"tf","focus_tf","regulon_size","statistic","score","size_expected","null_mean","null_sd","null_q95","obs","pct_of_null","p_empirical","z_vs_null"
"SP1",FALSE,813,"CollecTRI-ULM activity score",11.5134641,7.26605197,NA,NA,NA,NA,NA,NA,NA
"JUN",FALSE,390,"CollecTRI-ULM activity score",10.7988467,5.79426876,NA,NA,NA,NA,NA,NA,NA
"RELA",FALSE,345,"CollecTRI-ULM activity score",9.98205472,5.53583774,NA,NA,NA,NA,NA,NA,NA
"NFKB",FALSE,508,"CollecTRI-ULM activity score",9.8566132,6.34458512,NA,NA,NA,NA,NA,NA,NA
"AP1",FALSE,328,"CollecTRI-ULM activity score",8.98983288,5.42918113,NA,NA,NA,NA,NA,NA,NA
"HIF1A",TRUE,293,"CollecTRI-ULM activity score",8.29858018,5.19131346,0.517478982,0.993218373,2.0954063,8.29858018,100,0.000999000999,7.83423003
"NFKB1",TRUE,280,"CollecTRI-ULM activity score",8.2864824,5.0959406,0.627502371,1.02443771,2.23277974,8.2864824,100,0.000999000999,7.47627698
"REL",TRUE,83,"CollecTRI-ULM activity score",7.5586492,2.84784818,0.468411064,1.04837456,2.25807674,7.5586492,100,0.000999000999,6.76307725
"STAT1",FALSE,226,"CollecTRI-ULM activity score",7.22809041,4.65036337,NA,NA,NA,NA,NA,NA,NA
"STAT3",TRUE,285,"CollecTRI-ULM activity score",6.89487265,5.13310839,0.46734105,1.04556283,2.17314128,6.89487265,100,0.000999000999,6.147437
"CREB1",TRUE,276,"CollecTRI-ULM activity score",6.86970008,5.06575495,0.410305768,1.01993731,2.11047506,6.86970008,100,0.000999000999,6.33312875
"CEBPB",FALSE,258,"CollecTRI-ULM activity score",6.54557597,4.92469005,NA,NA,NA,NA,NA,NA,NA
"RFXAP",FALSE,16,"CollecTRI-ULM activity score",6.48222317,1.05434751,NA,NA,NA,NA,NA,NA,NA
"TBX21",FALSE,43,"CollecTRI-ULM activity score",6.35138883,1.98022969,NA,NA,NA,NA,NA,NA,NA
"RFXANK",FALSE,18,"CollecTRI-ULM activity score",6.22154682,1.1465867,NA,NA,NA,NA,NA,NA,NA
"SPI1",FALSE,231,"CollecTRI-ULM activity score",6.03232744,4.69540171,NA,NA,NA,NA,NA,NA,NA
"ETS1",FALSE,144,"CollecTRI-ULM activity score",5.98097013,3.76292786,NA,NA,NA,NA,NA,NA,NA
"RFX5",FALSE,22,"CollecTRI-ULM activity score",5.82740569,1.30901041,NA,NA,NA,NA,NA,NA,NA
"STAT5A",FALSE,138,"CollecTRI-ULM activity score",5.74889052,3.68435024,NA,NA,NA,NA,NA,NA,NA
"IRF1",FALSE,123,"CollecTRI-ULM activity score",5.72115984,3.47768702,NA,NA,NA,NA,NA,NA,NA
"HSF1",TRUE,67,"CollecTRI-ULM activity score",5.59955767,2.5633529,0.278232813,1.04282844,1.93206125,5.59955767,100,0.000999000999,5.10278071
"STAT5B",FALSE,70,"CollecTRI-ULM activity score",5.41373082,2.61942361,NA,NA,NA,NA,NA,NA,NA
"NFATC2",FALSE,66,"CollecTRI-ULM activity score",5.38561582,2.54358193,NA,NA,NA,NA,NA,NA,NA
"SP3",FALSE,246,"CollecTRI-ULM activity score",5.24177337,4.82556518,NA,NA,NA,NA,NA,NA,NA
"CEBPG",FALSE,96,"CollecTRI-ULM activity score",5.24030783,3.0655099,NA,NA,NA,NA,NA,NA,NA
"MITF",FALSE,68,"CollecTRI-ULM activity score",5.18286542,2.58258587,NA,NA,NA,NA,NA,NA,NA
"ATF2",FALSE,83,"CollecTRI-ULM activity score",5.11365601,2.84784818,NA,NA,NA,NA,NA,NA,NA
"EGR1",FALSE,223,"CollecTRI-ULM activity score",5.09228669,4.62292463,NA,NA,NA,NA,NA,NA,NA
"NEUROD1",FALSE,22,"CollecTRI-ULM activity score",5.06113035,1.30901041,NA,NA,NA,NA,NA,NA,NA
"JUNB",FALSE,60,"CollecTRI-ULM activity score",4.99707309,2.41403622,NA,NA,NA,NA,NA,NA,NA
"FOS",FALSE,195,"CollecTRI-ULM activity score",4.94907322,4.35055166,NA,NA,NA,NA,NA,NA,NA
"NFATC1",FALSE,81,"CollecTRI-ULM activity score",4.92085912,2.81332409,NA,NA,NA,NA,NA,NA,NA
"ESR2",FALSE,119,"CollecTRI-ULM activity score",4.86415325,3.41998135,NA,NA,NA,NA,NA,NA,NA
"SSRP1",FALSE,87,"CollecTRI-ULM activity score",4.84532621,2.91609961,NA,NA,NA,NA,NA,NA,NA
"CEBPD",FALSE,47,"CollecTRI-ULM activity score",4.77925704,2.08424867,NA,NA,NA,NA,NA,NA,NA
"TFAP2A",FALSE,180,"CollecTRI-ULM activity score",4.77005452,4.19122068,NA,NA,NA,NA,NA,NA,NA
"CEBPA",FALSE,132,"CollecTRI-ULM activity score",4.72040233,3.60348187,NA,NA,NA,NA,NA,NA,NA
"NFKBIB",FALSE,12,"CollecTRI-ULM activity score",4.68462344,0.865637847,NA,NA,NA,NA,NA,NA,NA
"AR",FALSE,328,"CollecTRI-ULM activity score",4.68367106,5.42918113,NA,NA,NA,NA,NA,NA,NA
"ID3",FALSE,19,"CollecTRI-ULM activity score",4.62123949,1.18983492,NA,NA,NA,NA,NA,NA,NA
"TCF3",FALSE,73,"CollecTRI-ULM activity score",4.58378997,2.67288178,NA,NA,NA,NA,NA,NA,NA
"ETV4",FALSE,38,"CollecTRI-ULM activity score",4.54509124,1.846813,NA,NA,NA,NA,NA,NA,NA
"NR1H3",FALSE,76,"CollecTRI-ULM activity score",4.53354493,2.72595032,NA,NA,NA,NA,NA,NA,NA
"ESR1",FALSE,380,"CollecTRI-ULM activity score",4.51938102,5.73959961,NA,NA,NA,NA,NA,NA,NA
"NFAT5",FALSE,34,"CollecTRI-ULM activity score",4.42332831,1.72027635,NA,NA,NA,NA,NA,NA,NA
"HR",FALSE,54,"CollecTRI-ULM activity score",4.36784178,2.26782428,NA,NA,NA,NA,NA,NA,NA
"ATF1",FALSE,58,"CollecTRI-ULM activity score",4.34555293,2.3669561,NA,NA,NA,NA,NA,NA,NA
"JUND",FALSE,62,"CollecTRI-ULM activity score",4.28487635,2.45923793,NA,NA,NA,NA,NA,NA,NA
"KLF5",FALSE,54,"CollecTRI-ULM activity score",4.21020963,2.26782428,NA,NA,NA,NA,NA,NA,NA
"VDR",FALSE,72,"CollecTRI-ULM activity score",4.20597613,2.65510113,NA,NA,NA,NA,NA,NA,NA
"NFE2L2",FALSE,138,"CollecTRI-ULM activity score",4.15674473,3.68435024,NA,NA,NA,NA,NA,NA,NA
"IRF4",FALSE,47,"CollecTRI-ULM activity score",4.15350575,2.08424867,NA,NA,NA,NA,NA,NA,NA
"CREB3",FALSE,10,"CollecTRI-ULM activity score",4.08585535,0.74342295,NA,NA,NA,NA,NA,NA,NA
"TBPL2",FALSE,7,"CollecTRI-ULM activity score",4.06918584,0.507633698,NA,NA,NA,NA,NA,NA,NA
"DDIT3",FALSE,68,"CollecTRI-ULM activity score",4.04833537,2.58258587,NA,NA,NA,NA,NA,NA,NA
"PBRM1",FALSE,7,"CollecTRI-ULM activity score",4.0344161,0.507633698,NA,NA,NA,NA,NA,NA,NA
"ELK1",FALSE,42,"CollecTRI-ULM activity score",4.02634129,1.95529145,NA,NA,NA,NA,NA,NA,NA
"IRF2",FALSE,43,"CollecTRI-ULM activity score",4.01144976,1.98022969,NA,NA,NA,NA,NA,NA,NA
"CIITA",FALSE,27,"CollecTRI-ULM activity score",3.99487582,1.47864601,NA,NA,NA,NA,NA,NA,NA
"ATF3",TRUE,72,"CollecTRI-ULM activity score",3.95688097,2.65510113,0.0742933308,0.987800939,1.74839151,3.95688097,100,0.000999000999,3.93053649
"MYC",FALSE,680,"CollecTRI-ULM activity score",3.94415442,6.92804171,NA,NA,NA,NA,NA,NA,NA
"BMAL1",FALSE,37,"CollecTRI-ULM activity score",3.93737081,1.81671355,NA,NA,NA,NA,NA,NA,NA
"NR2C2",FALSE,40,"CollecTRI-ULM activity score",3.87614674,1.90352096,NA,NA,NA,NA,NA,NA,NA
"TBP",FALSE,108,"CollecTRI-ULM activity score",3.83187412,3.25535075,NA,NA,NA,NA,NA,NA,NA
"SREBF1",FALSE,84,"CollecTRI-ULM activity score",3.82539627,2.86501251,NA,NA,NA,NA,NA,NA,NA
"EOMES",FALSE,14,"CollecTRI-ULM activity score",3.80461038,0.961554623,NA,NA,NA,NA,NA,NA,NA
"IRF9",FALSE,17,"CollecTRI-ULM activity score",3.73803706,1.1014466,NA,NA,NA,NA,NA,NA,NA
"HMGB2",FALSE,8,"CollecTRI-ULM activity score",3.72904189,0.595113485,NA,NA,NA,NA,NA,NA,NA
"NCOA1",FALSE,50,"CollecTRI-ULM activity score",3.72104987,2.16373667,NA,NA,NA,NA,NA,NA,NA
"HMGA2",FALSE,24,"CollecTRI-ULM activity score",3.69635335,1.38046,NA,NA,NA,NA,NA,NA,NA
"MYB",FALSE,125,"CollecTRI-ULM activity score",3.650575,3.50611971,NA,NA,NA,NA,NA,NA,NA
"RXRA",FALSE,53,"CollecTRI-ULM activity score",3.62775523,2.24216977,NA,NA,NA,NA,NA,NA,NA
"HAND2",FALSE,7,"CollecTRI-ULM activity score",3.61961679,0.507633698,NA,NA,NA,NA,NA,NA,NA
"PPARD",FALSE,61,"CollecTRI-ULM activity score",3.61190411,2.43687983,NA,NA,NA,NA,NA,NA,NA
"SREBF2",FALSE,46,"CollecTRI-ULM activity score",3.59328145,2.05784436,NA,NA,NA,NA,NA,NA,NA
"HMGA1",FALSE,44,"CollecTRI-ULM activity score",3.58751813,2.0057221,NA,NA,NA,NA,NA,NA,NA
"HOXA10",FALSE,29,"CollecTRI-ULM activity score",3.58284682,1.54698167,NA,NA,NA,NA,NA,NA,NA
"NFATC3",FALSE,22,"CollecTRI-ULM activity score",3.57008558,1.30901041,NA,NA,NA,NA,NA,NA,NA
"NFKB2",FALSE,57,"CollecTRI-ULM activity score",3.5403991,2.34275786,NA,NA,NA,NA,NA,NA,NA
"FOXM1",FALSE,54,"CollecTRI-ULM activity score",3.52358584,2.26782428,NA,NA,NA,NA,NA,NA,NA
"POU4F1",FALSE,17,"CollecTRI-ULM activity score",3.49181225,1.1014466,NA,NA,NA,NA,NA,NA,NA
"STAT4",FALSE,26,"CollecTRI-ULM activity score",3.48736753,1.4462279,NA,NA,NA,NA,NA,NA,NA
"TP63",FALSE,141,"CollecTRI-ULM activity score",3.45754441,3.72391972,NA,NA,NA,NA,NA,NA,NA
"FOXQ1",FALSE,8,"CollecTRI-ULM activity score",3.44072142,0.595113485,NA,NA,NA,NA,NA,NA,NA
"ETS2",FALSE,70,"CollecTRI-ULM activity score",3.4193351,2.61942361,NA,NA,NA,NA,NA,NA,NA
"BHLHA15",FALSE,6,"CollecTRI-ULM activity score",3.40409869,0.407887966,NA,NA,NA,NA,NA,NA,NA
"SMAD3",FALSE,97,"CollecTRI-ULM activity score",3.40058457,3.08174256,NA,NA,NA,NA,NA,NA,NA
"KLF7",FALSE,7,"CollecTRI-ULM activity score",3.38082007,0.507633698,NA,NA,NA,NA,NA,NA,NA
"EGR4",FALSE,10,"CollecTRI-ULM activity score",3.3771437,0.74342295,NA,NA,NA,NA,NA,NA,NA
"TAF1",FALSE,33,"CollecTRI-ULM activity score",3.34126859,1.68642897,NA,NA,NA,NA,NA,NA,NA
"FOXP3",FALSE,38,"CollecTRI-ULM activity score",3.29258772,1.846813,NA,NA,NA,NA,NA,NA,NA
"DMTF1",FALSE,11,"CollecTRI-ULM activity score",3.28172672,0.808427386,NA,NA,NA,NA,NA,NA,NA
"ABL1",FALSE,10,"CollecTRI-ULM activity score",3.2810918,0.74342295,NA,NA,NA,NA,NA,NA,NA
"SRF",FALSE,61,"CollecTRI-ULM activity score",3.2790149,2.43687983,NA,NA,NA,NA,NA,NA,NA
"EGR3",FALSE,24,"CollecTRI-ULM activity score",3.27721425,1.38046,NA,NA,NA,NA,NA,NA,NA
"IRF3",FALSE,59,"CollecTRI-ULM activity score",3.27509057,2.39072239,NA,NA,NA,NA,NA,NA,NA
"MAF",FALSE,41,"CollecTRI-ULM activity score",3.23995824,1.93003919,NA,NA,NA,NA,NA,NA,NA
"PAX8",FALSE,21,"CollecTRI-ULM activity score",3.21214328,1.27096565,NA,NA,NA,NA,NA,NA,NA
"GATA6",FALSE,33,"CollecTRI-ULM activity score",3.2096662,1.68642897,NA,NA,NA,NA,NA,NA,NA
"HIVEP2",FALSE,8,"CollecTRI-ULM activity score",3.15867186,0.595113485,NA,NA,NA,NA,NA,NA,NA
"EBF3",FALSE,5,"CollecTRI-ULM activity score",3.15191654,0.294075668,NA,NA,NA,NA,NA,NA,NA
"ZNF384",FALSE,11,"CollecTRI-ULM activity score",3.13296043,0.808427386,NA,NA,NA,NA,NA,NA,NA
"NR2F2",FALSE,32,"CollecTRI-ULM activity score",3.12423661,1.65196558,NA,NA,NA,NA,NA,NA,NA
"POU2F2",FALSE,25,"CollecTRI-ULM activity score",3.1171027,1.41401797,NA,NA,NA,NA,NA,NA,NA
"OVOL1",FALSE,7,"CollecTRI-ULM activity score",3.10567566,0.507633698,NA,NA,NA,NA,NA,NA,NA
"TP53",FALSE,697,"CollecTRI-ULM activity score",3.08615177,6.97578157,NA,NA,NA,NA,NA,NA,NA
"RBPJ",FALSE,87,"CollecTRI-ULM activity score",3.08284354,2.91609961,NA,NA,NA,NA,NA,NA,NA
"RELB",FALSE,45,"CollecTRI-ULM activity score",3.07768544,2.03163353,NA,NA,NA,NA,NA,NA,NA
"MSC",FALSE,20,"CollecTRI-ULM activity score",3.07701964,1.23126769,NA,NA,NA,NA,NA,NA,NA
"THAP11",FALSE,6,"CollecTRI-ULM activity score",3.06003068,0.407887966,NA,NA,NA,NA,NA,NA,NA
"NR3C1",FALSE,164,"CollecTRI-ULM activity score",3.0400556,4.00945983,NA,NA,NA,NA,NA,NA,NA
"CEBPZ",FALSE,11,"CollecTRI-ULM activity score",3.03752977,0.808427386,NA,NA,NA,NA,NA,NA,NA
"IRF7",FALSE,15,"CollecTRI-ULM activity score",3.01976834,1.00731582,NA,NA,NA,NA,NA,NA,NA
"DLX4",FALSE,25,"CollecTRI-ULM activity score",3.01450258,1.41401797,NA,NA,NA,NA,NA,NA,NA
"YBX1",FALSE,64,"CollecTRI-ULM activity score",3.00557133,2.5024472,NA,NA,NA,NA,NA,NA,NA
"MYOD1",FALSE,85,"CollecTRI-ULM activity score",2.99141073,2.88210993,NA,NA,NA,NA,NA,NA,NA
"IRF5",FALSE,20,"CollecTRI-ULM activity score",2.97857475,1.23126769,NA,NA,NA,NA,NA,NA,NA
"ENO1",FALSE,10,"CollecTRI-ULM activity score",2.95393813,0.74342295,NA,NA,NA,NA,NA,NA,NA
"NCOA2",FALSE,37,"CollecTRI-ULM activity score",2.95072761,1.81671355,NA,NA,NA,NA,NA,NA,NA
"NRF1",FALSE,66,"CollecTRI-ULM activity score",2.94901235,2.54358193,NA,NA,NA,NA,NA,NA,NA
"KCNIP3",FALSE,6,"CollecTRI-ULM activity score",2.94352287,0.407887966,NA,NA,NA,NA,NA,NA,NA
"ARID3A",FALSE,6,"CollecTRI-ULM activity score",2.91631952,0.407887966,NA,NA,NA,NA,NA,NA,NA
"WT1",FALSE,93,"CollecTRI-ULM activity score",2.91172965,3.01636512,NA,NA,NA,NA,NA,NA,NA
"NUPR1",FALSE,6,"CollecTRI-ULM activity score",2.90685029,0.407887966,NA,NA,NA,NA,NA,NA,NA
"CDX2",FALSE,25,"CollecTRI-ULM activity score",2.90590195,1.41401797,NA,NA,NA,NA,NA,NA,NA
"CREBBP",FALSE,26,"CollecTRI-ULM activity score",2.89703874,1.4462279,NA,NA,NA,NA,NA,NA,NA
"BMAL2",FALSE,6,"CollecTRI-ULM activity score",2.89701263,0.407887966,NA,NA,NA,NA,NA,NA,NA
"ZNF91",FALSE,26,"CollecTRI-ULM activity score",2.89675148,1.4462279,NA,NA,NA,NA,NA,NA,NA
"PLAGL1",FALSE,12,"CollecTRI-ULM activity score",2.8839226,0.865637847,NA,NA,NA,NA,NA,NA,NA
"TSC22D1",FALSE,5,"CollecTRI-ULM activity score",2.86757172,0.294075668,NA,NA,NA,NA,NA,NA,NA
"HSF2",FALSE,19,"CollecTRI-ULM activity score",2.86583279,1.18983492,NA,NA,NA,NA,NA,NA,NA
"AHR",FALSE,115,"CollecTRI-ULM activity score",2.86441441,3.3611358,NA,NA,NA,NA,NA,NA,NA
"ATF4",FALSE,81,"CollecTRI-ULM activity score",2.86143999,2.81332409,NA,NA,NA,NA,NA,NA,NA
"TBX5",FALSE,8,"CollecTRI-ULM activity score",2.84696131,0.595113485,NA,NA,NA,NA,NA,NA,NA
"KAT7",FALSE,52,"CollecTRI-ULM activity score",2.82861129,2.21623931,NA,NA,NA,NA,NA,NA,NA
"KAT5",FALSE,41,"CollecTRI-ULM activity score",2.81851541,1.93003919,NA,NA,NA,NA,NA,NA,NA
"SMAD4",FALSE,62,"CollecTRI-ULM activity score",2.81520348,2.45923793,NA,NA,NA,NA,NA,NA,NA
"PPARA",FALSE,156,"CollecTRI-ULM activity score",2.81431897,3.91357177,NA,NA,NA,NA,NA,NA,NA
"LEF1",FALSE,52,"CollecTRI-ULM activity score",2.79591527,2.21623931,NA,NA,NA,NA,NA,NA,NA
"EPAS1",TRUE,62,"CollecTRI-ULM activity score",2.79380722,2.45923793,0.123077186,1.02301259,1.79453583,2.79380722,99.5,0.00599400599,2.61065218
"TFDP1",FALSE,29,"CollecTRI-ULM activity score",2.75903039,1.54698167,NA,NA,NA,NA,NA,NA,NA
"PBX1",FALSE,23,"CollecTRI-ULM activity score",2.73491274,1.34548248,NA,NA,NA,NA,NA,NA,NA
"STAT6",FALSE,80,"CollecTRI-ULM activity score",2.72822592,2.79596729,NA,NA,NA,NA,NA,NA,NA
"ID1",FALSE,51,"CollecTRI-ULM activity score",2.70128206,2.19007794,NA,NA,NA,NA,NA,NA,NA
"DNMT1",FALSE,114,"CollecTRI-ULM activity score",2.66483314,3.34624374,NA,NA,NA,NA,NA,NA,NA
"FOSL1",FALSE,25,"CollecTRI-ULM activity score",2.64732469,1.41401797,NA,NA,NA,NA,NA,NA,NA
"BARX2",FALSE,11,"CollecTRI-ULM activity score",2.63109591,0.808427386,NA,NA,NA,NA,NA,NA,NA
"MEOX2",FALSE,5,"CollecTRI-ULM activity score",2.6263507,0.294075668,NA,NA,NA,NA,NA,NA,NA
"NCOA3",FALSE,49,"CollecTRI-ULM activity score",2.62234914,2.13727318,NA,NA,NA,NA,NA,NA,NA
"ASCL1",FALSE,32,"CollecTRI-ULM activity score",2.62101898,1.65196558,NA,NA,NA,NA,NA,NA,NA
"RB1",FALSE,32,"CollecTRI-ULM activity score",2.61890145,1.65196558,NA,NA,NA,NA,NA,NA,NA
"PARK7",FALSE,5,"CollecTRI-ULM activity score",2.6184344,0.294075668,NA,NA,NA,NA,NA,NA,NA
"MAZ",FALSE,23,"CollecTRI-ULM activity score",2.60718113,1.34548248,NA,NA,NA,NA,NA,NA,NA
"CEBPE",FALSE,19,"CollecTRI-ULM activity score",2.58370054,1.18983492,NA,NA,NA,NA,NA,NA,NA
"EP300",FALSE,45,"CollecTRI-ULM activity score",2.53263829,2.03163353,NA,NA,NA,NA,NA,NA,NA
"MSX2",FALSE,13,"CollecTRI-ULM activity score",2.52334734,0.915255263,NA,NA,NA,NA,NA,NA,NA
"KDM5A",FALSE,10,"CollecTRI-ULM activity score",2.52113357,0.74342295,NA,NA,NA,NA,NA,NA,NA
"TGFB1I1",FALSE,8,"CollecTRI-ULM activity score",2.52001201,0.595113485,NA,NA,NA,NA,NA,NA,NA
"POU4F2",FALSE,16,"CollecTRI-ULM activity score",2.48277736,1.05434751,NA,NA,NA,NA,NA,NA,NA
"GATA4",FALSE,58,"CollecTRI-ULM activity score",2.47115691,2.3669561,NA,NA,NA,NA,NA,NA,NA
"POU2F1",FALSE,56,"CollecTRI-ULM activity score",2.45059438,2.3181512,NA,NA,NA,NA,NA,NA,NA
"NR3C2",FALSE,30,"CollecTRI-ULM activity score",2.44892604,1.58198729,NA,NA,NA,NA,NA,NA,NA
"PITX3",FALSE,6,"CollecTRI-ULM activity score",2.43730197,0.407887966,NA,NA,NA,NA,NA,NA,NA
"HNF4A",FALSE,122,"CollecTRI-ULM activity score",2.42863061,3.46336621,NA,NA,NA,NA,NA,NA,NA
"FOXC2",FALSE,10,"CollecTRI-ULM activity score",2.42505888,0.74342295,NA,NA,NA,NA,NA,NA,NA
"TADA2A",FALSE,6,"CollecTRI-ULM activity score",2.41692765,0.407887966,NA,NA,NA,NA,NA,NA,NA
"MYCN",FALSE,90,"CollecTRI-ULM activity score",2.41534367,2.96655718,NA,NA,NA,NA,NA,NA,NA
"ZIC1",FALSE,10,"CollecTRI-ULM activity score",2.40768864,0.74342295,NA,NA,NA,NA,NA,NA,NA
"NKX3-1",FALSE,46,"CollecTRI-ULM activity score",2.4023841,2.05784436,NA,NA,NA,NA,NA,NA,NA
"USF2",FALSE,70,"CollecTRI-ULM activity score",2.3899291,2.61942361,NA,NA,NA,NA,NA,NA,NA
"ARNT",FALSE,47,"CollecTRI-ULM activity score",2.38818579,2.08424867,NA,NA,NA,NA,NA,NA,NA
"HLX",FALSE,11,"CollecTRI-ULM activity score",2.36909595,0.808427386,NA,NA,NA,NA,NA,NA,NA
"TET1",FALSE,10,"CollecTRI-ULM activity score",2.36455315,0.74342295,NA,NA,NA,NA,NA,NA,NA
"SMAD1",FALSE,33,"CollecTRI-ULM activity score",2.35588369,1.68642897,NA,NA,NA,NA,NA,NA,NA
"CTCF",FALSE,100,"CollecTRI-ULM activity score",2.34219775,3.12999101,NA,NA,NA,NA,NA,NA,NA
"JDP2",FALSE,30,"CollecTRI-ULM activity score",2.33137285,1.58198729,NA,NA,NA,NA,NA,NA,NA
"TP73",FALSE,95,"CollecTRI-ULM activity score",2.32199868,3.0492026,NA,NA,NA,NA,NA,NA,NA
"RUNX2",FALSE,59,"CollecTRI-ULM activity score",2.3200479,2.39072239,NA,NA,NA,NA,NA,NA,NA
"ID2",FALSE,36,"CollecTRI-ULM activity score",2.3193533,1.78553283,NA,NA,NA,NA,NA,NA,NA
"ELF4",FALSE,32,"CollecTRI-ULM activity score",2.3189294,1.65196558,NA,NA,NA,NA,NA,NA,NA
"SP7",FALSE,16,"CollecTRI-ULM activity score",2.30702525,1.05434751,NA,NA,NA,NA,NA,NA,NA
"ATF6",FALSE,42,"CollecTRI-ULM activity score",2.29762915,1.95529145,NA,NA,NA,NA,NA,NA,NA
"RUNX1",FALSE,133,"CollecTRI-ULM activity score",2.29569709,3.61712286,NA,NA,NA,NA,NA,NA,NA
"CTNNB1",FALSE,172,"CollecTRI-ULM activity score",2.29404632,4.10194706,NA,NA,NA,NA,NA,NA,NA
"FOXC1",FALSE,8,"CollecTRI-ULM activity score",2.25908821,0.595113485,NA,NA,NA,NA,NA,NA,NA
"ZNF354C",FALSE,16,"CollecTRI-ULM activity score",2.25579894,1.05434751,NA,NA,NA,NA,NA,NA,NA
"APEX1",FALSE,27,"CollecTRI-ULM activity score",2.25469482,1.47864601,NA,NA,NA,NA,NA,NA,NA
"ZFHX3",FALSE,6,"CollecTRI-ULM activity score",2.24266982,0.407887966,NA,NA,NA,NA,NA,NA,NA
"MAFA",FALSE,7,"CollecTRI-ULM activity score",2.23926653,0.507633698,NA,NA,NA,NA,NA,NA,NA
"NFIC",FALSE,40,"CollecTRI-ULM activity score",2.23233202,1.90352096,NA,NA,NA,NA,NA,NA,NA
"SMAD2",FALSE,51,"CollecTRI-ULM activity score",2.23017165,2.19007794,NA,NA,NA,NA,NA,NA,NA
"SMAD5",FALSE,20,"CollecTRI-ULM activity score",2.22724395,1.23126769,NA,NA,NA,NA,NA,NA,NA
"ARID1A",FALSE,6,"CollecTRI-ULM activity score",2.22600406,0.407887966,NA,NA,NA,NA,NA,NA,NA
"MEF2A",FALSE,59,"CollecTRI-ULM activity score",2.20931391,2.39072239,NA,NA,NA,NA,NA,NA,NA
"STAT2",FALSE,29,"CollecTRI-ULM activity score",2.20746928,1.54698167,NA,NA,NA,NA,NA,NA,NA
"FLI1",FALSE,57,"CollecTRI-ULM activity score",2.20297601,2.34275786,NA,NA,NA,NA,NA,NA,NA
"EGR2",FALSE,54,"CollecTRI-ULM activity score",2.20127874,2.26782428,NA,NA,NA,NA,NA,NA,NA
"RORC",FALSE,14,"CollecTRI-ULM activity score",2.16316147,0.961554623,NA,NA,NA,NA,NA,NA,NA
"USF1",FALSE,127,"CollecTRI-ULM activity score",2.13919945,3.53427643,NA,NA,NA,NA,NA,NA,NA
"HOXB2",FALSE,5,"CollecTRI-ULM activity score",2.11874346,0.294075668,NA,NA,NA,NA,NA,NA,NA
"MAFK",FALSE,18,"CollecTRI-ULM activity score",2.11316626,1.1465867,NA,NA,NA,NA,NA,NA,NA
"POU1F1",FALSE,25,"CollecTRI-ULM activity score",2.08272827,1.41401797,NA,NA,NA,NA,NA,NA,NA
"MTF1",FALSE,26,"CollecTRI-ULM activity score",2.06826095,1.4462279,NA,NA,NA,NA,NA,NA,NA
"ZNF350",FALSE,7,"CollecTRI-ULM activity score",2.06594003,0.507633698,NA,NA,NA,NA,NA,NA,NA
"PREB",FALSE,9,"CollecTRI-ULM activity score",2.0465153,0.673156788,NA,NA,NA,NA,NA,NA,NA
"ARX",FALSE,12,"CollecTRI-ULM activity score",2.01743903,0.865637847,NA,NA,NA,NA,NA,NA,NA
"MEF2D",FALSE,18,"CollecTRI-ULM activity score",2.01052217,1.1465867,NA,NA,NA,NA,NA,NA,NA
"OLIG2",FALSE,10,"CollecTRI-ULM activity score",2.00584191,0.74342295,NA,NA,NA,NA,NA,NA,NA
"PPARGC1A",FALSE,19,"CollecTRI-ULM activity score",1.99764336,1.18983492,NA,NA,NA,NA,NA,NA,NA
"BCL3",FALSE,20,"CollecTRI-ULM activity score",1.99107164,1.23126769,NA,NA,NA,NA,NA,NA,NA
"FOSB",FALSE,18,"CollecTRI-ULM activity score",1.98385802,1.1465867,NA,NA,NA,NA,NA,NA,NA
"HDAC9",FALSE,15,"CollecTRI-ULM activity score",1.98380998,1.00731582,NA,NA,NA,NA,NA,NA,NA
"NFKBIZ",FALSE,6,"CollecTRI-ULM activity score",1.95881853,0.407887966,NA,NA,NA,NA,NA,NA,NA
"XBP1",FALSE,39,"CollecTRI-ULM activity score",1.94125859,1.87576584,NA,NA,NA,NA,NA,NA,NA
"CLOCK",FALSE,40,"CollecTRI-ULM activity score",1.93845243,1.90352096,NA,NA,NA,NA,NA,NA,NA
"RARA",FALSE,102,"CollecTRI-ULM activity score",1.9317334,3.16178111,NA,NA,NA,NA,NA,NA,NA
"GATA3",FALSE,115,"CollecTRI-ULM activity score",1.93172268,3.3611358,NA,NA,NA,NA,NA,NA,NA
"PHF20",FALSE,7,"CollecTRI-ULM activity score",1.92785039,0.507633698,NA,NA,NA,NA,NA,NA,NA
"SOX5",FALSE,8,"CollecTRI-ULM activity score",1.91203198,0.595113485,NA,NA,NA,NA,NA,NA,NA
"FHL2",FALSE,6,"CollecTRI-ULM activity score",1.89444041,0.407887966,NA,NA,NA,NA,NA,NA,NA
"HOXA1",FALSE,15,"CollecTRI-ULM activity score",1.88888304,1.00731582,NA,NA,NA,NA,NA,NA,NA
"VSX2",FALSE,21,"CollecTRI-ULM activity score",1.88581389,1.27096565,NA,NA,NA,NA,NA,NA,NA
"TTF1",FALSE,31,"CollecTRI-ULM activity score",1.88126271,1.61707505,NA,NA,NA,NA,NA,NA,NA
"GTF3A",FALSE,17,"CollecTRI-ULM activity score",1.84728887,1.1014466,NA,NA,NA,NA,NA,NA,NA
"NFYB",FALSE,30,"CollecTRI-ULM activity score",1.84000854,1.58198729,NA,NA,NA,NA,NA,NA,NA
"PPARG",FALSE,213,"CollecTRI-ULM activity score",1.8361946,4.52912094,NA,NA,NA,NA,NA,NA,NA
"E2F1",FALSE,251,"CollecTRI-ULM activity score",1.83433332,4.86738611,NA,NA,NA,NA,NA,NA,NA
"NOTCH1",FALSE,39,"CollecTRI-ULM activity score",1.82748835,1.87576584,NA,NA,NA,NA,NA,NA,NA
"NFYA",FALSE,70,"CollecTRI-ULM activity score",1.81704718,2.61942361,NA,NA,NA,NA,NA,NA,NA
"THRA",FALSE,40,"CollecTRI-ULM activity score",1.79645939,1.90352096,NA,NA,NA,NA,NA,NA,NA
"NR1H4",FALSE,61,"CollecTRI-ULM activity score",1.79192705,2.43687983,NA,NA,NA,NA,NA,NA,NA
"ETV5",FALSE,9,"CollecTRI-ULM activity score",1.78958325,0.673156788,NA,NA,NA,NA,NA,NA,NA
"SOX6",FALSE,13,"CollecTRI-ULM activity score",1.78716751,0.915255263,NA,NA,NA,NA,NA,NA,NA
"NFYC",FALSE,18,"CollecTRI-ULM activity score",1.77604866,1.1465867,NA,NA,NA,NA,NA,NA,NA
"PGR",FALSE,77,"CollecTRI-ULM activity score",1.73801886,2.74353891,NA,NA,NA,NA,NA,NA,NA
"BRCA1",FALSE,47,"CollecTRI-ULM activity score",1.73516359,2.08424867,NA,NA,NA,NA,NA,NA,NA
"KDM2A",FALSE,7,"CollecTRI-ULM activity score",1.68692164,0.507633698,NA,NA,NA,NA,NA,NA,NA
"DMAP1",FALSE,5,"CollecTRI-ULM activity score",1.68630703,0.294075668,NA,NA,NA,NA,NA,NA,NA
"MYF5",FALSE,11,"CollecTRI-ULM activity score",1.67718042,0.808427386,NA,NA,NA,NA,NA,NA,NA
"HDAC3",FALSE,17,"CollecTRI-ULM activity score",1.65996245,1.1014466,NA,NA,NA,NA,NA,NA,NA
"KLF9",FALSE,13,"CollecTRI-ULM activity score",1.65974003,0.915255263,NA,NA,NA,NA,NA,NA,NA
"TFE3",FALSE,26,"CollecTRI-ULM activity score",1.65916143,1.4462279,NA,NA,NA,NA,NA,NA,NA
"PAX5",FALSE,38,"CollecTRI-ULM activity score",1.65878305,1.846813,NA,NA,NA,NA,NA,NA,NA
"IRF8",FALSE,50,"CollecTRI-ULM activity score",1.65358896,2.16373667,NA,NA,NA,NA,NA,NA,NA
"RARG",FALSE,13,"CollecTRI-ULM activity score",1.64190343,0.915255263,NA,NA,NA,NA,NA,NA,NA
"MBD1",FALSE,13,"CollecTRI-ULM activity score",1.63817409,0.915255263,NA,NA,NA,NA,NA,NA,NA
"SALL2",FALSE,5,"CollecTRI-ULM activity score",1.63669774,0.294075668,NA,NA,NA,NA,NA,NA,NA
"IRF6",FALSE,7,"CollecTRI-ULM activity score",1.62129084,0.507633698,NA,NA,NA,NA,NA,NA,NA
"HIPK2",FALSE,6,"CollecTRI-ULM activity score",1.59839949,0.407887966,NA,NA,NA,NA,NA,NA,NA
"SIX1",FALSE,7,"CollecTRI-ULM activity score",1.59596932,0.507633698,NA,NA,NA,NA,NA,NA,NA
"NCOR2",FALSE,41,"CollecTRI-ULM activity score",1.59461088,1.93003919,NA,NA,NA,NA,NA,NA,NA
"NOTO",FALSE,8,"CollecTRI-ULM activity score",1.57503327,0.595113485,NA,NA,NA,NA,NA,NA,NA
"SOX4",FALSE,12,"CollecTRI-ULM activity score",1.57030475,0.865637847,NA,NA,NA,NA,NA,NA,NA
"SP4",FALSE,27,"CollecTRI-ULM activity score",1.56892928,1.47864601,NA,NA,NA,NA,NA,NA,NA
"FOXO4",FALSE,22,"CollecTRI-ULM activity score",1.5579356,1.30901041,NA,NA,NA,NA,NA,NA,NA
"SRY",FALSE,17,"CollecTRI-ULM activity score",1.55718358,1.1014466,NA,NA,NA,NA,NA,NA,NA
"PAX6",FALSE,64,"CollecTRI-ULM activity score",1.54550441,2.5024472,NA,NA,NA,NA,NA,NA,NA
"NR2F6",FALSE,7,"CollecTRI-ULM activity score",1.53593057,0.507633698,NA,NA,NA,NA,NA,NA,NA
"PITX1",FALSE,15,"CollecTRI-ULM activity score",1.53262499,1.00731582,NA,NA,NA,NA,NA,NA,NA
"PAX3",FALSE,51,"CollecTRI-ULM activity score",1.51746628,2.19007794,NA,NA,NA,NA,NA,NA,NA
"NCOR1",FALSE,54,"CollecTRI-ULM activity score",1.51190258,2.26782428,NA,NA,NA,NA,NA,NA,NA
"KLF1",FALSE,13,"CollecTRI-ULM activity score",1.50270554,0.915255263,NA,NA,NA,NA,NA,NA,NA
"KDM5B",FALSE,17,"CollecTRI-ULM activity score",1.48874484,1.1014466,NA,NA,NA,NA,NA,NA,NA
"HOXC6",FALSE,5,"CollecTRI-ULM activity score",1.48586363,0.294075668,NA,NA,NA,NA,NA,NA,NA
"SMARCA4",FALSE,9,"CollecTRI-ULM activity score",1.46919849,0.673156788,NA,NA,NA,NA,NA,NA,NA
"HNF1B",FALSE,14,"CollecTRI-ULM activity score",1.46878659,0.961554623,NA,NA,NA,NA,NA,NA,NA
"HNF1A",FALSE,49,"CollecTRI-ULM activity score",1.4672978,2.13727318,NA,NA,NA,NA,NA,NA,NA
"MEIS1",FALSE,16,"CollecTRI-ULM activity score",1.4545834,1.05434751,NA,NA,NA,NA,NA,NA,NA
"DEAF1",FALSE,6,"CollecTRI-ULM activity score",1.44636527,0.407887966,NA,NA,NA,NA,NA,NA,NA
"NFIA",FALSE,30,"CollecTRI-ULM activity score",1.41169825,1.58198729,NA,NA,NA,NA,NA,NA,NA
"NKX2-1",FALSE,34,"CollecTRI-ULM activity score",1.41067368,1.72027635,NA,NA,NA,NA,NA,NA,NA
"KLF6",FALSE,39,"CollecTRI-ULM activity score",1.41016829,1.87576584,NA,NA,NA,NA,NA,NA,NA
"NRG1",FALSE,25,"CollecTRI-ULM activity score",1.38896958,1.41401797,NA,NA,NA,NA,NA,NA,NA
"E2F4",FALSE,153,"CollecTRI-ULM activity score",1.3867409,3.87669691,NA,NA,NA,NA,NA,NA,NA
"GTF2I",FALSE,18,"CollecTRI-ULM activity score",1.38545127,1.1465867,NA,NA,NA,NA,NA,NA,NA
"ZFX",FALSE,5,"CollecTRI-ULM activity score",1.37982318,0.294075668,NA,NA,NA,NA,NA,NA,NA
"SOX2",FALSE,30,"CollecTRI-ULM activity score",1.36961909,1.58198729,NA,NA,NA,NA,NA,NA,NA
"MAFG",FALSE,8,"CollecTRI-ULM activity score",1.35634604,0.595113485,NA,NA,NA,NA,NA,NA,NA
"SATB1",FALSE,34,"CollecTRI-ULM activity score",1.33606902,1.72027635,NA,NA,NA,NA,NA,NA,NA
"RORA",FALSE,38,"CollecTRI-ULM activity score",1.32757113,1.846813,NA,NA,NA,NA,NA,NA,NA
"MYOG",FALSE,29,"CollecTRI-ULM activity score",1.32340432,1.54698167,NA,NA,NA,NA,NA,NA,NA
"ESRRB",FALSE,8,"CollecTRI-ULM activity score",1.31972607,0.595113485,NA,NA,NA,NA,NA,NA,NA
"ARID3B",FALSE,5,"CollecTRI-ULM activity score",1.31181155,0.294075668,NA,NA,NA,NA,NA,NA,NA
"PLAGL2",FALSE,5,"CollecTRI-ULM activity score",1.30704308,0.294075668,NA,NA,NA,NA,NA,NA,NA
"BATF",FALSE,15,"CollecTRI-ULM activity score",1.28933846,1.00731582,NA,NA,NA,NA,NA,NA,NA
"PRDM2",FALSE,8,"CollecTRI-ULM activity score",1.28816631,0.595113485,NA,NA,NA,NA,NA,NA,NA
"ETV6",FALSE,14,"CollecTRI-ULM activity score",1.28474119,0.961554623,NA,NA,NA,NA,NA,NA,NA
"TEAD1",FALSE,13,"CollecTRI-ULM activity score",1.27794229,0.915255263,NA,NA,NA,NA,NA,NA,NA
"HOXD3",FALSE,7,"CollecTRI-ULM activity score",1.27520314,0.507633698,NA,NA,NA,NA,NA,NA,NA
"PROP1",FALSE,5,"CollecTRI-ULM activity score",1.25805983,0.294075668,NA,NA,NA,NA,NA,NA,NA
"KLF2",FALSE,44,"CollecTRI-ULM activity score",1.25360535,2.0057221,NA,NA,NA,NA,NA,NA,NA
"NKX2-5",FALSE,31,"CollecTRI-ULM activity score",1.23643266,1.61707505,NA,NA,NA,NA,NA,NA,NA
"NEUROD2",FALSE,6,"CollecTRI-ULM activity score",1.22605261,0.407887966,NA,NA,NA,NA,NA,NA,NA
"EZH2",FALSE,92,"CollecTRI-ULM activity score",1.21731183,2.99983561,NA,NA,NA,NA,NA,NA,NA
"PEG3",FALSE,6,"CollecTRI-ULM activity score",1.21694896,0.407887966,NA,NA,NA,NA,NA,NA,NA
"SNAI1",FALSE,60,"CollecTRI-ULM activity score",1.21084531,2.41403622,NA,NA,NA,NA,NA,NA,NA
"GATA2",FALSE,54,"CollecTRI-ULM activity score",1.20684259,2.26782428,NA,NA,NA,NA,NA,NA,NA
"BCL11B",FALSE,16,"CollecTRI-ULM activity score",1.19813522,1.05434751,NA,NA,NA,NA,NA,NA,NA
"TBPL1",FALSE,26,"CollecTRI-ULM activity score",1.19263695,1.4462279,NA,NA,NA,NA,NA,NA,NA
"MAFB",FALSE,24,"CollecTRI-ULM activity score",1.18814143,1.38046,NA,NA,NA,NA,NA,NA,NA
"TEAD4",FALSE,7,"CollecTRI-ULM activity score",1.18136094,0.507633698,NA,NA,NA,NA,NA,NA,NA
"MEF2C",FALSE,28,"CollecTRI-ULM activity score",1.12743253,1.51239733,NA,NA,NA,NA,NA,NA,NA
"FOXD3",FALSE,8,"CollecTRI-ULM activity score",1.11741051,0.595113485,NA,NA,NA,NA,NA,NA,NA
"RUNX3",FALSE,55,"CollecTRI-ULM activity score",1.1134319,2.29316309,NA,NA,NA,NA,NA,NA,NA
"LITAF",FALSE,18,"CollecTRI-ULM activity score",1.09860482,1.1465867,NA,NA,NA,NA,NA,NA,NA
"GABPA",FALSE,36,"CollecTRI-ULM activity score",1.08752094,1.78553283,NA,NA,NA,NA,NA,NA,NA
"SMARCC1",FALSE,6,"CollecTRI-ULM activity score",1.07283068,0.407887966,NA,NA,NA,NA,NA,NA,NA
"CREM",FALSE,58,"CollecTRI-ULM activity score",1.05907923,2.3669561,NA,NA,NA,NA,NA,NA,NA
"EBF1",FALSE,17,"CollecTRI-ULM activity score",1.05545318,1.1014466,NA,NA,NA,NA,NA,NA,NA
"EHF",FALSE,7,"CollecTRI-ULM activity score",1.0505724,0.507633698,NA,NA,NA,NA,NA,NA,NA
"IRX1",FALSE,6,"CollecTRI-ULM activity score",1.04757631,0.407887966,NA,NA,NA,NA,NA,NA,NA
"NFIB",FALSE,9,"CollecTRI-ULM activity score",1.04641556,0.673156788,NA,NA,NA,NA,NA,NA,NA
"SPDEF",FALSE,11,"CollecTRI-ULM activity score",1.0421718,0.808427386,NA,NA,NA,NA,NA,NA,NA
"HES1",FALSE,55,"CollecTRI-ULM activity score",1.03676364,2.29316309,NA,NA,NA,NA,NA,NA,NA
"E2F5",FALSE,9,"CollecTRI-ULM activity score",1.03572764,0.673156788,NA,NA,NA,NA,NA,NA,NA
"NR6A1",FALSE,5,"CollecTRI-ULM activity score",1.02728909,0.294075668,NA,NA,NA,NA,NA,NA,NA
"PLAG1",FALSE,5,"CollecTRI-ULM activity score",1.02253525,0.294075668,NA,NA,NA,NA,NA,NA,NA
"ZNF331",FALSE,17,"CollecTRI-ULM activity score",1.01213695,1.1014466,NA,NA,NA,NA,NA,NA,NA
"FOSL2",FALSE,22,"CollecTRI-ULM activity score",1.01131166,1.30901041,NA,NA,NA,NA,NA,NA,NA
"NR5A1",FALSE,50,"CollecTRI-ULM activity score",1.00855135,2.16373667,NA,NA,NA,NA,NA,NA,NA
"KAT2B",FALSE,12,"CollecTRI-ULM activity score",1.00641032,0.865637847,NA,NA,NA,NA,NA,NA,NA
"NR1I2",FALSE,156,"CollecTRI-ULM activity score",1.0063775,3.91357177,NA,NA,NA,NA,NA,NA,NA
"DAXX",FALSE,5,"CollecTRI-ULM activity score",0.999494349,0.294075668,NA,NA,NA,NA,NA,NA,NA
"NKX2-2",FALSE,10,"CollecTRI-ULM activity score",0.995433947,0.74342295,NA,NA,NA,NA,NA,NA,NA
"TFAM",FALSE,10,"CollecTRI-ULM activity score",0.99534862,0.74342295,NA,NA,NA,NA,NA,NA,NA
"ING4",FALSE,11,"CollecTRI-ULM activity score",0.980554485,0.808427386,NA,NA,NA,NA,NA,NA,NA
"SRSF2",FALSE,11,"CollecTRI-ULM activity score",0.979579067,0.808427386,NA,NA,NA,NA,NA,NA,NA
"NR5A2",FALSE,27,"CollecTRI-ULM activity score",0.972823573,1.47864601,NA,NA,NA,NA,NA,NA,NA
"PRDM1",FALSE,45,"CollecTRI-ULM activity score",0.969133904,2.03163353,NA,NA,NA,NA,NA,NA,NA
"FOXO3",FALSE,139,"CollecTRI-ULM activity score",0.965644873,3.69760314,NA,NA,NA,NA,NA,NA,NA
"HOXD1",FALSE,5,"CollecTRI-ULM activity score",0.957910583,0.294075668,NA,NA,NA,NA,NA,NA,NA
"E2F3",FALSE,59,"CollecTRI-ULM activity score",0.945798598,2.39072239,NA,NA,NA,NA,NA,NA,NA
"FOXA2",FALSE,42,"CollecTRI-ULM activity score",0.944421541,1.95529145,NA,NA,NA,NA,NA,NA,NA
"HOXA9",FALSE,25,"CollecTRI-ULM activity score",0.942395362,1.41401797,NA,NA,NA,NA,NA,NA,NA
"KLF4",FALSE,74,"CollecTRI-ULM activity score",0.941714828,2.69061895,NA,NA,NA,NA,NA,NA,NA
"SPIC",FALSE,5,"CollecTRI-ULM activity score",0.939120678,0.294075668,NA,NA,NA,NA,NA,NA,NA
"FOXN1",FALSE,29,"CollecTRI-ULM activity score",0.930501111,1.54698167,NA,NA,NA,NA,NA,NA,NA
"POU3F1",FALSE,8,"CollecTRI-ULM activity score",0.926938939,0.595113485,NA,NA,NA,NA,NA,NA,NA
"LHX8",FALSE,5,"CollecTRI-ULM activity score",0.918708033,0.294075668,NA,NA,NA,NA,NA,NA,NA
"ERF",FALSE,12,"CollecTRI-ULM activity score",0.912660515,0.865637847,NA,NA,NA,NA,NA,NA,NA
"KLF13",FALSE,9,"CollecTRI-ULM activity score",0.912330169,0.673156788,NA,NA,NA,NA,NA,NA,NA
"HDGF",FALSE,6,"CollecTRI-ULM activity score",0.903863623,0.407887966,NA,NA,NA,NA,NA,NA,NA
"KLF10",FALSE,19,"CollecTRI-ULM activity score",0.897916013,1.18983492,NA,NA,NA,NA,NA,NA,NA
"ZNF362",FALSE,13,"CollecTRI-ULM activity score",0.896325739,0.915255263,NA,NA,NA,NA,NA,NA,NA
"SOX11",FALSE,6,"CollecTRI-ULM activity score",0.885679781,0.407887966,NA,NA,NA,NA,NA,NA,NA
"SOX9",FALSE,44,"CollecTRI-ULM activity score",0.884460917,2.0057221,NA,NA,NA,NA,NA,NA,NA
"RCOR2",FALSE,13,"CollecTRI-ULM activity score",0.879368941,0.915255263,NA,NA,NA,NA,NA,NA,NA
"SPIB",FALSE,12,"CollecTRI-ULM activity score",0.870951719,0.865637847,NA,NA,NA,NA,NA,NA,NA
"PML",FALSE,16,"CollecTRI-ULM activity score",0.860004735,1.05434751,NA,NA,NA,NA,NA,NA,NA
"PITX2",FALSE,62,"CollecTRI-ULM activity score",0.844021774,2.45923793,NA,NA,NA,NA,NA,NA,NA
"TAL1",FALSE,60,"CollecTRI-ULM activity score",0.843774851,2.41403622,NA,NA,NA,NA,NA,NA,NA
"ZNF699",FALSE,31,"CollecTRI-ULM activity score",0.807818902,1.61707505,NA,NA,NA,NA,NA,NA,NA
"TCF7",FALSE,15,"CollecTRI-ULM activity score",0.806771601,1.00731582,NA,NA,NA,NA,NA,NA,NA
"BRD4",FALSE,10,"CollecTRI-ULM activity score",0.804576714,0.74342295,NA,NA,NA,NA,NA,NA,NA
"HESX1",FALSE,13,"CollecTRI-ULM activity score",0.804113537,0.915255263,NA,NA,NA,NA,NA,NA,NA
"MLXIPL",FALSE,11,"CollecTRI-ULM activity score",0.792602323,0.808427386,NA,NA,NA,NA,NA,NA,NA
"MAX",FALSE,35,"CollecTRI-ULM activity score",0.779433044,1.75335301,NA,NA,NA,NA,NA,NA,NA
"RXRB",FALSE,7,"CollecTRI-ULM activity score",0.766730093,0.507633698,NA,NA,NA,NA,NA,NA,NA
"NR1H2",FALSE,30,"CollecTRI-ULM activity score",0.760147107,1.58198729,NA,NA,NA,NA,NA,NA,NA
"ELK4",FALSE,6,"CollecTRI-ULM activity score",0.759631658,0.407887966,NA,NA,NA,NA,NA,NA,NA
"PDX1",FALSE,44,"CollecTRI-ULM activity score",0.721878412,2.0057221,NA,NA,NA,NA,NA,NA,NA
"E2F2",FALSE,45,"CollecTRI-ULM activity score",0.710925699,2.03163353,NA,NA,NA,NA,NA,NA,NA
"ZNF436",FALSE,5,"CollecTRI-ULM activity score",0.698130407,0.294075668,NA,NA,NA,NA,NA,NA,NA
"E2F6",FALSE,37,"CollecTRI-ULM activity score",0.691303069,1.81671355,NA,NA,NA,NA,NA,NA,NA
"YY1",FALSE,163,"CollecTRI-ULM activity score",0.679662034,3.99766377,NA,NA,NA,NA,NA,NA,NA
"NKRF",FALSE,5,"CollecTRI-ULM activity score",0.678653572,0.294075668,NA,NA,NA,NA,NA,NA,NA
"IKZF1",FALSE,29,"CollecTRI-ULM activity score",0.676410097,1.54698167,NA,NA,NA,NA,NA,NA,NA
"HHEX",FALSE,17,"CollecTRI-ULM activity score",0.67205714,1.1014466,NA,NA,NA,NA,NA,NA,NA
"NR4A2",FALSE,31,"CollecTRI-ULM activity score",0.663361566,1.61707505,NA,NA,NA,NA,NA,NA,NA
"ZBTB7B",FALSE,9,"CollecTRI-ULM activity score",0.662541155,0.673156788,NA,NA,NA,NA,NA,NA,NA
"ZGLP1",FALSE,10,"CollecTRI-ULM activity score",0.660717281,0.74342295,NA,NA,NA,NA,NA,NA,NA
"KLF15",FALSE,10,"CollecTRI-ULM activity score",0.648161954,0.74342295,NA,NA,NA,NA,NA,NA,NA
"TWIST2",FALSE,24,"CollecTRI-ULM activity score",0.642661761,1.38046,NA,NA,NA,NA,NA,NA,NA
"NFIL3",FALSE,22,"CollecTRI-ULM activity score",0.635582754,1.30901041,NA,NA,NA,NA,NA,NA,NA
"DLX3",FALSE,8,"CollecTRI-ULM activity score",0.635417848,0.595113485,NA,NA,NA,NA,NA,NA,NA
"HOXC8",FALSE,9,"CollecTRI-ULM activity score",0.627649451,0.673156788,NA,NA,NA,NA,NA,NA,NA
"RFX1",FALSE,17,"CollecTRI-ULM activity score",0.613973885,1.1014466,NA,NA,NA,NA,NA,NA,NA
"SFPQ",FALSE,17,"CollecTRI-ULM activity score",0.611663726,1.1014466,NA,NA,NA,NA,NA,NA,NA
"HLF",FALSE,12,"CollecTRI-ULM activity score",0.606355089,0.865637847,NA,NA,NA,NA,NA,NA,NA
"FOXJ1",FALSE,6,"CollecTRI-ULM activity score",0.6055052,0.407887966,NA,NA,NA,NA,NA,NA,NA
"NKX6-1",FALSE,5,"CollecTRI-ULM activity score",0.605096042,0.294075668,NA,NA,NA,NA,NA,NA,NA
"ARID4B",FALSE,6,"CollecTRI-ULM activity score",0.588471114,0.407887966,NA,NA,NA,NA,NA,NA,NA
"CXXC1",FALSE,14,"CollecTRI-ULM activity score",0.581922226,0.961554623,NA,NA,NA,NA,NA,NA,NA
"ZEB2",FALSE,11,"CollecTRI-ULM activity score",0.57759987,0.808427386,NA,NA,NA,NA,NA,NA,NA
"MBD2",FALSE,65,"CollecTRI-ULM activity score",0.559110482,2.52327794,NA,NA,NA,NA,NA,NA,NA
"OTX2",FALSE,12,"CollecTRI-ULM activity score",0.548853617,0.865637847,NA,NA,NA,NA,NA,NA,NA
"KLF11",FALSE,11,"CollecTRI-ULM activity score",0.545775449,0.808427386,NA,NA,NA,NA,NA,NA,NA
"ELF1",FALSE,56,"CollecTRI-ULM activity score",0.539033372,2.3181512,NA,NA,NA,NA,NA,NA,NA
"MED1",FALSE,10,"CollecTRI-ULM activity score",0.538648632,0.74342295,NA,NA,NA,NA,NA,NA,NA
"ETV7",FALSE,8,"CollecTRI-ULM activity score",0.528079123,0.595113485,NA,NA,NA,NA,NA,NA,NA
"E4F1",FALSE,9,"CollecTRI-ULM activity score",0.514364522,0.673156788,NA,NA,NA,NA,NA,NA,NA
"KAT6B",FALSE,8,"CollecTRI-ULM activity score",0.511821982,0.595113485,NA,NA,NA,NA,NA,NA,NA
"NR4A1",FALSE,66,"CollecTRI-ULM activity score",0.503701033,2.54358193,NA,NA,NA,NA,NA,NA,NA
"SALL4",FALSE,10,"CollecTRI-ULM activity score",0.498609368,0.74342295,NA,NA,NA,NA,NA,NA,NA
"AIRE",FALSE,15,"CollecTRI-ULM activity score",0.498295143,1.00731582,NA,NA,NA,NA,NA,NA,NA
"ZHX2",FALSE,8,"CollecTRI-ULM activity score",0.497048458,0.595113485,NA,NA,NA,NA,NA,NA,NA
"ZNF395",FALSE,6,"CollecTRI-ULM activity score",0.489067744,0.407887966,NA,NA,NA,NA,NA,NA,NA
"SATB2",FALSE,15,"CollecTRI-ULM activity score",0.480930023,1.00731582,NA,NA,NA,NA,NA,NA,NA
"TLX1",FALSE,5,"CollecTRI-ULM activity score",0.480001537,0.294075668,NA,NA,NA,NA,NA,NA,NA
"NEUROG3",FALSE,6,"CollecTRI-ULM activity score",0.470824323,0.407887966,NA,NA,NA,NA,NA,NA,NA
"TRPS1",FALSE,10,"CollecTRI-ULM activity score",0.46755852,0.74342295,NA,NA,NA,NA,NA,NA,NA
"LHX2",FALSE,14,"CollecTRI-ULM activity score",0.459447912,0.961554623,NA,NA,NA,NA,NA,NA,NA
"TFAP2B",FALSE,11,"CollecTRI-ULM activity score",0.452710427,0.808427386,NA,NA,NA,NA,NA,NA,NA
"SP2",FALSE,17,"CollecTRI-ULM activity score",0.446341418,1.1014466,NA,NA,NA,NA,NA,NA,NA
"HOXB7",FALSE,8,"CollecTRI-ULM activity score",0.444915711,0.595113485,NA,NA,NA,NA,NA,NA,NA
"PAX7",FALSE,10,"CollecTRI-ULM activity score",0.437547726,0.74342295,NA,NA,NA,NA,NA,NA,NA
"ZNF143",FALSE,21,"CollecTRI-ULM activity score",0.437075267,1.27096565,NA,NA,NA,NA,NA,NA,NA
"SMARCA1",FALSE,35,"CollecTRI-ULM activity score",0.43581645,1.75335301,NA,NA,NA,NA,NA,NA,NA
"MTA1",FALSE,37,"CollecTRI-ULM activity score",0.434977625,1.81671355,NA,NA,NA,NA,NA,NA,NA
"ZKSCAN7",FALSE,8,"CollecTRI-ULM activity score",0.434410192,0.595113485,NA,NA,NA,NA,NA,NA,NA
"TBX15",FALSE,16,"CollecTRI-ULM activity score",0.429067067,1.05434751,NA,NA,NA,NA,NA,NA,NA
"CREB5",FALSE,9,"CollecTRI-ULM activity score",0.423960898,0.673156788,NA,NA,NA,NA,NA,NA,NA
"MECOM",FALSE,10,"CollecTRI-ULM activity score",0.416373796,0.74342295,NA,NA,NA,NA,NA,NA,NA
"SOX10",FALSE,12,"CollecTRI-ULM activity score",0.412669083,0.865637847,NA,NA,NA,NA,NA,NA,NA
"BACH1",FALSE,12,"CollecTRI-ULM activity score",0.408578846,0.865637847,NA,NA,NA,NA,NA,NA,NA
"ATF7",FALSE,5,"CollecTRI-ULM activity score",0.403206104,0.294075668,NA,NA,NA,NA,NA,NA,NA
"PKNOX1",FALSE,10,"CollecTRI-ULM activity score",0.385872321,0.74342295,NA,NA,NA,NA,NA,NA,NA
"MSX1",FALSE,8,"CollecTRI-ULM activity score",0.379091537,0.595113485,NA,NA,NA,NA,NA,NA,NA
"HINFP",FALSE,9,"CollecTRI-ULM activity score",0.373719148,0.673156788,NA,NA,NA,NA,NA,NA,NA
"NFATC4",FALSE,18,"CollecTRI-ULM activity score",0.368902437,1.1465867,NA,NA,NA,NA,NA,NA,NA
"ONECUT1",FALSE,7,"CollecTRI-ULM activity score",0.367832797,0.507633698,NA,NA,NA,NA,NA,NA,NA
"HOXA7",FALSE,9,"CollecTRI-ULM activity score",0.365956432,0.673156788,NA,NA,NA,NA,NA,NA,NA
"NRL",FALSE,8,"CollecTRI-ULM activity score",0.363884002,0.595113485,NA,NA,NA,NA,NA,NA,NA
"NSD2",FALSE,6,"CollecTRI-ULM activity score",0.356456334,0.407887966,NA,NA,NA,NA,NA,NA,NA
"BCL11A",FALSE,5,"CollecTRI-ULM activity score",0.354442397,0.294075668,NA,NA,NA,NA,NA,NA,NA
"GLI3",FALSE,22,"CollecTRI-ULM activity score",0.349452853,1.30901041,NA,NA,NA,NA,NA,NA,NA
"ESRRG",FALSE,15,"CollecTRI-ULM activity score",0.33737874,1.00731582,NA,NA,NA,NA,NA,NA,NA
"ZXDC",FALSE,6,"CollecTRI-ULM activity score",0.32871322,0.407887966,NA,NA,NA,NA,NA,NA,NA
"GLI2",FALSE,81,"CollecTRI-ULM activity score",0.32410385,2.81332409,NA,NA,NA,NA,NA,NA,NA
"HBP1",FALSE,36,"CollecTRI-ULM activity score",0.311503021,1.78553283,NA,NA,NA,NA,NA,NA,NA
"ETV1",FALSE,13,"CollecTRI-ULM activity score",0.301593787,0.915255263,NA,NA,NA,NA,NA,NA,NA
"SIRT1",FALSE,40,"CollecTRI-ULM activity score",0.301079345,1.90352096,NA,NA,NA,NA,NA,NA,NA
"NFE2",FALSE,7,"CollecTRI-ULM activity score",0.29904485,0.507633698,NA,NA,NA,NA,NA,NA,NA
"DNMT3A",FALSE,38,"CollecTRI-ULM activity score",0.289367514,1.846813,NA,NA,NA,NA,NA,NA,NA
"ZEB1",FALSE,36,"CollecTRI-ULM activity score",0.278619627,1.78553283,NA,NA,NA,NA,NA,NA,NA
"THRB",FALSE,28,"CollecTRI-ULM activity score",0.246920582,1.51239733,NA,NA,NA,NA,NA,NA,NA
"MYBL2",FALSE,38,"CollecTRI-ULM activity score",0.232211701,1.846813,NA,NA,NA,NA,NA,NA,NA
"ELF2",FALSE,6,"CollecTRI-ULM activity score",0.222829492,0.407887966,NA,NA,NA,NA,NA,NA,NA
"ZNF148",FALSE,21,"CollecTRI-ULM activity score",0.214434932,1.27096565,NA,NA,NA,NA,NA,NA,NA
"AIP",FALSE,5,"CollecTRI-ULM activity score",0.21313321,0.294075668,NA,NA,NA,NA,NA,NA,NA
"KDM5C",FALSE,9,"CollecTRI-ULM activity score",0.205281952,0.673156788,NA,NA,NA,NA,NA,NA,NA
"HSF4",FALSE,7,"CollecTRI-ULM activity score",0.198298885,0.507633698,NA,NA,NA,NA,NA,NA,NA
"NR2F1",FALSE,21,"CollecTRI-ULM activity score",0.18881091,1.27096565,NA,NA,NA,NA,NA,NA,NA
"TCF12",FALSE,29,"CollecTRI-ULM activity score",0.174778711,1.54698167,NA,NA,NA,NA,NA,NA,NA
"ISL1",FALSE,12,"CollecTRI-ULM activity score",0.166434077,0.865637847,NA,NA,NA,NA,NA,NA,NA
"PAX2",FALSE,9,"CollecTRI-ULM activity score",0.154193118,0.673156788,NA,NA,NA,NA,NA,NA,NA
"ZNF263",FALSE,6,"CollecTRI-ULM activity score",0.146929806,0.407887966,NA,NA,NA,NA,NA,NA,NA
"CUX1",FALSE,74,"CollecTRI-ULM activity score",0.137148931,2.69061895,NA,NA,NA,NA,NA,NA,NA
"NR4A3",FALSE,25,"CollecTRI-ULM activity score",0.124731599,1.41401797,NA,NA,NA,NA,NA,NA,NA
"JARID2",FALSE,10,"CollecTRI-ULM activity score",0.123271976,0.74342295,NA,NA,NA,NA,NA,NA,NA
"HIVEP1",FALSE,5,"CollecTRI-ULM activity score",0.118885429,0.294075668,NA,NA,NA,NA,NA,NA,NA
"ATF5",FALSE,20,"CollecTRI-ULM activity score",0.117523463,1.23126769,NA,NA,NA,NA,NA,NA,NA
"LRRFIP1",FALSE,8,"CollecTRI-ULM activity score",0.111853748,0.595113485,NA,NA,NA,NA,NA,NA,NA
"RARB",FALSE,23,"CollecTRI-ULM activity score",0.111527972,1.34548248,NA,NA,NA,NA,NA,NA,NA
"NEUROG2",FALSE,10,"CollecTRI-ULM activity score",0.075836677,0.74342295,NA,NA,NA,NA,NA,NA,NA
"CDX1",FALSE,15,"CollecTRI-ULM activity score",0.05185786,1.00731582,NA,NA,NA,NA,NA,NA,NA
"TRERF1",FALSE,13,"CollecTRI-ULM activity score",0.0509957353,0.915255263,NA,NA,NA,NA,NA,NA,NA
"HOXB13",FALSE,7,"CollecTRI-ULM activity score",0.043356546,0.507633698,NA,NA,NA,NA,NA,NA,NA
"HIVEP3",FALSE,5,"CollecTRI-ULM activity score",0.0228630942,0.294075668,NA,NA,NA,NA,NA,NA,NA
"HCFC1",FALSE,7,"CollecTRI-ULM activity score",0.0213004754,0.507633698,NA,NA,NA,NA,NA,NA,NA
"GATA1",FALSE,81,"CollecTRI-ULM activity score",0.0129394009,2.81332409,NA,NA,NA,NA,NA,NA,NA
"HDAC7",FALSE,9,"CollecTRI-ULM activity score",-0.00181177472,0.673156788,NA,NA,NA,NA,NA,NA,NA
"MEIS2",FALSE,5,"CollecTRI-ULM activity score",-0.00426050345,0.294075668,NA,NA,NA,NA,NA,NA,NA
"BTG2",FALSE,6,"CollecTRI-ULM activity score",-0.0362716596,0.407887966,NA,NA,NA,NA,NA,NA,NA
"TFAP4",FALSE,27,"CollecTRI-ULM activity score",-0.061948933,1.47864601,NA,NA,NA,NA,NA,NA,NA
"ARID4A",FALSE,6,"CollecTRI-ULM activity score",-0.0730014499,0.407887966,NA,NA,NA,NA,NA,NA,NA
"MNT",FALSE,7,"CollecTRI-ULM activity score",-0.0737401701,0.507633698,NA,NA,NA,NA,NA,NA,NA
"ETV3",FALSE,10,"CollecTRI-ULM activity score",-0.0800769854,0.74342295,NA,NA,NA,NA,NA,NA,NA
"GLI1",FALSE,96,"CollecTRI-ULM activity score",-0.0825168786,3.0655099,NA,NA,NA,NA,NA,NA,NA
"CTBP2",FALSE,9,"CollecTRI-ULM activity score",-0.105201103,0.673156788,NA,NA,NA,NA,NA,NA,NA
"DNMT3B",FALSE,45,"CollecTRI-ULM activity score",-0.108431269,2.03163353,NA,NA,NA,NA,NA,NA,NA
"KDM5D",FALSE,6,"CollecTRI-ULM activity score",-0.118608883,0.407887966,NA,NA,NA,NA,NA,NA,NA
"MTA3",FALSE,8,"CollecTRI-ULM activity score",-0.120472445,0.595113485,NA,NA,NA,NA,NA,NA,NA
"TFDP3",FALSE,5,"CollecTRI-ULM activity score",-0.120731283,0.294075668,NA,NA,NA,NA,NA,NA,NA
"EWSR1",FALSE,38,"CollecTRI-ULM activity score",-0.120913544,1.846813,NA,NA,NA,NA,NA,NA,NA
"HEY1",FALSE,15,"CollecTRI-ULM activity score",-0.122113198,1.00731582,NA,NA,NA,NA,NA,NA,NA
"LMO2",FALSE,19,"CollecTRI-ULM activity score",-0.125838484,1.18983492,NA,NA,NA,NA,NA,NA,NA
"MXD1",FALSE,19,"CollecTRI-ULM activity score",-0.127467931,1.18983492,NA,NA,NA,NA,NA,NA,NA
"MTF2",FALSE,5,"CollecTRI-ULM activity score",-0.136558392,0.294075668,NA,NA,NA,NA,NA,NA,NA
"POU2F3",FALSE,5,"CollecTRI-ULM activity score",-0.142271937,0.294075668,NA,NA,NA,NA,NA,NA,NA
"MXI1",FALSE,7,"CollecTRI-ULM activity score",-0.167674097,0.507633698,NA,NA,NA,NA,NA,NA,NA
"NR0B2",FALSE,69,"CollecTRI-ULM activity score",-0.18240472,2.60127703,NA,NA,NA,NA,NA,NA,NA
"TCF7L2",FALSE,64,"CollecTRI-ULM activity score",-0.187260338,2.5024472,NA,NA,NA,NA,NA,NA,NA
"ELF3",FALSE,14,"CollecTRI-ULM activity score",-0.190060007,0.961554623,NA,NA,NA,NA,NA,NA,NA
"NONO",FALSE,10,"CollecTRI-ULM activity score",-0.197799493,0.74342295,NA,NA,NA,NA,NA,NA,NA
"ZNF236",FALSE,6,"CollecTRI-ULM activity score",-0.200443377,0.407887966,NA,NA,NA,NA,NA,NA,NA
"ZBTB17",FALSE,34,"CollecTRI-ULM activity score",-0.206622739,1.72027635,NA,NA,NA,NA,NA,NA,NA
"ERG",FALSE,26,"CollecTRI-ULM activity score",-0.219074336,1.4462279,NA,NA,NA,NA,NA,NA,NA
"ZBTB14",FALSE,6,"CollecTRI-ULM activity score",-0.228826902,0.407887966,NA,NA,NA,NA,NA,NA,NA
"NR2C1",FALSE,10,"CollecTRI-ULM activity score",-0.247032757,0.74342295,NA,NA,NA,NA,NA,NA,NA
"MZF1",FALSE,12,"CollecTRI-ULM activity score",-0.258743648,0.865637847,NA,NA,NA,NA,NA,NA,NA
"ZNF335",FALSE,5,"CollecTRI-ULM activity score",-0.261636774,0.294075668,NA,NA,NA,NA,NA,NA,NA
"ZBTB33",FALSE,7,"CollecTRI-ULM activity score",-0.261910757,0.507633698,NA,NA,NA,NA,NA,NA,NA
"ELK3",FALSE,15,"CollecTRI-ULM activity score",-0.27301574,1.00731582,NA,NA,NA,NA,NA,NA,NA
"CREB3L1",FALSE,5,"CollecTRI-ULM activity score",-0.278190613,0.294075668,NA,NA,NA,NA,NA,NA,NA
"KMT2B",FALSE,11,"CollecTRI-ULM activity score",-0.283695034,0.808427386,NA,NA,NA,NA,NA,NA,NA
"UBTF",FALSE,8,"CollecTRI-ULM activity score",-0.288180718,0.595113485,NA,NA,NA,NA,NA,NA,NA
"HEY2",FALSE,7,"CollecTRI-ULM activity score",-0.293524637,0.507633698,NA,NA,NA,NA,NA,NA,NA
"REST",FALSE,27,"CollecTRI-ULM activity score",-0.317121933,1.47864601,NA,NA,NA,NA,NA,NA,NA
"FOXA1",FALSE,28,"CollecTRI-ULM activity score",-0.346352313,1.51239733,NA,NA,NA,NA,NA,NA,NA
"TEF",FALSE,8,"CollecTRI-ULM activity score",-0.363784926,0.595113485,NA,NA,NA,NA,NA,NA,NA
"FOXO1",FALSE,157,"CollecTRI-ULM activity score",-0.367077788,3.92575042,NA,NA,NA,NA,NA,NA,NA
"FOXE1",FALSE,7,"CollecTRI-ULM activity score",-0.368921696,0.507633698,NA,NA,NA,NA,NA,NA,NA
"ZFP42",FALSE,7,"CollecTRI-ULM activity score",-0.379441429,0.507633698,NA,NA,NA,NA,NA,NA,NA
"LMX1B",FALSE,10,"CollecTRI-ULM activity score",-0.382949867,0.74342295,NA,NA,NA,NA,NA,NA,NA
"SMARCA5",FALSE,6,"CollecTRI-ULM activity score",-0.390764737,0.407887966,NA,NA,NA,NA,NA,NA,NA
"GATA5",FALSE,11,"CollecTRI-ULM activity score",-0.394536456,0.808427386,NA,NA,NA,NA,NA,NA,NA
"KMT2A",FALSE,50,"CollecTRI-ULM activity score",-0.410682685,2.16373667,NA,NA,NA,NA,NA,NA,NA
"FOXH1",FALSE,8,"CollecTRI-ULM activity score",-0.41131738,0.595113485,NA,NA,NA,NA,NA,NA,NA
"KLF3",FALSE,7,"CollecTRI-ULM activity score",-0.459262446,0.507633698,NA,NA,NA,NA,NA,NA,NA
"ZFPM1",FALSE,11,"CollecTRI-ULM activity score",-0.527750634,0.808427386,NA,NA,NA,NA,NA,NA,NA
"SIN3A",FALSE,8,"CollecTRI-ULM activity score",-0.53081676,0.595113485,NA,NA,NA,NA,NA,NA,NA
"DOT1L",FALSE,6,"CollecTRI-ULM activity score",-0.535940611,0.407887966,NA,NA,NA,NA,NA,NA,NA
"ARID5B",FALSE,7,"CollecTRI-ULM activity score",-0.543488619,0.507633698,NA,NA,NA,NA,NA,NA,NA
"HTATIP2",FALSE,10,"CollecTRI-ULM activity score",-0.548559797,0.74342295,NA,NA,NA,NA,NA,NA,NA
"HOXB1",FALSE,5,"CollecTRI-ULM activity score",-0.554752429,0.294075668,NA,NA,NA,NA,NA,NA,NA
"NFE2L1",FALSE,7,"CollecTRI-ULM activity score",-0.604593574,0.507633698,NA,NA,NA,NA,NA,NA,NA
"CRX",FALSE,11,"CollecTRI-ULM activity score",-0.614525041,0.808427386,NA,NA,NA,NA,NA,NA,NA
"TWIST1",FALSE,42,"CollecTRI-ULM activity score",-0.626064277,1.95529145,NA,NA,NA,NA,NA,NA,NA
"SIM2",FALSE,7,"CollecTRI-ULM activity score",-0.631967772,0.507633698,NA,NA,NA,NA,NA,NA,NA
"ZBTB7A",FALSE,29,"CollecTRI-ULM activity score",-0.636964376,1.54698167,NA,NA,NA,NA,NA,NA,NA
"NPM1",FALSE,11,"CollecTRI-ULM activity score",-0.641071844,0.808427386,NA,NA,NA,NA,NA,NA,NA
"GRHL3",FALSE,15,"CollecTRI-ULM activity score",-0.647142676,1.00731582,NA,NA,NA,NA,NA,NA,NA
"PURA",FALSE,14,"CollecTRI-ULM activity score",-0.652147171,0.961554623,NA,NA,NA,NA,NA,NA,NA
"PATZ1",FALSE,9,"CollecTRI-ULM activity score",-0.671924884,0.673156788,NA,NA,NA,NA,NA,NA,NA
"ZNF382",FALSE,7,"CollecTRI-ULM activity score",-0.692191395,0.507633698,NA,NA,NA,NA,NA,NA,NA
"GRHL2",FALSE,5,"CollecTRI-ULM activity score",-0.719705996,0.294075668,NA,NA,NA,NA,NA,NA,NA
"BHLHE40",FALSE,26,"CollecTRI-ULM activity score",-0.739425975,1.4462279,NA,NA,NA,NA,NA,NA,NA
"FEV",FALSE,5,"CollecTRI-ULM activity score",-0.764095109,0.294075668,NA,NA,NA,NA,NA,NA,NA
"MYBL1",FALSE,8,"CollecTRI-ULM activity score",-0.780784234,0.595113485,NA,NA,NA,NA,NA,NA,NA
"DBP",FALSE,15,"CollecTRI-ULM activity score",-0.785077795,1.00731582,NA,NA,NA,NA,NA,NA,NA
"FOXL2",FALSE,11,"CollecTRI-ULM activity score",-0.831796037,0.808427386,NA,NA,NA,NA,NA,NA,NA
"KLF8",FALSE,16,"CollecTRI-ULM activity score",-0.834241921,1.05434751,NA,NA,NA,NA,NA,NA,NA
"TRIM28",FALSE,5,"CollecTRI-ULM activity score",-0.858382493,0.294075668,NA,NA,NA,NA,NA,NA,NA
"ZNF202",FALSE,6,"CollecTRI-ULM activity score",-0.85860606,0.407887966,NA,NA,NA,NA,NA,NA,NA
"YBX3",FALSE,19,"CollecTRI-ULM activity score",-0.859246002,1.18983492,NA,NA,NA,NA,NA,NA,NA
"FGF2",FALSE,5,"CollecTRI-ULM activity score",-0.866963189,0.294075668,NA,NA,NA,NA,NA,NA,NA
"CREBZF",FALSE,12,"CollecTRI-ULM activity score",-0.869531272,0.865637847,NA,NA,NA,NA,NA,NA,NA
"NANOG",FALSE,32,"CollecTRI-ULM activity score",-0.881113198,1.65196558,NA,NA,NA,NA,NA,NA,NA
"POU3F2",FALSE,12,"CollecTRI-ULM activity score",-0.884092659,0.865637847,NA,NA,NA,NA,NA,NA,NA
"KAT6A",FALSE,8,"CollecTRI-ULM activity score",-0.896454467,0.595113485,NA,NA,NA,NA,NA,NA,NA
"ATOH1",FALSE,5,"CollecTRI-ULM activity score",-0.905239584,0.294075668,NA,NA,NA,NA,NA,NA,NA
"TCF4",FALSE,31,"CollecTRI-ULM activity score",-0.907854101,1.61707505,NA,NA,NA,NA,NA,NA,NA
"ZNF300",FALSE,6,"CollecTRI-ULM activity score",-0.947466403,0.407887966,NA,NA,NA,NA,NA,NA,NA
"MECP2",FALSE,18,"CollecTRI-ULM activity score",-0.963406643,1.1465867,NA,NA,NA,NA,NA,NA,NA
"PROX1",FALSE,18,"CollecTRI-ULM activity score",-0.963839728,1.1465867,NA,NA,NA,NA,NA,NA,NA
"SOX17",FALSE,23,"CollecTRI-ULM activity score",-0.972361988,1.34548248,NA,NA,NA,NA,NA,NA,NA
"BHLHE41",FALSE,19,"CollecTRI-ULM activity score",-1.01111385,1.18983492,NA,NA,NA,NA,NA,NA,NA
"FOXF2",FALSE,8,"CollecTRI-ULM activity score",-1.01275807,0.595113485,NA,NA,NA,NA,NA,NA,NA
"ZBED1",FALSE,17,"CollecTRI-ULM activity score",-1.01729857,1.1014466,NA,NA,NA,NA,NA,NA,NA
"TFDP2",FALSE,5,"CollecTRI-ULM activity score",-1.03407208,0.294075668,NA,NA,NA,NA,NA,NA,NA
"NR2E3",FALSE,5,"CollecTRI-ULM activity score",-1.09110763,0.294075668,NA,NA,NA,NA,NA,NA,NA
"HOXA5",FALSE,5,"CollecTRI-ULM activity score",-1.17112888,0.294075668,NA,NA,NA,NA,NA,NA,NA
"VHL",FALSE,19,"CollecTRI-ULM activity score",-1.21889497,1.18983492,NA,NA,NA,NA,NA,NA,NA
"SMAD6",FALSE,12,"CollecTRI-ULM activity score",-1.22045017,0.865637847,NA,NA,NA,NA,NA,NA,NA
"SALL3",FALSE,5,"CollecTRI-ULM activity score",-1.23576242,0.294075668,NA,NA,NA,NA,NA,NA,NA
"BCL6",FALSE,70,"CollecTRI-ULM activity score",-1.25728508,2.61942361,NA,NA,NA,NA,NA,NA,NA
"BACH2",FALSE,6,"CollecTRI-ULM activity score",-1.26606652,0.407887966,NA,NA,NA,NA,NA,NA,NA
"FOXP1",FALSE,11,"CollecTRI-ULM activity score",-1.28733802,0.808427386,NA,NA,NA,NA,NA,NA,NA
"RREB1",FALSE,5,"CollecTRI-ULM activity score",-1.32770479,0.294075668,NA,NA,NA,NA,NA,NA,NA
"SNAI2",FALSE,30,"CollecTRI-ULM activity score",-1.33158615,1.58198729,NA,NA,NA,NA,NA,NA,NA
"BCLAF1",FALSE,6,"CollecTRI-ULM activity score",-1.33537535,0.407887966,NA,NA,NA,NA,NA,NA,NA
"LYL1",FALSE,9,"CollecTRI-ULM activity score",-1.40159698,0.673156788,NA,NA,NA,NA,NA,NA,NA
"PIN1",FALSE,5,"CollecTRI-ULM activity score",-1.40767703,0.294075668,NA,NA,NA,NA,NA,NA,NA
"NFE2L3",FALSE,6,"CollecTRI-ULM activity score",-1.41557296,0.407887966,NA,NA,NA,NA,NA,NA,NA
"WWTR1",FALSE,6,"CollecTRI-ULM activity score",-1.44951633,0.407887966,NA,NA,NA,NA,NA,NA,NA
"CTBP1",FALSE,8,"CollecTRI-ULM activity score",-1.47265908,0.595113485,NA,NA,NA,NA,NA,NA,NA
"GFI1",FALSE,40,"CollecTRI-ULM activity score",-1.48884158,1.90352096,NA,NA,NA,NA,NA,NA,NA
"FOXG1",FALSE,8,"CollecTRI-ULM activity score",-1.49896737,0.595113485,NA,NA,NA,NA,NA,NA,NA
"ESRRA",FALSE,23,"CollecTRI-ULM activity score",-1.5210314,1.34548248,NA,NA,NA,NA,NA,NA,NA
"DLX2",FALSE,12,"CollecTRI-ULM activity score",-1.56358486,0.865637847,NA,NA,NA,NA,NA,NA,NA
"DLX5",FALSE,8,"CollecTRI-ULM activity score",-1.62559721,0.595113485,NA,NA,NA,NA,NA,NA,NA
"POU5F1",FALSE,43,"CollecTRI-ULM activity score",-1.63405692,1.98022969,NA,NA,NA,NA,NA,NA,NA
"NR0B1",FALSE,24,"CollecTRI-ULM activity score",-1.6368229,1.38046,NA,NA,NA,NA,NA,NA,NA
"TBX3",FALSE,10,"CollecTRI-ULM activity score",-1.63804952,0.74342295,NA,NA,NA,NA,NA,NA,NA
"HDAC4",FALSE,16,"CollecTRI-ULM activity score",-1.65236801,1.05434751,NA,NA,NA,NA,NA,NA,NA
"TFCP2",FALSE,44,"CollecTRI-ULM activity score",-1.6573253,2.0057221,NA,NA,NA,NA,NA,NA,NA
"FOXI1",FALSE,6,"CollecTRI-ULM activity score",-1.68154401,0.407887966,NA,NA,NA,NA,NA,NA,NA
"ZNF76",FALSE,6,"CollecTRI-ULM activity score",-1.6990741,0.407887966,NA,NA,NA,NA,NA,NA,NA
"SMAD7",FALSE,40,"CollecTRI-ULM activity score",-1.79388605,1.90352096,NA,NA,NA,NA,NA,NA,NA
"E2F7",FALSE,6,"CollecTRI-ULM activity score",-1.81992723,0.407887966,NA,NA,NA,NA,NA,NA,NA
"HIC1",FALSE,15,"CollecTRI-ULM activity score",-1.85181586,1.00731582,NA,NA,NA,NA,NA,NA,NA
"TFAP2C",FALSE,16,"CollecTRI-ULM activity score",-1.86726757,1.05434751,NA,NA,NA,NA,NA,NA,NA
"NR1D1",FALSE,9,"CollecTRI-ULM activity score",-2.2091918,0.673156788,NA,NA,NA,NA,NA,NA,NA
"CTCFL",FALSE,6,"CollecTRI-ULM activity score",-2.28473706,0.407887966,NA,NA,NA,NA,NA,NA,NA
"ZBTB16",FALSE,32,"CollecTRI-ULM activity score",-2.36647163,1.65196558,NA,NA,NA,NA,NA,NA,NA
"NR1I3",FALSE,24,"CollecTRI-ULM activity score",-2.38526544,1.38046,NA,NA,NA,NA,NA,NA,NA
"TBX2",FALSE,14,"CollecTRI-ULM activity score",-2.389117,0.961554623,NA,NA,NA,NA,NA,NA,NA
"KLF17",FALSE,5,"CollecTRI-ULM activity score",-2.39149831,0.294075668,NA,NA,NA,NA,NA,NA,NA
"TCF21",FALSE,7,"CollecTRI-ULM activity score",-2.39422196,0.507633698,NA,NA,NA,NA,NA,NA,NA
"ID4",FALSE,5,"CollecTRI-ULM activity score",-2.51232972,0.294075668,NA,NA,NA,NA,NA,NA,NA
"MYF6",FALSE,7,"CollecTRI-ULM activity score",-2.54553725,0.507633698,NA,NA,NA,NA,NA,NA,NA
"NAB2",FALSE,6,"CollecTRI-ULM activity score",-2.64618005,0.407887966,NA,NA,NA,NA,NA,NA,NA
"TGIF1",FALSE,8,"CollecTRI-ULM activity score",-2.73136365,0.595113485,NA,NA,NA,NA,NA,NA,NA
"NFIX",FALSE,8,"CollecTRI-ULM activity score",-2.75122784,0.595113485,NA,NA,NA,NA,NA,NA,NA
"TBX1",FALSE,5,"CollecTRI-ULM activity score",-2.87384758,0.294075668,NA,NA,NA,NA,NA,NA,NA
"GFI1B",FALSE,9,"CollecTRI-ULM activity score",-3.12382329,0.673156788,NA,NA,NA,NA,NA,NA,NA
"SKIL",FALSE,11,"CollecTRI-ULM activity score",-3.14342366,0.808427386,NA,NA,NA,NA,NA,NA,NA
"HDAC1",FALSE,54,"CollecTRI-ULM activity score",-3.80524698,2.26782428,NA,NA,NA,NA,NA,NA,NA
"NR2E1",FALSE,8,"CollecTRI-ULM activity score",-3.87101706,0.595113485,NA,NA,NA,NA,NA,NA,NA
"ZBTB4",FALSE,10,"CollecTRI-ULM activity score",-3.9792852,0.74342295,NA,NA,NA,NA,NA,NA,NA
"ATF3",TRUE,72,"Unsigned-regulon fgsea NES",2.47295677,1.65688441,0.240167462,1.00988939,1.32438092,2.47295677,100,0.000999000999,2.21092461
"REL",TRUE,83,"Unsigned-regulon fgsea NES",2.36956187,1.70024463,0.488047433,0.966896383,1.42842232,2.36956187,100,0.000999000999,1.94593182
"NFKB1",TRUE,280,"Unsigned-regulon fgsea NES",2.348397,2.04643849,0.739813876,0.79844521,1.3195602,2.348397,100,0.000999000999,2.01464434
"HIF1A",TRUE,293,"Unsigned-regulon fgsea NES",2.32893136,2.05960087,0.701987298,0.818491518,1.32459014,2.32893136,100,0.000999000999,1.98773479
"STAT3",TRUE,285,"Unsigned-regulon fgsea NES",2.27936405,2.05156157,0.673882302,0.842768829,1.31898849,2.27936405,100,0.000999000999,1.90500846
"CREB1",TRUE,276,"Unsigned-regulon fgsea NES",2.23843944,2.04228306,0.624978908,0.851609574,1.27032442,2.23843944,100,0.000999000999,1.89460121
"RFXAP",FALSE,16,"Unsigned-regulon fgsea NES",2.23395447,1.09890036,NA,NA,NA,NA,NA,NA,NA
"HSF1",TRUE,67,"Unsigned-regulon fgsea NES",2.20889946,1.63440341,0.441237206,0.980236414,1.40150634,2.20889946,100,0.000999000999,1.80330197
"CIITA",FALSE,27,"Unsigned-regulon fgsea NES",2.19530092,1.32620811,NA,NA,NA,NA,NA,NA,NA
"TBX21",FALSE,43,"Unsigned-regulon fgsea NES",2.18739371,1.50635933,NA,NA,NA,NA,NA,NA,NA
"ID3",FALSE,19,"Unsigned-regulon fgsea NES",2.18294167,1.18186848,NA,NA,NA,NA,NA,NA,NA
"CEBPD",FALSE,47,"Unsigned-regulon fgsea NES",2.18090056,1.53397822,NA,NA,NA,NA,NA,NA,NA
"NFKB2",FALSE,57,"Unsigned-regulon fgsea NES",2.17886111,1.58710567,NA,NA,NA,NA,NA,NA,NA
"FOS",FALSE,195,"Unsigned-regulon fgsea NES",2.1662981,1.94384594,NA,NA,NA,NA,NA,NA,NA
"EGR1",FALSE,223,"Unsigned-regulon fgsea NES",2.15830123,1.98152226,NA,NA,NA,NA,NA,NA,NA
"RFXANK",FALSE,18,"Unsigned-regulon fgsea NES",2.15829367,1.15792932,NA,NA,NA,NA,NA,NA,NA
"IRF1",FALSE,123,"Unsigned-regulon fgsea NES",2.15810433,1.81469964,NA,NA,NA,NA,NA,NA,NA
"IRF5",FALSE,20,"Unsigned-regulon fgsea NES",2.15782521,1.20335353,NA,NA,NA,NA,NA,NA,NA
"NEUROD1",FALSE,22,"Unsigned-regulon fgsea NES",2.14936038,1.24152602,NA,NA,NA,NA,NA,NA,NA
"ETS1",FALSE,144,"Unsigned-regulon fgsea NES",2.13797583,1.85911702,NA,NA,NA,NA,NA,NA,NA
"KLF5",FALSE,54,"Unsigned-regulon fgsea NES",2.13693275,1.57247843,NA,NA,NA,NA,NA,NA,NA
"FOXP3",FALSE,38,"Unsigned-regulon fgsea NES",2.13314184,1.46149472,NA,NA,NA,NA,NA,NA,NA
"NFKBIB",FALSE,12,"Unsigned-regulon fgsea NES",2.12067202,0.942689893,NA,NA,NA,NA,NA,NA,NA
"JUNB",FALSE,60,"Unsigned-regulon fgsea NES",2.09618919,1.60131104,NA,NA,NA,NA,NA,NA,NA
"PPARG",FALSE,213,"Unsigned-regulon fgsea NES",2.08874629,1.96860493,NA,NA,NA,NA,NA,NA,NA
"STAT1",FALSE,226,"Unsigned-regulon fgsea NES",2.08480409,1.98529291,NA,NA,NA,NA,NA,NA,NA
"RFX5",FALSE,22,"Unsigned-regulon fgsea NES",2.08479765,1.24152602,NA,NA,NA,NA,NA,NA,NA
"STAT5B",FALSE,70,"Unsigned-regulon fgsea NES",2.08399771,1.64813055,NA,NA,NA,NA,NA,NA,NA
"CEBPG",FALSE,96,"Unsigned-regulon fgsea NES",2.08334414,1.7433856,NA,NA,NA,NA,NA,NA,NA
"BCL11B",FALSE,16,"Unsigned-regulon fgsea NES",2.07158901,1.09890036,NA,NA,NA,NA,NA,NA,NA
"PPARD",FALSE,61,"Unsigned-regulon fgsea NES",2.068814,1.60601054,NA,NA,NA,NA,NA,NA,NA
"NR1H3",FALSE,76,"Unsigned-regulon fgsea NES",2.06095666,1.67352958,NA,NA,NA,NA,NA,NA,NA
"ETV4",FALSE,38,"Unsigned-regulon fgsea NES",2.05878353,1.46149472,NA,NA,NA,NA,NA,NA,NA
"ZEB1",FALSE,36,"Unsigned-regulon fgsea NES",2.05236022,1.44101937,NA,NA,NA,NA,NA,NA,NA
"SREBF1",FALSE,84,"Unsigned-regulon fgsea NES",2.04334521,1.70383925,NA,NA,NA,NA,NA,NA,NA
"STAT6",FALSE,80,"Unsigned-regulon fgsea NES",2.04301,1.68914129,NA,NA,NA,NA,NA,NA,NA
"CEBPA",FALSE,132,"Unsigned-regulon fgsea NES",2.03203007,1.83466224,NA,NA,NA,NA,NA,NA,NA
"TCF3",FALSE,73,"Unsigned-regulon fgsea NES",2.03196679,1.66114997,NA,NA,NA,NA,NA,NA,NA
"DDIT3",FALSE,68,"Unsigned-regulon fgsea NES",2.02434807,1.63906237,NA,NA,NA,NA,NA,NA,NA
"SIRT1",FALSE,40,"Unsigned-regulon fgsea NES",2.01417795,1.48082884,NA,NA,NA,NA,NA,NA,NA
"ATF2",FALSE,83,"Unsigned-regulon fgsea NES",2.01371172,1.70024463,NA,NA,NA,NA,NA,NA,NA
"ESR2",FALSE,119,"Unsigned-regulon fgsea NES",2.01203619,1.80530936,NA,NA,NA,NA,NA,NA,NA
"SP3",FALSE,246,"Unsigned-regulon fgsea NES",2.01193987,2.00932271,NA,NA,NA,NA,NA,NA,NA
"CEBPB",FALSE,258,"Unsigned-regulon fgsea NES",2.00881635,2.02291031,NA,NA,NA,NA,NA,NA,NA
"MSC",FALSE,20,"Unsigned-regulon fgsea NES",2.00425812,1.20335353,NA,NA,NA,NA,NA,NA,NA
"TRERF1",FALSE,13,"Unsigned-regulon fgsea NES",2.00363617,0.985554087,NA,NA,NA,NA,NA,NA,NA
"SNAI1",FALSE,60,"Unsigned-regulon fgsea NES",2.00142924,1.60131104,NA,NA,NA,NA,NA,NA,NA
"NFATC1",FALSE,81,"Unsigned-regulon fgsea NES",1.98564756,1.69289722,NA,NA,NA,NA,NA,NA,NA
"NR3C2",FALSE,30,"Unsigned-regulon fgsea NES",1.98374975,1.3698979,NA,NA,NA,NA,NA,NA,NA
"SPI1",FALSE,231,"Unsigned-regulon fgsea NES",1.98055603,1.99147635,NA,NA,NA,NA,NA,NA,NA
"SSRP1",FALSE,87,"Unsigned-regulon fgsea NES",1.97264152,1.71432431,NA,NA,NA,NA,NA,NA,NA
"RXRA",FALSE,53,"Unsigned-regulon fgsea NES",1.96990612,1.56743794,NA,NA,NA,NA,NA,NA,NA
"NR3C1",FALSE,164,"Unsigned-regulon fgsea NES",1.95389225,1.89548704,NA,NA,NA,NA,NA,NA,NA
"KLF4",FALSE,74,"Unsigned-regulon fgsea NES",1.95215241,1.66534452,NA,NA,NA,NA,NA,NA,NA
"FOSL1",FALSE,25,"Unsigned-regulon fgsea NES",1.95111711,1.29311624,NA,NA,NA,NA,NA,NA,NA
"ATF1",FALSE,58,"Unsigned-regulon fgsea NES",1.94959252,1.59186981,NA,NA,NA,NA,NA,NA,NA
"NFIC",FALSE,40,"Unsigned-regulon fgsea NES",1.94616557,1.48082884,NA,NA,NA,NA,NA,NA,NA
"IRF2",FALSE,43,"Unsigned-regulon fgsea NES",1.9428793,1.50635933,NA,NA,NA,NA,NA,NA,NA
"POU2F1",FALSE,56,"Unsigned-regulon fgsea NES",1.94247531,1.58229556,NA,NA,NA,NA,NA,NA,NA
"NFATC2",FALSE,66,"Unsigned-regulon fgsea NES",1.93129996,1.62965718,NA,NA,NA,NA,NA,NA,NA
"SREBF2",FALSE,46,"Unsigned-regulon fgsea NES",1.93092886,1.5276031,NA,NA,NA,NA,NA,NA,NA
"IRF3",FALSE,59,"Unsigned-regulon fgsea NES",1.9299602,1.59660101,NA,NA,NA,NA,NA,NA,NA
"STAT5A",FALSE,138,"Unsigned-regulon fgsea NES",1.92688713,1.84717216,NA,NA,NA,NA,NA,NA,NA
"STAT4",FALSE,26,"Unsigned-regulon fgsea NES",1.92149432,1.30990517,NA,NA,NA,NA,NA,NA,NA
"HMGB2",FALSE,8,"Unsigned-regulon fgsea NES",1.92075741,0.732469988,NA,NA,NA,NA,NA,NA,NA
"PGR",FALSE,77,"Unsigned-regulon fgsea NES",1.92056157,1.67752435,NA,NA,NA,NA,NA,NA,NA
"SPDEF",FALSE,11,"Unsigned-regulon fgsea NES",1.92018557,0.896792393,NA,NA,NA,NA,NA,NA,NA
"CREB3",FALSE,10,"Unsigned-regulon fgsea NES",1.91976757,0.84720146,NA,NA,NA,NA,NA,NA,NA
"IRF4",FALSE,47,"Unsigned-regulon fgsea NES",1.9112305,1.53397822,NA,NA,NA,NA,NA,NA,NA
"EGR4",FALSE,10,"Unsigned-regulon fgsea NES",1.9083355,0.84720146,NA,NA,NA,NA,NA,NA,NA
"HMGA1",FALSE,44,"Unsigned-regulon fgsea NES",1.90293283,1.51384072,NA,NA,NA,NA,NA,NA,NA
"VDR",FALSE,72,"Unsigned-regulon fgsea NES",1.90110782,1.65688441,NA,NA,NA,NA,NA,NA,NA
"SATB1",FALSE,34,"Unsigned-regulon fgsea NES",1.90001893,1.41915395,NA,NA,NA,NA,NA,NA,NA
"NR2C2",FALSE,40,"Unsigned-regulon fgsea NES",1.89304602,1.48082884,NA,NA,NA,NA,NA,NA,NA
"NFAT5",FALSE,34,"Unsigned-regulon fgsea NES",1.89130751,1.41915395,NA,NA,NA,NA,NA,NA,NA
"IRF9",FALSE,17,"Unsigned-regulon fgsea NES",1.88535456,1.13065617,NA,NA,NA,NA,NA,NA,NA
"NFATC3",FALSE,22,"Unsigned-regulon fgsea NES",1.88464115,1.24152602,NA,NA,NA,NA,NA,NA,NA
"PPARA",FALSE,156,"Unsigned-regulon fgsea NES",1.88052303,1.88151803,NA,NA,NA,NA,NA,NA,NA
"EGR3",FALSE,24,"Unsigned-regulon fgsea NES",1.87714115,1.27626482,NA,NA,NA,NA,NA,NA,NA
"ARNT",FALSE,47,"Unsigned-regulon fgsea NES",1.87452213,1.53397822,NA,NA,NA,NA,NA,NA,NA
"POU2F2",FALSE,25,"Unsigned-regulon fgsea NES",1.87407988,1.29311624,NA,NA,NA,NA,NA,NA,NA
"SMAD6",FALSE,12,"Unsigned-regulon fgsea NES",1.86932135,0.942689893,NA,NA,NA,NA,NA,NA,NA
"YY1",FALSE,163,"Unsigned-regulon fgsea NES",1.8687786,1.89377931,NA,NA,NA,NA,NA,NA,NA
"EOMES",FALSE,14,"Unsigned-regulon fgsea NES",1.86735589,1.02570066,NA,NA,NA,NA,NA,NA,NA
"FOXG1",FALSE,8,"Unsigned-regulon fgsea NES",1.86483858,0.732469988,NA,NA,NA,NA,NA,NA,NA
"OLIG2",FALSE,10,"Unsigned-regulon fgsea NES",1.85594778,0.84720146,NA,NA,NA,NA,NA,NA,NA
"MAFK",FALSE,18,"Unsigned-regulon fgsea NES",1.84740531,1.15792932,NA,NA,NA,NA,NA,NA,NA
"RUNX1",FALSE,133,"Unsigned-regulon fgsea NES",1.84261778,1.83678898,NA,NA,NA,NA,NA,NA,NA
"BCL3",FALSE,20,"Unsigned-regulon fgsea NES",1.841104,1.20335353,NA,NA,NA,NA,NA,NA,NA
"DNMT1",FALSE,114,"Unsigned-regulon fgsea NES",1.84101072,1.79306856,NA,NA,NA,NA,NA,NA,NA
"JDP2",FALSE,30,"Unsigned-regulon fgsea NES",1.83922166,1.3698979,NA,NA,NA,NA,NA,NA,NA
"FOSL2",FALSE,22,"Unsigned-regulon fgsea NES",1.83344244,1.24152602,NA,NA,NA,NA,NA,NA,NA
"DNMT3A",FALSE,38,"Unsigned-regulon fgsea NES",1.8303691,1.46149472,NA,NA,NA,NA,NA,NA,NA
"LRRFIP1",FALSE,8,"Unsigned-regulon fgsea NES",1.82942185,0.732469988,NA,NA,NA,NA,NA,NA,NA
"JUND",FALSE,62,"Unsigned-regulon fgsea NES",1.82498971,1.61070917,NA,NA,NA,NA,NA,NA,NA
"MYCN",FALSE,90,"Unsigned-regulon fgsea NES",1.82208831,1.72438919,NA,NA,NA,NA,NA,NA,NA
"PBRM1",FALSE,7,"Unsigned-regulon fgsea NES",1.82036876,0.664806402,NA,NA,NA,NA,NA,NA,NA
"SOX2",FALSE,30,"Unsigned-regulon fgsea NES",1.81638743,1.3698979,NA,NA,NA,NA,NA,NA,NA
"NFE2L2",FALSE,138,"Unsigned-regulon fgsea NES",1.81151603,1.84717216,NA,NA,NA,NA,NA,NA,NA
"HOXA10",FALSE,29,"Unsigned-regulon fgsea NES",1.81005092,1.3561041,NA,NA,NA,NA,NA,NA,NA
"BHLHE40",FALSE,26,"Unsigned-regulon fgsea NES",1.81000489,1.30990517,NA,NA,NA,NA,NA,NA,NA
"NCOA1",FALSE,50,"Unsigned-regulon fgsea NES",1.80910606,1.55154874,NA,NA,NA,NA,NA,NA,NA
"SMAD5",FALSE,20,"Unsigned-regulon fgsea NES",1.80777109,1.20335353,NA,NA,NA,NA,NA,NA,NA
"KLF6",FALSE,39,"Unsigned-regulon fgsea NES",1.80472143,1.47129103,NA,NA,NA,NA,NA,NA,NA
"MYB",FALSE,125,"Unsigned-regulon fgsea NES",1.8035806,1.81926999,NA,NA,NA,NA,NA,NA,NA
"RORC",FALSE,14,"Unsigned-regulon fgsea NES",1.79366201,1.02570066,NA,NA,NA,NA,NA,NA,NA
"BMAL1",FALSE,37,"Unsigned-regulon fgsea NES",1.79209485,1.45141389,NA,NA,NA,NA,NA,NA,NA
"SRF",FALSE,61,"Unsigned-regulon fgsea NES",1.79184604,1.60601054,NA,NA,NA,NA,NA,NA,NA
"HDAC1",FALSE,54,"Unsigned-regulon fgsea NES",1.79083355,1.57247843,NA,NA,NA,NA,NA,NA,NA
"ELK1",FALSE,42,"Unsigned-regulon fgsea NES",1.78599182,1.49840598,NA,NA,NA,NA,NA,NA,NA
"HDAC7",FALSE,9,"Unsigned-regulon fgsea NES",1.78596766,0.792846085,NA,NA,NA,NA,NA,NA,NA
"RUNX2",FALSE,59,"Unsigned-regulon fgsea NES",1.78530478,1.59660101,NA,NA,NA,NA,NA,NA,NA
"DMTF1",FALSE,11,"Unsigned-regulon fgsea NES",1.78009383,0.896792393,NA,NA,NA,NA,NA,NA,NA
"NKX3-1",FALSE,46,"Unsigned-regulon fgsea NES",1.76850015,1.5276031,NA,NA,NA,NA,NA,NA,NA
"SPIB",FALSE,12,"Unsigned-regulon fgsea NES",1.76725275,0.942689893,NA,NA,NA,NA,NA,NA,NA
"POU4F1",FALSE,17,"Unsigned-regulon fgsea NES",1.75432839,1.13065617,NA,NA,NA,NA,NA,NA,NA
"CREBBP",FALSE,26,"Unsigned-regulon fgsea NES",1.75251369,1.30990517,NA,NA,NA,NA,NA,NA,NA
"NRF1",FALSE,66,"Unsigned-regulon fgsea NES",1.74462512,1.62965718,NA,NA,NA,NA,NA,NA,NA
"FOXC1",FALSE,8,"Unsigned-regulon fgsea NES",1.73640846,0.732469988,NA,NA,NA,NA,NA,NA,NA
"ABL1",FALSE,10,"Unsigned-regulon fgsea NES",1.73607197,0.84720146,NA,NA,NA,NA,NA,NA,NA
"SNAI2",FALSE,30,"Unsigned-regulon fgsea NES",1.73537205,1.3698979,NA,NA,NA,NA,NA,NA,NA
"HMGA2",FALSE,24,"Unsigned-regulon fgsea NES",1.73484465,1.27626482,NA,NA,NA,NA,NA,NA,NA
"WT1",FALSE,93,"Unsigned-regulon fgsea NES",1.73302701,1.73406657,NA,NA,NA,NA,NA,NA,NA
"HNF4A",FALSE,122,"Unsigned-regulon fgsea NES",1.7314514,1.81238386,NA,NA,NA,NA,NA,NA,NA
"SOX9",FALSE,44,"Unsigned-regulon fgsea NES",1.72411414,1.51384072,NA,NA,NA,NA,NA,NA,NA
"PARK7",FALSE,5,"Unsigned-regulon fgsea NES",1.72103214,0.495660499,NA,NA,NA,NA,NA,NA,NA
"MITF",FALSE,68,"Unsigned-regulon fgsea NES",1.71970554,1.63906237,NA,NA,NA,NA,NA,NA,NA
"SMARCA4",FALSE,9,"Unsigned-regulon fgsea NES",1.71853047,0.792846085,NA,NA,NA,NA,NA,NA,NA
"ZBTB7A",FALSE,29,"Unsigned-regulon fgsea NES",1.71609525,1.3561041,NA,NA,NA,NA,NA,NA,NA
"BRCA1",FALSE,47,"Unsigned-regulon fgsea NES",1.71088895,1.53397822,NA,NA,NA,NA,NA,NA,NA
"TGIF1",FALSE,8,"Unsigned-regulon fgsea NES",1.70965514,0.732469988,NA,NA,NA,NA,NA,NA,NA
"MYOD1",FALSE,85,"Unsigned-regulon fgsea NES",1.70812263,1.70738314,NA,NA,NA,NA,NA,NA,NA
"TFAP2A",FALSE,180,"Unsigned-regulon fgsea NES",1.70733971,1.92147436,NA,NA,NA,NA,NA,NA,NA
"KCNIP3",FALSE,6,"Unsigned-regulon fgsea NES",1.70352699,0.587093795,NA,NA,NA,NA,NA,NA,NA
"NCOR1",FALSE,54,"Unsigned-regulon fgsea NES",1.7033236,1.57247843,NA,NA,NA,NA,NA,NA,NA
"SOX6",FALSE,13,"Unsigned-regulon fgsea NES",1.7030566,0.985554087,NA,NA,NA,NA,NA,NA,NA
"RBPJ",FALSE,87,"Unsigned-regulon fgsea NES",1.70239573,1.71432431,NA,NA,NA,NA,NA,NA,NA
"ZNF350",FALSE,7,"Unsigned-regulon fgsea NES",1.70208344,0.664806402,NA,NA,NA,NA,NA,NA,NA
"GATA1",FALSE,81,"Unsigned-regulon fgsea NES",1.7014414,1.69289722,NA,NA,NA,NA,NA,NA,NA
"GATA3",FALSE,115,"Unsigned-regulon fgsea NES",1.69869155,1.79556386,NA,NA,NA,NA,NA,NA,NA
"TBPL2",FALSE,7,"Unsigned-regulon fgsea NES",1.69859109,0.664806402,NA,NA,NA,NA,NA,NA,NA
"IRF7",FALSE,15,"Unsigned-regulon fgsea NES",1.69738209,1.0634035,NA,NA,NA,NA,NA,NA,NA
"CTNNB1",FALSE,172,"Unsigned-regulon fgsea NES",1.69675081,1.90878253,NA,NA,NA,NA,NA,NA,NA
"HSF2",FALSE,19,"Unsigned-regulon fgsea NES",1.69668095,1.18186848,NA,NA,NA,NA,NA,NA,NA
"YBX1",FALSE,64,"Unsigned-regulon fgsea NES",1.69199084,1.62013784,NA,NA,NA,NA,NA,NA,NA
"MYOG",FALSE,29,"Unsigned-regulon fgsea NES",1.69154482,1.3561041,NA,NA,NA,NA,NA,NA,NA
"HES1",FALSE,55,"Unsigned-regulon fgsea NES",1.69099815,1.57742511,NA,NA,NA,NA,NA,NA,NA
"ZNF384",FALSE,11,"Unsigned-regulon fgsea NES",1.68996608,0.896792393,NA,NA,NA,NA,NA,NA,NA
"EGR2",FALSE,54,"Unsigned-regulon fgsea NES",1.68690788,1.57247843,NA,NA,NA,NA,NA,NA,NA
"BCL6",FALSE,70,"Unsigned-regulon fgsea NES",1.68217245,1.64813055,NA,NA,NA,NA,NA,NA,NA
"ATF6",FALSE,42,"Unsigned-regulon fgsea NES",1.67280929,1.49840598,NA,NA,NA,NA,NA,NA,NA
"TP63",FALSE,141,"Unsigned-regulon fgsea NES",1.6711579,1.85321171,NA,NA,NA,NA,NA,NA,NA
"GATA6",FALSE,33,"Unsigned-regulon fgsea NES",1.67072871,1.40760435,NA,NA,NA,NA,NA,NA,NA
"ETV6",FALSE,14,"Unsigned-regulon fgsea NES",1.66431289,1.02570066,NA,NA,NA,NA,NA,NA,NA
"HR",FALSE,54,"Unsigned-regulon fgsea NES",1.66036169,1.57247843,NA,NA,NA,NA,NA,NA,NA
"MEIS1",FALSE,16,"Unsigned-regulon fgsea NES",1.65768231,1.09890036,NA,NA,NA,NA,NA,NA,NA
"CREM",FALSE,58,"Unsigned-regulon fgsea NES",1.65006105,1.59186981,NA,NA,NA,NA,NA,NA,NA
"MAF",FALSE,41,"Unsigned-regulon fgsea NES",1.6481374,1.48991886,NA,NA,NA,NA,NA,NA,NA
"NFIA",FALSE,30,"Unsigned-regulon fgsea NES",1.64794538,1.3698979,NA,NA,NA,NA,NA,NA,NA
"NCOA2",FALSE,37,"Unsigned-regulon fgsea NES",1.64554966,1.45141389,NA,NA,NA,NA,NA,NA,NA
"MAZ",FALSE,23,"Unsigned-regulon fgsea NES",1.6422472,1.25915236,NA,NA,NA,NA,NA,NA,NA
"PAX5",FALSE,38,"Unsigned-regulon fgsea NES",1.64066306,1.46149472,NA,NA,NA,NA,NA,NA,NA
"USF2",FALSE,70,"Unsigned-regulon fgsea NES",1.63873401,1.64813055,NA,NA,NA,NA,NA,NA,NA
"AHR",FALSE,115,"Unsigned-regulon fgsea NES",1.63616952,1.79556386,NA,NA,NA,NA,NA,NA,NA
"FOSB",FALSE,18,"Unsigned-regulon fgsea NES",1.63393694,1.15792932,NA,NA,NA,NA,NA,NA,NA
"SIN3A",FALSE,8,"Unsigned-regulon fgsea NES",1.63295646,0.732469988,NA,NA,NA,NA,NA,NA,NA
"SMAD1",FALSE,33,"Unsigned-regulon fgsea NES",1.63178636,1.40760435,NA,NA,NA,NA,NA,NA,NA
"GLI3",FALSE,22,"Unsigned-regulon fgsea NES",1.62948443,1.24152602,NA,NA,NA,NA,NA,NA,NA
"FOXC2",FALSE,10,"Unsigned-regulon fgsea NES",1.62635699,0.84720146,NA,NA,NA,NA,NA,NA,NA
"KLF13",FALSE,9,"Unsigned-regulon fgsea NES",1.62443093,0.792846085,NA,NA,NA,NA,NA,NA,NA
"ID1",FALSE,51,"Unsigned-regulon fgsea NES",1.62435879,1.55699575,NA,NA,NA,NA,NA,NA,NA
"PPARGC1A",FALSE,19,"Unsigned-regulon fgsea NES",1.62430751,1.18186848,NA,NA,NA,NA,NA,NA,NA
"EZH2",FALSE,92,"Unsigned-regulon fgsea NES",1.62339616,1.73088197,NA,NA,NA,NA,NA,NA,NA
"MEF2D",FALSE,18,"Unsigned-regulon fgsea NES",1.62301113,1.15792932,NA,NA,NA,NA,NA,NA,NA
"DLX4",FALSE,25,"Unsigned-regulon fgsea NES",1.62143716,1.29311624,NA,NA,NA,NA,NA,NA,NA
"PITX3",FALSE,6,"Unsigned-regulon fgsea NES",1.61999542,0.587093795,NA,NA,NA,NA,NA,NA,NA
"NR1H2",FALSE,30,"Unsigned-regulon fgsea NES",1.61783144,1.3698979,NA,NA,NA,NA,NA,NA,NA
"ETS2",FALSE,70,"Unsigned-regulon fgsea NES",1.61664315,1.64813055,NA,NA,NA,NA,NA,NA,NA
"ARX",FALSE,12,"Unsigned-regulon fgsea NES",1.61468849,0.942689893,NA,NA,NA,NA,NA,NA,NA
"MEOX2",FALSE,5,"Unsigned-regulon fgsea NES",1.60997619,0.495660499,NA,NA,NA,NA,NA,NA,NA
"RELB",FALSE,45,"Unsigned-regulon fgsea NES",1.60788845,1.52090544,NA,NA,NA,NA,NA,NA,NA
"PRDM1",FALSE,45,"Unsigned-regulon fgsea NES",1.60696346,1.52090544,NA,NA,NA,NA,NA,NA,NA
"NR1H4",FALSE,61,"Unsigned-regulon fgsea NES",1.60669734,1.60601054,NA,NA,NA,NA,NA,NA,NA
"KAT5",FALSE,41,"Unsigned-regulon fgsea NES",1.60474557,1.48991886,NA,NA,NA,NA,NA,NA,NA
"TWIST2",FALSE,24,"Unsigned-regulon fgsea NES",1.60316781,1.27626482,NA,NA,NA,NA,NA,NA,NA
"SP2",FALSE,17,"Unsigned-regulon fgsea NES",1.60285149,1.13065617,NA,NA,NA,NA,NA,NA,NA
"HBP1",FALSE,36,"Unsigned-regulon fgsea NES",1.60062822,1.44101937,NA,NA,NA,NA,NA,NA,NA
"GLI1",FALSE,96,"Unsigned-regulon fgsea NES",1.59867697,1.7433856,NA,NA,NA,NA,NA,NA,NA
"KLF9",FALSE,13,"Unsigned-regulon fgsea NES",1.59561458,0.985554087,NA,NA,NA,NA,NA,NA,NA
"SRY",FALSE,17,"Unsigned-regulon fgsea NES",1.59220687,1.13065617,NA,NA,NA,NA,NA,NA,NA
"FOXQ1",FALSE,8,"Unsigned-regulon fgsea NES",1.58811131,0.732469988,NA,NA,NA,NA,NA,NA,NA
"FOXM1",FALSE,54,"Unsigned-regulon fgsea NES",1.58616807,1.57247843,NA,NA,NA,NA,NA,NA,NA
"KLF7",FALSE,7,"Unsigned-regulon fgsea NES",1.58527504,0.664806402,NA,NA,NA,NA,NA,NA,NA
"MECP2",FALSE,18,"Unsigned-regulon fgsea NES",1.58424792,1.15792932,NA,NA,NA,NA,NA,NA,NA
"HSF4",FALSE,7,"Unsigned-regulon fgsea NES",1.58411274,0.664806402,NA,NA,NA,NA,NA,NA,NA
"TBP",FALSE,108,"Unsigned-regulon fgsea NES",1.57731666,1.77756262,NA,NA,NA,NA,NA,NA,NA
"FOXF2",FALSE,8,"Unsigned-regulon fgsea NES",1.57641972,0.732469988,NA,NA,NA,NA,NA,NA,NA
"FLI1",FALSE,57,"Unsigned-regulon fgsea NES",1.57360875,1.58710567,NA,NA,NA,NA,NA,NA,NA
"KAT7",FALSE,52,"Unsigned-regulon fgsea NES",1.57153356,1.56228421,NA,NA,NA,NA,NA,NA,NA
"SMAD3",FALSE,97,"Unsigned-regulon fgsea NES",1.57143629,1.74641691,NA,NA,NA,NA,NA,NA,NA
"FOXO3",FALSE,139,"Unsigned-regulon fgsea NES",1.57128063,1.84920067,NA,NA,NA,NA,NA,NA,NA
"SKIL",FALSE,11,"Unsigned-regulon fgsea NES",1.56792607,0.896792393,NA,NA,NA,NA,NA,NA,NA
"CEBPZ",FALSE,11,"Unsigned-regulon fgsea NES",1.56658929,0.896792393,NA,NA,NA,NA,NA,NA,NA
"ING4",FALSE,11,"Unsigned-regulon fgsea NES",1.56289311,0.896792393,NA,NA,NA,NA,NA,NA,NA
"BHLHE41",FALSE,19,"Unsigned-regulon fgsea NES",1.56245107,1.18186848,NA,NA,NA,NA,NA,NA,NA
"HDAC4",FALSE,16,"Unsigned-regulon fgsea NES",1.56152852,1.09890036,NA,NA,NA,NA,NA,NA,NA
"FOXO4",FALSE,22,"Unsigned-regulon fgsea NES",1.56125121,1.24152602,NA,NA,NA,NA,NA,NA,NA
"SMAD4",FALSE,62,"Unsigned-regulon fgsea NES",1.56083019,1.61070917,NA,NA,NA,NA,NA,NA,NA
"APEX1",FALSE,27,"Unsigned-regulon fgsea NES",1.56078223,1.32620811,NA,NA,NA,NA,NA,NA,NA
"NR2E1",FALSE,8,"Unsigned-regulon fgsea NES",1.55739811,0.732469988,NA,NA,NA,NA,NA,NA,NA
"KLF2",FALSE,44,"Unsigned-regulon fgsea NES",1.55485532,1.51384072,NA,NA,NA,NA,NA,NA,NA
"TBX1",FALSE,5,"Unsigned-regulon fgsea NES",1.55481189,0.495660499,NA,NA,NA,NA,NA,NA,NA
"NR0B2",FALSE,69,"Unsigned-regulon fgsea NES",1.55202154,1.64363712,NA,NA,NA,NA,NA,NA,NA
"EPAS1",TRUE,62,"Unsigned-regulon fgsea NES",1.54702647,1.61070917,0.263895878,0.988946247,1.33945996,1.54702647,99.1,0.00999000999,1.29747253
"TBX5",FALSE,8,"Unsigned-regulon fgsea NES",1.5467403,0.732469988,NA,NA,NA,NA,NA,NA,NA
"FOXO1",FALSE,157,"Unsigned-regulon fgsea NES",1.54060895,1.88330367,NA,NA,NA,NA,NA,NA,NA
"BARX2",FALSE,11,"Unsigned-regulon fgsea NES",1.53714928,0.896792393,NA,NA,NA,NA,NA,NA,NA
"MAFA",FALSE,7,"Unsigned-regulon fgsea NES",1.53661382,0.664806402,NA,NA,NA,NA,NA,NA,NA
"ATF7",FALSE,5,"Unsigned-regulon fgsea NES",1.53605373,0.495660499,NA,NA,NA,NA,NA,NA,NA
"TSC22D1",FALSE,5,"Unsigned-regulon fgsea NES",1.53309128,0.495660499,NA,NA,NA,NA,NA,NA,NA
"KDM2A",FALSE,7,"Unsigned-regulon fgsea NES",1.52990269,0.664806402,NA,NA,NA,NA,NA,NA,NA
"KAT2B",FALSE,12,"Unsigned-regulon fgsea NES",1.52884101,0.942689893,NA,NA,NA,NA,NA,NA,NA
"USF1",FALSE,127,"Unsigned-regulon fgsea NES",1.5262464,1.82376128,NA,NA,NA,NA,NA,NA,NA
"MTF1",FALSE,26,"Unsigned-regulon fgsea NES",1.52563586,1.30990517,NA,NA,NA,NA,NA,NA,NA
"BHLHA15",FALSE,6,"Unsigned-regulon fgsea NES",1.52488084,0.587093795,NA,NA,NA,NA,NA,NA,NA
"TADA2A",FALSE,6,"Unsigned-regulon fgsea NES",1.52362801,0.587093795,NA,NA,NA,NA,NA,NA,NA
"CDX2",FALSE,25,"Unsigned-regulon fgsea NES",1.51963343,1.29311624,NA,NA,NA,NA,NA,NA,NA
"SMAD2",FALSE,51,"Unsigned-regulon fgsea NES",1.5177503,1.55699575,NA,NA,NA,NA,NA,NA,NA
"SP4",FALSE,27,"Unsigned-regulon fgsea NES",1.51656084,1.32620811,NA,NA,NA,NA,NA,NA,NA
"FHL2",FALSE,6,"Unsigned-regulon fgsea NES",1.5157023,0.587093795,NA,NA,NA,NA,NA,NA,NA
"ZFX",FALSE,5,"Unsigned-regulon fgsea NES",1.51382684,0.495660499,NA,NA,NA,NA,NA,NA,NA
"ARID3A",FALSE,6,"Unsigned-regulon fgsea NES",1.5135635,0.587093795,NA,NA,NA,NA,NA,NA,NA
"RXRB",FALSE,7,"Unsigned-regulon fgsea NES",1.51209223,0.664806402,NA,NA,NA,NA,NA,NA,NA
"BATF",FALSE,15,"Unsigned-regulon fgsea NES",1.50933138,1.0634035,NA,NA,NA,NA,NA,NA,NA
"EBF3",FALSE,5,"Unsigned-regulon fgsea NES",1.50899361,0.495660499,NA,NA,NA,NA,NA,NA,NA
"VSX2",FALSE,21,"Unsigned-regulon fgsea NES",1.50853385,1.22306358,NA,NA,NA,NA,NA,NA,NA
"PLAGL1",FALSE,12,"Unsigned-regulon fgsea NES",1.50838112,0.942689893,NA,NA,NA,NA,NA,NA,NA
"ID2",FALSE,36,"Unsigned-regulon fgsea NES",1.50715286,1.44101937,NA,NA,NA,NA,NA,NA,NA
"MSX1",FALSE,8,"Unsigned-regulon fgsea NES",1.50639057,0.732469988,NA,NA,NA,NA,NA,NA,NA
"TAF1",FALSE,33,"Unsigned-regulon fgsea NES",1.50372325,1.40760435,NA,NA,NA,NA,NA,NA,NA
"BMAL2",FALSE,6,"Unsigned-regulon fgsea NES",1.50131043,0.587093795,NA,NA,NA,NA,NA,NA,NA
"RUNX3",FALSE,55,"Unsigned-regulon fgsea NES",1.49116148,1.57742511,NA,NA,NA,NA,NA,NA,NA
"TGFB1I1",FALSE,8,"Unsigned-regulon fgsea NES",1.48976729,0.732469988,NA,NA,NA,NA,NA,NA,NA
"KLF17",FALSE,5,"Unsigned-regulon fgsea NES",1.48936321,0.495660499,NA,NA,NA,NA,NA,NA,NA
"LEF1",FALSE,52,"Unsigned-regulon fgsea NES",1.48911724,1.56228421,NA,NA,NA,NA,NA,NA,NA
"ASCL1",FALSE,32,"Unsigned-regulon fgsea NES",1.48841175,1.39558225,NA,NA,NA,NA,NA,NA,NA
"ETV5",FALSE,9,"Unsigned-regulon fgsea NES",1.48834737,0.792846085,NA,NA,NA,NA,NA,NA,NA
"MYF6",FALSE,7,"Unsigned-regulon fgsea NES",1.48780811,0.664806402,NA,NA,NA,NA,NA,NA,NA
"NUPR1",FALSE,6,"Unsigned-regulon fgsea NES",1.4843501,0.587093795,NA,NA,NA,NA,NA,NA,NA
"HOXB2",FALSE,5,"Unsigned-regulon fgsea NES",1.48346573,0.495660499,NA,NA,NA,NA,NA,NA,NA
"MYF5",FALSE,11,"Unsigned-regulon fgsea NES",1.48129099,0.896792393,NA,NA,NA,NA,NA,NA,NA
"NCOA3",FALSE,49,"Unsigned-regulon fgsea NES",1.47950757,1.54591683,NA,NA,NA,NA,NA,NA,NA
"ELF4",FALSE,32,"Unsigned-regulon fgsea NES",1.47924591,1.39558225,NA,NA,NA,NA,NA,NA,NA
"TBPL1",FALSE,26,"Unsigned-regulon fgsea NES",1.47717312,1.30990517,NA,NA,NA,NA,NA,NA,NA
"ZBTB17",FALSE,34,"Unsigned-regulon fgsea NES",1.47686632,1.41915395,NA,NA,NA,NA,NA,NA,NA
"MAX",FALSE,35,"Unsigned-regulon fgsea NES",1.47600468,1.43027837,NA,NA,NA,NA,NA,NA,NA
"ZNF354C",FALSE,16,"Unsigned-regulon fgsea NES",1.4732667,1.09890036,NA,NA,NA,NA,NA,NA,NA
"E2F7",FALSE,6,"Unsigned-regulon fgsea NES",1.47086996,0.587093795,NA,NA,NA,NA,NA,NA,NA
"SIX1",FALSE,7,"Unsigned-regulon fgsea NES",1.46980805,0.664806402,NA,NA,NA,NA,NA,NA,NA
"TRPS1",FALSE,10,"Unsigned-regulon fgsea NES",1.46980576,0.84720146,NA,NA,NA,NA,NA,NA,NA
"ELK3",FALSE,15,"Unsigned-regulon fgsea NES",1.46965734,1.0634035,NA,NA,NA,NA,NA,NA,NA
"STAT2",FALSE,29,"Unsigned-regulon fgsea NES",1.46926725,1.3561041,NA,NA,NA,NA,NA,NA,NA
"IKZF1",FALSE,29,"Unsigned-regulon fgsea NES",1.46869032,1.3561041,NA,NA,NA,NA,NA,NA,NA
"ATF4",FALSE,81,"Unsigned-regulon fgsea NES",1.46556658,1.69289722,NA,NA,NA,NA,NA,NA,NA
"TFDP1",FALSE,29,"Unsigned-regulon fgsea NES",1.46406361,1.3561041,NA,NA,NA,NA,NA,NA,NA
"PAX6",FALSE,64,"Unsigned-regulon fgsea NES",1.45828401,1.62013784,NA,NA,NA,NA,NA,NA,NA
"RORA",FALSE,38,"Unsigned-regulon fgsea NES",1.45515953,1.46149472,NA,NA,NA,NA,NA,NA,NA
"PHF20",FALSE,7,"Unsigned-regulon fgsea NES",1.45433504,0.664806402,NA,NA,NA,NA,NA,NA,NA
"RARG",FALSE,13,"Unsigned-regulon fgsea NES",1.45278963,0.985554087,NA,NA,NA,NA,NA,NA,NA
"PAX8",FALSE,21,"Unsigned-regulon fgsea NES",1.45163553,1.22306358,NA,NA,NA,NA,NA,NA,NA
"NR4A1",FALSE,66,"Unsigned-regulon fgsea NES",1.45040319,1.62965718,NA,NA,NA,NA,NA,NA,NA
"CLOCK",FALSE,40,"Unsigned-regulon fgsea NES",1.44346421,1.48082884,NA,NA,NA,NA,NA,NA,NA
"ZFHX3",FALSE,6,"Unsigned-regulon fgsea NES",1.4423804,0.587093795,NA,NA,NA,NA,NA,NA,NA
"CEBPE",FALSE,19,"Unsigned-regulon fgsea NES",1.44120022,1.18186848,NA,NA,NA,NA,NA,NA,NA
"ZNF300",FALSE,6,"Unsigned-regulon fgsea NES",1.43937725,0.587093795,NA,NA,NA,NA,NA,NA,NA
"KLF10",FALSE,19,"Unsigned-regulon fgsea NES",1.43736088,1.18186848,NA,NA,NA,NA,NA,NA,NA
"NFYA",FALSE,70,"Unsigned-regulon fgsea NES",1.43693751,1.64813055,NA,NA,NA,NA,NA,NA,NA
"NR2F2",FALSE,32,"Unsigned-regulon fgsea NES",1.43153747,1.39558225,NA,NA,NA,NA,NA,NA,NA
"HIPK2",FALSE,6,"Unsigned-regulon fgsea NES",1.43006284,0.587093795,NA,NA,NA,NA,NA,NA,NA
"PML",FALSE,16,"Unsigned-regulon fgsea NES",1.42989199,1.09890036,NA,NA,NA,NA,NA,NA,NA
"TBX3",FALSE,10,"Unsigned-regulon fgsea NES",1.42907328,0.84720146,NA,NA,NA,NA,NA,NA,NA
"ZNF76",FALSE,6,"Unsigned-regulon fgsea NES",1.42875714,0.587093795,NA,NA,NA,NA,NA,NA,NA
"PROX1",FALSE,18,"Unsigned-regulon fgsea NES",1.4276182,1.15792932,NA,NA,NA,NA,NA,NA,NA
"EP300",FALSE,45,"Unsigned-regulon fgsea NES",1.42512568,1.52090544,NA,NA,NA,NA,NA,NA,NA
"GTF3A",FALSE,17,"Unsigned-regulon fgsea NES",1.42424973,1.13065617,NA,NA,NA,NA,NA,NA,NA
"MTA1",FALSE,37,"Unsigned-regulon fgsea NES",1.42175239,1.45141389,NA,NA,NA,NA,NA,NA,NA
"RFX1",FALSE,17,"Unsigned-regulon fgsea NES",1.41657935,1.13065617,NA,NA,NA,NA,NA,NA,NA
"ESRRB",FALSE,8,"Unsigned-regulon fgsea NES",1.4101353,0.732469988,NA,NA,NA,NA,NA,NA,NA
"ARID3B",FALSE,5,"Unsigned-regulon fgsea NES",1.4058789,0.495660499,NA,NA,NA,NA,NA,NA,NA
"SALL4",FALSE,10,"Unsigned-regulon fgsea NES",1.40489584,0.84720146,NA,NA,NA,NA,NA,NA,NA
"NOTO",FALSE,8,"Unsigned-regulon fgsea NES",1.39916017,0.732469988,NA,NA,NA,NA,NA,NA,NA
"THRA",FALSE,40,"Unsigned-regulon fgsea NES",1.398033,1.48082884,NA,NA,NA,NA,NA,NA,NA
"NKX2-5",FALSE,31,"Unsigned-regulon fgsea NES",1.39384238,1.38303388,NA,NA,NA,NA,NA,NA,NA
"TP73",FALSE,95,"Unsigned-regulon fgsea NES",1.39310408,1.74031741,NA,NA,NA,NA,NA,NA,NA
"ZNF91",FALSE,26,"Unsigned-regulon fgsea NES",1.39295711,1.30990517,NA,NA,NA,NA,NA,NA,NA
"EBF1",FALSE,17,"Unsigned-regulon fgsea NES",1.39237375,1.13065617,NA,NA,NA,NA,NA,NA,NA
"CREB5",FALSE,9,"Unsigned-regulon fgsea NES",1.39056106,0.792846085,NA,NA,NA,NA,NA,NA,NA
"EHF",FALSE,7,"Unsigned-regulon fgsea NES",1.38680079,0.664806402,NA,NA,NA,NA,NA,NA,NA
"SOX11",FALSE,6,"Unsigned-regulon fgsea NES",1.38610086,0.587093795,NA,NA,NA,NA,NA,NA,NA
"TTF1",FALSE,31,"Unsigned-regulon fgsea NES",1.38510815,1.38303388,NA,NA,NA,NA,NA,NA,NA
"GLI2",FALSE,81,"Unsigned-regulon fgsea NES",1.38474974,1.69289722,NA,NA,NA,NA,NA,NA,NA
"NFKBIZ",FALSE,6,"Unsigned-regulon fgsea NES",1.38315941,0.587093795,NA,NA,NA,NA,NA,NA,NA
"HNF1B",FALSE,14,"Unsigned-regulon fgsea NES",1.37932494,1.02570066,NA,NA,NA,NA,NA,NA,NA
"ZNF148",FALSE,21,"Unsigned-regulon fgsea NES",1.37579151,1.22306358,NA,NA,NA,NA,NA,NA,NA
"EWSR1",FALSE,38,"Unsigned-regulon fgsea NES",1.37450856,1.46149472,NA,NA,NA,NA,NA,NA,NA
"ZIC1",FALSE,10,"Unsigned-regulon fgsea NES",1.3720975,0.84720146,NA,NA,NA,NA,NA,NA,NA
"SOX17",FALSE,23,"Unsigned-regulon fgsea NES",1.36723847,1.25915236,NA,NA,NA,NA,NA,NA,NA
"SOX5",FALSE,8,"Unsigned-regulon fgsea NES",1.36522674,0.732469988,NA,NA,NA,NA,NA,NA,NA
"ARID1A",FALSE,6,"Unsigned-regulon fgsea NES",1.36446554,0.587093795,NA,NA,NA,NA,NA,NA,NA
"SP7",FALSE,16,"Unsigned-regulon fgsea NES",1.36284937,1.09890036,NA,NA,NA,NA,NA,NA,NA
"THAP11",FALSE,6,"Unsigned-regulon fgsea NES",1.36198584,0.587093795,NA,NA,NA,NA,NA,NA,NA
"GFI1",FALSE,40,"Unsigned-regulon fgsea NES",1.3617503,1.48082884,NA,NA,NA,NA,NA,NA,NA
"ZBTB7B",FALSE,9,"Unsigned-regulon fgsea NES",1.36007946,0.792846085,NA,NA,NA,NA,NA,NA,NA
"NFIL3",FALSE,22,"Unsigned-regulon fgsea NES",1.35512751,1.24152602,NA,NA,NA,NA,NA,NA,NA
"POU1F1",FALSE,25,"Unsigned-regulon fgsea NES",1.35004155,1.29311624,NA,NA,NA,NA,NA,NA,NA
"TET1",FALSE,10,"Unsigned-regulon fgsea NES",1.34955496,0.84720146,NA,NA,NA,NA,NA,NA,NA
"MECOM",FALSE,10,"Unsigned-regulon fgsea NES",1.34794729,0.84720146,NA,NA,NA,NA,NA,NA,NA
"DLX2",FALSE,12,"Unsigned-regulon fgsea NES",1.34556339,0.942689893,NA,NA,NA,NA,NA,NA,NA
"RARA",FALSE,102,"Unsigned-regulon fgsea NES",1.3432475,1.7610504,NA,NA,NA,NA,NA,NA,NA
"CTCF",FALSE,100,"Unsigned-regulon fgsea NES",1.34041784,1.75529829,NA,NA,NA,NA,NA,NA,NA
"MEF2A",FALSE,59,"Unsigned-regulon fgsea NES",1.33408991,1.59660101,NA,NA,NA,NA,NA,NA,NA
"KDM5A",FALSE,10,"Unsigned-regulon fgsea NES",1.32827663,0.84720146,NA,NA,NA,NA,NA,NA,NA
"CUX1",FALSE,74,"Unsigned-regulon fgsea NES",1.32820126,1.66534452,NA,NA,NA,NA,NA,NA,NA
"GTF2I",FALSE,18,"Unsigned-regulon fgsea NES",1.32441521,1.15792932,NA,NA,NA,NA,NA,NA,NA
"PREB",FALSE,9,"Unsigned-regulon fgsea NES",1.32250752,0.792846085,NA,NA,NA,NA,NA,NA,NA
"IRF6",FALSE,7,"Unsigned-regulon fgsea NES",1.31640198,0.664806402,NA,NA,NA,NA,NA,NA,NA
"ZNF436",FALSE,5,"Unsigned-regulon fgsea NES",1.31420022,0.495660499,NA,NA,NA,NA,NA,NA,NA
"HIC1",FALSE,15,"Unsigned-regulon fgsea NES",1.30513873,1.0634035,NA,NA,NA,NA,NA,NA,NA
"SALL2",FALSE,5,"Unsigned-regulon fgsea NES",1.29945687,0.495660499,NA,NA,NA,NA,NA,NA,NA
"PITX2",FALSE,62,"Unsigned-regulon fgsea NES",1.29254017,1.61070917,NA,NA,NA,NA,NA,NA,NA
"THRB",FALSE,28,"Unsigned-regulon fgsea NES",1.29171145,1.34157184,NA,NA,NA,NA,NA,NA,NA
"PBX1",FALSE,23,"Unsigned-regulon fgsea NES",1.2877437,1.25915236,NA,NA,NA,NA,NA,NA,NA
"NR4A3",FALSE,25,"Unsigned-regulon fgsea NES",1.2853657,1.29311624,NA,NA,NA,NA,NA,NA,NA
"GATA4",FALSE,58,"Unsigned-regulon fgsea NES",1.28230974,1.59186981,NA,NA,NA,NA,NA,NA,NA
"PROP1",FALSE,5,"Unsigned-regulon fgsea NES",1.28030985,0.495660499,NA,NA,NA,NA,NA,NA,NA
"KLF1",FALSE,13,"Unsigned-regulon fgsea NES",1.27956573,0.985554087,NA,NA,NA,NA,NA,NA,NA
"NFYB",FALSE,30,"Unsigned-regulon fgsea NES",1.2777936,1.3698979,NA,NA,NA,NA,NA,NA,NA
"HIVEP2",FALSE,8,"Unsigned-regulon fgsea NES",1.27445562,0.732469988,NA,NA,NA,NA,NA,NA,NA
"NCOR2",FALSE,41,"Unsigned-regulon fgsea NES",1.26382882,1.48991886,NA,NA,NA,NA,NA,NA,NA
"PAX7",FALSE,10,"Unsigned-regulon fgsea NES",1.26192141,0.84720146,NA,NA,NA,NA,NA,NA,NA
"HOXA1",FALSE,15,"Unsigned-regulon fgsea NES",1.25983414,1.0634035,NA,NA,NA,NA,NA,NA,NA
"HOXC6",FALSE,5,"Unsigned-regulon fgsea NES",1.25890588,0.495660499,NA,NA,NA,NA,NA,NA,NA
"NRG1",FALSE,25,"Unsigned-regulon fgsea NES",1.25432002,1.29311624,NA,NA,NA,NA,NA,NA,NA
"DMAP1",FALSE,5,"Unsigned-regulon fgsea NES",1.25331351,0.495660499,NA,NA,NA,NA,NA,NA,NA
"TFAP4",FALSE,27,"Unsigned-regulon fgsea NES",1.25266042,1.32620811,NA,NA,NA,NA,NA,NA,NA
"NR1I2",FALSE,156,"Unsigned-regulon fgsea NES",1.24722816,1.88151803,NA,NA,NA,NA,NA,NA,NA
"NKX2-1",FALSE,34,"Unsigned-regulon fgsea NES",1.24412264,1.41915395,NA,NA,NA,NA,NA,NA,NA
"NOTCH1",FALSE,39,"Unsigned-regulon fgsea NES",1.24376638,1.47129103,NA,NA,NA,NA,NA,NA,NA
"TCF7L2",FALSE,64,"Unsigned-regulon fgsea NES",1.24354532,1.62013784,NA,NA,NA,NA,NA,NA,NA
"NR4A2",FALSE,31,"Unsigned-regulon fgsea NES",1.24228123,1.38303388,NA,NA,NA,NA,NA,NA,NA
"SOX4",FALSE,12,"Unsigned-regulon fgsea NES",1.24030239,0.942689893,NA,NA,NA,NA,NA,NA,NA
"IRF8",FALSE,50,"Unsigned-regulon fgsea NES",1.24000828,1.55154874,NA,NA,NA,NA,NA,NA,NA
"OVOL1",FALSE,7,"Unsigned-regulon fgsea NES",1.23053763,0.664806402,NA,NA,NA,NA,NA,NA,NA
"RREB1",FALSE,5,"Unsigned-regulon fgsea NES",1.22895304,0.495660499,NA,NA,NA,NA,NA,NA,NA
"NR1D1",FALSE,9,"Unsigned-regulon fgsea NES",1.22365594,0.792846085,NA,NA,NA,NA,NA,NA,NA
"TFAM",FALSE,10,"Unsigned-regulon fgsea NES",1.22169907,0.84720146,NA,NA,NA,NA,NA,NA,NA
"TBX2",FALSE,14,"Unsigned-regulon fgsea NES",1.21625466,1.02570066,NA,NA,NA,NA,NA,NA,NA
"E2F3",FALSE,59,"Unsigned-regulon fgsea NES",1.21588948,1.59660101,NA,NA,NA,NA,NA,NA,NA
"HESX1",FALSE,13,"Unsigned-regulon fgsea NES",1.21010888,0.985554087,NA,NA,NA,NA,NA,NA,NA
"RB1",FALSE,32,"Unsigned-regulon fgsea NES",1.2055541,1.39558225,NA,NA,NA,NA,NA,NA,NA
"TCF4",FALSE,31,"Unsigned-regulon fgsea NES",1.2052084,1.38303388,NA,NA,NA,NA,NA,NA,NA
"NANOG",FALSE,32,"Unsigned-regulon fgsea NES",1.20459206,1.39558225,NA,NA,NA,NA,NA,NA,NA
"KDM5B",FALSE,17,"Unsigned-regulon fgsea NES",1.20101696,1.13065617,NA,NA,NA,NA,NA,NA,NA
"HLX",FALSE,11,"Unsigned-regulon fgsea NES",1.20025685,0.896792393,NA,NA,NA,NA,NA,NA,NA
"TCF21",FALSE,7,"Unsigned-regulon fgsea NES",1.1960168,0.664806402,NA,NA,NA,NA,NA,NA,NA
"PLAGL2",FALSE,5,"Unsigned-regulon fgsea NES",1.19533206,0.495660499,NA,NA,NA,NA,NA,NA,NA
"GABPA",FALSE,36,"Unsigned-regulon fgsea NES",1.19353357,1.44101937,NA,NA,NA,NA,NA,NA,NA
"HOXD3",FALSE,7,"Unsigned-regulon fgsea NES",1.19271359,0.664806402,NA,NA,NA,NA,NA,NA,NA
"NAB2",FALSE,6,"Unsigned-regulon fgsea NES",1.18853594,0.587093795,NA,NA,NA,NA,NA,NA,NA
"POU5F1",FALSE,43,"Unsigned-regulon fgsea NES",1.18466619,1.50635933,NA,NA,NA,NA,NA,NA,NA
"FOXD3",FALSE,8,"Unsigned-regulon fgsea NES",1.18165468,0.732469988,NA,NA,NA,NA,NA,NA,NA
"MZF1",FALSE,12,"Unsigned-regulon fgsea NES",1.18046268,0.942689893,NA,NA,NA,NA,NA,NA,NA
"SPIC",FALSE,5,"Unsigned-regulon fgsea NES",1.17447753,0.495660499,NA,NA,NA,NA,NA,NA,NA
"ZNF382",FALSE,7,"Unsigned-regulon fgsea NES",1.17421395,0.664806402,NA,NA,NA,NA,NA,NA,NA
"TWIST1",FALSE,42,"Unsigned-regulon fgsea NES",1.17338326,1.49840598,NA,NA,NA,NA,NA,NA,NA
"BACH1",FALSE,12,"Unsigned-regulon fgsea NES",1.16926241,0.942689893,NA,NA,NA,NA,NA,NA,NA
"MSX2",FALSE,13,"Unsigned-regulon fgsea NES",1.161376,0.985554087,NA,NA,NA,NA,NA,NA,NA
"MEF2C",FALSE,28,"Unsigned-regulon fgsea NES",1.1572746,1.34157184,NA,NA,NA,NA,NA,NA,NA
"TFE3",FALSE,26,"Unsigned-regulon fgsea NES",1.15641748,1.30990517,NA,NA,NA,NA,NA,NA,NA
"ELK4",FALSE,6,"Unsigned-regulon fgsea NES",1.15602184,0.587093795,NA,NA,NA,NA,NA,NA,NA
"ZEB2",FALSE,11,"Unsigned-regulon fgsea NES",1.15291231,0.896792393,NA,NA,NA,NA,NA,NA,NA
"ENO1",FALSE,10,"Unsigned-regulon fgsea NES",1.15264871,0.84720146,NA,NA,NA,NA,NA,NA,NA
"FOXA2",FALSE,42,"Unsigned-regulon fgsea NES",1.14017134,1.49840598,NA,NA,NA,NA,NA,NA,NA
"MED1",FALSE,10,"Unsigned-regulon fgsea NES",1.13786299,0.84720146,NA,NA,NA,NA,NA,NA,NA
"SMARCC1",FALSE,6,"Unsigned-regulon fgsea NES",1.1372668,0.587093795,NA,NA,NA,NA,NA,NA,NA
"MAFG",FALSE,8,"Unsigned-regulon fgsea NES",1.1324757,0.732469988,NA,NA,NA,NA,NA,NA,NA
"PLAG1",FALSE,5,"Unsigned-regulon fgsea NES",1.12592624,0.495660499,NA,NA,NA,NA,NA,NA,NA
"FOXL2",FALSE,11,"Unsigned-regulon fgsea NES",1.12349183,0.896792393,NA,NA,NA,NA,NA,NA,NA
"MBD2",FALSE,65,"Unsigned-regulon fgsea NES",1.12097008,1.62488287,NA,NA,NA,NA,NA,NA,NA
"DEAF1",FALSE,6,"Unsigned-regulon fgsea NES",1.11917812,0.587093795,NA,NA,NA,NA,NA,NA,NA
"MXD1",FALSE,19,"Unsigned-regulon fgsea NES",1.11726105,1.18186848,NA,NA,NA,NA,NA,NA,NA
"TFAP2C",FALSE,16,"Unsigned-regulon fgsea NES",1.11504772,1.09890036,NA,NA,NA,NA,NA,NA,NA
"CTBP1",FALSE,8,"Unsigned-regulon fgsea NES",1.11323604,0.732469988,NA,NA,NA,NA,NA,NA,NA
"PAX3",FALSE,51,"Unsigned-regulon fgsea NES",1.11062992,1.55699575,NA,NA,NA,NA,NA,NA,NA
"NFYC",FALSE,18,"Unsigned-regulon fgsea NES",1.10596416,1.15792932,NA,NA,NA,NA,NA,NA,NA
"E2F2",FALSE,45,"Unsigned-regulon fgsea NES",1.09787798,1.52090544,NA,NA,NA,NA,NA,NA,NA
"KLF15",FALSE,10,"Unsigned-regulon fgsea NES",1.09442902,0.84720146,NA,NA,NA,NA,NA,NA,NA
"GATA2",FALSE,54,"Unsigned-regulon fgsea NES",1.09372982,1.57247843,NA,NA,NA,NA,NA,NA,NA
"SMARCA1",FALSE,35,"Unsigned-regulon fgsea NES",1.09151031,1.43027837,NA,NA,NA,NA,NA,NA,NA
"GFI1B",FALSE,9,"Unsigned-regulon fgsea NES",1.09012454,0.792846085,NA,NA,NA,NA,NA,NA,NA
"TFDP3",FALSE,5,"Unsigned-regulon fgsea NES",1.08667791,0.495660499,NA,NA,NA,NA,NA,NA,NA
"LITAF",FALSE,18,"Unsigned-regulon fgsea NES",1.08568601,1.15792932,NA,NA,NA,NA,NA,NA,NA
"CTBP2",FALSE,9,"Unsigned-regulon fgsea NES",1.08422214,0.792846085,NA,NA,NA,NA,NA,NA,NA
"E2F6",FALSE,37,"Unsigned-regulon fgsea NES",1.08375321,1.45141389,NA,NA,NA,NA,NA,NA,NA
"NKRF",FALSE,5,"Unsigned-regulon fgsea NES",1.08284827,0.495660499,NA,NA,NA,NA,NA,NA,NA
"TEAD1",FALSE,13,"Unsigned-regulon fgsea NES",1.07048609,0.985554087,NA,NA,NA,NA,NA,NA,NA
"NFIX",FALSE,8,"Unsigned-regulon fgsea NES",1.07013327,0.732469988,NA,NA,NA,NA,NA,NA,NA
"HINFP",FALSE,9,"Unsigned-regulon fgsea NES",1.06995399,0.792846085,NA,NA,NA,NA,NA,NA,NA
"XBP1",FALSE,39,"Unsigned-regulon fgsea NES",1.06780449,1.47129103,NA,NA,NA,NA,NA,NA,NA
"NR5A1",FALSE,50,"Unsigned-regulon fgsea NES",1.06540502,1.55154874,NA,NA,NA,NA,NA,NA,NA
"MLXIPL",FALSE,11,"Unsigned-regulon fgsea NES",1.06298462,0.896792393,NA,NA,NA,NA,NA,NA,NA
"NKX6-1",FALSE,5,"Unsigned-regulon fgsea NES",1.05981554,0.495660499,NA,NA,NA,NA,NA,NA,NA
"FOXN1",FALSE,29,"Unsigned-regulon fgsea NES",1.05806082,1.3561041,NA,NA,NA,NA,NA,NA,NA
"TCF7",FALSE,15,"Unsigned-regulon fgsea NES",1.05701488,1.0634035,NA,NA,NA,NA,NA,NA,NA
"NR1I3",FALSE,24,"Unsigned-regulon fgsea NES",1.05600728,1.27626482,NA,NA,NA,NA,NA,NA,NA
"ERG",FALSE,26,"Unsigned-regulon fgsea NES",1.04883186,1.30990517,NA,NA,NA,NA,NA,NA,NA
"FEV",FALSE,5,"Unsigned-regulon fgsea NES",1.0483795,0.495660499,NA,NA,NA,NA,NA,NA,NA
"ZBTB16",FALSE,32,"Unsigned-regulon fgsea NES",1.03969561,1.39558225,NA,NA,NA,NA,NA,NA,NA
"BRD4",FALSE,10,"Unsigned-regulon fgsea NES",1.03432882,0.84720146,NA,NA,NA,NA,NA,NA,NA
"NR5A2",FALSE,27,"Unsigned-regulon fgsea NES",1.02750132,1.32620811,NA,NA,NA,NA,NA,NA,NA
"ZNF699",FALSE,31,"Unsigned-regulon fgsea NES",1.02388905,1.38303388,NA,NA,NA,NA,NA,NA,NA
"HAND2",FALSE,7,"Unsigned-regulon fgsea NES",1.02352635,0.664806402,NA,NA,NA,NA,NA,NA,NA
"PDX1",FALSE,44,"Unsigned-regulon fgsea NES",1.01969259,1.51384072,NA,NA,NA,NA,NA,NA,NA
"TRIM28",FALSE,5,"Unsigned-regulon fgsea NES",1.01867766,0.495660499,NA,NA,NA,NA,NA,NA,NA
"NFIB",FALSE,9,"Unsigned-regulon fgsea NES",1.0127903,0.792846085,NA,NA,NA,NA,NA,NA,NA
"LHX8",FALSE,5,"Unsigned-regulon fgsea NES",1.00989507,0.495660499,NA,NA,NA,NA,NA,NA,NA
"FOXJ1",FALSE,6,"Unsigned-regulon fgsea NES",1.00936709,0.587093795,NA,NA,NA,NA,NA,NA,NA
"NKX2-2",FALSE,10,"Unsigned-regulon fgsea NES",1.00228498,0.84720146,NA,NA,NA,NA,NA,NA,NA
"SMAD7",FALSE,40,"Unsigned-regulon fgsea NES",0.998905202,1.48082884,NA,NA,NA,NA,NA,NA,NA
"E2F4",FALSE,153,"Unsigned-regulon fgsea NES",0.996022513,1.87608963,NA,NA,NA,NA,NA,NA,NA
"RCOR2",FALSE,13,"Unsigned-regulon fgsea NES",0.994300844,0.985554087,NA,NA,NA,NA,NA,NA,NA
"ESRRG",FALSE,15,"Unsigned-regulon fgsea NES",0.992629499,1.0634035,NA,NA,NA,NA,NA,NA,NA
"ELF3",FALSE,14,"Unsigned-regulon fgsea NES",0.988816246,1.02570066,NA,NA,NA,NA,NA,NA,NA
"DNMT3B",FALSE,45,"Unsigned-regulon fgsea NES",0.988458504,1.52090544,NA,NA,NA,NA,NA,NA,NA
"REST",FALSE,27,"Unsigned-regulon fgsea NES",0.983787881,1.32620811,NA,NA,NA,NA,NA,NA,NA
"NEUROD2",FALSE,6,"Unsigned-regulon fgsea NES",0.981554423,0.587093795,NA,NA,NA,NA,NA,NA,NA
"E2F1",FALSE,251,"Unsigned-regulon fgsea NES",0.9775123,2.01505431,NA,NA,NA,NA,NA,NA,NA
"FOXA1",FALSE,28,"Unsigned-regulon fgsea NES",0.976260174,1.34157184,NA,NA,NA,NA,NA,NA,NA
"ZNF362",FALSE,13,"Unsigned-regulon fgsea NES",0.97538423,0.985554087,NA,NA,NA,NA,NA,NA,NA
"CREB3L1",FALSE,5,"Unsigned-regulon fgsea NES",0.970582243,0.495660499,NA,NA,NA,NA,NA,NA,NA
"TAL1",FALSE,60,"Unsigned-regulon fgsea NES",0.963388762,1.60131104,NA,NA,NA,NA,NA,NA,NA
"AIRE",FALSE,15,"Unsigned-regulon fgsea NES",0.962417677,1.0634035,NA,NA,NA,NA,NA,NA,NA
"HDGF",FALSE,6,"Unsigned-regulon fgsea NES",0.959169135,0.587093795,NA,NA,NA,NA,NA,NA,NA
"HOXA9",FALSE,25,"Unsigned-regulon fgsea NES",0.95879706,1.29311624,NA,NA,NA,NA,NA,NA,NA
"HDAC3",FALSE,17,"Unsigned-regulon fgsea NES",0.951782201,1.13065617,NA,NA,NA,NA,NA,NA,NA
"NPM1",FALSE,11,"Unsigned-regulon fgsea NES",0.946877961,0.896792393,NA,NA,NA,NA,NA,NA,NA
"OTX2",FALSE,12,"Unsigned-regulon fgsea NES",0.934936141,0.942689893,NA,NA,NA,NA,NA,NA,NA
"TCF12",FALSE,29,"Unsigned-regulon fgsea NES",0.933829183,1.3561041,NA,NA,NA,NA,NA,NA,NA
"ETV1",FALSE,13,"Unsigned-regulon fgsea NES",0.927089009,0.985554087,NA,NA,NA,NA,NA,NA,NA
"TFAP2B",FALSE,11,"Unsigned-regulon fgsea NES",0.92580658,0.896792393,NA,NA,NA,NA,NA,NA,NA
"PKNOX1",FALSE,10,"Unsigned-regulon fgsea NES",0.923606713,0.84720146,NA,NA,NA,NA,NA,NA,NA
"ZNF202",FALSE,6,"Unsigned-regulon fgsea NES",0.921464503,0.587093795,NA,NA,NA,NA,NA,NA,NA
"PEG3",FALSE,6,"Unsigned-regulon fgsea NES",0.921335598,0.587093795,NA,NA,NA,NA,NA,NA,NA
"BTG2",FALSE,6,"Unsigned-regulon fgsea NES",0.920361726,0.587093795,NA,NA,NA,NA,NA,NA,NA
"TEAD4",FALSE,7,"Unsigned-regulon fgsea NES",0.914908673,0.664806402,NA,NA,NA,NA,NA,NA,NA
"POU4F2",FALSE,16,"Unsigned-regulon fgsea NES",0.913495667,1.09890036,NA,NA,NA,NA,NA,NA,NA
"CDX1",FALSE,15,"Unsigned-regulon fgsea NES",0.913044008,1.0634035,NA,NA,NA,NA,NA,NA,NA
"NFATC4",FALSE,18,"Unsigned-regulon fgsea NES",0.912936399,1.15792932,NA,NA,NA,NA,NA,NA,NA
"ETV7",FALSE,8,"Unsigned-regulon fgsea NES",0.908685367,0.732469988,NA,NA,NA,NA,NA,NA,NA
"MAFB",FALSE,24,"Unsigned-regulon fgsea NES",0.907198986,1.27626482,NA,NA,NA,NA,NA,NA,NA
"HLF",FALSE,12,"Unsigned-regulon fgsea NES",0.905560031,0.942689893,NA,NA,NA,NA,NA,NA,NA
"ELF1",FALSE,56,"Unsigned-regulon fgsea NES",0.90471634,1.58229556,NA,NA,NA,NA,NA,NA,NA
"HIVEP3",FALSE,5,"Unsigned-regulon fgsea NES",0.903060848,0.495660499,NA,NA,NA,NA,NA,NA,NA
"NRL",FALSE,8,"Unsigned-regulon fgsea NES",0.898267545,0.732469988,NA,NA,NA,NA,NA,NA,NA
"POU3F1",FALSE,8,"Unsigned-regulon fgsea NES",0.896296043,0.732469988,NA,NA,NA,NA,NA,NA,NA
"ZKSCAN7",FALSE,8,"Unsigned-regulon fgsea NES",0.896148991,0.732469988,NA,NA,NA,NA,NA,NA,NA
"HOXD1",FALSE,5,"Unsigned-regulon fgsea NES",0.894108961,0.495660499,NA,NA,NA,NA,NA,NA,NA
"NFE2L3",FALSE,6,"Unsigned-regulon fgsea NES",0.890294477,0.587093795,NA,NA,NA,NA,NA,NA,NA
"TLX1",FALSE,5,"Unsigned-regulon fgsea NES",0.886730043,0.495660499,NA,NA,NA,NA,NA,NA,NA
"NR2C1",FALSE,10,"Unsigned-regulon fgsea NES",0.886522061,0.84720146,NA,NA,NA,NA,NA,NA,NA
"ZNF395",FALSE,6,"Unsigned-regulon fgsea NES",0.884587902,0.587093795,NA,NA,NA,NA,NA,NA,NA
"ZGLP1",FALSE,10,"Unsigned-regulon fgsea NES",0.884215519,0.84720146,NA,NA,NA,NA,NA,NA,NA
"E4F1",FALSE,9,"Unsigned-regulon fgsea NES",0.876084303,0.792846085,NA,NA,NA,NA,NA,NA,NA
"TBX15",FALSE,16,"Unsigned-regulon fgsea NES",0.87106822,1.09890036,NA,NA,NA,NA,NA,NA,NA
"VHL",FALSE,19,"Unsigned-regulon fgsea NES",0.866495781,1.18186848,NA,NA,NA,NA,NA,NA,NA
"KLF8",FALSE,16,"Unsigned-regulon fgsea NES",0.865640658,1.09890036,NA,NA,NA,NA,NA,NA,NA
"SRSF2",FALSE,11,"Unsigned-regulon fgsea NES",0.863644506,0.896792393,NA,NA,NA,NA,NA,NA,NA
"DLX3",FALSE,8,"Unsigned-regulon fgsea NES",0.849628681,0.732469988,NA,NA,NA,NA,NA,NA,NA
"NR2F1",FALSE,21,"Unsigned-regulon fgsea NES",0.849088743,1.22306358,NA,NA,NA,NA,NA,NA,NA
"MYBL2",FALSE,38,"Unsigned-regulon fgsea NES",0.84645831,1.46149472,NA,NA,NA,NA,NA,NA,NA
"NONO",FALSE,10,"Unsigned-regulon fgsea NES",0.840830721,0.84720146,NA,NA,NA,NA,NA,NA,NA
"NEUROG2",FALSE,10,"Unsigned-regulon fgsea NES",0.839539881,0.84720146,NA,NA,NA,NA,NA,NA,NA
"HCFC1",FALSE,7,"Unsigned-regulon fgsea NES",0.809446955,0.664806402,NA,NA,NA,NA,NA,NA,NA
"SIM2",FALSE,7,"Unsigned-regulon fgsea NES",0.804674434,0.664806402,NA,NA,NA,NA,NA,NA,NA
"SOX10",FALSE,12,"Unsigned-regulon fgsea NES",0.800249788,0.942689893,NA,NA,NA,NA,NA,NA,NA
"KAT6B",FALSE,8,"Unsigned-regulon fgsea NES",0.797587157,0.732469988,NA,NA,NA,NA,NA,NA,NA
"HTATIP2",FALSE,10,"Unsigned-regulon fgsea NES",0.791410951,0.84720146,NA,NA,NA,NA,NA,NA,NA
"ESRRA",FALSE,23,"Unsigned-regulon fgsea NES",0.789009638,1.25915236,NA,NA,NA,NA,NA,NA,NA
"MBD1",FALSE,13,"Unsigned-regulon fgsea NES",0.786376334,0.985554087,NA,NA,NA,NA,NA,NA,NA
"PRDM2",FALSE,8,"Unsigned-regulon fgsea NES",0.781455355,0.732469988,NA,NA,NA,NA,NA,NA,NA
"ZNF143",FALSE,21,"Unsigned-regulon fgsea NES",0.779680056,1.22306358,NA,NA,NA,NA,NA,NA,NA
"AIP",FALSE,5,"Unsigned-regulon fgsea NES",0.77332817,0.495660499,NA,NA,NA,NA,NA,NA,NA
"POU2F3",FALSE,5,"Unsigned-regulon fgsea NES",0.773278529,0.495660499,NA,NA,NA,NA,NA,NA,NA
"ATF5",FALSE,20,"Unsigned-regulon fgsea NES",0.772450967,1.20335353,NA,NA,NA,NA,NA,NA,NA
"ONECUT1",FALSE,7,"Unsigned-regulon fgsea NES",0.767261155,0.664806402,NA,NA,NA,NA,NA,NA,NA
"ISL1",FALSE,12,"Unsigned-regulon fgsea NES",0.759543982,0.942689893,NA,NA,NA,NA,NA,NA,NA
"ELF2",FALSE,6,"Unsigned-regulon fgsea NES",0.759192764,0.587093795,NA,NA,NA,NA,NA,NA,NA
"LYL1",FALSE,9,"Unsigned-regulon fgsea NES",0.749006133,0.792846085,NA,NA,NA,NA,NA,NA,NA
"SALL3",FALSE,5,"Unsigned-regulon fgsea NES",0.748594621,0.495660499,NA,NA,NA,NA,NA,NA,NA
"CXXC1",FALSE,14,"Unsigned-regulon fgsea NES",0.745536198,1.02570066,NA,NA,NA,NA,NA,NA,NA
"ZNF263",FALSE,6,"Unsigned-regulon fgsea NES",0.741800654,0.587093795,NA,NA,NA,NA,NA,NA,NA
"ZXDC",FALSE,6,"Unsigned-regulon fgsea NES",0.739869885,0.587093795,NA,NA,NA,NA,NA,NA,NA
"CREBZF",FALSE,12,"Unsigned-regulon fgsea NES",0.733982806,0.942689893,NA,NA,NA,NA,NA,NA,NA
"LHX2",FALSE,14,"Unsigned-regulon fgsea NES",0.717906205,1.02570066,NA,NA,NA,NA,NA,NA,NA
"NFE2",FALSE,7,"Unsigned-regulon fgsea NES",0.713386736,0.664806402,NA,NA,NA,NA,NA,NA,NA
"NEUROG3",FALSE,6,"Unsigned-regulon fgsea NES",0.71305291,0.587093795,NA,NA,NA,NA,NA,NA,NA
"SFPQ",FALSE,17,"Unsigned-regulon fgsea NES",0.680967166,1.13065617,NA,NA,NA,NA,NA,NA,NA
"NSD2",FALSE,6,"Unsigned-regulon fgsea NES",0.68092545,0.587093795,NA,NA,NA,NA,NA,NA,NA
"HOXB7",FALSE,8,"Unsigned-regulon fgsea NES",0.677409293,0.732469988,NA,NA,NA,NA,NA,NA,NA
"KDM5D",FALSE,6,"Unsigned-regulon fgsea NES",0.670768561,0.587093795,NA,NA,NA,NA,NA,NA,NA
"RARB",FALSE,23,"Unsigned-regulon fgsea NES",0.649326472,1.25915236,NA,NA,NA,NA,NA,NA,NA
"MTF2",FALSE,5,"Unsigned-regulon fgsea NES",0.606663206,0.495660499,NA,NA,NA,NA,NA,NA,NA
"HOXB1",FALSE,5,"Unsigned-regulon fgsea NES",0.57120978,0.495660499,NA,NA,NA,NA,NA,NA,NA
"ZBTB33",FALSE,7,"Unsigned-regulon fgsea NES",0.50616308,0.664806402,NA,NA,NA,NA,NA,NA,NA
"GATA5",FALSE,11,"Unsigned-regulon fgsea NES",-0.493492133,0.896792393,NA,NA,NA,NA,NA,NA,NA
"ATOH1",FALSE,5,"Unsigned-regulon fgsea NES",-0.50783454,0.495660499,NA,NA,NA,NA,NA,NA,NA
"NR2F6",FALSE,7,"Unsigned-regulon fgsea NES",-0.553052416,0.664806402,NA,NA,NA,NA,NA,NA,NA
"HOXC8",FALSE,9,"Unsigned-regulon fgsea NES",-0.563511738,0.792846085,NA,NA,NA,NA,NA,NA,NA
"ZNF331",FALSE,17,"Unsigned-regulon fgsea NES",-0.57527316,1.13065617,NA,NA,NA,NA,NA,NA,NA
"KDM5C",FALSE,9,"Unsigned-regulon fgsea NES",-0.601741625,0.792846085,NA,NA,NA,NA,NA,NA,NA
"MTA3",FALSE,8,"Unsigned-regulon fgsea NES",-0.602470301,0.732469988,NA,NA,NA,NA,NA,NA,NA
"DOT1L",FALSE,6,"Unsigned-regulon fgsea NES",-0.69294457,0.587093795,NA,NA,NA,NA,NA,NA,NA
"ETV3",FALSE,10,"Unsigned-regulon fgsea NES",-0.69316716,0.84720146,NA,NA,NA,NA,NA,NA,NA
"LMX1B",FALSE,10,"Unsigned-regulon fgsea NES",-0.693972909,0.84720146,NA,NA,NA,NA,NA,NA,NA
"KMT2A",FALSE,50,"Unsigned-regulon fgsea NES",-0.694523098,1.55154874,NA,NA,NA,NA,NA,NA,NA
"HOXA7",FALSE,9,"Unsigned-regulon fgsea NES",-0.698194672,0.792846085,NA,NA,NA,NA,NA,NA,NA
"SMARCA5",FALSE,6,"Unsigned-regulon fgsea NES",-0.70418158,0.587093795,NA,NA,NA,NA,NA,NA,NA
"ZNF236",FALSE,6,"Unsigned-regulon fgsea NES",-0.727724,0.587093795,NA,NA,NA,NA,NA,NA,NA
"YBX3",FALSE,19,"Unsigned-regulon fgsea NES",-0.736488546,1.18186848,NA,NA,NA,NA,NA,NA,NA
"ZHX2",FALSE,8,"Unsigned-regulon fgsea NES",-0.742692067,0.732469988,NA,NA,NA,NA,NA,NA,NA
"ZFPM1",FALSE,11,"Unsigned-regulon fgsea NES",-0.751718497,0.896792393,NA,NA,NA,NA,NA,NA,NA
"BACH2",FALSE,6,"Unsigned-regulon fgsea NES",-0.753503432,0.587093795,NA,NA,NA,NA,NA,NA,NA
"TEF",FALSE,8,"Unsigned-regulon fgsea NES",-0.770405141,0.732469988,NA,NA,NA,NA,NA,NA,NA
"ZFP42",FALSE,7,"Unsigned-regulon fgsea NES",-0.780333983,0.664806402,NA,NA,NA,NA,NA,NA,NA
"ZNF335",FALSE,5,"Unsigned-regulon fgsea NES",-0.788388869,0.495660499,NA,NA,NA,NA,NA,NA,NA
"JARID2",FALSE,10,"Unsigned-regulon fgsea NES",-0.794231222,0.84720146,NA,NA,NA,NA,NA,NA,NA
"MYBL1",FALSE,8,"Unsigned-regulon fgsea NES",-0.795852485,0.732469988,NA,NA,NA,NA,NA,NA,NA
"FOXH1",FALSE,8,"Unsigned-regulon fgsea NES",-0.803834306,0.732469988,NA,NA,NA,NA,NA,NA,NA
"HEY1",FALSE,15,"Unsigned-regulon fgsea NES",-0.810250695,1.0634035,NA,NA,NA,NA,NA,NA,NA
"NFE2L1",FALSE,7,"Unsigned-regulon fgsea NES",-0.821112119,0.664806402,NA,NA,NA,NA,NA,NA,NA
"ARID5B",FALSE,7,"Unsigned-regulon fgsea NES",-0.836035153,0.664806402,NA,NA,NA,NA,NA,NA,NA
"PURA",FALSE,14,"Unsigned-regulon fgsea NES",-0.847153812,1.02570066,NA,NA,NA,NA,NA,NA,NA
"CRX",FALSE,11,"Unsigned-regulon fgsea NES",-0.848086845,0.896792393,NA,NA,NA,NA,NA,NA,NA
"DBP",FALSE,15,"Unsigned-regulon fgsea NES",-0.848786392,1.0634035,NA,NA,NA,NA,NA,NA,NA
"BCL11A",FALSE,5,"Unsigned-regulon fgsea NES",-0.849266005,0.495660499,NA,NA,NA,NA,NA,NA,NA
"NR0B1",FALSE,24,"Unsigned-regulon fgsea NES",-0.849529719,1.27626482,NA,NA,NA,NA,NA,NA,NA
"UBTF",FALSE,8,"Unsigned-regulon fgsea NES",-0.858069964,0.732469988,NA,NA,NA,NA,NA,NA,NA
"FOXE1",FALSE,7,"Unsigned-regulon fgsea NES",-0.866150943,0.664806402,NA,NA,NA,NA,NA,NA,NA
"KLF11",FALSE,11,"Unsigned-regulon fgsea NES",-0.911494574,0.896792393,NA,NA,NA,NA,NA,NA,NA
"KMT2B",FALSE,11,"Unsigned-regulon fgsea NES",-0.915193104,0.896792393,NA,NA,NA,NA,NA,NA,NA
"DLX5",FALSE,8,"Unsigned-regulon fgsea NES",-0.95507137,0.732469988,NA,NA,NA,NA,NA,NA,NA
"HHEX",FALSE,17,"Unsigned-regulon fgsea NES",-0.955088379,1.13065617,NA,NA,NA,NA,NA,NA,NA
"ERF",FALSE,12,"Unsigned-regulon fgsea NES",-0.95990382,0.942689893,NA,NA,NA,NA,NA,NA,NA
"MNT",FALSE,7,"Unsigned-regulon fgsea NES",-0.973693533,0.664806402,NA,NA,NA,NA,NA,NA,NA
"HNF1A",FALSE,49,"Unsigned-regulon fgsea NES",-0.977428884,1.54591683,NA,NA,NA,NA,NA,NA,NA
"FGF2",FALSE,5,"Unsigned-regulon fgsea NES",-0.984640026,0.495660499,NA,NA,NA,NA,NA,NA,NA
"KAT6A",FALSE,8,"Unsigned-regulon fgsea NES",-0.987221374,0.732469988,NA,NA,NA,NA,NA,NA,NA
"ARID4B",FALSE,6,"Unsigned-regulon fgsea NES",-0.988324176,0.587093795,NA,NA,NA,NA,NA,NA,NA
"NR2E3",FALSE,5,"Unsigned-regulon fgsea NES",-0.995124622,0.495660499,NA,NA,NA,NA,NA,NA,NA
"E2F5",FALSE,9,"Unsigned-regulon fgsea NES",-0.998528625,0.792846085,NA,NA,NA,NA,NA,NA,NA
"POU3F2",FALSE,12,"Unsigned-regulon fgsea NES",-1.01026461,0.942689893,NA,NA,NA,NA,NA,NA,NA
"IRX1",FALSE,6,"Unsigned-regulon fgsea NES",-1.03309231,0.587093795,NA,NA,NA,NA,NA,NA,NA
"GRHL3",FALSE,15,"Unsigned-regulon fgsea NES",-1.05006967,1.0634035,NA,NA,NA,NA,NA,NA,NA
"PAX2",FALSE,9,"Unsigned-regulon fgsea NES",-1.05474648,0.792846085,NA,NA,NA,NA,NA,NA,NA
"ZBTB4",FALSE,10,"Unsigned-regulon fgsea NES",-1.05522411,0.84720146,NA,NA,NA,NA,NA,NA,NA
"SATB2",FALSE,15,"Unsigned-regulon fgsea NES",-1.0573018,1.0634035,NA,NA,NA,NA,NA,NA,NA
"PITX1",FALSE,15,"Unsigned-regulon fgsea NES",-1.05731812,1.0634035,NA,NA,NA,NA,NA,NA,NA
"GRHL2",FALSE,5,"Unsigned-regulon fgsea NES",-1.07308917,0.495660499,NA,NA,NA,NA,NA,NA,NA
"ZBED1",FALSE,17,"Unsigned-regulon fgsea NES",-1.07446594,1.13065617,NA,NA,NA,NA,NA,NA,NA
"HOXB13",FALSE,7,"Unsigned-regulon fgsea NES",-1.09036925,0.664806402,NA,NA,NA,NA,NA,NA,NA
"NR6A1",FALSE,5,"Unsigned-regulon fgsea NES",-1.11371197,0.495660499,NA,NA,NA,NA,NA,NA,NA
"PATZ1",FALSE,9,"Unsigned-regulon fgsea NES",-1.15713607,0.792846085,NA,NA,NA,NA,NA,NA,NA
"HOXA5",FALSE,5,"Unsigned-regulon fgsea NES",-1.18733911,0.495660499,NA,NA,NA,NA,NA,NA,NA
"BCLAF1",FALSE,6,"Unsigned-regulon fgsea NES",-1.1884501,0.587093795,NA,NA,NA,NA,NA,NA,NA
"LMO2",FALSE,19,"Unsigned-regulon fgsea NES",-1.21243621,1.18186848,NA,NA,NA,NA,NA,NA,NA
"FOXP1",FALSE,11,"Unsigned-regulon fgsea NES",-1.21968017,0.896792393,NA,NA,NA,NA,NA,NA,NA
"TFCP2",FALSE,44,"Unsigned-regulon fgsea NES",-1.24101616,1.51384072,NA,NA,NA,NA,NA,NA,NA
"KLF3",FALSE,7,"Unsigned-regulon fgsea NES",-1.24472075,0.664806402,NA,NA,NA,NA,NA,NA,NA
"DAXX",FALSE,5,"Unsigned-regulon fgsea NES",-1.26029161,0.495660499,NA,NA,NA,NA,NA,NA,NA
"ARID4A",FALSE,6,"Unsigned-regulon fgsea NES",-1.29267957,0.587093795,NA,NA,NA,NA,NA,NA,NA
"MEIS2",FALSE,5,"Unsigned-regulon fgsea NES",-1.29946776,0.495660499,NA,NA,NA,NA,NA,NA,NA
"PIN1",FALSE,5,"Unsigned-regulon fgsea NES",-1.32050466,0.495660499,NA,NA,NA,NA,NA,NA,NA
"TFDP2",FALSE,5,"Unsigned-regulon fgsea NES",-1.3348467,0.495660499,NA,NA,NA,NA,NA,NA,NA
"HEY2",FALSE,7,"Unsigned-regulon fgsea NES",-1.36052206,0.664806402,NA,NA,NA,NA,NA,NA,NA
"FOXI1",FALSE,6,"Unsigned-regulon fgsea NES",-1.4019903,0.587093795,NA,NA,NA,NA,NA,NA,NA
"HDAC9",FALSE,15,"Unsigned-regulon fgsea NES",-1.43992436,1.0634035,NA,NA,NA,NA,NA,NA,NA
"ZBTB14",FALSE,6,"Unsigned-regulon fgsea NES",-1.45198413,0.587093795,NA,NA,NA,NA,NA,NA,NA
"WWTR1",FALSE,6,"Unsigned-regulon fgsea NES",-1.47352808,0.587093795,NA,NA,NA,NA,NA,NA,NA
"HIVEP1",FALSE,5,"Unsigned-regulon fgsea NES",-1.49333723,0.495660499,NA,NA,NA,NA,NA,NA,NA
"ID4",FALSE,5,"Unsigned-regulon fgsea NES",-1.65588999,0.495660499,NA,NA,NA,NA,NA,NA,NA
"MXI1",FALSE,7,"Unsigned-regulon fgsea NES",-1.69401191,0.664806402,NA,NA,NA,NA,NA,NA,NA
"CTCFL",FALSE,6,"Unsigned-regulon fgsea NES",-1.79335119,0.587093795,NA,NA,NA,NA,NA,NA,NA
