population,tf,network_symbol,matrix_symbol,mor,resolution,focus_tf
Treg,BHLHE40,CENPX,STRA13,1,accepted,FALSE
Treg,DBP,BMAL1,ARNTL,1,accepted,FALSE
Treg,TFAP2A,H3C13,HIST2H3D,1,accepted,FALSE
Treg,YY1,H3C13,HIST2H3D,1,accepted,FALSE
Treg,IRF2,H4C9,HIST1H4I,1,accepted,FALSE
Treg,SMARCA1,H2AZ1,H2AFZ,1,accepted,FALSE
Treg,KAT7,OGA,MGEA5,1,accepted,FALSE
Treg,RELA,OGA,MGEA5,1,accepted,FALSE
Treg,BMAL1,BMAL1,ARNTL,1,accepted,FALSE
Treg,NPAS2,BMAL1,ARNTL,1,accepted,FALSE
Treg,BMAL2,TSPOAP1,BZRAP1,1,accepted,FALSE
Treg,SP1,PLAAT3,PLA2G16,1,accepted,FALSE
Treg,SP3,PLAAT3,PLA2G16,1,accepted,FALSE
Treg,MYC,RIOX2,MINA,1,accepted,FALSE
Treg,OSR1,PRKN,PARK2,1,accepted,FALSE
Treg,CREB1,MRM3,RNMTL1,1,accepted,TRUE
Treg,CREB1,NOCT,CCRN4L,1,accepted,TRUE
Treg,BHLHE40,BMAL1,ARNTL,1,accepted,FALSE
Treg,BHLHE41,BMAL1,ARNTL,1,accepted,FALSE
Treg,RUNX2,TAFAZZIN,TAZ,1,accepted,FALSE
Treg,SSRP1,TAFAZZIN,TAZ,1,accepted,FALSE
Treg,KDM5D,COP1,RFWD2,1,accepted,FALSE
Treg,PGR,H1-2,HIST1H1C,1,accepted,FALSE
Treg,BHLHE41,CENPX,STRA13,1,accepted,FALSE
Treg,SP1,CENPX,STRA13,1,accepted,FALSE
Treg,ZBED1,H1-2,HIST1H1C,1,accepted,FALSE
Treg,CLOCK,BMAL1,ARNTL,-1,accepted,FALSE
Treg,TBP,H1-2,HIST1H1C,1,accepted,FALSE
Treg,CLOCK,NOCT,CCRN4L,1,accepted,FALSE
Treg,ALX1,OGA,MGEA5,1,accepted,FALSE
Treg,AR,RACK1,GNB2L1,1,accepted,FALSE
Treg,POU2F1,H2BC11,HIST1H2BJ,1,accepted,FALSE
Treg,TP53,PHB1,PHB,1,accepted,FALSE
Treg,RELA,TSPOAP1,BZRAP1,1,accepted,FALSE
Treg,SP1,ADGRG1,GPR56,1,accepted,FALSE
Treg,SP3,ADGRG1,GPR56,1,accepted,FALSE
Treg,KLF15,DEPP1,C10orf10,1,accepted,FALSE
Treg,TTF1,TAFAZZIN,TAZ,1,accepted,FALSE
Treg,MYC,PRKN,PARK2,1,accepted,FALSE
Treg,MYCN,PRKN,PARK2,-1,accepted,FALSE
Treg,TP53,COP1,RFWD2,1,accepted,FALSE
Treg,HHEX,TLE5,AES,1,accepted,FALSE
Treg,MSX1,H1-5,HIST1H1B,1,accepted,FALSE
Treg,MYB,CNOT9,RQCD1,1,accepted,FALSE
Treg,SP1,KIFBP,KIAA1279,1,accepted,FALSE
Treg,SP3,KIFBP,KIAA1279,1,accepted,FALSE
Treg,GFI1,TSPOAP1,BZRAP1,1,accepted,FALSE
Treg,JUND,TSPOAP1,BZRAP1,1,accepted,FALSE
Treg,NR1D1,BMAL1,ARNTL,-1,accepted,FALSE
Treg,RORA,BMAL1,ARNTL,1,accepted,FALSE
Treg,DLX5,DLX5,SHFM1,1,accepted,FALSE
Treg,BCL11A,H3C12,HIST1H3J,1,accepted,FALSE
Treg,HNF4A,ADGRG1,GPR56,1,accepted,FALSE
Treg,NCOR1,BMAL1,ARNTL,1,accepted,FALSE
Treg,HIF1A,MMUT,MUT,1,accepted,TRUE
Treg,MYC,MMUT,MUT,1,accepted,FALSE
Treg,SP1,MMUT,MUT,1,accepted,FALSE
Treg,TP53,MMUT,MUT,1,accepted,FALSE
Treg,DLX4,OGA,MGEA5,1,accepted,FALSE
Treg,GRHL3,OGA,MGEA5,1,accepted,FALSE
Treg,KAT5,OGA,MGEA5,1,accepted,FALSE
Treg,MYC,OGA,MGEA5,1,accepted,FALSE
Treg,ESR1,PRKN,PARK2,1,accepted,FALSE
Treg,HAND2,TSPOAP1,BZRAP1,1,accepted,FALSE
Treg,MTF1,SELENOW,SEPW1,1,accepted,FALSE
Treg,MYC,BMAL1,ARNTL,1,accepted,FALSE
Treg,PPARA,BMAL1,ARNTL,1,accepted,FALSE
Treg,BMAL1,TSPOAP1,BZRAP1,1,accepted,FALSE
Treg,IRF2,OGA,MGEA5,1,accepted,FALSE
Treg,STAT5A,TSPOAP1,BZRAP1,1,accepted,FALSE
Treg,STAT3,DEPP1,C10orf10,1,accepted,TRUE
Treg,TP53,GSDME,DFNA5,1,accepted,FALSE
Treg,AR,PHB1,PHB,1,accepted,FALSE
Treg,NR0B2,BMAL1,ARNTL,1,accepted,FALSE
Treg,RUNX2,PRKN,PARK2,1,accepted,FALSE
Treg,AR,GRK3,ADRBK2,1,accepted,FALSE
Treg,MYOD1,CFAP410,C21orf2,1,accepted,FALSE
Treg,STAT3,PHB1,PHB,1,accepted,TRUE
Treg,FOXP3,OGA,MGEA5,1,accepted,FALSE
Treg,NKX2-1,CIP2A,KIAA1524,1,accepted,FALSE
Treg,PAX9,CIP2A,KIAA1524,1,accepted,FALSE
Treg,IRF1,RIGI,DDX58,1,accepted,FALSE
Treg,FOXP3,MARCHF7,MARCH7,1,accepted,FALSE
Treg,HNF4A,DEPP1,C10orf10,1,accepted,FALSE
Treg,CREB1,OGA,MGEA5,1,accepted,TRUE
Treg,SMARCA1,OGA,MGEA5,1,accepted,FALSE
Treg,SMARCA5,OGA,MGEA5,1,accepted,FALSE
Treg,TFAP2A,OGA,MGEA5,1,accepted,FALSE
Treg,USF1,OGA,MGEA5,1,accepted,FALSE
Treg,MYB,H2AZ1,H2AFZ,1,accepted,FALSE
Treg,ESR1,PHB1,PHB,1,accepted,FALSE
Treg,TP53,PRKN,PARK2,1,accepted,FALSE
Treg,TBPL1,H1-2,HIST1H1C,1,accepted,FALSE
Treg,HOXD1,GPRASP3,BHLHB9,1,accepted,FALSE
Treg,DLX6,DLX5,SHFM1,1,accepted,FALSE
Treg,TP63,DLX5,SHFM1,1,accepted,FALSE
Treg,SP3,ADGRE5,CD97,1,accepted,FALSE
Treg,SP1,ADGRE5,CD97,1,accepted,FALSE
Treg,GTF2I,DNAAF4,DYX1C1,1,accepted,FALSE
Treg,SFPQ,DNAAF4,DYX1C1,1,accepted,FALSE
Treg,BMAL1,NOCT,CCRN4L,1,accepted,FALSE
Treg,PPARG,PLAAT3,PLA2G16,1,accepted,FALSE
Treg,HR,KIFBP,KIAA1279,1,accepted,FALSE
Treg,NFKB1,KIFBP,KIAA1279,1,accepted,TRUE
Treg,CEBPA,COP1,RFWD2,1,accepted,FALSE
Treg,CREB1,COP1,RFWD2,1,accepted,TRUE
Treg,NCOA2,KMT5B,SUV420H1,1,accepted,FALSE
Treg,NR3C1,BMAL1,ARNTL,1,accepted,FALSE
Treg,HBP1,H1-2,HIST1H1C,1,accepted,FALSE
Treg,ESR1,DNAAF4,DYX1C1,1,accepted,FALSE
Treg,ESR2,DNAAF4,DYX1C1,1,accepted,FALSE
Treg,PPARA,H2BC11,HIST1H2BJ,1,accepted,FALSE
Treg,MAF,TSPOAP1,BZRAP1,1,accepted,FALSE
Treg,ESR1,H2AZ1,H2AFZ,1,accepted,FALSE
Treg,MAF,ADGRE1,EMR1,1,accepted,FALSE
Treg,SRF,OGA,MGEA5,1,accepted,FALSE
Treg,NFE2L2,PRKN,PARK2,1,accepted,FALSE
Treg,PPARG,TAFAZZIN,TAZ,1,accepted,FALSE
Treg,MTA1,COP1,RFWD2,1,accepted,FALSE
Treg,PRDM1,TSPOAP1,BZRAP1,1,accepted,FALSE
Treg,POU5F1,PRKN,PARK2,1,accepted,FALSE
Treg,IRF2,RIGI,DDX58,1,accepted,FALSE
Treg,RELA,TAFAZZIN,TAZ,1,accepted,FALSE
Treg,KLF10,BMAL1,ARNTL,-1,accepted,FALSE
Treg,ZBTB4,COQ8A,ADCK3,1,accepted,FALSE
Treg,ATF6,PRKN,PARK2,1,accepted,FALSE
Treg,NCOA2,BMAL1,ARNTL,1,accepted,FALSE
Treg,FOXN1,H2AZ1,H2AFZ,1,accepted,FALSE
Treg,KAT5,H2AZ1,H2AFZ,1,accepted,FALSE
Treg,NSD2,NSD3,WHSC1L1,1,accepted,FALSE
Treg,JUN,PRKN,PARK2,-1,accepted,FALSE
Treg,TFCP2,H1-2,HIST1H1C,1,accepted,FALSE
Treg,JUN,OGA,MGEA5,1,accepted,FALSE
Treg,ID2,BMAL1,ARNTL,1,accepted,FALSE
Treg,TP53,TIGAR,C12orf5,1,accepted,FALSE
Treg,MYOD1,SELENOW,SEPW1,1,accepted,FALSE
Treg,LEF1,MRE11,MRE11A,1,accepted,FALSE
Treg,NANOG,MARCHF7,MARCH7,1,accepted,FALSE
Treg,RXRA,BMAL1,ARNTL,1,accepted,FALSE
Treg,ATF4,PRKN,PARK2,1,accepted,FALSE
Treg,GATA2,COP1,RFWD2,1,accepted,FALSE
Treg,GATA2,PRKN,PARK2,1,accepted,FALSE
Treg,HSF1,PHB1,PHB,1,accepted,TRUE
Treg,TP53,PIERCE1,C9orf116,1,accepted,FALSE
Treg,NCOR1,DEPP1,C10orf10,1,accepted,FALSE
Treg,PPARA,DEPP1,C10orf10,1,accepted,FALSE
Treg,POU2F2,H2BC11,HIST1H2BJ,1,accepted,FALSE
Treg,AR,OGA,MGEA5,1,accepted,FALSE
Treg,NR2F1,CIP2A,KIAA1524,1,accepted,FALSE
Treg,HNF1A,CIP2A,KIAA1524,1,accepted,FALSE
Treg,TP53,KIFBP,KIAA1279,1,accepted,FALSE
Treg,RELA,KMT5C,SUV420H2,1,accepted,FALSE
Treg,JUN,COP1,RFWD2,1,accepted,FALSE
Treg,HIF1A,ATP5IF1,ATPIF1,1,accepted,TRUE
Treg,NFATC1,OGA,MGEA5,1,accepted,FALSE
Treg,ETS1,TMEM131L,KIAA0922,1,accepted,FALSE
Treg,JUN,H1-2,HIST1H1C,1,accepted,FALSE
Treg,TP53,H2BC11,HIST1H2BJ,1,accepted,FALSE
Treg,FOXP3,H1-5,HIST1H1B,1,accepted,FALSE
Treg,DDIT3,H3-3A,H3F3A,1,accepted,FALSE
Treg,MBD2,ADGRB1,BAI1,1,accepted,FALSE
Treg,SP1,TIGAR,C12orf5,1,accepted,FALSE
Treg,PDX1,OGA,MGEA5,1,accepted,FALSE
Treg,AIRE,TSPOAP1,BZRAP1,1,accepted,FALSE
Treg,TP53,H1-2,HIST1H1C,1,accepted,FALSE
Treg,NFE2L2,TLE5,AES,1,accepted,FALSE
Treg,MYC,H2AZ1,H2AFZ,1,accepted,FALSE
Treg,TP53,KMT5A,SETD8,1,accepted,FALSE
Treg,TP63,KMT5A,SETD8,1,accepted,FALSE
Treg,AR,JPT1,HN1,1,accepted,FALSE
Treg,JUND,OGA,MGEA5,1,accepted,FALSE
Treg,NFE2,OGA,MGEA5,1,accepted,FALSE
Treg,TP53,DCAF1,VPRBP,1,accepted,FALSE
Treg,CTCF,H2AZ1,H2AFZ,1,accepted,FALSE
Treg,NKX3-1,SELENOH,C11orf31,1,accepted,FALSE
Treg,FOSB,OGA,MGEA5,1,accepted,FALSE
Treg,ARX,PLPP1,PPAP2A,1,accepted,FALSE
Treg,EBF3,PLPP1,PPAP2A,1,accepted,FALSE
Treg,EGR1,PLPP1,PPAP2A,1,accepted,FALSE
Treg,ETS2,PLPP1,PPAP2A,1,accepted,FALSE
Treg,NR0B1,PRKN,PARK2,1,accepted,FALSE
Treg,LEF1,H2AX,H2AFX,1,accepted,FALSE
Treg,CEBPA,TWNK,C10orf2,1,accepted,FALSE
Treg,TP53,RIGI,DDX58,1,accepted,FALSE
Treg,SPI1,TOMM70,TOMM70A,1,accepted,FALSE
Treg,ZNF699,TOMM70,TOMM70A,1,accepted,FALSE
Treg,MYB,ERBIN,ERBB2IP,1,accepted,FALSE
Treg,FOXP4,TSPOAP1,BZRAP1,-1,accepted,FALSE
Treg,ATRX,H3-3A,H3F3A,1,accepted,FALSE
Treg,EGR1,CAVIN1,PTRF,-1,accepted,FALSE
Treg,ELK1,TMEM131L,KIAA0922,1,accepted,FALSE
Treg,SP1,CEP131,AZI1,1,accepted,FALSE
Treg,TP63,H2AZ1,H2AFZ,1,accepted,FALSE
Treg,HIF1A,TIGAR,C12orf5,1,accepted,TRUE
Treg,E2F4,KIFBP,KIAA1279,-1,accepted,FALSE
Treg,E2F6,KIFBP,KIAA1279,-1,accepted,FALSE
Treg,HEY1,H2BC11,HIST1H2BJ,1,accepted,FALSE
Treg,NR1H4,ATP5F1A,ATP5A1,1,accepted,FALSE
Treg,SRY,SGF29,CCDC101,1,accepted,FALSE
Treg,REL,RACK1,GNB2L1,1,accepted,TRUE
Treg,NRF1,RETREG3,FAM134C,1,accepted,FALSE
Treg,NFYA,BMAL1,ARNTL,1,accepted,FALSE
Treg,SP1,BMAL1,ARNTL,1,accepted,FALSE
Treg,CREB1,TIGAR,C12orf5,1,accepted,TRUE
Treg,EZH2,KIFBP,KIAA1279,1,accepted,FALSE
Treg,MTA1,BMAL1,ARNTL,1,accepted,FALSE
Treg,PPARA,ADSS2,ADSS,1,accepted,FALSE
Treg,PPARG,ADSS2,ADSS,1,accepted,FALSE
Treg,EZH2,H2BC11,HIST1H2BJ,1,accepted,FALSE
Treg,BMAL1,CIART,C1orf51,1,accepted,FALSE
Treg,CLOCK,CIART,C1orf51,1,accepted,FALSE
Treg,LEF1,PRKN,PARK2,1,accepted,FALSE
Treg,RFX1,ADGRG1,GPR56,1,accepted,FALSE
Treg,MEF2C,OGA,MGEA5,1,accepted,FALSE
Treg,NCOA1,OGA,MGEA5,1,accepted,FALSE
Treg,YY1,PRKN,PARK2,1,accepted,FALSE
Treg,NR4A1,DEPP1,C10orf10,1,accepted,FALSE
Treg,AR,KMT5A,SETD8,1,accepted,FALSE
Treg,TCF12,KMT5A,SETD8,1,accepted,FALSE
Treg,PPARG,PLPP1,PPAP2A,1,accepted,FALSE
Treg,ETS2,PLAAT3,PLA2G16,1,accepted,FALSE
Treg,TP53,PLAAT3,PLA2G16,1,accepted,FALSE
Treg,MYC,KMT5B,SUV420H1,1,accepted,FALSE
Treg,JUN,KIFBP,KIAA1279,1,accepted,FALSE
Treg,RELA,CFAP20,C16orf80,1,accepted,FALSE
Treg,REL,TSPOAP1,BZRAP1,1,accepted,TRUE
Treg,POU2F2,TSPOAP1,BZRAP1,1,accepted,FALSE
Treg,RARA,BABAM2,BRE,1,accepted,FALSE
Treg,NR3C1,H1-2,HIST1H1C,1,accepted,FALSE
Treg,ESR1,ELP1,IKBKAP,1,accepted,FALSE
Treg,THRA,ELP1,IKBKAP,1,accepted,FALSE
Treg,VDR,ELP1,IKBKAP,1,accepted,FALSE
Treg,TSC22D1,SRPRA,SRPR,1,accepted,FALSE
Treg,TADA2A,CFAP20,C16orf80,1,accepted,FALSE
Treg,TBP,CFAP20,C16orf80,1,accepted,FALSE
Treg,ATF1,H4C9,HIST1H4I,1,accepted,FALSE
Treg,E2F1,H4C9,HIST1H4I,1,accepted,FALSE
Treg,E2F1,H2BC11,HIST1H2BJ,1,accepted,FALSE
Treg,E2F4,H2AC4,HIST1H2AB,1,accepted,FALSE
Treg,E2F4,H3C12,HIST1H3J,1,accepted,FALSE
Treg,E2F4,H4C9,HIST1H4I,1,accepted,FALSE
Treg,E2F4,H2AC17,HIST1H2AM,1,accepted,FALSE
Treg,E2F4,H2BC11,HIST1H2BJ,1,accepted,FALSE
Treg,ESR1,ITPRID2,SSFA2,1,accepted,FALSE
Treg,ESR1,PRUNE1,PRUNE,1,accepted,FALSE
Treg,ESR1,NOTCH2NLA,NOTCH2NL,1,accepted,FALSE
Treg,ESR2,FYB1,FYB,1,accepted,FALSE
Treg,ESR2,NIPSNAP2,GBAS,1,accepted,FALSE
Treg,ESR2,P3H4,LEPREL4,1,accepted,FALSE
Treg,ESR2,PRUNE1,PRUNE,1,accepted,FALSE
Treg,ESR2,NOTCH2NLA,NOTCH2NL,1,accepted,FALSE
Treg,GABPA,TOMM70,TOMM70A,1,accepted,FALSE
Treg,GATA3,SEPTIN7,SEPT7,1,accepted,FALSE
Treg,GATA3,SPART,SPG20,1,accepted,FALSE
Treg,MYC,PHB1,PHB,1,accepted,FALSE
Treg,MYC,PTPA,PPP2R4,-1,accepted,FALSE
Treg,MYC,MTERF1,MTERF,1,accepted,FALSE
Treg,MYC,H2BC4,HIST1H2BC,1,accepted,FALSE
Treg,MYC,H4C9,HIST1H4I,1,accepted,FALSE
Treg,MYC,RIDA,HRSP12,1,accepted,FALSE
Treg,MYC,DMAC2L,ATP5S,1,accepted,FALSE
Treg,MYCN,MRE11,MRE11A,1,accepted,FALSE
Treg,MYCN,PHB1,PHB,1,accepted,FALSE
Treg,SP1,H2AZ1,H2AFZ,1,accepted,FALSE
Treg,SP1,H4C9,HIST1H4I,1,accepted,FALSE
Treg,TP53,H3C12,HIST1H3J,1,accepted,FALSE
Treg,TP53,RACK1,GNB2L1,1,accepted,FALSE
Treg,TP53,ATOSB,FAM214B,1,accepted,FALSE
Treg,TP63,BMAL1,ARNTL,1,accepted,FALSE
Treg,TP63,NOTCH2NLA,NOTCH2NL,1,accepted,FALSE
Treg,NR1I2,PATJ,INADL,1,accepted,FALSE
Treg,NR1I2,PCLAF,KIAA0101,1,accepted,FALSE
Treg,NR1I2,PRXL2A,FAM213A,1,accepted,FALSE
Treg,NR1I2,DNAAF4,DYX1C1,1,accepted,FALSE
Treg,NR1I2,EEF2KMT,FAM86A,1,accepted,FALSE
Treg,AR,SEPTIN7,SEPT7,-1,accepted,FALSE
Treg,ATF3,KIFBP,KIAA1279,1,accepted,TRUE
Treg,EGR1,HYAL1,NAT6,1,accepted,FALSE
Treg,ERG,H4C9,HIST1H4I,1,accepted,FALSE
Treg,ETS1,EMSY,C11orf30,1,accepted,FALSE
Treg,ETV4,GBA1,GBA,1,accepted,FALSE
Treg,GLI1,H2AX,H2AFX,-1,accepted,FALSE
Treg,GLI2,H2AX,H2AFX,-1,accepted,FALSE
Treg,HDAC1,PHB1,PHB,-1,accepted,FALSE
Treg,HDAC4,PTPA,PPP2R4,1,accepted,FALSE
Treg,MECP2,DLX5,SHFM1,-1,accepted,FALSE
Treg,NFKB1,HYAL1,NAT6,1,accepted,TRUE
Treg,NR4A1,BABAM2,BRE,-1,accepted,FALSE
Treg,POU5F1,DLX5,SHFM1,-1,accepted,FALSE
Treg,PPARG,ERO1A,ERO1L,1,accepted,FALSE
Treg,PRDM2,KMT5A,SETD8,1,accepted,FALSE
Treg,RELA,HYAL1,NAT6,1,accepted,FALSE
Treg,SETBP1,PTPA,PPP2R4,-1,accepted,FALSE
Treg,SIM2,PRKN,PARK2,1,accepted,FALSE
Treg,SP1,GRK2,ADRBK1,1,accepted,FALSE
Treg,SP1,HYAL1,NAT6,-1,accepted,FALSE
Treg,TP53,ADGRB1,BAI1,1,accepted,FALSE
Treg,TP53,PTPA,PPP2R4,-1,accepted,FALSE
Treg,TP53,BLTP3A,UHRF1BP1,1,accepted,FALSE
Treg,TRIM25,RIGI,DDX58,1,accepted,FALSE
Treg,USF2,ATP5F1A,ATP5A1,1,accepted,FALSE
Treg,VDR,PHB1,PHB,1,accepted,FALSE
Treg,VHL,CENPX,STRA13,1,accepted,FALSE
Treg,WT1,ADGRE5,CD97,1,accepted,FALSE
Treg,ZIC1,TLCD3A,FAM57A,1,accepted,FALSE
Treg,RBPJ,ATP5PD,ATP5H,-1,accepted,FALSE
Treg,GLI1,LHFPL6,LHFP,1,accepted,FALSE
Treg,GLI1,SEPTIN7,SEPT7,1,accepted,FALSE
Treg,GLI1,SKIC8,WDR61,-1,accepted,FALSE
Treg,CREB1,CARS1,CARS,1,accepted,TRUE
Treg,CTNNB1,CRYBG1,AIM1,1,accepted,FALSE
Treg,CTNNB1,HYCC1,FAM126A,-1,accepted,FALSE
Treg,GLI2,DLX5,SHFM1,-1,accepted,FALSE
Treg,GLI2,SPART,SPG20,1,accepted,FALSE
Treg,FOXO1,NOCT,CCRN4L,1,accepted,FALSE
Treg,FOXO1,TCAF1,FAM115A,1,accepted,FALSE
Treg,FOXO1,RACK1,GNB2L1,1,accepted,FALSE
Treg,FOXO1,RARS1,RARS,1,accepted,FALSE
Treg,TP53,PIDD1,PIDD,1,accepted,FALSE
Treg,MYC,CRYBG1,AIM1,1,accepted,FALSE
Treg,MYC,GCN1,GCN1L1,-1,accepted,FALSE
Treg,HNF1A,MIA2,CTAGE5,1,accepted,FALSE
Treg,YY1,PTPA,PPP2R4,1,accepted,FALSE
Treg,E2F1,H2AC17,HIST1H2AM,1,accepted,FALSE
Treg,ETS1,PTPA,PPP2R4,1,accepted,FALSE
Treg,HBP1,H1-5,HIST1H1B,1,accepted,FALSE
Treg,RB1,H1-5,HIST1H1B,1,accepted,FALSE
Treg,RARB,PLAAT4,RARRES3,1,accepted,FALSE
Treg,DDIT3,ERO1A,ERO1L,1,accepted,FALSE
Treg,PGR,HYAL1,NAT6,-1,accepted,FALSE
Treg,GATA3,POLR1F,TWISTNB,1,accepted,FALSE
Treg,MTA3,POLR1F,TWISTNB,1,accepted,FALSE
Treg,PPARG,BMAL1,ARNTL,1,accepted,FALSE
Treg,ATF4,CARS1,CARS,1,accepted,FALSE
Treg,ATF4,LARS1,LARS,1,accepted,FALSE
Treg,ATF4,NARS1,NARS,1,accepted,FALSE
Treg,ATF4,IARS1,IARS,1,accepted,FALSE
Treg,PPARGC1A,BMAL1,ARNTL,1,accepted,FALSE
Treg,RORC,BMAL1,ARNTL,1,accepted,FALSE
Treg,RORB,BMAL1,ARNTL,1,accepted,FALSE
Treg,TBX22,DLX5,SHFM1,-1,accepted,FALSE
Treg,NR1D2,BMAL1,ARNTL,-1,accepted,FALSE
Treg,CUX1,H3C13,HIST2H3D,-1,accepted,FALSE
Treg,DLX1,DLX5,SHFM1,-1,accepted,FALSE
Treg,DLX2,DLX5,SHFM1,1,accepted,FALSE
Treg,E2F1,H2AC4,HIST1H2AB,1,accepted,FALSE
Treg,ELF4,DLX5,SHFM1,-1,accepted,FALSE
Treg,EPAS1,BMAL1,ARNTL,1,accepted,TRUE
Treg,HBP1,H1-0,H1F0,1,accepted,FALSE
Treg,IRF1,PLAAT3,PLA2G16,1,accepted,FALSE
Treg,LHX2,PLAAT4,RARRES3,1,accepted,FALSE
Treg,MEF2A,MYL11,MYLPF,1,accepted,FALSE
Treg,MEF2C,DLX5,SHFM1,1,accepted,FALSE
Treg,MITF,SLC45A2,AIM1,1,accepted,FALSE
Treg,MSX2,DLX5,SHFM1,-1,accepted,FALSE
Treg,PAX2,PLAAT4,RARRES3,1,accepted,FALSE
Treg,PPARD,GPAT4,AGPAT6,1,accepted,FALSE
Treg,PPARG,KMT5A,SETD8,1,accepted,FALSE
Treg,PPARG,NOCT,CCRN4L,1,accepted,FALSE
Treg,PPARG,GPAT4,AGPAT6,1,accepted,FALSE
Treg,SP1,H3-3A,H3F3A,1,accepted,FALSE
Treg,TP73,PLPP1,PPAP2A,1,accepted,FALSE
Treg,WT1,CNOT9,RQCD1,1,accepted,FALSE
Treg,YY1,ATP5F1A,ATP5A1,1,accepted,FALSE
Treg,CREB1,PTPA,PPP2R4,1,accepted,TRUE
Treg,SP1,PTPA,PPP2R4,1,accepted,FALSE
Treg,SP3,PTPA,PPP2R4,1,accepted,FALSE
Treg,TFAP2A,PTPA,PPP2R4,1,accepted,FALSE
Treg,PPARA,PLPP1,PPAP2A,1,accepted,FALSE
Treg,CREB1,STING1,TMEM173,1,accepted,TRUE
Treg,CUX1,H4C9,HIST1H4I,-1,accepted,FALSE
Treg,MYC,STING1,TMEM173,1,accepted,FALSE
Treg,ASCL1,DLX5,SHFM1,1,accepted,FALSE
Treg,EGR4,DLX5,SHFM1,1,accepted,FALSE
Treg,AR,SUSD6,KIAA0247,1,accepted,FALSE
Treg,TP53,ADGRB2,BAI2,1,accepted,FALSE
Treg,CTCF,NCBP3,C17orf85,1,accepted,FALSE
Treg,CTCF,PTPA,PPP2R4,1,accepted,FALSE
Treg,YY1,HACD2,PTPLB,1,accepted,FALSE
Treg,YY1,NARS1,NARS,1,accepted,FALSE
Treg,E2F4,CFAP20,C16orf80,1,accepted,FALSE
Treg,NFKB,HACD3,PTPLAD1,1,accepted,FALSE
Treg,NFKB,TSPOAP1,BZRAP1,1,accepted,FALSE
Treg,AP1,TSPOAP1,BZRAP1,1,accepted,FALSE
Treg,AP1,KIFBP,KIAA1279,1,accepted,FALSE
Treg,AP1,OGA,MGEA5,1,accepted,FALSE
Treg,NFKB,KIFBP,KIAA1279,1,accepted,FALSE
Treg,NFKB,CERT1,COL4A3BP,1,accepted,FALSE
Treg,NFKB,SELENOS,VIMP,1,accepted,FALSE
Treg,NFKB,KMT5C,SUV420H2,1,accepted,FALSE
Treg,AP1,ELP1,IKBKAP,1,accepted,FALSE
Treg,NFKB,OGA,MGEA5,1,accepted,FALSE
Treg,NFKB,PRKN,PARK2,1,accepted,FALSE
Treg,AP1,BABAM2,BRE,1,accepted,FALSE
Tcon,USF1,JCHAIN,IGJ,1,accepted,FALSE
Tcon,BHLHE40,CENPX,STRA13,1,accepted,FALSE
Tcon,DBP,BMAL1,ARNTL,1,accepted,FALSE
Tcon,TFAP2A,H3C13,HIST2H3D,1,accepted,FALSE
Tcon,YY1,H3C13,HIST2H3D,1,accepted,FALSE
Tcon,IRF2,H4C9,HIST1H4I,1,accepted,FALSE
Tcon,SMARCA1,H2AZ1,H2AFZ,1,accepted,FALSE
Tcon,KAT7,OGA,MGEA5,1,accepted,FALSE
Tcon,RELA,OGA,MGEA5,1,accepted,FALSE
Tcon,BMAL1,BMAL1,ARNTL,1,accepted,FALSE
Tcon,NPAS2,BMAL1,ARNTL,1,accepted,FALSE
Tcon,BMAL2,TSPOAP1,BZRAP1,1,accepted,FALSE
Tcon,SP1,PLAAT3,PLA2G16,1,accepted,FALSE
Tcon,SP3,PLAAT3,PLA2G16,1,accepted,FALSE
Tcon,MYC,RIOX2,MINA,1,accepted,FALSE
Tcon,OSR1,PRKN,PARK2,1,accepted,FALSE
Tcon,CREB1,MRM3,RNMTL1,1,accepted,TRUE
Tcon,CREB1,NOCT,CCRN4L,1,accepted,TRUE
Tcon,BHLHE40,BMAL1,ARNTL,1,accepted,FALSE
Tcon,BHLHE41,BMAL1,ARNTL,1,accepted,FALSE
Tcon,RUNX2,TAFAZZIN,TAZ,1,accepted,FALSE
Tcon,SSRP1,TAFAZZIN,TAZ,1,accepted,FALSE
Tcon,KDM5D,COP1,RFWD2,1,accepted,FALSE
Tcon,PGR,H1-2,HIST1H1C,1,accepted,FALSE
Tcon,BHLHE41,CENPX,STRA13,1,accepted,FALSE
Tcon,SP1,CENPX,STRA13,1,accepted,FALSE
Tcon,ZBED1,H1-2,HIST1H1C,1,accepted,FALSE
Tcon,CLOCK,BMAL1,ARNTL,-1,accepted,FALSE
Tcon,TBP,H1-2,HIST1H1C,1,accepted,FALSE
Tcon,CLOCK,NOCT,CCRN4L,1,accepted,FALSE
Tcon,ALX1,OGA,MGEA5,1,accepted,FALSE
Tcon,AR,RACK1,GNB2L1,1,accepted,FALSE
Tcon,POU2F1,H2BC11,HIST1H2BJ,1,accepted,FALSE
Tcon,TP53,PHB1,PHB,1,accepted,FALSE
Tcon,GFI1,GUCY1B1,GUCY1B3,1,accepted,FALSE
Tcon,RELA,TSPOAP1,BZRAP1,1,accepted,FALSE
Tcon,SP1,ADGRG1,GPR56,1,accepted,FALSE
Tcon,SP3,ADGRG1,GPR56,1,accepted,FALSE
Tcon,TTF1,TAFAZZIN,TAZ,1,accepted,FALSE
Tcon,MYC,PRKN,PARK2,1,accepted,FALSE
Tcon,MYCN,PRKN,PARK2,-1,accepted,FALSE
Tcon,TP53,COP1,RFWD2,1,accepted,FALSE
Tcon,HHEX,TLE5,AES,1,accepted,FALSE
Tcon,MSX1,H1-5,HIST1H1B,1,accepted,FALSE
Tcon,MYB,CNOT9,RQCD1,1,accepted,FALSE
Tcon,SP1,KIFBP,KIAA1279,1,accepted,FALSE
Tcon,SP3,KIFBP,KIAA1279,1,accepted,FALSE
Tcon,GFI1,TSPOAP1,BZRAP1,1,accepted,FALSE
Tcon,JUND,TSPOAP1,BZRAP1,1,accepted,FALSE
Tcon,DNMT1,MRC1,MRC1L1,1,accepted,FALSE
Tcon,NR1D1,BMAL1,ARNTL,-1,accepted,FALSE
Tcon,RORA,BMAL1,ARNTL,1,accepted,FALSE
Tcon,DLX5,DLX5,SHFM1,1,accepted,FALSE
Tcon,BCL11A,H3C12,HIST1H3J,1,accepted,FALSE
Tcon,HNF4A,ADGRG1,GPR56,1,accepted,FALSE
Tcon,NCOR1,BMAL1,ARNTL,1,accepted,FALSE
Tcon,HIF1A,MMUT,MUT,1,accepted,TRUE
Tcon,MYC,MMUT,MUT,1,accepted,FALSE
Tcon,SP1,MMUT,MUT,1,accepted,FALSE
Tcon,TP53,MMUT,MUT,1,accepted,FALSE
Tcon,DLX4,OGA,MGEA5,1,accepted,FALSE
Tcon,GRHL3,OGA,MGEA5,1,accepted,FALSE
Tcon,KAT5,OGA,MGEA5,1,accepted,FALSE
Tcon,MYC,OGA,MGEA5,1,accepted,FALSE
Tcon,ESR1,PRKN,PARK2,1,accepted,FALSE
Tcon,HAND2,TSPOAP1,BZRAP1,1,accepted,FALSE
Tcon,MTF1,SELENOW,SEPW1,1,accepted,FALSE
Tcon,CREB1,NECTIN2,PVRL2,1,accepted,TRUE
Tcon,FOS,NECTIN2,PVRL2,1,accepted,FALSE
Tcon,JUN,NECTIN2,PVRL2,1,accepted,FALSE
Tcon,MYC,BMAL1,ARNTL,1,accepted,FALSE
Tcon,PPARA,BMAL1,ARNTL,1,accepted,FALSE
Tcon,BMAL1,TSPOAP1,BZRAP1,1,accepted,FALSE
Tcon,IRF2,OGA,MGEA5,1,accepted,FALSE
Tcon,STAT5A,TSPOAP1,BZRAP1,1,accepted,FALSE
Tcon,TP53,GSDME,DFNA5,1,accepted,FALSE
Tcon,AR,PHB1,PHB,1,accepted,FALSE
Tcon,NR0B2,BMAL1,ARNTL,1,accepted,FALSE
Tcon,RUNX2,PRKN,PARK2,1,accepted,FALSE
Tcon,AR,GRK3,ADRBK2,1,accepted,FALSE
Tcon,MYOD1,CFAP410,C21orf2,1,accepted,FALSE
Tcon,STAT3,PHB1,PHB,1,accepted,TRUE
Tcon,FOXP3,OGA,MGEA5,1,accepted,FALSE
Tcon,NKX2-1,CIP2A,KIAA1524,1,accepted,FALSE
Tcon,PAX9,CIP2A,KIAA1524,1,accepted,FALSE
Tcon,IRF1,RIGI,DDX58,1,accepted,FALSE
Tcon,FOXP3,MARCHF7,MARCH7,1,accepted,FALSE
Tcon,CREB1,OGA,MGEA5,1,accepted,TRUE
Tcon,SMARCA1,OGA,MGEA5,1,accepted,FALSE
Tcon,SMARCA5,OGA,MGEA5,1,accepted,FALSE
Tcon,TFAP2A,OGA,MGEA5,1,accepted,FALSE
Tcon,USF1,OGA,MGEA5,1,accepted,FALSE
Tcon,MYB,H2AZ1,H2AFZ,1,accepted,FALSE
Tcon,ESR1,PHB1,PHB,1,accepted,FALSE
Tcon,TP53,PRKN,PARK2,1,accepted,FALSE
Tcon,TBPL1,H1-2,HIST1H1C,1,accepted,FALSE
Tcon,HOXD1,GPRASP3,BHLHB9,1,accepted,FALSE
Tcon,DLX6,DLX5,SHFM1,1,accepted,FALSE
Tcon,TP63,DLX5,SHFM1,1,accepted,FALSE
Tcon,SP3,ADGRE5,CD97,1,accepted,FALSE
Tcon,SP1,ADGRE5,CD97,1,accepted,FALSE
Tcon,GTF2I,DNAAF4,DYX1C1,1,accepted,FALSE
Tcon,SFPQ,DNAAF4,DYX1C1,1,accepted,FALSE
Tcon,HIF1A,MRC1,MRC1L1,1,accepted,TRUE
Tcon,BMAL1,NOCT,CCRN4L,1,accepted,FALSE
Tcon,PPARG,PLAAT3,PLA2G16,1,accepted,FALSE
Tcon,HR,KIFBP,KIAA1279,1,accepted,FALSE
Tcon,NFKB1,KIFBP,KIAA1279,1,accepted,TRUE
Tcon,CEBPA,COP1,RFWD2,1,accepted,FALSE
Tcon,CREB1,COP1,RFWD2,1,accepted,TRUE
Tcon,NCOA2,KMT5B,SUV420H1,1,accepted,FALSE
Tcon,NR3C1,BMAL1,ARNTL,1,accepted,FALSE
Tcon,HBP1,H1-2,HIST1H1C,1,accepted,FALSE
Tcon,ESR1,DNAAF4,DYX1C1,1,accepted,FALSE
Tcon,ESR2,DNAAF4,DYX1C1,1,accepted,FALSE
Tcon,PPARA,H2BC11,HIST1H2BJ,1,accepted,FALSE
Tcon,SPI1,JCHAIN,IGJ,1,accepted,FALSE
Tcon,MEF2A,JCHAIN,IGJ,1,accepted,FALSE
Tcon,TCF3,JCHAIN,IGJ,1,accepted,FALSE
Tcon,MAF,TSPOAP1,BZRAP1,1,accepted,FALSE
Tcon,ESR1,H2AZ1,H2AFZ,1,accepted,FALSE
Tcon,MAF,ADGRE1,EMR1,1,accepted,FALSE
Tcon,SRF,OGA,MGEA5,1,accepted,FALSE
Tcon,NFE2L2,PRKN,PARK2,1,accepted,FALSE
Tcon,PPARG,TAFAZZIN,TAZ,1,accepted,FALSE
Tcon,MTA1,COP1,RFWD2,1,accepted,FALSE
Tcon,PRDM1,TSPOAP1,BZRAP1,1,accepted,FALSE
Tcon,POU5F1,PRKN,PARK2,1,accepted,FALSE
Tcon,IRF2,RIGI,DDX58,1,accepted,FALSE
Tcon,RELA,TAFAZZIN,TAZ,1,accepted,FALSE
Tcon,KLF10,BMAL1,ARNTL,-1,accepted,FALSE
Tcon,ZBTB4,COQ8A,ADCK3,1,accepted,FALSE
Tcon,ATF6,PRKN,PARK2,1,accepted,FALSE
Tcon,PPARG,TRARG1,TUSC5,1,accepted,FALSE
Tcon,NCOA2,BMAL1,ARNTL,1,accepted,FALSE
Tcon,FOXN1,H2AZ1,H2AFZ,1,accepted,FALSE
Tcon,KAT5,H2AZ1,H2AFZ,1,accepted,FALSE
Tcon,NSD2,NSD3,WHSC1L1,1,accepted,FALSE
Tcon,JUN,PRKN,PARK2,-1,accepted,FALSE
Tcon,TFCP2,H1-2,HIST1H1C,1,accepted,FALSE
Tcon,JUN,OGA,MGEA5,1,accepted,FALSE
Tcon,ID2,BMAL1,ARNTL,1,accepted,FALSE
Tcon,TP53,TIGAR,C12orf5,1,accepted,FALSE
Tcon,MYOD1,SELENOW,SEPW1,1,accepted,FALSE
Tcon,LEF1,MRE11,MRE11A,1,accepted,FALSE
Tcon,NANOG,MARCHF7,MARCH7,1,accepted,FALSE
Tcon,RXRA,BMAL1,ARNTL,1,accepted,FALSE
Tcon,ATF4,PRKN,PARK2,1,accepted,FALSE
Tcon,GATA2,COP1,RFWD2,1,accepted,FALSE
Tcon,GATA2,PRKN,PARK2,1,accepted,FALSE
Tcon,HSF1,PHB1,PHB,1,accepted,TRUE
Tcon,TP53,PIERCE1,C9orf116,1,accepted,FALSE
Tcon,POU2F2,H2BC11,HIST1H2BJ,1,accepted,FALSE
Tcon,AR,OGA,MGEA5,1,accepted,FALSE
Tcon,NR2F1,CIP2A,KIAA1524,1,accepted,FALSE
Tcon,HNF1A,CIP2A,KIAA1524,1,accepted,FALSE
Tcon,TP53,KIFBP,KIAA1279,1,accepted,FALSE
Tcon,RELA,KMT5C,SUV420H2,1,accepted,FALSE
Tcon,JUN,COP1,RFWD2,1,accepted,FALSE
Tcon,HIF1A,ATP5IF1,ATPIF1,1,accepted,TRUE
Tcon,NFATC1,OGA,MGEA5,1,accepted,FALSE
Tcon,ETS1,TMEM131L,KIAA0922,1,accepted,FALSE
Tcon,JUN,H1-2,HIST1H1C,1,accepted,FALSE
Tcon,TP53,H2BC11,HIST1H2BJ,1,accepted,FALSE
Tcon,FOXP3,H1-5,HIST1H1B,1,accepted,FALSE
Tcon,DDIT3,H3-3A,H3F3A,1,accepted,FALSE
Tcon,MBD2,ADGRB1,BAI1,1,accepted,FALSE
Tcon,SP1,TIGAR,C12orf5,1,accepted,FALSE
Tcon,PDX1,OGA,MGEA5,1,accepted,FALSE
Tcon,AIRE,TSPOAP1,BZRAP1,1,accepted,FALSE
Tcon,TP53,H1-2,HIST1H1C,1,accepted,FALSE
Tcon,NFE2L2,TLE5,AES,1,accepted,FALSE
Tcon,MYC,H2AZ1,H2AFZ,1,accepted,FALSE
Tcon,TP53,KMT5A,SETD8,1,accepted,FALSE
Tcon,TP63,KMT5A,SETD8,1,accepted,FALSE
Tcon,AR,JPT1,HN1,1,accepted,FALSE
Tcon,JUND,OGA,MGEA5,1,accepted,FALSE
Tcon,NFE2,OGA,MGEA5,1,accepted,FALSE
Tcon,TP53,DCAF1,VPRBP,1,accepted,FALSE
Tcon,CTCF,H2AZ1,H2AFZ,1,accepted,FALSE
Tcon,NKX3-1,SELENOH,C11orf31,1,accepted,FALSE
Tcon,FOSB,OGA,MGEA5,1,accepted,FALSE
Tcon,ARX,PLPP1,PPAP2A,1,accepted,FALSE
Tcon,EBF3,PLPP1,PPAP2A,1,accepted,FALSE
Tcon,EGR1,PLPP1,PPAP2A,1,accepted,FALSE
Tcon,ETS2,PLPP1,PPAP2A,1,accepted,FALSE
Tcon,NR0B1,PRKN,PARK2,1,accepted,FALSE
Tcon,LEF1,H2AX,H2AFX,1,accepted,FALSE
Tcon,CEBPA,TWNK,C10orf2,1,accepted,FALSE
Tcon,TP53,RIGI,DDX58,1,accepted,FALSE
Tcon,SPI1,TOMM70,TOMM70A,1,accepted,FALSE
Tcon,ZNF699,TOMM70,TOMM70A,1,accepted,FALSE
Tcon,MYB,ERBIN,ERBB2IP,1,accepted,FALSE
Tcon,FOXP4,TSPOAP1,BZRAP1,-1,accepted,FALSE
Tcon,ATRX,H3-3A,H3F3A,1,accepted,FALSE
Tcon,EGR1,CAVIN1,PTRF,-1,accepted,FALSE
Tcon,ELK1,TMEM131L,KIAA0922,1,accepted,FALSE
Tcon,SP1,CEP131,AZI1,1,accepted,FALSE
Tcon,TP63,H2AZ1,H2AFZ,1,accepted,FALSE
Tcon,HIF1A,TIGAR,C12orf5,1,accepted,TRUE
Tcon,E2F4,KIFBP,KIAA1279,-1,accepted,FALSE
Tcon,E2F6,KIFBP,KIAA1279,-1,accepted,FALSE
Tcon,HEY1,H2BC11,HIST1H2BJ,1,accepted,FALSE
Tcon,NR1H4,ATP5F1A,ATP5A1,1,accepted,FALSE
Tcon,SRY,SGF29,CCDC101,1,accepted,FALSE
Tcon,REL,RACK1,GNB2L1,1,accepted,TRUE
Tcon,NRF1,RETREG3,FAM134C,1,accepted,FALSE
Tcon,NFYA,BMAL1,ARNTL,1,accepted,FALSE
Tcon,SP1,BMAL1,ARNTL,1,accepted,FALSE
Tcon,CREB1,TIGAR,C12orf5,1,accepted,TRUE
Tcon,EZH2,KIFBP,KIAA1279,1,accepted,FALSE
Tcon,MTA1,BMAL1,ARNTL,1,accepted,FALSE
Tcon,PPARA,ADSS2,ADSS,1,accepted,FALSE
Tcon,PPARG,ADSS2,ADSS,1,accepted,FALSE
Tcon,EZH2,H2BC11,HIST1H2BJ,1,accepted,FALSE
Tcon,BMAL1,CIART,C1orf51,1,accepted,FALSE
Tcon,CLOCK,CIART,C1orf51,1,accepted,FALSE
Tcon,LEF1,PRKN,PARK2,1,accepted,FALSE
Tcon,RFX1,ADGRG1,GPR56,1,accepted,FALSE
Tcon,MEF2C,OGA,MGEA5,1,accepted,FALSE
Tcon,NCOA1,OGA,MGEA5,1,accepted,FALSE
Tcon,YY1,PRKN,PARK2,1,accepted,FALSE
Tcon,AR,KMT5A,SETD8,1,accepted,FALSE
Tcon,TCF12,KMT5A,SETD8,1,accepted,FALSE
Tcon,PPARG,PLPP1,PPAP2A,1,accepted,FALSE
Tcon,ETS2,PLAAT3,PLA2G16,1,accepted,FALSE
Tcon,TP53,PLAAT3,PLA2G16,1,accepted,FALSE
Tcon,MYC,KMT5B,SUV420H1,1,accepted,FALSE
Tcon,JUN,KIFBP,KIAA1279,1,accepted,FALSE
Tcon,RELA,CFAP20,C16orf80,1,accepted,FALSE
Tcon,REL,TSPOAP1,BZRAP1,1,accepted,TRUE
Tcon,POU2F2,TSPOAP1,BZRAP1,1,accepted,FALSE
Tcon,RARA,BABAM2,BRE,1,accepted,FALSE
Tcon,NR3C1,H1-2,HIST1H1C,1,accepted,FALSE
Tcon,PAX5,JCHAIN,IGJ,1,accepted,FALSE
Tcon,ESR1,ELP1,IKBKAP,1,accepted,FALSE
Tcon,THRA,ELP1,IKBKAP,1,accepted,FALSE
Tcon,VDR,ELP1,IKBKAP,1,accepted,FALSE
Tcon,PRRX1,ACP3,ACPP,1,accepted,FALSE
Tcon,TSC22D1,SRPRA,SRPR,1,accepted,FALSE
Tcon,MEF2C,JCHAIN,IGJ,1,accepted,FALSE
Tcon,TADA2A,CFAP20,C16orf80,1,accepted,FALSE
Tcon,TBP,CFAP20,C16orf80,1,accepted,FALSE
Tcon,ATF1,H4C9,HIST1H4I,1,accepted,FALSE
Tcon,E2F1,H4C9,HIST1H4I,1,accepted,FALSE
Tcon,E2F1,H2BC11,HIST1H2BJ,1,accepted,FALSE
Tcon,E2F4,H2AC4,HIST1H2AB,1,accepted,FALSE
Tcon,E2F4,H3C12,HIST1H3J,1,accepted,FALSE
Tcon,E2F4,H4C9,HIST1H4I,1,accepted,FALSE
Tcon,E2F4,H2AC17,HIST1H2AM,1,accepted,FALSE
Tcon,E2F4,H2BC11,HIST1H2BJ,1,accepted,FALSE
Tcon,ESR1,ITPRID2,SSFA2,1,accepted,FALSE
Tcon,ESR1,PRUNE1,PRUNE,1,accepted,FALSE
Tcon,ESR1,NOTCH2NLA,NOTCH2NL,1,accepted,FALSE
Tcon,ESR2,FYB1,FYB,1,accepted,FALSE
Tcon,ESR2,NIPSNAP2,GBAS,1,accepted,FALSE
Tcon,ESR2,P3H4,LEPREL4,1,accepted,FALSE
Tcon,ESR2,PRUNE1,PRUNE,1,accepted,FALSE
Tcon,ESR2,NOTCH2NLA,NOTCH2NL,1,accepted,FALSE
Tcon,GABPA,TOMM70,TOMM70A,1,accepted,FALSE
Tcon,GATA3,SEPTIN7,SEPT7,1,accepted,FALSE
Tcon,GATA3,SPART,SPG20,1,accepted,FALSE
Tcon,GATA3,LRMDA,C10orf11,1,accepted,FALSE
Tcon,MYC,ACP3,ACPP,1,accepted,FALSE
Tcon,MYC,PHB1,PHB,1,accepted,FALSE
Tcon,MYC,PTPA,PPP2R4,-1,accepted,FALSE
Tcon,MYC,MTERF1,MTERF,1,accepted,FALSE
Tcon,MYC,H2BC4,HIST1H2BC,1,accepted,FALSE
Tcon,MYC,H4C9,HIST1H4I,1,accepted,FALSE
Tcon,MYC,RIDA,HRSP12,1,accepted,FALSE
Tcon,MYC,DMAC2L,ATP5S,1,accepted,FALSE
Tcon,MYCN,MRE11,MRE11A,1,accepted,FALSE
Tcon,MYCN,PHB1,PHB,1,accepted,FALSE
Tcon,SP1,H2AZ1,H2AFZ,1,accepted,FALSE
Tcon,SP1,H4C9,HIST1H4I,1,accepted,FALSE
Tcon,TP53,H3C12,HIST1H3J,1,accepted,FALSE
Tcon,TP53,RACK1,GNB2L1,1,accepted,FALSE
Tcon,TP53,ATOSB,FAM214B,1,accepted,FALSE
Tcon,TP63,BMAL1,ARNTL,1,accepted,FALSE
Tcon,TP63,LRMDA,C10orf11,1,accepted,FALSE
Tcon,TP63,NOTCH2NLA,NOTCH2NL,1,accepted,FALSE
Tcon,NR1I2,PATJ,INADL,1,accepted,FALSE
Tcon,NR1I2,PCLAF,KIAA0101,1,accepted,FALSE
Tcon,NR1I2,PRXL2A,FAM213A,1,accepted,FALSE
Tcon,NR1I2,DNAAF4,DYX1C1,1,accepted,FALSE
Tcon,NR1I2,EEF2KMT,FAM86A,1,accepted,FALSE
Tcon,AR,SEPTIN7,SEPT7,-1,accepted,FALSE
Tcon,ATF3,KIFBP,KIAA1279,1,accepted,TRUE
Tcon,EGR1,HYAL1,NAT6,1,accepted,FALSE
Tcon,ERG,H4C9,HIST1H4I,1,accepted,FALSE
Tcon,ETS1,EMSY,C11orf30,1,accepted,FALSE
Tcon,ETV4,GBA1,GBA,1,accepted,FALSE
Tcon,GLI1,H2AX,H2AFX,-1,accepted,FALSE
Tcon,GLI2,H2AX,H2AFX,-1,accepted,FALSE
Tcon,HDAC1,PHB1,PHB,-1,accepted,FALSE
Tcon,HDAC4,PTPA,PPP2R4,1,accepted,FALSE
Tcon,MECP2,DLX5,SHFM1,-1,accepted,FALSE
Tcon,NFIC,GUCY1B1,GUCY1B3,1,accepted,FALSE
Tcon,NFKB1,HYAL1,NAT6,1,accepted,TRUE
Tcon,NR4A1,BABAM2,BRE,-1,accepted,FALSE
Tcon,POU5F1,DLX5,SHFM1,-1,accepted,FALSE
Tcon,PPARG,ERO1A,ERO1L,1,accepted,FALSE
Tcon,PRDM2,KMT5A,SETD8,1,accepted,FALSE
Tcon,RELA,HYAL1,NAT6,1,accepted,FALSE
Tcon,SETBP1,PTPA,PPP2R4,-1,accepted,FALSE
Tcon,SIM2,PRKN,PARK2,1,accepted,FALSE
Tcon,SP1,GRK2,ADRBK1,1,accepted,FALSE
Tcon,SP1,HYAL1,NAT6,-1,accepted,FALSE
Tcon,TP53,ADGRB1,BAI1,1,accepted,FALSE
Tcon,TP53,PTPA,PPP2R4,-1,accepted,FALSE
Tcon,TP53,BLTP3A,UHRF1BP1,1,accepted,FALSE
Tcon,TRIM25,RIGI,DDX58,1,accepted,FALSE
Tcon,USF2,ATP5F1A,ATP5A1,1,accepted,FALSE
Tcon,VDR,PHB1,PHB,1,accepted,FALSE
Tcon,VHL,CENPX,STRA13,1,accepted,FALSE
Tcon,WT1,ADGRE5,CD97,1,accepted,FALSE
Tcon,ZIC1,TLCD3A,FAM57A,1,accepted,FALSE
Tcon,RBPJ,ATP5PD,ATP5H,-1,accepted,FALSE
Tcon,GLI1,LHFPL6,LHFP,1,accepted,FALSE
Tcon,GLI1,SEPTIN7,SEPT7,1,accepted,FALSE
Tcon,GLI1,SKIC8,WDR61,-1,accepted,FALSE
Tcon,CREB1,CARS1,CARS,1,accepted,TRUE
Tcon,CTNNB1,CRYBG1,AIM1,1,accepted,FALSE
Tcon,CTNNB1,HYCC1,FAM126A,-1,accepted,FALSE
Tcon,GLI2,DLX5,SHFM1,-1,accepted,FALSE
Tcon,GLI2,SPART,SPG20,1,accepted,FALSE
Tcon,FOXO1,NOCT,CCRN4L,1,accepted,FALSE
Tcon,FOXO1,TCAF1,FAM115A,1,accepted,FALSE
Tcon,FOXO1,RACK1,GNB2L1,1,accepted,FALSE
Tcon,FOXO1,MRC1,MRC1L1,1,accepted,FALSE
Tcon,FOXO1,RARS1,RARS,1,accepted,FALSE
Tcon,TP53,PIDD1,PIDD,1,accepted,FALSE
Tcon,MYC,CRYBG1,AIM1,1,accepted,FALSE
Tcon,MYC,GCN1,GCN1L1,-1,accepted,FALSE
Tcon,HNF1A,MIA2,CTAGE5,1,accepted,FALSE
Tcon,YY1,PTPA,PPP2R4,1,accepted,FALSE
Tcon,E2F1,H2AC17,HIST1H2AM,1,accepted,FALSE
Tcon,ETS1,PTPA,PPP2R4,1,accepted,FALSE
Tcon,HBP1,H1-5,HIST1H1B,1,accepted,FALSE
Tcon,SPI1,FCGR1BP,FCGR1B,1,accepted,FALSE
Tcon,SPI1,MRC1,MRC1L1,1,accepted,FALSE
Tcon,RB1,H1-5,HIST1H1B,1,accepted,FALSE
Tcon,RARB,PLAAT4,RARRES3,1,accepted,FALSE
Tcon,DDIT3,ERO1A,ERO1L,1,accepted,FALSE
Tcon,PGR,HYAL1,NAT6,-1,accepted,FALSE
Tcon,GATA3,POLR1F,TWISTNB,1,accepted,FALSE
Tcon,MTA3,POLR1F,TWISTNB,1,accepted,FALSE
Tcon,PPARG,BMAL1,ARNTL,1,accepted,FALSE
Tcon,ATF4,CARS1,CARS,1,accepted,FALSE
Tcon,ATF4,LARS1,LARS,1,accepted,FALSE
Tcon,ATF4,NARS1,NARS,1,accepted,FALSE
Tcon,ATF4,IARS1,IARS,1,accepted,FALSE
Tcon,PPARGC1A,BMAL1,ARNTL,1,accepted,FALSE
Tcon,STAT6,MRC1,MRC1L1,1,accepted,FALSE
Tcon,RORC,BMAL1,ARNTL,1,accepted,FALSE
Tcon,RORB,BMAL1,ARNTL,1,accepted,FALSE
Tcon,TBX22,DLX5,SHFM1,-1,accepted,FALSE
Tcon,NR1D2,BMAL1,ARNTL,-1,accepted,FALSE
Tcon,CUX1,H3C13,HIST2H3D,-1,accepted,FALSE
Tcon,DLX1,DLX5,SHFM1,-1,accepted,FALSE
Tcon,DLX2,DLX5,SHFM1,1,accepted,FALSE
Tcon,E2F1,H2AC4,HIST1H2AB,1,accepted,FALSE
Tcon,ELF4,DLX5,SHFM1,-1,accepted,FALSE
Tcon,EPAS1,BMAL1,ARNTL,1,accepted,TRUE
Tcon,ESR1,ACP3,ACPP,1,accepted,FALSE
Tcon,ESR2,ACP3,ACPP,1,accepted,FALSE
Tcon,HBP1,H1-0,H1F0,1,accepted,FALSE
Tcon,IRF1,PLAAT3,PLA2G16,1,accepted,FALSE
Tcon,LHX2,PLAAT4,RARRES3,1,accepted,FALSE
Tcon,MEF2A,MYL11,MYLPF,1,accepted,FALSE
Tcon,MEF2C,DLX5,SHFM1,1,accepted,FALSE
Tcon,MEF2C,ADSS1,ADSSL1,1,accepted,FALSE
Tcon,MITF,SLC45A2,AIM1,1,accepted,FALSE
Tcon,MSX2,DLX5,SHFM1,-1,accepted,FALSE
Tcon,NFATC4,ADSS1,ADSSL1,1,accepted,FALSE
Tcon,PAX2,PLAAT4,RARRES3,1,accepted,FALSE
Tcon,PGR,ACP3,ACPP,1,accepted,FALSE
Tcon,PPARD,GPAT4,AGPAT6,1,accepted,FALSE
Tcon,PPARG,MRC1,MRC1L1,1,accepted,FALSE
Tcon,PPARG,KMT5A,SETD8,1,accepted,FALSE
Tcon,PPARG,NOCT,CCRN4L,1,accepted,FALSE
Tcon,PPARG,GPAT4,AGPAT6,1,accepted,FALSE
Tcon,SP1,H3-3A,H3F3A,1,accepted,FALSE
Tcon,TP73,PLPP1,PPAP2A,1,accepted,FALSE
Tcon,WT1,CNOT9,RQCD1,1,accepted,FALSE
Tcon,YY1,ATP5F1A,ATP5A1,1,accepted,FALSE
Tcon,CREB1,PTPA,PPP2R4,1,accepted,TRUE
Tcon,SP1,PTPA,PPP2R4,1,accepted,FALSE
Tcon,SP3,PTPA,PPP2R4,1,accepted,FALSE
Tcon,TFAP2A,PTPA,PPP2R4,1,accepted,FALSE
Tcon,PPARA,PLPP1,PPAP2A,1,accepted,FALSE
Tcon,CREB1,STING1,TMEM173,1,accepted,TRUE
Tcon,CUX1,H4C9,HIST1H4I,-1,accepted,FALSE
Tcon,MYC,STING1,TMEM173,1,accepted,FALSE
Tcon,ASCL1,DLX5,SHFM1,1,accepted,FALSE
Tcon,SP1,NECTIN2,PVRL2,1,accepted,FALSE
Tcon,EGR4,DLX5,SHFM1,1,accepted,FALSE
Tcon,SP3,NECTIN2,PVRL2,1,accepted,FALSE
Tcon,AR,ACP3,ACPP,1,accepted,FALSE
Tcon,AR,SUSD6,KIAA0247,1,accepted,FALSE
Tcon,TP53,ADGRB2,BAI2,1,accepted,FALSE
Tcon,CTCF,NCBP3,C17orf85,1,accepted,FALSE
Tcon,CTCF,PTPA,PPP2R4,1,accepted,FALSE
Tcon,YY1,HACD2,PTPLB,1,accepted,FALSE
Tcon,YY1,NARS1,NARS,1,accepted,FALSE
Tcon,E2F4,CFAP20,C16orf80,1,accepted,FALSE
Tcon,NFKB,HACD3,PTPLAD1,1,accepted,FALSE
Tcon,NFKB,TSPOAP1,BZRAP1,1,accepted,FALSE
Tcon,AP1,TSPOAP1,BZRAP1,1,accepted,FALSE
Tcon,AP1,KIFBP,KIAA1279,1,accepted,FALSE
Tcon,AP1,OGA,MGEA5,1,accepted,FALSE
Tcon,NFKB,KIFBP,KIAA1279,1,accepted,FALSE
Tcon,NFKB,ECRG4,C2orf40,1,accepted,FALSE
Tcon,NFKB,CERT1,COL4A3BP,1,accepted,FALSE
Tcon,NFKB,SELENOS,VIMP,1,accepted,FALSE
Tcon,NFKB,KMT5C,SUV420H2,1,accepted,FALSE
Tcon,AP1,ELP1,IKBKAP,1,accepted,FALSE
Tcon,NFKB,OGA,MGEA5,1,accepted,FALSE
Tcon,NFKB,PRKN,PARK2,1,accepted,FALSE
Tcon,AP1,BABAM2,BRE,1,accepted,FALSE
CD8,USF1,JCHAIN,IGJ,1,accepted,FALSE
CD8,BHLHE40,CENPX,STRA13,1,accepted,FALSE
CD8,DBP,BMAL1,ARNTL,1,accepted,FALSE
CD8,TFAP2A,H3C13,HIST2H3D,1,accepted,FALSE
CD8,YY1,H3C13,HIST2H3D,1,accepted,FALSE
CD8,IRF2,H4C9,HIST1H4I,1,accepted,FALSE
CD8,SMARCA1,H2AZ1,H2AFZ,1,accepted,FALSE
CD8,KAT7,OGA,MGEA5,1,accepted,FALSE
CD8,RELA,OGA,MGEA5,1,accepted,FALSE
CD8,BMAL1,BMAL1,ARNTL,1,accepted,FALSE
CD8,NPAS2,BMAL1,ARNTL,1,accepted,FALSE
CD8,BMAL2,TSPOAP1,BZRAP1,1,accepted,FALSE
CD8,SP1,PLAAT3,PLA2G16,1,accepted,FALSE
CD8,SP3,PLAAT3,PLA2G16,1,accepted,FALSE
CD8,MYC,RIOX2,MINA,1,accepted,FALSE
CD8,OSR1,PRKN,PARK2,1,accepted,FALSE
CD8,CREB1,MRM3,RNMTL1,1,accepted,TRUE
CD8,CREB1,NOCT,CCRN4L,1,accepted,TRUE
CD8,BHLHE40,BMAL1,ARNTL,1,accepted,FALSE
CD8,BHLHE41,BMAL1,ARNTL,1,accepted,FALSE
CD8,RUNX2,TAFAZZIN,TAZ,1,accepted,FALSE
CD8,SSRP1,TAFAZZIN,TAZ,1,accepted,FALSE
CD8,KDM5D,COP1,RFWD2,1,accepted,FALSE
CD8,PGR,H1-2,HIST1H1C,1,accepted,FALSE
CD8,BHLHE41,CENPX,STRA13,1,accepted,FALSE
CD8,SP1,CENPX,STRA13,1,accepted,FALSE
CD8,ZBED1,H1-2,HIST1H1C,1,accepted,FALSE
CD8,CLOCK,BMAL1,ARNTL,-1,accepted,FALSE
CD8,TBP,H1-2,HIST1H1C,1,accepted,FALSE
CD8,CLOCK,NOCT,CCRN4L,1,accepted,FALSE
CD8,ALX1,OGA,MGEA5,1,accepted,FALSE
CD8,AR,RACK1,GNB2L1,1,accepted,FALSE
CD8,POU2F1,H2BC11,HIST1H2BJ,1,accepted,FALSE
CD8,TP53,PHB1,PHB,1,accepted,FALSE
CD8,RELA,TSPOAP1,BZRAP1,1,accepted,FALSE
CD8,SP1,ADGRG1,GPR56,1,accepted,FALSE
CD8,SP3,ADGRG1,GPR56,1,accepted,FALSE
CD8,TTF1,TAFAZZIN,TAZ,1,accepted,FALSE
CD8,MYC,PRKN,PARK2,1,accepted,FALSE
CD8,MYCN,PRKN,PARK2,-1,accepted,FALSE
CD8,TP53,COP1,RFWD2,1,accepted,FALSE
CD8,HHEX,TLE5,AES,1,accepted,FALSE
CD8,MSX1,H1-5,HIST1H1B,1,accepted,FALSE
CD8,MYB,CNOT9,RQCD1,1,accepted,FALSE
CD8,SP1,KIFBP,KIAA1279,1,accepted,FALSE
CD8,SP3,KIFBP,KIAA1279,1,accepted,FALSE
CD8,GFI1,TSPOAP1,BZRAP1,1,accepted,FALSE
CD8,JUND,TSPOAP1,BZRAP1,1,accepted,FALSE
CD8,NR1D1,BMAL1,ARNTL,-1,accepted,FALSE
CD8,RORA,BMAL1,ARNTL,1,accepted,FALSE
CD8,DLX5,DLX5,SHFM1,1,accepted,FALSE
CD8,BCL11A,H3C12,HIST1H3J,1,accepted,FALSE
CD8,HNF4A,ADGRG1,GPR56,1,accepted,FALSE
CD8,NCOR1,BMAL1,ARNTL,1,accepted,FALSE
CD8,HIF1A,MMUT,MUT,1,accepted,TRUE
CD8,MYC,MMUT,MUT,1,accepted,FALSE
CD8,SP1,MMUT,MUT,1,accepted,FALSE
CD8,TP53,MMUT,MUT,1,accepted,FALSE
CD8,DLX4,OGA,MGEA5,1,accepted,FALSE
CD8,GRHL3,OGA,MGEA5,1,accepted,FALSE
CD8,KAT5,OGA,MGEA5,1,accepted,FALSE
CD8,MYC,OGA,MGEA5,1,accepted,FALSE
CD8,ESR1,PRKN,PARK2,1,accepted,FALSE
CD8,HAND2,TSPOAP1,BZRAP1,1,accepted,FALSE
CD8,MTF1,SELENOW,SEPW1,1,accepted,FALSE
CD8,CREB1,NECTIN2,PVRL2,1,accepted,TRUE
CD8,FOS,NECTIN2,PVRL2,1,accepted,FALSE
CD8,JUN,NECTIN2,PVRL2,1,accepted,FALSE
CD8,MYC,BMAL1,ARNTL,1,accepted,FALSE
CD8,PPARA,BMAL1,ARNTL,1,accepted,FALSE
CD8,BMAL1,TSPOAP1,BZRAP1,1,accepted,FALSE
CD8,IRF2,OGA,MGEA5,1,accepted,FALSE
CD8,STAT5A,TSPOAP1,BZRAP1,1,accepted,FALSE
CD8,AR,PHB1,PHB,1,accepted,FALSE
CD8,NR0B2,BMAL1,ARNTL,1,accepted,FALSE
CD8,RUNX2,PRKN,PARK2,1,accepted,FALSE
CD8,AR,GRK3,ADRBK2,1,accepted,FALSE
CD8,MYOD1,CFAP410,C21orf2,1,accepted,FALSE
CD8,STAT3,PHB1,PHB,1,accepted,TRUE
CD8,FOXP3,OGA,MGEA5,1,accepted,FALSE
CD8,NKX2-1,CIP2A,KIAA1524,1,accepted,FALSE
CD8,PAX9,CIP2A,KIAA1524,1,accepted,FALSE
CD8,IRF1,RIGI,DDX58,1,accepted,FALSE
CD8,FOXP3,MARCHF7,MARCH7,1,accepted,FALSE
CD8,CREB1,OGA,MGEA5,1,accepted,TRUE
CD8,SMARCA1,OGA,MGEA5,1,accepted,FALSE
CD8,SMARCA5,OGA,MGEA5,1,accepted,FALSE
CD8,TFAP2A,OGA,MGEA5,1,accepted,FALSE
CD8,USF1,OGA,MGEA5,1,accepted,FALSE
CD8,MYB,H2AZ1,H2AFZ,1,accepted,FALSE
CD8,ESR1,PHB1,PHB,1,accepted,FALSE
CD8,TP53,PRKN,PARK2,1,accepted,FALSE
CD8,TBPL1,H1-2,HIST1H1C,1,accepted,FALSE
CD8,HOXD1,GPRASP3,BHLHB9,1,accepted,FALSE
CD8,DLX6,DLX5,SHFM1,1,accepted,FALSE
CD8,TP63,DLX5,SHFM1,1,accepted,FALSE
CD8,SP3,ADGRE5,CD97,1,accepted,FALSE
CD8,SP1,ADGRE5,CD97,1,accepted,FALSE
CD8,GTF2I,DNAAF4,DYX1C1,1,accepted,FALSE
CD8,SFPQ,DNAAF4,DYX1C1,1,accepted,FALSE
CD8,BMAL1,NOCT,CCRN4L,1,accepted,FALSE
CD8,PPARG,PLAAT3,PLA2G16,1,accepted,FALSE
CD8,HR,KIFBP,KIAA1279,1,accepted,FALSE
CD8,NFKB1,KIFBP,KIAA1279,1,accepted,TRUE
CD8,CEBPA,COP1,RFWD2,1,accepted,FALSE
CD8,CREB1,COP1,RFWD2,1,accepted,TRUE
CD8,NCOA2,KMT5B,SUV420H1,1,accepted,FALSE
CD8,NR3C1,BMAL1,ARNTL,1,accepted,FALSE
CD8,HBP1,H1-2,HIST1H1C,1,accepted,FALSE
CD8,ESR1,DNAAF4,DYX1C1,1,accepted,FALSE
CD8,ESR2,DNAAF4,DYX1C1,1,accepted,FALSE
CD8,PPARA,H2BC11,HIST1H2BJ,1,accepted,FALSE
CD8,SPI1,JCHAIN,IGJ,1,accepted,FALSE
CD8,MEF2A,JCHAIN,IGJ,1,accepted,FALSE
CD8,TCF3,JCHAIN,IGJ,1,accepted,FALSE
CD8,MAF,TSPOAP1,BZRAP1,1,accepted,FALSE
CD8,ESR1,H2AZ1,H2AFZ,1,accepted,FALSE
CD8,MAF,ADGRE1,EMR1,1,accepted,FALSE
CD8,SRF,OGA,MGEA5,1,accepted,FALSE
CD8,NFE2L2,PRKN,PARK2,1,accepted,FALSE
CD8,PPARG,TAFAZZIN,TAZ,1,accepted,FALSE
CD8,MTA1,COP1,RFWD2,1,accepted,FALSE
CD8,PRDM1,TSPOAP1,BZRAP1,1,accepted,FALSE
CD8,POU5F1,PRKN,PARK2,1,accepted,FALSE
CD8,IRF2,RIGI,DDX58,1,accepted,FALSE
CD8,RELA,TAFAZZIN,TAZ,1,accepted,FALSE
CD8,KLF10,BMAL1,ARNTL,-1,accepted,FALSE
CD8,ZBTB4,COQ8A,ADCK3,1,accepted,FALSE
CD8,ATF6,PRKN,PARK2,1,accepted,FALSE
CD8,NCOA2,BMAL1,ARNTL,1,accepted,FALSE
CD8,FOXN1,H2AZ1,H2AFZ,1,accepted,FALSE
CD8,KAT5,H2AZ1,H2AFZ,1,accepted,FALSE
CD8,NSD2,NSD3,WHSC1L1,1,accepted,FALSE
CD8,JUN,PRKN,PARK2,-1,accepted,FALSE
CD8,TFCP2,H1-2,HIST1H1C,1,accepted,FALSE
CD8,JUN,OGA,MGEA5,1,accepted,FALSE
CD8,ID2,BMAL1,ARNTL,1,accepted,FALSE
CD8,TP53,TIGAR,C12orf5,1,accepted,FALSE
CD8,MYOD1,SELENOW,SEPW1,1,accepted,FALSE
CD8,LEF1,MRE11,MRE11A,1,accepted,FALSE
CD8,NANOG,MARCHF7,MARCH7,1,accepted,FALSE
CD8,RXRA,BMAL1,ARNTL,1,accepted,FALSE
CD8,ATF4,PRKN,PARK2,1,accepted,FALSE
CD8,GATA2,COP1,RFWD2,1,accepted,FALSE
CD8,GATA2,PRKN,PARK2,1,accepted,FALSE
CD8,HSF1,PHB1,PHB,1,accepted,TRUE
CD8,TP53,PIERCE1,C9orf116,1,accepted,FALSE
CD8,POU2F2,H2BC11,HIST1H2BJ,1,accepted,FALSE
CD8,AR,OGA,MGEA5,1,accepted,FALSE
CD8,NR2F1,CIP2A,KIAA1524,1,accepted,FALSE
CD8,HNF1A,CIP2A,KIAA1524,1,accepted,FALSE
CD8,TP53,KIFBP,KIAA1279,1,accepted,FALSE
CD8,RELA,KMT5C,SUV420H2,1,accepted,FALSE
CD8,JUN,COP1,RFWD2,1,accepted,FALSE
CD8,HIF1A,ATP5IF1,ATPIF1,1,accepted,TRUE
CD8,NFATC1,OGA,MGEA5,1,accepted,FALSE
CD8,ETS1,TMEM131L,KIAA0922,1,accepted,FALSE
CD8,JUN,H1-2,HIST1H1C,1,accepted,FALSE
CD8,TP53,H2BC11,HIST1H2BJ,1,accepted,FALSE
CD8,FOXP3,H1-5,HIST1H1B,1,accepted,FALSE
CD8,DDIT3,H3-3A,H3F3A,1,accepted,FALSE
CD8,MBD2,ADGRB1,BAI1,1,accepted,FALSE
CD8,SP1,TIGAR,C12orf5,1,accepted,FALSE
CD8,PDX1,OGA,MGEA5,1,accepted,FALSE
CD8,AIRE,TSPOAP1,BZRAP1,1,accepted,FALSE
CD8,TP53,H1-2,HIST1H1C,1,accepted,FALSE
CD8,NFE2L2,TLE5,AES,1,accepted,FALSE
CD8,MYC,H2AZ1,H2AFZ,1,accepted,FALSE
CD8,TP53,KMT5A,SETD8,1,accepted,FALSE
CD8,TP63,KMT5A,SETD8,1,accepted,FALSE
CD8,AR,JPT1,HN1,1,accepted,FALSE
CD8,JUND,OGA,MGEA5,1,accepted,FALSE
CD8,NFE2,OGA,MGEA5,1,accepted,FALSE
CD8,TP53,DCAF1,VPRBP,1,accepted,FALSE
CD8,CTCF,H2AZ1,H2AFZ,1,accepted,FALSE
CD8,NKX3-1,SELENOH,C11orf31,1,accepted,FALSE
CD8,FOSB,OGA,MGEA5,1,accepted,FALSE
CD8,ARX,PLPP1,PPAP2A,1,accepted,FALSE
CD8,EBF3,PLPP1,PPAP2A,1,accepted,FALSE
CD8,EGR1,PLPP1,PPAP2A,1,accepted,FALSE
CD8,ETS2,PLPP1,PPAP2A,1,accepted,FALSE
CD8,NR0B1,PRKN,PARK2,1,accepted,FALSE
CD8,LEF1,H2AX,H2AFX,1,accepted,FALSE
CD8,CEBPA,TWNK,C10orf2,1,accepted,FALSE
CD8,TP53,RIGI,DDX58,1,accepted,FALSE
CD8,SPI1,TOMM70,TOMM70A,1,accepted,FALSE
CD8,ZNF699,TOMM70,TOMM70A,1,accepted,FALSE
CD8,MYB,ERBIN,ERBB2IP,1,accepted,FALSE
CD8,FOXP4,TSPOAP1,BZRAP1,-1,accepted,FALSE
CD8,ATRX,H3-3A,H3F3A,1,accepted,FALSE
CD8,EGR1,CAVIN1,PTRF,-1,accepted,FALSE
CD8,ELK1,TMEM131L,KIAA0922,1,accepted,FALSE
CD8,SP1,CEP131,AZI1,1,accepted,FALSE
CD8,TP63,H2AZ1,H2AFZ,1,accepted,FALSE
CD8,HIF1A,TIGAR,C12orf5,1,accepted,TRUE
CD8,E2F4,KIFBP,KIAA1279,-1,accepted,FALSE
CD8,E2F6,KIFBP,KIAA1279,-1,accepted,FALSE
CD8,HEY1,H2BC11,HIST1H2BJ,1,accepted,FALSE
CD8,NR1H4,ATP5F1A,ATP5A1,1,accepted,FALSE
CD8,SRY,SGF29,CCDC101,1,accepted,FALSE
CD8,REL,RACK1,GNB2L1,1,accepted,TRUE
CD8,NRF1,RETREG3,FAM134C,1,accepted,FALSE
CD8,NFYA,BMAL1,ARNTL,1,accepted,FALSE
CD8,SP1,BMAL1,ARNTL,1,accepted,FALSE
CD8,CREB1,TIGAR,C12orf5,1,accepted,TRUE
CD8,EZH2,KIFBP,KIAA1279,1,accepted,FALSE
CD8,MTA1,BMAL1,ARNTL,1,accepted,FALSE
CD8,PPARA,ADSS2,ADSS,1,accepted,FALSE
CD8,PPARG,ADSS2,ADSS,1,accepted,FALSE
CD8,EZH2,H2BC11,HIST1H2BJ,1,accepted,FALSE
CD8,LEF1,PRKN,PARK2,1,accepted,FALSE
CD8,RFX1,ADGRG1,GPR56,1,accepted,FALSE
CD8,MEF2C,OGA,MGEA5,1,accepted,FALSE
CD8,NCOA1,OGA,MGEA5,1,accepted,FALSE
CD8,YY1,PRKN,PARK2,1,accepted,FALSE
CD8,AR,KMT5A,SETD8,1,accepted,FALSE
CD8,TCF12,KMT5A,SETD8,1,accepted,FALSE
CD8,PPARG,PLPP1,PPAP2A,1,accepted,FALSE
CD8,ETS2,PLAAT3,PLA2G16,1,accepted,FALSE
CD8,TP53,PLAAT3,PLA2G16,1,accepted,FALSE
CD8,MYC,KMT5B,SUV420H1,1,accepted,FALSE
CD8,JUN,KIFBP,KIAA1279,1,accepted,FALSE
CD8,RELA,CFAP20,C16orf80,1,accepted,FALSE
CD8,REL,TSPOAP1,BZRAP1,1,accepted,TRUE
CD8,POU2F2,TSPOAP1,BZRAP1,1,accepted,FALSE
CD8,RARA,BABAM2,BRE,1,accepted,FALSE
CD8,NR3C1,H1-2,HIST1H1C,1,accepted,FALSE
CD8,PAX5,JCHAIN,IGJ,1,accepted,FALSE
CD8,ESR1,ELP1,IKBKAP,1,accepted,FALSE
CD8,THRA,ELP1,IKBKAP,1,accepted,FALSE
CD8,VDR,ELP1,IKBKAP,1,accepted,FALSE
CD8,TSC22D1,SRPRA,SRPR,1,accepted,FALSE
CD8,MEF2C,JCHAIN,IGJ,1,accepted,FALSE
CD8,TADA2A,CFAP20,C16orf80,1,accepted,FALSE
CD8,TBP,CFAP20,C16orf80,1,accepted,FALSE
CD8,ATF1,H4C9,HIST1H4I,1,accepted,FALSE
CD8,E2F1,H4C9,HIST1H4I,1,accepted,FALSE
CD8,E2F1,H2BC11,HIST1H2BJ,1,accepted,FALSE
CD8,E2F4,H2AC4,HIST1H2AB,1,accepted,FALSE
CD8,E2F4,H3C12,HIST1H3J,1,accepted,FALSE
CD8,E2F4,H4C9,HIST1H4I,1,accepted,FALSE
CD8,E2F4,H2AC17,HIST1H2AM,1,accepted,FALSE
CD8,E2F4,H2BC11,HIST1H2BJ,1,accepted,FALSE
CD8,ESR1,ITPRID2,SSFA2,1,accepted,FALSE
CD8,ESR1,PRUNE1,PRUNE,1,accepted,FALSE
CD8,ESR1,NOTCH2NLA,NOTCH2NL,1,accepted,FALSE
CD8,ESR2,FYB1,FYB,1,accepted,FALSE
CD8,ESR2,NIPSNAP2,GBAS,1,accepted,FALSE
CD8,ESR2,P3H4,LEPREL4,1,accepted,FALSE
CD8,ESR2,PRUNE1,PRUNE,1,accepted,FALSE
CD8,ESR2,NOTCH2NLA,NOTCH2NL,1,accepted,FALSE
CD8,GABPA,TOMM70,TOMM70A,1,accepted,FALSE
CD8,GATA3,SEPTIN7,SEPT7,1,accepted,FALSE
CD8,GATA3,SPART,SPG20,1,accepted,FALSE
CD8,MYC,PHB1,PHB,1,accepted,FALSE
CD8,MYC,PTPA,PPP2R4,-1,accepted,FALSE
CD8,MYC,MTERF1,MTERF,1,accepted,FALSE
CD8,MYC,H2BC4,HIST1H2BC,1,accepted,FALSE
CD8,MYC,H4C9,HIST1H4I,1,accepted,FALSE
CD8,MYC,RIDA,HRSP12,1,accepted,FALSE
CD8,MYC,DMAC2L,ATP5S,1,accepted,FALSE
CD8,MYCN,MRE11,MRE11A,1,accepted,FALSE
CD8,MYCN,PHB1,PHB,1,accepted,FALSE
CD8,SP1,H2AZ1,H2AFZ,1,accepted,FALSE
CD8,SP1,H4C9,HIST1H4I,1,accepted,FALSE
CD8,TP53,H3C12,HIST1H3J,1,accepted,FALSE
CD8,TP53,RACK1,GNB2L1,1,accepted,FALSE
CD8,TP53,ATOSB,FAM214B,1,accepted,FALSE
CD8,TP63,BMAL1,ARNTL,1,accepted,FALSE
CD8,TP63,NOTCH2NLA,NOTCH2NL,1,accepted,FALSE
CD8,NR1I2,PATJ,INADL,1,accepted,FALSE
CD8,NR1I2,PCLAF,KIAA0101,1,accepted,FALSE
CD8,NR1I2,PRXL2A,FAM213A,1,accepted,FALSE
CD8,NR1I2,DNAAF4,DYX1C1,1,accepted,FALSE
CD8,NR1I2,EEF2KMT,FAM86A,1,accepted,FALSE
CD8,AR,SEPTIN7,SEPT7,-1,accepted,FALSE
CD8,ATF3,KIFBP,KIAA1279,1,accepted,TRUE
CD8,EGR1,HYAL1,NAT6,1,accepted,FALSE
CD8,ERG,H4C9,HIST1H4I,1,accepted,FALSE
CD8,ETS1,EMSY,C11orf30,1,accepted,FALSE
CD8,ETV4,GBA1,GBA,1,accepted,FALSE
CD8,GLI1,H2AX,H2AFX,-1,accepted,FALSE
CD8,GLI2,H2AX,H2AFX,-1,accepted,FALSE
CD8,HDAC1,PHB1,PHB,-1,accepted,FALSE
CD8,HDAC4,PTPA,PPP2R4,1,accepted,FALSE
CD8,MECP2,DLX5,SHFM1,-1,accepted,FALSE
CD8,NFKB1,HYAL1,NAT6,1,accepted,TRUE
CD8,NR4A1,BABAM2,BRE,-1,accepted,FALSE
CD8,POU5F1,DLX5,SHFM1,-1,accepted,FALSE
CD8,PPARG,ERO1A,ERO1L,1,accepted,FALSE
CD8,PRDM2,KMT5A,SETD8,1,accepted,FALSE
CD8,RELA,HYAL1,NAT6,1,accepted,FALSE
CD8,SETBP1,PTPA,PPP2R4,-1,accepted,FALSE
CD8,SIM2,PRKN,PARK2,1,accepted,FALSE
CD8,SP1,GRK2,ADRBK1,1,accepted,FALSE
CD8,SP1,HYAL1,NAT6,-1,accepted,FALSE
CD8,TP53,ADGRB1,BAI1,1,accepted,FALSE
CD8,TP53,PTPA,PPP2R4,-1,accepted,FALSE
CD8,TP53,BLTP3A,UHRF1BP1,1,accepted,FALSE
CD8,TRIM25,RIGI,DDX58,1,accepted,FALSE
CD8,USF2,ATP5F1A,ATP5A1,1,accepted,FALSE
CD8,VDR,PHB1,PHB,1,accepted,FALSE
CD8,VHL,CENPX,STRA13,1,accepted,FALSE
CD8,WT1,ADGRE5,CD97,1,accepted,FALSE
CD8,ZIC1,TLCD3A,FAM57A,1,accepted,FALSE
CD8,RBPJ,ATP5PD,ATP5H,-1,accepted,FALSE
CD8,GLI1,LHFPL6,LHFP,1,accepted,FALSE
CD8,GLI1,SEPTIN7,SEPT7,1,accepted,FALSE
CD8,GLI1,SKIC8,WDR61,-1,accepted,FALSE
CD8,CREB1,CARS1,CARS,1,accepted,TRUE
CD8,CTNNB1,CRYBG1,AIM1,1,accepted,FALSE
CD8,CTNNB1,HYCC1,FAM126A,-1,accepted,FALSE
CD8,GLI2,DLX5,SHFM1,-1,accepted,FALSE
CD8,GLI2,SPART,SPG20,1,accepted,FALSE
CD8,FOXO1,NOCT,CCRN4L,1,accepted,FALSE
CD8,FOXO1,TCAF1,FAM115A,1,accepted,FALSE
CD8,FOXO1,RACK1,GNB2L1,1,accepted,FALSE
CD8,FOXO1,RARS1,RARS,1,accepted,FALSE
CD8,FOXO1,CAVIN2,SDPR,-1,accepted,FALSE
CD8,TP53,PIDD1,PIDD,1,accepted,FALSE
CD8,MYC,CRYBG1,AIM1,1,accepted,FALSE
CD8,MYC,GCN1,GCN1L1,-1,accepted,FALSE
CD8,HNF1A,MIA2,CTAGE5,1,accepted,FALSE
CD8,YY1,PTPA,PPP2R4,1,accepted,FALSE
CD8,E2F1,H2AC17,HIST1H2AM,1,accepted,FALSE
CD8,ETS1,PTPA,PPP2R4,1,accepted,FALSE
CD8,HBP1,H1-5,HIST1H1B,1,accepted,FALSE
CD8,RB1,H1-5,HIST1H1B,1,accepted,FALSE
CD8,RARB,PLAAT4,RARRES3,1,accepted,FALSE
CD8,DDIT3,ERO1A,ERO1L,1,accepted,FALSE
CD8,PGR,HYAL1,NAT6,-1,accepted,FALSE
CD8,GATA3,POLR1F,TWISTNB,1,accepted,FALSE
CD8,MTA3,POLR1F,TWISTNB,1,accepted,FALSE
CD8,PPARG,BMAL1,ARNTL,1,accepted,FALSE
CD8,ATF4,CARS1,CARS,1,accepted,FALSE
CD8,ATF4,LARS1,LARS,1,accepted,FALSE
CD8,ATF4,NARS1,NARS,1,accepted,FALSE
CD8,ATF4,IARS1,IARS,1,accepted,FALSE
CD8,PPARGC1A,BMAL1,ARNTL,1,accepted,FALSE
CD8,RORC,BMAL1,ARNTL,1,accepted,FALSE
CD8,RORB,BMAL1,ARNTL,1,accepted,FALSE
CD8,TBX22,DLX5,SHFM1,-1,accepted,FALSE
CD8,NR1D2,BMAL1,ARNTL,-1,accepted,FALSE
CD8,CUX1,H3C13,HIST2H3D,-1,accepted,FALSE
CD8,DLX1,DLX5,SHFM1,-1,accepted,FALSE
CD8,DLX2,DLX5,SHFM1,1,accepted,FALSE
CD8,E2F1,H2AC4,HIST1H2AB,1,accepted,FALSE
CD8,ELF4,DLX5,SHFM1,-1,accepted,FALSE
CD8,EPAS1,BMAL1,ARNTL,1,accepted,TRUE
CD8,HBP1,H1-0,H1F0,1,accepted,FALSE
CD8,IRF1,PLAAT3,PLA2G16,1,accepted,FALSE
CD8,LHX2,PLAAT4,RARRES3,1,accepted,FALSE
CD8,MEF2A,MYL11,MYLPF,1,accepted,FALSE
CD8,MEF2C,DLX5,SHFM1,1,accepted,FALSE
CD8,MEF2C,ADSS1,ADSSL1,1,accepted,FALSE
CD8,MITF,SLC45A2,AIM1,1,accepted,FALSE
CD8,MSX2,DLX5,SHFM1,-1,accepted,FALSE
CD8,NFATC4,ADSS1,ADSSL1,1,accepted,FALSE
CD8,PAX2,PLAAT4,RARRES3,1,accepted,FALSE
CD8,PPARD,GPAT4,AGPAT6,1,accepted,FALSE
CD8,PPARG,KMT5A,SETD8,1,accepted,FALSE
CD8,PPARG,NOCT,CCRN4L,1,accepted,FALSE
CD8,PPARG,GPAT4,AGPAT6,1,accepted,FALSE
CD8,SP1,H3-3A,H3F3A,1,accepted,FALSE
CD8,TP73,PLPP1,PPAP2A,1,accepted,FALSE
CD8,WT1,CNOT9,RQCD1,1,accepted,FALSE
CD8,YY1,ATP5F1A,ATP5A1,1,accepted,FALSE
CD8,CREB1,PTPA,PPP2R4,1,accepted,TRUE
CD8,SP1,PTPA,PPP2R4,1,accepted,FALSE
CD8,SP3,PTPA,PPP2R4,1,accepted,FALSE
CD8,TFAP2A,PTPA,PPP2R4,1,accepted,FALSE
CD8,PPARA,PLPP1,PPAP2A,1,accepted,FALSE
CD8,CREB1,STING1,TMEM173,1,accepted,TRUE
CD8,CUX1,H4C9,HIST1H4I,-1,accepted,FALSE
CD8,MYC,STING1,TMEM173,1,accepted,FALSE
CD8,ASCL1,DLX5,SHFM1,1,accepted,FALSE
CD8,SP1,NECTIN2,PVRL2,1,accepted,FALSE
CD8,EGR4,DLX5,SHFM1,1,accepted,FALSE
CD8,SP3,NECTIN2,PVRL2,1,accepted,FALSE
CD8,AR,SUSD6,KIAA0247,1,accepted,FALSE
CD8,TP53,ADGRB2,BAI2,1,accepted,FALSE
CD8,CTCF,NCBP3,C17orf85,1,accepted,FALSE
CD8,CTCF,PTPA,PPP2R4,1,accepted,FALSE
CD8,YY1,HACD2,PTPLB,1,accepted,FALSE
CD8,YY1,NARS1,NARS,1,accepted,FALSE
CD8,E2F4,CFAP20,C16orf80,1,accepted,FALSE
CD8,NFKB,HACD3,PTPLAD1,1,accepted,FALSE
CD8,NFKB,TSPOAP1,BZRAP1,1,accepted,FALSE
CD8,AP1,TSPOAP1,BZRAP1,1,accepted,FALSE
CD8,AP1,KIFBP,KIAA1279,1,accepted,FALSE
CD8,AP1,OGA,MGEA5,1,accepted,FALSE
CD8,NFKB,KIFBP,KIAA1279,1,accepted,FALSE
CD8,NFKB,ECRG4,C2orf40,1,accepted,FALSE
CD8,NFKB,CERT1,COL4A3BP,1,accepted,FALSE
CD8,NFKB,SELENOS,VIMP,1,accepted,FALSE
CD8,NFKB,KMT5C,SUV420H2,1,accepted,FALSE
CD8,AP1,ELP1,IKBKAP,1,accepted,FALSE
CD8,NFKB,OGA,MGEA5,1,accepted,FALSE
CD8,NFKB,PRKN,PARK2,1,accepted,FALSE
CD8,AP1,BABAM2,BRE,1,accepted,FALSE
Treg,TFAP2A,CCL13,SCYL1,1,rejected_symbol_belongs_to_another_gene,FALSE
Treg,CREB1,CHGA,CGA,1,rejected_symbol_belongs_to_another_gene,TRUE
Treg,HSF2,HSP90B2P,TRAP1,1,rejected_symbol_belongs_to_another_gene,FALSE
Treg,NR5A1,NR5A1,SF1,1,rejected_symbol_belongs_to_another_gene,FALSE
Treg,AHR,CYP1A1,AHRR,1,rejected_symbol_belongs_to_another_gene,FALSE
Treg,CEBPB,PRG2,MBP,1,rejected_symbol_belongs_to_another_gene,FALSE
Treg,GATA1,PRG2,MBP,1,rejected_symbol_belongs_to_another_gene,FALSE
Treg,NR0B1,NR5A1,SF1,-1,rejected_symbol_belongs_to_another_gene,FALSE
Treg,NFIC,CYP1A1,AHRR,-1,rejected_symbol_belongs_to_another_gene,FALSE
Treg,IRF1,SLPI,MPI,-1,rejected_symbol_belongs_to_another_gene,FALSE
Treg,SREBF1,GCK,GK,1,rejected_symbol_belongs_to_another_gene,FALSE
Treg,TFAP2A,HCRT,PPOX,1,rejected_symbol_belongs_to_another_gene,FALSE
Treg,TP53,GDF15,PDF,1,rejected_symbol_belongs_to_another_gene,FALSE
Treg,NR2F1,CYP1A1,AHRR,-1,rejected_symbol_belongs_to_another_gene,FALSE
Treg,GATA4,AMH,MIF,1,rejected_symbol_belongs_to_another_gene,FALSE
Treg,NR5A1,AMH,MIF,1,rejected_symbol_belongs_to_another_gene,FALSE
Treg,SRY,AMH,MIF,1,rejected_symbol_belongs_to_another_gene,FALSE
Treg,WT1,AMH,MIF,1,rejected_symbol_belongs_to_another_gene,FALSE
Treg,ZNF354C,AMH,MIF,1,rejected_symbol_belongs_to_another_gene,FALSE
Treg,PDX1,IAPP,DAP,1,rejected_symbol_belongs_to_another_gene,FALSE
Treg,RELA,GC,DBP,1,rejected_symbol_belongs_to_another_gene,FALSE
Treg,STAT5B,GCK,GK,1,rejected_symbol_belongs_to_another_gene,FALSE
Treg,HSF1,HSP90B2P,TRAP1,1,rejected_symbol_belongs_to_another_gene,TRUE
Treg,TTF1,NKX2-1,TTF1,1,rejected_symbol_belongs_to_another_gene,FALSE
Treg,NFIA,CYP1A1,AHRR,1,rejected_symbol_belongs_to_another_gene,FALSE
Treg,NR5A1,AKR1B10,ARL1,1,rejected_symbol_belongs_to_another_gene,FALSE
Treg,SP1,AKR1B10,ARL1,1,rejected_symbol_belongs_to_another_gene,FALSE
Treg,NR0B1,AMH,MIF,1,rejected_symbol_belongs_to_another_gene,FALSE
Treg,SOX9,AMH,MIF,1,rejected_symbol_belongs_to_another_gene,FALSE
Treg,USF1,CYP1A1,AHRR,-1,rejected_symbol_belongs_to_another_gene,FALSE
Treg,MTF1,PGF,PIGF,1,rejected_symbol_belongs_to_another_gene,FALSE
Treg,ENO1,MBL2,MBP,1,rejected_symbol_belongs_to_another_gene,FALSE
Treg,MYC,MBL2,MBP,1,rejected_symbol_belongs_to_another_gene,FALSE
Treg,NR0B2,CYP1A1,AHRR,-1,rejected_symbol_belongs_to_another_gene,FALSE
Treg,SP1,GDF15,PDF,1,rejected_symbol_belongs_to_another_gene,FALSE
Treg,SP3,GDF15,PDF,1,rejected_symbol_belongs_to_another_gene,FALSE
Treg,FOXM1,GCK,GK,1,rejected_symbol_belongs_to_another_gene,FALSE
Treg,HNF1A,GCK,GK,1,rejected_symbol_belongs_to_another_gene,FALSE
Treg,HNF1A,SLCO1B1,LST1,1,rejected_symbol_belongs_to_another_gene,FALSE
Treg,SMAD3,SELENOP,SELP,-1,rejected_symbol_belongs_to_another_gene,FALSE
Treg,SP1,MMP28,MMP25,1,rejected_symbol_belongs_to_another_gene,FALSE
Treg,SP3,MMP28,MMP25,1,rejected_symbol_belongs_to_another_gene,FALSE
Treg,NKX2-1,NKX2-1,TTF1,1,rejected_symbol_belongs_to_another_gene,FALSE
Treg,WT1,PODXL,PC,1,rejected_symbol_belongs_to_another_gene,FALSE
Treg,HNF1B,TTR,TTN,1,rejected_symbol_belongs_to_another_gene,FALSE
Treg,PDX1,GCK,GK,1,rejected_symbol_belongs_to_another_gene,FALSE
Treg,NFIC,CEL,LIPA,1,rejected_symbol_belongs_to_another_gene,FALSE
Treg,SSRP1,CEL,LIPA,1,rejected_symbol_belongs_to_another_gene,FALSE
Treg,NR1I2,SLCO1B1,LST1,1,rejected_symbol_belongs_to_another_gene,FALSE
Treg,KLF5,GC,DBP,1,rejected_symbol_belongs_to_another_gene,FALSE
Treg,SP3,GC,DBP,1,rejected_symbol_belongs_to_another_gene,FALSE
Treg,KLF13,CYP1A1,AHRR,-1,rejected_symbol_belongs_to_another_gene,FALSE
Treg,KLF16,CYP1A1,AHRR,-1,rejected_symbol_belongs_to_another_gene,FALSE
Treg,KLF9,CYP1A1,AHRR,-1,rejected_symbol_belongs_to_another_gene,FALSE
Treg,SP1,GC,DBP,1,rejected_symbol_belongs_to_another_gene,FALSE
Treg,NCOR2,CYP1A1,AHRR,1,rejected_symbol_belongs_to_another_gene,FALSE
Treg,ONECUT1,GCK,GK,1,rejected_symbol_belongs_to_another_gene,FALSE
Treg,MTA2,SELENOP,SELP,1,rejected_symbol_belongs_to_another_gene,FALSE
Treg,STAT1,HSP90B2P,TRAP1,1,rejected_symbol_belongs_to_another_gene,FALSE
Treg,ARNT,CYP1A1,AHRR,1,rejected_symbol_belongs_to_another_gene,FALSE
Treg,EGR1,CHGA,CGA,1,rejected_symbol_belongs_to_another_gene,FALSE
Treg,SP1,CHGA,CGA,1,rejected_symbol_belongs_to_another_gene,FALSE
Treg,NEUROD1,GCK,GK,1,rejected_symbol_belongs_to_another_gene,FALSE
Treg,MBD2,DPEP1,MBD1,1,rejected_symbol_belongs_to_another_gene,FALSE
Treg,SOX8,AMH,MIF,1,rejected_symbol_belongs_to_another_gene,FALSE
Treg,YY1,CCL13,SCYL1,1,rejected_symbol_belongs_to_another_gene,FALSE
Treg,NR5A2,CEL,LIPA,1,rejected_symbol_belongs_to_another_gene,FALSE
Treg,KLF4,IAPP,DAP,1,rejected_symbol_belongs_to_another_gene,FALSE
Treg,ESR1,HSP90B2P,TRAP1,1,rejected_symbol_belongs_to_another_gene,FALSE
Treg,JUN,GC,DBP,1,rejected_symbol_belongs_to_another_gene,FALSE
Treg,CEBPB,CYP1A1,AHRR,-1,rejected_symbol_belongs_to_another_gene,FALSE
Treg,EGR1,OCM2,OCM,1,rejected_symbol_belongs_to_another_gene,FALSE
Treg,SP1,CYP1A1,AHRR,1,rejected_symbol_belongs_to_another_gene,FALSE
Treg,ESR1,AMH,MIF,1,rejected_symbol_belongs_to_another_gene,FALSE
Treg,ESR2,AMH,MIF,1,rejected_symbol_belongs_to_another_gene,FALSE
Treg,FOXD1,PGF,PIGF,1,rejected_symbol_belongs_to_another_gene,FALSE
Treg,FOXG1,PGF,PIGF,1,rejected_symbol_belongs_to_another_gene,FALSE
Treg,IRF2,THPO,TPO,1,rejected_symbol_belongs_to_another_gene,FALSE
Treg,HNF1A,IAPP,DAP,1,rejected_symbol_belongs_to_another_gene,FALSE
Treg,MAZ,IAPP,DAP,1,rejected_symbol_belongs_to_another_gene,FALSE
Treg,HIF1A,GCK,GK,1,rejected_symbol_belongs_to_another_gene,TRUE
Treg,HNF4A,GCK,GK,1,rejected_symbol_belongs_to_another_gene,FALSE
Treg,EGR1,GDF15,PDF,1,rejected_symbol_belongs_to_another_gene,FALSE
Treg,SSRP1,GDF15,PDF,1,rejected_symbol_belongs_to_another_gene,FALSE
Treg,NCOA3,CYP1A1,AHRR,1,rejected_symbol_belongs_to_another_gene,FALSE
Treg,FOXA2,SLCO1B1,LST1,1,rejected_symbol_belongs_to_another_gene,FALSE
Treg,NRF1,IAPP,DAP,1,rejected_symbol_belongs_to_another_gene,FALSE
Treg,NR0B2,GCK,GK,-1,rejected_symbol_belongs_to_another_gene,FALSE
Treg,PAX6,GCK,GK,1,rejected_symbol_belongs_to_another_gene,FALSE
Treg,CEBPB,CD1D,CD1A,1,rejected_symbol_belongs_to_another_gene,FALSE
Treg,LEF1,CD1D,CD1A,-1,rejected_symbol_belongs_to_another_gene,FALSE
Treg,TCF7,CD1D,CD1A,1,rejected_symbol_belongs_to_another_gene,FALSE
Treg,TP53,PODXL,PC,1,rejected_symbol_belongs_to_another_gene,FALSE
Treg,SMAD4,NKX2-1,TTF1,1,rejected_symbol_belongs_to_another_gene,FALSE
Treg,SP1,NKX2-1,TTF1,1,rejected_symbol_belongs_to_another_gene,FALSE
Treg,GLI2,FOXE1,TTF2,1,rejected_symbol_belongs_to_another_gene,FALSE
Treg,NR3C1,SLPI,MPI,1,rejected_symbol_belongs_to_another_gene,FALSE
Treg,PPARG,CYP1A1,AHRR,-1,rejected_symbol_belongs_to_another_gene,FALSE
Treg,TFCP2,DPEP1,MBD1,1,rejected_symbol_belongs_to_another_gene,FALSE
Treg,ZGLP1,IAPP,DAP,1,rejected_symbol_belongs_to_another_gene,FALSE
Treg,FOXA2,IAPP,DAP,-1,rejected_symbol_belongs_to_another_gene,FALSE
Treg,ATF3,GDF15,PDF,1,rejected_symbol_belongs_to_another_gene,TRUE
Treg,TAL1,KRT9,EPPK1,1,rejected_symbol_belongs_to_another_gene,FALSE
Treg,RELA,GDF15,PDF,1,rejected_symbol_belongs_to_another_gene,FALSE
Treg,CDX1,IAPP,DAP,1,rejected_symbol_belongs_to_another_gene,FALSE
Treg,CDX2,IAPP,DAP,1,rejected_symbol_belongs_to_another_gene,FALSE
Treg,SSRP1,IAPP,DAP,1,rejected_symbol_belongs_to_another_gene,FALSE
Treg,DNMT1,CYP1A1,AHRR,1,rejected_symbol_belongs_to_another_gene,FALSE
Treg,CREB1,MUSK,FADS1,-1,rejected_symbol_belongs_to_another_gene,TRUE
Treg,MYOD1,MUSK,FADS1,1,rejected_symbol_belongs_to_another_gene,FALSE
Treg,ELF1,CD1D,CD1A,1,rejected_symbol_belongs_to_another_gene,FALSE
Treg,SPI1,CD1D,CD1A,1,rejected_symbol_belongs_to_another_gene,FALSE
Treg,NRG1,HSP90B2P,TRAP1,1,rejected_symbol_belongs_to_another_gene,FALSE
Treg,ESR1,CYP1A1,AHRR,-1,rejected_symbol_belongs_to_another_gene,FALSE
Treg,TP53,HSP90B2P,TRAP1,1,rejected_symbol_belongs_to_another_gene,FALSE
Treg,NR3C1,TDO2,TPH2,1,rejected_symbol_belongs_to_another_gene,FALSE
Treg,SMARCA1,TDO2,TPH2,1,rejected_symbol_belongs_to_another_gene,FALSE
Treg,MYOG,MUSK,FADS1,1,rejected_symbol_belongs_to_another_gene,FALSE
Treg,HR,MUSK,FADS1,1,rejected_symbol_belongs_to_another_gene,FALSE
Treg,PGR,SLPI,MPI,1,rejected_symbol_belongs_to_another_gene,FALSE
Treg,KLF9,SLPI,MPI,1,rejected_symbol_belongs_to_another_gene,FALSE
Treg,ZNF148,IAPP,DAP,1,rejected_symbol_belongs_to_another_gene,FALSE
Treg,FOXO1,GCK,GK,1,rejected_symbol_belongs_to_another_gene,FALSE
Treg,TFAP2A,IAPP,DAP,1,rejected_symbol_belongs_to_another_gene,FALSE
Treg,SNAI2,PRSS8,CAP1,-1,rejected_symbol_belongs_to_another_gene,FALSE
Treg,SREBF2,PRSS8,CAP1,1,rejected_symbol_belongs_to_another_gene,FALSE
Treg,HOXD13,CYP1A1,AHRR,1,rejected_symbol_belongs_to_another_gene,FALSE
Treg,SP1,PODXL,PC,1,rejected_symbol_belongs_to_another_gene,FALSE
Treg,CEBPB,HCRT,PPOX,1,rejected_symbol_belongs_to_another_gene,FALSE
Treg,HIF1A,OCM2,OCM,1,rejected_symbol_belongs_to_another_gene,TRUE
Treg,AR,GC,DBP,1,rejected_symbol_belongs_to_another_gene,FALSE
Treg,PPARG,CD1D,CD1A,1,rejected_symbol_belongs_to_another_gene,FALSE
Treg,RARA,CD1D,CD1A,1,rejected_symbol_belongs_to_another_gene,FALSE
Treg,ARNT2,CYP1A1,AHRR,1,rejected_symbol_belongs_to_another_gene,FALSE
Treg,NR6A1,DPEP1,MBD1,1,rejected_symbol_belongs_to_another_gene,FALSE
Treg,RUNX2,NELL1,NRP1,1,rejected_symbol_belongs_to_another_gene,FALSE
Treg,NR4A1,GC,DBP,1,rejected_symbol_belongs_to_another_gene,FALSE
Treg,PBX1,NR5A1,SF1,1,rejected_symbol_belongs_to_another_gene,FALSE
Treg,DLX3,PGF,PIGF,1,rejected_symbol_belongs_to_another_gene,FALSE
Treg,WT1,GC,DBP,1,rejected_symbol_belongs_to_another_gene,FALSE
Treg,DNMT1,KRT9,EPPK1,1,rejected_symbol_belongs_to_another_gene,FALSE
Treg,PAX8,HCRT,PPOX,1,rejected_symbol_belongs_to_another_gene,FALSE
Treg,TTF1,HCRT,PPOX,1,rejected_symbol_belongs_to_another_gene,FALSE
Treg,CREB3,CCL15,SCYL3,1,rejected_symbol_belongs_to_another_gene,FALSE
Treg,ONECUT1,TTR,TTN,1,rejected_symbol_belongs_to_another_gene,FALSE
Treg,SMARCA1,TTR,TTN,1,rejected_symbol_belongs_to_another_gene,FALSE
Treg,KDM5C,KRT9,EPPK1,1,rejected_symbol_belongs_to_another_gene,FALSE
Treg,CREM,CHGA,CGA,1,rejected_symbol_belongs_to_another_gene,FALSE
Treg,MYC,MLXIPL,MLX,1,rejected_symbol_belongs_to_another_gene,FALSE
Treg,SP1,GCK,GK,1,rejected_symbol_belongs_to_another_gene,FALSE
Treg,SP3,GCK,GK,1,rejected_symbol_belongs_to_another_gene,FALSE
Treg,EMX2,SP8,BTD,1,rejected_symbol_belongs_to_another_gene,FALSE
Treg,HSF1,TACR1,SPR,1,rejected_symbol_belongs_to_another_gene,TRUE
Treg,TP63,GDF15,PDF,1,rejected_symbol_belongs_to_another_gene,FALSE
Treg,SP1,KCNA5,HK2,1,rejected_symbol_belongs_to_another_gene,FALSE
Treg,PITX1,GDF15,PDF,1,rejected_symbol_belongs_to_another_gene,FALSE
Treg,FOXO1,SELENOP,SELP,1,rejected_symbol_belongs_to_another_gene,FALSE
Treg,PPARG,GCK,GK,1,rejected_symbol_belongs_to_another_gene,FALSE
Treg,GCM1,PGF,PIGF,1,rejected_symbol_belongs_to_another_gene,FALSE
Treg,TBP,GC,DBP,1,rejected_symbol_belongs_to_another_gene,FALSE
Treg,IRF8,KRT9,EPPK1,1,rejected_symbol_belongs_to_another_gene,FALSE
Treg,HIF1A,TNNI3,TNNC1,1,rejected_symbol_belongs_to_another_gene,TRUE
Treg,HIF1A,PGF,PIGF,1,rejected_symbol_belongs_to_another_gene,TRUE
Treg,HR,GDF15,PDF,1,rejected_symbol_belongs_to_another_gene,FALSE
Treg,SOX9,NR5A1,SF1,1,rejected_symbol_belongs_to_another_gene,FALSE
Treg,HIF1A,THPO,TPO,1,rejected_symbol_belongs_to_another_gene,TRUE
Treg,TTF1,SFTPA2,PSAP,1,rejected_symbol_belongs_to_another_gene,FALSE
Treg,MAX,DDR2,TKT,1,rejected_symbol_belongs_to_another_gene,FALSE
Treg,MYC,DDR2,TKT,1,rejected_symbol_belongs_to_another_gene,FALSE
Treg,HNF4A,SELENOP,SELP,1,rejected_symbol_belongs_to_another_gene,FALSE
Treg,GATA4,TDO2,TPH2,-1,rejected_symbol_belongs_to_another_gene,FALSE
Treg,JARID2,KRT9,EPPK1,1,rejected_symbol_belongs_to_another_gene,FALSE
Treg,YY1,TNNI3,TNNC1,-1,rejected_symbol_belongs_to_another_gene,FALSE
Treg,VDR,AMH,MIF,1,rejected_symbol_belongs_to_another_gene,FALSE
Treg,AHR,SMOC2,SMAP2,1,rejected_symbol_belongs_to_another_gene,FALSE
Treg,MYF5,FOXE1,TTF2,1,rejected_symbol_belongs_to_another_gene,FALSE
Treg,CEBPG,AKR1B10,ARL1,1,rejected_symbol_belongs_to_another_gene,FALSE
Treg,ETS1,AKR1B10,ARL1,1,rejected_symbol_belongs_to_another_gene,FALSE
Treg,TP53,AKR1B10,ARL1,1,rejected_symbol_belongs_to_another_gene,FALSE
Treg,TP53,GC,DBP,1,rejected_symbol_belongs_to_another_gene,FALSE
Treg,PREB,GCK,GK,1,rejected_symbol_belongs_to_another_gene,FALSE
Treg,TADA2A,KRT9,EPPK1,1,rejected_symbol_belongs_to_another_gene,FALSE
Treg,POU2F1,MLXIPL,MLX,-1,rejected_symbol_belongs_to_another_gene,FALSE
Treg,NR1H3,GCK,GK,1,rejected_symbol_belongs_to_another_gene,FALSE
Treg,SP1,MRAP,FGD2,1,rejected_symbol_belongs_to_another_gene,FALSE
Treg,ESR2,CYP1A1,AHRR,1,rejected_symbol_belongs_to_another_gene,FALSE
Treg,NR3C1,SELENOP,SELP,-1,rejected_symbol_belongs_to_another_gene,FALSE
Treg,NR4A2,PTPRU,PTPRO,1,rejected_symbol_belongs_to_another_gene,FALSE
Treg,PITX3,PTPRU,PTPRO,1,rejected_symbol_belongs_to_another_gene,FALSE
Treg,NFATC3,GC,DBP,1,rejected_symbol_belongs_to_another_gene,FALSE
Treg,NR1I3,CYP1A1,AHRR,1,rejected_symbol_belongs_to_another_gene,FALSE
Treg,HNF1A,SLC23A1,SLC23A2,1,rejected_symbol_belongs_to_another_gene,FALSE
Treg,HNF1B,SLC23A1,SLC23A2,1,rejected_symbol_belongs_to_another_gene,FALSE
Treg,NFATC1,IL17F,IL17A,1,rejected_symbol_belongs_to_another_gene,FALSE
Treg,SPI1,KRT9,EPPK1,1,rejected_symbol_belongs_to_another_gene,FALSE
Treg,DMRT1,NR5A1,SF1,1,rejected_symbol_belongs_to_another_gene,FALSE
Treg,CEBPB,GDF15,PDF,1,rejected_symbol_belongs_to_another_gene,FALSE
Treg,ASCL4,KRT9,EPPK1,1,rejected_symbol_belongs_to_another_gene,FALSE
Treg,CREB1,MMP28,MMP25,1,rejected_symbol_belongs_to_another_gene,TRUE
Treg,ESRRA,GCK,GK,1,rejected_symbol_belongs_to_another_gene,FALSE
Treg,ZKSCAN7,KRT9,EPPK1,1,rejected_symbol_belongs_to_another_gene,FALSE
Treg,MYB,CD1D,CD1A,1,rejected_symbol_belongs_to_another_gene,FALSE
Treg,KLF4,GDF15,PDF,1,rejected_symbol_belongs_to_another_gene,FALSE
Treg,RFX3,GCK,GK,1,rejected_symbol_belongs_to_another_gene,FALSE
Treg,CDX2,MGAM,MGA,1,rejected_symbol_belongs_to_another_gene,FALSE
Treg,CREB1,MGAM,MGA,1,rejected_symbol_belongs_to_another_gene,TRUE
Treg,HNF1A,MGAM,MGA,1,rejected_symbol_belongs_to_another_gene,FALSE
Treg,EGR1,PGF,PIGF,1,rejected_symbol_belongs_to_another_gene,FALSE
Treg,FOXA1,MLXIPL,MLX,1,rejected_symbol_belongs_to_another_gene,FALSE
Treg,FOXA2,MLXIPL,MLX,1,rejected_symbol_belongs_to_another_gene,FALSE
Treg,HIF1A,GC,DBP,1,rejected_symbol_belongs_to_another_gene,TRUE
Treg,ATF4,DDR2,TKT,1,rejected_symbol_belongs_to_another_gene,FALSE
Treg,CEBPB,DDR2,TKT,1,rejected_symbol_belongs_to_another_gene,FALSE
Treg,CEBPG,DDR2,TKT,1,rejected_symbol_belongs_to_another_gene,FALSE
Treg,FOXA2,GCK,GK,1,rejected_symbol_belongs_to_another_gene,FALSE
Treg,NR1H3,MLXIPL,MLX,1,rejected_symbol_belongs_to_another_gene,FALSE
Treg,ZIC2,SLC6A4,HTT,1,rejected_symbol_belongs_to_another_gene,FALSE
Treg,RELA,RAPSN,FADS2,1,rejected_symbol_belongs_to_another_gene,FALSE
Treg,HR,RAPSN,FADS2,1,rejected_symbol_belongs_to_another_gene,FALSE
Treg,HNF4A,TTR,TTN,1,rejected_symbol_belongs_to_another_gene,FALSE
Treg,FOXM1,TTR,TTN,1,rejected_symbol_belongs_to_another_gene,FALSE
Treg,HNF1A,TTR,TTN,1,rejected_symbol_belongs_to_another_gene,FALSE
Treg,FOXA2,TTR,TTN,1,rejected_symbol_belongs_to_another_gene,FALSE
Treg,SMAD1,TCF7L2,TCF4,1,rejected_symbol_belongs_to_another_gene,FALSE
Treg,ERG,EGFL7,NEU1,1,rejected_symbol_belongs_to_another_gene,FALSE
Treg,GATA2,EGFL7,NEU1,1,rejected_symbol_belongs_to_another_gene,FALSE
Treg,NR1H3,SLCO1B1,LST1,1,rejected_symbol_belongs_to_another_gene,FALSE
Treg,NR1H4,SLCO1B1,LST1,1,rejected_symbol_belongs_to_another_gene,FALSE
Treg,TCF12,KRT9,EPPK1,1,rejected_symbol_belongs_to_another_gene,FALSE
Treg,EGR1,GCK,GK,1,rejected_symbol_belongs_to_another_gene,FALSE
Treg,EBF1,TAC4,HK1,1,rejected_symbol_belongs_to_another_gene,FALSE
Treg,NR6A1,HCRT,PPOX,1,rejected_symbol_belongs_to_another_gene,FALSE
Treg,FOXO1,IAPP,DAP,-1,rejected_symbol_belongs_to_another_gene,FALSE
Treg,NFE2L2,AKR1B10,ARL1,1,rejected_symbol_belongs_to_another_gene,FALSE
Treg,PPARA,CYP1A1,AHRR,1,rejected_symbol_belongs_to_another_gene,FALSE
Treg,TTF1,KRT9,EPPK1,1,rejected_symbol_belongs_to_another_gene,FALSE
Treg,SP1,DOK7,FADS3,1,rejected_symbol_belongs_to_another_gene,FALSE
Treg,LEF1,CHGA,CGA,1,rejected_symbol_belongs_to_another_gene,FALSE
Treg,TP53,KRT9,EPPK1,1,rejected_symbol_belongs_to_another_gene,FALSE
Treg,NR1H3,CYP1A1,AHRR,1,rejected_symbol_belongs_to_another_gene,FALSE
Treg,USF1,NR5A1,SF1,1,rejected_symbol_belongs_to_another_gene,FALSE
Treg,USF2,NR5A1,SF1,1,rejected_symbol_belongs_to_another_gene,FALSE
Treg,MYC,IGF2BP1,ZBP1,1,rejected_symbol_belongs_to_another_gene,FALSE
Treg,STAT3,KRT17,PC,1,rejected_symbol_belongs_to_another_gene,TRUE
Treg,FOXO1,CYP1A1,AHRR,1,rejected_symbol_belongs_to_another_gene,FALSE
Treg,ID1,KRT9,EPPK1,1,rejected_symbol_belongs_to_another_gene,FALSE
Treg,SP7,NELL1,NRP1,-1,rejected_symbol_belongs_to_another_gene,FALSE
Treg,TFAM,HSP90B2P,TRAP1,1,rejected_symbol_belongs_to_another_gene,FALSE
Treg,RARA,KRT9,EPPK1,1,rejected_symbol_belongs_to_another_gene,FALSE
Treg,ZBTB16,KRT9,EPPK1,1,rejected_symbol_belongs_to_another_gene,FALSE
Treg,EGR1,TCF7L2,TCF4,1,rejected_symbol_belongs_to_another_gene,FALSE
Treg,MYB,KRT9,EPPK1,1,rejected_symbol_belongs_to_another_gene,FALSE
Treg,KLF6,GCK,GK,1,rejected_symbol_belongs_to_another_gene,FALSE
Treg,HNF4A,SOAT2,ACAT2,1,rejected_symbol_belongs_to_another_gene,FALSE
Treg,AHR,DPEP1,MBD1,1,rejected_symbol_belongs_to_another_gene,FALSE
Treg,NFE2L2,HSP90B2P,TRAP1,1,rejected_symbol_belongs_to_another_gene,FALSE
Treg,JUN,SLC4A4,SLC4A5,1,rejected_symbol_belongs_to_another_gene,FALSE
Treg,NFKB1,SLC4A4,SLC4A5,1,rejected_symbol_belongs_to_another_gene,TRUE
Treg,TP53,SLC4A4,SLC4A5,1,rejected_symbol_belongs_to_another_gene,FALSE
Treg,KLF11,KRT9,EPPK1,1,rejected_symbol_belongs_to_another_gene,FALSE
Treg,ESR1,KRT9,EPPK1,1,rejected_symbol_belongs_to_another_gene,FALSE
Treg,GFI1,PRG2,MBP,1,rejected_symbol_belongs_to_another_gene,FALSE
Treg,ARX,CHGA,CGA,1,rejected_symbol_belongs_to_another_gene,FALSE
Treg,ATF4,SLC6A4,HTT,1,rejected_symbol_belongs_to_another_gene,FALSE
Treg,ZNF699,KRT9,EPPK1,1,rejected_symbol_belongs_to_another_gene,FALSE
Treg,VDR,CYP1A1,AHRR,1,rejected_symbol_belongs_to_another_gene,FALSE
Treg,NR5A2,GCK,GK,1,rejected_symbol_belongs_to_another_gene,FALSE
Treg,PPARG,MOGAT1,MGAT1,1,rejected_symbol_belongs_to_another_gene,FALSE
Treg,AHRR,CYP1A1,AHRR,1,rejected_symbol_belongs_to_another_gene,FALSE
Treg,GRHL2,NKX2-1,TTF1,1,rejected_symbol_belongs_to_another_gene,FALSE
Treg,CRX,IGF2BP1,ZBP1,1,rejected_symbol_belongs_to_another_gene,FALSE
Treg,HIF1A,IGF2BP1,ZBP1,1,rejected_symbol_belongs_to_another_gene,TRUE
Treg,STAT3,PGF,PIGF,-1,rejected_symbol_belongs_to_another_gene,TRUE
Treg,DNMT1,SFTPA2,PSAP,1,rejected_symbol_belongs_to_another_gene,FALSE
Treg,SMAD2,NKX2-1,TTF1,1,rejected_symbol_belongs_to_another_gene,FALSE
Treg,TFE3,GCK,GK,1,rejected_symbol_belongs_to_another_gene,FALSE
Treg,DNMT1,DPEP1,MBD1,1,rejected_symbol_belongs_to_another_gene,FALSE
Treg,CREB1,KCNA5,HK2,1,rejected_symbol_belongs_to_another_gene,TRUE
Treg,CAMTA1,HSP90B2P,TRAP1,1,rejected_symbol_belongs_to_another_gene,FALSE
Treg,VDR,PODXL,PC,1,rejected_symbol_belongs_to_another_gene,FALSE
Treg,PPARA,MBL2,MBP,1,rejected_symbol_belongs_to_another_gene,FALSE
Treg,NFAT5,IAPP,DAP,1,rejected_symbol_belongs_to_another_gene,FALSE
Treg,SMAD4,CCL15,SCYL3,-1,rejected_symbol_belongs_to_another_gene,FALSE
Treg,EZH2,KRT9,EPPK1,1,rejected_symbol_belongs_to_another_gene,FALSE
Treg,PPARG,MRAP,FGD2,1,rejected_symbol_belongs_to_another_gene,FALSE
Treg,TP53,NKX2-1,TTF1,1,rejected_symbol_belongs_to_another_gene,FALSE
Treg,FOXO3,SELENOP,SELP,1,rejected_symbol_belongs_to_another_gene,FALSE
Treg,STAT1,SLPI,MPI,1,rejected_symbol_belongs_to_another_gene,FALSE
Treg,NEUROD4,KRT9,EPPK1,1,rejected_symbol_belongs_to_another_gene,FALSE
Treg,PPARD,CYP1A1,AHRR,1,rejected_symbol_belongs_to_another_gene,FALSE
Treg,HSF1,TTR,TTN,1,rejected_symbol_belongs_to_another_gene,TRUE
Treg,NR3C1,CYP1A1,AHRR,1,rejected_symbol_belongs_to_another_gene,FALSE
Treg,XBP1,HSP90B2P,TRAP1,1,rejected_symbol_belongs_to_another_gene,FALSE
Treg,JUN,MRAP,FGD2,1,rejected_symbol_belongs_to_another_gene,FALSE
Treg,FOXA1,TTR,TTN,1,rejected_symbol_belongs_to_another_gene,FALSE
Treg,JUN,TTR,TTN,1,rejected_symbol_belongs_to_another_gene,FALSE
Treg,MYC,THPO,TPO,1,rejected_symbol_belongs_to_another_gene,FALSE
Treg,SP1,ADRA2A,ZNF32,1,rejected_symbol_belongs_to_another_gene,FALSE
Treg,POU2F1,CYP1A1,AHRR,-1,rejected_symbol_belongs_to_another_gene,FALSE
Treg,HOXB7,IAPP,DAP,1,rejected_symbol_belongs_to_another_gene,FALSE
Treg,ISL1,IAPP,DAP,1,rejected_symbol_belongs_to_another_gene,FALSE
Treg,NFATC2,RNASE3,RAF1,1,rejected_symbol_belongs_to_another_gene,FALSE
Treg,FEZF2,IAPP,DAP,1,rejected_symbol_belongs_to_another_gene,FALSE
Treg,SP1,NR5A1,SF1,1,rejected_symbol_belongs_to_another_gene,FALSE
Treg,MYBL2,HSP90B2P,TRAP1,1,rejected_symbol_belongs_to_another_gene,FALSE
Treg,PAX6,PPY,PNP,1,rejected_symbol_belongs_to_another_gene,FALSE
Treg,NEUROD1,IAPP,DAP,1,rejected_symbol_belongs_to_another_gene,FALSE
Treg,NKX6-1,IAPP,DAP,1,rejected_symbol_belongs_to_another_gene,FALSE
Treg,PAX6,IAPP,DAP,1,rejected_symbol_belongs_to_another_gene,FALSE
Treg,SP1,SELENOP,SELP,1,rejected_symbol_belongs_to_another_gene,FALSE
Treg,GATA2,PRG2,MBP,-1,rejected_symbol_belongs_to_another_gene,FALSE
Treg,KLF4,CYP1A1,AHRR,-1,rejected_symbol_belongs_to_another_gene,FALSE
Treg,USF1,GCK,GK,1,rejected_symbol_belongs_to_another_gene,FALSE
Treg,MEF2A,TNNI3,TNNC1,1,rejected_symbol_belongs_to_another_gene,FALSE
Treg,MEF2C,TNNI3,TNNC1,1,rejected_symbol_belongs_to_another_gene,FALSE
Treg,MEF2D,TNNI3,TNNC1,1,rejected_symbol_belongs_to_another_gene,FALSE
Treg,JUN,THPO,TPO,1,rejected_symbol_belongs_to_another_gene,FALSE
Treg,AR,NR5A1,SF1,1,rejected_symbol_belongs_to_another_gene,FALSE
Treg,BRCA1,CYP1A1,AHRR,1,rejected_symbol_belongs_to_another_gene,FALSE
Treg,MYC,CCL14,SCYL2,1,rejected_symbol_belongs_to_another_gene,FALSE
Treg,RXRA,CYP1A1,AHRR,1,rejected_symbol_belongs_to_another_gene,FALSE
Treg,SP3,NKX2-1,TTF1,1,rejected_symbol_belongs_to_another_gene,FALSE
Treg,NKX2-1,SFTPA1,PSAP,1,rejected_symbol_belongs_to_another_gene,FALSE
Treg,AR,TCF7L2,TCF4,1,rejected_symbol_belongs_to_another_gene,FALSE
Treg,BRCA1,KRT17,PC,1,rejected_symbol_belongs_to_another_gene,FALSE
Treg,CEBPE,PRG2,MBP,-1,rejected_symbol_belongs_to_another_gene,FALSE
Treg,CIITA,HLA-DRB3,HLA-DPB1,1,rejected_symbol_belongs_to_another_gene,FALSE
Treg,CTCF,SLC6A4,HTT,1,rejected_symbol_belongs_to_another_gene,FALSE
Treg,CTNNB1,CHGA,CGA,1,rejected_symbol_belongs_to_another_gene,FALSE
Treg,FOXA1,NKX2-1,TTF1,1,rejected_symbol_belongs_to_another_gene,FALSE
Treg,FOXA2,NKX2-1,TTF1,1,rejected_symbol_belongs_to_another_gene,FALSE
Treg,FOXA2,TCF7L2,TCF4,1,rejected_symbol_belongs_to_another_gene,FALSE
Treg,FOXP2,NKX2-1,TTF1,-1,rejected_symbol_belongs_to_another_gene,FALSE
Treg,GATA3,TCF7L2,TCF4,1,rejected_symbol_belongs_to_another_gene,FALSE
Treg,GATA4,FCGR3B,FCGR3A,1,rejected_symbol_belongs_to_another_gene,FALSE
Treg,GATA4,IAPP,DAP,1,rejected_symbol_belongs_to_another_gene,FALSE
Treg,HDAC1,CD1D,CD1A,-1,rejected_symbol_belongs_to_another_gene,FALSE
Treg,HDAC1,MMP28,MMP25,-1,rejected_symbol_belongs_to_another_gene,FALSE
Treg,HNF4A,TCF7L2,TCF4,1,rejected_symbol_belongs_to_another_gene,FALSE
Treg,MYBL2,PSG1,SP1,1,rejected_symbol_belongs_to_another_gene,FALSE
Treg,NFKB1,AMH,MIF,1,rejected_symbol_belongs_to_another_gene,TRUE
Treg,NFKB1,CCL13,SCYL1,1,rejected_symbol_belongs_to_another_gene,TRUE
Treg,NFKB1,CYP1A1,AHRR,1,rejected_symbol_belongs_to_another_gene,TRUE
Treg,NFKB1,SFTPA1,PSAP,1,rejected_symbol_belongs_to_another_gene,TRUE
Treg,POU3F2,NKX2-1,TTF1,1,rejected_symbol_belongs_to_another_gene,FALSE
Treg,PPARG,GDF15,PDF,1,rejected_symbol_belongs_to_another_gene,FALSE
Treg,PTF1A,CEL,LIPA,1,rejected_symbol_belongs_to_another_gene,FALSE
Treg,RARA,CYP1A1,AHRR,1,rejected_symbol_belongs_to_another_gene,FALSE
Treg,RELA,AMH,MIF,1,rejected_symbol_belongs_to_another_gene,FALSE
Treg,RELA,CCL13,SCYL1,1,rejected_symbol_belongs_to_another_gene,FALSE
Treg,RELA,CYP1A1,AHRR,1,rejected_symbol_belongs_to_another_gene,FALSE
Treg,RELA,SFTPA1,PSAP,1,rejected_symbol_belongs_to_another_gene,FALSE
Treg,REST,CHGA,CGA,-1,rejected_symbol_belongs_to_another_gene,FALSE
Treg,RFX5,HLA-DRB3,HLA-DPB1,1,rejected_symbol_belongs_to_another_gene,FALSE
Treg,RFXANK,HLA-DRB3,HLA-DPB1,1,rejected_symbol_belongs_to_another_gene,FALSE
Treg,RFXAP,HLA-DRB3,HLA-DPB1,1,rejected_symbol_belongs_to_another_gene,FALSE
Treg,SF1,AMH,MIF,1,rejected_symbol_belongs_to_another_gene,FALSE
Treg,SP1,CD1D,CD1A,1,rejected_symbol_belongs_to_another_gene,FALSE
Treg,SP1,TNNI3,TNNC1,1,rejected_symbol_belongs_to_another_gene,FALSE
Treg,SPI1,PRG2,MBP,1,rejected_symbol_belongs_to_another_gene,FALSE
Treg,STAT1,KRT17,PC,1,rejected_symbol_belongs_to_another_gene,FALSE
Treg,STAT5A,CEL,LIPA,1,rejected_symbol_belongs_to_another_gene,FALSE
Treg,STAT5B,CEL,LIPA,1,rejected_symbol_belongs_to_another_gene,FALSE
Treg,TCF4,DEFA6,DEF6,1,rejected_symbol_belongs_to_another_gene,FALSE
Treg,STAT3,TCF7L2,TCF4,1,rejected_symbol_belongs_to_another_gene,TRUE
Treg,TP53,ANTXR1,ATR,1,rejected_symbol_belongs_to_another_gene,FALSE
Treg,TP53,TCF7L2,TCF4,-1,rejected_symbol_belongs_to_another_gene,FALSE
Treg,TWIST1,GDF15,PDF,1,rejected_symbol_belongs_to_another_gene,FALSE
Treg,TWIST2,GDF15,PDF,1,rejected_symbol_belongs_to_another_gene,FALSE
Treg,WT1,NR5A1,SF1,-1,rejected_symbol_belongs_to_another_gene,FALSE
Treg,YBX1,SLC6A4,HTT,-1,rejected_symbol_belongs_to_another_gene,FALSE
Treg,YY1,FCGR3B,FCGR3A,1,rejected_symbol_belongs_to_another_gene,FALSE
Treg,YY1,TDO2,TPH2,1,rejected_symbol_belongs_to_another_gene,FALSE
Treg,GLI1,AMH,MIF,-1,rejected_symbol_belongs_to_another_gene,FALSE
Treg,GLI1,ARTN,NBN,1,rejected_symbol_belongs_to_another_gene,FALSE
Treg,GLI1,SMOC2,SMAP2,1,rejected_symbol_belongs_to_another_gene,FALSE
Treg,STAT3,SLPI,MPI,1,rejected_symbol_belongs_to_another_gene,TRUE
Treg,CTNNB1,DPEP1,MBD1,1,rejected_symbol_belongs_to_another_gene,FALSE
Treg,CTNNB1,MYH2,MYPOP,1,rejected_symbol_belongs_to_another_gene,FALSE
Treg,CTNNB1,NPPC,CNP,1,rejected_symbol_belongs_to_another_gene,FALSE
Treg,GLI2,KRT17,PC,1,rejected_symbol_belongs_to_another_gene,FALSE
Treg,GLI2,RNASE3,RAF1,-1,rejected_symbol_belongs_to_another_gene,FALSE
Treg,SREBF1,GLYAT,CAT,1,rejected_symbol_belongs_to_another_gene,FALSE
Treg,FOXO1,TDO2,TPH2,1,rejected_symbol_belongs_to_another_gene,FALSE
Treg,TCF7L2,MYH2,MYPOP,1,rejected_symbol_belongs_to_another_gene,FALSE
Treg,LEF1,NPPC,CNP,1,rejected_symbol_belongs_to_another_gene,FALSE
Treg,SMAD4,SELENOP,SELP,-1,rejected_symbol_belongs_to_another_gene,FALSE
Treg,JUN,CHGA,CGA,1,rejected_symbol_belongs_to_another_gene,FALSE
Treg,STAT5A,KRT17,PC,1,rejected_symbol_belongs_to_another_gene,FALSE
Treg,STAT5A,SLPI,MPI,1,rejected_symbol_belongs_to_another_gene,FALSE
Treg,STAT5B,KRT17,PC,1,rejected_symbol_belongs_to_another_gene,FALSE
Treg,STAT5B,SLPI,MPI,1,rejected_symbol_belongs_to_another_gene,FALSE
Treg,THRB,MLXIPL,MLX,1,rejected_symbol_belongs_to_another_gene,FALSE
Treg,FEV,SLC6A4,HTT,1,rejected_symbol_belongs_to_another_gene,FALSE
Treg,PAX8,NKX2-1,TTF1,-1,rejected_symbol_belongs_to_another_gene,FALSE
Treg,MYBL2,SFTPA1,PSAP,1,rejected_symbol_belongs_to_another_gene,FALSE
Treg,REST,CYP1A1,AHRR,-1,rejected_symbol_belongs_to_another_gene,FALSE
Treg,USF2,GCK,GK,1,rejected_symbol_belongs_to_another_gene,FALSE
Treg,NKX6-3,GKN1,CA11,1,rejected_symbol_belongs_to_another_gene,FALSE
Treg,TSC22D1,NPPC,CNP,1,rejected_symbol_belongs_to_another_gene,FALSE
Treg,TCF21,NR5A1,SF1,-1,rejected_symbol_belongs_to_another_gene,FALSE
Treg,ZNF140,FCGR3B,FCGR3A,-1,rejected_symbol_belongs_to_another_gene,FALSE
Treg,AHR,TDO2,TPH2,1,rejected_symbol_belongs_to_another_gene,FALSE
Treg,ESR1,TDO2,TPH2,1,rejected_symbol_belongs_to_another_gene,FALSE
Treg,SNAI1,PXDN,PXN,-1,rejected_symbol_belongs_to_another_gene,FALSE
Treg,MEF2C,MYH2,MYPOP,1,rejected_symbol_belongs_to_another_gene,FALSE
Treg,MEF2A,MYH2,MYPOP,1,rejected_symbol_belongs_to_another_gene,FALSE
Treg,MEF2D,MYH2,MYPOP,1,rejected_symbol_belongs_to_another_gene,FALSE
Treg,POU2F1,MYH2,MYPOP,1,rejected_symbol_belongs_to_another_gene,FALSE
Treg,NFE2L2,PXDN,PXN,1,rejected_symbol_belongs_to_another_gene,FALSE
Treg,ZNF804A,MGAM,MGA,-1,rejected_symbol_belongs_to_another_gene,FALSE
Treg,CASZ1,EGFL7,NEU1,1,rejected_symbol_belongs_to_another_gene,FALSE
Treg,ZNF91,FCGR3B,FCGR3A,-1,rejected_symbol_belongs_to_another_gene,FALSE
Treg,STAT3,IL17F,IL17A,1,rejected_symbol_belongs_to_another_gene,TRUE
Treg,RELA,CCL15,SCYL3,1,rejected_symbol_belongs_to_another_gene,FALSE
Treg,NFKB1,CCL15,SCYL3,1,rejected_symbol_belongs_to_another_gene,TRUE
Treg,FOS,CCL15,SCYL3,1,rejected_symbol_belongs_to_another_gene,FALSE
Treg,JUN,CCL15,SCYL3,1,rejected_symbol_belongs_to_another_gene,FALSE
Treg,ETV5,IL17F,IL17A,-1,rejected_symbol_belongs_to_another_gene,FALSE
Treg,PRDM1,IL17F,IL17A,1,rejected_symbol_belongs_to_another_gene,FALSE
Treg,STAT6,CCL13,SCYL1,1,rejected_symbol_belongs_to_another_gene,FALSE
Treg,TBX21,IL17F,IL17A,1,rejected_symbol_belongs_to_another_gene,FALSE
Treg,EZH2,IL17F,IL17A,1,rejected_symbol_belongs_to_another_gene,FALSE
Treg,BCL6,CCL13,SCYL1,1,rejected_symbol_belongs_to_another_gene,FALSE
Treg,GFI1,IL17F,IL17A,1,rejected_symbol_belongs_to_another_gene,FALSE
Treg,RORA,IL17F,IL17A,-1,rejected_symbol_belongs_to_another_gene,FALSE
Treg,RORC,IL17F,IL17A,1,rejected_symbol_belongs_to_another_gene,FALSE
Treg,HNF1A,IL17F,IL17A,1,rejected_symbol_belongs_to_another_gene,FALSE
Treg,AHR,SLCO1B1,LST1,-1,rejected_symbol_belongs_to_another_gene,FALSE
Treg,BMAL1,NKX2-1,TTF1,-1,rejected_symbol_belongs_to_another_gene,FALSE
Treg,ASCL1,CHGA,CGA,1,rejected_symbol_belongs_to_another_gene,FALSE
Treg,CEBPD,SFTPA1,PSAP,1,rejected_symbol_belongs_to_another_gene,FALSE
Treg,CLOCK,NKX2-1,TTF1,-1,rejected_symbol_belongs_to_another_gene,FALSE
Treg,ESR1,SLCO1B1,LST1,1,rejected_symbol_belongs_to_another_gene,FALSE
Treg,ESRRA,SFTPA2,PSAP,1,rejected_symbol_belongs_to_another_gene,FALSE
Treg,FOS,SFTPA1,PSAP,1,rejected_symbol_belongs_to_another_gene,FALSE
Treg,GATA4,TNNI3,TNNC1,1,rejected_symbol_belongs_to_another_gene,FALSE
Treg,GATA6,NKX2-1,TTF1,1,rejected_symbol_belongs_to_another_gene,FALSE
Treg,GLI1,NKX2-1,TTF1,1,rejected_symbol_belongs_to_another_gene,FALSE
Treg,HIF1A,KCNA5,HK2,-1,rejected_symbol_belongs_to_another_gene,TRUE
Treg,HOXB3,NKX2-1,TTF1,1,rejected_symbol_belongs_to_another_gene,FALSE
Treg,HSF1,KCNA5,HK2,1,rejected_symbol_belongs_to_another_gene,TRUE
Treg,HSF1,PDZD2,PIN1,1,rejected_symbol_belongs_to_another_gene,TRUE
Treg,JUN,KRT17,PC,1,rejected_symbol_belongs_to_another_gene,FALSE
Treg,MAX,MLXIPL,MLX,1,rejected_symbol_belongs_to_another_gene,FALSE
Treg,MYB,SFTPA1,PSAP,1,rejected_symbol_belongs_to_another_gene,FALSE
Treg,NEUROG3,MYT1,MTF1,1,rejected_symbol_belongs_to_another_gene,FALSE
Treg,NCOA2,SFTPA1,PSAP,1,rejected_symbol_belongs_to_another_gene,FALSE
Treg,NFE2L2,SLPI,MPI,1,rejected_symbol_belongs_to_another_gene,FALSE
Treg,NKX2-1,SFTPA2,PSAP,1,rejected_symbol_belongs_to_another_gene,FALSE
Treg,NR1H2,GCK,GK,1,rejected_symbol_belongs_to_another_gene,FALSE
Treg,NR1I3,SLCO1B1,LST1,1,rejected_symbol_belongs_to_another_gene,FALSE
Treg,NR3C1,SFTPA1,PSAP,-1,rejected_symbol_belongs_to_another_gene,FALSE
Treg,NR3C2,PGF,PIGF,1,rejected_symbol_belongs_to_another_gene,FALSE
Treg,PAX6,NKX2-1,TTF1,1,rejected_symbol_belongs_to_another_gene,FALSE
Treg,PAX8,FOXE1,TTF2,1,rejected_symbol_belongs_to_another_gene,FALSE
Treg,PGR,CYP1A1,AHRR,1,rejected_symbol_belongs_to_another_gene,FALSE
Treg,PITX2,KRT17,PC,1,rejected_symbol_belongs_to_another_gene,FALSE
Treg,POU3F2,TDO2,TPH2,1,rejected_symbol_belongs_to_another_gene,FALSE
Treg,RELA,PGF,PIGF,1,rejected_symbol_belongs_to_another_gene,FALSE
Treg,RXRA,GCK,GK,1,rejected_symbol_belongs_to_another_gene,FALSE
Treg,SPI1,THPO,TPO,1,rejected_symbol_belongs_to_another_gene,FALSE
Treg,SREBF1,MLXIPL,MLX,1,rejected_symbol_belongs_to_another_gene,FALSE
Treg,TP53,CYP1A1,AHRR,1,rejected_symbol_belongs_to_another_gene,FALSE
Treg,USF1,SFTPA1,PSAP,1,rejected_symbol_belongs_to_another_gene,FALSE
Treg,JUN,AKR1B10,ARL1,1,rejected_symbol_belongs_to_another_gene,FALSE
Treg,RUNX2,SLPI,MPI,1,rejected_symbol_belongs_to_another_gene,FALSE
Treg,ESRRA,SFTPA1,PSAP,1,rejected_symbol_belongs_to_another_gene,FALSE
Treg,NKX2-2,PPY,PNP,1,rejected_symbol_belongs_to_another_gene,FALSE
Treg,MEF2C,CSRP3,LMO4,1,rejected_symbol_belongs_to_another_gene,FALSE
Treg,EBF1,CHGA,CGA,1,rejected_symbol_belongs_to_another_gene,FALSE
Treg,PAX6,TCF7L2,TCF4,1,rejected_symbol_belongs_to_another_gene,FALSE
Treg,SOX2,NKX2-1,TTF1,1,rejected_symbol_belongs_to_another_gene,FALSE
Treg,FOXA2,SLC4A4,SLC4A5,1,rejected_symbol_belongs_to_another_gene,FALSE
Treg,TAL1,PTPRU,PTPRO,-1,rejected_symbol_belongs_to_another_gene,FALSE
Treg,PKNOX1,NR5A1,SF1,1,rejected_symbol_belongs_to_another_gene,FALSE
Treg,NFKB,CCL13,SCYL1,1,rejected_symbol_belongs_to_another_gene,FALSE
Treg,NFKB,HCRT,PPOX,1,rejected_symbol_belongs_to_another_gene,FALSE
Treg,AP1,GC,DBP,1,rejected_symbol_belongs_to_another_gene,FALSE
Treg,NFKB,TACR1,SPR,1,rejected_symbol_belongs_to_another_gene,FALSE
Treg,NFKB,AMH,MIF,1,rejected_symbol_belongs_to_another_gene,FALSE
Treg,NFKB,GDF15,PDF,1,rejected_symbol_belongs_to_another_gene,FALSE
Treg,AP1,CCL15,SCYL3,1,rejected_symbol_belongs_to_another_gene,FALSE
Treg,NFKB,CCL15,SCYL3,1,rejected_symbol_belongs_to_another_gene,FALSE
Treg,AP1,CYP1A1,AHRR,1,rejected_symbol_belongs_to_another_gene,FALSE
Treg,NFKB,CYP1A1,AHRR,1,rejected_symbol_belongs_to_another_gene,FALSE
Treg,AP1,HCRT,PPOX,1,rejected_symbol_belongs_to_another_gene,FALSE
Treg,NFKB,NTN1,NET1,1,rejected_symbol_belongs_to_another_gene,FALSE
Treg,NFKB,TAC4,HK1,1,rejected_symbol_belongs_to_another_gene,FALSE
Treg,AP1,AKR1B10,ARL1,1,rejected_symbol_belongs_to_another_gene,FALSE
Treg,AP1,NKX2-1,TTF1,1,rejected_symbol_belongs_to_another_gene,FALSE
Treg,NFKB,RAPSN,FADS2,1,rejected_symbol_belongs_to_another_gene,FALSE
Treg,NFKB,KRT9,EPPK1,1,rejected_symbol_belongs_to_another_gene,FALSE
Treg,NFKB,KCNA4,HK1,1,rejected_symbol_belongs_to_another_gene,FALSE
Treg,AP1,TTR,TTN,1,rejected_symbol_belongs_to_another_gene,FALSE
Tcon,ATF2,IL6,HGF,1,rejected_symbol_belongs_to_another_gene,FALSE
Tcon,TFAP2A,CCL13,SCYL1,1,rejected_symbol_belongs_to_another_gene,FALSE
Tcon,JUN,IL6,HGF,1,rejected_symbol_belongs_to_another_gene,FALSE
Tcon,HSF2,HSP90B2P,TRAP1,1,rejected_symbol_belongs_to_another_gene,FALSE
Tcon,NR5A1,NR5A1,SF1,1,rejected_symbol_belongs_to_another_gene,FALSE
Tcon,HSF1,IL6,HGF,1,rejected_symbol_belongs_to_another_gene,TRUE
Tcon,EGR1,MMP12,MME,-1,rejected_symbol_belongs_to_another_gene,FALSE
Tcon,TP53,IL6,HGF,-1,rejected_symbol_belongs_to_another_gene,FALSE
Tcon,RBPJ,IL6,HGF,1,rejected_symbol_belongs_to_another_gene,FALSE
Tcon,ENO1,IL6,HGF,1,rejected_symbol_belongs_to_another_gene,FALSE
Tcon,XBP1,IL6,HGF,-1,rejected_symbol_belongs_to_another_gene,FALSE
Tcon,CEBPB,IL6,HGF,-1,rejected_symbol_belongs_to_another_gene,FALSE
Tcon,CEBPB,PRG2,MBP,1,rejected_symbol_belongs_to_another_gene,FALSE
Tcon,GATA1,PRG2,MBP,1,rejected_symbol_belongs_to_another_gene,FALSE
Tcon,NR0B1,NR5A1,SF1,-1,rejected_symbol_belongs_to_another_gene,FALSE
Tcon,JUNB,IL6,HGF,-1,rejected_symbol_belongs_to_another_gene,FALSE
Tcon,IRF1,SLPI,MPI,-1,rejected_symbol_belongs_to_another_gene,FALSE
Tcon,PPARA,IL6,HGF,-1,rejected_symbol_belongs_to_another_gene,FALSE
Tcon,RELA,IL6,HGF,1,rejected_symbol_belongs_to_another_gene,FALSE
Tcon,KAT7,IL6,HGF,1,rejected_symbol_belongs_to_another_gene,FALSE
Tcon,STAT5A,IL6,HGF,1,rejected_symbol_belongs_to_another_gene,FALSE
Tcon,TFAP2A,HCRT,PPOX,1,rejected_symbol_belongs_to_another_gene,FALSE
Tcon,TP53,GDF15,PDF,1,rejected_symbol_belongs_to_another_gene,FALSE
Tcon,GATA4,AMH,MIF,1,rejected_symbol_belongs_to_another_gene,FALSE
Tcon,NR5A1,AMH,MIF,1,rejected_symbol_belongs_to_another_gene,FALSE
Tcon,GBX2,IL6,HGF,1,rejected_symbol_belongs_to_another_gene,FALSE
Tcon,SRY,AMH,MIF,1,rejected_symbol_belongs_to_another_gene,FALSE
Tcon,WT1,AMH,MIF,1,rejected_symbol_belongs_to_another_gene,FALSE
Tcon,ZNF354C,AMH,MIF,1,rejected_symbol_belongs_to_another_gene,FALSE
Tcon,PDX1,IAPP,DAP,1,rejected_symbol_belongs_to_another_gene,FALSE
Tcon,CEBPA,IL6,HGF,1,rejected_symbol_belongs_to_another_gene,FALSE
Tcon,CEBPD,IL6,HGF,1,rejected_symbol_belongs_to_another_gene,FALSE
Tcon,ZGPAT,IL6,HGF,1,rejected_symbol_belongs_to_another_gene,FALSE
Tcon,RELA,GC,DBP,1,rejected_symbol_belongs_to_another_gene,FALSE
Tcon,HSF1,HSP90B2P,TRAP1,1,rejected_symbol_belongs_to_another_gene,TRUE
Tcon,NFKB1,IL6,HGF,1,rejected_symbol_belongs_to_another_gene,TRUE
Tcon,TTF1,NKX2-1,TTF1,1,rejected_symbol_belongs_to_another_gene,FALSE
Tcon,AR,IL6,HGF,1,rejected_symbol_belongs_to_another_gene,FALSE
Tcon,ESR1,IL6,HGF,1,rejected_symbol_belongs_to_another_gene,FALSE
Tcon,NR5A1,AKR1B10,ARL1,1,rejected_symbol_belongs_to_another_gene,FALSE
Tcon,SP1,AKR1B10,ARL1,1,rejected_symbol_belongs_to_another_gene,FALSE
Tcon,REL,IL6,HGF,-1,rejected_symbol_belongs_to_another_gene,TRUE
Tcon,NR0B1,AMH,MIF,1,rejected_symbol_belongs_to_another_gene,FALSE
Tcon,SOX9,AMH,MIF,1,rejected_symbol_belongs_to_another_gene,FALSE
Tcon,MTF1,PGF,PIGF,1,rejected_symbol_belongs_to_another_gene,FALSE
Tcon,ENO1,MBL2,MBP,1,rejected_symbol_belongs_to_another_gene,FALSE
Tcon,MYC,MBL2,MBP,1,rejected_symbol_belongs_to_another_gene,FALSE
Tcon,JUND,IL6,HGF,1,rejected_symbol_belongs_to_another_gene,FALSE
Tcon,FOS,IL6,HGF,-1,rejected_symbol_belongs_to_another_gene,FALSE
Tcon,SP1,GDF15,PDF,1,rejected_symbol_belongs_to_another_gene,FALSE
Tcon,SP3,GDF15,PDF,1,rejected_symbol_belongs_to_another_gene,FALSE
Tcon,NR3C1,IL6,HGF,-1,rejected_symbol_belongs_to_another_gene,FALSE
Tcon,HNF1A,SLCO1B1,LST1,1,rejected_symbol_belongs_to_another_gene,FALSE
Tcon,NKX2-1,NKX2-1,TTF1,1,rejected_symbol_belongs_to_another_gene,FALSE
Tcon,CREB1,IL6,HGF,1,rejected_symbol_belongs_to_another_gene,TRUE
Tcon,HNF1B,TTR,TTN,1,rejected_symbol_belongs_to_another_gene,FALSE
Tcon,NFIC,CEL,LIPA,1,rejected_symbol_belongs_to_another_gene,FALSE
Tcon,SSRP1,CEL,LIPA,1,rejected_symbol_belongs_to_another_gene,FALSE
Tcon,NR1I2,SLCO1B1,LST1,1,rejected_symbol_belongs_to_another_gene,FALSE
Tcon,KLF5,GC,DBP,1,rejected_symbol_belongs_to_another_gene,FALSE
Tcon,SP3,GC,DBP,1,rejected_symbol_belongs_to_another_gene,FALSE
Tcon,PITX2,IL6,HGF,1,rejected_symbol_belongs_to_another_gene,FALSE
Tcon,SP1,GC,DBP,1,rejected_symbol_belongs_to_another_gene,FALSE
Tcon,CEBPG,IL6,HGF,-1,rejected_symbol_belongs_to_another_gene,FALSE
Tcon,PPARG,IL6,HGF,-1,rejected_symbol_belongs_to_another_gene,FALSE
Tcon,STAT1,HSP90B2P,TRAP1,1,rejected_symbol_belongs_to_another_gene,FALSE
Tcon,FOXO1,IL6,HGF,1,rejected_symbol_belongs_to_another_gene,FALSE
Tcon,MBD2,DPEP1,MBD1,1,rejected_symbol_belongs_to_another_gene,FALSE
Tcon,BCL6,IL6,HGF,-1,rejected_symbol_belongs_to_another_gene,FALSE
Tcon,SMAD3,IL6,HGF,-1,rejected_symbol_belongs_to_another_gene,FALSE
Tcon,SMAD7,IL6,HGF,1,rejected_symbol_belongs_to_another_gene,FALSE
Tcon,DDIT3,IL6,HGF,-1,rejected_symbol_belongs_to_another_gene,FALSE
Tcon,SOX8,AMH,MIF,1,rejected_symbol_belongs_to_another_gene,FALSE
Tcon,YY1,CCL13,SCYL1,1,rejected_symbol_belongs_to_another_gene,FALSE
Tcon,NR5A2,CEL,LIPA,1,rejected_symbol_belongs_to_another_gene,FALSE
Tcon,SMAD2,IL6,HGF,1,rejected_symbol_belongs_to_another_gene,FALSE
Tcon,BCL3,IL6,HGF,1,rejected_symbol_belongs_to_another_gene,FALSE
Tcon,KLF4,IAPP,DAP,1,rejected_symbol_belongs_to_another_gene,FALSE
Tcon,ESR1,HSP90B2P,TRAP1,1,rejected_symbol_belongs_to_another_gene,FALSE
Tcon,JUN,GC,DBP,1,rejected_symbol_belongs_to_another_gene,FALSE
Tcon,EGR1,OCM2,OCM,1,rejected_symbol_belongs_to_another_gene,FALSE
Tcon,ESR1,AMH,MIF,1,rejected_symbol_belongs_to_another_gene,FALSE
Tcon,ESR2,AMH,MIF,1,rejected_symbol_belongs_to_another_gene,FALSE
Tcon,FOXD1,PGF,PIGF,1,rejected_symbol_belongs_to_another_gene,FALSE
Tcon,FOXG1,PGF,PIGF,1,rejected_symbol_belongs_to_another_gene,FALSE
Tcon,MEF2A,MB,PVALB,1,rejected_symbol_belongs_to_another_gene,FALSE
Tcon,HR,IL6,HGF,1,rejected_symbol_belongs_to_another_gene,FALSE
Tcon,IRF2,THPO,TPO,1,rejected_symbol_belongs_to_another_gene,FALSE
Tcon,HNF1A,IAPP,DAP,1,rejected_symbol_belongs_to_another_gene,FALSE
Tcon,MAZ,IAPP,DAP,1,rejected_symbol_belongs_to_another_gene,FALSE
Tcon,EGR1,GDF15,PDF,1,rejected_symbol_belongs_to_another_gene,FALSE
Tcon,SSRP1,GDF15,PDF,1,rejected_symbol_belongs_to_another_gene,FALSE
Tcon,AHR,IL6,HGF,1,rejected_symbol_belongs_to_another_gene,FALSE
Tcon,MYC,IL6,HGF,1,rejected_symbol_belongs_to_another_gene,FALSE
Tcon,FOXA2,SLCO1B1,LST1,1,rejected_symbol_belongs_to_another_gene,FALSE
Tcon,NRF1,IAPP,DAP,1,rejected_symbol_belongs_to_another_gene,FALSE
Tcon,NR1D1,IL6,HGF,1,rejected_symbol_belongs_to_another_gene,FALSE
Tcon,NFKBIZ,IL6,HGF,1,rejected_symbol_belongs_to_another_gene,FALSE
Tcon,SMAD4,NKX2-1,TTF1,1,rejected_symbol_belongs_to_another_gene,FALSE
Tcon,SP1,NKX2-1,TTF1,1,rejected_symbol_belongs_to_another_gene,FALSE
Tcon,GLI2,FOXE1,TTF2,1,rejected_symbol_belongs_to_another_gene,FALSE
Tcon,NR3C1,SLPI,MPI,1,rejected_symbol_belongs_to_another_gene,FALSE
Tcon,TFCP2,DPEP1,MBD1,1,rejected_symbol_belongs_to_another_gene,FALSE
Tcon,SP3,IL6,HGF,1,rejected_symbol_belongs_to_another_gene,FALSE
Tcon,ZGLP1,IAPP,DAP,1,rejected_symbol_belongs_to_another_gene,FALSE
Tcon,FOXA2,IAPP,DAP,-1,rejected_symbol_belongs_to_another_gene,FALSE
Tcon,ATF3,GDF15,PDF,1,rejected_symbol_belongs_to_another_gene,TRUE
Tcon,TAL1,KRT9,EPPK1,1,rejected_symbol_belongs_to_another_gene,FALSE
Tcon,SP1,IL6,HGF,1,rejected_symbol_belongs_to_another_gene,FALSE
Tcon,YBX1,MMP12,MME,1,rejected_symbol_belongs_to_another_gene,FALSE
Tcon,RELA,GDF15,PDF,1,rejected_symbol_belongs_to_another_gene,FALSE
Tcon,E2F3,IL6,HGF,1,rejected_symbol_belongs_to_another_gene,FALSE
Tcon,MNX1,IL6,HGF,1,rejected_symbol_belongs_to_another_gene,FALSE
Tcon,CDX1,IAPP,DAP,1,rejected_symbol_belongs_to_another_gene,FALSE
Tcon,CDX2,IAPP,DAP,1,rejected_symbol_belongs_to_another_gene,FALSE
Tcon,SSRP1,IAPP,DAP,1,rejected_symbol_belongs_to_another_gene,FALSE
Tcon,CREB1,MUSK,FADS1,-1,rejected_symbol_belongs_to_another_gene,TRUE
Tcon,MYOD1,MUSK,FADS1,1,rejected_symbol_belongs_to_another_gene,FALSE
Tcon,SSRP1,IL6,HGF,1,rejected_symbol_belongs_to_another_gene,FALSE
Tcon,NRG1,HSP90B2P,TRAP1,1,rejected_symbol_belongs_to_another_gene,FALSE
Tcon,EZH2,IL6,HGF,1,rejected_symbol_belongs_to_another_gene,FALSE
Tcon,MYF5,RRAD,RAD1,1,rejected_symbol_belongs_to_another_gene,FALSE
Tcon,MYOD1,RRAD,RAD1,1,rejected_symbol_belongs_to_another_gene,FALSE
Tcon,TP53,HSP90B2P,TRAP1,1,rejected_symbol_belongs_to_another_gene,FALSE
Tcon,MYOG,MUSK,FADS1,1,rejected_symbol_belongs_to_another_gene,FALSE
Tcon,HR,MUSK,FADS1,1,rejected_symbol_belongs_to_another_gene,FALSE
Tcon,PGR,SLPI,MPI,1,rejected_symbol_belongs_to_another_gene,FALSE
Tcon,KLF9,SLPI,MPI,1,rejected_symbol_belongs_to_another_gene,FALSE
Tcon,ZNF148,IAPP,DAP,1,rejected_symbol_belongs_to_another_gene,FALSE
Tcon,ATF1,IL6,HGF,1,rejected_symbol_belongs_to_another_gene,FALSE
Tcon,TFAP2A,IAPP,DAP,1,rejected_symbol_belongs_to_another_gene,FALSE
Tcon,SNAI2,PRSS8,CAP1,-1,rejected_symbol_belongs_to_another_gene,FALSE
Tcon,SREBF2,PRSS8,CAP1,1,rejected_symbol_belongs_to_another_gene,FALSE
Tcon,TFAP2A,IL6,HGF,1,rejected_symbol_belongs_to_another_gene,FALSE
Tcon,CEBPB,HCRT,PPOX,1,rejected_symbol_belongs_to_another_gene,FALSE
Tcon,HIF1A,OCM2,OCM,1,rejected_symbol_belongs_to_another_gene,TRUE
Tcon,AR,GC,DBP,1,rejected_symbol_belongs_to_another_gene,FALSE
Tcon,NR6A1,DPEP1,MBD1,1,rejected_symbol_belongs_to_another_gene,FALSE
Tcon,RUNX2,NELL1,NRP1,1,rejected_symbol_belongs_to_another_gene,FALSE
Tcon,NR4A1,GC,DBP,1,rejected_symbol_belongs_to_another_gene,FALSE
Tcon,PBX1,NR5A1,SF1,1,rejected_symbol_belongs_to_another_gene,FALSE
Tcon,DLX3,PGF,PIGF,1,rejected_symbol_belongs_to_another_gene,FALSE
Tcon,WT1,GC,DBP,1,rejected_symbol_belongs_to_another_gene,FALSE
Tcon,DNMT1,KRT9,EPPK1,1,rejected_symbol_belongs_to_another_gene,FALSE
Tcon,PAX8,HCRT,PPOX,1,rejected_symbol_belongs_to_another_gene,FALSE
Tcon,TTF1,HCRT,PPOX,1,rejected_symbol_belongs_to_another_gene,FALSE
Tcon,CREB3,CCL15,SCYL3,1,rejected_symbol_belongs_to_another_gene,FALSE
Tcon,ONECUT1,TTR,TTN,1,rejected_symbol_belongs_to_another_gene,FALSE
Tcon,SMARCA1,TTR,TTN,1,rejected_symbol_belongs_to_another_gene,FALSE
Tcon,KDM5C,KRT9,EPPK1,1,rejected_symbol_belongs_to_another_gene,FALSE
Tcon,MYC,MLXIPL,MLX,1,rejected_symbol_belongs_to_another_gene,FALSE
Tcon,NCOA1,IL6,HGF,1,rejected_symbol_belongs_to_another_gene,FALSE
Tcon,EMX2,SP8,BTD,1,rejected_symbol_belongs_to_another_gene,FALSE
Tcon,HSF1,TACR1,SPR,1,rejected_symbol_belongs_to_another_gene,TRUE
Tcon,TP63,GDF15,PDF,1,rejected_symbol_belongs_to_another_gene,FALSE
Tcon,SP1,KCNA5,HK2,1,rejected_symbol_belongs_to_another_gene,FALSE
Tcon,PITX1,GDF15,PDF,1,rejected_symbol_belongs_to_another_gene,FALSE
Tcon,ATF3,IL6,HGF,-1,rejected_symbol_belongs_to_another_gene,TRUE
Tcon,GCM1,PGF,PIGF,1,rejected_symbol_belongs_to_another_gene,FALSE
Tcon,TBP,GC,DBP,1,rejected_symbol_belongs_to_another_gene,FALSE
Tcon,SP7,IL6,HGF,1,rejected_symbol_belongs_to_another_gene,FALSE
Tcon,IRF8,KRT9,EPPK1,1,rejected_symbol_belongs_to_another_gene,FALSE
Tcon,EGR1,IL6,HGF,-1,rejected_symbol_belongs_to_another_gene,FALSE
Tcon,HIF1A,TNNI3,TNNC1,1,rejected_symbol_belongs_to_another_gene,TRUE
Tcon,HIF1A,PGF,PIGF,1,rejected_symbol_belongs_to_another_gene,TRUE
Tcon,HR,GDF15,PDF,1,rejected_symbol_belongs_to_another_gene,FALSE
Tcon,SOX9,NR5A1,SF1,1,rejected_symbol_belongs_to_another_gene,FALSE
Tcon,EGR2,RRAD,RAD1,1,rejected_symbol_belongs_to_another_gene,FALSE
Tcon,HIF1A,THPO,TPO,1,rejected_symbol_belongs_to_another_gene,TRUE
Tcon,TTF1,SFTPA2,PSAP,1,rejected_symbol_belongs_to_another_gene,FALSE
Tcon,MAX,DDR2,TKT,1,rejected_symbol_belongs_to_another_gene,FALSE
Tcon,MYC,DDR2,TKT,1,rejected_symbol_belongs_to_another_gene,FALSE
Tcon,ST18,IL6,HGF,1,rejected_symbol_belongs_to_another_gene,FALSE
Tcon,NR1H4,IL6,HGF,-1,rejected_symbol_belongs_to_another_gene,FALSE
Tcon,JARID2,KRT9,EPPK1,1,rejected_symbol_belongs_to_another_gene,FALSE
Tcon,YY1,TNNI3,TNNC1,-1,rejected_symbol_belongs_to_another_gene,FALSE
Tcon,VDR,AMH,MIF,1,rejected_symbol_belongs_to_another_gene,FALSE
Tcon,HOXD13,IL6,HGF,1,rejected_symbol_belongs_to_another_gene,FALSE
Tcon,AHR,SMOC2,SMAP2,1,rejected_symbol_belongs_to_another_gene,FALSE
Tcon,MYF5,FOXE1,TTF2,1,rejected_symbol_belongs_to_another_gene,FALSE
Tcon,CEBPG,AKR1B10,ARL1,1,rejected_symbol_belongs_to_another_gene,FALSE
Tcon,ETS1,AKR1B10,ARL1,1,rejected_symbol_belongs_to_another_gene,FALSE
Tcon,TP53,AKR1B10,ARL1,1,rejected_symbol_belongs_to_another_gene,FALSE
Tcon,TP53,GC,DBP,1,rejected_symbol_belongs_to_another_gene,FALSE
Tcon,TADA2A,KRT9,EPPK1,1,rejected_symbol_belongs_to_another_gene,FALSE
Tcon,POU2F1,MLXIPL,MLX,-1,rejected_symbol_belongs_to_another_gene,FALSE
Tcon,FOXA1,IL6,HGF,-1,rejected_symbol_belongs_to_another_gene,FALSE
Tcon,BACH1,IL6,HGF,-1,rejected_symbol_belongs_to_another_gene,FALSE
Tcon,SP1,MRAP,FGD2,1,rejected_symbol_belongs_to_another_gene,FALSE
Tcon,NR4A2,PTPRU,PTPRO,1,rejected_symbol_belongs_to_another_gene,FALSE
Tcon,PITX3,PTPRU,PTPRO,1,rejected_symbol_belongs_to_another_gene,FALSE
Tcon,NFATC3,GC,DBP,1,rejected_symbol_belongs_to_another_gene,FALSE
Tcon,FOSL1,IL6,HGF,1,rejected_symbol_belongs_to_another_gene,FALSE
Tcon,RELB,IL6,HGF,-1,rejected_symbol_belongs_to_another_gene,FALSE
Tcon,STAT1,IL6,HGF,-1,rejected_symbol_belongs_to_another_gene,FALSE
Tcon,HNF1A,SLC23A1,SLC23A2,1,rejected_symbol_belongs_to_another_gene,FALSE
Tcon,HNF1B,SLC23A1,SLC23A2,1,rejected_symbol_belongs_to_another_gene,FALSE
Tcon,STAT3,IL6,HGF,1,rejected_symbol_belongs_to_another_gene,TRUE
Tcon,SPI1,KRT9,EPPK1,1,rejected_symbol_belongs_to_another_gene,FALSE
Tcon,MEF2A,IL6,HGF,1,rejected_symbol_belongs_to_another_gene,FALSE
Tcon,PRDM1,IL6,HGF,-1,rejected_symbol_belongs_to_another_gene,FALSE
Tcon,APEX1,IL6,HGF,1,rejected_symbol_belongs_to_another_gene,FALSE
Tcon,DMRT1,NR5A1,SF1,1,rejected_symbol_belongs_to_another_gene,FALSE
Tcon,CEBPB,GDF15,PDF,1,rejected_symbol_belongs_to_another_gene,FALSE
Tcon,ASCL4,KRT9,EPPK1,1,rejected_symbol_belongs_to_another_gene,FALSE
Tcon,GATA1,IL6,HGF,1,rejected_symbol_belongs_to_another_gene,FALSE
Tcon,FOXN1,IL6,HGF,1,rejected_symbol_belongs_to_another_gene,FALSE
Tcon,FOXP1,IL6,HGF,-1,rejected_symbol_belongs_to_another_gene,FALSE
Tcon,ZKSCAN7,KRT9,EPPK1,1,rejected_symbol_belongs_to_another_gene,FALSE
Tcon,STAT2,IL6,HGF,1,rejected_symbol_belongs_to_another_gene,FALSE
Tcon,FOXA2,IL6,HGF,-1,rejected_symbol_belongs_to_another_gene,FALSE
Tcon,KLF4,GDF15,PDF,1,rejected_symbol_belongs_to_another_gene,FALSE
Tcon,CDX2,MGAM,MGA,1,rejected_symbol_belongs_to_another_gene,FALSE
Tcon,CREB1,MGAM,MGA,1,rejected_symbol_belongs_to_another_gene,TRUE
Tcon,HNF1A,MGAM,MGA,1,rejected_symbol_belongs_to_another_gene,FALSE
Tcon,RORC,IL6,HGF,1,rejected_symbol_belongs_to_another_gene,FALSE
Tcon,EGR1,PGF,PIGF,1,rejected_symbol_belongs_to_another_gene,FALSE
Tcon,FOXA1,MLXIPL,MLX,1,rejected_symbol_belongs_to_another_gene,FALSE
Tcon,FOXA2,MLXIPL,MLX,1,rejected_symbol_belongs_to_another_gene,FALSE
Tcon,HIF1A,GC,DBP,1,rejected_symbol_belongs_to_another_gene,TRUE
Tcon,ATF4,DDR2,TKT,1,rejected_symbol_belongs_to_another_gene,FALSE
Tcon,CEBPB,DDR2,TKT,1,rejected_symbol_belongs_to_another_gene,FALSE
Tcon,CEBPG,DDR2,TKT,1,rejected_symbol_belongs_to_another_gene,FALSE
Tcon,NR1H3,MLXIPL,MLX,1,rejected_symbol_belongs_to_another_gene,FALSE
Tcon,ZIC2,SLC6A4,HTT,1,rejected_symbol_belongs_to_another_gene,FALSE
Tcon,RORA,IL6,HGF,1,rejected_symbol_belongs_to_another_gene,FALSE
Tcon,POU3F1,IL6,HGF,1,rejected_symbol_belongs_to_another_gene,FALSE
Tcon,RELA,RAPSN,FADS2,1,rejected_symbol_belongs_to_another_gene,FALSE
Tcon,HR,RAPSN,FADS2,1,rejected_symbol_belongs_to_another_gene,FALSE
Tcon,HNF4A,TTR,TTN,1,rejected_symbol_belongs_to_another_gene,FALSE
Tcon,FOXM1,TTR,TTN,1,rejected_symbol_belongs_to_another_gene,FALSE
Tcon,HNF1A,TTR,TTN,1,rejected_symbol_belongs_to_another_gene,FALSE
Tcon,FOXA2,TTR,TTN,1,rejected_symbol_belongs_to_another_gene,FALSE
Tcon,ERG,EGFL7,NEU1,1,rejected_symbol_belongs_to_another_gene,FALSE
Tcon,GATA2,EGFL7,NEU1,1,rejected_symbol_belongs_to_another_gene,FALSE
Tcon,NR1H3,SLCO1B1,LST1,1,rejected_symbol_belongs_to_another_gene,FALSE
Tcon,NR1H4,SLCO1B1,LST1,1,rejected_symbol_belongs_to_another_gene,FALSE
Tcon,TCF12,KRT9,EPPK1,1,rejected_symbol_belongs_to_another_gene,FALSE
Tcon,EBF1,TAC4,HK1,1,rejected_symbol_belongs_to_another_gene,FALSE
Tcon,NR6A1,HCRT,PPOX,1,rejected_symbol_belongs_to_another_gene,FALSE
Tcon,NFE2L2,IL6,HGF,-1,rejected_symbol_belongs_to_another_gene,FALSE
Tcon,TP53,RRAD,RAD1,1,rejected_symbol_belongs_to_another_gene,FALSE
Tcon,FOXO1,IAPP,DAP,-1,rejected_symbol_belongs_to_another_gene,FALSE
Tcon,HIF1A,IL6,HGF,1,rejected_symbol_belongs_to_another_gene,TRUE
Tcon,HSF2,IL6,HGF,1,rejected_symbol_belongs_to_another_gene,FALSE
Tcon,NFE2L2,AKR1B10,ARL1,1,rejected_symbol_belongs_to_another_gene,FALSE
Tcon,TTF1,KRT9,EPPK1,1,rejected_symbol_belongs_to_another_gene,FALSE
Tcon,NCOA2,IL6,HGF,1,rejected_symbol_belongs_to_another_gene,FALSE
Tcon,SP1,DOK7,FADS3,1,rejected_symbol_belongs_to_another_gene,FALSE
Tcon,NFATC1,IL6,HGF,1,rejected_symbol_belongs_to_another_gene,FALSE
Tcon,EGR1,RRAD,RAD1,1,rejected_symbol_belongs_to_another_gene,FALSE
Tcon,TP53,KRT9,EPPK1,1,rejected_symbol_belongs_to_another_gene,FALSE
Tcon,USF1,NR5A1,SF1,1,rejected_symbol_belongs_to_another_gene,FALSE
Tcon,USF2,NR5A1,SF1,1,rejected_symbol_belongs_to_another_gene,FALSE
Tcon,MYC,IGF2BP1,ZBP1,1,rejected_symbol_belongs_to_another_gene,FALSE
Tcon,STAT3,KRT17,PC,1,rejected_symbol_belongs_to_another_gene,TRUE
Tcon,ID1,KRT9,EPPK1,1,rejected_symbol_belongs_to_another_gene,FALSE
Tcon,SP7,NELL1,NRP1,-1,rejected_symbol_belongs_to_another_gene,FALSE
Tcon,TFAM,HSP90B2P,TRAP1,1,rejected_symbol_belongs_to_another_gene,FALSE
Tcon,RARA,KRT9,EPPK1,1,rejected_symbol_belongs_to_another_gene,FALSE
Tcon,ZBTB16,KRT9,EPPK1,1,rejected_symbol_belongs_to_another_gene,FALSE
Tcon,MYB,KRT9,EPPK1,1,rejected_symbol_belongs_to_another_gene,FALSE
Tcon,NR2C2,IL6,HGF,1,rejected_symbol_belongs_to_another_gene,FALSE
Tcon,HNF4A,SOAT2,ACAT2,1,rejected_symbol_belongs_to_another_gene,FALSE
Tcon,AHR,DPEP1,MBD1,1,rejected_symbol_belongs_to_another_gene,FALSE
Tcon,NFE2L2,HSP90B2P,TRAP1,1,rejected_symbol_belongs_to_another_gene,FALSE
Tcon,KLF11,KRT9,EPPK1,1,rejected_symbol_belongs_to_another_gene,FALSE
Tcon,ESR1,KRT9,EPPK1,1,rejected_symbol_belongs_to_another_gene,FALSE
Tcon,GFI1,PRG2,MBP,1,rejected_symbol_belongs_to_another_gene,FALSE
Tcon,ATF4,SLC6A4,HTT,1,rejected_symbol_belongs_to_another_gene,FALSE
Tcon,ZNF699,KRT9,EPPK1,1,rejected_symbol_belongs_to_another_gene,FALSE
Tcon,PPARG,MOGAT1,MGAT1,1,rejected_symbol_belongs_to_another_gene,FALSE
Tcon,TAL1,IL6,HGF,1,rejected_symbol_belongs_to_another_gene,FALSE
Tcon,GRHL2,NKX2-1,TTF1,1,rejected_symbol_belongs_to_another_gene,FALSE
Tcon,CRX,IGF2BP1,ZBP1,1,rejected_symbol_belongs_to_another_gene,FALSE
Tcon,HIF1A,IGF2BP1,ZBP1,1,rejected_symbol_belongs_to_another_gene,TRUE
Tcon,STAT3,PGF,PIGF,-1,rejected_symbol_belongs_to_another_gene,TRUE
Tcon,DNMT1,SFTPA2,PSAP,1,rejected_symbol_belongs_to_another_gene,FALSE
Tcon,TP63,IL6,HGF,1,rejected_symbol_belongs_to_another_gene,FALSE
Tcon,EGR2,IL6,HGF,-1,rejected_symbol_belongs_to_another_gene,FALSE
Tcon,SMAD2,NKX2-1,TTF1,1,rejected_symbol_belongs_to_another_gene,FALSE
Tcon,DNMT1,DPEP1,MBD1,1,rejected_symbol_belongs_to_another_gene,FALSE
Tcon,GLI1,IL6,HGF,1,rejected_symbol_belongs_to_another_gene,FALSE
Tcon,SPI1,IL6,HGF,1,rejected_symbol_belongs_to_another_gene,FALSE
Tcon,CREB1,KCNA5,HK2,1,rejected_symbol_belongs_to_another_gene,TRUE
Tcon,CAMTA1,HSP90B2P,TRAP1,1,rejected_symbol_belongs_to_another_gene,FALSE
Tcon,PPARA,MBL2,MBP,1,rejected_symbol_belongs_to_another_gene,FALSE
Tcon,NFAT5,IAPP,DAP,1,rejected_symbol_belongs_to_another_gene,FALSE
Tcon,HOXB13,IL6,HGF,1,rejected_symbol_belongs_to_another_gene,FALSE
Tcon,KLF4,IL6,HGF,1,rejected_symbol_belongs_to_another_gene,FALSE
Tcon,NFAT5,IL6,HGF,-1,rejected_symbol_belongs_to_another_gene,FALSE
Tcon,SMAD4,CCL15,SCYL3,-1,rejected_symbol_belongs_to_another_gene,FALSE
Tcon,EZH2,KRT9,EPPK1,1,rejected_symbol_belongs_to_another_gene,FALSE
Tcon,ATF4,IL6,HGF,-1,rejected_symbol_belongs_to_another_gene,FALSE
Tcon,PPARG,MRAP,FGD2,1,rejected_symbol_belongs_to_another_gene,FALSE
Tcon,TP53,NKX2-1,TTF1,1,rejected_symbol_belongs_to_another_gene,FALSE
Tcon,HIC1,IL6,HGF,1,rejected_symbol_belongs_to_another_gene,FALSE
Tcon,STAT1,SLPI,MPI,1,rejected_symbol_belongs_to_another_gene,FALSE
Tcon,NEUROD4,KRT9,EPPK1,1,rejected_symbol_belongs_to_another_gene,FALSE
Tcon,VENTX,IL6,HGF,1,rejected_symbol_belongs_to_another_gene,FALSE
Tcon,HSF1,TTR,TTN,1,rejected_symbol_belongs_to_another_gene,TRUE
Tcon,XBP1,HSP90B2P,TRAP1,1,rejected_symbol_belongs_to_another_gene,FALSE
Tcon,IRF1,IL6,HGF,-1,rejected_symbol_belongs_to_another_gene,FALSE
Tcon,JUN,MRAP,FGD2,1,rejected_symbol_belongs_to_another_gene,FALSE
Tcon,FOXA1,TTR,TTN,1,rejected_symbol_belongs_to_another_gene,FALSE
Tcon,JUN,TTR,TTN,1,rejected_symbol_belongs_to_another_gene,FALSE
Tcon,MAX,IL6,HGF,1,rejected_symbol_belongs_to_another_gene,FALSE
Tcon,THRA,MMP12,MME,1,rejected_symbol_belongs_to_another_gene,FALSE
Tcon,MYC,THPO,TPO,1,rejected_symbol_belongs_to_another_gene,FALSE
Tcon,SP1,ADRA2A,ZNF32,1,rejected_symbol_belongs_to_another_gene,FALSE
Tcon,HOXB7,IAPP,DAP,1,rejected_symbol_belongs_to_another_gene,FALSE
Tcon,ISL1,IAPP,DAP,1,rejected_symbol_belongs_to_another_gene,FALSE
Tcon,NFATC2,RNASE3,RAF1,1,rejected_symbol_belongs_to_another_gene,FALSE
Tcon,FEZF2,IAPP,DAP,1,rejected_symbol_belongs_to_another_gene,FALSE
Tcon,SP1,NR5A1,SF1,1,rejected_symbol_belongs_to_another_gene,FALSE
Tcon,MYBL2,HSP90B2P,TRAP1,1,rejected_symbol_belongs_to_another_gene,FALSE
Tcon,THRB,MMP12,MME,1,rejected_symbol_belongs_to_another_gene,FALSE
Tcon,PAX6,PPY,PNP,1,rejected_symbol_belongs_to_another_gene,FALSE
Tcon,NEUROD1,IAPP,DAP,1,rejected_symbol_belongs_to_another_gene,FALSE
Tcon,NKX6-1,IAPP,DAP,1,rejected_symbol_belongs_to_another_gene,FALSE
Tcon,PAX6,IAPP,DAP,1,rejected_symbol_belongs_to_another_gene,FALSE
Tcon,NFKB2,IL6,HGF,1,rejected_symbol_belongs_to_another_gene,FALSE
Tcon,CUX1,IL6,HGF,1,rejected_symbol_belongs_to_another_gene,FALSE
Tcon,GATA2,PRG2,MBP,-1,rejected_symbol_belongs_to_another_gene,FALSE
Tcon,MEF2A,TNNI3,TNNC1,1,rejected_symbol_belongs_to_another_gene,FALSE
Tcon,MEF2C,TNNI3,TNNC1,1,rejected_symbol_belongs_to_another_gene,FALSE
Tcon,MEF2D,TNNI3,TNNC1,1,rejected_symbol_belongs_to_another_gene,FALSE
Tcon,JUN,THPO,TPO,1,rejected_symbol_belongs_to_another_gene,FALSE
Tcon,AR,NR5A1,SF1,1,rejected_symbol_belongs_to_another_gene,FALSE
Tcon,ESR1,MB,PVALB,1,rejected_symbol_belongs_to_another_gene,FALSE
Tcon,JUN,MMP12,MME,1,rejected_symbol_belongs_to_another_gene,FALSE
Tcon,JUND,MMP12,MME,1,rejected_symbol_belongs_to_another_gene,FALSE
Tcon,MYC,CCL14,SCYL2,1,rejected_symbol_belongs_to_another_gene,FALSE
Tcon,SP3,NKX2-1,TTF1,1,rejected_symbol_belongs_to_another_gene,FALSE
Tcon,NKX2-1,SFTPA1,PSAP,1,rejected_symbol_belongs_to_another_gene,FALSE
Tcon,FOSL1,MMP12,MME,1,rejected_symbol_belongs_to_another_gene,FALSE
Tcon,BRCA1,KRT17,PC,1,rejected_symbol_belongs_to_another_gene,FALSE
Tcon,CEBPE,PRG2,MBP,-1,rejected_symbol_belongs_to_another_gene,FALSE
Tcon,CIITA,HLA-DRB3,HLA-DPB1,1,rejected_symbol_belongs_to_another_gene,FALSE
Tcon,CTCF,SLC6A4,HTT,1,rejected_symbol_belongs_to_another_gene,FALSE
Tcon,EP300,IL6,HGF,1,rejected_symbol_belongs_to_another_gene,FALSE
Tcon,FOXA1,NKX2-1,TTF1,1,rejected_symbol_belongs_to_another_gene,FALSE
Tcon,FOXA2,NKX2-1,TTF1,1,rejected_symbol_belongs_to_another_gene,FALSE
Tcon,FOXP2,NKX2-1,TTF1,-1,rejected_symbol_belongs_to_another_gene,FALSE
Tcon,GATA4,FCGR3B,FCGR3A,1,rejected_symbol_belongs_to_another_gene,FALSE
Tcon,GATA4,IAPP,DAP,1,rejected_symbol_belongs_to_another_gene,FALSE
Tcon,MYBL2,PSG1,SP1,1,rejected_symbol_belongs_to_another_gene,FALSE
Tcon,NFKB1,AMH,MIF,1,rejected_symbol_belongs_to_another_gene,TRUE
Tcon,NFKB1,CCL13,SCYL1,1,rejected_symbol_belongs_to_another_gene,TRUE
Tcon,NFKB1,SFTPA1,PSAP,1,rejected_symbol_belongs_to_another_gene,TRUE
Tcon,OTX2,IL6,HGF,1,rejected_symbol_belongs_to_another_gene,FALSE
Tcon,POU3F2,NKX2-1,TTF1,1,rejected_symbol_belongs_to_another_gene,FALSE
Tcon,PPARG,GDF15,PDF,1,rejected_symbol_belongs_to_another_gene,FALSE
Tcon,PTF1A,CEL,LIPA,1,rejected_symbol_belongs_to_another_gene,FALSE
Tcon,RELA,AMH,MIF,1,rejected_symbol_belongs_to_another_gene,FALSE
Tcon,RELA,CCL13,SCYL1,1,rejected_symbol_belongs_to_another_gene,FALSE
Tcon,RELA,MMP12,MME,1,rejected_symbol_belongs_to_another_gene,FALSE
Tcon,RELA,SFTPA1,PSAP,1,rejected_symbol_belongs_to_another_gene,FALSE
Tcon,RFX5,HLA-DRB3,HLA-DPB1,1,rejected_symbol_belongs_to_another_gene,FALSE
Tcon,RFXANK,HLA-DRB3,HLA-DPB1,1,rejected_symbol_belongs_to_another_gene,FALSE
Tcon,RFXAP,HLA-DRB3,HLA-DPB1,1,rejected_symbol_belongs_to_another_gene,FALSE
Tcon,SF1,AMH,MIF,1,rejected_symbol_belongs_to_another_gene,FALSE
Tcon,SP1,TNNI3,TNNC1,1,rejected_symbol_belongs_to_another_gene,FALSE
Tcon,SPI1,PRG2,MBP,1,rejected_symbol_belongs_to_another_gene,FALSE
Tcon,STAT1,KRT17,PC,1,rejected_symbol_belongs_to_another_gene,FALSE
Tcon,STAT5A,CEL,LIPA,1,rejected_symbol_belongs_to_another_gene,FALSE
Tcon,STAT5B,CEL,LIPA,1,rejected_symbol_belongs_to_another_gene,FALSE
Tcon,TBP,IL6,HGF,-1,rejected_symbol_belongs_to_another_gene,FALSE
Tcon,TCF4,DEFA6,DEF6,1,rejected_symbol_belongs_to_another_gene,FALSE
Tcon,TP53,ANTXR1,ATR,1,rejected_symbol_belongs_to_another_gene,FALSE
Tcon,TWIST1,GDF15,PDF,1,rejected_symbol_belongs_to_another_gene,FALSE
Tcon,TWIST2,GDF15,PDF,1,rejected_symbol_belongs_to_another_gene,FALSE
Tcon,VDR,IL6,HGF,-1,rejected_symbol_belongs_to_another_gene,FALSE
Tcon,WT1,NR5A1,SF1,-1,rejected_symbol_belongs_to_another_gene,FALSE
Tcon,YBX1,SLC6A4,HTT,-1,rejected_symbol_belongs_to_another_gene,FALSE
Tcon,YY1,FCGR3B,FCGR3A,1,rejected_symbol_belongs_to_another_gene,FALSE
Tcon,ZMYND11,IL6,HGF,1,rejected_symbol_belongs_to_another_gene,FALSE
Tcon,ZNF300,IL6,HGF,1,rejected_symbol_belongs_to_another_gene,FALSE
Tcon,GLI1,AMH,MIF,-1,rejected_symbol_belongs_to_another_gene,FALSE
Tcon,GLI1,ARTN,NBN,1,rejected_symbol_belongs_to_another_gene,FALSE
Tcon,GLI1,FA2H,FAAH,1,rejected_symbol_belongs_to_another_gene,FALSE
Tcon,GLI1,SMOC2,SMAP2,1,rejected_symbol_belongs_to_another_gene,FALSE
Tcon,STAT3,SLPI,MPI,1,rejected_symbol_belongs_to_another_gene,TRUE
Tcon,CTNNB1,DPEP1,MBD1,1,rejected_symbol_belongs_to_another_gene,FALSE
Tcon,CTNNB1,IL6,HGF,1,rejected_symbol_belongs_to_another_gene,FALSE
Tcon,CTNNB1,MYH2,MYPOP,1,rejected_symbol_belongs_to_another_gene,FALSE
Tcon,CTNNB1,NPPC,CNP,1,rejected_symbol_belongs_to_another_gene,FALSE
Tcon,GLI2,IL6,HGF,1,rejected_symbol_belongs_to_another_gene,FALSE
Tcon,GLI2,KRT17,PC,1,rejected_symbol_belongs_to_another_gene,FALSE
Tcon,GLI2,RNASE3,RAF1,-1,rejected_symbol_belongs_to_another_gene,FALSE
Tcon,SREBF1,GLYAT,CAT,1,rejected_symbol_belongs_to_another_gene,FALSE
Tcon,TCF7L2,MYH2,MYPOP,1,rejected_symbol_belongs_to_another_gene,FALSE
Tcon,LEF1,NPPC,CNP,1,rejected_symbol_belongs_to_another_gene,FALSE
Tcon,STAT5A,KRT17,PC,1,rejected_symbol_belongs_to_another_gene,FALSE
Tcon,STAT5A,SLPI,MPI,1,rejected_symbol_belongs_to_another_gene,FALSE
Tcon,STAT5B,KRT17,PC,1,rejected_symbol_belongs_to_another_gene,FALSE
Tcon,STAT5B,SLPI,MPI,1,rejected_symbol_belongs_to_another_gene,FALSE
Tcon,THRB,MLXIPL,MLX,1,rejected_symbol_belongs_to_another_gene,FALSE
Tcon,FEV,SLC6A4,HTT,1,rejected_symbol_belongs_to_another_gene,FALSE
Tcon,PAX8,NKX2-1,TTF1,-1,rejected_symbol_belongs_to_another_gene,FALSE
Tcon,MYBL2,SFTPA1,PSAP,1,rejected_symbol_belongs_to_another_gene,FALSE
Tcon,NKX6-3,GKN1,CA11,1,rejected_symbol_belongs_to_another_gene,FALSE
Tcon,TSC22D1,NPPC,CNP,1,rejected_symbol_belongs_to_another_gene,FALSE
Tcon,TCF21,NR5A1,SF1,-1,rejected_symbol_belongs_to_another_gene,FALSE
Tcon,ZNF140,FCGR3B,FCGR3A,-1,rejected_symbol_belongs_to_another_gene,FALSE
Tcon,FOXP3,IL6,HGF,-1,rejected_symbol_belongs_to_another_gene,FALSE
Tcon,MEF2C,MYH2,MYPOP,1,rejected_symbol_belongs_to_another_gene,FALSE
Tcon,MEF2A,MYH2,MYPOP,1,rejected_symbol_belongs_to_another_gene,FALSE
Tcon,MEF2D,MYH2,MYPOP,1,rejected_symbol_belongs_to_another_gene,FALSE
Tcon,POU2F1,MYH2,MYPOP,1,rejected_symbol_belongs_to_another_gene,FALSE
Tcon,NFATC2,IL6,HGF,1,rejected_symbol_belongs_to_another_gene,FALSE
Tcon,NFATC3,IL6,HGF,1,rejected_symbol_belongs_to_another_gene,FALSE
Tcon,IRF3,IL6,HGF,1,rejected_symbol_belongs_to_another_gene,FALSE
Tcon,ZNF804A,MGAM,MGA,-1,rejected_symbol_belongs_to_another_gene,FALSE
Tcon,CASZ1,EGFL7,NEU1,1,rejected_symbol_belongs_to_another_gene,FALSE
Tcon,ZNF91,FCGR3B,FCGR3A,-1,rejected_symbol_belongs_to_another_gene,FALSE
Tcon,IRF2,IL6,HGF,1,rejected_symbol_belongs_to_another_gene,FALSE
Tcon,RELA,CCL15,SCYL3,1,rejected_symbol_belongs_to_another_gene,FALSE
Tcon,NFKB1,CCL15,SCYL3,1,rejected_symbol_belongs_to_another_gene,TRUE
Tcon,MAFK,IL6,HGF,1,rejected_symbol_belongs_to_another_gene,FALSE
Tcon,FOS,CCL15,SCYL3,1,rejected_symbol_belongs_to_another_gene,FALSE
Tcon,JUN,CCL15,SCYL3,1,rejected_symbol_belongs_to_another_gene,FALSE
Tcon,STAT6,CCL13,SCYL1,1,rejected_symbol_belongs_to_another_gene,FALSE
Tcon,IRF5,IL6,HGF,-1,rejected_symbol_belongs_to_another_gene,FALSE
Tcon,YY1,IL6,HGF,1,rejected_symbol_belongs_to_another_gene,FALSE
Tcon,BCL6,CCL13,SCYL1,1,rejected_symbol_belongs_to_another_gene,FALSE
Tcon,POU2F1,IL6,HGF,1,rejected_symbol_belongs_to_another_gene,FALSE
Tcon,LMX1B,IL6,HGF,1,rejected_symbol_belongs_to_another_gene,FALSE
Tcon,TWIST1,IL6,HGF,-1,rejected_symbol_belongs_to_another_gene,FALSE
Tcon,ARNT,IL6,HGF,1,rejected_symbol_belongs_to_another_gene,FALSE
Tcon,EHF,IL6,HGF,1,rejected_symbol_belongs_to_another_gene,FALSE
Tcon,NKX6-1,IL6,HGF,1,rejected_symbol_belongs_to_another_gene,FALSE
Tcon,FLI1,IL6,HGF,-1,rejected_symbol_belongs_to_another_gene,FALSE
Tcon,MAFF,IL6,HGF,-1,rejected_symbol_belongs_to_another_gene,FALSE
Tcon,ZFP64,IL6,HGF,-1,rejected_symbol_belongs_to_another_gene,FALSE
Tcon,FOSL2,IL6,HGF,-1,rejected_symbol_belongs_to_another_gene,FALSE
Tcon,AHR,SLCO1B1,LST1,-1,rejected_symbol_belongs_to_another_gene,FALSE
Tcon,BMAL1,NKX2-1,TTF1,-1,rejected_symbol_belongs_to_another_gene,FALSE
Tcon,ATF6,IL6,HGF,1,rejected_symbol_belongs_to_another_gene,FALSE
Tcon,CEBPD,SFTPA1,PSAP,1,rejected_symbol_belongs_to_another_gene,FALSE
Tcon,CLOCK,NKX2-1,TTF1,-1,rejected_symbol_belongs_to_another_gene,FALSE
Tcon,ESR1,SLCO1B1,LST1,1,rejected_symbol_belongs_to_another_gene,FALSE
Tcon,ESRRA,SFTPA2,PSAP,1,rejected_symbol_belongs_to_another_gene,FALSE
Tcon,FOS,SFTPA1,PSAP,1,rejected_symbol_belongs_to_another_gene,FALSE
Tcon,FOXM1,IL6,HGF,1,rejected_symbol_belongs_to_another_gene,FALSE
Tcon,FOXO3,IL6,HGF,-1,rejected_symbol_belongs_to_another_gene,FALSE
Tcon,GATA4,TNNI3,TNNC1,1,rejected_symbol_belongs_to_another_gene,FALSE
Tcon,GATA6,NKX2-1,TTF1,1,rejected_symbol_belongs_to_another_gene,FALSE
Tcon,GLI1,NKX2-1,TTF1,1,rejected_symbol_belongs_to_another_gene,FALSE
Tcon,HAND2,IL6,HGF,1,rejected_symbol_belongs_to_another_gene,FALSE
Tcon,HES1,IL6,HGF,1,rejected_symbol_belongs_to_another_gene,FALSE
Tcon,HEY1,IL6,HGF,-1,rejected_symbol_belongs_to_another_gene,FALSE
Tcon,HIF1A,KCNA5,HK2,-1,rejected_symbol_belongs_to_another_gene,TRUE
Tcon,HOXB3,NKX2-1,TTF1,1,rejected_symbol_belongs_to_another_gene,FALSE
Tcon,HSF1,KCNA5,HK2,1,rejected_symbol_belongs_to_another_gene,TRUE
Tcon,IRF4,IL6,HGF,1,rejected_symbol_belongs_to_another_gene,FALSE
Tcon,JUN,KRT17,PC,1,rejected_symbol_belongs_to_another_gene,FALSE
Tcon,MAFB,MMP12,MME,1,rejected_symbol_belongs_to_another_gene,FALSE
Tcon,MAX,MLXIPL,MLX,1,rejected_symbol_belongs_to_another_gene,FALSE
Tcon,MYB,SFTPA1,PSAP,1,rejected_symbol_belongs_to_another_gene,FALSE
Tcon,MYCN,IL6,HGF,-1,rejected_symbol_belongs_to_another_gene,FALSE
Tcon,NEUROG3,MYT1,MTF1,1,rejected_symbol_belongs_to_another_gene,FALSE
Tcon,NCOA2,SFTPA1,PSAP,1,rejected_symbol_belongs_to_another_gene,FALSE
Tcon,NCOA3,IL6,HGF,1,rejected_symbol_belongs_to_another_gene,FALSE
Tcon,NFE2L2,SLPI,MPI,1,rejected_symbol_belongs_to_another_gene,FALSE
Tcon,NKX2-1,SFTPA2,PSAP,1,rejected_symbol_belongs_to_another_gene,FALSE
Tcon,NKX2-1,IL6,HGF,1,rejected_symbol_belongs_to_another_gene,FALSE
Tcon,NR1I3,SLCO1B1,LST1,1,rejected_symbol_belongs_to_another_gene,FALSE
Tcon,NR3C1,SFTPA1,PSAP,-1,rejected_symbol_belongs_to_another_gene,FALSE
Tcon,NR3C2,IL6,HGF,1,rejected_symbol_belongs_to_another_gene,FALSE
Tcon,NR3C2,PGF,PIGF,1,rejected_symbol_belongs_to_another_gene,FALSE
Tcon,NR4A1,IL6,HGF,-1,rejected_symbol_belongs_to_another_gene,FALSE
Tcon,NR4A2,IL6,HGF,-1,rejected_symbol_belongs_to_another_gene,FALSE
Tcon,NR4A3,IL6,HGF,-1,rejected_symbol_belongs_to_another_gene,FALSE
Tcon,PAX6,NKX2-1,TTF1,1,rejected_symbol_belongs_to_another_gene,FALSE
Tcon,PAX8,FOXE1,TTF2,1,rejected_symbol_belongs_to_another_gene,FALSE
Tcon,PITX2,KRT17,PC,1,rejected_symbol_belongs_to_another_gene,FALSE
Tcon,PPARD,IL6,HGF,-1,rejected_symbol_belongs_to_another_gene,FALSE
Tcon,PPARG,MMP12,MME,-1,rejected_symbol_belongs_to_another_gene,FALSE
Tcon,RELA,PGF,PIGF,1,rejected_symbol_belongs_to_another_gene,FALSE
Tcon,SP1,MB,PVALB,1,rejected_symbol_belongs_to_another_gene,FALSE
Tcon,SPI1,THPO,TPO,1,rejected_symbol_belongs_to_another_gene,FALSE
Tcon,SPIC,MMP12,MME,1,rejected_symbol_belongs_to_another_gene,FALSE
Tcon,SREBF1,MLXIPL,MLX,1,rejected_symbol_belongs_to_another_gene,FALSE
Tcon,TP53,TP53TG3E,TP53TG3D,1,rejected_symbol_belongs_to_another_gene,FALSE
Tcon,USF1,SFTPA1,PSAP,1,rejected_symbol_belongs_to_another_gene,FALSE
Tcon,JUN,AKR1B10,ARL1,1,rejected_symbol_belongs_to_another_gene,FALSE
Tcon,RUNX2,SLPI,MPI,1,rejected_symbol_belongs_to_another_gene,FALSE
Tcon,ESRRA,SFTPA1,PSAP,1,rejected_symbol_belongs_to_another_gene,FALSE
Tcon,NKX2-2,PPY,PNP,1,rejected_symbol_belongs_to_another_gene,FALSE
Tcon,MEF2C,CSRP3,LMO4,1,rejected_symbol_belongs_to_another_gene,FALSE
Tcon,SOX2,NKX2-1,TTF1,1,rejected_symbol_belongs_to_another_gene,FALSE
Tcon,TAL1,PTPRU,PTPRO,-1,rejected_symbol_belongs_to_another_gene,FALSE
Tcon,PKNOX1,NR5A1,SF1,1,rejected_symbol_belongs_to_another_gene,FALSE
Tcon,CTCF,MB,PVALB,1,rejected_symbol_belongs_to_another_gene,FALSE
Tcon,AP1,IL6,HGF,1,rejected_symbol_belongs_to_another_gene,FALSE
Tcon,NFKB,CCL13,SCYL1,1,rejected_symbol_belongs_to_another_gene,FALSE
Tcon,NFKB,IL6,HGF,1,rejected_symbol_belongs_to_another_gene,FALSE
Tcon,NFKB,HCRT,PPOX,1,rejected_symbol_belongs_to_another_gene,FALSE
Tcon,AP1,MMP12,MME,1,rejected_symbol_belongs_to_another_gene,FALSE
Tcon,AP1,GC,DBP,1,rejected_symbol_belongs_to_another_gene,FALSE
Tcon,NFKB,TACR1,SPR,1,rejected_symbol_belongs_to_another_gene,FALSE
Tcon,NFKB,AMH,MIF,1,rejected_symbol_belongs_to_another_gene,FALSE
Tcon,NFKB,GDF15,PDF,1,rejected_symbol_belongs_to_another_gene,FALSE
Tcon,AP1,CCL15,SCYL3,1,rejected_symbol_belongs_to_another_gene,FALSE
Tcon,NFKB,CCL15,SCYL3,1,rejected_symbol_belongs_to_another_gene,FALSE
Tcon,AP1,HCRT,PPOX,1,rejected_symbol_belongs_to_another_gene,FALSE
Tcon,NFKB,NTN1,NET1,1,rejected_symbol_belongs_to_another_gene,FALSE
Tcon,NFKB,TAC4,HK1,1,rejected_symbol_belongs_to_another_gene,FALSE
Tcon,AP1,AKR1B10,ARL1,1,rejected_symbol_belongs_to_another_gene,FALSE
Tcon,AP1,NKX2-1,TTF1,1,rejected_symbol_belongs_to_another_gene,FALSE
Tcon,NFKB,RAPSN,FADS2,1,rejected_symbol_belongs_to_another_gene,FALSE
Tcon,NFKB,KRT9,EPPK1,1,rejected_symbol_belongs_to_another_gene,FALSE
Tcon,NFKB,KCNA4,HK1,1,rejected_symbol_belongs_to_another_gene,FALSE
Tcon,AP1,TTR,TTN,1,rejected_symbol_belongs_to_another_gene,FALSE
CD8,TFAP2A,CCL13,SCYL1,1,rejected_symbol_belongs_to_another_gene,FALSE
CD8,HSF2,HSP90B2P,TRAP1,1,rejected_symbol_belongs_to_another_gene,FALSE
CD8,NR5A1,NR5A1,SF1,1,rejected_symbol_belongs_to_another_gene,FALSE
CD8,EGR1,MMP12,MME,-1,rejected_symbol_belongs_to_another_gene,FALSE
CD8,CEBPB,PRG2,MBP,1,rejected_symbol_belongs_to_another_gene,FALSE
CD8,GATA1,PRG2,MBP,1,rejected_symbol_belongs_to_another_gene,FALSE
CD8,NR0B1,NR5A1,SF1,-1,rejected_symbol_belongs_to_another_gene,FALSE
CD8,IRF1,SLPI,MPI,-1,rejected_symbol_belongs_to_another_gene,FALSE
CD8,SREBF1,GCK,GK,1,rejected_symbol_belongs_to_another_gene,FALSE
CD8,TFAP2A,HCRT,PPOX,1,rejected_symbol_belongs_to_another_gene,FALSE
CD8,TP53,GDF15,PDF,1,rejected_symbol_belongs_to_another_gene,FALSE
CD8,GATA4,AMH,MIF,1,rejected_symbol_belongs_to_another_gene,FALSE
CD8,NR5A1,AMH,MIF,1,rejected_symbol_belongs_to_another_gene,FALSE
CD8,SRY,AMH,MIF,1,rejected_symbol_belongs_to_another_gene,FALSE
CD8,WT1,AMH,MIF,1,rejected_symbol_belongs_to_another_gene,FALSE
CD8,ZNF354C,AMH,MIF,1,rejected_symbol_belongs_to_another_gene,FALSE
CD8,PDX1,IAPP,DAP,1,rejected_symbol_belongs_to_another_gene,FALSE
CD8,RELA,GC,DBP,1,rejected_symbol_belongs_to_another_gene,FALSE
CD8,STAT5B,GCK,GK,1,rejected_symbol_belongs_to_another_gene,FALSE
CD8,HSF1,HSP90B2P,TRAP1,1,rejected_symbol_belongs_to_another_gene,TRUE
CD8,EGR1,KLF5,CKLF,1,rejected_symbol_belongs_to_another_gene,FALSE
CD8,TTF1,NKX2-1,TTF1,1,rejected_symbol_belongs_to_another_gene,FALSE
CD8,NR5A1,AKR1B10,ARL1,1,rejected_symbol_belongs_to_another_gene,FALSE
CD8,SP1,AKR1B10,ARL1,1,rejected_symbol_belongs_to_another_gene,FALSE
CD8,NR0B1,AMH,MIF,1,rejected_symbol_belongs_to_another_gene,FALSE
CD8,SOX9,AMH,MIF,1,rejected_symbol_belongs_to_another_gene,FALSE
CD8,MTF1,PGF,PIGF,1,rejected_symbol_belongs_to_another_gene,FALSE
CD8,ENO1,MBL2,MBP,1,rejected_symbol_belongs_to_another_gene,FALSE
CD8,MYC,MBL2,MBP,1,rejected_symbol_belongs_to_another_gene,FALSE
CD8,SP1,GDF15,PDF,1,rejected_symbol_belongs_to_another_gene,FALSE
CD8,SP3,GDF15,PDF,1,rejected_symbol_belongs_to_another_gene,FALSE
CD8,FOXM1,GCK,GK,1,rejected_symbol_belongs_to_another_gene,FALSE
CD8,HNF1A,GCK,GK,1,rejected_symbol_belongs_to_another_gene,FALSE
CD8,HNF1A,SLCO1B1,LST1,1,rejected_symbol_belongs_to_another_gene,FALSE
CD8,SMAD3,SELENOP,SELP,-1,rejected_symbol_belongs_to_another_gene,FALSE
CD8,SP1,MMP28,MMP25,1,rejected_symbol_belongs_to_another_gene,FALSE
CD8,SP3,MMP28,MMP25,1,rejected_symbol_belongs_to_another_gene,FALSE
CD8,NKX2-1,NKX2-1,TTF1,1,rejected_symbol_belongs_to_another_gene,FALSE
CD8,HNF1B,TTR,TTN,1,rejected_symbol_belongs_to_another_gene,FALSE
CD8,PDX1,GCK,GK,1,rejected_symbol_belongs_to_another_gene,FALSE
CD8,NFIC,CEL,LIPA,1,rejected_symbol_belongs_to_another_gene,FALSE
CD8,SSRP1,CEL,LIPA,1,rejected_symbol_belongs_to_another_gene,FALSE
CD8,NR1I2,SLCO1B1,LST1,1,rejected_symbol_belongs_to_another_gene,FALSE
CD8,KLF5,GC,DBP,1,rejected_symbol_belongs_to_another_gene,FALSE
CD8,SP3,GC,DBP,1,rejected_symbol_belongs_to_another_gene,FALSE
CD8,SP1,GC,DBP,1,rejected_symbol_belongs_to_another_gene,FALSE
CD8,ONECUT1,GCK,GK,1,rejected_symbol_belongs_to_another_gene,FALSE
CD8,MTA2,SELENOP,SELP,1,rejected_symbol_belongs_to_another_gene,FALSE
CD8,STAT1,HSP90B2P,TRAP1,1,rejected_symbol_belongs_to_another_gene,FALSE
CD8,NEUROD1,GCK,GK,1,rejected_symbol_belongs_to_another_gene,FALSE
CD8,MBD2,DPEP1,MBD1,1,rejected_symbol_belongs_to_another_gene,FALSE
CD8,KLF5,KLF5,CKLF,1,rejected_symbol_belongs_to_another_gene,FALSE
CD8,SOX8,AMH,MIF,1,rejected_symbol_belongs_to_another_gene,FALSE
CD8,TP53,DSC3,DSC1,1,rejected_symbol_belongs_to_another_gene,FALSE
CD8,YY1,CCL13,SCYL1,1,rejected_symbol_belongs_to_another_gene,FALSE
CD8,NR5A2,CEL,LIPA,1,rejected_symbol_belongs_to_another_gene,FALSE
CD8,KLF4,IAPP,DAP,1,rejected_symbol_belongs_to_another_gene,FALSE
CD8,ESR1,HSP90B2P,TRAP1,1,rejected_symbol_belongs_to_another_gene,FALSE
CD8,JUN,GC,DBP,1,rejected_symbol_belongs_to_another_gene,FALSE
CD8,MYOG,MYL1,MLC1,1,rejected_symbol_belongs_to_another_gene,FALSE
CD8,ESR1,AMH,MIF,1,rejected_symbol_belongs_to_another_gene,FALSE
CD8,ESR2,AMH,MIF,1,rejected_symbol_belongs_to_another_gene,FALSE
CD8,FOXD1,PGF,PIGF,1,rejected_symbol_belongs_to_another_gene,FALSE
CD8,FOXG1,PGF,PIGF,1,rejected_symbol_belongs_to_another_gene,FALSE
CD8,HNF1A,IAPP,DAP,1,rejected_symbol_belongs_to_another_gene,FALSE
CD8,MAZ,IAPP,DAP,1,rejected_symbol_belongs_to_another_gene,FALSE
CD8,HIF1A,GCK,GK,1,rejected_symbol_belongs_to_another_gene,TRUE
CD8,HNF4A,GCK,GK,1,rejected_symbol_belongs_to_another_gene,FALSE
CD8,EGR1,GDF15,PDF,1,rejected_symbol_belongs_to_another_gene,FALSE
CD8,SSRP1,GDF15,PDF,1,rejected_symbol_belongs_to_another_gene,FALSE
CD8,FOXA2,SLCO1B1,LST1,1,rejected_symbol_belongs_to_another_gene,FALSE
CD8,NRF1,IAPP,DAP,1,rejected_symbol_belongs_to_another_gene,FALSE
CD8,NR0B2,GCK,GK,-1,rejected_symbol_belongs_to_another_gene,FALSE
CD8,CEBPA,DSC3,DSC1,1,rejected_symbol_belongs_to_another_gene,FALSE
CD8,CEBPB,DSC3,DSC1,1,rejected_symbol_belongs_to_another_gene,FALSE
CD8,CEBPG,DSC3,DSC1,1,rejected_symbol_belongs_to_another_gene,FALSE
CD8,PAX6,GCK,GK,1,rejected_symbol_belongs_to_another_gene,FALSE
CD8,SMAD4,NKX2-1,TTF1,1,rejected_symbol_belongs_to_another_gene,FALSE
CD8,SP1,NKX2-1,TTF1,1,rejected_symbol_belongs_to_another_gene,FALSE
CD8,GLI2,FOXE1,TTF2,1,rejected_symbol_belongs_to_another_gene,FALSE
CD8,NR3C1,SLPI,MPI,1,rejected_symbol_belongs_to_another_gene,FALSE
CD8,TFCP2,DPEP1,MBD1,1,rejected_symbol_belongs_to_another_gene,FALSE
CD8,ZGLP1,IAPP,DAP,1,rejected_symbol_belongs_to_another_gene,FALSE
CD8,FOXA2,IAPP,DAP,-1,rejected_symbol_belongs_to_another_gene,FALSE
CD8,ATF3,GDF15,PDF,1,rejected_symbol_belongs_to_another_gene,TRUE
CD8,YBX1,MMP12,MME,1,rejected_symbol_belongs_to_another_gene,FALSE
CD8,RELA,GDF15,PDF,1,rejected_symbol_belongs_to_another_gene,FALSE
CD8,CDX1,IAPP,DAP,1,rejected_symbol_belongs_to_another_gene,FALSE
CD8,CDX2,IAPP,DAP,1,rejected_symbol_belongs_to_another_gene,FALSE
CD8,SSRP1,IAPP,DAP,1,rejected_symbol_belongs_to_another_gene,FALSE
CD8,CREB1,MUSK,FADS1,-1,rejected_symbol_belongs_to_another_gene,TRUE
CD8,MYOD1,MUSK,FADS1,1,rejected_symbol_belongs_to_another_gene,FALSE
CD8,NRG1,HSP90B2P,TRAP1,1,rejected_symbol_belongs_to_another_gene,FALSE
CD8,CEBPB,KLF5,CKLF,1,rejected_symbol_belongs_to_another_gene,FALSE
CD8,MYF5,RRAD,RAD1,1,rejected_symbol_belongs_to_another_gene,FALSE
CD8,MYOD1,RRAD,RAD1,1,rejected_symbol_belongs_to_another_gene,FALSE
CD8,TP53,HSP90B2P,TRAP1,1,rejected_symbol_belongs_to_another_gene,FALSE
CD8,NR3C1,TDO2,TPH2,1,rejected_symbol_belongs_to_another_gene,FALSE
CD8,SMARCA1,TDO2,TPH2,1,rejected_symbol_belongs_to_another_gene,FALSE
CD8,MYOG,MUSK,FADS1,1,rejected_symbol_belongs_to_another_gene,FALSE
CD8,HR,MUSK,FADS1,1,rejected_symbol_belongs_to_another_gene,FALSE
CD8,PGR,SLPI,MPI,1,rejected_symbol_belongs_to_another_gene,FALSE
CD8,KLF9,SLPI,MPI,1,rejected_symbol_belongs_to_another_gene,FALSE
CD8,ZNF148,IAPP,DAP,1,rejected_symbol_belongs_to_another_gene,FALSE
CD8,FOXO1,GCK,GK,1,rejected_symbol_belongs_to_another_gene,FALSE
CD8,TFAP2A,IAPP,DAP,1,rejected_symbol_belongs_to_another_gene,FALSE
CD8,SNAI2,PRSS8,CAP1,-1,rejected_symbol_belongs_to_another_gene,FALSE
CD8,SREBF2,PRSS8,CAP1,1,rejected_symbol_belongs_to_another_gene,FALSE
CD8,CEBPB,HCRT,PPOX,1,rejected_symbol_belongs_to_another_gene,FALSE
CD8,AR,GC,DBP,1,rejected_symbol_belongs_to_another_gene,FALSE
CD8,NR6A1,DPEP1,MBD1,1,rejected_symbol_belongs_to_another_gene,FALSE
CD8,NR4A1,GC,DBP,1,rejected_symbol_belongs_to_another_gene,FALSE
CD8,PBX1,NR5A1,SF1,1,rejected_symbol_belongs_to_another_gene,FALSE
CD8,DLX3,PGF,PIGF,1,rejected_symbol_belongs_to_another_gene,FALSE
CD8,WT1,GC,DBP,1,rejected_symbol_belongs_to_another_gene,FALSE
CD8,PAX8,HCRT,PPOX,1,rejected_symbol_belongs_to_another_gene,FALSE
CD8,TTF1,HCRT,PPOX,1,rejected_symbol_belongs_to_another_gene,FALSE
CD8,CREB3,CCL15,SCYL3,1,rejected_symbol_belongs_to_another_gene,FALSE
CD8,ONECUT1,TTR,TTN,1,rejected_symbol_belongs_to_another_gene,FALSE
CD8,SMARCA1,TTR,TTN,1,rejected_symbol_belongs_to_another_gene,FALSE
CD8,MYC,MLXIPL,MLX,1,rejected_symbol_belongs_to_another_gene,FALSE
CD8,SP1,GCK,GK,1,rejected_symbol_belongs_to_another_gene,FALSE
CD8,SP3,GCK,GK,1,rejected_symbol_belongs_to_another_gene,FALSE
CD8,EMX2,SP8,BTD,1,rejected_symbol_belongs_to_another_gene,FALSE
CD8,TP53,KLF5,CKLF,1,rejected_symbol_belongs_to_another_gene,FALSE
CD8,TP63,GDF15,PDF,1,rejected_symbol_belongs_to_another_gene,FALSE
CD8,SP1,KCNA5,HK2,1,rejected_symbol_belongs_to_another_gene,FALSE
CD8,PITX1,GDF15,PDF,1,rejected_symbol_belongs_to_another_gene,FALSE
CD8,FOXO1,SELENOP,SELP,1,rejected_symbol_belongs_to_another_gene,FALSE
CD8,PPARG,GCK,GK,1,rejected_symbol_belongs_to_another_gene,FALSE
CD8,GCM1,PGF,PIGF,1,rejected_symbol_belongs_to_another_gene,FALSE
CD8,TBP,GC,DBP,1,rejected_symbol_belongs_to_another_gene,FALSE
CD8,HIF1A,TNNI3,TNNC1,1,rejected_symbol_belongs_to_another_gene,TRUE
CD8,HIF1A,PGF,PIGF,1,rejected_symbol_belongs_to_another_gene,TRUE
CD8,HR,GDF15,PDF,1,rejected_symbol_belongs_to_another_gene,FALSE
CD8,SOX9,NR5A1,SF1,1,rejected_symbol_belongs_to_another_gene,FALSE
CD8,EGR2,RRAD,RAD1,1,rejected_symbol_belongs_to_another_gene,FALSE
CD8,TTF1,SFTPA2,PSAP,1,rejected_symbol_belongs_to_another_gene,FALSE
CD8,HNF4A,SELENOP,SELP,1,rejected_symbol_belongs_to_another_gene,FALSE
CD8,GATA4,TDO2,TPH2,-1,rejected_symbol_belongs_to_another_gene,FALSE
CD8,YY1,TNNI3,TNNC1,-1,rejected_symbol_belongs_to_another_gene,FALSE
CD8,VDR,AMH,MIF,1,rejected_symbol_belongs_to_another_gene,FALSE
CD8,AHR,SMOC2,SMAP2,1,rejected_symbol_belongs_to_another_gene,FALSE
CD8,MYF5,FOXE1,TTF2,1,rejected_symbol_belongs_to_another_gene,FALSE
CD8,CEBPG,AKR1B10,ARL1,1,rejected_symbol_belongs_to_another_gene,FALSE
CD8,ETS1,AKR1B10,ARL1,1,rejected_symbol_belongs_to_another_gene,FALSE
CD8,TP53,AKR1B10,ARL1,1,rejected_symbol_belongs_to_another_gene,FALSE
CD8,TP53,GC,DBP,1,rejected_symbol_belongs_to_another_gene,FALSE
CD8,PREB,GCK,GK,1,rejected_symbol_belongs_to_another_gene,FALSE
CD8,POU2F1,MLXIPL,MLX,-1,rejected_symbol_belongs_to_another_gene,FALSE
CD8,NR1H3,GCK,GK,1,rejected_symbol_belongs_to_another_gene,FALSE
CD8,SP1,MRAP,FGD2,1,rejected_symbol_belongs_to_another_gene,FALSE
CD8,NR3C1,SELENOP,SELP,-1,rejected_symbol_belongs_to_another_gene,FALSE
CD8,NR4A2,PTPRU,PTPRO,1,rejected_symbol_belongs_to_another_gene,FALSE
CD8,PITX3,PTPRU,PTPRO,1,rejected_symbol_belongs_to_another_gene,FALSE
CD8,NFATC3,GC,DBP,1,rejected_symbol_belongs_to_another_gene,FALSE
CD8,HNF1A,SLC23A1,SLC23A2,1,rejected_symbol_belongs_to_another_gene,FALSE
CD8,HNF1B,SLC23A1,SLC23A2,1,rejected_symbol_belongs_to_another_gene,FALSE
CD8,DMRT1,NR5A1,SF1,1,rejected_symbol_belongs_to_another_gene,FALSE
CD8,CEBPB,GDF15,PDF,1,rejected_symbol_belongs_to_another_gene,FALSE
CD8,CREB1,MMP28,MMP25,1,rejected_symbol_belongs_to_another_gene,TRUE
CD8,ESRRA,GCK,GK,1,rejected_symbol_belongs_to_another_gene,FALSE
CD8,KLF4,GDF15,PDF,1,rejected_symbol_belongs_to_another_gene,FALSE
CD8,RFX3,GCK,GK,1,rejected_symbol_belongs_to_another_gene,FALSE
CD8,CDX2,MGAM,MGA,1,rejected_symbol_belongs_to_another_gene,FALSE
CD8,CREB1,MGAM,MGA,1,rejected_symbol_belongs_to_another_gene,TRUE
CD8,HNF1A,MGAM,MGA,1,rejected_symbol_belongs_to_another_gene,FALSE
CD8,EGR1,PGF,PIGF,1,rejected_symbol_belongs_to_another_gene,FALSE
CD8,FOXA1,MLXIPL,MLX,1,rejected_symbol_belongs_to_another_gene,FALSE
CD8,FOXA2,MLXIPL,MLX,1,rejected_symbol_belongs_to_another_gene,FALSE
CD8,HIF1A,GC,DBP,1,rejected_symbol_belongs_to_another_gene,TRUE
CD8,FOXA2,GCK,GK,1,rejected_symbol_belongs_to_another_gene,FALSE
CD8,NR1H3,MLXIPL,MLX,1,rejected_symbol_belongs_to_another_gene,FALSE
CD8,ZIC2,SLC6A4,HTT,1,rejected_symbol_belongs_to_another_gene,FALSE
CD8,RELA,RAPSN,FADS2,1,rejected_symbol_belongs_to_another_gene,FALSE
CD8,HR,RAPSN,FADS2,1,rejected_symbol_belongs_to_another_gene,FALSE
CD8,HNF4A,TTR,TTN,1,rejected_symbol_belongs_to_another_gene,FALSE
CD8,FOXM1,TTR,TTN,1,rejected_symbol_belongs_to_another_gene,FALSE
CD8,HNF1A,TTR,TTN,1,rejected_symbol_belongs_to_another_gene,FALSE
CD8,FOXA2,TTR,TTN,1,rejected_symbol_belongs_to_another_gene,FALSE
CD8,NR1H3,SLCO1B1,LST1,1,rejected_symbol_belongs_to_another_gene,FALSE
CD8,NR1H4,SLCO1B1,LST1,1,rejected_symbol_belongs_to_another_gene,FALSE
CD8,EGR1,GCK,GK,1,rejected_symbol_belongs_to_another_gene,FALSE
CD8,EBF1,TAC4,HK1,1,rejected_symbol_belongs_to_another_gene,FALSE
CD8,NR6A1,HCRT,PPOX,1,rejected_symbol_belongs_to_another_gene,FALSE
CD8,TP53,RRAD,RAD1,1,rejected_symbol_belongs_to_another_gene,FALSE
CD8,FOXO1,IAPP,DAP,-1,rejected_symbol_belongs_to_another_gene,FALSE
CD8,NFE2L2,AKR1B10,ARL1,1,rejected_symbol_belongs_to_another_gene,FALSE
CD8,SP1,DOK7,FADS3,1,rejected_symbol_belongs_to_another_gene,FALSE
CD8,EGR1,RRAD,RAD1,1,rejected_symbol_belongs_to_another_gene,FALSE
CD8,PGR,KLF5,CKLF,1,rejected_symbol_belongs_to_another_gene,FALSE
CD8,HMGA2,KLF5,CKLF,1,rejected_symbol_belongs_to_another_gene,FALSE
CD8,USF1,NR5A1,SF1,1,rejected_symbol_belongs_to_another_gene,FALSE
CD8,USF2,NR5A1,SF1,1,rejected_symbol_belongs_to_another_gene,FALSE
CD8,MYC,IGF2BP1,ZBP1,1,rejected_symbol_belongs_to_another_gene,FALSE
CD8,STAT3,KRT17,PC,1,rejected_symbol_belongs_to_another_gene,TRUE
CD8,TFAM,HSP90B2P,TRAP1,1,rejected_symbol_belongs_to_another_gene,FALSE
CD8,KLF6,GCK,GK,1,rejected_symbol_belongs_to_another_gene,FALSE
CD8,AHR,DPEP1,MBD1,1,rejected_symbol_belongs_to_another_gene,FALSE
CD8,NFE2L2,HSP90B2P,TRAP1,1,rejected_symbol_belongs_to_another_gene,FALSE
CD8,GFI1,PRG2,MBP,1,rejected_symbol_belongs_to_another_gene,FALSE
CD8,ATF4,SLC6A4,HTT,1,rejected_symbol_belongs_to_another_gene,FALSE
CD8,NR5A2,GCK,GK,1,rejected_symbol_belongs_to_another_gene,FALSE
CD8,PPARG,MOGAT1,MGAT1,1,rejected_symbol_belongs_to_another_gene,FALSE
CD8,GRHL2,NKX2-1,TTF1,1,rejected_symbol_belongs_to_another_gene,FALSE
CD8,ZFX,OCRL,INPP5F,1,rejected_symbol_belongs_to_another_gene,FALSE
CD8,CRX,IGF2BP1,ZBP1,1,rejected_symbol_belongs_to_another_gene,FALSE
CD8,HIF1A,IGF2BP1,ZBP1,1,rejected_symbol_belongs_to_another_gene,TRUE
CD8,STAT3,PGF,PIGF,-1,rejected_symbol_belongs_to_another_gene,TRUE
CD8,DNMT1,SFTPA2,PSAP,1,rejected_symbol_belongs_to_another_gene,FALSE
CD8,SMAD2,NKX2-1,TTF1,1,rejected_symbol_belongs_to_another_gene,FALSE
CD8,TFE3,GCK,GK,1,rejected_symbol_belongs_to_another_gene,FALSE
CD8,JARID2,MYL1,MLC1,1,rejected_symbol_belongs_to_another_gene,FALSE
CD8,DNMT1,DPEP1,MBD1,1,rejected_symbol_belongs_to_another_gene,FALSE
CD8,CREB1,KCNA5,HK2,1,rejected_symbol_belongs_to_another_gene,TRUE
CD8,CAMTA1,HSP90B2P,TRAP1,1,rejected_symbol_belongs_to_another_gene,FALSE
CD8,PPARA,MBL2,MBP,1,rejected_symbol_belongs_to_another_gene,FALSE
CD8,NFAT5,IAPP,DAP,1,rejected_symbol_belongs_to_another_gene,FALSE
CD8,SMAD4,CCL15,SCYL3,-1,rejected_symbol_belongs_to_another_gene,FALSE
CD8,PPARG,MRAP,FGD2,1,rejected_symbol_belongs_to_another_gene,FALSE
CD8,TP53,NKX2-1,TTF1,1,rejected_symbol_belongs_to_another_gene,FALSE
CD8,FOXO3,SELENOP,SELP,1,rejected_symbol_belongs_to_another_gene,FALSE
CD8,STAT1,SLPI,MPI,1,rejected_symbol_belongs_to_another_gene,FALSE
CD8,HSF1,TTR,TTN,1,rejected_symbol_belongs_to_another_gene,TRUE
CD8,XBP1,HSP90B2P,TRAP1,1,rejected_symbol_belongs_to_another_gene,FALSE
CD8,JUN,MRAP,FGD2,1,rejected_symbol_belongs_to_another_gene,FALSE
CD8,FOXA1,TTR,TTN,1,rejected_symbol_belongs_to_another_gene,FALSE
CD8,JUN,TTR,TTN,1,rejected_symbol_belongs_to_another_gene,FALSE
CD8,THRA,MMP12,MME,1,rejected_symbol_belongs_to_another_gene,FALSE
CD8,SP1,ADRA2A,ZNF32,1,rejected_symbol_belongs_to_another_gene,FALSE
CD8,HOXB7,IAPP,DAP,1,rejected_symbol_belongs_to_another_gene,FALSE
CD8,ISL1,IAPP,DAP,1,rejected_symbol_belongs_to_another_gene,FALSE
CD8,NFATC2,RNASE3,RAF1,1,rejected_symbol_belongs_to_another_gene,FALSE
CD8,FEZF2,IAPP,DAP,1,rejected_symbol_belongs_to_another_gene,FALSE
CD8,SP1,NR5A1,SF1,1,rejected_symbol_belongs_to_another_gene,FALSE
CD8,MYBL2,HSP90B2P,TRAP1,1,rejected_symbol_belongs_to_another_gene,FALSE
CD8,THRB,MMP12,MME,1,rejected_symbol_belongs_to_another_gene,FALSE
CD8,PAX6,PPY,PNP,1,rejected_symbol_belongs_to_another_gene,FALSE
CD8,NEUROD1,IAPP,DAP,1,rejected_symbol_belongs_to_another_gene,FALSE
CD8,NKX6-1,IAPP,DAP,1,rejected_symbol_belongs_to_another_gene,FALSE
CD8,PAX6,IAPP,DAP,1,rejected_symbol_belongs_to_another_gene,FALSE
CD8,SP1,SELENOP,SELP,1,rejected_symbol_belongs_to_another_gene,FALSE
CD8,GATA2,PRG2,MBP,-1,rejected_symbol_belongs_to_another_gene,FALSE
CD8,USF1,GCK,GK,1,rejected_symbol_belongs_to_another_gene,FALSE
CD8,MEF2A,TNNI3,TNNC1,1,rejected_symbol_belongs_to_another_gene,FALSE
CD8,MEF2C,TNNI3,TNNC1,1,rejected_symbol_belongs_to_another_gene,FALSE
CD8,MEF2D,TNNI3,TNNC1,1,rejected_symbol_belongs_to_another_gene,FALSE
CD8,AR,NR5A1,SF1,1,rejected_symbol_belongs_to_another_gene,FALSE
CD8,JUN,MMP12,MME,1,rejected_symbol_belongs_to_another_gene,FALSE
CD8,JUND,MMP12,MME,1,rejected_symbol_belongs_to_another_gene,FALSE
CD8,MYC,CCL14,SCYL2,1,rejected_symbol_belongs_to_another_gene,FALSE
CD8,SP3,NKX2-1,TTF1,1,rejected_symbol_belongs_to_another_gene,FALSE
CD8,TAL1,DSC3,DSC1,1,rejected_symbol_belongs_to_another_gene,FALSE
CD8,NKX2-1,SFTPA1,PSAP,1,rejected_symbol_belongs_to_another_gene,FALSE
CD8,FOSL1,MMP12,MME,1,rejected_symbol_belongs_to_another_gene,FALSE
CD8,AR,KLF5,CKLF,1,rejected_symbol_belongs_to_another_gene,FALSE
CD8,BRCA1,KRT17,PC,1,rejected_symbol_belongs_to_another_gene,FALSE
CD8,CEBPE,PRG2,MBP,-1,rejected_symbol_belongs_to_another_gene,FALSE
CD8,CIITA,HLA-DRB3,HLA-DPB1,1,rejected_symbol_belongs_to_another_gene,FALSE
CD8,CTCF,SLC6A4,HTT,1,rejected_symbol_belongs_to_another_gene,FALSE
CD8,FOXA1,NKX2-1,TTF1,1,rejected_symbol_belongs_to_another_gene,FALSE
CD8,FOXA2,NKX2-1,TTF1,1,rejected_symbol_belongs_to_another_gene,FALSE
CD8,FOXP2,NKX2-1,TTF1,-1,rejected_symbol_belongs_to_another_gene,FALSE
CD8,GATA4,IAPP,DAP,1,rejected_symbol_belongs_to_another_gene,FALSE
CD8,HDAC1,MMP28,MMP25,-1,rejected_symbol_belongs_to_another_gene,FALSE
CD8,MYBL2,PSG1,SP1,1,rejected_symbol_belongs_to_another_gene,FALSE
CD8,NFKB1,AMH,MIF,1,rejected_symbol_belongs_to_another_gene,TRUE
CD8,NFKB1,CCL13,SCYL1,1,rejected_symbol_belongs_to_another_gene,TRUE
CD8,NFKB1,SFTPA1,PSAP,1,rejected_symbol_belongs_to_another_gene,TRUE
CD8,POU3F2,NKX2-1,TTF1,1,rejected_symbol_belongs_to_another_gene,FALSE
CD8,PPARG,GDF15,PDF,1,rejected_symbol_belongs_to_another_gene,FALSE
CD8,PTF1A,CEL,LIPA,1,rejected_symbol_belongs_to_another_gene,FALSE
CD8,RELA,AMH,MIF,1,rejected_symbol_belongs_to_another_gene,FALSE
CD8,RELA,CCL13,SCYL1,1,rejected_symbol_belongs_to_another_gene,FALSE
CD8,RELA,MMP12,MME,1,rejected_symbol_belongs_to_another_gene,FALSE
CD8,RELA,SFTPA1,PSAP,1,rejected_symbol_belongs_to_another_gene,FALSE
CD8,RFX5,HLA-DRB3,HLA-DPB1,1,rejected_symbol_belongs_to_another_gene,FALSE
CD8,RFXANK,HLA-DRB3,HLA-DPB1,1,rejected_symbol_belongs_to_another_gene,FALSE
CD8,RFXAP,HLA-DRB3,HLA-DPB1,1,rejected_symbol_belongs_to_another_gene,FALSE
CD8,SF1,AMH,MIF,1,rejected_symbol_belongs_to_another_gene,FALSE
CD8,SP1,TNNI3,TNNC1,1,rejected_symbol_belongs_to_another_gene,FALSE
CD8,SPI1,PRG2,MBP,1,rejected_symbol_belongs_to_another_gene,FALSE
CD8,STAT1,KRT17,PC,1,rejected_symbol_belongs_to_another_gene,FALSE
CD8,STAT5A,CEL,LIPA,1,rejected_symbol_belongs_to_another_gene,FALSE
CD8,STAT5B,CEL,LIPA,1,rejected_symbol_belongs_to_another_gene,FALSE
CD8,TCF4,DEFA6,DEF6,1,rejected_symbol_belongs_to_another_gene,FALSE
CD8,TP53,ANTXR1,ATR,1,rejected_symbol_belongs_to_another_gene,FALSE
CD8,TWIST1,GDF15,PDF,1,rejected_symbol_belongs_to_another_gene,FALSE
CD8,TWIST2,GDF15,PDF,1,rejected_symbol_belongs_to_another_gene,FALSE
CD8,WT1,NR5A1,SF1,-1,rejected_symbol_belongs_to_another_gene,FALSE
CD8,YBX1,SLC6A4,HTT,-1,rejected_symbol_belongs_to_another_gene,FALSE
CD8,YY1,TDO2,TPH2,1,rejected_symbol_belongs_to_another_gene,FALSE
CD8,GLI1,AMH,MIF,-1,rejected_symbol_belongs_to_another_gene,FALSE
CD8,GLI1,ARTN,NBN,1,rejected_symbol_belongs_to_another_gene,FALSE
CD8,GLI1,FA2H,FAAH,1,rejected_symbol_belongs_to_another_gene,FALSE
CD8,GLI1,SMOC2,SMAP2,1,rejected_symbol_belongs_to_another_gene,FALSE
CD8,STAT3,SLPI,MPI,1,rejected_symbol_belongs_to_another_gene,TRUE
CD8,CTNNB1,DPEP1,MBD1,1,rejected_symbol_belongs_to_another_gene,FALSE
CD8,CTNNB1,KLF5,CKLF,1,rejected_symbol_belongs_to_another_gene,FALSE
CD8,CTNNB1,MYH2,MYPOP,1,rejected_symbol_belongs_to_another_gene,FALSE
CD8,CTNNB1,NPPC,CNP,1,rejected_symbol_belongs_to_another_gene,FALSE
CD8,CTNNB1,SLC7A8,LAT2,1,rejected_symbol_belongs_to_another_gene,FALSE
CD8,GLI2,KRT17,PC,1,rejected_symbol_belongs_to_another_gene,FALSE
CD8,GLI2,RNASE3,RAF1,-1,rejected_symbol_belongs_to_another_gene,FALSE
CD8,SREBF1,GLYAT,CAT,1,rejected_symbol_belongs_to_another_gene,FALSE
CD8,FOXO1,TDO2,TPH2,1,rejected_symbol_belongs_to_another_gene,FALSE
CD8,TCF7L2,MYH2,MYPOP,1,rejected_symbol_belongs_to_another_gene,FALSE
CD8,LEF1,NPPC,CNP,1,rejected_symbol_belongs_to_another_gene,FALSE
CD8,SMAD4,SELENOP,SELP,-1,rejected_symbol_belongs_to_another_gene,FALSE
CD8,STAT5A,KRT17,PC,1,rejected_symbol_belongs_to_another_gene,FALSE
CD8,STAT5A,SLPI,MPI,1,rejected_symbol_belongs_to_another_gene,FALSE
CD8,STAT5B,KRT17,PC,1,rejected_symbol_belongs_to_another_gene,FALSE
CD8,STAT5B,SLPI,MPI,1,rejected_symbol_belongs_to_another_gene,FALSE
CD8,THRB,MLXIPL,MLX,1,rejected_symbol_belongs_to_another_gene,FALSE
CD8,FEV,SLC6A4,HTT,1,rejected_symbol_belongs_to_another_gene,FALSE
CD8,PAX8,NKX2-1,TTF1,-1,rejected_symbol_belongs_to_another_gene,FALSE
CD8,MYBL2,SFTPA1,PSAP,1,rejected_symbol_belongs_to_another_gene,FALSE
CD8,USF2,GCK,GK,1,rejected_symbol_belongs_to_another_gene,FALSE
CD8,NKX6-3,GKN1,CA11,1,rejected_symbol_belongs_to_another_gene,FALSE
CD8,TSC22D1,NPPC,CNP,1,rejected_symbol_belongs_to_another_gene,FALSE
CD8,TCF21,NR5A1,SF1,-1,rejected_symbol_belongs_to_another_gene,FALSE
CD8,PRDM4,KLF5,CKLF,1,rejected_symbol_belongs_to_another_gene,FALSE
CD8,AHR,TDO2,TPH2,1,rejected_symbol_belongs_to_another_gene,FALSE
CD8,ESR1,TDO2,TPH2,1,rejected_symbol_belongs_to_another_gene,FALSE
CD8,MEF2C,MYH2,MYPOP,1,rejected_symbol_belongs_to_another_gene,FALSE
CD8,MEF2A,MYH2,MYPOP,1,rejected_symbol_belongs_to_another_gene,FALSE
CD8,MEF2D,MYH2,MYPOP,1,rejected_symbol_belongs_to_another_gene,FALSE
CD8,NR3C1,KLF5,CKLF,1,rejected_symbol_belongs_to_another_gene,FALSE
CD8,POU2F1,MYH2,MYPOP,1,rejected_symbol_belongs_to_another_gene,FALSE
CD8,ZNF804A,MGAM,MGA,-1,rejected_symbol_belongs_to_another_gene,FALSE
CD8,CEBPD,KLF5,CKLF,1,rejected_symbol_belongs_to_another_gene,FALSE
CD8,RELA,CCL15,SCYL3,1,rejected_symbol_belongs_to_another_gene,FALSE
CD8,NFKB1,CCL15,SCYL3,1,rejected_symbol_belongs_to_another_gene,TRUE
CD8,FOS,CCL15,SCYL3,1,rejected_symbol_belongs_to_another_gene,FALSE
CD8,JUN,CCL15,SCYL3,1,rejected_symbol_belongs_to_another_gene,FALSE
CD8,STAT6,CCL13,SCYL1,1,rejected_symbol_belongs_to_another_gene,FALSE
CD8,BCL6,CCL13,SCYL1,1,rejected_symbol_belongs_to_another_gene,FALSE
CD8,AHR,SLCO1B1,LST1,-1,rejected_symbol_belongs_to_another_gene,FALSE
CD8,BMAL1,NKX2-1,TTF1,-1,rejected_symbol_belongs_to_another_gene,FALSE
CD8,CEBPD,SFTPA1,PSAP,1,rejected_symbol_belongs_to_another_gene,FALSE
CD8,CLOCK,NKX2-1,TTF1,-1,rejected_symbol_belongs_to_another_gene,FALSE
CD8,ESR1,SLCO1B1,LST1,1,rejected_symbol_belongs_to_another_gene,FALSE
CD8,ESRRA,SFTPA2,PSAP,1,rejected_symbol_belongs_to_another_gene,FALSE
CD8,FOS,SFTPA1,PSAP,1,rejected_symbol_belongs_to_another_gene,FALSE
CD8,GATA4,TNNI3,TNNC1,1,rejected_symbol_belongs_to_another_gene,FALSE
CD8,GATA6,NKX2-1,TTF1,1,rejected_symbol_belongs_to_another_gene,FALSE
CD8,GLI1,NKX2-1,TTF1,1,rejected_symbol_belongs_to_another_gene,FALSE
CD8,HIF1A,KCNA5,HK2,-1,rejected_symbol_belongs_to_another_gene,TRUE
CD8,HOXB3,NKX2-1,TTF1,1,rejected_symbol_belongs_to_another_gene,FALSE
CD8,HSF1,KCNA5,HK2,1,rejected_symbol_belongs_to_another_gene,TRUE
CD8,HSF1,PDZD2,PIN1,1,rejected_symbol_belongs_to_another_gene,TRUE
CD8,JUN,KRT17,PC,1,rejected_symbol_belongs_to_another_gene,FALSE
CD8,MAFB,MMP12,MME,1,rejected_symbol_belongs_to_another_gene,FALSE
CD8,MAX,MLXIPL,MLX,1,rejected_symbol_belongs_to_another_gene,FALSE
CD8,MITF,MYL1,MLC1,1,rejected_symbol_belongs_to_another_gene,FALSE
CD8,MYB,SFTPA1,PSAP,1,rejected_symbol_belongs_to_another_gene,FALSE
CD8,NEUROG3,MYT1,MTF1,1,rejected_symbol_belongs_to_another_gene,FALSE
CD8,NCOA2,SFTPA1,PSAP,1,rejected_symbol_belongs_to_another_gene,FALSE
CD8,NFE2L2,SLPI,MPI,1,rejected_symbol_belongs_to_another_gene,FALSE
CD8,NKX2-1,SFTPA2,PSAP,1,rejected_symbol_belongs_to_another_gene,FALSE
CD8,NR1H2,GCK,GK,1,rejected_symbol_belongs_to_another_gene,FALSE
CD8,NR1I3,SLCO1B1,LST1,1,rejected_symbol_belongs_to_another_gene,FALSE
CD8,NR3C1,SFTPA1,PSAP,-1,rejected_symbol_belongs_to_another_gene,FALSE
CD8,NR3C2,PGF,PIGF,1,rejected_symbol_belongs_to_another_gene,FALSE
CD8,PAX6,NKX2-1,TTF1,1,rejected_symbol_belongs_to_another_gene,FALSE
CD8,PAX8,FOXE1,TTF2,1,rejected_symbol_belongs_to_another_gene,FALSE
CD8,PITX2,KRT17,PC,1,rejected_symbol_belongs_to_another_gene,FALSE
CD8,POU3F2,TDO2,TPH2,1,rejected_symbol_belongs_to_another_gene,FALSE
CD8,PPARG,MMP12,MME,-1,rejected_symbol_belongs_to_another_gene,FALSE
CD8,RELA,PGF,PIGF,1,rejected_symbol_belongs_to_another_gene,FALSE
CD8,RXRA,GCK,GK,1,rejected_symbol_belongs_to_another_gene,FALSE
CD8,SPIC,MMP12,MME,1,rejected_symbol_belongs_to_another_gene,FALSE
CD8,SREBF1,MLXIPL,MLX,1,rejected_symbol_belongs_to_another_gene,FALSE
CD8,USF1,SFTPA1,PSAP,1,rejected_symbol_belongs_to_another_gene,FALSE
CD8,JUN,AKR1B10,ARL1,1,rejected_symbol_belongs_to_another_gene,FALSE
CD8,RUNX2,SLPI,MPI,1,rejected_symbol_belongs_to_another_gene,FALSE
CD8,ESRRA,SFTPA1,PSAP,1,rejected_symbol_belongs_to_another_gene,FALSE
CD8,NKX2-2,PPY,PNP,1,rejected_symbol_belongs_to_another_gene,FALSE
CD8,MEF2C,CSRP3,LMO4,1,rejected_symbol_belongs_to_another_gene,FALSE
CD8,SOX2,NKX2-1,TTF1,1,rejected_symbol_belongs_to_another_gene,FALSE
CD8,TAL1,PTPRU,PTPRO,-1,rejected_symbol_belongs_to_another_gene,FALSE
CD8,PKNOX1,NR5A1,SF1,1,rejected_symbol_belongs_to_another_gene,FALSE
CD8,NFKB,CCL13,SCYL1,1,rejected_symbol_belongs_to_another_gene,FALSE
CD8,NFKB,HCRT,PPOX,1,rejected_symbol_belongs_to_another_gene,FALSE
CD8,AP1,MMP12,MME,1,rejected_symbol_belongs_to_another_gene,FALSE
CD8,AP1,GC,DBP,1,rejected_symbol_belongs_to_another_gene,FALSE
CD8,NFKB,AMH,MIF,1,rejected_symbol_belongs_to_another_gene,FALSE
CD8,NFKB,GDF15,PDF,1,rejected_symbol_belongs_to_another_gene,FALSE
CD8,AP1,CCL15,SCYL3,1,rejected_symbol_belongs_to_another_gene,FALSE
CD8,NFKB,CCL15,SCYL3,1,rejected_symbol_belongs_to_another_gene,FALSE
CD8,AP1,HCRT,PPOX,1,rejected_symbol_belongs_to_another_gene,FALSE
CD8,NFKB,NTN1,NET1,1,rejected_symbol_belongs_to_another_gene,FALSE
CD8,NFKB,TAC4,HK1,1,rejected_symbol_belongs_to_another_gene,FALSE
CD8,AP1,AKR1B10,ARL1,1,rejected_symbol_belongs_to_another_gene,FALSE
CD8,AP1,NKX2-1,TTF1,1,rejected_symbol_belongs_to_another_gene,FALSE
CD8,NFKB,RAPSN,FADS2,1,rejected_symbol_belongs_to_another_gene,FALSE
CD8,NFKB,KCNA4,HK1,1,rejected_symbol_belongs_to_another_gene,FALSE
CD8,AP1,TTR,TTN,1,rejected_symbol_belongs_to_another_gene,FALSE
