pathway_id,pathway_name,database,population,contrast,nes,enrichment_score,pvalue,padj,set_size,leading_edge_size,core_enrichment,direction,is_pooled_alias
GOCC_CYTOSOLIC_RIBOSOME,GOCC_CYTOSOLIC_RIBOSOME,GO_CC,CD8,SF_vs_PB_CD8,-3.65827075,-0.832281144,1.88891007e-45,1.60746247e-42,110,74,RPL28/RPLP1/RPL41/RPL24/RPS4Y1/RPS19/RPL14/ABCE1/RPL10/RPL7A/RPS15A/RPS2/RPS27/RPL37A/RPL35A/RPS24/RPS15/RPS25/RPS27A/RPL38/RPS21/RPL35/RPL23A/RPS7/RPL12/RPL30/RPL36/RPL8/UBA52/RPL23/RPS9/RPL18/RPS28/RPS14/RPS16/RPL15/RPLP0/RPL27A/RPL11/RPS20/RPS11/RPL27/RPL39/RPS3/RPS4X/RPL31/RPL34/RPS23/RPL6/RPL13/RPL9/RPL13A/RPL19/RPSA/RPL18A/RPL29/RPL21/RPS5/RPS12/RPL4/RPLP2/RPL37/RPL32/RPL10A/RPL5/RPS8/RPS18/RPS6/RPL7/RPL22/EEF1A1/RPS13/RPL3/RPS3A,down,FALSE
GOCC_RIBOSOMAL_SUBUNIT,GOCC_RIBOSOMAL_SUBUNIT,GO_CC,CD8,SF_vs_PB_CD8,-3.36222756,-0.716454966,9.80904333e-40,4.17374794e-37,170,90,RPL26/MRPS30/MRPS35/MRPS9/MRPL10/RPL36A/MRPL34/MRPS33/FAU/MRPS31/RPL17/RPS10/MRPS18B/MRPS2/RPL28/RPLP1/RPL41/MRPS27/RPL24/DAP3/RPS4Y1/RPS19/MRPL45/RPL14/RPL10/RPL7A/RPS15A/RPS2/NPM1/RPS27/RPL37A/RPL35A/RPS24/RPS15/RPS25/RPS27A/RPL38/RPS21/RPL35/RPL23A/RPS7/RPL12/RPL30/RPL36/RPL8/UBA52/RPL23/RPS9/RPL18/RPS28/RPS14/RPS16/RPL15/RPLP0/RPL27A/RPL11/RPS20/RPS11/RPL27/RPL39/RPS3/RPS4X/RPL31/RPL34/RPS23/RPL6/RPL13/RPL9/RPL13A/RPL19/RPSA/RPL18A/RPL29/RPL21/RPS5/RPS12/RPL4/RPLP2/RPL37/RPL32/RPL10A/RPL5/RPS8/RPS18/RPS6/RPL7/RPL22/RPS13/RPL3/RPS3A,down,FALSE
GOCC_RIBOSOME,GOCC_RIBOSOME,GO_CC,CD8,SF_vs_PB_CD8,-3.18815522,-0.660374299,2.05458313e-36,5.82816748e-34,213,99,RPL26/MRPS30/MRPS35/USP10/MRPS9/MRPL10/RPL36A/MRPL34/MRPS33/FXR1/FAU/MRPS31/RPL17/RPS10/MRPS18B/MRPS2/RPL28/RPLP1/RPL41/RPL22L1/MRPS27/RPL24/DAP3/RPS4Y1/RPS19/MRPL45/RPL14/ABCE1/SF1/RPL10/SERP1/RPL7A/RPS15A/RPS2/NPM1/RPS27/RPL37A/RPL35A/RPS24/RPS15/RPS25/RPS27A/RPL38/RPS21/RPL35/APEX1/RPL23A/RPS7/RPL12/RPL30/RPL36/RPL8/UBA52/RPL23/RPS9/RPL18/RPS28/RPS14/RPS16/RPL15/RPLP0/RPL27A/RPL11/RPS20/EEF2/RPS11/RPL27/RPL39/RPS3/RPS4X/RPL31/RPL34/RPS23/RPL6/RPL13/RPL9/RPL13A/RPL19/RPSA/RPL18A/RPL29/RPL21/RPS5/RPS12/RPL4/RPLP2/RPL37/RPL32/RPL10A/RPL5/RPS8/RPS18/RPS6/RPL7/RPL22/EEF1A1/RPS13/RPL3/RPS3A,down,FALSE
GOCC_CYTOSOLIC_LARGE_RIBOSOMAL_SUBUNIT,GOCC_CYTOSOLIC_LARGE_RIBOSOMAL_SUBUNIT,GO_CC,CD8,SF_vs_PB_CD8,-3.39742834,-0.887951114,1.3614453699999998e-29,2.8964750200000002e-27,52,44,RPL28/RPLP1/RPL41/RPL24/RPL14/RPL10/RPL7A/RPL37A/RPL35A/RPL38/RPL35/RPL23A/RPL12/RPL30/RPL36/RPL8/UBA52/RPL23/RPL18/RPL15/RPLP0/RPL27A/RPL11/RPL27/RPL39/RPL31/RPL34/RPL6/RPL13/RPL9/RPL13A/RPL19/RPL18A/RPL29/RPL21/RPL4/RPLP2/RPL37/RPL32/RPL10A/RPL5/RPL7/RPL22/RPL3,down,FALSE
GOCC_LARGE_RIBOSOMAL_SUBUNIT,GOCC_LARGE_RIBOSOMAL_SUBUNIT,GO_CC,CD8,SF_vs_PB_CD8,-3.02692267,-0.695713629,2.8437935e-22,4.84013653e-20,103,46,RPL28/RPLP1/RPL41/RPL24/MRPL45/RPL14/RPL10/RPL7A/NPM1/RPL37A/RPL35A/RPL38/RPL35/RPL23A/RPL12/RPL30/RPL36/RPL8/UBA52/RPL23/RPL18/RPL15/RPLP0/RPL27A/RPL11/RPL27/RPL39/RPL31/RPL34/RPL6/RPL13/RPL9/RPL13A/RPL19/RPL18A/RPL29/RPL21/RPL4/RPLP2/RPL37/RPL32/RPL10A/RPL5/RPL7/RPL22/RPL3,down,FALSE
GOCC_CYTOSOLIC_SMALL_RIBOSOMAL_SUBUNIT,GOCC_CYTOSOLIC_SMALL_RIBOSOMAL_SUBUNIT,GO_CC,CD8,SF_vs_PB_CD8,-3.15701856,-0.88474812,7.63403656e-21,1.0827608499999999e-18,38,30,FAU/RPS10/RPS4Y1/RPS19/RPS15A/RPS2/RPS27/RPS24/RPS15/RPS25/RPS27A/RPS21/RPS7/RPS9/RPS28/RPS14/RPS16/RPS20/RPS11/RPS3/RPS4X/RPS23/RPSA/RPS5/RPS12/RPS8/RPS18/RPS6/RPS13/RPS3A,down,FALSE
GOCC_SMALL_RIBOSOMAL_SUBUNIT,GOCC_SMALL_RIBOSOMAL_SUBUNIT,GO_CC,CD8,SF_vs_PB_CD8,-3.06877432,-0.756056303,6.002424110000001e-20,7.297232739999999e-18,70,39,MRPS35/MRPS9/MRPS33/FAU/MRPS31/RPS10/MRPS18B/MRPS2/MRPS27/DAP3/RPS4Y1/RPS19/RPS15A/RPS2/NPM1/RPS27/RPS24/RPS15/RPS25/RPS27A/RPS21/RPS7/RPS9/RPS28/RPS14/RPS16/RPS20/RPS11/RPS3/RPS4X/RPS23/RPSA/RPS5/RPS12/RPS8/RPS18/RPS6/RPS13/RPS3A,down,FALSE
GOCC_PRERIBOSOME,GOCC_PRERIBOSOME,GO_CC,CD8,SF_vs_PB_CD8,-2.74007726,-0.634807838,2.5684623500000003e-15,2.73220182e-13,98,48,NGDN/ZNF622/IMP4/RIOK2/NAT10/WDR3/UTP14A/EMG1/NOC2L/WDR75/MAK16/MRTO4/XRCC5/WDR36/RRP1B/NOL11/PWP2/UTP23/NOB1/NOP56/PNO1/IMP3/RCL1/WDR12/NSA2/WDR74/RPS19/RPS15A/RRS1/RPS27/WDR43/RPS24/RPS27A/RPS7/RPS9/RPS28/RPS14/RPS16/RPS11/RPS4X/RPS23/FBL/RPS5/RPS12/RPS8/RPS6/RPS13/RPS3A,down,FALSE
GOCC_SMALL_SUBUNIT_PROCESSOME,GOCC_SMALL_SUBUNIT_PROCESSOME,GO_CC,CD8,SF_vs_PB_CD8,-2.75743551,-0.683219108,2.07165629e-13,1.95886612e-11,68,30,XRCC5/WDR36/NOL11/PWP2/UTP23/NOP56/PNO1/IMP3/RCL1/RPS19/RPS15A/RPS27/WDR43/RPS24/RPS27A/RPS7/RPS9/RPS28/RPS14/RPS16/RPS11/RPS4X/RPS23/FBL/RPS5/RPS12/RPS8/RPS6/RPS13/RPS3A,down,FALSE
GOCC_MICROTUBULE,GOCC_MICROTUBULE,GO_CC,CD8,SF_vs_PB_CD8,2.03420251,0.43809749,1.67218555e-11,1.4230299e-9,334,133,KATNAL1/MX1/KIF20B/MAP4/NME7/CKAP2/TPPP/IQGAP1/TUBB6/TBCD/TBCB/EML2/DPYSL2/DYNLL1/KIF3C/KIF11/RACGAP1/DCTN2/FAM110C/KIFC1/ARHGAP18/RUSC1/RAB11A/SKA2/DYNLRB1/CDK1/KIF1C/MAP2K2/REEP4/KIF3A/CEP170B/MT3/CDK2AP2/PARP4/ARL3/JAKMIP1/PBXIP1/DYNC1I2/CHMP2A/PRC1/DNM2/TPGS2/TTL/PDE4DIP/CENPE/ENKD1/TUBG1/CYLD/DYNC2H1/MAP1S/TUBA1A/CAMSAP1/KIF21A/MAP1A/NUSAP1/SNTB2/CALM2/KIFC2/PSRC1/DYNC1H1/CNP/RCC2/TCP11L1/GOLGA2/KIF18B/AURKA/TUBA1C/TUBB4B/LUZP1/KIF18A/TUBA4A/DYNC1LI2/DYNC1LI1/CLTC/KIF23/BCL2L11/KNTC1/EML3/NDRG1/NINL/CHMP4A/WDR47/FAM110A/RIBC2/TUBB2A/KATNB1/KIF14/ASPM/IQGAP2/GABARAPL1/GAS2L1/WDR90/NUMA1/CHMP1A/SKA3/TPX2/CDK5RAP2/KATNA1/KIF24/CKAP5/KIF5A/TUBGCP5/TUBA1B/TTLL7/CLASP1/KIF21B/CHMP5/KIF5B/KLC2/PAFAH1B1/CHMP3/KIF3B/AKNA/KIF1B/SPAG5/KANSL3/SKA1/NEK2/FAM161A/TTLL4/KIF22/KNSTRN/GTSE1/DYNLT1/DYNLT3/KIF4A/TPPP3/KIF13B/CLIP1/GAS2L3/KLHL21/STIM1/SARM1,up,FALSE
GOCC_MHC_CLASS_II_PROTEIN_COMPLEX,GOCC_MHC_CLASS_II_PROTEIN_COMPLEX,GO_CC,CD8,SF_vs_PB_CD8,2.46201691,0.921674366,8.7892272e-11,6.79966577e-9,15,12,CD74/HLA-DQA2/HLA-DQB2/HLA-DMA/HLA-DRA/HLA-DMB/HLA-DRB5/HLA-DRB1/HLA-DQA1/HLA-DPA1/HLA-DQB1/HLA-DPB1,up,FALSE
GOCC_SPINDLE,GOCC_SPINDLE,GO_CC,CD8,SF_vs_PB_CD8,1.89703014,0.405851261,2.90051987e-9,2.05695201e-7,359,161,CAPG/KATNAL1/KIF20B/MAP4/NME7/CKAP2/TPPP/ECT2/TUBB6/EML2/CRMP1/DYNLL1/KIF11/RACGAP1/PMF1/FAM110C/KIFC1/SMC6/PLK3/RAB11A/SKA2/WNK1/CDK1/GPSM2/CNTRL/KIF3A/PARP4/ARL3/CEP89/CEP85/CHMP2A/PRC1/TBL1X/MAD2L2/TTL/CENPE/ENKD1/TUBG1/SAC3D1/CYLD/MAP1S/CKAP2L/CAMSAP1/AKT1/ARL8A/NUSAP1/BUB1B/CALM2/PSRC1/RAB11FIP4/MAP7D1/MAPK1/ALMS1/RCC2/MYH9/GOLGA2/KIF18B/GEM/AURKA/DIAPH1/YEATS2/TUBB4B/LUZP1/SMC3/KIF18A/DYNC1LI1/CLTC/KIF23/FBXO5/YPEL5/KNTC1/EML3/CENPF/CHMP4A/IKBKG/PPP2CB/FAM110A/RANGAP1/TUBB2A/RIF1/INPPL1/ESPL1/KATNB1/KIF14/MAP7D3/MAD2L1/ASPM/TBL1XR1/CDCA8/NCOR1/NUMA1/CHMP1A/SKA3/TPX2/CDK5RAP2/KATNA1/CKAP5/GIT1/TUBGCP5/CLASP1/CHMP5/KAT2B/PAFAH1B1/CHMP3/KIF3B/PKP4/SPAG5/KANSL3/HSPA2/CEP128/SKA1/MAK/CBX3/NEK2/FAM161A/KIF22/KNSTRN/TTK/SMC1A/DYNLT1/DYNLT3/WDR62/KIF4A/DIAPH3/WDR5/KLHL21/NR3C1/UBXN2B/CSPP1/LEMD2/ZWILCH/EML4/LIMK2/CDC7/DCTN1/SHCBP1/TMEM201/RAD21/PIN4/RALBP1/MAPRE1/SPIN1/KIF2C/HAUS2/CEP104/CEP350/DSN1/KIF15/DCUN1D5/DR1/CEP250/NUP85/CALM3/CUL3/FLCN/AURKB/INCENP/AUNIP/INO80/POC1A/DDX11,up,FALSE
GOCC_CELL_LEADING_EDGE,GOCC_CELL_LEADING_EDGE,GO_CC,CD8,SF_vs_PB_CD8,1.89520122,0.412333427,5.12371579e-9,3.35406318e-7,302,128,CAPG/S100A11/VIM/PLEKHO1/MYO1C/CD44/KCNN4/SAMSN1/ANKRD28/PDE4A/EZR/S100A6/IQGAP1/FRMD4B/CIB1/PSTPIP1/PDLIM7/ILK/LIMK1/AKAP5/RAC1/SH3BGRL3/CTNNA1/RHOA/CORO1B/MYO5A/ARHGAP18/RNH1/CTTNBP2NL/SRGAP2/TESK1/TIAM2/LAYN/ITGB1BP1/MYADM/TNFRSF12A/STX2/GSN/DUSP22/PPP6R1/TWF2/FSCN1/DOCK8/TUBG1/ROCK1/ITGB1/PTPRJ/NRBP1/PHPT1/DAG1/PDLIM4/TLN1/CCDC88A/AKT1/SSH1/PIEZO1/GNAS/VEZT/MYO9B/ARHGAP31/FAM89B/SLK/WIPF1/MYH9/ADORA2A/NHS/PSD4/PARVB/DIAPH1/CFL1/ADAM17/KIF18A/CORO1C/EPS8L2/ARF6/MTSS1/PIP5K1C/KSR1/INPP5E/PAK1/SYNE2/WASF2/FGD2/INPPL1/IQGAP2/ACTG2/PLCG2/GIT1/RAB13/RAB3IP/PAFAH1B1/ARAP3/PARD6A/ABL1/ARPC2/KLHL2/EPB41L3/SCRIB/SLC39A6/KNSTRN/PTK2B/RAC3/CLIP1/ATP6V1B2/CDK6/ARAP1/SRC/APBB1/HCN2/RAB22A/DCTN1/ARPC5/STX4/PPP1R9B/HDAC6/APPL2/IFIT5/PIK3CA/RAB34/SNX9/RASA1/ITGAV/SPATA13/RAB5A/RAPH1/NF2/MYO1D/TMEM87A,up,FALSE
GOCC_MITOTIC_SPINDLE,GOCC_MITOTIC_SPINDLE,GO_CC,CD8,SF_vs_PB_CD8,2.10811113,0.498768242,6.57406749e-9,3.99609388e-7,146,65,CAPG/KATNAL1/KIF20B/MAP4/CKAP2/TPPP/ECT2/TUBB6/EML2/DYNLL1/KIF11/RACGAP1/KIFC1/SMC6/WNK1/CDK1/GPSM2/CNTRL/PRC1/TBL1X/CENPE/TUBG1/MAP1S/CKAP2L/CAMSAP1/NUSAP1/MAPK1/RCC2/GOLGA2/KIF18B/GEM/AURKA/DIAPH1/YEATS2/TUBB4B/SMC3/KIF18A/CLTC/KIF23/YPEL5/EML3/IKBKG/TUBB2A/ESPL1/MAD2L1/ASPM/TBL1XR1/NCOR1/NUMA1/SKA3/TPX2/CDK5RAP2/KATNA1/GIT1/CLASP1/KAT2B/PKP4/SPAG5/SKA1/MAK/FAM161A/KIF22/KNSTRN/SMC1A/DYNLT3,up,FALSE
GOCC_MHC_PROTEIN_COMPLEX,GOCC_MHC_PROTEIN_COMPLEX,GO_CC,CD8,SF_vs_PB_CD8,2.40695505,0.807855524,2.25474879e-8,1.27919415e-6,23,12,CD74/HLA-DQA2/HLA-DQB2/HLA-DMA/HLA-DRA/HLA-DMB/HLA-DRB5/HLA-DRB1/HLA-DQA1/HLA-DPA1/HLA-DQB1/HLA-DPB1,up,FALSE
GOCC_CONDENSED_CHROMOSOME,GOCC_CONDENSED_CHROMOSOME,GO_CC,CD8,SF_vs_PB_CD8,1.93864751,0.433222815,2.64550308e-8,1.40707695e-6,233,114,SMC4/NDC80/DYNLL1/PSEN1/DCTN2/PMF1/SMC6/PLK3/NCAPH/SKA2/NCAPG/BRCA2/NCAPH2/RASSF2/CHMP2A/STAG3/TTN/CENPE/TUBG1/TUBA1A/HMGB1/CENPB/UBE2I/BUB1B/TOP2A/CTCF/PSMC3IP/CDK2/SMARCD2/CENPM/AURKA/SPC25/SMC3/KIF18A/DYNC1LI2/DYNC1LI1/SMC2/CDCA2/ERCC6L/KNTC1/CENPF/CHMP4A/MLH1/CENPU/RANGAP1/RIF1/CHEK1/HJURP/MAD2L1/CHMP1A/SKA3/CKAP5/CLASP1/HMGB2/CHMP5/KAT2B/SYCE2/PAFAH1B1/CHMP3/SPAG5/HSPA2/SKA1/PHF10/CBX3/NEK2/BUB3/RAD51/PPP1R12A/KIF22/KNSTRN/TTK/CENPW/SMC1A/DYNLT3/SYCP2/BRCA1/CLIP1/ARID2/NCAPD3/CENPL/BAZ1B/ACTL6A/CENPH/CENPA/ZWILCH/ZWINT/DCTN1/RAD21/MEAF6/PBRM1/REC8/KIF2C/CENPO/LRWD1/SMARCC1/CENPT/DSN1/TP53BP1/DCTN5/NUP85/MKI67/SMARCA4/AURKB/FANCD2/INCENP/SUGT1/SMARCE1/SPC24/SS18L1/NCAPG2/CEBPB/SYCE3/DMC1/SIN3A,up,FALSE
GOCC_MIDBODY,GOCC_MIDBODY,GO_CC,CD8,SF_vs_PB_CD8,2.04502201,0.479156412,3.27998873e-8,1.64192377e-6,158,64,CAPG/ANXA2/KIF20B/IQGAP1/MICAL1/ECT2/CRMP1/RACGAP1/TACC1/RHOA/RALB/CDK1/SLC2A1/SH3GLB1/CNTRL/ARL3/CHMP2A/PRC1/DNM2/SSNA1/CENPE/CYLD/CCDC124/GNAI2/TSG101/RALA/PITPNM1/SSH1/ARL8A/PSRC1/RAB11FIP4/MAP7D1/C6orf89/MARK4/GNAI3/RCC2/GEM/PIN1/AURKA/TRIOBP/LUZP1/ARF6/ANLN/KIF23/YPEL5/EML3/CENPF/CHMP4A/KATNB1/KIF14/ASPM/CDCA8/CHMP1A/KATNA1/CHMP5/EXOC5/CHMP3/PKP4/SPAG5/MAK/NEK2/KIF4A/CLIC4/CEP55,up,FALSE
GOCC_TRANSPORT_VESICLE,GOCC_TRANSPORT_VESICLE,GO_CC,CD8,SF_vs_PB_CD8,1.8104996,0.392305241,1.58721713e-7,7.50400989e-6,314,93,CD74/HLA-DQA2/STX1A/HLA-DQB2/SLC2A8/AP1S1/AP2B1/RABAC1/PTPRN2/RAB1B/HLA-DRA/PSEN1/HLA-DRB5/HLA-DRB1/GOLIM4/HLA-DQA1/ZNRF1/ATP2B1/HLA-DPA1/RAB27A/SREBF2/RAC1/HLA-DQB1/AP4M1/RAB11A/ROGDI/HLA-DPB1/KDELR3/SURF4/PSMD8/SYNGR3/STX7/MT3/PSMA7/CEACAM1/MYOF/YIPF3/MCTP1/PSMC1/SYT11/PSMB6/PPT1/AP1G2/DNAJC5/ITPR3/SNTB2/GNAS/PSMC3/CNIH2/SLC4A8/ITPR1/PLIN3/PDE4B/YIPF1/FGFRL1/AP3S1/PICALM/ADRM1/RAB10/COPE/CLTC/GIPC1/TPRG1L/PSMC2/PSMB3/SYTL3/HLA-G/ATP6V1E1/PAM/PSMD14/PSMA6/SPRED2/SNCA/ATP13A2/PSMD1/PSMD7/RAB13/OTOF/KIF1B/ANKRD27/SLC17A5/ARPC2/HLA-A/SNAPIN/PSMB1/PSMB7/AP2A1/STX5/HCK/CLTB/TMED7/VAMP1/RAB40C,up,FALSE
GOCC_LAMELLIPODIUM,GOCC_LAMELLIPODIUM,GO_CC,CD8,SF_vs_PB_CD8,1.98466879,0.466417081,2.97835985e-7,1.3339917e-5,154,58,CAPG/CD44/ANKRD28/CIB1/PSTPIP1/ILK/LIMK1/RAC1/CTNNA1/RHOA/CORO1B/RNH1/CTTNBP2NL/SRGAP2/TESK1/TIAM2/ITGB1BP1/STX2/GSN/DUSP22/PPP6R1/TWF2/FSCN1/DOCK8/ROCK1/ITGB1/NRBP1/PHPT1/DAG1/PDLIM4/CCDC88A/AKT1/SSH1/PIEZO1/MYO9B/ARHGAP31/FAM89B/NHS/PARVB/CFL1/CORO1C/PAK1/SYNE2/WASF2/FGD2/INPPL1/IQGAP2/ACTG2/GIT1/RAB13/RAB3IP/ARAP3/ARPC2/KLHL2/SCRIB/SLC39A6/PTK2B/RAC3,up,FALSE
GOCC_CONDENSED_CHROMOSOME_CENTROMERIC_REGION,GOCC_CONDENSED_CHROMOSOME_CENTROMERIC_REGION,GO_CC,CD8,SF_vs_PB_CD8,1.95938357,0.45841218,6.7720881e-7,2.88152349e-5,160,82,NDC80/DYNLL1/PSEN1/DCTN2/PMF1/PLK3/SKA2/NCAPG/RASSF2/CHMP2A/CENPE/CENPB/BUB1B/SMARCD2/CENPM/AURKA/SPC25/KIF18A/DYNC1LI2/DYNC1LI1/ERCC6L/KNTC1/CENPF/CHMP4A/CENPU/RANGAP1/HJURP/MAD2L1/CHMP1A/SKA3/CKAP5/CLASP1/CHMP5/KAT2B/PAFAH1B1/CHMP3/SPAG5/SKA1/PHF10/CBX3/NEK2/BUB3/PPP1R12A/KIF22/KNSTRN/TTK/CENPW/SMC1A/DYNLT3/SYCP2/CLIP1/ARID2/NCAPD3/CENPL/ACTL6A/CENPH/CENPA/ZWILCH/ZWINT/DCTN1/MEAF6/PBRM1/REC8/KIF2C/CENPO/LRWD1/SMARCC1/CENPT/DSN1/TP53BP1/DCTN5/NUP85/SMARCA4/AURKB/INCENP/SUGT1/SMARCE1/SPC24/SS18L1/CEBPB/SIN3A/BUB1,up,FALSE
GOCC_LATE_ENDOSOME,GOCC_LATE_ENDOSOME,GO_CC,CD8,SF_vs_PB_CD8,1.77070669,0.392191961,1.10391032e-6,4.47346517e-5,253,105,CD74/ANXA2/HLA-DQA2/NDFIP2/HLA-DQB2/NOTCH1/CD68/SLC1A1/HLA-DMA/TCIRG1/HLA-DRA/HLA-DMB/HLA-DRB5/HLA-DRB1/HLA-DQA1/LDLR/HLA-DPA1/RAB27A/SLA2/F2R/HLA-DQB1/MYO5A/ANKRD13D/UBE2A/RAB11A/HLA-DPB1/LAMTOR5/MAPK3/MAP2K2/STX7/RHOB/CTSL/CD63/MYOF/CHMP2A/LAMP3/PRKAR1A/TSG101/ARL8A/PRKAR1B/TPCN2/ATG9A/MICALL1/MAPK1/VPS35/MCOLN2/YIPF1/HTT/SCARB2/KCNK6/GRN/DYNC1LI2/RAPGEF2/LAMP2/HLA-DOA/OSBPL11/MREG/CHMP4A/VAMP8/HGS/ABHD6/ATP13A3/CHMP1A/ATP13A2/CHMP5/CHMP3/ANKRD27/VPS29/CCZ1B/PLEKHM1/VPS28/IFITM3/RASGEF1B/SLC31A1/ARAP1/AP5B1/SRC/VPS33A/RAB22A/MCOLN1/VPS37C/HDAC6/MFSD12/KCMF1/RAB31/BAIAP3/SQSTM1/FYCO1/LAMP1/SLC9A9/CD1E/TICAM2/ABCA3/ZFYVE26/VIPAS39/VOPP1/MVB12A/RAB27B/MAP2K1/SPPL2A/SLC38A9/LAPTM4A/UBXN6/IFITM2/SLC11A1,up,FALSE
GOCC_CHROMOSOME_CENTROMERIC_REGION,GOCC_CHROMOSOME_CENTROMERIC_REGION,GO_CC,CD8,SF_vs_PB_CD8,1.85271178,0.416658262,1.20793792e-6,4.57227208e-5,220,103,SMC4/NDC80/DYNLL1/PSEN1/DCTN2/PMF1/SMC6/PLK3/SKA2/NCAPG/RASSF2/CHMP2A/STAG3/CENPE/CENPB/BUB1B/TOP2A/CTCF/ESCO2/SMARCD2/CENPM/RCC2/AURKA/SPC25/EZH2/LUZP1/SMC3/KIF18A/DYNC1LI2/DYNC1LI1/ERCC6L/KNTC1/UHRF2/CENPF/CHMP4A/PPP2CB/CENPU/RANGAP1/HJURP/MAD2L1/CDCA8/CHMP1A/SKA3/CKAP5/CLASP1/CHMP5/KAT2B/FMR1/PAFAH1B1/CHMP3/SPAG5/SKA1/PHF10/HELLS/MIS18BP1/CBX3/NEK2/CDCA5/BUB3/PPP1R12A/KIF22/KNSTRN/TTK/CENPW/SMC1A/DYNLT3/SYCP2/CLIP1/ARID2/NCAPD3/CENPL/BAZ1B/ACTL6A/CHRAC1/CENPH/PPP2R5A/CENPA/ZWILCH/ZWINT/DCTN1/RAD21/MEAF6/PBRM1/REC8/KIF2C/CENPO/LRWD1/SMARCC1/CENPT/DSN1/TP53BP1/DCTN5/NUP85/SMARCA4/AURKB/INCENP/SUGT1/SMARCE1/SPC24/SS18L1/CEBPB/SIN3A/PDS5A,up,FALSE
GOCC_EARLY_ENDOSOME,GOCC_EARLY_ENDOSOME,GO_CC,CD8,SF_vs_PB_CD8,1.72109845,0.371534026,1.23574921e-6,4.57227208e-5,326,129,ANXA2/GGA2/ZFYVE28/AP1S1/SLC1A1/EHD4/SAMD9L/LDLRAD4/HLA-DRA/PSEN1/TBC1D2B/SNX8/LDLR/ANXA1/RAC1/F2R/ECE1/MYO5A/KIFC1/AP4M1/RUSC1/EPS15/BLOC1S1/MAPK3/MAP2K2/STX7/RHOB/TOLLIP/NIPA1/RAB38/PML/TRIM3/LAMP3/DTX3L/HYAL3/HMGB1/PDLIM4/TSG101/MICALL1/PMEPA1/MAPK1/RCC2/RAB21/VPS35/TMEM127/HTT/RUFY1/RAPGEF1/AP3S1/PICALM/DNAJC13/GRIPAP1/HAVCR2/KIR2DL4/ARF6/VAMP8/WASF2/HLA-G/FGD2/HGS/CLEC10A/ATP13A3/VPS26A/ATP11B/ARRDC3/VCAM1/NTRK2/CHMP1A/LLGL1/GPNMB/RABGAP1L/TMEM63B/NUMB/TFRC/CHMP3/F8A1/ANKRD27/CMTM6/VPS29/HLA-A/CD8B/RFTN1/MGRN1/PLD4/VPS28/ATP11A/FCGR1A/IFITM3/TRAK1/RPS6KC1/RASGEF1B/SLC31A1/ARAP1/CACFD1/RAB4B/CAV1/PI4K2B/PI4K2A/TOM1/SIAH2/TBC1D16/SNX30/VPS33A/RAB22A/PPP1R21/FKBP15/RAB5C/SNX20/APPL2/GGA3/RAB31/RAB5A/GPR107/BAIAP3/NF2/MYO1D/STAMBP/SLC9A9/INPP5F/CD1E/TICAM2/ZFYVE26/STAM/TICAM1/EPHA4/ATP6V0D1/VIPAS39/SLC2A13/ALS2,up,FALSE
GOCC_EUKARYOTIC_TRANSLATION_INITIATION_FACTOR_3_COMPLEX,GOCC_EUKARYOTIC_TRANSLATION_INITIATION_FACTOR_3_COMPLEX,GO_CC,CD8,SF_vs_PB_CD8,-2.27964028,-0.798289592,2.48853766e-6,8.82393979e-5,16,8,EIF3G/EIF3D/EIF3K/EIF3M/EIF3F/EIF3H/EIF3E/EIF3L,down,FALSE
GOCC_CELL_CORTEX,GOCC_CELL_CORTEX,GO_CC,CD8,SF_vs_PB_CD8,1.80861627,0.406741576,4.25462267e-6,1.44827356e-4,220,74,MYO1C/ACTN4/CRIP2/MYO7A/EZR/IQGAP1/HIP1/ECT2/TBCB/CTSZ/COTL1/PSEN1/RASAL3/ILK/RYR1/RAC1/FAM110C/RHOA/FMNL1/SPTBN5/ENO2/GPSM2/AKAP13/MYL12B/SLC2A1/RIMS3/MYADM/IQGAP3/GSN/ENO1/ACTR1A/CLIC5/CEP85/DMTN/FSCN1/TPM4/PDE4DIP/LASP1/MPP7/NRBP1/MELK/CAPZA2/KIF21A/AKT1/PIEZO1/RTKN/NSMF/MYO9B/DYNC1H1/MYH9/PARD6G/CFL1/CORO1C/TRIP10/RAB10/ARF6/ANLN/GIPC1/CAP1/FAM110A/MPP1/STIL/IQGAP2/GPSM1/SAPCD2/RIC8A/NUMA1/SNCA/LLGL1/CLASP1/TRAF2/EXOC5/PAFAH1B1/PARD6A,up,FALSE
GOCC_PRESYNAPTIC_MEMBRANE,GOCC_PRESYNAPTIC_MEMBRANE,GO_CC,CD8,SF_vs_PB_CD8,2.10254308,0.563929852,4.54664568e-6,1.48815211e-4,66,43,STX1A/AP2B1/ATP2B4/PSEN1/ITGA3/RGS9/ATP2B1/RAC1/RIMS3/STX2/LPAR2/CASK/SYT11/C1QA/FBXO45/PSENEN/SLC4A8/GNB5/ADORA2A/PICALM/GRIPAP1/RAB3GAP2/ZNRF2/STX11/C1QC/OTOF/FMR1/GRM2/KCTD12/SCRIB/CHRNA5/CLTB/VAMP1/NAPA/PI4K2A/NPTN/SYAP1/AP2M1/EPHA4/P2RX1/KCNC4/DENND1A/CLTA,up,FALSE
GOCC_MICROTUBULE_ASSOCIATED_COMPLEX,GOCC_MICROTUBULE_ASSOCIATED_COMPLEX,GO_CC,CD8,SF_vs_PB_CD8,1.97670729,0.48565438,5.0895067899999996e-06,1.60413714e-4,112,58,KATNAL1/KIF20B/MAP4/EML2/DYNLL1/KIF3C/KIF11/DCTN2/KIFC1/PEA15/DYNLRB1/SPTBN5/KIF1C/KIF3A/ACTR1A/DYNC1I2/DYNC2H1/MAP1S/KIF21A/MAP1A/KIFC2/DYNC1H1/KIF18B/AURKA/KIF18A/DYNC1LI2/DYNC1LI1/KIF23/KATNB1/KIF14/ACTR1B/CDCA8/KATNA1/KIF5A/KIF21B/KIF5B/KLC2/PAFAH1B1/KIF3B/KIF1B/KIF22/DYNLT1/DYNLT3/KIF4A/KIF13B/DNAL1/DCTN1/STAU1/KIF2C/HAUS2/HDAC6/RANBP9/GABARAP/KIF15/DCTN5/AURKB/INCENP/ACTR10,up,FALSE
GOCC_ADHERENS_JUNCTION,GOCC_ADHERENS_JUNCTION,GO_CC,CD8,SF_vs_PB_CD8,1.93509432,0.473680238,6.43867664e-6,1.95689779e-4,115,37,S100A11/ANXA2/NOTCH1/EZR/EHD4/FRMD4B/SMAD7/TBCD/AHI1/PDLIM7/CYTH2/ANXA1/CTNNA1/ZYX/PDLIM1/CEACAM1/BMPR2/TNK2/DLG3/FRMD4A/MPP7/DAG1/PDLIM4/TLN1/TMOD3/PDZD11/VEZT/MICALL1/MYH9/MSN/RAB10/EFNA5/PIP5K1C/PVR/CDC42EP4/NDRG1/CDCA3,up,FALSE
GOCC_CLATHRIN_COATED_ENDOCYTIC_VESICLE_MEMBRANE,GOCC_CLATHRIN_COATED_ENDOCYTIC_VESICLE_MEMBRANE,GO_CC,CD8,SF_vs_PB_CD8,2.07639372,0.597180753,1.08313082e-5,3.17842873e-4,46,16,CD74/HLA-DQA2/HLA-DQB2/SLC2A8/AP2B1/CD9/HLA-DRA/HLA-DRB5/HLA-DRB1/HLA-DQA1/LDLR/HLA-DPA1/HLA-DQB1/RAB35/EPS15/HLA-DPB1,up,FALSE
GOCC_FICOLIN_1_RICH_GRANULE,GOCC_FICOLIN_1_RICH_GRANULE,GO_CC,CD8,SF_vs_PB_CD8,1.81041426,0.425163471,1.16897875e-5,3.31600305e-4,155,58,CD58/CTSB/PLEKHO2/LGALS3/MVP/CTSD/CAB39/PTPRN2/DYNLL1/NBEAL2/TCIRG1/CTSZ/PKM/COTL1/QPCT/HSPA1A/RAC1/CSTB/RHOA/CD93/IMPDH1/GSN/TIMP2/APAF1/A1BG/PGAM1/FGL2/PRDX4/CAPN1/HMGB1/ARL8A/PSMC3/CSNK2B/MAPK1/PFKL/GUSB/PGM1/DIAPH1/LAMP2/DYNC1LI1/IDH1/ITGAX/PSMC2/YPEL5/MIF/GPI/PSMD14/PAFAH1B2/ACTR1B/PSMD7/ADAM8/CANT1/UBR4/CDK13/NCKAP1L/PSMB1/PSMB7/GYG1,up,FALSE
GOCC_CLATHRIN_COATED_VESICLE,GOCC_CLATHRIN_COATED_VESICLE,GO_CC,CD8,SF_vs_PB_CD8,1.79132482,0.420979309,2.06505519e-5,5.66890958e-4,154,37,CD74/HLA-DQA2/GGA2/HLA-DQB2/SLC2A8/AP1S1/AP2B1/CD9/GAS7/HIP1/HLA-DRA/HLA-DRB5/HLA-DRB1/HLA-DQA1/LDLR/HLA-DPA1/RAB27A/ECE1/HLA-DQB1/RAB35/AP4M1/EPS15/DENND1B/HLA-DPB1/TNK2/DNM2/SYT11/CTLA4/AP1G2/DNAJC5/WIPI1/SCARB2/PICALM/ATP6V0B/CLTC/VAMP8/ATP6V1E1,up,FALSE
GOCC_RUFFLE,GOCC_RUFFLE,GO_CC,CD8,SF_vs_PB_CD8,1.8023154,0.426418545,2.24016551e-5,5.95744016e-4,146,46,CAPG/S100A11/PLEKHO1/MYO1C/KCNN4/SAMSN1/PDE4A/EZR/S100A6/IQGAP1/FRMD4B/CIB1/PDLIM7/RAC1/SH3BGRL3/RHOA/MYO5A/ARHGAP18/LAYN/ITGB1BP1/MYADM/TNFRSF12A/FSCN1/ROCK1/ITGB1/PTPRJ/TLN1/GNAS/MYO9B/WIPF1/MYH9/PSD4/DIAPH1/CFL1/ADAM17/KIF18A/CORO1C/EPS8L2/ARF6/MTSS1/PIP5K1C/KSR1/INPP5E/PAK1/WASF2/FGD2,up,FALSE
GOCC_CHROMOSOMAL_REGION,GOCC_CHROMOSOMAL_REGION,GO_CC,CD8,SF_vs_PB_CD8,1.62601269,0.349015604,2.40360573e-5,6.19838932e-4,347,145,SMC4/NDC80/DYNLL1/PSEN1/DCTN2/PMF1/SMC6/PLK3/SKA2/CDK1/NCAPG/BRCA2/PML/SUN1/RASSF2/SLX4/CHMP2A/STAG3/SP100/MCM6/CENPE/TEP1/CENPB/BUB1B/TOP2A/CTCF/ESCO2/CDK2/SMARCD2/CENPM/ATF7/RCC2/RAD51AP1/AURKA/TRIOBP/SPC25/EZH2/LUZP1/SMC3/KIF18A/DYNC1LI2/DYNC1LI1/RECQL4/ERCC6L/KNTC1/UHRF2/CENPF/CHMP4A/PCNA/PPP2CB/CENPU/RANGAP1/RIF1/DOT1L/CHEK1/HJURP/MAD2L1/CDCA8/ACD/MCM3/CHD4/CHMP1A/SKA3/CKAP5/CLASP1/CHMP5/KAT2B/TNKS2/WRNIP1/FMR1/PAFAH1B1/CHMP3/SPAG5/SKA1/PHF10/HELLS/MIS18BP1/CBX3/NEK2/CDCA5/BUB3/RAD51/PPP1R12A/TINF2/KIF22/KNSTRN/PPP1CB/FEN1/TTK/CENPW/SMC1A/DYNLT3/SYCP2/CLIP1/ARID2/NCAPD3/MCM2/CENPL/BAZ1B/ACTL6A/CHRAC1/CENPH/MCM4/PPP2R5A/CENPA/ZWILCH/MCM5/ZWINT/DCTN1/ERCC1/RAD21/MCM7/MUS81/DNA2/MEAF6/PBRM1/REC8/KIF2C/EZH1/CENPO/LRWD1/ORC1/SMARCC1/CENPT/DSN1/TP53BP1/DCTN5/NUP85/UPF1/WDR82/SMARCA4/AURKB/INCENP/SUGT1/RPA4/SMARCE1/NLRP2/POLD1/SPC24/SS18L1/CEBPB/DMC1/SIRT2/SIN3A/PDS5A,up,FALSE
GOCC_LUMENAL_SIDE_OF_ENDOPLASMIC_RETICULUM_MEMBRANE,GOCC_LUMENAL_SIDE_OF_ENDOPLASMIC_RETICULUM_MEMBRANE,GO_CC,CD8,SF_vs_PB_CD8,2.11887299,0.663862109,2.73864205e-5,6.72887706e-4,31,10,CD74/HLA-DQA2/HLA-DQB2/HLA-DRA/HLA-DRB5/HLA-DRB1/HLA-DQA1/HLA-DPA1/HLA-DQB1/HLA-DPB1,up,FALSE
GOCC_EXOCYTIC_VESICLE,GOCC_EXOCYTIC_VESICLE,GO_CC,CD8,SF_vs_PB_CD8,1.77184968,0.410961595,2.76745825e-5,6.72887706e-4,171,75,STX1A/SLC2A8/AP2B1/RABAC1/PTPRN2/PSEN1/ZNRF1/ATP2B1/RAB27A/RAC1/RAB11A/ROGDI/PSMD8/SYNGR3/STX7/MT3/PSMA7/MYOF/MCTP1/PSMC1/SYT11/PSMB6/PPT1/DNAJC5/PSMC3/SLC4A8/PDE4B/PICALM/ADRM1/RAB10/GIPC1/TPRG1L/PSMC2/PSMB3/SYTL3/ATP6V1E1/PSMD14/PSMA6/SNCA/PSMD1/PSMD7/RAB13/OTOF/KIF1B/SLC17A5/ARPC2/SNAPIN/PSMB1/PSMB7/AP2A1/CLTB/VAMP1/RAB40C/NAPA/ATP6V1B2/CACFD1/PSMD11/TRAPPC4/PSMB2/CDK16/RAB5A/TSNARE1/CALM3/LAMP1/RAB11B/SLC35G2/AP2M1/STX10/ATP6V0D1/ATP6V1F/RAB27B/SLC2A13/PARK7/CLTA/ATP8A1,up,FALSE
GOCC_LATE_ENDOSOME_MEMBRANE,GOCC_LATE_ENDOSOME_MEMBRANE,GO_CC,CD8,SF_vs_PB_CD8,1.80086293,0.423531563,3.29198086e-5,7.78187698e-4,153,45,ANXA2/HLA-DQA2/NDFIP2/HLA-DQB2/NOTCH1/CD68/SLC1A1/HLA-DMA/HLA-DRA/HLA-DMB/HLA-DRB5/HLA-DRB1/HLA-DQA1/HLA-DPA1/RAB27A/HLA-DQB1/HLA-DPB1/LAMTOR5/RHOB/CD63/MYOF/CHMP2A/LAMP3/TSG101/ARL8A/TPCN2/ATG9A/MICALL1/MCOLN2/YIPF1/SCARB2/KCNK6/LAMP2/HLA-DOA/OSBPL11/MREG/CHMP4A/VAMP8/HGS/ABHD6/ATP13A3/CHMP1A/ATP13A2/CHMP5/CHMP3,up,FALSE
GOCC_CLATHRIN_COATED_VESICLE_MEMBRANE,GOCC_CLATHRIN_COATED_VESICLE_MEMBRANE,GO_CC,CD8,SF_vs_PB_CD8,1.86743938,0.469069435,3.59397368e-5,8.26613946e-4,97,27,CD74/HLA-DQA2/HLA-DQB2/SLC2A8/AP1S1/AP2B1/CD9/HIP1/HLA-DRA/HLA-DRB5/HLA-DRB1/HLA-DQA1/LDLR/HLA-DPA1/HLA-DQB1/RAB35/AP4M1/EPS15/HLA-DPB1/SYT11/AP1G2/DNAJC5/SCARB2/ATP6V0B/CLTC/VAMP8/ATP6V1E1,up,FALSE
GOCC_PLATELET_DENSE_TUBULAR_NETWORK,GOCC_PLATELET_DENSE_TUBULAR_NETWORK,GO_CC,CD8,SF_vs_PB_CD8,2.01408518,0.868554785,4.57960702e-5,0.00102559094,9,6,F2R/ATP2A3/DMTN/ATP2A2/ITPR3/ITPR1,up,FALSE
GOCC_ENDOCYTIC_VESICLE,GOCC_ENDOCYTIC_VESICLE,GO_CC,CD8,SF_vs_PB_CD8,1.6397874,0.362862298,5.26906948e-5,0.00114973798,255,60,CD74/VIM/MYO1C/HLA-DQA2/HLA-DQB2/SLC2A8/AP2B1/CD9/CD82/EHD4/NOD2/ANG/TCIRG1/HLA-DRA/HLA-DRB5/HLA-DRB1/GOLIM4/HLA-DQA1/LDLR/HLA-DPA1/HLA-DQB1/RAB35/ZYX/FMNL1/EPS15/RAB11A/HLA-DPB1/SRGAP2/STX7/RAB38/CTSL/GSN/LPAR2/NCF4/DNM2/MARCO/SYT11/CTLA4/RALA/RAB11FIP1/MSR1/STXBP2/RAB11FIP4/TAP1/SCARB2/PICALM/ATP6V0B/RAPGEF2/LAMP2/RAB10/ARF6/DYNC1LI1/MTSS1/CLTC/CDC42EP4/VAMP8/TAPBP/HLA-G/NCF1/HGS,up,FALSE
GOCC_CYTOSOLIC_TRANSLATION_PREINITIATION_COMPLEX,GOCC_CYTOSOLIC_TRANSLATION_PREINITIATION_COMPLEX,GO_CC,CD8,SF_vs_PB_CD8,-2.15499037,-0.719780868,5.54912089e-5,0.00115428098,19,10,EIF3I/EIF1AX/EIF3G/EIF3D/EIF3K/EIF3M/EIF3F/EIF3H/EIF3E/EIF3L,down,FALSE
GOCC_SPINDLE_MICROTUBULE,GOCC_SPINDLE_MICROTUBULE,GO_CC,CD8,SF_vs_PB_CD8,1.89936118,0.496912102,5.56116573e-5,0.00115428098,76,42,KIF11/RAB11A/SKA2/CDK1/KIF3A/PARP4/ARL3/CHMP2A/PRC1/TTL/CENPE/TUBG1/MAP1S/CALM2/PSRC1/KIF18B/AURKA/KIF18A/CLTC/KNTC1/EML3/CHMP4A/FAM110A/NUMA1/CHMP1A/SKA3/CLASP1/CHMP5/PAFAH1B1/CHMP3/KIF3B/SKA1/FAM161A/DYNLT3/KIF4A/KLHL21/ZWILCH/MAPRE1/HAUS2/CALM3/CUL3/AURKB,up,FALSE
GOCC_CLATHRIN_COATED_ENDOCYTIC_VESICLE,GOCC_CLATHRIN_COATED_ENDOCYTIC_VESICLE,GO_CC,CD8,SF_vs_PB_CD8,1.97932231,0.549109501,5.9946919e-5,0.00121463876,55,16,CD74/HLA-DQA2/HLA-DQB2/SLC2A8/AP2B1/CD9/HLA-DRA/HLA-DRB5/HLA-DRB1/HLA-DQA1/LDLR/HLA-DPA1/HLA-DQB1/RAB35/EPS15/HLA-DPB1,up,FALSE
GOCC_CELL_SUBSTRATE_JUNCTION,GOCC_CELL_SUBSTRATE_JUNCTION,GO_CC,CD8,SF_vs_PB_CD8,-1.58648447,-0.313080277,6.92983167e-5,0.00137146204,320,55,DPP4/RPS19/CDH2/RHOU/RPL7A/RRAS2/ARL14EP/RPS2/PDGFRB/NPM1/PALLD/RPL37A/PARVA/HSP90B1/SORBS3/RPS15/RPL38/RPS7/RPL12/ADAM10/HSPA5/RPL30/RPL8/RPL23/RPS9/RPL18/RPS14/G3BP1/RPS16/PABPC1/RPLP0/RPS11/RPL27/RPS3/RPS4X/RPL31/RPL6/RPL9/RPL13A/RPL19/RPS5/RPL4/RPLP2/RPL10A/RPL5/RPS8/RPS18/RPL7/PROCR/RPL22/RPS13/RPL3/RPS3A/VCL/ACTN1,down,FALSE
GOCC_EUKARYOTIC_48S_PREINITIATION_COMPLEX,GOCC_EUKARYOTIC_48S_PREINITIATION_COMPLEX,GO_CC,CD8,SF_vs_PB_CD8,-2.12041687,-0.730502463,8.98637965e-5,0.00173804752,17,10,EIF3I/EIF1AX/EIF3G/EIF3D/EIF3K/EIF3M/EIF3F/EIF3H/EIF3E/EIF3L,down,FALSE
GOCC_APICAL_PLASMA_MEMBRANE,GOCC_APICAL_PLASMA_MEMBRANE,GO_CC,CD8,SF_vs_PB_CD8,1.72255058,0.394868703,1.0238414e-4,0.00193619785,188,59,SLC6A6/CD44/CTSB/ATP1B1/MYO7A/NOTCH1/CD9/SLC1A1/EZR/IQGAP1/CIB1/TCIRG1/RAB27A/ANXA1/SLC4A2/GNA13/EPS15/SLC27A4/FN1/SLC2A1/ERBB3/SLC16A3/SLC7A5/CTSL/CLIC5/CEACAM1/BMPR2/SLC29A1/ENPEP/PLD2/GNAS/STXBP2/SLC4A8/NHS/SLC4A11/PARD6G/ADAM17/MSN/MFSD10/RAPGEF2/NAALADL1/ATP1B3/MREG/ABCC1/SLC36A1/ATP6V1E1/ASPM/SAPCD2/CYBA/PARD6A/SLC17A5/CTSK/AP2A1/SLC39A6/SLC26A6/STXBP3/SLC39A3/ATP6V1B2/SLC31A1,up,FALSE
GOCC_COATED_VESICLE,GOCC_COATED_VESICLE,GO_CC,CD8,SF_vs_PB_CD8,1.63385926,0.364540323,1.10119587e-4,0.00203721236,237,60,CD74/HLA-DQA2/GGA2/HLA-DQB2/SLC2A8/AP1S1/AP2B1/CD9/GAS7/HIP1/CTSZ/HLA-DRA/HLA-DRB5/HLA-DRB1/HLA-DQA1/LDLR/HLA-DPA1/RAB27A/SREBF2/ECE1/HLA-DQB1/RAB35/AP4M1/EPS15/DENND1B/HLA-DPB1/KDELR3/SURF4/YIF1A/TNK2/DNM2/SYT11/CTLA4/DDHD2/AP1G2/DNAJC5/CNIH2/WIPI1/GOLGA2/SCARB2/PICALM/ATP6V0B/YIF1B/COPE/CLTC/VAMP8/HLA-G/ATP6V1E1/YIPF5/RAB13/EPN2/NUMB/TFRC/HLA-A/AP2A1/STX5/CLTB/FCGR1A/TMED7/ATP6V1D,up,FALSE
GOCC_SCHAFFER_COLLATERAL_CA1_SYNAPSE,GOCC_SCHAFFER_COLLATERAL_CA1_SYNAPSE,GO_CC,CD8,SF_vs_PB_CD8,1.94430135,0.543879647,1.30145753e-4,0.00235646885,53,21,STX1A/NOTCH1/SLC1A1/HIP1/LRP8/ABR/RAB11A/ARHGDIA/RHOB/PPP3CA/CASK/ROCK1/ITGB1/RALA/UBE2I/PRKAR1B/ITPR1/GIPC1/SLC30A1/PPP3R1/PAFAH1B1,up,FALSE
GOCC_BASAL_PART_OF_CELL,GOCC_BASAL_PART_OF_CELL,GO_CC,CD8,SF_vs_PB_CD8,1.67726496,0.391003731,2.46927926e-4,0.00437782636,164,54,SLC6A6/MYO1C/ANXA2/CD44/ITGA2/ATP1B1/SLC1A5/EZR/ATP2B4/IQGAP1/NOD2/ITGA3/LDLR/ATP2B1/ANXA1/SLC4A2/EPS15/ITGA1/SLC2A1/ERBB3/SLC16A3/SLC7A5/STX2/CEACAM1/BMPR2/CD81/CASK/DLG3/SLC29A1/DAG1/PDZD11/SLC4A8/FXYD2/AURKA/SLC4A11/MSN/ATP1B3/ABCC1/SLC30A1/WASF2/INPPL1/BSG/CLASP1/OTOF/SLCO4A1/NUMB/SLC7A7/TFRC/CNNM4/SLC17A5/SCRIB/AP2A1/SLC26A6/CADM1,up,FALSE
GOCC_VESICLE_LUMEN,GOCC_VESICLE_LUMEN,GO_CC,CD8,SF_vs_PB_CD8,1.62303047,0.36408974,2.64860042e-4,0.00459991625,225,72,S100A11/ANXA2/ACTN4/PDGFA/MVP/CYB5R3/CTSD/CAB39/CLU/PRKCD/CTSZ/PKM/COTL1/FABP5/FASLG/ARHGAP9/QPCT/RAB27A/CSTB/FN1/HEBP2/DOCK2/GGH/TOLLIP/IMPDH1/GSN/TIMP2/APAF1/A1BG/PGAM1/ROCK1/PRDX4/SRGN/HMGB1/GZMB/PSMC3/DYNC1H1/CSNK2B/MAPK1/TMSB4X/PFKL/GUSB/GCA/ARSA/TUBB4B/GRN/IDH1/PSMC2/MIF/CAP1/NIT2/GPI/PSMD14/MAGED2/PAFAH1B2/ACTR1B/STK11IP/MMRN1/CPPED1/PDXK/PSMD1/PSMD7/CANT1/SERPINE1/NEU1/GTPBP2/PSMB1/PSMB7/GYG1/DYNLT1/AGA/SPTAN1,up,FALSE
GOCC_PLATELET_DENSE_TUBULAR_NETWORK_MEMBRANE,GOCC_PLATELET_DENSE_TUBULAR_NETWORK_MEMBRANE,GO_CC,CD8,SF_vs_PB_CD8,1.92253843,0.857725727,2.7676298e-4,0.00471050592,8,5,ATP2A3/DMTN/ATP2A2/ITPR3/ITPR1,up,FALSE
GOCC_TRANSPORT_VESICLE_MEMBRANE,GOCC_TRANSPORT_VESICLE_MEMBRANE,GO_CC,CD8,SF_vs_PB_CD8,1.66426022,0.387427334,3.19321876e-4,0.00532829249,166,49,CD74/HLA-DQA2/STX1A/HLA-DQB2/AP1S1/PTPRN2/HLA-DRA/HLA-DRB5/HLA-DRB1/HLA-DQA1/ZNRF1/ATP2B1/HLA-DPA1/SREBF2/RAC1/HLA-DQB1/AP4M1/RAB11A/HLA-DPB1/SYNGR3/CEACAM1/MYOF/MCTP1/PPT1/AP1G2/DNAJC5/ITPR3/SNTB2/CNIH2/SLC4A8/ITPR1/CLTC/TPRG1L/HLA-G/ATP6V1E1/PAM/SPRED2/SNCA/OTOF/KIF1B/SLC17A5/ARPC2/HLA-A/SNAPIN/AP2A1/STX5/CLTB/TMED7/VAMP1,up,FALSE
GOCC_IMMUNOLOGICAL_SYNAPSE,GOCC_IMMUNOLOGICAL_SYNAPSE,GO_CC,CD8,SF_vs_PB_CD8,1.92632306,0.559410848,3.26628103e-4,0.00534539453,44,16,LGALS3/EZR/HLA-DRA/ALCAM/HLA-DRB1/ATP2B1/ARHGDIA/STX7/CD81/PRKAR1A/PTPRJ/DUSP3/GZMB/MYH9/HAVCR2/GZMA,up,FALSE
GOCC_VACUOLAR_LUMEN,GOCC_VACUOLAR_LUMEN,GO_CC,CD8,SF_vs_PB_CD8,1.71669162,0.416523167,3.45942694e-4,0.00553839045,122,42,CD74/ANXA2/CTSB/HGSNAT/CYB5R3/SDC4/IDS/CTSD/PRKCD/FABP5/FASLG/GPC1/HEBP2/GGH/TOLLIP/IMPDH1/CTSL/PPT1/GZMB/OGN/EPDR1/IFI30/DYNC1H1/MAPK1/GUSB/DAPK2/GCA/ARSA/SCARB2/TUBB4B/TCN2/GRN/LAMP2/CAP1/STK11IP/CPPED1/ATP13A2/PSMD1/NEU1/TPP1/CTSK/GYG1,up,FALSE
GOCC_COATED_VESICLE_MEMBRANE,GOCC_COATED_VESICLE_MEMBRANE,GO_CC,CD8,SF_vs_PB_CD8,1.65793889,0.389632276,3.51437232e-4,0.00553839045,154,41,CD74/HLA-DQA2/HLA-DQB2/SLC2A8/AP1S1/AP2B1/CD9/HIP1/HLA-DRA/HLA-DRB5/HLA-DRB1/HLA-DQA1/LDLR/HLA-DPA1/SREBF2/HLA-DQB1/RAB35/AP4M1/EPS15/HLA-DPB1/KDELR3/SYT11/AP1G2/DNAJC5/CNIH2/SCARB2/ATP6V0B/COPE/CLTC/VAMP8/HLA-G/ATP6V1E1/EPN2/TFRC/HLA-A/AP2A1/STX5/CLTB/FCGR1A/TMED7/ATP6V1D,up,FALSE
GOCC_PIGMENT_GRANULE,GOCC_PIGMENT_GRANULE,GO_CC,CD8,SF_vs_PB_CD8,1.75853991,0.443853336,3.71155065e-4,0.0057427811,94,34,CAPG/ANXA2/CTSB/SLC1A5/MYO7A/CTSD/RAB27A/RAC1/MYO5A/RAB35/GNA13/PRDX1/SLC2A1/GGH/RAB38/CD63/SLC1A4/FASN/ITGB1/DNAJC5/TPCN2/YWHAB/CNP/CLTC/ATP1B3/MREG/GCHFR/BSG/GPNMB/TFRC/ANKRD27/YWHAE/TPP1/SGSM2,up,FALSE
GOCC_NUCLEAR_ENVELOPE,GOCC_NUCLEAR_ENVELOPE,GO_CC,CD8,SF_vs_PB_CD8,1.49772473,0.320219307,4.04404091e-4,0.00614549788,362,92,MX1/LMNA/STX1A/NRM/CLIC1/GRK5/MVP/S100A6/ARL6IP6/TMEM43/PSEN1/ROGDI/BNIP3L/TMEM53/MAPK3/ALOX5AP/SYNE3/GNAZ/LMNB1/HABP4/ENO1/ANXA4/ATP2A3/NUTF2/MYOF/PML/SUN1/CHMP2A/CASK/LMNB2/CTDNEP1/CC2D1B/SMOX/MGST3/AGPAT3/UBE2I/ITPR3/CMTM3/NSMF/NPIPA1/CDK2/ITPR1/TREX1/FZR1/MFSD10/TBC1D20/PCYT1A/NARF/DNAJB2/FANCL/PAK1/RGPD2/SLC30A1/CENPF/CHMP4A/NUP153/SYNE2/PCNA/RANGAP1/RIF1/AGFG1/RNF220/MAD2L1/RANBP3/IPO9/NPIPB3/RANBP1/TMX4/SEPHS1/ATP11B/FAM111B/IFI27/CHMP1A/SPAG4/GCHFR/SNCA/PRR14/SHISA5/CHMP5/DTX2/TNKS2/PAFAH1B1/KPNA2/CHMP3/TOR3A/IPO11/NUP93/ABL1/OSBPL7/MGST2/TNRC18/CBX3,up,FALSE
GOCC_MEMBRANE_MICRODOMAIN,GOCC_MEMBRANE_MICRODOMAIN,GO_CC,CD8,SF_vs_PB_CD8,1.62638696,0.374906503,4.17104147e-4,0.00622729173,180,50,S100A10/MYO1C/ANXA2/CD44/ATP1B1/SLC1A1/EZR/AHNAK/ATP2B4/CTSD/LRP8/PSEN1/FASLG/AKAP5/CTNNA1/F2R/GPC1/LAT2/CD8A/FAS/VDAC1/ENO2/FAIM2/PGK1/SLC2A1/MAPK3/ENTPD1/PLSCR1/MYADM/ARID3A/BMPR2/MYOF/PRKAR1A/ITGB1/DAG1/PPT1/PRKACA/MAPK1/ADAM17/KIF18A/CORO1C/LAMP2/EFNA5/OLR1/TNF/PTGIS/PLCG2/GAB2/TRAF2/SMURF2,up,FALSE
GOCC_GTPASE_COMPLEX,GOCC_GTPASE_COMPLEX,GO_CC,CD8,SF_vs_PB_CD8,1.92336725,0.62245914,4.48407292e-4,0.00657921733,27,12,GNA15/GNB4/HRAS/GNA13/GNG5/GNAZ/GNB1/RRAGC/GNAI2/GNAS/GNB5/GNAI3,up,FALSE
GOCC_LUMENAL_SIDE_OF_MEMBRANE,GOCC_LUMENAL_SIDE_OF_MEMBRANE,GO_CC,CD8,SF_vs_PB_CD8,1.89170289,0.56332844,5.03736042e-4,0.00726575207,39,10,CD74/HLA-DQA2/HLA-DQB2/HLA-DRA/HLA-DRB5/HLA-DRB1/HLA-DQA1/HLA-DPA1/HLA-DQB1/HLA-DPB1,up,FALSE
GOCC_MYOSIN_COMPLEX,GOCC_MYOSIN_COMPLEX,GO_CC,CD8,SF_vs_PB_CD8,1.91022968,0.607534924,5.13971457e-4,0.0072898285,29,12,MYO1C/MYL6/MYO7A/MYO5A/MYL12B/MYO18A/MYO9B/BMF/MYH9/CCDC102A/MYO19/MYO9A,up,FALSE
GOCC_ER_TO_GOLGI_TRANSPORT_VESICLE_MEMBRANE,GOCC_ER_TO_GOLGI_TRANSPORT_VESICLE_MEMBRANE,GO_CC,CD8,SF_vs_PB_CD8,1.81599516,0.502120196,5.37371764e-4,0.00744655189,56,11,CD74/HLA-DQA2/HLA-DQB2/HLA-DRA/HLA-DRB5/HLA-DRB1/HLA-DQA1/HLA-DPA1/SREBF2/HLA-DQB1/HLA-DPB1,up,FALSE
GOCC_DISTAL_AXON,GOCC_DISTAL_AXON,GO_CC,CD8,SF_vs_PB_CD8,1.65152188,0.389556025,5.42521994e-4,0.00744655189,149,67,L1CAM/ITGA2/KIF20B/AP1S1/SLC1A1/MICAL1/CIB1/CRMP1/ANG/CTSZ/PSEN1/DCTN2/CYTH2/MYO5A/ENO2/TIAM2/PREX1/DNM2/TWF2/FSCN1/PINK1/KIF21A/SSH1/AUTS2/CALM2/SLC4A8/GPRIN1/CFL1/SLC8A1/TPRG1L/GDPD5/WDR47/KATNB1/NTRK2/SNCA/GIT1/KIF21B/KCNA6/FMR1/PAFAH1B1/MYO9A/AMFR/ABL1/PTK2B/RAC3/NAPA/ELK1/TAOK2/APBB1/PRNP/PPP1R9B/FKBP15/EXOC7/SYAP1/PTBP2/RAB5A/CALM3/EPHA4/ATP6V0D1/KCNC4/SLC2A13/COPG2/ALS2/CPLX1/CPEB4/SIRT2/EXOC6,up,FALSE
GOCC_FICOLIN_1_RICH_GRANULE_LUMEN,GOCC_FICOLIN_1_RICH_GRANULE_LUMEN,GO_CC,CD8,SF_vs_PB_CD8,1.70764841,0.419549688,5.91895584e-4,0.00797782314,112,55,CTSB/PLEKHO2/MVP/CTSD/CAB39/CTSZ/PKM/COTL1/QPCT/HSPA1A/CSTB/IMPDH1/GSN/TIMP2/APAF1/A1BG/PGAM1/FGL2/PRDX4/CAPN1/HMGB1/PSMC3/CSNK2B/MAPK1/PFKL/GUSB/PGM1/IDH1/PSMC2/YPEL5/MIF/GPI/PSMD14/PAFAH1B2/ACTR1B/PSMD7/CANT1/CDK13/PSMB1/PSMB7/GYG1/DYNLT1/COMMD3/ARPC5/HUWE1/FTH1/PSMD11/KCMF1/CST3/ALDOC/ACLY/ALDOA/GLB1/ATG7/ACTR10,up,FALSE
GOCC_ACTOMYOSIN,GOCC_ACTOMYOSIN,GO_CC,CD8,SF_vs_PB_CD8,1.80097367,0.493263269,5.99977298e-4,0.00797782314,59,26,MYO1C/ACTN4/STX1A/FHOD1/PDLIM7/CORO1B/ZYX/CTTNBP2NL/MYL12B/PDLIM1/FSCN1/TPM4/MYO18A/PDLIM4/PPP1R12C/ASB2/MYH9/DIXDC1/LUZP1/TPM3/GAS2L1/CYBA/KAT2B/NEBL/AFAP1/PPP1R12A,up,FALSE
GOCC_CYTOPLASMIC_SIDE_OF_PLASMA_MEMBRANE,GOCC_CYTOPLASMIC_SIDE_OF_PLASMA_MEMBRANE,GO_CC,CD8,SF_vs_PB_CD8,1.67446367,0.408265019,6.79409367e-4,0.00889503648,118,42,CD2/RGS16/PTPN7/AP2B1/S100A6/GNA15/GNB4/IQGAP1/RGS1/RACGAP1/AKAP5/RHOA/GNA13/GNG5/GNAZ/MAP2K2/GNB1/PPP3CA/KRAS/CYLD/GNAI2/STAC/GNAS/GNB5/GNAI3/RAB21/MYH9/GEM/HTRA2/FARP1/RGS13/CHMP4A/NCF1/SAMD10/JAK3/TRAF2/TRAF3/PKP4/LILRB4/GNG2/AP2A1/HCK,up,FALSE
GOCC_KINESIN_COMPLEX,GOCC_KINESIN_COMPLEX,GO_CC,CD8,SF_vs_PB_CD8,1.87289334,0.560701014,7.40105297e-4,0.00954287284,38,21,KIF20B/KIF3C/KIF11/KIFC1/KIF1C/KIF3A/KIF21A/KIFC2/KIF18B/KIF18A/KIF23/KIF14/KIF5A/KIF21B/KIF5B/KLC2/PAFAH1B1/KIF3B/KIF1B/KIF22/KIF13B,up,FALSE
GOCC_SYNAPTIC_MEMBRANE,GOCC_SYNAPTIC_MEMBRANE,GO_CC,CD8,SF_vs_PB_CD8,1.61133563,0.374815055,7.54180626e-4,0.0095792196,167,56,SLC6A6/STX1A/AP2B1/NOTCH1/ATP2B4/LRP8/PSEN1/ITGA3/RGS9/CLSTN3/LRFN4/ATP2B1/AKAP5/RAC1/F2R/ENO2/FAIM2/SRGAP2/ERBB3/RIMS3/CHRNB1/STX2/LPAR2/CASK/DNM2/DLG3/PLXNB1/NETO2/SYT11/C1QA/ITGB1/FBXO45/DAG1/PDLIM4/RALA/ATG9A/PSENEN/CNIH2/SLC4A8/GNB5/ADORA2A/AKAP9/CFL1/FARP1/PICALM/GRIPAP1/RAB3GAP2/ZNRF2/SLC30A1/ABHD6/STX11/C1QC/OTOF/FMR1/GRM2/KCTD12,up,FALSE
GOCC_COPII_COATED_ER_TO_GOLGI_TRANSPORT_VESICLE,GOCC_COPII_COATED_ER_TO_GOLGI_TRANSPORT_VESICLE,GO_CC,CD8,SF_vs_PB_CD8,1.73027252,0.447552215,8.0191201e-4,0.0100356929,81,19,CD74/HLA-DQA2/HLA-DQB2/CTSZ/HLA-DRA/HLA-DRB5/HLA-DRB1/HLA-DQA1/HLA-DPA1/SREBF2/HLA-DQB1/HLA-DPB1/SURF4/YIF1A/DDHD2/CNIH2/GOLGA2/YIF1B/HLA-G,up,FALSE
GOCC_EARLY_ENDOSOME_MEMBRANE,GOCC_EARLY_ENDOSOME_MEMBRANE,GO_CC,CD8,SF_vs_PB_CD8,1.61087249,0.379967768,0.00105571848,0.0128755552,149,61,GGA2/ZFYVE28/SLC1A1/EHD4/LDLRAD4/HLA-DRA/PSEN1/SNX8/ANXA1/RAC1/EPS15/STX7/PML/LAMP3/DTX3L/PDLIM4/TSG101/PMEPA1/RCC2/RAB21/RUFY1/DNAJC13/GRIPAP1/KIR2DL4/ARF6/VAMP8/HLA-G/FGD2/HGS/CLEC10A/ATP13A3/ATP11B/NTRK2/LLGL1/GPNMB/TMEM63B/CMTM6/HLA-A/CD8B/FCGR1A/IFITM3/SLC31A1/RAB4B/CAV1/PI4K2B/PI4K2A/TOM1/SNX30/PPP1R21/RAB5C/SNX20/APPL2/GGA3/RAB31/RAB5A/BAIAP3/SLC9A9/INPP5F/TICAM2/STAM/EPHA4,up,FALSE
GOCC_NUCLEAR_LAMINA,GOCC_NUCLEAR_LAMINA,GO_CC,CD8,SF_vs_PB_CD8,1.8846342,0.732716522,0.00105909385,0.0128755552,13,10,LMNA/LMNB1/CASK/LMNB2/NARF/PCNA/RNF220/FAM111B/PRR14/EIF6,up,FALSE
GOCC_SITE_OF_POLARIZED_GROWTH,GOCC_SITE_OF_POLARIZED_GROWTH,GO_CC,CD8,SF_vs_PB_CD8,1.66001185,0.408933577,0.00109429145,0.0131160848,110,52,L1CAM/KIF20B/CIB1/CRMP1/ANG/CTSZ/COTL1/PSEN1/DCTN2/CYTH2/MYO5A/ENO2/TIAM2/PREX1/DNM2/TWF2/FSCN1/PINK1/KIF21A/SSH1/AUTS2/GPRIN1/CFL1/GDPD5/WDR47/KATNB1/SNCA/GIT1/KIF21B/FMR1/PAFAH1B1/MYO9A/AMFR/ABL1/PTK2B/RAC3/TAOK2/PI4K2A/APBB1/PPP1R9B/FKBP15/EXOC7/SYAP1/PTBP2/CALM3/EPHA4/SLC2A13/COPG2/ALS2/CPEB4/SIRT2/EXOC6,up,FALSE
GOCC_PHAGOCYTIC_VESICLE,GOCC_PHAGOCYTIC_VESICLE,GO_CC,CD8,SF_vs_PB_CD8,1.6359687,0.395973175,0.00112553463,0.013303194,124,48,VIM/MYO1C/CD82/NOD2/TCIRG1/ZYX/FMNL1/RAB11A/SRGAP2/RAB38/GSN/NCF4/DNM2/SYT11/RAB11FIP1/STXBP2/TAP1/ATP6V0B/LAMP2/RAB10/CDC42EP4/VAMP8/TAPBP/HLA-G/NCF1/HGS/CYBA/ADAM8/KIF5B/HLA-A/PLD4/STXBP3/RAB22A/MCOLN1/STX4/NCF2/TRIM14/APPL2/ZDHHC5/RAB34/UNC93B1/ITGAV/RAB31/RAB5A/LAMP1/SLC9A9/RAB11B/ATP6V0D1,up,FALSE
GOCC_CONTRACTILE_MUSCLE_FIBER,GOCC_CONTRACTILE_MUSCLE_FIBER,GO_CC,CD8,SF_vs_PB_CD8,1.61802246,0.386989883,0.00115723569,0.0134905147,135,42,ACTN4/PLEC/AHNAK/SDC4/ATP2B4/CAB39/FKBP1A/PDLIM7/ILK/RYR1/MYL12B/SLC2A1/PDLIM1/CSRP1/HABP4/ENO1/PPP3CA/SCO2/TWF2/TPM4/TTN/PDE4DIP/DAG1/PDLIM4/TMOD3/CALM2/ASB2/PDE4B/SRI/PPP3CB/PARVB/SLC8A1/CORO1C/FKBP1B/PAK1/SYNE2/DNAJB6/PSMA6/TPM3/DEK/TNNI2/KAT2B,up,FALSE
GOCC_CYTOPLASMIC_SIDE_OF_MEMBRANE,GOCC_CYTOPLASMIC_SIDE_OF_MEMBRANE,GO_CC,CD8,SF_vs_PB_CD8,1.57298386,0.366178881,0.00119019972,0.0136872968,166,54,CD2/RGS16/PTPN7/AP2B1/S100A6/GNA15/GNB4/IQGAP1/FKBP1A/RASAL3/RGS1/RACGAP1/AKAP5/RHOA/GNA13/GNG5/BLOC1S1/GNAZ/SQLE/MAP2K2/GNB1/PPP3CA/KRAS/CYLD/GNAI2/STAC/SPTLC2/ITPR3/GNAS/MICALL1/GNB5/GNAI3/RAB21/MYH9/GEM/HTRA2/FARP1/DNAJB2/RGS13/CHMP4A/EEF1A2/NCF1/HMGCR/SAMD10/JAK3/TRAF2/TRAF3/PKP4/DEGS1/LILRB4/GNG2/SNAPIN/AP2A1/HCK,up,FALSE
GOCC_SECRETORY_GRANULE_MEMBRANE,GOCC_SECRETORY_GRANULE_MEMBRANE,GO_CC,CD8,SF_vs_PB_CD8,1.53456443,0.344613422,0.00129786759,0.0147264709,223,73,CYSTM1/CD58/CD44/HGSNAT/LGALS3/CD9/CD68/IQGAP1/AGPAT2/PTPRN2/DYNLL1/NBEAL2/TCIRG1/FABP5/PSEN1/ATP8B4/RAC1/RHOA/SURF4/CD93/CEACAM1/ANXA4/CD63/SLC27A2/LAMP3/HYAL3/PTPRJ/PGRMC1/DNAJC5/ARL8A/ITPR3/STXBP2/NRAS/ITPR1/CLEC5A/SRI/DIAPH1/DNAJC13/CD109/LHFPL2/LAMP2/RAB10/DYNC1LI1/ITGAX/ATP8B3/OLR1/VAMP8/PAM/TMBIM1/IQGAP2/ATP11B/CYBA/SNCA/BSG/ADAM8/TMEM63B/UBR4/CLEC12A/ANXA7/CMTM6/DEGS1/NCKAP1L/RHOF/RAP2C/ATP11A/VAMP1/ATP6V1D/TRPM2/RAB4B/CAV1/ANPEP/PLAU/TOM1,up,FALSE
GOCC_KINETOCHORE_MICROTUBULE,GOCC_KINETOCHORE_MICROTUBULE,GO_CC,CD8,SF_vs_PB_CD8,1.86265819,0.664359194,0.00142673454,0.0159219566,18,11,RAB11A/CHMP2A/CENPE/KIF18A/KNTC1/CHMP4A/CHMP1A/CLASP1/CHMP5/CHMP3/ZWILCH,up,FALSE
GOCC_PROTEASOME_ACCESSORY_COMPLEX,GOCC_PROTEASOME_ACCESSORY_COMPLEX,GO_CC,CD8,SF_vs_PB_CD8,1.85796982,0.61788624,0.00144064708,0.0159219566,24,10,PSMD8/PSMC1/PSMC3/ADRM1/PSMC2/PSMD14/PSMD10/PSMD9/PSMD1/PSMD7,up,FALSE
GOCC_MICROTUBULE_PLUS_END,GOCC_MICROTUBULE_PLUS_END,GO_CC,CD8,SF_vs_PB_CD8,1.85350813,0.61640246,0.00151007585,0.016311224,24,14,TBCB/PDE4DIP/KIF18B/GAS2L1/NUMA1/CDK5RAP2/CKAP5/CLASP1/SPAG5/KNSTRN/CLIP1/DCTN1/MAPRE1/KIF2C,up,FALSE
GOCC_CILIARY_BASAL_BODY,GOCC_CILIARY_BASAL_BODY,GO_CC,CD8,SF_vs_PB_CD8,1.56359527,0.365159827,0.00151420293,0.016311224,162,46,KIF20B/MAP4/NME7/EZR/CKAP2/SMAD7/ARHGAP35/RPGR/AHI1/B9D2/CNTROB/CEP89/CEP152/SSNA1/ENKD1/TUBG1/CYLD/BBS7/MLF1/GNAI2/LRRC45/FAM184A/CCDC88A/AKT1/EVC/IFT81/MARK4/GNAI3/ALMS1/RILPL2/PIN1/AURKA/LUZP1/CENPF/STIL/WDR90/CDK5RAP2/TTLL7/RAB3IP/WDR35/SPAG5/CEP128/FAM161A/TTLL4/PCM1/CDC45,up,FALSE
GOCC_GOLGI_APPARATUS_SUBCOMPARTMENT,GOCC_GOLGI_APPARATUS_SUBCOMPARTMENT,GO_CC,CD8,SF_vs_PB_CD8,1.47227207,0.321901772,0.00164611275,0.0175105243,288,75,CD74/HLA-DQA2/GGA2/HLA-DQB2/AP1S1/GCNT1/LAP3/HLA-DRA/HLA-DRB5/ATP8B4/HLA-DRB1/GOLIM4/HLA-DQA1/HLA-DPA1/OPTN/RAC1/HLA-DQB1/AP4M1/PLK3/RAB11A/HLA-DPB1/GALNT1/GALNT2/RAB38/GOLGA8A/GOLGB1/PLOD3/SYT11/MYO18A/CSGALNACT1/ZFYVE1/MGAT4B/PITPNM1/TGFBI/ATG9A/PSENEN/GNAS/SMPD3/MICALL1/WIPI1/RAB21/GOLGA2/YIPF1/CSGALNACT2/PARP12/AKAP9/LPCAT2/ASAP1/GRN/ATP8B2/LAMP2/RAB10/CLTC/SGMS1/ATP8B3/OSBPL11/INPP5E/GOLGA3/FUT8/FUT4/VPS54/CORO7/YIPF5/CHSY1/LLGL1/RAB13/OTOF/CANT1/DPY30/MS4A6A/HLA-A/ATP2C1/PLD4/CLTB/GOLGA1,up,FALSE
GOCC_CAVEOLA,GOCC_CAVEOLA,GO_CC,CD8,SF_vs_PB_CD8,1.76718504,0.510755647,0.00169609897,0.017819509,45,15,ATP1B1/ATP2B4/LRP8/FASLG/CTNNA1/F2R/SLC2A1/MAPK3/ENTPD1/BMPR2/MYOF/MAPK1/KIF18A/CORO1C/EFNA5,up,FALSE
GOCC_SPINDLE_MIDZONE,GOCC_SPINDLE_MIDZONE,GO_CC,CD8,SF_vs_PB_CD8,1.80351653,0.556895421,0.00201951633,0.020958639,33,16,KIF20B/RACGAP1/PRC1/CENPE/ARL8A/RCC2/KIF18B/GEM/AURKA/LUZP1/KIF18A/RIF1/KIF14/CDCA8/NUMA1/PKP4,up,FALSE
GOCC_TERTIARY_GRANULE,GOCC_TERTIARY_GRANULE,GO_CC,CD8,SF_vs_PB_CD8,1.59595469,0.390140031,0.002269701,0.0232712717,116,47,CYSTM1/CD58/HGSNAT/LGALS3/CTSD/PTPRN2/DYNLL1/NBEAL2/TCIRG1/ATP8B4/QPCT/RAC1/CSTB/RHOA/GGH/CD93/STX7/TIMP2/CEACAM1/ARL8A/STXBP2/NRAS/CLEC5A/PGM1/DIAPH1/LAMP2/DYNC1LI1/IDH1/ITGAX/YPEL5/OLR1/NIT2/VAMP8/CYBA/ADAM8/CANT1/UBR4/CLEC12A/NCKAP1L/RAP2C/ATP11A/VAMP1/SPTAN1/STXBP3/TRPM2/QSOX1/PLAU,up,FALSE
GOCC_CELL_PROJECTION_MEMBRANE,GOCC_CELL_PROJECTION_MEMBRANE,GO_CC,CD8,SF_vs_PB_CD8,1.50621351,0.342003048,0.0024305114,0.0246233952,203,51,PLEKHO1/SLC6A6/MYO1C/CD44/KCNN4/PDE4A/ADCY3/EZR/CIB1/ITGA3/AKAP5/RAC1/SH3BGRL3/RHOA/RAB35/GNA13/EPS15/SLC27A4/SLC7A5/CEACAM1/CASK/DMTN/FSCN1/DOCK8/ITGB1/BBS7/PTPRJ/PLD2/TLN1/PIEZO1/VEZT/MICALL1/TXNDC15/EVC/ADORA2A/PSD4/DIAPH1/CFL1/ADAM17/MSN/CORO1C/MFSD10/EPS8L2/ARF6/PIP5K1C/KSR1/PAK1/SYNE2/HLA-G/FGD2/TCTN2,up,FALSE
GOCC_GERM_CELL_NUCLEUS,GOCC_GERM_CELL_NUCLEUS,GO_CC,CD8,SF_vs_PB_CD8,1.8186492,0.604809779,0.00249943589,0.025023764,24,15,DYNLL1/DYNC1I2/DYNC2H1/DYNC1H1/AURKA/DYNC1LI2/DYNC1LI1/MLH1/HSPA2/TRIP13/DYNLT1/DYNLT3/MARCKS/REC8/TCFL5,up,FALSE
GOCC_CYTOPLASMIC_DYNEIN_COMPLEX,GOCC_CYTOPLASMIC_DYNEIN_COMPLEX,GO_CC,CD8,SF_vs_PB_CD8,1.81507555,0.667422151,0.00276914884,0.0274016938,16,9,DYNLL1/DYNLRB1/DYNC1I2/DYNC2H1/DYNC1H1/DYNC1LI2/DYNC1LI1/DYNLT1/DYNLT3,up,FALSE
GOCC_ACTIN_BASED_CELL_PROJECTION,GOCC_ACTIN_BASED_CELL_PROJECTION,GO_CC,CD8,SF_vs_PB_CD8,1.5612769,0.377485709,0.003059434,0.0299261878,125,58,SLC6A6/MYO1C/CD44/MYO7A/PDGFA/EZR/CIB1/ITGA3/MYO5A/SLC27A4/TIAM2/SLC7A5/CLIC5/CEACAM1/TWF2/FSCN1/ITGB1/DAG1/PIEZO1/VEZT/DYNC1H1/TRIOBP/CFL1/FARP1/MSN/EPS8L2/ARF6/SYNE2/HLA-G/ATP6V1E1/INPPL1/MPP1/IQGAP2/ACTG2/VCAM1/FMR1/PAFAH1B1/AP2A1/CLIC4/ATP6V1B2/UBE2Q1/STX4/DEF6/TPRN/PPP1R9B/PDZD7/ITGAV/SPATA13/DMD/STARD10/RAPH1/NF2/RHOC/MYO1D/SLC4A7/EPHA4/UBE2K/TGFB1,up,FALSE
GOCC_ACTIN_FILAMENT_BUNDLE,GOCC_ACTIN_FILAMENT_BUNDLE,GO_CC,CD8,SF_vs_PB_CD8,1.68567482,0.461684413,0.00311339571,0.0301079517,59,26,MYO1C/ACTN4/FHOD1/PDLIM7/CORO1B/ZYX/CTTNBP2NL/MYL12B/PDLIM1/FSCN1/TPM4/PDLIM4/PPP1R12C/ASB2/MYH9/CFL1/DIXDC1/LUZP1/TPM3/GAS2L1/CYBA/NEBL/AFAP1/PPP1R12A/DIAPH3/MARCKS,up,FALSE
GOCC_BASOLATERAL_PLASMA_MEMBRANE,GOCC_BASOLATERAL_PLASMA_MEMBRANE,GO_CC,CD8,SF_vs_PB_CD8,1.53785236,0.365560139,0.0032488629,0.03106497,141,45,SLC6A6/ANXA2/CD44/ATP1B1/EZR/ATP2B4/IQGAP1/NOD2/ITGA3/LDLR/ATP2B1/ANXA1/SLC4A2/SLC2A1/ERBB3/SLC16A3/SLC7A5/STX2/CD81/CASK/DLG3/SLC29A1/DAG1/PDZD11/SLC4A8/FXYD2/AURKA/SLC4A11/MSN/ATP1B3/ABCC1/SLC30A1/WASF2/BSG/OTOF/SLCO4A1/NUMB/SLC7A7/TFRC/CNNM4/SLC17A5/SCRIB/AP2A1/SLC26A6/CADM1,up,FALSE
GOCC_FILOPODIUM,GOCC_FILOPODIUM,GO_CC,CD8,SF_vs_PB_CD8,1.68099192,0.457324438,0.00331232832,0.0313199045,61,32,EZR/CIB1/ITGA3/MYO5A/TIAM2/TWF2/FSCN1/ITGB1/DAG1/DYNC1H1/CFL1/FARP1/MSN/ARF6/SYNE2/HLA-G/INPPL1/IQGAP2/ACTG2/VCAM1/FMR1/AP2A1/UBE2Q1/DEF6/PPP1R9B/ITGAV/SPATA13/DMD/RAPH1/NF2/EPHA4/UBE2K,up,FALSE
GOCC_MICROTUBULE_END,GOCC_MICROTUBULE_END,GO_CC,CD8,SF_vs_PB_CD8,1.76299458,0.565591207,0.00345538938,0.0323135864,28,16,TBCB/PDE4DIP/CAMSAP1/KIF18B/ASPM/GAS2L1/NUMA1/CDK5RAP2/CKAP5/CLASP1/SPAG5/KNSTRN/CLIP1/DCTN1/MAPRE1/KIF2C,up,FALSE
GOCC_SPINDLE_POLE,GOCC_SPINDLE_POLE,GO_CC,CD8,SF_vs_PB_CD8,1.5128272,0.353303524,0.00353799339,0.0323941745,162,69,KATNAL1/KIF20B/CKAP2/KIF11/PMF1/FAM110C/SMC6/PLK3/RAB11A/GPSM2/CNTRL/CEP89/CEP85/PRC1/ENKD1/TUBG1/CKAP2L/CALM2/PSRC1/ALMS1/GOLGA2/AURKA/SMC3/DYNC1LI1/YPEL5/KNTC1/CENPF/IKBKG/PPP2CB/FAM110A/INPPL1/KATNB1/MAD2L1/ASPM/NUMA1/TPX2/CDK5RAP2/KATNA1/CKAP5/GIT1/TUBGCP5/PKP4/SPAG5/KANSL3/CEP128/NEK2/FAM161A/KNSTRN/SMC1A/WDR62/DIAPH3/KLHL21/UBXN2B/CSPP1/DCTN1/TMEM201/RAD21/RALBP1/MAPRE1/CEP104/DSN1/KIF15/CEP250/CALM3/CUL3/AURKB/AUNIP/POC1A/DDX11,up,FALSE
GOCC_CENTRIOLE,GOCC_CENTRIOLE,GO_CC,CD8,SF_vs_PB_CD8,1.54523208,0.370706593,0.00354013893,0.0323941745,132,46,CAPG/STARD9/AHI1/HSPA1A/RAB11A/KIF3A/CNTROB/CEP89/CEP85/DNM2/CCP110/CEP152/SSNA1/ENKD1/TUBG1/ROCK1/CCDC92/CNTLN/CCDC88A/TOP2A/MICALL1/IFT81/ALMS1/HTT/AURKA/SFI1/STIL/WDR90/KIF24/LRRCC1/AKNA/CEP128/FAM161A/KIAA0753/PLK4/WDR62/CEP55/PCM1/DCTN1/CEP120/NPHP4/NUBP1/CEP104/CEP350/RAB34/CCNF,up,FALSE
GOCC_NUCLEAR_MEMBRANE,GOCC_NUCLEAR_MEMBRANE,GO_CC,CD8,SF_vs_PB_CD8,1.46565985,0.330851393,0.00375897666,0.0337159748,213,67,MX1/LMNA/STX1A/NRM/CLIC1/GRK5/ARL6IP6/TMEM43/PSEN1/TMEM53/ALOX5AP/SYNE3/LMNB1/HABP4/ENO1/ANXA4/ATP2A3/NUTF2/MYOF/PML/SUN1/LMNB2/CTDNEP1/SMOX/ITPR3/CMTM3/NSMF/NPIPA1/ITPR1/FZR1/MFSD10/TBC1D20/DNAJB2/PAK1/SLC30A1/NUP153/SYNE2/RANGAP1/RIF1/TMX4/SEPHS1/ATP11B/IFI27/SPAG4/GCHFR/SNCA/SHISA5/DTX2/PAFAH1B1/KPNA2/NUP93/ABL1/OSBPL7/TNRC18/CBX3/QSOX2/LTC4S/BRIP1/CCND2/CASC3/LEMD2/INTS1/TMEM201/CERS2/ARFGAP1/EBP/PHF11,up,FALSE
GOCC_AUTOPHAGOSOME_MEMBRANE,GOCC_AUTOPHAGOSOME_MEMBRANE,GO_CC,CD8,SF_vs_PB_CD8,1.68839514,0.472294972,0.00376382798,0.0337159748,53,28,SNAP47/SH3GLB1/CHMP2A/ATG9A/WIPI1/LAMP2/CHMP4A/VAMP8/GABARAPL1/VMP1/CHMP1A/ATP13A2/CHMP5/TM9SF1/CHMP3/ULK1/RB1CC1/STX4/ATG4B/GABARAP/LAMP1/ATG16L1/WIPI2/CALCOCO2/MAP1LC3A/TEX264/RAB7A/WDR81,up,FALSE
GOCC_AXON_CYTOPLASM,GOCC_AXON_CYTOPLASM,GO_CC,CD8,SF_vs_PB_CD8,1.67735477,0.469206648,0.00433658441,0.0384420139,53,26,DYNLL1/HSBP1/TRIM46/KIF1C/BLOC1S1/ARMCX6/KIF3A/KIF21A/MAP1A/ARL8A/DYNC1H1/RAB21/AP3S1/KIF5A/KIF5B/PAFAH1B1/KIF3B/KIF1B/SNAPIN/KIF4A/BLOC1S2/HDAC6/ARMC10/ACTR10/RAB27B/HIF1A,up,FALSE
GOCC_ROUGH_ENDOPLASMIC_RETICULUM,GOCC_ROUGH_ENDOPLASMIC_RETICULUM,GO_CC,CD8,SF_vs_PB_CD8,-1.67908303,-0.440739657,0.00452349919,0.0393745242,51,13,SEC63/SEC61A1/SRPRB/SSR2/CKAP4/PLOD1/RPS21/RPL18/RPS28/RPL27/RPS23/RPL6/RPL4,down,FALSE
GOCC_PRERIBOSOME_LARGE_SUBUNIT_PRECURSOR,GOCC_PRERIBOSOME_LARGE_SUBUNIT_PRECURSOR,GO_CC,CD8,SF_vs_PB_CD8,-1.83538254,-0.642718409,0.00453431653,0.0393745242,16,8,ZNF622/NOC2L/MAK16/MRTO4/WDR12/NSA2/WDR74/RRS1,down,FALSE
GOCC_PLASMA_MEMBRANE_RAFT,GOCC_PLASMA_MEMBRANE_RAFT,GO_CC,CD8,SF_vs_PB_CD8,1.63155341,0.438813008,0.00486660992,0.0418331822,65,20,ATP1B1/EZR/ATP2B4/LRP8/FASLG/CTNNA1/F2R/CD8A/SLC2A1/MAPK3/ENTPD1/BMPR2/MYOF/PRKAR1A/DAG1/PRKACA/MAPK1/KIF18A/CORO1C/EFNA5,up,FALSE
GOCC_LATERAL_PLASMA_MEMBRANE,GOCC_LATERAL_PLASMA_MEMBRANE,GO_CC,CD8,SF_vs_PB_CD8,1.69173152,0.495904141,0.00499223615,0.0424839297,42,16,MYO1C/ATP1B1/IQGAP1/TBCD/ANXA1/GPSM2/ERBB3/SLC16A3/IQGAP3/VANGL1/CEACAM1/MPP7/CORO1C/ABCC1/NUMA1/RAB13,up,FALSE
GOCC_ENDOCYTIC_VESICLE_MEMBRANE,GOCC_ENDOCYTIC_VESICLE_MEMBRANE,GO_CC,CD8,SF_vs_PB_CD8,1.50955538,0.359471108,0.00518839337,0.0437160669,139,33,CD74/HLA-DQA2/HLA-DQB2/SLC2A8/AP2B1/CD9/TCIRG1/HLA-DRA/HLA-DRB5/HLA-DRB1/HLA-DQA1/LDLR/HLA-DPA1/HLA-DQB1/RAB35/EPS15/RAB11A/HLA-DPB1/RAB38/DNM2/MARCO/RAB11FIP1/MSR1/TAP1/SCARB2/ATP6V0B/LAMP2/RAB10/DYNC1LI1/CLTC/VAMP8/TAPBP/HLA-G,up,FALSE
GOCC_UNCONVENTIONAL_MYOSIN_COMPLEX,GOCC_UNCONVENTIONAL_MYOSIN_COMPLEX,GO_CC,CD8,SF_vs_PB_CD8,1.72830271,0.801763602,0.00526950552,0.0439642078,7,2,MYO1C/MYL6,up,FALSE
GOCC_INTERMEDIATE_FILAMENT_CYTOSKELETON,GOCC_INTERMEDIATE_FILAMENT_CYTOSKELETON,GO_CC,CD8,SF_vs_PB_CD8,1.65608373,0.464978648,0.0053925586,0.0445540521,52,18,VIM/LMNA/KRT86/PLEC/MICAL1/HLA-DRB1/LMNB1/LMNB2/SLC1A4/SESTD1/ADORA2A/NARF/IFFO2/SYNE2/EIF6/RAD51/RTN2/CLIP1,up,FALSE
GOCC_ACTIN_FILAMENT,GOCC_ACTIN_FILAMENT,GO_CC,CD8,SF_vs_PB_CD8,1.58976484,0.409519009,0.00545762499,0.044658066,83,34,MYO1C/EZR/IQGAP1/COTL1/PDLIM7/ANXA1/RAC1/CORO1B/MYO5A/PDLIM1/DUSP22/DMTN/TWF2/TPM4/PDLIM4/MYO9B/WIPF1/CORO2A/DIAPH1/LUZP1/CORO1C/PAK1/TPM3/GAS2L1/CORO7/MYO9A/TMSB15A/AFAP1/HCK/DIAPH3/RAC3/KEAP1/SRC/MARK2,up,FALSE
GOCC_NUCLEAR_PERIPHERY,GOCC_NUCLEAR_PERIPHERY,GO_CC,CD8,SF_vs_PB_CD8,1.71396908,0.549863201,0.00587931924,0.0472203744,28,14,LMNA/LMNB1/CASK/LMNB2/SP100/DAG1/NARF/NUP153/PCNA/RNF220/FAM111B/PRR14/NUP93/EIF6,up,FALSE
GOCC_FLEMMING_BODY,GOCC_FLEMMING_BODY,GO_CC,CD8,SF_vs_PB_CD8,1.73352736,0.588325736,0.00588173877,0.0472203744,22,7,CAPG/RACGAP1/CNTRL/TSG101/RALA/ARF6/KIF23,up,FALSE
GOCC_CLUSTER_OF_ACTIN_BASED_CELL_PROJECTIONS,GOCC_CLUSTER_OF_ACTIN_BASED_CELL_PROJECTIONS,GO_CC,CD8,SF_vs_PB_CD8,1.56479457,0.399269383,0.0060823456,0.0483745431,88,25,MYO1C/PLEC/CLIC1/RALGDS/MYL6/MYO7A/EZR/RAC1/GNA13/SLC27A4/MYL12B/CLIC5/TWF2/ENPEP/PLD2/CAPZA2/FLII/ITPR3/PIEZO1/VEZT/MYH9/CORO2A/TRIOBP/MFSD10/EPS8L2,up,FALSE
GOCC_P_BODY,GOCC_P_BODY,GO_CC,CD8,SF_vs_PB_CD8,1.57386972,0.407097075,0.00676121891,0.0531664088,81,20,APOBEC3G/APOBEC3C/APOBEC3H/APOBEC3F/APOBEC3D/ZC3H12A/CARHSP1/ISG20/AGO2/FAM184A/PSMC3/ZC3H12D/RC3H2/EIF4E2/PSMC2/SAMD4B/APOBEC3B/TRIM21/UBAP2/PSMA6,up,FALSE
GOCC_I_BAND,GOCC_I_BAND,GO_CC,CD8,SF_vs_PB_CD8,1.57835404,0.410048873,0.00680979854,0.0531664088,79,29,ACTN4/PLEC/ATP2B4/CAB39/FKBP1A/PDLIM7/RYR1/MYL12B/SLC2A1/PDLIM1/CSRP1/PPP3CA/TTN/PDLIM4/ASB2/PDE4B/SRI/PPP3CB/PARVB/SLC8A1/FKBP1B/PAK1/SYNE2/DNAJB6/KAT2B/NEBL/PPP1R12A/RTN2/FRG1,up,FALSE
GOCC_EXTRINSIC_COMPONENT_OF_SYNAPTIC_MEMBRANE,GOCC_EXTRINSIC_COMPONENT_OF_SYNAPTIC_MEMBRANE,GO_CC,CD8,SF_vs_PB_CD8,1.72671527,0.671320094,0.00762906584,0.0589988907,13,10,AP2B1/C1QA/AKAP9/FARP1/PICALM/C1QC/SARM1/PPP1R9B/CRKL/AP2M1,up,FALSE
GOCC_ENDOSOME_LUMEN,GOCC_ENDOSOME_LUMEN,GO_CC,CD8,SF_vs_PB_CD8,1.70507722,0.561692007,0.00769550749,0.0589988907,25,7,CTSB/CTSD/AP4M1/RAB38/CTSL/CD63/PDLIM4,up,FALSE
GOCC_INCLUSION_BODY,GOCC_INCLUSION_BODY,GO_CC,CD8,SF_vs_PB_CD8,1.63651776,0.472989906,0.00784861485,0.0592832345,45,20,CLU/PSEN1/HSPA1A/EPS15/MT3/HERPUD1/PINK1/HTT/TRIM37/PICALM/DNAJB2/NUP153/ATXN1/SNCA/ATXN3/KEAP1/PRNP/HDAC6/RNF32/SQSTM1,up,FALSE
GOCC_EXTRINSIC_COMPONENT_OF_PLASMA_MEMBRANE,GOCC_EXTRINSIC_COMPONENT_OF_PLASMA_MEMBRANE,GO_CC,CD8,SF_vs_PB_CD8,1.59547476,0.432557993,0.00787464975,0.0592832345,62,32,AP2B1/GNA15/GNB4/NOD2/CTNNA1/GNA13/GNG5/GNAZ/GNB1/TOLLIP/PPP3CA/C1QA/GNAI2/GNAS/GNB5/GNAI3/AKAP9/FARP1/PICALM/C1QC/JAK3/GNG2/ARAP1/SARM1/MYD88/PPP1R9B/GNB2/CRKL/TYK2/GNG4/GNA12/AP2M1,up,FALSE
GOCC_TRANS_GOLGI_NETWORK_MEMBRANE,GOCC_TRANS_GOLGI_NETWORK_MEMBRANE,GO_CC,CD8,SF_vs_PB_CD8,1.54288444,0.394286189,0.00794158488,0.0592832345,87,13,CD74/HLA-DQA2/HLA-DQB2/AP1S1/HLA-DRA/HLA-DRB5/HLA-DRB1/HLA-DQA1/HLA-DPA1/HLA-DQB1/AP4M1/RAB11A/HLA-DPB1,up,FALSE
GOCC_ENDOLYSOSOME,GOCC_ENDOLYSOSOME,GO_CC,CD8,SF_vs_PB_CD8,1.69112969,0.552375123,0.0081760354,0.060502662,26,9,CTSB/AP2B1/PRKCD/LDLR/CTSL/TPCN2/CLTC/CTSK/AP2A1,up,FALSE
GOCC_GAMMA_TUBULIN_COMPLEX,GOCC_GAMMA_TUBULIN_COMPLEX,GO_CC,CD8,SF_vs_PB_CD8,1.70411345,0.607810625,0.0087365473,0.0640931186,18,8,NME7/TUBG1/MARK4/PDE4B/CDK5RAP2/TUBGCP5/BRCA1/BLOC1S2,up,FALSE
GOCC_PHOSPHATASE_COMPLEX,GOCC_PHOSPHATASE_COMPLEX,GO_CC,CD8,SF_vs_PB_CD8,1.60652345,0.45283547,0.00905163209,0.0658370847,51,23,ANKRD28/AKAP5/HRAS/PPP4R1/PPP3CA/KRAS/CTDNEP1/NRAS/ITPR1/PPP3CB/PPP2CB/PPP3R1/IER5/PPP2R5D/NKD1/PPP1R12A/PPP1CB/PPP1R3B/PPP2R5A/PPP1R9B/PPP1R3D/PPP2R1B/WDR82,up,FALSE
GOCC_LATERAL_ELEMENT,GOCC_LATERAL_ELEMENT,GO_CC,CD8,SF_vs_PB_CD8,1.7093796,0.678562925,0.0092550912,0.0667464628,12,8,BRCA2/SMC3/RAD51/SYCP2/BRCA1/REC8/INCENP/DMC1,up,FALSE
GOCC_ATPASE_DEPENDENT_TRANSMEMBRANE_TRANSPORT_COMPLEX,GOCC_ATPASE_DEPENDENT_TRANSMEMBRANE_TRANSPORT_COMPLEX,GO_CC,CD8,SF_vs_PB_CD8,1.63477035,0.484164783,0.00968547347,0.0692633439,40,20,ATP1B1/TCIRG1/ABCB10/ATP2A2/FXYD2/ATP6V0B/ATP1B3/ATP6V1E1/ABCB8/FECH/ABCD4/ATP6V1D/ATP6V1B2/RNASEK/CHP1/FXYD5/ATP6V0D1/TESC/ATP6V1F/ABCA2,up,FALSE
GOCC_SCF_UBIQUITIN_LIGASE_COMPLEX,GOCC_SCF_UBIQUITIN_LIGASE_COMPLEX,GO_CC,CD8,SF_vs_PB_CD8,1.54897966,0.40702746,0.0103993014,0.0736293525,74,27,RBX1/FBXO30/CKS1B/SPSB1/FBXO2/CKS2/FBXO45/FBXL19/FBXL3/KDM2B/FBXO6/SPSB2/FBXO5/FBXO43/TRIM21/TSPAN17/FBXL8/CUL7/FBXW4/FBXW2/FBXO11/FBXL6/FBXO31/FBXO34/FBXO25/CCNF/FBXO10,up,FALSE
GOCC_NEURON_PROJECTION_CYTOPLASM,GOCC_NEURON_PROJECTION_CYTOPLASM,GO_CC,CD8,SF_vs_PB_CD8,1.55217419,0.409707525,0.0104690384,0.0736293525,72,37,DYNLL1/HSBP1/TRIM46/KIF1C/BLOC1S1/ARMCX6/KIF3A/KIF21A/MAP1A/ARL8A/KIFC2/DYNC1H1/RAB21/AP3S1/KIF5A/KIF5B/FMR1/PAFAH1B1/KIF3B/KIF1B/SNAPIN/KIF4A/ABHD12/BLOC1S2/STAU1/HDAC6/ARMC10/ACTR10/HNRNPAB/RAB27B/HIF1A/MAP2K1/SOD1/DLG4/TRAK2/AP3D1/AP3M2,up,FALSE
GOCC_CHAPERONIN_CONTAINING_T_COMPLEX,GOCC_CHAPERONIN_CONTAINING_T_COMPLEX,GO_CC,CD8,SF_vs_PB_CD8,-1.74099916,-0.720756334,0.0106980123,0.0746230201,9,6,CCT8/CCT2/CCT5/CCT7/CCT4/CCT3,down,FALSE
GOCC_EXTRINSIC_COMPONENT_OF_MEMBRANE,GOCC_EXTRINSIC_COMPONENT_OF_MEMBRANE,GO_CC,CD8,SF_vs_PB_CD8,1.48553857,0.368115668,0.0108982676,0.075401835,106,47,AP2B1/PDE4A/GNA15/GNB4/NOD2/CTNNA1/GNA13/GNG5/GNAZ/GNB1/TOLLIP/PPP3CA/C1QA/ZFYVE1/GNAI2/GNAS/GNB5/GNAI3/AKAP9/ARHGEF40/FARP1/PICALM/PIK3R6/GRIPAP1/PIK3CD/C1QC/JAK3/SNX10/PIK3CG/GNG2/ULK1/PIK3CB/RB1CC1/ATP6V1B2/ARAP1/SARM1/MYD88/PRNP/PPP1R9B/GNB2/PIK3CA/CRKL/TYK2/GNG4/GNA12/COQ4/AP2M1,up,FALSE
GOCC_LYSOSOMAL_LUMEN,GOCC_LYSOSOMAL_LUMEN,GO_CC,CD8,SF_vs_PB_CD8,1.55330577,0.415350057,0.0111306573,0.07588947,67,23,CD74/CTSB/HGSNAT/SDC4/IDS/CTSD/FASLG/GPC1/CTSL/PPT1/OGN/EPDR1/IFI30/GUSB/ARSA/SCARB2/TCN2/LAMP2/ATP13A2/NEU1/TPP1/CTSK/GYG1,up,FALSE
GOCC_MITOTIC_SPINDLE_MIDZONE,GOCC_MITOTIC_SPINDLE_MIDZONE,GO_CC,CD8,SF_vs_PB_CD8,1.69011432,0.687736945,0.0111471019,0.07588947,11,7,KIF20B/PRC1/CENPE/RCC2/KIF18B/KIF18A/NUMA1,up,FALSE
GOCC_RNA_CAP_BINDING_COMPLEX,GOCC_RNA_CAP_BINDING_COMPLEX,GO_CC,CD8,SF_vs_PB_CD8,-1.72936453,-0.628736391,0.0114531462,0.077354186,14,5,EIF4A1/NCBP2/EIF4A2/EIF4EBP3/EIF4B,down,FALSE
GOCC_SARCOLEMMA,GOCC_SARCOLEMMA,GO_CC,CD8,SF_vs_PB_CD8,1.54240209,0.409239623,0.0116637148,0.0775922062,70,25,ANXA5/ANXA2/PLEC/ATP1B1/SGCB/AHNAK/ATP2B4/CIB1/PSEN1/ANXA1/RYR1/CACNB2/SLC2A1/PPP3CA/ITGB1/DAG1/STAC/SRI/PPP3CB/SLC8A1/CORO1C/SLC30A1/PPP3R1/VCAM1/BSG,up,FALSE
GOCC_AZUROPHIL_GRANULE,GOCC_AZUROPHIL_GRANULE,GO_CC,CD8,SF_vs_PB_CD8,1.46472749,0.357127484,0.0116707431,0.0775922062,118,49,ANXA2/CD68/CYB5R3/PRKCD/FABP5/PSEN1/HEBP2/SURF4/GGH/STX7/TOLLIP/IMPDH1/CD63/DNAJC5/ARL8A/STXBP2/DYNC1H1/MAPK1/GUSB/GCA/ARSA/TUBB4B/DNAJC13/GRN/LAMP2/CAP1/VAMP8/STK11IP/ATP11B/CPPED1/PSMD1/CMTM6/VAMP1/AGA/TRAPPC1/TOM1/NDUFC2/RAB5C/FPR1/DSN1/ACLY/BRI3/LAMP1/GM2A/GLB1/ACTR10/IST1/ARSB/ATP8A1,up,FALSE
GOCC_EUKARYOTIC_TRANSLATION_INITIATION_FACTOR_3_COMPLEX_EIF3M,GOCC_EUKARYOTIC_TRANSLATION_INITIATION_FACTOR_3_COMPLEX_EIF3M,GO_CC,CD8,SF_vs_PB_CD8,-1.70407725,-0.762523912,0.011820331,0.0776982287,7,5,EIF3I/EIF3D/EIF3M/EIF3F/EIF3H,down,FALSE
GOCC_EXTERNAL_SIDE_OF_PLASMA_MEMBRANE,GOCC_EXTERNAL_SIDE_OF_PLASMA_MEMBRANE,GO_CC,CD8,SF_vs_PB_CD8,1.37988828,0.309018722,0.0119478639,0.0776982287,229,54,CD74/ANXA5/CXCR3/ANTXR2/LAG3/ITGA2/CD2/CTSB/PDCD1/CD9/ABCG1/CCR5/IL2RB/CD27/ITGA3/ALCAM/HLA-DRB1/LDLR/ECE1/CD86/CD8A/IL9R/FAS/ULBP2/ITGA1/CD276/ENTPD1/SLC7A5/CD200R1/TNFRSF18/MUC16/ITGB1/ENPEP/ITGAE/DAG1/CD84/CTLA4/CXCR6/IL4R/MCAM/TCN2/BTNL8/EFNA5/ITGAX/BTN2A2/HLA-G/CLEC10A/HEG1/TNFRSF9/TNF/FOLR2/CD80/ENOX1/VCAM1,up,FALSE
GOCC_TRANS_GOLGI_NETWORK,GOCC_TRANS_GOLGI_NETWORK,GO_CC,CD8,SF_vs_PB_CD8,1.38984736,0.314884151,0.0120291633,0.0776982287,207,52,CD74/HLA-DQA2/GGA2/HLA-DQB2/AP1S1/GCNT1/LAP3/HLA-DRA/HLA-DRB5/ATP8B4/HLA-DRB1/HLA-DQA1/HLA-DPA1/OPTN/RAC1/HLA-DQB1/AP4M1/RAB11A/HLA-DPB1/RAB38/PLOD3/SYT11/MYO18A/TGFBI/ATG9A/GNAS/MICALL1/WIPI1/RAB21/YIPF1/PARP12/ASAP1/GRN/ATP8B2/LAMP2/RAB10/CLTC/ATP8B3/OSBPL11/FUT4/VPS54/CORO7/YIPF5/LLGL1/RAB13/OTOF/DPY30/MS4A6A/ATP2C1/PLD4/CLTB/GOLGA1,up,FALSE
GOCC_MCM_COMPLEX,GOCC_MCM_COMPLEX,GO_CC,CD8,SF_vs_PB_CD8,1.68246121,0.684622761,0.0120518992,0.0776982287,11,9,MCM6/MCM3/MCMBP/MCM2/MCM4/MCM5/MCM7/TONSL/MMS22L,up,FALSE
GOCC_MEIOTIC_SPINDLE,GOCC_MEIOTIC_SPINDLE,GO_CC,CD8,SF_vs_PB_CD8,1.68043205,0.683797061,0.0123233383,0.0788138757,11,9,SKA2/CNTRL/AURKA/FBXO5/ASPM/SKA3/HSPA2/INCENP/SIRT2,up,FALSE
GOCC_G_PROTEIN_COUPLED_RECEPTOR_COMPLEX,GOCC_G_PROTEIN_COUPLED_RECEPTOR_COMPLEX,GO_CC,CD8,SF_vs_PB_CD8,-1.65543385,-0.82300931,0.0124101755,0.0788138757,5,4,RAMP1/CXCR1/CXCR2/CMKLR1,down,FALSE
GOCC_CYTOPLASMIC_REGION,GOCC_CYTOPLASMIC_REGION,GO_CC,CD8,SF_vs_PB_CD8,1.3978419,0.321157614,0.0131443151,0.0828578679,185,85,MAP4/NME7/RPGR/DYNLL1/HSBP1/TRIM46/B9D2/SPTBN5/GPSM2/KIF1C/BLOC1S1/ARMCX6/RIMS3/KIF3A/PRKAR1A/SSNA1/ENKD1/DYNC2H1/BBS7/TUBA1A/CCDC40/KIF21A/MAP1A/ARL8A/PRKACA/KIFC2/DYNC1H1/MARK4/RAB21/TUBB4B/AP3S1/INPP5E/CENPF/RIBC2/SAPCD2/NUMA1/KIF5A/CLASP1/WDR35/KIF5B/FMR1/ARL13B/PAFAH1B1/KIF3B/KIF1B/MAK/SNAPIN/KIF4A/TULP3/DNAL1/ABHD12/DCTN1/BLOC1S2/STAU1/HDAC6/NUBP1/ARMC10/GABARAP/CCDC17/ATG7/ACTR10/HNRNPAB/RAB27B/HIF1A/MAP2K1/ARL6/SPAG16/ATG16L1/SOD1/USP9X/DLG4/TRAK2/FBXL13/PKD2/AP3D1/AP3M2/PRKCZ/OSBPL2/STAU2/MYO5B/CCDC39/TPGS1/NPHP1/ARFGEF2/SPAST,up,FALSE
GOCC_CYTOPLASMIC_MICROTUBULE,GOCC_CYTOPLASMIC_MICROTUBULE,GO_CC,CD8,SF_vs_PB_CD8,1.55605102,0.428857365,0.0136150693,0.0851942939,57,23,NME7/ARHGAP18/REEP4/ARL3/PDE4DIP/ENKD1/TUBG1/CYLD/TUBA1A/DYNC1H1/KIF18B/TUBA1C/TUBB4B/KIF18A/RIBC2/NUMA1/TUBA1B/CLASP1/PAFAH1B1/FAM161A/GTSE1/DYNLT1/DYNLT3,up,FALSE
GOCC_CILIARY_ROOTLET,GOCC_CILIARY_ROOTLET,GO_CC,CD8,SF_vs_PB_CD8,1.63375916,0.757904632,0.0146581316,0.0909236418,7,4,PSEN1/KIF5A/KIF5B/SPAG5,up,FALSE
GOCC_MRNA_EDITING_COMPLEX,GOCC_MRNA_EDITING_COMPLEX,GO_CC,CD8,SF_vs_PB_CD8,1.60313922,0.821810128,0.0147443744,0.0909236418,5,2,APOBEC3G/APOBEC3F,up,FALSE
GOCC_CORTICAL_CYTOSKELETON,GOCC_CORTICAL_CYTOSKELETON,GO_CC,CD8,SF_vs_PB_CD8,1.51600856,0.401249643,0.0153140089,0.0937569897,71,26,ACTN4/EZR/IQGAP1/HIP1/COTL1/SPTBN5/AKAP13/SLC2A1/MYADM/GSN/DMTN/TPM4/PDE4DIP/LASP1/CAPZA2/PIEZO1/RTKN/NSMF/MYH9/CFL1/ANLN/CAP1/MPP1/NUMA1/LLGL1/CLASP1,up,FALSE
GOCC_ATPASE_COMPLEX,GOCC_ATPASE_COMPLEX,GO_CC,CD8,SF_vs_PB_CD8,1.42758066,0.343329963,0.0157720226,0.0954621876,130,49,MYO1C/MBD2/TCIRG1/CDK2AP2/DPF3/TFPT/CHD3/SMARCD2/NPLOC4/LUZP1/ATP6V0B/SUZ12/ATP6V1E1/SS18/ZNHIT1/CHD4/DEK/AMFR/PHF10/ATP6V1D/INO80C/ARID2/ATP6V1B2/HMGXB4/BAZ1B/ACTL6A/CHRAC1/UBXN2B/FAF1/INO80D/RNASEK/BAZ2A/PBRM1/SRCAP/SMARCC1/DERL3/BCL7C/MBD3/SMARCA4/INO80/SMARCE1/ATP6V0D1/ATP6V1F/SS18L1/MTA1/UBXN2A/UBXN6/BCL7B/ATP6V1A,up,FALSE
GOCC_MITOCHONDRIAL_PROTEIN_CONTAINING_COMPLEX,GOCC_MITOCHONDRIAL_PROTEIN_CONTAINING_COMPLEX,GO_CC,CD8,SF_vs_PB_CD8,-1.36524177,-0.291813848,0.0158168842,0.0954621876,166,55,MICU2/MRPL21/SMDT1/TRMT10B/TIMM21/TMEM186/TIMM8A/MRPS10/HSPA9/MRPL48/TIMM22/MRPL24/IMMP1L/ECSIT/GRPEL1/MICU3/AGK/MRPL9/MRPS26/MRPL14/TIMM10B/MRPL55/MRPL44/MRPL20/MRPS25/MRPL3/MRPL11/MRPL40/MRPL46/MRPS30/MRPS35/MRPS9/MRPL10/TRMT10C/MRPL34/MRPS33/ISCA2/SLC25A4/MRPS31/DNAJC19/PMPCB/MRPS18B/MRPS2/TOMM20/APOOL/TOMM7/TIMM9/MRPS27/DAP3/MRPL45/PHB2/SLC25A6/TOMM22/IMMP2L/FXN,down,FALSE
GOCC_FICOLIN_1_RICH_GRANULE_MEMBRANE,GOCC_FICOLIN_1_RICH_GRANULE_MEMBRANE,GO_CC,CD8,SF_vs_PB_CD8,1.56329264,0.456119278,0.0167553058,0.10041384,43,17,CD58/LGALS3/PTPRN2/DYNLL1/NBEAL2/TCIRG1/RAC1/RHOA/CD93/ARL8A/DIAPH1/LAMP2/DYNC1LI1/ITGAX/ADAM8/UBR4/NCKAP1L,up,FALSE
GOCC_ENDOPEPTIDASE_COMPLEX,GOCC_ENDOPEPTIDASE_COMPLEX,GO_CC,CD8,SF_vs_PB_CD8,1.46259321,0.368600268,0.0170599416,0.100947995,95,35,CAPNS1/PSMD8/PSMA7/PSMC1/CAPN1/CASP3/PSMB6/CASP6/PSMC3/GPAA1/HTRA2/CASP7/ADRM1/DNAJB2/PSMC2/PSMB3/PSMD14/PSMD10/PSMA6/PSMD9/PSMD1/PSMD7/UBE3C/CASP9/PSMB1/PSMB7/PIGS/PIGT/CAPN2/PLAU/PSME4/CASP2/PSMD11/PSMB2/SEC11A,up,FALSE
GOCC_GRANULAR_COMPONENT,GOCC_GRANULAR_COMPONENT,GO_CC,CD8,SF_vs_PB_CD8,-1.64543102,-0.773415191,0.0170816819,0.100947995,6,5,CARF/RRP1B/CDKN2AIP/NPM1/FBL,down,FALSE
GOCC_BRCA1_C_COMPLEX,GOCC_BRCA1_C_COMPLEX,GO_CC,CD8,SF_vs_PB_CD8,1.58757925,0.813833689,0.0177384427,0.103915817,5,3,BARD1/RBBP8/BRCA1,up,FALSE
GOCC_CLATHRIN_COATED_PIT,GOCC_CLATHRIN_COATED_PIT,GO_CC,CD8,SF_vs_PB_CD8,1.52673642,0.420778078,0.0178280955,0.103915817,57,22,AP1S1/AP2B1/GAS7/LDLR/RAB35/EPS15/BMPR2/TNK2/DNM2/PICALM/CLTC/VLDLR/LRP10/NUMB/TFRC/AP2A1/CLTB/FNBP1/SNX9/FCHO1/INPP5F/AP2M1,up,FALSE
GOCC_CASPASE_COMPLEX,GOCC_CASPASE_COMPLEX,GO_CC,CD8,SF_vs_PB_CD8,1.6323034,0.611064932,0.0180312065,0.10438474,15,11,CAPNS1/CAPN1/CASP3/CASP6/GPAA1/CASP7/CASP9/PIGS/PIGT/CAPN2/CASP2,up,FALSE
GOCC_SNO_S_RNA_CONTAINING_RIBONUCLEOPROTEIN_COMPLEX,GOCC_SNO_S_RNA_CONTAINING_RIBONUCLEOPROTEIN_COMPLEX,GO_CC,CD8,SF_vs_PB_CD8,-1.63078034,-0.511110697,0.0185189554,0.106483993,24,13,SNRNP40/RRP9/TERC/RPP40/MPHOSPH10/NAF1/NHP2/RPP25/NOP56/DKC1/RPP25L/POP5/FBL,down,FALSE
GOCC_CMG_COMPLEX,GOCC_CMG_COMPLEX,GO_CC,CD8,SF_vs_PB_CD8,1.63388813,0.664857531,0.0191455095,0.10824805,11,11,MCM6/GINS1/MCM3/CDC45/MCM2/MCM4/MCM5/MCM7/GINS2/GINS3/GINS4,up,FALSE
GOCC_CONTRACTILE_RING,GOCC_CONTRACTILE_RING,GO_CC,CD8,SF_vs_PB_CD8,1.63311516,0.682225909,0.0192028196,0.10824805,10,6,KIF20B/PRC1/DAG1/RTKN/MYH9/ANLN,up,FALSE
GOCC_CONDENSIN_COMPLEX,GOCC_CONDENSIN_COMPLEX,GO_CC,CD8,SF_vs_PB_CD8,1.62301209,0.724094356,0.0192073508,0.10824805,8,6,SMC4/NCAPH/NCAPG/NCAPH2/SMC2/NCAPD3,up,FALSE
GOCC_MEIOTIC_COHESIN_COMPLEX,GOCC_MEIOTIC_COHESIN_COMPLEX,GO_CC,CD8,SF_vs_PB_CD8,1.60058187,0.777140416,0.0195599022,0.10950971599999999,6,5,STAG3/SMC3/SMC1A/RAD21/REC8,up,FALSE
GOCC_CELL_DIVISION_SITE,GOCC_CELL_DIVISION_SITE,GO_CC,CD8,SF_vs_PB_CD8,1.5345601,0.443521881,0.0198044498,0.110106267,45,22,ECT2/PSTPIP1/RACGAP1/RHOA/RAB11A/RHOB/ITGB1/RALA/PITPNM1/SSH1/RTKN/RAB11FIP4/RAB21/MYH9/PSD4/ARF6/ANLN/PLCD3/MASTL/PLK4/CEP55/DIAPH3,up,FALSE
GOCC_POSTSYNAPTIC_MEMBRANE,GOCC_POSTSYNAPTIC_MEMBRANE,GO_CC,CD8,SF_vs_PB_CD8,1.42684101,0.351493393,0.0199252234,0.110106267,110,36,SLC6A6/STX1A/NOTCH1/LRP8/RGS9/CLSTN3/LRFN4/AKAP5/RAC1/F2R/FAIM2/SRGAP2/ERBB3/CHRNB1/DNM2/DLG3/PLXNB1/NETO2/C1QA/FBXO45/DAG1/PDLIM4/CNIH2/GNB5/ADORA2A/AKAP9/FARP1/PICALM/SLC30A1/ABHD6/C1QC/FMR1/GRM2/KCTD12/SCRIB/CHRNA5,up,FALSE
GOCC_PROTEASOME_REGULATORY_PARTICLE_BASE_SUBCOMPLEX,GOCC_PROTEASOME_REGULATORY_PARTICLE_BASE_SUBCOMPLEX,GO_CC,CD8,SF_vs_PB_CD8,1.62304037,0.644289319,0.020562868,0.111650785,12,6,PSMC1/PSMC3/PSMC2/PSMD10/PSMD9/PSMD1,up,FALSE
GOCC_SYNAPTOBREVIN_2_SNAP_25_SYNTAXIN_1A_COMPLEX,GOCC_SYNAPTOBREVIN_2_SNAP_25_SYNTAXIN_1A_COMPLEX,GO_CC,CD8,SF_vs_PB_CD8,1.57356378,0.806648999,0.0205818661,0.111650785,5,3,STX1A/VAMP1/NAPA,up,FALSE
GOCC_CLATHRIN_ADAPTOR_COMPLEX,GOCC_CLATHRIN_ADAPTOR_COMPLEX,GO_CC,CD8,SF_vs_PB_CD8,1.59736014,0.536128091,0.0207048688,0.111650785,23,5,AP1S1/AP2B1/AP4M1/EPS15/AP1G2,up,FALSE
GOCC_BRUSH_BORDER,GOCC_BRUSH_BORDER,GO_CC,CD8,SF_vs_PB_CD8,1.51019383,0.417566544,0.0207295229,0.111650785,56,17,MYO1C/PLEC/CLIC1/RALGDS/MYL6/EZR/GNA13/SLC27A4/MYL12B/ENPEP/PLD2/CAPZA2/FLII/ITPR3/MYH9/CORO2A/MFSD10,up,FALSE
GOCC_NUCLEAR_UBIQUITIN_LIGASE_COMPLEX,GOCC_NUCLEAR_UBIQUITIN_LIGASE_COMPLEX,GO_CC,CD8,SF_vs_PB_CD8,1.50680961,0.416630811,0.0213320306,0.114173321,56,22,CBX6/BARD1/BCOR/BRCA2/MAD2L2/TFDP1/AUTS2/BUB1B/KDM2B/PCGF3/CSNK2B/FZR1/UBE2C/CUL7/RAD51/BRCA1/RYBP/CSNK2A2/PHC2/PCGF1/PCGF5/ANAPC11,up,FALSE
GOCC_SEH1_ASSOCIATED_COMPLEX,GOCC_SEH1_ASSOCIATED_COMPLEX,GO_CC,CD8,SF_vs_PB_CD8,-1.65318471,-0.614531693,0.0214701765,0.114194502,13,5,WDR59/NPRL3/NPRL2/SESN2/SESN1,down,FALSE
GOCC_UBIQUITIN_LIGASE_COMPLEX,GOCC_UBIQUITIN_LIGASE_COMPLEX,GO_CC,CD8,SF_vs_PB_CD8,1.29830389,0.279927546,0.0221493461,0.117075115,330,109,DDB2/RBX1/FBXO30/UBE2A/CBX6/CKS1B/BARD1/BCOR/SPSB1/BRCA2/FBXO2/UBAC1/HERPUD1/MAD2L2/DCAF15/KCTD17/CKS2/FBXO45/FBXL19/IVNS1ABP/FBXL3/TFDP1/AUTS2/BUB1B/ZSWIM8/KDM2B/PCGF3/KCTD2/FBXO6/CSNK2B/SPSB2/ASB2/FZR1/UBE2C/SPOPL/KBTBD2/FBXO5/YPEL5/KLHL6/DDA1/FBXO43/IKBKG/RBCK1/TRIM21/TSPAN17/FBXL8/TRAF2/SMURF2/KLHL7/KCTD10/UBR4/ASB1/TRAF3/SEL1L/CUL7/AMFR/KLHL2/RAD51/MGRN1/RNF19A/FBXW4/RAB40C/CUL9/KBTBD6/BRCA1/MED31/RNF7/KLHL21/WDR26/DCAF11/UBE2L3/FBXW2/KEAP1/RYBP/RNF19B/DCAF6/FEM1C/FBXO11/CSNK2A2/FBXL6/FBXO31/FBXO34/RNF123/HDAC6/FBXO25/RANBP9/CCNF/KLHL17/KCMF1/FBXO10/KLHL5/PHC2/MEGF8/PCGF1/DCUN1D5/ANKIB1/KLHDC10/CUL3/LZTR1/ANKRD9/SUGT1/PCGF5/FBXO7/ANAPC11/FBXO41/RMND5B/TNFAIP1/TRPC4AP/ZSWIM4,up,FALSE
GOCC_LEADING_EDGE_MEMBRANE,GOCC_LEADING_EDGE_MEMBRANE,GO_CC,CD8,SF_vs_PB_CD8,1.41421496,0.347456446,0.0224616786,0.117993139,112,29,PLEKHO1/MYO1C/CD44/KCNN4/PDE4A/EZR/CIB1/AKAP5/RAC1/SH3BGRL3/RHOA/DOCK8/ITGB1/PTPRJ/TLN1/PIEZO1/VEZT/ADORA2A/PSD4/DIAPH1/CFL1/ADAM17/CORO1C/EPS8L2/PIP5K1C/KSR1/PAK1/SYNE2/FGD2,up,FALSE
GOCC_EUKARYOTIC_TRANSLATION_ELONGATION_FACTOR_1_COMPLEX,GOCC_EUKARYOTIC_TRANSLATION_ELONGATION_FACTOR_1_COMPLEX,GO_CC,CD8,SF_vs_PB_CD8,-1.59673607,-0.793827339,0.0231784549,0.121011443,5,4,EEF1D/EEF1G/EEF1A1/EEF1B2,down,FALSE
GOCC_GLIAL_CELL_PROJECTION,GOCC_GLIAL_CELL_PROJECTION,GO_CC,CD8,SF_vs_PB_CD8,1.59358019,0.56026181,0.0234488811,0.12137877,19,10,SLC1A1/MT3/TMEM50A/ITGB1/PINK1/SLC4A8/GLUL/EIF2S1/FMR1/GRM2,up,FALSE
GOCC_AUTOPHAGOSOME,GOCC_AUTOPHAGOSOME,GO_CC,CD8,SF_vs_PB_CD8,1.41538706,0.350219894,0.0235340741,0.12137877,107,38,OPTN/SNAP47/SH3GLB1/CHMP2A/PIP4K2C/IRGQ/ZFYVE1/ATG9A/WIPI1/HTT/DAPK2/LAMP2/RAB3GAP2/TP53INP1/CHMP4A/VAMP8/TRIM21/GABARAPL1/VMP1/CHMP1A/ATP13A2/CHMP5/TM9SF1/CHMP3/OSBPL7/ULK1/RB1CC1/VPS33A/STX4/FTH1/ATG4B/GABARAP/SQSTM1/FYCO1/LAMP1/TBC1D25/TICAM1/GRAMD1A,up,FALSE
GOCC_MONOATOMIC_ION_CHANNEL_COMPLEX,GOCC_MONOATOMIC_ION_CHANNEL_COMPLEX,GO_CC,CD8,SF_vs_PB_CD8,1.40967661,0.347756106,0.0243360813,0.124759067,109,51,KCNN4/STX1A/CLIC1/FKBP1A/RYR1/CACNB2/TTYH3/CHRNB1/CLIC5/KCNK5/DLG3/CALM2/TPCN2/PRKACA/SESTD1/CNIH2/PDE4B/AKAP9/CLCN7/KCNK6/TRPC3/FKBP1B/ABHD6/ABCB8/KCNA6/HSPA2/CHRNA5/SLC26A6/UNC80/CACNB3/CLIC4/PTK2B/CATSPER1/LRRC8B/CATSPERG/ABHD12/HCN2/HCN3/LRRC8C/CALM3/PKD1/KCNC4/CACNB1/PDE4D/TMEM109/KCNA2/KCNAB2/CLCN2/DLG4/KCNMB3/CYBB,up,FALSE
GOCC_CILIARY_TIP,GOCC_CILIARY_TIP,GO_CC,CD8,SF_vs_PB_CD8,1.53998836,0.469538027,0.0249125357,0.126949508,35,10,DYNLL1/KIF3C/DYNLRB1/KIF3A/CYLD/DYNC2H1/IFT81/PSMA6/WDR35/KIF3B,up,FALSE
GOCC_CYTOPLASMIC_SIDE_OF_ROUGH_ENDOPLASMIC_RETICULUM_MEMBRANE,GOCC_CYTOPLASMIC_SIDE_OF_ROUGH_ENDOPLASMIC_RETICULUM_MEMBRANE,GO_CC,CD8,SF_vs_PB_CD8,-1.62254337,-0.726039927,0.0251805583,0.127551518,7,4,RPS26/RPS29/RPS28/RPL27,down,FALSE
GOCC_EUKARYOTIC_TRANSLATION_INITIATION_FACTOR_4F_COMPLEX,GOCC_EUKARYOTIC_TRANSLATION_INITIATION_FACTOR_4F_COMPLEX,GO_CC,CD8,SF_vs_PB_CD8,-1.6246126,-0.618069279,0.0270774767,0.136348714,12,4,EIF4A1/EIF4A2/EIF4EBP3/EIF4B,down,FALSE
GOCC_RSC_TYPE_COMPLEX,GOCC_RSC_TYPE_COMPLEX,GO_CC,CD8,SF_vs_PB_CD8,1.57706486,0.601288772,0.0284833936,0.140109419,14,11,SMARCD2/SUZ12/PHF10/ARID2/ACTL6A/PBRM1/SMARCC1/SMARCA4/SMARCE1/SMARCD1/SMARCB1,up,FALSE
GOCC_PROTEASOME_COMPLEX,GOCC_PROTEASOME_COMPLEX,GO_CC,CD8,SF_vs_PB_CD8,1.46282301,0.39797021,0.0286637583,0.140109419,61,18,PSMD8/PSMA7/PSMC1/PSMB6/PSMC3/ADRM1/DNAJB2/PSMC2/PSMB3/PSMD14/PSMD10/PSMA6/PSMD9/PSMD1/PSMD7/UBE3C/PSMB1/PSMB7,up,FALSE
GOCC_SPECTRIN_ASSOCIATED_CYTOSKELETON,GOCC_SPECTRIN_ASSOCIATED_CYTOSKELETON,GO_CC,CD8,SF_vs_PB_CD8,-1.60671861,-0.718958816,0.0287808793,0.140109419,7,3,EPB41/ANK1/ADD3,down,FALSE
GOCC_POSTSYNAPTIC_SPECIALIZATION,GOCC_POSTSYNAPTIC_SPECIALIZATION,GO_CC,CD8,SF_vs_PB_CD8,-1.28124595,-0.266352347,0.028981526,0.140109419,206,30,GOPC/NEURL1/INPP4A/LYN/NEO1/IQSEC3/KALRN/GPHN/RPS19/RPL14/RPS27/RPS25/ARHGAP32/RPL38/RPL12/ADAM10/RPL30/RPL8/RPS14/CAMK2D/RPLP0/RPS3/RPL6/RPL18A/EIF3E/RPL10A/RPS18/RPL7/RPS13/ADD3,down,FALSE
GOCC_RUFFLE_MEMBRANE,GOCC_RUFFLE_MEMBRANE,GO_CC,CD8,SF_vs_PB_CD8,1.43504676,0.375437862,0.0290112399,0.140109419,76,22,PLEKHO1/MYO1C/KCNN4/PDE4A/EZR/CIB1/RAC1/SH3BGRL3/RHOA/ITGB1/PTPRJ/TLN1/PSD4/DIAPH1/CFL1/ADAM17/CORO1C/EPS8L2/PIP5K1C/KSR1/PAK1/FGD2,up,FALSE
GOCC_CYTOPLASMIC_RIBONUCLEOPROTEIN_GRANULE,GOCC_CYTOPLASMIC_RIBONUCLEOPROTEIN_GRANULE,GO_CC,CD8,SF_vs_PB_CD8,1.3338276,0.3061811,0.0290799233,0.140109419,186,42,APOBEC3G/APOBEC3C/APOBEC3H/HELZ2/APOBEC3F/APOBEC3D/IQGAP1/ANG/RAC1/TDRD7/ZC3H12A/CARHSP1/TRIM25/HABP4/ROCK1/ISG20/AGO2/TUBA1A/FAM184A/LARP1/KHNYN/ZNFX1/ENDOV/SMG1/PSMC3/SNRPG/PARP12/ZC3H12D/RC3H2/ATXN2L/EIF4E2/PSMC2/SAMD4B/FXR2/APOBEC3B/TRIM21/UBAP2/PSMA6/LARP4B/EIF2S1/LIMD1/FMR1,up,FALSE
GOCC_MYOSIN_II_COMPLEX,GOCC_MYOSIN_II_COMPLEX,GO_CC,CD8,SF_vs_PB_CD8,1.5842052,0.644640681,0.029134471,0.140109419,11,4,MYL6/MYL12B/MYO18A/MYH9,up,FALSE
GOCC_FIBRILLAR_CENTER,GOCC_FIBRILLAR_CENTER,GO_CC,CD8,SF_vs_PB_CD8,-1.40185088,-0.335081956,0.0291414419,0.140109419,82,17,TAF4B/IP6K2/USP44/URB1/EEF1D/AFF4/NOP56/DKC1/COIL/UBTF/POLR1B/NOLC1/WDR43/SESN1/RPL21/FBL/EIF3L,down,FALSE
GOCC_DNA_REPLICATION_PREINITIATION_COMPLEX,GOCC_DNA_REPLICATION_PREINITIATION_COMPLEX,GO_CC,CD8,SF_vs_PB_CD8,1.58093932,0.627576698,0.0297279291,0.141900998,12,11,MCM6/GINS1/MCM3/CDC45/MCM2/MCM4/MCM5/MCM7/GINS2/GINS3/GINS4,up,FALSE
GOCC_PCG_PROTEIN_COMPLEX,GOCC_PCG_PROTEIN_COMPLEX,GO_CC,CD8,SF_vs_PB_CD8,1.47338587,0.413682567,0.029847566,0.141900998,52,20,CBX6/BCOR/ASXL2/ASXL1/TFDP1/AUTS2/KDM2B/PCGF3/CSNK2B/TRIM37/EZH2/SUZ12/PHF19/EED/RYBP/CSNK2A2/BAP1/EZH1/PHC2/PCGF1,up,FALSE
GOCC_ELONGATOR_HOLOENZYME_COMPLEX,GOCC_ELONGATOR_HOLOENZYME_COMPLEX,GO_CC,CD8,SF_vs_PB_CD8,-1.56888271,-0.77997987,0.0305136789,0.144261893,5,4,ELP5/ELP4/ELP2/ELP3,down,FALSE
GOCC_RECYCLING_ENDOSOME,GOCC_RECYCLING_ENDOSOME,GO_CC,CD8,SF_vs_PB_CD8,1.34563305,0.315286925,0.0312582162,0.14644291,158,55,DENND6B/SLC1A1/ABCG1/EHD4/AKAP5/OPTN/RAC1/MYO5A/RAB35/RAB11A/STX7/MCTP1/DNM2/TUBG1/SYT11/ITGB1/TUBA1A/PDLIM4/RAB11FIP1/ATG9A/MICALL1/RAB11FIP4/MCOLN2/GRIPAP1/RAB10/ARF6/DYNC1LI1/NDRG1/VAMP8/HLA-G/TNF/ATP13A3/ATP11B/RAB13/RFFL/TFRC/CMTM6/HLA-A/TPP1/ULK1/RAP2C/ATP11A/SLC31A1/CACFD1/RAB4B/ZDHHC2/SLC39A4/ABHD17C/ACAP1/GGA3/BAIAP3/SLC9A9/INPP5F/LZTR1/RAB11B,up,FALSE
GOCC_ROUGH_ENDOPLASMIC_RETICULUM_MEMBRANE,GOCC_ROUGH_ENDOPLASMIC_RETICULUM_MEMBRANE,GO_CC,CD8,SF_vs_PB_CD8,-1.53870235,-0.467631283,0.0313191651,0.14644291,27,13,RPS26/SSR3/SEC61B/SSR1/TMEM97/RPS29/SEC63/SEC61A1/SRPRB/SSR2/PLOD1/RPS28/RPL27,down,FALSE
GOCC_POSTSYNAPTIC_SPECIALIZATION_MEMBRANE,GOCC_POSTSYNAPTIC_SPECIALIZATION_MEMBRANE,GO_CC,CD8,SF_vs_PB_CD8,1.47477821,0.42036532,0.0318208798,0.147975785,48,9,STX1A/NOTCH1/LRP8/RGS9/CLSTN3/LRFN4/CHRNB1/DLG3/NETO2,up,FALSE
GOCC_OUTER_KINETOCHORE,GOCC_OUTER_KINETOCHORE,GO_CC,CD8,SF_vs_PB_CD8,1.54851473,0.544417955,0.0336287846,0.155153306,19,12,NDC80/PMF1/SKA2/BUB1B/SPC25/CENPF/SKA3/SKA1/ZWINT/DSN1/SPC24/BUB1,up,FALSE
GOCC_AZUROPHIL_GRANULE_LUMEN,GOCC_AZUROPHIL_GRANULE_LUMEN,GO_CC,CD8,SF_vs_PB_CD8,1.4370671800000001,0.386505134,0.0337289796,0.155153306,65,19,ANXA2/CYB5R3/PRKCD/FABP5/HEBP2/GGH/TOLLIP/IMPDH1/DYNC1H1/MAPK1/GUSB/GCA/ARSA/TUBB4B/GRN/CAP1/STK11IP/CPPED1/PSMD1,up,FALSE
GOCC_POSTSYNAPTIC_DENSITY_MEMBRANE,GOCC_POSTSYNAPTIC_DENSITY_MEMBRANE,GO_CC,CD8,SF_vs_PB_CD8,1.48422294,0.437234208,0.0342717668,0.156802546,41,10,STX1A/NOTCH1/LRP8/RGS9/CLSTN3/LRFN4/DLG3/NETO2/AKAP9/SLC30A1,up,FALSE
GOCC_DYNACTIN_COMPLEX,GOCC_DYNACTIN_COMPLEX,GO_CC,CD8,SF_vs_PB_CD8,1.56188662,0.620013456,0.034697589,0.157093401,12,9,DCTN2/ACTR1A/ACTR1B/DCTN1/DCTN5/ACTR10/DCTN6/CAPZB/DCTN3,up,FALSE
GOCC_COHESIN_COMPLEX,GOCC_COHESIN_COMPLEX,GO_CC,CD8,SF_vs_PB_CD8,1.55695676,0.671422569,0.034704535,0.157093401,9,7,STAG3/SMC3/SMC1A/RAD21/REC8/DDX11/STAG1,up,FALSE
GOCC_SUPER_ELONGATION_COMPLEX,GOCC_SUPER_ELONGATION_COMPLEX,GO_CC,CD8,SF_vs_PB_CD8,-1.55245316,-0.771811814,0.0353540738,0.158997587,5,4,EAF1/AFF4/EAF2/AFF3,down,FALSE
GOCC_AGGRESOME,GOCC_AGGRESOME,GO_CC,CD8,SF_vs_PB_CD8,1.56115266,0.652163926,0.0354988736,0.158997587,10,7,PSEN1/HSPA1A/EPS15/TRIM37/HDAC6/RNF32/SQSTM1,up,FALSE
GOCC_PHAGOLYSOSOME,GOCC_PHAGOLYSOSOME,GO_CC,CD8,SF_vs_PB_CD8,1.54431507,0.716411314,0.0359216996,0.159384957,7,5,NCF4/NCF1/ADAM8/NCF2/LAMP1,up,FALSE
GOCC_MITOTIC_SPINDLE_POLE,GOCC_MITOTIC_SPINDLE_POLE,GO_CC,CD8,SF_vs_PB_CD8,1.48642373,0.44771101,0.0359599434,0.159384957,37,15,KIF20B/SMC6/GPSM2/CNTRL/AURKA/SMC3/YPEL5/ASPM/NUMA1/CDK5RAP2/KATNA1/GIT1/SPAG5/FAM161A/SMC1A,up,FALSE
GOCC_MATRIX_SIDE_OF_MITOCHONDRIAL_INNER_MEMBRANE,GOCC_MATRIX_SIDE_OF_MITOCHONDRIAL_INNER_MEMBRANE,GO_CC,CD8,SF_vs_PB_CD8,-1.54907324,-0.770131466,0.0365695034,0.161246878,5,3,BDH1/DNAJC19/NOA1,down,FALSE
GOCC_ASYMMETRIC_GLUTAMATERGIC_EXCITATORY_SYNAPSE,GOCC_ASYMMETRIC_GLUTAMATERGIC_EXCITATORY_SYNAPSE,GO_CC,CD8,SF_vs_PB_CD8,1.54106134,0.714901902,0.0369978662,0.161998414,7,4,YWHAH/ITGB1/GRN/CHD4,up,FALSE
GOCC_CONDENSED_NUCLEAR_CHROMOSOME,GOCC_CONDENSED_NUCLEAR_CHROMOSOME,GO_CC,CD8,SF_vs_PB_CD8,1.43743415,0.394994126,0.0371206706,0.161998414,58,29,SMC4/NCAPH/NCAPG/BRCA2/NCAPH2/STAG3/TTN/TUBG1/UBE2I/PSMC3IP/SMC3/SMC2/MLH1/CHEK1/CHMP1A/SYCE2/HSPA2/NEK2/RAD51/SMC1A/SYCP2/BRCA1/NCAPD3/RAD21/REC8/INCENP/NCAPG2/SYCE3/DMC1,up,FALSE
GOCC_SYNAPTONEMAL_STRUCTURE,GOCC_SYNAPTONEMAL_STRUCTURE,GO_CC,CD8,SF_vs_PB_CD8,1.51247038,0.498242845,0.0376975874,0.162547509,25,14,BRCA2/STAG3/UBE2I/SMC3/MLH1/SYCE2/HSPA2/RAD51/SYCP2/BRCA1/REC8/INCENP/SYCE3/DMC1,up,FALSE
GOCC_TIM22_MITOCHONDRIAL_IMPORT_INNER_MEMBRANE_INSERTION_COMPLEX,GOCC_TIM22_MITOCHONDRIAL_IMPORT_INNER_MEMBRANE_INSERTION_COMPLEX,GO_CC,CD8,SF_vs_PB_CD8,-1.56130558,-0.733873035,0.0377175599,0.162547509,6,5,TRMT10B/TIMM22/AGK/TIMM10B/TIMM9,down,FALSE
GOCC_BCL_2_FAMILY_PROTEIN_COMPLEX,GOCC_BCL_2_FAMILY_PROTEIN_COMPLEX,GO_CC,CD8,SF_vs_PB_CD8,1.54526569,0.666380906,0.0378195144,0.162547509,9,5,MCL1/BAD/BAK1/BIK/BCL2L11,up,FALSE
GOCC_COMPLEX_OF_COLLAGEN_TRIMERS,GOCC_COMPLEX_OF_COLLAGEN_TRIMERS,GO_CC,CD8,SF_vs_PB_CD8,-1.57258697,-0.703685923,0.0383455874,0.163929263,7,3,COL6A1/COL5A3/COL6A2,down,FALSE
GOCC_GAMMA_TUBULIN_RING_COMPLEX,GOCC_GAMMA_TUBULIN_RING_COMPLEX,GO_CC,CD8,SF_vs_PB_CD8,1.54934255,0.63045446,0.0385262663,0.163929263,11,5,NME7/TUBG1/CDK5RAP2/TUBGCP5/BRCA1,up,FALSE
GOCC_CLEAVAGE_FURROW,GOCC_CLEAVAGE_FURROW,GO_CC,CD8,SF_vs_PB_CD8,1.46751888,0.432313392,0.0387354554,0.163999366,41,20,ECT2/PSTPIP1/RACGAP1/RHOA/RAB11A/RHOB/ITGB1/RALA/PITPNM1/SSH1/RAB11FIP4/RAB21/MYH9/PSD4/ARF6/PLCD3/MASTL/PLK4/CEP55/DIAPH3,up,FALSE
GOCC_ENDOLYSOSOME_LUMEN,GOCC_ENDOLYSOSOME_LUMEN,GO_CC,CD8,SF_vs_PB_CD8,1.51161894,0.774894491,0.0392241785,0.165186951,5,3,CTSB/CTSL/CTSK,up,FALSE
GOCC_MULTIVESICULAR_BODY,GOCC_MULTIVESICULAR_BODY,GO_CC,CD8,SF_vs_PB_CD8,1.46546751,0.431709086,0.0394041728,0.165186951,41,16,CD74/NDFIP2/RAB27A/RAB11A/CTSL/CD63/CHMP2A/PRKAR1A/TSG101/PRKAR1B/CHMP4A/HGS/CHMP1A/ATP13A2/CHMP5/CHMP3,up,FALSE
GOCC_GAP_JUNCTION,GOCC_GAP_JUNCTION,GO_CC,CD8,SF_vs_PB_CD8,-1.54823419,-0.727728985,0.0416594865,0.172620308,6,3,DBN1/DSC1/SGSM3,down,FALSE
GOCC_CATION_CHANNEL_COMPLEX,GOCC_CATION_CHANNEL_COMPLEX,GO_CC,CD8,SF_vs_PB_CD8,1.41331609,0.382055131,0.0417048801,0.172620308,63,34,KCNN4/STX1A/FKBP1A/RYR1/CACNB2/CALM2/PRKACA/SESTD1/PDE4B/AKAP9/KCNK6/TRPC3/FKBP1B/ABCB8/KCNA6/HSPA2/CHRNA5/UNC80/CACNB3/CATSPER1/CATSPERG/HCN2/HCN3/CALM3/PKD1/KCNC4/CACNB1/PDE4D/KCNA2/KCNAB2/DLG4/KCNMB3/PKD2/RYR2,up,FALSE
GOCC_EXCITATORY_SYNAPSE,GOCC_EXCITATORY_SYNAPSE,GO_CC,CD8,SF_vs_PB_CD8,1.48604268,0.472625274,0.0417858795,0.172620308,29,12,YWHAH/ITGA3/AKAP5/SYT11/ITGB1/GNB5/PDE4B/GRN/PPP3R1/CHD4/GIT1/FMR1,up,FALSE
GOCC_POTASSIUM_CHANNEL_COMPLEX,GOCC_POTASSIUM_CHANNEL_COMPLEX,GO_CC,CD8,SF_vs_PB_CD8,1.49447757,0.497003298,0.0437401281,0.178508187,24,15,KCNN4/STX1A/CALM2/AKAP9/KCNK6/ABCB8/KCNA6/HCN2/HCN3/CALM3/KCNC4/KCNA2/KCNAB2/DLG4/KCNMB3,up,FALSE
GOCC_AXONEMAL_DYNEIN_COMPLEX,GOCC_AXONEMAL_DYNEIN_COMPLEX,GO_CC,CD8,SF_vs_PB_CD8,-1.5547907,-0.695722619,0.043811135,0.178508187,7,5,DNHD1/DNAH10/NME8/DNAI2/CCDC65,down,FALSE
GOCC_INTERCELLULAR_BRIDGE,GOCC_INTERCELLULAR_BRIDGE,GO_CC,CD8,SF_vs_PB_CD8,1.48403411,0.480277802,0.043840436000000003,0.178508187,27,15,MICAL1/TUBB6/RAB35/TUBB4B/KIF18A/TUBB2A/TPX2/ARL13B/CEP55/EML4/CDC7/DCTN1/PCIF1/KIAA1143/PHLPP2,up,FALSE
GOCC_RECYCLING_ENDOSOME_MEMBRANE,GOCC_RECYCLING_ENDOSOME_MEMBRANE,GO_CC,CD8,SF_vs_PB_CD8,1.36460612,0.347462567,0.0453052776,0.183594244,89,37,SLC1A1/EHD4/OPTN/RAC1/RAB35/RAB11A/SYT11/PDLIM4/ATG9A/MICALL1/RAB11FIP4/MCOLN2/GRIPAP1/RAB10/ARF6/DYNC1LI1/NDRG1/VAMP8/HLA-G/ATP13A3/ATP11B/RAB13/RFFL/TFRC/CMTM6/HLA-A/RAP2C/SLC31A1/ZDHHC2/SLC39A4/ABHD17C/ACAP1/GGA3/BAIAP3/SLC9A9/LZTR1/RAB11B,up,FALSE
GOCC_EXTRINSIC_COMPONENT_OF_POSTSYNAPTIC_MEMBRANE,GOCC_EXTRINSIC_COMPONENT_OF_POSTSYNAPTIC_MEMBRANE,GO_CC,CD8,SF_vs_PB_CD8,1.51978338,0.67803966,0.0462378686,0.186099905,8,6,C1QA/AKAP9/FARP1/C1QC/PPP1R9B/CRKL,up,FALSE
GOCC_POSTSYNAPTIC_ACTIN_CYTOSKELETON,GOCC_POSTSYNAPTIC_ACTIN_CYTOSKELETON,GO_CC,CD8,SF_vs_PB_CD8,1.51373293,0.702224189,0.0464236014,0.186099905,7,2,ACTN4/MYO9B,up,FALSE
GOCC_MITOCHONDRIAL_SMALL_RIBOSOMAL_SUBUNIT,GOCC_MITOCHONDRIAL_SMALL_RIBOSOMAL_SUBUNIT,GO_CC,CD8,SF_vs_PB_CD8,-1.45833905,-0.428540707,0.0465796471,0.186099905,31,14,MRPS14/MRPS7/PTCD3/MRPS10/MRPS26/MRPS25/MRPS35/MRPS9/MRPS33/MRPS31/MRPS18B/MRPS2/MRPS27/DAP3,down,FALSE
GOCC_PROTEIN_COMPLEX_INVOLVED_IN_CELL_ADHESION,GOCC_PROTEIN_COMPLEX_INVOLVED_IN_CELL_ADHESION,GO_CC,CD8,SF_vs_PB_CD8,1.46342533,0.458504419,0.0472267704,0.187803652,31,12,ITGA2/LGALS1/ITGA3/ITGA1/ITGB1/EMILIN2/ITGAE/CTLA4/ITGAD/ITGAX/MMRN1/CD80,up,FALSE
GOCC_TRANSCRIPTION_REPRESSOR_COMPLEX,GOCC_TRANSCRIPTION_REPRESSOR_COMPLEX,GO_CC,CD8,SF_vs_PB_CD8,1.36481502,0.350935711,0.048123648,0.190480114,84,23,SKI/DRAP1/RBPJ/AKIRIN2/JUN/LIN37/MXD4/TBL1X/HMGB1/TFDP1/NCOR2/HDGF/JUND/YWHAB/SPEN/GPS2/RBL1/CORO2A/SP1/RBBP8/MXD3/TBL1XR1/NCOR1,up,FALSE
GOCC_ESCRT_COMPLEX,GOCC_ESCRT_COMPLEX,GO_CC,CD8,SF_vs_PB_CD8,1.47011895,0.47577444,0.048565959,0.190736701,27,12,CHMP2A/TSG101/CHMP4A/HGS/CHMP1A/CHMP5/CHMP3/VPS28/DIAPH3/VPS37C/STAM/MVB12A,up,FALSE
GOCC_PRESYNAPTIC_ACTIVE_ZONE_MEMBRANE,GOCC_PRESYNAPTIC_ACTIVE_ZONE_MEMBRANE,GO_CC,CD8,SF_vs_PB_CD8,1.50841058,0.575112902,0.0486367382,0.190736701,14,6,STX1A/ATP2B4/ITGA3/STX2/LPAR2/SYT11,up,FALSE
GOCC_EXTRINSIC_COMPONENT_OF_PRESYNAPTIC_MEMBRANE,GOCC_EXTRINSIC_COMPONENT_OF_PRESYNAPTIC_MEMBRANE,GO_CC,CD8,SF_vs_PB_CD8,1.49452786,0.725647353,0.0502808936,0.196280002,6,4,AP2B1/C1QA/PICALM/C1QC,up,FALSE
GOCC_ALPHA_BETA_T_CELL_RECEPTOR_COMPLEX,GOCC_ALPHA_BETA_T_CELL_RECEPTOR_COMPLEX,GO_CC,CD8,SF_vs_PB_CD8,-1.51028839,-0.750849335,0.0509201015,0.197867609,5,4,CD3E/CD3G/CD247/PTPN6,down,FALSE
GOCC_HOST_CELLULAR_COMPONENT,GOCC_HOST_CELLULAR_COMPONENT,GO_CC,CD8,SF_vs_PB_CD8,1.50173642,0.696658982,0.051229242,0.198164023,7,5,IFIT1/KPNA6/NUP153/KPNA2/DYNLT1,up,FALSE
GOCC_GABA_ERGIC_SYNAPSE,GOCC_GABA_ERGIC_SYNAPSE,GO_CC,CD8,SF_vs_PB_CD8,-1.40644043,-0.381052491,0.0522298413,0.201115521,44,9,IQSEC3/GPHN/C1QBP/RPS27/CACNA2D2/PLCB1/FUS/SLC4A10/RPS6,down,FALSE
GOCC_U6ATAC_SNRNP,GOCC_U6ATAC_SNRNP,GO_CC,CD8,SF_vs_PB_CD8,-1.52731907,-0.683429879,0.0524649186,0.201115521,7,4,LSM6/LSM4/LSM3/LSM5,down,FALSE
GOCC_PROXIMAL_DENDRITE,GOCC_PROXIMAL_DENDRITE,GO_CC,CD8,SF_vs_PB_CD8,1.47270579,0.754946617,0.0539308916,0.205808021,5,4,SLC1A1/GSK3A/RAB3IP/PPP5C,up,FALSE
GOCC_ENDOPLASMIC_RETICULUM_LUMEN,GOCC_ENDOPLASMIC_RETICULUM_LUMEN,GO_CC,CD8,SF_vs_PB_CD8,-1.25232936,-0.267679364,0.0542017617,0.2059183,166,52,FSTL3/F8/ARSG/IGFBP4/CFP/EDEM3/MIA3/MXRA8/P4HB/MANF/FKBP7/GPX7/SUMF2/ARSK/MINPP1/RCN3/IGFBP3/APOL1/DNAJC3/ERAP1/RNASET2/POGLUT1/PDIA3/CERCAM/PDGFB/IL23A/MFGE8/ARSJ/WNT7A/CANX/CES1/WFS1/COL6A1/CKAP4/EDEM2/FKBP14/PDIA4/CDH2/PDIA5/PDGFD/DNAJB9/MGAT4A/RCN1/PRSS23/HSP90B1/COL5A3/ADAM10/HSPA5/ASPH/TSPAN15/ERP29/COL6A2,down,FALSE
GOCC_PROTEIN_LIPID_COMPLEX,GOCC_PROTEIN_LIPID_COMPLEX,GO_CC,CD8,SF_vs_PB_CD8,1.47563082,0.512270834,0.0545489558,0.206316273,20,10,CLU/LDLR/MSR1/DBI/APOC1/VLDLR/APOBR/LSR/LCAT/HDLBP,up,FALSE
GOCC_U6_SNRNP,GOCC_U6_SNRNP,GO_CC,CD8,SF_vs_PB_CD8,-1.52338211,-0.653909588,0.05543184,0.208727858,8,4,LSM6/LSM4/LSM3/LSM5,down,FALSE
GOCC_STEREOCILIUM_BUNDLE,GOCC_STEREOCILIUM_BUNDLE,GO_CC,CD8,SF_vs_PB_CD8,1.42436778,0.434285646,0.0572785505,0.214314246,35,17,MYO1C/MYO7A/RAC1/CLIC5/TWF2/PIEZO1/VEZT/TRIOBP/EPS8L2/MPP1/PAFAH1B1/DIAPH3/STX4/TPRN/PDZD7/RHOC/SLC4A7,up,FALSE
GOCC_RISC_LOADING_COMPLEX,GOCC_RISC_LOADING_COMPLEX,GO_CC,CD8,SF_vs_PB_CD8,1.48888144,0.664252996,0.057419093,0.214314246,8,5,AGO2/DICER1/PRKRA/AGO1/AGO4,up,FALSE
GOCC_90S_PRERIBOSOME,GOCC_90S_PRERIBOSOME,GO_CC,CD8,SF_vs_PB_CD8,-1.44591009,-0.448255132,0.0594241951,0.220031889,25,10,TSR1/MPHOSPH10/NOP14/IMP4/WDR3/NOC2L/WDR36/PWP2/IMP3/WDR12,down,FALSE
GOCC_T_TUBULE,GOCC_T_TUBULE,GO_CC,CD8,SF_vs_PB_CD8,1.45397512,0.493451099,0.0596526642,0.220031889,22,11,ATP1B1/AHNAK/ATP2B4/CACNB2/STAC/SRI/PPP3CB/SLC8A1/SLC30A1/CACNB3/RTN2,up,FALSE
GOCC_SARCOPLASMIC_RETICULUM_LUMEN,GOCC_SARCOPLASMIC_RETICULUM_LUMEN,GO_CC,CD8,SF_vs_PB_CD8,-1.4892981,-0.740413882,0.059726635,0.220031889,5,4,CALR/MANF/HSP90B1/ASPH,down,FALSE
GOCC_EARLY_ENDOSOME_LUMEN,GOCC_EARLY_ENDOSOME_LUMEN,GO_CC,CD8,SF_vs_PB_CD8,1.45845786,0.747642765,0.0611618492,0.22434799,5,2,RAB38/PDLIM4,up,FALSE
GOCC_PLATELET_ALPHA_GRANULE,GOCC_PLATELET_ALPHA_GRANULE,GO_CC,CD8,SF_vs_PB_CD8,1.37521957,0.383140241,0.0616819987,0.225284896,54,26,ACTN4/PDGFA/CD9/CLU/FN1/A1BG/SRGN/TMSB4X/CD109/LHFPL2/MAGED2/MMRN1/SNCA/SERPINE1/GTPBP2/STXBP3/VEGFA/QSOX1/VEGFB/SCCPDH/TOR4A/ALDOA/SERPINE2/TGFB1/FERMT3/NHLRC2,up,FALSE
GOCC_SYNAPTIC_VESICLE_MEMBRANE,GOCC_SYNAPTIC_VESICLE_MEMBRANE,GO_CC,CD8,SF_vs_PB_CD8,1.342339,0.351183598,0.0629369521,0.227401121,76,33,STX1A/PTPRN2/ZNRF1/ATP2B1/RAC1/RAB11A/SYNGR3/MYOF/MCTP1/PPT1/DNAJC5/SLC4A8/TPRG1L/ATP6V1E1/SNCA/OTOF/KIF1B/SLC17A5/ARPC2/SNAPIN/CLTB/VAMP1/ATP6V1B2/RAB5A/CALM3/RAB11B/SLC35G2/STX10/ATP6V0D1/ATP6V1F/RAB27B/CLTA/ATP8A1,up,FALSE
GOCC_OUTER_MEMBRANE,GOCC_OUTER_MEMBRANE,GO_CC,CD8,SF_vs_PB_CD8,1.25510889,0.285364391,0.0630723719,0.227401121,201,43,PLEC/RSAD2/CYB5R3/IFI6/PSEN1/TRABD/VDAC1/BNIP3L/TMEM53/SH3GLB1/SYNE3/ARMCX6/MT3/ENO1/TSPO/MCL1/KRAS/NUTF2/MTCH2/BAD/GK/FIS1/PGRMC1/PINK1/MGST3/ZNFX1/ITPR3/BAK1/BRI3BP/BMF/BID/SERAC1/AIFM2/GPAT2/BCL2L11/PPTC7/SYNE2/ANKH/CISD2/MYO19/IFI27/ACSL1/SNCA,up,FALSE
GOCC_PRE_SNORNP_COMPLEX,GOCC_PRE_SNORNP_COMPLEX,GO_CC,CD8,SF_vs_PB_CD8,-1.49881808,-0.670676536,0.0633092589,0.227401121,7,6,ZNHIT3/TAF9/NOP58/NUFIP1/NOP56/ZNHIT6,down,FALSE
GOCC_ZONULA_ADHERENS,GOCC_ZONULA_ADHERENS,GO_CC,CD8,SF_vs_PB_CD8,-1.48187273,-0.73672231,0.063330277,0.227401121,5,2,PLEKHA7/VCL,down,FALSE
GOCC_PHOSPHOLIPID_TRANSLOCATING_ATPASE_COMPLEX,GOCC_PHOSPHOLIPID_TRANSLOCATING_ATPASE_COMPLEX,GO_CC,CD8,SF_vs_PB_CD8,1.46701011,0.570350759,0.0642816113,0.229847274,13,6,ATP10D/ATP8B4/ATP8B2/ATP8B3/ATP11B/ATP11A,up,FALSE
GOCC_ENDOLYSOSOME_MEMBRANE,GOCC_ENDOLYSOSOME_MEMBRANE,GO_CC,CD8,SF_vs_PB_CD8,1.46337554,0.557942358,0.0654580631,0.233074526,14,8,AP2B1/LDLR/TPCN2/CLTC/AP2A1/AP2M1/CLTA/ATG16L1,up,FALSE
GOCC_NADPH_OXIDASE_COMPLEX,GOCC_NADPH_OXIDASE_COMPLEX,GO_CC,CD8,SF_vs_PB_CD8,1.47106715,0.634383505,0.0662207971,0.23480791,9,6,RAC1/NCF4/NCF1/CYBA/RAC3/NCF2,up,FALSE
GOCC_SPECIFIC_GRANULE,GOCC_SPECIFIC_GRANULE,GO_CC,CD8,SF_vs_PB_CD8,1.29901877,0.319154058,0.0670207922,0.236658482,112,41,HGSNAT/CTSD/AGPAT2/CTSZ/ATP8B4/QPCT/RAB27A/DOCK2/GGH/CD93/TOLLIP/TIMP2/CEACAM1/SLC27A2/PTPRJ/PGRMC1/DNAJC5/STXBP2/CLEC5A/OLR1/NIT2/VAMP8/TMBIM1/CYBA/PDXK/ADAM8/CANT1/UBR4/CLEC12A/NEU1/CMTM6/DEGS1/ATP11A/VAMP1/ATP6V1D/SPTAN1/STXBP3/TRPM2/QSOX1/PLAU/TOM1,up,FALSE
GOCC_INNER_KINETOCHORE,GOCC_INNER_KINETOCHORE,GO_CC,CD8,SF_vs_PB_CD8,1.45309935,0.543978564,0.0677152141,0.238122509,15,8,CENPM/CENPU/CENPW/CENPL/CENPH/CENPO/CENPT/CENPN,up,FALSE
GOCC_PEPTIDASE_COMPLEX,GOCC_PEPTIDASE_COMPLEX,GO_CC,CD8,SF_vs_PB_CD8,1.28328968,0.308949602,0.0683547331,0.239059001,129,42,CAPNS1/PSMD8/PSMA7/PSMC1/CAPN1/CASP3/PSMB6/CASP6/PSMC3/ATXN7L3/GPAA1/HTRA2/CASP7/ADRM1/DNAJB2/PSMC2/PSMB3/PSMD14/PSMD10/PSMA6/PSMD9/PSMD1/PSMD7/UBE3C/KAT2B/CASP9/USP12/USP1/PSMB1/PSMB7/PIGS/PIGT/SUPT3H/ENY2/CAPN2/DMWD/PLAU/PSME4/CASP2/PSMD11/PSMB2/SEC11A,up,FALSE
GOCC_SWI_SNF_SUPERFAMILY_TYPE_COMPLEX,GOCC_SWI_SNF_SUPERFAMILY_TYPE_COMPLEX,GO_CC,CD8,SF_vs_PB_CD8,1.31592768,0.33576908,0.0685433562,0.239059001,88,36,MYO1C/MBD2/CDK2AP2/DPF3/TFPT/CHD3/SMARCD2/LUZP1/SUZ12/SS18/ZNHIT1/CHD4/DEK/PHF10/INO80C/ARID2/HMGXB4/BAZ1B/ACTL6A/CHRAC1/INO80D/BAZ2A/PBRM1/SRCAP/SMARCC1/BCL7C/MBD3/SMARCA4/INO80/SMARCE1/SS18L1/MTA1/BCL7B/TRRAP/INO80B/BPTF,up,FALSE
GOCC_MICROVILLUS,GOCC_MICROVILLUS,GO_CC,CD8,SF_vs_PB_CD8,1.36004961,0.381861145,0.070824455,0.246006576,52,10,SLC6A6/MYO1C/CD44/MYO7A/PDGFA/EZR/SLC27A4/SLC7A5/CEACAM1/FSCN1,up,FALSE
GOCC_CULLIN_RING_UBIQUITIN_LIGASE_COMPLEX,GOCC_CULLIN_RING_UBIQUITIN_LIGASE_COMPLEX,GO_CC,CD8,SF_vs_PB_CD8,1.24315961,0.282647576,0.0715367521,0.247470634,201,65,DDB2/RBX1/FBXO30/CKS1B/SPSB1/FBXO2/MAD2L2/DCAF15/KCTD17/CKS2/FBXO45/FBXL19/IVNS1ABP/FBXL3/BUB1B/ZSWIM8/KDM2B/KCTD2/FBXO6/SPSB2/FZR1/UBE2C/SPOPL/KBTBD2/FBXO5/KLHL6/DDA1/FBXO43/TRIM21/TSPAN17/FBXL8/KLHL7/KCTD10/CUL7/KLHL2/FBXW4/RAB40C/CUL9/KBTBD6/RNF7/KLHL21/DCAF11/FBXW2/KEAP1/DCAF6/FEM1C/FBXO11/FBXL6/FBXO31/FBXO34/FBXO25/CCNF/KLHL17/FBXO10/KLHL5/KLHDC10/CUL3/LZTR1/ANKRD9/FBXO7/ANAPC11/FBXO41/TNFAIP1/TRPC4AP/ZSWIM4,up,FALSE
GOCC_NUCLEAR_ENVELOPE_LUMEN,GOCC_NUCLEAR_ENVELOPE_LUMEN,GO_CC,CD8,SF_vs_PB_CD8,-1.47873115,-0.634743229,0.0720024452,0.248073202,8,4,CACYBP/APP/CD2AP/SORL1,down,FALSE
GOCC_PRESYNAPTIC_ENDOCYTIC_ZONE,GOCC_PRESYNAPTIC_ENDOCYTIC_ZONE,GO_CC,CD8,SF_vs_PB_CD8,1.44585151,0.702013223,0.0726217361,0.249197974,6,5,AP2B1/PICALM/CLTB/AP2M1/CLTA,up,FALSE
GOCC_NUCLEAR_CHROMOSOME,GOCC_NUCLEAR_CHROMOSOME,GO_CC,CD8,SF_vs_PB_CD8,1.23917617,0.280748051,0.0733454612,0.249735606,207,89,SMC4/JUN/NCAPH/NCAPG/BRCA2/NCAPH2/SLX4/STAG3/MCM6/TFPT/TTN/TUBG1/UBE2I/TOP2A/PSMC3IP/TREX1/SMC3/SMC2/GINS1/POLE/PCNA/MLH1/RPA3/CHEK1/TRIM24/SAP30/ZNHIT1/MCM3/CHMP1A/SYCE2/HSPA2/NEK2/RAD51/SMC1A/POLD3/SYCP2/INO80C/BRCA1/CDC45/NCAPD3/MCM2/BAZ1B/ACTL6A/EXOSC9/CHRAC1/INO80D/MCM4/E2F1/SLX1B/TIMELESS/MCM5/SLX1A/POLE2/RAD21/MCM7/ORC6/MUS81/PBRM1/REC8/LRWD1/SRCAP/ORC1/SAP30L/INCENP/INO80/RPA4/SMARCE1/POLD1/NCAPG2/SYCE3/DMC1/GINS2/SIN3A/ZMIZ2/TONSL/KMT2E/MMS22L/SAP130/EME2/TRRAP/SUN2/INO80B/RGS12/BRMS1/MCM10/IK/EP400/BRD4/HLTF,up,FALSE
GOCC_BLEB,GOCC_BLEB,GO_CC,CD8,SF_vs_PB_CD8,1.45321311,0.626684122,0.0737883646,0.249735606,9,4,FHOD1/FMNL1/ROCK1/ANLN,up,FALSE
GOCC_NEUROMUSCULAR_JUNCTION,GOCC_NEUROMUSCULAR_JUNCTION,GO_CC,CD8,SF_vs_PB_CD8,1.35234641,0.379698317,0.0746435011,0.249735606,52,20,SGCB/PSEN1/ITGA3/F2R/SYNGR3/CHRNB1/DLG3/PRKAR1A/ITGB1/TUBA1A/DAG1/DNAJC5/PRKACA/MYH9/DLGAP4/TRIP4/CRK/SNTA1/NAPA/SARM1,up,FALSE
GOCC_LSM2_8_COMPLEX,GOCC_LSM2_8_COMPLEX,GO_CC,CD8,SF_vs_PB_CD8,-1.46499042,-0.688601245,0.0747673617,0.249735606,6,4,LSM6/LSM4/LSM3/LSM5,down,FALSE
GOCC_AP_1_ADAPTOR_COMPLEX,GOCC_AP_1_ADAPTOR_COMPLEX,GO_CC,CD8,SF_vs_PB_CD8,1.43864906,0.54851487,0.0748629573,0.249735606,14,3,AP1S1/AP4M1/AP1G2,up,FALSE
GOCC_CRD_MEDIATED_MRNA_STABILITY_COMPLEX,GOCC_CRD_MEDIATED_MRNA_STABILITY_COMPLEX,GO_CC,CD8,SF_vs_PB_CD8,-1.45716831,-0.724440353,0.0749514894,0.249735606,5,3,HNRNPU/CSDE1/YBX1,down,FALSE
GOCC_MICROTUBULE_BUNDLE,GOCC_MICROTUBULE_BUNDLE,GO_CC,CD8,SF_vs_PB_CD8,1.43242691,0.734298637,0.07519066,0.249735606,5,4,TPPP/NUMA1/TPPP3/MARK2,up,FALSE
GOCC_CATSPER_COMPLEX,GOCC_CATSPER_COMPLEX,GO_CC,CD8,SF_vs_PB_CD8,1.43995177,0.69914869,0.0753840124,0.249735606,6,3,HSPA2/CATSPER1/CATSPERG,up,FALSE
GOCC_CLATHRIN_VESICLE_COAT,GOCC_CLATHRIN_VESICLE_COAT,GO_CC,CD8,SF_vs_PB_CD8,1.39157648,0.435993522,0.0754195661,0.249735606,31,9,AP1S1/AP2B1/AP4M1/EPS15/AP1G2/CLTC/EPN2/AP2A1/CLTB,up,FALSE
GOCC_COLLAGEN_TRIMER,GOCC_COLLAGEN_TRIMER,GO_CC,CD8,SF_vs_PB_CD8,-1.41847994,-0.460649337,0.0763658457,0.251888894,21,6,C1QTNF1/COL6A1/COL5A3/COLQ/EDA/COL6A2,down,FALSE
GOCC_CELL_CELL_CONTACT_ZONE,GOCC_CELL_CELL_CONTACT_ZONE,GO_CC,CD8,SF_vs_PB_CD8,1.37207096,0.413267942,0.0777699103,0.254416855,37,16,YWHAH/ATP1B1/AHNAK/FHOD1/CTNNA1/SLC2A1/ATP2A2/ITGB1/FGFRL1/SLC8A1/PAK1/TMEM65/PKP4/SCRIB/RAP2C/SLC31A1,up,FALSE
GOCC_TIGHT_JUNCTION,GOCC_TIGHT_JUNCTION,GO_CC,CD8,SF_vs_PB_CD8,1.31629478,0.346714818,0.0778541209,0.254416855,73,20,FRMD4B/ECT2/TBCD/CYTH2/DLG3/FRMD4A/MPP7/ILDR1/NHS/PARD6G/LUZP1/RAPGEF2/SAPCD2/F11R/RAB13/PARD6A/RAP2C/ARHGAP17/LSR/YBX3,up,FALSE
GOCC_ORGANELLAR_RIBOSOME,GOCC_ORGANELLAR_RIBOSOME,GO_CC,CD8,SF_vs_PB_CD8,-1.28062324,-0.307518491,0.0780291411,0.254416855,80,44,MRPS15/MRPL16/MRPL50/MRPL19/MRPS16/MRPS34/MRPL18/MRPL2/MRPL49/MRPL32/MRPL38/MRPL1/MRPL4/MRPS14/MRPS7/MRPL23/PTCD3/MRPL21/MRPS10/MRPL48/MRPL24/MRPL9/MRPS26/MRPL14/MRPL55/MRPL44/MRPL20/MRPS25/MRPL3/MRPL11/MRPL40/MRPL46/MRPS30/MRPS35/MRPS9/MRPL10/MRPL34/MRPS33/MRPS31/MRPS18B/MRPS2/MRPS27/DAP3/MRPL45,down,FALSE
GOCC_NEURON_SPINE,GOCC_NEURON_SPINE,GO_CC,CD8,SF_vs_PB_CD8,1.30150548,0.335264199,0.0802176777,0.260329347,83,23,SLC1A1/AKAP5/RHOA/ABR/ZDHHC12/SRGAP2/MT3/PPP3CA/FBXO2/ANKS1B/SYT11/ITGB1/PDLIM4/CNIH2/PDE4B/CFL1/FARP1/GIPC1/LZTS3/NTRK2/FMR1/KIF3B/LZTS1,up,FALSE
GOCC_PLATELET_ALPHA_GRANULE_MEMBRANE,GOCC_PLATELET_ALPHA_GRANULE_MEMBRANE,GO_CC,CD8,SF_vs_PB_CD8,1.44016595,0.601622316,0.080626408,0.260329347,10,4,CD9/CD109/LHFPL2/SNCA,up,FALSE
GOCC_PROTEASOME_STORAGE_GRANULE,GOCC_PROTEASOME_STORAGE_GRANULE,GO_CC,CD8,SF_vs_PB_CD8,1.41669882,0.505297692,0.0807602205,0.260329347,18,7,PSMA7/PSMB6/PSMB3/PSMA6/PSMD1/PSMB1/PSMB7,up,FALSE
GOCC_POSTSYNAPTIC_ENDOCYTIC_ZONE,GOCC_POSTSYNAPTIC_ENDOCYTIC_ZONE,GO_CC,CD8,SF_vs_PB_CD8,1.43363704,0.665067523,0.0813247982,0.26083847,7,5,AP2B1/EPS15/AP2A1/FCHO1/CLTA,up,FALSE
GOCC_EXTRINSIC_COMPONENT_OF_CYTOPLASMIC_SIDE_OF_PLASMA_MEMBRANE,GOCC_EXTRINSIC_COMPONENT_OF_CYTOPLASMIC_SIDE_OF_PLASMA_MEMBRANE,GO_CC,CD8,SF_vs_PB_CD8,1.3769282,0.42839679,0.0815311787,0.26083847,32,17,GNA15/GNB4/GNA13/GNG5/GNAZ/GNB1/GNAI2/GNAS/GNB5/GNAI3/JAK3/GNG2/MYD88/GNB2/TYK2/GNG4/GNA12,up,FALSE
GOCC_TRANSCRIPTION_PREINITIATION_COMPLEX,GOCC_TRANSCRIPTION_PREINITIATION_COMPLEX,GO_CC,CD8,SF_vs_PB_CD8,-1.44142061,-0.535813477,0.0818395268,0.260844334,13,8,GTF2B/BRF2/RPRD2/GTF2H3/RECQL5/RPRD1A/POLR2M/RPAP2,down,FALSE
GOCC_CHROMAFFIN_GRANULE,GOCC_CHROMAFFIN_GRANULE,GO_CC,CD8,SF_vs_PB_CD8,1.43323805,0.639428127,0.0823646629,0.261214015,8,5,CLU/CTSL/DNAJC5/SRI/ANXA7,up,FALSE
GOCC_CORTICAL_ACTIN_CYTOSKELETON,GOCC_CORTICAL_ACTIN_CYTOSKELETON,GO_CC,CD8,SF_vs_PB_CD8,1.34400666,0.383090682,0.0825694124,0.261214015,48,16,ACTN4/IQGAP1/HIP1/COTL1/SPTBN5/AKAP13/SLC2A1/MYADM/GSN/LASP1/PIEZO1/RTKN/MYH9/CFL1/ANLN/CAP1,up,FALSE
GOCC_AP_TYPE_MEMBRANE_COAT_ADAPTOR_COMPLEX,GOCC_AP_TYPE_MEMBRANE_COAT_ADAPTOR_COMPLEX,GO_CC,CD8,SF_vs_PB_CD8,1.35973215,0.411984667,0.0850456717,0.268051358,36,6,AP1S1/AP2B1/AP4M1/EPS15/AP1G2/AP3S1,up,FALSE
GOCC_PWP2P_CONTAINING_SUBCOMPLEX_OF_90S_PRERIBOSOME,GOCC_PWP2P_CONTAINING_SUBCOMPLEX_OF_90S_PRERIBOSOME,GO_CC,CD8,SF_vs_PB_CD8,-1.44371843,-0.6786026,0.0853653283,0.268066031,6,5,UTP6/UTP18/WDR3/WDR36/PWP2,down,FALSE
GOCC_CAJAL_BODY,GOCC_CAJAL_BODY,GO_CC,CD8,SF_vs_PB_CD8,-1.30267369,-0.335338888,0.0857690713,0.268343675,56,11,HMBOX1/HNRNPA2B1/DKC1/COIL/SHQ1/GEMIN4/TGS1/SNHG10/NOLC1/NPAT/FBL,down,FALSE
GOCC_T_UTP_COMPLEX,GOCC_T_UTP_COMPLEX,GO_CC,CD8,SF_vs_PB_CD8,-1.4364097,-0.714120081,0.0862102053,0.268735842,5,4,UTP15/WDR75/NOL11/WDR43,down,FALSE
GOCC_POSTSYNAPTIC_CYTOSKELETON,GOCC_POSTSYNAPTIC_CYTOSKELETON,GO_CC,CD8,SF_vs_PB_CD8,1.42539049,0.635926999,0.0868297723,0.269296568,8,2,ACTN4/MYO9B,up,FALSE
GOCC_DENDRITIC_SHAFT,GOCC_DENDRITIC_SHAFT,GO_CC,CD8,SF_vs_PB_CD8,1.39039744,0.466664407,0.0870229803,0.269296568,23,6,SLC1A1/PSEN1/PREX1/MAP1A/CNIH2/GIPC1,up,FALSE
GOCC_RESPIRATORY_CHAIN_COMPLEX_III,GOCC_RESPIRATORY_CHAIN_COMPLEX_III,GO_CC,CD8,SF_vs_PB_CD8,-1.43684023,-0.577165331,0.0874797037,0.269729087,10,7,UQCRB/CYC1/UQCR10/UQCRFS1/MT-CYB/UQCRH/UQCRC2,down,FALSE
GOCC_PERICENTRIOLAR_MATERIAL,GOCC_PERICENTRIOLAR_MATERIAL,GO_CC,CD8,SF_vs_PB_CD8,1.38828382,0.471156738,0.0891657676,0.273935264,22,13,RAC1/CEP85/CEP152/TUBG1/CDK5RAP2/TNKS2/PCM1/HOOK3/BBS4/DYRK3/NIN/RABL2B/CEP192,up,FALSE
GOCC_CLATHRIN_COAT_OF_COATED_PIT,GOCC_CLATHRIN_COAT_OF_COATED_PIT,GO_CC,CD8,SF_vs_PB_CD8,1.40448522,0.525779501,0.0906380548,0.277456779,15,8,AP2B1/EPS15/PICALM/CLTC/AP2A1/CLTB/AP2M1/CLTA,up,FALSE
GOCC_PERIKARYON,GOCC_PERIKARYON,GO_CC,CD8,SF_vs_PB_CD8,1.2987965,0.345399099,0.0919956595,0.280603248,69,30,SLC1A1/CIB1/CRMP1/CPNE5/ENO2/ROGDI/ITGA1/TIAM2/SYT11/NSMF/LUZP1/KIF5A/TTLL7/FMR1/NAPA/BRD1/TRPM2/DMWD/PI4K2A/HDAC6/SYAP1/PPP5C/MYO1D/EPHA4/CPLX1/MAP2K1/SIRT2/UBXN2A/KCNA2/CLCN2,up,FALSE
GOCC_NUCLEAR_MATRIX,GOCC_NUCLEAR_MATRIX,GO_CC,CD8,SF_vs_PB_CD8,1.25918694,0.309367832,0.0927910153,0.282018407,112,31,VIM/S100A10/ANXA2/LMNA/PRKCD/LMNB1/PML/CASK/TEP1/NCOR2/PIAS4/NSMF/SMARCD2/CFL1/SMC3/TGFB1I1/CENPF/PSMA6/ATXN1/NUMA1/SNW1/CHMP1A/PHF10/TINF2/CENPW/SMC1A/KIF4A/CLIC4/ARID2/ACTL6A/ATXN3,up,FALSE
GOCC_SPECIFIC_GRANULE_LUMEN,GOCC_SPECIFIC_GRANULE_LUMEN,GO_CC,CD8,SF_vs_PB_CD8,1.34672086,0.412946145,0.0944711376,0.286102982,34,14,CTSD/CTSZ/QPCT/RAB27A/DOCK2/GGH/TOLLIP/TIMP2/NIT2/PDXK/CANT1/NEU1/SPTAN1/QSOX1,up,FALSE
GOCC_MITOTIC_SPINDLE_MICROTUBULE,GOCC_MITOTIC_SPINDLE_MICROTUBULE,GO_CC,CD8,SF_vs_PB_CD8,1.39492328,0.522199919,0.0955475417,0.287523189,15,7,TUBG1/MAP1S/CLTC/EML3/SKA1/MAPRE1/HAUS2,up,FALSE
GOCC_PLATELET_DENSE_GRANULE_MEMBRANE,GOCC_PLATELET_DENSE_GRANULE_MEMBRANE,GO_CC,CD8,SF_vs_PB_CD8,1.40471448,0.682039709,0.0956158196,0.287523189,6,5,CD63/ITPR1/LAMP2/ABCC4/RAB27B,up,FALSE
GOCC_BLOOD_MICROPARTICLE,GOCC_BLOOD_MICROPARTICLE,GO_CC,CD8,SF_vs_PB_CD8,1.3134186,0.368768557,0.0967546304,0.28892285,52,15,ANXA5/CLIC1/CLU/HSPA1A/FN1/SLC2A1/GSN/A1BG/C1QB/MSN/GRIPAP1/ACTG2/C1QC/TFRC/HSPA2,up,FALSE
GOCC_EXTRINSIC_COMPONENT_OF_MITOCHONDRIAL_INNER_MEMBRANE,GOCC_EXTRINSIC_COMPONENT_OF_MITOCHONDRIAL_INNER_MEMBRANE,GO_CC,CD8,SF_vs_PB_CD8,-1.42311388,-0.668917676,0.0967602964,0.28892285,6,3,COQ5/COQ2/COQ7,down,FALSE
GOCC_EXTRINSIC_COMPONENT_OF_SYNAPTIC_VESICLE_MEMBRANE,GOCC_EXTRINSIC_COMPONENT_OF_SYNAPTIC_VESICLE_MEMBRANE,GO_CC,CD8,SF_vs_PB_CD8,-1.42659511,-0.612363908,0.0972622478,0.289061609,8,4,BIN1/BTBD8/ATP6V1G1/ATM,down,FALSE
GOCC_JUXTAPARANODE_REGION_OF_AXON,GOCC_JUXTAPARANODE_REGION_OF_AXON,GO_CC,CD8,SF_vs_PB_CD8,1.39666917,0.715968306,0.0974861124,0.289061609,5,5,EPB41L3/SIRT2/KCNA2/KCNAB2/DLG4,up,FALSE
GOCC_GATOR1_COMPLEX,GOCC_GATOR1_COMPLEX,GO_CC,CD8,SF_vs_PB_CD8,-1.41591936,-0.703933181,0.0980020044,0.289582312,5,2,NPRL3/NPRL2,down,FALSE
GOCC_PRERIBOSOME_SMALL_SUBUNIT_PRECURSOR,GOCC_PRERIBOSOME_SMALL_SUBUNIT_PRECURSOR,GO_CC,CD8,SF_vs_PB_CD8,-1.4034039,-0.521681678,0.0991782183,0.291974982,13,10,FTSJ3/UTP20/LTV1/RRP1/RIOK1/BYSL/NOP14/RIOK2/RRP1B/NOB1,down,FALSE
GOCC_AUTOLYSOSOME_MEMBRANE,GOCC_AUTOLYSOSOME_MEMBRANE,GO_CC,CD8,SF_vs_PB_CD8,1.39866835,0.679104093,0.0994979376,0.291974982,6,2,HLA-DRA/HLA-DRB1,up,FALSE
GOCC_ASTER,GOCC_ASTER,GO_CC,CD8,SF_vs_PB_CD8,1.39737152,0.583745152,0.10255432,0.299909713,10,7,KIF18B/KIF18A/NUMA1/PAFAH1B1/FAM161A/DYNLT3/MAPRE1,up,FALSE
GOCC_EXTRINSIC_COMPONENT_OF_ORGANELLE_MEMBRANE,GOCC_EXTRINSIC_COMPONENT_OF_ORGANELLE_MEMBRANE,GO_CC,CD8,SF_vs_PB_CD8,-1.36543287,-0.449509255,0.103010798,0.300212976,20,6,COQ5/BTBD8/ATP6V1G1/COQ2/COQ7/ATM,down,FALSE
GOCC_TORC2_COMPLEX,GOCC_TORC2_COMPLEX,GO_CC,CD8,SF_vs_PB_CD8,-1.41057569,-0.583964304,0.103832354,0.300651841,9,6,SESN3/TTI1/MAPKAP1/MLST8/SESN2/PRR5,down,FALSE
GOCC_PROTEIN_FOLDING_CHAPERONE_COMPLEX,GOCC_PROTEIN_FOLDING_CHAPERONE_COMPLEX,GO_CC,CD8,SF_vs_PB_CD8,-1.29104649,-0.346438179,0.104285822,0.300651841,46,13,CCT2/CCT5/HSPA8/DNAAF2/CCT7/HSP90AA1/CCT4/RUVBL1/CCT3/PFDN5/BAG2/HSP90AB1/UXT,down,FALSE
GOCC_MICROTUBULE_ORGANIZING_CENTER_ATTACHMENT_SITE,GOCC_MICROTUBULE_ORGANIZING_CENTER_ATTACHMENT_SITE,GO_CC,CD8,SF_vs_PB_CD8,1.39188352,0.645697966,0.10446238100000001,0.300651841,7,4,SYNE3/SUN1/SYNE2/SPAG4,up,FALSE
GOCC_F_ACTIN_CAPPING_PROTEIN_COMPLEX,GOCC_F_ACTIN_CAPPING_PROTEIN_COMPLEX,GO_CC,CD8,SF_vs_PB_CD8,1.38919687,0.67450535,0.104574553,0.300651841,6,2,CAPG/CAPZA2,up,FALSE
GOCC_DENDRITIC_GROWTH_CONE,GOCC_DENDRITIC_GROWTH_CONE,GO_CC,CD8,SF_vs_PB_CD8,-1.40829856,-0.661953911,0.105139583,0.301037492,6,4,CDKL5/HSP90AA1/HSP90AB1/PTCH1,down,FALSE
GOCC_FILAMENTOUS_ACTIN,GOCC_FILAMENTOUS_ACTIN,GO_CC,CD8,SF_vs_PB_CD8,1.35892547,0.461193083,0.105505864,0.301037492,22,8,MYO1C/PDLIM7/PDLIM1/DUSP22/PDLIM4/TMSB15A/DIAPH3/RAC3,up,FALSE
GOCC_EARLY_PHAGOSOME,GOCC_EARLY_PHAGOSOME,GO_CC,CD8,SF_vs_PB_CD8,1.39191635,0.58146628,0.10576993,0.301037492,10,7,SYT11/APPL2/UNC93B1/RAB31/RAB5A/SLC9A9/SYK,up,FALSE
GOCC_RIXOSOME_COMPLEX,GOCC_RIXOSOME_COMPLEX,GO_CC,CD8,SF_vs_PB_CD8,-1.40874141,-0.630369905,0.106491422,0.302080667,7,5,PELP1/LAS1L/MDN1/TEX10/NOL9,down,FALSE
GOCC_PROTEASOME_REGULATORY_PARTICLE_LID_SUBCOMPLEX,GOCC_PROTEASOME_REGULATORY_PARTICLE_LID_SUBCOMPLEX,GO_CC,CD8,SF_vs_PB_CD8,1.38678546,0.643332964,0.10724557,0.303209236,7,4,PSMD8/ADRM1/PSMD14/PSMD11,up,FALSE
GOCC_RNA_POLYMERASE_COMPLEX,GOCC_RNA_POLYMERASE_COMPLEX,GO_CC,CD8,SF_vs_PB_CD8,-1.22042594,-0.284229303,0.110204313,0.310542617,95,34,TAF8/GTF2B/POLR3D/POLR3B/POLR2D/GTF2H1/PEX2/POLR2B/TAF7/LEO1/PRIM1/POLR3H/POLR1C/ATXN7/CRCP/TBP/POLR3C/POLR1E/TCEA1/TAF12/CDC73/TBPL1/TAF4B/GTF2H3/TAF3/CTR9/RPAP1/POLR3G/POLR2C/POLR2M/POLR1B/POLR2H/CCNH/KAT2A,down,FALSE
GOCC_CAMP_DEPENDENT_PROTEIN_KINASE_COMPLEX,GOCC_CAMP_DEPENDENT_PROTEIN_KINASE_COMPLEX,GO_CC,CD8,SF_vs_PB_CD8,1.3809299,0.640616561,0.110622507,0.310605173,7,4,PRKAR1A/PRKAR1B/PRKACA/PRKX,up,FALSE
GOCC_GAMMA_SECRETASE_COMPLEX,GOCC_GAMMA_SECRETASE_COMPLEX,GO_CC,CD8,SF_vs_PB_CD8,1.38052781,0.640430026,0.110956489,0.310605173,7,2,PSEN1/PSENEN,up,FALSE
GOCC_ENDOPLASMIC_RETICULUM_GOLGI_INTERMEDIATE_COMPARTMENT_MEMBRANE,GOCC_ENDOPLASMIC_RETICULUM_GOLGI_INTERMEDIATE_COMPARTMENT_MEMBRANE,GO_CC,CD8,SF_vs_PB_CD8,1.27704633,0.344300773,0.111591988,0.31135994,64,18,RAB1B/CTSZ/SURF4/GALNT1/YIF1A/PRRG4/PIEZO1/CNIH2/GOLGA2/TAP1/YIF1B/TBC1D20/TAPBP/VMP1/STX5/TMED7/MGAT1/SPPL3,up,FALSE
GOCC_CHROMOSOME_PASSENGER_COMPLEX,GOCC_CHROMOSOME_PASSENGER_COMPLEX,GO_CC,CD8,SF_vs_PB_CD8,1.37247523,0.703565871,0.113812259,0.315746072,5,4,AURKA/CDCA8/AURKB/INCENP,up,FALSE
GOCC_AMPHISOME,GOCC_AMPHISOME,GO_CC,CD8,SF_vs_PB_CD8,1.37331871,0.545158702,0.113906045,0.315746072,12,5,CHMP2A/CHMP4A/CHMP1A/CHMP5/CHMP3,up,FALSE
GOCC_FAR_SIN_STRIPAK_COMPLEX,GOCC_FAR_SIN_STRIPAK_COMPLEX,GO_CC,CD8,SF_vs_PB_CD8,1.35801339,0.508382428,0.116203092,0.318377915,15,5,PDCD10/CTTNBP2NL/STK24/STRN4/PPP2CB,up,FALSE
GOCC_MITOTIC_COHESIN_COMPLEX,GOCC_MITOTIC_COHESIN_COMPLEX,GO_CC,CD8,SF_vs_PB_CD8,1.3718226,0.666069511,0.116239571,0.318377915,6,5,SMC3/SMC1A/RAD21/DDX11/STAG1,up,FALSE
GOCC_SECONDARY_LYSOSOME,GOCC_SECONDARY_LYSOSOME,GO_CC,CD8,SF_vs_PB_CD8,1.33764431,0.448958674,0.116256449,0.318377915,23,11,HLA-DRA/HLA-DRB1/NCF4/LAMP2/NCF1/ADAM8/PLEKHM1/NCF2/FTH1/SQSTM1/LAMP1,up,FALSE
GOCC_ENZYME_ACTIVATOR_COMPLEX,GOCC_ENZYME_ACTIVATOR_COMPLEX,GO_CC,CD8,SF_vs_PB_CD8,1.35966206,0.518399434,0.116351976,0.318377915,14,5,LAMTOR5/RRAGC/PSMC3IP/GNB5/PCNA,up,FALSE
GOCC_U2AF_COMPLEX,GOCC_U2AF_COMPLEX,GO_CC,CD8,SF_vs_PB_CD8,-1.38658851,-0.689351166,0.117043734,0.318456238,5,3,U2AF1L4/U2AF2/SF1,down,FALSE
GOCC_MCRD_MEDIATED_MRNA_STABILITY_COMPLEX,GOCC_MCRD_MEDIATED_MRNA_STABILITY_COMPLEX,GO_CC,CD8,SF_vs_PB_CD8,-1.38636342,-0.689239258,0.117129027,0.318456238,5,3,PAIP1/CSDE1/PABPC1,down,FALSE
GOCC_KATANIN_COMPLEX,GOCC_KATANIN_COMPLEX,GO_CC,CD8,SF_vs_PB_CD8,1.36685721,0.700685933,0.117879672,0.319476437,5,3,KATNAL1/KATNB1/KATNA1,up,FALSE
GOCC_GATOR2_COMPLEX,GOCC_GATOR2_COMPLEX,GO_CC,CD8,SF_vs_PB_CD8,-1.38302044,-0.572556705,0.118734729,0.320772236,9,7,SEH1L/SEC13/SESN3/WDR24/WDR59/SESN2/SESN1,down,FALSE
GOCC_MISMATCH_REPAIR_COMPLEX,GOCC_MISMATCH_REPAIR_COMPLEX,GO_CC,CD8,SF_vs_PB_CD8,-1.38768697,-0.620948665,0.1191793,0.320954382,7,4,MLH3/PMS2/MSH3/PMS1,down,FALSE
GOCC_GOLGI_ASSOCIATED_VESICLE_MEMBRANE,GOCC_GOLGI_ASSOCIATED_VESICLE_MEMBRANE,GO_CC,CD8,SF_vs_PB_CD8,1.28691632,0.370123281,0.119775173,0.321541552,46,18,AP1S1/AP4M1/KDELR3/AP1G2/PI4KA/COPE/CLTC/ZDHHC13/AP2A1/CLTB/TMED7/SPPL3/SCYL1/AP2M1/PKD1/COPG2/SPPL2A/CLTA,up,FALSE
GOCC_NUCLEAR_OUTER_MEMBRANE,GOCC_NUCLEAR_OUTER_MEMBRANE,GO_CC,CD8,SF_vs_PB_CD8,1.33749011,0.464314762,0.120424347,0.322255341,20,8,PSEN1/TMEM53/SYNE3/ENO1/NUTF2/ITPR3/SYNE2/SNCA,up,FALSE
GOCC_CORTICAL_MICROTUBULE_CYTOSKELETON,GOCC_CORTICAL_MICROTUBULE_CYTOSKELETON,GO_CC,CD8,SF_vs_PB_CD8,1.36271845,0.698564298,0.120798418,0.322255341,5,4,PDE4DIP/NUMA1/CLASP1/MAPRE1,up,FALSE
GOCC_GOLGI_LUMEN,GOCC_GOLGI_LUMEN,GO_CC,CD8,SF_vs_PB_CD8,1.29957356,0.398489329,0.12323205,0.327148051,34,8,PDGFA/SDC4/GOLIM4/GPC1/MUC16/DAG1/MUC12/OGN,up,FALSE
GOCC_GOLGI_TRANSPORT_COMPLEX,GOCC_GOLGI_TRANSPORT_COMPLEX,GO_CC,CD8,SF_vs_PB_CD8,-1.36952621,-0.550125917,0.123401321,0.327148051,10,4,COG6/COG2/COG5/COG3,down,FALSE
GOCC_U7_SNRNP,GOCC_U7_SNRNP,GO_CC,CD8,SF_vs_PB_CD8,1.35920365,0.630537702,0.124427127,0.328843121,7,2,SNRPB/SNRPG,up,FALSE
GOCC_CLATHRIN_COAT,GOCC_CLATHRIN_COAT,GO_CC,CD8,SF_vs_PB_CD8,1.28354667,0.376251258,0.125557244,0.330802521,42,10,AP1S1/AP2B1/AP4M1/EPS15/AP1G2/PICALM/CLTC/EPN2/AP2A1/CLTB,up,FALSE
GOCC_FILOPODIUM_MEMBRANE,GOCC_FILOPODIUM_MEMBRANE,GO_CC,CD8,SF_vs_PB_CD8,1.35579269,0.566375796,0.127806845,0.335690202,10,7,ITGA3/ARF6/SYNE2/HLA-G/ITGAV/DMD/NF2,up,FALSE
GOCC_PORE_COMPLEX,GOCC_PORE_COMPLEX,GO_CC,CD8,SF_vs_PB_CD8,-1.32702599,-0.449713733,0.129126281,0.337783597,18,5,C8G/SLC25A4/SLC25A6/ADAM10/PLEKHA7,down,FALSE
GOCC_ALVEOLAR_LAMELLAR_BODY,GOCC_ALVEOLAR_LAMELLAR_BODY,GO_CC,CD8,SF_vs_PB_CD8,1.35221636,0.656549974,0.129397712,0.337783597,6,5,LAMP3/TMEM63B/ABCA3/RAB7A/NAPSA,up,FALSE
GOCC_LOW_DENSITY_LIPOPROTEIN_PARTICLE,GOCC_LOW_DENSITY_LIPOPROTEIN_PARTICLE,GO_CC,CD8,SF_vs_PB_CD8,1.3478259399999999,0.601322173,0.134562161,0.350190823,8,4,LDLR/MSR1/APOBR/LSR,up,FALSE
GOCC_DENDRITE_TERMINUS,GOCC_DENDRITE_TERMINUS,GO_CC,CD8,SF_vs_PB_CD8,-1.35498243,-0.560949246,0.135244007,0.350892226,9,5,IFT20/CDKL5/HSP90AA1/HSP90AB1/PTCH1,down,FALSE
GOCC_CYTOCHROME_COMPLEX,GOCC_CYTOCHROME_COMPLEX,GO_CC,CD8,SF_vs_PB_CD8,-1.27385615,-0.38371674,0.140490534,0.363396487,28,12,MT-CO2/UQCR10/UQCRFS1/MT-CYB/UQCRH/COX10/COX7C/MT-CO3/COX15/COX4I1/UQCRC2/COX7A2L,down,FALSE
GOCC_PHOTORECEPTOR_OUTER_SEGMENT,GOCC_PHOTORECEPTOR_OUTER_SEGMENT,GO_CC,CD8,SF_vs_PB_CD8,1.26752944,0.381780025,0.142137029,0.366541247,37,15,MYO7A/RPGR/RAB27A/SPTBN5/GNB1/BBS7/BSG/MAK/TMEM237/PTGS1/CEP250/OPN3/ROM1/PHLPP2/BBS4,up,FALSE
GOCC_SPLICEOSOMAL_COMPLEX,GOCC_SPLICEOSOMAL_COMPLEX,GO_CC,CD8,SF_vs_PB_CD8,-1.14215398,-0.238948459,0.143385567,0.36864386,195,49,RNF113A/HNRNPR/RBM17/TRA2B/CWF19L2/PRPF6/SF3A3/BCAS2/PPWD1/KIN/C9orf78/LSM4/MAGOHB/HNRNPH1/SNRPA/PRPF3/HNRNPM/HSPA8/PRPF18/USP39/CIRBP/TRA2A/LSM3/RBM48/AKAP17A/SF3A1/DDX5/SMU1/RNPC3/HNRNPA2B1/PRPF40B/ZNF830/LUC7L3/PPIH/U2AF2/DHX32/CDC40/SNRPD2/NCL/HNRNPC/SNRPN/PRPF19/SRSF1/LSM5/HNRNPA1/YBX1/RBMX/SF1/PABPC1,down,FALSE
GOCC_INTERCALATED_DISC,GOCC_INTERCALATED_DISC,GO_CC,CD8,SF_vs_PB_CD8,1.29547047,0.434803706,0.144030849,0.369187507,23,10,YWHAH/ATP1B1/FHOD1/CTNNA1/SLC2A1/ATP2A2/ITGB1/SLC8A1/PAK1/TMEM65,up,FALSE
GOCC_AP_2_ADAPTOR_COMPLEX,GOCC_AP_2_ADAPTOR_COMPLEX,GO_CC,CD8,SF_vs_PB_CD8,1.32775389,0.572581042,0.146587265,0.3746119,9,2,AP2B1/EPS15,up,FALSE
GOCC_TRANSCRIPTION_FACTOR_AP_1_COMPLEX,GOCC_TRANSCRIPTION_FACTOR_AP_1_COMPLEX,GO_CC,CD8,SF_vs_PB_CD8,1.32844144,0.645006388,0.148509677,0.378388429,6,2,JUN/JUND,up,FALSE
GOCC_DNA_REPLICATION_FACTOR_A_COMPLEX,GOCC_DNA_REPLICATION_FACTOR_A_COMPLEX,GO_CC,CD8,SF_vs_PB_CD8,-1.31128459,-0.487438538,0.149704249,0.3789644,13,6,PLRG1/BCAS2/HELB/XPA/PRPF19/RPA2,down,FALSE
GOCC_POLE_PLASM,GOCC_POLE_PLASM,GO_CC,CD8,SF_vs_PB_CD8,1.30832901,0.498827642,0.149725915,0.3789644,14,4,HELZ2/TDRD7/CARHSP1/SNRPG,up,FALSE
GOCC_NON_MOTILE_CILIUM,GOCC_NON_MOTILE_CILIUM,GO_CC,CD8,SF_vs_PB_CD8,1.21690469,0.318367392,0.150224322,0.3789644,76,26,MYO7A/RPGR/AHI1/RAB27A/RAC1/SPTBN5/GNB1/ARL3/CEP89/ENKD1/TUBG1/BBS7/BSG/ARL13B/PHYH/MAK/FAM161A/TTLL4/PCM1/TULP3/NPHP4/TMEM237/PTGS1/CEP250/OPN3/ROM1,up,FALSE
GOCC_TRNA_METHYLTRANSFERASE_COMPLEX,GOCC_TRNA_METHYLTRANSFERASE_COMPLEX,GO_CC,CD8,SF_vs_PB_CD8,-1.30971588,-0.486855408,0.150517,0.3789644,13,9,WDR4/METTL6/THUMPD3/THUMPD2/TRMT11/TRMT61B/TRMT61A/TRMT10C/METTL1,down,FALSE
GOCC_NEURON_PROJECTION_TERMINUS,GOCC_NEURON_PROJECTION_TERMINUS,GO_CC,CD8,SF_vs_PB_CD8,1.23131256,0.338353745,0.152219118,0.382119378,58,24,ITGA2/AP1S1/SLC1A1/MICAL1/CALM2/SLC4A8/SLC8A1/TPRG1L/NTRK2/SNCA/GIT1/KCNA6/FMR1/PTPN9/NAPA/ELK1/PRNP/DMD/RAB5A/CALM3/EPHA4/ATP6V0D1/KCNC4/CPLX1,up,FALSE
GOCC_OLIGOSACCHARYLTRANSFERASE_COMPLEX_A,GOCC_OLIGOSACCHARYLTRANSFERASE_COMPLEX_A,GO_CC,CD8,SF_vs_PB_CD8,-1.32531298,-0.548666391,0.154504832,0.386716505,9,4,DDOST/RPN2/OSTC/STT3A,down,FALSE
GOCC_PLATELET_ALPHA_GRANULE_LUMEN,GOCC_PLATELET_ALPHA_GRANULE_LUMEN,GO_CC,CD8,SF_vs_PB_CD8,1.24690387,0.371314341,0.156040635,0.38929822,39,20,ACTN4/PDGFA/CLU/FN1/A1BG/SRGN/TMSB4X/MAGED2/MMRN1/SERPINE1/GTPBP2/VEGFA/QSOX1/VEGFB/SCCPDH/TOR4A/ALDOA/TGFB1/FERMT3/NHLRC2,up,FALSE
GOCC_NPBAF_COMPLEX,GOCC_NPBAF_COMPLEX,GO_CC,CD8,SF_vs_PB_CD8,1.29786275,0.494837164,0.157196088,0.38929822,14,9,SS18/PHF10/ACTL6A/SMARCC1/SMARCA4/SMARCE1/SMARCD1/SMARCB1/SMARCD3,up,FALSE
GOCC_PRC1_COMPLEX,GOCC_PRC1_COMPLEX,GO_CC,CD8,SF_vs_PB_CD8,1.26038204,0.397702882,0.157205315,0.38929822,30,7,CBX6/BCOR/TFDP1/AUTS2/KDM2B/PCGF3/CSNK2B,up,FALSE
GOCC_UNIPLEX_COMPLEX,GOCC_UNIPLEX_COMPLEX,GO_CC,CD8,SF_vs_PB_CD8,-1.33016902,-0.661301862,0.15736614300000001,0.38929822,5,4,MICU1/MICU2/SMDT1/MICU3,down,FALSE
GOCC_TERMINAL_BOUTON,GOCC_TERMINAL_BOUTON,GO_CC,CD8,SF_vs_PB_CD8,1.28069245,0.439614832,0.15863166,0.391291428,21,9,AP1S1/MICAL1/SLC4A8/NTRK2/SNCA/NAPA/PRNP/RAB5A/CPLX1,up,FALSE
GOCC_GOLGI_STACK,GOCC_GOLGI_STACK,GO_CC,CD8,SF_vs_PB_CD8,1.19103045,0.295475176,0.159303391,0.391812676,105,41,GCNT1/GOLIM4/PLK3/GALNT1/GALNT2/GOLGA8A/GOLGB1/CSGALNACT1/ZFYVE1/MGAT4B/PITPNM1/PSENEN/SMPD3/RAB21/GOLGA2/YIPF1/CSGALNACT2/AKAP9/LPCAT2/SGMS1/INPP5E/GOLGA3/FUT8/FUT4/CHSY1/LLGL1/CANT1/HLA-A/ATP2C1/ARAP1/B4GALT2/B4GALT5/GAL3ST2/B3GALT6/RAB34/TRAPPC4/GOLGA8B/TMEM87A/CHPF/TMEM87B/RAB27B,up,FALSE
GOCC_INNER_MITOCHONDRIAL_MEMBRANE_PROTEIN_COMPLEX,GOCC_INNER_MITOCHONDRIAL_MEMBRANE_PROTEIN_COMPLEX,GO_CC,CD8,SF_vs_PB_CD8,-1.21006795,-0.317628683,0.160162539,0.39279055,51,19,MICU2/SMDT1/TRMT10B/TIMM21/TMEM186/HSPA9/TIMM22/IMMP1L/ECSIT/GRPEL1/MICU3/AGK/TIMM10B/DNAJC19/APOOL/TIMM9/PHB2/SLC25A6/IMMP2L,down,FALSE
GOCC_TERTIARY_GRANULE_MEMBRANE,GOCC_TERTIARY_GRANULE_MEMBRANE,GO_CC,CD8,SF_vs_PB_CD8,1.22376083,0.338368208,0.160625305,0.392793491,56,21,CYSTM1/HGSNAT/DYNLL1/NBEAL2/ATP8B4/CD93/CEACAM1/NRAS/CLEC5A/ITGAX/OLR1/VAMP8/CYBA/ADAM8/UBR4/CLEC12A/RAP2C/ATP11A/VAMP1/TRPM2/PLAU,up,FALSE
GOCC_THO_COMPLEX,GOCC_THO_COMPLEX,GO_CC,CD8,SF_vs_PB_CD8,-1.32247082,-0.62161161,0.162631398,0.396559654,6,5,THOC6/THOC1/THOC2/THOC3/THOC7,down,FALSE
GOCC_NUCLEAR_INNER_MEMBRANE,GOCC_NUCLEAR_INNER_MEMBRANE,GO_CC,CD8,SF_vs_PB_CD8,1.23590429,0.36603388,0.164368182,0.399520519,40,12,NRM/ARL6IP6/TMEM43/LMNB1/NUTF2/SUN1/ITPR1/MFSD10/TMX4/ATP11B/IFI27/SPAG4,up,FALSE
GOCC_TRANSLOCON_COMPLEX,GOCC_TRANSLOCON_COMPLEX,GO_CC,CD8,SF_vs_PB_CD8,-1.31079291,-0.542655228,0.164784609,0.399520519,9,6,SSR4/SSR3/SEC61B/SSR1/SEC61A1/SSR2,down,FALSE
GOCC_SULFURTRANSFERASE_COMPLEX,GOCC_SULFURTRANSFERASE_COMPLEX,GO_CC,CD8,SF_vs_PB_CD8,-1.31520961,-0.588517204,0.166330492,0.402122866,7,5,NFS1/ISCU/CTU1/MOCS2/FXN,down,FALSE
GOCC_POSTSYNAPTIC_RECYCLING_ENDOSOME,GOCC_POSTSYNAPTIC_RECYCLING_ENDOSOME,GO_CC,CD8,SF_vs_PB_CD8,1.29297043,0.526132184,0.168201806,0.402258705,11,5,AKAP5/RAB11A/TFRC/ZDHHC2/RAB11FIP3,up,FALSE
GOCC_GLYCOGEN_GRANULE,GOCC_GLYCOGEN_GRANULE,GO_CC,CD8,SF_vs_PB_CD8,1.30208073,0.667479852,0.168213916,0.402258705,5,3,FASN/PCYT1A/PPP1R3B,up,FALSE
GOCC_PRONUCLEUS,GOCC_PRONUCLEUS,GO_CC,CD8,SF_vs_PB_CD8,1.28286573,0.489119236,0.16839239,0.402258705,14,7,SLC2A1/AURKA/EZH2/CENPF/RIF1/EED/CCNA2,up,FALSE
GOCC_BRAHMA_COMPLEX,GOCC_BRAHMA_COMPLEX,GO_CC,CD8,SF_vs_PB_CD8,1.28529216,0.49970164,0.168539528,0.402258705,13,8,DPF3/SMARCD2/ACTL6A/SMARCC1/SMARCE1/SMARCD1/SMARCB1/SMARCD3,up,FALSE
GOCC_CUL3_RING_UBIQUITIN_LIGASE_COMPLEX,GOCC_CUL3_RING_UBIQUITIN_LIGASE_COMPLEX,GO_CC,CD8,SF_vs_PB_CD8,1.21494853,0.335931619,0.168783586,0.402258705,56,18,RBX1/KCTD17/IVNS1ABP/ZSWIM8/KCTD2/SPOPL/KBTBD2/KLHL6/KLHL7/KCTD10/KLHL2/KBTBD6/KLHL21/KEAP1/KLHL17/KLHL5/CUL3/LZTR1,up,FALSE
GOCC_ZONA_PELLUCIDA_RECEPTOR_COMPLEX,GOCC_ZONA_PELLUCIDA_RECEPTOR_COMPLEX,GO_CC,CD8,SF_vs_PB_CD8,-1.31401918,-0.617639018,0.169222816,0.402258705,6,4,CCT8/CCT2/CCT4/CCT3,down,FALSE
GOCC_DENDRITE_MEMBRANE,GOCC_DENDRITE_MEMBRANE,GO_CC,CD8,SF_vs_PB_CD8,1.29313732,0.540201821,0.169864109,0.40242387,10,8,AKAP5/HCN2/PPP1R9B/KCNC4/CLCN2/ATF4/SLC12A5/SLC9A5,up,FALSE
GOCC_MICROVILLUS_MEMBRANE,GOCC_MICROVILLUS_MEMBRANE,GO_CC,CD8,SF_vs_PB_CD8,1.27563727,0.461545672,0.170601124,0.40242387,17,4,SLC6A6/EZR/SLC7A5/CEACAM1,up,FALSE
GOCC_SARCOPLASMIC_RETICULUM_MEMBRANE,GOCC_SARCOPLASMIC_RETICULUM_MEMBRANE,GO_CC,CD8,SF_vs_PB_CD8,1.25952182,0.422738123,0.170710948,0.40242387,23,9,FKBP1A/RYR1/FKBP1C/ATP2A3/ATP2A2/REEP5/SRI/FKBP1B/SYNE2,up,FALSE
GOCC_WNT_SIGNALOSOME,GOCC_WNT_SIGNALOSOME,GO_CC,CD8,SF_vs_PB_CD8,-1.30781742,-0.585209416,0.172273191,0.404984766,7,6,CTNNB1/RECK/GSK3B/LRRK2/APC/AXIN1,down,FALSE
GOCC_BETA_CATENIN_TCF_COMPLEX,GOCC_BETA_CATENIN_TCF_COMPLEX,GO_CC,CD8,SF_vs_PB_CD8,-1.27932738,-0.486708617,0.173417295,0.405609205,12,4,LEF1/TCF7/TLE1/TLE4,down,FALSE
GOCC_CUL7_RING_UBIQUITIN_LIGASE_COMPLEX,GOCC_CUL7_RING_UBIQUITIN_LIGASE_COMPLEX,GO_CC,CD8,SF_vs_PB_CD8,1.29567837,0.664197837,0.173863101,0.405609205,5,3,RBX1/CUL7/CUL9,up,FALSE
GOCC_CLATHRIN_COMPLEX,GOCC_CLATHRIN_COMPLEX,GO_CC,CD8,SF_vs_PB_CD8,1.29710363,0.629790746,0.174079397,0.405609205,6,4,CLTC/VPS33A/CLTA/SCLT1,up,FALSE
GOCC_BLOC_1_COMPLEX,GOCC_BLOC_1_COMPLEX,GO_CC,CD8,SF_vs_PB_CD8,1.27792418,0.496837086,0.174445322,0.405609205,13,6,SNAP47/BLOC1S1/SNAPIN/BCAS4/PI4K2A/BLOC1S2,up,FALSE
GOCC_PROTON_TRANSPORTING_V_TYPE_ATPASE_COMPLEX,GOCC_PROTON_TRANSPORTING_V_TYPE_ATPASE_COMPLEX,GO_CC,CD8,SF_vs_PB_CD8,1.26014972,0.432563265,0.175237729,0.406341437,21,9,TCIRG1/ATP6V0B/ATP6V1E1/ATP6V1D/ATP6V1B2/RNASEK/ATP6V0D1/ATP6V1F/ATP6V1A,up,FALSE
GOCC_DYNEIN_COMPLEX,GOCC_DYNEIN_COMPLEX,GO_CC,CD8,SF_vs_PB_CD8,1.23738447,0.393541303,0.178073978,0.411796073,29,12,DYNLL1/DCTN2/DYNLRB1/DYNC1I2/DYNC2H1/DYNC1H1/DYNC1LI2/DYNC1LI1/DYNLT1/DYNLT3/DNAL1/DCTN1,up,FALSE
GOCC_PROTEIN_KINASE_COMPLEX,GOCC_PROTEIN_KINASE_COMPLEX,GO_CC,CD8,SF_vs_PB_CD8,1.15670856,0.27367129,0.179513976,0.414001066,146,45,CDKN1A/CAB39/CNPPD1/TANK/CKS1B/CDK1/ZBTB7A/PRKAR1A/CKS2/TAB2/PRKAR1B/SMG1/PRKACA/CDK2/CSNK2B/PARD6G/PRKX/TAB3/IRAK1/IKBKG/PCNA/PRKAG1/CCNI2/SNW1/AZI2/TRAF3/PARD6A/CDK13/ULK1/RB1CC1/PRKAB2/CCNA2/CDK6/CCND2/MED13/MNAT1/MYD88/STK11/CDC7/CSNK2A2/CCNE2/CDK14/IFIT5/CCNF/CDK19,up,FALSE
GOCC_PHOTORECEPTOR_CONNECTING_CILIUM,GOCC_PHOTORECEPTOR_CONNECTING_CILIUM,GO_CC,CD8,SF_vs_PB_CD8,1.23516819,0.396257753,0.18093519,0.416150937,28,4,MYO7A/RPGR/SPTBN5/ARL3,up,FALSE
GOCC_CATALYTIC_STEP_2_SPLICEOSOME,GOCC_CATALYTIC_STEP_2_SPLICEOSOME,GO_CC,CD8,SF_vs_PB_CD8,-1.14665633,-0.264052735,0.182299764,0.418159297,102,35,HNRNPF/PNN/NKAP/PRPF8/HNRNPK/SNIP1/CWC22/CWC27/DDX41/SNRNP40/PLRG1/PPIE/RNF113A/HNRNPR/PRPF6/SF3A3/BCAS2/PPWD1/MAGOHB/HNRNPH1/HNRNPM/LSM3/RBM48/SF3A1/DDX5/HNRNPA2B1/CDC40/SNRPD2/HNRNPC/SNRPN/PRPF19/SRSF1/HNRNPA1/RBMX/PABPC1,down,FALSE
GOCC_INTEGRIN_COMPLEX,GOCC_INTEGRIN_COMPLEX,GO_CC,CD8,SF_vs_PB_CD8,1.25081982,0.434226843,0.184251527,0.418941561,20,7,ITGA2/ITGA3/ITGA1/ITGB1/ITGAE/ITGAD/ITGAX,up,FALSE
GOCC_DEATH_INDUCING_SIGNALING_COMPLEX,GOCC_DEATH_INDUCING_SIGNALING_COMPLEX,GO_CC,CD8,SF_vs_PB_CD8,1.27763395,0.550967303,0.184443426,0.418941561,9,5,FAS/CASP3/CFLAR/FAF1/RIPK1,up,FALSE
GOCC_TERTIARY_GRANULE_LUMEN,GOCC_TERTIARY_GRANULE_LUMEN,GO_CC,CD8,SF_vs_PB_CD8,1.22220406,0.377395956,0.184726347,0.418941561,33,16,CTSD/QPCT/CSTB/GGH/TIMP2/PGM1/IDH1/YPEL5/NIT2/CANT1/SPTAN1/QSOX1/FTH1/CST3/ALDOC/ALDOA,up,FALSE
GOCC_U4_U6_SNRNP,GOCC_U4_U6_SNRNP,GO_CC,CD8,SF_vs_PB_CD8,-1.24720968,-0.422664912,0.184852761,0.418941561,18,6,LSM4/PRPF3/LSM3/PPIH/SNRPD2/LSM5,down,FALSE
GOCC_OUTER_MITOCHONDRIAL_MEMBRANE_PROTEIN_COMPLEX,GOCC_OUTER_MITOCHONDRIAL_MEMBRANE_PROTEIN_COMPLEX,GO_CC,CD8,SF_vs_PB_CD8,-1.23825961,-0.407643004,0.185102265,0.418941561,20,4,TOMM20/APOOL/TOMM7/TOMM22,down,FALSE
GOCC_DNA_LIGASE_III_XRCC1_COMPLEX,GOCC_DNA_LIGASE_III_XRCC1_COMPLEX,GO_CC,CD8,SF_vs_PB_CD8,-1.28946169,-0.576995777,0.185850305,0.419518858,7,5,POLB/APTX/APLF/LIG3/PNKP,down,FALSE
GOCC_POSTSYNAPTIC_ENDOSOME_MEMBRANE,GOCC_POSTSYNAPTIC_ENDOSOME_MEMBRANE,GO_CC,CD8,SF_vs_PB_CD8,1.27270804,0.548843051,0.188676134,0.424770873,9,5,AKAP5/GRIPAP1/TFRC/ZDHHC2/RAB11FIP3,up,FALSE
GOCC_ESC_E_Z_COMPLEX,GOCC_ESC_E_Z_COMPLEX,GO_CC,CD8,SF_vs_PB_CD8,1.25210673,0.468735478,0.191577106,0.430163897,15,6,TRIM37/EZH2/SUZ12/PHF19/EED/EZH1,up,FALSE
GOCC_CHROMATOID_BODY,GOCC_CHROMATOID_BODY,GO_CC,CD8,SF_vs_PB_CD8,1.27287786,0.61802826,0.195505702,0.43742394,6,2,TDRD7/SMG1,up,FALSE
GOCC_RNA_POLYMERASE_II_TRANSCRIPTION_REGULATOR_COMPLEX,GOCC_RNA_POLYMERASE_II_TRANSCRIPTION_REGULATOR_COMPLEX,GO_CC,CD8,SF_vs_PB_CD8,1.12628806,0.252927786,0.19583845,0.43742394,223,53,S100A10/ANXA2/NOTCH1/DRAP1/SMAD7/RBPJ/JUN/CBFB/NR5A2/VDR/TLE3/RXRA/LIN37/MED25/PPARA/NR1H2/TFDP1/HLF/ATXN7L3/MAFG/JUND/ATF7/IRF9/ARNT/E2F7/RARA/ATF3/PPARG/E2F8/MXD3/E2F2/NCOA1/BATF/EPAS1/CHD4/NFE2L1/MED16/CREM/FOXM1/MAFK/CBX3/CEBPG/MED31/NFE2L3/BATF3/SUPT3H/MED26/ENY2/MNAT1/MYBL2/ADNP/E2F1/BACH1,up,FALSE
GOCC_CYTOPLASMIC_UBIQUITIN_LIGASE_COMPLEX,GOCC_CYTOPLASMIC_UBIQUITIN_LIGASE_COMPLEX,GO_CC,CD8,SF_vs_PB_CD8,1.25533882,0.510819225,0.197444853,0.438863207,11,4,RBX1/HERPUD1/SEL1L/HDAC6,up,FALSE
GOCC_LIPID_DROPLET,GOCC_LIPID_DROPLET,GO_CC,CD8,SF_vs_PB_CD8,1.17018133,0.306143596,0.19751422799999999,0.438863207,76,14,ANXA2/RSAD2/CYB5R3/CLSTN3/GAPDH/ZFYVE1/PITPNM1/PRKACA/PLIN3/LPCAT2/AIFM2/HSD3B7/IRAK1/RNF213,up,FALSE
GOCC_PROTEIN_PHOSPHATASE_TYPE_1_COMPLEX,GOCC_PROTEIN_PHOSPHATASE_TYPE_1_COMPLEX,GO_CC,CD8,SF_vs_PB_CD8,1.23239732,0.427831404,0.19939429,0.441886824,20,9,HRAS/KRAS/NRAS/PPP1R12A/PPP1CB/PPP1R3B/PPP1R9B/PPP1R3D/WDR82,up,FALSE
GOCC_OTHER_ORGANISM_PART,GOCC_OTHER_ORGANISM_PART,GO_CC,CD8,SF_vs_PB_CD8,1.23558461,0.440699213,0.200306484,0.441990146,18,9,IFIT1/C1QA/KPNA6/C1QB/NUP153/C1QC/GZMK/KPNA2/DYNLT1,up,FALSE
GOCC_NEURON_PROJECTION_MEMBRANE,GOCC_NEURON_PROJECTION_MEMBRANE,GO_CC,CD8,SF_vs_PB_CD8,1.23126658,0.427438863,0.200479667,0.441990146,20,14,MYO1C/AKAP5/VEZT/ADORA2A/EPB41L3/HCN2/STX4/PPP1R9B/MYO1D/KCNC4/CLCN2/ATF4/SLC12A5/SLC9A5,up,FALSE
GOCC_ACROSOMAL_VESICLE,GOCC_ACROSOMAL_VESICLE,GO_CC,CD8,SF_vs_PB_CD8,1.172604,0.314507896,0.202996315,0.445031541,66,19,SKIL/NOTCH1/RACGAP1/CTNNA1/ITGA1/TRIM36/HYAL3/PRKACA/VEZT/ABHD2/ATP8B3/SPAG9/BSG/OSBP2/SNAPIN/GOLGA1/CAV1/CSNK2A2/NCF2,up,FALSE
GOCC_CIS_GOLGI_NETWORK,GOCC_CIS_GOLGI_NETWORK,GO_CC,CD8,SF_vs_PB_CD8,1.18784526,0.338579015,0.203175493,0.445031541,48,16,GOLIM4/KDELR3/GOLGA8A/GOLGB1/BLZF1/GOLGA2/AKAP9/HLA-G/LRPAP1/ATP2C1/TRAPPC6B/LIMK2/SCYL1/GOLGA8B/B3GAT3/HOOK3,up,FALSE
GOCC_PHOTORECEPTOR_CELL_CILIUM,GOCC_PHOTORECEPTOR_CELL_CILIUM,GO_CC,CD8,SF_vs_PB_CD8,1.18271898,0.329509009,0.203428049,0.445031541,54,19,MYO7A/RPGR/RAB27A/SPTBN5/GNB1/ARL3/BBS7/BSG/MAK/FAM161A/NPHP4/TMEM237/PTGS1/CEP250/OPN3/ROM1/PHLPP2/IFT122/BBS4,up,FALSE
GOCC_DYNEIN_AXONEMAL_PARTICLE,GOCC_DYNEIN_AXONEMAL_PARTICLE,GO_CC,CD8,SF_vs_PB_CD8,-1.24723098,-0.501001059,0.205854223,0.449184471,10,4,DNAAF2/RUVBL1/HSP90AB1/DNAI2,down,FALSE
GOCC_IKAPPAB_KINASE_COMPLEX,GOCC_IKAPPAB_KINASE_COMPLEX,GO_CC,CD8,SF_vs_PB_CD8,1.25915422,0.611364934,0.206797439,0.449231833,6,6,IKBKG/IFIT5/PYCARD/IKBKB/ERC1/CHUK,up,FALSE
GOCC_ACTIVIN_RECEPTOR_COMPLEX,GOCC_ACTIVIN_RECEPTOR_COMPLEX,GO_CC,CD8,SF_vs_PB_CD8,-1.26117939,-0.564340285,0.206931702,0.449231833,7,4,ACVR2B/ACVR1B/ACVR1C/TGFBR1,down,FALSE
GOCC_CHLORIDE_CHANNEL_COMPLEX,GOCC_CHLORIDE_CHANNEL_COMPLEX,GO_CC,CD8,SF_vs_PB_CD8,1.23137966,0.452791103,0.207792669,0.449953082,16,6,CLIC1/TTYH3/CLIC5/CLCN7/SLC26A6/CLIC4,up,FALSE
GOCC_SARCOPLASM,GOCC_SARCOPLASM,GO_CC,CD8,SF_vs_PB_CD8,1.17726533,0.329316571,0.20836879,0.45004499,53,15,PLEC/FKBP1A/RYR1/FKBP1C/GSN/HABP4/ATP2A3/ATP2A2/ITPR3/REEP5/H6PD/ITPR1/SRI/FKBP1B/SYNE2,up,FALSE
GOCC_NBAF_COMPLEX,GOCC_NBAF_COMPLEX,GO_CC,CD8,SF_vs_PB_CD8,1.23587281,0.480488166,0.208892798,0.45004499,13,8,DPF3/SMARCC1/SMARCA4/SMARCE1/SS18L1/SMARCD1/SMARCB1/SMARCD3,up,FALSE
GOCC_APICAL_JUNCTION_COMPLEX,GOCC_APICAL_JUNCTION_COMPLEX,GO_CC,CD8,SF_vs_PB_CD8,1.15651903,0.297916092,0.209899003,0.451070836,83,22,FRMD4B/ECT2/TBCD/CYTH2/CTNNA1/RHOA/DLG3/FRMD4A/MPP7/ILDR1/NHS/PARD6G/LUZP1/RAPGEF2/SAPCD2/F11R/RAB13/PARD6A/RAP2C/ARHGAP17/LSR/YBX3,up,FALSE
GOCC_MYELIN_SHEATH,GOCC_MYELIN_SHEATH,GO_CC,CD8,SF_vs_PB_CD8,1.19880479,0.378272702,0.211992349,0.454421887,30,6,ANXA2/TSPAN2/PLEC/ITGB1/CALM2/CNP,up,FALSE
GOCC_TRANS_GOLGI_NETWORK_TRANSPORT_VESICLE_MEMBRANE,GOCC_TRANS_GOLGI_NETWORK_TRANSPORT_VESICLE_MEMBRANE,GO_CC,CD8,SF_vs_PB_CD8,1.21551161,0.417240636,0.212977206,0.455385935,21,6,AP1S1/AP4M1/AP1G2/CLTC/AP2A1/CLTB,up,FALSE
GOCC_AXONEMAL_NEXIN_LINK,GOCC_AXONEMAL_NEXIN_LINK,GO_CC,CD8,SF_vs_PB_CD8,-1.25910637,-0.591827908,0.214781148,0.456734997,6,2,IQCA1/CCDC65,down,FALSE
GOCC_TOM_COMPLEX,GOCC_TOM_COMPLEX,GO_CC,CD8,SF_vs_PB_CD8,-1.25079735,-0.559694631,0.215130024,0.456734997,7,3,TOMM20/TOMM7/TOMM22,down,FALSE
GOCC_SWI_SNF_COMPLEX,GOCC_SWI_SNF_COMPLEX,GO_CC,CD8,SF_vs_PB_CD8,1.20058383,0.38854482,0.215218254,0.456734997,27,12,DPF3/SMARCD2/SS18/PHF10/ARID2/ACTL6A/PBRM1/SMARCC1/BCL7C/SMARCA4/SMARCE1/BCL7B,up,FALSE
GOCC_HIPPOCAMPAL_MOSSY_FIBER_TO_CA3_SYNAPSE,GOCC_HIPPOCAMPAL_MOSSY_FIBER_TO_CA3_SYNAPSE,GO_CC,CD8,SF_vs_PB_CD8,1.22545935,0.467231859,0.216008026,0.457102742,14,6,ROGDI/GNAI2/PRKAR1B/PPP3R1/SUMO2/SLC39A3,up,FALSE
GOCC_LSM1_7_PAT1_COMPLEX,GOCC_LSM1_7_PAT1_COMPLEX,GO_CC,CD8,SF_vs_PB_CD8,-1.24524948,-0.534521554,0.216465811,0.457102742,8,3,LSM4/LSM3/LSM5,down,FALSE
GOCC_TOR_COMPLEX,GOCC_TOR_COMPLEX,GO_CC,CD8,SF_vs_PB_CD8,-1.22173293,-0.464797328,0.217969189,0.458635123,12,7,SESN3/TTI1/MAPKAP1/MLST8/RPTOR/SESN2/PRR5,down,FALSE
GOCC_PRESYNAPTIC_ACTIVE_ZONE,GOCC_PRESYNAPTIC_ACTIVE_ZONE,GO_CC,CD8,SF_vs_PB_CD8,1.17808333,0.347049164,0.218269359,0.458635123,41,11,STX1A/ATP2B4/ITGA3/RIMS3/STX2/LPAR2/SYT11/ADORA2A/TPRG1L/STX11/GIT1,up,FALSE
GOCC_AZUROPHIL_GRANULE_MEMBRANE,GOCC_AZUROPHIL_GRANULE_MEMBRANE,GO_CC,CD8,SF_vs_PB_CD8,1.17250793,0.335836048,0.219812601,0.460740206,47,18,CD68/PSEN1/SURF4/CD63/DNAJC5/ARL8A/DNAJC13/LAMP2/VAMP8/ATP11B/CMTM6/VAMP1/TOM1/NDUFC2/RAB5C/FPR1/BRI3/LAMP1,up,FALSE
GOCC_CYTOLYTIC_GRANULE,GOCC_CYTOLYTIC_GRANULE,GO_CC,CD8,SF_vs_PB_CD8,1.21457843,0.45468648,0.223408434,0.466736927,15,8,SRGN/GZMB/STXBP2/GZMA/KIF5B/RNF19B/GZMH/LAMP1,up,FALSE
GOCC_DESMOSOME,GOCC_DESMOSOME,GO_CC,CD8,SF_vs_PB_CD8,-1.21200751,-0.450534668,0.223980675,0.466736927,13,5,B4GALT1/TCHP/DSC1/CDH2/VCL,down,FALSE
GOCC_ZYMOGEN_GRANULE,GOCC_ZYMOGEN_GRANULE,GO_CC,CD8,SF_vs_PB_CD8,1.22158223,0.484924711,0.224318923,0.466736927,12,3,ANXA4/STXBP2/VAMP8,up,FALSE
GOCC_DNA_REPLICATION_FACTOR_C_COMPLEX,GOCC_DNA_REPLICATION_FACTOR_C_COMPLEX,GO_CC,CD8,SF_vs_PB_CD8,1.23979547,0.635550837,0.225553149,0.468160317,5,3,RFC2/RFC3/RFC5,up,FALSE
GOCC_POSTSYNAPTIC_RECYCLING_ENDOSOME_MEMBRANE,GOCC_POSTSYNAPTIC_RECYCLING_ENDOSOME_MEMBRANE,GO_CC,CD8,SF_vs_PB_CD8,1.23775675,0.600975689,0.22648799,0.468956884,6,4,AKAP5/TFRC/ZDHHC2/RAB11FIP3,up,FALSE
GOCC_PINOSOME,GOCC_PINOSOME,GO_CC,CD8,SF_vs_PB_CD8,-1.24368816,-0.584580762,0.2278132,0.470306423,6,2,NCL/CX3CR1,down,FALSE
GOCC_TETRASPANIN_ENRICHED_MICRODOMAIN,GOCC_TETRASPANIN_ENRICHED_MICRODOMAIN,GO_CC,CD8,SF_vs_PB_CD8,-1.24287056,-0.584196457,0.228437877,0.470306423,6,3,SAMHD1/ADAM10/TSPAN15,down,FALSE
GOCC_AXON_INITIAL_SEGMENT,GOCC_AXON_INITIAL_SEGMENT,GO_CC,CD8,SF_vs_PB_CD8,1.22427171,0.527955353,0.229207513,0.470306423,9,5,TRIM46/MAP1A/IQCJ-SCHIP1/KCNA2/CLCN2,up,FALSE
GOCC_CELL_CORTEX_REGION,GOCC_CELL_CORTEX_REGION,GO_CC,CD8,SF_vs_PB_CD8,1.19831318,0.415998963,0.229732332,0.470306423,20,12,SPTBN5/GPSM2/RIMS3/SAPCD2/NUMA1/CLASP1/DCTN1/PKD2/PRKCZ/OSBPL2/MYO5B/STXBP1,up,FALSE
GOCC_CALCINEURIN_COMPLEX,GOCC_CALCINEURIN_COMPLEX,GO_CC,CD8,SF_vs_PB_CD8,1.23574385,0.633473874,0.229903022,0.470306423,5,4,PPP3CA/ITPR1/PPP3CB/PPP3R1,up,FALSE
GOCC_RIBBON_SYNAPSE,GOCC_RIBBON_SYNAPSE,GO_CC,CD8,SF_vs_PB_CD8,1.22099045,0.526540341,0.231974347,0.472754483,9,4,ATP2B1/CACNB2/ATP2A2/DAG1,up,FALSE
GOCC_MITOTIC_SPINDLE_ASTRAL_MICROTUBULE,GOCC_MITOTIC_SPINDLE_ASTRAL_MICROTUBULE,GO_CC,CD8,SF_vs_PB_CD8,1.22815237,0.569742709,0.23221078,0.472754483,7,5,KIF18B/KIF18A/NUMA1/DYNLT3/MAPRE1,up,FALSE
GOCC_CILIARY_TRANSITION_FIBER,GOCC_CILIARY_TRANSITION_FIBER,GO_CC,CD8,SF_vs_PB_CD8,1.23084104,0.597617861,0.233225704,0.473687528,6,5,CEP89/CENPF/SCLT1/NIN/CEP164,up,FALSE
GOCC_PHOSPHATIDYLINOSITOL_3_KINASE_COMPLEX_CLASS_I,GOCC_PHOSPHATIDYLINOSITOL_3_KINASE_COMPLEX_CLASS_I,GO_CC,CD8,SF_vs_PB_CD8,1.2212369,0.544845445,0.23561755,0.477406037,8,5,PIK3R6/PIK3CD/PIK3CG/PIK3CB/PIK3CA,up,FALSE
GOCC_CYTOSOLIC_REGION,GOCC_CYTOSOLIC_REGION,GO_CC,CD8,SF_vs_PB_CD8,1.16224168,0.34794832,0.237994315,0.481076394,38,14,FABP5/ANKS1B/PIAS3/FBXO45/DAG1/PPT1/UBE2I/CALM2/HTT/PIN1/ARL6IP5/KIF5A/KIF5B/SUMO2,up,FALSE
GOCC_INSULIN_RESPONSIVE_COMPARTMENT,GOCC_INSULIN_RESPONSIVE_COMPARTMENT,GO_CC,CD8,SF_vs_PB_CD8,1.22505384,0.594807969,0.238955561,0.481437694,6,4,MYO5A/RAB10/RAB13/RAB4B,up,FALSE
GOCC_GOLGI_CISTERNA,GOCC_GOLGI_CISTERNA,GO_CC,CD8,SF_vs_PB_CD8,1.13465238,0.294777293,0.239304518,0.481437694,79,32,GCNT1/GOLIM4/GALNT1/GALNT2/GOLGA8A/CSGALNACT1/PITPNM1/PSENEN/SMPD3/RAB21/GOLGA2/YIPF1/CSGALNACT2/SGMS1/INPP5E/GOLGA3/FUT8/FUT4/CHSY1/LLGL1/CANT1/HLA-A/ATP2C1/B4GALT2/B4GALT5/GAL3ST2/B3GALT6/RAB34/GOLGA8B/TMEM87A/CHPF/TMEM87B,up,FALSE
GOCC_RPAP3_R2TP_PREFOLDIN_LIKE_COMPLEX,GOCC_RPAP3_R2TP_PREFOLDIN_LIKE_COMPLEX,GO_CC,CD8,SF_vs_PB_CD8,-1.20563874,-0.484293846,0.240841656,0.48338738,10,6,RPAP3/RUVBL2/POLR2E/PDRG1/RUVBL1/UXT,down,FALSE
GOCC_SODIUM_POTASSIUM_EXCHANGING_ATPASE_COMPLEX,GOCC_SODIUM_POTASSIUM_EXCHANGING_ATPASE_COMPLEX,GO_CC,CD8,SF_vs_PB_CD8,1.21094425,0.540253459,0.245212,0.487733082,8,3,ATP1B1/FXYD2/ATP1B3,up,FALSE
GOCC_CHITOSOME,GOCC_CHITOSOME,GO_CC,CD8,SF_vs_PB_CD8,1.19409762,0.464246619,0.245314856,0.487733082,13,5,RAB27A/RAB38/TPCN2/MREG/GPNMB,up,FALSE
GOCC_STEREOCILIUM_TIP,GOCC_STEREOCILIUM_TIP,GO_CC,CD8,SF_vs_PB_CD8,-1.2102834,-0.519512416,0.245349751,0.487733082,8,4,MORN4/MYO3B/ESPN/CDH23,down,FALSE
GOCC_ELG1_RFC_LIKE_COMPLEX,GOCC_ELG1_RFC_LIKE_COMPLEX,GO_CC,CD8,SF_vs_PB_CD8,1.2180092,0.591387541,0.2459919,0.487733082,6,4,RFC2/RFC3/RFC5/ATAD5,up,FALSE
GOCC_9PLUS0_NON_MOTILE_CILIUM,GOCC_9PLUS0_NON_MOTILE_CILIUM,GO_CC,CD8,SF_vs_PB_CD8,1.13721331,0.307417558,0.247188299,0.487733082,63,24,MYO7A/RPGR/RAB27A/SPTBN5/GNB1/ARL3/ENKD1/BBS7/BSG/ARL13B/PHYH/MAK/FAM161A/TTLL4/TULP3/NPHP4/TMEM237/PTGS1/CEP250/OPN3/ROM1/PHLPP2/IFT122/BBS4,up,FALSE
GOCC_PERINUCLEAR_ENDOPLASMIC_RETICULUM,GOCC_PERINUCLEAR_ENDOPLASMIC_RETICULUM,GO_CC,CD8,SF_vs_PB_CD8,1.18709171,0.429508494,0.247305368,0.487733082,17,8,CLU/DBI/CISD2/TRIM13/CYBA/OSBP2/OSBPL7/CAPN2,up,FALSE
GOCC_PHOSPHATIDYLINOSITOL_3_KINASE_COMPLEX,GOCC_PHOSPHATIDYLINOSITOL_3_KINASE_COMPLEX,GO_CC,CD8,SF_vs_PB_CD8,1.18676303,0.429389573,0.247358377,0.487733082,17,7,PIK3R6/PIK3CD/PIK3CG/ULK1/PIK3CB/RB1CC1/PIK3CA,up,FALSE
GOCC_PRESPLICEOSOME,GOCC_PRESPLICEOSOME,GO_CC,CD8,SF_vs_PB_CD8,-1.17495491,-0.41144837,0.248082076,0.487733082,16,5,SF3A1/PRPF40B/LUC7L3/U2AF2/SNRPN,down,FALSE
GOCC_FANCONI_ANAEMIA_NUCLEAR_COMPLEX,GOCC_FANCONI_ANAEMIA_NUCLEAR_COMPLEX,GO_CC,CD8,SF_vs_PB_CD8,1.20708418,0.538531316,0.248570058,0.487733082,8,5,FANCL/FANCG/FANCA/FANCE/FANCC,up,FALSE
GOCC_ARP2_3_PROTEIN_COMPLEX,GOCC_ARP2_3_PROTEIN_COMPLEX,GO_CC,CD8,SF_vs_PB_CD8,1.19926283,0.500986209,0.249037134,0.487733082,10,5,ARPC2/ARPC4/ARPC1B/ARPC5/ARPC3,up,FALSE
GOCC_STRIATED_MUSCLE_THIN_FILAMENT,GOCC_STRIATED_MUSCLE_THIN_FILAMENT,GO_CC,CD8,SF_vs_PB_CD8,1.19436996,0.474122409,0.24931127,0.487733082,12,5,TPM4/TTN/TMOD3/TPM3/TNNI2,up,FALSE
GOCC_MULTIVESICULAR_BODY_MEMBRANE,GOCC_MULTIVESICULAR_BODY_MEMBRANE,GO_CC,CD8,SF_vs_PB_CD8,1.16846165,0.388583478,0.251228021,0.490355611,24,10,NDFIP2/RAB27A/CD63/CHMP2A/CHMP4A/HGS/CHMP1A/ATP13A2/CHMP5/CHMP3,up,FALSE
GOCC_SPECIALIZED_EXTRACELLULAR_MATRIX,GOCC_SPECIALIZED_EXTRACELLULAR_MATRIX,GO_CC,CD8,SF_vs_PB_CD8,-1.20609526,-0.539691776,0.253302102,0.493068126,7,3,OVGP1/ZP3/ZP1,down,FALSE
GOCC_PROCENTRIOLE_REPLICATION_COMPLEX,GOCC_PROCENTRIOLE_REPLICATION_COMPLEX,GO_CC,CD8,SF_vs_PB_CD8,1.21336249,0.622000617,0.254025045,0.493068126,5,3,CEP152/STIL/PLK4,up,FALSE
GOCC_SEX_CHROMOSOME,GOCC_SEX_CHROMOSOME,GO_CC,CD8,SF_vs_PB_CD8,1.16148358,0.379376364,0.254355943,0.493068126,26,9,SMC6/PBX4/PCGF3/ESCO2/CDK2/SUZ12/EED/PLK4/BRCA1,up,FALSE
GOCC_ENDOCYTIC_VESICLE_LUMEN,GOCC_ENDOCYTIC_VESICLE_LUMEN,GO_CC,CD8,SF_vs_PB_CD8,-1.18431654,-0.462054092,0.256006795,0.495140414,11,5,GNLY/HBA1/HSP90AA1/HBA2/HSP90B1,down,FALSE
GOCC_GTPASE_ACTIVATOR_COMPLEX,GOCC_GTPASE_ACTIVATOR_COMPLEX,GO_CC,CD8,SF_vs_PB_CD8,1.18394546,0.469984254,0.258602373,0.499026348,12,7,LAMTOR5/RRAGC/GNB5/FLCN/SLC38A9/LAMTOR3/LAMTOR2,up,FALSE
GOCC_GOLGI_CIS_CISTERNA,GOCC_GOLGI_CIS_CISTERNA,GO_CC,CD8,SF_vs_PB_CD8,1.18293541,0.469583299,0.259376632,0.49938804,12,9,GOLGA8A/SMPD3/GOLGA2/LLGL1/GOLGA8B/NECAB3/TMEM59/GBF1/XYLT1,up,FALSE
GOCC_ER_MEMBRANE_INSERTION_COMPLEX,GOCC_ER_MEMBRANE_INSERTION_COMPLEX,GO_CC,CD8,SF_vs_PB_CD8,1.17535574,0.456960067,0.263193796,0.504085757,13,8,SGTB/WDR83OS/NOMO1/CCDC47/TMCO1/UBL4A/SGTA/GET4,up,FALSE
GOCC_BASEMENT_MEMBRANE,GOCC_BASEMENT_MEMBRANE,GO_CC,CD8,SF_vs_PB_CD8,1.14712978,0.356900756,0.263290536,0.504085757,32,11,ANXA2/ANG/FN1/ENTPD1/CASK/DAG1/TGFBI/CD151/EFNA5/MEGF9/COL18A1,up,FALSE
GOCC_VOLTAGE_GATED_CALCIUM_CHANNEL_COMPLEX,GOCC_VOLTAGE_GATED_CALCIUM_CHANNEL_COMPLEX,GO_CC,CD8,SF_vs_PB_CD8,1.16729529,0.416342281,0.26359361,0.504085757,18,10,FKBP1A/RYR1/CACNB2/PDE4B/HSPA2/CACNB3/CATSPER1/CATSPERG/CACNB1/PDE4D,up,FALSE
GOCC_CALCIUM_CHANNEL_COMPLEX,GOCC_CALCIUM_CHANNEL_COMPLEX,GO_CC,CD8,SF_vs_PB_CD8,1.14584513,0.351351452,0.264414292,0.504521441,34,16,FKBP1A/RYR1/CACNB2/CALM2/PRKACA/SESTD1/PDE4B/FKBP1B/HSPA2/CACNB3/CATSPER1/CATSPERG/CALM3/PKD1/CACNB1/PDE4D,up,FALSE
GOCC_DNA_RECOMBINASE_MEDIATOR_COMPLEX,GOCC_DNA_RECOMBINASE_MEDIATOR_COMPLEX,GO_CC,CD8,SF_vs_PB_CD8,-1.19277085,-0.5337295,0.265057367,0.504617045,7,5,RAD51C/RAD51D/SFR1/SWI5/RAD51B,down,FALSE
GOCC_INTERSTITIAL_MATRIX,GOCC_INTERSTITIAL_MATRIX,GO_CC,CD8,SF_vs_PB_CD8,-1.20632205,-0.599730564,0.265923193,0.505008563,5,2,VIT/COL5A3,down,FALSE
GOCC_TUBULAR_ENDOSOME,GOCC_TUBULAR_ENDOSOME,GO_CC,CD8,SF_vs_PB_CD8,1.19603148,0.580716563,0.267007596,0.505008563,6,3,VPS35/VPS26A/ANKRD27,up,FALSE
GOCC_BETA_CATENIN_DESTRUCTION_COMPLEX,GOCC_BETA_CATENIN_DESTRUCTION_COMPLEX,GO_CC,CD8,SF_vs_PB_CD8,-1.17618797,-0.472463747,0.267043306,0.505008563,10,7,CACYBP/GSK3B/APC/CSNK1A1/SIAH1/AXIN2/AXIN1,down,FALSE
GOCC_CENTRIOLAR_SATELLITE,GOCC_CENTRIOLAR_SATELLITE,GO_CC,CD8,SF_vs_PB_CD8,1.11195467,0.291539861,0.271935806,0.513120557,75,23,RASSF7/RAB11A/MYOF/TPGS2/CHD3/CYLD/BBS7/TLN1/FAM184A/FLII/MICALL1/KIRREL2/ASAP1/SPAG9/CENPU/WDR90/KATNA1/SPAG5/PARD6A/KIAA0753/KNSTRN/WDR62/PCM1,up,FALSE
GOCC_FLOTILLIN_COMPLEX,GOCC_FLOTILLIN_COMPLEX,GO_CC,CD8,SF_vs_PB_CD8,1.1817712,0.527238128,0.272814495,0.513135381,8,2,CTNNA1/CORO1C,up,FALSE
GOCC_SPECIFIC_GRANULE_MEMBRANE,GOCC_SPECIFIC_GRANULE_MEMBRANE,GO_CC,CD8,SF_vs_PB_CD8,1.11275587,0.293719903,0.273149621,0.513135381,72,38,HGSNAT/AGPAT2/ATP8B4/CD93/CEACAM1/SLC27A2/PTPRJ/PGRMC1/DNAJC5/CLEC5A/OLR1/VAMP8/TMBIM1/CYBA/ADAM8/UBR4/CLEC12A/CMTM6/DEGS1/ATP11A/VAMP1/ATP6V1D/TRPM2/PLAU/TOM1/ITGAV/MMP25/ITGB2/P2RX1/DGAT1/TNFRSF1B/ATP8A1/HMOX2/CD59/KCNAB2/LAMTOR3/STK10/CYBB,up,FALSE
GOCC_PROTEASOME_CORE_COMPLEX,GOCC_PROTEASOME_CORE_COMPLEX,GO_CC,CD8,SF_vs_PB_CD8,1.15425255,0.411690292,0.276522291,0.518327025,18,6,PSMA7/PSMB6/PSMB3/PSMA6/PSMB1/PSMB7,up,FALSE
GOCC_APICAL_DENDRITE,GOCC_APICAL_DENDRITE,GO_CC,CD8,SF_vs_PB_CD8,1.16078536,0.451295331,0.277590292,0.51918536,13,6,SLC1A1/CLU/NSMF/GSK3A/OSBP2/PTK2B,up,FALSE
GOCC_SPERM_HEAD_TAIL_COUPLING_APPARATUS,GOCC_SPERM_HEAD_TAIL_COUPLING_APPARATUS,GO_CC,CD8,SF_vs_PB_CD8,1.16142783,0.461045555,0.279507355,0.521116135,12,5,PRKAR1A/CNTLN/SPATA6L/CEP128/CCDC34,up,FALSE
GOCC_MICROFIBRIL,GOCC_MICROFIBRIL,GO_CC,CD8,SF_vs_PB_CD8,-1.19150195,-0.59236266,0.279847325,0.521116135,5,2,EFEMP2/ADAMTS10,down,FALSE
GOCC_TRANSCRIPTION_ELONGATION_FACTOR_COMPLEX,GOCC_TRANSCRIPTION_ELONGATION_FACTOR_COMPLEX,GO_CC,CD8,SF_vs_PB_CD8,-1.10625761,-0.301618917,0.28295145,0.525076382,43,18,SSRP1/PEX2/ELL2/CDK12/LEO1/ZC3H8/RB1/EAF1/CCNT1/CDC73/NUFIP1/SUPT4H1/AFF4/ELP4/CTR9/ELP2/EAF2/AFF3,down,FALSE
GOCC_PHAGOCYTIC_VESICLE_MEMBRANE,GOCC_PHAGOCYTIC_VESICLE_MEMBRANE,GO_CC,CD8,SF_vs_PB_CD8,1.10784279,0.296234376,0.28320806,0.525076382,67,32,TCIRG1/RAB38/DNM2/RAB11FIP1/TAP1/ATP6V0B/LAMP2/RAB10/VAMP8/TAPBP/HLA-G/CYBA/HLA-A/RAB22A/MCOLN1/STX4/APPL2/RAB34/RAB31/RAB5A/LAMP1/SLC9A9/RAB11B/ATP6V0D1/SLC11A1/CYBB/RILP/HLA-F/RAB7A/CORO1A/VAMP3/ATP7A,up,FALSE
GOCC_PRP19_COMPLEX,GOCC_PRP19_COMPLEX,GO_CC,CD8,SF_vs_PB_CD8,-1.14307144,-0.415580753,0.284902671,0.526390998,14,5,PLRG1/BCAS2/HSPA8/U2AF2/PRPF19,down,FALSE
GOCC_UBIQUINONE_BIOSYNTHESIS_COMPLEX,GOCC_UBIQUINONE_BIOSYNTHESIS_COMPLEX,GO_CC,CD8,SF_vs_PB_CD8,-1.17920863,-0.55427293,0.285154231,0.526390998,6,3,COQ6/COQ5/COQ7,down,FALSE
GOCC_NUCLEOTIDE_EXCISION_REPAIR_COMPLEX,GOCC_NUCLEOTIDE_EXCISION_REPAIR_COMPLEX,GO_CC,CD8,SF_vs_PB_CD8,1.14742518,0.415156518,0.286320105,0.527398342,17,3,RBX1/SLX4/XPC,up,FALSE
GOCC_CATENIN_COMPLEX,GOCC_CATENIN_COMPLEX,GO_CC,CD8,SF_vs_PB_CD8,-1.15135518,-0.449194413,0.287074495,0.527398342,11,3,DCHS1/CDH2/CDH23,down,FALSE
GOCC_CTF18_RFC_LIKE_COMPLEX,GOCC_CTF18_RFC_LIKE_COMPLEX,GO_CC,CD8,SF_vs_PB_CD8,1.16993621,0.5427361,0.287559143,0.527398342,7,4,RFC2/CHTF18/RFC3/RFC5,up,FALSE
GOCC_TRANS_GOLGI_NETWORK_TRANSPORT_VESICLE,GOCC_TRANS_GOLGI_NETWORK_TRANSPORT_VESICLE,GO_CC,CD8,SF_vs_PB_CD8,1.12287312,0.34236079,0.288657529,0.528274316,35,15,AP1S1/AP4M1/AP1G2/CLTC/RAB13/AP2A1/CLTB/FURIN/AP2M1/RAB27B/CLTA/AP3M2/AP1G1/TMED9/ATP7A,up,FALSE
GOCC_GOLGI_CISTERNA_MEMBRANE,GOCC_GOLGI_CISTERNA_MEMBRANE,GO_CC,CD8,SF_vs_PB_CD8,1.10534479,0.303738922,0.292172981,0.533560529,58,25,GOLIM4/GALNT1/GALNT2/GOLGA8A/CSGALNACT1/PITPNM1/PSENEN/RAB21/GOLGA2/CSGALNACT2/INPP5E/GOLGA3/FUT8/FUT4/CHSY1/CANT1/ATP2C1/B4GALT2/B4GALT5/GAL3ST2/B3GALT6/GOLGA8B/TMEM87A/CHPF/TMEM87B,up,FALSE
GOCC_COPII_VESICLE_COAT,GOCC_COPII_VESICLE_COAT,GO_CC,CD8,SF_vs_PB_CD8,-1.12935556,-0.395480286,0.293929054,0.535618041,16,6,SEC24D/SAR1A/SEC23A/SEC24C/SEC31A/SEC23B,down,FALSE
GOCC_PHOTORECEPTOR_RIBBON_SYNAPSE,GOCC_PHOTORECEPTOR_RIBBON_SYNAPSE,GO_CC,CD8,SF_vs_PB_CD8,1.17432648,0.60198976,0.296092647,0.536770506,5,3,ATP2B1/CACNB2/DAG1,up,FALSE
GOCC_PROTON_TRANSPORTING_TWO_SECTOR_ATPASE_COMPLEX_PROTON_TRANSPORTING_DOMAIN,GOCC_PROTON_TRANSPORTING_TWO_SECTOR_ATPASE_COMPLEX_PROTON_TRANSPORTING_DOMAIN,GO_CC,CD8,SF_vs_PB_CD8,1.15051683,0.480622805,0.296453746,0.536770506,10,4,TCIRG1/ATP6V0B/RNASEK/ATP6V0D1,up,FALSE
GOCC_PROTON_TRANSPORTING_V_TYPE_ATPASE_V0_DOMAIN,GOCC_PROTON_TRANSPORTING_V_TYPE_ATPASE_V0_DOMAIN,GO_CC,CD8,SF_vs_PB_CD8,1.15051683,0.480622805,0.296453746,0.536770506,10,4,TCIRG1/ATP6V0B/RNASEK/ATP6V0D1,up,FALSE
GOCC_SERINE_TYPE_PEPTIDASE_COMPLEX,GOCC_SERINE_TYPE_PEPTIDASE_COMPLEX,GO_CC,CD8,SF_vs_PB_CD8,-1.12840421,-0.402236745,0.298240429,0.538859035,15,4,IMMP1L/F8/CFH/IMMP2L,down,FALSE
GOCC_ATP_BINDING_CASSETTE_ABC_TRANSPORTER_COMPLEX,GOCC_ATP_BINDING_CASSETTE_ABC_TRANSPORTER_COMPLEX,GO_CC,CD8,SF_vs_PB_CD8,1.15612476,0.536328938,0.301567863,0.543716635,7,5,ABCB10/ABCB8/FECH/ABCD4/ABCA2,up,FALSE
GOCC_MITOCHONDRIA_ASSOCIATED_ENDOPLASMIC_RETICULUM_MEMBRANE_CONTACT_SITE,GOCC_MITOCHONDRIA_ASSOCIATED_ENDOPLASMIC_RETICULUM_MEMBRANE_CONTACT_SITE,GO_CC,CD8,SF_vs_PB_CD8,1.12104453,0.372814446,0.302848315,0.544001672,24,5,PSEN1/RAB38/ZFYVE1/SERAC1/MBOAT7,up,FALSE
GOCC_SPERM_FIBROUS_SHEATH,GOCC_SPERM_FIBROUS_SHEATH,GO_CC,CD8,SF_vs_PB_CD8,-1.16776525,-0.580561808,0.303004457,0.544001672,5,3,AKAP3/GSTM3/TSGA10,down,FALSE
GOCC_ATG12_ATG5_ATG16_COMPLEX,GOCC_ATG12_ATG5_ATG16_COMPLEX,GO_CC,CD8,SF_vs_PB_CD8,-1.16650552,-0.579935525,0.304326503,0.545224955,5,2,ATG3/ATG16L2,down,FALSE
GOCC_SET1C_COMPASS_COMPLEX,GOCC_SET1C_COMPASS_COMPLEX,GO_CC,CD8,SF_vs_PB_CD8,1.13233625,0.440234758,0.306167875,0.546708095,13,6,BOD1L1/SETD1B/HCFC2/DPY30/WDR5/WDR82,up,FALSE
GOCC_PHAGOPHORE_ASSEMBLY_SITE,GOCC_PHAGOPHORE_ASSEMBLY_SITE,GO_CC,CD8,SF_vs_PB_CD8,1.10841283,0.342259148,0.308341112,0.546708095,33,14,RAB1B/ZFYVE1/ATG9A/WIPI1/VMP1/ULK1/RB1CC1/SNX30/SQSTM1/ATG7/ATG16L1/WIPI2/ATG2B/RAB7A,up,FALSE
GOCC_ANAPHASE_PROMOTING_COMPLEX,GOCC_ANAPHASE_PROMOTING_COMPLEX,GO_CC,CD8,SF_vs_PB_CD8,1.12002825,0.384464696,0.309082646,0.546708095,21,5,MAD2L2/BUB1B/FZR1/UBE2C/CUL7,up,FALSE
GOCC_PROTEASOME_CORE_COMPLEX_BETA_SUBUNIT_COMPLEX,GOCC_PROTEASOME_CORE_COMPLEX_BETA_SUBUNIT_COMPLEX,GO_CC,CD8,SF_vs_PB_CD8,1.13773456,0.475283075,0.309588693,0.546708095,10,5,PSMB6/PSMB3/PSMB1/PSMB7/PSMB2,up,FALSE
GOCC_NEURON_TO_NEURON_SYNAPSE,GOCC_NEURON_TO_NEURON_SYNAPSE,GO_CC,CD8,SF_vs_PB_CD8,1.064281,0.239481466,0.309953707,0.546708095,219,54,YWHAH/CAMK1/STX1A/NOTCH1/SLC1A1/LRP8/FABP5/RGS9/CLSTN3/LRFN4/AKAP5/RUSC1/ROGDI/GPSM2/SRGAP2/BMPR2/ANKS1B/DGCR8/DNM2/DMTN/DLG3/NETO2/SYT11/CASP3/ITGB1/FBXO45/GNAI2/ARHGAP33/PRKAR1B/CNIH2/NSMF/SLC4A8/ITPR1/PDE4B/VPS35/ADORA2A/AURKA/AKAP9/CFL1/SLC8A1/GRN/PCBP1/SLC30A1/LZTS3/RHEB/PPP3R1/CHD4/NTRK2/GIT1/FMR1/PKP4/LZTS1/SUMO2/ABL1,up,FALSE
GOCC_GLYCOSYLPHOSPHATIDYLINOSITOL_N_ACETYLGLUCOSAMINYLTRANSFERASE_GPI_GNT_COMPLEX,GOCC_GLYCOSYLPHOSPHATIDYLINOSITOL_N_ACETYLGLUCOSAMINYLTRANSFERASE_GPI_GNT_COMPLEX,GO_CC,CD8,SF_vs_PB_CD8,-1.15357985,-0.542226425,0.310184387,0.546708095,6,4,DPM2/PIGH/PIGC/PIGP,down,FALSE
GOCC_RAD17_RFC_LIKE_COMPLEX,GOCC_RAD17_RFC_LIKE_COMPLEX,GO_CC,CD8,SF_vs_PB_CD8,1.1611993,0.595260431,0.3105169,0.546708095,5,3,RFC2/RFC3/RFC5,up,FALSE
GOCC_LAMELLIPODIUM_MEMBRANE,GOCC_LAMELLIPODIUM_MEMBRANE,GO_CC,CD8,SF_vs_PB_CD8,1.12643711,0.414202636,0.310907961,0.546708095,16,10,CD44/DOCK8/PIEZO1/CFL1/SYNE2/SLC39A6/ITGAV/KCNA2/PLEK2/RAP2A,up,FALSE
GOCC_SNARE_COMPLEX,GOCC_SNARE_COMPLEX,GO_CC,CD8,SF_vs_PB_CD8,1.10033136,0.3294138,0.312425359,0.546708095,38,13,STX1A/SNAP47/STX7/STX2/VAMP8/STX11/STX5/VAMP1/NAPA/STX4/TSNARE1/STX10/CPLX1,up,FALSE
GOCC_DNA_POLYMERASE_COMPLEX,GOCC_DNA_POLYMERASE_COMPLEX,GO_CC,CD8,SF_vs_PB_CD8,1.11839377,0.393198488,0.31245283,0.546708095,19,7,POLG/MAD2L2/POLE/MCM3/POLD3/CHRAC1/POLE2,up,FALSE
GOCC_AXONEMAL_MICROTUBULE,GOCC_AXONEMAL_MICROTUBULE,GO_CC,CD8,SF_vs_PB_CD8,1.13446785,0.473918422,0.312568127,0.546708095,10,4,NME7/TUBA1A/TUBB4B/RIBC2,up,FALSE
GOCC_COSTAMERE,GOCC_COSTAMERE,GO_CC,CD8,SF_vs_PB_CD8,1.13130099,0.460346072,0.313657009,0.546708095,11,4,PLEC/AHNAK/SDC4/DAG1,up,FALSE
GOCC_NF_KAPPAB_COMPLEX,GOCC_NF_KAPPAB_COMPLEX,GO_CC,CD8,SF_vs_PB_CD8,-1.15013463,-0.540607042,0.31397553,0.546708095,6,2,REL/RPS3,down,FALSE
GOCC_MYOFILAMENT,GOCC_MYOFILAMENT,GO_CC,CD8,SF_vs_PB_CD8,1.12536619,0.429069262,0.31449966,0.546708095,14,5,TPM4/TTN/TMOD3/TPM3/TNNI2,up,FALSE
GOCC_MEMBRANE_COAT,GOCC_MEMBRANE_COAT,GO_CC,CD8,SF_vs_PB_CD8,1.08000914,0.277703403,0.315264758,0.546708095,84,27,AP1S1/AP2B1/AP4M1/EPS15/CHMP2A/AP1G2/AP3S1/PICALM/COPE/CLTC/CHMP4A/EPN2/AP2A1/CLTB/TMED7/AP5B1/VPS33A/SCYL1/AP2M1/COPG2/ARL6/CLTA/SCLT1/AP5Z1/COPB1/AP3D1/AP3M2,up,FALSE
GOCC_SCHMIDT_LANTERMAN_INCISURE,GOCC_SCHMIDT_LANTERMAN_INCISURE,GO_CC,CD8,SF_vs_PB_CD8,1.14899448,0.557878395,0.315496743,0.546708095,6,1,ANXA2,up,FALSE
GOCC_CCR4_NOT_CORE_COMPLEX,GOCC_CCR4_NOT_CORE_COMPLEX,GO_CC,CD8,SF_vs_PB_CD8,-1.15333195,-0.573386207,0.316075655,0.546708095,5,4,CNOT3/CNOT2/CNOT8/CNOT7,down,FALSE
GOCC_AP_3_ADAPTOR_COMPLEX,GOCC_AP_3_ADAPTOR_COMPLEX,GO_CC,CD8,SF_vs_PB_CD8,1.13033186,0.472190634,0.317055447,0.547290436,10,4,AP3S1/VPS33A/AP3D1/AP3M2,up,FALSE
GOCC_B_WICH_COMPLEX,GOCC_B_WICH_COMPLEX,GO_CC,CD8,SF_vs_PB_CD8,1.13417429,0.506003132,0.319439832,0.550290074,8,3,MYO1C/DEK/BAZ1B,up,FALSE
GOCC_RNA_POLYMERASE_II_CORE_COMPLEX,GOCC_RNA_POLYMERASE_II_CORE_COMPLEX,GO_CC,CD8,SF_vs_PB_CD8,-1.10143904,-0.385704414,0.32333341,0.555872185,16,8,POLR2J3/POLR2F/POLR2E/POLR2D/POLR2B/POLR2C/POLR2M/POLR2H,down,FALSE
GOCC_L_TYPE_VOLTAGE_GATED_CALCIUM_CHANNEL_COMPLEX,GOCC_L_TYPE_VOLTAGE_GATED_CALCIUM_CHANNEL_COMPLEX,GO_CC,CD8,SF_vs_PB_CD8,-1.14367655,-0.56858596,0.325415272,0.55832338,5,2,CACNA2D4/CACNA2D2,down,FALSE
GOCC_NUCLEAR_INCLUSION_BODY,GOCC_NUCLEAR_INCLUSION_BODY,GO_CC,CD8,SF_vs_PB_CD8,1.1183699,0.455084187,0.326432746,0.558942188,11,6,NUP153/ATXN1/ATXN3/RAD18/PABPN1/NUP98,up,FALSE
GOCC_COMPACT_MYELIN,GOCC_COMPACT_MYELIN,GO_CC,CD8,SF_vs_PB_CD8,1.12693078,0.522785781,0.330828463,0.564263176,7,1,ANXA2,up,FALSE
GOCC_PODOSOME,GOCC_PODOSOME,GO_CC,CD8,SF_vs_PB_CD8,-1.07821483,-0.312491799,0.330866422,0.564263176,33,8,PHLDB2/PTPN12/CD2AP/SVIL/RHOU/PALLD/BIN2/VCL,down,FALSE
GOCC_PHOTORECEPTOR_DISC_MEMBRANE,GOCC_PHOTORECEPTOR_DISC_MEMBRANE,GO_CC,CD8,SF_vs_PB_CD8,1.14066734,0.584735227,0.332303926,0.565581282,5,2,SPTBN5/GNB1,up,FALSE
GOCC_RNA_POLYMERASE_III_COMPLEX,GOCC_RNA_POLYMERASE_III_COMPLEX,GO_CC,CD8,SF_vs_PB_CD8,-1.09001998,-0.369395144,0.333526105,0.566528374,18,11,POLR3F/POLR2F/POLR2E/POLR3D/POLR3B/POLR3H/POLR1C/CRCP/POLR3C/POLR3G/POLR2H,down,FALSE
GOCC_ESCRT_I_COMPLEX,GOCC_ESCRT_I_COMPLEX,GO_CC,CD8,SF_vs_PB_CD8,1.1056621,0.449913163,0.339461827,0.57546218,11,5,TSG101/VPS28/DIAPH3/VPS37C/MVB12A,up,FALSE
GOCC_RIBONUCLEASE_MRP_COMPLEX,GOCC_RIBONUCLEASE_MRP_COMPLEX,GO_CC,CD8,SF_vs_PB_CD8,-1.09523438,-0.427299213,0.343510427,0.580134361,11,6,RPP14/RPP38/RPP40/RPP25/RPP25L/POP5,down,FALSE
GOCC_AXONEME,GOCC_AXONEME,GO_CC,CD8,SF_vs_PB_CD8,1.06163906,0.267956408,0.343581337,0.580134361,94,17,MAP4/NME7/RPGR/B9D2/PRKAR1A/SSNA1/ENKD1/DYNC2H1/BBS7/TUBA1A/CCDC40/PRKACA/MARK4/TUBB4B/INPP5E/CENPF/RIBC2,up,FALSE
GOCC_TRANSCRIPTION_FACTOR_TFIID_COMPLEX,GOCC_TRANSCRIPTION_FACTOR_TFIID_COMPLEX,GO_CC,CD8,SF_vs_PB_CD8,-1.06828864,-0.313922314,0.347594876,0.585748988,31,19,TAF9/TAF6L/ERCC2/TAF9B/ERCC3/TAF5/GTF2E2/GTF2H2/GTF2A2/GTF2F1/TAF8/GTF2B/TAF7/TBP/TCEA1/TAF12/TAF4B/GTF2H3/TAF3,down,FALSE
GOCC_PYRUVATE_DEHYDROGENASE_COMPLEX,GOCC_PYRUVATE_DEHYDROGENASE_COMPLEX,GO_CC,CD8,SF_vs_PB_CD8,-1.10185201,-0.493046021,0.352679636,0.593143025,7,6,DLAT/PDHA1/PDHB/PDK2/DLD/PDHX,down,FALSE
GOCC_SPERM_PRINCIPAL_PIECE,GOCC_SPERM_PRINCIPAL_PIECE,GO_CC,CD8,SF_vs_PB_CD8,-1.06386594,-0.320462535,0.357764391,0.600507883,28,8,PFKM/SLC9B2/SLC9B1/DNAH10/IFT172/NME8/CCR6/TSGA10,down,FALSE
GOCC_RAGULATOR_COMPLEX,GOCC_RAGULATOR_COMPLEX,GO_CC,CD8,SF_vs_PB_CD8,1.10534672,0.536685827,0.362791392,0.606788894,6,4,LAMTOR5/SLC38A9/LAMTOR3/LAMTOR2,up,FALSE
GOCC_PICLN_SM_PROTEIN_COMPLEX,GOCC_PICLN_SM_PROTEIN_COMPLEX,GO_CC,CD8,SF_vs_PB_CD8,-1.09702782,-0.51564482,0.363928141,0.606788894,6,4,SNRPF/SNRPE/CLNS1A/SNRPD2,down,FALSE
GOCC_NUCLEOTIDE_ACTIVATED_PROTEIN_KINASE_COMPLEX,GOCC_NUCLEOTIDE_ACTIVATED_PROTEIN_KINASE_COMPLEX,GO_CC,CD8,SF_vs_PB_CD8,1.08903834,0.469637266,0.364507558,0.606788894,9,4,PRKAR1A/PRKACA/PRKAG1/PRKAB2,up,FALSE
GOCC_SUMO_LIGASE_COMPLEX,GOCC_SUMO_LIGASE_COMPLEX,GO_CC,CD8,SF_vs_PB_CD8,1.08634179,0.453813996,0.364980743,0.606788894,10,3,SMC6/UBE2I/RANGAP1,up,FALSE
GOCC_SEMAPHORIN_RECEPTOR_COMPLEX,GOCC_SEMAPHORIN_RECEPTOR_COMPLEX,GO_CC,CD8,SF_vs_PB_CD8,1.08622802,0.45376647,0.365071579,0.606788894,10,7,PLXNA3/PLXNB2/PLXNB1/PLXNA1/TREM2/SEMA4D/PLXNC1,up,FALSE
GOCC_RNAI_EFFECTOR_COMPLEX,GOCC_RNAI_EFFECTOR_COMPLEX,GO_CC,CD8,SF_vs_PB_CD8,1.06614163,0.351211795,0.368188436,0.610776528,25,9,MIR155HG/AGO2/DICER1/LIMD1/PRKRA/MIR142/AGO1/AGO4/NEAT1,up,FALSE
GOCC_PLATELET_DENSE_GRANULE,GOCC_PLATELET_DENSE_GRANULE,GO_CC,CD8,SF_vs_PB_CD8,1.07664798,0.427390967,0.371157967,0.614504727,12,6,CD63/ITPR1/LAMP2/ABCC4/RAB27B/FAM3C,up,FALSE
GOCC_MITOCHONDRIAL_2FE_2S_ASSEMBLY_COMPLEX,GOCC_MITOCHONDRIAL_2FE_2S_ASSEMBLY_COMPLEX,GO_CC,CD8,SF_vs_PB_CD8,-1.09697456,-0.545367775,0.372219971,0.615066399,5,3,NFS1/ISCU/FXN,down,FALSE
GOCC_ENDOPLASMIC_RETICULUM_GOLGI_INTERMEDIATE_COMPARTMENT,GOCC_ENDOPLASMIC_RETICULUM_GOLGI_INTERMEDIATE_COMPARTMENT,GO_CC,CD8,SF_vs_PB_CD8,1.0433503,0.257813751,0.373997866,0.616806558,108,29,RAB1B/CTSZ/FN1/SURF4/GALNT1/YIF1A/GOLGB1/MYO18A/HMGB1/DDHD2/MGAT4B/PRRG4/PIEZO1/CNIH2/GOLGA2/TAP1/NUCB1/YIF1B/TBC1D20/TAPBP/VMP1/LRPAP1/STK17B/RER1/STX5/TMED7/MGAT1/SPPL3/ANPEP,up,FALSE
GOCC_SITE_OF_DNA_DAMAGE,GOCC_SITE_OF_DNA_DAMAGE,GO_CC,CD8,SF_vs_PB_CD8,1.03926761,0.25215888,0.378371061,0.620220339,122,25,DDB2/LMNA/RBX1/DYNLL1/SMC6/ZBTB7A/DGCR8/MAD2L2/XPC/WDR76/RHNO1/ESCO2/POLK/PARP9/RBBP8/RIF1/RPA3/UVSSA/CHD4/RNF169/HELLS/ARPC2/CBX3/RAD51/ARPC4,up,FALSE
GOCC_U1_SNRNP,GOCC_U1_SNRNP,GO_CC,CD8,SF_vs_PB_CD8,-1.05279281,-0.356779287,0.378472784,0.620220339,18,5,SNRPA/PRPF40B/LUC7L3/SNRPD2/SNRPN,down,FALSE
GOCC_BRCA1_A_COMPLEX,GOCC_BRCA1_A_COMPLEX,GO_CC,CD8,SF_vs_PB_CD8,1.09129241,0.529861954,0.378842457,0.620220339,6,5,BARD1/BRCA1/UIMC1/MPND/BABAM1,up,FALSE
GOCC_DYSTROPHIN_ASSOCIATED_GLYCOPROTEIN_COMPLEX,GOCC_DYSTROPHIN_ASSOCIATED_GLYCOPROTEIN_COMPLEX,GO_CC,CD8,SF_vs_PB_CD8,1.07717008,0.464519194,0.378983051,0.620220339,9,3,SGCB/DAG1/SNTB2,up,FALSE
GOCC_HISTONE_PRE_MRNA_3_END_PROCESSING_COMPLEX,GOCC_HISTONE_PRE_MRNA_3_END_PROCESSING_COMPLEX,GO_CC,CD8,SF_vs_PB_CD8,1.0885482,0.528529541,0.381679389,0.623189912,6,2,ERI1/SNRPB,up,FALSE
GOCC_PRESYNAPTIC_CYTOSOL,GOCC_PRESYNAPTIC_CYTOSOL,GO_CC,CD8,SF_vs_PB_CD8,1.05543424,0.347684532,0.382262202,0.623189912,25,9,ANKS1B/PIAS3/FBXO45/PPT1/UBE2I/CALM2/HTT/ARL6IP5/SUMO2,up,FALSE
GOCC_GROWTH_FACTOR_COMPLEX,GOCC_GROWTH_FACTOR_COMPLEX,GO_CC,CD8,SF_vs_PB_CD8,1.0828727,0.525773877,0.387203942,0.630039301,6,4,PDGFA/IGFBP6/VEGFA/VEGFB,up,FALSE
GOCC_NURD_COMPLEX,GOCC_NURD_COMPLEX,GO_CC,CD8,SF_vs_PB_CD8,1.05764713,0.39593808,0.390188167,0.633241279,15,4,MBD2/CDK2AP2/CHD3/CHD4,up,FALSE
GOCC_PAR_POLARITY_COMPLEX,GOCC_PAR_POLARITY_COMPLEX,GO_CC,CD8,SF_vs_PB_CD8,1.08809626,0.557785946,0.390660013,0.633241279,5,3,PARD6G/PARD6A/PRKCZ,up,FALSE
GOCC_EUKARYOTIC_TRANSLATION_INITIATION_FACTOR_2B_COMPLEX,GOCC_EUKARYOTIC_TRANSLATION_INITIATION_FACTOR_2B_COMPLEX,GO_CC,CD8,SF_vs_PB_CD8,-1.07945357,-0.536657106,0.391410964,0.63325234,5,4,EIF2B2/EIF2B3/EIF2B1/EIF2B5,down,FALSE
GOCC_MULTI_PASS_TRANSLOCON_COMPLEX,GOCC_MULTI_PASS_TRANSLOCON_COMPLEX,GO_CC,CD8,SF_vs_PB_CD8,1.06627518,0.475710466,0.392671316,0.633361881,8,4,WDR83OS/NOMO1/CCDC47/TMCO1,up,FALSE
GOCC_SPLICEOSOMAL_TRI_SNRNP_COMPLEX,GOCC_SPLICEOSOMAL_TRI_SNRNP_COMPLEX,GO_CC,CD8,SF_vs_PB_CD8,-1.03538447,-0.297928394,0.392967183,0.633361881,34,10,PRPF6/LSM4/PRPF3/PRPF18/USP39/LSM3/PPIH/SNRPD2/SNRPN/LSM5,down,FALSE
GOCC_MYOSIN_FILAMENT,GOCC_MYOSIN_FILAMENT,GO_CC,CD8,SF_vs_PB_CD8,1.063339,0.458554676,0.395125973,0.635637436,9,3,MYO18A/MYH9/ACTG2,up,FALSE
GOCC_GLYCOPROTEIN_COMPLEX,GOCC_GLYCOPROTEIN_COMPLEX,GO_CC,CD8,SF_vs_PB_CD8,1.05669493,0.441429164,0.397954364,0.638872388,10,3,SGCB/DAG1/SNTB2,up,FALSE
GOCC_EUCHROMATIN,GOCC_EUCHROMATIN,GO_CC,CD8,SF_vs_PB_CD8,-1.03283869,-0.291248321,0.398638352,0.638872388,37,8,AFF4/RNF2/RRP1B/EXOSC5/CTR9/RBMX/DNMT3A/MYC,down,FALSE
GOCC_CELL_TRAILING_EDGE,GOCC_CELL_TRAILING_EDGE,GO_CC,CD8,SF_vs_PB_CD8,-1.04120349,-0.38704238,0.399580079,0.639177908,13,4,PRICKLE1/FLOT1/SPN/ICAM2,down,FALSE
GOCC_MLL1_2_COMPLEX,GOCC_MLL1_2_COMPLEX,GO_CC,CD8,SF_vs_PB_CD8,-1.02972844,-0.302591192,0.403142374,0.643666341,31,6,RNF2/KAT8/TEX10/MAX/RUVBL1/PHF20,down,FALSE
GOCC_CHROMOCENTER,GOCC_CHROMOCENTER,GO_CC,CD8,SF_vs_PB_CD8,1.04545102,0.425412224,0.40771973,0.648129629,11,8,MBD6/ESCO2/CDCA8/FMR1/TINF2/AURKB/INCENP/OIP5,up,FALSE
GOCC_SPERMATOPROTEASOME_COMPLEX,GOCC_SPERMATOPROTEASOME_COMPLEX,GO_CC,CD8,SF_vs_PB_CD8,1.04194877,0.376993489,0.407728734,0.648129629,17,7,PSMB6/PSMB3/PSMA6/PSMB1/PSMB7/PSME4/PSMB2,up,FALSE
GOCC_NUCLEAR_DNA_DIRECTED_RNA_POLYMERASE_COMPLEX,GOCC_NUCLEAR_DNA_DIRECTED_RNA_POLYMERASE_COMPLEX,GO_CC,CD8,SF_vs_PB_CD8,-1.0191188900000001,-0.24783392,0.408277617,0.648129629,75,34,GTF2E2/GTF2F2/POLA2/POLR2J3/POLR2F/GTF2H2/GTF2A2/GTF2H2C/GTF2F1/POLR2E/TAF8/GTF2B/POLR2D/GTF2H1/PEX2/POLR2B/TAF7/LEO1/PRIM1/ATXN7/TBP/TCEA1/TAF12/CDC73/TBPL1/TAF4B/GTF2H3/TAF3/CTR9/POLR2C/POLR2M/POLR2H/CCNH/KAT2A,down,FALSE
GOCC_GBAF_COMPLEX,GOCC_GBAF_COMPLEX,GO_CC,CD8,SF_vs_PB_CD8,1.04382088,0.424748893,0.409583612,0.648129629,11,7,SS18/ACTL6A/SMARCC1/BCL7C/SMARCA4/BCL7B/SMARCD1,up,FALSE
GOCC_TRNA_SPLICING_LIGASE_COMPLEX,GOCC_TRNA_SPLICING_LIGASE_COMPLEX,GO_CC,CD8,SF_vs_PB_CD8,-1.04615459,-0.468123081,0.410284772,0.648129629,7,6,FAM98B/ZBTB8OS/C2orf49/FAM98C/FAM98A/RTCB,down,FALSE
GOCC_DOPAMINERGIC_SYNAPSE,GOCC_DOPAMINERGIC_SYNAPSE,GO_CC,CD8,SF_vs_PB_CD8,1.07034865,0.548688069,0.410507485,0.648129629,5,3,SYT11/VPS35/CHRNA5,up,FALSE
GOCC_NUCLEAR_PORE,GOCC_NUCLEAR_PORE,GO_CC,CD8,SF_vs_PB_CD8,1.02011256,0.262302159,0.418111421,0.658460392,84,17,MVP/NUTF2/CHMP2A/UBE2I/NPIPA1/RGPD2/CHMP4A/NUP153/RANGAP1/AGFG1/MAD2L1/RANBP3/RANBP1/CHMP1A/CHMP5/CHMP3/NUP93,up,FALSE
GOCC_UDP_N_ACETYLGLUCOSAMINE_TRANSFERASE_COMPLEX,GOCC_UDP_N_ACETYLGLUCOSAMINE_TRANSFERASE_COMPLEX,GO_CC,CD8,SF_vs_PB_CD8,-1.05417302,-0.52408872,0.418598205,0.658460392,5,3,ALG14/EXT2/ALG13,down,FALSE
GOCC_UBIQUITIN_CONJUGATING_ENZYME_COMPLEX,GOCC_UBIQUITIN_CONJUGATING_ENZYME_COMPLEX,GO_CC,CD8,SF_vs_PB_CD8,1.04245848,0.46508483,0.421030296,0.661064174,8,1,UBE2A,up,FALSE
GOCC_MITOCHONDRIAL_CRISTA,GOCC_MITOCHONDRIAL_CRISTA,GO_CC,CD8,SF_vs_PB_CD8,-1.04991149,-0.521970076,0.423289336,0.663387155,5,3,PTPN1/TMEM70/LYN,down,FALSE
GOCC_CELL_BODY_MEMBRANE,GOCC_CELL_BODY_MEMBRANE,GO_CC,CD8,SF_vs_PB_CD8,-1.01825209,-0.421546237,0.432058817,0.674893671,9,3,CD22/AMIGO1/CX3CR1,down,FALSE
GOCC_VESICLE_COAT,GOCC_VESICLE_COAT,GO_CC,CD8,SF_vs_PB_CD8,1.01370875,0.279384452,0.432217451,0.674893671,57,11,AP1S1/AP2B1/AP4M1/EPS15/AP1G2/COPE/CLTC/EPN2/AP2A1/CLTB/TMED7,up,FALSE
GOCC_POSTSYNAPTIC_CYTOSOL,GOCC_POSTSYNAPTIC_CYTOSOL,GO_CC,CD8,SF_vs_PB_CD8,1.01695867,0.332170071,0.433036023,0.674933435,26,10,FABP5/PIAS3/FBXO45/DAG1/UBE2I/HTT/PIN1/KIF5A/KIF5B/SUMO2,up,FALSE
GOCC_ENDOPLASMIC_RETICULUM_QUALITY_CONTROL_COMPARTMENT,GOCC_ENDOPLASMIC_RETICULUM_QUALITY_CONTROL_COMPARTMENT,GO_CC,CD8,SF_vs_PB_CD8,1.01813957,0.353451013,0.436199079,0.678620505,20,7,EDEM1/HERPUD1/FBXO6/TRIM13/RNF103/AMFR/MAN1B1,up,FALSE
GOCC_POSTSYNAPTIC_DENSITY_INTRACELLULAR_COMPONENT,GOCC_POSTSYNAPTIC_DENSITY_INTRACELLULAR_COMPONENT,GO_CC,CD8,SF_vs_PB_CD8,1.01895667,0.396154536,0.437118547,0.678810006,13,4,FABP5/CFL1/SLC30A1/PTK2B,up,FALSE
GOCC_CD95_DEATH_INDUCING_SIGNALING_COMPLEX,GOCC_CD95_DEATH_INDUCING_SIGNALING_COMPLEX,GO_CC,CD8,SF_vs_PB_CD8,1.03368551,0.501891718,0.442953396,0.684971751,6,3,FAS/CFLAR/FAF1,up,FALSE
GOCC_RIPOPTOSOME,GOCC_RIPOPTOSOME,GO_CC,CD8,SF_vs_PB_CD8,1.02621433,0.476063191,0.443287875,0.684971751,7,4,RIPK3/CFLAR/RIPK1/TICAM1,up,FALSE
GOCC_CORNIFIED_ENVELOPE,GOCC_CORNIFIED_ENVELOPE,GO_CC,CD8,SF_vs_PB_CD8,1.01381562,0.394155777,0.443706469,0.684971751,13,3,ANXA2/ANXA1/CAPN1,up,FALSE
GOCC_ASTROCYTE_PROJECTION,GOCC_ASTROCYTE_PROJECTION,GO_CC,CD8,SF_vs_PB_CD8,1.0208865,0.440247446,0.444306001,0.684971751,9,6,MT3/PINK1/EIF2S1/GRM2/SLC2A13/CLCN2,up,FALSE
GOCC_PROTON_TRANSPORTING_TWO_SECTOR_ATPASE_COMPLEX,GOCC_PROTON_TRANSPORTING_TWO_SECTOR_ATPASE_COMPLEX,GO_CC,CD8,SF_vs_PB_CD8,1.00797849,0.335213215,0.447260167,0.687224238,24,9,TCIRG1/ATP6V0B/ATP6V1E1/ATP6V1D/ATP6V1B2/RNASEK/ATP6V0D1/ATP6V1F/ATP6V1A,up,FALSE
GOCC_GEMINI_OF_CAJAL_BODIES,GOCC_GEMINI_OF_CAJAL_BODIES,GO_CC,CD8,SF_vs_PB_CD8,-1.00393543,-0.39167947,0.447508996,0.687224238,11,3,GEMIN5/GEMIN4/NPAT,down,FALSE
GOCC_AUTOLYSOSOME,GOCC_AUTOLYSOSOME,GO_CC,CD8,SF_vs_PB_CD8,1.0099131,0.365402481,0.448987525,0.687224238,17,7,HLA-DRA/HLA-DRB1/LAMP2/PLEKHM1/FTH1/SQSTM1/LAMP1,up,FALSE
GOCC_SMAD_PROTEIN_COMPLEX,GOCC_SMAD_PROTEIN_COMPLEX,GO_CC,CD8,SF_vs_PB_CD8,1.03556903,0.530859148,0.44899727,0.687224238,5,1,SMAD7,up,FALSE
GOCC_PRESYNAPTIC_ENDOSOME,GOCC_PRESYNAPTIC_ENDOSOME,GO_CC,CD8,SF_vs_PB_CD8,1.01093644,0.435956576,0.456087952,0.696823784,9,4,RAB11A/AP3D1/SNX4/RAB7A,up,FALSE
GOCC_DNA_DEPENDENT_PROTEIN_KINASE_DNA_LIGASE_4_COMPLEX,GOCC_DNA_DEPENDENT_PROTEIN_KINASE_DNA_LIGASE_4_COMPLEX,GO_CC,CD8,SF_vs_PB_CD8,-1.00866862,-0.474112633,0.458017405,0.697379554,6,4,XRCC6/PRKDC/XRCC4/XRCC5,down,FALSE
GOCC_PHAGOCYTIC_CUP,GOCC_PHAGOCYTIC_CUP,GO_CC,CD8,SF_vs_PB_CD8,0.999750997,0.32934118,0.458090682,0.697379554,25,7,ANXA1/RAC1/DNM2/SYT11/TRIP10/PIP5K1C/TNF,up,FALSE
GOCC_APICAL_CORTEX,GOCC_APICAL_CORTEX,GO_CC,CD8,SF_vs_PB_CD8,1.02567079,0.525785054,0.459711892,0.698597892,5,4,SPTBN5/SAPCD2/PRKCZ/MYO5B,up,FALSE
GOCC_SREBP_SCAP_INSIG_COMPLEX,GOCC_SREBP_SCAP_INSIG_COMPLEX,GO_CC,CD8,SF_vs_PB_CD8,1.02296551,0.52439826,0.462894266,0.702180072,5,1,SREBF2,up,FALSE
GOCC_BLOC_COMPLEX,GOCC_BLOC_COMPLEX,GO_CC,CD8,SF_vs_PB_CD8,0.998381627,0.3560954,0.464551812,0.703440555,18,6,SNAP47/BLOC1S1/SNAPIN/BCAS4/PI4K2A/BLOC1S2,up,FALSE
GOCC_NUCLEAR_CYCLIN_DEPENDENT_PROTEIN_KINASE_HOLOENZYME_COMPLEX,GOCC_NUCLEAR_CYCLIN_DEPENDENT_PROTEIN_KINASE_HOLOENZYME_COMPLEX,GO_CC,CD8,SF_vs_PB_CD8,-0.987271692,-0.302860945,0.465432977,0.703523026,26,9,GTF2H1/CDK12/RB1/CDK8/CCNT1/GTF2H3/BCCIP/CCNC/CCNH,down,FALSE
GOCC_NEUROTRANSMITTER_RECEPTOR_COMPLEX,GOCC_NEUROTRANSMITTER_RECEPTOR_COMPLEX,GO_CC,CD8,SF_vs_PB_CD8,0.996119204,0.395423907,0.466517817,0.703912522,12,6,DLG3/CNIH2/ABHD6/CHRNA5/PTK2B/ABHD12,up,FALSE
GOCC_ATAC_COMPLEX,GOCC_ATAC_COMPLEX,GO_CC,CD8,SF_vs_PB_CD8,-0.982580773,-0.373814036,0.47392331,0.71231874,12,4,MAP3K7/ZZZ3/POLE3/KAT2A,down,FALSE
GOCC_GPI_ANCHOR_TRANSAMIDASE_COMPLEX,GOCC_GPI_ANCHOR_TRANSAMIDASE_COMPLEX,GO_CC,CD8,SF_vs_PB_CD8,1.01288247,0.519229433,0.474343282,0.71231874,5,3,GPAA1/PIGS/PIGT,up,FALSE
GOCC_CUL4B_RING_E3_UBIQUITIN_LIGASE_COMPLEX,GOCC_CUL4B_RING_E3_UBIQUITIN_LIGASE_COMPLEX,GO_CC,CD8,SF_vs_PB_CD8,0.987870541,0.335264199,0.475202729,0.71231874,22,3,DDB2/RBX1/DCAF15,up,FALSE
GOCC_CALYX_OF_HELD,GOCC_CALYX_OF_HELD,GO_CC,CD8,SF_vs_PB_CD8,0.992836248,0.414752511,0.476200857,0.71231874,10,6,CALM2/TPRG1L/GIT1/CALM3/CPLX1/KCNA2,up,FALSE
GOCC_CILIARY_TRANSITION_ZONE,GOCC_CILIARY_TRANSITION_ZONE,GO_CC,CD8,SF_vs_PB_CD8,0.987163217,0.272949289,0.476274222,0.71231874,56,12,MYO7A/RPGR/AHI1/B9D2/SPTBN5/ARL3/CDKL1/TCTN2/ARL13B/MAK/FAM161A/PCM1,up,FALSE
GOCC_MAD_MAX_COMPLEX,GOCC_MAD_MAX_COMPLEX,GO_CC,CD8,SF_vs_PB_CD8,1.00361316,0.487290504,0.477911122,0.71243453,6,3,MXD4/MXD3/MNT,up,FALSE
GOCC_TRIGLYCERIDE_RICH_PLASMA_LIPOPROTEIN_PARTICLE,GOCC_TRIGLYCERIDE_RICH_PLASMA_LIPOPROTEIN_PARTICLE,GO_CC,CD8,SF_vs_PB_CD8,0.990858109,0.413926153,0.478798779,0.71243453,10,4,APOC1/VLDLR/APOBR/LSR,up,FALSE
GOCC_ENDOPLASMIC_RETICULUM_CHAPERONE_COMPLEX,GOCC_ENDOPLASMIC_RETICULUM_CHAPERONE_COMPLEX,GO_CC,CD8,SF_vs_PB_CD8,-0.978255586,-0.392956152,0.480904824,0.71243453,10,7,HYOU1/PPIB/PDIA6/SDF2L1/P4HB/HSP90B1/HSPA5,down,FALSE
GOCC_U4ATAC_U6ATAC_X_U5_TRI_SNRNP_COMPLEX,GOCC_U4ATAC_U6ATAC_X_U5_TRI_SNRNP_COMPLEX,GO_CC,CD8,SF_vs_PB_CD8,-0.978749305,-0.303427857,0.481657448,0.71243453,25,11,TXNL4B/PRPF8/PRPF31/SNRNP40/PRPF6/LSM4/PRPF3/USP39/LSM3/SNRPD2/LSM5,down,FALSE
GOCC_ENDOPLASMIC_RETICULUM_ENDOSOME_MEMBRANE_CONTACT_SITE,GOCC_ENDOPLASMIC_RETICULUM_ENDOSOME_MEMBRANE_CONTACT_SITE,GO_CC,CD8,SF_vs_PB_CD8,-0.987950139,-0.46437416,0.481733586,0.71243453,6,3,STARD3NL/OSBPL10/OSBPL9,down,FALSE
GOCC_MICROBODY_LUMEN,GOCC_MICROBODY_LUMEN,GO_CC,CD8,SF_vs_PB_CD8,-0.982405983,-0.275317306,0.482873419,0.71243453,38,10,NUDT7/HACL1/GSTK1/CAT/LONP2/CROT/POMC/HSD17B4/EPHX2/ATM,down,FALSE
GOCC_CCAAT_BINDING_FACTOR_COMPLEX,GOCC_CCAAT_BINDING_FACTOR_COMPLEX,GO_CC,CD8,SF_vs_PB_CD8,-0.992247012,-0.493301819,0.483079941,0.71243453,5,4,NFYB/NFYC/NFYA/CEBPZ,down,FALSE
GOCC_PLATELET_DENSE_GRANULE_LUMEN,GOCC_PLATELET_DENSE_GRANULE_LUMEN,GO_CC,CD8,SF_vs_PB_CD8,-0.991865965,-0.493112379,0.483549054,0.71243453,5,3,CTSW/ITIH4/LGALS3BP,down,FALSE
GOCC_OLIGOSACCHARYLTRANSFERASE_COMPLEX,GOCC_OLIGOSACCHARYLTRANSFERASE_COMPLEX,GO_CC,CD8,SF_vs_PB_CD8,-0.975130588,-0.370979679,0.483886203,0.71243453,12,4,DDOST/RPN2/OSTC/STT3A,down,FALSE
GOCC_CHROMAFFIN_GRANULE_MEMBRANE,GOCC_CHROMAFFIN_GRANULE_MEMBRANE,GO_CC,CD8,SF_vs_PB_CD8,0.995584417,0.483392259,0.486813864,0.712912845,6,3,DNAJC5/SRI/ANXA7,up,FALSE
GOCC_MITOCHONDRIAL_INTERMEMBRANE_SPACE_CHAPERONE_COMPLEX,GOCC_MITOCHONDRIAL_INTERMEMBRANE_SPACE_CHAPERONE_COMPLEX,GO_CC,CD8,SF_vs_PB_CD8,-0.982565236,-0.46184305,0.487571084,0.712912845,6,5,TIMM10/TIMM13/TIMM8A/TIMM10B/TIMM9,down,FALSE
GOCC_PERICENTRIC_HETEROCHROMATIN,GOCC_PERICENTRIC_HETEROCHROMATIN,GO_CC,CD8,SF_vs_PB_CD8,0.979708048,0.314302871,0.487708441,0.712912845,28,12,CENPB/ESCO2/EZH2/UHRF2/HELLS/CBX3/NCAPD3/BAZ1B/CHRAC1/CENPA/LRWD1/INCENP,up,FALSE
GOCC_MICROTUBULE_MINUS_END,GOCC_MICROTUBULE_MINUS_END,GO_CC,CD8,SF_vs_PB_CD8,1.00011958,0.512686853,0.487901328,0.712912845,5,3,CAMSAP1/ASPM/NUMA1,up,FALSE
GOCC_PROTEIN_PHOSPHATASE_TYPE_2A_COMPLEX,GOCC_PROTEIN_PHOSPHATASE_TYPE_2A_COMPLEX,GO_CC,CD8,SF_vs_PB_CD8,0.979037042,0.3600021,0.488399751,0.712912845,16,8,PPP2CB/IER5/PPP2R5D/NKD1/PPP2R5A/PPP2R1B/PPP2R5B/PPP2R2D,up,FALSE
GOCC_CORTICAL_ENDOPLASMIC_RETICULUM,GOCC_CORTICAL_ENDOPLASMIC_RETICULUM,GO_CC,CD8,SF_vs_PB_CD8,-0.967757851,-0.43304287,0.498969788,0.727094673,7,3,EMD/ARV1/ASPH,down,FALSE
GOCC_CDC73_PAF1_COMPLEX,GOCC_CDC73_PAF1_COMPLEX,GO_CC,CD8,SF_vs_PB_CD8,-0.967129516,-0.454587674,0.505815957,0.735101122,6,4,PEX2/LEO1/CDC73/CTR9,down,FALSE
GOCC_POSTSYNAPTIC_ENDOSOME,GOCC_POSTSYNAPTIC_ENDOSOME,GO_CC,CD8,SF_vs_PB_CD8,-0.960462867,-0.316190534,0.506191842,0.735101122,20,2,AGAP1/NSG1,down,FALSE
GOCC_N_TERMINAL_PROTEIN_ACETYLTRANSFERASE_COMPLEX,GOCC_N_TERMINAL_PROTEIN_ACETYLTRANSFERASE_COMPLEX,GO_CC,CD8,SF_vs_PB_CD8,-0.957271657,-0.396300944,0.50839772,0.737046779,9,3,NAA15/NAA16/NAA25,down,FALSE
GOCC_PROTEASE_INHIBITOR_COMPLEX,GOCC_PROTEASE_INHIBITOR_COMPLEX,GO_CC,CD8,SF_vs_PB_CD8,-0.96604347,-0.480274563,0.511866431,0.740813491,5,2,CASP1/SERPINB6,down,FALSE
GOCC_MANNOSYLTRANSFERASE_COMPLEX,GOCC_MANNOSYLTRANSFERASE_COMPLEX,GO_CC,CD8,SF_vs_PB_CD8,-0.948989689,-0.407352464,0.519037639,0.748905042,8,5,DPM3/PIGM/DPM2/POMT1/PIGV,down,FALSE
GOCC_CANONICAL_INFLAMMASOME_COMPLEX,GOCC_CANONICAL_INFLAMMASOME_COMPLEX,GO_CC,CD8,SF_vs_PB_CD8,-0.949265708,-0.361139618,0.519217362,0.748905042,12,3,CASP4/CASP1/NLRP6,down,FALSE
GOCC_NSL_COMPLEX,GOCC_NSL_COMPLEX,GO_CC,CD8,SF_vs_PB_CD8,-0.946774399,-0.36937843,0.521065689,0.749281083,11,2,KAT8/PHF20,down,FALSE
GOCC_OXOGLUTARATE_DEHYDROGENASE_COMPLEX,GOCC_OXOGLUTARATE_DEHYDROGENASE_COMPLEX,GO_CC,CD8,SF_vs_PB_CD8,-0.954551406,-0.448675484,0.521239014,0.749281083,6,3,DLST/DLD/KAT2A,down,FALSE
GOCC_XY_BODY,GOCC_XY_BODY,GO_CC,CD8,SF_vs_PB_CD8,0.952901535,0.370473326,0.523300065,0.749311777,13,8,PBX4/ESCO2/PLK4/BRCA1/SMARCC1/SUMO1/BIRC2/SMARCB1,up,FALSE
GOCC_TUMOR_NECROSIS_FACTOR_RECEPTOR_SUPERFAMILY_COMPLEX,GOCC_TUMOR_NECROSIS_FACTOR_RECEPTOR_SUPERFAMILY_COMPLEX,GO_CC,CD8,SF_vs_PB_CD8,0.953364894,0.363490191,0.523431622,0.749311777,14,10,TNF/TRAF2/BIRC3/RIPK1/TNFRSF1B/TRAF5/BIRC2/LTA/TNFRSF1A/TNFSF14,up,FALSE
GOCC_DRM_COMPLEX,GOCC_DRM_COMPLEX,GO_CC,CD8,SF_vs_PB_CD8,0.952909977,0.387755663,0.5247643,0.749311777,11,3,LIN37/TFDP1/RBL1,up,FALSE
GOCC_HIGH_DENSITY_LIPOPROTEIN_PARTICLE,GOCC_HIGH_DENSITY_LIPOPROTEIN_PARTICLE,GO_CC,CD8,SF_vs_PB_CD8,0.952884111,0.387745137,0.524782396,0.749311777,11,4,CLU/APOC1/LCAT/HDLBP,up,FALSE
GOCC_RNA_DECAPPING_COMPLEX,GOCC_RNA_DECAPPING_COMPLEX,GO_CC,CD8,SF_vs_PB_CD8,-0.949786053,-0.446435587,0.526904187,0.75102685,6,4,DCP1B/EDC3/DDX6/DCP2,down,FALSE
GOCC_KERATIN_FILAMENT,GOCC_KERATIN_FILAMENT,GO_CC,CD8,SF_vs_PB_CD8,-0.942019193,-0.367523215,0.527748597,0.75102685,11,7,KRT10/FBF1/CSNK1A1/TCHP/KRT2/KRT72/KRT1,down,FALSE
GOCC_PSEUDOPODIUM,GOCC_PSEUDOPODIUM,GO_CC,CD8,SF_vs_PB_CD8,-0.939765558,-0.357525371,0.532396267,0.756375998,12,3,RAB25/F2RL1/ACTN1,down,FALSE
GOCC_RNA_POLYMERASE_I_COMPLEX,GOCC_RNA_POLYMERASE_I_COMPLEX,GO_CC,CD8,SF_vs_PB_CD8,-0.936118058,-0.3760299,0.536555528,0.760240765,10,6,POLR2F/POLR2E/POLR1C/POLR1E/POLR1B/POLR2H,down,FALSE
GOCC_MITOCHONDRIAL_PERMEABILITY_TRANSITION_PORE_COMPLEX,GOCC_MITOCHONDRIAL_PERMEABILITY_TRANSITION_PORE_COMPLEX,GO_CC,CD8,SF_vs_PB_CD8,-0.937251721,-0.419392284,0.53690329,0.760240765,7,2,SLC25A4/SLC25A6,down,FALSE
GOCC_BBAF_COMPLEX,GOCC_BBAF_COMPLEX,GO_CC,CD8,SF_vs_PB_CD8,0.94360243,0.406919436,0.539441136,0.761421245,9,4,SMARCD2/SMARCA4/SMARCE1/SMARCB1,up,FALSE
GOCC_MYELIN_SHEATH_ABAXONAL_REGION,GOCC_MYELIN_SHEATH_ABAXONAL_REGION,GO_CC,CD8,SF_vs_PB_CD8,0.954404946,0.489252362,0.54002448,0.761421245,5,4,ITGB1/SCRIB/PRKCZ/DLG1,up,FALSE
GOCC_CORVET_COMPLEX,GOCC_CORVET_COMPLEX,GO_CC,CD8,SF_vs_PB_CD8,0.947644266,0.439614356,0.540421189,0.761421245,7,6,VPS33A/VPS33B/TGFBRAP1/VPS11/VPS16/VPS18,up,FALSE
GOCC_CYCLIN_DEPENDENT_PROTEIN_KINASE_HOLOENZYME_COMPLEX,GOCC_CYCLIN_DEPENDENT_PROTEIN_KINASE_HOLOENZYME_COMPLEX,GO_CC,CD8,SF_vs_PB_CD8,0.952071899,0.257369146,0.542565687,0.762158026,63,20,CDKN1A/CNPPD1/CKS1B/CDK1/CKS2/CDK2/PCNA/CCNI2/SNW1/CDK13/CCNA2/CDK6/CCND2/MED13/MNAT1/CCNE2/CDK14/CCNF/CDK19/CDK16,up,FALSE
GOCC_NADH_DEHYDROGENASE_COMPLEX,GOCC_NADH_DEHYDROGENASE_COMPLEX,GO_CC,CD8,SF_vs_PB_CD8,0.94800325,0.275303408,0.542735327,0.762158026,44,22,NDUFA6/NDUFA13/NDUFS5/NDUFB2/NDUFS6/NDUFA9/NDUFB6/NDUFC2/NDUFA1/NDUFB4/NDUFB3/NDUFAB1/NDUFV2/NDUFB1/NDUFA4/NDUFS4/NDUFS3/NDUFA11/NDUFS1/MT-ND5/NDUFS8/NDUFC1,up,FALSE
GOCC_SNRNA_ACTIVATING_PROTEIN_COMPLEX,GOCC_SNRNA_ACTIVATING_PROTEIN_COMPLEX,GO_CC,CD8,SF_vs_PB_CD8,0.949606149,0.486792376,0.545560682,0.764863493,5,1,SNAPC2,up,FALSE
GOCC_MITOCHONDRIAL_LARGE_RIBOSOMAL_SUBUNIT,GOCC_MITOCHONDRIAL_LARGE_RIBOSOMAL_SUBUNIT,GO_CC,CD8,SF_vs_PB_CD8,-0.948935354,-0.251352033,0.547095362,0.765100632,49,24,MRPL18/MRPL2/MRPL49/MRPL32/MRPL38/MRPL1/MRPL4/MRPL23/MRPL21/MRPL48/MRPL24/MRPL9/MRPL14/MRPL55/MRPL44/MRPL20/MRPL3/MRPL11/MRPL40/MRPL46/MRPS30/MRPL10/MRPL34/MRPL45,down,FALSE
GOCC_X_CHROMOSOME,GOCC_X_CHROMOSOME,GO_CC,CD8,SF_vs_PB_CD8,0.942579863,0.45765663,0.547527949,0.765100632,6,2,PCGF3/CDK2,up,FALSE
GOCC_PAM_COMPLEX_TIM23_ASSOCIATED_IMPORT_MOTOR,GOCC_PAM_COMPLEX_TIM23_ASSOCIATED_IMPORT_MOTOR,GO_CC,CD8,SF_vs_PB_CD8,-0.93240891,-0.463552931,0.549907244,0.766036785,5,3,PAM16/GRPEL1/DNAJC19,down,FALSE
GOCC_ACROSOMAL_MEMBRANE,GOCC_ACROSOMAL_MEMBRANE,GO_CC,CD8,SF_vs_PB_CD8,0.933344486,0.355856994,0.549998209,0.766036785,14,7,HYAL3/ATP8B3/BSG/CAV1/CCDC136/RAB6A/USP8,up,FALSE
GOCC_CUTICULAR_PLATE,GOCC_CUTICULAR_PLATE,GO_CC,CD8,SF_vs_PB_CD8,0.943239724,0.483528784,0.552942284,0.767669258,5,4,PIEZO1/SNX9/FCHSD1/CIB2,up,FALSE
GOCC_AXONEMAL_A_TUBULE_INNER_SHEATH,GOCC_AXONEMAL_A_TUBULE_INNER_SHEATH,GO_CC,CD8,SF_vs_PB_CD8,0.942592917,0.483197214,0.553582525,0.767669258,5,2,NME7/RIBC2,up,FALSE
GOCC_H3_HISTONE_ACETYLTRANSFERASE_COMPLEX,GOCC_H3_HISTONE_ACETYLTRANSFERASE_COMPLEX,GO_CC,CD8,SF_vs_PB_CD8,0.933085009,0.416288696,0.553876527,0.767669258,8,4,BRD1/KAT6A/MEAF6/ING5,up,FALSE
GOCC_CILIARY_BASE,GOCC_CILIARY_BASE,GO_CC,CD8,SF_vs_PB_CD8,0.934373819,0.310735254,0.554961554,0.76792241,24,8,PRKAR1A/ENKD1/PRKAR1B/PRKACA/NPHP3/TULP3/NPHP4/MOK,up,FALSE
GOCC_GOLGI_ASSOCIATED_VESICLE,GOCC_GOLGI_ASSOCIATED_VESICLE,GO_CC,CD8,SF_vs_PB_CD8,0.946988803,0.249438846,0.556414416,0.768682903,73,28,AP1S1/AP4M1/KDELR3/AP1G2/PI4KA/COPE/CLTC/RAB13/ZDHHC13/AP2A1/CLTB/TMED7/SPPL3/FURIN/SCYL1/AP2M1/RAB27B/PKD1/COPG2/SPPL2A/CLTA/PACS1/COPB1/AP3M2/AP1G1/TMED9/CHIC2/ATP7A,up,FALSE
GOCC_RETROMER_COMPLEX,GOCC_RETROMER_COMPLEX,GO_CC,CD8,SF_vs_PB_CD8,0.930113569,0.322892453,0.55910929,0.771153981,20,5,SNX8/VPS35/VPS26A/VPS29/DCTN1,up,FALSE
GOCC_PML_BODY,GOCC_PML_BODY,GO_CC,CD8,SF_vs_PB_CD8,0.948821339,0.240290451,0.560242364,0.771466427,92,19,SKI/SKIL/N4BP1/CIITA/SMC6/PML/SP100/CHD3/ISG20/UBE2I/PIAS4/CSNK2B/CHFR/TP53INP1/HIPK1/TRIM8/HIPK3/SUMO2/RAD51,up,FALSE
GOCC_AXONEMAL_DOUBLET_MICROTUBULE,GOCC_AXONEMAL_DOUBLET_MICROTUBULE,GO_CC,CD8,SF_vs_PB_CD8,0.929130626,0.451126539,0.56481084,0.775324442,6,2,NME7/RIBC2,up,FALSE
GOCC_CUL4A_RING_E3_UBIQUITIN_LIGASE_COMPLEX,GOCC_CUL4A_RING_E3_UBIQUITIN_LIGASE_COMPLEX,GO_CC,CD8,SF_vs_PB_CD8,0.930022235,0.295786937,0.565642721,0.775324442,29,3,DDB2/RBX1/DCAF15,up,FALSE
GOCC_HETEROCHROMATIN,GOCC_HETEROCHROMATIN,GO_CC,CD8,SF_vs_PB_CD8,0.941730066,0.250441633,0.565777296,0.775324442,69,25,CDKN2A/MBD2/CBX6/CENPB/WDR76/ESCO2/EZH2/SUZ12/UHRF2/HELLS/CBX3/EED/NCAPD3/BAZ1B/CHRAC1/CENPA/BAZ2A/EZH1/LRWD1/UBA1/PHC2/MBD3/TRIM28/TOP2B/INCENP,up,FALSE
GOCC_RESPIRATORY_CHAIN_COMPLEX_IV,GOCC_RESPIRATORY_CHAIN_COMPLEX_IV,GO_CC,CD8,SF_vs_PB_CD8,-0.917680141,-0.321355308,0.567842994,0.776235178,16,4,COX7C/MT-CO3/COX4I1/COX7A2L,down,FALSE
GOCC_9PLUS2_MOTILE_CILIUM,GOCC_9PLUS2_MOTILE_CILIUM,GO_CC,CD8,SF_vs_PB_CD8,0.945525256,0.237171226,0.568984632,0.776235178,98,18,ATP1B1/NME7/ATP2B4/RPGR/LDHA/SPATA33/HYAL3/DYNC2H1/TUBA1A/CALM2/PRKACA/AK1/IFT81/ABHD2/TUBB4B/ATP1B3/RIBC2/PSMA6,up,FALSE
GOCC_NUCLEOID,GOCC_NUCLEOID,GO_CC,CD8,SF_vs_PB_CD8,-0.935044181,-0.257645358,0.569178321,0.776235178,41,12,FASTKD2/TEFM/HSPA9/ACADVL/GRSF1/TFB2M/TUFM/DDX28/TRMT10C/LRPPRC/DNAJA3/TFAM,down,FALSE
GOCC_LAMELLAR_BODY,GOCC_LAMELLAR_BODY,GO_CC,CD8,SF_vs_PB_CD8,0.918336795,0.396023875,0.5706459,0.776991458,9,7,LAMP3/TMEM63B/NAPA/ABCA3/RAB7A/NAPSA/SMPD1,up,FALSE
GOCC_PROTEIN_COMPLEX_INVOLVED_IN_CELL_MATRIX_ADHESION,GOCC_PROTEIN_COMPLEX_INVOLVED_IN_CELL_MATRIX_ADHESION,GO_CC,CD8,SF_vs_PB_CD8,0.925483882,0.474426686,0.573957254,0.780251795,5,3,EMILIN2/MMRN1/PLAU,up,FALSE
GOCC_PERICHROMATIN_FIBRILS,GOCC_PERICHROMATIN_FIBRILS,GO_CC,CD8,SF_vs_PB_CD8,-0.907814822,-0.451325826,0.57726507,0.781693584,5,3,CPSF6/TARDBP/NUFIP1,down,FALSE
GOCC_MITOCHONDRIAL_COMPLEX_I_INTERMEDIATE_ASSEMBLY_COMPLEX,GOCC_MITOCHONDRIAL_COMPLEX_I_INTERMEDIATE_ASSEMBLY_COMPLEX,GO_CC,CD8,SF_vs_PB_CD8,-0.905973477,-0.425842009,0.578256936,0.781693584,6,4,ACAD9/NDUFAF1/TMEM186/ECSIT,down,FALSE
GOCC_EXOCYST,GOCC_EXOCYST,GO_CC,CD8,SF_vs_PB_CD8,0.910732525,0.361528432,0.578911356,0.781693584,12,7,RAB10/EXOC5/EXOC7/EXOC6/TNFAIP2/EXOC3/EXOC1,up,FALSE
GOCC_FILOPODIUM_TIP,GOCC_FILOPODIUM_TIP,GO_CC,CD8,SF_vs_PB_CD8,0.91086865400000006,0.370648316,0.579052134,0.781693584,11,4,CIB1/MYO5A/FMR1/AP2A1,up,FALSE
GOCC_CKM_COMPLEX,GOCC_CKM_COMPLEX,GO_CC,CD8,SF_vs_PB_CD8,-0.905696725,-0.450272801,0.579610636,0.781693584,5,2,CDK8/CCNC,down,FALSE
GOCC_ISWI_TYPE_COMPLEX,GOCC_ISWI_TYPE_COMPLEX,GO_CC,CD8,SF_vs_PB_CD8,0.906035245,0.359663778,0.585429533,0.788291983,12,5,LUZP1/HMGXB4/BAZ1B/CHRAC1/BAZ2A,up,FALSE
GOCC_U11_U12_SNRNP,GOCC_U11_U12_SNRNP,GO_CC,CD8,SF_vs_PB_CD8,0.910796143,0.316186335,0.587084012,0.789270923,20,6,SNRPB/ZCRB1/SNRPG/SNRNP25/ZMAT5/PDCD7,up,FALSE
GOCC_MKS_COMPLEX,GOCC_MKS_COMPLEX,GO_CC,CD8,SF_vs_PB_CD8,0.903403074,0.344441208,0.590913977,0.793166868,14,2,AHI1/B9D2,up,FALSE
GOCC_TRANSCRIPTION_FACTOR_TFIIIC_COMPLEX,GOCC_TRANSCRIPTION_FACTOR_TFIIIC_COMPLEX,GO_CC,CD8,SF_vs_PB_CD8,0.904275349,0.439058403,0.594001381,0.793810898,6,2,GTF3C6/GTF3C4,up,FALSE
GOCC_COMMITMENT_COMPLEX,GOCC_COMMITMENT_COMPLEX,GO_CC,CD8,SF_vs_PB_CD8,-0.892334529,-0.443629702,0.59592298,0.793810898,5,4,SNRPD3/SNRPD1/SNRPC/U2AF2,down,FALSE
GOCC_INTRACILIARY_TRANSPORT_PARTICLE,GOCC_INTRACILIARY_TRANSPORT_PARTICLE,GO_CC,CD8,SF_vs_PB_CD8,0.904969638,0.310642947,0.595930639,0.793810898,21,4,TRIM59/TTC21A/IFT81/WDR35,up,FALSE
GOCC_PHOTORECEPTOR_OUTER_SEGMENT_MEMBRANE,GOCC_PHOTORECEPTOR_OUTER_SEGMENT_MEMBRANE,GO_CC,CD8,SF_vs_PB_CD8,-0.88837167,-0.381332266,0.597524234,0.793810898,8,3,NAPEPLD/PDE6G/PDE6B,down,FALSE
GOCC_PROTEASOME_CORE_COMPLEX_ALPHA_SUBUNIT_COMPLEX,GOCC_PROTEASOME_CORE_COMPLEX_ALPHA_SUBUNIT_COMPLEX,GO_CC,CD8,SF_vs_PB_CD8,0.901198568,0.41806809,0.597569348,0.793810898,7,2,PSMA7/PSMA6,up,FALSE
GOCC_TRICARBOXYLIC_ACID_CYCLE_HETEROMERIC_ENZYME_COMPLEX,GOCC_TRICARBOXYLIC_ACID_CYCLE_HETEROMERIC_ENZYME_COMPLEX,GO_CC,CD8,SF_vs_PB_CD8,-0.893122754,-0.339780535,0.597840999,0.793810898,12,6,IDH3G/DLD/SUCLG2/SUCLA2/SUCLG1/KAT2A,down,FALSE
GOCC_PHAGOPHORE_ASSEMBLY_SITE_MEMBRANE,GOCC_PHAGOPHORE_ASSEMBLY_SITE_MEMBRANE,GO_CC,CD8,SF_vs_PB_CD8,0.903377315,0.31009636,0.597923367,0.793810898,21,9,RAB1B/ATG9A/WIPI1/ULK1/RB1CC1/ATG16L1/WIPI2/ATG2B/RAB7A,up,FALSE
GOCC_MOTILE_CILIUM,GOCC_MOTILE_CILIUM,GO_CC,CD8,SF_vs_PB_CD8,0.937487958,0.22467492,0.599019535,0.794027452,133,29,WDR54/ATP1B1/NME7/ATP2B4/RPGR/ANXA1/LDHA/CEP89/SPATA33/HYAL3/DYNC2H1/TUBA1A/CCDC40/CALM2/PRKACA/AK1/IFT81/ABHD2/TUBB4B/ATP1B3/RIBC2/PSMA6/ARL13B/PAFAH1B1/PGAM4/MAK/SLC26A6/CCDC34/CATSPER1,up,FALSE
GOCC_INHIBITORY_SYNAPSE,GOCC_INHIBITORY_SYNAPSE,GO_CC,CD8,SF_vs_PB_CD8,0.889423519,0.361921917,0.607607535,0.802117389,11,4,CEP112/SYT11/DAG1/GIT1,up,FALSE
GOCC_SMOOTH_ENDOPLASMIC_RETICULUM,GOCC_SMOOTH_ENDOPLASMIC_RETICULUM,GO_CC,CD8,SF_vs_PB_CD8,0.895911476,0.319547102,0.608194036,0.802117389,18,4,PSEN1/RYR1/DMTN/PGRMC1,up,FALSE
GOCC_EMC_COMPLEX,GOCC_EMC_COMPLEX,GO_CC,CD8,SF_vs_PB_CD8,0.888356085,0.371106431,0.608404186,0.802117389,10,3,EMC3/EMC7/EMC9,up,FALSE
GOCC_VCP_NPL4_UFD1_AAA_ATPASE_COMPLEX,GOCC_VCP_NPL4_UFD1_AAA_ATPASE_COMPLEX,GO_CC,CD8,SF_vs_PB_CD8,0.892203886,0.413895436,0.608943316,0.802117389,7,2,NPLOC4/FAF1,up,FALSE
GOCC_NUCLEAR_STRESS_GRANULE,GOCC_NUCLEAR_STRESS_GRANULE,GO_CC,CD8,SF_vs_PB_CD8,-0.879992868,-0.413630134,0.60983543,0.802117389,6,3,HSF1/TIA1/EIF4A1,down,FALSE
GOCC_SMALL_NUCLEAR_RIBONUCLEOPROTEIN_COMPLEX,GOCC_SMALL_NUCLEAR_RIBONUCLEOPROTEIN_COMPLEX,GO_CC,CD8,SF_vs_PB_CD8,-0.929473601,-0.222735174,0.612899681,0.804387862,81,19,RNU11/PRPF6/SF3A3/LSM4/SNRPA/PRPF3/PRPF18/USP39/LSM3/SF3A1/RNPC3/PRPF40B/LUC7L3/PPIH/SNRPD2/GEMIN4/TGS1/SNRPN/LSM5,down,FALSE
GOCC_PEPTIDASE_INHIBITOR_COMPLEX,GOCC_PEPTIDASE_INHIBITOR_COMPLEX,GO_CC,CD8,SF_vs_PB_CD8,0.888547976,0.412199451,0.613452083,0.804387862,7,3,CTSB/SERPINE1/PLAU,up,FALSE
GOCC_CHROMOSOME_TELOMERIC_REGION,GOCC_CHROMOSOME_TELOMERIC_REGION,GO_CC,CD8,SF_vs_PB_CD8,0.931705989,0.221474167,0.61450765,0.804532323,141,47,SMC6/CDK1/BRCA2/PML/SUN1/SLX4/SP100/MCM6/TEP1/CDK2/ATF7/RAD51AP1/TRIOBP/EZH2/RECQL4/PCNA/RIF1/DOT1L/CHEK1/ACD/MCM3/CHD4/TNKS2/WRNIP1/CBX3/RAD51/TINF2/PPP1CB/FEN1/MCM2/MCM4/MCM5/ERCC1/MCM7/MUS81/DNA2/EZH1/LRWD1/ORC1/TP53BP1/UPF1/WDR82/RPA4/NLRP2/POLD1/DMC1/SIRT2,up,FALSE
GOCC_IONOTROPIC_GLUTAMATE_RECEPTOR_COMPLEX,GOCC_IONOTROPIC_GLUTAMATE_RECEPTOR_COMPLEX,GO_CC,CD8,SF_vs_PB_CD8,0.883103754,0.359350295,0.616365972,0.805725718,11,5,DLG3/CNIH2/ABHD6/PTK2B/ABHD12,up,FALSE
GOCC_COPI_COATED_VESICLE_MEMBRANE,GOCC_COPI_COATED_VESICLE_MEMBRANE,GO_CC,CD8,SF_vs_PB_CD8,0.883808934,0.330860457,0.620969758,0.810498871,15,6,KDELR3/COPE/TMED7/SCYL1/COPG2/COPB1,up,FALSE
GOCC_MLL3_4_COMPLEX,GOCC_MLL3_4_COMPLEX,GO_CC,CD8,SF_vs_PB_CD8,0.878069432,0.348562345,0.623260169,0.812242578,12,5,KMT2D/DPY30/NCOA6/KMT2C/WDR5,up,FALSE
GOCC_DENDRITE_CYTOPLASM,GOCC_DENDRITE_CYTOPLASM,GO_CC,CD8,SF_vs_PB_CD8,0.885481334,0.303953325,0.624702839,0.812877853,21,11,KIFC2/KIF5A/KIF5B/KIF3B/ABHD12/STAU1/MAP2K1/SOD1/DLG4/TRAK2/STAU2,up,FALSE
GOCC_RNA_POLYMERASE_II_TRANSCRIPTION_REPRESSOR_COMPLEX,GOCC_RNA_POLYMERASE_II_TRANSCRIPTION_REPRESSOR_COMPLEX,GO_CC,CD8,SF_vs_PB_CD8,0.889911774,0.283030091,0.628398636,0.814203744,29,6,DRAP1/LIN37/MXD4/TFDP1/RBL1/MXD3,up,FALSE
GOCC_CHOLINERGIC_SYNAPSE,GOCC_CHOLINERGIC_SYNAPSE,GO_CC,CD8,SF_vs_PB_CD8,-0.863382206,-0.405822491,0.629329657,0.814203744,6,2,BRSK1/PLD1,down,FALSE
GOCC_CD40_RECEPTOR_COMPLEX,GOCC_CD40_RECEPTOR_COMPLEX,GO_CC,CD8,SF_vs_PB_CD8,0.874011238,0.355650392,0.629467436,0.814203744,11,8,HTRA2/TRAF2/TRAF3/TRAF5/BIRC2/RNF31/IKBKB/CHUK,up,FALSE
GOCC_SPERM_MIDPIECE,GOCC_SPERM_MIDPIECE,GO_CC,CD8,SF_vs_PB_CD8,-0.89928422,-0.253587535,0.629725213,0.814203744,37,7,IFT172/HSP90AA1/SPEF2/HSPD1/TOMM20/NME8/CCR6,down,FALSE
GOCC_SPECTRIN,GOCC_SPECTRIN,GO_CC,CD8,SF_vs_PB_CD8,0.875700826,0.448906619,0.630505602,0.814203744,5,2,SPTBN5/SPTAN1,up,FALSE
GOCC_LEWY_BODY,GOCC_LEWY_BODY,GO_CC,CD8,SF_vs_PB_CD8,0.870775202,0.354333592,0.634063806,0.817558029,11,7,HERPUD1/PINK1/SNCA/SQSTM1/FBXO7/ATF4/WSB1,up,FALSE
GOCC_CILIARY_MEMBRANE,GOCC_CILIARY_MEMBRANE,GO_CC,CD8,SF_vs_PB_CD8,0.892781117,0.260485252,0.638185425,0.821015027,43,7,ADCY3/EPS15/CASK/BBS7/MICALL1/TXNDC15/EVC,up,FALSE
GOCC_U5_SNRNP,GOCC_U5_SNRNP,GO_CC,CD8,SF_vs_PB_CD8,0.875217884,0.303835207,0.638674439,0.821015027,20,4,CD2BP2/SNRPB/SNRPG/TSSC4,up,FALSE
GOCC_U4ATAC_SNRNP,GOCC_U4ATAC_SNRNP,GO_CC,CD8,SF_vs_PB_CD8,0.862150472,0.360159163,0.642776688,0.825042174,10,2,SNRPB/SNRPG,up,FALSE
GOCC_RNA_POLYMERASE_III_TRANSCRIPTION_REGULATOR_COMPLEX,GOCC_RNA_POLYMERASE_III_TRANSCRIPTION_REGULATOR_COMPLEX,GO_CC,CD8,SF_vs_PB_CD8,0.858293369,0.358547878,0.648281375,0.830854593,10,3,GTF3C6/BDP1/GTF3C4,up,FALSE
GOCC_RNA_POLYMERASE_I_TRANSCRIPTION_REGULATOR_COMPLEX,GOCC_RNA_POLYMERASE_I_TRANSCRIPTION_REGULATOR_COMPLEX,GO_CC,CD8,SF_vs_PB_CD8,-0.843390593,-0.419296917,0.652557733,0.83382377,5,3,TAF1D/TAF1A/TBP,down,FALSE
GOCC_RNA_POLYMERASE_TRANSCRIPTION_FACTOR_SL1_COMPLEX,GOCC_RNA_POLYMERASE_TRANSCRIPTION_FACTOR_SL1_COMPLEX,GO_CC,CD8,SF_vs_PB_CD8,-0.843390593,-0.419296917,0.652557733,0.83382377,5,3,TAF1D/TAF1A/TBP,down,FALSE
GOCC_EPSILON_DNA_POLYMERASE_COMPLEX,GOCC_EPSILON_DNA_POLYMERASE_COMPLEX,GO_CC,CD8,SF_vs_PB_CD8,0.854560651,0.438069625,0.654947745,0.835622985,5,3,POLE/CHRAC1/POLE2,up,FALSE
GOCC_ORGANELLE_MEMBRANE_CONTACT_SITE,GOCC_ORGANELLE_MEMBRANE_CONTACT_SITE,GO_CC,CD8,SF_vs_PB_CD8,0.884747758,0.248410638,0.659924603,0.835787424,52,17,PSEN1/CLSTN3/RAB38/GRAMD1C/ZFYVE1/SERAC1/OSBPL11/MBOAT7/GRAMD1B/PDZD8/IMMT/ACSL4/GRAMD1A/ATAD3A/C2CD2L/ATG16L1/STARD3,up,FALSE
GOCC_CHROMATIN_SILENCING_COMPLEX,GOCC_CHROMATIN_SILENCING_COMPLEX,GO_CC,CD8,SF_vs_PB_CD8,0.854968638,0.314380858,0.660548504,0.835787424,16,6,EZH2/SUZ12/CBX3/EED/BAZ2A/SIRT2,up,FALSE
GOCC_BOX_H_ACA_RNP_COMPLEX,GOCC_BOX_H_ACA_RNP_COMPLEX,GO_CC,CD8,SF_vs_PB_CD8,-0.836313705,-0.415778598,0.661534853,0.835787424,5,3,TERC/NHP2/DKC1,down,FALSE
GOCC_BOX_H_ACA_TELOMERASE_RNP_COMPLEX,GOCC_BOX_H_ACA_TELOMERASE_RNP_COMPLEX,GO_CC,CD8,SF_vs_PB_CD8,-0.836313705,-0.415778598,0.661534853,0.835787424,5,3,TERC/NHP2/DKC1,down,FALSE
GOCC_OMEGASOME,GOCC_OMEGASOME,GO_CC,CD8,SF_vs_PB_CD8,0.848279295,0.434849642,0.662028058,0.835787424,5,2,ZFYVE1/ULK1,up,FALSE
GOCC_PARASPECKLES,GOCC_PARASPECKLES,GO_CC,CD8,SF_vs_PB_CD8,0.848079479,0.354281075,0.662270184,0.835787424,10,4,NUDT21/BCL6/ALKBH5/NEAT1,up,FALSE
GOCC_CYTOPLASMIC_SIDE_OF_LYSOSOMAL_MEMBRANE,GOCC_CYTOPLASMIC_SIDE_OF_LYSOSOMAL_MEMBRANE,GO_CC,CD8,SF_vs_PB_CD8,-0.839212317,-0.360230684,0.662387564,0.835787424,8,2,LITAF/EEF1A1,down,FALSE
GOCC_T_CELL_RECEPTOR_COMPLEX,GOCC_T_CELL_RECEPTOR_COMPLEX,GO_CC,CD8,SF_vs_PB_CD8,0.853806064,0.308920493,0.664098668,0.835787424,17,6,ALCAM/CD8A/CEACAM1/CD6/CD8B/TRBV11-2,up,FALSE
GOCC_U4_SNRNP,GOCC_U4_SNRNP,GO_CC,CD8,SF_vs_PB_CD8,-0.845909874,-0.321818819,0.665039919,0.835787424,12,3,PRPF3/SNRPD2/SNRPN,down,FALSE
GOCC_ACETYLCHOLINE_GATED_CHANNEL_COMPLEX,GOCC_ACETYLCHOLINE_GATED_CHANNEL_COMPLEX,GO_CC,CD8,SF_vs_PB_CD8,0.845220947,0.392099942,0.666054365,0.835787424,7,2,CHRNB1/CHRNA5,up,FALSE
GOCC_PARALLEL_FIBER_TO_PURKINJE_CELL_SYNAPSE,GOCC_PARALLEL_FIBER_TO_PURKINJE_CELL_SYNAPSE,GO_CC,CD8,SF_vs_PB_CD8,-0.836187044,-0.35893209,0.666077198,0.835787424,8,2,SLC16A7/SUSD4,down,FALSE
GOCC_SYMBIONT_CELL_SURFACE,GOCC_SYMBIONT_CELL_SURFACE,GO_CC,CD8,SF_vs_PB_CD8,0.844624845,0.364236309,0.666862116,0.835787424,9,4,C1QA/C1QB/C1QC/GZMK,up,FALSE
GOCC_NUCLEAR_EXOSOME_RNASE_COMPLEX,GOCC_NUCLEAR_EXOSOME_RNASE_COMPLEX,GO_CC,CD8,SF_vs_PB_CD8,-0.8492267,-0.3027197,0.668159498,0.83618196,15,9,EXOSC3/NVL/DIS3/EXOSC7/EXOSC2/C1D/EXOSC1/EXOSC5/WDR74,down,FALSE
GOCC_HOPS_COMPLEX,GOCC_HOPS_COMPLEX,GO_CC,CD8,SF_vs_PB_CD8,-0.843518636,-0.313557785,0.67013591,0.837423876,13,2,HOOK2/HOOK1,down,FALSE
GOCC_TRANSFERASE_COMPLEX_TRANSFERRING_PHOSPHORUS_CONTAINING_GROUPS,GOCC_TRANSFERASE_COMPLEX_TRANSFERRING_PHOSPHORUS_CONTAINING_GROUPS,GO_CC,CD8,SF_vs_PB_CD8,0.923996288,0.202858535,0.674242013,0.84131958,276,69,CDKN1A/CAB39/CNPPD1/PFKP/TANK/CKS1B/CDK1/POLG/ZBTB7A/MAD2L2/PRKAR1A/CKS2/TAB2/ZNFX1/PRKAR1B/SMG1/PRKACA/ATXN7L3/CDK2/PFKFB3/CSNK2B/POLR2K/PFKL/PARD6G/PRKX/PIK3R6/TAB3/IRAK1/POLE/IKBKG/RTF1/PCNA/PIK3CD/PRKAG1/PFKFB4/MCM3/CCNI2/SNW1/AZI2/TRAF3/PARD6A/PIK3CG/CDK13/ULK1/PIK3CB/RB1CC1/POLD3/PRKAB2/CCNA2/CDK6/CCND2/SUPT3H/CHRAC1/POLRMT/ENY2/MED13/MNAT1/MYD88/STK11/POLE2/CDC7/CSNK2A2/CCNE2/CDK14/IFIT5/PIK3CA/CCNF/POLR2L/CDK19,up,FALSE
GOCC_RIBONUCLEASE_P_COMPLEX,GOCC_RIBONUCLEASE_P_COMPLEX,GO_CC,CD8,SF_vs_PB_CD8,-0.838392103,-0.311652119,0.677586129,0.841383849,13,6,RPP14/RPP38/RPP40/RPP25/TRMT10C/POP5,down,FALSE
GOCC_SEX_CHROMATIN,GOCC_SEX_CHROMATIN,GO_CC,CD8,SF_vs_PB_CD8,0.83483425,0.427957368,0.677732794,0.841383849,5,2,SUZ12/EED,up,FALSE
GOCC_CUL4_RING_E3_UBIQUITIN_LIGASE_COMPLEX,GOCC_CUL4_RING_E3_UBIQUITIN_LIGASE_COMPLEX,GO_CC,CD8,SF_vs_PB_CD8,0.860309029,0.269542615,0.678059763,0.841383849,31,3,DDB2/RBX1/DCAF15,up,FALSE
GOCC_MITOCHONDRIAL_CRISTA_JUNCTION,GOCC_MITOCHONDRIAL_CRISTA_JUNCTION,GO_CC,CD8,SF_vs_PB_CD8,-0.823401368,-0.387029976,0.67824832,0.841383849,6,4,CHCHD3/MICU1/CHCHD6/APOOL,down,FALSE
GOCC_NODE_OF_RANVIER,GOCC_NODE_OF_RANVIER,GO_CC,CD8,SF_vs_PB_CD8,0.833443685,0.427244529,0.679371057,0.841549883,5,4,DAG1/DLG1/ANK3/SCN8A,up,FALSE
GOCC_ALPHA_KETOACID_DEHYDROGENASE_COMPLEX,GOCC_ALPHA_KETOACID_DEHYDROGENASE_COMPLEX,GO_CC,CD8,SF_vs_PB_CD8,-0.840083328,-0.294182281,0.684361188,0.846499086,16,7,DBT/DLST/PDK2/DLD/BCKDHB/PDHX/KAT2A,down,FALSE
GOCC_CELL_POLE,GOCC_CELL_POLE,GO_CC,CD8,SF_vs_PB_CD8,0.825203858,0.423020583,0.688993503,0.850594476,5,3,GNB5/PI4K2A/SLC3A2,up,FALSE
GOCC_INTRACILIARY_TRANSPORT_PARTICLE_B,GOCC_INTRACILIARY_TRANSPORT_PARTICLE_B,GO_CC,CD8,SF_vs_PB_CD8,0.834037208,0.31799403,0.68971015,0.850594476,14,2,TRIM59/IFT81,up,FALSE
GOCC_PRESYNAPTIC_ACTIVE_ZONE_CYTOPLASMIC_COMPONENT,GOCC_PRESYNAPTIC_ACTIVE_ZONE_CYTOPLASMIC_COMPONENT,GO_CC,CD8,SF_vs_PB_CD8,0.826100036,0.368558174,0.691519982,0.850594476,8,1,RIMS3,up,FALSE
GOCC_CYTOPLASMIC_SIDE_OF_ENDOSOME_MEMBRANE,GOCC_CYTOPLASMIC_SIDE_OF_ENDOSOME_MEMBRANE,GO_CC,CD8,SF_vs_PB_CD8,0.822226777,0.399220852,0.691670244,0.850594476,6,2,MICALL1/RAB21,up,FALSE
GOCC_SERINE_PALMITOYLTRANSFERASE_COMPLEX,GOCC_SERINE_PALMITOYLTRANSFERASE_COMPLEX,GO_CC,CD8,SF_vs_PB_CD8,0.82450187,0.367845165,0.693715635,0.851064897,8,2,ORMDL2/SPTLC2,up,FALSE
GOCC_TRANSCRIPTION_EXPORT_COMPLEX_2,GOCC_TRANSCRIPTION_EXPORT_COMPLEX_2,GO_CC,CD8,SF_vs_PB_CD8,-0.810025375,-0.40270919,0.694052924,0.851064897,5,3,MCM3AP/CETN3/PCID2,down,FALSE
GOCC_SEC61_TRANSLOCON_COMPLEX,GOCC_SEC61_TRANSLOCON_COMPLEX,GO_CC,CD8,SF_vs_PB_CD8,-0.80890614,-0.380216667,0.69675168,0.853144863,6,4,SEC61G/SSR4/SEC61B/SEC61A1,down,FALSE
GOCC_ASTROCYTE_END_FOOT,GOCC_ASTROCYTE_END_FOOT,GO_CC,CD8,SF_vs_PB_CD8,0.815967361,0.418285719,0.699331513,0.853921807,5,4,MT3/EIF2S1/SLC2A13/CLCN2,up,FALSE
GOCC_OLIGOSACCHARYLTRANSFERASE_COMPLEX_B,GOCC_OLIGOSACCHARYLTRANSFERASE_COMPLEX_B,GO_CC,CD8,SF_vs_PB_CD8,-0.810822983,-0.348044604,0.699393066,0.853921807,8,3,RPN1/DDOST/RPN2,down,FALSE
GOCC_POLAR_MICROTUBULE,GOCC_POLAR_MICROTUBULE,GO_CC,CD8,SF_vs_PB_CD8,0.8149005,0.417738818,0.700819132,0.854437079,5,3,TUBG1/KLHL21/CUL3,up,FALSE
GOCC_MHC_CLASS_I_PEPTIDE_LOADING_COMPLEX,GOCC_MHC_CLASS_I_PEPTIDE_LOADING_COMPLEX,GO_CC,CD8,SF_vs_PB_CD8,0.812847,0.377081594,0.704221171,0.857356533,7,3,TAP1/TAPBP/HLA-A,up,FALSE
GOCC_NEURONAL_DENSE_CORE_VESICLE,GOCC_NEURONAL_DENSE_CORE_VESICLE,GO_CC,CD8,SF_vs_PB_CD8,-0.810192209,-0.32544666,0.707867168,0.859418235,10,5,APP/VPS13A/ADRB2/SYT5/OXT,down,FALSE
GOCC_IMMUNOGLOBULIN_COMPLEX,GOCC_IMMUNOGLOBULIN_COMPLEX,GO_CC,CD8,SF_vs_PB_CD8,-0.798680359,-0.397068944,0.707934409,0.859418235,5,2,VPREB3/CD79A,down,FALSE
GOCC_KINOCILIUM,GOCC_KINOCILIUM,GO_CC,CD8,SF_vs_PB_CD8,-0.797288825,-0.374756087,0.710817681,0.860756175,6,4,CDC14A/IFT20/ELMOD3/CDH23,down,FALSE
GOCC_FEMALE_PRONUCLEUS,GOCC_FEMALE_PRONUCLEUS,GO_CC,CD8,SF_vs_PB_CD8,0.810467956,0.361584042,0.711059449,0.860756175,8,4,SLC2A1/RIF1/CCNA2/TET3,up,FALSE
GOCC_HISTONE_DEACETYLASE_COMPLEX,GOCC_HISTONE_DEACETYLASE_COMPLEX,GO_CC,CD8,SF_vs_PB_CD8,0.870211083,0.226648945,0.712852991,0.861701556,78,25,MBD2/CDK2AP2/TBL1X/CHD3/HDAC10/SAP30/TBL1XR1/NCOR1/ZNHIT1/CHD4/RCOR1/RCOR3/KDM3B/HDAC6/SAP18/SRCAP/SAP30L/MBD3/SIN3A/MTA1/KMT2E/SAP130/TRRAP/BRMS1/EP400,up,FALSE
GOCC_BRUSH_BORDER_MEMBRANE,GOCC_BRUSH_BORDER_MEMBRANE,GO_CC,CD8,SF_vs_PB_CD8,0.830077981,0.276050642,0.714352663,0.861900465,24,4,GNA13/SLC27A4/PLD2/MFSD10,up,FALSE
GOCC_COPI_VESICLE_COAT,GOCC_COPI_VESICLE_COAT,GO_CC,CD8,SF_vs_PB_CD8,0.811493586,0.33021087,0.715043159,0.861900465,11,5,COPE/TMED7/SCYL1/COPG2/COPB1,up,FALSE
GOCC_MEDIATOR_COMPLEX,GOCC_MEDIATOR_COMPLEX,GO_CC,CD8,SF_vs_PB_CD8,-0.847450634,-0.238971076,0.722484393,0.869638215,37,7,MED12L/CDK8/NFE2L2/MED28/CCNC/MED30/UXT,down,FALSE
GOCC_SMC5_SMC6_COMPLEX,GOCC_SMC5_SMC6_COMPLEX,GO_CC,CD8,SF_vs_PB_CD8,0.792189994,0.384636907,0.727206555,0.874085845,6,1,SMC6,up,FALSE
GOCC_OXIDOREDUCTASE_COMPLEX,GOCC_OXIDOREDUCTASE_COMPLEX,GO_CC,CD8,SF_vs_PB_CD8,0.868915988,0.218574744,0.731112791,0.877541587,96,10,CYB5R3/NDUFA6/RAC1/LDHA/GLDC/NDUFA13/NCF4/NDUFS5/NDUFB2/NDUFS6,up,FALSE
GOCC_NUCLEAR_PORE_CENTRAL_TRANSPORT_CHANNEL,GOCC_NUCLEAR_PORE_CENTRAL_TRANSPORT_CHANNEL,GO_CC,CD8,SF_vs_PB_CD8,0.787201403,0.382214766,0.733570989,0.879251988,6,1,NUTF2,up,FALSE
GOCC_DNA_DEPENDENT_PROTEIN_KINASE_COMPLEX,GOCC_DNA_DEPENDENT_PROTEIN_KINASE_COMPLEX,GO_CC,CD8,SF_vs_PB_CD8,0.784100879,0.401950146,0.735674607,0.880533179,5,1,ZBTB7A,up,FALSE
GOCC_ER_UBIQUITIN_LIGASE_COMPLEX,GOCC_ER_UBIQUITIN_LIGASE_COMPLEX,GO_CC,CD8,SF_vs_PB_CD8,0.783377365,0.380358057,0.73806902,0.881529393,6,2,HERPUD1/SEL1L,up,FALSE
GOCC_COP9_SIGNALOSOME,GOCC_COP9_SIGNALOSOME,GO_CC,CD8,SF_vs_PB_CD8,-0.831641402,-0.244382261,0.73857868,0.881529393,31,7,AMOT/GRAP/FLOT1/GRB2/TESPA1/HSP90AB1/HSPA5,down,FALSE
GOCC_SHELTERIN_COMPLEX,GOCC_SHELTERIN_COMPLEX,GO_CC,CD8,SF_vs_PB_CD8,0.779806892,0.378624463,0.74210045,0.884492273,6,2,ACD/TINF2,up,FALSE
GOCC_TRANSCRIPTION_FACTOR_TFIIH_HOLO_COMPLEX,GOCC_TRANSCRIPTION_FACTOR_TFIIH_HOLO_COMPLEX,GO_CC,CD8,SF_vs_PB_CD8,-0.788067317,-0.299813137,0.745395255,0.885479814,12,7,ERCC2/ERCC3/GTF2H2/GTF2H2C/GTF2H1/GTF2H3/CCNH,down,FALSE
GOCC_VESICLE_TETHERING_COMPLEX,GOCC_VESICLE_TETHERING_COMPLEX,GO_CC,CD8,SF_vs_PB_CD8,-0.856102059,-0.218784317,0.746423555,0.885479814,58,10,EXOC4/COG6/TRAPPC10/COG2/COG5/HOOK2/COG3/TRAPPC2/HOOK1/VPS51,down,FALSE
GOCC_TRNA_INTRON_ENDONUCLEASE_COMPLEX,GOCC_TRNA_INTRON_ENDONUCLEASE_COMPLEX,GO_CC,CD8,SF_vs_PB_CD8,-0.764935053,-0.380292254,0.748214171,0.885479814,5,4,CLP1/TSEN54/TSEN34/TSEN2,down,FALSE
GOCC_MICOS_COMPLEX,GOCC_MICOS_COMPLEX,GO_CC,CD8,SF_vs_PB_CD8,-0.769112571,-0.344155012,0.748498059,0.885479814,7,5,CHCHD3/CHCHD6/DNAJC11/CHCHD10/APOOL,down,FALSE
GOCC_POSTSYNAPTIC_EARLY_ENDOSOME,GOCC_POSTSYNAPTIC_EARLY_ENDOSOME,GO_CC,CD8,SF_vs_PB_CD8,0.771973437,0.395733309,0.748893701,0.885479814,5,1,GRIPAP1,up,FALSE
GOCC_PALMITOYLTRANSFERASE_COMPLEX,GOCC_PALMITOYLTRANSFERASE_COMPLEX,GO_CC,CD8,SF_vs_PB_CD8,0.785907761,0.319799553,0.749172111,0.885479814,11,2,ORMDL2/SPTLC2,up,FALSE
GOCC_AXOLEMMA,GOCC_AXOLEMMA,GO_CC,CD8,SF_vs_PB_CD8,-0.764565697,-0.342120421,0.754419069,0.888831656,7,3,SPTBN1/MAPT/ANK1,down,FALSE
GOCC_GID_COMPLEX,GOCC_GID_COMPLEX,GO_CC,CD8,SF_vs_PB_CD8,0.781496559,0.318004558,0.754999005,0.888831656,11,5,YPEL5/WDR26/RANBP9/RMND5B/RMND5A,up,FALSE
GOCC_SITE_OF_DOUBLE_STRAND_BREAK,GOCC_SITE_OF_DOUBLE_STRAND_BREAK,GO_CC,CD8,SF_vs_PB_CD8,0.85485709,0.21724,0.755141348,0.888831656,90,31,LMNA/DYNLL1/SMC6/ZBTB7A/DGCR8/MAD2L2/RHNO1/ESCO2/RBBP8/RIF1/RPA3/RNF169/HELLS/ARPC2/RAD51/ARPC4/TIMELESS/RAD54L/ARPC5/POLQ/TP53BP1/RPA4/AIM2/DMC1/ARPC3/TONSL/SIRT6/MMS22L/WAS/HTATSF1/UIMC1,up,FALSE
GOCC_TRANSCRIPTION_EXPORT_COMPLEX,GOCC_TRANSCRIPTION_EXPORT_COMPLEX,GO_CC,CD8,SF_vs_PB_CD8,-0.789818302,-0.27658036,0.759269013,0.892455705,16,9,ZC3H11A/THOC6/NXF1/DDX39A/THOC1/ERH/THOC2/THOC3/THOC7,down,FALSE
GOCC_PREFOLDIN_COMPLEX,GOCC_PREFOLDIN_COMPLEX,GO_CC,CD8,SF_vs_PB_CD8,-0.759570951,-0.339885421,0.760600343,0.892787437,7,3,VBP1/PDRG1/PFDN5,down,FALSE
GOCC_PLASMA_MEMBRANE_SIGNALING_RECEPTOR_COMPLEX,GOCC_PLASMA_MEMBRANE_SIGNALING_RECEPTOR_COMPLEX,GO_CC,CD8,SF_vs_PB_CD8,0.862748603,0.208363678,0.765287325,0.897051672,126,41,ITGA2/IL2RB/ITGA3/ALCAM/CD8A/ITGA1/ERBB3/CHRNB1/CEACAM1/DLG3/ITGB1/ITGAE/CNIH2/IL4R/CSF2/HTRA2/ITGAD/IL1R2/ITGAX/ABHD6/CD6/TRAF2/IL5RA/TFRC/TRAF3/CD8B/CHRNA5/IL2RA/TRBV11-2/PTK2B/CSF2RA/ABHD12/IL2RG/ITGA7/IL10RB/IL13RA1/IFNLR1/ITGAV/TYK2/ITGB2/IL13,up,FALSE
GOCC_REPLISOME,GOCC_REPLISOME,GO_CC,CD8,SF_vs_PB_CD8,-0.798079716,-0.250129995,0.771945552,0.903611643,24,7,PRIM1/PLRG1/BCAS2/HELB/XPA/PRPF19/RPA2,down,FALSE
GOCC_PHOTORECEPTOR_INNER_SEGMENT,GOCC_PHOTORECEPTOR_INNER_SEGMENT,GO_CC,CD8,SF_vs_PB_CD8,0.799563617,0.250510527,0.774491745,0.904738511,31,7,MYO7A/ENO2/SLC2A1/ZBED4/BSG/MAK/FAM161A,up,FALSE
GOCC_AMPA_GLUTAMATE_RECEPTOR_COMPLEX,GOCC_AMPA_GLUTAMATE_RECEPTOR_COMPLEX,GO_CC,CD8,SF_vs_PB_CD8,0.761858731,0.318262777,0.775034518,0.904738511,10,4,DLG3/CNIH2/ABHD6/ABHD12,up,FALSE
GOCC_CUL2_RING_UBIQUITIN_LIGASE_COMPLEX,GOCC_CUL2_RING_UBIQUITIN_LIGASE_COMPLEX,GO_CC,CD8,SF_vs_PB_CD8,0.778988782,0.27042891,0.776569858,0.905288971,20,2,RBX1/ZSWIM8,up,FALSE
GOCC_ENDONUCLEASE_COMPLEX,GOCC_ENDONUCLEASE_COMPLEX,GO_CC,CD8,SF_vs_PB_CD8,-0.826681721,-0.222761979,0.778095525,0.905826664,45,9,TARBP2/TSEN2/RPP25/TRMT10C/TEX10/RPP25L/NOL9/POP5/ERN1,down,FALSE
GOCC_GUANYL_NUCLEOTIDE_EXCHANGE_FACTOR_COMPLEX,GOCC_GUANYL_NUCLEOTIDE_EXCHANGE_FACTOR_COMPLEX,GO_CC,CD8,SF_vs_PB_CD8,0.78072249,0.262036874,0.781591426,0.90865342,23,12,LAMTOR5/RASGRP3/CCZ1B/SLC38A9/LAMTOR3/ELMO1/LAMTOR2/CCZ1/MON1B/PDE3B/C9orf72/EIF2B4,up,FALSE
GOCC_MAIN_AXON,GOCC_MAIN_AXON,GO_CC,CD8,SF_vs_PB_CD8,0.788864583,0.253077847,0.783565412,0.909503267,28,12,TRIM46/DAG1/MAP1A/ADORA2A/IQCJ-SCHIP1/EPB41L3/MYO1D/SIRT2/KCNA2/KCNAB2/CLCN2/DLG4,up,FALSE
GOCC_CHROMOSOME_TELOMERIC_REPEAT_REGION,GOCC_CHROMOSOME_TELOMERIC_REPEAT_REGION,GO_CC,CD8,SF_vs_PB_CD8,0.757294485,0.300618985,0.785404325,0.909503267,12,3,RIF1/ACD/TINF2,up,FALSE
GOCC_NUCLEAR_RIBONUCLEOPROTEIN_GRANULE,GOCC_NUCLEAR_RIBONUCLEOPROTEIN_GRANULE,GO_CC,CD8,SF_vs_PB_CD8,-0.922412418,-0.178457598,0.785528674,0.909503267,395,113,SNRNP40/YTHDC1/PSKH1/THAP7/ANGEL2/SCAPER/CDK12/API5/COPS4/YLPM1/ASCC2/TERC/PLRG1/PPIE/THOC2/NEK6/NXT1/ZC3H8/RBM4B/FTO/EAF1/RBM27/RNF113A/PAK2/CSNK1A1/CPSF6/IL16/BCLAF1/PRPF6/EHMT2/WTAP/NOC3L/ZNF217/PQBP1/SF3A3/TARDBP/PSPC1/BCAS2/MAML2/TIA1/RBM10/ZBTB18/PARN/RDM1/RBM4/NHP2/HEXIM2/RBM11/NUGGC/ZC3H14/PRPF3/HNRNPM/CYGB/PRPF18/TCF12/NSL1/ZNF638/AKAP17A/RBM39/CCNL1/EIF4A1/SF3A1/THOC3/DDX17/DDX5/SMU1/HMBOX1/THOC7/HNRNPA2B1/PRPF40B/ZNF830/LUC7L3/DKC1/PPIH/U2AF2/GSC/COIL/CDC40/CBLL1/NR4A2/CTR9/SHQ1/MAML3/CNOT7/SNURF/GEMIN4/TRIM69/TGS1/LHPP/RUVBL1/SRSF6/PPP1CC/SNHG10/ARGLU1/C12orf57/PIAS1/PRPF19/EAF2/PIAS2/SRSF1/PNISR/SRPK2/SRSF5/NPM1/NOLC1/PYHIN1/APEX1/NPAT/TENM1/PLCB1/FBL/NRIP1/ZBTB16,down,FALSE
GOCC_MICROBODY,GOCC_MICROBODY,GO_CC,CD8,SF_vs_PB_CD8,0.847730252,0.207737735,0.788394303,0.911580913,114,19,VIM/FAR2/MYO5A/PAOX/MAP2K2/SLC27A2/PRDX5/FIS1/ACOT4/TRIM37/EHHADH/ECI2/IDH1/SERHL2/FAR1/PMVK/HMGCR/ACSL1/MVD,up,FALSE
GOCC_POSTSYNAPTIC_SPECIALIZATION_INTRACELLULAR_COMPONENT,GOCC_POSTSYNAPTIC_SPECIALIZATION_INTRACELLULAR_COMPONENT,GO_CC,CD8,SF_vs_PB_CD8,-0.770626243,-0.261156307,0.791875824,0.912028542,18,5,BAIAP2/TANC1/TNIK/LYN/GPHN,down,FALSE
GOCC_INO80_TYPE_COMPLEX,GOCC_INO80_TYPE_COMPLEX,GO_CC,CD8,SF_vs_PB_CD8,0.782861737,0.251152057,0.791885852,0.912028542,28,10,TFPT/ZNHIT1/INO80C/ACTL6A/INO80D/SRCAP/INO80/TRRAP/INO80B/EP400,up,FALSE
GOCC_CENTRIOLAR_SUBDISTAL_APPENDAGE,GOCC_CENTRIOLAR_SUBDISTAL_APPENDAGE,GO_CC,CD8,SF_vs_PB_CD8,-0.740441257,-0.306535315,0.792489379,0.912028542,9,1,KIF2A,down,FALSE
GOCC_APICOLATERAL_PLASMA_MEMBRANE,GOCC_APICOLATERAL_PLASMA_MEMBRANE,GO_CC,CD8,SF_vs_PB_CD8,-0.733805766,-0.328356266,0.793068298,0.912028542,7,4,CTNNB1/OCLN/CLDN7/CDH2,down,FALSE
GOCC_DERLIN_1_RETROTRANSLOCATION_COMPLEX,GOCC_DERLIN_1_RETROTRANSLOCATION_COMPLEX,GO_CC,CD8,SF_vs_PB_CD8,0.731219108,0.339214227,0.800426756,0.919248541,7,2,SEL1L/AMFR,up,FALSE
GOCC_ENDOPLASMIC_RETICULUM_PROTEIN_CONTAINING_COMPLEX,GOCC_ENDOPLASMIC_RETICULUM_PROTEIN_CONTAINING_COMPLEX,GO_CC,CD8,SF_vs_PB_CD8,-0.859842931,-0.194789291,0.803128037,0.921107763,113,32,EMC10/SSR3/SEC61B/SDF2L1/DDOST/DPM2/PRKCSH/PIGH/SSR1/RNF125/POMT1/INSIG2/HSD17B12/P4HB/PIGK/HM13/PIGC/TAPBPL/RPN2/PDIA3/PIGP/OSTC/FAM8A1/SEC63/ALG13/SEC61A1/SRPRB/STT3A/SSR2/HSP90B1/HSPA5/ERN1,down,FALSE
GOCC_NUCLEOLAR_RIBONUCLEASE_P_COMPLEX,GOCC_NUCLEOLAR_RIBONUCLEASE_P_COMPLEX,GO_CC,CD8,SF_vs_PB_CD8,-0.733026432,-0.294449886,0.806979693,0.924238937,10,5,RPP14/RPP38/RPP40/RPP25/POP5,down,FALSE
GOCC_CARGO_RECEPTOR_COMPLEX,GOCC_CARGO_RECEPTOR_COMPLEX,GO_CC,CD8,SF_vs_PB_CD8,0.746382795,0.274452714,0.808058933,0.924238937,16,4,COMMD8/COMMD5/VPS29/COMMD3,up,FALSE
GOCC_TRAPPII_PROTEIN_COMPLEX,GOCC_TRAPPII_PROTEIN_COMPLEX,GO_CC,CD8,SF_vs_PB_CD8,0.732059319,0.305814218,0.809116343,0.924238937,10,4,TRAPPC1/TRAPPC6B/TRAPPC2L/TRAPPC4,up,FALSE
GOCC_SM_LIKE_PROTEIN_FAMILY_COMPLEX,GOCC_SM_LIKE_PROTEIN_FAMILY_COMPLEX,GO_CC,CD8,SF_vs_PB_CD8,-0.848494443,-0.198050607,0.811228388,0.925409327,94,20,RNU11/PRPF6/SF3A3/LSM4/SNRPA/PRPF3/PRPF18/USP39/LSM3/GEMIN5/SF3A1/RNPC3/PRPF40B/LUC7L3/PPIH/SNRPD2/GEMIN4/TGS1/SNRPN/LSM5,down,FALSE
GOCC_SYNAPTIC_CLEFT,GOCC_SYNAPTIC_CLEFT,GO_CC,CD8,SF_vs_PB_CD8,-0.727350394,-0.292169875,0.813051892,0.926247871,10,4,NPTX1/PRSS12/LAMA2/COLQ,down,FALSE
GOCC_GOLGI_TRANS_CISTERNA,GOCC_GOLGI_TRANS_CISTERNA,GO_CC,CD8,SF_vs_PB_CD8,-0.721868209,-0.298846258,0.8144137,0.926558903,9,3,B4GALT1/HID1/ST3GAL1,down,FALSE
GOCC_RETROMER_TUBULATION_COMPLEX,GOCC_RETROMER_TUBULATION_COMPLEX,GO_CC,CD8,SF_vs_PB_CD8,-0.699801348,-0.347910624,0.822270081,0.933475725,5,3,SNX6/SNX2/SNX5,down,FALSE
GOCC_ENDOPLASMIC_RETICULUM_PLASMA_MEMBRANE_CONTACT_SITE,GOCC_ENDOPLASMIC_RETICULUM_PLASMA_MEMBRANE_CONTACT_SITE,GO_CC,CD8,SF_vs_PB_CD8,0.714666784,0.318843086,0.822687184,0.933475725,8,5,GRAMD1C/GRAMD1B/GRAMD1A/C2CD2L/C1orf43,up,FALSE
GOCC_ENDOPLASMIC_RETICULUM_EXIT_SITE,GOCC_ENDOPLASMIC_RETICULUM_EXIT_SITE,GO_CC,CD8,SF_vs_PB_CD8,-0.760958322,-0.238495601,0.824529949,0.933678032,24,11,TMED5/PDCD6IP/PREB/SEC24D/LRRK2/SAR1A/SEC23A/MIA3/SEC24C/SEC31A/SEC23B,down,FALSE
GOCC_MANCHETTE,GOCC_MANCHETTE,GO_CC,CD8,SF_vs_PB_CD8,-0.722946836,-0.282053431,0.825059789,0.933678032,11,7,MEIG1/STRBP/STK33/LZTFL1/IFT20/CCDC42/SPEF2,down,FALSE
GOCC_RNA_N6_METHYLADENOSINE_METHYLTRANSFERASE_COMPLEX,GOCC_RNA_N6_METHYLADENOSINE_METHYLTRANSFERASE_COMPLEX,GO_CC,CD8,SF_vs_PB_CD8,-0.715776807,-0.287520873,0.827309326,0.934980394,10,9,TRMT112/RBM15/ZC3H13/METTL14/METTL3/METTL5/METTL4/WTAP/CBLL1,down,FALSE
GOCC_U2_TYPE_SPLICEOSOMAL_COMPLEX,GOCC_U2_TYPE_SPLICEOSOMAL_COMPLEX,GO_CC,CD8,SF_vs_PB_CD8,-0.842318861,-0.193969713,0.831461968,0.938427235,102,23,PLRG1/PPIE/RNF113A/PRPF6/SF3A3/BCAS2/PPWD1/KIN/LSM4/MAGOHB/PRPF3/PRPF18/LSM3/SF3A1/SMU1/PRPF40B/LUC7L3/U2AF2/CDC40/SNRPD2/SNRPN/PRPF19/LSM5,down,FALSE
GOCC_AXONAL_GROWTH_CONE,GOCC_AXONAL_GROWTH_CONE,GO_CC,CD8,SF_vs_PB_CD8,0.72441132,0.262103435,0.835477259,0.941337379,17,9,L1CAM/KIF21A/MYO9A/TAOK2/EPHA4/TRAK2/TRPV2/NIN/MAPK8IP1,up,FALSE
GOCC_CYTOPLASMIC_STRESS_GRANULE,GOCC_CYTOPLASMIC_STRESS_GRANULE,GO_CC,CD8,SF_vs_PB_CD8,0.804790732,0.208167136,0.836252712,0.941337379,81,15,ANG/TRIM25/HABP4/ROCK1/LARP1/ZNFX1/ENDOV/PARP12/RC3H2/ATXN2L/FXR2/TRIM21/LARP4B/EIF2S1/FMR1,up,FALSE
GOCC_PROTON_TRANSPORTING_TWO_SECTOR_ATPASE_COMPLEX_CATALYTIC_DOMAIN,GOCC_PROTON_TRANSPORTING_TWO_SECTOR_ATPASE_COMPLEX_CATALYTIC_DOMAIN,GO_CC,CD8,SF_vs_PB_CD8,0.708786168,0.288417434,0.839814698,0.944098161,11,5,ATP6V1E1/ATP6V1D/ATP6V1B2/ATP6V1F/ATP6V1A,up,FALSE
GOCC_U2_TYPE_PRECATALYTIC_SPLICEOSOME,GOCC_U2_TYPE_PRECATALYTIC_SPLICEOSOME,GO_CC,CD8,SF_vs_PB_CD8,-0.790667811,-0.210399275,0.843786531,0.946844227,48,16,PRPF8/SNIP1/PRPF31/CWC22/CWC27/RNF113A/PRPF6/SF3A3/LSM4/MAGOHB/PRPF3/LSM3/SF3A1/SMU1/SNRPD2/LSM5,down,FALSE
GOCC_SMN_COMPLEX,GOCC_SMN_COMPLEX,GO_CC,CD8,SF_vs_PB_CD8,-0.705727966,-0.27533559,0.844482689,0.946844227,11,7,SMN1/GEMIN6/SMN2/GEMIN2/DDX20/GEMIN5/GEMIN4,down,FALSE
GOCC_IRON_SULFUR_CLUSTER_ASSEMBLY_COMPLEX,GOCC_IRON_SULFUR_CLUSTER_ASSEMBLY_COMPLEX,GO_CC,CD8,SF_vs_PB_CD8,-0.729190743,-0.243554474,0.848002417,0.949170405,19,7,CIAO1/BOLA1/NFS1/ISCU/CIAPIN1/ISCA2/FXN,down,FALSE
GOCC_REPLICATION_FORK,GOCC_REPLICATION_FORK,GO_CC,CD8,SF_vs_PB_CD8,0.790213574,0.209149819,0.848788106,0.949170405,71,32,RFC2/TREX1/PCNA/RPA3/CHEK1/MCM3/HMCES/BCL6/POLD3/BAZ1B/BRIP1/TIMELESS/MUS81/TYMS/RFC3/RPA4/POLD1/RFC5/ZMIZ2/TONSL/DONSON/MMS22L/EME2/XRCC2/MCM10/HLTF/TEX264/RAD18/POLD4/CARM1/EME1/WDHD1,up,FALSE
GOCC_ORIGIN_RECOGNITION_COMPLEX,GOCC_ORIGIN_RECOGNITION_COMPLEX,GO_CC,CD8,SF_vs_PB_CD8,0.680230754,0.303479716,0.857411713,0.9575556,8,4,MCM2/ORC6/LRWD1/ORC1,up,FALSE
GOCC_CUL5_RING_UBIQUITIN_LIGASE_COMPLEX,GOCC_CUL5_RING_UBIQUITIN_LIGASE_COMPLEX,GO_CC,CD8,SF_vs_PB_CD8,0.688683791,0.273382979,0.865297009,0.96294045,12,1,RBX1,up,FALSE
GOCC_INO80_COMPLEX,GOCC_INO80_COMPLEX,GO_CC,CD8,SF_vs_PB_CD8,-0.705078834,-0.246906102,0.865481943,0.96294045,16,3,NFRKB/UCHL5/RUVBL1,down,FALSE
GOCC_SIGNAL_PEPTIDASE_COMPLEX,GOCC_SIGNAL_PEPTIDASE_COMPLEX,GO_CC,CD8,SF_vs_PB_CD8,0.658927072,0.337782854,0.86666039,0.96294045,5,5,SEC11A/SPCS1/SEC11C/SPCS2/SPCS3,up,FALSE
GOCC_TRAPPIII_PROTEIN_COMPLEX,GOCC_TRAPPIII_PROTEIN_COMPLEX,GO_CC,CD8,SF_vs_PB_CD8,0.68298517,0.277918558,0.866759559,0.96294045,11,3,TRAPPC1/TRAPPC2L/TRAPPC4,up,FALSE
GOCC_SIGNAL_RECOGNITION_PARTICLE,GOCC_SIGNAL_RECOGNITION_PARTICLE,GO_CC,CD8,SF_vs_PB_CD8,0.666755227,0.297467714,0.869884498,0.965152161,8,1,BHLHE40-AS1,up,FALSE
GOCC_HISTONE_METHYLTRANSFERASE_COMPLEX,GOCC_HISTONE_METHYLTRANSFERASE_COMPLEX,GO_CC,CD8,SF_vs_PB_CD8,0.769709813,0.204694944,0.875562506,0.96970178,69,20,BOD1L1/TRIM37/EZH2/KMT2A/SUZ12/KMT2D/SETD1B/HCFC2/DPY30/PHF19/NCOA6/KMT2C/RCOR1/EED/INO80C/WDR5/KMT2B/EZH1/ZNF335/WDR82,up,FALSE
GOCC_INTERLEUKIN_5_RECEPTOR_COMPLEX,GOCC_INTERLEUKIN_5_RECEPTOR_COMPLEX,GO_CC,CD8,SF_vs_PB_CD8,0.648601217,0.332489557,0.876264005,0.96970178,5,3,IL5RA/TYK2/SDCBP,up,FALSE
GOCC_RQC_COMPLEX,GOCC_RQC_COMPLEX,GO_CC,CD8,SF_vs_PB_CD8,-0.641632239,-0.318991487,0.880248204,0.972228421,5,3,LTN1/TCF25/NEMF,down,FALSE
GOCC_SPINDLE_POLE_CENTROSOME,GOCC_SPINDLE_POLE_CENTROSOME,GO_CC,CD8,SF_vs_PB_CD8,0.672177655,0.26683063,0.881052271,0.972228421,12,5,AURKA/NUMA1/UBXN2B/TMEM201/CEP250,up,FALSE
GOCC_DNA_REPAIR_COMPLEX,GOCC_DNA_REPAIR_COMPLEX,GO_CC,CD8,SF_vs_PB_CD8,0.693616994,0.238093321,0.881974549,0.972228421,21,8,BRCA2/DCLRE1C/FANCI/RCOR1/MSH5/BRCA1/PALB2/FANCD2,up,FALSE
GOCC_PHOSPHATIDYLINOSITOL_3_KINASE_COMPLEX_CLASS_III,GOCC_PHOSPHATIDYLINOSITOL_3_KINASE_COMPLEX_CLASS_III,GO_CC,CD8,SF_vs_PB_CD8,0.657398927,0.283496939,0.884232707,0.972719169,9,2,ULK1/RB1CC1,up,FALSE
GOCC_CORE_MEDIATOR_COMPLEX,GOCC_CORE_MEDIATOR_COMPLEX,GO_CC,CD8,SF_vs_PB_CD8,0.705316808,0.230378226,0.884705801,0.972719169,26,6,MED25/MED16/MED31/MED26/MED20/MED14,up,FALSE
GOCC_MUSCLE_MYOSIN_COMPLEX,GOCC_MUSCLE_MYOSIN_COMPLEX,GO_CC,CD8,SF_vs_PB_CD8,-0.631319784,-0.313864586,0.889310617,0.976520432,5,2,MYH3/MYL5,down,FALSE
GOCC_RESPIRATORY_CHAIN_COMPLEX,GOCC_RESPIRATORY_CHAIN_COMPLEX,GO_CC,CD8,SF_vs_PB_CD8,-0.788789583,-0.190256909,0.891211906,0.976704537,78,20,NDUFV1/MT-CO2/MT-ND4L/UQCR10/MT-ATP6/UQCRFS1/MT-CYB/UQCRH/MT-ND3/NDUFB11/SDHC/MT-ND4/COX7C/MT-CO3/NDUFB5/COX15/COX4I1/NDUFB9/UQCRC2/COX7A2L,down,FALSE
GOCC_ATG1_ULK1_KINASE_COMPLEX,GOCC_ATG1_ULK1_KINASE_COMPLEX,GO_CC,CD8,SF_vs_PB_CD8,0.638182502,0.296054331,0.892921421,0.976704537,7,2,ULK1/RB1CC1,up,FALSE
GOCC_MHC_CLASS_IB_PROTEIN_COMPLEX,GOCC_MHC_CLASS_IB_PROTEIN_COMPLEX,GO_CC,CD8,SF_vs_PB_CD8,0.638179802,0.296053079,0.892921421,0.976704537,7,2,HLA-G/HLA-A,up,FALSE
GOCC_TELOMERASE_HOLOENZYME_COMPLEX,GOCC_TELOMERASE_HOLOENZYME_COMPLEX,GO_CC,CD8,SF_vs_PB_CD8,0.680919614,0.233734776,0.8942106,0.976859076,21,4,TEP1/SNRPB/NOP10/ACD,up,FALSE
GOCC_CYTOPLASMIC_SIDE_OF_ENDOPLASMIC_RETICULUM_MEMBRANE,GOCC_CYTOPLASMIC_SIDE_OF_ENDOPLASMIC_RETICULUM_MEMBRANE,GO_CC,CD8,SF_vs_PB_CD8,0.699522464,0.219166727,0.899713467,0.980976488,31,11,SQLE/SPTLC2/ITPR3/DNAJB2/HMGCR/DEGS1/SPPL3/CERS2/LSS/SPTSSA/SPPL2A,up,FALSE
GOCC_CARBOXY_TERMINAL_DOMAIN_PROTEIN_KINASE_COMPLEX,GOCC_CARBOXY_TERMINAL_DOMAIN_PROTEIN_KINASE_COMPLEX,GO_CC,CD8,SF_vs_PB_CD8,-0.682851872,-0.224799215,0.900347489,0.980976488,20,8,GTF2H2/GTF2H2C/GTF2H1/CDK12/RB1/CCNT1/GTF2H3/CCNH,down,FALSE
GOCC_TRAPP_COMPLEX,GOCC_TRAPP_COMPLEX,GO_CC,CD8,SF_vs_PB_CD8,0.65446569,0.249528654,0.902135359,0.980976488,14,4,TRAPPC1/TRAPPC6B/TRAPPC2L/TRAPPC4,up,FALSE
GOCC_ORGANELLE_ENVELOPE_LUMEN,GOCC_ORGANELLE_ENVELOPE_LUMEN,GO_CC,CD8,SF_vs_PB_CD8,-0.785204206,-0.186838295,0.902590588,0.980976488,84,30,CACYBP/APP/DIABLO/NDUFB7/THEM4/ARL2/AIFM1/CHCHD10/HAX1/NDUFA8/MICU2/TIMM21/TIMM8A/TRIAP1/CIAPIN1/SIRT5/MICU3/AGK/GATM/TIMM10B/TRAP1/RNASET2/NME4/COX4I1/OMA1/CD2AP/TIMM9/FGR/CMC1/SORL1,down,FALSE
GOCC_COPI_COATED_VESICLE,GOCC_COPI_COATED_VESICLE,GO_CC,CD8,SF_vs_PB_CD8,0.667737144,0.229209716,0.906796252,0.98429032,21,7,KDELR3/COPE/TMED7/SCYL1/COPG2/PACS1/COPB1,up,FALSE
GOCC_A_BAND,GOCC_A_BAND,GO_CC,CD8,SF_vs_PB_CD8,0.655265899,0.230374638,0.912681,0.989415964,19,6,ENO1/TTN/KAT2B/PPP1R12A/PPP2R5A/ALDOA,up,FALSE
GOCC_PRECATALYTIC_SPLICEOSOME,GOCC_PRECATALYTIC_SPLICEOSOME,GO_CC,CD8,SF_vs_PB_CD8,-0.755707851,-0.189306764,0.915211245,0.989748277,64,21,TXNL4B/PRPF8/SNIP1/PRPF31/CWC22/CWC27/SNRNP48/SNRNP40/RNF113A/PRPF6/SF3A3/LSM4/MAGOHB/SNRPA/PRPF3/USP39/LSM3/SF3A1/SMU1/SNRPD2/LSM5,down,FALSE
GOCC_DENSE_CORE_GRANULE,GOCC_DENSE_CORE_GRANULE,GO_CC,CD8,SF_vs_PB_CD8,-0.653171217,-0.228728975,0.915313624,0.989748277,16,7,APP/VPS13C/VPS13A/ADRB2/SYT5/OXT/RAP1B,down,FALSE
GOCC_TORC1_COMPLEX,GOCC_TORC1_COMPLEX,GO_CC,CD8,SF_vs_PB_CD8,0.605388578,0.29393806,0.916833088,0.98991418,6,1,LARP1,up,FALSE
GOCC_MIB_COMPLEX,GOCC_MIB_COMPLEX,GO_CC,CD8,SF_vs_PB_CD8,-0.627472504,-0.244804685,0.91779352300000006,0.98991418,11,6,CHCHD3/MTX3/CHCHD6/DNAJC11/HSPA9/APOOL,down,FALSE
GOCC_NLRP3_INFLAMMASOME_COMPLEX,GOCC_NLRP3_INFLAMMASOME_COMPLEX,GO_CC,CD8,SF_vs_PB_CD8,-0.605868979,-0.260068391,0.922561348,0.992588926,8,3,DHX33/NLRP1/CASP1,down,FALSE
GOCC_EXTERNAL_SIDE_OF_APICAL_PLASMA_MEMBRANE,GOCC_EXTERNAL_SIDE_OF_APICAL_PLASMA_MEMBRANE,GO_CC,CD8,SF_vs_PB_CD8,0.592555306,0.303758991,0.922606158,0.992588926,5,1,SLC7A5,up,FALSE
GOCC_SMN_SM_PROTEIN_COMPLEX,GOCC_SMN_SM_PROTEIN_COMPLEX,GO_CC,CD8,SF_vs_PB_CD8,0.631445815,0.225219439,0.928716115,0.993856453,18,4,SNRPB/SNRPG/FMR1/GEMIN8,up,FALSE
GOCC_SPERM_HEAD,GOCC_SPERM_HEAD,GO_CC,CD8,SF_vs_PB_CD8,-0.581272243,-0.288983137,0.930315372,0.993856453,5,4,ADAM29/WBP2NL/DNAJB1/DDX6,down,FALSE
GOCC_NONHOMOLOGOUS_END_JOINING_COMPLEX,GOCC_NONHOMOLOGOUS_END_JOINING_COMPLEX,GO_CC,CD8,SF_vs_PB_CD8,-0.590433038,-0.264201233,0.930617911,0.993856453,7,3,PRKDC/XRCC4/XRCC5,down,FALSE
GOCC_MICROVESICLE,GOCC_MICROVESICLE,GO_CC,CD8,SF_vs_PB_CD8,0.580112042,0.297380256,0.931569532,0.993856453,5,5,SNAPIN/BLOC1S5/PPFIA3/BLOC1S6/AP3B1,up,FALSE
GOCC_EXORIBONUCLEASE_COMPLEX,GOCC_EXORIBONUCLEASE_COMPLEX,GO_CC,CD8,SF_vs_PB_CD8,-0.662842196,-0.205491627,0.93192455,0.993856453,25,7,EXOSC2/C1D/DIS3L/EXOSC1/EXOSC5/PAN2/WDR74,down,FALSE
GOCC_WASH_COMPLEX,GOCC_WASH_COMPLEX,GO_CC,CD8,SF_vs_PB_CD8,0.583801714,0.283456857,0.932230911,0.993856453,6,1,DNAJC13,up,FALSE
GOCC_ALPHA_DNA_POLYMERASE_PRIMASE_COMPLEX,GOCC_ALPHA_DNA_POLYMERASE_PRIMASE_COMPLEX,GO_CC,CD8,SF_vs_PB_CD8,0.578706612,0.296659796,0.932850014,0.993856453,5,1,MCM3,up,FALSE
GOCC_CYTOPLASMIC_EXOSOME_RNASE_COMPLEX,GOCC_CYTOPLASMIC_EXOSOME_RNASE_COMPLEX,GO_CC,CD8,SF_vs_PB_CD8,0.613197305,0.233794224,0.934255312,0.993856453,14,3,CARHSP1/EXOSC10/EXOSC9,up,FALSE
GOCC_MALE_PRONUCLEUS,GOCC_MALE_PRONUCLEUS,GO_CC,CD8,SF_vs_PB_CD8,-0.58014132,-0.272688496,0.935162847,0.993856453,6,3,METTL23/TBP/CBX1,down,FALSE
GOCC_M_BAND,GOCC_M_BAND,GO_CC,CD8,SF_vs_PB_CD8,0.605166971,0.235279525,0.937136497,0.993856453,13,2,ENO1/TTN,up,FALSE
GOCC_CYCLIN_CDK_POSITIVE_TRANSCRIPTION_ELONGATION_FACTOR_COMPLEX,GOCC_CYCLIN_CDK_POSITIVE_TRANSCRIPTION_ELONGATION_FACTOR_COMPLEX,GO_CC,CD8,SF_vs_PB_CD8,0.582857206,0.260037257,0.937156353,0.993856453,8,2,SNW1/CDK13,up,FALSE
GOCC_TIM23_MITOCHONDRIAL_IMPORT_INNER_MEMBRANE_TRANSLOCASE_COMPLEX,GOCC_TIM23_MITOCHONDRIAL_IMPORT_INNER_MEMBRANE_TRANSLOCASE_COMPLEX,GO_CC,CD8,SF_vs_PB_CD8,0.610864896,0.228681823,0.938033349,0.993856453,15,6,ROMO1/TIMM17A/TIMM17B/TIMM23/DNAJC15/TIMM50,up,FALSE
GOCC_NUCLEAR_PORE_OUTER_RING,GOCC_NUCLEAR_PORE_OUTER_RING,GO_CC,CD8,SF_vs_PB_CD8,-0.591615385,-0.237646387,0.938966614,0.993856453,10,6,NUP160/AHCTF1/NUP107/SEH1L/SEC13/NUP133,down,FALSE
GOCC_NEURONAL_RIBONUCLEOPROTEIN_GRANULE,GOCC_NEURONAL_RIBONUCLEOPROTEIN_GRANULE,GO_CC,CD8,SF_vs_PB_CD8,-0.563695093,-0.280244547,0.943002751,0.996210178,5,3,EIF4EBP2/PQBP1/UHMK1,down,FALSE
GOCC_ENDOPLASMIC_RETICULUM_TUBULAR_NETWORK,GOCC_ENDOPLASMIC_RETICULUM_TUBULAR_NETWORK,GO_CC,CD8,SF_vs_PB_CD8,0.633719769,0.208761999,0.943531614,0.996210178,25,7,ATL3/REEP4/REEP5/RAB10/STIM1/TMEM201/RNF41,up,FALSE
GOCC_METHYLOSOME,GOCC_METHYLOSOME,GO_CC,CD8,SF_vs_PB_CD8,-0.602193332,-0.21893641,0.945201449,0.996736596,14,5,ERH/PRMT1/PRMT5/SNRPD2/WDR77,down,FALSE
GOCC_ANNULATE_LAMELLAE,GOCC_ANNULATE_LAMELLAE,GO_CC,CD8,SF_vs_PB_CD8,-0.556236604,-0.276536512,0.947907116,0.998352668,5,4,TNPO3/XPO1/RANBP2/EIF5A,down,FALSE
GOCC_U2_SNRNP,GOCC_U2_SNRNP,GO_CC,CD8,SF_vs_PB_CD8,-0.633857305,-0.19650585,0.951756252,1,25,3,SF3A1/SNRPD2/SNRPN,down,FALSE
GOCC_NURF_COMPLEX,GOCC_NURF_COMPLEX,GO_CC,CD8,SF_vs_PB_CD8,0.548894272,0.281377229,0.95250918,1,5,2,HMGXB4/BPTF,up,FALSE
GOCC_NUCLEAR_PORE_NUCLEAR_BASKET,GOCC_NUCLEAR_PORE_NUCLEAR_BASKET,GO_CC,CD8,SF_vs_PB_CD8,0.577968268,0.224705091,0.953758886,1,13,3,NUP153/MAD2L1/ENY2,up,FALSE
GOCC_MHC_CLASS_I_PROTEIN_COMPLEX,GOCC_MHC_CLASS_I_PROTEIN_COMPLEX,GO_CC,CD8,SF_vs_PB_CD8,0.55863843,0.240907429,0.954869446,1,9,2,HLA-G/HLA-A,up,FALSE
GOCC_BBSOME,GOCC_BBSOME,GO_CC,CD8,SF_vs_PB_CD8,0.549443799,0.245130123,0.957802871,1,8,1,BBS7,up,FALSE
GOCC_CIS_GOLGI_NETWORK_MEMBRANE,GOCC_CIS_GOLGI_NETWORK_MEMBRANE,GO_CC,CD8,SF_vs_PB_CD8,0.549978703,0.237173005,0.959065506,1,9,3,HLA-G/ATP2C1/GPR108,up,FALSE
GOCC_SAGA_TYPE_COMPLEX,GOCC_SAGA_TYPE_COMPLEX,GO_CC,CD8,SF_vs_PB_CD8,-0.65134093,-0.186089287,0.959691441,1,35,6,MAP3K7/TAF12/ZZZ3/SUPT20H/POLE3/KAT2A,down,FALSE
GOCC_GOLGI_MEDIAL_CISTERNA,GOCC_GOLGI_MEDIAL_CISTERNA,GO_CC,CD8,SF_vs_PB_CD8,-0.552392917,-0.221891087,0.961831891,1,10,3,GOSR1/HID1/ST3GAL1,down,FALSE
GOCC_PROTEIN_DNA_COMPLEX,GOCC_PROTEIN_DNA_COMPLEX,GO_CC,CD8,SF_vs_PB_CD8,-0.75439807,-0.169685938,0.963959962,1,118,25,MBTD1/BCAS2/KAT6B/RAD52/GLYR1/TERF2IP/RPRD2/NFE2L2/GTF2H3/HELB/RECQL5/XRCC5/MPHOSPH8/EPC1/RPRD1A/LEF1/MAX/RUVBL1/XPA/POLR2M/RPAP2/PRPF19/POLR2H/NPM1/RPA2,down,FALSE
GOCC_SYMMETRIC_SYNAPSE,GOCC_SYMMETRIC_SYNAPSE,GO_CC,CD8,SF_vs_PB_CD8,-0.533037874,-0.238518603,0.965167979,1,7,3,NLGN2/MKLN1/IQSEC3,down,FALSE
GOCC_MICROBODY_MEMBRANE,GOCC_MICROBODY_MEMBRANE,GO_CC,CD8,SF_vs_PB_CD8,0.657863432,0.181311264,0.966328323,1,57,8,FAR2/MAP2K2/SLC27A2/FIS1/TRIM37/FAR1/HMGCR/ACSL1,up,FALSE
GOCC_INTEGRATOR_COMPLEX,GOCC_INTEGRATOR_COMPLEX,GO_CC,CD8,SF_vs_PB_CD8,-0.562092476,-0.204357143,0.967021277,1,14,9,INTS9/INTS2/INTS6/INTS10/INTS5/INTS4/PPP2CA/INTS3/INTS8,down,FALSE
GOCC_NLS_DEPENDENT_PROTEIN_NUCLEAR_IMPORT_COMPLEX,GOCC_NLS_DEPENDENT_PROTEIN_NUCLEAR_IMPORT_COMPLEX,GO_CC,CD8,SF_vs_PB_CD8,-0.532020175,-0.22025106,0.968544322,1,9,5,KPNB1/KPNA5/KPNA3/MYBBP1A/SNUPN,down,FALSE
GOCC_METHYLTRANSFERASE_COMPLEX,GOCC_METHYLTRANSFERASE_COMPLEX,GO_CC,CD8,SF_vs_PB_CD8,-0.73425037,-0.168459895,0.969975508,1,104,25,METTL6/BOD1/THUMPD3/WTAP/MGA/RBBP4/THUMPD2/PRMT5/TRMT11/HDAC9/TRMT61B/TRMT61A/PAGR1/RNF2/TRMT10C/UTY/KAT8/TEX10/CBLL1/SNRPD2/MAX/RUVBL1/WDR77/PHF20/METTL1,down,FALSE
GOCC_INTAC_COMPLEX,GOCC_INTAC_COMPLEX,GO_CC,CD8,SF_vs_PB_CD8,-0.54971286,-0.204342547,0.970018513,1,13,9,INTS9/INTS2/INTS6/INTS10/INTS5/INTS4/PPP2CA/INTS3/INTS8,down,FALSE
GOCC_PTW_PP1_PHOSPHATASE_COMPLEX,GOCC_PTW_PP1_PHOSPHATASE_COMPLEX,GO_CC,CD8,SF_vs_PB_CD8,-0.526540056,-0.226016564,0.970832242,1,8,2,PRR3/PPP1CC,down,FALSE
GOCC_NUCLEOLAR_EXOSOME_RNASE_COMPLEX,GOCC_NUCLEOLAR_EXOSOME_RNASE_COMPLEX,GO_CC,CD8,SF_vs_PB_CD8,-0.528372111,-0.212242153,0.97237483,1,10,5,EXOSC3/EXOSC7/EXOSC2/EXOSC1/EXOSC5,down,FALSE
GOCC_TRANSCRIPTION_FACTOR_TFTC_COMPLEX,GOCC_TRANSCRIPTION_FACTOR_TFTC_COMPLEX,GO_CC,CD8,SF_vs_PB_CD8,-0.559677403,-0.189668188,0.973166162,1,18,4,TAF7/ATXN7/TAF12/KAT2A,down,FALSE
GOCC_SCAR_COMPLEX,GOCC_SCAR_COMPLEX,GO_CC,CD8,SF_vs_PB_CD8,0.517580235,0.223201479,0.974035731,1,9,2,WASF2/NCKAP1L,up,FALSE
GOCC_HFE_TRANSFERRIN_RECEPTOR_COMPLEX,GOCC_HFE_TRANSFERRIN_RECEPTOR_COMPLEX,GO_CC,CD8,SF_vs_PB_CD8,-0.505824624,-0.251473881,0.974475979,1,5,4,TFR2/B2M/BMPR1A/HFE,down,FALSE
GOCC_H4_HISTONE_ACETYLTRANSFERASE_COMPLEX,GOCC_H4_HISTONE_ACETYLTRANSFERASE_COMPLEX,GO_CC,CD8,SF_vs_PB_CD8,-0.62491932,-0.175132386,0.975438337,1,38,4,EPC1/KAT8/RUVBL1/PHF20,down,FALSE
GOCC_HAUS_COMPLEX,GOCC_HAUS_COMPLEX,GO_CC,CD8,SF_vs_PB_CD8,-0.51280299,-0.220119949,0.976355777,1,8,7,HAUS8/HAUS7/HAUS3/HAUS5/HAUS1/HAUS6/HAUS4,down,FALSE
GOCC_H4_H2A_HISTONE_ACETYLTRANSFERASE_COMPLEX,GOCC_H4_H2A_HISTONE_ACETYLTRANSFERASE_COMPLEX,GO_CC,CD8,SF_vs_PB_CD8,-0.573740343,-0.177868635,0.979340992,1,25,5,MBTD1/ACTG1/EPC1/KAT8/RUVBL1,down,FALSE
GOCC_NUCLEAR_REPLICATION_FORK,GOCC_NUCLEAR_REPLICATION_FORK,GO_CC,CD8,SF_vs_PB_CD8,-0.629211743,-0.170474837,0.979803794,1,44,6,HELB/REV1/ZRANB3/XPA/PRPF19/RPA2,down,FALSE
GOCC_EXOSOME_RNASE_COMPLEX,GOCC_EXOSOME_RNASE_COMPLEX,GO_CC,CD8,SF_vs_PB_CD8,-0.538506345,-0.177279742,0.982858742,1,20,6,EXOSC2/C1D/DIS3L/EXOSC1/EXOSC5/WDR74,down,FALSE
GOCC_POST_MRNA_RELEASE_SPLICEOSOMAL_COMPLEX,GOCC_POST_MRNA_RELEASE_SPLICEOSOMAL_COMPLEX,GO_CC,CD8,SF_vs_PB_CD8,-0.586564592,-0.168781986,0.983102656,1,34,8,SNRNP40/PLRG1/PPIE/CWF19L2/BCAS2/CDC40/SNRPD2/PRPF19,down,FALSE
GOCC_CCR4_NOT_COMPLEX,GOCC_CCR4_NOT_COMPLEX,GO_CC,CD8,SF_vs_PB_CD8,-0.503208483,-0.179376274,0.986996454,1,15,4,CNOT2/CNOT8/CNOT4/CNOT7,down,FALSE
GOCC_NUCLEOCYTOPLASMIC_TRANSPORT_COMPLEX,GOCC_NUCLEOCYTOPLASMIC_TRANSPORT_COMPLEX,GO_CC,CD8,SF_vs_PB_CD8,-0.484280351,-0.188939113,0.988064639,1,11,4,KPNA5/KPNA3/MYBBP1A/SNUPN,down,FALSE
GOCC_SAGA_COMPLEX,GOCC_SAGA_COMPLEX,GO_CC,CD8,SF_vs_PB_CD8,0.515361451,0.174903732,0.988497546,1,22,13,ATXN7L3/KAT2B/SUPT3H/ENY2/USP22/TAF10/TRRAP/TAF6/TADA3/TAF5L/TADA2A/TADA2B/SF3B3,up,FALSE
GOCC_SWR1_COMPLEX,GOCC_SWR1_COMPLEX,GO_CC,CD8,SF_vs_PB_CD8,-0.488902623,-0.177747875,0.990606609,1,14,7,VPS72/DMAP1/ACTR6/KAT5/RUVBL2/ING3/RUVBL1,down,FALSE
GOCC_NUCLEAR_SPECK,GOCC_NUCLEAR_SPECK,GO_CC,CD8,SF_vs_PB_CD8,0.748619157,0.160730668,0.993073172,1,346,43,S100A11/SFMBT2/LMNA/GRK5/SMC4/NDC80/GCNT1/POMP/LIMK1/IFI16/HSPA1A/SMC6/BARD1/BNIP3L/DENND1B/BMP2K/HABP4/CD2BP2/WBP4/SGK1/PIAS3/FIBP/SARNP/PRKACA/RMI2/RBM8A/PIN1/E2F7/ATXN2L/CDC34/PPP1R16B/TRIP12/PCBP1/SETD1B/INPPL1/BRD2/EPAS1/FANCG/SNW1/SAP30BP/ZNF821/HIPK1/SMURF2,up,FALSE
GOCC_NUCLEOSOME,GOCC_NUCLEOSOME,GO_CC,CD8,SF_vs_PB_CD8,0.502186045,0.156242634,0.994840445,1,32,7,MRGBP/ZNHIT1/ACTL6A/CENPA/KAT6A/MEAF6/SRCAP,up,FALSE
GOCC_MRNA_CLEAVAGE_FACTOR_COMPLEX,GOCC_MRNA_CLEAVAGE_FACTOR_COMPLEX,GO_CC,CD8,SF_vs_PB_CD8,-0.471418028,-0.151343376,0.996285499,1,22,9,CPSF4/CSTF2T/SCAF8/CPSF7/TUT1/CSNK1A1/CPSF6/SSU72/PCF11,down,FALSE
GOCC_MRNA_CLEAVAGE_AND_POLYADENYLATION_SPECIFICITY_FACTOR_COMPLEX,GOCC_MRNA_CLEAVAGE_AND_POLYADENYLATION_SPECIFICITY_FACTOR_COMPLEX,GO_CC,CD8,SF_vs_PB_CD8,0.434227455,0.157110338,0.996801781,1,17,6,NUDT21/CSTF2/CPSF1/ZC3H3/CPSF3/SYMPK,up,FALSE
GOCC_U12_TYPE_SPLICEOSOMAL_COMPLEX,GOCC_U12_TYPE_SPLICEOSOMAL_COMPLEX,GO_CC,CD8,SF_vs_PB_CD8,-0.572009684,-0.146725286,0.996807351,1,57,17,TXNL4B/PRPF8/SNIP1/PRPF31/CWC22/CWC27/SNRNP48/SNRNP40/PLRG1/RNF113A/PRPF6/PRPF3/USP39/RBM48/RNPC3/SNRPD2/YBX1,down,FALSE
GOCC_U12_TYPE_PRECATALYTIC_SPLICEOSOME,GOCC_U12_TYPE_PRECATALYTIC_SPLICEOSOME,GO_CC,CD8,SF_vs_PB_CD8,0.477801473,0.149699531,0.996964115,1,31,8,SNRPB/SNRPG/SNRNP25/SNRNP200/ZMAT5/PDCD7/DDX23/SART1,up,FALSE
GOCC_EXON_EXON_JUNCTION_COMPLEX,GOCC_EXON_EXON_JUNCTION_COMPLEX,GO_CC,CD8,SF_vs_PB_CD8,0.428954774,0.148913276,0.997759221,1,20,9,RBM8A/CCDC9/CASC3/SAP18/UPF1/ALYREF/R3HCC1L/RNPS1/ACIN1,up,FALSE
GOCC_ACETYLTRANSFERASE_COMPLEX,GOCC_ACETYLTRANSFERASE_COMPLEX,GO_CC,CD8,SF_vs_PB_CD8,-0.630406719,-0.144893872,0.997869523,1,103,18,ATXN7/MBTD1/ACTG1/KAT6B/NAA15/MAP3K7/TAF12/ZZZ3/SUPT20H/NAA16/PDHX/EPC1/KAT8/NAA25/RUVBL1/POLE3/PHF20/KAT2A,down,FALSE
GOCC_U12_TYPE_CATALYTIC_STEP_2_SPLICEOSOME,GOCC_U12_TYPE_CATALYTIC_STEP_2_SPLICEOSOME,GO_CC,CD8,SF_vs_PB_CD8,0.445374413,0.134146828,0.99925821,1,37,18,SNRPB/SNRPG/SNW1/ARMC7/SNRNP200/GPKOW/PPIL2/CWC15/CRIPT/DHX16/RBMX2/SF3B4/SF3B1/SF3B3/SNRPD3/SNRPD1/BUD13/CRNKL1,up,FALSE
GOCC_SIN3_TYPE_COMPLEX,GOCC_SIN3_TYPE_COMPLEX,GO_CC,CD8,SF_vs_PB_CD8,-0.408872239,-0.132780676,0.999345703,1,21,5,ING1/HDAC2/TET1/RBBP4/HDAC1,down,FALSE
GOCC_U2_TYPE_CATALYTIC_STEP_2_SPLICEOSOME,GOCC_U2_TYPE_CATALYTIC_STEP_2_SPLICEOSOME,GO_CC,CD8,SF_vs_PB_CD8,0.404379261,0.119763732,0.999899459,1,40,15,SNRPB/RBM8A/SNRPG/SNW1/CASC3/SNRNP200/SNRPA1/BUD31/DHX8/SNRPB2/CWC15/XAB2/CACTIN/SYF2/SLU7,up,FALSE
GOCC_HISTONE_ACETYLTRANSFERASE_COMPLEX,GOCC_HISTONE_ACETYLTRANSFERASE_COMPLEX,GO_CC,CD8,SF_vs_PB_CD8,0.503294987,0.12861771,0.999906386,1,87,22,MRGBP/ATXN7L3/YEATS2/EP300/KAT2B/KANSL3/ASF1B/WDR5/BRD1/ACTL6A/SUPT3H/ENY2/KAT6A/MEAF6/NASP/ING5/DR1/USP22/POTEE/MSL1/TAF10/HAT1,up,FALSE
GOCC_CATALYTIC_STEP_1_SPLICEOSOME,GOCC_CATALYTIC_STEP_1_SPLICEOSOME,GO_CC,CD8,SF_vs_PB_CD8,-0.393631484,-0.0986057008,1,1,64,12,SNRNP40/PLRG1/PPIE/SF3A3/BCAS2/PPWD1/KIN/MAGOHB/SF3A1/CDC40/SNRPD2/PRPF19,down,FALSE
