pathway_id,pathway_name,database,population,contrast,nes,enrichment_score,pvalue,padj,set_size,leading_edge_size,core_enrichment,direction,is_pooled_alias
WP_CYTOPLASMIC_RIBOSOMAL_PROTEINS,WP_CYTOPLASMIC_RIBOSOMAL_PROTEINS,WikiPathways,CD8,SF_vs_PB_CD8,-3.75093781,-0.889536678,3.805868919999999e-49,3.15887121e-46,86,75,FAU/RPL17/RPS10/RPL28/RPLP1/RPL41/RPL24/RPS4Y1/RPS19/RPL14/RPL10/RPL7A/RPS15A/RPS2/RPS27/RPL37A/RPL35A/RPS24/RPS15/RPS25/RPS27A/RPL38/RPS21/RPL35/RPL23A/RPS7/RPL12/RPL30/RPL36/RPL8/UBA52/RPL23/RPS9/RPL18/RPS28/RPS14/RPS16/RPL15/RPLP0/RPL27A/RPL11/RPS20/RPS11/RPL27/RPL39/RPS3/RPS4X/RPL31/RPL34/RPS23/RPL6/RPL13/RPL9/RPL13A/RPL19/RPSA/RPL18A/RPL29/RPL21/RPS5/RPS12/RPL4/RPLP2/RPL37/RPL32/RPL10A/RPL5/RPS8/RPS18/RPS6/RPL7/RPL22/RPS13/RPL3/RPS3A,down,FALSE
WP_22Q112_DISTAL_CNV,WP_22Q112_DISTAL_CNV,WikiPathways,CD8,SF_vs_PB_CD8,-2.51518333,-0.568753347,4.37450037e-12,1.81541765e-9,114,35,FAU/CD79A/SNRPD2/RPS10/CANX/PDIA4/RPS19/TP53/XBP1/RPS15A/RPS2/HSP90B1/RPS24/RPS15/RPS27A/RPS21/RPS7/HSPA5/RPS9/RPS28/RPS14/RPS16/RPS20/RPS11/ROPN1L/RPS3/RPS23/ERP29/RPSA/RPS5/RPS12/RPS8/RPS18/RPS6/RPS13,down,FALSE
WP_CALCIUM_REGULATION_IN_CARDIAC_CELLS,WP_CALCIUM_REGULATION_IN_CARDIAC_CELLS,WikiPathways,CD8,SF_vs_PB_CD8,2.17615923,0.558690346,1.25178536e-7,2.87377137e-5,85,34,YWHAH/CAMK1/RGS16/GRK5/ATP1B1/ADCY3/GNB4/PRKCD/FKBP1A/RGS1/RGS9/ATP2B1/RYR1/GNG5/GNAZ/GNB1/ATP2A3/PRKAR1A/ATP2A2/GNAI2/ITPR3/CALM2/PRKAR1B/GNAS/PRKACA/YWHAB/FXYD2/ITPR1/GNB5/GNAI3/ADCY7/SLC8A1/PKIA/ATP1B3,up,FALSE
WP_ALLOGRAFT_REJECTION,WP_ALLOGRAFT_REJECTION,WikiPathways,CD8,SF_vs_PB_CD8,2.2635599,0.610745363,1.38495006e-7,2.87377137e-5,64,34,VIM/HLA-DQA2/HLA-DMA/CXCL13/HLA-DRA/HLA-DMB/FASLG/HLA-DRB5/HLA-DRB1/HLA-DQA1/HLA-DPA1/HLA-DQB1/CD86/FAS/HLA-DPB1/IL10/C1QA/CASP3/CTLA4/GZMB/C1QB/CASP7/HLA-DOA/HLA-G/TNF/IL21/CD80/C1QC/FOXP3/TUBA1B/CASP9/IFNG/HLA-A/IL2RA,up,FALSE
WP_ALZHEIMERS_DISEASE,WP_ALZHEIMERS_DISEASE,WikiPathways,CD8,SF_vs_PB_CD8,1.87347334,0.428323998,8.78909343e-7,1.45898951e-4,191,71,CSF1/TUBB6/PSEN1/EIF2AK2/WNT10A/HRAS/FAS/VDAC1/MAPK3/GAPDH/PSMD8/MAP2K2/PSMA7/PPP3CA/KRAS/ATP2A3/APAF1/AKT3/BAD/PSMC1/ATP2A2/CAPN1/CASP3/TUBA1A/PSMB6/AKT1/ITPR3/CALM2/PSENEN/PSMC3/NRAS/WIPI1/CSNK2B/MAPK1/ITPR1/CASP7/TUBA1C/PPP3CB/TUBB4B/BID/ADAM17/TUBA4A/ADRM1/PSMC2/PSMB3/PIK3CD/TUBB2A/PSMD14/PSMA6/PSMD9/TNF/PPP3R1/SNCA/EIF2S1/PSMD1/CSNK1E/KIF5A/TUBA1B/PSMD7/TRAF2/KIF5B/CASP9/KLC2/PSMB1/ULK1/PSMB7/PIK3CB/RB1CC1/DVL3/RTN3/HSD17B10,up,FALSE
WP_ALZHEIMERS_DISEASE_AND_MIRNA_EFFECTS,WP_ALZHEIMERS_DISEASE_AND_MIRNA_EFFECTS,WikiPathways,CD8,SF_vs_PB_CD8,1.86847383,0.426892575,1.54499146e-6,2.13723818e-4,192,71,CSF1/TUBB6/PSEN1/EIF2AK2/WNT10A/HRAS/FAS/VDAC1/MAPK3/GAPDH/PSMD8/MAP2K2/PSMA7/PPP3CA/KRAS/ATP2A3/APAF1/AKT3/BAD/PSMC1/ATP2A2/CAPN1/CASP3/TUBA1A/PSMB6/AKT1/ITPR3/CALM2/PSENEN/PSMC3/NRAS/WIPI1/CSNK2B/MAPK1/ITPR1/CASP7/TUBA1C/PPP3CB/TUBB4B/BID/ADAM17/TUBA4A/ADRM1/PSMC2/PSMB3/PIK3CD/TUBB2A/PSMD14/PSMA6/PSMD9/TNF/PPP3R1/SNCA/EIF2S1/PSMD1/CSNK1E/KIF5A/TUBA1B/PSMD7/TRAF2/KIF5B/CASP9/KLC2/PSMB1/ULK1/PSMB7/PIK3CB/RB1CC1/DVL3/RTN3/HSD17B10,up,FALSE
WP_EBOLA_VIRUS_INFECTION_IN_HOST,WP_EBOLA_VIRUS_INFECTION_IN_HOST,WikiPathways,CD8,SF_vs_PB_CD8,1.97828605,0.488369998,3.90503769e-6,4.63025898e-4,109,41,ITGA2/HLA-DQA2/ACTN4/CTSB/HLA-DQB2/HLA-DMA/IQGAP1/IRF7/HLA-DRA/HLA-DMB/ITGA3/HLA-DRB5/HLA-DRB1/HLA-DQA1/HLA-DPA1/EIF2AK2/RAC1/RHOA/HLA-DQB1/EPS15/HLA-DPB1/ITGA1/MAPK3/RHOB/CTSL/GSN/ITGB1/TSG101/AKT1/TPCN2/MAPK1/ADAM17/HAVCR2/CLTC/HLA-DOA/PAK1/VAV2/EP300/HLA-G/PIK3CD/CLEC10A,up,FALSE
WP_EGFEGFR_SIGNALING,WP_EGFEGFR_SIGNALING,WikiPathways,CD8,SF_vs_PB_CD8,1.87152739,0.444618968,6.48780536e-6,6.73109806e-4,143,64,EIF4EBP1/RALGDS/AP2B1/IQGAP1/PRKCD/RAC1/JUN/HRAS/RALB/EPS15/MAP2K2/MAP4K1/NDUFA13/PLSCR1/MAP3K2/KRAS/TNK2/MEF2D/ROCK1/PIAS3/PLD2/RALA/AKT1/FOXO1/MAP3K3/JUND/ELK4/MAPK1/AURKA/CFL1/SP1/ASAP1/NEDD8/GRB10/ARF6/PAK1/VAV2/SH2D2A/PCNA/INPPL1/HGS/GAB2/CRK/ABL1/NCOA3/AP2A1/SOS2/PTK2B/ELK1/MYBL2/CAV1/E2F1/SRC/LIMK2/SOS1/RALBP1/RASA1/CRKL/MAPK7/RAB5A/STAMBP/AP2M1/STAM/NCK2,up,FALSE
WP_G_PROTEIN_SIGNALING,WP_G_PROTEIN_SIGNALING,WikiPathways,CD8,SF_vs_PB_CD8,2.03186869,0.545013564,9.30856557e-6,8.58456602e-4,66,30,PDE4A/ADCY3/GNA15/PRKCD/AKAP5/RHOA/HRAS/GNA13/GNG5/AKAP13/GNAZ/GNB1/PPP3CA/KRAS/PRKAR1A/GNAI2/RRAS/PRKAR1B/GNAS/PRKACA/NRAS/ITPR1/GNB5/GNAI3/PDE4B/AKAP9/ADCY7/AKAP11/PDE7B/PDE1B,up,FALSE
WP_CELL_INTERACTIONS_IN_PANCREATIC_CANCER_MICROENVIRONMENT,WP_CELL_INTERACTIONS_IN_PANCREATIC_CANCER_MICROENVIRONMENT,WikiPathways,CD8,SF_vs_PB_CD8,2.17546071,0.730316692,1.64196319e-5,0.00136282945,23,13,CXCR3/LAG3/CSF1/CCR5/CCL5/HLA-DRA/FASLG/HLA-DRB1/CD86/FAS/CCL2/CTLA4/CSF2,up,FALSE
WP_TRANSLATION_FACTORS,WP_TRANSLATION_FACTORS,WikiPathways,CD8,SF_vs_PB_CD8,-2.08530242,-0.549817743,1.83861532e-5,0.00138731883,50,16,EEF1D/EIF4A1/EIF3G/EIF3D/EIF4A2/EEF1G/EIF3F/PABPC1/EIF3H/EEF2/EIF4EBP3/EIF3E/EIF2S3/EIF4B/EEF1A1/EEF1B2,down,FALSE
WP_NETWORK_MAP_OF_SARSCOV2_SIGNALING,WP_NETWORK_MAP_OF_SARSCOV2_SIGNALING,WikiPathways,CD8,SF_vs_PB_CD8,1.75201001,0.402222074,2.09796001e-5,0.001451089,185,63,MX1/EIF4EBP1/CD2/CTSB/CTSD/CCR5/CXCL13/IFI6/CCL5/CTSZ/HLA-DRA/CCL3/ITGA3/HLA-DRB5/HLA-DRB1/AHR/RAC1/JUN/CCL4/TRIM59/CD8A/FN1/CDK1/IFIT1/GGH/IL10/IFI44L/TLE3/CTSL/GSN/IFIH1/CXCL16/CASP3/CCL2/AKT1/RRAS/LARP1/EGR1/IRF9/TNFSF10/BID/APOC1/IL1R2/IRAK1/IKBKG/DDIT4/RAP1GDS1/TNF/RHEB/ATP13A3/IL21/IFI27/TRAF2/CASP9/TRAF3/SERPINE1/IFNG/CD8B/OAS2/ULK1/GTSE1/IFITM3/NLRP3,up,FALSE
WP_GASTRIN_SIGNALING,WP_GASTRIN_SIGNALING,WikiPathways,CD8,SF_vs_PB_CD8,1.89599791,0.479519652,3.26186211e-5,0.0020825735,93,28,CDKN1A/EIF4EBP1/ANXA2/CD44/CDKN2A/PRKCD/RAC1/RHOA/JUN/HRAS/MAPK3/RHOB/KRAS/BAD/PRKD2/MEF2D/ROCK1/CASP3/ITGB1/AKT1/PRKACA/FOXO1/EGR1/MAPK1/SP1/KLF4/PPARG/PAK1,up,FALSE
WP_T_CELL_MODULATION_AND_DESMOPLASIA_IN_PANCREATIC_CANCER,WP_T_CELL_MODULATION_AND_DESMOPLASIA_IN_PANCREATIC_CANCER,WikiPathways,CD8,SF_vs_PB_CD8,2.02951184,0.597557123,4.0640516e-5,0.00234825284,41,25,LGALS1/PDCD1/LGALS3/PDGFA/LGALS9/FASLG/CD86/FAS/VDR/CD276/ENTPD1/IL10/ICOS/CTLA4/TIGIT/TNFSF4/HAVCR2/PVR/TNFRSF9/CD80/HLA-A/VEGFA/TNFRSF4/TNFSF9/VEGFB,up,FALSE
WP_BDNF_SIGNALING_IN_NEURODEVELOPMENT,WP_BDNF_SIGNALING_IN_NEURODEVELOPMENT,WikiPathways,CD8,SF_vs_PB_CD8,1.85647222,0.458941568,4.40759828e-5,0.00234825284,108,39,YWHAH/EIF4EBP1/ARHGAP35/PRKCD/LIMK1/MAPK11/RAC1/RHOA/JUN/HRAS/MAPK3/TIAM2/ARHGDIA/MAP2K2/IQGAP3/KRAS/APAF1/BAD/MAPKAPK2/TP73/ROCK1/AKT1/NRAS/MAP3K3/YWHAB/MAPK1/RAPGEF1/DIAPH1/CFL1/BCL2L11/PAK1/IKBKG/PIK3CD/NTRK2/CASP9/CRK/PARD6A/PIK3CG/YWHAE,up,FALSE
WP_SEROTONIN_RECEPTOR_2_AND_ELKSRFGATA4_SIGNALING,WP_SEROTONIN_RECEPTOR_2_AND_ELKSRFGATA4_SIGNALING,WikiPathways,CD8,SF_vs_PB_CD8,2.0867234,0.781604118,4.52675246e-5,0.00234825284,15,11,HRAS/MAPK3/MAP2K2/KRAS/RASGRP1/MAPKAPK2/NRAS/ELK4/MAPK1/ITPR1/SRF,up,FALSE
WP_TNFALPHA_SIGNALING,WP_TNFALPHA_SIGNALING,WikiPathways,CD8,SF_vs_PB_CD8,1.88334392,0.483515201,6.52452354e-5,0.00318550267,85,32,TXN/TRAF1/RAC1/JUN/HRAS/RIPK3/TANK/MAPK3/KRAS/APAF1/BAD/CASP3/CCL2/TAB2/AKT1/NRAS/MAP3K3/MAPK1/CASP7/BID/TAB3/GLUL/KSR1/IKBKG/TNF/CFLAR/CYBA/OTUD7B/TRAF2/RFFL/CASP9/BIRC3,up,FALSE
WP_OVERVIEW_OF_PROINFLAMMATORY_AND_PROFIBROTIC_MEDIATORS,WP_OVERVIEW_OF_PROINFLAMMATORY_AND_PROFIBROTIC_MEDIATORS,WikiPathways,CD8,SF_vs_PB_CD8,1.96160258,0.563660825,9.28298153e-5,0.00428048593,46,28,CCL4L2/CSF1/CXCL13/CCL5/CCL3/CCL23/CCL4/IL10/CXCL16/XCL1/CCL2/EBI3/CSF2/CCL18/SPP1/IL1RN/TNF/XCL2/IL26/IL21/IFNG/CCL3L3/VEGFA/IL17C/CCL17/IL13/IL7/TGFB1,up,FALSE
WP_HOSTPATHOGEN_INTERACTION_OF_HUMAN_CORONAVIRUSES_APOPTOSIS,WP_HOSTPATHOGEN_INTERACTION_OF_HUMAN_CORONAVIRUSES_APOPTOSIS,WikiPathways,CD8,SF_vs_PB_CD8,2.07327836,0.712243133,1.8920822e-4,0.00826541173,21,14,FASLG/MAPK11/MCL1/APAF1/BAD/CASP3/AKT1/CASP7/BID/BCL2L11/TNF/CASP9/BBC3/MAPK12,up,FALSE
WP_REGULATION_OF_ACTIN_CYTOSKELETON,WP_REGULATION_OF_ACTIN_CYTOSKELETON,WikiPathways,CD8,SF_vs_PB_CD8,1.78937307,0.450642577,2.16162801e-4,0.00835061455,96,44,PDGFA/EZR/IQGAP1/ARHGAP35/LIMK1/RAC1/F2R/RHOA/RASSF7/GNA13/FN1/ITGA1/MAPK3/MAP2K2/GSN/KRAS/PIP4K2C/ROCK1/RRAS/SSH1/NRAS/MAPK1/MAPK6/TMSB4X/DIAPH1/CFL1/MSN/PIP5K1C/PAK1/WASF2/PIK3CD/GIT1/CRK/PIK3CG/PPP1R12A/PIK3CB/SOS2/ROCK2/DIAPH3/RAC3/PAK4/PIP5KL1/ARPC5/SOS1,up,FALSE
WP_EFFECT_OF_OMEGA3_PUFA_ON_HUNTINGTONS_DISEASE_PATHWAYS,WP_EFFECT_OF_OMEGA3_PUFA_ON_HUNTINGTONS_DISEASE_PATHWAYS,WikiPathways,CD8,SF_vs_PB_CD8,1.82597453,0.467793662,2.17401409e-4,0.00835061455,86,32,EIF4EBP1/ABCG1/AHI1/SREBF2/HRAS/MAPK3/MAP2K2/AKT3/BAD/C1QA/CASP3/NR1H2/AKT1/MAPK1/ITPR1/HTT/CASP7/SP1/BID/PIK3R6/CKB/BCL2L11/PIK3CD/PRKAG1/RHEB/HMGCR/NTRK2/KIF5A/PIK3CG/PIK3CB/PRKAB2/ELK1,up,FALSE
WP_VITAMIN_D_RECEPTOR_PATHWAY,WP_VITAMIN_D_RECEPTOR_PATHWAY,WikiPathways,CD8,SF_vs_PB_CD8,1.79715107,0.454520151,2.32065226e-4,0.00835061455,93,30,CDKN1A/HLA-DQA2/CD9/S100A6/LGALS9/CDKN2A/HLA-DRB1/DUSP10/HLA-DQA1/ATP2B1/VDR/RXRA/TIMP2/CEACAM1/CDKN2C/S100A2/RASGRP1/S100A4/CTLA4/FOXO1/CDKN2B/CLPTM1L/TNFSF4/MYO9B/CDK2/SPP1/SLC8A1/CDC34/KLF4/EFNA5,up,FALSE
WP_P53_TRANSCRIPTIONAL_GENE_NETWORK,WP_P53_TRANSCRIPTIONAL_GENE_NETWORK,WikiPathways,CD8,SF_vs_PB_CD8,1.8233095,0.477894216,2.36227913e-4,0.00835061455,75,31,CDKN1A/DDB2/NOTCH1/ISG15/FASLG/FAS/ULBP2/SLC2A1/APAF1/SCO2/PML/PERP/XPC/CCL2/CDK2/IRF9/POLK/AURKA/E2F7/TP53INP1/DDIT4/PCNA/MLH1/PRKAG1/TNF/SIVA1/SERPINE1/ULK1/BBC3/PRKAB2/TP53I3,up,FALSE
WP_IL18_SIGNALING,WP_IL18_SIGNALING,WikiPathways,CD8,SF_vs_PB_CD8,1.6511622,0.377024024,2.41463553e-4,0.00835061455,193,57,RGS16/PTPN7/ITM2C/PTMS/SDC4/TNIP3/CCL5/PRKCD/CCL3/FASLG/TRAF1/JUN/CCL4/ZC3H12A/RUSC1/FAS/ULBP2/FN1/MAPK3/IL10/ZBTB7A/LRRFIP1/ENO1/CD81/NCAPH2/STK40/BAD/LMNB2/PLOD3/CXCL16/CASP3/CCL2/CENPB/HDGF/NSMF/MAPK1/TMSB4X/CCL18/COX17/SPP1/SP1/BID/GRN/ATF3/IRAK1/ARF6/FAM110A/RANGAP1/PPP1R13L/NCF1/TNF/CFLAR/DEK/BSG/CCDC9/BIRC3/IFNG,up,FALSE
WP_UROTENSINIIMEDIATED_SIGNALING,WP_UROTENSINIIMEDIATED_SIGNALING,WikiPathways,CD8,SF_vs_PB_CD8,1.88208013,0.525975075,2.60429383e-4,0.00864625551,53,22,RHOA/FN1/CDK1/MAPK3/NCF4/FSCN1/CASP3/AKT1/PRKACA/CDK2/MAPK1/GSK3A/AIFM2/EP300/PCNA/ESPL1/NCF1/TNF/VCAM1/CYBA/CASP9/HSPA2,up,FALSE
WP_MEASLES_VIRUS_INFECTION,WP_MEASLES_VIRUS_INFECTION,WikiPathways,CD8,SF_vs_PB_CD8,1.76043526,0.436325444,2.90009921e-4,0.00899772889,106,42,MX1/OAS3/IL2RB/IRF7/FASLG/OAS1/HSPA1A/EIF2AK2/JUN/FAS/APAF1/BAD/TP73/IFIH1/CASP3/TAB2/BAK1/CDK2/CSNK2B/IRF9/BID/MSN/IRAK1/IKBKG/PIK3CD/EIF2S1/JAK3/CASP9/TRAF3/HSPA2/OAS2/PIK3CB/IL2RA/BBC3/CDK6/CCND2/MYD88/IL2RG/CSNK2A2/CCNE2/PIK3CA/NFKB2,up,FALSE
WP_GLUCOSE_METABOLISM_IN_TRIPLENEGATIVE_BREAST_CANCER_CELLS,WP_GLUCOSE_METABOLISM_IN_TRIPLENEGATIVE_BREAST_CANCER_CELLS,WikiPathways,CD8,SF_vs_PB_CD8,1.91284271,0.853551165,2.93685756e-4,0.00899772889,8,4,PKM/PFKP/LDHA/SLC2A1,up,FALSE
WP_MYOMETRIAL_RELAXATION_AND_CONTRACTION_PATHWAYS,WP_MYOMETRIAL_RELAXATION_AND_CONTRACTION_PATHWAYS,WikiPathways,CD8,SF_vs_PB_CD8,1.7595655,0.438028336,3.06349085e-4,0.00899772889,103,31,YWHAH/RGS16/GRK5/ADCY3/GNB4/PRKCD/RGS1/RGS9/RYR1/JUN/GNG5/GNB1/ATP2A3/PRKAR1A/ATP2A2/ITPR3/CALM2/PRKAR1B/GNAS/PRKACA/YWHAB/PLCD1/ITPR1/GNB5/PDE4B/ADCY7/SP1/SLC8A1/ATF3/PKIA/IGFBP6,up,FALSE
WP_ENVELOPE_PROTEINS_AND_THEIR_POTENTIAL_ROLES_IN_EDMD_PHYSIOPATHOLOGY,WP_ENVELOPE_PROTEINS_AND_THEIR_POTENTIAL_ROLES_IN_EDMD_PHYSIOPATHOLOGY,WikiPathways,CD8,SF_vs_PB_CD8,1.93062712,0.580620521,3.18353943e-4,0.00899772889,37,18,PLEC/ADCY3/TMEM43/RHOA/HRAS/MAPK3/SYNE3/MAP2K2/KRAS/SUN1/NRAS/MAPK1/CFL1/ADCY7/SYNE2/SRF/MAP3K9/KIF5B,up,FALSE
WP_AGERAGE_PATHWAY,WP_AGERAGE_PATHWAY,WikiPathways,CD8,SF_vs_PB_CD8,1.8569812,0.5172831,3.25219116e-4,0.00899772889,54,17,LGALS3/EZR/PRKCD/RAC1/RHOA/JUN/MAPK3/ROCK1/CASP3/AKT1/MSR1/FOXO1/MAPK1/DIAPH1/SP1/MSN/NCF1,up,FALSE
WP_MET_IN_TYPE_1_PAPILLARY_RENAL_CELL_CARCINOMA,WP_MET_IN_TYPE_1_PAPILLARY_RENAL_CELL_CARCINOMA,WikiPathways,CD8,SF_vs_PB_CD8,1.87407142,0.529871381,3.43788881e-4,0.00920467004,50,27,CDKN1A/RAC1/JUN/HRAS/MAPK3/MAP2K2/KRAS/AKT3/BAD/AKT1/NRAS/MAPK1/RAPGEF1/TFE3/PAK1/PIK3CD/JAK3/CRK/PIK3CB/SOS2/ETS1/PAK4/SRC/SOS1/INSL3/PIK3CA/CRKL,up,FALSE
WP_PANCREATIC_ADENOCARCINOMA_PATHWAY,WP_PANCREATIC_ADENOCARCINOMA_PATHWAY,WikiPathways,CD8,SF_vs_PB_CD8,1.78881901,0.46304332,4.38658332e-4,0.0113777005,81,33,CDKN1A/DDB2/RALGDS/DUSP6/CDKN2A/PRKCD/RAC1/RHOA/RALB/MAPK3/MAP2K2/BRCA2/KRAS/AKT3/BAD/GADD45G/RALA/AKT1/BAK1/MAPK1/POLK/PAK1/E2F2/IKBKG/PIK3CD/CASP9/RAD51/PIK3CB/RAC3/CDK6/VEGFA/PAK4/E2F1,up,FALSE
WP_HEPATITIS_B_INFECTION,WP_HEPATITIS_B_INFECTION,WikiPathways,CD8,SF_vs_PB_CD8,1.71353728,0.41640328,4.66095324e-4,0.011669198,121,41,CDKN1A/DDB2/IRF7/FASLG/MAPK11/JUN/HRAS/FAS/MAPK3/MAP2K2/KRAS/APAF1/AKT3/BAD/IFIH1/CASP3/TAB2/AKT1/NRAS/YWHAB/MAPK1/BID/IRAK1/IKBKG/EP300/PCNA/PIK3CD/TNF/JAK3/CASP9/TRAF3/EGR2/PIK3CB/SOS2/PTK2B/MAPK12/ELK1/MYD88/SRC/MAP2K4/SOS1,up,FALSE
WP_SMALL_CELL_LUNG_CANCER,WP_SMALL_CELL_LUNG_CANCER,WikiPathways,CD8,SF_vs_PB_CD8,1.80369593,0.477572491,4.91665477e-4,0.011669198,71,28,CDKN1A/ITGA2/DDB2/ITGA3/TRAF1/CKS1B/FN1/RXRA/APAF1/AKT3/CASP3/ITGB1/CKS2/GADD45G/AKT1/CDKN2B/BAK1/CDK2/ZBTB17/POLK/BID/E2F2/IKBKG/PIK3CD/TRAF2/CASP9/TRAF3/BIRC3,up,FALSE
WP_INTEGRATED_BREAST_CANCER_PATHWAY,WP_INTEGRATED_BREAST_CANCER_PATHWAY,WikiPathways,CD8,SF_vs_PB_CD8,1.67932624,0.403027871,4.92074616e-4,0.011669198,133,50,APOBEC3G/SMAD7/AHR/ANXA1/RAC1/JUN/PLK3/BARD1/WEE1/BRCA2/KRAS/BMPR2/JAKMIP1/PML/NAB1/BAD/CASP3/DAG1/RALA/AKT1/RRAS/ZMIZ1/FOXO1/BAK1/CDK2/RASGEF1A/MAPK1/GSK3A/AURKA/SP1/BID/GRN/PKIA/PAK1/EP300/CHEK1/RHEB/HMGCR/RASGRP3/CASP9/ABL1/NCOA3/RAD51/BRCA1/ODC1/VEGFA/E2F1/BACH1/STK11/RAD54L,up,FALSE
WP_TNFRELATED_WEAK_INDUCER_OF_APOPTOSIS_TWEAK_SIGNALING,WP_TNFRELATED_WEAK_INDUCER_OF_APOPTOSIS_TWEAK_SIGNALING,WikiPathways,CD8,SF_vs_PB_CD8,1.89490185,0.566554135,5.18117395e-4,0.0119454844,38,16,CCL5/TRAF1/RAC1/JUN/MAPK3/TNFRSF12A/CASP3/CCL2/AKT1/MAPK1/CASP7/TNFSF12/TNF/TRAF2/TRAF3/BIRC3,up,FALSE
WP_GLYCOLYSIS_AND_GLUCONEOGENESIS,WP_GLYCOLYSIS_AND_GLUCONEOGENESIS,WikiPathways,CD8,SF_vs_PB_CD8,1.90106272,0.590912602,6.10697382e-4,0.0134249899,32,14,PKM/PFKP/LDHA/ENO2/MPC1/PGK1/SLC2A1/GAPDH/MPC2/ENO1/PGAM1/TPI1/PFKL/GPI,up,FALSE
WP_NF1_COPY_NUMBER_VARIATION_SYNDROME,WP_NF1_COPY_NUMBER_VARIATION_SYNDROME,WikiPathways,CD8,SF_vs_PB_CD8,1.80383295,0.483846929,6.21484232e-4,0.0134249899,66,28,LIMK1/EVI2B/RHOA/RAB11A/MAPK3/MAP3K2/MCL1/RFC2/RAB11FIP4/MAPK1/CFL1/ARF6/SUZ12/PCNA/EXOC5/USP1/RAD51/EED/COPRS/ROCK2/CCNA2/POLRMT/SOS1/CCNE2/EVI2A/EXOC7/ADAP2/EZH1,up,FALSE
WP_MELANOMA,WP_MELANOMA,WikiPathways,CD8,SF_vs_PB_CD8,1.80681151,0.498179199,6.30812778e-4,0.0134249899,57,22,CDKN1A/DDB2/CDKN2A/RAC1/RHOA/HRAS/MAPK3/MAP2K2/RHOB/KRAS/AKT3/BAD/GADD45G/AKT1/CALM2/BAK1/NRAS/MAPK1/POLK/PAK1/E2F2/PIK3CD,up,FALSE
WP_GPCRS_CLASS_A_RHODOPSINLIKE,WP_GPCRS_CLASS_A_RHODOPSINLIKE,WikiPathways,CD8,SF_vs_PB_CD8,-1.78883756,-0.441952408,6.73219335e-4,0.0139693012,69,19,HTR6/CXCR1/F2RL1/GPR15/PTGDR2/GPR65/LPAR6/PTGDR/CCR10/CXCR2/CX3CR1/PTGER2/HRH2/CNR2/CCR9/CCR6/P2RY14/CMKLR1/NMUR1,down,FALSE
WP_INSULIN_SIGNALING,WP_INSULIN_SIGNALING,WikiPathways,CD8,SF_vs_PB_CD8,1.65564846,0.395971176,7.1330916e-4,0.0141234064,136,54,MYO1C/EIF4EBP1/PRKCD/SOCS1/MAPK11/RAC1/JUN/HRAS/SLC2A1/MAPK3/MAP2K2/MAP4K1/KIF3A/MAP3K2/SGK1/AKT1/ARHGAP33/FOXO1/PTPRF/STXBP2/MAP3K3/EGR1/MAPK1/MAPK6/PFKL/GSK3A/RAPGEF1/GRB10/ARF6/CAP1/PIK3CD/INPPL1/SRF/RHEB/MAP3K9/KIF5B/CRK/PIK3CG/GYG1/PIK3CB/TRIB3/SOS2/STXBP3/MAPK12/ELK1/MAP2K4/SOS1/STX4/MAP3K10/PIK3CA/MAPK7/TSC2/TBC1D4/RPS6KA4,up,FALSE
WP_PTDINS45P2_IN_CYTOKINESIS_PATHWAY,WP_PTDINS45P2_IN_CYTOKINESIS_PATHWAY,WikiPathways,CD8,SF_vs_PB_CD8,1.88882845,0.815184031,7.14678395e-4,0.0141234064,9,8,EZR/RACGAP1/RHOA/RAB35/MSN/ANLN/KIF23/AFAP1,up,FALSE
WP_OXIDATIVE_DAMAGE_RESPONSE,WP_OXIDATIVE_DAMAGE_RESPONSE,WikiPathways,CD8,SF_vs_PB_CD8,1.88831481,0.574952493,7.56722216e-4,0.0146064986,35,16,CDKN1A/TRAF1/APAF1/TNK2/BAD/C1QA/CASP3/BAK1/C1QB/PCNA/TNF/MAP3K9/C1QC/TRAF2/CASP9/TRAF3,up,FALSE
WP_INTERACTIONS_BETWEEN_IMMUNE_CELLS_AND_MICRORNAS_IN_TUMOR_MICROENVIRONMENT,WP_INTERACTIONS_BETWEEN_IMMUNE_CELLS_AND_MICRORNAS_IN_TUMOR_MICROENVIRONMENT,WikiPathways,CD8,SF_vs_PB_CD8,1.90728523,0.615734525,7.85935177e-4,0.0146423961,27,19,PDCD1/IL2RB/CCL5/SOCS1/CD86/PIAS3/CCL2/CTLA4/IL4R/CD80/IL2RA/IL2RG/NFKB2/TGFB1/STAT3/TGFBR2/IL4/NFKB1/CXCL10,up,FALSE
WP_PHOTODYNAMIC_THERAPYINDUCED_AP1_SURVIVAL_SIGNALING,WP_PHOTODYNAMIC_THERAPYINDUCED_AP1_SURVIVAL_SIGNALING,WikiPathways,CD8,SF_vs_PB_CD8,1.83253724,0.528844389,8.06717155e-4,0.0146423961,45,20,CDKN1A/BCL3/CDKN2A/FASLG/MAPK11/JUN/FAS/MCL1/BAK1/BMF/TNFSF10/BID/BCL2L11/TNF/CFLAR/TRAF2/IFNG/MAPK12/CCNA2/ELK1,up,FALSE
WP_MACROPHAGE_MARKERS,WP_MACROPHAGE_MARKERS,WikiPathways,CD8,SF_vs_PB_CD8,1.85677604,0.828533024,8.25991189e-4,0.0146423961,8,3,CD74/CD68/CD86,up,FALSE
WP_METABOLIC_EPILEPTIC_DISORDERS,WP_METABOLIC_EPILEPTIC_DISORDERS,WikiPathways,CD8,SF_vs_PB_CD8,1.76604219,0.472615862,8.29147732e-4,0.0146423961,67,19,SLC1A5/PKM/PFKP/GLUD1/LDHA/ENO2/MPC1/GLDC/PGK1/SLC2A1/GAPDH/MPC2/ENO1/ASL/SLC25A1/PGAM1/TPI1/SUOX/PFKL,up,FALSE
WP_NANOPARTICLEMEDIATED_ACTIVATION_OF_RECEPTOR_SIGNALING,WP_NANOPARTICLEMEDIATED_ACTIVATION_OF_RECEPTOR_SIGNALING,WikiPathways,CD8,SF_vs_PB_CD8,1.89404636,0.629493491,8.62158154e-4,0.0149081514,24,15,MAPK11/HRAS/FN1/ITGA1/MAP2K2/KRAS/AKT3/ITGB1/TLN1/NRAS/MAPK1/PIK3CD/MAPK12/SRC/SOS1,up,FALSE
WP_INTEGRINMEDIATED_CELL_ADHESION,WP_INTEGRINMEDIATED_CELL_ADHESION,WikiPathways,CD8,SF_vs_PB_CD8,1.75257169,0.459353651,9.13414596e-4,0.0153097692,75,36,ITGA2/ITGA3/ILK/CAPNS1/RAC1/HRAS/ZYX/ITGA1/MAP2K2/AKT3/ROCK1/CAPN1/ITGB1/ITGAE/TLN1/AKT1/MAPK1/MAPK6/ITGAD/RAPGEF1/ITGAX/PAK1/VAV2/CRK/ROCK2/RAC3/MAPK12/PAK4/CAPN2/CAV1/SRC/SOS1/CAPN10/ITGA7/MAPK7/ITGAV,up,FALSE
WP_NSP1_FROM_SARSCOV2_INHIBITS_TRANSLATION_INITIATION_IN_THE_HOST_CELL,WP_NSP1_FROM_SARSCOV2_INHIBITS_TRANSLATION_INITIATION_IN_THE_HOST_CELL,WikiPathways,CD8,SF_vs_PB_CD8,-1.96535636,-0.688276837,9.22275253e-4,0.0153097692,16,8,EIF3I/EIF1AX/EIF3G/EIF3D/EIF3F/EIF3H/EIF3E/EIF2S3,down,FALSE
WP_APOPTOSIS_MODULATION_AND_SIGNALING,WP_APOPTOSIS_MODULATION_AND_SIGNALING,WikiPathways,CD8,SF_vs_PB_CD8,1.74802277,0.455955996,9.72838964e-4,0.0157146323,77,29,CDKN2A/FASLG/CAPNS1/HSPA1A/JUN/PEA15/FAS/MAPK3/TOLLIP/MCL1/APAF1/BAD/CASP3/CASP6/BAK1/BMF/HTRA2/CASP7/TNFSF10/BIK/BID/AIFM2/IL1R2/IRAK1/BCL2L11/CFLAR/CASP9/TRAF3/BIRC3,up,FALSE
WP_UTERINE_NATURAL_KILLER_CELLS_AND_PROGESTERONE_ESTROGEN_AND_CHORIONIC_GONADOTROPIN,WP_UTERINE_NATURAL_KILLER_CELLS_AND_PROGESTERONE_ESTROGEN_AND_CHORIONIC_GONADOTROPIN,WikiPathways,CD8,SF_vs_PB_CD8,1.84340671,0.548409821,9.8453118e-4,0.0157146323,39,20,CXCR3/IL2RB/CCL5/CCL3/MAPK11/CCL4/MAPK3/IL10/MCL1/CCL2/KIR2DL4/HLA-G/TNF/VCAM1/JAK3/IFNG/NR3C1/VEGFA/MAP2K4/IL2RG,up,FALSE
WP_CHEMOKINE_SIGNALING,WP_CHEMOKINE_SIGNALING,WikiPathways,CD8,SF_vs_PB_CD8,1.65032268,0.399777133,0.00117182218,0.0183511776,124,46,CXCR3/GRK5/ADCY3/GNB4/CXCL13/CCL5/PRKCD/CCL3/RAC1/CCL4/HRAS/GNG5/MAPK3/DOCK2/TIAM2/PREX1/GNB1/KRAS/AKT3/ROCK1/CXCL16/XCL1/GNAI2/AKT1/CXCR6/NRAS/MAPK1/GNB5/GNAI3/ADCY7/PRKX/PAK1/VAV2/IKBKG/PIK3CD/NCF1/JAK3/CRK/PIK3CG/GNG2/PIK3CB/SOS2/HCK/ROCK2/PTK2B/CCR4,up,FALSE
WP_CAMKK2_PATHWAY,WP_CAMKK2_PATHWAY,WikiPathways,CD8,SF_vs_PB_CD8,1.70315944,0.436329849,0.00129406445,0.0198804678,86,28,OASL/CAMK1/CYB5R3/ATP10D/CCL5/MAMDC2/SPINT1/RAC1/SLC2A1/MAPK3/IFI44L/PCK2/RASGRP1/FIS1/FASN/PFKFB3/MAPK1/SLC38A5/FAM20C/PAK1/EP300/ACACA/CAMKK2/SFI1/TNF/VCAM1/GIT1/WDR35,up,FALSE
WP_AEROBIC_GLYCOLYSIS_AUGMENTED,WP_AEROBIC_GLYCOLYSIS_AUGMENTED,WikiPathways,CD8,SF_vs_PB_CD8,1.8730227,0.761864828,0.0013173804,0.0198804678,11,8,PKM/LDHA/PGK1/SLC2A1/GAPDH/ENO1/TPI1/GPI,up,FALSE
WP_NANOMATERIAL_INDUCED_APOPTOSIS,WP_NANOMATERIAL_INDUCED_APOPTOSIS,WikiPathways,CD8,SF_vs_PB_CD8,1.88307697,0.65476789,0.00135983264,0.0201546623,20,11,FASLG/FAS/APAF1/CASP3/CASP6/BAK1/HTRA2/CASP7/BID/CFLAR/CASP9,up,FALSE
WP_CORI_CYCLE,WP_CORI_CYCLE,WikiPathways,CD8,SF_vs_PB_CD8,1.87321248,0.744116617,0.00145450628,0.0211796528,12,8,PFKP/LDHA/PGK1/SLC2A1/GAPDH/PGAM1/TPI1/GPI,up,FALSE
WP_CHROMOSOMAL_AND_MICROSATELLITE_INSTABILITY_IN_COLORECTAL_CANCER,WP_CHROMOSOMAL_AND_MICROSATELLITE_INSTABILITY_IN_COLORECTAL_CANCER,WikiPathways,CD8,SF_vs_PB_CD8,1.72319086,0.463634044,0.00153455138,0.0219599595,65,20,CDKN1A/DDB2/RALGDS/RAC1/RHOA/JUN/RALB/MAPK3/KRAS/AKT3/BAD/CASP3/GADD45G/RALA/AKT1/BAK1/MAPK1/POLK/BCL2L11/MLH1,up,FALSE
WP_SARSCOV2_INNATE_IMMUNITY_EVASION_AND_CELLSPECIFIC_IMMUNE_RESPONSE,WP_SARSCOV2_INNATE_IMMUNITY_EVASION_AND_CELLSPECIFIC_IMMUNE_RESPONSE,WikiPathways,CD8,SF_vs_PB_CD8,1.7674836,0.499734946,0.00158797721,0.0223393404,50,20,MX1/LAG3/CXCL13/CCL5/IRF7/CCL3/CCL4/TANK/IL10/TRIM25/CCL2/DHX58/LARP1/CSF2/HAVCR2/EP300/TNF/BSG/TRAF2/TRAF3,up,FALSE
WP_INTRAFLAGELLAR_TRANSPORT_PROTEINS_BINDING_TO_DYNEIN,WP_INTRAFLAGELLAR_TRANSPORT_PROTEINS_BINDING_TO_DYNEIN,WikiPathways,CD8,SF_vs_PB_CD8,1.85304257,0.63658449,0.00166857858,0.0230820037,21,11,DYNLL1/DYNLRB1/DYNC1I2/DYNC2H1/DYNC1H1/IFT81/DYNC1LI2/DYNC1LI1/WDR35/DYNLT1/DYNLT3,up,FALSE
WP_CLEAR_CELL_RENAL_CELL_CARCINOMA_PATHWAYS,WP_CLEAR_CELL_RENAL_CELL_CARCINOMA_PATHWAYS,WikiPathways,CD8,SF_vs_PB_CD8,1.69881492,0.453338868,0.00197248071,0.026838672,68,37,CAMK1/PKM/PFKP/LDHA/ENO2/PGK1/SLC2A1/GAPDH/ENO1/FASN/AKT1/TPI1/PFKL/ARNT/PGM1/GRB10/KSR1/GPI/EP300/ACACA/RHEB/PSAT1/TOX2/SDS/ZEB1/VEGFA/BAP1/PBRM1/TSC2/ALDOC/ACLY/SQSTM1/ALDOA/TSC1/TGFB1/HIF1A/STAT3,up,FALSE
WP_NONSMALL_CELL_LUNG_CANCER,WP_NONSMALL_CELL_LUNG_CANCER,WikiPathways,CD8,SF_vs_PB_CD8,1.70857915,0.462276938,0.00201832511,0.0270195136,63,29,CDKN1A/DDB2/CDKN2A/HRAS/MAPK3/MAP2K2/RXRA/KRAS/AKT3/BAD/CASP3/GADD45G/AKT1/BAK1/NRAS/MAPK1/POLK/BID/E2F2/PIK3CD/PLCG2/JAK3/CASP9/PIK3CB/SOS2/CDK6/E2F1/EML4/SOS1,up,FALSE
WP_RAC1PAK1P38MMP2_PATHWAY,WP_RAC1PAK1P38MMP2_PATHWAY,WikiPathways,CD8,SF_vs_PB_CD8,1.72534394,0.478772238,0.00207364686,0.0272675505,55,25,EIF4EBP1/TNIP3/MAPK11/RAC1/HRAS/FN1/MAPK3/KRAS/BAD/ITGB1/AKT1/FOXO1/NRAS/MAPK1/CASP7/PAK1/IKBKG/CASP9/CRK/RAD51/MAPK12/SRC/SOS1/PIK3CA/RASA1,up,FALSE
WP_METABOLIC_REPROGRAMMING_IN_COLON_CANCER,WP_METABOLIC_REPROGRAMMING_IN_COLON_CANCER,WikiPathways,CD8,SF_vs_PB_CD8,1.77966722,0.529447448,0.00210255811,0.0272675505,39,13,SLC1A5/PKM/GLUD1/LDHA/PGK1/SLC2A1/GAPDH/SLC16A3/ENO1/PGAM1/FASN/PFKL/GPI,up,FALSE
WP_ULCERATIVE_COLITIS_SIGNALING,WP_ULCERATIVE_COLITIS_SIGNALING,WikiPathways,CD8,SF_vs_PB_CD8,1.8453826,0.67928644,0.00215429712,0.027508717,16,12,HLA-DMA/NOD2/IL10/IL4R/TNF/FOXP3/IFNG/IL2RG/IL13/TGFB1/IL4/NFKB1,up,FALSE
WP_2Q13_COPY_NUMBER_VARIATION_SYNDROME,WP_2Q13_COPY_NUMBER_VARIATION_SYNDROME,WikiPathways,CD8,SF_vs_PB_CD8,1.76449871,0.51952827,0.00229525647,0.0288645889,41,16,CSF1/LGALS3/CXCL13/SOCS1/RAC1/TTL/CKAP2L/FBLN7/MAPK1/POLR2K/CSF2/PSD4/ARF6/BCL2L11/IL1RN/PLCG2,up,FALSE
WP_TARGETED_THERAPY_IN_BREAST_CANCER,WP_TARGETED_THERAPY_IN_BREAST_CANCER,WikiPathways,CD8,SF_vs_PB_CD8,1.82004349,0.617803856,0.00247374885,0.0306449485,22,12,HRAS/MAPK3/ERBB3/KRAS/AKT3/AKT1/NRAS/MAPK1/PIK3R6/PIK3CD/PIK3CG/PIK3CB,up,FALSE
WP_G13_SIGNALING,WP_G13_SIGNALING,WikiPathways,CD8,SF_vs_PB_CD8,1.79386222,0.56151565,0.00256693583,0.0313317167,31,17,IQGAP1/LIMK1/RAC1/RHOA/GNA13/TNK2/ROCK1/RTKN/DIAPH1/CFL1/PIK3CD/IQGAP2/PIK3CB/PPP1CB/ROCK2/CIT/PIK3CA,up,FALSE
WP_TOLLLIKE_RECEPTOR_SIGNALING,WP_TOLLLIKE_RECEPTOR_SIGNALING,WikiPathways,CD8,SF_vs_PB_CD8,1.67730529,0.44662526,0.00273593459,0.032844723,69,23,CCL5/IRF7/CCL3/MAPK11/RAC1/JUN/CCL4/CD86/MAPK3/MAP2K2/TOLLIP/AKT3/TAB2/AKT1/MAPK1/SPP1/TAB3/IRAK1/IKBKG/TNF/CD80/LY96/TRAF3,up,FALSE
WP_TROP2_REGULATORY_SIGNALING,WP_TROP2_REGULATORY_SIGNALING,WikiPathways,CD8,SF_vs_PB_CD8,1.75174349,0.52114019600000006,0.00277003688,0.032844723,39,14,VIM/NOTCH1/CDKN2A/PRKCD/PSEN1/RAC1/JUN/FN1/ITGB1/TLN1/CDK2/ADAM17/ABCC1/CHEK1,up,FALSE
WP_HEPATOCYTE_GROWTH_FACTOR_RECEPTOR_SIGNALING,WP_HEPATOCYTE_GROWTH_FACTOR_RECEPTOR_SIGNALING,WikiPathways,CD8,SF_vs_PB_CD8,1.78773495,0.563735632,0.00284294032,0.0332343727,30,20,JUN/HRAS/ITGA1/MAPK3/MAP2K2/MAP4K1/ITGB1/MAPK1/RAPGEF1/PAK1/CRK/PTK2B/ELK1/SRC/SOS1/PIK3CA/RASA1/CRKL/STAT3/MAP2K1,up,FALSE
WP_MIRTARGETED_GENES_IN_LYMPHOCYTES,WP_MIRTARGETED_GENES_IN_LYMPHOCYTES,WikiPathways,CD8,SF_vs_PB_CD8,1.41136195,0.302046646,0.00288960657,0.0333107424,359,134,CAPG/CDKN1A/ANXA2/KCNN4/ITGA2/NOTCH1/TMEM43/CDKN2A/SLC25A24/PKM/PDLIM7/SH3BGRL3/CBFB/GNA13/LAMTOR5/CARHSP1/GALNT1/ARHGDIA/STX7/RHOB/CSRP1/IQGAP3/PPP3CA/MCL1/KRAS/MTHFD2/SLC25A1/CHMP2A/LMNB2/SLC12A4/TPM4/SLC1A4/ATP2A2/SSNA1/SAC3D1/PTPRJ/PGRMC1/TUBA1A/GNAI2/TM6SF1/MSI2/ATG9A/NOTCH2/VEZT/PTPRF/BRI3BP/PGM1/EZH2/PICALM/LUZP1/NUCB1/CORO1C/ELMOD2/YIF1B/TP53INP1/IDH1/CAP1/FAR1/FXR2/SYNE2/PAFAH1B2/RHEB/TPM3/GAS2L1/PPP3R1/VCAM1/USP1/P4HA2/HIPK3/AMIGO2/SNX15/NCOA3/TRIP13/AP2A1/RCOR1/PSAT1/SMC1A/TMED7/BCL6/NELFCD/TPPP3/FRG1/MAPK12/ZEB1/ARID2/ACP2/CDK6/TNFSF9/ANPEP/E2F1/BACH1/RDH10/ABHD11/RAB5C/ELOVL5/TYMS/SCYL1/RAB34/MAPK7/UNC93B1/SFXN1/PTBP2/PHC2/DHX57/NF2/PPP5C/WDR82/SLC4A7/AURKB/SERPINE2/CPOX/ATP6V1F/RAB27B/PRPF40A/FADS2/GPD2/CEBPB/NT5C3A/MYO1E/RHOG/TMEM109/GSTM4/NUFIP2/PPP1R7/GOLGA7/TGFBR2/SRSF9/ADAR/NEDD4/CPNE8/LAMTOR3/ATAD3B/ARL10/CTSC,up,FALSE
WP_ERK_PATHWAY_IN_HUNTINGTONS_DISEASE,WP_ERK_PATHWAY_IN_HUNTINGTONS_DISEASE,WikiPathways,CD8,SF_vs_PB_CD8,1.8147133,0.705581341,0.0030218503,0.034358024,13,9,HRAS/MAPK3/MAP2K2/CASP3/MAPK1/HTT/CASP7/NTRK2/ELK1,up,FALSE
WP_SMALL_LIGAND_GPCRS,WP_SMALL_LIGAND_GPCRS,WikiPathways,CD8,SF_vs_PB_CD8,-1.84069269,-0.76194804,0.00310353936,0.0344594945,9,5,TBXA2R/PTGDR/S1PR1/PTGER2/CNR2,down,FALSE
WP_13Q1212_COPY_NUMBER_VARIATION,WP_13Q1212_COPY_NUMBER_VARIATION,WikiPathways,CD8,SF_vs_PB_CD8,1.79263597,0.608500524,0.00311380975,0.0344594945,22,13,SGCB/TRAF1/RAC1/RHOA/DAG1/ATXN1/TRAF2/TRAF3/SNTA1/SACS/TNFRSF19/SPATA13/DMD,up,FALSE
WP_DUAL_HIJACK_MODEL_OF_VIF_IN_HIV_INFECTION,WP_DUAL_HIJACK_MODEL_OF_VIF_IN_HIV_INFECTION,WikiPathways,CD8,SF_vs_PB_CD8,1.7320281,0.842123938,0.00328339832,0.0358581658,6,3,APOBEC3G/RBX1/CBFB,up,FALSE
WP_HDAC6_INTERACTIONS_IN_THE_CENTRAL_NERVOUS_SYSTEM,WP_HDAC6_INTERACTIONS_IN_THE_CENTRAL_NERVOUS_SYSTEM,WikiPathways,CD8,SF_vs_PB_CD8,1.61254467,0.409285254,0.00350496278,0.0377807676,91,38,VIM/TPPP/ISG15/SMAD7/OPTN/RAC1/PRDX1/CCDC141/MAPK3/ARID3A/ACTR1A/DYNC1I2/SGK1/AKT1/CSNK2B/MAPK1/MYH9/HTT/CNOT6/GSK3A/AURKA/TUBA1C/SP1/TUBA4A/MIF/EP300/SNCA/FOXP3/ATP13A2/PTK2B/NR3C1/ATXN3/MYD88/DCTN1/MIIP/CSNK2A2/MAPRE1/HDAC6,up,FALSE
WP_CYTOKINES_AND_INFLAMMATORY_RESPONSE,WP_CYTOKINES_AND_INFLAMMATORY_RESPONSE,WikiPathways,CD8,SF_vs_PB_CD8,1.79868021,0.673714523,0.00356092549,0.0378918994,15,12,CSF1/PDGFA/HLA-DRA/HLA-DRB1/IL10/CSF2/TNF/IFNG/IL13/IL7/TGFB1/IL4,up,FALSE
WP_ANDROGEN_RECEPTOR_SIGNALING,WP_ANDROGEN_RECEPTOR_SIGNALING,WikiPathways,CD8,SF_vs_PB_CD8,1.62978874,0.423501791,0.00364001506,0.0382431962,79,29,CDKN1A/RAC1/RHOA/JUN/PRDX1/RHOB/ROCK1/PIAS3/AKT1/ZMIZ1/UBE2I/NCOR2/FOXO1/PIAS4/PSMC3IP/BMF/SP1/TGFB1I1/NCOA1/EP300/NCOR1/KAT2B/NCOA3/ROCK2/BRCA1/ETV5/CAV1/SRC/LIMK2,up,FALSE
WP_MIRTARGETED_GENES_IN_LEUKOCYTES,WP_MIRTARGETED_GENES_IN_LEUKOCYTES,WikiPathways,CD8,SF_vs_PB_CD8,1.5598508,0.379056235,0.00380393926,0.0394658698,121,48,CAPG/ANXA2/KCNN4/TMEM43/PKM/SH3BGRL3/GNA13/ARHGDIA/CSRP1/MCL1/MTHFD2/SLC25A1/LMNB2/SLC1A4/ATP2A2/SAC3D1/TUBA1A/GNAI2/CORO1C/IDH1/CAP1/TPM3/USP1/BCL6/NELFCD/FRG1/ZEB1/ACP2/CDK6/TNFSF9/ANPEP/RDH10/RAB5C/TYMS/SCYL1/RAB34/UNC93B1/SFXN1/PHC2/SERPINE2/ATP6V1F/PRPF40A/CEBPB/RHOG/TMEM109/GOLGA7/ADAR/LAMTOR3,up,FALSE
WP_MICROTUBULE_CYTOSKELETON_REGULATION,WP_MICROTUBULE_CYTOSKELETON_REGULATION,WikiPathways,CD8,SF_vs_PB_CD8,1.71384632,0.502092518,0.00406537791,0.0416575762,42,22,TPPP/DPYSL2/LIMK1/RAC1/CDK1/MAPKAPK2/ROCK1/AKT1/TAOK1/PRKACA/DIAPH1/PAK1/NTRK2/CLASP1/PARD6A/ABL1/PTPRA/CLIP1/SRC/MARK2/MAPRE1/KIF2C,up,FALSE
WP_ACQUIRED_PARTIAL_LIPODYSTROPHY_BARRAQUERSIMONS_SYNDROME,WP_ACQUIRED_PARTIAL_LIPODYSTROPHY_BARRAQUERSIMONS_SYNDROME,WikiPathways,CD8,SF_vs_PB_CD8,1.75265792,0.7820733,0.00424008811,0.042917965,8,4,LMNA/ICMT/LMNB1/LMNB2,up,FALSE
WP_PARKINSONS_DISEASE_PATHWAY,WP_PARKINSONS_DISEASE_PATHWAY,WikiPathways,CD8,SF_vs_PB_CD8,1.74172607,0.553318375,0.00460381605,0.0457408634,29,15,MAPK11/APAF1/SYT11/CASP3/PINK1/CASP6/HTRA2/CASP7/SNCA/CASP9/MAPK12/UBE2L3/CCNE2/CASP2/UBA1,up,FALSE
WP_APOPTOSIS,WP_APOPTOSIS,WikiPathways,CD8,SF_vs_PB_CD8,1.60549089,0.418031236,0.00464627121,0.0457408634,78,28,CDKN2A/IRF7/FASLG/TRAF1/JUN/FAS/BNIP3L/MCL1/APAF1/BAD/TP73/CASP3/GZMB/AKT1/CASP6/BAK1/CASP7/TNFSF10/BID/BCL2L11/IKBKG/TNF/CFLAR/TRAF2/CASP9/TRAF3/BIRC3/HELLS,up,FALSE
WP_REGULATION_OF_TOLLLIKE_RECEPTOR_SIGNALING,WP_REGULATION_OF_TOLLLIKE_RECEPTOR_SIGNALING,WikiPathways,CD8,SF_vs_PB_CD8,1.56324079,0.386943626,0.00468430529,0.0457408634,107,45,CCL5/IRF7/CCL3/SOCS1/MAPK11/RAC1/JUN/CCL4/CD86/MAPK3/MAP2K2/TOLLIP/AKT3/CYLD/TAB2/AKT1/MAPK1/SPP1/TAB3/IRAK1/IKBKG/PIK3CD/RBCK1/TNF/CD80/LY96/TRAF3/PIK3CG/CTNNAL1/OTUD5/PIK3CB/TMED7/MAPK12/SARM1/MYD88/TREM1/MAP2K4/RNF41/IRF5/PIK3CA/NFKB2/RIPK1/SQSTM1/TICAM2/TICAM1,up,FALSE
WP_PLEURAL_MESOTHELIOMA,WP_PLEURAL_MESOTHELIOMA,WikiPathways,CD8,SF_vs_PB_CD8,1.42182287,0.311926657,0.0048407436,0.046444759100000003,276,93,CDKN1A/EIF4EBP1/CD44/ITGA2/CSF1/PDGFA/LGALS9/CDKN2A/CCL5/ITGA3/CTNNA1/RASSF7/WNT10A/JUN/CCL4/HRAS/FN1/BARD1/ITGA1/SLC2A1/MAPK3/IL10/MAP2K2/MAP4K1/MAP3K2/SLC7A5/MCL1/AKT3/RASSF2/MAPKAPK2/MEF2D/ITGB1/CCL2/HMGB1/ASXL1/AKT1/ITPR3/FOXO1/BAK1/MAP3K3/CDK2/YWHAB/CSNK2B/MAPK1/CSF2/SP1/EZH2/ATF3/EFNA5/SUZ12/KIF23/PAK1/NDRG1/PIK3CD/PRKAG1/MAD2L1/RHEB/STK3/MAP3K9/ACTG2/NTRK2/CSNK1E/TRAF2/LIMD1/FOXM1/CSF1R/PIK3CG/KMT2C/ULK1/PIK3CB/EED/STK38L/BBC3/RB1CC1/NLRP3/DVL3/BRCA1/PRKAB2/WDR5/ELK1/CCND2/VEGFA/PAK4/SFRP4/VEGFB/E2F1/PLAU/SRC/CIT/MKNK2/MAP2K4/EFNA3/SOS1,up,FALSE
WP_RETINOBLASTOMA_GENE_IN_CANCER,WP_RETINOBLASTOMA_GENE_IN_CANCER,WikiPathways,CD8,SF_vs_PB_CD8,1.59654712,0.409885202,0.00486830608,0.046444759100000003,85,40,CDKN1A/CDK1/BARD1/WEE1/RABIF/MCM6/HMGB1/TFDP1/TOP2A/CDK2/SMC3/SMC2/ANLN/E2F2/POLE/PCNA/RPA3/CHEK1/SAP30/MCM3/FANCG/HMGB2/ABL1/PLK4/TTK/SMC1A/KIF4A/POLD3/CDC45/CCNA2/CDK6/FAF1/MCM4/E2F1/POLE2/CDC7/MCM7/CCNE2/TYMS/ORC1,up,FALSE
WP_SENESCENCE_AND_AUTOPHAGY_IN_CANCER,WP_SENESCENCE_AND_AUTOPHAGY_IN_CANCER,WikiPathways,CD8,SF_vs_PB_CD8,1.6003727699999999,0.415179176,0.00503695335,0.0475076282,80,36,CDKN1A/CD44/CDKN2A/IRF7/CCL3/IFI16/JUN/HRAS/FN1/SH3GLB1/GSN/FKBP8/MAPK1/KMT2A/LAMP2/PCNA/GABARAPL1/SERPINE1/IFNG/ULK1/RB1CC1/SLC39A3/E2F1/PLAU/SRC/SLC39A4/IRF5/GABARAP/SQSTM1/LAMP1/ATG7/TGFB1/SLC39A1/CEBPB/MAP2K1/ATG16L1,up,FALSE
WP_IMMUNE_INFILTRATION_IN_PANCREATIC_CANCER,WP_IMMUNE_INFILTRATION_IN_PANCREATIC_CANCER,WikiPathways,CD8,SF_vs_PB_CD8,1.74878901,0.593616912,0.0051031882,0.0475915304,22,14,LGALS1/LGALS3/LGALS9/CCL5/IL10/CCL2/CSF2/TNF/IFNG/VEGFA/VEGFB/IL17C/IL13/TGFB1,up,FALSE
WP_SEROTONIN_HTR1_GROUP_AND_FOS_PATHWAY,WP_SEROTONIN_HTR1_GROUP_AND_FOS_PATHWAY,WikiPathways,CD8,SF_vs_PB_CD8,1.72790443,0.544868967,0.0054645739,0.0503955149,30,12,RHOA/MAPK3/MAP2K2/RASGRP1/MAPKAPK2/GNAI2/MAPKAPK3/ELK4/MAPK1/ITPR1/GNAI3/SRF,up,FALSE
WP_CILIARY_LANDSCAPE,WP_CILIARY_LANDSCAPE,WikiPathways,CD8,SF_vs_PB_CD8,1.45888674,0.334312866,0.00555706347,0.0506853042,188,70,VIM/MYL6/SMC4/IQGAP1/RPGR/AGPAT2/DYNLL1/RAC1/RALB/WNK1/DYNLRB1/RHBDD2/PSMD8/ARHGDIA/IQGAP3/WEE1/CD2BP2/DYNC1I2/MCM6/SSNA1/BBS7/CCDC40/ERF/DYNC1H1/IFT81/RAB21/HTRA2/DYNC1LI1/YPEL5/NINL/IQGAP2/MCM3/PSMD7/EXOC5/PAFAH1B1/DYNLT1/NDUFA9/DYNLT3/DVL3/MCM2/EXOSC9/WDR26/DCAF11/MCM4/MCM5/MCM7/EIF5B/CNOT6L/EXOC7/RANBP9/ZMYND19/TBC1D4/GLB1/FUZ/RBM14/TIPRL/NUDC/EXOC6/RMND5B/MFAP1/PGRMC2/IFT122/TNKS1BP1/BBS4/PSMC4/RMND5A/NFKB1/GDI1/COX6C/COPS3,up,FALSE
WP_CELL_CYCLE,WP_CELL_CYCLE,WikiPathways,CD8,SF_vs_PB_CD8,1.5312968,0.375413646,0.00564928967,0.0509664177,114,45,CDKN1A/YWHAH/RBX1/CDKN2A/PTTG1/CDK1/WEE1/CDKN2C/MAD2L2/MCM6/GADD45G/TFDP1/CDKN2B/CDK2/YWHAB/ZBTB17/FZR1/RBL1/SMC3/E2F2/EP300/PCNA/ESPL1/CHEK1/MCM3/PKMYT1/ABL1/YWHAE/BUB3/TTK/SMC1A/CDC45/MCM2/CCNA2/CDK6/CCND2/MCM4/E2F1/MCM5/CDC7/RAD21/MCM7/CDC25C/ORC6/CCNE2,up,FALSE
WP_MAPK_SIGNALING,WP_MAPK_SIGNALING,WikiPathways,CD8,SF_vs_PB_CD8,1.46868223,0.339826466,0.00575508438,0.051362581,174,56,DUSP4/PTPN7/PDGFA/DUSP6/PRKCD/FASLG/MAPK11/DUSP10/HSPA1A/RAC1/JUN/HRAS/FAS/CACNB2/MAPK3/MAP2K2/MAP4K1/MAP3K2/PPP3CA/KRAS/AKT3/RASGRP1/MAPKAPK2/CASP3/TAB2/DUSP3/MAPKAPK3/AKT1/RRAS/TAOK1/PRKACA/NRAS/JUND/ELK4/MAPK1/PPP3CB/RAPGEF2/IL1R2/PAK1/IKBKG/SRF/TNF/STK3/PPP3R1/NTRK2/RASGRP3/TRAF2/CRK/HSPA2/PPM1A/SOS2/CACNB3/RAC3/MAPK12/ELK1/TAOK2,up,FALSE
WP_NONGENOMIC_ACTIONS_OF_125DIHYDROXYVITAMIN_D3,WP_NONGENOMIC_ACTIONS_OF_125DIHYDROXYVITAMIN_D3,WikiPathways,CD8,SF_vs_PB_CD8,1.62664073,0.44243294,0.00595419602,0.0524853984,61,25,IFI27L2/RSAD2/ISG15/NOD2/PRKCD/MAPK11/JUN/HRAS/VDR/MAPK3/IFI44L/RXRA/KRAS/CCL2/NRAS/PLCD1/MAPK1/SP1/TNF/PLCG2/IFNG/OAS2/ETS1/MAPK12/CAV1,up,FALSE
WP_EPITHELIAL_TO_MESENCHYMAL_TRANSITION_IN_COLORECTAL_CANCER,WP_EPITHELIAL_TO_MESENCHYMAL_TRANSITION_IN_COLORECTAL_CANCER,WikiPathways,CD8,SF_vs_PB_CD8,1.57278149,0.403783797,0.00600736487,0.0524853984,85,38,NOTCH1/WNT9A/RBPJ/MAPK11/JAG2/CDKL2/WNT10A/HRAS/FN1/MAPK3/MAP2K2/KRAS/AKT3/EIF5A2/MEF2D/AKT1/NOTCH2/MAPK1/EZH2/SUZ12/PAK1/PIK3CD/CTDSP1/FOXM1/PIK3CB/EED/SOS2/MAPK12/ZEB1/MAP2K4/SOS1/PIK3CA/MMP15/ID2/TGFB1/PKD1/HIF1A/MAP2K1,up,FALSE
WP_PI3KAKTMTOR_SIGNALING_AND_THERAPEUTIC_OPPORTUNITIES_IN_PROSTATE_CANCER,WP_PI3KAKTMTOR_SIGNALING_AND_THERAPEUTIC_OPPORTUNITIES_IN_PROSTATE_CANCER,WikiPathways,CD8,SF_vs_PB_CD8,1.70665503,0.534218013,0.00610284743,0.0527642017,31,16,EIF4EBP1/HRAS/KRAS/BAD/AKT1/FOXO1/NRAS/GRB10/RHEB/PIK3CG/ULK1/PIK3CB/RB1CC1/PIK3CA/TSC2/TFEB,up,FALSE
WP_FOCAL_ADHESION_PI3KAKTMTORSIGNALING,WP_FOCAL_ADHESION_PI3KAKTMTORSIGNALING,WikiPathways,CD8,SF_vs_PB_CD8,1.45906393,0.335879277,0.00616841199,0.0527812573,181,78,CDKN1A/EIF4EBP1/ITGA2/CSF1/PDGFA/GNB4/CAB39/IL2RB/ITGA3/F2R/HRAS/FN1/GNG5/SLC2A1/MAPK3/MAP2K2/GNB1/KRAS/LPAR2/AKT3/BAD/ITGB1/ITGAE/AKT1/FOXO1/NRAS/PFKFB3/MAPK1/IL4R/SPP1/ITGAD/RAB10/EFNA5/EIF4E2/ITGAX/IKBKG/DDIT4/PPP2CB/PIK3CD/ACACA/RHEB/PFKFB4/EPAS1/JAK3/CASP9/PPP2R5D/CSF1R/PIK3CG/GNG2/ULK1/PIK3CB/IL2RA/PELO/ELAVL1/PHLPP1/VEGFA/PPP2R5A/VEGFB/STK11/CRTC2/EFNA3/SOS1/IL2RG/ITGA7/LPAR5/GNB2/PIK3CA/ITGAV/TSC2/GNG4/PPP2R1B/ITGB2/CAB39L/RAB11B/TSC1/HIF1A/MAP2K1/PHLPP2,up,FALSE
WP_TCELL_RECEPTOR_SIGNALING,WP_TCELL_RECEPTOR_SIGNALING,WikiPathways,CD8,SF_vs_PB_CD8,1.5725355,0.407057423,0.00629788034,0.0533391906,81,20,VIM/CCR5/PSTPIP1/PRKCD/JUN/HRAS/CD8A/FAS/MAPK3/MAP2K2/MAP4K1/ICOS/AKT1/MAPK1/ITPR1/PAK1/IKBKG/TNFRSF9/GAB2/CRK,up,FALSE
WP_ANGIOPOIETINLIKE_PROTEIN_8_REGULATORY_PATHWAY,WP_ANGIOPOIETINLIKE_PROTEIN_8_REGULATORY_PATHWAY,WikiPathways,CD8,SF_vs_PB_CD8,1.53963596,0.383278814,0.00644864823,0.0533996039,103,38,EIF4EBP1/MAPK11/SREBF2/HRAS/SLC2A1/MAPK3/MAP2K2/MAP4K1/MAP3K2/RXRA/FASN/AKT1/FOXO1/MAP3K3/MAPK1/MAPK6/GSK3A/RAPGEF1/TRIP10/CAP1/PIK3CD/PRKAG1/RHEB/MAP3K9/CRK/PIK3CG/PIK3CB/SOS2/PRKAB2/MAPK12/MAP2K4/SOS1/MAP3K10/EXOC7/PIK3CA/MAPK7/TSC2/RPS6KA4,up,FALSE
WP_TYPE_II_INTERFERON_SIGNALING,WP_TYPE_II_INTERFERON_SIGNALING,WikiPathways,CD8,SF_vs_PB_CD8,1.70001517,0.532139599,0.0064598385,0.0533996039,31,9,ISG15/IFI6/PRKCD/CIITA/SOCS1/OAS1/EIF2AK2/TAP1/IRF9,up,FALSE
WP_NOVEL_INTRACELLULAR_COMPONENTS_OF_RIGILIKE_RECEPTOR_PATHWAY,WP_NOVEL_INTRACELLULAR_COMPONENTS_OF_RIGILIKE_RECEPTOR_PATHWAY,WikiPathways,CD8,SF_vs_PB_CD8,1.64355019,0.46469425,0.00654835964,0.0533996039,50,18,ISG15/IRF7/MAPK11/TANK/TRIM25/IFIH1/CYLD/DHX58/PIN1/IKBKG/TNF/SNW1/AZI2/TRAF2/TRAF3/IFNG/OTUD5/MAPK12,up,FALSE
WP_HIF1A_AND_PPARG_IN_HYPERTROPHIC_CARDIOMYOPATHY,WP_HIF1A_AND_PPARG_IN_HYPERTROPHIC_CARDIOMYOPATHY,WikiPathways,CD8,SF_vs_PB_CD8,1.70568057,0.791373242,0.00656236097,0.0533996039,7,5,LDHA/SLC2A1/GAPDH/TPI1/PPARG,up,FALSE
WP_LUNG_FIBROSIS,WP_LUNG_FIBROSIS,WikiPathways,CD8,SF_vs_PB_CD8,1.69148313,0.525768396,0.00695516463,0.0557370598,32,12,SKIL/PDGFA/SMAD7/CCL5/CCL3/CCL4/CCL2/MT2A/CSF2/SPP1/ELMOD2/TNF,up,FALSE
WP_FBXL10_ENHANCEMENT_OF_MAPERK_SIGNALING_IN_DIFFUSE_LARGE_BCELL_LYMPHOMA,WP_FBXL10_ENHANCEMENT_OF_MAPERK_SIGNALING_IN_DIFFUSE_LARGE_BCELL_LYMPHOMA,WikiPathways,CD8,SF_vs_PB_CD8,1.73528277,0.705838166,0.00698392074,0.0557370598,11,9,DUSP6/BCOR/MAPK3/KDM2B/MAPK1/EZH2/SUZ12/EED/BCL6,up,FALSE
WP_GENETIC_CAUSES_OF_PORTOSINUSOIDAL_VASCULAR_DISEASE,WP_GENETIC_CAUSES_OF_PORTOSINUSOIDAL_VASCULAR_DISEASE,WikiPathways,CD8,SF_vs_PB_CD8,1.70938911,0.562665011,0.00717616892,0.0567259067,25,14,NOTCH1/RBPJ/RAC1/MAPK3/NCF4/EOGT/ARHGAP31/MAPK1/SP1/NCF1/CYBA/EIF6/SHCBP1/NCF2,up,FALSE
WP_AXON_GUIDANCE,WP_AXON_GUIDANCE,WikiPathways,CD8,SF_vs_PB_CD8,1.65372706,0.484479836,0.00736746038,0.0572037325,42,14,L1CAM/DPYSL2/ILK/RAC1/HRAS/SRGAP2/MYL12B/BMPR2/ARHGEF12/ROCK1/ITGB1/RRAS/MAPK1/CFL1,up,FALSE
WP_VEGFAVEGFR2_SIGNALING,WP_VEGFAVEGFR2_SIGNALING,WikiPathways,CD8,SF_vs_PB_CD8,1.36049409,0.291742263,0.00737445709,0.0572037325,351,108,TXN/MYO1C/CRIP2/CLIC1/RCAN2/EZR/FHOD1/IQGAP1/FMNL3/PRKCD/LIMK1/HSPA1A/GLUD1/ANXA1/RAC1/SH3BGRL3/CTNNA1/RHOA/JUN/HRAS/GPC1/LDHA/EPS15/FAS/RAB11A/ACOT9/FN1/PGK1/MAPK3/GAPDH/MAP2K2/CSRP1/PPP3CA/PBXIP1/MAPKAPK2/HERPUD1/FSCN1/PRKD2/PLOD3/PDE4DIP/ROCK1/ITGB1/CCL2/PTPRJ/CCDC124/HMGB1/TMOD3/AKT1/FLII/LRRFIP2/TPCN2/FOXO1/EGR1/MAPK1/CNP/TMSB4X/MYH9/TUBA1C/HTRA1/ARNT/RAPGEF1/CFL1/SLC8A1/GRB10/TRPC3/ARF6/CLTC/GIPC1/PAK1/VAV2/NDRG1/SH2D2A/FXR2/ATP6V1E1/ACACA/STIP1/SRF/NCF1/HGS/CAMKK2/TRIP4/TPM3/BSG/IER5/NUMB/CRK/P4HA2/PRKRA/ABL1/YWHAE/TPP1/AP2A1/IDH2/ROCK2/PTK2B/ETS1/PTPN9/MAPK12/NAPA/ELK1/TAOK2/VEGFA/FAF1/CAPN2/CAV1/PLAU/SRC/SIAH2,up,FALSE
WP_MIRNA_ROLE_IN_IMMUNE_RESPONSE_IN_SEPSIS,WP_MIRNA_ROLE_IN_IMMUNE_RESPONSE_IN_SEPSIS,WikiPathways,CD8,SF_vs_PB_CD8,1.68231804,0.526600036,0.00771780705,0.0593127764,31,15,MIR155HG/IRF7/CCL3/CCL4/IL10/TAB2/GZMB/IRAK1/IKBKG/TNF/VCAM1/TRAF3/MYD88/IRF5/NFKB2,up,FALSE
WP_HEART_DEVELOPMENT,WP_HEART_DEVELOPMENT,WikiPathways,CD8,SF_vs_PB_CD8,1.72340971,0.624775173,0.00792016474,0.059620981,17,8,NOTCH1/BHLHE40/ERBB3/BMPR2/MAPK1/SRF/VEGFA/VEGFB,up,FALSE
WP_ACUTE_VIRAL_MYOCARDITIS,WP_ACUTE_VIRAL_MYOCARDITIS,WikiPathways,CD8,SF_vs_PB_CD8,1.57085396,0.413574985,0.00792735886,0.059620981,73,34,SGCB/HLA-DMA/CCR5/NOD2/ILK/SOCS1/MAPK3/IL10/CASP3/DAG1/AKT1/CASP6/MAPK1/CASP7/BID/TNF/CD80/CASP9/IFNG/ABL1/RAC3/CHRAC1/CAV1/SRC/MICA/SOS1/CASP2/NFKB2/RASA1/DMD/ITGB2/TICAM1/TGFB1/STAT3,up,FALSE
WP_ENDOMETRIAL_CANCER,WP_ENDOMETRIAL_CANCER,WikiPathways,CD8,SF_vs_PB_CD8,1.61828269,0.452252986,0.00797564985,0.059620981,53,16,CDKN1A/DDB2/ILK/CTNNA1/HRAS/MAPK3/MAP2K2/KRAS/AKT3/BAD/GADD45G/AKT1/BAK1/NRAS/MAPK1/POLK,up,FALSE
WP_ADIPOGENESIS,WP_ADIPOGENESIS,WikiPathways,CD8,SF_vs_PB_CD8,1.54741184,0.398043777,0.00804524081,0.059620981,84,30,CDKN1A/LMNA/AGPAT2/KLF6/SOCS1/AHR/NAMPT/FAS/RXRA/PCK2/MEF2D/PPARA/NCOR2/FOXO1/RBL1/SP1/RARA/PPARG/MIF/NCOA1/TNF/EPAS1/NCOR1/PTGIS/SERPINE1/EGR2/TRIB3/NR3C1/SFRP4/E2F1,up,FALSE
WP_FAS_LIGAND_PATHWAY_AND_STRESS_INDUCTION_OF_HEAT_SHOCK_PROTEINS,WP_FAS_LIGAND_PATHWAY_AND_STRESS_INDUCTION_OF_HEAT_SHOCK_PROTEINS,WikiPathways,CD8,SF_vs_PB_CD8,1.65020066,0.488210311,0.00820900493,0.0602962309,40,19,LMNA/FASLG/JUN/FAS/LMNB1/APAF1/LMNB2/MAPKAPK2/CASP3/MAPKAPK3/CASP6/CASP7/PAK1/TNF/CFLAR/CASP9/SPTAN1/FAF1/MAP2K4,up,FALSE
WP_CYTOSOLIC_DNASENSING_PATHWAY,WP_CYTOSOLIC_DNASENSING_PATHWAY,WikiPathways,CD8,SF_vs_PB_CD8,1.6177579499999999,0.453779144,0.00841775559,0.0612871679,52,11,CCL4L2/ZBP1/ISG15/CCL5/IRF7/CCL4/RIPK3/TRIM25/CYLD/POLR2K/TREX1,up,FALSE
WP_PROSURVIVAL_SIGNALING_OF_NEUROPROTECTIN_D1,WP_PROSURVIVAL_SIGNALING_OF_NEUROPROTECTIN_D1,WikiPathways,CD8,SF_vs_PB_CD8,1.72320809,0.645445649,0.00850370265,0.0613745496,15,8,RIPK3/CASP3/CASP7/PPP2CB/TNF/TRAF2/CASP9/BIRC3,up,FALSE
WP_APOPTOSIS_MODULATION_BY_HSP70,WP_APOPTOSIS_MODULATION_BY_HSP70,WikiPathways,CD8,SF_vs_PB_CD8,1.71063857,0.610920752,0.00881806388,0.0630947674,18,9,FASLG/HSPA1A/FAS/APAF1/CASP3/CASP6/CASP7/BID/CASP9,up,FALSE
WP_NEURAL_CREST_CELL_MIGRATION_IN_CANCER,WP_NEURAL_CREST_CELL_MIGRATION_IN_CANCER,WikiPathways,CD8,SF_vs_PB_CD8,1.67153137,0.535307111,0.0091089312,0.0646189136,28,13,RAC1/RHOA/JUN/AKT3/AKT1/PIK3R6/PAK1/PIK3CD/NTRK2/PIK3CG/PIK3CB/PAK4/PIK3CA,up,FALSE
WP_RALA_DOWNSTREAM_REGULATED_GENES,WP_RALA_DOWNSTREAM_REGULATED_GENES,WikiPathways,CD8,SF_vs_PB_CD8,1.70804268,0.678504416,0.00939144176,0.0660584463,12,8,RAC1/HRAS/KRAS/RALA/NRAS/RAC3/YBX3/RALBP1,up,FALSE
WP_MAPK_CASCADE,WP_MAPK_CASCADE,WikiPathways,CD8,SF_vs_PB_CD8,1.65588454,0.518325809,0.00967275818,0.0668898578,31,15,JUN/HRAS/MAPK3/MAP2K2/MAP3K2/KRAS/RRAS/NRAS/MAP3K3/MAPK1/SOS2/MAPK12/ELK1/MAP2K4/SOS1,up,FALSE
WP_SIGNALING_LIPIDS,WP_SIGNALING_LIPIDS,WikiPathways,CD8,SF_vs_PB_CD8,-1.74588909,-0.649072125,0.00971027974,0.0668898578,13,4,HPGD/EPHX2/PLCB1/LTA4H,down,FALSE
WP_4HYDROXYTAMOXIFEN_DEXAMETHASONE_AND_RETINOIC_ACIDS_REGULATION_OF_P27_EXPRESSION,WP_4HYDROXYTAMOXIFEN_DEXAMETHASONE_AND_RETINOIC_ACIDS_REGULATION_OF_P27_EXPRESSION,WikiPathways,CD8,SF_vs_PB_CD8,1.67961801,0.558227418,0.00975963031,0.0668898578,24,13,EIF4EBP1/MAPK3/MAP2K2/AKT1/MAPK1/PIK3CD/PIK3CB/MKNK2/PBK/PIK3CA/TSC2/TSC1/MAP2K1,up,FALSE
WP_ANGIOGENESIS_OVERVIEW,WP_ANGIOGENESIS_OVERVIEW,WikiPathways,CD8,SF_vs_PB_CD8,1.61649209,0.466496806,0.00991109648,0.0668898578,45,19,SEMA4A/IQGAP1/MAPK11/RAC1/TIMP2/KRAS/BAD/DAG1/AKT1/MAPK1/PAK1/PIK3CD/CRK/PTK2B/ELK1/VEGFA/SRC/MAP2K4/SOS1,up,FALSE
WP_POLYCYSTIC_KIDNEY_DISEASE_PATHWAY,WP_POLYCYSTIC_KIDNEY_DISEASE_PATHWAY,WikiPathways,CD8,SF_vs_PB_CD8,1.5956573,0.445929989,0.00991259339,0.0668898578,53,22,KCNN4/WNT9A/WNT10A/JUN/HRAS/MAPK3/MAP2K2/KRAS/GNAI2/GNAS/NRAS/GNAI3/PRKAG1/TNF/RHEB/PLCG2/DVL3/PRKAB2/SFRP4/VEGFB/SRC/STK11,up,FALSE
WP_MIRTARGETED_GENES_IN_MUSCLE_CELL,WP_MIRTARGETED_GENES_IN_MUSCLE_CELL,WikiPathways,CD8,SF_vs_PB_CD8,1.36741324,0.299109833,0.0102944956,0.0679832964,285,69,CAPG/CDKN1A/ITGA2/CSF1/NOTCH1/TMEM43/SLC25A24/PKM/PDLIM7/SH3BGRL3/CBFB/GNA13/LAMTOR5/CARHSP1/GALNT1/ERBB3/ARHGDIA/STX7/CSRP1/PPP3CA/MCL1/KRAS/MTHFD2/SLC25A1/CHMP2A/LMNB2/SLC12A4/TPM4/SLC1A4/ATP2A2/SSNA1/HYAL3/PTPRJ/PGRMC1/TM6SF1/ATG9A/NOTCH2/VEZT/PTPRF/SLC38A5/PGM1/EZH2/PICALM/LUZP1/NUCB1/CORO1C/ELMOD2/TP53INP1/FAR1/SYNE2/SRF/PAFAH1B2/RHEB/TPM3/USP1/P4HA2/HIPK3/AMIGO2/SNX15/NCOA3/PSAT1/TMED7/NELFCD/TPPP3/FRG1/MAPK12/ZEB1/ACP2/CDK6,up,FALSE
WP_EXRNA_MECHANISM_OF_ACTION_AND_BIOGENESIS,WP_EXRNA_MECHANISM_OF_ACTION_AND_BIOGENESIS,WikiPathways,CD8,SF_vs_PB_CD8,1.65265045,0.803529982,0.0102979311,0.0679832964,6,4,ERI1/DGCR8/AGO2/DICER1,up,FALSE
WP_NOTCH1_REGULATION_OF_ENDOTHELIAL_CELL_CALCIFICATION,WP_NOTCH1_REGULATION_OF_ENDOTHELIAL_CELL_CALCIFICATION,WikiPathways,CD8,SF_vs_PB_CD8,1.67921519,0.749301591,0.0105176211,0.0679832964,8,3,NOTCH1/JAG2/ITGA1,up,FALSE
WP_PRIMARY_FOCAL_SEGMENTAL_GLOMERULOSCLEROSIS_FSGS,WP_PRIMARY_FOCAL_SEGMENTAL_GLOMERULOSCLEROSIS_FSGS,WikiPathways,CD8,SF_vs_PB_CD8,1.60508803,0.459395711,0.0105420696,0.0679832964,47,17,VIM/CDKN1A/ACTN4/NOTCH1/ITGA3/ILK/CTSL/ITGB1/DAG1/TLN1/AKT1/MYH9/SCARB2/KIRREL2/CD151/PCNA/CD80,up,FALSE
WP_SODIUM_CHANNEL_IN_EPILEPSY,WP_SODIUM_CHANNEL_IN_EPILEPSY,WikiPathways,CD8,SF_vs_PB_CD8,1.7000169,0.647832925,0.0106763466,0.0679832964,14,6,PSEN1/PDCD10/WEE1/AKT1/TNF/RNF121,up,FALSE
WP_PROGERIAASSOCIATED_LIPODYSTROPHY,WP_PROGERIAASSOCIATED_LIPODYSTROPHY,WikiPathways,CD8,SF_vs_PB_CD8,1.69012581,0.612709005,0.0107010226,0.0679832964,17,6,LMNA/ICMT/LMNB1/LMNB2/RECQL/PPARG,up,FALSE
WP_MIRTARGETED_GENES_IN_ADIPOCYTES,WP_MIRTARGETED_GENES_IN_ADIPOCYTES,WikiPathways,CD8,SF_vs_PB_CD8,1.69971472,0.647717773,0.0107119344,0.0679832964,14,10,TMEM43/CSRP1/PICALM/CAP1/HIPK3/ELOVL5/PHC2/CEBPB/TGFBR2/SRSF9,up,FALSE
WP_GASTRIC_CANCER_NETWORK_1,WP_GASTRIC_CANCER_NETWORK_1,WikiPathways,CD8,SF_vs_PB_CD8,1.68004895,0.570283471,0.0107599426,0.0679832964,22,13,KIF20B/NOTCH1/ECT2/TOP2A/UBE2C/AURKA/E2F7/CENPF/TPX2/ACTL6A/MYBL2/INO80D/MCM4,up,FALSE
WP_PAFAH1B1_COPY_NUMBER_VARIATION,WP_PAFAH1B1_COPY_NUMBER_VARIATION,WikiPathways,CD8,SF_vs_PB_CD8,1.6819908,0.725916658,0.0108118014,0.0679832964,9,7,TUBA1A/DYNC1H1/PAFAH1B3/PAFAH1B2/VLDLR/PAFAH1B1/CLIP1,up,FALSE
WP_CCL18_SIGNALING,WP_CCL18_SIGNALING,WikiPathways,CD8,SF_vs_PB_CD8,1.65006317,0.532694767,0.0112081191,0.0699454046,27,12,VIM/CD44/LDHA/FN1/SLC2A1/AK4/CSF2/ATF3/EP300/VCAM1/MIAT/KIF5B,up,FALSE
WP_TGFBETA_SIGNALING_IN_THYROID_CELLS_FOR_EPITHELIALMESENCHYMAL_TRANSITION,WP_TGFBETA_SIGNALING_IN_THYROID_CELLS_FOR_EPITHELIALMESENCHYMAL_TRANSITION,WikiPathways,CD8,SF_vs_PB_CD8,1.69009479,0.633042715,0.0115862949,0.0717658563,15,6,VIM/FN1/MAPK3/AKT3/AKT1/MAPK1,up,FALSE
WP_NEURAL_CREST_CELL_MIGRATION_DURING_DEVELOPMENT,WP_NEURAL_CREST_CELL_MIGRATION_DURING_DEVELOPMENT,WikiPathways,CD8,SF_vs_PB_CD8,1.64825868,0.537513669,0.0118398023,0.0727928587,26,12,RAC1/RHOA/JUN/AKT3/AKT1/PIK3R6/PAK1/PIK3CD/PIK3CG/PIK3CB/PAK4/PIK3CA,up,FALSE
WP_SPINAL_CORD_INJURY,WP_SPINAL_CORD_INJURY,WikiPathways,CD8,SF_vs_PB_CD8,1.53825049,0.412609035,0.012668717,0.0773164348,66,17,VIM/LGALS3/FKBP1A/ANXA1/RAC1/RHOA/CDK1/MAPK3/RHOB/CHST11/PPP3CA/CASP3/CCL2/CDK2/EGR1/MAPK1/C1QB,up,FALSE
WP_TARGETED_AGENTS_IN_TRIPLE_NEGATIVE_BREAST_CANCER,WP_TARGETED_AGENTS_IN_TRIPLE_NEGATIVE_BREAST_CANCER,WikiPathways,CD8,SF_vs_PB_CD8,1.61127828,0.484578937,0.0129687343,0.0785697041,37,9,EIF4EBP1/HRAS/MAPK3/MAP2K2/KRAS/AKT3/AKT1/NRAS/MAPK1,up,FALSE
WP_CYCLINDEPENDENT_KINASE_46_INHIBITORS_IN_BREAST_CANCER,WP_CYCLINDEPENDENT_KINASE_46_INHIBITORS_IN_BREAST_CANCER,WikiPathways,CD8,SF_vs_PB_CD8,1.61193398,0.497345254,0.0136402819,0.0820393768,33,14,CDKN1A/HRAS/MAPK3/KRAS/AKT3/AKT1/NRAS/CDK2/MAPK1/PIK3R6/PIK3CD/PIK3CG/PIK3CB/CDK6,up,FALSE
WP_VITAMIN_DSENSITIVE_CALCIUM_SIGNALING_IN_DEPRESSION,WP_VITAMIN_DSENSITIVE_CALCIUM_SIGNALING_IN_DEPRESSION,WikiPathways,CD8,SF_vs_PB_CD8,1.65298474,0.57476213,0.0138249651,0.0825519501,20,8,ATP2B4/ATP2B1/VDR/GGT1/RXRA/ITPR3/ITPR1/SLC8A1,up,FALSE
WP_NEPHROTIC_SYNDROME,WP_NEPHROTIC_SYNDROME,WikiPathways,CD8,SF_vs_PB_CD8,1.61726167,0.517927265,0.0143384489,0.0850065186,28,9,ACTN4/LMNA/ITGA3/ARHGDIA/CTLA4/MYH9/SCARB2/CD151/ANLN,up,FALSE
WP_BLADDER_CANCER,WP_BLADDER_CANCER,WikiPathways,CD8,SF_vs_PB_CD8,1.6092614,0.503731811,0.0146876328,0.0864591151,31,9,TYMP/CDKN1A/CDKN2A/HRAS/MAP2K2/KRAS/NRAS/MAPK1/DAPK2,up,FALSE
WP_EBSTEINBARR_VIRUS_LMP1_SIGNALING,WP_EBSTEINBARR_VIRUS_LMP1_SIGNALING,WikiPathways,CD8,SF_vs_PB_CD8,1.64348772,0.571459904,0.015027894,0.0878390987,20,8,CCL5/PDLIM7/TRAF1/MAP3K3/MAPK1/IRAK1/IKBKG/TNF,up,FALSE
WP_2Q211_COPY_NUMBER_VARIATION_SYNDROME,WP_2Q211_COPY_NUMBER_VARIATION_SYNDROME,WikiPathways,CD8,SF_vs_PB_CD8,1.66138976,0.659971968,0.0154429061,0.089633651,12,3,CCDC74A/RAC1/RHOA,up,FALSE
WP_PARKINUBIQUITIN_PROTEASOMAL_SYSTEM_PATHWAY,WP_PARKINUBIQUITIN_PROTEASOMAL_SYSTEM_PATHWAY,WikiPathways,CD8,SF_vs_PB_CD8,1.53692742,0.423765992,0.0157541448,0.0906836215,57,25,TUBB6/HSPA1A/PSMD8/CASK/PSMC1/TUBA1A/PSMC3/TUBA1C/TUBB4B/TUBA4A/PSMC2/TUBB2A/PSMD14/PSMD10/PSMD9/SNCA/PSMD1/TUBA1B/PSMD7/HSPA2/RNF19A/UBE2L3/SIAH2/PSMD11/UBA1,up,FALSE
WP_ANDROGEN_RECEPTOR_NETWORK_IN_PROSTATE_CANCER,WP_ANDROGEN_RECEPTOR_NETWORK_IN_PROSTATE_CANCER,WikiPathways,CD8,SF_vs_PB_CD8,1.47211738,0.372315396,0.0158423194,0.0906836215,93,41,CDKN1A/EIF4EBP1/CDKN2A/JUN/HRAS/CDK1/BARD1/MAPK3/MAP2K2/MAP4K1/BAD/CASP3/AKT1/CDKN2B/CDK2/SMARCD2/MAPK1/RAPGEF1/SP1/PAK1/NDRG1/CHEK1/RHEB/CASP9/CRK/PTK2B/BRCA1/ELK1/ACTL6A/E2F1/SOS1/PIK3CA/RASA1/CRKL/SMARCC1/TSC2/SMARCA4/ABCC4/TSC1/STAT3/MAP2K1,up,FALSE
WP_SYNAPTIC_SIGNALING_ASSOCIATED_WITH_AUTISM_SPECTRUM_DISORDER,WP_SYNAPTIC_SIGNALING_ASSOCIATED_WITH_AUTISM_SPECTRUM_DISORDER,WikiPathways,CD8,SF_vs_PB_CD8,1.59334525,0.488158551,0.0161111111,0.090849064,34,14,EIF4EBP1/HRAS/MAPK3/KRAS/AKT3/AKT1/NRAS/MAPK1/PIK3CD/PRKAG1/RHEB/NTRK2/PIK3CB/PRKAB2,up,FALSE
WP_17P133_YWHAE_COPY_NUMBER_VARIATION,WP_17P133_YWHAE_COPY_NUMBER_VARIATION,WikiPathways,CD8,SF_vs_PB_CD8,1.63820253,0.585051653,0.0161810596,0.090849064,18,12,YWHAH/DCTN2/DYNC1H1/YWHAB/PAFAH1B1/YWHAE/DCTN1/DCTN5/DCTN6/YWHAZ/DCTN3/CDK5,up,FALSE
WP_APOPTOSISRELATED_NETWORK_DUE_TO_ALTERED_NOTCH3_IN_OVARIAN_CANCER,WP_APOPTOSISRELATED_NETWORK_DUE_TO_ALTERED_NOTCH3_IN_OVARIAN_CANCER,WikiPathways,CD8,SF_vs_PB_CD8,1.55575263,0.445275321,0.0161995921,0.090849064,47,20,VIM/ANXA5/CDKN1A/BCL3/SMAD7/TRAF1/CTNNA1/F2R/ERBB3/AKT1/JUND/MAPK1/CASP7/TNF/ABL1/HELLS/PTK2B/ETS1/RNF7/YBX3,up,FALSE
WP_PI3KAKT_SIGNALING,WP_PI3KAKT_SIGNALING,WikiPathways,CD8,SF_vs_PB_CD8,1.3745036,0.314034574,0.0168763773,0.0940093503,192,68,CDKN1A/EIF4EBP1/ITGA2/CSF1/PDGFA/GNB4/IL2RB/ITGA3/FASLG/RAC1/F2R/HRAS/FN1/GNG5/ITGA1/MAPK3/MAP2K2/GNB1/MCL1/KRAS/LPAR2/PCK2/AKT3/BAD/SGK1/COL9A2/ITGB1/AKT1/NRAS/CDK2/MAPK1/GNB5/IL4R/SPP1/PIK3R6/EFNA5/EIF4E2/BCL2L11/IKBKG/DDIT4/PPP2CB/PIK3CD/RHEB/NTRK2/JAK3/CASP9/PPP2R5D/CSF1R/PIK3CG/GNG2/PIK3CB/IL2RA/SOS2/BRCA1/PHLPP1/CDK6/CCND2/VEGFA/PPP2R5A/VEGFB/STK11/EFNA3/SOS1/IL2RG/CCNE2/ITGA7/LPAR5/GNB2,up,FALSE
WP_FATTY_ACID_AND_LIPOPROTEIN_TRANSPORT_IN_HEPATOCYTES,WP_FATTY_ACID_AND_LIPOPROTEIN_TRANSPORT_IN_HEPATOCYTES,WikiPathways,CD8,SF_vs_PB_CD8,1.33511049,0.294034507,0.0174500307,0.0965568365,267,85,AP2B1/CYB5R3/EHD4/HIP1/LRP8/DPYSL2/PSTPIP1/CSNK1G1/LDLR/CYTH2/HRAS/EPS15/VDAC1/SLC27A4/DENND1B/SURF4/TNK2/SLC27A2/MSMO1/DNM2/MARCO/PGBD1/MSR1/ILDR1/DBI/MICALL1/RUFY1/SCARB2/PICALM/APOC1/TRIP10/OCIAD2/PIP5K1C/EHHADH/ECI2/OLR1/WASF2/INPPL1/DHCR24/CLEC10A/ECI1/CD6/PMVK/ACAT2/HMGCR/VLDLR/ACSL1/MVD/LRP10/CSNK1E/RABGAP1L/EPN2/SNX10/TFRC/ABL1/PIK3CG/APOBR/HEATR5A/AP2A1/PIK3CB/ABCD4/HSD17B10/LSR/CD5/FDPS/TOM1/RAB22A/LCAT/RALBP1/ACOX3/FABP3/FNBP1/BDH2/EBP/FKBP15/RAB5C/LSS/HDLBP/RAB34/SNX9/CD163/CSNK1G2/TSC2/RAB5A/ACLY,up,FALSE
WP_NETRINUNC5B_SIGNALING,WP_NETRINUNC5B_SIGNALING,WikiPathways,CD8,SF_vs_PB_CD8,1.58111142,0.487835279,0.017832091,0.0966314519,33,20,RAC1/RHOA/JUN/MAPK3/IL10/MAP2K2/ARHGEF12/CASP3/CCL2/AKT1/MAPK1/TNF/VCAM1/PTK2B/SRC/PIK3CA/PPP2R1B/AGAP2/MAP2K1/ICAM1,up,FALSE
WP_PROTEASOME_DEGRADATION,WP_PROTEASOME_DEGRADATION,WikiPathways,CD8,SF_vs_PB_CD8,1.52149662,0.419511368,0.0179862515,0.0966314519,57,21,PSMD8/PSMA7/PSMC1/PSMB6/PSMC3/PSMC2/PSMB3/HLA-G/PSMD10/PSMA6/PSMD9/PSMD1/PSMD7/IFNG/HLA-A/PSMB1/PSMB7/UBC/PSMD11/UBA1/PSMB2,up,FALSE
WP_METABOLIC_REPROGRAMMING_IN_PANCREATIC_CANCER,WP_METABOLIC_REPROGRAMMING_IN_PANCREATIC_CANCER,WikiPathways,CD8,SF_vs_PB_CD8,1.56263238,0.462303318,0.018033169,0.0966314519,40,13,SLC1A5/PKM/LDLR/GLUD1/LDHA/SLC2A1/SLC7A5/KRAS/FASN/PFKL/GPI/BCAT2/HMGCR,up,FALSE
WP_ALPHA_6_BETA_4_SIGNALING,WP_ALPHA_6_BETA_4_SIGNALING,WikiPathways,CD8,SF_vs_PB_CD8,1.61172253,0.535662098,0.0181225644,0.0966314519,24,8,EIF4EBP1/PRKCD/RAC1/RHOA/HRAS/MAPK3/AKT1/MAPK1,up,FALSE
WP_PATHOGENIC_ESCHERICHIA_COLI_INFECTION,WP_PATHOGENIC_ESCHERICHIA_COLI_INFECTION,WikiPathways,CD8,SF_vs_PB_CD8,1.55405186,0.452911354,0.0181315406,0.0966314519,43,18,EZR/TUBB6/RHOA/ROCK1/ITGB1/TUBA1A/TUBA1C/TUBB4B/TUBA4A/TUBB2A/LY96/TUBA1B/ABL1/ARPC2/ARPC4/ROCK2/ARPC1B/ARPC5,up,FALSE
WP_RELATIONSHIP_BETWEEN_INFLAMMATION_COX2_AND_EGFR,WP_RELATIONSHIP_BETWEEN_INFLAMMATION_COX2_AND_EGFR,WikiPathways,CD8,SF_vs_PB_CD8,1.62577133,0.580612095,0.018162056,0.0966314519,18,12,HRAS/MAPK3/KRAS/AKT3/AKT1/NRAS/MAPK1/PIK3CD/PIK3CG/PIK3CB/SRC/PIK3CA,up,FALSE
WP_CAFFEINE_IN_BLOOD_VESSELS,WP_CAFFEINE_IN_BLOOD_VESSELS,WikiPathways,CD8,SF_vs_PB_CD8,1.62865801,0.590425529,0.0189203935,0.0997331974,17,12,PDE4A/ADCY3/PPP1R12C/CALM2/PDE4B/ADORA2A/ADCY7/PPP1R12A/PPP1CB/CALM3/ADCY4/PDE4D,up,FALSE
WP_CANNABINOID_RECEPTOR_SIGNALING,WP_CANNABINOID_RECEPTOR_SIGNALING,WikiPathways,CD8,SF_vs_PB_CD8,1.61598049,0.56189532,0.0189853556,0.0997331974,20,9,MAPK11/AHR/MAPK3/PRKAR1A/PRKAR1B/PRKACA/MAPK1/ADORA2A/ADCY7,up,FALSE
WP_BEMPEDOIC_ACID_THERAPY_IN_ATHEROSCLEROSIS_AND_METABOLIC_SYNDROME,WP_BEMPEDOIC_ACID_THERAPY_IN_ATHEROSCLEROSIS_AND_METABOLIC_SYNDROME,WikiPathways,CD8,SF_vs_PB_CD8,1.61447541,0.561371986,0.0192119944,0.100289027,20,9,MAPK11/MAPK3/PCK2/SLC27A2/MAPK1/ACACA/PRKAG1/PRKAB2/MAPK12,up,FALSE
WP_PPAR_SIGNALING,WP_PPAR_SIGNALING,WikiPathways,CD8,SF_vs_PB_CD8,1.57602691,0.49697665,0.0200537946,0.103270855,30,11,ILK/SLC27A4/RXRA/PCK2/GK/PPARA/DBI/PPARG/EHHADH/OLR1/ACSL1,up,FALSE
WP_COHESIN_COMPLEX_CORNELIA_DE_LANGE_SYNDROME,WP_COHESIN_COMPLEX_CORNELIA_DE_LANGE_SYNDROME,WikiPathways,CD8,SF_vs_PB_CD8,1.57571722,0.496878994,0.0201389125,0.103270855,30,17,PTTG1/CDK1/STAG3/ESCO2/SMC3/PPP2CB/ESPL1/PPP2R5D/CDCA5/SMC1A/PPP2R5A/RAD21/REC8/PPP2R1B/AURKB/PDS5A/PPP2R5B,up,FALSE
WP_INHIBITION_OF_EXOSOME_BIOGENESIS_AND_SECRETION_BY_MANUMYCIN_A_IN_CRPC_CELLS,WP_INHIBITION_OF_EXOSOME_BIOGENESIS_AND_SECRETION_BY_MANUMYCIN_A_IN_CRPC_CELLS,WikiPathways,CD8,SF_vs_PB_CD8,1.6215184,0.587837259,0.0202932221,0.103270855,17,8,RAB27A/HRAS/MAPK3/KRAS/RRAS/NRAS/MAPK1/HGS,up,FALSE
WP_FGFR3_SIGNALING_IN_CHONDROCYTE_PROLIFERATION_AND_TERMINAL_DIFFERENTIATION,WP_FGFR3_SIGNALING_IN_CHONDROCYTE_PROLIFERATION_AND_TERMINAL_DIFFERENTIATION,WikiPathways,CD8,SF_vs_PB_CD8,1.60819481,0.559188146,0.0203451883,0.103270855,20,7,CDKN1A/MAPK11/MAPK3/MAP2K2/MAPK1/CNP/RBL1,up,FALSE
WP_ESTROGEN_SIGNALING,WP_ESTROGEN_SIGNALING,WikiPathways,CD8,SF_vs_PB_CD8,1.60384956,0.550978035,0.0204053255,0.103270855,21,13,JUN/GNB1/AKT1/GNAS/PRKACA/MAPK1/SP1/IKBKG/ELK1/PIK3CA/MAP2K1/MAPK9/NFKB1,up,FALSE
WP_GLYCOLYSIS_IN_SENESCENCE,WP_GLYCOLYSIS_IN_SENESCENCE,WikiPathways,CD8,SF_vs_PB_CD8,1.62595598,0.661368747,0.0206991139,0.103529505,11,5,PKM/LDHA/PGK1/GAPDH/ENO1,up,FALSE
WP_INTERFERON_SIGNALING_IN_TUBERCULOSIS,WP_INTERFERON_SIGNALING_IN_TUBERCULOSIS,WikiPathways,CD8,SF_vs_PB_CD8,1.59462835,0.52998078,0.0207607684,0.103529505,24,8,MX1/IFI35/SOCS1/OAS1/IFIT1/IFIT3/TAP1/IRF9,up,FALSE
WP_RESISTIN_AS_A_REGULATOR_OF_INFLAMMATION,WP_RESISTIN_AS_A_REGULATOR_OF_INFLAMMATION,WikiPathways,CD8,SF_vs_PB_CD8,1.57324197,0.503829976,0.0209180709,0.103529505,28,13,MAPK3/AKT3/AKT1/PLCD1/MAPK1/ITPR1/IKBKG/PIK3CD/TNF/PLCG2/PLCD3/PIK3CG/PIK3CB,up,FALSE
WP_KCNQ2_AND_KCNQ3RELATED_EPILEPSY,WP_KCNQ2_AND_KCNQ3RELATED_EPILEPSY,WikiPathways,CD8,SF_vs_PB_CD8,1.60403945,0.557743279,0.0209553696,0.103529505,20,6,STX1A/AKAP5/RAB11A/DAG1/PRKACA/ITPR1,up,FALSE
WP_2Q37_COPY_NUMBER_VARIATION_SYNDROME,WP_2Q37_COPY_NUMBER_VARIATION_SYNDROME,WikiPathways,CD8,SF_vs_PB_CD8,1.45350333,0.374691428,0.0220177456,0.10813449,83,33,MAP4/PDCD1/PDGFA/ILK/CYTH2/RAB27A/RAC1/JUN/MYO5A/GPC1/LRRFIP1/RNPEPL1/RRAGC/NEDD8/GPR35/HJURP/TNF/GABARAPL1/CFLAR/ARF5/ASB1/TRAF3/FARP2/CENPA/STK25/GAL3ST2/CAPN10/DTYMK/ING5/HDLBP/ATG4B/IL13RA1/GABARAP,up,FALSE
WP_MACROPHAGESTIMULATING_PROTEIN_MSP_SIGNALING,WP_MACROPHAGESTIMULATING_PROTEIN_MSP_SIGNALING,WikiPathways,CD8,SF_vs_PB_CD8,1.45875265,0.379824125,0.0226191784,0.110068521,78,21,VIM/DUSP4/DUSP6/SOCS1/JUN/LDHA/FN1/SLC2A1/MAPK3/IL10/MAP2K2/ITGB1/CCL2/AKT1/EGR1/MAPK1/CSF2/NDRG1/PCNA/ACACA/TNF,up,FALSE
WP_VASOPRESSINREGULATED_WATER_REABSORPTION,WP_VASOPRESSINREGULATED_WATER_REABSORPTION,WikiPathways,CD8,SF_vs_PB_CD8,1.55386271,0.476062153,0.0226767677,0.110068521,34,12,ADCY3/DYNLL1/DCTN2/RAB11A/ARHGDIA/DYNC1I2/DYNC2H1/GNAS/PRKACA/DYNC1H1/DYNC1LI2/DYNC1LI1,up,FALSE
WP_PATHOGENESIS_OF_SARSCOV2_MEDIATED_BY_NSP9NSP10_COMPLEX,WP_PATHOGENESIS_OF_SARSCOV2_MEDIATED_BY_NSP9NSP10_COMPLEX,WikiPathways,CD8,SF_vs_PB_CD8,1.61021271,0.603122045,0.0228359848,0.110196904,15,5,CD2/HLA-DRA/HLA-DRB5/HLA-DRB1/CD8A,up,FALSE
WP_RANKLRANK_SIGNALING,WP_RANKLRANK_SIGNALING,WikiPathways,CD8,SF_vs_PB_CD8,1.51214572,0.432794493,0.023600421,0.113227453,47,24,TRAF1/RAC1/JUN/MAPK3/ACP5/TAB2/AKT1/MAPK1/IKBKG/VCAM1/GAB2/TRAF2/TRAF3/CTSK/SRC/SPI1/NFKB2/SQSTM1/MAP2K1/ICAM1/MAPK9/NFKB1/TRAF5/SYK,up,FALSE
WP_FOCAL_ADHESION,WP_FOCAL_ADHESION,WikiPathways,CD8,SF_vs_PB_CD8,1.39348927,0.337215366,0.0244997223,0.116255892,125,50,ITGA2/ACTN4/PDGFA/ARHGAP35/ITGA3/ILK/RAC1/RHOA/JUN/HRAS/ZYX/FN1/ITGA1/MYL12B/MAPK3/PARVG/TNK2/AKT3/BAD/STYK1/ROCK1/ITGB1/PPP1R12C/TLN1/AKT1/MAPK1/SPP1/PARVB/RAPGEF1/DIAPH1/PIP5K1C/PAK1/VAV2/PIK3CD/CRK/BIRC3/PPP1R12A/PIK3CB/HCK/PPP1CB/ROCK2/RAC3/ELK1/CCND2/VEGFA/PAK4/CAPN2/CAV1/VEGFB/SRC,up,FALSE
WP_8P231_COPY_NUMBER_VARIATION_SYNDROME,WP_8P231_COPY_NUMBER_VARIATION_SYNDROME,WikiPathways,CD8,SF_vs_PB_CD8,1.54322986,0.472804531,0.0245117845,0.116255892,34,7,S100A10/CTSB/CTSD/ERI1/MAPK3/MFHAS1/MAPK1,up,FALSE
WP_OREXIN_RECEPTOR_PATHWAY,WP_OREXIN_RECEPTOR_PATHWAY,WikiPathways,CD8,SF_vs_PB_CD8,1.3977203,0.340928455,0.0249996228,0.117264259,118,34,CDKN1A/EIF4EBP1/DUSP4/SKIL/KLF10/PRKCD/LDLR/LDHA/SLC2A1/BHLHE40/MAPK3/IL10/MAP2K2/SGK1/RRAGC/PPOX/CASP3/TOX/GNAS/FOXO1/EGR1/PLCD1/MAPK1/SPP1/ZFP28/LUZP1/RARA/KLF4/PPARG/CHML/SRF/CAMKK2/TNF/VCAM1,up,FALSE
WP_BDNFTRKB_SIGNALING,WP_BDNFTRKB_SIGNALING,WikiPathways,CD8,SF_vs_PB_CD8,1.54978588,0.496318176,0.0251563728,0.117264259,28,16,EIF4EBP1/HRAS/KRAS/AKT1/NRAS/MAPK1/TRPC3/RHEB/NTRK2/GAB2/PIK3CG/SOS1/EEF2K/TSC2/TSC1/MAP2K1,up,FALSE
WP_TARGET_OF_RAPAMYCIN_SIGNALING,WP_TARGET_OF_RAPAMYCIN_SIGNALING,WikiPathways,CD8,SF_vs_PB_CD8,1.53855572,0.471372498,0.0252693603,0.117264259,34,12,EIF4EBP1/FKBP1A/RAC1/RRAGC/AKT1/DDIT4L/DDIT4/PRKAG1/RHEB/HMGCR/ULK1/PRKAB2,up,FALSE
WP_BLOODBASED_NEUROINFLAMMATION_MARKERS,WP_BLOODBASED_NEUROINFLAMMATION_MARKERS,WikiPathways,CD8,SF_vs_PB_CD8,1.59999179,0.650807634,0.0254272463,0.117264259,11,10,CCL5/CCL23/TSPO/CCL2/DBI/GRN/OLR1/TNF/TREM1/TREM2,up,FALSE
WP_MRNA_PROCESSING,WP_MRNA_PROCESSING,WikiPathways,CD8,SF_vs_PB_CD8,-1.35711582,-0.303496593,0.0254308032,0.117264259,122,30,HNRNPR/RBM17/TRA2B/PRPF6/SF3A3/PCBP2/PAPOLA/HNRNPH1/SNRPA/PRPF3/HNRNPM/PRPF18/RBM39/SF3A1/HNRNPA2B1/U2AF2/CDC40/SNRPD2/NCBP2/SRSF6/HNRNPC/SNRPN/SRSF1/HNRNPA1/YBX1/RBMX/SRPK2/SRSF5/CELF2/FUS,down,FALSE
WP_MULTIPLE_SCLEROSIS_MECHANISM_AND_THERAPIES,WP_MULTIPLE_SCLEROSIS_MECHANISM_AND_THERAPIES,WikiPathways,CD8,SF_vs_PB_CD8,-1.61994537,-0.724966686,0.0257061595,0.11774935,7,2,S1PR1/S1PR5,down,FALSE
WP_SEROTONIN_RECEPTOR_467_AND_NR3C_SIGNALING,WP_SEROTONIN_RECEPTOR_467_AND_NR3C_SIGNALING,WikiPathways,CD8,SF_vs_PB_CD8,1.59140065,0.57691889,0.0258197371,0.11774935,17,10,MAPK3/MAP2K2/MAPKAPK2/GNAS/EGR1/ELK4/MAPK1/SRF/ELK1/NR3C1,up,FALSE
WP_RAS_SIGNALING,WP_RAS_SIGNALING,WikiPathways,CD8,SF_vs_PB_CD8,1.38542168,0.334592911,0.0261900124,0.118785302,127,53,RALGDS/GNB4/RASAL3/FASLG/RAC1/RHOA/HRAS/RALB/GNG5/MAPK3/MAP2K2/GNB1/KRAS/AKT3/BAD/RASGRP1/PLD2/RALA/AKT1/RRAS/CALM2/PRKACA/NRAS/MAPK1/GNB5/ARF6/KSR1/PAK1/IKBKG/PIK3CD/NTRK2/RASGRP3/PLCG2/GAB2/ABL1/CSF1R/GNG2/PIK3CB/SOS2/RAC3/ETS1/ELK1/PAK4/RASA4/SOS1/RALBP1/GNB2/RAB5C/PIK3CA/RASA1/RAB5A/CALM3/GNG4,up,FALSE
WP_REGULATION_OF_SISTER_CHROMATID_SEPARATION_AT_THE_METAPHASEANAPHASE_TRANSITION,WP_REGULATION_OF_SISTER_CHROMATID_SEPARATION_AT_THE_METAPHASEANAPHASE_TRANSITION,WikiPathways,CD8,SF_vs_PB_CD8,1.59257014,0.606887718,0.0266018968,0.119556497,14,9,PTTG1/CENPE/BUB1B/SMC3/ESPL1/MAD2L1/BUB3/SMC1A/RAD21,up,FALSE
WP_2Q112_COPY_NUMBER_VARIATION_SYNDROME,WP_2Q112_COPY_NUMBER_VARIATION_SYNDROME,WikiPathways,CD8,SF_vs_PB_CD8,1.55155597,0.505977946,0.0266481348,0.119556497,26,11,RHOA/ARID5A/ITPRIPL1/NCAPH/MAPK3/PLXNB2/MAPK1/TMEM127/CNNM3/CNNM4/KANSL3,up,FALSE
WP_CHOLESTEROL_BIOSYNTHESIS_PATHWAY,WP_CHOLESTEROL_BIOSYNTHESIS_PATHWAY,WikiPathways,CD8,SF_vs_PB_CD8,1.58731883,0.594546903,0.0271941324,0.121350161,15,9,SQLE/MSMO1/PMVK/HMGCR/MVD/FDPS/LSS/HMGCS1/IDI1,up,FALSE
WP_PI3KAKTMTOR_VITAMIN_D3_SIGNALING,WP_PI3KAKTMTOR_VITAMIN_D3_SIGNALING,WikiPathways,CD8,SF_vs_PB_CD8,1.56542663,0.544317151,0.0284518828,0.126283758,20,9,HLA-DRA/CD86/LDHA/VDR/IL10/RXRA/AKT1/PFKFB4/CD80,up,FALSE
WP_PHYSIOLOGICAL_AND_PATHOLOGICAL_HYPERTROPHY_OF_THE_HEART,WP_PHYSIOLOGICAL_AND_PATHOLOGICAL_HYPERTROPHY_OF_THE_HEART,WikiPathways,CD8,SF_vs_PB_CD8,1.56671409,0.559520968,0.0290137092,0.127455519,18,8,MAPK11/RAC1/RHOA/JUN/MYEF2/PPP3CA/MAPK1/PPP3CB,up,FALSE
WP_CHOLESTEROL_SYNTHESIS_DISORDERS,WP_CHOLESTEROL_SYNTHESIS_DISORDERS,WikiPathways,CD8,SF_vs_PB_CD8,1.57416128,0.570669226,0.0290230037,0.127455519,17,11,SQLE/MSMO1/DHCR24/PMVK/HMGCR/MVD/FDPS/EBP/LSS/HMGCS1/IDI1,up,FALSE
WP_CONTROL_OF_IMMUNE_TOLERANCE_BY_VASOACTIVE_INTESTINAL_PEPTIDE,WP_CONTROL_OF_IMMUNE_TOLERANCE_BY_VASOACTIVE_INTESTINAL_PEPTIDE,WikiPathways,CD8,SF_vs_PB_CD8,1.58227308,0.643600425,0.0293613412,0.128262701,11,6,CD86/FAS/IL10/CTLA4/CD80/IFNG,up,FALSE
WP_TYPE_I_INTERFERON_INDUCTION_AND_SIGNALING_DURING_SARSCOV2_INFECTION,WP_TYPE_I_INTERFERON_INDUCTION_AND_SIGNALING_DURING_SARSCOV2_INFECTION,WikiPathways,CD8,SF_vs_PB_CD8,1.5517831,0.520943951,0.0296045822,0.128648184,23,9,OAS3/IRF7/OAS1/EIF2AK2/IFIH1/IRF9/TRAF3/OAS2/MYD88,up,FALSE
WP_METABOLIC_PATHWAYS_OF_FIBROBLASTS,WP_METABOLIC_PATHWAYS_OF_FIBROBLASTS,WikiPathways,CD8,SF_vs_PB_CD8,1.54210688,0.50760215,0.0299437264,0.128851132,25,9,SLC1A5/GLUD1/RHOA/LDHA/SLC2A1/PGM1/GPI/P4HA2/PSAT1,up,FALSE
WP_IL19_SIGNALING,WP_IL19_SIGNALING,WikiPathways,CD8,SF_vs_PB_CD8,1.55217646,0.526877851,0.0299617693,0.128851132,22,15,SOCS1/RAC1/MAPK3/AKT1/MAPK1/IL4R/TNF/TGFB1/STAT3/IL4/NFKB1/CXCR4/TNFRSF1A/MAPK8/ACTA2,up,FALSE
WP_TYROBP_CAUSAL_NETWORK_IN_MICROGLIA,WP_TYROBP_CAUSAL_NETWORK_IN_MICROGLIA,WikiPathways,CD8,SF_vs_PB_CD8,1.46849782,0.410393393,0.0308608819,0.13203367,53,25,CAPG/SAMSN1/SLC1A5/TCIRG1/RGS1/CXCL16/CD84/SFT2D2/LGALS9C/SPP1/LHFPL2/ITGAX/RNASE6/C1QC/SLC7A7/NCKAP1L/NCF2/FKBP15/RBM47/ADAP2/IL13RA1/ITGB2/ABCC4/SH2B3/TNFRSF1B,up,FALSE
WP_VEDOLIZUMAB_THERAPY_FOR_INFLAMMATORY_BOWEL_DISEASE,WP_VEDOLIZUMAB_THERAPY_FOR_INFLAMMATORY_BOWEL_DISEASE,WikiPathways,CD8,SF_vs_PB_CD8,1.56665574,0.676140143,0.0321055525,0.136654403,9,6,ITGA2/ITGB1/VCAM1/SELPLG/ITGB2/ICAM1,up,FALSE
WP_IL1_SIGNALING,WP_IL1_SIGNALING,WikiPathways,CD8,SF_vs_PB_CD8,1.46919083,0.416962097,0.0324821045,0.137551769,49,14,JUN/MAPK3/MAP2K2/MAP3K2/TOLLIP/MAPKAPK2/CCL2/TAB2/AKT1/MAP3K3/MAPK1/TAB3/IRAK1/IKBKG,up,FALSE
WP_DNA_DAMAGE_RESPONSE_ONLY_ATM_DEPENDENT,WP_DNA_DAMAGE_RESPONSE_ONLY_ATM_DEPENDENT,WikiPathways,CD8,SF_vs_PB_CD8,1.38775004,0.350573782,0.0359800145,0.151001005,94,33,CDKN1A/CDKN2A/FASLG/LDLR/RAC1/RHOA/WNT10A/JUN/HRAS/KRAS/PCK2/AKT3/BAD/TP73/HMGB1/AKT1/BAK1/NRAS/MAPK1/BIK/BCL2L11/PIK3CD/ABL1/PIK3CG/MLKL/PIK3CB/SOS2/BBC3/BCL6/DVL3/RAC3/CCND2/PLAU,up,FALSE
WP_PROXIMAL_TUBULE_TRANSPORT,WP_PROXIMAL_TUBULE_TRANSPORT,WikiPathways,CD8,SF_vs_PB_CD8,1.50141625,0.473449288,0.0360219264,0.151001005,30,11,ATP1B1/SLC1A1/SLC4A2/SLC2A1/SLC12A4/FXYD2/ATP6V0B/ATP6V1E1/SLC7A7/SLC26A6/ATP6V1D,up,FALSE
WP_DEREGULATING_CELLULAR_METABOLISM_THROUGH_NONGENOTOXIC_CARCINOGENS,WP_DEREGULATING_CELLULAR_METABOLISM_THROUGH_NONGENOTOXIC_CARCINOGENS,WikiPathways,CD8,SF_vs_PB_CD8,-1.55495758,-0.527021263,0.0367085661,0.152765941,18,8,LONP2/TRAP1/SESN2/HSPD1/OMA1/PHB2/EIF2A/MYC,down,FALSE
WP_GLIOBLASTOMA_SIGNALING,WP_GLIOBLASTOMA_SIGNALING,WikiPathways,CD8,SF_vs_PB_CD8,1.40787076,0.368163631,0.0368110701,0.152765941,76,28,CDKN1A/CDKN2A/PRKCD/HRAS/MAPK3/ERBB3/MAP2K2/BRCA2/KRAS/CDKN2C/AKT3/AKT1/FOXO1/CDKN2B/NRAS/CDK2/MAPK1/EP300/PIK3CD/PLCG2/PIK3CG/PIK3CB/BRCA1/CDK6/CCND2/E2F1/SRC/MAP2K4,up,FALSE
WP_INHIBITORS_OF_METABOLISM_IN_MELANOMA_THERAPY,WP_INHIBITORS_OF_METABOLISM_IN_MELANOMA_THERAPY,WikiPathways,CD8,SF_vs_PB_CD8,1.4888756,0.459376887,0.0372699153,0.153244891,33,8,SLC1A5/PKM/NAMPT/LDHA/SLC2A1/MAPK3/SLC16A3/MAP2K2,up,FALSE
WP_INTEGRATIVE_ANALYSIS_OF_TREGGLIAL_INTERACTIONS,WP_INTEGRATIVE_ANALYSIS_OF_TREGGLIAL_INTERACTIONS,WikiPathways,CD8,SF_vs_PB_CD8,1.40356848,0.365455492,0.0372957446,0.153244891,78,32,CD44/ITGA2/LGALS1/PDCD1/LGALS3/PDGFA/CD68/IL2RB/RAC1/CD86/IL10/CTLA4/FOXO1/EBI3/CNP/MCAM/SPP1/FAM20C/TNF/CD80/FOXP3/JAK3/IFNG/IL2RA/NLRP3/VEGFA/MYD88/IL2RG/IL10RB/NFKB2/ITGAV/TYK2,up,FALSE
WP_EFFECT_OF_DASATINIB_ON_THE_BCRABL_SIGNALING_PATHWAY,WP_EFFECT_OF_DASATINIB_ON_THE_BCRABL_SIGNALING_PATHWAY,WikiPathways,CD8,SF_vs_PB_CD8,1.47295101,0.438199987,0.037846046,0.15406309,39,18,MAPK11/HRAS/SPAG1/MAPK3/MAP3K2/KRAS/AKT3/AKT1/NRAS/MAPK1/GAB2/CRK/ABL1/SRC/SOS1/DOK1/PIK3CA/CRKL,up,FALSE
WP_GROWTH_FACTORS_AND_HORMONES_IN_BETA_CELL_PROLIFERATION,WP_GROWTH_FACTORS_AND_HORMONES_IN_BETA_CELL_PROLIFERATION,WikiPathways,CD8,SF_vs_PB_CD8,1.52663304,0.530828168,0.0378661088,0.15406309,20,9,PDGFA/SMAD7/MAPK3/KRAS/AKT3/AKT1/FOXO1/CDK2/MAPK1,up,FALSE
WP_DNA_IRDAMAGE_AND_CELLULAR_RESPONSE_VIA_ATR,WP_DNA_IRDAMAGE_AND_CELLULAR_RESPONSE_VIA_ATR,WikiPathways,CD8,SF_vs_PB_CD8,1.40020047,0.364578545,0.0383160406,0.154416924,78,36,CDK1/BARD1/BRCA2/PML/CDK2/FANCI/SP1/RECQL/RBBP8/RECQL4/DCLRE1A/IKBKG/PCNA/MLH1/CHEK1/RMI1/FANCA/FOXM1/USP1/RAD51/FEN1/SMC1A/BCL6/BRCA1/CDC45/EXO1/MCM2/BRIP1/E2F1/CLSPN/CDC25C/TP53BP1/UPF1/TRIM28/PALB2/FANCD2,up,FALSE
WP_GLYCEROL_METABOLISM_INCLUDING_LINKED_IMDS,WP_GLYCEROL_METABOLISM_INCLUDING_LINKED_IMDS,WikiPathways,CD8,SF_vs_PB_CD8,1.52004663,0.522188816,0.0383251643,0.154416924,21,10,PGK1/GAPDH/ENO1/GK/PGAM1/TPI1/PFKL/GPI/SDS/KHK,up,FALSE
WP_GNAQ_PATHWAYS_IN_PORTWINE_STAIN,WP_GNAQ_PATHWAYS_IN_PORTWINE_STAIN,WikiPathways,CD8,SF_vs_PB_CD8,1.52290201,0.529530845,0.0386506276,0.15487258,20,6,RAC1/RHOA/MAPK3/MAP2K2/AKT1/MAPK1,up,FALSE
WP_NOTCH_SIGNALING_WP268,WP_NOTCH_SIGNALING_WP268,WikiPathways,CD8,SF_vs_PB_CD8,1.47775191,0.449944649,0.0388114416,0.15487258,35,12,NOTCH1/LFNG/RBPJ/PSEN1/JAG2/DTX3L/NCOR2/NOTCH2/ADAM17/KAT2B/DTX2/NUMB,up,FALSE
WP_ARYL_HYDROCARBON_RECEPTOR_PATHWAY_WP2873,WP_ARYL_HYDROCARBON_RECEPTOR_PATHWAY_WP2873,WikiPathways,CD8,SF_vs_PB_CD8,1.50483962,0.495335204,0.0394431155,0.156221288,25,16,AHR/JUN/SLC7A5/MYOF/JUND/POLK/ARNT/NCOA1/EP300/TNF/IFNG/SRC/NQO1/TGFB1/CDC37/AIP,up,FALSE
WP_OSTEOBLAST_DIFFERENTIATION_AND_RELATED_DISEASES,WP_OSTEOBLAST_DIFFERENTIATION_AND_RELATED_DISEASES,WikiPathways,CD8,SF_vs_PB_CD8,1.42545315,0.390287791,0.0396025253,0.156221288,59,15,NOTCH1/WNT9A/RBPJ/PRKCD/MAPK11/JAG2/WNT10A/MAPK3/BMPR2/NOTCH2/MAPK1/MAPK6/PIK3R6/PPARG/PIK3CD,up,FALSE
WP_FAMILIAL_PARTIAL_LIPODYSTROPHY,WP_FAMILIAL_PARTIAL_LIPODYSTROPHY,WikiPathways,CD8,SF_vs_PB_CD8,1.51824115,0.527910209,0.0397140865,0.156221288,20,6,LMNA/ICMT/LMNB1/LMNB2/PPARA/PPARG,up,FALSE
WP_HOSTPATHOGEN_INTERACTION_OF_HUMAN_CORONAVIRUSES_INTERFERON_INDUCTION,WP_HOSTPATHOGEN_INTERACTION_OF_HUMAN_CORONAVIRUSES_INTERFERON_INDUCTION,WikiPathways,CD8,SF_vs_PB_CD8,1.48368807,0.464424784,0.040118997000000003,0.157025348,31,13,OAS3/OAS1/EIF2AK2/JUN/IFIH1/IRF9/IKBKG/TRAF3/OAS2/MYD88/RIPK1/TYK2/TICAM1,up,FALSE
WP_MFAP5MEDIATED_OVARIAN_CANCER_CELL_MOTILITY_AND_INVASIVENESS,WP_MFAP5MEDIATED_OVARIAN_CANCER_CELL_MOTILITY_AND_INVASIVENESS,WikiPathways,CD8,SF_vs_PB_CD8,1.53778245,0.663678955,0.0402968664,0.157025348,9,4,JUN/MAPK3/ITPR3/MAPK1,up,FALSE
WP_ESTROGEN_RECEPTOR_PATHWAY,WP_ESTROGEN_RECEPTOR_PATHWAY,WikiPathways,CD8,SF_vs_PB_CD8,1.52630857,0.708151212,0.0419879875,0.162850606,7,3,JUN/PPARA/SP1,up,FALSE
WP_CYTOKINECYTOKINE_RECEPTOR_INTERACTION,WP_CYTOKINECYTOKINE_RECEPTOR_INTERACTION,WikiPathways,CD8,SF_vs_PB_CD8,1.33214541,0.319283402,0.0424477034,0.163867878,134,34,CCL4L2/CSF1/CCR5/CXCL13/IL2RB/CCL5/CD27/CCL3/CCL23/FASLG/CD70/CCL4/FAS/IL10/TNFRSF12A/TNFRSF18/BMPR2/CXCL16/XCL1/CCL2/CXCR6/TNFSF4/IL4R/CSF2/CCL18/TNFSF10/TNFSF12/IL1R2/IL1RN/TNFRSF9/TNF/XCL2/IL26/IL21,up,FALSE
WP_PHOTODYNAMIC_THERAPYINDUCED_UNFOLDED_PROTEIN_RESPONSE,WP_PHOTODYNAMIC_THERAPYINDUCED_UNFOLDED_PROTEIN_RESPONSE,WikiPathways,CD8,SF_vs_PB_CD8,-1.50265197,-0.471683824,0.0428013712,0.164096481,24,9,NFE2L2/UBE2E1/DNAJC3/XBP1/DNAJB9/HSP90B1/HSPA5/EIF2A/ERN1,down,FALSE
WP_METHIONINE_METABOLISM_LEADING_TO_SULFUR_AMINO_ACIDS_AND_RELATED_DISORDERS,WP_METHIONINE_METABOLISM_LEADING_TO_SULFUR_AMINO_ACIDS_AND_RELATED_DISORDERS,WikiPathways,CD8,SF_vs_PB_CD8,-1.55869803,-0.66940905,0.0429023329,0.164096481,8,6,CDO1/ADK/CSAD/MAT2B/AHCY/CTH,down,FALSE
WP_NOTCH_SIGNALING_WP61,WP_NOTCH_SIGNALING_WP61,WikiPathways,CD8,SF_vs_PB_CD8,1.4277503,0.403679399,0.043644817,0.166170633,50,16,CDKN1A/NOTCH1/RBPJ/PSEN1/JAG2/AKT1/NCOR2/NOTCH2/PSENEN/SPEN/ADAM17/EP300/SAP30/NCOR1/SNW1/NUMB,up,FALSE
WP_SOMITOGENESIS_IN_THE_CONTEXT_OF_SPONDYLOCOSTAL_DYSOSTOSIS,WP_SOMITOGENESIS_IN_THE_CONTEXT_OF_SPONDYLOCOSTAL_DYSOSTOSIS,WikiPathways,CD8,SF_vs_PB_CD8,1.49673756,0.769274839,0.044009134,0.166792608,5,2,NOTCH1/LFNG,up,FALSE
WP_GLYCOSYLATION_AND_RELATED_CONGENITAL_DEFECTS,WP_GLYCOSYLATION_AND_RELATED_CONGENITAL_DEFECTS,WikiPathways,CD8,SF_vs_PB_CD8,-1.49539121,-0.469404662,0.0448724053,0.169291347,24,12,MGAT2/ALG3/GMPPB/DPM2/ALG11/B4GALT1/SRD5A3/ALG2/DPAGT1/ALG13/PMM2/MPI,down,FALSE
WP_OMEGA3FATTY_ACIDS_IN_SENESCENCE,WP_OMEGA3FATTY_ACIDS_IN_SENESCENCE,WikiPathways,CD8,SF_vs_PB_CD8,-1.51463238,-0.506223646,0.0452919307,0.170100916,19,5,HPGD/CYP2E1/EPHX2/CMKLR1/LTA4H,down,FALSE
WP_GALANIN_RECEPTOR_PATHWAY,WP_GALANIN_RECEPTOR_PATHWAY,WikiPathways,CD8,SF_vs_PB_CD8,1.52391906,0.61986453,0.0458737119,0.170861389,11,4,CDKN1A/PRKCD/PPARG/BCL2L11,up,FALSE
WP_DNA_IRDOUBLE_STRAND_BREAKS_AND_CELLULAR_RESPONSE_VIA_ATM,WP_DNA_IRDOUBLE_STRAND_BREAKS_AND_CELLULAR_RESPONSE_VIA_ATM,WikiPathways,CD8,SF_vs_PB_CD8,1.41874921,0.397957433,0.0459061322,0.170861389,52,26,CDKN2A/BRCA2/APAF1/TP73/CASP3/BAK1/DCLRE1C/BID/SMC3/PCNA/RIF1/CHEK1/STK3/CASP9/ABL1/RAD51/SMC1A/BRCA1/EXO1/ACTL6A/E2F1/CDC25C/TP53BP1/UPF1/TRIM28/FANCD2,up,FALSE
WP_IL3_SIGNALING,WP_IL3_SIGNALING,WikiPathways,CD8,SF_vs_PB_CD8,1.43196278,0.417329832,0.0469267453,0.173880351,43,20,JUN/HRAS/CD86/MAPK3/BAD/AKT1/PRKACA/YWHAB/MAPK1/RAPGEF1/PIK3CD/GAB2/IL5RA/HCK/SRC/SOS1/CRKL/TGFB1/STAT3/MAP2K1,up,FALSE
WP_ARRHYTHMOGENIC_RIGHT_VENTRICULAR_CARDIOMYOPATHY,WP_ARRHYTHMOGENIC_RIGHT_VENTRICULAR_CARDIOMYOPATHY,WikiPathways,CD8,SF_vs_PB_CD8,1.44640338,0.43499414,0.0475520257,0.175326584,37,11,ITGA2/ACTN4/LMNA/SGCB/ITGA3/CTNNA1/CACNB2/ITGA1/ATP2A2/ITGB1/DAG1,up,FALSE
WP_ERBB_SIGNALING,WP_ERBB_SIGNALING,WikiPathways,CD8,SF_vs_PB_CD8,1.38374831,0.365242186,0.0477395278,0.175326584,72,29,CDKN1A/EIF4EBP1/JUN/HRAS/MAPK3/ERBB3/MAP2K2/KRAS/AKT3/BAD/AKT1/FOXO1/NRAS/MAPK1/BCL2L11/PAK1/PIK3CD/PLCG2/CRK/ABL1/PIK3CB/SOS2/ELK1/PAK4/SRC/MAP2K4/SOS1/PIK3CA/CRKL,up,FALSE
WP_NUCLEOTIDE_METABOLISM,WP_NUCLEOTIDE_METABOLISM,WikiPathways,CD8,SF_vs_PB_CD8,1.49699275,0.534621373,0.0485431787,0.176885101,18,4,HPRT1/POLG/IMPDH1/MTHFD2,up,FALSE
WP_OMEGA6FATTY_ACIDS_IN_SENESCENCE,WP_OMEGA6FATTY_ACIDS_IN_SENESCENCE,WikiPathways,CD8,SF_vs_PB_CD8,-1.42841268,-0.400575307,0.0485934777,0.176885101,38,10,HPGD/GPX1/PTGDR2/TP53/DPEP2/PTGDR/PTGER2/EPHX2/LTA4H/AKR1C3,down,FALSE
WP_OSX_AND_MIRNAS_IN_TOOTH_DEVELOPMENT,WP_OSX_AND_MIRNAS_IN_TOOTH_DEVELOPMENT,WikiPathways,CD8,SF_vs_PB_CD8,1.49856255,0.728611385,0.0488032386,0.176885101,6,3,NOTCH1/NOTCH2/KLF4,up,FALSE
WP_HAIR_FOLLICLE_DEVELOPMENT_ORGANOGENESIS_STAGE_2_OF_3,WP_HAIR_FOLLICLE_DEVELOPMENT_ORGANOGENESIS_STAGE_2_OF_3,WikiPathways,CD8,SF_vs_PB_CD8,-1.5021797,-0.502061686,0.0494306358,0.177131663,19,5,LEF1/NCAM1/MYC/PTCH1/EDA,down,FALSE
WP_MITOCHONDRIAL_COMPLEX_III_ASSEMBLY,WP_MITOCHONDRIAL_COMPLEX_III_ASSEMBLY,WikiPathways,CD8,SF_vs_PB_CD8,-1.51981748,-0.553004544,0.0494943269,0.177131663,14,9,UQCRB/CYC1/UQCC1/UQCR10/UQCRFS1/MT-CYB/UQCRH/LYRM7/UQCRC2,down,FALSE
WP_BREAST_CANCER_PATHWAY,WP_BREAST_CANCER_PATHWAY,WikiPathways,CD8,SF_vs_PB_CD8,1.34959143,0.338592477,0.0495115009,0.177131663,98,36,CDKN1A/DDB2/NOTCH1/JAG2/WNT10A/JUN/HRAS/MAPK3/MAP2K2/BRCA2/KRAS/AKT3/GADD45G/AKT1/NOTCH2/BAK1/NRAS/CSNK2B/MAPK1/POLK/SP1/E2F2/NCOA1/PIK3CD/NCOA3/RAD51/SOS2/DVL3/BRCA1/CDK6/SFRP4/E2F1/SOS1/CSNK2A2/PIK3CA/NFKB2,up,FALSE
WP_TCELL_ACTIVATION_SARSCOV2,WP_TCELL_ACTIVATION_SARSCOV2,WikiPathways,CD8,SF_vs_PB_CD8,1.3619473,0.350336369,0.0499117367,0.177797174,84,21,CDKN1A/CDKN2A/HLA-DRA/HLA-DRB1/JUN/HRAS/CD86/MAPK3/MAP2K2/ICOS/RASGRP1/CTLA4/AKT1/MAPK1/ITPR1/IKBKG/PIK3CD/TNF/RHEB/CD80/IRF2BPL,up,FALSE
WP_MBDNF_AND_PROBDNF_REGULATION_OF_GABA_NEUROTRANSMISSION,WP_MBDNF_AND_PROBDNF_REGULATION_OF_GABA_NEUROTRANSMISSION,WikiPathways,CD8,SF_vs_PB_CD8,1.48698496,0.523488497,0.0503538045,0.178605375,19,8,AP2B1/RHOA/ROCK1/NTRK2/CREM/PIK3CG/AP2A1/PIK3CB,up,FALSE
WP_BRAINDERIVED_NEUROTROPHIC_FACTOR_BDNF_SIGNALING,WP_BRAINDERIVED_NEUROTROPHIC_FACTOR_BDNF_SIGNALING,WikiPathways,CD8,SF_vs_PB_CD8,1.33161693,0.327904275,0.050691034,0.179036418,111,26,EIF4EBP1/CAMK1/DPYSL2/PRKCD/RAC1/JUN/HRAS/MAPK3/MAP2K2/MAP3K2/BAD/CASP3/AKT1/PTPRF/EGR1/MAPK1/SPP1/CFL1/ADAM17/KSR1/BCL2L11/VAV2/IKBKG/NCF1/NTRK2/EIF2S1,up,FALSE
WP_CLOCKCONTROLLED_AUTOPHAGY_IN_BONE_METABOLISM,WP_CLOCKCONTROLLED_AUTOPHAGY_IN_BONE_METABOLISM,WikiPathways,CD8,SF_vs_PB_CD8,1.4091219,0.403307823,0.0522662983,0.183043264,47,17,CSF1/NOTCH1/BHLHE40/BMPR2/HMGB1/AKT1/LAMP2/ULK1/PLEKHM1/CTSK/RB1CC1/SQSTM1/FYCO1/ATG7/SEMA4D/TGFB1/ATG16L1,up,FALSE
WP_SUDDEN_INFANT_DEATH_SYNDROME_SIDS_SUSCEPTIBILITY_PATHWAYS,WP_SUDDEN_INFANT_DEATH_SYNDROME_SIDS_SUSCEPTIBILITY_PATHWAYS,WikiPathways,CD8,SF_vs_PB_CD8,1.35813526,0.350869847,0.0525030143,0.183043264,82,28,YWHAH/TPPP/ECE1/JUN/BHLHE40/GAPDH/IL10/TP73/PRKAR1A/CASP3/PRKAR1B/PRKACA/CTCF/YWHAB/EGR1/SP1/MAZ/EP300/IL1RN/TNF/NTRK2/CREM/FOXM1/YWHAE/SNTA1/NR3C1/VEGFA/CC2D1A,up,FALSE
WP_SYNAPTIC_VESICLE_PATHWAY,WP_SYNAPTIC_VESICLE_PATHWAY,WikiPathways,CD8,SF_vs_PB_CD8,1.46512753,0.486940691,0.0525571611,0.183043264,24,14,STX1A/AP2B1/STX2/DNM2/CLTC/AP2A1/NAPA/AP2M1/CPLX1/PARK7/CLTA/DNM1L/CLN8/STXBP1,up,FALSE
WP_LEPTIN_SIGNALING,WP_LEPTIN_SIGNALING,WikiPathways,CD8,SF_vs_PB_CD8,1.37319428,0.364577274,0.0527076386,0.183043264,70,18,EIF4EBP1/RAC1/RHOA/HRAS/MAPK3/MAP2K2/BAD/ROCK1/AKT1/FOXO1/MAPK1/GSK3A/SP1/NCOA1/IKBKG/ACACA/IL1RN/PLCG2,up,FALSE
WP_AFFECTED_PATHWAYS_IN_DUCHENNE_MUSCULAR_DYSTROPHY,WP_AFFECTED_PATHWAYS_IN_DUCHENNE_MUSCULAR_DYSTROPHY,WikiPathways,CD8,SF_vs_PB_CD8,1.41986349,0.420065276,0.0537498335,0.185884841,40,21,FKBP1A/RYR1/VDAC1/CACNB2/IL10/DAG1/ITPR3/ITPR1/SPP1/TRPC3/TNF/CASP9/SERPINE1/STIM1/PLAU/DMD/TGFB1/CACNB1/TGFBR2/CYBB/NFKB1,up,FALSE
WP_PSORIASIS_MECHANISM_AND_THERAPIES,WP_PSORIASIS_MECHANISM_AND_THERAPIES,WikiPathways,CD8,SF_vs_PB_CD8,-1.51796516,-0.592944114,0.0546995896,0.188384479,11,4,IL23A/IL17RC/CCR6/IL23R,down,FALSE
WP_HEAD_AND_NECK_SQUAMOUS_CELL_CARCINOMA,WP_HEAD_AND_NECK_SQUAMOUS_CELL_CARCINOMA,WikiPathways,CD8,SF_vs_PB_CD8,1.37016708,0.368651041,0.0564107483,0.19347488,65,28,CDKN1A/EIF4EBP1/NOTCH1/CDKN2A/FKBP1A/HRAS/KRAS/AKT3/AKT1/NOTCH2/NRAS/DDIT4/RHEB/NUMB/TRAF3/PIK3CG/PIK3CB/CDK6/VEGFA/E2F1/KEAP1/STK11/PIK3CA/NFKB2/TSC2/CUL3/MAML1/TSC1,up,FALSE
WP_IL1_AND_MEGAKARYOCYTES_IN_OBESITY,WP_IL1_AND_MEGAKARYOCYTES_IN_OBESITY,WikiPathways,CD8,SF_vs_PB_CD8,1.47482042,0.534655909,0.0568139817,0.194055987,17,12,F2R/TIMP2/CCL2/IRAK1/IFNG/NLRP3/FCER1A/MYD88/PIK3CA/HBEGF/ICAM1/NFKB1,up,FALSE
WP_COVID19_ADVERSE_OUTCOME_PATHWAY,WP_COVID19_ADVERSE_OUTCOME_PATHWAY,WikiPathways,CD8,SF_vs_PB_CD8,1.49002485,0.66488083,0.0572870778,0.194869978,8,5,CCL3/IL10/CCL2/TNF/IL2RA,up,FALSE
WP_MICROGLIA_PATHOGEN_PHAGOCYTOSIS_PATHWAY,WP_MICROGLIA_PATHOGEN_PHAGOCYTOSIS_PATHWAY,WikiPathways,CD8,SF_vs_PB_CD8,1.41286588,0.420324781,0.057853722,0.195994242,39,23,RAC1/NCF4/C1QA/C1QB/PIK3R6/VAV2/PIK3CD/NCF1/C1QC/CYBA/PLCG2/PIK3CG/NCKAP1L/PIK3CB/HCK/FCGR1A/RAC3/ARPC1B/TREM1/TREM2/NCF2/PIK3CA/ITGB2,up,FALSE
WP_MIRNA_REGULATION_OF_PROSTATE_CANCER_SIGNALING,WP_MIRNA_REGULATION_OF_PROSTATE_CANCER_SIGNALING,WikiPathways,CD8,SF_vs_PB_CD8,1.43719873,0.460262196,0.0586526301,0.196619414,28,10,CDKN1A/PDGFA/MAP2K2/KRAS/AKT3/BAD/FOXO1/MAPK1/IKBKG/CASP9,up,FALSE
WP_HEPATITIS_C_AND_HEPATOCELLULAR_CARCINOMA,WP_HEPATITIS_C_AND_HEPATOCELLULAR_CARCINOMA,WikiPathways,CD8,SF_vs_PB_CD8,1.40770512,0.416468235,0.0588783802,0.196619414,40,17,CDKN1A/CD44/FASLG/RAC1/JUN/MAPK3/MYOF/CASP3/AKT1/CASP7/E2F2/VAV2/CASP9/BIRC3/BRCA1/VEGFA/SOS1,up,FALSE
WP_FOLLICLE_STIMULATING_HORMONE_FSH_SIGNALING,WP_FOLLICLE_STIMULATING_HORMONE_FSH_SIGNALING,WikiPathways,CD8,SF_vs_PB_CD8,1.4565687,0.500381943,0.0590259673,0.196619414,21,8,EIF4EBP1/MAPK3/SGK1/AKT1/PRKACA/FOXO1/MAPK1/RHEB,up,FALSE
WP_CANCER_IMMUNOTHERAPY_BY_PD1_BLOCKADE,WP_CANCER_IMMUNOTHERAPY_BY_PD1_BLOCKADE,WikiPathways,CD8,SF_vs_PB_CD8,1.45156568,0.492726069,0.0591623852,0.196619414,22,8,PDCD1/HLA-DRB1/JUN/CD8A/BATF/IFNG/HLA-A/CD8B,up,FALSE
WP_UNFOLDED_PROTEIN_RESPONSE,WP_UNFOLDED_PROTEIN_RESPONSE,WikiPathways,CD8,SF_vs_PB_CD8,-1.45249815,-0.461096629,0.0594937913,0.196619414,23,6,CASP1/TXNIP/TP53/XBP1/HSPA5/ERN1,down,FALSE
WP_METAPATHWAY_BIOTRANSFORMATION_PHASE_I_AND_II,WP_METAPATHWAY_BIOTRANSFORMATION_PHASE_I_AND_II,WikiPathways,CD8,SF_vs_PB_CD8,-1.343182,-0.336834411,0.059654171,0.196619414,64,24,GPX4/FMO5/AKR1B1/CHST2/GSTK1/CYP46A1/AKR7A2/NAT10/NAT9/GSTA4/GSTO2/CYP2F1/CYP24A1/GSR/CYP2U1/CYP27B1/GSTM2/GSTM3/EPHX1/SULT1A1/SULT1B1/CYP2E1/EPHX2/AKR1C3,down,FALSE
WP_PROSTAGLANDIN_SYNTHESIS_AND_REGULATION,WP_PROSTAGLANDIN_SYNTHESIS_AND_REGULATION,WikiPathways,CD8,SF_vs_PB_CD8,1.44663083,0.485643632,0.0598819957,0.196619414,23,6,ANXA5/S100A10/ANXA2/S100A6/ANXA1/ANXA4,up,FALSE
WP_SREBF_AND_MIR33_IN_CHOLESTEROL_AND_LIPID_HOMEOSTASIS,WP_SREBF_AND_MIR33_IN_CHOLESTEROL_AND_LIPID_HOMEOSTASIS,WikiPathways,CD8,SF_vs_PB_CD8,1.47341938,0.551884668,0.0599333877,0.196619414,15,5,LDLR/SREBF2/FASN/PPARA/HMGCR,up,FALSE
WP_GPCRS_CLASS_B_SECRETINLIKE,WP_GPCRS_CLASS_B_SECRETINLIKE,WikiPathways,CD8,SF_vs_PB_CD8,-1.4876387,-0.740179323,0.0608542136,0.198282604,5,3,CRHR1/VIPR2/VIPR1,down,FALSE
WP_NGLYCAN_BIOSYNTHESIS,WP_NGLYCAN_BIOSYNTHESIS,WikiPathways,CD8,SF_vs_PB_CD8,-1.36184864,-0.357561971,0.0609181493,0.198282604,51,20,ALG3/DOLPP1/GANAB/GMPPB/RFT1/DDOST/DPM2/ALG11/B4GALT1/SRD5A3/ALG2/DPAGT1/RPN2/ALG13/STT3A/MAN1A2/PMM2/ST6GAL1/MGAT4A/MPI,down,FALSE
WP_TGFBETA_RECEPTOR_SIGNALING,WP_TGFBETA_RECEPTOR_SIGNALING,WikiPathways,CD8,SF_vs_PB_CD8,1.40057847,0.414359821,0.062042094,0.201152102,40,13,SKI/SKIL/SMAD7/FKBP1A/JUN/HRAS/MAPK3/SPP1/TFE3/EP300/TNF/SERPINE1/IFNG,up,FALSE
WP_STEROL_REGULATORY_ELEMENTBINDING_PROTEINS_SREBP_SIGNALING,WP_STEROL_REGULATORY_ELEMENTBINDING_PROTEINS_SREBP_SIGNALING,WikiPathways,CD8,SF_vs_PB_CD8,1.35934371,0.368696314,0.0628976171,0.203132382,62,21,LDLR/SREBF2/SQLE/FASN/NR1H2/AKT1/DBI/PRKACA/GSK3A/SP1/PPARG/ACACA/PRKAG1/HMGCR/MVD/AMFR/PRKAB2/FDPS/LSS/PIK3CA/ACLY,up,FALSE
WP_MEVALONATE_ARM_OF_CHOLESTEROL_BIOSYNTHESIS_PATHWAY,WP_MEVALONATE_ARM_OF_CHOLESTEROL_BIOSYNTHESIS_PATHWAY,WikiPathways,CD8,SF_vs_PB_CD8,1.46848705,0.583343124,0.0651295588,0.209525325,12,7,PMVK/ACAT2/HMGCR/MVD/FDPS/HMGCS1/IDI1,up,FALSE
WP_11P112_COPY_NUMBER_VARIATION_SYNDROME,WP_11P112_COPY_NUMBER_VARIATION_SYNDROME,WikiPathways,CD8,SF_vs_PB_CD8,1.38705642,0.406355366,0.0656434083,0.210363046,42,11,CD82/HLA-DMA/HLA-DRA/HLA-DMB/ITGA3/VANGL1/CD63/ITGB1/CHST1/SLC35C1/CD151,up,FALSE
WP_NUCLEAR_RECEPTORS_METAPATHWAY,WP_NUCLEAR_RECEPTORS_METAPATHWAY,WikiPathways,CD8,SF_vs_PB_CD8,1.25782733,0.288238867,0.0661276267,0.211099732,188,57,TXN/SLC6A6/SLC2A8/AHR/HSPA1A/JUN/PRDX1/CDK1/VDR/AKAP13/SLC2A1/GGT1/BHLHE40/ALOX5AP/SLC7A5/RXRA/MYOF/FASN/PPARA/CCL2/SRGN/MGST3/PRRG4/DBI/FOXO1/MAFG/JUND/EGR1/PDE4B/ABHD2/POLK/ARNT/B3GNT5/SP1/EHHADH/NCOA1/EP300/TSC22D3/TNF/CBR3/BLVRB/KAT2B/SLC2A6/BIRC3/IFNG/AMIGO2/MGST2/NCOA6/NCOA3/TNS4/SLC39A6/SMC1A/SLC39A3/NR3C1/SLC39A13/KEAP1/SRC,up,FALSE
WP_SEROTONIN_TRANSPORTER_ACTIVITY,WP_SEROTONIN_TRANSPORTER_ACTIVITY,WikiPathways,CD8,SF_vs_PB_CD8,1.45933708,0.709539693,0.0663955376,0.211142897,6,3,STX1A/TGFB1I1/PPP2CB,up,FALSE
WP_ARYL_HYDROCARBON_RECEPTOR_PATHWAY_WP2586,WP_ARYL_HYDROCARBON_RECEPTOR_PATHWAY_WP2586,WikiPathways,CD8,SF_vs_PB_CD8,1.39405977,0.424462136,0.0688280895,0.217746017,35,13,CDKN1A/KLF6/AHR/HRAS/KRAS/NCOR2/NRAS/PSRC1/CDK2/MAPK1/ARNT/EP300/TNF,up,FALSE
WP_PHOTODYNAMIC_THERAPYINDUCED_HIF1_SURVIVAL_SIGNALING,WP_PHOTODYNAMIC_THERAPYINDUCED_HIF1_SURVIVAL_SIGNALING,WikiPathways,CD8,SF_vs_PB_CD8,1.40461256,0.442923683,0.0689966293,0.217746017,30,10,PKM/LDHA/BNIP3L/PGK1/SLC2A1/MCL1/BAK1/PFKL/ARNT/BID,up,FALSE
WP_ENTEROCYTE_CHOLESTEROL_METABOLISM,WP_ENTEROCYTE_CHOLESTEROL_METABOLISM,WikiPathways,CD8,SF_vs_PB_CD8,1.40703747,0.446993186,0.0695346736,0.218569164,29,13,LDLR/SLC27A4/SQLE/MSMO1/DHCR24/PMVK/ACAT2/HMGCR/MVD/MGAT1/FDPS/EBP/LSS,up,FALSE
WP_INTERLEUKIN1_IL1_STRUCTURAL_PATHWAY,WP_INTERLEUKIN1_IL1_STRUCTURAL_PATHWAY,WikiPathways,CD8,SF_vs_PB_CD8,1.36963686,0.393561187,0.0702718715,0.218569164,46,12,IRF7/MAPK11/TANK/MAPK3/MAP2K2/TOLLIP/MAPKAPK2/TAB2/MAP3K3/MAPK1/TAB3/IRAK1,up,FALSE
WP_CANONICAL_AND_NONCANONICAL_NOTCH_SIGNALING,WP_CANONICAL_AND_NONCANONICAL_NOTCH_SIGNALING,WikiPathways,CD8,SF_vs_PB_CD8,1.4407799,0.522315448,0.0702958622,0.218569164,17,6,NOTCH1/RBPJ/PSEN1/JAG2/RRAS/NOTCH2,up,FALSE
WP_OSTEOARTHRITIC_CHONDROCYTE_HYPERTROPHY,WP_OSTEOARTHRITIC_CHONDROCYTE_HYPERTROPHY,WikiPathways,CD8,SF_vs_PB_CD8,1.39654118,0.430888075,0.0705001437,0.218569164,33,16,JUN/MAPK3/AKT3/AKT1/JUND/MAPK1/SPP1/ARNT/EPAS1/VEGFA/PIK3CA/HIF1A/STAT3/CEBPB/NTRK1/NFKB1,up,FALSE
WP_TCELL_ANTIGEN_RECEPTOR_TCR_PATHWAY_DURING_STAPHYLOCOCCUS_AUREUS_INFECTION,WP_TCELL_ANTIGEN_RECEPTOR_TCR_PATHWAY_DURING_STAPHYLOCOCCUS_AUREUS_INFECTION,WikiPathways,CD8,SF_vs_PB_CD8,1.34721247,0.367611841,0.0706082929,0.218569164,60,15,PDCD1/JUN/CD8A/MAPK3/IL10/MAP2K2/ICOS/DAG1/CTLA4/AKT1/RRAS/CSF2/PAK1/IKBKG/TNF,up,FALSE
WP_POSTCOVID_NEUROINFLAMMATION,WP_POSTCOVID_NEUROINFLAMMATION,WikiPathways,CD8,SF_vs_PB_CD8,1.45936694,0.610992065,0.070844041,0.218569164,10,6,IL10/HMGB1/MAPK1/TNF/IFNG/FURIN,up,FALSE
WP_GDNFRET_SIGNALING_AXIS,WP_GDNFRET_SIGNALING_AXIS,WikiPathways,CD8,SF_vs_PB_CD8,-1.46529303,-0.729061166,0.0712341005,0.218569164,5,4,GATA3/CTNNB1/ROBO1/SPRY1,down,FALSE
WP_TRANSSULFURATION_PATHWAY,WP_TRANSSULFURATION_PATHWAY,WikiPathways,CD8,SF_vs_PB_CD8,-1.4768800500000001,-0.611349121,0.0715354816,0.218569164,9,4,CSAD/MAT2B/AHCY/CTH,down,FALSE
WP_MEVALONATE_PATHWAY,WP_MEVALONATE_PATHWAY,WikiPathways,CD8,SF_vs_PB_CD8,1.45199417,0.673672056,0.0721118197,0.218569164,7,6,PMVK/ACAT2/HMGCR/MVD/FDPS/HMGCS1,up,FALSE
WP_STRIATED_MUSCLE_CONTRACTION_PATHWAY,WP_STRIATED_MUSCLE_CONTRACTION_PATHWAY,WikiPathways,CD8,SF_vs_PB_CD8,1.4285273,0.50290866,0.0721411724,0.218569164,19,6,VIM/ACTN4/TPM4/TTN/TPM3/TNNI2,up,FALSE
WP_SELECTIVE_EXPRESSION_OF_CHEMOKINE_RECEPTORS_DURING_TCELL_POLARIZATION,WP_SELECTIVE_EXPRESSION_OF_CHEMOKINE_RECEPTORS_DURING_TCELL_POLARIZATION,WikiPathways,CD8,SF_vs_PB_CD8,1.40856458,0.459347022,0.0721541577,0.218569164,26,6,CXCR3/CCR5/CCL3/CCL4/IL4R/CSF2,up,FALSE
WP_HIPPOMERLIN_SIGNALING_DYSREGULATION,WP_HIPPOMERLIN_SIGNALING_DYSREGULATION,WikiPathways,CD8,SF_vs_PB_CD8,1.33072877,0.354340434,0.0727726788,0.219641176,69,23,CD44/ITGA2/RBX1/ITGA3/CTNNA1/HRAS/ITGA1/KRAS/PRKAR1A/ITGB1/ITGAE/PRKAR1B/PRKACA/NRAS/ITGAD/ITGAX/PAK1/STK3/NTRK2/FOXM1/CSF1R/PPP1R12A/PPP1CB,up,FALSE
WP_EFFECTS_OF_MFN2_MUTATION,WP_EFFECTS_OF_MFN2_MUTATION,WikiPathways,CD8,SF_vs_PB_CD8,1.43055607,0.510894823,0.0734195856,0.220790783,18,9,RABAC1/CASP3/DYNC2H1/DYNC1H1/DYNC1LI2/SNCA/KIF1B/TRAK1/DCTN1,up,FALSE
WP_OSTEOPONTIN_SIGNALING,WP_OSTEOPONTIN_SIGNALING,WikiPathways,CD8,SF_vs_PB_CD8,1.44941769,0.606826621,0.0748537372,0.224290982,10,10,MAPK3/MAPK1/SPP1/PLAU/ITGAV/MAP2K1/NFKB1/IKBKB/CHUK/RELA,up,FALSE
WP_RENIN_ANGIOTENSIN_SYSTEM_AND_BRADYKININ_PATHWAYS_IN_COVID19,WP_RENIN_ANGIOTENSIN_SYSTEM_AND_BRADYKININ_PATHWAYS_IN_COVID19,WikiPathways,CD8,SF_vs_PB_CD8,1.44495582,0.587745689,0.0767509429,0.229148499,11,6,RHOA/VDR/ROCK1/MAPK1/TNF/SERPINE1,up,FALSE
WP_ATM_SIGNALING,WP_ATM_SIGNALING,WikiPathways,CD8,SF_vs_PB_CD8,1.37797216,0.422173972,0.0771717172,0.229201934,34,16,CDKN1A/JUN/CDK1/TP73/CDK2/BID/IKBKG/CHEK1/ABL1/RAD51/SMC1A/BRCA1/CDC25C/CASP2/RIPK1/TP53BP1,up,FALSE
WP_MRNA_VACCINE_ACTIVATION_OF_DENDRITIC_CELL_AND_INDUCTION_OF_IFN1,WP_MRNA_VACCINE_ACTIVATION_OF_DENDRITIC_CELL_AND_INDUCTION_OF_IFN1,WikiPathways,CD8,SF_vs_PB_CD8,1.43767227,0.699006116,0.0774396955,0.229201934,6,2,IRF7/IFIH1,up,FALSE
WP_BURN_WOUND_HEALING,WP_BURN_WOUND_HEALING,WikiPathways,CD8,SF_vs_PB_CD8,1.34215155,0.373871483,0.0775972812,0.229201934,54,11,S100A11/VIM/LGALS1/S100A6/NOD2/FN1/TIMP2/CASP3/CCL2/HMGB1/AKT1,up,FALSE
WP_CHOLESTEROL_METABOLISM_WITH_BLOCH_AND_KANDUTSCHRUSSELL_PATHWAYS,WP_CHOLESTEROL_METABOLISM_WITH_BLOCH_AND_KANDUTSCHRUSSELL_PATHWAYS,WikiPathways,CD8,SF_vs_PB_CD8,1.35473037,0.396885049,0.081207998,0.239016448,42,22,ABCG1/SREBF2/SQLE/MSMO1/FASN/NR1H2/DHCR24/PMVK/ACAT2/HMGCR/ACSL1/MVD/FDPS/EBP/ELOVL5/LSS/ACSL4/SOAT2/FADS2/SCD/HMGCS1/IDI1,up,FALSE
WP_15Q133_COPY_NUMBER_VARIATION_SYNDROME,WP_15Q133_COPY_NUMBER_VARIATION_SYNDROME,WikiPathways,CD8,SF_vs_PB_CD8,1.43236759,0.568994996,0.0818114888,0.239941822,12,6,ARHGAP11B/CCL5/MTMR10/KAT2B/KLF13/FANCD2,up,FALSE
WP_SENESCENCEASSOCIATED_SECRETORY_PHENOTYPE_SASP,WP_SENESCENCEASSOCIATED_SECRETORY_PHENOTYPE_SASP,WikiPathways,CD8,SF_vs_PB_CD8,1.342807,0.384327691,0.0822972173,0.240516515,47,10,CDKN1A/CDKN2A/JUN/MAPK3/CDKN2C/CDKN2B/CDK2/MAPK1/FZR1/UBE2C,up,FALSE
WP_NIFEDIPINE_ACTIVITY,WP_NIFEDIPINE_ACTIVITY,WikiPathways,CD8,SF_vs_PB_CD8,1.41774347,0.728674424,0.0836400008,0.24358316,5,5,MAPK1/PCNA/PTK2B/MAP2K1/SOD1,up,FALSE
WP_OMEGA9_FATTY_ACID_SYNTHESIS,WP_OMEGA9_FATTY_ACID_SYNTHESIS,WikiPathways,CD8,SF_vs_PB_CD8,1.42717386,0.566931832,0.084361364,0.244824937,12,9,ELOVL1/FASN/ACSL1/ELOVL5/ACSL4/ELOVL6/FADS2/SCD/FADS1,up,FALSE
WP_SILDENAFIL_TREATMENT,WP_SILDENAFIL_TREATMENT,WikiPathways,CD8,SF_vs_PB_CD8,1.42280109,0.553201377,0.0847012123,0.244954726,13,5,PDE4A/GAPDH/AKT3/AKT1/PDE4B,up,FALSE
WP_FRAGILE_X_SYNDROME,WP_FRAGILE_X_SYNDROME,WikiPathways,CD8,SF_vs_PB_CD8,1.28810267,0.328088599,0.0853169671,0.245878759,89,36,CAMK1/AP2B1/CDKN2A/AKAP5/MAP2K2/PPP3CA/KRAS/DNM2/PRKAR1A/AGO2/DAG1/DUSP3/AKT1/PRKACA/MAPK1/ITPR1/CLTC/DICER1/RHEB/NTRK2/FMR1/AP2A1/PIK3CB/CLTB/TECR/SRC/SOS1/ALDH3A2/TSC2/AP2M1/EPHA4/TSC1/AGAP2/EPS8L1/MAP2K1/CLTA,up,FALSE
WP_ACUTE_MYELOID_LEUKEMIA,WP_ACUTE_MYELOID_LEUKEMIA,WikiPathways,CD8,SF_vs_PB_CD8,1.31615547,0.361558318,0.0898890895,0.258158977,58,24,EIF4EBP1/DUSP6/HRAS/MAPK3/MAP2K2/KRAS/AKT3/PML/BAD/AKT1/NRAS/MAPK1/CSF2/RARA/IKBKG/PIK3CD/CSF1R/PIK3CB/SOS2/FCGR1A/CCNA2/SOS1/SPI1/PIK3CA,up,FALSE
WP_HSPB3_IN_CHARCOTMARIETOOTH_DISEASE,WP_HSPB3_IN_CHARCOTMARIETOOTH_DISEASE,WikiPathways,CD8,SF_vs_PB_CD8,1.41908322,0.658402581,0.0904641851,0.258914737,7,2,LMNA/LMNB1,up,FALSE
WP_PROSTAGLANDIN_AND_LEUKOTRIENE_METABOLISM_IN_SENESCENCE,WP_PROSTAGLANDIN_AND_LEUKOTRIENE_METABOLISM_IN_SENESCENCE,WikiPathways,CD8,SF_vs_PB_CD8,1.36665646,0.449850634,0.0934106593,0.265868503,25,10,CDKN1A/ADCY3/MAPK11/HRAS/ALOX5AP/KRAS/GNAS/NRAS/CYSLTR1/PTGIS,up,FALSE
WP_HAIR_FOLLICLE_DEVELOPMENT_CYTODIFFERENTIATION_STAGE_3_OF_3,WP_HAIR_FOLLICLE_DEVELOPMENT_CYTODIFFERENTIATION_STAGE_3_OF_3,WikiPathways,CD8,SF_vs_PB_CD8,1.3452107,0.409588615,0.0936653943,0.265868503,35,8,PHLDA1/NOTCH1/RBPJ/JUN/PERP/S100A4/NOTCH2/ADAM17,up,FALSE
WP_ONCOSTATIN_M_SIGNALING,WP_ONCOSTATIN_M_SIGNALING,WikiPathways,CD8,SF_vs_PB_CD8,1.30958674,0.359753837,0.0938547846,0.265868503,58,15,PRKCD/LDLR/HRAS/MAPK3/MAP2K2/KRAS/PIAS3/CASP3/CCL2/AKT1/CDK2/JUND/EGR1/MAPK1/CASP7,up,FALSE
WP_NICOTINE_EFFECT_ON_DOPAMINERGIC_NEURONS,WP_NICOTINE_EFFECT_ON_DOPAMINERGIC_NEURONS,WikiPathways,CD8,SF_vs_PB_CD8,1.4121909,0.655204799,0.0941902714,0.26591131,7,4,GNB1/PRKACA/GNG2/CHRNA5,up,FALSE
WP_HIPPO_SIGNALING_REGULATION,WP_HIPPO_SIGNALING_REGULATION,WikiPathways,CD8,SF_vs_PB_CD8,-1.28302661,-0.328407888,0.0958651567,0.269722305,58,14,PRKCH/PRKCB/GNAL/LEF1/PRKACB/TCF7/KIT/CDH2/IGF1R/LATS2/PDGFRB/PRKD3/PLCB1/FLT4,down,FALSE
WP_TYPE_2_PAPILLARY_RENAL_CELL_CARCINOMA,WP_TYPE_2_PAPILLARY_RENAL_CELL_CARCINOMA,WikiPathways,CD8,SF_vs_PB_CD8,1.35786805,0.438364555,0.0963454014,0.269918651,27,13,CDKN1A/RBX1/SLC2A1/ARNT/DIAPH1/TFE3/EP300/EPAS1/CTSK/VEGFA/TFEB/TGFB1/HIF1A,up,FALSE
WP_MAPK_PATHWAY_IN_CONGENITAL_THYROID_CANCER,WP_MAPK_PATHWAY_IN_CONGENITAL_THYROID_CANCER,WikiPathways,CD8,SF_vs_PB_CD8,1.39539994,0.531751199,0.0965853485,0.269918651,14,8,JUN/MAPK3/MAP2K2/KRAS/KSR1/SOS2/ELK1/SOS1,up,FALSE
WP_EPO_RECEPTOR_SIGNALING,WP_EPO_RECEPTOR_SIGNALING,WikiPathways,CD8,SF_vs_PB_CD8,1.36075036,0.452250543,0.0981998138,0.273509548,24,11,SOCS1/MAPK3/MAP2K2/AKT1/MAPK1/PIK3CG/SRC/SOS1/RASA1/STAT3/MAP2K1,up,FALSE
WP_KCNQ2RELATED_EPILEPSIES,WP_KCNQ2RELATED_EPILEPSIES,WikiPathways,CD8,SF_vs_PB_CD8,1.39628408,0.567948126,0.10212405,0.283488166,11,5,STX1A/AKAP5/PRKACA/ITPR1/PLCG2,up,FALSE
WP_TRANSCRIPTION_FACTORS_REGULATE_MIRNAS_RELATED_TO_CARDIAC_HYPERTROPHY,WP_TRANSCRIPTION_FACTORS_REGULATE_MIRNAS_RELATED_TO_CARDIAC_HYPERTROPHY,WikiPathways,CD8,SF_vs_PB_CD8,1.39978172,0.624612422,0.102661527,0.284030225,8,6,MYEF2/AKT1/PPP3R1/TGFB1/STAT3/NFKB1,up,FALSE
WP_NIPBL_ROLE_IN_DNA_DAMAGE_CORNELIA_DE_LANGE_SYNDROME,WP_NIPBL_ROLE_IN_DNA_DAMAGE_CORNELIA_DE_LANGE_SYNDROME,WikiPathways,CD8,SF_vs_PB_CD8,-1.41960066,-0.635307341,0.104604963,0.28844558,7,5,MDC1/RNF168/ATR/RNF8/ATM,down,FALSE
WP_7Q1123_COPY_NUMBER_VARIATION_SYNDROME,WP_7Q1123_COPY_NUMBER_VARIATION_SYNDROME,WikiPathways,CD8,SF_vs_PB_CD8,1.27390714,0.337297986,0.105803239,0.290783735,71,23,MYO1C/STX1A/LIMK1/LAT2/FAS/MAPK3/GAPDH/TSG101/RFC2/CFL1/CLTC/PCNA/ACACA/DEK/CHTF18/CLASP1/HSPA2/ULK1/VPS28/BAZ1B/ABHD11/VPS37C/HDAC6,up,FALSE
WP_TCA_CYCLE_IN_SENESCENCE,WP_TCA_CYCLE_IN_SENESCENCE,WikiPathways,CD8,SF_vs_PB_CD8,-1.39629628,-0.560345763,0.107433256,0.294289117,10,3,ME2/ME1/TP53,down,FALSE
WP_DNA_REPLICATION,WP_DNA_REPLICATION,WikiPathways,CD8,SF_vs_PB_CD8,1.30830882,0.383285281,0.108172239,0.29533868,42,24,MCM6/RFC2/CDK2/POLE/PCNA/RPA3/MCM3/POLD3/CDC45/GMNN/MCM2/MCM4/MCM5/POLE2/CDC7/MCM7/ORC6/UBC/ORC1/RFC3/RPA4/POLD1/RFC5/CDT1,up,FALSE
WP_MALE_INFERTILITY,WP_MALE_INFERTILITY,WikiPathways,CD8,SF_vs_PB_CD8,1.26327502,0.328262935,0.109216142,0.297211139,79,26,CLU/HLA-DRA/PON2/EPSTI1/FASLG/AHR/RGS9/FAS/POLG/BRCA2/XPC/AGO2/MTHFD1/TCN2/EP300/MLH1/TNF/TRIP13/PSAT1/MSH5/ETV5/ERCC1/REC8/MTHFR/LRWD1/NQO1,up,FALSE
WP_RETT_SYNDROME,WP_RETT_SYNDROME,WikiPathways,CD8,SF_vs_PB_CD8,1.31961719,0.410180273,0.112181716,0.304283741,32,11,TBL1X/NCOR2/GPS2/HTT/SYNE2/TBL1XR1/NCOR1/CHD4/KDM5B/CRK/SMC1A,up,FALSE
WP_G1_TO_S_CELL_CYCLE_CONTROL,WP_G1_TO_S_CELL_CYCLE_CONTROL,WikiPathways,CD8,SF_vs_PB_CD8,1.27816111,0.3487699,0.112989352,0.304973865,60,27,CDKN1A/CDKN2A/CDK1/WEE1/CDKN2C/MCM6/TFDP1/CDKN2B/CDK2/E2F2/POLE/PCNA/RPA3/MCM3/CDC45/MCM2/CDK6/CCND2/MNAT1/MCM4/E2F1/MCM5/POLE2/MCM7/ORC6/CCNE2/ORC1,up,FALSE
WP_PDGF_PATHWAY,WP_PDGF_PATHWAY,WikiPathways,CD8,SF_vs_PB_CD8,1.30657289,0.38870283,0.113171025,0.304973865,39,17,PDGFA/RAC1/RHOA/JUN/HRAS/MAPK3/MAPK1/PAK1/VAV2/SRF/ELK1/SRC/MAP2K4/SOS1/RASA1/STAT3/MAP2K1,up,FALSE
WP_WNT_SIGNALING,WP_WNT_SIGNALING,WikiPathways,CD8,SF_vs_PB_CD8,-1.24510074,-0.307616121,0.113747139,0.305534386,69,19,MAP3K7/PRKCA/PRICKLE1/CAMK2G/CCND3/PRKCB/AXIN1/LEF1/INVS/WNT7A/TCF7/PPP3CC/CTBP2/FZD3/DKK2/CAMK2D/MYC/PLCB1/ROR2,down,FALSE
WP_DDX1_AS_A_REGULATORY_COMPONENT_OF_THE_DROSHA_MICROPROCESSOR,WP_DDX1_AS_A_REGULATORY_COMPONENT_OF_THE_DROSHA_MICROPROCESSOR,WikiPathways,CD8,SF_vs_PB_CD8,-1.39424191,-0.655128093,0.116357759,0.311538515,6,2,RAD50/ATM,down,FALSE
WP_INSULIN_SIGNALING_IN_ADIPOCYTES_DIABETIC_CONDITION,WP_INSULIN_SIGNALING_IN_ADIPOCYTES_DIABETIC_CONDITION,WikiPathways,CD8,SF_vs_PB_CD8,-1.39023195,-0.653243887,0.118728448,0.315848116,6,3,IRS1/RPS6KB1/RPS6,down,FALSE
WP_INSULIN_SIGNALING_IN_ADIPOCYTES_NORMAL_CONDITION,WP_INSULIN_SIGNALING_IN_ADIPOCYTES_NORMAL_CONDITION,WikiPathways,CD8,SF_vs_PB_CD8,-1.39023195,-0.653243887,0.118728448,0.315848116,6,3,IRS1/RPS6KB1/RPS6,down,FALSE
WP_AMPACTIVATED_PROTEIN_KINASE_SIGNALING,WP_AMPACTIVATED_PROTEIN_KINASE_SIGNALING,WikiPathways,CD8,SF_vs_PB_CD8,1.27526561,0.357710457,0.121258096,0.320684836,52,23,CDKN1A/EIF4EBP1/CAB39/FASN/AKT1/SLC2A4RG/PFKFB3/PIK3CD/ACACA/CAMKK2/PRKAG1/HMGCR/CAMKK1/PIK3CG/PIK3CB/ELAVL1/PRKAB2/CCNA2/STK11/CRTC2/PIK3CA/EEF2K/TSC2,up,FALSE
WP_CAFFEINE_IN_MYOCYTES,WP_CAFFEINE_IN_MYOCYTES,WikiPathways,CD8,SF_vs_PB_CD8,1.34234038,0.486628885,0.121319323,0.320684836,17,6,MYL6/RYR1/TPM4/TPM3/ACTG2/TNNI2,up,FALSE
WP_ENDOTHELIN_PATHWAYS,WP_ENDOTHELIN_PATHWAYS,WikiPathways,CD8,SF_vs_PB_CD8,1.34405035,0.49474574,0.122530063,0.322856992,16,6,GNA15/ECE1/ATP2A2/GNAS/MAPK1/GNB5,up,FALSE
WP_METASTATIC_BRAIN_TUMOR,WP_METASTATIC_BRAIN_TUMOR,WikiPathways,CD8,SF_vs_PB_CD8,-1.38324591,-0.649961278,0.123017241,0.323114906,6,3,PIK3R1/TP53/MYC,down,FALSE
WP_TYPE_II_DIABETES_MELLITUS,WP_TYPE_II_DIABETES_MELLITUS,WikiPathways,CD8,SF_vs_PB_CD8,1.35088041,0.525237792,0.123913743,0.324442924,13,9,PRKCD/GK/MAPK1/TNF/SOCS4/PRKCZ/MAPK8/IKBKB/PIK3R5,up,FALSE
WP_CELL_DIFFERENTIATION_EXPANDED_INDEX,WP_CELL_DIFFERENTIATION_EXPANDED_INDEX,WikiPathways,CD8,SF_vs_PB_CD8,1.35995906,0.569373041,0.124701551,0.325330145,10,6,MEF2D/EZH2/KLF4/SRF/ID2/STAT3,up,FALSE
WP_TGFBETA_RECEPTOR_SIGNALING_IN_SKELETAL_DYSPLASIAS,WP_TGFBETA_RECEPTOR_SIGNALING_IN_SKELETAL_DYSPLASIAS,WikiPathways,CD8,SF_vs_PB_CD8,1.28430895,0.376254223,0.125396167,0.325330145,42,13,SKI/SKIL/SMAD7/FKBP1A/JUN/HRAS/MAPK3/SPP1/TFE3/EP300/TNF/SERPINE1/IFNG,up,FALSE
WP_PREIMPLANTATION_EMBRYO,WP_PREIMPLANTATION_EMBRYO,WikiPathways,CD8,SF_vs_PB_CD8,-1.31148252,-0.411675559,0.12542849,0.325330145,24,4,MTA3/NR3C2/MYBL1/AQP3,down,FALSE
WP_CORTICOTROPINRELEASING_HORMONE_SIGNALING,WP_CORTICOTROPINRELEASING_HORMONE_SIGNALING,WikiPathways,CD8,SF_vs_PB_CD8,1.2532021,0.337180964,0.127239886,0.328560191,65,17,PRKCD/RHOA/ECE1/MAPK3/GNAZ/GNB1/CASP3/GNAI2/AKT1/GNAS/JUND/MAPK1/GNB5/SP1/ACACA/PLCG2/CASP9,up,FALSE
WP_AMINO_ACID_METABOLISM_IN_TRIPLENEGATIVE_BREAST_CANCER_CELLS,WP_AMINO_ACID_METABOLISM_IN_TRIPLENEGATIVE_BREAST_CANCER_CELLS,WikiPathways,CD8,SF_vs_PB_CD8,1.35895894,0.63050712,0.12746552,0.328560191,7,2,SLC1A5/SLC2A1,up,FALSE
WP_MODULATION_OF_PI3KAKTMTOR_SIGNALING_BY_BIOACTIVE_SPHINGOLIPIDS,WP_MODULATION_OF_PI3KAKTMTOR_SIGNALING_BY_BIOACTIVE_SPHINGOLIPIDS,WikiPathways,CD8,SF_vs_PB_CD8,-1.35238542,-0.514487021,0.128201656,0.329331505,12,4,CERK/IGF1R/S1PR1/PLD1,down,FALSE
WP_PHOSPHODIESTERASES_IN_NEURONAL_FUNCTION,WP_PHOSPHODIESTERASES_IN_NEURONAL_FUNCTION,WikiPathways,CD8,SF_vs_PB_CD8,1.31650275,0.452264425,0.128706504,0.329331505,21,8,PDE4A/ADCY3/PRKACA/PDE4B/ADORA2A/ADCY7/PDE7B/PDE1B,up,FALSE
WP_ANGIOGENESIS,WP_ANGIOGENESIS,WikiPathways,CD8,SF_vs_PB_CD8,1.33767715,0.501040993,0.128955108,0.329331505,15,8,TIMP2/AKT1/MAPK1/ARNT/VEGFA/SRC/PIK3CA/HIF1A,up,FALSE
WP_GENES_TARGETED_BY_MIRNAS_IN_ADIPOCYTES,WP_GENES_TARGETED_BY_MIRNAS_IN_ADIPOCYTES,WikiPathways,CD8,SF_vs_PB_CD8,1.35197792,0.657340932,0.130888197,0.332459364,6,4,TMSB4X/SRF/HCN2/PTBP2,up,FALSE
WP_KYNURENINE_PATHWAY_AND_LINKS_TO_CELL_SENESCENCE,WP_KYNURENINE_PATHWAY_AND_LINKS_TO_CELL_SENESCENCE,WikiPathways,CD8,SF_vs_PB_CD8,1.33810666,0.509918198,0.130980978,0.332459364,14,6,CDKN1A/AHR/FOXO1/IL1R2/TNF/IFNG,up,FALSE
WP_ASPIRIN_AND_MIRNAS,WP_ASPIRIN_AND_MIRNAS,WikiPathways,CD8,SF_vs_PB_CD8,1.34728334,0.581463004,0.133498259,0.337815717,9,6,PPARA/MVD/VEGFA/PTGS1/ABCC4/NFKB1,up,FALSE
WP_DNA_DAMAGE_RESPONSE,WP_DNA_DAMAGE_RESPONSE,WikiPathways,CD8,SF_vs_PB_CD8,1.24728057,0.3383013,0.13492941,0.339275512,62,23,CDKN1A/DDB2/FAS/CDK1/APAF1/PML/CASP3/GADD45G/AKT1/CDK2/BID/CHEK1/CASP9/ABL1/RAD51/SMC1A/BBC3/BRCA1/CDK6/CCND2/E2F1/CDC25C/CCNE2,up,FALSE
WP_REGUCALCIN_IN_PROXIMAL_TUBULE_EPITHELIAL_KIDNEY_CELLS,WP_REGUCALCIN_IN_PROXIMAL_TUBULE_EPITHELIAL_KIDNEY_CELLS,WikiPathways,CD8,SF_vs_PB_CD8,1.30532625,0.43820674,0.135428887,0.339275512,23,8,APAF1/CASP3/AKT1/BAK1/MAPK1/PDE1B/PPP3R1/CASP9,up,FALSE
WP_INTERACTIONS_BETWEEN_LOXL4_AND_OXIDATIVE_STRESS_PATHWAY,WP_INTERACTIONS_BETWEEN_LOXL4_AND_OXIDATIVE_STRESS_PATHWAY,WikiPathways,CD8,SF_vs_PB_CD8,1.33169917,0.507476467,0.135500632,0.339275512,14,8,ANXA5/FN1/NQO1/TGFB1/PKD1/EXOC6/CDC37/IGFBP7,up,FALSE
WP_LIPID_METABOLISM_PATHWAY,WP_LIPID_METABOLISM_PATHWAY,WikiPathways,CD8,SF_vs_PB_CD8,1.29949889,0.427744949,0.135865356,0.339275512,25,8,AKT3/PRKAR1A/FASN/AKT1/PRKAR1B/PRKACA/ACACA/PRKAG1,up,FALSE
WP_PROSTAGLANDIN_SIGNALING,WP_PROSTAGLANDIN_SIGNALING,WikiPathways,CD8,SF_vs_PB_CD8,1.30441007,0.437899172,0.13611897,0.339275512,23,10,CSF1/IRF7/CCL3/AHR/CCL2/TNF/IFNG/PIK3CG/NLRP3/VEGFA,up,FALSE
WP_CHOLESTEROL_METABOLISM,WP_CHOLESTEROL_METABOLISM,WikiPathways,CD8,SF_vs_PB_CD8,1.25929068,0.359081964,0.13681167,0.339981097,48,18,LDLR/VDAC1/SLC27A4/SQLE/TSPO/MSMO1/APOC1/DHCR24/PMVK/ACAT2/HMGCR/LRPAP1/MVD/MGAT1/FDPS/LCAT/EBP/LSS,up,FALSE
WP_LUNG_PATHOLOGY_OF_COVID19,WP_LUNG_PATHOLOGY_OF_COVID19,WikiPathways,CD8,SF_vs_PB_CD8,1.33495263,0.543001136,0.140021295,0.346467611,11,8,IFIH1/CCL2/CSF2/TNF/NFKB1/CXCL9/CXCL10/TLR3,up,FALSE
WP_ATOPIC_DERMATITIS_MECHANISM_AND_THERAPIES,WP_ATOPIC_DERMATITIS_MECHANISM_AND_THERAPIES,WikiPathways,CD8,SF_vs_PB_CD8,1.32590799,0.515528231,0.140256768,0.346467611,13,9,IL4R/JAK3/FCER1A/IL2RG/IL13RA1/TYK2/IL13/STAT3/IL4,up,FALSE
WP_EFFECT_OF_INTESTINAL_MICROBIOME_ON_ANTICOAGULANT_RESPONSE_OF_VITAMIN_K_ANTAGONISTS,WP_EFFECT_OF_INTESTINAL_MICROBIOME_ON_ANTICOAGULANT_RESPONSE_OF_VITAMIN_K_ANTAGONISTS,WikiPathways,CD8,SF_vs_PB_CD8,1.33468165,0.68598333,0.142727736,0.351525284,5,2,VDR/PPARA,up,FALSE
WP_IMATINIB_AND_CHRONIC_MYELOID_LEUKEMIA,WP_IMATINIB_AND_CHRONIC_MYELOID_LEUKEMIA,WikiPathways,CD8,SF_vs_PB_CD8,-1.29660707,-0.433354764,0.146164098,0.358265838,19,7,FOXO3/ABCG2/NOP2/ABCB1/KIT/PDGFRB/MYC,down,FALSE
WP_CARDIOMYOCYTE_SIGNALING_CONVERGING_ON_TITIN,WP_CARDIOMYOCYTE_SIGNALING_CONVERGING_ON_TITIN,WikiPathways,CD8,SF_vs_PB_CD8,1.29388791,0.449899962,0.146338912,0.358265838,20,6,MAP2K2/PRKAR1A/TTN/PRKACA/MAPK1/SRF,up,FALSE
WP_ANDROGEN_BIOSYNTHESIS,WP_ANDROGEN_BIOSYNTHESIS,WikiPathways,CD8,SF_vs_PB_CD8,-1.34685832,-0.670133601,0.146786064,0.358265838,5,2,HSD17B4/AKR1C3,down,FALSE
WP_NONALCOHOLIC_FATTY_LIVER_DISEASE,WP_NONALCOHOLIC_FATTY_LIVER_DISEASE,WikiPathways,CD8,SF_vs_PB_CD8,1.19109633,0.287661436,0.147446174,0.358265838,127,34,SMAD7/FASLG/NDUFA6/RAC1/JUN/FAS/NDUFA13/RXRA/AKT3/NDUFS5/PPARA/NDUFB2/CASP3/CCL2/NDUFS6/AKT1/BAK1/COX7A2/CASP7/GSK3A/BID/COX8A/BCL2L11/PIK3CD/PRKAG1/TNF/VCAM1/EIF2S1/TRAF2/PIK3CB/NDUFA9/BBC3/NDUFB6/PRKAB2,up,FALSE
WP_KISSPEPTINKISSPEPTIN_RECEPTOR_SYSTEM_IN_THE_OVARY,WP_KISSPEPTINKISSPEPTIN_RECEPTOR_SYSTEM_IN_THE_OVARY,WikiPathways,CD8,SF_vs_PB_CD8,1.27667476,0.408854472,0.147622791,0.358265838,28,11,PRKCD/HRAS/MAPK3/MAP2K2/KRAS/AKT1/NRAS/MAPK1/PIK3CD/PIK3CG/PIK3CB,up,FALSE
WP_IL26_SIGNALING,WP_IL26_SIGNALING,WikiPathways,CD8,SF_vs_PB_CD8,1.26504358,0.393217008,0.150265484,0.362928543,32,21,JUN/MAPK3/IL10/CASP3/AKT1/MAPK1/CSF2/TNF/IL26/CTSK/IL10RB/PIK3CA/TYK2/STAT3/ICAM1/MAPK9/DDIT3/BAX/CCL20/MAPK8/ACTA2,up,FALSE
WP_SMITHMAGENIS_AND_POTOCKILUPSKI_SYNDROME_COPY_NUMBER_VARIATION,WP_SMITHMAGENIS_AND_POTOCKILUPSKI_SYNDROME_COPY_NUMBER_VARIATION,WikiPathways,CD8,SF_vs_PB_CD8,1.18811173,0.286940624,0.150442743,0.362928543,127,34,FHOD1/LIMK1/RHOA/JUN/LDHA/CDK1/TOLLIP/ROCK1/NR1H2/FLII/RMI2/IFT81/TFE3/RAB10/CLTC/BCL2L11/TNF/LLGL1/RMI1/NT5M/ULK1/PPP1R12A/CLTB/BCL6/RB1CC1/ETV5/RASD1/WDR26/MYD88/APBB1/ALKBH5/RNF41/RANBP9/RAI1,up,FALSE
WP_1P36_COPY_NUMBER_VARIATION_SYNDROME,WP_1P36_COPY_NUMBER_VARIATION_SYNDROME,WikiPathways,CD8,SF_vs_PB_CD8,1.21883279,0.322715708,0.151115763,0.362928543,71,21,SKI/RBX1/ISG15/PLEKHN1/IFIT1/GNB1/TRIM25/TNFRSF18/IFIH1/TNFSF4/ARF6/C1orf159/TRAF2/GDE1/RER1/ELAVL1/MCM2/PLCH2/VEGFA/TNFRSF4/AGRN,up,FALSE
WP_SULFATION_BIOTRANSFORMATION_REACTION,WP_SULFATION_BIOTRANSFORMATION_REACTION,WikiPathways,CD8,SF_vs_PB_CD8,-1.34185013,-0.63051018,0.151293103,0.362928543,6,3,GSR/SULT1A1/SULT1B1,down,FALSE
WP_SHANK3_PATHWAY_INVOLVED_IN_PHELANMCDERMID_SYNDROME,WP_SHANK3_PATHWAY_INVOLVED_IN_PHELANMCDERMID_SYNDROME,WikiPathways,CD8,SF_vs_PB_CD8,1.28340992,0.45182053,0.156652398,0.374701701,19,6,HRAS/ITGB1/TAB2/ITPR1/PAK1/LZTS3,up,FALSE
WP_TYROSINE_KINASE_INHIBITORS_IN_GLIOBLASTOMA,WP_TYROSINE_KINASE_INHIBITORS_IN_GLIOBLASTOMA,WikiPathways,CD8,SF_vs_PB_CD8,1.27408834,0.427719965,0.157649576,0.375435908,23,13,HRAS/KRAS/AKT3/AKT1/NRAS/RHEB/JAK3/SOS2/SOS1/TSC2/TYK2/TSC1/STAT3,up,FALSE
WP_COMPLEMENT_SYSTEM_IN_NEURONAL_DEVELOPMENT_AND_PLASTICITY,WP_COMPLEMENT_SYSTEM_IN_NEURONAL_DEVELOPMENT_AND_PLASTICITY,WikiPathways,CD8,SF_vs_PB_CD8,1.21715391,0.328407967,0.158222478,0.375435908,64,23,CLU/FASLG/FAS/PLSCR1/APAF1/C1QA/CASP3/BAK1/C1QB/HTRA2/CASP7/PARD6G/BID/ATP8B2/ITGAX/ATP8B3/CAP1/C1QC/CASP9/PARD6A/IFNG/SCRIB/ATP11A,up,FALSE
WP_MONOAMINE_TRANSPORT,WP_MONOAMINE_TRANSPORT,WikiPathways,CD8,SF_vs_PB_CD8,1.30100195,0.505844478,0.158316347,0.375435908,13,7,STX1A/ADORA2A/TGFB1I1/PPP2CB/TNF/CDC25C/TSC2,up,FALSE
WP_BIOMARKERS_FOR_PYRIMIDINE_METABOLISM_DISORDERS,WP_BIOMARKERS_FOR_PYRIMIDINE_METABOLISM_DISORDERS,WikiPathways,CD8,SF_vs_PB_CD8,1.29566927,0.493746395,0.160251962,0.378754055,14,7,TYMP/CKB/UPB1/TYMS/NT5C3A/TK2/RRM2B,up,FALSE
WP_ALSTROM_SYNDROME,WP_ALSTROM_SYNDROME,WikiPathways,CD8,SF_vs_PB_CD8,1.26010001,0.403546417,0.160628226,0.378754055,28,9,ACTN4/RFX2/BLOC1S1/TUBG1/IFT81/ALMS1/RFX1/SNAPIN/STX5,up,FALSE
WP_15Q25_COPY_NUMBER_VARIATION,WP_15Q25_COPY_NUMBER_VARIATION,WikiPathways,CD8,SF_vs_PB_CD8,1.25464354,0.395633183,0.161502843,0.379737563,30,16,RYR1/SLC2A1/TM6SF1/GOLGA6L4/ITPR1/HTT/AP3S1/NMB/ZNF592/SEC11A/AGAP2/AP3D1/AP3M2/RYR2/ZSCAN2/SYNJ1,up,FALSE
WP_NEUROINFLAMMATION_AND_GLUTAMATERGIC_SIGNALING,WP_NEUROINFLAMMATION_AND_GLUTAMATERGIC_SIGNALING,WikiPathways,CD8,SF_vs_PB_CD8,1.19702233,0.306063616,0.162489681,0.38097863,87,33,SLC1A1/ADCY3/SMAD7/SLC2A1/MAPK3/IL10/SLC1A4/AKT1/PRKACA/NSMF/MAPK1/IL4R/SLC38A5/CFL1/IL1R2/GLUL/CAMKK2/TNF/CAMKK1/GRM2/IFNG/PPP1CB/PSAT1/LRRC8B/IL10RB/LRRC8C/NFKB2/IL13RA1/IL13/TGFB1/STAT3/TNFRSF1B/GLS,up,FALSE
WP_AUTOPHAGY_IN_PANCREATIC_DUCTAL_ADENOCARCINOMA,WP_AUTOPHAGY_IN_PANCREATIC_DUCTAL_ADENOCARCINOMA,WikiPathways,CD8,SF_vs_PB_CD8,1.2785594,0.456612217,0.163072824,0.381268855,18,11,KRAS/HMGB1/PINK1/TFE3/VMP1/SQSTM1/TFEB/ATG7/STAT3/MDM2/NFKB1,up,FALSE
WP_OMEGA3_OMEGA6_FATTY_ACID_SYNTHESIS,WP_OMEGA3_OMEGA6_FATTY_ACID_SYNTHESIS,WikiPathways,CD8,SF_vs_PB_CD8,1.30006314,0.544296463,0.165327064,0.385214571,10,7,ACSL1/ACOX3/ELOVL5/ACSL4/FADS2/FADS1/ACOT2,up,FALSE
WP_MICRORNAS_IN_CARDIOMYOCYTE_HYPERTROPHY,WP_MICRORNAS_IN_CARDIOMYOCYTE_HYPERTROPHY,WikiPathways,CD8,SF_vs_PB_CD8,1.21482223,0.333721275,0.165688677,0.385214571,58,22,RAC1/RHOA/MYEF2/MAPK3/MAP2K2/PPP3CA/ROCK1/AKT1/MAPK1/PPP3CB/IKBKG/PIK3CD/TNF/PIK3CG/PIK3CB/ROCK2/MAP2K4/PIK3CA/MAPK7/TGFB1/STAT3/MAP2K1,up,FALSE
WP_NRP1TRIGGERED_SIGNALING_IN_PANCREATIC_CANCER,WP_NRP1TRIGGERED_SIGNALING_IN_PANCREATIC_CANCER,WikiPathways,CD8,SF_vs_PB_CD8,1.24093037,0.380188016,0.167760943,0.388499923,34,14,RAC1/MAPK3/MAP2K2/AKT3/AKT1/CDK2/MAPK1/GSK3A/PLXNA1/VEGFA/SRC/SLC39A4/CCNE2/NFKB2,up,FALSE
WP_RIBOFLAVIN_AND_COQ_DISORDERS,WP_RIBOFLAVIN_AND_COQ_DISORDERS,WikiPathways,CD8,SF_vs_PB_CD8,-1.28871344,-0.490264336,0.16875409,0.388499923,12,9,PDSS2/COQ6/APTX/FLAD1/ETFA/COQ2/ETFDH/RFK/COQ7,down,FALSE
WP_15Q112_COPY_NUMBER_VARIATION_SYNDROME,WP_15Q112_COPY_NUMBER_VARIATION_SYNDROME,WikiPathways,CD8,SF_vs_PB_CD8,1.29745168,0.559956566,0.168975628,0.388499923,9,7,NIPA1/TUBGCP5/FMR1/TUBGCP6/TUBGCP2/NIPA2/CYFIP1,up,FALSE
WP_ESTROGEN_METABOLISM_WP5276,WP_ESTROGEN_METABOLISM_WP5276,WikiPathways,CD8,SF_vs_PB_CD8,-1.30186294,-0.538901427,0.169506075,0.388499923,9,4,HSD17B14/HSD17B8/HSD17B4/AKR1C3,down,FALSE
WP_SELENIUM_MICRONUTRIENT_NETWORK,WP_SELENIUM_MICRONUTRIENT_NETWORK,WikiPathways,CD8,SF_vs_PB_CD8,1.22779397,0.36150419,0.169848979,0.388499923,41,9,TXN/LDLR/PRDX1/GGT1/ALOX5AP/PRDX5/PRDX4/MSRB1/CCL2,up,FALSE
WP_PILOCYTIC_ASTROCYTOMA,WP_PILOCYTIC_ASTROCYTOMA,WikiPathways,CD8,SF_vs_PB_CD8,1.29645217,0.559525193,0.169910207,0.388499923,9,3,HRAS/KRAS/NRAS,up,FALSE
WP_FATTY_ACID_TRANSPORTERS,WP_FATTY_ACID_TRANSPORTERS,WikiPathways,CD8,SF_vs_PB_CD8,1.28795073,0.523882791,0.173406962,0.394610561,11,6,FABP5/SLC27A4/DBI/ACSL1/FABP3/ACSL4,up,FALSE
WP_ENERGY_METABOLISM,WP_ENERGY_METABOLISM,WikiPathways,CD8,SF_vs_PB_CD8,1.22398392,0.358581258,0.17353356,0.394610561,42,12,RXRA/PPP3CA/MEF2D/PPARA/FOXO1/PPP3CB/UCP3/PPARG/NCOA1/EP300/PRKAG1/PPP3R1,up,FALSE
WP_THYROID_STIMULATING_HORMONE_TSH_SIGNALING,WP_THYROID_STIMULATING_HORMONE_TSH_SIGNALING,WikiPathways,CD8,SF_vs_PB_CD8,1.20356776,0.328415726,0.174719336,0.396221445,60,15,RALGDS/ADCY3/JUN/HRAS/GNA13/MYL12B/MAPK3/GNB1/GNAI2/AKT1/GNAS/CDK2/EGR1/MAPK1/GNAI3,up,FALSE
WP_HIJACK_OF_UBIQUITINATION_BY_SARSCOV2,WP_HIJACK_OF_UBIQUITINATION_BY_SARSCOV2,WikiPathways,CD8,SF_vs_PB_CD8,1.29644973,0.630342748,0.17553122,0.396475957,6,2,RBX1/CBFB,up,FALSE
WP_CHOLESTEROL_BIOSYNTHESIS_PATHWAY_IN_HEPATOCYTES,WP_CHOLESTEROL_BIOSYNTHESIS_PATHWAY_IN_HEPATOCYTES,WikiPathways,CD8,SF_vs_PB_CD8,1.19535136,0.31829275,0.175895144,0.396475957,69,23,ABCG1/CYB5R3/TSPO/SLC27A2/MSMO1/CYP2R1/SRD5A1/NR1H2/HSD3B7/DHCR24/PMVK/ACAT2/HMGCR/ACSL1/MVD/FDXR/OSBPL7/HSD17B10/FDPS/ACBD3/EBP/ELOVL5/LSS,up,FALSE
WP_TRANSCRIPTION_COFACTORS_SKI_AND_SKIL_PROTEIN_PARTNERS,WP_TRANSCRIPTION_COFACTORS_SKI_AND_SKIL_PROTEIN_PARTNERS,WikiPathways,CD8,SF_vs_PB_CD8,1.28107621,0.508895871,0.176264612,0.396475957,12,2,SKI/SKIL,up,FALSE
WP_GABA_METABOLISM_AKA_GHB,WP_GABA_METABOLISM_AKA_GHB,WikiPathways,CD8,SF_vs_PB_CD8,-1.30733068,-0.614290135,0.178642241,0.399869713,6,4,GLS2/AKR7A2/ALDH5A1/ADHFE1,down,FALSE
WP_CARDIAC_PROGENITOR_DIFFERENTIATION,WP_CARDIAC_PROGENITOR_DIFFERENTIATION,WikiPathways,CD8,SF_vs_PB_CD8,-1.26114904,-0.441660192,0.178736944,0.399869713,16,4,NOG/KIT/NCAM1/ROR2,down,FALSE
WP_LNCRNA_IN_CANONICAL_WNT_SIGNALING_AND_COLORECTAL_CANCER,WP_LNCRNA_IN_CANONICAL_WNT_SIGNALING_AND_COLORECTAL_CANCER,WikiPathways,CD8,SF_vs_PB_CD8,-1.18548842,-0.306822667,0.179751796,0.401059115,55,14,MAP3K7/CDK8/CCND3/AXIN2/AXIN1/LEF1/WNT7A/RUVBL1/TCF7/CTBP2/FZD3/DKK2/MYC/ROR2,down,FALSE
WP_LACTATE_SHUTTLE_IN_GLIAL_CELLS,WP_LACTATE_SHUTTLE_IN_GLIAL_CELLS,WikiPathways,CD8,SF_vs_PB_CD8,1.27854275,0.520056032,0.180625485,0.401928023,11,4,NUDT14/LDHA/SLC2A1/SLC16A3,up,FALSE
WP_ASPIRIN_PREVENTION_OF_CANCER_METASTASIS,WP_ASPIRIN_PREVENTION_OF_CANCER_METASTASIS,WikiPathways,CD8,SF_vs_PB_CD8,1.28764378,0.597419498,0.181688418,0.403212264,7,5,RHOA/GNA13/PTGS1/TBXAS1/GNA12,up,FALSE
WP_PROLACTIN_SIGNALING,WP_PROLACTIN_SIGNALING,WikiPathways,CD8,SF_vs_PB_CD8,1.18744319,0.314404546,0.182281011,0.403448637,71,15,EIF4EBP1/CTSD/SOCS1/RAC1/JUN/HRAS/MAPK3/MAP2K2/PIAS3/CASP3/ITGB1/AKT1/MAPK1/PAK1/VAV2,up,FALSE
WP_MAP3K1_ROLE_IN_PROMOTING_AND_BLOCKING_GONADAL_DETERMINATION,WP_MAP3K1_ROLE_IN_PROMOTING_AND_BLOCKING_GONADAL_DETERMINATION,WikiPathways,CD8,SF_vs_PB_CD8,1.26804846,0.493031783,0.183331545,0.40431102,13,5,MAPK11/RHOA/ROCK1/GADD45G/MAPK1,up,FALSE
WP_LUPUS_PATHOGENESIS,WP_LUPUS_PATHOGENESIS,WikiPathways,CD8,SF_vs_PB_CD8,1.27187907,0.505242389,0.183644885,0.40431102,12,3,PDCD1/CD86/ICOS,up,FALSE
WP_INTERACTIONS_OF_NATURAL_KILLER_CELLS_IN_PANCREATIC_CANCER,WP_INTERACTIONS_OF_NATURAL_KILLER_CELLS_IN_PANCREATIC_CANCER,WikiPathways,CD8,SF_vs_PB_CD8,1.23307601,0.402118441,0.18521569,0.406690537,26,13,CCL5/CCL3/CCL4/CCL2/GZMB/TIGIT/FOXO1/CSF2/ADAM17/PVR/TNF/IFNG/KLRC4-KLRK1,up,FALSE
WP_DISORDERS_OF_MITOCHONDRIAL_HOMEOSTATIS_DYNAMICS_PROTEIN_IMPORT_AND_QUALITY_CONTROL,WP_DISORDERS_OF_MITOCHONDRIAL_HOMEOSTATIS_DYNAMICS_PROTEIN_IMPORT_AND_QUALITY_CONTROL,WikiPathways,CD8,SF_vs_PB_CD8,-1.17878104,-0.305086694,0.186100588,0.407387192,55,15,TIMM8A/OXA1L/HSPA9/AGK/YME1L1/COQ5/MFF/DNAJC19/PMPCB/HSPD1/SFXN4/PPA2/TXN2/C1QBP/PLEK,down,FALSE
WP_COMPLEMENT_SYSTEM,WP_COMPLEMENT_SYSTEM,WikiPathways,CD8,SF_vs_PB_CD8,-1.18782813,-0.317340151,0.186514618,0.407387192,47,7,RPS19/C1QBP/CFH/CR1/FCGR3A/CR2/ICAM2,down,FALSE
WP_MFAP5_EFFECT_ON_PERMEABILITY_AND_MOTILITY_OF_ENDOTHELIAL_CELLS_VIA_CYTOSKELETON_REARRANGEMENT,WP_MFAP5_EFFECT_ON_PERMEABILITY_AND_MOTILITY_OF_ENDOTHELIAL_CELLS_VIA_CYTOSKELETON_REARRANGEMENT,WikiPathways,CD8,SF_vs_PB_CD8,-1.26317843,-0.480550071,0.187529619,0.408529091,12,3,PXN/VCL/ACTN1,down,FALSE
WP_PENTOSE_PHOSPHATE_PATHWAY_IN_SENESCENT_CELLS,WP_PENTOSE_PHOSPHATE_PATHWAY_IN_SENESCENT_CELLS,WikiPathways,CD8,SF_vs_PB_CD8,-1.27728286,-0.548550578,0.190413426,0.413725508,8,5,G6PD/RPE/PGLS/RPIA/TP53,down,FALSE
WP_EMBRYONIC_STEM_CELL_PLURIPOTENCY_PATHWAYS,WP_EMBRYONIC_STEM_CELL_PLURIPOTENCY_PATHWAYS,WikiPathways,CD8,SF_vs_PB_CD8,1.18760376,0.324059653,0.191720012,0.415476787,60,11,PDGFA/SMAD7/WNT10A/JUN/HRAS/MAP2K2/BMPR2/AKT3/AKT1/MAPK1/MAPK6,up,FALSE
WP_LIPID_METABOLISM_IN_SENESCENT_CELLS,WP_LIPID_METABOLISM_IN_SENESCENT_CELLS,WikiPathways,CD8,SF_vs_PB_CD8,1.27063577,0.566984749,0.195062408,0.421619268,8,2,CDKN1A/HRAS,up,FALSE
WP_LIVER_X_RECEPTOR_PATHWAY,WP_LIVER_X_RECEPTOR_PATHWAY,WikiPathways,CD8,SF_vs_PB_CD8,1.27172718,0.65362676,0.196116175,0.422191809,5,2,RXRA/FASN,up,FALSE
WP_MIRNA_TARGETS_IN_ECM_AND_MEMBRANE_RECEPTORS,WP_MIRNA_TARGETS_IN_ECM_AND_MEMBRANE_RECEPTORS,WikiPathways,CD8,SF_vs_PB_CD8,-1.26910834,-0.54503989,0.196344625,0.422191809,8,3,COL6A1/COL5A3/COL6A2,down,FALSE
WP_CHRONIC_HYPERGLYCEMIA_IMPAIRMENT_OF_NEURON_FUNCTION,WP_CHRONIC_HYPERGLYCEMIA_IMPAIRMENT_OF_NEURON_FUNCTION,WikiPathways,CD8,SF_vs_PB_CD8,-1.22796232,-0.416192868,0.200209497,0.428902555,18,8,SORD/PRKCA/PRKCE/PRKCH/PRKCB/MMP23B/PRKD3/TKTL1,down,FALSE
WP_JAKSTAT_SIGNALING_IN_THE_REGULATION_OF_BETA_CELLS,WP_JAKSTAT_SIGNALING_IN_THE_REGULATION_OF_BETA_CELLS,WikiPathways,CD8,SF_vs_PB_CD8,1.21396682,0.388772286,0.200499026,0.428902555,28,9,SOCS1/HRAS/KRAS/AKT3/AKT1/NRAS/FOXM1/IFNG/CCND2,up,FALSE
WP_GLYCOSAMINOGLYCAN_DEGRADATION,WP_GLYCOSAMINOGLYCAN_DEGRADATION,WikiPathways,CD8,SF_vs_PB_CD8,1.24425878,0.474155172,0.201213545,0.42932453,14,3,HGSNAT/IDS/GUSB,up,FALSE
WP_ACE_INHIBITOR_PATHWAY,WP_ACE_INHIBITOR_PATHWAY,WikiPathways,CD8,SF_vs_PB_CD8,-1.27676927,-0.599929905,0.202349138,0.429874879,6,5,ATP6AP2/NOS3/ACE/CTSG/NR3C2,down,FALSE
WP_VITAMIN_K_METABOLISM_AND_ACTIVATION_OF_DEPENDENT_PROTEINS,WP_VITAMIN_K_METABOLISM_AND_ACTIVATION_OF_DEPENDENT_PROTEINS,WikiPathways,CD8,SF_vs_PB_CD8,1.26416343,0.614644925,0.202507322,0.429874879,6,3,VKORC1L1/VKORC1/AIFM2,up,FALSE
WP_MRNA_PROTEIN_AND_METABOLITE_INDUCED_STRESS_PATHWAY_BY_CYCLOSPORIN_A,WP_MRNA_PROTEIN_AND_METABOLITE_INDUCED_STRESS_PATHWAY_BY_CYCLOSPORIN_A,WikiPathways,CD8,SF_vs_PB_CD8,1.26023439,0.58470255,0.204489841,0.432114527,7,2,SLC1A5/SLC7A5,up,FALSE
WP_METABOLISM_OF_SPHINGOLIPIDS_IN_ER_AND_GOLGI_APPARATUS,WP_METABOLISM_OF_SPHINGOLIPIDS_IN_ER_AND_GOLGI_APPARATUS,WikiPathways,CD8,SF_vs_PB_CD8,1.22815903,0.438612721,0.204603625,0.432114527,18,6,GALNT1/ST6GALNAC3/SGMS2/B4GALNT1/SGPP2/SGMS1,up,FALSE
WP_MIR517_RELATIONSHIP_WITH_ARCN1_AND_USP1,WP_MIR517_RELATIONSHIP_WITH_ARCN1_AND_USP1,WikiPathways,CD8,SF_vs_PB_CD8,1.26056194,0.647888188,0.205684199,0.433294124,5,3,CDKN1A/USP1/ID2,up,FALSE
WP_SPHINGOLIPID_METABOLISM_INTEGRATED_PATHWAY,WP_SPHINGOLIPID_METABOLISM_INTEGRATED_PATHWAY,WikiPathways,CD8,SF_vs_PB_CD8,1.22212439,0.424946946,0.206311018,0.433514291,20,11,SGMS2/SPTLC2/SGPP2/SGMS1/CERS5/DEGS1/CERS2/UGCG/CERS4/SGPL1/UGT8,up,FALSE
WP_QUERCETIN_AND_NFKB_AP1_INDUCED_APOPTOSIS,WP_QUERCETIN_AND_NFKB_AP1_INDUCED_APOPTOSIS,WikiPathways,CD8,SF_vs_PB_CD8,1.24402979,0.506017647,0.208055871,0.43530911,11,5,JUN/MAFG/MAFK/VEGFA/KEAP1,up,FALSE
WP_IL4_SIGNALING,WP_IL4_SIGNALING,WikiPathways,CD8,SF_vs_PB_CD8,1.17874812,0.331972452,0.208214116,0.43530911,51,20,SOCS1/MAPK11/MAPK3/BAD/AKT1/MAPK1/IL4R/EP300/PIK3CD/GAB2/JAK3/ELK1/SOS1/IL2RG/PIK3CA/TYK2/STAT3/CEBPB/IL4/NFKB1,up,FALSE
WP_17Q12_COPY_NUMBER_VARIATION_SYNDROME,WP_17Q12_COPY_NUMBER_VARIATION_SYNDROME,WikiPathways,CD8,SF_vs_PB_CD8,1.1758023,0.328595309,0.209938636,0.436767966,53,13,CCL4L2/AP2B1/CCL5/CCL3/CCL4/LASP1/CCL2/CCL18/ACACA/MYO19/IKZF3/RFFL/SLFN5,up,FALSE
WP_VITAMIN_A_AND_CAROTENOID_METABOLISM,WP_VITAMIN_A_AND_CAROTENOID_METABOLISM,WikiPathways,CD8,SF_vs_PB_CD8,-1.22029265,-0.427352099,0.210370985,0.436767966,16,3,SULT1A1/CYP2E1/RARG,down,FALSE
WP_MECHANOREGULATION_AND_PATHOLOGY_OF_YAPTAZ_VIA_HIPPO_AND_NONHIPPO_MECHANISMS,WP_MECHANOREGULATION_AND_PATHOLOGY_OF_YAPTAZ_VIA_HIPPO_AND_NONHIPPO_MECHANISMS,WikiPathways,CD8,SF_vs_PB_CD8,1.19457434,0.368573332,0.211821578,0.436767966,33,17,CTNNA1/MAP4K1/ITGB1/SGMS1/PAK1/STK3/ACTG2/LIMD1/PAK4/SRC/NF2/ITGB2/MAP4K4/MAPK9/MAPK8/PAK3/ACTA2,up,FALSE
WP_PGK1_PKM2_KHKCKHKA_ACTING_AS_PROTEIN_KINASES,WP_PGK1_PKM2_KHKCKHKA_ACTING_AS_PROTEIN_KINASES,WikiPathways,CD8,SF_vs_PB_CD8,1.23924054,0.504069589,0.212098244,0.436767966,11,6,PKM/PGK1/BUB3/KHK/PRPS1/STAT3,up,FALSE
WP_LEUKOCYTEINTRINSIC_HIPPO_PATHWAY_FUNCTIONS,WP_LEUKOCYTEINTRINSIC_HIPPO_PATHWAY_FUNCTIONS,WikiPathways,CD8,SF_vs_PB_CD8,1.20327562,0.392400235,0.21255019,0.436767966,26,9,RAC1/RHOA/FOXO1/NDRG1/STK3/FOXP3/RAB13/KNSTRN/STK38L,up,FALSE
WP_LTF_DANGER_SIGNAL_RESPONSE_PATHWAY,WP_LTF_DANGER_SIGNAL_RESPONSE_PATHWAY,WikiPathways,CD8,SF_vs_PB_CD8,1.24050974,0.519363282,0.213060674,0.436767966,10,5,MAPK1/IRAK1/TNF/MYD88/TREM1,up,FALSE
WP_4P163_COPY_NUMBER_VARIATION,WP_4P163_COPY_NUMBER_VARIATION,WikiPathways,CD8,SF_vs_PB_CD8,1.20864711,0.405750908,0.213080533,0.436767966,23,8,ERI1/MAPK3/NELFB/MAPK1/CKAP5/NELFCD/NELFE/SOS1,up,FALSE
WP_HEDGEHOG_SIGNALING_WP47,WP_HEDGEHOG_SIGNALING_WP47,WikiPathways,CD8,SF_vs_PB_CD8,-1.25524288,-0.561753062,0.213508761,0.436767966,7,3,SUFU/PTCH2/PTCH1,down,FALSE
WP_SPINA_BIFIDA,WP_SPINA_BIFIDA,WikiPathways,CD8,SF_vs_PB_CD8,-1.23867037,-0.497089124,0.213647945,0.436767966,10,4,MTRR/MAT2B/AHCY/DNMT3A,down,FALSE
WP_PEPTIDE_GPCRS,WP_PEPTIDE_GPCRS,WikiPathways,CD8,SF_vs_PB_CD8,-1.19088812,-0.369830345,0.215334304,0.439133839,25,6,CXCR1/CCR10/CXCR2/CX3CR1/CCR9/CCR6,down,FALSE
WP_EDA_SIGNALING_IN_HAIR_FOLLICLE_DEVELOPMENT,WP_EDA_SIGNALING_IN_HAIR_FOLLICLE_DEVELOPMENT,WikiPathways,CD8,SF_vs_PB_CD8,-1.25995393,-0.59202869,0.216034483,0.439362971,6,3,LTB/PTCH1/EDA,down,FALSE
WP_EXTRACELLULAR_VESICLES_IN_THE_CROSSTALK_OF_CARDIAC_CELLS,WP_EXTRACELLULAR_VESICLES_IN_THE_CROSSTALK_OF_CARDIAC_CELLS,WikiPathways,CD8,SF_vs_PB_CD8,1.2360666,0.517503078,0.216505368,0.439362971,10,3,CD81/CD63/SPP1,up,FALSE
WP_FANCONI_ANEMIA,WP_FANCONI_ANEMIA,WikiPathways,CD8,SF_vs_PB_CD8,1.17880905,0.35069334,0.220251306,0.445874595,39,20,UBE2T/BRCA2/SLX4/MAD2L2/FANCI/FANCL/UHRF2/FANCG/FANCA/USP1/RAD51/BRCA1/MCM2/BRIP1/ERCC1/SMARCA4/PALB2/FANCD2/FANCE/FANCC,up,FALSE
WP_MIRTARGETED_GENES_IN_SQUAMOUS_CELL,WP_MIRTARGETED_GENES_IN_SQUAMOUS_CELL,WikiPathways,CD8,SF_vs_PB_CD8,1.13666319,0.281354336,0.221184656,0.445920999,107,21,ANXA2/TMEM43/PKM/PDLIM7/SH3BGRL3/CBFB/LAMTOR5/GALNT1/CHMP2A/ATP2A2/TUBA1A/GNAI2/VEZT/PICALM/IDH1/SYNE2/RHEB/TPM3/GAS2L1/VCAM1/CTDSP1,up,FALSE
WP_T_CELL_RECEPTOR_AND_COSTIMULATORY_SIGNALING,WP_T_CELL_RECEPTOR_AND_COSTIMULATORY_SIGNALING,WikiPathways,CD8,SF_vs_PB_CD8,1.19216202,0.381789309,0.221348737,0.445920999,28,7,PDCD1/CD8A/PPP3CA/RASGRP1/CTLA4/AKT1/GSK3A,up,FALSE
WP_AMINO_ACID_TRANSPORT_DEFECTS_IEMS,WP_AMINO_ACID_TRANSPORT_DEFECTS_IEMS,WikiPathways,CD8,SF_vs_PB_CD8,1.24104119,0.637855152,0.223933269,0.450035384,5,2,SLC1A1/SLC7A7,up,FALSE
WP_B_CELL_RECEPTOR_SIGNALING,WP_B_CELL_RECEPTOR_SIGNALING,WikiPathways,CD8,SF_vs_PB_CD8,1.14109026,0.289623863,0.225062035,0.450580495,91,26,PRKCD/RAC1/JUN/HRAS/LAT2/MAP2K2/MAP4K1/CD81/MEF2D/AKT1/FOXO1/DAPP1/MAPK1/GSK3A/RAPGEF1/PIP5K1C/VAV2/IKBKG/RASGRP3/PLCG2/GAB2/CRK/PIK3CG/BCL6/ETS1/ELK1,up,FALSE
WP_CELLS_AND_MOLECULES_INVOLVED_IN_LOCAL_ACUTE_INFLAMMATORY_RESPONSE,WP_CELLS_AND_MOLECULES_INVOLVED_IN_LOCAL_ACUTE_INFLAMMATORY_RESPONSE,WikiPathways,CD8,SF_vs_PB_CD8,1.22564191,0.51313858,0.225290247,0.450580495,10,6,ITGB1/TNF/VCAM1/SELPLG/ITGB2/ICAM1,up,FALSE
WP_PHOSPHOINOSITIDES_METABOLISM,WP_PHOSPHOINOSITIDES_METABOLISM,WikiPathways,CD8,SF_vs_PB_CD8,1.17178091,0.348602482,0.227426702,0.453760007,39,25,SBF1/PIP4K2C/PLCD1/MTMR10/PIP5K1C/PIK3CD/PLCG2/PLCD3/PIK3CG/PIK3CB/PLCH2/PIK3CA/MTMR12/MTMR1/MTMR9/PLCB3/MTMR3/PIKFYVE/PTEN/MTM1/MTMR6/PIK3C2A/PIK3C2B/MTMR2/PIP4K2B,up,FALSE
WP_VITAMIN_D_METABOLISM,WP_VITAMIN_D_METABOLISM,WikiPathways,CD8,SF_vs_PB_CD8,1.23399383,0.572527892,0.22823669,0.454284059,7,3,VDR/RXRA/CYP2R1,up,FALSE
WP_REGULATORY_CIRCUITS_OF_STAT3_SIGNALING,WP_REGULATORY_CIRCUITS_OF_STAT3_SIGNALING,WikiPathways,CD8,SF_vs_PB_CD8,1.1534041,0.316849229,0.231251612,0.458925151,58,20,IL2RB/MAPK11/F2R/IL9R/MAPK3/PIAS3/MAPK1/MAPK6/JAK3/IL5RA/IL2RA/CSF2RA/MAPK12/SRC/IL2RG/IL10RB/IFNLR1/MAPK7/TYK2/TRIM28,up,FALSE
WP_ECTODERM_DIFFERENTIATION,WP_ECTODERM_DIFFERENTIATION,WikiPathways,CD8,SF_vs_PB_CD8,-1.11926106,-0.264829806,0.231753303,0.458925151,87,16,PODXL/STX16/UBTF/MZF1/SGSM3/PAN2/SERPINB6/ELOVL4/TTC14/ARHGAP15/PPFIBP2/ARHGAP10/MYC/ROR2/EDA/ZBTB16,down,FALSE
WP_MIRNA_REGULATION_OF_DNA_DAMAGE_RESPONSE,WP_MIRNA_REGULATION_OF_DNA_DAMAGE_RESPONSE,WikiPathways,CD8,SF_vs_PB_CD8,1.1489453,0.310004172,0.232227185,0.458925151,64,23,CDKN1A/DDB2/FAS/CDK1/APAF1/PML/CASP3/GADD45G/CDK2/BID/CHEK1/CASP9/ABL1/RAD51/SMC1A/BBC3/BRCA1/CDK6/CCND2/E2F1/MCM7/CDC25C/CCNE2,up,FALSE
WP_MOLECULAR_PATHWAY_FOR_OXIDATIVE_STRESS,WP_MOLECULAR_PATHWAY_FOR_OXIDATIVE_STRESS,WikiPathways,CD8,SF_vs_PB_CD8,1.16564114,0.344853833,0.232816038,0.45899599,40,19,CDKN1A/PINK1/AKT1/FOXO1/CDK2/IKBKG/CHEK1/TNF/RHEB/KEAP1/MAP2K4/PIK3CA/NQO1/CUL3/TSC1/ICAM1/MDM2/NFKB1/HMOX1,up,FALSE
WP_VITAMIN_D_IN_INFLAMMATORY_DISEASES,WP_VITAMIN_D_IN_INFLAMMATORY_DISEASES,WikiPathways,CD8,SF_vs_PB_CD8,1.18672913,0.407682678,0.235043626,0.462289597,21,8,VDR/RXRA/PPP3CA/IKBKG/TNF/PPP3R1/NR3C1/MED14,up,FALSE
WP_OVERVIEW_OF_NANOPARTICLE_EFFECTS,WP_OVERVIEW_OF_NANOPARTICLE_EFFECTS,WikiPathways,CD8,SF_vs_PB_CD8,1.21086315,0.492526891,0.236424666,0.462840006,11,5,FN1/AKT3/ITGAD/PIK3CD/TNF,up,FALSE
WP_TGFB_SMAD_SIGNALING,WP_TGFB_SMAD_SIGNALING,WikiPathways,CD8,SF_vs_PB_CD8,-1.21273668,-0.502007936,0.236903504,0.462840006,9,3,SMAD3/TGFBR1/TGFBR3,down,FALSE
WP_EXTRACELLULAR_VESICLEMEDIATED_SIGNALING_IN_RECIPIENT_CELLS,WP_EXTRACELLULAR_VESICLEMEDIATED_SIGNALING_IN_RECIPIENT_CELLS,WikiPathways,CD8,SF_vs_PB_CD8,-1.18131877,-0.389026457,0.236996389,0.462840006,20,6,AXIN1/ERBB2/TGFBR1/MFGE8/TGFBR3/TGFA,down,FALSE
WP_DEVELOPMENT_AND_HETEROGENEITY_OF_THE_ILC_FAMILY,WP_DEVELOPMENT_AND_HETEROGENEITY_OF_THE_ILC_FAMILY,WikiPathways,CD8,SF_vs_PB_CD8,-1.17586943,-0.377541531,0.238298377,0.46334543500000003,22,4,IL23A/RORA/RORC/ZBTB16,down,FALSE
WP_SPHINGOLIPID_METABOLISM_OVERVIEW,WP_SPHINGOLIPID_METABOLISM_OVERVIEW,WikiPathways,CD8,SF_vs_PB_CD8,1.1884242,0.413228995,0.238371688,0.46334543500000003,20,11,SGMS2/SPTLC2/SGPP2/SGMS1/DEGS1/CERS2/UGCG/CERS4/GBA2/SGPL1/UGT8,up,FALSE
WP_NAD_METABOLISM,WP_NAD_METABOLISM,WikiPathways,CD8,SF_vs_PB_CD8,-1.19173352,-0.433627106,0.240257517,0.465481246,14,7,NMNAT3/CD38/NADK/SIRT5/NMNAT1/SIRT4/NT5E,down,FALSE
WP_COPPER_HOMEOSTASIS,WP_COPPER_HOMEOSTASIS,WikiPathways,CD8,SF_vs_PB_CD8,1.15889796,0.34285887,0.240592114,0.465481246,40,10,JUN/MT3/CASP3/AKT1/FOXO1/MT2A/XAF1/COX17/SP1/ADAM17,up,FALSE
WP_MAMMARY_GLAND_DEVELOPMENT_INVOLUTION_STAGE_4_OF_4,WP_MAMMARY_GLAND_DEVELOPMENT_INVOLUTION_STAGE_4_OF_4,WikiPathways,CD8,SF_vs_PB_CD8,-1.2112407,-0.520187662,0.243245024,0.468130332,8,4,SOCS3/IL6ST/TP53/MYC,down,FALSE
WP_FLUOROPYRIMIDINE_ACTIVITY,WP_FLUOROPYRIMIDINE_ACTIVITY,WikiPathways,CD8,SF_vs_PB_CD8,1.17135436,0.378151788,0.243520306,0.468130332,27,4,TYMP/UPP1/GGH/SLC29A1,up,FALSE
WP_TLR4_SIGNALING_AND_TOLERANCE,WP_TLR4_SIGNALING_AND_TOLERANCE,WikiPathways,CD8,SF_vs_PB_CD8,1.17636265,0.394912799,0.244151542,0.468130332,23,9,IRF7/TAB2/IRAK1/IKBKG/TNF/TRAF3/MYD88/RIPK1/TICAM1,up,FALSE
WP_NCRNAS_IN_WNT_SIGNALING_IN_HEPATOCELLULAR_CARCINOMA,WP_NCRNAS_IN_WNT_SIGNALING_IN_HEPATOCELLULAR_CARCINOMA,WikiPathways,CD8,SF_vs_PB_CD8,-1.13491473,-0.300708657,0.24421739,0.468130332,49,9,AXIN1/LEF1/WNT7A/TCF7/CTBP2/FZD3/DKK2/MYC/ROR2,down,FALSE
WP_EXERCISE_AND_HYPERTROPHY_IN_SKELETAL_MUSCLE,WP_EXERCISE_AND_HYPERTROPHY_IN_SKELETAL_MUSCLE,WikiPathways,CD8,SF_vs_PB_CD8,1.19339989,0.454774153,0.246676987,0.471755528,14,6,EIF4EBP1/JUND/ATF3/IFNG/ZEB1/VEGFA,up,FALSE
WP_JAKSTAT_SIGNALING_AND_ARTD_FAMILY_MEMBERS,WP_JAKSTAT_SIGNALING_AND_ARTD_FAMILY_MEMBERS,WikiPathways,CD8,SF_vs_PB_CD8,1.18940629,0.453252291,0.250271357,0.477529256,14,4,RBX1/DTX3L/PARP9/PARP14,up,FALSE
WP_ALBUTEROL_AND_BUDESONIDE_THERAPY_FOR_ASTHMA,WP_ALBUTEROL_AND_BUDESONIDE_THERAPY_FOR_ASTHMA,WikiPathways,CD8,SF_vs_PB_CD8,1.18476306,0.436111993,0.251099221,0.478009985,16,6,ADCY3/PRKAR1A/PRKAR1B/GNAS/PRKACA/ADCY7,up,FALSE
WP_IL10_ANTIINFLAMMATORY_SIGNALING,WP_IL10_ANTIINFLAMMATORY_SIGNALING,WikiPathways,CD8,SF_vs_PB_CD8,1.19494806,0.500288009,0.253376346,0.481241116,10,7,BLVRA/IL10/BLVRB/IL10RB/STAT3/HMOX1/IL10RA,up,FALSE
WP_STATIN_INHIBITION_OF_CHOLESTEROL_PRODUCTION,WP_STATIN_INHIBITION_OF_CHOLESTEROL_PRODUCTION,WikiPathways,CD8,SF_vs_PB_CD8,1.18234725,0.442860552,0.25443787,0.482153954,15,7,LDLR/SQLE/APOC1/HMGCR/LCAT/DGAT1/PLTP,up,FALSE
WP_AMYOTROPHIC_LATERAL_SCLEROSIS_ALS,WP_AMYOTROPHIC_LATERAL_SCLEROSIS_ALS,WikiPathways,CD8,SF_vs_PB_CD8,1.15354065,0.361081871,0.255367616,0.482813488,31,10,RAC1/MAP2K2/PPP3CA/APAF1/BAD/CASP3/PPP3CB/BID/TNF/CASP9,up,FALSE
WP_PRIMARY_OVARIAN_INSUFFICIENCY,WP_PRIMARY_OVARIAN_INSUFFICIENCY,WikiPathways,CD8,SF_vs_PB_CD8,1.1175324,0.285739036,0.258687559,0.487175226,87,26,LMNA/POLG/BRCA2/BMPR2/SLX4/STAG3/SPATA33/CENPE/PGRMC1/ATG9A/NOTCH2/GNAS/PSMC3IP/FANCI/MGME1/FANCL/RECQL4/MLH1/FANCA/FMR1/RAD51/MSH5/WDR62/EXO1/CAV1/RCBTB1,up,FALSE
WP_CANCER_IMMUNOTHERAPY_BY_CTLA4_BLOCKADE,WP_CANCER_IMMUNOTHERAPY_BY_CTLA4_BLOCKADE,WikiPathways,CD8,SF_vs_PB_CD8,1.18015266,0.458856886,0.259217537,0.487175226,13,7,HLA-DRB1/CD86/CTLA4/PIK3CD/CD80/PIK3CB/PIK3CA,up,FALSE
WP_TAR_SYNDROME,WP_TAR_SYNDROME,WikiPathways,CD8,SF_vs_PB_CD8,1.13437814,0.321940948,0.259758555,0.487175226,49,24,TXN/ANKRD35/PIAS3/ITGB1/UBE2I/SLK/DDIT4/HLA-G/RBCK1/ZFHX3/IFNG/SUMO2/HLA-A/FARP2/FURIN/BRF1/STAT3/PEX11B/MTA1/HAMP/ITGA10/NFKB1/CXCR4/HLA-F,up,FALSE
WP_THYROID_HORMONES_PRODUCTION_AND_PERIPHERAL_DOWNSTREAM_SIGNALING_EFFECTS,WP_THYROID_HORMONES_PRODUCTION_AND_PERIPHERAL_DOWNSTREAM_SIGNALING_EFFECTS,WikiPathways,CD8,SF_vs_PB_CD8,1.12994534,0.311551739,0.260606551,0.487175226,57,22,NOTCH1/ADCY3/HRAS/RXRA/AKT3/BAD/MAPKAPK3/PRKACA/FOXO1/MAPK1/PPARG/TTF2/RHEB/SECISBP2L/CASP9/SRC/SOS1/KDM3B/PIK3CA/ITGAV/TSC2/TBC1D4,up,FALSE
WP_ALTERED_GLYCOSYLATION_OF_MUC1_IN_TUMOR_MICROENVIRONMENT,WP_ALTERED_GLYCOSYLATION_OF_MUC1_IN_TUMOR_MICROENVIRONMENT,WikiPathways,CD8,SF_vs_PB_CD8,1.19570217,0.533547782,0.260609398,0.487175226,8,7,IKBKG/TNF/NFKB1/IKBKB/MUC1/CHUK/RELA,up,FALSE
WP_ETHANOL_EFFECTS_ON_HISTONE_MODIFICATIONS,WP_ETHANOL_EFFECTS_ON_HISTONE_MODIFICATIONS,WikiPathways,CD8,SF_vs_PB_CD8,-1.14428247,-0.359191311,0.261854885,0.488403493,24,9,HDAC3/EHMT2/HDAC7/HDAC9/AHCY/HDAC1/ACSS2/ELP3/CYP2E1,down,FALSE
WP_AMPK_REGULATION_OF_MAMMARY_MILK_PROTEIN_SYNTHESIS,WP_AMPK_REGULATION_OF_MAMMARY_MILK_PROTEIN_SYNTHESIS,WikiPathways,CD8,SF_vs_PB_CD8,-1.16434922,-0.415574982,0.263867205,0.49105332,15,6,RPS6KB1/MLST8/PRKAG2/RPTOR/EIF4A2/EEF2,down,FALSE
WP_VITAMIN_B12_DISORDERS,WP_VITAMIN_B12_DISORDERS,WikiPathways,CD8,SF_vs_PB_CD8,-1.1762541,-0.472040933,0.265115764,0.491216084,10,6,MTR/AMN/CD320/MMACHC/MTRR/MMAB,down,FALSE
WP_NRF2_PATHWAY,WP_NRF2_PATHWAY,WikiPathways,CD8,SF_vs_PB_CD8,1.11588201,0.289489412,0.26513832,0.491216084,80,32,TXN/SLC6A6/SLC2A8/HSPA1A/PRDX1/SLC2A1/GGT1/RXRA/MGST3/MAFG/EGR1/CBR3/BLVRB/SLC2A6/MGST2/SLC39A6/SLC39A3/SLC39A13/KEAP1/SLC39A4/FTH1/NQO1/SQSTM1/ABCC4/TGFB1/SLC2A13/SLC39A1/HBEGF/SLC2A14/GSTP1/GSTM4/TGFBR2,up,FALSE
WP_S1P_RECEPTOR_SIGNAL_TRANSDUCTION,WP_S1P_RECEPTOR_SIGNAL_TRANSDUCTION,WikiPathways,CD8,SF_vs_PB_CD8,1.15591914,0.388049777,0.266009937,0.491733291,23,8,RACGAP1/MAPK3/AKT3/GNAI2/AKT1/MAPK1/MAPK6/GNAI3,up,FALSE
WP_GABA_AND_GLUTAMATE_SIGNALLING_IN_EPILEPTOGENESIS,WP_GABA_AND_GLUTAMATE_SIGNALLING_IN_EPILEPTOGENESIS,WikiPathways,CD8,SF_vs_PB_CD8,1.12634982,0.312555086,0.266674227,0.491865796,55,10,SLC6A6/AP2B1/SLC1A1/MAPK3/GAPDH/ADARB1/NETO2/HDAC10/MAPK1/GLUL,up,FALSE
WP_PHYSICOCHEMICAL_FEATURES_AND_TOXICITYASSOCIATED_PATHWAYS,WP_PHYSICOCHEMICAL_FEATURES_AND_TOXICITYASSOCIATED_PATHWAYS,WikiPathways,CD8,SF_vs_PB_CD8,1.13056324,0.326264598,0.268653276,0.494417338,45,15,CDKN1A/CAMK1/RHOA/JUN/FN1/AKT1/MAPK1/TMSB4X/PAK1/PIK3CG/ROCK2/ELK1/SRC/MAP2K4/SOS1,up,FALSE
WP_SEROTONIN_AND_ANXIETYRELATED_EVENTS,WP_SEROTONIN_AND_ANXIETYRELATED_EVENTS,WikiPathways,CD8,SF_vs_PB_CD8,-1.20077879,-0.59745127,0.272897435,0.501116971,5,3,PRKCB/CRHR1/PLEK,down,FALSE
WP_MATRIX_METALLOPROTEINASES,WP_MATRIX_METALLOPROTEINASES,WikiPathways,CD8,SF_vs_PB_CD8,1.18227539,0.527556464,0.273623348,0.501340792,8,6,TIMP2/TNF/BSG/TCF20/MMP15/MMP25,up,FALSE
WP_GASTRIC_CANCER_NETWORK_2,WP_GASTRIC_CANCER_NETWORK_2,WikiPathways,CD8,SF_vs_PB_CD8,-1.1299004,-0.340896454,0.274416699,0.501397998,28,7,BRIX1/SNURF/RNF144B/TP53/CD48/MYC/PLAC8,down,FALSE
WP_KLEEFSTRA_SYNDROME,WP_KLEEFSTRA_SYNDROME,WikiPathways,CD8,SF_vs_PB_CD8,1.14462991,0.37676805,0.274862758,0.501397998,25,11,RXRA/ASXL1/SMARCD2/DPY30/NCOA6/KMT2C/WDR5/ACTL6A/BAP1/SMARCC1/SMARCA4,up,FALSE
WP_ZINC_HOMEOSTASIS,WP_ZINC_HOMEOSTASIS,WikiPathways,CD8,SF_vs_PB_CD8,1.14381121,0.380149996,0.277666655,0.504751984,24,10,MT3/MT2A/SLC30A1/SLC39A6/SLC39A3/SLC39A13/MT1F/SLC39A4/MT1X/SLC39A1,up,FALSE
WP_INTRACELLULAR_TRAFFICKING_PROTEINS_INVOLVED_IN_CMT_NEUROPATHY,WP_INTRACELLULAR_TRAFFICKING_PROTEINS_INVOLVED_IN_CMT_NEUROPATHY,WikiPathways,CD8,SF_vs_PB_CD8,1.1454524,0.388817584,0.277976716,0.504751984,22,8,RABAC1/RAB11A/DNM2/LRSAM1/NDRG1/KIF1B/EGR2/RAB4B,up,FALSE
WP_SYNTHESIS_OF_CERAMIDES_AND_1DEOXYCERAMIDES,WP_SYNTHESIS_OF_CERAMIDES_AND_1DEOXYCERAMIDES,WikiPathways,CD8,SF_vs_PB_CD8,1.15464463,0.418584909,0.278525793,0.504751984,17,9,SGMS2/B4GALNT1/B3GNT5/SGMS1/CERS5/CERS2/UGCG/CERS4/DGAT1,up,FALSE
WP_REGULATION_OF_WNT_BCATENIN_SIGNALING_BY_SMALL_MOLECULE_COMPOUNDS,WP_REGULATION_OF_WNT_BCATENIN_SIGNALING_BY_SMALL_MOLECULE_COMPOUNDS,WikiPathways,CD8,SF_vs_PB_CD8,-1.14961237,-0.418300801,0.280916832,0.507721621,14,10,TCF4/WNT1/CTNNB1/MBOAT1/DKK3/GSK3B/APC/CSNK1A1/AXIN1/LEF1,down,FALSE
WP_PHOSPHATIDYL_INOSITOL_PHOSPHATE_PATHWAY,WP_PHOSPHATIDYL_INOSITOL_PHOSPHATE_PATHWAY,WikiPathways,CD8,SF_vs_PB_CD8,1.1248354,0.336313009,0.281387886,0.507721621,38,25,PIP4K2C/PLCD1/PI4KA/PIP5K1C/INPP5E/PIK3CD/PLCG2/PLCD3/PIK3CG/PIK3CB/PI4K2B/PI4K2A/PIK3CA/MTMR1/PLCB3/FIG4/INPP5K/PIKFYVE/PTEN/MTM1/MTMR6/PIK3C2A/PIK3C2B/MTMR2/PIP4K2B,up,FALSE
WP_8Q1123_RB1CC1_COPY_NUMBER_VARIATION,WP_8Q1123_RB1CC1_COPY_NUMBER_VARIATION,WikiPathways,CD8,SF_vs_PB_CD8,1.15524404,0.440233933,0.282282603,0.508231151,14,8,TNF/GABARAPL1/TRAF2/ULK1/RB1CC1/PTK2B/GABARAP/ATG16L1,up,FALSE
WP_DISORDERS_OF_GALACTOSE_METABOLISM,WP_DISORDERS_OF_GALACTOSE_METABOLISM,WikiPathways,CD8,SF_vs_PB_CD8,1.17179404,0.522879464,0.283957416,0.508467563,8,3,GALK1/PGM1/GYG1,up,FALSE
WP_HOSTPATHOGEN_INTERACTION_OF_HUMAN_CORONAVIRUSES_MAPK_SIGNALING,WP_HOSTPATHOGEN_INTERACTION_OF_HUMAN_CORONAVIRUSES_MAPK_SIGNALING,WikiPathways,CD8,SF_vs_PB_CD8,1.12521073,0.342603208,0.284023072,0.508467563,35,16,MAPK11/JUN/MAPK3/MAP2K2/MAPK1/MAP3K9/IFI27/IFITM3/MAPK12/MAP2K4/MAP3K10/MAP2K1/IFITM2/MAPK9/DDIT3/BST2,up,FALSE
WP_DNA_MISMATCH_REPAIR,WP_DNA_MISMATCH_REPAIR,WikiPathways,CD8,SF_vs_PB_CD8,1.13800013,0.382034246,0.28503899,0.508467563,23,12,RFC2/POLE/PCNA/MLH1/RPA3/POLD3/EXO1/POLE2/RFC3/POLD1/LIG1/RFC5,up,FALSE
WP_MITOCHONDRIAL_COMPLEX_IV_ASSEMBLY,WP_MITOCHONDRIAL_COMPLEX_IV_ASSEMBLY,WikiPathways,CD8,SF_vs_PB_CD8,-1.11363354,-0.320513252,0.285700212,0.508467563,34,13,MT-CO2/COX14/PNKD/COX11/TMEM177/PET117/COX10/COX7C/MT-CO3/COX15/COX4I1/CMC1/SMIM20,down,FALSE
WP_WARBURG_EFFECT_MODULATED_BY_DEUBIQUITINATING_ENZYMES_AND_THEIR_SUBSTRATES,WP_WARBURG_EFFECT_MODULATED_BY_DEUBIQUITINATING_ENZYMES_AND_THEIR_SUBSTRATES,WikiPathways,CD8,SF_vs_PB_CD8,1.1359155,0.377525826,0.28592613,0.508467563,24,12,LDHA/PGK1/SLC2A1/PGAM1/AKT1/FOXO1/OTUB2/OTUD7B/VEGFA/PIK3CA/HIF1A/USP37,up,FALSE
WP_PENTOSE_PHOSPHATE_METABOLISM,WP_PENTOSE_PHOSPHATE_METABOLISM,WikiPathways,CD8,SF_vs_PB_CD8,-1.17057398,-0.523861579,0.286089581,0.508467563,7,5,TKT/G6PD/RPE/PGLS/RPIA,down,FALSE
WP_INTERFERON_TYPE_I_SIGNALING,WP_INTERFERON_TYPE_I_SIGNALING,WikiPathways,CD8,SF_vs_PB_CD8,-1.09843291,-0.287466819,0.288685632,0.511985201,52,24,RPS6KB1/IFNAR2/PRMT1/IFNAR1/STAT4/MLST8/CREB1/STAT5A/LCK/STAT1/SOCS3/PIK3R1/MAP3K1/JAK1/REL/IRS2/EIF4A1/RPTOR/MAP2K6/PIAS1/PTPN6/ZAP70/EIF4B/RPS6,down,FALSE
WP_16P112_PROXIMAL_DELETION_SYNDROME,WP_16P112_PROXIMAL_DELETION_SYNDROME,WikiPathways,CD8,SF_vs_PB_CD8,1.10227292,0.298970716,0.293848052,0.51908191,62,18,MVP/EZR/MAPK3/HIRIP3/PPP4R1/PARP4/MSN/PPARG/KMT2D/MAZ/PCNA/PPP2CB/TRAF2/PPP2R5D/KMT2C/KIF22/NR3C1/TAOK2,up,FALSE
WP_PYRIMIDINE_METABOLISM_AND_RELATED_DISEASES,WP_PYRIMIDINE_METABOLISM_AND_RELATED_DISEASES,WikiPathways,CD8,SF_vs_PB_CD8,1.14153122,0.420198325,0.293937949,0.51908191,16,1,TYMP,up,FALSE
WP_INFLAMMATORY_RESPONSE_PATHWAY,WP_INFLAMMATORY_RESPONSE_PATHWAY,WikiPathways,CD8,SF_vs_PB_CD8,1.13029585,0.388295886,0.296259603,0.520917024,21,9,IL2RB/CD86/FN1/IL4R/CD80/IL5RA/IFNG/IL2RA/IL2RG,up,FALSE
WP_OVERLAP_BETWEEN_SIGNAL_TRANSDUCTION_PATHWAYS_CONTRIBUTING_TO_LMNA_LAMINOPATHIES,WP_OVERLAP_BETWEEN_SIGNAL_TRANSDUCTION_PATHWAYS_CONTRIBUTING_TO_LMNA_LAMINOPATHIES,WikiPathways,CD8,SF_vs_PB_CD8,1.11053933,0.326980446,0.296836538,0.520917024,41,10,CDKN1A/LMNA/NOTCH1/ICMT/AGO2/SPP1/PPARG/DICER1/KAT2B/CTSK,up,FALSE
WP_TUMOR_SUPPRESSOR_ACTIVITY_OF_SMARCB1,WP_TUMOR_SUPPRESSOR_ACTIVITY_OF_SMARCB1,WikiPathways,CD8,SF_vs_PB_CD8,1.12779499,0.378608313,0.297253468,0.520917024,23,11,CDKN2A/DPF3/SMARCD2/EZH2/SUZ12/EED/ACTL6A/CDK6/SMARCC1/SMARCA4/SMARCE1,up,FALSE
WP_PURINE_METABOLISM_AND_RELATED_DISORDERS,WP_PURINE_METABOLISM_AND_RELATED_DISORDERS,WikiPathways,CD8,SF_vs_PB_CD8,-1.12680277,-0.387708488,0.297487554,0.520917024,17,6,PAICS/PFAS/APRT/MAT2A/ATIC/PPAT,down,FALSE
WP_GLUCOCORTICOID_RECEPTOR_PATHWAY,WP_GLUCOCORTICOID_RECEPTOR_PATHWAY,WikiPathways,CD8,SF_vs_PB_CD8,1.10413426,0.313357615,0.299071238,0.521639463,49,15,JUN/AKAP13/BHLHE40/ALOX5AP/RXRA/CCL2/SRGN/PRRG4/PDE4B/ABHD2/B3GNT5/TSC22D3/BIRC3/AMIGO2/TNS4,up,FALSE
WP_LDLRAD4_INTRONIC_SNP_EFFECT_ON_COVID_PATIENTS,WP_LDLRAD4_INTRONIC_SNP_EFFECT_ON_COVID_PATIENTS,WikiPathways,CD8,SF_vs_PB_CD8,1.16052533,0.538441199,0.299736764,0.521639463,7,5,LDLRAD4/PMEPA1/ATG16L1/TGFBR2/NEDD4,up,FALSE
WP_FACT_COMPLEX_AND_DNA_DOUBLESTRAND_BREAK_REPAIR,WP_FACT_COMPLEX_AND_DNA_DOUBLESTRAND_BREAK_REPAIR,WikiPathways,CD8,SF_vs_PB_CD8,-1.12498087,-0.393973474,0.299785571,0.521639463,16,6,SSRP1/MDC1/RNF168/XRCC5/RNF8/ATM,down,FALSE
WP_MIRNA_REGULATION_OF_P53_PATHWAY_IN_PROSTATE_CANCER,WP_MIRNA_REGULATION_OF_P53_PATHWAY_IN_PROSTATE_CANCER,WikiPathways,CD8,SF_vs_PB_CD8,1.12389721,0.38150079,0.301399484,0.523350569,22,9,DDB2/APAF1/PERP/CASP3/BID/SHISA5/CASP9/SERPINE1/BBC3,up,FALSE
WP_IDO_METABOLIC_PATHWAY,WP_IDO_METABOLIC_PATHWAY,WikiPathways,CD8,SF_vs_PB_CD8,1.16511691,0.598832523,0.302628847,0.524388191,5,4,TNF/IFNG/KMO/KYNU,up,FALSE
WP_IL6_SIGNALING,WP_IL6_SIGNALING,WikiPathways,CD8,SF_vs_PB_CD8,1.10726919,0.331060913,0.303666934,0.52509074,38,15,PRKCD/RAC1/MAPK3/MAP2K2/BAD/AKT1/MAPK1/NCOA1/HCK/MAP2K4/SOS1/TYK2/NLK/STAT3/MAP2K1,up,FALSE
WP_CELIAC_DISEASE_MECHANISM_AND_THERAPIES,WP_CELIAC_DISEASE_MECHANISM_AND_THERAPIES,WikiPathways,CD8,SF_vs_PB_CD8,1.1382403,0.46298705,0.306173642,0.528324579,11,4,GZMB/TNF/IL21/IFNG,up,FALSE
WP_FIBRIN_COMPLEMENT_RECEPTOR_3_SIGNALING,WP_FIBRIN_COMPLEMENT_RECEPTOR_3_SIGNALING,WikiPathways,CD8,SF_vs_PB_CD8,1.10933368,0.344817268,0.307587915,0.529663837,32,17,RHOA/CCL2/AKT1/IRAK1/IKBKG/TNF/LY96/MYD88/SRC/PIK3CA/ITGB2/TICAM2/TICAM1/RASSF5/NFKB1/CXCL10/SYK,up,FALSE
WP_IL9_SIGNALING,WP_IL9_SIGNALING,WikiPathways,CD8,SF_vs_PB_CD8,1.1304203,0.423410768,0.30825922100000003,0.529720815,15,8,IL9R/MAPK3/MAP2K2/MAPK1/JAK3/IL2RG/STAT3/MAP2K1,up,FALSE
WP_FAMILIAL_HYPERLIPIDEMIA_TYPE_4,WP_FAMILIAL_HYPERLIPIDEMIA_TYPE_4,WikiPathways,CD8,SF_vs_PB_CD8,1.13524774,0.475293322,0.311407586,0.534025405,10,4,LDLR/FAS/SEL1L/LCAT,up,FALSE
WP_MITOCHONDRIAL_COMPLEX_II_ASSEMBLY,WP_MITOCHONDRIAL_COMPLEX_II_ASSEMBLY,WikiPathways,CD8,SF_vs_PB_CD8,-1.14749825,-0.539187878,0.314181034,0.535909835,6,5,SDHAF2/SDHA/SDHD/SDHAF1/SDHC,down,FALSE
WP_PLATELETMEDIATED_INTERACTIONS_WITH_VASCULAR_AND_CIRCULATING_CELLS,WP_PLATELETMEDIATED_INTERACTIONS_WITH_VASCULAR_AND_CIRCULATING_CELLS,WikiPathways,CD8,SF_vs_PB_CD8,1.13275027,0.474247708,0.314341954,0.535909835,10,6,CCL5/CCL2/VCAM1/SELPLG/TGFB1/ICAM1,up,FALSE
WP_UREA_CYCLE_AND_METABOLISM_OF_AMINO_GROUPS,WP_UREA_CYCLE_AND_METABOLISM_OF_AMINO_GROUPS,WikiPathways,CD8,SF_vs_PB_CD8,1.12436295,0.421141925,0.314459838,0.535909835,15,6,SARDH/GLUD1/ASL/CKB/NAGS/ODC1,up,FALSE
WP_FGF23_SIGNALING_IN_HYPOPHOSPHATEMIC_RICKETS_AND_RELATED_DISORDERS,WP_FGF23_SIGNALING_IN_HYPOPHOSPHATEMIC_RICKETS_AND_RELATED_DISORDERS,WikiPathways,CD8,SF_vs_PB_CD8,1.12634895,0.447431875,0.315089156,0.535909835,12,5,CDKN1A/SPP1/FAM20C/PHEX/NFKB2,up,FALSE
WP_TRYPTOPHAN_KYNURENINE_PATHWAY_IN_POSTCOVID_SYNDROME,WP_TRYPTOPHAN_KYNURENINE_PATHWAY_IN_POSTCOVID_SYNDROME,WikiPathways,CD8,SF_vs_PB_CD8,1.14856096,0.558438215,0.316325579,0.536520463,6,4,TNF/IFNG/KMO/KYNU,up,FALSE
WP_EGFR_TYROSINE_KINASE_INHIBITOR_RESISTANCE,WP_EGFR_TYROSINE_KINASE_INHIBITOR_RESISTANCE,WikiPathways,CD8,SF_vs_PB_CD8,1.08492927,0.291906227,0.316740996,0.536520463,65,16,EIF4EBP1/PDGFA/HRAS/MAPK3/ERBB3/MAP2K2/KRAS/AKT3/BAD/AKT1/RRAS/NRAS/MAPK1/EIF4E2/BCL2L11/PIK3CD,up,FALSE
WP_DISORDERS_OF_FRUCTOSE_METABOLISM,WP_DISORDERS_OF_FRUCTOSE_METABOLISM,WikiPathways,CD8,SF_vs_PB_CD8,1.13056404,0.487930892,0.320047645,0.540190403,9,5,TPI1/PFKL/PGM1/GPI/KHK,up,FALSE
WP_METABOLIC_PATHWAY_OF_LDL_HDL_AND_TG_INCLUDING_DISEASES,WP_METABOLIC_PATHWAY_OF_LDL_HDL_AND_TG_INCLUDING_DISEASES,WikiPathways,CD8,SF_vs_PB_CD8,1.13490179,0.506417354,0.320209251,0.540190403,8,2,ANXA2/LDLR,up,FALSE
WP_FAMILIAL_HYPERLIPIDEMIA_TYPE_2,WP_FAMILIAL_HYPERLIPIDEMIA_TYPE_2,WikiPathways,CD8,SF_vs_PB_CD8,-1.12289828,-0.482247527,0.324326699,0.546026694,8,3,APOA1/LDLRAP1/EPHX2,down,FALSE
WP_OXIDATIVE_STRESS_RESPONSE,WP_OXIDATIVE_STRESS_RESPONSE,WikiPathways,CD8,SF_vs_PB_CD8,-1.09663356,-0.366519196,0.327635794,0.550481192,19,6,JUNB/NFE2L2/CAT/GSR/GPX1/TXN2,down,FALSE
WP_INHIBITION_OF_GNAQREGULATED_SIGNALING_IN_UVEAL_MELANOMA,WP_INHIBITION_OF_GNAQREGULATED_SIGNALING_IN_UVEAL_MELANOMA,WikiPathways,CD8,SF_vs_PB_CD8,1.09752387,0.361262558,0.32886472,0.550794079,25,13,RHOA/AKT3/ROCK1/AKT1/MAPK1/PIK3CD/PIK3CB/PIK3CA/TSC2/TSC1/PKN3/PLCB3/MOB1A,up,FALSE
WP_TRIACYLGLYCERIDE_SYNTHESIS,WP_TRIACYLGLYCERIDE_SYNTHESIS,WikiPathways,CD8,SF_vs_PB_CD8,1.11155384,0.43218488,0.329149233,0.550794079,13,3,AGPAT2/GK/AGPAT3,up,FALSE
WP_TARGETING_YAP_IN_PANCREATIC_DUCTAL_ADENOCARCINOMA_PDAC,WP_TARGETING_YAP_IN_PANCREATIC_DUCTAL_ADENOCARCINOMA_PDAC,WikiPathways,CD8,SF_vs_PB_CD8,1.10995149,0.415743961,0.329872799,0.550894211,15,6,RHOA/RHOB/PRKAG1/STK3/HMGCR/PRKAB2,up,FALSE
WP_GLYCEROPHOSPHOLIPID_BIOSYNTHETIC_PATHWAY,WP_GLYCEROPHOSPHOLIPID_BIOSYNTHETIC_PATHWAY,WikiPathways,CD8,SF_vs_PB_CD8,1.0947963,0.360364746,0.332409782,0.554016303,25,9,CDS2/GK/GPAT2/PIK3CD/PIK3CG/PIK3CB/CHKB/PI4K2A/PIK3CA,up,FALSE
WP_EICOSANOID_SYNTHESIS,WP_EICOSANOID_SYNTHESIS,WikiPathways,CD8,SF_vs_PB_CD8,-1.09935437,-0.400013797,0.333310504,0.554202206,14,2,LTA4H/AKR1C3,down,FALSE
WP_GLYCOSAMINOGLYCAN_SYNTHESIS_IN_FIBROBLASTS,WP_GLYCOSAMINOGLYCAN_SYNTHESIS_IN_FIBROBLASTS,WikiPathways,CD8,SF_vs_PB_CD8,1.09060207,0.349264782,0.333937177,0.554202206,28,13,CHST11/CSGALNACT1/CHST1/CSGALNACT2/HS3ST3B1/CHSY1/CHST12/B3GALT6/B3GAT3/CHPF/B3GAT1/EXTL3/EXT1,up,FALSE
WP_AUTOSOMAL_RECESSIVE_OSTEOPETROSIS_PATHWAYS,WP_AUTOSOMAL_RECESSIVE_OSTEOPETROSIS_PATHWAYS,WikiPathways,CD8,SF_vs_PB_CD8,1.11722342,0.482173322,0.334524464,0.554202206,9,4,TCIRG1/CLCN7/SNX10/PLEKHM1,up,FALSE
WP_FERROPTOSIS,WP_FERROPTOSIS,WikiPathways,CD8,SF_vs_PB_CD8,-1.06573061,-0.275827503,0.335545395,0.554621826,55,9,COQ2/CTH/NCOA4/ACSL6/SLC40A1/DPP4/FTL/TP53/AKR1C3,down,FALSE
WP_ROLES_OF_CERAMIDES_IN_DEVELOPMENT_OF_INSULIN_RESISTANCE,WP_ROLES_OF_CERAMIDES_IN_DEVELOPMENT_OF_INSULIN_RESISTANCE,WikiPathways,CD8,SF_vs_PB_CD8,1.10136107,0.399268408,0.336114191,0.554621826,17,6,TRAF1/EIF2AK2/AKT1/SMPD3/TNF/ACSL1,up,FALSE
WP_HYPOTHETICAL_CRANIOFACIAL_DEVELOPMENT_PATHWAY,WP_HYPOTHETICAL_CRANIOFACIAL_DEVELOPMENT_PATHWAY,WikiPathways,CD8,SF_vs_PB_CD8,1.12854463,0.580035546,0.343429768,0.564763654,5,1,RHOA,up,FALSE
WP_NUCLEOTIDEBINDING_OLIGOMERIZATION_DOMAIN_NOD_PATHWAY,WP_NUCLEOTIDEBINDING_OLIGOMERIZATION_DOMAIN_NOD_PATHWAY,WikiPathways,CD8,SF_vs_PB_CD8,1.08225905,0.3412743,0.343621259,0.564763654,30,13,NOD2/RAC1/NDUFA13/CASP7/IKBKG/CARD6/CASP9/NLRP3/ACAP1/SUGT1/AIM2/NLRP2/NAIP,up,FALSE
WP_MIRNAS_INVOLVED_IN_DNA_DAMAGE_RESPONSE,WP_MIRNAS_INVOLVED_IN_DNA_DAMAGE_RESPONSE,WikiPathways,CD8,SF_vs_PB_CD8,-1.08359493,-0.386752475,0.347300028,0.569681863,15,3,TP53/MYC/ATM,down,FALSE
WP_AIRWAY_SMOOTH_MUSCLE_CELL_CONTRACTION,WP_AIRWAY_SMOOTH_MUSCLE_CELL_CONTRACTION,WikiPathways,CD8,SF_vs_PB_CD8,1.08805889,0.423049774,0.35529092,0.581639968,13,6,RYR1/RHOA/ROCK1/ITPR3/PPP1CB/ROCK2,up,FALSE
WP_GENES_CONTROLLING_NEPHROGENESIS,WP_GENES_CONTROLLING_NEPHROGENESIS,WikiPathways,CD8,SF_vs_PB_CD8,1.08449335,0.406208348,0.357314956,0.583801995,15,4,ITGA3/ILK/ITGB1/NOTCH2,up,FALSE
WP_SUPPRESSION_OF_HMGB1MEDIATED_INFLAMMATION_BY_THBD,WP_SUPPRESSION_OF_HMGB1MEDIATED_INFLAMMATION_BY_THBD,WikiPathways,CD8,SF_vs_PB_CD8,1.09553656,0.488851752,0.360811307,0.58686868700000006,8,6,HMGB1/IKBKG/NFKB1/IKBKB/CHUK/RELA,up,FALSE
WP_EV_RELEASE_FROM_CARDIAC_CELLS_AND_THEIR_FUNCTIONAL_EFFECTS,WP_EV_RELEASE_FROM_CARDIAC_CELLS_AND_THEIR_FUNCTIONAL_EFFECTS,WikiPathways,CD8,SF_vs_PB_CD8,1.11202422,0.571544587,0.361169299,0.58686868700000006,5,2,RGS16/TNF,up,FALSE
WP_NEUROGENESIS_REGULATION_IN_THE_OLFACTORY_EPITHELIUM,WP_NEUROGENESIS_REGULATION_IN_THE_OLFACTORY_EPITHELIUM,WikiPathways,CD8,SF_vs_PB_CD8,1.06502358,0.326294861,0.361313131,0.58686868700000006,34,4,SEMA4A/NOTCH1/LRP8/PSEN1,up,FALSE
WP_DEVELOPMENT_OF_PULMONARY_DENDRITIC_CELLS_AND_MACROPHAGE_SUBSETS,WP_DEVELOPMENT_OF_PULMONARY_DENDRITIC_CELLS_AND_MACROPHAGE_SUBSETS,WikiPathways,CD8,SF_vs_PB_CD8,1.08479665,0.430925601,0.362674855,0.587679693,12,6,CSF1/CSF2/BATF3/SPI1/ID2/STAT3,up,FALSE
WP_NEOLACTO_SERIES_SPHINGOLIPID_METABOLISM,WP_NEOLACTO_SERIES_SPHINGOLIPID_METABOLISM,WikiPathways,CD8,SF_vs_PB_CD8,1.09896704,0.509880412,0.363228533,0.587679693,7,2,NAGA/B3GNT5,up,FALSE
WP_PKCGAMMA_CALCIUM_SIGNALING_IN_ATAXIA,WP_PKCGAMMA_CALCIUM_SIGNALING_IN_ATAXIA,WikiPathways,CD8,SF_vs_PB_CD8,1.09173864,0.487157038,0.365326725,0.589855086,8,3,GNA15/ITPR1/TRPC3,up,FALSE
WP_LDL_INFLUENCE_ON_CD14_AND_TLR4,WP_LDL_INFLUENCE_ON_CD14_AND_TLR4,WikiPathways,CD8,SF_vs_PB_CD8,1.07531287,0.384026736,0.366414221,0.589855086,18,3,MAPK11/IL10/CCL2,up,FALSE
WP_PHOSPHOINOSITIDE_3KINASE_PI3K_FAMILY,WP_PHOSPHOINOSITIDE_3KINASE_PI3K_FAMILY,WikiPathways,CD8,SF_vs_PB_CD8,1.08345215,0.440701592,0.366791186,0.589855086,11,9,PIK3R6/PIK3CD/PIK3CG/PIK3CB/PIK3CA/PIK3R3/PIK3R5/PIK3C2A/PIK3C2B,up,FALSE
WP_EUKARYOTIC_TRANSCRIPTION_INITIATION,WP_EUKARYOTIC_TRANSCRIPTION_INITIATION,WikiPathways,CD8,SF_vs_PB_CD8,-1.04817932,-0.287332442,0.367415759,0.589855086,42,24,ERCC3/TAF5/GTF2E2/GTF2F2/POLR2F/GTF2H2/GTF2A2/GTF2H2C/POLR2E/GTF2B/POLR3D/POLR3B/GTF2H1/POLR2B/TAF7/POLR3H/TBP/POLR1E/TAF12/GTF2H3/POLR2C/POLR1B/POLR2H/CCNH,down,FALSE
WP_MAPK_SIGNALING_AND_ARTD_FAMILY_MEMBERS,WP_MAPK_SIGNALING_AND_ARTD_FAMILY_MEMBERS,WikiPathways,CD8,SF_vs_PB_CD8,1.05945879,0.334084574,0.372833748,0.597397704,30,9,MAPK11/MAPK3/MAP2K2/MAPK1/PARP14/MAP3K9/MAPK12/MAP2K4/MAP3K10,up,FALSE
WP_FIBROTIC_RESPONSE_OF_TRABECULAR_MESHWORK_CELLS_TO_TGFB3_AND_ENPP2_IN_AQUEOUS_HUMOR,WP_FIBROTIC_RESPONSE_OF_TRABECULAR_MESHWORK_CELLS_TO_TGFB3_AND_ENPP2_IN_AQUEOUS_HUMOR,WikiPathways,CD8,SF_vs_PB_CD8,1.08210192,0.467015523,0.37366685,0.59757897,9,6,FN1/TGFB1/STAT3/MAPK9/MAPK8/ACTA2,up,FALSE
WP_ANTIVIRAL_AND_ANTIINFLAMMATORY_EFFECTS_OF_NRF2_ON_SARSCOV2_PATHWAY,WP_ANTIVIRAL_AND_ANTIINFLAMMATORY_EFFECTS_OF_NRF2_ON_SARSCOV2_PATHWAY,WikiPathways,CD8,SF_vs_PB_CD8,1.06602768,0.375291779,0.376325675,0.600673673,19,13,RXRA/CCL2/IKBKG/TNF/KEAP1/NQO1/NFKB1/HMOX1/GCLM/IKBKB/SLC7A11/CHUK/RELA,up,FALSE
WP_FOXP3_IN_COVID19,WP_FOXP3_IN_COVID19,WikiPathways,CD8,SF_vs_PB_CD8,1.06793115,0.406961227,0.377195324,0.600906178,14,6,IL2RB/CD86/CD80/FOXP3/IL2RA/IL2RG,up,FALSE
WP_SPLICING_FACTOR_NOVA_REGULATED_SYNAPTIC_PROTEINS,WP_SPLICING_FACTOR_NOVA_REGULATED_SYNAPTIC_PROTEINS,WikiPathways,CD8,SF_vs_PB_CD8,1.05861357,0.348454786,0.378289077,0.601494127,25,10,MAP4/ATP2B1/STX2/CASK/STXBP2/EFNA5/SNW1/CLASP1/EPB41L3/CADM1,up,FALSE
WP_WNTBETACATENIN_SIGNALING_IN_LEUKEMIA,WP_WNTBETACATENIN_SIGNALING_IN_LEUKEMIA,WikiPathways,CD8,SF_vs_PB_CD8,-1.05333731,-0.362430609,0.379136274,0.601688542,17,9,PPARD/BCL9/GSK3B/APC/CSNK1A1/AXIN2/LEF1/MYC/ZBTB16,down,FALSE
WP_PLURIPOTENT_STEM_CELL_DIFFERENTIATION_PATHWAY,WP_PLURIPOTENT_STEM_CELL_DIFFERENTIATION_PATHWAY,WikiPathways,CD8,SF_vs_PB_CD8,1.06472807,0.385988113,0.380431913,0.602592534,17,3,CSF1/PDGFA/NOTCH1,up,FALSE
WP_7Q1123_DISTAL_COPY_NUMBER_VARIATION,WP_7Q1123_DISTAL_COPY_NUMBER_VARIATION,WikiPathways,CD8,SF_vs_PB_CD8,1.06433807,0.39178348,0.381257615,0.602750134,16,4,LMNA/KIF1C/RHBDD2/DAPK2,up,FALSE
WP_UDPDERIVED_SUGARS_SYNTHESIS_IN_FIBROBLASTS,WP_UDPDERIVED_SUGARS_SYNTHESIS_IN_FIBROBLASTS,WikiPathways,CD8,SF_vs_PB_CD8,1.07402698,0.463530523,0.382627817,0.603586855,9,5,PGM1/GPI/HK1/UXS1/GFPT1,up,FALSE
WP_APOE_AND_MIR146_IN_INFLAMMATION_AND_ATHEROSCLEROSIS,WP_APOE_AND_MIR146_IN_INFLAMMATION_AND_ATHEROSCLEROSIS,WikiPathways,CD8,SF_vs_PB_CD8,1.08478366,0.527429252,0.384362816,0.603586855,6,5,IRAK1/SPI1/NFKB2/MIR146A/RELA,up,FALSE
WP_CHOLESTASIS,WP_CHOLESTASIS,WikiPathways,CD8,SF_vs_PB_CD8,1.07424818,0.479352423,0.384856828,0.603586855,8,3,LDLR/RXRA/HMGCR,up,FALSE
WP_THYROXINE_THYROID_HORMONE_PRODUCTION,WP_THYROXINE_THYROID_HORMONE_PRODUCTION,WikiPathways,CD8,SF_vs_PB_CD8,1.0596499,0.378433017,0.385417762,0.603586855,18,6,MAPK3/MAP2K2/PLCD1/MAPK1/SLC26A6/ELK1,up,FALSE
WP_OSTEOCLAST_SIGNALING,WP_OSTEOCLAST_SIGNALING,WikiPathways,CD8,SF_vs_PB_CD8,1.06781136,0.447059784,0.385422932,0.603586855,10,4,ACP5/GPR68/SPP1/CTSK,up,FALSE
WP_DYRK1A_INVOLVEMENT_REGARDING_CELL_PROLIFERATION_IN_BRAIN_DEVELOPMENT,WP_DYRK1A_INVOLVEMENT_REGARDING_CELL_PROLIFERATION_IN_BRAIN_DEVELOPMENT,WikiPathways,CD8,SF_vs_PB_CD8,1.0412832,0.294410427,0.389185384,0.607195923,50,9,NOTCH1/HIP1/PSEN1/LIN37/CASP3/TFDP1/PSENEN/FOXO1/RBL1,up,FALSE
WP_SMC1SMC3_ROLE_IN_DNA_DAMAGE_CORNELIA_DE_LANGE_SYNDROME,WP_SMC1SMC3_ROLE_IN_DNA_DAMAGE_CORNELIA_DE_LANGE_SYNDROME,WikiPathways,CD8,SF_vs_PB_CD8,-1.05840208,-0.424745899,0.389254459,0.607195923,10,2,MDC1/ATM,down,FALSE
WP_FLUOROACETIC_ACID_TOXICITY,WP_FLUOROACETIC_ACID_TOXICITY,WikiPathways,CD8,SF_vs_PB_CD8,-1.07031193,-0.502919477,0.390301724,0.607195923,6,3,ACO2/ACSS2/ALDH9A1,down,FALSE
WP_NAD_METABOLISM_SIRTUINS_AND_AGING,WP_NAD_METABOLISM_SIRTUINS_AND_AGING,WikiPathways,CD8,SF_vs_PB_CD8,1.06325498,0.445152165,0.390653763,0.607195923,10,3,NAMPT/FOXO1/PPARG,up,FALSE
WP_GPCRS_OTHER,WP_GPCRS_OTHER,WikiPathways,CD8,SF_vs_PB_CD8,1.0511142,0.365484704,0.39224198,0.608524942,20,4,CXCR3/CCR5/F2R/GPR132,up,FALSE
WP_LEUCINE_ISOLEUCINE_AND_VALINE_METABOLISM,WP_LEUCINE_ISOLEUCINE_AND_VALINE_METABOLISM,WikiPathways,CD8,SF_vs_PB_CD8,-1.03754053,-0.333127667,0.396113284,0.613384376,22,11,DLD/BCKDHB/MCCC2/PCCB/HIBCH/MCCC1/ACADSB/ALDH6A1/AUH/IVD/HIBADH,down,FALSE
WP_NUCLEAR_RECEPTORS_IN_LIPID_METABOLISM_AND_TOXICITY,WP_NUCLEAR_RECEPTORS_IN_LIPID_METABOLISM_AND_TOXICITY,WikiPathways,CD8,SF_vs_PB_CD8,-1.04198291,-0.371900473,0.398039306,0.614820912,15,6,CYP24A1/ABCA1/ABCB1/CYP27B1/CYP2E1/RARG,down,FALSE
WP_CELL_DIFFERENTIATION_INDEX,WP_CELL_DIFFERENTIATION_INDEX,WikiPathways,CD8,SF_vs_PB_CD8,1.07241143,0.521413787,0.398522471,0.614820912,6,3,MEF2D/SRF/STAT3,up,FALSE
WP_IL2_SIGNALING,WP_IL2_SIGNALING,WikiPathways,CD8,SF_vs_PB_CD8,1.03386862,0.302884625,0.403401643,0.620052236,42,15,IL2RB/JUN/HRAS/MAPK3/MAP2K2/AKT1/MAPK1/GAB2/JAK3/IL2RA/PTK2B/CCND2/SOS1/IL2RG/CRKL,up,FALSE
WP_IL11_SIGNALING,WP_IL11_SIGNALING,WikiPathways,CD8,SF_vs_PB_CD8,1.0336036,0.307495009,0.403407479,0.620052236,39,7,ITGA2/HRAS/MAPK3/MAP2K2/PIAS3/AKT1/MAPK1,up,FALSE
WP_BMP_SIGNALING_IN_EYELID_DEVELOPMENT,WP_BMP_SIGNALING_IN_EYELID_DEVELOPMENT,WikiPathways,CD8,SF_vs_PB_CD8,1.05150149,0.440231343,0.404742377,0.620169283,10,3,NOTCH1/JUN/MAPK3,up,FALSE
WP_INTEGRATED_CANCER_PATHWAY,WP_INTEGRATED_CANCER_PATHWAY,WikiPathways,CD8,SF_vs_PB_CD8,1.03282729,0.302579554,0.404978014,0.620169283,42,14,CDKN1A/CDK1/BARD1/BAD/CASP3/AKT1/CDKN2B/CDK2/CHEK1/CASP9/BBC3/BRCA1/E2F1/BACH1,up,FALSE
WP_MIRNA_BIOGENESIS,WP_MIRNA_BIOGENESIS,WikiPathways,CD8,SF_vs_PB_CD8,1.06534866,0.517979822,0.406600377,0.621507022,6,2,DGCR8/DICER1,up,FALSE
WP_CALORIC_RESTRICTION_AND_AGING,WP_CALORIC_RESTRICTION_AND_AGING,WikiPathways,CD8,SF_vs_PB_CD8,1.06433264,0.517485825,0.407514505,0.621759263,6,3,NAMPT/AKT1/PRKAB2,up,FALSE
WP_KALLMANN_SYNDROME,WP_KALLMANN_SYNDROME,WikiPathways,CD8,SF_vs_PB_CD8,-1.03368017,-0.384293019,0.409737505,0.622913649,13,4,GRB2/PLXND1/CHD7/PROK2,down,FALSE
WP_NUCLEAR_RECEPTORS,WP_NUCLEAR_RECEPTORS,WikiPathways,CD8,SF_vs_PB_CD8,-1.02763809,-0.326224485,0.409772111,0.622913649,23,5,NR4A2/THRA/RORA/RARG/RORC,down,FALSE
WP_PANCREATIC_CANCER_SUBTYPES,WP_PANCREATIC_CANCER_SUBTYPES,WikiPathways,CD8,SF_vs_PB_CD8,1.04622648,0.438022859,0.410647566,0.623103254,10,4,SLC2A1/S100A2/BTNL8/TNS4,up,FALSE
WP_WHITE_FAT_CELL_DIFFERENTIATION,WP_WHITE_FAT_CELL_DIFFERENTIATION,WikiPathways,CD8,SF_vs_PB_CD8,1.03544141,0.351474953,0.412700884,0.624511642,22,8,CTNNA1/TLE3/FOXO1/RARA/KLF4/PPARG/EGR2/NR3C1,up,FALSE
WP_7OXOC_AND_7BETAHC_PATHWAYS,WP_7OXOC_AND_7BETAHC_PATHWAYS,WikiPathways,CD8,SF_vs_PB_CD8,1.03770045,0.376189987,0.413080592,0.624511642,17,4,ACOT9/ACOT7/SLC27A2/ACOT4,up,FALSE
WP_FAMILIAL_HYPERLIPIDEMIA_TYPE_3,WP_FAMILIAL_HYPERLIPIDEMIA_TYPE_3,WikiPathways,CD8,SF_vs_PB_CD8,1.04777341,0.467538816,0.414262115,0.625159191,8,3,LDLR/VLDLR/LCAT,up,FALSE
WP_DIFFERENTIATION_OF_WHITE_AND_BROWN_ADIPOCYTE,WP_DIFFERENTIATION_OF_WHITE_AND_BROWN_ADIPOCYTE,WikiPathways,CD8,SF_vs_PB_CD8,-1.04070472,-0.465741786,0.415510541,0.62590517,7,2,SMAD5/PLAC8,down,FALSE
WP_MAJOR_RECEPTORS_TARGETED_BY_EPINEPHRINE_AND_NOREPINEPHRINE,WP_MAJOR_RECEPTORS_TARGETED_BY_EPINEPHRINE_AND_NOREPINEPHRINE,WikiPathways,CD8,SF_vs_PB_CD8,1.06191499,0.545790061,0.420200419,0.631020454,5,2,ADCY3/ADCY7,up,FALSE
WP_PHASE_I_BIOTRANSFORMATIONS_NONP450,WP_PHASE_I_BIOTRANSFORMATIONS_NONP450,WikiPathways,CD8,SF_vs_PB_CD8,1.06154644,0.545600637,0.420426881,0.631020454,5,1,PON2,up,FALSE
WP_MIR124_PREDICTED_INTERACTIONS_WITH_CELL_CYCLE_AND_DIFFERENTIATION,WP_MIR124_PREDICTED_INTERACTIONS_WITH_CELL_CYCLE_AND_DIFFERENTIATION,WikiPathways,CD8,SF_vs_PB_CD8,-1.04521439,-0.520049711,0.425617901,0.635844737,5,2,PRKAA1/STRADB,down,FALSE
WP_AKT_SIGNALING_AND_ARTD_FAMILY_MEMBERS,WP_AKT_SIGNALING_AND_ARTD_FAMILY_MEMBERS,WikiPathways,CD8,SF_vs_PB_CD8,1.02021215,0.317115375,0.426232845,0.635844737,32,13,AKT3/AKT1/FOXO1/PIK3R6/IKBKG/PIK3CD/PIK3CG/PIK3CB/PHLPP1/STK11/PIK3CA/TSC2/TSC1,up,FALSE
WP_SULFATASE_AND_AROMATASE_PATHWAY,WP_SULFATASE_AND_AROMATASE_PATHWAY,WikiPathways,CD8,SF_vs_PB_CD8,-1.04431394,-0.519601691,0.42636236,0.635844737,5,2,HSD17B1/SLCO4C1,down,FALSE
WP_TRANSSULFURATION_ONECARBON_METABOLISM_AND_RELATED_PATHWAYS,WP_TRANSSULFURATION_ONECARBON_METABOLISM_AND_RELATED_PATHWAYS,WikiPathways,CD8,SF_vs_PB_CD8,-1.01311664,-0.270664231,0.426705444,0.635844737,47,12,GPX7/CSAD/MAT2B/AHCY/CTH/CEPT1/GSR/MTHFD2L/MAT2A/GPX1/DNMT3A/PLD1,down,FALSE
WP_HALLMARK_OF_CANCER_SUSTAINING_PROLIFERATIVE_SIGNALING,WP_HALLMARK_OF_CANCER_SUSTAINING_PROLIFERATIVE_SIGNALING,WikiPathways,CD8,SF_vs_PB_CD8,1.01527728,0.264353799,0.428241794,0.636079545,78,21,CDKN1A/JUN/HRAS/MAPK3/MAP2K2/KRAS/AKT3/PML/AKT1/FOXO1/MAPK1/RARA/KSR1/IKBKG/PIK3CD/RHEB/NTRK2/CSF1R/PIK3CG/PIK3CB/SOS2,up,FALSE
WP_GANGLIO_SPHINGOLIPID_METABOLISM,WP_GANGLIO_SPHINGOLIPID_METABOLISM,WikiPathways,CD8,SF_vs_PB_CD8,1.03564691,0.462127714,0.428395742,0.636079545,8,3,ST6GALNAC6/B4GALNT1/ST8SIA1,up,FALSE
WP_LNCRNALIKE_NMRK2_IN_TRANSLOCATION_RENAL_CELL_CARCINOMA,WP_LNCRNALIKE_NMRK2_IN_TRANSLOCATION_RENAL_CELL_CARCINOMA,WikiPathways,CD8,SF_vs_PB_CD8,-1.02437066,-0.439933185,0.430077765,0.636484825,8,2,HSPE1/MALAT1,down,FALSE
WP_IL7_SIGNALING,WP_IL7_SIGNALING,WikiPathways,CD8,SF_vs_PB_CD8,1.02115361,0.339384277,0.430854916,0.636484825,24,12,MAPK3/MAP2K2/BAD/AKT1/MAPK1/JAK3/IL2RA/PTK2B/IL2RG/IL7/STAT3/MAP2K1,up,FALSE
WP_OVARIAN_INFERTILITY,WP_OVARIAN_INFERTILITY,WikiPathways,CD8,SF_vs_PB_CD8,-1.01074248,-0.310652787,0.43128655,0.636484825,26,7,TBP/SMAD3/CDK4/ZP3/PTGER2/NRIP1/ATM,down,FALSE
WP_BIOSYNTHESIS_AND_TURNOVER_OF_1DEOXYSPHINGOID_BASES,WP_BIOSYNTHESIS_AND_TURNOVER_OF_1DEOXYSPHINGOID_BASES,WikiPathways,CD8,SF_vs_PB_CD8,1.03230226,0.460635258,0.432305433,0.636484825,8,2,SPTLC2/SGPP2,up,FALSE
WP_PDGFRBETA_PATHWAY,WP_PDGFRBETA_PATHWAY,WikiPathways,CD8,SF_vs_PB_CD8,1.01727567,0.323172129,0.432502941,0.636484825,29,12,EIF2AK2/JUN/HRAS/MAPK3/SRF/ELK1/MAP2K4/SOS1/PIK3CA/RASA1/STAT3/MAP2K1,up,FALSE
WP_PURINERGIC_SIGNALING,WP_PURINERGIC_SIGNALING,WikiPathways,CD8,SF_vs_PB_CD8,1.02075217,0.359352672,0.434139949,0.637631975,19,6,P2RY10/GNAZ/GNAI2/GNAS/GNAI3/ADORA2A,up,FALSE
WP_EPAC1_AND_PKA_REDUCTION_OF_RETINAL_INFLAMMATION,WP_EPAC1_AND_PKA_REDUCTION_OF_RETINAL_INFLAMMATION,WikiPathways,CD8,SF_vs_PB_CD8,1.03869328,0.505019794,0.435759193,0.637631975,6,3,PRKAR1A/PRKAR1B/NLRP3,up,FALSE
WP_OXIDATION_BY_CYTOCHROME_P450,WP_OXIDATION_BY_CYTOCHROME_P450,WikiPathways,CD8,SF_vs_PB_CD8,-1.0093567,-0.337349337,0.436083896,0.637631975,19,7,CYP46A1/CYP2F1/CYP24A1/CYB5A/CYP2U1/CYP27B1/CYP2E1,down,FALSE
WP_THERMOGENESIS,WP_THERMOGENESIS,WikiPathways,CD8,SF_vs_PB_CD8,1.01044341,0.261557525,0.436355376,0.637631975,81,27,ADCY3/MAPK11/HRAS/KRAS/DPF3/GNAS/PRKACA/NRAS/SMARCD2/ADCY7/PPARG/PRKAG1/RHEB/ACSL1/SOS2/PRKAB2/MAPK12/ACTL6A/SOS1/KDM3B/SMARCC1/TSC2/ADCY4/SMARCA4/ACSL4/SMARCE1/TSC1,up,FALSE
WP_TRANSLATION_INHIBITORS_IN_CHRONICALLY_ACTIVATED_PDGFRA_CELLS,WP_TRANSLATION_INHIBITORS_IN_CHRONICALLY_ACTIVATED_PDGFRA_CELLS,WikiPathways,CD8,SF_vs_PB_CD8,1.01062188,0.293227472,0.439573518,0.640139294,44,8,EIF4EBP1/PRKCD/MAPK3/MAP2K2/AKT3/AKT1/PRKACA/MAPK1,up,FALSE
WP_EFFECTS_OF_NITRIC_OXIDE,WP_EFFECTS_OF_NITRIC_OXIDE,WikiPathways,CD8,SF_vs_PB_CD8,-1.03176913,-0.513359981,0.439613732,0.640139294,5,3,NOS3/HBA1/HBA2,down,FALSE
WP_CARDIAC_HYPERTROPHIC_RESPONSE,WP_CARDIAC_HYPERTROPHIC_RESPONSE,WikiPathways,CD8,SF_vs_PB_CD8,1.00964836,0.29294501,0.441176957,0.640827711,44,9,RAC1/MAPK3/MAP2K2/MAP4K1/PPP3CA/AKT1/MAPK1/IKBKG/TNF,up,FALSE
WP_DISORDERS_OF_BILE_ACID_SYNTHESIS_AND_BILIARY_TRANSPORT,WP_DISORDERS_OF_BILE_ACID_SYNTHESIS_AND_BILIARY_TRANSPORT,WikiPathways,CD8,SF_vs_PB_CD8,-1.01337401,-0.406675746,0.441630664,0.640827711,10,3,SLC27A5/ABCB1/HSD17B4,down,FALSE
WP_CONSTITUTIVE_ANDROSTANE_RECEPTOR_PATHWAY,WP_CONSTITUTIVE_ANDROSTANE_RECEPTOR_PATHWAY,WikiPathways,CD8,SF_vs_PB_CD8,1.01451361,0.386605167,0.443406466,0.642281618,14,7,RXRA/FOXO1/SP1/EHHADH/NCOA1/NCOA6/SMC1A,up,FALSE
WP_UREA_CYCLE_AND_RELATED_DISEASES,WP_UREA_CYCLE_AND_RELATED_DISEASES,WikiPathways,CD8,SF_vs_PB_CD8,1.03729752,0.533137474,0.448074129,0.647912067,5,2,ASL/NAGS,up,FALSE
WP_INCLUSION_BODY_MYOSITIS,WP_INCLUSION_BODY_MYOSITIS,WikiPathways,CD8,SF_vs_PB_CD8,1.01435247,0.43777609,0.452208173,0.652443163,9,2,PSEN1/PSENEN,up,FALSE
WP_MYD88_DISTINCT_INPUTOUTPUT_PATHWAY,WP_MYD88_DISTINCT_INPUTOUTPUT_PATHWAY,WikiPathways,CD8,SF_vs_PB_CD8,-1.00238836,-0.391550672,0.452779834,0.652443163,11,3,TIFA/TLR5/TLR1,down,FALSE
WP_TELOMERE_END_PACKAGING_AND_NEURODEVELOPMENTAL_DISORDERS,WP_TELOMERE_END_PACKAGING_AND_NEURODEVELOPMENTAL_DISORDERS,WikiPathways,CD8,SF_vs_PB_CD8,1.01615195,0.471457248,0.455639181,0.654376202,7,3,ACD/TPP1/TINF2,up,FALSE
WP_SEROTONIN_AND_ANXIETY,WP_SEROTONIN_AND_ANXIETY,WikiPathways,CD8,SF_vs_PB_CD8,-1.0040636,-0.449343957,0.455698126,0.654376202,7,3,POMC/PRKCB/PLEK,down,FALSE
WP_SPHINGOLIPID_PATHWAY,WP_SPHINGOLIPID_PATHWAY,WikiPathways,CD8,SF_vs_PB_CD8,1.0028793,0.33667328,0.457249327,0.655469675,23,11,SGMS2/SPTLC2/SGPP2/SGMS1/CERS5/CERS2/UGCG/CERS4/GBA2/SGPL1/UGT8,up,FALSE
WP_TH17_CELL_DIFFERENTIATION_PATHWAY,WP_TH17_CELL_DIFFERENTIATION_PATHWAY,WikiPathways,CD8,SF_vs_PB_CD8,-0.991959528,-0.250534088,0.464294263,0.664421101,62,19,STAT5A/LCK/CD3G/RUNX1/IL6R/STAT1/SOCS3/IFNGR1/CD247/TBX21/JAK1/IL23A/TGFBR1/HSP90AA1/RORA/NR1D1/ZAP70/RORC/IL23R,down,FALSE
WP_GLYOXYLATE_METABOLISM,WP_GLYOXYLATE_METABOLISM,WikiPathways,CD8,SF_vs_PB_CD8,1.01175669,0.491923041,0.466597019,0.66656717,6,2,LDHA/PXMP2,up,FALSE
WP_TOLLLIKE_RECEPTOR_SIGNALING_RELATED_TO_MYD88,WP_TOLLLIKE_RECEPTOR_SIGNALING_RELATED_TO_MYD88,WikiPathways,CD8,SF_vs_PB_CD8,0.993812239,0.324092127,0.469165037,0.669084159,26,10,IRF7/TOLLIP/MAPK1/IRAK1/IKBKG/TRAF3/MYD88/NFKB2/TICAM2/TICAM1,up,FALSE
WP_MTHFR_DEFICIENCY,WP_MTHFR_DEFICIENCY,WikiPathways,CD8,SF_vs_PB_CD8,0.993366399,0.365658767,0.470696262,0.669174372,16,8,CASP3/PCYT1A/COMT/CASP9/ASMT/MTHFR/HNMT/CHKA,up,FALSE
WP_INFLAMMATORY_BOWEL_DISEASE_SIGNALING,WP_INFLAMMATORY_BOWEL_DISEASE_SIGNALING,WikiPathways,CD8,SF_vs_PB_CD8,-0.985544319,-0.281706629,0.471370421,0.669174372,35,6,IL23A/TLR5/RORA/IL18RAP/RORC/IL23R,down,FALSE
WP_NUCLEOTIDE_EXCISION_REPAIR_IN_XERODERMA_PIGMENTOSUM,WP_NUCLEOTIDE_EXCISION_REPAIR_IN_XERODERMA_PIGMENTOSUM,WikiPathways,CD8,SF_vs_PB_CD8,0.989009168,0.271688642,0.474497034,0.669174372,58,15,DDB2/RBX1/SLX4/XPC/RFC2/POLK/POLE/PCNA/RPA3/UVSSA/POLD3/BRCA1/MNAT1/POLE2/ERCC1,up,FALSE
WP_GLYCINE_METABOLISM_INCLUDING_IMDS,WP_GLYCINE_METABOLISM_INCLUDING_IMDS,WikiPathways,CD8,SF_vs_PB_CD8,-0.984322028,-0.351320377,0.474607402,0.669174372,15,5,ISCU/PNPO/LIAS/LIPT2/LIPT1,down,FALSE
WP_MITOCHONDRIAL_CARRIER_DEFICIENCY_ASSOCIATED_WITH_SHUTTLE_DISTURBANCES,WP_MITOCHONDRIAL_CARRIER_DEFICIENCY_ASSOCIATED_WITH_SHUTTLE_DISTURBANCES,WikiPathways,CD8,SF_vs_PB_CD8,1.01349302,0.520902728,0.474664553,0.669174372,5,2,GLUD1/SLC25A12,up,FALSE
WP_HEDGEHOG_SIGNALING_WP4249,WP_HEDGEHOG_SIGNALING_WP4249,WikiPathways,CD8,SF_vs_PB_CD8,0.989631297,0.319485595,0.47480736,0.669174372,27,8,CSNK1G1/KIF3A/PRKACA/EVC/SPOPL/SMURF1/CSNK1E/SMURF2,up,FALSE
WP_H19_RBE2F1_AND_CDKBETACATENIN_IN_COLORECTAL_CANCER,WP_H19_RBE2F1_AND_CDKBETACATENIN_IN_COLORECTAL_CANCER,WikiPathways,CD8,SF_vs_PB_CD8,-0.984429349,-0.374505756,0.474871934,0.669174372,12,9,CTNNB1/CCND1/CDH1/CSRP2/PMAIP1/RB1/SOX4/CDK8/CDK4,down,FALSE
WP_WNT_SIGNALING_AND_PLURIPOTENCY,WP_WNT_SIGNALING_AND_PLURIPOTENCY,WikiPathways,CD8,SF_vs_PB_CD8,0.988014467,0.264405523,0.476169975,0.669655952,67,7,CD44/PRKCD/RACGAP1/LDLR/RHOA/WNT10A/JUN,up,FALSE
WP_DNA_REPAIR_PATHWAYS_FULL_NETWORK,WP_DNA_REPAIR_PATHWAYS_FULL_NETWORK,WikiPathways,CD8,SF_vs_PB_CD8,0.989807399,0.242661778,0.47682731,0.669655952,114,38,DDB2/RBX1/NEIL3/BRCA2/XPC/HMGB1/RFC2/DCLRE1C/FANCI/POLK/FANCL/POLE/PCNA/MLH1/RPA3/CHEK1/FANCG/FANCA/USP1/RAD51/FEN1/POLD3/BRCA1/MPG/EXO1/BRIP1/MNAT1/POLE2/ERCC1/PALB2/FANCD2/FANCE/RFC3/FANCC/POLD1/LIG1/RFC5/OGG1,up,FALSE
WP_TP53_NETWORK,WP_TP53_NETWORK,WikiPathways,CD8,SF_vs_PB_CD8,0.988182632,0.358238654,0.477744337,0.669810473,17,7,CDKN1A/CDKN2A/TP73/TNFSF10/BID/ABL1/BBC3,up,FALSE
WP_EICOSANOID_METABOLISM_VIA_CYCLOOXYGENASES_COX,WP_EICOSANOID_METABOLISM_VIA_CYCLOOXYGENASES_COX,WikiPathways,CD8,SF_vs_PB_CD8,-0.979705035,-0.337095335,0.479032071,0.670483338,17,7,ACAA1/AKR1B1/TBXA2R/PTGR2/HPGD/PTGDR2/PTGDR,down,FALSE
WP_CYTOSINE_METHYLATION,WP_CYTOSINE_METHYLATION,WikiPathways,CD8,SF_vs_PB_CD8,0.990730152,0.442084899,0.48164464,0.673005137,8,3,IDH1/IDH2/MBD3,up,FALSE
WP_INVOLVEMENT_OF_SECRETASE_IN_NEURODEGENERATIVE_DISEASES,WP_INVOLVEMENT_OF_SECRETASE_IN_NEURODEGENERATIVE_DISEASES,WikiPathways,CD8,SF_vs_PB_CD8,0.981967875,0.374202822,0.484706134,0.673606233,14,5,AKT3/AKT1/PPP2CB/NTRK2/SNCA,up,FALSE
WP_INDUCTION_OF_AUTOPHAGY_AND_TOLLLIKE_RECEPTOR_SIGNALING_BY_GRAPHENE_OXIDE,WP_INDUCTION_OF_AUTOPHAGY_AND_TOLLLIKE_RECEPTOR_SIGNALING_BY_GRAPHENE_OXIDE,WikiPathways,CD8,SF_vs_PB_CD8,0.987935116,0.440837694,0.48520558,0.673606233,8,6,TNF/IFNG/MYD88/NFKB1/MAP1LC3A/BECN1,up,FALSE
WP_PYRIMIDINE_METABOLISM,WP_PYRIMIDINE_METABOLISM,WikiPathways,CD8,SF_vs_PB_CD8,0.985113981,0.256958109,0.485415261,0.673606233,77,10,TYMP/NME7/CMPK2/UPP1/ENTPD1/DCTPP1/POLR2K/CMPK1/POLE/UPB1,up,FALSE
WP_DOPAMINE_METABOLISM,WP_DOPAMINE_METABOLISM,WikiPathways,CD8,SF_vs_PB_CD8,0.990878817,0.459731439,0.485484947,0.673606233,7,5,PRKACA/COMT/PPP2CB/NQO1/SOD1,up,FALSE
WP_NUCLEOTIDE_EXCISION_REPAIR,WP_NUCLEOTIDE_EXCISION_REPAIR,WikiPathways,CD8,SF_vs_PB_CD8,0.981162908,0.284680083,0.486883213,0.673606233,44,15,DDB2/RBX1/XPC/RFC2/POLE/PCNA/RPA3/POLD3/MNAT1/POLE2/ERCC1/RFC3/POLD1/LIG1/RFC5,up,FALSE
WP_LNCRNAMEDIATED_MECHANISMS_OF_THERAPEUTIC_RESISTANCE,WP_LNCRNAMEDIATED_MECHANISMS_OF_THERAPEUTIC_RESISTANCE,WikiPathways,CD8,SF_vs_PB_CD8,1.00296881,0.515493627,0.487157712,0.673606233,5,1,CDKN1A,up,FALSE
WP_BIOSYNTHESIS_AND_REGENERATION_OF_TETRAHYDROBIOPTERIN_AND_CATABOLISM_OF_PHENYLALANINE,WP_BIOSYNTHESIS_AND_REGENERATION_OF_TETRAHYDROBIOPTERIN_AND_CATABOLISM_OF_PHENYLALANINE,WikiPathways,CD8,SF_vs_PB_CD8,0.993462729,0.48302839,0.487995075,0.673606233,6,3,COMT/ASMT/PTS,up,FALSE
WP_DISRUPTION_OF_POSTSYNAPTIC_SIGNALING_BY_CNV,WP_DISRUPTION_OF_POSTSYNAPTIC_SIGNALING_BY_CNV,WikiPathways,CD8,SF_vs_PB_CD8,0.979123579,0.373118934,0.488567412,0.673606233,14,4,STX1A/MAPK3/MAPK1/FMR1,up,FALSE
WP_HEMATOPOIETIC_STEM_CELL_GENE_REGULATION_BY_GABP_ALPHABETA_COMPLEX,WP_HEMATOPOIETIC_STEM_CELL_GENE_REGULATION_BY_GABP_ALPHABETA_COMPLEX,WikiPathways,CD8,SF_vs_PB_CD8,-0.970961946,-0.329087815,0.492714153,0.677332222,18,2,DNMT3A/ATM,down,FALSE
WP_ONECARBON_METABOLISM,WP_ONECARBON_METABOLISM,WikiPathways,CD8,SF_vs_PB_CD8,-0.970887098,-0.311726958,0.492902003,0.677332222,22,6,MTRR/MAT2B/AHCY/GLRX/ATIC/DNMT3A,down,FALSE
WP_COMMON_PATHWAYS_UNDERLYING_DRUG_ADDICTION,WP_COMMON_PATHWAYS_UNDERLYING_DRUG_ADDICTION,WikiPathways,CD8,SF_vs_PB_CD8,0.974442503,0.327126857,0.496239045,0.679816464,23,7,MAPK3/MAP2K2/GNAS/PRKACA/MAPK1/ACTG2/PPP1CB,up,FALSE
WP_PPARALPHA_PATHWAY,WP_PPARALPHA_PATHWAY,WikiPathways,CD8,SF_vs_PB_CD8,0.9741249,0.353142407,0.496347924,0.679816464,17,5,CDK1/RXRA/PPARA/DBI/EHHADH,up,FALSE
WP_OXYSTEROLS_DERIVED_FROM_CHOLESTEROL,WP_OXYSTEROLS_DERIVED_FROM_CHOLESTEROL,WikiPathways,CD8,SF_vs_PB_CD8,0.968520278,0.318799547,0.505136898,0.690445878,25,12,ACOT9/ACOT7/SLC27A2/NR1H2/ACOT4/HSD3B7/SULT2B1/EBP/GPR183/IL17C/INSIG1/ACOT11,up,FALSE
WP_RESOLVIN_E1_AND_RESOLVIN_D1_SIGNALING_DECREASE_INFLAMMATION,WP_RESOLVIN_E1_AND_RESOLVIN_D1_SIGNALING_DECREASE_INFLAMMATION,WikiPathways,CD8,SF_vs_PB_CD8,0.970182445,0.418713111,0.505772402,0.690445878,9,5,AKT1/PIK3CD/PIK3CG/PIK3CB/PIK3CA,up,FALSE
WP_22Q112_COPY_NUMBER_VARIATION_SYNDROME,WP_22Q112_COPY_NUMBER_VARIATION_SYNDROME,WikiPathways,CD8,SF_vs_PB_CD8,0.9720096,0.258064438,0.507050977,0.690697211,70,13,RBX1/SREBF2/GLUD1/HIRIP3/SLC25A1/DGCR8/PI4KA/TANGO2/COMT/RANGAP1/SRF/RANBP1/NCOR1,up,FALSE
WP_SOMATROPH_AXIS_GH_AND_ITS_RELATIONSHIP_TO_DIETARY_RESTRICTION_AND_AGING,WP_SOMATROPH_AXIS_GH_AND_ITS_RELATIONSHIP_TO_DIETARY_RESTRICTION_AND_AGING,WikiPathways,CD8,SF_vs_PB_CD8,0.976826689,0.474939834,0.507620842,0.690697211,6,2,AKT1/FOXO1,up,FALSE
WP_GENES_RELATED_TO_PRIMARY_CILIUM_DEVELOPMENT_BASED_ON_CRISPR,WP_GENES_RELATED_TO_PRIMARY_CILIUM_DEVELOPMENT_BASED_ON_CRISPR,WikiPathways,CD8,SF_vs_PB_CD8,0.969338432,0.248860477,0.51501061,0.697735874,85,26,DYNLL1/KIF3A/ARL3/BBS12/DYNC2H1/BBS7/TXNDC15/EVC/IFT81/INPP5E/KATNB1/TCTN2/WDR35/ARL13B/KIF3B/KIAA0753/DYNLT1/TULP3/CEP120/IQCE/CEP104/FUZ/ARL6/IFT122/BBS4/SCLT1,up,FALSE
WP_16P112_DISTAL_DELETION_SYNDROME,WP_16P112_DISTAL_DELETION_SYNDROME,WikiPathways,CD8,SF_vs_PB_CD8,0.961275314,0.316414784,0.515410694,0.697735874,25,6,CD82/TRAF1/CD81/ATXN2L/VAV2/TRAF2,up,FALSE
WP_SARSCOV2_MITOCHONDRIAL_CHRONIC_OXIDATIVE_STRESS_AND_ENDOTHELIAL_DYSFUNCTION,WP_SARSCOV2_MITOCHONDRIAL_CHRONIC_OXIDATIVE_STRESS_AND_ENDOTHELIAL_DYSFUNCTION,WikiPathways,CD8,SF_vs_PB_CD8,0.960137235,0.342894036,0.51600575,0.697735874,18,4,NDFIP2/TNF/TRAF3/NLRP3,up,FALSE
WP_NRF2ARE_REGULATION,WP_NRF2ARE_REGULATION,WikiPathways,CD8,SF_vs_PB_CD8,0.958771129,0.333375937,0.516841004,0.697735874,20,10,RBX1/KEAP1/SRC/PIK3CA/NQO1/CUL3/CEBPB/HMOX1/GCLM/MAPK8,up,FALSE
WP_SRF_AND_MIRS_IN_SMOOTH_MUSCLE_DIFFERENTIATION_AND_PROLIFERATION,WP_SRF_AND_MIRS_IN_SMOOTH_MUSCLE_DIFFERENTIATION_AND_PROLIFERATION,WikiPathways,CD8,SF_vs_PB_CD8,0.961103119,0.428864685,0.516997063,0.697735874,8,5,MEF2D/KLF4/SRF/ELK1/CCND2,up,FALSE
WP_INFLUENCE_OF_LAMINOPATHIES_ON_WNT_SIGNALING,WP_INFLUENCE_OF_LAMINOPATHIES_ON_WNT_SIGNALING,WikiPathways,CD8,SF_vs_PB_CD8,0.959967875,0.309909265,0.519263955,0.699645907,27,6,LMNA/ICMT/AGO2/SPP1/PPARG/DICER1,up,FALSE
WP_DEVELOPMENT_OF_URETERIC_DERIVED_COLLECTING_SYSTEM,WP_DEVELOPMENT_OF_URETERIC_DERIVED_COLLECTING_SYSTEM,WikiPathways,CD8,SF_vs_PB_CD8,0.955494741,0.364114588,0.520098222,0.699645907,14,4,CRIM1/BMPR2/CTDNEP1/RARA,up,FALSE
WP_CELL_LINEAGE_MAP_FOR_NEURONAL_DIFFERENTIATION,WP_CELL_LINEAGE_MAP_FOR_NEURONAL_DIFFERENTIATION,WikiPathways,CD8,SF_vs_PB_CD8,-0.957423404,-0.275554641,0.52347175,0.703044584,34,10,RIMS2/HOMER1/ITGA6/ROBO1/LEF1/NR4A2/RBFOX3/GPHN/CDH2/S100B,down,FALSE
WP_ROS_IN_COVID19_ENDOTHELIAL_DYSFUNCTION,WP_ROS_IN_COVID19_ENDOTHELIAL_DYSFUNCTION,WikiPathways,CD8,SF_vs_PB_CD8,0.968900104,0.497983409,0.52546755,0.704584921,5,4,TNF/ICAM1/NFKB1/TNFRSF1A,up,FALSE
WP_NFKB_SIGNALING_AND_ARTD_FAMILY_MEMBERS,WP_NFKB_SIGNALING_AND_ARTD_FAMILY_MEMBERS,WikiPathways,CD8,SF_vs_PB_CD8,0.952285165,0.316495587,0.52698555,0.704829236,24,5,RBX1/PARP12/PARP14/IKBKG/EP300,up,FALSE
WP_ERYTHROPOIESIS,WP_ERYTHROPOIESIS,WikiPathways,CD8,SF_vs_PB_CD8,-0.942446741,-0.378212021,0.528902182,0.704829236,10,4,HBA1/CD79A/HBA2/KIT,down,FALSE
WP_KETOGENESIS_AND_KETOLYSIS,WP_KETOGENESIS_AND_KETOLYSIS,WikiPathways,CD8,SF_vs_PB_CD8,-0.94076101,-0.404025616,0.529216643,0.704829236,8,2,BDH1/SLC25A20,down,FALSE
WP_RIOK1_AND_RIOK2_IN_EGFR_AND_PI3KMEDIATED_TUMORIGENESIS,WP_RIOK1_AND_RIOK2_IN_EGFR_AND_PI3KMEDIATED_TUMORIGENESIS,WikiPathways,CD8,SF_vs_PB_CD8,-0.943859312,-0.343434983,0.529621259,0.704829236,14,6,MAPKAP1/MLST8/FOXO3/RIOK2/TP53/RPL11,down,FALSE
WP_SARSCOV2_REPLICATION_ORGANELLE_FORMATION,WP_SARSCOV2_REPLICATION_ORGANELLE_FORMATION,WikiPathways,CD8,SF_vs_PB_CD8,0.957299515,0.465445588,0.529895715,0.704829236,6,1,ZFYVE1,up,FALSE
WP_AMPLIFICATION_AND_EXPANSION_OF_ONCOGENIC_PATHWAYS_AS_METASTATIC_TRAITS,WP_AMPLIFICATION_AND_EXPANSION_OF_ONCOGENIC_PATHWAYS_AS_METASTATIC_TRAITS,WikiPathways,CD8,SF_vs_PB_CD8,0.947066572,0.376213581,0.531684893,0.706077538,12,6,NOTCH1/EPAS1/VCAM1/PIK3CG/VEGFA/SRC,up,FALSE
WP_10Q22Q23_COPY_NUMBER_VARIATION,WP_10Q22Q23_COPY_NUMBER_VARIATION,WikiPathways,CD8,SF_vs_PB_CD8,-0.946736773,-0.290980565,0.533122424,0.706709781,26,4,GPR15/SIRT4/ADAM10/ROPN1L,down,FALSE
WP_FEMALE_STEROID_HORMONES_IN_CARDIOMYOCYTE_ENERGY_METABOLISM,WP_FEMALE_STEROID_HORMONES_IN_CARDIOMYOCYTE_ENERGY_METABOLISM,WikiPathways,CD8,SF_vs_PB_CD8,0.945578324,0.384620468,0.533863895,0.706709781,11,4,PPARA/MAPK1/STK11/ACLY,up,FALSE
WP_HOMOLOGOUS_RECOMBINATION,WP_HOMOLOGOUS_RECOMBINATION,WikiPathways,CD8,SF_vs_PB_CD8,-0.938758282,-0.357131144,0.535576467,0.707636814,12,3,RAD52/RAD54B/ATM,down,FALSE
WP_MECP2_AND_ASSOCIATED_RETT_SYNDROME,WP_MECP2_AND_ASSOCIATED_RETT_SYNDROME,WikiPathways,CD8,SF_vs_PB_CD8,0.951755365,0.274663167,0.536269345,0.707636814,45,13,CSRP1/SGK1/AKT1/CTCF/GPRIN1/CNP/TAP1/SP1/EZH2/SMC3/FUT8/MPP1/NCOR1,up,FALSE
WP_KILLER_CELL_IMMUNOGLOBULINLIKE_RECEPTORS_AND_HUMAN_LEUKOCYTE_ANTIGEN_C_PATHWAY,WP_KILLER_CELL_IMMUNOGLOBULINLIKE_RECEPTORS_AND_HUMAN_LEUKOCYTE_ANTIGEN_C_PATHWAY,WikiPathways,CD8,SF_vs_PB_CD8,0.943583162,0.324153593,0.540567317,0.710788345,21,6,RAC1/HRAS/ITPR1/CSF2/TNF/IFNG,up,FALSE
WP_VITAMIN_B12_METABOLISM,WP_VITAMIN_B12_METABOLISM,WikiPathways,CD8,SF_vs_PB_CD8,0.944083971,0.310756057,0.54106937,0.710788345,25,12,CCL5/LDLR/CCL2/TCN2/TNF/SERPINE1/IFNG/MTHFR/NFKB2/ICAM1/SOD1/NFKB1,up,FALSE
WP_NANOPARTICLE_TRIGGERED_REGULATED_NECROSIS,WP_NANOPARTICLE_TRIGGERED_REGULATED_NECROSIS,WikiPathways,CD8,SF_vs_PB_CD8,0.939924654,0.382320799,0.541226788,0.710788345,11,7,RIPK3/TNF/RIPK1/TICAM1/TNFRSF1A/MAPK8/FADD,up,FALSE
WP_METHYLATION_PATHWAYS,WP_METHYLATION_PATHWAYS,WikiPathways,CD8,SF_vs_PB_CD8,-0.935446528,-0.465434367,0.544965329,0.713633956,5,2,MAT2B/MAT2A,down,FALSE
WP_PHOTODYNAMIC_THERAPYINDUCED_NFE2L2_NRF2_SURVIVAL_SIGNALING,WP_PHOTODYNAMIC_THERAPYINDUCED_NFE2L2_NRF2_SURVIVAL_SIGNALING,WikiPathways,CD8,SF_vs_PB_CD8,0.939144273,0.326551449,0.54525802,0.713633956,20,12,MAPK11/JUN/MAPK12/KEAP1/NQO2/NQO1/ABCC4/GSTP1/HMOX1/GCLM/SRXN1/MAPK8,up,FALSE
WP_NEUROINFLAMMATION,WP_NEUROINFLAMMATION,WikiPathways,CD8,SF_vs_PB_CD8,0.936577064,0.380959144,0.545972967,0.713633956,11,1,JUN,up,FALSE
WP_MAMMARY_GLAND_DEVELOPMENT_PUBERTY_STAGE_2_OF_4,WP_MAMMARY_GLAND_DEVELOPMENT_PUBERTY_STAGE_2_OF_4,WikiPathways,CD8,SF_vs_PB_CD8,0.935981532,0.391866687,0.547505787,0.714512269,10,2,VIM/FN1,up,FALSE
WP_BONE_MORPHOGENIC_PROTEIN_SIGNALING_AND_REGULATION,WP_BONE_MORPHOGENIC_PROTEIN_SIGNALING_AND_REGULATION,WikiPathways,CD8,SF_vs_PB_CD8,0.933071213,0.416356252,0.551376652,0.718434256,8,3,BMPR2/SMURF1/TOB2,up,FALSE
WP_ETHANOL_METABOLISM_PRODUCTION_OF_ROS_BY_CYP2E1,WP_ETHANOL_METABOLISM_PRODUCTION_OF_ROS_BY_CYP2E1,WikiPathways,CD8,SF_vs_PB_CD8,0.931843123,0.402166556,0.552739601,0.718641347,9,4,MAP2K2/MAFG/SP1/MAFK,up,FALSE
WP_TYPE_III_INTERFERON_SIGNALING,WP_TYPE_III_INTERFERON_SIGNALING,WikiPathways,CD8,SF_vs_PB_CD8,0.931871929,0.415821106,0.553267254,0.718641347,8,4,IRF9/IL10RB/IFNLR1/TYK2,up,FALSE
WP_PATHWAYS_OF_NUCLEIC_ACID_METABOLISM_AND_INNATE_IMMUNE_SENSING,WP_PATHWAYS_OF_NUCLEIC_ACID_METABOLISM_AND_INNATE_IMMUNE_SENSING,WikiPathways,CD8,SF_vs_PB_CD8,0.928010052,0.368643552,0.556070319,0.720107457,12,3,OAS1/IFIH1/TREX1,up,FALSE
WP_JOUBERT_SYNDROME,WP_JOUBERT_SYNDROME,WikiPathways,CD8,SF_vs_PB_CD8,0.945532608,0.252321002,0.556335004,0.720107457,68,20,AHI1/RHOA/MYO5A/B9D2/ARL3/CCP110/BBS7/INPP5E/TCTN2/RHEB/RAB3IP/ARL13B/NPHP3/DVL3/PCM1/CSPP1/CEP120/NPHP4/TMEM237/CEP104,up,FALSE
WP_KREBS_CYCLE_DISORDERS,WP_KREBS_CYCLE_DISORDERS,WikiPathways,CD8,SF_vs_PB_CD8,0.926865645,0.368188946,0.55766848,0.720107457,12,3,LDHA/MPC1/PCK2,up,FALSE
WP_FOLATEALCOHOL_AND_CANCER_PATHWAY_HYPOTHESES,WP_FOLATEALCOHOL_AND_CANCER_PATHWAY_HYPOTHESES,WikiPathways,CD8,SF_vs_PB_CD8,-0.920324787,-0.432443335,0.557866379,0.720107457,6,4,MTR/CREB1/ADH5/CYP2E1,down,FALSE
WP_WNTBETACATENIN_SIGNALING_AND_ARTD_FAMILY_MEMBERS,WP_WNTBETACATENIN_SIGNALING_AND_ARTD_FAMILY_MEMBERS,WikiPathways,CD8,SF_vs_PB_CD8,0.927163717,0.347278886,0.559047585,0.720511639,15,2,RBX1/TNK2,up,FALSE
WP_LEUKOTRIENE_METABOLIC_PATHWAY,WP_LEUKOTRIENE_METABOLIC_PATHWAY,WikiPathways,CD8,SF_vs_PB_CD8,-0.913084899,-0.377968171,0.565086283,0.727165294,9,3,DECR1/DPEP2/LTA4H,down,FALSE
WP_HEMATOPOIETIC_STEM_CELL_DIFFERENTIATION,WP_HEMATOPOIETIC_STEM_CELL_DIFFERENTIATION,WikiPathways,CD8,SF_vs_PB_CD8,0.929634547,0.293146431,0.566051547,0.727279852,30,3,CSF1/NOTCH1/CIITA,up,FALSE
WP_PRION_DISEASE_PATHWAY,WP_PRION_DISEASE_PATHWAY,WikiPathways,CD8,SF_vs_PB_CD8,0.92626533,0.294259606,0.570787935,0.731768622,29,12,MAPK3/RXRA/CASP3/CTCF/MAPK1/SMC3/EP300/BATF/ELK1/RAD21/PRNP/SPI1,up,FALSE
WP_ID_SIGNALING,WP_ID_SIGNALING,WikiPathways,CD8,SF_vs_PB_CD8,0.917162831,0.356603426,0.571308515,0.731768622,13,5,CDK2/ELK4/RBL1/ELK1/ID2,up,FALSE
WP_COMPLEMENT_ACTIVATION,WP_COMPLEMENT_ACTIVATION,WikiPathways,CD8,SF_vs_PB_CD8,0.916481773,0.395536877,0.572274143,0.731876023,9,3,C1QA/C1QB/C1QC,up,FALSE
WP_COVID19_STRUCTURAL_COVERAGE_MAP,WP_COVID19_STRUCTURAL_COVERAGE_MAP,WikiPathways,CD8,SF_vs_PB_CD8,0.916955617,0.337531912,0.57452632,0.733625916,16,6,ISG15/PARP9/PARP14/CMTR1/UBC/UPF1,up,FALSE
WP_CEREBRAL_ORGANIC_ACIDURIAS_INCLUDING_DISEASES,WP_CEREBRAL_ORGANIC_ACIDURIAS_INCLUDING_DISEASES,WikiPathways,CD8,SF_vs_PB_CD8,-0.902868258,-0.40405647,0.57773725,0.736592807,7,3,GCDH/ACY1/ADHFE1,down,FALSE
WP_CATABOLISM_OF_SKELETAL_MUSCLE_IN_CACHEXIA,WP_CATABOLISM_OF_SKELETAL_MUSCLE_IN_CACHEXIA,WikiPathways,CD8,SF_vs_PB_CD8,0.922525032,0.282637101,0.578636364,0.736607641,34,7,MAPK11/TNFRSF12A/AKT1/TNFSF12/IKBKG/EP300/TNF,up,FALSE
WP_EICOSANOID_METABOLISM_VIA_LIPOOXYGENASES_LOX,WP_EICOSANOID_METABOLISM_VIA_LIPOOXYGENASES_LOX,WikiPathways,CD8,SF_vs_PB_CD8,-0.907767543,-0.323996849,0.583386904,0.741517811,15,3,PTGR2/HPGD/LTA4H,down,FALSE
WP_PERTURBATIONS_TO_HOSTCELL_AUTOPHAGY_INDUCED_BY_SARSCOV2_PROTEINS,WP_PERTURBATIONS_TO_HOSTCELL_AUTOPHAGY_INDUCED_BY_SARSCOV2_PROTEINS,WikiPathways,CD8,SF_vs_PB_CD8,0.922517484,0.271620438,0.585739472,0.743369666,41,18,PKM/OPTN/AKT1/LARP1/ATG9A/LAMP2/VAMP8/RHEB/ULK1/RB1CC1/VPS33A/SQSTM1/ATG7/ATG16L1/TMEM59/ATG2B/CALCOCO2/RAB7A,up,FALSE
WP_CILIOPATHIES,WP_CILIOPATHIES,WikiPathways,CD8,SF_vs_PB_CD8,0.938925856,0.227213968,0.590845631,0.74870515,125,42,NME7/AHI1/B9D2/SPAG1/ARL3/BBS12/DYNC2H1/BBS7/CCDC40/EVC/IFT81/ALMS1/INPP5E/CENPF/TCTN2/WDR35/ARL13B/NPHP3/MAK/NEK2/FAM161A/KIAA0753/PLK4/TUB/POMGNT1/CSPP1/DNAL1/CEP120/NPHP4/TMEM237/CEP104/RP2/FLCN/POC1A/PKD1/ARL6/IFT122/BBS4/SCLT1/KIAA0586/TTLL5/USP9X,up,FALSE
WP_MAPK_AND_NFKB_SIGNALING_INHIBITED_BY_YERSINIA_YOPJ,WP_MAPK_AND_NFKB_SIGNALING_INHIBITED_BY_YERSINIA_YOPJ,WikiPathways,CD8,SF_vs_PB_CD8,0.897608823,0.365108544,0.596051468,0.754150486,11,3,RRAS/MAPK1/IKBKG,up,FALSE
WP_FATTY_ACID_BETAOXIDATION,WP_FATTY_ACID_BETAOXIDATION,WikiPathways,CD8,SF_vs_PB_CD8,-0.908074835,-0.269288825,0.601672322,0.760022842,30,8,DECR1/ACADVL/ACADM/LIPE/ACSL6/ACSS2/CPT1A/SLC25A20,down,FALSE
WP_OLIGODENDROCYTE_DEVELOPMENT,WP_OLIGODENDROCYTE_DEVELOPMENT,WikiPathways,CD8,SF_vs_PB_CD8,-0.893328754,-0.312847838,0.603744438,0.760022842,16,8,TCF7L2/MBP/ZBTB33/ZEB2/PRKCA/NFIA/ZNF24/CHD7,down,FALSE
WP_GENES_ASSOCIATED_WITH_THE_DEVELOPMENT_OF_RHEUMATOID_ARTHRITIS,WP_GENES_ASSOCIATED_WITH_THE_DEVELOPMENT_OF_RHEUMATOID_ARTHRITIS,WikiPathways,CD8,SF_vs_PB_CD8,-0.895025536,-0.307958949,0.60437652,0.760022842,17,5,CD40/CD244/BLK/CCR6/FCRL3,down,FALSE
WP_MESODERMAL_COMMITMENT_PATHWAY,WP_MESODERMAL_COMMITMENT_PATHWAY,WikiPathways,CD8,SF_vs_PB_CD8,0.924905212,0.237915178,0.605111462,0.760022842,84,15,ADAM19/BHLHE40/HPRT1/BMPR2/PRKAR1A/CCDC88A/TOX/PRKACA/ELK4/HTT/ATP8B2/KLF4/AHDC1/ACACA/SRF,up,FALSE
WP_PURINE_METABOLISM,WP_PURINE_METABOLISM,WikiPathways,CD8,SF_vs_PB_CD8,0.890719466,0.372916852,0.606156706,0.760022842,10,2,HPRT1/IMPDH1,up,FALSE
WP_OPIOID_RECEPTOR_PATHWAYS,WP_OPIOID_RECEPTOR_PATHWAYS,WikiPathways,CD8,SF_vs_PB_CD8,0.90207537,0.294175815,0.606901404,0.760022842,26,9,RGS9/RAC1/CACNB2/GNAI2/PLEKHG1/PGM1/CAP1/TNF/PIK3CG,up,FALSE
WP_LUPUS_THERAPIES,WP_LUPUS_THERAPIES,WikiPathways,CD8,SF_vs_PB_CD8,0.896734897,0.320251144,0.607201711,0.760022842,18,6,CD86/C1QA/C1QB/CD80/C1QC/IFNG,up,FALSE
WP_METHIONINE_DE_NOVO_AND_SALVAGE_PATHWAY,WP_METHIONINE_DE_NOVO_AND_SALVAGE_PATHWAY,WikiPathways,CD8,SF_vs_PB_CD8,0.894674589,0.324339864,0.609324674,0.760022842,17,1,TXN,up,FALSE
WP_TYPE_I_COLLAGEN_SYNTHESIS_IN_THE_CONTEXT_OF_OSTEOGENESIS_IMPERFECTA,WP_TYPE_I_COLLAGEN_SYNTHESIS_IN_THE_CONTEXT_OF_OSTEOGENESIS_IMPERFECTA,WikiPathways,CD8,SF_vs_PB_CD8,-0.888955705,-0.311316376,0.611053469,0.760022842,16,6,CRTAP/SERPINF1/MIA3/P4HB/TMEM38B/PLOD1,down,FALSE
WP_ENDOCHONDRAL_OSSIFICATION,WP_ENDOCHONDRAL_OSSIFICATION,WikiPathways,CD8,SF_vs_PB_CD8,0.901829535,0.282291133,0.61120272,0.760022842,31,6,CAB39/KIF3A/CHST11/AKT1/PRKACA/SPP1,up,FALSE
WP_ENDOCHONDRAL_OSSIFICATION_WITH_SKELETAL_DYSPLASIAS,WP_ENDOCHONDRAL_OSSIFICATION_WITH_SKELETAL_DYSPLASIAS,WikiPathways,CD8,SF_vs_PB_CD8,0.901829535,0.282291133,0.61120272,0.760022842,31,6,CAB39/KIF3A/CHST11/AKT1/PRKACA/SPP1,up,FALSE
WP_CELLULAR_PROTEOSTASIS,WP_CELLULAR_PROTEOSTASIS,WikiPathways,CD8,SF_vs_PB_CD8,-0.876296148,-0.411755104,0.611681034,0.760022842,6,2,VBP1/PFDN5,down,FALSE
WP_SPHINGOLIPID_METABOLISM_IN_SENESCENCE,WP_SPHINGOLIPID_METABOLISM_IN_SENESCENCE,WikiPathways,CD8,SF_vs_PB_CD8,-0.896977231,-0.275686916,0.616359889,0.76416734100000006,26,7,PRKCA/CDK4/ASAH1/PRKCB/S1PR1/PLCB1/S1PR5,down,FALSE
WP_IL17_SIGNALING,WP_IL17_SIGNALING,WikiPathways,CD8,SF_vs_PB_CD8,0.895055209,0.294617678,0.616857974,0.76416734100000006,25,12,MAPK3/AKT1/MAPK1/SP1/IKBKG/TRAF3/IL17RD/IL17RA/PIK3CA/IL17C/STAT3/CEBPB,up,FALSE
WP_APOPTOSIS_REGULATION_BY_PARATHYROID_HORMONERELATED_PROTEIN,WP_APOPTOSIS_REGULATION_BY_PARATHYROID_HORMONERELATED_PROTEIN,WikiPathways,CD8,SF_vs_PB_CD8,0.888319556,0.312730178,0.61932384,0.765143035,19,6,MCL1/AKT3/AKT1/BAK1/GSK3A/BID,up,FALSE
WP_FAMILIAL_HYPERLIPIDEMIA_TYPE_1,WP_FAMILIAL_HYPERLIPIDEMIA_TYPE_1,WikiPathways,CD8,SF_vs_PB_CD8,0.879190719,0.392313628,0.62041116,0.765143035,8,3,LDLR/SEL1L/LCAT,up,FALSE
WP_FAMILIAL_HYPERLIPIDEMIA_TYPE_5,WP_FAMILIAL_HYPERLIPIDEMIA_TYPE_5,WikiPathways,CD8,SF_vs_PB_CD8,0.879190719,0.392313628,0.62041116,0.765143035,8,3,LDLR/SEL1L/LCAT,up,FALSE
WP_CREATINE_PATHWAY,WP_CREATINE_PATHWAY,WikiPathways,CD8,SF_vs_PB_CD8,-0.867695602,-0.431724681,0.624771345,0.76636513,5,3,OAT/GATM/GAMT,down,FALSE
WP_PATHOPHYSIOLOGICAL_ROLES_OF_DUX4_IN_FSHD1,WP_PATHOPHYSIOLOGICAL_ROLES_OF_DUX4_IN_FSHD1,WikiPathways,CD8,SF_vs_PB_CD8,0.874156188,0.390067113,0.626945668,0.76636513,8,1,CDKN1A,up,FALSE
WP_PROTEOGLYCAN_BIOSYNTHESIS,WP_PROTEOGLYCAN_BIOSYNTHESIS,WikiPathways,CD8,SF_vs_PB_CD8,0.878197943,0.328938243,0.627094923,0.76636513,15,9,CSGALNACT1/CHSY1/CANT1/B3GALT6/B3GAT3/EXTL3/EXT1/XYLT1/SLC35B2,up,FALSE
WP_EXTRAFOLLICULAR_AND_FOLLICULAR_B_CELL_ACTIVATION_BY_SARSCOV2,WP_EXTRAFOLLICULAR_AND_FOLLICULAR_B_CELL_ACTIVATION_BY_SARSCOV2,WikiPathways,CD8,SF_vs_PB_CD8,0.906250983,0.248130705,0.627343297,0.76636513,59,15,PDCD1/CD82/ISG15/CXCL13/IL10/ICOS/FOXO1/EBI3/ITGAX/TNF/IL21/CD80/IFNG/BCL6/ETS1,up,FALSE
WP_15Q11Q13_COPY_NUMBER_VARIATION,WP_15Q11Q13_COPY_NUMBER_VARIATION,WikiPathways,CD8,SF_vs_PB_CD8,0.891229674,0.281036025,0.627796125,0.76636513,30,5,STX1A/CCL5/SMC6/FANCI/MTMR10,up,FALSE
WP_OLIGODENDROCYTE_SPECIFICATION_AND_DIFFERENTIATION_LEADING_TO_MYELIN_COMPONENTS_FOR_CNS,WP_OLIGODENDROCYTE_SPECIFICATION_AND_DIFFERENTIATION_LEADING_TO_MYELIN_COMPONENTS_FOR_CNS,WikiPathways,CD8,SF_vs_PB_CD8,0.878520394,0.451531153,0.627922776,0.76636513,5,2,CNP/TNF,up,FALSE
WP_GLYCOGEN_SYNTHESIS_AND_DEGRADATION,WP_GLYCOGEN_SYNTHESIS_AND_DEGRADATION,WikiPathways,CD8,SF_vs_PB_CD8,0.891816463,0.277205787,0.628594209,0.76636513,32,12,CALM2/GSK3A/PGM1/PPP2CB/PPP2R5D/GYG1/PPP2R5A/CALM3/PPP2R1B/PPP2R5B/HK1/HKDC1,up,FALSE
WP_ENDODERM_DIFFERENTIATION,WP_ENDODERM_DIFFERENTIATION,WikiPathways,CD8,SF_vs_PB_CD8,-0.927305755,-0.215643775,0.628788739,0.76636513,96,25,MBTD1/CEBPZ/STAT1/PARP8/SMAD3/NAA15/CDC73/TBX21/TAF4B/ELP4/TRIM5/LEF1/CTR9/LRPPRC/TCF7/ZNF462/NOG/PIAS1/CTBP2/TNRC6C/C1QBP/SP4/SESN1/PABPC1/RARG,down,FALSE
WP_IL23_INHIBITORS_IN_INFLAMMATORY_BOWEL_DISEASE,WP_IL23_INHIBITORS_IN_INFLAMMATORY_BOWEL_DISEASE,WikiPathways,CD8,SF_vs_PB_CD8,-0.869380301,-0.323210978,0.632438687,0.769683446,13,6,STAT4/STAT5A/IL12RB1/STAT1/IL23A/RORC,down,FALSE
WP_ALANINE_AND_ASPARTATE_METABOLISM,WP_ALANINE_AND_ASPARTATE_METABOLISM,WikiPathways,CD8,SF_vs_PB_CD8,0.869523977,0.446907285,0.637528544,0.773572538,5,1,ASL,up,FALSE
WP_MITOCHONDRIAL_IMMUNE_RESPONSE_TO_SARSCOV2,WP_MITOCHONDRIAL_IMMUNE_RESPONSE_TO_SARSCOV2,WikiPathways,CD8,SF_vs_PB_CD8,0.877725719,0.301529273,0.639239406,0.773572538,21,3,IRF7/CTSL/IFIH1,up,FALSE
WP_COMPLEMENT_AND_COAGULATION_CASCADES,WP_COMPLEMENT_AND_COAGULATION_CASCADES,WikiPathways,CD8,SF_vs_PB_CD8,0.877619144,0.294622609,0.639362363,0.773572538,23,7,CLU/F2R/C1QA/C1QB/CLTC/C1QC/SERPINE1,up,FALSE
WP_DENGUE2_INTERACTIONS_WITH_COMPLEMENT_AND_COAGULATION_CASCADES,WP_DENGUE2_INTERACTIONS_WITH_COMPLEMENT_AND_COAGULATION_CASCADES,WikiPathways,CD8,SF_vs_PB_CD8,0.877619144,0.294622609,0.639362363,0.773572538,23,7,CLU/F2R/C1QA/C1QB/CLTC/C1QC/SERPINE1,up,FALSE
WP_CYSTEINE_AND_METHIONINE_CATABOLISM,WP_CYSTEINE_AND_METHIONINE_CATABOLISM,WikiPathways,CD8,SF_vs_PB_CD8,-0.860519574,-0.336134207,0.641256812,0.774735304,11,4,CDO1/CSAD/AHCY/CTH,down,FALSE
WP_HALLMARK_OF_CANCER_NONMUTATIONAL_EPIGENETIC_REPROGRAMMING,WP_HALLMARK_OF_CANCER_NONMUTATIONAL_EPIGENETIC_REPROGRAMMING,WikiPathways,CD8,SF_vs_PB_CD8,-0.865649126,-0.303154305,0.64697609,0.779262772,16,6,HDAC2/ANKRD13C/FTO/HDAC1/NOL9/DNMT3A,down,FALSE
WP_PATHWAYS_AFFECTED_IN_ADENOID_CYSTIC_CARCINOMA,WP_PATHWAYS_AFFECTED_IN_ADENOID_CYSTIC_CARCINOMA,WikiPathways,CD8,SF_vs_PB_CD8,0.891291705,0.252002118,0.647583655,0.779262772,50,17,NOTCH1/HRAS/BCOR/MAP2K2/AKT1/EP300/CHEK1/NCOR1/KMT2C/MYCBP/SMC1A/BRCA1/IL17RD/BRD1/KAT6A/PIK3CA/SRCAP,up,FALSE
WP_PREGNANE_X_RECEPTOR_PATHWAY,WP_PREGNANE_X_RECEPTOR_PATHWAY,WikiPathways,CD8,SF_vs_PB_CD8,-0.858971574,-0.319341308,0.647820859,0.779262772,13,5,PSMC5/DNAJC7/HSP90AA1/ABCB1/NRIP1,down,FALSE
WP_MITOCHONDRIAL_FISSION_AND_FUSION,WP_MITOCHONDRIAL_FISSION_AND_FUSION,WikiPathways,CD8,SF_vs_PB_CD8,-0.854077457,-0.333617802,0.650855592,0.781780234,11,2,MTFP1/PLD1,down,FALSE
WP_MARKERS_OF_KIDNEY_CELL_LINEAGE,WP_MARKERS_OF_KIDNEY_CELL_LINEAGE,WikiPathways,CD8,SF_vs_PB_CD8,0.859199325,0.32741887,0.652662859,0.781800148,14,2,AP2B1/NOTCH1,up,FALSE
WP_RENINANGIOTENSINALDOSTERONE_SYSTEM_RAAS,WP_RENINANGIOTENSINALDOSTERONE_SYSTEM_RAAS,WikiPathways,CD8,SF_vs_PB_CD8,0.872312513,0.287131659,0.652756027,0.781800148,25,5,CAMK1/ITPR3/CALM2/ITPR1/CAMK1D,up,FALSE
WP_MITOCHONDRIAL_GENE_EXPRESSION,WP_MITOCHONDRIAL_GENE_EXPRESSION,WikiPathways,CD8,SF_vs_PB_CD8,0.858987928,0.316193971,0.65716657,0.784434241,16,5,MYEF2/PPP3CA/SP1/POLRMT/GABPB1,up,FALSE
WP_NOCGMPPKG_MEDIATED_NEUROPROTECTION,WP_NOCGMPPKG_MEDIATED_NEUROPROTECTION,WikiPathways,CD8,SF_vs_PB_CD8,0.864052369,0.300441116,0.657409344,0.784434241,20,6,TSPO/BAD/AKAP9/TNF/CASP9/IFNG,up,FALSE
WP_MITOCHONDRIAL_BETAOXIDATION,WP_MITOCHONDRIAL_BETAOXIDATION,WikiPathways,CD8,SF_vs_PB_CD8,0.84882109,0.378762052,0.658370044,0.784434241,8,3,EHHADH/ECI1/HSD17B10,up,FALSE
WP_ATM_SIGNALING_IN_DEVELOPMENT_AND_DISEASE,WP_ATM_SIGNALING_IN_DEVELOPMENT_AND_DISEASE,WikiPathways,CD8,SF_vs_PB_CD8,0.882381258,0.253549701,0.658778224,0.784434241,46,17,MAPK11/LMNB2/DCLRE1C/CDK2/RBBP8/IKBKG/RIF1/CHEK1/ATMIN/SMC1A/MAPK12/STK11/TSC2/TP53BP1/PPP5C/TRIM28/AURKB,up,FALSE
WP_HIPPOCAMPAL_SYNAPTOGENESIS_AND_NEUROGENESIS,WP_HIPPOCAMPAL_SYNAPTOGENESIS_AND_NEUROGENESIS,WikiPathways,CD8,SF_vs_PB_CD8,-0.853206491,-0.310449823,0.659680844,0.784434241,14,7,CAMK4/CREB1/BCL2/CALM1/PRKCA/RPS6KA1/NCAM1,down,FALSE
WP_16P1311_COPY_NUMBER_VARIATION_SYNDROME,WP_16P1311_COPY_NUMBER_VARIATION_SYNDROME,WikiPathways,CD8,SF_vs_PB_CD8,0.860761223,0.292180712,0.66431401,0.788813489,22,8,ACTR1A/ABCC1/ACTR1B/PAFAH1B1/KIAA0753/PCM1/DCTN1/ACTR10,up,FALSE
WP_5Q35_COPY_NUMBER_VARIATION,WP_5Q35_COPY_NUMBER_VARIATION,WikiPathways,CD8,SF_vs_PB_CD8,0.892292794,0.230520955,0.670325541,0.79481457,82,21,HIP1/PTPRN2/PDLIM7/JUN/BARD1/NELFB/GNAI2/GPRIN1/GNAI3/COX8A/MXD3/TSPAN17/SNCA/ABL1/FAM193B/EED/CLTB/BRCA1/SRC/SOS1/COX6A1,up,FALSE
WP_HOSTPATHOGEN_INTERACTION_OF_HUMAN_CORONAVIRUSES_AUTOPHAGY,WP_HOSTPATHOGEN_INTERACTION_OF_HUMAN_CORONAVIRUSES_AUTOPHAGY,WikiPathways,CD8,SF_vs_PB_CD8,0.852144006,0.299994686,0.671442299,0.795003008,19,6,ZFYVE1/WIPI1/ULK1/RB1CC1/ATG7/ATG16L1,up,FALSE
WP_GNAQ_PR183Q_DRIVES_CAPILLARY_MALFORMATION,WP_GNAQ_PR183Q_DRIVES_CAPILLARY_MALFORMATION,WikiPathways,CD8,SF_vs_PB_CD8,0.854892629,0.29018865,0.673914924,0.796793998,22,5,PRKCD/PPP3CA/PRKD2/PPP3CB/PPP3R1,up,FALSE
WP_STING_PATHWAY_IN_KAWASAKILIKE_DISEASE_AND_COVID19,WP_STING_PATHWAY_IN_KAWASAKILIKE_DISEASE_AND_COVID19,WikiPathways,CD8,SF_vs_PB_CD8,0.844666173,0.310922124,0.677703025,0.800133017,16,10,ITPR1/IKBKG/NLRP3/NFKB1/NFKBIE/FCGR2A/IKBKB/CHUK/RELA/GSDMD,up,FALSE
WP_ETHER_LIPID_BIOSYNTHESIS,WP_ETHER_LIPID_BIOSYNTHESIS,WikiPathways,CD8,SF_vs_PB_CD8,0.843359234,0.310441039,0.679592449,0.801218844,16,3,FAR2/ARSA/FAR1,up,FALSE
WP_NAD_BIOSYNTHETIC_PATHWAYS,WP_NAD_BIOSYNTHETIC_PATHWAYS,WikiPathways,CD8,SF_vs_PB_CD8,0.844049284,0.305987041,0.680553356,0.801218844,17,2,NAMPT/PARP4,up,FALSE
WP_SIGNAL_TRANSDUCTION_THROUGH_IL1R,WP_SIGNAL_TRANSDUCTION_THROUGH_IL1R,WikiPathways,CD8,SF_vs_PB_CD8,0.852323486,0.280552041,0.683233234,0.802911079,25,5,JUN/TOLLIP/IRAK1/IL1RN/TNF,up,FALSE
WP_TCA_CYCLE_AKA_KREBS_OR_CITRIC_ACID_CYCLE,WP_TCA_CYCLE_AKA_KREBS_OR_CITRIC_ACID_CYCLE,WikiPathways,CD8,SF_vs_PB_CD8,-0.843551867,-0.285904758,0.685032588,0.802911079,18,11,DLST/FH/IDH3G/SDHA/DLD/SUCLG2/SDHD/SUCLA2/ACO2/SUCLG1/SDHC,down,FALSE
WP_EXERCISEINDUCED_CIRCADIAN_REGULATION,WP_EXERCISEINDUCED_CIRCADIAN_REGULATION,WikiPathways,CD8,SF_vs_PB_CD8,0.862464589,0.257867117,0.685653162,0.802911079,38,14,HLA-DMA/HERPUD1/TAB2/UCP3/PPP2CB/ETV6/CBX3/G0S2/CEBPB/GSTP1/IDI1/PSMA4/SUMO3/SUMO1,up,FALSE
WP_GABA_RECEPTOR_SIGNALING,WP_GABA_RECEPTOR_SIGNALING,WikiPathways,CD8,SF_vs_PB_CD8,-0.825230141,-0.341601014,0.685860187,0.802911079,9,2,GPHN/ALDH9A1,down,FALSE
WP_IRON_METABOLISM_DISORDERS,WP_IRON_METABOLISM_DISORDERS,WikiPathways,CD8,SF_vs_PB_CD8,-0.829523719,-0.30839343,0.690337364,0.807014102,13,5,CYBRD1/HFE/UQCRFS1/SLC40A1/FTL,down,FALSE
WP_NONHOMOLOGOUS_END_JOINING,WP_NONHOMOLOGOUS_END_JOINING,WikiPathways,CD8,SF_vs_PB_CD8,-0.82252949,-0.330088192,0.691968539,0.807783245,10,5,PRKDC/POLM/XRCC4/POLL/XRCC5,down,FALSE
WP_NEOVASCULARIZATION_PROCESSES,WP_NEOVASCULARIZATION_PROCESSES,WikiPathways,CD8,SF_vs_PB_CD8,-0.845761163,-0.268487517,0.694466911,0.809561146,23,6,REL/PDGFB/SMAD5/TGFBR1/KIT/FLT4,down,FALSE
WP_GLUTATHIONE_METABOLISM,WP_GLUTATHIONE_METABOLISM,WikiPathways,CD8,SF_vs_PB_CD8,-0.821524967,-0.312532158,0.698418071,0.811278518,12,3,GSR/GPX1/GSTM2,down,FALSE
WP_SERINE_METABOLISM,WP_SERINE_METABOLISM,WikiPathways,CD8,SF_vs_PB_CD8,0.815906592,0.364074902,0.70023862,0.811278518,8,2,PSAT1/TYMS,up,FALSE
WP_NAD_METABOLISM_IN_ONCOGENEINDUCED_SENESCENCE_AND_MITOCHONDRIAL_DYSFUNCTIONASSOCIATED_SENESCENCE,WP_NAD_METABOLISM_IN_ONCOGENEINDUCED_SENESCENCE_AND_MITOCHONDRIAL_DYSFUNCTIONASSOCIATED_SENESCENCE,WikiPathways,CD8,SF_vs_PB_CD8,0.831707944,0.297028053,0.700361137,0.811278518,18,2,NAMPT/SLC2A1,up,FALSE
WP_MAMMALIAN_DISORDER_OF_SEXUAL_DEVELOPMENT,WP_MAMMALIAN_DISORDER_OF_SEXUAL_DEVELOPMENT,WikiPathways,CD8,SF_vs_PB_CD8,0.820237034,0.343408025,0.70076731,0.811278518,10,2,MAPK11/SRD5A1,up,FALSE
WP_INITIATION_OF_TRANSCRIPTION_AND_TRANSLATION_ELONGATION_AT_THE_HIV1_LTR,WP_INITIATION_OF_TRANSCRIPTION_AND_TRANSLATION_ELONGATION_AT_THE_HIV1_LTR,WikiPathways,CD8,SF_vs_PB_CD8,0.846313705,0.266872442,0.700827347,0.811278518,30,8,PPP3CA/NELFB/PPP3CB/SP1/EP300/PPP3R1/NELFCD/NELFE,up,FALSE
WP_CALCIUM_MEDIATED_TCELL_APOPTOSIS_INVOLVED_IN_INCLUSION_BODY_MYOSITIS,WP_CALCIUM_MEDIATED_TCELL_APOPTOSIS_INVOLVED_IN_INCLUSION_BODY_MYOSITIS,WikiPathways,CD8,SF_vs_PB_CD8,0.833451261,0.289800753,0.702388424,0.81142933,20,7,CD8A/PPP3CA/MEF2D/PPP3CB/EP300/CD8B/CAPN2,up,FALSE
WP_VALPROIC_ACID_PATHWAY,WP_VALPROIC_ACID_PATHWAY,WikiPathways,CD8,SF_vs_PB_CD8,-0.808553457,-0.347246862,0.702912877,0.81142933,8,3,ACADSB/IVD/HDAC1,down,FALSE
WP_OXIDATIVE_PHOSPHORYLATION,WP_OXIDATIVE_PHOSPHORYLATION,WikiPathways,CD8,SF_vs_PB_CD8,0.853679906,0.250096107,0.70606488,0.813935903,42,20,NDUFA6/NDUFS5/NDUFB2/NDUFS6/GZMB/NDUFA9/NDUFB6/NDUFC2/NDUFB4/NDUFAB1/NDUFV2/NDUFB1/NDUFA4/NDUFS4/NDUFS3/NDUFA11/NDUFS1/MT-ND5/NDUFS8/NDUFC1,up,FALSE
WP_GPR40_ROLE_IN_INSULIN_SECRETION,WP_GPR40_ROLE_IN_INSULIN_SECRETION,WikiPathways,CD8,SF_vs_PB_CD8,-0.813149604,-0.317630656,0.707483909,0.814440561,11,2,PLCL1/PLCB1,down,FALSE
WP_ELECTRON_TRANSPORT_CHAIN_OXPHOS_SYSTEM_IN_MITOCHONDRIA,WP_ELECTRON_TRANSPORT_CHAIN_OXPHOS_SYSTEM_IN_MITOCHONDRIA,WikiPathways,CD8,SF_vs_PB_CD8,-0.885256717,-0.21225802,0.713499765,0.820228262,81,22,NDUFV1/MT-CO2/MT-ND4L/UQCR10/MT-ATP6/UQCRFS1/MT-CYB/UQCRH/COX11/MT-ND3/SDHC/MT-ND4/COX7C/SLC25A4/MT-CO3/NDUFB5/COX15/COX4I1/NDUFB9/UQCRC2/SLC25A6/COX7A2L,down,FALSE
WP_HISTONE_MODIFICATIONS,WP_HISTONE_MODIFICATIONS,WikiPathways,CD8,SF_vs_PB_CD8,0.842904384,0.256646812,0.715220206,0.82106884,35,9,EZH2/KMT2A/KMT2D/SETD1B/DOT1L/KMT2C/EED/KMT2B/EZH1,up,FALSE
WP_ESTROGEN_METABOLISM_WP697,WP_ESTROGEN_METABOLISM_WP697,WikiPathways,CD8,SF_vs_PB_CD8,0.799752358,0.388845079,0.718989609,0.82325496,6,5,ARSD/COMT/STS/NQO1/GSTM1,up,FALSE
WP_FOLATE_METABOLISM,WP_FOLATE_METABOLISM,WikiPathways,CD8,SF_vs_PB_CD8,0.843573261,0.250961363,0.719108248,0.82325496,39,9,CSF1/LDLR/MTHFD2/CCL2/MTHFD1/TNF/FOLR2/SERPINE1/IFNG,up,FALSE
WP_PHOTODYNAMIC_THERAPYINDUCED_NFKB_SURVIVAL_SIGNALING,WP_PHOTODYNAMIC_THERAPYINDUCED_NFKB_SURVIVAL_SIGNALING,WikiPathways,CD8,SF_vs_PB_CD8,0.823557189,0.276473649,0.72248292,0.824289273,23,13,CSF2/TNF/CFLAR/VCAM1/BIRC3/VEGFA/NFKB2/ICAM1/NFKB1/EGLN2/BIRC2/TNFRSF1A/RELB,up,FALSE
WP_LEPTININSULIN_SIGNALING_OVERLAP,WP_LEPTININSULIN_SIGNALING_OVERLAP,WikiPathways,CD8,SF_vs_PB_CD8,0.806995454,0.313769086,0.722883811,0.824289273,13,3,SOCS1/AKT1/PIK3CG,up,FALSE
WP_ANK2_PATHWAY_IN_EPILEPSY_DEVELOPMENT,WP_ANK2_PATHWAY_IN_EPILEPSY_DEVELOPMENT,WikiPathways,CD8,SF_vs_PB_CD8,0.809696495,0.298049765,0.724815031,0.824289273,16,2,L1CAM/CSNK2B,up,FALSE
WP_IRONSULFUR_CLUSTER_BIOGENESIS,WP_IRONSULFUR_CLUSTER_BIOGENESIS,WikiPathways,CD8,SF_vs_PB_CD8,-0.807526356,-0.293828536,0.724950346,0.824289273,14,6,FDX1/NFS1/ISCU/HSPA9/ABCB7/FXN,down,FALSE
WP_BETAGLOBIN_GENE_EXPRESSION_REGULATION,WP_BETAGLOBIN_GENE_EXPRESSION_REGULATION,WikiPathways,CD8,SF_vs_PB_CD8,0.805651468,0.307013153,0.724977313,0.824289273,14,2,ZBTB7A/CHD3,up,FALSE
WP_TRYPTOPHAN_CATABOLISM_LEADING_TO_NAD_PRODUCTION,WP_TRYPTOPHAN_CATABOLISM_LEADING_TO_NAD_PRODUCTION,WikiPathways,CD8,SF_vs_PB_CD8,0.797406386,0.344146104,0.727597581,0.826136788,9,3,NAMPT/KMO/KYNU,up,FALSE
WP_NPHP1_DELETION_SYNDROME,WP_NPHP1_DELETION_SYNDROME,WikiPathways,CD8,SF_vs_PB_CD8,0.796290692,0.343664591,0.728953638,0.826545791,9,6,MAPK3/MAPK1/PTK2B/NPHP4/FLNA/NPHP1,up,FALSE
WP_BLOOD_CLOTTING_CASCADE,WP_BLOOD_CLOTTING_CASCADE,WikiPathways,CD8,SF_vs_PB_CD8,0.787517918,0.404758815,0.732586008,0.829531224,5,2,SERPINE1/PLAU,up,FALSE
WP_REGULATION_OF_CYTOTOXIC_T_CELL_RESPONSES_BY_MALAT1_MIR1516_CIRCUIT,WP_REGULATION_OF_CYTOTOXIC_T_CELL_RESPONSES_BY_MALAT1_MIR1516_CIRCUIT,WikiPathways,CD8,SF_vs_PB_CD8,0.792825855,0.314942859,0.739194455,0.835434345,12,2,CD27/CD86,up,FALSE
WP_GLYCOSPHINGOLIPID_METABOLISM,WP_GLYCOSPHINGOLIPID_METABOLISM,WikiPathways,CD8,SF_vs_PB_CD8,-0.796807594,-0.289928381,0.739812342,0.835434345,14,2,B3GALT2/GALC,down,FALSE
WP_WNT_SIGNALING_IN_KIDNEY_DISEASE,WP_WNT_SIGNALING_IN_KIDNEY_DISEASE,WikiPathways,CD8,SF_vs_PB_CD8,0.799438446,0.289814599,0.743527465,0.838488854,17,2,RHOA/WNT10A,up,FALSE
WP_SARS_CORONAVIRUS_AND_INNATE_IMMUNITY,WP_SARS_CORONAVIRUS_AND_INNATE_IMMUNITY,WikiPathways,CD8,SF_vs_PB_CD8,0.790554331,0.296110409,0.74699713,0.84125864,15,5,IFIH1/IRF9/TRAF3/TYK2/TICAM1,up,FALSE
WP_CELLTYPE_DEPENDENT_SELECTIVITY_OF_CCK2R_SIGNALING,WP_CELLTYPE_DEPENDENT_SELECTIVITY_OF_CCK2R_SIGNALING,WikiPathways,CD8,SF_vs_PB_CD8,-0.771910368,-0.331509872,0.749549668,0.842506614,8,2,TRPC1/PLCB1,down,FALSE
WP_HEREDITARY_LEIOMYOMATOSIS_AND_RENAL_CELL_CARCINOMA_PATHWAY,WP_HEREDITARY_LEIOMYOMATOSIS_AND_RENAL_CELL_CARCINOMA_PATHWAY,WikiPathways,CD8,SF_vs_PB_CD8,0.798403418,0.281075477,0.750135407,0.842506614,19,8,LDHA/SLC2A1/ACACA/PRKAG1/VEGFA/KEAP1/CUL3/HIF1A,up,FALSE
WP_INTERACTOME_OF_POLYCOMB_REPRESSIVE_COMPLEX_2_PRC2,WP_INTERACTOME_OF_POLYCOMB_REPRESSIVE_COMPLEX_2_PRC2,WikiPathways,CD8,SF_vs_PB_CD8,0.788703633,0.29032228,0.752926842,0.844499026,16,6,TRIM35/EZH2/SUZ12/EED/EZH1/ELL,up,FALSE
WP_IRINOTECAN_PATHWAY,WP_IRINOTECAN_PATHWAY,WikiPathways,CD8,SF_vs_PB_CD8,-0.756265059,-0.376282063,0.757604118,0.847523698,5,3,CYP3A5/ABCG2/CES1,down,FALSE
WP_GPR143_IN_MELANOCYTES_AND_RETINAL_PIGMENT_EPITHELIUM_CELLS,WP_GPR143_IN_MELANOCYTES_AND_RETINAL_PIGMENT_EPITHELIUM_CELLS,WikiPathways,CD8,SF_vs_PB_CD8,0.793259378,0.279264533,0.757665764,0.847523698,19,4,GNA15/GNAS/PRKACA/ITPR1,up,FALSE
WP_THYMIC_STROMAL_LYMPHOPOIETIN_TSLP_SIGNALING,WP_THYMIC_STROMAL_LYMPHOPOIETIN_TSLP_SIGNALING,WikiPathways,CD8,SF_vs_PB_CD8,0.819734673,0.242517731,0.760257093,0.849277776,40,6,EIF4EBP1/MAPK3/MAP2K2/AKT1/TNFSF4/MAPK1,up,FALSE
WP_BIOTIN_METABOLISM_INCLUDING_IMDS,WP_BIOTIN_METABOLISM_INCLUDING_IMDS,WikiPathways,CD8,SF_vs_PB_CD8,-0.760504697,-0.314808152,0.768885367,0.856876409,9,4,MCCC2/PCCB/MCCC1/BTD,down,FALSE
WP_TRANSCRIPTION_FACTOR_REGULATION_IN_ADIPOGENESIS,WP_TRANSCRIPTION_FACTOR_REGULATION_IN_ADIPOGENESIS,WikiPathways,CD8,SF_vs_PB_CD8,0.773237813,0.294661139,0.769124006,0.856876409,14,5,RXRA/PCK2/FOXO1/PPARG/TNF,up,FALSE
WP_AGERELATED_MACULAR_DEGENERATION,WP_AGERELATED_MACULAR_DEGENERATION,WikiPathways,CD8,SF_vs_PB_CD8,0.76912455,0.293093679,0.773910568,0.860482304,14,3,MAPK3/PRKAG1/PRKAB2,up,FALSE
WP_TRANSCRIPTIONAL_ACTIVATION_BY_NRF2_IN_RESPONSE_TO_PHYTOCHEMICALS,WP_TRANSCRIPTIONAL_ACTIVATION_BY_NRF2_IN_RESPONSE_TO_PHYTOCHEMICALS,WikiPathways,CD8,SF_vs_PB_CD8,0.768472771,0.298791025,0.774434074,0.860482304,13,8,KEAP1/PIK3CA/NQO1/CEBPB/HMOX1/GCLM/MAPK8/SLC7A11,up,FALSE
WP_NITRIC_OXIDE_METABOLISM_IN_CYSTIC_FIBROSIS,WP_NITRIC_OXIDE_METABOLISM_IN_CYSTIC_FIBROSIS,WikiPathways,CD8,SF_vs_PB_CD8,-0.749926847,-0.310429489,0.781321535,0.866942647,9,6,NOS3/PRMT2/PRMT1/PRMT7/PRMT3/PRMT5,down,FALSE
WP_MELATONIN_METABOLISM_AND_EFFECTS,WP_MELATONIN_METABOLISM_AND_EFFECTS,WikiPathways,CD8,SF_vs_PB_CD8,0.778956065,0.267598466,0.7823374,0.866942647,21,4,ECE1/FOXO1/IRAK1/CSNK1E,up,FALSE
WP_MITOCHONDRIAL_FATTY_ACID_SYNTHESIS_PATHWAY,WP_MITOCHONDRIAL_FATTY_ACID_SYNTHESIS_PATHWAY,WikiPathways,CD8,SF_vs_PB_CD8,-0.733427736,-0.364919281,0.784149402,0.867061028,5,3,MECR/OXSM/HSD17B12,down,FALSE
WP_CANONICAL_AND_NONCANONICAL_TGFB_SIGNALING,WP_CANONICAL_AND_NONCANONICAL_TGFB_SIGNALING,WikiPathways,CD8,SF_vs_PB_CD8,0.761414772,0.29015568,0.784533533,0.867061028,14,8,BMPR2/TGFB1/TGFBR2/MAPK9/LOXL1/BMP1/MAPK8/SMAD4,up,FALSE
WP_HLAC_ALLOTYPES_INTERACTIONS_WITH_KIR_ON_DNK_CELLS,WP_HLAC_ALLOTYPES_INTERACTIONS_WITH_KIR_ON_DNK_CELLS,WikiPathways,CD8,SF_vs_PB_CD8,0.774143665,0.269178808,0.785913529,0.867431155,20,5,RAC1/ITPR1/CSF2/TNF/IFNG,up,FALSE
WP_NANOPARTICLE_TRIGGERED_AUTOPHAGIC_CELL_DEATH,WP_NANOPARTICLE_TRIGGERED_AUTOPHAGIC_CELL_DEATH,WikiPathways,CD8,SF_vs_PB_CD8,0.775169305,0.266297582,0.788020996,0.868013634,21,9,SH3GLB1/VMP1/ULK1/TSC2/ATG7/TSC1/ATG16L1/MAP1LC3A/CHAF1A,up,FALSE
WP_MITOCHONDRIAL_LONG_CHAIN_FATTY_ACID_BETAOXIDATION,WP_MITOCHONDRIAL_LONG_CHAIN_FATTY_ACID_BETAOXIDATION,WikiPathways,CD8,SF_vs_PB_CD8,-0.766125976,-0.26830084,0.788729796,0.868013634,16,9,ACADS/PECR/HADHA/CPT2/HADH/ACADVL/ACADM/CPT1A/SLC25A20,down,FALSE
WP_KIT_RECEPTOR_SIGNALING,WP_KIT_RECEPTOR_SIGNALING,WikiPathways,CD8,SF_vs_PB_CD8,0.811110467,0.228434154,0.789578667,0.868013634,51,11,SOCS1/HRAS/MAPK3/MAP2K2/BAD/AKT1/MAPK1/GRB10/EP300/GAB2/CRK,up,FALSE
WP_ANGIOTENSIN_II_RECEPTOR_TYPE_1_PATHWAY,WP_ANGIOTENSIN_II_RECEPTOR_TYPE_1_PATHWAY,WikiPathways,CD8,SF_vs_PB_CD8,0.763881018,0.272805007,0.793047228,0.870589362,18,4,RRAS/JUND/MAPK1/SP1,up,FALSE
WP_DNAJB1PRKACA_FUSION_IN_FIBROLAMELLAR_LIVER_CANCER,WP_DNAJB1PRKACA_FUSION_IN_FIBROLAMELLAR_LIVER_CANCER,WikiPathways,CD8,SF_vs_PB_CD8,0.747314154,0.303975157,0.794019454,0.870589362,11,3,GNAS/PRKACA/SIK3,up,FALSE
WP_ENDOPLASMIC_RETICULUM_STRESS_RESPONSE_IN_CORONAVIRUS_INFECTION,WP_ENDOPLASMIC_RETICULUM_STRESS_RESPONSE_IN_CORONAVIRUS_INFECTION,WikiPathways,CD8,SF_vs_PB_CD8,-0.803728589,-0.226784535,0.798784722,0.873363475,37,4,PPP1CC/XBP1/HSPA5/ERN1,down,FALSE
WP_WNT_SIGNALING_NETPATH,WP_WNT_SIGNALING_NETPATH,WikiPathways,CD8,SF_vs_PB_CD8,0.797445043,0.233621407,0.799220111,0.873363475,42,14,CSNK1G1/RAC1/RHOA/AKT1/MAPK1/GSK3A/PPARG/CSNK1E/DVL3/CDK6/PI4K2A/TSC2/TSC1/NLK,up,FALSE
WP_THIAMINE_METABOLIC_PATHWAYS,WP_THIAMINE_METABOLIC_PATHWAYS,WikiPathways,CD8,SF_vs_PB_CD8,0.733723582,0.327403092,0.799706314,0.873363475,8,4,BCKDK/OGDH/SLC25A19/BCKDHA,up,FALSE
WP_NEURAL_CREST_DIFFERENTIATION,WP_NEURAL_CREST_DIFFERENTIATION,WikiPathways,CD8,SF_vs_PB_CD8,0.797105723,0.230033463,0.802354297,0.875103898,45,6,NOTCH1/RBPJ/RHOB/ITGB1/HDAC10/NOTCH2,up,FALSE
WP_HINT1_PATHWAY,WP_HINT1_PATHWAY,WikiPathways,CD8,SF_vs_PB_CD8,0.765193048,0.259740615,0.80343211,0.875129464,22,2,JUN/USF2,up,FALSE
WP_INTERLEUKIN1_INDUCED_ACTIVATION_OF_NFKB,WP_INTERLEUKIN1_INDUCED_ACTIVATION_OF_NFKB,WikiPathways,CD8,SF_vs_PB_CD8,0.72929493,0.325426933,0.804845815,0.875520349,8,5,IRAK1/SQSTM1/UBE2N/NFKB1/PRKCZ,up,FALSE
WP_CIRCADIAN_RHYTHM_GENES,WP_CIRCADIAN_RHYTHM_GENES,WikiPathways,CD8,SF_vs_PB_CD8,-0.862814209,-0.192727978,0.809337709,0.879254317,123,12,CUL1/PPP1CC/CPT1A/TP53/PROK2/RPS27A/RORA/UBA52/NR1D1/SIK1/RORC/NRIP1,down,FALSE
WP_FOXA2_PATHWAY,WP_FOXA2_PATHWAY,WikiPathways,CD8,SF_vs_PB_CD8,0.73018524,0.305706108,0.812492026,0.881527296,10,3,FASN/FOXO1/ACACA,up,FALSE
WP_DOPAMINERGIC_NEUROGENESIS,WP_DOPAMINERGIC_NEUROGENESIS,WikiPathways,CD8,SF_vs_PB_CD8,-0.70524469,-0.350896718,0.815310333,0.881960159,5,3,CDKN1C/WNT1/NR4A2,down,FALSE
WP_NEURODEGENERATION_WITH_BRAIN_IRON_ACCUMULATION_NBIA_SUBTYPES_PATHWAY,WP_NEURODEGENERATION_WITH_BRAIN_IRON_ACCUMULATION_NBIA_SUBTYPES_PATHWAY,WikiPathways,CD8,SF_vs_PB_CD8,0.786233036,0.230336711,0.815780304,0.881960159,42,13,WIPI1/ACACA/RHEB/ATP13A2/GTPBP2/ULK1/RB1CC1/STK11/TSC2/ATG7/TSC1/ATG16L1/WIPI2,up,FALSE
WP_MODULATORS_OF_TCR_SIGNALING_AND_T_CELL_ACTIVATION,WP_MODULATORS_OF_TCR_SIGNALING_AND_T_CELL_ACTIVATION,WikiPathways,CD8,SF_vs_PB_CD8,0.800171934,0.21981356,0.816078798,0.881960159,58,7,SOCS1/GNA13/CD8A/MAP4K1/MEF2D/FIBP/AKT1,up,FALSE
WP_TESSADORIBICKNELLVAN_HAAFTEN_SYNDROME_3_OVERVIEW_PATHWAY,WP_TESSADORIBICKNELLVAN_HAAFTEN_SYNDROME_3_OVERVIEW_PATHWAY,WikiPathways,CD8,SF_vs_PB_CD8,-0.706613805,-0.332024557,0.817262931,0.88209133,6,5,TAF13/MED23/TAF2/TAF8/TBP,down,FALSE
WP_16P122_COPY_NUMBER_VARIATION_SYNDROME_520KB,WP_16P122_COPY_NUMBER_VARIATION_SYNDROME_520KB,WikiPathways,CD8,SF_vs_PB_CD8,0.783748584,0.225207887,0.824139293,0.887713341,46,11,MAPK11/CDK1/MAPK3/MAP2K2/CALM2/CDK2/MAPK1/PRKAG1/NDUFA9/PRKAB2/MAPK12,up,FALSE
WP_FACTORS_AND_PATHWAYS_AFFECTING_INSULINLIKE_GROWTH_FACTOR_IGF1AKT_SIGNALING,WP_FACTORS_AND_PATHWAYS_AFFECTING_INSULINLIKE_GROWTH_FACTOR_IGF1AKT_SIGNALING,WikiPathways,CD8,SF_vs_PB_CD8,-0.776059434,-0.228246765,0.824610826,0.887713341,31,11,RPS6KB1/MLST8/GSK3B/WASL/FBXO32/NEB/SMAD3/RPTOR/DEPTOR/IGF1R/PLD1,down,FALSE
WP_3Q29_COPY_NUMBER_VARIATION_SYNDROME,WP_3Q29_COPY_NUMBER_VARIATION_SYNDROME,WikiPathways,CD8,SF_vs_PB_CD8,0.786110558,0.223101247,0.826565546,0.888233511,49,25,DYNLL1/JUN/DYNLRB1/DYNC2H1/FBXO45/CASP7/PCYT1A/TFRC/DYNLT1/DYNLT3/CEP350/NF2/TGFB1/HIF1A/HAMP/PIGZ/UBE2N/MAD2L1BP/PIGX/SENP5/MYCBP2/DLG1/PIK3R3/DYNLRB2/RABL2B,up,FALSE
WP_IL5_SIGNALING,WP_IL5_SIGNALING,WikiPathways,CD8,SF_vs_PB_CD8,0.770485329,0.231717243,0.827234342,0.888233511,37,7,JUN/MAPK3/MAP2K2/KRAS/AKT1/MAPK1/GSK3A,up,FALSE
WP_SLC25A46_PATHWAY,WP_SLC25A46_PATHWAY,WikiPathways,CD8,SF_vs_PB_CD8,0.737159504,0.259514745,0.829282782,0.889184634,19,9,EMC3/EMC7/IMMT/DNM1L/SLC25A46/APOO/OPA1/EMC6/MFN2,up,FALSE
WP_RUBINSTEINTAYBI_SYNDROME_1,WP_RUBINSTEINTAYBI_SYNDROME_1,WikiPathways,CD8,SF_vs_PB_CD8,-0.720378572,-0.274053107,0.830884842,0.889184634,12,5,CREB1/IRF2/POLR1E/DDX21/FBL,down,FALSE
WP_GLUCURONIDATION,WP_GLUCURONIDATION,WikiPathways,CD8,SF_vs_PB_CD8,0.699623648,0.340161814,0.831334067,0.889184634,6,1,PGM1,up,FALSE
WP_MITOCHONDRIAL_FATTY_ACID_OXIDATION_DISORDERS,WP_MITOCHONDRIAL_FATTY_ACID_OXIDATION_DISORDERS,WikiPathways,CD8,SF_vs_PB_CD8,-0.735842363,-0.249398811,0.835242086,0.891848934,18,10,ACADS/PECR/SLC22A5/HADHA/CPT2/HADH/ACADVL/ACADM/CPT1A/SLC25A20,down,FALSE
WP_TRANSCRIPTIONAL_REGULATION_OF_MEMORY_B_CELL_DIFFERENTIATION,WP_TRANSCRIPTIONAL_REGULATION_OF_MEMORY_B_CELL_DIFFERENTIATION,WikiPathways,CD8,SF_vs_PB_CD8,0.765041554,0.228738737,0.835974061,0.891848934,38,9,CDKN1A/CDKN2A/IL4R/EZH2/BCL6/CCND2/E2F1/SPI1/ICOSLG,up,FALSE
WP_10Q1121Q1123_COPY_NUMBER_VARIATION_SYNDROME,WP_10Q1121Q1123_COPY_NUMBER_VARIATION_SYNDROME,WikiPathways,CD8,SF_vs_PB_CD8,0.765418738,0.225365238,0.841045173,0.896107181,41,9,MYO1C/JUND/PCNA/RIF1/UVSSA/DEK/NLRP3/ELK1/BAZ1B,up,FALSE
WP_BASE_EXCISION_REPAIR,WP_BASE_EXCISION_REPAIR,WikiPathways,CD8,SF_vs_PB_CD8,0.750941086,0.235059955,0.843790905,0.897880066,31,11,NEIL3/HMGB1/POLE/PCNA/FEN1/POLD3/MPG/POLE2/POLD1/LIG1/OGG1,up,FALSE
WP_MAMMARY_GLAND_DEVELOPMENT_PREGNANCY_AND_LACTATION_STAGE_3_OF_4,WP_MAMMARY_GLAND_DEVELOPMENT_PREGNANCY_AND_LACTATION_STAGE_3_OF_4,WikiPathways,CD8,SF_vs_PB_CD8,0.73731218,0.240444889,0.847798483,0.900856171,26,8,USF2/ERBB3/DLGAP4/TPM3/NR3C1/CAV1/TTC9/CEBPB,up,FALSE
WP_BIOMARKERS_FOR_UREA_CYCLE_DISORDERS,WP_BIOMARKERS_FOR_UREA_CYCLE_DISORDERS,WikiPathways,CD8,SF_vs_PB_CD8,0.683038341,0.332097924,0.848758465,0.900856171,6,2,ASL/NAGS,up,FALSE
WP_CONGENITAL_GENERALIZED_LIPODYSTROPHY,WP_CONGENITAL_GENERALIZED_LIPODYSTROPHY,WikiPathways,CD8,SF_vs_PB_CD8,0.704909663,0.27407696,0.850999535,0.902081244,13,5,AGPAT2/CAV1/PIK3CA/HIF1A/DGAT1,up,FALSE
WP_SELENIUM_METABOLISM_AND_SELENOPROTEINS,WP_SELENIUM_METABOLISM_AND_SELENOPROTEINS,WikiPathways,CD8,SF_vs_PB_CD8,0.730262252,0.240374187,0.853619921,0.903704763,25,6,JUN/TRNAU1AP/MSRB1/SP1/SEPHS1/CREM,up,FALSE
WP_SOX_GENES_AND_THEIR_INFLUENCE_ON_NEUROGENESIS_AND_NEURODEVELOPMENTAL_DISORDERS,WP_SOX_GENES_AND_THEIR_INFLUENCE_ON_NEUROGENESIS_AND_NEURODEVELOPMENTAL_DISORDERS,WikiPathways,CD8,SF_vs_PB_CD8,0.674286036,0.327842494,0.856687126,0.905796579,6,3,POU3F1/SRRT/SOX12,up,FALSE
WP_NCRNAS_INVOLVED_IN_STAT3_SIGNALING_IN_HEPATOCELLULAR_CARCINOMA,WP_NCRNAS_INVOLVED_IN_STAT3_SIGNALING_IN_HEPATOCELLULAR_CARCINOMA,WikiPathways,CD8,SF_vs_PB_CD8,-0.687575533,-0.268579197,0.86119895,0.906539997,11,4,IL6R/IL6ST/SOX4/JAK1,down,FALSE
WP_HEMESYNTHESIS_DEFECTS_AND_PORPHYRIAS,WP_HEMESYNTHESIS_DEFECTS_AND_PORPHYRIAS,WikiPathways,CD8,SF_vs_PB_CD8,0.676648038,0.301934769,0.861398678,0.906539997,8,3,PPOX/FECH/CPOX,up,FALSE
WP_HEME_BIOSYNTHESIS,WP_HEME_BIOSYNTHESIS,WikiPathways,CD8,SF_vs_PB_CD8,0.676648038,0.301934769,0.861398678,0.906539997,8,3,PPOX/FECH/CPOX,up,FALSE
WP_HALLMARK_OF_CANCER_METASTASIS_AND_EPITHELIALTOMESENCHYMAL_TRANSITION,WP_HALLMARK_OF_CANCER_METASTASIS_AND_EPITHELIALTOMESENCHYMAL_TRANSITION,WikiPathways,CD8,SF_vs_PB_CD8,0.696424642,0.265389605,0.861759106,0.906539997,14,5,EZH2/SUZ12/ZEB1/KLF8/TGFB1,up,FALSE
WP_BARDETBIEDL_SYNDROME,WP_BARDETBIEDL_SYNDROME,WikiPathways,CD8,SF_vs_PB_CD8,0.775735571,0.207596929,0.865821574,0.907985026,67,23,ARL3/BBS12/DYNC2H1/BBS7/EVC/IFT81/INPP5E/WDR35/ARL13B/NPHP3/MAK/CEP104/RP2/FLCN/FUZ/PKD1/ARL6/IFT122/BBS4/SCLT1/USP9X/TMEM67/PKD2,up,FALSE
WP_DEREGULATION_OF_RAB_AND_RAB_EFFECTOR_GENES_IN_BLADDER_CANCER,WP_DEREGULATION_OF_RAB_AND_RAB_EFFECTOR_GENES_IN_BLADDER_CANCER,WikiPathways,CD8,SF_vs_PB_CD8,-0.681874709,-0.266352354,0.866424454,0.907985026,11,5,SYTL1/SYTL2/EXPH5/RPH3AL/GCC2,down,FALSE
WP_MAMMARY_GLAND_DEVELOPMENT_EMBRYONIC_DEVELOPMENT_STAGE_1_OF_4,WP_MAMMARY_GLAND_DEVELOPMENT_EMBRYONIC_DEVELOPMENT_STAGE_1_OF_4,WikiPathways,CD8,SF_vs_PB_CD8,-0.674875304,-0.279362176,0.866481775,0.907985026,9,3,ZEB2/ITGA6/MYC,down,FALSE
WP_ATR_SIGNALING,WP_ATR_SIGNALING,WikiPathways,CD8,SF_vs_PB_CD8,-0.676532742,-0.271498435,0.867508585,0.907985026,10,2,ATR/RPA2,down,FALSE
WP_HIPPOYAP_SIGNALING,WP_HIPPOYAP_SIGNALING,WikiPathways,CD8,SF_vs_PB_CD8,-0.699162004,-0.240566539,0.871483154,0.910379206,17,5,MST1/RASSF1/SAV1/TNIK/LATS2,down,FALSE
WP_CANONICAL_NFKB_PATHWAY,WP_CANONICAL_NFKB_PATHWAY,WikiPathways,CD8,SF_vs_PB_CD8,0.665394489,0.296913195,0.871989721,0.910379206,8,6,IKBKG/NFKB1/NFKBIE/IKBKB/CHUK/RELA,up,FALSE
WP_NUCLEOSOME_REMODELING_COMPLEX,WP_NUCLEOSOME_REMODELING_COMPLEX,WikiPathways,CD8,SF_vs_PB_CD8,0.691715438,0.247032496,0.876792539,0.912354697,18,8,PCNA/CHAF1B/ASF1B/MCM2/NASP/HAT1/CHAF1A/ASF1A,up,FALSE
WP_RNAPOLYMERASE_II_TRANSCRIPTION_THE_PREINITIATION_COMPLEX,WP_RNAPOLYMERASE_II_TRANSCRIPTION_THE_PREINITIATION_COMPLEX,WikiPathways,CD8,SF_vs_PB_CD8,-0.790226859,-0.19523442,0.877043221,0.912354697,69,8,TAF3/MED28/POLR2C/POLR2M/POLR2H/CCNC/THRA/MED30,down,FALSE
WP_UREA_CYCLE_AND_ASSOCIATED_PATHWAYS,WP_UREA_CYCLE_AND_ASSOCIATED_PATHWAYS,WikiPathways,CD8,SF_vs_PB_CD8,-0.694127956,-0.238834432,0.877179576,0.912354697,17,6,NOS3/ALDH4A1/GOT2/GLS2/OAT/LDHB,down,FALSE
WP_TRANSCRIPTIONAL_CASCADE_REGULATING_ADIPOGENESIS,WP_TRANSCRIPTIONAL_CASCADE_REGULATING_ADIPOGENESIS,WikiPathways,CD8,SF_vs_PB_CD8,0.658110452,0.28402851,0.882517867,0.916063968,9,5,PPARG/EGR2/CEBPG/CEBPB/DDIT3,up,FALSE
WP_SLEEP_REGULATION,WP_SLEEP_REGULATION,WikiPathways,CD8,SF_vs_PB_CD8,-0.679106503,-0.247101371,0.882953222,0.916063968,14,9,FOS/PER3/PTGDS/BTBD9/ADA/CACNA1I/OXT/AHCY/PTGDR,down,FALSE
WP_ACTIVATION_OF_NLRP3_INFLAMMASOME_BY_SARSCOV2,WP_ACTIVATION_OF_NLRP3_INFLAMMASOME_BY_SARSCOV2,WikiPathways,CD8,SF_vs_PB_CD8,0.644744741,0.313479313,0.884540044,0.91656459,6,5,TRAF3/NLRP3/NFKB1/PYCARD/RELA,up,FALSE
WP_CHOLESTEROL_BIOSYNTHESIS_WITH_SKELETAL_DYSPLASIAS,WP_CHOLESTEROL_BIOSYNTHESIS_WITH_SKELETAL_DYSPLASIAS,WikiPathways,CD8,SF_vs_PB_CD8,0.641004132,0.297402414,0.889978496,0.919990876,7,2,DHCR24/EBP,up,FALSE
WP_DRAVET_SYNDROME,WP_DRAVET_SYNDROME,WikiPathways,CD8,SF_vs_PB_CD8,0.67814829,0.242187257,0.890063462,0.919990876,18,7,MAPK11/AKT1/TNF/SNTA1/PIK3CA/KCNA2/NFKB1,up,FALSE
WP_LEPTIN_AND_ADIPONECTIN,WP_LEPTIN_AND_ADIPONECTIN,WikiPathways,CD8,SF_vs_PB_CD8,0.640436273,0.285776308,0.893961087,0.922870276,8,2,ACACA/PRKAG1,up,FALSE
WP_P38_MAPK_SIGNALING,WP_P38_MAPK_SIGNALING,WikiPathways,CD8,SF_vs_PB_CD8,0.705838672,0.220941975,0.895265618,0.923068898,31,9,RAC1/HRAS/MAPKAPK2/MEF2D/MAP3K9/TRAF2/ELK1/MAP2K4/RIPK1,up,FALSE
WP_AUTOPHAGY,WP_AUTOPHAGY,WikiPathways,CD8,SF_vs_PB_CD8,0.691742208,0.22331718,0.898956073,0.925723996,27,8,ATG9A/PRKAG1/ULK1/RB1CC1/PRKAB2/ATG7/ATG16L1/WIPI2,up,FALSE
WP_DEGRADATION_PATHWAY_OF_SPHINGOLIPIDS_INCLUDING_DISEASES,WP_DEGRADATION_PATHWAY_OF_SPHINGOLIPIDS_INCLUDING_DISEASES,WikiPathways,CD8,SF_vs_PB_CD8,-0.659591472,-0.240000584,0.901148323,0.926831609,14,3,NPC1/NEU3/GALC,down,FALSE
WP_GLYCOSYLPHOSPHATIDYL_INOSITOL_ANCHOR_PATHWAY,WP_GLYCOSYLPHOSPHATIDYL_INOSITOL_ANCHOR_PATHWAY,WikiPathways,CD8,SF_vs_PB_CD8,-0.696700268,-0.216360291,0.902441935,0.926945589,25,8,PGAP2/DPM2/PIGH/PGAP3/PIGK/PIGC/PIGV/PIGP,down,FALSE
WP_INTERFERONMEDIATED_SIGNALING,WP_INTERFERONMEDIATED_SIGNALING,WikiPathways,CD8,SF_vs_PB_CD8,0.658869849,0.238855289,0.904201207,0.926945589,17,6,IRF9/IFNG/IL10RB/PIK3CA/IFNLR1/TYK2,up,FALSE
WP_EFFECT_OF_PROGERIN_ON_GENES_INVOLVED_IN_PROGERIA,WP_EFFECT_OF_PROGERIN_ON_GENES_INVOLVED_IN_PROGERIA,WikiPathways,CD8,SF_vs_PB_CD8,-0.682652012,-0.219182061,0.904609551,0.926945589,22,8,RB1/MTA2/RBBP4/MTA3/HDAC1/LEF1/CBX1/TP53,down,FALSE
WP_GLYCEROLIPIDS_AND_GLYCEROPHOSPHOLIPIDS,WP_GLYCEROLIPIDS_AND_GLYCEROPHOSPHOLIPIDS,WikiPathways,CD8,SF_vs_PB_CD8,-0.65977836,-0.227015478,0.910732893,0.932069422,17,2,PTDSS1/PLD1,down,FALSE
WP_NODLIKE_RECEPTOR_NLR_SIGNALING,WP_NODLIKE_RECEPTOR_NLR_SIGNALING,WikiPathways,CD8,SF_vs_PB_CD8,-0.613503422,-0.274558359,0.91237326,0.932598283,7,2,MAP3K7/CD40,down,FALSE
WP_ARSENIC_METABOLISM_AND_REACTIVE_OXYGEN_SPECIES_GENERATION,WP_ARSENIC_METABOLISM_AND_REACTIVE_OXYGEN_SPECIES_GENERATION,WikiPathways,CD8,SF_vs_PB_CD8,0.626943107,0.262481801,0.91353637,0.932638606,10,4,VDAC1/GSTO1/SOD1/COA3,up,FALSE
WP_TRYPTOPHAN_METABOLISM,WP_TRYPTOPHAN_METABOLISM,WikiPathways,CD8,SF_vs_PB_CD8,0.622903477,0.229291143,0.930550405,0.948841322,16,5,AHR/ALDH2/ASMT/KMO/KYNU,up,FALSE
WP_DISORDERS_IN_KETOLYSIS,WP_DISORDERS_IN_KETOLYSIS,WikiPathways,CD8,SF_vs_PB_CD8,-0.574789579,-0.285988366,0.933828221,0.951015244,5,3,ACAT1/OXCT1/BDH1,down,FALSE
WP_IRON_METABOLISM_IN_PLACENTA,WP_IRON_METABOLISM_IN_PLACENTA,WikiPathways,CD8,SF_vs_PB_CD8,-0.592609582,-0.24530858,0.93594823,0.952006166,9,2,ACO1/SLC40A1,down,FALSE
WP_MITOCHONDRIAL_COMPLEX_I_ASSEMBLY_MODEL_OXPHOS_SYSTEM,WP_MITOCHONDRIAL_COMPLEX_I_ASSEMBLY_MODEL_OXPHOS_SYSTEM,WikiPathways,CD8,SF_vs_PB_CD8,0.693668701,0.19457323,0.938971272,0.953912063,52,5,NDUFA6/NDUFA13/NDUFS5/NDUFB2/NDUFS6,up,FALSE
WP_TESSADORIBICKNELLVAN_HAAFTEN_SYNDROME_VARIANTS_NUCLEOSOME_ASSEMBLY,WP_TESSADORIBICKNELLVAN_HAAFTEN_SYNDROME_VARIANTS_NUCLEOSOME_ASSEMBLY,WikiPathways,CD8,SF_vs_PB_CD8,-0.563901578,-0.264966762,0.945409483,0.959278571,6,2,RBBP4/ATRX,down,FALSE
WP_1Q211_COPY_NUMBER_VARIATION_SYNDROME,WP_1Q211_COPY_NUMBER_VARIATION_SYNDROME,WikiPathways,CD8,SF_vs_PB_CD8,0.576478386,0.212202039,0.958203104,0.970460175,16,4,NBPF12/PRKAG1/F11R/PRKAB2,up,FALSE
WP_TRANSCRIPTION_ACTIVATION_RNAPOLYMERASE_I_AND_KAT2AB_AND_INHIBITION_NURD_COMPLEX,WP_TRANSCRIPTION_ACTIVATION_RNAPOLYMERASE_I_AND_KAT2AB_AND_INHIBITION_NURD_COMPLEX,WikiPathways,CD8,SF_vs_PB_CD8,0.641080136,0.19167568,0.958767883,0.970460175,38,7,MBD2/MAPK3/CHD3/EP300/CHD4/KAT2B/ASF1B,up,FALSE
WP_HYPOTHESIZED_PATHWAYS_IN_PATHOGENESIS_OF_CARDIOVASCULAR_DISEASE,WP_HYPOTHESIZED_PATHWAYS_IN_PATHOGENESIS_OF_CARDIOVASCULAR_DISEASE,WikiPathways,CD8,SF_vs_PB_CD8,0.568924458,0.206248041,0.963056832,0.971795291,17,8,MAPK3/MAPK1/SERPINE1/ENG/TGFBR2/NR2C2/FLNA/MAPK8,up,FALSE
WP_GANGLIO_SERIES_SPHINGOLIPID_METABOLISM,WP_GANGLIO_SERIES_SPHINGOLIPID_METABOLISM,WikiPathways,CD8,SF_vs_PB_CD8,0.548470779,0.223094251,0.96374497,0.971795291,11,2,B4GALNT1/ST8SIA1,up,FALSE
WP_SARSCOV2_B117_VARIANT_ANTAGONISES_INNATE_IMMUNE_ACTIVATION,WP_SARSCOV2_B117_VARIANT_ANTAGONISES_INNATE_IMMUNE_ACTIVATION,WikiPathways,CD8,SF_vs_PB_CD8,0.528583127,0.25700074,0.96516986,0.971795291,6,1,TRAF3,up,FALSE
WP_DISORDERS_OF_FOLATE_METABOLISM_AND_TRANSPORT,WP_DISORDERS_OF_FOLATE_METABOLISM_AND_TRANSPORT,WikiPathways,CD8,SF_vs_PB_CD8,-0.566416849,-0.202163291,0.966089632,0.971795291,15,3,QDPR/MTHFD2L/ATIC,down,FALSE
WP_AMINO_ACID_METABOLISM,WP_AMINO_ACID_METABOLISM,WikiPathways,CD8,SF_vs_PB_CD8,0.658852831,0.182252737,0.966142038,0.971795291,56,16,PKM/GLUD1/LDHA/FAH/GLUL/EHHADH/IDH1/P4HA2/ODC1/SDS/BCAT1/ACLY/GSS/SMS/OGDH/GLS,up,FALSE
WP_NAD_BIOSYNTHESIS_II_FROM_TRYPTOPHAN,WP_NAD_BIOSYNTHESIS_II_FROM_TRYPTOPHAN,WikiPathways,CD8,SF_vs_PB_CD8,-0.525788016,-0.247057915,0.967866379,0.971795291,6,2,QPRT/NMNAT1,down,FALSE
WP_KENNEDY_PATHWAY_FROM_SPHINGOLIPIDS,WP_KENNEDY_PATHWAY_FROM_SPHINGOLIPIDS,WikiPathways,CD8,SF_vs_PB_CD8,-0.554162253,-0.206021834,0.968282778,0.971795291,13,2,PTDSS1/CEPT1,down,FALSE
WP_PRADERWILLI_AND_ANGELMAN_SYNDROME,WP_PRADERWILLI_AND_ANGELMAN_SYNDROME,WikiPathways,CD8,SF_vs_PB_CD8,-0.662894342,-0.163775492,0.983815807,0.986192174,69,15,MDM4/RB1/NUP155/NUP133/AAAS/CDK4/OXT/POMC/RNF8/SNURF/NUP88/SNRPN/KISS1/TP53/FEZ1,down,FALSE
WP_FATTY_ACID_BIOSYNTHESIS,WP_FATTY_ACID_BIOSYNTHESIS,WikiPathways,CD8,SF_vs_PB_CD8,0.449465464,0.154407,0.996871415,0.998073914,21,7,FASN/ACACA/ACSL1/ACLY/ACSL4/SCD/ACACB,up,FALSE
WP_TCA_CYCLE_AND_DEFICIENCY_OF_PYRUVATE_DEHYDROGENASE_COMPLEX_PDHC,WP_TCA_CYCLE_AND_DEFICIENCY_OF_PYRUVATE_DEHYDROGENASE_COMPLEX_PDHC,WikiPathways,CD8,SF_vs_PB_CD8,0.380653794,0.142577868,0.999450803,0.999450803,15,4,IDH1/ACLY/OGDH/CS,up,FALSE
