pathway_id,pathway_name,database,population,contrast,nes,enrichment_score,pvalue,padj,set_size,leading_edge_size,core_enrichment,direction,is_pooled_alias
REACTOME_EUKARYOTIC_TRANSLATION_ELONGATION,REACTOME_EUKARYOTIC_TRANSLATION_ELONGATION,Reactome,Treg,SF_vs_PB_Treg,-3.3885622,-0.803100388,7.14825944e-33,1.1329991199999999e-29,92,80,RPL28/RPL23/RPL10/RPL35/RPL41/RPS9/RPLP1/RPS10/RPS11/RPL36A/RPL24/RPS17/RPS16/RPS19/RPL14/RPL17/RPL15/RPS27A/RPS14/RPL7A/RPS25/RPS15/EEF1A1/RPS29/RPL34/EEF1G/RPL35A/RPL19/RPL18A/RPL26/RPS24/RPL6/RPL12/UBA52/RPL11/RPL8/RPS20/RPL18/RPSA/RPS4X/RPL30/RPL38/RPS7/RPL32/RPL36/RPS27/RPL10A/RPL13/RPS28/RPL9/RPL27A/RPL27/RPL23A/RPL21/RPL37A/RPS15A/RPS12/RPL39/RPL31/RPS2/RPL29/RPS3/RPS5/RPS21/RPL5/RPL13A/RPS8/RPS23/RPL3/RPS18/RPS6/RPS13/RPL4/RPL37/RPL22/EEF1B2/EEF2/RPLP2/RPS3A/RPL7,down,FALSE
REACTOME_EUKARYOTIC_TRANSLATION_INITIATION,REACTOME_EUKARYOTIC_TRANSLATION_INITIATION,Reactome,Treg,SF_vs_PB_Treg,-3.24532406,-0.738512478,1.87203765e-30,1.48358984e-27,118,86,RPL35/RPL41/RPS9/EIF3A/EIF4A2/RPLP1/RPS10/RPS11/RPL36A/RPL24/RPS17/RPS16/EIF3K/EIF3G/RPS19/RPL14/EIF3M/RPL17/RPL15/EIF3D/RPS27A/RPS14/RPL7A/RPS25/RPS15/RPS29/RPL34/RPL35A/RPL19/RPL18A/RPL26/RPS24/RPL6/RPL12/UBA52/RPL11/RPL8/RPS20/RPL18/RPSA/RPS4X/RPL30/RPL38/RPS7/RPL32/RPL36/RPS27/RPL10A/EIF3H/RPL13/RPS28/RPL9/RPL27A/RPL27/RPL23A/EIF3E/RPL21/RPL37A/RPS15A/EIF4B/RPS12/RPL39/RPL31/RPS2/RPL29/RPS3/RPS5/RPS21/RPL5/RPL13A/EIF3F/RPS8/RPS23/RPL3/RPS18/RPS6/RPS13/RPL4/RPL37/PABPC1/RPL22/RPLP2/EIF3L/EIF2S3/RPS3A/RPL7,down,FALSE
REACTOME_RESPONSE_OF_EIF2AK4_GCN2_TO_AMINO_ACID_DEFICIENCY,REACTOME_RESPONSE_OF_EIF2AK4_GCN2_TO_AMINO_ACID_DEFICIENCY,Reactome,Treg,SF_vs_PB_Treg,-3.24714541,-0.759002443,3.94764087e-29,2.08567026e-26,100,78,RPL28/RPL23/RPL10/RPL35/RPL41/RPS9/RPLP1/RPS10/RPS11/RPL36A/RPL24/RPS17/RPS16/RPS19/RPL14/RPL17/IMPACT/RPL15/RPS27A/RPS14/RPL7A/RPS25/RPS15/RPS29/RPL34/RPL35A/RPL19/RPL18A/RPL26/RPS24/RPL6/RPL12/UBA52/RPL11/RPL8/RPS20/RPL18/RPSA/RPS4X/RPL30/RPL38/RPS7/RPL32/RPL36/RPS27/RPL10A/RPL13/RPS28/RPL9/RPL27A/RPL27/RPL23A/RPL21/RPL37A/RPS15A/RPS12/RPL39/RPL31/RPS2/RPL29/RPS3/RPS5/RPS21/RPL5/RPL13A/RPS8/RPS23/RPL3/RPS18/RPS6/RPS13/RPL4/RPL37/RPL22/RPLP2/EIF2S3/RPS3A/RPL7,down,FALSE
REACTOME_SELENOAMINO_ACID_METABOLISM,REACTOME_SELENOAMINO_ACID_METABOLISM,Reactome,Treg,SF_vs_PB_Treg,-3.19580149,-0.737551966,3.98353705e-28,1.57847656e-25,108,83,LARS/CTH/RPLP0/SCLY/RPL28/RPL23/RPL10/RPL35/RPL41/RPS9/RPLP1/RPS10/RPS11/RPL36A/RPL24/SEPHS2/RPS17/RPS16/RPS19/RPL14/RPL17/RPL15/RPS27A/RPS14/SECISBP2/QARS/RPL7A/RPS25/RPS15/RPS29/RPL34/RPL35A/RPL19/RPL18A/RPL26/RPS24/RPL6/RPL12/UBA52/RPL11/RPL8/RPS20/RPL18/RPSA/RPS4X/RPL30/RPL38/RPS7/RPL32/RPL36/RPS27/RPL10A/RPL13/RPS28/RPL9/RPL27A/RPL27/RPL23A/RPL21/RPL37A/RPS15A/RPS12/RPL39/RPL31/RPS2/RPL29/RPS3/RPS5/RPS21/RPL5/RPL13A/RPS8/RPS23/RPL3/RPS18/RPS6/RPS13/RPL4/RPL37/RPL22/RPLP2/RPS3A/RPL7,down,FALSE
REACTOME_INFLUENZA_VIRAL_RNA_TRANSCRIPTION_AND_REPLICATION,REACTOME_INFLUENZA_VIRAL_RNA_TRANSCRIPTION_AND_REPLICATION,Reactome,Treg,SF_vs_PB_Treg,-3.07437654,-0.685325166,1.0692654999999999e-26,2.9840981299999998e-24,135,86,FAU/IPO5/RANBP2/RPLP0/NUP43/POM121/RPL28/RPL23/RPL10/RPL35/RPL41/RPS9/NUP210/RPLP1/RPS10/RPS11/RPL36A/RPL24/RPS17/RPS16/RPS19/RPL14/RPL17/RPL15/TPR/RPS27A/RPS14/RPL7A/RPS25/RPS15/RPS29/RPL34/RPL35A/RPL19/RPL18A/RPL26/RPS24/NUP88/RPL6/RPL12/UBA52/RPL11/NUPL2/RPL8/RPS20/RPL18/RPSA/RPS4X/RPL30/RPL38/RPS7/RPL32/RPL36/RPS27/RPL10A/RPL13/RPS28/RPL9/RPL27A/RPL27/RPL23A/RPL21/RPL37A/RPS15A/RPS12/RPL39/RPL31/RPS2/RPL29/RPS3/RPS5/RPS21/RPL5/RPL13A/RPS8/RPS23/RPL3/RPS18/RPS6/RPS13/RPL4/RPL37/RPL22/RPLP2/RPS3A/RPL7,down,FALSE
REACTOME_NONSENSE_MEDIATED_DECAY_NMD,REACTOME_NONSENSE_MEDIATED_DECAY_NMD,Reactome,Treg,SF_vs_PB_Treg,-3.14782087,-0.720158396,1.12962705e-26,2.9840981299999998e-24,114,82,SMG7/RPLP0/RPL28/RPL23/UPF3B/RPL10/RPL35/RPL41/RPS9/PNRC2/RPLP1/RPS10/RPS11/SMG6/RPL36A/RPL24/RPS17/RPS16/RPS19/RPL14/RPL17/RPL15/RPS27A/RPS14/RPL7A/RPS25/RPS15/RPS29/RPL34/RPL35A/RPL19/RPL18A/RPL26/RPS24/RPL6/RPL12/UBA52/RPL11/RPL8/RPS20/RPL18/RPSA/RPS4X/RPL30/RPL38/RPS7/RPL32/RPL36/RPS27/RPL10A/RPL13/RPS28/RPL9/RPL27A/RPL27/RPL23A/RPL21/RPL37A/RPS15A/RPS12/RPL39/RPL31/RPS2/RPL29/RPS3/RPS5/RPS21/RPL5/RPL13A/RPS8/RPS23/RPL3/RPS18/RPS6/RPS13/RPL4/RPL37/PABPC1/RPL22/RPLP2/RPS3A/RPL7,down,FALSE
REACTOME_SRP_DEPENDENT_COTRANSLATIONAL_PROTEIN_TARGETING_TO_MEMBRANE,REACTOME_SRP_DEPENDENT_COTRANSLATIONAL_PROTEIN_TARGETING_TO_MEMBRANE,Reactome,Treg,SF_vs_PB_Treg,-2.91551685,-0.669837251,3.9971991200000004e-21,9.05080085e-19,111,73,RPL35/RPL41/RPS9/RPLP1/RPS10/RPS11/RPL36A/RPL24/RPS17/RPS16/RPS19/RPL14/RPL17/RPL15/RPS27A/RPS14/RPL7A/RPS25/RPS15/RPS29/RPL34/RPL35A/RPL19/RPL18A/RPL26/RPS24/RPL6/RPL12/UBA52/RPL11/RPL8/RPS20/RPL18/RPSA/RPS4X/RPL30/RPL38/RPS7/RPL32/RPL36/RPS27/RPL10A/RPL13/RPS28/RPL9/RPL27A/RPL27/RPL23A/RPL21/RPL37A/RPS15A/RPS12/RPL39/RPL31/RPS2/RPL29/RPS3/RPS5/RPS21/RPL5/RPL13A/RPS8/RPS23/RPL3/RPS18/RPS6/RPS13/RPL4/RPL37/RPL22/RPLP2/RPS3A/RPL7,down,FALSE
REACTOME_NEUTROPHIL_DEGRANULATION,REACTOME_NEUTROPHIL_DEGRANULATION,Reactome,Treg,SF_vs_PB_Treg,2.35094017,0.490777761,2.03261721e-20,4.02712284e-18,383,195,CTSC/PRDX4/LGALS3/PKM/IQGAP1/SERPINB1/CYSTM1/S100A11/CTSB/CD58/CD63/SURF4/CD97/C3AR1/BST2/MVP/HSPA1A/SLC27A2/MIF/TMEM173/CYFIP1/AGPAT2/SLC2A3/LAMP2/ARSA/ATP8B4/PSMD1/DYNLL1/TNFRSF1B/RHOA/NIT2/GPI/ANXA2/GYG1/CYB5R3/HSP90AB1/LRG1/GM2A/PGRMC1/DYNLT1/IMPDH1/STOM/CEACAM1/GRN/CYBA/CTSD/TMEM179B/ITGAX/PGAM1/CD68/FUCA2/FGL2/HEXB/PAFAH1B2/CMTM6/GSN/RAB27A/CPPED1/NEU1/PSMD14/RAB10/MAGT1/PSMC2/PSMB1/CD44/RAP1B/IDH1/GLA/AGA/QSOX1/PA2G4/HLA-B/CTSA/PSMD7/TCN1/VAMP8/ITGAM/CTSZ/MPO/MMP9/DPP7/ACTR10/CD53/QPCT/CSTB/ITGB2/ALDOC/PGM1/SLC15A4/PSMD11/PNP/RHOG/GUSB/PTPRJ/TCIRG1/PLAU/PLEKHO2/PTPRN2/PSMD12/PLAUR/CAP1/HGSNAT/HLA-C/TMEM30A/HSPA1B/RAB3A/PSMC3/ERP44/DOCK2/ATP6AP2/TRPM2/CAB39/ARHGAP9/PRKCD/PRDX6/CD93/A1BG/DYNC1H1/LAMTOR2/PSEN1/NRAS/CTSH/ALDOA/DNAJC3/TICAM2/PSAP/TOLLIP/RAB18/RHOF/CXCR1/PSMB7/IGF2R/CPNE3/ILF2/DIAPH1/DDOST/VCP/PSMD13/FUCA1/B2M/MAN2B1/PDAP1/COPB1/PSMD3/HUWE1/RAP2C/LAMTOR3/NBEAL2/HMOX2/HSPA6/GCA/TRAPPC1/ADAM8/ATP6V0C/CD33/TUBB4B/LAMTOR1/CLEC5A/PSMA5/PTPRC/SNAP23/ROCK1/ORMDL3/ARL8A/LILRB3/RAB7A/FABP5/PYCARD/ARSB/GHDC/ATP6V0A1/ACTR1B/LPCAT1/TUBB/DYNC1LI1/OLR1/NCSTN/PGM2/AMPD3/SRP14/ACLY/ITGAV/PDXK/NAPRT1/VAPA/SVIP/APAF1/ATP6V1D/KCNAB2/GSDMD/HSP90AA1/MLEC/HPSE/SDCBP/XRCC6,up,FALSE
REACTOME_INFLUENZA_INFECTION,REACTOME_INFLUENZA_INFECTION,Reactome,Treg,SF_vs_PB_Treg,-2.76576567,-0.603584058,7.12950949e-20,1.2555858399999999e-17,156,89,FAU/IPO5/PABPN1/KPNA5/RANBP2/RPLP0/NUP43/SLC25A6/POM121/RPL28/RPL23/RPL10/RPL35/RPL41/RPS9/NUP210/RPLP1/RPS10/RPS11/RPL36A/RPL24/RPS17/RPS16/RPS19/RPL14/RPL17/RPL15/TPR/RPS27A/RPS14/RPL7A/RPS25/RPS15/RPS29/RPL34/RPL35A/RPL19/RPL18A/RPL26/RPS24/NUP88/RPL6/RPL12/UBA52/RPL11/NUPL2/RPL8/RPS20/RPL18/RPSA/RPS4X/RPL30/RPL38/RPS7/RPL32/RPL36/RPS27/RPL10A/RPL13/RPS28/RPL9/RPL27A/RPL27/RPL23A/RPL21/RPL37A/RPS15A/RPS12/RPL39/RPL31/RPS2/RPL29/RPS3/RPS5/RPS21/RPL5/RPL13A/RPS8/RPS23/RPL3/RPS18/RPS6/RPS13/RPL4/RPL37/RPL22/RPLP2/RPS3A/RPL7,down,FALSE
REACTOME_CELLULAR_RESPONSE_TO_STARVATION,REACTOME_CELLULAR_RESPONSE_TO_STARVATION,Reactome,Treg,SF_vs_PB_Treg,-2.76271496,-0.607297509,4.8705754e-19,7.719862009999999e-17,149,80,RPL35/RPL41/RPS9/RPLP1/ATP6V1E2/RPS10/RPS11/RPL36A/RPL24/RPS17/RPS16/SESN1/RPS19/RPL14/RPL17/IMPACT/RPL15/FLCN/RPS27A/RPS14/RPTOR/RPL7A/RPS25/RPS15/RPS29/RPL34/FNIP2/RPL35A/RPL19/RPL18A/RPL26/RPS24/RPL6/RPL12/UBA52/RPL11/RPL8/RPS20/RPL18/RPSA/RPS4X/RPL30/RPL38/RPS7/RPL32/RPL36/RPS27/RPL10A/RPL13/RPS28/RPL9/RPL27A/RPL27/RPL23A/RPL21/RPL37A/RPS15A/RPS12/RPL39/RPL31/RPS2/RPL29/RPS3/RPS5/RPS21/RPL5/RPL13A/RPS8/RPS23/RPL3/RPS18/RPS6/RPS13/RPL4/RPL37/RPL22/RPLP2/EIF2S3/RPS3A/RPL7,down,FALSE
REACTOME_SIGNALING_BY_INTERLEUKINS,REACTOME_SIGNALING_BY_INTERLEUKINS,Reactome,Treg,SF_vs_PB_Treg,2.28352618,0.478023592,1.81742017e-18,2.61873725e-16,372,149,CDKN1A/IL1RN/IL2RB/CCR1/CCL4/IL23R/CCR5/SOCS2/IL2RA/IL10/STAT4/OSM/EBI3/TIMP1/BATF/IL12RB2/FSCN1/MAPKAPK3/PTPN7/CSF1/TNF/DUSP4/IL1R1/IL2RG/CD80/FASLG/CISH/MIF/STAT3/VIM/HAVCR2/IL18RAP/IL32/BCL2L1/CD4/PIM1/IL1R2/CCL20/CLCF1/CCL5/PSMD1/ANXA1/CSF2/TNFRSF1B/ANXA2/IL4R/ICAM1/IL26/MAPK11/TXLNA/USP18/IRAK2/GSTO1/MAPKAPK2/RBX1/STX1A/CCL3/ITGAX/IL7/N4BP1/PSMB5/HIF1A/PSMD14/PSMC1/PSMB6/PSMC2/PSMB1/CCR2/RAP1B/TWIST1/IL15RA/FOS/PSMA7/PSMD8/PSMD7/ITGAM/IKBIP/MUC1/IL1A/HSPA9/ADRM1/MMP9/ITGB2/CCL22/PSMB3/PSMD11/DUSP3/PSMA6/PTPN9/PAK2/NFKBIB/MAPK8/YWHAZ/SOD1/PSMD12/IL12RB1/ARF1/FOXO1/SQSTM1/PSMC3/PSME2/LIF/YES1/USP14/UBE2N/PSMA3/UBC/ELK1/UBB/FN1/PSMC4/IL1RAP/STX3/NFKB2/NFKBIA/TBK1/NKIRAS2/TOLLIP/STX4/PSMB7/IL18R1/PELI3/AIP/CFL1/HSP90B1/IFNL1/IL21R/CASP1/PSMD13/AKT1/PITPNA/SNRPA1/JAK3/PSMB2/VEGFA/PSMD3/RAPGEF1/CCL2/IL1RL2/PTPN11/HMOX1/SOCS3/IKBKG/S100B/SOCS1/DUSP6/PPP2CB/TNIP2/PSMA5,up,FALSE
REACTOME_RRNA_PROCESSING,REACTOME_RRNA_PROCESSING,Reactome,Treg,SF_vs_PB_Treg,-2.52327827,-0.529806374,1.0221904599999998e-17,1.35014323e-15,208,83,RPL28/RPL23/RPL10/TEX10/RPL35/RPL41/RPS9/RPLP1/RPS10/RPS11/RPL36A/RPL24/RPS17/RPS16/RPUSD4/RPS19/RPL14/RPL17/RPL15/ISG20L2/RPS27A/RPS14/RPL7A/RPS25/RPS15/RPS29/RPL34/RPL35A/RPL19/RPL18A/RPL26/RPS24/RPL6/RPL12/UBA52/RPL11/RPL8/CSNK1E/RPS20/RPL18/RPSA/RPS4X/RPL30/RPL38/RPS7/RPL32/RPL36/RPS27/RPL10A/MTERFD2/RPL13/RPS28/RPL9/RPL27A/RPL27/RPL23A/RPL21/RPL37A/RPS15A/FBL/RPS12/RPL39/RPL31/RPS2/RPL29/RPS3/RPS5/RPS21/RPL5/RPL13A/RPS8/RPS23/RPL3/RPS18/RPS6/RPS13/RPL4/RPL37/RPL22/RPLP2/RPS3A/RPL7/NOL9,down,FALSE
REACTOME_ACTIVATION_OF_THE_MRNA_UPON_BINDING_OF_THE_CAP_BINDING_COMPLEX_AND_EIFS_AND_SUBSEQUENT_BINDING_TO_43S,REACTOME_ACTIVATION_OF_THE_MRNA_UPON_BINDING_OF_THE_CAP_BINDING_COMPLEX_AND_EIFS_AND_SUBSEQUENT_BINDING_TO_43S,Reactome,Treg,SF_vs_PB_Treg,-2.84590679,-0.731141787,3.00314899e-15,3.66153165e-13,60,43,RPS9/EIF3A/EIF4A2/RPS10/RPS11/RPS17/RPS16/EIF3K/EIF3G/RPS19/EIF3M/EIF3D/RPS27A/RPS14/RPS25/RPS15/RPS29/RPS24/RPS20/RPSA/RPS4X/RPS7/RPS27/EIF3H/RPS28/EIF3E/RPS15A/EIF4B/RPS12/RPS2/RPS3/RPS5/RPS21/EIF3F/RPS8/RPS23/RPS18/RPS6/RPS13/PABPC1/EIF3L/EIF2S3/RPS3A,down,FALSE
REACTOME_RIBOSOME_ASSOCIATED_QUALITY_CONTROL,REACTOME_RIBOSOME_ASSOCIATED_QUALITY_CONTROL,Reactome,Treg,SF_vs_PB_Treg,-2.52268731,-0.558806595,1.41660729e-14,1.60380183e-12,141,74,RPL35/RPL41/RPS9/RPLP1/RPS10/RPS11/RPL36A/RPL24/RPS17/RPS16/ANKZF1/RPS19/RPL14/RPL17/RPL15/RPS27A/RPS14/RPL7A/RPS25/RPS15/RPS29/RPL34/RPL35A/RPL19/RPL18A/RPL26/RPS24/RPL6/RPL12/UBA52/RPL11/RPL8/RPS20/RPL18/RPSA/RPS4X/RPL30/RPL38/RPS7/RPL32/RPL36/RPS27/RPL10A/RPL13/RPS28/RPL9/RPL27A/RPL27/RPL23A/RPL21/RPL37A/RPS15A/RPS12/RPL39/RPL31/RPS2/RPL29/RPS3/RPS5/RPS21/RPL5/RPL13A/RPS8/RPS23/RPL3/RPS18/RPS6/RPS13/RPL4/RPL37/RPL22/RPLP2/RPS3A/RPL7,down,FALSE
REACTOME_SARS_COV_1_MODULATES_HOST_TRANSLATION_MACHINERY,REACTOME_SARS_COV_1_MODULATES_HOST_TRANSLATION_MACHINERY,Reactome,Treg,SF_vs_PB_Treg,-2.85954857,-0.814112879,2.29491062e-14,2.42495555e-12,37,31,RPS9/RPS10/RPS11/RPS17/RPS16/RPS19/RPS27A/RPS14/RPS25/RPS15/EEF1A1/RPS29/RPS24/RPS20/RPSA/RPS4X/RPS7/RPS27/RPS28/RPS15A/RPS12/RPS2/RPS3/RPS5/RPS21/RPS8/RPS23/RPS18/RPS6/RPS13/RPS3A,down,FALSE
REACTOME_REGULATION_OF_EXPRESSION_OF_SLITS_AND_ROBOS,REACTOME_REGULATION_OF_EXPRESSION_OF_SLITS_AND_ROBOS,Reactome,Treg,SF_vs_PB_Treg,-2.48565428,-0.549825154,1.59818126e-13,1.58319831e-11,143,79,RPL28/RPL23/UPF3B/RPL10/RPL35/RPL41/RPS9/RPLP1/RPS10/RPS11/USP33/RPL36A/RPL24/RPS17/RPS16/RPS19/RPL14/RPL17/RPL15/RPS27A/RPS14/RPL7A/RPS25/RPS15/RPS29/RPL34/RPL35A/RPL19/RPL18A/RPL26/RPS24/RPL6/RPL12/UBA52/RPL11/RPL8/RPS20/RPL18/RPSA/RPS4X/RPL30/RPL38/RPS7/RPL32/RPL36/RPS27/RPL10A/RPL13/RPS28/RPL9/RPL27A/RPL27/RPL23A/RPL21/RPL37A/RPS15A/RPS12/RPL39/RPL31/RPS2/RPL29/RPS3/RPS5/RPS21/RPL5/RPL13A/RPS8/RPS23/RPL3/RPS18/RPS6/RPS13/RPL4/RPL37/PABPC1/RPL22/RPLP2/RPS3A/RPL7,down,FALSE
REACTOME_SIGNALING_BY_ROBO_RECEPTORS,REACTOME_SIGNALING_BY_ROBO_RECEPTORS,Reactome,Treg,SF_vs_PB_Treg,-2.37837472,-0.51018761,4.03262947e-13,3.75983395e-11,177,82,RPL35/RPL41/RPS9/ABL2/RPLP1/RPS10/RPS11/USP33/NCK2/RPL36A/RPL24/RPS17/RPS16/SRGAP3/RPS19/RPL14/RPL17/RPL15/RPS27A/RPS14/RPL7A/SOS1/RPS25/RPS15/RPS29/RPL34/RPL35A/RPL19/RPL18A/RPL26/RPS24/RPL6/RPL12/UBA52/RPL11/RPL8/RPS20/RPL18/RPSA/RPS4X/PRKACB/RPL30/RPL38/RPS7/RPL32/RPL36/RPS27/RPL10A/RPL13/RPS28/RPL9/RPL27A/RPL27/RPL23A/RPL21/RPL37A/RPS15A/RPS12/PRKCA/RPL39/RPL31/RPS2/RPL29/RPS3/RPS5/RPS21/RPL5/RPL13A/RPS8/RPS23/RPL3/RPS18/RPS6/RPS13/RPL4/RPL37/PABPC1/RPL22/EVL/RPLP2/RPS3A/RPL7,down,FALSE
REACTOME_CELLULAR_RESPONSE_TO_CHEMICAL_STRESS,REACTOME_CELLULAR_RESPONSE_TO_CHEMICAL_STRESS,Reactome,Treg,SF_vs_PB_Treg,2.30398668,0.526085346,4.7300274e-12,4.1650519e-10,170,70,CDKN1A/TXN/RXRA/NOTCH1/HM13/STAT3/PDGFA/PRDX5/BCL2L1/PSMD1/CYCS/RBX1/CYBA/NCOR2/PSMB5/PRDX1/PSMD14/PSMC1/HELZ2/PRKCI/PSMB6/PSMC2/PSMB1/BACH1/IDH1/PSMA7/NQO1/PSMD8/PTK6/PSMD7/ADRM1/NDUFA4/COX7A2/PSMB3/PSMD11/BLVRB/PSMA6/SOD1/PSMD12/UFD1L/SQSTM1/NCF4/PGD/PSMC3/ATOX1/PSMA3/UBC/PRKCD/PRDX6/UBB/PSMC4/NCOA1/COX8A/TXNRD1/PRDX3/GPX1/PSMB7/COX5A/KEAP1/VCP/PSMD13/AKT1/PSMB2/PSMD3/CCL2/HMOX2/MUL1/DPP3/HMOX1/ERO1L,up,FALSE
REACTOME_ASPARAGINE_N_LINKED_GLYCOSYLATION,REACTOME_ASPARAGINE_N_LINKED_GLYCOSYLATION,Reactome,Treg,SF_vs_PB_Treg,2.09594814,0.453827864,1.29634443e-11,1.03443924e-9,265,124,CTSC/FUOM/NUDT14/NAGK/TMED9/TMED10/TSTA3/CAPZA2/TUBB2A/TMED3/DERL1/TUBB6/DYNLL1/ARF4/FUT8/F5/NANS/B4GALT5/ARFGAP3/DPM2/DCTN2/ANKRD28/TRAPPC4/NAPG/MAN1A1/RAB1B/DYNC1I2/ST6GALNAC4/KDELR3/NEU1/TUBA1C/LMAN2/PSMC1/MAGT1/DHDDS/RPN2/PMM1/ACTR1A/ARF5/CTSA/ALG5/TUBA1A/CTSZ/CMAS/PDIA3/ACTR10/SEC22C/SLC17A5/GOLGB1/GOLGA2/RPN1/SAR1B/CNIH1/PPP6R1/RAB1A/B4GALT2/ALG8/CALR/ARF1/RNF5/LMAN1/TMED2/HK1/UBC/DCTN5/UBB/GNE/ALG3/DYNC1H1/SLC35C1/MAN2A2/COPE/OSTC/MANEA/COPB2/DYNC1LI2/COPZ1/ALG1/RNF103/DDOST/STT3A/OS9/VCP/TMEM258/DERL2/FUCA1/MVD/DPAGT1/DOLK/COPB1/GFPT1/TFG/EDEM1/COPG2/TMED7/SEC24A/TRAPPC1/CGA/TUBB4B/DPM1/NAPA/MPDU1/DAD1/MGAT2/ARF3/PREB/ST6GALNAC6/TRAPPC3/SRD5A3/DCTN6/SEC16A/NANP/DYNC1LI1/TBC1D20/CNIH2/GBF1/OST4/TUBA4A/ARCN1/GMPPA/EDEM2/SEC13/TUBA1B/MLEC,up,FALSE
REACTOME_INTERLEUKIN_10_SIGNALING,REACTOME_INTERLEUKIN_10_SIGNALING,Reactome,Treg,SF_vs_PB_Treg,2.64272258,0.800202871,1.30528611e-11,1.03443924e-9,34,21,IL1RN/CCR1/CCL4/CCR5/IL10/TIMP1/CSF1/TNF/IL1R1/CD80/STAT3/IL1R2/CCL20/CCL5/CSF2/TNFRSF1B/ICAM1/CCL3/CCR2/IL1A/CCL22,up,FALSE
REACTOME_REGULATION_OF_PD_L1_CD274_POST_TRANSLATIONAL_MODIFICATION,REACTOME_REGULATION_OF_PD_L1_CD274_POST_TRANSLATIONAL_MODIFICATION,Reactome,Treg,SF_vs_PB_Treg,2.46861381,0.629615231,7.89063469e-11,5.95555047e-9,81,43,PDCD1/ERLEC1/DERL1/YWHAG/PSMD1/RBX1/CD274/PSMB5/PSMD14/PSMC1/MAGT1/PSMB6/PSMC2/PSMB1/RPN2/PSMA7/PSMD8/PSMD7/ADRM1/PDCD1LG2/RPN1/PSMB3/PSMD11/PSMA6/PSMD12/RNF5/PSMC3/PRKAB1/PSMA3/UBC/UBB/PSMC4/OSTC/PSMB7/DDOST/STT3A/OS9/VCP/PSMD13/TMEM258/DERL2/PSMB2/PSMD3,up,FALSE
REACTOME_MHC_CLASS_II_ANTIGEN_PRESENTATION,REACTOME_MHC_CLASS_II_ANTIGEN_PRESENTATION,Reactome,Treg,SF_vs_PB_Treg,2.35187304,0.578697053,1.04619049e-10,7.53732696e-9,101,40,CTSC/CD74/HLA-DQA2/HLA-DMA/CTSB/HLA-DRB1/HLA-DQB1/HLA-DRA/HLA-DRB5/AP1S1/HLA-DPB1/CAPZA2/TUBB2A/HLA-DPA1/TUBB6/DYNLL1/HLA-DQA1/DCTN2/CTSD/LAG3/DYNC1I2/HLA-DMB/TUBA1C/AP2B1/ACTR1A/CTSA/TUBA1A/ACTR10/SAR1B/KIF5B/KLC2/KIF3C/CTSL/KIF3A/ARF1/DCTN5/CLTC/DYNC1H1/CTSH/DYNC1LI2,up,FALSE
REACTOME_PROGRAMMED_CELL_DEATH,REACTOME_PROGRAMMED_CELL_DEATH,Reactome,Treg,SF_vs_PB_Treg,2.15638828,0.48924768,4.70374092e-10,3.24149102e-8,178,78,FLOT1/LMNA/FASLG/STAT3/BID/MLKL/VIM/BCL2L1/YWHAG/PSMD1/DYNLL1/GZMB/TP63/CYCS/CTNNB1/LY96/PSMB5/GSN/PSMD14/CDC37/PSMC1/TP73/PSMB6/PSMC2/PSMB1/PSMA7/PSMD8/PSMD7/H1F0/IL1A/ADRM1/CASP9/RIPK3/BAD/DFNA5/CHMP2B/PSMB3/PSMD11/YWHAH/DAPK2/CHMP2A/PSMA6/YWHAB/FADD/PAK2/MAPK8/YWHAZ/PSMD12/CHMP6/PSMC3/BCAP31/PSMA3/UBC/PRKCD/UBB/YWHAQ/PSMC4/MAGED1/TICAM2/PSMB7/CASP7/FAS/CASP1/PSMD13/DNM1L/AKT1/TICAM1/APPL1/PSMB2/PLEC/UBE2L3/PSMD3/TJP2/PSMA5/CFLAR/TRAF2/ROCK1/DIABLO,up,FALSE
REACTOME_GOLGI_TO_ER_RETROGRADE_TRANSPORT,REACTOME_GOLGI_TO_ER_RETROGRADE_TRANSPORT,Reactome,Treg,SF_vs_PB_Treg,2.31582185,0.564067954,5.1969984e-10,3.43218436e-8,108,56,SURF4/KIF21A/KIF20B/TMED9/TMED10/CAPZA2/TUBB2A/TMED3/TUBB6/DYNLL1/ARF4/ARFGAP3/DCTN2/GALNT1/NAPG/KIF13B/RAB1B/DYNC1I2/PAFAH1B2/KDELR3/KIF1B/TUBA1C/ACTR1A/ARF5/TUBA1A/ACTR10/KIF5B/RAB1A/KLC2/KIF3C/PAFAH1B3/KIF3A/ARF1/TMED2/DCTN5/DYNC1H1/COPE/RAB18/COPB2/DYNC1LI2/COPZ1/COPB1/COPG2/TMED7/TUBB4B/PAFAH1B1/NAPA/ARF3/DCTN6/KIF1C/RACGAP1/AGPAT3/DYNC1LI1/GBF1/TUBA4A/ARCN1,up,FALSE
REACTOME_SARS_COV_2_MODULATES_HOST_TRANSLATION_MACHINERY,REACTOME_SARS_COV_2_MODULATES_HOST_TRANSLATION_MACHINERY,Reactome,Treg,SF_vs_PB_Treg,-2.53402967,-0.673376616,5.89771772e-10,3.73915304e-8,51,30,RPS9/RPS10/RPS11/RPS17/RPS16/RPS19/RPS27A/RPS14/RPS25/RPS15/RPS29/RPS24/RPS20/RPSA/RPS4X/RPS7/RPS27/RPS28/RPS15A/RPS12/RPS2/RPS3/RPS5/RPS21/RPS8/RPS23/RPS18/RPS6/RPS13/RPS3A,down,FALSE
REACTOME_APOPTOSIS,REACTOME_APOPTOSIS,Reactome,Treg,SF_vs_PB_Treg,2.21203245,0.51325712,7.5479964e-10,4.60137473e-8,150,68,LMNA/FASLG/STAT3/BID/VIM/BCL2L1/YWHAG/PSMD1/DYNLL1/GZMB/TP63/CYCS/CTNNB1/LY96/PSMB5/GSN/PSMD14/PSMC1/TP73/PSMB6/PSMC2/PSMB1/PSMA7/PSMD8/PSMD7/H1F0/ADRM1/CASP9/BAD/DFNA5/PSMB3/PSMD11/YWHAH/DAPK2/PSMA6/YWHAB/FADD/PAK2/MAPK8/YWHAZ/PSMD12/PSMC3/BCAP31/PSMA3/UBC/PRKCD/UBB/YWHAQ/PSMC4/MAGED1/TICAM2/PSMB7/CASP7/FAS/PSMD13/DNM1L/AKT1/TICAM1/APPL1/PSMB2/PLEC/PSMD3/TJP2/PSMA5/CFLAR/TRAF2/ROCK1/DIABLO,up,FALSE
REACTOME_KEAP1_NFE2L2_PATHWAY,REACTOME_KEAP1_NFE2L2_PATHWAY,Reactome,Treg,SF_vs_PB_Treg,2.2940877,0.562822979,1.18154485e-9,6.93610589e-8,103,49,CDKN1A/TXN/NOTCH1/PDGFA/BCL2L1/PSMD1/RBX1/PSMB5/PRDX1/PSMD14/PSMC1/PRKCI/PSMB6/PSMC2/PSMB1/BACH1/IDH1/PSMA7/NQO1/PSMD8/PSMD7/ADRM1/PSMB3/PSMD11/PSMA6/PSMD12/UFD1L/SQSTM1/PGD/PSMC3/PSMA3/UBC/PRKCD/UBB/PSMC4/TXNRD1/PSMB7/KEAP1/VCP/PSMD13/AKT1/PSMB2/PSMD3/CCL2/MUL1/DPP3/HMOX1/PSMA5/MAP1LC3B,up,FALSE
REACTOME_ER_TO_GOLGI_ANTEROGRADE_TRANSPORT,REACTOME_ER_TO_GOLGI_ANTEROGRADE_TRANSPORT,Reactome,Treg,SF_vs_PB_Treg,2.19500106,0.521246091,2.2801329e-9,1.29071809e-7,128,62,CTSC/TMED9/TMED10/CAPZA2/TUBB2A/TMED3/TUBB6/DYNLL1/ARF4/F5/ARFGAP3/DCTN2/ANKRD28/TRAPPC4/NAPG/RAB1B/DYNC1I2/KDELR3/TUBA1C/LMAN2/ACTR1A/ARF5/TUBA1A/CTSZ/ACTR10/SEC22C/GOLGB1/GOLGA2/SAR1B/CNIH1/PPP6R1/RAB1A/ARF1/LMAN1/TMED2/DCTN5/DYNC1H1/COPE/COPB2/DYNC1LI2/COPZ1/COPB1/TFG/COPG2/TMED7/SEC24A/TRAPPC1/TUBB4B/NAPA/ARF3/PREB/TRAPPC3/DCTN6/SEC16A/DYNC1LI1/TBC1D20/CNIH2/GBF1/TUBA4A/ARCN1/SEC13/TUBA1B,up,FALSE
REACTOME_TNFR2_NON_CANONICAL_NF_KB_PATHWAY,REACTOME_TNFR2_NON_CANONICAL_NF_KB_PATHWAY,Reactome,Treg,SF_vs_PB_Treg,2.35379494,0.603163858,2.899581e-9,1.58477099e-7,79,44,TNFRSF4/TNFRSF18/TNFRSF12A/CD70/TNFRSF8/TNF/FASLG/LTA/PSMD1/TNFRSF1B/TNFRSF13B/PSMB5/EDARADD/PSMD14/PSMC1/PSMB6/PSMC2/PSMB1/PSMA7/PSMD8/PSMD7/ADRM1/TNFSF12/PSMB3/PSMD11/PSMA6/TNFRSF9/TNFSF4/PSMD12/PSMC3/UBE2M/TRAF3/PSMA3/UBC/UBB/PSMC4/NFKB2/PSMB7/PSMD13/CD27/PSMB2/PSMD3/CD40LG/PSMA5,up,FALSE
REACTOME_AMPK_INDUCED_ERAD_AND_LYSOSOME_MEDIATED_DEGRADATION_OF_PD_L1_CD274,REACTOME_AMPK_INDUCED_ERAD_AND_LYSOSOME_MEDIATED_DEGRADATION_OF_PD_L1_CD274,Reactome,Treg,SF_vs_PB_Treg,2.42731984,0.673800346,4.12001273e-9,2.17674006e-7,51,32,ERLEC1/DERL1/PSMD1/CD274/PSMB5/PSMD14/PSMC1/PSMB6/PSMC2/PSMB1/PSMA7/PSMD8/PSMD7/ADRM1/PSMB3/PSMD11/PSMA6/PSMD12/RNF5/PSMC3/PRKAB1/PSMA3/UBC/UBB/PSMC4/PSMB7/OS9/VCP/PSMD13/DERL2/PSMB2/PSMD3,up,FALSE
REACTOME_REGULATION_OF_ORNITHINE_DECARBOXYLASE_ODC,REACTOME_REGULATION_OF_ORNITHINE_DECARBOXYLASE_ODC,Reactome,Treg,SF_vs_PB_Treg,2.46451009,0.736518465,5.20333427e-9,2.66041446e-7,36,25,PSMD1/PSMB5/PSMD14/PSMC1/PSMB6/PSMC2/PSMB1/PSMA7/NQO1/PSMD8/PSMD7/ADRM1/PSMB3/PSMD11/PSMA6/PSMD12/PSMC3/PSMA3/PSMC4/PSMB7/PSMD13/PSMB2/PSMD3/PSMA5/OAZ1,up,FALSE
REACTOME_THE_ROLE_OF_GTSE1_IN_G2_M_PROGRESSION_AFTER_G2_CHECKPOINT,REACTOME_THE_ROLE_OF_GTSE1_IN_G2_M_PROGRESSION_AFTER_G2_CHECKPOINT,Reactome,Treg,SF_vs_PB_Treg,2.38068909,0.655938097,6.0955789e-9,3.01921643e-7,53,34,CDKN1A/TUBB2A/TUBB6/PSMD1/HSP90AB1/PSMB5/PSMD14/TUBA1C/PSMC1/PSMB6/PSMC2/PSMB1/MAPRE1/PSMA7/PSMD8/PSMD7/TUBA1A/ADRM1/PSMB3/PSMD11/PSMA6/PSMD12/PSMC3/PSMA3/UBC/UBB/PSMC4/FKBPL/PSMB7/PSMD13/PSMB2/PSMD3/TUBB4B/PSMA5,up,FALSE
REACTOME_METABOLISM_OF_AMINO_ACIDS_AND_DERIVATIVES,REACTOME_METABOLISM_OF_AMINO_ACIDS_AND_DERIVATIVES,Reactome,Treg,SF_vs_PB_Treg,-1.92107544,-0.389705322,8.37404563e-9,4.02207949e-7,276,101,LARS/CTH/BCKDHB/RPLP0/SCLY/CSAD/PXMP2/C9orf41/ACADSB/RPL28/RPL23/ALDH4A1/RPL10/TMLHE/ALDH6A1/RPL35/RPL41/RPS9/RPLP1/RPS10/RPS11/RPL36A/RPL24/SEPHS2/RPS17/RPS16/RPS19/RPL14/RPL17/RPL15/MTRR/RPS27A/RPS14/SECISBP2/QARS/RIMKLB/CHDH/RPL7A/RPS25/RPS15/RPS29/CCBL1/RPL34/RPL35A/RPL19/RPL18A/RPL26/RPS24/RPL6/RPL12/UBA52/RPL11/MCCC1/RPL8/RPS20/RPL18/RPSA/RPS4X/RPL30/RPL38/RPS7/RPL32/RPL36/RPS27/RPL10A/RPL13/RPS28/RPL9/RPL27A/RPL27/RPL23A/RPL21/RPL37A/RPS15A/RPS12/TP53/DMGDH/RPL39/RPL31/RPS2/RPL29/RPS3/RPS5/RPS21/HYKK/RPL5/RPL13A/RPS8/RPS23/RPL3/RPS18/RPS6/RPS13/RPL4/RPL37/RPL22/RPLP2/RPS3A/RPL7/SERINC5/ARG1,down,FALSE
REACTOME_PROTEASOME_ASSEMBLY,REACTOME_PROTEASOME_ASSEMBLY,Reactome,Treg,SF_vs_PB_Treg,2.41870195,0.67674538,9.66108422e-9,4.50377014e-7,49,31,PSMD1/PSMD10/POMP/PSMB5/PSMD14/PSMC1/PSMB6/PSMC2/PSMB1/PSMA7/PSMD8/PSMD7/ADRM1/PSMB3/PSMD11/PSMA6/PSMD12/PSMC3/PSME2/PSMG1/PSMA3/PSMC4/PSMB7/PSMD13/PSMD9/PSMB2/PSMD3/PSMA5/PSMF1/PSMB9/PSME4,up,FALSE
REACTOME_ANTIGEN_PROCESSING_CROSS_PRESENTATION,REACTOME_ANTIGEN_PROCESSING_CROSS_PRESENTATION,Reactome,Treg,SF_vs_PB_Treg,2.30126979,0.582296204,1.06501244e-8,4.82298492e-7,85,47,PSMD1/CYBA/LY96/PSMB5/PSMD14/PSMC1/PSMB6/PSMC2/PSMB1/HLA-A/PSMA7/PSMD8/HLA-B/PSMD7/VAMP8/ADRM1/PDIA3/SEC61G/PSMB3/PSMD11/PSMA6/TAP1/CALR/HLA-F/CTSL/PSMD12/HLA-C/NCF4/PSMC3/PSME2/SEC61B/PSMA3/UBC/TIRAP/UBB/PSMC4/STX4/PSMB7/PSMD13/B2M/PSMB2/VAMP3/PSMD3/TAPBP/IKBKG/PSMA5/SNAP23,up,FALSE
REACTOME_VIF_MEDIATED_DEGRADATION_OF_APOBEC3G,REACTOME_VIF_MEDIATED_DEGRADATION_OF_APOBEC3G,Reactome,Treg,SF_vs_PB_Treg,2.41119143,0.709112728,2.32760767e-8,1.02479393e-6,39,28,APOBEC3G/PSMD1/RBX1/PSMB5/PSMD14/PSMC1/PSMB6/PSMC2/PSMB1/PSMA7/PSMD8/PSMD7/ADRM1/PSMB3/PSMD11/PSMA6/PSMD12/PSMC3/PSMA3/UBC/UBB/PSMC4/TCEB1/PSMB7/PSMD13/TCEB2/PSMB2/PSMD3,up,FALSE
REACTOME_CO_INHIBITION_BY_PD_1,REACTOME_CO_INHIBITION_BY_PD_1,Reactome,Treg,SF_vs_PB_Treg,2.00571984,0.451953933,3.41237162e-8,1.43061541e-6,188,62,PDCD1/HLA-DQA2/HLA-DRB1/HLA-DQB1/HLA-DRA/HLA-DRB5/H3F3B/HLA-DPB1/STAT3/ERLEC1/HLA-DPA1/CD4/DERL1/YWHAG/PSMD1/HLA-DQA1/EPAS1/RBX1/CD274/CTNNB1/EED/PSMB5/HIF1A/PSMD14/PSMC1/MAGT1/PSMB6/PSMC2/PSMB1/FOS/RPN2/PSMA7/PSMD8/ATF3/PSMD7/ADRM1/PDCD1LG2/RPN1/PSMB3/PSMD11/PSMA6/PSMD12/RNF5/PSMC3/PRKAB1/PSMA3/UBC/UBB/PSMC4/DPY30/NFKB2/OSTC/PSMB7/JUND/CD3D/DDOST/STT3A/OS9/VCP/PSMD13/TMEM258/DERL2,up,FALSE
REACTOME_METABOLISM_OF_POLYAMINES,REACTOME_METABOLISM_OF_POLYAMINES,Reactome,Treg,SF_vs_PB_Treg,2.39472619,0.689210274,3.42986661e-8,1.43061541e-6,43,26,PSMD1/PSMB5/PSMD14/PSMC1/PSMB6/PSMC2/PSMB1/PSMA7/NQO1/PSMD8/PSMD7/ADRM1/PSMB3/PSMD11/PSMA6/PSMD12/PSMC3/PSMA3/PSMC4/SMOX/PSMB7/PSMD13/PSMB2/PSMD3/PSMA5/OAZ1,up,FALSE
REACTOME_ABC_TRANSPORTER_DISORDERS,REACTOME_ABC_TRANSPORTER_DISORDERS,Reactome,Treg,SF_vs_PB_Treg,2.34086442,0.647449389,3.66459662e-8,1.48932965e-6,52,34,ERLEC1/DERL1/PSMD1/PSMB5/PSMD14/PSMC1/PSMB6/PSMC2/PSMB1/PSMA7/PSMD8/PSMD7/ADRM1/PSMB3/PSMD11/PSMA6/PSMD12/RNF5/PSMC3/PSMA3/UBC/ABCA1/UBB/PSMC4/PSMB7/OS9/VCP/PSMD13/DERL2/PSMB2/PSMD3/ABCD4/PSMA5/ABCA3,up,FALSE
REACTOME_INTERFERON_SIGNALING,REACTOME_INTERFERON_SIGNALING,Reactome,Treg,SF_vs_PB_Treg,1.9544542,0.426307562,4.7185674e-8,1.86973233e-6,247,105,IFI6/HLA-DQA2/FURIN/HLA-DRB1/OASL/HLA-DQB1/HLA-DRA/HLA-DRB5/BST2/TRIM45/OAS3/MT2A/HSPA1A/RSAD2/IFNGR1/IFI44/HLA-DPB1/STAT3/TUBB2A/HLA-DPA1/ISG15/PIM1/TUBB6/OAS1/EIF4G3/HLA-DQA1/IFI35/TRIM46/ICAM1/IFITM2/USP18/IFITM3/EIF2AK2/FANCL/PTPN1/MX1/TUBA1C/EIF4G1/HLA-A/CD44/IRF7/HLA-B/TRIM25/TUBA1A/EIF2S1/SP100/NCAM1/EGR1/HLA-F/IFI44L/HLA-C/HSPA1B/UBE2I/IFIT5/EIF4E/UBE2N/UBC/PRKCD/UBB/IFIT1/IFI27/HSPA2/DNAJC3/IRF5/NEDD4/PIN1/CIITA/ILF2/NUP188/XAF1/CASP1/NUP37/B2M/PTPN11/SOCS3/IKBKG/SOCS1/PPP2CB/ACTB/TUBB4B/HSPA5/TRIM3/IFNG/AAAS/PPP2R1A/PML/STRA13/IFIH1/SMAD7/ISG20/TRIM21/PRKRA/ILF3/GBP2/TRIM17/SEH1L/APITD1/KPNA2/HLA-DQB2/PPP2R1B/TUBA4A/SEC13/TUBA1B/SPHK1/ATF6,up,FALSE
REACTOME_NUCLEAR_EVENTS_MEDIATED_BY_NFE2L2,REACTOME_NUCLEAR_EVENTS_MEDIATED_BY_NFE2L2,Reactome,Treg,SF_vs_PB_Treg,2.25700691,0.580945002,7.452761e-8,2.88112834e-6,77,39,TXN/NOTCH1/PDGFA/BCL2L1/PSMD1/RBX1/PSMB5/PRDX1/PSMD14/PSMC1/PSMB6/PSMC2/PSMB1/BACH1/IDH1/PSMA7/NQO1/PSMD8/PSMD7/ADRM1/PSMB3/PSMD11/PSMA6/PSMD12/SQSTM1/PGD/PSMC3/PSMA3/UBC/UBB/PSMC4/TXNRD1/PSMB7/KEAP1/PSMD13/PSMB2/PSMD3/CCL2/HMOX1,up,FALSE
REACTOME_SPOP_MEDIATED_PROTEASOMAL_DEGRADATION_OF_PD_L1_CD274,REACTOME_SPOP_MEDIATED_PROTEASOMAL_DEGRADATION_OF_PD_L1_CD274,Reactome,Treg,SF_vs_PB_Treg,2.3576136,0.675138748,9.32257791e-8,3.51816333e-6,44,28,YWHAG/PSMD1/RBX1/CD274/PSMB5/PSMD14/PSMC1/PSMB6/PSMC2/PSMB1/PSMA7/PSMD8/PSMD7/ADRM1/PSMB3/PSMD11/PSMA6/PSMD12/PSMC3/PSMA3/UBC/UBB/PSMC4/PSMB7/PSMD13/PSMB2/PSMD3/PSMA5,up,FALSE
REACTOME_GLUCONEOGENESIS,REACTOME_GLUCONEOGENESIS,Reactome,Treg,SF_vs_PB_Treg,2.38267067,0.852173247,1.10378159e-7,4.06859027e-6,17,14,PGK1/ENO1/PCK2/TPI1/GPI/PGAM1/ENO2/ALDOC/G6PC3/GAPDH/SLC37A2/SLC37A1/ALDOA/SLC37A4,up,FALSE
REACTOME_CROSS_PRESENTATION_OF_SOLUBLE_EXOGENOUS_ANTIGENS_ENDOSOMES,REACTOME_CROSS_PRESENTATION_OF_SOLUBLE_EXOGENOUS_ANTIGENS_ENDOSOMES,Reactome,Treg,SF_vs_PB_Treg,2.35681362,0.700679795,1.1914537e-7,4.29194116e-6,37,24,PSMD1/PSMB5/PSMD14/PSMC1/PSMB6/PSMC2/PSMB1/PSMA7/PSMD8/PSMD7/ADRM1/PSMB3/PSMD11/PSMA6/PSMD12/PSMC3/PSME2/PSMA3/PSMC4/PSMB7/PSMD13/PSMB2/PSMD3/PSMA5,up,FALSE
REACTOME_DEGRADATION_OF_DVL,REACTOME_DEGRADATION_OF_DVL,Reactome,Treg,SF_vs_PB_Treg,2.31561697,0.677065605,1.27948804e-7,4.50664121e-6,40,27,PSMD1/RBX1/PSMB5/PSMD14/PSMC1/PSMB6/PSMC2/PSMB1/PSMA7/PSMD8/PSMD7/ADRM1/PSMB3/PSMD11/PSMA6/PSMD12/PSMC3/PSMA3/UBC/UBB/PSMC4/PSMB7/PSMD13/PSMB2/DVL3/PSMD3/PSMA5,up,FALSE
REACTOME_INTERLEUKIN_4_AND_INTERLEUKIN_13_SIGNALING,REACTOME_INTERLEUKIN_4_AND_INTERLEUKIN_13_SIGNALING,Reactome,Treg,SF_vs_PB_Treg,2.23153448,0.567921889,1.65128453e-7,5.68975214e-6,82,39,CDKN1A/IL23R/IL10/OSM/TIMP1/BATF/FSCN1/TNF/IL2RG/FASLG/STAT3/VIM/BCL2L1/PIM1/ANXA1/TNFRSF1B/IL4R/ICAM1/ITGAX/HIF1A/TWIST1/FOS/ITGAM/MUC1/IL1A/MMP9/ITGB2/CCL22/FOXO1/LIF/FN1/HSP90B1/AKT1/JAK3/VEGFA/CCL2/HMOX1/SOCS3/SOCS1,up,FALSE
REACTOME_TRANSLATION,REACTOME_TRANSLATION,Reactome,Treg,SF_vs_PB_Treg,-1.74079349,-0.343674145,2.8951278e-7,9.7633565e-6,360,104,RPL28/MRPS30/RPL23/MRPL38/CARS2/RPL10/MTRF1/RPL35/RPL41/RPS9/EIF3A/EIF4A2/MRPS31/RPLP1/DAP3/RPS10/RPS11/RPL36A/RPL24/OXA1L/RPS17/RPS16/ANKZF1/MARS2/EIF3K/EIF3G/RPS19/RPL14/EIF3M/RPL17/RPL15/EIF3D/RPS27A/RPS14/QARS/RPL7A/RPS25/RPS15/EEF1A1/RPS29/RPL34/MRPS27/EEF1G/RPL35A/RPL19/RPL18A/RPL26/RPS24/RPL6/RPL12/UBA52/RPL11/RPL8/RPS20/RPL18/RPSA/RPS4X/RPL30/RPL38/RPS7/RPL32/RPL36/RPS27/RPL10A/EIF3H/RPL13/RPS28/RPL9/RPL27A/RPL27/RPL23A/EIF3E/RPL21/RPL37A/RPS15A/EIF4B/RPS12/RPL39/RPL31/RPS2/RPL29/RPS3/RPS5/RPS21/RPL5/RPL13A/EIF3F/RPS8/RPS23/RPL3/RPS18/RPS6/RPS13/RPL4/RPL37/PABPC1/RPL22/EEF1B2/EEF2/RPLP2/EIF3L/EIF2S3/RPS3A/RPL7,down,FALSE
REACTOME_TRANSPORT_TO_THE_GOLGI_AND_SUBSEQUENT_MODIFICATION,REACTOME_TRANSPORT_TO_THE_GOLGI_AND_SUBSEQUENT_MODIFICATION,Reactome,Treg,SF_vs_PB_Treg,2.00911273,0.465848429,3.45443553e-7,1.1406834e-5,151,71,CTSC/TMED9/TMED10/CAPZA2/TUBB2A/TMED3/TUBB6/DYNLL1/ARF4/FUT8/F5/B4GALT5/ARFGAP3/DCTN2/ANKRD28/TRAPPC4/NAPG/MAN1A1/RAB1B/DYNC1I2/KDELR3/TUBA1C/LMAN2/ACTR1A/ARF5/TUBA1A/CTSZ/ACTR10/SEC22C/GOLGB1/GOLGA2/SAR1B/CNIH1/PPP6R1/RAB1A/B4GALT2/ARF1/LMAN1/TMED2/DCTN5/DYNC1H1/MAN2A2/COPE/MANEA/COPB2/DYNC1LI2/COPZ1/FUCA1/COPB1/TFG/COPG2/TMED7/SEC24A/TRAPPC1/CGA/TUBB4B/NAPA/MGAT2/ARF3/PREB/TRAPPC3/DCTN6/SEC16A/DYNC1LI1/TBC1D20/CNIH2/GBF1/TUBA4A/ARCN1/SEC13/TUBA1B,up,FALSE
REACTOME_SCF_BETA_TRCP_MEDIATED_DEGRADATION_OF_EMI1,REACTOME_SCF_BETA_TRCP_MEDIATED_DEGRADATION_OF_EMI1,Reactome,Treg,SF_vs_PB_Treg,2.24656778,0.656876244,5.47490665e-7,1.7709647e-5,40,25,PSMD1/PSMB5/PSMD14/PSMC1/PSMB6/PSMC2/PSMB1/PSMA7/PSMD8/PSMD7/ADRM1/PSMB3/PSMD11/PSMA6/PSMD12/PSMC3/PSMA3/UBC/UBB/PSMC4/PSMB7/PSMD13/PSMB2/PSMD3/PSMA5,up,FALSE
REACTOME_AUF1_HNRNP_D0_BINDS_AND_DESTABILIZES_MRNA,REACTOME_AUF1_HNRNP_D0_BINDS_AND_DESTABILIZES_MRNA,Reactome,Treg,SF_vs_PB_Treg,2.24498905,0.656414637,5.78119027e-7,1.83263732e-5,40,28,HSPA1A/PSMD1/PSMB5/PSMD14/PSMC1/EIF4G1/PSMB6/PSMC2/PSMB1/PSMA7/PSMD8/PSMD7/ADRM1/PSMB3/PSMD11/PSMA6/PSMD12/PSMC3/HSPB1/PSMA3/UBC/UBB/PSMC4/PSMB7/PSMD13/PSMB2/PSMD3/PSMA5,up,FALSE
REACTOME_DECTIN_1_MEDIATED_NONCANONICAL_NF_KB_SIGNALING,REACTOME_DECTIN_1_MEDIATED_NONCANONICAL_NF_KB_SIGNALING,Reactome,Treg,SF_vs_PB_Treg,2.24397794,0.636516827,7.31592279e-7,2.27367404e-5,46,28,PSMD1/PSMB5/PSMD14/PSMC1/PSMB6/PSMC2/PSMB1/PSMA7/PSMD8/PSMD7/ADRM1/CCL22/PSMB3/PSMD11/PSMA6/PSMD12/PSMC3/UBE2M/PSMA3/UBC/UBB/PSMC4/NFKB2/PSMB7/PSMD13/PSMB2/PSMD3/PSMA5,up,FALSE
REACTOME_METABOLISM_OF_CARBOHYDRATES_AND_CARBOHYDRATE_DERIVATIVES,REACTOME_METABOLISM_OF_CARBOHYDRATES_AND_CARBOHYDRATE_DERIVATIVES,Reactome,Treg,SF_vs_PB_Treg,1.86819514,0.414889403,9.57425392e-7,2.91830624e-5,212,67,PKM/SDC4/HYAL3/GALK1/PGK1/CHPF/ENO1/PFKP/BPGM/PGM2L1/IDS/PCK2/TPI1/UGP2/PHKA1/GPI/GYG1/B4GALT5/PGAM1/B3GAT3/HEXB/GNPDA1/PFKFB3/GALE/ENO2/CD44/B3GAT1/PRPS1/B3GALT6/SLC17A5/ALDOC/PGM1/G6PC3/B4GALT2/GUSB/CTSL/SLC35B2/AKR1A1/GAPDH/PAPSS1/GBE1/HGSNAT/PGD/SLC37A2/HK1/SLC2A1/UBC/SLC37A1/UBB/B3GALT4/GPC1/CHSY1/ALDOA/HS3ST1/SLC37A4/HYAL2/NUP188/NUP37/HK2/MAN2B1/SLC35D2/UXS1/RBKS/CALM1/B4GALT7/OGN/PPP2CB,up,FALSE
REACTOME_REGULATION_OF_T_CELL_ACTIVATION_BY_CD28_FAMILY,REACTOME_REGULATION_OF_T_CELL_ACTIVATION_BY_CD28_FAMILY,Reactome,Treg,SF_vs_PB_Treg,1.84571108,0.404574633,1.05187644e-6,3.090096e-5,237,69,PDCD1/HLA-DQA2/HLA-DRB1/HLA-DQB1/HLA-DRA/HLA-DRB5/CD80/CTLA4/H3F3B/HLA-DPB1/STAT3/ERLEC1/HLA-DPA1/CD4/DERL1/YWHAG/PSMD1/HLA-DQA1/EPAS1/RBX1/CD274/CTNNB1/EED/PSMB5/HIF1A/PSMD14/PSMC1/MAGT1/PSMB6/PSMC2/PSMB1/FOS/RPN2/PSMA7/PSMD8/ATF3/PSMD7/ADRM1/PDCD1LG2/RPN1/PSMB3/PSMD11/PSMA6/PAK2/PSMD12/RNF5/PSMC3/ICOS/YES1/PRKAB1/PSMA3/UBC/UBB/PSMC4/DPY30/NFKB2/OSTC/TRIB3/PSMB7/JUND/CD3D/DDOST/STT3A/OS9/VCP/PSMD13/TMEM258/AKT1/DERL2,up,FALSE
REACTOME_COPI_DEPENDENT_GOLGI_TO_ER_RETROGRADE_TRAFFIC,REACTOME_COPI_DEPENDENT_GOLGI_TO_ER_RETROGRADE_TRAFFIC,Reactome,Treg,SF_vs_PB_Treg,2.15751687,0.554050545,1.05277719e-6,3.090096e-5,78,40,SURF4/KIF21A/KIF20B/TMED9/TMED10/TUBB2A/TMED3/TUBB6/ARF4/ARFGAP3/NAPG/KIF13B/RAB1B/KDELR3/KIF1B/TUBA1C/ARF5/TUBA1A/KIF5B/RAB1A/KLC2/KIF3C/KIF3A/ARF1/TMED2/COPE/COPB2/COPZ1/COPB1/COPG2/TMED7/TUBB4B/NAPA/ARF3/KIF1C/RACGAP1/GBF1/TUBA4A/ARCN1/TUBA1B,up,FALSE
REACTOME_NEGATIVE_REGULATION_OF_NOTCH4_SIGNALING,REACTOME_NEGATIVE_REGULATION_OF_NOTCH4_SIGNALING,Reactome,Treg,SF_vs_PB_Treg,2.27869583,0.662403448,1.11254067e-6,3.14888742e-5,41,28,PSMD1/RBX1/PSMB5/PSMD14/PSMC1/PSMB6/PSMC2/PSMB1/PSMA7/PSMD8/PSMD7/ADRM1/PSMB3/PSMD11/PSMA6/YWHAZ/PSMD12/PSMC3/PSMA3/UBC/UBB/PSMC4/PSMB7/PSMD13/AKT1/PSMB2/PSMD3/PSMA5,up,FALSE
REACTOME_HH_MUTANTS_ABROGATE_LIGAND_SECRETION,REACTOME_HH_MUTANTS_ABROGATE_LIGAND_SECRETION,Reactome,Treg,SF_vs_PB_Treg,2.27718067,0.661963001,1.11254067e-6,3.14888742e-5,41,29,ERLEC1/PSMD1/PSMB5/PSMD14/PSMC1/PSMB6/PSMC2/PSMB1/PSMA7/PSMD8/PSMD7/ADRM1/PSMB3/PSMD11/PSMA6/PSMD12/PSMC3/PSMA3/UBC/UBB/PSMC4/PSMB7/OS9/VCP/PSMD13/DERL2/PSMB2/PSMD3/PSMA5,up,FALSE
REACTOME_SCF_SKP2_MEDIATED_DEGRADATION_OF_P27_P21,REACTOME_SCF_SKP2_MEDIATED_DEGRADATION_OF_P27_P21,Reactome,Treg,SF_vs_PB_Treg,2.20434955,0.619765099,1.16308385e-6,3.2341893e-5,48,26,CDKN1A/PSMD1/PSMB5/PSMD14/PSMC1/PSMB6/PSMC2/PSMB1/PSMA7/PSMD8/PTK6/PSMD7/ADRM1/PSMB3/PSMD11/PSMA6/PSMD12/PSMC3/PSMA3/UBC/UBB/PSMC4/PSMB7/PSMD13/PSMB2/PSMD3,up,FALSE
REACTOME_REGULATION_OF_RUNX3_EXPRESSION_AND_ACTIVITY,REACTOME_REGULATION_OF_RUNX3_EXPRESSION_AND_ACTIVITY,Reactome,Treg,SF_vs_PB_Treg,2.2389606,0.644380411,1.18614528e-6,3.24144873e-5,43,26,CBFB/PSMD1/PSMB5/PSMD14/PSMC1/PSMB6/PSMC2/PSMB1/PSMA7/PSMD8/PSMD7/ADRM1/PSMB3/PSMD11/PSMA6/PSMD12/PSMC3/PSMA3/UBC/UBB/PSMC4/PSMB7/PSMD13/PSMB2/PSMD3/PSMA5,up,FALSE
REACTOME_FBXL7_DOWN_REGULATES_AURKA_DURING_MITOTIC_ENTRY_AND_IN_EARLY_MITOSIS,REACTOME_FBXL7_DOWN_REGULATES_AURKA_DURING_MITOTIC_ENTRY_AND_IN_EARLY_MITOSIS,Reactome,Treg,SF_vs_PB_Treg,2.24988274,0.661673093,1.27220598e-6,3.41770589e-5,39,26,PSMD1/RBX1/PSMB5/PSMD14/PSMC1/PSMB6/PSMC2/PSMB1/PSMA7/PSMD8/PSMD7/ADRM1/PSMB3/PSMD11/PSMA6/PSMD12/PSMC3/PSMA3/UBC/UBB/PSMC4/PSMB7/PSMD13/PSMB2/PSMD3/PSMA5,up,FALSE
REACTOME_HEDGEHOG_LIGAND_BIOGENESIS,REACTOME_HEDGEHOG_LIGAND_BIOGENESIS,Reactome,Treg,SF_vs_PB_Treg,2.22706312,0.640956277,1.5075484e-6,3.98244036e-5,43,30,ERLEC1/PSMD1/PSMB5/PSMD14/PSMC1/PSMB6/PSMC2/PSMB1/PSMA7/PSMD8/PSMD7/ADRM1/PSMB3/PSMD11/PSMA6/PSMD12/PSMC3/PSMA3/UBC/UBB/PSMC4/PSMB7/OS9/VCP/PSMD13/DERL2/PSMB2/PSMD3/PSMA5/P4HB,up,FALSE
REACTOME_INTRA_GOLGI_AND_RETROGRADE_GOLGI_TO_ER_TRAFFIC,REACTOME_INTRA_GOLGI_AND_RETROGRADE_GOLGI_TO_ER_TRAFFIC,Reactome,Treg,SF_vs_PB_Treg,1.86078873,0.424176654,1.78060994e-6,4.56474556e-5,172,64,GOLIM4/SURF4/KIF21A/KIF20B/TMED9/TMED10/VAMP4/PLIN3/CAPZA2/TUBB2A/TMED3/ARL1/TUBB6/DYNLL1/ARF4/ARFGAP3/DCTN2/GALNT1/NAPG/CYTH2/KIF13B/MAN1A1/RAB1B/DYNC1I2/PAFAH1B2/KDELR3/KIF1B/TUBA1C/ACTR1A/ARF5/TUBA1A/ACTR10/KIF5B/RAB1A/KLC2/KIF3C/PAFAH1B3/KIF3A/ARF1/TMED2/DCTN5/DYNC1H1/MAN2A2/COPE/RAB18/COPB2/DYNC1LI2/IGF2R/COPZ1/TMF1/VAMP3/COPB1/VPS54/COPG2/TMED7/TUBB4B/PAFAH1B1/NAPA/ARF3/STX6/DCTN6/KIF1C/RACGAP1/AGPAT3,up,FALSE
REACTOME_HEDGEHOG_OFF_STATE,REACTOME_HEDGEHOG_OFF_STATE,Reactome,Treg,SF_vs_PB_Treg,2.09163615,0.534687211,1.7855787e-6,4.56474556e-5,80,38,PRKAR1B/PRKAR1A/TUBB2A/TUBB6/PSMD1/RBX1/PSMB5/PSMD14/TUBA1C/PSMC1/ADCY3/PSMB6/PSMC2/PSMB1/PSMA7/PSMD8/PSMD7/TUBA1A/ADRM1/PSMB3/PSMD11/PSMA6/WDR35/KIF3A/PSMD12/PSMC3/PSMA3/UBC/UBB/PSMC4/PSMB7/GPR161/PSMD13/TULP3/PSMB2/PSMD3/TUBB4B/PSMA5,up,FALSE
REACTOME_COPI_MEDIATED_ANTEROGRADE_TRANSPORT,REACTOME_COPI_MEDIATED_ANTEROGRADE_TRANSPORT,Reactome,Treg,SF_vs_PB_Treg,2.10638764,0.537230141,2.10633559e-6,5.29927287e-5,81,42,TMED9/TMED10/CAPZA2/TUBB2A/TMED3/TUBB6/DYNLL1/ARF4/ARFGAP3/DCTN2/NAPG/RAB1B/DYNC1I2/KDELR3/TUBA1C/ACTR1A/ARF5/TUBA1A/ACTR10/GOLGB1/GOLGA2/RAB1A/ARF1/TMED2/DCTN5/DYNC1H1/COPE/COPB2/DYNC1LI2/COPZ1/COPB1/COPG2/TMED7/TUBB4B/NAPA/ARF3/DCTN6/DYNC1LI1/GBF1/TUBA4A/ARCN1/TUBA1B,up,FALSE
REACTOME_SIGNALING_BY_NOTCH4,REACTOME_SIGNALING_BY_NOTCH4,Reactome,Treg,SF_vs_PB_Treg,2.15329573,0.573260251,2.17698047e-6,5.39142819e-5,64,36,KAT2B/RBPJ/NOTCH1/PSMD1/RBX1/PSMB5/PSMD14/PSMC1/PSMB6/PSMC2/PSMB1/PSMA7/MAMLD1/PSMD8/PSMD7/ADRM1/PSMB3/PSMD11/PSMA6/YWHAZ/PSMD12/PSEN2/PSMC3/NOTCH2/PSMA3/UBC/UBB/PSMC4/PSEN1/PSMB7/PSMD13/AKT1/PSMB2/PSMD3/PSMA5/PSENEN,up,FALSE
REACTOME_RIBOSOME_QUALITY_CONTROL_RQC_COMPLEX_EXTRACTS_AND_DEGRADES_NASCENT_PEPTIDE,REACTOME_RIBOSOME_QUALITY_CONTROL_RQC_COMPLEX_EXTRACTS_AND_DEGRADES_NASCENT_PEPTIDE,Reactome,Treg,SF_vs_PB_Treg,-2.04028281,-0.4777025,2.2796104e-6,5.55874228e-5,99,48,RPL28/RPL23/RPL10/RPL35/RPL41/RPLP1/RPL36A/RPL24/ANKZF1/RPL14/RPL17/RPL15/RPS27A/RPL7A/RPL34/RPL35A/RPL19/RPL18A/RPL26/RPL6/RPL12/UBA52/RPL11/RPL8/RPL18/RPL30/RPL38/RPL32/RPL36/RPL10A/RPL13/RPL9/RPL27A/RPL27/RPL23A/RPL21/RPL37A/RPL39/RPL31/RPL29/RPL5/RPL13A/RPL3/RPL4/RPL37/RPL22/RPLP2/RPL7,down,FALSE
REACTOME_REGULATION_OF_MRNA_STABILITY_BY_PROTEINS_THAT_BIND_AU_RICH_ELEMENTS,REACTOME_REGULATION_OF_MRNA_STABILITY_BY_PROTEINS_THAT_BIND_AU_RICH_ELEMENTS,Reactome,Treg,SF_vs_PB_Treg,2.11689575,0.551303821,2.39779959e-6,5.75835205e-5,72,35,HSPA1A/PSMD1/MAPK11/MAPKAPK2/PSMB5/PSMD14/PSMC1/EIF4G1/PSMB6/PSMC2/PSMB1/PSMA7/PSMD8/PSMD7/EXOSC4/ADRM1/PSMB3/EXOSC7/PSMD11/PSMA6/YWHAB/YWHAZ/PSMD12/PSMC3/HSPB1/PSMA3/UBC/PRKCD/UBB/PSMC4/PSMB7/PSMD13/AKT1/PSMB2/PSMD3,up,FALSE
REACTOME_RESPONSE_TO_ELEVATED_PLATELET_CYTOSOLIC_CA2,REACTOME_RESPONSE_TO_ELEVATED_PLATELET_CYTOSOLIC_CA2,Reactome,Treg,SF_vs_PB_Treg,2.04628364,0.513852323,2.44540191e-6,5.78501796e-5,89,45,SRGN/ACTN4/CD63/TIMP1/SCCPDH/CD9/PDGFA/CLU/LAMP2/TAGLN2/F5/APLP2/CALU/ECM1/CHID1/FAM3C/MANF/QSOX1/TLN1/TMX3/PHACTR2/ANXA5/VTI1B/PCYOX1L/SERPINE1/CD109/SOD1/CTSW/CAP1/FN1/TEX264/A1BG/ALDOA/PSAP/STX4/CFL1/PROS1/TOR4A/VEGFA/FAM49B/CALM1/PFN1/LGALS3BP/HSPA5/MAGED2,up,FALSE
REACTOME_REGULATION_OF_APOPTOSIS,REACTOME_REGULATION_OF_APOPTOSIS,Reactome,Treg,SF_vs_PB_Treg,2.19712056,0.649559074,2.62271576e-6,6.11324187e-5,38,26,PSMD1/PSMB5/PSMD14/PSMC1/PSMB6/PSMC2/PSMB1/PSMA7/PSMD8/PSMD7/ADRM1/PSMB3/PSMD11/PSMA6/PAK2/PSMD12/PSMC3/PSMA3/UBC/UBB/PSMC4/PSMB7/PSMD13/PSMB2/PSMD3/PSMA5,up,FALSE
REACTOME_REPRESSION_OF_WNT_TARGET_GENES,REACTOME_REPRESSION_OF_WNT_TARGET_GENES,Reactome,Treg,SF_vs_PB_Treg,-2.21602877,-0.872591068,3.2231221e-6,7.26523861e-5,11,6,AXIN2/TLE4/LEF1/MYC/TCF7/AES,down,FALSE
REACTOME_HEDGEHOG_ON_STATE,REACTOME_HEDGEHOG_ON_STATE,Reactome,Treg,SF_vs_PB_Treg,2.15990234,0.585239154,3.25266683e-6,7.26523861e-5,58,28,PSMD1/RBX1/PSMB5/PSMD14/PSMC1/PSMB6/PSMC2/PSMB1/PSMA7/PSMD8/PSMD7/ADRM1/PSMB3/PSMD11/PSMA6/KIF3A/PSMD12/PSMC3/PSMA3/UBC/UBB/PSMC4/PSMB7/GPR161/PSMD13/PSMB2/EVC/PSMD3,up,FALSE
REACTOME_ASYMMETRIC_LOCALIZATION_OF_PCP_PROTEINS,REACTOME_ASYMMETRIC_LOCALIZATION_OF_PCP_PROTEINS,Reactome,Treg,SF_vs_PB_Treg,2.2188086,0.644994583,3.2544602e-6,7.26523861e-5,41,26,PSMD1/PSMB5/PSMD14/PSMC1/PSMB6/PSMC2/PSMB1/PSMA7/PSMD8/PSMD7/ADRM1/PSMB3/PSMD11/PSMA6/PARD6A/PSMD12/PSMC3/PSMA3/UBC/UBB/PSMC4/PSMB7/PSMD13/PSMB2/PSMD3/PSMA5,up,FALSE
REACTOME_DISEASES_OF_METABOLISM,REACTOME_DISEASES_OF_METABOLISM,Reactome,Treg,SF_vs_PB_Treg,1.88951938,0.432504379,3.47838647e-6,7.65728133e-5,167,67,SDC4/GALK1/CYP7B1/GGT1/IDS/NOTCH1/TCN2/GYG1/CD320/C1GALT1C1/DPM2/CYP4F22/CYP2R1/BCKDK/GSS/HPRT1/B3GAT3/HEXB/NAGS/NEU1/TPMT/GALE/DHDDS/ACY1/IDH1/ASL/MUC12/CTSA/ECHS1/MUC1/B3GALT6/PGM1/SLC35D1/PNP/G6PC3/ALG8/GUSB/GBE1/HGSNAT/NOTCH2/UBC/UBB/GNE/GPC1/ALG3/CHSY1/SFTPD/ALG1/SLC37A4/OPLAH/DAG1/DPAGT1/DOLK/GFPT1/ABCD4/B4GALT7/OGN/DPM1/C1GALT1/ABCA3/GALM/MPDU1/MGAT2/B3GALTL/SRD5A3/ARSB/LFNG,up,FALSE
REACTOME_TRANSCRIPTIONAL_REGULATION_BY_RUNX2,REACTOME_TRANSCRIPTIONAL_REGULATION_BY_RUNX2,Reactome,Treg,SF_vs_PB_Treg,2.07503232,0.529233025,4.05584863e-6,8.80619188e-5,81,34,CDKN1A/LGALS3/CBFB/MAF/PSMD1/RBX1/HIVEP3/PSMB5/PSMD14/PSMC1/PSMB6/PSMC2/PSMB1/TWIST1/PSMA7/PSMD8/PSMD7/ADRM1/PSMB3/PSMD11/SHFM1/PSMA6/PSMD12/PSMC3/YES1/PSMA3/UBC/UBB/PSMC4/PSMB7/PSMD13/AKT1/PSMB2/PSMD3,up,FALSE
REACTOME_SIGNALING_BY_HEDGEHOG,REACTOME_SIGNALING_BY_HEDGEHOG,Reactome,Treg,SF_vs_PB_Treg,1.97841269,0.483695697,4.13329022e-6,8.85306081e-5,105,43,PRKAR1B/PRKAR1A/TUBB2A/ERLEC1/TUBB6/PSMD1/RBX1/PSMB5/PSMD14/TUBA1C/PSMC1/ADCY3/PSMB6/PSMC2/PSMB1/PSMA7/PSMD8/PSMD7/TUBA1A/ADRM1/PSMB3/PSMD11/PSMA6/WDR35/KIF3A/PSMD12/PSMC3/PSMA3/UBC/UBB/PSMC4/PSMB7/GPR161/OS9/VCP/PSMD13/DERL2/TULP3/PSMB2/EVC/PSMD3/TUBB4B/PSMA5,up,FALSE
REACTOME_GSK3B_MEDIATED_PROTEASOMAL_DEGRADATION_OF_PD_L1_CD274,REACTOME_GSK3B_MEDIATED_PROTEASOMAL_DEGRADATION_OF_PD_L1_CD274,Reactome,Treg,SF_vs_PB_Treg,2.20127248,0.63643732,4.54695028e-6,9.6092216e-5,42,27,PSMD1/RBX1/CD274/PSMB5/PSMD14/PSMC1/PSMB6/PSMC2/PSMB1/PSMA7/PSMD8/PSMD7/ADRM1/PSMB3/PSMD11/PSMA6/PSMD12/PSMC3/PSMA3/UBC/UBB/PSMC4/PSMB7/PSMD13/PSMB2/PSMD3/PSMA5,up,FALSE
REACTOME_MAPK1_MAPK3_SIGNALING,REACTOME_MAPK1_MAPK3_SIGNALING,Reactome,Treg,SF_vs_PB_Treg,1.80010567,0.407493011,5.3109556e-6,1.10761377e-4,181,65,IL2RB/IQGAP1/IL2RA/DUSP16/PEA15/PTPN7/DUSP4/IL2RG/RASGEF1A/PDGFA/BCL2L1/PSMD1/CSF2/RBX1/SPRED2/RALGDS/PSMB5/PSMD14/PPP5C/PSMC1/PSMB6/PSMC2/PSMB1/RAP1B/PSMA7/PSMD8/KRAS/PSMD7/TLN1/ADRM1/PPP1CB/PSMB3/PSMD11/PSMA6/YWHAB/DUSP2/NCAM1/PSMD12/DUSP5/HBEGF/LYPLA1/PSMC3/PSMA3/UBC/UBB/FN1/PSMC4/LAMTOR2/NRAS/RASAL1/PHB/PSMB7/DLG4/PSMD13/JAK3/PSMB2/PSMD3/LAMTOR3/PTPN11/CALM1/DUSP6/PPP2CB/ACTB/HRAS/PSMA5,up,FALSE
REACTOME_PCP_CE_PATHWAY,REACTOME_PCP_CE_PATHWAY,Reactome,Treg,SF_vs_PB_Treg,2.09868691,0.560343333,5.95470585e-6,1.2257414e-4,63,32,PSMD1/RHOA/PSMB5/PSMD14/AP2B1/PSMC1/PSMB6/PSMC2/PSMB1/PSMA7/PSMD8/PSMD7/ADRM1/PSMB3/PSMD11/PSMA6/PARD6A/PSMD12/PSMC3/PSMA3/UBC/CLTC/UBB/PSMC4/RAC3/PSMB7/PSMD13/PSMB2/DVL3/PSMD3/PFN1/PSMA5,up,FALSE
REACTOME_CELLULAR_RESPONSE_TO_HYPOXIA,REACTOME_CELLULAR_RESPONSE_TO_HYPOXIA,Reactome,Treg,SF_vs_PB_Treg,2.14066958,0.58385947,6.06204109e-6,1.23183784e-4,56,31,PSMD1/EPAS1/HIGD1A/RBX1/PSMB5/HIF1A/PSMD14/PSMC1/PSMB6/PSMC2/PSMB1/PSMA7/PSMD8/PSMD7/ADRM1/PSMB3/PSMD11/PSMA6/PSMD12/PSMC3/PSMA3/UBC/UBB/PSMC4/TCEB1/PSMB7/PSMD13/TCEB2/PSMB2/VEGFA/PSMD3,up,FALSE
REACTOME_INTERFERON_GAMMA_SIGNALING,REACTOME_INTERFERON_GAMMA_SIGNALING,Reactome,Treg,SF_vs_PB_Treg,1.99600342,0.507045927,7.44184449e-6,1.49307893e-4,83,40,HLA-DQA2/HLA-DRB1/OASL/HLA-DQB1/HLA-DRA/HLA-DRB5/TRIM45/OAS3/MT2A/IFNGR1/HLA-DPB1/HLA-DPA1/OAS1/HLA-DQA1/TRIM46/ICAM1/PTPN1/HLA-A/CD44/IRF7/HLA-B/TRIM25/SP100/NCAM1/HLA-F/HLA-C/PRKCD/IRF5/CIITA/B2M/PTPN11/SOCS3/SOCS1/TRIM3/IFNG/PML/SMAD7/TRIM21/GBP2/TRIM17,up,FALSE
REACTOME_ACTIVATION_OF_APC_C_AND_APC_C_CDC20_MEDIATED_DEGRADATION_OF_MITOTIC_PROTEINS,REACTOME_ACTIVATION_OF_APC_C_AND_APC_C_CDC20_MEDIATED_DEGRADATION_OF_MITOTIC_PROTEINS,Reactome,Treg,SF_vs_PB_Treg,2.11709161,0.566518066,7.95539098e-6,0.00015761618400000001,62,29,PSMD1/PSMB5/PTTG1/PSMD14/PSMC1/PSMB6/PSMC2/PSMB1/PSMA7/PSMD8/PSMD7/ADRM1/BUB3/PSMB3/PSMD11/PSMA6/PSMD12/PSMC3/PSMA3/UBC/UBB/PSMC4/PSMB7/PSMD13/CDC27/PSMB2/PSMD3/PSMA5/ANAPC11,up,FALSE
REACTOME_INTERLEUKIN_12_FAMILY_SIGNALING,REACTOME_INTERLEUKIN_12_FAMILY_SIGNALING,Reactome,Treg,SF_vs_PB_Treg,2.11642535,0.589912599,8.05946723e-6,1.57706859e-4,50,25,IL23R/IL10/STAT4/EBI3/IL12RB2/MIF/STAT3/ANXA2/GSTO1/RAP1B/HSPA9/PAK2/SOD1/IL12RB1/ARF1/PSME2/AIP/CFL1/PITPNA/SNRPA1/IFNG/P4HB/HNRNPDL/MSN/CDC42,up,FALSE
REACTOME_UBIQUITIN_DEPENDENT_DEGRADATION_OF_CYCLIN_D,REACTOME_UBIQUITIN_DEPENDENT_DEGRADATION_OF_CYCLIN_D,Reactome,Treg,SF_vs_PB_Treg,2.18298093,0.648999402,8.35668841e-6,1.61528672e-4,37,25,PSMD1/PSMB5/PSMD14/PSMC1/PSMB6/PSMC2/PSMB1/PSMA7/PSMD8/PSMD7/ADRM1/PSMB3/PSMD11/PSMA6/PSMD12/PSMC3/PSMA3/UBC/UBB/PSMC4/PSMB7/PSMD13/PSMB2/PSMD3/PSMA5,up,FALSE
REACTOME_UBIQUITIN_MEDIATED_DEGRADATION_OF_PHOSPHORYLATED_CDC25A,REACTOME_UBIQUITIN_MEDIATED_DEGRADATION_OF_PHOSPHORYLATED_CDC25A,Reactome,Treg,SF_vs_PB_Treg,2.11778628,0.5925501,8.54768344e-6,1.63229859e-4,49,27,PSMD1/MAPK11/RBX1/PSMB5/PSMD14/PSMC1/PSMB6/PSMC2/PSMB1/PSMA7/PSMD8/PSMD7/ADRM1/PSMB3/PSMD11/PSMA6/NEK11/PSMD12/PSMC3/PSMA3/UBC/UBB/PSMC4/PSMB7/PSMD13/PSMB2/PSMD3,up,FALSE
REACTOME_REGULATION_OF_RUNX2_EXPRESSION_AND_ACTIVITY,REACTOME_REGULATION_OF_RUNX2_EXPRESSION_AND_ACTIVITY,Reactome,Treg,SF_vs_PB_Treg,2.0868098,0.577181539,8.77648004e-6,1.6560382e-4,52,29,CBFB/PSMD1/RBX1/HIVEP3/PSMB5/PSMD14/PSMC1/PSMB6/PSMC2/PSMB1/TWIST1/PSMA7/PSMD8/PSMD7/ADRM1/PSMB3/PSMD11/SHFM1/PSMA6/PSMD12/PSMC3/PSMA3/UBC/UBB/PSMC4/PSMB7/PSMD13/PSMB2/PSMD3,up,FALSE
REACTOME_EXTRACELLULAR_MATRIX_ORGANIZATION,REACTOME_EXTRACELLULAR_MATRIX_ORGANIZATION,Reactome,Treg,SF_vs_PB_Treg,1.88186384,0.444814755,9.9948593e-6,1.86374729e-4,132,55,SDC4/FURIN/CTSB/TIMP1/SGCB/COL9A2/CD151/TMPRSS6/ADAM19/SERPINH1/P4HA2/PDGFA/BSG/SNTA1/PLOD3/ICAM1/CAST/ADAM15/CEACAM1/TRAPPC4/CTSD/LTBP3/ITGAX/CAPN2/BMP1/COL5A1/CD44/ITGAM/MMP9/ITGA3/ITGA2/ITGB2/P4HA1/EMILIN2/NCAM1/CTSL/SERPINE1/LOXL1/PPIB/CAPNS1/ADAM12/FN1/SH3PXD2A/PSEN1/F11R/ACTG2/DAG1/ITGA4/LAMB3/PLEC/ICAM3/ADAM8/ACTB/ITGAE/PCOLCE,up,FALSE
REACTOME_REGULATION_OF_PTEN_STABILITY_AND_ACTIVITY,REACTOME_REGULATION_OF_PTEN_STABILITY_AND_ACTIVITY,Reactome,Treg,SF_vs_PB_Treg,2.08179105,0.575793426,1.02494334e-5,1.88899442e-4,52,27,PSMD1/PSMB5/PSMD14/PSMC1/PSMB6/PSMC2/PSMB1/PSMA7/PSMD8/PSMD7/ADRM1/PSMB3/PSMD11/PSMA6/PSMD12/PSMC3/PSMA3/UBC/UBB/PSMC4/NEDD4/PSMB7/PSMD13/AKT1/PSMB2/PSMD3/PSMA5,up,FALSE
REACTOME_DOWNSTREAM_TCR_SIGNALING,REACTOME_DOWNSTREAM_TCR_SIGNALING,Reactome,Treg,SF_vs_PB_Treg,2.01006279,0.515081924,1.09258495e-5,1.99051395e-4,79,38,HLA-DQA2/HLA-DRB1/HLA-DQB1/HLA-DRA/HLA-DRB5/HLA-DPB1/HLA-DPA1/CD4/PSMD1/HLA-DQA1/PSMB5/PSMD14/PSMC1/PSMB6/PSMC2/PSMB1/PSMA7/PSMD8/PSMD7/ADRM1/PSMB3/PSMD11/PSMA6/PSMD12/PSMC3/UBE2N/PSMA3/UBC/UBB/PSMC4/NFKBIA/PSMB7/CD3D/PSMD13/PSMB2/PSMD3/IKBKG/PSMA5,up,FALSE
REACTOME_REGULATION_OF_RAS_BY_GAPS,REACTOME_REGULATION_OF_RAS_BY_GAPS,Reactome,Treg,SF_vs_PB_Treg,2.10441402,0.588808584,1.18683169e-5,2.13764572e-4,49,31,PSMD1/RBX1/SPRED2/PSMB5/PSMD14/PSMC1/PSMB6/PSMC2/PSMB1/PSMA7/PSMD8/KRAS/PSMD7/ADRM1/PSMB3/PSMD11/PSMA6/PSMD12/PSMC3/PSMA3/UBC/UBB/PSMC4/NRAS/RASAL1/PSMB7/PSMD13/PSMB2/PSMD3/HRAS/PSMA5,up,FALSE
REACTOME_REGULATION_OF_PD_L1_CD274_EXPRESSION,REACTOME_REGULATION_OF_PD_L1_CD274_EXPRESSION,Reactome,Treg,SF_vs_PB_Treg,1.81188242,0.413719748,1.22335729e-5,2.17867563e-4,170,52,PDCD1/H3F3B/STAT3/ERLEC1/DERL1/YWHAG/PSMD1/EPAS1/RBX1/CD274/CTNNB1/EED/PSMB5/HIF1A/PSMD14/PSMC1/MAGT1/PSMB6/PSMC2/PSMB1/FOS/RPN2/PSMA7/PSMD8/ATF3/PSMD7/ADRM1/PDCD1LG2/RPN1/PSMB3/PSMD11/PSMA6/PSMD12/RNF5/PSMC3/PRKAB1/PSMA3/UBC/UBB/PSMC4/DPY30/NFKB2/OSTC/PSMB7/JUND/DDOST/STT3A/OS9/VCP/PSMD13/TMEM258/DERL2,up,FALSE
REACTOME_APC_C_CDH1_MEDIATED_DEGRADATION_OF_CDC20_AND_OTHER_APC_C_CDH1_TARGETED_PROTEINS_IN_LATE_MITOSIS_EARLY_G1,REACTOME_APC_C_CDH1_MEDIATED_DEGRADATION_OF_CDC20_AND_OTHER_APC_C_CDH1_TARGETED_PROTEINS_IN_LATE_MITOSIS_EARLY_G1,Reactome,Treg,SF_vs_PB_Treg,2.04583466,0.552726704,1.4842877e-5,2.61399555e-4,59,28,PSMD1/PSMB5/PTTG1/PSMD14/PSMC1/PSMB6/PSMC2/PSMB1/PSMA7/PSMD8/PSMD7/ADRM1/PSMB3/PSMD11/PSMA6/PSMD12/PSMC3/PSMA3/UBC/UBB/PSMC4/PSMB7/PSMD13/CDC27/PSMB2/PSMD3/PSMA5/ANAPC11,up,FALSE
REACTOME_DEGRADATION_OF_CRY_AND_PER_PROTEINS,REACTOME_DEGRADATION_OF_CRY_AND_PER_PROTEINS,Reactome,Treg,SF_vs_PB_Treg,2.08678424,0.591927961,1.87731266e-5,3.26982481e-4,46,26,PSMD1/RBX1/PSMB5/PSMD14/PSMC1/PSMB6/PSMC2/PSMB1/PSMA7/PSMD8/PSMD7/ADRM1/PSMB3/PSMD11/PSMA6/PSMD12/PSMC3/PSMA3/UBC/UBB/PSMC4/PSMB7/PSMD13/PSMB2/PSMD3/PSMA5,up,FALSE
REACTOME_DISSOLUTION_OF_FIBRIN_CLOT,REACTOME_DISSOLUTION_OF_FIBRIN_CLOT,Reactome,Treg,SF_vs_PB_Treg,2.0614695,0.877691238,2.33221651e-5,3.97665673e-4,9,7,SERPINE2/S100A10/ANXA2/SERPINB8/SERPINE1/PLAU/PLAUR,up,FALSE
REACTOME_CLEC7A_DECTIN_1_SIGNALING,REACTOME_CLEC7A_DECTIN_1_SIGNALING,Reactome,Treg,SF_vs_PB_Treg,1.94499072,0.494087141,2.33330647e-5,3.97665673e-4,83,38,PSMD1/PSMB5/PSMD14/PSMC1/PSMB6/PSMC2/PSMB1/PSMA7/PSMD8/PSMD7/CLEC7A/ADRM1/CCL22/PSMB3/PSMD11/PSMA6/ITPR1/ITPR3/PSMD12/PSMC3/UBE2M/UBE2N/PSMA3/UBC/PRKCD/UBB/PSMC4/NFKB2/NFKBIA/PSMB7/PSMD13/PSMB2/PSMD3/IKBKG/CALM1/PSMA5/PYCARD/SRC,up,FALSE
REACTOME_DEGRADATION_OF_AXIN,REACTOME_DEGRADATION_OF_AXIN,Reactome,Treg,SF_vs_PB_Treg,2.06015746,0.60237154,2.37327246e-5,4.00174133e-4,40,25,PSMD1/PSMB5/PSMD14/PSMC1/PSMB6/PSMC2/PSMB1/PSMA7/PSMD8/PSMD7/ADRM1/PSMB3/PSMD11/PSMA6/PSMD12/PSMC3/PSMA3/UBC/UBB/PSMC4/PSMB7/PSMD13/PSMB2/PSMD3/PSMA5,up,FALSE
REACTOME_PLATELET_ACTIVATION_SIGNALING_AND_AGGREGATION,REACTOME_PLATELET_ACTIVATION_SIGNALING_AND_AGGREGATION,Reactome,Treg,SF_vs_PB_Treg,1.79709511,0.408624407,2.5382406e-5,4.23485405e-4,175,68,SRGN/GNA15/RHOB/ACTN4/CD63/TIMP1/SCCPDH/CD9/GNG4/PDGFA/CLU/LAMP2/RHOA/TAGLN2/F5/APLP2/ABHD6/CALU/ECM1/PTPN1/GNAI3/CHID1/FAM3C/MANF/GNG2/RAP1B/QSOX1/GNG5/F2R/TLN1/TMX3/PHACTR2/ANXA5/VTI1B/PCYOX1L/RHOG/ITPR1/SERPINE1/YWHAZ/CD109/ITPR3/SOD1/CTSW/CAP1/PRKCD/FN1/TEX264/A1BG/ALDOA/PSAP/STX4/CFL1/AKT1/PROS1/TOR4A/VAV2/VEGFA/FAM49B/PTPN11/GNA12/GNB1/CALM1/PFN1/LGALS3BP/DGKE/HSPA5/MAGED2/DAGLA,up,FALSE
REACTOME_DEGRADATION_OF_GLI1_BY_THE_PROTEASOME,REACTOME_DEGRADATION_OF_GLI1_BY_THE_PROTEASOME,Reactome,Treg,SF_vs_PB_Treg,2.08815781,0.600978861,2.58519821e-5,4.26826997e-4,43,26,PSMD1/RBX1/PSMB5/PSMD14/PSMC1/PSMB6/PSMC2/PSMB1/PSMA7/PSMD8/PSMD7/ADRM1/PSMB3/PSMD11/PSMA6/PSMD12/PSMC3/PSMA3/UBC/UBB/PSMC4/PSMB7/PSMD13/PSMB2/PSMD3/PSMA5,up,FALSE
REACTOME_ORC1_REMOVAL_FROM_CHROMATIN,REACTOME_ORC1_REMOVAL_FROM_CHROMATIN,Reactome,Treg,SF_vs_PB_Treg,2.05740669,0.561149836,2.74536948e-5,4.48599033e-4,56,26,PSMD1/RBX1/PSMB5/PSMD14/PSMC1/PSMB6/PSMC2/PSMB1/PSMA7/PSMD8/PSMD7/ADRM1/PSMB3/PSMD11/PSMA6/PSMD12/PSMC3/PSMA3/UBC/UBB/PSMC4/PSMB7/PSMD13/PSMB2/PSMD3/PSMA5,up,FALSE
REACTOME_CIRCADIAN_CLOCK,REACTOME_CIRCADIAN_CLOCK,Reactome,Treg,SF_vs_PB_Treg,1.87330169,0.460940768,2.90242037e-5,4.69422071e-4,101,39,BHLHE40/NAMPT/CREM/ARNTL2/RXRA/PSMD1/RBX1/PSMB5/PSMD14/PSMC1/HELZ2/PSMB6/PSMC2/PSMB1/PSMA7/PSMD8/PSMD7/ADRM1/PPP1CB/PSMB3/PSMD11/PSMA6/SREBF1/SERPINE1/PSMD12/PSMC3/PSMA3/UBC/UBB/PSMC4/NCOA1/PSMB7/PSMD13/PSMB2/PSMD3/MEF2D/PSMA5/TFEB/NCOR1,up,FALSE
REACTOME_ABC_FAMILY_PROTEINS_MEDIATED_TRANSPORT,REACTOME_ABC_FAMILY_PROTEINS_MEDIATED_TRANSPORT,Reactome,Treg,SF_vs_PB_Treg,1.98078883,0.518668809,2.99150006e-5,4.78942181e-4,70,36,ERLEC1/DERL1/PSMD1/PSMB5/PSMD14/PSMC1/PSMB6/PSMC2/PSMB1/PSMA7/PSMD8/PSMD7/ADRM1/PSMB3/PSMD11/EIF2S1/PSMA6/PSMD12/RNF5/PSMC3/PSMA3/UBC/UBB/PSMC4/ABCB8/PSMB7/OS9/VCP/PSMD13/DERL2/PSMB2/PSMD3/PSMA5/ABCA3/ABCF1/ABCG1,up,FALSE
REACTOME_REGULATION_OF_CDH1_FUNCTION,REACTOME_REGULATION_OF_CDH1_FUNCTION,Reactome,Treg,SF_vs_PB_Treg,2.0530925,0.559973154,3.04215854e-5,4.82182129e-4,56,32,CTSB/PSMD1/CTNNA1/CTNNB1/PSMB5/PSMD14/PSMC1/PSMB6/PSMC2/PSMB1/PSMA7/PSMD8/PSMD7/ADRM1/PSMB3/PSMD11/PSMA6/CTSL/PSMD12/PSMC3/PSMA3/UBC/UBB/PSMC4/PSMB7/ACTG2/PSMD13/PSMB2/EPS15/PSMD3/ACTB/PSMA5,up,FALSE
REACTOME_CDK_MEDIATED_PHOSPHORYLATION_AND_REMOVAL_OF_CDC6,REACTOME_CDK_MEDIATED_PHOSPHORYLATION_AND_REMOVAL_OF_CDC6,Reactome,Treg,SF_vs_PB_Treg,2.0351774,0.551444147,3.13448118e-5,4.91896303e-4,58,27,PSMD1/PSMB5/PSMD14/PSMC1/PSMB6/PSMC2/PSMB1/PSMA7/PSMD8/PSMD7/ADRM1/PSMB3/PSMD11/PSMA6/PSMD12/PSMC3/PSMA3/UBC/UBB/PSMC4/PSMB7/PSMD13/CDC27/PSMB2/PSMD3/PSMA5/ANAPC11,up,FALSE
REACTOME_RUNX1_AND_FOXP3_CONTROL_THE_DEVELOPMENT_OF_REGULATORY_T_LYMPHOCYTES_TREGS,REACTOME_RUNX1_AND_FOXP3_CONTROL_THE_DEVELOPMENT_OF_REGULATORY_T_LYMPHOCYTES_TREGS,Reactome,Treg,SF_vs_PB_Treg,2.0088542,0.88608432,3.24500112e-5,5.04247723e-4,8,5,TNFRSF18/FOXP3/IL2RA/CBFB/CTLA4,up,FALSE
REACTOME_HOST_INTERACTIONS_OF_HIV_FACTORS,REACTOME_HOST_INTERACTIONS_OF_HIV_FACTORS,Reactome,Treg,SF_vs_PB_Treg,1.84026786,0.444009413,3.62061039e-5,5.57152181e-4,115,42,APOBEC3G/AP1S1/CD4/PSMD1/RBX1/PSMB5/PSMD14/AP2B1/PSMC1/PSMB6/PSMC2/PSMB1/HLA-A/PSMA7/PSMD8/PSMD7/ADRM1/BANF1/PSMB3/PSMD11/PSMA6/PAK2/PSMD12/ARF1/RANGAP1/PSMC3/DOCK2/PSMA3/UBC/UBB/PSMC4/CDK9/TCEB1/PSMB7/NUP188/NUP37/PSMD13/B2M/TCEB2/PSMB2/PSMD3/RANBP1,up,FALSE
REACTOME_DISEASES_OF_GLYCOSYLATION,REACTOME_DISEASES_OF_GLYCOSYLATION,Reactome,Treg,SF_vs_PB_Treg,1.97097213,0.50614584,4.08068202e-5,6.21911634e-4,78,37,SDC4/GALK1/NOTCH1/C1GALT1C1/DPM2/B3GAT3/HEXB/NEU1/GALE/DHDDS/MUC12/CTSA/MUC1/B3GALT6/PGM1/ALG8/NOTCH2/GNE/GPC1/ALG3/CHSY1/ALG1/DAG1/DPAGT1/DOLK/GFPT1/B4GALT7/OGN/DPM1/C1GALT1/GALM/MPDU1/MGAT2/B3GALTL/SRD5A3/LFNG/POMGNT1,up,FALSE
REACTOME_APC_C_MEDIATED_DEGRADATION_OF_CELL_CYCLE_PROTEINS,REACTOME_APC_C_MEDIATED_DEGRADATION_OF_CELL_CYCLE_PROTEINS,Reactome,Treg,SF_vs_PB_Treg,1.93133627,0.501682913,4.92805772e-5,7.40077232e-4,73,29,PSMD1/PSMB5/PTTG1/PSMD14/PSMC1/PSMB6/PSMC2/PSMB1/PSMA7/PSMD8/PSMD7/ADRM1/BUB3/PSMB3/PSMD11/PSMA6/PSMD12/PSMC3/PSMA3/UBC/UBB/PSMC4/PSMB7/PSMD13/CDC27/PSMB2/PSMD3/PSMA5/ANAPC11,up,FALSE
REACTOME_SOMITOGENESIS,REACTOME_SOMITOGENESIS,Reactome,Treg,SF_vs_PB_Treg,2.08225881,0.619054752,4.9494124000000003e-05,7.40077232e-4,37,25,RBPJ/NOTCH1/PSMD1/CTNNB1/PSMB5/PSMD14/PSMC1/PSMB6/PSMC2/PSMB1/PSMA7/PSMD8/PSMD7/ADRM1/PSMB3/PSMD11/PSMA6/PSMD12/PSMC3/PSMA3/PSMC4/PSMB7/PSMD13/PSMB2/PSMD3,up,FALSE
REACTOME_DISORDERS_OF_TRANSMEMBRANE_TRANSPORTERS,REACTOME_DISORDERS_OF_TRANSMEMBRANE_TRANSPORTERS,Reactome,Treg,SF_vs_PB_Treg,1.81537328,0.438002988,5.21129023e-5,7.69410611e-4,115,45,SLC3A2/SLC27A4/ERLEC1/BSG/DERL1/PSMD1/SLC16A1/SLC39A4/PSMB5/PSMD14/PSMC1/SLC1A1/PSMB6/PSMC2/PSMB1/PSMA7/PSMD8/PSMD7/ADRM1/SLC17A5/PSMB3/PSMD11/PSMA6/PSMD12/RNF5/PSMC3/HK1/PSMA3/SLC2A1/UBC/SLC11A2/ABCA1/UBB/PSMC4/SLC35C1/PSMB7/NUP188/OS9/NUP37/VCP/PSMD13/DERL2/PSMB2/PSMD3/ABCD4,up,FALSE
REACTOME_COPI_INDEPENDENT_GOLGI_TO_ER_RETROGRADE_TRAFFIC,REACTOME_COPI_INDEPENDENT_GOLGI_TO_ER_RETROGRADE_TRAFFIC,Reactome,Treg,SF_vs_PB_Treg,2.05022687,0.606131265,5.24267167e-5,7.69410611e-4,38,24,CAPZA2/TUBB2A/TUBB6/DYNLL1/DCTN2/GALNT1/DYNC1I2/PAFAH1B2/TUBA1C/ACTR1A/TUBA1A/ACTR10/PAFAH1B3/DCTN5/DYNC1H1/RAB18/DYNC1LI2/TUBB4B/PAFAH1B1/DCTN6/AGPAT3/DYNC1LI1/TUBA4A/TUBA1B,up,FALSE
REACTOME_INTERLEUKIN_1_SIGNALING,REACTOME_INTERLEUKIN_1_SIGNALING,Reactome,Treg,SF_vs_PB_Treg,1.86047928,0.460734439,5.57060383e-5,8.10037346e-4,97,47,IL1RN/IL1R1/IL1R2/PSMD1/USP18/IRAK2/RBX1/N4BP1/PSMB5/PSMD14/PSMC1/PSMB6/PSMC2/PSMB1/PSMA7/PSMD8/PSMD7/IKBIP/IL1A/ADRM1/PSMB3/PSMD11/PSMA6/NFKBIB/PSMD12/SQSTM1/PSMC3/USP14/UBE2N/PSMA3/UBC/UBB/PSMC4/IL1RAP/NFKB2/NFKBIA/NKIRAS2/TOLLIP/PSMB7/PELI3/PSMD13/PSMB2/PSMD3/IKBKG/S100B/TNIP2/PSMA5,up,FALSE
REACTOME_C_TYPE_LECTIN_RECEPTORS_CLRS,REACTOME_C_TYPE_LECTIN_RECEPTORS_CLRS,Reactome,Treg,SF_vs_PB_Treg,1.85141684,0.452646893,5.89587504e-5,8.49541994e-4,105,49,PSMD1/PSMB5/PSMD14/PSMC1/PSMB6/PSMC2/PSMB1/PSMA7/PSMD8/KRAS/MUC12/PSMD7/MUC1/CLEC7A/ADRM1/CCL22/PSMB3/PSMD11/PSMA6/PAK2/ITPR1/ITPR3/PSMD12/PSMC3/UBE2M/UBE2N/PSMA3/UBC/PRKCD/UBB/PSMC4/NRAS/NFKB2/NFKBIA/PSMB7/PSMD13/PSMB2/PSMD3/ICAM3/IKBKG/CALM1/HRAS/PSMA5/PAK1/PYCARD/SRC/PPP3CA/CLEC10A/PRKACA,up,FALSE
REACTOME_DOWNSTREAM_SIGNALING_EVENTS_OF_B_CELL_RECEPTOR_BCR,REACTOME_DOWNSTREAM_SIGNALING_EVENTS_OF_B_CELL_RECEPTOR_BCR,Reactome,Treg,SF_vs_PB_Treg,1.98541989,0.525371953,6.0306127e-5,8.58252606e-4,66,34,FKBP1A/PSMD1/PSMB5/PSMD14/PSMC1/PSMB6/PSMC2/PSMB1/PSMA7/PSMD8/KRAS/PSMD7/ADRM1/PSMB3/PSMD11/PSMA6/NFKBIE/NFKBIB/PSMD12/PSMC3/PSMA3/UBC/UBB/PSMC4/NRAS/NFKBIA/PSMB7/PSMD13/PSMB2/PSMD3/IKBKG/CALM1/HRAS/PSMA5,up,FALSE
REACTOME_INTERFERON_ALPHA_BETA_SIGNALING,REACTOME_INTERFERON_ALPHA_BETA_SIGNALING,Reactome,Treg,SF_vs_PB_Treg,1.99877236,0.534856706,6.06462409e-5,8.58252606e-4,62,30,IFI6/OASL/BST2/OAS3/RSAD2/ISG15/OAS1/IFI35/IFITM2/USP18/IFITM3/EIF2AK2/PTPN1/MX1/HLA-A/IRF7/HLA-B/EGR1/HLA-F/HLA-C/IFIT5/UBC/UBB/IFIT1/IFI27/IRF5/XAF1/PTPN11/SOCS3/SOCS1,up,FALSE
REACTOME_GENE_AND_PROTEIN_EXPRESSION_BY_JAK_STAT_SIGNALING_AFTER_INTERLEUKIN_12_STIMULATION,REACTOME_GENE_AND_PROTEIN_EXPRESSION_BY_JAK_STAT_SIGNALING_AFTER_INTERLEUKIN_12_STIMULATION,Reactome,Treg,SF_vs_PB_Treg,2.03434022,0.615987807,6.20396185e-5,8.70201728e-4,34,21,IL10/STAT4/MIF/ANXA2/GSTO1/RAP1B/HSPA9/PAK2/SOD1/ARF1/PSME2/AIP/CFL1/PITPNA/SNRPA1/IFNG/HNRNPDL/MSN/CDC42/LMNB1/TCP1,up,FALSE
REACTOME_PHOSPHORYLATION_OF_CD3_AND_TCR_ZETA_CHAINS,REACTOME_PHOSPHORYLATION_OF_CD3_AND_TCR_ZETA_CHAINS,Reactome,Treg,SF_vs_PB_Treg,2.11752697,0.727137161,6.38957639e-5,8.88375314e-4,20,10,HLA-DQA2/HLA-DRB1/HLA-DQB1/HLA-DRA/HLA-DRB5/PTPN22/HLA-DPB1/HLA-DPA1/CD4/HLA-DQA1,up,FALSE
REACTOME_CELL_JUNCTION_ORGANIZATION,REACTOME_CELL_JUNCTION_ORGANIZATION,Reactome,Treg,SF_vs_PB_Treg,1.68168353,0.372637251,6.83374311e-5,9.41868072e-4,216,64,PKM/FURIN/CTSB/PRDM8/CD151/H3F3B/ADAM19/ILK/PSMD1/ZEB2/CTNNA1/ZC3H12A/CTNNB1/SEC11C/EED/PSMB5/SPCS1/PSMD14/PSMC1/PRKCI/PSMB6/PSMC2/PSMB1/TWIST1/RPN2/PSMA7/PSMD8/PSMD7/ADRM1/PARD6G/RPN1/PSMB3/PSMD11/PSMA6/PARD6A/CTSL/PSMD12/PARVB/PSMC3/SPCS3/SEC11A/ANG/PSMA3/UBC/UBB/PSMC4/F11R/OSTC/CLDN7/PSMB7/ACTG2/DDOST/STT3A/KLF4/MLLT4/PSMD13/TMEM258/SPCS2/PSMB2/LAMB3/EPS15/PLEC/PSMD3/TESK1,up,FALSE
REACTOME_HSP90_CHAPERONE_CYCLE_FOR_STEROID_HORMONE_RECEPTORS_SHR_IN_THE_PRESENCE_OF_LIGAND,REACTOME_HSP90_CHAPERONE_CYCLE_FOR_STEROID_HORMONE_RECEPTORS_SHR_IN_THE_PRESENCE_OF_LIGAND,Reactome,Treg,SF_vs_PB_Treg,2.02635136,0.583190754,7.31459981e-5,9.99451785e-4,43,27,STIP1/HSPA1A/CAPZA2/TUBB2A/TUBB6/DYNLL1/HSP90AB1/DCTN2/DNAJA4/DYNC1I2/TUBA1C/ACTR1A/TUBA1A/ACTR10/DNAJA1/HSPA1B/DCTN5/DYNC1H1/HSPA2/DYNC1LI2/TUBB4B/FKBP4/DCTN6/DYNC1LI1/TUBA4A/TUBA1B/HSP90AA1,up,FALSE
REACTOME_INTERLEUKIN_1_FAMILY_SIGNALING,REACTOME_INTERLEUKIN_1_FAMILY_SIGNALING,Reactome,Treg,SF_vs_PB_Treg,1.78642806,0.426146377,7.77092883e-5,0.00105272839,124,57,IL1RN/PTPN7/IL1R1/STAT3/IL18RAP/IL1R2/PSMD1/USP18/IRAK2/RBX1/N4BP1/PSMB5/PSMD14/PSMC1/PSMB6/PSMC2/PSMB1/PSMA7/PSMD8/PSMD7/IKBIP/IL1A/ADRM1/PSMB3/PSMD11/PSMA6/PTPN9/NFKBIB/MAPK8/PSMD12/SQSTM1/PSMC3/USP14/UBE2N/PSMA3/UBC/UBB/PSMC4/IL1RAP/NFKB2/NFKBIA/TBK1/NKIRAS2/TOLLIP/PSMB7/IL18R1/PELI3/CASP1/PSMD13/PSMB2/PSMD3/IL1RL2/PTPN11/IKBKG/S100B/TNIP2/PSMA5,up,FALSE
REACTOME_MUSCLE_CONTRACTION,REACTOME_MUSCLE_CONTRACTION,Reactome,Treg,SF_vs_PB_Treg,1.90438504,0.479065441,8.03141136e-5,0.00107879551,88,27,ATP1B1/KAT2B/MYL6/SRI/ORAI2/MYL12B/STIM1/VIM/ATP1B3/ANXA1/ANXA2/TPM3/RYR1/ATP2B4/TLN1/FKBP1B/TMOD3/TPM4/CACNB2/MYL12A/PAK2/ITPR1/ITPR3/KCNK5/MYLPF/ATP2A2/ALDH2,up,FALSE
REACTOME_ACTIVATION_OF_NF_KAPPAB_IN_B_CELLS,REACTOME_ACTIVATION_OF_NF_KAPPAB_IN_B_CELLS,Reactome,Treg,SF_vs_PB_Treg,1.96045704,0.542234187,8.62059596e-5,0.00114820543,52,29,PSMD1/PSMB5/PSMD14/PSMC1/PSMB6/PSMC2/PSMB1/PSMA7/PSMD8/PSMD7/ADRM1/PSMB3/PSMD11/PSMA6/NFKBIE/NFKBIB/PSMD12/PSMC3/PSMA3/UBC/UBB/PSMC4/NFKBIA/PSMB7/PSMD13/PSMB2/PSMD3/IKBKG/PSMA5,up,FALSE
REACTOME_FORMATION_OF_PARAXIAL_MESODERM,REACTOME_FORMATION_OF_PARAXIAL_MESODERM,Reactome,Treg,SF_vs_PB_Treg,1.98811962,0.558970854,9.47100979e-5,0.00125096254,48,27,KAT2B/RBPJ/NOTCH1/PSMD1/CTNNB1/PSMB5/PSMD14/PSMC1/PSMB6/PSMC2/PSMB1/PSMA7/MAMLD1/PSMD8/PSMD7/ADRM1/PSMB3/PSMD11/PSMA6/PSMD12/PSMC3/PSMA3/PSMC4/PSMB7/PSMD13/PSMB2/PSMD3,up,FALSE
REACTOME_INTERLEUKIN_12_SIGNALING,REACTOME_INTERLEUKIN_12_SIGNALING,Reactome,Treg,SF_vs_PB_Treg,2.03739021,0.589055274,9.64078005e-5,0.00126286251,42,24,IL10/STAT4/IL12RB2/MIF/ANXA2/GSTO1/RAP1B/HSPA9/PAK2/SOD1/IL12RB1/ARF1/PSME2/AIP/CFL1/PITPNA/SNRPA1/IFNG/P4HB/HNRNPDL/MSN/CDC42/LMNB1/TCP1,up,FALSE
REACTOME_SARS_COV_1_HOST_INTERACTIONS,REACTOME_SARS_COV_1_HOST_INTERACTIONS,Reactome,Treg,SF_vs_PB_Treg,-1.8312637,-0.431454929,1.17655759e-4,0.00152856047,95,35,RPS10/RPS11/RPS17/RPS16/MPP5/RPS19/IRF3/RPS27A/RPS14/RPS25/RPS15/EEF1A1/RPS29/RPS24/UBA52/RPS20/RCAN3/RPSA/RPS4X/RPS7/RPS27/RPS28/RPS15A/RPS12/RPS2/RPS3/RPS5/RPS21/RPS8/RPS23/RPS18/RPS6/RPS13/RPS3A/SMAD3,down,FALSE
REACTOME_HIV_INFECTION,REACTOME_HIV_INFECTION,Reactome,Treg,SF_vs_PB_Treg,1.63913421,0.364019476,1.41042705e-4,0.00181750153,212,57,APOBEC3G/FURIN/CCR5/AP1S1/CHMP5/CD4/PSMD1/POLR2K/RBX1/PSMB5/PSMD14/AP2B1/PSMC1/PSMB6/PSMC2/PSMB1/HLA-A/PSMA7/PSMD8/PSMD7/VPS37C/TSG101/ADRM1/BANF1/CHMP2B/CXCR4/PSMB3/PSMD11/CHMP2A/PSMA6/NELFE/PAK2/PSMD12/ARF1/RANGAP1/CHMP6/PSMC3/DOCK2/PSMA3/UBC/TAF13/UBB/PSMC4/POLR2L/CDK9/VPS37B/TCEB1/PSMB7/NUP188/NUP37/POLR2E/PSMD13/B2M/TCEB2/PSMB2/PSMD3/RANBP1,up,FALSE
REACTOME_MAPK_FAMILY_SIGNALING_CASCADES,REACTOME_MAPK_FAMILY_SIGNALING_CASCADES,Reactome,Treg,SF_vs_PB_Treg,1.63341477,0.3627493,1.62331908e-4,0.00207496834,212,84,IL2RB/IQGAP1/IL2RA/DUSP16/PEA15/PTPN7/DUSP4/IL2RG/RASGEF1A/PDGFA/BCL2L1/PSMD1/CSF2/RBX1/SPRED2/RALGDS/PSMB5/PSMD14/PPP5C/PSMC1/PSMB6/PSMC2/PSMB1/RAP1B/PSMA7/NCOA3/PSMD8/KRAS/PSMD7/TLN1/ADRM1/PPP1CB/PSMB3/PSMD11/PSMA6/YWHAB/DUSP2/PAK2/NCAM1/PSMD12/DUSP5/HBEGF/FOXO1/LYPLA1/PSMC3/SEPT7/HSPB1/PSMA3/UBC/UBB/FN1/PSMC4/LAMTOR2/NRAS/RASAL1/PHB/PSMB7/DLG4/PSMD13/JAK3/PSMB2/PSMD3/LAMTOR3/PTPN11/CALM1/DUSP6/PPP2CB/ACTB/HRAS/PSMA5/PAK1/MAPK6/DLG3/PPP2R1A/FLT3/SRC/CDC42/KSR1/PRKACA/DUSP10/KLB/ERBB3/PPP2R1B/RASGRF2,up,FALSE
REACTOME_TCR_SIGNALING,REACTOME_TCR_SIGNALING,Reactome,Treg,SF_vs_PB_Treg,1.80778287,0.445511609,1.70657391e-4,0.00216393572,100,43,HLA-DQA2/HLA-DRB1/HLA-DQB1/HLA-DRA/HLA-DRB5/PTPN22/HLA-DPB1/HLA-DPA1/CD4/PSMD1/HLA-DQA1/PSMB5/PSMD14/PSMC1/PSMB6/PSMC2/PSMB1/PSMA7/PSMD8/PSMD7/ADRM1/PSMB3/PSMD11/PSMA6/PAK2/PTPRJ/PSMD12/PSMC3/UBE2N/PSMA3/UBC/UBB/PSMC4/NFKBIA/PSMB7/CD3D/PSMD13/PSMB2/PSMD3/IKBKG/PSMA5/PAK1/PTPRC,up,FALSE
REACTOME_ADHERENS_JUNCTIONS_INTERACTIONS,REACTOME_ADHERENS_JUNCTIONS_INTERACTIONS,Reactome,Treg,SF_vs_PB_Treg,1.67783226,0.378727509,1.75451634e-4,0.00220707016,185,53,PKM/FURIN/CTSB/PRDM8/H3F3B/ADAM19/PSMD1/ZEB2/CTNNA1/ZC3H12A/CTNNB1/SEC11C/EED/PSMB5/SPCS1/PSMD14/PSMC1/PSMB6/PSMC2/PSMB1/TWIST1/RPN2/PSMA7/PSMD8/PSMD7/ADRM1/RPN1/PSMB3/PSMD11/PSMA6/CTSL/PSMD12/PSMC3/SPCS3/SEC11A/ANG/PSMA3/UBC/UBB/PSMC4/OSTC/PSMB7/ACTG2/DDOST/STT3A/KLF4/MLLT4/PSMD13/TMEM258/SPCS2/PSMB2/EPS15/PSMD3,up,FALSE
REACTOME_SEMAPHORIN_INTERACTIONS,REACTOME_SEMAPHORIN_INTERACTIONS,Reactome,Treg,SF_vs_PB_Treg,1.92900485,0.537672763,1.97777195e-4,0.00246832169,50,31,RHOB/MYL6/CRMP1/MYL12B/RHOC/RHOA/SEMA4A/HSP90AB1/LIMK1/PLXNB1/ARHGEF12/TLN1/DPYSL2/PAK2/RRAS/PLXNA3/PLXNA1/CFL1/NRP1/SEMA7A/PAK1/PTPRC/ROCK1/CD72/CDK5/FES/HSP90AA1/PLXND1/PLXNC1/ITGB1/SEMA4D,up,FALSE
REACTOME_COPII_MEDIATED_VESICLE_TRANSPORT,REACTOME_COPII_MEDIATED_VESICLE_TRANSPORT,Reactome,Treg,SF_vs_PB_Treg,1.91582273,0.512660001,2.01169025e-4,0.00249103832,62,27,CTSC/TMED10/F5/ANKRD28/TRAPPC4/NAPG/RAB1B/LMAN2/CTSZ/SEC22C/GOLGA2/SAR1B/CNIH1/PPP6R1/RAB1A/LMAN1/TMED2/TFG/SEC24A/TRAPPC1/NAPA/PREB/TRAPPC3/SEC16A/TBC1D20/CNIH2/SEC13,up,FALSE
REACTOME_ANTIGEN_PROCESSING_UB_ATP_INDEPENDENT_PROTEASOMAL_DEGRADATION,REACTOME_ANTIGEN_PROCESSING_UB_ATP_INDEPENDENT_PROTEASOMAL_DEGRADATION,Reactome,Treg,SF_vs_PB_Treg,2.02131392,0.711966788,2.29263643e-4,0.00281692151,18,12,PSMB5/PSMB6/PSMB1/PSMA7/PSMB3/PSMA6/PSME2/PSMA3/PSMB7/PSMB2/PSMA5/PSMB9,up,FALSE
REACTOME_NEDDYLATION,REACTOME_NEDDYLATION,Reactome,Treg,SF_vs_PB_Treg,1.6650628,0.371155107,2.34302739e-4,0.00285669109,205,78,CDKN1A/SOCS2/CISH/PSMD1/DDA1/EPAS1/RBX1/FBXO2/FBXO6/PSMB5/HIF1A/PSMD14/PSMC1/PSMB6/PSMC2/PSMB1/DDB2/COMMD8/PSMA7/PSMD8/COMMD5/PSMD7/ADRM1/FBXO27/FBXL19/PSMB3/DCAF13/PSMD11/PSMA6/PSMD12/UFD1L/SQSTM1/PSMC3/UBE2M/PSMA3/UBC/UBB/PSMC4/TCEB1/PSMB7/FEM1C/WSB2/KEAP1/RNF7/VCP/PSMD13/FBXL8/TCEB2/DCUN1D5/PSMB2/PSMD3/MUL1/DPP3/SOCS3/DCUN1D3/KLHL2/PSMA5/COMMD4/CUL7/COPS7A/NEDD8/DCUN1D1/COPS6/FBXO7/SPSB2/FBXO4/BTBD6/KBTBD8/COPS8/FBXW4/CUL9/NFE2L2/COMMD1/DCAF11/KBTBD6/WSB1/DCAF6/COMMD7,up,FALSE
REACTOME_SWITCHING_OF_ORIGINS_TO_A_POST_REPLICATIVE_STATE,REACTOME_SWITCHING_OF_ORIGINS_TO_A_POST_REPLICATIVE_STATE,Reactome,Treg,SF_vs_PB_Treg,1.85318595,0.477003021,2.37494092e-4,0.00287349722,77,28,PSMD1/RBX1/PSMB5/PSMD14/PSMC1/PSMB6/PSMC2/PSMB1/PSMA7/PSMD8/PSMD7/ADRM1/PSMB3/PSMD11/PSMA6/PSMD12/PSMC3/PSMA3/UBC/UBB/PSMC4/PSMB7/PSMD13/CDC27/PSMB2/PSMD3/PSMA5/ANAPC11,up,FALSE
REACTOME_P53_DEPENDENT_G1_DNA_DAMAGE_RESPONSE,REACTOME_P53_DEPENDENT_G1_DNA_DAMAGE_RESPONSE,Reactome,Treg,SF_vs_PB_Treg,1.90513038,0.528845639,2.48822536e-4,0.00296529113,51,26,CDKN1A/PSMD1/PSMB5/PSMD14/PSMC1/PSMB6/PSMC2/PSMB1/PSMA7/PSMD8/PSMD7/ADRM1/PSMB3/PSMD11/PSMA6/PSMD12/PSMC3/PSMA3/UBC/UBB/PSMC4/PSMB7/PSMD13/PSMB2/PCBP4/PSMD3,up,FALSE
REACTOME_DEGRADATION_OF_THE_EXTRACELLULAR_MATRIX,REACTOME_DEGRADATION_OF_THE_EXTRACELLULAR_MATRIX,Reactome,Treg,SF_vs_PB_Treg,1.8953649,0.526134836,2.48822536e-4,0.00296529113,51,18,FURIN/CTSB/TIMP1/COL9A2/TMPRSS6/BSG/CAST/ADAM15/CTSD/CAPN2/BMP1/COL5A1/CD44/MMP9/CTSL/CAPNS1/FN1/PSEN1,up,FALSE
REACTOME_DISEASES_OF_SIGNAL_TRANSDUCTION_BY_GROWTH_FACTOR_RECEPTORS_AND_SECOND_MESSENGERS,REACTOME_DISEASES_OF_SIGNAL_TRANSDUCTION_BY_GROWTH_FACTOR_RECEPTORS_AND_SECOND_MESSENGERS,Reactome,Treg,SF_vs_PB_Treg,1.53392792,0.32227695,2.51505333e-4,0.00297489517,358,103,CDKN1A/KAT2B/RBPJ/IQGAP1/IL10/DUSP16/RNF213/LMNA/CD80/NR4A1/FKBP1A/NTRK2/NOTCH1/AGTRAP/STAT3/PRKAR1A/PDGFA/ERLEC1/BCL2L1/PIM1/PSMD1/TPM3/POLR2K/GZMB/HDAC9/RBX1/SPRED2/CTNNB1/NCOR2/PSMB5/JAG2/PSMD14/CDC37/PSMC1/PSMB6/PSMC2/PSMB1/RAP1B/TWIST1/PSMA7/MAMLD1/RRBP1/PSMD8/KRAS/PSMD7/TLN1/ADRM1/GOLGB1/CASP9/BAD/PPP1CB/KIF5B/TPM4/PSMB3/CARS/PSMD11/PRF1/PSMA6/YWHAB/RHOG/MAPK8/PSMD12/PAPSS1/HIP1/PSEN2/HBEGF/FOXO1/SQSTM1/PSMC3/ICOS/YES1/PSMA3/UBC/CLTC/UBB/FN1/PSMC4/POLR2L/PSEN1/NRAS/PHB/PSMB7/OS9/POLR2E/VCP/PSMD13/AKT1/DERL2/TGFBR1/LRRFIP1/PSMB2/CLIP1/PSMD3/TFG/MIB1/PTPN11/CALM1/DUSP6/PPP2CB/ACTB/HRAS/PSMA5/PSENEN,up,FALSE
REACTOME_DIFFERENTIATION_OF_NAIVE_CD_T_CELLS_TO_T_HELPER_1_CELLS_TH1_CELLS,REACTOME_DIFFERENTIATION_OF_NAIVE_CD_T_CELLS_TO_T_HELPER_1_CELLS_TH1_CELLS,Reactome,Treg,SF_vs_PB_Treg,1.99290816,0.766108815,2.59013491e-4,0.00304101025,13,6,CXCR3/STAT4/IL12RB2/TNF/TBX21/CCL3,up,FALSE
REACTOME_REGULATION_OF_HOMOTYPIC_CELL_CELL_ADHESION,REACTOME_REGULATION_OF_HOMOTYPIC_CELL_CELL_ADHESION,Reactome,Treg,SF_vs_PB_Treg,1.66131428,0.376371971,2.7233988e-4,0.0031739611,180,51,PKM/FURIN/CTSB/PRDM8/H3F3B/ADAM19/PSMD1/ZEB2/CTNNA1/ZC3H12A/CTNNB1/SEC11C/EED/PSMB5/SPCS1/PSMD14/PSMC1/PSMB6/PSMC2/PSMB1/TWIST1/RPN2/PSMA7/PSMD8/PSMD7/ADRM1/RPN1/PSMB3/PSMD11/PSMA6/CTSL/PSMD12/PSMC3/SPCS3/SEC11A/PSMA3/UBC/UBB/PSMC4/OSTC/PSMB7/ACTG2/DDOST/STT3A/KLF4/PSMD13/TMEM258/SPCS2/PSMB2/EPS15/PSMD3,up,FALSE
REACTOME_CELL_CELL_COMMUNICATION,REACTOME_CELL_CELL_COMMUNICATION,Reactome,Treg,SF_vs_PB_Treg,1.58679844,0.347227562,2.76108765e-4,0.00319439703,241,67,PKM/IQGAP1/FURIN/CTSB/ACTN4/PRDM8/CD151/H3F3B/ADAM19/ILK/PSMD1/ZEB2/CTNNA1/ZC3H12A/CTNNB1/SEC11C/EED/PSMB5/SPCS1/PSMD14/PSMC1/PRKCI/PSMB6/PSMC2/PSMB1/TWIST1/RPN2/PSMA7/PSMD8/PSMD7/ADRM1/PARD6G/RPN1/PSMB3/PSMD11/PSMA6/PARD6A/CTSL/PSMD12/PARVB/PSMC3/SPCS3/SEC11A/ANG/PSMA3/UBC/UBB/PSMC4/F11R/OSTC/CLDN7/PSMB7/SFTPD/ACTG2/DDOST/STT3A/KLF4/MLLT4/PSMD13/TMEM258/SPCS2/PSMB2/LAMB3/EPS15/PLEC/PSMD3/TESK1,up,FALSE
REACTOME_G_ALPHA_I_SIGNALLING_EVENTS,REACTOME_G_ALPHA_I_SIGNALLING_EVENTS,Reactome,Treg,SF_vs_PB_Treg,1.69155137,0.397297015,2.95960144e-4,0.00339925238,138,38,CXCR6/CXCL13/CCR1/CXCR3/CCL4/PRKAR1B/GNA15/CCR5/PDE4D/RGS16/C3AR1/RGS1/GNG4/RGS9/PRKAR1A/PDE4A/CCL20/CCL5/ANXA1/CCL4L2/LPAR5/CCL23/GNAI3/ADCY3/GNG2/CCR2/PDE4B/GNG5/CAMKK1/CXCL16/CXCR4/ITPR1/ITPR3/PRKCD/LPAR2/CCR8/PSAP/CXCR1,up,FALSE
REACTOME_SIGNALING_BY_THE_B_CELL_RECEPTOR_BCR,REACTOME_SIGNALING_BY_THE_B_CELL_RECEPTOR_BCR,Reactome,Treg,SF_vs_PB_Treg,1.81325111,0.4529013,3.19020896e-4,0.00362556423,92,39,FKBP1A/ORAI2/CD79B/STIM1/PSMD1/PSMB5/PSMD14/PSMC1/PSMB6/PSMC2/PSMB1/PSMA7/PSMD8/KRAS/PSMD7/ADRM1/PSMB3/PSMD11/PSMA6/NFKBIE/NFKBIB/ITPR1/ITPR3/PSMD12/PSMC3/PSMA3/UBC/UBB/PSMC4/NRAS/NFKBIA/PSMB7/PSMD13/PSMB2/PSMD3/IKBKG/CALM1/HRAS/PSMA5,up,FALSE
REACTOME_MATURATION_OF_DENV_PROTEINS,REACTOME_MATURATION_OF_DENV_PROTEINS,Reactome,Treg,SF_vs_PB_Treg,1.89358857,0.529820271,3.20239112e-4,0.00362556423,49,35,P4HA2/DPM2/SEC11C/SPCS1/MAGT1/RPN2/PDIA3/RPN1/DNAJC10/P4HA1/CALR/UBE2I/SPCS3/SEC11A/UBC/UBB/DNAJB11/DNAJC3/OSTC/DDOST/STT3A/TMEM258/SPCS2/DPM1/HSPA5/HYOU1/DAD1/P4HB/IPO7/KPNA2/OST4/DPM3/SUMO1/XPO1/CANX,up,FALSE
REACTOME_DENGUE_VIRUS_GENOME_TRANSLATION_AND_REPLICATION,REACTOME_DENGUE_VIRUS_GENOME_TRANSLATION_AND_REPLICATION,Reactome,Treg,SF_vs_PB_Treg,1.83508885,0.470244561,3.46596494e-4,0.00387407047,79,40,HSPA1A/VIM/P4HA2/EIF4G3/DPM2/SEC11C/SPCS1/RTN3/MAGT1/EIF4G1/RPN2/RRBP1/PDIA3/RPN1/DNAJC10/P4HA1/CALR/UFD1L/HSPA1B/UBE2I/SPCS3/EIF4E/SEC11A/UBC/UBB/DNAJB11/DNAJC3/OSTC/DDOST/STT3A/VCP/FASN/TMEM258/SPCS2/MAP1LC3B/DPM1/HSPA5/HYOU1/DAD1/P4HB,up,FALSE
REACTOME_TRANSCRIPTIONAL_REGULATION_BY_RUNX3,REACTOME_TRANSCRIPTIONAL_REGULATION_BY_RUNX3,Reactome,Treg,SF_vs_PB_Treg,1.79627833,0.463737281,3.47077607e-4,0.00387407047,76,33,CDKN1A/KAT2B/RBPJ/CBFB/NOTCH1/PSMD1/CTNNB1/PSMB5/PSMD14/PSMC1/PSMB6/PSMC2/PSMB1/PSMA7/MAMLD1/PSMD8/KRAS/PSMD7/ADRM1/PSMB3/PSMD11/PSMA6/PSMD12/PSMC3/PSMA3/UBC/UBB/PSMC4/PSMB7/PSMD13/ITGA4/PSMB2/PSMD3,up,FALSE
REACTOME_GLUCOSE_METABOLISM,REACTOME_GLUCOSE_METABOLISM,Reactome,Treg,SF_vs_PB_Treg,1.87000574,0.490981678,3.57997137e-4,0.00396801023,69,24,PKM/PGK1/ENO1/PFKP/BPGM/PGM2L1/PCK2/TPI1/GPI/PGAM1/GNPDA1/PFKFB3/ENO2/ALDOC/G6PC3/GAPDH/SLC37A2/HK1/SLC37A1/ALDOA/SLC37A4/NUP188/NUP37/HK2,up,FALSE
REACTOME_LEISHMANIA_INFECTION,REACTOME_LEISHMANIA_INFECTION,Reactome,Treg,SF_vs_PB_Treg,1.68248688,0.400061095,3.97910967e-4,0.00435853621,127,46,PRKAR1B/FURIN/IL10/C3AR1/MYO1C/TXN/GGT1/GNG4/CYFIP1/PRKAR1A/ENTPD1/CYSLTR1/HSP90AB1/PSTPIP1/CYBA/GNAI3/ADCY3/GNG2/GNG5/IL1A/MYO5A/ITPR1/MAPK8/ITPR3/YES1/NFKB2/CASP1/RHBDF2/VAV2/SUGT1/DVL3/HMOX1/GNB1/CALM1/FCGR3A/ACTB/ARPC2/ABI1/PYCARD/SRC/GNGT2/CDC42/PRKACA/BRK1/GSDMD/GNG10,up,FALSE
REACTOME_TRANSCRIPTIONAL_REGULATION_BY_RUNX1,REACTOME_TRANSCRIPTIONAL_REGULATION_BY_RUNX1,Reactome,Treg,SF_vs_PB_Treg,1.62860207,0.367208013,3.98730442e-4,0.00435853621,187,48,LGALS3/KAT2B/TNFRSF18/FOXP3/CDK6/IL2RA/CBFB/CTLA4/H3F3B/CCND2/PSMD1/CSF2/PSMB5/CBX6/PSMD14/PSMC1/TP73/PSMB6/PSMC2/PSMB1/PSMA7/PSMD8/PSMD7/PRMT1/ADRM1/PSMB3/PSMD11/PSMA6/CTSL/PSMD12/PSMC3/RYBP/PSMA3/UBC/UBB/PCGF5/PSMC4/DPY30/NR4A3/PSMB7/PSMD13/CBX8/ACTL6A/PSMB2/PSMD3/SMARCB1/PTPN11/SOCS3,up,FALSE
REACTOME_CHEMOKINE_RECEPTORS_BIND_CHEMOKINES,REACTOME_CHEMOKINE_RECEPTORS_BIND_CHEMOKINES,Reactome,Treg,SF_vs_PB_Treg,1.93301757,0.58144268,4.37254045e-4,0.00474690179,35,15,CXCR6/CXCL13/CCR1/CXCR3/CCL4/CCR5/CCL20/CCL5/CCL3/XCL1/CCR2/CCRL2/CXCL16/CCL22/CXCR4,up,FALSE
REACTOME_CELL_SURFACE_INTERACTIONS_AT_THE_VASCULAR_WALL,REACTOME_CELL_SURFACE_INTERACTIONS_AT_THE_VASCULAR_WALL,Reactome,Treg,SF_vs_PB_Treg,1.77417613,0.453534561,5.17393029e-4,0.00557223254,80,25,SLC16A3/ATP1B1/CD74/SDC4/CD58/SLC3A2/CD2/MIF/BSG/ATP1B3/SLC16A1/CD99/CEACAM1/ITGAX/CD44/KRAS/ITGAM/SLC7A5/ITGA3/ITGB2/YES1/FN1/GPC1/NRAS/F11R,up,FALSE
REACTOME_SPHINGOLIPID_METABOLISM,REACTOME_SPHINGOLIPID_METABOLISM,Reactome,Treg,SF_vs_PB_Treg,1.77878335,0.4600445,5.20309411e-4,0.00557223254,75,35,ORMDL2/PPAP2C/CERS5/SPTLC2/ARSA/B4GALT5/GM2A/HEXB/NEU1/KDSR/GLA/SPTSSA/CTSA/ARSD/PPAP2A/ALDH3A2/CERS2/B3GALT4/ACER3/UGCG/PSAP/COL4A3BP/GBA/CYB5B/CERS4/ORMDL3/ST6GALNAC6/ARSB/SGPL1/VAPA/SPHK1/DEGS1/STS/GLB1L/SMPD1,up,FALSE
REACTOME_SARS_COV_1_INFECTION,REACTOME_SARS_COV_1_INFECTION,Reactome,Treg,SF_vs_PB_Treg,-1.65357341,-0.367775032,5.60281159e-4,0.00596003784,137,41,RPS10/RPS11/RB1/RPS17/RPS16/GSK3B/MPP5/RPS19/IRF3/ST6GAL1/RPS27A/RPS14/RPS25/RPS15/EEF1A1/RPS29/RPS24/UBA52/RPS20/RCAN3/RPSA/RPS4X/RPS7/RPS27/ST6GALNAC3/RPS28/RPS15A/RPS12/RPS2/RPS3/RPS5/RPS21/RPS8/RPS23/VHL/RPS18/RPS6/RPS13/CHMP7/RPS3A/SMAD3,down,FALSE
REACTOME_TNFS_BIND_THEIR_PHYSIOLOGICAL_RECEPTORS,REACTOME_TNFS_BIND_THEIR_PHYSIOLOGICAL_RECEPTORS,Reactome,Treg,SF_vs_PB_Treg,1.95644134,0.648500721,5.7997044e-4,0.00612835432,23,11,TNFRSF4/TNFRSF18/CD70/TNFRSF8/FASLG/LTA/TNFRSF1B/TNFRSF13B/EDARADD/TNFRSF9/TNFSF4,up,FALSE
REACTOME_INTERLEUKIN_35_SIGNALLING,REACTOME_INTERLEUKIN_35_SIGNALLING,Reactome,Treg,SF_vs_PB_Treg,1.94357629,0.762456176,5.95146675e-4,0.0062470694,12,4,STAT4/EBI3/IL12RB2/STAT3,up,FALSE
REACTOME_G1_S_DNA_DAMAGE_CHECKPOINTS,REACTOME_G1_S_DNA_DAMAGE_CHECKPOINTS,Reactome,Treg,SF_vs_PB_Treg,1.84422972,0.489477331,6.02194884e-4,0.00627946639,65,29,CDKN1A/PSMD1/MAPK11/RBX1/PSMB5/PSMD14/PSMC1/PSMB6/PSMC2/PSMB1/PSMA7/PSMD8/PSMD7/ADRM1/PSMB3/PSMD11/PSMA6/NEK11/PSMD12/PSMC3/PSMA3/UBC/UBB/PSMC4/PSMB7/PSMD13/PSMB2/PCBP4/PSMD3,up,FALSE
REACTOME_REGULATION_OF_CDH19_EXPRESSION_AND_FUNCTION,REACTOME_REGULATION_OF_CDH19_EXPRESSION_AND_FUNCTION,Reactome,Treg,SF_vs_PB_Treg,1.79922195,0.911330587,6.13557645e-4,0.00635613638,5,3,CTNNA1/ZC3H12A/CTNNB1,up,FALSE
REACTOME_RHOC_GTPASE_CYCLE,REACTOME_RHOC_GTPASE_CYCLE,Reactome,Treg,SF_vs_PB_Treg,1.78311522,0.474709102,6.49225316e-4,0.00668196186,64,27,IQGAP1/MCAM/FLOT1/RHOC/RHOA/RTKN/STOM/ARHGAP18/ARHGDIA/FMNL3/ARHGEF12/SLK/ARHGEF5/VANGL1/LMAN1/AKAP13/STARD13/DIAPH1/PTRF/VAV2/VAMP3/ACBD5/TJP2/ABR/ROCK1/RACGAP1/ARHGEF40,up,FALSE
REACTOME_SEPARATION_OF_SISTER_CHROMATIDS,REACTOME_SEPARATION_OF_SISTER_CHROMATIDS,Reactome,Treg,SF_vs_PB_Treg,1.61523113,0.370886624,6.64570299e-4,0.00679576725,163,57,TUBB2A/TUBB6/PSMD1/DYNLL1/PMF1/DYNC1I2/PSMB5/PTTG1/PSMD14/TUBA1C/PSMC1/PSMB6/PSMC2/PSMB1/MAPRE1/PSMA7/PSMD8/PSMD7/TUBA1A/ADRM1/BUB3/PSMB3/PSMD11/PSMA6/PSMD12/RANGAP1/PSMC3/PSMA3/UBC/UBB/PSMC4/DYNC1H1/B9D2/DYNC1LI2/PSMB7/NUP37/PSMD13/CDC27/PSMB2/CLIP1/PSMD3/PPP2CB/TUBB4B/PSMA5/ANAPC11/PAFAH1B1/PPP2R1A/SMC3/DYNC1LI1/SEH1L/APITD1/CLASP1/PPP2R1B/TUBA4A/ANAPC16/SEC13/TUBA1B,up,FALSE
REACTOME_SIGNALING_BY_NTRKS,REACTOME_SIGNALING_BY_NTRKS,Reactome,Treg,SF_vs_PB_Treg,1.69811024,0.414163427,6.72506263e-4,0.00683283607,107,42,FURIN/MAPKAPK3/NTRK1/DUSP4/NTRK2/ID2/NAB2/SGK1/STAT3/RHOA/MAPK11/MAPKAPK2/RALB/RALGDS/EGR3/AP2B1/FOS/KRAS/DUSP3/YWHAB/EGR1/NAB1/EGR2/CLTC/ELK1/NRAS/FOSL1/JUND/SRF/RIT1/ADORA2A/RAPGEF1/MEF2D/PTPN11/DUSP6/FOSB/PPP2CB/HRAS/PPP2R1A/SRC/CDK5/MAPK7,up,FALSE
REACTOME_UCH_PROTEINASES,REACTOME_UCH_PROTEINASES,Reactome,Treg,SF_vs_PB_Treg,1.74325298,0.443655043,7.22779604e-4,0.00729685141,82,35,PSMD1/PSMB5/PSMD14/PSMC1/PSMB6/PSMC2/PSMB1/PSMA7/PSMD8/PSMD7/ADRM1/PSMB3/PSMD11/PSMA6/PSMD12/FOXK2/PSMC3/PSMA3/UBC/UBB/PSMC4/INO80C/PSMB7/PSMD13/TGFBR1/ACTL6A/PSMB2/TFPT/PSMD3/ACTB/PSMA5/NEDD8/SMAD7/ASXL2/MBD6,up,FALSE
REACTOME_GLYCOSAMINOGLYCAN_METABOLISM,REACTOME_GLYCOSAMINOGLYCAN_METABOLISM,Reactome,Treg,SF_vs_PB_Treg,1.73922786,0.44008129,8.58678665e-4,0.00861396003,85,25,SDC4/HYAL3/CHPF/IDS/B4GALT5/B3GAT3/HEXB/CD44/B3GAT1/B3GALT6/SLC17A5/B4GALT2/GUSB/CTSL/SLC35B2/PAPSS1/HGSNAT/GPC1/CHSY1/HS3ST1/HYAL2/SLC35D2/UXS1/B4GALT7/OGN,up,FALSE
REACTOME_SYNTHESIS_OF_DNA,REACTOME_SYNTHESIS_OF_DNA,Reactome,Treg,SF_vs_PB_Treg,1.6847658,0.411368402,8.73890831e-4,0.00871142746,106,29,PSMD1/RBX1/PSMB5/PSMD14/PSMC1/PSMB6/PSMC2/PSMB1/PSMA7/PSMD8/PSMD7/ADRM1/PSMB3/PSMD11/PSMA6/PSMD12/PSMC3/PSMA3/UBC/UBB/PSMC4/PSMB7/PSMD13/CDC27/PSMB2/PSMD3/RFC2/PSMA5/ANAPC11,up,FALSE
REACTOME_MITOTIC_METAPHASE_AND_ANAPHASE,REACTOME_MITOTIC_METAPHASE_AND_ANAPHASE,Reactome,Treg,SF_vs_PB_Treg,1.56502617,0.348508582,8.82793411e-4,0.00874517222,207,74,LMNA/TUBB2A/TUBB6/PSMD1/DYNLL1/PMF1/DYNC1I2/PSMB5/PTTG1/PSMD14/TUBA1C/PSMC1/PSMB6/PSMC2/PSMB1/MAPRE1/PSMA7/PSMD8/PSMD7/TUBA1A/ADRM1/BUB3/BANF1/CHMP2B/PSMB3/PSMD11/CHMP2A/PSMA6/PSMD12/RANGAP1/CHMP6/PSMC3/UBE2I/PSMA3/UBC/UBB/PSMC4/DYNC1H1/B9D2/DYNC1LI2/PSMB7/NUP188/NUP37/PSMD13/CDC27/PSMB2/CLIP1/PSMD3/EMD/PPP2CB/TUBB4B/PSMA5/ANAPC11/PAFAH1B1/PPP2R1A/SMC3/RAN/CC2D1B/DYNC1LI1/SEH1L/APITD1/CLASP1/PPP2R1B/TUBA4A/ANAPC16/SEC13/TUBA1B/LMNB1/ESPL1/KIF18A/IST1/SUMO1/NUP205/XPO1,up,FALSE
REACTOME_SMOOTH_MUSCLE_CONTRACTION,REACTOME_SMOOTH_MUSCLE_CONTRACTION,Reactome,Treg,SF_vs_PB_Treg,1.87180775,0.586241768,0.00104756304,0.0103129653,29,17,MYL6/MYL12B/ANXA1/ANXA2/TPM3/TLN1/TPM4/MYL12A/PAK2/MYLPF/ALDH2/ACTG2/CALM1/TPM1/PAK1/ANXA6/MYL5,up,FALSE
REACTOME_BASIGIN_INTERACTIONS,REACTOME_BASIGIN_INTERACTIONS,Reactome,Treg,SF_vs_PB_Treg,1.92447736,0.68829828,0.00109994311,0.010761789,17,8,SLC16A3/ATP1B1/SLC3A2/BSG/ATP1B3/SLC16A1/SLC7A5/ITGA3,up,FALSE
REACTOME_REGULATION_OF_INSULIN_SECRETION,REACTOME_REGULATION_OF_INSULIN_SECRETION,Reactome,Treg,SF_vs_PB_Treg,1.82268212,0.521952929,0.00111334578,0.0107740217,44,16,IQGAP1/PRKAR1B/GNA15/GNG4/ACSL3/PRKAR1A/STX1A/ACSL4/AKAP5/GNG2/GNG5/CACNB2/ITPR1/ITPR3/CACNB3/SLC2A1,up,FALSE
REACTOME_PEPTIDE_LIGAND_BINDING_RECEPTORS,REACTOME_PEPTIDE_LIGAND_BINDING_RECEPTORS,Reactome,Treg,SF_vs_PB_Treg,1.74640835,0.457296369,0.00111478836,0.0107740217,70,25,CXCR6/CXCL13/CCR1/CXCR3/CCL4/CCR5/C3AR1/CCL20/CCL5/ANXA1/CCL3/CCL23/XCL1/CCR2/CCRL2/F2R/CXCL16/CCL22/CXCR4/NMB/NTSR1/CCR8/PSAP/EDNRB/CXCR1,up,FALSE
REACTOME_COLLAGEN_FORMATION,REACTOME_COLLAGEN_FORMATION,Reactome,Treg,SF_vs_PB_Treg,1.85174756,0.556997039,0.00114779187,0.0110257582,35,13,CTSB/COL9A2/CD151/SERPINH1/P4HA2/PLOD3/BMP1/COL5A1/MMP9/P4HA1/CTSL/LOXL1/PPIB,up,FALSE
REACTOME_CHOLESTEROL_BIOSYNTHESIS,REACTOME_CHOLESTEROL_BIOSYNTHESIS,Reactome,Treg,SF_vs_PB_Treg,1.87545922,0.608917973,0.00117248567,0.0111951192,25,17,MSMO1/IDI1/SQLE/EBP/SREBF2/PMVK/SC5D/DHCR7/HMGCS1/SREBF1/DHCR24/CYP51A1/MVD/HMGCR/NSDHL/FDPS/ACAT2,up,FALSE
REACTOME_RESPONSE_TO_METAL_IONS,REACTOME_RESPONSE_TO_METAL_IONS,Reactome,Treg,SF_vs_PB_Treg,1.89657196,0.807484463,0.0011837305,0.0112348074,9,8,MT2A/MT1X/MT1F/MT1E/CSRP1/MT3/MT1G/MT1A,up,FALSE
REACTOME_METABOLISM_OF_STEROIDS,REACTOME_METABOLISM_OF_STEROIDS,Reactome,Treg,SF_vs_PB_Treg,1.6583191,0.403919093,0.00121038917,0.0114194455,108,38,VDR/HSD3B7/CYP7B1/SLC27A2/RXRA/MSMO1/IDI1/SQLE/EBP/CYP2R1/SREBF2/HELZ2/PMVK/SC5D/SUMO2/ELOVL6/DHCR7/HMGCS1/SAR1B/SCD/SREBF1/UBE2I/DHCR24/NCOA1/SCP2/SRD5A1/CYP51A1/TSPO/FASN/STARD3/MVD/OSBPL3/STARD4/BZRAP1/SEC24A/CGA/HMGCR/HSD17B12,up,FALSE
REACTOME_SELECTIVE_AUTOPHAGY,REACTOME_SELECTIVE_AUTOPHAGY,Reactome,Treg,SF_vs_PB_Treg,1.7276834,0.448782149,0.00123443911,0.0115774319,73,36,PLIN3/VIM/TUBB2A/TUBB6/DYNLL1/VDAC1/EPAS1/DYNC1I2/TUBA1C/TUBA1A/SQSTM1/UBE2N/PRKAB1/UBC/UBB/DYNC1H1/TBK1/DYNC1LI2/VCP/MAP1LC3A/ARL13B/TOMM5/PLIN2/UBE2L3/PARK7/OPTN/TUBB4B/MAP1LC3B/SRC/DYNC1LI1/TUBA4A/VDAC2/TUBA1B/HSP90AA1/MTERFD1/ATG5,up,FALSE
REACTOME_STAT3_NUCLEAR_EVENTS_DOWNSTREAM_OF_ALK_SIGNALING,REACTOME_STAT3_NUCLEAR_EVENTS_DOWNSTREAM_OF_ALK_SIGNALING,Reactome,Treg,SF_vs_PB_Treg,1.88929408,0.759670683,0.001270379,0.0118444159,11,5,IL2RG/STAT3/CD274/HIF1A/PRDM1,up,FALSE
REACTOME_CARGO_CONCENTRATION_IN_THE_ER,REACTOME_CARGO_CONCENTRATION_IN_THE_ER,Reactome,Treg,SF_vs_PB_Treg,1.86589376,0.599973218,0.00140967856,0.0130663188,26,9,CTSC/TMED10/F5/LMAN2/CTSZ/SAR1B/CNIH1/LMAN1/TMED2,up,FALSE
REACTOME_BMAL1_CLOCK_NPAS2_ACTIVATES_CIRCADIAN_EXPRESSION,REACTOME_BMAL1_CLOCK_NPAS2_ACTIVATES_CIRCADIAN_EXPRESSION,Reactome,Treg,SF_vs_PB_Treg,1.88381143,0.639251657,0.00142768583,0.013156291,21,7,BHLHE40/NAMPT/ARNTL2/RXRA/HELZ2/SERPINE1/NCOA1,up,FALSE
REACTOME_GENERATION_OF_SECOND_MESSENGER_MOLECULES,REACTOME_GENERATION_OF_SECOND_MESSENGER_MOLECULES,Reactome,Treg,SF_vs_PB_Treg,1.83854763,0.567512589,0.00157803956,0.0144577613,31,9,HLA-DQA2/HLA-DRB1/HLA-DQB1/HLA-DRA/HLA-DRB5/HLA-DPB1/HLA-DPA1/CD4/HLA-DQA1,up,FALSE
REACTOME_METABOLISM_OF_NUCLEOTIDES,REACTOME_METABOLISM_OF_NUCLEOTIDES,Reactome,Treg,SF_vs_PB_Treg,1.68298948,0.429243248,0.00163539336,0.0148971176,81,20,TYMP/DNPH1/TXN/ADSS/GLRX/ENTPD1/DCTPP1/NT5C/NUDT5/IMPDH1/ITPA/HPRT1/AK4/UPP1/ENTPD2/GUK1/PNP/NUDT16/TXNRD1/CMPK1,up,FALSE
REACTOME_INTRINSIC_PATHWAY_FOR_APOPTOSIS,REACTOME_INTRINSIC_PATHWAY_FOR_APOPTOSIS,Reactome,Treg,SF_vs_PB_Treg,1.74604223,0.481077359,0.00164881923,0.0149335913,53,19,STAT3/BID/BCL2L1/YWHAG/DYNLL1/GZMB/TP63/CYCS/TP73/CASP9/BAD/DFNA5/YWHAH/YWHAB/MAPK8/YWHAZ/YWHAQ/CASP7/AKT1,up,FALSE
REACTOME_STABILIZATION_OF_P53,REACTOME_STABILIZATION_OF_P53,Reactome,Treg,SF_vs_PB_Treg,1.79411912,0.518720139,0.0016907083,0.015225981,42,24,PSMD1/PSMB5/PSMD14/PSMC1/PSMB6/PSMC2/PSMB1/PSMA7/PSMD8/PSMD7/ADRM1/PSMB3/PSMD11/PSMA6/PSMD12/PSMC3/PSMA3/UBC/UBB/PSMC4/PSMB7/PSMD13/PSMB2/PSMD3,up,FALSE
REACTOME_GASTRULATION,REACTOME_GASTRULATION,Reactome,Treg,SF_vs_PB_Treg,1.71826461,0.457444275,0.00171956976,0.0153984071,64,31,KAT2B/RBPJ/NOTCH1/PSMD1/ZEB2/CTNNB1/PSMB5/PSMD14/PSMC1/PSMB6/PSMC2/PSMB1/PSMA7/MAMLD1/PSMD8/PSMD7/ADRM1/CXCR4/PSMB3/PSMD11/SHFM1/PSMA6/PSMD12/PSMC3/PSMA3/PSMC4/CLDN7/PSMB7/PSMD13/PSMB2/PSMD3,up,FALSE
REACTOME_PROTEIN_FOLDING,REACTOME_PROTEIN_FOLDING,Reactome,Treg,SF_vs_PB_Treg,1.69204496,0.437611458,0.00185577023,0.0165246956,75,29,GNA15/TBCB/STAT3/GNG4/RGS9/TUBB2A/TUBB6/PFDN2/FBXO6/TUBA1C/GNG2/GNG5/TUBA1A/CCT6A/PFDN6/GNB1/GBA/ACTB/TUBB4B/XRN2/FBXO4/GNGT2/FBXW4/TUBA4A/GNG10/TUBA1B/SPHK1/TBCE/TCP1,up,FALSE
REACTOME_MITOTIC_G2_G2_M_PHASES,REACTOME_MITOTIC_G2_G2_M_PHASES,Reactome,Treg,SF_vs_PB_Treg,1.54214663,0.350200411,0.00191054169,0.0168118731,177,49,CDKN1A/PHLDA1/TUBB2A/YWHAG/TUBB6/PSMD1/DYNLL1/NME7/HSP90AB1/DCTN2/RBX1/DYNC1I2/PSMB5/PSMD14/TUBA1C/PPME1/PSMC1/PSMB6/PSMC2/PSMB1/MAPRE1/PSMA7/ACTR1A/PSMD8/PSMD7/TUBA1A/ADRM1/PPP1CB/PSMB3/PSMD11/PSMA6/PSMD12/PSMC3/PSMA3/UBC/UBB/PSMC4/DYNC1H1/FKBPL/PSMB7/PSMD13/PSMB2/SSNA1/PSMD3/OPTN/PPP2CB/TUBB4B/PSMA5/PAFAH1B1,up,FALSE
REACTOME_DETOXIFICATION_OF_REACTIVE_OXYGEN_SPECIES,REACTOME_DETOXIFICATION_OF_REACTIVE_OXYGEN_SPECIES,Reactome,Treg,SF_vs_PB_Treg,1.83642122,0.579815654,0.00191510911,0.0168118731,28,15,TXN/PRDX5/CYCS/CYBA/PRDX1/SOD1/NCF4/ATOX1/PRDX6/TXNRD1/PRDX3/GPX1/ERO1L/P4HB/NCF1,up,FALSE
REACTOME_PROTEIN_REPAIR,REACTOME_PROTEIN_REPAIR,Reactome,Treg,SF_vs_PB_Treg,1.75217055,0.887498412,0.00191984166,0.0168118731,5,3,TXN/PCMT1/MSRB1,up,FALSE
REACTOME_BIOSYNTHESIS_OF_THE_N_GLYCAN_PRECURSOR_DOLICHOL_LIPID_LINKED_OLIGOSACCHARIDE_LLO_AND_TRANSFER_TO_A_NASCENT_PROTEIN,REACTOME_BIOSYNTHESIS_OF_THE_N_GLYCAN_PRECURSOR_DOLICHOL_LIPID_LINKED_OLIGOSACCHARIDE_LLO_AND_TRANSFER_TO_A_NASCENT_PROTEIN,Reactome,Treg,SF_vs_PB_Treg,1.69186083,0.441727948,0.00198350559,0.017273936,71,29,FUOM/NUDT14/NAGK/TSTA3/NANS/DPM2/ST6GALNAC4/NEU1/DHDDS/PMM1/CTSA/ALG5/CMAS/SLC17A5/ALG8/HK1/GNE/ALG3/SLC35C1/ALG1/MVD/DPAGT1/DOLK/GFPT1/DPM1/MPDU1/ST6GALNAC6/SRD5A3/NANP,up,FALSE
REACTOME_CARDIAC_CONDUCTION,REACTOME_CARDIAC_CONDUCTION,Reactome,Treg,SF_vs_PB_Treg,1.73630484,0.483961365,0.00202911965,0.0175746155,50,14,ATP1B1/KAT2B/SRI/ORAI2/STIM1/ATP1B3/RYR1/ATP2B4/FKBP1B/CACNB2/ITPR1/ITPR3/KCNK5/ATP2A2,up,FALSE
REACTOME_RHO_GTPASES_ACTIVATE_IQGAPS,REACTOME_RHO_GTPASES_ACTIVATE_IQGAPS,Reactome,Treg,SF_vs_PB_Treg,1.85112416,0.628159576,0.00208517273,0.0179619499,21,15,IQGAP1/TUBB2A/TUBB6/CTNNA1/CTNNB1/TUBA1C/TUBA1A/CLIP1/CALM1/ACTB/TUBB4B/CDC42/IQGAP3/TUBA4A/TUBA1B,up,FALSE
REACTOME_OAS_ANTIVIRAL_RESPONSE,REACTOME_OAS_ANTIVIRAL_RESPONSE,Reactome,Treg,SF_vs_PB_Treg,1.8367917,0.782032418,0.00223162307,0.0191195814,9,3,OASL/OAS3/OAS1,up,FALSE
REACTOME_GLUCAGON_LIKE_PEPTIDE_1_GLP1_REGULATES_INSULIN_SECRETION,REACTOME_GLUCAGON_LIKE_PEPTIDE_1_GLP1_REGULATES_INSULIN_SECRETION,Reactome,Treg,SF_vs_PB_Treg,1.83003161,0.606599745,0.00265663879,0.0225982772,23,9,IQGAP1/PRKAR1B/GNG4/PRKAR1A/AKAP5/GNG2/GNG5/ITPR1/ITPR3,up,FALSE
REACTOME_SARS_COV_2_HOST_INTERACTIONS,REACTOME_SARS_COV_2_HOST_INTERACTIONS,Reactome,Treg,SF_vs_PB_Treg,-1.48671544,-0.31808567,0.00266616898,0.0225982772,181,60,VPS39/MASP2/PIK3C3/NUP133/SNRPD2/VPS18/IL17RA/TAB1/FAU/UVRAG/TRAF6/TRIM4/RANBP2/NUP43/POM121/CREBBP/RPS9/NUP210/RPS10/RPS11/NOD1/ATG14/RPS17/RPS16/MPP5/RPS19/VPS33A/IRF3/TPR/TLR1/RPS27A/RPS14/MAP3K7/IFNAR1/RPS25/RPS15/RPS29/RPS24/NUP88/UBA52/NUPL2/RPS20/RPSA/RPS4X/RPS7/RPS27/RPS28/RPS15A/RPS12/RPS2/RPS3/RPS5/RPS21/RPS8/RPS23/RPS18/RPS6/RPS13/RPS3A/PTPN6,down,FALSE
REACTOME_AUTOPHAGY,REACTOME_AUTOPHAGY,Reactome,Treg,SF_vs_PB_Treg,1.55640417,0.365975475,0.00274960485,0.023181509,137,58,WIPI1/PLIN3/VIM/TUBB2A/LAMP2/TUBB6/DYNLL1/LAMTOR5/VDAC1/RHEB/EPAS1/HSP90AB1/DYNC1I2/TUBA1C/VPS37C/TUBA1A/TSG101/C12orf44/CHMP2B/CHMP2A/SQSTM1/CHMP6/UBE2N/PRKAB1/UBC/UBB/DYNC1H1/RNASE1/LAMTOR2/TBK1/VPS37B/DYNC1LI2/VCP/MAP1LC3A/ARL13B/TOMM5/PLIN2/UBE2L3/LAMTOR3/PARK7/OPTN/TUBB4B/LAMTOR1/MAP1LC3B/VPS37A/SRC/GABARAPL1/RRAGA/DYNC1LI1/TUBA4A/VDAC2/TUBA1B/HSP90AA1/RRAGC/ATG4A/MTERFD1/BECN1/ATG5,up,FALSE
REACTOME_PEPTIDE_HORMONE_METABOLISM,REACTOME_PEPTIDE_HORMONE_METABOLISM,Reactome,Treg,SF_vs_PB_Treg,1.75627477,0.516506811,0.00278914768,0.0233904713,39,20,GZMH/STX1A/CTNNB1/CTSD/SEC11C/RAB27A/SPCS1/CTSZ/MYO5A/KIF5B/ATP6AP2/SPCS3/SEC11A/KLF4/SPCS2/KIF5C/GNB1/CGA/EXOC5/P4HB,up,FALSE
REACTOME_NUCLEOTIDE_CATABOLISM,REACTOME_NUCLEOTIDE_CATABOLISM,Reactome,Treg,SF_vs_PB_Treg,1.80546007,0.580540926,0.00281935711,0.0235193738,26,10,TYMP/DNPH1/ENTPD1/NT5C/NUDT5/ITPA/UPP1/ENTPD2/PNP/NUDT16,up,FALSE
REACTOME_RHO_GTPASES_ACTIVATE_RHOTEKIN_AND_RHOPHILINS,REACTOME_RHO_GTPASES_ACTIVATE_RHOTEKIN_AND_RHOPHILINS,Reactome,Treg,SF_vs_PB_Treg,1.79759798,0.824634621,0.0029045236,0.0241029838,7,4,RHOB/RHOC/RHOA/RTKN,up,FALSE
REACTOME_MODULATION_OF_HOST_RESPONSES_BY_IFN_STIMULATED_GENES,REACTOME_MODULATION_OF_HOST_RESPONSES_BY_IFN_STIMULATED_GENES,Reactome,Treg,SF_vs_PB_Treg,1.82831135,0.635595681,0.00294245242,0.0242530988,19,12,IFI6/IFI44/ISG15/TRIM25/IFI44L/IFI27/IKBKG/HSPA5/IFIH1/ATF6/HERC5/UBE2L6,up,FALSE
REACTOME_ATTENUATION_PHASE,REACTOME_ATTENUATION_PHASE,Reactome,Treg,SF_vs_PB_Treg,1.81380207,0.601220146,0.00295597837,0.0242530988,23,13,HSPA1A/SERPINH1/HSBP1/HSP90AB1/DNAJB6/HSPH1/HSPA1B/HSPB1/UBB/HSPA2/MRPL18/HSPA6/FKBP4,up,FALSE
REACTOME_INTERLEUKIN_23_SIGNALING,REACTOME_INTERLEUKIN_23_SIGNALING,Reactome,Treg,SF_vs_PB_Treg,1.80666935,0.796902724,0.00296851808,0.0242530988,8,4,IL23R/STAT4/STAT3/IL12RB1,up,FALSE
REACTOME_PD_L1_CD274_GLYCOSYLATION_AND_TRANSLOCATION_TO_PLASMA_MEMBRANE,REACTOME_PD_L1_CD274_GLYCOSYLATION_AND_TRANSLOCATION_TO_PLASMA_MEMBRANE,Reactome,Treg,SF_vs_PB_Treg,1.82159348,0.625516618,0.0030295047400000002,0.024624436,20,12,PDCD1/CD274/MAGT1/RPN2/PDCD1LG2/RPN1/UBC/UBB/OSTC/DDOST/STT3A/TMEM258,up,FALSE
REACTOME_SEMA4D_INDUCED_CELL_MIGRATION_AND_GROWTH_CONE_COLLAPSE,REACTOME_SEMA4D_INDUCED_CELL_MIGRATION_AND_GROWTH_CONE_COLLAPSE,Reactome,Treg,SF_vs_PB_Treg,1.8169567,0.639986106,0.00355327071,0.0287343575,18,8,RHOB/MYL6/MYL12B/RHOC/RHOA/LIMK1/PLXNB1/ARHGEF12,up,FALSE
REACTOME_KINESINS,REACTOME_KINESINS,Reactome,Treg,SF_vs_PB_Treg,1.72583917,0.501691276,0.00360457781,0.0290012987,41,12,KIF21A/KIF20B/TUBB2A/TUBB6/KIF13B/KIF1B/TUBA1C/TUBA1A/KIF5B/KLC2/KIF3C/KIF3A,up,FALSE
REACTOME_REGULATION_OF_BETA_CELL_DEVELOPMENT,REACTOME_REGULATION_OF_BETA_CELL_DEVELOPMENT,Reactome,Treg,SF_vs_PB_Treg,1.81651461,0.649684901,0.00367912005,0.029360935,17,7,KAT2B/RBPJ/NR5A2/NOTCH1/MAMLD1/FOXO1/AKT1,up,FALSE
REACTOME_INCRETIN_SYNTHESIS_SECRETION_AND_INACTIVATION,REACTOME_INCRETIN_SYNTHESIS_SECRETION_AND_INACTIVATION,Reactome,Treg,SF_vs_PB_Treg,1.79223515,0.79053595,0.00371064761,0.029360935,8,7,CTNNB1/SEC11C/SPCS1/SPCS3/SEC11A/SPCS2/GNB1,up,FALSE
REACTOME_SYNTHESIS_SECRETION_AND_INACTIVATION_OF_GLUCAGON_LIKE_PEPTIDE_1_GLP_1,REACTOME_SYNTHESIS_SECRETION_AND_INACTIVATION_OF_GLUCAGON_LIKE_PEPTIDE_1_GLP_1,Reactome,Treg,SF_vs_PB_Treg,1.79223515,0.79053595,0.00371064761,0.029360935,8,7,CTNNB1/SEC11C/SPCS1/SPCS3/SEC11A/SPCS2/GNB1,up,FALSE
REACTOME_METABOLIC_DISORDERS_OF_BIOLOGICAL_OXIDATION_ENZYMES,REACTOME_METABOLIC_DISORDERS_OF_BIOLOGICAL_OXIDATION_ENZYMES,Reactome,Treg,SF_vs_PB_Treg,1.81458132,0.639149429,0.0037233741,0.029360935,18,8,CYP7B1/GGT1/CYP4F22/CYP2R1/GSS/TPMT/ACY1/SLC35D1,up,FALSE
REACTOME_MAPK6_MAPK4_SIGNALING,REACTOME_MAPK6_MAPK4_SIGNALING,Reactome,Treg,SF_vs_PB_Treg,1.6513397,0.436969311,0.00375624585,0.0294735132,66,32,PSMD1/PSMB5/PSMD14/PSMC1/PSMB6/PSMC2/PSMB1/PSMA7/NCOA3/PSMD8/PSMD7/ADRM1/PSMB3/PSMD11/PSMA6/PAK2/PSMD12/FOXO1/PSMC3/SEPT7/HSPB1/PSMA3/UBC/UBB/PSMC4/PSMB7/PSMD13/PSMB2/PSMD3/PSMA5/PAK1/MAPK6,up,FALSE
REACTOME_BETA_CATENIN_INDEPENDENT_WNT_SIGNALING,REACTOME_BETA_CATENIN_INDEPENDENT_WNT_SIGNALING,Reactome,Treg,SF_vs_PB_Treg,1.57725844,0.385118384,0.00386528637,0.030179699,106,41,GNG4/PSMD1/RHOA/CTNNB1/PSMB5/PSMD14/AP2B1/PSMC1/PSMB6/PSMC2/PSMB1/GNG2/PSMA7/PSMD8/KRAS/PSMD7/GNG5/ADRM1/PSMB3/PSMD11/PSMA6/PARD6A/ITPR1/ITPR3/PSMD12/PSMC3/PSMA3/UBC/CLTC/UBB/PSMC4/RAC3/PSMB7/PSMD13/PSMB2/DVL3/PSMD3/GNB1/CALM1/PFN1/PSMA5,up,FALSE
REACTOME_COLLAGEN_DEGRADATION,REACTOME_COLLAGEN_DEGRADATION,Reactome,Treg,SF_vs_PB_Treg,1.80098717,0.618440623,0.00389507753,0.0302632249,20,8,FURIN/CTSB/COL9A2/TMPRSS6/CTSD/COL5A1/MMP9/CTSL,up,FALSE
REACTOME_MITOCHONDRIAL_TRANSLATION_ELONGATION,REACTOME_MITOCHONDRIAL_TRANSLATION_ELONGATION,Reactome,Treg,SF_vs_PB_Treg,1.60812064,0.405987782,0.00396382793,0.0305793367,86,44,MRPS6/MRPL17/MRPL52/MRPL20/MRPL36/MRPL15/MRPL33/MRPL41/MRPL24/MRPS18A/MRPL47/MRPS34/MRPL51/MRPL14/MRPS23/MRPL13/MRPL50/CHCHD1/MRPL18/MRPL16/MRPL40/MRPL4/MRPL27/MRPS12/MRPS7/MRPS21/MRPS26/MRPL54/MRPS22/MRPL42/GADD45GIP1/MRPS16/MRPS36/MRPL35/MRPL22/MRPL32/MRPS10/MRPL34/MRPS25/MRPS18C/MRP63/MRPL21/AURKAIP1/MRPL3,up,FALSE
REACTOME_P38MAPK_EVENTS,REACTOME_P38MAPK_EVENTS,Reactome,Treg,SF_vs_PB_Treg,1.80658514,0.694482983,0.00397434913,0.0305793367,13,9,MAPKAPK3/MAPK11/MAPKAPK2/RALB/RALGDS/KRAS/NRAS/HRAS/SRC,up,FALSE
REACTOME_CYTOPROTECTION_BY_HMOX1,REACTOME_CYTOPROTECTION_BY_HMOX1,Reactome,Treg,SF_vs_PB_Treg,1.6777120700000001,0.467629764,0.00407603859,0.0309303372,50,22,RXRA/HM13/STAT3/CYCS/NCOR2/HELZ2/BACH1/PTK6/NDUFA4/COX7A2/BLVRB/NCOA1/COX8A/COX5A/HMOX2/HMOX1/NCOR1/MAFK/COX6C/NFE2L2/COX7B/STAP2,up,FALSE
REACTOME_FCERI_MEDIATED_NF_KB_ACTIVATION,REACTOME_FCERI_MEDIATED_NF_KB_ACTIVATION,Reactome,Treg,SF_vs_PB_Treg,1.64740756,0.437238727,0.00407820349,0.0309303372,65,28,PSMD1/PSMB5/PSMD14/PSMC1/PSMB6/PSMC2/PSMB1/PSMA7/PSMD8/PSMD7/ADRM1/PSMB3/PSMD11/PSMA6/PSMD12/PSMC3/UBE2N/PSMA3/UBC/UBB/PSMC4/NFKBIA/PSMB7/PSMD13/PSMB2/PSMD3/IKBKG/PSMA5,up,FALSE
REACTOME_BIOLOGICAL_OXIDATIONS,REACTOME_BIOLOGICAL_OXIDATIONS,Reactome,Treg,SF_vs_PB_Treg,1.58462101,0.393171467,0.00407851134,0.0309303372,96,35,CYP7B1/GGT1/RXRA/UGP2/CYB5R3/HSP90AB1/CYP4F22/CYP2R1/GSTO1/GSS/COMT/TPMT/TRMT112/ACY1/MGST2/CBR3/SLC35D1/ESD/ABHD10/AKR1A1/CHAC2/ALDH2/GSTA4/NCOA1/MGST3/SMOX/PTGS1/CYP51A1/AIP/IMPAD1/OPLAH/ACSS2/SLC35D2/UXS1/CYB5B,up,FALSE
REACTOME_SUMOYLATION_OF_IMMUNE_RESPONSE_PROTEINS,REACTOME_SUMOYLATION_OF_IMMUNE_RESPONSE_PROTEINS,Reactome,Treg,SF_vs_PB_Treg,1.81025524,0.710154931,0.00420442328,0.0315352028,12,7,SUMO3/EIF2AK2/PIAS3/UBE2I/NFKB2/NFKBIA/IKBKG,up,FALSE
REACTOME_CASPASE_ACTIVATION_VIA_EXTRINSIC_APOPTOTIC_SIGNALLING_PATHWAY,REACTOME_CASPASE_ACTIVATION_VIA_EXTRINSIC_APOPTOTIC_SIGNALLING_PATHWAY,Reactome,Treg,SF_vs_PB_Treg,1.78827495,0.599217107,0.00421174797,0.0315352028,22,13,FASLG/LY96/CASP9/DAPK2/FADD/MAGED1/TICAM2/FAS/TICAM1/APPL1/CFLAR/TRAF2/DAPK1,up,FALSE
REACTOME_CLASS_I_MHC_MEDIATED_ANTIGEN_PROCESSING_PRESENTATION,REACTOME_CLASS_I_MHC_MEDIATED_ANTIGEN_PROCESSING_PRESENTATION,Reactome,Treg,SF_vs_PB_Treg,1.39271142,0.295060016,0.00421795773,0.0315352028,330,121,RNF213/ZNRF1/PSMD1/RBX1/UBAC1/CYBA/FBXO2/LY96/FBXO6/PSMB5/TRIM36/PSMD14/PSMC1/PSMB6/PSMC2/PSMB1/HLA-A/DTX3L/RNF19A/PSMA7/PSMD8/HLA-B/PSMD7/VAMP8/ADRM1/PDIA3/SEC61G/LONRF1/UBE2A/FBXO27/SAR1B/FBXL19/PSMB3/PSMD11/PSMA6/TAP1/CALR/HLA-F/CTSL/PSMD12/HLA-C/NCF4/PSMC3/PSME2/UBE2M/SEC61B/BCAP31/CBLB/UBE2N/PSMA3/UBC/TIRAP/UBB/PSMC4/UBE2Z/UBE2E3/TCEB1/NEDD4/STX4/PSMB7/UBE2W/UBE3C/KEAP1/RNF7/PSMD13/FBXL8/B2M/UBE2B/TCEB2/CDC27/PSMB2/RNF41/VAMP3/UBE2L3/PSMD3/HUWE1/TAPBP/SOCS3/UBE2K/IKBKG/SEC24A/SOCS1/LRSAM1/KLHL2/PSMA5/CUL7/ANAPC11/HECTD2/SNAP23/HSPA5/RNF19B/HERC6/TRIM37/FBXO7/SPSB2/FBXO4/NCF1/BTBD6/KBTBD8/UBE2G1/RNF14/PSMB9/TRIM21/MYD88/MGRN1/FBXW4/ITGAV/UBE2Q2/SEC13/ANAPC13/RNF130/RNF34/PJA2/UBA6/KBTBD6/WSB1/UBE2D4/BECN1/THOP1/SKP1/DZIP3,up,FALSE
REACTOME_RUNX3_REGULATES_NOTCH_SIGNALING,REACTOME_RUNX3_REGULATES_NOTCH_SIGNALING,Reactome,Treg,SF_vs_PB_Treg,1.79869548,0.691450059,0.0043199447,0.0320342609,13,4,KAT2B/RBPJ/NOTCH1/MAMLD1,up,FALSE
REACTOME_FATTY_ACID_METABOLISM,REACTOME_FATTY_ACID_METABOLISM,Reactome,Treg,SF_vs_PB_Treg,1.53334477,0.364918456,0.0043251305,0.0320342609,126,49,SLC27A2/GGT1/RXRA/ACOT4/ELOVL1/ACSL3/PCTP/CYP4F22/MAPKAPK2/PPT1/ACSL4/ACOX3/ACBD6/ALOX5AP/ECHS1/ACSL1/ACOT9/ELOVL6/ACOT7/SCD/ECI2/NDUFAB1/ALDH3A2/ACAA2/PON2/PHYH/SCP2/GPX1/PTGS1/HPGD/FADS1/ACADM/CRAT/PTPLAD1/FASN/ACOT11/ACBD5/CBR1/SLC27A3/HSD17B12/FADS2/DBI/LTC4S/ACADVL/HSD17B8/ACLY/SLC25A17/FAM213B/HADHB,up,FALSE
REACTOME_RHO_GTPASES_ACTIVATE_ROCKS,REACTOME_RHO_GTPASES_ACTIVATE_ROCKS,Reactome,Treg,SF_vs_PB_Treg,1.79595817,0.642332793,0.00438080789,0.0322957233,17,10,RHOB/MYL6/MYL12B/RHOC/RHOA/LIMK1/PPP1CB/CFL1/PAK1/ROCK1,up,FALSE
REACTOME_TP53_REGULATES_METABOLIC_GENES,REACTOME_TP53_REGULATES_METABOLIC_GENES,Reactome,Treg,SF_vs_PB_Treg,1.61588802,0.418855409,0.00455058619,0.0333920329,74,23,DDIT4/TXN/PRDX5/YWHAG/LAMTOR5/RHEB/GPI/TP63/CYCS/PRDX1/NDUFA4/COX7A2/YWHAH/YWHAB/YWHAZ/PRKAB1/YWHAQ/COX8A/LAMTOR2/SCO2/TXNRD1/COX5A/AKT1,up,FALSE
REACTOME_INTERLEUKIN_2_SIGNALING,REACTOME_INTERLEUKIN_2_SIGNALING,Reactome,Treg,SF_vs_PB_Treg,1.79757562,0.722791393,0.00460031182,0.0336013559,11,3,IL2RB/IL2RA/IL2RG,up,FALSE
REACTOME_INTEGRATION_OF_ENERGY_METABOLISM,REACTOME_INTEGRATION_OF_ENERGY_METABOLISM,Reactome,Treg,SF_vs_PB_Treg,1.63580931,0.432859737,0.00468220413,0.0340426309,66,18,IQGAP1/PRKAR1B/GNA15/GNG4/ACSL3/PRKAR1A/ADIPOR1/STX1A/ACSL4/AKAP5/ADCY3/GNG2/GNG5/CACNB2/ITPR1/ITPR3/CACNB3/SLC2A1,up,FALSE
REACTOME_METALLOTHIONEINS_BIND_METALS,REACTOME_METALLOTHIONEINS_BIND_METALS,Reactome,Treg,SF_vs_PB_Treg,1.76109734,0.807890223,0.00471003827,0.0340886331,7,7,MT2A/MT1X/MT1F/MT1E/MT3/MT1G/MT1A,up,FALSE
REACTOME_SYNTHESIS_SECRETION_AND_DEACYLATION_OF_GHRELIN,REACTOME_SYNTHESIS_SECRETION_AND_DEACYLATION_OF_GHRELIN,Reactome,Treg,SF_vs_PB_Treg,1.77777529,0.78415786,0.00476525271,0.0343314798,8,6,SEC11C/SPCS1/SPCS3/SEC11A/KLF4/SPCS2,up,FALSE
REACTOME_ION_HOMEOSTASIS,REACTOME_ION_HOMEOSTASIS,Reactome,Treg,SF_vs_PB_Treg,1.73929937,0.536877192,0.00484421447,0.0347424431,31,11,ATP1B1/SRI/ORAI2/STIM1/ATP1B3/RYR1/ATP2B4/FKBP1B/ITPR1/ITPR3/ATP2A2,up,FALSE
REACTOME_NOTCH3_INTRACELLULAR_DOMAIN_REGULATES_TRANSCRIPTION,REACTOME_NOTCH3_INTRACELLULAR_DOMAIN_REGULATES_TRANSCRIPTION,Reactome,Treg,SF_vs_PB_Treg,1.79246618,0.651109559,0.00503123161,0.0358770933,16,4,KAT2B/RBPJ/NOTCH1/MAMLD1,up,FALSE
REACTOME_CELLULAR_RESPONSES_TO_MECHANICAL_STIMULI,REACTOME_CELLULAR_RESPONSES_TO_MECHANICAL_STIMULI,Reactome,Treg,SF_vs_PB_Treg,1.61149279,0.419681569,0.00504769199,0.0358770933,72,31,PRKAR1B/PDE4D/GNG4/PRKAR1A/ANXA2/CTNNB1/CAPN2/PTPN1/ADCY3/NOS3/GNG2/GNG5/TLN1/CACNB2/CAPNS1/CACNB3/FN1/NFKBIA/AKT1/GNB1/PANX1/IKBKG/CALM1/PPP2R1A/GNGT2/PRKACA/ITGAV/PPP2R1B/GNG10/CACNB1/SPP1,up,FALSE
REACTOME_CYCLIN_A_CDK2_ASSOCIATED_EVENTS_AT_S_PHASE_ENTRY,REACTOME_CYCLIN_A_CDK2_ASSOCIATED_EVENTS_AT_S_PHASE_ENTRY,Reactome,Treg,SF_vs_PB_Treg,1.61073899,0.418404728,0.00511162111,0.0361692833,73,27,CDKN1A/PSMD1/PSMB5/PSMD14/PSMC1/PSMB6/PSMC2/PSMB1/PSMA7/PSMD8/PTK6/PSMD7/ADRM1/PSMB3/PSMD11/PSMA6/PSMD12/PSMC3/PSMA3/UBC/UBB/PSMC4/PSMB7/PSMD13/AKT1/PSMB2/PSMD3,up,FALSE
REACTOME_REGULATION_OF_GENE_EXPRESSION_IN_LATE_STAGE_BRANCHING_MORPHOGENESIS_PANCREATIC_BUD_PRECURSOR_CELLS,REACTOME_REGULATION_OF_GENE_EXPRESSION_IN_LATE_STAGE_BRANCHING_MORPHOGENESIS_PANCREATIC_BUD_PRECURSOR_CELLS,Reactome,Treg,SF_vs_PB_Treg,1.78942629,0.70198383,0.00516433728,0.03637495,12,4,KAT2B/RBPJ/NOTCH1/MAMLD1,up,FALSE
REACTOME_ACTIVATION_OF_THE_TFAP2_AP_2_FAMILY_OF_TRANSCRIPTION_FACTORS,REACTOME_ACTIVATION_OF_THE_TFAP2_AP_2_FAMILY_OF_TRANSCRIPTION_FACTORS,Reactome,Treg,SF_vs_PB_Treg,-1.72266316,-0.819637881,0.0052064341,0.03637495,6,3,CREBBP/WWOX/CITED2,down,FALSE
REACTOME_MITOTIC_G1_PHASE_AND_G1_S_TRANSITION,REACTOME_MITOTIC_G1_PHASE_AND_G1_S_TRANSITION,Reactome,Treg,SF_vs_PB_Treg,1.5097823,0.355381915,0.00520953543,0.03637495,136,31,CDKN1A/CDK6/CCND2/CDKN2D/PSMD1/PSMB5/PSMD14/PSMC1/PSMB6/PSMC2/PSMB1/PSMA7/PSMD8/PTK6/PSMD7/ADRM1/PSMB3/PSMD11/PSMA6/PSMD12/PSMC3/PSMA3/UBC/E2F6/UBB/PSMC4/PSMB7/PSMD13/AKT1/PSMB2/PSMD3,up,FALSE
REACTOME_PLATELET_CALCIUM_HOMEOSTASIS,REACTOME_PLATELET_CALCIUM_HOMEOSTASIS,Reactome,Treg,SF_vs_PB_Treg,1.77871595,0.636166035,0.0052721411,0.03665063,17,7,SRI/ORAI2/STIM1/ATP2B4/ITPR1/ITPR3/ATP2A2,up,FALSE
REACTOME_SEMA3A_PAK_DEPENDENT_AXON_REPULSION,REACTOME_SEMA3A_PAK_DEPENDENT_AXON_REPULSION,Reactome,Treg,SF_vs_PB_Treg,1.7790423,0.68389503,0.00549112971,0.0380062908,13,10,HSP90AB1/LIMK1/PAK2/PLXNA3/PLXNA1/CFL1/NRP1/PAK1/FES/HSP90AA1,up,FALSE
REACTOME_SEMA4D_IN_SEMAPHORIN_SIGNALING,REACTOME_SEMA4D_IN_SEMAPHORIN_SIGNALING,Reactome,Treg,SF_vs_PB_Treg,1.75586031,0.595832786,0.00557924596,0.038297759,21,8,RHOB/MYL6/MYL12B/RHOC/RHOA/LIMK1/PLXNB1/ARHGEF12,up,FALSE
REACTOME_AGGREPHAGY,REACTOME_AGGREPHAGY,Reactome,Treg,SF_vs_PB_Treg,1.73114127,0.538365176,0.00558156614,0.038297759,30,20,VIM/TUBB2A/TUBB6/DYNLL1/DYNC1I2/TUBA1C/TUBA1A/UBE2N/UBC/UBB/DYNC1H1/DYNC1LI2/VCP/ARL13B/PARK7/TUBB4B/DYNC1LI1/TUBA4A/TUBA1B/HSP90AA1,up,FALSE
REACTOME_RUNX1_REGULATES_TRANSCRIPTION_OF_GENES_INVOLVED_IN_DIFFERENTIATION_OF_HSCS,REACTOME_RUNX1_REGULATES_TRANSCRIPTION_OF_GENES_INVOLVED_IN_DIFFERENTIATION_OF_HSCS,Reactome,Treg,SF_vs_PB_Treg,1.55795218,0.386554476,0.00581187866,0.0396423313,96,27,CBFB/H3F3B/PSMD1/PSMB5/PSMD14/PSMC1/TP73/PSMB6/PSMC2/PSMB1/PSMA7/PSMD8/PSMD7/ADRM1/PSMB3/PSMD11/PSMA6/PSMD12/PSMC3/PSMA3/UBC/UBB/PSMC4/PSMB7/PSMD13/PSMB2/PSMD3,up,FALSE
REACTOME_ACTIVATION_OF_GENE_EXPRESSION_BY_SREBF_SREBP,REACTOME_ACTIVATION_OF_GENE_EXPRESSION_BY_SREBF_SREBP,Reactome,Treg,SF_vs_PB_Treg,1.67470168,0.484193875,0.00582754775,0.0396423313,42,16,RXRA/IDI1/SQLE/SREBF2/HELZ2/PMVK/SC5D/ELOVL6/DHCR7/HMGCS1/SCD/SREBF1/NCOA1/CYP51A1/FASN/MVD,up,FALSE
REACTOME_DENGUE_VIRUS_INFECTION,REACTOME_DENGUE_VIRUS_INFECTION,Reactome,Treg,SF_vs_PB_Treg,1.36405484,0.286586762,0.00588818369,0.0397611672,358,101,PPIL1/SDC4/FURIN/LY6E/HSPA1A/TMEM173/VIM/P4HA2/CLU/MB21D1/EIF4G3/HSP90AB1/POLR2K/DYNLT1/DPM2/CTNNB1/LY96/SEC11C/NRBP1/SPCS1/CSTF2/RTN3/AP2B1/MAGT1/EIF4G1/RPN2/RRBP1/TRIM25/EMC4/TSG101/CSTF2T/PDIA3/CD2BP2/MMP9/RPN1/DNAJC10/P4HA1/CALR/NFKBIB/SNRPB/UFD1L/HSPA1B/UBE2I/SPCS3/EIF4E/SEC11A/UBC/UBB/POLR2L/GPC1/C1QA/HNRNPA3/NFKBIA/DNAJB11/GRPEL1/DNAJC3/OSTC/SNRPD1/DDOST/STT3A/POLR2E/VCP/FASN/SRSF2/TMEM258/PROS1/SPCS2/SNRPA1/BUD31/SRSF7/PUF60/RNPS1/CD33/CLEC5A/LEO1/MAP1LC3B/DPM1/SNRPD3/SNRPG/HSPA5/HYOU1/AUP1/DAD1/HIST1H3F/EFTUD2/PML/P4HB/SF3B4/HIST1H2BI/IFIH1/POLR2G/SNRPE/PPIL3/WBP11/IPO7/SNRPB2/NUDT21/GBF1/KPNA2/HNRNPH2/OST4,up,FALSE
REACTOME_CYTOSOLIC_SENSORS_OF_PATHOGEN_ASSOCIATED_DNA,REACTOME_CYTOSOLIC_SENSORS_OF_PATHOGEN_ASSOCIATED_DNA,Reactome,Treg,SF_vs_PB_Treg,1.61997439,0.434923343,0.00589518882,0.0397611672,61,24,TMEM173/MB21D1/POLR2K/CTNNB1/IRF7/AIM2/IFI16/RIPK3/NFKBIB/UBC/POLR3K/UBB/POLR2L/NFKB2/NFKBIA/TBK1/NKIRAS2/POLR1C/POLR2E/ZBP1/TICAM1/LRRFIP1/TREX1/IKBKG,up,FALSE
REACTOME_ASPIRIN_ADME,REACTOME_ASPIRIN_ADME,Reactome,Treg,SF_vs_PB_Treg,1.68715518,0.854567233,0.00593765463,0.0398778923,5,2,BSG/SLC16A1,up,FALSE
REACTOME_NGF_STIMULATED_TRANSCRIPTION,REACTOME_NGF_STIMULATED_TRANSCRIPTION,Reactome,Treg,SF_vs_PB_Treg,1.71270919,0.528669484,0.00618371316,0.0413552125,31,16,ID2/NAB2/SGK1/EGR3/FOS/EGR1/NAB1/EGR2/ELK1/FOSL1/JUND/SRF/MEF2D/FOSB/CDK5/TRIB1,up,FALSE
REACTOME_RHO_GTPASES_ACTIVATE_CIT,REACTOME_RHO_GTPASES_ACTIVATE_CIT,Reactome,Treg,SF_vs_PB_Treg,1.76042583,0.629624485,0.00631519059,0.0420570466,17,6,RHOB/MYL6/MYL12B/RHOC/RHOA/PPP1CB,up,FALSE
REACTOME_PKR_MEDIATED_SIGNALING,REACTOME_PKR_MEDIATED_SIGNALING,Reactome,Treg,SF_vs_PB_Treg,1.6098551,0.428582998,0.00643961327,0.0427062219,64,29,HSPA1A/STAT3/TUBB2A/ISG15/TUBB6/EIF2AK2/FANCL/TUBA1C/TRIM25/TUBA1A/EIF2S1/HSPA1B/UBE2I/HSPA2/DNAJC3/ILF2/IKBKG/PPP2CB/TUBB4B/PPP2R1A/STRA13/PRKRA/ILF3/APITD1/PPP2R1B/TUBA4A/TUBA1B/SPHK1/DUS2,up,FALSE
REACTOME_SIGNALING_BY_VEGF,REACTOME_SIGNALING_BY_VEGF,Reactome,Treg,SF_vs_PB_Treg,1.55834366,0.390668883,0.00651638503,0.0430352928,90,39,SH2D2A/MAPKAPK3/CYFIP1/CTNNA1/RHOA/MAPK11/MAPKAPK2/CTNNB1/CYBA/NOS3/KRAS/PAK2/ITPR1/ITPR3/NCF4/HSPB1/PRKCD/NRAS/TRIB3/AKT1/VAV2/VEGFA/FLT1/CALM1/NRP1/ACTB/HRAS/PAK1/ROCK1/ABI1/SRC/NCF1/CDC42/PRKACA/ITGAV/BRK1/SPHK1/HSP90AA1/NRP2,up,FALSE
REACTOME_SYNTHESIS_OF_SUBSTRATES_IN_N_GLYCAN_BIOSYTHESIS,REACTOME_SYNTHESIS_OF_SUBSTRATES_IN_N_GLYCAN_BIOSYTHESIS,Reactome,Treg,SF_vs_PB_Treg,1.62599459,0.443483827,0.00655400857,0.0431041643,56,24,FUOM/NUDT14/NAGK/TSTA3/NANS/DPM2/ST6GALNAC4/NEU1/DHDDS/PMM1/CTSA/ALG5/CMAS/SLC17A5/HK1/GNE/SLC35C1/MVD/DOLK/GFPT1/DPM1/ST6GALNAC6/SRD5A3/NANP,up,FALSE
REACTOME_RHO_GTPASE_EFFECTORS,REACTOME_RHO_GTPASE_EFFECTORS,Reactome,Treg,SF_vs_PB_Treg,1.3934103,0.299913668,0.00661464366,0.0433231827,280,77,IQGAP1/RHOB/MYL6/H3F3B/MYL12B/CYFIP1/TUBB2A/YWHAG/TUBB6/RHOC/DYNLL1/CTNNA1/RHOA/PMF1/RTKN/MAPK11/CTNNB1/CYBA/DYNC1I2/CTTN/TUBA1C/LIMK1/MAPRE1/FMNL3/TUBA1A/BUB3/PPP1CB/KIF5B/KLC2/YWHAH/YWHAB/RHOG/PAK2/YWHAZ/RANGAP1/NCF4/PRKCD/YWHAQ/DYNC1H1/B9D2/NF2/DYNC1LI2/PIN1/RHOD/DIAPH1/DLG4/CFL1/NUP37/SRF/DVL3/CLIP1/CALM1/PFN1/PPP2CB/ACTB/TUBB4B/PAK1/PAFAH1B1/ARPC2/ROCK1/HIST1H3F/PPP2R1A/ABI1/HIST1H2BI/RHPN1/SRC/NCF1/TAX1BP3/CDC42/DYNC1LI1/IQGAP3/SEH1L/APITD1/CLASP1/BRK1/PPP2R1B/TUBA4A,up,FALSE
REACTOME_REGULATION_OF_CDH1_POSTTRANSLATIONAL_PROCESSING_AND_TRAFFICKING_TO_PLASMA_MEMBRANE,REACTOME_REGULATION_OF_CDH1_POSTTRANSLATIONAL_PROCESSING_AND_TRAFFICKING_TO_PLASMA_MEMBRANE,Reactome,Treg,SF_vs_PB_Treg,1.70067838,0.524955878,0.00680758927,0.044316701,31,13,FURIN/CTNNB1/SEC11C/SPCS1/RPN2/RPN1/SPCS3/SEC11A/OSTC/DDOST/STT3A/TMEM258/SPCS2,up,FALSE
REACTOME_CRISTAE_FORMATION,REACTOME_CRISTAE_FORMATION,Reactome,Treg,SF_vs_PB_Treg,1.69548871,0.516584505,0.00682225555,0.044316701,33,17,C19orf70/ATP5G1/HSPA9/APOO/USMG5/MTX2/ATP5J/ATP5G3/ATP5E/IMMT/CHCHD6/SAMM50/ATP5J2/MTX1/ATP5B/ATP5C1/TMEM11,up,FALSE
REACTOME_SYNTHESIS_OF_BILE_ACIDS_AND_BILE_SALTS_VIA_7ALPHA_HYDROXYCHOLESTEROL,REACTOME_SYNTHESIS_OF_BILE_ACIDS_AND_BILE_SALTS_VIA_7ALPHA_HYDROXYCHOLESTEROL,Reactome,Treg,SF_vs_PB_Treg,1.75930933,0.690169084,0.00706496698,0.0457060109,12,6,HSD3B7/CYP7B1/SLC27A2/RXRA/NCOA1/SCP2,up,FALSE
REACTOME_DARPP_32_EVENTS,REACTOME_DARPP_32_EVENTS,Reactome,Treg,SF_vs_PB_Treg,1.73589848,0.596089831,0.00733855186,0.0472829459,20,12,PRKAR1B/PDE4D/PRKAR1A/PDE4A/PDE4B/CALM1/PPP2CB/PPP2R1A/CDK5/PPP3CA/PRKACA/PPP2R1B,up,FALSE
REACTOME_HYALURONAN_METABOLISM,REACTOME_HYALURONAN_METABOLISM,Reactome,Treg,SF_vs_PB_Treg,1.74744305,0.671747724,0.00743030489,0.0476802966,13,6,HYAL3/HEXB/CD44/SLC17A5/GUSB/HYAL2,up,FALSE
REACTOME_PTEN_REGULATION,REACTOME_PTEN_REGULATION,Reactome,Treg,SF_vs_PB_Treg,1.50654985,0.362949059,0.00749169906,0.0477629204,116,37,PSMD1/LAMTOR5/RHEB/EED/PSMB5/CBX6/PPARG/PSMD14/PSMC1/PSMB6/PSMC2/PSMB1/PSMA7/PSMD8/PSMD7/ADRM1/PSMB3/PSMD11/PSMA6/EGR1/PSMD12/PSMC3/PSMA3/UBC/UBB/PSMC4/LAMTOR2/NEDD4/PSMB7/PSMD13/AKT1/CBX8/PSMB2/PSMD3/LAMTOR3/LAMTOR1/PSMA5,up,FALSE
REACTOME_OTHER_INTERLEUKIN_SIGNALING,REACTOME_OTHER_INTERLEUKIN_SIGNALING,Reactome,Treg,SF_vs_PB_Treg,1.74266724,0.613819153,0.00750344932,0.0477629204,18,8,CSF1/IL32/CD4/TXLNA/STX1A/STX3/STX4/IFNL1,up,FALSE
REACTOME_FORMATION_OF_THE_BETA_CATENIN_TCF_TRANSACTIVATING_COMPLEX,REACTOME_FORMATION_OF_THE_BETA_CATENIN_TCF_TRANSACTIVATING_COMPLEX,Reactome,Treg,SF_vs_PB_Treg,-1.55620041,-0.381689716,0.00764547643,0.0483610493,76,23,HIST1H2BK/HIST1H2BL/MEN1/PYGO2/HDAC1/TCF7L1/HIST1H4A/HIST1H4F/HIST1H4E/HIST1H2BG/HIST1H2BN/CREBBP/TRRAP/HIST1H3A/BCL9/HIST4H4/AXIN2/HIST1H2AC/TLE4/BCL9L/LEF1/MYC/TCF7,down,FALSE
REACTOME_REGULATION_OF_EXPRESSION_AND_FUNCTION_OF_TYPE_II_CLASSICAL_CADHERINS,REACTOME_REGULATION_OF_EXPRESSION_AND_FUNCTION_OF_TYPE_II_CLASSICAL_CADHERINS,Reactome,Treg,SF_vs_PB_Treg,1.73303718,0.595107288,0.00765843745,0.0483610493,20,6,PRDM8/ADAM19/ZEB2/CTNNA1/ZC3H12A/CTNNB1,up,FALSE
REACTOME_RESPIRATORY_SYNCYTIAL_VIRUS_RSV_GENOME_REPLICATION_TRANSCRIPTION_AND_TRANSLATION,REACTOME_RESPIRATORY_SYNCYTIAL_VIRUS_RSV_GENOME_REPLICATION_TRANSCRIPTION_AND_TRANSLATION,Reactome,Treg,SF_vs_PB_Treg,1.73670499,0.621140618,0.00781338896,0.0491437361,17,8,FURIN/HSP90AB1/SEC11C/SPCS1/PPP1CB/SPCS3/SEC11A/SPCS2,up,FALSE
REACTOME_ACTIVATION_OF_MATRIX_METALLOPROTEINASES,REACTOME_ACTIVATION_OF_MATRIX_METALLOPROTEINASES,Reactome,Treg,SF_vs_PB_Treg,1.73652793,0.765964087,0.00804624639,0.0504083025,8,3,FURIN/TIMP1/MMP9,up,FALSE
REACTOME_SIGNALLING_TO_RAS,REACTOME_SIGNALLING_TO_RAS,Reactome,Treg,SF_vs_PB_Treg,1.73079587,0.619027193,0.00819267969,0.0511236114,17,7,MAPKAPK3/NTRK1/MAPK11/MAPKAPK2/RALB/RALGDS/KRAS,up,FALSE
REACTOME_SIGNALLING_TO_ERKS,REACTOME_SIGNALLING_TO_ERKS,Reactome,Treg,SF_vs_PB_Treg,1.68820467,0.525012383,0.0082254659,0.0511269155,30,13,MAPKAPK3/NTRK1/MAPK11/MAPKAPK2/RALB/RALGDS/KRAS/YWHAB/NRAS/RIT1/RAPGEF1/HRAS/SRC,up,FALSE
REACTOME_GLUCURONIDATION,REACTOME_GLUCURONIDATION,Reactome,Treg,SF_vs_PB_Treg,1.69601349,0.815275123,0.00833333333,0.0515950521,6,5,UGP2/SLC35D1/ABHD10/SLC35D2/UXS1,up,FALSE
REACTOME_HSF1_ACTIVATION,REACTOME_HSF1_ACTIVATION,Reactome,Treg,SF_vs_PB_Treg,1.70321104,0.547663021,0.00847661974,0.0522779856,26,13,HSPA1A/SERPINH1/HSBP1/HSP90AB1/DNAJB6/HSPH1/HSPA1B/HSPB1/UBB/VCP/MRPL18/HSPA6/FKBP4,up,FALSE
REACTOME_GPCR_LIGAND_BINDING,REACTOME_GPCR_LIGAND_BINDING,Reactome,Treg,SF_vs_PB_Treg,1.4668785,0.3429733,0.00854728845,0.0525095046,142,40,CXCR6/CXCL13/CCR1/CXCR3/CCL4/CCR5/CD97/C3AR1/GPR132/PTHLH/GNG4/CYSLTR1/CCL20/CCL5/ANXA1/LPAR5/CALCB/CCL3/CCL23/XCL1/EMR1/GNG2/CCR2/P2RY10/CCRL2/GNG5/F2R/CXCL16/CCL22/CXCR4/NMB/P2RY11/NTSR1/HRH1/LPAR2/CCR8/PSAP/EDNRB/CXCR1/ADRB2,up,FALSE
REACTOME_MRNA_EDITING,REACTOME_MRNA_EDITING,Reactome,Treg,SF_vs_PB_Treg,1.6934816,0.814058043,0.00862954186,0.0528101307,6,2,APOBEC3H/APOBEC3C,up,FALSE
REACTOME_FORMATION_OF_FIBRIN_CLOT_CLOTTING_CASCADE,REACTOME_FORMATION_OF_FIBRIN_CLOT_CLOTTING_CASCADE,Reactome,Treg,SF_vs_PB_Treg,1.73789424,0.698793968,0.00871941948,0.0531549226,11,5,SERPINE2/F12/F5/F2R/PROS1,up,FALSE
REACTOME_THE_CRY_PER_KINASE_COMPLEX_REPRESSES_TRANSACTIVATION_BY_THE_BMAL_CLOCK_ARNTL_CLOCK_COMPLEX,REACTOME_THE_CRY_PER_KINASE_COMPLEX_REPRESSES_TRANSACTIVATION_BY_THE_BMAL_CLOCK_ARNTL_CLOCK_COMPLEX,Reactome,Treg,SF_vs_PB_Treg,-1.73585519,-0.649172693,0.00895279436,0.0543685021,13,9,CRY2/KMT2A/NR1D1/PER2/PER3/CREBBP/RORA/CLOCK/CSNK1E,down,FALSE
REACTOME_INTERLEUKIN_20_FAMILY_SIGNALING,REACTOME_INTERLEUKIN_20_FAMILY_SIGNALING,Reactome,Treg,SF_vs_PB_Treg,1.7296934,0.628307478,0.00903723111,0.0546717989,16,7,STAT4/STAT3/IL26/IFNL1/JAK3/PTPN11/SOCS3,up,FALSE
REACTOME_DEFECTS_IN_BIOTIN_BTN_METABOLISM,REACTOME_DEFECTS_IN_BIOTIN_BTN_METABOLISM,Reactome,Treg,SF_vs_PB_Treg,-1.71547435,-0.74484948,0.00920119677,0.0554520794,8,4,BTD/MCCC2/MCCC1/ACACA,down,FALSE
REACTOME_BINDING_OF_TCF_LEF_CTNNB1_TO_TARGET_GENE_PROMOTERS,REACTOME_BINDING_OF_TCF_LEF_CTNNB1_TO_TARGET_GENE_PROMOTERS,Reactome,Treg,SF_vs_PB_Treg,-1.69188727,-0.766423978,0.00937875915,0.0563080805,7,4,AXIN2/LEF1/MYC/TCF7,down,FALSE
REACTOME_PHOSPHORYLATION_OF_CLOCK_ACETYLATION_OF_BMAL1_ARNTL_AT_TARGET_GENE_PROMOTERS,REACTOME_PHOSPHORYLATION_OF_CLOCK_ACETYLATION_OF_BMAL1_ARNTL_AT_TARGET_GENE_PROMOTERS,Reactome,Treg,SF_vs_PB_Treg,-1.72664476,-0.679889547,0.00955254943,0.0571350598,11,8,CRY2/KMT2A/NR1D1/PER2/PER3/CREBBP/RORA/CLOCK,down,FALSE
REACTOME_HYALURONAN_DEGRADATION,REACTOME_HYALURONAN_DEGRADATION,Reactome,Treg,SF_vs_PB_Treg,1.72519958,0.693689542,0.00979731681,0.0583071043,11,6,HYAL3/HEXB/CD44/SLC17A5/GUSB/HYAL2,up,FALSE
REACTOME_INSULIN_RECEPTOR_RECYCLING,REACTOME_INSULIN_RECEPTOR_RECYCLING,Reactome,Treg,SF_vs_PB_Treg,1.69229039,0.560942726,0.00982208004,0.0583071043,23,13,ATP6V0B/CTSD/ATP6V1F/PTPN1/ATP6V1E1/ATP6V1B2/TCIRG1/ATP6V0E1/ATP6AP1/ATP6V1A/ATP6V0C/ATP6V0A1/ATP6V1D,up,FALSE
REACTOME_ANTIMICROBIAL_MECHANISM_OF_IFN_STIMULATED_GENES,REACTOME_ANTIMICROBIAL_MECHANISM_OF_IFN_STIMULATED_GENES,Reactome,Treg,SF_vs_PB_Treg,1.43959811,0.333490041,0.0102340134,0.0605257884,152,53,FURIN/OASL/OAS3/HSPA1A/STAT3/TUBB2A/ISG15/PIM1/TUBB6/OAS1/EIF4G3/USP18/EIF2AK2/FANCL/MX1/TUBA1C/EIF4G1/TRIM25/TUBA1A/EIF2S1/HSPA1B/UBE2I/EIF4E/UBE2N/UBC/UBB/IFIT1/HSPA2/DNAJC3/NEDD4/PIN1/ILF2/NUP188/CASP1/NUP37/IKBKG/PPP2CB/ACTB/TUBB4B/AAAS/PPP2R1A/STRA13/PRKRA/ILF3/GBP2/SEH1L/APITD1/KPNA2/PPP2R1B/TUBA4A/SEC13/TUBA1B/SPHK1,up,FALSE
REACTOME_TRANSLOCATION_OF_SLC2A4_GLUT4_TO_THE_PLASMA_MEMBRANE,REACTOME_TRANSLOCATION_OF_SLC2A4_GLUT4_TO_THE_PLASMA_MEMBRANE,Reactome,Treg,SF_vs_PB_Treg,1.5728103,0.426162866,0.0104820321,0.061515175,58,23,MYO1C/TUBB2A/YWHAG/TUBB6/RAB11A/RAB10/TUBA1C/TUBA1A/MYO5A/YWHAH/YWHAB/YWHAZ/KIF3A/PRKAB1/YWHAQ/STX4/TBC1D4/AKT1/CALM1/ACTB/TUBB4B/EXOC5/SNAP23,up,FALSE
REACTOME_ACTIVATION_OF_BAD_AND_TRANSLOCATION_TO_MITOCHONDRIA,REACTOME_ACTIVATION_OF_BAD_AND_TRANSLOCATION_TO_MITOCHONDRIA,Reactome,Treg,SF_vs_PB_Treg,1.71635454,0.634244363,0.0105038412,0.061515175,15,8,BID/YWHAG/BAD/YWHAH/YWHAB/YWHAZ/YWHAQ/AKT1,up,FALSE
REACTOME_TRAFFICKING_AND_PROCESSING_OF_ENDOSOMAL_TLR,REACTOME_TRAFFICKING_AND_PROCESSING_OF_ENDOSOMAL_TLR,Reactome,Treg,SF_vs_PB_Treg,1.71560525,0.730436078,0.0105177366,0.061515175,9,4,CTSB/UNC93B1/CTSL/HSP90B1,up,FALSE
REACTOME_OTHER_SEMAPHORIN_INTERACTIONS,REACTOME_OTHER_SEMAPHORIN_INTERACTIONS,Reactome,Treg,SF_vs_PB_Treg,1.71819583,0.674040442,0.0107318384,0.0625188303,12,10,SEMA4A/PLXNA1/SEMA7A/PTPRC/CD72/PLXND1/PLXNC1/ITGB1/SEMA4D/TREM2,up,FALSE
REACTOME_OPIOID_SIGNALLING,REACTOME_OPIOID_SIGNALLING,Reactome,Treg,SF_vs_PB_Treg,1.56656532,0.421789836,0.0107682276,0.0625188303,60,26,PRKAR1B/GNA15/PDE4D/GNG4/PRKAR1A/PDE4A/GNAI3/ADCY3/GNG2/PDE4B/GNG5/CAMKK1/ITPR1/ITPR3/PRKCD/GNB1/CALM1/PPP2CB/PPP2R1A/CDK5/GNGT2/PPP3CA/PRKACA/KPNA2/PPP2R1B/GNG10,up,FALSE
REACTOME_REGULATION_OF_CHOLESTEROL_BIOSYNTHESIS_BY_SREBP_SREBF,REACTOME_REGULATION_OF_CHOLESTEROL_BIOSYNTHESIS_BY_SREBP_SREBF,Reactome,Treg,SF_vs_PB_Treg,1.57404554,0.430809191,0.01115268,0.0644994347,55,19,RXRA/IDI1/SQLE/SREBF2/HELZ2/PMVK/SC5D/ELOVL6/DHCR7/HMGCS1/SAR1B/SCD/SREBF1/NCOA1/CYP51A1/FASN/MVD/SEC24A/HMGCR,up,FALSE
REACTOME_SIGNALING_BY_NOTCH,REACTOME_SIGNALING_BY_NOTCH,Reactome,Treg,SF_vs_PB_Treg,1.40545595,0.317136235,0.0111907537,0.0644994347,186,39,KAT2B/RBPJ/FURIN/H3F3B/NOTCH1/PSMD1/GZMB/HDAC9/RBX1/NCOR2/PSMB5/HIF1A/JAG2/PSMD14/PSMC1/PRKCI/PSMB6/PSMC2/PSMB1/PSMA7/MAMLD1/PSMD8/PSMD7/ADRM1/PSMB3/PSMD11/PSMA6/YWHAZ/PSMD12/PSEN2/PSMC3/NOTCH2/ATP2A2/TMED2/PSMA3/UBC/UBB/PSMC4/PSEN1,up,FALSE
REACTOME_FC_EPSILON_RECEPTOR_FCERI_SIGNALING,REACTOME_FC_EPSILON_RECEPTOR_FCERI_SIGNALING,Reactome,Treg,SF_vs_PB_Treg,1.47576757,0.35644632,0.0112742966,0.0646822584,114,40,LAT2/PSMD1/PSMB5/PSMD14/PSMC1/PSMB6/PSMC2/PSMB1/FOS/PSMA7/PSMD8/KRAS/PSMD7/ADRM1/PSMB3/PSMD11/PSMA6/PAK2/ITPR1/MAPK8/ITPR3/PSMD12/PSMC3/UBE2N/PSMA3/UBC/UBB/PSMC4/NRAS/NFKBIA/PSMB7/PSMD13/VAV2/PSMB2/PSMD3/IKBKG/CALM1/HRAS/PSMA5/PAK1,up,FALSE
REACTOME_ATTACHMENT_OF_GPI_ANCHOR_TO_UPAR,REACTOME_ATTACHMENT_OF_GPI_ANCHOR_TO_UPAR,Reactome,Treg,SF_vs_PB_Treg,1.68862843,0.774645655,0.0113040918,0.0646822584,7,6,GPAA1/PIGT/PGAP1/PLAUR/PIGU/PIGS,up,FALSE
REACTOME_INTRACELLULAR_SIGNALING_BY_SECOND_MESSENGERS,REACTOME_INTRACELLULAR_SIGNALING_BY_SECOND_MESSENGERS,Reactome,Treg,SF_vs_PB_Treg,1.3778718,0.302928626,0.0114272352,0.0651516825,231,75,CDKN1A/PRKAR1B/CD80/NR4A1/NTRK2/SGK1/PRKAR1A/PDGFA/PSMD1/LAMTOR5/RHEB/EED/PSMB5/CBX6/PPARG/PSMD14/PSMC1/ADCY3/PSMB6/PSMC2/PSMB1/PSMA7/PSMD8/PSMD7/ADRM1/CAMKK1/CASP9/BAD/PSMB3/PSMD11/PSMA6/RHOG/ITPR1/EGR1/ITPR3/PSMD12/HBEGF/FOXO1/PSMC3/ICOS/PSMA3/UBC/PRKCD/UBB/PSMC4/IL1RAP/LAMTOR2/TRIB3/NEDD4/PSMB7/PHLPP2/PSMD13/AKT1/CBX8/PSMB2/PSMD3/LAMTOR3/PTPN11/CALM1/PPP2CB/LAMTOR1/PSMA5/PPP2R1A/IER3/PML/FLT3/SRC/RRAGA/MYD88/PRKACA/KLB/ERBB3/KPNA2/PHLPP1/PPP2R1B,up,FALSE
REACTOME_NUCLEAR_EVENTS_KINASE_AND_TRANSCRIPTION_FACTOR_ACTIVATION,REACTOME_NUCLEAR_EVENTS_KINASE_AND_TRANSCRIPTION_FACTOR_ACTIVATION,Reactome,Treg,SF_vs_PB_Treg,1.57613894,0.434264843,0.0117722147,0.0668779941,53,25,DUSP4/ID2/NAB2/SGK1/MAPK11/MAPKAPK2/EGR3/FOS/DUSP3/EGR1/NAB1/EGR2/ELK1/FOSL1/JUND/SRF/MEF2D/DUSP6/FOSB/PPP2CB/PPP2R1A/CDK5/MAPK7/TRIB1/PPP2R1B,up,FALSE
REACTOME_WNT_LIGAND_BIOGENESIS_AND_TRAFFICKING,REACTOME_WNT_LIGAND_BIOGENESIS_AND_TRAFFICKING,Reactome,Treg,SF_vs_PB_Treg,1.70279858,0.703166749,0.0120356239,0.0681302282,10,7,VPS26A/VPS35/WLS/WNT9A/WNT10A/VPS29/PORCN,up,FALSE
REACTOME_ABERRANT_REGULATION_OF_MITOTIC_G1_S_TRANSITION_IN_CANCER_DUE_TO_RB1_DEFECTS,REACTOME_ABERRANT_REGULATION_OF_MITOTIC_G1_S_TRANSITION_IN_CANCER_DUE_TO_RB1_DEFECTS,Reactome,Treg,SF_vs_PB_Treg,1.6869493,0.603345265,0.0121941969,0.0687822136,17,3,CDKN1A/CDK6/CCND2,up,FALSE
REACTOME_STAT5_ACTIVATION_DOWNSTREAM_OF_FLT3_ITD_MUTANTS,REACTOME_STAT5_ACTIVATION_DOWNSTREAM_OF_FLT3_ITD_MUTANTS,Reactome,Treg,SF_vs_PB_Treg,1.69791826,0.722905663,0.012303035,0.0690033361,9,3,CDKN1A/BCL2L1/PIM1,up,FALSE
REACTOME_UNFOLDED_PROTEIN_RESPONSE_UPR,REACTOME_UNFOLDED_PROTEIN_RESPONSE_UPR,Reactome,Treg,SF_vs_PB_Treg,1.50547179,0.380072947,0.0123204695,0.0690033361,86,34,TPP1/LMNA/WIPI1/YIF1A/CREB3/KDELR3/SRPRB/ATF3/EXOSC4/HERPUD1/CREB3L2/TLN1/EXOSC7/EIF2S1/CALR/PDIA6/DDIT3/DNAJB11/DNAJC3/HSP90B1/SRPR/GFPT1/CCL2/EDEM1/CUL7/HSPA5/HYOU1/PREB/ACADVL/EXTL3/NFYC/HDGF/ATF6/TSPYL2,up,FALSE
REACTOME_SYNTHESIS_SECRETION_AND_INACTIVATION_OF_GLUCOSE_DEPENDENT_INSULINOTROPIC_POLYPEPTIDE_GIP,REACTOME_SYNTHESIS_SECRETION_AND_INACTIVATION_OF_GLUCOSE_DEPENDENT_INSULINOTROPIC_POLYPEPTIDE_GIP,Reactome,Treg,SF_vs_PB_Treg,1.66165136,0.79875722,0.0124012638,0.0692112787,6,5,SEC11C/SPCS1/SPCS3/SEC11A/SPCS2,up,FALSE
REACTOME_COOPERATION_OF_PREFOLDIN_AND_TRIC_CCT_IN_ACTIN_AND_TUBULIN_FOLDING,REACTOME_COOPERATION_OF_PREFOLDIN_AND_TRIC_CCT_IN_ACTIN_AND_TUBULIN_FOLDING,Reactome,Treg,SF_vs_PB_Treg,1.65606907,0.542902368,0.0130318058,0.0724751306,24,12,TUBB2A/TUBB6/PFDN2/TUBA1C/TUBA1A/CCT6A/PFDN6/ACTB/TUBB4B/TUBA4A/TUBA1B/TCP1,up,FALSE
REACTOME_POTENTIAL_THERAPEUTICS_FOR_SARS,REACTOME_POTENTIAL_THERAPEUTICS_FOR_SARS,Reactome,Treg,SF_vs_PB_Treg,1.49134931,0.374500041,0.0135026441,0.0748310868,89,14,ATP1B1/PDCD1/FURIN/IL1R1/FKBP1A/IFNGR1/CD79B/CYSLTR1/ATP1B3/HSP90AB1/IMPDH1/RBX1/COMT/AP2B1,up,FALSE
REACTOME_COMPLEMENT_CASCADE,REACTOME_COMPLEMENT_CASCADE,Reactome,Treg,SF_vs_PB_Treg,1.6694679,0.588036171,0.0138917764,0.0767193926,18,7,GZMM/C3AR1/CLU/C1QA/C1QB/C1QC/PROS1,up,FALSE
REACTOME_DISEASES_ASSOCIATED_WITH_GLYCOSAMINOGLYCAN_METABOLISM,REACTOME_DISEASES_ASSOCIATED_WITH_GLYCOSAMINOGLYCAN_METABOLISM,Reactome,Treg,SF_vs_PB_Treg,1.66388538,0.586069842,0.0145910904,0.0803016605,18,8,SDC4/B3GAT3/HEXB/B3GALT6/GPC1/CHSY1/B4GALT7/OGN,up,FALSE
REACTOME_REGULATION_OF_TP53_ACTIVITY_THROUGH_METHYLATION,REACTOME_REGULATION_OF_TP53_ACTIVITY_THROUGH_METHYLATION,Reactome,Treg,SF_vs_PB_Treg,-1.6704957,-0.561140976,0.0148983718,0.0817090634,19,6,RPS27A/EHMT2/UBA52/TP53/MDM4/ATM,down,FALSE
REACTOME_ANTI_INFLAMMATORY_RESPONSE_FAVOURING_LEISHMANIA_PARASITE_INFECTION,REACTOME_ANTI_INFLAMMATORY_RESPONSE_FAVOURING_LEISHMANIA_PARASITE_INFECTION,Reactome,Treg,SF_vs_PB_Treg,1.54144129,0.420422238,0.0154993446,0.0844863932,56,18,PRKAR1B/FURIN/IL10/GGT1/GNG4/PRKAR1A/CYSLTR1/GNAI3/ADCY3/GNG2/GNG5/ITPR1/ITPR3/YES1/RHBDF2/GNB1/CALM1/FCGR3A,up,FALSE
REACTOME_REGULATION_OF_MITF_M_DEPENDENT_GENES_INVOLVED_IN_LYSOSOME_BIOGENESIS_AND_AUTOPHAGY,REACTOME_REGULATION_OF_MITF_M_DEPENDENT_GENES_INVOLVED_IN_LYSOSOME_BIOGENESIS_AND_AUTOPHAGY,Reactome,Treg,SF_vs_PB_Treg,1.66848723,0.606074465,0.015511382,0.0844863932,16,10,ATP6V0B/ATP6V1F/ATP6V1E1/ATP6V1B2/ATP6V0E1/ATP6AP2/ATP6V1A/ATP6V0C/ATP6V0A1/ATP6V1D,up,FALSE
REACTOME_RESPIRATORY_ELECTRON_TRANSPORT,REACTOME_RESPIRATORY_ELECTRON_TRANSPORT,Reactome,Treg,SF_vs_PB_Treg,1.40973264,0.327683053,0.015920398,0.0864172289,148,54,COX17/NDUFB2/HIGD1A/COX20/CYCS/NDUFV2/NDUFAF3/NDUFA6/HSPA9/NDUFA4/COX7A2/NDUFAF1/NDUFB7/LYRM4/TMEM126B/UQCC2/NDUFAB1/COA3/COX8A/NDUFS4/SCO2/NDUFS6/NDUFS8/COX5A/NDUFAF5/SLC25A12/CMC1/GOT1/SLC25A11/NDUFS5/HCCS/BCS1L/UQCRQ/HSCB/ISCU/COX6C/NDUFB3/TRAP1/NDUFB6/ACAD9/ETFA/TMEM126A/COX7B/MDH1/HIGD2A/NDUFA5/NDUFA1/SLC25A22/PYURF/NDUFC1/NDUFS3/C11orf83/SFXN4/MDH2,up,FALSE
REACTOME_GLUCAGON_SIGNALING_IN_METABOLIC_REGULATION,REACTOME_GLUCAGON_SIGNALING_IN_METABOLIC_REGULATION,Reactome,Treg,SF_vs_PB_Treg,1.64505146,0.57188706,0.0165984496,0.0897902476,19,6,PRKAR1B/GNG4/PRKAR1A/ADCY3/GNG2/GNG5,up,FALSE
REACTOME_COMMON_PATHWAY_OF_FIBRIN_CLOT_FORMATION,REACTOME_COMMON_PATHWAY_OF_FIBRIN_CLOT_FORMATION,Reactome,Treg,SF_vs_PB_Treg,1.65051949,0.757163464,0.0166813855,0.0899319594,7,4,SERPINE2/F5/F2R/PROS1,up,FALSE
REACTOME_COLLAGEN_BIOSYNTHESIS_AND_MODIFYING_ENZYMES,REACTOME_COLLAGEN_BIOSYNTHESIS_AND_MODIFYING_ENZYMES,Reactome,Treg,SF_vs_PB_Treg,1.62720184,0.545244555,0.0176519037,0.0948415843,22,8,COL9A2/SERPINH1/P4HA2/PLOD3/BMP1/COL5A1/P4HA1/PPIB,up,FALSE
REACTOME_SIGNALING_BY_ALK_IN_CANCER,REACTOME_SIGNALING_BY_ALK_IN_CANCER,Reactome,Treg,SF_vs_PB_Treg,1.46610041,0.36881094,0.0179767964,0.0962608861,88,23,CDKN1A/IL10/RNF213/NOTCH1/STAT3/PRKAR1A/TPM3/GZMB/RBX1/TWIST1/RRBP1/KIF5B/TPM4/CARS/PRF1/MAPK8/HIP1/SQSTM1/ICOS/UBC/CLTC/UBB/FN1,up,FALSE
REACTOME_RHO_GTPASES_ACTIVATE_PAKS,REACTOME_RHO_GTPASES_ACTIVATE_PAKS,Reactome,Treg,SF_vs_PB_Treg,1.63782824,0.576891744,0.0183711656,0.0980414056,18,10,MYL6/MYL12B/CTTN/LIMK1/PPP1CB/PAK2/NF2/CALM1/PAK1/CDC42,up,FALSE
REACTOME_IRE1ALPHA_ACTIVATES_CHAPERONES,REACTOME_IRE1ALPHA_ACTIVATES_CHAPERONES,Reactome,Treg,SF_vs_PB_Treg,1.54078681,0.435116006,0.018561236,0.0987233525,47,21,TPP1/LMNA/WIPI1/YIF1A/KDELR3/SRPRB/TLN1/PDIA6/DNAJB11/DNAJC3/SRPR/GFPT1/EDEM1/CUL7/HSPA5/HYOU1/PREB/ACADVL/EXTL3/HDGF/TSPYL2,up,FALSE
REACTOME_SARS_COV_2_TARGETS_HOST_INTRACELLULAR_SIGNALLING_AND_REGULATORY_PATHWAYS,REACTOME_SARS_COV_2_TARGETS_HOST_INTRACELLULAR_SIGNALLING_AND_REGULATORY_PATHWAYS,Reactome,Treg,SF_vs_PB_Treg,1.65499236,0.665459756,0.0187092179,0.0991776269,11,6,YWHAG/YWHAH/YWHAB/YWHAZ/YWHAQ/AKT1,up,FALSE
REACTOME_SENSORY_PROCESSING_OF_SOUND,REACTOME_SENSORY_PROCESSING_OF_SOUND,Reactome,Treg,SF_vs_PB_Treg,1.55678882,0.45519107,0.0188164269,0.0994134553,40,13,MYO7A/MYO1C/DFNB31/CAPZA2/MPP1/EZR/STX1A/GSN/OTOF/CACNB2/RDX/EPS8L2/RAB3A,up,FALSE
REACTOME_CARGO_TRAFFICKING_TO_THE_PERICILIARY_MEMBRANE,REACTOME_CARGO_TRAFFICKING_TO_THE_PERICILIARY_MEMBRANE,Reactome,Treg,SF_vs_PB_Treg,1.52256887,0.417801961,0.0188983066,0.0995143387,54,22,TUBB2A/ARL3/BBS12/TUBB6/ARF4/RAB11A/TUBA1C/TUBA1A/ARL13B/BBS7/TUBB4B/EXOC5/RP2/MKKS/RAB3IP/GBF1/TUBA4A/TUBA1B/ARL6/TCP1/BBS4/RAB8A,up,FALSE
REACTOME_INDUCTION_OF_CELL_CELL_FUSION,REACTOME_INDUCTION_OF_CELL_CELL_FUSION,Reactome,Treg,SF_vs_PB_Treg,1.60537812,0.813146032,0.019020287,0.0998061607,5,1,FURIN,up,FALSE
REACTOME_FORMATION_OF_THE_ACTIVE_COFACTOR_UDP_GLUCURONATE,REACTOME_FORMATION_OF_THE_ACTIVE_COFACTOR_UDP_GLUCURONATE,Reactome,Treg,SF_vs_PB_Treg,1.60462255,0.812763327,0.0190796635,0.0998061607,5,4,UGP2/SLC35D1/SLC35D2/UXS1,up,FALSE
REACTOME_GPER1_SIGNALING,REACTOME_GPER1_SIGNALING,Reactome,Treg,SF_vs_PB_Treg,1.59632124,0.504008574,0.0193904797,0.101098389,28,13,PRKAR1B/GNG4/PRKAR1A/GNAI3/ADCY3/GNG2/GNG5/FN1/GNB1/SRC/GNGT2/PRKACA/GNG10,up,FALSE
REACTOME_FORMATION_OF_AXIAL_MESODERM,REACTOME_FORMATION_OF_AXIAL_MESODERM,Reactome,Treg,SF_vs_PB_Treg,-1.5782846,-0.797320614,0.0196248838,0.101879716,5,3,LEF1/SMAD3/TCF7,down,FALSE
REACTOME_DENGUE_VIRUS_ACTIVATES_MODULATES_INNATE_AND_ADAPTIVE_IMMUNE_RESPONSES,REACTOME_DENGUE_VIRUS_ACTIVATES_MODULATES_INNATE_AND_ADAPTIVE_IMMUNE_RESPONSES,Reactome,Treg,SF_vs_PB_Treg,1.60676092,0.526737878,0.0196688915,0.101879716,24,10,TMEM173/CLU/MB21D1/HSP90AB1/TRIM25/C1QA/CLEC5A/LEO1/PML/IFIH1,up,FALSE
REACTOME_RIP_MEDIATED_NFKB_ACTIVATION_VIA_ZBP1,REACTOME_RIP_MEDIATED_NFKB_ACTIVATION_VIA_ZBP1,Reactome,Treg,SF_vs_PB_Treg,1.63116305,0.583393052,0.0201593021,0.1039822,17,9,RIPK3/NFKBIB/NFKB2/NFKBIA/NKIRAS2/ZBP1/TICAM1/IKBKG/MYD88,up,FALSE
REACTOME_DOWNREGULATION_OF_TGF_BETA_RECEPTOR_SIGNALING,REACTOME_DOWNREGULATION_OF_TGF_BETA_RECEPTOR_SIGNALING,Reactome,Treg,SF_vs_PB_Treg,-1.60098254,-0.505863779,0.0202092095,0.1039822,24,8,TGFBR2/MTMR4/RPS27A/PPP1CC/UBA52/USP15/NEDD4L/SMAD3,down,FALSE
REACTOME_CHONDROITIN_SULFATE_DERMATAN_SULFATE_METABOLISM,REACTOME_CHONDROITIN_SULFATE_DERMATAN_SULFATE_METABOLISM,Reactome,Treg,SF_vs_PB_Treg,1.60229581,0.531112262,0.0203363829,0.1039822,23,6,HYAL3/CHPF/IDS/HEXB/GUSB/CHSY1,up,FALSE
REACTOME_G2_M_CHECKPOINTS,REACTOME_G2_M_CHECKPOINTS,Reactome,Treg,SF_vs_PB_Treg,1.38700989,0.322981405,0.0203372125,0.1039822,146,37,YWHAG/PSMD1/PSMB5/PSMD14/TP53BP1/PSMC1/PSMB6/PSMC2/PSMB1/PSMA7/PSMD8/BRE/PSMD7/NBN/ADRM1/PSMB3/PSMD11/YWHAH/PSMA6/YWHAB/YWHAZ/PSMD12/PSMC3/UBE2N/PSMA3/UBC/UBB/YWHAQ/PSMC4/PSMB7/PSMD13/PSMB2/RAD50/PSMD3/RHNO1/RFC2/PSMA5,up,FALSE
REACTOME_REGULATION_OF_CDH11_FUNCTION,REACTOME_REGULATION_OF_CDH11_FUNCTION,Reactome,Treg,SF_vs_PB_Treg,1.62836043,0.746998158,0.0208222942,0.106120052,7,3,ADAM19/CTNNA1/CTNNB1,up,FALSE
REACTOME_RESPIRATORY_SYNCYTIAL_VIRUS_INFECTION_PATHWAY,REACTOME_RESPIRATORY_SYNCYTIAL_VIRUS_INFECTION_PATHWAY,Reactome,Treg,SF_vs_PB_Treg,1.44253358,0.360306044,0.0213190524,0.107969305,92,24,SDC4/FURIN/RAB5A/ISG15/HSP90AB1/EIF2AK2/RBX1/LY96/SEC11C/SPCS1/TRIM25/MED31/PPP1CB/MED7/SPCS3/SEC11A/BCAP31/UBC/UBB/GPC1/TCEB1/SPCS2/TCEB2/MED8,up,FALSE
REACTOME_CHOLESTEROL_BIOSYNTHESIS_VIA_DESMOSTEROL_BLOCH_PATHWAY,REACTOME_CHOLESTEROL_BIOSYNTHESIS_VIA_DESMOSTEROL_BLOCH_PATHWAY,Reactome,Treg,SF_vs_PB_Treg,1.64111802,0.677695903,0.0213472944,0.107969305,10,6,MSMO1/EBP/SC5D/DHCR7/DHCR24/CYP51A1,up,FALSE
REACTOME_INTERLEUKIN_2_FAMILY_SIGNALING,REACTOME_INTERLEUKIN_2_FAMILY_SIGNALING,Reactome,Treg,SF_vs_PB_Treg,1.54410392,0.454109007,0.0213895027,0.107969305,39,8,IL2RB/IL2RA/STAT4/IL2RG/STAT3/HAVCR2/CSF2/IL15RA,up,FALSE
REACTOME_INTERLEUKIN_27_SIGNALING,REACTOME_INTERLEUKIN_27_SIGNALING,Reactome,Treg,SF_vs_PB_Treg,1.63568962,0.696411201,0.0217922844,0.109653241,9,2,EBI3/STAT3,up,FALSE
REACTOME_NOTCH_HLH_TRANSCRIPTION_PATHWAY,REACTOME_NOTCH_HLH_TRANSCRIPTION_PATHWAY,Reactome,Treg,SF_vs_PB_Treg,1.5809526,0.508351141,0.0223879213,0.112293846,26,6,KAT2B/RBPJ/NOTCH1/HDAC9/NCOR2/MAMLD1,up,FALSE
REACTOME_CLASS_A_1_RHODOPSIN_LIKE_RECEPTORS,REACTOME_CLASS_A_1_RHODOPSIN_LIKE_RECEPTORS,Reactome,Treg,SF_vs_PB_Treg,1.41443289,0.343025496,0.0224709687,0.112354844,111,33,CXCR6/CXCL13/CCR1/CXCR3/CCL4/CCR5/C3AR1/GPR132/CYSLTR1/CCL20/CCL5/ANXA1/LPAR5/CCL3/CCL23/XCL1/CCR2/P2RY10/CCRL2/F2R/CXCL16/CCL22/CXCR4/NMB/P2RY11/NTSR1/HRH1/LPAR2/CCR8/PSAP/EDNRB/CXCR1/ADRB2,up,FALSE
REACTOME_SARS_COV_1_ACTIVATES_MODULATES_INNATE_IMMUNE_RESPONSES,REACTOME_SARS_COV_1_ACTIVATES_MODULATES_INNATE_IMMUNE_RESPONSES,Reactome,Treg,SF_vs_PB_Treg,1.53456718,0.448693663,0.0226122478,0.112705701,40,14,BST2/FKBP1A/TMEM173/IRAK2/TRIM25/RIPK3/PPIB/TRAF3/UBC/UBB/NFKBIA/TBK1/SFTPD/CASP1,up,FALSE
REACTOME_NFE2L2_REGULATING_ANTI_OXIDANT_DETOXIFICATION_ENZYMES,REACTOME_NFE2L2_REGULATING_ANTI_OXIDANT_DETOXIFICATION_ENZYMES,Reactome,Treg,SF_vs_PB_Treg,1.62107121,0.588850696,0.0226880067,0.112728811,16,8,TXN/PRDX1/BACH1/NQO1/TXNRD1/HMOX1/MAFK/NFE2L2,up,FALSE
REACTOME_RESPONSE_OF_MTB_TO_PHAGOCYTOSIS,REACTOME_RESPONSE_OF_MTB_TO_PHAGOCYTOSIS,Reactome,Treg,SF_vs_PB_Treg,1.59627443,0.541678993,0.0228617587,0.113062935,21,5,DUSP16/PGK1/ENO1/RNF213/RAB5A,up,FALSE
REACTOME_SARS_COV_2_INFECTION,REACTOME_SARS_COV_2_INFECTION,Reactome,Treg,SF_vs_PB_Treg,-1.27832176,-0.261293237,0.0228979194,0.113062935,260,57,SRPK2/MAN2A1/RPS9/NUP210/GOLGA7/RPS10/RPS11/RB1/NOD1/ATG14/RPS17/RPS16/GSK3B/MPP5/RPS19/VPS33A/IRF3/TPR/ST6GAL1/TLR1/GPC2/RPS27A/RPS14/MAP3K7/HAVCR1/IFNAR1/RPS25/RPS15/RPS29/RPS24/NUP88/UBA52/NUPL2/RPS20/RPSA/RPS4X/RPS7/RPS27/ST6GALNAC3/RPS28/RPS15A/RPS12/RPS2/RPS3/RPS5/RPS21/RPS8/RPS23/VHL/MGAT5/RPS18/RPS6/RPS13/CHMP7/RPS3A/PTPN6/MGAT4A,down,FALSE
REACTOME_SMAC_XIAP_REGULATED_APOPTOTIC_RESPONSE,REACTOME_SMAC_XIAP_REGULATED_APOPTOTIC_RESPONSE,Reactome,Treg,SF_vs_PB_Treg,1.61726068,0.741906232,0.0230988127,0.113700677,7,6,CYCS/CASP9/CASP7/DIABLO/APAF1/CASP3,up,FALSE
REACTOME_ELEVATION_OF_CYTOSOLIC_CA2_LEVELS,REACTOME_ELEVATION_OF_CYTOSOLIC_CA2_LEVELS,Reactome,Treg,SF_vs_PB_Treg,1.62960603,0.672942054,0.0233564515,0.114612928,10,4,ORAI2/STIM1/ITPR1/ITPR3,up,FALSE
REACTOME_GLUTATHIONE_CONJUGATION,REACTOME_GLUTATHIONE_CONJUGATION,Reactome,Treg,SF_vs_PB_Treg,1.5824597,0.513787846,0.0235986005,0.115443771,25,10,GGT1/GSTO1/GSS/MGST2/ESD/AKR1A1/CHAC2/GSTA4/MGST3/OPLAH,up,FALSE
REACTOME_DRUG_MEDIATED_INHIBITION_OF_CDK4_CDK6_ACTIVITY,REACTOME_DRUG_MEDIATED_INHIBITION_OF_CDK4_CDK6_ACTIVITY,Reactome,Treg,SF_vs_PB_Treg,1.58240293,0.801508783,0.0240870856,0.117470864,5,2,CDK6/CCND2,up,FALSE
REACTOME_AQUAPORIN_MEDIATED_TRANSPORT,REACTOME_AQUAPORIN_MEDIATED_TRANSPORT,Reactome,Treg,SF_vs_PB_Treg,1.57084006,0.500415521,0.0241780569,0.117552823,27,8,PRKAR1B/GNG4/PRKAR1A/RAB11A/AQP11/ADCY3/GNG2/GNG5,up,FALSE
REACTOME_TRANSFERRIN_ENDOCYTOSIS_AND_RECYCLING,REACTOME_TRANSFERRIN_ENDOCYTOSIS_AND_RECYCLING,Reactome,Treg,SF_vs_PB_Treg,1.57946467,0.517789458,0.0243670532,0.117958418,24,15,ATP6V0B/ATP6V1F/ATP6V1E1/ATP6V1B2/TCIRG1/ATP6V0E1/ATP6AP1/ATP6V1A/ATP6V0C/ATP6V0A1/MCOLN1/ATP6V1D/ATP6V1C2/TFRC/ATP6V0D1,up,FALSE
REACTOME_INTRAFLAGELLAR_TRANSPORT,REACTOME_INTRAFLAGELLAR_TRANSPORT,Reactome,Treg,SF_vs_PB_Treg,1.50948022,0.428172464,0.0244103225,0.117958418,46,26,TUBB2A/HSPB11/TUBB6/DYNLL1/DYNLRB1/TUBA1C/TUBA1A/KIF3C/WDR35/KIF3A/IFT27/WDR60/TUBB4B/TTC26/RABL5/IFT122/TUBA4A/IFT46/TUBA1B/IFT81/DYNC2H1/IFT43/KIFAP3/IFT52/IFT74/DYNC2LI1,up,FALSE
REACTOME_SPHINGOLIPID_DE_NOVO_BIOSYNTHESIS,REACTOME_SPHINGOLIPID_DE_NOVO_BIOSYNTHESIS,Reactome,Treg,SF_vs_PB_Treg,1.55895051,0.488256288,0.0248290818,0.119617309,29,14,ORMDL2/CERS5/SPTLC2/KDSR/SPTSSA/CERS2/COL4A3BP/CYB5B/CERS4/ORMDL3/VAPA/SPHK1/DEGS1/SGMS2,up,FALSE
REACTOME_TRANSMISSION_ACROSS_CHEMICAL_SYNAPSES,REACTOME_TRANSMISSION_ACROSS_CHEMICAL_SYNAPSES,Reactome,Treg,SF_vs_PB_Treg,1.3939289,0.333328789,0.0252600791,0.121293658,122,51,PRKAR1B/GNG4/PRKAR1A/TUBB2A/TUBB6/CAMK1/ARL6IP5/STX1A/COMT/AKAP5/GNAI3/NPTN/TUBA1C/AP2B1/ADCY3/SLC1A1/GNG2/KRAS/GNG5/TUBA1A/CAMKK1/CPLX1/CACNB2/RAB3A/CACNB3/PRKAB1/CHRNE/ALDH2/NRAS/LRTOMT/DLG4/GNB1/BZRAP1/CALM1/HRAS/TUBB4B/DLG3/SRC/GNGT2/PRKACA/KPNA2/TUBA4A/RASGRF2/GNG10/TUBA1B/CACNB1/MDM2/MYO6/STXBP1/GLS/LIN7C,up,FALSE
REACTOME_GLYCEROPHOSPHOLIPID_BIOSYNTHESIS,REACTOME_GLYCEROPHOSPHOLIPID_BIOSYNTHESIS,Reactome,Treg,SF_vs_PB_Treg,1.4296913,0.358416385,0.0253300951,0.121293658,90,27,PLA2G16/AGPAT9/MBOAT7/AGPAT2/PCTP/AGPAT4/CHKB/LPCAT4/DGAT2/PCYT1A/LPCAT3/AGPAT6/LPIN2/CPNE3/ACP6/PLA2G15/MBOAT1/DDHD2/CDS2/PLA2G4C/PITPNM1/PLD2/MFSD2A/GPAT2/PEMT/AGPAT3/LPCAT1,up,FALSE
REACTOME_REGULATION_OF_INSULIN_LIKE_GROWTH_FACTOR_IGF_TRANSPORT_AND_UPTAKE_BY_INSULIN_LIKE_GROWTH_FACTOR_BINDING_PROTEINS_IGFBPS,REACTOME_REGULATION_OF_INSULIN_LIKE_GROWTH_FACTOR_IGF_TRANSPORT_AND_UPTAKE_BY_INSULIN_LIKE_GROWTH_FACTOR_BINDING_PROTEINS_IGFBPS,Reactome,Treg,SF_vs_PB_Treg,1.50113866,0.423919424,0.0256245194,0.122333926,47,18,TIMP1/LGALS1/CSF1/PRSS23/CHGB/NUCB1/GZMH/F5/APLP2/CALU/FUCA2/QSOX1/IGFBP4/PDIA6/FN1/DNAJC3/SHISA5/HSP90B1,up,FALSE
REACTOME_PURINE_CATABOLISM,REACTOME_PURINE_CATABOLISM,Reactome,Treg,SF_vs_PB_Treg,1.61153685,0.619503002,0.0258236695,0.122914463,13,6,DNPH1/NT5C/NUDT5/ITPA/PNP/NUDT16,up,FALSE
REACTOME_RUNX3_REGULATES_BCL2L11_BIM_TRANSCRIPTION,REACTOME_RUNX3_REGULATES_BCL2L11_BIM_TRANSCRIPTION,Reactome,Treg,SF_vs_PB_Treg,-1.55361326,-0.7848571,0.0259307167,0.123054449,5,4,SMAD4/FOXO3/BCL2L11/SMAD3,down,FALSE
REACTOME_PHASE_II_CONJUGATION_OF_COMPOUNDS,REACTOME_PHASE_II_CONJUGATION_OF_COMPOUNDS,Reactome,Treg,SF_vs_PB_Treg,1.49091816,0.413864362,0.0264996001,0.125378705,51,19,GGT1/UGP2/GSTO1/GSS/COMT/TPMT/TRMT112/MGST2/SLC35D1/ESD/ABHD10/AKR1A1/CHAC2/GSTA4/MGST3/IMPAD1/OPLAH/SLC35D2/UXS1,up,FALSE
REACTOME_GERM_LAYER_FORMATION_AT_GASTRULATION,REACTOME_GERM_LAYER_FORMATION_AT_GASTRULATION,Reactome,Treg,SF_vs_PB_Treg,-1.5958379,-0.692903994,0.0266199434,0.125573245,8,5,SMAD4/TRIM33/LEF1/SMAD3/TCF7,down,FALSE
REACTOME_ADORA2B_MEDIATED_ANTI_INFLAMMATORY_CYTOKINES_PRODUCTION,REACTOME_ADORA2B_MEDIATED_ANTI_INFLAMMATORY_CYTOKINES_PRODUCTION,Reactome,Treg,SF_vs_PB_Treg,1.56370969,0.507700153,0.0267996724,0.126045937,25,7,PRKAR1B/GNG4/PRKAR1A/GNAI3/ADCY3/GNG2/GNG5,up,FALSE
REACTOME_CASPASE_ACTIVATION_VIA_DEATH_RECEPTORS_IN_THE_PRESENCE_OF_LIGAND,REACTOME_CASPASE_ACTIVATION_VIA_DEATH_RECEPTORS_IN_THE_PRESENCE_OF_LIGAND,Reactome,Treg,SF_vs_PB_Treg,1.60002465,0.591256986,0.0270126008,0.126579228,15,8,FASLG/LY96/FADD/TICAM2/FAS/TICAM1/CFLAR/TRAF2,up,FALSE
REACTOME_RUNX3_REGULATES_WNT_SIGNALING,REACTOME_RUNX3_REGULATES_WNT_SIGNALING,Reactome,Treg,SF_vs_PB_Treg,-1.58683046,-0.718833301,0.0270760699,0.126579228,7,3,LEF1/MYC/TCF7,down,FALSE
REACTOME_GAP_JUNCTION_TRAFFICKING_AND_REGULATION,REACTOME_GAP_JUNCTION_TRAFFICKING_AND_REGULATION,Reactome,Treg,SF_vs_PB_Treg,1.57721892,0.541600888,0.0271526419,0.126579228,20,13,TUBB2A/TUBB6/TUBA1C/TUBA1A/CLTC/ACTB/TUBB4B/SRC/DAB2/TUBA4A/TUBA1B/MYO6/CLTA,up,FALSE
REACTOME_INTERLEUKIN_21_SIGNALING,REACTOME_INTERLEUKIN_21_SIGNALING,Reactome,Treg,SF_vs_PB_Treg,1.60592146,0.663161565,0.0280509244,0.130199324,10,5,STAT4/IL2RG/STAT3/IL21R/JAK3,up,FALSE
REACTOME_DISEASES_ASSOCIATED_WITH_N_GLYCOSYLATION_OF_PROTEINS,REACTOME_DISEASES_ASSOCIATED_WITH_N_GLYCOSYLATION_OF_PROTEINS,Reactome,Treg,SF_vs_PB_Treg,1.57267603,0.540040905,0.0280934819,0.130199324,20,8,NEU1/CTSA/ALG8/ALG3/ALG1/DPAGT1/MPDU1/MGAT2,up,FALSE
REACTOME_CA2_PATHWAY,REACTOME_CA2_PATHWAY,Reactome,Treg,SF_vs_PB_Treg,-1.4816566,-0.402426466,0.0284652343,0.131537599,46,11,GNG7/MAP3K7/NFATC1/TNRC6B/PRKG2/TNRC6C/PRKCA/AXIN2/LEF1/MYC/TCF7,down,FALSE
REACTOME_ACTIVATION_OF_AMPK_DOWNSTREAM_OF_NMDARS,REACTOME_ACTIVATION_OF_AMPK_DOWNSTREAM_OF_NMDARS,Reactome,Treg,SF_vs_PB_Treg,1.58628238,0.576213728,0.0292570864,0.134803727,16,9,TUBB2A/TUBB6/TUBA1C/TUBA1A/PRKAB1/CALM1/TUBB4B/TUBA4A/TUBA1B,up,FALSE
REACTOME_REGULATION_OF_CDH1_MRNA_TRANSLATION_BY_MICRORNAS,REACTOME_REGULATION_OF_CDH1_MRNA_TRANSLATION_BY_MICRORNAS,Reactome,Treg,SF_vs_PB_Treg,-1.59411051,-0.646429066,0.0293940839,0.135042385,10,4,AGO3/TNRC6B/TNRC6C/MYC,down,FALSE
REACTOME_ASSEMBLY_OF_COLLAGEN_FIBRILS_AND_OTHER_MULTIMERIC_STRUCTURES,REACTOME_ASSEMBLY_OF_COLLAGEN_FIBRILS_AND_OTHER_MULTIMERIC_STRUCTURES,Reactome,Treg,SF_vs_PB_Treg,1.55458643,0.509633727,0.0297363809,0.135737043,24,11,CTSB/COL9A2/CD151/BMP1/COL5A1/MMP9/CTSL/LOXL1/LAMB3/PLEC/PCOLCE,up,FALSE
REACTOME_SLC_MEDIATED_TRANSMEMBRANE_TRANSPORT,REACTOME_SLC_MEDIATED_TRANSMEMBRANE_TRANSPORT,Reactome,Treg,SF_vs_PB_Treg,1.37341994,0.326858181,0.0297456293,0.135737043,126,45,SLC16A3/SLC3A2/SLC39A1/SLC6A6/SLC41A2/SRI/SLC27A4/SLC2A3/BSG/SLC16A1/SLC1A5/SLC39A4/SLCO4A1/SLC39A6/SLC1A1/SLC4A2/SLC7A5/SLC17A5/SLC35D1/SLC15A4/SLC39A8/SLC20A1/SLC50A1/SLC35B2/ARL2BP/SLC38A5/SLC12A5/SLC2A1/SLC11A2/SLC35C1/SLC36A4/SLC35B4/SLC41A1/SLC29A1/SLC35D2/SLC25A11/CALM1/SLC39A14/SLC2A8/EMB/SLC1A4/SLC30A1/SLC22A18/PDZD11/SLC29A4,up,FALSE
REACTOME_SIGNALING_BY_MET,REACTOME_SIGNALING_BY_MET,Reactome,Treg,SF_vs_PB_Treg,1.46505605,0.396966171,0.0298022025,0.135737043,58,21,TNS3/SPINT1/STAT3/TNS4/PTPN1/COL5A1/RAP1B/KRAS/ITGA3/ITGA2/PTPRJ/UBC/UBB/FN1/NRAS/ARF6/LAMB3/EPS15/RAPGEF1/PTPN11/HRAS,up,FALSE
REACTOME_REGULATION_OF_TP53_EXPRESSION_AND_DEGRADATION,REACTOME_REGULATION_OF_TP53_EXPRESSION_AND_DEGRADATION,Reactome,Treg,SF_vs_PB_Treg,-1.50043847,-0.430119856,0.0301744251,0.137038578,36,9,RPS27A/UBA52/RICTOR/TP53/CCNG1/PRR5/MDM4/ATM/PPP2R5C,down,FALSE
REACTOME_ACTIVATION_OF_BH3_ONLY_PROTEINS,REACTOME_ACTIVATION_OF_BH3_ONLY_PROTEINS,Reactome,Treg,SF_vs_PB_Treg,1.52716358,0.474930442,0.0303497659,0.137417218,30,12,BID/YWHAG/DYNLL1/TP63/TP73/BAD/YWHAH/YWHAB/MAPK8/YWHAZ/YWHAQ/AKT1,up,FALSE
REACTOME_PI5P_REGULATES_TP53_ACETYLATION,REACTOME_PI5P_REGULATES_TP53_ACETYLATION,Reactome,Treg,SF_vs_PB_Treg,-1.58606983,-0.664438138,0.0304311946,0.137417218,9,3,PIP4K2A/TP53/MAP2K6,down,FALSE
REACTOME_INFECTION_WITH_MYCOBACTERIUM_TUBERCULOSIS,REACTOME_INFECTION_WITH_MYCOBACTERIUM_TUBERCULOSIS,Reactome,Treg,SF_vs_PB_Treg,1.54783187,0.513059124,0.0310938991,0.139738822,23,5,DUSP16/PGK1/ENO1/RNF213/RAB5A,up,FALSE
REACTOME_PHYSIOLOGICAL_FACTORS,REACTOME_PHYSIOLOGICAL_FACTORS,Reactome,Treg,SF_vs_PB_Treg,1.57236402,0.755836719,0.031121643,0.139738822,6,1,KAT2B,up,FALSE
REACTOME_SIGNALING_BY_NOTCH3,REACTOME_SIGNALING_BY_NOTCH3,Reactome,Treg,SF_vs_PB_Treg,1.50666819,0.456211418,0.0317353016,0.142091675,34,9,KAT2B/RBPJ/NOTCH1/JAG2/MAMLD1/PSEN2/UBC/UBB/PSEN1,up,FALSE
REACTOME_HS_GAG_DEGRADATION,REACTOME_HS_GAG_DEGRADATION,Reactome,Treg,SF_vs_PB_Treg,1.58954649,0.656399559,0.0318760505,0.142319831,10,5,SDC4/IDS/CTSL/HGSNAT/GPC1,up,FALSE
REACTOME_TRIF_MEDIATED_PROGRAMMED_CELL_DEATH,REACTOME_TRIF_MEDIATED_PROGRAMMED_CELL_DEATH,Reactome,Treg,SF_vs_PB_Treg,1.58379979,0.698597322,0.032009218,0.142512951,8,5,LY96/RIPK3/FADD/TICAM2/TICAM1,up,FALSE
REACTOME_RSK_ACTIVATION,REACTOME_RSK_ACTIVATION,Reactome,Treg,SF_vs_PB_Treg,-1.55481021,-0.739773957,0.0324946315,0.144268882,6,4,RPS6KA3/MAPK3/RPS6KA1/RPS6KA2,down,FALSE
REACTOME_RHO_GTPASE_CYCLE,REACTOME_RHO_GTPASE_CYCLE,Reactome,Treg,SF_vs_PB_Treg,1.25328974,0.262596963,0.0335226016,0.148417105,368,105,IQGAP1/RHOB/STIP1/MCAM/FLOT1/CYFIP1/VIM/IL32/RHOC/RHOA/RTKN/HSP90AB1/TPM3/ARFGAP3/EFHD2/SLC1A5/STOM/ARHGAP18/PICALM/CYBA/NHS/PLEKHG2/CDC37/TRIP10/PLXNB1/ARHGDIA/FMNL3/ARHGEF12/TIAM2/TMEM59/DDRGK1/CDC42EP1/UHRF1BP1L/FGD1/TMOD3/CPD/SLK/TPM4/DLG5/STARD8/RHOG/ARHGEF5/PAK2/PARD6A/VANGL1/NSFL1C/EPSTI1/ALDH3A2/NCF4/LMAN1/DOCK2/EMC3/BCAP31/ATP6AP1/ARHGAP9/AKAP13/MSI2/CLTC/HSPE1/SH3PXD2A/RAC3/CCT6A/DOCK10/STARD13/RHOF/PLXNA1/DBN1/RHOD/DIAPH1/PTRF/FGD2/ARAP2/VCP/ARL13B/VAV2/CCDC88A/VAMP3/ACBD5/RAPGEF1/TMEM87A/HMOX2/EMD/TJP2/DOCK5/TOR1AIP1/ACTB/LAMTOR1/PAK1/SNAP23/ABR/GOLGA3/ROCK1/AAAS/ARHGAP11B/RAB7A/ABI1/PTPN13/RHPN1/PLD2/SRC/RACGAP1/SOS2/ARHGEF40/NCF1/RRAS2,up,FALSE
REACTOME_INITIAL_TRIGGERING_OF_COMPLEMENT,REACTOME_INITIAL_TRIGGERING_OF_COMPLEMENT,Reactome,Treg,SF_vs_PB_Treg,1.58407516,0.674435825,0.0337072111,0.148818745,9,4,GZMM/C1QA/C1QB/C1QC,up,FALSE
REACTOME_TRANSCRIPTIONAL_REGULATION_OF_WHITE_ADIPOCYTE_DIFFERENTIATION,REACTOME_TRANSCRIPTIONAL_REGULATION_OF_WHITE_ADIPOCYTE_DIFFERENTIATION,Reactome,Treg,SF_vs_PB_Treg,1.42738288,0.3726754,0.0341371751,0.150298396,71,19,TNF/RXRA/NCOR2/SREBF2/PPARG/HELZ2/NCOA3/MED31/SREBF1/MED7/THRAP3/EGR2/NCOA1/KLF4/MED8/MED20/MED11/ANGPTL4/NCOR1,up,FALSE
REACTOME_NFE2L2_REGULATING_TUMORIGENIC_GENES,REACTOME_NFE2L2_REGULATING_TUMORIGENIC_GENES,Reactome,Treg,SF_vs_PB_Treg,1.58070026,0.652746529,0.0342522651,0.150387369,10,3,NOTCH1/PDGFA/BCL2L1,up,FALSE
REACTOME_CASPASE_ACTIVATION_VIA_DEPENDENCE_RECEPTORS_IN_THE_ABSENCE_OF_LIGAND,REACTOME_CASPASE_ACTIVATION_VIA_DEPENDENCE_RECEPTORS_IN_THE_ABSENCE_OF_LIGAND,Reactome,Treg,SF_vs_PB_Treg,1.56832276,0.719456327,0.0355607889,0.155701244,7,6,CASP9/DAPK2/MAGED1/APPL1/DAPK1/CASP3,up,FALSE
REACTOME_VASOPRESSIN_REGULATES_RENAL_WATER_HOMEOSTASIS_VIA_AQUAPORINS,REACTOME_VASOPRESSIN_REGULATES_RENAL_WATER_HOMEOSTASIS_VIA_AQUAPORINS,Reactome,Treg,SF_vs_PB_Treg,1.52840631,0.501051207,0.0358141616,0.15637864,24,7,PRKAR1B/GNG4/PRKAR1A/RAB11A/ADCY3/GNG2/GNG5,up,FALSE
REACTOME_GLYCOSAMINOGLYCAN_PROTEIN_LINKAGE_REGION_BIOSYNTHESIS,REACTOME_GLYCOSAMINOGLYCAN_PROTEIN_LINKAGE_REGION_BIOSYNTHESIS,Reactome,Treg,SF_vs_PB_Treg,1.56531792,0.589345266,0.0359629658,0.15659698,14,7,SDC4/B3GAT3/B3GAT1/B3GALT6/GPC1/UXS1/B4GALT7,up,FALSE
REACTOME_SEMA3A_PLEXIN_REPULSION_SIGNALING_BY_INHIBITING_INTEGRIN_ADHESION,REACTOME_SEMA3A_PLEXIN_REPULSION_SIGNALING_BY_INHIBITING_INTEGRIN_ADHESION,Reactome,Treg,SF_vs_PB_Treg,1.57196872,0.632076588,0.0360710642,0.156637361,11,6,TLN1/RRAS/PLXNA3/PLXNA1/NRP1/FES,up,FALSE
REACTOME_ACTIVATION_OF_IRF3_IRF7_MEDIATED_BY_TBK1_IKK_IKBKE,REACTOME_ACTIVATION_OF_IRF3_IRF7_MEDIATED_BY_TBK1_IKK_IKBKE,Reactome,Treg,SF_vs_PB_Treg,1.54943912,0.55416411,0.0362981225,0.156789527,17,11,TANK/LY96/IRF7/TRAF3/UBC/UBB/TBK1/TICAM2/TICAM1/PTPN11/OPTN,up,FALSE
REACTOME_RESPIRATORY_SYNCYTIAL_VIRUS_RSV_ATTACHMENT_AND_ENTRY,REACTOME_RESPIRATORY_SYNCYTIAL_VIRUS_RSV_ATTACHMENT_AND_ENTRY,Reactome,Treg,SF_vs_PB_Treg,1.5708623,0.616242166,0.0363039472,0.156789527,12,4,SDC4/FURIN/RAB5A/LY96,up,FALSE
REACTOME_PRE_NOTCH_PROCESSING_IN_GOLGI,REACTOME_PRE_NOTCH_PROCESSING_IN_GOLGI,Reactome,Treg,SF_vs_PB_Treg,1.56267519,0.588350272,0.0365368429,0.157366565,14,5,FURIN/NOTCH1/NOTCH2/ATP2A2/TMED2,up,FALSE
REACTOME_DEVELOPMENTAL_CELL_LINEAGES_OF_THE_EXOCRINE_PANCREAS,REACTOME_DEVELOPMENTAL_CELL_LINEAGES_OF_THE_EXOCRINE_PANCREAS,Reactome,Treg,SF_vs_PB_Treg,1.54244817,0.543296051,0.0374416451,0.160801694,18,11,CD74/ANXA1/ANXA2/COL5A1/CXCR4/FN1/RNASE1/LAMB3/HHEX/LAMA5/KLK1,up,FALSE
REACTOME_AZATHIOPRINE_ADME,REACTOME_AZATHIOPRINE_ADME,Reactome,Treg,SF_vs_PB_Treg,1.54194073,0.543117315,0.0375550473,0.160801694,18,7,IMPDH1/HPRT1/TPMT/GUK1/VAV2/SLC29A1/NME1,up,FALSE
REACTOME_HSF1_DEPENDENT_TRANSACTIVATION,REACTOME_HSF1_DEPENDENT_TRANSACTIVATION,Reactome,Treg,SF_vs_PB_Treg,1.50360636,0.470922749,0.0376387562,0.160801694,29,13,HSPA1A/SERPINH1/HSBP1/HSP90AB1/DNAJB6/HSPH1/HSPA1B/HSPB1/UBB/HSPA2/MRPL18/HSPA6/FKBP4,up,FALSE
REACTOME_POST_CHAPERONIN_TUBULIN_FOLDING_PATHWAY,REACTOME_POST_CHAPERONIN_TUBULIN_FOLDING_PATHWAY,Reactome,Treg,SF_vs_PB_Treg,1.55276162,0.584617793,0.039042773,0.1663516,14,9,TBCB/TUBB2A/TUBB6/TUBA1C/TUBA1A/TUBB4B/TUBA4A/TUBA1B/TBCE,up,FALSE
REACTOME_FORMATION_OF_TUBULIN_FOLDING_INTERMEDIATES_BY_CCT_TRIC,REACTOME_FORMATION_OF_TUBULIN_FOLDING_INTERMEDIATES_BY_CCT_TRIC,Reactome,Treg,SF_vs_PB_Treg,1.53882961,0.550369569,0.0391996966,0.166572437,17,9,TUBB2A/TUBB6/TUBA1C/TUBA1A/CCT6A/TUBB4B/TUBA4A/TUBA1B/TCP1,up,FALSE
REACTOME_ORGANELLE_BIOGENESIS_AND_MAINTENANCE,REACTOME_ORGANELLE_BIOGENESIS_AND_MAINTENANCE,Reactome,Treg,SF_vs_PB_Treg,1.26841379,0.274083697,0.0395308295,0.167530387,270,92,RXRA/TUBB2A/ARL3/BBS12/YWHAG/HSPB11/TUBB6/DYNLL1/ARF4/C19orf70/MAPK11/RAB11A/DCTN2/GABPB1/CYCS/AHI1/DYNLRB1/DYNC1I2/TUBA1C/HELZ2/ATP5G1/MAPRE1/ACTR1A/TUBA1A/CCDC41/HSPA9/APOO/USMG5/KIF3C/WDR35/TMEM67/KIF3A/PRKAB1/MTX2/IFT27/NCOA1/DYNC1H1/B9D2/ARL13B/ATP5J/ATP5G3/ALAS1/SSNA1/ACSS2/ATP5E/MEF2D/BBS7/SSBP1/CALM1/TMEM216/WDR60/TUBB4B/PAFAH1B1/TTC26/EXOC5/RABL5/NCOR1/PPP2R1A/RP2/MKKS/NINL/TUBG1/RAB3IP/IFT122/TUBB/GLUD2/IMMT/PRKACA/CLASP1/GBF1/TUBA4A/CHCHD6/IFT46/TUBA1B/HSP90AA1/ARL6/TCP1/IFT81/SAMM50/GLUD1/BBS4/TCTN2/DYNC2H1/CSNK1D/IFT43/IDH2/YWHAE/ATP5J2/RAB8A/CENPJ/TBL1X/SEPT2,up,FALSE
REACTOME_REGULATION_OF_HMOX1_EXPRESSION_AND_ACTIVITY,REACTOME_REGULATION_OF_HMOX1_EXPRESSION_AND_ACTIVITY,Reactome,Treg,SF_vs_PB_Treg,1.53100535,0.775475204,0.0396635329,0.167644532,5,5,HM13/BACH1/HMOX1/MAFK/NFE2L2,up,FALSE
REACTOME_GABA_RECEPTOR_ACTIVATION,REACTOME_GABA_RECEPTOR_ACTIVATION,Reactome,Treg,SF_vs_PB_Treg,1.51577537,0.514362479,0.0403509101,0.170096257,21,6,GNG4/GNAI3/NPTN/ADCY3/GNG2/GNG5,up,FALSE
REACTOME_PYRIMIDINE_SALVAGE,REACTOME_PYRIMIDINE_SALVAGE,Reactome,Treg,SF_vs_PB_Treg,1.55607893,0.662516152,0.040945432,0.172144588,9,4,TYMP/UPP1/UCKL1/UCK2,up,FALSE
REACTOME_SIGNALING_BY_PTK6,REACTOME_SIGNALING_BY_PTK6,Reactome,Treg,SF_vs_PB_Treg,1.45820906,0.426367233,0.0413021474,0.172693285,40,22,STAT3/RHOA/EPAS1/PTPN1/HIF1A/KRAS/PTK6/HBEGF/UBC/UBB/NRAS/AKT1/GPNMB/SOCS3/HRAS/ERBB3/PELP1/STAP2/CDK2/DOK1/NR3C1/CDK4,up,FALSE
REACTOME_ACTIVATION_OF_CASPASES_THROUGH_APOPTOSOME_MEDIATED_CLEAVAGE,REACTOME_ACTIVATION_OF_CASPASES_THROUGH_APOPTOSOME_MEDIATED_CLEAVAGE,Reactome,Treg,SF_vs_PB_Treg,1.54016979,0.740360926,0.0413309637,0.172693285,6,5,CYCS/CASP9/CASP7/APAF1/CASP3,up,FALSE
REACTOME_BETA_OXIDATION_OF_VERY_LONG_CHAIN_FATTY_ACIDS,REACTOME_BETA_OXIDATION_OF_VERY_LONG_CHAIN_FATTY_ACIDS,Reactome,Treg,SF_vs_PB_Treg,1.55238778,0.624203241,0.0414028064,0.172693285,11,3,SLC27A2/ACOT4/ECI2,up,FALSE
REACTOME_SIGNALING_BY_NOTCH2,REACTOME_SIGNALING_BY_NOTCH2,Reactome,Treg,SF_vs_PB_Treg,1.49565024,0.476462636,0.0415404507,0.172812636,27,13,RBPJ/GZMB/JAG2/MAMLD1/PSEN2/NOTCH2/UBC/UBB/PSEN1/MIB1/PSENEN/NCSTN/APH1B,up,FALSE
REACTOME_DEACTIVATION_OF_THE_BETA_CATENIN_TRANSACTIVATING_COMPLEX,REACTOME_DEACTIVATION_OF_THE_BETA_CATENIN_TRANSACTIVATING_COMPLEX,Reactome,Treg,SF_vs_PB_Treg,-1.46077312,-0.424465456,0.0422594327,0.175343458,34,7,RPS27A/UBA52/BCL9/TLE4/BCL9L/LEF1/TCF7,down,FALSE
REACTOME_ALPHA_LINOLENIC_OMEGA3_AND_LINOLEIC_OMEGA6_ACID_METABOLISM,REACTOME_ALPHA_LINOLENIC_OMEGA3_AND_LINOLEIC_OMEGA6_ACID_METABOLISM,Reactome,Treg,SF_vs_PB_Treg,1.54860924,0.62268392,0.0424807037,0.17555277,11,5,ELOVL1/ACSL1/SCP2/FADS1/FADS2,up,FALSE
REACTOME_METABOLISM_OF_ANGIOTENSINOGEN_TO_ANGIOTENSINS,REACTOME_METABOLISM_OF_ANGIOTENSINOGEN_TO_ANGIOTENSINS,Reactome,Treg,SF_vs_PB_Treg,1.5459926,0.709212535,0.0425473457,0.17555277,7,4,GZMH/CTSD/CTSZ/ATP6AP2,up,FALSE
REACTOME_PHASE_I_FUNCTIONALIZATION_OF_COMPOUNDS,REACTOME_PHASE_I_FUNCTIONALIZATION_OF_COMPOUNDS,Reactome,Treg,SF_vs_PB_Treg,1.44975176,0.421434294,0.0426421555,0.17555277,41,15,CYP7B1/RXRA/CYB5R3/HSP90AB1/CYP4F22/CYP2R1/CBR3/ALDH2/NCOA1/SMOX/PTGS1/CYP51A1/AIP/ACSS2/CYB5B,up,FALSE
REACTOME_MALATE_ASPARTATE_SHUTTLE,REACTOME_MALATE_ASPARTATE_SHUTTLE,Reactome,Treg,SF_vs_PB_Treg,1.54778583,0.682711944,0.0430044528,0.176209142,8,6,SLC25A12/GOT1/SLC25A11/MDH1/SLC25A22/MDH2,up,FALSE
REACTOME_ZBP1_DAI_MEDIATED_INDUCTION_OF_TYPE_I_IFNS,REACTOME_ZBP1_DAI_MEDIATED_INDUCTION_OF_TYPE_I_IFNS,Reactome,Treg,SF_vs_PB_Treg,1.51670362,0.52726811,0.0430239357,0.176209142,19,10,RIPK3/NFKBIB/NFKB2/NFKBIA/TBK1/NKIRAS2/ZBP1/TICAM1/IKBKG/MYD88,up,FALSE
REACTOME_FCGAMMA_RECEPTOR_FCGR_DEPENDENT_PHAGOCYTOSIS,REACTOME_FCGAMMA_RECEPTOR_FCGR_DEPENDENT_PHAGOCYTOSIS,Reactome,Treg,SF_vs_PB_Treg,1.38478345,0.356437998,0.0432147928,0.176534656,77,28,MYO1C/PPAPDC1B/CYFIP1/HSP90AB1/LIMK1/MYO5A/ITPR1/ITPR3/YES1/PRKCD/NF2/CFL1/VAV2/FCGR3A/ACTB/PAK1/ARPC2/ABI1/PLD2/SRC/CDC42/BRK1/HSP90AA1/CD247/NCKAP1/GRB2/VAV1/ARPC3,up,FALSE
REACTOME_REGULATION_OF_TBK1_IKK_IKBKE_MEDIATED_ACTIVATION_OF_IRF3_IRF7,REACTOME_REGULATION_OF_TBK1_IKK_IKBKE_MEDIATED_ACTIVATION_OF_IRF3_IRF7,Reactome,Treg,SF_vs_PB_Treg,1.53411374,0.589740202,0.0449082252,0.182980815,13,9,TANK/LY96/TRAF3/UBC/UBB/TBK1/TICAM2/TICAM1/OPTN,up,FALSE
REACTOME_REGULATED_NECROSIS,REACTOME_REGULATED_NECROSIS,Reactome,Treg,SF_vs_PB_Treg,1.41519795,0.387333321,0.0452312984,0.183824636,55,21,FLOT1/FASLG/MLKL/GZMB/TP63/CYCS/CDC37/IL1A/RIPK3/DFNA5/CHMP2B/CHMP2A/FADD/CHMP6/UBC/UBB/FAS/CASP1/UBE2L3/CFLAR/TRAF2,up,FALSE
REACTOME_NUCLEAR_ENVELOPE_NE_REASSEMBLY,REACTOME_NUCLEAR_ENVELOPE_NE_REASSEMBLY,Reactome,Treg,SF_vs_PB_Treg,1.39947794,0.372575426,0.0454633188,0.184295039,64,30,LMNA/TUBB2A/TUBB6/TUBA1C/TUBA1A/BANF1/CHMP2B/CHMP2A/RANGAP1/CHMP6/UBE2I/NUP188/NUP37/EMD/TUBB4B/PPP2R1A/RAN/CC2D1B/SEH1L/TUBA4A/SEC13/TUBA1B/LMNB1/IST1/SUMO1/NUP205/NUP35/CDK1/ANKLE2/NUP107,up,FALSE
REACTOME_NOTCH4_ACTIVATION_AND_TRANSMISSION_OF_SIGNAL_TO_THE_NUCLEUS,REACTOME_NOTCH4_ACTIVATION_AND_TRANSMISSION_OF_SIGNAL_TO_THE_NUCLEUS,Reactome,Treg,SF_vs_PB_Treg,1.53902774,0.678848841,0.0459729709,0.185885609,8,6,YWHAZ/PSEN2/PSEN1/PSENEN/NCSTN/APH1B,up,FALSE
REACTOME_SEALING_OF_THE_NUCLEAR_ENVELOPE_NE_BY_ESCRT_III,REACTOME_SEALING_OF_THE_NUCLEAR_ENVELOPE_NE_BY_ESCRT_III,Reactome,Treg,SF_vs_PB_Treg,1.49804965,0.514414967,0.0466468463,0.188130411,20,12,TUBB2A/TUBB6/TUBA1C/TUBA1A/CHMP2B/CHMP2A/CHMP6/TUBB4B/CC2D1B/TUBA4A/TUBA1B/IST1,up,FALSE
REACTOME_LATE_ENDOSOMAL_MICROAUTOPHAGY,REACTOME_LATE_ENDOSOMAL_MICROAUTOPHAGY,Reactome,Treg,SF_vs_PB_Treg,1.46758631,0.456402591,0.0470210227,0.189158175,30,15,PLIN3/VIM/VPS37C/TSG101/CHMP2B/CHMP2A/CHMP6/UBC/UBB/RNASE1/VPS37B/ARL13B/PLIN2/PARK7/VPS37A,up,FALSE
REACTOME_CHK1_CHK2_CDS1_MEDIATED_INACTIVATION_OF_CYCLIN_B_CDK1_COMPLEX,REACTOME_CHK1_CHK2_CDS1_MEDIATED_INACTIVATION_OF_CYCLIN_B_CDK1_COMPLEX,Reactome,Treg,SF_vs_PB_Treg,1.5194784,0.561492739,0.0471624378,0.189246744,15,10,YWHAG/YWHAH/YWHAB/YWHAZ/YWHAQ/YWHAE/CCNA1/CDK1/CHEK2/SFN,up,FALSE
REACTOME_LANOSTEROL_BIOSYNTHESIS,REACTOME_LANOSTEROL_BIOSYNTHESIS,Reactome,Treg,SF_vs_PB_Treg,1.53150757,0.600803486,0.0475733374,0.190256812,12,8,IDI1/SQLE/PMVK/HMGCS1/MVD/HMGCR/FDPS/ACAT2,up,FALSE
REACTOME_THE_ROLE_OF_NEF_IN_HIV_1_REPLICATION_AND_DISEASE_PATHOGENESIS,REACTOME_THE_ROLE_OF_NEF_IN_HIV_1_REPLICATION_AND_DISEASE_PATHOGENESIS,Reactome,Treg,SF_vs_PB_Treg,1.47475508,0.469806157,0.0476542298,0.190256812,27,8,AP1S1/CD4/AP2B1/HLA-A/PAK2/ARF1/DOCK2/B2M,up,FALSE
REACTOME_RHO_GTPASES_ACTIVATE_FORMINS,REACTOME_RHO_GTPASES_ACTIVATE_FORMINS,Reactome,Treg,SF_vs_PB_Treg,1.32753077,0.316227677,0.0477894283,0.190317196,125,39,RHOB/TUBB2A/TUBB6/RHOC/DYNLL1/RHOA/PMF1/DYNC1I2/TUBA1C/MAPRE1/FMNL3/TUBA1A/BUB3/RANGAP1/DYNC1H1/B9D2/DYNC1LI2/RHOD/DIAPH1/NUP37/SRF/DVL3/CLIP1/PFN1/PPP2CB/ACTB/TUBB4B/PAFAH1B1/PPP2R1A/SRC/CDC42/DYNC1LI1/SEH1L/APITD1/CLASP1/PPP2R1B/TUBA4A/SEC13/TUBA1B,up,FALSE
REACTOME_MET_PROMOTES_CELL_MOTILITY,REACTOME_MET_PROMOTES_CELL_MOTILITY,Reactome,Treg,SF_vs_PB_Treg,1.48639558,0.492694866,0.0483059251,0.191891958,23,13,TNS3/TNS4/COL5A1/RAP1B/ITGA3/ITGA2/FN1/LAMB3/RAPGEF1/SRC/LAMA5/ITGB1/GRB2,up,FALSE
REACTOME_SYNTHESIS_OF_5_EICOSATETRAENOIC_ACIDS,REACTOME_SYNTHESIS_OF_5_EICOSATETRAENOIC_ACIDS,Reactome,Treg,SF_vs_PB_Treg,1.5204994,0.730905354,0.048992891,0.193877833,6,4,ALOX5AP/PON2/GPX1/LTC4S,up,FALSE
REACTOME_PKA_ACTIVATION_IN_GLUCAGON_SIGNALLING,REACTOME_PKA_ACTIVATION_IN_GLUCAGON_SIGNALLING,Reactome,Treg,SF_vs_PB_Treg,1.52919762,0.631478633,0.0490504801,0.193877833,10,3,PRKAR1B/PRKAR1A/ADCY3,up,FALSE
REACTOME_CS_DS_DEGRADATION,REACTOME_CS_DS_DEGRADATION,Reactome,Treg,SF_vs_PB_Treg,1.52766744,0.614263379,0.049333051,0.194492306,11,4,HYAL3/IDS/HEXB/GUSB,up,FALSE
REACTOME_MITOCHONDRIAL_FATTY_ACID_BETA_OXIDATION,REACTOME_MITOCHONDRIAL_FATTY_ACID_BETA_OXIDATION,Reactome,Treg,SF_vs_PB_Treg,1.45640816,0.449555918,0.049451356,0.194492306,31,12,PCTP/ACBD6/ECHS1/ACOT9/ACOT7/NDUFAB1/ACAA2/ACADM/ACOT11/DBI/ACADVL/HADHB,up,FALSE
REACTOME_RUNX1_REGULATES_TRANSCRIPTION_OF_GENES_INVOLVED_IN_WNT_SIGNALING,REACTOME_RUNX1_REGULATES_TRANSCRIPTION_OF_GENES_INVOLVED_IN_WNT_SIGNALING,Reactome,Treg,SF_vs_PB_Treg,1.50618407,0.762902885,0.0497575458,0.195212154,5,2,FOXP3/CBFB,up,FALSE
REACTOME_PTK6_PROMOTES_HIF1A_STABILIZATION,REACTOME_PTK6_PROMOTES_HIF1A_STABILIZATION,Reactome,Treg,SF_vs_PB_Treg,1.50531596,0.762463176,0.0501335972,0.196201856,5,4,HIF1A/PTK6/HBEGF/GPNMB,up,FALSE
REACTOME_RECOGNITION_AND_ASSOCIATION_OF_DNA_GLYCOSYLASE_WITH_SITE_CONTAINING_AN_AFFECTED_PURINE,REACTOME_RECOGNITION_AND_ASSOCIATION_OF_DNA_GLYCOSYLASE_WITH_SITE_CONTAINING_AN_AFFECTED_PURINE,Reactome,Treg,SF_vs_PB_Treg,-1.40475021,-0.38352969,0.050664433,0.197790952,45,21,H2AFV/HIST1H2BJ/TERF2/HIST1H2BO/HIST3H2BB/H2AFJ/HIST1H4J/HIST2H2BE/TERF2IP/HIST1H2BC/HIST1H2BK/HIST1H2BL/TERF1/HIST1H4A/HIST1H4F/HIST1H4E/HIST1H2BG/HIST1H2BN/MUTYH/HIST4H4/HIST1H2AC,down,FALSE
REACTOME_ION_CHANNEL_TRANSPORT,REACTOME_ION_CHANNEL_TRANSPORT,Reactome,Treg,SF_vs_PB_Treg,1.33786102,0.329191336,0.051324951,0.199877266,101,32,ATP1B1/SRI/SGK1/MLKL/ATP1B3/ATP8B4/ATP6V0B/STOM/RYR1/ATP6V1F/ATP6V1E1/ATP2B4/FKBP1B/RIPK3/ATP6V1B2/TCIRG1/ATP6V0E1/TRPM2/ATP6AP1/ATP2A2/UBC/UBB/WNK1/ATP6V1A/TRPV2/CALM1/ATP6V0C/TTYH3/PDZD11/TRPC4AP/FXYD2/ATP6V0A1,up,FALSE
REACTOME_RHOH_GTPASE_CYCLE,REACTOME_RHOH_GTPASE_CYCLE,Reactome,Treg,SF_vs_PB_Treg,1.44364748,0.442823118,0.0514975103,0.20005773,32,14,SLC1A5/STOM/ARHGDIA/TMEM59/PAK2/VANGL1/NSFL1C/DBN1/VCP/VAMP3/LAMTOR1/PAK1/ROCK1/RAB7A,up,FALSE
REACTOME_ZINC_INFLUX_INTO_CELLS_BY_THE_SLC39_GENE_FAMILY,REACTOME_ZINC_INFLUX_INTO_CELLS_BY_THE_SLC39_GENE_FAMILY,Reactome,Treg,SF_vs_PB_Treg,1.52288022,0.671726343,0.052124834,0.201789849,8,4,SLC39A1/SLC39A4/SLC39A6/SLC39A8,up,FALSE
REACTOME_TURBULENT_OSCILLATORY_DISTURBED_FLOW_SHEAR_STRESS_ACTIVATES_SIGNALING_BY_PIEZO1_AND_INTEGRINS_IN_ENDOTHELIAL_CELLS,REACTOME_TURBULENT_OSCILLATORY_DISTURBED_FLOW_SHEAR_STRESS_ACTIVATES_SIGNALING_BY_PIEZO1_AND_INTEGRINS_IN_ENDOTHELIAL_CELLS,Reactome,Treg,SF_vs_PB_Treg,1.46013816,0.465149709,0.0521980052,0.201789849,27,13,PDE4D/ANXA2/CAPN2/PTPN1/CAPNS1/FN1/NFKBIA/IKBKG/PPP2R1A/ITGAV/PPP2R1B/ITGB1/NLRP3,up,FALSE
REACTOME_SYNTHESIS_OF_BILE_ACIDS_AND_BILE_SALTS_VIA_27_HYDROXYCHOLESTEROL,REACTOME_SYNTHESIS_OF_BILE_ACIDS_AND_BILE_SALTS_VIA_27_HYDROXYCHOLESTEROL,Reactome,Treg,SF_vs_PB_Treg,1.51199042,0.72681508,0.052349921,0.201884732,6,4,HSD3B7/CYP7B1/RXRA/NCOA1,up,FALSE
REACTOME_NOTCH2_INTRACELLULAR_DOMAIN_REGULATES_TRANSCRIPTION,REACTOME_NOTCH2_INTRACELLULAR_DOMAIN_REGULATES_TRANSCRIPTION,Reactome,Treg,SF_vs_PB_Treg,1.51746664,0.626634353,0.0528756061,0.203408902,10,4,RBPJ/GZMB/MAMLD1/NOTCH2,up,FALSE
REACTOME_TRANSPORT_OF_VITAMINS_NUCLEOSIDES_AND_RELATED_MOLECULES,REACTOME_TRANSPORT_OF_VITAMINS_NUCLEOSIDES_AND_RELATED_MOLECULES,Reactome,Treg,SF_vs_PB_Treg,1.47294786,0.488237356,0.0530018147,0.203408902,23,11,SLC27A4/SLC35D1/SLC35B2/ARL2BP/SLC35C1/SLC35B4/SLC29A1/SLC35D2/PDZD11/SLC29A4/SLC35A2,up,FALSE
REACTOME_HATS_ACETYLATE_HISTONES,REACTOME_HATS_ACETYLATE_HISTONES,Reactome,Treg,SF_vs_PB_Treg,-1.28316309,-0.287957621,0.0532092038,0.203711565,129,51,KAT7/USP22/HIST1H4J/ING3/TAF5L/HCFC1/HIST2H2BF/ZZZ3/HIST2H2BE/MCRS1/EP400/MSL3/HIST1H2BC/HIST1H2BK/HIST1H2BL/MSL2/CSRP2BP/HIST3H2A/HIST1H4A/ING4/PHF20/HIST1H4F/TAF6L/KAT2A/HIST1H4E/KAT8/TAF10/MSL1/HIST1H2BG/BRPF1/ING5/HIST1H2BN/ELP3/CREBBP/CCDC101/ELP4/SUPT20H/HIST1H2AK/ELP2/TRRAP/JADE1/HIST1H3A/KAT6A/KANSL1/EPC1/CLOCK/BRPF3/OGT/HIST4H4/HIST1H2AC/ATXN7,down,FALSE
REACTOME_BH3_ONLY_PROTEINS_ASSOCIATE_WITH_AND_INACTIVATE_ANTI_APOPTOTIC_BCL_2_MEMBERS,REACTOME_BH3_ONLY_PROTEINS_ASSOCIATE_WITH_AND_INACTIVATE_ANTI_APOPTOTIC_BCL_2_MEMBERS,Reactome,Treg,SF_vs_PB_Treg,1.52033679,0.647298577,0.0534619266,0.204185912,9,4,STAT3/BID/BCL2L1/BAD,up,FALSE
REACTOME_MASTL_FACILITATES_MITOTIC_PROGRESSION,REACTOME_MASTL_FACILITATES_MITOTIC_PROGRESSION,Reactome,Treg,SF_vs_PB_Treg,1.51469133,0.625488293,0.0537063153,0.204354115,10,7,ARPP19/ENSA/PPP2CB/PPP2R1A/PPP2R1B/MASTL/CDK1,up,FALSE
REACTOME_APOPTOTIC_EXECUTION_PHASE,REACTOME_APOPTOTIC_EXECUTION_PHASE,Reactome,Treg,SF_vs_PB_Treg,1.40911511,0.403521684,0.053763827,0.204354115,44,17,LMNA/VIM/CTNNB1/GSN/H1F0/PAK2/BCAP31/PRKCD/CASP7/DNM1L/PLEC/TJP2/ROCK1/LMNB1/MST4/STK24/CASP3,up,FALSE
REACTOME_INTRINSIC_PATHWAY_OF_FIBRIN_CLOT_FORMATION,REACTOME_INTRINSIC_PATHWAY_OF_FIBRIN_CLOT_FORMATION,Reactome,Treg,SF_vs_PB_Treg,1.51528837,0.6951272,0.0539888137,0.204634934,7,2,SERPINE2/F12,up,FALSE
REACTOME_AEROBIC_RESPIRATION_AND_RESPIRATORY_ELECTRON_TRANSPORT,REACTOME_AEROBIC_RESPIRATION_AND_RESPIRATORY_ELECTRON_TRANSPORT,Reactome,Treg,SF_vs_PB_Treg,1.25111878,0.273579069,0.0540959227,0.204634934,242,82,PKM/UCP3/VDAC1/COX17/NDUFB2/HIGD1A/LDHA/COX20/CYCS/NDUFV2/NDUFAF3/ATP5G1/NDUFA6/HSPA9/HAGH/NDUFA4/IDH3A/COX7A2/USMG5/NDUFAF1/NDUFB7/LYRM4/TMEM126B/MPC2/UQCC2/NDUFAB1/PDP2/COA3/UBC/UBB/COX8A/NDUFS4/SCO2/NDUFS6/NDUFS8/COX5A/NDUFAF5/UCP2/ME3/SLC25A12/ATP5J/ATP5G3/CMC1/GOT1/MAEA/ATP5E/SLC25A11/NDUFS5/HCCS/PDHA1/BCS1L/UQCRQ/HSCB/MPC1/GID8/ISCU/COX6C/NDUFB3/TRAP1/NDUFB6/ACAD9/ETFA/TMEM126A/COX7B/MDH1/HIGD2A/NDUFA5/NDUFA1/DLAT/SLC25A22/MRPS36/PYURF/NDUFC1/NDUFS3/C11orf83/PM20D1/SFXN4/MDH2/DLD/PDHB/IDH2/ATP5J2,up,FALSE
REACTOME_INTERLEUKIN_7_SIGNALING,REACTOME_INTERLEUKIN_7_SIGNALING,Reactome,Treg,SF_vs_PB_Treg,1.45140778,0.458254859,0.0542307338,0.20465646,28,5,SOCS2/IL2RG/CISH/STAT3/IL7,up,FALSE
REACTOME_METABOLISM_OF_VITAMINS_AND_COFACTORS,REACTOME_METABOLISM_OF_VITAMINS_AND_COFACTORS,Reactome,Treg,SF_vs_PB_Treg,1.29455277,0.300910251,0.0545469374,0.204761821,148,37,ACP5/NAMPT/SDC4/MTHFD2/SLC2A3/TCN2/LRP8/LDLR/PARP9/CYB5R3/CD320/PTS/GSTO1/NOS3/GCHFR/IDH1/TCN1/SLC25A19/MTHFD1L/VKORC1L1/COQ4/SLC2A1/GPC1/SLC19A1/FPGS/VKORC1/RDH11/FASN/AKT1/PPCDC/MTHFD1/SPR/APOA1BP/ABCD4/PANK3/CALM1/NUDT8,up,FALSE
REACTOME_O_LINKED_GLYCOSYLATION_OF_MUCINS,REACTOME_O_LINKED_GLYCOSYLATION_OF_MUCINS,Reactome,Treg,SF_vs_PB_Treg,1.43459852,0.43709602,0.0545597542,0.204761821,33,10,GCNT1/B4GALT5/C1GALT1C1/GALNT1/ST6GALNAC4/GALNT6/MUC12/MUC1/B3GNT9/B3GNTL1,up,FALSE
REACTOME_PTK6_EXPRESSION,REACTOME_PTK6_EXPRESSION,Reactome,Treg,SF_vs_PB_Treg,1.49483146,0.757152631,0.0546462147,0.204761821,5,3,EPAS1/HIF1A/PTK6,up,FALSE
REACTOME_FATTY_ACYL_COA_BIOSYNTHESIS,REACTOME_FATTY_ACYL_COA_BIOSYNTHESIS,Reactome,Treg,SF_vs_PB_Treg,1.44931057,0.457592707,0.0549120707,0.204910286,28,14,SLC27A2/ELOVL1/ACSL3/PPT1/ACSL4/ACSL1/ELOVL6/SCD/PTPLAD1/FASN/SLC27A3/HSD17B12/HSD17B8/ACLY,up,FALSE
REACTOME_TRANSPORT_OF_CONNEXONS_TO_THE_PLASMA_MEMBRANE,REACTOME_TRANSPORT_OF_CONNEXONS_TO_THE_PLASMA_MEMBRANE,Reactome,Treg,SF_vs_PB_Treg,1.5141493,0.667875225,0.0550347629,0.204910286,8,7,TUBB2A/TUBB6/TUBA1C/TUBA1A/TUBB4B/TUBA4A/TUBA1B,up,FALSE
REACTOME_SIGNALING_BY_FLT3_ITD_AND_TKD_MUTANTS,REACTOME_SIGNALING_BY_FLT3_ITD_AND_TKD_MUTANTS,Reactome,Treg,SF_vs_PB_Treg,1.49498855,0.552443005,0.0550736794,0.204910286,15,8,CDKN1A/BCL2L1/PIM1/KRAS/NRAS/PTPN11/HRAS/FLT3,up,FALSE
REACTOME_INTERLEUKIN_15_SIGNALING,REACTOME_INTERLEUKIN_15_SIGNALING,Reactome,Treg,SF_vs_PB_Treg,1.49861538,0.564231626,0.0552643661,0.205138221,14,4,IL2RB/IL2RG/STAT3/IL15RA,up,FALSE
REACTOME_EARLY_PHASE_OF_HIV_LIFE_CYCLE,REACTOME_EARLY_PHASE_OF_HIV_LIFE_CYCLE,Reactome,Treg,SF_vs_PB_Treg,1.49596781,0.563234811,0.0562973449,0.206796651,14,4,CCR5/CD4/BANF1/CXCR4,up,FALSE
REACTOME_ADENYLATE_CYCLASE_INHIBITORY_PATHWAY,REACTOME_ADENYLATE_CYCLASE_INHIBITORY_PATHWAY,Reactome,Treg,SF_vs_PB_Treg,1.50174843,0.721891746,0.0562993681,0.206796651,6,2,GNAI3/ADCY3,up,FALSE
REACTOME_DRUG_ADME,REACTOME_DRUG_ADME,Reactome,Treg,SF_vs_PB_Treg,1.4020599,0.401501319,0.056313748,0.206796651,44,10,GGT1/BSG/SLC16A1/IMPDH1/ITPA/HPRT1/TPMT/ACY1/GUK1/PNP,up,FALSE
REACTOME_PROTON_COUPLED_MONOCARBOXYLATE_TRANSPORT,REACTOME_PROTON_COUPLED_MONOCARBOXYLATE_TRANSPORT,Reactome,Treg,SF_vs_PB_Treg,1.49130321,0.755365527,0.0563483424,0.206796651,5,3,SLC16A3/BSG/SLC16A1,up,FALSE
REACTOME_RECYCLING_PATHWAY_OF_L1,REACTOME_RECYCLING_PATHWAY_OF_L1,Reactome,Treg,SF_vs_PB_Treg,1.42751338,0.432243745,0.0563635035,0.206796651,34,17,TUBB2A/TUBB6/EZR/TUBA1C/AP2B1/TUBA1A/DPYSL2/RDX/CLTC/ACTB/TUBB4B/L1CAM/SRC/MSN/TUBA4A/TUBA1B/NUMB,up,FALSE
REACTOME_PYRIMIDINE_CATABOLISM,REACTOME_PYRIMIDINE_CATABOLISM,Reactome,Treg,SF_vs_PB_Treg,1.50877491,0.66550464,0.0572416217,0.209533419,8,3,TYMP/NT5C/UPP1,up,FALSE
REACTOME_SEMA4D_MEDIATED_INHIBITION_OF_CELL_ATTACHMENT_AND_MIGRATION,REACTOME_SEMA4D_MEDIATED_INHIBITION_OF_CELL_ATTACHMENT_AND_MIGRATION,Reactome,Treg,SF_vs_PB_Treg,1.50660996,0.691146041,0.0575213424,0.210072184,7,3,RHOA/PLXNB1/RRAS,up,FALSE
REACTOME_WAX_AND_PLASMALOGEN_BIOSYNTHESIS,REACTOME_WAX_AND_PLASMALOGEN_BIOSYNTHESIS,Reactome,Treg,SF_vs_PB_Treg,1.48703812,0.7532052,0.0579515092,0.210821498,5,2,FAR2/FAR1,up,FALSE
REACTOME_RNA_POLYMERASE_III_TRANSCRIPTION,REACTOME_RNA_POLYMERASE_III_TRANSCRIPTION,Reactome,Treg,SF_vs_PB_Treg,1.40928618,0.414460154,0.0579925381,0.210821498,39,10,NFIA/SNAPC2/POLR2K/GTF3C6/SNAPC1/POLR3K/BDP1/POLR2L/POLR1C/POLR2E,up,FALSE
REACTOME_NUCLEOTIDE_SALVAGE,REACTOME_NUCLEOTIDE_SALVAGE,Reactome,Treg,SF_vs_PB_Treg,1.47099796,0.511378957,0.0582454684,0.21125644700000001,19,8,TYMP/HPRT1/UPP1/PNP/UCKL1/UCK2/DGUOK/AMPD3,up,FALSE
REACTOME_S_PHASE,REACTOME_S_PHASE,Reactome,Treg,SF_vs_PB_Treg,1.28788809,0.299361091,0.0587880271,0.212737495,148,66,CDKN1A/PSMD1/RBX1/PSMB5/PSMD14/PSMC1/PSMB6/PSMC2/PSMB1/PSMA7/PSMD8/PTK6/PSMD7/ADRM1/PSMB3/PSMD11/PSMA6/PSMD12/PSMC3/PSMA3/UBC/UBB/PSMC4/PSMB7/PSMD13/AKT1/CDC27/PSMB2/PSMD3/RFC2/PSMA5/ANAPC11/SMC3/MCM6/E2F4/POLD3/ANAPC16/CKS1B/SKP1/CDK2/GINS1/MNAT1/CCNA1/RPA3/SMC1A/CDK4/UBE2D1/AKT3/PSMD6/CDC23/CCND1/STAG1/PCNA/POLD2/E2F1/PSMD2/UBE2C/TFDP1/POLE2/CDC16/CDK7/CDC25A/CABLES1/MCM3/FEN1/POLE,up,FALSE
REACTOME_FACTORS_INVOLVED_IN_MEGAKARYOCYTE_DEVELOPMENT_AND_PLATELET_PRODUCTION,REACTOME_FACTORS_INVOLVED_IN_MEGAKARYOCYTE_DEVELOPMENT_AND_PLATELET_PRODUCTION,Reactome,Treg,SF_vs_PB_Treg,1.30941053,0.315927162,0.0591217064,0.213457642,115,32,PRKAR1B/KIF21A/KIF20B/H3F3B/PRKAR1A/CAPZA2/TUBB2A/RAB5A/TUBB6/KIF13B/KIF1B/TUBA1C/TUBA1A/MICAL1/KIF5B/KLC2/KIF3C/KIF3A/DOCK2/DOCK10/DOCK5/ACTB/TUBB4B/HIST1H3F/KIF1C/CDK5/RACGAP1/MAFK/CDC42/PRKACA/MYB/TUBA4A,up,FALSE
REACTOME_SPHINGOLIPID_CATABOLISM,REACTOME_SPHINGOLIPID_CATABOLISM,Reactome,Treg,SF_vs_PB_Treg,1.50447164,0.663606515,0.0594289509,0.214079289,8,4,PPAP2C/PPAP2A/ALDH3A2/ACER3,up,FALSE
REACTOME_DISEASES_ASSOCIATED_WITH_GLYCOSYLATION_PRECURSOR_BIOSYNTHESIS,REACTOME_DISEASES_ASSOCIATED_WITH_GLYCOSYLATION_PRECURSOR_BIOSYNTHESIS,Reactome,Treg,SF_vs_PB_Treg,1.48013479,0.53765584,0.0595773765,0.214127306,16,11,GALK1/DPM2/GALE/DHDDS/PGM1/GNE/DOLK/GFPT1/DPM1/GALM/SRD5A3,up,FALSE
REACTOME_ACTIVATION_OF_RAC1_DOWNSTREAM_OF_NMDARS,REACTOME_ACTIVATION_OF_RAC1_DOWNSTREAM_OF_NMDARS,Reactome,Treg,SF_vs_PB_Treg,1.49836592,0.687364153,0.0606024924,0.217318892,7,3,CAMK1/CAMKK1/CALM1,up,FALSE
REACTOME_RHOB_GTPASE_CYCLE,REACTOME_RHOB_GTPASE_CYCLE,Reactome,Treg,SF_vs_PB_Treg,1.36896418,0.372156162,0.0617535168,0.220946555,57,21,RHOB/MCAM/FLOT1/RTKN/STOM/ARHGEF12/SLK/STARD8/ARHGEF5/VANGL1/AKAP13/STARD13/DIAPH1/PTRF/VAV2/VAMP3/TJP2/SNAP23/ABR/ROCK1/RACGAP1,up,FALSE
REACTOME_ENDOSOMAL_VACUOLAR_PATHWAY,REACTOME_ENDOSOMAL_VACUOLAR_PATHWAY,Reactome,Treg,SF_vs_PB_Treg,1.49307621,0.61656238,0.0621872766,0.221997373,10,6,HLA-A/HLA-B/HLA-F/CTSL/HLA-C/B2M,up,FALSE
REACTOME_RAB_GERANYLGERANYLATION,REACTOME_RAB_GERANYLGERANYLATION,Reactome,Treg,SF_vs_PB_Treg,1.37723907,0.383878732,0.062475526,0.222176499,50,20,RAB5A/RAB11A/RAB1B/RAB33A/RAB27A/RAB10/RAB1A/RAB3A/RAB38/RAB18/RABGGTB/RAB19/RAB2A/RAB35/RAB7A/RAB22A/RAB27B/RAB34/RAB13/RAB9A,up,FALSE
REACTOME_COOPERATION_OF_PDCL_PHLP1_AND_TRIC_CCT_IN_G_PROTEIN_BETA_FOLDING,REACTOME_COOPERATION_OF_PDCL_PHLP1_AND_TRIC_CCT_IN_G_PROTEIN_BETA_FOLDING,Reactome,Treg,SF_vs_PB_Treg,1.42746778,0.447076487,0.0625413512,0.222176499,29,10,GNA15/GNG4/RGS9/GNG2/GNG5/CCT6A/GNB1/GNGT2/GNG10/TCP1,up,FALSE
REACTOME_LINOLEIC_ACID_LA_METABOLISM,REACTOME_LINOLEIC_ACID_LA_METABOLISM,Reactome,Treg,SF_vs_PB_Treg,1.48665046,0.714634138,0.0626579779,0.222176499,6,4,ELOVL1/ACSL1/FADS1/FADS2,up,FALSE
REACTOME_PEROXISOMAL_LIPID_METABOLISM,REACTOME_PEROXISOMAL_LIPID_METABOLISM,Reactome,Treg,SF_vs_PB_Treg,1.43438641,0.465711893,0.0630722847,0.223146364,25,9,SLC27A2/ACOT4/ACOX3/ECI2/ALDH3A2/PHYH/SCP2/CRAT/ACBD5,up,FALSE
REACTOME_GLYCOSPHINGOLIPID_METABOLISM,REACTOME_GLYCOSPHINGOLIPID_METABOLISM,Reactome,Treg,SF_vs_PB_Treg,1.3969646,0.41300011,0.0632266256,0.223194213,38,14,ARSA/B4GALT5/GM2A/HEXB/NEU1/GLA/CTSA/ARSD/B3GALT4/UGCG/PSAP/GBA/ST6GALNAC6/ARSB,up,FALSE
REACTOME_ANTIGEN_PRESENTATION_FOLDING_ASSEMBLY_AND_PEPTIDE_LOADING_OF_CLASS_I_MHC,REACTOME_ANTIGEN_PRESENTATION_FOLDING_ASSEMBLY_AND_PEPTIDE_LOADING_OF_CLASS_I_MHC,Reactome,Treg,SF_vs_PB_Treg,1.42325587,0.445757334,0.0640851283,0.225587809,29,13,HLA-A/HLA-B/PDIA3/SAR1B/TAP1/CALR/HLA-F/HLA-C/BCAP31/B2M/TAPBP/SEC24A/HSPA5,up,FALSE
REACTOME_ACYL_CHAIN_REMODELLING_OF_PI,REACTOME_ACYL_CHAIN_REMODELLING_OF_PI,Reactome,Treg,SF_vs_PB_Treg,1.48377021,0.7132496,0.0641982622,0.225587809,6,2,PLA2G16/MBOAT7,up,FALSE
REACTOME_ENOS_ACTIVATION,REACTOME_ENOS_ACTIVATION,Reactome,Treg,SF_vs_PB_Treg,1.48833248,0.614603468,0.0643316655,0.225587809,10,8,NOS3/LYPLA1/AKT1/SPR/CALM1/CYB5B/ZDHHC21/HSP90AA1,up,FALSE
REACTOME_L1CAM_INTERACTIONS,REACTOME_L1CAM_INTERACTIONS,Reactome,Treg,SF_vs_PB_Treg,1.34548827,0.353266343,0.0653395213,0.228616206,69,33,TUBB2A/TUBB6/LYPLA2/EZR/TUBA1C/AP2B1/TUBA1A/ITGA2/DPYSL2/RDX/NCAM1/CLTC/DLG4/VAV2/NRP1/ACTB/TUBB4B/PAK1/L1CAM/DLG3/SRC/MSN/ITGAV/TUBA4A/TUBA1B/NRP2/SDCBP/NUMB/ALCAM/FGFR1/SPTBN5/ITGB1/CLTA,up,FALSE
REACTOME_HIGH_LAMINAR_FLOW_SHEAR_STRESS_ACTIVATES_SIGNALING_BY_PIEZO1_AND_PECAM1_CDH5_KDR_IN_ENDOTHELIAL_CELLS,REACTOME_HIGH_LAMINAR_FLOW_SHEAR_STRESS_ACTIVATES_SIGNALING_BY_PIEZO1_AND_PECAM1_CDH5_KDR_IN_ENDOTHELIAL_CELLS,Reactome,Treg,SF_vs_PB_Treg,1.37823966,0.394680028,0.0660285878,0.230518308,44,15,PRKAR1B/GNG4/PRKAR1A/CTNNB1/CAPN2/ADCY3/NOS3/GNG2/GNG5/TLN1/CAPNS1/AKT1/GNB1/PANX1/CALM1,up,FALSE
REACTOME_REGULATION_OF_TP53_ACTIVITY_THROUGH_ACETYLATION,REACTOME_REGULATION_OF_TP53_ACTIVITY_THROUGH_ACETYLATION,Reactome,Treg,SF_vs_PB_Treg,-1.40243719,-0.419812768,0.0663855766,0.23125525,30,7,BRPF1/ING5/PIP4K2A/KAT6A/BRPF3/TP53/MAP2K6,down,FALSE
REACTOME_FREE_FATTY_ACIDS_REGULATE_INSULIN_SECRETION,REACTOME_FREE_FATTY_ACIDS_REGULATE_INSULIN_SECRETION,Reactome,Treg,SF_vs_PB_Treg,1.48626486,0.655575697,0.0668502461,0.232363246,8,3,GNA15/ACSL3/ACSL4,up,FALSE
REACTOME_MITOCHONDRIAL_TRANSLATION,REACTOME_MITOCHONDRIAL_TRANSLATION,Reactome,Treg,SF_vs_PB_Treg,1.29969265,0.315198917,0.067563718,0.234329306,111,47,MRPS6/MRPL17/MRPL52/MRPL20/MRPL36/MRPL15/NDUFAB1/MRPL33/MRPL41/MRPL24/MRPS18A/MRPL47/MRPS34/MRPL51/MRPL14/MRPS23/MRPL13/MRPL50/CHCHD1/MRPL18/MRPL16/MRPL40/MRPL4/MRPL27/MRPS12/MRPS7/MRPS21/MRPS26/MRPL54/MRPS22/MRPL42/GADD45GIP1/MRPS16/MRPS36/MRPL35/MRPL22/MRPL32/MRPS10/MT-ND5/MRPL34/MRPS25/MRPS18C/MALSU1/MRP63/MRPL21/AURKAIP1/MRPL3,up,FALSE
REACTOME_TRANSCRIPTION_OF_E2F_TARGETS_UNDER_NEGATIVE_CONTROL_BY_DREAM_COMPLEX,REACTOME_TRANSCRIPTION_OF_E2F_TARGETS_UNDER_NEGATIVE_CONTROL_BY_DREAM_COMPLEX,Reactome,Treg,SF_vs_PB_Treg,-1.44161478,-0.48425693400000003,0.0677875918,0.23459243,19,8,LIN9/RBL1/HDAC1/LIN52/TFDP2/RBL2/MAX/MYC,down,FALSE
REACTOME_COMPLEX_I_BIOGENESIS,REACTOME_COMPLEX_I_BIOGENESIS,Reactome,Treg,SF_vs_PB_Treg,1.34464062,0.355812126,0.0683636745,0.236070641,66,25,NDUFB2/NDUFV2/NDUFAF3/NDUFA6/HSPA9/NDUFAF1/NDUFB7/TMEM126B/NDUFAB1/NDUFS4/NDUFS6/NDUFS8/NDUFAF5/NDUFS5/HSCB/NDUFB3/NDUFB6/ACAD9/TMEM126A/NDUFA5/NDUFA1/PYURF/NDUFC1/NDUFS3/SFXN4,up,FALSE
REACTOME_NEGATIVE_REGULATION_OF_MAPK_PATHWAY,REACTOME_NEGATIVE_REGULATION_OF_MAPK_PATHWAY,Reactome,Treg,SF_vs_PB_Treg,1.38273484,0.40429925,0.0687043598,0.236731327,40,18,DUSP16/PTPN7/DUSP4/PPP5C/KRAS/YWHAB/DUSP2/DUSP5/UBC/UBB/NRAS/DUSP6/PPP2CB/HRAS/PPP2R1A/KSR1/DUSP10/PPP2R1B,up,FALSE
REACTOME_REGULATION_OF_ENDOGENOUS_RETROELEMENTS_BY_KRAB_ZFP_PROTEINS,REACTOME_REGULATION_OF_ENDOGENOUS_RETROELEMENTS_BY_KRAB_ZFP_PROTEINS,Reactome,Treg,SF_vs_PB_Treg,-1.28450605,-0.303680905,0.0695410628,0.239094543,93,46,ZNF257/GATAD2A/ZNF354A/ZNF33A/HIST1H2AE/HIST1H3H/H3F3A/H2AFV/HIST1H2BJ/ZNF141/MTA2/HIST1H2BO/HIST3H2BB/GATAD2B/H2AFJ/HIST1H4J/HIST2H2BE/ZNF224/CHD3/ZNF264/MTA3/HIST1H2BC/ZNF324/HIST1H2BK/HIST1H2BL/SETDB1/ZNF93/HDAC1/HIST1H4A/ZNF317/ZNF680/ZNF708/HIST1H4F/ZNF331/HIST1H4E/ZNF610/HIST1H2BG/HIST1H2BN/ATF7IP/ZNF418/ZNF425/HIST1H3A/ZNF519/ZNF30/HIST4H4/HIST1H2AC,down,FALSE
REACTOME_BACTERIAL_INFECTION_PATHWAYS,REACTOME_BACTERIAL_INFECTION_PATHWAYS,Reactome,Treg,SF_vs_PB_Treg,1.33127458,0.345811197,0.0702934836,0.24115838,73,30,FURIN/ANTXR2/DUSP16/PGK1/ENO1/RNF213/CD9/RAB5A/HSP90AB1/CALM2/STX1A/CTNNB1/COL5A1/HBEGF/UBC/UBB/FN1/TXNRD1/B2M/LAMB3/EPS15/CALM1/SV2A/RAB7A/SRC/VPS33B/GBP2/STAM2/LAMA5/HSP90AA1,up,FALSE
REACTOME_FLT3_SIGNALING_IN_DISEASE,REACTOME_FLT3_SIGNALING_IN_DISEASE,Reactome,Treg,SF_vs_PB_Treg,1.41151148,0.449658925,0.0709087551,0.242346263,27,12,CDKN1A/BCL2L1/PIM1/KRAS/GOLGB1/UBC/UBB/NRAS/PTPN11/HRAS/ETV6/FLT3,up,FALSE
REACTOME_SYNTHESIS_OF_DIPHTHAMIDE_EEF2,REACTOME_SYNTHESIS_OF_DIPHTHAMIDE_EEF2,Reactome,Treg,SF_vs_PB_Treg,-1.46306367,-0.635254157,0.0709455306,0.242346263,8,3,DPH1/EEF2/DPH5,down,FALSE
REACTOME_RHOA_GTPASE_CYCLE,REACTOME_RHOA_GTPASE_CYCLE,Reactome,Treg,SF_vs_PB_Treg,1.28562801,0.308182157,0.0713810648,0.243309651,120,40,IQGAP1/MCAM/FLOT1/RHOA/RTKN/STOM/ARHGAP18/ARHGDIA/FMNL3/ARHGEF12/DDRGK1/SLK/STARD8/ARHGEF5/VANGL1/LMAN1/DOCK2/EMC3/BCAP31/ATP6AP1/ARHGAP9/AKAP13/STARD13/DIAPH1/PTRF/ARAP2/VAV2/VAMP3/ACBD5/TMEM87A/HMOX2/TJP2/SNAP23/ABR/ROCK1/AAAS/ARHGAP11B/RHPN1/RACGAP1/ARHGEF40,up,FALSE
REACTOME_SIGNALING_BY_INSULIN_RECEPTOR,REACTOME_SIGNALING_BY_INSULIN_RECEPTOR,Reactome,Treg,SF_vs_PB_Treg,1.35653619,0.378108206,0.0718023566,0.243792042,50,23,ATP6V0B/CTSD/ATP6V1F/PTPN1/ATP6V1E1/KRAS/ATP6V1B2/TCIRG1/ATP6V0E1/ATP6AP1/NRAS/TRIB3/ATP6V1A/PTPN11/ATP6V0C/HRAS/FLT3/ATP6V0A1/KLB/ATP6V1D/FGFR1/GRB2/ATP6V1C2,up,FALSE
REACTOME_MITF_M_REGULATED_MELANOCYTE_DEVELOPMENT,REACTOME_MITF_M_REGULATED_MELANOCYTE_DEVELOPMENT,Reactome,Treg,SF_vs_PB_Treg,1.2853542,0.309659913,0.0718302104,0.243792042,116,32,CDKN1A/CSF1/DPF3/YWHAG/ATP6V0B/DARS/CEACAM1/CTNNB1/ATP6V1F/ATP6V1E1/RAB27A/TFE3/MYO5A/ITGA2/ATP6V1B2/YWHAH/YWHAB/MARS/SERPINE1/YWHAZ/UBE2I/ATP6V0E1/ATP6AP2/EDNRB/DIAPH1/ACTL6A/RARS/ATP6V1A/SMARCB1/ATP6V0C/ACTB/TFEB,up,FALSE
REACTOME_ALK_MUTANTS_BIND_TKIS,REACTOME_ALK_MUTANTS_BIND_TKIS,Reactome,Treg,SF_vs_PB_Treg,1.46734213,0.605935552,0.0720785117,0.244112053,10,4,PRKAR1A/HIP1/CLTC/FN1,up,FALSE
REACTOME_RUNX1_REGULATES_TRANSCRIPTION_OF_GENES_INVOLVED_IN_DIFFERENTIATION_OF_KERATINOCYTES,REACTOME_RUNX1_REGULATES_TRANSCRIPTION_OF_GENES_INVOLVED_IN_DIFFERENTIATION_OF_KERATINOCYTES,Reactome,Treg,SF_vs_PB_Treg,1.46602539,0.704719649,0.0725118483,0.245056033,6,3,CBFB/CTSL/SOCS3,up,FALSE
REACTOME_EXTRA_NUCLEAR_ESTROGEN_SIGNALING,REACTOME_EXTRA_NUCLEAR_ESTROGEN_SIGNALING,Reactome,Treg,SF_vs_PB_Treg,1.35002478,0.370454836,0.0729566648,0.24603471,54,24,GNG4/GNAI3/NOS3/GNG2/FOS/KRAS/GNG5/PRMT1/MMP9/HBEGF/HSPB1/ELK1/NRAS/AKT1/SRF/GNB1/CALM1/HRAS/SRC/GNGT2/ZDHHC21/GNG10/SPHK1/HSP90AA1,up,FALSE
REACTOME_FOXO_MEDIATED_TRANSCRIPTION,REACTOME_FOXO_MEDIATED_TRANSCRIPTION,Reactome,Treg,SF_vs_PB_Treg,1.35331499,0.377210357,0.0733152967,0.246719204,50,15,CDKN1A/KAT2B/TXN/FASLG/GADD45A/YWHAG/YWHAB/SREBF1/YWHAZ/FOXO1/YWHAQ/DDIT3/KLF4/AKT1/PCBP4,up,FALSE
REACTOME_GOLGI_CISTERNAE_PERICENTRIOLAR_STACK_REORGANIZATION,REACTOME_GOLGI_CISTERNAE_PERICENTRIOLAR_STACK_REORGANIZATION,Reactome,Treg,SF_vs_PB_Treg,1.44961533,0.545783014,0.07422144,0.248862901,14,4,BLZF1/RAB1B/GOLGA2/RAB1A,up,FALSE
REACTOME_PHENYLALANINE_AND_TYROSINE_METABOLISM,REACTOME_PHENYLALANINE_AND_TYROSINE_METABOLISM,Reactome,Treg,SF_vs_PB_Treg,1.46754093,0.673223416,0.0744971053,0.248862901,7,4,IL4I1/FAH/PCBD1/QDPR,up,FALSE
REACTOME_SIGNAL_AMPLIFICATION,REACTOME_SIGNAL_AMPLIFICATION,Reactome,Treg,SF_vs_PB_Treg,1.42929753,0.496882184,0.0747496086,0.248862901,19,10,GNA15/GNG4/GNAI3/GNG2/GNG5/GNB1/SRC/GNGT2/GNA13/GNG10,up,FALSE
REACTOME_SLBP_DEPENDENT_PROCESSING_OF_REPLICATION_DEPENDENT_HISTONE_PRE_MRNAS,REACTOME_SLBP_DEPENDENT_PROCESSING_OF_REPLICATION_DEPENDENT_HISTONE_PRE_MRNAS,Reactome,Treg,SF_vs_PB_Treg,1.45995688,0.587037483,0.0748176236,0.248862901,11,5,SNRPB/LSM10/SNRPD3/SNRPG/SNRPE,up,FALSE
REACTOME_FCGR3A_MEDIATED_IL10_SYNTHESIS,REACTOME_FCGR3A_MEDIATED_IL10_SYNTHESIS,Reactome,Treg,SF_vs_PB_Treg,1.38999573,0.429056098,0.0749568792,0.248862901,31,11,PRKAR1B/IL10/PRKAR1A/ADCY3/ITPR1/ITPR3/YES1/CALM1/FCGR3A/SRC/PRKACA,up,FALSE
REACTOME_INTERCONVERSION_OF_NUCLEOTIDE_DI_AND_TRIPHOSPHATES,REACTOME_INTERCONVERSION_OF_NUCLEOTIDE_DI_AND_TRIPHOSPHATES,Reactome,Treg,SF_vs_PB_Treg,1.4031549,0.451180758,0.0749726411,0.248862901,26,12,TXN/GLRX/DCTPP1/AK4/GUK1/TXNRD1/CMPK1/NME1/AK2/NME3/DCTD/CTPS1,up,FALSE
REACTOME_METABOLISM_OF_FAT_SOLUBLE_VITAMINS,REACTOME_METABOLISM_OF_FAT_SOLUBLE_VITAMINS,Reactome,Treg,SF_vs_PB_Treg,1.42864323,0.496654724,0.0750513986,0.248862901,19,7,SDC4/LRP8/LDLR/VKORC1L1/GPC1/VKORC1/RDH11,up,FALSE
REACTOME_SYNTHESIS_OF_VERY_LONG_CHAIN_FATTY_ACYL_COAS,REACTOME_SYNTHESIS_OF_VERY_LONG_CHAIN_FATTY_ACYL_COAS,Reactome,Treg,SF_vs_PB_Treg,1.43276071,0.50466087,0.0752612977,0.249037906,18,8,ELOVL1/ACSL3/ACSL4/ACSL1/ELOVL6/PTPLAD1/SLC27A3/HSD17B12,up,FALSE
REACTOME_NEF_MEDIATED_CD4_DOWN_REGULATION,REACTOME_NEF_MEDIATED_CD4_DOWN_REGULATION,Reactome,Treg,SF_vs_PB_Treg,1.46426366,0.623424884,0.0764379415,0.252073601,9,3,CD4/AP2B1/ARF1,up,FALSE
REACTOME_SULFIDE_OXIDATION_TO_SULFATE,REACTOME_SULFIDE_OXIDATION_TO_SULFATE,Reactome,Treg,SF_vs_PB_Treg,1.45271745,0.73582131,0.0764967838,0.252073601,5,4,ETHE1/SUOX/SQRDL/TST,up,FALSE
REACTOME_ZYMOSTENOL_BIOSYNTHESIS_VIA_LATHOSTEROL_KANDUTSCH_RUSSELL_PATHWAY,REACTOME_ZYMOSTENOL_BIOSYNTHESIS_VIA_LATHOSTEROL_KANDUTSCH_RUSSELL_PATHWAY,Reactome,Treg,SF_vs_PB_Treg,1.46392447,0.645721585,0.076986173,0.253159926,8,5,MSMO1/SREBF2/SREBF1/DHCR24/CYP51A1,up,FALSE
REACTOME_PROSTANOID_LIGAND_RECEPTORS,REACTOME_PROSTANOID_LIGAND_RECEPTORS,Reactome,Treg,SF_vs_PB_Treg,-1.43047073,-0.722647737,0.07718582,0.253290941,5,3,PTGIR/PTGDR2/PTGER2,down,FALSE
REACTOME_MUCOPOLYSACCHARIDOSES,REACTOME_MUCOPOLYSACCHARIDOSES,Reactome,Treg,SF_vs_PB_Treg,1.45271817,0.599896622,0.0785696347,0.257086312,10,4,IDS/GUSB/HGSNAT/ARSB,up,FALSE
REACTOME_RNA_POLYMERASE_III_TRANSCRIPTION_INITIATION_FROM_TYPE_3_PROMOTER,REACTOME_RNA_POLYMERASE_III_TRANSCRIPTION_INITIATION_FROM_TYPE_3_PROMOTER,Reactome,Treg,SF_vs_PB_Treg,1.39133243,0.439287191,0.0786667894,0.257086312,28,8,SNAPC2/POLR2K/SNAPC1/POLR3K/BDP1/POLR2L/POLR1C/POLR2E,up,FALSE
REACTOME_SUMO_IS_PROTEOLYTICALLY_PROCESSED,REACTOME_SUMO_IS_PROTEOLYTICALLY_PROCESSED,Reactome,Treg,SF_vs_PB_Treg,1.45362266,0.698757645,0.0788507109,0.257157154,6,2,SUMO3/SUMO2,up,FALSE
REACTOME_GLUTATHIONE_SYNTHESIS_AND_RECYCLING,REACTOME_GLUTATHIONE_SYNTHESIS_AND_RECYCLING,Reactome,Treg,SF_vs_PB_Treg,1.45588719,0.619858519,0.0798338896,0.259828984,9,4,GGT1/GSS/CHAC2/OPLAH,up,FALSE
REACTOME_TP53_REGULATES_TRANSCRIPTION_OF_SEVERAL_ADDITIONAL_CELL_DEATH_GENES_WHOSE_SPECIFIC_ROLES_IN_P53_DEPENDENT_APOPTOSIS_REMAIN_UNCERTAIN,REACTOME_TP53_REGULATES_TRANSCRIPTION_OF_SEVERAL_ADDITIONAL_CELL_DEATH_GENES_WHOSE_SPECIFIC_ROLES_IN_P53_DEPENDENT_APOPTOSIS_REMAIN_UNCERTAIN,Reactome,Treg,SF_vs_PB_Treg,1.43626736,0.540757477,0.0803810544,0.260922783,14,6,TP63/PERP/TP73/TP53I3/NDRG1/RABGGTB,up,FALSE
REACTOME_REGULATION_OF_ENDOGENOUS_RETROELEMENTS_BY_THE_HUMAN_SILENCING_HUB_HUSH_COMPLEX,REACTOME_REGULATION_OF_ENDOGENOUS_RETROELEMENTS_BY_THE_HUMAN_SILENCING_HUB_HUSH_COMPLEX,Reactome,Treg,SF_vs_PB_Treg,-1.31190817,-0.339211839,0.0804992056,0.260922783,58,29,HIST1H2AE/PPHLN1/HIST1H3H/H3F3A/H2AFV/HIST1H2BJ/HIST1H2BO/HIST3H2BB/EHMT1/H2AFJ/HIST1H4J/HIST2H2BE/HIST1H2BC/HIST1H2BK/HIST1H2BL/SETDB1/HIST1H4A/HIST1H4F/HIST1H4E/MPHOSPH8/FAM208A/HIST1H2BG/HIST1H2BN/ATF7IP/MORC2/HIST1H3A/EHMT2/HIST4H4/HIST1H2AC,down,FALSE
REACTOME_SLC_MEDIATED_TRANSPORT_OF_ORGANIC_ANIONS,REACTOME_SLC_MEDIATED_TRANSPORT_OF_ORGANIC_ANIONS,Reactome,Treg,SF_vs_PB_Treg,1.43536876,0.540419151,0.080667993,0.260936263,14,5,SLC16A3/BSG/SLC16A1/SLCO4A1/SLC17A5,up,FALSE
REACTOME_PLASMA_LIPOPROTEIN_ASSEMBLY_REMODELING_AND_CLEARANCE,REACTOME_PLASMA_LIPOPROTEIN_ASSEMBLY_REMODELING_AND_CLEARANCE,Reactome,Treg,SF_vs_PB_Treg,1.34023819,0.374994532,0.0814296897,0.262863662,49,14,FURIN/NR1H2/LDLR/BMP1/NCEH1/AP2B1/LMF2/VLDLR/SAR1B/SOAT1/UBC/ABCA1/CLTC/UBB,up,FALSE
REACTOME_PROTEIN_LOCALIZATION,REACTOME_PROTEIN_LOCALIZATION,Reactome,Treg,SF_vs_PB_Treg,1.24758206,0.289274034,0.082615786,0.266150449,151,72,SLC27A2/ACOT4/PRNP/VDAC1/COX17/STX1A/ACOX3/ATP5G1/IDH1/HSPA9/SEC61G/COA4/OTOF/FIS1/TIMM17A/TIMM8B/ECI2/ALDH3A2/SEC61B/UBC/MTX2/PHYH/UBB/TIMM10/SCP2/PEX2/GRPEL1/TIMM17B/CRAT/CMC2/SLC25A12/TOMM5/ACBD5/EMD/HMOX1/ZFAND6/PITRM1/DHRS4/BCS1L/PEX10/MPV17/PAM16/HSCB/GRPEL2/TIMM22/TIMM50/SLC25A17/PEX14/VAPA/TIMM23/SAMM50/PEX11B/CYB5A/CHCHD2/TIMM13/UBL4A/UBE2D1/AMACR/IDH3G/MTX1/UBE2D3/ATP5B/GDAP1/ACO2/HSPD1/TIMM8A/EHHADH/ASNA1/UBE2J2/SLC25A4/USP9X/PAOX,up,FALSE
REACTOME_ZINC_TRANSPORTERS,REACTOME_ZINC_TRANSPORTERS,Reactome,Treg,SF_vs_PB_Treg,1.44331974,0.596015558,0.0828777312,0.266452746,10,6,SLC39A1/SLC39A4/SLC39A6/SLC39A8/SLC39A14/SLC30A1,up,FALSE
REACTOME_REDUCTION_OF_CYTOSOLIC_CA_LEVELS,REACTOME_REDUCTION_OF_CYTOSOLIC_CA_LEVELS,Reactome,Treg,SF_vs_PB_Treg,1.44981743,0.665092894,0.0836228044,0.268303937,7,4,SRI/ATP2B4/ATP2A2/CALM1,up,FALSE
REACTOME_NR1H2_NR1H3_REGULATE_GENE_EXPRESSION_LINKED_TO_LIPOGENESIS,REACTOME_NR1H2_NR1H3_REGULATE_GENE_EXPRESSION_LINKED_TO_LIPOGENESIS,Reactome,Treg,SF_vs_PB_Treg,1.44828414,0.638822802,0.0840559331,0.269148796,8,5,RXRA/NR1H2/SCD/SREBF1/FASN,up,FALSE
REACTOME_SIGNALING_BY_LTK,REACTOME_SIGNALING_BY_LTK,Reactome,Treg,SF_vs_PB_Treg,-1.4348159,-0.601074674,0.0844646173,0.269912134,9,3,IRS1/SOS1/PIK3R1,down,FALSE
REACTOME_DISEASES_OF_CARBOHYDRATE_METABOLISM,REACTOME_DISEASES_OF_CARBOHYDRATE_METABOLISM,Reactome,Treg,SF_vs_PB_Treg,1.38087766,0.44401757,0.085118617,0.271454744,26,9,IDS/GYG1/G6PC3/GUSB/GBE1/HGSNAT/UBC/UBB/SLC37A4,up,FALSE
REACTOME_CHROMATIN_ORGANIZATION,REACTOME_CHROMATIN_ORGANIZATION,Reactome,Treg,SF_vs_PB_Treg,-1.1742211,-0.239652317,0.0854668891,0.272018111,263,106,MTA2/KDM4A/WDR5/HIST1H2BO/HIST3H2BB/KDM6A/GATAD2B/KDM3B/EHMT1/SETD6/TADA1/H2AFJ/KAT7/USP22/PHF2/DPF2/HIST1H4J/ING3/TAF5L/HCFC1/HIST2H2BF/ZZZ3/SETD1A/KDM5A/HIST2H2BE/SETDB2/MCRS1/CHD3/KDM3A/SUV420H1/ASH1L/MTA3/KMT2D/EP400/MSL3/HIST1H2BC/HIST1H2BK/GPS2/HIST1H2BL/MSL2/CSRP2BP/KDM5C/NSD1/SETDB1/GLTSCR1L/SS18L1/HDAC1/NFKB1/KMT2A/KDM1A/ARID1A/HIST3H2A/HIST1H4A/ING4/PHF20/ARID4B/HIST1H4F/KDM7A/TAF6L/PADI4/KAT2A/HIST1H4E/KAT8/REST/PHF21A/TAF10/UTY/MSL1/HIST1H2BG/BRPF1/ING5/BRWD1/HIST1H2BN/ELP3/CREBBP/MINA/WHSC1L1/BRD9/BCL7A/ATF7IP/CCDC101/ELP4/SUPT20H/SETD2/GLTSCR1/HIST1H2AK/ELP2/TRRAP/JADE1/HIST1H3A/KAT6A/EHMT2/KANSL1/BCL11B/SAP30L/ARID1B/EPC1/CLOCK/BRPF3/KDM4C/OGT/DNMT3A/HIST4H4/RPS2/HIST1H2AC/ATXN7,down,FALSE
REACTOME_CLASS_B_2_SECRETIN_FAMILY_RECEPTORS,REACTOME_CLASS_B_2_SECRETIN_FAMILY_RECEPTORS,Reactome,Treg,SF_vs_PB_Treg,1.38118409,0.439997662,0.0856483192,0.27204927,27,7,CD97/PTHLH/GNG4/CALCB/EMR1/GNG2/GNG5,up,FALSE
REACTOME_CELL_CYCLE_CHECKPOINTS,REACTOME_CELL_CYCLE_CHECKPOINTS,Reactome,Treg,SF_vs_PB_Treg,1.19748248,0.257930405,0.0863078894,0.27359601,278,57,CDKN1A/YWHAG/PSMD1/DYNLL1/PMF1/MAPK11/RBX1/DYNC1I2/PSMB5/PSMD14/TP53BP1/PSMC1/PSMB6/PSMC2/PSMB1/MAPRE1/PSMA7/PSMD8/BRE/PSMD7/NBN/ADRM1/BUB3/PSMB3/PSMD11/YWHAH/PSMA6/YWHAB/NEK11/YWHAZ/PSMD12/RANGAP1/PSMC3/UBE2N/PSMA3/UBC/UBB/YWHAQ/PSMC4/DYNC1H1/B9D2/DYNC1LI2/PSMB7/NUP37/PSMD13/CDC27/PSMB2/PCBP4/RAD50/CLIP1/PSMD3/RHNO1/RFC2/PPP2CB/PSMA5/ANAPC11/PAFAH1B1,up,FALSE
REACTOME_NEURONAL_SYSTEM,REACTOME_NEURONAL_SYSTEM,Reactome,Treg,SF_vs_PB_Treg,1.23303463,0.281076779,0.086741196,0.274062666,172,46,PRKAR1B/FLOT1/SIPA1L1/KCNN4/GNG4/PRKAR1A/TUBB2A/TUBB6/CAMK1/ARL6IP5/STX1A/COMT/AKAP5/GNAI3/NPTN/TUBA1C/RTN3/AP2B1/ADCY3/SLC1A1/GNG2/KRAS/GNG5/TUBA1A/CAMKK1/CPLX1/CACNB2/RAB3A/CACNB3/PRKAB1/CHRNE/ALDH2/IL1RAP/NRAS/LRTOMT/DLG4/KCNK6/DLGAP4/KCNC3/GNB1/PANX1/BZRAP1/CALM1/LRFN4/HRAS/TUBB4B,up,FALSE
REACTOME_MTORC1_MEDIATED_SIGNALLING,REACTOME_MTORC1_MEDIATED_SIGNALLING,Reactome,Treg,SF_vs_PB_Treg,1.38609999,0.459449932,0.0869020224,0.274062666,23,10,FKBP1A/LAMTOR5/RHEB/EIF4EBP1/EIF4G1/YWHAB/EIF4E/LAMTOR2/LAMTOR3/LAMTOR1,up,FALSE
REACTOME_REGULATION_OF_MITF_M_DEPENDENT_GENES_INVOLVED_IN_APOPTOSIS,REACTOME_REGULATION_OF_MITF_M_DEPENDENT_GENES_INVOLVED_IN_APOPTOSIS,Reactome,Treg,SF_vs_PB_Treg,-1.41635332,-0.518856239,0.0869738303,0.274062666,14,7,BCL2/DICER1/HDAC1/AGO3/TNRC6B/BCL2A1/TNRC6C,down,FALSE
REACTOME_ADRENALINE_NORADRENALINE_INHIBITS_INSULIN_SECRETION,REACTOME_ADRENALINE_NORADRENALINE_INHIBITS_INSULIN_SECRETION,Reactome,Treg,SF_vs_PB_Treg,1.42174524,0.53528987,0.0871910628,0.274125097,14,8,GNG4/GNG2/GNG5/CACNB2/CACNB3/GNB1/GNGT2/GNG10,up,FALSE
REACTOME_REGULATION_OF_ENDOGENOUS_RETROELEMENTS,REACTOME_REGULATION_OF_ENDOGENOUS_RETROELEMENTS,Reactome,Treg,SF_vs_PB_Treg,-1.23265511,-0.278687568,0.0873395419,0.274125097,123,62,ZNF257/GATAD2A/SMARCC2/BCL7B/ZNF354A/ZNF33A/SMARCD3/HIST1H2AE/PPHLN1/HIST1H3H/SMARCD2/H3F3A/H2AFV/HIST1H2BJ/ZNF141/MTA2/HIST1H2BO/HIST3H2BB/GATAD2B/EHMT1/H2AFJ/DPF2/HIST1H4J/HIST2H2BE/ZNF224/CHD3/ZNF264/MTA3/HIST1H2BC/ZNF324/HIST1H2BK/HIST1H2BL/SETDB1/ZNF93/SS18L1/HDAC1/ARID1A/HIST1H4A/ZNF317/ZNF680/ZNF708/HIST1H4F/ZNF331/HIST1H4E/MPHOSPH8/ZNF610/FAM208A/HIST1H2BG/HIST1H2BN/BCL7A/ATF7IP/ZNF418/ZNF425/MORC2/HIST1H3A/EHMT2/ZNF519/ARID1B/ZNF30/DNMT3A/HIST4H4/HIST1H2AC,down,FALSE
REACTOME_ATTACHMENT_AND_ENTRY,REACTOME_ATTACHMENT_AND_ENTRY,Reactome,Treg,SF_vs_PB_Treg,1.43980916,0.635084577,0.0878642294,0.275226884,8,6,SDC4/FURIN/CTSL/GPC1/VCP/NRP1,up,FALSE
REACTOME_TGFBR3_EXPRESSION,REACTOME_TGFBR3_EXPRESSION,Reactome,Treg,SF_vs_PB_Treg,-1.39291916,-0.461410983,0.0880746084,0.27525523,20,4,TNRC6B/TGFBR3/TNRC6C/SMAD3,down,FALSE
REACTOME_ALPHA_PROTEIN_KINASE_1_SIGNALING_PATHWAY,REACTOME_ALPHA_PROTEIN_KINASE_1_SIGNALING_PATHWAY,Reactome,Treg,SF_vs_PB_Treg,-1.42427851,-0.560828779,0.0882206035,0.27525523,11,7,TAB1/TRAF6/ALPK1/RPS27A/MAP3K7/TIFA/UBA52,down,FALSE
REACTOME_METHYLATION,REACTOME_METHYLATION,Reactome,Treg,SF_vs_PB_Treg,1.43161612,0.591182578,0.0884995074,0.275582945,10,4,GSTO1/COMT/TPMT/TRMT112,up,FALSE
REACTOME_SIGNALING_BY_NOTCH1_PEST_DOMAIN_MUTANTS_IN_CANCER,REACTOME_SIGNALING_BY_NOTCH1_PEST_DOMAIN_MUTANTS_IN_CANCER,Reactome,Treg,SF_vs_PB_Treg,1.32382379,0.368990258,0.0894770567,0.278080657,50,12,KAT2B/RBPJ/NOTCH1/HDAC9/RBX1/NCOR2/JAG2/MAMLD1/PSEN2/UBC/UBB/PSEN1,up,FALSE
REACTOME_CHAPERONE_MEDIATED_AUTOPHAGY,REACTOME_CHAPERONE_MEDIATED_AUTOPHAGY,Reactome,Treg,SF_vs_PB_Treg,1.39694427,0.485634869,0.0901220363,0.27953704,19,10,PLIN3/VIM/LAMP2/HSP90AB1/UBC/UBB/RNASE1/ARL13B/PLIN2/PARK7,up,FALSE
REACTOME_RELEASE_OF_APOPTOTIC_FACTORS_FROM_THE_MITOCHONDRIA,REACTOME_RELEASE_OF_APOPTOTIC_FACTORS_FROM_THE_MITOCHONDRIA,Reactome,Treg,SF_vs_PB_Treg,1.43228209,0.688499218,0.0904225908,0.279921497,6,5,CYCS/DFNA5/DIABLO/GSDMD/BAK1,up,FALSE
REACTOME_SUMO_IS_CONJUGATED_TO_E1_UBA2_SAE1,REACTOME_SUMO_IS_CONJUGATED_TO_E1_UBA2_SAE1,Reactome,Treg,SF_vs_PB_Treg,1.42648125,0.722532312,0.090648194,0.28007288,5,4,SUMO3/SUMO2/SAE1/SUMO1,up,FALSE
REACTOME_PROTEIN_HYDROXYLATION,REACTOME_PROTEIN_HYDROXYLATION,Reactome,Treg,SF_vs_PB_Treg,-1.39154018,-0.474604738,0.091160045,0.280763045,18,8,U2AF2/MINA/KDM8/RPL8/RPL27A/ASPH/RPS23/RPS6,down,FALSE
REACTOME_MITOCHONDRIAL_PROTEIN_IMPORT,REACTOME_MITOCHONDRIAL_PROTEIN_IMPORT,Reactome,Treg,SF_vs_PB_Treg,1.3090624,0.351451108,0.0912258473,0.280763045,61,31,VDAC1/COX17/ATP5G1/HSPA9/COA4/TIMM17A/TIMM8B/MTX2/TIMM10/GRPEL1/TIMM17B/CMC2/SLC25A12/TOMM5/PITRM1/BCS1L/PAM16/HSCB/GRPEL2/TIMM22/TIMM50/TIMM23/SAMM50/CHCHD2/TIMM13/IDH3G/MTX1/ATP5B/ACO2/HSPD1/TIMM8A,up,FALSE
REACTOME_RHO_GTPASES_ACTIVATE_KTN1,REACTOME_RHO_GTPASES_ACTIVATE_KTN1,Reactome,Treg,SF_vs_PB_Treg,1.42320471,0.587709104,0.0927689663,0.284958937,10,4,RHOA/KIF5B/KLC2/RHOG,up,FALSE
REACTOME_MTOR_SIGNALLING,REACTOME_MTOR_SIGNALLING,Reactome,Treg,SF_vs_PB_Treg,1.33455543,0.394549394,0.0936972885,0.287253776,38,13,FKBP1A/LAMTOR5/RHEB/EIF4EBP1/EIF4G1/YWHAB/EIF4E/CAB39/PRKAB1/LAMTOR2/AKT1/LAMTOR3/LAMTOR1,up,FALSE
REACTOME_VITAMIN_C_ASCORBATE_METABOLISM,REACTOME_VITAMIN_C_ASCORBATE_METABOLISM,Reactome,Treg,SF_vs_PB_Treg,1.4282282,0.655188996,0.0941615151,0.288119694,7,4,SLC2A3/CYB5R3/GSTO1/SLC2A1,up,FALSE
REACTOME_PURINE_RIBONUCLEOSIDE_MONOPHOSPHATE_BIOSYNTHESIS,REACTOME_PURINE_RIBONUCLEOSIDE_MONOPHOSPHATE_BIOSYNTHESIS,Reactome,Treg,SF_vs_PB_Treg,1.41955435,0.586201697,0.0949133551,0.289860632,10,2,ADSS/IMPDH1,up,FALSE
REACTOME_TP53_REGULATES_TRANSCRIPTION_OF_CELL_DEATH_GENES,REACTOME_TP53_REGULATES_TRANSCRIPTION_OF_CELL_DEATH_GENES,Reactome,Treg,SF_vs_PB_Treg,1.33129969,0.393586865,0.0957468033,0.291843622,38,12,CRADD/BID/TP63/PERP/AIFM2/TP73/TP53I3/NDRG1/FAS/BNIP3L/CASP1/RABGGTB,up,FALSE
REACTOME_SYNTHESIS_OF_BILE_ACIDS_AND_BILE_SALTS,REACTOME_SYNTHESIS_OF_BILE_ACIDS_AND_BILE_SALTS,Reactome,Treg,SF_vs_PB_Treg,1.38654341,0.488381763,0.0963919182,0.293246047,18,6,HSD3B7/CYP7B1/SLC27A2/RXRA/NCOA1/SCP2,up,FALSE
REACTOME_ROS_AND_RNS_PRODUCTION_IN_PHAGOCYTES,REACTOME_ROS_AND_RNS_PRODUCTION_IN_PHAGOCYTES,Reactome,Treg,SF_vs_PB_Treg,1.34734365,0.419008496,0.0970531534,0.294292074,30,15,ATP6V0B/CYBA/ATP6V1F/ATP6V1E1/NOS3/MPO/ATP6V1B2/TCIRG1/NCF4/ATP6V0E1/ATP6V1A/ATP6V0C/ATP6V0A1/NCF1/ATP6V1D,up,FALSE
REACTOME_DISEASES_OF_MITOTIC_CELL_CYCLE,REACTOME_DISEASES_OF_MITOTIC_CELL_CYCLE,Reactome,Treg,SF_vs_PB_Treg,1.32876738,0.39283821,0.0971071008,0.294292074,38,3,CDKN1A/CDK6/CCND2,up,FALSE
REACTOME_GLYCOGEN_SYNTHESIS,REACTOME_GLYCOGEN_SYNTHESIS,Reactome,Treg,SF_vs_PB_Treg,1.41172286,0.567642951,0.0972994822,0.294312365,11,6,UGP2/GYG1/PGM1/GBE1/UBC/UBB,up,FALSE
REACTOME_NEF_MEDIATES_DOWN_MODULATION_OF_CELL_SURFACE_RECEPTORS_BY_RECRUITING_THEM_TO_CLATHRIN_ADAPTERS,REACTOME_NEF_MEDIATES_DOWN_MODULATION_OF_CELL_SURFACE_RECEPTORS_BY_RECRUITING_THEM_TO_CLATHRIN_ADAPTERS,Reactome,Treg,SF_vs_PB_Treg,1.37517365,0.472220604,0.0976968237,0.294951363,20,6,AP1S1/CD4/AP2B1/HLA-A/ARF1/B2M,up,FALSE
REACTOME_SYNTHESIS_OF_BILE_ACIDS_AND_BILE_SALTS_VIA_24_HYDROXYCHOLESTEROL,REACTOME_SYNTHESIS_OF_BILE_ACIDS_AND_BILE_SALTS_VIA_24_HYDROXYCHOLESTEROL,Reactome,Treg,SF_vs_PB_Treg,1.41401737,0.716219186,0.0980900544,0.295575544,5,2,HSD3B7/SLC27A2,up,FALSE
REACTOME_GDP_FUCOSE_BIOSYNTHESIS,REACTOME_GDP_FUCOSE_BIOSYNTHESIS,Reactome,Treg,SF_vs_PB_Treg,1.41568597,0.68052145,0.0999605055,0.300454501,6,3,FUOM/TSTA3/SLC35C1,up,FALSE
REACTOME_INTERLEUKIN_18_SIGNALING,REACTOME_INTERLEUKIN_18_SIGNALING,Reactome,Treg,SF_vs_PB_Treg,1.41784054,0.650423734,0.100088313,0.300454501,7,4,IL18RAP/IL18R1/IL13/IL18,up,FALSE
REACTOME_PURINERGIC_SIGNALING_IN_LEISHMANIASIS_INFECTION,REACTOME_PURINERGIC_SIGNALING_IN_LEISHMANIASIS_INFECTION,Reactome,Treg,SF_vs_PB_Treg,1.36557076,0.457576929,0.100539104,0.301040915,22,10,C3AR1/TXN/ENTPD1/HSP90AB1/PSTPIP1/IL1A/NFKB2/CASP1/SUGT1/HMOX1,up,FALSE
REACTOME_DEGRADATION_OF_BETA_CATENIN_BY_THE_DESTRUCTION_COMPLEX,REACTOME_DEGRADATION_OF_BETA_CATENIN_BY_THE_DESTRUCTION_COMPLEX,Reactome,Treg,SF_vs_PB_Treg,1.28536399,0.339231849,0.100663524,0.301040915,67,28,PSMD1/RBX1/CTNNB1/PSMB5/PSMD14/PSMC1/PSMB6/PSMC2/PSMB1/PSMA7/PSMD8/PSMD7/ADRM1/PSMB3/PSMD11/PSMA6/PSMD12/PSMC3/PSMA3/UBC/UBB/PSMC4/PSMB7/PSMD13/PSMB2/PSMD3/PPP2CB/PSMA5,up,FALSE
REACTOME_DNA_REPLICATION_PRE_INITIATION,REACTOME_DNA_REPLICATION_PRE_INITIATION,Reactome,Treg,SF_vs_PB_Treg,1.23329178,0.290909996,0.101443054,0.302522776,134,30,H3F3B/PSMD1/PSMB5/PSMD14/PSMC1/PSMB6/PSMC2/PSMB1/PSMA7/PSMD8/PSMD7/ADRM1/PSMB3/PSMD11/PSMA6/PSMD12/PSMC3/PSMA3/UBC/UBB/PSMC4/PSMB7/PSMD13/CDC27/PSMB2/PSMD3/PSMA5/ANAPC11/HIST1H3F/HIST1H2BI,up,FALSE
REACTOME_G_ALPHA_S_SIGNALLING_EVENTS,REACTOME_G_ALPHA_S_SIGNALLING_EVENTS,Reactome,Treg,SF_vs_PB_Treg,1.2874858,0.341711829,0.101710045,0.302522776,65,24,PRKAR1B/PDE4D/PTHLH/GNG4/PRKAR1A/PDE4A/CALCB/GNAI3/ADCY3/GNG2/GNG5/P2RY11/FN1/ADRB2/ADORA2A/GNB1/CGA/SRC/GNGT2/PRKACA/MC1R/GNG10/HTR7/ARRB1,up,FALSE
REACTOME_NEUROTRANSMITTER_RECEPTORS_AND_POSTSYNAPTIC_SIGNAL_TRANSMISSION,REACTOME_NEUROTRANSMITTER_RECEPTORS_AND_POSTSYNAPTIC_SIGNAL_TRANSMISSION,Reactome,Treg,SF_vs_PB_Treg,1.25794634,0.313127214,0.101907682,0.302522776,94,34,PRKAR1B/GNG4/PRKAR1A/TUBB2A/TUBB6/CAMK1/AKAP5/GNAI3/NPTN/TUBA1C/AP2B1/ADCY3/GNG2/KRAS/GNG5/TUBA1A/CAMKK1/PRKAB1/CHRNE/NRAS/DLG4/GNB1/CALM1/HRAS/TUBB4B/DLG3/SRC/GNGT2/PRKACA/KPNA2/TUBA4A/RASGRF2/GNG10/TUBA1B,up,FALSE
REACTOME_CD28_DEPENDENT_VAV1_PATHWAY,REACTOME_CD28_DEPENDENT_VAV1_PATHWAY,Reactome,Treg,SF_vs_PB_Treg,1.40037238,0.549359744,0.101962064,0.302522776,12,6,CD80/PAK2/PAK1/CDC42/GRB2/VAV1,up,FALSE
REACTOME_CASPASE_MEDIATED_CLEAVAGE_OF_CYTOSKELETAL_PROTEINS,REACTOME_CASPASE_MEDIATED_CLEAVAGE_OF_CYTOSKELETAL_PROTEINS,Reactome,Treg,SF_vs_PB_Treg,1.40250251,0.563935521,0.102130772,0.302522776,11,4,VIM/GSN/CASP7/PLEC,up,FALSE
REACTOME_APOPTOTIC_CLEAVAGE_OF_CELLULAR_PROTEINS,REACTOME_APOPTOTIC_CLEAVAGE_OF_CELLULAR_PROTEINS,Reactome,Treg,SF_vs_PB_Treg,1.33870405,0.41632168,0.102304232,0.302522776,30,14,LMNA/VIM/CTNNB1/GSN/BCAP31/PRKCD/CASP7/PLEC/TJP2/ROCK1/LMNB1/MST4/STK24/CASP3,up,FALSE
REACTOME_ANTIGEN_PROCESSING_UBIQUITINATION_PROTEASOME_DEGRADATION,REACTOME_ANTIGEN_PROCESSING_UBIQUITINATION_PROTEASOME_DEGRADATION,Reactome,Treg,SF_vs_PB_Treg,1.18530322,0.256863329,0.102544451,0.302668446,263,89,RNF213/ZNRF1/PSMD1/RBX1/UBAC1/FBXO2/FBXO6/PSMB5/TRIM36/PSMD14/PSMC1/PSMB6/PSMC2/PSMB1/DTX3L/RNF19A/PSMA7/PSMD8/PSMD7/ADRM1/LONRF1/UBE2A/FBXO27/FBXL19/PSMB3/PSMD11/PSMA6/PSMD12/PSMC3/UBE2M/CBLB/UBE2N/PSMA3/UBC/UBB/PSMC4/UBE2Z/UBE2E3/TCEB1/NEDD4/PSMB7/UBE2W/UBE3C/KEAP1/RNF7/PSMD13/FBXL8/UBE2B/TCEB2/CDC27/PSMB2/RNF41/UBE2L3/PSMD3/HUWE1/SOCS3/UBE2K/SOCS1/LRSAM1/KLHL2/PSMA5/CUL7/ANAPC11/HECTD2/RNF19B/HERC6/TRIM37/FBXO7/SPSB2/FBXO4/BTBD6/KBTBD8/UBE2G1/RNF14/TRIM21/MGRN1/FBXW4/UBE2Q2/ANAPC13/RNF130/RNF34/PJA2/UBA6/KBTBD6/WSB1/UBE2D4/THOP1/SKP1/DZIP3,up,FALSE
REACTOME_GABA_B_RECEPTOR_ACTIVATION,REACTOME_GABA_B_RECEPTOR_ACTIVATION,Reactome,Treg,SF_vs_PB_Treg,1.37383988,0.483907206,0.103668563,0.305417607,18,5,GNG4/GNAI3/ADCY3/GNG2/GNG5,up,FALSE
REACTOME_REGULATION_OF_TP53_ACTIVITY,REACTOME_REGULATION_OF_TP53_ACTIVITY,Reactome,Treg,SF_vs_PB_Treg,-1.19412392,-0.261159263,0.10458568,0.307291618,154,27,TAF5/TAF3/L3MBTL1/TAF4B/TAF10/RFFL/BRPF1/ING5/TAF8/ATR/PIP4K2A/CDK5R1/RPS27A/KAT6A/EHMT2/UBA52/BRPF3/RICTOR/TP53/TP53INP1/CCNG1/PRR5/MDM4/ATM/PPP2R5C/DYRK2/MAP2K6,down,FALSE
REACTOME_MYD88_INDEPENDENT_TLR4_CASCADE,REACTOME_MYD88_INDEPENDENT_TLR4_CASCADE,Reactome,Treg,SF_vs_PB_Treg,1.24501383,0.303654724,0.104692412,0.307291618,107,36,MAPKAPK3/DUSP4/MAPK11/USP18/IRAK2/MAPKAPK2/TANK/LY96/N4BP1/FOS/IRF7/IKBIP/RIPK3/DUSP3/FADD/NFKBIB/MAPK8/TRAF3/USP14/UBE2N/UBC/ELK1/UBB/NFKB2/NFKBIA/TBK1/NKIRAS2/TICAM2/TICAM1/PTPN11/IKBKG/OPTN/S100B/DUSP6/PPP2CB/TNIP2,up,FALSE
REACTOME_THROMBIN_SIGNALLING_THROUGH_PROTEINASE_ACTIVATED_RECEPTORS_PARS,REACTOME_THROMBIN_SIGNALLING_THROUGH_PROTEINASE_ACTIVATED_RECEPTORS_PARS,Reactome,Treg,SF_vs_PB_Treg,1.35622337,0.454444795,0.105368575,0.308296705,22,12,GNA15/GNG4/GNG2/GNG5/F2R/GNA12/GNB1/SRC/GNGT2/GNA13/GNG10/ARRB1,up,FALSE
REACTOME_MITOCHONDRIAL_UNFOLDED_PROTEIN_RESPONSE_UPRMT,REACTOME_MITOCHONDRIAL_UNFOLDED_PROTEIN_RESPONSE_UPRMT,Reactome,Treg,SF_vs_PB_Treg,1.37339073,0.491199585,0.105423857,0.308296705,17,7,HSPA1A/HSPA9/DNAJA1/HSPA1B/HSPE1/HTRA2/AKT1,up,FALSE
REACTOME_RHOV_GTPASE_CYCLE,REACTOME_RHOV_GTPASE_CYCLE,Reactome,Treg,SF_vs_PB_Treg,1.32326357,0.403174291,0.10608333,0.30965392,33,8,IQGAP1/TPM3/TPM4/DLG5/PAK2/PARD6A/VANGL1/CLTC,up,FALSE
REACTOME_ACYL_CHAIN_REMODELLING_OF_PS,REACTOME_ACYL_CHAIN_REMODELLING_OF_PS,Reactome,Treg,SF_vs_PB_Treg,1.40397811,0.619279879,0.106671354,0.31079797,8,4,PLA2G16/LPCAT4/LPCAT3/MBOAT1,up,FALSE
REACTOME_DEFECTIVE_C1GALT1C1_CAUSES_TNPS,REACTOME_DEFECTIVE_C1GALT1C1_CAUSES_TNPS,Reactome,Treg,SF_vs_PB_Treg,1.40141854,0.673663082,0.108293839,0.314590947,6,4,C1GALT1C1/MUC12/MUC1/C1GALT1,up,FALSE
REACTOME_RUNX1_REGULATES_TRANSCRIPTION_OF_GENES_INVOLVED_IN_DIFFERENTIATION_OF_MYELOID_CELLS,REACTOME_RUNX1_REGULATES_TRANSCRIPTION_OF_GENES_INVOLVED_IN_DIFFERENTIATION_OF_MYELOID_CELLS,Reactome,Treg,SF_vs_PB_Treg,1.40425557,0.644191734,0.108370131,0.314590947,7,3,LGALS3/CBFB/CSF2,up,FALSE
REACTOME_RESOLUTION_OF_AP_SITES_VIA_THE_MULTIPLE_NUCLEOTIDE_PATCH_REPLACEMENT_PATHWAY,REACTOME_RESOLUTION_OF_AP_SITES_VIA_THE_MULTIPLE_NUCLEOTIDE_PATCH_REPLACEMENT_PATHWAY,Reactome,Treg,SF_vs_PB_Treg,1.34071288,0.435298278,0.109506439,0.317308421,25,12,ADPRHL2/RFC2/POLD3/RPA3/PCNA/POLD2/PARP2/POLE2/FEN1/POLE/POLE4/RFC4,up,FALSE
REACTOME_DEFECTIVE_RIPK1_MEDIATED_REGULATED_NECROSIS,REACTOME_DEFECTIVE_RIPK1_MEDIATED_REGULATED_NECROSIS,Reactome,Treg,SF_vs_PB_Treg,1.40159437,0.642970929,0.109743892,0.317416183,7,4,MLKL/RIPK3/FADD/TRAF2,up,FALSE
REACTOME_NETRIN_1_SIGNALING,REACTOME_NETRIN_1_SIGNALING,Reactome,Treg,SF_vs_PB_Treg,-1.3415058500000001,-0.433561798,0.110154573,0.318023676,22,5,PLCG1/PRKCQ/TRIO/RGMB/ABLIM1,down,FALSE
REACTOME_DEVELOPMENTAL_LINEAGE_OF_PANCREATIC_DUCTAL_CELLS,REACTOME_DEVELOPMENTAL_LINEAGE_OF_PANCREATIC_DUCTAL_CELLS,Reactome,Treg,SF_vs_PB_Treg,1.38414737,0.542994745,0.110735678,0.318319056,12,6,CD74/ANXA1/ANXA2/COL5A1/FN1/LAMB3,up,FALSE
REACTOME_NUCLEAR_SIGNALING_BY_ERBB4,REACTOME_NUCLEAR_SIGNALING_BY_ERBB4,Reactome,Treg,SF_vs_PB_Treg,1.35688751,0.471709505,0.110832375,0.318319056,19,11,PSEN2/HBEGF/PSEN1/ADAP1/S100B/PSENEN/NCOR1/SRC/NCSTN/APH1B/APOE,up,FALSE
REACTOME_GLUTAMATE_NEUROTRANSMITTER_RELEASE_CYCLE,REACTOME_GLUTAMATE_NEUROTRANSMITTER_RELEASE_CYCLE,Reactome,Treg,SF_vs_PB_Treg,1.38091752,0.530848891,0.110859381,0.318319056,13,8,ARL6IP5/STX1A/SLC1A1/CPLX1/RAB3A/BZRAP1/STXBP1/GLS,up,FALSE
REACTOME_PYROPTOSIS,REACTOME_PYROPTOSIS,Reactome,Treg,SF_vs_PB_Treg,1.34168167,0.444726613,0.111878169,0.320439079,23,9,GZMB/TP63/CYCS/IL1A/DFNA5/CHMP2B/CHMP2A/CHMP6/CASP1,up,FALSE
REACTOME_MAP2K_AND_MAPK_ACTIVATION,REACTOME_MAP2K_AND_MAPK_ACTIVATION,Reactome,Treg,SF_vs_PB_Treg,1.31688749,0.403940874,0.11200205,0.320439079,32,16,IQGAP1/RAP1B/KRAS/TLN1/YWHAB/FN1/LAMTOR2/NRAS/LAMTOR3/ACTB/HRAS/SRC/KSR1/ARRB1/ARAF/CNKSR1,up,FALSE
REACTOME_G_PROTEIN_BETA_GAMMA_SIGNALLING,REACTOME_G_PROTEIN_BETA_GAMMA_SIGNALLING,Reactome,Treg,SF_vs_PB_Treg,1.33094862,0.427963019,0.112811381,0.322173044,26,12,GNG4/RHOA/GNG2/GNG5/AKT1/GNB1/PAK1/GNGT2/CDC42/GNG10/PIK3R6/AKT3,up,FALSE
REACTOME_TRP_CHANNELS,REACTOME_TRP_CHANNELS,Reactome,Treg,SF_vs_PB_Treg,1.38687035,0.572704913,0.113382146,0.322672921,10,6,MLKL/RIPK3/TRPM2/TRPV2/TRPC4AP/MCOLN1,up,FALSE
REACTOME_INTERLEUKIN_RECEPTOR_SHC_SIGNALING,REACTOME_INTERLEUKIN_RECEPTOR_SHC_SIGNALING,Reactome,Treg,SF_vs_PB_Treg,1.33937362,0.443961564,0.113393575,0.322672921,23,4,IL2RB/IL2RA/IL2RG/CSF2,up,FALSE
REACTOME_NUCLEAR_RECEPTOR_TRANSCRIPTION_PATHWAY,REACTOME_NUCLEAR_RECEPTOR_TRANSCRIPTION_PATHWAY,Reactome,Treg,SF_vs_PB_Treg,1.3096788,0.396564038,0.113841488,0.322983974,34,8,VDR/NR4A1/NR5A2/RXRA/NR1H2/NRBP1/NCOR2/PPARG,up,FALSE
REACTOME_TOLL_LIKE_RECEPTOR_CASCADES,REACTOME_TOLL_LIKE_RECEPTOR_CASCADES,Reactome,Treg,SF_vs_PB_Treg,1.20983069,0.280263278,0.113910436,0.322983974,152,49,CTSB/MAPKAPK3/DUSP4/MAPK11/USP18/IRAK2/MAPKAPK2/TANK/LY96/N4BP1/FOS/IRF7/UNC93B1/ITGAM/IKBIP/RIPK3/ITGB2/DFNA5/SLC15A4/DUSP3/FADD/NFKBIB/CTSL/MAPK8/TRAF3/USP14/UBE2N/UBC/TIRAP/ELK1/UBB/NFKB2/NFKBIA/TBK1/NKIRAS2/TICAM2/IRF5/SFTPD/PELI3/HSP90B1/TICAM1/PTPN11/IKBKG/OPTN/S100B/SOCS1/DUSP6/PPP2CB/TNIP2,up,FALSE
REACTOME_BIOTIN_TRANSPORT_AND_METABOLISM,REACTOME_BIOTIN_TRANSPORT_AND_METABOLISM,Reactome,Treg,SF_vs_PB_Treg,-1.37181883,-0.540172075,0.114942768,0.325329084,11,3,ACACB/MCCC1/ACACA,down,FALSE
REACTOME_G_PROTEIN_MEDIATED_EVENTS,REACTOME_G_PROTEIN_MEDIATED_EVENTS,Reactome,Treg,SF_vs_PB_Treg,1.30532688,0.395246298,0.116764717,0.329896748,34,9,PRKAR1B/GNA15/PRKAR1A/GNAI3/ADCY3/CAMKK1/ITPR1/ITPR3/PRKCD,up,FALSE
REACTOME_ARMS_MEDIATED_ACTIVATION,REACTOME_ARMS_MEDIATED_ACTIVATION,Reactome,Treg,SF_vs_PB_Treg,1.38759239,0.667016842,0.117278831,0.330215023,6,2,NTRK1/YWHAB,up,FALSE
REACTOME_SUMOYLATION_OF_INTRACELLULAR_RECEPTORS,REACTOME_SUMOYLATION_OF_INTRACELLULAR_RECEPTORS,Reactome,Treg,SF_vs_PB_Treg,1.32771662,0.431078695,0.117546341,0.330215023,25,9,VDR/NR5A2/RXRA/SUMO3/NR1H2/PPARG/SUMO2/PIAS3/UBE2I,up,FALSE
REACTOME_NOTCH4_INTRACELLULAR_DOMAIN_REGULATES_TRANSCRIPTION,REACTOME_NOTCH4_INTRACELLULAR_DOMAIN_REGULATES_TRANSCRIPTION,Reactome,Treg,SF_vs_PB_Treg,1.3574564,0.493093172,0.117559948,0.330215023,16,5,KAT2B/RBPJ/NOTCH1/MAMLD1/NOTCH2,up,FALSE
REACTOME_SIGNALING_BY_ACTIVIN,REACTOME_SIGNALING_BY_ACTIVIN,Reactome,Treg,SF_vs_PB_Treg,-1.36680546,-0.538197994,0.117710718,0.330215023,11,9,ACVR2A/SMAD2/ACVR1B/SMAD4/MAPK3/FST/ACVR2B/TGFBR3/SMAD3,down,FALSE
REACTOME_ANDROGEN_BIOSYNTHESIS,REACTOME_ANDROGEN_BIOSYNTHESIS,Reactome,Treg,SF_vs_PB_Treg,1.38291956,0.700467722,0.118159327,0.330887868,5,4,SRD5A1/CGA/HSD17B12/SRD5A3,up,FALSE
REACTOME_NOTCH1_INTRACELLULAR_DOMAIN_REGULATES_TRANSCRIPTION,REACTOME_NOTCH1_INTRACELLULAR_DOMAIN_REGULATES_TRANSCRIPTION,Reactome,Treg,SF_vs_PB_Treg,1.29040566,0.373085262,0.118385553,0.330936688,42,8,KAT2B/RBPJ/NOTCH1/HDAC9/RBX1/NCOR2/HIF1A/MAMLD1,up,FALSE
REACTOME_RHOF_GTPASE_CYCLE,REACTOME_RHOF_GTPASE_CYCLE,Reactome,Treg,SF_vs_PB_Treg,-1.29272688,-0.373000147,0.119297779,0.332899612,35,8,ARHGAP1/FAM169A/SOWAHC/PIK3R1/ARHGAP32/SLC4A7/ADD3/ACTN1,down,FALSE
REACTOME_APOBEC3G_MEDIATED_RESISTANCE_TO_HIV_1_INFECTION,REACTOME_APOBEC3G_MEDIATED_RESISTANCE_TO_HIV_1_INFECTION,Reactome,Treg,SF_vs_PB_Treg,1.37968101,0.698827352,0.120197922,0.334336579,5,2,APOBEC3G/BANF1,up,FALSE
REACTOME_TRANSPORT_OF_NUCLEOTIDE_SUGARS,REACTOME_TRANSPORT_OF_NUCLEOTIDE_SUGARS,Reactome,Treg,SF_vs_PB_Treg,1.37837095,0.586855204,0.12023597,0.334336579,9,6,SLC35D1/SLC35B2/SLC35C1/SLC35B4/SLC35D2/SLC35A2,up,FALSE
REACTOME_REGULATION_OF_MECP2_EXPRESSION_AND_ACTIVITY,REACTOME_REGULATION_OF_MECP2_EXPRESSION_AND_ACTIVITY,Reactome,Treg,SF_vs_PB_Treg,-1.30390361,-0.396977218,0.120445543,0.334336579,28,10,GPS2/CAMK2G/HDAC1/AGO3/MECP2/CREB1/TNRC6B/CAMK2D/TNRC6C/CAMK4,down,FALSE
REACTOME_GLYCOSPHINGOLIPID_CATABOLISM,REACTOME_GLYCOSPHINGOLIPID_CATABOLISM,Reactome,Treg,SF_vs_PB_Treg,1.31357763,0.414737568,0.121333211,0.336211781,28,7,ARSA/GM2A/HEXB/NEU1/GLA/CTSA/ARSD,up,FALSE
REACTOME_G_BETA_GAMMA_SIGNALLING_THROUGH_CDC42,REACTOME_G_BETA_GAMMA_SIGNALLING_THROUGH_CDC42,Reactome,Treg,SF_vs_PB_Treg,1.35783684,0.511228233,0.122044533,0.337118798,14,8,GNG4/GNG2/GNG5/GNB1/PAK1/GNGT2/CDC42/GNG10,up,FALSE
REACTOME_CYTOSOLIC_TRNA_AMINOACYLATION,REACTOME_CYTOSOLIC_TRNA_AMINOACYLATION,Reactome,Treg,SF_vs_PB_Treg,1.33005036,0.451338646,0.122085924,0.337118798,21,14,DARS/CARS/TARS/MARS/WARS/FARSB/RARS/FARSA/AIMP2/AARS/YARS/PPA1/NARS/HARS,up,FALSE
REACTOME_REGULATION_OF_LOCALIZATION_OF_FOXO_TRANSCRIPTION_FACTORS,REACTOME_REGULATION_OF_LOCALIZATION_OF_FOXO_TRANSCRIPTION_FACTORS,Reactome,Treg,SF_vs_PB_Treg,1.36614469,0.549316318,0.122533829,0.337649992,11,6,YWHAG/YWHAB/YWHAZ/FOXO1/YWHAQ/AKT1,up,FALSE
REACTOME_RAF_INDEPENDENT_MAPK1_3_ACTIVATION,REACTOME_RAF_INDEPENDENT_MAPK1_3_ACTIVATION,Reactome,Treg,SF_vs_PB_Treg,1.33228816,0.457494162,0.12270435,0.337649992,20,7,DUSP16/PEA15/DUSP4/DUSP2/DUSP5/PTPN11/DUSP6,up,FALSE
REACTOME_ATF6_ATF6_ALPHA_ACTIVATES_CHAPERONE_GENES,REACTOME_ATF6_ATF6_ALPHA_ACTIVATES_CHAPERONE_GENES,Reactome,Treg,SF_vs_PB_Treg,1.36862683,0.565171296,0.123852945,0.340219962,10,6,CALR/DDIT3/HSP90B1/HSPA5/NFYC/ATF6,up,FALSE
REACTOME_TRNA_MODIFICATION_IN_THE_NUCLEUS_AND_CYTOSOL,REACTOME_TRNA_MODIFICATION_IN_THE_NUCLEUS_AND_CYTOSOL,Reactome,Treg,SF_vs_PB_Treg,1.27907804,0.368122973,0.125074149,0.342421316,43,10,TRMT6/THADA/TRMT112/THG1L/C9orf64/METTL1/PUS7/ADAT2/FTSJ1/TYW3,up,FALSE
REACTOME_ADP_SIGNALLING_THROUGH_P2Y_PURINOCEPTOR_12,REACTOME_ADP_SIGNALLING_THROUGH_P2Y_PURINOCEPTOR_12,Reactome,Treg,SF_vs_PB_Treg,1.35627476,0.52137578,0.125086399,0.342421316,13,7,GNG4/GNAI3/GNG2/GNG5/GNB1/GNGT2/GNG10,up,FALSE
REACTOME_PROTEIN_UBIQUITINATION,REACTOME_PROTEIN_UBIQUITINATION,Reactome,Treg,SF_vs_PB_Treg,1.2427434,0.3208336,0.126023879,0.343938478,76,26,VIMP/DERL1/HLA-A/UBE2A/RNF181/USP5/UBE2N/UBC/UBB/UBE2Z/PEX2/UBE2E3/UBE2W/VCP/UBE2B/UBE2L3/UBE2K/LEO1/PEX10/HIST1H2BI/UBE2G1/RRAGA/PEX14/UBE2Q2/UBE2T/UBA6,up,FALSE
REACTOME_PROCESSING_AND_ACTIVATION_OF_SUMO,REACTOME_PROCESSING_AND_ACTIVATION_OF_SUMO,Reactome,Treg,SF_vs_PB_Treg,1.36560058,0.563921613,0.126074609,0.343938478,10,4,SUMO3/SUMO2/UBE2I/SAE1,up,FALSE
REACTOME_SIGNALING_BY_CSF3_G_CSF,REACTOME_SIGNALING_BY_CSF3_G_CSF,Reactome,Treg,SF_vs_PB_Treg,1.30227682,0.40786724,0.126902154,0.345601227,29,10,STAT3/KRAS/UBC/UBB/TCEB1/RNF7/TCEB2/PTPN11/SOCS3/SOCS1,up,FALSE
REACTOME_REGULATION_OF_LIPID_METABOLISM_BY_PPARALPHA,REACTOME_REGULATION_OF_LIPID_METABOLISM_BY_PPARALPHA,Reactome,Treg,SF_vs_PB_Treg,1.22222122,0.301205277,0.127381214,0.346310848,100,29,RXRA/NR1H2/NCOR2/SREBF2/PPARG/HELZ2/NCOA3/TIAM2/ACSL1/MED31/HMGCS1/SREBF1/MED7/THRAP3/ABCA1/NCOA1/TXNRD1/TRIB3/FADS1/ACADM/G0S2/PLIN2/MED8/ALAS1/MED20/MED11/HMGCR/ANGPTL4/NCOR1,up,FALSE
REACTOME_P130CAS_LINKAGE_TO_MAPK_SIGNALING_FOR_INTEGRINS,REACTOME_P130CAS_LINKAGE_TO_MAPK_SIGNALING_FOR_INTEGRINS,Reactome,Treg,SF_vs_PB_Treg,1.36735987,0.603127962,0.12815405,0.34781536,8,4,RAP1B/TLN1/FN1/SRC,up,FALSE
REACTOME_TP53_REGULATES_TRANSCRIPTION_OF_ADDITIONAL_CELL_CYCLE_GENES_WHOSE_EXACT_ROLE_IN_THE_P53_PATHWAY_REMAIN_UNCERTAIN,REACTOME_TP53_REGULATES_TRANSCRIPTION_OF_ADDITIONAL_CELL_CYCLE_GENES_WHOSE_EXACT_ROLE_IN_THE_P53_PATHWAY_REMAIN_UNCERTAIN,Reactome,Treg,SF_vs_PB_Treg,-1.31159595,-0.428891634,0.129102611,0.348950397,21,12,CNOT7/RGCC/CNOT10/CNOT4/CNOT6L/CNOT2/CNOT1/BTG2/CNOT3/CNOT8/PLK2/TP53,down,FALSE
REACTOME_CD163_MEDIATING_AN_ANTI_INFLAMMATORY_RESPONSE,REACTOME_CD163_MEDIATING_AN_ANTI_INFLAMMATORY_RESPONSE,Reactome,Treg,SF_vs_PB_Treg,1.36575662,0.602420785,0.129228185,0.348950397,8,2,FURIN/IL10,up,FALSE
REACTOME_EFFECTS_OF_PIP2_HYDROLYSIS,REACTOME_EFFECTS_OF_PIP2_HYDROLYSIS,Reactome,Treg,SF_vs_PB_Treg,-1.31958929,-0.443267002,0.129232734,0.348950397,19,6,PRKCH/DGKA/DGKZ/PRKCQ/DGKD/RASGRP2,down,FALSE
REACTOME_DEUBIQUITINATION,REACTOME_DEUBIQUITINATION,Reactome,Treg,SF_vs_PB_Treg,1.16501153,0.254287564,0.129790132,0.349387504,246,60,KAT2B/JOSD2/PSMD1/RHOA/VDAC1/USP18/PSMB5/HIF1A/STAMBP/PSMD14/PSMC1/PSMB6/PSMC2/PSMB1/DDB2/TNIP3/PSMA7/PSMD8/TRIM25/BRE/PSMD7/JOSD1/ADRM1/RAD23A/PSMB3/PSMD11/PSMA6/USP5/PSMD12/UFD1L/FOXK2/PTRH2/PSMC3/TRAF3/USP14/PSMA3/UBC/UBB/PSMC4/NFKBIA/INO80C/PSMB7/ADRB2/KEAP1/VCP/PSMD13/TGFBR1/OTUD5/ACTL6A/PSMB2/TFPT/PSMD3/USP12/MUL1/STAMBPL1/TADA3/IKBKG/TNIP2/ACTB/PSMA5,up,FALSE
REACTOME_ACTIVATION_OF_NOXA_AND_TRANSLOCATION_TO_MITOCHONDRIA,REACTOME_ACTIVATION_OF_NOXA_AND_TRANSLOCATION_TO_MITOCHONDRIA,Reactome,Treg,SF_vs_PB_Treg,-1.3499013500000001,-0.681945556,0.129835482,0.349387504,5,2,TFDP2/TP53,down,FALSE
REACTOME_MRNA_DECAY_BY_3_TO_5_EXORIBONUCLEASE,REACTOME_MRNA_DECAY_BY_3_TO_5_EXORIBONUCLEASE,Reactome,Treg,SF_vs_PB_Treg,1.33647777,0.485472728,0.130755064,0.35070896,16,4,EXOSC4/EXOSC7/NT5C3B/DCPS,up,FALSE
REACTOME_GAP_JUNCTION_DEGRADATION,REACTOME_GAP_JUNCTION_DEGRADATION,Reactome,Treg,SF_vs_PB_Treg,1.35702143,0.560378873,0.130769082,0.35070896,10,5,CLTC/ACTB/DAB2/MYO6/CLTA,up,FALSE
REACTOME_DISEASES_ASSOCIATED_WITH_O_GLYCOSYLATION_OF_PROTEINS,REACTOME_DISEASES_ASSOCIATED_WITH_O_GLYCOSYLATION_OF_PROTEINS,Reactome,Treg,SF_vs_PB_Treg,1.30680774,0.424290066,0.131095064,0.350989319,25,10,NOTCH1/C1GALT1C1/MUC12/MUC1/NOTCH2/DAG1/C1GALT1/B3GALTL/LFNG/POMGNT1,up,FALSE
REACTOME_NOTCH2_ACTIVATION_AND_TRANSMISSION_OF_SIGNAL_TO_THE_NUCLEUS,REACTOME_NOTCH2_ACTIVATION_AND_TRANSMISSION_OF_SIGNAL_TO_THE_NUCLEUS,Reactome,Treg,SF_vs_PB_Treg,1.32705411,0.467427867,0.131508817,0.35150333,18,10,JAG2/PSEN2/NOTCH2/UBC/UBB/PSEN1/MIB1/PSENEN/NCSTN/APH1B,up,FALSE
REACTOME_RAC2_GTPASE_CYCLE,REACTOME_RAC2_GTPASE_CYCLE,Reactome,Treg,SF_vs_PB_Treg,1.23843616,0.321695538,0.132293623,0.35300571,73,25,IQGAP1/MCAM/CYFIP1/CYBA/NHS/ARHGDIA/CDC42EP1/PAK2/VANGL1/NCF4/LMAN1/DOCK2/DOCK10/VAV2/VAMP3/EMD/LAMTOR1/PAK1/ABR/RAB7A/ABI1/PLD2/RACGAP1/NCF1/CDC42,up,FALSE
REACTOME_SARS_COV_1_TARGETS_HOST_INTRACELLULAR_SIGNALLING_AND_REGULATORY_PATHWAYS,REACTOME_SARS_COV_1_TARGETS_HOST_INTRACELLULAR_SIGNALLING_AND_REGULATORY_PATHWAYS,Reactome,Treg,SF_vs_PB_Treg,1.33518821,0.493391998,0.13321387,0.35486384,15,7,YWHAG/YWHAH/YWHAB/SERPINE1/YWHAZ/UBE2I/YWHAQ,up,FALSE
REACTOME_REGULATION_OF_CDH11_MRNA_TRANSLATION_BY_MICRORNAS,REACTOME_REGULATION_OF_CDH11_MRNA_TRANSLATION_BY_MICRORNAS,Reactome,Treg,SF_vs_PB_Treg,-1.35080904,-0.58651382,0.134124349,0.356092284,8,3,AGO3/TNRC6B/TNRC6C,down,FALSE
REACTOME_REGULATION_OF_NPAS4_MRNA_TRANSLATION,REACTOME_REGULATION_OF_NPAS4_MRNA_TRANSLATION,Reactome,Treg,SF_vs_PB_Treg,-1.35080904,-0.58651382,0.134124349,0.356092284,8,3,AGO3/TNRC6B/TNRC6C,down,FALSE
REACTOME_REGULATION_OF_KIT_SIGNALING,REACTOME_REGULATION_OF_KIT_SIGNALING,Reactome,Treg,SF_vs_PB_Treg,-1.33318985,-0.498584471,0.13604491,0.360587262,13,3,SOS1/PRKCA/PTPN6,down,FALSE
REACTOME_REGULATION_OF_RUNX1_EXPRESSION_AND_ACTIVITY,REACTOME_REGULATION_OF_RUNX1_EXPRESSION_AND_ACTIVITY,Reactome,Treg,SF_vs_PB_Treg,1.31889731,0.471709758,0.137985966,0.365121463,17,3,CDK6/CBFB/CCND2,up,FALSE
REACTOME_SIGNAL_ATTENUATION,REACTOME_SIGNAL_ATTENUATION,Reactome,Treg,SF_vs_PB_Treg,-1.34508384,-0.609322222,0.13888719,0.36689366,7,3,IRS1/MAPK3/SOS1,down,FALSE
REACTOME_HEPARAN_SULFATE_HEPARIN_HS_GAG_METABOLISM,REACTOME_HEPARAN_SULFATE_HEPARIN_HS_GAG_METABOLISM,Reactome,Treg,SF_vs_PB_Treg,1.30063625,0.435818604,0.139436936,0.367733018,22,9,SDC4/IDS/CTSL/HGSNAT/GPC1/HS3ST1/SLC35D2/EXTL3/HPSE,up,FALSE
REACTOME_PLATELET_HOMEOSTASIS,REACTOME_PLATELET_HOMEOSTASIS,Reactome,Treg,SF_vs_PB_Treg,1.24692357,0.343557954,0.139759592,0.367971682,53,20,SRI/ORAI2/GNG4/STIM1/LRP8/ATP2B4/NOS3/GNG2/GNG5/ITPR1/ITPR3/ATP2A2/PTPN11/GNB1/CALM1/PPP2CB/PPP2R1A/GNGT2/PPP2R1B/GNG10,up,FALSE
REACTOME_THROMBOXANE_SIGNALLING_THROUGH_TP_RECEPTOR,REACTOME_THROMBOXANE_SIGNALLING_THROUGH_TP_RECEPTOR,Reactome,Treg,SF_vs_PB_Treg,1.3249537,0.489610042,0.140152887,0.368395234,15,8,GNA15/GNG4/GNG2/GNG5/GNB1/GNGT2/GNA13/GNG10,up,FALSE
REACTOME_ERBB2_REGULATES_CELL_MOTILITY,REACTOME_ERBB2_REGULATES_CELL_MOTILITY,Reactome,Treg,SF_vs_PB_Treg,1.35037817,0.649127934,0.141350711,0.37004179,6,5,RHOA/HBEGF/DIAPH1/ERBB3/MEMO1,up,FALSE
REACTOME_ION_TRANSPORT_BY_P_TYPE_ATPASES,REACTOME_ION_TRANSPORT_BY_P_TYPE_ATPASES,Reactome,Treg,SF_vs_PB_Treg,1.26822816,0.379009793,0.141534993,0.37004179,36,5,ATP1B1/SRI/ATP1B3/ATP8B4/ATP2B4,up,FALSE
REACTOME_FORMATION_OF_ATP_BY_CHEMIOSMOTIC_COUPLING,REACTOME_FORMATION_OF_ATP_BY_CHEMIOSMOTIC_COUPLING,Reactome,Treg,SF_vs_PB_Treg,1.30347973,0.447601643,0.141878669,0.37004179,20,5,ATP5G1/USMG5/ATP5J/ATP5G3/ATP5E,up,FALSE
REACTOME_G_PROTEIN_ACTIVATION,REACTOME_G_PROTEIN_ACTIVATION,Reactome,Treg,SF_vs_PB_Treg,1.32557135,0.499080213,0.142034586,0.37004179,14,4,GNA15/GNG4/GNG2/GNG5,up,FALSE
REACTOME_ENDOSOMAL_SORTING_COMPLEX_REQUIRED_FOR_TRANSPORT_ESCRT,REACTOME_ENDOSOMAL_SORTING_COMPLEX_REQUIRED_FOR_TRANSPORT_ESCRT,Reactome,Treg,SF_vs_PB_Treg,1.27984604,0.400842022,0.142119385,0.37004179,29,10,CHMP5/VPS37C/TSG101/VPS25/CHMP2B/CHMP2A/CHMP6/UBC/UBB/VPS37B,up,FALSE
REACTOME_REACTIONS_SPECIFIC_TO_THE_COMPLEX_N_GLYCAN_SYNTHESIS_PATHWAY,REACTOME_REACTIONS_SPECIFIC_TO_THE_COMPLEX_N_GLYCAN_SYNTHESIS_PATHWAY,Reactome,Treg,SF_vs_PB_Treg,1.34915696,0.648540899,0.142180095,0.37004179,6,5,FUT8/MAN2A2/FUCA1/CGA/MGAT2,up,FALSE
REACTOME_SYNAPTIC_ADHESION_LIKE_MOLECULES,REACTOME_SYNAPTIC_ADHESION_LIKE_MOLECULES,Reactome,Treg,SF_vs_PB_Treg,1.34145004,0.571135756,0.143056741,0.371713009,9,5,FLOT1/RTN3/DLG4/LRFN4/DLG3,up,FALSE
REACTOME_G_BETA_GAMMA_SIGNALLING_THROUGH_PI3KGAMMA,REACTOME_G_BETA_GAMMA_SIGNALLING_THROUGH_PI3KGAMMA,Reactome,Treg,SF_vs_PB_Treg,1.30444843,0.453479539,0.14338797,0.371830825,19,10,GNG4/RHOA/GNG2/GNG5/AKT1/GNB1/GNGT2/GNG10/PIK3R6/AKT3,up,FALSE
REACTOME_SENSORY_PROCESSING_OF_SOUND_BY_OUTER_HAIR_CELLS_OF_THE_COCHLEA,REACTOME_SENSORY_PROCESSING_OF_SOUND_BY_OUTER_HAIR_CELLS_OF_THE_COCHLEA,Reactome,Treg,SF_vs_PB_Treg,1.27780585,0.400203044,0.143571271,0.371830825,29,8,MYO7A/MYO1C/DFNB31/MPP1/EZR/GSN/RDX/EPS8L2,up,FALSE
REACTOME_MECHANICAL_LOAD_ACTIVATES_SIGNALING_BY_PIEZO1_AND_INTEGRINS_IN_OSTEOCYTES,REACTOME_MECHANICAL_LOAD_ACTIVATES_SIGNALING_BY_PIEZO1_AND_INTEGRINS_IN_OSTEOCYTES,Reactome,Treg,SF_vs_PB_Treg,1.32952033,0.521564805,0.143833513,0.371902312,12,8,CACNB2/CACNB3/AKT1/PANX1/ITGAV/CACNB1/SPP1/ITGB1,up,FALSE
REACTOME_ACTIVATION_OF_NMDA_RECEPTORS_AND_POSTSYNAPTIC_EVENTS,REACTOME_ACTIVATION_OF_NMDA_RECEPTORS_AND_POSTSYNAPTIC_EVENTS,Reactome,Treg,SF_vs_PB_Treg,1.24021093,0.343024483,0.145530736,0.375677878,52,22,PRKAR1B/PRKAR1A/TUBB2A/TUBB6/CAMK1/TUBA1C/KRAS/TUBA1A/CAMKK1/PRKAB1/NRAS/DLG4/CALM1/HRAS/TUBB4B/DLG3/SRC/PRKACA/KPNA2/TUBA4A/RASGRF2/TUBA1B,up,FALSE
REACTOME_NRAGE_SIGNALS_DEATH_THROUGH_JNK,REACTOME_NRAGE_SIGNALS_DEATH_THROUGH_JNK,Reactome,Treg,SF_vs_PB_Treg,-1.22779375,-0.326265952,0.146260603,0.376534874,51,10,SOS1/ARHGEF1/KALRN/BCL2L11/ARHGEF11/ARHGEF3/ARHGEF18/TRIO/TIAM1/FGD3,down,FALSE
REACTOME_MISCELLANEOUS_TRANSPORT_AND_BINDING_EVENTS,REACTOME_MISCELLANEOUS_TRANSPORT_AND_BINDING_EVENTS,Reactome,Treg,SF_vs_PB_Treg,-1.29509294,-0.435038364,0.146365861,0.376534874,19,5,LRRC8A/ANKH/LRRC8D/NIPAL3/ADD3,down,FALSE
REACTOME_ACTIVATED_PKN1_STIMULATES_TRANSCRIPTION_OF_AR_ANDROGEN_RECEPTOR_REGULATED_GENES_KLK2_AND_KLK3,REACTOME_ACTIVATED_PKN1_STIMULATES_TRANSCRIPTION_OF_AR_ANDROGEN_RECEPTOR_REGULATED_GENES_KLK2_AND_KLK3,Reactome,Treg,SF_vs_PB_Treg,-1.22575508,-0.324397579,0.146575405,0.376534874,52,25,HIST1H2AE/NCOA2/HIST1H3H/H3F3A/H2AFV/HIST1H2BJ/HIST1H2BO/HIST3H2BB/H2AFJ/HIST1H4J/HIST2H2BE/HIST1H2BC/HIST1H2BK/HIST1H2BL/KDM1A/HIST1H4A/HIST1H4F/HIST1H4E/AR/HIST1H2BG/HIST1H2BN/HIST1H3A/KDM4C/HIST4H4/HIST1H2AC,down,FALSE
REACTOME_TP53_REGULATES_TRANSCRIPTION_OF_GENES_INVOLVED_IN_G1_CELL_CYCLE_ARREST,REACTOME_TP53_REGULATES_TRANSCRIPTION_OF_GENES_INVOLVED_IN_G1_CELL_CYCLE_ARREST,Reactome,Treg,SF_vs_PB_Treg,1.31770391,0.496118105,0.147256867,0.377506257,14,1,CDKN1A,up,FALSE
REACTOME_TRYPTOPHAN_CATABOLISM,REACTOME_TRYPTOPHAN_CATABOLISM,Reactome,Treg,SF_vs_PB_Treg,1.3372288,0.589837466,0.147429888,0.377506257,8,4,SLC3A2/SLC7A5/CCBL2/SLC36A4,up,FALSE
REACTOME_SUMO_IS_TRANSFERRED_FROM_E1_TO_E2_UBE2I_UBC9,REACTOME_SUMO_IS_TRANSFERRED_FROM_E1_TO_E2_UBE2I_UBC9,Reactome,Treg,SF_vs_PB_Treg,1.3402393,0.614824749,0.14826808,0.379040171,7,4,SUMO3/SUMO2/UBE2I/SAE1,up,FALSE
REACTOME_RHO_GTPASES_ACTIVATE_PKNS,REACTOME_RHO_GTPASES_ACTIVATE_PKNS,Reactome,Treg,SF_vs_PB_Treg,1.21388971,0.313384571,0.149191309,0.380786192,76,12,RHOB/MYL6/H3F3B/MYL12B/YWHAG/RHOC/RHOA/PPP1CB/YWHAH/YWHAB/YWHAZ/YWHAQ,up,FALSE
REACTOME_REGULATION_BY_C_FLIP,REACTOME_REGULATION_BY_C_FLIP,Reactome,Treg,SF_vs_PB_Treg,1.32390005,0.532330073,0.149519758,0.38101096,11,5,FASLG/FADD/FAS/CFLAR/TRAF2,up,FALSE
REACTOME_SIGNALING_BY_NOTCH1,REACTOME_SIGNALING_BY_NOTCH1,Reactome,Treg,SF_vs_PB_Treg,1.22769349,0.3305503,0.149909237,0.381390273,60,13,KAT2B/RBPJ/NOTCH1/HDAC9/RBX1/NCOR2/HIF1A/JAG2/MAMLD1/PSEN2/UBC/UBB/PSEN1,up,FALSE
REACTOME_DNA_REPLICATION,REACTOME_DNA_REPLICATION,Reactome,Treg,SF_vs_PB_Treg,1.16774903,0.2669078,0.150468952,0.381893253,169,32,H3F3B/PSMD1/RBX1/PSMB5/PSMD14/PSMC1/PSMB6/PSMC2/PSMB1/MGME1/PSMA7/PSMD8/PSMD7/ADRM1/PSMB3/PSMD11/PSMA6/PSMD12/PSMC3/PSMA3/UBC/UBB/PSMC4/PSMB7/PSMD13/CDC27/PSMB2/PSMD3/RFC2/SSBP1/PSMA5/ANAPC11,up,FALSE
REACTOME_RHOQ_GTPASE_CYCLE,REACTOME_RHOQ_GTPASE_CYCLE,Reactome,Treg,SF_vs_PB_Treg,1.23908692,0.346692716,0.150992741,0.381893253,49,15,IQGAP1/SLC1A5/STOM/TRIP10/CDC42EP1/PAK2/VANGL1/ARL13B/VAMP3/LAMTOR1/PAK1/SNAP23/RAB7A/CDC42/IQGAP3,up,FALSE
REACTOME_METAL_ION_SLC_TRANSPORTERS,REACTOME_METAL_ION_SLC_TRANSPORTERS,Reactome,Treg,SF_vs_PB_Treg,1.27083099,0.404842967,0.151015885,0.381893253,27,11,SLC39A1/SLC41A2/SRI/SLC39A4/SLC39A6/SLC39A8/SLC11A2/SLC41A1/CALM1/SLC39A14/SLC30A1,up,FALSE
REACTOME_SIGNALING_BY_FLT3_FUSION_PROTEINS,REACTOME_SIGNALING_BY_FLT3_FUSION_PROTEINS,Reactome,Treg,SF_vs_PB_Treg,1.2973634,0.456969917,0.151070706,0.381893253,18,8,CDKN1A/PIM1/KRAS/GOLGB1/NRAS/HRAS/ETV6/MYO18A,up,FALSE
REACTOME_G0_AND_EARLY_G1,REACTOME_G0_AND_EARLY_G1,Reactome,Treg,SF_vs_PB_Treg,-1.2627136,-0.387696873,0.151497972,0.382363513,27,9,LIN9/RBL1/HDAC1/LIN52/DYRK1A/TFDP2/RBL2/MAX/MYC,down,FALSE
REACTOME_SLC15A4_TASL_DEPENDENT_IRF5_ACTIVATION,REACTOME_SLC15A4_TASL_DEPENDENT_IRF5_ACTIVATION,Reactome,Treg,SF_vs_PB_Treg,1.33490465,0.641689798,0.152705371,0.384460533,6,3,SLC15A4/IRF5/IKBKG,up,FALSE
REACTOME_SYNTHESIS_OF_PA,REACTOME_SYNTHESIS_OF_PA,Reactome,Treg,SF_vs_PB_Treg,1.27610902,0.414322909,0.152813966,0.384460533,25,11,AGPAT9/AGPAT2/AGPAT4/LPCAT4/AGPAT6/ACP6/DDHD2/PLD2/GPAT2/AGPAT3/LPCAT1,up,FALSE
REACTOME_SMAD2_SMAD3_SMAD4_HETEROTRIMER_REGULATES_TRANSCRIPTION,REACTOME_SMAD2_SMAD3_SMAD4_HETEROTRIMER_REGULATES_TRANSCRIPTION,Reactome,Treg,SF_vs_PB_Treg,-1.24529388,-0.359313948,0.153211863,0.384850718,35,16,CCNC/RBL1/CCNK/MEN1/HDAC1/SMAD4/CDK8/MAPK3/YBX1/CCNT1/RPS27A/TFDP2/RNF111/UBA52/MYC/SMAD3,down,FALSE
REACTOME_NR1H2_NR1H3_REGULATE_GENE_EXPRESSION_TO_CONTROL_BILE_ACID_HOMEOSTASIS,REACTOME_NR1H2_NR1H3_REGULATE_GENE_EXPRESSION_TO_CONTROL_BILE_ACID_HOMEOSTASIS,Reactome,Treg,SF_vs_PB_Treg,1.32973152,0.61000438,0.155568639,0.388457233,7,5,RXRA/NR1H2/NCOR2/NCOA1/NCOR1,up,FALSE
REACTOME_NCAM1_INTERACTIONS,REACTOME_NCAM1_INTERACTIONS,Reactome,Treg,SF_vs_PB_Treg,1.30013104,0.472269858,0.155569478,0.388457233,16,6,COL9A2/PRNP/COL5A1/CACNB2/NCAM1/CACNB3,up,FALSE
REACTOME_ADIPOGENESIS,REACTOME_ADIPOGENESIS,Reactome,Treg,SF_vs_PB_Treg,1.2011719,0.302706592,0.155648966,0.388457233,87,19,TNF/RXRA/NCOR2/SREBF2/PPARG/HELZ2/NCOA3/MED31/SREBF1/MED7/THRAP3/EGR2/NCOA1/KLF4/MED8/MED20/MED11/ANGPTL4/NCOR1,up,FALSE
REACTOME_PTK6_REGULATES_RHO_GTPASES_RAS_GTPASE_AND_MAP_KINASES,REACTOME_PTK6_REGULATES_RHO_GTPASES_RAS_GTPASE_AND_MAP_KINASES,Reactome,Treg,SF_vs_PB_Treg,1.31226994,0.514797553,0.155909231,0.388457233,12,5,RHOA/KRAS/PTK6/NRAS/HRAS,up,FALSE
REACTOME_POST_TRANSCRIPTIONAL_SILENCING_BY_SMALL_RNAS,REACTOME_POST_TRANSCRIPTIONAL_SILENCING_BY_SMALL_RNAS,Reactome,Treg,SF_vs_PB_Treg,-1.32004958,-0.597981714,0.156115563,0.388457233,7,3,AGO3/TNRC6B/TNRC6C,down,FALSE
REACTOME_INTERLEUKIN_1_PROCESSING,REACTOME_INTERLEUKIN_1_PROCESSING,Reactome,Treg,SF_vs_PB_Treg,1.32842535,0.609405184,0.156118143,0.388457233,7,5,IL1A/NFKB2/CASP1/GSDMD/IL18,up,FALSE
REACTOME_RAP1_SIGNALLING,REACTOME_RAP1_SIGNALLING,Reactome,Treg,SF_vs_PB_Treg,-1.3069043,-0.514611109,0.156774194,0.389478208,11,3,PRKACB/RAP1GAP2/RASGRP2,down,FALSE
REACTOME_MITOCHONDRIAL_RNA_DEGRADATION,REACTOME_MITOCHONDRIAL_RNA_DEGRADATION,Reactome,Treg,SF_vs_PB_Treg,1.31316776,0.542269599,0.15843363,0.392562041,10,3,REXO2/SLIRP/PNPT1,up,FALSE
REACTOME_GAMMA_CARBOXYLATION_HYPUSINYLATION_HYDROXYLATION_AND_ARYLSULFATASE_ACTIVATION,REACTOME_GAMMA_CARBOXYLATION_HYPUSINYLATION_HYDROXYLATION_AND_ARYLSULFATASE_ACTIVATION,Reactome,Treg,SF_vs_PB_Treg,-1.21837959,-0.32948009,0.158510856,0.392562041,47,10,KDM8/ARSG/RPL8/GAS6/RPL27A/ASPH/RPS23/RPS6/EEF2/DPH5,down,FALSE
REACTOME_ADP_SIGNALLING_THROUGH_P2Y_PURINOCEPTOR_1,REACTOME_ADP_SIGNALLING_THROUGH_P2Y_PURINOCEPTOR_1,Reactome,Treg,SF_vs_PB_Treg,1.29376687,0.478085572,0.161008064,0.397898545,15,8,GNA15/GNG4/GNG2/GNG5/GNB1/SRC/GNGT2/GNG10,up,FALSE
REACTOME_YAP1_AND_WWTR1_TAZ_STIMULATED_GENE_EXPRESSION,REACTOME_YAP1_AND_WWTR1_TAZ_STIMULATED_GENE_EXPRESSION,Reactome,Treg,SF_vs_PB_Treg,1.32502916,0.67114544,0.161167739,0.397898545,5,1,KAT2B,up,FALSE
REACTOME_BILE_ACID_AND_BILE_SALT_METABOLISM,REACTOME_BILE_ACID_AND_BILE_SALT_METABOLISM,Reactome,Treg,SF_vs_PB_Treg,1.27176852,0.431561315,0.161835703,0.398926267,21,4,HSD3B7/CYP7B1/SLC27A2/RXRA,up,FALSE
REACTOME_REGULATION_OF_TBK1_IKK_MEDIATED_ACTIVATION_OF_IRF3_IRF7_UPON_TLR3_LIGATION,REACTOME_REGULATION_OF_TBK1_IKK_MEDIATED_ACTIVATION_OF_IRF3_IRF7_UPON_TLR3_LIGATION,Reactome,Treg,SF_vs_PB_Treg,1.30544562,0.524909688,0.162454526,0.399413618,11,7,TANK/TRAF3/UBC/UBB/TBK1/TICAM1/OPTN,up,FALSE
REACTOME_MITOCHONDRIAL_BIOGENESIS,REACTOME_MITOCHONDRIAL_BIOGENESIS,Reactome,Treg,SF_vs_PB_Treg,1.19168576,0.298299782,0.162537403,0.399413618,91,30,RXRA/C19orf70/MAPK11/GABPB1/CYCS/HELZ2/ATP5G1/HSPA9/APOO/USMG5/PRKAB1/MTX2/NCOA1/ATP5J/ATP5G3/ALAS1/ACSS2/ATP5E/MEF2D/SSBP1/CALM1/NCOR1/GLUD2/IMMT/CHCHD6/SAMM50/GLUD1/IDH2/ATP5J2/TBL1X,up,FALSE
REACTOME_DNA_DAMAGE_BYPASS,REACTOME_DNA_DAMAGE_BYPASS,Reactome,Treg,SF_vs_PB_Treg,1.22618332,0.346272428,0.162974089,0.399519862,47,20,MAD2L2/ISG15/RBX1/TRIM25/UFD1L/UBC/UBB/VCP/UBE2B/RFC2/POLD3/POLK/RPA3/UBE2L6/RCHY1/PCNA/DDB1/POLD2/NPLOC4/POLE2,up,FALSE
REACTOME_CILIUM_ASSEMBLY,REACTOME_CILIUM_ASSEMBLY,Reactome,Treg,SF_vs_PB_Treg,1.1553924,0.261973585,0.163084764,0.399519862,179,62,TUBB2A/ARL3/BBS12/YWHAG/HSPB11/TUBB6/DYNLL1/ARF4/RAB11A/DCTN2/AHI1/DYNLRB1/DYNC1I2/TUBA1C/MAPRE1/ACTR1A/TUBA1A/CCDC41/KIF3C/WDR35/TMEM67/KIF3A/IFT27/DYNC1H1/B9D2/ARL13B/SSNA1/BBS7/TMEM216/WDR60/TUBB4B/PAFAH1B1/TTC26/EXOC5/RABL5/PPP2R1A/RP2/MKKS/NINL/TUBG1/RAB3IP/IFT122/TUBB/PRKACA/CLASP1/GBF1/TUBA4A/IFT46/TUBA1B/HSP90AA1/ARL6/TCP1/IFT81/BBS4/TCTN2/DYNC2H1/CSNK1D/IFT43/YWHAE/RAB8A/CENPJ/SEPT2,up,FALSE
REACTOME_RAC3_GTPASE_CYCLE,REACTOME_RAC3_GTPASE_CYCLE,Reactome,Treg,SF_vs_PB_Treg,1.19925804,0.310162599,0.164868709,0.403266826,75,29,MCAM/CYFIP1/IL32/SLC1A5/CYBA/NHS/CDC42EP1/PAK2/VANGL1/NCF4/LMAN1/RAC3/DOCK10/ARAP2/VAV2/VAMP3/RAPGEF1/EMD/LAMTOR1/PAK1/SNAP23/ABR/RAB7A/ABI1/RACGAP1/NCF1/CDC42/BRK1/AMIGO2,up,FALSE
REACTOME_BETA_OXIDATION_OF_DECANOYL_COA_TO_OCTANOYL_COA_COA,REACTOME_BETA_OXIDATION_OF_DECANOYL_COA_TO_OCTANOYL_COA_COA,Reactome,Treg,SF_vs_PB_Treg,1.3171827,0.633170844,0.165936019,0.404896595,6,3,ECHS1/ACADM/HADHB,up,FALSE
REACTOME_CYTOCHROME_C_MEDIATED_APOPTOTIC_RESPONSE,REACTOME_CYTOCHROME_C_MEDIATED_APOPTOTIC_RESPONSE,Reactome,Treg,SF_vs_PB_Treg,1.29714352,0.50886353,0.166045922,0.404896595,12,6,CYCS/CASP9/CASP7/DIABLO/APAF1/CASP3,up,FALSE
REACTOME_BETA_OXIDATION_OF_OCTANOYL_COA_TO_HEXANOYL_COA,REACTOME_BETA_OXIDATION_OF_OCTANOYL_COA_TO_HEXANOYL_COA,Reactome,Treg,SF_vs_PB_Treg,1.31861006,0.667894077,0.166491836,0.405360307,5,3,ECHS1/ACADM/HADHB,up,FALSE
REACTOME_TRANSCRIPTIONAL_REGULATION_BY_VENTX,REACTOME_TRANSCRIPTIONAL_REGULATION_BY_VENTX,Reactome,Treg,SF_vs_PB_Treg,-1.22827232,-0.349688872,0.166788913,0.405460779,37,7,UBE2E1/ANAPC5/EHMT2/TNRC6B/TNRC6C/TP53/LEF1,down,FALSE
REACTOME_SYNTHESIS_OF_PIPS_AT_THE_EARLY_ENDOSOME_MEMBRANE,REACTOME_SYNTHESIS_OF_PIPS_AT_THE_EARLY_ENDOSOME_MEMBRANE,Reactome,Treg,SF_vs_PB_Treg,-1.27264229,-0.448738845,0.167687822,0.407021743,16,6,PIK3C3/VAC14/MTMR10/INPP4B/MTMR4/INPP4A,down,FALSE
REACTOME_FORMATION_OF_INCISION_COMPLEX_IN_GG_NER,REACTOME_FORMATION_OF_INCISION_COMPLEX_IN_GG_NER,Reactome,Treg,SF_vs_PB_Treg,1.22202397,0.35170262,0.170983804,0.413795679,43,11,ERCC1/SUMO3/RBX1/DDB2/SUMO2/RAD23A/PIAS3/UBE2I/UBE2N/UBC/UBB,up,FALSE
REACTOME_GAP_JUNCTION_ASSEMBLY,REACTOME_GAP_JUNCTION_ASSEMBLY,Reactome,Treg,SF_vs_PB_Treg,1.29933127,0.553203271,0.171155787,0.413795679,9,7,TUBB2A/TUBB6/TUBA1C/TUBA1A/TUBB4B/TUBA4A/TUBA1B,up,FALSE
REACTOME_TICAM1_DEPENDENT_ACTIVATION_OF_IRF3_IRF7,REACTOME_TICAM1_DEPENDENT_ACTIVATION_OF_IRF3_IRF7,Reactome,Treg,SF_vs_PB_Treg,1.28702961,0.494756732,0.171261808,0.413795679,13,8,TANK/IRF7/TRAF3/UBC/UBB/TBK1/TICAM1/OPTN,up,FALSE
REACTOME_CO_INHIBITION_BY_CTLA4,REACTOME_CO_INHIBITION_BY_CTLA4,Reactome,Treg,SF_vs_PB_Treg,1.25832894,0.427000732,0.172299138,0.415668392,21,9,CD80/CTLA4/YES1/AKT1/PTPN11/PPP2CB/PPP2R1A/SRC/PPP2R1B,up,FALSE
REACTOME_ZYGOTIC_GENOME_ACTIVATION_ZGA,REACTOME_ZYGOTIC_GENOME_ACTIVATION_ZGA,Reactome,Treg,SF_vs_PB_Treg,-1.29404515,-0.653728025,0.173390194,0.417664828,5,3,CREBBP/ZCCHC11/TP53,down,FALSE
REACTOME_G_ALPHA_12_13_SIGNALLING_EVENTS,REACTOME_G_ALPHA_12_13_SIGNALLING_EVENTS,Reactome,Treg,SF_vs_PB_Treg,1.1967645,0.318608126,0.173799372,0.418015181,64,26,RHOB/GNG4/RHOC/RHOA/PLEKHG2/PLXNB1/GNG2/ARHGEF12/TIAM2/GNG5/FGD1/ARHGEF5/AKAP13/FGD2/VAV2/GNA12/GNB1/ARHGEF35/ABR/ROCK1/SOS2/ARHGEF40/GNGT2/GNA13/RASGRF2/GNG10,up,FALSE
REACTOME_HDACS_DEACETYLATE_HISTONES,REACTOME_HDACS_DEACETYLATE_HISTONES,Reactome,Treg,SF_vs_PB_Treg,-1.16823952,-0.281997649,0.174065421,0.418020745,83,30,HIST1H2BJ/MTA2/HIST1H2BO/HIST3H2BB/GATAD2B/HIST1H4J/HIST2H2BF/HIST2H2BE/CHD3/MTA3/HIST1H2BC/HIST1H2BK/GPS2/HIST1H2BL/HDAC1/KDM1A/HIST3H2A/HIST1H4A/ARID4B/HIST1H4F/HIST1H4E/REST/PHF21A/HIST1H2BG/HIST1H2BN/HIST1H2AK/HIST1H3A/SAP30L/HIST4H4/HIST1H2AC,down,FALSE
REACTOME_ACTIVATION_OF_KAINATE_RECEPTORS_UPON_GLUTAMATE_BINDING,REACTOME_ACTIVATION_OF_KAINATE_RECEPTORS_UPON_GLUTAMATE_BINDING,Reactome,Treg,SF_vs_PB_Treg,1.25933443,0.437796072,0.175811532,0.420660697,19,9,GNG4/GNG2/GNG5/DLG4/GNB1/CALM1/DLG3/GNGT2/GNG10,up,FALSE
REACTOME_ASPARTATE_AND_ASPARAGINE_METABOLISM,REACTOME_ASPARTATE_AND_ASPARAGINE_METABOLISM,Reactome,Treg,SF_vs_PB_Treg,1.30356905,0.626626751,0.176066351,0.420660697,6,5,SLC25A12/GOT1/ADC/ASNS/GOT2,up,FALSE
REACTOME_ABC_TRANSPORTERS_IN_LIPID_HOMEOSTASIS,REACTOME_ABC_TRANSPORTERS_IN_LIPID_HOMEOSTASIS,Reactome,Treg,SF_vs_PB_Treg,-1.27837247,-0.503376317,0.176316337,0.420660697,11,3,APOA1/ABCA7/ABCD2,down,FALSE
REACTOME_RIPK1_MEDIATED_REGULATED_NECROSIS,REACTOME_RIPK1_MEDIATED_REGULATED_NECROSIS,Reactome,Treg,SF_vs_PB_Treg,1.22960223,0.377167073,0.176460896,0.420660697,32,12,FLOT1/FASLG/MLKL/CDC37/RIPK3/FADD/UBC/UBB/FAS/UBE2L3/CFLAR/TRAF2,up,FALSE
REACTOME_APOPTOTIC_FACTOR_MEDIATED_RESPONSE,REACTOME_APOPTOTIC_FACTOR_MEDIATED_RESPONSE,Reactome,Treg,SF_vs_PB_Treg,1.26285273,0.444814236,0.176491712,0.420660697,18,8,CYCS/CASP9/DFNA5/CASP7/DIABLO/APAF1/GSDMD/CASP3,up,FALSE
REACTOME_RESOLUTION_OF_ABASIC_SITES_AP_SITES,REACTOME_RESOLUTION_OF_ABASIC_SITES_AP_SITES,Reactome,Treg,SF_vs_PB_Treg,1.22197635,0.361266397,0.17716514,0.421631752,38,22,ADPRHL2/NEIL1/RFC2/TDG/OGG1/UNG/POLD3/SMUG1/PNKP/RPA3/LIG3/NEIL2/PCNA/POLD2/PARP2/MPG/POLE2/FEN1/POLE/POLE4/MBD4/RFC4,up,FALSE
REACTOME_INTEGRIN_CELL_SURFACE_INTERACTIONS,REACTOME_INTEGRIN_CELL_SURFACE_INTERACTIONS,Reactome,Treg,SF_vs_PB_Treg,1.22047038,0.360821169,0.178652399,0.4239014,38,15,COL9A2/BSG/ICAM1/ITGAX/COL5A1/CD44/ITGAM/ITGA3/ITGA2/ITGB2/FN1/F11R/ITGA4/ICAM3/ITGAE,up,FALSE
REACTOME_NUCLEOTIDE_BIOSYNTHESIS,REACTOME_NUCLEOTIDE_BIOSYNTHESIS,Reactome,Treg,SF_vs_PB_Treg,1.27746428,0.49107965,0.178653713,0.4239014,13,2,ADSS/IMPDH1,up,FALSE
REACTOME_REGULATION_OF_PTEN_MRNA_TRANSLATION,REACTOME_REGULATION_OF_PTEN_MRNA_TRANSLATION,Reactome,Treg,SF_vs_PB_Treg,-1.28188143,-0.537007196,0.179554364,0.425401594,9,4,PTEN/AGO3/TNRC6B/TNRC6C,down,FALSE
REACTOME_POST_TRANSLATIONAL_MODIFICATION_SYNTHESIS_OF_GPI_ANCHORED_PROTEINS,REACTOME_POST_TRANSLATIONAL_MODIFICATION_SYNTHESIS_OF_GPI_ANCHORED_PROTEINS,Reactome,Treg,SF_vs_PB_Treg,1.21288396,0.352578218,0.180463188,0.426844311,41,13,LY6E/GPAA1/DPM2/ULBP2/PIGT/PGAP1/CD109/PLAUR/PIGF/PRSS21/PIGU/DPM1/PIGS,up,FALSE
REACTOME_TRANSLESION_SYNTHESIS_BY_Y_FAMILY_DNA_POLYMERASES_BYPASSES_LESIONS_ON_DNA_TEMPLATE,REACTOME_TRANSLESION_SYNTHESIS_BY_Y_FAMILY_DNA_POLYMERASES_BYPASSES_LESIONS_ON_DNA_TEMPLATE,Reactome,Treg,SF_vs_PB_Treg,1.21814338,0.360133212,0.180701913,0.426844311,38,17,MAD2L2/ISG15/TRIM25/UFD1L/UBC/UBB/VCP/RFC2/POLD3/POLK/RPA3/UBE2L6/RCHY1/PCNA/POLD2/NPLOC4/POLE2,up,FALSE
REACTOME_AMYLOID_FIBER_FORMATION,REACTOME_AMYLOID_FIBER_FORMATION,Reactome,Treg,SF_vs_PB_Treg,-1.16548295,-0.284645628,0.181477618,0.428038726,78,10,HIST1H3A/RPS27A/APOA1/PARK2/UBA52/HIST4H4/HIST1H2AC/MFGE8/SORL1/APP,down,FALSE
REACTOME_RMTS_METHYLATE_HISTONE_ARGININES,REACTOME_RMTS_METHYLATE_HISTONE_ARGININES,Reactome,Treg,SF_vs_PB_Treg,-1.1734837,-0.294875048,0.18286062,0.430659855,67,12,ARID1A/HIST3H2A/HIST1H4A/HIST1H4F/HIST1H4E/HIST1H2AK/HIST1H3A/ARID1B/DNMT3A/HIST4H4/RPS2/HIST1H2AC,down,FALSE
REACTOME_N_GLYCAN_ANTENNAE_ELONGATION,REACTOME_N_GLYCAN_ANTENNAE_ELONGATION,Reactome,Treg,SF_vs_PB_Treg,-1.2676594,-0.486107585,0.183871102,0.432397177,12,4,ST8SIA6/ST6GAL1/MGAT5/MGAT4A,down,FALSE
REACTOME_DEVELOPMENTAL_LINEAGE_OF_MAMMARY_GLAND_MYOEPITHELIAL_CELLS,REACTOME_DEVELOPMENTAL_LINEAGE_OF_MAMMARY_GLAND_MYOEPITHELIAL_CELLS,Reactome,Treg,SF_vs_PB_Treg,1.2761169,0.526969532,0.185074281,0.43458183,10,3,VIM/TP63/CD44,up,FALSE
REACTOME_ONCOGENE_INDUCED_SENESCENCE,REACTOME_ONCOGENE_INDUCED_SENESCENCE,Reactome,Treg,SF_vs_PB_Treg,-1.21087982,-0.35426296,0.185845394,0.435207965,33,9,MAPK3/RB1/RPS27A/TFDP2/TNRC6B/UBA52/TNRC6C/TP53/MDM4,down,FALSE
REACTOME_INFLAMMASOMES,REACTOME_INFLAMMASOMES,Reactome,Treg,SF_vs_PB_Treg,1.24705584,0.43352753,0.185902635,0.435207965,19,11,TXN/BCL2L1/HSP90AB1/PSTPIP1/AIM2/NFKB2/CASP1/SUGT1/HMOX1/PANX1/PYCARD,up,FALSE
REACTOME_VEGFR2_MEDIATED_VASCULAR_PERMEABILITY,REACTOME_VEGFR2_MEDIATED_VASCULAR_PERMEABILITY,Reactome,Treg,SF_vs_PB_Treg,1.23337831,0.40044924,0.186164669,0.435207965,25,9,CTNNA1/CTNNB1/NOS3/PAK2/TRIB3/AKT1/VAV2/CALM1/PAK1,up,FALSE
REACTOME_SIGNALING_BY_MST1,REACTOME_SIGNALING_BY_MST1,Reactome,Treg,SF_vs_PB_Treg,1.29239226,0.654614402,0.18802573,0.438911313,5,2,SPINT1/MST1R,up,FALSE
REACTOME_RND1_GTPASE_CYCLE,REACTOME_RND1_GTPASE_CYCLE,Reactome,Treg,SF_vs_PB_Treg,1.21459796,0.372564676,0.190264353,0.441891775,32,11,STIP1/TMEM59/CPD/DLG5/VANGL1/EPSTI1/ALDH3A2/PLXNA1/CCDC88A/PTPN13/RRAS2,up,FALSE
REACTOME_IMMUNOREGULATORY_INTERACTIONS_BETWEEN_A_LYMPHOID_AND_A_NON_LYMPHOID_CELL,REACTOME_IMMUNOREGULATORY_INTERACTIONS_BETWEEN_A_LYMPHOID_AND_A_NON_LYMPHOID_CELL,Reactome,Treg,SF_vs_PB_Treg,1.16920705,0.295179207,0.190298059,0.441891775,86,43,LAIR2/HCST/ICAM1/CD99/NCR3/HLA-A/CD226/HLA-B/ITGB2/CD96/ULBP3/HLA-F/HLA-C/CD1C/SIGLEC12/SFTPD/CD3D/B2M/ITGA4/ICAM3/CD40LG/FCGR3A/CD33/LILRB3/LILRA6/LILRB4/FCGR2B/CD300C/SH2D1A/TREM1/KLRB1/NCR3LG1/PVR/ITGB1/CD247/CDH1/TREM2/IFITM1/HLA-G/SLAMF7/CD1A/CD8A/MICA,up,FALSE
REACTOME_LDL_CLEARANCE,REACTOME_LDL_CLEARANCE,Reactome,Treg,SF_vs_PB_Treg,1.25498827,0.463755719,0.190632327,0.441891775,15,5,LDLR/NCEH1/AP2B1/SOAT1/CLTC,up,FALSE
REACTOME_EARLY_SARS_COV_2_INFECTION_EVENTS,REACTOME_EARLY_SARS_COV_2_INFECTION_EVENTS,Reactome,Treg,SF_vs_PB_Treg,1.22817566,0.39876006,0.190687114,0.441891775,25,12,SDC4/FURIN/CHMP2B/CHMP2A/CTSL/CHMP6/GPC1/VCP/NRP1/MAP1LC3B/ZCRB1/ISCU,up,FALSE
REACTOME_GLYCOGEN_STORAGE_DISEASES,REACTOME_GLYCOGEN_STORAGE_DISEASES,Reactome,Treg,SF_vs_PB_Treg,1.26295552,0.495451729,0.190696514,0.441891775,12,6,GYG1/G6PC3/GBE1/UBC/UBB/SLC37A4,up,FALSE
REACTOME_PLATELET_SENSITIZATION_BY_LDL,REACTOME_PLATELET_SENSITIZATION_BY_LDL,Reactome,Treg,SF_vs_PB_Treg,-1.2510655,-0.458305941,0.191401094,0.442876983,14,4,MAPK14/PPP2R5E/PPP2R5C/PTPN6,down,FALSE
REACTOME_PHASE_4_RESTING_MEMBRANE_POTENTIAL,REACTOME_PHASE_4_RESTING_MEMBRANE_POTENTIAL,Reactome,Treg,SF_vs_PB_Treg,1.28666336,0.651712637,0.192597724,0.44393099,5,3,KCNK5/KCNK6/KCNK1,up,FALSE
REACTOME_INTERLEUKIN_6_FAMILY_SIGNALING,REACTOME_INTERLEUKIN_6_FAMILY_SIGNALING,Reactome,Treg,SF_vs_PB_Treg,1.25212889,0.462699092,0.192862726,0.44393099,15,6,OSM/STAT3/CLCF1/LIF/PTPN11/SOCS3,up,FALSE
REACTOME_DNA_METHYLATION,REACTOME_DNA_METHYLATION,Reactome,Treg,SF_vs_PB_Treg,-1.1794443,-0.316179098,0.193199982,0.44393099,49,23,HIST1H2AE/HIST1H3H/H3F3A/H2AFV/HIST1H2BJ/HIST1H2BO/HIST3H2BB/H2AFJ/HIST1H4J/HIST2H2BE/HIST1H2BC/HIST1H2BK/HIST1H2BL/DNMT1/HIST1H4A/HIST1H4F/HIST1H4E/HIST1H2BG/HIST1H2BN/HIST1H3A/DNMT3A/HIST4H4/HIST1H2AC,down,FALSE
REACTOME_RUNX3_REGULATES_P14_ARF,REACTOME_RUNX3_REGULATES_P14_ARF,Reactome,Treg,SF_vs_PB_Treg,1.26570646,0.522670567,0.193246141,0.44393099,10,2,CBFB/KRAS,up,FALSE
REACTOME_DCC_MEDIATED_ATTRACTIVE_SIGNALING,REACTOME_DCC_MEDIATED_ATTRACTIVE_SIGNALING,Reactome,Treg,SF_vs_PB_Treg,-1.25814675,-0.495412168,0.193257024,0.44393099,11,2,TRIO/ABLIM1,down,FALSE
REACTOME_CARGO_RECOGNITION_FOR_CLATHRIN_MEDIATED_ENDOCYTOSIS,REACTOME_CARGO_RECOGNITION_FOR_CLATHRIN_MEDIATED_ENDOCYTOSIS,Reactome,Treg,SF_vs_PB_Treg,1.17135216,0.302402838,0.193669304,0.444234222,76,23,SYT11/VAMP4/SCARB2/CD4/LDLR/PICALM/AP2B1/VAMP8/HBEGF/UBC/CLTC/UBB/TOR1A/IGF2R/CD3D/ADRB2/TOR1B/EPS15/VAMP3/COPS7A/SLC2A8/NEDD8/COPS6,up,FALSE
REACTOME_DEVELOPMENTAL_CELL_LINEAGES,REACTOME_DEVELOPMENTAL_CELL_LINEAGES,Reactome,Treg,SF_vs_PB_Treg,1.19325118,0.336972437,0.194141945,0.444674831,47,15,CD74/VIM/ANXA1/ANXA2/TP63/COL5A1/CD44/MUC1/CXCR4/SHFM1/FN1/RNASE1/HOPX/LAMB3/HHEX,up,FALSE
REACTOME_INTERLEUKIN_37_SIGNALING,REACTOME_INTERLEUKIN_37_SIGNALING,Reactome,Treg,SF_vs_PB_Treg,-1.23145225,-0.420004454,0.195039602,0.445451468,18,3,PTPN4/SMAD3/PTPN6,down,FALSE
REACTOME_CELL_DEATH_SIGNALLING_VIA_NRAGE_NRIF_AND_NADE,REACTOME_CELL_DEATH_SIGNALLING_VIA_NRAGE_NRIF_AND_NADE,Reactome,Treg,SF_vs_PB_Treg,-1.16164245,-0.29101708,0.195043103,0.445451468,68,13,RPS27A/SOS1/ARHGEF1/KALRN/UBA52/BCL2L11/ARHGEF11/ARHGEF3/ARHGEF18/TRIO/TIAM1/CASP2/FGD3,down,FALSE
REACTOME_VLDLR_INTERNALISATION_AND_DEGRADATION,REACTOME_VLDLR_INTERNALISATION_AND_DEGRADATION,Reactome,Treg,SF_vs_PB_Treg,1.2475931200000001,0.461022992,0.19637036,0.447837441,15,6,NR1H2/AP2B1/VLDLR/UBC/CLTC/UBB,up,FALSE
REACTOME_SIGNALING_BY_BMP,REACTOME_SIGNALING_BY_BMP,Reactome,Treg,SF_vs_PB_Treg,-1.23275553,-0.434674611,0.198491507,0.45202448,16,6,SMURF2/SMAD4/BMPR1A/ACVR2B/TGFBR3/NOG,down,FALSE
REACTOME_SIGNALING_BY_ERBB4,REACTOME_SIGNALING_BY_ERBB4,Reactome,Treg,SF_vs_PB_Treg,1.1991002100000001,0.356492037,0.198778426,0.452028415,37,18,KRAS/PSEN2/HBEGF/UBC/UBB/PSEN1/NRAS/NEDD4/ADAP1/DLG4/S100B/HRAS/PSENEN/NCOR1/SRC/NCSTN/ERBB3/APH1B,up,FALSE
REACTOME_FOXO_MEDIATED_TRANSCRIPTION_OF_OXIDATIVE_STRESS_METABOLIC_AND_NEURONAL_GENES,REACTOME_FOXO_MEDIATED_TRANSCRIPTION_OF_OXIDATIVE_STRESS_METABOLIC_AND_NEURONAL_GENES,Reactome,Treg,SF_vs_PB_Treg,-1.22826628,-0.42543184,0.199585387,0.452721656,17,7,HDAC1/SMAD4/CAT/FBXO32/FOXO4/FOXO3/SMAD3,down,FALSE
REACTOME_EPH_EPHRIN_SIGNALING,REACTOME_EPH_EPHRIN_SIGNALING,Reactome,Treg,SF_vs_PB_Treg,1.17039244,0.308059524,0.199654535,0.452721656,68,26,MYL6/MYL12B/RHOA/EFNA5/LIMK1/AP2B1/MMP9/MYL12A/PAK2/PSEN2/YES1/CLTC/PSEN1/CFL1/VAV2/ACTB/HRAS/PAK1/PSENEN/ARPC2/ROCK1/SRC/CDC42/NCSTN/APH1B/SDCBP,up,FALSE
REACTOME_SIGNAL_TRANSDUCTION_BY_L1,REACTOME_SIGNAL_TRANSDUCTION_BY_L1,Reactome,Treg,SF_vs_PB_Treg,1.23756963,0.442622535,0.201137872,0.455016997,17,9,NCAM1/VAV2/NRP1/PAK1/L1CAM/ITGAV/FGFR1/ITGB1/MAP2K1,up,FALSE
REACTOME_SCAVENGING_OF_HEME_FROM_PLASMA,REACTOME_SCAVENGING_OF_HEME_FROM_PLASMA,Reactome,Treg,SF_vs_PB_Treg,-1.26333887,-0.638215768,0.201240956,0.455016997,5,4,APOL1/LRP1/HBB/APOA1,down,FALSE
REACTOME_TRANS_GOLGI_NETWORK_VESICLE_BUDDING,REACTOME_TRANS_GOLGI_NETWORK_VESICLE_BUDDING,Reactome,Treg,SF_vs_PB_Treg,1.17023604,0.3115456,0.202839045,0.457977046,64,18,AP1S1/AP4M1/SNAPIN/PICALM/YIPF6/VAMP8/CTSZ/DNASE2/GOLGB1/CPD/SNX9/CHMP2A/BLOC1S6/ARF1/AP3S1/CLTC/STX4/IGF2R,up,FALSE
REACTOME_PKA_MEDIATED_PHOSPHORYLATION_OF_CREB,REACTOME_PKA_MEDIATED_PHOSPHORYLATION_OF_CREB,Reactome,Treg,SF_vs_PB_Treg,1.24716203,0.489256016,0.203136999,0.457997359,12,3,PRKAR1B/PRKAR1A/ADCY3,up,FALSE
REACTOME_SIGNALING_BY_NUCLEAR_RECEPTORS,REACTOME_SIGNALING_BY_NUCLEAR_RECEPTORS,Reactome,Treg,SF_vs_PB_Treg,1.11727602,0.246438709,0.203775002,0.458066017,225,77,KAT2B/CBFB/NR5A2/H3F3B/RXRA/GNG4/NR1H2/HSP90AB1/POLR2K/CTSD/GNAI3/NCOR2/PPP5C/NOS3/GNG2/FOS/NCOA3/KRAS/GNG5/PRMT1/MMP9/SCD/SREBF1/HBEGF/HSPB1/ABCA1/ELK1/NCOA1/POLR2L/CDK9/NRAS/JUND/RDH11/POLR2E/FASN/AKT1/SRF/GNB1/CALM1/FOSB/HRAS/DHRS4/FKBP4/PDHA1/NCOR1/HIST1H3F/SMC3/ABCG1/FABP5/HIST1H2BI/SRC/POLR2G/GNGT2/MYB/KPNA2/ZDHHC21/EEPD1/GNG10/SPHK1/HSP90AA1/KAT5/DLAT/RDH10/DLD/PDHB/XPO1/APOC1/APOE/TBL1X/PLTP/HIST1H3B/ALDH1A2/RARG/POLR2I/SMC1A/GTF2A1/AKT3,up,FALSE
REACTOME_RNA_POLYMERASE_III_TRANSCRIPTION_TERMINATION,REACTOME_RNA_POLYMERASE_III_TRANSCRIPTION_TERMINATION,Reactome,Treg,SF_vs_PB_Treg,1.21978867,0.413922496,0.203858509,0.458066017,21,6,NFIA/POLR2K/POLR3K/POLR2L/POLR1C/POLR2E,up,FALSE
REACTOME_MICRORNA_MIRNA_BIOGENESIS,REACTOME_MICRORNA_MIRNA_BIOGENESIS,Reactome,Treg,SF_vs_PB_Treg,1.2154832,0.3984669,0.204034453,0.458066017,24,7,POLR2K/POLR2L/POLR2E/XPO5/RAN/POLR2G/PRKRA,up,FALSE
REACTOME_NON_CANONICAL_INFLAMMASOME_ACTIVATION,REACTOME_NON_CANONICAL_INFLAMMASOME_ACTIVATION,Reactome,Treg,SF_vs_PB_Treg,1.24506523,0.48843345,0.204749654,0.459005318,12,7,SERPINB1/CALM2/CALM1/GBP2/GSDMD/IL18/CASP3,up,FALSE
REACTOME_IL_6_TYPE_CYTOKINE_RECEPTOR_LIGAND_INTERACTIONS,REACTOME_IL_6_TYPE_CYTOKINE_RECEPTOR_LIGAND_INTERACTIONS,Reactome,Treg,SF_vs_PB_Treg,1.25484997,0.534264914,0.205561593,0.459005318,9,3,OSM/CLCF1/LIF,up,FALSE
REACTOME_PHOSPHATE_BOND_HYDROLYSIS_BY_NTPDASE_PROTEINS,REACTOME_PHOSPHATE_BOND_HYDROLYSIS_BY_NTPDASE_PROTEINS,Reactome,Treg,SF_vs_PB_Treg,1.26838617,0.609714309,0.205608215,0.459005318,6,2,ENTPD1/ENTPD2,up,FALSE
REACTOME_NON_INTEGRIN_MEMBRANE_ECM_INTERACTIONS,REACTOME_NON_INTEGRIN_MEMBRANE_ECM_INTERACTIONS,Reactome,Treg,SF_vs_PB_Treg,1.19357464,0.3566996,0.20561121500000001,0.459005318,36,12,SDC4/SGCB/PDGFA/SNTA1/TRAPPC4/COL5A1/ITGA2/FN1/ACTG2/DAG1/LAMB3/ACTB,up,FALSE
REACTOME_SYNTHESIS_OF_ACTIVE_UBIQUITIN_ROLES_OF_E1_AND_E2_ENZYMES,REACTOME_SYNTHESIS_OF_ACTIVE_UBIQUITIN_ROLES_OF_E1_AND_E2_ENZYMES,Reactome,Treg,SF_vs_PB_Treg,1.20084347,0.373448613,0.206517947,0.459630417,30,14,UBE2A/USP5/UBC/UBB/UBE2Z/UBE2E3/UBE2W/UBE2B/UBE2L3/UBE2K/UBE2G1/UBE2Q2/UBE2T/UBA6,up,FALSE
REACTOME_LIPOPHAGY,REACTOME_LIPOPHAGY,Reactome,Treg,SF_vs_PB_Treg,1.26056857,0.578276395,0.20673143,0.459630417,7,3,PLIN3/PRKAB1/PLIN2,up,FALSE
REACTOME_INTERLEUKIN_9_SIGNALING,REACTOME_INTERLEUKIN_9_SIGNALING,Reactome,Treg,SF_vs_PB_Treg,1.25665101,0.554295457,0.206761191,0.459630417,8,2,IL2RG/STAT3,up,FALSE
REACTOME_VITAMIN_D_CALCIFEROL_METABOLISM,REACTOME_VITAMIN_D_CALCIFEROL_METABOLISM,Reactome,Treg,SF_vs_PB_Treg,1.2521003,0.533094212,0.207560351,0.460760723,9,4,VDR/CYP2R1/SUMO2/UBE2I,up,FALSE
REACTOME_ANTIMICROBIAL_PEPTIDES,REACTOME_ANTIMICROBIAL_PEPTIDES,Reactome,Treg,SF_vs_PB_Treg,1.22432742,0.431244477,0.208792455,0.462484577,18,8,CLU/CD4/GNLY/CCR2/RNASE6/ATOX1/PGLYRP2/PDZD11,up,FALSE
REACTOME_ACYL_CHAIN_REMODELLING_OF_PC,REACTOME_ACYL_CHAIN_REMODELLING_OF_PC,Reactome,Treg,SF_vs_PB_Treg,1.23693343,0.475498884,0.209219722,0.462484577,13,5,PLA2G16/LPCAT4/LPCAT3/PLA2G4C/LPCAT1,up,FALSE
REACTOME_RECEPTOR_MEDIATED_MITOPHAGY,REACTOME_RECEPTOR_MEDIATED_MITOPHAGY,Reactome,Treg,SF_vs_PB_Treg,1.24300213,0.499801637,0.209323812,0.462484577,11,4,MAP1LC3A/MAP1LC3B/SRC/ATG5,up,FALSE
REACTOME_GASTRIN_CREB_SIGNALLING_PATHWAY_VIA_PKC_AND_MAPK,REACTOME_GASTRIN_CREB_SIGNALLING_PATHWAY_VIA_PKC_AND_MAPK,Reactome,Treg,SF_vs_PB_Treg,-1.22864624,-0.450093037,0.209504054,0.462484577,14,7,RPS6KA3/MAPK3/CREB1/RPS6KA1/RPS6KA2/SOS1/PRKCA,down,FALSE
REACTOME_UPTAKE_AND_ACTIONS_OF_BACTERIAL_TOXINS,REACTOME_UPTAKE_AND_ACTIONS_OF_BACTERIAL_TOXINS,Reactome,Treg,SF_vs_PB_Treg,1.21502683,0.417227819,0.20995785,0.462841715,20,5,FURIN/ANTXR2/CD9/HSP90AB1/STX1A,up,FALSE
REACTOME_UBIQUINOL_BIOSYNTHESIS,REACTOME_UBIQUINOL_BIOSYNTHESIS,Reactome,Treg,SF_vs_PB_Treg,-1.23184047,-0.460681976,0.210380233,0.463128707,13,2,ADCK3/COQ7,down,FALSE
REACTOME_SUMOYLATION_OF_UBIQUITINYLATION_PROTEINS,REACTOME_SUMOYLATION_OF_UBIQUITINYLATION_PROTEINS,Reactome,Treg,SF_vs_PB_Treg,-1.17525165,-0.330775721,0.211753148,0.465344092,39,11,NUP133/RANBP2/NUP43/PIAS2/POM121/NUP210/TPR/PIAS1/NUP88/NUPL2/VHL,down,FALSE
REACTOME_GLYCOGEN_METABOLISM,REACTOME_GLYCOGEN_METABOLISM,Reactome,Treg,SF_vs_PB_Treg,1.21027759,0.41069501,0.211973776,0.465344092,21,7,UGP2/PHKA1/GYG1/PGM1/GBE1/UBC/UBB,up,FALSE
REACTOME_ENDOGENOUS_STEROLS,REACTOME_ENDOGENOUS_STEROLS,Reactome,Treg,SF_vs_PB_Treg,1.23434278,0.484227082,0.213273691,0.467472246,12,4,CYP7B1/RXRA/NCOA1/CYP51A1,up,FALSE
REACTOME_SIGNALING_BY_HIPPO,REACTOME_SIGNALING_BY_HIPPO,Reactome,Treg,SF_vs_PB_Treg,1.22506074,0.445000729,0.213533064,0.467472246,16,8,STK3/YWHAB/MOB1B/LATS2/TJP2/MOB1A/CASP3/YWHAE,up,FALSE
REACTOME_INTERACTIONS_OF_VPR_WITH_HOST_CELLULAR_PROTEINS,REACTOME_INTERACTIONS_OF_VPR_WITH_HOST_CELLULAR_PROTEINS,Reactome,Treg,SF_vs_PB_Treg,-1.17509814,-0.334550194,0.215754262,0.471283795,37,11,NUP133/RANBP2/PSIP1/NUP43/SLC25A6/POM121/NUP210/HMGA1/TPR/NUP88/NUPL2,down,FALSE
REACTOME_ACTIVATED_NOTCH1_TRANSMITS_SIGNAL_TO_THE_NUCLEUS,REACTOME_ACTIVATED_NOTCH1_TRANSMITS_SIGNAL_TO_THE_NUCLEUS,Reactome,Treg,SF_vs_PB_Treg,1.20524795,0.399502988,0.215898674,0.471283795,23,12,NOTCH1/JAG2/PSEN2/UBC/UBB/PSEN1/MIB1/PSENEN/NCSTN/APH1B/NUMB/ARRB1,up,FALSE
REACTOME_RNA_POLYMERASE_III_TRANSCRIPTION_INITIATION_FROM_TYPE_1_PROMOTER,REACTOME_RNA_POLYMERASE_III_TRANSCRIPTION_INITIATION_FROM_TYPE_1_PROMOTER,Reactome,Treg,SF_vs_PB_Treg,1.19481671,0.377241029,0.216204769,0.471283795,28,7,POLR2K/GTF3C6/POLR3K/BDP1/POLR2L/POLR1C/POLR2E,up,FALSE
REACTOME_PCNA_DEPENDENT_LONG_PATCH_BASE_EXCISION_REPAIR,REACTOME_PCNA_DEPENDENT_LONG_PATCH_BASE_EXCISION_REPAIR,Reactome,Treg,SF_vs_PB_Treg,1.20533591,0.409018102,0.216463472,0.471283795,21,14,RFC2/POLD3/RPA3/PCNA/POLD2/POLE2/FEN1/POLE/POLE4/RFC4/POLE3/LIG1/RFC5/RFC3,up,FALSE
REACTOME_NUCLEOTIDE_EXCISION_REPAIR,REACTOME_NUCLEOTIDE_EXCISION_REPAIR,Reactome,Treg,SF_vs_PB_Treg,1.13779619,0.277134603,0.217130369,0.472087291,108,39,ERCC1/SUMO3/POLR2K/RBX1/DDB2/SUMO2/RAD23A/PIAS3/UBE2I/UBE2N/UBC/UBB/POLR2L/INO80C/POLR2E/ACTL6A/TFPT/RFC2/ACTB/GTF2H5/COPS7A/COPS6/POLR2G/COPS8/POLD3/POLK/CHD1L/SUMO1/USP45/MNAT1/RPA3/POLR2I/LIG3/INO80/ELL/PCNA/DDB1/POLD2/PARP2,up,FALSE
REACTOME_STRIATED_MUSCLE_CONTRACTION,REACTOME_STRIATED_MUSCLE_CONTRACTION,Reactome,Treg,SF_vs_PB_Treg,1.22198791,0.460080842,0.219852322,0.47735059,14,4,VIM/TPM3/TMOD3/TPM4,up,FALSE
REACTOME_DENGUE_VIRUS_ATTACHMENT_AND_ENTRY,REACTOME_DENGUE_VIRUS_ATTACHMENT_AND_ENTRY,Reactome,Treg,SF_vs_PB_Treg,1.18838307,0.372196232,0.220172021,0.47739077,29,9,SDC4/FURIN/LY6E/AP2B1/EMC4/GPC1/PROS1/CD33/HSPA5,up,FALSE
REACTOME_GLOBAL_GENOME_NUCLEOTIDE_EXCISION_REPAIR_GG_NER,REACTOME_GLOBAL_GENOME_NUCLEOTIDE_EXCISION_REPAIR_GG_NER,Reactome,Treg,SF_vs_PB_Treg,1.14436422,0.290089722,0.220490705,0.477428644,84,33,ERCC1/SUMO3/RBX1/DDB2/SUMO2/RAD23A/PIAS3/UBE2I/UBE2N/UBC/UBB/INO80C/ACTL6A/TFPT/RFC2/ACTB/GTF2H5/COPS7A/COPS6/COPS8/POLD3/POLK/CHD1L/SUMO1/USP45/MNAT1/RPA3/LIG3/INO80/PCNA/DDB1/POLD2/PARP2,up,FALSE
REACTOME_ONCOGENIC_MAPK_SIGNALING,REACTOME_ONCOGENIC_MAPK_SIGNALING,Reactome,Treg,SF_vs_PB_Treg,1.15407523,0.306303306,0.220853097,0.477560926,65,23,IQGAP1/DUSP16/LMNA/AGTRAP/SPRED2/RAP1B/KRAS/TLN1/PPP1CB/YWHAB/PAPSS1/FN1/NRAS/PHB/CALM1/DUSP6/ACTB/HRAS/FAM114A2/SRC/FAM131B/KSR1/DUSP10,up,FALSE
REACTOME_TGFBR3_PTM_REGULATION,REACTOME_TGFBR3_PTM_REGULATION,Reactome,Treg,SF_vs_PB_Treg,1.23470759,0.525689091,0.221318792,0.477915921,9,6,TIMP1/PSEN2/PSEN1/PSENEN/NCSTN/APH1B,up,FALSE
REACTOME_ACYL_CHAIN_REMODELLING_OF_PE,REACTOME_ACYL_CHAIN_REMODELLING_OF_PE,Reactome,Treg,SF_vs_PB_Treg,1.21956363,0.459168098,0.221956538,0.478326833,14,5,PLA2G16/LPCAT4/LPCAT3/MBOAT1/PLA2G4C,up,FALSE
REACTOME_BUTYRATE_RESPONSE_FACTOR_1_BRF1_BINDS_AND_DESTABILIZES_MRNA,REACTOME_BUTYRATE_RESPONSE_FACTOR_1_BRF1_BINDS_AND_DESTABILIZES_MRNA,Reactome,Treg,SF_vs_PB_Treg,1.2131803,0.433899576,0.222112649,0.478326833,17,5,MAPKAPK2/EXOSC4/EXOSC7/YWHAB/AKT1,up,FALSE
REACTOME_UPTAKE_AND_FUNCTION_OF_ANTHRAX_TOXINS,REACTOME_UPTAKE_AND_FUNCTION_OF_ANTHRAX_TOXINS,Reactome,Treg,SF_vs_PB_Treg,1.22886733,0.507457934,0.222591426,0.478707477,10,2,FURIN/ANTXR2,up,FALSE
REACTOME_LOSS_OF_FUNCTION_OF_SMAD2_3_IN_CANCER,REACTOME_LOSS_OF_FUNCTION_OF_SMAD2_3_IN_CANCER,Reactome,Treg,SF_vs_PB_Treg,-1.23926505,-0.589638535,0.224160285,0.481428255,6,4,SMAD2/SMAD4/TGFBR2/SMAD3,down,FALSE
REACTOME_ACTIVATION_OF_THE_AP_1_FAMILY_OF_TRANSCRIPTION_FACTORS,REACTOME_ACTIVATION_OF_THE_AP_1_FAMILY_OF_TRANSCRIPTION_FACTORS,Reactome,Treg,SF_vs_PB_Treg,1.2265871,0.506516317,0.224832409,0.482120091,10,3,MAPK11/FOS/MAPK8,up,FALSE
REACTOME_FASL_CD95L_SIGNALING,REACTOME_FASL_CD95L_SIGNALING,Reactome,Treg,SF_vs_PB_Treg,1.25001466,0.633149565,0.225195448,0.482120091,5,3,FASLG/FADD/FAS,up,FALSE
REACTOME_TLR3_MEDIATED_TICAM1_DEPENDENT_PROGRAMMED_CELL_DEATH,REACTOME_TLR3_MEDIATED_TICAM1_DEPENDENT_PROGRAMMED_CELL_DEATH,Reactome,Treg,SF_vs_PB_Treg,1.24544747,0.598687655,0.225394945,0.482120091,6,5,RIPK3/FADD/TICAM1/TLR3/RIPK1,up,FALSE
REACTOME_G_ALPHA_Q_SIGNALLING_EVENTS,REACTOME_G_ALPHA_Q_SIGNALLING_EVENTS,Reactome,Treg,SF_vs_PB_Treg,1.13285938,0.278749053,0.226711958,0.484283631,101,27,GNA15/RGS16/GPR132/RGS1/GNG4/CYSLTR1/ANXA1/LPAR5/ABHD6/CCL23/XCL1/GNG2/P2RY10/KRAS/GNG5/F2R/NMB/ITPR1/ITPR3/P2RY11/HBEGF/NTSR1/PRKCD/HRH1/LPAR2/NRAS/EDNRB,up,FALSE
REACTOME_SARS_COV_INFECTIONS,REACTOME_SARS_COV_INFECTIONS,Reactome,Treg,SF_vs_PB_Treg,-1.06982981,-0.21073549,0.228095785,0.486583876,368,68,SRPK2/MAN2A1/RPS9/FNTA/NUP210/GOLGA7/RPS10/RPS11/RB1/NOD1/ATG14/BRD4/RPS17/RPS16/GSK3B/MPP5/RPS19/VPS33A/IRF3/TPR/CRBN/ST6GAL1/TLR1/GPC2/RPS27A/RPS14/MAP3K7/HAVCR1/IFNAR1/SOS1/RPS25/RPS15/EEF1A1/RPS29/SAP30L/RPS24/NUP88/UBA52/NUPL2/RPS20/RCAN3/RPSA/RPS4X/RPS7/RPS27/ST6GALNAC3/RPS28/RPS15A/RPS12/RPS2/RPS3/RPS5/RPS21/RPS8/RPS23/VHL/MGAT5/IL6R/RPS18/RPS6/RPS13/CHMP7/RPS3A/S1PR1/SMAD3/IFNGR2/PTPN6/MGAT4A,down,FALSE
REACTOME_ALPHA_OXIDATION_OF_PHYTANATE,REACTOME_ALPHA_OXIDATION_OF_PHYTANATE,Reactome,Treg,SF_vs_PB_Treg,1.23953527,0.595845656,0.230371248,0.490400769,6,3,SLC27A2/ALDH3A2/PHYH,up,FALSE
REACTOME_CYCLIN_D_ASSOCIATED_EVENTS_IN_G1,REACTOME_CYCLIN_D_ASSOCIATED_EVENTS_IN_G1,Reactome,Treg,SF_vs_PB_Treg,1.1582224,0.32708036,0.230513384,0.490400769,47,20,CDKN1A/CDK6/CCND2/CDKN2D/PTK6/UBC/UBB/PPP2CB/PPP2R1A/SRC/E2F4/PPP2R1B/CKS1B/SKP1/CDK2/MNAT1/CDK4/CCND1/E2F3/E2F1,up,FALSE
REACTOME_TRISTETRAPROLIN_TTP_ZFP36_BINDS_AND_DESTABILIZES_MRNA,REACTOME_TRISTETRAPROLIN_TTP_ZFP36_BINDS_AND_DESTABILIZES_MRNA,Reactome,Treg,SF_vs_PB_Treg,1.20344684,0.430418361,0.230931159,0.490400769,17,4,MAPKAPK2/EXOSC4/EXOSC7/YWHAB,up,FALSE
REACTOME_ASSEMBLY_OF_THE_HIV_VIRION,REACTOME_ASSEMBLY_OF_THE_HIV_VIRION,Reactome,Treg,SF_vs_PB_Treg,1.20467633,0.445163953,0.231122634,0.490400769,15,6,FURIN/VPS37C/TSG101/UBC/UBB/VPS37B,up,FALSE
REACTOME_KILLING_MECHANISMS,REACTOME_KILLING_MECHANISMS,Reactome,Treg,SF_vs_PB_Treg,1.22374977,0.539783068,0.233341145,0.494446143,8,3,CYBA/MAPK8/DVL3,up,FALSE
REACTOME_ERCC6_CSB_AND_EHMT2_G9A_POSITIVELY_REGULATE_RRNA_EXPRESSION,REACTOME_ERCC6_CSB_AND_EHMT2_G9A_POSITIVELY_REGULATE_RRNA_EXPRESSION,Reactome,Treg,SF_vs_PB_Treg,-1.13267747,-0.287974705,0.234225666,0.495657784,63,29,GATAD2A/HIST1H2AE/ERCC6/HIST1H3H/H3F3A/H2AFV/HIST1H2BJ/MTA2/HIST1H2BO/HIST3H2BB/GATAD2B/H2AFJ/HIST1H4J/HIST2H2BE/CHD3/MTA3/HIST1H2BC/HIST1H2BK/HIST1H2BL/HDAC1/HIST1H4A/HIST1H4F/HIST1H4E/HIST1H2BG/HIST1H2BN/HIST1H3A/EHMT2/HIST4H4/HIST1H2AC,down,FALSE
REACTOME_DEVELOPMENTAL_LINEAGE_OF_MAMMARY_STEM_CELLS,REACTOME_DEVELOPMENTAL_LINEAGE_OF_MAMMARY_STEM_CELLS,Reactome,Treg,SF_vs_PB_Treg,1.221296,0.538700737,0.235528474,0.497152229,8,3,TP63/CD44/SHFM1,up,FALSE
REACTOME_NRIF_SIGNALS_CELL_DEATH_FROM_THE_NUCLEUS,REACTOME_NRIF_SIGNALS_CELL_DEATH_FROM_THE_NUCLEUS,Reactome,Treg,SF_vs_PB_Treg,1.20418026,0.453376227,0.235786977,0.497152229,14,9,MAPK8/PSEN2/SQSTM1/UBC/UBB/PSEN1/PSENEN/NCSTN/APH1B,up,FALSE
REACTOME_ACTIVATED_NTRK2_SIGNALS_THROUGH_FRS2_AND_FRS3,REACTOME_ACTIVATED_NTRK2_SIGNALS_THROUGH_FRS2_AND_FRS3,Reactome,Treg,SF_vs_PB_Treg,1.21547151,0.517499142,0.235872856,0.497152229,9,5,NTRK2/KRAS/NRAS/PTPN11/HRAS,up,FALSE
REACTOME_TGF_BETA_RECEPTOR_SIGNALING_ACTIVATES_SMADS,REACTOME_TGF_BETA_RECEPTOR_SIGNALING_ACTIVATES_SMADS,Reactome,Treg,SF_vs_PB_Treg,-1.15337636,-0.328366008,0.238292103,0.501584307,37,9,TGFBR2/MTMR4/RPS27A/PPP1CC/UBA52/USP15/TGFBR3/NEDD4L/SMAD3,down,FALSE
REACTOME_PI3K_AKT_ACTIVATION,REACTOME_PI3K_AKT_ACTIVATION,Reactome,Treg,SF_vs_PB_Treg,1.22347446,0.561259753,0.238681189,0.501736983,7,2,NTRK1/RHOA,up,FALSE
REACTOME_DEFECTIVE_GALNT3_CAUSES_HFTC,REACTOME_DEFECTIVE_GALNT3_CAUSES_HFTC,Reactome,Treg,SF_vs_PB_Treg,1.23500339,0.625546151,0.239208313,0.502137215,5,2,MUC12/MUC1,up,FALSE
REACTOME_G2_PHASE,REACTOME_G2_PHASE,Reactome,Treg,SF_vs_PB_Treg,1.23479226,0.625439211,0.239505195,0.502137215,5,4,CDK2/CCNA1/E2F3/E2F1,up,FALSE
REACTOME_PARASITE_INFECTION,REACTOME_PARASITE_INFECTION,Reactome,Treg,SF_vs_PB_Treg,1.14500445,0.315476744,0.241454507,0.50506295,53,17,MYO1C/CYFIP1/MYO5A/YES1/VAV2/FCGR3A/ACTB/ARPC2/ABI1/SRC/CDC42/BRK1/CD247/NCKAP1/GRB2/VAV1/ARPC3,up,FALSE
REACTOME_INTERLEUKIN_3_INTERLEUKIN_5_AND_GM_CSF_SIGNALING,REACTOME_INTERLEUKIN_3_INTERLEUKIN_5_AND_GM_CSF_SIGNALING,Reactome,Treg,SF_vs_PB_Treg,1.15174883,0.331477198,0.241537991,0.50506295,43,11,IL2RB/IL2RA/IL2RG/CSF2/YWHAZ/YES1/UBC/UBB/JAK3/RAPGEF1/PTPN11,up,FALSE
REACTOME_REGULATION_OF_IFNG_SIGNALING,REACTOME_REGULATION_OF_IFNG_SIGNALING,Reactome,Treg,SF_vs_PB_Treg,-1.18983523,-0.435875304,0.242420433,0.506240298,14,3,PIAS1/IFNGR2/PTPN6,down,FALSE
REACTOME_ARYL_HYDROCARBON_RECEPTOR_SIGNALLING,REACTOME_ARYL_HYDROCARBON_RECEPTOR_SIGNALLING,Reactome,Treg,SF_vs_PB_Treg,1.22959822,0.622808361,0.244314696,0.508645344,5,3,HSP90AB1/AIP/AHR,up,FALSE
REACTOME_TYSND1_CLEAVES_PEROXISOMAL_PROTEINS,REACTOME_TYSND1_CLEAVES_PEROXISOMAL_PROTEINS,Reactome,Treg,SF_vs_PB_Treg,1.21693736,0.558260907,0.244686488,0.508645344,7,2,PHYH/SCP2,up,FALSE
REACTOME_EGR2_AND_SOX10_MEDIATED_INITIATION_OF_SCHWANN_CELL_MYELINATION,REACTOME_EGR2_AND_SOX10_MEDIATED_INITIATION_OF_SCHWANN_CELL_MYELINATION,Reactome,Treg,SF_vs_PB_Treg,1.18948158,0.439549039,0.244848161,0.508645344,15,7,NAB2/SREBF2/NAB1/EGR2/CYP51A1/DAG1/HMGCR,up,FALSE
REACTOME_FORMATION_OF_SENESCENCE_ASSOCIATED_HETEROCHROMATIN_FOCI_SAHF,REACTOME_FORMATION_OF_SENESCENCE_ASSOCIATED_HETEROCHROMATIN_FOCI_SAHF,Reactome,Treg,SF_vs_PB_Treg,1.18816267,0.431597582,0.245277287,0.508645344,16,2,CDKN1A/H1F0,up,FALSE
REACTOME_CYTOCHROME_P450_ARRANGED_BY_SUBSTRATE_TYPE,REACTOME_CYTOCHROME_P450_ARRANGED_BY_SUBSTRATE_TYPE,Reactome,Treg,SF_vs_PB_Treg,1.17363278,0.393262144,0.245385796,0.508645344,22,6,CYP7B1/RXRA/CYP4F22/CYP2R1/NCOA1/CYP51A1,up,FALSE
REACTOME_INACTIVATION_OF_CSF3_G_CSF_SIGNALING,REACTOME_INACTIVATION_OF_CSF3_G_CSF_SIGNALING,Reactome,Treg,SF_vs_PB_Treg,1.17191689,0.384184733,0.245497595,0.508645344,24,8,STAT3/UBC/UBB/TCEB1/RNF7/TCEB2/SOCS3/SOCS1,up,FALSE
REACTOME_CASP4_INFLAMMASOME_ASSEMBLY,REACTOME_CASP4_INFLAMMASOME_ASSEMBLY,Reactome,Treg,SF_vs_PB_Treg,1.20371465,0.512493541,0.246817511,0.51042455,9,2,SERPINB1/CALM2,up,FALSE
REACTOME_DEADENYLATION_OF_MRNA,REACTOME_DEADENYLATION_OF_MRNA,Reactome,Treg,SF_vs_PB_Treg,-1.15970432,-0.362554757,0.247244435,0.51042455,25,15,PARN/CNOT7/CNOT10/CNOT4/CNOT6L/CNOT2/CNOT1/CNOT3/EIF4A2/PAN3/ZCCHC11/CNOT8/PAN2/EIF4B/PABPC1,down,FALSE
REACTOME_SIRT1_NEGATIVELY_REGULATES_RRNA_EXPRESSION,REACTOME_SIRT1_NEGATIVELY_REGULATES_RRNA_EXPRESSION,Reactome,Treg,SF_vs_PB_Treg,-1.12803659,-0.294982338,0.247322432,0.51042455,55,25,HIST1H2AE/HIST1H3H/H3F3A/H2AFV/TAF1B/HIST1H2BJ/HIST1H2BO/HIST3H2BB/H2AFJ/HIST1H4J/HIST2H2BE/TBP/TAF1C/HIST1H2BC/HIST1H2BK/HIST1H2BL/HIST1H4A/HIST1H4F/SIRT1/HIST1H4E/HIST1H2BG/HIST1H2BN/HIST1H3A/HIST4H4/HIST1H2AC,down,FALSE
REACTOME_CRMPS_IN_SEMA3A_SIGNALING,REACTOME_CRMPS_IN_SEMA3A_SIGNALING,Reactome,Treg,SF_vs_PB_Treg,1.19937645,0.495279742,0.248497962,0.511838477,10,7,CRMP1/DPYSL2/PLXNA3/PLXNA1/NRP1/CDK5/FES,up,FALSE
REACTOME_MITF_M_DEPENDENT_GENE_EXPRESSION,REACTOME_MITF_M_DEPENDENT_GENE_EXPRESSION,Reactome,Treg,SF_vs_PB_Treg,1.12255571,0.285688599,0.248653393,0.511838477,82,20,CDKN1A/DPF3/ATP6V0B/CEACAM1/CTNNB1/ATP6V1F/ATP6V1E1/RAB27A/MYO5A/ITGA2/ATP6V1B2/SERPINE1/ATP6V0E1/ATP6AP2/DIAPH1/ACTL6A/ATP6V1A/SMARCB1/ATP6V0C/ACTB,up,FALSE
REACTOME_TYPE_I_HEMIDESMOSOME_ASSEMBLY,REACTOME_TYPE_I_HEMIDESMOSOME_ASSEMBLY,Reactome,Treg,SF_vs_PB_Treg,1.21768488,0.585342157,0.249150869,0.512197312,6,3,CD151/LAMB3/PLEC,up,FALSE
REACTOME_MET_ACTIVATES_RAP1_AND_RAC1,REACTOME_MET_ACTIVATES_RAP1_AND_RAC1,Reactome,Treg,SF_vs_PB_Treg,1.205563,0.531761075,0.250117178,0.513517782,8,3,RAP1B/RAPGEF1/GRB2,up,FALSE
REACTOME_GALACTOSE_CATABOLISM,REACTOME_GALACTOSE_CATABOLISM,Reactome,Treg,SF_vs_PB_Treg,1.2148438,0.583976447,0.251599526,0.515892948,6,3,GALK1/GALE/PGM1,up,FALSE
REACTOME_FORMATION_OF_THE_CORNIFIED_ENVELOPE,REACTOME_FORMATION_OF_THE_CORNIFIED_ENVELOPE,Reactome,Treg,SF_vs_PB_Treg,1.17917384,0.428332409,0.253365229,0.51817276,16,4,FURIN/KRT86/PERP/CAPNS1,up,FALSE
REACTOME_KERATINIZATION,REACTOME_KERATINIZATION,Reactome,Treg,SF_vs_PB_Treg,1.17917384,0.428332409,0.253365229,0.51817276,16,4,FURIN/KRT86/PERP/CAPNS1,up,FALSE
REACTOME_RHOD_GTPASE_CYCLE,REACTOME_RHOD_GTPASE_CYCLE,Reactome,Treg,SF_vs_PB_Treg,-1.13204994,-0.3119209,0.254084875,0.518974906,43,7,LEMD3/WHAMM/PIK3R1/ARHGAP32/SLC4A7/ADD3/ACTN1,down,FALSE
REACTOME_FBXW7_MUTANTS_AND_NOTCH1_IN_CANCER,REACTOME_FBXW7_MUTANTS_AND_NOTCH1_IN_CANCER,Reactome,Treg,SF_vs_PB_Treg,1.21686823,0.616360443,0.255576447,0.520815364,5,2,NOTCH1/RBX1,up,FALSE
REACTOME_AKT_PHOSPHORYLATES_TARGETS_IN_THE_CYTOSOL,REACTOME_AKT_PHOSPHORYLATES_TARGETS_IN_THE_CYTOSOL,Reactome,Treg,SF_vs_PB_Treg,1.18319055,0.445473561,0.255643125,0.520815364,14,3,CDKN1A/CASP9/BAD,up,FALSE
REACTOME_RHOBTB2_GTPASE_CYCLE,REACTOME_RHOBTB2_GTPASE_CYCLE,Reactome,Treg,SF_vs_PB_Treg,-1.15387714,-0.368538095,0.256600288,0.522094296,23,3,DDX39B/STK38/ACTN1,down,FALSE
REACTOME_GROWTH_HORMONE_RECEPTOR_SIGNALING,REACTOME_GROWTH_HORMONE_RECEPTOR_SIGNALING,Reactome,Treg,SF_vs_PB_Treg,1.17182238,0.41275064,0.257536525,0.522840532,18,4,SOCS2/CISH/STAT3/PTPN1,up,FALSE
REACTOME_CELLULAR_RESPONSE_TO_MITOCHONDRIAL_STRESS,REACTOME_CELLULAR_RESPONSE_TO_MITOCHONDRIAL_STRESS,Reactome,Treg,SF_vs_PB_Treg,-1.18936765,-0.498251218,0.257788323,0.522840532,9,3,PHB2/OMA1/EIF2S3,down,FALSE
REACTOME_AMINE_LIGAND_BINDING_RECEPTORS,REACTOME_AMINE_LIGAND_BINDING_RECEPTORS,Reactome,Treg,SF_vs_PB_Treg,-1.19941139,-0.543332683,0.257956654,0.522840532,7,3,CHRM3/HTR2B/HRH4,down,FALSE
REACTOME_ACTIVATED_NTRK2_SIGNALS_THROUGH_RAS,REACTOME_ACTIVATED_NTRK2_SIGNALS_THROUGH_RAS,Reactome,Treg,SF_vs_PB_Treg,1.20020579,0.550585422,0.259267982,0.524557122,7,4,NTRK2/KRAS/NRAS/HRAS,up,FALSE
REACTOME_STING_MEDIATED_INDUCTION_OF_HOST_IMMUNE_RESPONSES,REACTOME_STING_MEDIATED_INDUCTION_OF_HOST_IMMUNE_RESPONSES,Reactome,Treg,SF_vs_PB_Treg,1.18229838,0.454496211,0.259465479,0.524557122,13,7,TMEM173/MB21D1/IFI16/TBK1/TREX1/TRIM21/XRCC6,up,FALSE
REACTOME_FATTY_ACIDS_BOUND_TO_GPR40_FFAR1_REGULATE_INSULIN_SECRETION,REACTOME_FATTY_ACIDS_BOUND_TO_GPR40_FFAR1_REGULATE_INSULIN_SECRETION,Reactome,Treg,SF_vs_PB_Treg,1.2125075299999999,0.614151693,0.260089065,0.525147984,5,1,GNA15,up,FALSE
REACTOME_DEPOSITION_OF_NEW_CENPA_CONTAINING_NUCLEOSOMES_AT_THE_CENTROMERE,REACTOME_DEPOSITION_OF_NEW_CENPA_CONTAINING_NUCLEOSOMES_AT_THE_CENTROMERE,Reactome,Treg,SF_vs_PB_Treg,-1.112054,-0.282731344,0.260926046,0.526167663,63,19,H2AFV/HIST1H2BJ/HIST1H2BO/HIST3H2BB/CENPL/H2AFJ/HIST1H4J/HIST2H2BE/HIST1H2BC/HIST1H2BK/HIST1H2BL/HIST1H4A/HIST1H4F/HIST1H4E/HIST1H2BG/HIST1H2BN/CENPK/HIST4H4/HIST1H2AC,down,FALSE
REACTOME_LISTERIA_MONOCYTOGENES_ENTRY_INTO_HOST_CELLS,REACTOME_LISTERIA_MONOCYTOGENES_ENTRY_INTO_HOST_CELLS,Reactome,Treg,SF_vs_PB_Treg,-1.16109814,-0.402166963,0.261354261,0.526361505,17,4,SH3GL1/RPS27A/UBA52/CBLL1,down,FALSE
REACTOME_SYNTHESIS_OF_LEUKOTRIENES_LT_AND_EOXINS_EX,REACTOME_SYNTHESIS_OF_LEUKOTRIENES_LT_AND_EOXINS_EX,Reactome,Treg,SF_vs_PB_Treg,1.18537414,0.489497519,0.262059772,0.526871436,10,4,GGT1/CYP4F22/MAPKAPK2/ALOX5AP,up,FALSE
REACTOME_REGULATION_OF_FOXO_TRANSCRIPTIONAL_ACTIVITY_BY_ACETYLATION,REACTOME_REGULATION_OF_FOXO_TRANSCRIPTIONAL_ACTIVITY_BY_ACETYLATION,Reactome,Treg,SF_vs_PB_Treg,1.18524881,0.489445766,0.262272279,0.526871436,10,2,KAT2B/TXN,up,FALSE
REACTOME_GBP_MEDIATED_HOST_DEFENSE,REACTOME_GBP_MEDIATED_HOST_DEFENSE,Reactome,Treg,SF_vs_PB_Treg,1.1731191,0.441681642,0.264519091,0.530712353,14,5,FURIN/PIM1/CASP1/ACTB/GBP2,up,FALSE
REACTOME_DENGUE_VIRUS_MODULATES_APOPTOSIS,REACTOME_DENGUE_VIRUS_MODULATES_APOPTOSIS,Reactome,Treg,SF_vs_PB_Treg,-1.15862293,-0.408535153,0.266352573,0.532910393,16,8,MTOR/DAXX/FAM134B/PIK3C3/ATG14/RPTOR/RICTOR/PRR5,down,FALSE
REACTOME_TIGHT_JUNCTION_INTERACTIONS,REACTOME_TIGHT_JUNCTION_INTERACTIONS,Reactome,Treg,SF_vs_PB_Treg,1.17537551,0.46109449,0.266587314,0.532910393,12,5,PRKCI/PARD6G/PARD6A/F11R/CLDN7,up,FALSE
REACTOME_TGF_BETA_RECEPTOR_SIGNALING_IN_EMT_EPITHELIAL_TO_MESENCHYMAL_TRANSITION,REACTOME_TGF_BETA_RECEPTOR_SIGNALING_IN_EMT_EPITHELIAL_TO_MESENCHYMAL_TRANSITION,Reactome,Treg,SF_vs_PB_Treg,1.17110775,0.440924363,0.266623307,0.532910393,14,7,FKBP1A/RHOA/PARD6A/UBC/UBB/F11R/TGFBR1,up,FALSE
REACTOME_TETRAHYDROBIOPTERIN_BH4_SYNTHESIS_RECYCLING_SALVAGE_AND_REGULATION,REACTOME_TETRAHYDROBIOPTERIN_BH4_SYNTHESIS_RECYCLING_SALVAGE_AND_REGULATION,Reactome,Treg,SF_vs_PB_Treg,1.17955491,0.48709448,0.268009969,0.534805806,10,6,PTS/NOS3/GCHFR/AKT1/SPR/CALM1,up,FALSE
REACTOME_HEME_DEGRADATION,REACTOME_HEME_DEGRADATION,Reactome,Treg,SF_vs_PB_Treg,1.19677949,0.575292916,0.268246445,0.534805806,6,3,BLVRB/HMOX2/HMOX1,up,FALSE
REACTOME_ASSEMBLY_AND_CELL_SURFACE_PRESENTATION_OF_NMDA_RECEPTORS,REACTOME_ASSEMBLY_AND_CELL_SURFACE_PRESENTATION_OF_NMDA_RECEPTORS,Reactome,Treg,SF_vs_PB_Treg,1.16128685,0.415339645,0.269618813,0.535637374,17,10,TUBB2A/TUBB6/TUBA1C/TUBA1A/DLG4/TUBB4B/DLG3/TUBA4A/TUBA1B/LIN7C,up,FALSE
REACTOME_DEFECTIVE_EXT2_CAUSES_EXOSTOSES_2,REACTOME_DEFECTIVE_EXT2_CAUSES_EXOSTOSES_2,Reactome,Treg,SF_vs_PB_Treg,1.20239579,0.609029956,0.269727857,0.535637374,5,2,SDC4/GPC1,up,FALSE
REACTOME_REGULATION_OF_NPAS4_GENE_EXPRESSION,REACTOME_REGULATION_OF_NPAS4_GENE_EXPRESSION,Reactome,Treg,SF_vs_PB_Treg,-1.17061081,-0.460943715,0.269989594,0.535637374,11,4,AGO3/REST/TNRC6B/TNRC6C,down,FALSE
REACTOME_GOLGI_ASSOCIATED_VESICLE_BIOGENESIS,REACTOME_GOLGI_ASSOCIATED_VESICLE_BIOGENESIS,Reactome,Treg,SF_vs_PB_Treg,1.12318476,0.313066009,0.270015307,0.535637374,50,14,AP1S1/SNAPIN/PICALM/YIPF6/VAMP8/GOLGB1/CPD/SNX9/BLOC1S6/ARF1/AP3S1/CLTC/IGF2R/SNX5,up,FALSE
REACTOME_CAMK_IV_MEDIATED_PHOSPHORYLATION_OF_CREB,REACTOME_CAMK_IV_MEDIATED_PHOSPHORYLATION_OF_CREB,Reactome,Treg,SF_vs_PB_Treg,-1.17923486,-0.512017259,0.271589,0.538085705,8,3,CREB1/CAMK2D/CAMK4,down,FALSE
REACTOME_CLATHRIN_MEDIATED_ENDOCYTOSIS,REACTOME_CLATHRIN_MEDIATED_ENDOCYTOSIS,Reactome,Treg,SF_vs_PB_Treg,1.09727612,0.265704596,0.27295547,0.540011167,112,31,SYT11/VAMP4/SCARB2/RAB5A/CD4/LDLR/PICALM/CTTN/TRIP10/AP2B1/VAMP8/SNX9/HIP1/HBEGF/UBC/CLTC/UBB/ARF6/TOR1A/IGF2R/CD3D/ADRB2/TOR1B/EPS15/VAMP3/ACTB/COPS7A/SLC2A8/ARPC2/NEDD8/COPS6,up,FALSE
REACTOME_METABOLISM_OF_WATER_SOLUBLE_VITAMINS_AND_COFACTORS,REACTOME_METABOLISM_OF_WATER_SOLUBLE_VITAMINS_AND_COFACTORS,Reactome,Treg,SF_vs_PB_Treg,1.0987589,0.268631998,0.273336919,0.540011167,105,23,ACP5/NAMPT/MTHFD2/SLC2A3/TCN2/PARP9/CYB5R3/CD320/GSTO1/TCN1/SLC25A19/MTHFD1L/SLC2A1/SLC19A1/FPGS/FASN/PPCDC/MTHFD1/APOA1BP/ABCD4/PANK3/NUDT8/MOCS3,up,FALSE
REACTOME_METABOLISM_OF_STEROID_HORMONES,REACTOME_METABOLISM_OF_STEROID_HORMONES,Reactome,Treg,SF_vs_PB_Treg,1.15661676,0.407394769,0.273582944,0.540011167,18,11,SRD5A1/TSPO/STARD3/STARD4/BZRAP1/CGA/HSD17B12/SRD5A3/STARD3NL/STS/HSD11B1,up,FALSE
REACTOME_O_LINKED_GLYCOSYLATION,REACTOME_O_LINKED_GLYCOSYLATION,Reactome,Treg,SF_vs_PB_Treg,1.11528535,0.301318579,0.274045168,0.540250735,59,20,GCNT1/B4GALT5/C1GALT1C1/GALNT1/ST6GALNAC4/GALNT6/MUC12/MUC1/B3GNT9/B3GNTL1/GALNT10/FUT11/DAG1/C1GALT1/B3GALTL/POMGNT1/POFUT2/GALNT4/GALNT11/ADAMTSL5,up,FALSE
REACTOME_KSRP_KHSRP_BINDS_AND_DESTABILIZES_MRNA,REACTOME_KSRP_KHSRP_BINDS_AND_DESTABILIZES_MRNA,Reactome,Treg,SF_vs_PB_Treg,1.15543181,0.413245561,0.275801252,0.54281828,17,5,MAPK11/EXOSC4/EXOSC7/YWHAZ/AKT1,up,FALSE
REACTOME_DNA_STRAND_ELONGATION,REACTOME_DNA_STRAND_ELONGATION,Reactome,Treg,SF_vs_PB_Treg,1.13289567,0.347503389,0.276032513,0.54281828,32,21,RFC2/MCM6/POLD3/GINS1/RPA3/PCNA/POLD2/MCM3/FEN1/MCM2/GINS3/CDC45/RFC4/GINS2/POLA2/MCM7/MCM5/MCM4/LIG1/RFC5/RFC3,up,FALSE
REACTOME_JOSEPHIN_DOMAIN_DUBS,REACTOME_JOSEPHIN_DOMAIN_DUBS,Reactome,Treg,SF_vs_PB_Treg,1.16711779,0.469289126,0.278136008,0.545642361,11,6,JOSD2/JOSD1/RAD23A/UBC/UBB/VCP,up,FALSE
REACTOME_RSV_HOST_INTERACTIONS,REACTOME_RSV_HOST_INTERACTIONS,Reactome,Treg,SF_vs_PB_Treg,1.10658388,0.289758572,0.278157115,0.545642361,70,17,SDC4/ISG15/EIF2AK2/RBX1/LY96/TRIM25/MED31/MED7/BCAP31/UBC/UBB/GPC1/TCEB1/TCEB2/MED8/MED20/MED11,up,FALSE
REACTOME_REGULATION_OF_CYTOSKELETAL_REMODELING_AND_CELL_SPREADING_BY_IPP_COMPLEX_COMPONENTS,REACTOME_REGULATION_OF_CYTOSKELETAL_REMODELING_AND_CELL_SPREADING_BY_IPP_COMPLEX_COMPONENTS,Reactome,Treg,SF_vs_PB_Treg,-1.17702258,-0.533190563,0.278834587,0.545828766,7,3,LIMS1/PXN/ACTN1,down,FALSE
REACTOME_MITOPHAGY,REACTOME_MITOPHAGY,Reactome,Treg,SF_vs_PB_Treg,1.1253528800000001,0.332700531,0.279151174,0.545828766,38,15,VDAC1/SQSTM1/UBE2N/UBC/UBB/TBK1/MAP1LC3A/TOMM5/UBE2L3/OPTN/MAP1LC3B/SRC/VDAC2/MTERFD1/ATG5,up,FALSE
REACTOME_CYTOSOLIC_SULFONATION_OF_SMALL_MOLECULES,REACTOME_CYTOSOLIC_SULFONATION_OF_SMALL_MOLECULES,Reactome,Treg,SF_vs_PB_Treg,-1.16219957,-0.471284503,0.279285255,0.545828766,10,4,SULT1A1/SULT1A3/ABHD14B/SULT1B1,down,FALSE
REACTOME_PHENYLALANINE_METABOLISM,REACTOME_PHENYLALANINE_METABOLISM,Reactome,Treg,SF_vs_PB_Treg,1.19020978,0.602857576,0.28108857,0.548223611,5,3,IL4I1/PCBD1/QDPR,up,FALSE
REACTOME_E3_UBIQUITIN_LIGASES_UBIQUITINATE_TARGET_PROTEINS,REACTOME_E3_UBIQUITIN_LIGASES_UBIQUITINATE_TARGET_PROTEINS,Reactome,Treg,SF_vs_PB_Treg,1.11085853,0.30298243,0.281202395,0.548223611,56,17,VIMP/DERL1/HLA-A/UBE2A/RNF181/UBE2N/UBC/UBB/PEX2/VCP/UBE2B/UBE2L3/LEO1/PEX10/HIST1H2BI/RRAGA/PEX14,up,FALSE
REACTOME_REGULATION_OF_MITF_M_DEPENDENT_GENES_INVOLVED_IN_CELL_CYCLE_AND_PROLIFERATION,REACTOME_REGULATION_OF_MITF_M_DEPENDENT_GENES_INVOLVED_IN_CELL_CYCLE_AND_PROLIFERATION,Reactome,Treg,SF_vs_PB_Treg,-1.15007217,-0.421308804,0.281936849,0.548980228,14,3,LEF1/CDC25B/TCF7,down,FALSE
REACTOME_IKBA_VARIANT_LEADS_TO_EDA_ID,REACTOME_IKBA_VARIANT_LEADS_TO_EDA_ID,Reactome,Treg,SF_vs_PB_Treg,1.17488914,0.538971598,0.282935924,0.550219993,7,3,NFKB2/NFKBIA/IKBKG,up,FALSE
REACTOME_ELASTIC_FIBRE_FORMATION,REACTOME_ELASTIC_FIBRE_FORMATION,Reactome,Treg,SF_vs_PB_Treg,1.14785042,0.416954242,0.283267832,0.550219993,16,5,FURIN/LTBP3/EMILIN2/LOXL1/FN1,up,FALSE
REACTOME_PLASMA_LIPOPROTEIN_CLEARANCE,REACTOME_PLASMA_LIPOPROTEIN_CLEARANCE,Reactome,Treg,SF_vs_PB_Treg,1.12707663,0.347899702,0.283863628,0.550702387,31,9,NR1H2/LDLR/NCEH1/AP2B1/VLDLR/SOAT1/UBC/CLTC/UBB,up,FALSE
REACTOME_BETA_OXIDATION_OF_PRISTANOYL_COA,REACTOME_BETA_OXIDATION_OF_PRISTANOYL_COA,Reactome,Treg,SF_vs_PB_Treg,1.17343499,0.538304517,0.284447061,0.551159648,7,3,ACOX3/SCP2/CRAT,up,FALSE
REACTOME_NR1H2_AND_NR1H3_MEDIATED_SIGNALING,REACTOME_NR1H2_AND_NR1H3_MEDIATED_SIGNALING,Reactome,Treg,SF_vs_PB_Treg,1.12067942,0.334914873,0.285779224,0.552449685,36,15,RXRA/NR1H2/NCOR2/SCD/SREBF1/ABCA1/NCOA1/FASN/NCOR1/ABCG1/EEPD1/APOC1/APOE/TBL1X/PLTP,up,FALSE
REACTOME_NPAS4_REGULATES_EXPRESSION_OF_TARGET_GENES,REACTOME_NPAS4_REGULATES_EXPRESSION_OF_TARGET_GENES,Reactome,Treg,SF_vs_PB_Treg,1.15008858,0.433010605,0.285809932,0.552449685,14,3,NAMPT/GEM/FOS,up,FALSE
REACTOME_NR1H2_NR1H3_REGULATE_GENE_EXPRESSION_TO_LIMIT_CHOLESTEROL_UPTAKE,REACTOME_NR1H2_NR1H3_REGULATE_GENE_EXPRESSION_TO_LIMIT_CHOLESTEROL_UPTAKE,Reactome,Treg,SF_vs_PB_Treg,1.18427481,0.599851432,0.286630381,0.553151322,5,2,RXRA/NR1H2,up,FALSE
REACTOME_SLC_MEDIATED_TRANSPORT_OF_AMINO_ACIDS,REACTOME_SLC_MEDIATED_TRANSPORT_OF_AMINO_ACIDS,Reactome,Treg,SF_vs_PB_Treg,-1.13014485,-0.369557157,0.287070495,0.553151322,21,5,SLC43A1/SLC43A2/SLC38A1/SLC7A8/SLC16A10,down,FALSE
REACTOME_G_ALPHA_Z_SIGNALLING_EVENTS,REACTOME_G_ALPHA_Z_SIGNALLING_EVENTS,Reactome,Treg,SF_vs_PB_Treg,1.12732537,0.359127023,0.287513853,0.553151322,27,6,RGS16/GNG4/GNAI3/ADCY3/GNG2/GNG5,up,FALSE
REACTOME_WNT5A_DEPENDENT_INTERNALIZATION_OF_FZD2_FZD5_AND_ROR2,REACTOME_WNT5A_DEPENDENT_INTERNALIZATION_OF_FZD2_FZD5_AND_ROR2,Reactome,Treg,SF_vs_PB_Treg,1.1591466,0.493518246,0.287568889,0.553151322,9,6,AP2B1/CLTC/CLTA/AP2S1/AP2M1/AP2A1,up,FALSE
REACTOME_THE_NLRP3_INFLAMMASOME,REACTOME_THE_NLRP3_INFLAMMASOME,Reactome,Treg,SF_vs_PB_Treg,1.14462762,0.422974159,0.288693597,0.554641637,15,9,TXN/HSP90AB1/PSTPIP1/NFKB2/CASP1/SUGT1/HMOX1/PANX1/PYCARD,up,FALSE
REACTOME_UPTAKE_AND_FUNCTION_OF_DIPHTHERIA_TOXIN,REACTOME_UPTAKE_AND_FUNCTION_OF_DIPHTHERIA_TOXIN,Reactome,Treg,SF_vs_PB_Treg,1.17298692,0.563855807,0.289593207,0.555088115,6,4,CD9/HSP90AB1/HBEGF/TXNRD1,up,FALSE
REACTOME_VOLTAGE_GATED_POTASSIUM_CHANNELS,REACTOME_VOLTAGE_GATED_POTASSIUM_CHANNELS,Reactome,Treg,SF_vs_PB_Treg,-1.14146758,-0.418156663,0.289626417,0.555088115,14,8,KCNQ2/KCNH3/KCNQ1/KCNA2/KCNA6/KCNAB1/KCNH2/KCNA3,down,FALSE
REACTOME_ERKS_ARE_INACTIVATED,REACTOME_ERKS_ARE_INACTIVATED,Reactome,Treg,SF_vs_PB_Treg,1.14852791,0.441514254,0.291202673,0.557435068,13,7,DUSP4/DUSP3/DUSP6/PPP2CB/PPP2R1A/MAPK7/PPP2R1B,up,FALSE
REACTOME_MATURATION_OF_SARS_COV_1_SPIKE_PROTEIN,REACTOME_MATURATION_OF_SARS_COV_1_SPIKE_PROTEIN,Reactome,Treg,SF_vs_PB_Treg,1.17848431,0.596918462,0.292666997,0.558720309,5,4,PRKCSH/CANX/MGAT1/GANAB,up,FALSE
REACTOME_FGFR2_MUTANT_RECEPTOR_ACTIVATION,REACTOME_FGFR2_MUTANT_RECEPTOR_ACTIVATION,Reactome,Treg,SF_vs_PB_Treg,1.13861951,0.413601134,0.292931594,0.558720309,16,4,POLR2K/POLR2L/POLR2E/POLR2G,up,FALSE
REACTOME_SIGNALING_BY_FGFR2_IIIA_TM,REACTOME_SIGNALING_BY_FGFR2_IIIA_TM,Reactome,Treg,SF_vs_PB_Treg,1.13861951,0.413601134,0.292931594,0.558720309,16,4,POLR2K/POLR2L/POLR2E/POLR2G,up,FALSE
REACTOME_SIGNALING_BY_ERBB2,REACTOME_SIGNALING_BY_ERBB2,Reactome,Treg,SF_vs_PB_Treg,1.11271286,0.327240235,0.293838519,0.559744201,39,19,RHOA/CDC37/KRAS/PTK6/HBEGF/MATK/YES1/UBC/PRKCD/UBB/NRAS/DIAPH1/AKT1/RNF41/HRAS/SRC/PTPN12/ERBB3/HSP90AA1,up,FALSE
REACTOME_NOD1_2_SIGNALING_PATHWAY,REACTOME_NOD1_2_SIGNALING_PATHWAY,Reactome,Treg,SF_vs_PB_Treg,-1.10606035,-0.31706633,0.294745028,0.559744201,36,8,NOD1/RPS27A/MAP3K7/BIRC2/CASP4/UBA52/CASP2/MAP2K6,down,FALSE
REACTOME_TGFBR3_REGULATES_TGF_BETA_SIGNALING,REACTOME_TGFBR3_REGULATES_TGF_BETA_SIGNALING,Reactome,Treg,SF_vs_PB_Treg,-1.15981368,-0.525394943,0.294758089,0.559744201,7,2,TGFBR2/TGFBR3,down,FALSE
REACTOME_NONHOMOLOGOUS_END_JOINING_NHEJ,REACTOME_NONHOMOLOGOUS_END_JOINING_NHEJ,Reactome,Treg,SF_vs_PB_Treg,-1.08926783,-0.278880904,0.295187141,0.559744201,61,28,HIST1H2BJ/HIST1H2BO/HIST3H2BB/UIMC1/HIST1H4J/BRCC3/HIST2H2BE/PAXIP1/DCLRE1C/HIST1H2BC/HIST1H2BK/HIST1H2BL/XRCC4/POLM/BABAM1/MRE11A/RNF168/HIST1H4A/NHEJ1/HIST1H4F/HIST1H4E/HIST1H2BG/HIST1H2BN/FAM175A/POLL/HERC2/HIST4H4/ATM,down,FALSE
REACTOME_INLA_MEDIATED_ENTRY_OF_LISTERIA_MONOCYTOGENES_INTO_HOST_CELLS,REACTOME_INLA_MEDIATED_ENTRY_OF_LISTERIA_MONOCYTOGENES_INTO_HOST_CELLS,Reactome,Treg,SF_vs_PB_Treg,-1.14997412,-0.481748439,0.295234165,0.559744201,9,3,RPS27A/UBA52/CBLL1,down,FALSE
REACTOME_FOLDING_OF_ACTIN_BY_CCT_TRIC,REACTOME_FOLDING_OF_ACTIN_BY_CCT_TRIC,Reactome,Treg,SF_vs_PB_Treg,1.14920911,0.474563254,0.295732473,0.559770388,10,7,CCT6A/ACTB/TCP1/CCT3/CCT5/CCT7/CCT8,up,FALSE
REACTOME_AMINO_ACIDS_REGULATE_MTORC1,REACTOME_AMINO_ACIDS_REGULATE_MTORC1,Reactome,Treg,SF_vs_PB_Treg,1.1039941,0.30889416,0.295954313,0.559770388,49,18,LAMTOR5/RHEB/ATP6V0B/ATP6V1F/ATP6V1E1/ATP6V1B2/TCIRG1/ATP6V0E1/LAMTOR2/ATP6V1A/LAMTOR3/ATP6V0C/LAMTOR1/RRAGA/SEH1L/ATP6V1D/SEC13/RRAGC,up,FALSE
REACTOME_CO_INHIBITION_BY_BTLA,REACTOME_CO_INHIBITION_BY_BTLA,Reactome,Treg,SF_vs_PB_Treg,-1.16829674,-0.59020222,0.296838999,0.56077451,5,2,TNFRSF14/PTPN6,down,FALSE
REACTOME_RNA_POLYMERASE_III_CHAIN_ELONGATION,REACTOME_RNA_POLYMERASE_III_CHAIN_ELONGATION,Reactome,Treg,SF_vs_PB_Treg,1.13282762,0.39901553,0.297794326,0.561541346,18,5,POLR2K/POLR3K/POLR2L/POLR1C/POLR2E,up,FALSE
REACTOME_PROCESSING_OF_SMDT1,REACTOME_PROCESSING_OF_SMDT1,Reactome,Treg,SF_vs_PB_Treg,-1.12732722,-0.397500159,0.298085862,0.561541346,16,6,SMDT1/SPG7/PMPCB/PHB2/MICU3/CCDC109B,down,FALSE
REACTOME_PROPIONYL_COA_CATABOLISM,REACTOME_PROPIONYL_COA_CATABOLISM,Reactome,Treg,SF_vs_PB_Treg,1.17263087,0.593953615,0.298307768,0.561541346,5,3,MMAA/PCCB/MUT,up,FALSE
REACTOME_NUCLEAR_IMPORT_OF_REV_PROTEIN,REACTOME_NUCLEAR_IMPORT_OF_REV_PROTEIN,Reactome,Treg,SF_vs_PB_Treg,-1.10322176,-0.320569649,0.298731996,0.561672852,34,9,NUP133/RANBP2/NUP43/POM121/NUP210/TPR/NUP88/NUPL2/RCC1,down,FALSE
REACTOME_CARDIOGENESIS,REACTOME_CARDIOGENESIS,Reactome,Treg,SF_vs_PB_Treg,-1.13583516,-0.435557127,0.299515799,0.562479315,12,6,SMAD4/MEF2C/KAT2A/FOXO4/TBX20/LEF1,down,FALSE
REACTOME_RAS_SIGNALING_DOWNSTREAM_OF_NF1_LOSS_OF_FUNCTION_VARIANTS,REACTOME_RAS_SIGNALING_DOWNSTREAM_OF_NF1_LOSS_OF_FUNCTION_VARIANTS,Reactome,Treg,SF_vs_PB_Treg,1.16942548,0.592330042,0.301791192,0.566023899,5,4,SPRED2/KRAS/NRAS/HRAS,up,FALSE
REACTOME_PROTEIN_METHYLATION,REACTOME_PROTEIN_METHYLATION,Reactome,Treg,SF_vs_PB_Treg,-1.12289464,-0.3889345,0.302117488,0.566023899,17,11,PRMT3/N6AMT2/HSPA8/METTL21A/METTL20/VCPKMT/METTL22/CAMKMT/EEF1A1/RPS2/EEF2,down,FALSE
REACTOME_CREB_PHOSPHORYLATION,REACTOME_CREB_PHOSPHORYLATION,Reactome,Treg,SF_vs_PB_Treg,-1.15128491,-0.521531415,0.303402858,0.56648914399999994,7,4,RPS6KA3/CREB1/RPS6KA1/RPS6KA2,down,FALSE
REACTOME_CREB1_PHOSPHORYLATION_THROUGH_THE_ACTIVATION_OF_ADENYLATE_CYCLASE,REACTOME_CREB1_PHOSPHORYLATION_THROUGH_THE_ACTIVATION_OF_ADENYLATE_CYCLASE,Reactome,Treg,SF_vs_PB_Treg,1.14828051,0.506494377,0.303491915,0.56648914399999994,8,2,PRKAR1B/PRKAR1A,up,FALSE
REACTOME_RUNX3_REGULATES_IMMUNE_RESPONSE_AND_CELL_MIGRATION,REACTOME_RUNX3_REGULATES_IMMUNE_RESPONSE_AND_CELL_MIGRATION,Reactome,Treg,SF_vs_PB_Treg,1.15832253,0.556806622,0.303613744,0.56648914399999994,6,3,CBFB/ITGA4/SPP1,up,FALSE
REACTOME_BASE_EXCISION_REPAIR_AP_SITE_FORMATION,REACTOME_BASE_EXCISION_REPAIR_AP_SITE_FORMATION,Reactome,Treg,SF_vs_PB_Treg,-1.08825081,-0.288006904,0.30379544000000003,0.56648914399999994,52,22,H2AFV/HIST1H2BJ/TERF2/HIST1H2BO/HIST3H2BB/H2AFJ/HIST1H4J/HIST2H2BE/TERF2IP/HIST1H2BC/HIST1H2BK/HIST1H2BL/TERF1/HIST1H4A/HIST1H4F/HIST1H4E/HIST1H2BG/NTHL1/HIST1H2BN/MUTYH/HIST4H4/HIST1H2AC,down,FALSE
REACTOME_VISUAL_PHOTOTRANSDUCTION,REACTOME_VISUAL_PHOTOTRANSDUCTION,Reactome,Treg,SF_vs_PB_Treg,1.10381805,0.32462434,0.304542326,0.566621424,39,5,SDC4/MYO7A/RGS9/LRP8/LDLR,up,FALSE
REACTOME_CREATION_OF_C4_AND_C2_ACTIVATORS,REACTOME_CREATION_OF_C4_AND_C2_ACTIVATORS,Reactome,Treg,SF_vs_PB_Treg,1.15736788,0.556347722,0.304581359,0.566621424,6,3,C1QA/C1QB/C1QC,up,FALSE
REACTOME_UNWINDING_OF_DNA,REACTOME_UNWINDING_OF_DNA,Reactome,Treg,SF_vs_PB_Treg,1.13642047,0.445812602,0.304964675,0.566669414,12,10,MCM6/GINS1/MCM3/MCM2/GINS3/CDC45/GINS2/MCM7/MCM5/MCM4,up,FALSE
REACTOME_NEGATIVE_REGULATION_OF_FLT3,REACTOME_NEGATIVE_REGULATION_OF_FLT3,Reactome,Treg,SF_vs_PB_Treg,1.12400775,0.415354497,0.309644089,0.572756924,15,6,SOCS2/SLA2/PTPRJ/UBC/UBB/SLA,up,FALSE
REACTOME_FORMATION_OF_APOPTOSOME,REACTOME_FORMATION_OF_APOPTOSOME,Reactome,Treg,SF_vs_PB_Treg,1.13505459,0.468718177,0.30968066,0.572756924,10,4,CYCS/CASP9/DIABLO/APAF1,up,FALSE
REACTOME_PRESYNAPTIC_FUNCTION_OF_KAINATE_RECEPTORS,REACTOME_PRESYNAPTIC_FUNCTION_OF_KAINATE_RECEPTORS,Reactome,Treg,SF_vs_PB_Treg,1.12677105,0.42423151,0.309970158,0.572756924,14,6,GNG4/GNG2/GNG5/GNB1/GNGT2/GNG10,up,FALSE
REACTOME_SIGNALING_BY_NOTCH1_HD_DOMAIN_MUTANTS_IN_CANCER,REACTOME_SIGNALING_BY_NOTCH1_HD_DOMAIN_MUTANTS_IN_CANCER,Reactome,Treg,SF_vs_PB_Treg,1.13395059,0.455952851,0.309972475,0.572756924,11,5,NOTCH1/JAG2/UBC/UBB/MIB1,up,FALSE
REACTOME_MITOCHONDRIAL_FATTY_ACID_BETA_OXIDATION_OF_UNSATURATED_FATTY_ACIDS,REACTOME_MITOCHONDRIAL_FATTY_ACID_BETA_OXIDATION_OF_UNSATURATED_FATTY_ACIDS,Reactome,Treg,SF_vs_PB_Treg,1.1611641,0.588145542,0.31020287,0.572756924,5,2,ACADM/HADHB,up,FALSE
REACTOME_ASSEMBLY_OF_ACTIVE_LPL_AND_LIPC_LIPASE_COMPLEXES,REACTOME_ASSEMBLY_OF_ACTIVE_LPL_AND_LIPC_LIPASE_COMPLEXES,Reactome,Treg,SF_vs_PB_Treg,1.14050894,0.50306642,0.311030388,0.572756924,8,2,FURIN/LMF2,up,FALSE
REACTOME_LATE_SARS_COV_2_INFECTION_EVENTS,REACTOME_LATE_SARS_COV_2_INFECTION_EVENTS,Reactome,Treg,SF_vs_PB_Treg,1.08661256,0.289282973,0.311031566,0.572756924,64,28,FURIN/PARP9/FUT8/GALNT1/ST6GALNAC4/MAGT1/RPN2/PRMT1/RPN1/UBE2I/UBC/UBB/OSTC/DDOST/STT3A/TMEM258/DAD1/MGAT2/OST4/EDEM2/PARP10/MGAT4B/PRKCSH/SUMO1/SRPK1/CANX/ANO8/GSK3A,up,FALSE
REACTOME_MRNA_SPLICING_MINOR_PATHWAY,REACTOME_MRNA_SPLICING_MINOR_PATHWAY,Reactome,Treg,SF_vs_PB_Treg,1.09112392,0.304129671,0.311131679,0.572756924,50,20,POLR2K/SNRPB/ZMAT5/POLR2L/SNRPD1/POLR2E/SRSF2/SRSF7/SNRPD3/SNRPG/ZCRB1/EFTUD2/SF3B4/POLR2G/SNRPE/SF3B5/SNRNP200/POLR2I/SF3B14/DDX23,up,FALSE
REACTOME_SIGNALING_BY_MODERATE_KINASE_ACTIVITY_BRAF_MUTANTS,REACTOME_SIGNALING_BY_MODERATE_KINASE_ACTIVITY_BRAF_MUTANTS,Reactome,Treg,SF_vs_PB_Treg,1.09988899,0.328701656,0.312271578,0.573559509,36,15,IQGAP1/RAP1B/KRAS/TLN1/YWHAB/FN1/NRAS/PHB/CALM1/ACTB/HRAS/SRC/KSR1/ARRB1/ARAF,up,FALSE
REACTOME_PREGNENOLONE_BIOSYNTHESIS,REACTOME_PREGNENOLONE_BIOSYNTHESIS,Reactome,Treg,SF_vs_PB_Treg,1.13557013,0.48348033,0.312291392,0.573559509,9,5,TSPO/STARD3/STARD4/BZRAP1/STARD3NL,up,FALSE
REACTOME_PINK1_PRKN_MEDIATED_MITOPHAGY,REACTOME_PINK1_PRKN_MEDIATED_MITOPHAGY,Reactome,Treg,SF_vs_PB_Treg,1.10235305,0.340268166,0.31358949,0.574752219,31,14,VDAC1/SQSTM1/UBE2N/UBC/UBB/TBK1/MAP1LC3A/TOMM5/UBE2L3/OPTN/MAP1LC3B/VDAC2/MTERFD1/ATG5,up,FALSE
REACTOME_COMPLEX_IV_ASSEMBLY,REACTOME_COMPLEX_IV_ASSEMBLY,Reactome,Treg,SF_vs_PB_Treg,1.09377004,0.314790705,0.313943665,0.574752219,43,10,COX17/HIGD1A/COX20/NDUFA4/COX7A2/COA3/COX8A/SCO2/COX5A/CMC1,up,FALSE
REACTOME_CS_GAG_BIOSYNTHESIS,REACTOME_CS_GAG_BIOSYNTHESIS,Reactome,Treg,SF_vs_PB_Treg,1.12972332,0.454253096,0.31422632,0.574752219,11,7,CHPF/CHSY1/CHST3/CHST12/CSGALNACT1/CHPF2/CSGALNACT2,up,FALSE
REACTOME_TRANSCRIPTIONAL_AND_POST_TRANSLATIONAL_REGULATION_OF_MITF_M_EXPRESSION_AND_ACTIVITY,REACTOME_TRANSCRIPTIONAL_AND_POST_TRANSLATIONAL_REGULATION_OF_MITF_M_EXPRESSION_AND_ACTIVITY,Reactome,Treg,SF_vs_PB_Treg,1.09511365,0.318343086,0.314391277,0.574752219,41,12,CSF1/YWHAG/DARS/CTNNB1/TFE3/YWHAH/YWHAB/MARS/YWHAZ/UBE2I/EDNRB/RARS,up,FALSE
REACTOME_MATERNAL_TO_ZYGOTIC_TRANSITION_MZT,REACTOME_MATERNAL_TO_ZYGOTIC_TRANSITION_MZT,Reactome,Treg,SF_vs_PB_Treg,-1.06767401,-0.253461623,0.315750175,0.576571459,91,39,HIST1H2BO/HIST3H2BB/KDM6A/METTL23/H2AFJ/CNOT7/HIST1H4J/KDM5A/HIST2H2BE/CNOT10/DIS3L2/HIST1H2BC/CNOT4/HIST1H2BK/HIST1H2BL/CNOT6L/CNOT2/DICER1/HIRA/ZFP36L2/CNOT1/HIST1H4A/HIST1H4F/PABPN1/HIST1H4E/HIST1H2BG/HIST1H2BN/CREBBP/CNOT3/EIF4A2/ZCCHC11/CNOT8/HIST1H3A/HIST4H4/EIF4B/TP53/RPS2/HIST1H2AC/PABPC1,down,FALSE
REACTOME_NONCANONICAL_ACTIVATION_OF_NOTCH3,REACTOME_NONCANONICAL_ACTIVATION_OF_NOTCH3,Reactome,Treg,SF_vs_PB_Treg,1.13977965,0.522865385,0.316259445,0.576693385,7,5,PSEN2/PSEN1/PSENEN/NCSTN/APH1B,up,FALSE
REACTOME_PP2A_MEDIATED_DEPHOSPHORYLATION_OF_KEY_METABOLIC_FACTORS,REACTOME_PP2A_MEDIATED_DEPHOSPHORYLATION_OF_KEY_METABOLIC_FACTORS,Reactome,Treg,SF_vs_PB_Treg,1.15493658,0.584991215,0.316655121,0.576693385,5,3,PPP2CB/PPP2R1A/PPP2R1B,up,FALSE
REACTOME_DEX_H_BOX_HELICASES_ACTIVATE_TYPE_I_IFN_AND_INFLAMMATORY_CYTOKINES_PRODUCTION,REACTOME_DEX_H_BOX_HELICASES_ACTIVATE_TYPE_I_IFN_AND_INFLAMMATORY_CYTOKINES_PRODUCTION,Reactome,Treg,SF_vs_PB_Treg,1.1385268,0.52229065,0.317240703,0.576693385,7,3,IRF7/NFKB2/MYD88,up,FALSE
REACTOME_CATION_COUPLED_CHLORIDE_COTRANSPORTERS,REACTOME_CATION_COUPLED_CHLORIDE_COTRANSPORTERS,Reactome,Treg,SF_vs_PB_Treg,-1.15041469,-0.58116853,0.317272323,0.576693385,5,2,SLC12A7/SLC12A6,down,FALSE
REACTOME_IRF3_MEDIATED_INDUCTION_OF_TYPE_I_IFN,REACTOME_IRF3_MEDIATED_INDUCTION_OF_TYPE_I_IFN,Reactome,Treg,SF_vs_PB_Treg,1.12759259,0.465636763,0.31818094,0.576810891,10,4,TMEM173/IFI16/TBK1/TREX1,up,FALSE
REACTOME_SIGNALING_BY_NTRK3_TRKC,REACTOME_SIGNALING_BY_NTRK3_TRKC,Reactome,Treg,SF_vs_PB_Treg,-1.11342605,-0.407884139,0.318519915,0.576810891,14,5,IRS1/PTPRO/PLCG1/SOS1/PIK3R1,down,FALSE
REACTOME_TRANSCRIPTIONAL_REGULATION_BY_MECP2,REACTOME_TRANSCRIPTIONAL_REGULATION_BY_MECP2,Reactome,Treg,SF_vs_PB_Treg,1.09075511,0.313922999,0.318617318,0.576810891,43,7,NOTCH1/SGK1/PVALB/SLC2A3/PTPN1/NCOR2/PPARG,up,FALSE
REACTOME_NOTCH3_ACTIVATION_AND_TRANSMISSION_OF_SIGNAL_TO_THE_NUCLEUS,REACTOME_NOTCH3_ACTIVATION_AND_TRANSMISSION_OF_SIGNAL_TO_THE_NUCLEUS,Reactome,Treg,SF_vs_PB_Treg,1.11387247,0.392338961,0.318792644,0.576810891,18,9,JAG2/PSEN2/UBC/UBB/PSEN1/MIB1/PSENEN/NCSTN/APH1B,up,FALSE
REACTOME_REGULATION_OF_GENE_EXPRESSION_BY_HYPOXIA_INDUCIBLE_FACTOR,REACTOME_REGULATION_OF_GENE_EXPRESSION_BY_HYPOXIA_INDUCIBLE_FACTOR,Reactome,Treg,SF_vs_PB_Treg,1.12733286,0.479973227,0.319975937,0.578291745,9,3,EPAS1/HIGD1A/HIF1A,up,FALSE
REACTOME_TRIGLYCERIDE_BIOSYNTHESIS,REACTOME_TRIGLYCERIDE_BIOSYNTHESIS,Reactome,Treg,SF_vs_PB_Treg,1.1353317,0.520824919,0.320557355,0.578682696,7,4,GK/DGAT2/LPIN2/GPAT2,up,FALSE
REACTOME_ATF6_ATF6_ALPHA_ACTIVATES_CHAPERONES,REACTOME_ATF6_ATF6_ALPHA_ACTIVATES_CHAPERONES,Reactome,Treg,SF_vs_PB_Treg,1.1200812,0.439402781,0.321859161,0.580371753,12,6,CALR/DDIT3/HSP90B1/HSPA5/NFYC/ATF6,up,FALSE
REACTOME_WNT_MEDIATED_ACTIVATION_OF_DVL,REACTOME_WNT_MEDIATED_ACTIVATION_OF_DVL,Reactome,Treg,SF_vs_PB_Treg,-1.1273385,-0.489484144,0.323599328,0.581850024,8,2,PIP5K1B/CSNK1E,down,FALSE
REACTOME_ESR_MEDIATED_SIGNALING,REACTOME_ESR_MEDIATED_SIGNALING,Reactome,Treg,SF_vs_PB_Treg,1.05888692,0.239891609,0.323764058,0.581850024,180,46,KAT2B/CBFB/NR5A2/H3F3B/GNG4/HSP90AB1/POLR2K/CTSD/GNAI3/PPP5C/NOS3/GNG2/FOS/NCOA3/KRAS/GNG5/PRMT1/MMP9/HBEGF/HSPB1/ELK1/NCOA1/POLR2L/CDK9/NRAS/JUND/POLR2E/AKT1/SRF/GNB1/CALM1/FOSB/HRAS/FKBP4/HIST1H3F/SMC3/HIST1H2BI/SRC/POLR2G/GNGT2/MYB/KPNA2/ZDHHC21/GNG10/SPHK1/HSP90AA1,up,FALSE
REACTOME_DISEASES_OF_MISMATCH_REPAIR_MMR,REACTOME_DISEASES_OF_MISMATCH_REPAIR_MMR,Reactome,Treg,SF_vs_PB_Treg,-1.14495184,-0.5784088,0.323780266,0.581850024,5,2,PMS2/MSH3,down,FALSE
REACTOME_SIGNALING_BY_CYTOSOLIC_FGFR1_FUSION_MUTANTS,REACTOME_SIGNALING_BY_CYTOSOLIC_FGFR1_FUSION_MUTANTS,Reactome,Treg,SF_vs_PB_Treg,-1.09955863,-0.375020241,0.325547321,0.584121682,18,6,CPSF6/STAT5B/FGFR1OP2/PIK3R1/CUX1/CNTRL,down,FALSE
REACTOME_DEGRADATION_OF_CYSTEINE_AND_HOMOCYSTEINE,REACTOME_DEGRADATION_OF_CYSTEINE_AND_HOMOCYSTEINE,Reactome,Treg,SF_vs_PB_Treg,1.11413333,0.428292372,0.32578143,0.584121682,13,7,ETHE1/SUOX/SQRDL/ADC/MPST/TST/TXN2,up,FALSE
REACTOME_DEFECTIVE_B4GALT7_CAUSES_EDS_PROGEROID_TYPE,REACTOME_DEFECTIVE_B4GALT7_CAUSES_EDS_PROGEROID_TYPE,Reactome,Treg,SF_vs_PB_Treg,1.14255162,0.578718065,0.32853043,0.587573625,5,3,SDC4/GPC1/B4GALT7,up,FALSE
REACTOME_PI3K_AKT_SIGNALING_IN_CANCER,REACTOME_PI3K_AKT_SIGNALING_IN_CANCER,Reactome,Treg,SF_vs_PB_Treg,1.07514491,0.283751061,0.328653745,0.587573625,67,11,CDKN1A/CD80/NR4A1/NTRK2/PDGFA/CASP9/BAD/RHOG/HBEGF/FOXO1/ICOS,up,FALSE
REACTOME_M_PHASE,REACTOME_M_PHASE,Reactome,Treg,SF_vs_PB_Treg,1.04534816,0.218785379,0.328818805,0.587573625,373,105,LMNA/H3F3B/TUBB2A/ARPP19/YWHAG/TUBB6/PSMD1/DYNLL1/PMF1/NME7/DCTN2/BLZF1/RAB1B/DYNC1I2/PSMB5/PTTG1/PSMD14/TUBA1C/PSMC1/PSMB6/PSMC2/PSMB1/MAPRE1/PSMA7/ACTR1A/PSMD8/PSMD7/TUBA1A/ADRM1/BUB3/GOLGA2/BANF1/RAB1A/CHMP2B/PSMB3/PSMD11/CHMP2A/PSMA6/PSMD12/RANGAP1/CHMP6/PSMC3/UBE2I/CNEP1R1/PSMA3/UBC/UBB/PSMC4/DYNC1H1/B9D2/LPIN2/DYNC1LI2/PSMB7/NUP188/NUP37/PSMD13/CDC27/PSMB2/ENSA/CLIP1/SSNA1/PSMD3/EMD/PPP2CB/RAB2A/TUBB4B/PSMA5/ANAPC11/PAFAH1B1/AAAS/HIST1H3F/PPP2R1A/SMC3/HIST1H2BI/RAN/CC2D1B/NINL/TUBG1/TUBB/DYNC1LI1/PRKACA/SEH1L/APITD1/CLASP1/PPP2R1B/TUBA4A/ANAPC16/SEC13/TUBA1B/HSP90AA1/NCAPH/LMNB1/ESPL1/NCAPH2/NUP153/KIF18A/IST1/CSNK1D/SUMO1/NUP205/XPO1/YWHAE/NEK7/CENPJ/MASTL,up,FALSE
REACTOME_PROSTACYCLIN_SIGNALLING_THROUGH_PROSTACYCLIN_RECEPTOR,REACTOME_PROSTACYCLIN_SIGNALLING_THROUGH_PROSTACYCLIN_RECEPTOR,Reactome,Treg,SF_vs_PB_Treg,1.11088629,0.427044155,0.329314185,0.587796152,13,6,GNG4/GNG2/GNG5/GNB1/GNGT2/GNG10,up,FALSE
REACTOME_ACTIVATION_OF_RAS_IN_B_CELLS,REACTOME_ACTIVATION_OF_RAS_IN_B_CELLS,Reactome,Treg,SF_vs_PB_Treg,1.1402533,0.577553935,0.330846116,0.589866247,5,3,KRAS/NRAS/HRAS,up,FALSE
REACTOME_TNF_RECEPTOR_SUPERFAMILY_TNFSF_MEMBERS_MEDIATING_NON_CANONICAL_NF_KB_PATHWAY,REACTOME_TNF_RECEPTOR_SUPERFAMILY_TNFSF_MEMBERS_MEDIATING_NON_CANONICAL_NF_KB_PATHWAY,Reactome,Treg,SF_vs_PB_Treg,1.10263754,0.400530759,0.331681571,0.590691336,16,6,TNFRSF12A/LTA/TNFSF12/TRAF3/CD40LG/TRAF2,up,FALSE
REACTOME_IKK_COMPLEX_RECRUITMENT_MEDIATED_BY_RIP1,REACTOME_IKK_COMPLEX_RECRUITMENT_MEDIATED_BY_RIP1,Reactome,Treg,SF_vs_PB_Treg,1.09389441,0.366543325,0.333533001,0.593321894,22,8,LY96/RIPK3/UBE2N/UBC/UBB/TICAM2/TICAM1/IKBKG,up,FALSE
REACTOME_SIGNALING_BY_ERBB2_ECD_MUTANTS,REACTOME_SIGNALING_BY_ERBB2_ECD_MUTANTS,Reactome,Treg,SF_vs_PB_Treg,-1.10210345,-0.412163103,0.33394549,0.593389688,13,4,PLCG1/SOS1/PIK3R1/ERBB2IP,down,FALSE
REACTOME_DEVELOPMENTAL_LINEAGES_OF_THE_MAMMARY_GLAND,REACTOME_DEVELOPMENTAL_LINEAGES_OF_THE_MAMMARY_GLAND,Reactome,Treg,SF_vs_PB_Treg,1.09863932,0.392933463,0.334932676,0.59447737,17,5,VIM/TP63/CD44/MUC1/SHFM1,up,FALSE
REACTOME_PHOSPHORYLATED_BMAL1_CLOCK_ARNTL_CLOCK_ACTIVATES_EXPRESSION_OF_CORE_CLOCK_GENES,REACTOME_PHOSPHORYLATED_BMAL1_CLOCK_ARNTL_CLOCK_ACTIVATES_EXPRESSION_OF_CORE_CLOCK_GENES,Reactome,Treg,SF_vs_PB_Treg,1.09269311,0.370793952,0.336670862,0.595963693,21,2,BHLHE40/CREM,up,FALSE
REACTOME_EPIGENETIC_REGULATION_OF_GENE_EXPRESSION_BY_MLL3_AND_MLL4_COMPLEXES,REACTOME_EPIGENETIC_REGULATION_OF_GENE_EXPRESSION_BY_MLL3_AND_MLL4_COMPLEXES,Reactome,Treg,SF_vs_PB_Treg,1.05945921,0.257709747,0.336743436,0.595963693,109,15,PHLDA1/NR5A2/H3F3B/RXRA/AGPAT2/NCOR2/PPARG/NCOA3/ACSL1/MED31/SCD/DGAT2/MED7/DPY30/NCOA1,up,FALSE
REACTOME_METABOLISM_OF_NITRIC_OXIDE_NOS3_ACTIVATION_AND_REGULATION,REACTOME_METABOLISM_OF_NITRIC_OXIDE_NOS3_ACTIVATION_AND_REGULATION,Reactome,Treg,SF_vs_PB_Treg,1.10378595,0.424314659,0.336898088,0.595963693,13,8,NOS3/LYPLA1/AKT1/SPR/CALM1/CYB5B/ZDHHC21/HSP90AA1,up,FALSE
REACTOME_TRAFFICKING_OF_GLUR2_CONTAINING_AMPA_RECEPTORS,REACTOME_TRAFFICKING_OF_GLUR2_CONTAINING_AMPA_RECEPTORS,Reactome,Treg,SF_vs_PB_Treg,-1.10879599,-0.464498051,0.338229833,0.597652492,9,5,PICK1/AP2A2/NSF/PRKCB/PRKCA,down,FALSE
REACTOME_ESTROGEN_STIMULATED_SIGNALING_THROUGH_PRKCZ,REACTOME_ESTROGEN_STIMULATED_SIGNALING_THROUGH_PRKCZ,Reactome,Treg,SF_vs_PB_Treg,1.1242789,0.540441824,0.338862559,0.598103738,6,3,KRAS/NRAS/HRAS,up,FALSE
REACTOME_CONSTITUTIVE_SIGNALING_BY_AKT1_E17K_IN_CANCER,REACTOME_CONSTITUTIVE_SIGNALING_BY_AKT1_E17K_IN_CANCER,Reactome,Treg,SF_vs_PB_Treg,1.08603774,0.352611186,0.339611405,0.598758706,25,5,CDKN1A/NR4A1/CASP9/BAD/FOXO1,up,FALSE
REACTOME_PECAM1_INTERACTIONS,REACTOME_PECAM1_INTERACTIONS,Reactome,Treg,SF_vs_PB_Treg,-1.10197329,-0.446862097,0.34093406,0.60031114,10,3,INPP5D/PLCG1/PTPN6,down,FALSE
REACTOME_INWARDLY_RECTIFYING_K_CHANNELS,REACTOME_INWARDLY_RECTIFYING_K_CHANNELS,Reactome,Treg,SF_vs_PB_Treg,1.1023118,0.432431928,0.341249424,0.60031114,12,6,GNG4/GNG2/GNG5/GNB1/GNGT2/GNG10,up,FALSE
REACTOME_RAS_ACTIVATION_UPON_CA2_INFLUX_THROUGH_NMDA_RECEPTOR,REACTOME_RAS_ACTIVATION_UPON_CA2_INFLUX_THROUGH_NMDA_RECEPTOR,Reactome,Treg,SF_vs_PB_Treg,1.10268864,0.455352732,0.343778375,0.604089494,10,7,KRAS/NRAS/DLG4/CALM1/HRAS/DLG3/RASGRF2,up,FALSE
REACTOME_SIGNALING_BY_MAPK_MUTANTS,REACTOME_SIGNALING_BY_MAPK_MUTANTS,Reactome,Treg,SF_vs_PB_Treg,1.12616383,0.570417422,0.344324592,0.604379267,5,3,DUSP16/DUSP6/DUSP10,up,FALSE
REACTOME_SPECIFICATION_OF_THE_NEURAL_PLATE_BORDER,REACTOME_SPECIFICATION_OF_THE_NEURAL_PLATE_BORDER,Reactome,Treg,SF_vs_PB_Treg,1.124309,0.569477927,0.346382979,0.607319714,5,3,CTNNB1/SHFM1/MYB,up,FALSE
REACTOME_SIGNALING_BY_EGFR,REACTOME_SIGNALING_BY_EGFR,Reactome,Treg,SF_vs_PB_Treg,-1.06580308,-0.298353157,0.347956489,0.609404458,40,11,EPS15L1/PXN/CSK/SH3GL1/PLCG1/RPS27A/SOS1/PIK3R1/UBA52/PAG1/LRIG1,down,FALSE
REACTOME_FORMATION_OF_THE_DYSTROPHIN_GLYCOPROTEIN_COMPLEX_DGC,REACTOME_FORMATION_OF_THE_DYSTROPHIN_GLYCOPROTEIN_COMPLEX_DGC,Reactome,Treg,SF_vs_PB_Treg,1.08588634,0.388372302,0.349478475,0.609532159,17,9,SGCB/SNTA1/ACTG2/DAG1/LAMB3/ACTB/LAMA5/ACTA2/DTNB,up,FALSE
REACTOME_REGULATION_OF_PYRUVATE_DEHYDROGENASE_PDH_COMPLEX,REACTOME_REGULATION_OF_PYRUVATE_DEHYDROGENASE_PDH_COMPLEX,Reactome,Treg,SF_vs_PB_Treg,-1.08696415,-0.406501329,0.349680705,0.609532159,13,7,PDK2/PDHX/PDK3/SIRT4/PDPR/PDK1/PDP1,down,FALSE
REACTOME_CELL_EXTRACELLULAR_MATRIX_INTERACTIONS,REACTOME_CELL_EXTRACELLULAR_MATRIX_INTERACTIONS,Reactome,Treg,SF_vs_PB_Treg,-1.08230633,-0.388662448,0.349731833,0.609532159,15,4,LIMS1/PXN/LIMS2/ACTN1,down,FALSE
REACTOME_DEVELOPMENTAL_LINEAGE_OF_MAMMARY_GLAND_LUMINAL_EPITHELIAL_CELLS,REACTOME_DEVELOPMENTAL_LINEAGE_OF_MAMMARY_GLAND_LUMINAL_EPITHELIAL_CELLS,Reactome,Treg,SF_vs_PB_Treg,1.0959851,0.440687217,0.35023964,0.609532159,11,3,TP63/CD44/MUC1,up,FALSE
REACTOME_NEUROTRANSMITTER_RELEASE_CYCLE,REACTOME_NEUROTRANSMITTER_RELEASE_CYCLE,Reactome,Treg,SF_vs_PB_Treg,1.07941361,0.357792737,0.350507942,0.609532159,23,5,ARL6IP5/STX1A/SLC1A1/CPLX1/RAB3A,up,FALSE
REACTOME_GLYCOSPHINGOLIPID_BIOSYNTHESIS,REACTOME_GLYCOSPHINGOLIPID_BIOSYNTHESIS,Reactome,Treg,SF_vs_PB_Treg,1.09630157,0.452715207,0.350597917,0.609532159,10,4,B4GALT5/B3GALT4/UGCG/ST6GALNAC6,up,FALSE
REACTOME_BUDDING_AND_MATURATION_OF_HIV_VIRION,REACTOME_BUDDING_AND_MATURATION_OF_HIV_VIRION,Reactome,Treg,SF_vs_PB_Treg,1.07536465,0.345780667,0.350917218,0.609532159,26,9,CHMP5/VPS37C/TSG101/CHMP2B/CHMP2A/CHMP6/UBC/UBB/VPS37B,up,FALSE
REACTOME_CYTOSOLIC_IRON_SULFUR_CLUSTER_ASSEMBLY,REACTOME_CYTOSOLIC_IRON_SULFUR_CLUSTER_ASSEMBLY,Reactome,Treg,SF_vs_PB_Treg,1.09076879,0.419310635,0.351105906,0.609532159,13,3,FAM96B/NUBP1/CIAO1,up,FALSE
REACTOME_IRON_UPTAKE_AND_TRANSPORT,REACTOME_IRON_UPTAKE_AND_TRANSPORT,Reactome,Treg,SF_vs_PB_Treg,1.06437239,0.301915152,0.352607466,0.611469184,46,19,ATP6V0B/ATP6V1F/ATP6V1E1/ATP6V1B2/TCIRG1/ATP6V0E1/ATP6AP1/UBC/SLC11A2/UBB/ATP6V1A/HMOX2/HMOX1/GLRX3/ATP6V0C/NEDD8/ATP6V0A1/MCOLN1/ATP6V1D,up,FALSE
REACTOME_DEVELOPMENTAL_LINEAGE_OF_MAMMARY_GLAND_ALVEOLAR_CELLS,REACTOME_DEVELOPMENTAL_LINEAGE_OF_MAMMARY_GLAND_ALVEOLAR_CELLS,Reactome,Treg,SF_vs_PB_Treg,-1.10870771,-0.527519751,0.3537539,0.612731448,6,5,ESR1/KRT8/ITGA6/KRT18/MFGE8,down,FALSE
REACTOME_ACTIVATION_OF_SMO,REACTOME_ACTIVATION_OF_SMO,Reactome,Treg,SF_vs_PB_Treg,1.09264701,0.439344998,0.354108521,0.612731448,11,4,KIF3A/EVC/IQCE/ARRB1,up,FALSE
REACTOME_MAPK1_ERK2_ACTIVATION,REACTOME_MAPK1_ERK2_ACTIVATION,Reactome,Treg,SF_vs_PB_Treg,-1.09563404,-0.475718243,0.356715439,0.616569216,8,4,TYK2/JAK1/IL6ST/IL6R,down,FALSE
REACTOME_M_DECAY_DEGRADATION_OF_MATERNAL_MRNAS_BY_MATERNALLY_STORED_FACTORS,REACTOME_M_DECAY_DEGRADATION_OF_MATERNAL_MRNAS_BY_MATERNALLY_STORED_FACTORS,Reactome,Treg,SF_vs_PB_Treg,-1.06517568,-0.327045881,0.357267455,0.616817855,27,13,CNOT10/CNOT4/CNOT6L/CNOT2/DICER1/ZFP36L2/CNOT1/CNOT3/EIF4A2/CNOT8/EIF4B/RPS2/PABPC1,down,FALSE
REACTOME_LYSINE_CATABOLISM,REACTOME_LYSINE_CATABOLISM,Reactome,Treg,SF_vs_PB_Treg,-1.0945512,-0.475248081,0.357637608,0.616817855,8,7,DHTKD1/GCDH/DLST/AASS/PIPOX/PHYKPL/HYKK,down,FALSE
REACTOME_REGULATION_OF_GLUCOKINASE_BY_GLUCOKINASE_REGULATORY_PROTEIN,REACTOME_REGULATION_OF_GLUCOKINASE_BY_GLUCOKINASE_REGULATORY_PROTEIN,Reactome,Treg,SF_vs_PB_Treg,-1.06156991,-0.317775802,0.358719283,0.618010939,30,8,NUP133/RANBP2/NUP43/POM121/NUP210/TPR/NUP88/NUPL2,down,FALSE
REACTOME_TRAF6_MEDIATED_IRF7_ACTIVATION,REACTOME_TRAF6_MEDIATED_IRF7_ACTIVATION,Reactome,Treg,SF_vs_PB_Treg,1.07694653,0.391198553,0.361660117,0.622173649,16,7,TANK/IRF7/TRIM25/TBK1/TRAF2/IFIH1/RNF135,up,FALSE
REACTOME_EICOSANOID_LIGAND_BINDING_RECEPTORS,REACTOME_EICOSANOID_LIGAND_BINDING_RECEPTORS,Reactome,Treg,SF_vs_PB_Treg,-1.09061238,-0.473537866,0.361920571,0.622173649,8,3,PTGIR/PTGDR2/PTGER2,down,FALSE
REACTOME_HDMS_DEMETHYLATE_HISTONES,REACTOME_HDMS_DEMETHYLATE_HISTONES,Reactome,Treg,SF_vs_PB_Treg,-1.05250406,-0.288692254,0.362684479,0.622811375,44,21,KDM5D/HIST1H3H/KDM2A/KDM4A/KDM6A/KDM3B/PHF2/HIST1H4J/KDM5A/KDM3A/KDM5C/KDM1A/HIST1H4A/HIST1H4F/KDM7A/HIST1H4E/UTY/MINA/HIST1H3A/KDM4C/HIST4H4,down,FALSE
REACTOME_TRANSCRIPTION_OF_E2F_TARGETS_UNDER_NEGATIVE_CONTROL_BY_P107_RBL1_AND_P130_RBL2_IN_COMPLEX_WITH_HDAC1,REACTOME_TRANSCRIPTION_OF_E2F_TARGETS_UNDER_NEGATIVE_CONTROL_BY_P107_RBL1_AND_P130_RBL2_IN_COMPLEX_WITH_HDAC1,Reactome,Treg,SF_vs_PB_Treg,-1.06820253,-0.376652552,0.364658159,0.624999479,16,6,LIN9/RBL1/HDAC1/LIN52/TFDP2/RBL2,down,FALSE
REACTOME_MAPK_TARGETS_NUCLEAR_EVENTS_MEDIATED_BY_MAP_KINASES,REACTOME_MAPK_TARGETS_NUCLEAR_EVENTS_MEDIATED_BY_MAP_KINASES,Reactome,Treg,SF_vs_PB_Treg,1.0625899,0.3279943,0.36474733,0.624999479,31,12,DUSP4/MAPK11/MAPKAPK2/FOS/DUSP3/MAPK8/ELK1/DUSP6/PPP2CB/PPP2R1A/MAPK7/PPP2R1B,up,FALSE
REACTOME_GAB1_SIGNALOSOME,REACTOME_GAB1_SIGNALOSOME,Reactome,Treg,SF_vs_PB_Treg,-1.07729712,-0.436855642,0.367612612,0.628722388,10,4,PXN/CSK/PIK3R1/PAG1,down,FALSE
REACTOME_HIV_ELONGATION_ARREST_AND_RECOVERY,REACTOME_HIV_ELONGATION_ARREST_AND_RECOVERY,Reactome,Treg,SF_vs_PB_Treg,1.05990696,0.325114899,0.367841974,0.628722388,32,13,POLR2K/NELFE/POLR2L/CDK9/TCEB1/POLR2E/TCEB2/POLR2G/NELFCD/POLR2I/ELL/TCEB3/SUPT16H,up,FALSE
REACTOME_INSERTION_OF_TAIL_ANCHORED_PROTEINS_INTO_THE_ENDOPLASMIC_RETICULUM_MEMBRANE,REACTOME_INSERTION_OF_TAIL_ANCHORED_PROTEINS_INTO_THE_ENDOPLASMIC_RETICULUM_MEMBRANE,Reactome,Treg,SF_vs_PB_Treg,1.06624293,0.36181836,0.368812579,0.628722388,21,8,PRNP/STX1A/SEC61G/OTOF/ALDH3A2/SEC61B/EMD/HMOX1,up,FALSE
REACTOME_SLC_MEDIATED_TRANSPORT_OF_ORGANIC_CATIONS,REACTOME_SLC_MEDIATED_TRANSPORT_OF_ORGANIC_CATIONS,Reactome,Treg,SF_vs_PB_Treg,-1.09015103,-0.4938378,0.368870675,0.628722388,7,6,SLC22A5/RUNX1/SLC25A26/SLC14A2/SLC22A3/SLC14A1,down,FALSE
REACTOME_SYNTHESIS_OF_PC,REACTOME_SYNTHESIS_OF_PC,Reactome,Treg,SF_vs_PB_Treg,1.06763971,0.366616584,0.368903357,0.628722388,20,7,PCTP/CHKB/PCYT1A/LPIN2/MFSD2A/PEMT/LPCAT1,up,FALSE
REACTOME_SHC1_EVENTS_IN_EGFR_SIGNALING,REACTOME_SHC1_EVENTS_IN_EGFR_SIGNALING,Reactome,Treg,SF_vs_PB_Treg,1.08353424,0.477935482,0.369541442,0.62913339,8,4,KRAS/HBEGF/NRAS/HRAS,up,FALSE
REACTOME_SIGNALING_BY_SCF_KIT,REACTOME_SIGNALING_BY_SCF_KIT,Reactome,Treg,SF_vs_PB_Treg,-1.05084686,-0.303208696,0.37050583,0.630098434,35,8,STAT5B/GRAP2/GRAP/SOS1/PIK3R1/FER/PRKCA/PTPN6,down,FALSE
REACTOME_TRANSCRIPTIONAL_REGULATION_OF_GRANULOPOIESIS,REACTOME_TRANSCRIPTIONAL_REGULATION_OF_GRANULOPOIESIS,Reactome,Treg,SF_vs_PB_Treg,1.04516242,0.270917246,0.371393834,0.630446991,74,5,CDKN1A/CBFB/H3F3B/RXRA/STAT3,up,FALSE
REACTOME_SIGNALING_BY_PDGF,REACTOME_SIGNALING_BY_PDGF,Reactome,Treg,SF_vs_PB_Treg,1.05516571,0.311950319,0.371506303,0.630446991,38,6,FURIN/COL9A2/STAT3/PDGFA/COL5A1/KRAS,up,FALSE
REACTOME_NEPHRIN_FAMILY_INTERACTIONS,REACTOME_NEPHRIN_FAMILY_INTERACTIONS,Reactome,Treg,SF_vs_PB_Treg,1.07112373,0.403280183,0.372790573,0.631921223,14,2,IQGAP1/ACTN4,up,FALSE
REACTOME_SHC1_EVENTS_IN_ERBB4_SIGNALING,REACTOME_SHC1_EVENTS_IN_ERBB4_SIGNALING,Reactome,Treg,SF_vs_PB_Treg,1.08370775,0.497142821,0.373172407,0.631921223,7,4,KRAS/HBEGF/NRAS/HRAS,up,FALSE
REACTOME_DEFECTIVE_INTRINSIC_PATHWAY_FOR_APOPTOSIS,REACTOME_DEFECTIVE_INTRINSIC_PATHWAY_FOR_APOPTOSIS,Reactome,Treg,SF_vs_PB_Treg,-1.05490396,-0.33331888,0.373687048,0.632117366,24,6,CDK5R1/FOXO3/BCL2L11/TP53/CDC25B/APP,down,FALSE
REACTOME_INITIATION_OF_NUCLEAR_ENVELOPE_NE_REFORMATION,REACTOME_INITIATION_OF_NUCLEAR_ENVELOPE_NE_REFORMATION,Reactome,Treg,SF_vs_PB_Treg,1.06356019,0.369736952,0.375351302,0.633750342,19,10,LMNA/BANF1/EMD/PPP2R1A/LMNB1/CDK1/ANKLE2/VRK2/PPP2CA/PPP2R2A,up,FALSE
REACTOME_SIGNALING_BY_BRAF_AND_RAF1_FUSIONS,REACTOME_SIGNALING_BY_BRAF_AND_RAF1_FUSIONS,Reactome,Treg,SF_vs_PB_Treg,1.04806038,0.288766279,0.375452096,0.633750342,53,17,IQGAP1/LMNA/AGTRAP/RAP1B/KRAS/TLN1/YWHAB/PAPSS1/FN1/NRAS/CALM1/ACTB/HRAS/FAM114A2/SRC/FAM131B/KSR1,up,FALSE
REACTOME_DNA_DAMAGE_RECOGNITION_IN_GG_NER,REACTOME_DNA_DAMAGE_RECOGNITION_IN_GG_NER,Reactome,Treg,SF_vs_PB_Treg,1.05150401,0.31086777,0.376167589,0.634282583,38,12,RBX1/DDB2/RAD23A/UBC/UBB/INO80C/ACTL6A/TFPT/ACTB/COPS7A/COPS6/COPS8,up,FALSE
REACTOME_FERTILIZATION,REACTOME_FERTILIZATION,Reactome,Treg,SF_vs_PB_Treg,1.07132148,0.456125825,0.379434138,0.639110636,9,2,IZUMO4/CD9,up,FALSE
REACTOME_CONSTITUTIVE_SIGNALING_BY_LIGAND_RESPONSIVE_EGFR_CANCER_VARIANTS,REACTOME_CONSTITUTIVE_SIGNALING_BY_LIGAND_RESPONSIVE_EGFR_CANCER_VARIANTS,Reactome,Treg,SF_vs_PB_Treg,-1.05430762,-0.371753151,0.380545931,0.640302867,16,5,PLCG1/RPS27A/SOS1/PIK3R1/UBA52,down,FALSE
REACTOME_TRIGLYCERIDE_METABOLISM,REACTOME_TRIGLYCERIDE_METABOLISM,Reactome,Treg,SF_vs_PB_Treg,1.05889648,0.372974786,0.381239487,0.640734522,18,8,PLIN3/GK/PPP1CB/DGAT2/LPIN2/FABP5/GPAT2/PRKACA,up,FALSE
REACTOME_SUMOYLATION_OF_CHROMATIN_ORGANIZATION_PROTEINS,REACTOME_SUMOYLATION_OF_CHROMATIN_ORGANIZATION_PROTEINS,Reactome,Treg,SF_vs_PB_Treg,-1.03573924,-0.260262377,0.381610971,0.640734522,67,17,HIST1H4A/NUP133/HIST1H4F/RANBP2/HIST1H4E/NUP43/PIAS2/PHC1/POM121/NUP210/HDAC4/TPR/PHC3/PIAS1/NUP88/NUPL2/HIST4H4,down,FALSE
REACTOME_TRANSCRIPTIONAL_REGULATION_BY_TP53,REACTOME_TRANSCRIPTIONAL_REGULATION_BY_TP53,Reactome,Treg,SF_vs_PB_Treg,1.02515389,0.216571445,0.382428748,0.641428112,339,65,CDKN1A/CRADD/DDIT4/TXN/GADD45A/SGK1/BID/PRDX5/YWHAG/LAMTOR5/RHEB/GPI/POLR2K/MAPK11/TP63/CYCS/PERP/AIFM2/PRDX1/TP73/DDB2/FOS/PRDM1/PRMT1/NBN/NDUFA4/COX7A2/YWHAH/YWHAB/NELFE/TP53I3/YWHAZ/PRKAB1/UBC/TAF13/UBB/YWHAQ/POLR2L/COX8A/CDK9/LAMTOR2/SCO2/NDRG1/TXNRD1/TCEB1/COX5A/PIN1/FAS/BNIP3L/CASP1/POLR2E/AKT1/RABGGTB/TCEB2/PCBP4/RQCD1/RAD50/LAMTOR3/RHNO1/RFC2/PLAGL1/MLH1/PPP2CB/GTF2H5/LAMTOR1,up,FALSE
REACTOME_LYSOSOME_VESICLE_BIOGENESIS,REACTOME_LYSOSOME_VESICLE_BIOGENESIS,Reactome,Treg,SF_vs_PB_Treg,1.04827382,0.328314645,0.383481585,0.642514072,29,8,AP1S1/AP4M1/VAMP8/CTSZ/DNASE2/CHMP2A/ARF1/CLTC,up,FALSE
REACTOME_SUMOYLATION_OF_TRANSCRIPTION_FACTORS,REACTOME_SUMOYLATION_OF_TRANSCRIPTION_FACTORS,Reactome,Treg,SF_vs_PB_Treg,1.0586467,0.391201634,0.3847151,0.643900141,15,5,SUMO3/TP53BP1/SUMO2/PIAS3/UBE2I,up,FALSE
REACTOME_PDH_COMPLEX_SYNTHESIZES_ACETYL_COA_FROM_PYR,REACTOME_PDH_COMPLEX_SYNTHESIZES_ACETYL_COA_FROM_PYR,Reactome,Treg,SF_vs_PB_Treg,1.08751404,0.550840775,0.385551707,0.644619679,5,4,PDHA1/DLAT/DLD/PDHB,up,FALSE
REACTOME_ENERGY_DEPENDENT_REGULATION_OF_MTOR_BY_LKB1_AMPK,REACTOME_ENERGY_DEPENDENT_REGULATION_OF_MTOR_BY_LKB1_AMPK,Reactome,Treg,SF_vs_PB_Treg,1.04868255,0.33720111,0.387049506,0.646046703,26,9,LAMTOR5/RHEB/CAB39/PRKAB1/LAMTOR2/LAMTOR3/LAMTOR1/RRAGA/RRAGC,up,FALSE
REACTOME_COBALAMIN_CBL_METABOLISM,REACTOME_COBALAMIN_CBL_METABOLISM,Reactome,Treg,SF_vs_PB_Treg,-1.07357934,-0.486330835,0.387220421,0.646046703,7,5,MMACHC/MMADHC/MTR/MMAB/MTRR,down,FALSE
REACTOME_SUPPRESSION_OF_APOPTOSIS,REACTOME_SUPPRESSION_OF_APOPTOSIS,Reactome,Treg,SF_vs_PB_Treg,1.07503384,0.516769681,0.38935624,0.648927067,6,1,RNF213,up,FALSE
REACTOME_PROLONGED_ERK_ACTIVATION_EVENTS,REACTOME_PROLONGED_ERK_ACTIVATION_EVENTS,Reactome,Treg,SF_vs_PB_Treg,1.05609812,0.405982621,0.38985101,0.649069171,13,3,NTRK1/YWHAB/RAPGEF1,up,FALSE
REACTOME_DISEASES_OF_THE_UREA_CYCLE,REACTOME_DISEASES_OF_THE_UREA_CYCLE,Reactome,Treg,SF_vs_PB_Treg,-1.08306231,-0.547143339,0.391790291,0.650596876,5,2,NMRAL1/ARG1,down,FALSE
REACTOME_WNT5A_DEPENDENT_INTERNALIZATION_OF_FZD4,REACTOME_WNT5A_DEPENDENT_INTERNALIZATION_OF_FZD4,Reactome,Treg,SF_vs_PB_Treg,-1.05289918,-0.403753785,0.391952248,0.650596876,12,2,PRKCB/PRKCA,down,FALSE
REACTOME_ASSEMBLY_OF_THE_ORC_COMPLEX_AT_THE_ORIGIN_OF_REPLICATION,REACTOME_ASSEMBLY_OF_THE_ORC_COMPLEX_AT_THE_ORIGIN_OF_REPLICATION,Reactome,Treg,SF_vs_PB_Treg,-1.03085663,-0.268503515,0.392142004,0.650596876,56,24,HIST1H2AE/HIST1H3H/ORC5/H3F3A/H2AFV/HIST1H2BJ/HIST1H2BO/HIST3H2BB/H2AFJ/KPNB1/HIST1H4J/HIST2H2BE/HIST1H2BC/HIST1H2BK/HIST1H2BL/HIST1H4A/HIST1H4F/HIST1H4E/HIST1H2BG/HIST1H2BN/ORC4/HIST1H3A/HIST4H4/HIST1H2AC,down,FALSE
REACTOME_SIALIC_ACID_METABOLISM,REACTOME_SIALIC_ACID_METABOLISM,Reactome,Treg,SF_vs_PB_Treg,1.04492685,0.339263436,0.392410482,0.650596876,25,7,NANS/ST6GALNAC4/NEU1/CTSA/CMAS/SLC17A5/GNE,up,FALSE
REACTOME_SYNTHESIS_OF_DOLICHYL_PHOSPHATE,REACTOME_SYNTHESIS_OF_DOLICHYL_PHOSPHATE,Reactome,Treg,SF_vs_PB_Treg,1.06411566,0.488155093,0.393661073,0.651988298,7,5,DHDDS/MVD/DOLK/SRD5A3/DHRSX,up,FALSE
REACTOME_PHOSPHORYLATION_AND_NUCLEAR_TRANSLOCATION_OF_THE_CRY_PER_KINASE_COMPLEX,REACTOME_PHOSPHORYLATION_AND_NUCLEAR_TRANSLOCATION_OF_THE_CRY_PER_KINASE_COMPLEX,Reactome,Treg,SF_vs_PB_Treg,-1.04682034,-0.383484303,0.394766065,0.653135922,14,5,CRY2/PER2/PER3/PPP1CC/CSNK1E,down,FALSE
REACTOME_RUNX1_REGULATES_ESTROGEN_RECEPTOR_MEDIATED_TRANSCRIPTION,REACTOME_RUNX1_REGULATES_ESTROGEN_RECEPTOR_MEDIATED_TRANSCRIPTION,Reactome,Treg,SF_vs_PB_Treg,1.06690538,0.512862321,0.398163507,0.656340548,6,1,CBFB,up,FALSE
REACTOME_TOLL_LIKE_RECEPTOR_9_TLR9_CASCADE,REACTOME_TOLL_LIKE_RECEPTOR_9_TLR9_CASCADE,Reactome,Treg,SF_vs_PB_Treg,1.02658702,0.250986928,0.398231873,0.656340548,105,32,MAPKAPK3/DUSP4/MAPK11/USP18/IRAK2/MAPKAPK2/LY96/N4BP1/FOS/IRF7/IKBIP/SLC15A4/DUSP3/NFKBIB/MAPK8/USP14/UBE2N/UBC/ELK1/UBB/NFKB2/NFKBIA/NKIRAS2/TICAM2/IRF5/PELI3/TICAM1/IKBKG/S100B/DUSP6/PPP2CB/TNIP2,up,FALSE
REACTOME_PRE_NOTCH_EXPRESSION_AND_PROCESSING,REACTOME_PRE_NOTCH_EXPRESSION_AND_PROCESSING,Reactome,Treg,SF_vs_PB_Treg,1.02756407,0.256657835,0.398291065,0.656340548,92,10,KAT2B/RBPJ/FURIN/H3F3B/NOTCH1/PRKCI/MAMLD1/NOTCH2/ATP2A2/TMED2,up,FALSE
REACTOME_ACETYLCHOLINE_NEUROTRANSMITTER_RELEASE_CYCLE,REACTOME_ACETYLCHOLINE_NEUROTRANSMITTER_RELEASE_CYCLE,Reactome,Treg,SF_vs_PB_Treg,1.05538816,0.465520546,0.399187563,0.656340548,8,4,STX1A/CPLX1/RAB3A/BZRAP1,up,FALSE
REACTOME_NOREPINEPHRINE_NEUROTRANSMITTER_RELEASE_CYCLE,REACTOME_NOREPINEPHRINE_NEUROTRANSMITTER_RELEASE_CYCLE,Reactome,Treg,SF_vs_PB_Treg,1.05538816,0.465520546,0.399187563,0.656340548,8,4,STX1A/CPLX1/RAB3A/BZRAP1,up,FALSE
REACTOME_SEROTONIN_NEUROTRANSMITTER_RELEASE_CYCLE,REACTOME_SEROTONIN_NEUROTRANSMITTER_RELEASE_CYCLE,Reactome,Treg,SF_vs_PB_Treg,1.05538816,0.465520546,0.399187563,0.656340548,8,4,STX1A/CPLX1/RAB3A/BZRAP1,up,FALSE
REACTOME_TERMINATION_OF_TRANSLESION_DNA_SYNTHESIS,REACTOME_TERMINATION_OF_TRANSLESION_DNA_SYNTHESIS,Reactome,Treg,SF_vs_PB_Treg,1.03695984,0.320082957,0.400179823,0.656625241,31,13,ISG15/TRIM25/UBC/UBB/RFC2/POLD3/POLK/RPA3/UBE2L6/PCNA/POLD2/POLE2/POLE,up,FALSE
REACTOME_METALLOPROTEASE_DUBS,REACTOME_METALLOPROTEASE_DUBS,Reactome,Treg,SF_vs_PB_Treg,1.03678989,0.313934673,0.400555413,0.656625241,34,6,KAT2B/STAMBP/PSMD14/BRE/UBC/UBB,up,FALSE
REACTOME_TRNA_MODIFICATION_IN_THE_MITOCHONDRION,REACTOME_TRNA_MODIFICATION_IN_THE_MITOCHONDRION,Reactome,Treg,SF_vs_PB_Treg,-1.04682072,-0.412199707,0.400603538,0.656625241,11,5,TRMT61B/KIAA0391/PUS1/MTO1/OSGEPL1,down,FALSE
REACTOME_N_GLYCAN_TRIMMING_IN_THE_ER_AND_CALNEXIN_CALRETICULIN_CYCLE,REACTOME_N_GLYCAN_TRIMMING_IN_THE_ER_AND_CALNEXIN_CALRETICULIN_CYCLE,Reactome,Treg,SF_vs_PB_Treg,1.03598064,0.313689635,0.401925677,0.657439089,34,18,DERL1/PSMC1/PDIA3/CALR/RNF5/UBC/UBB/RNF103/OS9/VCP/DERL2/EDEM1/EDEM2/MLEC/TRIM13/PRKCSH/CANX/SEL1L,up,FALSE
REACTOME_ABORTIVE_ELONGATION_OF_HIV_1_TRANSCRIPT_IN_THE_ABSENCE_OF_TAT,REACTOME_ABORTIVE_ELONGATION_OF_HIV_1_TRANSCRIPT_IN_THE_ABSENCE_OF_TAT,Reactome,Treg,SF_vs_PB_Treg,1.04006871,0.344751103,0.40199435,0.657439089,23,7,POLR2K/NELFE/POLR2L/POLR2E/POLR2G/NELFCD/POLR2I,up,FALSE
REACTOME_RETROGRADE_NEUROTROPHIN_SIGNALLING,REACTOME_RETROGRADE_NEUROTROPHIN_SIGNALLING,Reactome,Treg,SF_vs_PB_Treg,1.04895058,0.421774998,0.402344427,0.657439089,11,3,NTRK1/AP2B1/CLTC,up,FALSE
REACTOME_ATF4_ACTIVATES_GENES_IN_RESPONSE_TO_ENDOPLASMIC_RETICULUM_STRESS,REACTOME_ATF4_ACTIVATES_GENES_IN_RESPONSE_TO_ENDOPLASMIC_RETICULUM_STRESS,Reactome,Treg,SF_vs_PB_Treg,1.03749897,0.336851777,0.402776744,0.657467702,25,12,ATF3/EXOSC4/HERPUD1/EXOSC7/DDIT3/CCL2/NFYC/ATF6/CEBPG/EXOSC3/EXOSC9/ASNS,up,FALSE
REACTOME_PLASMA_LIPOPROTEIN_REMODELING,REACTOME_PLASMA_LIPOPROTEIN_REMODELING,Reactome,Treg,SF_vs_PB_Treg,1.04420729,0.393146092,0.403416482,0.657801415,14,7,FURIN/LMF2/ANGPTL4/P4HB/ABCG1/APOE/PLTP,up,FALSE
REACTOME_DEATH_RECEPTOR_SIGNALING,REACTOME_DEATH_RECEPTOR_SIGNALING,Reactome,Treg,SF_vs_PB_Treg,1.02240788,0.239359004,0.403843001,0.657801415,141,46,TNF/FASLG/RHOA/MAPKAPK2/PLEKHG2/SPPL2A/PRKCI/ARHGDIA/ARHGEF12/TIAM2/FGD1/BAD/TRAF1/FADD/ARHGEF5/MAPK8/PSEN2/SQSTM1/AKAP13/UBC/UBB/PSEN1/NFKBIA/TBK1/MAGED1/FAS/FGD2/VAV2/PRDM4/UBE2L3/IKBKG/OPTN/ARHGEF35/PSENEN/CFLAR/ABR/TRAF2/SOS2/ARHGEF40/MYD88/NCSTN/GNA13/BAG4/RASGRF2/APH1B/IRAK1,up,FALSE
REACTOME_NEF_AND_SIGNAL_TRANSDUCTION,REACTOME_NEF_AND_SIGNAL_TRANSDUCTION,Reactome,Treg,SF_vs_PB_Treg,1.05126813,0.463703243,0.404226232,0.657801415,8,2,PAK2/DOCK2,up,FALSE
REACTOME_ROBO_RECEPTORS_BIND_AKAP5,REACTOME_ROBO_RECEPTORS_BIND_AKAP5,Reactome,Treg,SF_vs_PB_Treg,-1.05715855,-0.478892228,0.405488613,0.659178925,7,3,ROBO3/PRKACB/PRKCA,down,FALSE
REACTOME_TRAF3_DEPENDENT_IRF_ACTIVATION_PATHWAY,REACTOME_TRAF3_DEPENDENT_IRF_ACTIVATION_PATHWAY,Reactome,Treg,SF_vs_PB_Treg,1.04059678,0.391786727,0.408084016,0.662718406,14,6,IRF7/TRIM25/TRAF3/TBK1/IFIH1/RNF135,up,FALSE
REACTOME_SIGNALING_BY_WNT,REACTOME_SIGNALING_BY_WNT,Reactome,Treg,SF_vs_PB_Treg,1.01845428,0.223317861,0.409376263,0.664136516,236,58,H3F3B/GNG4/PSMD1/RHOA/RBX1/CTNNB1/VPS26A/PSMB5/PSMD14/AP2B1/PSMC1/PSMB6/PSMC2/PSMB1/GNG2/PSMA7/PSMD8/KRAS/PSMD7/GNG5/ADRM1/PSMB3/PSMD11/PSMA6/PARD6A/ITPR1/YWHAZ/ITPR3/PSMD12/PSMC3/PSMA3/UBC/CLTC/UBB/PSMC4/DPY30/VPS35/RAC3/PSMB7/PSMD13/AKT1/WLS/TCF4/PSMB2/DVL3/PSMD3/WNT9A/GNB1/CALM1/PFN1/PPP2CB/WNT10A/PSMA5/LEO1/SOX4/VPS29/HIST1H3F/PPP2R1A,up,FALSE
REACTOME_ERYTHROPOIETIN_ACTIVATES_RAS,REACTOME_ERYTHROPOIETIN_ACTIVATES_RAS,Reactome,Treg,SF_vs_PB_Treg,1.03820312,0.399103471,0.410433146,0.665170283,13,7,KRAS/NRAS/RAPGEF1/HRAS/GRB2/VAV1/EPOR,up,FALSE
REACTOME_PHOSPHORYLATION_OF_EMI1,REACTOME_PHOSPHORYLATION_OF_EMI1,Reactome,Treg,SF_vs_PB_Treg,1.05479163,0.507039234,0.410959716,0.66534336,6,6,CDK1/FBXO5/FZR1/CCNB1/PLK1/CDC20,up,FALSE
REACTOME_RUNX3_REGULATES_CDKN1A_TRANSCRIPTION,REACTOME_RUNX3_REGULATES_CDKN1A_TRANSCRIPTION,Reactome,Treg,SF_vs_PB_Treg,1.0477833,0.480662745,0.411657345,0.665792746,7,1,CDKN1A,up,FALSE
REACTOME_UREA_CYCLE,REACTOME_UREA_CYCLE,Reactome,Treg,SF_vs_PB_Treg,-1.04592317,-0.454134059,0.412230009,0.666039312,8,2,TP53/ARG1,down,FALSE
REACTOME_FORMATION_OF_XYLULOSE_5_PHOSPHATE,REACTOME_FORMATION_OF_XYLULOSE_5_PHOSPHATE,Reactome,Treg,SF_vs_PB_Treg,-1.06445076,-0.537741121,0.413294798,0.666994027,5,2,DCXR/XYLB,down,FALSE
REACTOME_AURKA_ACTIVATION_BY_TPX2,REACTOME_AURKA_ACTIVATION_BY_TPX2,Reactome,Treg,SF_vs_PB_Treg,-1.01835071,-0.253069426,0.414315275,0.666994027,71,9,ODF2/CEP57/CNTRL/CSNK1E/SFI1/NDE1/CEP164/CEP70/CEP78,down,FALSE
REACTOME_ACTIVATION_OF_PPARGC1A_PGC_1ALPHA_BY_PHOSPHORYLATION,REACTOME_ACTIVATION_OF_PPARGC1A_PGC_1ALPHA_BY_PHOSPHORYLATION,Reactome,Treg,SF_vs_PB_Treg,1.04499485,0.479383568,0.414483368,0.666994027,7,2,MAPK11/PRKAB1,up,FALSE
REACTOME_UB_SPECIFIC_PROCESSING_PROTEASES,REACTOME_UB_SPECIFIC_PROCESSING_PROTEASES,Reactome,Treg,SF_vs_PB_Treg,1.01741755,0.232139865,0.414504174,0.666994027,171,40,PSMD1/VDAC1/USP18/PSMB5/HIF1A/PSMD14/PSMC1/PSMB6/PSMC2/PSMB1/DDB2/PSMA7/PSMD8/PSMD7/ADRM1/PSMB3/PSMD11/PSMA6/USP5/PSMD12/UFD1L/PTRH2/PSMC3/USP14/PSMA3/UBC/UBB/PSMC4/NFKBIA/PSMB7/ADRB2/KEAP1/PSMD13/TGFBR1/PSMB2/PSMD3/USP12/MUL1/TADA3/IKBKG,up,FALSE
REACTOME_RIBAVIRIN_ADME,REACTOME_RIBAVIRIN_ADME,Reactome,Treg,SF_vs_PB_Treg,1.03726972,0.441627945,0.417468757,0.671083144,9,4,ITPA/PNP/SLC29A1/NME1,up,FALSE
REACTOME_MECP2_REGULATES_NEURONAL_RECEPTORS_AND_CHANNELS,REACTOME_MECP2_REGULATES_NEURONAL_RECEPTORS_AND_CHANNELS,Reactome,Treg,SF_vs_PB_Treg,1.03516088,0.416230264,0.417973938,0.67121448,11,3,NOTCH1/SLC2A3/PTPN1,up,FALSE
REACTOME_SYNTHESIS_OF_PIPS_AT_THE_ER_MEMBRANE,REACTOME_SYNTHESIS_OF_PIPS_AT_THE_ER_MEMBRANE,Reactome,Treg,SF_vs_PB_Treg,1.05548693,0.534618602,0.41850569,0.671388177,5,2,SACM1L/MTMR2,up,FALSE
REACTOME_METABOLISM_OF_PORPHYRINS,REACTOME_METABOLISM_OF_PORPHYRINS,Reactome,Treg,SF_vs_PB_Treg,1.02854556,0.367864104,0.419912763,0.672672461,17,8,BLVRB/FECH/ALAS1/HMOX2/HMOX1/PPOX/HMBS/UROS,up,FALSE
REACTOME_GRB2_EVENTS_IN_ERBB2_SIGNALING,REACTOME_GRB2_EVENTS_IN_ERBB2_SIGNALING,Reactome,Treg,SF_vs_PB_Treg,1.04003105,0.477106461,0.420155039,0.672672461,7,4,KRAS/HBEGF/NRAS/HRAS,up,FALSE
REACTOME_RUNX1_REGULATES_TRANSCRIPTION_OF_GENES_INVOLVED_IN_BCR_SIGNALING,REACTOME_RUNX1_REGULATES_TRANSCRIPTION_OF_GENES_INVOLVED_IN_BCR_SIGNALING,Reactome,Treg,SF_vs_PB_Treg,1.04934567,0.531507973,0.424245423,0.678535818,5,1,CBFB,up,FALSE
REACTOME_ASSEMBLY_AND_RELEASE_OF_DENGUE_VIRUS_VIRIONS,REACTOME_ASSEMBLY_AND_RELEASE_OF_DENGUE_VIRUS_VIRIONS,Reactome,Treg,SF_vs_PB_Treg,1.03210091,0.455248784,0.425982345,0.680627033,8,2,FURIN/TSG101,up,FALSE
REACTOME_RET_SIGNALING,REACTOME_RET_SIGNALING,Reactome,Treg,SF_vs_PB_Treg,-1.01694229,-0.321324097,0.427003127,0.680917217,24,6,NRTN/PLCG1/SOS1/PIK3R1/PRKACB/PRKCA,down,FALSE
REACTOME_DECTIN_2_FAMILY,REACTOME_DECTIN_2_FAMILY,Reactome,Treg,SF_vs_PB_Treg,1.02760101,0.424345468,0.427023163,0.680917217,10,2,MUC12/MUC1,up,FALSE
REACTOME_RESOLUTION_OF_SISTER_CHROMATID_COHESION,REACTOME_RESOLUTION_OF_SISTER_CHROMATID_COHESION,Reactome,Treg,SF_vs_PB_Treg,1.01123224,0.244245785,0.428741093,0.682969479,114,60,TUBB2A/TUBB6/DYNLL1/PMF1/DYNC1I2/TUBA1C/MAPRE1/TUBA1A/BUB3/RANGAP1/DYNC1H1/B9D2/DYNC1LI2/NUP37/CLIP1/PPP2CB/TUBB4B/PAFAH1B1/PPP2R1A/SMC3/DYNC1LI1/SEH1L/APITD1/CLASP1/PPP2R1B/TUBA4A/SEC13/TUBA1B/KIF18A/XPO1/SMC1A/CDK1/STAG1/NUP107/CKAP5/KNTC1/NUDC/NUP85/HDAC8/NDEL1/ZWILCH/CENPI/NDC80/BUB1B/CASC5/PPP2CA/CDCA5/SPC25/CENPM/SKA2/KIF2C/RCC2/SGOL1/CDCA8/NUF2/ERCC6L/CENPU/CENPE/MAD2L1/SKA1,up,FALSE
REACTOME_MET_ACTIVATES_PTK2_SIGNALING,REACTOME_MET_ACTIVATES_PTK2_SIGNALING,Reactome,Treg,SF_vs_PB_Treg,1.02138019,0.392636442,0.431015283,0.685902835,13,8,COL5A1/ITGA3/ITGA2/FN1/LAMB3/SRC/LAMA5/ITGB1,up,FALSE
REACTOME_DAG_AND_IP3_SIGNALING,REACTOME_DAG_AND_IP3_SIGNALING,Reactome,Treg,SF_vs_PB_Treg,1.01529497,0.320560396,0.432335881,0.687314314,28,7,PRKAR1B/PRKAR1A/ADCY3/CAMKK1/ITPR1/ITPR3/PRKCD,up,FALSE
REACTOME_SIGNALING_BY_LTK_IN_CANCER,REACTOME_SIGNALING_BY_LTK_IN_CANCER,Reactome,Treg,SF_vs_PB_Treg,-1.03439025,-0.492159729,0.434666343,0.689717687,6,2,MAPK3/PIK3R1,down,FALSE
REACTOME_GLYCOGEN_BREAKDOWN_GLYCOGENOLYSIS,REACTOME_GLYCOGEN_BREAKDOWN_GLYCOGENOLYSIS,Reactome,Treg,SF_vs_PB_Treg,1.01929083,0.399863176,0.434764245,0.689717687,12,3,PHKA1/GYG1/PGM1,up,FALSE
REACTOME_SYNTHESIS_OF_UDP_N_ACETYL_GLUCOSAMINE,REACTOME_SYNTHESIS_OF_UDP_N_ACETYL_GLUCOSAMINE,Reactome,Treg,SF_vs_PB_Treg,1.0250665,0.470241586,0.436090668,0.689717687,7,2,NAGK/GFPT1,up,FALSE
REACTOME_TICAM1_TRAF6_DEPENDENT_INDUCTION_OF_TAK1_COMPLEX,REACTOME_TICAM1_TRAF6_DEPENDENT_INDUCTION_OF_TAK1_COMPLEX,Reactome,Treg,SF_vs_PB_Treg,-1.01655427,-0.400281885,0.436795005,0.689717687,11,5,TAB1/TRAF6/RPS27A/MAP3K7/UBA52,down,FALSE
REACTOME_RHOG_GTPASE_CYCLE,REACTOME_RHOG_GTPASE_CYCLE,Reactome,Treg,SF_vs_PB_Treg,1.00855219,0.26988111,0.436811497,0.689717687,62,26,MCAM/CYFIP1/ARFGAP3/ARHGDIA/CDC42EP1/RHOG/ARHGEF5/PAK2/VANGL1/LMAN1/DOCK2/HSPE1/VAV2/VAMP3/EMD/DOCK5/LAMTOR1/RAB7A/CDC42/NDUFA5/PLEKHG3/NDUFS3/ITGB1/ITSN1/VAV1/TFRC,up,FALSE
REACTOME_APEX1_INDEPENDENT_RESOLUTION_OF_AP_SITES_VIA_THE_SINGLE_NUCLEOTIDE_REPLACEMENT_PATHWAY,REACTOME_APEX1_INDEPENDENT_RESOLUTION_OF_AP_SITES_VIA_THE_SINGLE_NUCLEOTIDE_REPLACEMENT_PATHWAY,Reactome,Treg,SF_vs_PB_Treg,1.02431268,0.469895778,0.436856049,0.689717687,7,5,NEIL1/OGG1/PNKP/LIG3/NEIL2,up,FALSE
REACTOME_KERATAN_SULFATE_KERATIN_METABOLISM,REACTOME_KERATAN_SULFATE_KERATIN_METABOLISM,Reactome,Treg,SF_vs_PB_Treg,1.01343443,0.332230073,0.437320556,0.689717687,24,5,B4GALT5/HEXB/B4GALT2/SLC35D2/OGN,up,FALSE
REACTOME_HCMV_LATE_EVENTS,REACTOME_HCMV_LATE_EVENTS,Reactome,Treg,SF_vs_PB_Treg,-1.00668085,-0.23417988,0.437641222,0.689717687,103,21,HIST3H2A/HIST1H4A/NUP133/HIST1H4F/RANBP2/HIST1H4E/NUP43/POM121/VPS36/HIST1H2BG/HIST1H2BN/NUP210/UBAP1/HIST1H2AK/TPR/HIST1H3A/NUP88/NUPL2/HIST4H4/HIST1H2AC/CHMP7,down,FALSE
REACTOME_VXPX_CARGO_TARGETING_TO_CILIUM,REACTOME_VXPX_CARGO_TARGETING_TO_CILIUM,Reactome,Treg,SF_vs_PB_Treg,1.01354821,0.362500232,0.438232505,0.689717687,17,6,ARF4/RAB11A/EXOC5/RAB3IP/GBF1/RAB8A,up,FALSE
REACTOME_PLASMA_LIPOPROTEIN_ASSEMBLY,REACTOME_PLASMA_LIPOPROTEIN_ASSEMBLY,Reactome,Treg,SF_vs_PB_Treg,1.01711214,0.408973004,0.438338498,0.689717687,11,7,BMP1/SAR1B/ABCA1/P4HB/PRKACA/APOC1/APOE,up,FALSE
REACTOME_BETA_OXIDATION_OF_HEXANOYL_COA_TO_BUTANOYL_COA,REACTOME_BETA_OXIDATION_OF_HEXANOYL_COA_TO_BUTANOYL_COA,Reactome,Treg,SF_vs_PB_Treg,1.03578524,0.524639426,0.438634339,0.689717687,5,2,ECHS1/HADHB,up,FALSE
REACTOME_SYNDECAN_INTERACTIONS,REACTOME_SYNDECAN_INTERACTIONS,Reactome,Treg,SF_vs_PB_Treg,1.01501098,0.37507693,0.439197819,0.68991927,15,5,SDC4/TRAPPC4/COL5A1/ITGA2/FN1,up,FALSE
REACTOME_REGULATION_OF_TP53_ACTIVITY_THROUGH_PHOSPHORYLATION,REACTOME_REGULATION_OF_TP53_ACTIVITY_THROUGH_PHOSPHORYLATION,Reactome,Treg,SF_vs_PB_Treg,-1.00445408,-0.239333531,0.441314441,0.692557811,89,15,ATRIP/TAF5/TAF3/TAF4B/TAF10/TAF8/ATR/CDK5R1/RPS27A/UBA52/TP53/TP53INP1/MDM4/ATM/DYRK2,down,FALSE
REACTOME_TRANSCRIPTIONAL_ACTIVITY_OF_SMAD2_SMAD3_SMAD4_HETEROTRIMER,REACTOME_TRANSCRIPTIONAL_ACTIVITY_OF_SMAD2_SMAD3_SMAD4_HETEROTRIMER,Reactome,Treg,SF_vs_PB_Treg,-1.00466077,-0.269324068,0.441909851,0.692754703,49,19,CCNC/RBL1/CCNK/SMURF2/MEN1/HDAC1/SMAD4/TRIM33/CDK8/MAPK3/YBX1/CCNT1/RPS27A/TFDP2/RNF111/UBA52/MYC/NEDD4L/SMAD3,down,FALSE
REACTOME_KERATAN_SULFATE_BIOSYNTHESIS,REACTOME_KERATAN_SULFATE_BIOSYNTHESIS,Reactome,Treg,SF_vs_PB_Treg,1.01068894,0.361477602,0.442328845,0.692754703,17,4,B4GALT5/B4GALT2/SLC35D2/OGN,up,FALSE
REACTOME_APOPTOTIC_CLEAVAGE_OF_CELL_ADHESION_PROTEINS,REACTOME_APOPTOTIC_CLEAVAGE_OF_CELL_ADHESION_PROTEINS,Reactome,Treg,SF_vs_PB_Treg,1.03225843,0.522853052,0.442751113,0.692754703,5,4,CTNNB1/TJP2/CASP3/CDH1,up,FALSE
REACTOME_THE_ACTIVATION_OF_ARYLSULFATASES,REACTOME_THE_ACTIVATION_OF_ARYLSULFATASES,Reactome,Treg,SF_vs_PB_Treg,1.01772629,0.448908292,0.443227092,0.692815523,8,4,ARSA/ARSD/ARSB/STS,up,FALSE
REACTOME_RUNX2_REGULATES_OSTEOBLAST_DIFFERENTIATION,REACTOME_RUNX2_REGULATES_OSTEOBLAST_DIFFERENTIATION,Reactome,Treg,SF_vs_PB_Treg,1.01100862,0.380646728,0.444391308,0.693950958,14,3,CBFB/MAF/YES1,up,FALSE
REACTOME_METHIONINE_SALVAGE_PATHWAY,REACTOME_METHIONINE_SALVAGE_PATHWAY,Reactome,Treg,SF_vs_PB_Treg,1.02266781,0.491597283,0.445576619,0.695117068,6,3,ADI1/GOT1/ENOPH1,up,FALSE
REACTOME_TRANSPORT_OF_RCBL_WITHIN_THE_BODY,REACTOME_TRANSPORT_OF_RCBL_WITHIN_THE_BODY,Reactome,Treg,SF_vs_PB_Treg,1.01634665,0.466241418,0.446236876,0.695462584,7,3,TCN2/CD320/TCN1,up,FALSE
REACTOME_IONOTROPIC_ACTIVITY_OF_KAINATE_RECEPTORS,REACTOME_IONOTROPIC_ACTIVITY_OF_KAINATE_RECEPTORS,Reactome,Treg,SF_vs_PB_Treg,1.02666434,0.520019566,0.448847105,0.698496689,5,3,DLG4/CALM1/DLG3,up,FALSE
REACTOME_TRANSCRIPTIONAL_REGULATION_BY_THE_AP_2_TFAP2_FAMILY_OF_TRANSCRIPTION_FACTORS,REACTOME_TRANSCRIPTIONAL_REGULATION_BY_THE_AP_2_TFAP2_FAMILY_OF_TRANSCRIPTION_FACTORS,Reactome,Treg,SF_vs_PB_Treg,1.00420631,0.329204859,0.449737127,0.698496689,24,2,CDKN1A/KDM5B,up,FALSE
REACTOME_ADVANCED_GLYCOSYLATION_ENDPRODUCT_RECEPTOR_SIGNALING,REACTOME_ADVANCED_GLYCOSYLATION_ENDPRODUCT_RECEPTOR_SIGNALING,Reactome,Treg,SF_vs_PB_Treg,1.00599902,0.394648861,0.450007679,0.698496689,12,2,LGALS3/CAPZA2,up,FALSE
REACTOME_CROSS_PRESENTATION_OF_PARTICULATE_EXOGENOUS_ANTIGENS_PHAGOSOMES,REACTOME_CROSS_PRESENTATION_OF_PARTICULATE_EXOGENOUS_ANTIGENS_PHAGOSOMES,Reactome,Treg,SF_vs_PB_Treg,1.01287168,0.464647304,0.450338534,0.698496689,7,4,CYBA/NCF4/NCF1/ITGAV,up,FALSE
REACTOME_STIMULI_SENSING_CHANNELS,REACTOME_STIMULI_SENSING_CHANNELS,Reactome,Treg,SF_vs_PB_Treg,1.0019583,0.2829516,0.450387139,0.698496689,47,15,SRI/SGK1/MLKL/STOM/RYR1/FKBP1B/RIPK3/TRPM2/UBC/UBB/WNK1/TRPV2/CALM1/TTYH3/TRPC4AP,up,FALSE
REACTOME_ECM_PROTEOGLYCANS,REACTOME_ECM_PROTEOGLYCANS,Reactome,Treg,SF_vs_PB_Treg,1.00415566,0.336473566,0.451330912,0.699276145,22,8,COL9A2/ITGAX/COL5A1/ITGA2/NCAM1/SERPINE1/FN1/DAG1,up,FALSE
REACTOME_REGULATION_OF_FZD_BY_UBIQUITINATION,REACTOME_REGULATION_OF_FZD_BY_UBIQUITINATION,Reactome,Treg,SF_vs_PB_Treg,-1.0082346,-0.422370762,0.45211471,0.699806461,9,3,RNF43/RPS27A/UBA52,down,FALSE
REACTOME_CALNEXIN_CALRETICULIN_CYCLE,REACTOME_CALNEXIN_CALRETICULIN_CYCLE,Reactome,Treg,SF_vs_PB_Treg,1.00095868,0.324987995,0.452840021,0.700245301,25,14,PDIA3/CALR/RNF5/UBC/UBB/RNF103/OS9/DERL2/EDEM1/EDEM2/TRIM13/PRKCSH/CANX/SEL1L,up,FALSE
REACTOME_RORA_B_C_AND_NR1D1_REV_ERBA_REGULATE_GENE_EXPRESSION,REACTOME_RORA_B_C_AND_NR1D1_REV_ERBA_REGULATE_GENE_EXPRESSION,Reactome,Treg,SF_vs_PB_Treg,1.0019326,0.332110142,0.453667845,0.700841652,23,4,RXRA/HELZ2/SREBF1/NCOA1,up,FALSE
REACTOME_SYNTHESIS_OF_GDP_MANNOSE,REACTOME_SYNTHESIS_OF_GDP_MANNOSE,Reactome,Treg,SF_vs_PB_Treg,1.01316653,0.487030011,0.456220379,0.703390318,6,4,PMM1/HK1/GMPPA/GMPPB,up,FALSE
REACTOME_FGFR1_MUTANT_RECEPTOR_ACTIVATION,REACTOME_FGFR1_MUTANT_RECEPTOR_ACTIVATION,Reactome,Treg,SF_vs_PB_Treg,-0.996864215,-0.325974415,0.456541726,0.703390318,21,6,CPSF6/STAT5B/FGFR1OP2/PIK3R1/CUX1/CNTRL,down,FALSE
REACTOME_POLB_DEPENDENT_LONG_PATCH_BASE_EXCISION_REPAIR,REACTOME_POLB_DEPENDENT_LONG_PATCH_BASE_EXCISION_REPAIR,Reactome,Treg,SF_vs_PB_Treg,1.00593948,0.443709255,0.456976017,0.703390318,8,3,ADPRHL2/PARP2/FEN1,up,FALSE
REACTOME_SIGNALING_BY_TGF_BETA_RECEPTOR_COMPLEX,REACTOME_SIGNALING_BY_TGF_BETA_RECEPTOR_COMPLEX,Reactome,Treg,SF_vs_PB_Treg,-0.99618334,-0.242156703,0.457864299,0.703390318,80,14,TGFBR2/CCNT1/MTMR4/RPS27A/PPP1CC/TFDP2/RNF111/UBA52/USP15/TGFBR3/ARHGEF18/MYC/NEDD4L/SMAD3,down,FALSE
REACTOME_SULFUR_AMINO_ACID_METABOLISM,REACTOME_SULFUR_AMINO_ACID_METABOLISM,Reactome,Treg,SF_vs_PB_Treg,0.999379393,0.334873129,0.458013552,0.703390318,22,10,ETHE1/ADI1/SUOX/GOT1/SQRDL/ADC/ENOPH1/MPST/TST/TXN2,up,FALSE
REACTOME_PREVENTION_OF_PHAGOSOMAL_LYSOSOMAL_FUSION,REACTOME_PREVENTION_OF_PHAGOSOMAL_LYSOSOMAL_FUSION,Reactome,Treg,SF_vs_PB_Treg,1.00195533,0.426592495,0.45835597300000003,0.703390318,9,5,RAB5A/UBC/UBB/RAB7A/VPS33B,up,FALSE
REACTOME_SHC_MEDIATED_CASCADE_FGFR4,REACTOME_SHC_MEDIATED_CASCADE_FGFR4,Reactome,Treg,SF_vs_PB_Treg,1.0056648,0.461341199,0.4584241,0.703390318,7,5,KRAS/NRAS/HRAS/KLB/GRB2,up,FALSE
REACTOME_TRANSPORT_OF_NUCLEOSIDES_AND_FREE_PURINE_AND_PYRIMIDINE_BASES_ACROSS_THE_PLASMA_MEMBRANE,REACTOME_TRANSPORT_OF_NUCLEOSIDES_AND_FREE_PURINE_AND_PYRIMIDINE_BASES_ACROSS_THE_PLASMA_MEMBRANE,Reactome,Treg,SF_vs_PB_Treg,0.997690841,0.424776844,0.463595436,0.709314764,9,5,ARL2BP/SLC29A1/SLC29A4/SLC25A4/ARL2,up,FALSE
REACTOME_CALCINEURIN_ACTIVATES_NFAT,REACTOME_CALCINEURIN_ACTIVATES_NFAT,Reactome,Treg,SF_vs_PB_Treg,0.997621469,0.424747308,0.463673058,0.709314764,9,3,FKBP1A/CALM1/PPP3CA,up,FALSE
REACTOME_TRAF6_MEDIATED_NF_KB_ACTIVATION,REACTOME_TRAF6_MEDIATED_NF_KB_ACTIVATION,Reactome,Treg,SF_vs_PB_Treg,-0.991543004,-0.313298665,0.464013804,0.709314764,24,8,AGER/MAVS/NFKB1/TRAF6/TRIM4/S100A12/MAP3K1/APP,down,FALSE
REACTOME_SPRY_REGULATION_OF_FGF_SIGNALING,REACTOME_SPRY_REGULATION_OF_FGF_SIGNALING,Reactome,Treg,SF_vs_PB_Treg,0.994733598,0.367583831,0.464075338,0.709314764,15,7,MKNK1/UBC/UBB/PTPN11/PPP2CB/PPP2R1A/SRC,up,FALSE
REACTOME_SIGNALING_BY_PDGFR_IN_DISEASE,REACTOME_SIGNALING_BY_PDGFR_IN_DISEASE,Reactome,Treg,SF_vs_PB_Treg,-0.991655531,-0.343477505,0.464768472,0.709689816,17,4,KANK1/SOS1/PIK3R1/BIN2,down,FALSE
REACTOME_MITOCHONDRIAL_UNCOUPLING,REACTOME_MITOCHONDRIAL_UNCOUPLING,Reactome,Treg,SF_vs_PB_Treg,1.00424816,0.482742945,0.465738547,0.710486618,6,5,UCP3/UCP2/PM20D1/SLC25A14/SLC25A4,up,FALSE
REACTOME_FOXO_MEDIATED_TRANSCRIPTION_OF_CELL_DEATH_GENES,REACTOME_FOXO_MEDIATED_TRANSCRIPTION_OF_CELL_DEATH_GENES,Reactome,Treg,SF_vs_PB_Treg,-0.989711099,-0.348976156,0.466386377,0.710790777,16,5,CREBBP/FOXO4/FOXO3/BCL2L11/CITED2,down,FALSE
REACTOME_DDX58_IFIH1_MEDIATED_INDUCTION_OF_INTERFERON_ALPHA_BETA,REACTOME_DDX58_IFIH1_MEDIATED_INDUCTION_OF_INTERFERON_ALPHA_BETA,Reactome,Treg,SF_vs_PB_Treg,0.991795992,0.261753707,0.467923869,0.712448927,67,22,ISG15/HSP90AB1/TANK/DHX58/IRF7/TRIM25/FADD/NFKBIB/TRAF3/UBC/UBB/NFKB2/NFKBIA/TBK1/NKIRAS2/PIN1/OTUD5/UBE2K/IKBKG/S100B/TRAF2/IFIH1,up,FALSE
REACTOME_SHC_MEDIATED_CASCADE_FGFR1,REACTOME_SHC_MEDIATED_CASCADE_FGFR1,Reactome,Treg,SF_vs_PB_Treg,0.994770461,0.456343503,0.471710333,0.717524834,7,5,KRAS/NRAS/HRAS/FGFR1/GRB2,up,FALSE
REACTOME_SIGNALING_BY_EGFR_IN_CANCER,REACTOME_SIGNALING_BY_EGFR_IN_CANCER,Reactome,Treg,SF_vs_PB_Treg,-0.985486333,-0.336114249,0.473148876,0.71902298,18,5,PLCG1/RPS27A/SOS1/PIK3R1/UBA52,down,FALSE
REACTOME_CONDENSATION_OF_PROPHASE_CHROMOSOMES,REACTOME_CONDENSATION_OF_PROPHASE_CHROMOSOMES,Reactome,Treg,SF_vs_PB_Treg,-0.988032884,-0.253835484,0.473682994,0.719145158,60,23,HIST1H2AE/HIST1H3H/H3F3A/H2AFV/HIST1H2BJ/HIST1H2BO/HIST3H2BB/H2AFJ/HIST1H4J/HIST2H2BE/HIST1H2BC/HIST1H2BK/HIST1H2BL/HIST1H4A/HIST1H4F/HIST1H4E/HIST1H2BG/HIST1H2BN/RB1/MCPH1/HIST1H3A/HIST4H4/HIST1H2AC,down,FALSE
REACTOME_FRS_MEDIATED_FGFR4_SIGNALING,REACTOME_FRS_MEDIATED_FGFR4_SIGNALING,Reactome,Treg,SF_vs_PB_Treg,0.988480666,0.42085552,0.474307227,0.719403784,9,6,KRAS/NRAS/PTPN11/HRAS/KLB/GRB2,up,FALSE
REACTOME_MITOCHONDRIAL_CALCIUM_ION_TRANSPORT,REACTOME_MITOCHONDRIAL_CALCIUM_ION_TRANSPORT,Reactome,Treg,SF_vs_PB_Treg,-0.981738523,-0.317288455,0.477930442,0.724206263,22,5,PMPCB/PHB2/MICU3/SLC8B1/CCDC109B,down,FALSE
REACTOME_HS_GAG_BIOSYNTHESIS,REACTOME_HS_GAG_BIOSYNTHESIS,Reactome,Treg,SF_vs_PB_Treg,0.982521071,0.363070937,0.47947843,0.725857986,15,5,SDC4/GPC1/HS3ST1/SLC35D2/EXTL3,up,FALSE
REACTOME_NICOTINATE_METABOLISM,REACTOME_NICOTINATE_METABOLISM,Reactome,Treg,SF_vs_PB_Treg,0.983044561,0.322267488,0.480517544,0.726231622,24,2,NAMPT/PARP9,up,FALSE
REACTOME_NCAM_SIGNALING_FOR_NEURITE_OUT_GROWTH,REACTOME_NCAM_SIGNALING_FOR_NEURITE_OUT_GROWTH,Reactome,Treg,SF_vs_PB_Treg,0.983271735,0.299584975,0.481234225,0.726231622,33,8,COL9A2/PRNP/COL5A1/KRAS/CACNB2/NCAM1/CACNB3/NRAS,up,FALSE
REACTOME_EVASION_BY_RSV_OF_HOST_INTERFERON_RESPONSES,REACTOME_EVASION_BY_RSV_OF_HOST_INTERFERON_RESPONSES,Reactome,Treg,SF_vs_PB_Treg,0.982345256,0.333348563,0.481468262,0.726231622,21,7,EIF2AK2/RBX1/TRIM25/UBC/UBB/TCEB1/TCEB2,up,FALSE
REACTOME_CLEC7A_DECTIN_1_INDUCES_NFAT_ACTIVATION,REACTOME_CLEC7A_DECTIN_1_INDUCES_NFAT_ACTIVATION,Reactome,Treg,SF_vs_PB_Treg,0.980669865,0.394319844,0.482763267,0.726231622,11,4,ITPR1/ITPR3/CALM1/PPP3CA,up,FALSE
REACTOME_TP53_REGULATES_TRANSCRIPTION_OF_CASPASE_ACTIVATORS_AND_CASPASES,REACTOME_TP53_REGULATES_TRANSCRIPTION_OF_CASPASE_ACTIVATORS_AND_CASPASES,Reactome,Treg,SF_vs_PB_Treg,0.980350765,0.394191537,0.483128982,0.726231622,11,3,CRADD/TP63/TP73,up,FALSE
REACTOME_PHOSPHOLIPID_METABOLISM,REACTOME_PHOSPHOLIPID_METABOLISM,Reactome,Treg,SF_vs_PB_Treg,0.98746438,0.226377588,0.483531068,0.726231622,165,38,PLA2G16/AGPAT9/MBOAT7/AGPAT2/PCTP/RAB5A/AGPAT4/PLEKHA5/CHKB/LPCAT4/DGAT2/SACM1L/ARF1/PCYT1A/GDE1/LPCAT3/AGPAT6/MTMR2/LPIN2/CPNE3/ACP6/PLA2G15/MBOAT1/FIG4/DDHD2/CDS2/MTMR6/PLA2G4C/PNPLA6/PITPNM1/ARF3/PTPN13/PLD2/MFSD2A/GPAT2/PEMT/AGPAT3/LPCAT1,up,FALSE
REACTOME_METABOLISM_OF_FOLATE_AND_PTERINES,REACTOME_METABOLISM_OF_FOLATE_AND_PTERINES,Reactome,Treg,SF_vs_PB_Treg,0.979534494,0.36879665700000003,0.483797536,0.726231622,14,5,MTHFD2/MTHFD1L/SLC19A1/FPGS/MTHFD1,up,FALSE
REACTOME_PI_METABOLISM,REACTOME_PI_METABOLISM,Reactome,Treg,SF_vs_PB_Treg,-0.983761539,-0.241287471,0.484402284,0.726231622,76,30,TNFAIP8L2/PIKFYVE/PLEKHA4/SYNJ1/PIK3CD/PTEN/MTMR3/TMEM55B/RAB4A/PIK3R5/MTMR9/TPTE2/PIK3C3/VAC14/PNPLA7/PI4KB/PLEKHA8/GDPD1/INPP5D/GDPD3/PIP5K1B/INPP5K/MTMR10/INPP4B/PIP4K2A/MTMR4/PLEKHA1/TNFAIP8/PIK3R1/INPP4A,down,FALSE
REACTOME_SIGNALING_BY_FGFR1_IN_DISEASE,REACTOME_SIGNALING_BY_FGFR1_IN_DISEASE,Reactome,Treg,SF_vs_PB_Treg,-0.978416898,-0.300407926,0.484758624,0.726231622,27,8,CPSF6/STAT5B/FGFR1OP2/PLCG1/SOS1/PIK3R1/CUX1/CNTRL,down,FALSE
REACTOME_AFLATOXIN_ACTIVATION_AND_DETOXIFICATION,REACTOME_AFLATOXIN_ACTIVATION_AND_DETOXIFICATION,Reactome,Treg,SF_vs_PB_Treg,0.9794587,0.417014328,0.484980206,0.726231622,9,4,GGT1/ACY1/MGST2/MGST3,up,FALSE
REACTOME_MATURATION_OF_SARS_COV_2_NUCLEOPROTEIN,REACTOME_MATURATION_OF_SARS_COV_2_NUCLEOPROTEIN,Reactome,Treg,SF_vs_PB_Treg,0.978255928,0.361494839,0.485121147,0.726231622,15,8,PARP9/PRMT1/UBE2I/PARP10/SUMO1/SRPK1/GSK3A/PARP4,up,FALSE
REACTOME_Z_DECAY_DEGRADATION_OF_MATERNAL_MRNAS_BY_ZYGOTICALLY_EXPRESSED_FACTORS,REACTOME_Z_DECAY_DEGRADATION_OF_MATERNAL_MRNAS_BY_ZYGOTICALLY_EXPRESSED_FACTORS,Reactome,Treg,SF_vs_PB_Treg,-0.978331318,-0.375159349,0.485223525,0.726231622,12,5,PABPN1/EIF4A2/ZCCHC11/EIF4B/PABPC1,down,FALSE
REACTOME_FRS_MEDIATED_FGFR1_SIGNALING,REACTOME_FRS_MEDIATED_FGFR1_SIGNALING,Reactome,Treg,SF_vs_PB_Treg,0.977828081,0.416320075,0.487095397,0.727389085,9,6,KRAS/NRAS/PTPN11/HRAS/FGFR1/GRB2,up,FALSE
REACTOME_SIGNALING_BY_NTRK2_TRKB,REACTOME_SIGNALING_BY_NTRK2_TRKB,Reactome,Treg,SF_vs_PB_Treg,-0.975634513,-0.327728173,0.487198042,0.727389085,19,5,CDK5R1/PLCG1/SOS1/PIK3R1/TIAM1,down,FALSE
REACTOME_REGULATION_OF_PD_L1_CD274_TRANSLATION,REACTOME_REGULATION_OF_PD_L1_CD274_TRANSLATION,Reactome,Treg,SF_vs_PB_Treg,-0.978733342,-0.410012061,0.487373633,0.727389085,9,3,AGO3/TNRC6B/TNRC6C,down,FALSE
REACTOME_GLYCOSPHINGOLIPID_TRANSPORT,REACTOME_GLYCOSPHINGOLIPID_TRANSPORT,Reactome,Treg,SF_vs_PB_Treg,-0.987849139,-0.470015609,0.487966452,0.727588736,6,2,PLEKHA8/GLTPD1,down,FALSE
REACTOME_REGULATED_PROTEOLYSIS_OF_P75NTR,REACTOME_REGULATED_PROTEOLYSIS_OF_P75NTR,Reactome,Treg,SF_vs_PB_Treg,0.973995145,0.40220905,0.490833221,0.730815335,10,5,PSEN2/PSEN1/PSENEN/NCSTN/APH1B,up,FALSE
REACTOME_REGULATION_OF_GLYCOLYSIS_BY_FRUCTOSE_2_6_BISPHOSPHATE_METABOLISM,REACTOME_REGULATION_OF_GLYCOLYSIS_BY_FRUCTOSE_2_6_BISPHOSPHATE_METABOLISM,Reactome,Treg,SF_vs_PB_Treg,0.973979449,0.414681482,0.491422805,0.730815335,9,5,PFKFB3/PPP2CB/PPP2R1A/PRKACA/PPP2R1B,up,FALSE
REACTOME_REGULATION_OF_PLK1_ACTIVITY_AT_G2_M_TRANSITION,REACTOME_REGULATION_OF_PLK1_ACTIVITY_AT_G2_M_TRANSITION,Reactome,Treg,SF_vs_PB_Treg,-0.981522078,-0.235892349,0.491513657,0.730815335,85,11,RPS27A/ODF2/CEP57/UBA52/CNTRL/CSNK1E/SFI1/NDE1/CEP164/CEP70/CEP78,down,FALSE
REACTOME_MAPK3_ERK1_ACTIVATION,REACTOME_MAPK3_ERK1_ACTIVATION,Reactome,Treg,SF_vs_PB_Treg,-0.972821641,-0.407535525,0.495007221,0.733370557,9,3,IL6ST/MAPK3/IL6R,down,FALSE
REACTOME_SIGNALING_BY_ALK,REACTOME_SIGNALING_BY_ALK,Reactome,Treg,SF_vs_PB_Treg,0.972668757,0.32241007,0.49523863,0.733370557,23,5,IL2RG/STAT3/CD274/HIF1A/PRDM1,up,FALSE
REACTOME_REGULATION_OF_MITF_M_DEPENDENT_GENES_INVOLVED_IN_EXTRACELLULAR_MATRIX_FOCAL_ADHESION_AND_EPITHELIAL_TO_MESENCHYMAL_TRANSITION,REACTOME_REGULATION_OF_MITF_M_DEPENDENT_GENES_INVOLVED_IN_EXTRACELLULAR_MATRIX_FOCAL_ADHESION_AND_EPITHELIAL_TO_MESENCHYMAL_TRANSITION,Reactome,Treg,SF_vs_PB_Treg,0.97827429,0.470257282,0.495339652,0.733370557,6,2,ITGA2/SERPINE1,up,FALSE
REACTOME_DUAL_INCISION_IN_GG_NER,REACTOME_DUAL_INCISION_IN_GG_NER,Reactome,Treg,SF_vs_PB_Treg,0.973829757,0.283086571,0.495413175,0.733370557,41,15,ERCC1/RBX1/DDB2/UBC/UBB/RFC2/GTF2H5/POLD3/POLK/CHD1L/RPA3/PCNA/DDB1/POLD2/PARP2,up,FALSE
REACTOME_SHC1_EVENTS_IN_ERBB2_SIGNALING,REACTOME_SHC1_EVENTS_IN_ERBB2_SIGNALING,Reactome,Treg,SF_vs_PB_Treg,0.969126809,0.372549326,0.495545657,0.733370557,13,7,KRAS/HBEGF/PRKCD/NRAS/HRAS/PTPN12/ERBB3,up,FALSE
REACTOME_SIGNALING_BY_LEPTIN,REACTOME_SIGNALING_BY_LEPTIN,Reactome,Treg,SF_vs_PB_Treg,0.969808741,0.400480284,0.496339084,0.73385956,10,4,STAT3/LEPR/PTPN11/SOCS3,up,FALSE
REACTOME_NEGATIVE_REGULATION_OF_MET_ACTIVITY,REACTOME_NEGATIVE_REGULATION_OF_MET_ACTIVITY,Reactome,Treg,SF_vs_PB_Treg,-0.967573028,-0.335136103,0.49747213,0.734258088,17,4,SH3GL1/RPS27A/UBA52/LRIG1,down,FALSE
REACTOME_NEF_MEDIATED_DOWNREGULATION_OF_MHC_CLASS_I_COMPLEX_CELL_SURFACE_EXPRESSION,REACTOME_NEF_MEDIATED_DOWNREGULATION_OF_MHC_CLASS_I_COMPLEX_CELL_SURFACE_EXPRESSION,Reactome,Treg,SF_vs_PB_Treg,0.968147422,0.412198438,0.498059458,0.734258088,9,3,AP1S1/HLA-A/B2M,up,FALSE
REACTOME_CARNITINE_SHUTTLE,REACTOME_CARNITINE_SHUTTLE,Reactome,Treg,SF_vs_PB_Treg,-0.968020077,-0.371205312,0.498601661,0.734258088,12,10,SLC22A5/PRKAB2/CPT1A/CPT1B/MID1IP1/PRKAG2/ACACB/SLC25A20/ACACA/PPARD,down,FALSE
REACTOME_PTK6_REGULATES_CELL_CYCLE,REACTOME_PTK6_REGULATES_CELL_CYCLE,Reactome,Treg,SF_vs_PB_Treg,0.975604322,0.468973826,0.498755924,0.734258088,6,4,PTK6/CDK2/CDK4/CCND1,up,FALSE
REACTOME_DEFECTS_IN_COBALAMIN_B12_METABOLISM,REACTOME_DEFECTS_IN_COBALAMIN_B12_METABOLISM,Reactome,Treg,SF_vs_PB_Treg,0.966922203,0.379319201,0.498924896,0.734258088,12,2,TCN2/CD320,up,FALSE
REACTOME_RECRUITMENT_OF_MITOTIC_CENTROSOME_PROTEINS_AND_COMPLEXES,REACTOME_RECRUITMENT_OF_MITOTIC_CENTROSOME_PROTEINS_AND_COMPLEXES,Reactome,Treg,SF_vs_PB_Treg,-0.976865213,-0.237460766,0.500178491,0.734826404,80,10,ODF2/CDK11A/CEP57/CNTRL/CSNK1E/SFI1/NDE1/CEP164/CEP70/CEP78,down,FALSE
REACTOME_TRAF6_MEDIATED_INDUCTION_OF_TAK1_COMPLEX_WITHIN_TLR4_COMPLEX,REACTOME_TRAF6_MEDIATED_INDUCTION_OF_TAK1_COMPLEX_WITHIN_TLR4_COMPLEX,Reactome,Treg,SF_vs_PB_Treg,0.967119401,0.357379559,0.50023829,0.734826404,15,6,IRAK2/LY96/UBC/UBB/TICAM2/TICAM1,up,FALSE
REACTOME_SIGNAL_REGULATORY_PROTEIN_FAMILY_INTERACTIONS,REACTOME_SIGNAL_REGULATORY_PROTEIN_FAMILY_INTERACTIONS,Reactome,Treg,SF_vs_PB_Treg,-0.965525521,-0.353703369,0.500806671,0.734980161,14,6,SIRPB1/CD47/PTK2B/SIRPG/FYB/PTPN6,down,FALSE
REACTOME_COHESIN_LOADING_ONTO_CHROMATIN,REACTOME_COHESIN_LOADING_ONTO_CHROMATIN,Reactome,Treg,SF_vs_PB_Treg,-0.966306031,-0.391847555,0.501274849,0.734986712,10,4,STAG2/WAPAL/MAU2/NIPBL,down,FALSE
REACTOME_ANTIGEN_ACTIVATES_B_CELL_RECEPTOR_BCR_LEADING_TO_GENERATION_OF_SECOND_MESSENGERS,REACTOME_ANTIGEN_ACTIVATES_B_CELL_RECEPTOR_BCR_LEADING_TO_GENERATION_OF_SECOND_MESSENGERS,Reactome,Treg,SF_vs_PB_Treg,0.96815152,0.308419718,0.502881419,0.736660858,27,5,ORAI2/CD79B/STIM1/ITPR1/ITPR3,up,FALSE
REACTOME_SIGNALING_BY_FGFR2,REACTOME_SIGNALING_BY_FGFR2,Reactome,Treg,SF_vs_PB_Treg,0.969299351,0.271206983,0.504945915,0.738820661,49,14,MKNK1/POLR2K/KRAS/UBC/UBB/POLR2L/NRAS/POLR2E/PTPN11/PPP2CB/HRAS/PPP2R1A/SRC/POLR2G,up,FALSE
REACTOME_BRANCHED_CHAIN_AMINO_ACID_CATABOLISM,REACTOME_BRANCHED_CHAIN_AMINO_ACID_CATABOLISM,Reactome,Treg,SF_vs_PB_Treg,0.965757799,0.327719784,0.505288073,0.738820661,21,10,BCKDK/BCAT1/ECHS1/HSD17B10/BCAT2/SLC25A44/AUH/PPM1K/DLD/ACAT1,up,FALSE
REACTOME_REPLACEMENT_OF_PROTAMINES_BY_NUCLEOSOMES_IN_THE_MALE_PRONUCLEUS,REACTOME_REPLACEMENT_OF_PROTAMINES_BY_NUCLEOSOMES_IN_THE_MALE_PRONUCLEUS,Reactome,Treg,SF_vs_PB_Treg,-0.964855742,-0.282284539,0.506927286,0.74027795,33,17,H3F3A/HIST1H2BJ/HIST1H2BO/HIST3H2BB/METTL23/HIST1H4J/HIST2H2BE/HIST1H2BC/HIST1H2BK/HIST1H2BL/HIRA/HIST1H4A/HIST1H4F/HIST1H4E/HIST1H2BG/HIST1H2BN/HIST4H4,down,FALSE
REACTOME_GRB2_SOS_PROVIDES_LINKAGE_TO_MAPK_SIGNALING_FOR_INTEGRINS,REACTOME_GRB2_SOS_PROVIDES_LINKAGE_TO_MAPK_SIGNALING_FOR_INTEGRINS,Reactome,Treg,SF_vs_PB_Treg,0.960892989,0.409109791,0.507354653,0.74027795,9,4,RAP1B/TLN1/FN1/SRC,up,FALSE
REACTOME_CELLULAR_HEXOSE_TRANSPORT,REACTOME_CELLULAR_HEXOSE_TRANSPORT,Reactome,Treg,SF_vs_PB_Treg,0.96029407,0.396551223,0.508413345,0.74027795,10,5,SLC2A3/SLC50A1/SLC2A1/SLC2A8/SLC2A14,up,FALSE
REACTOME_EXTENSION_OF_TELOMERES,REACTOME_EXTENSION_OF_TELOMERES,Reactome,Treg,SF_vs_PB_Treg,0.968181524,0.269861859,0.508525862,0.74027795,50,18,ANKRD28/NOP10/OBFC1/NHP2/TINF2/RFC2/POLD3/BLM/CDK2/CCNA1/RPA3/DKC1/PIF1/PCNA/POLD2/FEN1/RUVBL2/ACD,up,FALSE
REACTOME_GABA_SYNTHESIS_RELEASE_REUPTAKE_AND_DEGRADATION,REACTOME_GABA_SYNTHESIS_RELEASE_REUPTAKE_AND_DEGRADATION,Reactome,Treg,SF_vs_PB_Treg,0.959836497,0.396362269,0.509031548,0.74027795,10,3,STX1A/CPLX1/RAB3A,up,FALSE
REACTOME_SIGNALING_BY_FGFR,REACTOME_SIGNALING_BY_FGFR,Reactome,Treg,SF_vs_PB_Treg,0.969245704,0.264358072,0.509087044,0.74027795,56,16,MKNK1/POLR2K/SPRED2/KRAS/UBC/UBB/POLR2L/NRAS/POLR2E/PTPN11/FGFRL1/PPP2CB/HRAS/PPP2R1A/SRC/POLR2G,up,FALSE
REACTOME_TP53_REGULATES_TRANSCRIPTION_OF_GENES_INVOLVED_IN_CYTOCHROME_C_RELEASE,REACTOME_TP53_REGULATES_TRANSCRIPTION_OF_GENES_INVOLVED_IN_CYTOCHROME_C_RELEASE,Reactome,Treg,SF_vs_PB_Treg,0.96007564,0.343375518,0.51035463700000006,0.741410696,17,4,BID/TP63/AIFM2/TP73,up,FALSE
REACTOME_VEGFR2_MEDIATED_CELL_PROLIFERATION,REACTOME_VEGFR2_MEDIATED_CELL_PROLIFERATION,Reactome,Treg,SF_vs_PB_Treg,0.960558041,0.338337067,0.510801565,0.741410696,18,10,KRAS/ITPR1/ITPR3/PRKCD/NRAS/VEGFA/CALM1/HRAS/SRC/SPHK1,up,FALSE
REACTOME_FORMYL_PEPTIDE_RECEPTORS_BIND_FORMYL_PEPTIDES_AND_MANY_OTHER_LIGANDS,REACTOME_FORMYL_PEPTIDE_RECEPTORS_BIND_FORMYL_PEPTIDES_AND_MANY_OTHER_LIGANDS,Reactome,Treg,SF_vs_PB_Treg,-0.967247905,-0.460213605,0.511365018,0.741549454,6,2,FPR1/APP,down,FALSE
REACTOME_PEROXISOMAL_PROTEIN_IMPORT,REACTOME_PEROXISOMAL_PROTEIN_IMPORT,Reactome,Treg,SF_vs_PB_Treg,0.966874223,0.26462913,0.512314048,0.742240042,55,15,SLC27A2/ACOT4/ACOX3/IDH1/ECI2/UBC/PHYH/UBB/SCP2/PEX2/CRAT/ZFAND6/DHRS4/PEX10/MPV17,up,FALSE
REACTOME_SIGNALING_BY_ERBB2_IN_CANCER,REACTOME_SIGNALING_BY_ERBB2_IN_CANCER,Reactome,Treg,SF_vs_PB_Treg,-0.956708801,-0.337339411,0.51318347,0.742240042,16,4,PLCG1/SOS1/PIK3R1/ERBB2IP,down,FALSE
REACTOME_NEUREXINS_AND_NEUROLIGINS,REACTOME_NEUREXINS_AND_NEUROLIGINS,Reactome,Treg,SF_vs_PB_Treg,-0.959192647,-0.297079167,0.513246111,0.742240042,26,10,HOMER3/EPB41L5/BEGAIN/APBA3/HOMER1/HOMER2/LIN7A/EPB41L2/APBA2/EPB41,down,FALSE
REACTOME_CREB1_PHOSPHORYLATION_THROUGH_NMDA_RECEPTOR_MEDIATED_ACTIVATION_OF_RAS_SIGNALING,REACTOME_CREB1_PHOSPHORYLATION_THROUGH_NMDA_RECEPTOR_MEDIATED_ACTIVATION_OF_RAS_SIGNALING,Reactome,Treg,SF_vs_PB_Treg,-0.953969266,-0.330424198,0.516172022,0.745642828,17,8,CAMK2G/DLG1/RPS6KA3/MAPK3/CREB1/RPS6KA1/RPS6KA2/CAMK2D,down,FALSE
REACTOME_IFNG_SIGNALING_ACTIVATES_MAPKS,REACTOME_IFNG_SIGNALING_ACTIVATES_MAPKS,Reactome,Treg,SF_vs_PB_Treg,-0.957012422,-0.415529504,0.516865445,0.745642828,8,2,MAPK3/IFNGR2,down,FALSE
REACTOME_FIBRONECTIN_MATRIX_FORMATION,REACTOME_FIBRONECTIN_MATRIX_FORMATION,Reactome,Treg,SF_vs_PB_Treg,0.956059642,0.421707787,0.51701039,0.745642828,8,3,CEACAM1/COL5A1/FN1,up,FALSE
REACTOME_DOWNREGULATION_OF_SMAD2_3_SMAD4_TRANSCRIPTIONAL_ACTIVITY,REACTOME_DOWNREGULATION_OF_SMAD2_3_SMAD4_TRANSCRIPTIONAL_ACTIVITY,Reactome,Treg,SF_vs_PB_Treg,-0.960602159,-0.287551596,0.517491271,0.745657877,30,5,RPS27A/RNF111/UBA52/NEDD4L/SMAD3,down,FALSE
REACTOME_RESOLUTION_OF_D_LOOP_STRUCTURES_THROUGH_SYNTHESIS_DEPENDENT_STRAND_ANNEALING_SDSA,REACTOME_RESOLUTION_OF_D_LOOP_STRUCTURES_THROUGH_SYNTHESIS_DEPENDENT_STRAND_ANNEALING_SDSA,Reactome,Treg,SF_vs_PB_Treg,-0.955938564,-0.296071319,0.518952462,0.747084152,26,2,RAD51B/ATM,down,FALSE
REACTOME_FOXO_MEDIATED_TRANSCRIPTION_OF_CELL_CYCLE_GENES,REACTOME_FOXO_MEDIATED_TRANSCRIPTION_OF_CELL_CYCLE_GENES,Reactome,Treg,SF_vs_PB_Treg,0.951053087,0.358073351,0.521577779,0.750182196,14,2,CDKN1A/GADD45A,up,FALSE
REACTOME_CREB1_PHOSPHORYLATION_THROUGH_THE_ACTIVATION_OF_CAMKII_CAMKK_CAMKIV_CASCASDE,REACTOME_CREB1_PHOSPHORYLATION_THROUGH_THE_ACTIVATION_OF_CAMKII_CAMKK_CAMKIV_CASCASDE,Reactome,Treg,SF_vs_PB_Treg,-0.952663727,-0.431556131,0.523660978,0.752495603,7,3,CAMK2G/CREB1/CAMK4,down,FALSE
REACTOME_REGULATION_OF_BACH1_ACTIVITY,REACTOME_REGULATION_OF_BACH1_ACTIVITY,Reactome,Treg,SF_vs_PB_Treg,0.946684051,0.380654409,0.525378708,0.753822178,11,4,RBX1/BACH1/UBC/UBB,up,FALSE
REACTOME_DISEASES_OF_PROGRAMMED_CELL_DEATH,REACTOME_DISEASES_OF_PROGRAMMED_CELL_DEATH,Reactome,Treg,SF_vs_PB_Treg,0.963631035,0.241577432,0.525535336,0.753822178,90,13,LMNA/FASLG/H3F3B/MLKL/CAST/CAPN2/EED/PRDX1/GOLGA2/RIPK3/DFNA5/FADD/CAPNS1,up,FALSE
REACTOME_TOLL_LIKE_RECEPTOR_TLR1_TLR2_CASCADE,REACTOME_TOLL_LIKE_RECEPTOR_TLR1_TLR2_CASCADE,Reactome,Treg,SF_vs_PB_Treg,-0.968192346,-0.223830057,0.526639193,0.754649105,107,27,TAB1/TRAF6/CD36/ALPK1/RPS6KA3/S100A12/TLR6/MAPK3/DUSP7/VRK3/NOD1/IRAK4/CREB1/RPS6KA1/TLR1/RPS6KA2/RPS27A/MAP3K7/ECSIT/TIFA/PELI2/UBA52/TP53/NLRC5/MAP3K1/MAP2K6/APP,down,FALSE
REACTOME_ERYTHROPOIETIN_ACTIVATES_PHOSPHOINOSITIDE_3_KINASE_PI3K,REACTOME_ERYTHROPOIETIN_ACTIVATES_PHOSPHOINOSITIDE_3_KINASE_PI3K,Reactome,Treg,SF_vs_PB_Treg,-0.946006992,-0.383616075,0.527352252,0.754649105,10,5,PIK3CA/IRS2/PIK3CD/PIK3R5/PIK3R1,down,FALSE
REACTOME_PARACETAMOL_ADME,REACTOME_PARACETAMOL_ADME,Reactome,Treg,SF_vs_PB_Treg,0.946316344,0.356289958,0.52758436,0.754649105,14,2,GGT1/ACY1,up,FALSE
REACTOME_ACTIVATED_TAK1_MEDIATES_P38_MAPK_ACTIVATION,REACTOME_ACTIVATED_TAK1_MEDIATES_P38_MAPK_ACTIVATION,Reactome,Treg,SF_vs_PB_Treg,0.95053576,0.315073656,0.528016314,0.754649105,23,7,MAPKAPK3/MAPK11/IRAK2/MAPKAPK2/UBE2N/UBC/UBB,up,FALSE
REACTOME_NEGATIVE_REGULATION_OF_FGFR4_SIGNALING,REACTOME_NEGATIVE_REGULATION_OF_FGFR4_SIGNALING,Reactome,Treg,SF_vs_PB_Treg,0.945674915,0.338225032,0.529812251,0.75653371,17,8,MKNK1/UBC/UBB/PTPN11/PPP2CB/PPP2R1A/SRC/KLB,up,FALSE
REACTOME_NR1H3_NR1H2_REGULATE_GENE_EXPRESSION_LINKED_TO_CHOLESTEROL_TRANSPORT_AND_EFFLUX,REACTOME_NR1H3_NR1H2_REGULATE_GENE_EXPRESSION_LINKED_TO_CHOLESTEROL_TRANSPORT_AND_EFFLUX,Reactome,Treg,SF_vs_PB_Treg,0.951787397,0.293792405,0.53159749,0.758399659,31,12,RXRA/NR1H2/NCOR2/ABCA1/NCOA1/NCOR1/ABCG1/EEPD1/APOC1/APOE/TBL1X/PLTP,up,FALSE
REACTOME_SIGNALING_BY_KIT_IN_DISEASE,REACTOME_SIGNALING_BY_KIT_IN_DISEASE,Reactome,Treg,SF_vs_PB_Treg,0.944932955,0.332833448,0.532404695,0.758868203,18,6,STAT3/KRAS/YES1/NRAS/HRAS/SRC,up,FALSE
REACTOME_TRANSLATION_OF_SARS_COV_2_STRUCTURAL_PROTEINS,REACTOME_TRANSLATION_OF_SARS_COV_2_STRUCTURAL_PROTEINS,Reactome,Treg,SF_vs_PB_Treg,0.955888524,0.258254063,0.533010789,0.759049506,59,26,PARP9/FUT8/GALNT1/ST6GALNAC4/MAGT1/RPN2/PRMT1/RPN1/UBE2I/UBC/UBB/OSTC/DDOST/STT3A/TMEM258/DAD1/MGAT2/OST4/EDEM2/PARP10/MGAT4B/PRKCSH/SUMO1/SRPK1/CANX/GSK3A,up,FALSE
REACTOME_NUCLEOTIDE_LIKE_PURINERGIC_RECEPTORS,REACTOME_NUCLEOTIDE_LIKE_PURINERGIC_RECEPTORS,Reactome,Treg,SF_vs_PB_Treg,-0.956969083,-0.483443338,0.535106512,0.760414511,5,1,LPAR6,down,FALSE
REACTOME_SCAVENGING_BY_CLASS_B_RECEPTORS,REACTOME_SCAVENGING_BY_CLASS_B_RECEPTORS,Reactome,Treg,SF_vs_PB_Treg,-0.94294728,-0.427154586,0.535588313,0.760414511,7,4,S100A9/CD36/SCARB1/APOA1,down,FALSE
REACTOME_DEFENSINS,REACTOME_DEFENSINS,Reactome,Treg,SF_vs_PB_Treg,0.942356587,0.452991612,0.536769352,0.760414511,6,2,CD4/CCR2,up,FALSE
REACTOME_DOWNREGULATION_OF_ERBB2_SIGNALING,REACTOME_DOWNREGULATION_OF_ERBB2_SIGNALING,Reactome,Treg,SF_vs_PB_Treg,0.944645229,0.324381535,0.537031462,0.760414511,20,10,CDC37/HBEGF/MATK/UBC/UBB/AKT1/RNF41/PTPN12/ERBB3/HSP90AA1,up,FALSE
REACTOME_ERYTHROPOIETIN_ACTIVATES_PHOSPHOLIPASE_C_GAMMA_PLCG,REACTOME_ERYTHROPOIETIN_ACTIVATES_PHOSPHOLIPASE_C_GAMMA_PLCG,Reactome,Treg,SF_vs_PB_Treg,-0.945576585,-0.449902457,0.537701066,0.760414511,6,5,PLCG2/LYN/JAK2/IRS2/PLCG1,down,FALSE
REACTOME_SLC_MEDIATED_TRANSPORT_OF_INORGANIC_ANIONS,REACTOME_SLC_MEDIATED_TRANSPORT_OF_INORGANIC_ANIONS,Reactome,Treg,SF_vs_PB_Treg,-0.94170266,-0.316330027,0.537724806,0.760414511,19,3,SLC12A7/SLC4A7/SLC12A6,down,FALSE
REACTOME_SERINE_METABOLISM,REACTOME_SERINE_METABOLISM,Reactome,Treg,SF_vs_PB_Treg,-0.938920532,-0.369712561,0.537877211,0.760414511,11,4,PSPH/PSAT1/PHGDH/SERINC5,down,FALSE
REACTOME_EPHA_MEDIATED_GROWTH_CONE_COLLAPSE,REACTOME_EPHA_MEDIATED_GROWTH_CONE_COLLAPSE,Reactome,Treg,SF_vs_PB_Treg,0.938530671,0.340919286,0.538607583,0.760414511,16,4,MYL6/MYL12B/RHOA/EFNA5,up,FALSE
REACTOME_NUCLEAR_EVENTS_STIMULATED_BY_ALK_SIGNALING_IN_CANCER,REACTOME_NUCLEAR_EVENTS_STIMULATED_BY_ALK_SIGNALING_IN_CANCER,Reactome,Treg,SF_vs_PB_Treg,-0.946454545,-0.275016875,0.538945834,0.760414511,34,12,DNMT1/HDAC1/CUL1/AGO3/MECP2/MAPK3/ZAP70/RB1/BCL2A1/TNRC6C/RPS6/PTPN6,down,FALSE
REACTOME_ISG15_ANTIVIRAL_MECHANISM,REACTOME_ISG15_ANTIVIRAL_MECHANISM,Reactome,Treg,SF_vs_PB_Treg,0.955068658,0.248088142,0.53906739,0.760414511,73,16,ISG15/EIF4G3/USP18/EIF2AK2/MX1/EIF4G1/TRIM25/EIF4E/UBE2N/UBC/UBB/IFIT1/NEDD4/PIN1/NUP188/NUP37,up,FALSE
REACTOME_REGULATION_OF_NF_KAPPA_B_SIGNALING,REACTOME_REGULATION_OF_NF_KAPPA_B_SIGNALING,Reactome,Treg,SF_vs_PB_Treg,0.940033052,0.331107557,0.539246631,0.760414511,18,8,USP18/N4BP1/IKBIP/USP14/UBC/UBB/IKBKG/TRAF2,up,FALSE
REACTOME_SIGNALING_BY_FGFR4_IN_DISEASE,REACTOME_SIGNALING_BY_FGFR4_IN_DISEASE,Reactome,Treg,SF_vs_PB_Treg,-0.936839771,-0.392461959,0.540767485,0.761881301,9,3,PLCG1/SOS1/PIK3R1,down,FALSE
REACTOME_ARACHIDONATE_METABOLISM,REACTOME_ARACHIDONATE_METABOLISM,Reactome,Treg,SF_vs_PB_Treg,0.943518488,0.29342348,0.542770587,0.763164147,30,8,GGT1/CYP4F22/MAPKAPK2/ALOX5AP/PON2/GPX1/PTGS1/HPGD,up,FALSE
REACTOME_CROSSLINKING_OF_COLLAGEN_FIBRILS,REACTOME_CROSSLINKING_OF_COLLAGEN_FIBRILS,Reactome,Treg,SF_vs_PB_Treg,0.936772228,0.450307205,0.542910742,0.763164147,6,3,BMP1/LOXL1/PCOLCE,up,FALSE
REACTOME_THE_PHOTOTRANSDUCTION_CASCADE,REACTOME_THE_PHOTOTRANSDUCTION_CASCADE,Reactome,Treg,SF_vs_PB_Treg,-0.935380336,-0.323985592,0.543544941,0.763164147,17,6,CAMKMT/SLC24A1/FNTA/NMT2/PRKCQ/PRKCA,down,FALSE
REACTOME_IRAK2_MEDIATED_ACTIVATION_OF_TAK1_COMPLEX,REACTOME_IRAK2_MEDIATED_ACTIVATION_OF_TAK1_COMPLEX,Reactome,Treg,SF_vs_PB_Treg,-0.933885589,-0.378700714,0.543603988,0.763164147,10,5,TAB1/TRAF6/RPS27A/MAP3K7/UBA52,down,FALSE
REACTOME_SIGNALING_BY_PDGFRA_TRANSMEMBRANE_JUXTAMEMBRANE_AND_KINASE_DOMAIN_MUTANTS,REACTOME_SIGNALING_BY_PDGFRA_TRANSMEMBRANE_JUXTAMEMBRANE_AND_KINASE_DOMAIN_MUTANTS,Reactome,Treg,SF_vs_PB_Treg,0.931657711,0.384725905,0.545602071,0.7652914,10,4,STAT3/KRAS/NRAS/HRAS,up,FALSE
REACTOME_FRS_MEDIATED_FGFR2_SIGNALING,REACTOME_FRS_MEDIATED_FGFR2_SIGNALING,Reactome,Treg,SF_vs_PB_Treg,0.931357144,0.410811776,0.547632997,0.766687411,8,4,KRAS/NRAS/PTPN11/HRAS,up,FALSE
REACTOME_FRS_MEDIATED_FGFR3_SIGNALING,REACTOME_FRS_MEDIATED_FGFR3_SIGNALING,Reactome,Treg,SF_vs_PB_Treg,0.931357144,0.410811776,0.547632997,0.766687411,8,4,KRAS/NRAS/PTPN11/HRAS,up,FALSE
REACTOME_PHOSPHORYLATION_AND_NUCLEAR_TRANSLOCATION_OF_BMAL1_ARNTL_AND_CLOCK,REACTOME_PHOSPHORYLATION_AND_NUCLEAR_TRANSLOCATION_OF_BMAL1_ARNTL_AND_CLOCK,Reactome,Treg,SF_vs_PB_Treg,-0.944765069,-0.477278093,0.548728728,0.766687411,5,2,CSNK2B/CLOCK,down,FALSE
REACTOME_NEGATIVE_REGULATION_OF_FGFR2_SIGNALING,REACTOME_NEGATIVE_REGULATION_OF_FGFR2_SIGNALING,Reactome,Treg,SF_vs_PB_Treg,0.931088325,0.338215869,0.54937252,0.766687411,16,7,MKNK1/UBC/UBB/PTPN11/PPP2CB/PPP2R1A/SRC,up,FALSE
REACTOME_NEGATIVE_REGULATION_OF_FGFR3_SIGNALING,REACTOME_NEGATIVE_REGULATION_OF_FGFR3_SIGNALING,Reactome,Treg,SF_vs_PB_Treg,0.931088325,0.338215869,0.54937252,0.766687411,16,7,MKNK1/UBC/UBB/PTPN11/PPP2CB/PPP2R1A/SRC,up,FALSE
REACTOME_TRANSCRIPTIONAL_REGULATION_BY_E2F6,REACTOME_TRANSCRIPTIONAL_REGULATION_BY_E2F6,Reactome,Treg,SF_vs_PB_Treg,-0.940253614,-0.273215034,0.549836529,0.766687411,34,7,UXT/PHC1/PHC3/EHMT2/TFDP2/EPC1/MAX,down,FALSE
REACTOME_NUCLEAR_PORE_COMPLEX_NPC_DISASSEMBLY,REACTOME_NUCLEAR_PORE_COMPLEX_NPC_DISASSEMBLY,Reactome,Treg,SF_vs_PB_Treg,-0.940619453,-0.269640583,0.549983335,0.766687411,36,8,NUP133/RANBP2/NUP43/POM121/NUP210/TPR/NUP88/NUPL2,down,FALSE
REACTOME_RHOU_GTPASE_CYCLE,REACTOME_RHOU_GTPASE_CYCLE,Reactome,Treg,SF_vs_PB_Treg,0.94049627,0.278049323,0.55211753,0.768537147,38,10,IQGAP1/DLG5/PAK2/PARD6A/VANGL1/CLTC/PAK1/SRC/CDC42/STAM2,up,FALSE
REACTOME_NUCLEOTIDE_BINDING_DOMAIN_LEUCINE_RICH_REPEAT_CONTAINING_RECEPTOR_NLR_SIGNALING_PATHWAYS,REACTOME_NUCLEOTIDE_BINDING_DOMAIN_LEUCINE_RICH_REPEAT_CONTAINING_RECEPTOR_NLR_SIGNALING_PATHWAYS,Reactome,Treg,SF_vs_PB_Treg,0.94400471,0.259040512,0.552280006,0.768537147,54,17,TXN/BCL2L1/HSP90AB1/MAPK11/IRAK2/PSTPIP1/AIM2/CASP9/UBE2N/UBC/UBB/NFKB2/CASP1/SUGT1/HMOX1/PANX1/IKBKG,up,FALSE
REACTOME_MRNA_DECAY_BY_5_TO_3_EXORIBONUCLEASE,REACTOME_MRNA_DECAY_BY_5_TO_3_EXORIBONUCLEASE,Reactome,Treg,SF_vs_PB_Treg,-0.928704213,-0.333503041,0.553643916,0.769395042,15,3,DDX6/DCP1B/DCP2,down,FALSE
REACTOME_INLB_MEDIATED_ENTRY_OF_LISTERIA_MONOCYTOGENES_INTO_HOST_CELL,REACTOME_INLB_MEDIATED_ENTRY_OF_LISTERIA_MONOCYTOGENES_INTO_HOST_CELL,Reactome,Treg,SF_vs_PB_Treg,-0.928017142,-0.355865442,0.553867346,0.769395042,12,3,SH3GL1/RPS27A/UBA52,down,FALSE
REACTOME_POLO_LIKE_KINASE_MEDIATED_EVENTS,REACTOME_POLO_LIKE_KINASE_MEDIATED_EVENTS,Reactome,Treg,SF_vs_PB_Treg,-0.928716095,-0.32746907,0.55488887,0.770139106,16,15,PKMYT1/MYBL2/CDC25C/LIN37/RBBP4/FOXM1/CENPF/CCNB1/PLK1/LIN54/EP300/CCNB2/LIN9/WEE1/LIN52,down,FALSE
REACTOME_P75NTR_SIGNALS_VIA_NF_KB,REACTOME_P75NTR_SIGNALS_VIA_NF_KB,Reactome,Treg,SF_vs_PB_Treg,0.926175128,0.348706751,0.555704339,0.770257102,14,5,PRKCI/SQSTM1/UBC/UBB/NFKBIA,up,FALSE
REACTOME_COLLAGEN_CHAIN_TRIMERIZATION,REACTOME_COLLAGEN_CHAIN_TRIMERIZATION,Reactome,Treg,SF_vs_PB_Treg,0.922490053,0.392759357,0.55594582,0.770257102,9,2,COL9A2/COL5A1,up,FALSE
REACTOME_TP53_REGULATES_TRANSCRIPTION_OF_GENES_INVOLVED_IN_G2_CELL_CYCLE_ARREST,REACTOME_TP53_REGULATES_TRANSCRIPTION_OF_GENES_INVOLVED_IN_G2_CELL_CYCLE_ARREST,Reactome,Treg,SF_vs_PB_Treg,-0.928629906,-0.316722549,0.556537065,0.770402837,18,3,TFDP2/RBL2/TP53,down,FALSE
REACTOME_INSULIN_PROCESSING,REACTOME_INSULIN_PROCESSING,Reactome,Treg,SF_vs_PB_Treg,0.928218614,0.322686693,0.558594413,0.772576043,19,7,STX1A/RAB27A/MYO5A/KIF5B/KIF5C/EXOC5/P4HB,up,FALSE
REACTOME_CGMP_EFFECTS,REACTOME_CGMP_EFFECTS,Reactome,Treg,SF_vs_PB_Treg,-0.922743623,-0.400650181,0.559141768,0.772658851,8,4,KCNMB3/PDE5A/KCNMB4/PRKG2,down,FALSE
REACTOME_SLC_TRANSPORTER_DISORDERS,REACTOME_SLC_TRANSPORTER_DISORDERS,Reactome,Treg,SF_vs_PB_Treg,0.94258276,0.251666869,0.560850002,0.774201885,63,13,SLC3A2/SLC27A4/BSG/SLC16A1/SLC39A4/SLC1A1/SLC17A5/HK1/SLC2A1/SLC11A2/SLC35C1/NUP188/NUP37,up,FALSE
REACTOME_RHOBTB_GTPASE_CYCLE,REACTOME_RHOBTB_GTPASE_CYCLE,Reactome,Treg,SF_vs_PB_Treg,-0.933500704,-0.271252801,0.56123531,0.774201885,34,3,DDX39B/STK38/ACTN1,down,FALSE
REACTOME_SIGNALING_BY_FGFR1,REACTOME_SIGNALING_BY_FGFR1,Reactome,Treg,SF_vs_PB_Treg,0.931775326,0.289771491,0.561993941,0.774305836,30,12,MKNK1/SPRED2/KRAS/UBC/UBB/NRAS/PTPN11/FGFRL1/PPP2CB/HRAS/PPP2R1A/SRC,up,FALSE
REACTOME_PERK_REGULATES_GENE_EXPRESSION,REACTOME_PERK_REGULATES_GENE_EXPRESSION,Reactome,Treg,SF_vs_PB_Treg,0.931552035,0.28970205,0.562287708,0.774305836,30,10,ATF3/EXOSC4/HERPUD1/EXOSC7/EIF2S1/DDIT3/CCL2/HSPA5/NFYC/ATF6,up,FALSE
REACTOME_AMPK_INHIBITS_CHREBP_TRANSCRIPTIONAL_ACTIVATION_ACTIVITY,REACTOME_AMPK_INHIBITS_CHREBP_TRANSCRIPTIONAL_ACTIVATION_ACTIVITY,Reactome,Treg,SF_vs_PB_Treg,0.922927116,0.46747524,0.563127165,0.774788677,5,1,ADIPOR1,up,FALSE
REACTOME_RRNA_MODIFICATION_IN_THE_MITOCHONDRION,REACTOME_RRNA_MODIFICATION_IN_THE_MITOCHONDRION,Reactome,Treg,SF_vs_PB_Treg,-0.919870596,-0.34401191800000003,0.564046913,0.775369816,13,3,MRM1/RPUSD4/MTERFD2,down,FALSE
REACTOME_EPHB_MEDIATED_FORWARD_SIGNALING,REACTOME_EPHB_MEDIATED_FORWARD_SIGNALING,Reactome,Treg,SF_vs_PB_Treg,0.931781424,0.283896816,0.564527929,0.775369816,33,11,RHOA/LIMK1/YES1/CFL1/ACTB/HRAS/PAK1/ARPC2/ROCK1/SRC/CDC42,up,FALSE
REACTOME_TELOMERE_EXTENSION_BY_TELOMERASE,REACTOME_TELOMERE_EXTENSION_BY_TELOMERASE,Reactome,Treg,SF_vs_PB_Treg,0.924309949,0.309718779,0.566770244,0.777775617,22,10,ANKRD28/NOP10/NHP2/TINF2/CDK2/CCNA1/DKC1/PIF1/RUVBL2/ACD,up,FALSE
REACTOME_INFECTION_WITH_ENTEROBACTERIA,REACTOME_INFECTION_WITH_ENTEROBACTERIA,Reactome,Treg,SF_vs_PB_Treg,-0.923646959,-0.295004623,0.568924405,0.780056386,23,8,LAMA2/COL4A4/HBB/LAMC3/RPS27A/CASP4/UBA52/COL5A3,down,FALSE
REACTOME_INTERACTIONS_OF_REV_WITH_HOST_CELLULAR_PROTEINS,REACTOME_INTERACTIONS_OF_REV_WITH_HOST_CELLULAR_PROTEINS,Reactome,Treg,SF_vs_PB_Treg,-0.93024531,-0.264840645,0.570047343,0.780256251,37,9,NUP133/RANBP2/NUP43/POM121/NUP210/TPR/NUP88/NUPL2/RCC1,down,FALSE
REACTOME_REGULATION_OF_INNATE_IMMUNE_RESPONSES_TO_CYTOSOLIC_DNA,REACTOME_REGULATION_OF_INNATE_IMMUNE_RESPONSES_TO_CYTOSOLIC_DNA,Reactome,Treg,SF_vs_PB_Treg,0.914500953,0.351550189,0.5702903,0.780256251,13,6,TMEM173/UBC/UBB/TBK1/ZBP1/TREX1,up,FALSE
REACTOME_TNFR1_INDUCED_PROAPOPTOTIC_SIGNALING,REACTOME_TNFR1_INDUCED_PROAPOPTOTIC_SIGNALING,Reactome,Treg,SF_vs_PB_Treg,0.923084798,0.302611123,0.570547,0.780256251,24,13,TNF/FADD/TBK1/OPTN/TRAF2/OTUD7B/OTUD1/TRADD/RIPK1/TNFAIP3/TNFRSF1A/RBCK1/USP4,up,FALSE
REACTOME_DEADENYLATION_DEPENDENT_MRNA_DECAY,REACTOME_DEADENYLATION_DEPENDENT_MRNA_DECAY,Reactome,Treg,SF_vs_PB_Treg,-0.938097758,-0.244342945,0.571162855,0.780425108,56,10,CNOT3/EIF4A2/PAN3/DCP1B/ZCCHC11/CNOT8/PAN2/EIF4B/DCP2/PABPC1,down,FALSE
REACTOME_RECYCLING_OF_BILE_ACIDS_AND_SALTS,REACTOME_RECYCLING_OF_BILE_ACIDS_AND_SALTS,Reactome,Treg,SF_vs_PB_Treg,0.911742135,0.41825488,0.571779021,0.780594098,7,2,RXRA/NCOA1,up,FALSE
REACTOME_MATURATION_OF_SARS_COV_1_NUCLEOPROTEIN,REACTOME_MATURATION_OF_SARS_COV_1_NUCLEOPROTEIN,Reactome,Treg,SF_vs_PB_Treg,0.911712223,0.366592504,0.572478971,0.780877082,11,6,PARP9/UBE2I/PARP10/SUMO1/GSK3A/PARP4,up,FALSE
REACTOME_SIGNALING_BY_TGFB_FAMILY_MEMBERS,REACTOME_SIGNALING_BY_TGFB_FAMILY_MEMBERS,Reactome,Treg,SF_vs_PB_Treg,-0.951598378,-0.216759896,0.57381178,0.782022073,117,18,ACVR2B/TGFBR2/CCNT1/MTMR4/RPS27A/PPP1CC/TFDP2/TNRC6B/RNF111/UBA52/USP15/TGFBR3/TNRC6C/ARHGEF18/NOG/MYC/NEDD4L/SMAD3,down,FALSE
REACTOME_RUNX2_REGULATES_GENES_INVOLVED_IN_CELL_MIGRATION,REACTOME_RUNX2_REGULATES_GENES_INVOLVED_IN_CELL_MIGRATION,Reactome,Treg,SF_vs_PB_Treg,0.910078893,0.437475697,0.57535545,0.783452224,6,2,CBFB/AKT1,up,FALSE
REACTOME_SYNTHESIS_OF_IP3_AND_IP4_IN_THE_CYTOSOL,REACTOME_SYNTHESIS_OF_IP3_AND_IP4_IN_THE_CYTOSOL,Reactome,Treg,SF_vs_PB_Treg,-0.918297311,-0.300283052,0.575915671,0.783541921,21,8,INPP5B/SYNJ1/PTEN/PLCB1/ITPK1/INPP5D/PLCG1/ITPKB,down,FALSE
REACTOME_CREB3_FACTORS_ACTIVATE_GENES,REACTOME_CREB3_FACTORS_ACTIVATE_GENES,Reactome,Treg,SF_vs_PB_Treg,0.906553214,0.415874502,0.577980571,0.785676848,7,2,CREB3/CREB3L2,up,FALSE
REACTOME_SHC_RELATED_EVENTS_TRIGGERED_BY_IGF1R,REACTOME_SHC_RELATED_EVENTS_TRIGGERED_BY_IGF1R,Reactome,Treg,SF_vs_PB_Treg,-0.905127075,-0.393001173,0.582708308,0.791424737,8,2,SOS1/IGF1R,down,FALSE
REACTOME_SUPPRESSION_OF_PHAGOSOMAL_MATURATION,REACTOME_SUPPRESSION_OF_PHAGOSOMAL_MATURATION,Reactome,Treg,SF_vs_PB_Treg,0.902053943,0.353871677,0.583723698,0.791796275,12,5,RAB5A/UBC/UBB/RAB7A/VPS33B,up,FALSE
REACTOME_P75_NTR_RECEPTOR_MEDIATED_SIGNALLING,REACTOME_P75_NTR_RECEPTOR_MEDIATED_SIGNALLING,Reactome,Treg,SF_vs_PB_Treg,0.935170281,0.236094046,0.584003981,0.791796275,86,38,RHOA/PLEKHG2/PRKCI/ARHGDIA/ARHGEF12/TIAM2/FGD1/BAD/ARHGEF5/MAPK8/PSEN2/SQSTM1/AKAP13/UBC/UBB/PSEN1/NFKBIA/MAGED1/FGD2/VAV2/PRDM4/ARHGEF35/PSENEN/ABR/SOS2/ARHGEF40/MYD88/NCSTN/GNA13/RASGRF2/APH1B/IRAK1/CASP3/YWHAE/RTN4R/ITSN1/ARHGEF39/VAV1,up,FALSE
REACTOME_FORMATION_OF_THE_NEPHRIC_DUCT,REACTOME_FORMATION_OF_THE_NEPHRIC_DUCT,Reactome,Treg,SF_vs_PB_Treg,-0.906556704,-0.431336916,0.584498197,0.791796275,6,3,PAX8/GATA3/PLAC8,down,FALSE
REACTOME_NEGATIVE_REGULATION_OF_FGFR1_SIGNALING,REACTOME_NEGATIVE_REGULATION_OF_FGFR1_SIGNALING,Reactome,Treg,SF_vs_PB_Treg,0.90680636,0.324323513,0.584980087,0.791796275,17,9,MKNK1/UBC/UBB/PTPN11/PPP2CB/PPP2R1A/SRC/FGFR1/GRB2,up,FALSE
REACTOME_DOPAMINE_NEUROTRANSMITTER_RELEASE_CYCLE,REACTOME_DOPAMINE_NEUROTRANSMITTER_RELEASE_CYCLE,Reactome,Treg,SF_vs_PB_Treg,0.899884861,0.353020756,0.586776225,0.793549758,12,6,STX1A/CPLX1/RAB3A/BZRAP1/STXBP1/LIN7C,up,FALSE
REACTOME_CHL1_INTERACTIONS,REACTOME_CHL1_INTERACTIONS,Reactome,Treg,SF_vs_PB_Treg,0.898903427,0.412365219,0.587871651,0.793706926,7,3,ITGA2/NRP1/ITGB1,up,FALSE
REACTOME_MYOGENESIS,REACTOME_MYOGENESIS,Reactome,Treg,SF_vs_PB_Treg,0.904714866,0.32357548,0.588014413,0.793706926,17,3,CTNNA1/MAPK11/CTNNB1,up,FALSE
REACTOME_MITOCHONDRIAL_TRNA_AMINOACYLATION,REACTOME_MITOCHONDRIAL_TRNA_AMINOACYLATION,Reactome,Treg,SF_vs_PB_Treg,-0.909176091,-0.301168829,0.588394724,0.793706926,20,11,WARS2/RARS2/YARS2/LARS2/AARS2/TARS2/KARS/NARS2/CARS2/MARS2/QARS,down,FALSE
REACTOME_N_GLYCAN_ANTENNAE_ELONGATION_IN_THE_MEDIAL_TRANS_GOLGI,REACTOME_N_GLYCAN_ANTENNAE_ELONGATION_IN_THE_MEDIAL_TRANS_GOLGI,Reactome,Treg,SF_vs_PB_Treg,-0.906917887,-0.309317353,0.589641773,0.794659962,18,5,ST8SIA6/MAN2A1/ST6GAL1/MGAT5/MGAT4A,down,FALSE
REACTOME_TRNA_AMINOACYLATION,REACTOME_TRNA_AMINOACYLATION,Reactome,Treg,SF_vs_PB_Treg,0.91892515,0.270248771,0.590103959,0.794659962,39,18,DARS/CARS/TARS/MARS/WARS/FARSB/RARS/FARSA/FARS2/AIMP2/IARS2/AARS/YARS/PPA1/DARS2/NARS/HARS/EARS2,up,FALSE
REACTOME_TP53_REGULATES_TRANSCRIPTION_OF_DEATH_RECEPTORS_AND_LIGANDS,REACTOME_TP53_REGULATES_TRANSCRIPTION_OF_DEATH_RECEPTORS_AND_LIGANDS,Reactome,Treg,SF_vs_PB_Treg,0.897112618,0.370460588,0.590614918,0.794672874,10,3,TP63/TP73/FAS,up,FALSE
REACTOME_DENGUE_VIRUS_HOST_INTERACTIONS,REACTOME_DENGUE_VIRUS_HOST_INTERACTIONS,Reactome,Treg,SF_vs_PB_Treg,0.95177266,0.206730124,0.592418156,0.795293785,257,54,PPIL1/SDC4/TMEM173/VIM/CLU/MB21D1/HSP90AB1/POLR2K/DYNLT1/CTNNB1/LY96/NRBP1/CSTF2/TRIM25/CSTF2T/CD2BP2/MMP9/NFKBIB/SNRPB/UBE2I/POLR2L/GPC1/C1QA/HNRNPA3/NFKBIA/GRPEL1/SNRPD1/POLR2E/FASN/SRSF2/SNRPA1/BUD31/SRSF7/PUF60/RNPS1/CLEC5A/LEO1/SNRPD3/SNRPG/AUP1/HIST1H3F/EFTUD2/PML/SF3B4/HIST1H2BI/IFIH1/POLR2G/SNRPE/PPIL3/WBP11/SNRPB2/NUDT21/GBF1/HNRNPH2,up,FALSE
REACTOME_ACTIVATED_NTRK3_SIGNALS_THROUGH_RAS,REACTOME_ACTIVATED_NTRK3_SIGNALS_THROUGH_RAS,Reactome,Treg,SF_vs_PB_Treg,0.89473914,0.430101864,0.593029226,0.795293785,6,4,KRAS/NRAS/HRAS/GRB2,up,FALSE
REACTOME_SHC_MEDIATED_CASCADE_FGFR3,REACTOME_SHC_MEDIATED_CASCADE_FGFR3,Reactome,Treg,SF_vs_PB_Treg,0.89473914,0.430101864,0.593029226,0.795293785,6,4,KRAS/NRAS/HRAS/GRB2,up,FALSE
REACTOME_REGULATION_OF_IFNA_IFNB_SIGNALING,REACTOME_REGULATION_OF_IFNA_IFNB_SIGNALING,Reactome,Treg,SF_vs_PB_Treg,-0.899942443,-0.345099676,0.593083441,0.795293785,12,2,IFNAR1/PTPN6,down,FALSE
REACTOME_SIGNALING_BY_TGF_BETA_RECEPTOR_COMPLEX_IN_CANCER,REACTOME_SIGNALING_BY_TGF_BETA_RECEPTOR_COMPLEX_IN_CANCER,Reactome,Treg,SF_vs_PB_Treg,-0.895227279,-0.405537452,0.597386181,0.800386387,7,3,SMAD4/TGFBR2/SMAD3,down,FALSE
REACTOME_RESPONSE_OF_EIF2AK1_HRI_TO_HEME_DEFICIENCY,REACTOME_RESPONSE_OF_EIF2AK1_HRI_TO_HEME_DEFICIENCY,Reactome,Treg,SF_vs_PB_Treg,0.893670197,0.343542482,0.598033945,0.800577536,13,4,ATF3/EIF2S1/DDIT3/TRIB3,up,FALSE
REACTOME_KERATAN_SULFATE_DEGRADATION,REACTOME_KERATAN_SULFATE_DEGRADATION,Reactome,Treg,SF_vs_PB_Treg,0.890510457,0.392794735,0.598625107,0.800692654,8,3,HEXB/OGN/GLB1L,up,FALSE
REACTOME_TAK1_DEPENDENT_IKK_AND_NF_KAPPA_B_ACTIVATION,REACTOME_TAK1_DEPENDENT_IKK_AND_NF_KAPPA_B_ACTIVATION,Reactome,Treg,SF_vs_PB_Treg,-0.919361061,-0.253317384,0.599175137,0.800752607,43,12,TAB1/TRAF6/ALPK1/S100A12/NOD1/RPS27A/MAP3K7/TIFA/UBA52/TP53/NLRC5/APP,down,FALSE
REACTOME_NEF_MEDIATED_CD8_DOWN_REGULATION,REACTOME_NEF_MEDIATED_CD8_DOWN_REGULATION,Reactome,Treg,SF_vs_PB_Treg,0.889738572,0.40816091,0.599921499,0.801074622,7,1,AP2B1,up,FALSE
REACTOME_ASSOCIATION_OF_TRIC_CCT_WITH_TARGET_PROTEINS_DURING_BIOSYNTHESIS,REACTOME_ASSOCIATION_OF_TRIC_CCT_WITH_TARGET_PROTEINS_DURING_BIOSYNTHESIS,Reactome,Treg,SF_vs_PB_Treg,0.909820616,0.275489026,0.602769759,0.804029312,34,14,STAT3/FBXO6/CCT6A/GBA/XRN2/FBXO4/FBXW4/SPHK1/TCP1/FBXW9/FBXW2/CCT3/AP3M1/CCT5,up,FALSE
REACTOME_RUNX2_REGULATES_BONE_DEVELOPMENT,REACTOME_RUNX2_REGULATES_BONE_DEVELOPMENT,Reactome,Treg,SF_vs_PB_Treg,0.896863417,0.315901929,0.603148803,0.804029312,18,2,CBFB/MAF,up,FALSE
REACTOME_TBC_RABGAPS,REACTOME_TBC_RABGAPS,Reactome,Treg,SF_vs_PB_Treg,0.911539405,0.264979133,0.605262684,0.806169205,41,14,RAB5A/RAB11A/RAB33A/ARF6/OPTN/MAP1LC3B/TBC1D16/TBC1D15/RAB35/RAB7A/TBC1D20/RAB8A/TBC1D25/TBC1D10B,up,FALSE
REACTOME_REGULATION_OF_ENDOGENOUS_RETROELEMENTS_BY_PIWI_INTERACTING_RNAS_PIRNAS,REACTOME_REGULATION_OF_ENDOGENOUS_RETROELEMENTS_BY_PIWI_INTERACTING_RNAS_PIRNAS,Reactome,Treg,SF_vs_PB_Treg,-0.929714749,-0.22599922,0.607153907,0.80789964,80,37,GATAD2A/SMARCC2/BCL7B/SMARCD3/HIST1H2AE/HIST1H3H/SMARCD2/H3F3A/H2AFV/HIST1H2BJ/MTA2/HIST1H2BO/HIST3H2BB/GATAD2B/H2AFJ/DPF2/HIST1H4J/HIST2H2BE/CHD3/MTA3/HIST1H2BC/HIST1H2BK/HIST1H2BL/SS18L1/HDAC1/ARID1A/HIST1H4A/HIST1H4F/HIST1H4E/HIST1H2BG/HIST1H2BN/BCL7A/HIST1H3A/ARID1B/DNMT3A/HIST4H4/HIST1H2AC,down,FALSE
REACTOME_NRCAM_INTERACTIONS,REACTOME_NRCAM_INTERACTIONS,Reactome,Treg,SF_vs_PB_Treg,0.884691223,0.448108236,0.607639782,0.80789964,5,3,DLG4/DLG3/NRP2,up,FALSE
REACTOME_NUCLEAR_ENVELOPE_BREAKDOWN,REACTOME_NUCLEAR_ENVELOPE_BREAKDOWN,Reactome,Treg,SF_vs_PB_Treg,-0.919476063,-0.243340462,0.608369197,0.80789964,52,12,NUP133/LPIN1/RANBP2/NUP43/POM121/NUP210/TPR/LEMD3/NUP88/NUPL2/PRKCB/PRKCA,down,FALSE
REACTOME_SYNTHESIS_OF_PE,REACTOME_SYNTHESIS_OF_PE,Reactome,Treg,SF_vs_PB_Treg,0.883852456,0.364984834,0.608600738,0.80789964,10,2,CHKB/LPIN2,up,FALSE
REACTOME_FRUCTOSE_METABOLISM,REACTOME_FRUCTOSE_METABOLISM,Reactome,Treg,SF_vs_PB_Treg,0.882317311,0.446905817,0.610331519,0.809519211,5,5,DAK/KHK/SORD/GLYCTK/AKR1B1,up,FALSE
REACTOME_NF_KB_ACTIVATION_THROUGH_FADD_RIP_1_PATHWAY_MEDIATED_BY_CASPASE_8_AND_10,REACTOME_NF_KB_ACTIVATION_THROUGH_FADD_RIP_1_PATHWAY_MEDIATED_BY_CASPASE_8_AND_10,Reactome,Treg,SF_vs_PB_Treg,0.88361747,0.339678037,0.612049766,0.810903269,13,5,TRIM25/FADD/IKBKG/IFIH1/RNF135,up,FALSE
REACTOME_NFE2L2_REGULATING_INFLAMMATION_ASSOCIATED_GENES,REACTOME_NFE2L2_REGULATING_INFLAMMATION_ASSOCIATED_GENES,Reactome,Treg,SF_vs_PB_Treg,0.87993968,0.445701514,0.612845126,0.810903269,5,3,CCL2/MAFK/NFE2L2,up,FALSE
REACTOME_SENESCENCE_ASSOCIATED_SECRETORY_PHENOTYPE_SASP,REACTOME_SENESCENCE_ASSOCIATED_SECRETORY_PHENOTYPE_SASP,Reactome,Treg,SF_vs_PB_Treg,0.923565752,0.229565084,0.613418911,0.810903269,95,5,CDKN1A/CDK6/H3F3B/STAT3/CDKN2D,up,FALSE
REACTOME_RECOGNITION_OF_DNA_DAMAGE_BY_PCNA_CONTAINING_REPLICATION_COMPLEX,REACTOME_RECOGNITION_OF_DNA_DAMAGE_BY_PCNA_CONTAINING_REPLICATION_COMPLEX,Reactome,Treg,SF_vs_PB_Treg,0.899308947,0.279674818,0.613421463,0.810903269,30,17,RBX1/UBC/UBB/UBE2B/RFC2/POLD3/RPA3/PCNA/DDB1/POLD2/POLE2/POLE/POLE4/DTL/RAD18/RFC4/USP1,up,FALSE
REACTOME_CD28_DEPENDENT_PI3K_AKT_SIGNALING,REACTOME_CD28_DEPENDENT_PI3K_AKT_SIGNALING,Reactome,Treg,SF_vs_PB_Treg,-0.897267871,-0.280510065,0.614674735,0.811072613,25,3,PIK3R1/RICTOR/PRR5,down,FALSE
REACTOME_RND2_GTPASE_CYCLE,REACTOME_RND2_GTPASE_CYCLE,Reactome,Treg,SF_vs_PB_Treg,-0.905243099,-0.261196555,0.61517489,0.811072613,35,8,PKP4/CKAP4/RBMX/ARHGAP1/FNBP1/LRRC1/LEMD3/PIK3R1,down,FALSE
REACTOME_TRNA_PROCESSING,REACTOME_TRNA_PROCESSING,Reactome,Treg,SF_vs_PB_Treg,0.926032301,0.224579541,0.615446487,0.811072613,111,46,TRMT6/CSTF2/THADA/TRMT112/THG1L/C9orf64/METTL1/RPP25/PUS7/ADAT2/HSD17B10/FTSJ1/TYW3/POP7/NUP188/NUP37/TYW5/AAAS/URM1/RAN/QTRT1/ELAC2/NSUN2/SEH1L/SEC13/XPOT/DUS2/POP1/NUP153/TSEN54/NUP205/TRMT11/DDX1/NUP35/POP4/QTRTD1/NUP107/TSEN15/FAM98B/PUS3/NUP85/RPP30/CTU2/TP53RK/GTPBP3/RPP14,up,FALSE
REACTOME_MYOCLONIC_EPILEPSY_OF_LAFORA,REACTOME_MYOCLONIC_EPILEPSY_OF_LAFORA,Reactome,Treg,SF_vs_PB_Treg,0.877733401,0.387158911,0.615596438,0.811072613,8,3,GYG1/UBC/UBB,up,FALSE
REACTOME_METABOLISM_OF_COFACTORS,REACTOME_METABOLISM_OF_COFACTORS,Reactome,Treg,SF_vs_PB_Treg,0.894026015,0.290269445,0.616355245,0.811212749,25,11,PTS/NOS3/GCHFR/IDH1/COQ4/AKT1/SPR/CALM1/COQ9/HSP90AA1/COQ3,up,FALSE
REACTOME_SIGNALING_BY_NODAL,REACTOME_SIGNALING_BY_NODAL,Reactome,Treg,SF_vs_PB_Treg,-0.883272896,-0.338707428,0.616813457,0.811212749,12,7,ACVR1B/NODAL/SMAD4/MAPK3/ACVR2B/FOXO3/SMAD3,down,FALSE
REACTOME_CA_DEPENDENT_EVENTS,REACTOME_CA_DEPENDENT_EVENTS,Reactome,Treg,SF_vs_PB_Treg,0.892257056,0.29575604,0.617238218,0.811212749,23,5,PRKAR1B/PRKAR1A/ADCY3/CAMKK1/PRKCD,up,FALSE
REACTOME_TCF_DEPENDENT_SIGNALING_IN_RESPONSE_TO_WNT,REACTOME_TCF_DEPENDENT_SIGNALING_IN_RESPONSE_TO_WNT,Reactome,Treg,SF_vs_PB_Treg,0.933112084,0.21425961,0.619087756,0.812969422,163,40,H3F3B/PSMD1/RBX1/CTNNB1/PSMB5/PSMD14/PSMC1/PSMB6/PSMC2/PSMB1/PSMA7/PSMD8/PSMD7/ADRM1/PSMB3/PSMD11/PSMA6/YWHAZ/PSMD12/PSMC3/PSMA3/UBC/UBB/PSMC4/DPY30/PSMB7/PSMD13/AKT1/TCF4/PSMB2/DVL3/PSMD3/WNT9A/PPP2CB/PSMA5/LEO1/SOX4/HIST1H3F/PPP2R1A/HIST1H2BI,up,FALSE
REACTOME_TRAFFICKING_OF_AMPA_RECEPTORS,REACTOME_TRAFFICKING_OF_AMPA_RECEPTORS,Reactome,Treg,SF_vs_PB_Treg,-0.884574614,-0.311904604,0.620679456,0.814384882,16,3,CAMK2D/PRKCB/PRKCA,down,FALSE
REACTOME_CLEC7A_INFLAMMASOME_PATHWAY,REACTOME_CLEC7A_INFLAMMASOME_PATHWAY,Reactome,Treg,SF_vs_PB_Treg,-0.881766701,-0.445452465,0.622034035,0.815436345,5,3,CASP8/NFKB1/MALT1,down,FALSE
REACTOME_SIGNALING_BY_TGFBR3,REACTOME_SIGNALING_BY_TGFBR3,Reactome,Treg,SF_vs_PB_Treg,-0.901003741,-0.259973342,0.622933014,0.815436345,35,5,TGFBR2/TNRC6B/TGFBR3/TNRC6C/SMAD3,down,FALSE
REACTOME_TRANSCRIPTIONAL_REGULATION_OF_BROWN_AND_BEIGE_ADIPOCYTE_DIFFERENTIATION,REACTOME_TRANSCRIPTIONAL_REGULATION_OF_BROWN_AND_BEIGE_ADIPOCYTE_DIFFERENTIATION,Reactome,Treg,SF_vs_PB_Treg,0.886451858,0.304398525,0.623024236,0.815436345,20,3,RXRA/PPARG/NCOA1,up,FALSE
REACTOME_SARS_COV_2_MODULATES_AUTOPHAGY,REACTOME_SARS_COV_2_MODULATES_AUTOPHAGY,Reactome,Treg,SF_vs_PB_Treg,-0.875046362,-0.344561249,0.625306972,0.817748804,11,5,VPS11/VPS39/VPS18/UVRAG/VPS33A,down,FALSE
REACTOME_INTERLEUKIN_6_SIGNALING,REACTOME_INTERLEUKIN_6_SIGNALING,Reactome,Treg,SF_vs_PB_Treg,0.870540211,0.359487574,0.626605877,0.81776878,10,3,STAT3/PTPN11/SOCS3,up,FALSE
REACTOME_MITOCHONDRIAL_FATTY_ACID_BETA_OXIDATION_OF_SATURATED_FATTY_ACIDS,REACTOME_MITOCHONDRIAL_FATTY_ACID_BETA_OXIDATION_OF_SATURATED_FATTY_ACIDS,Reactome,Treg,SF_vs_PB_Treg,0.870185312,0.370490091,0.626775596,0.81776878,9,4,ECHS1/ACADM/ACADVL/HADHB,up,FALSE
REACTOME_CONSTITUTIVE_SIGNALING_BY_ABERRANT_PI3K_IN_CANCER,REACTOME_CONSTITUTIVE_SIGNALING_BY_ABERRANT_PI3K_IN_CANCER,Reactome,Treg,SF_vs_PB_Treg,0.898510812,0.261191798,0.62770118,0.81776878,41,15,CD80/NTRK2/PDGFA/RHOG/HBEGF/ICOS/PTPN11/FLT3/SRC/KLB/ERBB3/FGFR1/PIK3R6/GRB2/VAV1,up,FALSE
REACTOME_ERK_MAPK_TARGETS,REACTOME_ERK_MAPK_TARGETS,Reactome,Treg,SF_vs_PB_Treg,0.884074604,0.296236676,0.628205608,0.81776878,22,9,DUSP4/MAPK11/DUSP3/ELK1/DUSP6/PPP2CB/PPP2R1A/MAPK7/PPP2R1B,up,FALSE
REACTOME_AKT_PHOSPHORYLATES_TARGETS_IN_THE_NUCLEUS,REACTOME_AKT_PHOSPHORYLATES_TARGETS_IN_THE_NUCLEUS,Reactome,Treg,SF_vs_PB_Treg,0.869265168,0.370098331,0.628308624,0.81776878,9,3,NR4A1/FOXO1/AKT1,up,FALSE
REACTOME_POLYMERASE_SWITCHING,REACTOME_POLYMERASE_SWITCHING,Reactome,Treg,SF_vs_PB_Treg,0.873598849,0.328911679,0.628510215,0.81776878,14,8,RFC2/POLD3/PCNA/POLD2/RFC4/POLA2/RFC5/RFC3,up,FALSE
REACTOME_P75NTR_RECRUITS_SIGNALLING_COMPLEXES,REACTOME_P75NTR_RECRUITS_SIGNALLING_COMPLEXES,Reactome,Treg,SF_vs_PB_Treg,0.868993334,0.349415566,0.628933844,0.81776878,11,6,PRKCI/SQSTM1/UBC/UBB/MYD88/IRAK1,up,FALSE
REACTOME_FORMATION_OF_DEFINITIVE_ENDODERM,REACTOME_FORMATION_OF_DEFINITIVE_ENDODERM,Reactome,Treg,SF_vs_PB_Treg,-0.869577827,-0.413742479,0.62991775,0.81837675,6,2,SMAD4/SMAD3,down,FALSE
REACTOME_RAS_PROCESSING,REACTOME_RAS_PROCESSING,Reactome,Treg,SF_vs_PB_Treg,0.882477712,0.295701588,0.630639063,0.818642845,22,8,BCL2L1/KRAS/LYPLA1/UBC/UBB/NRAS/CALM1/HRAS,up,FALSE
REACTOME_PENTOSE_PHOSPHATE_PATHWAY,REACTOME_PENTOSE_PHOSPHATE_PATHWAY,Reactome,Treg,SF_vs_PB_Treg,0.870400116,0.32770735,0.632680389,0.820584458,14,4,PRPS1/PGD/RBKS/PGM2,up,FALSE
REACTOME_SYNTHESIS_OF_PIPS_AT_THE_PLASMA_MEMBRANE,REACTOME_SYNTHESIS_OF_PIPS_AT_THE_PLASMA_MEMBRANE,Reactome,Treg,SF_vs_PB_Treg,-0.902753554,-0.242998418,0.635318182,0.820584458,48,17,PLEKHA4/SYNJ1/PIK3CD/PTEN/MTMR3/RAB4A/PIK3R5/MTMR9/PLEKHA8/INPP5D/PIP5K1B/INPP5K/INPP4B/PIP4K2A/PLEKHA1/PIK3R1/INPP4A,down,FALSE
REACTOME_ERYTHROCYTES_TAKE_UP_CARBON_DIOXIDE_AND_RELEASE_OXYGEN,REACTOME_ERYTHROCYTES_TAKE_UP_CARBON_DIOXIDE_AND_RELEASE_OXYGEN,Reactome,Treg,SF_vs_PB_Treg,-0.870437324,-0.43972907,0.635393508,0.820584458,5,2,CYB5RL/HBB,down,FALSE
REACTOME_DOWNSTREAM_SIGNALING_OF_ACTIVATED_FGFR2,REACTOME_DOWNSTREAM_SIGNALING_OF_ACTIVATED_FGFR2,Reactome,Treg,SF_vs_PB_Treg,-0.869378745,-0.333379457,0.635680594,0.820584458,12,3,PLCG1/SOS1/PIK3R1,down,FALSE
REACTOME_DOWNSTREAM_SIGNALING_OF_ACTIVATED_FGFR3,REACTOME_DOWNSTREAM_SIGNALING_OF_ACTIVATED_FGFR3,Reactome,Treg,SF_vs_PB_Treg,-0.869378745,-0.333379457,0.635680594,0.820584458,12,3,PLCG1/SOS1/PIK3R1,down,FALSE
REACTOME_PEXOPHAGY,REACTOME_PEXOPHAGY,Reactome,Treg,SF_vs_PB_Treg,-0.867459116,-0.341573669,0.636441207,0.820584458,11,3,RPS27A/UBA52/ATM,down,FALSE
REACTOME_INOSITOL_PHOSPHATE_METABOLISM,REACTOME_INOSITOL_PHOSPHATE_METABOLISM,Reactome,Treg,SF_vs_PB_Treg,-0.897714929,-0.25266274,0.636554434,0.820584458,39,13,INPP5B/SYNJ1/PTEN/PLCB1/MTMR9/ISYNA1/ITPK1/INPP5D/INPP4B/IP6K2/PLCG1/INPP4A/ITPKB,down,FALSE
REACTOME_THE_CANONICAL_RETINOID_CYCLE_IN_RODS_TWILIGHT_VISION,REACTOME_THE_CANONICAL_RETINOID_CYCLE_IN_RODS_TWILIGHT_VISION,Reactome,Treg,SF_vs_PB_Treg,0.85915543,0.412996745,0.636631122,0.820584458,6,1,MYO7A,up,FALSE
REACTOME_MITOTIC_TELOPHASE_CYTOKINESIS,REACTOME_MITOTIC_TELOPHASE_CYTOKINESIS,Reactome,Treg,SF_vs_PB_Treg,-0.868553306,-0.324820349,0.637797905,0.820584458,13,4,STAG2/WAPAL/MAU2/NIPBL,down,FALSE
REACTOME_HIV_TRANSCRIPTION_ELONGATION,REACTOME_HIV_TRANSCRIPTION_ELONGATION,Reactome,Treg,SF_vs_PB_Treg,0.8932382,0.258255228,0.638925861,0.820584458,42,16,POLR2K/NELFE/POLR2L/CDK9/TCEB1/POLR2E/TCEB2/GTF2H5/POLR2G/NELFCD/MNAT1/POLR2I/ELL/TCEB3/SUPT16H/CDK7,up,FALSE
REACTOME_RECRUITMENT_OF_NUMA_TO_MITOTIC_CENTROSOMES,REACTOME_RECRUITMENT_OF_NUMA_TO_MITOTIC_CENTROSOMES,Reactome,Treg,SF_vs_PB_Treg,0.909346996,0.231001954,0.639085053,0.820584458,83,11,TUBB2A/YWHAG/TUBB6/DYNLL1/NME7/DCTN2/DYNC1I2/TUBA1C/MAPRE1/ACTR1A/TUBA1A,up,FALSE
REACTOME_CDC6_ASSOCIATION_WITH_THE_ORC_ORIGIN_COMPLEX,REACTOME_CDC6_ASSOCIATION_WITH_THE_ORC_ORIGIN_COMPLEX,Reactome,Treg,SF_vs_PB_Treg,-0.8611988,-0.373927759,0.639390959,0.820584458,8,7,CDC6/ORC6/ORC3/MCM8/ORC2/ORC5/ORC4,down,FALSE
REACTOME_PHOSPHATE_BOND_HYDROLYSIS_BY_NUDT_PROTEINS,REACTOME_PHOSPHATE_BOND_HYDROLYSIS_BY_NUDT_PROTEINS,Reactome,Treg,SF_vs_PB_Treg,0.857547058,0.393393294,0.639623197,0.820584458,7,2,NUDT5/NUDT16,up,FALSE
REACTOME_DNA_DAMAGE_REVERSAL,REACTOME_DNA_DAMAGE_REVERSAL,Reactome,Treg,SF_vs_PB_Treg,0.858654655,0.378743478,0.639891415,0.820584458,8,8,ASCC1/ASCC3/ALKBH5/ALKBH3/ALKBH2/ASCC2/MGMT/FTO,up,FALSE
REACTOME_ACETYLCHOLINE_BINDING_AND_DOWNSTREAM_EVENTS,REACTOME_ACETYLCHOLINE_BINDING_AND_DOWNSTREAM_EVENTS,Reactome,Treg,SF_vs_PB_Treg,-0.86677359,-0.437878219,0.639900562,0.820584458,5,2,CHRNA1/CHRNA7,down,FALSE
REACTOME_REGULATION_OF_SIGNALING_BY_CBL,REACTOME_REGULATION_OF_SIGNALING_BY_CBL,Reactome,Treg,SF_vs_PB_Treg,-0.875908951,-0.290148934,0.640979128,0.820688427,20,3,RPS27A/PIK3R1/UBA52,down,FALSE
REACTOME_RAB_REGULATION_OF_TRAFFICKING,REACTOME_RAB_REGULATION_OF_TRAFFICKING,Reactome,Treg,SF_vs_PB_Treg,0.914767042,0.222164507,0.641305988,0.820688427,110,29,DENND6B/RAB5A/DENND3/RAB11A/TRAPPC4/RAB1B/RAB33A/RAB27A/RAB10/RAB1A/RAB3A/RAB38/RAB18/ARF6/AKT1/TRAPPC1/OPTN/MAP1LC3B/TBC1D16/TBC1D15/RAB35/RAB7A/TRAPPC3/RAB27B/RAB3IP/TBC1D20/RAB13/RINL/RAB9A,up,FALSE
REACTOME_TERMINATION_OF_O_GLYCAN_BIOSYNTHESIS,REACTOME_TERMINATION_OF_O_GLYCAN_BIOSYNTHESIS,Reactome,Treg,SF_vs_PB_Treg,0.860043693,0.337391246,0.641836891,0.820688427,12,3,ST6GALNAC4/MUC12/MUC1,up,FALSE
REACTOME_SURFACTANT_METABOLISM,REACTOME_SURFACTANT_METABOLISM,Reactome,Treg,SF_vs_PB_Treg,0.862276343,0.331474134,0.642270179,0.820688427,13,9,LMCD1/CTSH/SFTPD/ADORA2A/ABCA3/NAPSA/CSF2RA/CSF2RB/TTF1,up,FALSE
REACTOME_REGULATION_OF_HSF1_MEDIATED_HEAT_SHOCK_RESPONSE,REACTOME_REGULATION_OF_HSF1_MEDIATED_HEAT_SHOCK_RESPONSE,Reactome,Treg,SF_vs_PB_Treg,0.903373175,0.234163962,0.64257056,0.820688427,74,27,HSPA1A/SERPINH1/MAPKAPK2/HSPA9/DNAJB6/HSPA13/HSPH1/HSPA1B/HSPB1/UBB/HSPA2/NUP188/NUP37/MRPL18/HSPA6/HSPA5/FKBP4/AAAS/HSPA4/SEH1L/BAG4/SEC13/NUP153/NUP205/YWHAE/RPA3/NUP35,up,FALSE
REACTOME_ATTACHMENT_OF_BACTERIA_TO_EPITHELIAL_CELLS,REACTOME_ATTACHMENT_OF_BACTERIA_TO_EPITHELIAL_CELLS,Reactome,Treg,SF_vs_PB_Treg,-0.857309009,-0.359144844,0.644728698,0.822323988,9,4,LAMA2/COL4A4/LAMC3/COL5A3,down,FALSE
REACTOME_XENOBIOTICS,REACTOME_XENOBIOTICS,Reactome,Treg,SF_vs_PB_Treg,-0.857756876,-0.408118107,0.644888781,0.822323988,6,4,CYP2D6/ARNT/CYP3A5/CYP2F1,down,FALSE
REACTOME_TNFR1_MEDIATED_CERAMIDE_PRODUCTION,REACTOME_TNFR1_MEDIATED_CERAMIDE_PRODUCTION,Reactome,Treg,SF_vs_PB_Treg,0.851726058,0.409425439,0.646544234,0.823772195,6,1,TNF,up,FALSE
REACTOME_EPIGENETIC_REGULATION_BY_WDR5_CONTAINING_HISTONE_MODIFYING_COMPLEXES,REACTOME_EPIGENETIC_REGULATION_BY_WDR5_CONTAINING_HISTONE_MODIFYING_COMPLEXES,Reactome,Treg,SF_vs_PB_Treg,0.918156508,0.214952399,0.647375152,0.823829829,141,17,KAT2B/PHLDA1/NR5A2/H3F3B/RXRA/AGPAT2/NCOR2/PPARG/MBIP/NCOA3/ACSL1/MED31/SCD/DGAT2/MED7/DPY30/NCOA1,up,FALSE
REACTOME_ACETYLCHOLINE_REGULATES_INSULIN_SECRETION,REACTOME_ACETYLCHOLINE_REGULATES_INSULIN_SECRETION,Reactome,Treg,SF_vs_PB_Treg,-0.855448888,-0.371431179,0.647629001,0.823829829,8,5,MARCKS/PLCB1/GNAQ/CHRM3/PRKCA,down,FALSE
REACTOME_SYNTHESIS_OF_PG,REACTOME_SYNTHESIS_OF_PG,Reactome,Treg,SF_vs_PB_Treg,-0.854948617,-0.387291241,0.64862275,0.824432284,7,1,PLD6,down,FALSE
REACTOME_FLT3_SIGNALING_BY_CBL_MUTANTS,REACTOME_FLT3_SIGNALING_BY_CBL_MUTANTS,Reactome,Treg,SF_vs_PB_Treg,-0.853559051,-0.386661769,0.65037617,0.82555243,7,2,RPS27A/UBA52,down,FALSE
REACTOME_SIGNALING_BY_CSF1_M_CSF_IN_MYELOID_CELLS,REACTOME_SIGNALING_BY_CSF1_M_CSF_IN_MYELOID_CELLS,Reactome,Treg,SF_vs_PB_Treg,0.877542503,0.27290570199999997,0.650729826,0.82555243,30,6,CSF1/STAT3/KRAS/YES1/UBC/UBB,up,FALSE
REACTOME_PYRUVATE_METABOLISM,REACTOME_PYRUVATE_METABOLISM,Reactome,Treg,SF_vs_PB_Treg,0.886425462,0.256285513,0.651066585,0.82555243,42,13,PKM/VDAC1/LDHA/HAGH/MPC2/PDP2/UBC/UBB/ME3/MAEA/PDHA1/MPC1/GID8,up,FALSE
REACTOME_HUR_ELAVL1_BINDS_AND_STABILIZES_MRNA,REACTOME_HUR_ELAVL1_BINDS_AND_STABILIZES_MRNA,Reactome,Treg,SF_vs_PB_Treg,-0.851324081,-0.36964021,0.653346449,0.827781072,8,2,NUP214/PRKCA,down,FALSE
REACTOME_TRANSCRIPTIONAL_REGULATION_BY_NPAS4,REACTOME_TRANSCRIPTIONAL_REGULATION_BY_NPAS4,Reactome,Treg,SF_vs_PB_Treg,0.870315745,0.282571273,0.654116727,0.828095058,25,3,NAMPT/GEM/FOS,up,FALSE
REACTOME_GLUTAMATE_AND_GLUTAMINE_METABOLISM,REACTOME_GLUTAMATE_AND_GLUTAMINE_METABOLISM,Reactome,Treg,SF_vs_PB_Treg,0.85337374,0.328051818,0.654942017,0.82847813,13,7,PYCRL/PYCR1/GLUD2/GLUD1/GLS/ALDH18A1/GLUL,up,FALSE
REACTOME_DOWNSTREAM_SIGNAL_TRANSDUCTION,REACTOME_DOWNSTREAM_SIGNAL_TRANSDUCTION,Reactome,Treg,SF_vs_PB_Treg,0.867111833,0.284261735,0.65755621,0.830486893,24,8,STAT3/PDGFA/KRAS/NRAS/RAPGEF1/PTPN11/HRAS/SRC,up,FALSE
REACTOME_SIGNALING_BY_FGFR4,REACTOME_SIGNALING_BY_FGFR4,Reactome,Treg,SF_vs_PB_Treg,0.869818542,0.279687859,0.65757795,0.830486893,26,11,MKNK1/KRAS/UBC/UBB/NRAS/PTPN11/PPP2CB/HRAS/PPP2R1A/SRC/KLB,up,FALSE
REACTOME_NEGATIVE_REGULATION_OF_THE_PI3K_AKT_NETWORK,REACTOME_NEGATIVE_REGULATION_OF_THE_PI3K_AKT_NETWORK,Reactome,Treg,SF_vs_PB_Treg,0.895182078,0.232532035,0.658651506,0.831180443,73,28,CD80/NTRK2/PDGFA/RHOG/HBEGF/ICOS/IL1RAP/TRIB3/PHLPP2/AKT1/PTPN11/PPP2CB/PPP2R1A/IER3/FLT3/SRC/MYD88/KLB/ERBB3/PHLPP1/PPP2R1B/IRAK1/IL1RL1/FGFR1/PIK3R6/GRB2/VAV1/AKT3,up,FALSE
REACTOME_SIGNALING_BY_FGFR3,REACTOME_SIGNALING_BY_FGFR3,Reactome,Treg,SF_vs_PB_Treg,0.867706495,0.279008736,0.660656984,0.832861816,26,10,MKNK1/KRAS/UBC/UBB/NRAS/PTPN11/PPP2CB/HRAS/PPP2R1A/SRC,up,FALSE
REACTOME_CHREBP_ACTIVATES_METABOLIC_GENE_EXPRESSION,REACTOME_CHREBP_ACTIVATES_METABOLIC_GENE_EXPRESSION,Reactome,Treg,SF_vs_PB_Treg,-0.844310644,-0.401720431,0.661034804,0.832861816,6,2,ACACB/ACACA,down,FALSE
REACTOME_TRANSLESION_SYNTHESIS_BY_POLH,REACTOME_TRANSLESION_SYNTHESIS_BY_POLH,Reactome,Treg,SF_vs_PB_Treg,0.859870458,0.298926083,0.661976347,0.833111422,19,9,UFD1L/UBC/UBB/VCP/RFC2/RPA3/RCHY1/PCNA/NPLOC4,up,FALSE
REACTOME_TRANSPORT_AND_METABOLISM_OF_PAPS,REACTOME_TRANSPORT_AND_METABOLISM_OF_PAPS,Reactome,Treg,SF_vs_PB_Treg,0.838385635,0.403012687,0.663191153,0.833111422,6,2,SLC35B2/PAPSS1,up,FALSE
REACTOME_NEGATIVE_FEEDBACK_REGULATION_OF_MAPK_PATHWAY,REACTOME_NEGATIVE_FEEDBACK_REGULATION_OF_MAPK_PATHWAY,Reactome,Treg,SF_vs_PB_Treg,-0.842731313,-0.40096899,0.663283497,0.833111422,6,3,RAF1/BRAF/MAPK3,down,FALSE
REACTOME_PTK6_REGULATES_RTKS_AND_THEIR_EFFECTORS_AKT1_AND_DOK1,REACTOME_PTK6_REGULATES_RTKS_AND_THEIR_EFFECTORS_AKT1_AND_DOK1,Reactome,Treg,SF_vs_PB_Treg,0.843150376,0.358979697,0.663335403,0.833111422,9,4,PTK6/UBC/UBB/AKT1,up,FALSE
REACTOME_SYNTHESIS_OF_KETONE_BODIES,REACTOME_SYNTHESIS_OF_KETONE_BODIES,Reactome,Treg,SF_vs_PB_Treg,0.835643833,0.42326506,0.665512123,0.834682832,5,3,BDH2/AACS/ACAT1,up,FALSE
REACTOME_UPTAKE_OF_DIETARY_COBALAMINS_INTO_ENTEROCYTES,REACTOME_UPTAKE_OF_DIETARY_COBALAMINS_INTO_ENTEROCYTES,Reactome,Treg,SF_vs_PB_Treg,0.836184132,0.401954422,0.66563981,0.834682832,6,3,TCN1/ABCD4/LMBRD1,up,FALSE
REACTOME_SIGNALING_BY_RETINOIC_ACID,REACTOME_SIGNALING_BY_RETINOIC_ACID,Reactome,Treg,SF_vs_PB_Treg,-0.864883597,-0.276236128,0.66647333,0.835067374,23,5,AKR1C3/RXRB/RDH14/PDK1/PPARD,down,FALSE
REACTOME_TRANSPORT_OF_THE_SLBP_DEPENDANT_MATURE_MRNA,REACTOME_TRANSPORT_OF_THE_SLBP_DEPENDANT_MATURE_MRNA,Reactome,Treg,SF_vs_PB_Treg,-0.876487902,-0.251256455,0.667170314,0.83528037,36,8,NUP133/RANBP2/NUP43/POM121/NUP210/TPR/NUP88/NUPL2,down,FALSE
REACTOME_SPECIFICATION_OF_PRIMORDIAL_GERM_CELLS,REACTOME_SPECIFICATION_OF_PRIMORDIAL_GERM_CELLS,Reactome,Treg,SF_vs_PB_Treg,0.833780921,0.400799197,0.668759874,0.836609629,6,4,PRDM1/CXCR4/NANOS3/TET2,up,FALSE
REACTOME_FLT3_SIGNALING,REACTOME_FLT3_SIGNALING,Reactome,Treg,SF_vs_PB_Treg,0.87123105,0.25901666,0.672011052,0.840013815,37,12,SOCS2/SLA2/KRAS/PTPRJ/UBC/UBB/NRAS/SLA/AKT1/PTPN11/HRAS/FLT3,up,FALSE
REACTOME_LAGGING_STRAND_SYNTHESIS,REACTOME_LAGGING_STRAND_SYNTHESIS,Reactome,Treg,SF_vs_PB_Treg,0.853401814,0.293049477,0.673660244,0.841411731,20,11,RFC2/POLD3/RPA3/PCNA/POLD2/FEN1/RFC4/POLA2/LIG1/RFC5/RFC3,up,FALSE
REACTOME_KIDNEY_DEVELOPMENT,REACTOME_KIDNEY_DEVELOPMENT,Reactome,Treg,SF_vs_PB_Treg,-0.835671738,-0.362844049,0.674269437,0.841486564,8,3,PAX8/GATA3/PLAC8,down,FALSE
REACTOME_REGULATION_OF_MITF_M_DEPENDENT_GENES_INVOLVED_IN_PIGMENTATION,REACTOME_REGULATION_OF_MITF_M_DEPENDENT_GENES_INVOLVED_IN_PIGMENTATION,Reactome,Treg,SF_vs_PB_Treg,0.862871473,0.268343179,0.67478197,0.841486564,30,7,DPF3/CTNNB1/RAB27A/MYO5A/ACTL6A/SMARCB1/ACTB,up,FALSE
REACTOME_DEPOLYMERIZATION_OF_THE_NUCLEAR_LAMINA,REACTOME_DEPOLYMERIZATION_OF_THE_NUCLEAR_LAMINA,Reactome,Treg,SF_vs_PB_Treg,-0.843850972,-0.309130028,0.675885767,0.842200425,14,3,LEMD3/PRKCB/PRKCA,down,FALSE
REACTOME_MEIOTIC_SYNAPSIS,REACTOME_MEIOTIC_SYNAPSIS,Reactome,Treg,SF_vs_PB_Treg,-0.891083228,-0.2258641,0.676664109,0.842507944,64,26,H2AFV/HIST1H2BJ/TERF2/HIST1H2BO/HIST3H2BB/SYCE1/H2AFJ/HIST1H4J/HIST2H2BE/TERF2IP/HIST1H2BC/HIST1H2BK/HIST1H2BL/TERF1/STAG2/HIST1H4A/HIST1H4F/HIST1H4E/HIST1H2BG/HIST1H2BN/DIDO1/SUN2/ATR/SYNE1/HIST4H4/HIST1H2AC,down,FALSE
REACTOME_HIV_LIFE_CYCLE,REACTOME_HIV_LIFE_CYCLE,Reactome,Treg,SF_vs_PB_Treg,0.907147548,0.21123987,0.678130152,0.843670558,146,25,FURIN/CCR5/CHMP5/CD4/POLR2K/VPS37C/TSG101/BANF1/CHMP2B/CXCR4/CHMP2A/NELFE/RANGAP1/CHMP6/UBC/TAF13/UBB/POLR2L/CDK9/VPS37B/TCEB1/NUP188/NUP37/POLR2E/TCEB2,up,FALSE
REACTOME_SIGNALING_BY_FGFR2_IN_DISEASE,REACTOME_SIGNALING_BY_FGFR2_IN_DISEASE,Reactome,Treg,SF_vs_PB_Treg,0.853493423,0.277109456,0.679520584,0.843951376,25,7,POLR2K/KRAS/POLR2L/NRAS/POLR2E/HRAS/POLR2G,up,FALSE
REACTOME_GLUCAGON_TYPE_LIGAND_RECEPTORS,REACTOME_GLUCAGON_TYPE_LIGAND_RECEPTORS,Reactome,Treg,SF_vs_PB_Treg,0.83690923800000006,0.315097968,0.679700054,0.843951376,14,3,GNG4/GNG2/GNG5,up,FALSE
REACTOME_DOWNSTREAM_SIGNALING_OF_ACTIVATED_FGFR1,REACTOME_DOWNSTREAM_SIGNALING_OF_ACTIVATED_FGFR1,Reactome,Treg,SF_vs_PB_Treg,-0.839008289,-0.313771145,0.679953253,0.843951376,13,3,PLCG1/SOS1/PIK3R1,down,FALSE
REACTOME_ER_QUALITY_CONTROL_COMPARTMENT_ERQC,REACTOME_ER_QUALITY_CONTROL_COMPARTMENT_ERQC,Reactome,Treg,SF_vs_PB_Treg,-0.847987941,-0.280899968,0.683533228,0.847677962,20,3,RPS27A/UBA52/EDEM3,down,FALSE
REACTOME_ROLE_OF_PHOSPHOLIPIDS_IN_PHAGOCYTOSIS,REACTOME_ROLE_OF_PHOSPHOLIPIDS_IN_PHAGOCYTOSIS,Reactome,Treg,SF_vs_PB_Treg,0.848244576,0.284230711,0.684025308,0.847677962,22,6,PPAPDC1B/ITPR1/ITPR3/PRKCD/FCGR3A/PLD2,up,FALSE
REACTOME_CONSTITUTIVE_SIGNALING_BY_OVEREXPRESSED_ERBB2,REACTOME_CONSTITUTIVE_SIGNALING_BY_OVEREXPRESSED_ERBB2,Reactome,Treg,SF_vs_PB_Treg,0.828259279,0.333036714,0.684561046,0.847679107,11,7,CDC37/KRAS/NRAS/HRAS/PTPN12/HSP90AA1/GRB2,up,FALSE
REACTOME_NEGATIVE_REGULATION_OF_NMDA_RECEPTOR_MEDIATED_NEURONAL_TRANSMISSION,REACTOME_NEGATIVE_REGULATION_OF_NMDA_RECEPTOR_MEDIATED_NEURONAL_TRANSMISSION,Reactome,Treg,SF_vs_PB_Treg,-0.827406878,-0.34661821,0.685970704,0.848761565,9,4,CAMK2G/DLG1/CAMK2D/CAMK4,down,FALSE
REACTOME_HDL_ASSEMBLY,REACTOME_HDL_ASSEMBLY,Reactome,Treg,SF_vs_PB_Treg,-0.824198107,-0.373361278,0.686892165,0.849238753,7,2,APOA1/PRKACB,down,FALSE
REACTOME_PRC2_METHYLATES_HISTONES_AND_DNA,REACTOME_PRC2_METHYLATES_HISTONES_AND_DNA,Reactome,Treg,SF_vs_PB_Treg,-0.885024477,-0.226589292,0.68795164,0.849436143,61,27,JARID2/HIST1H2AE/HIST1H3H/H3F3A/MTF2/H2AFV/HIST1H2BJ/HIST1H2BO/HIST3H2BB/H2AFJ/HIST1H4J/PHF1/HIST2H2BE/HIST1H2BC/HIST1H2BK/HIST1H2BL/DNMT1/HIST1H4A/EZH1/HIST1H4F/HIST1H4E/HIST1H2BG/HIST1H2BN/HIST1H3A/DNMT3A/HIST4H4/HIST1H2AC,down,FALSE
REACTOME_NF_KB_IS_ACTIVATED_AND_SIGNALS_SURVIVAL,REACTOME_NF_KB_IS_ACTIVATED_AND_SIGNALS_SURVIVAL,Reactome,Treg,SF_vs_PB_Treg,0.82514657,0.331785118,0.688429927,0.849436143,11,4,SQSTM1/UBC/UBB/NFKBIA,up,FALSE
REACTOME_SARS_COV_2_ACTIVATES_MODULATES_INNATE_AND_ADAPTIVE_IMMUNE_RESPONSES,REACTOME_SARS_COV_2_ACTIVATES_MODULATES_INNATE_AND_ADAPTIVE_IMMUNE_RESPONSES,Reactome,Treg,SF_vs_PB_Treg,0.892827292,0.218001182,0.688659586,0.849436143,106,39,G3BP2/TMEM173/ISG15/HSP90AB1/IRAK2/HLA-A/IRF7/HLA-B/TRIM25/SAR1B/HLA-F/HLA-C/TRAF3/UBE2N/UBC/UBB/TBK1/SFTPD/NUP188/NUP37/B2M/PTPN11/IKBKG/SEC24A/AAAS/IFIH1/RNF135/SEH1L/KPNA2/SEC13/IRAK1/HSP90AA1/NUP153/BECN1/NUP205/NOD2/NLRP3/NUP35/TAB3,up,FALSE
REACTOME_SYNTHESIS_OF_IP2_IP_AND_INS_IN_THE_CYTOSOL,REACTOME_SYNTHESIS_OF_IP2_IP_AND_INS_IN_THE_CYTOSOL,Reactome,Treg,SF_vs_PB_Treg,-0.830311293,-0.318398316,0.689694035,0.85005058,12,7,MTMR7/INPP5B/SYNJ1/MTMR9/ISYNA1/INPP4B/INPP4A,down,FALSE
REACTOME_MITOCHONDRIAL_IRON_SULFUR_CLUSTER_BIOGENESIS,REACTOME_MITOCHONDRIAL_IRON_SULFUR_CLUSTER_BIOGENESIS,Reactome,Treg,SF_vs_PB_Treg,-0.830750965,-0.310683082,0.691013815,0.85101546,13,5,ISCA2/GLRX5/SLC25A37/FDX1/FXN,down,FALSE
REACTOME_RAB_GEFS_EXCHANGE_GTP_FOR_GDP_ON_RABS,REACTOME_RAB_GEFS_EXCHANGE_GTP_FOR_GDP_ON_RABS,Reactome,Treg,SF_vs_PB_Treg,0.88358733,0.226420719,0.691551656,0.851016595,79,21,DENND6B/RAB5A/DENND3/TRAPPC4/RAB1B/RAB27A/RAB10/RAB1A/RAB3A/RAB38/RAB18/AKT1/TRAPPC1/RAB35/RAB7A/TRAPPC3/RAB27B/RAB3IP/RAB13/RINL/RAB9A,up,FALSE
REACTOME_EPH_EPHRIN_MEDIATED_REPULSION_OF_CELLS,REACTOME_EPH_EPHRIN_MEDIATED_REPULSION_OF_CELLS,Reactome,Treg,SF_vs_PB_Treg,0.855275572,0.258973065,0.694084116,0.85342102500000006,34,13,EFNA5/AP2B1/MMP9/PSEN2/YES1/CLTC/PSEN1/VAV2/ACTB/PSENEN/SRC/NCSTN/APH1B,up,FALSE
REACTOME_DOWNSTREAM_SIGNALING_OF_ACTIVATED_FGFR4,REACTOME_DOWNSTREAM_SIGNALING_OF_ACTIVATED_FGFR4,Reactome,Treg,SF_vs_PB_Treg,-0.828494412,-0.30983918,0.694582412,0.85342102500000006,13,3,PLCG1/SOS1/PIK3R1,down,FALSE
REACTOME_TNF_SIGNALING,REACTOME_TNF_SIGNALING,Reactome,Treg,SF_vs_PB_Treg,0.869244398,0.237908286,0.695225093,0.85354901,55,13,TNF/MAPKAPK2/SPPL2A/TRAF1/FADD/UBC/UBB/TBK1/UBE2L3/IKBKG/OPTN/CFLAR/TRAF2,up,FALSE
REACTOME_BUTYROPHILIN_BTN_FAMILY_INTERACTIONS,REACTOME_BUTYROPHILIN_BTN_FAMILY_INTERACTIONS,Reactome,Treg,SF_vs_PB_Treg,-0.816172677,-0.369725762,0.697310743,0.855447003,7,3,BTN3A1/BTN3A2/BTN3A3,down,FALSE
REACTOME_CONSTITUTIVE_SIGNALING_BY_EGFRVIII,REACTOME_CONSTITUTIVE_SIGNALING_BY_EGFRVIII,Reactome,Treg,SF_vs_PB_Treg,-0.824066481,-0.316003627,0.698501482,0.856245049,12,3,PLCG1/SOS1/PIK3R1,down,FALSE
REACTOME_IRAK1_RECRUITS_IKK_COMPLEX,REACTOME_IRAK1_RECRUITS_IKK_COMPLEX,Reactome,Treg,SF_vs_PB_Treg,-0.824960405,-0.3022098,0.702851635,0.860911779,14,4,TRAF6/RPS27A/PELI2/UBA52,down,FALSE
REACTOME_COMPLEX_III_ASSEMBLY,REACTOME_COMPLEX_III_ASSEMBLY,Reactome,Treg,SF_vs_PB_Treg,0.837079389,0.274416321,0.704034453,0.861480931,24,7,HSPA9/LYRM4/UQCC2/BCS1L/UQCRQ/HSCB/ISCU,up,FALSE
REACTOME_DISEASES_OF_IMMUNE_SYSTEM,REACTOME_DISEASES_OF_IMMUNE_SYSTEM,Reactome,Treg,SF_vs_PB_Treg,0.837089218,0.271783392,0.704403335,0.861480931,25,8,LY96/UNC93B1/TRAF3/TIRAP/NFKB2/NFKBIA/TICAM1/IKBKG,up,FALSE
REACTOME_PROCESSING_OF_CAPPED_INTRONLESS_PRE_MRNA,REACTOME_PROCESSING_OF_CAPPED_INTRONLESS_PRE_MRNA,Reactome,Treg,SF_vs_PB_Treg,0.84223764,0.26378504,0.705212086,0.861805054,29,8,CSTF2/CSTF2T/SNRPB/LSM10/SNRPD3/SNRPG/SNRPE/NUDT21,up,FALSE
REACTOME_BRANCHED_CHAIN_KETOACID_DEHYDROGENASE_KINASE_DEFICIENCY,REACTOME_BRANCHED_CHAIN_KETOACID_DEHYDROGENASE_KINASE_DEFICIENCY,Reactome,Treg,SF_vs_PB_Treg,0.797987968,0.404191848,0.710737259,0.867887947,5,1,BCKDK,up,FALSE
REACTOME_ACTIVATED_NTRK2_SIGNALS_THROUGH_CDK5,REACTOME_ACTIVATED_NTRK2_SIGNALS_THROUGH_CDK5,Reactome,Treg,SF_vs_PB_Treg,-0.804391332,-0.406363839,0.712943126,0.869641059,5,2,CDK5R1/TIAM1,down,FALSE
REACTOME_CARBOXYTERMINAL_POST_TRANSLATIONAL_MODIFICATIONS_OF_TUBULIN,REACTOME_CARBOXYTERMINAL_POST_TRANSLATIONAL_MODIFICATIONS_OF_TUBULIN,Reactome,Treg,SF_vs_PB_Treg,0.833474124,0.268001407,0.713315898,0.869641059,26,4,TUBB2A/TUBB6/TUBA1C/TUBA1A,up,FALSE
REACTOME_TRIGLYCERIDE_CATABOLISM,REACTOME_TRIGLYCERIDE_CATABOLISM,Reactome,Treg,SF_vs_PB_Treg,-0.811437535,-0.31951442,0.713818939,0.869641059,11,3,PNPLA4/PPP1CC/PRKACB,down,FALSE
REACTOME_ACTIVATION_OF_PUMA_AND_TRANSLOCATION_TO_MITOCHONDRIA,REACTOME_ACTIVATION_OF_PUMA_AND_TRANSLOCATION_TO_MITOCHONDRIA,Reactome,Treg,SF_vs_PB_Treg,0.804113413,0.34235932,0.715031437,0.870449176,9,2,TP63/TP73,up,FALSE
REACTOME_TRANSCRIPTIONAL_REGULATION_OF_PLURIPOTENT_STEM_CELLS,REACTOME_TRANSCRIPTIONAL_REGULATION_OF_PLURIPOTENT_STEM_CELLS,Reactome,Treg,SF_vs_PB_Treg,-0.807043135,-0.327264726,0.718144317,0.872699506,10,2,EPHA1/FOXP1,down,FALSE
REACTOME_RND3_GTPASE_CYCLE,REACTOME_RND3_GTPASE_CYCLE,Reactome,Treg,SF_vs_PB_Treg,0.835635634,0.257939328,0.718595178,0.872699506,31,9,PICALM/TMOD3/CPD/DLG5/VANGL1/CCDC88A/ROCK1/PTPN13/CKB,up,FALSE
REACTOME_CELLULAR_RESPONSE_TO_HEAT_STRESS,REACTOME_CELLULAR_RESPONSE_TO_HEAT_STRESS,Reactome,Treg,SF_vs_PB_Treg,0.873185452,0.219269882,0.718874609,0.872699506,89,26,HSPA1A/SERPINH1/HSBP1/HSP90AB1/MAPKAPK2/HSPA9/DNAJB6/HSPA13/HSPH1/HSPA1B/HSPB1/UBB/HSPA2/NUP188/NUP37/VCP/MRPL18/HSPA6/HSPA5/FKBP4/AAAS/HSPA4/SEH1L/BAG4/SEC13/HSP90AA1,up,FALSE
REACTOME_ATP_DEPENDENT_CHROMATIN_REMODELERS,REACTOME_ATP_DEPENDENT_CHROMATIN_REMODELERS,Reactome,Treg,SF_vs_PB_Treg,-0.839444773,-0.255571385,0.719281353,0.872699506,28,8,GLTSCR1L/SS18L1/ARID1A/BRD9/BCL7A/GLTSCR1/BCL11B/ARID1B,down,FALSE
REACTOME_ACYL_CHAIN_REMODELING_OF_CL,REACTOME_ACYL_CHAIN_REMODELING_OF_CL,Reactome,Treg,SF_vs_PB_Treg,-0.798742024,-0.403509912,0.719632968,0.872699506,5,3,TAZ/LCLAT1/PLA2G6,down,FALSE
REACTOME_INTRA_GOLGI_TRAFFIC,REACTOME_INTRA_GOLGI_TRAFFIC,Reactome,Treg,SF_vs_PB_Treg,-0.852425651,-0.238621831,0.720354537,0.872906683,40,17,NAPB/NSF/COG4/COG6/COG2/VTI1A/MAN1A2/COG5/BET1L/MAN2A1/RAB33B/KIAA1432/MAN1C1/STX16/COG3/CUX1/RAB30,down,FALSE
REACTOME_HDR_THROUGH_MMEJ_ALT_NHEJ,REACTOME_HDR_THROUGH_MMEJ_ALT_NHEJ,Reactome,Treg,SF_vs_PB_Treg,0.803534512,0.31522295,0.72131777,0.873406161,12,7,NBN/RAD50/RBBP8/LIG3/PARP2/FEN1/BRCA2,up,FALSE
REACTOME_E2F_ENABLED_INHIBITION_OF_PRE_REPLICATION_COMPLEX_FORMATION,REACTOME_E2F_ENABLED_INHIBITION_OF_PRE_REPLICATION_COMPLEX_FORMATION,Reactome,Treg,SF_vs_PB_Treg,-0.800214157,-0.335226605,0.722013617,0.873581361,9,5,ORC3/MCM8/ORC2/ORC5/ORC4,down,FALSE
REACTOME_NEGATIVE_REGULATORS_OF_DDX58_IFIH1_SIGNALING,REACTOME_NEGATIVE_REGULATORS_OF_DDX58_IFIH1_SIGNALING,Reactome,Treg,SF_vs_PB_Treg,0.837746145,0.251990138,0.722926687,0.873958773,35,16,ISG15/TRIM25/TRAF3/UBC/UBB/TBK1/PIN1/OTUD5/UBE2K/IFIH1/RNF135/ATG5/HERC5/UBE2D1/UBE2L6/UBE2D3,up,FALSE
REACTOME_TICAM1_RIP1_MEDIATED_IKK_COMPLEX_RECRUITMENT,REACTOME_TICAM1_RIP1_MEDIATED_IKK_COMPLEX_RECRUITMENT,Reactome,Treg,SF_vs_PB_Treg,0.816706726,0.283920607,0.723428334,0.873958773,19,6,RIPK3/UBE2N/UBC/UBB/TICAM1/IKBKG,up,FALSE
REACTOME_TRANSLATION_OF_REPLICASE_AND_ASSEMBLY_OF_THE_REPLICATION_TRANSCRIPTION_COMPLEX,REACTOME_TRANSLATION_OF_REPLICASE_AND_ASSEMBLY_OF_THE_REPLICATION_TRANSCRIPTION_COMPLEX,Reactome,Treg,SF_vs_PB_Treg,0.802715221,0.308577796,0.724694724,0.87439904,13,6,CHMP2B/CHMP2A/CHMP6/MAP1LC3B/ISCU/BECN1,up,FALSE
REACTOME_KETONE_BODY_METABOLISM,REACTOME_KETONE_BODY_METABOLISM,Reactome,Treg,SF_vs_PB_Treg,0.788456146,0.379011539,0.724960506,0.87439904,6,3,BDH2/AACS/ACAT1,up,FALSE
REACTOME_EGFR_TRANSACTIVATION_BY_GASTRIN,REACTOME_EGFR_TRANSACTIVATION_BY_GASTRIN,Reactome,Treg,SF_vs_PB_Treg,0.789279236,0.362075942,0.726621529,0.87439904,7,4,KRAS/HBEGF/NRAS/HRAS,up,FALSE
REACTOME_MODULATION_BY_MTB_OF_HOST_IMMUNE_SYSTEM,REACTOME_MODULATION_BY_MTB_OF_HOST_IMMUNE_SYSTEM,Reactome,Treg,SF_vs_PB_Treg,-0.79071297,-0.376218821,0.727016734,0.87439904,6,2,RPS27A/UBA52,down,FALSE
REACTOME_LYSOSPHINGOLIPID_AND_LPA_RECEPTORS,REACTOME_LYSOSPHINGOLIPID_AND_LPA_RECEPTORS,Reactome,Treg,SF_vs_PB_Treg,-0.792109117,-0.400159088,0.727575892,0.87439904,5,2,S1PR4/S1PR1,down,FALSE
REACTOME_FCERI_MEDIATED_CA_2_MOBILIZATION,REACTOME_FCERI_MEDIATED_CA_2_MOBILIZATION,Reactome,Treg,SF_vs_PB_Treg,-0.837896474,-0.250820245,0.727584162,0.87439904,30,9,NFATC2/TEC/VAV3/ITK/GRAP2/PLCG1/NFATC1/SOS1/TXK,down,FALSE
REACTOME_OVARIAN_TUMOR_DOMAIN_PROTEASES,REACTOME_OVARIAN_TUMOR_DOMAIN_PROTEASES,Reactome,Treg,SF_vs_PB_Treg,0.838959227,0.249422259,0.727654469,0.87439904,37,17,RHOA/TNIP3/TRIM25/TRAF3/UBC/UBB/VCP/OTUD5/IKBKG/TNIP2/IFIH1/RNF135/OTUD7B/NOD2/UBE2D1/OTUB2/CDK1,up,FALSE
REACTOME_BBSOME_MEDIATED_CARGO_TARGETING_TO_CILIUM,REACTOME_BBSOME_MEDIATED_CARGO_TARGETING_TO_CILIUM,Reactome,Treg,SF_vs_PB_Treg,0.81858192,0.277777192,0.728871189,0.875197602,21,7,BBS12/BBS7/MKKS/RAB3IP/ARL6/TCP1/BBS4,up,FALSE
REACTOME_ESTROGEN_DEPENDENT_NUCLEAR_EVENTS_DOWNSTREAM_OF_ESR_MEMBRANE_SIGNALING,REACTOME_ESTROGEN_DEPENDENT_NUCLEAR_EVENTS_DOWNSTREAM_OF_ESR_MEMBRANE_SIGNALING,Reactome,Treg,SF_vs_PB_Treg,0.808987103,0.284949282,0.729592319,0.875400322,18,5,FOS/HBEGF/ELK1/AKT1/SRF,up,FALSE
REACTOME_ENTEROBACTERIAL_FACTORS_ANTAGONIZE_HOST_DEFENSE,REACTOME_ENTEROBACTERIAL_FACTORS_ANTAGONIZE_HOST_DEFENSE,Reactome,Treg,SF_vs_PB_Treg,-0.800378123,-0.29932429,0.733899578,0.879902293,13,3,RPS27A/CASP4/UBA52,down,FALSE
REACTOME_CLASS_I_PEROXISOMAL_MEMBRANE_PROTEIN_IMPORT,REACTOME_CLASS_I_PEROXISOMAL_MEMBRANE_PROTEIN_IMPORT,Reactome,Treg,SF_vs_PB_Treg,0.812352476,0.278953553,0.734570224,0.880040669,20,7,FIS1/ALDH3A2/PEX2/ACBD5/SLC25A17/PEX14/PEX11B,up,FALSE
REACTOME_ANCHORING_OF_THE_BASAL_BODY_TO_THE_PLASMA_MEMBRANE,REACTOME_ANCHORING_OF_THE_BASAL_BODY_TO_THE_PLASMA_MEMBRANE,Reactome,Treg,SF_vs_PB_Treg,-0.879189726,-0.207141517,0.738173711,0.883689827,95,11,FBF1/ODF2/CEP57/CNTRL/CSNK1E/SFI1/NDE1/CEP164/CEP70/TCTN1/CEP78,down,FALSE
REACTOME_FORMATION_OF_THE_NON_CANONICAL_BAF_NCBAF_COMPLEX,REACTOME_FORMATION_OF_THE_NON_CANONICAL_BAF_NCBAF_COMPLEX,Reactome,Treg,SF_vs_PB_Treg,-0.805880956,-0.279131182,0.739957269,0.884501283,17,9,SMARCC2/BCL7B/SMARCD3/SMARCD2/GLTSCR1L/SS18L1/BRD9/BCL7A/GLTSCR1,down,FALSE
REACTOME_RUNX1_INTERACTS_WITH_CO_FACTORS_WHOSE_PRECISE_EFFECT_ON_RUNX1_TARGETS_IS_NOT_KNOWN,REACTOME_RUNX1_INTERACTS_WITH_CO_FACTORS_WHOSE_PRECISE_EFFECT_ON_RUNX1_TARGETS_IS_NOT_KNOWN,Reactome,Treg,SF_vs_PB_Treg,0.829749573,0.247970533,0.739967635,0.884501283,36,7,CBFB/CBX6/RYBP/PCGF5/CBX8/ACTL6A/SMARCB1,up,FALSE
REACTOME_CDC42_GTPASE_CYCLE,REACTOME_CDC42_GTPASE_CYCLE,Reactome,Treg,SF_vs_PB_Treg,0.87411787,0.20902691,0.742529996,0.886746982,122,33,IQGAP1/ARFGAP3/STOM/PLEKHG2/ARHGDIA/FMNL3/ARHGEF12/CDC42EP1/FGD1/STARD8/ARHGEF5/PAK2/PARD6A/VANGL1/ARHGAP9/SH3PXD2A/DOCK10/STARD13/FGD2/ARAP2/VAV2/VAMP3/LAMTOR1/PAK1/SNAP23/ABR/ARHGAP11B/RAB7A/RACGAP1/CDC42/IQGAP3/GNA13/RASGRF2,up,FALSE
REACTOME_SIGNALING_BY_MRAS_COMPLEX_MUTANTS,REACTOME_SIGNALING_BY_MRAS_COMPLEX_MUTANTS,Reactome,Treg,SF_vs_PB_Treg,0.775186403,0.35561096,0.744029045,0.886746982,7,2,PPP1CB/YWHAB,up,FALSE
REACTOME_DEFECTIVE_PYROPTOSIS,REACTOME_DEFECTIVE_PYROPTOSIS,Reactome,Treg,SF_vs_PB_Treg,-0.855243952,-0.220414535,0.744541032,0.886746982,59,24,HIST1H2AE/HIST1H3H/H3F3A/H2AFV/HIST1H2BJ/HIST1H2BO/HIST3H2BB/H2AFJ/HIST1H4J/HIST2H2BE/PRIM1/HIST1H2BC/HIST1H2BK/HIST1H2BL/DNMT1/HIST1H4A/HIST1H4F/HIST1H4E/HIST1H2BG/HIST1H2BN/HIST1H3A/DNMT3A/HIST4H4/HIST1H2AC,down,FALSE
REACTOME_TNFR1_INDUCED_NF_KAPPA_B_SIGNALING_PATHWAY,REACTOME_TNFR1_INDUCED_NF_KAPPA_B_SIGNALING_PATHWAY,Reactome,Treg,SF_vs_PB_Treg,-0.82903905,-0.244253202,0.744567852,0.886746982,32,5,RPS27A/MAP3K7/BIRC2/UBA52/GNB2L1,down,FALSE
REACTOME_FCGR_ACTIVATION,REACTOME_FCGR_ACTIVATION,Reactome,Treg,SF_vs_PB_Treg,0.786270663,0.30845042,0.74464368,0.886746982,12,4,YES1/FCGR3A/SRC/CD247,up,FALSE
REACTOME_SODIUM_CALCIUM_EXCHANGERS,REACTOME_SODIUM_CALCIUM_EXCHANGERS,Reactome,Treg,SF_vs_PB_Treg,0.765509859,0.387741241,0.749351806,0.891683643,5,1,SRI,up,FALSE
REACTOME_SYNTHESIS_OF_PIPS_AT_THE_LATE_ENDOSOME_MEMBRANE,REACTOME_SYNTHESIS_OF_PIPS_AT_THE_LATE_ENDOSOME_MEMBRANE,Reactome,Treg,SF_vs_PB_Treg,-0.784410757,-0.308872263,0.750280957,0.892119518,11,7,PIK3R4/MTMR7/PIKFYVE/MTMR9/PIK3C3/VAC14/MTMR4,down,FALSE
REACTOME_TRAF6_MEDIATED_IRF7_ACTIVATION_IN_TLR7_8_OR_9_SIGNALING,REACTOME_TRAF6_MEDIATED_IRF7_ACTIVATION_IN_TLR7_8_OR_9_SIGNALING,Reactome,Treg,SF_vs_PB_Treg,0.778645892,0.313087551,0.751159702,0.892494848,11,6,IRF7/UBE2N/UBC/UBB/MYD88/IRAK1,up,FALSE
REACTOME_DIFFERENTIATION_OF_KERATINOCYTES_IN_INTERFOLLICULAR_EPIDERMIS_IN_MAMMALIAN_SKIN,REACTOME_DIFFERENTIATION_OF_KERATINOCYTES_IN_INTERFOLLICULAR_EPIDERMIS_IN_MAMMALIAN_SKIN,Reactome,Treg,SF_vs_PB_Treg,-0.791640363,-0.284282622,0.752360921,0.892751037,15,7,KRT10/KRT1/ITGA6/PRSS3/KRT24/AQP3/LRIG1,down,FALSE
REACTOME_LOSS_OF_MECP2_BINDING_ABILITY_TO_THE_NCOR_SMRT_COMPLEX,REACTOME_LOSS_OF_MECP2_BINDING_ABILITY_TO_THE_NCOR_SMRT_COMPLEX,Reactome,Treg,SF_vs_PB_Treg,0.76840702,0.352500969,0.752585615,0.892751037,7,3,NCOR2/NCOR1/TBL1X,up,FALSE
REACTOME_DISEASES_OF_BASE_EXCISION_REPAIR,REACTOME_DISEASES_OF_BASE_EXCISION_REPAIR,Reactome,Treg,SF_vs_PB_Treg,-0.769759128,-0.388868281,0.753587453,0.892751037,5,2,NTHL1/MUTYH,down,FALSE
REACTOME_REGULATION_OF_PD_L1_CD274_TRANSCRIPTION,REACTOME_REGULATION_OF_PD_L1_CD274_TRANSCRIPTION,Reactome,Treg,SF_vs_PB_Treg,0.853350706,0.217176364,0.753927963,0.892751037,82,9,H3F3B/STAT3/EPAS1/CD274/CTNNB1/EED/HIF1A/FOS/ATF3,up,FALSE
REACTOME_POSITIVE_REGULATION_OF_CDH1_GENE_TRANSCRIPTION,REACTOME_POSITIVE_REGULATION_OF_CDH1_GENE_TRANSCRIPTION,Reactome,Treg,SF_vs_PB_Treg,0.773257918,0.329222284,0.75419157,0.892751037,9,2,ZEB2/KLF4,up,FALSE
REACTOME_SIGNALING_BY_CTNNB1_PHOSPHO_SITE_MUTANTS,REACTOME_SIGNALING_BY_CTNNB1_PHOSPHO_SITE_MUTANTS,Reactome,Treg,SF_vs_PB_Treg,-0.788657191,-0.283211347,0.756483332,0.894795583,15,4,AXIN1/PPP2R5E/GSK3B/PPP2R5C,down,FALSE
REACTOME_SMALL_INTERFERING_RNA_SIRNA_BIOGENESIS,REACTOME_SMALL_INTERFERING_RNA_SIRNA_BIOGENESIS,Reactome,Treg,SF_vs_PB_Treg,-0.772866698,-0.323770177,0.758799257,0.89686564,9,3,DICER1/TSNAX/AGO3,down,FALSE
REACTOME_MATURATION_OF_PROTEIN_3A,REACTOME_MATURATION_OF_PROTEIN_3A,Reactome,Treg,SF_vs_PB_Treg,0.768521238,0.327205596,0.759877358,0.89747065,9,2,GALNT1/ST6GALNAC4,up,FALSE
REACTOME_N_GLYCAN_TRIMMING_AND_ELONGATION_IN_THE_CIS_GOLGI,REACTOME_N_GLYCAN_TRIMMING_AND_ELONGATION_IN_THE_CIS_GOLGI,Reactome,Treg,SF_vs_PB_Treg,0.755373549,0.382607061,0.761286492,0.898465443,5,2,MAN1A1/MANEA,up,FALSE
REACTOME_HCMV_INFECTION,REACTOME_HCMV_INFECTION,Reactome,Treg,SF_vs_PB_Treg,0.869586174,0.204688583,0.761944014,0.898572368,136,32,TUBB2A/TUBB6/DYNLL1/NCOR2/EED/DYNC1I2/TUBA1C/VPS37C/TUBA1A/TSG101/VPS25/CHMP2B/CHMP2A/CHMP6/ELK1/DYNC1H1/VPS37B/DYNC1LI2/NUP188/NUP37/TUBB4B/NCOR1/VPS37A/AAAS/HIST1H3F/PML/HIST1H2BI/DYNC1LI1/SEH1L/TUBA4A/SEC13/TUBA1B,up,FALSE
REACTOME_DOWNREGULATION_OF_ERBB2_ERBB3_SIGNALING,REACTOME_DOWNREGULATION_OF_ERBB2_ERBB3_SIGNALING,Reactome,Treg,SF_vs_PB_Treg,0.768608273,0.309051502,0.763690259,0.899962126,11,5,UBC/UBB/AKT1/RNF41/ERBB3,up,FALSE
REACTOME_RAF_ACTIVATION,REACTOME_RAF_ACTIVATION,Reactome,Treg,SF_vs_PB_Treg,0.807012049,0.249103961,0.764963852,0.900003402,31,13,KRAS/PPP1CB/YWHAB/NRAS/PHB/CALM1/PPP2CB/HRAS/PPP2R1A/SRC/KSR1/PPP2R1B/ARAF,up,FALSE
REACTOME_DEFECTS_IN_VITAMIN_AND_COFACTOR_METABOLISM,REACTOME_DEFECTS_IN_VITAMIN_AND_COFACTOR_METABOLISM,Reactome,Treg,SF_vs_PB_Treg,-0.793116586,-0.262723576,0.765867088,0.900003402,20,3,MTRR/MCCC1/ACACA,down,FALSE
REACTOME_BICARBONATE_TRANSPORTERS,REACTOME_BICARBONATE_TRANSPORTERS,Reactome,Treg,SF_vs_PB_Treg,-0.75943507,-0.361336891,0.765913051,0.900003402,6,2,SLC4A5/SLC4A7,down,FALSE
REACTOME_COBALAMIN_CBL_VITAMIN_B12_TRANSPORT_AND_METABOLISM,REACTOME_COBALAMIN_CBL_VITAMIN_B12_TRANSPORT_AND_METABOLISM,Reactome,Treg,SF_vs_PB_Treg,0.782049954,0.279703804,0.765996586,0.900003402,17,3,TCN2/CD320/TCN1,up,FALSE
REACTOME_PROCESSIVE_SYNTHESIS_ON_THE_LAGGING_STRAND,REACTOME_PROCESSIVE_SYNTHESIS_ON_THE_LAGGING_STRAND,Reactome,Treg,SF_vs_PB_Treg,0.775809384,0.286684783,0.767218865,0.900163952,15,15,POLD3/RPA3/PCNA/POLD2/FEN1/POLA2/LIG1/POLA1/POLD4/DNA2/POLD1/RPA1/PRIM2/RPA2/PRIM1,up,FALSE
REACTOME_IRAK4_DEFICIENCY_TLR2_4,REACTOME_IRAK4_DEFICIENCY_TLR2_4,Reactome,Treg,SF_vs_PB_Treg,-0.775707026,-0.290097827,0.767269085,0.900163952,13,5,S100A9/CD36/TLR6/IRAK4/TLR1,down,FALSE
REACTOME_DNA_DAMAGE_TELOMERE_STRESS_INDUCED_SENESCENCE,REACTOME_DNA_DAMAGE_TELOMERE_STRESS_INDUCED_SENESCENCE,Reactome,Treg,SF_vs_PB_Treg,-0.850384058,-0.213039981,0.769255997,0.901254121,68,28,HIST1H2BJ/TERF2/HIST1H2BO/HIST3H2BB/H2AFJ/HIST1H4J/HIST2H2BE/TERF2IP/EP400/UBN1/HIST1H2BC/HIST1H2BK/HIST1H2BL/TERF1/HIRA/MRE11A/HIST1H4A/CDKN1B/HIST1H4F/HIST1H4E/HIST1H2BG/HIST1H2BN/HMGA1/RB1/HIST4H4/TP53/HIST1H2AC/ATM,down,FALSE
REACTOME_MATURATION_OF_SARS_COV_2_SPIKE_PROTEIN,REACTOME_MATURATION_OF_SARS_COV_2_SPIKE_PROTEIN,Reactome,Treg,SF_vs_PB_Treg,-0.82320125,-0.231690792,0.769335536,0.901254121,39,7,ST3GAL2/MAN2A1/GOLGA7/ST6GAL1/ST6GALNAC3/MGAT5/MGAT4A,down,FALSE
REACTOME_E2F_MEDIATED_REGULATION_OF_DNA_REPLICATION,REACTOME_E2F_MEDIATED_REGULATION_OF_DNA_REPLICATION,Reactome,Treg,SF_vs_PB_Treg,-0.794373064,-0.256733739,0.772498927,0.903215581,22,3,RB1/ORC4/TFDP2,down,FALSE
REACTOME_DNA_DOUBLE_STRAND_BREAK_RESPONSE,REACTOME_DNA_DOUBLE_STRAND_BREAK_RESPONSE,Reactome,Treg,SF_vs_PB_Treg,-0.848259602,-0.212507758,0.773027549,0.903215581,68,16,BABAM1/MRE11A/RNF168/HIST1H4A/UBXN1/HIST1H4F/HIST1H4E/HIST1H2BG/HIST1H2BN/FAM175A/RPS27A/UBA52/HERC2/HIST4H4/TP53/ATM,down,FALSE
REACTOME_TRANSCRIPTION_COUPLED_NUCLEOTIDE_EXCISION_REPAIR_TC_NER,REACTOME_TRANSCRIPTION_COUPLED_NUCLEOTIDE_EXCISION_REPAIR_TC_NER,Reactome,Treg,SF_vs_PB_Treg,0.840211166,0.216913623,0.773115369,0.903215581,76,23,ERCC1/POLR2K/RBX1/UBC/UBB/POLR2L/POLR2E/RFC2/GTF2H5/COPS7A/COPS6/POLR2G/COPS8/POLD3/POLK/MNAT1/RPA3/POLR2I/LIG3/ELL/PCNA/DDB1/POLD2,up,FALSE
REACTOME_DAG1_GLYCOSYLATIONS,REACTOME_DAG1_GLYCOSYLATIONS,Reactome,Treg,SF_vs_PB_Treg,0.766302987,0.294580295,0.773289302,0.903215581,13,13,DAG1/POMGNT1/B3GALNT2/POMT2/POMK/B3GNT1/FKRP/SLC35A4/FKTN/POMGNT2/SLC35A1/POMT1/TMEM5,up,FALSE
REACTOME_ROLE_OF_LAT2_NTAL_LAB_ON_CALCIUM_MOBILIZATION,REACTOME_ROLE_OF_LAT2_NTAL_LAB_ON_CALCIUM_MOBILIZATION,Reactome,Treg,SF_vs_PB_Treg,0.767141593,0.288830313,0.774428036,0.903879556,14,1,LAT2,up,FALSE
REACTOME_RHOJ_GTPASE_CYCLE,REACTOME_RHOJ_GTPASE_CYCLE,Reactome,Treg,SF_vs_PB_Treg,0.818487028,0.231139574,0.7763532,0.905459766,47,14,SLC1A5/STOM/FMNL3/CDC42EP1/PAK2/VANGL1/ARL13B/VAMP3/LAMTOR1/PAK1/SNAP23/RAB7A/CDC42/IQGAP3,up,FALSE
REACTOME_LRR_FLII_INTERACTING_PROTEIN_1_LRRFIP1_ACTIVATES_TYPE_I_IFN_PRODUCTION,REACTOME_LRR_FLII_INTERACTING_PROTEIN_1_LRRFIP1_ACTIVATES_TYPE_I_IFN_PRODUCTION,Reactome,Treg,SF_vs_PB_Treg,0.740378832,0.375012031,0.778565067,0.907303666,5,2,CTNNB1/LRRFIP1,up,FALSE
REACTOME_APC_C_CDC20_MEDIATED_DEGRADATION_OF_CYCLIN_B,REACTOME_APC_C_CDC20_MEDIATED_DEGRADATION_OF_CYCLIN_B,Reactome,Treg,SF_vs_PB_Treg,-0.794454995,-0.251024603,0.779079047,0.907303666,24,4,UBE2E1/ANAPC5/RPS27A/UBA52,down,FALSE
REACTOME_DISEASES_OF_DNA_REPAIR,REACTOME_DISEASES_OF_DNA_REPAIR,Reactome,Treg,SF_vs_PB_Treg,-0.827092579,-0.221722539,0.780495045,0.90828535,49,8,ATRIP/NTHL1/MUTYH/PMS2/ATR/MSH3/RAD51B/ATM,down,FALSE
REACTOME_REGULATION_OF_TP53_ACTIVITY_THROUGH_ASSOCIATION_WITH_CO_FACTORS,REACTOME_REGULATION_OF_TP53_ACTIVITY_THROUGH_ASSOCIATION_WITH_CO_FACTORS,Reactome,Treg,SF_vs_PB_Treg,0.757541883,0.29718025,0.781273998,0.908524788,12,3,TP63/TP73/AKT1,up,FALSE
REACTOME_PURINE_SALVAGE,REACTOME_PURINE_SALVAGE,Reactome,Treg,SF_vs_PB_Treg,0.752689834,0.302650819,0.783843089,0.910844059,11,4,HPRT1/PNP/DGUOK/AMPD3,up,FALSE
REACTOME_TRANSLATION_OF_SARS_COV_1_STRUCTURAL_PROTEINS,REACTOME_TRANSLATION_OF_SARS_COV_1_STRUCTURAL_PROTEINS,Reactome,Treg,SF_vs_PB_Treg,0.791268003,0.247821579,0.784955525,0.911468503,29,6,PARP9/GALNT1/ST6GALNAC4/UBE2I/UBC/UBB,up,FALSE
REACTOME_RNA_POLYMERASE_II_TRANSCRIBES_SNRNA_GENES,REACTOME_RNA_POLYMERASE_II_TRANSCRIBES_SNRNA_GENES,Reactome,Treg,SF_vs_PB_Treg,-0.846092047,-0.20865584,0.786645297,0.912761929,74,18,CCNK/INTS12/INTS9/ASUN/NARG2/ZC3H8/KIAA0947/TAF5/TAF8/RPRD2/RNU12/SSU72/CCNT1/RPAP2/NABP1/PCF11/RPRD1A/INTS8,down,FALSE
REACTOME_RECYCLING_OF_EIF2_GDP,REACTOME_RECYCLING_OF_EIF2_GDP,Reactome,Treg,SF_vs_PB_Treg,-0.747000872,-0.32434365,0.787286364,0.912837518,8,3,EIF2B1/EIF2B5/EIF2S3,down,FALSE
REACTOME_CELLULAR_SENESCENCE,REACTOME_CELLULAR_SENESCENCE,Reactome,Treg,SF_vs_PB_Treg,0.867779117,0.197187635,0.789144721,0.913692401,176,15,CDKN1A/CDK6/MAPKAPK3/TXN/H3F3B/STAT3/CDKN2D/MAPK11/MAPKAPK2/EED/CBX6/FOS/H1F0/IL1A/NBN,up,FALSE
REACTOME_RHO_GTPASES_ACTIVATE_NADPH_OXIDASES,REACTOME_RHO_GTPASES_ACTIVATE_NADPH_OXIDASES,Reactome,Treg,SF_vs_PB_Treg,-0.779510464,-0.254899779,0.789176591,0.913692401,21,9,MAPK14/S100A9/NCF2/NOXA1/PRKCZ/PIK3C3/MAPK3/PRKCB/PRKCA,down,FALSE
REACTOME_NEGATIVE_EPIGENETIC_REGULATION_OF_RRNA_EXPRESSION,REACTOME_NEGATIVE_EPIGENETIC_REGULATION_OF_RRNA_EXPRESSION,Reactome,Treg,SF_vs_PB_Treg,-0.854886746,-0.201812394,0.790395234,0.914435362,94,26,TBP/TAF1C/HIST1H2BC/HIST1H2BK/HIST1H2BL/DNMT1/POLR1B/HDAC1/HIST1H4A/GTF2H1/ARID4B/HIST1H4F/SIRT1/HIST1H4E/SIN3B/CCNH/UBTF/HIST1H2BG/HIST1H2BN/POLR1E/POLR1D/GTF2H2/HIST1H3A/SAP30L/HIST4H4/HIST1H2AC,down,FALSE
REACTOME_MITOCHONDRIAL_PROTEIN_DEGRADATION,REACTOME_MITOCHONDRIAL_PROTEIN_DEGRADATION,Reactome,Treg,SF_vs_PB_Treg,0.840853132,0.209005715,0.791140318,0.914629762,95,36,ARG2/HSPA9/IDH3A/TIMM17A/FECH/HSD17B10/ALDH2/TIMM10/COX5A/HTRA2/ATP5J/ALAS1/SSBP1/PDHA1/UQCRQ/PRELID1/TIMM22/NDUFB6/ALDH1B1/PRKACA/IARS2/GLUD1/NDUFS3/CHCHD2/MDH2/DLD/PDHB/IDH2/MRPL32/ALDH18A1/MRPS10/ACAT1/MT-ND5/ATP5B/ACO2/HSPD1,up,FALSE
REACTOME_RAC1_GTPASE_CYCLE,REACTOME_RAC1_GTPASE_CYCLE,Reactome,Treg,SF_vs_PB_Treg,-0.874868033,-0.192921263,0.792435782,0.915459704,146,24,ARHGAP27/ARAP1/ARHGAP1/ABL2/DOCK11/KIAA0355/TAOK3/SWAP70/SRGAP3/ARHGAP24/LEMD3/SOS1/PIK3R1/KALRN/ARHGEF11/HMHA1/ARHGAP32/ARHGAP15/ARHGEF18/TRIO/ARHGAP25/TIAM1/ERBB2IP/TAGAP,down,FALSE
REACTOME_PIWI_INTERACTING_RNA_PIRNA_BIOGENESIS,REACTOME_PIWI_INTERACTING_RNA_PIRNA_BIOGENESIS,Reactome,Treg,SF_vs_PB_Treg,0.765160882,0.266001167,0.793537922,0.916065263,19,6,POLR2K/POLR2L/POLR2E/TDRKH/POLR2G/HSP90AA1,up,FALSE
REACTOME_GLYCEROPHOSPHOLIPID_CATABOLISM,REACTOME_GLYCEROPHOSPHOLIPID_CATABOLISM,Reactome,Treg,SF_vs_PB_Treg,-0.735444494,-0.349922248,0.794599084,0.91662267,6,3,PNPLA7/GDPD1/GDPD3,down,FALSE
REACTOME_OXIDATIVE_STRESS_INDUCED_SENESCENCE,REACTOME_OXIDATIVE_STRESS_INDUCED_SENESCENCE,Reactome,Treg,SF_vs_PB_Treg,0.845212642,0.204979315,0.795633159,0.917003443,111,10,CDK6/MAPKAPK3/TXN/H3F3B/CDKN2D/MAPK11/MAPKAPK2/EED/CBX6/FOS,up,FALSE
REACTOME_SUMOYLATION_OF_SUMOYLATION_PROTEINS,REACTOME_SUMOYLATION_OF_SUMOYLATION_PROTEINS,Reactome,Treg,SF_vs_PB_Treg,-0.800309886,-0.230919391,0.797535133,0.917003443,35,8,NUP133/RANBP2/NUP43/POM121/NUP210/TPR/NUP88/NUPL2,down,FALSE
REACTOME_ERYTHROPOIETIN_ACTIVATES_STAT5,REACTOME_ERYTHROPOIETIN_ACTIVATES_STAT5,Reactome,Treg,SF_vs_PB_Treg,-0.732347617,-0.348448764,0.79790122,0.917003443,6,3,STAT5A/IRS2/STAT5B,down,FALSE
REACTOME_INTEGRIN_SIGNALING,REACTOME_INTEGRIN_SIGNALING,Reactome,Treg,SF_vs_PB_Treg,-0.767761193,-0.261855967,0.79805916,0.917003443,18,3,CSK/SOS1/RASGRP2,down,FALSE
REACTOME_PLATELET_AGGREGATION_PLUG_FORMATION,REACTOME_PLATELET_AGGREGATION_PLUG_FORMATION,Reactome,Treg,SF_vs_PB_Treg,-0.767761193,-0.261855967,0.79805916,0.917003443,18,3,CSK/SOS1/RASGRP2,down,FALSE
REACTOME_SENSORY_PERCEPTION_OF_TASTE,REACTOME_SENSORY_PERCEPTION_OF_TASTE,Reactome,Treg,SF_vs_PB_Treg,0.726033431,0.349004887,0.798400474,0.917003443,6,2,ITPR3/GNB1,up,FALSE
REACTOME_ACTIVATION_OF_RAC1,REACTOME_ACTIVATION_OF_RAC1,Reactome,Treg,SF_vs_PB_Treg,-0.739146415,-0.309644039,0.801382298,0.919121892,9,2,NCK2/SOS1,down,FALSE
REACTOME_CD209_DC_SIGN_SIGNALING,REACTOME_CD209_DC_SIGN_SIGNALING,Reactome,Treg,SF_vs_PB_Treg,-0.7662723,-0.257400715,0.801404704,0.919121892,19,3,CREBBP/PRKACB/ICAM2,down,FALSE
REACTOME_MISMATCH_REPAIR,REACTOME_MISMATCH_REPAIR,Reactome,Treg,SF_vs_PB_Treg,-0.75451939,-0.270952266,0.802166369,0.91933022,15,2,PMS2/MSH3,down,FALSE
REACTOME_RHO_GTPASES_ACTIVATE_WASPS_AND_WAVES,REACTOME_RHO_GTPASES_ACTIVATE_WASPS_AND_WAVES,Reactome,Treg,SF_vs_PB_Treg,0.784786663,0.239110191,0.803398325,0.920076839,33,16,CYFIP1/ACTB/ARPC2/ABI1/CDC42/BRK1/NCKAP1/GRB2/ARPC3/ARPC5/ACTR3/ABL1/ARPC1B/NCKAP1L/RAC1/WASL,up,FALSE
REACTOME_TRANSLESION_SYNTHESIS_BY_POLK,REACTOME_TRANSLESION_SYNTHESIS_BY_POLK,Reactome,Treg,SF_vs_PB_Treg,0.752858148,0.269263219,0.804854921,0.920419558,17,7,MAD2L2/UBC/UBB/RFC2/POLK/RPA3/PCNA,up,FALSE
REACTOME_MATRIGLYCAN_BIOSYNTHESIS_ON_DAG1,REACTOME_MATRIGLYCAN_BIOSYNTHESIS_ON_DAG1,Reactome,Treg,SF_vs_PB_Treg,0.726653438,0.320519139,0.804858995,0.920419558,8,2,DAG1/POMGNT1,up,FALSE
REACTOME_RHOBTB1_GTPASE_CYCLE,REACTOME_RHOBTB1_GTPASE_CYCLE,Reactome,Treg,SF_vs_PB_Treg,-0.770250527,-0.248937567,0.80620438,0.921293397,22,8,CUL3/PDE5A/SPEN/CPSF7/RBBP6/RBMX/RNF20/STK38,down,FALSE
REACTOME_LAMININ_INTERACTIONS,REACTOME_LAMININ_INTERACTIONS,Reactome,Treg,SF_vs_PB_Treg,0.740035084,0.284482453,0.807157668,0.92131936,13,6,ITGA3/ITGA2/LAMB3/ITGAV/LAMA5/ITGB1,up,FALSE
REACTOME_DNA_REPLICATION_INITIATION,REACTOME_DNA_REPLICATION_INITIATION,Reactome,Treg,SF_vs_PB_Treg,-0.729569559,-0.31677507,0.807389647,0.92131936,8,7,POLE/POLE4/POLA2/POLE3/POLA1/PRIM2/PRIM1,down,FALSE
REACTOME_SENSING_OF_DNA_DOUBLE_STRAND_BREAKS,REACTOME_SENSING_OF_DNA_DOUBLE_STRAND_BREAKS,Reactome,Treg,SF_vs_PB_Treg,-0.720745987,-0.342928744,0.811413638,0.925245048,6,2,MRE11A/ATM,down,FALSE
REACTOME_TP53_REGULATES_TRANSCRIPTION_OF_CELL_CYCLE_GENES,REACTOME_TP53_REGULATES_TRANSCRIPTION_OF_CELL_CYCLE_GENES,Reactome,Treg,SF_vs_PB_Treg,0.797159329,0.223042733,0.81283803,0.926202932,49,2,CDKN1A/GADD45A,up,FALSE
REACTOME_POTASSIUM_CHANNELS,REACTOME_POTASSIUM_CHANNELS,Reactome,Treg,SF_vs_PB_Treg,0.7756976,0.234877263,0.818357876,0.931650929,34,12,KCNN4/GNG4/GNG2/GNG5/KCNK6/KCNC3/GNB1/GNGT2/KCNAB2/GNG10/KCNK1/KCNC4,up,FALSE
REACTOME_SOS_MEDIATED_SIGNALLING,REACTOME_SOS_MEDIATED_SIGNALLING,Reactome,Treg,SF_vs_PB_Treg,0.710896703,0.326118542,0.818859778,0.931650929,7,3,KRAS/NRAS/HRAS,up,FALSE
REACTOME_TIE2_SIGNALING,REACTOME_TIE2_SIGNALING,Reactome,Treg,SF_vs_PB_Treg,0.727882499,0.285545008,0.819382583,0.931650929,12,4,KRAS/NRAS/PTPN11/HRAS,up,FALSE
REACTOME_FORMATION_OF_THE_EARLY_ELONGATION_COMPLEX,REACTOME_FORMATION_OF_THE_EARLY_ELONGATION_COMPLEX,Reactome,Treg,SF_vs_PB_Treg,0.772332042,0.235315496,0.820828913,0.9326264,33,9,POLR2K/NELFE/POLR2L/POLR2E/GTF2H5/POLR2G/NELFCD/MNAT1/POLR2I,up,FALSE
REACTOME_MET_ACTIVATES_RAS_SIGNALING,REACTOME_MET_ACTIVATES_RAS_SIGNALING,Reactome,Treg,SF_vs_PB_Treg,0.715992534,0.304840975,0.822246371,0.933011752,9,3,KRAS/NRAS/HRAS,up,FALSE
REACTOME_ETHANOL_OXIDATION,REACTOME_ETHANOL_OXIDATION,Reactome,Treg,SF_vs_PB_Treg,0.700784256,0.354956835,0.822345374,0.933011752,5,3,ALDH2/ACSS2/ALDH1B1,up,FALSE
REACTOME_MOLECULES_ASSOCIATED_WITH_ELASTIC_FIBRES,REACTOME_MOLECULES_ASSOCIATED_WITH_ELASTIC_FIBRES,Reactome,Treg,SF_vs_PB_Treg,0.720367752,0.289654358,0.823186342,0.933297819,11,3,LTBP3/EMILIN2/FN1,up,FALSE
REACTOME_HEME_BIOSYNTHESIS,REACTOME_HEME_BIOSYNTHESIS,Reactome,Treg,SF_vs_PB_Treg,0.722752439,0.283532509,0.825180464,0.934838628,12,5,FECH/ALAS1/PPOX/HMBS/UROS,up,FALSE
REACTOME_B_WICH_COMPLEX_POSITIVELY_REGULATES_RRNA_EXPRESSION,REACTOME_B_WICH_COMPLEX_POSITIVELY_REGULATES_RRNA_EXPRESSION,Reactome,Treg,SF_vs_PB_Treg,0.81140546,0.208852682,0.82580768,0.934838628,77,4,KAT2B/MYO1C/H3F3B/POLR2K,up,FALSE
REACTOME_EXPORT_OF_VIRAL_RIBONUCLEOPROTEINS_FROM_NUCLEUS,REACTOME_EXPORT_OF_VIRAL_RIBONUCLEOPROTEINS_FROM_NUCLEUS,Reactome,Treg,SF_vs_PB_Treg,-0.778504494,-0.227764393,0.826442817,0.934838628,33,8,NUP133/RANBP2/NUP43/POM121/NUP210/TPR/NUP88/NUPL2,down,FALSE
REACTOME_PROCESSIVE_SYNTHESIS_ON_THE_C_STRAND_OF_THE_TELOMERE,REACTOME_PROCESSIVE_SYNTHESIS_ON_THE_C_STRAND_OF_THE_TELOMERE,Reactome,Treg,SF_vs_PB_Treg,0.739332829,0.257022281,0.826904578,0.934838628,19,8,TINF2/POLD3/BLM/RPA3/PCNA/POLD2/FEN1/ACD,up,FALSE
REACTOME_FGFR2_ALTERNATIVE_SPLICING,REACTOME_FGFR2_ALTERNATIVE_SPLICING,Reactome,Treg,SF_vs_PB_Treg,0.747074978,0.247632603,0.830162205,0.9364572,23,4,POLR2K/POLR2L/POLR2E/POLR2G,up,FALSE
REACTOME_HDR_THROUGH_SINGLE_STRAND_ANNEALING_SSA,REACTOME_HDR_THROUGH_SINGLE_STRAND_ANNEALING_SSA,Reactome,Treg,SF_vs_PB_Treg,0.770130064,0.230153252,0.830227103,0.9364572,36,11,ERCC1/NBN/RAD50/RHNO1/RFC2/RBBP8/KAT5/RAD1/BLM/RAD17/RPA3,up,FALSE
REACTOME_GLYCINE_DEGRADATION,REACTOME_GLYCINE_DEGRADATION,Reactome,Treg,SF_vs_PB_Treg,0.700231804,0.321226099,0.830340497,0.9364572,7,4,MRPS36/GCSH/DLD/GLDC,up,FALSE
REACTOME_INTERLEUKIN_17_SIGNALING,REACTOME_INTERLEUKIN_17_SIGNALING,Reactome,Treg,SF_vs_PB_Treg,0.802237217,0.21115722,0.831001152,0.9364572,68,12,MAPKAPK3/DUSP4/MAPK11/IRAK2/MAPKAPK2/FOS/DUSP3/MAPK8/UBE2N/UBC/ELK1/UBB,up,FALSE
REACTOME_REGULATION_OF_TLR_BY_ENDOGENOUS_LIGAND,REACTOME_REGULATION_OF_TLR_BY_ENDOGENOUS_LIGAND,Reactome,Treg,SF_vs_PB_Treg,0.715635774,0.280740673,0.832840577,0.9364572,12,3,LY96/DFNA5/SFTPD,up,FALSE
REACTOME_MAPLE_SYRUP_URINE_DISEASE,REACTOME_MAPLE_SYRUP_URINE_DISEASE,Reactome,Treg,SF_vs_PB_Treg,-0.698676058,-0.352958409,0.833481547,0.9364572,5,2,DBT/BCKDHB,down,FALSE
REACTOME_HDL_REMODELING,REACTOME_HDL_REMODELING,Reactome,Treg,SF_vs_PB_Treg,-0.698126256,-0.352680659,0.834007033,0.9364572,5,4,APOE/PLTP/LCAT/APOA1,down,FALSE
REACTOME_DAG1_CORE_M3_GLYCOSYLATIONS,REACTOME_DAG1_CORE_M3_GLYCOSYLATIONS,Reactome,Treg,SF_vs_PB_Treg,0.692639073,0.33295219,0.835525276,0.9364572,6,6,DAG1/B3GALNT2/POMT2/POMK/POMGNT2/POMT1,up,FALSE
REACTOME_EPHRIN_SIGNALING,REACTOME_EPHRIN_SIGNALING,Reactome,Treg,SF_vs_PB_Treg,0.717492939,0.270137498,0.835603336,0.9364572,14,5,MYL12A/PAK2/PAK1/SRC/SDCBP,up,FALSE
REACTOME_RRNA_MODIFICATION_IN_THE_NUCLEUS_AND_CYTOSOL,REACTOME_RRNA_MODIFICATION_IN_THE_NUCLEUS_AND_CYTOSOL,Reactome,Treg,SF_vs_PB_Treg,0.792616703,0.213408062,0.835850619,0.9364572,60,13,NOP10/TRMT112/RRP7A/DCAF13/NOP58/NHP2/WDR46/NOC4L/WBSCR22/NHP2L1/UTP11L/KRR1/DIMT1,up,FALSE
REACTOME_PI_3K_CASCADE_FGFR2,REACTOME_PI_3K_CASCADE_FGFR2,Reactome,Treg,SF_vs_PB_Treg,-0.695440119,-0.351323672,0.83675573,0.9364572,5,3,PIK3CA/FRS2/PIK3R1,down,FALSE
REACTOME_PI_3K_CASCADE_FGFR3,REACTOME_PI_3K_CASCADE_FGFR3,Reactome,Treg,SF_vs_PB_Treg,-0.695440119,-0.351323672,0.83675573,0.9364572,5,3,PIK3CA/FRS2/PIK3R1,down,FALSE
REACTOME_REGULATION_OF_PTEN_LOCALIZATION,REACTOME_REGULATION_OF_PTEN_LOCALIZATION,Reactome,Treg,SF_vs_PB_Treg,0.702461101,0.299079832,0.837596057,0.9364572,9,4,UBC/UBB/NEDD4/PML,up,FALSE
REACTOME_DUAL_INCISION_IN_TC_NER,REACTOME_DUAL_INCISION_IN_TC_NER,Reactome,Treg,SF_vs_PB_Treg,0.793724675,0.211922191,0.837663022,0.9364572,63,18,ERCC1/POLR2K/RBX1/UBC/UBB/POLR2L/POLR2E/RFC2/GTF2H5/POLR2G/POLD3/POLK/MNAT1/RPA3/POLR2I/PCNA/DDB1/POLD2,up,FALSE
REACTOME_SUMOYLATION_OF_DNA_REPLICATION_PROTEINS,REACTOME_SUMOYLATION_OF_DNA_REPLICATION_PROTEINS,Reactome,Treg,SF_vs_PB_Treg,0.77827365,0.220761651,0.837699989,0.9364572,46,17,SUMO3/SUMO2/RANGAP1/PIAS3/UBE2I/NUP188/NUP37/AAAS/SEH1L/SEC13/NUP153/SUMO1/NUP205/NUP35/TOP1/NUP107/PCNA,up,FALSE
REACTOME_CO_STIMULATION_BY_CD28,REACTOME_CO_STIMULATION_BY_CD28,Reactome,Treg,SF_vs_PB_Treg,0.778167031,0.220731408,0.83778947,0.9364572,46,16,CD80/CTLA4/PAK2/YES1/TRIB3/AKT1/PPP2CB/PAK1/PPP2R1A/SRC/CDC42/PPP2R1B/PIK3R6/GRB2/VAV1/AKT3,up,FALSE
REACTOME_SIGNALING_BY_ERYTHROPOIETIN,REACTOME_SIGNALING_BY_ERYTHROPOIETIN,Reactome,Treg,SF_vs_PB_Treg,-0.745893475,-0.238231741,0.840970119,0.939349992,23,4,STAT5B/PLCG1/SOS1/PIK3R1,down,FALSE
REACTOME_RHOBTB3_ATPASE_CYCLE,REACTOME_RHOBTB3_ATPASE_CYCLE,Reactome,Treg,SF_vs_PB_Treg,0.697015399,0.29676127,0.843107196,0.940356445,9,1,PLIN3,up,FALSE
REACTOME_COENZYME_A_BIOSYNTHESIS,REACTOME_COENZYME_A_BIOSYNTHESIS,Reactome,Treg,SF_vs_PB_Treg,0.686891558,0.315106361,0.844333235,0.940356445,7,2,PPCDC/PANK3,up,FALSE
REACTOME_REGULATION_OF_PYRUVATE_METABOLISM,REACTOME_REGULATION_OF_PYRUVATE_METABOLISM,Reactome,Treg,SF_vs_PB_Treg,-0.760519529,-0.227657832,0.844631838,0.940356445,30,5,PDPR/RPS27A/PDK1/UBA52/PDP1,down,FALSE
REACTOME_GAP_FILLING_DNA_REPAIR_SYNTHESIS_AND_LIGATION_IN_GG_NER,REACTOME_GAP_FILLING_DNA_REPAIR_SYNTHESIS_AND_LIGATION_IN_GG_NER,Reactome,Treg,SF_vs_PB_Treg,0.739039981,0.239949087,0.845734385,0.940356445,25,12,UBC/UBB/RFC2/POLD3/POLK/RPA3/LIG3/PCNA/POLD2/POLE2/POLE/POLE4,up,FALSE
REACTOME_SIGNALING_BY_WNT_IN_CANCER,REACTOME_SIGNALING_BY_WNT_IN_CANCER,Reactome,Treg,SF_vs_PB_Treg,-0.737540144,-0.241175492,0.845859437,0.940356445,21,6,TNKS/AXIN1/PPP2R5E/RNF43/GSK3B/PPP2R5C,down,FALSE
REACTOME_TFAP2_AP_2_FAMILY_REGULATES_TRANSCRIPTION_OF_GROWTH_FACTORS_AND_THEIR_RECEPTORS,REACTOME_TFAP2_AP_2_FAMILY_REGULATES_TRANSCRIPTION_OF_GROWTH_FACTORS_AND_THEIR_RECEPTORS,Reactome,Treg,SF_vs_PB_Treg,0.682713149,0.32818079,0.845872828,0.940356445,6,2,VEGFA/CGA,up,FALSE
REACTOME_MATURATION_OF_TCA_ENZYMES_AND_REGULATION_OF_TCA_CYCLE,REACTOME_MATURATION_OF_TCA_ENZYMES_AND_REGULATION_OF_TCA_CYCLE,Reactome,Treg,SF_vs_PB_Treg,-0.733298055,-0.242908408,0.846024158,0.940356445,20,9,SIRT3/SDHA/ISCA2/ACN9/SDHD/SDHAF1/SDHAF2/FXN/METTL12,down,FALSE
REACTOME_BIOSYNTHESIS_OF_SPECIALIZED_PRORESOLVING_MEDIATORS_SPMS,REACTOME_BIOSYNTHESIS_OF_SPECIALIZED_PRORESOLVING_MEDIATORS_SPMS,Reactome,Treg,SF_vs_PB_Treg,0.697970499,0.288225309,0.846647219,0.940389518,10,3,ALOX5AP/HPGD/LTC4S,up,FALSE
REACTOME_NITRIC_OXIDE_STIMULATES_GUANYLATE_CYCLASE,REACTOME_NITRIC_OXIDE_STIMULATES_GUANYLATE_CYCLASE,Reactome,Treg,SF_vs_PB_Treg,0.692288744,0.29474885,0.84795855,0.941186486,9,2,NOS3/ITPR1,up,FALSE
REACTOME_DOWNREGULATION_OF_ERBB4_SIGNALING,REACTOME_DOWNREGULATION_OF_ERBB4_SIGNALING,Reactome,Treg,SF_vs_PB_Treg,-0.69293373,-0.300867995,0.848723308,0.941270673,8,3,WWP1/RPS27A/UBA52,down,FALSE
REACTOME_DISEASES_OF_BRANCHED_CHAIN_AMINO_ACID_CATABOLISM,REACTOME_DISEASES_OF_BRANCHED_CHAIN_AMINO_ACID_CATABOLISM,Reactome,Treg,SF_vs_PB_Treg,0.703213424,0.270327561,0.849358728,0.941270673,13,6,BCKDK/ECHS1/AUH/PPM1K/DLD/ACAT1,up,FALSE
REACTOME_FORMATION_OF_THE_CANONICAL_BAF_CBAF_COMPLEX,REACTOME_FORMATION_OF_THE_CANONICAL_BAF_CBAF_COMPLEX,Reactome,Treg,SF_vs_PB_Treg,0.716377014,0.256215571,0.849933624,0.941270673,17,4,DPF3/ACTL6A/SMARCB1/ACTB,up,FALSE
REACTOME_PROTEIN_LIPOYLATION,REACTOME_PROTEIN_LIPOYLATION,Reactome,Treg,SF_vs_PB_Treg,-0.698718934,-0.28333809,0.85081155,0.941270673,10,6,DLST/LIPT2/DBT/LIAS/FDX1/LIPT1,down,FALSE
REACTOME_FCERI_MEDIATED_MAPK_ACTIVATION,REACTOME_FCERI_MEDIATED_MAPK_ACTIVATION,Reactome,Treg,SF_vs_PB_Treg,0.746466546,0.230415114,0.851003707,0.941270673,31,9,FOS/KRAS/PAK2/MAPK8/NRAS/VAV2/HRAS/PAK1/FCER1A,up,FALSE
REACTOME_TRANSPORT_OF_MATURE_MRNAS_DERIVED_FROM_INTRONLESS_TRANSCRIPTS,REACTOME_TRANSPORT_OF_MATURE_MRNAS_DERIVED_FROM_INTRONLESS_TRANSCRIPTS,Reactome,Treg,SF_vs_PB_Treg,-0.774271243,-0.213339866,0.85213315,0.941862652,43,8,NUP133/RANBP2/NUP43/POM121/NUP210/TPR/NUP88/NUPL2,down,FALSE
REACTOME_VITAMIN_B5_PANTOTHENATE_METABOLISM,REACTOME_VITAMIN_B5_PANTOTHENATE_METABOLISM,Reactome,Treg,SF_vs_PB_Treg,-0.721380549,-0.246037183,0.854012274,0.943281849,18,7,COASY/PANK2/SLC25A16/DCAKD/ENPP2/SLC25A42/VNN2,down,FALSE
REACTOME_CHROMATIN_MODIFICATIONS_DURING_THE_MATERNAL_TO_ZYGOTIC_TRANSITION_MZT,REACTOME_CHROMATIN_MODIFICATIONS_DURING_THE_MATERNAL_TO_ZYGOTIC_TRANSITION_MZT,Reactome,Treg,SF_vs_PB_Treg,-0.787024296,-0.206698533,0.855572674,0.944347275,54,24,HIST1H2AE/HIST1H3H/H3F3A/H2AFV/HIST1H2BJ/HIST1H2BO/HIST3H2BB/KDM6A/METTL23/H2AFJ/HIST1H4J/KDM5A/HIST2H2BE/HIST1H2BC/HIST1H2BK/HIST1H2BL/HIST1H4A/HIST1H4F/HIST1H4E/HIST1H2BG/HIST1H2BN/HIST1H3A/HIST4H4/HIST1H2AC,down,FALSE
REACTOME_O_GLYCOSYLATION_OF_TSR_DOMAIN_CONTAINING_PROTEINS,REACTOME_O_GLYCOSYLATION_OF_TSR_DOMAIN_CONTAINING_PROTEINS,Reactome,Treg,SF_vs_PB_Treg,-0.692668916,-0.280884743,0.856885222,0.945137841,10,6,ADAMTS6/CFP/ADAMTSL3/ADAMTS10/SPON2/ADAMTS4,down,FALSE
REACTOME_ACTIVATION_OF_THE_PRE_REPLICATIVE_COMPLEX,REACTOME_ACTIVATION_OF_THE_PRE_REPLICATIVE_COMPLEX,Reactome,Treg,SF_vs_PB_Treg,-0.753586926,-0.222023341,0.858477676,0.945709756,32,31,CDK2/RPA3/POLE2/MCM3/POLE/MCM2/POLE4/CDC45/ORC1/GMNN/MCM10/CDC6/ORC6/POLA2/MCM7/MCM5/MCM4/POLE3/POLA1/CDT1/CDC7/RPA1/ORC3/PRIM2/MCM8/ORC2/RPA2/ORC5/PRIM1/DBF4/ORC4,down,FALSE
REACTOME_GPVI_MEDIATED_ACTIVATION_CASCADE,REACTOME_GPVI_MEDIATED_ACTIVATION_CASCADE,Reactome,Treg,SF_vs_PB_Treg,0.736065828,0.232399018,0.859128994,0.945709756,28,9,RHOB/RHOA/RHOG/VAV2/PTPN11/CDC42/LCP2/PIK3R6/VAV1,up,FALSE
REACTOME_SYNTHESIS_OF_PROSTAGLANDINS_PG_AND_THROMBOXANES_TX,REACTOME_SYNTHESIS_OF_PROSTAGLANDINS_PG_AND_THROMBOXANES_TX,Reactome,Treg,SF_vs_PB_Treg,0.687784691,0.276552958,0.859584625,0.945709756,11,4,PTGS1/HPGD/CBR1/FAM213B,up,FALSE
REACTOME_DAP12_INTERACTIONS,REACTOME_DAP12_INTERACTIONS,Reactome,Treg,SF_vs_PB_Treg,0.742860999,0.227864509,0.860244581,0.945709756,32,8,HLA-B/KRAS/HLA-C/NRAS/B2M/VAV2/HRAS/CLEC5A,up,FALSE
REACTOME_ACYL_CHAIN_REMODELLING_OF_PG,REACTOME_ACYL_CHAIN_REMODELLING_OF_PG,Reactome,Treg,SF_vs_PB_Treg,0.668321196,0.321262566,0.860387046,0.945709756,6,3,LPCAT4/LPCAT1/LPGAT1,up,FALSE
REACTOME_LOSS_OF_FUNCTION_OF_KMT2D_IN_KABUKI_SYNDROME,REACTOME_LOSS_OF_FUNCTION_OF_KMT2D_IN_KABUKI_SYNDROME,Reactome,Treg,SF_vs_PB_Treg,0.663427871,0.336035314,0.861078674,0.945814067,5,1,DPY30,up,FALSE
REACTOME_FORMATION_OF_THE_POLYBROMO_BAF_PBAF_COMPLEX,REACTOME_FORMATION_OF_THE_POLYBROMO_BAF_PBAF_COMPLEX,Reactome,Treg,SF_vs_PB_Treg,0.705202861,0.24839339,0.862518664,0.946739669,18,4,ACTL6A/SMARCB1/ACTB/BCL7C,up,FALSE
REACTOME_RESOLUTION_OF_D_LOOP_STRUCTURES,REACTOME_RESOLUTION_OF_D_LOOP_STRUCTURES,Reactome,Treg,SF_vs_PB_Treg,-0.756700318,-0.216917813,0.863237418,0.946872877,36,2,RAD51B/ATM,down,FALSE
REACTOME_NFE2L2_REGULATES_PENTOSE_PHOSPHATE_PATHWAY_GENES,REACTOME_NFE2L2_REGULATES_PENTOSE_PHOSPHATE_PATHWAY_GENES,Reactome,Treg,SF_vs_PB_Treg,0.670977677,0.29596115,0.865283962,0.948461328,8,3,PGD/NFE2L2/MAFG,up,FALSE
REACTOME_LOSS_OF_FUNCTION_OF_MECP2_IN_RETT_SYNDROME,REACTOME_LOSS_OF_FUNCTION_OF_MECP2_IN_RETT_SYNDROME,Reactome,Treg,SF_vs_PB_Treg,-0.687809077,-0.26375319,0.867783946,0.950449315,12,4,GPS2/HDAC1/MECP2/CAMK4,down,FALSE
REACTOME_BETA_CATENIN_PHOSPHORYLATION_CASCADE,REACTOME_BETA_CATENIN_PHOSPHORYLATION_CASCADE,Reactome,Treg,SF_vs_PB_Treg,-0.705752328,-0.244449853,0.868296914,0.950449315,17,5,FRAT1/AXIN1/PPP2R5E/GSK3B/PPP2R5C,down,FALSE
REACTOME_RA_BIOSYNTHESIS_PATHWAY,REACTOME_RA_BIOSYNTHESIS_PATHWAY,Reactome,Treg,SF_vs_PB_Treg,-0.677724396,-0.283913058,0.869300598,0.950891269,9,4,RDH13/DHRS3/AKR1C3/RDH14,down,FALSE
REACTOME_INHIBITION_OF_DNA_RECOMBINATION_AT_TELOMERE,REACTOME_INHIBITION_OF_DNA_RECOMBINATION_AT_TELOMERE,Reactome,Treg,SF_vs_PB_Treg,-0.779906694,-0.202380723,0.870788971,0.951862427,57,25,POLR2A/H3F3A/H2AFV/POLR2J/HIST1H2BJ/TERF2/HIST1H2BO/HIST3H2BB/H2AFJ/HIST1H4J/HIST2H2BE/TERF2IP/DAXX/HIST1H2BC/HIST1H2BK/HIST1H2BL/TERF1/ATRX/HIST1H4A/HIST1H4F/HIST1H4E/HIST1H2BG/HIST1H2BN/HIST4H4/HIST1H2AC,down,FALSE
REACTOME_REGULATION_OF_NFE2L2_GENE_EXPRESSION,REACTOME_REGULATION_OF_NFE2L2_GENE_EXPRESSION,Reactome,Treg,SF_vs_PB_Treg,-0.669299022,-0.290605936,0.871572605,0.951910661,8,3,NFKB1/CREBBP/MYC,down,FALSE
REACTOME_POSTMITOTIC_NUCLEAR_PORE_COMPLEX_NPC_REFORMATION,REACTOME_POSTMITOTIC_NUCLEAR_PORE_COMPLEX_NPC_REFORMATION,Reactome,Treg,SF_vs_PB_Treg,0.722539482,0.230176185,0.872460288,0.951910661,27,12,RANGAP1/UBE2I/NUP188/NUP37/RAN/SEH1L/SEC13/SUMO1/NUP205/NUP35/NUP107/NUP85,up,FALSE
REACTOME_UNBLOCKING_OF_NMDA_RECEPTORS_GLUTAMATE_BINDING_AND_ACTIVATION,REACTOME_UNBLOCKING_OF_NMDA_RECEPTORS_GLUTAMATE_BINDING_AND_ACTIVATION,Reactome,Treg,SF_vs_PB_Treg,-0.662628912,-0.315276816,0.87263482,0.951910661,6,3,CAMK2G/DLG1/CAMK2D,down,FALSE
REACTOME_MOLYBDENUM_COFACTOR_BIOSYNTHESIS,REACTOME_MOLYBDENUM_COFACTOR_BIOSYNTHESIS,Reactome,Treg,SF_vs_PB_Treg,0.653254364,0.314019927,0.874940758,0.952806357,6,2,MOCS3/MOCOS,up,FALSE
REACTOME_BINDING_AND_UPTAKE_OF_LIGANDS_BY_SCAVENGER_RECEPTORS,REACTOME_BINDING_AND_UPTAKE_OF_LIGANDS_BY_SCAVENGER_RECEPTORS,Reactome,Treg,SF_vs_PB_Treg,0.703370259,0.238681323,0.875021134,0.952806357,21,8,PRDX1/CALR/HSPH1/HSP90B1/HYOU1/MARCO/HSP90AA1/APOE,up,FALSE
REACTOME_RNA_POLYMERASE_I_TRANSCRIPTION_TERMINATION,REACTOME_RNA_POLYMERASE_I_TRANSCRIPTION_TERMINATION,Reactome,Treg,SF_vs_PB_Treg,0.725996819,0.225776724,0.875259341,0.952806357,30,10,POLR2K/ZNRD1/POLR2L/PTRF/POLR1C/POLR2E/GTF2H5/POLR1A/TWISTNB/MNAT1,up,FALSE
REACTOME_PKMTS_METHYLATE_HISTONE_LYSINES,REACTOME_PKMTS_METHYLATE_HISTONE_LYSINES,Reactome,Treg,SF_vs_PB_Treg,-0.781437891,-0.200068431,0.875995924,0.952953699,61,22,WDR5/EHMT1/SETD6/HIST1H4J/SETD1A/SETDB2/SUV420H1/ASH1L/KMT2D/NSD1/SETDB1/NFKB1/KMT2A/HIST1H4A/HIST1H4F/HIST1H4E/WHSC1L1/ATF7IP/SETD2/HIST1H3A/EHMT2/HIST4H4,down,FALSE
REACTOME_SCAVENGING_BY_CLASS_A_RECEPTORS,REACTOME_SCAVENGING_BY_CLASS_A_RECEPTORS,Reactome,Treg,SF_vs_PB_Treg,0.654282078,0.300147006,0.877107251,0.953417085,7,4,CALR/HSP90B1/MARCO/APOE,up,FALSE
REACTOME_TRNA_PROCESSING_IN_THE_MITOCHONDRION,REACTOME_TRNA_PROCESSING_IN_THE_MITOCHONDRION,Reactome,Treg,SF_vs_PB_Treg,0.645257693,0.32683187,0.877624938,0.953417085,5,2,HSD17B10/ELAC2,up,FALSE
REACTOME_INHIBITION_OF_THE_PROTEOLYTIC_ACTIVITY_OF_APC_C_REQUIRED_FOR_THE_ONSET_OF_ANAPHASE_BY_MITOTIC_SPINDLE_CHECKPOINT_COMPONENTS,REACTOME_INHIBITION_OF_THE_PROTEOLYTIC_ACTIVITY_OF_APC_C_REQUIRED_FOR_THE_ONSET_OF_ANAPHASE_BY_MITOTIC_SPINDLE_CHECKPOINT_COMPONENTS,Reactome,Treg,SF_vs_PB_Treg,0.699389198,0.237330392,0.879304191,0.954587084,21,9,BUB3/CDC27/ANAPC11/ANAPC16/UBE2D1/CDC23/UBE2C/CDC16/BUB1B,up,FALSE
REACTOME_ROLE_OF_ABL_IN_ROBO_SLIT_SIGNALING,REACTOME_ROLE_OF_ABL_IN_ROBO_SLIT_SIGNALING,Reactome,Treg,SF_vs_PB_Treg,0.642452552,0.325411028,0.880573973,0.955311258,5,2,CAP1/CLASP1,up,FALSE
REACTOME_SUMOYLATION_OF_DNA_DAMAGE_RESPONSE_AND_REPAIR_PROTEINS,REACTOME_SUMOYLATION_OF_DNA_DAMAGE_RESPONSE_AND_REPAIR_PROTEINS,Reactome,Treg,SF_vs_PB_Treg,-0.793588967,-0.194261538,0.882705236,0.95668091,77,21,XRCC4/NSMCE1/STAG2/RAD52/RNF168/SMC6/NUP133/NDNL2/RANBP2/NUP43/PIAS2/PHC1/POM121/NUP210/HDAC7/TPR/PHC3/PIAS1/NUP88/NUPL2/HERC2,down,FALSE
REACTOME_SYNTHESIS_OF_PIPS_AT_THE_GOLGI_MEMBRANE,REACTOME_SYNTHESIS_OF_PIPS_AT_THE_GOLGI_MEMBRANE,Reactome,Treg,SF_vs_PB_Treg,0.68004835,0.247026128,0.883598185,0.95668091,16,4,SACM1L/ARF1/FIG4/ARF3,up,FALSE
REACTOME_CONDENSATION_OF_PROMETAPHASE_CHROMOSOMES,REACTOME_CONDENSATION_OF_PROMETAPHASE_CHROMOSOMES,Reactome,Treg,SF_vs_PB_Treg,0.662851697,0.266527592,0.883683329,0.95668091,11,7,NCAPH/CDK1/SMC2/NCAPG/SMC4/CSNK2A1/CSNK2A2,up,FALSE
REACTOME_PLATELET_ADHESION_TO_EXPOSED_COLLAGEN,REACTOME_PLATELET_ADHESION_TO_EXPOSED_COLLAGEN,Reactome,Treg,SF_vs_PB_Treg,0.646768322,0.296700127,0.88425081,0.95668091,7,1,ITGA2,up,FALSE
REACTOME_SUMOYLATION_OF_TRANSCRIPTION_COFACTORS,REACTOME_SUMOYLATION_OF_TRANSCRIPTION_COFACTORS,Reactome,Treg,SF_vs_PB_Treg,0.734060403,0.213387033,0.885806975,0.957710815,41,8,SUMO3/NCOR2/SUMO2/PIAS3/UBE2I/NCOA1/CBX8/PARK7,up,FALSE
REACTOME_ESTROGEN_DEPENDENT_GENE_EXPRESSION,REACTOME_ESTROGEN_DEPENDENT_GENE_EXPRESSION,Reactome,Treg,SF_vs_PB_Treg,0.803220114,0.190526724,0.886575224,0.957888024,129,10,KAT2B/CBFB/NR5A2/H3F3B/HSP90AB1/POLR2K/CTSD/FOS/NCOA3/PRMT1,up,FALSE
REACTOME_LONG_TERM_POTENTIATION,REACTOME_LONG_TERM_POTENTIATION,Reactome,Treg,SF_vs_PB_Treg,0.642593517,0.283441198,0.891434263,0.962195326,8,4,DLG4/CALM1/DLG3/SRC,up,FALSE
REACTOME_DISPLACEMENT_OF_DNA_GLYCOSYLASE_BY_APEX1,REACTOME_DISPLACEMENT_OF_DNA_GLYCOSYLASE_BY_APEX1,Reactome,Treg,SF_vs_PB_Treg,0.646310268,0.275173054,0.891775984,0.962195326,9,4,TDG/OGG1/UNG/SMUG1,up,FALSE
REACTOME_MIRO_GTPASE_CYCLE,REACTOME_MIRO_GTPASE_CYCLE,Reactome,Treg,SF_vs_PB_Treg,-0.645945611,-0.280466014,0.892741506,0.962581828,8,7,MYO19/TRAK2/MFN2/TRAK1/MFN1/RHOT2/RHOT1,down,FALSE
REACTOME_FORMATION_OF_RNA_POL_II_ELONGATION_COMPLEX,REACTOME_FORMATION_OF_RNA_POL_II_ELONGATION_COMPLEX,Reactome,Treg,SF_vs_PB_Treg,0.746524205,0.202944377,0.894541272,0.963866701,57,11,POLR2K/NELFE/POLR2L/CDK9/TCEB1/EAF1/POLR2E/TCEB2/GTF2H5/LEO1/POLR2G,up,FALSE
REACTOME_RNA_POLYMERASE_I_PROMOTER_ESCAPE,REACTOME_RNA_POLYMERASE_I_PROMOTER_ESCAPE,Reactome,Treg,SF_vs_PB_Treg,-0.783707503,-0.191842668,0.896908437,0.965760783,77,29,H2AFV/TAF1B/HIST1H2BJ/HIST1H2BO/HIST3H2BB/H2AFJ/HIST1H4J/RRN3/HIST2H2BE/TBP/TAF1C/HIST1H2BC/HIST1H2BK/HIST1H2BL/POLR1B/HIST1H4A/GTF2H1/HIST1H4F/HIST1H4E/CCNH/UBTF/HIST1H2BG/HIST1H2BN/POLR1E/POLR1D/GTF2H2/HIST1H3A/HIST4H4/HIST1H2AC,down,FALSE
REACTOME_STAT5_ACTIVATION,REACTOME_STAT5_ACTIVATION,Reactome,Treg,SF_vs_PB_Treg,0.631572734,0.289729265,0.897772544,0.966034951,7,4,PTPN11/FLT3/GRB2/GAB2,up,FALSE
REACTOME_BLOOD_GROUP_SYSTEMS_BIOSYNTHESIS,REACTOME_BLOOD_GROUP_SYSTEMS_BIOSYNTHESIS,Reactome,Treg,SF_vs_PB_Treg,-0.637019315,-0.28856939,0.899056008,0.966759682,7,2,B3GALT2/FUT7,down,FALSE
REACTOME_2_LTR_CIRCLE_FORMATION,REACTOME_2_LTR_CIRCLE_FORMATION,Reactome,Treg,SF_vs_PB_Treg,-0.636029461,-0.288120987,0.899973495,0.967090162,7,3,XRCC4/PSIP1/HMGA1,down,FALSE
REACTOME_DEVELOPMENTAL_CELL_LINEAGES_OF_THE_INTEGUMENTARY_SYSTEM,REACTOME_DEVELOPMENTAL_CELL_LINEAGES_OF_THE_INTEGUMENTARY_SYSTEM,Reactome,Treg,SF_vs_PB_Treg,0.69847326,0.218758682,0.903311769,0.970019752,29,5,VIM/TP63/CD44/MUC1/SHFM1,up,FALSE
REACTOME_SUMOYLATION,REACTOME_SUMOYLATION,Reactome,Treg,SF_vs_PB_Treg,-0.829058944,-0.178536945,0.905817466,0.971372951,171,41,DNMT1/STAG2/HDAC1/NR2C1/RAD52/RNF168/HIST1H4A/SMC6/NUP133/NR1H3/NDNL2/HIST1H4F/RANBP2/HIST1H4E/AR/NUP43/PIAS2/PHC1/POM121/SAFB/CREBBP/HIC1/RWDD3/RORA/NUP210/HDAC4/HDAC7/TPR/PHC3/PIAS1/THRA/NUP88/NUPL2/DDX17/HERC2/DNMT3A/HIST4H4/TP53/VHL/NR4A2/NR3C2,down,FALSE
REACTOME_GP1B_IX_V_ACTIVATION_SIGNALLING,REACTOME_GP1B_IX_V_ACTIVATION_SIGNALLING,Reactome,Treg,SF_vs_PB_Treg,-0.617417855,-0.311908246,0.906786855,0.971372951,5,2,RAF1/PIK3R1,down,FALSE
REACTOME_PROTEIN_PROTEIN_INTERACTIONS_AT_SYNAPSES,REACTOME_PROTEIN_PROTEIN_INTERACTIONS_AT_SYNAPSES,Reactome,Treg,SF_vs_PB_Treg,0.710110777,0.20993791,0.906973792,0.971372951,38,9,FLOT1/SIPA1L1/STX1A/RTN3/IL1RAP/DLG4/DLGAP4/LRFN4/DLG3,up,FALSE
REACTOME_JNK_C_JUN_KINASES_PHOSPHORYLATION_AND_ACTIVATION_MEDIATED_BY_ACTIVATED_HUMAN_TAK1,REACTOME_JNK_C_JUN_KINASES_PHOSPHORYLATION_AND_ACTIVATION_MEDIATED_BY_ACTIVATED_HUMAN_TAK1,Reactome,Treg,SF_vs_PB_Treg,0.673749657,0.225760765,0.907023324,0.971372951,22,5,IRAK2/MAPK8/UBE2N/UBC/UBB,up,FALSE
REACTOME_NFE2L2_REGULATING_ER_STRESS_ASSOCIATED_GENES,REACTOME_NFE2L2_REGULATING_ER_STRESS_ASSOCIATED_GENES,Reactome,Treg,SF_vs_PB_Treg,0.607782743,0.307850294,0.909866403,0.973440587,5,2,MAFK/NFE2L2,up,FALSE
REACTOME_SODIUM_PROTON_EXCHANGERS,REACTOME_SODIUM_PROTON_EXCHANGERS,Reactome,Treg,SF_vs_PB_Treg,-0.613196348,-0.309775618,0.910182303,0.973440587,5,4,SLC9A7/SLC9A6/SLC9A9/SLC9A8,down,FALSE
REACTOME_APOPTOSIS_INDUCED_DNA_FRAGMENTATION,REACTOME_APOPTOSIS_INDUCED_DNA_FRAGMENTATION,Reactome,Treg,SF_vs_PB_Treg,0.637889011,0.245215712,0.911988327,0.974714429,13,1,H1F0,up,FALSE
REACTOME_RNA_POLYMERASE_I_TRANSCRIPTION_INITIATION,REACTOME_RNA_POLYMERASE_I_TRANSCRIPTION_INITIATION,Reactome,Treg,SF_vs_PB_Treg,0.712035998,0.201972973,0.917803071,0.979916211,46,6,KAT2B/POLR2K/ZNRD1/POLR2L/POLR1C/POLR2E,up,FALSE
REACTOME_ABERRANT_REGULATION_OF_MITOTIC_EXIT_IN_CANCER_DUE_TO_RB1_DEFECTS,REACTOME_ABERRANT_REGULATION_OF_MITOTIC_EXIT_IN_CANCER_DUE_TO_RB1_DEFECTS,Reactome,Treg,SF_vs_PB_Treg,-0.661990787,-0.219287542,0.918733194,0.979916211,20,5,SKP2/ANAPC7/UBE2E1/RB1/ANAPC5,down,FALSE
REACTOME_HEME_SIGNALING,REACTOME_HEME_SIGNALING,Reactome,Treg,SF_vs_PB_Treg,0.703196248,0.204415005,0.918788862,0.979916211,41,14,RXRA/LY96/HELZ2/BACH1/NCOA1/MEF2D/HMOX1/NCOR1/MAFK/NFE2L2/XPO1/TBL1X/PPARA/ARNTL,up,FALSE
REACTOME_SYNTHESIS_OF_WYBUTOSINE_AT_G37_OF_TRNA_PHE,REACTOME_SYNTHESIS_OF_WYBUTOSINE_AT_G37_OF_TRNA_PHE,Reactome,Treg,SF_vs_PB_Treg,0.600741757,0.288777073,0.919530016,0.979916211,6,2,TYW3/TYW5,up,FALSE
REACTOME_INHIBITION_OF_REPLICATION_INITIATION_OF_DAMAGED_DNA_BY_RB1_E2F1,REACTOME_INHIBITION_OF_REPLICATION_INITIATION_OF_DAMAGED_DNA_BY_RB1_E2F1,Reactome,Treg,SF_vs_PB_Treg,-0.632159297,-0.236414049,0.919946575,0.979916211,13,4,PPP2R3B/PRIM1/RB1/TFDP2,down,FALSE
REACTOME_TRANSCRIPTIONAL_ACTIVATION_OF_MITOCHONDRIAL_BIOGENESIS,REACTOME_TRANSCRIPTIONAL_ACTIVATION_OF_MITOCHONDRIAL_BIOGENESIS,Reactome,Treg,SF_vs_PB_Treg,0.717222211,0.198373335,0.921570368,0.980986591,52,11,RXRA/GABPB1/CYCS/HELZ2/NCOA1/ALAS1/ACSS2/MEF2D/SSBP1/CALM1/NCOR1,up,FALSE
REACTOME_APC_CDC20_MEDIATED_DEGRADATION_OF_NEK2A,REACTOME_APC_CDC20_MEDIATED_DEGRADATION_OF_NEK2A,Reactome,Treg,SF_vs_PB_Treg,-0.6764609,-0.209512074,0.923192085,0.981042027,26,4,UBE2E1/ANAPC5/RPS27A/UBA52,down,FALSE
REACTOME_INORGANIC_ANION_EXCHANGE_BY_SLC26_TRANSPORTERS,REACTOME_INORGANIC_ANION_EXCHANGE_BY_SLC26_TRANSPORTERS,Reactome,Treg,SF_vs_PB_Treg,-0.596646412,-0.301414892,0.923299244,0.981042027,5,4,SLC26A4/SLC26A6/SLC26A1/SLC26A2,down,FALSE
REACTOME_SIGNALING_BY_TYPE_1_INSULIN_LIKE_GROWTH_FACTOR_1_RECEPTOR_IGF1R,REACTOME_SIGNALING_BY_TYPE_1_INSULIN_LIKE_GROWTH_FACTOR_1_RECEPTOR_IGF1R,Reactome,Treg,SF_vs_PB_Treg,-0.678584104,-0.208348858,0.923596878,0.981042027,27,6,FRS2/PIK3C3/IRS1/SOS1/PIK3R1/IGF1R,down,FALSE
REACTOME_GENE_SILENCING_BY_RNA,REACTOME_GENE_SILENCING_BY_RNA,Reactome,Treg,SF_vs_PB_Treg,-0.76881901,-0.184390886,0.924098262,0.981042027,86,18,HIST1H2BK/HIST1H2BL/DICER1/TSNAX/HENMT1/AGO3/HIST1H4A/HIST1H4F/HIST1H4E/HIST1H2BG/HIST1H2BN/HIST1H3A/MYBL1/TNRC6B/HIST4H4/TNRC6C/PLD6/HIST1H2AC,down,FALSE
REACTOME_SUMOYLATION_OF_RNA_BINDING_PROTEINS,REACTOME_SUMOYLATION_OF_RNA_BINDING_PROTEINS,Reactome,Treg,SF_vs_PB_Treg,-0.718355609,-0.194261191,0.925111731,0.981460572,47,10,NUP133/RANBP2/NUP43/PHC1/POM121/NUP210/TPR/PHC3/NUP88/NUPL2,down,FALSE
REACTOME_RNA_POLYMERASE_II_TRANSCRIPTION_TERMINATION,REACTOME_RNA_POLYMERASE_II_TRANSCRIPTION_TERMINATION,Reactome,Treg,SF_vs_PB_Treg,0.728864103,0.1928684,0.925853454,0.981590451,66,25,RBM8A/CSTF2/CSTF2T/SNRPB/FYTTD1/SRSF2/LSM10/SRSF7/RNPS1/SNRPD3/SNRPG/SNRPE/MAGOHB/THOC6/NUDT21/CASC3/SRSF4/U2AF1/MAGOH/SRSF3/CPSF3/EIF4A3/CSTF1/SNRPF/SARNP,up,FALSE
REACTOME_FANCONI_ANEMIA_PATHWAY,REACTOME_FANCONI_ANEMIA_PATHWAY,Reactome,Treg,SF_vs_PB_Treg,0.691020589,0.203223804,0.926956931,0.981848183,39,5,ERCC1/FANCL/SLX4/UBC/UBB,up,FALSE
REACTOME_PI_3K_CASCADE_FGFR1,REACTOME_PI_3K_CASCADE_FGFR1,Reactome,Treg,SF_vs_PB_Treg,-0.595330947,-0.28325665,0.927434059,0.981848183,6,2,FRS2/PIK3R1,down,FALSE
REACTOME_FORMATION_OF_WDR5_CONTAINING_HISTONE_MODIFYING_COMPLEXES,REACTOME_FORMATION_OF_WDR5_CONTAINING_HISTONE_MODIFYING_COMPLEXES,Reactome,Treg,SF_vs_PB_Treg,-0.707066702,-0.195884691,0.928182146,0.981848183,42,19,HCFC1/ZZZ3/SETD1A/PAXIP1/MCRS1/KMT2D/CSRP2BP/MEN1/KMT2A/CXXC1/PHF20/TASP1/KAT2A/KAT8/PSIP1/CCDC101/AKAP8L/KANSL1/OGT,down,FALSE
REACTOME_GLYOXYLATE_METABOLISM_AND_GLYCINE_DEGRADATION,REACTOME_GLYOXYLATE_METABOLISM_AND_GLYCINE_DEGRADATION,Reactome,Treg,SF_vs_PB_Treg,-0.615472574,-0.242350586,0.928574402,0.981848183,11,10,GCSH/DLD/GLDC/GOT2/GRHPR/AMT/DLST/OGDH/PXMP2/ALDH4A1,down,FALSE
REACTOME_REGULATION_OF_CDH1_GENE_TRANSCRIPTION,REACTOME_REGULATION_OF_CDH1_GENE_TRANSCRIPTION,Reactome,Treg,SF_vs_PB_Treg,0.741050899,0.188596246,0.929563407,0.982238666,82,5,PKM/H3F3B/ZEB2/EED/TWIST1,up,FALSE
REACTOME_MITOTIC_SPINDLE_CHECKPOINT,REACTOME_MITOTIC_SPINDLE_CHECKPOINT,Reactome,Treg,SF_vs_PB_Treg,0.75959114,0.184767888,0.931209998,0.982953665,109,54,DYNLL1/PMF1/DYNC1I2/MAPRE1/BUB3/RANGAP1/DYNC1H1/B9D2/DYNC1LI2/NUP37/CDC27/CLIP1/PPP2CB/ANAPC11/PAFAH1B1/PPP2R1A/DYNC1LI1/SEH1L/APITD1/CLASP1/PPP2R1B/ANAPC16/SEC13/KIF18A/XPO1/UBE2D1/CDC23/NUP107/CKAP5/KNTC1/NUDC/NUP85/UBE2C/CDC16/NDEL1/ZWILCH/CENPI/NDC80/BUB1B/CASC5/PPP2CA/SPC25/CENPM/SKA2/KIF2C/RCC2/SGOL1/CDCA8/NUF2/ERCC6L/CENPU/CENPE/MAD2L1/SKA1,up,FALSE
REACTOME_IRS_MEDIATED_SIGNALLING,REACTOME_IRS_MEDIATED_SIGNALLING,Reactome,Treg,SF_vs_PB_Treg,0.649551265,0.212939741,0.931615646,0.982953665,24,9,KRAS/NRAS/TRIB3/PTPN11/HRAS/FLT3/KLB/FGFR1/GRB2,up,FALSE
REACTOME_G2_M_DNA_REPLICATION_CHECKPOINT,REACTOME_G2_M_DNA_REPLICATION_CHECKPOINT,Reactome,Treg,SF_vs_PB_Treg,-0.594001474,-0.269082333,0.932513711,0.982953665,7,6,CDK1/PKMYT1/CCNA2/CCNB1/CCNB2/WEE1,down,FALSE
REACTOME_EXPRESSION_OF_BMAL_ARNTL_CLOCK_AND_NPAS2,REACTOME_EXPRESSION_OF_BMAL_ARNTL_CLOCK_AND_NPAS2,Reactome,Treg,SF_vs_PB_Treg,-0.681015663,-0.200642245,0.932720702,0.982953665,32,8,NR1D1/MEF2C/SIRT1/CRTC1/CREBBP/RORA/CREB1/CLOCK,down,FALSE
REACTOME_RUNX1_REGULATES_GENES_INVOLVED_IN_MEGAKARYOCYTE_DIFFERENTIATION_AND_PLATELET_FUNCTION,REACTOME_RUNX1_REGULATES_GENES_INVOLVED_IN_MEGAKARYOCYTE_DIFFERENTIATION_AND_PLATELET_FUNCTION,Reactome,Treg,SF_vs_PB_Treg,0.731849716,0.188938424,0.934089963,0.983195971,76,3,KAT2B/CBFB/H3F3B,up,FALSE
REACTOME_SIGNALING_BY_FGFR_IN_DISEASE,REACTOME_SIGNALING_BY_FGFR_IN_DISEASE,Reactome,Treg,SF_vs_PB_Treg,-0.702182279,-0.193476736,0.934191251,0.983195971,43,8,CPSF6/STAT5B/FGFR1OP2/PLCG1/SOS1/PIK3R1/CUX1/CNTRL,down,FALSE
REACTOME_CYCLIN_A_B1_B2_ASSOCIATED_EVENTS_DURING_G2_M_TRANSITION,REACTOME_CYCLIN_A_B1_B2_ASSOCIATED_EVENTS_DURING_G2_M_TRANSITION,Reactome,Treg,SF_vs_PB_Treg,0.668069362,0.20492299,0.936273433,0.984092311,32,20,PPME1/PPP2CB/PPP2R1A/PPP2R1B/CDK2/XPO1/MNAT1/CCNA1/CDK1/CDK7/HJURP/CDC25A/PPP2CA/PKMYT1/PPP2R2A/SGOL1/CDC25C/BORA/CCNA2/TICRR,up,FALSE
REACTOME_FORMATION_OF_TC_NER_PRE_INCISION_COMPLEX,REACTOME_FORMATION_OF_TC_NER_PRE_INCISION_COMPLEX,Reactome,Treg,SF_vs_PB_Treg,0.700314858,0.194400584,0.936408069,0.984092311,51,11,POLR2K/RBX1/UBC/UBB/POLR2L/POLR2E/GTF2H5/COPS7A/COPS6/POLR2G/COPS8,up,FALSE
REACTOME_RRNA_PROCESSING_IN_THE_MITOCHONDRION,REACTOME_RRNA_PROCESSING_IN_THE_MITOCHONDRION,Reactome,Treg,SF_vs_PB_Treg,-0.625186516,-0.216544453,0.937638821,0.984092311,17,4,MRM1/KIAA0391/RPUSD4/MTERFD2,down,FALSE
REACTOME_DAP12_SIGNALING,REACTOME_DAP12_SIGNALING,Reactome,Treg,SF_vs_PB_Treg,-0.658369515,-0.203908848,0.937664085,0.984092311,26,8,KLRD1/HLA-E/FYN/VAV3/GRAP2/PLCG1/SOS1/PIK3R1,down,FALSE
REACTOME_INTEGRATION_OF_PROVIRUS,REACTOME_INTEGRATION_OF_PROVIRUS,Reactome,Treg,SF_vs_PB_Treg,-0.594518281,-0.24905626,0.938147308,0.984092311,9,3,XRCC4/PSIP1/HMGA1,down,FALSE
REACTOME_PI_3K_CASCADE_FGFR4,REACTOME_PI_3K_CASCADE_FGFR4,Reactome,Treg,SF_vs_PB_Treg,-0.577343217,-0.274698143,0.94023743,0.985632491,6,2,FRS2/PIK3R1,down,FALSE
REACTOME_PI3K_EVENTS_IN_ERBB2_SIGNALING,REACTOME_PI3K_EVENTS_IN_ERBB2_SIGNALING,Reactome,Treg,SF_vs_PB_Treg,-0.574315469,-0.27325755,0.942080953,0.9869123,6,3,PIK3CA/ERBB2/PIK3R1,down,FALSE
REACTOME_ACTIVATION_OF_NIMA_KINASES_NEK9_NEK6_NEK7,REACTOME_ACTIVATION_OF_NIMA_KINASES_NEK9_NEK6_NEK7,Reactome,Treg,SF_vs_PB_Treg,-0.576962388,-0.261363636,0.94350317,0.987511429,7,6,CDK1/CCNB1/PLK1/CCNB2/NEK6/NEK9,down,FALSE
REACTOME_PROLACTIN_RECEPTOR_SIGNALING,REACTOME_PROLACTIN_RECEPTOR_SIGNALING,Reactome,Treg,SF_vs_PB_Treg,0.575881519,0.24518731,0.943898937,0.987511429,9,3,RBX1/PTPN11/SKP1,up,FALSE
REACTOME_MRNA_CAPPING,REACTOME_MRNA_CAPPING,Reactome,Treg,SF_vs_PB_Treg,0.64562344,0.202206357,0.945839153,0.988310636,29,7,POLR2K/POLR2L/POLR2E/GTF2H5/POLR2G/MNAT1/POLR2I,up,FALSE
REACTOME_DISORDERS_OF_DEVELOPMENTAL_BIOLOGY,REACTOME_DISORDERS_OF_DEVELOPMENTAL_BIOLOGY,Reactome,Treg,SF_vs_PB_Treg,-0.612953293,-0.212307259,0.945909927,0.988310636,17,5,KMT2D/GPS2/HDAC1/MECP2/CAMK4,down,FALSE
REACTOME_MAP3K8_TPL2_DEPENDENT_MAPK1_3_ACTIVATION,REACTOME_MAP3K8_TPL2_DEPENDENT_MAPK1_3_ACTIVATION,Reactome,Treg,SF_vs_PB_Treg,0.599868856,0.217901096,0.947523305,0.988986958,16,8,UBC/UBB/IKBKG/TNIP2/SKP1/FBXW11/MAP2K1/MAP3K8,up,FALSE
REACTOME_SYNTHESIS_OF_PYROPHOSPHATES_IN_THE_CYTOSOL,REACTOME_SYNTHESIS_OF_PYROPHOSPHATES_IN_THE_CYTOSOL,Reactome,Treg,SF_vs_PB_Treg,-0.569705,-0.258076043,0.947805166,0.988986958,7,3,IP6K1/NUDT3/ITPK1,down,FALSE
REACTOME_RHOT1_GTPASE_CYCLE,REACTOME_RHOT1_GTPASE_CYCLE,Reactome,Treg,SF_vs_PB_Treg,-0.555059393,-0.280405888,0.950725575,0.991241999,5,4,MYO19/TRAK2/TRAK1/RHOT1,down,FALSE
REACTOME_REGULATION_OF_PTEN_GENE_TRANSCRIPTION,REACTOME_REGULATION_OF_PTEN_GENE_TRANSCRIPTION,Reactome,Treg,SF_vs_PB_Treg,0.68603938,0.187765896,0.951417578,0.991241999,55,10,LAMTOR5/RHEB/EED/CBX6/PPARG/EGR1/LAMTOR2/CBX8/LAMTOR3/LAMTOR1,up,FALSE
REACTOME_PHOSPHORYLATION_OF_THE_APC_C,REACTOME_PHOSPHORYLATION_OF_THE_APC_C,Reactome,Treg,SF_vs_PB_Treg,0.604112139,0.207445946,0.952054795,0.991241999,20,8,CDC27/ANAPC11/ANAPC16/UBE2D1/CDK1/CDC23/UBE2C/CDC16,up,FALSE
REACTOME_METABOLISM_OF_AMINE_DERIVED_HORMONES,REACTOME_METABOLISM_OF_AMINE_DERIVED_HORMONES,Reactome,Treg,SF_vs_PB_Treg,0.556352436,0.255222516,0.952467864,0.991241999,7,2,CGA/ASMT,up,FALSE
REACTOME_EGFR_DOWNREGULATION,REACTOME_EGFR_DOWNREGULATION,Reactome,Treg,SF_vs_PB_Treg,-0.615189663,-0.201166907,0.953943852,0.991276478,21,4,EPS15L1/SH3GL1/RPS27A/UBA52,down,FALSE
REACTOME_CO_STIMULATION_BY_ICOS,REACTOME_CO_STIMULATION_BY_ICOS,Reactome,Treg,SF_vs_PB_Treg,-0.571731949,-0.231843493,0.954333451,0.991276478,10,3,PIK3CD/PIK3R5/PIK3R1,down,FALSE
REACTOME_POSITIVE_EPIGENETIC_REGULATION_OF_RRNA_EXPRESSION,REACTOME_POSITIVE_EPIGENETIC_REGULATION_OF_RRNA_EXPRESSION,Reactome,Treg,SF_vs_PB_Treg,0.722914085,0.180564472,0.954377228,0.991276478,92,4,KAT2B/MYO1C/H3F3B/POLR2K,up,FALSE
REACTOME_STRAND_ASYNCHRONOUS_MITOCHONDRIAL_DNA_REPLICATION,REACTOME_STRAND_ASYNCHRONOUS_MITOCHONDRIAL_DNA_REPLICATION,Reactome,Treg,SF_vs_PB_Treg,0.559529045,0.231056229,0.955489442,0.991525265,10,4,MGME1/SSBP1/LIG3/POLG,up,FALSE
REACTOME_RETROGRADE_TRANSPORT_AT_THE_TRANS_GOLGI_NETWORK,REACTOME_RETROGRADE_TRANSPORT_AT_THE_TRANS_GOLGI_NETWORK,Reactome,Treg,SF_vs_PB_Treg,0.667472267,0.18849322,0.95586789,0.991525265,47,4,VAMP4/PLIN3/ARL1/NAPG,up,FALSE
REACTOME_FLT3_SIGNALING_THROUGH_SRC_FAMILY_KINASES,REACTOME_FLT3_SIGNALING_THROUGH_SRC_FAMILY_KINASES,Reactome,Treg,SF_vs_PB_Treg,0.544418176,0.26170228,0.956911532,0.991958652,6,6,FLT3/HCK/SYK/LCK/FLT3LG/FYN,up,FALSE
REACTOME_MITOCHONDRIAL_MRNA_MODIFICATION,REACTOME_MITOCHONDRIAL_MRNA_MODIFICATION,Reactome,Treg,SF_vs_PB_Treg,0.556547944,0.223783667,0.959424865,0.993913994,11,6,SLIRP/MTPAP/MTERFD1/NGRN/TRUB2/FASTKD2,up,FALSE
REACTOME_SUMOYLATION_OF_DNA_METHYLATION_PROTEINS,REACTOME_SUMOYLATION_OF_DNA_METHYLATION_PROTEINS,Reactome,Treg,SF_vs_PB_Treg,-0.575176148,-0.206549073,0.962961405,0.996364931,15,8,SCMH1/CBX4/RING1/CBX2/DNMT1/PHC1/PHC3/DNMT3A,down,FALSE
REACTOME_BIOSYNTHESIS_OF_EPA_DERIVED_SPMS,REACTOME_BIOSYNTHESIS_OF_EPA_DERIVED_SPMS,Reactome,Treg,SF_vs_PB_Treg,0.529161163,0.268027385,0.963047996,0.996364931,5,1,HPGD,up,FALSE
REACTOME_MET_RECEPTOR_RECYCLING,REACTOME_MET_RECEPTOR_RECYCLING,Reactome,Treg,SF_vs_PB_Treg,0.536243546,0.245997713,0.96375233,0.996443212,7,7,ARF6/GRB2/CRKL/CRK/GGA3/RAB4B/RAB4A,up,FALSE
REACTOME_TRAIL_SIGNALING,REACTOME_TRAIL_SIGNALING,Reactome,Treg,SF_vs_PB_Treg,0.52738645,0.23262458,0.968791501,0.999867805,8,2,FADD/CFLAR,up,FALSE
REACTOME_HOMOLOGOUS_DNA_PAIRING_AND_STRAND_EXCHANGE,REACTOME_HOMOLOGOUS_DNA_PAIRING_AND_STRAND_EXCHANGE,Reactome,Treg,SF_vs_PB_Treg,-0.643761107,-0.179249135,0.969337556,0.999867805,41,3,ATR/RAD51B/ATM,down,FALSE
REACTOME_NUCLEAR_RNA_DECAY,REACTOME_NUCLEAR_RNA_DECAY,Reactome,Treg,SF_vs_PB_Treg,-0.627426925,-0.182315139,0.969514889,0.999867805,34,10,RBM27/YTHDC1/DXO/ZC3H4/ZC3H3/RBM26/PABPN1/YTHDC2/ZFC3H1/ZCCHC7,down,FALSE
REACTOME_ESTABLISHMENT_OF_SISTER_CHROMATID_COHESION,REACTOME_ESTABLISHMENT_OF_SISTER_CHROMATID_COHESION,Reactome,Treg,SF_vs_PB_Treg,0.535161754,0.215184444,0.969587897,0.999867805,11,11,SMC3/SMC1A/STAG1/CDCA5/ESCO2/RAD21/PDS5A/ESCO1/PDS5B/STAG2/WAPAL,up,FALSE
REACTOME_G1_S_SPECIFIC_TRANSCRIPTION,REACTOME_G1_S_SPECIFIC_TRANSCRIPTION,Reactome,Treg,SF_vs_PB_Treg,-0.603079975,-0.182114443,0.974270673,1,29,6,LIN9/RBL1/HDAC1/LIN52/TFDP2/RBL2,down,FALSE
REACTOME_DISASSEMBLY_OF_THE_DESTRUCTION_COMPLEX_AND_RECRUITMENT_OF_AXIN_TO_THE_MEMBRANE,REACTOME_DISASSEMBLY_OF_THE_DESTRUCTION_COMPLEX_AND_RECRUITMENT_OF_AXIN_TO_THE_MEMBRANE,Reactome,Treg,SF_vs_PB_Treg,-0.568892256,-0.186027663,0.975026193,1,21,5,FRAT1/AXIN1/PPP2R5E/GSK3B/PPP2R5C,down,FALSE
REACTOME_VIRAL_MESSENGER_RNA_SYNTHESIS,REACTOME_VIRAL_MESSENGER_RNA_SYNTHESIS,Reactome,Treg,SF_vs_PB_Treg,-0.63931328,-0.175357795,0.976350589,1,44,8,NUP133/RANBP2/NUP43/POM121/NUP210/TPR/NUP88/NUPL2,down,FALSE
REACTOME_NS1_MEDIATED_EFFECTS_ON_HOST_PATHWAYS,REACTOME_NS1_MEDIATED_EFFECTS_ON_HOST_PATHWAYS,Reactome,Treg,SF_vs_PB_Treg,-0.630679936,-0.174722617,0.976668769,1,42,10,NUP133/PABPN1/KPNA5/RANBP2/NUP43/POM121/NUP210/TPR/NUP88/NUPL2,down,FALSE
REACTOME_PROCESSING_OF_INTRONLESS_PRE_MRNAS,REACTOME_PROCESSING_OF_INTRONLESS_PRE_MRNAS,Reactome,Treg,SF_vs_PB_Treg,-0.564341027,-0.186940603,0.977079688,1,20,10,NCBP1/NCBP2/SYMPK/WDR33/CPSF4/CPSF7/CSTF3/PABPN1/CPSF6/PCF11,down,FALSE
REACTOME_ACTIVATION_OF_ATR_IN_RESPONSE_TO_REPLICATION_STRESS,REACTOME_ACTIVATION_OF_ATR_IN_RESPONSE_TO_REPLICATION_STRESS,Reactome,Treg,SF_vs_PB_Treg,-0.613090404,-0.175750197,0.977646928,1,36,35,MCM6/RAD1/CDK2/RAD17/RPA3/CDC25A/MCM3/MCM2/CLSPN/CDC45/ORC1/RFC4/CHEK1/MCM10/CDC6/ORC6/CDC25C/MCM7/MCM5/MCM4/RFC5/RFC3/CDC7/RPA1/ORC3/MCM8/ORC2/HUS1/RPA2/ORC5/RAD9A/DBF4/ATRIP/ATR/ORC4,down,FALSE
REACTOME_MITOTIC_PROPHASE,REACTOME_MITOTIC_PROPHASE,Reactome,Treg,SF_vs_PB_Treg,-0.735559562,-0.165306284,0.978764722,1,128,22,NUP133/HIST1H4F/LPIN1/RANBP2/HIST1H4E/NUP43/POM121/HIST1H2BG/HIST1H2BN/MAPK3/NUP210/RB1/MCPH1/TPR/HIST1H3A/LEMD3/NUP88/NUPL2/HIST4H4/PRKCB/PRKCA/HIST1H2AC,down,FALSE
REACTOME_HCMV_EARLY_EVENTS,REACTOME_HCMV_EARLY_EVENTS,Reactome,Treg,SF_vs_PB_Treg,0.699981052,0.169068405,0.979542337,1,114,29,TUBB2A/TUBB6/DYNLL1/NCOR2/EED/DYNC1I2/TUBA1C/TUBA1A/ELK1/DYNC1H1/DYNC1LI2/NUP188/NUP37/TUBB4B/NCOR1/AAAS/HIST1H3F/PML/HIST1H2BI/DYNC1LI1/SEH1L/TUBA4A/SEC13/TUBA1B/NUP153/NUP205/ITGB1/TBL1X/HIST1H3B,up,FALSE
REACTOME_TP53_REGULATES_TRANSCRIPTION_OF_DNA_REPAIR_GENES,REACTOME_TP53_REGULATES_TRANSCRIPTION_OF_DNA_REPAIR_GENES,Reactome,Treg,SF_vs_PB_Treg,-0.660349639,-0.169066688,0.980289976,1,61,9,CCNH/CTDP1/PMS2/ATR/GTF2H2/CCNT1/CDK13/TP53/ATM,down,FALSE
REACTOME_TRANSPORT_OF_MATURE_TRANSCRIPT_TO_CYTOPLASM,REACTOME_TRANSPORT_OF_MATURE_TRANSCRIPT_TO_CYTOPLASM,Reactome,Treg,SF_vs_PB_Treg,-0.681626962,-0.165411934,0.982487116,1,81,14,THOC5/NUP133/U2AF2/RANBP2/NUP43/POM121/UPF3B/NUP210/SRSF5/TPR/NUP88/NUPL2/THOC3/DDX39B,down,FALSE
REACTOME_PHASE_0_RAPID_DEPOLARISATION,REACTOME_PHASE_0_RAPID_DEPOLARISATION,Reactome,Treg,SF_vs_PB_Treg,-0.492888176,-0.223278066,0.983179399,1,7,4,SCN8A/RANGRF/CAMK2G/CAMK2D,down,FALSE
REACTOME_FORMATION_OF_NEURONAL_PROGENITOR_AND_NEURONAL_BAF_NPBAF_AND_NBAF,REACTOME_FORMATION_OF_NEURONAL_PROGENITOR_AND_NEURONAL_BAF_NPBAF_AND_NBAF,Reactome,Treg,SF_vs_PB_Treg,0.535234104,0.179346823,0.98362098,1,22,4,DPF3/ACTL6A/SMARCB1/ACTB,up,FALSE
REACTOME_INSULIN_RECEPTOR_SIGNALLING_CASCADE,REACTOME_INSULIN_RECEPTOR_SIGNALLING_CASCADE,Reactome,Treg,SF_vs_PB_Treg,0.546748062,0.174175095,0.985833025,1,27,9,KRAS/NRAS/TRIB3/PTPN11/HRAS/FLT3/KLB/FGFR1/GRB2,up,FALSE
REACTOME_TELOMERE_C_STRAND_LAGGING_STRAND_SYNTHESIS,REACTOME_TELOMERE_C_STRAND_LAGGING_STRAND_SYNTHESIS,Reactome,Treg,SF_vs_PB_Treg,0.568405175,0.172110178,0.986096393,1,34,10,OBFC1/TINF2/RFC2/POLD3/BLM/RPA3/PCNA/POLD2/FEN1/ACD,up,FALSE
REACTOME_ACTIVATION_OF_ANTERIOR_HOX_GENES_IN_HINDBRAIN_DEVELOPMENT_DURING_EARLY_EMBRYOGENESIS,REACTOME_ACTIVATION_OF_ANTERIOR_HOX_GENES_IN_HINDBRAIN_DEVELOPMENT_DURING_EARLY_EMBRYOGENESIS,Reactome,Treg,SF_vs_PB_Treg,0.666065093,0.164946275,0.987530114,1,97,14,H3F3B/RXRA/POLR2K/EED/NCOA3/EGR2/DPY30/POLR2L/POLR2E/RQCD1/NCOR1/HIST1H3F/HIST1H2BI/POLR2G,up,FALSE
REACTOME_PROCESSING_OF_DNA_DOUBLE_STRAND_BREAK_ENDS,REACTOME_PROCESSING_OF_DNA_DOUBLE_STRAND_BREAK_ENDS,Reactome,Treg,SF_vs_PB_Treg,-0.674308756,-0.160669062,0.987851524,1,89,16,BABAM1/MRE11A/RNF168/HIST1H4A/HIST1H4F/ATRIP/HIST1H4E/HIST1H2BG/HIST1H2BN/ATR/FAM175A/RPS27A/UBA52/HERC2/HIST4H4/ATM,down,FALSE
REACTOME_RECEPTOR_TYPE_TYROSINE_PROTEIN_PHOSPHATASES,REACTOME_RECEPTOR_TYPE_TYROSINE_PROTEIN_PHOSPHATASES,Reactome,Treg,SF_vs_PB_Treg,-0.464455857,-0.234634633,0.988985003,1,5,3,PPFIA3/PPFIA1/PPFIBP2,down,FALSE
REACTOME_TELOMERE_C_STRAND_SYNTHESIS_INITIATION,REACTOME_TELOMERE_C_STRAND_SYNTHESIS_INITIATION,Reactome,Treg,SF_vs_PB_Treg,-0.478966516,-0.179123227,0.990045494,1,13,7,PRIM2/POT1/TERF2/TERF2IP/PRIM1/TERF1/CTC1,down,FALSE
REACTOME_TRNA_PROCESSING_IN_THE_NUCLEUS,REACTOME_TRNA_PROCESSING_IN_THE_NUCLEUS,Reactome,Treg,SF_vs_PB_Treg,0.602190914,0.162694965,0.990288348,1,59,23,CSTF2/RPP25/POP7/NUP188/NUP37/AAAS/RAN/ELAC2/SEH1L/SEC13/XPOT/POP1/NUP153/TSEN54/NUP205/DDX1/NUP35/POP4/NUP107/TSEN15/FAM98B/NUP85/RPP30,up,FALSE
REACTOME_SNRNP_ASSEMBLY,REACTOME_SNRNP_ASSEMBLY,Reactome,Treg,SF_vs_PB_Treg,0.589001943,0.161625639,0.991577159,1,54,17,CLNS1A/SNRPB/SNRPD1/GEMIN7/NUP188/NUP37/SNRPD3/SNRPG/AAAS/SNRPE/GEMIN6/SEH1L/SEC13/NUP153/NUP205/NUP35/PRMT5,up,FALSE
REACTOME_HDR_THROUGH_HOMOLOGOUS_RECOMBINATION_HRR,REACTOME_HDR_THROUGH_HOMOLOGOUS_RECOMBINATION_HRR,Reactome,Treg,SF_vs_PB_Treg,-0.628721425,-0.157508598,0.9918244,1,68,5,ATR/RPS27A/UBA52/RAD51B/ATM,down,FALSE
REACTOME_SYNTHESIS_OF_GLYCOSYLPHOSPHATIDYLINOSITOL_GPI,REACTOME_SYNTHESIS_OF_GLYCOSYLPHOSPHATIDYLINOSITOL_GPI,Reactome,Treg,SF_vs_PB_Treg,0.482405259,0.172534485,0.99201593,1,17,1,DPM2,up,FALSE
REACTOME_DNA_REPAIR,REACTOME_DNA_REPAIR,Reactome,Treg,SF_vs_PB_Treg,0.753639653,0.160287229,0.992086968,1,316,87,ERCC1/SUMO3/MAD2L2/ISG15/POLR2K/FANCL/RBX1/PPP5C/TP53BP1/DDB2/TRIM25/BRE/NBN/SUMO2/RAD23A/MAPK8/TDP1/UFD1L/PIAS3/UBE2I/SLX4/UBE2N/UBC/ASCC1/UBB/POLR2L/INO80C/POLR2E/VCP/UBE2B/ACTL6A/TINF2/ADPRHL2/EYA3/RAD50/TFPT/RHNO1/NEIL1/RFC2/MLH1/ACTB/GTF2H5/COPS7A/TDG/COPS6/STRA13/HIST1H2BI/POLR2G/RBBP8/OGG1/DCLRE1A/UNG/COPS8/APITD1/KPNA2/POLD3/POLK/SMUG1/XRCC6/CHD1L/KAT5/UBE2T/RAD1/PNKP/BLM/RNF8/CDK2/SUMO1/USP45/MNAT1/RAD17/PALB2/CCNA1/RPA3/POLR2I/LIG3/UBE2L6/NEIL2/INO80/RCHY1/FANCA/ELL/PCNA/DDB1/POLD2/TIMELESS/CHEK2,up,FALSE
REACTOME_NFE2L2_REGULATING_MDR_ASSOCIATED_ENZYMES,REACTOME_NFE2L2_REGULATING_MDR_ASSOCIATED_ENZYMES,Reactome,Treg,SF_vs_PB_Treg,-0.456426631,-0.206761006,0.992313495,1,7,2,ABCC1/CREBBP,down,FALSE
REACTOME_MITOTIC_PROMETAPHASE,REACTOME_MITOTIC_PROMETAPHASE,Reactome,Treg,SF_vs_PB_Treg,-0.735966497,-0.156370942,0.992379362,1,190,14,PPP1CC/ODF2/CEP57/CNTRL/CSNK1E/CENPK/RPS27/SFI1/NDE1/CEP164/KIF2A/CEP70/PPP2R5C/CEP78,down,FALSE
REACTOME_BASE_EXCISION_REPAIR,REACTOME_BASE_EXCISION_REPAIR,Reactome,Treg,SF_vs_PB_Treg,-0.644009057,-0.156548603,0.992622385,1,80,23,H2AFV/HIST1H2BJ/TERF2/HIST1H2BO/HIST3H2BB/H2AFJ/HIST1H4J/HIST2H2BE/TERF2IP/HIST1H2BC/HIST1H2BK/HIST1H2BL/TERF1/XRCC1/HIST1H4A/HIST1H4F/HIST1H4E/HIST1H2BG/NTHL1/HIST1H2BN/MUTYH/HIST4H4/HIST1H2AC,down,FALSE
REACTOME_CITRIC_ACID_CYCLE_TCA_CYCLE,REACTOME_CITRIC_ACID_CYCLE_TCA_CYCLE,Reactome,Treg,SF_vs_PB_Treg,-0.543181306,-0.157835394,0.993461165,1,34,10,ISCA2/OGDH/SUCLG2/ACN9/SDHD/SDHAF1/SDHAF2/NNT/FXN/METTL12,down,FALSE
REACTOME_CONVERSION_FROM_APC_C_CDC20_TO_APC_C_CDH1_IN_LATE_ANAPHASE,REACTOME_CONVERSION_FROM_APC_C_CDC20_TO_APC_C_CDH1_IN_LATE_ANAPHASE,Reactome,Treg,SF_vs_PB_Treg,-0.480930254,-0.159310394,0.994750096,1,20,19,ANAPC11/ANAPC16/UBE2D1/CDC23/UBE2C/CDC16/FZR1/ANAPC10/CDC20/ANAPC1/UBE2S/ANAPC15/ANAPC2/CDC26/ANAPC4/CDC14A/ANAPC7/UBE2E1/ANAPC5,down,FALSE
REACTOME_POLYMERASE_SWITCHING_ON_THE_C_STRAND_OF_THE_TELOMERE,REACTOME_POLYMERASE_SWITCHING_ON_THE_C_STRAND_OF_THE_TELOMERE,Reactome,Treg,SF_vs_PB_Treg,0.487859163,0.156869828,0.994973383,1,26,6,OBFC1/TINF2/RFC2/POLD3/PCNA/POLD2,up,FALSE
REACTOME_REPRODUCTION,REACTOME_REPRODUCTION,Reactome,Treg,SF_vs_PB_Treg,0.64442259,0.155649213,0.995098859,1,114,32,IZUMO4/LMNA/H3F3B/CD9/PRDM1/NBN/SYNE2/CXCR4/UBE2I/HSPA2/TINF2/CATSPER1/RAD50/MLH1/HIST1H3F/SMC3/HIST1H2BI/RBBP8/NANOS3/LMNB1/BLM/CDK2/PSMC3IP/MSH5/HIST1H3B/TET2/RPA3/SMC1A/CDK4/STAG1/CATSPERG/HIST1H3G,up,FALSE
REACTOME_MEIOTIC_RECOMBINATION,REACTOME_MEIOTIC_RECOMBINATION,Reactome,Treg,SF_vs_PB_Treg,-0.613230729,-0.152393421,0.995109105,1,71,25,HIST1H2AE/RPA2/HIST1H3H/H3F3A/H2AFV/HIST1H2BJ/C1orf112/HIST1H2BO/HIST3H2BB/H2AFJ/HIST1H4J/HIST2H2BE/HIST1H2BC/HIST1H2BK/HIST1H2BL/MRE11A/HIST1H4A/HIST1H4F/HIST1H4E/HIST1H2BG/HIST1H2BN/HIST1H3A/HIST4H4/HIST1H2AC/ATM,down,FALSE
REACTOME_INTERACTION_BETWEEN_L1_AND_ANKYRINS,REACTOME_INTERACTION_BETWEEN_L1_AND_ANKYRINS,Reactome,Treg,SF_vs_PB_Treg,-0.446701581,-0.181142326,0.995522481,1,10,5,ANK1/SPTAN1/KCNQ2/SCN8A/SPTBN1,down,FALSE
REACTOME_RNA_POLYMERASE_I_TRANSCRIPTION,REACTOME_RNA_POLYMERASE_I_TRANSCRIPTION,Reactome,Treg,SF_vs_PB_Treg,-0.644375449,-0.151367288,0.995640526,1,97,37,H2AFV/TAF1B/HIST1H2BJ/MTA2/HIST1H2BO/HIST3H2BB/GATAD2B/H2AFJ/HIST1H4J/RRN3/HIST2H2BE/CHD3/MTA3/TBP/TAF1C/HIST1H2BC/HIST1H2BK/HIST1H2BL/POLR1B/HDAC1/HIST1H4A/GTF2H1/HIST1H4F/KAT2A/HIST1H4E/CCNH/UBTF/HIST1H2BG/HIST1H2BN/MAPK3/POLR1E/POLR1D/GTF2H2/HIST1H3A/EHMT2/HIST4H4/HIST1H2AC,down,FALSE
REACTOME_FORMATION_OF_THE_EMBRYONIC_STEM_CELL_BAF_ESBAF_COMPLEX,REACTOME_FORMATION_OF_THE_EMBRYONIC_STEM_CELL_BAF_ESBAF_COMPLEX,Reactome,Treg,SF_vs_PB_Treg,-0.455287021,-0.155282169,0.99670864,1,18,8,SMARCC2/BCL7B/SMARCD3/SMARCD2/DPF2/ARID1A/BCL7A/BCL11B,down,FALSE
REACTOME_EPIGENETIC_REGULATION_OF_GENE_EXPRESSION,REACTOME_EPIGENETIC_REGULATION_OF_GENE_EXPRESSION,Reactome,Treg,SF_vs_PB_Treg,0.714689259,0.153620485,0.997703771,1,284,48,KAT2B/PHLDA1/MYO1C/NR5A2/H3F3B/RXRA/DPF3/AGPAT2/POLR2K/NCOR2/EED/PPARG/C17orf96/MBIP/NCOA3/ACSL1/MED31/SUMO2/ZNRD1/SCD/DGAT2/MED7/UBE2I/DPY30/NCOA1/POLR2L/MBD2/ZNF382/YEATS2/POLR1C/POLR2E/PLIN2/ACTL6A/SMARCB1/TADA3/MED20/ACTB/GTF2H5/TDG/ANGPTL4/NCOR1/SAP30/TET3/HIST1H3F/SAP18/HIST1H2BI/CDK5/HCFC2,up,FALSE
REACTOME_HIV_TRANSCRIPTION_INITIATION,REACTOME_HIV_TRANSCRIPTION_INITIATION,Reactome,Treg,SF_vs_PB_Treg,-0.520095893,-0.140646842,0.99816239,1,47,17,GTF2E1/GTF2F1/POLR2A/TAF4/POLR2J/TAF1/TAF9B/TBP/TAF15/GTF2H1/TAF5/CCNH/TAF3/TAF4B/TAF10/TAF8/GTF2H2,down,FALSE
REACTOME_G2_M_DNA_DAMAGE_CHECKPOINT,REACTOME_G2_M_DNA_DAMAGE_CHECKPOINT,Reactome,Treg,SF_vs_PB_Treg,0.563677214,0.141798148,0.998800404,1,88,22,YWHAG/TP53BP1/BRE/NBN/YWHAH/YWHAB/YWHAZ/UBE2N/YWHAQ/RAD50/RHNO1/RFC2/HIST1H2BI/RBBP8/KAT5/RAD1/BLM/RNF8/YWHAE/RAD17/CCNA1/RPA3,up,FALSE
REACTOME_TRANSCRIPTIONAL_REGULATION_BY_SMALL_RNAS,REACTOME_TRANSCRIPTIONAL_REGULATION_BY_SMALL_RNAS,Reactome,Treg,SF_vs_PB_Treg,-0.507072365,-0.128528334,0.999651252,1,64,23,HIST1H2AE/HIST1H3H/POLR2A/H3F3A/H2AFV/POLR2J/HIST1H2BJ/HIST1H2BO/HIST3H2BB/H2AFJ/HIST1H4J/HIST2H2BE/HIST1H2BC/HIST1H2BK/HIST1H2BL/HIST1H4A/HIST1H4F/HIST1H4E/HIST1H2BG/HIST1H2BN/HIST1H3A/HIST4H4/HIST1H2AC,down,FALSE
REACTOME_MRNA_POLYADENYLATION,REACTOME_MRNA_POLYADENYLATION,Reactome,Treg,SF_vs_PB_Treg,-0.590162186,-0.133135802,0.999697222,1,125,26,CPSF7/SNRNP70/CHERP/SRRM2/CSTF3/FUS/RBBP6/SF3A2/SNRPD2/U2AF2/RBM39/PABPN1/SRSF10/CPSF6/RBMX/SNRPA/SF3A1/YBX1/SRSF5/HNRNPH1/SNRPN/RBM5/RBM10/RPS27A/UBA52/PCF11,down,FALSE
REACTOME_MRNA_3_END_PROCESSING,REACTOME_MRNA_3_END_PROCESSING,Reactome,Treg,SF_vs_PB_Treg,0.595583988,0.138324078,0.99972291,1,149,42,RBM8A/POLR2K/CSTF2/CSTF2T/PPP1CB/SNRPB/UBC/UBB/POLR2L/HNRNPA3/SNRPD1/FYTTD1/POLR2E/SRSF2/SNRPA1/SRSF7/PUF60/RNPS1/XRN2/SNRPD3/SNRPG/SF3B4/POLR2G/SNRPE/MAGOHB/THOC6/SNRPB2/NUDT21/HNRNPH2/HTATSF1/SNRPC/CASC3/SRSF4/U2AF1/SF3B5/PRPF40A/RBM17/POLR2I/SF3B14/MAGOH/DHX15/SRSF3,up,FALSE
REACTOME_TELOMERE_MAINTENANCE,REACTOME_TELOMERE_MAINTENANCE,Reactome,Treg,SF_vs_PB_Treg,0.540758406,0.133057903,0.999763402,1,101,22,H3F3B/POLR2K/ANKRD28/NOP10/OBFC1/NHP2/POLR2L/POLR2E/TINF2/RFC2/HIST1H2BI/POLR2G/POLD3/BLM/CDK2/CCNA1/RPA3/POLR2I/DKC1/PIF1/PCNA/POLD2,up,FALSE
REACTOME_MRNA_SPLICING,REACTOME_MRNA_SPLICING,Reactome,Treg,SF_vs_PB_Treg,0.619961312,0.137916204,0.999873869,1,209,55,PPIL1/RBM8A/POLR2K/WBP4/SNRPB/ZMAT5/POLR2L/HNRNPA3/LSM6/SNRPD1/CCDC12/NHP2L1/POLR2E/SRSF2/SNRPA1/ZMAT2/BUD31/SRSF7/PUF60/UBL5/RNPS1/SNRPD3/SNRPG/ZCRB1/EFTUD2/SF3B4/SAP18/LSM2/MFAP1/PRPF4/POLR2G/SNRPE/MAGOHB/PPIL3/WBP11/SNRPB2/HNRNPH2/HTATSF1/SNRPC/CASC3/SRSF4/U2AF1/SF3B5/SNRNP200/SDE2/PRPF40A/RBM17/CWC25/RBM7/POLR2I/SF3B14/DDX23/MAGOH/DHX15/SRSF3,up,FALSE
REACTOME_TRANSCRIPTION_OF_THE_HIV_GENOME,REACTOME_TRANSCRIPTION_OF_THE_HIV_GENOME,Reactome,Treg,SF_vs_PB_Treg,0.451365643,0.118508867,0.999947659,1,69,8,POLR2K/NELFE/TAF13/POLR2L/CDK9/TCEB1/POLR2E/TCEB2,up,FALSE
REACTOME_PROCESSING_OF_CAPPED_INTRON_CONTAINING_PRE_MRNA,REACTOME_PROCESSING_OF_CAPPED_INTRON_CONTAINING_PRE_MRNA,Reactome,Treg,SF_vs_PB_Treg,0.556727286,0.119491781,1,1,288,74,PPIL1/RBM8A/POLR2K/CSTF2/WBP4/CSTF2T/PPP1CB/NXT1/SNRPB/EIF4E/UBC/ZMAT5/UBB/POLR2L/HNRNPA3/LSM6/SNRPD1/CCDC12/NHP2L1/FYTTD1/NUP188/NUP37/POLR2E/SRSF2/SNRPA1/ZMAT2/BUD31/SRSF7/PUF60/UBL5/RNPS1/XRN2/SNRPD3/SNRPG/AAAS/ZCRB1/EFTUD2/SF3B4/SAP18/LSM2/MFAP1/PRPF4/POLR2G/SNRPE/MAGOHB/PPIL3/WBP11/THOC6/SNRPB2/NUDT21/SEH1L/HNRNPH2/HTATSF1/SNRPC/SEC13/CASC3/NUP153/SRSF4/U2AF1/NUP205/SF3B5/SNRNP200/SDE2/PRPF40A/RBM17/CWC25/RBM7/POLR2I/NUP35/SF3B14/DDX23/MAGOH/DHX15/SRSF3,up,FALSE
REACTOME_MEIOSIS,REACTOME_MEIOSIS,Reactome,Treg,SF_vs_PB_Treg,-0.509020035,-0.119179627,1,1,99,18,HIST1H2BK/HIST1H2BL/TERF1/STAG2/MRE11A/HIST1H4A/HIST1H4F/HIST1H4E/HIST1H2BG/HIST1H2BN/DIDO1/SUN2/ATR/HIST1H3A/SYNE1/HIST4H4/HIST1H2AC/ATM,down,FALSE
REACTOME_HOMOLOGY_DIRECTED_REPAIR,REACTOME_HOMOLOGY_DIRECTED_REPAIR,Reactome,Treg,SF_vs_PB_Treg,-0.505017842,-0.113066021,1,1,131,19,XRCC1/BABAM1/RAD52/MRE11A/RNF168/HIST1H4A/HIST1H4F/ATRIP/HIST1H4E/HIST1H2BG/HIST1H2BN/ATR/FAM175A/RPS27A/UBA52/HERC2/HIST4H4/RAD51B/ATM,down,FALSE
REACTOME_DNA_DOUBLE_STRAND_BREAK_REPAIR,REACTOME_DNA_DOUBLE_STRAND_BREAK_REPAIR,Reactome,Treg,SF_vs_PB_Treg,-0.47857519,-0.104260765,1,1,158,23,XRCC1/BABAM1/RAD52/MRE11A/RNF168/HIST1H4A/NHEJ1/UBXN1/HIST1H4F/ATRIP/HIST1H4E/HIST1H2BG/HIST1H2BN/ATR/FAM175A/RPS27A/POLL/UBA52/HERC2/HIST4H4/RAD51B/TP53/ATM,down,FALSE
REACTOME_CHROMOSOME_MAINTENANCE,REACTOME_CHROMOSOME_MAINTENANCE,Reactome,Treg,SF_vs_PB_Treg,0.445376138,0.105763307,1,1,128,25,H3F3B/POLR2K/ANKRD28/NOP10/OBFC1/NHP2/POLR2L/POLR2E/TINF2/RFC2/STRA13/HIST1H2BI/POLR2G/APITD1/POLD3/BLM/CDK2/CCNA1/RPA3/POLR2I/DKC1/RBBP7/PIF1/PCNA/POLD2,up,FALSE
