pathway_id,pathway_name,database,population,contrast,nes,enrichment_score,pvalue,padj,set_size,leading_edge_size,core_enrichment,direction,is_pooled_alias
WP_CYTOPLASMIC_RIBOSOMAL_PROTEINS,WP_CYTOPLASMIC_RIBOSOMAL_PROTEINS,WikiPathways,Treg,SF_vs_PB_Treg,-3.45931337,-0.830125045,4.1277910699999995e-36,3.44257775e-33,86,80,RPLP0/RPS6KA3/RPL28/RPL23/RPL10/RPL35/RPL41/RPS9/RPLP1/RPS10/RPS11/RPL36A/RPL24/RPS17/RPS16/RPS19/RPL14/RPL17/RPL15/RPS6KA1/RPS6KA2/RPS27A/RPS14/RPL7A/RPS25/RPS15/RPS29/RPL34/RPL35A/RPL19/RPL18A/RPL26/RPS24/RPL6/RPL12/UBA52/RPL11/RPL8/RPS20/RPL18/RPSA/RPS4X/RPL30/RPL38/RPS7/RPL32/RPL36/RPS27/RPL10A/RPL13/RPS28/RPL9/RPL27A/RPL27/RPL23A/RPL21/RPL37A/RPS15A/RPS12/RPL39/RPL31/RPS2/RPL29/RPS3/RPS5/RPS21/RPL5/RPL13A/RPS8/RPS23/RPL3/RPS18/RPS6/RPS13/RPL4/RPL37/RPL22/RPLP2/RPS3A/RPL7,down,FALSE
WP_CYTOKINECYTOKINE_RECEPTOR_INTERACTION,WP_CYTOKINECYTOKINE_RECEPTOR_INTERACTION,WikiPathways,Treg,SF_vs_PB_Treg,2.34083785,0.549253872,6.34208557e-12,2.64464968e-9,140,58,CXCR6/TNFRSF4/IL1RN/CXCL13/IL2RB/CCR1/TNFRSF18/CCL4/TNFRSF12A/IL23R/CCR5/IL2RA/IL10/CD70/IL12RB2/TNFRSF8/CSF1/TNF/IL1R1/IL2RG/FASLG/LTA/IFNGR1/IL18RAP/IL1R2/CCL20/CLCF1/CCL5/CSF2/TNFRSF1B/IL4R/CCL4L2/IL26/CCL3/CCL23/TNFRSF13B/IL7/XCL1/CCR2/IL15RA/IL1A/CXCL16/CCL22/TNFSF12/CXCR4/TNFRSF9/TNFSF4/IL12RB1/LIF/IL1RAP/CCR8/CXCR1/IL18R1/FAS/IFNL1/IL21R/TGFBR1/CD27,up,FALSE
WP_ALLOGRAFT_REJECTION,WP_ALLOGRAFT_REJECTION,WikiPathways,Treg,SF_vs_PB_Treg,2.54953493,0.677156001,3.76048361e-11,1.04541444e-8,65,34,CXCL13/HLA-DQA2/HLA-DMA/FOXP3/IL2RA/IL10/HLA-DRB1/HLA-DQB1/HLA-DRA/HLA-DRB5/TNF/CD80/FASLG/CTLA4/HLA-DPB1/VIM/HLA-DPA1/HLA-DQA1/GZMB/GNLY/HLA-DMB/COL5A1/HLA-A/HLA-B/IL1A/CASP9/PRF1/HLA-F/HLA-C/C1QA/C1QB/CASP7/C1QC/FAS,up,FALSE
WP_PROTEASOME_DEGRADATION,WP_PROTEASOME_DEGRADATION,WikiPathways,Treg,SF_vs_PB_Treg,2.52431787,0.687367009,1.10792086e-10,2.310015e-8,57,35,PSMD1/PSMD10/PSMB5/PSMC1/PSMB6/PSMC2/PSMB1/HLA-A/RPN2/PSMA7/PSMD8/HLA-B/PSMD7/RPN1/PSMB3/PSMD11/PSMA6/HLA-F/PSMD12/HLA-C/PSMC3/PSME2/PSMA3/UBC/UBB/PSMC4/NEDD4/PSMB7/PSMD13/UBE2B/PSMD9/PSMB2/PSMD3/PSMA5/IFNG,up,FALSE
WP_MIRTARGETED_GENES_IN_LYMPHOCYTES,WP_MIRTARGETED_GENES_IN_LYMPHOCYTES,WikiPathways,Treg,SF_vs_PB_Treg,1.89277924,0.39805344,2.72761506e-9,4.54966192e-7,355,111,CDKN1A/CTSC/PKM/LUZP1/SERPINE2/RHOB/CDK6/PDLIM7/CBFB/KCNN4/TMED10/MYO1E/MTHFD2/NOTCH1/P4HA2/TMEM43/TMED3/NFIA/NUCB1/LAMTOR5/ARF4/RHEB/ANXA2/TPM3/PGRMC1/PTRH1/CORO1C/PICALM/GALNT1/CTNNB1/NAPG/ATP6V1F/PAFAH1B2/NCEH1/SH3BGRL3/PPP5C/MAGT1/PRKCI/BACH1/IDH1/YIF1B/ARHGDIA/SRPRB/NCOA3/FNDC3B/MRPL20/KRAS/UNC93B1/TUBA1A/TMEM59/CAPG/VEZT/ITGA2/GAS2L1/SYPL1/ACP2/PGM1/SYNE2/TPM4/VTI1B/FAR1/TM6SF1/PNP/CHMP2A/RHOG/ABHD10/PTPRJ/SLC25A24/PPIB/CAP1/CSRP1/TRAM1/TMEM109/ACAA2/ATP6V0E1/SPCS3/EIF4E/NOTCH2/ATP2A2/TMED2/MSI2/YWHAQ/NF2/TXNRD1/NEDD4/IGF2R/FADS1/CYP51A1/GEMIN7/SCYL1/SNX15/RBMS1/VAMP3/SSNA1/LAMTOR3/GFPT1/HMOX1/DOCK5/TMED7/PANX1/SEC24A/NRP1/TPM1/SNX6/HSD17B12/TDG/SNAP23/FADS2/ELMOD2/SLC1A4/MPDU1,up,FALSE
WP_MIRTARGETED_GENES_IN_MUSCLE_CELL,WP_MIRTARGETED_GENES_IN_MUSCLE_CELL,WikiPathways,Treg,SF_vs_PB_Treg,1.95241437,0.420234752,3.73107744e-9,5.18619764e-7,281,96,CDKN1A/CTSC/PKM/LUZP1/HYAL3/CDK6/PDLIM7/CSF1/CBFB/TMED10/MYO1E/MTHFD2/NOTCH1/P4HA2/TMEM43/TMED3/NFIA/NUCB1/LAMTOR5/ARF4/RHEB/TPM3/PGRMC1/CORO1C/PICALM/GALNT1/CTNNB1/NAPG/PAFAH1B2/NCEH1/SH3BGRL3/MAGT1/PRKCI/BACH1/ARHGDIA/SRPRB/NCOA3/FNDC3B/MRPL20/KRAS/CAPG/VEZT/ITGA2/SYPL1/ACP2/PGM1/SYNE2/TPM4/FAR1/TM6SF1/CHMP2A/RHOG/ABHD10/PTPRJ/SLC25A24/PPIB/CSRP1/TRAM1/TMEM109/ACAA2/ATP6V0E1/SPCS3/EIF4E/NOTCH2/SLC38A5/ATP2A2/TMED2/YWHAQ/NF2/TXNRD1/NEDD4/IGF2R/CYP51A1/GEMIN7/SCYL1/SNX15/RBMS1/SRF/SSNA1/LAMTOR3/TMEM87A/GFPT1/HMOX1/DOCK5/TMED7/PANX1/SEC24A/NRP1/TPM1/SNX6/HSD17B12/TDG/SNAP23/FADS2/ELMOD2/SLC1A4,up,FALSE
WP_T_CELL_MODULATION_AND_DESMOPLASIA_IN_PANCREATIC_CANCER,WP_T_CELL_MODULATION_AND_DESMOPLASIA_IN_PANCREATIC_CANCER,WikiPathways,Treg,SF_vs_PB_Treg,2.43298552,0.700327813,5.70862214e-9,6.80141552e-7,43,23,TNFRSF4/LGALS3/PDCD1/IL10/TIGIT/VDR/LGALS1/CD80/FASLG/CTLA4/CD276/PDGFA/ENTPD1/HAVCR2/CD274/HLA-A/CD226/PDCD1LG2/CCL22/CXCR4/TNFRSF9/TNFSF4/ICOS,up,FALSE
WP_INTEGRATIVE_ANALYSIS_OF_TREGGLIAL_INTERACTIONS,WP_INTEGRATIVE_ANALYSIS_OF_TREGGLIAL_INTERACTIONS,WikiPathways,Treg,SF_vs_PB_Treg,2.2852539,0.583127694,1.52113156e-8,1.58577966e-6,82,37,LGALS3/PDCD1/IL2RB/FOXP3/IL2RA/IL10/STAT4/OSM/EBI3/MCAM/IL12RB2/LGALS1/TNF/IL2RG/CD80/CTLA4/STAT3/PDGFA/CD4/CCL20/TNFRSF1B/CD274/CD68/HEXB/CNP/CD44/MMP9/ITGA2/IL12RB1/FOXO1/IL1RAP/NFKB2/CCR8/CASP1/TGFBR1/JAK3/VEGFA,up,FALSE
WP_OVERVIEW_OF_PROINFLAMMATORY_AND_PROFIBROTIC_MEDIATORS,WP_OVERVIEW_OF_PROINFLAMMATORY_AND_PROFIBROTIC_MEDIATORS,WikiPathways,Treg,SF_vs_PB_Treg,2.34678248,0.655360826,3.85609735e-8,3.57331688e-6,50,22,IL1RN/CXCL13/CCL4/IL10/OSM/EBI3/CSF1/TNF/LTA/CCL20/CCL5/CSF2/CCL4L2/IL26/CCL3/CCL23/IL7/XCL1/IL1A/MMP9/CXCL16/CCL22,up,FALSE
WP_NETWORK_MAP_OF_SARSCOV2_SIGNALING,WP_NETWORK_MAP_OF_SARSCOV2_SIGNALING,WikiPathways,Treg,SF_vs_PB_Treg,2.01939136,0.454645706,4.69635463e-8,3.91675976e-6,190,72,IFI6/DDIT4/CXCL13/CCL4/CCR5/CTSB/IL10/HLA-DRB1/CD2/HLA-DRA/HLA-DRB5/BST2/NTRK1/TNF/G3BP2/BID/ERLEC1/IL18RAP/CD4/IL1R2/CCL20/CCL5/RHEB/LRG1/IFITM3/EIF4EBP1/CTSD/CCL3/IL7/MX1/HIF1A/GSN/CD226/FOS/CTSZ/IL1A/ITGA3/CASP9/CXCL16/CCL22/TP53I3/EGR1/IFI44L/CTSL/MAPK8/SERPINE1/TRPM2/EIF4E/TRAF3/ATP6AP1/RRAS/FN1/IFIT1/IFI27/NFKB2/TBK1/CXCR1/OS9/AKT1/SRP54/CCL2/MIB1/IKBKG/ACTB/CLCC1/LGALS3BP/MAP1LC3B/PITRM1/VPS16/TRAF2/CXCL10/IFNG,up,FALSE
WP_MIRTARGETED_GENES_IN_LEUKOCYTES,WP_MIRTARGETED_GENES_IN_LEUKOCYTES,WikiPathways,Treg,SF_vs_PB_Treg,2.08291294,0.499735395,9.87369677e-8,7.48605737e-6,120,54,CTSC/PKM/SERPINE2/CDK6/KCNN4/TMED10/MTHFD2/TMEM43/TMED3/ARF4/ANXA2/TPM3/PTRH1/CORO1C/CTNNB1/ATP6V1F/SH3BGRL3/IDH1/ARHGDIA/MRPL20/UNC93B1/TUBA1A/CAPG/ACP2/PNP/RHOG/PPIB/CAP1/CSRP1/TRAM1/TMEM109/ACAA2/ATP6V0E1/ATP2A2/YWHAQ/TXNRD1/IGF2R/FADS1/SCYL1/LAMTOR3/HMOX1/SEC24A/PRSS21/SNX6/SNAP23/SLC1A4/MPDU1/ATP6V0A1/SFXN1/RAB34/ADIPOR2/GNA13/CDCP1/ARCN1,up,FALSE
WP_CELL_INTERACTIONS_IN_PANCREATIC_CANCER_MICROENVIRONMENT,WP_CELL_INTERACTIONS_IN_PANCREATIC_CANCER_MICROENVIRONMENT,WikiPathways,Treg,SF_vs_PB_Treg,2.37177328,0.778016984,1.08434845e-7,7.53622174e-6,24,19,CXCR3/CCR5/HLA-DRB1/HLA-DRA/CSF1/CD80/FASLG/CTLA4/CCL5/CSF2/IFITM2/LAG3/CCR2/CXCR4/FAS/VEGFA/CCL2/NRP1/CXCL10,up,FALSE
WP_MIRTARGETED_GENES_IN_SQUAMOUS_CELL,WP_MIRTARGETED_GENES_IN_SQUAMOUS_CELL,WikiPathways,Treg,SF_vs_PB_Treg,2.11567888,0.517302569,1.2622651e-7,8.09791607e-6,106,43,PKM/PDLIM7/CBFB/TMED10/P4HA2/TMEM43/LAMTOR5/ARF4/RHEB/ANXA2/TPM3/PICALM/GALNT1/ATP6V1F/SH3BGRL3/MAGT1/IDH1/SRPRB/FNDC3B/MRPL20/TUBA1A/TMEM59/VEZT/GAS2L1/SYNE2/PNP/CHMP2A/TRAM1/ACAA2/ATP6V0E1/SPCS3/ATP2A2/TMED2/YWHAQ/NF2/TXNRD1/NEDD4/GFPT1/HMOX1/TMED7/NRP1/TPM1/HSD17B12,up,FALSE
WP_CYTOKINES_AND_INFLAMMATORY_RESPONSE,WP_CYTOKINES_AND_INFLAMMATORY_RESPONSE,WikiPathways,Treg,SF_vs_PB_Treg,2.28904364,0.83275714,4.14023843e-7,2.46639918e-5,16,10,IL10/HLA-DRB1/HLA-DRA/CSF1/TNF/PDGFA/CD4/CSF2/IL7/IL1A,up,FALSE
WP_VEGFAVEGFR2_SIGNALING,WP_VEGFAVEGFR2_SIGNALING,WikiPathways,Treg,SF_vs_PB_Treg,1.7596168700000001,0.370857224,4.6270214e-7,2.5726239e-5,346,122,SH2D2A/IQGAP1/RCAN2/CLIC1/TPP1/MICAL2/STIP1/PGK1/MYO1C/FSCN1/HSPA1A/TXN/NR4A1/STAT3/P4HA2/RAB5A/BSG/BCL2L1/SSR4/MKNK1/FHOD1/RHOC/ANXA1/CTNNA1/RHOA/ARF4/PLOD3/EZR/LDHA/ICAM1/TPM3/RAB11A/CYCS/MAPKAPK2/HDAC9/CTNNB1/IER5/CALU/CAPN2/PTPN1/ARPC5L/CNP/ATP6V1E1/SH3BGRL3/EGR3/TUBA1C/LIMK1/NOS3/PRKCI/EIF4G1/RAP1B/CRIP2/FMNL3/CCDC124/CCRL2/HERPUD1/ACOT9/TMOD3/DNAJA1/PSMD11/PNP/FADD/PTPN9/CALR/PAK2/PTPRJ/EGR1/MAPK8/PLAU/GAPDH/PLAUR/DUSP5/PDIA6/CSRP1/HBEGF/FOXO1/LMAN1/PGD/EIF4E/HSPB1/PRKCD/PRDX6/CLTC/ELK1/FN1/GPC1/NFKBIA/NDRG1/FAM120A/ALDOA/NR4A3/ARF6/GPX1/ADRB2/FAS/CFL1/SPIRE1/TRIP4/AKT1/FARSB/C15orf39/FAF1/VAV2/SRF/VEGFA/SRP54/EPS15/RAPGEF1/PBXIP1/CCL2/FLT1/PTPN11/KCNC3/SLC25A11/PPM1G/PFN1/HRAS/PAK1/DPM1/NAPA/HYOU1/SDF2L1,up,FALSE
WP_NUCLEAR_RECEPTORS_METAPATHWAY,WP_NUCLEAR_RECEPTORS_METAPATHWAY,WikiPathways,Treg,SF_vs_PB_Treg,1.93433531,0.437507197,5.2635029e-7,2.74360089e-5,184,68,BHLHE40/KAT2B/SRGN/SLC39A1/VDR/SLC6A6/TNF/HSPA1A/TXN/GGT1/RXRA/STAT3/TNS4/SLC2A3/CCL20/MYOF/HSP90AB1/STOM/SLC39A4/SLC39A6/PRDX1/CDC37/PDE4B/ALOX5AP/NQO1/NCOA3/MGST2/CBR3/SLC7A5/CES4A/BLVRB/SCD/SLC39A8/SREBF1/EGR1/HBEGF/FOXO1/SQSTM1/PGD/AKAP13/SLC2A1/PRDX6/GSTA4/NCOA1/MGST3/SCP2/PRRG4/NFKB2/TXNRD1/JUND/ACADM/AIP/ABHD2/KEAP1/FASN/SEC14L1/ALAS1/CCL2/HMOX1/CBR1/GADD45B/SLC39A14/ANGPTL4/SLC2A8/IFNG/DBI/SRC/DNAJC15,up,FALSE
WP_VITAMIN_D_RECEPTOR_PATHWAY,WP_VITAMIN_D_RECEPTOR_PATHWAY,WikiPathways,Treg,SF_vs_PB_Treg,2.04146612,0.508976962,1.52745207e-6,7.48548247e-5,94,28,CDKN1A/SERPINB1/HLA-DQA2/HLA-DRB1/VDR/S100A4/CTLA4/S100A6/CD9/RXRA/PTHLH/GADD45A/CDKN2D/HLA-DQA1/CEACAM1/S100A2/HIF1A/EFNA5/PRDM1/NINJ1/ITGAM/TNFSF4/FOXO1/SLC37A2/IRF5/ADRB2/KLF4/G0S2,up,FALSE
WP_PARKINUBIQUITIN_PROTEASOMAL_SYSTEM_PATHWAY,WP_PARKINUBIQUITIN_PROTEASOMAL_SYSTEM_PATHWAY,WikiPathways,Treg,SF_vs_PB_Treg,2.15239455,0.588056031,1.61557176e-6,7.48548247e-5,56,33,HSPA1A/TUBB2A/TUBB6/PSMD1/PSMD10/PSMD14/TUBA1C/PSMC1/PSMC2/RNF19A/PSMD8/PSMD7/TUBA1A/HSPA9/PSMD11/PSMD12/HSPA1B/PSMC3/PSMC4/HSPA2/CASP1/PSMD13/PSMD9/UBE2L3/PSMD3/HSPA6/TUBB4B/HSPA5/UBE2G1/TUBB/HSPA4/TUBA4A/TUBA1B,up,FALSE
WP_COMPLEMENT_AND_COAGULATION_CASCADES,WP_COMPLEMENT_AND_COAGULATION_CASCADES,WikiPathways,Treg,SF_vs_PB_Treg,2.27422414,0.763092422,1.97009536e-6,8.21529764e-5,22,14,C3AR1/CLU/F12/F5/F2R/SERPINE1/PLAU/PLAUR/LMAN1/CLTC/C1QA/C1QB/C1QC/PROS1,up,FALSE
WP_DENGUE2_INTERACTIONS_WITH_COMPLEMENT_AND_COAGULATION_CASCADES,WP_DENGUE2_INTERACTIONS_WITH_COMPLEMENT_AND_COAGULATION_CASCADES,WikiPathways,Treg,SF_vs_PB_Treg,2.27422414,0.763092422,1.97009536e-6,8.21529764e-5,22,14,C3AR1/CLU/F12/F5/F2R/SERPINE1/PLAU/PLAUR/LMAN1/CLTC/C1QA/C1QB/C1QC/PROS1,up,FALSE
WP_ALZHEIMERS_DISEASE_AND_MIRNA_EFFECTS,WP_ALZHEIMERS_DISEASE_AND_MIRNA_EFFECTS,WikiPathways,Treg,SF_vs_PB_Treg,1.79900553,0.405688522,3.48804098e-6,1.38525056e-4,188,67,CSF1/TNF/WIPI1/BID/TUBB2A/TUBB6/PSMD1/VDAC1/CALM2/EIF2AK2/CYCS/CTNNB1/CAPN2/PSMB5/PSMD14/TUBA1C/RTN3/PSMC1/PSMB6/PSMC2/PSMB1/PSMA7/PSMD8/KRAS/PSMD7/TUBA1A/IL1A/ADRM1/CASP9/BAD/KIF5B/KLC2/PSMB3/EIF2S1/PSMA6/FADD/CALML4/HSD17B10/ITPR1/MAPK8/ITPR3/GAPDH/PSMD12/PSEN2/PSMC3/ATP2A2/PSMA3/PSMC4/DDIT3/PSEN1/NRAS/PSMB7/CASP7/FAS/PSMD13/AKT1/PSMD9/PSMB2/DVL3/KIF5C/PSMD3/CALM1/WNT10A/HRAS/TUBB4B/PSMA5/PSENEN,up,FALSE
WP_INFLAMMATORY_BOWEL_DISEASE_SIGNALING,WP_INFLAMMATORY_BOWEL_DISEASE_SIGNALING,WikiPathways,Treg,SF_vs_PB_Treg,2.15260753,0.636179465,4.57824155e-6,1.73556975e-4,38,14,HLA-DMA/IL23R/FOXP3/IL10/STAT4/IL12RB2/TNF/IL2RG/IFNGR1/STAT3/MAF/IL18RAP/IL4R/TBX21,up,FALSE
WP_CORI_CYCLE,WP_CORI_CYCLE,WikiPathways,Treg,SF_vs_PB_Treg,2.16134311,0.850583559,5.3221072e-6,1.92984235e-4,12,10,PGK1/PFKP/TPI1/GPI/LDHA/PGAM1/GAPDH/HK1/SLC2A1/ALDOA,up,FALSE
WP_ALZHEIMERS_DISEASE,WP_ALZHEIMERS_DISEASE,WikiPathways,Treg,SF_vs_PB_Treg,1.7998913,0.406146416,5.6911901e-6,1.97768856e-4,187,67,CSF1/TNF/WIPI1/BID/TUBB2A/TUBB6/PSMD1/VDAC1/CALM2/EIF2AK2/CYCS/CTNNB1/CAPN2/PSMB5/PSMD14/TUBA1C/RTN3/PSMC1/PSMB6/PSMC2/PSMB1/PSMA7/PSMD8/KRAS/PSMD7/TUBA1A/IL1A/ADRM1/CASP9/BAD/KIF5B/KLC2/PSMB3/EIF2S1/PSMA6/FADD/CALML4/HSD17B10/ITPR1/MAPK8/ITPR3/GAPDH/PSMD12/PSEN2/PSMC3/ATP2A2/PSMA3/PSMC4/DDIT3/PSEN1/NRAS/PSMB7/CASP7/FAS/PSMD13/AKT1/PSMD9/PSMB2/DVL3/KIF5C/PSMD3/CALM1/WNT10A/HRAS/TUBB4B/PSMA5/PSENEN,up,FALSE
WP_CHOLESTEROL_METABOLISM_WITH_BLOCH_AND_KANDUTSCHRUSSELL_PATHWAYS,WP_CHOLESTEROL_METABOLISM_WITH_BLOCH_AND_KANDUTSCHRUSSELL_PATHWAYS,WikiPathways,Treg,SF_vs_PB_Treg,2.16753113,0.63372317,6.42933665e-6,2.14482671e-4,40,25,ACSL3/MSMO1/NR1H2/IDI1/SQLE/EBP/ACSL4/SREBF2/PMVK/SC5D/ACSL1/DHCR7/HMGCS1/SCD/SOAT1/SREBF1/DHCR24/ABCA1/FADS1/CYP51A1/FASN/MVD/HMGCR/FADS2/ABCG1,up,FALSE
WP_CHOLESTEROL_SYNTHESIS_DISORDERS,WP_CHOLESTEROL_SYNTHESIS_DISORDERS,WikiPathways,Treg,SF_vs_PB_Treg,2.13132947,0.76246251,9.46832055e-6,3.0371459e-4,17,12,MSMO1/IDI1/SQLE/EBP/PMVK/SC5D/DHCR7/HMGCS1/DHCR24/CYP51A1/MVD/HMGCR,up,FALSE
WP_ADIPOGENESIS,WP_ADIPOGENESIS,WikiPathways,Treg,SF_vs_PB_Treg,1.99716416,0.506374361,1.0956684e-5,3.30109762e-4,85,38,CDKN1A/NAMPT/OSM/LMNA/TNF/MIF/RXRA/PCK2/GADD45A/STAT3/AGPAT2/EPAS1/CTNNB1/BMP1/NCOR2/HIF1A/PPARG/TWIST1/ZMPSTE24/KLF6/SCD/SREBF1/SERPINE1/FOXO1/CISD1/LIF/EGR2/NCOA1/DDIT3/LPIN2/TRIB3/FAS/PLIN2/MEF2D/SOCS3/SOCS1/GADD45B/NCOR1,up,FALSE
WP_MEASLES_VIRUS_INFECTION,WP_MEASLES_VIRUS_INFECTION,WikiPathways,Treg,SF_vs_PB_Treg,1.96076194,0.477851835,1.10828218e-5,3.30109762e-4,108,35,IL2RB/CDK6/IL2RA/OAS3/HSPA1A/IL2RG/FASLG/SLAMF1/STAT3/BID/CCND2/BCL2L1/OAS1/EIF2AK2/CYCS/MX1/TP73/FOS/IRF7/IL1A/CASP9/BAD/EIF2S1/FADD/NFKBIB/MAPK8/HSPA1B/TRAF3/CBLB/NFKB2/NFKBIA/HSPA2/TBK1/CD3D/FAS,up,FALSE
WP_LUNG_FIBROSIS,WP_LUNG_FIBROSIS,WikiPathways,Treg,SF_vs_PB_Treg,2.10050558,0.636341267,1.63795088e-5,4.7105208e-4,34,12,SKIL/CCL4/TIMP1/TNF/MT2A/PDGFA/CCL5/CSF2/CCL3/CCR2/MMP9/PLAU,up,FALSE
WP_EBOLA_VIRUS_INFECTION_IN_HOST,WP_EBOLA_VIRUS_INFECTION_IN_HOST,WikiPathways,Treg,SF_vs_PB_Treg,1.89299618,0.461336832,4.10198493e-5,0.00112714062,108,44,IQGAP1/HLA-DQA2/HLA-DMA/CTSB/RHOB/ACTN4/HLA-DRB1/HLA-DQB1/HLA-DRA/HLA-DRB5/BST2/HLA-DPB1/HAVCR2/RAB5A/HLA-DPA1/RHOC/HLA-DQA1/RHOA/EIF2AK2/GSN/HLA-DMB/HLA-A/IRF7/HLA-B/TSG101/ITGA3/ITGA2/EIF2S1/HLA-F/CTSL/HLA-C/CLTC/NFKB2/TBK1/NEDD4/AKT1/VAV2/ITGA4/EPS15/ICAM3/SOCS3/ACTB/PAK1/VPS16,up,FALSE
WP_SELENIUM_MICRONUTRIENT_NETWORK,WP_SELENIUM_MICRONUTRIENT_NETWORK,WikiPathways,Treg,SF_vs_PB_Treg,2.03834179,0.589718859,4.1896114e-5,0.00112714062,42,19,PRDX4/TNF/TXN/GGT1/PRDX5/LDLR/ICAM1/PRDX1/ALOX5AP/MPO/MSRB1/SERPINE1/SOD1/ABCA1/NFKB2/TXNRD1/PRDX3/GPX1/PTGS1,up,FALSE
WP_AEROBIC_GLYCOLYSIS_AUGMENTED,WP_AEROBIC_GLYCOLYSIS_AUGMENTED,WikiPathways,Treg,SF_vs_PB_Treg,2.06348261,0.832582933,4.33950731e-5,0.00113098409,11,10,PKM/PGK1/ENO1/TPI1/GPI/LDHA/GAPDH/HK1/SLC2A1/ALDOA,up,FALSE
WP_CILIARY_LANDSCAPE,WP_CILIARY_LANDSCAPE,WikiPathways,Treg,SF_vs_PB_Treg,1.70237776,0.384733115,5.34807329e-5,0.00135160398,185,71,IQGAP1/MYL6/ACSL3/AGPAT2/VIM/DYNLL1/TMED1/RHBDD2/ARFGAP3/DYNLT1/STOM/RALB/CTNNB1/DYNLRB1/DYNC1I2/DYNLT3/GLA/ARHGDIA/PSMD8/CTSA/PSMD7/ECHS1/EXOSC4/CD2BP2/APMAP/EXOSC7/PSMD12/IFT27/PSMC4/DYNC1H1/TBC1D4/HTRA2/PSMD13/WNK1/TIPRL/RABEP2/DVL3/MAEA/SSNA1/BBS7/DOCK5/CALM1/RAB2A/PAFAH1B1/DGKE/EIF5B/EXOC5/COPS7A/COPS6/EFTUD2/ERF/MFAP1/RPGR/GID8/COX6C/NINL/IFT122/CCDC40/DYNC1LI1/IQGAP3/COPS8/SNRPB2/MCM6/IFT46/EXOC6B/MYL6B/NDUFA5/IFT81/DCAF11/ZMYND19/BBS4,up,FALSE
WP_GLYCEROL_METABOLISM_INCLUDING_LINKED_IMDS,WP_GLYCEROL_METABOLISM_INCLUDING_LINKED_IMDS,WikiPathways,Treg,SF_vs_PB_Treg,2.07918301,0.705331082,6.57198369e-5,0.00161206894,21,10,PGK1/ENO1/TPI1/GPI/PGAM1/GK/AKR1A1/GAPDH/HK1/ALDOA,up,FALSE
WP_PTF1A_RELATED_REGULATORY_PATHWAY,WP_PTF1A_RELATED_REGULATORY_PATHWAY,WikiPathways,Treg,SF_vs_PB_Treg,1.86747647,0.946335531,8.74819321e-5,0.00208456947,5,4,KAT2B/RBPJ/NOTCH1/CTNNB1,up,FALSE
WP_2Q13_COPY_NUMBER_VARIATION_SYNDROME,WP_2Q13_COPY_NUMBER_VARIATION_SYNDROME,WikiPathways,Treg,SF_vs_PB_Treg,1.97896903,0.569640484,9.21510314e-5,0.00213483223,43,19,IL1RN/LGALS3/CXCL13/FBLN7/CSF1/IL1R1/CSF2/POLR2K/IL1A/SLC20A1/POLR2L/IL1RAP/ARF6/POLR1C/POLR2E/TMEM87B/IL1RL2/SOCS3/SOCS1,up,FALSE
WP_GLYCOLYSIS_AND_GLUCONEOGENESIS,WP_GLYCOLYSIS_AND_GLUCONEOGENESIS,WikiPathways,Treg,SF_vs_PB_Treg,2.0376324,0.621437642,1.12552309e-4,0.00253698988,33,18,PKM/PGK1/ENO1/PFKP/TPI1/SLC2A3/GPI/LDHA/PGAM1/ENO2/ALDOC/MPC2/GAPDH/HK1/SLC2A1/ALDOA/HK2/GOT1,up,FALSE
WP_IMMUNE_INFILTRATION_IN_PANCREATIC_CANCER,WP_IMMUNE_INFILTRATION_IN_PANCREATIC_CANCER,WikiPathways,Treg,SF_vs_PB_Treg,2.04608948,0.686544193,1.23533417e-4,0.00271123341,22,8,LGALS3/IL10/LGALS1/TNF/CCL20/CCL5/CSF2/MMP9,up,FALSE
WP_NRF2_PATHWAY,WP_NRF2_PATHWAY,WikiPathways,Treg,SF_vs_PB_Treg,1.88129982,0.487171199,1.27399526e-4,0.00272438987,75,31,SLC39A1/SLC6A6/HSPA1A/TXN/GGT1/RXRA/SLC2A3/HSP90AB1/SLC39A4/SLC39A6/PRDX1/NQO1/MGST2/CBR3/CES4A/BLVRB/SLC39A8/EGR1/HBEGF/SQSTM1/PGD/SLC2A1/PRDX6/GSTA4/MGST3/TXNRD1/KEAP1/HMOX1/CBR1/SLC39A14/SLC2A8,up,FALSE
WP_FOCAL_ADHESION_PI3KAKTMTORSIGNALING,WP_FOCAL_ADHESION_PI3KAKTMTORSIGNALING,WikiPathways,Treg,SF_vs_PB_Treg,1.6815696,0.381998287,2.09766834e-4,0.00437363849,178,60,CDKN1A/DDIT4/IL2RB/IL2RA/OSM/CSF1/IL2RG/GNG4/PDGFA/SLC2A3/RHEB/EPAS1/IL4R/HSP90AB1/PELO/LPAR5/EIF4EBP1/CREB3/ITGAX/HIF1A/EFNA5/RAB10/PFKFB3/CDC37/COL5A1/NOS3/GNG2/KRAS/GNG5/ITGAM/CREB3L2/F2R/ITGA3/CASP9/ITGA2/BAD/ITGB2/SREBF1/FOXO1/EIF4E/CAB39/SLC2A1/FN1/LPAR2/NRAS/HSP90B1/PHLPP2/AKT1/JAK3/ITGA4/VEGFA/LAMB3/FLT1/GNB1/IKBKG/PPP2CB/RAB2A/HRAS/ITGAE/PPP2R2B,up,FALSE
WP_INTERACTIONS_BETWEEN_IMMUNE_CELLS_AND_MICRORNAS_IN_TUMOR_MICROENVIRONMENT,WP_INTERACTIONS_BETWEEN_IMMUNE_CELLS_AND_MICRORNAS_IN_TUMOR_MICROENVIRONMENT,WikiPathways,Treg,SF_vs_PB_Treg,2.0224667,0.645438216,2.15998474e-4,0.00439372505,27,10,PDCD1/IL2RB/IL2RA/IL2RG/CD80/CTLA4/STAT3/CCL5/IL4R/CD274,up,FALSE
WP_FOXP3_IN_COVID19,WP_FOXP3_IN_COVID19,WikiPathways,Treg,SF_vs_PB_Treg,2.00667303,0.773106514,2.68904981e-4,0.00522138495,13,6,IL2RB/FOXP3/IL2RA/IL2RG/CD80/STAT3,up,FALSE
WP_PI3KAKT_SIGNALING,WP_PI3KAKT_SIGNALING,WikiPathways,Treg,SF_vs_PB_Treg,1.62700335,0.366128778,2.71024312e-4,0.00522138495,191,37,CDKN1A/DDIT4/IL2RB/CDK6/IL2RA/OSM/COL9A2/NTRK1/CSF1/IL2RG/FASLG/NTRK2/PCK2/SGK1/GNG4/CCND2/PDGFA/BCL2L1/RHEB/IL4R/HSP90AB1/LPAR5/EIF4EBP1/CREB3/IL7/EFNA5/CDC37/NOS3/GNG2/KRAS/GNG5/CREB3L2/F2R/ITGA3/CASP9/ITGA2/BAD,up,FALSE
WP_ULCERATIVE_COLITIS_SIGNALING,WP_ULCERATIVE_COLITIS_SIGNALING,WikiPathways,Treg,SF_vs_PB_Treg,2.03574468,0.717500973,2.7546875e-4,0.00522138495,18,7,HLA-DMA/FOXP3/IL10/TNF/IL2RG/MAF/IL4R,up,FALSE
WP_MYOMETRIAL_RELAXATION_AND_CONTRACTION_PATHWAYS,WP_MYOMETRIAL_RELAXATION_AND_CONTRACTION_PATHWAYS,WikiPathways,Treg,SF_vs_PB_Treg,1.76350558,0.431822897,2.86421916e-4,0.00526951783,105,31,PRKAR1B/PDE4D/RGS16/RGS1/GNG4/RGS9/PRKAR1A/YWHAG/CALM2/GABPB1/GSTO1/RYR1/CREB3/ADCY3/NOS3/GNG2/FOS/PDE4B/ATF3/GNG5/IGFBP4/YWHAH/YWHAB/ITPR1/YWHAZ/ITPR3/CACNB3/ATP2A2/PRKCD/YWHAQ/ETS2,up,FALSE
WP_IL26_SIGNALING,WP_IL26_SIGNALING,WikiPathways,Treg,SF_vs_PB_Treg,1.97930515,0.591687077,2.90644868e-4,0.00526951783,36,14,IL10/TNF/STAT3/CCL20/CSF2/ICAM1/IL26/MPO/MMP9/MAPK8/DDIT3/NFKBIA/AKT1/SOCS3,up,FALSE
WP_OREXIN_RECEPTOR_PATHWAY,WP_OREXIN_RECEPTOR_PATHWAY,WikiPathways,Treg,SF_vs_PB_Treg,1.71627001,0.410831933,3.16482052e-4,0.00561587301,122,46,BHLHE40/CDKN1A/SKIL/LUZP1/IL10/FOSL2/TNF/DUSP4/NR4A1/SGK1/STAT3/LDLR/LDHA/ICAM1/DYNLT1/EIF4EBP1/HIF1A/PPARG/EGR3/DYNLT3/MANF/NOS3/KLF10/FOS/ZFP28/CASP9/EGR1/MAPK8/HBEGF/FOXO1/EGR2/SLC2A1/PRKCD/IRF5/NR4A3/KLF4/SRF/VEGFA/OSBPL3/PTPN11/PPOX/CGA/FOSB/GADD45B/HSPA5/DAGLA,up,FALSE
WP_IL18_SIGNALING,WP_IL18_SIGNALING,WikiPathways,Treg,SF_vs_PB_Treg,1.61710164,0.362632363,3.34538735e-4,0.00581261052,197,54,SDC4/CCL4/IL2RA/IL10/TIMP1/RGS16/ENO1/PTPN7/TNF/BPGM/FASLG/NR4A1/BID/IL18RAP/BSG/BCL2L1/CCL20/CCL5/COX17/PLOD3/ICAM1/ZC3H12A/CYCS/GRN/TBX21/CTNNB1/CCL3/ULBP2/TNIP3/FOS/PTMS/ATF3/ABHD16A/MMP9/BAD/TRAF1/CXCL16/PIGT/NFKBIE/FADD/RUSC1/USP5/RANGAP1/STK40/HSPB1/PRKCD/FN1/NFKB2/NFKBIA/TICAM2/ARF6/IL18R1/CENPB/FAS,up,FALSE
WP_SARSCOV2_INNATE_IMMUNITY_EVASION_AND_CELLSPECIFIC_IMMUNE_RESPONSE,WP_SARSCOV2_INNATE_IMMUNITY_EVASION_AND_CELLSPECIFIC_IMMUNE_RESPONSE,WikiPathways,Treg,SF_vs_PB_Treg,1.9022487,0.533276417,3.56119015e-4,0.00606129099,49,19,CXCL13/CCL4/IL10/TNF/HAVCR2/BSG/CCL5/CSF2/TANK/CCL3/LAG3/MX1/DHX58/IRF7/TRIM25/FADD/TP53I3/TRAF3/TBK1,up,FALSE
WP_SELECTIVE_EXPRESSION_OF_CHEMOKINE_RECEPTORS_DURING_TCELL_POLARIZATION,WP_SELECTIVE_EXPRESSION_OF_CHEMOKINE_RECEPTORS_DURING_TCELL_POLARIZATION,WikiPathways,Treg,SF_vs_PB_Treg,1.98470495,0.638957631,3.70706752e-4,0.0061237588,26,13,CCR1/CXCR3/CCL4/CCR5/IL12RB2/IFNGR1/CD4/CSF2/IL4R/CCL3/CCR2/CXCR4/IL12RB1,up,FALSE
WP_CALCIUM_REGULATION_IN_CARDIAC_CELLS,WP_CALCIUM_REGULATION_IN_CARDIAC_CELLS,WikiPathways,Treg,SF_vs_PB_Treg,1.76685444,0.443437816,3.74474459e-4,0.0061237588,90,27,ATP1B1/PRKAR1B/RGS16/FKBP1A/RGS1/GNG4/RGS9/PRKAR1A/YWHAG/ATP1B3/CALM2/CAMK1/RYR1/GNAI3/ADCY3/GNG2/GNG5/YWHAH/YWHAB/CALR/ITPR1/YWHAZ/ITPR3/CACNB3/ATP2A2/PRKCD/YWHAQ,up,FALSE
WP_CHOLESTEROL_BIOSYNTHESIS_PATHWAY,WP_CHOLESTEROL_BIOSYNTHESIS_PATHWAY,WikiPathways,Treg,SF_vs_PB_Treg,1.97118287,0.730040717,4.00358416e-4,0.00642113306,15,12,MSMO1/IDI1/SQLE/PMVK/SC5D/DHCR7/HMGCS1/CYP51A1/MVD/HMGCR/NSDHL/FDPS,up,FALSE
WP_UTERINE_NATURAL_KILLER_CELLS_AND_PROGESTERONE_ESTROGEN_AND_CHORIONIC_GONADOTROPIN,WP_UTERINE_NATURAL_KILLER_CELLS_AND_PROGESTERONE_ESTROGEN_AND_CHORIONIC_GONADOTROPIN,WikiPathways,Treg,SF_vs_PB_Treg,1.94267486,0.577419023,4.1749106e-4,0.00656957631,37,18,IL2RB/CXCR3/CCL4/IL10/TNF/IL2RG/CCL5/MAPK11/NCR3/CCL3/IL15RA/CXCR4/JAK3/ITGA4/VEGFA/CCL2/CXCL10/IFNG,up,FALSE
WP_INFLAMMATORY_RESPONSE_PATHWAY,WP_INFLAMMATORY_RESPONSE_PATHWAY,WikiPathways,Treg,SF_vs_PB_Treg,1.98342192,0.680925156,4.31309305e-4,0.0066613326,20,6,IL2RB/IL2RA/IL2RG/CD80/TNFRSF1B/IL4R,up,FALSE
WP_DEGRADATION_PATHWAY_OF_SPHINGOLIPIDS_INCLUDING_DISEASES,WP_DEGRADATION_PATHWAY_OF_SPHINGOLIPIDS_INCLUDING_DISEASES,WikiPathways,Treg,SF_vs_PB_Treg,1.94831181,0.734888003,4.77399889e-4,0.00723911832,14,7,SCARB2/ARSA/GM2A/HEXB/NEU1/GLA/PSAP,up,FALSE
WP_PRIMARY_FOCAL_SEGMENTAL_GLOMERULOSCLEROSIS_FSGS,WP_PRIMARY_FOCAL_SEGMENTAL_GLOMERULOSCLEROSIS_FSGS,WikiPathways,Treg,SF_vs_PB_Treg,1.910783,0.555653691,5.0400504e-4,0.00750607506,41,17,CDKN1A/ACTN4/CD151/CD80/MYO1E/NOTCH1/SCARB2/VIM/ILK/CTNNB1/TLN1/ITGA3/CTSL/PLAUR/YWHAQ/AKT1/DAG1,up,FALSE
WP_CAFFEINE_IN_BLOOD_VESSELS,WP_CAFFEINE_IN_BLOOD_VESSELS,WikiPathways,Treg,SF_vs_PB_Treg,1.96308584,0.702274979,5.66754199e-4,0.0082925088,17,9,PDE4D/PDE4A/CALM2/ADCY3/NOS3/PDE4B/PPP1CB/ADORA2A/CALM1,up,FALSE
WP_ENTEROCYTE_CHOLESTEROL_METABOLISM,WP_ENTEROCYTE_CHOLESTEROL_METABOLISM,WikiPathways,Treg,SF_vs_PB_Treg,1.94427448,0.610726493,6.63533315e-4,0.00954115146,29,16,SLC27A4/MSMO1/IDI1/LDLR/SQLE/EBP/PMVK/SC5D/DHCR7/HMGCS1/SAR1B/DHCR24/ABCA1/CYP51A1/MVD/HMGCR,up,FALSE
WP_EXERCISE_AND_HYPERTROPHY_IN_SKELETAL_MUSCLE,WP_EXERCISE_AND_HYPERTROPHY_IN_SKELETAL_MUSCLE,WikiPathways,Treg,SF_vs_PB_Treg,1.94580696,0.707887175,7.02153905e-4,0.00982891242,16,12,IL1R1/DUSP14/EIF4EBP1/ATF3/IL1A/HBEGF/EIF4E/NR4A3/JUND/VEGFA/IFNG/WDR1,up,FALSE
WP_P53_TRANSCRIPTIONAL_GENE_NETWORK,WP_P53_TRANSCRIPTIONAL_GENE_NETWORK,WikiPathways,Treg,SF_vs_PB_Treg,1.76026088,0.455041648,7.07116002e-4,0.00982891242,76,22,CDKN1A/DDIT4/TNF/FASLG/NOTCH1/GADD45A/ISG15/ICAM1/PERP/ULBP2/DDB2/DRAM1/TP53I3/SERPINE1/LIF/PRKAB1/SLC2A1/SCO2/IRF5/GPX1/FAS/FUCA1,up,FALSE
WP_CYTOSOLIC_DNASENSING_PATHWAY,WP_CYTOSOLIC_DNASENSING_PATHWAY,WikiPathways,Treg,SF_vs_PB_Treg,1.82800627,0.50467919000000006,7.44680851e-4,0.0100625813,53,23,CCL4/ISG15/CCL5/CCL4L2/POLR2K/IRF7/TRIM25/AIM2/RIPK3/FADD/NFKBIB/POLR3K/POLR2L/NFKBIA/TBK1/CASP1/POLR1C/POLR2E/ZBP1/TREX1/IKBKG/CXCL10/PYCARD,up,FALSE
WP_HDAC6_INTERACTIONS_IN_THE_CENTRAL_NERVOUS_SYSTEM,WP_HDAC6_INTERACTIONS_IN_THE_CENTRAL_NERVOUS_SYSTEM,WikiPathways,Treg,SF_vs_PB_Treg,1.71086454,0.426551598,7.480576e-4,0.0100625813,94,39,FOXP3/MIF/SGK1/VIM/ISG15/TPPP/HDAC9/CTNNB1/DYNC1I2/HIF1A/PRDX1/CTTN/TUBA1C/NEDD9/TWIST1/MAPRE1/ACTR1A/DNAJA1/MAPK8/SOD1/SQSTM1/HSPB1/MIIP/DLG4/VCP/MAP1LC3A/AKT1/PARK7/OPTN/SMAD7/MYD88/TUBB/HSPA4/TUBA4A/MDH1/HSP90AA1/ATP13A2/XRCC6/KAT5,up,FALSE
WP_INTERACTIONS_OF_NATURAL_KILLER_CELLS_IN_PANCREATIC_CANCER,WP_INTERACTIONS_OF_NATURAL_KILLER_CELLS_IN_PANCREATIC_CANCER,WikiPathways,Treg,SF_vs_PB_Treg,1.92527554,0.625994678,7.81380812e-4,0.0103439936,25,12,CCL4/TIGIT/TNF/CCL5/CSF2/GZMB/NCR3/CCL3/CD226/CD96/PRF1/FOXO1,up,FALSE
WP_CHOLESTEROL_BIOSYNTHESIS_PATHWAY_IN_HEPATOCYTES,WP_CHOLESTEROL_BIOSYNTHESIS_PATHWAY_IN_HEPATOCYTES,WikiPathways,Treg,SF_vs_PB_Treg,1.76342515,0.462351263,7.97710917e-4,0.0103951704,70,32,HSD3B7/CYP7B1/SLC27A2/ACSL3/MSMO1/NR1H2/IDI1/EBP/CYB5R3/CYP2R1/PMVK/SC5D/ACSL1/DHCR7/HMGCS1/SCD/SREBF1/HSD17B10/DHCR24/ABCA1/SCP2/SRD5A1/CYP51A1/TSPO/MVD/OSBPL3/HMGCR/HSD17B12/FADS2/ABCG1/HSD17B8/NSDHL,up,FALSE
WP_HIPPOMERLIN_SIGNALING_DYSREGULATION,WP_HIPPOMERLIN_SIGNALING_DYSREGULATION,WikiPathways,Treg,SF_vs_PB_Treg,1.76424733,0.472563743,9.26087716e-4,0.0118824178,62,28,PRKAR1B/NTRK1/STK3/NTRK2/PRKAR1A/CTNNA1/RBX1/CTNNB1/ITGAX/CD44/KRAS/ITGAM/ITGA3/ITGA2/PPP1CB/ITGB2/PAK2/NRAS/NF2/VGLL4/ITGA4/FLT1/LATS2/HRAS/PAK1/ITGAE/CXCL10/FLT3,up,FALSE
WP_AFFECTED_PATHWAYS_IN_DUCHENNE_MUSCULAR_DYSTROPHY,WP_AFFECTED_PATHWAYS_IN_DUCHENNE_MUSCULAR_DYSTROPHY,WikiPathways,Treg,SF_vs_PB_Treg,1.84404615,0.533506596,9.70245796e-4,0.0122027491,42,19,IL10/TNF/FKBP1A/STIM1/VDAC1/RYR1/IL1A/HSPA9/MPO/MMP9/CASP9/CACNB2/ITPR1/SERPINE1/PLAU/ITPR3/NFKBIA/TGFBR1/DAG1,up,FALSE
WP_PSORIASIS_MECHANISM_AND_THERAPIES,WP_PSORIASIS_MECHANISM_AND_THERAPIES,WikiPathways,Treg,SF_vs_PB_Treg,1.91947629,0.755398329,9.80316777e-4,0.0122027491,12,6,IL23R/TNF/STAT3/CCL20/IL12RB1/HLA-C,up,FALSE
WP_MIRNA_ROLE_IN_IMMUNE_RESPONSE_IN_SEPSIS,WP_MIRNA_ROLE_IN_IMMUNE_RESPONSE_IN_SEPSIS,WikiPathways,Treg,SF_vs_PB_Treg,1.89103709,0.584508295,0.00115464976,0.0140005708,31,14,CCL4/MIR155HG/IL10/TNF/ICAM1/GZMB/CCL3/IRF7/IL1A/MAPK8/TRAF3/NFKB2/NFKBIA/IRF5,up,FALSE
WP_INTRAFLAGELLAR_TRANSPORT_PROTEINS_BINDING_TO_DYNEIN,WP_INTRAFLAGELLAR_TRANSPORT_PROTEINS_BINDING_TO_DYNEIN,WikiPathways,Treg,SF_vs_PB_Treg,1.90898292,0.647593303,0.00116154898,0.0140005708,21,15,DYNLL1/DYNLT1/DYNLRB1/DYNC1I2/DYNLT3/WDR35/IFT27/DYNC1H1/DYNC1LI2/IFT122/DYNC1LI1/IFT46/IFT81/DYNC2H1/IFT43,up,FALSE
WP_CHOLESTEROL_METABOLISM,WP_CHOLESTEROL_METABOLISM,WikiPathways,Treg,SF_vs_PB_Treg,1.81539099,0.511146594,0.00117701609,0.0140005708,48,29,SLC27A4/MSMO1/LRPAP1/IDI1/LDLR/VDAC1/SQLE/EBP/PMVK/SC5D/DHCR7/HMGCS1/SAR1B/SOAT1/DHCR24/ABCA1/CYP51A1/TSPO/STARD3/MVD/HMGCR/CIDEB/NSDHL/VAPA/FDPS/ACAT2/APOC1/APOE/PLTP,up,FALSE
WP_METABOLIC_REPROGRAMMING_IN_COLON_CANCER,WP_METABOLIC_REPROGRAMMING_IN_COLON_CANCER,WikiPathways,Treg,SF_vs_PB_Treg,1.83463549,0.536394151,0.00119189511,0.0140005708,40,14,SLC16A3/PKM/PGK1/ENO1/GPI/LDHA/SLC1A5/PGAM1/IDH3A/GAPDH/PGD/SLC2A1/PYCR1/FASN,up,FALSE
WP_SUDDEN_INFANT_DEATH_SYNDROME_SIDS_SUSCEPTIBILITY_PATHWAYS,WP_SUDDEN_INFANT_DEATH_SYNDROME_SIDS_SUSCEPTIBILITY_PATHWAYS,WikiPathways,Treg,SF_vs_PB_Treg,1.70193479,0.430653127,0.00121517081,0.0140757285,86,26,BHLHE40/IL1RN/PRKAR1B/CREM/IL10/TNF/NTRK2/PRKAR1A/YWHAG/SNTA1/TPPP/HDAC9/CTNNB1/HIF1A/TP73/IL1A/YWHAH/YWHAB/EGR1/YWHAZ/GAPDH/YWHAQ/NFKB2/ALDOA/ACADM/HSP90B1,up,FALSE
WP_PHOTODYNAMIC_THERAPYINDUCED_HIF1_SURVIVAL_SIGNALING,WP_PHOTODYNAMIC_THERAPYINDUCED_HIF1_SURVIVAL_SIGNALING,WikiPathways,Treg,SF_vs_PB_Treg,1.88025131,0.595318969,0.00131204494,0.0149896641,28,13,PKM/PGK1/BID/SLC2A3/BCL2L1/LDHA/SLC16A1/HIF1A/SERPINE1/HK1/SLC2A1/BNIP3L/VEGFA,up,FALSE
WP_NEPHROTIC_SYNDROME,WP_NEPHROTIC_SYNDROME,WikiPathways,Treg,SF_vs_PB_Treg,1.88141463,0.59098125,0.00134549811,0.0151641274,29,9,ACTN4/LMNA/CD151/CTLA4/MYO1E/SCARB2/ARHGDIA/ZMPSTE24/ITGA3,up,FALSE
WP_METABOLIC_PATHWAYS_OF_FIBROBLASTS,WP_METABOLIC_PATHWAYS_OF_FIBROBLASTS,WikiPathways,Treg,SF_vs_PB_Treg,1.88409254,0.612604213,0.00143253149,0.0158876188,25,13,UGP2/SERPINH1/P4HA2/RHOA/GPI/LDHA/SLC16A1/SLC1A5/BMP1/PGM1/P4HA1/SLC2A1/PYCR1,up,FALSE
WP_RENIN_ANGIOTENSIN_SYSTEM_AND_BRADYKININ_PATHWAYS_IN_COVID19,WP_RENIN_ANGIOTENSIN_SYSTEM_AND_BRADYKININ_PATHWAYS_IN_COVID19,WikiPathways,Treg,SF_vs_PB_Treg,1.88521338,0.760654089,0.0014477926,0.0158876188,11,7,VDR/TNF/F12/RHOA/NOS3/IL1A/SERPINE1,up,FALSE
WP_METABOLIC_EPILEPTIC_DISORDERS,WP_METABOLIC_EPILEPTIC_DISORDERS,WikiPathways,Treg,SF_vs_PB_Treg,1.70972615,0.449517869,0.00147718188,0.0159996064,69,24,PKM/PGK1/ENO1/PFKP/ETHE1/TPI1/SLC2A3/GPI/LDHA/SLC1A5/PGAM1/SPCS1/ENO2/ASL/ECHS1/ALDOC/MPC2/GAPDH/HK1/SLC2A1/ALDOA/SUOX/HK2/GOT1,up,FALSE
WP_17P133_YWHAE_COPY_NUMBER_VARIATION,WP_17P133_YWHAE_COPY_NUMBER_VARIATION,WikiPathways,Treg,SF_vs_PB_Treg,1.88299833,0.663665313,0.00152576854,0.0162165315,18,11,YWHAG/DCTN2/YWHAH/YWHAB/YWHAZ/DCTN5/YWHAQ/DYNC1H1/PAFAH1B1/DCTN6/CDK5,up,FALSE
WP_APOPTOSIS_MODULATION_AND_SIGNALING,WP_APOPTOSIS_MODULATION_AND_SIGNALING,WikiPathways,Treg,SF_vs_PB_Treg,1.7011475,0.43887134,0.00153609831,0.0162165315,77,25,CRADD/PEA15/IL1R1/HSPA1A/FASLG/BID/BCL2L1/IL1R2/TNFRSF1B/CYCS/AIFM2/FOS/CASP9/BAD/FADD/MAPK8/CAPNS1/PTRH2/TRAF3/NFKBIA/TOLLIP/CASP7/FAS/HTRA2/CASP1,up,FALSE
WP_ZINC_HOMEOSTASIS,WP_ZINC_HOMEOSTASIS,WikiPathways,Treg,SF_vs_PB_Treg,1.8681924,0.607434353,0.00171159606,0.017843389,25,15,SLC39A1/MT2A/MT1X/SLC39A4/SLC39A6/SLC30A4/MT1F/MT1E/SLC39A8/MT3/MT1G/SLC39A14/SLC30A6/SLC30A1/MT1A,up,FALSE
WP_EXTRAFOLLICULAR_AND_FOLLICULAR_B_CELL_ACTIVATION_BY_SARSCOV2,WP_EXTRAFOLLICULAR_AND_FOLLICULAR_B_CELL_ACTIVATION_BY_SARSCOV2,WikiPathways,Treg,SF_vs_PB_Treg,1.75437455,0.482376265,0.00176653477,0.0181887654,54,17,PDCD1/CXCL13/IL10/EBI3/TNF/CD80/MAF/ISG15/ZEB2/TBX21/ITGAX/CD82/PRDM1/ITGB2/CXCR4/FOXO1/ICOS,up,FALSE
WP_TAR_SYNDROME,WP_TAR_SYNDROME,WikiPathways,Treg,SF_vs_PB_Treg,1.76750807,0.495503229,0.00179840103,0.0182910543,49,14,DDIT4/FURIN/ANKRD35/TXN/STAT3/HLA-A/HLA-B/SUMO2/SLK/CXCR4/HLA-F/HLA-C/PIAS3/UBE2I,up,FALSE
WP_ACUTE_VIRAL_MYOCARDITIS,WP_ACUTE_VIRAL_MYOCARDITIS,WikiPathways,Treg,SF_vs_PB_Treg,1.69007015,0.440679703,0.00184692926,0.0185583013,72,31,HLA-DMA/CCR5/IL10/SGCB/TNF/CD80/STAT3/BID/BCL2L1/ILK/CD4/CYCS/EIF4G1/MMP9/CASP9/ITGB2/CXCR4/NFKB2/RAC3/CASP7/CASP1/AKT1/TICAM1/DAG1/CAAP1/CD40LG/SOCS1/ACTB/IFNG/PYCARD/SRC,up,FALSE
WP_OMEGA9_FATTY_ACID_SYNTHESIS,WP_OMEGA9_FATTY_ACID_SYNTHESIS,WikiPathways,Treg,SF_vs_PB_Treg,1.86403839,0.752110312,0.00191108623,0.0189743561,11,9,ELOVL1/ACSL3/ACSL4/ACSL1/ELOVL6/SCD/FADS1/FASN/FADS2,up,FALSE
WP_COVID19_ADVERSE_OUTCOME_PATHWAY,WP_COVID19_ADVERSE_OUTCOME_PATHWAY,WikiPathways,Treg,SF_vs_PB_Treg,1.82289305,0.835718661,0.00195430827,0.0191752129,7,5,IL2RA/IL10/TNF/CCL3/IL7,up,FALSE
WP_PATHOGENESIS_OF_SARSCOV2_MEDIATED_BY_NSP9NSP10_COMPLEX,WP_PATHOGENESIS_OF_SARSCOV2_MEDIATED_BY_NSP9NSP10_COMPLEX,WikiPathways,Treg,SF_vs_PB_Treg,1.8626140899999999,0.689831544,0.00219243895,0.021113133,15,5,HLA-DRB1/CD2/HLA-DRA/HLA-DRB5/CD4,up,FALSE
WP_MELANOMA,WP_MELANOMA,WikiPathways,Treg,SF_vs_PB_Treg,1.72644157,0.470106794,0.00220244912,0.021113133,57,20,CDKN1A/GADD45G/RHOB/CDK6/GADD45A/RHOC/RHOA/CALM2/CTTN/DDB2/KRAS/BAD/CALML4/NRAS/AKT1/PTPN11/CALM1/HRAS/GADD45B/PAK1,up,FALSE
WP_METABOLIC_REPROGRAMMING_IN_PANCREATIC_CANCER,WP_METABOLIC_REPROGRAMMING_IN_PANCREATIC_CANCER,WikiPathways,Treg,SF_vs_PB_Treg,1.77882234,0.522906442,0.00227819263,0.0214224382,39,24,PKM/LDLR/GPI/LDHA/SLC16A1/SLC1A5/KRAS/SLC7A5/SOAT1/BCAT2/HK1/SLC2A1/HK2/FASN/GOT1/GFPT1/HMGCR/PDHA1/ACLY/MDH1/DLAT/GLUD1/DLD/PDHB,up,FALSE
WP_PANCREATIC_ADENOCARCINOMA_PATHWAY,WP_PANCREATIC_ADENOCARCINOMA_PATHWAY,WikiPathways,Treg,SF_vs_PB_Treg,1.65729702,0.424581981,0.00228608752,0.0214224382,80,24,CDKN1A/GADD45G/CDK6/GADD45A/STAT3/BCL2L1/RHOA/RALB/RALGDS/DDB2/KRAS/CASP9/BAD/PAK2/MAPK8/PRKCD/RAC3/AKT1/TGFBR1/VEGFA/IKBKG/DUSP6/GADD45B/PAK1,up,FALSE
WP_HOSTPATHOGEN_INTERACTION_OF_HUMAN_CORONAVIRUSES_APOPTOSIS,WP_HOSTPATHOGEN_INTERACTION_OF_HUMAN_CORONAVIRUSES_APOPTOSIS,WikiPathways,Treg,SF_vs_PB_Treg,1.83903264,0.623863736,0.00249170991,0.0230898452,21,10,TNF/FASLG/BID/BCL2L1/MAPK11/CASP9/BAD/FADD/CASP7/AKT1,up,FALSE
WP_UDPDERIVED_SUGARS_SYNTHESIS_IN_FIBROBLASTS,WP_UDPDERIVED_SUGARS_SYNTHESIS_IN_FIBROBLASTS,WikiPathways,Treg,SF_vs_PB_Treg,1.83802342,0.761289659,0.00284019553,0.0260299239,10,7,GPI/GALE/PGM1/HK1/HK2/GFPT1/UXS1,up,FALSE
WP_CCL18_SIGNALING,WP_CCL18_SIGNALING,WikiPathways,Treg,SF_vs_PB_Treg,1.80775873,0.581991411,0.0031510074,0.028564567,26,15,VIM/ZEB2/CSF2/LDHA/HIF1A/AK4/CD44/TWIST1/ATF3/MMP9/MTDH/KIF5B/SLC2A1/FN1/CCR8,up,FALSE
WP_PI3KAKTMTOR_VITAMIN_D3_SIGNALING,WP_PI3KAKTMTOR_VITAMIN_D3_SIGNALING,WikiPathways,Treg,SF_vs_PB_Treg,1.82124409,0.625248166,0.0032254435,0.0289249449,20,7,IL10/VDR/HLA-DRA/CD80/RXRA/SLC2A3/LDHA,up,FALSE
WP_APOPTOSIS,WP_APOPTOSIS,WikiPathways,Treg,SF_vs_PB_Treg,1.62624412,0.417538289,0.00330396476,0.0293139001,79,27,CRADD/TNF/FASLG/LTA/BID/BCL2L1/TNFRSF1B/GZMB/TP63/CYCS/TP73/IRF7/CASP9/BAD/TRAF1/PRF1/NFKBIE/FADD/NFKBIB/TRAF3/NFKBIA/IRF5/CASP7/FAS/BNIP3L/CASP1/AKT1,up,FALSE
WP_OXIDATIVE_DAMAGE_RESPONSE,WP_OXIDATIVE_DAMAGE_RESPONSE,WikiPathways,Treg,SF_vs_PB_Treg,1.76353573,0.530650421,0.00344519587,0.0302451932,35,14,CDKN1A/C3AR1/TNF/GADD45A/TNFRSF1B/CYCS/CASP9/BAD/TRAF1/NFKBIE/TRAF3/C1QA/C1QB/C1QC,up,FALSE
WP_TH17_CELL_DIFFERENTIATION_PATHWAY,WP_TH17_CELL_DIFFERENTIATION_PATHWAY,WikiPathways,Treg,SF_vs_PB_Treg,1.65860469,0.444266756,0.00358203739,0.0311189499,62,18,HLA-DMA/IL23R/FOXP3/IL2RA/IFNGR1/RXRA/STAT3/CD4/IL4R/TBX21/HIF1A/FOS/MAPK8/NFKBIA/CD3D/IL21R/TGFBR1/NFIL3,up,FALSE
WP_IL23_INHIBITORS_IN_INFLAMMATORY_BOWEL_DISEASE,WP_IL23_INHIBITORS_IN_INFLAMMATORY_BOWEL_DISEASE,WikiPathways,Treg,SF_vs_PB_Treg,1.8169193,0.685327773,0.00372371914,0.031697652,14,5,STAT4/TNF/STAT3/CSF2/IL12RB1,up,FALSE
WP_TNFRELATED_WEAK_INDUCER_OF_APOPTOSIS_TWEAK_SIGNALING,WP_TNFRELATED_WEAK_INDUCER_OF_APOPTOSIS_TWEAK_SIGNALING,WikiPathways,Treg,SF_vs_PB_Treg,1.73213824,0.509183085,0.00372466415,0.031697652,39,16,TNFRSF12A/TNF/CCL5/CTNNB1/MMP9/TRAF1/TNFSF12/FADD/NFKBIB/MAPK8/TRAF3/NFKB2/NFKBIA/CASP7/AKT1/CCL2,up,FALSE
WP_NANOMATERIAL_INDUCED_APOPTOSIS,WP_NANOMATERIAL_INDUCED_APOPTOSIS,WikiPathways,Treg,SF_vs_PB_Treg,1.79689018,0.616887266,0.00410681469,0.0342507986,20,13,FASLG/BID/CYCS/CASP9/PRF1/FADD/CASP7/FAS/HTRA2/CFLAR/DIABLO/APAF1/CASP3,up,FALSE
WP_MAPK_SIGNALING,WP_MAPK_SIGNALING,WikiPathways,Treg,SF_vs_PB_Treg,1.48971755,0.339673745,0.00414951158,0.0342507986,173,54,DUSP16/MAPKAPK3/NTRK1/PTPN7/TNF/DUSP4/IL1R1/HSPA1A/FASLG/NR4A1/STK3/NTRK2/GADD45A/PDGFA/IL1R2/MKNK1/MAPK11/MAPKAPK2/CACNA2D4/PPP5C/RAP1B/FOS/KRAS/IL1A/DUSP3/CACNB2/DUSP2/PAK2/MAPK8/HSPA1B/CACNB3/HSPB1/PRKCD/RRAS/ELK1/DDIT3/NRAS/NFKB2/RAC3/HSPA2/JUND/FAS/AKT1/TGFBR1/SRF/MAP3K6/PLA2G4C/LAMTOR3/HSPA6/GNA12/IKBKG/DUSP6/HRAS/PAK1,up,FALSE
WP_EXTRACELLULAR_VESICLES_IN_THE_CROSSTALK_OF_CARDIAC_CELLS,WP_EXTRACELLULAR_VESICLES_IN_THE_CROSSTALK_OF_CARDIAC_CELLS,WikiPathways,Treg,SF_vs_PB_Treg,1.80961886,0.7121646,0.00415192988,0.0342507986,12,6,CD63/STAT3/MMP9/SOD1/HSPB1/ETS2,up,FALSE
WP_BLOODBASED_NEUROINFLAMMATION_MARKERS,WP_BLOODBASED_NEUROINFLAMMATION_MARKERS,WikiPathways,Treg,SF_vs_PB_Treg,1.80798968,0.729495535,0.00418894659,0.0342507986,11,10,TNF/CCL5/GRN/CCL23/TSPO/CCL2/S100B/DBI/OLR1/TREM1,up,FALSE
WP_22Q112_DISTAL_CNV,WP_22Q112_DISTAL_CNV,WikiPathways,Treg,SF_vs_PB_Treg,-1.52239114,-0.348776318,0.00467266491,0.0378349761,113,30,SF3A1/RPS9/RPS10/RPS11/RPS17/RPS16/RPS19/RPS27A/RPS14/RPS15/RPS29/RPS24/RPS20/RPSA/RPS7/RPS28/RPS15A/RPS12/TP53/RPS2/RPS3/RPS5/RPS21/RPS8/RPS23/ERP29/RPS18/RPS6/RPS13/CAMK4,down,FALSE
WP_TYPE_II_INTERFERON_SIGNALING,WP_TYPE_II_INTERFERON_SIGNALING,WikiPathways,Treg,SF_vs_PB_Treg,1.74664497,0.539877552,0.00472856567,0.0379194593,31,16,IFI6/IFNGR1/ISG15/OAS1/ICAM1/EIF2AK2/HLA-B/TAP1/PRKCD/CIITA/PTPN11/SOCS3/SOCS1/CXCL10/IFNG/PSMB9,up,FALSE
WP_8P231_COPY_NUMBER_VARIATION_SYNDROME,WP_8P231_COPY_NUMBER_VARIATION_SYNDROME,WikiPathways,Treg,SF_vs_PB_Treg,1.70215648,0.512181315,0.00634353524,0.049945196,35,9,CTSB/ERI1/MFHAS1/S100A10/CTNNB1/CTSD/PPP1R3B/BMP1/FAM167A,up,FALSE
WP_NUCLEOTIDE_METABOLISM,WP_NUCLEOTIDE_METABOLISM,WikiPathways,Treg,SF_vs_PB_Treg,1.76467209,0.621961073,0.00634795057,0.049945196,18,4,MTHFD2/IMPDH1/HPRT1/PRPS1,up,FALSE
WP_HIF1A_AND_PPARG_IN_HYPERTROPHIC_CARDIOMYOPATHY,WP_HIF1A_AND_PPARG_IN_HYPERTROPHIC_CARDIOMYOPATHY,WikiPathways,Treg,SF_vs_PB_Treg,1.73735327,0.796502319,0.00666419121,0.0519433221,7,6,TPI1/LDHA/HIF1A/PPARG/GAPDH/SLC2A1,up,FALSE
WP_CLEAR_CELL_RENAL_CELL_CARCINOMA_PATHWAYS,WP_CLEAR_CELL_RENAL_CELL_CARCINOMA_PATHWAYS,WikiPathways,Treg,SF_vs_PB_Treg,1.59934237,0.422662563,0.00673605793,0.0520173362,67,25,PKM/PGK1/ENO1/PFKP/STAT3/TPI1/RHEB/GPI/LDHA/CAMK1/HIF1A/ENO2/TOX2/ALDOC/PGM1/GAPDH/SQSTM1/HK1/SLC2A1/ALDOA/HK2/FASN/AKT1/VEGFA/FLT1,up,FALSE
WP_TCELL_ACTIVATION_SARSCOV2,WP_TCELL_ACTIVATION_SARSCOV2,WikiPathways,Treg,SF_vs_PB_Treg,1.56196732,0.396882189,0.00703705611,0.0538431632,84,13,CDKN1A/IL23R/HLA-DRB1/STAT4/HLA-DRA/IL12RB2/TNF/CD80/CTLA4/LTA/BCL2L1/CD4/RHEB,up,FALSE
WP_GLYCOLYSIS_IN_SENESCENCE,WP_GLYCOLYSIS_IN_SENESCENCE,WikiPathways,Treg,SF_vs_PB_Treg,1.7509201,0.70646885,0.0073933942,0.0560553706,11,7,PKM/PGK1/ENO1/LDHA/ALDOC/GAPDH/HK1,up,FALSE
WP_FIBRIN_COMPLEMENT_RECEPTOR_3_SIGNALING,WP_FIBRIN_COMPLEMENT_RECEPTOR_3_SIGNALING,WikiPathways,Treg,SF_vs_PB_Treg,1.68608932,0.514223944,0.00754247217,0.0566704666,33,18,TNF/RHOA/IRAK2/LY96/ITGAM/ITGB2/CBLB/TIRAP/TICAM2/AKT1/TICAM1/CCL2/IKBKG/CXCL10/SRC/RASSF5/MYD88/IRAK1,up,FALSE
WP_VITAMIN_DSENSITIVE_CALCIUM_SIGNALING_IN_DEPRESSION,WP_VITAMIN_DSENSITIVE_CALCIUM_SIGNALING_IN_DEPRESSION,WikiPathways,Treg,SF_vs_PB_Treg,1.7194488,0.570200898,0.00769015399,0.0572641824,23,7,VDR/GGT1/RXRA/PVALB/ATP2B4/ITPR1/ITPR3,up,FALSE
WP_NONALCOHOLIC_FATTY_LIVER_DISEASE,WP_NONALCOHOLIC_FATTY_LIVER_DISEASE,WikiPathways,Treg,SF_vs_PB_Treg,1.49186131,0.354366264,0.00785890372,0.0577903072,128,45,TNF/FASLG/RXRA/BID/NDUFB2/ADIPOR1/CYCS/NDUFV2/NDUFA6/IL1A/NDUFA4/COX7A2/EIF2S1/NDUFB7/SREBF1/MAPK8/NDUFAB1/PRKAB1/COX8A/NDUFS4/DDIT3/NDUFS6/NDUFS8/COX5A/CASP7/FAS/AKT1/LEPR/CCL2/SOCS3/NDUFS5/TRAF2/UQCRQ/SMAD7/COX6C/NDUFB3/CDC42/NDUFB6/ADIPOR2/COX7B/NDUFA5/NDUFA1/NDUFC1/CASP3/NDUFS3,up,FALSE
WP_2Q112_COPY_NUMBER_VARIATION_SYNDROME,WP_2Q112_COPY_NUMBER_VARIATION_SYNDROME,WikiPathways,Treg,SF_vs_PB_Treg,1.71589528,0.562868164,0.0078993945,0.0577903072,24,12,ITPRIPL1/STAT3/RHOA/PLXNB2/ARID5A/ANKRD39/DUSP2/CIAO1/CNNM4/KANSL3/NCAPH/SNRNP200,up,FALSE
WP_FAS_LIGAND_PATHWAY_AND_STRESS_INDUCTION_OF_HEAT_SHOCK_PROTEINS,WP_FAS_LIGAND_PATHWAY_AND_STRESS_INDUCTION_OF_HEAT_SHOCK_PROTEINS,WikiPathways,Treg,SF_vs_PB_Treg,1.65737603,0.481963212,0.00802808028,0.0582210344,41,18,MAPKAPK3/LMNA/TNF/FASLG/CYCS/MAPKAPK2/IL1A/CASP9/FADD/PAK2/MAPK8/HSPB1/CASP7/FAS/FAF1/ACTB/PAK1/CFLAR,up,FALSE
WP_2Q211_COPY_NUMBER_VARIATION_SYNDROME,WP_2Q211_COPY_NUMBER_VARIATION_SYNDROME,WikiPathways,Treg,SF_vs_PB_Treg,1.74243351,0.703044644,0.00826206976,0.059349681,11,5,STAT3/RHOA/PLEKHB2/CCDC74A/CDC27,up,FALSE
WP_TYROBP_CAUSAL_NETWORK_IN_MICROGLIA,WP_TYROBP_CAUSAL_NETWORK_IN_MICROGLIA,WikiPathways,Treg,SF_vs_PB_Treg,1.60739796,0.44196413,0.00839104014,0.059349681,54,19,SAMSN1/RGS1/MAF/CD4/TNFRSF1B/SLC1A5/ITGAX/LGALS9C/ITGAM/CREB3L2/CAPG/ITGB2/CXCL16/TCIRG1/RNASE6/GPX1/SFT2D2/C1QC/TGFBR1,up,FALSE
WP_PGK1_PKM2_KHKCKHKA_ACTING_AS_PROTEIN_KINASES,WP_PGK1_PKM2_KHKCKHKA_ACTING_AS_PROTEIN_KINASES,WikiPathways,Treg,SF_vs_PB_Treg,1.74076261,0.702370464,0.00839719707,0.059349681,11,6,PKM/PGK1/STAT3/PRPS1/BUB3/PAK2,up,FALSE
WP_DISORDERS_OF_BILE_ACID_SYNTHESIS_AND_BILIARY_TRANSPORT,WP_DISORDERS_OF_BILE_ACID_SYNTHESIS_AND_BILIARY_TRANSPORT,WikiPathways,Treg,SF_vs_PB_Treg,1.73434252,0.69978006,0.00870605949,0.0610155766,11,3,HSD3B7/CYP7B1/SLC27A2,up,FALSE
WP_CANCER_IMMUNOTHERAPY_BY_PD1_BLOCKADE,WP_CANCER_IMMUNOTHERAPY_BY_PD1_BLOCKADE,WikiPathways,Treg,SF_vs_PB_Treg,1.70545789,0.572248779,0.0089665113,0.0623172535,22,7,PDCD1/HLA-DRB1/BATF/STAT3/CD274/HLA-A/PDCD1LG2,up,FALSE
WP_PAFAH1B1_COPY_NUMBER_VARIATION,WP_PAFAH1B1_COPY_NUMBER_VARIATION,WikiPathways,Treg,SF_vs_PB_Treg,1.73039285,0.739413098,0.0090465166,0.0623536764,9,7,PAFAH1B2/VLDLR/TUBA1A/PAFAH1B3/DYNC1H1/CLIP1/PAFAH1B1,up,FALSE
WP_CONTROL_OF_IMMUNE_TOLERANCE_BY_VASOACTIVE_INTESTINAL_PEPTIDE,WP_CONTROL_OF_IMMUNE_TOLERANCE_BY_VASOACTIVE_INTESTINAL_PEPTIDE,WikiPathways,Treg,SF_vs_PB_Treg,1.72626558,0.69652114,0.00916935313,0.0626822992,11,3,IL10/CD80/CTLA4,up,FALSE
WP_POSTCOVID_NEUROINFLAMMATION,WP_POSTCOVID_NEUROINFLAMMATION,WikiPathways,Treg,SF_vs_PB_Treg,1.72528821,0.696126786,0.00926587263,0.0628271364,11,4,FURIN/IL10/TNF/IL1A,up,FALSE
WP_PROSURVIVAL_SIGNALING_OF_NEUROPROTECTIN_D1,WP_PROSURVIVAL_SIGNALING_OF_NEUROPROTECTIN_D1,WikiPathways,Treg,SF_vs_PB_Treg,1.72868027,0.64022826,0.00934169638,0.0628304418,15,8,TNF/CYCS/CASP9/RIPK3/FADD/CASP7/PPP2CB/TRAF2,up,FALSE
WP_DEVELOPMENT_OF_PULMONARY_DENDRITIC_CELLS_AND_MACROPHAGE_SUBSETS,WP_DEVELOPMENT_OF_PULMONARY_DENDRITIC_CELLS_AND_MACROPHAGE_SUBSETS,WikiPathways,Treg,SF_vs_PB_Treg,1.72652384,0.665174052,0.0096613718,0.0644606726,13,6,CSF1/ID2/STAT3/CSF2/BATF3/TCF4,up,FALSE
WP_TRANSCRIPTION_FACTOR_REGULATION_IN_ADIPOGENESIS,WP_TRANSCRIPTION_FACTOR_REGULATION_IN_ADIPOGENESIS,WikiPathways,Treg,SF_vs_PB_Treg,1.71724276,0.624735214,0.00998197172,0.0660711462,16,7,TNF/RXRA/PCK2/PPARG/TWIST1/MAPK8/FOXO1,up,FALSE
WP_ARYL_HYDROCARBON_RECEPTOR_PATHWAY_WP2873,WP_ARYL_HYDROCARBON_RECEPTOR_PATHWAY_WP2873,WikiPathways,Treg,SF_vs_PB_Treg,1.68262662,0.547098475,0.0101951592,0.0669508877,25,14,TNF/MYOF/CDC37/NQO1/SLC7A5/NCOA1/JUND/AIP/IFNG/SRC/NFE2L2/AHR/POLK/HSP90AA1,up,FALSE
WP_OXYSTEROLS_DERIVED_FROM_CHOLESTEROL,WP_OXYSTEROLS_DERIVED_FROM_CHOLESTEROL,WikiPathways,Treg,SF_vs_PB_Treg,1.67645014,0.539717812,0.0105095364,0.0684761983,26,11,HSD3B7/CYP7B1/SLC27A2/ACOT4/NR1H2/EBP/ACOT9/DHCR7/ACOT7/SCP2/ACOT11,up,FALSE
WP_CHOLESTEROL_BIOSYNTHESIS_WITH_SKELETAL_DYSPLASIAS,WP_CHOLESTEROL_BIOSYNTHESIS_WITH_SKELETAL_DYSPLASIAS,WikiPathways,Treg,SF_vs_PB_Treg,1.69282605,0.776088489,0.0111395572,0.0720185323,7,6,EBP/SC5D/DHCR7/DHCR24/CYP51A1/NSDHL,up,FALSE
WP_11P112_COPY_NUMBER_VARIATION_SYNDROME,WP_11P112_COPY_NUMBER_VARIATION_SYNDROME,WikiPathways,Treg,SF_vs_PB_Treg,1.62605444,0.480562495,0.0112463327,0.0721495499,38,14,HLA-DMA/CD63/TIMP1/HLA-DRA/CD151/CD4/CD82/HLA-DMB/CD53/ITGA3/ITGB2/VANGL1/HBEGF/SLC35C1,up,FALSE
WP_MITOCHONDRIAL_FISSION_AND_FUSION,WP_MITOCHONDRIAL_FISSION_AND_FUSION,WikiPathways,Treg,SF_vs_PB_Treg,1.70138637,0.686482766,0.0118525954,0.0754585082,11,5,BCL2L1/FIS1/MTFP1/DNM1L/MIB1,up,FALSE
WP_PHOTODYNAMIC_THERAPYINDUCED_AP1_SURVIVAL_SIGNALING,WP_PHOTODYNAMIC_THERAPYINDUCED_AP1_SURVIVAL_SIGNALING,WikiPathways,Treg,SF_vs_PB_Treg,1.59166327,0.456184352,0.0131371141,0.0830026757,44,15,CDKN1A/BCL3/TNF/FASLG/BID/BCL2L1/MAPK11/FOS/MAPK8/HBEGF/ELK1/FAS/CFLAR/TRAF2/IFNG,up,FALSE
WP_BLOOD_CLOTTING_CASCADE,WP_BLOOD_CLOTTING_CASCADE,WikiPathways,Treg,SF_vs_PB_Treg,1.67691561,0.768794232,0.0132892963,0.0833328803,7,4,F12/F5/SERPINE1/PLAU,up,FALSE
WP_DUAL_HIJACK_MODEL_OF_VIF_IN_HIV_INFECTION,WP_DUAL_HIJACK_MODEL_OF_VIF_IN_HIV_INFECTION,WikiPathways,Treg,SF_vs_PB_Treg,1.66183687,0.796670531,0.0134848247,0.0839279385,6,4,APOBEC3G/CBFB/RBX1/UBB,up,FALSE
WP_DISORDERS_OF_FRUCTOSE_METABOLISM,WP_DISORDERS_OF_FRUCTOSE_METABOLISM,WikiPathways,Treg,SF_vs_PB_Treg,1.68621431,0.720535192,0.0137351413,0.0848526509,9,4,TPI1/GPI/PGM1/HK1,up,FALSE
WP_MACROPHAGE_MARKERS,WP_MACROPHAGE_MARKERS,WikiPathways,Treg,SF_vs_PB_Treg,1.67849081,0.741320764,0.0141207677,0.0865935312,8,2,CD74/CD68,up,FALSE
WP_CHEMOKINE_SIGNALING,WP_CHEMOKINE_SIGNALING,WikiPathways,Treg,SF_vs_PB_Treg,1.43251462,0.341534063,0.0161041546,0.0980355103,125,42,CXCR6/CXCL13/CCR1/CXCR3/CCL4/STAT3/GNG4/CCL20/CCL5/CCL3/XCL1/GNAI3/ADCY3/GNG2/CCR2/RAP1B/KRAS/TIAM2/GNG5/CXCL16/CCL22/CXCR4/NFKBIB/DOCK2/PRKCD/NRAS/NFKBIA/CCR8/AKT1/VAV2/JAK3/GNB1/IKBKG/HRAS/PAK1/CXCL10/ROCK1/SOS2/NCF1/GNGT2/CDC42/CCL1,up,FALSE
WP_APOPTOSISRELATED_NETWORK_DUE_TO_ALTERED_NOTCH3_IN_OVARIAN_CANCER,WP_APOPTOSISRELATED_NETWORK_DUE_TO_ALTERED_NOTCH3_IN_OVARIAN_CANCER,WikiPathways,Treg,SF_vs_PB_Treg,1.5578338,0.438628068,0.0164068909,0.0991546884,48,20,CDKN1A/BCL3/TNF/VIM/CTNNA1/NQO1/F2R/TRAF1/ANXA5/PAK2/SQSTM1/HSPB1/JUND/CASP7/RNF7/AKT1/SOCS3/HSPA5/IER3/SMAD7,up,FALSE
WP_UROTENSINIIMEDIATED_SIGNALING,WP_UROTENSINIIMEDIATED_SIGNALING,WikiPathways,Treg,SF_vs_PB_Treg,1.53982027,0.425116292,0.0165602837,0.0993617021,53,19,FSCN1/TNF/STAT3/RHOA/ICAM1/CTNNB1/AIFM2/CYBA/MMP9/CASP9/MAPK8/NCF4/ABCA1/FN1/DDIT3/HSPA2/AKT1/PTPN11/HMOX1,up,FALSE
WP_GLYCOSYLATION_AND_RELATED_CONGENITAL_DEFECTS,WP_GLYCOSYLATION_AND_RELATED_CONGENITAL_DEFECTS,WikiPathways,Treg,SF_vs_PB_Treg,1.6236378,0.527918526,0.0169857305,0.101186423,25,13,DPM2/MAGT1/ALG8/ALG3/ALG1/DPAGT1/DOLK/DPM1/MPDU1/MGAT2/SRD5A3/DPM3/GMPPB,up,FALSE
WP_VASOPRESSINREGULATED_WATER_REABSORPTION,WP_VASOPRESSINREGULATED_WATER_REABSORPTION,WikiPathways,Treg,SF_vs_PB_Treg,1.59193562,0.482271666,0.0171074516,0.101188756,34,13,RAB5A/DYNLL1/RAB11A/DCTN2/CREB3/DYNC1I2/ADCY3/ARHGDIA/CREB3L2/DCTN5/DYNC1H1/STX4/DYNC1LI2,up,FALSE
WP_GENES_ASSOCIATED_WITH_THE_DEVELOPMENT_OF_RHEUMATOID_ARTHRITIS,WP_GENES_ASSOCIATED_WITH_THE_DEVELOPMENT_OF_RHEUMATOID_ARTHRITIS,WikiPathways,Treg,SF_vs_PB_Treg,1.65329987,0.601472706,0.0172312364,0.101203177,16,8,IL2RA/HLA-DRB1/STAT4/CTLA4/PTPN22/TRAF1/IRF5/CIITA,up,FALSE
WP_EBSTEINBARR_VIRUS_LMP1_SIGNALING,WP_EBSTEINBARR_VIRUS_LMP1_SIGNALING,WikiPathways,Treg,SF_vs_PB_Treg,1.6400697,0.563049498,0.0175336609,0.102259253,20,8,PDLIM7/TNF/CCL20/CCL5/TRAF1/MAPK8/NFKB2/NFKBIA,up,FALSE
WP_GLYCOSAMINOGLYCAN_DEGRADATION,WP_GLYCOSAMINOGLYCAN_DEGRADATION,WikiPathways,Treg,SF_vs_PB_Treg,1.65223607,0.623210546,0.0184849237,0.106094714,14,7,IDS/HEXB/GUSB/HGSNAT/HYAL2/ARSB/HPSE,up,FALSE
WP_MET_IN_TYPE_1_PAPILLARY_RENAL_CELL_CARCINOMA,WP_MET_IN_TYPE_1_PAPILLARY_RENAL_CELL_CARCINOMA,WikiPathways,Treg,SF_vs_PB_Treg,1.53921631,0.431503913,0.0185716066,0.106094714,49,18,CDKN1A/STAT3/RAP1B/TFE3/KRAS/BAD/PAK2/MAPK8/NRAS/AKT1/JAK3/RAPGEF1/PTPN11/HRAS/PAK1/SRC/SOS2/CDC42,up,FALSE
WP_FGFR3_SIGNALING_IN_CHONDROCYTE_PROLIFERATION_AND_TERMINAL_DIFFERENTIATION,WP_FGFR3_SIGNALING_IN_CHONDROCYTE_PROLIFERATION_AND_TERMINAL_DIFFERENTIATION,WikiPathways,Treg,SF_vs_PB_Treg,1.63980971,0.577953155,0.0185729355,0.106094714,18,4,CDKN1A/PTHLH/MAPK11/CNP,up,FALSE
WP_PEPTIDE_GPCRS,WP_PEPTIDE_GPCRS,WikiPathways,Treg,SF_vs_PB_Treg,1.59719541,0.509719619,0.0203296398,0.115339589,27,11,CXCR6/CCR1/CXCR3/CCR5/C3AR1/CCR2/CXCR4/NTSR1/CCR8/EDNRB/CXCR1,up,FALSE
WP_EFFECT_OF_OMEGA3_PUFA_ON_HUNTINGTONS_DISEASE_PATHWAYS,WP_EFFECT_OF_OMEGA3_PUFA_ON_HUNTINGTONS_DISEASE_PATHWAYS,WikiPathways,Treg,SF_vs_PB_Treg,1.4528418,0.36524241,0.0206296208,0.115568445,89,26,NTRK2/BID/BCL2L1/NR1H2/RHEB/EIF4EBP1/AHI1/SREBF2/DHCR7/HMGCS1/BAD/ITPR1/MAPK8/RAB3A/EIF4E/SLC12A5/PRKAB1/ABCA1/ELK1/C1QA/CASP7/CYP51A1/AKT1/PRR5L/HRAS/HMGCR,up,FALSE
WP_TARGETING_YAP_IN_PANCREATIC_DUCTAL_ADENOCARCINOMA_PDAC,WP_TARGETING_YAP_IN_PANCREATIC_DUCTAL_ADENOCARCINOMA_PDAC,WikiPathways,Treg,SF_vs_PB_Treg,1.63099356,0.59335764,0.0206471202,0.115568445,16,9,RHOB/STK3/RHOC/RHOA/PRKAB1/RHOD/LATS2/HMGCR/MOB1A,up,FALSE
WP_COPPER_HOMEOSTASIS,WP_COPPER_HOMEOSTASIS,WikiPathways,Treg,SF_vs_PB_Treg,1.54956918,0.450613091,0.0208622086,0.11599388,41,15,SLC31A2/MT2A/PRNP/COX17/MT1X/MT1F/MT1E/SOD1/FOXO1/MT3/ATOX1/SLC11A2/MT1G/XAF1/AKT1,up,FALSE
WP_PROSTAGLANDIN_SIGNALING,WP_PROSTAGLANDIN_SIGNALING,WikiPathways,Treg,SF_vs_PB_Treg,1.58777858,0.511170813,0.0222053345,0.122196405,26,13,CSF1/TNF/CCL3/CCR2/IRF7/IL1A/MMP9/CASP1/VEGFA/CCL2/CXCL10/IFNG/PYCARD,up,FALSE
WP_G_PROTEIN_SIGNALING,WP_G_PROTEIN_SIGNALING,WikiPathways,Treg,SF_vs_PB_Treg,1.48829925,0.397559495,0.0222982766,0.122196405,63,19,PRKAR1B/GNA15/PDE4D/GNG4/PRKAR1A/PDE4A/RHOA/AKAP5/GNAI3/ADCY3/PRKCI/PDE4B/KRAS/GNG5/ITPR1/AKAP13/PRKCD/RRAS/NRAS,up,FALSE
WP_AGERAGE_PATHWAY,WP_AGERAGE_PATHWAY,WikiPathways,Treg,SF_vs_PB_Treg,1.50425324,0.413603845,0.0224173262,0.122196405,54,24,LGALS3/STAT3/RHOA/EZR/CYCS/HIF1A/NOS3/MMP9/CASP9/MAPK8/SOD1/FOXO1/PRKCD/TIRAP/NFKBIA/DIAPH1/DDOST/AKT1/ROCK1/SRC/MSN/NCF1/MYD88/CDC42,up,FALSE
WP_NSP1_FROM_SARSCOV2_INHIBITS_TRANSLATION_INITIATION_IN_THE_HOST_CELL,WP_NSP1_FROM_SARSCOV2_INHIBITS_TRANSLATION_INITIATION_IN_THE_HOST_CELL,WikiPathways,Treg,SF_vs_PB_Treg,-1.6142182,-0.570856028,0.0232100958,0.125696233,16,7,EIF3A/EIF3G/EIF3D/EIF3H/EIF3E/EIF3F/EIF2S3,down,FALSE
WP_HEAD_AND_NECK_SQUAMOUS_CELL_CARCINOMA,WP_HEAD_AND_NECK_SQUAMOUS_CELL_CARCINOMA,WikiPathways,Treg,SF_vs_PB_Treg,1.47977946,0.396367396,0.0241307007,0.129816606,62,19,CDKN1A/DDIT4/CDK6/FKBP1A/NOTCH1/RHEB/TP63/EIF4EBP1/CTNNB1/KRAS/FADD/EIF4E/TRAF3/NOTCH2/NRAS/NFKB2/KEAP1/AKT1/VEGFA,up,FALSE
WP_MOLECULAR_PATHWAY_FOR_OXIDATIVE_STRESS,WP_MOLECULAR_PATHWAY_FOR_OXIDATIVE_STRESS,WikiPathways,Treg,SF_vs_PB_Treg,1.53071824,0.445131259,0.0242822428,0.129816606,41,14,CDKN1A/TNF/BCL2L1/RHEB/ICAM1/FOS/NQO1/IL1A/MAPK8/FOXO1/KEAP1/AKT1/HMOX1/IKBKG,up,FALSE
WP_FERROPTOSIS,WP_FERROPTOSIS,WikiPathways,Treg,SF_vs_PB_Treg,1.48784763,0.409093019,0.0253144432,0.134472902,54,22,SLC3A2/PRNP/ACSL3/CHMP5/SLC1A5/GSS/AIFM2/ACSL4/BACH1/ACSL1/SLC39A8/CISD1/LPCAT3/CHMP6/HSPB1/SLC11A2/TXNRD1/MAP1LC3A/HMOX1/HMGCR/MAP1LC3B/SLC39A14,up,FALSE
WP_HEPATITIS_B_INFECTION,WP_HEPATITIS_B_INFECTION,WikiPathways,Treg,SF_vs_PB_Treg,1.38715032,0.330318949,0.0257460212,0.134915228,126,36,CDKN1A/STAT4/TNF/FASLG/STAT3/BID/MAPK11/CYCS/CREB3/EGR3/DDB2/FOS/IRF7/KRAS/CREB3L2/MMP9/CASP9/BAD/YWHAB/FADD/MAPK8/YWHAZ/TRAF3/ATP6AP1/EGR2/TIRAP/ELK1/YWHAQ/NRAS/TBK1/TICAM2/FAS/AKT1/TGFBR1/TICAM1/JAK3,up,FALSE
WP_GASTRIN_SIGNALING,WP_GASTRIN_SIGNALING,WikiPathways,Treg,SF_vs_PB_Treg,1.42243134,0.355775593,0.0259576784,0.134915228,92,31,CDKN1A/RHOB/STAT3/BCL2L1/RHOA/ANXA2/EIF4EBP1/CTNNB1/PPARG/CD44/FOS/KRAS/BAD/EGR1/MAPK8/SERPINE1/FOXO1/YES1/PRKCD/ELK1/NFKBIA/RHOD/KLF4/AKT1/TCF4/VEGFA/LAMTOR3/MEF2D/PTPN11/HRAS/PAK1,up,FALSE
WP_MRNA_PROTEIN_AND_METABOLITE_INDUCED_STRESS_PATHWAY_BY_CYCLOSPORIN_A,WP_MRNA_PROTEIN_AND_METABOLITE_INDUCED_STRESS_PATHWAY_BY_CYCLOSPORIN_A,WikiPathways,Treg,SF_vs_PB_Treg,1.5965872,0.765390394,0.0259867904,0.134915228,6,4,SLC3A2/SLC1A5/SLC7A5/KEAP1,up,FALSE
WP_NOTCH1_REGULATION_OF_ENDOTHELIAL_CELL_CALCIFICATION,WP_NOTCH1_REGULATION_OF_ENDOTHELIAL_CELL_CALCIFICATION,WikiPathways,Treg,SF_vs_PB_Treg,1.61457075,0.66873795,0.0260447862,0.134915228,10,5,NOTCH1/CALU/JAG2/VEGFA/DLL3,up,FALSE
WP_MIRTARGETED_GENES_IN_ADIPOCYTES,WP_MIRTARGETED_GENES_IN_ADIPOCYTES,WikiPathways,Treg,SF_vs_PB_Treg,1.60313135,0.604688628,0.0270972177,0.13838958,14,7,TMED10/TMEM43/PICALM/CAP1/CSRP1/IGF2R/FADS1,up,FALSE
WP_GLUCOCORTICOID_RECEPTOR_PATHWAY,WP_GLUCOCORTICOID_RECEPTOR_PATHWAY,WikiPathways,Treg,SF_vs_PB_Treg,1.48912598,0.415852276,0.0271462625,0.13838958,50,16,BHLHE40/SRGN/RXRA/TNS4/CCL20/STOM/PDE4B/ALOX5AP/AKAP13/PRRG4/NFKB2/ABHD2/SEC14L1/CCL2/GADD45B/ANGPTL4,up,FALSE
WP_MATRIX_METALLOPROTEINASES,WP_MATRIX_METALLOPROTEINASES,WikiPathways,Treg,SF_vs_PB_Treg,1.60900875,0.710633379,0.0272468404,0.13838958,8,5,TIMP1/TNF/BSG/MMP9/TIMP4,up,FALSE
WP_ATM_SIGNALING,WP_ATM_SIGNALING,WikiPathways,Treg,SF_vs_PB_Treg,1.53540852,0.465146968,0.0273792335,0.13838958,34,7,CDKN1A/CRADD/GADD45A/BID/TP53BP1/TP73/NBN,up,FALSE
WP_SPINAL_CORD_INJURY,WP_SPINAL_CORD_INJURY,WikiPathways,Treg,SF_vs_PB_Treg,1.45390629,0.384227773,0.0276230592,0.138780912,67,17,LGALS3/RHOB/TNF/IL1R1/NR4A1/FKBP1A/MIF/GADD45A/VIM/RHOC/ANXA1/RHOA/ICAM1/CCR2/FOS/IL1A/MMP9,up,FALSE
WP_MFAP5_EFFECT_ON_PERMEABILITY_AND_MOTILITY_OF_ENDOTHELIAL_CELLS_VIA_CYTOSKELETON_REARRANGEMENT,WP_MFAP5_EFFECT_ON_PERMEABILITY_AND_MOTILITY_OF_ENDOTHELIAL_CELLS_VIA_CYTOSKELETON_REARRANGEMENT,WikiPathways,Treg,SF_vs_PB_Treg,-1.59457676,-0.597965537,0.0281602003,0.14041772,13,7,PXN/MAPK3/VCL/CREB1/PLCG1/PRKCQ/ACTN1,down,FALSE
WP_PLEURAL_MESOTHELIOMA,WP_PLEURAL_MESOTHELIOMA,WikiPathways,Treg,SF_vs_PB_Treg,1.29761365,0.280732804,0.0283893751,0.14041772,268,75,CDKN1A/CCL4/SLC3A2/IL10/NTRK1/CSF1/STK3/NTRK2/CCND2/PDGFA/PRSS23/MKNK1/CCL5/CTNNA1/CSF2/RHEB/EIF4EBP1/CYCS/MAPKAPK2/CD274/CTNNB1/EED/HIF1A/EFNA5/EIF4G1/CD44/ATF3/MMP9/SLC7A5/ITGA3/ITGA2/ITGB2/YWHAB/PAK2/MAPK8/PLAU/ITPR3/HBEGF/FOXO1/PRKAB1/SLC2A1/ELK1/FN1/DDIT3/NDRG1/NF2/VGLL4/FOSL1/ACTG2/CASP1/AKT1/RASSF2/ITGA4/MOB1B/VEGFA/DVL3/MAP3K6/LAMB3/CCL2/FLT1/MEF2D/LATS2/PIGF/ACTB/WNT10A/HRAS/PAK1/TRAF2/CXCL10/CTHRC1/FLT3/SRC/PORCN/RASSF5/MAPK7,up,FALSE
WP_IL10_ANTIINFLAMMATORY_SIGNALING,WP_IL10_ANTIINFLAMMATORY_SIGNALING,WikiPathways,Treg,SF_vs_PB_Treg,1.60191596,0.646348014,0.0284539505,0.14041772,11,5,IL10/STAT3/IL1A/BLVRB/HMOX1,up,FALSE
WP_CAMKK2_PATHWAY,WP_CAMKK2_PATHWAY,WikiPathways,Treg,SF_vs_PB_Treg,1.4231194,0.361602152,0.0287317852,0.1405007,84,32,OASL/TNF/SPINT1/PCK2/STIM1/MAF/CCL5/CYB5R3/ICAM1/CAMK1/HIF1A/PFKFB3/FIS1/WDR35/SREBF1/MAMDC2/IFI44L/SQSTM1/SLC38A5/HK1/SLC2A1/ABCA1/SPIRE1/KEAP1/MAP1LC3A/HK2/FASN/DNM1L/HMOX1/CALM1/PAK1/MAP1LC3B,up,FALSE
WP_PTDINS45P2_IN_CYTOKINESIS_PATHWAY,WP_PTDINS45P2_IN_CYTOKINESIS_PATHWAY,WikiPathways,Treg,SF_vs_PB_Treg,1.60073768,0.663008438,0.0288076975,0.1405007,10,6,RHOA/EZR/RDX/RAB35/RACGAP1/MSN,up,FALSE
WP_MELATONIN_METABOLISM_AND_EFFECTS,WP_MELATONIN_METABOLISM_AND_EFFECTS,WikiPathways,Treg,SF_vs_PB_Treg,-1.56121139,-0.505841449,0.0290676456,0.140944282,22,12,CRY2/NFKB1/SULT1A1/TRAF6/SIRT1/PER2/PER3/GSK3B/MIR146A/CLOCK/CSNK1E/PRKCA,down,FALSE
WP_TYPE_2_PAPILLARY_RENAL_CELL_CARCINOMA,WP_TYPE_2_PAPILLARY_RENAL_CELL_CARCINOMA,WikiPathways,Treg,SF_vs_PB_Treg,1.55141356,0.499463426,0.0297492169,0.1434153,26,9,CDKN1A/EPAS1/RBX1/HIF1A/TFE3/SLC2A1/DIAPH1/VEGFA/TFEB,up,FALSE
WP_VITAMIN_D_METABOLISM,WP_VITAMIN_D_METABOLISM,WikiPathways,Treg,SF_vs_PB_Treg,1.58052674,0.757691142,0.0299378833,0.143495372,6,4,VDR/RXRA/CYP2R1/DHCR7,up,FALSE
WP_OXIDATIVE_PHOSPHORYLATION,WP_OXIDATIVE_PHOSPHORYLATION,WikiPathways,Treg,SF_vs_PB_Treg,1.49107838,0.42920258,0.0304683294,0.145203353,43,19,NDUFB2/GZMB/NDUFV2/NDUFA6/NDUFA4/NDUFB7/NDUFAB1/ATP6AP2/ATP6AP1/NDUFS4/NDUFS6/NDUFS8/NDUFS5/NDUFB6/NDUFA5/NDUFC1/NDUFS3/NDUFA8/MT-ND5,up,FALSE
WP_SLC25A46_PATHWAY,WP_SLC25A46_PATHWAY,WikiPathways,Treg,SF_vs_PB_Treg,1.56788159,0.545150865,0.0308143249,0.145902563,19,10,EMC7/EMC4/EMC6/APOO/EMC3/DNM1L/IMMT/CHCHD6/EMC2/EMC1,up,FALSE
WP_INTERFERON_TYPE_I_SIGNALING,WP_INTERFERON_TYPE_I_SIGNALING,WikiPathways,Treg,SF_vs_PB_Treg,-1.45191859,-0.384052171,0.0309649324,0.145902563,52,11,CREB1/REL/RPTOR/IFNAR1/PIAS1/PIK3R1/EIF4B/RPS6/MAP3K1/MAP2K6/PTPN6,down,FALSE
WP_COMPLEMENT_SYSTEM,WP_COMPLEMENT_SYSTEM,WikiPathways,Treg,SF_vs_PB_Treg,1.48490718,0.423805918,0.0314034773,0.147137641,45,14,GNA15/C3AR1/TXN/PRNP/F12/ICAM1/ITGAX/GNAI3/FKBP2/ITGA2/ITGB2/CALR/PLAUR/CD93,up,FALSE
WP_FATTY_ACID_BETAOXIDATION,WP_FATTY_ACID_BETAOXIDATION,WikiPathways,Treg,SF_vs_PB_Treg,1.52740359,0.475722269,0.0316381274,0.147408929,30,10,TPI1/ACSL3/ACSL4/GK/CHKB/ECHS1/ACSL1/ACADM/CRAT/ACSS2,up,FALSE
WP_TRANSCRIPTIONAL_REGULATION_OF_MEMORY_B_CELL_DIFFERENTIATION,WP_TRANSCRIPTIONAL_REGULATION_OF_MEMORY_B_CELL_DIFFERENTIATION,WikiPathways,Treg,SF_vs_PB_Treg,1.50179075,0.443837728,0.0319461045,0.148016951,38,7,CDKN1A/SLAMF1/CD79B/STAT3/CCND2/BCL2L1/IL4R,up,FALSE
WP_SPHINGOLIPID_METABOLISM_INTEGRATED_PATHWAY,WP_SPHINGOLIPID_METABOLISM_INTEGRATED_PATHWAY,WikiPathways,Treg,SF_vs_PB_Treg,1.55861802,0.541929932,0.0328247717,0.151175474,19,13,CERS5/SPTLC2/KDSR/CERS2/UGCG/CERS4/SGPL1/SPHK1/DEGS1/SMPD1/SGMS2/SGPP2/SPTLC1,up,FALSE
WP_NOTCH_SIGNALING_WP268,WP_NOTCH_SIGNALING_WP268,WikiPathways,Treg,SF_vs_PB_Treg,1.5104004,0.457570839,0.0329903314,0.151175474,34,15,KAT2B/RBPJ/NOTCH1/NCOR2/JAG2/DTX3L/PSEN2/NOTCH2/PSEN1/DVL3/LFNG/DLL3/NCSTN/APH1B/NUMB,up,FALSE
WP_PROSTAGLANDIN_SYNTHESIS_AND_REGULATION,WP_PROSTAGLANDIN_SYNTHESIS_AND_REGULATION,WikiPathways,Treg,SF_vs_PB_Treg,1.53476336,0.499021402,0.0337668136,0.153888102,25,13,S100A6/ANXA4/ANXA1/S100A10/ANXA2/PPARG/ANXA5/PTGFRN/EDNRB/PTGS1/HPGD/CBR1/ANXA6,up,FALSE
WP_INHIBITORS_OF_METABOLISM_IN_MELANOMA_THERAPY,WP_INHIBITORS_OF_METABOLISM_IN_MELANOMA_THERAPY,WikiPathways,Treg,SF_vs_PB_Treg,1.51135885,0.463954792,0.0342596327,0.155285509,32,6,NAMPT/SLC16A3/PKM/LDHA/SLC16A1/SLC1A5,up,FALSE
WP_MBDNF_AND_PROBDNF_REGULATION_OF_GABA_NEUROTRANSMISSION,WP_MBDNF_AND_PROBDNF_REGULATION_OF_GABA_NEUROTRANSMISSION,WikiPathways,Treg,SF_vs_PB_Treg,1.54317046,0.529783187,0.0351423321,0.156915301,20,5,CREM/NTRK2/STAT3/RHOA/AP2B1,up,FALSE
WP_TYPE_I_COLLAGEN_SYNTHESIS_IN_THE_CONTEXT_OF_OSTEOGENESIS_IMPERFECTA,WP_TYPE_I_COLLAGEN_SYNTHESIS_IN_THE_CONTEXT_OF_OSTEOGENESIS_IMPERFECTA,WikiPathways,Treg,SF_vs_PB_Treg,1.55908659,0.557748155,0.0351576521,0.156915301,17,6,SERPINH1/P4HA2/BMP1/P4HA1/ITPR1/PPIB,up,FALSE
WP_PURINE_METABOLISM,WP_PURINE_METABOLISM,WikiPathways,Treg,SF_vs_PB_Treg,1.57332527,0.651654514,0.0351836467,0.156915301,10,5,IMPDH1/ITPA/HPRT1/PRPS1/PNP,up,FALSE
WP_HIJACK_OF_UBIQUITINATION_BY_SARSCOV2,WP_HIJACK_OF_UBIQUITINATION_BY_SARSCOV2,WikiPathways,Treg,SF_vs_PB_Treg,1.56145737,0.74854945,0.0355401793,0.157662285,6,2,CBFB/RBX1,up,FALSE
WP_SMALL_CELL_LUNG_CANCER,WP_SMALL_CELL_LUNG_CANCER,WikiPathways,Treg,SF_vs_PB_Treg,1.41331961,0.365985582,0.0360012414,0.158506211,75,28,CDKN1A/GADD45G/CDK6/RXRA/GADD45A/BID/BCL2L1/CYCS/DDB2/ITGA3/CASP9/ITGA2/TRAF1/NFKBIB/TRAF3/FN1/NFKBIA/AKT1/LAMB3/IKBKG/GADD45B/TRAF2/CKS2/ITGAV/APAF1/LAMA5/CKS1B/POLK,up,FALSE
WP_JAKSTAT_SIGNALING_AND_ARTD_FAMILY_MEMBERS,WP_JAKSTAT_SIGNALING_AND_ARTD_FAMILY_MEMBERS,WikiPathways,Treg,SF_vs_PB_Treg,1.56465188,0.590174473,0.0361105276,0.158506211,14,4,STAT3/PARP9/RBX1/DTX3L,up,FALSE
WP_NOTCH_SIGNALING_WP61,WP_NOTCH_SIGNALING_WP61,WikiPathways,Treg,SF_vs_PB_Treg,1.45470021,0.407810671,0.0366980645,0.158682274,49,21,CDKN1A/RBPJ/NOTCH1/STAT3/NCOR2/HIF1A/JAG2/PSEN2/FHL1/NOTCH2/PSEN1/AKT1/PSENEN/NCOR1/SAP30/SRC/DLL3/NCSTN/APH1B/NUMB/SKP1,up,FALSE
WP_WNTBETACATENIN_SIGNALING_IN_LEUKEMIA,WP_WNTBETACATENIN_SIGNALING_IN_LEUKEMIA,WikiPathways,Treg,SF_vs_PB_Treg,-1.54243967,-0.528430606,0.0367054611,0.158682274,18,7,ZBTB16/GSK3B/BCL9/AXIN2/PPARD/LEF1/MYC,down,FALSE
WP_DNA_DAMAGE_RESPONSE,WP_DNA_DAMAGE_RESPONSE,WikiPathways,Treg,SF_vs_PB_Treg,1.42720491,0.381239769,0.0367214374,0.158682274,63,10,CDKN1A/GADD45G/CDK6/GADD45A/BID/CCND2/CYCS/DDB2/NBN/CASP9,up,FALSE
WP_TRANSLATION_FACTORS,WP_TRANSLATION_FACTORS,WikiPathways,Treg,SF_vs_PB_Treg,-1.43456771,-0.382594477,0.0370877866,0.159439248,50,16,EIF3A/EIF4A2/EIF3G/EIF3D/EIF4EBP3/EEF1A1/EEF1G/EIF4EBP2/EIF3H/EIF3E/EIF4B/EIF3F/PABPC1/EEF1B2/EEF2/EIF2S3,down,FALSE
WP_MITOCHONDRIAL_BETAOXIDATION,WP_MITOCHONDRIAL_BETAOXIDATION,WikiPathways,Treg,SF_vs_PB_Treg,1.56480037,0.691108344,0.0381689811,0.163245796,8,4,ACSL3/ECHS1/HSD17B10/ACAA2,up,FALSE
WP_BIOTIN_METABOLISM_INCLUDING_IMDS,WP_BIOTIN_METABOLISM_INCLUDING_IMDS,WikiPathways,Treg,SF_vs_PB_Treg,-1.55365767,-0.650513396,0.0395465114,0.167747052,9,3,ACACB/MCCC1/ACACA,down,FALSE
WP_RAC1PAK1P38MMP2_PATHWAY,WP_RAC1PAK1P38MMP2_PATHWAY,WikiPathways,Treg,SF_vs_PB_Treg,1.43155984,0.392205299,0.0396804402,0.167747052,55,20,STAT3/MAPK11/EIF4EBP1/CTNNB1/TNIP3/KRAS/CASP9/BAD/MAPK8/FOXO1/FN1/NRAS/NFKBIA/CASP7/AKT1/PTPN11/IKBKG/TNIP2/HRAS/PAK1,up,FALSE
WP_PYRIMIDINE_METABOLISM,WP_PYRIMIDINE_METABOLISM,WikiPathways,Treg,SF_vs_PB_Treg,1.39596173,0.359261584,0.0398248397,0.167747052,78,25,TYMP/ENTPD1/DCTPP1/NT5C/NME7/POLR2K/CMPK2/UPP1/NME6/POLR3K/POLR2L/CMPK1/POLR1C/POLR2E/NME1/UCKL1/PNPT1/UCK2/POLR2G/UPRT/POLR1A/POLR3H/POLD3/NME3/DCTD,up,FALSE
WP_KYNURENINE_PATHWAY_AND_LINKS_TO_CELL_SENESCENCE,WP_KYNURENINE_PATHWAY_AND_LINKS_TO_CELL_SENESCENCE,WikiPathways,Treg,SF_vs_PB_Treg,1.53817855,0.56967468,0.0408746878,0.171303968,15,3,CDKN1A/TNF/IL1R2,up,FALSE
WP_COMPLEMENT_SYSTEM_IN_NEURONAL_DEVELOPMENT_AND_PLASTICITY,WP_COMPLEMENT_SYSTEM_IN_NEURONAL_DEVELOPMENT_AND_PLASTICITY,WikiPathways,Treg,SF_vs_PB_Treg,1.41147009,0.378070341,0.0423728814,0.176694915,62,20,C3AR1/FASLG/BID/CLU/CYCS/ITGAX/PRKCI/ITGAM/PARD6G/CASP9/ITGB2/PARD6A/CAP1/C1QA/C1QB/CASP7/C1QC/FAS/HTRA2/PROS1,up,FALSE
WP_HEPATITIS_C_AND_HEPATOCELLULAR_CARCINOMA,WP_HEPATITIS_C_AND_HEPATOCELLULAR_CARCINOMA,WikiPathways,Treg,SF_vs_PB_Treg,1.45651125,0.425841599,0.042872106,0.177706994,40,17,CDKN1A/FASLG/STAT3/BCL2L1/MYOF/HIF1A/CTTN/CD44/CASP9/MAPK8/CXCR1/CASP7/AKT1/TGFBR1/VAV2/VEGFA/PTPN11,up,FALSE
WP_PURINE_METABOLISM_AND_RELATED_DISORDERS,WP_PURINE_METABOLISM_AND_RELATED_DISORDERS,WikiPathways,Treg,SF_vs_PB_Treg,1.52606467,0.537863564,0.043041742,0.177706994,18,6,IMPDH1/ITPA/HPRT1/TPMT/PRPS1/PNP,up,FALSE
WP_MEVALONATE_PATHWAY,WP_MEVALONATE_PATHWAY,WikiPathways,Treg,SF_vs_PB_Treg,1.54489444,0.708268163,0.0439719361,0.180653176,7,6,PMVK/HMGCS1/MVD/HMGCR/FDPS/ACAT2,up,FALSE
WP_MACROPHAGESTIMULATING_PROTEIN_MSP_SIGNALING,WP_MACROPHAGESTIMULATING_PROTEIN_MSP_SIGNALING,WikiPathways,Treg,SF_vs_PB_Treg,1.38227768,0.355739888,0.0452210192,0.184825937,78,27,IL10/TNF/DUSP4/NR4A1/VIM/ZEB2/CSF2/LDHA/CTNNB1/FOS/MMP9/EGR1/MAPK8/HSPB1/SLC2A1/ELK1/FN1/NDRG1/HK2/AKT1/VEGFA/CCL2/FLT1/SOCS3/MST1R/SOCS1/DUSP6,up,FALSE
WP_BDNF_SIGNALING_IN_NEURODEVELOPMENT,WP_BDNF_SIGNALING_IN_NEURODEVELOPMENT,WikiPathways,Treg,SF_vs_PB_Treg,1.34360325,0.32804449,0.0454308358,0.184825937,107,38,NTRK2/STAT3/MKNK1/YWHAG/RHOA/MAPK11/EIF4EBP1/CYCS/MAPKAPK2/CTNNB1/LIMK1/TP73/PRKCI/RAP1B/ARHGDIA/KRAS/TIAM2/CASP9/BAD/YWHAH/YWHAB/FADD/PARD6A/MAPK8/YWHAZ/EIF4E/PRKCD/YWHAQ/NRAS/NFKBIA/DIAPH1/CFL1/AKT1/RAPGEF1/PTPN11/IKBKG/HRAS/PAK1,up,FALSE
WP_AMINO_ACID_TRANSPORT_DEFECTS_IEMS,WP_AMINO_ACID_TRANSPORT_DEFECTS_IEMS,WikiPathways,Treg,SF_vs_PB_Treg,1.51363077,0.76702577,0.0462433484,0.18652956,5,2,SLC3A2/SLC1A1,up,FALSE
WP_IL1_AND_MEGAKARYOCYTES_IN_OBESITY,WP_IL1_AND_MEGAKARYOCYTES_IN_OBESITY,WikiPathways,Treg,SF_vs_PB_Treg,1.50231507,0.515757192,0.0464876421,0.18652956,20,12,TIMP1/IL1R1/ICAM1/F2R/MMP9/HBEGF/CCL2/IFNG/FCER1A/MYD88/IRAK1/IL18,up,FALSE
WP_GLUTATHIONE_METABOLISM,WP_GLUTATHIONE_METABOLISM,WikiPathways,Treg,SF_vs_PB_Treg,1.52838704,0.588838322,0.0465205616,0.18652956,13,5,GGT1/GSS/IDH1/GPX1/OPLAH,up,FALSE
WP_CANONICAL_AND_NONCANONICAL_NOTCH_SIGNALING,WP_CANONICAL_AND_NONCANONICAL_NOTCH_SIGNALING,WikiPathways,Treg,SF_vs_PB_Treg,1.51692936,0.551860931,0.0471961287,0.188332877,16,7,RBPJ/NOTCH1/JAG2/PSEN2/NOTCH2/RRAS/PSEN1,up,FALSE
WP_MIRNA_REGULATION_OF_DNA_DAMAGE_RESPONSE,WP_MIRNA_REGULATION_OF_DNA_DAMAGE_RESPONSE,WikiPathways,Treg,SF_vs_PB_Treg,1.39084324,0.369407705,0.0479830075,0.190561087,65,10,CDKN1A/GADD45G/CDK6/GADD45A/BID/CCND2/CYCS/DDB2/NBN/CASP9,up,FALSE
WP_PPAR_SIGNALING,WP_PPAR_SIGNALING,WikiPathways,Treg,SF_vs_PB_Treg,1.46794636,0.457203832,0.0490005144,0.193679759,30,14,RXRA/PCK2/SLC27A4/ILK/PPARG/GK/ACSL1/SCD/UBC/SCP2/ANGPTL4/FADS2/DBI/OLR1,up,FALSE
WP_ARYL_HYDROCARBON_RECEPTOR_PATHWAY_WP2586,WP_ARYL_HYDROCARBON_RECEPTOR_PATHWAY_WP2586,WikiPathways,Treg,SF_vs_PB_Treg,1.44035407,0.425680793,0.0495490601,0.194924133,38,17,CDKN1A/TNF/NCOR2/CDC37/NQO1/KRAS/KLF6/NRAS/AIP/VEGFA/PLAGL1/HRAS/SRC/CCL1/NFE2L2/AHR/HSP90AA1,up,FALSE
WP_TNFALPHA_SIGNALING,WP_TNFALPHA_SIGNALING,WikiPathways,Treg,SF_vs_PB_Treg,1.35900821,0.344572033,0.0498449307,0.195167475,85,29,TNF/TXN/BID/BCL2L1/TNFRSF1B/TANK/CYBA/CDC37/KRAS/CASP9/RIPK3/BAD/TRAF1/NFKBIE/FADD/NFKBIB/MAPK8/NRAS/NFKB2/NFKBIA/TBK1/CASP7/AKT1/CCL2/IKBKG/HRAS/CFLAR/TRAF2/DIABLO,up,FALSE
WP_VITAMIN_B12_METABOLISM,WP_VITAMIN_B12_METABOLISM,WikiPathways,Treg,SF_vs_PB_Treg,1.46315692,0.459600073,0.0507234356,0.197408611,29,11,TNF/TCN2/CCL5/LDLR/ICAM1/TCN1/MPO/SERPINE1/SOD1/ABCA1/NFKB2,up,FALSE
WP_RIOK1_AND_RIOK2_IN_EGFR_AND_PI3KMEDIATED_TUMORIGENESIS,WP_RIOK1_AND_RIOK2_IN_EGFR_AND_PI3KMEDIATED_TUMORIGENESIS,WikiPathways,Treg,SF_vs_PB_Treg,-1.50413314,-0.552185269,0.0510968825,0.197408611,14,4,FOXO3/RPL11/RICTOR/TP53,down,FALSE
WP_LACTATE_SHUTTLE_IN_GLIAL_CELLS,WP_LACTATE_SHUTTLE_IN_GLIAL_CELLS,WikiPathways,Treg,SF_vs_PB_Treg,1.52364899,0.651069507,0.05112741,0.197408611,9,7,SLC16A3/NUDT14/SLC2A3/LDHA/SLC16A1/HK1/SLC2A1,up,FALSE
WP_ATOPIC_DERMATITIS_MECHANISM_AND_THERAPIES,WP_ATOPIC_DERMATITIS_MECHANISM_AND_THERAPIES,WikiPathways,Treg,SF_vs_PB_Treg,1.51320205,0.59551155,0.0523988928,0.201357177,12,7,IL2RG/STAT3/IL4R/JAK3/FCER1A/IL13/IL1RL1,up,FALSE
WP_VITAMIN_K_METABOLISM_AND_ACTIVATION_OF_DEPENDENT_PROTEINS,WP_VITAMIN_K_METABOLISM_AND_ACTIVATION_OF_DEPENDENT_PROTEINS,WikiPathways,Treg,SF_vs_PB_Treg,1.52036141,0.697020814,0.0527663234,0.201357177,7,5,AIFM2/NQO1/VKORC1L1/VKORC1/PROS1,up,FALSE
WP_NONSMALL_CELL_LUNG_CANCER,WP_NONSMALL_CELL_LUNG_CANCER,WikiPathways,Treg,SF_vs_PB_Treg,1.38364062,0.370616057,0.0528743666,0.201357177,62,12,CDKN1A/GADD45G/CDK6/RXRA/GADD45A/STAT3/BID/CYCS/DDB2/KRAS/CASP9/BAD,up,FALSE
WP_SMALL_LIGAND_GPCRS,WP_SMALL_LIGAND_GPCRS,WikiPathways,Treg,SF_vs_PB_Treg,-1.5092903,-0.656136699,0.0539492315,0.203974979,8,5,PTAFR/PTGIR/S1PR4/S1PR1/PTGER2,down,FALSE
WP_NANOPARTICLE_TRIGGERED_REGULATED_NECROSIS,WP_NANOPARTICLE_TRIGGERED_REGULATED_NECROSIS,WikiPathways,Treg,SF_vs_PB_Treg,1.51168523,0.609941329,0.0540509237,0.203974979,11,5,TNF/RIPK3/FADD/MAPK8/TICAM1,up,FALSE
WP_QUERCETIN_AND_NFKB_AP1_INDUCED_APOPTOSIS,WP_QUERCETIN_AND_NFKB_AP1_INDUCED_APOPTOSIS,WikiPathways,Treg,SF_vs_PB_Treg,1.50982674,0.609191456,0.0547072563,0.205041502,11,7,FOS/NFKBIA/KEAP1/VEGFA/MAFK/NFE2L2/MAFG,up,FALSE
WP_DISORDERS_OF_GALACTOSE_METABOLISM,WP_DISORDERS_OF_GALACTOSE_METABOLISM,WikiPathways,Treg,SF_vs_PB_Treg,1.51458422,0.668929923,0.0548252457,0.205041502,8,5,GALK1/GYG1/GALE/PGM1/GBE1,up,FALSE
WP_TOLLLIKE_RECEPTOR_SIGNALING,WP_TOLLLIKE_RECEPTOR_SIGNALING,WikiPathways,Treg,SF_vs_PB_Treg,1.36492307,0.356875648,0.0558747188,0.207976121,71,21,CCL4/TNF/CD80/CCL5/MAPK11/CCL3/LY96/FOS/IRF7/FADD/NFKBIB/MAPK8/TRAF3/TIRAP/NFKBIA/TBK1/TICAM2/IRF5/TOLLIP/AKT1/TICAM1,up,FALSE
WP_TP53_NETWORK,WP_TP53_NETWORK,WikiPathways,Treg,SF_vs_PB_Treg,1.48630085,0.531709757,0.0561086657,0.207976121,17,5,CDKN1A/GADD45A/BID/TP63/TP73,up,FALSE
WP_NOVEL_INTRACELLULAR_COMPONENTS_OF_RIGILIKE_RECEPTOR_PATHWAY,WP_NOVEL_INTRACELLULAR_COMPONENTS_OF_RIGILIKE_RECEPTOR_PATHWAY,WikiPathways,Treg,SF_vs_PB_Treg,1.3839529,0.38483599,0.0590763002,0.218007232,51,20,TNF/ISG15/MAPK11/TANK/DHX58/IRF7/TRIM25/FADD/NFKBIB/MAPK8/TRAF3/NFKBIA/TBK1/PIN1/OTUD5/IKBKG/TRAF2/CXCL10/IFNG/IFIH1,up,FALSE
WP_EPITHELIAL_TO_MESENCHYMAL_TRANSITION_IN_COLORECTAL_CANCER,WP_EPITHELIAL_TO_MESENCHYMAL_TRANSITION_IN_COLORECTAL_CANCER,WikiPathways,Treg,SF_vs_PB_Treg,1.34179161,0.341607027,0.0596543074,0.218608843,83,26,RBPJ/ID2/NOTCH1/ZEB2/MAPK11/EIF5A2/CTNNB1/EED/HIF1A/JAG2/CDKL2/TWIST1/KRAS/MMP9/MAPK8/NOTCH2/FN1/CLDN7/AKT1/TGFBR1/WNT9A/MEF2D/LATS2/WNT10A/HRAS/PAK1,up,FALSE
WP_IL19_SIGNALING,WP_IL19_SIGNALING,WikiPathways,Treg,SF_vs_PB_Treg,1.45771427,0.494507303,0.0597635686,0.218608843,21,7,TNF/STAT3/IL4R/CXCR4/MAPK8/AKT1/SOCS1,up,FALSE
WP_IL2_SIGNALING,WP_IL2_SIGNALING,WikiPathways,Treg,SF_vs_PB_Treg,1.40275211,0.40791884,0.0605166052,0.219297489,41,6,IL2RB/IL2RA/IL2RG/CISH/STAT3/CCND2,up,FALSE
WP_SEROTONIN_TRANSPORTER_ACTIVITY,WP_SEROTONIN_TRANSPORTER_ACTIVITY,WikiPathways,Treg,SF_vs_PB_Treg,1.49394511,0.716184644,0.0606620538,0.219297489,6,5,IL1R1/STX1A/TGFB1I1/PPP2CB/SCAMP2,up,FALSE
WP_WNT_SIGNALING_AND_PLURIPOTENCY,WP_WNT_SIGNALING_AND_PLURIPOTENCY,WikiPathways,Treg,SF_vs_PB_Treg,-1.34282102,-0.342801319,0.0607406715,0.219297489,62,11,CSNK1E/PRKCB/PRKCQ/TP53/PRKCA/AXIN2/PPARD/LEF1/MYC/PPP2R5C/TCF7,down,FALSE
WP_ARSENIC_METABOLISM_AND_REACTIVE_OXYGEN_SPECIES_GENERATION,WP_ARSENIC_METABOLISM_AND_REACTIVE_OXYGEN_SPECIES_GENERATION,WikiPathways,Treg,SF_vs_PB_Treg,1.49332997,0.618521313,0.0616728172,0.221024686,10,4,VDAC1/GSTO1/SOD1/COA3,up,FALSE
WP_ALTERED_GLYCOSYLATION_OF_MUC1_IN_TUMOR_MICROENVIRONMENT,WP_ALTERED_GLYCOSYLATION_OF_MUC1_IN_TUMOR_MICROENVIRONMENT,WikiPathways,Treg,SF_vs_PB_Treg,1.49660773,0.660990443,0.0617491028,0.221024686,8,4,TNF/MUC1/NFKBIA/IKBKG,up,FALSE
WP_7Q1123_DISTAL_COPY_NUMBER_VARIATION,WP_7Q1123_DISTAL_COPY_NUMBER_VARIATION,WikiPathways,Treg,SF_vs_PB_Treg,1.46758628,0.533909854,0.0628902173,0.224147185,16,5,LMNA/YWHAG/RHBDD2/DAPK2/HSPB1,up,FALSE
WP_FOLATE_METABOLISM,WP_FOLATE_METABOLISM,WikiPathways,Treg,SF_vs_PB_Treg,1.3982489,0.408807382,0.0633149131,0.224700585,40,14,CSF1/TNF/MTHFD2/LDLR/ICAM1/MPO/SERPINE1/SOD1/ABCA1/NFKB2/SLC19A1/GPX1/MTHFD1/CCL2,up,FALSE
WP_SILDENAFIL_TREATMENT,WP_SILDENAFIL_TREATMENT,WikiPathways,Treg,SF_vs_PB_Treg,1.47621286,0.568737291,0.0638841404,0.225435991,13,6,PDE4D/PDE4A/NOS3/PDE4B/GAPDH/AKT1,up,FALSE
WP_GLUCURONIDATION,WP_GLUCURONIDATION,WikiPathways,Treg,SF_vs_PB_Treg,1.48531428,0.712047097,0.0640627457,0.225435991,6,4,UGP2/PGM1/HK1/PGM2,up,FALSE
WP_HAIR_FOLLICLE_DEVELOPMENT_CYTODIFFERENTIATION_STAGE_3_OF_3,WP_HAIR_FOLLICLE_DEVELOPMENT_CYTODIFFERENTIATION_STAGE_3_OF_3,WikiPathways,Treg,SF_vs_PB_Treg,1.40712735,0.423406629,0.0647113509,0.225830587,35,15,RBPJ/PHLDA1/S100A4/NOTCH1/GSDMA/TP63/PERP/CTNNB1/FOS/NOTCH2/EGR2/TCF4/GTPBP4/FOSB/IFNG,up,FALSE
WP_PATHOGENIC_ESCHERICHIA_COLI_INFECTION,WP_PATHOGENIC_ESCHERICHIA_COLI_INFECTION,WikiPathways,Treg,SF_vs_PB_Treg,1.38516649,0.397000601,0.0647164393,0.225830587,44,20,TUBB2A/TUBB6/RHOA/EZR/CTNNB1/LY96/ARPC5L/CTTN/TUBA1C/TUBA1A/YWHAZ/YWHAQ/ACTB/TUBB4B/ARPC2/ROCK1/TUBB/CDC42/TUBA4A/TUBA1B,up,FALSE
WP_G13_SIGNALING,WP_G13_SIGNALING,WikiPathways,Treg,SF_vs_PB_Treg,1.41041311,0.432966611,0.0663929318,0.230715438,32,13,IQGAP1/CYFIP1/RHOA/RTKN/LIMK1/PPP1CB/DIAPH1/CFL1/CALM1/PFN1/ROCK1/CDC42/GNA13,up,FALSE
WP_PREGNANE_X_RECEPTOR_PATHWAY,WP_PREGNANE_X_RECEPTOR_PATHWAY,WikiPathways,Treg,SF_vs_PB_Treg,1.47248225,0.579486515,0.067199754,0.232550186,12,6,RXRA/NCOA3/FOXO1/NCOA1/SRC/HSP90AA1,up,FALSE
WP_GNAQ_PR183Q_DRIVES_CAPILLARY_MALFORMATION,WP_GNAQ_PR183Q_DRIVES_CAPILLARY_MALFORMATION,WikiPathways,Treg,SF_vs_PB_Treg,-1.43058558,-0.463517937,0.0678602864,0.233865615,22,12,PKN2/PRKD2/ANGPT2/PRKD3/PRKCZ/PRKCH/PPP3CC/GNAQ/NFATC1/PRKCB/PRKCQ/PRKCA,down,FALSE
WP_NITRIC_OXIDE_METABOLISM_IN_CYSTIC_FIBROSIS,WP_NITRIC_OXIDE_METABOLISM_IN_CYSTIC_FIBROSIS,WikiPathways,Treg,SF_vs_PB_Treg,1.47677948,0.631041726,0.0691231688,0.237070783,9,3,NOS3/PRMT1/DDAH2,up,FALSE
WP_GABA_AND_GLUTAMATE_SIGNALLING_IN_EPILEPTOGENESIS,WP_GABA_AND_GLUTAMATE_SIGNALLING_IN_EPILEPTOGENESIS,WikiPathways,Treg,SF_vs_PB_Treg,1.35932022,0.376511603,0.0694671113,0.237070783,52,17,SLC6A6/NR4A1/STAT3/STIM1/NETO2/NPTN/AP2B1/SLC1A1/GAPDH/SNX14/SLC12A5/ADARB1/DLG4/KIF5C/MAP1LC3B/P4HB/SRC,up,FALSE
WP_TRIACYLGLYCERIDE_SYNTHESIS,WP_TRIACYLGLYCERIDE_SYNTHESIS,WikiPathways,Treg,SF_vs_PB_Treg,1.45798822,0.549941773,0.0696430958,0.237070783,14,4,AGPAT2/AGPAT4/GK/DGAT2,up,FALSE
WP_NONGENOMIC_ACTIONS_OF_125DIHYDROXYVITAMIN_D3,WP_NONGENOMIC_ACTIONS_OF_125DIHYDROXYVITAMIN_D3,WikiPathways,Treg,SF_vs_PB_Treg,1.34491848,0.362441284,0.0719747457,0.244011943,60,14,IFI27L2/VDR/TNF/RSAD2/IFNGR1/RXRA/ISG15/MAPK11/KRAS/IFI44L/MAPK8/PRKCD/NRAS/NFKB2,up,FALSE
WP_NAD_METABOLISM_SIRTUINS_AND_AGING,WP_NAD_METABOLISM_SIRTUINS_AND_AGING,WikiPathways,Treg,SF_vs_PB_Treg,1.46277583,0.605866116,0.0744053944,0.24927109,10,4,NAMPT/HIF1A/PPARG/FOXO1,up,FALSE
WP_ELECTRON_TRANSPORT_CHAIN_OXPHOS_SYSTEM_IN_MITOCHONDRIA,WP_ELECTRON_TRANSPORT_CHAIN_OXPHOS_SYSTEM_IN_MITOCHONDRIA,WikiPathways,Treg,SF_vs_PB_Treg,1.31178312,0.334727386,0.0744949712,0.24927109,82,33,UCP3/COX17/NDUFB2/NDUFV2/NDUFA6/NDUFA4/COX7A2/NDUFB7/NDUFAB1/COX8A/NDUFS4/NDUFS6/NDUFS8/COX5A/UCP2/NDUFS5/UQCRQ/COX6C/NDUFB3/NDUFB6/COX7B/NDUFA5/NDUFA1/NDUFC1/NDUFS3/NDUFA8/MT-ND5/SDHC/SLC25A14/UQCRC1/SDHB/NDUFA9/SLC25A4,up,FALSE
WP_FATTY_ACID_AND_LIPOPROTEIN_TRANSPORT_IN_HEPATOCYTES,WP_FATTY_ACID_AND_LIPOPROTEIN_TRANSPORT_IN_HEPATOCYTES,WikiPathways,Treg,SF_vs_PB_Treg,1.21656949,0.263199271,0.0745125134,0.24927109,268,83,SURF4/SLC27A2/MYO1E/SCARB2/ACSL3/SLC27A4/RAB5A/MSMO1/BCL2L1/IDI1/LRP8/LDLR/EHD4/VDAC1/EBP/CYB5R3/CD320/PSTPIP1/PICALM/CYTH2/ACOX3/CTTN/TRIP10/AP2B1/PMVK/ECHS1/VLDLR/ACSL1/DHCR7/HMGCS1/APOO/RAB1A/SNX9/DPYSL2/SOAT1/ECI2/HSD17B10/HIP1/ACAA2/DHCR24/ABCA1/SCP2/UNC119/PEX2/ACADM/CYP51A1/SNX10/BDH2/DNM1L/RABEP2/STARD3/MVD/SNX5/EPS15/MTMR6/ABCD4/MIB1/NME1/HRAS/LGALS3BP/SLC27A3/HMGCR/SNX33/HEATR5A/TMPRSS3/RAB7A/DBI/HOOK2/RAB22A/DAB2/APOBR/CDC42/RAB34/NSDHL/OLR1/CLEC10A/LY75/MARCO/ACLY/RINL/SLC25A17/LMBRD1/AUH,up,FALSE
WP_B_CELL_RECEPTOR_SIGNALING,WP_B_CELL_RECEPTOR_SIGNALING,WikiPathways,Treg,SF_vs_PB_Treg,-1.2768284,-0.304719969,0.0747215496,0.24927109,89,17,INPP5D/GTF2I/PIP5K1B/GSK3B/CREB1/RPS6KA1/PLCG1/REL/MAP3K7/SOS1/PIK3R1/MALT1/PRKCB/MAX/MYC/MAP2K6/PTPN6,down,FALSE
WP_13Q1212_COPY_NUMBER_VARIATION,WP_13Q1212_COPY_NUMBER_VARIATION,WikiPathways,Treg,SF_vs_PB_Treg,1.41965499,0.481596274,0.0751072559,0.249559568,21,9,SGCB/SNTA1/RHOA/TRAF1/MAPK8/TRAF3/DAG1/TRAF2/CDC42,up,FALSE
WP_INTERFERONMEDIATED_SIGNALING,WP_INTERFERONMEDIATED_SIGNALING,WikiPathways,Treg,SF_vs_PB_Treg,-1.42802498,-0.496865773,0.0757823621,0.250627381,17,4,IFNAR1/PIK3R1/PRKCA/IFNGR2,down,FALSE
WP_FGF23_SIGNALING_IN_HYPOPHOSPHATEMIC_RICKETS_AND_RELATED_DISORDERS,WP_FGF23_SIGNALING_IN_HYPOPHOSPHATEMIC_RICKETS_AND_RELATED_DISORDERS,WikiPathways,Treg,SF_vs_PB_Treg,1.46139596,0.624468205,0.0760296492,0.250627381,9,1,CDKN1A,up,FALSE
WP_PRION_DISEASE_PATHWAY,WP_PRION_DISEASE_PATHWAY,WikiPathways,Treg,SF_vs_PB_Treg,1.39581328,0.438446403,0.0767671182,0.252062113,29,13,BATF/RXRA/PRNP/STAT3/PDIA3/NCAM1/ELK1/HSP90B1/HSPA5/SMC3/RFX5/CASP3/FGFR1,up,FALSE
WP_PERTURBED_THYROID_HORMONE_HOMEOSTASIS_LEADING_TO_DEVELOPMENTAL_NEUROTOXICITY,WP_PERTURBED_THYROID_HORMONE_HOMEOSTASIS_LEADING_TO_DEVELOPMENTAL_NEUROTOXICITY,WikiPathways,Treg,SF_vs_PB_Treg,-1.44111766,-0.68609843,0.0772847547,0.25247251,6,3,SLCO1A2/SLC7A8/SLC16A10,down,FALSE
WP_EGFR_TYROSINE_KINASE_INHIBITOR_RESISTANCE,WP_EGFR_TYROSINE_KINASE_INHIBITOR_RESISTANCE,WikiPathways,Treg,SF_vs_PB_Treg,-1.31342798,-0.337375219,0.0774975571,0.25247251,60,14,GSK3B/FOXO3/PLCG1/SOS1/PIK3R1/NF1/BCL2L11/GAS6/PRKCB/PRKCA/IGF1R/IL6R/RPS6/MYC,down,FALSE
WP_KIT_RECEPTOR_SIGNALING,WP_KIT_RECEPTOR_SIGNALING,WikiPathways,Treg,SF_vs_PB_Treg,-1.33229881,-0.356875911,0.0788303187,0.254797568,49,13,RPS6KA3/STAT5B/INPP5D/MAPK3/RPS6KA1/FOXO3/PLCG1/SOS1/PIK3R1/PRKCB/PRKCA/RPS6/PTPN6,down,FALSE
WP_FACTORS_AND_PATHWAYS_AFFECTING_INSULINLIKE_GROWTH_FACTOR_IGF1AKT_SIGNALING,WP_FACTORS_AND_PATHWAYS_AFFECTING_INSULINLIKE_GROWTH_FACTOR_IGF1AKT_SIGNALING,WikiPathways,Treg,SF_vs_PB_Treg,-1.3692734,-0.404012217,0.0791233938,0.254797568,32,10,NEB/IRS1/FBXO32/GSK3B/ACVR2B/RPTOR/PDK1/RICTOR/IGF1R/SMAD3,down,FALSE
WP_AXON_GUIDANCE,WP_AXON_GUIDANCE,WikiPathways,Treg,SF_vs_PB_Treg,1.35319629,0.387837668,0.0791277818,0.254797568,44,20,MYL12B/ILK/ABLIM3/ARHGEF12/CXCR4/DPYSL2/PARD6A/RRAS/PLXNA1/RHOD/CFL1/NRP1/SEMA7A/HRAS/L1CAM/ROCK1/SRC/CDK5/CDC42/FES,up,FALSE
WP_JAKSTAT_SIGNALING_IN_THE_REGULATION_OF_BETA_CELLS,WP_JAKSTAT_SIGNALING_IN_THE_REGULATION_OF_BETA_CELLS,WikiPathways,Treg,SF_vs_PB_Treg,1.39136886,0.440530622,0.0801456185,0.257082484,28,12,SOCS2/CISH/IFNGR1/STAT3/CCND2/KRAS/NRAS/AKT1/SOCS3/SOCS1/HRAS/IFNG,up,FALSE
WP_STEROL_REGULATORY_ELEMENTBINDING_PROTEINS_SREBP_SIGNALING,WP_STEROL_REGULATORY_ELEMENTBINDING_PROTEINS_SREBP_SIGNALING,WikiPathways,Treg,SF_vs_PB_Treg,1.32438554,0.354744245,0.0805696313,0.257452385,62,26,NR1H2/IDI1/LDLR/SQLE/SREBF2/PPARG/HMGCS1/SAR1B/SCD/SREBF1/PRKAB1/SAR1A/CYP51A1/SEC23B/FASN/AKT1/MVD/SEC24A/HMGCR/DBI/PRKACA/ACLY/SEC13/MDH1/ATF6/FDPS,up,FALSE
WP_DNAJB1PRKACA_FUSION_IN_FIBROLAMELLAR_LIVER_CANCER,WP_DNAJB1PRKACA_FUSION_IN_FIBROLAMELLAR_LIVER_CANCER,WikiPathways,Treg,SF_vs_PB_Treg,-1.43206818,-0.564278949,0.081578456,0.258075818,11,7,CRTC2/SIK1/DNAJB1/HDAC4/HDAC7/CREB1/HDAC5,down,FALSE
WP_7OXOC_AND_7BETAHC_PATHWAYS,WP_7OXOC_AND_7BETAHC_PATHWAYS,WikiPathways,Treg,SF_vs_PB_Treg,1.4194372,0.500282566,0.081581525,0.258075818,18,8,SLC27A2/ACOT4/EBP/ACOT9/DHCR7/ACOT7/SCP2/ACOT11,up,FALSE
WP_RALA_DOWNSTREAM_REGULATED_GENES,WP_RALA_DOWNSTREAM_REGULATED_GENES,WikiPathways,Treg,SF_vs_PB_Treg,1.43905253,0.566330452,0.0816930647,0.258075818,12,5,KRAS/NRAS/RAC3/HRAS/CDC42,up,FALSE
WP_AUTOPHAGY_IN_PANCREATIC_DUCTAL_ADENOCARCINOMA,WP_AUTOPHAGY_IN_PANCREATIC_DUCTAL_ADENOCARCINOMA,WikiPathways,Treg,SF_vs_PB_Treg,1.41593322,0.499047584,0.0829942737,0.260218073,18,10,STAT3/VMP1/TFE3/KRAS/SQSTM1/MAP1LC3B/TFEB/NFE2L2/MDM2/BECN1,up,FALSE
WP_COMMON_PATHWAYS_UNDERLYING_DRUG_ADDICTION,WP_COMMON_PATHWAYS_UNDERLYING_DRUG_ADDICTION,WikiPathways,Treg,SF_vs_PB_Treg,-1.39447188,-0.451816891,0.0829952126,0.260218073,22,7,MAPK3/CREB1/PPP1CC/PRKACB/PRKCB/PRKCA/CAMK4,down,FALSE
WP_BURN_WOUND_HEALING,WP_BURN_WOUND_HEALING,WikiPathways,Treg,SF_vs_PB_Treg,1.33041898,0.365807027,0.0834687677,0.260722668,54,20,S100A11/TIMP1/LGALS1/TNF/S100A6/SERPINH1/VIM/ICAM1/LY96/IL1A/MMP9/CXCR4/ADAM12/FN1/NFKBIA/KLF4/AKT1/VEGFA/CCL2/PFN1,up,FALSE
WP_GAMMAGLUTAMYL_CYCLE_FOR_THE_BIOSYNTHESIS_AND_DEGRADATION_OF_GLUTATHIONE,WP_GAMMAGLUTAMYL_CYCLE_FOR_THE_BIOSYNTHESIS_AND_DEGRADATION_OF_GLUTATHIONE,WikiPathways,Treg,SF_vs_PB_Treg,1.43805755,0.728729372,0.0838495751,0.260826684,5,3,GGT1/GSS/OPLAH,up,FALSE
WP_LIVER_X_RECEPTOR_PATHWAY,WP_LIVER_X_RECEPTOR_PATHWAY,WikiPathways,Treg,SF_vs_PB_Treg,1.43756731,0.728480943,0.0841275514,0.260826684,5,4,RXRA/SCD/SREBF1/FASN,up,FALSE
WP_THYMIC_STROMAL_LYMPHOPOIETIN_TSLP_SIGNALING,WP_THYMIC_STROMAL_LYMPHOPOIETIN_TSLP_SIGNALING,WikiPathways,Treg,SF_vs_PB_Treg,1.34878317,0.39222473,0.0850328503,0.262657027,41,12,IL2RA/STAT4/CISH/STAT3/EIF4EBP1/MAPK8/TNFSF4/YES1/NFKB2/NFKBIA/AKT1/PTPN11,up,FALSE
WP_1P36_COPY_NUMBER_VARIATION_SYNDROME,WP_1P36_COPY_NUMBER_VARIATION_SYNDROME,WikiPathways,Treg,SF_vs_PB_Treg,1.30784865,0.345628723,0.0860892571,0.264938895,67,22,TNFRSF4/TNFRSF18/ISG15/PLEKHN1/RBX1/TRIM25/MRPL20/B3GALT6/RER1/TNFSF4/GDE1/IFIT1/C1orf159/PEX2/ARF6/VEGFA/GNB1/SDF4/PEX10/TRAF2/IFIH1/SKI,up,FALSE
WP_LEPTIN_SIGNALING,WP_LEPTIN_SIGNALING,WikiPathways,Treg,SF_vs_PB_Treg,1.30269856,0.340606297,0.0867105035,0.265869706,71,22,IL1RN/SOCS2/CISH/STAT3/BCL2L1/RHOA/EIF4EBP1/PTPN1/NOS3/BAD/MAPK8/FOXO1/EIF4E/ELK1/NCOA1/AKT1/LEPR/PTPN11/SOCS3/IKBKG/HRAS/ROCK1,up,FALSE
WP_OMEGA3_OMEGA6_FATTY_ACID_SYNTHESIS,WP_OMEGA3_OMEGA6_FATTY_ACID_SYNTHESIS,WikiPathways,Treg,SF_vs_PB_Treg,1.43653396,0.594997015,0.087582356,0.266850381,10,6,ACSL3/ACSL4/ACOX3/ACSL1/FADS1/FADS2,up,FALSE
WP_OLIGODENDROCYTE_SPECIFICATION_AND_DIFFERENTIATION_LEADING_TO_MYELIN_COMPONENTS_FOR_CNS,WP_OLIGODENDROCYTE_SPECIFICATION_AND_DIFFERENTIATION_LEADING_TO_MYELIN_COMPONENTS_FOR_CNS,WikiPathways,Treg,SF_vs_PB_Treg,1.44225633,0.661212968,0.0876702691,0.266850381,7,3,TNF/CNP/LIF,up,FALSE
WP_LEPTININSULIN_SIGNALING_OVERLAP,WP_LEPTININSULIN_SIGNALING_OVERLAP,WikiPathways,Treg,SF_vs_PB_Treg,1.41623252,0.545628794,0.089948716,0.272789924,13,6,SOCS2/STAT3/AKT1/LEPR/SOCS3/SOCS1,up,FALSE
WP_NGLYCAN_BIOSYNTHESIS,WP_NGLYCAN_BIOSYNTHESIS,WikiPathways,Treg,SF_vs_PB_Treg,1.31910026,0.365371269,0.0906478394,0.27293337,52,21,GPI/FUT8/DPM2/MAN1A1/RPN2/ALG5/RPN1/B4GALT2/ALG8/ALG3/MAN2A2/ALG1/DDOST/STT3A/DPAGT1/DOLK/DPM1/MPDU1/DAD1/MGAT2/SRD5A3,up,FALSE
WP_SREBF_AND_MIR33_IN_CHOLESTEROL_AND_LIPID_HOMEOSTASIS,WP_SREBF_AND_MIR33_IN_CHOLESTEROL_AND_LIPID_HOMEOSTASIS,WikiPathways,Treg,SF_vs_PB_Treg,1.40751742,0.521283458,0.0908241664,0.27293337,15,8,LDLR/SREBF2/HMGCS1/SCD/SREBF1/ABCA1/FASN/HMGCR,up,FALSE
WP_PROXIMAL_TUBULE_TRANSPORT,WP_PROXIMAL_TUBULE_TRANSPORT,WikiPathways,Treg,SF_vs_PB_Treg,1.36675698,0.429319371,0.0909777901,0.27293337,29,9,ATP1B1/SLC3A2/ATP6V0B/ATP6V1F/ATP6V1E1/SLC1A1/SLC4A2/ATP6V0E1/SLC2A1,up,FALSE
WP_BENZENE_METABOLISM,WP_BENZENE_METABOLISM,WikiPathways,Treg,SF_vs_PB_Treg,1.4238908,0.721550433,0.091791756,0.27438826,5,2,NQO1/MPO,up,FALSE
WP_PYRIMIDINE_METABOLISM_AND_RELATED_DISEASES,WP_PYRIMIDINE_METABOLISM_AND_RELATED_DISEASES,WikiPathways,Treg,SF_vs_PB_Treg,1.40114471,0.509738322,0.0927412468,0.274999427,16,2,TYMP/NT5C,up,FALSE
WP_EGFEGFR_SIGNALING,WP_EGFEGFR_SIGNALING,WikiPathways,Treg,SF_vs_PB_Treg,1.23714373,0.289650919,0.0939028795,0.274999427,142,41,SH2D2A/IQGAP1/STAT3/RAB5A/EIF4EBP1/RALB/RALGDS/STAMBP/AP2B1/NOS3/PRKCI/TWIST1/FOS/NCOA3/KRAS/PTK6/MAPK8/FOXO1/PIAS3/CBLB/PRKCD/ELK1/ARF6/NEDD4/JUND/CFL1/AKT1/VAV2/EPS15/MEF2D/PTPN11/FOSB/HRAS/PAK1/NEDD8/ROCK1/ABI1/PLD2/SRC/MAPK7/SOS2,up,FALSE
WP_PROLACTIN_SIGNALING,WP_PROLACTIN_SIGNALING,WikiPathways,Treg,SF_vs_PB_Treg,1.29087249,0.33659035,0.0941070874,0.274999427,72,23,SOCS2/CISH/STAT3/YWHAG/EIF4EBP1/CTSD/PTPN1/FOS/NEK3/NFKBIB/MAPK8/YWHAZ/PPIB/PIAS3/ELK1/NFKBIA/AKT1/VAV2/PTPN11/SOCS3/SOCS1/HRAS/PAK1,up,FALSE
WP_GLYCOSPHINGOLIPID_METABOLISM,WP_GLYCOSPHINGOLIPID_METABOLISM,WikiPathways,Treg,SF_vs_PB_Treg,1.40794786,0.542436981,0.0942319882,0.274999427,13,4,ARSA/B4GALT5/GLA/UGCG,up,FALSE
WP_INTERLEUKIN1_IL1_STRUCTURAL_PATHWAY,WP_INTERLEUKIN1_IL1_STRUCTURAL_PATHWAY,WikiPathways,Treg,SF_vs_PB_Treg,1.31828462,0.371179927,0.0943931234,0.274999427,48,16,IL1R1/MKNK1/MAPK11/IRAK2/MAPKAPK2/TANK/FOS/IRF7/IL1A/NFKBIB/MAPK8/EIF4E/ELK1/IL1RAP/NFKBIA/TOLLIP,up,FALSE
WP_REGULATION_OF_TOLLLIKE_RECEPTOR_SIGNALING,WP_REGULATION_OF_TOLLLIKE_RECEPTOR_SIGNALING,WikiPathways,Treg,SF_vs_PB_Treg,1.25595812,0.304840333,0.0945563063,0.274999427,111,31,CCL4/TNF/CD80/CISH/CCL5/MAPK11/IRAK2/CCL3/LY96/FOS/IRF7/FADD/MAPK8/SQSTM1/TRAF3/TIRAP/NFKB2/NFKBIA/TBK1/TICAM2/IRF5/TOLLIP/SFTPD/PELI3/AKT1/TICAM1/OTUD5/RNF41/TMED7/IKBKG/SOCS1,up,FALSE
WP_PROTEOGLYCAN_BIOSYNTHESIS,WP_PROTEOGLYCAN_BIOSYNTHESIS,WikiPathways,Treg,SF_vs_PB_Treg,1.39748291,0.508406151,0.0946958915,0.274999427,16,10,B3GAT3/B3GALT6/SLC35B2/CHSY1/B4GALT7/EXTL3/CANT1/CHST3/EXT1/CSGALNACT1,up,FALSE
WP_LEUKOCYTEINTRINSIC_HIPPO_PATHWAY_FUNCTIONS,WP_LEUKOCYTEINTRINSIC_HIPPO_PATHWAY_FUNCTIONS,WikiPathways,Treg,SF_vs_PB_Treg,1.36877251,0.445050223,0.0947145169,0.274999427,25,12,FOXP3/STK3/RHOA/PRDM1/FOXO1/YWHAQ/NDRG1/LATS2/RASSF5/MOB1A/RAB13/FERMT3,up,FALSE
WP_ESTROGEN_METABOLISM_WP697,WP_ESTROGEN_METABOLISM_WP697,WikiPathways,Treg,SF_vs_PB_Treg,1.42847247,0.684797616,0.0949638308,0.274999427,6,3,COMT/NQO1/ARSD,up,FALSE
WP_NEURAL_CREST_CELL_MIGRATION_IN_CANCER,WP_NEURAL_CREST_CELL_MIGRATION_IN_CANCER,WikiPathways,Treg,SF_vs_PB_Treg,1.35462445,0.421908802,0.0959065187,0.276768293,30,8,NTRK2/STAT3/RHOA/TWIST1/FOS/MMP9/PAK2/ARF1,up,FALSE
WP_PATHWAYS_AFFECTED_IN_ADENOID_CYSTIC_CARCINOMA,WP_PATHWAYS_AFFECTED_IN_ADENOID_CYSTIC_CARCINOMA,WikiPathways,Treg,SF_vs_PB_Treg,-1.29660158,-0.344257496,0.0964404258,0.277349362,51,15,NSD1/ATRX/ARID1A/ARID4B/FBXW7/CREBBP/SETD2/FOXO3/MYBL1/KAT6A/KANSL1/TP53/MAX/ATM/MYC,down,FALSE
WP_NIPBL_ROLE_IN_DNA_DAMAGE_CORNELIA_DE_LANGE_SYNDROME,WP_NIPBL_ROLE_IN_DNA_DAMAGE_CORNELIA_DE_LANGE_SYNDROME,WikiPathways,Treg,SF_vs_PB_Treg,-1.40905842,-0.639167051,0.0978826228,0.279802096,7,4,RNF168/NIPBL/ATR/ATM,down,FALSE
WP_15Q25_COPY_NUMBER_VARIATION,WP_15Q25_COPY_NUMBER_VARIATION,WikiPathways,Treg,SF_vs_PB_Treg,1.35084878,0.420732838,0.0979642831,0.279802096,30,11,RYR1/SPCS1/TM6SF1/NMB/ITPR1/AP3S1/SPCS3/SEC11A/GOLGA6L4/SLC2A1/SPCS2,up,FALSE
WP_NOCGMPPKG_MEDIATED_NEUROPROTECTION,WP_NOCGMPPKG_MEDIATED_NEUROPROTECTION,WikiPathways,Treg,SF_vs_PB_Treg,1.37458796,0.471907421,0.0983947793,0.280072512,20,10,TNF/CYCS/NOS3/CASP9/BAD/NFKBIA/TSPO/DLG4/CALM1/IFNG,up,FALSE
WP_WNT_SIGNALING,WP_WNT_SIGNALING,WikiPathways,Treg,SF_vs_PB_Treg,-1.27142729,-0.32457561,0.100346021,0.284655038,62,11,GSK3B/PPP3CC/MAP3K7/NFATC1/CAMK2D/CSNK1E/PRKCB/PRKCA/LEF1/MYC/TCF7,down,FALSE
WP_G1_TO_S_CELL_CYCLE_CONTROL,WP_G1_TO_S_CELL_CYCLE_CONTROL,WikiPathways,Treg,SF_vs_PB_Treg,1.2901499,0.345574034,0.101135768,0.285922815,62,6,CDKN1A/CDK6/GADD45A/CCND2/CDKN2D/CREB3,up,FALSE
WP_SPHINGOLIPID_METABOLISM_OVERVIEW,WP_SPHINGOLIPID_METABOLISM_OVERVIEW,WikiPathways,Treg,SF_vs_PB_Treg,1.3758426,0.4783791,0.101856375,0.286603653,19,12,SPTLC2/KDSR/CERS2/UGCG/CERS4/SGPL1/SPHK1/DEGS1/SMPD1/SGMS2/SGPP2/SPTLC1,up,FALSE
WP_PHYSICOCHEMICAL_FEATURES_AND_TOXICITYASSOCIATED_PATHWAYS,WP_PHYSICOCHEMICAL_FEATURES_AND_TOXICITYASSOCIATED_PATHWAYS,WikiPathways,Treg,SF_vs_PB_Treg,1.31298432,0.376312573,0.102063891,0.286603653,44,14,CDKN1A/RHOA/CAMK1/CTNNB1/MAPK8/SOD1/ELK1/FN1/GPX1/AKT1/PFN1/PAK1/SRC/NEFH,up,FALSE
WP_CAFFEINE_IN_MYOCYTES,WP_CAFFEINE_IN_MYOCYTES,WikiPathways,Treg,SF_vs_PB_Treg,1.38351011,0.512392189,0.102853984,0.286896432,15,7,MYL6/TPM3/RYR1/TPM4/ACTG2/TPM1/ACTB,up,FALSE
WP_LUPUS_PATHOGENESIS,WP_LUPUS_PATHOGENESIS,WikiPathways,Treg,SF_vs_PB_Treg,1.39213216,0.536343703,0.102856155,0.286896432,13,4,PDCD1/CD80/CD274/ICOS,up,FALSE
WP_NUCLEAR_RECEPTORS,WP_NUCLEAR_RECEPTORS,WikiPathways,Treg,SF_vs_PB_Treg,1.35394246,0.444136141,0.104238472,0.289782953,24,6,VDR/NR4A1/NR5A2/RXRA/NR1H2/PPARG,up,FALSE
WP_GLUCOSE_METABOLISM_IN_TRIPLENEGATIVE_BREAST_CANCER_CELLS,WP_GLUCOSE_METABOLISM_IN_TRIPLENEGATIVE_BREAST_CANCER_CELLS,WikiPathways,Treg,SF_vs_PB_Treg,1.40326183,0.619763373,0.105730223,0.292953509,8,6,PKM/PFKP/LDHA/SLC16A1/HK1/SLC2A1,up,FALSE
WP_BLADDER_CANCER,WP_BLADDER_CANCER,WikiPathways,Treg,SF_vs_PB_Treg,1.33346188,0.412165122,0.106392728,0.293813029,31,18,CDKN1A/TYMP/KRAS/MMP9/DAPK2/HBEGF/NRAS/VEGFA/HRAS/SRC/DAPK1/MDM2/ARAF/CDH1/CDK4/CCND1/MAP2K1/E2F1,up,FALSE
WP_MEVALONATE_ARM_OF_CHOLESTEROL_BIOSYNTHESIS_PATHWAY,WP_MEVALONATE_ARM_OF_CHOLESTEROL_BIOSYNTHESIS_PATHWAY,WikiPathways,Treg,SF_vs_PB_Treg,1.38858521,0.546469343,0.107181301,0.294185741,12,8,IDI1/PMVK/HMGCS1/MVD/HMGCR/FDPS/ACAT2/ACAT1,up,FALSE
WP_PANCREATIC_CANCER_SUBTYPES,WP_PANCREATIC_CANCER_SUBTYPES,WikiPathways,Treg,SF_vs_PB_Treg,1.39194911,0.561629676,0.107233172,0.294185741,11,5,TNS4/LEMD1/S100A2/BTNL8/SLC2A1,up,FALSE
WP_OSTEOARTHRITIC_CHONDROCYTE_HYPERTROPHY,WP_OSTEOARTHRITIC_CHONDROCYTE_HYPERTROPHY,WikiPathways,Treg,SF_vs_PB_Treg,1.32908119,0.407999456,0.107691462,0.294474357,32,12,FOSL2/NTRK1/STAT3/EPAS1/HIF1A/FOS/FOSL1/JUND/AKT1/VEGFA/FOSB/LAMTOR1,up,FALSE
WP_REGULATORY_CIRCUITS_OF_STAT3_SIGNALING,WP_REGULATORY_CIRCUITS_OF_STAT3_SIGNALING,WikiPathways,Treg,SF_vs_PB_Treg,1.28111242,0.346320003,0.108567921,0.295484294,59,20,IL2RB/IL2RA/IL12RB2/IL2RG/IFNGR1/STAT3/MAPK11/IL15RA/F2R/DUSP2/MAPK8/PIAS3/IL21R/SETD7/JAK3/SOCS3/PTPRC/MAPK6/SRC/MAPK7,up,FALSE
WP_NEUROINFLAMMATION,WP_NEUROINFLAMMATION,WikiPathways,Treg,SF_vs_PB_Treg,1.38821971,0.560124923,0.109395209,0.295484294,11,4,FOS/MAPK8/ASCC1/NFKBIA,up,FALSE
WP_FOLATEALCOHOL_AND_CANCER_PATHWAY_HYPOTHESES,WP_FOLATEALCOHOL_AND_CANCER_PATHWAY_HYPOTHESES,WikiPathways,Treg,SF_vs_PB_Treg,-1.37746685,-0.694486312,0.109651685,0.295484294,5,4,CEBPB/ADH5/MTR/CREB1,down,FALSE
WP_PARKINSONS_DISEASE_PATHWAY,WP_PARKINSONS_DISEASE_PATHWAY,WikiPathways,Treg,SF_vs_PB_Treg,1.33202638,0.421741801,0.110636804,0.295484294,28,12,SYT11/MAPK11/CYCS/CASP9/UBB/CASP7/HTRA2/UBE2L3/PARK7/UBE2G1/APAF1/CASP3,up,FALSE
WP_SPHINGOLIPID_PATHWAY,WP_SPHINGOLIPID_PATHWAY,WikiPathways,Treg,SF_vs_PB_Treg,1.35086405,0.458259999,0.110646908,0.295484294,21,11,CERS5/SPTLC2/KDSR/CERS2/UGCG/CERS4/SGPL1/SPHK1/SGMS2/SGPP2/SPTLC1,up,FALSE
WP_PHOTODYNAMIC_THERAPYINDUCED_NFE2L2_NRF2_SURVIVAL_SIGNALING,WP_PHOTODYNAMIC_THERAPYINDUCED_NFE2L2_NRF2_SURVIVAL_SIGNALING,WikiPathways,Treg,SF_vs_PB_Treg,1.35241641,0.464295745,0.111390316,0.295484294,20,8,MAPK11/FOS/NQO1/MAPK8/KEAP1/HMOX1/NFE2L2/NQO2,up,FALSE
WP_STRIATED_MUSCLE_CONTRACTION_PATHWAY,WP_STRIATED_MUSCLE_CONTRACTION_PATHWAY,WikiPathways,Treg,SF_vs_PB_Treg,1.3676225,0.506508109,0.111509351,0.295484294,15,4,ACTN4/VIM/TPM3/TPM4,up,FALSE
WP_AMYOTROPHIC_LATERAL_SCLEROSIS_ALS,WP_AMYOTROPHIC_LATERAL_SCLEROSIS_ALS,WikiPathways,Treg,SF_vs_PB_Treg,1.32385393,0.40919536,0.111909387,0.295484294,31,10,TNF/BID/RAB5A/BCL2L1/DERL1/CASP9/BAD/SOD1/GPX1/CASP1,up,FALSE
WP_RAS_SIGNALING,WP_RAS_SIGNALING,WikiPathways,Treg,SF_vs_PB_Treg,1.22460696,0.290884542,0.111927334,0.295484294,128,45,NTRK1/FASLG/NTRK2/GNG4/RAB5A/BCL2L1/RHOA/CALM2/RALB/TTBK1/RALGDS/GNG2/RAP1B/KRAS/GNG5/BAD/CALML4/PAK2/MAPK8/RRAS/ELK1/ETS2/NRAS/RAC3/RASAL1/ARF6/AKT1/PLA2G4C/FLT1/PTPN11/GNB1/IKBKG/CALM1/HRAS/PAK1/PLA2G2C/FLT3/PLD2/RASSF5/SOS2/RRAS2/GNGT2/CDC42/KSR1/PRKACA,up,FALSE
WP_PDGFRBETA_PATHWAY,WP_PDGFRBETA_PATHWAY,WikiPathways,Treg,SF_vs_PB_Treg,-1.32203557,-0.402846688,0.112055439,0.295484294,28,10,STAT5B/RASA1/MAPK3/STAT6/PLCG1/SOS1/PIK3R1/PRKCB/PRKCA/MAP3K1,down,FALSE
WP_NICOTINE_EFFECT_ON_DOPAMINERGIC_NEURONS,WP_NICOTINE_EFFECT_ON_DOPAMINERGIC_NEURONS,WikiPathways,Treg,SF_vs_PB_Treg,1.39678417,0.640365923,0.112216381,0.295484294,7,7,GNG2/GNB1/CDK5/PRKACA/CHRNA5/CHRNA6/PPP1CA,up,FALSE
WP_BETAGLOBIN_GENE_EXPRESSION_REGULATION,WP_BETAGLOBIN_GENE_EXPRESSION_REGULATION,WikiPathways,Treg,SF_vs_PB_Treg,-1.36767608,-0.502090249,0.112312375,0.295484294,14,12,LDB1/ZFPM1/MTA2/GATAD2B/ZBTB7A/CHD3/DNMT1/HDAC1/KDM1A/NR2C1/NR2C2/HBB,down,FALSE
WP_MITOCHONDRIAL_COMPLEX_I_ASSEMBLY_MODEL_OXPHOS_SYSTEM,WP_MITOCHONDRIAL_COMPLEX_I_ASSEMBLY_MODEL_OXPHOS_SYSTEM,WikiPathways,Treg,SF_vs_PB_Treg,1.28265889,0.355277547,0.113815369,0.298496912,52,19,NDUFB2/NDUFV2/NDUFAF3/NDUFA6/NDUFAF1/TMEM70/NDUFB7/TMEM126B/NDUFAB1/NDUFS4/NDUFS6/NDUFS5/NDUFB3/NDUFB6/ACAD9/NDUFA5/NDUFA1/NDUFC1/NDUFS3,up,FALSE
WP_BIOMARKERS_FOR_PYRIMIDINE_METABOLISM_DISORDERS,WP_BIOMARKERS_FOR_PYRIMIDINE_METABOLISM_DISORDERS,WikiPathways,Treg,SF_vs_PB_Treg,1.36184983,0.513679124,0.117344893,0.306193137,14,2,TYMP/NT5C,up,FALSE
WP_HEART_DEVELOPMENT,WP_HEART_DEVELOPMENT,WikiPathways,Treg,SF_vs_PB_Treg,1.3501961200000001,0.475878453,0.117484177,0.306193137,18,6,BHLHE40/NOTCH1/CTNNB1/SRF/VEGFA/PTPN11,up,FALSE
WP_ANDROGEN_RECEPTOR_SIGNALING,WP_ANDROGEN_RECEPTOR_SIGNALING,WikiPathways,Treg,SF_vs_PB_Treg,1.25013797,0.321732708,0.119233156,0.309783341,78,24,CDKN1A/KAT2B/RHOB/STAT3/RHOA/CTNNB1/NCOR2/PRDX1/NCOA3/TGFB1I1/CALR/FOXO1/PIAS3/UBE2I/NCOA1/AKT1/PARK7/FKBP4/NCOR1/ROCK1/SRC/RAN/RNF14/CDC42,up,FALSE
WP_EFFECTS_OF_MFN2_MUTATION,WP_EFFECTS_OF_MFN2_MUTATION,WikiPathways,Treg,SF_vs_PB_Treg,1.3459566,0.481502961,0.121606559,0.314793305,17,9,RABAC1/KIF1B/SYPL1/RAB3A/DYNC1H1/DYNC1LI2/RAB7A/CASP3/DYNC2H1,up,FALSE
WP_HOSTPATHOGEN_INTERACTION_OF_HUMAN_CORONAVIRUSES_INTERFERON_INDUCTION,WP_HOSTPATHOGEN_INTERACTION_OF_HUMAN_CORONAVIRUSES_INTERFERON_INDUCTION,WikiPathways,Treg,SF_vs_PB_Treg,1.3071561,0.404034163,0.121916352,0.314793305,31,12,OAS3/OAS1/EIF2AK2/FOS/MAPK8/TRAF3/NFKBIA/TBK1/TICAM1/IKBKG/IFIH1/MYD88,up,FALSE
WP_OSTEOCLAST_SIGNALING,WP_OSTEOCLAST_SIGNALING,WikiPathways,Treg,SF_vs_PB_Treg,1.36146981,0.535798241,0.122558819,0.315475479,12,9,ACP5/MAPK8/AIMP2/SPP1/GPR68/SLC9A1/PDGFB/TNFSF11/TNFRSF11A,up,FALSE
WP_INTRACELLULAR_TRAFFICKING_PROTEINS_INVOLVED_IN_CMT_NEUROPATHY,WP_INTRACELLULAR_TRAFFICKING_PROTEINS_INVOLVED_IN_CMT_NEUROPATHY,WikiPathways,Treg,SF_vs_PB_Treg,1.32690642,0.445229745,0.123378447,0.316608075,22,11,RABAC1/RAB11A/KIF1B/RAB3A/HSPB1/EGR2/MTMR2/NDRG1/FIG4/LRSAM1/RAB7A,up,FALSE
WP_ANTIVIRAL_AND_ANTIINFLAMMATORY_EFFECTS_OF_NRF2_ON_SARSCOV2_PATHWAY,WP_ANTIVIRAL_AND_ANTIINFLAMMATORY_EFFECTS_OF_NRF2_ON_SARSCOV2_PATHWAY,WikiPathways,Treg,SF_vs_PB_Treg,1.33696929,0.471216638,0.12505651,0.319929844,18,8,TNF/RXRA/NQO1/NFKBIA/KEAP1/CCL2/HMOX1/IKBKG,up,FALSE
WP_CHROMOSOMAL_AND_MICROSATELLITE_INSTABILITY_IN_COLORECTAL_CANCER,WP_CHROMOSOMAL_AND_MICROSATELLITE_INSTABILITY_IN_COLORECTAL_CANCER,WikiPathways,Treg,SF_vs_PB_Treg,1.25143891,0.331578584,0.126304602,0.321983159,66,19,CDKN1A/GADD45G/GADD45A/RHOA/CYCS/RALB/CTNNB1/RALGDS/DDB2/FOS/KRAS/CASP9/BAD/MAPK8/RAC3/TBK1/AKT1/TGFBR1/APPL1,up,FALSE
WP_TGFBETA_RECEPTOR_SIGNALING_IN_SKELETAL_DYSPLASIAS,WP_TGFBETA_RECEPTOR_SIGNALING_IN_SKELETAL_DYSPLASIAS,WikiPathways,Treg,SF_vs_PB_Treg,1.28111939,0.372548175,0.126631266,0.321983159,41,11,SKIL/TNF/FKBP1A/STAT3/ZEB2/CTNNB1/LTBP3/FOS/TFE3/SERPINE1/LIF,up,FALSE
WP_ARRHYTHMOGENIC_RIGHT_VENTRICULAR_CARDIOMYOPATHY,WP_ARRHYTHMOGENIC_RIGHT_VENTRICULAR_CARDIOMYOPATHY,WikiPathways,Treg,SF_vs_PB_Treg,1.28900545,0.385331119,0.127120799,0.32224543,36,15,ACTN4/SGCB/LMNA/CTNNA1/CTNNB1/CACNA2D4/ITGA3/ITGA2/CACNB2/CACNB3/ATP2A2/DAG1/ITGA4/EMD/ACTB,up,FALSE
WP_MAPK_AND_NFKB_SIGNALING_INHIBITED_BY_YERSINIA_YOPJ,WP_MAPK_AND_NFKB_SIGNALING_INHIBITED_BY_YERSINIA_YOPJ,WikiPathways,Treg,SF_vs_PB_Treg,-1.3485286,-0.531361783,0.129276541,0.326717076,11,4,NFKB1/TRAF6/MAP3K1/MAP2K6,down,FALSE
WP_DEVELOPMENT_AND_HETEROGENEITY_OF_THE_ILC_FAMILY,WP_DEVELOPMENT_AND_HETEROGENEITY_OF_THE_ILC_FAMILY,WikiPathways,Treg,SF_vs_PB_Treg,1.31504501,0.436093152,0.129930005,0.327376507,23,11,TNF/ID2/TBX21/IL7/NFIL3/GFI1/IFNG/IL15/AHR/IL13/IL18,up,FALSE
WP_EPAC1_AND_PKA_REDUCTION_OF_RETINAL_INFLAMMATION,WP_EPAC1_AND_PKA_REDUCTION_OF_RETINAL_INFLAMMATION,WikiPathways,Treg,SF_vs_PB_Treg,1.37107324,0.65728091,0.130720239,0.328074897,6,2,PRKAR1B/PRKAR1A,up,FALSE
WP_PROSTAGLANDIN_AND_LEUKOTRIENE_METABOLISM_IN_SENESCENCE,WP_PROSTAGLANDIN_AND_LEUKOTRIENE_METABOLISM_IN_SENESCENCE,WikiPathways,Treg,SF_vs_PB_Treg,1.3135214,0.435587893,0.130993934,0.328074897,23,8,CDKN1A/CYSLTR1/MAPK11/ADCY3/ALOX5AP/KRAS/NRAS/PTGS1,up,FALSE
WP_ALANINE_AND_ASPARTATE_METABOLISM,WP_ALANINE_AND_ASPARTATE_METABOLISM,WikiPathways,Treg,SF_vs_PB_Treg,1.36880839,0.656195159,0.131978298,0.328726726,6,2,ASL/GOT1,up,FALSE
WP_DNA_DAMAGE_RESPONSE_ONLY_ATM_DEPENDENT,WP_DNA_DAMAGE_RESPONSE_ONLY_ATM_DEPENDENT,WikiPathways,Treg,SF_vs_PB_Treg,-1.20093004,-0.284794664,0.13204251,0.328726726,92,16,FOXO3/MAP3K7/PDK1/SOS1/PIK3R1/RBL2/BCL2L11/TP53/LEF1/ATM/MAP3K4/MYC/PPP2R5C/MAP3K1/SMAD3/TCF7,down,FALSE
WP_FLUOROACETIC_ACID_TOXICITY,WP_FLUOROACETIC_ACID_TOXICITY,WikiPathways,Treg,SF_vs_PB_Treg,1.36699578,0.655326207,0.133118415,0.32965813,6,5,ALDH3A2/ALDH2/ACSS2/ACO2/CS,up,FALSE
WP_AKT_SIGNALING_AND_ARTD_FAMILY_MEMBERS,WP_AKT_SIGNALING_AND_ARTD_FAMILY_MEMBERS,WikiPathways,Treg,SF_vs_PB_Treg,-1.2782025,-0.377141209,0.133207182,0.32965813,32,13,MTOR/PARP3/PIK3CD/PIK3R5/TSC1/TSC2/SIRT1/GSK3B/RPTOR/PDK1/PIK3R1/RICTOR/ATM,down,FALSE
WP_AMINO_ACID_METABOLISM,WP_AMINO_ACID_METABOLISM,WikiPathways,Treg,SF_vs_PB_Treg,1.24672662,0.337024573,0.134350609,0.331504167,59,24,PKM/FAH/ARG2/P4HA2/LDHA/GSS/BCAT1/IDH1/ACADM/PYCR1/FARSB/GOT1/PDHA1/MPST/ACLY/AUH/MDH1/SDS/GLUD1/MDH2/DLD/GLS/ALDH18A1/GLUL,up,FALSE
WP_TRANSLATION_INHIBITORS_IN_CHRONICALLY_ACTIVATED_PDGFRA_CELLS,WP_TRANSLATION_INHIBITORS_IN_CHRONICALLY_ACTIVATED_PDGFRA_CELLS,WikiPathways,Treg,SF_vs_PB_Treg,-1.25113864,-0.341276903,0.135506197,0.333369229,45,11,MAPK3/EIF4A2/RPS6KA1/RPS6KA2/RPTOR/PDK1/PIK3R1/EIF4B/PRKCA/RPS6/MAP2K6,down,FALSE
WP_EXERCISEINDUCED_CIRCADIAN_REGULATION,WP_EXERCISEINDUCED_CIRCADIAN_REGULATION,WikiPathways,Treg,SF_vs_PB_Treg,1.27125425,0.373700636,0.136311859,0.334364972,39,7,HLA-DMA/UCP3/SUMO3/UGP2/IDI1/HERPUD1/DNAJA1,up,FALSE
WP_APOPTOSIS_MODULATION_BY_HSP70,WP_APOPTOSIS_MODULATION_BY_HSP70,WikiPathways,Treg,SF_vs_PB_Treg,1.31765132,0.458146051,0.136747961,0.334451026,19,8,HSPA1A/FASLG/BID/CYCS/CASP9/FADD/CASP7/FAS,up,FALSE
WP_NEUROGENESIS_REGULATION_IN_THE_OLFACTORY_EPITHELIUM,WP_NEUROGENESIS_REGULATION_IN_THE_OLFACTORY_EPITHELIUM,WikiPathways,Treg,SF_vs_PB_Treg,1.27563401,0.383840096,0.138536977,0.337835785,35,7,NTRK1/NTRK2/ID2/NOTCH1/STAT3/LRP8/SEMA4A,up,FALSE
WP_TRANSCRIPTION_COFACTORS_SKI_AND_SKIL_PROTEIN_PARTNERS,WP_TRANSCRIPTION_COFACTORS_SKI_AND_SKIL_PROTEIN_PARTNERS,WikiPathways,Treg,SF_vs_PB_Treg,1.33344193,0.524768038,0.140204521,0.340905453,12,2,SKIL/STK3,up,FALSE
WP_ETHER_LIPID_BIOSYNTHESIS,WP_ETHER_LIPID_BIOSYNTHESIS,WikiPathways,Treg,SF_vs_PB_Treg,1.32090678,0.489206629,0.140964292,0.341756452,15,4,FAR2/ARSA/FAR1/LPIN2,up,FALSE
WP_IL5_SIGNALING,WP_IL5_SIGNALING,WikiPathways,Treg,SF_vs_PB_Treg,-1.2570015,-0.358383815,0.142259135,0.343201723,37,9,STAT5B/MAPK3/GSK3B/RPS6KA1/FOXO3/SOS1/PIK3R1/RPS6/MYC,down,FALSE
WP_MICRORNA_FOR_TARGETING_CANCER_GROWTH_AND_VASCULARIZATION_IN_GLIOBLASTOMA,WP_MICRORNA_FOR_TARGETING_CANCER_GROWTH_AND_VASCULARIZATION_IN_GLIOBLASTOMA,WikiPathways,Treg,SF_vs_PB_Treg,1.35194486,0.685092144,0.142383448,0.343201723,5,3,HIF1A/VEGFA/VEGFB,up,FALSE
WP_FATTY_ACID_TRANSPORTERS,WP_FATTY_ACID_TRANSPORTERS,WikiPathways,Treg,SF_vs_PB_Treg,1.33632907,0.553493221,0.143265645,0.344019077,10,4,ACSL3/SLC27A4/ACSL4/ACSL1,up,FALSE
WP_GABA_METABOLISM_AKA_GHB,WP_GABA_METABOLISM_AKA_GHB,WikiPathways,Treg,SF_vs_PB_Treg,-1.33990922,-0.607800082,0.143547528,0.344019077,7,3,AKR7A2/ALDH5A1/ADHFE1,down,FALSE
WP_FATTY_ACID_BIOSYNTHESIS,WP_FATTY_ACID_BIOSYNTHESIS,WikiPathways,Treg,SF_vs_PB_Treg,1.29538165,0.439438443,0.144987541,0.346474526,21,8,ACSL3/ACSL4/ECHS1/ACSL1/SCD/ACAA2/FASN/ACSS2,up,FALSE
WP_MFAP5MEDIATED_OVARIAN_CANCER_CELL_MOTILITY_AND_INVASIVENESS,WP_MFAP5MEDIATED_OVARIAN_CANCER_CELL_MOTILITY_AND_INVASIVENESS,WikiPathways,Treg,SF_vs_PB_Treg,-1.32977154,-0.539640585,0.14598404,0.347834301,10,4,MAPK3/CREB1/PLCG1/PRKCQ,down,FALSE
WP_FOCAL_ADHESION,WP_FOCAL_ADHESION,WikiPathways,Treg,SF_vs_PB_Treg,1.18842646,0.282290479,0.146390695,0.347834301,128,37,ACTN4/MYL12B/CCND2/PDGFA/ILK/RHOA/CTNNB1/CAPN2/PARVG/RAP1B/PTK6/TLN1/ITGA3/ITGA2/BAD/PPP1CB/MYL12A/PAK2/MAPK8/PARVB/ELK1/FN1/RAC3/DIAPH1/AKT1/VAV2/ITGA4/VEGFA/LAMB3/RAPGEF1/FLT1/ACTB/HRAS/PAK1/ROCK1/MYL5/SRC,up,FALSE
WP_15Q133_COPY_NUMBER_VARIATION_SYNDROME,WP_15Q133_COPY_NUMBER_VARIATION_SYNDROME,WikiPathways,Treg,SF_vs_PB_Treg,1.31728469,0.507507381,0.147417552,0.348737626,13,3,KAT2B/SERPINH1/CCL5,up,FALSE
WP_REGULATION_OF_ACTIN_CYTOSKELETON,WP_REGULATION_OF_ACTIN_CYTOSKELETON,WikiPathways,Treg,SF_vs_PB_Treg,1.20559262,0.299986696,0.147607173,0.348737626,95,30,IQGAP1/PDGFA/RHOA/EZR/GSN/LIMK1/SSH1/KRAS/F2R/FGD1/RDX/PAK2/RRAS/FN1/NRAS/RAC3/DIAPH1/CFL1/GNA12/PFN1/ACTB/PAK1/MAPK6/ROCK1/SOS2/MSN/RRAS2/CDC42/GNA13/BRK1,up,FALSE
WP_NRF2ARE_REGULATION,WP_NRF2ARE_REGULATION,WikiPathways,Treg,SF_vs_PB_Treg,1.29520417,0.450341201,0.150576829,0.35443403,19,10,MAF/RBX1/NQO1/MAPK8/YES1/KEAP1/HMOX1/SRC/AIMP2/NFE2L2,up,FALSE
WP_MULTIPLE_SCLEROSIS_MECHANISM_AND_THERAPIES,WP_MULTIPLE_SCLEROSIS_MECHANISM_AND_THERAPIES,WikiPathways,Treg,SF_vs_PB_Treg,-1.32906859,-0.602882632,0.151165172,0.35443403,7,4,CD52/S1PR4/MS4A1/S1PR1,down,FALSE
WP_BONE_MORPHOGENIC_PROTEIN_SIGNALING_AND_REGULATION,WP_BONE_MORPHOGENIC_PROTEIN_SIGNALING_AND_REGULATION,WikiPathways,Treg,SF_vs_PB_Treg,-1.32497993,-0.55476648,0.151293183,0.35443403,9,4,SMAD4/BMPR1A/RUNX2/NOG,down,FALSE
WP_SIGNAL_TRANSDUCTION_THROUGH_IL1R,WP_SIGNAL_TRANSDUCTION_THROUGH_IL1R,WikiPathways,Treg,SF_vs_PB_Treg,1.2728807,0.406219714,0.152056087,0.355223463,27,9,IL1RN/TNF/IL1R1/IRAK2/IL1A/MAPK8/IL1RAP/NFKBIA/TOLLIP,up,FALSE
WP_HEMATOPOIETIC_STEM_CELL_DIFFERENTIATION,WP_HEMATOPOIETIC_STEM_CELL_DIFFERENTIATION,WikiPathways,Treg,SF_vs_PB_Treg,1.25282275,0.379538537,0.15672692,0.363988511,34,11,CSF1/NOTCH1/PIM1/CSF2/SEC14L2/FOS/MUC1/IL1A/CXCR4/IRF5/CIITA,up,FALSE
WP_MICROTUBULE_CYTOSKELETON_REGULATION,WP_MICROTUBULE_CYTOSKELETON_REGULATION,WikiPathways,Treg,SF_vs_PB_Treg,1.2401024,0.360620477,0.157645576,0.363988511,41,18,NTRK1/NTRK2/STAT3/TPPP/MAPKAPK2/LIMK1/MAPRE1/DPYSL2/PARD6A/DIAPH1/AKT1/CLIP1/PAK1/ROCK1/SRC/CDC42/PRKACA/CLASP1,up,FALSE
WP_MODULATORS_OF_TCR_SIGNALING_AND_T_CELL_ACTIVATION,WP_MODULATORS_OF_TCR_SIGNALING_AND_T_CELL_ACTIVATION,WikiPathways,Treg,SF_vs_PB_Treg,-1.20709306,-0.312163753,0.157800678,0.363988511,58,18,CUL5/NFKB1/CDKN1B/SH2B3/ITK/TRAF6/UBASH3A/GRAP2/ZAP70/CD3G/PLCG1/DGKA/REL/PIK3R1/DGKZ/MALT1/PRKCQ/PTPN6,down,FALSE
WP_DEREGULATING_CELLULAR_METABOLISM_THROUGH_NONGENOTOXIC_CARCINOGENS,WP_DEREGULATING_CELLULAR_METABOLISM_THROUGH_NONGENOTOXIC_CARCINOGENS,WikiPathways,Treg,SF_vs_PB_Treg,-1.27730462,-0.437596926,0.158268321,0.363988511,18,9,MTOR/LONP2/TSC1/TSC2/EIF2A/IRS1/PHB2/OMA1/MYC,down,FALSE
WP_AIRWAY_SMOOTH_MUSCLE_CELL_CONTRACTION,WP_AIRWAY_SMOOTH_MUSCLE_CELL_CONTRACTION,WikiPathways,Treg,SF_vs_PB_Treg,1.30123186,0.501322743,0.158404241,0.363988511,13,8,RHOA/RYR1/PPP1CB/ITPR3/ADRB2/CALM1/ROCK1/IL13,up,FALSE
WP_IDO_METABOLIC_PATHWAY,WP_IDO_METABOLIC_PATHWAY,WikiPathways,Treg,SF_vs_PB_Treg,1.33062058,0.674286156,0.158426654,0.363988511,5,3,TNF/IFNG/IDO1,up,FALSE
WP_TRYPTOPHAN_CATABOLISM_LEADING_TO_NAD_PRODUCTION,WP_TRYPTOPHAN_CATABOLISM_LEADING_TO_NAD_PRODUCTION,WikiPathways,Treg,SF_vs_PB_Treg,1.31126208,0.56031459,0.160950176,0.368770458,9,1,NAMPT,up,FALSE
WP_LDL_INFLUENCE_ON_CD14_AND_TLR4,WP_LDL_INFLUENCE_ON_CD14_AND_TLR4,WikiPathways,Treg,SF_vs_PB_Treg,1.28029901,0.451243122,0.16276748,0.371364988,18,6,IL10/MAPK11/CREB3/CREB3L2/NFKB2/CCL2,up,FALSE
WP_CELLS_AND_MOLECULES_INVOLVED_IN_LOCAL_ACUTE_INFLAMMATORY_RESPONSE,WP_CELLS_AND_MOLECULES_INVOLVED_IN_LOCAL_ACUTE_INFLAMMATORY_RESPONSE,WikiPathways,Treg,SF_vs_PB_Treg,1.30640306,0.541098187,0.162973124,0.371364988,10,5,TNF/ICAM1/IL1A/ITGB2/ITGA4,up,FALSE
WP_SERINE_METABOLISM,WP_SERINE_METABOLISM,WikiPathways,Treg,SF_vs_PB_Treg,-1.30974167,-0.569386537,0.16400238,0.37241015,8,5,PSPH/PSAT1/SHMT1/PHGDH/SHMT2,down,FALSE
WP_HYPOTHESIZED_PATHWAYS_IN_PATHOGENESIS_OF_CARDIOVASCULAR_DISEASE,WP_HYPOTHESIZED_PATHWAYS_IN_PATHOGENESIS_OF_CARDIOVASCULAR_DISEASE,WikiPathways,Treg,SF_vs_PB_Treg,-1.27122802,-0.442309975,0.16443944,0.37241015,17,9,ANGPT2/MAPK14/SMAD4/NR2C2/MAPK3/TGFBR2/RUNX2/TGFBR3/SMAD3,down,FALSE
WP_MITOCHONDRIAL_LONG_CHAIN_FATTY_ACID_BETAOXIDATION,WP_MITOCHONDRIAL_LONG_CHAIN_FATTY_ACID_BETAOXIDATION,WikiPathways,Treg,SF_vs_PB_Treg,1.28320382,0.466831268,0.165423664,0.37241015,16,5,ACSL3/ACSL4/ACSL1/SCP2/ACADM,up,FALSE
WP_CARDIAC_HYPERTROPHIC_RESPONSE,WP_CARDIAC_HYPERTROPHIC_RESPONSE,WikiPathways,Treg,SF_vs_PB_Treg,-1.2157214,-0.333264462,0.165620342,0.37241015,44,10,MAPK3/HDAC4/GSK3B/HDAC7/MAP3K7/CAMK2D/HDAC5/PRKCA/MAP3K1/MAP2K6,down,FALSE
WP_MECHANOREGULATION_AND_PATHOLOGY_OF_YAPTAZ_VIA_HIPPO_AND_NONHIPPO_MECHANISMS,WP_MECHANOREGULATION_AND_PATHOLOGY_OF_YAPTAZ_VIA_HIPPO_AND_NONHIPPO_MECHANISMS,WikiPathways,Treg,SF_vs_PB_Treg,1.24168394,0.37616407,0.165664467,0.37241015,34,16,STK3/CTNNA1/CTNNB1/ITGB2/PAK2/MAPK8/YWHAQ/NF2/ACTG2/ACTB/PAK1/SRC/ACTA2/MAP4K1/ITGB1/CDH1,up,FALSE
WP_ENDOMETRIAL_CANCER,WP_ENDOMETRIAL_CANCER,WikiPathways,Treg,SF_vs_PB_Treg,1.21562587,0.336710393,0.168115376,0.375987518,52,11,CDKN1A/GADD45G/GADD45A/ILK/CTNNA1/CTNNB1/DDB2/FOS/KRAS/CASP9/BAD,up,FALSE
WP_OSX_AND_MIRNAS_IN_TOOTH_DEVELOPMENT,WP_OSX_AND_MIRNAS_IN_TOOTH_DEVELOPMENT,WikiPathways,Treg,SF_vs_PB_Treg,1.31550057,0.666624159,0.168930188,0.375987518,5,4,NOTCH1/CTNNB1/NOTCH2/KLF4,up,FALSE
WP_OVERLAP_BETWEEN_SIGNAL_TRANSDUCTION_PATHWAYS_CONTRIBUTING_TO_LMNA_LAMINOPATHIES,WP_OVERLAP_BETWEEN_SIGNAL_TRANSDUCTION_PATHWAYS_CONTRIBUTING_TO_LMNA_LAMINOPATHIES,WikiPathways,Treg,SF_vs_PB_Treg,1.22691344,0.35678514,0.16896769,0.375987518,41,7,CDKN1A/KAT2B/LMNA/NOTCH1/CTNNB1/PPARG/ZMPSTE24,up,FALSE
WP_BIOSYNTHESIS_AND_REGENERATION_OF_TETRAHYDROBIOPTERIN_AND_CATABOLISM_OF_PHENYLALANINE,WP_BIOSYNTHESIS_AND_REGENERATION_OF_TETRAHYDROBIOPTERIN_AND_CATABOLISM_OF_PHENYLALANINE,WikiPathways,Treg,SF_vs_PB_Treg,1.30636525,0.576968116,0.169059136,0.375987518,8,6,PTS/COMT/QDPR/SPR/ASMT/DNAJC12,up,FALSE
WP_CANCER_IMMUNOTHERAPY_BY_CTLA4_BLOCKADE,WP_CANCER_IMMUNOTHERAPY_BY_CTLA4_BLOCKADE,WikiPathways,Treg,SF_vs_PB_Treg,1.28319421,0.494373417,0.171868698,0.381219398,13,3,HLA-DRB1/CD80/CTLA4,up,FALSE
WP_NETRINUNC5B_SIGNALING,WP_NETRINUNC5B_SIGNALING,WikiPathways,Treg,SF_vs_PB_Treg,1.23470378,0.37656027,0.1730558,0.382834315,33,12,IL10/TNF/RHOA/ICAM1/ARHGEF12/IL1A/AKT1/CCL2/PTPN11/SRC/DAPK1/PPP2R1B,up,FALSE
WP_NUCLEOTIDEBINDING_OLIGOMERIZATION_DOMAIN_NOD_PATHWAY,WP_NUCLEOTIDEBINDING_OLIGOMERIZATION_DOMAIN_NOD_PATHWAY,WikiPathways,Treg,SF_vs_PB_Treg,1.23356388,0.381287245,0.175525091,0.387269645,31,17,PRDM1/AIM2/CASP9/NFKBIA/CASP7/CASP1/SUGT1/IKBKG/COPS6/PYCARD/CARD6/HSP90AA1/IL18/NOD2/NLRP3/CARD9/ACAP1,up,FALSE
WP_TRYPTOPHAN_KYNURENINE_PATHWAY_IN_POSTCOVID_SYNDROME,WP_TRYPTOPHAN_KYNURENINE_PATHWAY_IN_POSTCOVID_SYNDROME,WikiPathways,Treg,SF_vs_PB_Treg,1.30548656,0.625839208,0.177071867,0.389625944,6,3,TNF/IFNG/IDO1,up,FALSE
WP_METHIONINE_METABOLISM_LEADING_TO_SULFUR_AMINO_ACIDS_AND_RELATED_DISORDERS,WP_METHIONINE_METABOLISM_LEADING_TO_SULFUR_AMINO_ACIDS_AND_RELATED_DISORDERS,WikiPathways,Treg,SF_vs_PB_Treg,-1.29274662,-0.586406518,0.177990744,0.389625944,7,6,ADK/MAT2B/MTR/CDO1/CTH/CSAD,down,FALSE
WP_TGFBETA_RECEPTOR_SIGNALING,WP_TGFBETA_RECEPTOR_SIGNALING,WikiPathways,Treg,SF_vs_PB_Treg,1.21985312,0.358590649,0.178349938,0.389625944,39,10,SKIL/TNF/FKBP1A/STAT3/ZEB2/CTNNB1/FOS/TFE3/SERPINE1/LIF,up,FALSE
WP_ENDODERM_DIFFERENTIATION,WP_ENDODERM_DIFFERENTIATION,WikiPathways,Treg,SF_vs_PB_Treg,-1.15561946,-0.270942466,0.178461763,0.389625944,98,28,VAV3/TCF7L1/NODAL/EPB41L5/SMAD4/TRERF1/BMPR1A/DIP2A/TAF5/TAF4B/CRTC1/ZNF281/RFX7/ELP4/SESN1/ATP8B2/PIAS1/SP4/TNRC6C/ACACA/MBTD1/TET1/PABPC1/NOG/LEF1/SMAD3/TCF7/APP,down,FALSE
WP_PLATELETMEDIATED_INTERACTIONS_WITH_VASCULAR_AND_CIRCULATING_CELLS,WP_PLATELETMEDIATED_INTERACTIONS_WITH_VASCULAR_AND_CIRCULATING_CELLS,WikiPathways,Treg,SF_vs_PB_Treg,1.28392772,0.531789138,0.17968584,0.391274126,10,4,CCL5/ICAM1/CCL2/CD40LG,up,FALSE
WP_MITOCHONDRIAL_COMPLEX_IV_ASSEMBLY,WP_MITOCHONDRIAL_COMPLEX_IV_ASSEMBLY,WikiPathways,Treg,SF_vs_PB_Treg,1.22179716,0.370139436,0.183192294,0.397281681,34,9,COX17/HIGD1A/COX20/NDUFA4/COX7A2/COA3/COX8A/COX5A/CMC1,up,FALSE
WP_LUNG_PATHOLOGY_OF_COVID19,WP_LUNG_PATHOLOGY_OF_COVID19,WikiPathways,Treg,SF_vs_PB_Treg,1.27009136,0.499836803,0.183895894,0.397281681,12,9,TNF/CSF2/TBK1/CCL2/CXCL10/IFIH1/IL18/TLR3/CXCL9,up,FALSE
WP_NEOLACTO_SERIES_SPHINGOLIPID_METABOLISM,WP_NEOLACTO_SERIES_SPHINGOLIPID_METABOLISM,WikiPathways,Treg,SF_vs_PB_Treg,1.29181418,0.592241664,0.183978581,0.397281681,7,2,NAGA/FUCA1,up,FALSE
WP_BIOSYNTHESIS_AND_TURNOVER_OF_1DEOXYSPHINGOID_BASES,WP_BIOSYNTHESIS_AND_TURNOVER_OF_1DEOXYSPHINGOID_BASES,WikiPathways,Treg,SF_vs_PB_Treg,1.28643347,0.568165065,0.184350133,0.397281681,8,2,SPTLC2/KDSR,up,FALSE
WP_IL7_SIGNALING,WP_IL7_SIGNALING,WikiPathways,Treg,SF_vs_PB_Treg,1.2394119,0.406566477,0.184927806,0.39749946,24,6,IL2RA/IL2RG/STAT3/BCL2L1/IL7/BAD,up,FALSE
WP_TCELL_ANTIGEN_RECEPTOR_TCR_PATHWAY_DURING_STAPHYLOCOCCUS_AUREUS_INFECTION,WP_TCELL_ANTIGEN_RECEPTOR_TCR_PATHWAY_DURING_STAPHYLOCOCCUS_AUREUS_INFECTION,WikiPathways,Treg,SF_vs_PB_Treg,1.18944704,0.320543377,0.186215363,0.399238079,60,19,PDCD1/IL10/TNF/CTLA4/CD4/CSF2/FOS/ICOS/RRAS/NFKBIA/CD3D/AKT1/DAG1/IKBKG/CALM1/CD40LG/PAK1/PTPRC/IFNG,up,FALSE
WP_GNAQ_PATHWAYS_IN_PORTWINE_STAIN,WP_GNAQ_PATHWAYS_IN_PORTWINE_STAIN,WikiPathways,Treg,SF_vs_PB_Treg,-1.23544068,-0.41069832,0.187034022,0.399965062,20,6,MAP2K5/MAPK3/GNAQ/PDK1/TRIO/MAP2K6,down,FALSE
WP_PHOTODYNAMIC_THERAPYINDUCED_NFKB_SURVIVAL_SIGNALING,WP_PHOTODYNAMIC_THERAPYINDUCED_NFKB_SURVIVAL_SIGNALING,WikiPathways,Treg,SF_vs_PB_Treg,1.23852126,0.410716467,0.188278115,0.401595774,23,9,TNF/CSF2/ICAM1/IL1A/MMP9/NFKB2/VEGFA/CD40LG/CFLAR,up,FALSE
WP_GLIOBLASTOMA_SIGNALING,WP_GLIOBLASTOMA_SIGNALING,WikiPathways,Treg,SF_vs_PB_Treg,-1.16057436,-0.287953552,0.190833888,0.405056609,72,22,PRKCZ/TSC1/CDKN1B/TSC2/MAP2K5/IRS1/PRKCH/MAPK3/RB1/FOXO4/FOXO3/PLCG1/PIK3R1/NF1/PRKCB/PRKCQ/TP53/PRKCA/IGF1R/MDM4/ATM/MAP2K6,down,FALSE
WP_ALBUTEROL_AND_BUDESONIDE_THERAPY_FOR_ASTHMA,WP_ALBUTEROL_AND_BUDESONIDE_THERAPY_FOR_ASTHMA,WikiPathways,Treg,SF_vs_PB_Treg,1.2500986,0.454787544,0.190871999,0.405056609,16,3,PRKAR1B/PRKAR1A/ADCY3,up,FALSE
WP_HALLMARK_OF_CANCER_NONMUTATIONAL_EPIGENETIC_REPROGRAMMING,WP_HALLMARK_OF_CANCER_NONMUTATIONAL_EPIGENETIC_REPROGRAMMING,WikiPathways,Treg,SF_vs_PB_Treg,-1.24014427,-0.438567618,0.191705244,0.40579232,16,9,YTHDF3/ANKRD13C/DNMT1/HDAC1/CREBBP/IRS1/PIP4K2A/DNMT3A/NOL9,down,FALSE
WP_SENESCENCEASSOCIATED_SECRETORY_PHENOTYPE_SASP,WP_SENESCENCEASSOCIATED_SECRETORY_PHENOTYPE_SASP,WikiPathways,Treg,SF_vs_PB_Treg,1.19300405,0.335905577,0.193547812,0.408296697,48,8,CDKN1A/CDK6/STAT3/CDKN2D/FOS/IL1A/UBC/UBB,up,FALSE
WP_CELIAC_DISEASE_MECHANISM_AND_THERAPIES,WP_CELIAC_DISEASE_MECHANISM_AND_THERAPIES,WikiPathways,Treg,SF_vs_PB_Treg,1.26596127,0.524347629,0.193867496,0.408296697,10,6,TNF/CD4/GZMB/ITGA4/IFNG/IL15,up,FALSE
WP_GLYCOSAMINOGLYCAN_SYNTHESIS_IN_FIBROBLASTS,WP_GLYCOSAMINOGLYCAN_SYNTHESIS_IN_FIBROBLASTS,WikiPathways,Treg,SF_vs_PB_Treg,1.21218662,0.37754538,0.196185787,0.409242645,30,13,CHPF/B3GAT3/B3GAT1/B3GALT6/CHSY1/HS3ST1/B4GALT7/EXTL3/CHST3/EXT1/CHST12/CSGALNACT1/CHPF2,up,FALSE
WP_MONOAMINE_TRANSPORT,WP_MONOAMINE_TRANSPORT,WikiPathways,Treg,SF_vs_PB_Treg,1.25302688,0.482750917,0.196204598,0.409242645,13,6,TNF/IL1R1/STX1A/TGFB1I1/ADORA2A/PPP2CB,up,FALSE
WP_GENES_CONTROLLING_NEPHROGENESIS,WP_GENES_CONTROLLING_NEPHROGENESIS,WikiPathways,Treg,SF_vs_PB_Treg,1.24947788,0.471293301,0.196478698,0.409242645,14,7,ILK/CTNNB1/ITGA3/CXCR4/NOTCH2/VEGFA/LHX1,up,FALSE
WP_IL4_SIGNALING,WP_IL4_SIGNALING,WikiPathways,Treg,SF_vs_PB_Treg,1.18485192,0.327116007,0.196737589,0.409242645,53,15,IL2RG/STAT3/IL4R/MAPK11/FOS/BAD/ELK1/HRH1/NFKBIA/AKT1/NFIL3/JAK3/PTPN11/SOCS3/SOCS1,up,FALSE
WP_BEMPEDOIC_ACID_THERAPY_IN_ATHEROSCLEROSIS_AND_METABOLIC_SYNDROME,WP_BEMPEDOIC_ACID_THERAPY_IN_ATHEROSCLEROSIS_AND_METABOLIC_SYNDROME,WikiPathways,Treg,SF_vs_PB_Treg,1.23003877,0.417271869,0.196770144,0.409242645,21,6,SLC27A2/PCK2/MAPK11/G6PC3/MAPK8/PRKAB1,up,FALSE
WP_CANNABINOID_RECEPTOR_SIGNALING,WP_CANNABINOID_RECEPTOR_SIGNALING,WikiPathways,Treg,SF_vs_PB_Treg,1.2286945,0.421820987,0.198533548,0.411883033,20,8,PRKAR1B/PRKAR1A/MAPK11/MAPK8/ADORA2A/DAGLA/PRKACA/AHR,up,FALSE
WP_PHASE_I_BIOTRANSFORMATIONS_NONP450,WP_PHASE_I_BIOTRANSFORMATIONS_NONP450,WikiPathways,Treg,SF_vs_PB_Treg,1.27879853,0.648025562,0.200976888,0.415917431,5,2,ESD/PON2,up,FALSE
WP_METHIONINE_DE_NOVO_AND_SALVAGE_PATHWAY,WP_METHIONINE_DE_NOVO_AND_SALVAGE_PATHWAY,WikiPathways,Treg,SF_vs_PB_Treg,1.22755277,0.432652639,0.203812538,0.420741724,18,2,IL4I1/TXN,up,FALSE
WP_TARGET_OF_RAPAMYCIN_SIGNALING,WP_TARGET_OF_RAPAMYCIN_SIGNALING,WikiPathways,Treg,SF_vs_PB_Treg,1.19755064,0.367622393,0.206657624,0.425045767,32,5,DDIT4/FKBP1A/IDI1/RHEB/EIF4EBP1,up,FALSE
WP_2Q37_COPY_NUMBER_VARIATION_SYNDROME,WP_2Q37_COPY_NUMBER_VARIATION_SYNDROME,WikiPathways,Treg,SF_vs_PB_Treg,1.1598701,0.298501571,0.206916764,0.425045767,78,27,PDCD1/TNF/PDGFA/ILK/CYTH2/RAB27A/ARF5/MYO5A/CXCR4/MAP4/ARF1/TRAF3/ABCA1/GPC1/NFKBIA/MAP1LC3A/LRRFIP1/CALM1/CFLAR/MAP1LC3B/NEDD8/GABARAPL1/RRAGA/COPS8/GAL3ST2/RBM44/RRAGC,up,FALSE
WP_FAMILIAL_HYPERLIPIDEMIA_TYPE_2,WP_FAMILIAL_HYPERLIPIDEMIA_TYPE_2,WikiPathways,Treg,SF_vs_PB_Treg,-1.25183865,-0.544214246,0.209291827,0.428373522,8,3,APOA1/EPHX2/LDLRAP1,down,FALSE
WP_AUTOPHAGY,WP_AUTOPHAGY,WikiPathways,Treg,SF_vs_PB_Treg,-1.19524949,-0.36791527,0.209564025,0.428373522,27,11,MTOR/DEPTOR/PRKAG2/WIPI2/RB1CC1/PIK3C3/UVRAG/ATG13/ATG14/RPTOR/AMBRA1,down,FALSE
WP_MITOCHONDRIAL_GENE_EXPRESSION,WP_MITOCHONDRIAL_GENE_EXPRESSION,WikiPathways,Treg,SF_vs_PB_Treg,-1.21774813,-0.430647394,0.210856744,0.429267994,16,4,NRF1/CREB1/PPARGC1B/CAMK4,down,FALSE
WP_GENETIC_CAUSES_OF_PORTOSINUSOIDAL_VASCULAR_DISEASE,WP_GENETIC_CAUSES_OF_PORTOSINUSOIDAL_VASCULAR_DISEASE,WikiPathways,Treg,SF_vs_PB_Treg,1.20477465,0.387866195,0.21165502,0.429267994,26,11,RBPJ/NOTCH1/EIF6/CYBA/NCF4/EOGT/DGUOK/NCF1/CDC42/CHCHD2/SBDS,up,FALSE
WP_WNT_SIGNALING_NETPATH,WP_WNT_SIGNALING_NETPATH,WikiPathways,Treg,SF_vs_PB_Treg,-1.17012392,-0.324200649,0.212014612,0.429267994,42,10,PIP5K1B/GSK3B/MAP3K7/BCL9/CSNK1E/PRKCB/PRKCA/AXIN2/LEF1/MYC,down,FALSE
WP_TRANSCRIPTIONAL_ACTIVATION_BY_NRF2_IN_RESPONSE_TO_PHYTOCHEMICALS,WP_TRANSCRIPTIONAL_ACTIVATION_BY_NRF2_IN_RESPONSE_TO_PHYTOCHEMICALS,WikiPathways,Treg,SF_vs_PB_Treg,1.23690156,0.486775154,0.212094418,0.429267994,12,7,MAF/NQO1/MAPK8/KEAP1/HMOX1/AIMP2/NFE2L2,up,FALSE
WP_PENTOSE_PHOSPHATE_PATHWAY_IN_SENESCENT_CELLS,WP_PENTOSE_PHOSPHATE_PATHWAY_IN_SENESCENT_CELLS,WikiPathways,Treg,SF_vs_PB_Treg,-1.24866863,-0.542836136,0.212575157,0.429267994,8,3,PRPS1L1/RPIA/TP53,down,FALSE
WP_MITOCHONDRIAL_FATTY_ACID_OXIDATION_DISORDERS,WP_MITOCHONDRIAL_FATTY_ACID_OXIDATION_DISORDERS,WikiPathways,Treg,SF_vs_PB_Treg,1.21683663,0.428875721,0.213230862,0.429374963,18,7,ACSL3/ACSL4/ACSL1/SCP2/ACADM/ACADVL/HADHB,up,FALSE
WP_MIRNAS_INVOLVED_IN_DNA_DAMAGE_RESPONSE,WP_MIRNAS_INVOLVED_IN_DNA_DAMAGE_RESPONSE,WikiPathways,Treg,SF_vs_PB_Treg,1.22535653,0.453818959,0.2140583,0.429374963,15,2,CDKN1A/CDK6,up,FALSE
WP_LDLRAD4_INTRONIC_SNP_EFFECT_ON_COVID_PATIENTS,WP_LDLRAD4_INTRONIC_SNP_EFFECT_ON_COVID_PATIENTS,WikiPathways,Treg,SF_vs_PB_Treg,1.25377838,0.574803876,0.214172644,0.429374963,7,4,LDLRAD4/PMEPA1/NEDD4/TGFBR1,up,FALSE
WP_RENINANGIOTENSINALDOSTERONE_SYSTEM_RAAS,WP_RENINANGIOTENSINALDOSTERONE_SYSTEM_RAAS,WikiPathways,Treg,SF_vs_PB_Treg,1.2052237,0.399674383,0.216388241,0.432776482,23,7,CALM2/CAMK1/CREB3/CREB3L2/CALML4/ITPR1/ITPR3,up,FALSE
WP_MAMMARY_GLAND_DEVELOPMENT_PUBERTY_STAGE_2_OF_4,WP_MAMMARY_GLAND_DEVELOPMENT_PUBERTY_STAGE_2_OF_4,WikiPathways,Treg,SF_vs_PB_Treg,1.23355827,0.497721453,0.216975851,0.43291354,11,4,TIMP1/VIM/FN1/FOSL1,up,FALSE
WP_GALANIN_RECEPTOR_PATHWAY,WP_GALANIN_RECEPTOR_PATHWAY,WikiPathways,Treg,SF_vs_PB_Treg,1.23182871,0.4970236,0.218423643,0.434075129,11,5,CDKN1A/PPARG/FOS/PRKCD/VEGFA,up,FALSE
WP_P38_MAPK_SIGNALING,WP_P38_MAPK_SIGNALING,WikiPathways,Treg,SF_vs_PB_Treg,-1.18077421,-0.351255185,0.218926056,0.434075129,31,6,CREB1/MAP3K7/MAX/MYC/MAP3K1/MAP2K6,down,FALSE
WP_POLYCYSTIC_KIDNEY_DISEASE_PATHWAY,WP_POLYCYSTIC_KIDNEY_DISEASE_PATHWAY,WikiPathways,Treg,SF_vs_PB_Treg,1.1679916,0.328863002,0.219656169,0.434075129,48,14,TNF/KCNN4/RHEB/CTNNB1/GNAI3/FOS/KRAS/PRKAB1/NRAS/DVL3/WNT9A/FLT1/WNT10A/HRAS,up,FALSE
WP_NEURAL_CREST_CELL_MIGRATION_DURING_DEVELOPMENT,WP_NEURAL_CREST_CELL_MIGRATION_DURING_DEVELOPMENT,WikiPathways,Treg,SF_vs_PB_Treg,1.19059093,0.376960973,0.220312673,0.434075129,28,9,STAT3/RHOA/TWIST1/FOS/MMP9/PAK2/ARF1/AKT1/PAK1,up,FALSE
WP_FARNESOID_X_RECEPTOR_PATHWAY,WP_FARNESOID_X_RECEPTOR_PATHWAY,WikiPathways,Treg,SF_vs_PB_Treg,1.25685358,0.636905053,0.220633786,0.434075129,5,1,RXRA,up,FALSE
WP_IRON_METABOLISM_IN_PLACENTA,WP_IRON_METABOLISM_IN_PLACENTA,WikiPathways,Treg,SF_vs_PB_Treg,-1.23890204,-0.538590287,0.220680881,0.434075129,8,3,IREB2/ACO1/SLC40A1,down,FALSE
WP_ONCOSTATIN_M_SIGNALING,WP_ONCOSTATIN_M_SIGNALING,WikiPathways,Treg,SF_vs_PB_Treg,1.1558708,0.313514012,0.223135849,0.43787129,58,21,OSM/STAT3/LDLR/HIF1A/FOS/KRAS/EGR1/MAPK8/SERPINE1/PIAS3/PRKCD/NFKBIA/JUND/CASP7/AKT1/JAK3/VEGFA/CCL2/PTPN11/SOCS3/HRAS,up,FALSE
WP_SPINA_BIFIDA,WP_SPINA_BIFIDA,WikiPathways,Treg,SF_vs_PB_Treg,-1.22126235,-0.495605978,0.227422531,0.443806923,10,6,MAT2B/MTR/SHMT1/DNMT1/MTRR/DNMT3A,down,FALSE
WP_MAMMARY_GLAND_DEVELOPMENT_PREGNANCY_AND_LACTATION_STAGE_3_OF_4,WP_MAMMARY_GLAND_DEVELOPMENT_PREGNANCY_AND_LACTATION_STAGE_3_OF_4,WikiPathways,Treg,SF_vs_PB_Treg,1.18267726,0.374455375,0.227741435,0.443806923,28,6,BCL2L1/NFIA/TPM3/PTPN1/EIF4G1/EIF4E,up,FALSE
WP_GLYCOGEN_SYNTHESIS_AND_DEGRADATION,WP_GLYCOGEN_SYNTHESIS_AND_DEGRADATION,WikiPathways,Treg,SF_vs_PB_Treg,1.17575909,0.358583303,0.22775703,0.443806923,33,12,UGP2/PHKA1/GYG1/CALM2/PGM1/GBE1/HK1/HK2/CALM1/PPP2CB/PPP2R2B/PPP2R1A,up,FALSE
WP_CONSTITUTIVE_ANDROSTANE_RECEPTOR_PATHWAY,WP_CONSTITUTIVE_ANDROSTANE_RECEPTOR_PATHWAY,WikiPathways,Treg,SF_vs_PB_Treg,1.21494695,0.468079946,0.228492403,0.444202015,13,7,RXRA/FOXO1/NCOA1/ALAS1/HSP90AA1/SMC1A/EHHADH,up,FALSE
WP_SEROTONIN_HTR1_GROUP_AND_FOS_PATHWAY,WP_SEROTONIN_HTR1_GROUP_AND_FOS_PATHWAY,WikiPathways,Treg,SF_vs_PB_Treg,1.17899461,0.370340326,0.23011704,0.446320026,29,8,MAPKAPK3/STAT3/RHOA/MAPKAPK2/GNAI3/FOS/ITPR1/ELK1,up,FALSE
WP_OXIDATIVE_STRESS_RESPONSE,WP_OXIDATIVE_STRESS_RESPONSE,WikiPathways,Treg,SF_vs_PB_Treg,1.19108846,0.408910524,0.232738252,0.45028141,20,7,MT1X/FOS/NQO1/SOD1/TXNRD1/GPX1/HMOX1,up,FALSE
WP_TRYPTOPHAN_METABOLISM,WP_TRYPTOPHAN_METABOLISM,WikiPathways,Treg,SF_vs_PB_Treg,1.19467954,0.421066424,0.233461423,0.45028141,18,8,IL4I1/ECHS1/ALDH2/ASMT/AHR/DLD/IDO1/ACAT1,up,FALSE
WP_OXIDATION_BY_CYTOCHROME_P450,WP_OXIDATION_BY_CYTOCHROME_P450,WikiPathways,Treg,SF_vs_PB_Treg,1.19049303,0.413933241,0.234132502,0.45028141,19,4,CYP7B1/CYB5R3/CYP4F22/CYP2R1,up,FALSE
WP_NEUROINFLAMMATION_AND_GLUTAMATERGIC_SIGNALING,WP_NEUROINFLAMMATION_AND_GLUTAMATERGIC_SIGNALING,WikiPathways,Treg,SF_vs_PB_Treg,1.13331254,0.284913198,0.234319103,0.45028141,89,29,IL10/TNF/IL1R1/LTA/IFNGR1/STAT3/SLC2A3/IL1R2/TNFRSF1B/IL4R/ADCY3/SLC1A1/FOS/IL1A/CAMKK1/PPP1CB/LIF/SLC38A5/SLC2A1/NFKB2/CFL1/AKT1/TGFBR1/GOT1/SOCS3/CALM1/PDHA1/SLC1A4/IFNG,up,FALSE
WP_SARSCOV2_MITOCHONDRIAL_CHRONIC_OXIDATIVE_STRESS_AND_ENDOTHELIAL_DYSFUNCTION,WP_SARSCOV2_MITOCHONDRIAL_CHRONIC_OXIDATIVE_STRESS_AND_ENDOTHELIAL_DYSFUNCTION,WikiPathways,Treg,SF_vs_PB_Treg,1.19187671,0.420078563,0.236079717,0.452473641,18,4,NDFIP2/TNF/NDUFAF1/TRAF3,up,FALSE
WP_GPCRS_CLASS_A_RHODOPSINLIKE,WP_GPCRS_CLASS_A_RHODOPSINLIKE,WikiPathways,Treg,SF_vs_PB_Treg,1.13810206,0.29675601,0.237269997,0.452473641,72,20,CCR1/CXCR3/CCR5/C3AR1/CYSLTR1/LPAR5/CCR2/P2RY10/CCRL2/F2R/CXCR4/GPR19/P2RY11/NTSR1/HRH1/CCR8/EDNRB/CXCR1/GPR161/ADRB2,up,FALSE
WP_OLIGODENDROCYTE_DEVELOPMENT,WP_OLIGODENDROCYTE_DEVELOPMENT,WikiPathways,Treg,SF_vs_PB_Treg,1.19562,0.434968157,0.237916311,0.452473641,16,7,ID2/NFIA/ZEB2/BMP1/EGR2/MYRF/WNT10A,up,FALSE
WP_SYNTHESIS_OF_CERAMIDES_AND_1DEOXYCERAMIDES,WP_SYNTHESIS_OF_CERAMIDES_AND_1DEOXYCERAMIDES,WikiPathways,Treg,SF_vs_PB_Treg,1.19857586,0.443900558,0.238632681,0.452473641,15,8,CERS5/KDSR/CERS2/UGCG/CERS4/SPHK1/SGMS2/SPTLC1,up,FALSE
WP_VITAMIN_B12_DISORDERS,WP_VITAMIN_B12_DISORDERS,WikiPathways,Treg,SF_vs_PB_Treg,1.21170494,0.501875238,0.23867303,0.452473641,10,3,TCN2/CD320/TCN1,up,FALSE
WP_LIPID_METABOLISM_PATHWAY,WP_LIPID_METABOLISM_PATHWAY,WikiPathways,Treg,SF_vs_PB_Treg,1.178346,0.386534922,0.239590126,0.452473641,24,9,PRKAR1B/PRKAR1A/PRKAB1/FASN/AKT1/ACSS2/PDHA1/PRKACA/ACLY,up,FALSE
WP_MITOCHONDRIAL_CARRIER_DEFICIENCY_ASSOCIATED_WITH_SHUTTLE_DISTURBANCES,WP_MITOCHONDRIAL_CARRIER_DEFICIENCY_ASSOCIATED_WITH_SHUTTLE_DISTURBANCES,WikiPathways,Treg,SF_vs_PB_Treg,1.23515003,0.625906874,0.239774442,0.452473641,5,3,SLC25A12/SLC25A22/GLUD1,up,FALSE
WP_UREA_CYCLE_AND_ASSOCIATED_PATHWAYS,WP_UREA_CYCLE_AND_ASSOCIATED_PATHWAYS,WikiPathways,Treg,SF_vs_PB_Treg,-1.18008293,-0.404289354,0.240098904,0.452473641,18,3,ALDH4A1/LDHB/ARG1,down,FALSE
WP_CORTICOTROPINRELEASING_HORMONE_SIGNALING,WP_CORTICOTROPINRELEASING_HORMONE_SIGNALING,WikiPathways,Treg,SF_vs_PB_Treg,1.13601011,0.300994817,0.24067395,0.452473641,66,19,FOSL2/NR4A1/RHOA/CTNNB1/NOS3/PRKCI/RAP1B/FOS/CASP9/MAPK8/PRKCD/ELK1/NFKBIA/FOSL1/JUND/AKT1/TCF4/GNB1/FOSB,up,FALSE
WP_BDNFTRKB_SIGNALING,WP_BDNFTRKB_SIGNALING,WikiPathways,Treg,SF_vs_PB_Treg,1.17390366,0.377927563,0.240885248,0.452473641,26,9,NTRK2/MKNK1/RHEB/EIF4EBP1/KRAS/NRAS/DLG4/AKT1/HRAS,up,FALSE
WP_ROS_IN_COVID19_ENDOTHELIAL_DYSFUNCTION,WP_ROS_IN_COVID19_ENDOTHELIAL_DYSFUNCTION,WikiPathways,Treg,SF_vs_PB_Treg,1.23249268,0.624560274,0.242375506,0.453612737,5,2,TNF/ICAM1,up,FALSE
WP_CATABOLISM_OF_SKELETAL_MUSCLE_IN_CACHEXIA,WP_CATABOLISM_OF_SKELETAL_MUSCLE_IN_CACHEXIA,WikiPathways,Treg,SF_vs_PB_Treg,1.15773391,0.346089229,0.242579473,0.453612737,36,11,TNFRSF12A/TNF/IL1R1/STAT3/MAPK11/IL1A/TNFSF12/NFKB2/NFKBIA/MAP1LC3A/AKT1,up,FALSE
WP_ANGIOGENESIS,WP_ANGIOGENESIS,WikiPathways,Treg,SF_vs_PB_Treg,1.1860559,0.424300032,0.244157709,0.455542571,17,7,HIF1A/NOS3/MMP9/AKT1/VEGFA/FLT1/SRC,up,FALSE
WP_PHOSPHODIESTERASES_IN_NEURONAL_FUNCTION,WP_PHOSPHODIESTERASES_IN_NEURONAL_FUNCTION,WikiPathways,Treg,SF_vs_PB_Treg,1.17501166,0.394263028,0.245746055,0.456955226,22,4,PDE4D/PDE4A/ADCY3/PDE4B,up,FALSE
WP_MIRNA_REGULATION_OF_PROSTATE_CANCER_SIGNALING,WP_MIRNA_REGULATION_OF_PROSTATE_CANCER_SIGNALING,WikiPathways,Treg,SF_vs_PB_Treg,1.16393714,0.368521938,0.246516613,0.456955226,28,8,CDKN1A/PDGFA/CTNNB1/KRAS/CASP9/BAD/FOXO1/NFKBIA,up,FALSE
WP_17Q12_COPY_NUMBER_VARIATION_SYNDROME,WP_17Q12_COPY_NUMBER_VARIATION_SYNDROME,WikiPathways,Treg,SF_vs_PB_Treg,1.14151971,0.316184083,0.246558575,0.456955226,52,7,CCL4/DUSP14/CCL5/CISD3/CCL4L2/CCL3/AP2B1,up,FALSE
WP_ETHANOL_METABOLISM_PRODUCTION_OF_ROS_BY_CYP2E1,WP_ETHANOL_METABOLISM_PRODUCTION_OF_ROS_BY_CYP2E1,WikiPathways,Treg,SF_vs_PB_Treg,1.20329742,0.531447273,0.252711031,0.467319291,8,5,MAPK8/MAFK/NFE2L2/MAFG/MAP2K1,up,FALSE
WP_MAJOR_RECEPTORS_TARGETED_BY_EPINEPHRINE_AND_NOREPINEPHRINE,WP_MAJOR_RECEPTORS_TARGETED_BY_EPINEPHRINE_AND_NOREPINEPHRINE,WikiPathways,Treg,SF_vs_PB_Treg,1.21922468,0.617836773,0.254924152,0.4703689,5,2,ADCY3/ADRB2,up,FALSE
WP_SEROTONIN_RECEPTOR_2_AND_ELKSRFGATA4_SIGNALING,WP_SEROTONIN_RECEPTOR_2_AND_ELKSRFGATA4_SIGNALING,WikiPathways,Treg,SF_vs_PB_Treg,1.17636376,0.42796271,0.256077427,0.471453805,16,7,MAPKAPK2/KRAS/ITPR1/ELK1/NRAS/SRF/HRAS,up,FALSE
WP_CELL_CYCLE,WP_CELL_CYCLE,WikiPathways,Treg,SF_vs_PB_Treg,1.10704884,0.266989621,0.257026701,0.472159183,116,14,CDKN1A/GADD45G/CDK6/GADD45A/CCND2/MAD2L2/CDKN2D/YWHAG/RBX1/PTTG1/BUB3/YWHAH/YWHAB/YWHAZ,up,FALSE
WP_TRANSCRIPTION_FACTORS_REGULATE_MIRNAS_RELATED_TO_CARDIAC_HYPERTROPHY,WP_TRANSCRIPTION_FACTORS_REGULATE_MIRNAS_RELATED_TO_CARDIAC_HYPERTROPHY,WikiPathways,Treg,SF_vs_PB_Treg,1.19740436,0.528844546,0.258484163,0.473792949,8,2,STAT3/AKT1,up,FALSE
WP_PERTURBATIONS_TO_HOSTCELL_AUTOPHAGY_INDUCED_BY_SARSCOV2_PROTEINS,WP_PERTURBATIONS_TO_HOSTCELL_AUTOPHAGY_INDUCED_BY_SARSCOV2_PROTEINS,WikiPathways,Treg,SF_vs_PB_Treg,1.1370315,0.330647568,0.260480605,0.476405317,41,12,PKM/LAMP2/RHEB/VAMP8/TMEM59/SQSTM1/AKT1/OPTN/LAMTOR1/MAP1LC3B/VPS16/RAB7A,up,FALSE
WP_OVERVIEW_OF_NANOPARTICLE_EFFECTS,WP_OVERVIEW_OF_NANOPARTICLE_EFFECTS,WikiPathways,Treg,SF_vs_PB_Treg,1.18254315,0.477137649,0.261471343,0.476634298,11,4,TNF/FN1/PTGS1/HMOX1,up,FALSE
WP_REGULATION_OF_SISTER_CHROMATID_SEPARATION_AT_THE_METAPHASEANAPHASE_TRANSITION,WP_REGULATION_OF_SISTER_CHROMATID_SEPARATION_AT_THE_METAPHASEANAPHASE_TRANSITION,WikiPathways,Treg,SF_vs_PB_Treg,1.17457116,0.44303907,0.261748811,0.476634298,14,9,PTTG1/BUB3/SMC3/ESPL1/SMC1A/STAG1/BUB1B/CENPE/MAD2L1,up,FALSE
WP_WNT_SIGNALING_IN_KIDNEY_DISEASE,WP_WNT_SIGNALING_IN_KIDNEY_DISEASE,WikiPathways,Treg,SF_vs_PB_Treg,1.17397716,0.442815016,0.262321691,0.476636798,14,5,RHOA/CTNNB1/MAPK8/DVL3/WNT10A,up,FALSE
WP_NPHP1_DELETION_SYNDROME,WP_NPHP1_DELETION_SYNDROME,WikiPathways,Treg,SF_vs_PB_Treg,-1.18635506,-0.515746436,0.265970327,0.481676403,8,3,INVS/PTK2B/MAPK3,down,FALSE
WP_ENVELOPE_PROTEINS_AND_THEIR_POTENTIAL_ROLES_IN_EDMD_PHYSIOPATHOLOGY,WP_ENVELOPE_PROTEINS_AND_THEIR_POTENTIAL_ROLES_IN_EDMD_PHYSIOPATHOLOGY,WikiPathways,Treg,SF_vs_PB_Treg,1.13611511,0.337686191,0.266250386,0.481676403,37,13,TMEM43/RHOA/ADCY3/KRAS/SYNE2/BANF1/KIF5B/NRAS/CFL1/SRF/PLEC/EMD/HRAS,up,FALSE
WP_PHYSIOLOGICAL_AND_PATHOLOGICAL_HYPERTROPHY_OF_THE_HEART,WP_PHYSIOLOGICAL_AND_PATHOLOGICAL_HYPERTROPHY_OF_THE_HEART,WikiPathways,Treg,SF_vs_PB_Treg,1.15730954,0.402395373,0.267577318,0.483029184,19,5,STAT3/RHOA/MAPK11/FOS/MAPK8,up,FALSE
WP_INTEGRATED_CANCER_PATHWAY,WP_INTEGRATED_CANCER_PATHWAY,WikiPathways,Treg,SF_vs_PB_Treg,-1.12223494,-0.310932278,0.268389483,0.483448874,42,5,TP53/ATM/MYC/CDC25B/SMAD3,down,FALSE
WP_BREAST_CANCER_PATHWAY,WP_BREAST_CANCER_PATHWAY,WikiPathways,Treg,SF_vs_PB_Treg,1.10577986,0.276172631,0.27026659200000003,0.485004354,93,22,CDKN1A/GADD45G/CDK6/NOTCH1/GADD45A/CTNNB1/JAG2/DDB2/FOS/NCOA3/KRAS/NBN/NOTCH2/NCOA1/NRAS/NFKB2/AKT1/DVL3/RAD50/WNT10A/HRAS/GADD45B,up,FALSE
WP_FAMILIAL_PARTIAL_LIPODYSTROPHY,WP_FAMILIAL_PARTIAL_LIPODYSTROPHY,WikiPathways,Treg,SF_vs_PB_Treg,1.15302652,0.391146639,0.270416097,0.485004354,21,5,LMNA/PPARG/ZMPSTE24/BANF1/SREBF1,up,FALSE
WP_CLOCKCONTROLLED_AUTOPHAGY_IN_BONE_METABOLISM,WP_CLOCKCONTROLLED_AUTOPHAGY_IN_BONE_METABOLISM,WikiPathways,Treg,SF_vs_PB_Treg,1.12194431,0.31197922300000003,0.271853969,0.48581964,51,4,BHLHE40/CSF1/NOTCH1/LAMP2,up,FALSE
WP_EXRNA_MECHANISM_OF_ACTION_AND_BIOGENESIS,WP_EXRNA_MECHANISM_OF_ACTION_AND_BIOGENESIS,WikiPathways,Treg,SF_vs_PB_Treg,1.19339793,0.572104867,0.272035697,0.48581964,6,1,ERI1,up,FALSE
WP_5Q35_COPY_NUMBER_VARIATION,WP_5Q35_COPY_NUMBER_VARIATION,WikiPathways,Treg,SF_vs_PB_Treg,1.1080472,0.28274014,0.273085189,0.486651811,82,18,PDLIM7/TMED9/TMED10/F12/GNAI3/EED/LMAN2/CXCR4/MAPK8/PTPRN2/HIP1/TMED2/TSPAN17/COX8A/MAGED1/GPRIN1/DBN1/COX5A,up,FALSE
WP_FLUOROPYRIMIDINE_ACTIVITY,WP_FLUOROPYRIMIDINE_ACTIVITY,WikiPathways,Treg,SF_vs_PB_Treg,1.13945412,0.363638737,0.275143824,0.489274946,27,6,TYMP/UPP1/FPGS/SLC29A1/TDG/UCK2,up,FALSE
WP_T_CELL_RECEPTOR_AND_COSTIMULATORY_SIGNALING,WP_T_CELL_RECEPTOR_AND_COSTIMULATORY_SIGNALING,WikiPathways,Treg,SF_vs_PB_Treg,-1.12913041,-0.347562851,0.276560085,0.490747045,27,10,DYRK1A/ITK/RASA1/ZAP70/GSK3B/PLCG1/PDK1/PRKCA/DYRK2/PTPN6,down,FALSE
WP_SARSCOV2_AND_COVID19_PATHWAY,WP_SARSCOV2_AND_COVID19_PATHWAY,WikiPathways,Treg,SF_vs_PB_Treg,1.19518146,0.605652973,0.277301247,0.490775244,5,3,FURIN/CTSL/NRP1,up,FALSE
WP_TUMOR_SUPPRESSOR_ACTIVITY_OF_SMARCB1,WP_TUMOR_SUPPRESSOR_ACTIVITY_OF_SMARCB1,WikiPathways,Treg,SF_vs_PB_Treg,1.14194904,0.378691339,0.277928138,0.490775244,23,3,CDK6/DPF3/EED,up,FALSE
WP_CONGENITAL_GENERALIZED_LIPODYSTROPHY,WP_CONGENITAL_GENERALIZED_LIPODYSTROPHY,WikiPathways,Treg,SF_vs_PB_Treg,1.16090818,0.447260548,0.278873672,0.490775244,13,4,AGPAT2/HIF1A/DGAT2/LPIN2,up,FALSE
WP_DNA_IRDOUBLE_STRAND_BREAKS_AND_CELLULAR_RESPONSE_VIA_ATM,WP_DNA_IRDOUBLE_STRAND_BREAKS_AND_CELLULAR_RESPONSE_VIA_ATM,WikiPathways,Treg,SF_vs_PB_Treg,1.11598358,0.309110953,0.279092457,0.490775244,52,23,STK3/BID/TP53BP1/TP73/NBN/CASP9/ACTL6A/RAD50/SMC3/NABP2/CDK5/APAF1/KAT5/MDM2/CASP3/BLM/RNF8/RAD17/SMC1A/BAK1/PCNA/CHEK2/E2F1,up,FALSE
WP_ENDOTHELIN_PATHWAYS,WP_ENDOTHELIN_PATHWAYS,WikiPathways,Treg,SF_vs_PB_Treg,1.15067703,0.418617844,0.280728722,0.490775244,16,5,GNA15/NOS3/ATP2A2/EDNRB/CALM1,up,FALSE
WP_WARBURG_EFFECT_MODULATED_BY_DEUBIQUITINATING_ENZYMES_AND_THEIR_SUBSTRATES,WP_WARBURG_EFFECT_MODULATED_BY_DEUBIQUITINATING_ENZYMES_AND_THEIR_SUBSTRATES,WikiPathways,Treg,SF_vs_PB_Treg,1.13830345,0.373399695,0.28087564,0.490775244,24,9,PGK1/LDHA/PGAM1/HIF1A/FOXO1/SLC2A1/HK2/AKT1/VEGFA,up,FALSE
WP_FRAGILE_X_SYNDROME,WP_FRAGILE_X_SYNDROME,WikiPathways,Treg,SF_vs_PB_Treg,-1.0875933,-0.258360121,0.281084224,0.490775244,91,15,CREB1/SH3GL1/PLCG1/ALDH5A1/RPTOR/PDK1/SOS1/EEF1A1/NF1/EIF4EBP2/ARHGAP32/PRKCA/CAMK4/APP/EPHA4,down,FALSE
WP_TELOMERE_END_PACKAGING_AND_NEURODEVELOPMENTAL_DISORDERS,WP_TELOMERE_END_PACKAGING_AND_NEURODEVELOPMENTAL_DISORDERS,WikiPathways,Treg,SF_vs_PB_Treg,1.17649862,0.5393744,0.281615822,0.490775244,7,1,TPP1,up,FALSE
WP_TLR4_SIGNALING_AND_TOLERANCE,WP_TLR4_SIGNALING_AND_TOLERANCE,WikiPathways,Treg,SF_vs_PB_Treg,1.13618446,0.372704599,0.282794597,0.490775244,24,11,TNF/IRF7/TRAM1/TRAF3/TIRAP/NFKBIA/TBK1/TICAM1/IKBKG/MYD88/IRAK1,up,FALSE
WP_PATHOPHYSIOLOGICAL_ROLES_OF_DUX4_IN_FSHD1,WP_PATHOPHYSIOLOGICAL_ROLES_OF_DUX4_IN_FSHD1,WikiPathways,Treg,SF_vs_PB_Treg,1.17107345,0.517215261,0.283936652,0.490775244,8,1,CDKN1A,up,FALSE
WP_PURINERGIC_SIGNALING,WP_PURINERGIC_SIGNALING,WikiPathways,Treg,SF_vs_PB_Treg,-1.14423204,-0.411773993,0.283959705,0.490775244,15,2,P2RY8/LPAR6,down,FALSE
WP_UREA_CYCLE_AND_RELATED_DISEASES,WP_UREA_CYCLE_AND_RELATED_DISEASES,WikiPathways,Treg,SF_vs_PB_Treg,-1.17629611,-0.560020139,0.284917566,0.490775244,6,2,GLS2/ARG1,down,FALSE
WP_MAP3K1_ROLE_IN_PROMOTING_AND_BLOCKING_GONADAL_DETERMINATION,WP_MAP3K1_ROLE_IN_PROMOTING_AND_BLOCKING_GONADAL_DETERMINATION,WikiPathways,Treg,SF_vs_PB_Treg,1.15853056,0.467448945,0.285330965,0.490775244,11,4,GADD45G/RHOA/MAPK11/CTNNB1,up,FALSE
WP_HLAC_ALLOTYPES_INTERACTIONS_WITH_KIR_ON_DNK_CELLS,WP_HLAC_ALLOTYPES_INTERACTIONS_WITH_KIR_ON_DNK_CELLS,WikiPathways,Treg,SF_vs_PB_Treg,-1.13495399,-0.38882845,0.285884811,0.490775244,18,4,PLCG1/PRKCQ/PRKCA/PTPN6,down,FALSE
WP_ANGIOGENESIS_OVERVIEW,WP_ANGIOGENESIS_OVERVIEW,WikiPathways,Treg,SF_vs_PB_Treg,1.11238705,0.314491187,0.287389977,0.490775244,47,16,IQGAP1/SEMA4A/MAPK11/NOS3/KRAS/MMP9/BAD/MAPK8/ELK1/AKT1/DAG1/TIMP4/VEGFA/PTPN11/NRP1/PAK1,up,FALSE
WP_NEOVASCULARIZATION_PROCESSES,WP_NEOVASCULARIZATION_PROCESSES,WikiPathways,Treg,SF_vs_PB_Treg,1.1335012,0.375889878,0.287466169,0.490775244,23,8,NOTCH1/HIF1A/MMP9/CXCR4/MAPK8/NFKB2/AKT1/TGFBR1,up,FALSE
WP_VITAMIN_D_IN_INFLAMMATORY_DISEASES,WP_VITAMIN_D_IN_INFLAMMATORY_DISEASES,WikiPathways,Treg,SF_vs_PB_Treg,-1.12792894,-0.369905675,0.287571046,0.490775244,21,4,NFATC1/MAP3K1/MAP2K6/SMAD3,down,FALSE
WP_PLURIPOTENT_STEM_CELL_DIFFERENTIATION_PATHWAY,WP_PLURIPOTENT_STEM_CELL_DIFFERENTIATION_PATHWAY,WikiPathways,Treg,SF_vs_PB_Treg,1.13799367,0.395679265,0.287888467,0.490775244,19,3,CSF1/NOTCH1/PDGFA,up,FALSE
WP_AMPLIFICATION_AND_EXPANSION_OF_ONCOGENIC_PATHWAYS_AS_METASTATIC_TRAITS,WP_AMPLIFICATION_AND_EXPANSION_OF_ONCOGENIC_PATHWAYS_AS_METASTATIC_TRAITS,WikiPathways,Treg,SF_vs_PB_Treg,-1.15412398,-0.454760377,0.288242495,0.490775244,11,3,VHL/LEF1/TCF7,down,FALSE
WP_APOPTOSIS_REGULATION_BY_PARATHYROID_HORMONERELATED_PROTEIN,WP_APOPTOSIS_REGULATION_BY_PARATHYROID_HORMONERELATED_PROTEIN,WikiPathways,Treg,SF_vs_PB_Treg,1.1362184,0.385444738,0.288345167,0.490775244,21,3,PTHLH/BID/BCL2L1,up,FALSE
WP_DISRUPTION_OF_POSTSYNAPTIC_SIGNALING_BY_CNV,WP_DISRUPTION_OF_POSTSYNAPTIC_SIGNALING_BY_CNV,WikiPathways,Treg,SF_vs_PB_Treg,1.14990909,0.443022952,0.290167681,0.492871377,13,3,CYFIP1/YWHAG/STX1A,up,FALSE
WP_NONHOMOLOGOUS_END_JOINING,WP_NONHOMOLOGOUS_END_JOINING,WikiPathways,Treg,SF_vs_PB_Treg,-1.15393085,-0.468281881,0.29086952,0.493001337,10,5,DCLRE1C/XRCC4/POLM/NHEJ1/POLL,down,FALSE
WP_DOPAMINE_METABOLISM,WP_DOPAMINE_METABOLISM,WikiPathways,Treg,SF_vs_PB_Treg,1.16570502,0.534425997,0.29142645,0.493001337,7,5,COMT/NQO1/SOD1/PPP2CB/PRKACA,up,FALSE
WP_GASTRIC_CANCER_NETWORK_2,WP_GASTRIC_CANCER_NETWORK_2,WikiPathways,Treg,SF_vs_PB_Treg,-1.11170924,-0.335828285,0.297330973,0.500383716,29,6,COL9A3/RNF144B/CD48/TP53/MYC/PLAC8,down,FALSE
WP_TROP2_REGULATORY_SIGNALING,WP_TROP2_REGULATORY_SIGNALING,WikiPathways,Treg,SF_vs_PB_Treg,1.10576781,0.319913046,0.29844042,0.500383716,42,10,NOTCH1/VIM/CTNNB1/TLN1/PSEN2/PRKCD/FN1/PSEN1/CLDN7/IGF2R,up,FALSE
WP_GLYCOSYLPHOSPHATIDYL_INOSITOL_ANCHOR_PATHWAY,WP_GLYCOSYLPHOSPHATIDYL_INOSITOL_ANCHOR_PATHWAY,WikiPathways,Treg,SF_vs_PB_Treg,1.12136088,0.364605444,0.298561887,0.500383716,25,7,GPAA1/DPM2/PIGT/PGAP1/PIGF/PIGU/PIGS,up,FALSE
WP_IL6_SIGNALING,WP_IL6_SIGNALING,WikiPathways,Treg,SF_vs_PB_Treg,1.10860126,0.329508281,0.299105117,0.500383716,37,10,TIMP1/STAT3/BCL2L1/PRDM1/BAD/PRKCD/NCOA1/AKT1/PTPN11/SOCS3,up,FALSE
WP_MYD88_DISTINCT_INPUTOUTPUT_PATHWAY,WP_MYD88_DISTINCT_INPUTOUTPUT_PATHWAY,WikiPathways,Treg,SF_vs_PB_Treg,-1.13572939,-0.425897989,0.299249061,0.500383716,13,6,NFKB1/TRAF6/TLR6/TLR1/TIFA/TLR5,down,FALSE
WP_ANGIOTENSIN_II_RECEPTOR_TYPE_1_PATHWAY,WP_ANGIOTENSIN_II_RECEPTOR_TYPE_1_PATHWAY,WikiPathways,Treg,SF_vs_PB_Treg,-1.12582433,-0.391718341,0.299390257,0.500383716,17,4,TGFBR2/IL11RA/MAP2K6/SMAD3,down,FALSE
WP_ANGIOPOIETINLIKE_PROTEIN_8_REGULATORY_PATHWAY,WP_ANGIOPOIETINLIKE_PROTEIN_8_REGULATORY_PATHWAY,WikiPathways,Treg,SF_vs_PB_Treg,-1.071285,-0.248747455,0.301375246,0.50269391,104,27,TSC1/PIK3C3/NR1H3/MAP3K11/TSC2/MAP2K5/RPS6KA3/IRS1/MAP4K4/MAPK3/GSK3B/MAP4K5/RPS6KA1/FOXO3/RPS6KA2/MAP3K7/RPTOR/THRA/SOS1/MINK1/PIK3R1/RICTOR/MAP4K2/MAP3K4/SESN3/MAP3K1/MAP2K6,down,FALSE
WP_SENESCENCE_AND_AUTOPHAGY_IN_CANCER,WP_SENESCENCE_AND_AUTOPHAGY_IN_CANCER,WikiPathways,Treg,SF_vs_PB_Treg,1.08787342,0.278701673,0.303087078,0.503092869,80,16,CDKN1A/SLC39A1/LAMP2/CCL3/SLC39A4/GSN/CD44/IRF7/SH3GLB1/IL1A/IFI16/SERPINE1/PLAU/SQSTM1/FN1/IRF5,up,FALSE
WP_OMEGA6FATTY_ACIDS_IN_SENESCENCE,WP_OMEGA6FATTY_ACIDS_IN_SENESCENCE,WikiPathways,Treg,SF_vs_PB_Treg,1.10449158,0.326420331,0.303162012,0.503092869,38,10,CDKN1A/GGT1/CYSLTR1/MAPK11/ALOX5AP/SERPINE1/GPX1/PTGS1/HPGD/FADS1,up,FALSE
WP_ROLES_OF_CERAMIDES_IN_DEVELOPMENT_OF_INSULIN_RESISTANCE,WP_ROLES_OF_CERAMIDES_IN_DEVELOPMENT_OF_INSULIN_RESISTANCE,WikiPathways,Treg,SF_vs_PB_Treg,1.12809868,0.403566394,0.303855818,0.503092869,17,6,TNF/EIF2AK2/ACSL1/TRAF1/MAPK8/AKT1,up,FALSE
WP_IRONSULFUR_CLUSTER_BIOGENESIS,WP_IRONSULFUR_CLUSTER_BIOGENESIS,WikiPathways,Treg,SF_vs_PB_Treg,1.13291513,0.42732674,0.304027345,0.503092869,14,7,HSPA9/NUBP1/LYRM4/NARF/NFU1/HSCB/ISCU,up,FALSE
WP_MAPK_CASCADE,WP_MAPK_CASCADE,WikiPathways,Treg,SF_vs_PB_Treg,-1.10144775,-0.324988675,0.305337969,0.503150354,32,6,MBP/MAPK3/SOS1/RASA3/MAP3K1/MAP2K6,down,FALSE
WP_TYPE_I_INTERFERON_INDUCTION_AND_SIGNALING_DURING_SARSCOV2_INFECTION,WP_TYPE_I_INTERFERON_INDUCTION_AND_SIGNALING_DURING_SARSCOV2_INFECTION,WikiPathways,Treg,SF_vs_PB_Treg,1.11718036,0.36647065,0.305374942,0.503150354,24,6,OAS3/OAS1/EIF2AK2/IRF7/TRAF3/TBK1,up,FALSE
WP_HEPATOCYTE_GROWTH_FACTOR_RECEPTOR_SIGNALING,WP_HEPATOCYTE_GROWTH_FACTOR_RECEPTOR_SIGNALING,WikiPathways,Treg,SF_vs_PB_Treg,1.10970351,0.345626181,0.305871978,0.503150354,30,13,STAT3/RAP1B/FOS/MAPK8/ELK1/RAPGEF1/PTPN11/HRAS/PAK1/SRC/MAP4K1/ITGB1/GRB2,up,FALSE
WP_INHIBITION_OF_EXOSOME_BIOGENESIS_AND_SECRETION_BY_MANUMYCIN_A_IN_CRPC_CELLS,WP_INHIBITION_OF_EXOSOME_BIOGENESIS_AND_SECRETION_BY_MANUMYCIN_A_IN_CRPC_CELLS,WikiPathways,Treg,SF_vs_PB_Treg,1.12531561,0.40257078,0.306897399,0.503843367,17,7,RAB5A/RAB27A/KRAS/RRAS/NRAS/HRAS/RRAS2,up,FALSE
WP_METAPATHWAY_BIOTRANSFORMATION_PHASE_I_AND_II,WP_METAPATHWAY_BIOTRANSFORMATION_PHASE_I_AND_II,WikiPathways,Treg,SF_vs_PB_Treg,1.08740368,0.288116161,0.308260589,0.505087095,66,15,CYP7B1/CYP4F22/CYP2R1/GSTO1/GSS/COMT/TPMT/MGST2/NAA20/NAA50/AKR1A1/GSTA4/MGST3/HS3ST1/CYP51A1,up,FALSE
WP_SRF_AND_MIRS_IN_SMOOTH_MUSCLE_DIFFERENTIATION_AND_PROLIFERATION,WP_SRF_AND_MIRS_IN_SMOOTH_MUSCLE_DIFFERENTIATION_AND_PROLIFERATION,WikiPathways,Treg,SF_vs_PB_Treg,1.14449029,0.505474567,0.309135591,0.505266861,8,5,CCND2/ELK1/KLF4/SRF/MEF2D,up,FALSE
WP_CALORIC_RESTRICTION_AND_AGING,WP_CALORIC_RESTRICTION_AND_AGING,WikiPathways,Treg,SF_vs_PB_Treg,1.14678771,0.52575322,0.309581973,0.505266861,7,1,NAMPT,up,FALSE
WP_PHOTODYNAMIC_THERAPYINDUCED_UNFOLDED_PROTEIN_RESPONSE,WP_PHOTODYNAMIC_THERAPYINDUCED_UNFOLDED_PROTEIN_RESPONSE,WikiPathways,Treg,SF_vs_PB_Treg,1.11243853,0.36491518,0.311001397,0.50659212,24,13,ATF3/CALR/PDIA6/DDIT3/DNAJB11/DNAJC3/TRIB3/HSP90B1/EDEM1/HSPA5/NFE2L2/ATF6/PPP1R15A,up,FALSE
WP_NANOPARTICLEMEDIATED_ACTIVATION_OF_RECEPTOR_SIGNALING,WP_NANOPARTICLEMEDIATED_ACTIVATION_OF_RECEPTOR_SIGNALING,WikiPathways,Treg,SF_vs_PB_Treg,1.10804952,0.356726422,0.312598469,0.50820102,26,12,MAPK11/KRAS/TLN1/MAPK8/FN1/NRAS/HRAS/SRC/ITGB1/GRB2/AKT3/MAP2K1,up,FALSE
WP_PATHWAYS_OF_NUCLEIC_ACID_METABOLISM_AND_INNATE_IMMUNE_SENSING,WP_PATHWAYS_OF_NUCLEIC_ACID_METABOLISM_AND_INNATE_IMMUNE_SENSING,WikiPathways,Treg,SF_vs_PB_Treg,-1.12442112,-0.431682351,0.313664596,0.508942166,12,4,SAMHD1/IRF3/RNASET2/RNASEH2B,down,FALSE
WP_INTERFERON_SIGNALING_IN_TUBERCULOSIS,WP_INTERFERON_SIGNALING_IN_TUBERCULOSIS,WikiPathways,Treg,SF_vs_PB_Treg,1.10764781,0.36334367,0.316348393,0.512300116,24,8,IFNGR1/OAS1/IFI35/MX1/TAP1/IFIT1/SOCS1/IFNG,up,FALSE
WP_ECTODERM_DIFFERENTIATION,WP_ECTODERM_DIFFERENTIATION,WikiPathways,Treg,SF_vs_PB_Treg,1.0762153,0.274617602,0.320484828,0.517992919,82,22,SKIL/SOCS2/LY6E/PIM1/AHI1/CTNNB1/WDR44/ARX/RRBP1/GAS2L1/PGM1/TRPM2/JAKMIP1/NF2/RIT1/ZBTB7B/CCL2/C1GALT1/GRAMD1B/PTPN13/RHPN1/LHX1,up,FALSE
WP_NEURAL_CREST_DIFFERENTIATION,WP_NEURAL_CREST_DIFFERENTIATION,WikiPathways,Treg,SF_vs_PB_Treg,1.08801891,0.314778057,0.321762254,0.519051682,42,10,RBPJ/RHOB/NOTCH1/HDAC9/CTNNB1/TWIST1/NOTCH2/NFKB2/TCF4/DVL3,up,FALSE
WP_MODULATION_OF_PI3KAKTMTOR_SIGNALING_BY_BIOACTIVE_SPHINGOLIPIDS,WP_MODULATION_OF_PI3KAKTMTOR_SIGNALING_BY_BIOACTIVE_SPHINGOLIPIDS,WikiPathways,Treg,SF_vs_PB_Treg,-1.11685436,-0.440075002,0.325089732,0.52340702,11,5,NFKB1/TSC1/CERK/IGF1R/S1PR1,down,FALSE
WP_MITOCHONDRIAL_FATTY_ACID_SYNTHESIS_PATHWAY,WP_MITOCHONDRIAL_FATTY_ACID_SYNTHESIS_PATHWAY,WikiPathways,Treg,SF_vs_PB_Treg,-1.14202481,-0.575781986,0.326316002,0.523728029,5,2,OXSM/ACACA,down,FALSE
WP_GDNFRET_SIGNALING_AXIS,WP_GDNFRET_SIGNALING_AXIS,WikiPathways,Treg,SF_vs_PB_Treg,1.13662374,0.544887804,0.326545054,0.523728029,6,4,CTNNB1/IFT27/LHX1/ALDH1A2,up,FALSE
WP_TYPE_II_DIABETES_MELLITUS,WP_TYPE_II_DIABETES_MELLITUS,WikiPathways,Treg,SF_vs_PB_Treg,1.10285057,0.415986625,0.336089522,0.538001269,14,4,TNF/GK/MAPK8/PRKCD,up,FALSE
WP_EFFECT_OF_PROGERIN_ON_GENES_INVOLVED_IN_PROGERIA,WP_EFFECT_OF_PROGERIN_ON_GENES_INVOLVED_IN_PROGERIA,WikiPathways,Treg,SF_vs_PB_Treg,-1.08450772,-0.351386726,0.337906013,0.539872826,22,8,CHD3/MTA3/HDAC1/KDM1A/RB1/INPP5K/TP53/LEF1,down,FALSE
WP_MAPK_SIGNALING_AND_ARTD_FAMILY_MEMBERS,WP_MAPK_SIGNALING_AND_ARTD_FAMILY_MEMBERS,WikiPathways,Treg,SF_vs_PB_Treg,-1.07710879,-0.320416931,0.339304577,0.540928746,31,14,MAP3K9/RAF1/MAPK13/MAP2K7/DUSP1/MAPK10/TNKS/MAPK14/BRAF/MAP3K11/MAPK3/MAP3K7/MAP3K1/MAP2K6,down,FALSE
WP_RUBINSTEINTAYBI_SYNDROME_1,WP_RUBINSTEINTAYBI_SYNDROME_1,WikiPathways,Treg,SF_vs_PB_Treg,-1.10057438,-0.422527227,0.339864104,0.540928746,12,6,SMAD4/CREBBP/POLR1E/CREB1/CLOCK/FBL,down,FALSE
WP_DIFFERENTIATION_OF_WHITE_AND_BROWN_ADIPOCYTE,WP_DIFFERENTIATION_OF_WHITE_AND_BROWN_ADIPOCYTE,WikiPathways,Treg,SF_vs_PB_Treg,-1.11036557,-0.482711379,0.3425335,0.544138932,8,2,PPARGC1B/PLAC8,down,FALSE
WP_ACTIVATION_OF_NLRP3_INFLAMMASOME_BY_SARSCOV2,WP_ACTIVATION_OF_NLRP3_INFLAMMASOME_BY_SARSCOV2,WikiPathways,Treg,SF_vs_PB_Treg,1.11794821,0.535934911,0.345298003,0.547487708,6,4,TRAF3/CASP1/PYCARD/NLRP3,up,FALSE
WP_TESSADORIBICKNELLVAN_HAAFTEN_SYNDROME_VARIANTS_NUCLEOSOME_ASSEMBLY,WP_TESSADORIBICKNELLVAN_HAAFTEN_SYNDROME_VARIANTS_NUCLEOSOME_ASSEMBLY,WikiPathways,Treg,SF_vs_PB_Treg,-1.11384191,-0.530286461,0.348727865,0.551876735,6,3,DAXX/ATRX/HIRA,down,FALSE
WP_KILLER_CELL_IMMUNOGLOBULINLIKE_RECEPTORS_AND_HUMAN_LEUKOCYTE_ANTIGEN_C_PATHWAY,WP_KILLER_CELL_IMMUNOGLOBULINLIKE_RECEPTORS_AND_HUMAN_LEUKOCYTE_ANTIGEN_C_PATHWAY,WikiPathways,Treg,SF_vs_PB_Treg,-1.07793569,-0.363700204,0.349401454,0.551895478,19,4,PLCG1/PRKCQ/PRKCA/PTPN6,down,FALSE
WP_LIPID_METABOLISM_IN_SENESCENT_CELLS,WP_LIPID_METABOLISM_IN_SENESCENT_CELLS,WikiPathways,Treg,SF_vs_PB_Treg,1.10096736,0.486252268,0.353331253,0.55704776,8,1,CDKN1A,up,FALSE
WP_MAMMALIAN_DISORDER_OF_SEXUAL_DEVELOPMENT,WP_MAMMALIAN_DISORDER_OF_SEXUAL_DEVELOPMENT,WikiPathways,Treg,SF_vs_PB_Treg,1.10226309,0.505340582,0.354628779,0.558038494,7,3,MAPK11/CTNNB1/SRD5A1,up,FALSE
WP_CELLULAR_PROTEOSTASIS,WP_CELLULAR_PROTEOSTASIS,WikiPathways,Treg,SF_vs_PB_Treg,1.10573128,0.530078219,0.357406825,0.561350832,6,2,PFDN2/PFDN6,up,FALSE
WP_OSTEOBLAST_DIFFERENTIATION_AND_RELATED_DISEASES,WP_OSTEOBLAST_DIFFERENTIATION_AND_RELATED_DISEASES,WikiPathways,Treg,SF_vs_PB_Treg,1.05664697,0.290531697,0.360443754,0.564406504,54,10,RBPJ/NOTCH1/MAPK11/CTNNB1/PPARG/JAG2/PRKCI/MAPK8/NOTCH2/PRKCD,up,FALSE
WP_CYCLINDEPENDENT_KINASE_46_INHIBITORS_IN_BREAST_CANCER,WP_CYCLINDEPENDENT_KINASE_46_INHIBITORS_IN_BREAST_CANCER,WikiPathways,Treg,SF_vs_PB_Treg,1.0630975,0.324223741,0.360830404,0.564406504,33,2,CDKN1A/CDK6,up,FALSE
WP_CALCIUM_MEDIATED_TCELL_APOPTOSIS_INVOLVED_IN_INCLUSION_BODY_MYOSITIS,WP_CALCIUM_MEDIATED_TCELL_APOPTOSIS_INVOLVED_IN_INCLUSION_BODY_MYOSITIS,WikiPathways,Treg,SF_vs_PB_Treg,1.07261423,0.372946898,0.361899215,0.564406504,19,3,NR4A1/CD4/CAPN2,up,FALSE
WP_WNTBETACATENIN_SIGNALING_AND_ARTD_FAMILY_MEMBERS,WP_WNTBETACATENIN_SIGNALING_AND_ARTD_FAMILY_MEMBERS,WikiPathways,Treg,SF_vs_PB_Treg,1.07773423,0.399146058,0.362495949,0.564406504,15,5,RBX1/CTNNB1/DVL3/PARP10/SKP1,up,FALSE
WP_INTEGRINMEDIATED_CELL_ADHESION,WP_INTEGRINMEDIATED_CELL_ADHESION,WikiPathways,Treg,SF_vs_PB_Treg,1.04900234,0.271175574,0.363888793,0.564406504,76,25,ILK/ITGAX/CAPN2/RAP1B/ITGAM/TLN1/ITGA3/ITGA2/ITGB2/PAK2/CAPNS1/RAC3/AKT1/VAV2/ITGA4/RAPGEF1/HRAS/PAK1/ITGAE/MAPK6/ROCK1/SRC/MAPK7/CDC42/ITGAV,up,FALSE
WP_GPCRS_OTHER,WP_GPCRS_OTHER,WikiPathways,Treg,SF_vs_PB_Treg,1.06984136,0.362927344,0.364014463,0.564406504,21,10,CXCR3/CCR5/GPR132/F2R/P2RY11/NTSR1/CXCR1/ADRB2/ADORA2A/GPR183,up,FALSE
WP_VEDOLIZUMAB_THERAPY_FOR_INFLAMMATORY_BOWEL_DISEASE,WP_VEDOLIZUMAB_THERAPY_FOR_INFLAMMATORY_BOWEL_DISEASE,WikiPathways,Treg,SF_vs_PB_Treg,1.08967752,0.481266005,0.364740989,0.564406504,8,4,ICAM1/ITGA2/ITGB2/ITGA4,up,FALSE
WP_LUPUS_THERAPIES,WP_LUPUS_THERAPIES,WikiPathways,Treg,SF_vs_PB_Treg,-1.06942714,-0.3781948,0.364766314,0.564406504,16,4,IL12A/IL6R/MS4A1/TNFSF13B,down,FALSE
WP_KCNQ2_AND_KCNQ3RELATED_EPILEPSY,WP_KCNQ2_AND_KCNQ3RELATED_EPILEPSY,WikiPathways,Treg,SF_vs_PB_Treg,1.06726755,0.358110603,0.366260459,0.565668932,22,10,RAB11A/STX1A/AKAP5/RAB1A/ITPR1/NEDD4/DAG1/CALM1/TRAPPC3/PRKACA,up,FALSE
WP_6Q16_COPY_NUMBER_VARIATION,WP_6Q16_COPY_NUMBER_VARIATION,WikiPathways,Treg,SF_vs_PB_Treg,1.09470093,0.524790362,0.368080673,0.566370849,6,2,NTRK2/LEPR,up,FALSE
WP_DYRK1A_INVOLVEMENT_REGARDING_CELL_PROLIFERATION_IN_BRAIN_DEVELOPMENT,WP_DYRK1A_INVOLVEMENT_REGARDING_CELL_PROLIFERATION_IN_BRAIN_DEVELOPMENT,WikiPathways,Treg,SF_vs_PB_Treg,-1.04741286,-0.279341556,0.369119393,0.566370849,50,19,EIF2B5/RBL1/CRY2/LIN52/TSC1/CDKN1B/DYRK1A/TSC2/SIRT1/REST/GSK3B/TFAP4/CREB1/NFATC1/RPTOR/TFDP2/RBL2/TP53/APP,down,FALSE
WP_15Q112_COPY_NUMBER_VARIATION_SYNDROME,WP_15Q112_COPY_NUMBER_VARIATION_SYNDROME,WikiPathways,Treg,SF_vs_PB_Treg,1.07995077,0.461473096,0.369370246,0.566370849,9,3,CYFIP1/NIPA1/NIPA2,up,FALSE
WP_ENDOPLASMIC_RETICULUM_STRESS_RESPONSE_IN_CORONAVIRUS_INFECTION,WP_ENDOPLASMIC_RETICULUM_STRESS_RESPONSE_IN_CORONAVIRUS_INFECTION,WikiPathways,Treg,SF_vs_PB_Treg,1.05592566,0.315655001,0.369900091,0.566370849,36,12,EIF2AK2/PPP1R3B/PPP1R14B/PPP1R16B/PPP1CB/EIF2S1/MAPK8/DDIT3/PPP1R16A/MAP1LC3A/HSPA5/PPP1R11,up,FALSE
WP_HEMESYNTHESIS_DEFECTS_AND_PORPHYRIAS,WP_HEMESYNTHESIS_DEFECTS_AND_PORPHYRIAS,WikiPathways,Treg,SF_vs_PB_Treg,1.08369266,0.47862274,0.371313778,0.566370849,8,5,FECH/ALAS1/PPOX/HMBS/UROS,up,FALSE
WP_HEME_BIOSYNTHESIS,WP_HEME_BIOSYNTHESIS,WikiPathways,Treg,SF_vs_PB_Treg,1.08369266,0.47862274,0.371313778,0.566370849,8,5,FECH/ALAS1/PPOX/HMBS/UROS,up,FALSE
WP_HIPPO_SIGNALING_REGULATION,WP_HIPPO_SIGNALING_REGULATION,WikiPathways,Treg,SF_vs_PB_Treg,1.05098498,0.292247549,0.371468651,0.566370849,51,9,PRKAR1B/NTRK1/STK3/NTRK2/PRKAR1A/RHOA/CTNNB1/GNAI3/PRKCI,up,FALSE
WP_CELL_DIFFERENTIATION_EXPANDED_INDEX,WP_CELL_DIFFERENTIATION_EXPANDED_INDEX,WikiPathways,Treg,SF_vs_PB_Treg,1.06677981,0.430428956,0.382912187,0.582753218,11,5,ID2/STAT3/KLF4/SRF/MEF2D,up,FALSE
WP_OPIOID_RECEPTOR_PATHWAYS,WP_OPIOID_RECEPTOR_PATHWAYS,WikiPathways,Treg,SF_vs_PB_Treg,1.04913552,0.334814984,0.384894282,0.584702789,27,9,TNF/RGS9/PGM1/CACNB2/CAP1/SQSTM1/HMOX1/GNA12/MAP1LC3B,up,FALSE
WP_INTERACTIONS_BETWEEN_LOXL4_AND_OXIDATIVE_STRESS_PATHWAY,WP_INTERACTIONS_BETWEEN_LOXL4_AND_OXIDATIVE_STRESS_PATHWAY,WikiPathways,Treg,SF_vs_PB_Treg,1.0581395,0.407667085,0.388241169,0.588714791,13,4,CDC37/NQO1/ANXA5/FN1,up,FALSE
WP_CYSTEINE_AND_METHIONINE_CATABOLISM,WP_CYSTEINE_AND_METHIONINE_CATABOLISM,WikiPathways,Treg,SF_vs_PB_Treg,1.05878255,0.427202185,0.391521727,0.592611833,11,5,ETHE1/GSS/SUOX/GOT1/MPST,up,FALSE
WP_TGFB_SMAD_SIGNALING,WP_TGFB_SMAD_SIGNALING,WikiPathways,Treg,SF_vs_PB_Treg,-1.059168,-0.44347155,0.392358182,0.592802036,9,3,TGFBR2/TGFBR3/SMAD3,down,FALSE
WP_ENDOCHONDRAL_OSSIFICATION,WP_ENDOCHONDRAL_OSSIFICATION,WikiPathways,Treg,SF_vs_PB_Treg,1.03835035,0.316676351,0.395631957,0.595232922,33,10,PTHLH/SERPINH1/MMP9/HMGCS1/PLAU/KIF3A/CAB39/AKT1/VEGFA/CALM1,up,FALSE
WP_ENDOCHONDRAL_OSSIFICATION_WITH_SKELETAL_DYSPLASIAS,WP_ENDOCHONDRAL_OSSIFICATION_WITH_SKELETAL_DYSPLASIAS,WikiPathways,Treg,SF_vs_PB_Treg,1.03835035,0.316676351,0.395631957,0.595232922,33,10,PTHLH/SERPINH1/MMP9/HMGCS1/PLAU/KIF3A/CAB39/AKT1/VEGFA/CALM1,up,FALSE
WP_DEREGULATION_OF_RAB_AND_RAB_EFFECTOR_GENES_IN_BLADDER_CANCER,WP_DEREGULATION_OF_RAB_AND_RAB_EFFECTOR_GENES_IN_BLADDER_CANCER,WikiPathways,Treg,SF_vs_PB_Treg,1.05472969,0.425566919,0.396173967,0.595232922,11,4,SYTL3/RAB27A/RPH3AL/RAB27B,up,FALSE
WP_FBXL10_ENHANCEMENT_OF_MAPERK_SIGNALING_IN_DIFFUSE_LARGE_BCELL_LYMPHOMA,WP_FBXL10_ENHANCEMENT_OF_MAPERK_SIGNALING_IN_DIFFUSE_LARGE_BCELL_LYMPHOMA,WikiPathways,Treg,SF_vs_PB_Treg,1.05370157,0.42515209,0.397448024,0.595232922,11,5,EED/DUSP6/PCGF1/BCL6/RNF2,up,FALSE
WP_3Q29_COPY_NUMBER_VARIATION_SYNDROME,WP_3Q29_COPY_NUMBER_VARIATION_SYNDROME,WikiPathways,Treg,SF_vs_PB_Treg,1.03458711,0.29003616,0.397535656,0.595232922,49,12,DYNLL1/DYNLT1/DYNLRB1/HIF1A/DYNLT3/PAK2/MAD2L1BP/PCYT1A/UBE2N/NF2/FBXO45/CASP7,up,FALSE
WP_METASTATIC_BRAIN_TUMOR,WP_METASTATIC_BRAIN_TUMOR,WikiPathways,Treg,SF_vs_PB_Treg,-1.06373353,-0.506430478,0.403093833,0.602473578,6,3,PIK3R1/TP53/MYC,down,FALSE
WP_MALE_INFERTILITY,WP_MALE_INFERTILITY,WikiPathways,Treg,SF_vs_PB_Treg,1.0256558,0.261716348,0.404865469,0.603758972,82,17,HLA-DRA/TNF/FASLG/ERCC1/RGS9/CLU/TCN2/NOS3/NQO1/MMP9/EPSTI1/PON2/CDK9/GPX1/FAS/UBE2B/MTHFD1,up,FALSE
WP_HSPB3_IN_CHARCOTMARIETOOTH_DISEASE,WP_HSPB3_IN_CHARCOTMARIETOOTH_DISEASE,WikiPathways,Treg,SF_vs_PB_Treg,1.05428329,0.483343892,0.405401708,0.603758972,7,1,LMNA,up,FALSE
WP_INITIATION_OF_TRANSCRIPTION_AND_TRANSLATION_ELONGATION_AT_THE_HIV1_LTR,WP_INITIATION_OF_TRANSCRIPTION_AND_TRANSLATION_ELONGATION_AT_THE_HIV1_LTR,WikiPathways,Treg,SF_vs_PB_Treg,-1.02964461,-0.308675094,0.407622767,0.605984649,30,9,HDAC1/NFKB1/CREBBP/HDAC4/PPP3CC/HDAC7/CCNT1/NFATC1/HDAC5,down,FALSE
WP_PROGERIAASSOCIATED_LIPODYSTROPHY,WP_PROGERIAASSOCIATED_LIPODYSTROPHY,WikiPathways,Treg,SF_vs_PB_Treg,1.0354003,0.364928239,0.41001733,0.608459881,18,4,LMNA/PPARG/ZMPSTE24/BANF1,up,FALSE
WP_EXTRACELLULAR_VESICLEMEDIATED_SIGNALING_IN_RECIPIENT_CELLS,WP_EXTRACELLULAR_VESICLEMEDIATED_SIGNALING_IN_RECIPIENT_CELLS,WikiPathways,Treg,SF_vs_PB_Treg,-1.02939785,-0.347323325,0.411500641,0.609576438,19,4,TGFBR2/TGFBR3/MFGE8/SMAD3,down,FALSE
WP_HIPPOCAMPAL_SYNAPTOGENESIS_AND_NEUROGENESIS,WP_HIPPOCAMPAL_SYNAPTOGENESIS_AND_NEUROGENESIS,WikiPathways,Treg,SF_vs_PB_Treg,-1.03391264,-0.3795617,0.413519471,0.61148092,14,4,CREB1/RPS6KA1/PRKCA/CAMK4,down,FALSE
WP_ESTROGEN_RECEPTOR_PATHWAY,WP_ESTROGEN_RECEPTOR_PATHWAY,WikiPathways,Treg,SF_vs_PB_Treg,1.04470012,0.478950415,0.415212336,0.612720543,7,1,STAT3,up,FALSE
WP_TCELL_RECEPTOR_SIGNALING,WP_TCELL_RECEPTOR_SIGNALING,WikiPathways,Treg,SF_vs_PB_Treg,1.01949283,0.259552908,0.416308718,0.612720543,83,21,CCR5/VIM/CD4/PSTPIP1/IL15RA/FOS/IL1A/ITPR1/MAPK8/TNFRSF9/ICOS/CBLB/PRKCD/NFKBIA/CD3D/FAS/AKT1/PTPN11/IKBKG/HRAS/PAK1,up,FALSE
WP_ALSTROM_SYNDROME,WP_ALSTROM_SYNDROME,WikiPathways,Treg,SF_vs_PB_Treg,1.02579546,0.324783977,0.416712865,0.612720543,28,8,ACTN4/SNAPIN/RFX2/BLOC1S6/NSFL1C/IFT27/GPR161/VCP,up,FALSE
WP_LNCRNA_IN_CANONICAL_WNT_SIGNALING_AND_COLORECTAL_CANCER,WP_LNCRNA_IN_CANONICAL_WNT_SIGNALING_AND_COLORECTAL_CANCER,WikiPathways,Treg,SF_vs_PB_Treg,-1.0185741,-0.274131832,0.417296485,0.612720543,48,7,GSK3B/MAP3K7/CSNK1E/AXIN2/LEF1/MYC/TCF7,down,FALSE
WP_EV_RELEASE_FROM_CARDIAC_CELLS_AND_THEIR_FUNCTIONAL_EFFECTS,WP_EV_RELEASE_FROM_CARDIAC_CELLS_AND_THEIR_FUNCTIONAL_EFFECTS,WikiPathways,Treg,SF_vs_PB_Treg,1.05073329,0.532454497,0.421789373,0.617747581,5,2,RGS16/TNF,up,FALSE
WP_NAD_BIOSYNTHETIC_PATHWAYS,WP_NAD_BIOSYNTHETIC_PATHWAYS,WikiPathways,Treg,SF_vs_PB_Treg,1.0250765,0.356418078,0.422513246,0.617747581,19,1,NAMPT,up,FALSE
WP_GASTRIC_CANCER_NETWORK_1,WP_GASTRIC_CANCER_NETWORK_1,WikiPathways,Treg,SF_vs_PB_Treg,1.02292819,0.34323299,0.422942289,0.617747581,22,2,KIF20B/NOTCH1,up,FALSE
WP_IMATINIB_AND_CHRONIC_MYELOID_LEUKEMIA,WP_IMATINIB_AND_CHRONIC_MYELOID_LEUKEMIA,WikiPathways,Treg,SF_vs_PB_Treg,1.02474071,0.372802043,0.423721416,0.617803603,16,3,GADD45A/PIM1/SPRED2,up,FALSE
WP_GENES_RELATED_TO_PRIMARY_CILIUM_DEVELOPMENT_BASED_ON_CRISPR,WP_GENES_RELATED_TO_PRIMARY_CILIUM_DEVELOPMENT_BASED_ON_CRISPR,WikiPathways,Treg,SF_vs_PB_Treg,1.01420184,0.257699788,0.426428437,0.619054894,84,33,TXNDC15/ARL3/BBS12/DYNLL1/DYNLT1/WDR35/TMEM67/KIF3A/IFT27/TMEM107/ARL13B/TULP3/EVC/MIB1/BBS7/KATNB1/TMEM216/MKKS/IFT122/IQCE/IFT46/ARL6/KIAA0753/IFT81/BBS4/TCTN2/DYNC2H1/IFT43/ARMC9/KIFAP3/IFT52/IFT74/DYNC2LI1,up,FALSE
WP_INSULIN_SIGNALING_IN_ADIPOCYTES_DIABETIC_CONDITION,WP_INSULIN_SIGNALING_IN_ADIPOCYTES_DIABETIC_CONDITION,WikiPathways,Treg,SF_vs_PB_Treg,-1.04291221,-0.496517703,0.426806432,0.619054894,6,3,MTOR/IRS1/RPS6,down,FALSE
WP_INSULIN_SIGNALING_IN_ADIPOCYTES_NORMAL_CONDITION,WP_INSULIN_SIGNALING_IN_ADIPOCYTES_NORMAL_CONDITION,WikiPathways,Treg,SF_vs_PB_Treg,-1.04291221,-0.496517703,0.426806432,0.619054894,6,3,MTOR/IRS1/RPS6,down,FALSE
WP_UNFOLDED_PROTEIN_RESPONSE,WP_UNFOLDED_PROTEIN_RESPONSE,WikiPathways,Treg,SF_vs_PB_Treg,-1.01412009,-0.325025472,0.429900704,0.622460395,23,4,BCL2L11/TP53/CASP2/ERN1,down,FALSE
WP_KETOGENESIS_AND_KETOLYSIS,WP_KETOGENESIS_AND_KETOLYSIS,WikiPathways,Treg,SF_vs_PB_Treg,1.02847464,0.454235197,0.431249025,0.62333048,8,3,SLC16A1/SLC2A1/UCP2,up,FALSE
WP_INTEGRATED_BREAST_CANCER_PATHWAY,WP_INTEGRATED_BREAST_CANCER_PATHWAY,WikiPathways,Treg,SF_vs_PB_Treg,1.00988493,0.237617775,0.433215792,0.624499996,137,26,APOBEC3G/FOSL2/RASGEF1A/GADD45A/BID/ANXA1/RHEB/IMPA1/GRN/CTNNB1/BACH1/NCOA3/KRAS/CASP9/BAD/FADD/FOXO1/NAB1/JAKMIP1/RRAS/FOSL1/AKT1/TGFBR1/DAG1/VEGFA/RAD50,up,FALSE
WP_UREA_CYCLE_AND_METABOLISM_OF_AMINO_GROUPS,WP_UREA_CYCLE_AND_METABOLISM_OF_AMINO_GROUPS,WikiPathways,Treg,SF_vs_PB_Treg,1.01681391,0.369918261,0.433931113,0.624499996,16,4,ARG2/NAGS/ACY1/ASL,up,FALSE
WP_7Q1123_COPY_NUMBER_VARIATION_SYNDROME,WP_7Q1123_COPY_NUMBER_VARIATION_SYNDROME,WikiPathways,Treg,SF_vs_PB_Treg,1.00981424,0.263305425,0.434304553,0.624499996,72,15,MYO1C/LAT2/STX1A/CTNNB1/LIMK1/VPS37C/TSG101/GAPDH/SQSTM1/CLTC/HSPA2/UBE2E3/VPS37B/FAS/CFL1,up,FALSE
WP_16P112_DISTAL_DELETION_SYNDROME,WP_16P112_DISTAL_DELETION_SYNDROME,WikiPathways,Treg,SF_vs_PB_Treg,1.01332757,0.3400116,0.435671365,0.625387123,22,7,RAB5A/CD82/PRMT1/TRAF1/RABEP2/VAV2/TRAF2,up,FALSE
WP_THIAMINE_METABOLIC_PATHWAYS,WP_THIAMINE_METABOLIC_PATHWAYS,WikiPathways,Treg,SF_vs_PB_Treg,1.02388564,0.452208423,0.436905133,0.625508872,8,3,BCKDK/SLC25A19/PDHA1,up,FALSE
WP_LNCRNALIKE_NMRK2_IN_TRANSLOCATION_RENAL_CELL_CARCINOMA,WP_LNCRNALIKE_NMRK2_IN_TRANSLOCATION_RENAL_CELL_CARCINOMA,WikiPathways,Treg,SF_vs_PB_Treg,1.02349193,0.452034536,0.437256202,0.625508872,8,2,TFE3/HSPE1,up,FALSE
WP_MESODERMAL_COMMITMENT_PATHWAY,WP_MESODERMAL_COMMITMENT_PATHWAY,WikiPathways,Treg,SF_vs_PB_Treg,-1.00503537,-0.241819747,0.440167143,0.627713618,85,26,VAV3/AXIN1/TCF7L1/CSRP2/NODAL/EPB41L5/SMAD4/TRERF1/BMPR1A/DIP2A/CRTC1/ZNF281/ELP4/SESN1/SETD2/ACVR2B/ATP8B2/PIAS1/RPL38/AXIN2/ACACA/MBTD1/TET1/NOG/LEF1/SMAD3,down,FALSE
WP_MAMMARY_GLAND_DEVELOPMENT_EMBRYONIC_DEVELOPMENT_STAGE_1_OF_4,WP_MAMMARY_GLAND_DEVELOPMENT_EMBRYONIC_DEVELOPMENT_STAGE_1_OF_4,WikiPathways,Treg,SF_vs_PB_Treg,1.01630508,0.434276695,0.440302718,0.627713618,9,2,TNF/ZEB2,up,FALSE
WP_INFLUENCE_OF_LAMINOPATHIES_ON_WNT_SIGNALING,WP_INFLUENCE_OF_LAMINOPATHIES_ON_WNT_SIGNALING,WikiPathways,Treg,SF_vs_PB_Treg,1.00768333,0.321586174,0.44240552,0.628700673,27,6,CDK6/LMNA/CTNNB1/PPARG/ZMPSTE24/SREBF1,up,FALSE
WP_ASPIRIN_PREVENTION_OF_CANCER_METASTASIS,WP_ASPIRIN_PREVENTION_OF_CANCER_METASTASIS,WikiPathways,Treg,SF_vs_PB_Treg,1.02404331,0.490917694,0.442502752,0.628700673,6,4,RHOA/PTGS1/GNA12/GNA13,up,FALSE
WP_STATIN_INHIBITION_OF_CHOLESTEROL_PRODUCTION,WP_STATIN_INHIBITION_OF_CHOLESTEROL_PRODUCTION,WikiPathways,Treg,SF_vs_PB_Treg,1.00752833,0.366540153,0.446247272,0.632942559,16,8,LDLR/SQLE/SOAT1/ABCA1/HMGCR/APOC1/APOE/PLTP,up,FALSE
WP_RANKLRANK_SIGNALING,WP_RANKLRANK_SIGNALING,WikiPathways,Treg,SF_vs_PB_Treg,1.00220544,0.280958283,0.449885152,0.635036915,49,14,ACP5/ICAM1/FOS/TRAF1/MAPK8/SQSTM1/TRAF3/NFKB2/NFKBIA/AKT1/IKBKG/TRAF2/SRC/CDC42,up,FALSE
WP_METABOLISM_OF_SPHINGOLIPIDS_IN_ER_AND_GOLGI_APPARATUS,WP_METABOLISM_OF_SPHINGOLIPIDS_IN_ER_AND_GOLGI_APPARATUS,WikiPathways,Treg,SF_vs_PB_Treg,1.00605526,0.372599271,0.450422283,0.635036915,15,8,GALNT1/KDSR/B4GALT2/UGCG/SGPL1/SPHK1/SGMS2/SGPP2,up,FALSE
WP_MITOCHONDRIAL_IMMUNE_RESPONSE_TO_SARSCOV2,WP_MITOCHONDRIAL_IMMUNE_RESPONSE_TO_SARSCOV2,WikiPathways,Treg,SF_vs_PB_Treg,1.00253956,0.344180125,0.451787121,0.635036915,20,10,IRF7/NDUFAF1/CTSL/TRAF3/NFKB2/TBK1/TICAM1/BCS1L/IFIH1/ACAD9,up,FALSE
WP_ASPIRIN_AND_MIRNAS,WP_ASPIRIN_AND_MIRNAS,WikiPathways,Treg,SF_vs_PB_Treg,1.01060375,0.446342357,0.452157123,0.635036915,8,4,NOS3/PTGS1/MVD/VEGFA,up,FALSE
WP_TRANSCRIPTIONAL_CASCADE_REGULATING_ADIPOGENESIS,WP_TRANSCRIPTIONAL_CASCADE_REGULATING_ADIPOGENESIS,WikiPathways,Treg,SF_vs_PB_Treg,1.0061156,0.405951897,0.452329016,0.635036915,11,4,PPARG/SREBF1/EGR2/DDIT3,up,FALSE
WP_HALLMARK_OF_CANCER_METASTASIS_AND_EPITHELIALTOMESENCHYMAL_TRANSITION,WP_HALLMARK_OF_CANCER_METASTASIS_AND_EPITHELIALTOMESENCHYMAL_TRANSITION,WikiPathways,Treg,SF_vs_PB_Treg,1.00195518,0.377929671,0.453682663,0.635036915,14,4,ZEB2/TWIST1/TCF4/KLF8,up,FALSE
WP_KISSPEPTINKISSPEPTIN_RECEPTOR_SYSTEM_IN_THE_OVARY,WP_KISSPEPTINKISSPEPTIN_RECEPTOR_SYSTEM_IN_THE_OVARY,WikiPathways,Treg,SF_vs_PB_Treg,-0.997879439,-0.301442256,0.453734671,0.635036915,29,6,PRKCH/MAPK3/PDK1/PRKCB/PRKCQ/PRKCA,down,FALSE
WP_15Q11Q13_COPY_NUMBER_VARIATION,WP_15Q11Q13_COPY_NUMBER_VARIATION,WikiPathways,Treg,SF_vs_PB_Treg,-0.99787224,-0.294428108,0.453815349,0.635036915,32,8,OCLN/CREBBP/CDC42BPB/MTMR10/CHRNA7/TJP3/APBA2/APP,down,FALSE
WP_TARGETED_AGENTS_IN_TRIPLE_NEGATIVE_BREAST_CANCER,WP_TARGETED_AGENTS_IN_TRIPLE_NEGATIVE_BREAST_CANCER,WikiPathways,Treg,SF_vs_PB_Treg,-0.997179738,-0.282644485,0.454648982,0.635137774,38,15,MTOR/PTEN/DEPTOR/BRAF/TSC1/TSC2/AR/IRS1/MAPK3/INPP4B/RPTOR/PDK1/SOS1/PIK3R1/RICTOR,down,FALSE
WP_FANCONI_ANEMIA,WP_FANCONI_ANEMIA,WikiPathways,Treg,SF_vs_PB_Treg,0.997591076,0.293254019,0.455548122,0.635329656,39,7,ERCC1/MAD2L2/FANCL/NBN/SLX4/HSP90B1/RAD50,up,FALSE
WP_SODIUM_CHANNEL_IN_EPILEPSY,WP_SODIUM_CHANNEL_IN_EPILEPSY,WikiPathways,Treg,SF_vs_PB_Treg,0.997441826,0.369409229,0.461632318,0.642740156,15,7,TNF/PDCD10/PSEN1/NEDD4/AKT1/CALM1/RNF121,up,FALSE
WP_NAD_METABOLISM,WP_NAD_METABOLISM,WikiPathways,Treg,SF_vs_PB_Treg,0.995013457,0.375311307,0.463173373,0.643810988,14,1,NAMPT,up,FALSE
WP_FOLLICLE_STIMULATING_HORMONE_FSH_SIGNALING,WP_FOLLICLE_STIMULATING_HORMONE_FSH_SIGNALING,WikiPathways,Treg,SF_vs_PB_Treg,0.992438312,0.333002425,0.465023118,0.645306623,22,9,SGK1/RHEB/EIF4EBP1/FOXO1/AKT1/APPL1/CGA/SRC/PRKACA,up,FALSE
WP_MIR124_PREDICTED_INTERACTIONS_WITH_CELL_CYCLE_AND_DIFFERENTIATION,WP_MIR124_PREDICTED_INTERACTIONS_WITH_CELL_CYCLE_AND_DIFFERENTIATION,WikiPathways,Treg,SF_vs_PB_Treg,-1.01402833,-0.511249178,0.467314007,0.64674224,5,4,PTBP1/CTDSP1/STK11/STRADB,down,FALSE
WP_DNA_MISMATCH_REPAIR,WP_DNA_MISMATCH_REPAIR,WikiPathways,Treg,SF_vs_PB_Treg,0.990951675,0.328617831,0.46874475,0.64674224,23,17,RFC2/MLH1/POLD3/RPA3/PCNA/POLD2/POLE2/POLE/POLE4/RFC4/EXO1/MSH2/POLE3/LIG1/MSH6/RFC5/RFC3,up,FALSE
WP_MARKERS_OF_KIDNEY_CELL_LINEAGE,WP_MARKERS_OF_KIDNEY_CELL_LINEAGE,WikiPathways,Treg,SF_vs_PB_Treg,0.991064371,0.367047296,0.470287686,0.64674224,15,7,NOTCH1/AP2B1/NOTCH2/TSHZ3/LHX1/ACTA2/ALDH1A2,up,FALSE
WP_PDGF_PATHWAY,WP_PDGF_PATHWAY,WikiPathways,Treg,SF_vs_PB_Treg,0.98858787,0.292166266,0.47029954,0.64674224,38,14,STAT3/PDGFA/RHOA/FOS/MAPK8/ELK1/NFKBIA/VAV2/SRF/PTPN11/HRAS/PAK1/SRC/CDC42,up,FALSE
WP_BIOMARKERS_FOR_UREA_CYCLE_DISORDERS,WP_BIOMARKERS_FOR_UREA_CYCLE_DISORDERS,WikiPathways,Treg,SF_vs_PB_Treg,-0.998768228,-0.453054134,0.470532825,0.64674224,7,2,GATM/ARG1,down,FALSE
WP_RESOLVIN_E1_AND_RESOLVIN_D1_SIGNALING_DECREASE_INFLAMMATION,WP_RESOLVIN_E1_AND_RESOLVIN_D1_SIGNALING_DECREASE_INFLAMMATION,WikiPathways,Treg,SF_vs_PB_Treg,-0.993386579,-0.415928998,0.470710479,0.64674224,9,4,MTOR/PIK3CD/PDK1/CMKLR1,down,FALSE
WP_INTERACTOME_OF_POLYCOMB_REPRESSIVE_COMPLEX_2_PRC2,WP_INTERACTOME_OF_POLYCOMB_REPRESSIVE_COMPLEX_2_PRC2,WikiPathways,Treg,SF_vs_PB_Treg,-0.9844415,-0.348140273,0.474876868,0.651393599,16,2,EZH1/STK38,down,FALSE
WP_EDA_SIGNALING_IN_HAIR_FOLLICLE_DEVELOPMENT,WP_EDA_SIGNALING_IN_HAIR_FOLLICLE_DEVELOPMENT,WikiPathways,Treg,SF_vs_PB_Treg,0.9889644,0.453397966,0.478961871,0.655918228,7,2,BMP1/EDARADD,up,FALSE
WP_HAIR_FOLLICLE_DEVELOPMENT_ORGANOGENESIS_STAGE_2_OF_3,WP_HAIR_FOLLICLE_DEVELOPMENT_ORGANOGENESIS_STAGE_2_OF_3,WikiPathways,Treg,SF_vs_PB_Treg,-0.978905202,-0.335367068,0.482244106,0.658242036,18,5,RUNX2/GJB6/EDAR/LEF1/MYC,down,FALSE
WP_ERK_PATHWAY_IN_HUNTINGTONS_DISEASE,WP_ERK_PATHWAY_IN_HUNTINGTONS_DISEASE,WikiPathways,Treg,SF_vs_PB_Treg,0.98193968,0.378309746,0.482338705,0.658242036,13,4,NTRK2/ELK1/CASP7/HRAS,up,FALSE
WP_AMPACTIVATED_PROTEIN_KINASE_SIGNALING,WP_AMPACTIVATED_PROTEIN_KINASE_SIGNALING,WikiPathways,Treg,SF_vs_PB_Treg,0.983099876,0.271415946,0.484060284,0.658242036,53,11,CDKN1A/ADIPOR1/EIF4EBP1/PFKFB3/CAMKK1/SREBF1/CAB39/PRKAB1/FASN/AKT1/LEPR,up,FALSE
WP_ERYTHROPOIESIS,WP_ERYTHROPOIESIS,WikiPathways,Treg,SF_vs_PB_Treg,0.982752543,0.434041616,0.48484553,0.658242036,8,6,FASLG/FAS/PTPRC/TFRC/EPOR/GDF11,up,FALSE
WP_IL9_SIGNALING,WP_IL9_SIGNALING,WikiPathways,Treg,SF_vs_PB_Treg,0.979791,0.362872128,0.485348788,0.658242036,15,4,IL2RG/STAT3/CDK9/JAK3,up,FALSE
WP_ONECARBON_METABOLISM,WP_ONECARBON_METABOLISM,WikiPathways,Treg,SF_vs_PB_Treg,0.980049558,0.325002488,0.485394307,0.658242036,23,4,MTHFD2/GLRX/TCN2/MTHFD1L,up,FALSE
WP_TYROSINE_KINASE_INHIBITORS_IN_GLIOBLASTOMA,WP_TYROSINE_KINASE_INHIBITORS_IN_GLIOBLASTOMA,WikiPathways,Treg,SF_vs_PB_Treg,0.976963386,0.327809973,0.487692106,0.660284442,22,8,STAT3/RHEB/KRAS/NRAS/AKT1/JAK3/HRAS/SOS2,up,FALSE
WP_NCRNAS_IN_WNT_SIGNALING_IN_HEPATOCELLULAR_CARCINOMA,WP_NCRNAS_IN_WNT_SIGNALING_IN_HEPATOCELLULAR_CARCINOMA,WikiPathways,Treg,SF_vs_PB_Treg,-0.976183251,-0.270466433,0.492626167,0.665883668,42,4,CSNK1E/LEF1/MYC/TCF7,down,FALSE
WP_BMP2WNT4FOXO1_PATHWAY_IN_PRIMARY_ENDOMETRIAL_STROMAL_CELL_DIFFERENTIATION,WP_BMP2WNT4FOXO1_PATHWAY_IN_PRIMARY_ENDOMETRIAL_STROMAL_CELL_DIFFERENTIATION,WikiPathways,Treg,SF_vs_PB_Treg,0.980383576,0.496805088,0.49606862,0.669451828,5,2,CTNNB1/FOXO1,up,FALSE
WP_HOSTPATHOGEN_INTERACTION_OF_HUMAN_CORONAVIRUSES_MAPK_SIGNALING,WP_HOSTPATHOGEN_INTERACTION_OF_HUMAN_CORONAVIRUSES_MAPK_SIGNALING,WikiPathways,Treg,SF_vs_PB_Treg,0.972265187,0.290645809,0.4991099,0.672467943,36,9,BST2/MAPK11/IFITM2/IFITM3/FOS/MAPK8/EIF4E/IFI27/DDIT3,up,FALSE
WP_MITOCHONDRIAL_COMPLEX_II_ASSEMBLY,WP_MITOCHONDRIAL_COMPLEX_II_ASSEMBLY,WikiPathways,Treg,SF_vs_PB_Treg,-0.976194886,-0.464754403,0.502218604,0.675169239,6,4,SDHA/SDHD/SDHAF1/SDHAF2,down,FALSE
WP_CHOLESTASIS,WP_CHOLESTASIS,WikiPathways,Treg,SF_vs_PB_Treg,0.965523461,0.399909499,0.50273393,0.675169239,10,4,RXRA/LDLR/TJP2/HMGCR,up,FALSE
WP_VITAMIN_A_AND_CAROTENOID_METABOLISM,WP_VITAMIN_A_AND_CAROTENOID_METABOLISM,WikiPathways,Treg,SF_vs_PB_Treg,-0.962197607,-0.346265387,0.506235673,0.678779021,15,6,SULT1A1/DHRS3/CD36/BCO2/SCARB1/RXRB,down,FALSE
WP_TCA_CYCLE_AND_DEFICIENCY_OF_PYRUVATE_DEHYDROGENASE_COMPLEX_PDHC,WP_TCA_CYCLE_AND_DEFICIENCY_OF_PYRUVATE_DEHYDROGENASE_COMPLEX_PDHC,WikiPathways,Treg,SF_vs_PB_Treg,0.961971113,0.356272414,0.5083408,0.680507588,15,7,IDH1/IDH3A/PDHA1/ACLY/MDH1/DLAT/DLD,up,FALSE
WP_OVARIAN_INFERTILITY,WP_OVARIAN_INFERTILITY,WikiPathways,Treg,SF_vs_PB_Treg,-0.961677039,-0.298812801,0.511476407,0.683549339,26,4,CREB1/ATM/PTGER2/SMAD3,down,FALSE
WP_THERMOGENESIS,WP_THERMOGENESIS,WikiPathways,Treg,SF_vs_PB_Treg,0.968644918,0.248699648,0.512252203,0.683549339,79,11,DPF3/ACSL3/RHEB/MAPK11/CREB3/ACSL4/PPARG/ADCY3/KRAS/ACSL1/CREB3L2,up,FALSE
WP_PHOSPHATIDYL_INOSITOL_PHOSPHATE_PATHWAY,WP_PHOSPHATIDYL_INOSITOL_PHOSPHATE_PATHWAY,WikiPathways,Treg,SF_vs_PB_Treg,-0.962588788,-0.268050188,0.515535357,0.685783086,41,12,PIK3CD/PTEN/PLCB1/TPTE2/PI4KB/INPP5D/PIP5K1B/INPP5K/INPP4B/PIP4K2A/PLCG1/INPP4A,down,FALSE
WP_CARDIAC_PROGENITOR_DIFFERENTIATION,WP_CARDIAC_PROGENITOR_DIFFERENTIATION,WikiPathways,Treg,SF_vs_PB_Treg,0.956097951,0.347829714,0.515570737,0.685783086,16,4,NOTCH1/BMP1/CXCR4/NCAM1,up,FALSE
WP_SHANK3_PATHWAY_INVOLVED_IN_PHELANMCDERMID_SYNDROME,WP_SHANK3_PATHWAY_INVOLVED_IN_PHELANMCDERMID_SYNDROME,WikiPathways,Treg,SF_vs_PB_Treg,0.957742711,0.324899588,0.5164584,0.685869913,21,8,CTTN/ITPR1/DLG4/ACTB/HRAS/PAK1/ABI1/CDC42,up,FALSE
WP_COVID19_STRUCTURAL_COVERAGE_MAP,WP_COVID19_STRUCTURAL_COVERAGE_MAP,WikiPathways,Treg,SF_vs_PB_Treg,0.952086034,0.340599573,0.522622938,0.692953149,17,5,ISG15/PARP9/PAIP1/UBC/UBB,up,FALSE
WP_INSULIN_SIGNALING,WP_INSULIN_SIGNALING,WikiPathways,Treg,SF_vs_PB_Treg,0.966810805,0.227962831,0.528535366,0.697819072,135,36,FLOT1/MYO1C/SGK1/RHEB/GYG1/MAPK11/EIF4EBP1/PTPN1/PRKCI/FOS/KIF5B/EGR1/MAPK8/KIF3A/CAP1/ARF1/FOXO1/EIF4E/CBLB/SLC2A1/PRKCD/ELK1/TRIB3/ARF6/STX4/TBC1D4/AKT1/SRF/MAP3K6/RAPGEF1/PTPN11/SOCS3/SOCS1/HRAS/SNAP23/MAPK6,up,FALSE
WP_SYNAPTIC_VESICLE_PATHWAY,WP_SYNAPTIC_VESICLE_PATHWAY,WikiPathways,Treg,SF_vs_PB_Treg,0.950516157,0.303342177,0.528700124,0.697819072,27,9,STX1A/AP2B1/CPLX1/RAB3A/CLTC/STX3/DNM1L/PARK7/NAPA,up,FALSE
WP_PKCGAMMA_CALCIUM_SIGNALING_IN_ATAXIA,WP_PKCGAMMA_CALCIUM_SIGNALING_IN_ATAXIA,WikiPathways,Treg,SF_vs_PB_Treg,0.946001798,0.404235443,0.528802942,0.697819072,9,2,GNA15/ITPR1,up,FALSE
WP_STING_PATHWAY_IN_KAWASAKILIKE_DISEASE_AND_COVID19,WP_STING_PATHWAY_IN_KAWASAKILIKE_DISEASE_AND_COVID19,WikiPathways,Treg,SF_vs_PB_Treg,0.944016365,0.343434417,0.531549483,0.700173593,16,7,NFKBIE/ITPR1/NFKBIA/TBK1/IKBKG/GSDMD/NLRP3,up,FALSE
WP_WHITE_FAT_CELL_DIFFERENTIATION,WP_WHITE_FAT_CELL_DIFFERENTIATION,WikiPathways,Treg,SF_vs_PB_Treg,0.947076571,0.310671203,0.532780624,0.700173593,24,7,CTNNA1/PPARG/SREBF1/FOXO1/EGR2/DDIT3/KLF4,up,FALSE
WP_MICROGLIA_PATHOGEN_PHAGOCYTOSIS_PATHWAY,WP_MICROGLIA_PATHOGEN_PHAGOCYTOSIS_PATHWAY,WikiPathways,Treg,SF_vs_PB_Treg,0.951490227,0.279702114,0.533295966,0.700173593,39,9,CYBA/ITGAM/ITGB2/NCF4/C1QA/RAC3/C1QB/C1QC/VAV2,up,FALSE
WP_NUCLEOSOME_REMODELING_COMPLEX,WP_NUCLEOSOME_REMODELING_COMPLEX,WikiPathways,Treg,SF_vs_PB_Treg,0.943829502,0.332653988,0.534169681,0.700173593,18,13,HAT1/XRCC6/PCNA/CHEK2/NASP/SUPT16H/CHAF1B/MCM2/PRKDC/XRCC5/ASF1B/RBBP4/ASF1A,up,FALSE
WP_INDUCTION_OF_AUTOPHAGY_AND_TOLLLIKE_RECEPTOR_SIGNALING_BY_GRAPHENE_OXIDE,WP_INDUCTION_OF_AUTOPHAGY_AND_TOLLLIKE_RECEPTOR_SIGNALING_BY_GRAPHENE_OXIDE,WikiPathways,Treg,SF_vs_PB_Treg,0.94055706,0.415405597,0.53586753,0.700173593,8,5,TNF/MAP1LC3A/IFNG/MYD88/BECN1,up,FALSE
WP_JOUBERT_SYNDROME,WP_JOUBERT_SYNDROME,WikiPathways,Treg,SF_vs_PB_Treg,0.955277084,0.252453675,0.536012671,0.700173593,67,22,ARL3/RHOA/RHEB/AHI1/MYO5A/TMEM67/B9D2/UNC119/ARL13B/DVL3/RAD50/BBS7/TMEM216/RP2/RAB3IP/TMEM237/KAT5/BBS4/TCTN2/MYO6/RAB8A/ARMC9,up,FALSE
WP_KCNQ2RELATED_EPILEPSIES,WP_KCNQ2RELATED_EPILEPSIES,WikiPathways,Treg,SF_vs_PB_Treg,0.940175486,0.370000398,0.53646394,0.700173593,12,5,STX1A/AKAP5/ITPR1/CALM1/PRKACA,up,FALSE
WP_NAD_BIOSYNTHESIS_II_FROM_TRYPTOPHAN,WP_NAD_BIOSYNTHESIS_II_FROM_TRYPTOPHAN,WikiPathways,Treg,SF_vs_PB_Treg,-0.95174721,-0.479848507,0.541267955,0.705339803,5,4,QPRT/AFMID/NMNAT1/NADSYN1,down,FALSE
WP_NAD_METABOLISM_IN_ONCOGENEINDUCED_SENESCENCE_AND_MITOCHONDRIAL_DYSFUNCTIONASSOCIATED_SENESCENCE,WP_NAD_METABOLISM_IN_ONCOGENEINDUCED_SENESCENCE_AND_MITOCHONDRIAL_DYSFUNCTIONASSOCIATED_SENESCENCE,WikiPathways,Treg,SF_vs_PB_Treg,0.937321593,0.330360266,0.543776371,0.70750311,18,1,NAMPT,up,FALSE
WP_EICOSANOID_METABOLISM_VIA_LIPOOXYGENASES_LOX,WP_EICOSANOID_METABOLISM_VIA_LIPOOXYGENASES_LOX,WikiPathways,Treg,SF_vs_PB_Treg,0.935312076,0.346399062,0.545860103,0.709107985,15,7,CYSLTR1/ACOX3/HPGD/LTC4S/PPARA/LTB4R/EHHADH,up,FALSE
WP_ID_SIGNALING,WP_ID_SIGNALING,WikiPathways,Treg,SF_vs_PB_Treg,0.932013368,0.366788245,0.547516531,0.710153634,12,3,ID2/SREBF1/ELK1,up,FALSE
WP_CIRCADIAN_RHYTHM_GENES,WP_CIRCADIAN_RHYTHM_GENES,WikiPathways,Treg,SF_vs_PB_Treg,0.956610936,0.226729914,0.550026443,0.711202268,130,22,BHLHE40/NAMPT/CREM/NTRK1/ID2/PPARG/EGR3/KLF10/PPP1CB/PRF1/SREBF1/EGR1/MAPK8/SERPINE1/THRAP3/UBC/MAGED1/JUND/FAS/NFIL3/ADORA2A/GFPT1,up,FALSE
WP_SARSCOV2_REPLICATION_ORGANELLE_FORMATION,WP_SARSCOV2_REPLICATION_ORGANELLE_FORMATION,WikiPathways,Treg,SF_vs_PB_Treg,-0.933641499,-0.444495258,0.550030531,0.711202268,6,3,PIK3C3/ATG14/AMBRA1,down,FALSE
WP_BMP_SIGNALING_IN_EYELID_DEVELOPMENT,WP_BMP_SIGNALING_IN_EYELID_DEVELOPMENT,WikiPathways,Treg,SF_vs_PB_Treg,-0.926646244,-0.402842719,0.553692721,0.713343434,8,3,SMAD4/MAPK3/MAP3K1,down,FALSE
WP_OMEGA3FATTY_ACIDS_IN_SENESCENCE,WP_OMEGA3FATTY_ACIDS_IN_SENESCENCE,WikiPathways,Treg,SF_vs_PB_Treg,0.929562457,0.332541981,0.55432339,0.713343434,17,6,GGT1/PTGS1/HPGD/FADS1/FADS2/LTC4S,up,FALSE
WP_ETHANOL_EFFECTS_ON_HISTONE_MODIFICATIONS,WP_ETHANOL_EFFECTS_ON_HISTONE_MODIFICATIONS,WikiPathways,Treg,SF_vs_PB_Treg,0.932476305,0.305881852,0.554336283,0.713343434,24,6,KAT2B/HDAC9/ALDH2/SLC19A1/ACSS2/HAT1,up,FALSE
WP_INCLUSION_BODY_MYOSITIS,WP_INCLUSION_BODY_MYOSITIS,WikiPathways,Treg,SF_vs_PB_Treg,-0.924540036,-0.387103086,0.556367153,0.713343434,9,3,NFKB1/SIRT1/APP,down,FALSE
WP_CARDIOMYOCYTE_SIGNALING_CONVERGING_ON_TITIN,WP_CARDIOMYOCYTE_SIGNALING_CONVERGING_ON_TITIN,WikiPathways,Treg,SF_vs_PB_Treg,-0.929429132,-0.313593442,0.556562634,0.713343434,19,5,TTN/FHL2/PRKG2/PRKACB/PRKCA,down,FALSE
WP_IL11_SIGNALING,WP_IL11_SIGNALING,WikiPathways,Treg,SF_vs_PB_Treg,-0.938887983,-0.264418263,0.556818436,0.713343434,39,8,MAPK3/CREB1/RPS6KA1/PIAS1/RUNX2/IL11RA/PIK3R1/RPS6,down,FALSE
WP_AMINO_ACID_METABOLISM_IN_TRIPLENEGATIVE_BREAST_CANCER_CELLS,WP_AMINO_ACID_METABOLISM_IN_TRIPLENEGATIVE_BREAST_CANCER_CELLS,WikiPathways,Treg,SF_vs_PB_Treg,0.913505038,0.437926585,0.569212927,0.727302965,6,2,SLC1A5/SLC2A1,up,FALSE
WP_10Q22Q23_COPY_NUMBER_VARIATION,WP_10Q22Q23_COPY_NUMBER_VARIATION,WikiPathways,Treg,SF_vs_PB_Treg,0.925323042,0.290658188,0.569459036,0.727302965,29,12,MAD2L2/PPARG/VEGFA/SMC3/SF3B4/RSPH9/CCSER2/GLUD1/SMC1A/STAG1/GHITM/TNFSF11,up,FALSE
WP_INVOLVEMENT_OF_SECRETASE_IN_NEURODEGENERATIVE_DISEASES,WP_INVOLVEMENT_OF_SECRETASE_IN_NEURODEGENERATIVE_DISEASES,WikiPathways,Treg,SF_vs_PB_Treg,-0.91370144,-0.342637612,0.572611598,0.728776504,13,2,SRPK2/APP,down,FALSE
WP_GLYCEROLIPIDS_AND_GLYCEROPHOSPHOLIPIDS,WP_GLYCEROLIPIDS_AND_GLYCEROPHOSPHOLIPIDS,WikiPathways,Treg,SF_vs_PB_Treg,0.917586954,0.323404766,0.572878993,0.728776504,18,4,AGPAT4/CHKB/DGAT2/PCYT1A,up,FALSE
WP_MONOAMINE_GPCRS,WP_MONOAMINE_GPCRS,WikiPathways,Treg,SF_vs_PB_Treg,-0.914672045,-0.435464134,0.573234276,0.728776504,6,2,CHRM3/HTR2B,down,FALSE
WP_COMPLEMENT_ACTIVATION,WP_COMPLEMENT_ACTIVATION,WikiPathways,Treg,SF_vs_PB_Treg,0.908095395,0.388037681,0.578996518,0.733464347,9,3,C1QA/C1QB/C1QC,up,FALSE
WP_RIBOFLAVIN_AND_COQ_DISORDERS,WP_RIBOFLAVIN_AND_COQ_DISORDERS,WikiPathways,Treg,SF_vs_PB_Treg,-0.908642817,-0.348841783,0.580182584,0.733464347,12,5,PDSS1/COQ2/APTX/ETFDH/COQ7,down,FALSE
WP_IRON_METABOLISM_DISORDERS,WP_IRON_METABOLISM_DISORDERS,WikiPathways,Treg,SF_vs_PB_Treg,-0.907097248,-0.357424241,0.581236125,0.733464347,11,4,PANK2/CP/FTL/SLC40A1,down,FALSE
WP_EICOSANOID_SYNTHESIS,WP_EICOSANOID_SYNTHESIS,WikiPathways,Treg,SF_vs_PB_Treg,0.907276241,0.349544327,0.581257323,0.733464347,13,5,GGT1/ALOX5AP/PTGS1/CBR1/LTC4S,up,FALSE
WP_GPR40_ROLE_IN_INSULIN_SECRETION,WP_GPR40_ROLE_IN_INSULIN_SECRETION,WikiPathways,Treg,SF_vs_PB_Treg,-0.907294417,-0.348324112,0.582037601,0.733464347,12,5,PLCE1/PKD1/PLCB1/PLCG1/PLCL1,down,FALSE
WP_MAMMARY_GLAND_DEVELOPMENT_INVOLUTION_STAGE_4_OF_4,WP_MAMMARY_GLAND_DEVELOPMENT_INVOLUTION_STAGE_4_OF_4,WikiPathways,Treg,SF_vs_PB_Treg,-0.904735865,-0.378811119,0.582457151,0.733464347,9,2,TP53/MYC,down,FALSE
WP_NUCLEAR_RECEPTORS_IN_LIPID_METABOLISM_AND_TOXICITY,WP_NUCLEAR_RECEPTORS_IN_LIPID_METABOLISM_AND_TOXICITY,WikiPathways,Treg,SF_vs_PB_Treg,0.903586195,0.355600903,0.585018453,0.733464347,12,7,VDR/PPARG/ABCA1/ABCG1/RARG/PPARA/CYP27B1,up,FALSE
WP_LEPTIN_AND_ADIPONECTIN,WP_LEPTIN_AND_ADIPONECTIN,WikiPathways,Treg,SF_vs_PB_Treg,0.900008811,0.397497093,0.58607037,0.733464347,8,4,ADIPOR1/PRKAB1/LEPR/ADIPOR2,up,FALSE
WP_ACQUIRED_PARTIAL_LIPODYSTROPHY_BARRAQUERSIMONS_SYNDROME,WP_ACQUIRED_PARTIAL_LIPODYSTROPHY_BARRAQUERSIMONS_SYNDROME,WikiPathways,Treg,SF_vs_PB_Treg,0.899416434,0.397235464,0.586948042,0.733464347,8,4,LMNA/RCE1/LMNB1/ICMT,up,FALSE
WP_IL17_SIGNALING,WP_IL17_SIGNALING,WikiPathways,Treg,SF_vs_PB_Treg,-0.914092523,-0.286801778,0.587511621,0.733464347,25,9,IL17RC/NFKB1/IL17RA/TRAF6/MAPK3/GSK3B/TRAF3IP2/MAP3K7/IL17RB,down,FALSE
WP_THYROID_STIMULATING_HORMONE_TSH_SIGNALING,WP_THYROID_STIMULATING_HORMONE_TSH_SIGNALING,WikiPathways,Treg,SF_vs_PB_Treg,0.927568588,0.249969909,0.588232199,0.733464347,60,9,PDE4D/MYL12B/STAT3/GNAI3/RALGDS/ADCY3/GNG2/RAP1B/FOS,up,FALSE
WP_KREBS_CYCLE_DISORDERS,WP_KREBS_CYCLE_DISORDERS,WikiPathways,Treg,SF_vs_PB_Treg,0.901094573,0.35462034,0.588305398,0.733464347,12,2,PCK2/LDHA,up,FALSE
WP_PPARALPHA_PATHWAY,WP_PPARALPHA_PATHWAY,WikiPathways,Treg,SF_vs_PB_Treg,0.905029212,0.323765451,0.588895396,0.733464347,17,11,RXRA/SCP2/ACADM/DBI/PLTP/SLC27A1/CDK4/PPARA/CDK1/CCND1/EHHADH,up,FALSE
WP_SIGNALING_LIPIDS,WP_SIGNALING_LIPIDS,WikiPathways,Treg,SF_vs_PB_Treg,0.901094265,0.339885721,0.589703439,0.733464347,14,5,CYP7B1/HPGD/CBR1/FADS2/LTC4S,up,FALSE
WP_SEROTONIN_RECEPTOR_467_AND_NR3C_SIGNALING,WP_SEROTONIN_RECEPTOR_467_AND_NR3C_SIGNALING,WikiPathways,Treg,SF_vs_PB_Treg,0.903903555,0.323362757,0.59061455,0.733464347,17,4,MAPKAPK2/EGR1/ELK1/SRF,up,FALSE
WP_NEURODEGENERATION_WITH_BRAIN_IRON_ACCUMULATION_NBIA_SUBTYPES_PATHWAY,WP_NEURODEGENERATION_WITH_BRAIN_IRON_ACCUMULATION_NBIA_SUBTYPES_PATHWAY,WikiPathways,Treg,SF_vs_PB_Treg,-0.922149147,-0.25430184,0.59150253,0.733464347,43,19,COASY/PANK2/CP/MTOR/DEPTOR/WIPI2/ATG2A/RB1CC1/TSC1/PIK3C3/TSC2/MECP2/WDR45/FTL/ATG13/ATG14/PLA2G6/RPTOR/ACACA,down,FALSE
WP_THYROID_HORMONES_PRODUCTION_AND_PERIPHERAL_DOWNSTREAM_SIGNALING_EFFECTS,WP_THYROID_HORMONES_PRODUCTION_AND_PERIPHERAL_DOWNSTREAM_SIGNALING_EFFECTS,WikiPathways,Treg,SF_vs_PB_Treg,0.925592598,0.2494374,0.592283409,0.733464347,60,10,MAPKAPK3/RXRA/NOTCH1/RHEB/CTNNB1/CREB3/PPARG/ADCY3/CASP9/BAD,up,FALSE
WP_SELENIUM_METABOLISM_AND_SELENOPROTEINS,WP_SELENIUM_METABOLISM_AND_SELENOPROTEINS,WikiPathways,Treg,SF_vs_PB_Treg,0.908560737,0.295414436,0.592751763,0.733464347,25,8,CREM/FOS/MSRB1/TXNRD1/GPX1/TRNAU1AP/NFE2L2/SEPHS1,up,FALSE
WP_HALLMARK_OF_CANCER_SUSTAINING_PROLIFERATIVE_SIGNALING,WP_HALLMARK_OF_CANCER_SUSTAINING_PROLIFERATIVE_SIGNALING,WikiPathways,Treg,SF_vs_PB_Treg,0.92552078,0.239254594,0.600220758,0.741606092,76,21,CDKN1A/NTRK1/NTRK2/STAT3/RHEB/CTNNB1/FOS/KRAS/NFKBIE/FOXO1/ELK1/NFKBIA/AKT1/FLT1/IKBKG/HRAS/PML/FLT3/SRC/SOS2/KSR1,up,FALSE
WP_PHOSPHOINOSITIDE_3KINASE_PI3K_FAMILY,WP_PHOSPHOINOSITIDE_3KINASE_PI3K_FAMILY,WikiPathways,Treg,SF_vs_PB_Treg,-0.890499157,-0.350884082,0.603954439,0.743234196,11,7,PIK3C2A/PIK3CA/PIK3C2B/PIK3R4/PIK3CD/PIK3R5/PIK3R1,down,FALSE
WP_IL3_SIGNALING,WP_IL3_SIGNALING,WikiPathways,Treg,SF_vs_PB_Treg,0.912850212,0.260535695,0.603961283,0.743234196,45,13,STAT3/BCL2L1/FOS/BAD/YWHAB/MAPK8/YWHAQ/AKT1/RAPGEF1/PTPN11/HRAS/SRC/PRKACA,up,FALSE
WP_IL1_SIGNALING,WP_IL1_SIGNALING,WikiPathways,Treg,SF_vs_PB_Treg,-0.919717432,-0.244191912,0.604211972,0.743234196,51,10,MAPK3/IRAK4/PLCG1/REL/MAP3K7/ECSIT/PIK3R1/PELI2/MAP3K1/MAP2K6,down,FALSE
WP_REGULATION_OF_CYTOTOXIC_T_CELL_RESPONSES_BY_MALAT1_MIR1516_CIRCUIT,WP_REGULATION_OF_CYTOTOXIC_T_CELL_RESPONSES_BY_MALAT1_MIR1516_CIRCUIT,WikiPathways,Treg,SF_vs_PB_Treg,0.886149987,0.357547648,0.607300735,0.745933451,11,3,CD80/CD3D/CD27,up,FALSE
WP_LTF_DANGER_SIGNAL_RESPONSE_PATHWAY,WP_LTF_DANGER_SIGNAL_RESPONSE_PATHWAY,WikiPathways,Treg,SF_vs_PB_Treg,0.883492969,0.347693334,0.612967092,0.75178611,12,5,TNF/IL1A/MYD88/IRAK1/TREM1,up,FALSE
WP_DDX1_AS_A_REGULATORY_COMPONENT_OF_THE_DROSHA_MICROPROCESSOR,WP_DDX1_AS_A_REGULATORY_COMPONENT_OF_THE_DROSHA_MICROPROCESSOR,WikiPathways,Treg,SF_vs_PB_Treg,-0.880963575,-0.419415945,0.616161205,0.754593899,6,1,ATM,down,FALSE
WP_ACUTE_MYELOID_LEUKEMIA,WP_ACUTE_MYELOID_LEUKEMIA,WikiPathways,Treg,SF_vs_PB_Treg,-0.9178627,-0.234999782,0.618536995,0.756392747,61,7,SOS1/PIK3R1/BCL2A1/PPARD/LEF1/MYC/TCF7,down,FALSE
WP_PI3KAKTMTOR_SIGNALING_AND_THERAPEUTIC_OPPORTUNITIES_IN_PROSTATE_CANCER,WP_PI3KAKTMTOR_SIGNALING_AND_THERAPEUTIC_OPPORTUNITIES_IN_PROSTATE_CANCER,WikiPathways,Treg,SF_vs_PB_Treg,0.89430133,0.278537422,0.621628574,0.759060367,30,10,RHEB/EIF4EBP1/NOS3/KRAS/BAD/FOXO1/NRAS/AKT1/HRAS/TFEB,up,FALSE
WP_IRINOTECAN_PATHWAY,WP_IRINOTECAN_PATHWAY,WikiPathways,Treg,SF_vs_PB_Treg,-0.876199,-0.44175888,0.626583936,0.763074195,5,4,CES2/CES1/ABCC1/CYP3A5,down,FALSE
WP_TGFBETA_SIGNALING_IN_THYROID_CELLS_FOR_EPITHELIALMESENCHYMAL_TRANSITION,WP_TGFBETA_SIGNALING_IN_THYROID_CELLS_FOR_EPITHELIALMESENCHYMAL_TRANSITION,WikiPathways,Treg,SF_vs_PB_Treg,-0.875046323,-0.335943579,0.626745592,0.763074195,12,4,SMAD4/MAPK3/RUNX2/SMAD3,down,FALSE
WP_EICOSANOID_METABOLISM_VIA_CYCLOOXYGENASES_COX,WP_EICOSANOID_METABOLISM_VIA_CYCLOOXYGENASES_COX,WikiPathways,Treg,SF_vs_PB_Treg,-0.880747834,-0.311469794,0.629970195,0.764609576,16,5,PTGDS/PTGIR/PLA2G6/PTGDR2/PPARD,down,FALSE
WP_SULFATION_BIOTRANSFORMATION_REACTION,WP_SULFATION_BIOTRANSFORMATION_REACTION,WikiPathways,Treg,SF_vs_PB_Treg,-0.867571323,-0.393541528,0.630544293,0.764609576,7,4,SULT1A2/GSR/SULT1A1/SULT1B1,down,FALSE
WP_LET7_INHIBITION_OF_ES_CELL_REPROGRAMMING,WP_LET7_INHIBITION_OF_ES_CELL_REPROGRAMMING,WikiPathways,Treg,SF_vs_PB_Treg,-0.871929917,-0.439606509,0.631640444,0.764609576,5,2,TRIM71/MYC,down,FALSE
WP_MIRNA_REGULATION_OF_P53_PATHWAY_IN_PROSTATE_CANCER,WP_MIRNA_REGULATION_OF_P53_PATHWAY_IN_PROSTATE_CANCER,WikiPathways,Treg,SF_vs_PB_Treg,-0.883584874,-0.28628657,0.631673858,0.764609576,22,3,TP53/ATM/SESN3,down,FALSE
WP_DISORDERS_IN_KETOLYSIS,WP_DISORDERS_IN_KETOLYSIS,WikiPathways,Treg,SF_vs_PB_Treg,0.862387736,0.437011212,0.633547772,0.765766438,5,3,HMGCS1/ACAT2/ACAT1,up,FALSE
WP_CANONICAL_NFKB_PATHWAY,WP_CANONICAL_NFKB_PATHWAY,WikiPathways,Treg,SF_vs_PB_Treg,0.859934279,0.379797811,0.637560462,0.769501339,8,3,NFKBIE/NFKBIA/IKBKG,up,FALSE
WP_KENNEDY_PATHWAY_FROM_SPHINGOLIPIDS,WP_KENNEDY_PATHWAY_FROM_SPHINGOLIPIDS,WikiPathways,Treg,SF_vs_PB_Treg,0.863681972,0.332748858,0.640493249,0.771696936,13,5,CHKB/PCYT1A/PEMT/SGPL1/PISD,up,FALSE
WP_CANONICAL_AND_NONCANONICAL_TGFB_SIGNALING,WP_CANONICAL_AND_NONCANONICAL_TGFB_SIGNALING,WikiPathways,Treg,SF_vs_PB_Treg,-0.867632242,-0.318518175,0.641230188,0.771696936,14,6,MAPK14/SMAD4/BMPR1A/LOXL2/TGFBR2/SMAD3,down,FALSE
WP_FAMILIAL_HYPERLIPIDEMIA_TYPE_3,WP_FAMILIAL_HYPERLIPIDEMIA_TYPE_3,WikiPathways,Treg,SF_vs_PB_Treg,0.859606287,0.367317831,0.642594502,0.772224517,9,2,LDLR/VLDLR,up,FALSE
WP_OSTEOPONTIN_SIGNALING,WP_OSTEOPONTIN_SIGNALING,WikiPathways,Treg,SF_vs_PB_Treg,0.857222332,0.345875793,0.645947146,0.775136575,11,5,MMP9/PLAU/ITGAV/SPP1/MAP2K1,up,FALSE
WP_SPHINGOLIPID_METABOLISM_IN_SENESCENCE,WP_SPHINGOLIPID_METABOLISM_IN_SENESCENCE,WikiPathways,Treg,SF_vs_PB_Treg,0.873416183,0.283987342,0.647336794,0.775255487,25,12,CDKN1A/KDSR/CERS2/UGCG/CERS4/SPHK1/CDK2/DEGS1/SGMS2/CDK4/E2F1/SPTLC1,up,FALSE
WP_TCA_CYCLE_AKA_KREBS_OR_CITRIC_ACID_CYCLE,WP_TCA_CYCLE_AKA_KREBS_OR_CITRIC_ACID_CYCLE,WikiPathways,Treg,SF_vs_PB_Treg,0.865619965,0.305088931,0.647905365,0.775255487,18,10,IDH3A/MDH2/DLD/IDH2/SDHC/IDH3G/ACO2/SDHB/SUCLA2/CS,up,FALSE
WP_DISORDERS_OF_FOLATE_METABOLISM_AND_TRANSPORT,WP_DISORDERS_OF_FOLATE_METABOLISM_AND_TRANSPORT,WikiPathways,Treg,SF_vs_PB_Treg,0.859526095,0.318331218,0.650734944,0.777525706,15,4,MTHFD2/QDPR/SLC19A1/MTHFD1,up,FALSE
WP_SOX_GENES_AND_THEIR_INFLUENCE_ON_NEUROGENESIS_AND_NEURODEVELOPMENTAL_DISORDERS,WP_SOX_GENES_AND_THEIR_INFLUENCE_ON_NEUROGENESIS_AND_NEURODEVELOPMENTAL_DISORDERS,WikiPathways,Treg,SF_vs_PB_Treg,0.847496294,0.429465039,0.651834644,0.777725455,5,2,YES1/SOX4,up,FALSE
WP_DRAVET_SYNDROME,WP_DRAVET_SYNDROME,WikiPathways,Treg,SF_vs_PB_Treg,0.861587361,0.303667634,0.653424503,0.778508622,18,6,TNF/SNTA1/MAPK11/AKT1/PRR5L/CALM1,up,FALSE
WP_RESISTIN_AS_A_REGULATOR_OF_INFLAMMATION,WP_RESISTIN_AS_A_REGULATOR_OF_INFLAMMATION,WikiPathways,Treg,SF_vs_PB_Treg,0.86708057,0.276715031,0.659871622,0.785068377,27,6,TNF/ITPR1/NFKBIA/AKT1/PLCD3/IKBKG,up,FALSE
WP_HEREDITARY_LEIOMYOMATOSIS_AND_RENAL_CELL_CARCINOMA_PATHWAY,WP_HEREDITARY_LEIOMYOMATOSIS_AND_RENAL_CELL_CARCINOMA_PATHWAY,WikiPathways,Treg,SF_vs_PB_Treg,-0.86221068,-0.290913643,0.661008978,0.785301265,19,4,PDK1/TP53/ACACA/RPS6,down,FALSE
WP_ERBB_SIGNALING,WP_ERBB_SIGNALING,WikiPathways,Treg,SF_vs_PB_Treg,-0.900441739,-0.224372904,0.66506838,0.789000041,70,14,STAT5B/MAPK3/ABL2/NCK2/GSK3B/PLCG1/SOS1/PIK3R1/CAMK2D/BCL2L11/PRKCB/TP53/PRKCA/MYC,down,FALSE
WP_BRAINDERIVED_NEUROTROPHIC_FACTOR_BDNF_SIGNALING,WP_BRAINDERIVED_NEUROTROPHIC_FACTOR_BDNF_SIGNALING,WikiPathways,Treg,SF_vs_PB_Treg,0.903099151,0.219196039,0.666554898,0.789640319,111,34,NTRK1/NTRK2/STAT3/CYFIP1/CAMK1/EIF4EBP1/CTNNB1/FOS/BAD/EIF2S1/DPYSL2/RHOG/NCAM1/EGR1/MAPK8/SQSTM1/RAB3A/EIF4E/EGR2/PRKCD/ELK1/NFKBIA/CFL1/AKT1/VAV2/PTPN11/IKBKG/HRAS/SRC/CDK5/MAPK7/NCF1/CDC42/KSR1,up,FALSE
WP_ANK2_PATHWAY_IN_EPILEPSY_DEVELOPMENT,WP_ANK2_PATHWAY_IN_EPILEPSY_DEVELOPMENT,WikiPathways,Treg,SF_vs_PB_Treg,0.849479648,0.303893131,0.669185574,0.791632296,17,5,BRSK1/DDIT3/DNM1L/L1CAM/ATF6,up,FALSE
WP_TCA_CYCLE_IN_SENESCENCE,WP_TCA_CYCLE_IN_SENESCENCE,WikiPathways,Treg,SF_vs_PB_Treg,-0.835200955,-0.34969699,0.674245386,0.796488175,9,3,BRAF/PDK1/TP53,down,FALSE
WP_FEMALE_STEROID_HORMONES_IN_CARDIOMYOCYTE_ENERGY_METABOLISM,WP_FEMALE_STEROID_HORMONES_IN_CARDIOMYOCYTE_ENERGY_METABOLISM,WikiPathways,Treg,SF_vs_PB_Treg,0.833090881,0.33613913,0.677315986,0.798983779,11,5,NOS3/ACADM/ACLY/HADHB/PPARA,up,FALSE
WP_AMPK_REGULATION_OF_MAMMARY_MILK_PROTEIN_SYNTHESIS,WP_AMPK_REGULATION_OF_MAMMARY_MILK_PROTEIN_SYNTHESIS,WikiPathways,Treg,SF_vs_PB_Treg,-0.844083039,-0.303759579,0.679109971,0.79975138,15,6,MTOR/PRKAG2/TSC2/EIF4A2/RPTOR/EEF2,down,FALSE
WP_GPR143_IN_MELANOCYTES_AND_RETINAL_PIGMENT_EPITHELIUM_CELLS,WP_GPR143_IN_MELANOCYTES_AND_RETINAL_PIGMENT_EPITHELIUM_CELLS,WikiPathways,Treg,SF_vs_PB_Treg,-0.850025881,-0.286802439,0.679884566,0.79975138,19,4,CREB1/GNAQ/PRKACB/PRKCB,down,FALSE
WP_GLYOXYLATE_METABOLISM,WP_GLYOXYLATE_METABOLISM,WikiPathways,Treg,SF_vs_PB_Treg,0.821701692,0.393916837,0.681494732,0.800516347,6,1,LDHA,up,FALSE
WP_MTHFR_DEFICIENCY,WP_MTHFR_DEFICIENCY,WikiPathways,Treg,SF_vs_PB_Treg,0.838393542,0.305008692,0.683575292,0.801642233,16,6,CYCS/COMT/CASP9/PCYT1A/ASMT/PEMT,up,FALSE
WP_CELL_LINEAGE_MAP_FOR_NEURONAL_DIFFERENTIATION,WP_CELL_LINEAGE_MAP_FOR_NEURONAL_DIFFERENTIATION,WikiPathways,Treg,SF_vs_PB_Treg,-0.868193831,-0.24608422,0.684909789,0.801642233,38,14,HOMER3/ITGA6/NODAL/TPH1/DLG1/HOMER1/GABBR1/HOMER2/LIN7A/MBP/RIMS2/FBXO15/NR4A2/LEF1,down,FALSE
WP_CELL_DIFFERENTIATION_INDEX,WP_CELL_DIFFERENTIATION_INDEX,WikiPathways,Treg,SF_vs_PB_Treg,0.820669876,0.376242111,0.685336825,0.801642233,7,3,STAT3/SRF/MEF2D,up,FALSE
WP_MECP2_AND_ASSOCIATED_RETT_SYNDROME,WP_MECP2_AND_ASSOCIATED_RETT_SYNDROME,WikiPathways,Treg,SF_vs_PB_Treg,-0.876391874,-0.235865913,0.688444728,0.804149724,48,15,HDAC1/FUS/MEF2C/MECP2/REST/PSIP1/MBP/YBX1/HNRNPH1/NREP/CREB1/NF1/IGF1R/TET1/RPS6,down,FALSE
WP_TRANSSULFURATION_ONECARBON_METABOLISM_AND_RELATED_PATHWAYS,WP_TRANSSULFURATION_ONECARBON_METABOLISM_AND_RELATED_PATHWAYS,WikiPathways,Treg,SF_vs_PB_Treg,0.865495875,0.243691454,0.692905803,0.807988582,48,10,MTHFD2/GSS/BCAT1/CHKB/MTHFD1L/SOD1/PCYT1A/BCAT2/GPX1/MTHFD1,up,FALSE
WP_LEUKOTRIENE_METABOLIC_PATHWAY,WP_LEUKOTRIENE_METABOLIC_PATHWAY,WikiPathways,Treg,SF_vs_PB_Treg,-0.820580001,-0.343575225,0.693668855,0.807988582,9,2,LTA4H/DPEP2,down,FALSE
WP_8Q1123_RB1CC1_COPY_NUMBER_VARIATION,WP_8Q1123_RB1CC1_COPY_NUMBER_VARIATION,WikiPathways,Treg,SF_vs_PB_Treg,-0.832493305,-0.29958879,0.696145029,0.808787202,15,5,RB1CC1/PTK2B/ATG13/RB1/TP53,down,FALSE
WP_H19_RBE2F1_AND_CDKBETACATENIN_IN_COLORECTAL_CANCER,WP_H19_RBE2F1_AND_CDKBETACATENIN_IN_COLORECTAL_CANCER,WikiPathways,Treg,SF_vs_PB_Treg,0.822459434,0.323673955,0.696294018,0.808787202,12,8,CTNNB1/TULP3/SOX4/CDH1/CDK4/CCND1/E2F1/PMAIP1,up,FALSE
WP_PHOSPHOINOSITIDES_METABOLISM,WP_PHOSPHOINOSITIDES_METABOLISM,WikiPathways,Treg,SF_vs_PB_Treg,-0.866188196,-0.238869442,0.699516625,0.811400368,43,19,PLCB2/PIK3CA/PIK3C2B/PIK3R4/PLCE1/MTMR7/PIKFYVE/PIK3CD/PTEN/MTMR3/PLCB1/MTMR9/PIK3C3/INPP5D/PIP5K1B/MTMR10/PIP4K2A/PLCG1/MTMR4,down,FALSE
WP_CHRONIC_HYPERGLYCEMIA_IMPAIRMENT_OF_NEURON_FUNCTION,WP_CHRONIC_HYPERGLYCEMIA_IMPAIRMENT_OF_NEURON_FUNCTION,WikiPathways,Treg,SF_vs_PB_Treg,-0.833389362,-0.289968771,0.701119633,0.812130241,17,8,AGER/PRKD3/PRKCZ/PRKCH/TKTL1/PRKCB/PRKCQ/PRKCA,down,FALSE
WP_MIRNA_TARGETS_IN_ECM_AND_MEMBRANE_RECEPTORS,WP_MIRNA_TARGETS_IN_ECM_AND_MEMBRANE_RECEPTORS,WikiPathways,Treg,SF_vs_PB_Treg,-0.804584352,-0.364969827,0.711840111,0.821826698,7,2,COL6A2/COL5A3,down,FALSE
WP_EFFECT_OF_INTESTINAL_MICROBIOME_ON_ANTICOAGULANT_RESPONSE_OF_VITAMIN_K_ANTAGONISTS,WP_EFFECT_OF_INTESTINAL_MICROBIOME_ON_ANTICOAGULANT_RESPONSE_OF_VITAMIN_K_ANTAGONISTS,WikiPathways,Treg,SF_vs_PB_Treg,0.797388234,0.404072999,0.712095942,0.821826698,5,1,VDR,up,FALSE
WP_FIBROTIC_RESPONSE_OF_TRABECULAR_MESHWORK_CELLS_TO_TGFB3_AND_ENPP2_IN_AQUEOUS_HUMOR,WP_FIBROTIC_RESPONSE_OF_TRABECULAR_MESHWORK_CELLS_TO_TGFB3_AND_ENPP2_IN_AQUEOUS_HUMOR,WikiPathways,Treg,SF_vs_PB_Treg,-0.809159251,-0.328368563,0.712446886,0.821826698,10,2,ENPP2/SMAD3,down,FALSE
WP_SMC1SMC3_ROLE_IN_DNA_DAMAGE_CORNELIA_DE_LANGE_SYNDROME,WP_SMC1SMC3_ROLE_IN_DNA_DAMAGE_CORNELIA_DE_LANGE_SYNDROME,WikiPathways,Treg,SF_vs_PB_Treg,-0.807146352,-0.3275517,0.715058555,0.822797724,10,2,PAXIP1/ATM,down,FALSE
WP_MIRNA_BIOGENESIS,WP_MIRNA_BIOGENESIS,WikiPathways,Treg,SF_vs_PB_Treg,0.793726244,0.380505644,0.715383708,0.822797724,6,2,XPO5/RAN,up,FALSE
WP_HOMOLOGOUS_RECOMBINATION,WP_HOMOLOGOUS_RECOMBINATION,WikiPathways,Treg,SF_vs_PB_Treg,-0.812110783,-0.311781669,0.716515903,0.822797724,12,2,RAD52/ATM,down,FALSE
WP_FOXA2_PATHWAY,WP_FOXA2_PATHWAY,WikiPathways,Treg,SF_vs_PB_Treg,-0.805460477,-0.326867547,0.717234947,0.822797724,10,3,IRS1/PPARGC1B/ACACA,down,FALSE
WP_GROWTH_FACTORS_AND_HORMONES_IN_BETA_CELL_PROLIFERATION,WP_GROWTH_FACTORS_AND_HORMONES_IN_BETA_CELL_PROLIFERATION,WikiPathways,Treg,SF_vs_PB_Treg,0.820030072,0.278182678,0.72149053,0.826542722,21,10,PDGFA/KRAS/FOXO1/AKT1/TGFBR1/FLT1/SMAD7/CDK2/CDK4/AKT3,up,FALSE
WP_GLYCEROPHOSPHOLIPID_BIOSYNTHETIC_PATHWAY,WP_GLYCEROPHOSPHOLIPID_BIOSYNTHETIC_PATHWAY,WikiPathways,Treg,SF_vs_PB_Treg,0.825911808,0.268541508,0.723223754,0.827382573,25,6,GK/CHKB/LPIN2/CDS2/GPAT2/PEMT,up,FALSE
WP_ARACHIDONATE_EPOXYGENASE_EPOXIDE_HYDROLASE,WP_ARACHIDONATE_EPOXYGENASE_EPOXIDE_HYDROLASE,WikiPathways,Treg,SF_vs_PB_Treg,0.786397997,0.398503744,0.724207767,0.827382573,5,2,COX8A/COX5A,up,FALSE
WP_TOLLLIKE_RECEPTOR_SIGNALING_RELATED_TO_MYD88,WP_TOLLLIKE_RECEPTOR_SIGNALING_RELATED_TO_MYD88,WikiPathways,Treg,SF_vs_PB_Treg,-0.825509956,-0.254104035,0.735955423,0.838748427,27,7,TRAF6/TLR6/IRAK4/IRF3/TLR1/REL/TLR5,down,FALSE
WP_HEMATOPOIETIC_STEM_CELL_GENE_REGULATION_BY_GABP_ALPHABETA_COMPLEX,WP_HEMATOPOIETIC_STEM_CELL_GENE_REGULATION_BY_GABP_ALPHABETA_COMPLEX,WikiPathways,Treg,SF_vs_PB_Treg,0.807018549,0.280599545,0.73708241,0.838748427,19,3,BCL2L1/GZMB/GABPB1,up,FALSE
WP_BILE_ACID_SYNTHESIS_AND_ENTEROHEPATIC_CIRCULATION,WP_BILE_ACID_SYNTHESIS_AND_ENTEROHEPATIC_CIRCULATION,WikiPathways,Treg,SF_vs_PB_Treg,0.775954789,0.393211694,0.737173378,0.838748427,5,1,LDLR,up,FALSE
WP_NIFEDIPINE_ACTIVITY,WP_NIFEDIPINE_ACTIVITY,WikiPathways,Treg,SF_vs_PB_Treg,0.773246772,0.391839419,0.740489238,0.841373331,5,3,SOD1/PCNA/MAP2K1,up,FALSE
WP_TYPE_III_INTERFERON_SIGNALING,WP_TYPE_III_INTERFERON_SIGNALING,WikiPathways,Treg,SF_vs_PB_Treg,0.775012817,0.342291473,0.746352785,0.846540796,8,8,IFNL1/STAT2/IL10RB/TYK2/IFNLR1/IRF9/JAK1/STAT1,up,FALSE
WP_METABOLIC_PATHWAY_OF_LDL_HDL_AND_TG_INCLUDING_DISEASES,WP_METABOLIC_PATHWAY_OF_LDL_HDL_AND_TG_INCLUDING_DISEASES,WikiPathways,Treg,SF_vs_PB_Treg,0.77828337,0.332567785,0.747067178,0.846540796,9,3,LDLR/ANXA2/ABCA1,up,FALSE
WP_4P163_COPY_NUMBER_VARIATION,WP_4P163_COPY_NUMBER_VARIATION,WikiPathways,Treg,SF_vs_PB_Treg,-0.810538327,-0.259777519,0.750683869,0.848308104,23,7,FRS2/POLN/FAM53A/MAPK3/PLCG1/SOS1/PIK3R1,down,FALSE
WP_16P1311_COPY_NUMBER_VARIATION_SYNDROME,WP_16P1311_COPY_NUMBER_VARIATION_SYNDROME,WikiPathways,Treg,SF_vs_PB_Treg,-0.808078962,-0.261822221,0.750778214,0.848308104,22,4,MYH11/PLAG1/NDE1/DCP2,down,FALSE
WP_THYROXINE_THYROID_HORMONE_PRODUCTION,WP_THYROXINE_THYROID_HORMONE_PRODUCTION,WikiPathways,Treg,SF_vs_PB_Treg,-0.804861039,-0.263955163,0.751678284,0.848308104,21,4,MAPK3/TSHR/CREB1/PRKCA,down,FALSE
WP_SYNAPTIC_SIGNALING_ASSOCIATED_WITH_AUTISM_SPECTRUM_DISORDER,WP_SYNAPTIC_SIGNALING_ASSOCIATED_WITH_AUTISM_SPECTRUM_DISORDER,WikiPathways,Treg,SF_vs_PB_Treg,0.818338962,0.247913101,0.754043829,0.849827775,34,8,NTRK2/RHEB/EIF4EBP1/KRAS/PRKAB1/NRAS/DLG4/AKT1,up,FALSE
WP_ESTROGEN_METABOLISM_WP5276,WP_ESTROGEN_METABOLISM_WP5276,WikiPathways,Treg,SF_vs_PB_Treg,0.767908661,0.339153858,0.755363551,0.850166264,8,2,COMT/HSD17B10,up,FALSE
WP_ESTROGEN_SIGNALING,WP_ESTROGEN_SIGNALING,WikiPathways,Treg,SF_vs_PB_Treg,0.79464531,0.269571286,0.759634299,0.853820762,21,6,FOS/ELK1/AKT1/GNB1/IKBKG/PRKACA,up,FALSE
WP_BASE_EXCISION_REPAIR,WP_BASE_EXCISION_REPAIR,WikiPathways,Treg,SF_vs_PB_Treg,0.806998156,0.249438321,0.7636267,0.857043857,31,19,TDG/OGG1/UNG/POLD3/SMUG1/PNKP/LIG3/NEIL2/PCNA/POLD2/PARP2/MPG/POLE2/FEN1/POLE/APEX2/POLE4/MBD4/NEIL3,up,FALSE
WP_INTERLEUKIN1_INDUCED_ACTIVATION_OF_NFKB,WP_INTERLEUKIN1_INDUCED_ACTIVATION_OF_NFKB,WikiPathways,Treg,SF_vs_PB_Treg,0.764862566,0.326832949,0.76455711,0.857043857,9,3,IL1A/SQSTM1/UBE2N,up,FALSE
WP_PEROXIREDOXIN_2_INDUCED_OVARIAN_FAILURE,WP_PEROXIREDOXIN_2_INDUCED_OVARIAN_FAILURE,WikiPathways,Treg,SF_vs_PB_Treg,0.749440613,0.379775752,0.766777857,0.858379507,5,3,CASP3/PRDX2/PARP2,up,FALSE
WP_RETINOBLASTOMA_GENE_IN_CANCER,WP_RETINOBLASTOMA_GENE_IN_CANCER,WikiPathways,Treg,SF_vs_PB_Treg,0.845305132,0.214324317,0.769812032,0.860620958,85,43,CDKN1A/CDK6/RABIF/FAF1/CCDC6/SAP30/SMC3/MCM6/POLD3/MDM2/CDK2/HLTF/PRMT2/RPA3/SMC1A/CDK4/RBBP7/CDK1/CCND1/E2F3/PCNA/E2F1/TFDP1/POLE2/SIN3A/FANCG/SMC2/CDC25A/MCM3/POLE/TYMS/TOP2A/PRKDC/ABL1/CDC45/PLK4/ORC1/RFC4/ANLN/CHEK1/TTK/SUV39H1/CCNE2,up,FALSE
WP_4HYDROXYTAMOXIFEN_DEXAMETHASONE_AND_RETINOIC_ACIDS_REGULATION_OF_P27_EXPRESSION,WP_4HYDROXYTAMOXIFEN_DEXAMETHASONE_AND_RETINOIC_ACIDS_REGULATION_OF_P27_EXPRESSION,WikiPathways,Treg,SF_vs_PB_Treg,-0.799284767,-0.253353459,0.771990416,0.861900946,24,6,TSC1/MAP3K11/TSC2/MAPK3/PIK3R1/MAP2K6,down,FALSE
WP_NCRNAS_INVOLVED_IN_STAT3_SIGNALING_IN_HEPATOCELLULAR_CARCINOMA,WP_NCRNAS_INVOLVED_IN_STAT3_SIGNALING_IN_HEPATOCELLULAR_CARCINOMA,WikiPathways,Treg,SF_vs_PB_Treg,-0.76501176,-0.301438185,0.774912343,0.864006542,11,4,IL6ST/NFKB1/IL11RA/IL6R,down,FALSE
WP_SOMATROPH_AXIS_GH_AND_ITS_RELATIONSHIP_TO_DIETARY_RESTRICTION_AND_AGING,WP_SOMATROPH_AXIS_GH_AND_ITS_RELATIONSHIP_TO_DIETARY_RESTRICTION_AND_AGING,WikiPathways,Treg,SF_vs_PB_Treg,-0.747473131,-0.355862783,0.779686546,0.868129721,6,4,MTOR/PTEN/SIRT1/IGF1R,down,FALSE
WP_HOSTPATHOGEN_INTERACTION_OF_HUMAN_CORONAVIRUSES_AUTOPHAGY,WP_HOSTPATHOGEN_INTERACTION_OF_HUMAN_CORONAVIRUSES_AUTOPHAGY,WikiPathways,Treg,SF_vs_PB_Treg,0.775297961,0.269570329,0.780692195,0.868129721,19,6,WIPI1/ZFYVE1/MAP1LC3A/ATG4A/BECN1/ATG5,up,FALSE
WP_SEROTONIN_AND_ANXIETY,WP_SEROTONIN_AND_ANXIETY,WikiPathways,Treg,SF_vs_PB_Treg,-0.742923694,-0.336999757,0.787586518,0.873491083,7,2,POMC/PRKCB,down,FALSE
WP_NRP1TRIGGERED_SIGNALING_IN_PANCREATIC_CANCER,WP_NRP1TRIGGERED_SIGNALING_IN_PANCREATIC_CANCER,WikiPathways,Treg,SF_vs_PB_Treg,-0.806273009,-0.232893003,0.787608267,0.873491083,35,9,NFKB1/SMAD4/CDKN1B/MAPK3/CHD2/TGFBR2/REL/TGFBR3/SMAD3,down,FALSE
WP_NUCLEOTIDE_EXCISION_REPAIR_IN_XERODERMA_PIGMENTOSUM,WP_NUCLEOTIDE_EXCISION_REPAIR_IN_XERODERMA_PIGMENTOSUM,WikiPathways,Treg,SF_vs_PB_Treg,0.818015998,0.221875556,0.792589079,0.877847665,58,21,ERCC1/RBX1/DDB2/RAD23A/SLX4/RFC2/GTF2H5/POLD3/POLK/CHD1L/HMGN1/MNAT1/RPA3/LIG3/PCNA/DDB1/POLD2/POLE2/CETN2/CDK7/POLE,up,FALSE
WP_CEREBRAL_ORGANIC_ACIDURIAS_INCLUDING_DISEASES,WP_CEREBRAL_ORGANIC_ACIDURIAS_INCLUDING_DISEASES,WikiPathways,Treg,SF_vs_PB_Treg,-0.734716271,-0.333276765,0.796555678,0.88107087,7,4,GCDH/D2HGDH/L2HGDH/ADHFE1,down,FALSE
WP_FAMILIAL_HYPERLIPIDEMIA_TYPE_4,WP_FAMILIAL_HYPERLIPIDEMIA_TYPE_4,WikiPathways,Treg,SF_vs_PB_Treg,0.740849332,0.298921108,0.798930564,0.882527272,11,3,LDLR/DGAT2/FAS,up,FALSE
WP_GENES_TARGETED_BY_MIRNAS_IN_ADIPOCYTES,WP_GENES_TARGETED_BY_MIRNAS_IN_ADIPOCYTES,WikiPathways,Treg,SF_vs_PB_Treg,-0.729469957,-0.330896969,0.802903715,0.885314688,7,4,PTBP2/KCNQ1/HCN2/HDAC4,down,FALSE
WP_SUPPRESSION_OF_HMGB1MEDIATED_INFLAMMATION_BY_THBD,WP_SUPPRESSION_OF_HMGB1MEDIATED_INFLAMMATION_BY_THBD,WikiPathways,Treg,SF_vs_PB_Treg,0.726359357,0.320803229,0.803577001,0.885314688,8,2,NFKBIA/IKBKG,up,FALSE
WP_NANOPARTICLE_TRIGGERED_AUTOPHAGIC_CELL_DEATH,WP_NANOPARTICLE_TRIGGERED_AUTOPHAGIC_CELL_DEATH,WikiPathways,Treg,SF_vs_PB_Treg,-0.767405263,-0.251671495,0.806713137,0.887597303,21,7,ULK2/TSC1/UVRAG/TSC2/ATG9B/ATG14/AMBRA1,down,FALSE
WP_MICRORNAS_IN_CARDIOMYOCYTE_HYPERTROPHY,WP_MICRORNAS_IN_CARDIOMYOCYTE_HYPERTROPHY,WikiPathways,Treg,SF_vs_PB_Treg,0.80488067,0.216906814,0.816187303,0.894056809,60,6,TNF/CISH/STAT3/RHOA/HDAC9/CTNNB1,up,FALSE
WP_GANGLIO_SPHINGOLIPID_METABOLISM,WP_GANGLIO_SPHINGOLIPID_METABOLISM,WikiPathways,Treg,SF_vs_PB_Treg,-0.717068507,-0.325271512,0.817504198,0.894056809,7,4,ST8SIA1/ST3GAL1/ST3GAL2/SLC33A1,down,FALSE
WP_1Q211_COPY_NUMBER_VARIATION_SYNDROME,WP_1Q211_COPY_NUMBER_VARIATION_SYNDROME,WikiPathways,Treg,SF_vs_PB_Treg,-0.745369067,-0.263594119,0.818060752,0.894056809,16,7,PRKAG2/NBPF12/PYGO2/OCLN/FMO5/BCL9/TJP3,down,FALSE
WP_SMITHMAGENIS_AND_POTOCKILUPSKI_SYNDROME_COPY_NUMBER_VARIATION,WP_SMITHMAGENIS_AND_POTOCKILUPSKI_SYNDROME_COPY_NUMBER_VARIATION,WikiPathways,Treg,SF_vs_PB_Treg,0.839837114,0.200230405,0.818492412,0.894056809,125,31,TNF/ARG2/STAT3/NR1H2/FHOD1/RHOA/LDHA/TNFRSF13B/RAB10/LIMK1/PRKCI/PRDM1/TFE3/SREBF1/PRKAB1/CLTC/IFT27/RASD1/TOLLIP/IQCG/RNF41/MAEA/COPS7A/TFEB/ROCK1/COPS6/PEMT/RRAGA/MYD88/WDR41/COPS8,up,FALSE
WP_NUCLEOTIDE_EXCISION_REPAIR,WP_NUCLEOTIDE_EXCISION_REPAIR,WikiPathways,Treg,SF_vs_PB_Treg,0.788274115,0.225926125,0.818646805,0.894056809,44,18,ERCC1/RBX1/DDB2/RAD23A/RFC2/GTF2H5/POLD3/MNAT1/RPA3/PCNA/DDB1/POLD2/POLE2/CETN2/CDK7/POLE/POLE4/GTF2H3,up,FALSE
WP_TRANSSULFURATION_PATHWAY,WP_TRANSSULFURATION_PATHWAY,WikiPathways,Treg,SF_vs_PB_Treg,-0.721675317,-0.302164029,0.81901607,0.894056809,9,6,AHCY/MAT2B/MTR/DNMT1/CTH/CSAD,down,FALSE
WP_EPO_RECEPTOR_SIGNALING,WP_EPO_RECEPTOR_SIGNALING,WikiPathways,Treg,SF_vs_PB_Treg,0.753030837,0.247018038,0.822133209,0.896286401,24,6,CISH/STAT3/AKT1/SOCS1/PTPRC/SRC,up,FALSE
WP_ENERGY_METABOLISM,WP_ENERGY_METABOLISM,WikiPathways,Treg,SF_vs_PB_Treg,0.780545364,0.225821951,0.825535432,0.898820562,42,9,UCP3/RXRA/PPARG/PRMT1/FOXO1/PRKAB1/NCOA1/UCP2/MEF2D,up,FALSE
WP_AGERELATED_MACULAR_DEGENERATION,WP_AGERELATED_MACULAR_DEGENERATION,WikiPathways,Treg,SF_vs_PB_Treg,-0.730101694,-0.268029066,0.828466464,0.900835764,14,5,MTOR/PRKAG2/SIRT1/MAPK3/RPTOR,down,FALSE
WP_SULFATASE_AND_AROMATASE_PATHWAY,WP_SULFATASE_AND_AROMATASE_PATHWAY,WikiPathways,Treg,SF_vs_PB_Treg,-0.697613985,-0.351720526,0.831986946,0.903485824,5,3,HSD17B1/ESR1/SLCO1A2,down,FALSE
WP_PILOCYTIC_ASTROCYTOMA,WP_PILOCYTIC_ASTROCYTOMA,WikiPathways,Treg,SF_vs_PB_Treg,0.704256774,0.300935526,0.834225015,0.904738183,9,4,KRAS/NRAS/PTPN11/HRAS,up,FALSE
WP_HIPPOYAP_SIGNALING,WP_HIPPOYAP_SIGNALING,WikiPathways,Treg,SF_vs_PB_Treg,0.72538511,0.25949951,0.837927191,0.90697134,17,5,STK3/NDRG1/NF2/LATS2/CXCL10,up,FALSE
WP_MAPK_PATHWAY_IN_CONGENITAL_THYROID_CANCER,WP_MAPK_PATHWAY_IN_CONGENITAL_THYROID_CANCER,WikiPathways,Treg,SF_vs_PB_Treg,-0.72145667,-0.264855374,0.838459116,0.90697134,14,3,MAPK3/SOS1/MYC,down,FALSE
WP_EFFECT_OF_DASATINIB_ON_THE_BCRABL_SIGNALING_PATHWAY,WP_EFFECT_OF_DASATINIB_ON_THE_BCRABL_SIGNALING_PATHWAY,WikiPathways,Treg,SF_vs_PB_Treg,-0.779473652,-0.218243787,0.840458905,0.907139852,40,8,PXN/INPP5D/MAPK3/RPS6KA1/SOS1/PIK3R1/BCL9/EIF4B,down,FALSE
WP_FAMILIAL_HYPERLIPIDEMIA_TYPE_5,WP_FAMILIAL_HYPERLIPIDEMIA_TYPE_5,WikiPathways,Treg,SF_vs_PB_Treg,0.692533455,0.305863711,0.840790295,0.907139852,8,1,LDLR,up,FALSE
WP_SEROTONIN_AND_ANXIETYRELATED_EVENTS,WP_SEROTONIN_AND_ANXIETYRELATED_EVENTS,WikiPathways,Treg,SF_vs_PB_Treg,-0.680029691,-0.342854939,0.850258869,0.915503048,5,2,CRHR1/PRKCB,down,FALSE
WP_CELLTYPE_DEPENDENT_SELECTIVITY_OF_CCK2R_SIGNALING,WP_CELLTYPE_DEPENDENT_SELECTIVITY_OF_CCK2R_SIGNALING,WikiPathways,Treg,SF_vs_PB_Treg,0.683001478,0.301653827,0.850737244,0.915503048,8,3,RYR1/ITPR1/DAGLA,up,FALSE
WP_ATR_SIGNALING,WP_ATR_SIGNALING,WikiPathways,Treg,SF_vs_PB_Treg,-0.69471901,-0.281927053,0.852647943,0.915976547,10,7,TOPBP1/RPA1/HUS1/RPA2/RAD9A/ATRIP/ATR,down,FALSE
WP_MITOCHONDRIAL_COMPLEX_III_ASSEMBLY,WP_MITOCHONDRIAL_COMPLEX_III_ASSEMBLY,WikiPathways,Treg,SF_vs_PB_Treg,-0.707690782,-0.259801752,0.853783982,0.915976547,14,3,UQCRC2/LYRM7/TTC19,down,FALSE
WP_16P112_PROXIMAL_DELETION_SYNDROME,WP_16P112_PROXIMAL_DELETION_SYNDROME,WikiPathways,Treg,SF_vs_PB_Treg,-0.795335761,-0.204294854,0.855264995,0.915976547,60,21,PPP4R2/PAXIP1/CCT6B/PPP4C/KMT2D/PTEN/ESR1/NFKB1/HIRA/SIAH1/CDIPT/TRAF6/MAPK3/SPN/GDPD3/REL/YPEL3/IGBP1/TP53/C16orf54/MAP2K6,down,FALSE
WP_NF1_COPY_NUMBER_VARIATION_SYNDROME,WP_NF1_COPY_NUMBER_VARIATION_SYNDROME,WikiPathways,Treg,SF_vs_PB_Treg,-0.800386912,-0.201795279,0.855570419,0.915976547,66,9,MAPK3/EIF3A/ATR/EXOC4/SOS1/NF1/EVI2B/EVL/MAP3K1,down,FALSE
WP_SARSCOV2_B117_VARIANT_ANTAGONISES_INNATE_IMMUNE_ACTIVATION,WP_SARSCOV2_B117_VARIANT_ANTAGONISES_INNATE_IMMUNE_ACTIVATION,WikiPathways,Treg,SF_vs_PB_Treg,-0.673588279,-0.320687112,0.859759821,0.918175386,6,3,MAVS/TRAF6/IRF3,down,FALSE
WP_BARDETBIEDL_SYNDROME,WP_BARDETBIEDL_SYNDROME,WikiPathways,Treg,SF_vs_PB_Treg,0.782295133,0.20727525,0.859826111,0.918175386,66,20,ARL3/BBS12/WDR35/TMEM67/IFT27/GPR161/TMEM107/ARL13B/MAK/EVC/BBS7/TMEM216/RP2/MKKS/IFT122/ARL6/IFT81/BBS4/DYNC2H1/IFT43,up,FALSE
WP_AUTOSOMAL_RECESSIVE_OSTEOPETROSIS_PATHWAYS,WP_AUTOSOMAL_RECESSIVE_OSTEOPETROSIS_PATHWAYS,WikiPathways,Treg,SF_vs_PB_Treg,0.683854029,0.275924396,0.861977106,0.919295276,11,3,TCIRG1/SNX10/RAB7A,up,FALSE
WP_GABA_RECEPTOR_SIGNALING,WP_GABA_RECEPTOR_SIGNALING,WikiPathways,Treg,SF_vs_PB_Treg,0.680902726,0.274733592,0.865258769,0.92161662,11,1,AP2B1,up,FALSE
WP_REGULATION_OF_WNT_BCATENIN_SIGNALING_BY_SMALL_MOLECULE_COMPOUNDS,WP_REGULATION_OF_WNT_BCATENIN_SIGNALING_BY_SMALL_MOLECULE_COMPOUNDS,WikiPathways,Treg,SF_vs_PB_Treg,-0.682494667,-0.26892391,0.870391502,0.925901164,11,4,TNKS/AXIN1/GSK3B/LEF1,down,FALSE
WP_ALPHA_6_BETA_4_SIGNALING,WP_ALPHA_6_BETA_4_SIGNALING,WikiPathways,Treg,SF_vs_PB_Treg,0.713467902,0.231980878,0.87311864,0.92736154,25,9,RHOA/EIF4EBP1/PRKCD/AKT1/LAMB3/PTPN11/HRAS/SRC/LAMA5,up,FALSE
WP_REGUCALCIN_IN_PROXIMAL_TUBULE_EPITHELIAL_KIDNEY_CELLS,WP_REGUCALCIN_IN_PROXIMAL_TUBULE_EPITHELIAL_KIDNEY_CELLS,WikiPathways,Treg,SF_vs_PB_Treg,0.712585642,0.231694015,0.874104668,0.92736154,25,9,CASP9/AKT1/TGFBR1/APAF1/CASP3/ACTA2/BAK1/FFAR3/TNFSF11,up,FALSE
WP_NODLIKE_RECEPTOR_NLR_SIGNALING,WP_NODLIKE_RECEPTOR_NLR_SIGNALING,WikiPathways,Treg,SF_vs_PB_Treg,0.654560201,0.300087914,0.875100158,0.92736154,7,2,MAPK8/IKBKG,up,FALSE
WP_LEUCINE_ISOLEUCINE_AND_VALINE_METABOLISM,WP_LEUCINE_ISOLEUCINE_AND_VALINE_METABOLISM,WikiPathways,Treg,SF_vs_PB_Treg,0.704421445,0.23636134,0.877613673,0.928844928,22,4,BCAT1/ECHS1/HSD17B10/BCAT2,up,FALSE
WP_CYTOSINE_METHYLATION,WP_CYTOSINE_METHYLATION,WikiPathways,Treg,SF_vs_PB_Treg,-0.659342133,-0.286637084,0.879460713,0.929620069,8,3,DNMT1/MECP2/TET1,down,FALSE
WP_VALPROIC_ACID_PATHWAY,WP_VALPROIC_ACID_PATHWAY,WikiPathways,Treg,SF_vs_PB_Treg,-0.656165972,-0.285256306,0.882579877,0.930528424,8,3,HDAC1/IVD/ACADSB,down,FALSE
WP_EMBRYONIC_STEM_CELL_PLURIPOTENCY_PATHWAYS,WP_EMBRYONIC_STEM_CELL_PLURIPOTENCY_PATHWAYS,WikiPathways,Treg,SF_vs_PB_Treg,0.752731379,0.206968204,0.88263143,0.930528424,54,22,STAT3/PDGFA/CTNNB1/FOS/LIF/ELK1/AKT1/DVL3/PTPN11/WNT10A/HRAS/MAPK6/SMAD7/MAPK7/MDM2/ARAF/FGFR1/FZD6/GRB2/AKT3/MAP2K1/MAP2K3,up,FALSE
WP_KLEEFSTRA_SYNDROME,WP_KLEEFSTRA_SYNDROME,WikiPathways,Treg,SF_vs_PB_Treg,0.703518496,0.228745873,0.883667281,0.930528424,25,4,RXRA/DPY30/ACTL6A/SMARCB1,up,FALSE
WP_HISTONE_MODIFICATIONS,WP_HISTONE_MODIFICATIONS,WikiPathways,Treg,SF_vs_PB_Treg,-0.726932451,-0.20997538,0.894579448,0.940831348,35,16,PRDM2/KMT2C/EHMT1/SETD6/SETD1A/SETDB2/ASH1L/KMT2D/NSD1/SETDB1/KMT2A/SETD5/EZH1/SETD2/EHMT2/SMYD4,down,FALSE
WP_NFKB_SIGNALING_AND_ARTD_FAMILY_MEMBERS,WP_NFKB_SIGNALING_AND_ARTD_FAMILY_MEMBERS,WikiPathways,Treg,SF_vs_PB_Treg,-0.697834654,-0.221196288,0.89986401,0.94519721,24,8,TIPARP/MAVS/CUL1/PARP16/CREBBP/GSK3B/ZC3HAV1/ERN1,down,FALSE
WP_ANDROGEN_RECEPTOR_NETWORK_IN_PROSTATE_CANCER,WP_ANDROGEN_RECEPTOR_NETWORK_IN_PROSTATE_CANCER,WikiPathways,Treg,SF_vs_PB_Treg,0.77313093,0.193373913,0.901187317,0.945229445,92,18,CDKN1A/STAT3/RHEB/EIF4EBP1/RAP1B/FOS/CASP9/BAD/MAPK8/ELK1/NDRG1/AKT1/ACTL6A/RAD50/RAPGEF1/PTPN11/HRAS/PAK1,up,FALSE
WP_FAMILIAL_HYPERLIPIDEMIA_TYPE_1,WP_FAMILIAL_HYPERLIPIDEMIA_TYPE_1,WikiPathways,Treg,SF_vs_PB_Treg,0.635482914,0.27154781,0.902161437,0.945229445,9,4,LDLR/ANGPTL4/PLTP/SEL1L,up,FALSE
WP_GANGLIO_SERIES_SPHINGOLIPID_METABOLISM,WP_GANGLIO_SERIES_SPHINGOLIPID_METABOLISM,WikiPathways,Treg,SF_vs_PB_Treg,0.630515197,0.261152656,0.908901211,0.950147372,10,2,HEXB/B3GALT4,up,FALSE
WP_APOE_AND_MIR146_IN_INFLAMMATION_AND_ATHEROSCLEROSIS,WP_APOE_AND_MIR146_IN_INFLAMMATION_AND_ATHEROSCLEROSIS,WikiPathways,Treg,SF_vs_PB_Treg,-0.625970757,-0.272129481,0.909133816,0.950147372,8,2,TRAF6/MIR146A,down,FALSE
WP_MRNA_VACCINE_ACTIVATION_OF_DENDRITIC_CELL_AND_INDUCTION_OF_IFN1,WP_MRNA_VACCINE_ACTIVATION_OF_DENDRITIC_CELL_AND_INDUCTION_OF_IFN1,WikiPathways,Treg,SF_vs_PB_Treg,0.600616869,0.275357199,0.921847212,0.962228504,7,5,IRF7/IFIH1/TLR3/TNFRSF11A/MR1,up,FALSE
WP_SLEEP_REGULATION,WP_SLEEP_REGULATION,WikiPathways,Treg,SF_vs_PB_Treg,-0.62944863,-0.226519243,0.92948327,0.967875301,15,6,BTBD9/UTS2/OXT/PTGDS/PER3/ADA,down,FALSE
WP_INHIBITION_OF_GNAQREGULATED_SIGNALING_IN_UVEAL_MELANOMA,WP_INHIBITION_OF_GNAQREGULATED_SIGNALING_IN_UVEAL_MELANOMA,WikiPathways,Treg,SF_vs_PB_Treg,-0.669069848,-0.207893739,0.929578076,0.967875301,26,9,PKN2/MTOR/PIK3CD/PLCB1/TSC1/TSC2/GNAQ/PIK3R1/TRIO,down,FALSE
WP_HINT1_PATHWAY,WP_HINT1_PATHWAY,WikiPathways,Treg,SF_vs_PB_Treg,0.644932579,0.216400466,0.931637371,0.968809935,22,4,CTNNB1/FOS/TCF4/GTF2H5,up,FALSE
WP_PREIMPLANTATION_EMBRYO,WP_PREIMPLANTATION_EMBRYO,WikiPathways,Treg,SF_vs_PB_Treg,-0.668010003,-0.205623247,0.932982174,0.969000165,27,10,GATA3/KHSRP/MTA3/TCF7L1/ZFP36L2/MXD1/HMGA1/AQP3/MYBL1/NR3C2,down,FALSE
WP_10Q1121Q1123_COPY_NUMBER_VARIATION_SYNDROME,WP_10Q1121Q1123_COPY_NUMBER_VARIATION_SYNDROME,WikiPathways,Treg,SF_vs_PB_Treg,-0.687729461,-0.190545919,0.944820277,0.976131355,42,3,CLOCK/NOG/RGMB,down,FALSE
WP_HEDGEHOG_SIGNALING_WP4249,WP_HEDGEHOG_SIGNALING_WP4249,WikiPathways,Treg,SF_vs_PB_Treg,0.634211467,0.204178589,0.9448203,0.976131355,26,9,CCND2/KIF3A/GPR161/EVC/PRKACA/ARRB1/CSNK1D/CCND1/SPOPL,up,FALSE
WP_FACT_COMPLEX_AND_DNA_DOUBLESTRAND_BREAK_REPAIR,WP_FACT_COMPLEX_AND_DNA_DOUBLESTRAND_BREAK_REPAIR,WikiPathways,Treg,SF_vs_PB_Treg,-0.611035913,-0.216088218,0.945187816,0.976131355,16,4,NAP1L1/RNF168/SETD2/ATM,down,FALSE
WP_22Q112_COPY_NUMBER_VARIATION_SYNDROME,WP_22Q112_COPY_NUMBER_VARIATION_SYNDROME,WikiPathways,Treg,SF_vs_PB_Treg,-0.726863664,-0.181522741,0.945642958,0.976131355,69,13,ZNF74/NPRL3/DGCR2/TANGO2/ALDH4A1/CLDN5/RTN4/MED15/KLHL22/RCC1/MALT1/DGCR6L/TP53,down,FALSE
WP_KALLMANN_SYNDROME,WP_KALLMANN_SYNDROME,WikiPathways,Treg,SF_vs_PB_Treg,0.591847853,0.228019924,0.945700401,0.976131355,13,6,MYRF/AKT1/PTPN11/PLXND1/FGFR1/GRB2,up,FALSE
WP_SARS_CORONAVIRUS_AND_INNATE_IMMUNITY,WP_SARS_CORONAVIRUS_AND_INNATE_IMMUNITY,WikiPathways,Treg,SF_vs_PB_Treg,0.596268258,0.220831924,0.948410958,0.977719084,15,4,TRAF3/TBK1/TICAM1/IFIH1,up,FALSE
WP_GLYCINE_METABOLISM_INCLUDING_IMDS,WP_GLYCINE_METABOLISM_INCLUDING_IMDS,WikiPathways,Treg,SF_vs_PB_Treg,0.591418838,0.219035909,0.951308791,0.979458695,15,6,BOLA3/NFU1/HSCB/ISCU/GCSH/DLD,up,FALSE
WP_PRIMARY_OVARIAN_INSUFFICIENCY,WP_PRIMARY_OVARIAN_INSUFFICIENCY,WikiPathways,Treg,SF_vs_PB_Treg,0.719793949,0.180650907,0.954399224,0.979458695,90,10,LMNA/PGRMC1/TP63/FANCL/MGME1/PRDM1/NBN/EIF2B4/NOTCH2/SLX4,up,FALSE
WP_RELATIONSHIP_BETWEEN_INFLAMMATION_COX2_AND_EGFR,WP_RELATIONSHIP_BETWEEN_INFLAMMATION_COX2_AND_EGFR,WikiPathways,Treg,SF_vs_PB_Treg,-0.600959284,-0.205885057,0.955791448,0.979458695,18,5,PIK3CD/ESR1/BRAF/MAPK3/PTGER2,down,FALSE
WP_ANDROGEN_BIOSYNTHESIS,WP_ANDROGEN_BIOSYNTHESIS,WikiPathways,Treg,SF_vs_PB_Treg,0.545630409,0.261570601,0.955810662,0.979458695,6,3,SRD5A1/POR/HSD11B1,up,FALSE
WP_TESSADORIBICKNELLVAN_HAAFTEN_SYNDROME_3_OVERVIEW_PATHWAY,WP_TESSADORIBICKNELLVAN_HAAFTEN_SYNDROME_3_OVERVIEW_PATHWAY,WikiPathways,Treg,SF_vs_PB_Treg,-0.550340671,-0.262010439,0.957052717,0.979458695,6,3,TBP/MED23/TAF8,down,FALSE
WP_PRADERWILLI_AND_ANGELMAN_SYNDROME,WP_PRADERWILLI_AND_ANGELMAN_SYNDROME,WikiPathways,Treg,SF_vs_PB_Treg,-0.716815192,-0.178210048,0.957144888,0.979458695,71,21,ATP10A/GNRH1/SNURF/TUBGCP6/TUBGCP2/AHCTF1/PRKCZ/OXT/NUP133/TUBGCP4/RANBP2/NUP43/POM121/NUP210/RB1/SNRPN/TPR/NUP88/HERC2/TP53/MDM4,down,FALSE
WP_SPLICING_FACTOR_NOVA_REGULATED_SYNAPTIC_PROTEINS,WP_SPLICING_FACTOR_NOVA_REGULATED_SYNAPTIC_PROTEINS,WikiPathways,Treg,SF_vs_PB_Treg,0.610055383,0.198356763,0.959014716,0.980169452,25,3,APLP2/EFNA5/MAP4,up,FALSE
WP_EUKARYOTIC_TRANSCRIPTION_INITIATION,WP_EUKARYOTIC_TRANSCRIPTION_INITIATION,WikiPathways,Treg,SF_vs_PB_Treg,0.645962516,0.186885378,0.962753342,0.981749725,42,11,ILK/POLR2K/TAF13/POLR3K/POLR2E/POLR2G/POLR1A/POLR3H/MNAT1/POLR2I/GTF2A2,up,FALSE
WP_S1P_RECEPTOR_SIGNAL_TRANSDUCTION,WP_S1P_RECEPTOR_SIGNAL_TRANSDUCTION,WikiPathways,Treg,SF_vs_PB_Treg,0.588380785,0.199599196,0.963055249,0.981749725,21,6,GNAI3/AKT1/MAPK6/RACGAP1/MAPK7/SPHK1,up,FALSE
WP_TARGETED_THERAPY_IN_BREAST_CANCER,WP_TARGETED_THERAPY_IN_BREAST_CANCER,WikiPathways,Treg,SF_vs_PB_Treg,0.58846749,0.197454188,0.964920162,0.981749725,22,7,KRAS/NRAS/AKT1/HRAS/ERBB3/PIK3R6/AKT3,up,FALSE
WP_RETT_SYNDROME,WP_RETT_SYNDROME,WikiPathways,Treg,SF_vs_PB_Treg,-0.63403355,-0.185681205,0.965269514,0.981749725,33,13,SCN8A/SYNGAP1/XAB2/CDKL5/GPS2/BRAF/HDAC1/MEF2C/IMPDH2/MECP2/TRRAP/HDAC5/HIVEP2,down,FALSE
WP_ATM_SIGNALING_IN_DEVELOPMENT_AND_DISEASE,WP_ATM_SIGNALING_IN_DEVELOPMENT_AND_DISEASE,WikiPathways,Treg,SF_vs_PB_Treg,-0.656460737,-0.178250101,0.970248084,0.98561133,46,11,NFKB1/RNF168/NHEJ1/TSC2/CEP63/PPM1D/HDAC4/RNF20/ATR/TP53/ATM,down,FALSE
WP_TRANSCRIPTION_ACTIVATION_RNAPOLYMERASE_I_AND_KAT2AB_AND_INHIBITION_NURD_COMPLEX,WP_TRANSCRIPTION_ACTIVATION_RNAPOLYMERASE_I_AND_KAT2AB_AND_INHIBITION_NURD_COMPLEX,WikiPathways,Treg,SF_vs_PB_Treg,0.608892087,0.179951355,0.975497121,0.989737954,38,1,KAT2B,up,FALSE
WP_DISORDERS_OF_MITOCHONDRIAL_HOMEOSTATIS_DYNAMICS_PROTEIN_IMPORT_AND_QUALITY_CONTROL,WP_DISORDERS_OF_MITOCHONDRIAL_HOMEOSTATIS_DYNAMICS_PROTEIN_IMPORT_AND_QUALITY_CONTROL,WikiPathways,Treg,SF_vs_PB_Treg,0.635896322,0.174216893,0.978537291,0.991616161,55,18,HSPA9/PYCR1/HTRA2/VCP/DNM1L/PITRM1/PAM16/TIMM50/TMEM126A/COQ3/SFXN4/TXN2/MICU1/HSPD1/TIMM8A/STAT2/USP9X/NPLOC4,up,FALSE
WP_PENTOSE_PHOSPHATE_METABOLISM,WP_PENTOSE_PHOSPHATE_METABOLISM,WikiPathways,Treg,SF_vs_PB_Treg,0.481680471,0.220829937,0.985538119,0.997498533,7,1,PGD,up,FALSE
WP_DNA_REPLICATION,WP_DNA_REPLICATION,WikiPathways,Treg,SF_vs_PB_Treg,0.570784916,0.165983654,0.989055891,0.998548047,41,23,UBC/RFC2/MCM6/POLD3/CDK2/RPA3/PCNA/POLD2/POLE2/MCM3/POLE/MCM2/CDC45/ORC1/GMNN/RFC4/MCM10/CDC6/ORC6/POLA2/MCM7/MCM5/MCM4,up,FALSE
WP_16P122_COPY_NUMBER_VARIATION_SYNDROME_520KB,WP_16P122_COPY_NUMBER_VARIATION_SYNDROME_520KB,WikiPathways,Treg,SF_vs_PB_Treg,-0.596461395,-0.161958359,0.98961404100000006,0.998548047,46,12,MTOR/NDUFV1/PRKAG2/MAPK14/CDR2/TRPM7/UQCRC2/MAPK3/RPS6KA1/RPTOR/SDR42E2/EEF2,down,FALSE
WP_CILIOPATHIES,WP_CILIOPATHIES,WikiPathways,Treg,SF_vs_PB_Treg,0.674288773,0.160761071,0.991325981,0.998548047,125,35,ARL3/BBS12/NME7/AHI1/SPAG1/WDR35/TMEM67/ARL2BP/IFT27/B9D2/UNC119/GPR161/TMEM107/ARL13B/MAK/EVC/BBS7/TMEM216/RP2/MKKS/RSPH9/TMEM237/POMGNT1/IFT122/CCDC40/POC1B/ARL6/KIAA0753/IFT81/BBS4/TCTN2/DYNC2H1/GALNT11/RAB28/IFT43,up,FALSE
WP_DNA_IRDAMAGE_AND_CELLULAR_RESPONSE_VIA_ATR,WP_DNA_IRDAMAGE_AND_CELLULAR_RESPONSE_VIA_ATR,WikiPathways,Treg,SF_vs_PB_Treg,-0.647901804,-0.158268426,0.991475785,0.998548047,78,12,XPA/RAD52/RECQL5/POLN/ATRIP/PPM1D/ATR/MCPH1/HERC2/TP53/CEP164/ATM,down,FALSE
WP_COHESIN_COMPLEX_CORNELIA_DE_LANGE_SYNDROME,WP_COHESIN_COMPLEX_CORNELIA_DE_LANGE_SYNDROME,WikiPathways,Treg,SF_vs_PB_Treg,-0.532653458,-0.159683113,0.992561548,0.998548047,30,5,STAG2/PPP2R5E/MAU2/NIPBL/PPP2R5C,down,FALSE
WP_DEVELOPMENT_OF_URETERIC_DERIVED_COLLECTING_SYSTEM,WP_DEVELOPMENT_OF_URETERIC_DERIVED_COLLECTING_SYSTEM,WikiPathways,Treg,SF_vs_PB_Treg,0.451331876,0.173883642,0.994564278,0.998755049,13,1,CRIM1,up,FALSE
WP_MRNA_PROCESSING,WP_MRNA_PROCESSING,WikiPathways,Treg,SF_vs_PB_Treg,-0.670236828,-0.151541652,0.995671429,0.998755049,122,40,SFPQ/PRPF3/CPSF4/PRPF18/METTL3/CLK4/DDX20/HNRNPL/DHX8/HNRNPA1/SRSF1/DICER1/NXF1/PRPF6/CLASRP/SNRNP70/CLK1/CSTF3/FUS/SFSWAP/RNMT/SF3A2/SNRPD2/SUGP2/U2AF2/RBM39/PABPN1/SRSF10/RBMX/SNRPA/SF3A1/SRPK2/YBX1/SRSF5/HNRNPH1/SNRPN/CELF1/RBM5/CLK3/CELF2,down,FALSE
WP_RNAPOLYMERASE_II_TRANSCRIPTION_THE_PREINITIATION_COMPLEX,WP_RNAPOLYMERASE_II_TRANSCRIPTION_THE_PREINITIATION_COMPLEX,WikiPathways,Treg,SF_vs_PB_Treg,0.580524378,0.152630339,0.996698064,0.998755049,69,11,POLR2K/MED31/NELFE/MED7/TAF13/ELK1/POLR2L/POLR2E/MED8/MED20/MED11,up,FALSE
WP_HEDGEHOG_SIGNALING_WP47,WP_HEDGEHOG_SIGNALING_WP47,WikiPathways,Treg,SF_vs_PB_Treg,-0.415647465,-0.197884657,0.997557501,0.998755049,6,3,PTCH1/SUFU/PTCH2,down,FALSE
WP_DNA_REPAIR_PATHWAYS_FULL_NETWORK,WP_DNA_REPAIR_PATHWAYS_FULL_NETWORK,WikiPathways,Treg,SF_vs_PB_Treg,0.47560113,0.114976456,0.999983286,0.999983286,114,42,ERCC1/FANCL/RBX1/DDB2/NBN/RAD23A/RAD50/RFC2/MLH1/GTF2H5/TDG/OGG1/UNG/POLD3/POLK/SMUG1/XRCC6/PNKP/MNAT1/PALB2/RPA3/LIG3/NEIL2/FANCA/PCNA/DDB1/POLD2/PARP2/MPG/POLE2/CETN2/CDK7/FANCG/FEN1/POLE/APEX2/RAD51/PRKDC/BRCA2/FANCI/POLE4/GTF2H3,up,FALSE
