pathway_id,pathway_name,database,population,contrast,nes,enrichment_score,pvalue,padj,set_size,leading_edge_size,core_enrichment,direction,is_pooled_alias
GOMF_STRUCTURAL_CONSTITUENT_OF_RIBOSOME,GOMF_STRUCTURAL_CONSTITUENT_OF_RIBOSOME,GO_MF,CD8,SF_vs_PB_CD8,-3.36650469,-0.726979598,2.78250443e-38,3.84263862e-35,156,90,RPL26/MRPS30/MRPS35/MRPS9/MRPL10/RPL36A/MRPL34/MRPS33/RSL24D1/FAU/MRPS31/RPL17/RPS10/MRPS18B/MRPS2/RPL28/RPLP1/RPL41/RPL22L1/RPL24/DAP3/RPS4Y1/RPS19/MRPL45/RPL14/RPL10/RPL7A/RPS15A/RPS2/RPS27/RPL37A/RPL35A/RPS24/RPS15/RPS25/RPS27A/RPL38/RPS21/RPL35/RPL23A/RPS7/RPL12/RPL30/RPL36/RPL8/UBA52/RPL23/RPS9/RPL18/RPS28/RPS14/RPS16/RPL15/RPLP0/RPL27A/RPL11/RPS20/RPS11/RPL27/RPL39/RPS3/RPS4X/RPL31/RPL34/RPS23/RPL6/RPL13/RPL9/RPL13A/RPL19/RPSA/RPL18A/RPL29/RPL21/RPS5/RPS12/RPL4/RPLP2/RPL37/RPL32/RPL10A/RPL5/RPS8/RPS18/RPS6/RPL7/RPL22/RPS13/RPL3/RPS3A,down,FALSE
GOMF_RRNA_BINDING,GOMF_RRNA_BINDING,GO_MF,CD8,SF_vs_PB_CD8,-2.5634873,-0.646742493,7.88392863e-11,5.44385272e-8,62,34,EMG1/MRPL20/CIRBP/MRPL11/RPF2/DDX28/DDX21/UTP23/BRIX1/IMP3/GTPBP10/RPUSD4/DDX55/MRPS27/RPS4Y1/NPM1/RRS1/RPL23A/RPL12/RPL8/RPL23/RPS9/RPLP0/RPL11/EEF2/RPS11/RPS3/RPS4X/RPL9/RPS5/RPL37/RPL5/RPS18/RPS13,down,FALSE
GOMF_MHC_CLASS_II_PROTEIN_COMPLEX_BINDING,GOMF_MHC_CLASS_II_PROTEIN_COMPLEX_BINDING,GO_MF,CD8,SF_vs_PB_CD8,2.46436401,0.811457328,3.72878335e-9,1.71648327e-6,25,15,CD74/HLA-DQA2/HLA-DQB2/ATP1B1/HLA-DMA/PKM/HLA-DRA/HLA-DMB/HLA-DRB5/HLA-DRB1/HLA-DQA1/HLA-DPA1/HLA-DQB1/HLA-DPB1/CD81,up,FALSE
GOMF_MICROTUBULE_BINDING,GOMF_MICROTUBULE_BINDING,GO_MF,CD8,SF_vs_PB_CD8,1.96724089,0.443441148,1.35029766e-8,4.66190267e-6,217,85,KATNAL1/MX1/KIF20B/MAP4/STARD9/EZR/TPPP/NDC80/TBCB/EML2/KIF3C/KIF11/RACGAP1/CCDC88B/KIFC1/RAB11A/SKA2/KIF1C/GAPDH/REEP4/KIF3A/ARL3/JAKMIP1/PRC1/DNM2/CCP110/SSNA1/CENPE/ENKD1/MAP1S/TUBA1A/CAMSAP1/KIF21A/MAP1A/CCDC88A/NUSAP1/KIFC2/PSRC1/MARK4/RCC2/GOLGA2/KIF18B/LUZP1/KIF18A/KIF23/BCL2L11/EML3/NDRG1/CENPF/JAKMIP2/KATNB1/KIF14/MAP7D3/GAS2L1/WDR90/NUMA1/MAST2/SNCA/SKA3/CDK5RAP2/KATNA1/KIF24/CKAP5/KIF5A/TUBGCP5/CLASP1/KIF21B/KIF5B/FMR1/PAFAH1B1/KIF3B/KIF1B/SPAG5/SKA1/FAM161A/KIF22/CCSER2/KNSTRN/GTSE1/KIF4A/DIAPH3/KIF13B/CLIP1/GAS2L3/STIM1,up,FALSE
GOMF_TUBULIN_BINDING,GOMF_TUBULIN_BINDING,GO_MF,CD8,SF_vs_PB_CD8,1.88339249,0.410503292,2.20891914e-8,6.10103466e-6,297,108,KATNAL1/MX1/KIF20B/MAP4/STARD9/EZR/TPPP/NDC80/TBCD/TBCB/EML2/PDCD5/KIF3C/KIF11/RACGAP1/CCDC88B/FAM110C/B9D2/KIFC1/RAB11A/SKA2/KIF1C/GAPDH/REEP4/KIF3A/ARL3/BRCA2/JAKMIP1/TRIM36/PRC1/DNM2/CCP110/SSNA1/CENPE/ENKD1/SYT11/MAP1S/TUBA1A/DAG1/CAMSAP1/KIF21A/MAP1A/CCDC88A/ARL8A/NUSAP1/HDGF/TAOK1/KIFC2/PSRC1/IFT81/MARK4/PDE4B/RCC2/GOLGA2/KIF18B/HTT/DIXDC1/LUZP1/SMC3/KIF18A/KIF23/BCL2L11/PAK1/EML3/NDRG1/CENPF/JAKMIP2/KATNB1/KIF14/MAP7D3/GABARAPL1/GAS2L1/WDR90/NUMA1/MAST2/SNCA/SKA3/CDK5RAP2/KATNA1/KIF24/CKAP5/GIT1/KIF5A/TUBGCP5/TTLL7/CLASP1/KIF21B/KIF5B/FMR1/PAFAH1B1/KIF3B/KIF1B/SPAG5/SKA1/FAM161A/TTLL4/KIF22/CCSER2/KNSTRN/GTSE1/KIF4A/TPPP3/BRCA1/DIAPH3/KIF13B/CLIP1/GAS2L3/STIM1,up,FALSE
GOMF_ACTIN_BINDING,GOMF_ACTIN_BINDING,GO_MF,CD8,SF_vs_PB_CD8,1.85366043,0.4051392,6.34861551e-8,1.46123967e-5,288,108,CAPG/YWHAH/MYO1C/ACTN4/PLEC/LSP1/MYO7A/EZR/FHOD1/IQGAP1/HIP1/TAGLN2/CCR5/MICAL1/NOD2/ANG/FMNL3/COTL1/PDLIM7/CTNNA1/CORO1B/MYO5A/RUSC1/FMNL1/VASH1/SPTBN5/CACNB2/PDLIM1/SYNE3/IQGAP3/GSN/CEACAM1/PARVG/DMTN/TWF2/FSCN1/TPM4/TTN/MYO18A/LASP1/S100A4/ANKRD35/ITGB1/MSRB1/MAP1S/PHPT1/DAG1/CAPZA2/PDLIM4/TLN1/TMOD3/MAP1A/CCDC88A/FLII/SSH1/HDGF/SNTB2/MICALL1/MYO9B/WIPF2/TMSB4X/EHBP1L1/WIPF1/MYH9/CORO2A/TRIOBP/PARVB/DIAPH1/CFL1/DIXDC1/LUZP1/KIF18A/MSN/CORO1C/EPS8L2/MTSS1/ANLN/GIPC1/CAP1/SYNE2/WASF2/INPPL1/IQGAP2/TPM3/MYO19/GAS2L1/CORO7/SNCA/TNNI2/SMTN/MYO9A/NEBL/ABL1/ARPC2/TMSB15A/KLHL2/CTNNAL1/EPB41L3/TNS4/AFAP1/ARPC4/STK38L/SNTA1/SPTAN1/DIAPH3/FRG1/MARCKS/GAS2L3,up,FALSE
GOMF_POLYPEPTIDE_CONFORMATION_OR_ASSEMBLY_ISOMERASE_ACTIVITY,GOMF_POLYPEPTIDE_CONFORMATION_OR_ASSEMBLY_ISOMERASE_ACTIVITY,GO_MF,CD8,SF_vs_PB_CD8,2.19083946,0.56700456,2.00512708e-7,3.95582928e-5,81,41,KATNAL1/MYO1C/KIF20B/MYL6/MYO7A/STARD9/KIF3C/KIF11/MYO5A/KIFC1/DYNLRB1/KIF1C/KIF3A/DYNC1I2/PSMC1/CENPE/DYNC2H1/KIF21A/PSMC3/KIFC2/MYO9B/DYNC1H1/MYH9/KIF18B/SMC3/KIF18A/KIF23/PSMC2/KIF14/MYO19/KATNA1/KIF24/KIF5A/KIF21B/KIF5B/KIF3B/KIF1B/MYO9A/KIF22/KIF4A/KIF13B,up,FALSE
GOMF_CYTOSKELETAL_MOTOR_ACTIVITY,GOMF_CYTOSKELETAL_MOTOR_ACTIVITY,GO_MF,CD8,SF_vs_PB_CD8,2.1716386,0.574790991,3.6020696e-7,6.21807264e-5,71,37,MYO1C/KIF20B/MYL6/MYO7A/STARD9/KIF3C/KIF11/MYO5A/KIFC1/DYNLRB1/KIF1C/KIF3A/DYNC1I2/CENPE/DYNC2H1/KIF21A/KIFC2/MYO9B/DYNC1H1/MYH9/KIF18B/PIN1/SMC3/KIF18A/KIF23/KIF14/MYO19/KIF24/KIF5A/KIF21B/KIF5B/KIF3B/KIF1B/MYO9A/KIF22/KIF4A/KIF13B,up,FALSE
GOMF_ACTIN_FILAMENT_BINDING,GOMF_ACTIN_FILAMENT_BINDING,GO_MF,CD8,SF_vs_PB_CD8,1.94239358,0.463961577,1.28348226e-6,1.96943222e-4,137,58,CAPG/MYO1C/ACTN4/PLEC/MYO7A/EZR/FHOD1/IQGAP1/HIP1/TAGLN2/MICAL1/FMNL3/COTL1/CTNNA1/CORO1B/MYO5A/FMNL1/SPTBN5/CACNB2/SYNE3/IQGAP3/GSN/DMTN/TWF2/FSCN1/TPM4/TTN/MYO18A/LASP1/MAP1S/PHPT1/CAPZA2/TLN1/FLII/MICALL1/MYO9B/EHBP1L1/MYH9/CORO2A/TRIOBP/CFL1/LUZP1/CORO1C/IQGAP2/TPM3/MYO19/GAS2L1/CORO7/MYO9A/NEBL/ABL1/ARPC2/CTNNAL1/ARPC4/SPTAN1/FRG1/MARCKS/GAS2L3,up,FALSE
GOMF_MHC_PROTEIN_COMPLEX_BINDING,GOMF_MHC_PROTEIN_COMPLEX_BINDING,GO_MF,CD8,SF_vs_PB_CD8,2.18930548,0.671183898,1.74987679e-6,2.41657984e-4,34,16,CD74/HLA-DQA2/HLA-DQB2/ATP1B1/HLA-DMA/PKM/HLA-DRA/HLA-DMB/HLA-DRB5/HLA-DRB1/HLA-DQA1/HLA-DPA1/HLA-DQB1/CD8A/HLA-DPB1/CD81,up,FALSE
GOMF_PEPTIDE_ANTIGEN_BINDING,GOMF_PEPTIDE_ANTIGEN_BINDING,GO_MF,CD8,SF_vs_PB_CD8,2.23520574,0.722671884,2.63075203e-6,3.30278959e-4,27,17,HLA-DQA2/HLA-DQB2/HLA-DMA/HLA-DRA/HLA-DMB/HLA-DRB5/HLA-DRB1/HLA-DQA1/HLA-DPA1/HLA-DQB1/HLA-DPB1/SLC7A5/TAP1/HLA-DOA/TAPBP/HLA-G/DHCR24,up,FALSE
GOMF_TRANSLATION_FACTOR_ACTIVITY,GOMF_TRANSLATION_FACTOR_ACTIVITY,GO_MF,CD8,SF_vs_PB_CD8,-2.08058044,-0.503187738,4.08682617e-6,4.70325578e-4,77,22,EIF1AX/MTRF1/TUFM/EEF1D/EIF4A1/EIF3G/EIF3D/EIF3K/EIF3M/EIF4A2/EEF1G/EIF3F/EIF3H/EIF2A/EEF2/EIF2D/EIF3E/EIF2S3/EIF4B/EEF1A1/EIF3L/EEF1B2,down,FALSE
GOMF_TRANSLATION_INITIATION_FACTOR_ACTIVITY,GOMF_TRANSLATION_INITIATION_FACTOR_ACTIVITY,GO_MF,CD8,SF_vs_PB_CD8,-2.16342697,-0.573371087,6.56337602e-6,6.97232484e-4,49,13,EIF3G/EIF3D/EIF3K/EIF3M/EIF4A2/EIF3F/EIF3H/EIF2A/EIF2D/EIF3E/EIF2S3/EIF4B/EIF3L,down,FALSE
GOMF_CALMODULIN_BINDING,GOMF_CALMODULIN_BINDING,GO_MF,CD8,SF_vs_PB_CD8,1.91094758,0.466018456,7.65648144e-6,7.55257205e-4,118,44,MYO1C/KCNN4/CAMK1/RGS16/MYO7A/ADCY3/ATP2B4/IQGAP1/RGS1/ATP2B1/AKAP5/RYR1/MYO5A/FAS/CAMKV/IQGAP3/PPP3CA/CEACAM1/FKBP8/CASK/MAPKAPK2/TTN/CAMSAP1/MAPKAPK3/AKT1/SNTB2/MYO9B/MYH9/GEM/ADORA2A/DAPK2/STRN4/PPP3CB/SLC8A1/PCYT1A/TPRG1L/PDE1B/CAMKK2/ASPM/IQGAP2/PPP3R1/CAMK1D/CDK5RAP2/CAMKK1,up,FALSE
GOMF_CYTIDINE_DEAMINASE_ACTIVITY,GOMF_CYTIDINE_DEAMINASE_ACTIVITY,GO_MF,CD8,SF_vs_PB_CD8,2.03364628,0.907647496,1.12749805e-5,0.00103804987,8,5,APOBEC3G/APOBEC3C/APOBEC3H/APOBEC3F/APOBEC3D,up,FALSE
GOMF_CCR1_CHEMOKINE_RECEPTOR_BINDING,GOMF_CCR1_CHEMOKINE_RECEPTOR_BINDING,GO_MF,CD8,SF_vs_PB_CD8,1.86158106,0.955118159,1.56288341e-5,0.00134896375,5,4,CCL5/CCL3/CCL23/CCL4,up,FALSE
GOMF_TRNA_BINDING,GOMF_TRNA_BINDING,GO_MF,CD8,SF_vs_PB_CD8,-1.95540847,-0.487099587,6.58021049e-5,0.00533257267,66,33,FARSA/EARS2/AIMP1/CTU1/GTSF1/TRMT10B/THUMPD3/FARS2/CTU2/NEMF/TRMT10A/NSUN6/SARS2/NAT10/TRNT1/TRMT11/AARS2/TARBP1/YARS2/EIF1AX/NSUN3/TRMT1L/TRMT1/TRMT10C/SSB/RPUSD4/MRPS27/METTL1/ELP3/RPL35A/EIF2A/EIF2S3/EEF1A1,down,FALSE
GOMF_CHEMOKINE_ACTIVITY,GOMF_CHEMOKINE_ACTIVITY,GO_MF,CD8,SF_vs_PB_CD8,2.03760079,0.707725347,7.01632846e-5,0.00533257267,20,11,CCL4L2/CXCL13/CCL5/CCL3/CCL23/CCL4/CKLF/CXCL16/XCL1/CCL2/CCL18,up,FALSE
GOMF_MICROTUBULE_MOTOR_ACTIVITY,GOMF_MICROTUBULE_MOTOR_ACTIVITY,GO_MF,CD8,SF_vs_PB_CD8,1.98528089,0.565780008,7.33663148e-5,0.00533257267,48,28,KIF20B/STARD9/KIF3C/KIF11/KIFC1/DYNLRB1/KIF1C/KIF3A/DYNC1I2/CENPE/DYNC2H1/KIF21A/KIFC2/DYNC1H1/KIF18B/SMC3/KIF18A/KIF23/KIF14/KIF24/KIF5A/KIF21B/KIF5B/KIF3B/KIF1B/KIF22/KIF4A/KIF13B,up,FALSE
GOMF_MRNA_5_UTR_BINDING,GOMF_MRNA_5_UTR_BINDING,GO_MF,CD8,SF_vs_PB_CD8,-2.15555041,-0.699999096,8.34829333e-5,0.00576449654,21,11,RPL26/UTP23/NCL/RPL41/GNL3/RPS7/RSL1D1/RPS14/RPL5/RPS13/RPS3A,down,FALSE
GOMF_S100_PROTEIN_BINDING,GOMF_S100_PROTEIN_BINDING,GO_MF,CD8,SF_vs_PB_CD8,2.00147819,0.813739536,9.28726148e-5,0.00610748005,11,7,S100A11/ANXA2/EZR/AHNAK/S100A6/IQGAP1/ATP2A2,up,FALSE
GOMF_CALCIUM_DEPENDENT_PROTEIN_BINDING,GOMF_CALCIUM_DEPENDENT_PROTEIN_BINDING,GO_MF,CD8,SF_vs_PB_CD8,1.99423422,0.573277442,1.07067548e-4,0.00672092197,46,14,S100A11/S100A10/ANXA2/STX1A/S100A6/LRP8/ANXA1/STX2/ANXA4/S100A2/S100A4/TSG101/CALM2/NSMF,up,FALSE
GOMF_RNA_METHYLTRANSFERASE_ACTIVITY,GOMF_RNA_METHYLTRANSFERASE_ACTIVITY,GO_MF,CD8,SF_vs_PB_CD8,-1.91628693,-0.493819635,1.2939795e-4,0.007769503,56,35,DIMT1/TRMT2A/METTL2B/NSUN5/RNMT/BCDIN3D/TYW3/TRMT5/TRMT44/METTL6/TRMT10B/THUMPD3/ZCCHC4/TRMT10A/NOP2/NSUN6/THUMPD2/TRMT2B/TRMT11/EMG1/TARBP1/MRM1/TFB2M/NSUN3/TRMT61B/METTL16/TRMT1L/TRMT1/TRMT12/TRMT61A/TRMT10C/TRMT13/TGS1/METTL1/FBL,down,FALSE
GOMF_CCR_CHEMOKINE_RECEPTOR_BINDING,GOMF_CCR_CHEMOKINE_RECEPTOR_BINDING,GO_MF,CD8,SF_vs_PB_CD8,1.99946202,0.723886108,1.66065916e-4,0.00955570958,17,10,CCL4L2/CXCL13/CCL5/CCL3/CCL23/CCL4/XCL1/CCL2/CCL18/XCL2,up,FALSE
GOMF_PROTEIN_SERINE_THREONINE_KINASE_ACTIVITY,GOMF_PROTEIN_SERINE_THREONINE_KINASE_ACTIVITY,GO_MF,CD8,SF_vs_PB_CD8,1.54275042,0.331014881,1.83944291e-4,0.0101610826,350,126,CAMK1/GRK5/PRKCD/PKM/ILK/LIMK1/CSNK1G1/MAST4/CIITA/MAPK11/CDKL2/NEK11/EIF2AK2/BLVRA/RIPK3/PLK3/WNK1/CDK1/CAMKV/PGK1/TESK1/MAPK3/MAP2K2/MAP4K1/MAP3K2/BMP2K/BMPR2/PCK2/TNK2/AKT3/STK40/CASK/SGK1/MAPKAPK2/PRKD2/TTN/ROCK1/NRBP1/MELK/PINK1/MAPKAPK3/PIM3/AKT1/ADCK2/TAOK1/BUB1B/STK24/SMG1/PRKACA/MAP3K3/CDK2/CSNK2B/SLK/MAPK1/MAPK6/MARK4/DAPK2/GSK3A/AURKA/PRKX/FAM20C/NRBP2/CDKL1/SIK3/IRAK1/KSR1/PAK1/BRD2/CHEK1/CAMKK2/PRKAG1/STK3/MAP3K9/CAMK1D/MAST2/CAMKK1/CSNK1E/HIPK1/PKMYT1/HIPK3/ABL1/STK17B/PIK3CG/MASTL/MAK/CDK13/NEK2/MLKL/ULK1/PIK3CB/PLK4/TTK/STK38L/BRD3/ROCK2/PTK2B/PRKAB2/RPS6KC1/MAPK12/TAOK2/CDK6/PAK4/FAM20A/MARK2/STK11/CIT/LIMK2/CDC7/MKNK2/MAP2K4/STK25/CSNK2A2/CDK14/MAP3K10/PBK/PIK3CA/MARK3/DYRK1B/RIPK1/MAPK7/CDK19/CSNK1G2/EEF2K/DMPK/CDK16/RPS6KA4,up,FALSE
GOMF_CYTOKINE_ACTIVITY,GOMF_CYTOKINE_ACTIVITY,GO_MF,CD8,SF_vs_PB_CD8,1.81811814,0.464918886,2.1843259e-4,0.011602131,87,33,CCL4L2/CSF1/CXCL13/WNT9A/CCL5/CCL3/CCL23/FASLG/WNT10A/CCL4/NAMPT/IL10/CKLF/CXCL16/XCL1/CCL2/HMGB1/CMTM3/EBI3/TNFSF4/CSF2/CCL18/SPP1/TNFSF10/TNFSF12/GRN/MIF/GPI/IL1RN/TNF/XCL2/IL26/IL21,up,FALSE
GOMF_ENZYME_INHIBITOR_ACTIVITY,GOMF_ENZYME_INHIBITOR_ACTIVITY,GO_MF,CD8,SF_vs_PB_CD8,1.56727423,0.344759857,2.44249949e-4,0.0124421536,271,65,ANXA5/CDKN1A/SKI/ANXA2/SERPINB8/ARPP19/LGALS3/NOTCH1/ATP2B4/IQGAP1/CRIM1/CIB1/CDKN2A/DYNLL1/LIMK1/HMSD/SPINT1/SOCS1/CLSTN3/ANXA1/CSTB/PPP1R14B/RNH1/PTTG1/TESK1/IFIT1/GAPDH/TRIB1/GNAZ/PREX1/TIMP2/DUSP22/ANXA4/CDKN2C/TNK2/CPEB2/GSKIP/PRKAR1A/DTX3L/NELFB/CASP3/PHPT1/PPP1R12C/PPT1/DUSP3/AKT1/LXN/ANKLE2/PRKAR1B/CAST/CDKN2B/PPP1R16A/RTKN/YWHAB/GPS2/HTRA2/SPOCK2/ENSA/PARP9/CD109/APOC1/PPP1R16B/SH3BP5L/FBXO5/PKIA,up,FALSE
GOMF_PEPTIDE_BINDING,GOMF_PEPTIDE_BINDING,GO_MF,CD8,SF_vs_PB_CD8,1.71561718,0.409424007,2.5226669e-4,0.0124421536,138,38,CD74/ITM2A/ITGA2/HLA-DQA2/HLA-DQB2/ITM2C/AP2B1/HLA-DMA/LRP8/CLU/ANG/HLA-DRA/HLA-DMB/HLA-DRB5/HLA-DRB1/HLA-DQA1/LDLR/HLA-DPA1/HLA-DQB1/HLA-DPB1/KDELR3/SLC7A5/RXRA/CRIP1/FBXO2/MARCO/C1QA/PGRMC1/MSR1/KPNA6/TAP1/PICALM/PPARG/HLA-DOA/NUP153/TAPBP/HLA-G/DHCR24,up,FALSE
GOMF_PLUS_END_DIRECTED_MICROTUBULE_MOTOR_ACTIVITY,GOMF_PLUS_END_DIRECTED_MICROTUBULE_MOTOR_ACTIVITY,GO_MF,CD8,SF_vs_PB_CD8,1.96894954,0.712839357,2.99712628e-4,0.0142725221,17,13,KIF20B/KIF11/KIF1C/KIF3A/KIF21A/KIFC2/KIF18B/KIF18A/KIF14/KIF5A/KIF5B/KIF3B/KIF1B,up,FALSE
GOMF_DEAMINASE_ACTIVITY,GOMF_DEAMINASE_ACTIVITY,GO_MF,CD8,SF_vs_PB_CD8,1.96203342,0.673277486,3.31530274e-4,0.0149249161,21,8,APOBEC3G/APOBEC3C/APOBEC3H/APOBEC3F/APOBEC3D/ZBP1/ADARB1/ADARB2,up,FALSE
GOMF_MACROMOLECULAR_CONFORMATION_ISOMERASE_ACTIVITY,GOMF_MACROMOLECULAR_CONFORMATION_ISOMERASE_ACTIVITY,GO_MF,CD8,SF_vs_PB_CD8,1.58806296,0.356768536,3.35027081e-4,0.0149249161,223,84,KATNAL1/MYO1C/KIF20B/MYL6/MYO7A/HELZ2/STARD9/KIF3C/KIF11/MYO5A/KIFC1/DYNLRB1/KIF1C/DDX60/KIF3A/DYNC1I2/PSMC1/MCM6/IFIH1/CENPE/CHD3/DYNC2H1/DHX58/KIF21A/RFC2/ZNFX1/TOP2A/PSMC3/KIFC2/MYO9B/DYNC1H1/MYH9/KIF18B/SMC3/KIF18A/RECQL/KIF23/TTF2/PSMC2/RECQL4/ERCC6L/DICER1/KIF14/MYO19/MCM3/CHTF18/KATNA1/KIF24/KIF5A/KIF21B/KIF5B/WRNIP1/FMR1/KIF3B/KIF1B/MYO9A/HELLS/RAD51/KIF22/KIF4A/KIF13B/MCM2/BRIP1/MCM4/NAV2/MCM5/RAD54L/MCM7/DNA2/POLQ/SNRNP200/KIF2C/SRCAP/DHX57/DDX27/KIF15/UPF1/MYO1D/SMARCA4/TOP2B/RFC3/DDX11/RAD54L2/DDX19B,up,FALSE
GOMF_HYDROLASE_ACTIVITY_ACTING_ON_CARBON_NITROGEN_BUT_NOT_PEPTIDE_BONDS_IN_CYCLIC_AMIDINES,GOMF_HYDROLASE_ACTIVITY_ACTING_ON_CARBON_NITROGEN_BUT_NOT_PEPTIDE_BONDS_IN_CYCLIC_AMIDINES,GO_MF,CD8,SF_vs_PB_CD8,1.98692382,0.667309559,3.76337831e-4,0.0162413295,23,9,APOBEC3G/APOBEC3C/APOBEC3H/APOBEC3F/APOBEC3D/MTHFD2/ADARB1/ADARB2/MTHFD1,up,FALSE
GOMF_LIPASE_INHIBITOR_ACTIVITY,GOMF_LIPASE_INHIBITOR_ACTIVITY,GO_MF,CD8,SF_vs_PB_CD8,1.91129029,0.823801266,4.03196247e-4,0.016873152,9,7,ANXA5/ANXA2/ANXA1/ANXA4/PPT1/APOC1/SNCA,up,FALSE
GOMF_GTPASE_BINDING,GOMF_GTPASE_BINDING,GO_MF,CD8,SF_vs_PB_CD8,1.54796861,0.341736358,4.22700374e-4,0.016885895800000002,262,106,MYO1C/GGA2/IQGAP1/WDR44/RABAC1/MICAL1/CIB1/ECT2/FMNL3/MYO5A/FMNL1/DENND1B/AKAP13/SRGAP2/DOCK2/RIMS3/GNB1/KIF3A/IQGAP3/ENO1/PPP6R1/NUTF2/PLEKHG2/RRAGC/ROCK1/RAB11FIP1/PLEKHG1/RTKN/MICALL1/MYO9B/RAB11FIP4/EHBP1L1/RCC2/TMEM127/YIPF1/RILPL2/TRIOBP/DIAPH1/FARP1/PICALM/CORO1C/RAB3GAP2/TBC1D20/CHML/CDC42EP4/PAK1/KNTC1/NDRG1/SYTL3/FGD2/RANGAP1/RANBP3/IPO9/IQGAP2/RANBP1/RASGRP3/GIT1/RABGAP1L/RAB3IP/EXOC5/KIF3B/PARD6A/IPO11/ANKRD27/ULK1/SGSM2/DVL3/ROCK2/DIAPH3/YBX3/CAV1/RALBP1/NCF2/RNF41/GNB2/RANBP9/RAB34/RASA1/DAAM1/TNPO2/GGA3/TSC2/LZTR1/BICD1/RINL/ARHGDIB/ALS2/RAB11FIP3/MAP2K1/CLTA/ATG16L1/DOCK4/TNFAIP1/SOD1/EVI5L/BICD2/RILPL1/INF2/DIAPH2/RAB3GAP1/GGA1/RILP/GDI1/WAS/PKN3/DNM1L,up,FALSE
GOMF_ANTIGEN_BINDING,GOMF_ANTIGEN_BINDING,GO_MF,CD8,SF_vs_PB_CD8,1.86461571,0.533522673,4.27955361e-4,0.016885895800000002,47,18,LAG3/HLA-DQA2/HLA-DQB2/HLA-DMA/HLA-DRA/HLA-DMB/HLA-DRB5/HLA-DRB1/HLA-DQA1/HLA-DPA1/HLA-DQB1/HLA-DPB1/SLC7A5/TAP1/HLA-DOA/TAPBP/HLA-G/DHCR24,up,FALSE
GOMF_MAP_KINASE_TYROSINE_SERINE_THREONINE_PHOSPHATASE_ACTIVITY,GOMF_MAP_KINASE_TYROSINE_SERINE_THREONINE_PHOSPHATASE_ACTIVITY,GO_MF,CD8,SF_vs_PB_CD8,1.93638072,0.787272905,5.24440747e-4,0.0201181298,11,4,DUSP4/DUSP6/DUSP18/DUSP10,up,FALSE
GOMF_MHC_CLASS_II_RECEPTOR_ACTIVITY,GOMF_MHC_CLASS_II_RECEPTOR_ACTIVITY,GO_MF,CD8,SF_vs_PB_CD8,1.93556853,0.786942694,5.60609075e-4,0.0209243549,11,5,HLA-DQA2/HLA-DQB2/HLA-DQA1/HLA-DPA1/HLA-DQB1,up,FALSE
GOMF_CATALYTIC_ACTIVITY_ACTING_ON_A_TRNA,GOMF_CATALYTIC_ACTIVITY_ACTING_ON_A_TRNA,GO_MF,CD8,SF_vs_PB_CD8,-1.63962597,-0.366245004,7.18605905e-4,0.0261156514,124,67,RPP38/PTRHD1/PUS1/METTL2B/AARSD1/DTD2/QRSL1/PUS3/DUS4L/MTFMT/BCDIN3D/MTO1/TYW3/FARSA/TRMT5/GTPBP3/EARS2/TRUB2/LARS2/FARSB/RPP40/OSGEP/TRMT44/TRUB1/FTO/ELAC1/METTL6/TSEN34/TRMT10B/THUMPD3/FARS2/TRMT10A/TARS2/DTWD1/NSUN6/THUMPD2/NARS2/SARS2/TSEN2/NAT10/TRMT2B/TRNT1/TRMT11/AARS2/TARBP1/YARS2/CDK5RAP1/QTRT1/RPP25/NSUN3/TRMT61B/TRMT1L/TRMT1/TRMT12/TRMT61A/TRMT10C/DUS3L/TRMT13/RPUSD4/OSGEPL1/ALKBH7/TYW1/METTL1/MARS2/POP5/ELP3/DTWD2,down,FALSE
GOMF_CADHERIN_BINDING,GOMF_CADHERIN_BINDING,GO_MF,CD8,SF_vs_PB_CD8,1.52764061,0.338214834,7.66314983e-4,0.026750709,254,75,CAPG/S100A11/ANXA2/PLEC/CLIC1/EZR/AHNAK/EHD4/IQGAP1/TAGLN2/PKM/PSEN1/PFKP/HSPA1A/ANXA1/CTNNA1/CORO1B/ARHGAP18/LDHA/EPS15/PRDX1/SH3GLB1/PDLIM1/PCMT1/TRIM25/LRRFIP1/ENO1/BMPR2/TWF2/FSCN1/FASN/LASP1/MPP7/ITGB1/PTPRJ/PSMB6/TLN1/TMOD3/LARP1/STK24/CAST/MICALL1/YWHAB/SLK/PI4KA/PLIN3/MYH9/GOLGA2/SH3GLB2/ATXN2L/PICALM/ASAP1/EPS8L2/RAB10/ANLN/GIPC1/IDH1/PCBP1/NDRG1/WASF2/RANGAP1/GOLGA3/PPP1R13L/UBAP2/RANBP1/F11R/BSG/CKAP5/CHMP5/KIF5B/EPN2/NUMB/KLC2/PKP4/PPME1,up,FALSE
GOMF_TRANSPORTER_REGULATOR_ACTIVITY,GOMF_TRANSPORTER_REGULATOR_ACTIVITY,GO_MF,CD8,SF_vs_PB_CD8,1.72003066,0.434929576,7.74821404e-4,0.026750709,93,49,YWHAH/STX1A/ARPP19/ATP1B1/ATP2B4/FKBP1A/ANO9/STX7/ATP2A3/SGK1/ANKRD36C/ATP2A2/PHPT1/AKT1/CALM2/PRKACA/FXYD2/ITPR1/PDE4B/GEM/SRI/AKAP9/ENSA/LAMP2/FKBP1B/ATP1B3/SLC30A1/VAMP8/SNCA/GRM2/YWHAE/CACNB3/SNTA1/STIM1/CAV1/RASA1/CHP1/CALM3/FXYD5/LAMP1/CACNB1/PDE4D/HAMP/HPCAL4/SCLT1/KCNAB2/NEDD4/CLCN2/KCNMB3,up,FALSE
GOMF_TRNA_METHYLTRANSFERASE_ACTIVITY,GOMF_TRNA_METHYLTRANSFERASE_ACTIVITY,GO_MF,CD8,SF_vs_PB_CD8,-1.92283115,-0.564604955,8.23404049e-4,0.0270415104,31,22,BCDIN3D/TYW3/TRMT5/TRMT44/METTL6/TRMT10B/THUMPD3/TRMT10A/NSUN6/THUMPD2/TRMT2B/TRMT11/TARBP1/NSUN3/TRMT61B/TRMT1L/TRMT1/TRMT12/TRMT61A/TRMT10C/TRMT13/METTL1,down,FALSE
GOMF_LARGE_RIBOSOMAL_SUBUNIT_RRNA_BINDING,GOMF_LARGE_RIBOSOMAL_SUBUNIT_RRNA_BINDING,GO_MF,CD8,SF_vs_PB_CD8,-1.89090896,-0.84731931,8.45931935e-4,0.0270415104,7,6,MRPL11/RPUSD4/DDX55/RPL12/RPL23/RPLP0,down,FALSE
GOMF_MONOCARBOXYLIC_ACID_TRANSMEMBRANE_TRANSPORTER_ACTIVITY,GOMF_MONOCARBOXYLIC_ACID_TRANSMEMBRANE_TRANSPORTER_ACTIVITY,GO_MF,CD8,SF_vs_PB_CD8,1.86929878,0.565930937,8.57863751e-4,0.0270415104,36,11,SLC6A6/FABP5/SLC27A4/MPC1/SLC2A1/SLC16A3/MPC2/SLC10A3/CEACAM1/SLC27A2/SLC1A4,up,FALSE
GOMF_WW_DOMAIN_BINDING,GOMF_WW_DOMAIN_BINDING,GO_MF,CD8,SF_vs_PB_CD8,1.90334966,0.679163125,8.61568758e-4,0.0270415104,18,9,NDFIP2/KIF20B/TNK2/PRRG4/PMEPA1/TREX1/RAPGEF2/PPARG/SHISA5,up,FALSE
GOMF_PHOSPHOLIPASE_INHIBITOR_ACTIVITY,GOMF_PHOSPHOLIPASE_INHIBITOR_ACTIVITY,GO_MF,CD8,SF_vs_PB_CD8,1.85026978,0.825803753,9.03042701e-4,0.0276940547,8,7,ANXA5/ANXA2/ANXA1/ANXA4/PPT1/APOC1/SNCA,up,FALSE
GOMF_MAP_KINASE_PHOSPHATASE_ACTIVITY,GOMF_MAP_KINASE_PHOSPHATASE_ACTIVITY,GO_MF,CD8,SF_vs_PB_CD8,1.89089936,0.751283363,9.3653195e-4,0.0276940547,12,5,DUSP4/DUSP6/DUSP18/DUSP10/DUSP3,up,FALSE
GOMF_PHOSPHATIDYLINOSITOL_BINDING,GOMF_PHOSPHATIDYLINOSITOL_BINDING,GO_MF,CD8,SF_vs_PB_CD8,1.55648356,0.351888686,9.42520327e-4,0.0276940547,211,69,CAPG/PHLDA1/ANXA2/GGA2/ZFYVE28/IQGAP1/HIP1/ARHGAP9/SNX8/RACGAP1/PHLDA2/RAB35/PLEKHN1/ULBP2/DENND1B/GSN/NCF4/DNM2/TWF2/PITPNA/ZFYVE1/PHLDA3/PLD2/TLN1/CCDC88A/PITPNM1/AKT1/FLII/ZCCHC2/ARHGAP33/ITPR3/TPCN2/DAPP1/SESTD1/WIPI1/PLCD1/ITPR1/GPAA1/CFL1/PICALM/MREG/FGD2/NCF1/HGS/SNX24/IQGAP2/NUMA1/GAB2/ATP13A2/SNX10/CHMP3/ARAP3/SDCBP2/RNF34/SNX15/SH3PXD2A/NLRP3/RPS6KC1/ARAP1/PIGT/TULP3/TOM1/SNX30/ESYT1/SNX25/EXOC7/SNX20/APPL2/ADAP2,up,FALSE
GOMF_P_TYPE_TRANSMEMBRANE_TRANSPORTER_ACTIVITY,GOMF_P_TYPE_TRANSMEMBRANE_TRANSPORTER_ACTIVITY,GO_MF,CD8,SF_vs_PB_CD8,1.90308046,0.725808189,0.00105572057,0.0297623348,14,9,ATP1B1/ATP2B4/ATP2B1/ATP2A3/ATP2A2/ATP13A1/ATP13A3/ATP13A2/ATP2C1,up,FALSE
GOMF_PHOSPHATIDYLINOSITOL_PHOSPHATE_BINDING,GOMF_PHOSPHATIDYLINOSITOL_PHOSPHATE_BINDING,GO_MF,CD8,SF_vs_PB_CD8,1.62852848,0.390471204,0.00105601333,0.0297623348,133,38,CAPG/PHLDA1/ANXA2/ZFYVE28/IQGAP1/HIP1/ARHGAP9/RACGAP1/PHLDA2/RAB35/PLEKHN1/DENND1B/GSN/NCF4/DNM2/TWF2/ZFYVE1/PHLDA3/AKT1/FLII/TPCN2/DAPP1/SESTD1/WIPI1/PLCD1/CFL1/PICALM/FGD2/SNX24/IQGAP2/GAB2/ATP13A2/SNX10/CHMP3/ARAP3/SDCBP2/RNF34/SH3PXD2A,up,FALSE
GOMF_TRANSCRIPTION_ELONGATION_FACTOR_ACTIVITY,GOMF_TRANSCRIPTION_ELONGATION_FACTOR_ACTIVITY,GO_MF,CD8,SF_vs_PB_CD8,-1.94770725,-0.723620024,0.00110729459,0.0305834765,13,9,EAF1/TEFM/TCEA1/VHL/TCEANC/POLR2M/EAF2/WDR43/TCEA3,down,FALSE
GOMF_PROTEIN_MEMBRANE_ADAPTOR_ACTIVITY,GOMF_PROTEIN_MEMBRANE_ADAPTOR_ACTIVITY,GO_MF,CD8,SF_vs_PB_CD8,1.82285251,0.542792665,0.00113950566,0.0308560257,39,14,CIB1/SBF1/TRABD/HRAS/SYNE3/KRAS/SUN1/RRAGC/MYH9/NUP153/SYNE2/SPAG4/EPB41L3/RB1CC1,up,FALSE
GOMF_PROTEIN_SERINE_KINASE_ACTIVITY,GOMF_PROTEIN_SERINE_KINASE_ACTIVITY,GO_MF,CD8,SF_vs_PB_CD8,1.47339639,0.321839949,0.00122252673,0.0318791981,290,106,CAMK1/PRKCD/LIMK1/CSNK1G1/MAST4/CIITA/MAPK11/CDKL2/NEK11/EIF2AK2/RIPK3/PLK3/WNK1/CDK1/PGK1/TESK1/MAPK3/MAP2K2/MAP4K1/MAP3K2/BMP2K/TNK2/AKT3/STK40/CASK/SGK1/MAPKAPK2/PRKD2/TTN/ROCK1/MELK/PINK1/MAPKAPK3/PIM3/AKT1/TAOK1/BUB1B/STK24/SMG1/PRKACA/MAP3K3/CDK2/SLK/MAPK1/MAPK6/MARK4/DAPK2/GSK3A/AURKA/PRKX/FAM20C/CDKL1/SIK3/IRAK1/KSR1/PAK1/CHEK1/CAMKK2/STK3/MAP3K9/CAMK1D/MAST2/CAMKK1/CSNK1E/HIPK1/PKMYT1/HIPK3/STK17B/PIK3CG/MASTL/MAK/CDK13/NEK2/ULK1/PIK3CB/PLK4/TTK/STK38L/ROCK2/RPS6KC1/MAPK12/TAOK2/CDK6/PAK4/MARK2/STK11/CIT/LIMK2/CDC7/MKNK2/MAP2K4/STK25/CSNK2A2/CDK14/MAP3K10/PBK/PIK3CA/MARK3/DYRK1B/RIPK1/MAPK7/CDK19/CSNK1G2/DMPK/CDK16/RPS6KA4,up,FALSE
GOMF_UBIQUITIN_BINDING,GOMF_UBIQUITIN_BINDING,GO_MF,CD8,SF_vs_PB_CD8,1.68344856,0.425013373,0.00122345945,0.0318791981,94,44,GGA2/NOD2/N4BP1/UBE2A/EPS15/CKS1B/USP25/TOLLIP/DDI2/CKS2/TAB2/TSG101/TOP2A/MARK4/NPLOC4/TAB3/DNAJB2/IKBKG/OTUB2/RBCK1/HGS/UBXN11/AMFR/BUB3/VPS28/UBXN2B/FAF1/TOM1/RNF19B/HDAC6/GGA3/SQSTM1/N4BP2/STAM/MVB12A/USP5/FBXO7/SIRT2/UBXN2A/NEDD4/UBE2N/MDM2/GGA1/CXCR4,up,FALSE
GOMF_PROTEIN_DISULFIDE_REDUCTASE_NAD_P_H_ACTIVITY,GOMF_PROTEIN_DISULFIDE_REDUCTASE_NAD_P_H_ACTIVITY,GO_MF,CD8,SF_vs_PB_CD8,1.74356501,0.894567873,0.0013422565,0.0343269672,5,3,TXN/PGK1/TXNDC17,up,FALSE
GOMF_UBIQUITIN_LIKE_PROTEIN_BINDING,GOMF_UBIQUITIN_LIKE_PROTEIN_BINDING,GO_MF,CD8,SF_vs_PB_CD8,1.64275979,0.404387299,0.00141283707,0.0354750544,111,47,GGA2/NOD2/N4BP1/UBE2A/EPS15/CKS1B/USP25/TOLLIP/HABP4/PML/DDI2/CKS2/TAB2/TSG101/TOP2A/MARK4/NPLOC4/TAB3/DNAJB2/IKBKG/OTUB2/RBCK1/HGS/UBXN11/SOBP/AMFR/BUB3/VPS28/UBXN2B/FAF1/TOM1/RNF19B/HDAC6/GGA3/DCUN1D5/SQSTM1/N4BP2/STAM/MVB12A/USP5/FBXO7/SIRT2/UBXN2A/NEDD4/UBE2N/MDM2/GGA1,up,FALSE
GOMF_RNA_POLYMERASE_II_SPECIFIC_DNA_BINDING_TRANSCRIPTION_FACTOR_BINDING,GOMF_RNA_POLYMERASE_II_SPECIFIC_DNA_BINDING_TRANSCRIPTION_FACTOR_BINDING,GO_MF,CD8,SF_vs_PB_CD8,1.48204365,0.326475455,0.00157711551,0.038892795,268,63,OASL/YWHAH/ACTN4/RBX1/CDKN2A/RBPJ/CIITA/AHR/TACC1/JUN/ARID5A/VDR/BHLHE40/TRIB1/ZBTB7A/RXRA/COMMD8/ANXA4/MAD2L2/TP73/SP100/DTX3L/MED25/MEF2D/PPARA/XPC/BBS7/HMGB1/ASXL1/NR1H2/NCOR2/NOTCH2/WIPI1/JUND/CSNK2B/SPEN/ARNT/SP1/PARP9/KLF4/PPARG/TRIP12/TGFB1I1/RBBP8/UHRF2/NCOA1/EP300/PCNA/SRF/DOT1L/TRIM24/PSMD10/PSMA6/GABARAPL1/TRIP4/EPAS1/NCOR1/IFI27/CHD4/SNW1/TOB2/FOXP3/MED16,up,FALSE
GOMF_METALLOPEPTIDASE_ACTIVITY,GOMF_METALLOPEPTIDASE_ACTIVITY,GO_MF,CD8,SF_vs_PB_CD8,-1.64568017,-0.382048432,0.00170005384,0.0398068273,97,20,MME/PMPCB/ADAMTS6/OMA1/ADAMTS1/UQCRC2/MMP23B/AEBP1/PEPD/DPEP2/AGTPBP1/TRABD2A/XPNPEP2/ADAM10/EIF3F/ADAMTS10/EIF3H/LTA4H/METAP1D/ADAM12,down,FALSE
GOMF_CYTOKINE_RECEPTOR_BINDING,GOMF_CYTOKINE_RECEPTOR_BINDING,GO_MF,CD8,SF_vs_PB_CD8,1.58551876,0.375995465,0.00170050424,0.0398068273,145,47,CCL4L2/CSF1/SMAD7/CXCL13/CCL5/FKBP1A/CCL3/CCL23/FASLG/SOCS1/CD70/TRAF1/CCL4/IL10/TOLLIP/CKLF/CXCL16/XCL1/CASP3/CCL2/CCDC88A/EBI3/TNFSF4/CSF2/CCL18/TNFSF10/TRIM37/BID/TNFSF12/ADAM17/EFNA5/MIF/IL1RN/TMBIM1/SMURF1/PDCL3/TNF/XCL2/CFLAR/SPRED2/IL21/JAK3/TRAF2/ADAM8/TRAF3/SIVA1/IFNG,up,FALSE
GOMF_CARBOXYLIC_ACID_TRANSMEMBRANE_TRANSPORTER_ACTIVITY,GOMF_CARBOXYLIC_ACID_TRANSMEMBRANE_TRANSPORTER_ACTIVITY,GO_MF,CD8,SF_vs_PB_CD8,1.6656245,0.425924077,0.00170065374,0.0398068273,87,17,SLC6A6/SFXN3/SLC1A5/SLC1A1/FABP5/SLC27A4/MPC1/SLC2A1/SLC16A3/MPC2/SLC7A5/SLC10A3/CEACAM1/SLC27A2/SLC25A1/SLC35D2/SLC1A4,up,FALSE
GOMF_DOUBLE_STRANDED_RNA_BINDING,GOMF_DOUBLE_STRANDED_RNA_BINDING,GO_MF,CD8,SF_vs_PB_CD8,1.70683911,0.455431486,0.00174302391,0.0398453137,68,28,OASL/VIM/OAS3/ZBP1/OAS1/EIF2AK2/DDX60/LRRFIP1/DGCR8/ADARB1/IFIH1/AGO2/DHX58/HMGB1/ADARB2/RC3H2/TUBB4B/MSN/CLTC/DICER1/TUBA1B/TFRC/PRKRA/OAS2/RFTN1/ELAVL1/AGO1/AGO4,up,FALSE
GOMF_CHLORIDE_CHANNEL_INHIBITOR_ACTIVITY,GOMF_CHLORIDE_CHANNEL_INHIBITOR_ACTIVITY,GO_MF,CD8,SF_vs_PB_CD8,1.76363088,0.856152338,0.001760003,0.0398453137,6,4,STX1A/ANO9/STX7/VAMP8,up,FALSE
GOMF_NUCLEOSIDE_TRIPHOSPHATASE_REGULATOR_ACTIVITY,GOMF_NUCLEOSIDE_TRIPHOSPHATASE_REGULATOR_ACTIVITY,GO_MF,CD8,SF_vs_PB_CD8,1.41440675,0.301522657,0.00185880854,0.0412354009,376,100,DENND6B/RGS16/RALGDS/ARHGAP11B/IQGAP1/ARHGAP35/ECT2/RPGR/TBCD/RASAL3/SBF1/RGS1/ARHGAP9/TBC1D2B/RACGAP1/RGS9/CYTH2/ABR/JUN/ARHGAP18/GNA13/AGFG2/ARHGEF5/ARHGAP21/DENND1B/GPSM2/AKAP13/LAMTOR5/SRGAP2/DOCK2/TIAM2/PREX1/ARHGDIA/ARHGAP11A/ITGB1BP1/IQGAP3/RABIF/HERC1/TNK2/CPEB2/RASGRP1/PLEKHG2/ARHGEF12/DOCK8/PLXNB1/TBC1D10B/MCF2L2/SRGAP3/CCDC88A/ARHGAP33/PLEKHG1/RTKN/MYO9B/ARHGAP31/RASGEF1A/GNB5/RCC2/GPS2/PSD4/RAPGEF1/ARHGEF40/FARP1/ASAP1/NUCB1/GRIPAP1/EPS8L2/RAPGEF2/ELMOD2/RAB3GAP2/TBC1D20/CHML/SH3BP5L/RGS13/VAV2/CHN1/FGD2/RANGAP1/RAP1GDS1/AGFG1/DENND3/IQGAP2/RANBP1/GPSM1/HMGCR/RIC8A/RASGRP3/LLGL1/GIT1/RABGAP1L/RAB3IP/DENND4A/ARAP3/ANKRD27/MYO9A/STARD13/RALGPS1/NCKAP1L/CCZ1B/SGSM2/RHOF,up,FALSE
GOMF_PROTEIN_TYROSINE_SERINE_THREONINE_PHOSPHATASE_ACTIVITY,GOMF_PROTEIN_TYROSINE_SERINE_THREONINE_PHOSPHATASE_ACTIVITY,GO_MF,CD8,SF_vs_PB_CD8,1.85053075,0.642749806,0.00188824393,0.0412354009,20,7,DUSP4/DUSP6/SBF1/DUSP18/DUSP10/DUSP22/DUSP3,up,FALSE
GOMF_PROTEIN_TYROSINE_THREONINE_PHOSPHATASE_ACTIVITY,GOMF_PROTEIN_TYROSINE_THREONINE_PHOSPHATASE_ACTIVITY,GO_MF,CD8,SF_vs_PB_CD8,1.79735306,0.833770944,0.00191098165,0.0412354009,7,3,DUSP4/DUSP6/DUSP10,up,FALSE
GOMF_CHEMOATTRACTANT_ACTIVITY,GOMF_CHEMOATTRACTANT_ACTIVITY,GO_MF,CD8,SF_vs_PB_CD8,1.84370175,0.690183121,0.00238991243,0.0507764472,15,11,LGALS3/CCL5/CCL3/S100A4/CCL2/HMGB1/MIF/GPNMB/HMGB2/VEGFA/VEGFB,up,FALSE
GOMF_5S_RRNA_BINDING,GOMF_5S_RRNA_BINDING,GO_MF,CD8,SF_vs_PB_CD8,-1.85741458,-0.76885514,0.00246478873,0.051573837,9,5,RPF2/RRS1/RPL11/EEF2/RPL5,down,FALSE
GOMF_PHOSPHATIDYLCHOLINE_BINDING,GOMF_PHOSPHATIDYLCHOLINE_BINDING,GO_MF,CD8,SF_vs_PB_CD8,1.83502634,0.64571379,0.00250754016,0.051685268,19,11,PCTP/VDAC1/RASGRP1/CHMP2A/PITPNA/PITPNM1/SESTD1/SCARB2/APOC1/PCYT1A/CHMP3,up,FALSE
GOMF_GTPASE_ACTIVATOR_ACTIVITY,GOMF_GTPASE_ACTIVATOR_ACTIVITY,GO_MF,CD8,SF_vs_PB_CD8,1.49850142,0.340819,0.00261954321,0.0531998407,200,97,RGS16/ARHGAP11B/IQGAP1/ARHGAP35/ECT2/TBCD/RASAL3/RGS1/ARHGAP9/TBC1D2B/RACGAP1/RGS9/ABR/JUN/ARHGAP18/AGFG2/ARHGAP21/SRGAP2/DOCK2/TIAM2/PREX1/ARHGDIA/ARHGAP11A/IQGAP3/ARHGEF12/PLXNB1/TBC1D10B/SRGAP3/ARHGAP33/MYO9B/ARHGAP31/GNB5/ASAP1/RAPGEF2/ELMOD2/RAB3GAP2/TBC1D20/CHML/RGS13/CHN1/RANGAP1/AGFG1/IQGAP2/RANBP1/RASGRP3/LLGL1/GIT1/RABGAP1L/ARAP3/ANKRD27/MYO9A/STARD13/NCKAP1L/SGSM2/ARHGAP17/ARAP1/TBC1D16/RASA4/AGAP3/SOS1/RALBP1/ARHGEF10L/ARFGAP1/TBC1D9B/DEPDC1/ACAP1/ADAP2/RASA1/AGAP6/TBC1D15/TSC2/TBC1D4/GMIP/RALGAPB/RP2/FLCN/ARHGAP19/TBC1D25/DEPDC1B/RINL/AGAP2/ARHGDIB/ALS2/SIPA1L1/DOCK4/TBC1D9/ARFGEF1/EVI5L/ACAP3/NF1/RGS10/RAB3GAP1/ARHGAP30/RGS17/GDI1/SMAP2/DNM1L,up,FALSE
GOMF_ACTININ_BINDING,GOMF_ACTININ_BINDING,GO_MF,CD8,SF_vs_PB_CD8,1.82085295,0.64972622,0.00290120092,0.0580660648,18,9,PDLIM7/PDLIM1/CSRP1/TTN/DAG1/PDLIM4/ADORA2A/RARA/PPARG,up,FALSE
GOMF_SPHINGOSINE_1_PHOSPHATE_RECEPTOR_ACTIVITY,GOMF_SPHINGOSINE_1_PHOSPHATE_RECEPTOR_ACTIVITY,GO_MF,CD8,SF_vs_PB_CD8,-1.77933214,-0.837241521,0.0029618183,0.0584324439,6,2,S1PR1/S1PR5,down,FALSE
GOMF_METAL_ION_TRANSMEMBRANE_TRANSPORTER_ACTIVITY,GOMF_METAL_ION_TRANSMEMBRANE_TRANSPORTER_ACTIVITY,GO_MF,CD8,SF_vs_PB_CD8,1.51270499,0.35103357,0.00311693583,0.060626597,171,54,SLC6A6/KCNN4/ATP1B1/SLC1A1/TMEM43/ATP2B4/PSEN1/ATP2B1/RYR1/ANO9/CACNB2/FAIM2/ORAI2/NIPA1/SLC10A3/ATP2A3/SLC41A2/KCNK5/SLC12A4/ATP2A2/SLC29A1/TMCO3/ITPR3/TPCN2/SLC4A8/ITPR1/MCOLN2/SLC38A5/SLC4A11/ATP13A1/SLC8A1/KCNK6/UCP3/TRPC3/SLC30A1/TMBIM1/KCNA6/CNNM4/SLC25A28/ZDHHC13/SLC39A6/ATP2C1/CACNB3/SLC39A3/CATSPER1/TRPM2/SLC31A1/SLC41A3/SLC39A13/NCS1/HCN2/MCOLN1/SLC39A4/SLC38A7,up,FALSE
GOMF_CADHERIN_BINDING_INVOLVED_IN_CELL_CELL_ADHESION,GOMF_CADHERIN_BINDING_INVOLVED_IN_CELL_CELL_ADHESION,GO_MF,CD8,SF_vs_PB_CD8,1.80399817,0.701016606,0.0035694427,0.068463894,13,6,S100A11/ANXA2/ANXA1/PDLIM1/TMOD3/RAB10,up,FALSE
GOMF_MICROFILAMENT_MOTOR_ACTIVITY,GOMF_MICROFILAMENT_MOTOR_ACTIVITY,GO_MF,CD8,SF_vs_PB_CD8,1.79969907,0.617571983,0.00364683301,0.0689900876,21,8,MYO1C/MYL6/MYO7A/MYO5A/MYO9B/MYH9/MYO19/MYO9A,up,FALSE
GOMF_CHEMOKINE_RECEPTOR_BINDING,GOMF_CHEMOKINE_RECEPTOR_BINDING,GO_MF,CD8,SF_vs_PB_CD8,1.7698541,0.572217481,0.00405365946,0.0746564445,27,11,CCL4L2/CXCL13/CCL5/CCL3/CCL23/CCL4/CKLF/CXCL16/XCL1/CCL2/CCL18,up,FALSE
GOMF_BUBBLE_DNA_BINDING,GOMF_BUBBLE_DNA_BINDING,GO_MF,CD8,SF_vs_PB_CD8,1.75728819,0.784304648,0.00405447743,0.0746564445,8,5,NEIL3/XPC/HMGB1/RECQL4/ABL1,up,FALSE
GOMF_TRNA_GUANINE_METHYLTRANSFERASE_ACTIVITY,GOMF_TRNA_GUANINE_METHYLTRANSFERASE_ACTIVITY,GO_MF,CD8,SF_vs_PB_CD8,-1.83103925,-0.69589933,0.00458643405,0.0824688259,12,11,TRMT5/TRMT10B/THUMPD3/TRMT10A/THUMPD2/TRMT11/TARBP1/TRMT1L/TRMT1/TRMT10C/METTL1,down,FALSE
GOMF_MYOSIN_BINDING,GOMF_MYOSIN_BINDING,GO_MF,CD8,SF_vs_PB_CD8,1.69356689,0.488866108,0.00466046373,0.0824688259,45,29,STX1A/RAB27A/RHOA/RAB11A/SPTBN5/MYL12B/IQGAP3/GSN/RALA/VEZT/TRIOBP/RAB10/GIPC1/SPATA6L/MYO19/LLGL1/TRAK1/TOM1/DMD/RAB11B/RAB27B/ARFGEF1/MYL9/TRAK2/CXCR4/RAB6A/ARFGEF2/LLGL2/CORO1A,up,FALSE
GOMF_P_TYPE_CALCIUM_TRANSPORTER_ACTIVITY,GOMF_P_TYPE_CALCIUM_TRANSPORTER_ACTIVITY,GO_MF,CD8,SF_vs_PB_CD8,1.71317381,0.831658018,0.00473702934,0.0824688259,6,4,ATP2B4/ATP2B1/ATP2A3/ATP2A2,up,FALSE
GOMF_CCR5_CHEMOKINE_RECEPTOR_BINDING,GOMF_CCR5_CHEMOKINE_RECEPTOR_BINDING,GO_MF,CD8,SF_vs_PB_CD8,1.68493005,0.864484132,0.00474516031,0.0824688259,5,3,CCL5/CCL3/CCL4,up,FALSE
GOMF_ATPASE_COUPLED_MONOATOMIC_CATION_TRANSMEMBRANE_TRANSPORTER_ACTIVITY,GOMF_ATPASE_COUPLED_MONOATOMIC_CATION_TRANSMEMBRANE_TRANSPORTER_ACTIVITY,GO_MF,CD8,SF_vs_PB_CD8,1.72456175,0.528705604,0.00486766048,0.0824688259,34,14,ATP1B1/ATP2B4/TCIRG1/ATP2B1/ATP2A3/ATP2A2/ATP13A1/ATP6V0B/ATP6V1E1/ATP13A3/ATP13A2/ATP2C1/ATP6V1D/ATP6V1B2,up,FALSE
GOMF_OLIGOSACCHARIDE_BINDING,GOMF_OLIGOSACCHARIDE_BINDING,GO_MF,CD8,SF_vs_PB_CD8,1.7310021,0.802991512,0.00487949684,0.0824688259,7,3,LGALS1/LGALS3/LGALS9,up,FALSE
GOMF_ALPHA_ACTININ_BINDING,GOMF_ALPHA_ACTININ_BINDING,GO_MF,CD8,SF_vs_PB_CD8,1.77697914,0.690517265,0.00489677315,0.0824688259,13,8,PDLIM7/PDLIM1/TTN/DAG1/PDLIM4/ADORA2A/RARA/PPARG,up,FALSE
GOMF_PROTEIN_HETERODIMERIZATION_ACTIVITY,GOMF_PROTEIN_HETERODIMERIZATION_ACTIVITY,GO_MF,CD8,SF_vs_PB_CD8,1.47367755,0.340730894,0.00506712863,0.0843096944,176,53,YWHAH/ATP1B1/PDGFA/ABCG1/DRAP1/HIP1/CLU/ITGA3/AHR/USF2/BARD1/BHLHE40/ERBB3/MCL1/KCNK5/PML/TPM4/RRAGC/ITGB1/TUBA1A/TOP2A/BAK1/MAPK6/SRI/GCA/AURKA/ARNT/SMC3/PAFAH1B3/ATF3/IRAK1/FXR2/IKBKG/KATNB1/PAFAH1B2/SEPHS1/EPAS1/IKZF3/CYBA/NFE2L1/KATNA1/FMR1/PAFAH1B1/SDCBP2/YWHAE/SOS2/CENPW/SMC1A/PDSS1/SUPT3H/CHRAC1/CAV1/CENPA,up,FALSE
GOMF_CYCLIN_DEPENDENT_PROTEIN_SERINE_THREONINE_KINASE_INHIBITOR_ACTIVITY,GOMF_CYCLIN_DEPENDENT_PROTEIN_SERINE_THREONINE_KINASE_INHIBITOR_ACTIVITY,GO_MF,CD8,SF_vs_PB_CD8,1.76091436,0.699638329,0.00536704848,0.0882368328,12,6,CDKN1A/CDKN2A/CDKN2C/CASP3/CDKN2B/KAT2B,up,FALSE
GOMF_ATP_DEPENDENT_PROTEIN_FOLDING_CHAPERONE,GOMF_ATP_DEPENDENT_PROTEIN_FOLDING_CHAPERONE,GO_MF,CD8,SF_vs_PB_CD8,-1.75155801,-0.523618806,0.00552099908,0.0896999969,29,12,CCT2/CCT5/HSPA8/TRAP1/CCT7/HSP90AA1/CCT4/HSPD1/CCT3/HSP90AB1/HSP90B1/HSPA5,down,FALSE
GOMF_EPOXIDE_HYDROLASE_ACTIVITY,GOMF_EPOXIDE_HYDROLASE_ACTIVITY,GO_MF,CD8,SF_vs_PB_CD8,-1.74244385,-0.819884218,0.00560169983,0.0899528774,6,5,AKR7A2/EPHX4/EPHX1/EPHX2/LTA4H,down,FALSE
GOMF_EXTRACELLULAR_MATRIX_STRUCTURAL_CONSTITUENT,GOMF_EXTRACELLULAR_MATRIX_STRUCTURAL_CONSTITUENT,GO_MF,CD8,SF_vs_PB_CD8,-1.67801316,-0.462048894,0.00599760096,0.095203298,41,13,ZP3/CRELD1/MFGE8/LAMA2/COL6A1/ZP1/AEBP1/COL5A3/PODN/MATN2/COLQ/FBLN2/COL6A2,down,FALSE
GOMF_PROTEIN_SERINE_THREONINE_KINASE_INHIBITOR_ACTIVITY,GOMF_PROTEIN_SERINE_THREONINE_KINASE_INHIBITOR_ACTIVITY,GO_MF,CD8,SF_vs_PB_CD8,1.67087778,0.486938024,0.00613781892,0.0963219082,43,16,CDKN1A/CIB1/CDKN2A/TESK1/PREX1/CDKN2C/PRKAR1A/CASP3/AKT1/PRKAR1B/CDKN2B/HTRA2/PKIA/SPRED2/RAB13/KAT2B,up,FALSE
GOMF_METALLOENDOPEPTIDASE_ACTIVITY,GOMF_METALLOENDOPEPTIDASE_ACTIVITY,GO_MF,CD8,SF_vs_PB_CD8,-1.65673595,-0.447435196,0.00625427291,0.0970466392,45,11,MME/PMPCB/ADAMTS6/OMA1/ADAMTS1/UQCRC2/MMP23B/TRABD2A/ADAM10/ADAMTS10/ADAM12,down,FALSE
GOMF_HYDROLASE_ACTIVITY_ACTING_ON_CARBON_NITROGEN_BUT_NOT_PEPTIDE_BONDS,GOMF_HYDROLASE_ACTIVITY_ACTING_ON_CARBON_NITROGEN_BUT_NOT_PEPTIDE_BONDS,GO_MF,CD8,SF_vs_PB_CD8,1.55268839,0.393437862,0.00645732114,0.0990840055,92,21,APOBEC3G/APOBEC3C/APOBEC3H/APOBEC3F/APOBEC3D/ZBP1/CRMP1/DPYSL2/DDAH2/MTHFD2/ADARB1/ACER3/HDAC10/CD101/ADARB2/MTHFD1/DCLRE1A/NIT2/PGLYRP2/UPB1/APOBEC3B,up,FALSE
GOMF_ISOMERASE_ACTIVITY,GOMF_ISOMERASE_ACTIVITY,GO_MF,CD8,SF_vs_PB_CD8,1.36581666,0.293123957,0.00666289935,0.101114989,349,106,KATNAL1/MYO1C/KIF20B/MYL6/MYO7A/HELZ2/STARD9/FUOM/PGM2L1/FKBP1A/KIF3C/KIF11/SREBF2/MYO5A/KIFC1/PMM1/DYNLRB1/KIF1C/FKBP1C/DDX60/KIF3A/DYNC1I2/FKBP8/PSMC1/PGAM1/MCM6/IFIH1/CENPE/CHD3/DYNC2H1/DHX58/KIF21A/RFC2/ZNFX1/TOP2A/PSMC3/KIFC2/MYO9B/DYNC1H1/TPI1/MYH9/KIF18B/PIN1/PGM1/SMC3/KIF18A/RECQL/EHHADH/ECI2/KIF23/TTF2/FKBP1B/GALM/PSMC2/RECQL4/MIF/ERCC6L/GPI/DICER1/KIF14/ECI1/MYO19/MCM3/ENOX1/PTGIS/CHTF18/KATNA1/KIF24/KIF5A/KIF21B/KIF5B/WRNIP1/FMR1/KIF3B/KIF1B/PGAM4/MYO9A/PUS7/HELLS/DEGS1/RAD51/KIF22/KIF4A/KIF13B/QSOX2/BPGM/MCM2/BRIP1/TMEM86B/QSOX1/MCM4/NAV2/MCM5/RAD54L/MCM7/PIN4/DNA2/POLQ/EBP/FKBP15/SNRNP200/KIF2C/FAHD2B/LSS/SRCAP/ERP27,up,FALSE
GOMF_CELL_ADHESION_MEDIATOR_ACTIVITY,GOMF_CELL_ADHESION_MEDIATOR_ACTIVITY,GO_MF,CD8,SF_vs_PB_CD8,1.64590251,0.469061451,0.00688929446,0.10261651,48,17,S100A11/ANXA2/ITGA2/CLSTN3/ANXA1/NINJ2/ITGA1/PDLIM1/EMB/ITGB1/DAG1/TMOD3/ITGAD/RAB10/PVR/VCAM1/BSG,up,FALSE
GOMF_RETINYL_PALMITATE_ESTERASE_ACTIVITY,GOMF_RETINYL_PALMITATE_ESTERASE_ACTIVITY,GO_MF,CD8,SF_vs_PB_CD8,-1.69469174,-0.844480105,0.00692041522,0.10261651,5,3,LIPE/CES1/PNPLA4,down,FALSE
GOMF_CD4_RECEPTOR_BINDING,GOMF_CD4_RECEPTOR_BINDING,GO_MF,CD8,SF_vs_PB_CD8,1.71506051,0.765457784,0.00698475885,0.10261651,8,3,CD74/HLA-DRB1/PLSCR1,up,FALSE
GOMF_SMAD_BINDING,GOMF_SMAD_BINDING,GO_MF,CD8,SF_vs_PB_CD8,1.60636392,0.439637413,0.00741338932,0.10776727,59,17,SKI/SKIL/RGCC/SMAD7/LDLRAD4/FKBP1A/JUN/ZBTB7A/PML/ZMIZ1/PMEPA1/PPARG/TGFB1I1/SMURF1/RANBP3/SNW1/SMURF2,up,FALSE
GOMF_CELL_MATRIX_ADHESION_MEDIATOR_ACTIVITY,GOMF_CELL_MATRIX_ADHESION_MEDIATOR_ACTIVITY,GO_MF,CD8,SF_vs_PB_CD8,1.64573987,0.844376897,0.00828039927,0.119116994,5,3,ITGA2/ITGA1/ITGB1,up,FALSE
GOMF_NEUROPEPTIDE_BINDING,GOMF_NEUROPEPTIDE_BINDING,GO_MF,CD8,SF_vs_PB_CD8,-1.70780785,-0.803586702,0.00886399245,0.12619766599999999,6,4,SSTR3/PTGDR2/SORL1/NMUR1,down,FALSE
GOMF_MYOSIN_HEAVY_CHAIN_BINDING,GOMF_MYOSIN_HEAVY_CHAIN_BINDING,GO_MF,CD8,SF_vs_PB_CD8,1.68083828,0.779721108,0.0092209503,0.129475727,7,3,STX1A/SPTBN5/MYL12B,up,FALSE
GOMF_CALCIUM_ION_TRANSMEMBRANE_TRANSPORTER_ACTIVITY,GOMF_CALCIUM_ION_TRANSMEMBRANE_TRANSPORTER_ACTIVITY,GO_MF,CD8,SF_vs_PB_CD8,1.57970377,0.428312161,0.00928175018,0.129475727,62,24,ATP2B4/PSEN1/ATP2B1/RYR1/ANO9/CACNB2/FAIM2/ORAI2/ATP2A3/ATP2A2/ITPR3/TPCN2/ITPR1/MCOLN2/SLC8A1/UCP3/TRPC3/TMBIM1/ATP2C1/CACNB3/CATSPER1/TRPM2/NCS1/MCOLN1,up,FALSE
GOMF_UBIQUITIN_PROTEIN_TRANSFERASE_INHIBITOR_ACTIVITY,GOMF_UBIQUITIN_PROTEIN_TRANSFERASE_INHIBITOR_ACTIVITY,GO_MF,CD8,SF_vs_PB_CD8,-1.74137656,-0.609321742,0.0096871198,0.133779124,16,9,ARHGAP5-AS1/BAG5/RPS15/RPS7/RPL23/RPL11/RPS20/RPL37/RPL5,down,FALSE
GOMF_MICROTUBULE_PLUS_END_BINDING,GOMF_MICROTUBULE_PLUS_END_BINDING,GO_MF,CD8,SF_vs_PB_CD8,1.69141716,0.58041473,0.00991101029,0.135515893,21,11,TBCB/KIF18A/NUMA1/CKAP5/CLASP1/PAFAH1B1/KNSTRN/CLIP1/STIM1/MAPRE1/KIF2C,up,FALSE
GOMF_GTPASE_INHIBITOR_ACTIVITY,GOMF_GTPASE_INHIBITOR_ACTIVITY,GO_MF,CD8,SF_vs_PB_CD8,1.70844935,0.694603013,0.0101090475,0.136868575,11,6,IQGAP1/TNK2/CPEB2/RTKN/GPS2/IQGAP2,up,FALSE
GOMF_COMPLEMENT_BINDING,GOMF_COMPLEMENT_BINDING,GO_MF,CD8,SF_vs_PB_CD8,-1.73999518,-0.697916763,0.0106668441,0.142670016,10,5,ITGAM/C1QBP/CFH/CR1/CR2,down,FALSE
GOMF_MHC_CLASS_I_RECEPTOR_ACTIVITY,GOMF_MHC_CLASS_I_RECEPTOR_ACTIVITY,GO_MF,CD8,SF_vs_PB_CD8,-1.73574978,-0.629638312,0.0107441576,0.142670016,14,4,LILRB1/KLRD1/CD160/KLRF1,down,FALSE
GOMF_CALCIUM_CHANNEL_REGULATOR_ACTIVITY,GOMF_CALCIUM_CHANNEL_REGULATOR_ACTIVITY,GO_MF,CD8,SF_vs_PB_CD8,1.63820862,0.505437428,0.0108480428,0.142677591,33,17,STX1A/FKBP1A/ATP2A3/SGK1/ATP2A2/PHPT1/CALM2/ITPR1/PDE4B/GEM/SRI/FKBP1B/SLC30A1/GRM2/YWHAE/CACNB3/STIM1,up,FALSE
GOMF_L_SERINE_TRANSMEMBRANE_TRANSPORTER_ACTIVITY,GOMF_L_SERINE_TRANSMEMBRANE_TRANSPORTER_ACTIVITY,GO_MF,CD8,SF_vs_PB_CD8,1.65012163,0.801049419,0.010990657,0.143189597,6,4,SFXN3/SLC1A5/SLC1A4/SLC38A5,up,FALSE
GOMF_CATALYTIC_ACTIVITY_ACTING_ON_RNA,GOMF_CATALYTIC_ACTIVITY_ACTING_ON_RNA,GO_MF,CD8,SF_vs_PB_CD8,-1.28142457,-0.250784414,0.0114182944,0.145308283,349,124,MTO1/POLR3B/EXOSC2/TYW3/SETX/EXD2/FARSA/TRMT5/DIS3L/GTPBP3/DDX41/DDX20/POLR2B/EARS2/SMG6/CNOT8/ANGEL2/TRUB2/PRIM1/ERI3/POLR3H/LARS2/DIS3L2/FARSB/RPP40/DDX10/OSGEP/TRMT44/POLR1C/DDX24/TRUB1/FTO/ELAC1/METTL6/DHX37/TSEN34/TRMT10B/THUMPD3/RTCB/FARS2/DDX31/SAMHD1/ZCCHC4/CRCP/TRMT10A/TARS2/PDE12/NOP2/DTWD1/NSUN6/THUMPD2/DDX56/NARS2/SARS2/POLR3C/TSEN2/PARN/NAT10/DDX6/TRMT2B/EXOSC1/TRNT1/TRMT11/AARS2/EMG1/MRPL44/TARBP1/DXO/YARS2/CDK5RAP1/QTRT1/MRM1/RPP25/TFB2M/NSUN3/DCP2/TRMT61B/ISG20L2/METTL16/TRMT1L/TRMT1/DDX28/TRMT12/TRMT61A/EIF4A1/DDX21/RNASET2/DDX17/DDX5/TRMT10C/NOB1/EXOSC5/FXR1/DUS3L/DHX32/TRMT13/RCL1/CNOT7/DDX3Y/DDX18/ALKBH3/POLR3G/RPUSD4/TGS1/PLD6/POLR2C/DDX55/OSGEPL1/ALKBH7/SND1/PAN2/TYW1/POLR1B/POLR2H/METTL1/MARS2/POP5/EIF4A2/ELP3/DTWD2/APEX1/G3BP1/ERN1/FBL,down,FALSE
GOMF_GTPASE_ACTIVITY,GOMF_GTPASE_ACTIVITY,GO_MF,CD8,SF_vs_PB_CD8,1.37741211,0.306866616,0.0114423117,0.145308283,241,84,MX1/RGS16/GNA15/TPPP/ARHGAP35/TUBB6/RAB1B/RGS1/RGS9/RAB27A/RAC1/RHOA/RAB35/HRAS/RALB/GNA13/RAB11A/GNG5/ATL3/ENTPD1/GNAZ/GNB1/RHOB/RAB38/ARL3/KRAS/DNM2/RRAGC/IRGQ/GNAI2/RALA/RRAS/ARL8A/GNAS/NRAS/GNB5/GNAI3/RAB21/GEM/TUBB4B/RAB10/ARF6/GSPT1/RGS13/TUBB2A/EEF1A2/RABL6/RHEB/GNL2/RAB33A/ARF5/TUBA1B/RAB13/RHOT2/ARL13B/GTPBP2/RHOF/RAP2C/RAB40C/RAC3/RASD1/RAB36/RAB4B/RASD2/RAB22A/AGAP3/EIF5B/RIT1/GNB2/RAB5C/RAB34/RASA1/AGAP6/RAB31/RAB5A/ARL1/RHOC/GNA12/SRP54/RAB11B/AGAP2/ARHGDIB/RAB27B/ARL4A,up,FALSE
GOMF_GDP_BINDING,GOMF_GDP_BINDING,GO_MF,CD8,SF_vs_PB_CD8,1.57996242,0.44145747,0.0114689376,0.145308283,53,26,RAB27A/RAB35/HRAS/RALB/RHOB/ARL3/KRAS/RRAGC/RALA/RRAS/GNAI3/RAB21/GEM/RAB10/ARF6/DYNC1LI1/RHEB/RHOT2/RAP2C/RAB22A/RAB5C/RAB31/RAB5A/SRP54/RAB11B/RAB27B,up,FALSE
GOMF_LAMININ_BINDING,GOMF_LAMININ_BINDING,GO_MF,CD8,SF_vs_PB_CD8,1.6915302,0.622380758,0.0116408866,0.14614604,16,7,ITGA2/LGALS1/LGALS3/PLEKHA2/GPC1/ITGB1/DAG1,up,FALSE
GOMF_G_PROTEIN_BETA_GAMMA_SUBUNIT_COMPLEX_BINDING,GOMF_G_PROTEIN_BETA_GAMMA_SUBUNIT_COMPLEX_BINDING,GO_MF,CD8,SF_vs_PB_CD8,1.6890685,0.632296722,0.0121814193,0.151039095,15,6,GNA15/GNA13/GNAZ/GNAI2/GNAS/GNAI3,up,FALSE
GOMF_PHOSPHATIDYLINOSITOL_3_4_5_TRISPHOSPHATE_BINDING,GOMF_PHOSPHATIDYLINOSITOL_3_4_5_TRISPHOSPHATE_BINDING,GO_MF,CD8,SF_vs_PB_CD8,1.64318738,0.522361815,0.012251384,0.151039095,29,11,IQGAP1/ARHGAP9/RACGAP1/ZFYVE1/PHLDA3/AKT1/DAPP1/IQGAP2/GAB2/ARAP3/ARAP1,up,FALSE
GOMF_DYNEIN_COMPLEX_BINDING,GOMF_DYNEIN_COMPLEX_BINDING,GO_MF,CD8,SF_vs_PB_CD8,1.68286633,0.609265664,0.0123587384,0.151039095,17,13,GPSM2/SMC3/CENPF/KATNB1/NUMA1/SNCA/FMR1/PAFAH1B1/ATMIN/HDAC6/BICD1/BICD2/DCTN6,up,FALSE
GOMF_PRE_MRNA_BINDING,GOMF_PRE_MRNA_BINDING,GO_MF,CD8,SF_vs_PB_CD8,-1.62356955,-0.463846701,0.0126526191,0.153274272,35,14,RNU11/TRA2B/TARDBP/TARBP2/RBM4/ZC3H14/RBM24/DDX5/RNPC3/U2AF2/SRSF6/ARGLU1/HNRNPA1/CELF2,down,FALSE
GOMF_CARGO_RECEPTOR_ACTIVITY,GOMF_CARGO_RECEPTOR_ACTIVITY,GO_MF,CD8,SF_vs_PB_CD8,1.58899542,0.465441108,0.0135211549,0.162332495,42,17,CD44/LRP8/LDLR/SURF4/MARCO/CXCL16/MSR1/ILDR1/SCARB2/OLR1/CD6/FOLR2/VLDLR/LRP10/MEGF6/TFRC/APOBR,up,FALSE
GOMF_PROTEIN_KINASE_A_CATALYTIC_SUBUNIT_BINDING,GOMF_PROTEIN_KINASE_A_CATALYTIC_SUBUNIT_BINDING,GO_MF,CD8,SF_vs_PB_CD8,1.67466549,0.680867534,0.0136354594,0.162332495,11,5,EZR/PRKAR1A/PRKAR1B/GSK3A/PKIA,up,FALSE
GOMF_OXYSTEROL_BINDING,GOMF_OXYSTEROL_BINDING,GO_MF,CD8,SF_vs_PB_CD8,-1.70340744,-0.617906223,0.0139628715,0.163065624,14,5,EPHX1/OSBPL5/RORA/RORC/GPR141,down,FALSE
GOMF_KINASE_REGULATOR_ACTIVITY,GOMF_KINASE_REGULATOR_ACTIVITY,GO_MF,CD8,SF_vs_PB_CD8,1.364904,0.304699312,0.0140741766,0.163065624,236,76,CDKN1A/RGCC/IQGAP1/CIB1/CAB39/CDKN2A/CCL5/PRKCD/SOCS1/CNPPD1/CKS1B/WNK1/SH3GLB1/TESK1/TRIB1/PREX1/ERBB3/MAP2K2/MT3/DUSP22/CDKN2C/GSKIP/PRKAR1A/TTN/CASP3/CKS2/HMGB1/DUSP3/CCDC88A/AKT1/TAOK1/ANKLE2/AFAP1L2/CALM2/PRKAR1B/CDKN2B/YWHAB/CSNK2B/HTRA2/CCNYL1/PIK3R6/KLF4/EFNA5/SH3BP5L/PKIA/PRKAG1/RHEB/STK3/SPRED2/CCNI2/ACSL1/SNCA/SAP30BP/TPX2/RAB13/KAT2B/ABL1/LILRB4/NCKAP1L/MOB3B/TRIB3/CCNA2/TAOK2/CCND2/VEGFA/FAF1/MNAT1/CAV1/PPP2R5A/FAM20A/SRC/MARK2/AGRN/STK11/CIT/TREM2,up,FALSE
GOMF_PROTEIN_CYSTEINE_S_ACYLTRANSFERASE_ACTIVITY,GOMF_PROTEIN_CYSTEINE_S_ACYLTRANSFERASE_ACTIVITY,GO_MF,CD8,SF_vs_PB_CD8,1.65158945,0.560144753,0.0140923484,0.163065624,22,12,ZDHHC11B/ZDHHC12/ZDHHC23/ZDHHC18/GLUL/ZDHHC13/ZDHHC11/ZDHHC2/ZDHHC5/ZDHHC7/ZDHHC21/ZDHHC8,up,FALSE
GOMF_MHC_CLASS_II_PROTEIN_BINDING,GOMF_MHC_CLASS_II_PROTEIN_BINDING,GO_MF,CD8,SF_vs_PB_CD8,1.60548813,0.823725004,0.0143678161,0.163065624,5,3,CD74/LAG3/CD81,up,FALSE
GOMF_FIBRONECTIN_BINDING,GOMF_FIBRONECTIN_BINDING,GO_MF,CD8,SF_vs_PB_CD8,1.66770511,0.613614567,0.0143694963,0.163065624,16,9,EPHA1/SDC4/PLEKHA2/CTSL/ITGB1/IGFBP6/LILRB4/CTSK/VEGFA,up,FALSE
GOMF_AMYLOID_BETA_BINDING,GOMF_AMYLOID_BETA_BINDING,GO_MF,CD8,SF_vs_PB_CD8,1.55430353,0.434288117,0.0144055077,0.163065624,53,12,CD74/ITM2A/ITGA2/ITM2C/LRP8/CLU/LDLR/FBXO2/MARCO/C1QA/PGRMC1/MSR1,up,FALSE
GOMF_NITRIC_OXIDE_SYNTHASE_BINDING,GOMF_NITRIC_OXIDE_SYNTHASE_BINDING,GO_MF,CD8,SF_vs_PB_CD8,1.64196967,0.761690419,0.0146199373,0.164147426,7,6,CD74/ATP2B4/SNTA1/CAV1/DMD/CALM3,up,FALSE
GOMF_PROTEIN_KINASE_A_BINDING,GOMF_PROTEIN_KINASE_A_BINDING,GO_MF,CD8,SF_vs_PB_CD8,1.60150694,0.484856855,0.0148191758,0.16485419,36,13,EZR/AKAP5/AKAP13/GSKIP/PRKAR1A/PRKAR1B/PRKACA/GSK3A/AKAP9/AKAP11/RARA/PKIA/WASF2,up,FALSE
GOMF_RNA_POLYMERASE_CORE_ENZYME_BINDING,GOMF_RNA_POLYMERASE_CORE_ENZYME_BINDING,GO_MF,CD8,SF_vs_PB_CD8,-1.58205129,-0.440226115,0.0149775585,0.16485419,39,16,SCAF4/RPRD2/CDC73/SUPT4H1/MAF1/RECQL5/RRN3/PCF11/SMYD3/ERBB2/RPRD1A/CTR9/ELP2/POLR2M/RPAP2/WDR43,down,FALSE
GOMF_PHOSPHATIDIC_ACID_BINDING,GOMF_PHOSPHATIDIC_ACID_BINDING,GO_MF,CD8,SF_vs_PB_CD8,1.6458883500000001,0.564791385,0.0150410051,0.16485419,21,9,PLEKHN1/PITPNM1/SESTD1/SMPD3/MICALL1/PLCD1/RAPGEF2/ATP13A2/GRAMD1B,up,FALSE
GOMF_ATPASE_COUPLED_TRANSMEMBRANE_TRANSPORTER_ACTIVITY,GOMF_ATPASE_COUPLED_TRANSMEMBRANE_TRANSPORTER_ACTIVITY,GO_MF,CD8,SF_vs_PB_CD8,1.53376349,0.418479987,0.0151630023,0.164882726,60,32,ATP1B1/ABCG1/ATP2B4/TCIRG1/ATP2B1/ATP2A3/ABCB10/ATP2A2/TAP1/ATP13A1/ATP6V0B/ABCC1/SLC36A1/ATP6V1E1/ATP13A3/ABCB8/ATP13A2/ATP2C1/ABCD4/ATP6V1D/ATP6V1B2/RALBP1/ABCA3/ABCC4/ATP6V0D1/ATP6V1F/ABCA2/ABCC10/ATP8A1/ATP6V1A/ABCA5/ABCA7,up,FALSE
GOMF_UBIQUITIN_LIGASE_INHIBITOR_ACTIVITY,GOMF_UBIQUITIN_LIGASE_INHIBITOR_ACTIVITY,GO_MF,CD8,SF_vs_PB_CD8,-1.69125374,-0.628341384,0.0154117328,0.166278148,13,9,ARHGAP5-AS1/BAG5/RPS15/RPS7/RPL23/RPL11/RPS20/RPL37/RPL5,down,FALSE
GOMF_TRANSMEMBRANE_TRANSPORTER_BINDING,GOMF_TRANSMEMBRANE_TRANSPORTER_BINDING,GO_MF,CD8,SF_vs_PB_CD8,1.48006927,0.377151563,0.015987285,0.171150702,89,27,YWHAH/S100A10/ACTN4/STX1A/CIB1/FKBP1A/VDAC1/PACS2/PGK1/RIMS3/TSPO/ATP2A3/HERPUD1/ATP2A2/PHPT1/STAC/CALM2/BAK1/RNF207/PDE4B/SRI/HTT/AKAP9/DIAPH1/SLC8A1/FKBP1B/PPP2CB,up,FALSE
GOMF_G_PROTEIN_COUPLED_RECEPTOR_BINDING,GOMF_G_PROTEIN_COUPLED_RECEPTOR_BINDING,GO_MF,CD8,SF_vs_PB_CD8,1.43298303,0.347420515,0.0161845368,0.171666699,123,27,CCL4L2/PMCH/GNA15/CXCL13/WNT9A/CCL5/CCL3/CCL23/HSPA1A/AKAP5/WNT10A/CCL4/GNA13/GNAZ/CKLF/ARHGEF12/MARCO/CXCL16/XCL1/CCL2/GNAI2/RALA/GNAS/GNAI3/CCL18/VPS35/ADORA2A,up,FALSE
GOMF_PHOSPHATASE_BINDING,GOMF_PHOSPHATASE_BINDING,GO_MF,CD8,SF_vs_PB_CD8,1.40061399,0.328285035,0.0163785792,0.171666699,158,43,KCNN4/ARPP19/LGALS3/MVP/ATP2B4/IQGAP1/DZIP3/AKAP5/WNK1/CTTNBP2NL/ITGA1/MAPK3/CARHSP1/KIF3A/CEACAM1/PPP6R1/MFHAS1/BAD/DLG3/PPARA/PDLIM4/ANKLE2/FOXO1/SIGLEC10/MAPK1/STRN4/PPP3CB/ENSA/CFL1/AKAP11/SFI1/PPP3R1/MAST2/GIT1/JAK3/TRAF2/TRAF3/PPME1/CSF1R/YWHAE/MASTL/LILRB4/NEK2,up,FALSE
GOMF_GDP_DISSOCIATION_INHIBITOR_ACTIVITY,GOMF_GDP_DISSOCIATION_INHIBITOR_ACTIVITY,GO_MF,CD8,SF_vs_PB_CD8,1.65294896,0.630411542,0.0164084028,0.171666699,14,7,GPSM2/ARHGDIA/ITGB1BP1/CCDC88A/CHML/RANBP1/GPSM1,up,FALSE
GOMF_DOUBLE_STRANDED_TELOMERIC_DNA_BINDING,GOMF_DOUBLE_STRANDED_TELOMERIC_DNA_BINDING,GO_MF,CD8,SF_vs_PB_CD8,-1.68536629,-0.697637752,0.0167693662,0.17412402,9,4,TERF1/XRCC5/HMBOX1/APEX1,down,FALSE
GOMF_UNFOLDED_PROTEIN_BINDING,GOMF_UNFOLDED_PROTEIN_BINDING,GO_MF,CD8,SF_vs_PB_CD8,-1.44202486,-0.337461662,0.0173662992,0.17770953,93,26,CCT2/TIMM10B/CCT5/HSPA8/HEATR3/TRAP1/DNAJC4/CCT7/HSPE1/HSP90AA1/SHQ1/CCT4/DNAJB4/NUDCD2/HSPD1/CANX/TOMM20/CCT3/DNAJA3/PFDN5/HSP90AB1/NPM1/HSP90B1/NACA/HSPA5/ERN1,down,FALSE
GOMF_TAU_PROTEIN_KINASE_ACTIVITY,GOMF_TAU_PROTEIN_KINASE_ACTIVITY,GO_MF,CD8,SF_vs_PB_CD8,1.63560474,0.583624993,0.0173720395,0.17770953,18,9,ROCK1/TAOK1/MARK4/GSK3A/SIK3/ROCK2/TAOK2/MARK2/MARK3,up,FALSE
GOMF_LIPID_TRANSPORTER_ACTIVITY,GOMF_LIPID_TRANSPORTER_ACTIVITY,GO_MF,CD8,SF_vs_PB_CD8,1.44175758,0.356389404,0.0175724693,0.177834429,108,33,ABCG1/ATP10D/PCTP/FABP5/ATP8B4/SERINC2/ANO9/SLC27A4/SLC2A1/PLSCR1/SLC10A3/TSPO/CEACAM1/GRAMD1C/SLC27A2/PITPNA/PITPNM1/ATG9A/CLPTM1L/PRELID2/ATP8B2/ATP8B3/OSBPL11/ABCC1/ATP11B/VMP1/TMEM63B/SLCO4A1/STARD4/GRAMD1B/OSBPL7/ABCD4/ATP11A,up,FALSE
GOMF_EXOGENOUS_PROTEIN_BINDING,GOMF_EXOGENOUS_PROTEIN_BINDING,GO_MF,CD8,SF_vs_PB_CD8,1.52728814,0.423673006,0.0176417935,0.177834429,55,22,ITGA2/SLC1A5/CCR5/LDLR/HSPA1A/CD86/CDK1/PLSCR1/CD81/HYAL3/ITGB1/DAG1/CLEC5A/MYH9/SCARB2/PVR/CD80/F11R/BSG/TFRC/SIVA1/XPR1,up,FALSE
GOMF_WNT_PROTEIN_BINDING,GOMF_WNT_PROTEIN_BINDING,GO_MF,CD8,SF_vs_PB_CD8,-1.67684884,-0.694112053,0.0181558099,0.180537405,9,3,FZD3/TRABD2A/ROR2,down,FALSE
GOMF_COMPLEMENT_COMPONENT_C3B_BINDING,GOMF_COMPLEMENT_COMPONENT_C3B_BINDING,GO_MF,CD8,SF_vs_PB_CD8,-1.61985968,-0.807190618,0.018171397,0.180537405,5,3,ITGAM/CFH/CR1,down,FALSE
GOMF_CELL_CELL_ADHESION_MEDIATOR_ACTIVITY,GOMF_CELL_CELL_ADHESION_MEDIATOR_ACTIVITY,GO_MF,CD8,SF_vs_PB_CD8,1.58981828,0.49822483,0.0184636348,0.181952334,31,8,S100A11/ANXA2/CLSTN3/ANXA1/NINJ2/PDLIM1/EMB/TMOD3,up,FALSE
GOMF_SECONDARY_ACTIVE_MONOCARBOXYLATE_TRANSMEMBRANE_TRANSPORTER_ACTIVITY,GOMF_SECONDARY_ACTIVE_MONOCARBOXYLATE_TRANSMEMBRANE_TRANSPORTER_ACTIVITY,GO_MF,CD8,SF_vs_PB_CD8,1.60429219,0.77880158,0.0188170533,0.181952334,6,3,SLC6A6/SLC16A3/SLC10A3,up,FALSE
GOMF_INTERMEDIATE_FILAMENT_BINDING,GOMF_INTERMEDIATE_FILAMENT_BINDING,GO_MF,CD8,SF_vs_PB_CD8,1.58390966,0.812653779,0.0188672111,0.181952334,5,1,VIM,up,FALSE
GOMF_OXIDOREDUCTASE_ACTIVITY_ACTING_ON_A_SULFUR_GROUP_OF_DONORS_NAD_P_AS_ACCEPTOR,GOMF_OXIDOREDUCTASE_ACTIVITY_ACTING_ON_A_SULFUR_GROUP_OF_DONORS_NAD_P_AS_ACCEPTOR,GO_MF,CD8,SF_vs_PB_CD8,1.61755572,0.750365073,0.0189613907,0.181952334,7,3,TXN/PGK1/TXNDC17,up,FALSE
GOMF_PROTEIN_PHOSPHATASE_2B_BINDING,GOMF_PROTEIN_PHOSPHATASE_2B_BINDING,GO_MF,CD8,SF_vs_PB_CD8,1.60339856,0.778367768,0.0190230111,0.181952334,6,3,ATP2B4/AKAP5/PPP3CB,up,FALSE
GOMF_CHLORIDE_CHANNEL_REGULATOR_ACTIVITY,GOMF_CHLORIDE_CHANNEL_REGULATOR_ACTIVITY,GO_MF,CD8,SF_vs_PB_CD8,1.63467169,0.683237154,0.0191043363,0.181952334,10,5,STX1A/ANO9/STX7/SGK1/VAMP8,up,FALSE
GOMF_LIPOPOLYSACCHARIDE_BINDING,GOMF_LIPOPOLYSACCHARIDE_BINDING,GO_MF,CD8,SF_vs_PB_CD8,-1.63247696,-0.537195452,0.0194365276,0.183848251,20,9,PSMB4/CASP4/ZRANB2/HSPD1/NLRP6/GBP1/NINJ1/P2RX7/SPON2,down,FALSE
GOMF_TRANSPORTER_INHIBITOR_ACTIVITY,GOMF_TRANSPORTER_INHIBITOR_ACTIVITY,GO_MF,CD8,SF_vs_PB_CD8,1.56821411,0.4807735,0.0202312139,0.190063309,34,13,STX1A/ANO9/STX7/ANKRD36C/PHPT1/CALM2/PRKACA/ITPR1/ENSA/LAMP2/FKBP1B/SLC30A1/VAMP8,up,FALSE
GOMF_PHOSPHATASE_REGULATOR_ACTIVITY,GOMF_PHOSPHATASE_REGULATOR_ACTIVITY,GO_MF,CD8,SF_vs_PB_CD8,1.44690821,0.365294997,0.0203961531,0.190318158,94,39,ANKRD28/ARPP19/LGALS3/RCAN2/EIF2AK2/PPP1R14B/ITGA1/PPP4R1/BMP2K/PPP6R1/PPP1R12C/ANKLE2/CALM2/PPP1R16A/YWHAB/ENSA/PPP1R16B/CDCA2/PPP3R1/PPP2R5D/PPME1/YWHAE/PPP1R12A/PPP1R3B/PPP2R5A/TPRN/PPP1R9B/B3GAT3/DMPK/CALM3/PPP2R1B/GNA12/TESC/TIPRL/CABIN1/CNEP1R1/SIRPA/PPP1R7/PPP6R2,up,FALSE
GOMF_LIPID_TRANSMEMBRANE_TRANSPORTER_ACTIVITY,GOMF_LIPID_TRANSMEMBRANE_TRANSPORTER_ACTIVITY,GO_MF,CD8,SF_vs_PB_CD8,1.60134461,0.537812551,0.0205787781,0.190733507,23,10,ABCG1/FABP5/SLC27A4/SLC2A1/SLC10A3/CEACAM1/SLC27A2/ABCC1/SLCO4A1/ABCD4,up,FALSE
GOMF_S_ACYLTRANSFERASE_ACTIVITY,GOMF_S_ACYLTRANSFERASE_ACTIVITY,GO_MF,CD8,SF_vs_PB_CD8,1.58930412,0.51384326,0.0209210052,0.191339642,27,13,ZDHHC11B/ZDHHC12/ZDHHC23/FASN/ZDHHC18/GLUL/ZDHHC13/ZDHHC11/ZDHHC2/ZDHHC5/ZDHHC7/ZDHHC21/ZDHHC8,up,FALSE
GOMF_SIRNA_BINDING,GOMF_SIRNA_BINDING,GO_MF,CD8,SF_vs_PB_CD8,1.61268169,0.719764551,0.0210095649,0.191339642,8,5,MBD2/AGO2/DICER1/FMR1/PRKRA,up,FALSE
GOMF_PROTEIN_KINASE_A_REGULATORY_SUBUNIT_BINDING,GOMF_PROTEIN_KINASE_A_REGULATORY_SUBUNIT_BINDING,GO_MF,CD8,SF_vs_PB_CD8,1.61188745,0.567195104,0.0210598303,0.191339642,19,7,EZR/AKAP5/GSKIP/PRKACA/AKAP9/AKAP11/WASF2,up,FALSE
GOMF_GUANYL_NUCLEOTIDE_BINDING,GOMF_GUANYL_NUCLEOTIDE_BINDING,GO_MF,CD8,SF_vs_PB_CD8,1.31924379,0.289790699,0.021464578,0.193742368,275,63,MX1/EHD4/GNA15/ARHGAP35/TUBB6/RAB1B/CIITA/RAB27A/GLUD1/RAC1/RHOA/RAB35/HRAS/RALB/GNA13/RAB11A/ARHGEF5/ATL3/SPAG1/GNAZ/RHOB/AK4/RAB38/ARL3/KRAS/PCK2/MFHAS1/DNM2/RRAGC/TUBG1/IRGQ/TUBA1A/GNAI2/RALA/RRAS/ARL8A/GNAS/RTKN/NRAS/GNAI3/RAB21/GEM/TUBA1C/TUBB4B/TUBA4A/GLUD2/RAPGEF2/RAB10/ARF6/DYNC1LI1/GSPT1/TUBB2A/EEF1A2/RABL6/RHEB/GNL2/SEPHS1/RAB33A/ARF5/TUBA1B/RAB13/RHOT2/ARL13B,up,FALSE
GOMF_CALCIUM_DEPENDENT_PHOSPHOLIPID_BINDING,GOMF_CALCIUM_DEPENDENT_PHOSPHOLIPID_BINDING,GO_MF,CD8,SF_vs_PB_CD8,1.59121907,0.528832948,0.0221055732,0.198232445,24,7,ANXA5/ANXA2/ANXA1/CPNE5/ANXA4/MCTP1/SYT11,up,FALSE
GOMF_IMMUNE_RECEPTOR_ACTIVITY,GOMF_IMMUNE_RECEPTOR_ACTIVITY,GO_MF,CD8,SF_vs_PB_CD8,-1.37660486,-0.308262502,0.0226057873,0.201054185,122,19,FCGR3B/IL7R/KLRD1/NCR3/CCR10/IL18R1/CXCR2/IL18RAP/CX3CR1/CCR9/CCR6/CMKLR1/CR1/FCGR3A/CR2/IL23R/LAIR1/CD160/KLRF1,down,FALSE
GOMF_PEPTIDE_HORMONE_BINDING,GOMF_PEPTIDE_HORMONE_BINDING,GO_MF,CD8,SF_vs_PB_CD8,-1.61550016,-0.539007633,0.0227114069,0.201054185,19,9,PIK3R1/RAMP1/CRHR1/SLC40A1/VIPR2/IGF1R/VIPR1/CMKLR1/IL23R,down,FALSE
GOMF_PHOSPHATIDYLSERINE_BINDING,GOMF_PHOSPHATIDYLSERINE_BINDING,GO_MF,CD8,SF_vs_PB_CD8,1.5379079,0.457944416,0.0230247172,0.202529519,39,16,ANXA5/ANXA2/ANXA1/PLEKHN1/ANXA4/C1QA/HMGB1/TLN1/SESTD1/SMPD3/PLCD1/C1QB/SCARB2/C1QC/ANXA7/GRAMD1B,up,FALSE
GOMF_CAMP_BINDING,GOMF_CAMP_BINDING,GO_MF,CD8,SF_vs_PB_CD8,1.60625082,0.638188127,0.0247100353,0.21531877,12,8,PDE4A/PRKAR1A/PRKAR1B/PDE4B/RAPGEF2/HCN2/HCN3/PDE4D,up,FALSE
GOMF_TRANSFERASE_ACTIVITY_TRANSFERRING_ONE_CARBON_GROUPS,GOMF_TRANSFERASE_ACTIVITY_TRANSFERRING_ONE_CARBON_GROUPS,GO_MF,CD8,SF_vs_PB_CD8,-1.32587349,-0.28558617,0.0247905028,0.21531877,159,63,MTFMT/PRMT2/BCDIN3D/GART/PRMT1/TYW3/EHMT1/TRMT5/PRMT7/ASH1L/SETD3/PRMT3/TRMT44/METTL23/RRP8/METTL13/SETMAR/METTL6/TRMT10B/THUMPD3/EHMT2/ZCCHC4/PRDM13/TRMT10A/NOP2/MGMT/NSUN6/THUMPD2/GATM/PRMT5/TRMT2B/METTL21A/TRMT11/EMG1/TARBP1/MRM1/TFB2M/NSUN3/COQ5/PCMTD1/TRMT61B/METTL16/TRMT1L/TRMT1/CAMKMT/TRMT12/TRMT61A/SETDB1/SMYD3/HEMK1/TRMT10C/METTL25/VCPKMT/TRMT13/GAMT/TGS1/PCMTD2/ATIC/METTL1/METTL24/DNMT3A/DPH5/FBL,down,FALSE
GOMF_SINGLE_STRANDED_DNA_HELICASE_ACTIVITY,GOMF_SINGLE_STRANDED_DNA_HELICASE_ACTIVITY,GO_MF,CD8,SF_vs_PB_CD8,1.57412996,0.528672495,0.0251672895,0.217225167,23,14,MCM6/RFC2/MCM3/CHTF18/WRNIP1/RAD51/MCM2/MCM4/MCM5/MCM7/DNA2/POLQ/RFC3/RFC5,up,FALSE
GOMF_CLATHRIN_HEAVY_CHAIN_BINDING,GOMF_CLATHRIN_HEAVY_CHAIN_BINDING,GO_MF,CD8,SF_vs_PB_CD8,1.59110076,0.710132648,0.0256537845,0.21937003,8,6,LDLR/PICALM/CLTB/TOM1/GPR107/CLTA,up,FALSE
GOMF_TRANSLATION_ELONGATION_FACTOR_ACTIVITY,GOMF_TRANSLATION_ELONGATION_FACTOR_ACTIVITY,GO_MF,CD8,SF_vs_PB_CD8,-1.60558423,-0.543764953,0.0259222333,0.21937003,18,6,TUFM/EEF1D/EEF1G/EEF2/EEF1A1/EEF1B2,down,FALSE
GOMF_G_PROTEIN_ACTIVITY,GOMF_G_PROTEIN_ACTIVITY,GO_MF,CD8,SF_vs_PB_CD8,1.43535021,0.367039638,0.0259778759,0.21937003,87,35,RAB1B/RAB27A/RAC1/RHOA/RAB35/HRAS/RALB/GNA13/RAB11A/RAB38/KRAS/RALA/RRAS/GNAS/NRAS/RAB21/RAB10/ARF6/RABL6/RAB33A/RAB13/RAP2C/RAB40C/RAC3/RAB36/RAB4B/RAB22A/RIT1/RAB5C/RAB34/RAB31/RAB5A/GNA12/RAB11B/RAB27B,up,FALSE
GOMF_CLATHRIN_ADAPTOR_ACTIVITY,GOMF_CLATHRIN_ADAPTOR_ACTIVITY,GO_MF,CD8,SF_vs_PB_CD8,1.58592996,0.558061116,0.0261099811,0.21937003,19,5,AP1S1/AP2B1/HIP1/AP4M1/AP1G2,up,FALSE
GOMF_STRUCTURAL_CONSTITUENT_OF_CYTOSKELETON,GOMF_STRUCTURAL_CONSTITUENT_OF_CYTOSKELETON,GO_MF,CD8,SF_vs_PB_CD8,1.45981904,0.390474978,0.0262100325,0.21937003,67,27,VIM/LMNA/PLEC/HIP1/TUBB6/HLA-DRB1/LMNB1/ACTR1A/LMNB2/TUBG1/TUBA1A/TLN1/TUBA1C/TUBB4B/MSN/TUBA4A/TUBB2A/ACTR1B/ACTG2/TUBA1B/ARPC2/EPB41L3/ARPC4/SPTAN1/AGRN/ARPC1B/ARPC5,up,FALSE
GOMF_SCAFFOLD_PROTEIN_BINDING,GOMF_SCAFFOLD_PROTEIN_BINDING,GO_MF,CD8,SF_vs_PB_CD8,1.49533886,0.424454698,0.0264431358,0.219987774,49,22,VIM/ATP2B4/DYNLL1/AKAP5/MAP2K2/PLCG2/GIT1/CRK/GRM2/YWHAE/SRC/TREM1/CIT/TREM2/ATG4B/CD163/NLGN4Y/NCK2/MAP2K1/PARK7/PDE4D/CDC37,up,FALSE
GOMF_ATP_HYDROLYSIS_ACTIVITY,GOMF_ATP_HYDROLYSIS_ACTIVITY,GO_MF,CD8,SF_vs_PB_CD8,1.28848633,0.279151554,0.0267080497,0.220861178,316,104,KATNAL1/KIF20B/HELZ2/ABCG1/SMC4/ATP2B4/ATP10D/CLU/KIF3C/ATP8B4/ATP2B1/HSPA1A/MYO5A/KIFC1/SMC6/KIF1C/ENTPD1/DDX60/KIF3A/ATP2A3/ABCB10/PSMC1/MCM6/IFIH1/ATP2A2/CHD3/MYO18A/DHX58/KIF21A/RFC2/PSMC3/KIFC2/MYO9B/KIF18B/TAP1/ATP13A1/ATAD2/SMC3/KIF18A/ATP8B2/RECQL/RNF213/SMC2/KIF23/ATP8B3/PSMC2/RECQL4/ERCC6L/ABCC1/MLH1/KIF14/ATP13A3/ATP11B/MYO19/MCM3/CHD4/CHTF18/ABCB8/ATP13A2/KATNA1/KIF5A/KIF21B/KIF5B/WRNIP1/RHOT2/KIF3B/KIF1B/TOR3A/HSPA2/TRIP13/ATP2C1/KIF22/ABCD4/SMC1A/ATP11A/NLRP3/MORC4/KIF13B/MCM2/BRIP1/MCM4/NAV2/MCM5/RAD54L/MCM7/DNA2/POLQ/SNRNP200/KIF2C/SRCAP/TOR4A/ORC1/DHX57/DDX27/KIF15/UPF1/SMARCA4/ABCA3/ABCC4/INO80/DDX11/RAD54L2/DDX19B/ABCA2,up,FALSE
GOMF_THIOESTERASE_BINDING,GOMF_THIOESTERASE_BINDING,GO_MF,CD8,SF_vs_PB_CD8,1.59225123,0.686289564,0.0270691298,0.222514692,9,5,TRAF1/RAC1/ARF6/TRAF2/TRAF3,up,FALSE
GOMF_HYDROLASE_ACTIVITY_ACTING_ON_ETHER_BONDS,GOMF_HYDROLASE_ACTIVITY_ACTING_ON_ETHER_BONDS,GO_MF,CD8,SF_vs_PB_CD8,-1.62419669,-0.651469678,0.0279422527,0.228332846,10,5,AKR7A2/EPHX4/EPHX1/EPHX2/LTA4H,down,FALSE
GOMF_ENDOPEPTIDASE_REGULATOR_ACTIVITY,GOMF_ENDOPEPTIDASE_REGULATOR_ACTIVITY,GO_MF,CD8,SF_vs_PB_CD8,1.43519142,0.372242236,0.0281687923,0.228830013,80,18,ANXA2/SERPINB8/CRIM1/HMSD/SPINT1/CSTB/PTTG1/GAPDH/NDUFA13/TIMP2/APAF1/BAD/LXN/CAST/PSENEN/SPOCK2/CD109/ADRM1,up,FALSE
GOMF_UBIQUITIN_PROTEIN_TRANSFERASE_REGULATOR_ACTIVITY,GOMF_UBIQUITIN_PROTEIN_TRANSFERASE_REGULATOR_ACTIVITY,GO_MF,CD8,SF_vs_PB_CD8,-1.51738428,-0.436130284,0.0288715839,0.233167587,34,11,ARHGAP5-AS1/BMI1/BAG5/TRIB2/RPS15/RPS7/RPL23/RPL11/RPS20/RPL37/RPL5,down,FALSE
GOMF_14_3_3_PROTEIN_BINDING,GOMF_14_3_3_PROTEIN_BINDING,GO_MF,CD8,SF_vs_PB_CD8,-1.54396451,-0.469816127,0.0294617428,0.236550389,27,9,HDAC7/PRKCE/IRS2/RPTOR/TMCC3/KLHL22/TP53/SRPK2/SIK1,down,FALSE
GOMF_NEUTRAL_L_AMINO_ACID_TRANSMEMBRANE_TRANSPORTER_ACTIVITY,GOMF_NEUTRAL_L_AMINO_ACID_TRANSMEMBRANE_TRANSPORTER_ACTIVITY,GO_MF,CD8,SF_vs_PB_CD8,1.55062389,0.520777966,0.0300165117,0.238309563,23,12,SLC6A6/SLC1A5/SLC1A1/SLC7A5/SLC1A4/SLC38A5/SLC36A1/SLC36A4/SLC25A12/SLC38A7/MFSD12/SFXN1,up,FALSE
GOMF_RDNA_BINDING,GOMF_RDNA_BINDING,GO_MF,CD8,SF_vs_PB_CD8,-1.58847706,-0.747437153,0.0300259696,0.238309563,6,4,DHX33/MAF1/TSPYL2/ALKBH2,down,FALSE
GOMF_CHLORIDE_TRANSMEMBRANE_TRANSPORTER_ACTIVITY,GOMF_CHLORIDE_TRANSMEMBRANE_TRANSPORTER_ACTIVITY,GO_MF,CD8,SF_vs_PB_CD8,1.49017518,0.432380371,0.030372787,0.239684679,44,12,SLC6A6/CLIC1/SLC1A1/SLC4A2/ANO9/TTYH3/CLIC5/SLC12A4/SLC1A4/SLC4A8/SLC25A14/CLCN7,up,FALSE
GOMF_EXTRACELLULAR_MATRIX_BINDING,GOMF_EXTRACELLULAR_MATRIX_BINDING,GO_MF,CD8,SF_vs_PB_CD8,1.53974573,0.502181038,0.0309244624,0.241599506,26,10,ITGA2/LGALS1/LGALS3/PLEKHA2/GPC1/ITGB1/DAG1/TGFBI/SPP1/SPOCK2,up,FALSE
GOMF_L_ASPARTATE_TRANSMEMBRANE_TRANSPORTER_ACTIVITY,GOMF_L_ASPARTATE_TRANSMEMBRANE_TRANSPORTER_ACTIVITY,GO_MF,CD8,SF_vs_PB_CD8,1.5651361,0.726048226,0.030965324,0.241599506,7,3,SLC1A5/SLC1A1/SLC1A4,up,FALSE
GOMF_SNRNA_BINDING,GOMF_SNRNA_BINDING,GO_MF,CD8,SF_vs_PB_CD8,-1.47728771,-0.404466546,0.0318754075,0.246441261,42,17,PRPF8/PRPF31/TUT1/LSM10/EIF5A/C9orf78/LSM4/HEXIM2/SNRPA/CCNT1/LSM3/GEMIN5/METTL16/DDX21/RNPC3/COIL/NCBP2,down,FALSE
GOMF_NUCLEOSIDE_MONOPHOSPHATE_KINASE_ACTIVITY,GOMF_NUCLEOSIDE_MONOPHOSPHATE_KINASE_ACTIVITY,GO_MF,CD8,SF_vs_PB_CD8,1.57122319,0.588181751,0.0319427848,0.246441261,15,6,CMPK2/AK4/CASK/AK1/CMPK1/MPP1,up,FALSE
GOMF_DYNEIN_INTERMEDIATE_CHAIN_BINDING,GOMF_DYNEIN_INTERMEDIATE_CHAIN_BINDING,GO_MF,CD8,SF_vs_PB_CD8,1.55159732,0.538920457,0.0326421428,0.249978543,20,9,DYNLL1/DYNLRB1/SPTBN5/DYNC2H1/DYNC1H1/HTT/PAFAH1B1/DYNLT1/DYNLT3,up,FALSE
GOMF_ALANINE_TRANSMEMBRANE_TRANSPORTER_ACTIVITY,GOMF_ALANINE_TRANSMEMBRANE_TRANSPORTER_ACTIVITY,GO_MF,CD8,SF_vs_PB_CD8,1.57336663,0.657613724,0.0327632993,0.249978543,10,7,SLC6A6/SLC1A4/SLC38A5/SLC36A1/SLC36A4/SLC38A7/SFXN1,up,FALSE
GOMF_PROTEIN_PHOSPHATASE_BINDING,GOMF_PROTEIN_PHOSPHATASE_BINDING,GO_MF,CD8,SF_vs_PB_CD8,1.37037587,0.332903702,0.0331660255,0.251660886,121,32,KCNN4/ARPP19/LGALS3/MVP/ATP2B4/IQGAP1/AKAP5/CTTNBP2NL/ITGA1/KIF3A/CEACAM1/PPP6R1/MFHAS1/BAD/PDLIM4/ANKLE2/FOXO1/STRN4/PPP3CB/ENSA/CFL1/AKAP11/GIT1/JAK3/TRAF2/TRAF3/PPME1/CSF1R/YWHAE/MASTL/LILRB4/NEK2,up,FALSE
GOMF_HYDROLASE_ACTIVITY_ACTING_ON_CARBON_NITROGEN_BUT_NOT_PEPTIDE_BONDS_IN_CYCLIC_AMIDES,GOMF_HYDROLASE_ACTIVITY_ACTING_ON_CARBON_NITROGEN_BUT_NOT_PEPTIDE_BONDS_IN_CYCLIC_AMIDES,GO_MF,CD8,SF_vs_PB_CD8,1.5671341,0.675463616,0.0335019427,0.252684622,9,4,CRMP1/DPYSL2/CD101/DCLRE1A,up,FALSE
GOMF_FLAP_ENDONUCLEASE_ACTIVITY,GOMF_FLAP_ENDONUCLEASE_ACTIVITY,GO_MF,CD8,SF_vs_PB_CD8,1.566764,0.6753041,0.0336668866,0.252684622,9,8,MGME1/FEN1/EXO1/SLX1B/SLX1A/MUS81/DNA2/GEN1,up,FALSE
GOMF_ASPARTIC_TYPE_PEPTIDASE_ACTIVITY,GOMF_ASPARTIC_TYPE_PEPTIDASE_ACTIVITY,GO_MF,CD8,SF_vs_PB_CD8,1.56304529,0.607384599,0.0347078976,0.259089765,13,7,CTSD/PSEN1/DDI2/CASP3/CASP7/NRIP3/SPPL3,up,FALSE
GOMF_PROSTANOID_RECEPTOR_ACTIVITY,GOMF_PROSTANOID_RECEPTOR_ACTIVITY,GO_MF,CD8,SF_vs_PB_CD8,-1.58159401,-0.708714788,0.0351170206,0.259851181,7,5,TBXA2R/HPGD/PTGDR2/PTGDR/PTGER2,down,FALSE
GOMF_DIPEPTIDASE_ACTIVITY,GOMF_DIPEPTIDASE_ACTIVITY,GO_MF,CD8,SF_vs_PB_CD8,-1.58937522,-0.620309778,0.0351862208,0.259851181,11,7,SCRN3/CPQ/ACE/PEPD/DPEP2/ADAM10/SCRN1,down,FALSE
GOMF_MAP_KINASE_TYROSINE_PHOSPHATASE_ACTIVITY,GOMF_MAP_KINASE_TYROSINE_PHOSPHATASE_ACTIVITY,GO_MF,CD8,SF_vs_PB_CD8,1.52069296,0.780219294,0.0355603448,0.259918349,5,2,DUSP6/DUSP10,up,FALSE
GOMF_PDZ_DOMAIN_BINDING,GOMF_PDZ_DOMAIN_BINDING,GO_MF,CD8,SF_vs_PB_CD8,1.4772805,0.437131738,0.0355717363,0.259918349,40,17,ATP2B4/CRIM1/PSEN1/PLEKHA2/GNG5/MAP2K2/LPAR2/ADAM17/RAPGEF2/KIF14/F11R/NKD1/SLC26A6/CADM1/SNTA1/CIT/HCN2,up,FALSE
GOMF_PEPTIDASE_REGULATOR_ACTIVITY,GOMF_PEPTIDASE_REGULATOR_ACTIVITY,GO_MF,CD8,SF_vs_PB_CD8,1.37745015,0.341952377,0.0359287843,0.261145532,105,22,ANXA2/SERPINB8/CRIM1/HMSD/SPINT1/CSTB/TANK/PTTG1/FN1/GAPDH/NDUFA13/TIMP2/ATP2A3/APAF1/BAD/PINK1/LXN/CAST/PSENEN/SPOCK2/CD109/ADRM1,up,FALSE
GOMF_GTPASE_ACTIVATING_PROTEIN_BINDING,GOMF_GTPASE_ACTIVATING_PROTEIN_BINDING,GO_MF,CD8,SF_vs_PB_CD8,1.55911477,0.633888161,0.0362949165,0.261443383,11,5,FMNL3/FMNL1/PLXNB1/PLCD1/PIN1,up,FALSE
GOMF_TELOMERIC_DNA_BINDING,GOMF_TELOMERIC_DNA_BINDING,GO_MF,CD8,SF_vs_PB_CD8,-1.48117794,-0.420221984,0.0363483922,0.261443383,36,8,XRCC5/HMBOX1/HNRNPA2B1/NCL/HNRNPA1/ZBTB10/RPA2/APEX1,down,FALSE
GOMF_ESTRADIOL_17_BETA_DEHYDROGENASE_NAD_P_PLUS_ACTIVITY,GOMF_ESTRADIOL_17_BETA_DEHYDROGENASE_NAD_P_PLUS_ACTIVITY,GO_MF,CD8,SF_vs_PB_CD8,-1.58836799,-0.637098689,0.0365910452,0.261825043,10,6,HSD17B11/HSD17B8/HSD17B6/HSD17B12/HSD17B4/AKR1C3,down,FALSE
GOMF_5_3_DNA_EXONUCLEASE_ACTIVITY,GOMF_5_3_DNA_EXONUCLEASE_ACTIVITY,GO_MF,CD8,SF_vs_PB_CD8,1.54922619,0.691443386,0.0369694624,0.262572204,8,6,DCLRE1C/MGME1/DCLRE1A/PLD4/EXO1/EXO5,up,FALSE
GOMF_POLYPEPTIDE_N_ACETYLGALACTOSAMINYLTRANSFERASE_ACTIVITY,GOMF_POLYPEPTIDE_N_ACETYLGALACTOSAMINYLTRANSFERASE_ACTIVITY,GO_MF,CD8,SF_vs_PB_CD8,1.55307178,0.669402499,0.0370757276,0.262572204,9,3,GALNT6/GALNT1/GALNT2,up,FALSE
GOMF_CALCIUM_CHANNEL_INHIBITOR_ACTIVITY,GOMF_CALCIUM_CHANNEL_INHIBITOR_ACTIVITY,GO_MF,CD8,SF_vs_PB_CD8,1.55472056,0.649820302,0.0377715857,0.264631229,10,7,STX1A/PHPT1/CALM2/ITPR1/FKBP1B/SLC30A1/YWHAE,up,FALSE
GOMF_AMINO_ACID_TRANSMEMBRANE_TRANSPORTER_ACTIVITY,GOMF_AMINO_ACID_TRANSMEMBRANE_TRANSPORTER_ACTIVITY,GO_MF,CD8,SF_vs_PB_CD8,1.47017444,0.435029034,0.0377928823,0.264631229,40,15,SLC6A6/SFXN3/SLC1A5/SLC1A1/SLC7A5/SLC1A4/SLC38A5/SLC36A1/SLC7A7/TMEM44/SLC36A4/SLC25A12/SLC38A7/MFSD12/SFXN1,up,FALSE
GOMF_PEROXISOME_PROLIFERATOR_ACTIVATED_RECEPTOR_BINDING,GOMF_PEROXISOME_PROLIFERATOR_ACTIVATED_RECEPTOR_BINDING,GO_MF,CD8,SF_vs_PB_CD8,1.54345182,0.715989146,0.0379413347,0.264631229,7,3,TACC1/ASXL2/ASXL1,up,FALSE
GOMF_PYRUVATE_TRANSMEMBRANE_TRANSPORTER_ACTIVITY,GOMF_PYRUVATE_TRANSMEMBRANE_TRANSPORTER_ACTIVITY,GO_MF,CD8,SF_vs_PB_CD8,1.51290238,0.776222197,0.0381881428,0.265014197,5,3,MPC1/SLC16A3/MPC2,up,FALSE
GOMF_PHOSPHATIDYLINOSITOL_BISPHOSPHATE_BINDING,GOMF_PHOSPHATIDYLINOSITOL_BISPHOSPHATE_BINDING,GO_MF,CD8,SF_vs_PB_CD8,1.41151436,0.375547313,0.0388742725,0.268426852,69,15,CAPG/ANXA2/HIP1/RAB35/GSN/DNM2/TWF2/PHLDA3/FLII/TPCN2/SESTD1/WIPI1/PLCD1/CFL1/PICALM,up,FALSE
GOMF_COMPLEMENT_RECEPTOR_ACTIVITY,GOMF_COMPLEMENT_RECEPTOR_ACTIVITY,GO_MF,CD8,SF_vs_PB_CD8,-1.56613115,-0.701785856,0.0393900614,0.27022768,7,4,C5AR2/CMKLR1/CR1/CR2,down,FALSE
GOMF_COLLAGEN_BINDING,GOMF_COLLAGEN_BINDING,GO_MF,CD8,SF_vs_PB_CD8,1.4768427,0.449670609,0.0395264239,0.27022768,35,10,CD44/ITGA2/CTSB/PDGFA/SMAD7/FN1/ITGA1/CTSL/ITGB1/TGFBI,up,FALSE
GOMF_L_AMINO_ACID_N_ACETYLTRANSFERASE_ACTIVITY,GOMF_L_AMINO_ACID_N_ACETYLTRANSFERASE_ACTIVITY,GO_MF,CD8,SF_vs_PB_CD8,1.50483497,0.772083063,0.0409671809,0.278697915,5,4,ESCO2/EP300/NAGS/KAT2B,up,FALSE
GOMF_KINASE_INHIBITOR_ACTIVITY,GOMF_KINASE_INHIBITOR_ACTIVITY,GO_MF,CD8,SF_vs_PB_CD8,1.38739429,0.359067335,0.0416692874,0.282084735,81,25,CDKN1A/CIB1/CDKN2A/SOCS1/TESK1/TRIB1/PREX1/DUSP22/CDKN2C/GSKIP/PRKAR1A/CASP3/DUSP3/AKT1/ANKLE2/PRKAR1B/CDKN2B/YWHAB/HTRA2/SH3BP5L/PKIA/SPRED2/SNCA/RAB13/KAT2B,up,FALSE
GOMF_RNA_POLYMERASE_BINDING,GOMF_RNA_POLYMERASE_BINDING,GO_MF,CD8,SF_vs_PB_CD8,-1.40321605,-0.361603279,0.042305989,0.284089838,56,18,SCAF4/CCNT1/RPRD2/CDC73/SUPT4H1/MAF1/RECQL5/RRN3/PCF11/SMYD3/ERBB2/RPRD1A/ANP32B/CTR9/ELP2/POLR2M/RPAP2/WDR43,down,FALSE
GOMF_PHOSPHATIDYLINOSITOL_4_5_BISPHOSPHATE_BINDING,GOMF_PHOSPHATIDYLINOSITOL_4_5_BISPHOSPHATE_BINDING,GO_MF,CD8,SF_vs_PB_CD8,1.43484792,0.405637852,0.0423769056,0.284089838,50,12,CAPG/ANXA2/HIP1/RAB35/GSN/DNM2/TWF2/PHLDA3/FLII/SESTD1/PLCD1/PICALM,up,FALSE
GOMF_G_RICH_STRAND_TELOMERIC_DNA_BINDING,GOMF_G_RICH_STRAND_TELOMERIC_DNA_BINDING,GO_MF,CD8,SF_vs_PB_CD8,-1.56069854,-0.626000399,0.0427560819,0.284969149,10,5,TERF1/TERF2IP/HNRNPA2B1/HNRNPA1/RPA2,down,FALSE
GOMF_PROTEOGLYCAN_BINDING,GOMF_PROTEOGLYCAN_BINDING,GO_MF,CD8,SF_vs_PB_CD8,1.50508914,0.510458444,0.0429207697,0.284969149,22,10,ITGA2/CTSB/FN1/CTSL/DAG1/PTPRF/FBLN7/GPNMB/ZG16B/CTSK,up,FALSE
GOMF_TUMOR_NECROSIS_FACTOR_RECEPTOR_SUPERFAMILY_BINDING,GOMF_TUMOR_NECROSIS_FACTOR_RECEPTOR_SUPERFAMILY_BINDING,GO_MF,CD8,SF_vs_PB_CD8,1.45387144,0.435191474,0.0441312191,0.28985753,38,20,FASLG/CD70/TRAF1/CASP3/TNFSF4/TNFSF10/TRIM37/BID/TNFSF12/TMBIM1/TNF/CFLAR/TRAF2/ADAM8/TRAF3/SIVA1/TNFSF9/MYD88/RIPK1/MADD,up,FALSE
GOMF_TRANSCRIPTION_COACTIVATOR_ACTIVITY,GOMF_TRANSCRIPTION_COACTIVATOR_ACTIVITY,GO_MF,CD8,SF_vs_PB_CD8,1.26972798,0.280757602,0.0441539995,0.28985753,257,88,BCL3/ACTN4/NOTCH1/HELZ2/CDCA4/PKM/CIITA/PMF1/TACC1/CBFB/RIPK3/PDLIM1/TLE3/TRIM25/PBXIP1/PML/CAMTA2/SUB1/XPC/CCDC124/HMGB1/ASXL1/ZMIZ1/NOTCH2/ATXN7L3/PSMC3IP/JUND/SMARCD2/GPS2/CNOT6/TRIM37/TGFB1I1/KMT2D/NCOA1/PCBD1/EP300/RBCK1/TRIM21/SS18/DOT1L/TRIM24/HCFC2/PSMD9/TRIM62/TRIP4/SSBP4/TRIM13/SNW1/MED16/HMGB2/KAT2B/TRIM8/ABL1/NCOA6/MAK/KMT2C/NCOA3/MYCBP/RAP2C/TOX2/BRCA1/ACTL6A/SUPT3H/MED26/ENY2/UBE2L3/MED13/KAT6A/APBB1/DCAF6/CRTC2/MED20/MED14/TRIM14/TCF20/SRCAP/DYRK1B/SMARCC1/TP53BP1/TRIM28/SMARCA4/MAML1/SMARCE1/USP22/RBM14/LDB1/NCOA2/SS18L1,up,FALSE
GOMF_CATALYTIC_ACTIVITY_ACTING_ON_A_RRNA,GOMF_CATALYTIC_ACTIVITY_ACTING_ON_A_RRNA,GO_MF,CD8,SF_vs_PB_CD8,-1.52646179,-0.525584577,0.0442919526,0.28985753,17,8,ZCCHC4/NOP2/TRMT2B/EMG1/MRM1/TFB2M/TRMT61B/FBL,down,FALSE
GOMF_OXIDOREDUCTASE_ACTIVITY_ACTING_ON_THE_CH_NH_GROUP_OF_DONORS,GOMF_OXIDOREDUCTASE_ACTIVITY_ACTING_ON_THE_CH_NH_GROUP_OF_DONORS,GO_MF,CD8,SF_vs_PB_CD8,1.51776803,0.549493406,0.0446042912,0.28985753,17,8,SARDH/PAOX/MTHFD2/SMOX/MTHFD1/AIFM2/MTHFD1L/BLVRB,up,FALSE
GOMF_KINESIN_BINDING,GOMF_KINESIN_BINDING,GO_MF,CD8,SF_vs_PB_CD8,1.46658724,0.452486987,0.044813755500000003,0.28985753,33,19,SPTBN5/PRC1/KIF18B/SPAG9/SNCA/KIF5A/KLC2/KIF1B/PLEKHM2/CLSTN1/KCNA2/TRAK2/MAPK8IP1/STAU2/KTN1/AP1G1/TOR1B/KLC1/FAM83D,up,FALSE
GOMF_OXYGEN_BINDING,GOMF_OXYGEN_BINDING,GO_MF,CD8,SF_vs_PB_CD8,-1.55822053,-0.645007248,0.0449163732,0.28985753,9,6,CYGB/CYP2F1/HBQ1/HBA1/HBA2/CYP2E1,down,FALSE
GOMF_METAL_CLUSTER_BINDING,GOMF_METAL_CLUSTER_BINDING,GO_MF,CD8,SF_vs_PB_CD8,-1.37819516,-0.343313586,0.0451301986,0.289882811,66,26,ISCU/MOCS1/SLC25A39/ACO2/NDUFV1/NTHL1/DPH2/CIAPIN1/NUBPL/UQCRFS1/RSAD1/CDK5RAP1/ACO1/LIAS/DPYD/RFESD/ISCA2/ETFDH/FBXL5/TYW1/CISD3/ABCE1/ELP3/PPAT/FXN/RPS3,down,FALSE
GOMF_HISTONE_H3K4_MONOMETHYLTRANSFERASE_ACTIVITY,GOMF_HISTONE_H3K4_MONOMETHYLTRANSFERASE_ACTIVITY,GO_MF,CD8,SF_vs_PB_CD8,1.52124419,0.678954591,0.0457971656,0.292805026,8,5,KMT2A/KMT2D/SETD1B/KMT2C/KMT2B,up,FALSE
GOMF_ADP_BINDING,GOMF_ADP_BINDING,GO_MF,CD8,SF_vs_PB_CD8,1.46952657,0.463832844,0.0460164601,0.292851297,30,11,ABCG1/NOD2/GLUD1/PGK1/APAF1/MYO18A/MYO9B/MYH9/TAP1/GLUD2/PRKAG1,up,FALSE
GOMF_INTRAMOLECULAR_OXIDOREDUCTASE_ACTIVITY_TRANSPOSING_C_C_BONDS,GOMF_INTRAMOLECULAR_OXIDOREDUCTASE_ACTIVITY_TRANSPOSING_C_C_BONDS,GO_MF,CD8,SF_vs_PB_CD8,1.52650158,0.620628642,0.0467656473,0.29625394,11,5,SREBF2/EHHADH/ECI2/MIF/ECI1,up,FALSE
GOMF_PHOSPHATIDYLINOSITOL_3_PHOSPHATE_BINDING,GOMF_PHOSPHATIDYLINOSITOL_3_PHOSPHATE_BINDING,GO_MF,CD8,SF_vs_PB_CD8,1.44199649,0.431636912,0.048527561,0.303143882,38,16,ZFYVE28/HIP1/NCF4/ZFYVE1/PHLDA3/SESTD1/WIPI1/SNX24/SH3PXD2A/SNX20/SAP30L/ZFYVE19/ZFYVE26/DENND1A/WIPI2/PLEK2,up,FALSE
GOMF_SUMO_BINDING,GOMF_SUMO_BINDING,GO_MF,CD8,SF_vs_PB_CD8,1.51086295,0.565586113,0.0487613476,0.303143882,15,4,USP25/TOLLIP/HABP4/PML,up,FALSE
GOMF_SNARE_BINDING,GOMF_SNARE_BINDING,GO_MF,CD8,SF_vs_PB_CD8,1.3739763,0.360212684,0.0488456673,0.303143882,75,29,STX1A/RAB11A/SNAP47/STX7/TXLNA/STX2/SYT11/STXBP2/GOLGA2/PICALM/VAMP8/VPS54/STX11/SNCA/ANKRD27/HECTD3/ABL1/SNAPIN/STX5/VAMP1/STXBP3/NAPA/STX4/CAPN10/TSNARE1/BAIAP3/SNPH/STX10/CPLX1,up,FALSE
GOMF_MRNA_3_UTR_BINDING,GOMF_MRNA_3_UTR_BINDING,GO_MF,CD8,SF_vs_PB_CD8,-1.32885019,-0.310374184,0.0491659846,0.303143882,94,28,PARN/RBM4/NHP2/ZC3H14/CCT5/CIRBP/AUH/GEMIN5/HNRNPA0/SERBP1/TAF15/SECISBP2/RBM24/DDX5/UTP23/HNRNPA2B1/FXR1/LRPPRC/RPL41/HNRNPC/HNRNPA1/TP53/CELF2/RPS7/RSL1D1/PABPC1/FUS/RPL5,down,FALSE
GOMF_BIOACTIVE_LIPID_RECEPTOR_ACTIVITY,GOMF_BIOACTIVE_LIPID_RECEPTOR_ACTIVITY,GO_MF,CD8,SF_vs_PB_CD8,-1.54425793,-0.63922759,0.0492077465,0.303143882,9,3,LPAR6/S1PR1/S1PR5,down,FALSE
GOMF_DNA_BINDING_TRANSCRIPTION_FACTOR_BINDING,GOMF_DNA_BINDING_TRANSCRIPTION_FACTOR_BINDING,GO_MF,CD8,SF_vs_PB_CD8,1.22868483,0.261995473,0.0492344915,0.303143882,375,97,OASL/YWHAH/SKI/BCL3/ACTN4/RBX1/CDKN2A/RBPJ/CIITA/AHR/TACC1/JUN/ARID5A/USF2/BCOR/VDR/BHLHE40/MAPK3/TRIB1/ZBTB7A/RXRA/COMMD8/ANXA4/PBXIP1/MAD2L2/TP73/SP100/DTX3L/MED25/MEF2D/PPARA/XPC/BBS7/HMGB1/ASXL1/NR1H2/TFDP1/NCOR2/NOTCH2/WIPI1/JUND/CSNK2B/ZBTB17/SPEN/SRI/ARNT/SP1/PARP9/KLF4/PPARG/TRIP12/TGFB1I1/RBBP8/UHRF2/CENPF/NCOA1/EP300/PCNA/SRF/DOT1L/TRIM24/PSMD10/PSMA6/PSMD9/GABARAPL1/TRIP4/EPAS1/NCOR1/IFI27/CHD4/SNW1/TOB2/FOXP3/MED16/HMGB2/KAT2B/ZNF653/CREM/IKZF4/EOMES/NCOA6/NCOA3/EGR2/CEBPG/BCL6/NLRP3/GMNN/ETS1/ELK1/EXOSC9/MDFIC/HHEX/MED13/FAF1/E2F1/KEAP1/KAT6A,up,FALSE
GOMF_POLYUBIQUITIN_MODIFICATION_DEPENDENT_PROTEIN_BINDING,GOMF_POLYUBIQUITIN_MODIFICATION_DEPENDENT_PROTEIN_BINDING,GO_MF,CD8,SF_vs_PB_CD8,1.42115601,0.406635507,0.0495276031,0.303143882,47,13,TNIP3/DZIP3/OPTN/EPS15/UBAC1/TAB2/NPLOC4/TAB3/DNAJB2/ZRANB1/IKBKG/OTUD7B/RNF169,up,FALSE
GOMF_SINGLE_STRANDED_DNA_EXODEOXYRIBONUCLEASE_ACTIVITY,GOMF_SINGLE_STRANDED_DNA_EXODEOXYRIBONUCLEASE_ACTIVITY,GO_MF,CD8,SF_vs_PB_CD8,1.51688181,0.634004993,0.0496093537,0.303143882,10,6,POLG/ISG20/MGME1/POLE/PLD4/EXO1,up,FALSE
GOMF_DNA_SECONDARY_STRUCTURE_BINDING,GOMF_DNA_SECONDARY_STRUCTURE_BINDING,GO_MF,CD8,SF_vs_PB_CD8,1.44982037,0.447313895,0.0507539474,0.308771812,33,11,SMC6/NEIL3/XPC/HMGB1/RAD51AP1/KMT2A/RECQL4/HMGB2/ABL1/HMGB3/CLSPN,up,FALSE
GOMF_R_SMAD_BINDING,GOMF_R_SMAD_BINDING,GO_MF,CD8,SF_vs_PB_CD8,1.47838473,0.501401512,0.0513935767,0.311291796,22,8,RGCC/LDLRAD4/JUN/PMEPA1/PPARG/SMURF1/RANBP3/PPM1A,up,FALSE
GOMF_HORMONE_BINDING,GOMF_HORMONE_BINDING,GO_MF,CD8,SF_vs_PB_CD8,-1.42965305,-0.408445608,0.05206282,0.312181776,35,8,CRHR1/SLC40A1/VIPR2/IGF1R/THRA/VIPR1/CMKLR1/IL23R,down,FALSE
GOMF_PEPTIDASE_ACTIVATOR_ACTIVITY,GOMF_PEPTIDASE_ACTIVATOR_ACTIVITY,GO_MF,CD8,SF_vs_PB_CD8,1.41578693,0.406992668,0.0520773154,0.312181776,46,16,TANK/FN1/NDUFA13/ATP2A3/APAF1/BAD/PINK1/PSENEN/ADRM1/PSMD14/NLRP3/ROCK2/MAPK12/CAV1/DMWD/FURIN,up,FALSE
GOMF_TRANSMEMBRANE_RECEPTOR_PROTEIN_KINASE_ACTIVITY,GOMF_TRANSMEMBRANE_RECEPTOR_PROTEIN_KINASE_ACTIVITY,GO_MF,CD8,SF_vs_PB_CD8,-1.41829707,-0.397199958,0.052218675,0.312181776,38,10,ACVR1C/ERBB2/TGFBR1/KIT/IGF1R/PDGFRB/TGFBR3/FLT4/ROR2/LTK,down,FALSE
GOMF_C4_DICARBOXYLATE_TRANSMEMBRANE_TRANSPORTER_ACTIVITY,GOMF_C4_DICARBOXYLATE_TRANSMEMBRANE_TRANSPORTER_ACTIVITY,GO_MF,CD8,SF_vs_PB_CD8,1.5058767,0.64906055,0.0525071476,0.312553322,9,3,SLC1A5/SLC1A1/SLC1A4,up,FALSE
GOMF_MOLECULAR_SEQUESTERING_ACTIVITY,GOMF_MOLECULAR_SEQUESTERING_ACTIVITY,GO_MF,CD8,SF_vs_PB_CD8,1.37669388,0.371128141,0.0532988814,0.315904529,64,40,CDKN1A/WDR44/CLU/IFIT1/PRDX4/CTLA4/ADARB2/PMEPA1/YWHAB/TMSB4X/XAF1/SRI/TSSC4/RBCK1/STK11IP/SNCA/YWHAE/TMSB15A/MGRN1/CAV1/TREM1/SLC39A4/FTH1/SPI1/SQSTM1/NAGLU/VOPP1/SEC14L1/STAT3/INSIG1/FRMD6/CD59/MYT1L/USP9X/TMSB15B/TMSB4Y/CTNND1/YWHAZ/FLNA/SDCBP,up,FALSE
GOMF_PHOSPHATIDYLINOSITOL_3_4_BISPHOSPHATE_BINDING,GOMF_PHOSPHATIDYLINOSITOL_3_4_BISPHOSPHATE_BINDING,GO_MF,CD8,SF_vs_PB_CD8,1.46655564,0.492543595,0.0541930999,0.319831927,23,11,HIP1/PLEKHA2/ZFYVE1/PHLDA3/AKT1/DAPP1/SESTD1/NCF1/GAB2/ARAP3/SH3PXD2A,up,FALSE
GOMF_NUCLEAR_THYROID_HORMONE_RECEPTOR_BINDING,GOMF_NUCLEAR_THYROID_HORMONE_RECEPTOR_BINDING,GO_MF,CD8,SF_vs_PB_CD8,1.45259332,0.469642833,0.0545354609,0.320482858,27,9,OASL/TACC1/ARID5A/TRIP12/NCOR1/MED16/NCOA6/NCOA3/MED13,up,FALSE
GOMF_OXYGEN_CARRIER_ACTIVITY,GOMF_OXYGEN_CARRIER_ACTIVITY,GO_MF,CD8,SF_vs_PB_CD8,-1.51279317,-0.711825089,0.0552014251,0.323021899,6,5,CYGB/HBQ1/HBA1/HBA2/IPCEF1,down,FALSE
GOMF_ALCOHOL_DEHYDROGENASE_NADPLUS_ACTIVITY,GOMF_ALCOHOL_DEHYDROGENASE_NADPLUS_ACTIVITY,GO_MF,CD8,SF_vs_PB_CD8,-1.51925353,-0.609376693,0.0559732109,0.326156136,10,5,ADH5/SORD/HSD17B6/ADHFE1/AKR1C3,down,FALSE
GOMF_NOTCH_BINDING,GOMF_NOTCH_BINDING,GO_MF,CD8,SF_vs_PB_CD8,1.4868045,0.55657992,0.0569476895,0.32976335,15,6,NOTCH1/JAG2/NCOR2/ADAM17/SNW1/KCTD10,up,FALSE
GOMF_PHOSPHOPROTEIN_PHOSPHATASE_ACTIVITY,GOMF_PHOSPHOPROTEIN_PHOSPHATASE_ACTIVITY,GO_MF,CD8,SF_vs_PB_CD8,1.31194028,0.31842974,0.0570698339,0.32976335,122,33,DUSP4/PTPN7/DUSP6/PTPRN2/SBF1/DUSP18/DUSP10/PPP4R1/PPP3CA/DUSP22/CTDNEP1/TNS3/PTPRJ/PHPT1/DUSP3/SSH1/PTPRF/HTT/PPP3CB/PPTC7/PPP2CB/PDP2/DUSP23/CPPED1/PPP3R1/CTDSP1/PPM1M/PPM1A/PTPRA/PPP1CB/PTPN9/PHLPP1/PPP1R3B,up,FALSE
GOMF_OPSONIN_BINDING,GOMF_OPSONIN_BINDING,GO_MF,CD8,SF_vs_PB_CD8,-1.51575437,-0.627428874,0.0580545775,0.333303878,9,4,ITGAM/C1QBP/CFH/CR1,down,FALSE
GOMF_TAU_PROTEIN_BINDING,GOMF_TAU_PROTEIN_BINDING,GO_MF,CD8,SF_vs_PB_CD8,1.41161125,0.420336931,0.0586007541,0.333303878,39,19,CLU/ROCK1/MAP1A/TAOK1/MARK4/PIN1/GSK3A/PICALM/EP300/PPP2CB/SNCA/HSPA2/ROCK2/TAOK2/MARK2/DCTN1/HDAC6/MARK3/PPP5C,up,FALSE
GOMF_S_ADENOSYLMETHIONINE_DEPENDENT_METHYLTRANSFERASE_ACTIVITY,GOMF_S_ADENOSYLMETHIONINE_DEPENDENT_METHYLTRANSFERASE_ACTIVITY,GO_MF,CD8,SF_vs_PB_CD8,-1.27369665,-0.285651443,0.0588499014,0.333303878,121,47,PRMT1/EHMT1/TRMT5/PRMT7/ASH1L/SETD3/PRMT3/METTL23/METTL13/SETMAR/METTL6/TRMT10B/THUMPD3/EHMT2/ZCCHC4/TRMT10A/NOP2/NSUN6/THUMPD2/PRMT5/TRMT2B/METTL21A/TRMT11/EMG1/TARBP1/MRM1/TFB2M/NSUN3/PCMTD1/TRMT61B/METTL16/TRMT1L/TRMT1/CAMKMT/TRMT61A/SETDB1/SMYD3/HEMK1/TRMT10C/VCPKMT/GAMT/TGS1/PCMTD2/METTL1/DNMT3A/DPH5/FBL,down,FALSE
GOMF_DNA_EXONUCLEASE_ACTIVITY,GOMF_DNA_EXONUCLEASE_ACTIVITY,GO_MF,CD8,SF_vs_PB_CD8,1.44436703,0.475596221,0.0591213006,0.333303878,25,12,NME7/POLG/ISG20/DCLRE1C/TREX1/MGME1/DCLRE1A/POLE/REXO2/PLD4/FEN1/EXO1,up,FALSE
GOMF_RS_DOMAIN_BINDING,GOMF_RS_DOMAIN_BINDING,GO_MF,CD8,SF_vs_PB_CD8,-1.48994595,-0.742453441,0.0592268665,0.333303878,5,4,U2AF1/SRSF10/RBM39/SRSF1,down,FALSE
GOMF_TRANSCRIPTION_COREPRESSOR_ACTIVITY,GOMF_TRANSCRIPTION_COREPRESSOR_ACTIVITY,GO_MF,CD8,SF_vs_PB_CD8,1.27663248,0.296544669,0.0592683989,0.333303878,170,42,BCL3/SFMBT2/SMAD7/HSBP1/CIITA/PRDM8/HSPA1A/ARID5A/BCOR/TLE3/ENO1/PBXIP1/TBL1X/LMCD1/MAD2L2/SP100/HMGB1/TSG101/CDYL2/NCOR2/HDGF/PIAS4/SFMBT1/SPEN/GPS2/YEATS2/PARP9/EZH2/RBBP8/PARP14/NAB2/PPP1R13L/SAP30/TBL1XR1/NCOR1/CHD4/SNW1/TOB2/FOXP3/LIMD1/KDM5B/ZNF653,up,FALSE
GOMF_MYOSIN_PHOSPHATASE_REGULATOR_ACTIVITY,GOMF_MYOSIN_PHOSPHATASE_REGULATOR_ACTIVITY,GO_MF,CD8,SF_vs_PB_CD8,1.4737019,0.715406688,0.059372016,0.333303878,6,5,PPP1R12C/PPP1R16A/PPP1R16B/PPP1R12A/DMPK,up,FALSE
GOMF_NUCLEAR_RETINOIC_ACID_RECEPTOR_BINDING,GOMF_NUCLEAR_RETINOIC_ACID_RECEPTOR_BINDING,GO_MF,CD8,SF_vs_PB_CD8,1.45523811,0.499369201,0.061193509,0.342138607,21,12,ACTN4/TACC1/ARID5A/VDR/MED25/ASXL1/NR1H2/NCOR2/PPARG/NCOA1/SNW1/NCOA6,up,FALSE
GOMF_PEPTIDE_RECEPTOR_ACTIVITY,GOMF_PEPTIDE_RECEPTOR_ACTIVITY,GO_MF,CD8,SF_vs_PB_CD8,-1.42065086,-0.424695902,0.0623945224,0.347446917,29,9,RAMP1/SSTR3/CRHR1/NLRP6/F2RL1/VIPR2/CX3CR1/VIPR1/NMUR1,down,FALSE
GOMF_TRANSFERASE_ACTIVITY_TRANSFERRING_ALKYL_OR_ARYL_OTHER_THAN_METHYL_GROUPS,GOMF_TRANSFERASE_ACTIVITY_TRANSFERRING_ALKYL_OR_ARYL_OTHER_THAN_METHYL_GROUPS,GO_MF,CD8,SF_vs_PB_CD8,-1.36061185,-0.357564203,0.0627395498,0.347965134,51,21,GSTK1/NUS1/DPH2/DTWD1/UBIAD1/FNTA/GSTA4/GSTO2/MMACHC/HMBS/NANS/DHPS/TRMT12/COQ2/COX10/MAT2A/GSTM2/GSTT1/GSTM3/MMAB/DTWD2,down,FALSE
GOMF_IMMUNOGLOBULIN_RECEPTOR_BINDING,GOMF_IMMUNOGLOBULIN_RECEPTOR_BINDING,GO_MF,CD8,SF_vs_PB_CD8,-1.50090006,-0.672555701,0.0630978461,0.348552502,7,2,FGR/CR2,down,FALSE
GOMF_MYOSIN_LIGHT_CHAIN_BINDING,GOMF_MYOSIN_LIGHT_CHAIN_BINDING,GO_MF,CD8,SF_vs_PB_CD8,1.4510211,0.744472873,0.0639556866,0.351883678,5,3,IQGAP3/SPATA6L/MYO19,up,FALSE
GOMF_INTRACELLULARLY_LIGAND_GATED_MONOATOMIC_ION_CHANNEL_ACTIVITY,GOMF_INTRACELLULARLY_LIGAND_GATED_MONOATOMIC_ION_CHANNEL_ACTIVITY,GO_MF,CD8,SF_vs_PB_CD8,1.47148885,0.571806631,0.0646445804,0.354262561,13,8,RYR1/ITPR3/TPCN2/ITPR1/MCOLN2/TRPM2/HCN2/MCOLN1,up,FALSE
GOMF_ICOSANOID_RECEPTOR_ACTIVITY,GOMF_ICOSANOID_RECEPTOR_ACTIVITY,GO_MF,CD8,SF_vs_PB_CD8,-1.49033918,-0.597779069,0.0653538243,0.356733721,10,5,TBXA2R/HPGD/PTGDR2/PTGDR/PTGER2,down,FALSE
GOMF_INTRAMOLECULAR_PHOSPHOTRANSFERASE_ACTIVITY,GOMF_INTRAMOLECULAR_PHOSPHOTRANSFERASE_ACTIVITY,GO_MF,CD8,SF_vs_PB_CD8,1.47173839,0.634346314,0.0664174181,0.359791401,9,6,PGM2L1/PMM1/PGAM1/PGM1/PGAM4/BPGM,up,FALSE
GOMF_TRANSPORTER_ACTIVATOR_ACTIVITY,GOMF_TRANSPORTER_ACTIVATOR_ACTIVITY,GO_MF,CD8,SF_vs_PB_CD8,1.46717209,0.582930009,0.0666378503,0.359791401,12,5,ATP1B1/AKT1/PRKACA/AKAP9/ATP1B3,up,FALSE
GOMF_UBIQUITIN_LIKE_PROTEIN_CONJUGATING_ENZYME_ACTIVITY,GOMF_UBIQUITIN_LIKE_PROTEIN_CONJUGATING_ENZYME_ACTIVITY,GO_MF,CD8,SF_vs_PB_CD8,1.38972347,0.411223349,0.0670184873,0.359791401,40,12,UBE2A/UBE2M/UBE2T/AKTIP/TSG101/UBE2I/UBE2C/CDC34/UBE2Z/UBE2W/UBE2Q1/UBE2L3,up,FALSE
GOMF_NUCLEAR_RECEPTOR_BINDING,GOMF_NUCLEAR_RECEPTOR_BINDING,GO_MF,CD8,SF_vs_PB_CD8,1.29993541,0.318529802,0.0671591064,0.359791401,114,26,OASL/YWHAH/ACTN4/TACC1/ARID5A/VDR/ZBTB7A/RXRA/MED25/ASXL1/NR1H2/NCOR2/WIPI1/JUND/PPARG/TRIP12/TGFB1I1/NCOA1/EP300/PCNA/TRIM24/TRIP4/NCOR1/SNW1/TOB2/MED16,up,FALSE
GOMF_TFIID_CLASS_TRANSCRIPTION_FACTOR_COMPLEX_BINDING,GOMF_TFIID_CLASS_TRANSCRIPTION_FACTOR_COMPLEX_BINDING,GO_MF,CD8,SF_vs_PB_CD8,-1.48672379,-0.596328926,0.0672166412,0.359791401,10,5,ERCC4/ZNHIT6/RUVBL1/TP53/FBL,down,FALSE
GOMF_QUATERNARY_AMMONIUM_GROUP_BINDING,GOMF_QUATERNARY_AMMONIUM_GROUP_BINDING,GO_MF,CD8,SF_vs_PB_CD8,1.42300742,0.468563003,0.0676387761,0.360009909,25,10,PCTP/VDAC1/RASGRP1/CHMP2A/PITPNA/PITPNM1/SESTD1/SCARB2/APOC1/PCYT1A,up,FALSE
GOMF_METALLOENDOPEPTIDASE_INHIBITOR_ACTIVITY,GOMF_METALLOENDOPEPTIDASE_INHIBITOR_ACTIVITY,GO_MF,CD8,SF_vs_PB_CD8,1.45586253,0.70674659,0.0677788388,0.360009909,6,3,TIMP2/LXN/SPOCK2,up,FALSE
GOMF_SODIUM_ION_TRANSMEMBRANE_TRANSPORTER_ACTIVITY,GOMF_SODIUM_ION_TRANSMEMBRANE_TRANSPORTER_ACTIVITY,GO_MF,CD8,SF_vs_PB_CD8,1.35790736,0.375330819,0.0681165301,0.360417349,56,21,SLC6A6/ATP1B1/SLC1A1/TMEM43/SLC10A3/SLC29A1/TPCN2/SLC4A8/SLC38A5/SLC4A11/SLC8A1/CNNM4/TRPM2/SLC41A3/HCN2/MCOLN1/SLC38A7/HCN3/CHP1/SLC4A7/SLC9A9,up,FALSE
GOMF_MONOATOMIC_ANION_TRANSMEMBRANE_TRANSPORTER_ACTIVITY,GOMF_MONOATOMIC_ANION_TRANSMEMBRANE_TRANSPORTER_ACTIVITY,GO_MF,CD8,SF_vs_PB_CD8,1.34409693,0.362340679,0.0687380635,0.361039451,64,13,SLC6A6/CLIC1/SLC1A1/SLC4A2/ANO9/VDAC1/TTYH3/CLIC5/SLC12A4/SLC1A4/SLC4A8/SLC25A14/CLCN7,up,FALSE
GOMF_GUANYL_NUCLEOTIDE_EXCHANGE_FACTOR_ACTIVITY,GOMF_GUANYL_NUCLEOTIDE_EXCHANGE_FACTOR_ACTIVITY,GO_MF,CD8,SF_vs_PB_CD8,1.25398615,0.287333265,0.0687569701,0.361039451,189,49,DENND6B/RALGDS/ECT2/RPGR/SBF1/CYTH2/ABR/GNA13/ARHGEF5/DENND1B/AKAP13/LAMTOR5/DOCK2/TIAM2/PREX1/RABIF/HERC1/RASGRP1/PLEKHG2/ARHGEF12/DOCK8/MCF2L2/CCDC88A/PLEKHG1/RASGEF1A/RCC2/PSD4/RAPGEF1/ARHGEF40/FARP1/NUCB1/GRIPAP1/EPS8L2/RAPGEF2/RAB3GAP2/SH3BP5L/VAV2/FGD2/RAP1GDS1/DENND3/RIC8A/RASGRP3/RAB3IP/DENND4A/ANKRD27/RALGPS1/CCZ1B/RHOF/SOS2,up,FALSE
GOMF_MUSCLE_ALPHA_ACTININ_BINDING,GOMF_MUSCLE_ALPHA_ACTININ_BINDING,GO_MF,CD8,SF_vs_PB_CD8,1.46587474,0.631818971,0.0690198666,0.361047105,9,4,PDLIM7/PDLIM1/TTN/PDLIM4,up,FALSE
GOMF_4_IRON_4_SULFUR_CLUSTER_BINDING,GOMF_4_IRON_4_SULFUR_CLUSTER_BINDING,GO_MF,CD8,SF_vs_PB_CD8,-1.36119118,-0.370926482,0.0705941591,0.367032416,43,17,ACO2/NDUFV1/NTHL1/DPH2/CIAPIN1/NUBPL/RSAD1/CDK5RAP1/ACO1/LIAS/DPYD/ISCA2/ETFDH/TYW1/ABCE1/ELP3/PPAT,down,FALSE
GOMF_HISTONE_H3K9_MONOMETHYLTRANSFERASE_ACTIVITY,GOMF_HISTONE_H3K9_MONOMETHYLTRANSFERASE_ACTIVITY,GO_MF,CD8,SF_vs_PB_CD8,-1.46437289,-0.729710155,0.0709236419,0.367032416,5,4,EHMT1/ASH1L/EHMT2/SETDB1,down,FALSE
GOMF_VITAMIN_TRANSMEMBRANE_TRANSPORTER_ACTIVITY,GOMF_VITAMIN_TRANSMEMBRANE_TRANSPORTER_ACTIVITY,GO_MF,CD8,SF_vs_PB_CD8,1.44288037,0.522381043,0.0709613723,0.367032416,17,9,SLC2A8/SLC2A1/ABCC1/SLC2A6/ABCD4/SLC52A2/SLC25A19/SLC2A14/SLC46A1,up,FALSE
GOMF_RIBONUCLEOPROTEIN_COMPLEX_BINDING,GOMF_RIBONUCLEOPROTEIN_COMPLEX_BINDING,GO_MF,CD8,SF_vs_PB_CD8,-1.22594898,-0.263270871,0.0718606492,0.370296853,161,45,CPSF6/MRRF/SRP68/OXA1L/PRPF6/MCTS1/NEMF/EIF5A/PQBP1/ZNF622/PRMT5/UHMK1/NAA15/SNRPA/IMPACT/GEMIN5/SERBP1/NMD3/RBM39/SECISBP2/NAA16/DDX5/IFRD2/PPIH/FXR1/LEMD3/CSDE1/GTPBP10/SEC61A1/GEMIN4/WDR12/RPLP1/SND1/ITCH/LETMD1/SNRPN/EIF3K/ABCE1/C1QBP/NPM1/HSPA5/G3BP1/EIF2A/EEF2/RPSA,down,FALSE
GOMF_MONOCARBOXYLIC_ACID_BINDING,GOMF_MONOCARBOXYLIC_ACID_BINDING,GO_MF,CD8,SF_vs_PB_CD8,1.3905251,0.426298691,0.072474056,0.37206941,34,10,NOD2/FABP5/VDR/SH3GLB1/ALOX5AP/RXRA/RARA/APOC1/PPARG/SNCA,up,FALSE
GOMF_IRON_ION_BINDING,GOMF_IRON_ION_BINDING,GO_MF,CD8,SF_vs_PB_CD8,-1.2913497,-0.311073675,0.073909465,0.372735412,79,30,SCD5/ALOX12B/ISCU/FTO/DNAJC24/ACO2/P4HTM/CYP46A1/CIAPIN1/CDO1/EGLN3/OGFOD2/CYGB/CYP2F1/HBQ1/CYP24A1/HBA1/ISCA2/ALKBH2/FBXL5/ALKBH3/CYP2U1/TMLHE/HBA2/CYP27B1/FTL/ABCE1/PLOD1/CYP2E1/FXN,down,FALSE
GOMF_PROTEIN_SEQUESTERING_ACTIVITY,GOMF_PROTEIN_SEQUESTERING_ACTIVITY,GO_MF,CD8,SF_vs_PB_CD8,1.37125645,0.399620436,0.0740685445,0.372735412,43,27,CDKN1A/CLU/PMEPA1/YWHAB/TMSB4X/SRI/RBCK1/STK11IP/SNCA/YWHAE/TMSB15A/MGRN1/CAV1/SPI1/SQSTM1/VOPP1/SEC14L1/STAT3/INSIG1/FRMD6/CD59/TMSB15B/TMSB4Y/CTNND1/YWHAZ/FLNA/SDCBP,up,FALSE
GOMF_DEOXYNUCLEOSIDE_PHOSPHATE_KINASE_ACTIVITY_ATP_AS_PHOSPHATE_DONOR,GOMF_DEOXYNUCLEOSIDE_PHOSPHATE_KINASE_ACTIVITY_ATP_AS_PHOSPHATE_DONOR,GO_MF,CD8,SF_vs_PB_CD8,1.44274918,0.700380732,0.0741822539,0.372735412,6,4,CMPK2/AK4/AK1/CMPK1,up,FALSE
GOMF_G_PROTEIN_COUPLED_CHEMOATTRACTANT_RECEPTOR_ACTIVITY,GOMF_G_PROTEIN_COUPLED_CHEMOATTRACTANT_RECEPTOR_ACTIVITY,GO_MF,CD8,SF_vs_PB_CD8,-1.40464333,-0.440324631,0.0749781215,0.372735412,24,7,CXCR1/CCR10/CXCR2/CX3CR1/CCR9/CCR6/CMKLR1,down,FALSE
GOMF_LIPOPROTEIN_PARTICLE_RECEPTOR_ACTIVITY,GOMF_LIPOPROTEIN_PARTICLE_RECEPTOR_ACTIVITY,GO_MF,CD8,SF_vs_PB_CD8,1.44485773,0.551048467,0.0752603514,0.372735412,14,8,LRP8/LDLR/CXCL16/ILDR1/OLR1/VLDLR/LRP10/APOBR,up,FALSE
GOMF_HISTONE_BINDING,GOMF_HISTONE_BINDING,GO_MF,CD8,SF_vs_PB_CD8,1.26172569,0.297707127,0.0753751856,0.372735412,150,49,SFMBT2/PTMS/NPM2/CKS1B/CTSL/SBNO2/TBL1X/DTX3L/CHD3/CKS2/DNAJC9/SFMBT1/YEATS2/PARP9/EZH2/ATAD2/UHRF2/CHAF1B/BRD2/HJURP/IPO9/NAP1L4/TBL1XR1/ZNHIT1/CHD4/SNCA/DEK/KDM5B/ASF1B/BRD3/COPRS/WDR5/NCAPD3/MCM2/BAZ1B/SCMH1/APBB1/USP3/BAZ2A/NASP/EZH1/SRCAP/SMARCC1/PHC2/TP53BP1/SAP30L/SMARCA4/SUPT6H/INO80,up,FALSE
GOMF_ALPHA_CATENIN_BINDING,GOMF_ALPHA_CATENIN_BINDING,GO_MF,CD8,SF_vs_PB_CD8,-1.45558938,-0.725333252,0.0754028064,0.372735412,5,2,CDH2/VCL,down,FALSE
GOMF_GAMMA_TUBULIN_BINDING,GOMF_GAMMA_TUBULIN_BINDING,GO_MF,CD8,SF_vs_PB_CD8,1.39818958,0.448167623,0.0754907498,0.372735412,28,11,RACGAP1/B9D2/BRCA2/MARK4/PDE4B/DIXDC1/PAK1/NDRG1/CDK5RAP2/GIT1/TUBGCP5,up,FALSE
GOMF_DICARBOXYLIC_ACID_TRANSMEMBRANE_TRANSPORTER_ACTIVITY,GOMF_DICARBOXYLIC_ACID_TRANSMEMBRANE_TRANSPORTER_ACTIVITY,GO_MF,CD8,SF_vs_PB_CD8,1.44367063,0.550595724,0.0756719035,0.372735412,14,8,SLC1A5/SLC1A1/SLC1A4/SLC26A6/SLC25A12/SLC46A1/UCP2/SLC25A13,up,FALSE
GOMF_BETA_TUBULIN_BINDING,GOMF_BETA_TUBULIN_BINDING,GO_MF,CD8,SF_vs_PB_CD8,1.37780182,0.414727304,0.075760632,0.372735412,37,16,TBCD/PDCD5/RACGAP1/SYT11/MAP1S/ARL8A/TAOK1/HTT/SMC3/GABARAPL1/SNCA/TTLL7/ADNP/EML4/HDAC6/GABARAP,up,FALSE
GOMF_OXIDOREDUCTASE_ACTIVITY_ACTING_ON_METAL_IONS,GOMF_OXIDOREDUCTASE_ACTIVITY_ACTING_ON_METAL_IONS,GO_MF,CD8,SF_vs_PB_CD8,-1.47080601,-0.608823024,0.0757702465,0.372735412,9,5,CYBRD1/MMACHC/MTRR/CYB561A3/FXN,down,FALSE
GOMF_POTASSIUM_ION_BINDING,GOMF_POTASSIUM_ION_BINDING,GO_MF,CD8,SF_vs_PB_CD8,1.44801735,0.671718216,0.0763650532,0.372735412,7,3,PKM/ADPRH/PDXK,up,FALSE
GOMF_HEPARIN_BINDING,GOMF_HEPARIN_BINDING,GO_MF,CD8,SF_vs_PB_CD8,-1.31858909,-0.337243798,0.0767335168,0.372735412,58,12,SELL/FGF9/ADAMTS1/GREM2/CFH/COL5A3/TENM1/COLQ/TGFBR3/PTCH1/RPL29/RPL22,down,FALSE
GOMF_DEAD_H_BOX_RNA_HELICASE_BINDING,GOMF_DEAD_H_BOX_RNA_HELICASE_BINDING,GO_MF,CD8,SF_vs_PB_CD8,-1.46516089,-0.689412339,0.0767926513,0.372735412,6,3,SMAD3/ETV3/SMAD5,down,FALSE
GOMF_SERINE_TYPE_ENDOPEPTIDASE_INHIBITOR_ACTIVITY,GOMF_SERINE_TYPE_ENDOPEPTIDASE_INHIBITOR_ACTIVITY,GO_MF,CD8,SF_vs_PB_CD8,1.39471917,0.44705524,0.0768256576,0.372735412,28,5,ANXA2/SERPINB8/CRIM1/HMSD/SPINT1,up,FALSE
GOMF_D_LOOP_DNA_BINDING,GOMF_D_LOOP_DNA_BINDING,GO_MF,CD8,SF_vs_PB_CD8,1.42539433,0.731324592,0.0775483969,0.372735412,5,2,RAD51AP1/RECQL4,up,FALSE
GOMF_OLIGOSACCHARYL_TRANSFERASE_ACTIVITY,GOMF_OLIGOSACCHARYL_TRANSFERASE_ACTIVITY,GO_MF,CD8,SF_vs_PB_CD8,-1.45123898,-0.723165406,0.0776105462,0.372735412,5,3,RPN2/OSTC/STT3A,down,FALSE
GOMF_NARROW_PORE_CHANNEL_ACTIVITY,GOMF_NARROW_PORE_CHANNEL_ACTIVITY,GO_MF,CD8,SF_vs_PB_CD8,1.43547915,0.696851505,0.0779269412,0.372735412,6,2,KCNK5/KCNK6,up,FALSE
GOMF_ENDOPEPTIDASE_ACTIVATOR_ACTIVITY,GOMF_ENDOPEPTIDASE_ACTIVATOR_ACTIVITY,GO_MF,CD8,SF_vs_PB_CD8,1.40571584,0.467181964,0.0779412019,0.372735412,24,9,NDUFA13/APAF1/BAD/PSENEN/ADRM1/PSMD14/NLRP3/ROCK2/FURIN,up,FALSE
GOMF_VASCULAR_ENDOTHELIAL_GROWTH_FACTOR_RECEPTOR_BINDING,GOMF_VASCULAR_ENDOTHELIAL_GROWTH_FACTOR_RECEPTOR_BINDING,GO_MF,CD8,SF_vs_PB_CD8,1.43531463,0.69677164,0.0780018349,0.372735412,6,5,CCDC88A/PDCL3/VEGFA/VEGFB/ITGA5,up,FALSE
GOMF_METALLOEXOPEPTIDASE_ACTIVITY,GOMF_METALLOEXOPEPTIDASE_ACTIVITY,GO_MF,CD8,SF_vs_PB_CD8,-1.3469109,-0.370878314,0.0797680928,0.379146095,41,10,ERAP1/MME/AEBP1/PEPD/DPEP2/AGTPBP1/XPNPEP2/ADAM10/LTA4H/METAP1D,down,FALSE
GOMF_LEUKOTRIENE_C4_SYNTHASE_ACTIVITY,GOMF_LEUKOTRIENE_C4_SYNTHASE_ACTIVITY,GO_MF,CD8,SF_vs_PB_CD8,1.4212029,0.729174102,0.0801005747,0.379146095,5,5,ALOX5AP/MGST3/MGST2/LTC4S/GSTM4,up,FALSE
GOMF_EXTRACELLULAR_MATRIX_STRUCTURAL_CONSTITUENT_CONFERRING_TENSILE_STRENGTH,GOMF_EXTRACELLULAR_MATRIX_STRUCTURAL_CONSTITUENT_CONFERRING_TENSILE_STRENGTH,GO_MF,CD8,SF_vs_PB_CD8,-1.46279647,-0.628572439,0.0801670237,0.379146095,8,3,COL6A1/COL5A3/COL6A2,down,FALSE
GOMF_LYSOPHOSPHOLIPID_ACYLTRANSFERASE_ACTIVITY,GOMF_LYSOPHOSPHOLIPID_ACYLTRANSFERASE_ACTIVITY,GO_MF,CD8,SF_vs_PB_CD8,1.41174611,0.490345562,0.0806699769,0.380222656,20,7,AGPAT2/SH3GLB1/AGPAT3/MBOAT2/LPCAT2/GPAT2/MBOAT7,up,FALSE
GOMF_TRANSLATION_REGULATOR_ACTIVITY,GOMF_TRANSLATION_REGULATOR_ACTIVITY,GO_MF,CD8,SF_vs_PB_CD8,-1.32824734,-0.353669826,0.0815915065,0.383258063,48,14,CIRBP/ACO1/SERBP1/ZNF540/PRKCH/CNBP/IFRD2/FXR1/NEURL1/AIRE/RPL10/PAIP2B/PABPC1/EIF4EBP3,down,FALSE
GOMF_MAP_KINASE_SCAFFOLD_ACTIVITY,GOMF_MAP_KINASE_SCAFFOLD_ACTIVITY,GO_MF,CD8,SF_vs_PB_CD8,1.43876973,0.620136212,0.0823253427,0.385394231,9,5,IQGAP1/AKAP13/MAP2K2/KSR1/SPAG9,up,FALSE
GOMF_17_BETA_HYDROXYSTEROID_DEHYDROGENASE_NADPPLUS_ACTIVITY,GOMF_17_BETA_HYDROXYSTEROID_DEHYDROGENASE_NADPPLUS_ACTIVITY,GO_MF,CD8,SF_vs_PB_CD8,-1.4391358,-0.717134283,0.0838941134,0.389424433,5,2,HSD17B6/AKR1C3,down,FALSE
GOMF_CULLIN_FAMILY_PROTEIN_BINDING,GOMF_CULLIN_FAMILY_PROTEIN_BINDING,GO_MF,CD8,SF_vs_PB_CD8,1.39383859,0.468121529,0.0839836621,0.389424433,23,6,RBX1/KCTD21/KCTD17/KCTD9/KCTD2/ASB2,up,FALSE
GOMF_DEHYDROASCORBIC_ACID_TRANSMEMBRANE_TRANSPORTER_ACTIVITY,GOMF_DEHYDROASCORBIC_ACID_TRANSMEMBRANE_TRANSPORTER_ACTIVITY,GO_MF,CD8,SF_vs_PB_CD8,1.41383362,0.72539316,0.0841273442,0.389424433,5,3,SLC2A8/SLC2A1/SLC2A6,up,FALSE
GOMF_EXOPEPTIDASE_ACTIVITY,GOMF_EXOPEPTIDASE_ACTIVITY,GO_MF,CD8,SF_vs_PB_CD8,-1.29025588,-0.319449669,0.0843141965,0.389424433,68,11,AEBP1/PEPD/DPP4/DPEP2/AGTPBP1/XPNPEP2/TPP2/ADAM10/SCRN1/LTA4H/METAP1D,down,FALSE
GOMF_FAD_BINDING,GOMF_FAD_BINDING,GO_MF,CD8,SF_vs_PB_CD8,1.38328576,0.451152333,0.0849561789,0.39108161,26,12,CYB5R3/MICAL1/SQLE/DHCR24/QSOX1/ACOX3/NQO2/MTHFR/KMO/D2HGDH/CYBB/MICAL3,up,FALSE
GOMF_GLUCURONOSYLTRANSFERASE_ACTIVITY,GOMF_GLUCURONOSYLTRANSFERASE_ACTIVITY,GO_MF,CD8,SF_vs_PB_CD8,1.43247559,0.617423322,0.0855875669,0.391623234,9,6,CSGALNACT1/CHSY1/B3GAT3/CHPF/B3GAT1/EXT1,up,FALSE
GOMF_CYTOCHROME_B5_REDUCTASE_ACTIVITY_ACTING_ON_NAD_P_H,GOMF_CYTOCHROME_B5_REDUCTASE_ACTIVITY_ACTING_ON_NAD_P_H,GO_MF,CD8,SF_vs_PB_CD8,1.42232572,0.690466191,0.0856409968,0.391623234,6,3,CYB5R3/NQO1/POR,up,FALSE
GOMF_GLUCURONOSYL_N_ACETYLGALACTOSAMINYL_PROTEOGLYCAN_4_BETA_N_ACETYLGALACTOSAMINYLTRANSFERASE_ACTIVITY,GOMF_GLUCURONOSYL_N_ACETYLGALACTOSAMINYL_PROTEOGLYCAN_4_BETA_N_ACETYLGALACTOSAMINYLTRANSFERASE_ACTIVITY,GO_MF,CD8,SF_vs_PB_CD8,1.41008032,0.723467459,0.0863014217,0.392969376,5,4,CSGALNACT1/CSGALNACT2/CHSY1/CHPF,up,FALSE
GOMF_1_PHOSPHATIDYLINOSITOL_4_5_BISPHOSPHATE_3_KINASE_ACTIVITY,GOMF_1_PHOSPHATIDYLINOSITOL_4_5_BISPHOSPHATE_3_KINASE_ACTIVITY,GO_MF,CD8,SF_vs_PB_CD8,1.42783387,0.662355337,0.0865693241,0.392969376,7,5,PIK3R6/PIK3CD/PIK3CG/PIK3CB/PIK3CA,up,FALSE
GOMF_HISTONE_H4R3_METHYLTRANSFERASE_ACTIVITY,GOMF_HISTONE_H4R3_METHYLTRANSFERASE_ACTIVITY,GO_MF,CD8,SF_vs_PB_CD8,-1.43303891,-0.71409615,0.0875241472,0.392969376,5,4,PRMT1/PRMT7/PRMT3/PRMT5,down,FALSE
GOMF_NADPLUS_NUCLEOSIDASE_ACTIVITY_CYCLIC_ADP_RIBOSE_GENERATING,GOMF_NADPLUS_NUCLEOSIDASE_ACTIVITY_CYCLIC_ADP_RIBOSE_GENERATING,GO_MF,CD8,SF_vs_PB_CD8,-1.4445816,-0.647319312,0.08754311,0.392969376,7,5,CD38/IL1RAP/IL1RL1/IL18R1/IL18RAP,down,FALSE
GOMF_SPECTRIN_BINDING,GOMF_SPECTRIN_BINDING,GO_MF,CD8,SF_vs_PB_CD8,1.41465661,0.529571616,0.0877490235,0.392969376,15,6,MYO7A/DCTN2/SPTBN5/KIF3A/DMTN/CAMSAP1,up,FALSE
GOMF_PHOSPHATIDYLINOSITOL_3_5_BISPHOSPHATE_BINDING,GOMF_PHOSPHATIDYLINOSITOL_3_5_BISPHOSPHATE_BINDING,GO_MF,CD8,SF_vs_PB_CD8,1.38880071,0.471018646,0.0878944988,0.392969376,22,6,HIP1/PHLDA3/TPCN2/SESTD1/WIPI1/ATP13A2,up,FALSE
GOMF_ABC_TYPE_GLUTATHIONE_S_CONJUGATE_TRANSPORTER_ACTIVITY,GOMF_ABC_TYPE_GLUTATHIONE_S_CONJUGATE_TRANSPORTER_ACTIVITY,GO_MF,CD8,SF_vs_PB_CD8,1.4075902,0.722189859,0.0879272535,0.392969376,5,4,ABCC1/RALBP1/ABCC4/ABCC10,up,FALSE
GOMF_UBIQUITIN_LIKE_PROTEIN_LIGASE_BINDING,GOMF_UBIQUITIN_LIKE_PROTEIN_LIGASE_BINDING,GO_MF,CD8,SF_vs_PB_CD8,1.2050002,0.265846429,0.0885040229,0.394271147,264,65,CDKN1A/SKI/RBX1/SMAD7/CLU/LIMK1/TRAF1/HSPA1A/JUN/SMC6/UBE2A/RALB/TANK/UBE2T/USP25/TRIB1/ERBB3/TOLLIP/MFHAS1/TNK2/PML/BLZF1/DLG3/PRKAR1A/DTX3L/SYT11/PINK1/TSG101/RALA/FOXO1/PIAS4/TPI1/NPLOC4/UBE2C/AURKA/TRIOBP/DDRGK1/TRIM37/BID/PARP9/SPOPL/NEDD8/CKB/EIF4E2/DNAJB2/FANCL/GPI/IKBKG/HGS/JKAMP/GABARAPL1/TRIP4/PSMD1/TUBA1B/TRAF2/RFFL/UBE2W/CRK/TRAF3/CUL7/SUMO2/YWHAE/RNF34/EGR2/TRIB3,up,FALSE
GOMF_D_GLUCOSE_BINDING,GOMF_D_GLUCOSE_BINDING,GO_MF,CD8,SF_vs_PB_CD8,1.42333467,0.660268212,0.0887957105,0.394298637,7,1,SLC2A8,up,FALSE
GOMF_ALKALI_METAL_ION_BINDING,GOMF_ALKALI_METAL_ION_BINDING,GO_MF,CD8,SF_vs_PB_CD8,1.42272251,0.578435259,0.0892453478,0.395025081,11,3,PKM/ADPRH/PDXK,up,FALSE
GOMF_PHOSPHATIDYLCHOLINE_TRANSPORTER_ACTIVITY,GOMF_PHOSPHATIDYLCHOLINE_TRANSPORTER_ACTIVITY,GO_MF,CD8,SF_vs_PB_CD8,1.40029578,0.5069637,0.0902840218,0.398345796,17,6,ABCG1/PCTP/PITPNA/PITPNM1/ATP8B2/TMEM63B,up,FALSE
GOMF_LIGASE_ACTIVITY_FORMING_CARBON_OXYGEN_BONDS,GOMF_LIGASE_ACTIVITY_FORMING_CARBON_OXYGEN_BONDS,GO_MF,CD8,SF_vs_PB_CD8,-1.38001566,-0.442664201,0.0907722698,0.398633574,22,11,FARSA/EARS2/LARS2/FARSB/FARS2/TARS2/NARS2/SARS2/AARS2/YARS2/MARS2,down,FALSE
GOMF_MODIFICATION_DEPENDENT_PROTEIN_BINDING,GOMF_MODIFICATION_DEPENDENT_PROTEIN_BINDING,GO_MF,CD8,SF_vs_PB_CD8,1.30037836,0.347827503,0.0909265575,0.398633574,67,17,TNIP3/DZIP3/OPTN/EPS15/UBAC1/TAB2/NPLOC4/YEATS2/TAB3/DNAJB2/ZRANB1/IKBKG/EP300/BRD2/PLCG2/OTUD7B/RNF169,up,FALSE
GOMF_MAP_KINASE_ACTIVITY,GOMF_MAP_KINASE_ACTIVITY,GO_MF,CD8,SF_vs_PB_CD8,1.41370277,0.549351511,0.0915140536,0.399851973,13,10,MAPK11/MAPK3/MAPK1/MAPK6/MAPK12/MAPK7/NLK/MAPK9/MAPK8/MAP2K7,up,FALSE
GOMF_MODIFIED_AMINO_ACID_BINDING,GOMF_MODIFIED_AMINO_ACID_BINDING,GO_MF,CD8,SF_vs_PB_CD8,1.30864524,0.358156331,0.0924493257,0.399851973,59,19,ANXA5/ANXA2/ANXA1/PLEKHN1/ANXA4/FASN/C1QA/HMGB1/TLN1/SESTD1/SMPD3/PLCD1/C1QB/SCARB2/FOLR2/C1QC/ANXA7/GRAMD1B/MGST2,up,FALSE
GOMF_FILAMIN_BINDING,GOMF_FILAMIN_BINDING,GO_MF,CD8,SF_vs_PB_CD8,1.40966613,0.684320607,0.092774626,0.399851973,6,3,CRMP1/CEACAM1/NEBL,up,FALSE
GOMF_ACTIVE_TRANSMEMBRANE_TRANSPORTER_ACTIVITY,GOMF_ACTIVE_TRANSMEMBRANE_TRANSPORTER_ACTIVITY,GO_MF,CD8,SF_vs_PB_CD8,1.1972637800000001,0.262683844,0.0932355845,0.399851973,278,87,SLC6A6/ATP1B1/SLC1A5/SLC1A1/ABCG1/SLC35E4/ATP2B4/SLC25A24/TCIRG1/ATP2B1/NDUFA6/SLC4A2/SLC16A3/SLC7A5/SLC10A3/ATP2A3/SLC25A1/SLC35E1/ABCB10/SLC12A4/SLC35D2/SLC1A4/NDUFS5/ATP2A2/SLC29A1/NDUFB2/NDUFS6/TMCO3/SLC4A8/SLC25A14/TAP1/SLC38A5/SLC4A11/ATP13A1/SLC35C1/SLC8A1/CLCN7/ATP6V0B/COX8A/ABCC1/SLC30A1/SLC36A1/ANKH/ATP6V1E1/ATP13A3/ABCB8/ATP13A2/SLCO4A1/XPR1/SLC17A5/SLC39A6/ATP2C1/SLC26A6/ABCD4/NDUFA9/NDUFB6/ATP6V1D/SLC36A4/ATP6V1B2/SLC25A12/SLC41A3/SLC25A30/NDUFC2/SLC39A4/RALBP1/SLC38A7/NDUFA1/MFSD12/CHP1/SLC25A25/SLC35B1/SLC4A7/NDUFB4/SLC9A9/NDUFB3/ABCA3/ABCC4/SLC16A5/COX5A/ATP6V0D1/ATP6V1F/ABCA2/SLC2A13/SLC35A2/ABCC10/ATP8A1/SLC25A19,up,FALSE
GOMF_PROTEIN_TRANSPORTER_ACTIVITY,GOMF_PROTEIN_TRANSPORTER_ACTIVITY,GO_MF,CD8,SF_vs_PB_CD8,-1.32527946,-0.371149992,0.0932759175,0.399851973,38,9,ABCA1/SEC61A1/TOMM20/TOMM7/TIMM9/IGF1R/TOMM22/M6PR/SORL1,down,FALSE
GOMF_PROTEASE_BINDING,GOMF_PROTEASE_BINDING,GO_MF,CD8,SF_vs_PB_CD8,1.2717201,0.320578011,0.093595297,0.399851973,95,34,ANXA2/ITGA3/LDLR/CSTB/FN1/POLG/BRCA2/TIMP2/TTN/CASP3/ITGB1/PINK1/SRI/FAM20C/ADRM1/CLTC/MIF/TNF/CFLAR/TRIP4/NTRK2/RFFL/CHMP3/SERPINE1/AMFR/SH3PXD2A/DVL3/ROCK2/STIM1/FURIN/PRNP/INSL3/ITGAV/CST3,up,FALSE
GOMF_PORIN_ACTIVITY,GOMF_PORIN_ACTIVITY,GO_MF,CD8,SF_vs_PB_CD8,1.40748009,0.683259397,0.093935479,0.399851973,6,3,VDAC1/BAK1/TOMM40L,up,FALSE
GOMF_PROTEIN_PHOSPHATASE_2A_BINDING,GOMF_PROTEIN_PHOSPHATASE_2A_BINDING,GO_MF,CD8,SF_vs_PB_CD8,1.37354369,0.461305474,0.0939601981,0.399851973,23,9,ARPP19/CTTNBP2NL/MFHAS1/ANKLE2/FOXO1/STRN4/ENSA/PPME1/MASTL,up,FALSE
GOMF_ANAPHASE_PROMOTING_COMPLEX_BINDING,GOMF_ANAPHASE_PROMOTING_COMPLEX_BINDING,GO_MF,CD8,SF_vs_PB_CD8,1.41560478,0.631806105,0.094045447,0.399851973,8,7,FZR1/FBXO5/CLSPN/CCNF/UBE2S/PLK1/PTEN,up,FALSE
GOMF_COPPER_ION_BINDING,GOMF_COPPER_ION_BINDING,GO_MF,CD8,SF_vs_PB_CD8,1.34323989,0.404323938,0.0940998487,0.399851973,37,14,ANG/GPC1/MT3/SNAI3/SCO2/COX17/PAM/SNCA/ATP13A2/RNF7/LACC1/SLC31A1/ADNP/PRNP,up,FALSE
GOMF_PROTEIN_TYROSINE_PHOSPHATASE_ACTIVITY,GOMF_PROTEIN_TYROSINE_PHOSPHATASE_ACTIVITY,GO_MF,CD8,SF_vs_PB_CD8,1.29655236,0.348629867,0.094555782,0.400004391,65,11,DUSP4/PTPN7/DUSP6/PTPRN2/DUSP18/DUSP10/DUSP22/PTPRJ/DUSP3/SSH1/PTPRF,up,FALSE
GOMF_PROTEIN_HORMONE_RECEPTOR_ACTIVITY,GOMF_PROTEIN_HORMONE_RECEPTOR_ACTIVITY,GO_MF,CD8,SF_vs_PB_CD8,-1.42932654,-0.614190208,0.0948362555,0.400004391,8,4,LGR6/TSHR/IGF1R/CMKLR1,down,FALSE
GOMF_RNA_2_O_METHYLTRANSFERASE_ACTIVITY,GOMF_RNA_2_O_METHYLTRANSFERASE_ACTIVITY,GO_MF,CD8,SF_vs_PB_CD8,-1.43009857,-0.640829443,0.0950046635,0.400004391,7,4,BCDIN3D/MRM1/TRMT13/FBL,down,FALSE
GOMF_AMINOPEPTIDASE_ACTIVITY,GOMF_AMINOPEPTIDASE_ACTIVITY,GO_MF,CD8,SF_vs_PB_CD8,-1.33735164,-0.390043644,0.0954412482,0.400621166,32,6,PEPD/DPP4/XPNPEP2/TPP2/LTA4H/METAP1D,down,FALSE
GOMF_PROTEOGLYCAN_SULFOTRANSFERASE_ACTIVITY,GOMF_PROTEOGLYCAN_SULFOTRANSFERASE_ACTIVITY,GO_MF,CD8,SF_vs_PB_CD8,1.41035508,0.589480442,0.0962319474,0.402020107,10,4,CHST11/CHST1/HS3ST3B1/CHST12,up,FALSE
GOMF_CARGO_ADAPTOR_ACTIVITY,GOMF_CARGO_ADAPTOR_ACTIVITY,GO_MF,CD8,SF_vs_PB_CD8,1.36841194,0.454784215,0.0963567382,0.402020107,24,5,AP1S1/AP2B1/HIP1/AP4M1/AP1G2,up,FALSE
GOMF_PROTEIN_DISULFIDE_ISOMERASE_ACTIVITY,GOMF_PROTEIN_DISULFIDE_ISOMERASE_ACTIVITY,GO_MF,CD8,SF_vs_PB_CD8,-1.38983165,-0.486313336,0.097307348,0.403630559,16,6,P4HB/PDIA3/CRELD1/PDIA4/PDIA5/ERP29,down,FALSE
GOMF_INTRACELLULARLY_GATED_CALCIUM_CHANNEL_ACTIVITY,GOMF_INTRACELLULARLY_GATED_CALCIUM_CHANNEL_ACTIVITY,GO_MF,CD8,SF_vs_PB_CD8,1.40293527,0.557407735,0.0973272819,0.403630559,12,7,RYR1/ITPR3/TPCN2/ITPR1/MCOLN2/TRPM2/MCOLN1,up,FALSE
GOMF_BASAL_TRANSCRIPTION_MACHINERY_BINDING,GOMF_BASAL_TRANSCRIPTION_MACHINERY_BINDING,GO_MF,CD8,SF_vs_PB_CD8,-1.28468652,-0.331058683,0.0985489879,0.40747351,56,18,TBP/SCAF4/RPRD2/CDC73/SUPT4H1/RECQL5/PCF11/SMYD3/ERCC4/RPRD1A/CTR9/ELP2/ZNHIT6/RUVBL1/POLR2M/TP53/WDR43/FBL,down,FALSE
GOMF_MONOSACCHARIDE_BINDING,GOMF_MONOSACCHARIDE_BINDING,GO_MF,CD8,SF_vs_PB_CD8,1.32032239,0.383096897,0.0995147641,0.410238475,44,14,SLC2A8/FUOM/LGALS9/PLOD3/GALK1/PFKL/GPI/PAM/CLEC10A/BSG/P4HA2/PHYH/KHK/ENG,up,FALSE
GOMF_DEUBIQUITINASE_ACTIVATOR_ACTIVITY,GOMF_DEUBIQUITINASE_ACTIVATOR_ACTIVITY,GO_MF,CD8,SF_vs_PB_CD8,1.38772365,0.711996963,0.100801573,0.413349888,5,2,TANK/DMWD,up,FALSE
GOMF_CYCLIN_DEPENDENT_PROTEIN_KINASE_REGULATOR_ACTIVITY,GOMF_CYCLIN_DEPENDENT_PROTEIN_KINASE_REGULATOR_ACTIVITY,GO_MF,CD8,SF_vs_PB_CD8,1.32134417,0.387041956,0.100868148,0.413349888,42,17,CDKN1A/CDKN2A/CNPPD1/CKS1B/CDKN2C/CASP3/CKS2/CDKN2B/CCNYL1/CCNI2/SAP30BP/KAT2B/CCNA2/CCND2/MNAT1/CCNE2/CCNF,up,FALSE
GOMF_CYSTEINE_TYPE_ENDOPEPTIDASE_INHIBITOR_ACTIVITY,GOMF_CYSTEINE_TYPE_ENDOPEPTIDASE_INHIBITOR_ACTIVITY,GO_MF,CD8,SF_vs_PB_CD8,1.39590896,0.554616075,0.101217492,0.413554307,12,6,CSTB/PTTG1/CAST/SNCA/CST3/NAIP,up,FALSE
GOMF_DISORDERED_DOMAIN_SPECIFIC_BINDING,GOMF_DISORDERED_DOMAIN_SPECIFIC_BINDING,GO_MF,CD8,SF_vs_PB_CD8,1.36495628,0.468388726,0.102722038,0.418463524,21,9,EZR/CDKN2A/HSPA1A/GAPDH/FKBP8/CLTC/NUMA1/NCOA3/KEAP1,up,FALSE
GOMF_ACETYLGALACTOSAMINYLTRANSFERASE_ACTIVITY,GOMF_ACETYLGALACTOSAMINYLTRANSFERASE_ACTIVITY,GO_MF,CD8,SF_vs_PB_CD8,1.36925264,0.481816142,0.103142316,0.418939819,19,7,GALNT6/GALNT1/GALNT2/CSGALNACT1/B4GALNT1/CSGALNACT2/CHSY1,up,FALSE
GOMF_IGG_RECEPTOR_ACTIVITY,GOMF_IGG_RECEPTOR_ACTIVITY,GO_MF,CD8,SF_vs_PB_CD8,-1.40571075,-0.700478285,0.104336935,0.422549288,5,2,FCGR3B/FCGR3A,down,FALSE
GOMF_INTRAMEMBRANE_LIPID_TRANSPORTER_ACTIVITY,GOMF_INTRAMEMBRANE_LIPID_TRANSPORTER_ACTIVITY,GO_MF,CD8,SF_vs_PB_CD8,1.31505391,0.389128403,0.106665108,0.430714954,40,13,ABCG1/ATP10D/ATP8B4/SERINC2/ANO9/PLSCR1/ATG9A/CLPTM1L/ATP8B2/ATP8B3/ATP11B/VMP1/TMEM63B,up,FALSE
GOMF_CARBOHYDRATE_BINDING,GOMF_CARBOHYDRATE_BINDING,GO_MF,CD8,SF_vs_PB_CD8,1.22387724,0.290234528,0.107575377,0.43197726,145,41,SLC2A8/GALNT6/LGALS1/LGALS3/FUOM/LGALS9/HLA-DRA/HLA-DRB1/LAYN/GALNT1/CD93/GALNT2/FBXO2/PLOD3/GALK1/SIGLEC10/FBXO6/LGALS9C/CLEC5A/PFKL/GUSB/GALM/OLR1/GPI/PAM/CLEC10A/BSG/CLEC12A/P4HA2/EMC7/LGALS9B/PHYH/ZG16B/KLRC4-KLRK1/PPP1R3B/KHK/CLEC2B/POMGNT1/ENG/CLEC7A/PPP1R3D,up,FALSE
GOMF_U6_SNRNA_BINDING,GOMF_U6_SNRNA_BINDING,GO_MF,CD8,SF_vs_PB_CD8,-1.37976938,-0.512617462,0.107610955,0.43197726,13,6,PRPF8/TUT1/EIF5A/LSM4/LSM3/METTL16,down,FALSE
GOMF_LIGAND_GATED_CALCIUM_CHANNEL_ACTIVITY,GOMF_LIGAND_GATED_CALCIUM_CHANNEL_ACTIVITY,GO_MF,CD8,SF_vs_PB_CD8,1.37784161,0.525489458,0.107916115,0.43197726,14,10,RYR1/ITPR3/TPCN2/ITPR1/MCOLN2/TRPM2/MCOLN1/P2RX1/PKD2/RYR2,up,FALSE
GOMF_MDM2_MDM4_FAMILY_PROTEIN_BINDING,GOMF_MDM2_MDM4_FAMILY_PROTEIN_BINDING,GO_MF,CD8,SF_vs_PB_CD8,-1.38980068,-0.542418771,0.108981098,0.43497947,11,4,TP53/RPS15/RPS20/RPL37,down,FALSE
GOMF_PSEUDOURIDINE_SYNTHASE_ACTIVITY,GOMF_PSEUDOURIDINE_SYNTHASE_ACTIVITY,GO_MF,CD8,SF_vs_PB_CD8,-1.37586959,-0.511168597,0.109644762,0.436367193,13,9,PUS1/PUS3/TRUB2/TRUB1/RPUSD2/RPUSD3/PUS7L/DKC1/RPUSD4,down,FALSE
GOMF_PEPTIDASE_INHIBITOR_ACTIVITY,GOMF_PEPTIDASE_INHIBITOR_ACTIVITY,GO_MF,CD8,SF_vs_PB_CD8,1.28122668,0.349576533,0.110431823,0.438236631,60,13,ANXA2/SERPINB8/CRIM1/HMSD/SPINT1/CSTB/PTTG1/GAPDH/TIMP2/LXN/CAST/SPOCK2/CD109,up,FALSE
GOMF_NUCLEOSIDE_TRIPHOSPHATE_DIPHOSPHATASE_ACTIVITY,GOMF_NUCLEOSIDE_TRIPHOSPHATE_DIPHOSPHATASE_ACTIVITY,GO_MF,CD8,SF_vs_PB_CD8,1.38590301,0.61854975,0.110797811,0.438429159,8,5,DCTPP1/NUDT1/NUDT16/ASMTL/ITPA,up,FALSE
GOMF_ARP2_3_COMPLEX_BINDING,GOMF_ARP2_3_COMPLEX_BINDING,GO_MF,CD8,SF_vs_PB_CD8,1.38386735,0.562637947,0.111181438,0.438571197,11,5,CORO1B/WASF2/IQGAP2/SNX9/GMFB,up,FALSE
GOMF_UBIQUITIN_LIKE_PROTEIN_LIGASE_ACTIVITY,GOMF_UBIQUITIN_LIKE_PROTEIN_LIGASE_ACTIVITY,GO_MF,CD8,SF_vs_PB_CD8,1.17702922,0.256708157,0.111468856,0.438571197,295,89,RNF145/RBX1/RPGR/DZIP3/ZNRF1/FBXO30/TRIM59/BARD1/TRIM25/TRIM45/FBXO2/TRIM36/HERC1/PML/TRIM3/DTX3L/PIAS3/TRIM47/RNF187/ZMIZ1/PCGF3/PIAS4/TRIM35/FBXO6/ASB2/LONRF1/LRSAM1/UBE2C/CHFR/RC3H2/TRIM37/HERC5/TRIP12/RNF213/ZNRF2/FANCL/UHRF2/RBCK1/TRIM21/BSPRY/RNF220/TRIM24/SMURF1/TRIM62/HECTD2/IRF2BPL/RNF121/TRIM13/RNF103/TRAF2/RFFL/SMURF2/UBE3C/DTX2/TRIM8/UBR4/RNF169/ASB1/TRAF3/ZNF598/BIRC3/HECTD3/AMFR/TRIM26/RNF34/UBR7/EGR2/MGRN1/RNF19A/ZFP91/RNF181/CUL9/BRCA1/MED31/RNF7/SIAH2/RNF19B/HECTD4/RNF166/HUWE1/RNF41/TRIM14/RNF215/RNF123/HDAC6/RNF25/KCMF1/TRAIP/MUL1,up,FALSE
GOMF_ORGANIC_ACID_SODIUM_SYMPORTER_ACTIVITY,GOMF_ORGANIC_ACID_SODIUM_SYMPORTER_ACTIVITY,GO_MF,CD8,SF_vs_PB_CD8,1.37506284,0.559058303,0.115702479,0.453273303,11,3,SLC6A6/SLC1A1/SLC10A3,up,FALSE
GOMF_CYSTEINE_TYPE_PEPTIDASE_ACTIVITY,GOMF_CYSTEINE_TYPE_PEPTIDASE_ACTIVITY,GO_MF,CD8,SF_vs_PB_CD8,1.22086924,0.293035431,0.11609428,0.453273303,132,42,CTSB/CTSD/USP18/CTSZ/CAPNS1/ZC3H12A/TANK/USP25/GGH/CTSL/JOSD1/USP35/JOSD2/CYLD/CAPN1/CASP3/CASP6/CASP7/USP24/ZRANB1/OTUB2/ESPL1/CFLAR/UFSP2/OTUD1/OTUD7B/CASP9/USP12/USP1/CTSK/OTUD5/ATXN3/CAPN2/USP32/USP3/SCRN2/CAPN10/BAP1/ATG4B/OTUD4/USP31/CASP2,up,FALSE
GOMF_ADP_PHOSPHATASE_ACTIVITY,GOMF_ADP_PHOSPHATASE_ACTIVITY,GO_MF,CD8,SF_vs_PB_CD8,1.36549134,0.700590271,0.11619026,0.453273303,5,2,ENTPD1/CANT1,up,FALSE
GOMF_KINASE_ACTIVATOR_ACTIVITY,GOMF_KINASE_ACTIVATOR_ACTIVITY,GO_MF,CD8,SF_vs_PB_CD8,1.2269537,0.299214419,0.117672765,0.457763628,118,45,RGCC/IQGAP1/CAB39/CCL5/PRKCD/CKS1B/WNK1/ERBB3/MAP2K2/MT3/CKS2/HMGB1/CCDC88A/TAOK1/AFAP1L2/CALM2/CCNYL1/EFNA5/RHEB/STK3/ACSL1/TPX2/ABL1/NCKAP1L/MOB3B/TAOK2/CCND2/VEGFA/MNAT1/FAM20A/SRC/MARK2/AGRN/STK11/TREM2/PIK3CA/MADD/CALM3/CAB39L/TGFB1/AGAP2/ALS2/MAP2K1/MOB1B/HBEGF,up,FALSE
GOMF_TROPOMYOSIN_BINDING,GOMF_TROPOMYOSIN_BINDING,GO_MF,CD8,SF_vs_PB_CD8,1.37448782,0.637608733,0.118517969,0.459756503,7,4,S100A6/TMOD3/NEBL/TMOD2,up,FALSE
GOMF_OXIDOREDUCTASE_ACTIVITY_ACTING_ON_PAIRED_DONORS_WITH_INCORPORATION_OR_REDUCTION_OF_MOLECULAR_OXYGEN_NAD_P_H_AS_ONE_DONOR_AND_INCORPORATION_OF_ONE_ATOM_OF_OXYGEN,GOMF_OXIDOREDUCTASE_ACTIVITY_ACTING_ON_PAIRED_DONORS_WITH_INCORPORATION_OR_REDUCTION_OF_MOLECULAR_OXYGEN_NAD_P_H_AS_ONE_DONOR_AND_INCORPORATION_OF_ONE_ATOM_OF_OXYGEN,GO_MF,CD8,SF_vs_PB_CD8,-1.34476286,-0.463022805,0.118966752,0.460204719,17,4,CYP27B1/COQ7/CYP2E1/AKR1C3,down,FALSE
GOMF_SINGLE_STRANDED_DNA_5_3_DNA_EXONUCLEASE_ACTIVITY,GOMF_SINGLE_STRANDED_DNA_5_3_DNA_EXONUCLEASE_ACTIVITY,GO_MF,CD8,SF_vs_PB_CD8,1.3609451,0.698257736,0.119536449,0.460345645,5,4,MGME1/PLD4/EXO1/EXO5,up,FALSE
GOMF_METALLOCARBOXYPEPTIDASE_ACTIVITY,GOMF_METALLOCARBOXYPEPTIDASE_ACTIVITY,GO_MF,CD8,SF_vs_PB_CD8,-1.35368941,-0.491046996,0.120407099,0.460345645,14,8,AGBL2/AGBL3/PRCP/ACE/MME/AEBP1/PEPD/AGTPBP1,down,FALSE
GOMF_PHOSPHATIDYLINOSITOL_5_PHOSPHATE_BINDING,GOMF_PHOSPHATIDYLINOSITOL_5_PHOSPHATE_BINDING,GO_MF,CD8,SF_vs_PB_CD8,1.35976067,0.528390118,0.120715323,0.460345645,13,7,PHLDA3/SESTD1/SNX24/SH3PXD2A/TOM1/SAP30L/WIPI2,up,FALSE
GOMF_STRUCTURAL_CONSTITUENT_OF_POSTSYNAPSE,GOMF_STRUCTURAL_CONSTITUENT_OF_POSTSYNAPSE,GO_MF,CD8,SF_vs_PB_CD8,-1.37625068,-0.552017865,0.121060919,0.460345645,10,4,NEFH/ACTG1/TANC2/ACTN1,down,FALSE
GOMF_ACTIVIN_BINDING,GOMF_ACTIVIN_BINDING,GO_MF,CD8,SF_vs_PB_CD8,-1.37622177,-0.552006267,0.121060919,0.460345645,10,4,FSTL3/FST/TGFBR1/TGFBR3,down,FALSE
GOMF_MHC_PROTEIN_BINDING,GOMF_MHC_PROTEIN_BINDING,GO_MF,CD8,SF_vs_PB_CD8,1.32338331,0.435759118,0.121248769,0.460345645,25,9,CD74/LAG3/CD8A/CD81/TAP1/TUBB4B/TAPBP/CD8B/KLRC4-KLRK1,up,FALSE
GOMF_L_AMINO_ACID_TRANSMEMBRANE_TRANSPORTER_ACTIVITY,GOMF_L_AMINO_ACID_TRANSMEMBRANE_TRANSPORTER_ACTIVITY,GO_MF,CD8,SF_vs_PB_CD8,1.30287871,0.399428597,0.121336578,0.460345645,34,12,SFXN3/SLC1A5/SLC1A1/SLC7A5/SLC1A4/SLC38A5/SLC36A1/SLC7A7/SLC36A4/SLC25A12/SLC38A7/SFXN1,up,FALSE
GOMF_G_PROTEIN_ALPHA_SUBUNIT_BINDING,GOMF_G_PROTEIN_ALPHA_SUBUNIT_BINDING,GO_MF,CD8,SF_vs_PB_CD8,1.34590007,0.495209784,0.121883804,0.460911584,16,7,RGS1/F2R/GPSM2/CCDC88A/NUCB1/GPSM1/RIC8A,up,FALSE
GOMF_C_C_CHEMOKINE_BINDING,GOMF_C_C_CHEMOKINE_BINDING,GO_MF,CD8,SF_vs_PB_CD8,-1.32401114,-0.42996285,0.122645929,0.460911584,21,6,CXCR1/CCR10/CXCR2/CX3CR1/CCR9/CCR6,down,FALSE
GOMF_CYCLIC_NUCLEOTIDE_BINDING,GOMF_CYCLIC_NUCLEOTIDE_BINDING,GO_MF,CD8,SF_vs_PB_CD8,1.34408827,0.494543154,0.122876025,0.460911584,16,5,PDE4A/PRKAR1A/PRKAR1B/PDE4B/RAPGEF2,up,FALSE
GOMF_TRANSMEMBRANE_RECEPTOR_PROTEIN_TYROSINE_KINASE_ACTIVITY,GOMF_TRANSMEMBRANE_RECEPTOR_PROTEIN_TYROSINE_KINASE_ACTIVITY,GO_MF,CD8,SF_vs_PB_CD8,-1.30702486,-0.401625079,0.12293381,0.460911584,26,7,ERBB2/KIT/IGF1R/PDGFRB/FLT4/ROR2/LTK,down,FALSE
GOMF_POTASSIUM_ION_TRANSMEMBRANE_TRANSPORTER_ACTIVITY,GOMF_POTASSIUM_ION_TRANSMEMBRANE_TRANSPORTER_ACTIVITY,GO_MF,CD8,SF_vs_PB_CD8,1.28526951,0.374561564,0.123154507,0.460911584,43,24,KCNN4/ATP1B1/TMEM43/KCNK5/SLC12A4/TMCO3/KCNK6/KCNA6/HCN2/MCOLN1/HCN3/TMEM87A/SLC9A9/KCNC4/KCNA2/KCNAB2/KCNMB3/PKD2/ATP1A3/SLC24A5/KCNAB3/SLC12A8/SLC12A5/SLC9A5,up,FALSE
GOMF_LOW_DENSITY_LIPOPROTEIN_PARTICLE_RECEPTOR_ACTIVITY,GOMF_LOW_DENSITY_LIPOPROTEIN_PARTICLE_RECEPTOR_ACTIVITY,GO_MF,CD8,SF_vs_PB_CD8,1.36033281,0.553069525,0.124039279,0.462929502,11,6,LRP8/LDLR/CXCL16/OLR1/VLDLR/LRP10,up,FALSE
GOMF_CALCIUM_CALMODULIN_DEPENDENT_PROTEIN_KINASE_ACTIVITY,GOMF_CALCIUM_CALMODULIN_DEPENDENT_PROTEIN_KINASE_ACTIVITY,GO_MF,CD8,SF_vs_PB_CD8,1.33408189,0.46944017,0.124675598,0.462929502,19,10,CAMK1/CAMKV/MAPKAPK2/MAPKAPK3/CAMKK2/CAMK1D/CAMKK1/PTK2B/MKNK2/EEF2K,up,FALSE
GOMF_VASCULAR_ENDOTHELIAL_GROWTH_FACTOR_RECEPTOR_2_BINDING,GOMF_VASCULAR_ENDOTHELIAL_GROWTH_FACTOR_RECEPTOR_2_BINDING,GO_MF,CD8,SF_vs_PB_CD8,1.35361401,0.694496387,0.125018905,0.462929502,5,4,CCDC88A/PDCL3/VEGFA/ITGA5,up,FALSE
GOMF_NUCLEOSIDE_DIPHOSPHATE_KINASE_ACTIVITY,GOMF_NUCLEOSIDE_DIPHOSPHATE_KINASE_ACTIVITY,GO_MF,CD8,SF_vs_PB_CD8,1.34564513,0.513210173,0.125720216,0.462929502,14,5,NME7/CMPK2/AK4/AK1/CMPK1,up,FALSE
GOMF_STRUCTURAL_CONSTITUENT_OF_MUSCLE,GOMF_STRUCTURAL_CONSTITUENT_OF_MUSCLE,GO_MF,CD8,SF_vs_PB_CD8,1.3152664,0.43308641,0.126379987,0.462929502,25,6,PLEC/MYL6/CSRP1/TPM4/TTN/DAG1,up,FALSE
GOMF_POLYSACCHARIDE_BINDING,GOMF_POLYSACCHARIDE_BINDING,GO_MF,CD8,SF_vs_PB_CD8,1.35101795,0.536780186,0.126701967,0.462929502,12,5,HLA-DRA/HLA-DRB1/PPP1R3B/CLEC7A/PPP1R3D,up,FALSE
GOMF_1_PHOSPHATIDYLINOSITOL_4_PHOSPHATE_5_KINASE_ACTIVITY,GOMF_1_PHOSPHATIDYLINOSITOL_4_PHOSPHATE_5_KINASE_ACTIVITY,GO_MF,CD8,SF_vs_PB_CD8,1.36136059,0.631519165,0.127330748,0.462929502,7,3,PIP4K2C/PIP5K1C/PIP5KL1,up,FALSE
GOMF_GLYCOSAMINOGLYCAN_BINDING,GOMF_GLYCOSAMINOGLYCAN_BINDING,GO_MF,CD8,SF_vs_PB_CD8,-1.20894572,-0.285495524,0.127352188,0.462929502,88,17,SELL/CHODL/FGF9/PODXL2/EXTL2/ADAMTS1/GREM2/VIT/C1QBP/CFH/COL5A3/TENM1/COLQ/TGFBR3/PTCH1/RPL29/RPL22,down,FALSE
GOMF_ALPHA_N_ACETYLGALACTOSAMINIDE_ALPHA_2_6_SIALYLTRANSFERASE_ACTIVITY,GOMF_ALPHA_N_ACETYLGALACTOSAMINIDE_ALPHA_2_6_SIALYLTRANSFERASE_ACTIVITY,GO_MF,CD8,SF_vs_PB_CD8,1.34988261,0.692581925,0.127400938,0.462929502,5,2,ST6GALNAC6/ST6GALNAC3,up,FALSE
GOMF_SULFUR_AMINO_ACID_TRANSMEMBRANE_TRANSPORTER_ACTIVITY,GOMF_SULFUR_AMINO_ACID_TRANSMEMBRANE_TRANSPORTER_ACTIVITY,GO_MF,CD8,SF_vs_PB_CD8,1.36043414,0.586372135,0.127428341,0.462929502,9,8,SLC1A1/SLC1A4/SLC25A12/MFSD12/SLC25A13/CTNS/SLC43A2/SLC7A11,up,FALSE
GOMF_EXONUCLEASE_ACTIVITY,GOMF_EXONUCLEASE_ACTIVITY,GO_MF,CD8,SF_vs_PB_CD8,1.24160878,0.324013447,0.127613907,0.462929502,77,21,HELZ2/NME7/ZC3H12A/ERI1/POLG/ISG20/DCLRE1C/REXO1/TREX1/CNOT6/MGME1/TATDN2/DCLRE1A/POLE/REXO2/PLD4/FEN1/EXOSC10/EXO1/EXOSC9/POLRMT,up,FALSE
GOMF_SEQUENCE_SPECIFIC_SINGLE_STRANDED_DNA_BINDING,GOMF_SEQUENCE_SPECIFIC_SINGLE_STRANDED_DNA_BINDING,GO_MF,CD8,SF_vs_PB_CD8,-1.3498092,-0.51300447,0.127970503,0.462929502,12,5,TERF1/TERF2IP/HNRNPA2B1/HNRNPA1/RPA2,down,FALSE
GOMF_CARBON_NITROGEN_LYASE_ACTIVITY,GOMF_CARBON_NITROGEN_LYASE_ACTIVITY,GO_MF,CD8,SF_vs_PB_CD8,1.35970845,0.586059348,0.128051463,0.462929502,9,4,ASL/PAM/SDS/CHAC2,up,FALSE
GOMF_MONOATOMIC_CATION_CHANNEL_ACTIVITY,GOMF_MONOATOMIC_CATION_CHANNEL_ACTIVITY,GO_MF,CD8,SF_vs_PB_CD8,1.2246561,0.307200355,0.128802589,0.464380107,98,45,KCNN4/TMEM43/PSEN1/RYR1/ANO9/CACNB2/FAIM2/ORAI2/CHRNB1/KCNK5/CALHM2/ITPR3/TPCN2/PIEZO1/ITPR1/MCOLN2/SLC4A11/KCNK6/TRPC3/TMBIM1/TMEM63B/KCNA6/CHRNA5/UNC80/CACNB3/CATSPER1/TRPM2/NCS1/HCN2/MCOLN1/HCN3/TMEM87A/P2RX1/PKD1/KCNC4/CACNB1/TRPC4AP/TMEM109/KCNA2/KCNAB2/KCNMB3/CYBB/PKD2/TRPV2/RYR2,up,FALSE
GOMF_UBIQUINONE_BINDING,GOMF_UBIQUINONE_BINDING,GO_MF,CD8,SF_vs_PB_CD8,-1.37248115,-0.645803095,0.12913957,0.464380107,6,5,SDHD/COQ10B/COQ10A/MT-ND4/ETFDH,down,FALSE
GOMF_QUINOL_CYTOCHROME_C_REDUCTASE_ACTIVITY,GOMF_QUINOL_CYTOCHROME_C_REDUCTASE_ACTIVITY,GO_MF,CD8,SF_vs_PB_CD8,-1.37180806,-0.645486383,0.129461507,0.464380107,6,5,CYC1/UQCR10/UQCRFS1/MT-CYB/UQCRH,down,FALSE
GOMF_K63_LINKED_POLYUBIQUITIN_MODIFICATION_DEPENDENT_PROTEIN_BINDING,GOMF_K63_LINKED_POLYUBIQUITIN_MODIFICATION_DEPENDENT_PROTEIN_BINDING,GO_MF,CD8,SF_vs_PB_CD8,1.31426909,0.445740881,0.131928738,0.472004112,22,8,OPTN/TAB2/NPLOC4/TAB3/ZRANB1/IKBKG/OTUD7B/RNF169,up,FALSE
GOMF_PROTEIN_SERINE_THREONINE_PHOSPHATASE_ACTIVITY,GOMF_PROTEIN_SERINE_THREONINE_PHOSPHATASE_ACTIVITY,GO_MF,CD8,SF_vs_PB_CD8,1.23398602,0.322024191,0.133910957,0.477857965,77,21,DUSP4/DUSP6/DUSP18/DUSP10/PPP3CA/DUSP22/CTDNEP1/DUSP3/SSH1/PPP3CB/PPTC7/PPP2CB/PDP2/DUSP23/CPPED1/PPP3R1/CTDSP1/PPM1M/PPM1A/PPP1CB/PHLPP1,up,FALSE
GOMF_TAP_BINDING,GOMF_TAP_BINDING,GO_MF,CD8,SF_vs_PB_CD8,1.34845968,0.654608016,0.134490442,0.478688917,6,3,TAP1/TAPBP/HLA-A,up,FALSE
GOMF_GALACTOSIDE_BINDING,GOMF_GALACTOSIDE_BINDING,GO_MF,CD8,SF_vs_PB_CD8,1.34736414,0.654076188,0.135239379,0.480117179,6,4,LGALS9/LGALS9C/LGALS9B/GLB1,up,FALSE
GOMF_ALDOSE_REDUCTASE_NADPH_ACTIVITY,GOMF_ALDOSE_REDUCTASE_NADPH_ACTIVITY,GO_MF,CD8,SF_vs_PB_CD8,-1.360652,-0.678025105,0.135733543,0.480635955,5,4,AKR1E2/AKR1B1/AKR7A2/AKR1C3,down,FALSE
GOMF_DNA_DEMETHYLASE_ACTIVITY,GOMF_DNA_DEMETHYLASE_ACTIVITY,GO_MF,CD8,SF_vs_PB_CD8,-1.35922273,-0.677312886,0.136773728,0.481871072,5,4,ALKBH4/FTO/ALKBH2/ALKBH3,down,FALSE
GOMF_PHOSPHATIDYLINOSITOL_3_KINASE_REGULATORY_SUBUNIT_BINDING,GOMF_PHOSPHATIDYLINOSITOL_3_KINASE_REGULATORY_SUBUNIT_BINDING,GO_MF,CD8,SF_vs_PB_CD8,-1.36145671,-0.640615689,0.136780203,0.481871072,6,3,PIK3R1/PIK3AP1/CD2AP,down,FALSE
GOMF_INSULIN_LIKE_GROWTH_FACTOR_RECEPTOR_BINDING,GOMF_INSULIN_LIKE_GROWTH_FACTOR_RECEPTOR_BINDING,GO_MF,CD8,SF_vs_PB_CD8,1.34061422,0.54505255,0.137349223,0.482011642,11,4,YWHAH/SOCS1/GNAS/CRK,up,FALSE
GOMF_AMP_BINDING,GOMF_AMP_BINDING,GO_MF,CD8,SF_vs_PB_CD8,-1.3581722,-0.60859912,0.137518166,0.482011642,7,5,PRKAG2/FBP1/APRT/ACSS2/MPPED2,down,FALSE
GOMF_CAMP_DEPENDENT_PROTEIN_KINASE_REGULATOR_ACTIVITY,GOMF_CAMP_DEPENDENT_PROTEIN_KINASE_REGULATOR_ACTIVITY,GO_MF,CD8,SF_vs_PB_CD8,1.33251083,0.529427023,0.139038974,0.483353021,12,5,PRKAR1A/PRKAR1B/PKIA/PRKAG1/RAB13,up,FALSE
GOMF_CO_RECEPTOR_BINDING,GOMF_CO_RECEPTOR_BINDING,GO_MF,CD8,SF_vs_PB_CD8,-1.35739914,-0.638706453,0.139720559,0.483353021,6,5,DKK3/LRRK2/HFE/NEO1/DKK2,down,FALSE
GOMF_MHC_CLASS_IB_RECEPTOR_ACTIVITY,GOMF_MHC_CLASS_IB_RECEPTOR_ACTIVITY,GO_MF,CD8,SF_vs_PB_CD8,-1.34379376,-0.538999307,0.13973344,0.483353021,10,3,LILRB1/KLRD1/CD160,down,FALSE
GOMF_FATTY_ACID_BINDING,GOMF_FATTY_ACID_BINDING,GO_MF,CD8,SF_vs_PB_CD8,1.30330023,0.442020736,0.139983994,0.483353021,22,8,FABP5/SH3GLB1/ALOX5AP/APOC1/PPARG/SNCA/ACOX3/FABP3,up,FALSE
GOMF_PROTEIN_SERINE_THREONINE_KINASE_ACTIVATOR_ACTIVITY,GOMF_PROTEIN_SERINE_THREONINE_KINASE_ACTIVATOR_ACTIVITY,GO_MF,CD8,SF_vs_PB_CD8,1.23350588,0.329940335,0.140048353,0.483353021,67,25,IQGAP1/CAB39/CKS1B/MAP2K2/CKS2/CCDC88A/TAOK1/CALM2/CCNYL1/RHEB/STK3/ACSL1/TPX2/ABL1/TAOK2/CCND2/MNAT1/FAM20A/CALM3/CAB39L/TGFB1/ALS2/MAP2K1/MOB1B/TNKS1BP1,up,FALSE
GOMF_OXIDOREDUCTASE_ACTIVITY_ACTING_ON_THE_CH_CH_GROUP_OF_DONORS_WITH_A_FLAVIN_AS_ACCEPTOR,GOMF_OXIDOREDUCTASE_ACTIVITY_ACTING_ON_THE_CH_CH_GROUP_OF_DONORS_WITH_A_FLAVIN_AS_ACCEPTOR,GO_MF,CD8,SF_vs_PB_CD8,-1.33542634,-0.521197264,0.140073817,0.483353021,11,8,ACADS/ACAD11/GCDH/ACADVL/ACAD10/ACADM/ACADSB/IVD,down,FALSE
GOMF_PHOSPHOFRUCTOKINASE_ACTIVITY,GOMF_PHOSPHOFRUCTOKINASE_ACTIVITY,GO_MF,CD8,SF_vs_PB_CD8,1.34005936,0.650530089,0.140350877,0.483353021,6,4,PFKP/PFKFB3/PFKL/PFKFB4,up,FALSE
GOMF_CHOLESTEROL_TRANSFER_ACTIVITY,GOMF_CHOLESTEROL_TRANSFER_ACTIVITY,GO_MF,CD8,SF_vs_PB_CD8,1.31624706,0.484299273,0.140966353,0.483483957,16,10,ABCG1/TSPO/GRAMD1C/STARD4/GRAMD1B/GRAMD1A/STARD3/PLTP/OSBPL2/NPC2,up,FALSE
GOMF_T_CELL_RECEPTOR_BINDING,GOMF_T_CELL_RECEPTOR_BINDING,GO_MF,CD8,SF_vs_PB_CD8,1.32765798,0.52749891,0.142064693,0.483483957,12,3,HLA-DRA/HLA-DRB1/DOCK2,up,FALSE
GOMF_ENDOPEPTIDASE_ACTIVITY,GOMF_ENDOPEPTIDASE_ACTIVITY,GO_MF,CD8,SF_vs_PB_CD8,-1.14005664,-0.238571916,0.142866779,0.483483957,196,40,BLMH/HM13/CASP4/LONP2/ACE/CTSG/CTSO/USP10/ERAP1/PDIA3/PRSS21/PRRG2/CASP10/PREPL/MME/CASP1/SENP6/PMPCB/PRSS22/ADAMTS6/TASP1/OMA1/USP13/ADAMTS1/ATG4C/UQCRC2/MMP23B/CAPN7/DPP4/PRSS23/CTSF/TRABD2A/UBAC2/TPP2/PCSK5/ADAM10/IMMP2L/ADAMTS10/CELA1/ADAM12,down,FALSE
GOMF_HISTONE_DECROTONYLASE_ACTIVITY,GOMF_HISTONE_DECROTONYLASE_ACTIVITY,GO_MF,CD8,SF_vs_PB_CD8,-1.35104865,-0.673239668,0.142929925,0.483483957,5,4,HDAC8/HDAC2/HDAC3/HDAC1,down,FALSE
GOMF_MAGNESIUM_ION_TRANSMEMBRANE_TRANSPORTER_ACTIVITY,GOMF_MAGNESIUM_ION_TRANSMEMBRANE_TRANSPORTER_ACTIVITY,GO_MF,CD8,SF_vs_PB_CD8,1.31909555,0.503084536,0.143112765,0.483483957,14,5,NIPA1/SLC41A2/CNNM4/ZDHHC13/SLC41A3,up,FALSE
GOMF_ALL_TRANS_RETINOL_DEHYDROGENASE_NADPPLUS_ACTIVITY,GOMF_ALL_TRANS_RETINOL_DEHYDROGENASE_NADPPLUS_ACTIVITY,GO_MF,CD8,SF_vs_PB_CD8,-1.34197082,-0.555493197,0.143199824,0.483483957,9,3,AKR1B1/RDH14/AKR1C3,down,FALSE
GOMF_ALCOHOL_DEHYDROGENASE_NAD_P_PLUS_ACTIVITY,GOMF_ALCOHOL_DEHYDROGENASE_NAD_P_PLUS_ACTIVITY,GO_MF,CD8,SF_vs_PB_CD8,-1.27837971,-0.392822943,0.143828265,0.483483957,26,8,AKR1B1/ADH5/SORD/HSD17B6/AKR7A2/RDH14/ADHFE1/AKR1C3,down,FALSE
GOMF_L_GLUTAMINE_TRANSMEMBRANE_TRANSPORTER_ACTIVITY,GOMF_L_GLUTAMINE_TRANSMEMBRANE_TRANSPORTER_ACTIVITY,GO_MF,CD8,SF_vs_PB_CD8,1.3363501,0.596433528,0.143841802,0.483483957,8,3,SLC1A5/SLC1A4/SLC38A5,up,FALSE
GOMF_TYPE_I_TRANSFORMING_GROWTH_FACTOR_BETA_RECEPTOR_BINDING,GOMF_TYPE_I_TRANSFORMING_GROWTH_FACTOR_BETA_RECEPTOR_BINDING,GO_MF,CD8,SF_vs_PB_CD8,1.3352334,0.575510151,0.144032696,0.483483957,9,2,SMAD7/FKBP1A,up,FALSE
GOMF_HYDROLASE_ACTIVITY_HYDROLYZING_N_GLYCOSYL_COMPOUNDS,GOMF_HYDROLASE_ACTIVITY_HYDROLYZING_N_GLYCOSYL_COMPOUNDS,GO_MF,CD8,SF_vs_PB_CD8,-1.27073382,-0.383224637,0.144114888,0.483483957,28,13,NEIL2/MACROD1/CD38/DCTD/NTHL1/IL1RAP/OARD1/NEIL1/IL1RL1/IL18R1/APEX1/IL18RAP/RPS3,down,FALSE
GOMF_NUCLEOTIDE_RECEPTOR_ACTIVITY,GOMF_NUCLEOTIDE_RECEPTOR_ACTIVITY,GO_MF,CD8,SF_vs_PB_CD8,-1.32359789,-0.503042675,0.14427033,0.483483957,12,4,P2RX5/P2RY8/P2RX7/P2RY14,down,FALSE
GOMF_OXIDOREDUCTASE_ACTIVITY_ACTING_ON_A_SULFUR_GROUP_OF_DONORS,GOMF_OXIDOREDUCTASE_ACTIVITY_ACTING_ON_A_SULFUR_GROUP_OF_DONORS,GO_MF,CD8,SF_vs_PB_CD8,1.25417335,0.362030485,0.144590061,0.483483957,45,9,TXN/CLIC1/PGK1/TXNDC17/SCO2/MSRB1/DNAJC10/IFI30/SUOX,up,FALSE
GOMF_AP_2_ADAPTOR_COMPLEX_BINDING,GOMF_AP_2_ADAPTOR_COMPLEX_BINDING,GO_MF,CD8,SF_vs_PB_CD8,1.32753106,0.554862821,0.146551567,0.488859213,10,3,HIP1/BMP2K/RAB38,up,FALSE
GOMF_LONG_CHAIN_FATTY_ACID_TRANSMEMBRANE_TRANSPORTER_ACTIVITY,GOMF_LONG_CHAIN_FATTY_ACID_TRANSMEMBRANE_TRANSPORTER_ACTIVITY,GO_MF,CD8,SF_vs_PB_CD8,1.31533328,0.511126057,0.148714821,0.494879923,13,4,FABP5/SLC27A4/SLC2A1/SLC27A2,up,FALSE
GOMF_L_ALANINE_TRANSMEMBRANE_TRANSPORTER_ACTIVITY,GOMF_L_ALANINE_TRANSMEMBRANE_TRANSPORTER_ACTIVITY,GO_MF,CD8,SF_vs_PB_CD8,1.32283868,0.678706546,0.149463097,0.496174369,5,5,SLC1A4/SLC36A1/SLC36A4/SFXN1/SLC3A2,up,FALSE
GOMF_PHOSPHOLIPASE_ACTIVATOR_ACTIVITY,GOMF_PHOSPHOLIPASE_ACTIVATOR_ACTIVITY,GO_MF,CD8,SF_vs_PB_CD8,1.3061013,0.488934327,0.150725,0.497498124,15,8,CCL5/CCL3/HRAS/CASP3/SRC/STX4/ARL1/GM2A,up,FALSE
GOMF_1_PHOSPHATIDYLINOSITOL_4_PHOSPHATE_3_KINASE_ACTIVITY,GOMF_1_PHOSPHATIDYLINOSITOL_4_PHOSPHATE_3_KINASE_ACTIVITY,GO_MF,CD8,SF_vs_PB_CD8,1.32588619,0.643649746,0.150929619,0.497498124,6,4,PIK3CD/PIK3CG/PIK3CB/PIK3CA,up,FALSE
GOMF_MAGNESIUM_ION_BINDING,GOMF_MAGNESIUM_ION_BINDING,GO_MF,CD8,SF_vs_PB_CD8,1.16607446,0.266860877,0.150942588,0.497498124,191,53,TPPP/CIB1/ATP10D/PKM/ILK/MAST4/ATP8B4/ENO2/HPRT1/PLSCR1/NUDT8/ARL3/WEE1/ENO1/MTHFD2/RRAGC/ITGB1/DCTPP1/PINK1/ENDOV/TOP2A/PRKACA/CDK2/TREX1/GEM/ADPRH/PGM1/ATP8B2/SIK3/IDH1/ATP8B3/COMT/RHEB/ATP11B/STK3/MAST2/SNCA/PDXK/RHOT2/REXO2/NUDT16/ABL1/PPM1A/FEN1/STK38L/ATP11A/IDH2/NUDT5/MAPK12/PI4K2A/ILVBL/MARK2/STK11,up,FALSE
GOMF_PROTEIN_CONTAINING_COMPLEX_STABILIZING_ACTIVITY,GOMF_PROTEIN_CONTAINING_COMPLEX_STABILIZING_ACTIVITY,GO_MF,CD8,SF_vs_PB_CD8,1.3202964,0.677402179,0.15142922,0.497913696,5,1,MAP4,up,FALSE
GOMF_LIPASE_ACTIVATOR_ACTIVITY,GOMF_LIPASE_ACTIVATOR_ACTIVITY,GO_MF,CD8,SF_vs_PB_CD8,1.29994879,0.478302496,0.151969383,0.498474671,16,8,CCL5/CCL3/HRAS/CASP3/SRC/STX4/ARL1/GM2A,up,FALSE
GOMF_ALCOHOL_BINDING,GOMF_ALCOHOL_BINDING,GO_MF,CD8,SF_vs_PB_CD8,1.22975618,0.336565592,0.152321731,0.498474671,59,21,ABCG1/CYTH2/NINJ2/VDAC1/TSPO/GRAMD1C/CD81/ITPR3/ITPR1/SCARB2/TRPC3/NFE2L1/STARD4/XPR1/OSBP2/GRAMD1B/OSBPL7/GPR155/CAV1/SULT2B1/ADAP2,up,FALSE
GOMF_PROTEASOME_ACTIVATING_ACTIVITY,GOMF_PROTEASOME_ACTIVATING_ACTIVITY,GO_MF,CD8,SF_vs_PB_CD8,1.32173084,0.641632534,0.154187496,0.503387548,6,3,PSMC1/PSMC3/PSMC2,up,FALSE
GOMF_RRNA_ADENINE_METHYLTRANSFERASE_ACTIVITY,GOMF_RRNA_ADENINE_METHYLTRANSFERASE_ACTIVITY,GO_MF,CD8,SF_vs_PB_CD8,-1.33533972,-0.628326681,0.155431073,0.505342932,6,5,TFB1M/DIMT1/ZCCHC4/TFB2M/TRMT61B,down,FALSE
GOMF_ADENYL_NUCLEOTIDE_EXCHANGE_FACTOR_ACTIVITY,GOMF_ADENYL_NUCLEOTIDE_EXCHANGE_FACTOR_ACTIVITY,GO_MF,CD8,SF_vs_PB_CD8,-1.29750567,-0.470666505,0.155518281,0.505342932,14,7,SIL1/HSPH1/HYOU1/GRPEL1/HSPBP1/BAG5/BAG2,down,FALSE
GOMF_PHOSPHORYLATION_DEPENDENT_PROTEIN_BINDING,GOMF_PHOSPHORYLATION_DEPENDENT_PROTEIN_BINDING,GO_MF,CD8,SF_vs_PB_CD8,-1.32608773,-0.569827869,0.156224039,0.505587076,8,3,SOCS2/LYN/PTPN6,down,FALSE
GOMF_TRANSMEMBRANE_EPHRIN_RECEPTOR_ACTIVITY,GOMF_TRANSMEMBRANE_EPHRIN_RECEPTOR_ACTIVITY,GO_MF,CD8,SF_vs_PB_CD8,1.31453295,0.674445137,0.15632562,0.505587076,5,1,EPHA1,up,FALSE
GOMF_MONOATOMIC_ANION_MONOATOMIC_CATION_SYMPORTER_ACTIVITY,GOMF_MONOATOMIC_ANION_MONOATOMIC_CATION_SYMPORTER_ACTIVITY,GO_MF,CD8,SF_vs_PB_CD8,1.30825722,0.531897191,0.158561947,0.509161767,11,2,SLC6A6/SLC12A4,up,FALSE
GOMF_JUN_KINASE_BINDING,GOMF_JUN_KINASE_BINDING,GO_MF,CD8,SF_vs_PB_CD8,1.31460155,0.586726816,0.15911981,0.509161767,8,6,DUSP10/MAD2L2/SPAG9/GSTP1/DUSP16/MAPK8IP1,up,FALSE
GOMF_STEROL_ESTER_ESTERASE_ACTIVITY,GOMF_STEROL_ESTER_ESTERASE_ACTIVITY,GO_MF,CD8,SF_vs_PB_CD8,-1.33121644,-0.6633571,0.159360605,0.509161767,5,2,LIPE/CES1,down,FALSE
GOMF_SOLUTE_INORGANIC_ANION_ANTIPORTER_ACTIVITY,GOMF_SOLUTE_INORGANIC_ANION_ANTIPORTER_ACTIVITY,GO_MF,CD8,SF_vs_PB_CD8,1.27762652,0.438421263,0.159361368,0.509161767,21,10,SLC25A24/SLC4A2/SLC4A8/SLC25A14/SLC4A11/CLCN7/SLC26A6/SLC25A30/SLC25A25/SLC4A7,up,FALSE
GOMF_OXIDOREDUCTASE_ACTIVITY_ACTING_ON_CH_OH_GROUP_OF_DONORS,GOMF_OXIDOREDUCTASE_ACTIVITY_ACTING_ON_CH_OH_GROUP_OF_DONORS,GO_MF,CD8,SF_vs_PB_CD8,-1.17914068,-0.280155148,0.159926979,0.509161767,85,21,ADH5/LDHAL6A/SORD/HSD17B8/HSD17B6/AKR7A2/HSD17B12/RDH14/HIBADH/SDR42E2/ME2/BDH1/CBR4/HPGD/ADHFE1/CTBP2/ME1/HSD17B4/IMPDH2/AKR1C3/LDHB,down,FALSE
GOMF_ANTIPORTER_ACTIVITY,GOMF_ANTIPORTER_ACTIVITY,GO_MF,CD8,SF_vs_PB_CD8,1.19797174,0.306896016,0.161048338,0.509161767,86,17,SLC1A5/SLC35E4/SLC25A24/SLC4A2/SLC7A5/SLC25A1/SLC35E1/SLC35D2/TMCO3/SLC4A8/SLC25A14/SLC38A5/SLC4A11/SLC35C1/SLC8A1/CLCN7/SLC30A1,up,FALSE
GOMF_STRUCTURAL_CONSTITUENT_OF_MYELIN_SHEATH,GOMF_STRUCTURAL_CONSTITUENT_OF_MYELIN_SHEATH,GO_MF,CD8,SF_vs_PB_CD8,-1.32901037,-0.662257794,0.161080094,0.509161767,5,3,MBP/CMTM8/MAL,down,FALSE
GOMF_STRUCTURAL_CONSTITUENT_OF_EYE_LENS,GOMF_STRUCTURAL_CONSTITUENT_OF_EYE_LENS,GO_MF,CD8,SF_vs_PB_CD8,1.31158775,0.585381711,0.161220766,0.509161767,8,1,VIM,up,FALSE
GOMF_G_PROTEIN_COUPLED_PURINERGIC_NUCLEOTIDE_RECEPTOR_ACTIVITY,GOMF_G_PROTEIN_COUPLED_PURINERGIC_NUCLEOTIDE_RECEPTOR_ACTIVITY,GO_MF,CD8,SF_vs_PB_CD8,-1.32424989,-0.593398481,0.161269332,0.509161767,7,2,P2RY8/P2RY14,down,FALSE
GOMF_TRANSFERASE_ACTIVITY_TRANSFERRING_SULPHUR_CONTAINING_GROUPS,GOMF_TRANSFERASE_ACTIVITY_TRANSFERRING_SULPHUR_CONTAINING_GROUPS,GO_MF,CD8,SF_vs_PB_CD8,-1.23064758,-0.349144524,0.161323732,0.509161767,36,13,ACAA1/MOCS2/CTU2/CHST2/CDK5RAP1/LIAS/SUGCT/TPST2/ACSM3/TPST1/DSEL/SULT1A1/SULT1B1,down,FALSE
GOMF_MRNA_3_UTR_AU_RICH_REGION_BINDING,GOMF_MRNA_3_UTR_AU_RICH_REGION_BINDING,GO_MF,CD8,SF_vs_PB_CD8,1.26650146,0.417029257,0.161486498,0.509161767,25,8,ZC3H12A/ARID5A/CPEB2/AGO2/NUDT21/ELAVL1/MEX3D/EXOSC9,up,FALSE
GOMF_OXIDOREDUCTASE_ACTIVITY_ACTING_ON_THE_CH_NH2_GROUP_OF_DONORS,GOMF_OXIDOREDUCTASE_ACTIVITY_ACTING_ON_THE_CH_NH2_GROUP_OF_DONORS,GO_MF,CD8,SF_vs_PB_CD8,1.30829024,0.563897154,0.161864966,0.509192524,9,4,GLUD1/GLDC/GLUD2/VCAM1,up,FALSE
GOMF_TUMOR_NECROSIS_FACTOR_RECEPTOR_BINDING,GOMF_TUMOR_NECROSIS_FACTOR_RECEPTOR_BINDING,GO_MF,CD8,SF_vs_PB_CD8,1.25902503,0.407059615,0.163314382,0.511596302,27,11,FASLG/CD70/TRAF1/TNFSF4/TNFSF10/TRIM37/TNFSF12/TNF/TRAF2/TRAF3/SIVA1,up,FALSE
GOMF_GROWTH_FACTOR_ACTIVITY,GOMF_GROWTH_FACTOR_ACTIVITY,GO_MF,CD8,SF_vs_PB_CD8,1.2272791,0.349759061,0.16337,0.511596302,48,10,TYMP/CSF1/PDGFA/JAG2/IL10/OGN/HDGF/CSF2/GRN/GPI,up,FALSE
GOMF_PHOSPHORIC_ESTER_HYDROLASE_ACTIVITY,GOMF_PHOSPHORIC_ESTER_HYDROLASE_ACTIVITY,GO_MF,CD8,SF_vs_PB_CD8,1.14573591,0.255652933,0.164782398,0.514514326,237,60,DUSP4/PTPN7/PDE4A/DUSP6/CCR5/PTPRN2/CCL5/SBF1/DUSP18/DUSP10/PPP4R1/ACP5/PPP3CA/DUSP22/CTDNEP1/TNS3/PTPRJ/PHPT1/PLD2/DUSP3/SSH1/PTPRF/SMPD3/PFKFB3/PLCD1/CNP/PDE4B/HTT/SGPP2/PPP3CB/INPP5E/PDE7B/GDPD5/PPTC7/PPP2CB/PDP2/PDE1B/DUSP23/INPPL1/PFKFB4/CPPED1/PPP3R1/CTDSP1/NT5DC2/PLCG2/IMPA2/PPM1M/GDE1/NT5M/PLCD3/PPM1A/PTPRA/PLD4/PPP1CB/PLCXD1/PTPN9/PHLPP1/PPP1R3B/PLCH2/ACP2,up,FALSE
GOMF_SPHINGOLIPID_BINDING,GOMF_SPHINGOLIPID_BINDING,GO_MF,CD8,SF_vs_PB_CD8,-1.26444968,-0.41608956,0.165046956,0.514514326,20,5,SELL/LAPTM4B/LYN/PHB2/S1PR1,down,FALSE
GOMF_METALLODIPEPTIDASE_ACTIVITY,GOMF_METALLODIPEPTIDASE_ACTIVITY,GO_MF,CD8,SF_vs_PB_CD8,-1.32036136,-0.621278807,0.165926212,0.516090313,6,4,CPQ/ACE/DPEP2/ADAM10,down,FALSE
GOMF_VOLTAGE_GATED_POTASSIUM_CHANNEL_ACTIVITY,GOMF_VOLTAGE_GATED_POTASSIUM_CHANNEL_ACTIVITY,GO_MF,CD8,SF_vs_PB_CD8,1.28077591,0.471248036,0.166604653,0.517036012,16,10,TMEM43/KCNK5/KCNK6/KCNA6/HCN2/HCN3/KCNC4/KCNA2/KCNAB2/PKD2,up,FALSE
GOMF_METALLOAMINOPEPTIDASE_ACTIVITY,GOMF_METALLOAMINOPEPTIDASE_ACTIVITY,GO_MF,CD8,SF_vs_PB_CD8,-1.26321098,-0.421467222,0.167775864,0.517910886,19,5,ERAP1/PEPD/XPNPEP2/LTA4H/METAP1D,down,FALSE
GOMF_LIGAND_GATED_CHANNEL_ACTIVITY,GOMF_LIGAND_GATED_CHANNEL_ACTIVITY,GO_MF,CD8,SF_vs_PB_CD8,1.22164356,0.348153004,0.16882882,0.517910886,48,18,KCNN4/SLC1A5/RYR1/ANO9/TTYH3/CHRNB1/ITPR3/TPCN2/ITPR1/MCOLN2/KCNK6/TRPC3/TMEM63B/CHRNA5/CATSPER1/TRPM2/HCN2/MCOLN1,up,FALSE
GOMF_C_METHYLTRANSFERASE_ACTIVITY,GOMF_C_METHYLTRANSFERASE_ACTIVITY,GO_MF,CD8,SF_vs_PB_CD8,-1.31643594,-0.619431753,0.16897388,0.517910886,6,5,TRMT2A/NSUN5/NOP2/TRMT2B/COQ5,down,FALSE
GOMF_17_BETA_HYDROXYSTEROID_DEHYDROGENASE_NADPLUS_ACTIVITY,GOMF_17_BETA_HYDROXYSTEROID_DEHYDROGENASE_NADPLUS_ACTIVITY,GO_MF,CD8,SF_vs_PB_CD8,-1.3182767,-0.656909111,0.16897701,0.517910886,5,3,HSD17B8/HSD17B6/AKR1C3,down,FALSE
GOMF_SEMAPHORIN_RECEPTOR_BINDING,GOMF_SEMAPHORIN_RECEPTOR_BINDING,GO_MF,CD8,SF_vs_PB_CD8,1.29269472,0.525569956,0.169086931,0.517910886,11,6,SEMA4A/PLXNB1/SEMA3G/TREM2/SEMA7A/SEMA4D,up,FALSE
GOMF_FATTY_ACID_TRANSMEMBRANE_TRANSPORTER_ACTIVITY,GOMF_FATTY_ACID_TRANSMEMBRANE_TRANSPORTER_ACTIVITY,GO_MF,CD8,SF_vs_PB_CD8,1.2818435,0.488877128,0.169487886,0.517910886,14,4,FABP5/SLC27A4/SLC2A1/SLC27A2,up,FALSE
GOMF_CASPASE_BINDING,GOMF_CASPASE_BINDING,GO_MF,CD8,SF_vs_PB_CD8,-1.31327669,-0.588481372,0.169511745,0.517910886,7,2,CTSG/RIPK2,down,FALSE
GOMF_SINGLE_STRANDED_DNA_3_5_DNA_EXONUCLEASE_ACTIVITY,GOMF_SINGLE_STRANDED_DNA_3_5_DNA_EXONUCLEASE_ACTIVITY,GO_MF,CD8,SF_vs_PB_CD8,1.30076668,0.63145551,0.170495609,0.518763816,6,3,POLG/ISG20/POLE,up,FALSE
GOMF_CYTOSKELETON_NUCLEAR_MEMBRANE_ANCHOR_ACTIVITY,GOMF_CYTOSKELETON_NUCLEAR_MEMBRANE_ANCHOR_ACTIVITY,GO_MF,CD8,SF_vs_PB_CD8,1.29789095,0.665906655,0.170542196,0.518763816,5,3,SYNE3/SUN1/SYNE2,up,FALSE
GOMF_GMP_KINASE_ACTIVITY,GOMF_GMP_KINASE_ACTIVITY,GO_MF,CD8,SF_vs_PB_CD8,1.30138316,0.603696342,0.171301879,0.519929441,7,2,CASK/MPP1,up,FALSE
GOMF_TRNA_SPECIFIC_ADENOSINE_DEAMINASE_ACTIVITY,GOMF_TRNA_SPECIFIC_ADENOSINE_DEAMINASE_ACTIVITY,GO_MF,CD8,SF_vs_PB_CD8,1.29655209,0.66521973,0.171941168,0.52005555,5,2,ADARB1/ADARB2,up,FALSE
GOMF_ATPASE_COUPLED_INTRAMEMBRANE_LIPID_TRANSPORTER_ACTIVITY,GOMF_ATPASE_COUPLED_INTRAMEMBRANE_LIPID_TRANSPORTER_ACTIVITY,GO_MF,CD8,SF_vs_PB_CD8,1.256043,0.421842797,0.172468932,0.52005555,23,12,ABCG1/ATP10D/ATP8B4/ATP8B2/ATP8B3/ATP11B/ATP11A/ABCA3/ABCA2/ATP8A1/ABCA7/ATP11C,up,FALSE
GOMF_CYCLASE_ACTIVATOR_ACTIVITY,GOMF_CYCLASE_ACTIVATOR_ACTIVITY,GO_MF,CD8,SF_vs_PB_CD8,1.29825637,0.630236881,0.172480294,0.52005555,6,4,CALM2/GNAS/NCS1/CALM3,up,FALSE
GOMF_ISOPRENOID_BINDING,GOMF_ISOPRENOID_BINDING,GO_MF,CD8,SF_vs_PB_CD8,1.29700364,0.578872599,0.172849745,0.52005555,8,3,FABP5/RXRA/RARA,up,FALSE
GOMF_CHEMOKINE_BINDING,GOMF_CHEMOKINE_BINDING,GO_MF,CD8,SF_vs_PB_CD8,1.2470743,0.403195786,0.173517237,0.520928921,27,6,PLP2/CXCR3/CCR5/ITGB1/HMGB1/CXCR6,up,FALSE
GOMF_K63_LINKED_DEUBIQUITINASE_ACTIVITY,GOMF_K63_LINKED_DEUBIQUITINASE_ACTIVITY,GO_MF,CD8,SF_vs_PB_CD8,1.26722397,0.458786322,0.173956736,0.521115514,17,11,CYLD/PSMD14/OTUD5/ATXN3/OTUD4/USP54/STAMBP/USP9X/USP8/STAMBPL1/USP27X,up,FALSE
GOMF_UBIQUITIN_LIGASE_ACTIVATOR_ACTIVITY,GOMF_UBIQUITIN_LIGASE_ACTIVATOR_ACTIVITY,GO_MF,CD8,SF_vs_PB_CD8,1.28658157,0.537747325,0.175836384,0.523790754,10,4,FZR1/PIN1/RBCK1/TRIB3,up,FALSE
GOMF_NUCLEOTIDE_SUGAR_TRANSMEMBRANE_TRANSPORTER_ACTIVITY,GOMF_NUCLEOTIDE_SUGAR_TRANSMEMBRANE_TRANSPORTER_ACTIVITY,GO_MF,CD8,SF_vs_PB_CD8,1.28040908,0.508726197,0.175959945,0.523790754,12,5,SLC35D2/SLC35C1/SLC35B4/SLC35B1/SLC35A2,up,FALSE
GOMF_DISULFIDE_OXIDOREDUCTASE_ACTIVITY,GOMF_DISULFIDE_OXIDOREDUCTASE_ACTIVITY,GO_MF,CD8,SF_vs_PB_CD8,1.23240605,0.377823517,0.176232972,0.523790754,34,6,TXN/CLIC1/PGK1/TXNDC17/SCO2/DNAJC10,up,FALSE
GOMF_PEPTIDOGLYCAN_BINDING,GOMF_PEPTIDOGLYCAN_BINDING,GO_MF,CD8,SF_vs_PB_CD8,1.29508775,0.600775975,0.176366908,0.523790754,7,4,NOD2/PGLYRP2/NLRP3/TREM2,up,FALSE
GOMF_OXIDOREDUCTASE_ACTIVITY_ACTING_ON_CH_OR_CH2_GROUPS_DISULFIDE_AS_ACCEPTOR,GOMF_OXIDOREDUCTASE_ACTIVITY_ACTING_ON_CH_OR_CH2_GROUPS_DISULFIDE_AS_ACCEPTOR,GO_MF,CD8,SF_vs_PB_CD8,1.28984967,0.661780929,0.178104204,0.526062184,5,2,VKORC1L1/VKORC1,up,FALSE
GOMF_ALDEHYDE_DEHYDROGENASE_NAD_P_PLUS_ACTIVITY,GOMF_ALDEHYDE_DEHYDROGENASE_NAD_P_PLUS_ACTIVITY,GO_MF,CD8,SF_vs_PB_CD8,-1.28504771,-0.515436105,0.178187302,0.526062184,10,6,ALDH4A1/ALDH16A1/AKR1B1/ADH5/ALDH9A1/AKR1C3,down,FALSE
GOMF_PLATELET_DERIVED_GROWTH_FACTOR_RECEPTOR_BINDING,GOMF_PLATELET_DERIVED_GROWTH_FACTOR_RECEPTOR_BINDING,GO_MF,CD8,SF_vs_PB_CD8,-1.28423344,-0.515109498,0.178675182,0.526062184,10,5,PDGFB/LYN/PDGFD/PDGFRB/ERN1,down,FALSE
GOMF_EPHRIN_RECEPTOR_ACTIVITY,GOMF_EPHRIN_RECEPTOR_ACTIVITY,GO_MF,CD8,SF_vs_PB_CD8,1.29013468,0.626294217,0.179033496,0.526062184,6,1,EPHA1,up,FALSE
GOMF_ICOSANOID_BINDING,GOMF_ICOSANOID_BINDING,GO_MF,CD8,SF_vs_PB_CD8,1.28992828,0.626194024,0.179145837,0.526062184,6,2,ALOX5AP/PPARG,up,FALSE
GOMF_ADENYLYLTRANSFERASE_ACTIVITY,GOMF_ADENYLYLTRANSFERASE_ACTIVITY,GO_MF,CD8,SF_vs_PB_CD8,1.25710445,0.448566548,0.179417298,0.526062184,18,3,OASL/OAS3/OAS1,up,FALSE
GOMF_SIGNALING_ADAPTOR_ACTIVITY,GOMF_SIGNALING_ADAPTOR_ACTIVITY,GO_MF,CD8,SF_vs_PB_CD8,1.16895113,0.288159948,0.180400688,0.526681858,110,40,GNB4/IQGAP1/TRAF1/SLA2/AKAP13/MAP2K2/GNB1/MPP7/GNB5/LAMP2/GRB10/ARF6/KSR1/SPAG9/IKBKG/GAB2/TRAF2/CRK/FMR1/TRAF3/YWHAE/SCRIB/NLRP3/PAG1/SARM1/ZDHHC11/DOK4/MYD88/GNB2/DOK1/CRKL/RIPK1/NF2/TICAM2/TICAM1/SH2B3/NCK2/AIM2/STAT3/MAP2K1,up,FALSE
GOMF_PENTOSYLTRANSFERASE_ACTIVITY,GOMF_PENTOSYLTRANSFERASE_ACTIVITY,GO_MF,CD8,SF_vs_PB_CD8,1.21333401,0.353597654,0.180982715,0.526681858,43,8,TYMP/NAMPT/UPP1/HPRT1/PARP4/PARP12/PARP9/PARP14,up,FALSE
GOMF_HISTONE_H3K36_METHYLTRANSFERASE_ACTIVITY,GOMF_HISTONE_H3K36_METHYLTRANSFERASE_ACTIVITY,GO_MF,CD8,SF_vs_PB_CD8,-1.28090179,-0.513773167,0.181070233,0.526681858,10,6,NSD1/SMYD5/ASH1L/SETD3/SETMAR/SMYD3,down,FALSE
GOMF_MISFOLDED_PROTEIN_BINDING,GOMF_MISFOLDED_PROTEIN_BINDING,GO_MF,CD8,SF_vs_PB_CD8,1.26120829,0.464048336,0.181399387,0.526681858,16,4,CLU/EDEM1/HSPA1A/DNAJC10,up,FALSE
GOMF_PHOSPHORUS_OXYGEN_LYASE_ACTIVITY,GOMF_PHOSPHORUS_OXYGEN_LYASE_ACTIVITY,GO_MF,CD8,SF_vs_PB_CD8,1.27285799,0.505726034,0.181597147,0.526681858,12,4,RNASE4/ADCY3/RNASE1/ADCY7,up,FALSE
GOMF_PHOSPHATIDYLCHOLINE_TRANSFER_ACTIVITY,GOMF_PHOSPHATIDYLCHOLINE_TRANSFER_ACTIVITY,GO_MF,CD8,SF_vs_PB_CD8,1.28654785,0.624552997,0.181916905,0.526681858,6,4,PITPNA/TMEM63B/ABCA3/PLTP,up,FALSE
GOMF_BRANCHED_CHAIN_AMINO_ACID_TRANSMEMBRANE_TRANSPORTER_ACTIVITY,GOMF_BRANCHED_CHAIN_AMINO_ACID_TRANSMEMBRANE_TRANSPORTER_ACTIVITY,GO_MF,CD8,SF_vs_PB_CD8,1.28751765,0.597264292,0.18271211,0.526874148,7,6,SLC7A5/SLC25A44/SLC38A9/SLC3A2/SLC43A2/SLC6A20,up,FALSE
GOMF_AMINO_ACID_SODIUM_SYMPORTER_ACTIVITY,GOMF_AMINO_ACID_SODIUM_SYMPORTER_ACTIVITY,GO_MF,CD8,SF_vs_PB_CD8,1.28430548,0.573205215,0.182746356,0.526874148,8,2,SLC6A6/SLC1A1,up,FALSE
GOMF_HISTONE_DEUBIQUITINASE_ACTIVITY,GOMF_HISTONE_DEUBIQUITINASE_ACTIVITY,GO_MF,CD8,SF_vs_PB_CD8,1.28278073,0.572524696,0.183962699,0.529276015,8,6,USP3/BAP1/USP22/USP49/MYSM1/USP16,up,FALSE
GOMF_SULFUR_COMPOUND_BINDING,GOMF_SULFUR_COMPOUND_BINDING,GO_MF,CD8,SF_vs_PB_CD8,-1.13659818,-0.253596631,0.184709168,0.530318838,125,14,ADAMTS1/GREM2/GSTM2/GSTM3/CFH/SULT1A1/COL5A3/TENM1/COLQ/TGFBR3/PTCH1/RPL29/TKTL1/RPL22,down,FALSE
GOMF_PROTEIN_DISULFIDE_REDUCTASE_ACTIVITY,GOMF_PROTEIN_DISULFIDE_REDUCTASE_ACTIVITY,GO_MF,CD8,SF_vs_PB_CD8,1.23257666,0.398508506,0.186382452,0.531636961,27,5,TXN/PGK1/TXNDC17/SCO2/DNAJC10,up,FALSE
GOMF_2_ACYLGLYCEROL_3_PHOSPHATE_O_ACYLTRANSFERASE_ACTIVITY,GOMF_2_ACYLGLYCEROL_3_PHOSPHATE_O_ACYLTRANSFERASE_ACTIVITY,GO_MF,CD8,SF_vs_PB_CD8,1.27578398,0.549886356,0.187431273,0.531636961,9,4,MBOAT2/LPCAT2/MBOAT7/LPCAT4,up,FALSE
GOMF_ISOCITRATE_DEHYDROGENASE_NAD_P_PLUS_ACTIVITY,GOMF_ISOCITRATE_DEHYDROGENASE_NAD_P_PLUS_ACTIVITY,GO_MF,CD8,SF_vs_PB_CD8,1.27906688,0.65624862,0.188086056,0.531636961,5,2,IDH1/IDH2,up,FALSE
GOMF_ACYLGLYCEROL_O_ACYLTRANSFERASE_ACTIVITY,GOMF_ACYLGLYCEROL_O_ACYLTRANSFERASE_ACTIVITY,GO_MF,CD8,SF_vs_PB_CD8,1.2401089,0.420589083,0.188193744,0.531636961,22,7,AGPAT2/AGPAT3/MBOAT2/PLA2G15/LPCAT2/GPAT2/MBOAT7,up,FALSE
GOMF_MITOGEN_ACTIVATED_PROTEIN_KINASE_KINASE_KINASE_BINDING,GOMF_MITOGEN_ACTIVATED_PROTEIN_KINASE_KINASE_KINASE_BINDING,GO_MF,CD8,SF_vs_PB_CD8,-1.25708309,-0.467036559,0.188262677,0.531636961,13,3,DUSP19/STK38/ROR2,down,FALSE
GOMF_OXIDIZED_DNA_BINDING,GOMF_OXIDIZED_DNA_BINDING,GO_MF,CD8,SF_vs_PB_CD8,-1.26510924,-0.493753534,0.18839056,0.531636961,11,2,MSH3/RPS3,down,FALSE
GOMF_INOSITOL_1_4_5_TRISPHOSPHATE_BINDING,GOMF_INOSITOL_1_4_5_TRISPHOSPHATE_BINDING,GO_MF,CD8,SF_vs_PB_CD8,1.28058618,0.594048869,0.188612034,0.531636961,7,4,CYTH2/ITPR3/ITPR1/TRPC3,up,FALSE
GOMF_C3HC4_TYPE_RING_FINGER_DOMAIN_BINDING,GOMF_C3HC4_TYPE_RING_FINGER_DOMAIN_BINDING,GO_MF,CD8,SF_vs_PB_CD8,1.27774184,0.655568788,0.189106927,0.531636961,5,2,HSPA1A/PINK1,up,FALSE
GOMF_OXIDOREDUCTASE_ACTIVITY_ACTING_ON_THE_CH_CH_GROUP_OF_DONORS,GOMF_OXIDOREDUCTASE_ACTIVITY_ACTING_ON_THE_CH_CH_GROUP_OF_DONORS,GO_MF,CD8,SF_vs_PB_CD8,-1.18193544,-0.313247278,0.1891345,0.531636961,49,19,ACAA1/GCDH/PTGES2/DECR1/ACADVL/SRD5A3/RSAD1/ACAD10/ACADM/ACADSB/LBR/SDHC/IVD/PTGR2/DPYD/DUS3L/COX15/TM7SF2/AKR1C3,down,FALSE
GOMF_SECONDARY_ACTIVE_TRANSMEMBRANE_TRANSPORTER_ACTIVITY,GOMF_SECONDARY_ACTIVE_TRANSMEMBRANE_TRANSPORTER_ACTIVITY,GO_MF,CD8,SF_vs_PB_CD8,1.1471339,0.269323031,0.189261607,0.531636961,156,26,SLC6A6/SLC1A5/SLC1A1/SLC35E4/SLC25A24/SLC4A2/SLC16A3/SLC7A5/SLC10A3/SLC25A1/SLC35E1/SLC12A4/SLC35D2/SLC1A4/SLC29A1/TMCO3/SLC4A8/SLC25A14/SLC38A5/SLC4A11/SLC35C1/SLC8A1/CLCN7/SLC30A1/SLC36A1/ANKH,up,FALSE
GOMF_ABC_TYPE_TRANSPORTER_ACTIVITY,GOMF_ABC_TYPE_TRANSPORTER_ACTIVITY,GO_MF,CD8,SF_vs_PB_CD8,1.22762603,0.393496168,0.189402885,0.531636961,28,17,ABCG1/ABCB10/TAP1/ATP13A1/ABCC1/SLC36A1/ATP13A3/ABCB8/ATP13A2/ABCD4/RALBP1/ABCA3/ABCC4/ABCA2/ABCC10/ABCA5/ABCA7,up,FALSE
GOMF_SODIUM_CHANNEL_ACTIVITY,GOMF_SODIUM_CHANNEL_ACTIVITY,GO_MF,CD8,SF_vs_PB_CD8,1.264919,0.514277201,0.191330452,0.535958122,11,7,TMEM43/TPCN2/SLC4A11/TRPM2/HCN2/MCOLN1/HCN3,up,FALSE
GOMF_NUCLEASE_ACTIVITY,GOMF_NUCLEASE_ACTIVITY,GO_MF,CD8,SF_vs_PB_CD8,1.13691798,0.261297964,0.193177743,0.540037375,185,51,RNASE4/HELZ2/NME7/ANG/N4BP1/ZC3H12A/ERI1/POLG/PLSCR1/NEIL3/ISG20/AGO2/MAP1S/KHNYN/ENDOV/DCLRE1C/REXO1/TREX1/CNOT6/MGME1/ZC3H12D/RNASE1/RBBP8/TATDN2/RNASE6/DCLRE1A/POLE/DICER1/DNASE2/HMCES/REXO2/NUDT16/SLFN5/POP7/PLD4/FEN1/ZC3H12C/EXOSC10/AGO1/EXO1/EXOSC9/POLRMT/AGO4/SLX1B/SLX1A/ERCC1/RNASEK/MUS81/DNA2/CNOT6L/SLFN13,up,FALSE
GOMF_GLYCOSYLTRANSFERASE_ACTIVITY,GOMF_GLYCOSYLTRANSFERASE_ACTIVITY,GO_MF,CD8,SF_vs_PB_CD8,1.13722586,0.26241356,0.195180619,0.544534211,179,34,TYMP/GALNT6/LFNG/ST6GALNAC6/GCNT1/NAMPT/B3GNTL1/COLGALT2/UPP1/HPRT1/GALNT1/GALNT2/ST8SIA4/PARP4/ST6GALNAC3/POFUT2/PLOD3/EOGT/CSGALNACT1/MGAT4B/B4GALNT1/TMTC4/CSGALNACT2/PARP12/B3GNT5/PARP9/PARP14/ST8SIA1/COLGALT1/B3GNT9/FUT8/FUT4/TMTC3/CHSY1,up,FALSE
GOMF_STEROID_DEHYDROGENASE_ACTIVITY,GOMF_STEROID_DEHYDROGENASE_ACTIVITY,GO_MF,CD8,SF_vs_PB_CD8,-1.21996102,-0.391323872,0.196242122,0.545402547,22,8,HSD17B8/HSD17B6/HSD17B12/SRD5A3/RDH14/HSDL2/HSD17B4/AKR1C3,down,FALSE
GOMF_SUMO_TRANSFERASE_ACTIVITY,GOMF_SUMO_TRANSFERASE_ACTIVITY,GO_MF,CD8,SF_vs_PB_CD8,1.21731493,0.386978895,0.197508714,0.545402547,29,10,CDKN2A/PML/PIAS3/ZMIZ1/UBE2I/PIAS4/UHRF2/RGPD2/SUMO2/EGR2,up,FALSE
GOMF_POLY_A_BINDING,GOMF_POLY_A_BINDING,GO_MF,CD8,SF_vs_PB_CD8,-1.22686281,-0.409339743,0.197514776,0.545402547,19,10,RBMS2/PABPC4/RBMS1/LARP4/RBMS3/HNRNPU/PPIE/TIA1/ZC3H14/PABPC1,down,FALSE
GOMF_PROTEIN_CONTAINING_COMPLEX_DESTABILIZING_ACTIVITY,GOMF_PROTEIN_CONTAINING_COMPLEX_DESTABILIZING_ACTIVITY,GO_MF,CD8,SF_vs_PB_CD8,1.25341341,0.498000405,0.197590231,0.545402547,12,2,KATNAL1/HSPA1A,up,FALSE
GOMF_ATPASE_BINDING,GOMF_ATPASE_BINDING,GO_MF,CD8,SF_vs_PB_CD8,1.18056804,0.31915237,0.197663769,0.545402547,63,21,ATP1B1/EZR/TCIRG1/PSEN1/RALB/USP25/PPP3CA/DNAJC10/NR1H2/RALA/TMTC4/NPLOC4/ATP1B3/CHMP4A/ATP6V1E1/SNX10/BBC3/SNTA1/ATXN3/CAV1/SRC,up,FALSE
GOMF_TPR_DOMAIN_BINDING,GOMF_TPR_DOMAIN_BINDING,GO_MF,CD8,SF_vs_PB_CD8,-1.2789449,-0.601790836,0.198227202,0.545402547,6,5,RAB8B/STUB1/SRP72/HSP90AA1/HSP90AB1,down,FALSE
GOMF_HYALURONIC_ACID_BINDING,GOMF_HYALURONIC_ACID_BINDING,GO_MF,CD8,SF_vs_PB_CD8,1.2584691,0.52599727,0.198473839,0.545402547,10,2,CD44/LAYN,up,FALSE
GOMF_UDP_GLYCOSYLTRANSFERASE_ACTIVITY,GOMF_UDP_GLYCOSYLTRANSFERASE_ACTIVITY,GO_MF,CD8,SF_vs_PB_CD8,1.16680125,0.302630504,0.19900803,0.545402547,80,28,GALNT6/LFNG/GCNT1/B3GNTL1/COLGALT2/GALNT1/GALNT2/PLOD3/EOGT/CSGALNACT1/MGAT4B/B4GALNT1/CSGALNACT2/B3GNT5/COLGALT1/B3GNT9/CHSY1/GYG1/PIGQ/MGAT1/POMGNT1/B3GNT7/B4GALT2/B4GALT5/B3GALT6/B3GAT3/UGCG/CHPF,up,FALSE
GOMF_3_5_DNA_HELICASE_ACTIVITY,GOMF_3_5_DNA_HELICASE_ACTIVITY,GO_MF,CD8,SF_vs_PB_CD8,1.24000736,0.456247675,0.199241659,0.545402547,16,6,MCM6/RECQL/RECQL4/MCM2/NAV2/MCM5,up,FALSE
GOMF_CHOLESTEROL_BINDING,GOMF_CHOLESTEROL_BINDING,GO_MF,CD8,SF_vs_PB_CD8,1.19610421,0.350357254,0.199441192,0.545402547,42,19,ABCG1/NINJ2/VDAC1/TSPO/GRAMD1C/CD81/SCARB2/NFE2L1/STARD4/OSBP2/GRAMD1B/OSBPL7/GPR155/CAV1/SULT2B1/GRAMD1A/SOAT2/SLC38A9/STARD3,up,FALSE
GOMF_HORMONE_ACTIVITY,GOMF_HORMONE_ACTIVITY,GO_MF,CD8,SF_vs_PB_CD8,1.22173894,0.410321759,0.200938559,0.548271124,23,10,PMCH/CHGB/ADM2/METRNL/NMB/INSL3/PTHLH/VGF/UTS2/HAMP,up,FALSE
GOMF_MECHANOSENSITIVE_MONOATOMIC_ION_CHANNEL_ACTIVITY,GOMF_MECHANOSENSITIVE_MONOATOMIC_ION_CHANNEL_ACTIVITY,GO_MF,CD8,SF_vs_PB_CD8,-1.26998213,-0.569081012,0.201440253,0.548271124,7,3,TMC8/TMC4/TMEM63A,down,FALSE
GOMF_HISTONE_UBIQUITIN_LIGASE_ACTIVITY,GOMF_HISTONE_UBIQUITIN_LIGASE_ACTIVITY,GO_MF,CD8,SF_vs_PB_CD8,1.24461606,0.483646015,0.201897724,0.548271124,13,9,BARD1/DTX3L/PCGF3/TRIM37/BRCA1/HUWE1/PCGF5/HLTF/UBR2,up,FALSE
GOMF_PHOSPHOTRANSFERASE_ACTIVITY_PHOSPHATE_GROUP_AS_ACCEPTOR,GOMF_PHOSPHOTRANSFERASE_ACTIVITY_PHOSPHATE_GROUP_AS_ACCEPTOR,GO_MF,CD8,SF_vs_PB_CD8,1.2055082,0.374631039,0.202417687,0.548271124,32,8,NME7/CMPK2/AK4/CASK/AK1/CMPK1/MPP1/PMVK,up,FALSE
GOMF_RISC_COMPLEX_BINDING,GOMF_RISC_COMPLEX_BINDING,GO_MF,CD8,SF_vs_PB_CD8,-1.27857596,-0.637125874,0.202475216,0.548271124,5,2,CSDE1/SND1,down,FALSE
GOMF_PHOSPHOLIPID_TRANSPORTER_ACTIVITY,GOMF_PHOSPHOLIPID_TRANSPORTER_ACTIVITY,GO_MF,CD8,SF_vs_PB_CD8,1.17807831,0.322422143,0.203747073,0.548512353,59,16,ABCG1/PCTP/SERINC2/ANO9/PLSCR1/PITPNA/PITPNM1/ATG9A/CLPTM1L/PRELID2/ATP8B2/ATP8B3/OSBPL11/ATP11B/VMP1/TMEM63B,up,FALSE
GOMF_PROTEIN_TYROSINE_KINASE_INHIBITOR_ACTIVITY,GOMF_PROTEIN_TYROSINE_KINASE_INHIBITOR_ACTIVITY,GO_MF,CD8,SF_vs_PB_CD8,1.26167088,0.585274282,0.204326611,0.548512353,7,4,DUSP22/DUSP3/LILRB4/CAV1,up,FALSE
GOMF_HISTONE_H2AX_KINASE_ACTIVITY,GOMF_HISTONE_H2AX_KINASE_ACTIVITY,GO_MF,CD8,SF_vs_PB_CD8,-1.27613104,-0.635907553,0.204343304,0.548512353,5,2,ATR/ATM,down,FALSE
GOMF_SMALL_RIBOSOMAL_SUBUNIT_RRNA_BINDING,GOMF_SMALL_RIBOSOMAL_SUBUNIT_RRNA_BINDING,GO_MF,CD8,SF_vs_PB_CD8,-1.26615842,-0.5673676,0.20439017,0.548512353,7,4,CIRBP/UTP23/RPS3/RPS13,down,FALSE
GOMF_THIOREDOXIN_DEPENDENT_PEROXIREDOXIN_ACTIVITY,GOMF_THIOREDOXIN_DEPENDENT_PEROXIREDOXIN_ACTIVITY,GO_MF,CD8,SF_vs_PB_CD8,1.26028898,0.646614277,0.204646854,0.548512353,5,3,PRDX1/PRDX5/PRDX4,up,FALSE
GOMF_NEUROPEPTIDE_RECEPTOR_ACTIVITY,GOMF_NEUROPEPTIDE_RECEPTOR_ACTIVITY,GO_MF,CD8,SF_vs_PB_CD8,-1.27008895,-0.597623781,0.20565321,0.548512353,6,2,SSTR3/NMUR1,down,FALSE
GOMF_SIGNAL_PEPTIDASE_ACTIVITY,GOMF_SIGNAL_PEPTIDASE_ACTIVITY,GO_MF,CD8,SF_vs_PB_CD8,-1.27430175,-0.634996,0.205871739,0.548512353,5,2,PMPCB/IMMP2L,down,FALSE
GOMF_ANGIOTENSIN_RECEPTOR_BINDING,GOMF_ANGIOTENSIN_RECEPTOR_BINDING,GO_MF,CD8,SF_vs_PB_CD8,-1.2739158,-0.634803676,0.206168935,0.548512353,5,2,ARRB1/ZBTB16,down,FALSE
GOMF_TRANSCRIPTION_REGULATOR_INHIBITOR_ACTIVITY,GOMF_TRANSCRIPTION_REGULATOR_INHIBITOR_ACTIVITY,GO_MF,CD8,SF_vs_PB_CD8,1.20071,0.376284221,0.206353262,0.548512353,31,13,SMAD7/HSPA1A/TRIB1/ANXA4/SRI/ELK1/KEAP1/ID2/PKD1/NCOA2/SIN3A/PKD2/DDIT3,up,FALSE
GOMF_SOLUTE_SODIUM_SYMPORTER_ACTIVITY,GOMF_SOLUTE_SODIUM_SYMPORTER_ACTIVITY,GO_MF,CD8,SF_vs_PB_CD8,1.21186869,0.395245438,0.20653615,0.548512353,26,5,SLC6A6/SLC1A1/SLC10A3/SLC29A1/SLC4A8,up,FALSE
GOMF_ACIDIC_AMINO_ACID_TRANSMEMBRANE_TRANSPORTER_ACTIVITY,GOMF_ACIDIC_AMINO_ACID_TRANSMEMBRANE_TRANSPORTER_ACTIVITY,GO_MF,CD8,SF_vs_PB_CD8,1.24478138,0.506089863,0.20704559,0.548809904,11,3,SLC1A5/SLC1A1/SLC1A4,up,FALSE
GOMF_SCAVENGER_RECEPTOR_ACTIVITY,GOMF_SCAVENGER_RECEPTOR_ACTIVITY,GO_MF,CD8,SF_vs_PB_CD8,1.23272136,0.461464811,0.20774403,0.549606331,15,5,CXCL16/MSR1/SCARB2/CD6/MEGF6,up,FALSE
GOMF_RETROMER_COMPLEX_BINDING,GOMF_RETROMER_COMPLEX_BINDING,GO_MF,CD8,SF_vs_PB_CD8,-1.26122071,-0.565155004,0.208771663,0.550808068,7,4,TBC1D5/SNX3/RCSD1/M6PR,down,FALSE
GOMF_ALPHA_TUBULIN_BINDING,GOMF_ALPHA_TUBULIN_BINDING,GO_MF,CD8,SF_vs_PB_CD8,1.19781571,0.372240474,0.208995965,0.550808068,32,12,TBCB/RACGAP1/FAM110C/TRIM36/ENKD1/ARL8A/TAOK1/SNCA/TTLL7/DNAL1/EML4/HDAC6,up,FALSE
GOMF_VOLTAGE_GATED_SODIUM_CHANNEL_ACTIVITY,GOMF_VOLTAGE_GATED_SODIUM_CHANNEL_ACTIVITY,GO_MF,CD8,SF_vs_PB_CD8,1.25433427,0.581870916,0.21043062,0.553532736,7,4,TMEM43/TPCN2/HCN2/HCN3,up,FALSE
GOMF_PROLINE_RICH_REGION_BINDING,GOMF_PROLINE_RICH_REGION_BINDING,GO_MF,CD8,SF_vs_PB_CD8,1.23352125,0.479334677,0.211224911,0.554565783,13,5,RABAC1/WBP4/CYLD/ABL1/APBB1,up,FALSE
GOMF_RIBOSOME_BINDING,GOMF_RIBOSOME_BINDING,GO_MF,CD8,SF_vs_PB_CD8,-1.12457617,-0.259040171,0.212178659,0.556012766,102,29,SEC61B/PTCD3/TACO1/CPSF6/MRRF/SRP68/OXA1L/MCTS1/NEMF/EIF5A/NAA15/IMPACT/GEMIN5/SERBP1/NMD3/NAA16/IFRD2/GTPBP10/SEC61A1/LETMD1/EIF3K/ABCE1/C1QBP/NPM1/HSPA5/G3BP1/EIF2A/EEF2/RPSA,down,FALSE
GOMF_OXIDOREDUCTASE_ACTIVITY_ACTING_ON_NAD_P_H_OXYGEN_AS_ACCEPTOR,GOMF_OXIDOREDUCTASE_ACTIVITY_ACTING_ON_NAD_P_H_OXYGEN_AS_ACCEPTOR,GO_MF,CD8,SF_vs_PB_CD8,1.23500836,0.490687796,0.212916937,0.556020595,12,5,MICAL1/NCF1/CYBA/NCF2/KMO,up,FALSE
GOMF_MONOATOMIC_ANION_CHANNEL_ACTIVITY,GOMF_MONOATOMIC_ANION_CHANNEL_ACTIVITY,GO_MF,CD8,SF_vs_PB_CD8,1.18434861,0.348635323,0.213249758,0.556020595,41,7,CLIC1/SLC1A1/ANO9/VDAC1/TTYH3/CLIC5/SLC1A4,up,FALSE
GOMF_TYPE_II_TRANSFORMING_GROWTH_FACTOR_BETA_RECEPTOR_BINDING,GOMF_TYPE_II_TRANSFORMING_GROWTH_FACTOR_BETA_RECEPTOR_BINDING,GO_MF,CD8,SF_vs_PB_CD8,-1.2543529,-0.562077527,0.213630349,0.556020595,7,3,MAP3K7/TGFBR1/TGFBR3,down,FALSE
GOMF_CARBOHYDRATE_KINASE_ACTIVITY,GOMF_CARBOHYDRATE_KINASE_ACTIVITY,GO_MF,CD8,SF_vs_PB_CD8,1.21722298,0.434335837,0.213792133,0.556020595,18,6,PFKP/NAGK/GALK1/PFKFB3/PFKL/PFKFB4,up,FALSE
GOMF_DNA_NUCLEASE_ACTIVITY,GOMF_DNA_NUCLEASE_ACTIVITY,GO_MF,CD8,SF_vs_PB_CD8,1.15803123,0.306508606,0.216036236,0.560800832,71,29,NME7/POLG/NEIL3/ISG20/MAP1S/ENDOV/DCLRE1C/TREX1/MGME1/RBBP8/DCLRE1A/POLE/DICER1/DNASE2/HMCES/REXO2/PLD4/FEN1/EXO1/SLX1B/SLX1A/ERCC1/MUS81/DNA2/N4BP2/POLD1/GEN1/EXO5/OGG1,up,FALSE
GOMF_INTEGRIN_BINDING,GOMF_INTEGRIN_BINDING,GO_MF,CD8,SF_vs_PB_CD8,1.15694777,0.306221833,0.217625556,0.563439089,71,21,ITGA2/ACTN4/CD9/ISG15/ILK/FN1/ITGB1BP1/CD81/ITGB1/HMGB1/TLN1/TGFBI/MYH9/SPP1/ADAM17/CD151/ITGAX/VCAM1/F11R/GPNMB/ANXA7,up,FALSE
GOMF_OXIDOREDUCTASE_ACTIVITY_ACTING_ON_PEROXIDE_AS_ACCEPTOR,GOMF_OXIDOREDUCTASE_ACTIVITY_ACTING_ON_PEROXIDE_AS_ACCEPTOR,GO_MF,CD8,SF_vs_PB_CD8,-1.17345267,-0.337276623,0.217993927,0.563439089,34,12,CYGB/GPX7/CAT/HBA1/SESN2/HBA2/GPX1/GSTM2/GSTT1/PRDX2/IPCEF1/SESN1,down,FALSE
GOMF_AMINO_ACID_MONOATOMIC_CATION_SYMPORTER_ACTIVITY,GOMF_AMINO_ACID_MONOATOMIC_CATION_SYMPORTER_ACTIVITY,GO_MF,CD8,SF_vs_PB_CD8,1.23540779,0.516358428,0.218343077,0.563439089,10,2,SLC6A6/SLC1A1,up,FALSE
GOMF_LIGAND_GATED_MONOATOMIC_CATION_CHANNEL_ACTIVITY,GOMF_LIGAND_GATED_MONOATOMIC_CATION_CHANNEL_ACTIVITY,GO_MF,CD8,SF_vs_PB_CD8,1.18088123,0.351632217,0.218684541,0.563439089,39,15,KCNN4/RYR1/CHRNB1/ITPR3/TPCN2/ITPR1/MCOLN2/KCNK6/TRPC3/TMEM63B/CHRNA5/CATSPER1/TRPM2/HCN2/MCOLN1,up,FALSE
GOMF_ANKYRIN_BINDING,GOMF_ANKYRIN_BINDING,GO_MF,CD8,SF_vs_PB_CD8,1.24387793,0.577020343,0.220078295,0.565974162,7,2,PLEC/SLC8A1,up,FALSE
GOMF_MALATE_DEHYDROGENASE_ACTIVITY,GOMF_MALATE_DEHYDROGENASE_ACTIVITY,GO_MF,CD8,SF_vs_PB_CD8,-1.25079436,-0.588544964,0.220827163,0.566844446,6,4,MDH1/PHGDH/ME2/ME1,down,FALSE
GOMF_CYTIDYLYLTRANSFERASE_ACTIVITY,GOMF_CYTIDYLYLTRANSFERASE_ACTIVITY,GO_MF,CD8,SF_vs_PB_CD8,1.24246131,0.603151242,0.221404632,0.567272351,6,3,CDS2/PCYT1A/CMAS,up,FALSE
GOMF_UBIQUITIN_MODIFIED_HISTONE_READER_ACTIVITY,GOMF_UBIQUITIN_MODIFIED_HISTONE_READER_ACTIVITY,GO_MF,CD8,SF_vs_PB_CD8,1.23788455,0.552486844,0.222203793,0.567517178,8,6,BARD1/RNF169/BRCA1/TP53BP1/UIMC1/USP15,up,FALSE
GOMF_OUTWARD_RECTIFIER_POTASSIUM_CHANNEL_ACTIVITY,GOMF_OUTWARD_RECTIFIER_POTASSIUM_CHANNEL_ACTIVITY,GO_MF,CD8,SF_vs_PB_CD8,1.24158742,0.602727013,0.222322081,0.567517178,6,6,KCNK5/KCNK6/KCNA2/PKD2/KCNQ1/KCNK12,up,FALSE
GOMF_PHOSPHATIDYLINOSITOL_KINASE_ACTIVITY,GOMF_PHOSPHATIDYLINOSITOL_KINASE_ACTIVITY,GO_MF,CD8,SF_vs_PB_CD8,1.19638435,0.401806402,0.224037542,0.568553662,23,11,PIP4K2C/PI4KA/PIK3R6/PIP5K1C/PIK3CD/PIK3CG/PIK3CB/PI4K2B/PI4K2A/PIP5KL1/PIK3CA,up,FALSE
GOMF_METAL_DEPENDENT_DEUBIQUITINASE_ACTIVITY,GOMF_METAL_DEPENDENT_DEUBIQUITINASE_ACTIVITY,GO_MF,CD8,SF_vs_PB_CD8,-1.21631831,-0.462270317,0.224353065,0.568553662,12,2,EIF3F/EIF3H,down,FALSE
GOMF_VINCULIN_BINDING,GOMF_VINCULIN_BINDING,GO_MF,CD8,SF_vs_PB_CD8,-1.22392402,-0.490919228,0.224491606,0.568553662,10,4,PXN/UTRN/SORBS3/ACTN1,down,FALSE
GOMF_LRR_DOMAIN_BINDING,GOMF_LRR_DOMAIN_BINDING,GO_MF,CD8,SF_vs_PB_CD8,1.21240251,0.453858519,0.225490021,0.568553662,15,10,PMF1/KRAS/LRRFIP2/STK11/ZXDC/DDIT3/DAPK3/ATF4/JDP2/POLR2J,up,FALSE
GOMF_SH2_DOMAIN_BINDING,GOMF_SH2_DOMAIN_BINDING,GO_MF,CD8,SF_vs_PB_CD8,1.18060743,0.366892724,0.225984199,0.568553662,32,14,LAT2/SYNGR3/DAG1/CCDC88A/AFAP1L2/SIGLEC10/RUFY1/SIT1/INPPL1/CRK/ABL1/PAG1/SRC/SHCBP1,up,FALSE
GOMF_DAMAGED_DNA_BINDING,GOMF_DAMAGED_DNA_BINDING,GO_MF,CD8,SF_vs_PB_CD8,1.15005323,0.305197374,0.226050407,0.568553662,70,19,DDB2/SMC6/NEIL3/XPC/HMGB1/DCLRE1C/POLK/RBBP8/RECQL4/DCLRE1A/EP300/PCNA/RPA3/FANCG/HMGB2/HMCES/FEN1/BRCA1/MPG,up,FALSE
GOMF_DOPAMINE_RECEPTOR_BINDING,GOMF_DOPAMINE_RECEPTOR_BINDING,GO_MF,CD8,SF_vs_PB_CD8,1.22605402,0.512448869,0.226374547,0.568553662,10,6,GNA13/GNAS/VPS35/PPP1R9B/GNA12/DLG4,up,FALSE
GOMF_SEMAPHORIN_RECEPTOR_ACTIVITY,GOMF_SEMAPHORIN_RECEPTOR_ACTIVITY,GO_MF,CD8,SF_vs_PB_CD8,1.23293663,0.550278509,0.22660843,0.568553662,8,5,PLXNA3/PLXNB2/PLXNB1/PLXNA1/TREM2,up,FALSE
GOMF_CORECEPTOR_ACTIVITY,GOMF_CORECEPTOR_ACTIVITY,GO_MF,CD8,SF_vs_PB_CD8,-1.15975959,-0.324795468,0.226792387,0.568553662,38,8,ERBB2/IL17RC/RGMB/GPR15/IL18RAP/TGFBR3/ROR2/TMIGD2,down,FALSE
GOMF_NUCLEAR_RETINOID_X_RECEPTOR_BINDING,GOMF_NUCLEAR_RETINOID_X_RECEPTOR_BINDING,GO_MF,CD8,SF_vs_PB_CD8,1.21225996,0.46233894,0.227051498,0.568553662,14,8,TACC1/ARID5A/VDR/MED25/NR1H2/NCOR2/PPARG/NCOA1,up,FALSE
GOMF_DYNEIN_LIGHT_INTERMEDIATE_CHAIN_BINDING,GOMF_DYNEIN_LIGHT_INTERMEDIATE_CHAIN_BINDING,GO_MF,CD8,SF_vs_PB_CD8,1.20066989,0.422494813,0.227256786,0.568553662,19,6,CCDC88B/RAB11A/DYNC2H1/CCDC88A/DYNC1H1/RILPL2,up,FALSE
GOMF_TRANSLATION_INITIATION_FACTOR_BINDING,GOMF_TRANSLATION_INITIATION_FACTOR_BINDING,GO_MF,CD8,SF_vs_PB_CD8,-1.16848687,-0.343105256,0.22820401,0.569891028,31,4,EIF3M/RPS24/EIF3F/EIF4EBP3,down,FALSE
GOMF_POLY_ADP_D_RIBOSE_BINDING,GOMF_POLY_ADP_D_RIBOSE_BINDING,GO_MF,CD8,SF_vs_PB_CD8,-1.24853299,-0.622155192,0.229328974,0.571666631,5,4,PARP2/APLF/RNF146/AIFM1,down,FALSE
GOMF_ACTIVIN_RECEPTOR_ACTIVITY_TYPE_I,GOMF_ACTIVIN_RECEPTOR_ACTIVITY_TYPE_I,GO_MF,CD8,SF_vs_PB_CD8,-1.23941564,-0.583190855,0.230506728,0.572852477,6,3,ACVR1B/ACVR1C/TGFBR1,down,FALSE
GOMF_TRANSMEMBRANE_RECEPTOR_PROTEIN_TYROSINE_KINASE_ADAPTOR_ACTIVITY,GOMF_TRANSMEMBRANE_RECEPTOR_PROTEIN_TYROSINE_KINASE_ADAPTOR_ACTIVITY,GO_MF,CD8,SF_vs_PB_CD8,-1.20296319,-0.43637149,0.230976721,0.572852477,14,6,STAP1/PIK3R1/TRAT1/IRS2/GRB2/SH2B1,down,FALSE
GOMF_RIBOSOMAL_SMALL_SUBUNIT_BINDING,GOMF_RIBOSOMAL_SMALL_SUBUNIT_BINDING,GO_MF,CD8,SF_vs_PB_CD8,-1.18750891,-0.396209412,0.231186299,0.572852477,19,9,MTIF3/PIM1/MTIF2/ERAL1/PTCD3/MCTS1/ABCE1/NPM1/G3BP1,down,FALSE
GOMF_SNORNA_BINDING,GOMF_SNORNA_BINDING,GO_MF,CD8,SF_vs_PB_CD8,-1.17087306,-0.353108885,0.231699983,0.572852477,28,13,RRP9/DHX37/NOP14/NUDT7/IMP4/WDR3/NHP2/NUFIP1/XRCC5/DDX21/NOP56/DKC1/IMP3,down,FALSE
GOMF_AMIDE_BINDING,GOMF_AMIDE_BINDING,GO_MF,CD8,SF_vs_PB_CD8,1.1182701,0.263636343,0.231878736,0.572852477,151,25,CD74/ITM2A/ITGA2/ITM2C/NOD2/LRP8/CLU/FKBP1A/LDLR/ECE1/VDAC1/FBXO2/ACOT7/FASN/MARCO/C1QA/PGRMC1/SRD5A1/MSR1/DBI/EPDR1/PANK3/PICALM/ECI2/FKBP1B,up,FALSE
GOMF_MITOGEN_ACTIVATED_PROTEIN_KINASE_BINDING,GOMF_MITOGEN_ACTIVATED_PROTEIN_KINASE_BINDING,GO_MF,CD8,SF_vs_PB_CD8,1.18439097,0.386283706,0.232467242,0.573280823,26,5,DUSP10/MAPKAPK2/PTPRJ/MAPKAPK3/ATF7,up,FALSE
GOMF_TRANSMEMBRANE_RECEPTOR_PROTEIN_SERINE_THREONINE_KINASE_BINDING,GOMF_TRANSMEMBRANE_RECEPTOR_PROTEIN_SERINE_THREONINE_KINASE_BINDING,GO_MF,CD8,SF_vs_PB_CD8,1.23011255,0.597156555,0.233574866,0.574985543,6,4,SMAD7/FKBP1A/SMURF1/SRC,up,FALSE
GOMF_MRNA_METHYLTRANSFERASE_ACTIVITY,GOMF_MRNA_METHYLTRANSFERASE_ACTIVITY,GO_MF,CD8,SF_vs_PB_CD8,-1.20764025,-0.471324234,0.234492786,0.576218038,11,4,TRMT61B/METTL16/TRMT61A/METTL1,down,FALSE
GOMF_DNA_RNA_HELICASE_ACTIVITY,GOMF_DNA_RNA_HELICASE_ACTIVITY,GO_MF,CD8,SF_vs_PB_CD8,-1.23366698,-0.580485902,0.235657717,0.577061784,6,2,SETX/G3BP1,down,FALSE
GOMF_PATTERN_RECOGNITION_RECEPTOR_ACTIVITY,GOMF_PATTERN_RECOGNITION_RECEPTOR_ACTIVITY,GO_MF,CD8,SF_vs_PB_CD8,1.17674022,0.377185522,0.236039089,0.577061784,28,8,NOD2/IFIH1/MARCO/PGLYRP2/CLEC10A/LY96/GZMK/CLEC12A,up,FALSE
GOMF_PEROXIREDOXIN_ACTIVITY,GOMF_PEROXIREDOXIN_ACTIVITY,GO_MF,CD8,SF_vs_PB_CD8,1.22504425,0.568283621,0.236089723,0.577061784,7,3,PRDX1/PRDX5/PRDX4,up,FALSE
GOMF_ICOSATETRAENOIC_ACID_BINDING,GOMF_ICOSATETRAENOIC_ACID_BINDING,GO_MF,CD8,SF_vs_PB_CD8,1.22280663,0.567245615,0.238000705,0.5807049,7,3,ALOX5AP/PPARG/FABP3,up,FALSE
GOMF_CARBON_NITROGEN_LIGASE_ACTIVITY_WITH_GLUTAMINE_AS_AMIDO_N_DONOR,GOMF_CARBON_NITROGEN_LIGASE_ACTIVITY_WITH_GLUTAMINE_AS_AMIDO_N_DONOR,GO_MF,CD8,SF_vs_PB_CD8,-1.21587874,-0.522470403,0.23960474,0.582969831,8,6,ASNS/GATC/QRSL1/ASNSD1/PFAS/GMPS,down,FALSE
GOMF_DIACYLGLYCEROL_BINDING,GOMF_DIACYLGLYCEROL_BINDING,GO_MF,CD8,SF_vs_PB_CD8,-1.20570662,-0.483612182,0.240081609,0.582969831,10,4,PRKCA/FITM2/DGKD/RASGRP2,down,FALSE
GOMF_CYTOKINE_BINDING,GOMF_CYTOKINE_BINDING,GO_MF,CD8,SF_vs_PB_CD8,-1.11285951,-0.261369465,0.24019539,0.582969831,91,18,TNFRSF14/TGFBR1/IL1RL1/CASP1/CXCR1/TRIM16/GBP1/KIT/GREM2/IL18BP/CCR10/IL18R1/CXCR2/CX3CR1/CCR9/CCR6/TGFBR3/IL23R,down,FALSE
GOMF_RECEPTOR_SERINE_THREONINE_KINASE_BINDING,GOMF_RECEPTOR_SERINE_THREONINE_KINASE_BINDING,GO_MF,CD8,SF_vs_PB_CD8,1.21822737,0.56512135,0.241841222,0.584973295,7,4,SMAD7/FKBP1A/SMURF1/SRC,up,FALSE
GOMF_HISTONE_DEACETYLASE_BINDING,GOMF_HISTONE_DEACETYLASE_BINDING,GO_MF,CD8,SF_vs_PB_CD8,1.12810483,0.285254308,0.242023214,0.584973295,93,25,BCL3/CIITA/HSPA1A/BCOR/KCTD21/CAMTA2/MEF2D/NACC1/NUDT21/HDAC10/NCOR2/YWHAB/SP1/RARA/KLF4/SRF/NCOR1/ZNHIT1/CHD4/IKZF3/FOXP3/KAT2B/KPNA2/YWHAE/ZBTB7B,up,FALSE
GOMF_CYCLIN_DEPENDENT_PROTEIN_SERINE_THREONINE_KINASE_ACTIVATOR_ACTIVITY,GOMF_CYCLIN_DEPENDENT_PROTEIN_SERINE_THREONINE_KINASE_ACTIVATOR_ACTIVITY,GO_MF,CD8,SF_vs_PB_CD8,1.19938051,0.466067909,0.242291618,0.584973295,13,5,CKS1B/CKS2/CCNYL1/CCND2/MNAT1,up,FALSE
GOMF_NEUROTRANSMITTER_RECEPTOR_REGULATOR_ACTIVITY,GOMF_NEUROTRANSMITTER_RECEPTOR_REGULATOR_ACTIVITY,GO_MF,CD8,SF_vs_PB_CD8,1.21957064,0.625722987,0.244158348,0.586152283,5,3,LY6E/PTK2B/AGRN,up,FALSE
GOMF_CARNITINE_O_ACYLTRANSFERASE_ACTIVITY,GOMF_CARNITINE_O_ACYLTRANSFERASE_ACTIVITY,GO_MF,CD8,SF_vs_PB_CD8,-1.23342418,-0.61462634,0.244252447,0.586152283,5,3,CPT2/CROT/CPT1A,down,FALSE
GOMF_MICROTUBULE_MINUS_END_BINDING,GOMF_MICROTUBULE_MINUS_END_BINDING,GO_MF,CD8,SF_vs_PB_CD8,1.19657564,0.464977961,0.244659289,0.586152283,13,10,CAMSAP1/NUMA1/TUBGCP5/TUBGCP6/NIN/HAUS7/CEP290/TUBGCP2/CAMSAP2/MACF1,up,FALSE
GOMF_COBALT_ION_BINDING,GOMF_COBALT_ION_BINDING,GO_MF,CD8,SF_vs_PB_CD8,1.21901927,0.625440096,0.244763309,0.586152283,5,3,PML/NUDT16/MYT1L,up,FALSE
GOMF_VOLTAGE_GATED_CHLORIDE_CHANNEL_ACTIVITY,GOMF_VOLTAGE_GATED_CHLORIDE_CHANNEL_ACTIVITY,GO_MF,CD8,SF_vs_PB_CD8,-1.22249905,-0.575230976,0.245165583,0.586152283,6,2,CLCN3/TMC4,down,FALSE
GOMF_NITRIC_OXIDE_SYNTHASE_REGULATOR_ACTIVITY,GOMF_NITRIC_OXIDE_SYNTHASE_REGULATOR_ACTIVITY,GO_MF,CD8,SF_vs_PB_CD8,1.20968319,0.521395703,0.245326589,0.586152283,9,3,ATP2B4/DYNLL1/AKT1,up,FALSE
GOMF_POTASSIUM_CHANNEL_REGULATOR_ACTIVITY,GOMF_POTASSIUM_CHANNEL_REGULATOR_ACTIVITY,GO_MF,CD8,SF_vs_PB_CD8,1.16724528,0.377385999,0.248303818,0.592241059,27,18,ARPP19/SGK1/AKT1/PRKACA/AKAP9/ENSA/YWHAE/CAV1/RASA1/CHP1/KCNAB2/NEDD4/KCNMB3/OXSR1/FLNA/SUMO1/DLG1/KCNAB3,up,FALSE
GOMF_L_LEUCINE_TRANSMEMBRANE_TRANSPORTER_ACTIVITY,GOMF_L_LEUCINE_TRANSMEMBRANE_TRANSPORTER_ACTIVITY,GO_MF,CD8,SF_vs_PB_CD8,1.21404167,0.622886248,0.25015124,0.595394341,5,4,SLC7A5/SLC38A9/SLC3A2/SLC43A2,up,FALSE
GOMF_GROWTH_FACTOR_BINDING,GOMF_GROWTH_FACTOR_BINDING,GO_MF,CD8,SF_vs_PB_CD8,-1.10918306,-0.267191491,0.250727023,0.595394341,79,17,IGFBP3/ITGA6/ACVR1C/ERBB2/PDGFB/TGFBR1/COL6A1/TRIM16/NOG/KIT/RPS19/IGF1R/RPS2/PDGFRB/TGFBR3/FGFBP2/FLT4,down,FALSE
GOMF_HISTONE_CHAPERONE_ACTIVITY,GOMF_HISTONE_CHAPERONE_ACTIVITY,GO_MF,CD8,SF_vs_PB_CD8,1.19021253,0.462505319,0.250919266,0.595394341,13,4,HIRIP3/IPO9/ASF1B/MYD88,up,FALSE
GOMF_FMN_BINDING,GOMF_FMN_BINDING,GO_MF,CD8,SF_vs_PB_CD8,-1.19742224,-0.495658993,0.251892606,0.596678711,9,5,NOS3/NDUFV1/PNPO/MTRR/TYW1,down,FALSE
GOMF_HISTONE_ACETYLTRANSFERASE_BINDING,GOMF_HISTONE_ACETYLTRANSFERASE_BINDING,GO_MF,CD8,SF_vs_PB_CD8,1.16962565,0.396684338,0.253540485,0.599553784,22,7,ZBTB7A/EGR1/SP1/PCNA/TRIP4/FOXP3/KAT2B,up,FALSE
GOMF_SIGNALING_RECEPTOR_INHIBITOR_ACTIVITY,GOMF_SIGNALING_RECEPTOR_INHIBITOR_ACTIVITY,GO_MF,CD8,SF_vs_PB_CD8,1.18190669,0.450762631,0.254410765,0.600583361,14,6,LY6E/CCL5/FKBP1A/IL1RN/LRPAP1/LILRB4,up,FALSE
GOMF_DNA_BINDING_BENDING,GOMF_DNA_BINDING_BENDING,GO_MF,CD8,SF_vs_PB_CD8,1.1920936,0.48466863,0.255691991,0.601705397,11,7,HMGB1/TOP2A/TREX1/HMGB2/HHEX/HMGB3/SAP30L,up,FALSE
GOMF_NEUROPILIN_BINDING,GOMF_NEUROPILIN_BINDING,GO_MF,CD8,SF_vs_PB_CD8,1.18812911,0.472061949,0.256069447,0.601705397,12,7,SEMA4A/ABL1/TAOK2/VEGFA/SEMA3G/SEMA7A/SEMA4D,up,FALSE
GOMF_HISTONE_DEACETYLASE_ACTIVITY_HYDROLYTIC_MECHANISM,GOMF_HISTONE_DEACETYLASE_ACTIVITY_HYDROLYTIC_MECHANISM,GO_MF,CD8,SF_vs_PB_CD8,-1.18280776,-0.461632478,0.256503747,0.601705397,11,6,HDAC8/HDAC2/HDAC3/HDAC7/HDAC9/HDAC1,down,FALSE
GOMF_SULFOTRANSFERASE_ACTIVITY,GOMF_SULFOTRANSFERASE_ACTIVITY,GO_MF,CD8,SF_vs_PB_CD8,-1.1557086,-0.375307844,0.256628877,0.601705397,21,5,TPST2/TPST1/DSEL/SULT1A1/SULT1B1,down,FALSE
GOMF_PROTEIN_SERINE_THREONINE_TYROSINE_KINASE_ACTIVITY,GOMF_PROTEIN_SERINE_THREONINE_TYROSINE_KINASE_ACTIVITY,GO_MF,CD8,SF_vs_PB_CD8,1.14536375,0.342844989,0.258108902,0.603505003,38,15,TESK1/MAP2K2/TNK2/SGK1/MAPKAPK3/AKT1/PRKACA/AURKA/MAP3K9/TTK/MAP2K4/PBK/DYRK1B/AURKB/MAP2K1,up,FALSE
GOMF_DNA_ENDONUCLEASE_ACTIVITY_PRODUCING_5_PHOSPHOMONOESTERS,GOMF_DNA_ENDONUCLEASE_ACTIVITY_PRODUCING_5_PHOSPHOMONOESTERS,GO_MF,CD8,SF_vs_PB_CD8,1.17748773,0.449077301,0.258526286,0.603505003,14,9,ENDOV/MGME1/DICER1/FEN1/EXO1/SLX1B/SLX1A/DNA2/GEN1,up,FALSE
GOMF_CYTOKINE_RECEPTOR_ACTIVITY,GOMF_CYTOKINE_RECEPTOR_ACTIVITY,GO_MF,CD8,SF_vs_PB_CD8,-1.11164673,-0.275947267,0.258915968,0.603505003,67,13,IL1RL1/IL17RC/CXCR1/IL7R/CCR10/IL18R1/CXCR2/IL18RAP/CX3CR1/CCR9/CCR6/CMKLR1/IL23R,down,FALSE
GOMF_ATP_DEPENDENT_DIACYLGLYCEROL_KINASE_ACTIVITY,GOMF_ATP_DEPENDENT_DIACYLGLYCEROL_KINASE_ACTIVITY,GO_MF,CD8,SF_vs_PB_CD8,-1.19298609,-0.512633295,0.259455205,0.603505003,8,3,AGK/DGKA/DGKD,down,FALSE
GOMF_NADPLUS_PROTEIN_GLUTAMATE_ADP_RIBOSYLTRANSFERASE_ACTIVITY,GOMF_NADPLUS_PROTEIN_GLUTAMATE_ADP_RIBOSYLTRANSFERASE_ACTIVITY,GO_MF,CD8,SF_vs_PB_CD8,1.18463283,0.470672821,0.259581442,0.603505003,12,3,PARP4/PARP14/TNKS2,up,FALSE
GOMF_DNA_CLAMP_LOADER_ACTIVITY,GOMF_DNA_CLAMP_LOADER_ACTIVITY,GO_MF,CD8,SF_vs_PB_CD8,1.19231207,0.51390843,0.260226523,0.603987947,9,4,RFC2/CHTF18/RFC3/RFC5,up,FALSE
GOMF_CHROMATIN_DNA_BINDING,GOMF_CHROMATIN_DNA_BINDING,GO_MF,CD8,SF_vs_PB_CD8,1.11526226,0.286808793,0.261951426,0.606971341,84,30,ACTN4/NOTCH1/MBD2/SBNO2/NR1H2/TOX/FOXO1/CTCF/SMARCD2/EZH2/RARA/KLF4/AHDC1/SUZ12/EP300/SRF/CHD4/EOMES/BCL6/TOX2/ACTL6A/CENPA/BAP1/KDM3B/SMARCC1/MBD3/SMARCA4/SMARCE1/STAT3/CEBPB,up,FALSE
GOMF_PROTEIN_TYROSINE_KINASE_ACTIVITY,GOMF_PROTEIN_TYROSINE_KINASE_ACTIVITY,GO_MF,CD8,SF_vs_PB_CD8,-1.09426074,-0.254035145,0.262544981,0.607327669,97,17,YES1/ERBB2/TWF1/TESK2/MAP2K6/LYN/KIT/IGF1R/PDGFRB/FGR/BLK/RIPK2/ZAP70/FLT4/ROR2/TXK/LTK,down,FALSE
GOMF_ATPASE_ACTIVATOR_ACTIVITY,GOMF_ATPASE_ACTIVATOR_ACTIVITY,GO_MF,CD8,SF_vs_PB_CD8,1.15550397,0.388076705,0.264447727,0.610706207,23,6,ATP1B1/DNAJC10/FXYD2/DNAJB2/ATP1B3/DNAJB6,up,FALSE
GOMF_PH_DOMAIN_BINDING,GOMF_PH_DOMAIN_BINDING,GO_MF,CD8,SF_vs_PB_CD8,-1.19093107,-0.533658106,0.266381797,0.61414568,7,3,LSM4/SESN2/NCL,down,FALSE
GOMF_2_IRON_2_SULFUR_CLUSTER_BINDING,GOMF_2_IRON_2_SULFUR_CLUSTER_BINDING,GO_MF,CD8,SF_vs_PB_CD8,-1.14328583,-0.36672896,0.268107422,0.614942619,22,11,CISD1/FDX1/ISCU/SLC25A39/CIAPIN1/UQCRFS1/RFESD/ISCA2/FBXL5/CISD3/FXN,down,FALSE
GOMF_TRANSCRIPTION_COREGULATOR_BINDING,GOMF_TRANSCRIPTION_COREGULATOR_BINDING,GO_MF,CD8,SF_vs_PB_CD8,1.10695842,0.277280337,0.268328762,0.614942619,99,24,AHR/NR5A2/ZBTB7A/RXRA/ENO1/TP73/MED25/PPARA/UBE2I/HDGF/CTCF/JUND/FAM89B/ZBTB17/ATF7/SP1/EZH2/RARA/KLF4/PPARG/SUZ12/EP300/EPAS1/CHD4,up,FALSE
GOMF_MHC_CLASS_I_PROTEIN_COMPLEX_BINDING,GOMF_MHC_CLASS_I_PROTEIN_COMPLEX_BINDING,GO_MF,CD8,SF_vs_PB_CD8,-1.18838172,-0.532515737,0.268680997,0.614942619,7,3,TAPBPL/KLRD1/CD160,down,FALSE
GOMF_IGG_BINDING,GOMF_IGG_BINDING,GO_MF,CD8,SF_vs_PB_CD8,-1.17253321,-0.470306238,0.268977447,0.614942619,10,3,FCGR3B/FCGRT/FCGR3A,down,FALSE
GOMF_CYTOCHROME_C_OXIDASE_ACTIVITY,GOMF_CYTOCHROME_C_OXIDASE_ACTIVITY,GO_MF,CD8,SF_vs_PB_CD8,-1.1680354,-0.455867042,0.26941058,0.614942619,11,6,SURF1/COX5B/MT-CO2/MT-CO3/COX4I1/COX7A2L,down,FALSE
GOMF_PRIMARY_ACTIVE_TRANSMEMBRANE_TRANSPORTER_ACTIVITY,GOMF_PRIMARY_ACTIVE_TRANSMEMBRANE_TRANSPORTER_ACTIVITY,GO_MF,CD8,SF_vs_PB_CD8,1.10117245,0.267506452,0.269626112,0.614942619,121,41,ATP1B1/ABCG1/ATP2B4/TCIRG1/ATP2B1/NDUFA6/ATP2A3/ABCB10/NDUFS5/ATP2A2/NDUFB2/NDUFS6/TAP1/ATP13A1/ATP6V0B/COX8A/ABCC1/SLC36A1/ATP6V1E1/ATP13A3/ABCB8/ATP13A2/ATP2C1/ABCD4/NDUFA9/NDUFB6/ATP6V1D/ATP6V1B2/NDUFC2/RALBP1/NDUFA1/NDUFB4/NDUFB3/ABCA3/ABCC4/COX5A/ATP6V0D1/ATP6V1F/ABCA2/ABCC10/ATP8A1,up,FALSE
GOMF_PHOSPHATASE_ACTIVITY,GOMF_PHOSPHATASE_ACTIVITY,GO_MF,CD8,SF_vs_PB_CD8,1.08996833,0.251508938,0.270135968,0.614942619,179,43,DUSP4/PTPN7/DUSP6/PTPRN2/SBF1/DUSP18/DUSP10/PPP4R1/ACP5/PPP3CA/DUSP22/CTDNEP1/TNS3/PTPRJ/PHPT1/DUSP3/SSH1/PTPRF/PFKFB3/HTT/SGPP2/PPP3CB/INPP5E/PPTC7/PPP2CB/PDP2/DUSP23/INPPL1/PFKFB4/CPPED1/PPP3R1/CTDSP1/NT5DC2/IMPA2/PPM1M/NT5M/PPM1A/PTPRA/PPP1CB/PTPN9/PHLPP1/PPP1R3B/ACP2,up,FALSE
GOMF_CYCLIN_BINDING,GOMF_CYCLIN_BINDING,GO_MF,CD8,SF_vs_PB_CD8,1.14568042,0.370413791,0.270289768,0.614942619,27,10,CDKN1A/NDC80/CDK1/CDK2/GPS2/CDK13/CDK6/MDFIC/CDK14/FBXO31,up,FALSE
GOMF_EPHRIN_RECEPTOR_BINDING,GOMF_EPHRIN_RECEPTOR_BINDING,GO_MF,CD8,SF_vs_PB_CD8,1.15436241,0.400947791,0.271225261,0.615001688,20,10,ANKS1B/EFNA5/CHN1/ABL1/PIK3CG/ANKS1A/SRC/EFNA3/EPHA4/SIPA1L1,up,FALSE
GOMF_POTASSIUM_CHANNEL_ACTIVITY,GOMF_POTASSIUM_CHANNEL_ACTIVITY,GO_MF,CD8,SF_vs_PB_CD8,1.14691547,0.377652392,0.27155716,0.615001688,25,14,KCNN4/TMEM43/KCNK5/KCNK6/KCNA6/HCN2/MCOLN1/HCN3/TMEM87A/KCNC4/KCNA2/KCNAB2/KCNMB3/PKD2,up,FALSE
GOMF_DEACETYLASE_ACTIVITY,GOMF_DEACETYLASE_ACTIVITY,GO_MF,CD8,SF_vs_PB_CD8,-1.12823018,-0.329052584,0.272062409,0.615001688,32,13,HDAC8/YDJC/HDAC2/MACROD1/MTA2/HDAC3/SIRT5/OARD1/HDAC7/HDAC9/HDAC1/CES1/SIRT4,down,FALSE
GOMF_PROTEIN_RNA_ADAPTOR_ACTIVITY,GOMF_PROTEIN_RNA_ADAPTOR_ACTIVITY,GO_MF,CD8,SF_vs_PB_CD8,-1.13628737,-0.352405136,0.272097054,0.615001688,25,5,HNRNPA2B1/CSDE1/HNRNPC/YBX1/C1QBP,down,FALSE
GOMF_TRANSMEMBRANE_RECEPTOR_PROTEIN_SERINE_THREONINE_KINASE_ACTIVITY,GOMF_TRANSMEMBRANE_RECEPTOR_PROTEIN_SERINE_THREONINE_KINASE_ACTIVITY,GO_MF,CD8,SF_vs_PB_CD8,-1.15997007,-0.440854774,0.272690483,0.615335878,12,3,ACVR1C/TGFBR1/TGFBR3,down,FALSE
GOMF_ADENOSINE_DEAMINASE_ACTIVITY,GOMF_ADENOSINE_DEAMINASE_ACTIVITY,GO_MF,CD8,SF_vs_PB_CD8,1.18457023,0.549508195,0.273622887,0.616432638,7,4,ADARB1/ADARB2/LACC1/ADAR,up,FALSE
GOMF_RNA_POLYMERASE_ACTIVITY,GOMF_RNA_POLYMERASE_ACTIVITY,GO_MF,CD8,SF_vs_PB_CD8,-1.12714097,-0.330964773,0.274266202,0.61687561,31,13,POLR2E/POLR3B/POLR2B/PRIM1/POLR3H/POLR1C/CRCP/POLR3C/TRNT1/POLR3G/POLR2C/POLR1B/POLR2H,down,FALSE
GOMF_SOLUTE_POTASSIUM_ANTIPORTER_ACTIVITY,GOMF_SOLUTE_POTASSIUM_ANTIPORTER_ACTIVITY,GO_MF,CD8,SF_vs_PB_CD8,1.17766367,0.525609344,0.277234109,0.622537081,8,6,TMCO3/SLC9A9/SLC24A5/SLC9A5/SLC24A1/SLC9A6,up,FALSE
GOMF_CYCLASE_ACTIVITY,GOMF_CYCLASE_ACTIVITY,GO_MF,CD8,SF_vs_PB_CD8,1.18205189,0.573825569,0.279934094,0.627579518,6,4,ADCY3/ADCY7/RTCA/ADCY4,up,FALSE
GOMF_DEATH_RECEPTOR_BINDING,GOMF_DEATH_RECEPTOR_BINDING,GO_MF,CD8,SF_vs_PB_CD8,1.15451129,0.440314407,0.280642737,0.627832368,14,8,FASLG/CASP3/BID/TMBIM1/CFLAR/MYD88/RIPK1/MADD,up,FALSE
GOMF_DNA_RNA_HYBRID_BINDING,GOMF_DNA_RNA_HYBRID_BINDING,GO_MF,CD8,SF_vs_PB_CD8,-1.19361139,-0.594787269,0.280956121,0.627832368,5,3,PRIM2/POLR3B/POLR1B,down,FALSE
GOMF_ADENYLATE_CYCLASE_REGULATOR_ACTIVITY,GOMF_ADENYLATE_CYCLASE_REGULATOR_ACTIVITY,GO_MF,CD8,SF_vs_PB_CD8,1.17254326,0.523324025,0.28182304,0.628752211,8,3,GNAZ/CALM2/GNAS,up,FALSE
GOMF_RNA_NUCLEASE_ACTIVITY,GOMF_RNA_NUCLEASE_ACTIVITY,GO_MF,CD8,SF_vs_PB_CD8,1.0962839,0.272557738,0.282912865,0.630165591,104,30,RNASE4/HELZ2/ANG/N4BP1/ZC3H12A/ERI1/ISG20/AGO2/KHNYN/ENDOV/CNOT6/ZC3H12D/RNASE1/RNASE6/DICER1/REXO2/NUDT16/SLFN5/POP7/FEN1/ZC3H12C/EXOSC10/AGO1/EXO1/EXOSC9/POLRMT/AGO4/RNASEK/CNOT6L/SLFN13,up,FALSE
GOMF_HYDROXYMETHYL_FORMYL_AND_RELATED_TRANSFERASE_ACTIVITY,GOMF_HYDROXYMETHYL_FORMYL_AND_RELATED_TRANSFERASE_ACTIVITY,GO_MF,CD8,SF_vs_PB_CD8,-1.17854437,-0.554548675,0.284463331,0.631680124,6,4,SHMT2/MTFMT/GART/ATIC,down,FALSE
GOMF_D_MANNOSE_BINDING,GOMF_D_MANNOSE_BINDING,GO_MF,CD8,SF_vs_PB_CD8,1.16609352,0.502607752,0.28526134399999997,0.631680124,9,2,CLEC10A/BSG,up,FALSE
GOMF_MANGANESE_ION_BINDING,GOMF_MANGANESE_ION_BINDING,GO_MF,CD8,SF_vs_PB_CD8,1.11048067,0.305941694,0.285512974,0.631680124,57,17,LAP3/GALNT1/GALNT2/NUDT8/PCK2/PRKACA/FAM20C/ATP13A2/PPM1M/NUDT16/ABL1/PPM1A/GYG1/ATP2C1/FEN1/MGAT1/POMGNT1,up,FALSE
GOMF_ANTIOXIDANT_ACTIVITY,GOMF_ANTIOXIDANT_ACTIVITY,GO_MF,CD8,SF_vs_PB_CD8,1.11675801,0.321031585,0.285525643,0.631680124,46,9,TXN/CLIC1/PRDX1/TXNDC17/ALOX5AP/MT3/PRDX5/PRDX4/MGST3,up,FALSE
GOMF_PROTEIN_ARGININE_OMEGA_N_ASYMMETRIC_METHYLTRANSFERASE_ACTIVITY,GOMF_PROTEIN_ARGININE_OMEGA_N_ASYMMETRIC_METHYLTRANSFERASE_ACTIVITY,GO_MF,CD8,SF_vs_PB_CD8,-1.17701519,-0.553829138,0.285879853,0.631680124,6,5,PRMT6/PRMT2/PRMT1/PRMT3/METTL23,down,FALSE
GOMF_NEDD8_TRANSFERASE_ACTIVITY,GOMF_NEDD8_TRANSFERASE_ACTIVITY,GO_MF,CD8,SF_vs_PB_CD8,1.17462238,0.570218921,0.287367298,0.633952457,6,2,RBX1/UBE2M,up,FALSE
GOMF_PHOSPHATASE_INHIBITOR_ACTIVITY,GOMF_PHOSPHATASE_INHIBITOR_ACTIVITY,GO_MF,CD8,SF_vs_PB_CD8,1.12235904,0.339794639,0.2886291,0.634725395,36,13,ARPP19/LGALS3/PPP1R14B/YWHAB/ENSA/PPME1/YWHAE/TPRN/PPP1R9B/TESC/TIPRL/CABIN1/SIRPA,up,FALSE
GOMF_ADENYLATE_CYCLASE_ACTIVATOR_ACTIVITY,GOMF_ADENYLATE_CYCLASE_ACTIVATOR_ACTIVITY,GO_MF,CD8,SF_vs_PB_CD8,1.17765406,0.604216923,0.288906534,0.634725395,5,3,CALM2/GNAS/CALM3,up,FALSE
GOMF_LONG_CHAIN_FATTY_ACID_BINDING,GOMF_LONG_CHAIN_FATTY_ACID_BINDING,GO_MF,CD8,SF_vs_PB_CD8,1.15832762,0.484141541,0.289096505,0.634725395,10,3,ALOX5AP/PPARG/FABP3,up,FALSE
GOMF_VOLTAGE_GATED_MONOATOMIC_CATION_CHANNEL_ACTIVITY,GOMF_VOLTAGE_GATED_MONOATOMIC_CATION_CHANNEL_ACTIVITY,GO_MF,CD8,SF_vs_PB_CD8,1.12304006,0.351943647,0.290172032,0.635198683,31,19,TMEM43/RYR1/CACNB2/KCNK5/TPCN2/KCNK6/KCNA6/CACNB3/CATSPER1/NCS1/HCN2/HCN3/KCNC4/CACNB1/TMEM109/KCNA2/KCNAB2/CYBB/PKD2,up,FALSE
GOMF_GALACTOSIDASE_ACTIVITY,GOMF_GALACTOSIDASE_ACTIVITY,GO_MF,CD8,SF_vs_PB_CD8,1.17184144,0.568868918,0.290231983,0.635198683,6,3,NAGA/GLB1L/GLB1,up,FALSE
GOMF_NUCLEOTIDASE_ACTIVITY,GOMF_NUCLEOTIDASE_ACTIVITY,GO_MF,CD8,SF_vs_PB_CD8,-1.14902446,-0.460876813,0.291042956,0.635965699,10,3,NT5C3B/NT5DC1/NT5E,down,FALSE
GOMF_PROTEIN_CYSTEINE_S_STEAROYLTRANSFERASE_ACTIVITY,GOMF_PROTEIN_CYSTEINE_S_STEAROYLTRANSFERASE_ACTIVITY,GO_MF,CD8,SF_vs_PB_CD8,1.16984662,0.567900534,0.292403902,0.637930156,6,3,ZDHHC2/ZDHHC7/ZDHHC20,up,FALSE
GOMF_HISTONE_METHYLTRANSFERASE_BINDING,GOMF_HISTONE_METHYLTRANSFERASE_BINDING,GO_MF,CD8,SF_vs_PB_CD8,-1.13804868,-0.422812418,0.293523457,0.639362608,13,3,NOP56/CBX1/HSP90AB1,down,FALSE
GOMF_U4_SNRNA_BINDING,GOMF_U4_SNRNA_BINDING,GO_MF,CD8,SF_vs_PB_CD8,-1.17969537,-0.587852792,0.294138875,0.639694152,5,3,PRPF4/PRPF31/GEMIN5,down,FALSE
GOMF_ADRENERGIC_RECEPTOR_BINDING,GOMF_ADRENERGIC_RECEPTOR_BINDING,GO_MF,CD8,SF_vs_PB_CD8,1.15822191,0.516932187,0.295221245,0.640127978,8,7,AKAP5/GNAS/RAPGEF2/ARRDC3/PDE4D/NEDD4/DLG4,up,FALSE
GOMF_SODIUM_CHANNEL_REGULATOR_ACTIVITY,GOMF_SODIUM_CHANNEL_REGULATOR_ACTIVITY,GO_MF,CD8,SF_vs_PB_CD8,1.13011157,0.392524681,0.295265403,0.640127978,20,4,YWHAH/ATP2B4/SGK1/FXYD2,up,FALSE
GOMF_SNRNP_BINDING,GOMF_SNRNP_BINDING,GO_MF,CD8,SF_vs_PB_CD8,-1.1429412,-0.4584368,0.297185816,0.643281523,10,4,SNRPA/RBM39/LEMD3/SNRPN,down,FALSE
GOMF_NEUREXIN_FAMILY_PROTEIN_BINDING,GOMF_NEUREXIN_FAMILY_PROTEIN_BINDING,GO_MF,CD8,SF_vs_PB_CD8,1.15402206,0.51505773,0.2993863,0.647030485,8,3,CLSTN3/CASK/SYTL3,up,FALSE
GOMF_HISTONE_H2A_DEUBIQUITINASE_ACTIVITY,GOMF_HISTONE_H2A_DEUBIQUITINASE_ACTIVITY,GO_MF,CD8,SF_vs_PB_CD8,1.16283008,0.564494364,0.299874553,0.647073059,6,5,USP3/BAP1/USP22/MYSM1/USP16,up,FALSE
GOMF_OXIDOREDUCTASE_ACTIVITY_ACTING_ON_PAIRED_DONORS_WITH_OXIDATION_OF_A_PAIR_OF_DONORS_RESULTING_IN_THE_REDUCTION_OF_MOLECULAR_OXYGEN_TO_TWO_MOLECULES_OF_WATER,GOMF_OXIDOREDUCTASE_ACTIVITY_ACTING_ON_PAIRED_DONORS_WITH_OXIDATION_OF_A_PAIR_OF_DONORS_RESULTING_IN_THE_REDUCTION_OF_MOLECULAR_OXYGEN_TO_TWO_MOLECULES_OF_WATER,GO_MF,CD8,SF_vs_PB_CD8,1.15684664,0.53664755,0.30048795,0.64713501,7,5,FADS3/DEGS1/FADS2/SCD/FADS1,up,FALSE
GOMF_CHANNEL_ACTIVATOR_ACTIVITY,GOMF_CHANNEL_ACTIVATOR_ACTIVITY,GO_MF,CD8,SF_vs_PB_CD8,1.15646771,0.536471766,0.300840461,0.64713501,7,3,AKT1/PRKACA/AKAP9,up,FALSE
GOMF_ACID_AMINO_ACID_LIGASE_ACTIVITY,GOMF_ACID_AMINO_ACID_LIGASE_ACTIVITY,GO_MF,CD8,SF_vs_PB_CD8,1.1304667,0.409274662,0.301845877,0.648287957,17,8,TTL/TTLL7/TTLL4/GSS/TTLL5/TTLL12/GCLM/TPGS1,up,FALSE
GOMF_LONG_CHAIN_FATTY_ACYL_COA_HYDROLASE_ACTIVITY,GOMF_LONG_CHAIN_FATTY_ACYL_COA_HYDROLASE_ACTIVITY,GO_MF,CD8,SF_vs_PB_CD8,1.14333812,0.464846152,0.303199089,0.648863064,11,2,ACOT9/ACOT7,up,FALSE
GOMF_ACTIVE_MONOATOMIC_ION_TRANSMEMBRANE_TRANSPORTER_ACTIVITY,GOMF_ACTIVE_MONOATOMIC_ION_TRANSMEMBRANE_TRANSPORTER_ACTIVITY,GO_MF,CD8,SF_vs_PB_CD8,1.08670864,0.275872912,0.30355229,0.648863064,91,28,ATP1B1/ATP2B4/TCIRG1/ATP2B1/NDUFA6/ATP2A3/NDUFS5/ATP2A2/NDUFB2/NDUFS6/ATP13A1/ATP6V0B/COX8A/ATP6V1E1/ATP13A3/ATP13A2/ATP2C1/NDUFA9/NDUFB6/ATP6V1D/ATP6V1B2/NDUFC2/NDUFA1/NDUFB4/NDUFB3/COX5A/ATP6V0D1/ATP6V1F,up,FALSE
GOMF_HEPARAN_SULFATE_PROTEOGLYCAN_BINDING,GOMF_HEPARAN_SULFATE_PROTEOGLYCAN_BINDING,GO_MF,CD8,SF_vs_PB_CD8,1.14667334,0.4942373,0.304248222,0.648863064,9,3,ITGA2/DAG1/FBLN7,up,FALSE
GOMF_O_ACETYLTRANSFERASE_ACTIVITY,GOMF_O_ACETYLTRANSFERASE_ACTIVITY,GO_MF,CD8,SF_vs_PB_CD8,1.157139,0.561731638,0.305847329,0.648863064,6,4,LPCAT2/LPCAT4/CASD1/GNPAT,up,FALSE
GOMF_HISTONE_H4_METHYLTRANSFERASE_ACTIVITY,GOMF_HISTONE_H4_METHYLTRANSFERASE_ACTIVITY,GO_MF,CD8,SF_vs_PB_CD8,-1.12956474,-0.440852508,0.305849458,0.648863064,11,7,NSD1/SMYD5/PRMT1/PRMT7/PRMT3/PRMT5/SMYD3,down,FALSE
GOMF_NADPLUS_PROTEIN_ASPARTATE_ADP_RIBOSYLTRANSFERASE_ACTIVITY,GOMF_NADPLUS_PROTEIN_ASPARTATE_ADP_RIBOSYLTRANSFERASE_ACTIVITY,GO_MF,CD8,SF_vs_PB_CD8,1.13523667,0.441142218,0.305859985,0.648863064,13,3,PARP4/PARP12/TNKS2,up,FALSE
GOMF_5_3_EXONUCLEASE_ACTIVITY,GOMF_5_3_EXONUCLEASE_ACTIVITY,GO_MF,CD8,SF_vs_PB_CD8,1.12792055,0.415006511,0.3060118,0.648863064,16,6,DCLRE1C/MGME1/DCLRE1A/PLD4/FEN1/EXO1,up,FALSE
GOMF_PROTEIN_TYROSINE_KINASE_ACTIVATOR_ACTIVITY,GOMF_PROTEIN_TYROSINE_KINASE_ACTIVATOR_ACTIVITY,GO_MF,CD8,SF_vs_PB_CD8,1.12656109,0.407860671,0.306094744,0.648863064,17,8,CCL5/PRKCD/ERBB3/AFAP1L2/EFNA5/VEGFA/SRC/AGRN,up,FALSE
GOMF_CYSTEINE_TYPE_ENDOPEPTIDASE_ACTIVATOR_ACTIVITY_INVOLVED_IN_APOPTOTIC_PROCESS,GOMF_CYSTEINE_TYPE_ENDOPEPTIDASE_ACTIVATOR_ACTIVITY_INVOLVED_IN_APOPTOTIC_PROCESS,GO_MF,CD8,SF_vs_PB_CD8,1.15058165,0.533741294,0.306629065,0.648863064,7,2,ATP2A3/APAF1,up,FALSE
GOMF_QUATERNARY_AMMONIUM_GROUP_TRANSMEMBRANE_TRANSPORTER_ACTIVITY,GOMF_QUATERNARY_AMMONIUM_GROUP_TRANSMEMBRANE_TRANSPORTER_ACTIVITY,GO_MF,CD8,SF_vs_PB_CD8,-1.16575753,-0.580907441,0.306812151,0.648863064,5,2,SLC22A5/SLC25A20,down,FALSE
GOMF_AMIDINE_LYASE_ACTIVITY,GOMF_AMIDINE_LYASE_ACTIVITY,GO_MF,CD8,SF_vs_PB_CD8,1.15520299,0.560791806,0.308056695,0.650498922,6,3,ASL/PAM/CHAC2,up,FALSE
GOMF_PROTEIN_SERINE_THREONINE_KINASE_BINDING,GOMF_PROTEIN_SERINE_THREONINE_KINASE_BINDING,GO_MF,CD8,SF_vs_PB_CD8,1.11580811,0.374744825,0.308994525,0.651483113,23,4,CDKN1A/CAB39/RIPK3/SLC12A4,up,FALSE
GOMF_OXIDOREDUCTASE_ACTIVITY_ACTING_ON_NAD_P_H_HEME_PROTEIN_AS_ACCEPTOR,GOMF_OXIDOREDUCTASE_ACTIVITY_ACTING_ON_NAD_P_H_HEME_PROTEIN_AS_ACCEPTOR,GO_MF,CD8,SF_vs_PB_CD8,1.14290578,0.510096364,0.31062826,0.653872275,8,3,CYB5R3/NQO1/POR,up,FALSE
GOMF_E_BOX_BINDING,GOMF_E_BOX_BINDING,GO_MF,CD8,SF_vs_PB_CD8,-1.10227685,-0.345539423,0.311525817,0.653872275,24,9,PRMT5/TCF12/MYBBP1A/HDAC1/MAX/ASCL2/TFAP4/NR1D1/MYC,down,FALSE
GOMF_SUPEROXIDE_GENERATING_NAD_P_H_OXIDASE_ACTIVITY,GOMF_SUPEROXIDE_GENERATING_NAD_P_H_OXIDASE_ACTIVITY,GO_MF,CD8,SF_vs_PB_CD8,1.15626985,0.593245365,0.31242438,0.653872275,5,4,NCF1/CYBA/NCF2/CYBB,up,FALSE
GOMF_STAT_FAMILY_PROTEIN_BINDING,GOMF_STAT_FAMILY_PROTEIN_BINDING,GO_MF,CD8,SF_vs_PB_CD8,1.15074902,0.55862963,0.312587766,0.653872275,6,5,DTX3L/PARP9/PPARG/EP300/SPI1,up,FALSE
GOMF_TETRAPYRROLE_BINDING,GOMF_TETRAPYRROLE_BINDING,GO_MF,CD8,SF_vs_PB_CD8,-1.07586634,-0.268002343,0.313009212,0.653872275,66,18,CD320/RSAD1/CYGB/MMACHC/CYP2F1/CAT/SDHC/HBQ1/CYP24A1/HBA1/CYB5A/COX15/CYP2U1/HBA2/CYP27B1/MMAB/CYP2E1/NR1D1,down,FALSE
GOMF_SNAP_RECEPTOR_ACTIVITY,GOMF_SNAP_RECEPTOR_ACTIVITY,GO_MF,CD8,SF_vs_PB_CD8,1.10432107,0.340716803,0.313425511,0.653872275,33,11,STX1A/SNAP47/STX7/STX2/VAMP8/STX11/STX5/VAMP1/STX4/TSNARE1/STX10,up,FALSE
GOMF_HEXOSYLTRANSFERASE_ACTIVITY,GOMF_HEXOSYLTRANSFERASE_ACTIVITY,GO_MF,CD8,SF_vs_PB_CD8,1.07353889,0.260274842,0.313442032,0.653872275,123,23,TYMP/GALNT6/LFNG/GCNT1/B3GNTL1/COLGALT2/GALNT1/GALNT2/POFUT2/PLOD3/EOGT/CSGALNACT1/MGAT4B/B4GALNT1/TMTC4/CSGALNACT2/B3GNT5/COLGALT1/B3GNT9/FUT8/FUT4/TMTC3/CHSY1,up,FALSE
GOMF_GLCNAC_2_PP_DOL_MANNOSYLTRANSFERASE_ACTIVITY,GOMF_GLCNAC_2_PP_DOL_MANNOSYLTRANSFERASE_ACTIVITY,GO_MF,CD8,SF_vs_PB_CD8,-1.14658834,-0.539512184,0.314360526,0.654799226,6,3,ALG3/ALG11/ALG2,down,FALSE
GOMF_ORGANIC_ACID_BINDING,GOMF_ORGANIC_ACID_BINDING,GO_MF,CD8,SF_vs_PB_CD8,1.07752726,0.270293642,0.315179535,0.655516472,98,22,NOD2/FABP5/GLUD1/GLDC/VDR/SH3GLB1/ALOX5AP/ST8SIA4/RXRA/PLOD3/EPDR1/SIGLEC10/RARA/APOC1/GLUD2/PPARG/PAM/FOLR2/SNCA/P4HA2/PHYH/TM4SF5,up,FALSE
GOMF_PROTEIN_FOLDING_CHAPERONE_BINDING,GOMF_PROTEIN_FOLDING_CHAPERONE_BINDING,GO_MF,CD8,SF_vs_PB_CD8,-1.06153951,-0.241945308,0.316199195,0.656648254,109,18,MAPT/DNAJC3/HSPE1/DNAJB4/BAG5/ST13/HSPD1/DNAJA3/USP13/TIMM9/BAG2/TP53/DNAJB9/CYP2E1/HSPA5/RPS3/ERP29/ERN1,down,FALSE
GOMF_CYCLASE_REGULATOR_ACTIVITY,GOMF_CYCLASE_REGULATOR_ACTIVITY,GO_MF,CD8,SF_vs_PB_CD8,1.13266655,0.488200115,0.317810278,0.658488899,9,5,GNAZ/CALM2/GNAS/NCS1/CALM3,up,FALSE
GOMF_CAMP_DEPENDENT_PROTEIN_KINASE_ACTIVITY,GOMF_CAMP_DEPENDENT_PROTEIN_KINASE_ACTIVITY,GO_MF,CD8,SF_vs_PB_CD8,1.15180237,0.590953243,0.318039171,0.658488899,5,3,PRKACA/PRKX/PRKAG1,up,FALSE
GOMF_PROTEIN_ARGININE_N_METHYLTRANSFERASE_ACTIVITY,GOMF_PROTEIN_ARGININE_N_METHYLTRANSFERASE_ACTIVITY,GO_MF,CD8,SF_vs_PB_CD8,-1.12130799,-0.449759661,0.318696915,0.658862934,10,6,PRMT2/PRMT1/PRMT7/PRMT3/METTL23/PRMT5,down,FALSE
GOMF_DESUMOYLASE_ACTIVITY,GOMF_DESUMOYLASE_ACTIVITY,GO_MF,CD8,SF_vs_PB_CD8,1.13765747,0.527745919,0.320098703,0.660771762,7,6,SENP2/SENP5/USPL1/HINT1/DESI1/SENP1,up,FALSE
GOMF_PALMITOYLTRANSFERASE_ACTIVITY,GOMF_PALMITOYLTRANSFERASE_ACTIVITY,GO_MF,CD8,SF_vs_PB_CD8,1.0970877,0.343810572,0.321665815,0.663015658,31,14,ZDHHC11B/ZDHHC12/ZDHHC23/SPTLC2/ZDHHC18/GLUL/ZDHHC13/ZDHHC11/ZDHHC2/ZDHHC5/ZDHHC7/SPTSSA/ZDHHC21/ZDHHC8,up,FALSE
GOMF_COBALAMIN_BINDING,GOMF_COBALAMIN_BINDING,GO_MF,CD8,SF_vs_PB_CD8,-1.13133633,-0.50695361,0.322278377,0.663288283,7,3,CD320/MMACHC/MMAB,down,FALSE
GOMF_AMIDE_TRANSMEMBRANE_TRANSPORTER_ACTIVITY,GOMF_AMIDE_TRANSMEMBRANE_TRANSPORTER_ACTIVITY,GO_MF,CD8,SF_vs_PB_CD8,-1.0911472,-0.33202742,0.323289376,0.664378911,27,13,SLC25A40/SLC25A32/ABCC5/SLC25A16/SLC14A1/SLC5A6/SLC25A39/ABCG2/SLC15A2/SLC15A4/SLC33A1/ABCD1/AQP3,down,FALSE
GOMF_STEROID_DEHYDROGENASE_ACTIVITY_ACTING_ON_THE_CH_OH_GROUP_OF_DONORS_NAD_OR_NADP_AS_ACCEPTOR,GOMF_STEROID_DEHYDROGENASE_ACTIVITY_ACTING_ON_THE_CH_OH_GROUP_OF_DONORS_NAD_OR_NADP_AS_ACCEPTOR,GO_MF,CD8,SF_vs_PB_CD8,-1.09997106,-0.378737172,0.325454587,0.667834748,17,7,HSD11B1L/HSD17B11/HSD17B8/HSD17B6/HSD17B12/HSD17B4/AKR1C3,down,FALSE
GOMF_ACYLTRANSFERASE_ACTIVITY_TRANSFERRING_GROUPS_OTHER_THAN_AMINO_ACYL_GROUPS,GOMF_ACYLTRANSFERASE_ACTIVITY_TRANSFERRING_GROUPS_OTHER_THAN_AMINO_ACYL_GROUPS,GO_MF,CD8,SF_vs_PB_CD8,1.06187469,0.246779756,0.326208098,0.668350475,169,62,HGSNAT/AGPAT2/ZDHHC11B/ELOVL1/ZDHHC12/BLOC1S1/SH3GLB1/BRCA2/ZDHHC23/FASN/AGPAT3/SPTLC2/ESCO2/MBOAT2/PLA2G15/LPCAT2/ZDHHC18/PAFAH1B3/GPAT2/GLUL/MBOAT7/CERS5/NCOA1/EP300/GTF3C4/NAGS/PAFAH1B2/ACAT2/NAA50/KAT2B/PHF10/ZDHHC13/NCOA3/LPCAT4/BRD1/ZDHHC11/ZDHHC2/KAT6A/LCAT/NMT1/CERS2/MEAF6/ELOVL5/ZDHHC5/ZDHHC7/AGPAT4/CASD1/SPTSSA/CERS4/SMARCE1/USP22/SOAT2/ELOVL6/DGAT1/ZDHHC21/TAF10/SIRT2/ZDHHC8/HAT1/NAT14/TAF1L/SIRT6,up,FALSE
GOMF_CDP_ALCOHOL_PHOSPHATIDYLTRANSFERASE_ACTIVITY,GOMF_CDP_ALCOHOL_PHOSPHATIDYLTRANSFERASE_ACTIVITY,GO_MF,CD8,SF_vs_PB_CD8,-1.1454751,-0.570800521,0.326979005,0.668350475,5,3,CDIPT/PGS1/CEPT1,down,FALSE
GOMF_DNA_HELICASE_ACTIVITY,GOMF_DNA_HELICASE_ACTIVITY,GO_MF,CD8,SF_vs_PB_CD8,1.0804522,0.296716464,0.327157799,0.668350475,58,23,MCM6/RFC2/RECQL/RECQL4/ERCC6L/MCM3/CHTF18/WRNIP1/RAD51/MCM2/BRIP1/MCM4/NAV2/MCM5/RAD54L/MCM7/DNA2/POLQ/UPF1/RFC3/DDX11/RAD54L2/RFC5,up,FALSE
GOMF_KINETOCHORE_BINDING,GOMF_KINETOCHORE_BINDING,GO_MF,CD8,SF_vs_PB_CD8,1.14206942,0.585959576,0.328474743,0.669682636,5,3,CENPE/CLASP1/CENPH,up,FALSE
GOMF_ACYL_COA_BINDING,GOMF_ACYL_COA_BINDING,GO_MF,CD8,SF_vs_PB_CD8,1.10744381,0.40747231,0.328779745,0.669682636,16,4,ACOT7/DBI/PANK3/ECI2,up,FALSE
GOMF_1_ACYLGLYCEROPHOSPHOCHOLINE_O_ACYLTRANSFERASE_ACTIVITY,GOMF_1_ACYLGLYCEROPHOSPHOCHOLINE_O_ACYLTRANSFERASE_ACTIVITY,GO_MF,CD8,SF_vs_PB_CD8,1.12811481,0.523319191,0.330284421,0.671756679,7,3,MBOAT2/LPCAT2/LPCAT4,up,FALSE
GOMF_PRIMARY_MIRNA_BINDING,GOMF_PRIMARY_MIRNA_BINDING,GO_MF,CD8,SF_vs_PB_CD8,1.12168649,0.500625867,0.331693113,0.67362969,8,3,DGCR8/EZH2/SRF,up,FALSE
GOMF_UBIQUITIN_SPECIFIC_PROTEASE_BINDING,GOMF_UBIQUITIN_SPECIFIC_PROTEASE_BINDING,GO_MF,CD8,SF_vs_PB_CD8,1.10518092,0.413720504,0.333820828,0.675802553,15,8,CLTC/CHMP3/AMFR/PARK7/SUMO1/RAD23A/PTEN/DERL1,up,FALSE
GOMF_SULFUR_COMPOUND_TRANSMEMBRANE_TRANSPORTER_ACTIVITY,GOMF_SULFUR_COMPOUND_TRANSMEMBRANE_TRANSPORTER_ACTIVITY,GO_MF,CD8,SF_vs_PB_CD8,1.08374528,0.324400557,0.33407165,0.675802553,38,15,SLC6A6/SLC1A1/SLC1A4/ABCC1/SLC36A1/SLC26A6/SLC25A12/RALBP1/MFSD12/ABCC4/ABCC10/SLC25A19/UCP2/SLC25A13/CTNS,up,FALSE
GOMF_STRUCTURAL_MOLECULE_ACTIVITY_CONFERRING_ELASTICITY,GOMF_STRUCTURAL_MOLECULE_ACTIVITY_CONFERRING_ELASTICITY,GO_MF,CD8,SF_vs_PB_CD8,1.13619187,0.582943991,0.33456216,0.675802553,5,3,AHNAK/TTN/EMILIN2,up,FALSE
GOMF_K48_LINKED_DEUBIQUITINASE_ACTIVITY,GOMF_K48_LINKED_DEUBIQUITINASE_ACTIVITY,GO_MF,CD8,SF_vs_PB_CD8,1.10768179,0.430434652,0.334720453,0.675802553,13,9,CYLD/OTUD7B/OTUD5/ATXN3/USP9X/USP7/USP8/USP15/USP27X,up,FALSE
GOMF_RNA_STEM_LOOP_BINDING,GOMF_RNA_STEM_LOOP_BINDING,GO_MF,CD8,SF_vs_PB_CD8,1.10451562,0.42124676,0.33525391,0.675891459,14,4,ZC3H12A/ARID5A/RC3H2/FMR1,up,FALSE
GOMF_ADENYLATE_CYCLASE_BINDING,GOMF_ADENYLATE_CYCLASE_BINDING,GO_MF,CD8,SF_vs_PB_CD8,1.12753803,0.547361886,0.337358872,0.67849391,6,3,AKAP5/CALM2/CAP1,up,FALSE
GOMF_MITOGEN_ACTIVATED_PROTEIN_KINASE_P38_BINDING,GOMF_MITOGEN_ACTIVATED_PROTEIN_KINASE_P38_BINDING,GO_MF,CD8,SF_vs_PB_CD8,1.12737728,0.547283851,0.337527383,0.67849391,6,1,DUSP10,up,FALSE
GOMF_RNA_POLYMERASE_II_GENERAL_TRANSCRIPTION_INITIATION_FACTOR_BINDING,GOMF_RNA_POLYMERASE_II_GENERAL_TRANSCRIPTION_INITIATION_FACTOR_BINDING,GO_MF,CD8,SF_vs_PB_CD8,-1.08145147,-0.346894506,0.339337786,0.681141689,22,5,ERCC4/ZNHIT6/RUVBL1/TP53/FBL,down,FALSE
GOMF_NUCLEAR_ANDROGEN_RECEPTOR_BINDING,GOMF_NUCLEAR_ANDROGEN_RECEPTOR_BINDING,GO_MF,CD8,SF_vs_PB_CD8,1.08730174,0.36135878,0.341198482,0.68293937,24,6,ARID5A/ZBTB7A/WIPI1/TGFB1I1/EP300/SNW1,up,FALSE
GOMF_NUCLEAR_VITAMIN_D_RECEPTOR_BINDING,GOMF_NUCLEAR_VITAMIN_D_RECEPTOR_BINDING,GO_MF,CD8,SF_vs_PB_CD8,1.09833106,0.411156284,0.341222422,0.68293937,15,6,RXRA/SNW1/TOB2/MED16/MED13/MED14,up,FALSE
GOMF_NUCLEOBASE_CONTAINING_COMPOUND_KINASE_ACTIVITY,GOMF_NUCLEOBASE_CONTAINING_COMPOUND_KINASE_ACTIVITY,GO_MF,CD8,SF_vs_PB_CD8,1.07995494,0.32695678,0.34176619,0.683037784,36,7,NME7/CMPK2/AK4/CASK/AK1/CMPK1/MPP1,up,FALSE
GOMF_VERY_LONG_CHAIN_FATTY_ACID_COA_LIGASE_ACTIVITY,GOMF_VERY_LONG_CHAIN_FATTY_ACID_COA_LIGASE_ACTIVITY,GO_MF,CD8,SF_vs_PB_CD8,1.11121247,0.495951151,0.34238219,0.683280064,8,2,SLC27A4/SLC27A2,up,FALSE
GOMF_GATED_CHANNEL_ACTIVITY,GOMF_GATED_CHANNEL_ACTIVITY,GO_MF,CD8,SF_vs_PB_CD8,1.06253732,0.272200469,0.344398081,0.684633531,86,38,KCNN4/SLC1A5/TMEM43/RYR1/ANO9/VDAC1/CACNB2/TTYH3/CHRNB1/KCNK5/ITPR3/TPCN2/PIEZO1/ITPR1/MCOLN2/KCNK6/TRPC3/TMEM63B/KCNA6/CHRNA5/CACNB3/CATSPER1/TRPM2/NCS1/HCN2/MCOLN1/HCN3/TMEM87A/P2RX1/KCNC4/CACNB1/TMEM109/ANO8/KCNA2/KCNAB2/CLCN2/KCNMB3/CYBB,up,FALSE
GOMF_C_ACYLTRANSFERASE_ACTIVITY,GOMF_C_ACYLTRANSFERASE_ACTIVITY,GO_MF,CD8,SF_vs_PB_CD8,-1.088396,-0.394812565,0.344901059,0.684633531,14,3,SPTLC3/ACSM3/SPTSSB,down,FALSE
GOMF_PYRIMIDINE_NUCLEOTIDE_SUGAR_TRANSMEMBRANE_TRANSPORTER_ACTIVITY,GOMF_PYRIMIDINE_NUCLEOTIDE_SUGAR_TRANSMEMBRANE_TRANSPORTER_ACTIVITY,GO_MF,CD8,SF_vs_PB_CD8,1.10458344,0.461678298,0.345116465,0.684633531,10,4,SLC35D2/SLC35B4/SLC35B1/SLC35A2,up,FALSE
GOMF_NON_MEMBRANE_SPANNING_PROTEIN_TYROSINE_PHOSPHATASE_ACTIVITY,GOMF_NON_MEMBRANE_SPANNING_PROTEIN_TYROSINE_PHOSPHATASE_ACTIVITY,GO_MF,CD8,SF_vs_PB_CD8,-1.09011763,-0.414306863,0.345151645,0.684633531,12,4,PTPN12/PTPN2/PTPN4/PTPN6,down,FALSE
GOMF_PRE_MRNA_INTRONIC_BINDING,GOMF_PRE_MRNA_INTRONIC_BINDING,GO_MF,CD8,SF_vs_PB_CD8,-1.09502753,-0.439218499,0.345596878,0.684633531,10,5,PRPF8/TARDBP/RBM4/RBM24/RNPC3,down,FALSE
GOMF_SYNTAXIN_BINDING,GOMF_SYNTAXIN_BINDING,GO_MF,CD8,SF_vs_PB_CD8,1.07116539,0.307925191,0.346268755,0.684633531,46,17,RAB11A/SNAP47/STX7/TXLNA/STXBP2/GOLGA2/VAMP8/VPS54/HECTD3/ABL1/VAMP1/STXBP3/NAPA/BAIAP3/SNPH/STX10/CPLX1,up,FALSE
GOMF_SODIUM_ION_BINDING,GOMF_SODIUM_ION_BINDING,GO_MF,CD8,SF_vs_PB_CD8,1.12547812,0.577447105,0.346755898,0.684633531,5,4,PDXK/SCN8A/ATP1A1/TDG,up,FALSE
GOMF_HEXOSAMINIDASE_ACTIVITY,GOMF_HEXOSAMINIDASE_ACTIVITY,GO_MF,CD8,SF_vs_PB_CD8,1.10691213,0.494031844,0.347026409,0.684633531,8,4,NAGA/HYAL3/NAGLU/GM2A,up,FALSE
GOMF_SH3_DOMAIN_BINDING,GOMF_SH3_DOMAIN_BINDING,GO_MF,CD8,SF_vs_PB_CD8,1.06117302,0.273474449,0.348875911,0.687300474,83,20,ADAM19/MICAL1/AKAP5/EPS15/PTTG1/PLSCR1/DNM2/AFAP1L2/ARHGAP31/WIPF1/RUFY1/RAPGEF1/ADAM17/SH2D2A/WASF2/INPPL1/FUT8/NCF1/CYBA/CRK,up,FALSE
GOMF_FERROUS_IRON_BINDING,GOMF_FERROUS_IRON_BINDING,GO_MF,CD8,SF_vs_PB_CD8,-1.07307937,-0.353115771,0.352333785,0.689402865,20,9,ISCU/FTO/DNAJC24/CDO1/EGLN3/ALKBH2/ALKBH3/FTL/FXN,down,FALSE
GOMF_SUPEROXIDE_GENERATING_NADPH_OXIDASE_ACTIVATOR_ACTIVITY,GOMF_SUPEROXIDE_GENERATING_NADPH_OXIDASE_ACTIVATOR_ACTIVITY,GO_MF,CD8,SF_vs_PB_CD8,1.11331243,0.540456085,0.352393791,0.689402865,6,4,NCF4/NCF1/SH3PXD2A/NCF2,up,FALSE
GOMF_I_SMAD_BINDING,GOMF_I_SMAD_BINDING,GO_MF,CD8,SF_vs_PB_CD8,1.09141395,0.424113124,0.352442109,0.689402865,13,4,SMAD7/FKBP1A/TGFB1I1/SMURF1,up,FALSE
GOMF_INSULIN_LIKE_GROWTH_FACTOR_I_BINDING,GOMF_INSULIN_LIKE_GROWTH_FACTOR_I_BINDING,GO_MF,CD8,SF_vs_PB_CD8,-1.10048333,-0.49312833,0.352818689,0.689402865,7,4,IGFBP4/IGFBP3/ITGA6/IGF1R,down,FALSE
GOMF_INTRACELLULARLY_CALCIUM_GATED_CHLORIDE_CHANNEL_ACTIVITY,GOMF_INTRACELLULARLY_CALCIUM_GATED_CHLORIDE_CHANNEL_ACTIVITY,GO_MF,CD8,SF_vs_PB_CD8,1.10109436,0.49143528399999997,0.35329242,0.689402865,8,2,ANO9/TTYH3,up,FALSE
GOMF_PHOSPHATE_ION_BINDING,GOMF_PHOSPHATE_ION_BINDING,GO_MF,CD8,SF_vs_PB_CD8,1.11208407,0.53985978,0.353404857,0.689402865,6,1,MTHFD2,up,FALSE
GOMF_PROTEIN_LYSINE_DEACETYLASE_ACTIVITY,GOMF_PROTEIN_LYSINE_DEACETYLASE_ACTIVITY,GO_MF,CD8,SF_vs_PB_CD8,-1.0691252,-0.338588915,0.353780583,0.689402865,23,7,MTA2/HDAC3/SIRT5/HDAC7/HDAC9/HDAC1/SIRT4,down,FALSE
GOMF_3_5_DNA_EXONUCLEASE_ACTIVITY,GOMF_3_5_DNA_EXONUCLEASE_ACTIVITY,GO_MF,CD8,SF_vs_PB_CD8,1.08513993,0.399265833,0.354524354,0.689402865,16,6,NME7/POLG/ISG20/TREX1/POLE/REXO2,up,FALSE
GOMF_SULFURTRANSFERASE_ACTIVITY,GOMF_SULFURTRANSFERASE_ACTIVITY,GO_MF,CD8,SF_vs_PB_CD8,-1.09146763,-0.451800316,0.354863556,0.689402865,9,4,NFS1/MOCS2/CTU2/LIAS,down,FALSE
GOMF_UBIQUITIN_LIKE_PROTEIN_CONJUGATING_ENZYME_BINDING,GOMF_UBIQUITIN_LIKE_PROTEIN_CONJUGATING_ENZYME_BINDING,GO_MF,CD8,SF_vs_PB_CD8,-1.06660732,-0.318856498,0.354935146,0.689402865,29,4,RNF144B/UBE3D/RNF144A/RPS3,down,FALSE
GOMF_MANNOSIDASE_ACTIVITY,GOMF_MANNOSIDASE_ACTIVITY,GO_MF,CD8,SF_vs_PB_CD8,-1.07628045,-0.382935279,0.35585196,0.69021286,15,4,EDEM3/MAN1A2/EDEM2/MANBA,down,FALSE
GOMF_7SK_SNRNA_BINDING,GOMF_7SK_SNRNA_BINDING,GO_MF,CD8,SF_vs_PB_CD8,-1.09279406,-0.469580175,0.357811202,0.691923825,8,3,HEXIM2/CCNT1/DDX21,down,FALSE
GOMF_SYMPORTER_ACTIVITY,GOMF_SYMPORTER_ACTIVITY,GO_MF,CD8,SF_vs_PB_CD8,1.05791943,0.280010936,0.357978385,0.691923825,71,10,SLC6A6/SLC1A5/SLC1A1/SLC16A3/SLC10A3/SLC12A4/SLC1A4/SLC29A1/SLC4A8/SLC4A11,up,FALSE
GOMF_HISTONE_H3K4_METHYLTRANSFERASE_ACTIVITY,GOMF_HISTONE_H3K4_METHYLTRANSFERASE_ACTIVITY,GO_MF,CD8,SF_vs_PB_CD8,1.08334217,0.405545246,0.358237172,0.691923825,15,6,KMT2A/KMT2D/SETD1B/KMT2C/WDR5/KMT2B,up,FALSE
GOMF_LIGAND_MODULATED_TRANSCRIPTION_FACTOR_ACTIVITY,GOMF_LIGAND_MODULATED_TRANSCRIPTION_FACTOR_ACTIVITY,GO_MF,CD8,SF_vs_PB_CD8,1.06702237,0.32304144,0.359243061,0.692897581,36,11,AHR/PAQR8/NR5A2/VDR/RXRA/PPARA/NR1H2/ABHD2/ARNT/RARA/PPARG,up,FALSE
GOMF_OMEGA_PEPTIDASE_ACTIVITY,GOMF_OMEGA_PEPTIDASE_ACTIVITY,GO_MF,CD8,SF_vs_PB_CD8,1.10668514,0.537238876,0.359976783,0.693048955,6,2,GGT1/GGH,up,FALSE
GOMF_TRANSCRIPTION_REGULATOR_ACTIVATOR_ACTIVITY,GOMF_TRANSCRIPTION_REGULATOR_ACTIVATOR_ACTIVITY,GO_MF,CD8,SF_vs_PB_CD8,1.09033352,0.455722318,0.360796955,0.693048955,10,4,NOTCH1/JMJD6/STK3/ELK1,up,FALSE
GOMF_UBIQUITIN_LIKE_PROTEIN_READER_ACTIVITY,GOMF_UBIQUITIN_LIKE_PROTEIN_READER_ACTIVITY,GO_MF,CD8,SF_vs_PB_CD8,1.07425237,0.368632834,0.360827081,0.693048955,21,8,ANKRD13D/BARD1/DDRGK1/DNAJB2/RNF169/BRCA1/TP53BP1/SQSTM1,up,FALSE
GOMF_UDP_N_ACETYLGLUCOSAMINE_TRANSMEMBRANE_TRANSPORTER_ACTIVITY,GOMF_UDP_N_ACETYLGLUCOSAMINE_TRANSMEMBRANE_TRANSPORTER_ACTIVITY,GO_MF,CD8,SF_vs_PB_CD8,1.11164049,0.570347453,0.36178539,0.693924478,5,2,SLC35D2/SLC35B4,up,FALSE
GOMF_MICROTUBULE_SEVERING_ATPASE_ACTIVITY,GOMF_MICROTUBULE_SEVERING_ATPASE_ACTIVITY,GO_MF,CD8,SF_vs_PB_CD8,1.10438893,0.536124182,0.362354659,0.694052406,6,1,KATNAL1,up,FALSE
GOMF_ARACHIDONATE_COA_LIGASE_ACTIVITY,GOMF_ARACHIDONATE_COA_LIGASE_ACTIVITY,GO_MF,CD8,SF_vs_PB_CD8,1.09019965,0.469896097,0.363481416,0.694599756,9,3,SLC27A4/SLC27A2/ACSL1,up,FALSE
GOMF_DNA_ENDONUCLEASE_ACTIVITY_PRODUCING_3_PHOSPHOMONOESTERS,GOMF_DNA_ENDONUCLEASE_ACTIVITY_PRODUCING_3_PHOSPHOMONOESTERS,GO_MF,CD8,SF_vs_PB_CD8,1.08999111,0.469806214,0.36364636,0.694599756,9,5,DNASE2/SLX1B/SLX1A/MUS81/GEN1,up,FALSE
GOMF_HISTONE_H3_KINASE_ACTIVITY,GOMF_HISTONE_H3_KINASE_ACTIVITY,GO_MF,CD8,SF_vs_PB_CD8,1.0841532,0.440783383,0.365390528,0.696117792,11,3,PKM/AURKA/CHEK1,up,FALSE
GOMF_PROTEIN_FOLDING_CHAPERONE,GOMF_PROTEIN_FOLDING_CHAPERONE,GO_MF,CD8,SF_vs_PB_CD8,-1.04386773,-0.262522407,0.365894347,0.696117792,63,17,CCT2/CCT5/HSPA8/TRAP1/CCT7/PDIA3/HSPE1/RIC3/HSP90AA1/CCT4/LYRM7/HSPD1/CCT3/HSP90AB1/HSP90B1/CMC1/HSPA5,down,FALSE
GOMF_CYSTEINE_TYPE_ENDOPEPTIDASE_REGULATOR_ACTIVITY_INVOLVED_IN_APOPTOTIC_PROCESS,GOMF_CYSTEINE_TYPE_ENDOPEPTIDASE_REGULATOR_ACTIVITY_INVOLVED_IN_APOPTOTIC_PROCESS,GO_MF,CD8,SF_vs_PB_CD8,1.06931358,0.366938071,0.366323504,0.696117792,21,5,CD27/ATP2A3/APAF1/PRDX5/BID,up,FALSE
GOMF_STRUCTURAL_CONSTITUENT_OF_SYNAPSE,GOMF_STRUCTURAL_CONSTITUENT_OF_SYNAPSE,GO_MF,CD8,SF_vs_PB_CD8,-1.06978461,-0.388061338,0.366457375,0.696117792,14,5,NEFH/ACTG1/RIMS2/TANC2/ACTN1,down,FALSE
GOMF_DYNACTIN_BINDING,GOMF_DYNACTIN_BINDING,GO_MF,CD8,SF_vs_PB_CD8,1.07708135,0.418543612,0.368298326,0.698653831,13,7,SPTBN5/HTT/PAFAH1B1/HOOK3/BICD1/BBS4/BICD2,up,FALSE
GOMF_PHOSPHOLIPASE_A2_ACTIVITY,GOMF_PHOSPHOLIPASE_A2_ACTIVITY,GO_MF,CD8,SF_vs_PB_CD8,-1.06759696,-0.39663791,0.369791196,0.700337541,13,4,PLA2G10/PLA2G2C/PLA2G12A/PNPLA4,down,FALSE
GOMF_INTERLEUKIN_1_RECEPTOR_ACTIVITY,GOMF_INTERLEUKIN_1_RECEPTOR_ACTIVITY,GO_MF,CD8,SF_vs_PB_CD8,-1.10038857,-0.548333499,0.370454497,0.700337541,5,3,IL1RAP/IL1RL1/IL18R1,down,FALSE
GOMF_OXIDOREDUCTASE_ACTIVITY_ACTING_ON_THE_CH_NH_GROUP_OF_DONORS_NAD_OR_NADP_AS_ACCEPTOR,GOMF_OXIDOREDUCTASE_ACTIVITY_ACTING_ON_THE_CH_NH_GROUP_OF_DONORS_NAD_OR_NADP_AS_ACCEPTOR,GO_MF,CD8,SF_vs_PB_CD8,1.07969454,0.438970628,0.370707272,0.700337541,11,4,MTHFD2/MTHFD1/MTHFD1L/BLVRB,up,FALSE
GOMF_SOLUTE_PROTON_SYMPORTER_ACTIVITY,GOMF_SOLUTE_PROTON_SYMPORTER_ACTIVITY,GO_MF,CD8,SF_vs_PB_CD8,1.07056475,0.393903047,0.371711051,0.701274537,16,10,SLC16A3/SLC36A1/SLC17A5/SLC2A13/SLC46A1/SLC45A4/CTNS/SLC45A1/SLC11A2/SLC15A3,up,FALSE
GOMF_ATP_DEPENDENT_PEPTIDASE_ACTIVITY,GOMF_ATP_DEPENDENT_PEPTIDASE_ACTIVITY,GO_MF,CD8,SF_vs_PB_CD8,-1.08030838,-0.484087904,0.373945296,0.704088735,7,4,AFG3L2/CLPP/YME1L1/LONP2,down,FALSE
GOMF_TRANSMEMBRANE_RECEPTOR_PROTEIN_TYROSINE_KINASE_ACTIVATOR_ACTIVITY,GOMF_TRANSMEMBRANE_RECEPTOR_PROTEIN_TYROSINE_KINASE_ACTIVATOR_ACTIVITY,GO_MF,CD8,SF_vs_PB_CD8,1.09322549,0.530704908,0.374468722,0.704088735,6,4,EFNA5/VEGFA/AGRN/HBEGF,up,FALSE
GOMF_OXIDOREDUCTASE_ACTIVITY_ACTING_ON_PAIRED_DONORS_WITH_INCORPORATION_OR_REDUCTION_OF_MOLECULAR_OXYGEN_REDUCED_FLAVIN_OR_FLAVOPROTEIN_AS_ONE_DONOR_AND_INCORPORATION_OF_ONE_ATOM_OF_OXYGEN,GOMF_OXIDOREDUCTASE_ACTIVITY_ACTING_ON_PAIRED_DONORS_WITH_INCORPORATION_OR_REDUCTION_OF_MOLECULAR_OXYGEN_REDUCED_FLAVIN_OR_FLAVOPROTEIN_AS_ONE_DONOR_AND_INCORPORATION_OF_ONE_ATOM_OF_OXYGEN,GO_MF,CD8,SF_vs_PB_CD8,-1.06524931,-0.415751143,0.375192931,0.704088735,11,3,CYP2F1/CYP2U1/CYP2E1,down,FALSE
GOMF_1_PHOSPHATIDYLINOSITOL_3_KINASE_ACTIVITY,GOMF_1_PHOSPHATIDYLINOSITOL_3_KINASE_ACTIVITY,GO_MF,CD8,SF_vs_PB_CD8,-1.07175161,-0.443639099,0.375242077,0.704088735,9,1,ATM,down,FALSE
GOMF_SERINE_HYDROLASE_ACTIVITY,GOMF_SERINE_HYDROLASE_ACTIVITY,GO_MF,CD8,SF_vs_PB_CD8,-1.03144818,-0.248465909,0.380548697,0.711585448,79,14,LONP2/ACE/CTSG/PRSS21/PRRG2/PREPL/PRSS22/DPP4/PRSS23/UBAC2/TPP2/PCSK5/IMMP2L/CELA1,down,FALSE
GOMF_DEACYLASE_ACTIVITY,GOMF_DEACYLASE_ACTIVITY,GO_MF,CD8,SF_vs_PB_CD8,-1.0363715,-0.261466279,0.380897006,0.711585448,62,28,ACAA2/HADHA/CLYBL/ABCD3/HDAC8/YDJC/AARSD1/DTD2/HDAC2/ACOT8/THEM4/MACROD1/LARS2/HIBCH/MTA2/HDAC3/TARS2/SIRT5/ABCD2/OARD1/AARS2/HDAC7/HDAC9/MBLAC2/HDAC1/CES1/ABCD1/SIRT4,down,FALSE
GOMF_POLY_G_BINDING,GOMF_POLY_G_BINDING,GO_MF,CD8,SF_vs_PB_CD8,1.07547522,0.48000107,0.381618474,0.711585448,8,5,ATXN1/FMR1/PATL1/DAZAP1/MCRS1,up,FALSE
GOMF_RACEMASE_AND_EPIMERASE_ACTIVITY_ACTING_ON_CARBOHYDRATES_AND_DERIVATIVES,GOMF_RACEMASE_AND_EPIMERASE_ACTIVITY_ACTING_ON_CARBOHYDRATES_AND_DERIVATIVES,GO_MF,CD8,SF_vs_PB_CD8,1.06959637,0.43486502,0.382263052,0.711585448,11,3,FUOM/GALM/GPI,up,FALSE
GOMF_PHOSPHATIDYLINOSITOL_3_KINASE_BINDING,GOMF_PHOSPHATIDYLINOSITOL_3_KINASE_BINDING,GO_MF,CD8,SF_vs_PB_CD8,-1.05220953,-0.362292134,0.382546614,0.711585448,17,6,LCK/PIK3R1/IRS2/PIK3AP1/CD2AP/IGF1R,down,FALSE
GOMF_CALCIUM_DEPENDENT_CYSTEINE_TYPE_ENDOPEPTIDASE_ACTIVITY,GOMF_CALCIUM_DEPENDENT_CYSTEINE_TYPE_ENDOPEPTIDASE_ACTIVITY,GO_MF,CD8,SF_vs_PB_CD8,1.07305968,0.462508456,0.382743201,0.711585448,9,4,CAPNS1/CAPN1/CAPN2/CAPN10,up,FALSE
GOMF_FK506_BINDING,GOMF_FK506_BINDING,GO_MF,CD8,SF_vs_PB_CD8,1.07275074,0.478785094,0.384346031,0.711585448,8,2,FKBP1A/FKBP1B,up,FALSE
GOMF_MACROLIDE_BINDING,GOMF_MACROLIDE_BINDING,GO_MF,CD8,SF_vs_PB_CD8,1.07275074,0.478785094,0.384346031,0.711585448,8,2,FKBP1A/FKBP1B,up,FALSE
GOMF_INSULIN_LIKE_GROWTH_FACTOR_BINDING,GOMF_INSULIN_LIKE_GROWTH_FACTOR_BINDING,GO_MF,CD8,SF_vs_PB_CD8,-1.06260276,-0.439852041,0.385211268,0.711585448,9,4,IGFBP4/IGFBP3/ITGA6/IGF1R,down,FALSE
GOMF_ACETYLTRANSFERASE_ACTIVATOR_ACTIVITY,GOMF_ACETYLTRANSFERASE_ACTIVATOR_ACTIVITY,GO_MF,CD8,SF_vs_PB_CD8,1.06921858,0.446896993,0.385510572,0.711585448,10,2,PDCD5/SERINC2,up,FALSE
GOMF_ATPASE_COUPLED_ION_TRANSMEMBRANE_TRANSPORTER_ACTIVITY,GOMF_ATPASE_COUPLED_ION_TRANSMEMBRANE_TRANSPORTER_ACTIVITY,GO_MF,CD8,SF_vs_PB_CD8,1.05584143,0.371532201,0.385670197,0.711585448,19,8,TCIRG1/ATP6V0B/ATP6V1E1/ATP6V1D/ATP6V1B2/ATP6V0D1/ATP6V1F/ATP6V1A,up,FALSE
GOMF_PROTEIN_KINASE_B_BINDING,GOMF_PROTEIN_KINASE_B_BINDING,GO_MF,CD8,SF_vs_PB_CD8,1.06947287,0.460962475,0.386573565,0.711585448,9,3,PINK1/CCDC88A/RARA,up,FALSE
GOMF_MANGANESE_ION_TRANSMEMBRANE_TRANSPORTER_ACTIVITY,GOMF_MANGANESE_ION_TRANSMEMBRANE_TRANSPORTER_ACTIVITY,GO_MF,CD8,SF_vs_PB_CD8,1.07555552,0.498937553,0.386593443,0.711585448,7,4,ATP13A1/ATP2C1/TRPM2/SLC11A1,up,FALSE
GOMF_OXIDOREDUCTASE_ACTIVITY_ACTING_ON_NAD_P_H,GOMF_OXIDOREDUCTASE_ACTIVITY_ACTING_ON_NAD_P_H,GO_MF,CD8,SF_vs_PB_CD8,1.0446463,0.30310836,0.386913535,0.711585448,44,15,CYB5R3/MICAL1/AIFM2/NCF1/CBR3/ENOX1/CYBA/CRYZ/NDUFA9/TP53I3/NQO2/NCF2/KMO/NQO1/POR,up,FALSE
GOMF_3_OVERHANG_SINGLE_STRANDED_DNA_ENDODEOXYRIBONUCLEASE_ACTIVITY,GOMF_3_OVERHANG_SINGLE_STRANDED_DNA_ENDODEOXYRIBONUCLEASE_ACTIVITY,GO_MF,CD8,SF_vs_PB_CD8,-1.0835259,-0.53993068,0.387713079,0.711585448,5,2,ERCC4/SND1,down,FALSE
GOMF_CYCLIC_NUCLEOTIDE_DEPENDENT_PROTEIN_KINASE_ACTIVITY,GOMF_CYCLIC_NUCLEOTIDE_DEPENDENT_PROTEIN_KINASE_ACTIVITY,GO_MF,CD8,SF_vs_PB_CD8,1.0805123700000001,0.52453334,0.388267895,0.711585448,6,3,PRKACA/PRKX/PRKAG1,up,FALSE
GOMF_HSP90_PROTEIN_BINDING,GOMF_HSP90_PROTEIN_BINDING,GO_MF,CD8,SF_vs_PB_CD8,-1.03960315,-0.300922385,0.388678415,0.711585448,33,4,GBP1/CYP2E1/RPS3/ERN1,down,FALSE
GOMF_FERRIC_IRON_BINDING,GOMF_FERRIC_IRON_BINDING,GO_MF,CD8,SF_vs_PB_CD8,-1.08219713,-0.539268542,0.388944318,0.711585448,5,2,FTL/FXN,down,FALSE
GOMF_HIGH_VOLTAGE_GATED_CALCIUM_CHANNEL_ACTIVITY,GOMF_HIGH_VOLTAGE_GATED_CALCIUM_CHANNEL_ACTIVITY,GO_MF,CD8,SF_vs_PB_CD8,1.08745835,0.557940368,0.389027526,0.711585448,5,3,CACNB2/CACNB3/CACNB1,up,FALSE
GOMF_FRIZZLED_BINDING,GOMF_FRIZZLED_BINDING,GO_MF,CD8,SF_vs_PB_CD8,1.05538126,0.382090693,0.390225842,0.711702291,17,2,WNT9A/WNT10A,up,FALSE
GOMF_NAD_P_H_OXIDASE_H2O2_FORMING_ACTIVITY,GOMF_NAD_P_H_OXIDASE_H2O2_FORMING_ACTIVITY,GO_MF,CD8,SF_vs_PB_CD8,1.06726136,0.476335098,0.390519895,0.711702291,8,1,MICAL1,up,FALSE
GOMF_PHOSPHOLIPASE_C_ACTIVITY,GOMF_PHOSPHOLIPASE_C_ACTIVITY,GO_MF,CD8,SF_vs_PB_CD8,1.05267166,0.375619776,0.391240132,0.711702291,18,7,CCR5/CCL5/PLCD1/GDPD5/PLCG2/PLCD3/PLCH2,up,FALSE
GOMF_POTASSIUM_CHANNEL_INHIBITOR_ACTIVITY,GOMF_POTASSIUM_CHANNEL_INHIBITOR_ACTIVITY,GO_MF,CD8,SF_vs_PB_CD8,1.06542639,0.459218367,0.391448574,0.711702291,9,6,PRKACA/ENSA/CAV1/RASA1/NEDD4/OXSR1,up,FALSE
GOMF_ATP_DEPENDENT_DNA_DAMAGE_SENSOR_ACTIVITY,GOMF_ATP_DEPENDENT_DNA_DAMAGE_SENSOR_ACTIVITY,GO_MF,CD8,SF_vs_PB_CD8,-1.04550817,-0.365831766,0.392328352,0.711702291,16,5,MLH3/PMS2/MSH3/RAD51B/PMS1,down,FALSE
GOMF_DEUBIQUITINASE_ACTIVITY,GOMF_DEUBIQUITINASE_ACTIVITY,GO_MF,CD8,SF_vs_PB_CD8,1.03508841,0.266752196,0.392348028,0.711702291,83,30,USP18/ZC3H12A/TANK/USP25/JOSD1/USP35/JOSD2/CYLD/USP24/ZRANB1/OTUB2/PSMD14/OTUD1/PSMD7/OTUD7B/USP12/USP1/OTUD5/ATXN3/USP32/USP3/BAP1/OTUD4/USP31/USP54/STAMBP/USP22/USP37/USP5/USP9Y,up,FALSE
GOMF_SYNTAXIN_1_BINDING,GOMF_SYNTAXIN_1_BINDING,GO_MF,CD8,SF_vs_PB_CD8,1.05599959,0.419564861,0.392731071,0.711702291,12,6,STXBP2/STXBP3/SNPH/CPLX1/VAMP3/STXBP1,up,FALSE
GOMF_MYRISTOYLTRANSFERASE_ACTIVITY,GOMF_MYRISTOYLTRANSFERASE_ACTIVITY,GO_MF,CD8,SF_vs_PB_CD8,1.06235821,0.444029592,0.393214227,0.711702291,10,6,ZDHHC2/NMT1/ZDHHC7/ZDHHC20/NMT2/HADHB,up,FALSE
GOMF_NAD_DEPENDENT_PROTEIN_LYSINE_DEACYLASE_ACTIVITY,GOMF_NAD_DEPENDENT_PROTEIN_LYSINE_DEACYLASE_ACTIVITY,GO_MF,CD8,SF_vs_PB_CD8,-1.06097659,-0.475425296,0.394269353,0.71267798,7,2,SIRT5/SIRT4,down,FALSE
GOMF_DNA_BINDING_TRANSCRIPTION_ACTIVATOR_ACTIVITY,GOMF_DNA_BINDING_TRANSCRIPTION_ACTIVATOR_ACTIVITY,GO_MF,CD8,SF_vs_PB_CD8,1.02584419,0.228813274,0.394866405,0.712689582,238,60,RFX2/KLF10/TFCP2L1/KLF6/RBPJ/JUN/USF2/NR5A2/PLSCR1/ETV1/PBX4/TP73/SP100/PPARA/NR1H2/ZNF71/TFDP1/HLF/CASZ1/FOXO1/MAFG/JUND/EGR1/ELK4/ZBTB17/SP1/TFE3/KLF4/ATF3/PPARG/E2F2/BATF/HOXB2/SRF/EPAS1/ZBED4/IKZF3/FOXP3/NFE2L1/ETV6/ATMIN/PBX3/ZBTB7B/EGR2/CEBPG/PAX9/ETV5/ETS1/ELK1/TFEC/NR3C1/HHEX/MYBL2/KLF13/E2F1/BACH1/FOXK2/THAP11/SPI1/IRF5,up,FALSE
GOMF_STORE_OPERATED_CALCIUM_CHANNEL_ACTIVITY,GOMF_STORE_OPERATED_CALCIUM_CHANNEL_ACTIVITY,GO_MF,CD8,SF_vs_PB_CD8,1.07441041,0.521571151,0.395307907,0.712689582,6,2,ORAI2/TRPC3,up,FALSE
GOMF_HISTONE_H2A_UBIQUITIN_LIGASE_ACTIVITY,GOMF_HISTONE_H2A_UBIQUITIN_LIGASE_ACTIVITY,GO_MF,CD8,SF_vs_PB_CD8,1.06257205,0.474242187,0.395882862,0.71279561,8,4,BARD1/PCGF3/TRIM37/BRCA1,up,FALSE
GOMF_UNMETHYLATED_CPG_BINDING,GOMF_UNMETHYLATED_CPG_BINDING,GO_MF,CD8,SF_vs_PB_CD8,1.0617892,0.473892791,0.396712187,0.713358764,8,4,FBXL19/KDM2B/KMT2A/KMT2B,up,FALSE
GOMF_PHOSPHATIDYLINOSITOL_PHOSPHOLIPASE_C_ACTIVITY,GOMF_PHOSPHATIDYLINOSITOL_PHOSPHOLIPASE_C_ACTIVITY,GO_MF,CD8,SF_vs_PB_CD8,-1.0730312,-0.534701077,0.398390897,0.714820433,5,2,PLCG1/PLCB1,down,FALSE
GOMF_AROMATIC_AMINO_ACID_TRANSMEMBRANE_TRANSPORTER_ACTIVITY,GOMF_AROMATIC_AMINO_ACID_TRANSMEMBRANE_TRANSPORTER_ACTIVITY,GO_MF,CD8,SF_vs_PB_CD8,1.06511481,0.494094234,0.39856027,0.714820433,7,3,SLC7A5/SLC38A5/SLC36A4,up,FALSE
GOMF_DNA_APURINIC_OR_APYRIMIDINIC_SITE_ENDONUCLEASE_ACTIVITY,GOMF_DNA_APURINIC_OR_APYRIMIDINIC_SITE_ENDONUCLEASE_ACTIVITY,GO_MF,CD8,SF_vs_PB_CD8,-1.0411913800000001,-0.377689223,0.399619194,0.715790023,14,9,POLB/TATDN3/APLF/NEIL2/HMGA1/NTHL1/NEIL1/APEX1/RPS3,down,FALSE
GOMF_DNA_BINDING_TRANSCRIPTION_REPRESSOR_ACTIVITY,GOMF_DNA_BINDING_TRANSCRIPTION_REPRESSOR_ACTIVITY,GO_MF,CD8,SF_vs_PB_CD8,1.0233173,0.232743176,0.401979525,0.719085135,200,53,SKI/SKIL/HIVEP1/SREBF2/JUN/ZBED2/BHLHE40/FOXP4/ZBTB7A/TRPS1/MSC/LRRFIP1/ENO1/SNAI3/CC2D1B/PPARA/NACC1/ERF/HDGF/FOXO1/CTCF/ZBTB17/ATF7/E2F7/RARA/ATF3/PPARG/E2F8/MXD3/FOXP3/ZFHX3/NFE2L1/ZBTB32/ETV6/CREM/MAFK/ETV7/ZBTB7B/MNT/BCL6/ZEB1/NFE2L3/BATF3/TFEC/NR3C1/ZBTB21/HHEX/CC2D1A/BACH1/FOXK2/THAP11/ZNF93/SPI1,up,FALSE
GOMF_CALCIUM_DEPENDENT_PROTEIN_SERINE_THREONINE_PHOSPHATASE_ACTIVITY,GOMF_CALCIUM_DEPENDENT_PROTEIN_SERINE_THREONINE_PHOSPHATASE_ACTIVITY,GO_MF,CD8,SF_vs_PB_CD8,1.06109167,0.492227946,0.402753298,0.719439027,7,4,PPP3CA/PPP3CB/PPP3R1/PPM1A,up,FALSE
GOMF_PHOSPHOLIPID_SCRAMBLASE_ACTIVITY,GOMF_PHOSPHOLIPID_SCRAMBLASE_ACTIVITY,GO_MF,CD8,SF_vs_PB_CD8,1.04541307,0.378481809,0.403219266,0.719439027,17,7,SERINC2/ANO9/PLSCR1/ATG9A/CLPTM1L/VMP1/TMEM63B,up,FALSE
GOMF_EXTRACELLULAR_LIGAND_GATED_MONOATOMIC_ION_CHANNEL_ACTIVITY,GOMF_EXTRACELLULAR_LIGAND_GATED_MONOATOMIC_ION_CHANNEL_ACTIVITY,GO_MF,CD8,SF_vs_PB_CD8,-1.03799948,-0.385641738,0.404908253,0.721520383,13,5,CHRFAM7A/CHRNA1/P2RX5/P2RX7/SLC1A7,down,FALSE
GOMF_POLY_PYRIMIDINE_TRACT_BINDING,GOMF_POLY_PYRIMIDINE_TRACT_BINDING,GO_MF,CD8,SF_vs_PB_CD8,-1.03049408,-0.32303711,0.406703091,0.723784754,24,6,HNRNPH1/RBM11/U2AF2/SSB/HNRNPC/PABPC1,down,FALSE
GOMF_LIPASE_ACTIVITY,GOMF_LIPASE_ACTIVITY,GO_MF,CD8,SF_vs_PB_CD8,-1.01985733,-0.249762688,0.407561549,0.724379021,72,16,LYPLAL1/PLA2G2C/ABHD1/PLCL2/PDIA3/GDPD1/LIPE/DDHD1/PLD6/PLCL1/PLA2G12A/CES1/ABHD8/PNPLA4/PLD1/PLCB1,down,FALSE
GOMF_PROTEIN_GLUTAMIC_ACID_LIGASE_ACTIVITY,GOMF_PROTEIN_GLUTAMIC_ACID_LIGASE_ACTIVITY,GO_MF,CD8,SF_vs_PB_CD8,1.06013539,0.51464136,0.410455167,0.7285843,6,4,TTLL7/TTLL4/TTLL5/TPGS1,up,FALSE
GOMF_BETA_N_ACETYLGLUCOSAMINYLGLYCOPEPTIDE_BETA_1_4_GALACTOSYLTRANSFERASE_ACTIVITY,GOMF_BETA_N_ACETYLGLUCOSAMINYLGLYCOPEPTIDE_BETA_1_4_GALACTOSYLTRANSFERASE_ACTIVITY,GO_MF,CD8,SF_vs_PB_CD8,-1.06015527,-0.528284886,0.411785934,0.730008184,5,3,B4GALT7/B4GALT4/B4GALT1,down,FALSE
GOMF_EXCITATORY_EXTRACELLULAR_LIGAND_GATED_MONOATOMIC_ION_CHANNEL_ACTIVITY,GOMF_EXCITATORY_EXTRACELLULAR_LIGAND_GATED_MONOATOMIC_ION_CHANNEL_ACTIVITY,GO_MF,CD8,SF_vs_PB_CD8,-1.03197573,-0.392209627,0.413678365,0.731405935,12,5,CHRFAM7A/CHRNA1/P2RX5/P2RX7/SLC1A7,down,FALSE
GOMF_LEUCINE_ZIPPER_DOMAIN_BINDING,GOMF_LEUCINE_ZIPPER_DOMAIN_BINDING,GO_MF,CD8,SF_vs_PB_CD8,1.04554161,0.450647664,0.413716003,0.731405935,9,5,PMF1/DDIT3/DAPK3/ATF4/JDP2,up,FALSE
GOMF_GABA_RECEPTOR_BINDING,GOMF_GABA_RECEPTOR_BINDING,GO_MF,CD8,SF_vs_PB_CD8,1.0382101,0.412496822,0.414163245,0.731405935,12,7,AKAP5/JAKMIP1/GABARAPL1/TRAK1/GABARAP/TRAK2/ARFGEF2,up,FALSE
GOMF_PHOSPHATIDYLSERINE_TRANSFER_ACTIVITY,GOMF_PHOSPHATIDYLSERINE_TRANSFER_ACTIVITY,GO_MF,CD8,SF_vs_PB_CD8,-1.0561078,-0.526267993,0.416116501,0.733916842,5,3,OSBPL10/OSBPL9/OSBPL5,down,FALSE
GOMF_ADP_RIBOSE_DIPHOSPHATASE_ACTIVITY,GOMF_ADP_RIBOSE_DIPHOSPHATASE_ACTIVITY,GO_MF,CD8,SF_vs_PB_CD8,1.05314785,0.511249267,0.418019435,0.736332704,6,3,NUDT14/NUDT5/TRPM2,up,FALSE
GOMF_TITIN_BINDING,GOMF_TITIN_BINDING,GO_MF,CD8,SF_vs_PB_CD8,-1.03693898,-0.445578915,0.418827336,0.736449135,8,2,CALM1/CAMK2D,down,FALSE
GOMF_FATTY_ACID_DERIVATIVE_BINDING,GOMF_FATTY_ACID_DERIVATIVE_BINDING,GO_MF,CD8,SF_vs_PB_CD8,1.03435029,0.41096326,0.419152078,0.736449135,12,5,ACOT7/DBI/ECI2/ACBD3/SOAT2,up,FALSE
GOMF_MISMATCH_REPAIR_COMPLEX_BINDING,GOMF_MISMATCH_REPAIR_COMPLEX_BINDING,GO_MF,CD8,SF_vs_PB_CD8,1.03617965,0.421278809,0.421053583,0.738041174,11,3,TREX1/PCNA/MLH1,up,FALSE
GOMF_MIRNA_BINDING,GOMF_MIRNA_BINDING,GO_MF,CD8,SF_vs_PB_CD8,-1.02022665,-0.304991247,0.421452336,0.738041174,29,11,RC3H1/SOCS3/TARBP2/SOX4/RBM10/RBM4/DDX21/HNRNPA2B1/MATR3/HNRNPA1/YBX1,down,FALSE
GOMF_THIAMINE_PYROPHOSPHATE_BINDING,GOMF_THIAMINE_PYROPHOSPHATE_BINDING,GO_MF,CD8,SF_vs_PB_CD8,-1.04128592,-0.489963502,0.421758633,0.738041174,6,2,HACL1/TKTL1,down,FALSE
GOMF_NADP_BINDING,GOMF_NADP_BINDING,GO_MF,CD8,SF_vs_PB_CD8,-1.01613636,-0.286370711,0.422195893,0.738041174,37,12,DECR1/QDPR/GLYR1/CAT/MTRR/LBR/HIBADH/DPYD/GSR/CBR4/ME1/TM7SF2,down,FALSE
GOMF_HISTONE_H4K16AC_READER_ACTIVITY,GOMF_HISTONE_H4K16AC_READER_ACTIVITY,GO_MF,CD8,SF_vs_PB_CD8,1.05655296,0.542083794,0.42439882,0.740954198,5,3,BAZ2A/BRD4/MSL3,up,FALSE
GOMF_CHLORIDE_CHANNEL_ACTIVITY,GOMF_CHLORIDE_CHANNEL_ACTIVITY,GO_MF,CD8,SF_vs_PB_CD8,1.02140227,0.330233005,0.425359419,0.741693633,27,5,CLIC1/ANO9/TTYH3/CLIC5/SLC1A4,up,FALSE
GOMF_LIPID_TRANSFER_ACTIVITY,GOMF_LIPID_TRANSFER_ACTIVITY,GO_MF,CD8,SF_vs_PB_CD8,1.01875033,0.294073125,0.426928226,0.742793309,45,11,ABCG1/TSPO/GRAMD1C/PITPNA/PITPNM1/PRELID2/OSBPL11/TMEM63B/STARD4/GRAMD1B/OSBPL7,up,FALSE
GOMF_SIALYLTRANSFERASE_ACTIVITY,GOMF_SIALYLTRANSFERASE_ACTIVITY,GO_MF,CD8,SF_vs_PB_CD8,1.02663057,0.391542494,0.427065813,0.742793309,14,4,ST6GALNAC6/ST8SIA4/ST6GALNAC3/ST8SIA1,up,FALSE
GOMF_GTP_DEPENDENT_PROTEIN_BINDING,GOMF_GTP_DEPENDENT_PROTEIN_BINDING,GO_MF,CD8,SF_vs_PB_CD8,1.02256558,0.37624226,0.430447031,0.747732516,16,9,RAC1/RAB38/PARD6A/RAB34/DNM1L/AP1G1/RAB5B/RAB3D/HPS6,up,FALSE
GOMF_POTASSIUM_PROTON_ANTIPORTER_ACTIVITY,GOMF_POTASSIUM_PROTON_ANTIPORTER_ACTIVITY,GO_MF,CD8,SF_vs_PB_CD8,1.04067402,0.505193863,0.432136906,0.749193355,6,4,TMCO3/SLC9A9/SLC9A5/SLC9A6,up,FALSE
GOMF_PHOSPHOSERINE_RESIDUE_BINDING,GOMF_PHOSPHOSERINE_RESIDUE_BINDING,GO_MF,CD8,SF_vs_PB_CD8,1.02929909,0.443646836,0.432372993,0.749193355,9,6,YWHAB/PIN1/YWHAE/PCIF1/NEDD4/YWHAZ,up,FALSE
GOMF_LIPID_PHOSPHATASE_ACTIVITY,GOMF_LIPID_PHOSPHATASE_ACTIVITY,GO_MF,CD8,SF_vs_PB_CD8,-1.03038893,-0.484836066,0.433541519,0.749681746,6,2,LPIN1/EPHX2,down,FALSE
GOMF_UDP_XYLOSYLTRANSFERASE_ACTIVITY,GOMF_UDP_XYLOSYLTRANSFERASE_ACTIVITY,GO_MF,CD8,SF_vs_PB_CD8,-1.03833331,-0.517410806,0.434606322,0.749681746,5,3,GXYLT1/POGLUT1/XYLT2,down,FALSE
GOMF_ATP_GATED_ION_CHANNEL_ACTIVITY,GOMF_ATP_GATED_ION_CHANNEL_ACTIVITY,GO_MF,CD8,SF_vs_PB_CD8,-1.02931632,-0.484331363,0.434679029,0.749681746,6,5,P2RX6/CCDC51/P2RX4/P2RX5/P2RX7,down,FALSE
GOMF_IMMUNOGLOBULIN_RECEPTOR_ACTIVITY,GOMF_IMMUNOGLOBULIN_RECEPTOR_ACTIVITY,GO_MF,CD8,SF_vs_PB_CD8,-1.02227252,-0.439276647,0.435005028,0.749681746,8,2,FCGR3B/FCGR3A,down,FALSE
GOMF_SECONDARY_ACTIVE_SULFATE_TRANSMEMBRANE_TRANSPORTER_ACTIVITY,GOMF_SECONDARY_ACTIVE_SULFATE_TRANSMEMBRANE_TRANSPORTER_ACTIVITY,GO_MF,CD8,SF_vs_PB_CD8,1.04695332,0.537158522,0.435911978,0.749681746,5,2,SLC26A6/UCP2,up,FALSE
GOMF_SULFATE_TRANSMEMBRANE_TRANSPORTER_ACTIVITY,GOMF_SULFATE_TRANSMEMBRANE_TRANSPORTER_ACTIVITY,GO_MF,CD8,SF_vs_PB_CD8,1.04695332,0.537158522,0.435911978,0.749681746,5,2,SLC26A6/UCP2,up,FALSE
GOMF_CALMODULIN_DEPENDENT_PROTEIN_PHOSPHATASE_ACTIVITY,GOMF_CALMODULIN_DEPENDENT_PROTEIN_PHOSPHATASE_ACTIVITY,GO_MF,CD8,SF_vs_PB_CD8,1.04605273,0.536696457,0.437046279,0.750015496,5,3,PPP3CA/PPP3CB/PPM1A,up,FALSE
GOMF_NUCLEOSIDE_BINDING,GOMF_NUCLEOSIDE_BINDING,GO_MF,CD8,SF_vs_PB_CD8,1.03589326,0.50287305,0.437192234,0.750015496,6,1,ACTN4,up,FALSE
GOMF_PROTEIN_KINASE_C_BINDING,GOMF_PROTEIN_KINASE_C_BINDING,GO_MF,CD8,SF_vs_PB_CD8,-1.00718579,-0.29374953,0.439931741,0.751865998,32,4,C1QBP/FEZ1/PLEK/ADD3,down,FALSE
GOMF_CUPROUS_ION_BINDING,GOMF_CUPROUS_ION_BINDING,GO_MF,CD8,SF_vs_PB_CD8,1.03355278,0.501736866,0.44011309,0.751865998,6,5,COX17/SNCA/PRNP/PARK7/ATP7A,up,FALSE
GOMF_HEXOSE_TRANSMEMBRANE_TRANSPORTER_ACTIVITY,GOMF_HEXOSE_TRANSMEMBRANE_TRANSPORTER_ACTIVITY,GO_MF,CD8,SF_vs_PB_CD8,1.01663929,0.403926409,0.440206037,0.751865998,12,2,SLC2A8/SLC2A1,up,FALSE
GOMF_CYTOSKELETAL_ANCHOR_ACTIVITY,GOMF_CYTOSKELETAL_ANCHOR_ACTIVITY,GO_MF,CD8,SF_vs_PB_CD8,1.01547185,0.362345949,0.440648462,0.751865998,18,12,MAP1A/MICALL1/MARK4/WIPF1/GAS2L1/EPB41L3/NCK2/BICD1/BICD2/SDCBP/ADD1/ANK3,up,FALSE
GOMF_PHOSPHATIDYLINOSITOL_TRISPHOSPHATE_PHOSPHATASE_ACTIVITY,GOMF_PHOSPHATIDYLINOSITOL_TRISPHOSPHATE_PHOSPHATASE_ACTIVITY,GO_MF,CD8,SF_vs_PB_CD8,1.03261133,0.501279842,0.440993091,0.751865998,6,5,INPP5E/INPPL1/FIG4/INPP5K/PTEN,up,FALSE
GOMF_SUGAR_TRANSMEMBRANE_TRANSPORTER_ACTIVITY,GOMF_SUGAR_TRANSMEMBRANE_TRANSPORTER_ACTIVITY,GO_MF,CD8,SF_vs_PB_CD8,1.0129795,0.386336171,0.443975235,0.753565521,14,2,SLC2A8/SLC2A1,up,FALSE
GOMF_MITOCHONDRIAL_RIBOSOME_BINDING,GOMF_MITOCHONDRIAL_RIBOSOME_BINDING,GO_MF,CD8,SF_vs_PB_CD8,-1.00945353,-0.404894537,0.44432617,0.753565521,10,5,TMEM223/TACO1/OXA1L/GTPBP10/C1QBP,down,FALSE
GOMF_INTRAMOLECULAR_TRANSFERASE_ACTIVITY,GOMF_INTRAMOLECULAR_TRANSFERASE_ACTIVITY,GO_MF,CD8,SF_vs_PB_CD8,1.00895104,0.335319356,0.444467543,0.753565521,24,9,PGM2L1/PMM1/PGAM1/PGM1/PGAM4/PUS7/BPGM/TMEM86B/LSS,up,FALSE
GOMF_FLOPPASE_ACTIVITY,GOMF_FLOPPASE_ACTIVITY,GO_MF,CD8,SF_vs_PB_CD8,1.0115595,0.378673664,0.445130108,0.753565521,15,9,ABCG1/ATP8B2/ATP8B3/ATP11B/ATP11A/ABCA2/ATP8A1/ABCA7/ATP11C,up,FALSE
GOMF_CARD_DOMAIN_BINDING,GOMF_CARD_DOMAIN_BINDING,GO_MF,CD8,SF_vs_PB_CD8,-1.00661294,-0.382570318,0.446098159,0.753565521,12,3,CASP4/CASP1/RIPK2,down,FALSE
GOMF_STRUCTURAL_CONSTITUENT_OF_SKIN_EPIDERMIS,GOMF_STRUCTURAL_CONSTITUENT_OF_SKIN_EPIDERMIS,GO_MF,CD8,SF_vs_PB_CD8,-1.01867145,-0.479322559,0.446118516,0.753565521,6,3,KRT2/KRT72/KRT1,down,FALSE
GOMF_CYCLOSPORIN_A_BINDING,GOMF_CYCLOSPORIN_A_BINDING,GO_MF,CD8,SF_vs_PB_CD8,-1.01038411,-0.418236737,0.446368838,0.753565521,9,6,PPID/PPIAL4G/PPIB/PPIE/PPIA/PPIH,down,FALSE
GOMF_2_OXOGLUTARATE_DEPENDENT_DIOXYGENASE_ACTIVITY,GOMF_2_OXOGLUTARATE_DEPENDENT_DIOXYGENASE_ACTIVITY,GO_MF,CD8,SF_vs_PB_CD8,-1.00036539,-0.256742963,0.446555509,0.753565521,57,14,FTO/RSBN1/P4HTM/EGLN3/P4HB/KDM4C/UTY/ALKBH2/ALKBH3/ALKBH7/TMLHE/PHYHD1/PLOD1/ASPH,down,FALSE
GOMF_C_PALMITOYLTRANSFERASE_ACTIVITY,GOMF_C_PALMITOYLTRANSFERASE_ACTIVITY,GO_MF,CD8,SF_vs_PB_CD8,-1.02697988,-0.511753293,0.447024858,0.753565521,5,2,SPTLC3/SPTSSB,down,FALSE
GOMF_ORGANOPHOSPHATE_PHOSPHATE_ANTIPORTER_ACTIVITY,GOMF_ORGANOPHOSPHATE_PHOSPHATE_ANTIPORTER_ACTIVITY,GO_MF,CD8,SF_vs_PB_CD8,1.02724376,0.49867416,0.447976933,0.753565521,6,1,SLC25A24,up,FALSE
GOMF_CYSTEINE_TYPE_ENDOPEPTIDASE_ACTIVITY,GOMF_CYSTEINE_TYPE_ENDOPEPTIDASE_ACTIVITY,GO_MF,CD8,SF_vs_PB_CD8,1.00424197,0.267188479,0.448824045,0.753565521,69,36,CTSB/CTSD/CTSZ/CAPNS1/CTSL/CAPN1/CASP3/CASP6/CASP7/ESPL1/CFLAR/CASP9/USP12/USP1/CTSK/CAPN2/CAPN10/ATG4B/CASP2/USP37/USP5/USP9X/SENP2/CTSC/USP49/SENP5/USP7/SENP7/USP8/USP20/CAPN15/CARD16/USP15/PIGU/USP27X/USP16,up,FALSE
GOMF_N_ACYLTRANSFERASE_ACTIVITY,GOMF_N_ACYLTRANSFERASE_ACTIVITY,GO_MF,CD8,SF_vs_PB_CD8,1.00259872,0.271040505,0.449716407,0.753565521,63,25,HGSNAT/BLOC1S1/BRCA2/ESCO2/CERS5/NCOA1/EP300/GTF3C4/NAGS/NAA50/KAT2B/PHF10/NCOA3/BRD1/KAT6A/NMT1/CERS2/MEAF6/CERS4/SMARCE1/USP22/TAF10/HAT1/NAT14/TAF1L,up,FALSE
GOMF_GLUTATHIONE_BINDING,GOMF_GLUTATHIONE_BINDING,GO_MF,CD8,SF_vs_PB_CD8,-1.0069737,-0.41682504,0.450330106,0.753565521,9,4,PTGES2/MMACHC/GSTM2/GSTM3,down,FALSE
GOMF_OLIGOPEPTIDE_BINDING,GOMF_OLIGOPEPTIDE_BINDING,GO_MF,CD8,SF_vs_PB_CD8,-1.0069737,-0.41682504,0.450330106,0.753565521,9,4,PTGES2/MMACHC/GSTM2/GSTM3,down,FALSE
GOMF_UBIQUITIN_LIKE_LIGASE_SUBSTRATE_ADAPTOR_ACTIVITY,GOMF_UBIQUITIN_LIKE_LIGASE_SUBSTRATE_ADAPTOR_ACTIVITY,GO_MF,CD8,SF_vs_PB_CD8,1.00336835,0.250985758,0.451020848,0.753565521,100,29,SMAD7/SPSB1/HERPUD1/KCTD17/FBXO45/FBXL19/IVNS1ABP/ZSWIM8/SPSB2/FZR1/KBTBD2/KLHL6/KLHL7/UBR4/ASB1/KLHL2/RAB40C/KBTBD6/KLHL21/KEAP1/FEM1C/FBXO11/ARRDC1/FBXO31/CCNF/KLHL17/KLHL5/KLHDC10/ANKRD9,up,FALSE
GOMF_AMINOACYL_TRNA_DEACYLASE_ACTIVITY,GOMF_AMINOACYL_TRNA_DEACYLASE_ACTIVITY,GO_MF,CD8,SF_vs_PB_CD8,-1.00735891,-0.432868181,0.451466923,0.753565521,8,6,VARS2/AARSD1/DTD2/LARS2/TARS2/AARS2,down,FALSE
GOMF_CHOLINE_TRANSMEMBRANE_TRANSPORTER_ACTIVITY,GOMF_CHOLINE_TRANSMEMBRANE_TRANSPORTER_ACTIVITY,GO_MF,CD8,SF_vs_PB_CD8,-1.01321078,-0.476753113,0.451977765,0.753565521,6,3,SLC44A1/SLC44A2/SLC44A3,down,FALSE
GOMF_PHOSPHORIC_DIESTER_HYDROLASE_ACTIVITY,GOMF_PHOSPHORIC_DIESTER_HYDROLASE_ACTIVITY,GO_MF,CD8,SF_vs_PB_CD8,1.00122685,0.276742953,0.452649517,0.753565521,56,17,PDE4A/CCR5/CCL5/PLD2/SMPD3/PLCD1/CNP/PDE4B/PDE7B/GDPD5/PDE1B/PLCG2/GDE1/PLCD3/PLD4/PLCXD1/PLCH2,up,FALSE
GOMF_SOLUTE_MONOATOMIC_CATION_SYMPORTER_ACTIVITY,GOMF_SOLUTE_MONOATOMIC_CATION_SYMPORTER_ACTIVITY,GO_MF,CD8,SF_vs_PB_CD8,1.00138947,0.27979834,0.452802793,0.753565521,53,7,SLC6A6/SLC1A1/SLC16A3/SLC10A3/SLC12A4/SLC29A1/SLC4A8,up,FALSE
GOMF_PROTEIN_CARBOXYL_O_METHYLTRANSFERASE_ACTIVITY,GOMF_PROTEIN_CARBOXYL_O_METHYLTRANSFERASE_ACTIVITY,GO_MF,CD8,SF_vs_PB_CD8,1.03230093,0.529640844,0.453304598,0.753565521,5,2,ICMT/PCMT1,up,FALSE
GOMF_BHLH_TRANSCRIPTION_FACTOR_BINDING,GOMF_BHLH_TRANSCRIPTION_FACTOR_BINDING,GO_MF,CD8,SF_vs_PB_CD8,1.00603634,0.35897912,0.453448912,0.753565521,18,5,USF2/BHLHE40/SP1/PSMD9/IKZF4,up,FALSE
GOMF_N6_METHYLADENOSINE_CONTAINING_RNA_READER_ACTIVITY,GOMF_N6_METHYLADENOSINE_CONTAINING_RNA_READER_ACTIVITY,GO_MF,CD8,SF_vs_PB_CD8,-1.00074734,-0.40140246,0.455037367,0.755044369,10,5,IGF2BP3/YTHDC2/YTHDC1/HNRNPA2B1/HNRNPC,down,FALSE
GOMF_EUKARYOTIC_INITIATION_FACTOR_4E_BINDING,GOMF_EUKARYOTIC_INITIATION_FACTOR_4E_BINDING,GO_MF,CD8,SF_vs_PB_CD8,1.00947967,0.435104304,0.455685067,0.755044369,9,4,EIF4EBP1/LARP1/HHEX/C8orf88,up,FALSE
GOMF_INOSITOL_BISPHOSPHATE_PHOSPHATASE_ACTIVITY,GOMF_INOSITOL_BISPHOSPHATE_PHOSPHATASE_ACTIVITY,GO_MF,CD8,SF_vs_PB_CD8,-1.00642588,-0.450981038,0.455979004,0.755044369,7,3,MTMR7/MINPP1/INPP4A,down,FALSE
GOMF_SULFATIDE_BINDING,GOMF_SULFATIDE_BINDING,GO_MF,CD8,SF_vs_PB_CD8,1.02824384,0.527559281,0.457879613,0.757283527,5,3,PPT1/TPP1/TREM2,up,FALSE
GOMF_OXIDOREDUCTASE_ACTIVITY_ACTING_ON_THE_CH_CH_GROUP_OF_DONORS_QUINONE_OR_RELATED_COMPOUND_AS_ACCEPTOR,GOMF_OXIDOREDUCTASE_ACTIVITY_ACTING_ON_THE_CH_CH_GROUP_OF_DONORS_QUINONE_OR_RELATED_COMPOUND_AS_ACCEPTOR,GO_MF,CD8,SF_vs_PB_CD8,-1.01410586,-0.505338053,0.459761819,0.759486928,5,3,SDHA/SDHD/SDHC,down,FALSE
GOMF_RNA_POLYMERASE_INHIBITOR_ACTIVITY,GOMF_RNA_POLYMERASE_INHIBITOR_ACTIVITY,GO_MF,CD8,SF_vs_PB_CD8,1.00722521,0.449540046,0.460772931,0.760247811,8,4,NELFB/UVSSA/NELFCD/NELFE,up,FALSE
GOMF_TRANSFORMING_GROWTH_FACTOR_BETA_RECEPTOR_ACTIVITY,GOMF_TRANSFORMING_GROWTH_FACTOR_BETA_RECEPTOR_ACTIVITY,GO_MF,CD8,SF_vs_PB_CD8,-0.997283896,-0.428538886,0.463272266,0.763322757,8,2,TGFBR1/TGFBR3,down,FALSE
GOMF_OXIDOREDUCTASE_ACTIVITY_ACTING_ON_CH_OR_CH2_GROUPS,GOMF_OXIDOREDUCTASE_ACTIVITY_ACTING_ON_CH_OR_CH2_GROUPS,GO_MF,CD8,SF_vs_PB_CD8,1.01341632,0.491961647,0.463742066,0.763322757,6,2,VKORC1L1/VKORC1,up,FALSE
GOMF_RAB_GERANYLGERANYLTRANSFERASE_ACTIVITY,GOMF_RAB_GERANYLGERANYLTRANSFERASE_ACTIVITY,GO_MF,CD8,SF_vs_PB_CD8,-1.00929933,-0.502942916,0.464835375,0.76404996,5,3,RABGGTB/CHM/FNTA,down,FALSE
GOMF_D1_DOPAMINE_RECEPTOR_BINDING,GOMF_D1_DOPAMINE_RECEPTOR_BINDING,GO_MF,CD8,SF_vs_PB_CD8,1.02168918,0.524196291,0.465290381,0.76404996,5,2,GNAS/VPS35,up,FALSE
GOMF_PHOSPHATIDYLINOSITOL_3_4_5_TRISPHOSPHATE_5_PHOSPHATASE_ACTIVITY,GOMF_PHOSPHATIDYLINOSITOL_3_4_5_TRISPHOSPHATE_5_PHOSPHATASE_ACTIVITY,GO_MF,CD8,SF_vs_PB_CD8,1.01888292,0.522756492,0.468352995,0.76816566,5,4,INPP5E/INPPL1/FIG4/INPP5K,up,FALSE
GOMF_C_X_C_CHEMOKINE_RECEPTOR_ACTIVITY,GOMF_C_X_C_CHEMOKINE_RECEPTOR_ACTIVITY,GO_MF,CD8,SF_vs_PB_CD8,0.997294697,0.429852355,0.470016861,0.769980172,9,3,CXCR3/CXCR6/GPR35,up,FALSE
GOMF_DEOXYNUCLEOSIDE_KINASE_ACTIVITY,GOMF_DEOXYNUCLEOSIDE_KINASE_ACTIVITY,GO_MF,CD8,SF_vs_PB_CD8,-1.00360248,-0.500104122,0.470864203,0.770454341,5,2,ADK/DCK,down,FALSE
GOMF_NUCLEAR_GLUCOCORTICOID_RECEPTOR_BINDING,GOMF_NUCLEAR_GLUCOCORTICOID_RECEPTOR_BINDING,GO_MF,CD8,SF_vs_PB_CD8,0.992205481,0.385561654,0.471596922,0.770740058,13,3,YWHAH/TACC1/NCOR2,up,FALSE
GOMF_GLUTAMATE_RECEPTOR_BINDING,GOMF_GLUTAMATE_RECEPTOR_BINDING,GO_MF,CD8,SF_vs_PB_CD8,0.988419687,0.325463444,0.472728529,0.77167624,25,12,HIP1/AKAP5/DLG3/NETO2/GNAS/ADORA2A/GRIPAP1/PTK2B/SRC/PRNP/CALM3/SQSTM1,up,FALSE
GOMF_STEROL_TRANSFER_ACTIVITY,GOMF_STEROL_TRANSFER_ACTIVITY,GO_MF,CD8,SF_vs_PB_CD8,0.988589387,0.33923733,0.473425231,0.771901115,21,6,ABCG1/TSPO/GRAMD1C/STARD4/GRAMD1B/OSBPL7,up,FALSE
GOMF_OXIDOREDUCTASE_ACTIVITY_ACTING_ON_THE_ALDEHYDE_OR_OXO_GROUP_OF_DONORS_NAD_OR_NADP_AS_ACCEPTOR,GOMF_OXIDOREDUCTASE_ACTIVITY_ACTING_ON_THE_ALDEHYDE_OR_OXO_GROUP_OF_DONORS_NAD_OR_NADP_AS_ACCEPTOR,GO_MF,CD8,SF_vs_PB_CD8,-0.982855554,-0.343909107,0.474094989,0.77208158,16,8,ALDH16A1/AKR1B1/ADH5/ALDH6A1/ALDH18A1/ALDH5A1/ALDH9A1/AKR1C3,down,FALSE
GOMF_RNA_ENDONUCLEASE_ACTIVITY,GOMF_RNA_ENDONUCLEASE_ACTIVITY,GO_MF,CD8,SF_vs_PB_CD8,0.986972368,0.271044801,0.47643759,0.774982699,58,19,RNASE4/ANG/ZC3H12A/AGO2/KHNYN/ENDOV/ZC3H12D/RNASE1/DICER1/NUDT16/POP7/FEN1/ZC3H12C/AGO1/EXO1/AGO4/RNASEK/SLFN13/RPP21,up,FALSE
GOMF_NON_MEMBRANE_SPANNING_PROTEIN_TYROSINE_KINASE_ACTIVITY,GOMF_NON_MEMBRANE_SPANNING_PROTEIN_TYROSINE_KINASE_ACTIVITY,GO_MF,CD8,SF_vs_PB_CD8,-0.983472357,-0.272299201,0.478578372,0.776805795,40,9,TNK1/JAK1/YES1/LYN/FGR/BLK/RIPK2/ZAP70/TXK,down,FALSE
GOMF_DYNEIN_HEAVY_CHAIN_BINDING,GOMF_DYNEIN_HEAVY_CHAIN_BINDING,GO_MF,CD8,SF_vs_PB_CD8,1.00018595,0.485538981,0.478683368,0.776805795,6,4,DYNC1I2/DYNC1LI2/DYNC1LI1/DNAL1,up,FALSE
GOMF_DEATH_RECEPTOR_ACTIVITY,GOMF_DEATH_RECEPTOR_ACTIVITY,GO_MF,CD8,SF_vs_PB_CD8,0.989960358,0.413769751,0.48015808,0.776844458,10,8,FAS/TNFRSF18/TNFRSF4/TNFRSF19/TNFRSF1B/TNFRSF10B/TNFRSF1A/TNFRSF10A,up,FALSE
GOMF_EXTRACELLULARLY_ATP_GATED_MONOATOMIC_CATION_CHANNEL_ACTIVITY,GOMF_EXTRACELLULARLY_ATP_GATED_MONOATOMIC_CATION_CHANNEL_ACTIVITY,GO_MF,CD8,SF_vs_PB_CD8,-0.995604405,-0.49611861,0.480162184,0.776844458,5,4,P2RX6/P2RX4/P2RX5/P2RX7,down,FALSE
GOMF_UBIQUITIN_PROTEIN_TRANSFERASE_ACTIVATOR_ACTIVITY,GOMF_UBIQUITIN_PROTEIN_TRANSFERASE_ACTIVATOR_ACTIVITY,GO_MF,CD8,SF_vs_PB_CD8,0.985149823,0.362475523,0.480394762,0.776844458,16,5,FZR1/PIN1/RBCK1/TRIB3/UBE2L3,up,FALSE
GOMF_PLATELET_DERIVED_GROWTH_FACTOR_BINDING,GOMF_PLATELET_DERIVED_GROWTH_FACTOR_BINDING,GO_MF,CD8,SF_vs_PB_CD8,-0.993544446,-0.495092114,0.482497293,0.778334133,5,3,PDGFB/COL6A1/PDGFRB,down,FALSE
GOMF_MHC_CLASS_IB_PROTEIN_BINDING,GOMF_MHC_CLASS_IB_PROTEIN_BINDING,GO_MF,CD8,SF_vs_PB_CD8,-0.993210702,-0.494925807,0.482858174,0.778334133,5,2,LILRB1/KLRD1,down,FALSE
GOMF_SODIUM_BICARBONATE_SYMPORTER_ACTIVITY,GOMF_SODIUM_BICARBONATE_SYMPORTER_ACTIVITY,GO_MF,CD8,SF_vs_PB_CD8,-0.993002023,-0.49482182,0.483006772,0.778334133,5,2,SLC4A4/SLC4A10,down,FALSE
GOMF_OXIDOREDUCTASE_ACTIVITY_ACTING_ON_A_SULFUR_GROUP_OF_DONORS_DISULFIDE_AS_ACCEPTOR,GOMF_OXIDOREDUCTASE_ACTIVITY_ACTING_ON_A_SULFUR_GROUP_OF_DONORS_DISULFIDE_AS_ACCEPTOR,GO_MF,CD8,SF_vs_PB_CD8,0.987635868,0.440797022,0.484159894,0.779282999,8,3,MSRB1/DNAJC10/IFI30,up,FALSE
GOMF_WD40_REPEAT_DOMAIN_BINDING,GOMF_WD40_REPEAT_DOMAIN_BINDING,GO_MF,CD8,SF_vs_PB_CD8,0.989809097,0.459160798,0.485203807,0.779480903,7,1,MAP1S,up,FALSE
GOMF_CERAMIDE_BINDING,GOMF_CERAMIDE_BINDING,GO_MF,CD8,SF_vs_PB_CD8,0.980913385,0.389731957,0.485411714,0.779480903,12,2,VDAC1/EPDR1,up,FALSE
GOMF_DNA_N_GLYCOSYLASE_ACTIVITY,GOMF_DNA_N_GLYCOSYLASE_ACTIVITY,GO_MF,CD8,SF_vs_PB_CD8,-0.974085731,-0.353346839,0.487589818,0.781749109,14,7,MUTYH/MBD4/NEIL2/NTHL1/NEIL1/APEX1/RPS3,down,FALSE
GOMF_CARBOHYDRATE_PHOSPHATASE_ACTIVITY,GOMF_CARBOHYDRATE_PHOSPHATASE_ACTIVITY,GO_MF,CD8,SF_vs_PB_CD8,0.984762757,0.439514708,0.487956359,0.781749109,8,3,PFKFB3/PFKFB4/IMPA2,up,FALSE
GOMF_LIGASE_ACTIVITY,GOMF_LIGASE_ACTIVITY,GO_MF,CD8,SF_vs_PB_CD8,-0.982512534,-0.223012392,0.49162159,0.786067489,112,42,QRSL1/SUCLG2/ACSBG1/ASNSD1/GART/FARSA/EARS2/SUCLA2/MCCC2/LARS2/FARSB/PCCB/DIP2A/LIG3/RTCB/DPH6/FARS2/UBA2/UBA7/TARS2/MT-ATP6/UBA5/NARS2/SARS2/SUCLG1/XRCC4/RIMKLB/PAICS/MCCC1/AARS2/YARS2/NAE1/PFAS/SLC27A5/LIPT2/GMPS/ACSL6/ACSS2/ITCH/AASDH/ACSM3/MARS2,down,FALSE
GOMF_MUTLALPHA_COMPLEX_BINDING,GOMF_MUTLALPHA_COMPLEX_BINDING,GO_MF,CD8,SF_vs_PB_CD8,0.983863694,0.45640279499999997,0.492087052,0.786067489,7,2,TREX1/PCNA,up,FALSE
GOMF_IMPORTIN_ALPHA_FAMILY_PROTEIN_BINDING,GOMF_IMPORTIN_ALPHA_FAMILY_PROTEIN_BINDING,GO_MF,CD8,SF_vs_PB_CD8,0.979334423,0.422111147,0.492669159,0.786067489,9,2,GOLGA2/TPX2,up,FALSE
GOMF_N_ACETYLTRANSFERASE_ACTIVITY,GOMF_N_ACETYLTRANSFERASE_ACTIVITY,GO_MF,CD8,SF_vs_PB_CD8,0.978901389,0.271549345,0.492928635,0.786067489,55,21,HGSNAT/BLOC1S1/BRCA2/ESCO2/NCOA1/EP300/GTF3C4/NAGS/NAA50/KAT2B/PHF10/NCOA3/BRD1/KAT6A/MEAF6/SMARCE1/USP22/TAF10/HAT1/NAT14/TAF1L,up,FALSE
GOMF_SMALL_PROTEIN_ACTIVATING_ENZYME_BINDING,GOMF_SMALL_PROTEIN_ACTIVATING_ENZYME_BINDING,GO_MF,CD8,SF_vs_PB_CD8,0.996130081,0.51108273,0.494725499,0.78734895,5,4,UBE2I/SAE1/PARK7/SUMO1,up,FALSE
GOMF_ANNEALING_ACTIVITY,GOMF_ANNEALING_ACTIVITY,GO_MF,CD8,SF_vs_PB_CD8,-0.968327631,-0.388398827,0.495198811,0.78734895,10,3,ZRANB3/FXR1/TP53,down,FALSE
GOMF_HISTONE_H4_READER_ACTIVITY,GOMF_HISTONE_H4_READER_ACTIVITY,GO_MF,CD8,SF_vs_PB_CD8,0.974920035,0.352960478,0.495442605,0.78734895,17,8,BRD2/NCAPD3/BAZ2A/TP53BP1/NCAPG2/TTLL12/BRD4/MSL3,up,FALSE
GOMF_CATALYTIC_ACTIVITY_ACTING_ON_DNA,GOMF_CATALYTIC_ACTIVITY_ACTING_ON_DNA,GO_MF,CD8,SF_vs_PB_CD8,0.984566294,0.220973441,0.497636016,0.789341654,225,75,NME7/POLG/NEIL3/MCM6/CHD3/TEP1/MYO18A/ISG20/MAP1S/RFC2/ENDOV/TOP2A/DCLRE1C/TREX1/POLK/MGME1/RECQL/RBBP8/TTF2/RECQL4/ERCC6L/DCLRE1A/POLE/PCNA/MLH1/DICER1/MCM3/CHD4/CHTF18/DNASE2/WRNIP1/HMCES/REXO2/HELLS/RAD51/PLD4/FEN1/MSH5/POLD3/MPG/EXO1/MCM2/BRIP1/CHRAC1/MCM4/NAV2/MYD88/SLX1B/MCM5/SLX1A/POLE2/RAD54L/ERCC1/MCM7/MUS81/DNA2/POLQ/SRCAP/UPF1/N4BP2/SMARCA4/TOP2B/RFC3/INO80/TET3/DDX11/RAD54L2/POLD1/LIG1/GEN1/DMC1/EXO5/PDS5A/RFC5/OGG1,up,FALSE
GOMF_FUCOSYLTRANSFERASE_ACTIVITY,GOMF_FUCOSYLTRANSFERASE_ACTIVITY,GO_MF,CD8,SF_vs_PB_CD8,-0.969814752,-0.434575532,0.498796174,0.789341654,7,3,FUT10/FUT7/FUT11,down,FALSE
GOMF_OXIDOREDUCTASE_ACTIVITY_ACTING_ON_NAD_P_H_QUINONE_OR_SIMILAR_COMPOUND_AS_ACCEPTOR,GOMF_OXIDOREDUCTASE_ACTIVITY_ACTING_ON_NAD_P_H_QUINONE_OR_SIMILAR_COMPOUND_AS_ACCEPTOR,GO_MF,CD8,SF_vs_PB_CD8,-0.965741905,-0.35032014,0.499149988,0.789341654,14,2,CBR4/AKR1C3,down,FALSE
GOMF_STEROL_BINDING,GOMF_STEROL_BINDING,GO_MF,CD8,SF_vs_PB_CD8,-0.973679244,-0.252782959,0.499572572,0.789341654,54,10,SIDT1/OSBPL1A/ABCA1/OSBPL9/EPHX1/OSBPL5/RORA/PTCH1/RORC/GPR141,down,FALSE
GOMF_ADP_TRANSMEMBRANE_TRANSPORTER_ACTIVITY,GOMF_ADP_TRANSMEMBRANE_TRANSPORTER_ACTIVITY,GO_MF,CD8,SF_vs_PB_CD8,-0.964171433,-0.399107539,0.499933979,0.789341654,9,3,SLC25A23/SLC25A4/SLC25A6,down,FALSE
GOMF_MINUS_END_DIRECTED_MICROTUBULE_MOTOR_ACTIVITY,GOMF_MINUS_END_DIRECTED_MICROTUBULE_MOTOR_ACTIVITY,GO_MF,CD8,SF_vs_PB_CD8,0.97663397,0.453049011,0.500528767,0.789341654,7,2,DYNC2H1/DYNC1H1,up,FALSE
GOMF_BETA_1_3_GALACTOSYLTRANSFERASE_ACTIVITY,GOMF_BETA_1_3_GALACTOSYLTRANSFERASE_ACTIVITY,GO_MF,CD8,SF_vs_PB_CD8,-0.971187697,-0.456979698,0.50069753,0.789341654,6,3,B3GALNT1/C1GALT1/B3GALT2,down,FALSE
GOMF_TUMOR_NECROSIS_FACTOR_RECEPTOR_ACTIVITY,GOMF_TUMOR_NECROSIS_FACTOR_RECEPTOR_ACTIVITY,GO_MF,CD8,SF_vs_PB_CD8,0.973812485,0.434627434,0.501557288,0.789349135,8,5,FAS/TNFRSF18/TNFRSF4/TNFRSF19/TNFRSF1B,up,FALSE
GOMF_SERINE_TYPE_EXOPEPTIDASE_ACTIVITY,GOMF_SERINE_TYPE_EXOPEPTIDASE_ACTIVITY,GO_MF,CD8,SF_vs_PB_CD8,-0.963509565,-0.376043616,0.501845431,0.789349135,11,5,HPN/CTSA/PRCP/ACE/TPP2,down,FALSE
GOMF_RACEMASE_AND_EPIMERASE_ACTIVITY,GOMF_RACEMASE_AND_EPIMERASE_ACTIVITY,GO_MF,CD8,SF_vs_PB_CD8,0.969094849,0.350851525,0.503094092,0.790176765,17,3,FUOM/GALM/GPI,up,FALSE
GOMF_BMP_BINDING,GOMF_BMP_BINDING,GO_MF,CD8,SF_vs_PB_CD8,-0.965890288,-0.432816973,0.503936837,0.790176765,7,2,GREM2/TGFBR3,down,FALSE
GOMF_GUANYLYLTRANSFERASE_ACTIVITY,GOMF_GUANYLYLTRANSFERASE_ACTIVITY,GO_MF,CD8,SF_vs_PB_CD8,-0.963036671,-0.413822647,0.504088147,0.790176765,8,7,GDPGP1/ZBTB8OS/THG1L/RNGTT/GMPPA/GMPPB/RTCB,down,FALSE
GOMF_NUCLEOSIDE_TRANSMEMBRANE_TRANSPORTER_ACTIVITY,GOMF_NUCLEOSIDE_TRANSMEMBRANE_TRANSPORTER_ACTIVITY,GO_MF,CD8,SF_vs_PB_CD8,0.987562757,0.506687108,0.504934211,0.790605606,5,1,SLC29A1,up,FALSE
GOMF_ATPASE_COUPLED_LIPID_TRANSMEMBRANE_TRANSPORTER_ACTIVITY,GOMF_ATPASE_COUPLED_LIPID_TRANSMEMBRANE_TRANSPORTER_ACTIVITY,GO_MF,CD8,SF_vs_PB_CD8,0.986306646,0.506042638,0.506389897,0.790741743,5,2,ABCG1/ABCC1,up,FALSE
GOMF_HISTONE_H3K14AC_READER_ACTIVITY,GOMF_HISTONE_H3K14AC_READER_ACTIVITY,GO_MF,CD8,SF_vs_PB_CD8,-0.971263548,-0.483989343,0.506485236,0.790741743,5,2,SETDB1/ZMYND8,down,FALSE
GOMF_C_X_C_CHEMOKINE_BINDING,GOMF_C_X_C_CHEMOKINE_BINDING,GO_MF,CD8,SF_vs_PB_CD8,0.976933187,0.474250958,0.506787246,0.790741743,6,2,CXCR3/HMGB1,up,FALSE
GOMF_MYOSIN_II_BINDING,GOMF_MYOSIN_II_BINDING,GO_MF,CD8,SF_vs_PB_CD8,0.976586315,0.474082569,0.507311502,0.790741743,6,3,GSN/TRIOBP/LLGL1,up,FALSE
GOMF_OXIDOREDUCTASE_ACTIVITY_ACTING_ON_A_SULFUR_GROUP_OF_DONORS_OXYGEN_AS_ACCEPTOR,GOMF_OXIDOREDUCTASE_ACTIVITY_ACTING_ON_A_SULFUR_GROUP_OF_DONORS_OXYGEN_AS_ACCEPTOR,GO_MF,CD8,SF_vs_PB_CD8,0.96803958,0.432050898,0.509076501,0.792268592,8,3,SUOX/QSOX2/QSOX1,up,FALSE
GOMF_MITOGEN_ACTIVATED_PROTEIN_KINASE_KINASE_BINDING,GOMF_MITOGEN_ACTIVATED_PROTEIN_KINASE_KINASE_BINDING,GO_MF,CD8,SF_vs_PB_CD8,0.965848823,0.416298605,0.509438458,0.792268592,9,4,TRIB1/PIN1/TRIB3/TAOK2,up,FALSE
GOMF_ATP_DEPENDENT_PROTEIN_DISAGGREGASE_ACTIVITY,GOMF_ATP_DEPENDENT_PROTEIN_DISAGGREGASE_ACTIVITY,GO_MF,CD8,SF_vs_PB_CD8,0.973817724,0.47273856,0.510756614,0.793425066,6,1,HSPA1A,up,FALSE
GOMF_TRNA_PSEUDOURIDINE_SYNTHASE_ACTIVITY,GOMF_TRNA_PSEUDOURIDINE_SYNTHASE_ACTIVITY,GO_MF,CD8,SF_vs_PB_CD8,-0.956604127,-0.411058544,0.512330025,0.794975016,8,5,PUS1/PUS3/TRUB2/TRUB1/RPUSD4,down,FALSE
GOMF_TRANSITION_METAL_ION_TRANSMEMBRANE_TRANSPORTER_ACTIVITY,GOMF_TRANSITION_METAL_ION_TRANSMEMBRANE_TRANSPORTER_ACTIVITY,GO_MF,CD8,SF_vs_PB_CD8,0.964045056,0.295551044,0.513267755,0.795536218,34,12,MCOLN2/ATP13A1/SLC30A1/SLC25A28/SLC39A6/ATP2C1/SLC39A3/TRPM2/SLC31A1/SLC39A13/MCOLN1/SLC39A4,up,FALSE
GOMF_HYDROLASE_ACTIVITY_ACTING_ON_GLYCOSYL_BONDS,GOMF_HYDROLASE_ACTIVITY_ACTING_ON_GLYCOSYL_BONDS,GO_MF,CD8,SF_vs_PB_CD8,-0.968015144,-0.232528993,0.515811685,0.798076486,80,24,GANAB/NEIL2/MACROD1/CD38/DCTD/GANC/FUCA2/NTHL1/IL1RAP/EDEM3/NAGPA/OARD1/CHI3L2/ABHD10/NEIL1/IL1RL1/MAN1A2/EDEM2/MANBA/IL18R1/APEX1/IL18RAP/GALC/RPS3,down,FALSE
GOMF_PHOSPHATE_TRANSMEMBRANE_TRANSPORTER_ACTIVITY,GOMF_PHOSPHATE_TRANSMEMBRANE_TRANSPORTER_ACTIVITY,GO_MF,CD8,SF_vs_PB_CD8,0.957656281,0.372136162,0.516062492,0.798076486,13,5,SLC25A24/ANKH/XPR1/SLC25A25/UCP2,up,FALSE
GOMF_RIBONUCLEASE_INHIBITOR_ACTIVITY,GOMF_RIBONUCLEASE_INHIBITOR_ACTIVITY,GO_MF,CD8,SF_vs_PB_CD8,-0.960359119,-0.478555568,0.518245696,0.799852554,5,2,UBE3D/ABCE1,down,FALSE
GOMF_FRUCTOSE_TRANSMEMBRANE_TRANSPORTER_ACTIVITY,GOMF_FRUCTOSE_TRANSMEMBRANE_TRANSPORTER_ACTIVITY,GO_MF,CD8,SF_vs_PB_CD8,0.961576474,0.446064016,0.518952114,0.799852554,7,1,SLC2A8,up,FALSE
GOMF_CYSTEINE_TYPE_ENDOPEPTIDASE_ACTIVATOR_ACTIVITY,GOMF_CYSTEINE_TYPE_ENDOPEPTIDASE_ACTIVATOR_ACTIVITY,GO_MF,CD8,SF_vs_PB_CD8,0.958324922,0.400547215,0.519459469,0.799852554,10,5,APAF1/BAD/NLRP3/AIM2/TIMM50,up,FALSE
GOMF_HSP70_PROTEIN_BINDING,GOMF_HSP70_PROTEIN_BINDING,GO_MF,CD8,SF_vs_PB_CD8,-0.959787449,-0.265741435,0.520349924,0.799852554,40,6,ST13/DNAJA3/DNAJB9/CYP2E1/RPS3/ERN1,down,FALSE
GOMF_POLYAMINE_TRANSMEMBRANE_TRANSPORTER_ACTIVITY,GOMF_POLYAMINE_TRANSMEMBRANE_TRANSPORTER_ACTIVITY,GO_MF,CD8,SF_vs_PB_CD8,0.972449018,0.498932728,0.521721869,0.799852554,5,2,ATP13A3/ATP13A2,up,FALSE
GOMF_FOUR_WAY_JUNCTION_HELICASE_ACTIVITY,GOMF_FOUR_WAY_JUNCTION_HELICASE_ACTIVITY,GO_MF,CD8,SF_vs_PB_CD8,0.964254238,0.468095978,0.522028123,0.799852554,6,2,RECQL/RECQL4,up,FALSE
GOMF_AP_1_ADAPTOR_COMPLEX_BINDING,GOMF_AP_1_ADAPTOR_COMPLEX_BINDING,GO_MF,CD8,SF_vs_PB_CD8,-0.956743049,-0.476753648,0.522066784,0.799852554,5,2,AP1AR/LDLRAP1,down,FALSE
GOMF_QUINONE_BINDING,GOMF_QUINONE_BINDING,GO_MF,CD8,SF_vs_PB_CD8,-0.94899522,-0.3606723,0.522763551,0.799852554,12,7,SDHD/COQ10B/COQ10A/HSD17B8/MT-ND4/ETFDH/CBR4,down,FALSE
GOMF_CLATHRIN_BINDING,GOMF_CLATHRIN_BINDING,GO_MF,CD8,SF_vs_PB_CD8,-0.95663177,-0.280897799,0.523588104,0.799852554,31,5,NCALD/CLINT1/CD2AP/LDLRAP1/NSG1,down,FALSE
GOMF_INTRAMOLECULAR_OXIDOREDUCTASE_ACTIVITY_INTERCONVERTING_ALDOSES_AND_KETOSES,GOMF_INTRAMOLECULAR_OXIDOREDUCTASE_ACTIVITY_INTERCONVERTING_ALDOSES_AND_KETOSES,GO_MF,CD8,SF_vs_PB_CD8,-0.950787409,-0.447380609,0.52389844,0.799852554,6,2,RPIA/MPI,down,FALSE
GOMF_ACETYLTRANSFERASE_ACTIVITY,GOMF_ACETYLTRANSFERASE_ACTIVITY,GO_MF,CD8,SF_vs_PB_CD8,0.965126261,0.250680206,0.524043303,0.799852554,79,30,HGSNAT/BLOC1S1/BRCA2/FASN/ESCO2/LPCAT2/PAFAH1B3/NCOA1/EP300/GTF3C4/NAGS/PAFAH1B2/ACAT2/NAA50/KAT2B/PHF10/NCOA3/LPCAT4/BRD1/KAT6A/LCAT/MEAF6/CASD1/SMARCE1/USP22/TAF10/HAT1/NAT14/TAF1L/GNPAT,up,FALSE
GOMF_INOSITOL_TETRAKISPHOSPHATE_PHOSPHATASE_ACTIVITY,GOMF_INOSITOL_TETRAKISPHOSPHATE_PHOSPHATASE_ACTIVITY,GO_MF,CD8,SF_vs_PB_CD8,-0.950515656,-0.447252739,0.524220376,0.799852554,6,3,INPP5D/INPP5B/MINPP1,down,FALSE
GOMF_LYASE_ACTIVITY,GOMF_LYASE_ACTIVITY,GO_MF,CD8,SF_vs_PB_CD8,0.967997974,0.232939121,0.525284799,0.799852554,130,42,RNASE4/RSAD2/ADCY3/ENO2/GLDC/ALOX5AP/POLG/NEIL3/ENO1/PCK2/ASL/FASN/HMGB1/MGST3/TPI1/RNASE1/ADCY7/EHHADH/PCBD1/PAM/MVD/PTGIS/HMCES/MGST2/FECH/ODC1/SDS/LTC4S/ILVBL/CHAC2/POLQ/PTS/TBXAS1/ALDOC/ADCY4/ALDOA/COQ4/OGDH/PARK7/OGG1/GSTM4/PDXDC1,up,FALSE
GOMF_UBIQUITIN_LIKE_PROTEIN_PEPTIDASE_ACTIVITY,GOMF_UBIQUITIN_LIKE_PROTEIN_PEPTIDASE_ACTIVITY,GO_MF,CD8,SF_vs_PB_CD8,0.965734672,0.243444528,0.525402228,0.799852554,95,48,USP18/ZC3H12A/TANK/USP25/JOSD1/USP35/JOSD2/CYLD/USP24/ZRANB1/OTUB2/PSMD14/UFSP2/OTUD1/PSMD7/OTUD7B/USP12/USP1/OTUD5/ATXN3/USP32/USP3/BAP1/OTUD4/USP31/USP54/STAMBP/USP22/USP37/USP5/USP9Y/USP9X/SENP2/USP49/USP38/SENP5/USP7/SENP7/UCHL3/MYSM1/USP8/USP4/USP20/USP15/USP42/STAMBPL1/USP27X/USP16,up,FALSE
GOMF_RNA_POLYMERASE_II_CTD_HEPTAPEPTIDE_REPEAT_KINASE_ACTIVITY,GOMF_RNA_POLYMERASE_II_CTD_HEPTAPEPTIDE_REPEAT_KINASE_ACTIVITY,GO_MF,CD8,SF_vs_PB_CD8,0.949554129,0.377272443,0.52589871,0.799852554,12,3,CDK1/MAPK1/CDK13,up,FALSE
GOMF_NUCLEOSIDE_DIPHOSPHATE_PHOSPHATASE_ACTIVITY,GOMF_NUCLEOSIDE_DIPHOSPHATE_PHOSPHATASE_ACTIVITY,GO_MF,CD8,SF_vs_PB_CD8,0.949387548,0.36892301,0.526734946,0.800243081,13,4,ENTPD1/CANT1/NUDT16/NUDT5,up,FALSE
GOMF_MAP_KINASE_KINASE_KINASE_ACTIVITY,GOMF_MAP_KINASE_KINASE_KINASE_ACTIVITY,GO_MF,CD8,SF_vs_PB_CD8,-0.947214809,-0.311697807,0.528687567,0.802326956,20,5,MAP3K7/MAP3K1/MAP3K4/MAP3K8/RIPK2,down,FALSE
GOMF_SIALIC_ACID_BINDING,GOMF_SIALIC_ACID_BINDING,GO_MF,CD8,SF_vs_PB_CD8,-0.940133049,-0.377089904,0.530858448,0.803450016,10,3,SELL/SIGLEC9/SIGLEC7,down,FALSE
GOMF_PROTEIN_PRENYLTRANSFERASE_ACTIVITY,GOMF_PROTEIN_PRENYLTRANSFERASE_ACTIVITY,GO_MF,CD8,SF_vs_PB_CD8,-0.944307228,-0.42314557,0.531093421,0.803450016,7,5,RABGGTB/PGGT1B/FNTB/CHM/FNTA,down,FALSE
GOMF_MACROMOLECULE_TRANSMEMBRANE_TRANSPORTER_ACTIVITY,GOMF_MACROMOLECULE_TRANSMEMBRANE_TRANSPORTER_ACTIVITY,GO_MF,CD8,SF_vs_PB_CD8,-0.949313145,-0.288868444,0.531172965,0.803450016,27,7,SLC15A4/SIDT1/ABCA1/SEC61A1/TOMM20/TOMM7/TOMM22,down,FALSE
GOMF_TRANSFERRIN_RECEPTOR_BINDING,GOMF_TRANSFERRIN_RECEPTOR_BINDING,GO_MF,CD8,SF_vs_PB_CD8,0.948130114,0.423164998,0.533421795,0.805968817,8,6,CD81/IKBKG/SNX1/SNX4/IKBKB/CHUK,up,FALSE
GOMF_NUCLEAR_ESTROGEN_RECEPTOR_BINDING,GOMF_NUCLEAR_ESTROGEN_RECEPTOR_BINDING,GO_MF,CD8,SF_vs_PB_CD8,-0.946541343,-0.282963422,0.53816481,0.812246561,29,5,PAGR1/LEF1/XBP1/PHB2/NRIP1,down,FALSE
GOMF_PHOSPHATIDYLCHOLINE_FLOPPASE_ACTIVITY,GOMF_PHOSPHATIDYLCHOLINE_FLOPPASE_ACTIVITY,GO_MF,CD8,SF_vs_PB_CD8,0.943392155,0.437628524,0.540715041,0.815204663,7,2,ABCG1/ATP8B2,up,FALSE
GOMF_PHOSPHATIDYLINOSITOL_PHOSPHATE_4_PHOSPHATASE_ACTIVITY,GOMF_PHOSPHATIDYLINOSITOL_PHOSPHATE_4_PHOSPHATASE_ACTIVITY,GO_MF,CD8,SF_vs_PB_CD8,-0.934575979,-0.418784982,0.542264061,0.815856847,7,3,SACM1L/SYNJ2/INPP4A,down,FALSE
GOMF_NATURAL_KILLER_CELL_LECTIN_LIKE_RECEPTOR_BINDING,GOMF_NATURAL_KILLER_CELL_LECTIN_LIKE_RECEPTOR_BINDING,GO_MF,CD8,SF_vs_PB_CD8,0.942243301,0.437095585,0.542329171,0.815856847,7,3,ULBP2/CLEC2B/MICA,up,FALSE
GOMF_SINGLE_STRANDED_DNA_BINDING,GOMF_SINGLE_STRANDED_DNA_BINDING,GO_MF,CD8,SF_vs_PB_CD8,0.95892581,0.23568122,0.542948504,0.815899765,112,29,SMC4/SMC6/NEIL3/BRCA2/MCM6/SUB1/XPC/HMGB1/TREX1/RAD51AP1/RECQL/SMC2/RECQL4/PCBP1/RTF1/MLH1/RPA3/MCM3/SSBP4/HMGB2/HMCES/RAD51/CDC45/MCM2/MCM4/MCM5/RAD54L/ERCC1/MCM7,up,FALSE
GOMF_TRANSLATION_ACTIVATOR_ACTIVITY,GOMF_TRANSLATION_ACTIVATOR_ACTIVITY,GO_MF,CD8,SF_vs_PB_CD8,-0.930849393,-0.399991581,0.544204451,0.816898203,8,5,ABCF1/DHX29/CTIF/PAIP1/PABPC1,down,FALSE
GOMF_PROTEIN_SERINE_THREONINE_PHOSPHATASE_INHIBITOR_ACTIVITY,GOMF_PROTEIN_SERINE_THREONINE_PHOSPHATASE_INHIBITOR_ACTIVITY,GO_MF,CD8,SF_vs_PB_CD8,0.944424522,0.458469668,0.544964332,0.817025797,6,1,PPP1R14B,up,FALSE
GOMF_LIGAND_GATED_MONOATOMIC_ANION_CHANNEL_ACTIVITY,GOMF_LIGAND_GATED_MONOATOMIC_ANION_CHANNEL_ACTIVITY,GO_MF,CD8,SF_vs_PB_CD8,-0.928974991,-0.372614377,0.54547269,0.817025797,10,3,P2RX5/TTYH2/SLC1A7,down,FALSE
GOMF_OXIDOREDUCTASE_ACTIVITY_ACTING_ON_THE_CH_CH_GROUP_OF_DONORS_NAD_OR_NADP_AS_ACCEPTOR,GOMF_OXIDOREDUCTASE_ACTIVITY_ACTING_ON_THE_CH_CH_GROUP_OF_DONORS_NAD_OR_NADP_AS_ACCEPTOR,GO_MF,CD8,SF_vs_PB_CD8,-0.938287751,-0.290998061,0.546188362,0.817211406,25,9,PTGES2/DECR1/SRD5A3/LBR/PTGR2/DPYD/DUS3L/TM7SF2/AKR1C3,down,FALSE
GOMF_L_GLUTAMATE_TRANSMEMBRANE_TRANSPORTER_ACTIVITY,GOMF_L_GLUTAMATE_TRANSMEMBRANE_TRANSPORTER_ACTIVITY,GO_MF,CD8,SF_vs_PB_CD8,0.93714462,0.418262004,0.547096441,0.817684183,8,2,SLC1A1/SLC1A4,up,FALSE
GOMF_RNA_CAP_BINDING,GOMF_RNA_CAP_BINDING,GO_MF,CD8,SF_vs_PB_CD8,-0.933344388,-0.316096756,0.548007141,0.818159851,18,7,CYFIP2/MCTS1/GEMIN5/EIF4A1/NCBP2/SNUPN/EIF3D,down,FALSE
GOMF_PHOSPHATIDYLINOSITOL_3_5_BISPHOSPHATE_PHOSPHATASE_ACTIVITY,GOMF_PHOSPHATIDYLINOSITOL_3_5_BISPHOSPHATE_PHOSPHATASE_ACTIVITY,GO_MF,CD8,SF_vs_PB_CD8,0.933630699,0.35607365,0.548759976,0.818330354,14,10,INPP5E/MTMR1/FIG4/MTMR3/SYNJ1/PIKFYVE/MTM1/MTMR6/MTMR2/MTMR14,up,FALSE
GOMF_G_PROTEIN_BETA_SUBUNIT_BINDING,GOMF_G_PROTEIN_BETA_SUBUNIT_BINDING,GO_MF,CD8,SF_vs_PB_CD8,0.932415261,0.379091397,0.549306472,0.818330354,11,6,F2R/GNG5/GNG2/RASD1/RASD2/GNG4,up,FALSE
GOMF_XENOBIOTIC_TRANSMEMBRANE_TRANSPORTER_ACTIVITY,GOMF_XENOBIOTIC_TRANSMEMBRANE_TRANSPORTER_ACTIVITY,GO_MF,CD8,SF_vs_PB_CD8,0.934931535,0.328986115,0.550782072,0.819644441,19,9,SLC2A1/ABCC1/SLC31A1/RALBP1/ABCA3/ABCC4/ABCC10/SLC43A3/SLC46A1,up,FALSE
GOMF_JUN_KINASE_KINASE_KINASE_ACTIVITY,GOMF_JUN_KINASE_KINASE_KINASE_ACTIVITY,GO_MF,CD8,SF_vs_PB_CD8,-0.926316268,-0.415083792,0.55224172,0.820931986,7,2,LRRK2/RIPK2,down,FALSE
GOMF_CLASS_I_DNA_APURINIC_OR_APYRIMIDINIC_SITE_ENDONUCLEASE_ACTIVITY,GOMF_CLASS_I_DNA_APURINIC_OR_APYRIMIDINIC_SITE_ENDONUCLEASE_ACTIVITY,GO_MF,CD8,SF_vs_PB_CD8,-0.921880287,-0.396137502,0.555244633,0.824508428,8,4,NEIL2/NTHL1/NEIL1/RPS3,down,FALSE
GOMF_N_METHYLTRANSFERASE_ACTIVITY,GOMF_N_METHYLTRANSFERASE_ACTIVITY,GO_MF,CD8,SF_vs_PB_CD8,-0.948119775,-0.232788393,0.557952645,0.82608272,71,32,DIMT1/NSD1/METTL22/SETD6/SMYD5/RNMT/METTL9/PRMT2/PRMT1/EHMT1/PRMT7/ASH1L/SETD3/PRMT3/METTL23/METTL13/SETMAR/THUMPD3/EHMT2/ZCCHC4/PRMT5/METTL21A/TRMT11/TFB2M/TRMT1L/TRMT1/CAMKMT/SETDB1/SMYD3/HEMK1/VCPKMT/FBL,down,FALSE
GOMF_HISTONE_H3K4_DEMETHYLASE_ACTIVITY,GOMF_HISTONE_H3K4_DEMETHYLASE_ACTIVITY,GO_MF,CD8,SF_vs_PB_CD8,0.933137236,0.45299027,0.558052014,0.82608272,6,3,KDM5B/KDM5C/KDM1B,up,FALSE
GOMF_ALCOHOL_DEHYDROGENASE_NADPPLUS_ACTIVITY,GOMF_ALCOHOL_DEHYDROGENASE_NADPPLUS_ACTIVITY,GO_MF,CD8,SF_vs_PB_CD8,-0.928450381,-0.305523039,0.558099332,0.82608272,20,4,AKR1B1/AKR7A2/RDH14/AKR1C3,down,FALSE
GOMF_3_5_CYCLIC_NUCLEOTIDE_PHOSPHODIESTERASE_ACTIVITY,GOMF_3_5_CYCLIC_NUCLEOTIDE_PHOSPHODIESTERASE_ACTIVITY,GO_MF,CD8,SF_vs_PB_CD8,0.925795319,0.367832703,0.559109574,0.826691994,12,4,PDE4A/PDE4B/PDE7B/PDE1B,up,FALSE
GOMF_HISTONE_H3_METHYLTRANSFERASE_ACTIVITY,GOMF_HISTONE_H3_METHYLTRANSFERASE_ACTIVITY,GO_MF,CD8,SF_vs_PB_CD8,0.935563495,0.281610693,0.561153135,0.828826181,37,10,PRDM8/EZH2/KMT2A/KMT2D/SETD1B/DOT1L/KMT2C/WDR5/KMT2B/EZH1,up,FALSE
GOMF_G_PROTEIN_COUPLED_GLUTAMATE_RECEPTOR_BINDING,GOMF_G_PROTEIN_COUPLED_GLUTAMATE_RECEPTOR_BINDING,GO_MF,CD8,SF_vs_PB_CD8,0.929808864,0.451374516,0.56217117,0.829442719,6,3,ADORA2A/PRNP/CALM3,up,FALSE
GOMF_CALCIUM_INDEPENDENT_PHOSPHOLIPASE_A2_ACTIVITY,GOMF_CALCIUM_INDEPENDENT_PHOSPHOLIPASE_A2_ACTIVITY,GO_MF,CD8,SF_vs_PB_CD8,0.935060519,0.479749876,0.564333787,0.830485569,5,2,PLA2G15/PNPLA8,up,FALSE
GOMF_NAD_BINDING,GOMF_NAD_BINDING,GO_MF,CD8,SF_vs_PB_CD8,-0.939776108,-0.24906801,0.56453472,0.830485569,49,13,NDUFV1/SORD/QDPR/HSD17B8/SIRT5/GLYR1/HIBADH/ME2/HPGD/CTBP2/ME1/SIRT4/LDHB,down,FALSE
GOMF_DNA_DNA_TETHERING_ACTIVITY,GOMF_DNA_DNA_TETHERING_ACTIVITY,GO_MF,CD8,SF_vs_PB_CD8,0.928045189,0.450518342,0.564848621,0.830485569,6,2,CTCF/AHDC1,up,FALSE
GOMF_ARRESTIN_FAMILY_PROTEIN_BINDING,GOMF_ARRESTIN_FAMILY_PROTEIN_BINDING,GO_MF,CD8,SF_vs_PB_CD8,-0.918305593,-0.457599919,0.56598807,0.830485569,5,3,CREB1/ARRB1/ITCH,down,FALSE
GOMF_FIBROBLAST_GROWTH_FACTOR_BINDING,GOMF_FIBROBLAST_GROWTH_FACTOR_BINDING,GO_MF,CD8,SF_vs_PB_CD8,0.921061473,0.338894889,0.566434558,0.830485569,16,4,CXCL13/GPC1/FIBP/FGFRL1,up,FALSE
GOMF_APOLIPOPROTEIN_A_I_BINDING,GOMF_APOLIPOPROTEIN_A_I_BINDING,GO_MF,CD8,SF_vs_PB_CD8,-0.917588585,-0.457242627,0.566561233,0.830485569,5,3,SCARB1/ABCA1/HSPD1,down,FALSE
GOMF_HISTONE_H4K16_ACETYLTRANSFERASE_ACTIVITY,GOMF_HISTONE_H4K16_ACETYLTRANSFERASE_ACTIVITY,GO_MF,CD8,SF_vs_PB_CD8,-0.912383245,-0.392056566,0.567203008,0.830485569,8,6,KAT5/ING3/KAT7/JADE1/ING4/KAT8,down,FALSE
GOMF_NUCLEASE_INHIBITOR_ACTIVITY,GOMF_NUCLEASE_INHIBITOR_ACTIVITY,GO_MF,CD8,SF_vs_PB_CD8,-0.91303813,-0.429618178,0.567703303,0.830485569,6,3,DFFA/UBE3D/ABCE1,down,FALSE
GOMF_NUCLEOTIDYLTRANSFERASE_ACTIVITY,GOMF_NUCLEOTIDYLTRANSFERASE_ACTIVITY,GO_MF,CD8,SF_vs_PB_CD8,0.947906451,0.230829688,0.570231649,0.830485569,119,28,OASL/OAS3/OAS1/CDS2/POLG/UAP1L1/PARP4/TEP1/POLR2K/POLK/PARP12/ADCY7/PARP9/PCYT1A/PARP14/POLE/CMAS/TNKS2/ABL1/OAS2/PAPSS1/POLD3/NUDT5/CHRAC1/POLRMT/POLE2/MED20/POLQ,up,FALSE
GOMF_DYSTROGLYCAN_BINDING,GOMF_DYSTROGLYCAN_BINDING,GO_MF,CD8,SF_vs_PB_CD8,0.918200461,0.395761285,0.570632652,0.830485569,9,6,PLEC/DAG1/CLASP1/SNTA1/AGRN/DMD,up,FALSE
GOMF_IMMUNOGLOBULIN_BINDING,GOMF_IMMUNOGLOBULIN_BINDING,GO_MF,CD8,SF_vs_PB_CD8,0.917334502,0.343400873,0.571260411,0.830485569,15,6,LGALS3/C1QA/C1QB/C1QC/FCGR1A/FCER1A,up,FALSE
GOMF_DNA_DIRECTED_DNA_POLYMERASE_ACTIVITY,GOMF_DNA_DIRECTED_DNA_POLYMERASE_ACTIVITY,GO_MF,CD8,SF_vs_PB_CD8,0.92293808,0.313019027,0.571801385,0.830485569,22,8,POLG/POLK/POLE/POLD3/CHRAC1/POLE2/POLQ/POLD1,up,FALSE
GOMF_BETA_2_MICROGLOBULIN_BINDING,GOMF_BETA_2_MICROGLOBULIN_BINDING,GO_MF,CD8,SF_vs_PB_CD8,-0.909311793,-0.364727415,0.57201783,0.830485569,10,3,HFE/HLA-E/FCGRT,down,FALSE
GOMF_PHOSPHATASE_ACTIVATOR_ACTIVITY,GOMF_PHOSPHATASE_ACTIVATOR_ACTIVITY,GO_MF,CD8,SF_vs_PB_CD8,-0.922290022,-0.289117532,0.572080702,0.830485569,24,5,IGFBP3/SLC39A10/PPP2R5C/HSP90AB1/PLEK,down,FALSE
GOMF_NUCLEAR_STEROID_RECEPTOR_ACTIVITY,GOMF_NUCLEAR_STEROID_RECEPTOR_ACTIVITY,GO_MF,CD8,SF_vs_PB_CD8,0.916530907,0.34310005,0.572419697,0.830485569,15,4,PAQR8/RXRA/PPARA/ABHD2,up,FALSE
GOMF_HISTONE_H3_ACETYLTRANSFERASE_ACTIVITY,GOMF_HISTONE_H3_ACETYLTRANSFERASE_ACTIVITY,GO_MF,CD8,SF_vs_PB_CD8,0.915793367,0.336956545,0.573840784,0.830485569,16,7,BRCA2/EP300/GTF3C4/KAT2B/BRD1/KAT6A/MEAF6,up,FALSE
GOMF_HEAT_SHOCK_PROTEIN_BINDING,GOMF_HEAT_SHOCK_PROTEIN_BINDING,GO_MF,CD8,SF_vs_PB_CD8,-0.94914015,-0.218264547,0.574647482,0.830485569,103,12,DNAJA3/GBP1/BAG2/HSP90AB1/TFAM/ITGAM/DNAJB9/CYP2E1/HSPA5/SPN/RPS3/ERN1,down,FALSE
GOMF_ACETYLCHOLINE_RECEPTOR_BINDING,GOMF_ACETYLCHOLINE_RECEPTOR_BINDING,GO_MF,CD8,SF_vs_PB_CD8,0.914768092,0.424350158,0.574667434,0.830485569,7,4,LY6E/RER1/UBXN2A/DLG4,up,FALSE
GOMF_MHC_CLASS_I_PROTEIN_BINDING,GOMF_MHC_CLASS_I_PROTEIN_BINDING,GO_MF,CD8,SF_vs_PB_CD8,0.917432771,0.332147763,0.57467252,0.830485569,17,6,CD8A/TAP1/TUBB4B/TAPBP/CD8B/KLRC4-KLRK1,up,FALSE
GOMF_CROSSOVER_JUNCTION_DNA_ENDONUCLEASE_ACTIVITY,GOMF_CROSSOVER_JUNCTION_DNA_ENDONUCLEASE_ACTIVITY,GO_MF,CD8,SF_vs_PB_CD8,0.914233733,0.408036524,0.575127624,0.830485569,8,4,SLX1B/SLX1A/MUS81/GEN1,up,FALSE
GOMF_DEOXYRIBONUCLEOTIDE_BINDING,GOMF_DEOXYRIBONUCLEOTIDE_BINDING,GO_MF,CD8,SF_vs_PB_CD8,0.92483536,0.474503672,0.575506655,0.830485569,5,2,DCTPP1/TREX1,up,FALSE
GOMF_HISTONE_KINASE_ACTIVITY,GOMF_HISTONE_KINASE_ACTIVITY,GO_MF,CD8,SF_vs_PB_CD8,0.919960198,0.308969186,0.576848875,0.831153919,23,6,PKM/CDK1/PRKACA/CDK2/AURKA/CHEK1,up,FALSE
GOMF_MYOSIN_V_BINDING,GOMF_MYOSIN_V_BINDING,GO_MF,CD8,SF_vs_PB_CD8,0.912732971,0.354679389,0.577173504,0.831153919,13,3,RAB27A/RAB11A/RAB10,up,FALSE
GOMF_ASPARTIC_ENDOPEPTIDASE_ACTIVITY_INTRAMEMBRANE_CLEAVING,GOMF_ASPARTIC_ENDOPEPTIDASE_ACTIVITY_INTRAMEMBRANE_CLEAVING,GO_MF,CD8,SF_vs_PB_CD8,0.91693642,0.445125604,0.578217154,0.831789469,6,3,PSEN1/SPPL3/SPPL2A,up,FALSE
GOMF_POLY_A_SPECIFIC_RIBONUCLEASE_ACTIVITY,GOMF_POLY_A_SPECIFIC_RIBONUCLEASE_ACTIVITY,GO_MF,CD8,SF_vs_PB_CD8,-0.90604512,-0.353616088,0.578861425,0.831849769,11,6,CNOT2/CNOT8/PDE12/PARN/CNOT7/PAN2,down,FALSE
GOMF_PROTON_CHANNEL_ACTIVITY,GOMF_PROTON_CHANNEL_ACTIVITY,GO_MF,CD8,SF_vs_PB_CD8,-0.902768773,-0.387925169,0.579598618,0.832043339,8,2,MT-ATP6/HVCN1,down,FALSE
GOMF_PHOSPHATIDYLGLYCEROL_BINDING,GOMF_PHOSPHATIDYLGLYCEROL_BINDING,GO_MF,CD8,SF_vs_PB_CD8,0.909530173,0.36137031,0.580595778,0.832609315,12,2,PLEKHN1/PITPNA,up,FALSE
GOMF_3_5_EXONUCLEASE_ACTIVITY,GOMF_3_5_EXONUCLEASE_ACTIVITY,GO_MF,CD8,SF_vs_PB_CD8,0.925999059,0.260783966,0.584618908,0.83743613,51,12,HELZ2/NME7/ERI1/POLG/ISG20/TREX1/CNOT6/POLE/REXO2/EXOSC10/EXOSC9/POLRMT,up,FALSE
GOMF_NUCLEAR_EXPORT_SIGNAL_RECEPTOR_ACTIVITY,GOMF_NUCLEAR_EXPORT_SIGNAL_RECEPTOR_ACTIVITY,GO_MF,CD8,SF_vs_PB_CD8,-0.899405739,-0.36075407,0.58541237,0.83743613,10,9,RAN/XPO7/XPO5/CSE1L/XPO1/NUP214/XPO6/CALR/XPO4,down,FALSE
GOMF_ATP_DEPENDENT_PROTEIN_BINDING,GOMF_ATP_DEPENDENT_PROTEIN_BINDING,GO_MF,CD8,SF_vs_PB_CD8,0.90609526,0.420326933,0.585780812,0.83743613,7,2,STX1A/DNAJC5,up,FALSE
GOMF_EPIDERMAL_GROWTH_FACTOR_RECEPTOR_BINDING,GOMF_EPIDERMAL_GROWTH_FACTOR_RECEPTOR_BINDING,GO_MF,CD8,SF_vs_PB_CD8,0.912963292,0.306619271,0.587277309,0.838707305,23,5,HIP1/PLSCR1/TNK2/CCDC88A/VAV2,up,FALSE
GOMF_CARBOHYDRATE_MONOATOMIC_CATION_SYMPORTER_ACTIVITY,GOMF_CARBOHYDRATE_MONOATOMIC_CATION_SYMPORTER_ACTIVITY,GO_MF,CD8,SF_vs_PB_CD8,0.903481194,0.419114299,0.58882354,0.839219788,7,3,SLC17A5/SLC45A4/SLC45A1,up,FALSE
GOMF_URIDYLYLTRANSFERASE_ACTIVITY,GOMF_URIDYLYLTRANSFERASE_ACTIVITY,GO_MF,CD8,SF_vs_PB_CD8,-0.897270273,-0.44711783,0.589041968,0.839219788,5,3,TUT1/GALT/UAP1,down,FALSE
GOMF_MOLECULAR_CONDENSATE_SCAFFOLD_ACTIVITY,GOMF_MOLECULAR_CONDENSATE_SCAFFOLD_ACTIVITY,GO_MF,CD8,SF_vs_PB_CD8,0.919590315,0.273827352,0.589844994,0.839219788,39,17,LGALS3/CEP112/WNK1/CDCA2/PGLYRP2/NUP153/SHISA5/FMR1/BRD3/NLRP3/ALKBH5/SOS1/PRNP/NEAT1/EZH1/MKI67/SQSTM1,up,FALSE
GOMF_TRANSFORMING_GROWTH_FACTOR_BETA_BINDING,GOMF_TRANSFORMING_GROWTH_FACTOR_BETA_BINDING,GO_MF,CD8,SF_vs_PB_CD8,-0.902740354,-0.321190568,0.590066919,0.839219788,15,2,TGFBR1/TGFBR3,down,FALSE
GOMF_BICARBONATE_MONOATOMIC_ANION_ANTIPORTER_ACTIVITY,GOMF_BICARBONATE_MONOATOMIC_ANION_ANTIPORTER_ACTIVITY,GO_MF,CD8,SF_vs_PB_CD8,0.901622514,0.418252079,0.591606523,0.839898002,7,3,SLC4A2/SLC4A8/SLC26A6,up,FALSE
GOMF_RNA_7_METHYLGUANOSINE_CAP_BINDING,GOMF_RNA_7_METHYLGUANOSINE_CAP_BINDING,GO_MF,CD8,SF_vs_PB_CD8,0.899834124,0.365844908,0.592093604,0.839898002,11,3,AGO2/LARP1/EIF4E2,up,FALSE
GOMF_HIGH_DENSITY_LIPOPROTEIN_PARTICLE_BINDING,GOMF_HIGH_DENSITY_LIPOPROTEIN_PARTICLE_BINDING,GO_MF,CD8,SF_vs_PB_CD8,-0.891286877,-0.38299133,0.593458966,0.839898002,8,5,APOL2/SCARB1/APOA1/ABCA1/HSPD1,down,FALSE
GOMF_HISTONE_MODIFYING_ACTIVITY,GOMF_HISTONE_MODIFYING_ACTIVITY,GO_MF,CD8,SF_vs_PB_CD8,0.944029753,0.218465972,0.594546507,0.839898002,175,64,PKM/PRDM8/CDK1/BARD1/BRCA2/DTX3L/JMJD6/HDAC10/FBXL19/PRKACA/KDM2B/PCGF3/CDK2/AURKA/TRIM37/EZH2/KMT2A/KMT2D/SETD1B/EP300/DOT1L/CHEK1/GTF3C4/NAA50/KAT2B/KDM5B/NTMT1/PHF10/KMT2C/NCOA3/BRCA1/WDR5/BRD1/BAZ1B/KMT2B/KAT6A/USP3/HUWE1/BAP1/MEAF6/KDM3B/HDAC6/EZH1/TP53BP1/RPS6KA4/AURKB/USP22/PCGF5/TAF10/SIRT2/BUB1/HAT1/TAF1L/KMT2E/SIRT6/USP49/KDM5C/KDM6B/KDM6A/TTLL12/SETD1A/HLTF/UBR2/SUV39H1,up,FALSE
GOMF_MAP_KINASE_KINASE_ACTIVITY,GOMF_MAP_KINASE_KINASE_ACTIVITY,GO_MF,CD8,SF_vs_PB_CD8,0.900861234,0.343575835,0.594782235,0.839898002,14,6,MAP2K2/MAPKAPK3/MAP3K9/MAP2K4/PBK/MAP2K1,up,FALSE
GOMF_O_ACYLTRANSFERASE_ACTIVITY,GOMF_O_ACYLTRANSFERASE_ACTIVITY,GO_MF,CD8,SF_vs_PB_CD8,0.915196843,0.273948474,0.59516738,0.839898002,38,13,AGPAT2/AGPAT3/MBOAT2/PLA2G15/LPCAT2/GPAT2/MBOAT7/LPCAT4/LCAT/AGPAT4/CASD1/SOAT2/DGAT1,up,FALSE
GOMF_U1_SNRNP_BINDING,GOMF_U1_SNRNP_BINDING,GO_MF,CD8,SF_vs_PB_CD8,-0.890624037,-0.399090047,0.595362558,0.839898002,7,3,SNRPA/RBM39/LEMD3,down,FALSE
GOMF_CYCLIC_NUCLEOTIDE_PHOSPHODIESTERASE_ACTIVITY,GOMF_CYCLIC_NUCLEOTIDE_PHOSPHODIESTERASE_ACTIVITY,GO_MF,CD8,SF_vs_PB_CD8,0.899510951,0.336728691,0.595409228,0.839898002,15,5,PDE4A/CNP/PDE4B/PDE7B/PDE1B,up,FALSE
GOMF_HISTONE_ACETYLTRANSFERASE_ACTIVITY,GOMF_HISTONE_ACETYLTRANSFERASE_ACTIVITY,GO_MF,CD8,SF_vs_PB_CD8,0.912846794,0.277944546,0.596971942,0.841243115,35,14,BRCA2/EP300/GTF3C4/NAA50/KAT2B/PHF10/NCOA3/BRD1/KAT6A/MEAF6/USP22/TAF10/HAT1/TAF1L,up,FALSE
GOMF_ATP_DEPENDENT_ACTIVITY_ACTING_ON_RNA,GOMF_ATP_DEPENDENT_ACTIVITY_ACTING_ON_RNA,GO_MF,CD8,SF_vs_PB_CD8,-0.930021125,-0.22902688,0.597827548,0.841590055,70,20,SETX/DDX41/DDX20/DDX10/DDX24/DHX37/DDX31/DDX56/DDX6/DDX28/EIF4A1/DDX21/DDX17/DDX5/DHX32/DDX3Y/DDX18/DDX55/EIF4A2/G3BP1,down,FALSE
GOMF_PHOSPHATIDYLSERINE_FLOPPASE_ACTIVITY,GOMF_PHOSPHATIDYLSERINE_FLOPPASE_ACTIVITY,GO_MF,CD8,SF_vs_PB_CD8,0.895963789,0.38617687,0.598636464,0.841870628,9,6,ATP8B3/ATP11B/ATP11A/ATP8A1/ABCA7/ATP11C,up,FALSE
GOMF_PEPTIDE_HORMONE_RECEPTOR_BINDING,GOMF_PEPTIDE_HORMONE_RECEPTOR_BINDING,GO_MF,CD8,SF_vs_PB_CD8,0.894902813,0.399408838,0.599878366,0.841916386,8,3,GNAS/PTHLH/GNAO1,up,FALSE
GOMF_OXIDATIVE_RNA_DEMETHYLASE_ACTIVITY,GOMF_OXIDATIVE_RNA_DEMETHYLASE_ACTIVITY,GO_MF,CD8,SF_vs_PB_CD8,-0.886030783,-0.380732755,0.600301692,0.841916386,8,3,FTO/ALKBH3/ALKBH7,down,FALSE
GOMF_INTERLEUKIN_17_RECEPTOR_ACTIVITY,GOMF_INTERLEUKIN_17_RECEPTOR_ACTIVITY,GO_MF,CD8,SF_vs_PB_CD8,-0.886580423,-0.41716885,0.600497929,0.841916386,6,3,IL6ST/IL17RE/IL17RC,down,FALSE
GOMF_CAMP_RESPONSE_ELEMENT_BINDING,GOMF_CAMP_RESPONSE_ELEMENT_BINDING,GO_MF,CD8,SF_vs_PB_CD8,0.893533358,0.36328321,0.601171854,0.84200642,11,2,JUN/ATF7,up,FALSE
GOMF_PHOTORECEPTOR_ACTIVITY,GOMF_PHOTORECEPTOR_ACTIVITY,GO_MF,CD8,SF_vs_PB_CD8,-0.884565635,-0.440786995,0.60347719,0.844378926,5,3,CRY1/CRY2/ELOVL4,down,FALSE
GOMF_GLYCOLIPID_BINDING,GOMF_GLYCOLIPID_BINDING,GO_MF,CD8,SF_vs_PB_CD8,0.900874269,0.299400632,0.605529858,0.845685463,24,8,ULBP2/PPT1/EPDR1/GPAA1/HSPA2/TPP1/PIGT/TREM2,up,FALSE
GOMF_CAMP_RESPONSE_ELEMENT_BINDING_PROTEIN_BINDING,GOMF_CAMP_RESPONSE_ELEMENT_BINDING_PROTEIN_BINDING,GO_MF,CD8,SF_vs_PB_CD8,-0.884921929,-0.354944575,0.605681591,0.845685463,10,2,CRTC3/SIK1,down,FALSE
GOMF_GLYCOSPHINGOLIPID_BINDING,GOMF_GLYCOSPHINGOLIPID_BINDING,GO_MF,CD8,SF_vs_PB_CD8,-0.881470598,-0.378773215,0.606248087,0.845685463,8,6,CLIP3/RTN4R/IL2/SELP/SELL/LYN,down,FALSE
GOMF_PHOSPHOLIPASE_ACTIVITY,GOMF_PHOSPHOLIPASE_ACTIVITY,GO_MF,CD8,SF_vs_PB_CD8,-0.924060507,-0.233131327,0.607579882,0.84643298,62,15,PLA2G10/SEC23IP/LYPLAL1/PLA2G2C/PLCL2/PDIA3/GDPD1/DDHD1/PLD6/PLCL1/PLA2G12A/ABHD8/PNPLA4/PLD1/PLCB1,down,FALSE
GOMF_ESTROGEN_RESPONSE_ELEMENT_BINDING,GOMF_ESTROGEN_RESPONSE_ELEMENT_BINDING,GO_MF,CD8,SF_vs_PB_CD8,-0.880186643,-0.41416034,0.608009787,0.84643298,6,1,NR3C2,down,FALSE
GOMF_CARBON_OXYGEN_LYASE_ACTIVITY,GOMF_CARBON_OXYGEN_LYASE_ACTIVITY,GO_MF,CD8,SF_vs_PB_CD8,-0.916872172,-0.244133763,0.610519868,0.847738654,48,20,ALAD/CDYL/NEIL2/PCBD2/HMGA1/ACO2/NTHL1/TGDS/UROS/L3HYPDH/AUH/ACO1/POLL/XRCC5/NEIL1/CA2/CA11/ENOSF1/HSD17B4/RPS3,down,FALSE
GOMF_STEROID_HYDROXYLASE_ACTIVITY,GOMF_STEROID_HYDROXYLASE_ACTIVITY,GO_MF,CD8,SF_vs_PB_CD8,-0.877714589,-0.437373057,0.61094954,0.847738654,5,4,CYP3A5/CYP46A1/CYP24A1/CYP2U1,down,FALSE
GOMF_NUCLEOSOME_BINDING,GOMF_NUCLEOSOME_BINDING,GO_MF,CD8,SF_vs_PB_CD8,0.912780187,0.254132357,0.61103601,0.847738654,54,18,MBD2/SMARCD2/EZH2/NAP1L4/ZNHIT1/CHD4/RNF169/EED/ACTL6A/CENPA/EZH1/SMARCC1/SAP30L/MBD3/SMARCA4/SUPT6H/SMARCE1/CABIN1,up,FALSE
GOMF_RNA_DNA_HYBRID_RIBONUCLEASE_ACTIVITY,GOMF_RNA_DNA_HYBRID_RIBONUCLEASE_ACTIVITY,GO_MF,CD8,SF_vs_PB_CD8,-0.876696922,-0.436865945,0.612265693,0.847738654,5,2,RNASEH1/APEX1,down,FALSE
GOMF_LOW_DENSITY_LIPOPROTEIN_PARTICLE_RECEPTOR_BINDING,GOMF_LOW_DENSITY_LIPOPROTEIN_PARTICLE_RECEPTOR_BINDING,GO_MF,CD8,SF_vs_PB_CD8,0.890457797,0.322381732,0.61227764,0.847738654,17,7,CLU/PICALM/CLTC/LRPAP1/AP2A1/APBB1/SACS,up,FALSE
GOMF_AMP_KINASE_ACTIVITY,GOMF_AMP_KINASE_ACTIVITY,GO_MF,CD8,SF_vs_PB_CD8,0.887721029,0.430943031,0.61263083,0.847738654,6,2,AK4/AK1,up,FALSE
GOMF_NF_KAPPAB_BINDING,GOMF_NF_KAPPAB_BINDING,GO_MF,CD8,SF_vs_PB_CD8,0.899096708,0.279408745,0.615119867,0.850303418,32,10,CDKN2A/COMMD8/ANXA4/NOTCH2/EP300/PSMA6/FOXP3/FAF1/RNF25/TP53BP2,up,FALSE
GOMF_APOLIPOPROTEIN_BINDING,GOMF_APOLIPOPROTEIN_BINDING,GO_MF,CD8,SF_vs_PB_CD8,0.884718663,0.351512316,0.615715727,0.850303418,12,5,LRP8/VLDLR/LILRB4/TREM2/LCAT,up,FALSE
GOMF_PROTEIN_ANTIGEN_BINDING,GOMF_PROTEIN_ANTIGEN_BINDING,GO_MF,CD8,SF_vs_PB_CD8,-0.873242784,-0.375237674,0.617200822,0.850632687,8,3,KLRC2/LCK/KLRD1,down,FALSE
GOMF_RIBOSOMAL_LARGE_SUBUNIT_BINDING,GOMF_RIBOSOMAL_LARGE_SUBUNIT_BINDING,GO_MF,CD8,SF_vs_PB_CD8,-0.88708886,-0.305438515,0.617869273,0.850632687,17,6,CPSF6/MRRF/NEMF/NMD3/GTPBP10/NPM1,down,FALSE
GOMF_PHOSPHATIDYLINOSITOL_TRANSFER_ACTIVITY,GOMF_PHOSPHATIDYLINOSITOL_TRANSFER_ACTIVITY,GO_MF,CD8,SF_vs_PB_CD8,0.882925191,0.343096368,0.61853599,0.850632687,13,3,PITPNA/PITPNM1/OSBPL11,up,FALSE
GOMF_NEUROTRANSMITTER_TRANSMEMBRANE_TRANSPORTER_ACTIVITY,GOMF_NEUROTRANSMITTER_TRANSMEMBRANE_TRANSPORTER_ACTIVITY,GO_MF,CD8,SF_vs_PB_CD8,0.8867943,0.454986011,0.618553388,0.850632687,5,1,SLC29A1,up,FALSE
GOMF_BICARBONATE_TRANSMEMBRANE_TRANSPORTER_ACTIVITY,GOMF_BICARBONATE_TRANSMEMBRANE_TRANSPORTER_ACTIVITY,GO_MF,CD8,SF_vs_PB_CD8,0.886876948,0.316460046,0.619573436,0.850632687,18,7,SLC4A2/SLC4A8/SLC4A11/SLC39A6/SLC26A6/SLC39A4/SLC4A7,up,FALSE
GOMF_BH_DOMAIN_BINDING,GOMF_BH_DOMAIN_BINDING,GO_MF,CD8,SF_vs_PB_CD8,0.885701695,0.45442543,0.619649879,0.850632687,5,1,MCL1,up,FALSE
GOMF_NEUROPEPTIDE_RECEPTOR_BINDING,GOMF_NEUROPEPTIDE_RECEPTOR_BINDING,GO_MF,CD8,SF_vs_PB_CD8,0.877871131,0.407234092,0.620902058,0.851505205,7,3,PMCH/GNAS/NMB,up,FALSE
GOMF_PHOSPHATIDYLINOSITOL_3_KINASE_INHIBITOR_ACTIVITY,GOMF_PHOSPHATIDYLINOSITOL_3_KINASE_INHIBITOR_ACTIVITY,GO_MF,CD8,SF_vs_PB_CD8,0.882934718,0.453005782,0.622769208,0.852188538,5,3,PIK3IP1/WDR81/WDR91,up,FALSE
GOMF_OXIDOREDUCTASE_ACTIVITY_ACTING_ON_THE_ALDEHYDE_OR_OXO_GROUP_OF_DONORS,GOMF_OXIDOREDUCTASE_ACTIVITY_ACTING_ON_THE_ALDEHYDE_OR_OXO_GROUP_OF_DONORS,GO_MF,CD8,SF_vs_PB_CD8,-0.889377246,-0.285283333,0.623224532,0.852188538,22,8,ALDH16A1/AKR1B1/ADH5/ALDH6A1/ALDH18A1/ALDH5A1/ALDH9A1/AKR1C3,down,FALSE
GOMF_VOLTAGE_GATED_CALCIUM_CHANNEL_ACTIVITY,GOMF_VOLTAGE_GATED_CALCIUM_CHANNEL_ACTIVITY,GO_MF,CD8,SF_vs_PB_CD8,0.879332918,0.341700445,0.623540385,0.852188538,13,6,RYR1/CACNB2/TPCN2/CACNB3/CATSPER1/NCS1,up,FALSE
GOMF_RNA_POLYMERASE_I_CORE_PROMOTER_SEQUENCE_SPECIFIC_DNA_BINDING,GOMF_RNA_POLYMERASE_I_CORE_PROMOTER_SEQUENCE_SPECIFIC_DNA_BINDING,GO_MF,CD8,SF_vs_PB_CD8,-0.86805395,-0.373008001,0.623868655,0.852188538,8,3,TBP/RRN3/UBTF,down,FALSE
GOMF_PHOSPHOTYROSINE_RESIDUE_BINDING,GOMF_PHOSPHOTYROSINE_RESIDUE_BINDING,GO_MF,CD8,SF_vs_PB_CD8,-0.903195178,-0.251325672,0.625461849,0.852772137,39,14,STAP1/LCK/ABL2/SOCS3/GRAP2/SHF/PIK3R1/GRAP/GRB2/YES1/FGR/LDLRAP1/PTPN6/ZAP70,down,FALSE
GOMF_GLUTATHIONE_DISULFIDE_OXIDOREDUCTASE_ACTIVITY,GOMF_GLUTATHIONE_DISULFIDE_OXIDOREDUCTASE_ACTIVITY,GO_MF,CD8,SF_vs_PB_CD8,0.876895778,0.425687926,0.625999363,0.852772137,6,1,CLIC1,up,FALSE
GOMF_MONOATOMIC_CATION_BICARBONATE_SYMPORTER_ACTIVITY,GOMF_MONOATOMIC_CATION_BICARBONATE_SYMPORTER_ACTIVITY,GO_MF,CD8,SF_vs_PB_CD8,-0.869129928,-0.34861036,0.627702748,0.852772137,10,5,SLC39A8/SLC39A14/SLC4A4/SLC39A10/SLC4A10,down,FALSE
GOMF_TRANSLATION_FACTOR_ACTIVITY_RNA_BINDING,GOMF_TRANSLATION_FACTOR_ACTIVITY_RNA_BINDING,GO_MF,CD8,SF_vs_PB_CD8,-0.883873675,-0.290854285,0.627996075,0.852772137,20,4,EIF1AX/EEF1D/EIF4A1/EIF2S3,down,FALSE
GOMF_COPPER_CHAPERONE_ACTIVITY,GOMF_COPPER_CHAPERONE_ACTIVITY,GO_MF,CD8,SF_vs_PB_CD8,0.871790808,0.389093596,0.629015315,0.852772137,8,2,SCO2/COX17,up,FALSE
GOMF_SPHINGOLIPID_TRANSFER_ACTIVITY,GOMF_SPHINGOLIPID_TRANSFER_ACTIVITY,GO_MF,CD8,SF_vs_PB_CD8,0.877323466,0.450126827,0.62936706,0.852772137,5,3,TMEM63B/PLTP/PITPNB,up,FALSE
GOMF_PHOSPHATIDYLETHANOLAMINE_BINDING,GOMF_PHOSPHATIDYLETHANOLAMINE_BINDING,GO_MF,CD8,SF_vs_PB_CD8,-0.873907499,-0.317007469,0.630187909,0.852772137,14,2,PEBP1/CD300A,down,FALSE
GOMF_ANKYRIN_REPEAT_BINDING,GOMF_ANKYRIN_REPEAT_BINDING,GO_MF,CD8,SF_vs_PB_CD8,0.873031955,0.423812239,0.630212137,0.852772137,6,4,KIF21A/TNKS1BP1/OAZ3/RELA,up,FALSE
GOMF_MOLECULAR_TAG_ACTIVITY,GOMF_MOLECULAR_TAG_ACTIVITY,GO_MF,CD8,SF_vs_PB_CD8,-0.873741258,-0.316947165,0.630414579,0.852772137,14,3,FAU/RPS27A/UBA52,down,FALSE
GOMF_BETA_GALACTOSIDE_CMP_ALPHA_2_3_SIALYLTRANSFERASE_ACTIVITY,GOMF_BETA_GALACTOSIDE_CMP_ALPHA_2_3_SIALYLTRANSFERASE_ACTIVITY,GO_MF,CD8,SF_vs_PB_CD8,-0.861459636,-0.429273068,0.630628144,0.852772137,5,3,ST3GAL4/ST3GAL3/ST3GAL1,down,FALSE
GOMF_PROTEASOME_BINDING,GOMF_PROTEASOME_BINDING,GO_MF,CD8,SF_vs_PB_CD8,0.876643111,0.322551619,0.631088432,0.852772137,16,7,UBAC1/PSMG1/ADRM1/DNAJB2/PSMD14/SACS/PSME4,up,FALSE
GOMF_SULFURIC_ESTER_HYDROLASE_ACTIVITY,GOMF_SULFURIC_ESTER_HYDROLASE_ACTIVITY,GO_MF,CD8,SF_vs_PB_CD8,0.871834415,0.346393207,0.633023557,0.854550863,12,4,IDS/ARSD/ARSA/STS,up,FALSE
GOMF_PRE_MRNA_3_SPLICE_SITE_BINDING,GOMF_PRE_MRNA_3_SPLICE_SITE_BINDING,GO_MF,CD8,SF_vs_PB_CD8,-0.857924102,-0.42751128,0.634810113,0.855503261,5,3,U2AF1/U2AF1L4/U2AF2,down,FALSE
GOMF_DEATH_DOMAIN_BINDING,GOMF_DEATH_DOMAIN_BINDING,GO_MF,CD8,SF_vs_PB_CD8,0.866870807,0.386897724,0.634968025,0.855503261,8,4,MCL1/RIPK1/BAX/BCL2L1,up,FALSE
GOMF_5_N_7_METHYLGUANOSINE_5_TRIPHOSPHO_MRNA_HYDROLASE_ACTIVITY,GOMF_5_N_7_METHYLGUANOSINE_5_TRIPHOSPHO_MRNA_HYDROLASE_ACTIVITY,GO_MF,CD8,SF_vs_PB_CD8,0.866330955,0.352223549,0.63650831,0.856742666,11,4,NUDT1/NUDT16/NUDT5/NUDT3,up,FALSE
GOMF_STEROID_BINDING,GOMF_STEROID_BINDING,GO_MF,CD8,SF_vs_PB_CD8,0.904853721,0.240745255,0.637200032,0.856838602,69,28,ABCG1/NINJ2/PAQR8/VDAC1/VDR/TSPO/GRAMD1C/CD81/PGRMC1/CYP2R1/SCARB2/OSBPL11/NFE2L1/STARD4/OSBP2/GRAMD1B/OSBPL7/NR3C1/GPR155/CAV1/SULT2B1/GPR183/GRAMD1A/SOAT2/INSIG1/SLC38A9/PGRMC2/STARD3,up,FALSE
GOMF_ARYL_HYDROCARBON_RECEPTOR_BINDING,GOMF_ARYL_HYDROCARBON_RECEPTOR_BINDING,GO_MF,CD8,SF_vs_PB_CD8,0.866370143,0.420578271,0.638618959,0.857911267,6,4,ARNT/NCOA2/AIP/TAF6,up,FALSE
GOMF_TRANSFORMING_GROWTH_FACTOR_BETA_RECEPTOR_BINDING,GOMF_TRANSFORMING_GROWTH_FACTOR_BETA_RECEPTOR_BINDING,GO_MF,CD8,SF_vs_PB_CD8,0.871123305,0.315381864,0.639851201,0.8582542,17,2,SMAD7/FKBP1A,up,FALSE
GOMF_PHOSPHOLIPASE_D_ACTIVITY,GOMF_PHOSPHOLIPASE_D_ACTIVITY,GO_MF,CD8,SF_vs_PB_CD8,-0.853968655,-0.425540245,0.64011718,0.8582542,5,1,PLD1,down,FALSE
GOMF_LONG_CHAIN_FATTY_ACID_COA_LIGASE_ACTIVITY,GOMF_LONG_CHAIN_FATTY_ACID_COA_LIGASE_ACTIVITY,GO_MF,CD8,SF_vs_PB_CD8,0.864581378,0.343511464,0.642821122,0.861043618,12,3,SLC27A4/SLC27A2/ACSL1,up,FALSE
GOMF_MANNOSYL_OLIGOSACCHARIDE_MANNOSIDASE_ACTIVITY,GOMF_MANNOSYL_OLIGOSACCHARIDE_MANNOSIDASE_ACTIVITY,GO_MF,CD8,SF_vs_PB_CD8,-0.855495735,-0.343141649,0.646397445,0.864967861,10,3,EDEM3/MAN1A2/EDEM2,down,FALSE
GOMF_GLUTATHIONE_PEROXIDASE_ACTIVITY,GOMF_GLUTATHIONE_PEROXIDASE_ACTIVITY,GO_MF,CD8,SF_vs_PB_CD8,-0.863439382,-0.307207476,0.647858151,0.864967861,15,6,GPX4/GSTK1/GPX7/GPX1/GSTM2/GSTT1,down,FALSE
GOMF_FOUR_WAY_JUNCTION_DNA_BINDING,GOMF_FOUR_WAY_JUNCTION_DNA_BINDING,GO_MF,CD8,SF_vs_PB_CD8,0.865493538,0.313343661,0.647961073,0.864967861,17,6,HMGB1/HMGB2/ABL1/HMGB3/GEN1/XRCC2,up,FALSE
GOMF_ATP_DEPENDENT_ACTIVITY_ACTING_ON_DNA,GOMF_ATP_DEPENDENT_ACTIVITY_ACTING_ON_DNA,GO_MF,CD8,SF_vs_PB_CD8,0.909447728,0.226448879,0.649374732,0.864967861,103,37,MCM6/CHD3/MYO18A/RFC2/TOP2A/RECQL/TTF2/RECQL4/ERCC6L/MLH1/MCM3/CHD4/CHTF18/WRNIP1/HELLS/RAD51/MSH5/MCM2/BRIP1/MCM4/NAV2/MYD88/MCM5/RAD54L/MCM7/DNA2/POLQ/SRCAP/UPF1/SMARCA4/TOP2B/RFC3/INO80/DDX11/RAD54L2/DMC1/RFC5,up,FALSE
GOMF_1_PHOSPHATIDYLINOSITOL_BINDING,GOMF_1_PHOSPHATIDYLINOSITOL_BINDING,GO_MF,CD8,SF_vs_PB_CD8,0.856415781,0.348192343,0.649510823,0.864967861,11,4,ZFYVE1/SESTD1/PICALM/SNX10,up,FALSE
GOMF_PROTEIN_CARRIER_CHAPERONE,GOMF_PROTEIN_CARRIER_CHAPERONE,GO_MF,CD8,SF_vs_PB_CD8,0.884156094,0.261624445,0.649793751,0.864967861,40,7,CLU/HIRIP3/MTCH2/IPO9/EMC3/EMC7/ASF1B,up,FALSE
GOMF_TRANSLATION_REPRESSOR_ACTIVITY,GOMF_TRANSLATION_REPRESSOR_ACTIVITY,GO_MF,CD8,SF_vs_PB_CD8,-0.881025268,-0.261018178,0.650135148,0.864967861,30,7,CIRBP/ACO1/SERBP1/ZNF540/IFRD2/PAIP2B/EIF4EBP3,down,FALSE
GOMF_GALACTOSYLTRANSFERASE_ACTIVITY,GOMF_GALACTOSYLTRANSFERASE_ACTIVITY,GO_MF,CD8,SF_vs_PB_CD8,0.864880249,0.304336288,0.652311145,0.867027615,19,7,B3GNTL1/COLGALT2/PLOD3/COLGALT1/B4GALT2/B4GALT5/B3GALT6,up,FALSE
GOMF_S_ADENOSYL_L_METHIONINE_BINDING,GOMF_S_ADENOSYL_L_METHIONINE_BINDING,GO_MF,CD8,SF_vs_PB_CD8,0.858844989,0.321505534,0.653498368,0.867591889,15,5,TSR3/METTL17/PCIF1/GNMT/FTSJ1,up,FALSE
GOMF_L_LEUCINE_BINDING,GOMF_L_LEUCINE_BINDING,GO_MF,CD8,SF_vs_PB_CD8,-0.84540988,-0.378829511,0.653992148,0.867591889,7,2,SESN2/SESN1,down,FALSE
GOMF_FERROUS_IRON_TRANSMEMBRANE_TRANSPORTER_ACTIVITY,GOMF_FERROUS_IRON_TRANSMEMBRANE_TRANSPORTER_ACTIVITY,GO_MF,CD8,SF_vs_PB_CD8,-0.842632433,-0.396489697,0.655484729,0.868737439,6,3,SLC39A14/SLC25A37/SLC40A1,down,FALSE
GOMF_DNA_TOPOISOMERASE_ACTIVITY,GOMF_DNA_TOPOISOMERASE_ACTIVITY,GO_MF,CD8,SF_vs_PB_CD8,0.850498569,0.412873436,0.657323672,0.870169015,6,2,TOP2A/TOP2B,up,FALSE
GOMF_PROTEIN_TYROSINE_KINASE_BINDING,GOMF_PROTEIN_TYROSINE_KINASE_BINDING,GO_MF,CD8,SF_vs_PB_CD8,0.897291361,0.23415948,0.658665152,0.870169015,77,14,CD2/DUSP22/CEACAM1/BMPR2/ITGB1/CASS4/DUSP3/PITPNM1/ITGAX/PCNA/PLCG2/GAB2/GIT1/CRK,up,FALSE
GOMF_TRANSCRIPTION_COACTIVATOR_BINDING,GOMF_TRANSCRIPTION_COACTIVATOR_BINDING,GO_MF,CD8,SF_vs_PB_CD8,0.878232757,0.262883909,0.658863999,0.870169015,38,8,AHR/MED25/PPARA/ZBTB17/ATF7/RARA/EP300/EPAS1,up,FALSE
GOMF_CHEMOREPELLENT_ACTIVITY,GOMF_CHEMOREPELLENT_ACTIVITY,GO_MF,CD8,SF_vs_PB_CD8,0.849144016,0.345235867,0.659457113,0.870169015,11,5,SEMA4A/EFNA5/SEMA3G/SEMA7A/SEMA4D,up,FALSE
GOMF_NADPH_DEHYDROGENASE_ACTIVITY,GOMF_NADPH_DEHYDROGENASE_ACTIVITY,GO_MF,CD8,SF_vs_PB_CD8,0.847442874,0.393118782,0.659715394,0.870169015,7,4,CBR3/CRYZ/TP53I3/NQO1,up,FALSE
GOMF_FLIPPASE_ACTIVITY,GOMF_FLIPPASE_ACTIVITY,GO_MF,CD8,SF_vs_PB_CD8,0.852036463,0.331093301,0.660687701,0.87061995700000006,13,6,ATP10D/ATP8B2/ATP11A/ABCA3/ATP8A1/ATP11C,up,FALSE
GOMF_3_HYDROXYACYL_COA_DEHYDRATASE_ACTIVITY,GOMF_3_HYDROXYACYL_COA_DEHYDRATASE_ACTIVITY,GO_MF,CD8,SF_vs_PB_CD8,-0.833621628,-0.415401139,0.66425372,0.87448464,5,3,HADHA/CDYL/HSD17B4,down,FALSE
GOMF_STRUCTURAL_CONSTITUENT_OF_NUCLEAR_PORE,GOMF_STRUCTURAL_CONSTITUENT_OF_NUCLEAR_PORE,GO_MF,CD8,SF_vs_PB_CD8,0.858561392,0.294617845,0.665974525,0.875028382,21,6,NUTF2/NUP153/NUP93/NUP188/NUP62CL/NUP85,up,FALSE
GOMF_LIPOPROTEIN_PARTICLE_RECEPTOR_BINDING,GOMF_LIPOPROTEIN_PARTICLE_RECEPTOR_BINDING,GO_MF,CD8,SF_vs_PB_CD8,0.855872705,0.301166691,0.666514695,0.875028382,19,7,CLU/PICALM/CLTC/LRPAP1/AP2A1/APBB1/SACS,up,FALSE
GOMF_INTERLEUKIN_6_RECEPTOR_BINDING,GOMF_INTERLEUKIN_6_RECEPTOR_BINDING,GO_MF,CD8,SF_vs_PB_CD8,-0.831721006,-0.414454042,0.666567601,0.875028382,5,3,IL6R/IL6ST/ERAP1,down,FALSE
GOMF_BASIC_AMINO_ACID_TRANSMEMBRANE_TRANSPORTER_ACTIVITY,GOMF_BASIC_AMINO_ACID_TRANSMEMBRANE_TRANSPORTER_ACTIVITY,GO_MF,CD8,SF_vs_PB_CD8,0.842133748,0.342385707,0.668698121,0.875682526,11,3,SLC38A5/SLC7A7/TMEM44,up,FALSE
GOMF_OXIDOREDUCTASE_ACTIVITY_ACTING_ON_THE_CH_CH_GROUP_OF_DONORS_OXYGEN_AS_ACCEPTOR,GOMF_OXIDOREDUCTASE_ACTIVITY_ACTING_ON_THE_CH_CH_GROUP_OF_DONORS_OXYGEN_AS_ACCEPTOR,GO_MF,CD8,SF_vs_PB_CD8,0.840375179,0.389840161,0.668750812,0.875682526,7,3,PPOX/ACOX3/CPOX,up,FALSE
GOMF_K48_LINKED_POLYUBIQUITIN_MODIFICATION_DEPENDENT_PROTEIN_BINDING,GOMF_K48_LINKED_POLYUBIQUITIN_MODIFICATION_DEPENDENT_PROTEIN_BINDING,GO_MF,CD8,SF_vs_PB_CD8,0.840063861,0.389695744,0.669121876,0.875682526,7,3,NPLOC4/ZFAND2B/RNF31,up,FALSE
GOMF_UBIQUITIN_CONJUGATING_ENZYME_BINDING,GOMF_UBIQUITIN_CONJUGATING_ENZYME_BINDING,GO_MF,CD8,SF_vs_PB_CD8,-0.861526809,-0.272843095,0.669602279,0.875682526,23,5,RNF125/SIAH1/RNF144B/UBE3D/RNF144A,down,FALSE
GOMF_RNA_POLYMERASE_I_TRANSCRIPTION_REGULATORY_REGION_SEQUENCE_SPECIFIC_DNA_BINDING,GOMF_RNA_POLYMERASE_I_TRANSCRIPTION_REGULATORY_REGION_SEQUENCE_SPECIFIC_DNA_BINDING,GO_MF,CD8,SF_vs_PB_CD8,-0.835403778,-0.345805667,0.670268486,0.875724483,9,3,TBP/RRN3/UBTF,down,FALSE
GOMF_L_ARGININE_TRANSMEMBRANE_TRANSPORTER_ACTIVITY,GOMF_L_ARGININE_TRANSMEMBRANE_TRANSPORTER_ACTIVITY,GO_MF,CD8,SF_vs_PB_CD8,0.837455057,0.406541479,0.672620719,0.876805057,6,4,SLC7A7/SLC38A9/SLC25A29/SLC7A1,up,FALSE
GOMF_CALCIUM_ACTIVATED_CATION_CHANNEL_ACTIVITY,GOMF_CALCIUM_ACTIVATED_CATION_CHANNEL_ACTIVITY,GO_MF,CD8,SF_vs_PB_CD8,0.838972866,0.34110059,0.673526593,0.876805057,11,4,KCNN4/TRPC3/TMEM63B/CATSPER1,up,FALSE
GOMF_MONOATOMIC_ION_GATED_CHANNEL_ACTIVITY,GOMF_MONOATOMIC_ION_GATED_CHANNEL_ACTIVITY,GO_MF,CD8,SF_vs_PB_CD8,0.838972866,0.34110059,0.673526593,0.876805057,11,4,KCNN4/TRPC3/TMEM63B/CATSPER1,up,FALSE
GOMF_ENOYL_COA_HYDRATASE_ACTIVITY,GOMF_ENOYL_COA_HYDRATASE_ACTIVITY,GO_MF,CD8,SF_vs_PB_CD8,-0.828581788,-0.356046576,0.67463163,0.876805057,8,5,ECHDC2/HADHA/CDYL/AUH/HSD17B4,down,FALSE
GOMF_U3_SNORNA_BINDING,GOMF_U3_SNORNA_BINDING,GO_MF,CD8,SF_vs_PB_CD8,-0.828581866,-0.371288851,0.67490185,0.876805057,7,5,PRKDC/RRP9/DHX37/NHP2/XRCC5,down,FALSE
GOMF_DNA_INSERTION_OR_DELETION_BINDING,GOMF_DNA_INSERTION_OR_DELETION_BINDING,GO_MF,CD8,SF_vs_PB_CD8,0.835360317,0.40552459,0.674904979,0.876805057,6,2,XPC/PCNA,up,FALSE
GOMF_ARMADILLO_REPEAT_DOMAIN_BINDING,GOMF_ARMADILLO_REPEAT_DOMAIN_BINDING,GO_MF,CD8,SF_vs_PB_CD8,-0.826879882,-0.355315257,0.676883389,0.878548835,8,3,TCF7L2/AXIN1/LEF1,down,FALSE
GOMF_HYDROLASE_ACTIVITY_ACTING_ON_CARBON_NITROGEN_BUT_NOT_PEPTIDE_BONDS_IN_LINEAR_AMIDES,GOMF_HYDROLASE_ACTIVITY_ACTING_ON_CARBON_NITROGEN_BUT_NOT_PEPTIDE_BONDS_IN_LINEAR_AMIDES,GO_MF,CD8,SF_vs_PB_CD8,-0.886109952,-0.230048548,0.678107919,0.878801358,54,14,HDAC3/GLS2/SIRT5/BTD/HDAC7/CAT/HDAC9/ASRGL1/ASAH1/ACY1/HDAC1/NGLY1/SIRT4/FHIT,down,FALSE
GOMF_DNA_DNA_ANNEALING_ACTIVITY,GOMF_DNA_DNA_ANNEALING_ACTIVITY,GO_MF,CD8,SF_vs_PB_CD8,-0.825798018,-0.370041404,0.67835065,0.878801358,7,2,ZRANB3/TP53,down,FALSE
GOMF_DIACYLGLYCEROL_DEPENDENT_SERINE_THREONINE_KINASE_ACTIVITY,GOMF_DIACYLGLYCEROL_DEPENDENT_SERINE_THREONINE_KINASE_ACTIVITY,GO_MF,CD8,SF_vs_PB_CD8,0.839568388,0.314289408,0.680108438,0.879620388,15,3,PRKCD/PRKD2/SMG1,up,FALSE
GOMF_RNA_POLYMERASE_II_CTD_HEPTAPEPTIDE_REPEAT_PHOSPHATASE_ACTIVITY,GOMF_RNA_POLYMERASE_II_CTD_HEPTAPEPTIDE_REPEAT_PHOSPHATASE_ACTIVITY,GO_MF,CD8,SF_vs_PB_CD8,-0.823825817,-0.354002906,0.681080845,0.879620388,8,3,PPP2CA/SSU72/RPAP2,down,FALSE
GOMF_PROFILIN_BINDING,GOMF_PROFILIN_BINDING,GO_MF,CD8,SF_vs_PB_CD8,0.829302875,0.38470385,0.68210913,0.879620388,7,2,WIPF1/HTT,up,FALSE
GOMF_COA_LIGASE_ACTIVITY,GOMF_COA_LIGASE_ACTIVITY,GO_MF,CD8,SF_vs_PB_CD8,-0.846444861,-0.286666399,0.682417863,0.879620388,18,4,SLC27A5/ACSL6/ACSS2/ACSM3,down,FALSE
GOMF_PROTEIN_METHYLTRANSFERASE_ACTIVITY,GOMF_PROTEIN_METHYLTRANSFERASE_ACTIVITY,GO_MF,CD8,SF_vs_PB_CD8,-0.892831881,-0.219868662,0.683004867,0.879620388,70,27,METTL9/FAM98A/PRMT2/PRMT1/EHMT1/PRMT7/ASH1L/SETD3/PRMT3/METTL23/METTL13/SETMAR/EHMT2/PRDM13/MGMT/PRMT5/METTL21A/PCMTD1/CAMKMT/SETDB1/SMYD3/HEMK1/VCPKMT/PCMTD2/DNMT3A/DPH5/FBL,down,FALSE
GOMF_OXIDOREDUCTASE_ACTIVITY_ACTING_ON_PAIRED_DONORS_WITH_INCORPORATION_OR_REDUCTION_OF_MOLECULAR_OXYGEN,GOMF_OXIDOREDUCTASE_ACTIVITY_ACTING_ON_PAIRED_DONORS_WITH_INCORPORATION_OR_REDUCTION_OF_MOLECULAR_OXYGEN,GO_MF,CD8,SF_vs_PB_CD8,-0.906827133,-0.208534233,0.68428777,0.879620388,103,15,KDM4C/CYP24A1/UTY/ALKBH2/ALKBH3/CYP2U1/ALKBH7/TMLHE/PHYHD1/CYP27B1/COQ7/PLOD1/CYP2E1/ASPH/AKR1C3,down,FALSE
GOMF_HORMONE_RECEPTOR_BINDING,GOMF_HORMONE_RECEPTOR_BINDING,GO_MF,CD8,SF_vs_PB_CD8,0.833382173,0.33111554,0.685055111,0.879620388,12,5,GNAS/JAK3/PTHLH/TYK2/GNAO1,up,FALSE
GOMF_PROTEIN_DEMETHYLASE_ACTIVITY,GOMF_PROTEIN_DEMETHYLASE_ACTIVITY,GO_MF,CD8,SF_vs_PB_CD8,0.856171008,0.270236851,0.685073251,0.879620388,30,13,JMJD6/FBXL19/KDM2B/KDM5B/KDM3B/KDM5C/KDM6B/KDM6A/KDM7A/KDM4B/RAD23A/KDM1B/PHF2,up,FALSE
GOMF_GROWTH_FACTOR_RECEPTOR_BINDING,GOMF_GROWTH_FACTOR_RECEPTOR_BINDING,GO_MF,CD8,SF_vs_PB_CD8,0.883647232,0.231664069,0.68513599,0.879620388,75,15,PDGFA/HIP1/PSEN1/IL10/PLSCR1/TOLLIP/TNK2/PTPRJ/CCDC88A/CSF2/ADAM17/VAV2/IL1RN/PDCL3/IL21,up,FALSE
GOMF_RNA_EXONUCLEASE_ACTIVITY,GOMF_RNA_EXONUCLEASE_ACTIVITY,GO_MF,CD8,SF_vs_PB_CD8,0.865421478,0.253495214,0.68553752,0.879620388,42,10,HELZ2/ZC3H12A/ERI1/ISG20/CNOT6/REXO2/EXOSC10/EXOSC9/POLRMT/CNOT6L,up,FALSE
GOMF_GPI_ANCHOR_BINDING,GOMF_GPI_ANCHOR_BINDING,GO_MF,CD8,SF_vs_PB_CD8,0.826398007,0.401173849,0.685989253,0.879620388,6,3,ULBP2/GPAA1/PIGT,up,FALSE
GOMF_ELECTRON_TRANSFER_ACTIVITY,GOMF_ELECTRON_TRANSFER_ACTIVITY,GO_MF,CD8,SF_vs_PB_CD8,-0.901812029,-0.210632602,0.687872202,0.87977824,94,37,SDHD/FDX1/MT-ND1/SURF1/ALDH4A1/PHGDH/CYC1/COX5B/DMGDH/NDUFA8/ETFA/AKR1B1/NDUFV1/MT-CO2/ADH5/MT-ND4L/UQCR10/CIAPIN1/QDPR/UQCRFS1/MT-CYB/HSD17B6/AKR7A2/UQCRH/MT-ND3/SDHC/MT-ND4/ME2/GSR/ETFDH/MT-CO3/NDUFB5/COX4I1/NDUFB9/ME1/COX7A2L/ASPH,down,FALSE
GOMF_CYCLOHYDROLASE_ACTIVITY,GOMF_CYCLOHYDROLASE_ACTIVITY,GO_MF,CD8,SF_vs_PB_CD8,-0.814427134,-0.40583635,0.687880782,0.87977824,5,2,MTHFD2L/ATIC,down,FALSE
GOMF_CATALYTIC_ACTIVITY_ACTING_ON_A_GLYCOPROTEIN,GOMF_CATALYTIC_ACTIVITY_ACTING_ON_A_GLYCOPROTEIN,GO_MF,CD8,SF_vs_PB_CD8,0.832356788,0.323445966,0.688023533,0.87977824,13,6,GCNT1/MGAT4B/FUT8/MGAT1/POMGNT1/B3GALT6,up,FALSE
GOMF_ATP_DEPENDENT_CHROMATIN_REMODELER_ACTIVITY,GOMF_ATP_DEPENDENT_CHROMATIN_REMODELER_ACTIVITY,GO_MF,CD8,SF_vs_PB_CD8,-0.846381828,-0.274856255,0.690035604,0.881382438,21,3,CHD2/CHD7/MORC2,down,FALSE
GOMF_HISTONE_H3_DEMETHYLASE_ACTIVITY,GOMF_HISTONE_H3_DEMETHYLASE_ACTIVITY,GO_MF,CD8,SF_vs_PB_CD8,0.844233323,0.283536269,0.691318328,0.881382438,23,11,JMJD6/KDM2B/KDM5B/KDM3B/KDM5C/KDM6B/KDM6A/KDM7A/KDM4B/KDM1B/PHF2,up,FALSE
GOMF_CXCR_CHEMOKINE_RECEPTOR_BINDING,GOMF_CXCR_CHEMOKINE_RECEPTOR_BINDING,GO_MF,CD8,SF_vs_PB_CD8,0.821769898,0.398927139,0.691568837,0.881382438,6,1,CXCL13,up,FALSE
GOMF_ACETYLCHOLINE_GATED_MONOATOMIC_CATION_SELECTIVE_CHANNEL_ACTIVITY,GOMF_ACETYLCHOLINE_GATED_MONOATOMIC_CATION_SELECTIVE_CHANNEL_ACTIVITY,GO_MF,CD8,SF_vs_PB_CD8,0.821529387,0.398810383,0.691830965,0.881382438,6,2,CHRNB1/CHRNA5,up,FALSE
GOMF_GAMMA_CATENIN_BINDING,GOMF_GAMMA_CATENIN_BINDING,GO_MF,CD8,SF_vs_PB_CD8,0.820793166,0.366332567,0.694089678,0.882307306,8,2,CTNNA1/PTPRJ,up,FALSE
GOMF_TRIACYLGLYCEROL_LIPASE_ACTIVITY,GOMF_TRIACYLGLYCEROL_LIPASE_ACTIVITY,GO_MF,CD8,SF_vs_PB_CD8,-0.813309022,-0.349483777,0.694438372,0.882307306,8,2,LIPE/PNPLA4,down,FALSE
GOMF_NADH_DEHYDROGENASE_UBIQUINONE_ACTIVITY,GOMF_NADH_DEHYDROGENASE_UBIQUINONE_ACTIVITY,GO_MF,CD8,SF_vs_PB_CD8,0.857469671,0.255329625,0.694914118,0.882307306,39,19,NDUFA6/NDUFS5/NDUFB2/NDUFS6/NDUFA9/NDUFB6/NDUFC2/NDUFA1/NDUFB4/NDUFB3/NDUFV2/NDUFB1/NDUFA4/NDUFS4/NDUFS3/NDUFS1/MT-ND5/NDUFS8/NDUFC1,up,FALSE
GOMF_PROTEIN_N_ACYLTRANSFERASE_ACTIVITY,GOMF_PROTEIN_N_ACYLTRANSFERASE_ACTIVITY,GO_MF,CD8,SF_vs_PB_CD8,0.862785173,0.24802266,0.69511249,0.882307306,46,17,BLOC1S1/BRCA2/ESCO2/NCOA1/EP300/GTF3C4/NAA50/KAT2B/PHF10/NCOA3/BRD1/KAT6A/MEAF6/USP22/TAF10/HAT1/TAF1L,up,FALSE
GOMF_DIOXYGENASE_ACTIVITY,GOMF_DIOXYGENASE_ACTIVITY,GO_MF,CD8,SF_vs_PB_CD8,-0.886849401,-0.216471916,0.697179293,0.884118094,73,17,FTO/RSBN1/P4HTM/CDO1/EGLN3/OGFOD2/P4HB/HPDL/KDM4C/UTY/ALKBH2/ALKBH3/ALKBH7/TMLHE/PHYHD1/PLOD1/ASPH,down,FALSE
GOMF_CARBOXYPEPTIDASE_ACTIVITY,GOMF_CARBOXYPEPTIDASE_ACTIVITY,GO_MF,CD8,SF_vs_PB_CD8,0.840228299,0.279245275,0.698543042,0.885034808,24,3,LAP3/CTSZ/VASH1,up,FALSE
GOMF_U1_SNRNA_BINDING,GOMF_U1_SNRNA_BINDING,GO_MF,CD8,SF_vs_PB_CD8,-0.808642196,-0.347478413,0.700909449,0.887219018,8,6,SNRPC/SNRNP70/PRPF8/SNRPA/GEMIN5/COIL,down,FALSE
GOMF_DNA_DAMAGE_SENSOR_ACTIVITY,GOMF_DNA_DAMAGE_SENSOR_ACTIVITY,GO_MF,CD8,SF_vs_PB_CD8,-0.833035584,-0.277940263,0.704449202,0.889024788,19,5,MLH3/PMS2/MSH3/RAD51B/PMS1,down,FALSE
GOMF_PRENYL_DIPHOSPHATE_SYNTHASE_ACTIVITY,GOMF_PRENYL_DIPHOSPHATE_SYNTHASE_ACTIVITY,GO_MF,CD8,SF_vs_PB_CD8,0.811584079,0.376484308,0.704744058,0.889024788,7,3,DHDDS/PDSS1/FDPS,up,FALSE
GOMF_CYSTEINE_TYPE_EXOPEPTIDASE_ACTIVITY,GOMF_CYSTEINE_TYPE_EXOPEPTIDASE_ACTIVITY,GO_MF,CD8,SF_vs_PB_CD8,-0.80324798100000006,-0.377957857,0.704891293,0.889024788,6,4,ATG4D/SCRN3/BLMH/SCRN1,down,FALSE
GOMF_GDP_PHOSPHATASE_ACTIVITY,GOMF_GDP_PHOSPHATASE_ACTIVITY,GO_MF,CD8,SF_vs_PB_CD8,0.811493853,0.376442454,0.704911037,0.889024788,7,2,ENTPD1/CANT1,up,FALSE
GOMF_HISTONE_H3K9ME2_3_READER_ACTIVITY,GOMF_HISTONE_H3K9ME2_3_READER_ACTIVITY,GO_MF,CD8,SF_vs_PB_CD8,0.824838926,0.298625047,0.707092611,0.890433509,17,7,CDYL2/SUZ12/UHRF2/TNRC18/CBX3/BRD3/PHF13,up,FALSE
GOMF_HISTONE_H3K9_METHYLTRANSFERASE_ACTIVITY,GOMF_HISTONE_H3K9_METHYLTRANSFERASE_ACTIVITY,GO_MF,CD8,SF_vs_PB_CD8,0.812248615,0.339492288,0.707734615,0.890433509,10,1,PRDM8,up,FALSE
GOMF_LAMIN_BINDING,GOMF_LAMIN_BINDING,GO_MF,CD8,SF_vs_PB_CD8,0.820211767,0.307043327,0.708537695,0.890433509,15,7,BNIP3L/SUN1/NARF/IFI27/TMEM201/PRNP/TMPO,up,FALSE
GOMF_NADPLUS_BINDING,GOMF_NADPLUS_BINDING,GO_MF,CD8,SF_vs_PB_CD8,0.823874651,0.293979238,0.710512897,0.890433509,18,4,GLUD1/PARP9/EHHADH/PARP14,up,FALSE
GOMF_ENZYME_SUBSTRATE_ADAPTOR_ACTIVITY,GOMF_ENZYME_SUBSTRATE_ADAPTOR_ACTIVITY,GO_MF,CD8,SF_vs_PB_CD8,0.88671696,0.215220963,0.710516425,0.890433509,122,32,SMAD7/SPSB1/HERPUD1/DTX3L/KCTD17/RRAGC/FBXO45/FBXL19/IVNS1ABP/ZSWIM8/SPSB2/FZR1/KBTBD2/KLHL6/KLHL7/UBR4/ASB1/KLHL2/RAB40C/KBTBD6/KLHL21/KEAP1/FEM1C/FBXO11/ARRDC1/FBXO31/RBM47/CCNF/KLHL17/KLHL5/KLHDC10/ANKRD9,up,FALSE
GOMF_DNA_POLYMERASE_ACTIVITY,GOMF_DNA_POLYMERASE_ACTIVITY,GO_MF,CD8,SF_vs_PB_CD8,0.837871234,0.268566413,0.711625678,0.890433509,28,8,POLG/TEP1/POLK/POLE/POLD3/CHRAC1/POLE2/POLQ,up,FALSE
GOMF_SPHINGOLIPID_TRANSPORTER_ACTIVITY,GOMF_SPHINGOLIPID_TRANSPORTER_ACTIVITY,GO_MF,CD8,SF_vs_PB_CD8,0.813211479,0.323101414,0.712178517,0.890433509,12,3,ATP10D/ABCC1/TMEM63B,up,FALSE
GOMF_INTRAMOLECULAR_OXIDOREDUCTASE_ACTIVITY,GOMF_INTRAMOLECULAR_OXIDOREDUCTASE_ACTIVITY,GO_MF,CD8,SF_vs_PB_CD8,-0.858118747,-0.234944299,0.713572754,0.890433509,42,7,PDIA3/CRELD1/RPIA/PDIA4/PDIA5/MPI/ERP29,down,FALSE
GOMF_PROTEIN_LIPID_COMPLEX_BINDING,GOMF_PROTEIN_LIPID_COMPLEX_BINDING,GO_MF,CD8,SF_vs_PB_CD8,-0.824155783,-0.283769676,0.713638779,0.890433509,17,4,MAPT/ABCA1/HSPD1/SORL1,down,FALSE
GOMF_PEPTIDASE_ACTIVATOR_ACTIVITY_INVOLVED_IN_APOPTOTIC_PROCESS,GOMF_PEPTIDASE_ACTIVATOR_ACTIVITY_INVOLVED_IN_APOPTOTIC_PROCESS,GO_MF,CD8,SF_vs_PB_CD8,0.807013885,0.337304349,0.714363766,0.890433509,10,2,ATP2A3/APAF1,up,FALSE
GOMF_ATP_TRANSMEMBRANE_TRANSPORTER_ACTIVITY,GOMF_ATP_TRANSMEMBRANE_TRANSPORTER_ACTIVITY,GO_MF,CD8,SF_vs_PB_CD8,-0.811202791,-0.308303319,0.714741788,0.890433509,12,3,SLC25A23/SLC25A4/SLC25A6,down,FALSE
GOMF_VOLTAGE_GATED_MONOATOMIC_ANION_CHANNEL_ACTIVITY,GOMF_VOLTAGE_GATED_MONOATOMIC_ANION_CHANNEL_ACTIVITY,GO_MF,CD8,SF_vs_PB_CD8,-0.811198042,-0.308301515,0.714741788,0.890433509,12,4,GPR89B/CLCN3/SLC17A3/TMC4,down,FALSE
GOMF_LIPOPOLYSACCHARIDE_IMMUNE_RECEPTOR_ACTIVITY,GOMF_LIPOPOLYSACCHARIDE_IMMUNE_RECEPTOR_ACTIVITY,GO_MF,CD8,SF_vs_PB_CD8,0.803432886,0.412215915,0.715347096,0.890433509,5,3,LY96/PTAFR/CD180,up,FALSE
GOMF_LOW_DENSITY_LIPOPROTEIN_PARTICLE_BINDING,GOMF_LOW_DENSITY_LIPOPROTEIN_PARTICLE_BINDING,GO_MF,CD8,SF_vs_PB_CD8,0.806672152,0.327968112,0.716169051,0.890433509,11,3,LDLR/MSR1/SAMD1,up,FALSE
GOMF_PHOSPHATIDYLINOSITOL_3_5_BISPHOSPHATE_5_PHOSPHATASE_ACTIVITY,GOMF_PHOSPHATIDYLINOSITOL_3_5_BISPHOSPHATE_5_PHOSPHATASE_ACTIVITY,GO_MF,CD8,SF_vs_PB_CD8,0.802745328,0.411863151,0.716178917,0.890433509,5,4,INPP5E/FIG4/SYNJ1/PIKFYVE,up,FALSE
GOMF_NEUROTRANSMITTER_RECEPTOR_ACTIVITY_INVOLVED_IN_REGULATION_OF_POSTSYNAPTIC_MEMBRANE_POTENTIAL,GOMF_NEUROTRANSMITTER_RECEPTOR_ACTIVITY_INVOLVED_IN_REGULATION_OF_POSTSYNAPTIC_MEMBRANE_POTENTIAL,GO_MF,CD8,SF_vs_PB_CD8,0.801697137,0.371897872,0.716989183,0.890433509,7,2,CHRNB1/CHRNA5,up,FALSE
GOMF_POSTSYNAPTIC_NEUROTRANSMITTER_RECEPTOR_ACTIVITY,GOMF_POSTSYNAPTIC_NEUROTRANSMITTER_RECEPTOR_ACTIVITY,GO_MF,CD8,SF_vs_PB_CD8,0.801697137,0.371897872,0.716989183,0.890433509,7,2,CHRNB1/CHRNA5,up,FALSE
GOMF_VOLTAGE_GATED_CHANNEL_ACTIVITY,GOMF_VOLTAGE_GATED_CHANNEL_ACTIVITY,GO_MF,CD8,SF_vs_PB_CD8,0.849499797,0.244203547,0.718287308,0.89124418,46,22,TMEM43/RYR1/VDAC1/CACNB2/KCNK5/TPCN2/KCNK6/KCNA6/CACNB3/CATSPER1/NCS1/HCN2/HCN3/KCNC4/CACNB1/TMEM109/KCNA2/KCNAB2/CLCN2/CYBB/PKD2/CLCN6,up,FALSE
GOMF_O_METHYLTRANSFERASE_ACTIVITY,GOMF_O_METHYLTRANSFERASE_ACTIVITY,GO_MF,CD8,SF_vs_PB_CD8,0.819673076,0.284699247,0.721274215,0.892833597,20,7,ICMT/COMTD1/PCMT1/COMT/CMTR1/ASMT/ASMTL,up,FALSE
GOMF_MANNOSYL_OLIGOSACCHARIDE_1_2_ALPHA_MANNOSIDASE_ACTIVITY,GOMF_MANNOSYL_OLIGOSACCHARIDE_1_2_ALPHA_MANNOSIDASE_ACTIVITY,GO_MF,CD8,SF_vs_PB_CD8,-0.790694227,-0.35431134,0.721493178,0.892833597,7,3,EDEM3/MAN1A2/EDEM2,down,FALSE
GOMF_TOLL_LIKE_RECEPTOR_BINDING,GOMF_TOLL_LIKE_RECEPTOR_BINDING,GO_MF,CD8,SF_vs_PB_CD8,0.806660162,0.320498475,0.721507816,0.892833597,12,4,TOLLIP/LY96/MYD88/UNC93B1,up,FALSE
GOMF_CYCLIN_DEPENDENT_PROTEIN_KINASE_ACTIVITY,GOMF_CYCLIN_DEPENDENT_PROTEIN_KINASE_ACTIVITY,GO_MF,CD8,SF_vs_PB_CD8,0.829773707,0.265970878,0.724341531,0.89310941,28,10,CDKL2/CDK1/CDK2/CDKL1/CDK13/CDK6/CDK14/CDK19/CDK16/MOK,up,FALSE
GOMF_CARBOXYLESTERASE_ACTIVITY,GOMF_CARBOXYLESTERASE_ACTIVITY,GO_MF,CD8,SF_vs_PB_CD8,-0.785003687,-0.391174382,0.724435859,0.89310941,5,2,OVCA2/CES1,down,FALSE
GOMF_ACTIVIN_RECEPTOR_ACTIVITY,GOMF_ACTIVIN_RECEPTOR_ACTIVITY,GO_MF,CD8,SF_vs_PB_CD8,-0.789736971,-0.339354724,0.725416466,0.89310941,8,2,ACVR1C/TGFBR1,down,FALSE
GOMF_NADPLUS_PROTEIN_MONO_ADP_RIBOSYLTRANSFERASE_ACTIVITY,GOMF_NADPLUS_PROTEIN_MONO_ADP_RIBOSYLTRANSFERASE_ACTIVITY,GO_MF,CD8,SF_vs_PB_CD8,0.822875943,0.273478315,0.725880498,0.89310941,24,5,PARP4/PARP12/PARP9/PARP14/TNKS2,up,FALSE
GOMF_ALDEHYDE_LYASE_ACTIVITY,GOMF_ALDEHYDE_LYASE_ACTIVITY,GO_MF,CD8,SF_vs_PB_CD8,0.793171361,0.367942865,0.72734188,0.89310941,7,3,ALDOC/ALDOA/SGPL1,up,FALSE
GOMF_CALCIUM_DEPENDENT_PROTEIN_SERINE_THREONINE_KINASE_ACTIVITY,GOMF_CALCIUM_DEPENDENT_PROTEIN_SERINE_THREONINE_KINASE_ACTIVITY,GO_MF,CD8,SF_vs_PB_CD8,0.794504596,0.354599576,0.727649693,0.89310941,8,2,MAPKAPK2/MAPKAPK3,up,FALSE
GOMF_UBIQUITIN_LIKE_PROTEIN_SPECIFIC_ENDOPEPTIDASE_ACTIVITY,GOMF_UBIQUITIN_LIKE_PROTEIN_SPECIFIC_ENDOPEPTIDASE_ACTIVITY,GO_MF,CD8,SF_vs_PB_CD8,-0.781918677,-0.389637094,0.728278175,0.89310941,5,4,SENP5/SENP7/SENP1/SENP6,down,FALSE
GOMF_SIGNAL_RECOGNITION_PARTICLE_BINDING,GOMF_SIGNAL_RECOGNITION_PARTICLE_BINDING,GO_MF,CD8,SF_vs_PB_CD8,0.792165199,0.367476118,0.72838086,0.89310941,7,1,RHBDD2,up,FALSE
GOMF_HYDRO_LYASE_ACTIVITY,GOMF_HYDRO_LYASE_ACTIVITY,GO_MF,CD8,SF_vs_PB_CD8,-0.837876066,-0.244369712,0.728888347,0.89310941,32,13,ALAD/CDYL/PCBD2/ACO2/TGDS/UROS/L3HYPDH/AUH/ACO1/CA2/CA11/ENOSF1/HSD17B4,down,FALSE
GOMF_TRANSMEMBRANE_RECEPTOR_PROTEIN_PHOSPHATASE_ACTIVITY,GOMF_TRANSMEMBRANE_RECEPTOR_PROTEIN_PHOSPHATASE_ACTIVITY,GO_MF,CD8,SF_vs_PB_CD8,0.793863153,0.342169619,0.729656917,0.89310941,9,3,PTPRN2/PTPRF/PTPRA,up,FALSE
GOMF_OXIDOREDUCTASE_ACTIVITY_ACTING_ON_OTHER_NITROGENOUS_COMPOUNDS_AS_DONORS,GOMF_OXIDOREDUCTASE_ACTIVITY_ACTING_ON_OTHER_NITROGENOUS_COMPOUNDS_AS_DONORS,GO_MF,CD8,SF_vs_PB_CD8,0.791020417,0.366945067,0.729809458,0.89310941,7,3,CYB5R3/MB/NQO2,up,FALSE
GOMF_CARBOHYDRATE_TRANSMEMBRANE_TRANSPORTER_ACTIVITY,GOMF_CARBOHYDRATE_TRANSMEMBRANE_TRANSPORTER_ACTIVITY,GO_MF,CD8,SF_vs_PB_CD8,-0.814220024,-0.275752779,0.729833755,0.89310941,18,4,SLC2A7/PPBP/SLC2A11/AQP3,down,FALSE
GOMF_UBIQUITIN_UBIQUITIN_LIGASE_ACTIVITY,GOMF_UBIQUITIN_UBIQUITIN_LIGASE_ACTIVITY,GO_MF,CD8,SF_vs_PB_CD8,-0.810661645,-0.283657066,0.730137961,0.89310941,16,3,PELI2/ITCH/PRPF19,down,FALSE
GOMF_ACYL_COA_HYDROLASE_ACTIVITY,GOMF_ACYL_COA_HYDROLASE_ACTIVITY,GO_MF,CD8,SF_vs_PB_CD8,0.813270471,0.279076133,0.734060373,0.897112722,21,3,ACOT9/ACOT7/ACOT4,up,FALSE
GOMF_MUTSALPHA_COMPLEX_BINDING,GOMF_MUTSALPHA_COMPLEX_BINDING,GO_MF,CD8,SF_vs_PB_CD8,0.784234732,0.363797268,0.738176961,0.900656909,7,2,TREX1/MLH1,up,FALSE
GOMF_ALCOHOL_TRANSMEMBRANE_TRANSPORTER_ACTIVITY,GOMF_ALCOHOL_TRANSMEMBRANE_TRANSPORTER_ACTIVITY,GO_MF,CD8,SF_vs_PB_CD8,0.783061223,0.401763861,0.738581367,0.900656909,5,3,FLVCR2/MFSD10/FLVCR1,up,FALSE
GOMF_INOSITOL_1_4_5_TRISPHOSPHATE_5_PHOSPHATASE_ACTIVITY,GOMF_INOSITOL_1_4_5_TRISPHOSPHATE_5_PHOSPHATASE_ACTIVITY,GO_MF,CD8,SF_vs_PB_CD8,-0.772372755,-0.384880276,0.739359331,0.900656909,5,4,INPP5K/INPP5A/SYNJ2/INPP5B,down,FALSE
GOMF_HISTONE_H3K14_ACETYLTRANSFERASE_ACTIVITY,GOMF_HISTONE_H3K14_ACETYLTRANSFERASE_ACTIVITY,GO_MF,CD8,SF_vs_PB_CD8,0.787639099,0.329206348,0.739569105,0.900656909,10,4,GTF3C4/BRD1/KAT6A/MEAF6,up,FALSE
GOMF_SUMO_LIGASE_ACTIVITY,GOMF_SUMO_LIGASE_ACTIVITY,GO_MF,CD8,SF_vs_PB_CD8,0.792570798,0.307985506,0.741636921,0.901632602,13,3,PIAS3/ZMIZ1/PIAS4,up,FALSE
GOMF_ACETYLGLUCOSAMINYLTRANSFERASE_ACTIVITY,GOMF_ACETYLGLUCOSAMINYLTRANSFERASE_ACTIVITY,GO_MF,CD8,SF_vs_PB_CD8,0.820400673,0.25894651,0.741676058,0.901632602,30,9,LFNG/GCNT1/EOGT/MGAT4B/B3GNT5/PIGQ/MGAT1/POMGNT1/B3GNT7,up,FALSE
GOMF_1_ALKYL_2_ACETYLGLYCEROPHOSPHOCHOLINE_ESTERASE_ACTIVITY,GOMF_1_ALKYL_2_ACETYLGLYCEROPHOSPHOCHOLINE_ESTERASE_ACTIVITY,GO_MF,CD8,SF_vs_PB_CD8,0.778197644,0.377775045,0.74384467,0.903473606,6,3,PAFAH1B3/PAFAH1B2/LCAT,up,FALSE
GOMF_MONOOXYGENASE_ACTIVITY,GOMF_MONOOXYGENASE_ACTIVITY,GO_MF,CD8,SF_vs_PB_CD8,-0.838062951,-0.233201792,0.745034344,0.90404822,39,6,CYP24A1/CYP2U1/CYP27B1/COQ7/CYP2E1/AKR1C3,down,FALSE
GOMF_3_5_RNA_HELICASE_ACTIVITY,GOMF_3_5_RNA_HELICASE_ACTIVITY,GO_MF,CD8,SF_vs_PB_CD8,-0.770866774,-0.362721302,0.745627026,0.90404822,6,4,DHX9/DHX40/AQR/YTHDC2,down,FALSE
GOMF_HISTONE_H3K9_TRIMETHYLTRANSFERASE_ACTIVITY,GOMF_HISTONE_H3K9_TRIMETHYLTRANSFERASE_ACTIVITY,GO_MF,CD8,SF_vs_PB_CD8,-0.765354292,-0.381382913,0.747426073,0.904200763,5,3,PRDM2/EHMT1/SETDB1,down,FALSE
GOMF_SIGNALING_RECEPTOR_COMPLEX_ADAPTOR_ACTIVITY,GOMF_SIGNALING_RECEPTOR_COMPLEX_ADAPTOR_ACTIVITY,GO_MF,CD8,SF_vs_PB_CD8,0.824268544,0.246730648,0.747646615,0.904200763,38,7,GNB4/GNB1/GNB5/GRB10/SPAG9/GAB2/CRK,up,FALSE
GOMF_LIGASE_ACTIVITY_FORMING_PHOSPHORIC_ESTER_BONDS,GOMF_LIGASE_ACTIVITY_FORMING_PHOSPHORIC_ESTER_BONDS,GO_MF,CD8,SF_vs_PB_CD8,-0.769368429,-0.344755216,0.747717068,0.904200763,7,3,LIG3/RTCB/AARS2,down,FALSE
GOMF_MAP_KINASE_KINASE_KINASE_KINASE_ACTIVITY,GOMF_MAP_KINASE_KINASE_KINASE_KINASE_ACTIVITY,GO_MF,CD8,SF_vs_PB_CD8,0.773307765,0.375401259,0.750042128,0.905616794,6,1,MAP4K1,up,FALSE
GOMF_CARBOHYDRATE_DERIVATIVE_TRANSMEMBRANE_TRANSPORTER_ACTIVITY,GOMF_CARBOHYDRATE_DERIVATIVE_TRANSMEMBRANE_TRANSPORTER_ACTIVITY,GO_MF,CD8,SF_vs_PB_CD8,0.826496494,0.242093489,0.750199574,0.905616794,42,19,SLC25A24/SLC35D2/SLC29A1/SLC35C1/ANKH/SLC17A5/SLC35B4/SLC25A25/SLC35B1/SLC35A2/SLC50A1/LRRC8A/SLC35B2/SLC17A9/SLC35D1/SLC19A1/SLC29A4/SLC25A17/SLC15A3,up,FALSE
GOMF_INSULIN_RECEPTOR_SUBSTRATE_BINDING,GOMF_INSULIN_RECEPTOR_SUBSTRATE_BINDING,GO_MF,CD8,SF_vs_PB_CD8,-0.777873431,-0.312007133,0.751225246,0.906062938,10,4,PIK3R1/GRB2/NCL/IGF1R,down,FALSE
GOMF_PEPTIDYL_PROLINE_4_DIOXYGENASE_ACTIVITY,GOMF_PEPTIDYL_PROLINE_4_DIOXYGENASE_ACTIVITY,GO_MF,CD8,SF_vs_PB_CD8,-0.764206648,-0.342442214,0.753790426,0.908363506,7,3,P4HTM/EGLN3/P4HB,down,FALSE
GOMF_CTPASE_ACTIVITY,GOMF_CTPASE_ACTIVITY,GO_MF,CD8,SF_vs_PB_CD8,0.768458006,0.37304695,0.755621712,0.909776446,6,1,ENTPD1,up,FALSE
GOMF_SUPERCOILED_DNA_BINDING,GOMF_SUPERCOILED_DNA_BINDING,GO_MF,CD8,SF_vs_PB_CD8,-0.760100062,-0.357655166,0.758032322,0.911613453,6,3,TOP1/PSIP1/RPS3,down,FALSE
GOMF_SPLICING_FACTOR_BINDING,GOMF_SPLICING_FACTOR_BINDING,GO_MF,CD8,SF_vs_PB_CD8,0.766180371,0.371941275,0.758467674,0.911613453,6,5,RBM14/RBM20/SF3B4/SF3B1/DYRK1A,up,FALSE
GOMF_METHYL_CPG_BINDING,GOMF_METHYL_CPG_BINDING,GO_MF,CD8,SF_vs_PB_CD8,-0.79403984,-0.268918334,0.760370053,0.913105255,18,7,ERH/TET1/PRMT1/ZBTB33/PRMT5/WDR77/CXXC5,down,FALSE
GOMF_OXIDOREDUCTASE_ACTIVITY_ACTING_ON_THE_ALDEHYDE_OR_OXO_GROUP_OF_DONORS_DISULFIDE_AS_ACCEPTOR,GOMF_OXIDOREDUCTASE_ACTIVITY_ACTING_ON_THE_ALDEHYDE_OR_OXO_GROUP_OF_DONORS_DISULFIDE_AS_ACCEPTOR,GO_MF,CD8,SF_vs_PB_CD8,0.763596671,0.370687021,0.761032785,0.913107103,6,3,DHTKD1/OGDH/BCKDHA,up,FALSE
GOMF_NADPLUS_PROTEIN_CYSTEINE_ADP_RIBOSYLTRANSFERASE_ACTIVITY,GOMF_NADPLUS_PROTEIN_CYSTEINE_ADP_RIBOSYLTRANSFERASE_ACTIVITY,GO_MF,CD8,SF_vs_PB_CD8,-0.756488481,-0.355955784,0.762067263,0.913554593,6,3,PARP11/PARP8/SIRT4,down,FALSE
GOMF_CYSTEINE_TYPE_ENDOPEPTIDASE_INHIBITOR_ACTIVITY_INVOLVED_IN_APOPTOTIC_PROCESS,GOMF_CYSTEINE_TYPE_ENDOPEPTIDASE_INHIBITOR_ACTIVITY_INVOLVED_IN_APOPTOTIC_PROCESS,GO_MF,CD8,SF_vs_PB_CD8,0.773294454,0.300494902,0.766120787,0.917237963,13,2,CD27/PRDX5,up,FALSE
GOMF_PHOSPHATIDYLINOSITOL_3_KINASE_ACTIVATOR_ACTIVITY,GOMF_PHOSPHATIDYLINOSITOL_3_KINASE_ACTIVATOR_ACTIVITY,GO_MF,CD8,SF_vs_PB_CD8,-0.748966223,-0.373216591,0.766765024,0.917237963,5,3,PIK3R1/IRS2/LYN,down,FALSE
GOMF_DOUBLE_STRANDED_DNA_EXODEOXYRIBONUCLEASE_ACTIVITY,GOMF_DOUBLE_STRANDED_DNA_EXODEOXYRIBONUCLEASE_ACTIVITY,GO_MF,CD8,SF_vs_PB_CD8,-0.751949103,-0.353819839,0.767132402,0.917237963,6,2,APEX2/APEX1,down,FALSE
GOMF_CO_SMAD_BINDING,GOMF_CO_SMAD_BINDING,GO_MF,CD8,SF_vs_PB_CD8,0.757108804,0.388448499,0.768375681,0.917929771,5,3,TRIM33/USP9Y/USP9X,up,FALSE
GOMF_DOLICHYL_PHOSPHATE_MANNOSE_PROTEIN_MANNOSYLTRANSFERASE_ACTIVITY,GOMF_DOLICHYL_PHOSPHATE_MANNOSE_PROTEIN_MANNOSYLTRANSFERASE_ACTIVITY,GO_MF,CD8,SF_vs_PB_CD8,0.75510775,0.366566085,0.770843865,0.918884312,6,2,TMTC4/TMTC3,up,FALSE
GOMF_S_METHYLTRANSFERASE_ACTIVITY,GOMF_S_METHYLTRANSFERASE_ACTIVITY,GO_MF,CD8,SF_vs_PB_CD8,-0.748044155,-0.351982416,0.771081493,0.918884312,6,3,MTR/MGMT/DNMT3A,down,FALSE
GOMF_GENERAL_TRANSCRIPTION_INITIATION_FACTOR_BINDING,GOMF_GENERAL_TRANSCRIPTION_INITIATION_FACTOR_BINDING,GO_MF,CD8,SF_vs_PB_CD8,-0.837473651,-0.22008525,0.771524116,0.918884312,51,12,CAND2/PSMC5/TBP/POLR1E/TAF12/ERCC4/ZNHIT6/RUVBL1/THRA/TP53/NR3C2/FBL,down,FALSE
GOMF_CENTROMERIC_DNA_BINDING,GOMF_CENTROMERIC_DNA_BINDING,GO_MF,CD8,SF_vs_PB_CD8,0.754233169,0.366141521,0.771836207,0.918884312,6,2,CENPB/KIF2C,up,FALSE
GOMF_RECEPTOR_ANTAGONIST_ACTIVITY,GOMF_RECEPTOR_ANTAGONIST_ACTIVITY,GO_MF,CD8,SF_vs_PB_CD8,-0.75580808,-0.312857955,0.772865317,0.919073709,9,3,FST/IL18BP/DKK2,down,FALSE
GOMF_LIPID_KINASE_ACTIVITY,GOMF_LIPID_KINASE_ACTIVITY,GO_MF,CD8,SF_vs_PB_CD8,0.80343233,0.244629915,0.774344033,0.919073709,35,12,PIP4K2C/PI4KA/PIK3R6/PIP5K1C/PIK3CD/PIK3CG/PIK3CB/DGKG/PI4K2B/PI4K2A/PIP5KL1/PIK3CA,up,FALSE
GOMF_PEPTIDYL_PROLINE_DIOXYGENASE_ACTIVITY,GOMF_PEPTIDYL_PROLINE_DIOXYGENASE_ACTIVITY,GO_MF,CD8,SF_vs_PB_CD8,-0.748591912,-0.321674445,0.775304971,0.919073709,8,3,P4HTM/EGLN3/P4HB,down,FALSE
GOMF_PRENYLTRANSFERASE_ACTIVITY,GOMF_PRENYLTRANSFERASE_ACTIVITY,GO_MF,CD8,SF_vs_PB_CD8,-0.78140852,-0.269051127,0.775629029,0.919073709,17,9,FNTB/PDSS2/GGPS1/CHM/NUS1/UBIAD1/FNTA/COQ2/COX10,down,FALSE
GOMF_IONOTROPIC_GLUTAMATE_RECEPTOR_BINDING,GOMF_IONOTROPIC_GLUTAMATE_RECEPTOR_BINDING,GO_MF,CD8,SF_vs_PB_CD8,-0.777337418,-0.271996649,0.77591075,0.919073709,16,3,CDK5R1/FLOT1/NSG1,down,FALSE
GOMF_THREONINE_TYPE_PEPTIDASE_ACTIVITY,GOMF_THREONINE_TYPE_PEPTIDASE_ACTIVITY,GO_MF,CD8,SF_vs_PB_CD8,-0.758394168,-0.304193948,0.776306744,0.919073709,10,4,PSMB10/ASRGL1/TASP1/GGT7,down,FALSE
GOMF_NEUROPEPTIDE_ACTIVITY,GOMF_NEUROPEPTIDE_ACTIVITY,GO_MF,CD8,SF_vs_PB_CD8,0.74995136,0.384776242,0.776750605,0.919073709,5,2,NMB/VGF,up,FALSE
GOMF_L_ASCORBIC_ACID_BINDING,GOMF_L_ASCORBIC_ACID_BINDING,GO_MF,CD8,SF_vs_PB_CD8,-0.769686134,-0.279201464,0.777319401,0.919073709,14,5,P4HTM/EGLN3/OGFOD2/ALKBH3/PLOD1,down,FALSE
GOMF_MONOACYLGLYCEROL_LIPASE_ACTIVITY,GOMF_MONOACYLGLYCEROL_LIPASE_ACTIVITY,GO_MF,CD8,SF_vs_PB_CD8,0.760172036,0.309062594,0.778161564,0.919282395,11,5,ABHD2/ABHD6/ABHD12/ABHD15/DAGLB,up,FALSE
GOMF_HISTONE_H3K27_METHYLTRANSFERASE_ACTIVITY,GOMF_HISTONE_H3K27_METHYLTRANSFERASE_ACTIVITY,GO_MF,CD8,SF_vs_PB_CD8,0.745819263,0.382656193,0.78121219,0.921757348,5,2,EZH2/EZH1,up,FALSE
GOMF_CARBONYL_REDUCTASE_NADPH_ACTIVITY,GOMF_CARBONYL_REDUCTASE_NADPH_ACTIVITY,GO_MF,CD8,SF_vs_PB_CD8,0.748420681,0.347183551,0.781591495,0.921757348,7,7,CBR3/DHRS1/DCXR/DHRS7/DHRS4/CBR1/DHRS4L2,up,FALSE
GOMF_C2H2_ZINC_FINGER_DOMAIN_BINDING,GOMF_C2H2_ZINC_FINGER_DOMAIN_BINDING,GO_MF,CD8,SF_vs_PB_CD8,0.756011421,0.307371016,0.782845362,0.922448332,11,1,MBD2,up,FALSE
GOMF_BETA_CATENIN_BINDING,GOMF_BETA_CATENIN_BINDING,GO_MF,CD8,SF_vs_PB_CD8,-0.840876697,-0.210756557,0.784336614,0.922513397,64,9,AXIN1/DCHS1/LEF1/NR4A2/TCF7/CDH2/RORA/CDH23/VCL,down,FALSE
GOMF_ATPASE_REGULATOR_ACTIVITY,GOMF_ATPASE_REGULATOR_ACTIVITY,GO_MF,CD8,SF_vs_PB_CD8,0.804437765,0.235632149,0.785391166,0.922513397,42,7,ATP1B1/DNAJC10/FXYD2/DNAJB2/ATP1B3/KATNB1/DNAJB6,up,FALSE
GOMF_ABC_TYPE_XENOBIOTIC_TRANSPORTER_ACTIVITY,GOMF_ABC_TYPE_XENOBIOTIC_TRANSPORTER_ACTIVITY,GO_MF,CD8,SF_vs_PB_CD8,0.747519251,0.322194545,0.785627887,0.922513397,9,5,ABCC1/RALBP1/ABCA3/ABCC4/ABCC10,up,FALSE
GOMF_CALCIUM_MONOATOMIC_CATION_ANTIPORTER_ACTIVITY,GOMF_CALCIUM_MONOATOMIC_CATION_ANTIPORTER_ACTIVITY,GO_MF,CD8,SF_vs_PB_CD8,0.742389431,0.360391993,0.78574772,0.922513397,6,5,SLC8A1/SLC24A5/LETM1/SLC24A1/SLC8B1,up,FALSE
GOMF_TRANSCRIPTION_COREPRESSOR_BINDING,GOMF_TRANSCRIPTION_COREPRESSOR_BINDING,GO_MF,CD8,SF_vs_PB_CD8,-0.821520638,-0.221868336,0.7862406,0.922513397,45,19,ZNF644/CNOT2/TCF7L2/PHF1/EHMT1/THAP7/USP11/NEK6/RUNX1/HDAC3/EHMT2/STAT1/SMAD3/HDAC1/LEF1/CTBP2/RORA/NR1D1/ZBTB16,down,FALSE
GOMF_GLUCOSYLTRANSFERASE_ACTIVITY,GOMF_GLUCOSYLTRANSFERASE_ACTIVITY,GO_MF,CD8,SF_vs_PB_CD8,-0.762173908,-0.276476425,0.787836888,0.92317001,14,2,POGLUT1/PLOD1,down,FALSE
GOMF_PROTEIN_PHOSPHATASE_ACTIVATOR_ACTIVITY,GOMF_PROTEIN_PHOSPHATASE_ACTIVATOR_ACTIVITY,GO_MF,CD8,SF_vs_PB_CD8,-0.77880533,-0.256279685,0.788137177,0.92317001,20,6,PPP2R5E/CALM1/IGFBP3/SLC39A10/PPP2R5C/HSP90AB1,down,FALSE
GOMF_LIGASE_ACTIVITY_FORMING_CARBON_SULFUR_BONDS,GOMF_LIGASE_ACTIVITY_FORMING_CARBON_SULFUR_BONDS,GO_MF,CD8,SF_vs_PB_CD8,-0.79773901,-0.234241784,0.789014821,0.923263623,31,13,SUCLG2/ACSBG1/SUCLA2/DIP2A/UBA2/UBA7/UBA5/SUCLG1/NAE1/SLC27A5/ACSL6/ACSS2/ACSM3,down,FALSE
GOMF_HEME_TRANSMEMBRANE_TRANSPORTER_ACTIVITY,GOMF_HEME_TRANSMEMBRANE_TRANSPORTER_ACTIVITY,GO_MF,CD8,SF_vs_PB_CD8,0.743601238,0.331880627,0.789554192,0.923263623,8,4,FLVCR2/FLVCR1/PGRMC2/SLC46A1,up,FALSE
GOMF_PHOSPHATIDIC_ACID_TRANSFER_ACTIVITY,GOMF_PHOSPHATIDIC_ACID_TRANSFER_ACTIVITY,GO_MF,CD8,SF_vs_PB_CD8,0.736198899,0.37772029,0.791458711,0.924707682,5,1,PRELID2,up,FALSE
GOMF_HISTONE_H3_READER_ACTIVITY,GOMF_HISTONE_H3_READER_ACTIVITY,GO_MF,CD8,SF_vs_PB_CD8,0.816629091,0.222813317,0.793412159,0.92547679,60,17,CDYL2/SUZ12/UHRF2/BRD2/TRIM24/TNF/FMR1/PHF19/TNRC18/CBX3/BRD3/MORC4/WDR5/SPIN1/PHF13/ING5/LRWD1,up,FALSE
GOMF_LYSINE_N_METHYLTRANSFERASE_ACTIVITY,GOMF_LYSINE_N_METHYLTRANSFERASE_ACTIVITY,GO_MF,CD8,SF_vs_PB_CD8,0.799617718,0.234220284,0.793457291,0.92547679,42,11,PRDM8/EZH2/KMT2A/KMT2D/SETD1B/DOT1L/KMT2C/WDR5/KMT2B/EZH1/TP53BP1,up,FALSE
GOMF_7S_RNA_BINDING,GOMF_7S_RNA_BINDING,GO_MF,CD8,SF_vs_PB_CD8,-0.729691441,-0.326975894,0.795479687,0.927052698,7,5,SRP19/SRP9/SRP72/EXOSC2/SRP68,down,FALSE
GOMF_PYRIMIDINE_NUCLEOTIDE_BINDING,GOMF_PYRIMIDINE_NUCLEOTIDE_BINDING,GO_MF,CD8,SF_vs_PB_CD8,0.729577111,0.374322861,0.797999849,0.929205557,5,1,DCTPP1,up,FALSE
GOMF_GLUTATHIONE_TRANSFERASE_ACTIVITY,GOMF_GLUTATHIONE_TRANSFERASE_ACTIVITY,GO_MF,CD8,SF_vs_PB_CD8,0.756753444,0.2700287,0.801540274,0.932541801,18,6,SH3BGRL3/ALOX5AP/MGST3/MGST2/LTC4S/GSTO1,up,FALSE
GOMF_RIBONUCLEASE_P_RNA_BINDING,GOMF_RIBONUCLEASE_P_RNA_BINDING,GO_MF,CD8,SF_vs_PB_CD8,-0.734100983,-0.294449886,0.804648172,0.935369634,10,5,RPP14/RPP38/RPP40/RPP25/POP5,down,FALSE
GOMF_HISTONE_H4_DEMETHYLASE_ACTIVITY,GOMF_HISTONE_H4_DEMETHYLASE_ACTIVITY,GO_MF,CD8,SF_vs_PB_CD8,0.72831973,0.325060256,0.806767291,0.936158308,8,1,JMJD6,up,FALSE
GOMF_RNA_EXONUCLEASE_ACTIVITY_PRODUCING_5_PHOSPHOMONOESTERS,GOMF_RNA_EXONUCLEASE_ACTIVITY_PRODUCING_5_PHOSPHOMONOESTERS,GO_MF,CD8,SF_vs_PB_CD8,0.784057979,0.236006548,0.807261725,0.936158308,37,9,HELZ2/ERI1/ISG20/CNOT6/REXO2/EXOSC10/EXOSC9/POLRMT/CNOT6L,up,FALSE
GOMF_ACID_THIOL_LIGASE_ACTIVITY,GOMF_ACID_THIOL_LIGASE_ACTIVITY,GO_MF,CD8,SF_vs_PB_CD8,-0.766577832,-0.248940496,0.80790312,0.936158308,21,9,SUCLG2/ACSBG1/SUCLA2/DIP2A/SUCLG1/SLC27A5/ACSL6/ACSS2/ACSM3,down,FALSE
GOMF_LNCRNA_BINDING,GOMF_LNCRNA_BINDING,GO_MF,CD8,SF_vs_PB_CD8,-0.777956235,-0.239051868,0.808038163,0.936158308,26,4,PDIA3/CSDE1/DNMT3A/EEF2,down,FALSE
GOMF_REGULATORY_RNA_BINDING,GOMF_REGULATORY_RNA_BINDING,GO_MF,CD8,SF_vs_PB_CD8,-0.795829047,-0.224283019,0.81005628,0.937046595,37,12,RC3H1/SOCS3/TARBP2/SOX4/RBM10/RBM4/DDX21/HNRNPA2B1/CNOT7/MATR3/HNRNPA1/YBX1,down,FALSE
GOMF_TAT_PROTEIN_BINDING,GOMF_TAT_PROTEIN_BINDING,GO_MF,CD8,SF_vs_PB_CD8,-0.722721376,-0.299162099,0.811289613,0.937046595,9,1,NPM1,down,FALSE
GOMF_OXIDOREDUCTION_DRIVEN_ACTIVE_TRANSMEMBRANE_TRANSPORTER_ACTIVITY,GOMF_OXIDOREDUCTION_DRIVEN_ACTIVE_TRANSMEMBRANE_TRANSPORTER_ACTIVITY,GO_MF,CD8,SF_vs_PB_CD8,-0.82261345,-0.208187466,0.811295383,0.937046595,61,23,NDUFB7/NNT/MT-ND1/SURF1/CYBRD1/CYC1/COX5B/NDUFA8/NDUFV1/MT-CO2/MT-ND4L/UQCR10/UQCRFS1/MT-CYB/UQCRH/MT-ND3/MT-ND4/CYB561A3/MT-CO3/NDUFB5/COX4I1/NDUFB9/COX7A2L,down,FALSE
GOMF_3S_3_HYDROXYACYL_COA_DEHYDROGENASE_NADPLUS_ACTIVITY,GOMF_3S_3_HYDROXYACYL_COA_DEHYDROGENASE_NADPLUS_ACTIVITY,GO_MF,CD8,SF_vs_PB_CD8,-0.71284633,-0.335420539,0.811645526,0.937046595,6,3,HADHA/HADH/HSD17B4,down,FALSE
GOMF_PHOSPHATIDYLSERINE_FLIPPASE_ACTIVITY,GOMF_PHOSPHATIDYLSERINE_FLIPPASE_ACTIVITY,GO_MF,CD8,SF_vs_PB_CD8,0.715847476,0.367278621,0.81219752,0.937046595,5,3,ATP11A/ATP8A1/ATP11C,up,FALSE
GOMF_HISTONE_H3K27ME2_H3K27ME3_DEMETHYLASE_ACTIVITY,GOMF_HISTONE_H3K27ME2_H3K27ME3_DEMETHYLASE_ACTIVITY,GO_MF,CD8,SF_vs_PB_CD8,-0.704560073,-0.351088608,0.814804594,0.939269736,5,4,KDM6A/KDM7A/PHF8/UTY,down,FALSE
GOMF_HISTONE_H4_ACETYLTRANSFERASE_ACTIVITY,GOMF_HISTONE_H4_ACETYLTRANSFERASE_ACTIVITY,GO_MF,CD8,SF_vs_PB_CD8,0.746847951,0.259404701,0.818833485,0.943126808,20,8,BRCA2/EP300/NAA50/BRD1/KAT6A/MEAF6/USP22/HAT1,up,FALSE
GOMF_RIBOSOMAL_PROTEIN_S6_KINASE_ACTIVITY,GOMF_RIBOSOMAL_PROTEIN_S6_KINASE_ACTIVITY,GO_MF,CD8,SF_vs_PB_CD8,-0.698510172,-0.348073888,0.821576411,0.94549752,5,3,RPS6KA3/RPS6KA2/RPS6KA1,down,FALSE
GOMF_POTASSIUM_CHLORIDE_SYMPORTER_ACTIVITY,GOMF_POTASSIUM_CHLORIDE_SYMPORTER_ACTIVITY,GO_MF,CD8,SF_vs_PB_CD8,0.70846862,0.32865026,0.825228668,0.94890990099999994,7,1,SLC12A4,up,FALSE
GOMF_CELL_ADHESION_RECEPTOR_ACTIVITY,GOMF_CELL_ADHESION_RECEPTOR_ACTIVITY,GO_MF,CD8,SF_vs_PB_CD8,0.699721849,0.359005074,0.828380218,0.951741332,5,2,ITGB1/ITGAD,up,FALSE
GOMF_MRNA_REGULATORY_ELEMENT_BINDING_TRANSLATION_REPRESSOR_ACTIVITY,GOMF_MRNA_REGULATORY_ELEMENT_BINDING_TRANSLATION_REPRESSOR_ACTIVITY,GO_MF,CD8,SF_vs_PB_CD8,-0.747785475,-0.249496775,0.82936194,0.951849929,19,3,ACO1/ZNF540/PAIP2B,down,FALSE
GOMF_HISTONE_H3K27ME3_READER_ACTIVITY,GOMF_HISTONE_H3K27ME3_READER_ACTIVITY,GO_MF,CD8,SF_vs_PB_CD8,0.703120925,0.326169527,0.830961613,0.951849929,7,3,CDYL2/LRWD1/CBX8,up,FALSE
GOMF_DENEDDYLASE_ACTIVITY,GOMF_DENEDDYLASE_ACTIVITY,GO_MF,CD8,SF_vs_PB_CD8,-0.694705562,-0.326884637,0.831176357,0.951849929,6,4,USP21/SENP8/COPS5/COPS4,down,FALSE
GOMF_MISMATCHED_DNA_BINDING,GOMF_MISMATCHED_DNA_BINDING,GO_MF,CD8,SF_vs_PB_CD8,0.720001015,0.279785576,0.831231727,0.951849929,13,4,XPC/PCNA/MLH1/MSH5,up,FALSE
GOMF_HISTONE_H4K12_ACETYLTRANSFERASE_ACTIVITY,GOMF_HISTONE_H4K12_ACETYLTRANSFERASE_ACTIVITY,GO_MF,CD8,SF_vs_PB_CD8,-0.719940399,-0.273618406,0.83252771,0.952544132,12,6,ING3/KAT7/BRPF3/JADE1/ING4/KAT2A,down,FALSE
GOMF_GLYCOGEN_BINDING,GOMF_GLYCOGEN_BINDING,GO_MF,CD8,SF_vs_PB_CD8,0.692598083,0.355350095,0.835469601,0.95360423,5,2,PPP1R3B/PPP1R3D,up,FALSE
GOMF_THIOLESTER_HYDROLASE_ACTIVITY,GOMF_THIOLESTER_HYDROLASE_ACTIVITY,GO_MF,CD8,SF_vs_PB_CD8,0.763287237,0.23108551,0.835475189,0.95360423,36,5,ACOT9/ACOT7/FASN/PPT1/ACOT4,up,FALSE
GOMF_SINGLE_STRANDED_RNA_BINDING,GOMF_SINGLE_STRANDED_RNA_BINDING,GO_MF,CD8,SF_vs_PB_CD8,0.798035961,0.212325337,0.835525791,0.95360423,69,9,CBX6/DDX60/IFIH1/AGO2/JMJD6/DHX58/HMGB1/MSI2/ENDOV,up,FALSE
GOMF_ENDONUCLEASE_ACTIVITY,GOMF_ENDONUCLEASE_ACTIVITY,GO_MF,CD8,SF_vs_PB_CD8,0.821328108,0.201254214,0.83655836,0.953994298,114,30,RNASE4/ANG/ZC3H12A/NEIL3/AGO2/KHNYN/ENDOV/DCLRE1C/MGME1/ZC3H12D/RNASE1/RBBP8/RNASE6/DICER1/DNASE2/HMCES/NUDT16/POP7/FEN1/ZC3H12C/AGO1/EXO1/AGO4/SLX1B/SLX1A/ERCC1/RNASEK/MUS81/DNA2/SLFN13,up,FALSE
GOMF_OXIDOREDUCTASE_ACTIVITY_ACTING_ON_THE_CH_NH2_GROUP_OF_DONORS_OXYGEN_AS_ACCEPTOR,GOMF_OXIDOREDUCTASE_ACTIVITY_ACTING_ON_THE_CH_NH2_GROUP_OF_DONORS_OXYGEN_AS_ACCEPTOR,GO_MF,CD8,SF_vs_PB_CD8,-0.687871057,-0.32366875,0.838237503,0.954706627,6,3,RNLS/IL4I1/PNPO,down,FALSE
GOMF_METALLOCHAPERONE_ACTIVITY,GOMF_METALLOCHAPERONE_ACTIVITY,GO_MF,CD8,SF_vs_PB_CD8,-0.721125504,-0.261586233,0.838565632,0.954706627,14,5,ISCU/NUBPL/ATOX1/COX11/FXN,down,FALSE
GOMF_RIBONUCLEASE_P_ACTIVITY,GOMF_RIBONUCLEASE_P_ACTIVITY,GO_MF,CD8,SF_vs_PB_CD8,-0.708921423,-0.276681608,0.840129739,0.955699481,11,6,RPPH1/RPP14/RPP38/RPP40/RPP25/POP5,down,FALSE
GOMF_CIS_TRANS_ISOMERASE_ACTIVITY,GOMF_CIS_TRANS_ISOMERASE_ACTIVITY,GO_MF,CD8,SF_vs_PB_CD8,0.756229869,0.231840333,0.841378494,0.956332264,34,8,FKBP1A/FKBP1C/FKBP8/PIN1/FKBP1B/DEGS1/PIN4/FKBP15,up,FALSE
GOMF_METAL_CATION_PROTON_ANTIPORTER_ACTIVITY,GOMF_METAL_CATION_PROTON_ANTIPORTER_ACTIVITY,GO_MF,CD8,SF_vs_PB_CD8,0.71546225,0.263246815,0.846329666,0.960311366,16,6,TMCO3/SLC38A5/SLC30A1/CHP1/SLC9A9/SLC11A1,up,FALSE
GOMF_CARBON_SULFUR_LYASE_ACTIVITY,GOMF_CARBON_SULFUR_LYASE_ACTIVITY,GO_MF,CD8,SF_vs_PB_CD8,0.700967175,0.284991716,0.846338861,0.960311366,11,4,ALOX5AP/MGST3/MGST2/LTC4S,up,FALSE
GOMF_SERINE_TYPE_CARBOXYPEPTIDASE_ACTIVITY,GOMF_SERINE_TYPE_CARBOXYPEPTIDASE_ACTIVITY,GO_MF,CD8,SF_vs_PB_CD8,-0.673232898,-0.335477995,0.846965419,0.960311366,5,4,SCPEP1/CPD/CTSA/PRCP,down,FALSE
GOMF_ACTIN_MONOMER_BINDING,GOMF_ACTIN_MONOMER_BINDING,GO_MF,CD8,SF_vs_PB_CD8,0.717085102,0.259613805,0.847798875,0.960467799,17,5,TWF2/TMSB4X/MTSS1/ABL1/TMSB15A,up,FALSE
GOMF_DELAYED_RECTIFIER_POTASSIUM_CHANNEL_ACTIVITY,GOMF_DELAYED_RECTIFIER_POTASSIUM_CHANNEL_ACTIVITY,GO_MF,CD8,SF_vs_PB_CD8,0.679087722,0.348418358,0.849837417,0.960900484,5,3,KCNA6/KCNC4/KCNA2,up,FALSE
GOMF_N_ACYLSPHINGOSINE_AMIDOHYDROLASE_ACTIVITY,GOMF_N_ACYLSPHINGOSINE_AMIDOHYDROLASE_ACTIVITY,GO_MF,CD8,SF_vs_PB_CD8,0.682020192,0.331085824,0.85010017,0.960900484,6,1,ACER3,up,FALSE
GOMF_AMINO_ACID_BINDING,GOMF_AMINO_ACID_BINDING,GO_MF,CD8,SF_vs_PB_CD8,0.721376389,0.250557596,0.850793762,0.960900484,20,4,GLUD1/GLDC/GLUD2/TM4SF5,up,FALSE
GOMF_CARDIOLIPIN_BINDING,GOMF_CARDIOLIPIN_BINDING,GO_MF,CD8,SF_vs_PB_CD8,0.687999285,0.296540345,0.850964006,0.960900484,9,1,PLEKHN1,up,FALSE
GOMF_DNA_POLYMERASE_BINDING,GOMF_DNA_POLYMERASE_BINDING,GO_MF,CD8,SF_vs_PB_CD8,0.722707912,0.247999327,0.852469028,0.961640211,21,9,HMGB1/FANCI/PCNA/ACD/RAD51/SMARCA4/FANCD2/LONP1/CDT1,up,FALSE
GOMF_RAGE_RECEPTOR_BINDING,GOMF_RAGE_RECEPTOR_BINDING,GO_MF,CD8,SF_vs_PB_CD8,0.689234999,0.288076782,0.853266313,0.961640211,10,3,S100A4/HMGB1/HMGB2,up,FALSE
GOMF_FOLIC_ACID_BINDING,GOMF_FOLIC_ACID_BINDING,GO_MF,CD8,SF_vs_PB_CD8,0.684924117,0.295214891,0.854409501,0.961640211,9,4,FOLR2/TYMS/GNMT/SLC46A1,up,FALSE
GOMF_PROTON_TRANSMEMBRANE_TRANSPORTER_ACTIVITY,GOMF_PROTON_TRANSMEMBRANE_TRANSPORTER_ACTIVITY,GO_MF,CD8,SF_vs_PB_CD8,0.816171157,0.197413587,0.85448494,0.961640211,125,47,TCIRG1/NDUFA6/SLC16A3/NDUFS5/NDUFB2/NDUFS6/TMCO3/SLC25A14/SLC38A5/SLC4A11/CLCN7/ATP6V0B/UCP3/COX8A/SLC30A1/SLC36A1/ATP6V1E1/SLC17A5/NDUFA9/NDUFB6/ATP6V1D/ATP6V1B2/SLC25A12/NDUFC2/NDUFA1/CHP1/NDUFB4/SLC9A9/NDUFB3/COX5A/ATP6V0D1/ATP6V1F/SLC2A13/SLC11A1/ATP6V1A/SLC46A1/UCP2/CYBB/NDUFV2/NDUFB1/SLC25A13/SLC45A4/NDUFA4/NDUFS4/CTNS/SLC45A1/NDUFS3,up,FALSE
GOMF_PHOSPHOLIPID_TRANSFER_ACTIVITY,GOMF_PHOSPHOLIPID_TRANSFER_ACTIVITY,GO_MF,CD8,SF_vs_PB_CD8,0.728942966,0.24002384,0.85556573,0.961640211,25,11,PITPNA/PITPNM1/PRELID2/OSBPL11/TMEM63B/ESYT1/ABCA3/C2CD2L/PLTP/OSBPL2/OSBPL8,up,FALSE
GOMF_INOSITOL_TRISPHOSPHATE_PHOSPHATASE_ACTIVITY,GOMF_INOSITOL_TRISPHOSPHATE_PHOSPHATASE_ACTIVITY,GO_MF,CD8,SF_vs_PB_CD8,-0.699396598,-0.26581059,0.855797118,0.961640211,12,5,INPP5D/SYNJ2/INPP5B/MINPP1/INPP4A,down,FALSE
GOMF_ADENINE_TRANSMEMBRANE_TRANSPORTER_ACTIVITY,GOMF_ADENINE_TRANSMEMBRANE_TRANSPORTER_ACTIVITY,GO_MF,CD8,SF_vs_PB_CD8,0.669070803,0.343278995,0.859460073,0.964244482,5,1,SLC29A1,up,FALSE
GOMF_CORE_PROMOTER_SEQUENCE_SPECIFIC_DNA_BINDING,GOMF_CORE_PROMOTER_SEQUENCE_SPECIFIC_DNA_BINDING,GO_MF,CD8,SF_vs_PB_CD8,0.745744803,0.224474033,0.859707514,0.964244482,37,14,DRAP1/KLF10/AGO2/ZBTB17/EZH2/AGO1/NR3C1/BAZ2A/THAP11/POU2F1/SMARCA4/RFX7/CEBPB/PARK7,up,FALSE
GOMF_NEUROTRANSMITTER_RECEPTOR_ACTIVITY,GOMF_NEUROTRANSMITTER_RECEPTOR_ACTIVITY,GO_MF,CD8,SF_vs_PB_CD8,0.686739002,0.279206978,0.860209415,0.964244482,11,2,CHRNB1/TSPO,up,FALSE
GOMF_SEQUENCE_SPECIFIC_MRNA_BINDING,GOMF_SEQUENCE_SPECIFIC_MRNA_BINDING,GO_MF,CD8,SF_vs_PB_CD8,-0.697548538,-0.259156035,0.861904547,0.964955242,13,2,RBM24/SSB,down,FALSE
GOMF_EFFLUX_TRANSMEMBRANE_TRANSPORTER_ACTIVITY,GOMF_EFFLUX_TRANSMEMBRANE_TRANSPORTER_ACTIVITY,GO_MF,CD8,SF_vs_PB_CD8,-0.696667689,-0.258828779,0.862876254,0.964955242,13,4,ABCG2/SLC17A3/SLC30A5/ABCB1,down,FALSE
GOMF_VOLUME_SENSITIVE_ANION_CHANNEL_ACTIVITY,GOMF_VOLUME_SENSITIVE_ANION_CHANNEL_ACTIVITY,GO_MF,CD8,SF_vs_PB_CD8,0.674419651,0.301003825,0.86305081,0.964955242,8,5,TTYH3/LRRC8B/LRRC8C/CLCN2/LRRC8A,up,FALSE
GOMF_CHROMATIN_PROTEIN_ADAPTOR_ACTIVITY,GOMF_CHROMATIN_PROTEIN_ADAPTOR_ACTIVITY,GO_MF,CD8,SF_vs_PB_CD8,0.803277578,0.197737523,0.863638435,0.964955242,111,29,BARD1/CDYL2/RHNO1/YEATS2/SUZ12/UHRF2/BRD2/UVSSA/TRIM24/TNF/FMR1/RNF169/PHF19/HELLS/TNRC18/CBX3/BRD3/MORC4/BRCA1/WDR5/BRD1/NCAPD3/BAZ2A/NEAT1/SPIN1/PHF13/ING5/LRWD1/TP53BP1,up,FALSE
GOMF_METAL_CATION_MONOATOMIC_CATION_ANTIPORTER_ACTIVITY,GOMF_METAL_CATION_MONOATOMIC_CATION_ANTIPORTER_ACTIVITY,GO_MF,CD8,SF_vs_PB_CD8,0.716718139,0.23819735,0.866517679,0.966568958,24,9,TMCO3/SLC4A8/SLC38A5/SLC8A1/SLC30A1/SLC41A3/CHP1/SLC9A9/SLC11A1,up,FALSE
GOMF_NEUROTROPHIN_BINDING,GOMF_NEUROTROPHIN_BINDING,GO_MF,CD8,SF_vs_PB_CD8,0.661033803,0.339155465,0.866927556,0.966568958,5,3,NTRK2/FURIN/NTRK1,up,FALSE
GOMF_WIDE_PORE_CHANNEL_ACTIVITY,GOMF_WIDE_PORE_CHANNEL_ACTIVITY,GO_MF,CD8,SF_vs_PB_CD8,0.692816459,0.259353351,0.868162443,0.966568958,15,2,VDAC1/BAK1,up,FALSE
GOMF_TOLL_LIKE_RECEPTOR_4_BINDING,GOMF_TOLL_LIKE_RECEPTOR_4_BINDING,GO_MF,CD8,SF_vs_PB_CD8,0.658931277,0.338076725,0.869063823,0.966568958,5,1,LY96,up,FALSE
GOMF_PURINE_RIBONUCLEOTIDE_TRANSMEMBRANE_TRANSPORTER_ACTIVITY,GOMF_PURINE_RIBONUCLEOTIDE_TRANSMEMBRANE_TRANSPORTER_ACTIVITY,GO_MF,CD8,SF_vs_PB_CD8,-0.698880193,-0.244543832,0.870188004,0.966568958,16,4,SLC35B3/SLC25A23/SLC25A4/SLC25A6,down,FALSE
GOMF_COPPER_ION_TRANSMEMBRANE_TRANSPORTER_ACTIVITY,GOMF_COPPER_ION_TRANSMEMBRANE_TRANSPORTER_ACTIVITY,GO_MF,CD8,SF_vs_PB_CD8,-0.655147467,-0.308271092,0.870388256,0.966568958,6,2,SLC39A11/SLC46A3,down,FALSE
GOMF_PHOSPHATIDYLINOSITOL_MONOPHOSPHATE_PHOSPHATASE_ACTIVITY,GOMF_PHOSPHATIDYLINOSITOL_MONOPHOSPHATE_PHOSPHATASE_ACTIVITY,GO_MF,CD8,SF_vs_PB_CD8,-0.698446434,-0.244392056,0.870601198,0.966568958,16,15,MTMR1/FIG4/MTMR3/SYNJ1/PTEN/MTM1/MTMR6/MTMR2/MTMR14/MTMR8/MTMR4/MTMR7/PTPMT1/SACM1L/SYNJ2,down,FALSE
GOMF_NUCLEOBASE_TRANSMEMBRANE_TRANSPORTER_ACTIVITY,GOMF_NUCLEOBASE_TRANSMEMBRANE_TRANSPORTER_ACTIVITY,GO_MF,CD8,SF_vs_PB_CD8,0.658743475,0.319786172,0.872100208,0.966568958,6,1,SLC29A1,up,FALSE
GOMF_OLIGOPEPTIDE_TRANSMEMBRANE_TRANSPORTER_ACTIVITY,GOMF_OLIGOPEPTIDE_TRANSMEMBRANE_TRANSPORTER_ACTIVITY,GO_MF,CD8,SF_vs_PB_CD8,-0.6714003,-0.269300473,0.872685339,0.966568958,10,5,SLC25A40/ABCC5/SLC25A39/SLC15A2/SLC15A4,down,FALSE
GOMF_THREONINE_TYPE_ENDOPEPTIDASE_ACTIVITY,GOMF_THREONINE_TYPE_ENDOPEPTIDASE_ACTIVITY,GO_MF,CD8,SF_vs_PB_CD8,0.66153558,0.306878574,0.87300321,0.966568958,7,2,PSMB6/PSMB7,up,FALSE
GOMF_UBIQUITIN_LIKE_MODIFIER_ACTIVATING_ENZYME_ACTIVITY,GOMF_UBIQUITIN_LIKE_MODIFIER_ACTIVATING_ENZYME_ACTIVITY,GO_MF,CD8,SF_vs_PB_CD8,-0.670998022,-0.269139118,0.873062338,0.966568958,10,4,UBA2/UBA7/UBA5/NAE1,down,FALSE
GOMF_GLYCEROPHOSPHOLIPID_FLIPPASE_ACTIVITY,GOMF_GLYCEROPHOSPHOLIPID_FLIPPASE_ACTIVITY,GO_MF,CD8,SF_vs_PB_CD8,0.668601419,0.279452647,0.873481579,0.966568958,10,5,ATP8B2/ATP11A/ABCA3/ATP8A1/ATP11C,up,FALSE
GOMF_NADPH_BINDING,GOMF_NADPH_BINDING,GO_MF,CD8,SF_vs_PB_CD8,0.685927677,0.25677456,0.875189499,0.966694599,15,4,SRD5A1/CBR3/HMGCR/CRYZ,up,FALSE
GOMF_NUCLEAR_IMPORT_SIGNAL_RECEPTOR_ACTIVITY,GOMF_NUCLEAR_IMPORT_SIGNAL_RECEPTOR_ACTIVITY,GO_MF,CD8,SF_vs_PB_CD8,0.69829568,0.242540911,0.875445835,0.966694599,20,7,NUTF2/KPNA6/IPO9/KPNA2/IPO11/KPNA4/TNPO2,up,FALSE
GOMF_ACID_PHOSPHATASE_ACTIVITY,GOMF_ACID_PHOSPHATASE_ACTIVITY,GO_MF,CD8,SF_vs_PB_CD8,0.654651767,0.317799857,0.87569510800000006,0.966694599,6,2,ACP5/ACP2,up,FALSE
GOMF_NUCLEIC_ACID_CONFORMATION_ISOMERASE_ACTIVITY,GOMF_NUCLEIC_ACID_CONFORMATION_ISOMERASE_ACTIVITY,GO_MF,CD8,SF_vs_PB_CD8,0.809264193,0.192379237,0.877523234,0.967463575,142,40,HELZ2/DDX60/MCM6/IFIH1/CHD3/DHX58/RFC2/ZNFX1/TOP2A/RECQL/TTF2/RECQL4/ERCC6L/DICER1/MCM3/CHTF18/WRNIP1/FMR1/HELLS/RAD51/MCM2/BRIP1/MCM4/NAV2/MCM5/RAD54L/MCM7/DNA2/POLQ/SNRNP200/SRCAP/DHX57/DDX27/UPF1/SMARCA4/TOP2B/RFC3/DDX11/RAD54L2/DDX19B,up,FALSE
GOMF_NEUROTROPHIN_TRK_RECEPTOR_BINDING,GOMF_NEUROTROPHIN_TRK_RECEPTOR_BINDING,GO_MF,CD8,SF_vs_PB_CD8,-0.647439141,-0.30464404,0.877792801,0.967463575,6,4,FRS2/PLCG1/PIK3R1/GRB2,down,FALSE
GOMF_INTRAMOLECULAR_OXIDOREDUCTASE_ACTIVITY_INTERCONVERTING_KETO_AND_ENOL_GROUPS,GOMF_INTRAMOLECULAR_OXIDOREDUCTASE_ACTIVITY_INTERCONVERTING_KETO_AND_ENOL_GROUPS,GO_MF,CD8,SF_vs_PB_CD8,0.649958945,0.315521733,0.880244903,0.968671939,6,2,MIF/FAHD2B,up,FALSE
GOMF_PHOSPHOLIPASE_BINDING,GOMF_PHOSPHOLIPASE_BINDING,GO_MF,CD8,SF_vs_PB_CD8,0.678369327,0.258720544,0.880292023,0.968671939,14,7,LMNB1/SNCA/PAFAH1B1/SRC/WAS/SYK/STXBP1,up,FALSE
GOMF_INHIBITORY_MHC_CLASS_I_RECEPTOR_ACTIVITY,GOMF_INHIBITORY_MHC_CLASS_I_RECEPTOR_ACTIVITY,GO_MF,CD8,SF_vs_PB_CD8,0.658011588,0.283615096,0.881441976,0.969165103,9,6,LILRB4/LILRA6/LILRB2/LILRA5/LILRB3/LILRA4,up,FALSE
GOMF_PEPTIDE_TRANSMEMBRANE_TRANSPORTER_ACTIVITY,GOMF_PEPTIDE_TRANSMEMBRANE_TRANSPORTER_ACTIVITY,GO_MF,CD8,SF_vs_PB_CD8,-0.636188814,-0.317018596,0.883011017,0.969293972,5,2,SLC15A2/SLC15A4,down,FALSE
GOMF_CARBON_CARBON_LYASE_ACTIVITY,GOMF_CARBON_CARBON_LYASE_ACTIVITY,GO_MF,CD8,SF_vs_PB_CD8,-0.744525421,-0.207173772,0.883750341,0.969293972,39,11,CRY2/FAHD1/MOCS1/ECHDC1/HACL1/UMPS/PAICS/CSAD/ME2/TYW1/ME1,down,FALSE
GOMF_INOSITOL_POLYPHOSPHATE_5_PHOSPHATASE_ACTIVITY,GOMF_INOSITOL_POLYPHOSPHATE_5_PHOSPHATASE_ACTIVITY,GO_MF,CD8,SF_vs_PB_CD8,0.652267259,0.291116872,0.884281528,0.969293972,8,2,INPP5E/INPPL1,up,FALSE
GOMF_LYSOPHOSPHOLIPASE_ACTIVITY,GOMF_LYSOPHOSPHOLIPASE_ACTIVITY,GO_MF,CD8,SF_vs_PB_CD8,0.6837275,0.243971203,0.884725617,0.969293972,18,6,PLA2G15/GDE1/PNPLA6/ABHD12/PNPLA7/PNPLA8,up,FALSE
GOMF_RNA_POLYMERASE_II_INTRONIC_TRANSCRIPTION_REGULATORY_REGION_SEQUENCE_SPECIFIC_DNA_BINDING,GOMF_RNA_POLYMERASE_II_INTRONIC_TRANSCRIPTION_REGULATORY_REGION_SEQUENCE_SPECIFIC_DNA_BINDING,GO_MF,CD8,SF_vs_PB_CD8,-0.639811435,-0.301054922,0.885068573,0.969293972,6,4,HSF2/HSF1/ZC3H8/SMYD3,down,FALSE
GOMF_PHOSPHATIDYLINOSITOL_PHOSPHATE_5_PHOSPHATASE_ACTIVITY,GOMF_PHOSPHATIDYLINOSITOL_PHOSPHATE_5_PHOSPHATASE_ACTIVITY,GO_MF,CD8,SF_vs_PB_CD8,0.657909939,0.267485967,0.887516502,0.971204666,11,7,INPP5E/INPPL1/INPP5F/FIG4/SYNJ1/INPP5K/PIKFYVE,up,FALSE
GOMF_NAD_P_H_DEHYDROGENASE_QUINONE_ACTIVITY,GOMF_NAD_P_H_DEHYDROGENASE_QUINONE_ACTIVITY,GO_MF,CD8,SF_vs_PB_CD8,0.64000540400000006,0.310689799,0.889307046,0.971535713,6,3,CBR3/NQO2/NQO1,up,FALSE
GOMF_INTERLEUKIN_1_BINDING,GOMF_INTERLEUKIN_1_BINDING,GO_MF,CD8,SF_vs_PB_CD8,-0.640342316,-0.28693841,0.889811943,0.971535713,7,3,HAX1/A2M/TRIM16,down,FALSE
GOMF_TRNA_SPECIFIC_RIBONUCLEASE_ACTIVITY,GOMF_TRNA_SPECIFIC_RIBONUCLEASE_ACTIVITY,GO_MF,CD8,SF_vs_PB_CD8,-0.679063459,-0.237609796,0.889929527,0.971535713,16,6,RPP40/ELAC1/TSEN34/TSEN2/RPP25/POP5,down,FALSE
GOMF_RNA_POLYMERASE_II_C_TERMINAL_DOMAIN_BINDING,GOMF_RNA_POLYMERASE_II_C_TERMINAL_DOMAIN_BINDING,GO_MF,CD8,SF_vs_PB_CD8,-0.650036198,-0.260731274,0.891690506,0.971716991,10,6,HNRNPU/SCAF8/LEO1/SCAF4/RPRD2/RPRD1A,down,FALSE
GOMF_MEMBRANE_INSERTASE_ACTIVITY,GOMF_MEMBRANE_INSERTASE_ACTIVITY,GO_MF,CD8,SF_vs_PB_CD8,0.671138617,0.246938401,0.892202201,0.971716991,16,4,MTCH2/EMC3/EMC7/EMC9,up,FALSE
GOMF_HISTONE_H3K4ME3_READER_ACTIVITY,GOMF_HISTONE_H3K4ME3_READER_ACTIVITY,GO_MF,CD8,SF_vs_PB_CD8,-0.697022518,-0.223582184,0.893048631,0.971716991,22,9,ING3/ING1/PHF1/ING4/ZCWPW2/SPIN3/SPIN2B/ZCWPW1/TAF3,down,FALSE
GOMF_PHOSPHATIDYLINOSITOL_3_5_BISPHOSPHATE_3_PHOSPHATASE_ACTIVITY,GOMF_PHOSPHATIDYLINOSITOL_3_5_BISPHOSPHATE_3_PHOSPHATASE_ACTIVITY,GO_MF,CD8,SF_vs_PB_CD8,-0.655240967,-0.255730915,0.893457108,0.971716991,11,10,MTMR3/SYNJ1/MTM1/MTMR6/MTMR2/MTMR14/MTMR8/MTMR4/MTMR7/SYNJ2,down,FALSE
GOMF_PHOSPHOTRANSFERASE_ACTIVITY_FOR_OTHER_SUBSTITUTED_PHOSPHATE_GROUPS,GOMF_PHOSPHOTRANSFERASE_ACTIVITY_FOR_OTHER_SUBSTITUTED_PHOSPHATE_GROUPS,GO_MF,CD8,SF_vs_PB_CD8,-0.688081974,-0.229576849,0.894540885,0.971716991,19,10,PIGF/PIGN/FKTN/GNPTAB/CRLS1/PGS1/AASDHPPT/DPAGT1/PTDSS1/CEPT1,down,FALSE
GOMF_5_3_DNA_HELICASE_ACTIVITY,GOMF_5_3_DNA_HELICASE_ACTIVITY,GO_MF,CD8,SF_vs_PB_CD8,0.63765604,0.295801137,0.894821796,0.971716991,7,3,BRIP1/DNA2/DDX11,up,FALSE
GOMF_IRON_ION_TRANSMEMBRANE_TRANSPORTER_ACTIVITY,GOMF_IRON_ION_TRANSMEMBRANE_TRANSPORTER_ACTIVITY,GO_MF,CD8,SF_vs_PB_CD8,0.642115414,0.276763552,0.895553845,0.971716991,9,4,MCOLN2/SLC25A28/MCOLN1/SLC11A1,up,FALSE
GOMF_TBP_CLASS_PROTEIN_BINDING,GOMF_TBP_CLASS_PROTEIN_BINDING,GO_MF,CD8,SF_vs_PB_CD8,0.693253675,0.22610152,0.895724641,0.971716991,26,2,DRAP1/AHR,up,FALSE
GOMF_INTERLEUKIN_1_RECEPTOR_BINDING,GOMF_INTERLEUKIN_1_RECEPTOR_BINDING,GO_MF,CD8,SF_vs_PB_CD8,0.635599743,0.294847245,0.896658565,0.971966624,7,3,TOLLIP/IL1RN/MYD88,up,FALSE
GOMF_G_QUADRUPLEX_DNA_BINDING,GOMF_G_QUADRUPLEX_DNA_BINDING,GO_MF,CD8,SF_vs_PB_CD8,-0.644445318,-0.251517532,0.902471759,0.977500784,11,10,LONP1/PIF1/WRN/XRN1/RAD50/POT1/BLM/DHX36/NME2/CNBP,down,FALSE
GOMF_RNA_POLYMERASE_III_TRANSCRIPTION_REGULATORY_REGION_SEQUENCE_SPECIFIC_DNA_BINDING,GOMF_RNA_POLYMERASE_III_TRANSCRIPTION_REGULATORY_REGION_SEQUENCE_SPECIFIC_DNA_BINDING,GO_MF,CD8,SF_vs_PB_CD8,0.626424257,0.290590845,0.903653129,0.9780133,7,1,PRDX5,up,FALSE
GOMF_TRNA_CYTIDINE_METHYLTRANSFERASE_ACTIVITY,GOMF_TRNA_CYTIDINE_METHYLTRANSFERASE_ACTIVITY,GO_MF,CD8,SF_vs_PB_CD8,0.628020754,0.280295286,0.906323142,0.97929579,8,1,METTL8,up,FALSE
GOMF_CHLORIDE_ION_BINDING,GOMF_CHLORIDE_ION_BINDING,GO_MF,CD8,SF_vs_PB_CD8,0.61471638,0.298413275,0.911044955,0.97929579,6,3,NUDT16/NQO2/CTSC,up,FALSE
GOMF_PHOSPHATIDYLINOSITOL_3_KINASE_REGULATOR_ACTIVITY,GOMF_PHOSPHATIDYLINOSITOL_3_KINASE_REGULATOR_ACTIVITY,GO_MF,CD8,SF_vs_PB_CD8,0.630479877,0.256333747,0.911242925,0.97929579,11,2,SH3GLB1/KLF4,up,FALSE
GOMF_UBIQUITIN_LIGASE_COMPLEX_SCAFFOLD_ACTIVITY,GOMF_UBIQUITIN_LIGASE_COMPLEX_SCAFFOLD_ACTIVITY,GO_MF,CD8,SF_vs_PB_CD8,-0.627010922,-0.251495773,0.911893199,0.97929579,10,4,SKP1/CUL4A/CUL5/CUL1,down,FALSE
GOMF_TUMOR_NECROSIS_FACTOR_BINDING,GOMF_TUMOR_NECROSIS_FACTOR_BINDING,GO_MF,CD8,SF_vs_PB_CD8,0.613194845,0.297674648,0.912205808,0.97929579,6,4,ADAM17/TRAF2/TNFRSF1B/TNFRSF1A,up,FALSE
GOMF_TRANSAMINASE_ACTIVITY,GOMF_TRANSAMINASE_ACTIVITY,GO_MF,CD8,SF_vs_PB_CD8,-0.646816457,-0.234630837,0.912256046,0.97929579,14,6,CISD1/GOT2/GFPT2/OAT/ACCS/MGAT4A,down,FALSE
GOMF_5_DEOXYRIBOSE_5_PHOSPHATE_LYASE_ACTIVITY,GOMF_5_DEOXYRIBOSE_5_PHOSPHATE_LYASE_ACTIVITY,GO_MF,CD8,SF_vs_PB_CD8,0.613875033,0.284769407,0.913115271,0.97929579,7,1,POLG,up,FALSE
GOMF_ARYLSULFATASE_ACTIVITY,GOMF_ARYLSULFATASE_ACTIVITY,GO_MF,CD8,SF_vs_PB_CD8,0.620708141,0.267536624,0.913129536,0.97929579,9,3,ARSD/ARSA/STS,up,FALSE
GOMF_NUCLEOSOMAL_DNA_BINDING,GOMF_NUCLEOSOMAL_DNA_BINDING,GO_MF,CD8,SF_vs_PB_CD8,0.672803572,0.221538453,0.913132116,0.97929579,25,9,MBD2/SMARCD2/CHD4/ACTL6A/CENPA/SMARCC1/MBD3/SMARCA4/SMARCE1,up,FALSE
GOMF_PRE_MIRNA_BINDING,GOMF_PRE_MIRNA_BINDING,GO_MF,CD8,SF_vs_PB_CD8,0.619740401,0.276599637,0.913418477,0.97929579,8,2,DICER1/PRKRA,up,FALSE
GOMF_HISTONE_H4K5_ACETYLTRANSFERASE_ACTIVITY,GOMF_HISTONE_H4K5_ACETYLTRANSFERASE_ACTIVITY,GO_MF,CD8,SF_vs_PB_CD8,-0.628578481,-0.245324939,0.914998322,0.97929579,11,6,ING3/KAT7/BRPF3/JADE1/ING4/KAT8,down,FALSE
GOMF_TRANSFERASE_ACTIVITY_TRANSFERRING_NITROGENOUS_GROUPS,GOMF_TRANSFERASE_ACTIVITY_TRANSFERRING_NITROGENOUS_GROUPS,GO_MF,CD8,SF_vs_PB_CD8,0.649454914,0.231741881,0.915830007,0.97929579,18,5,GAPDH/BCAT2/BLVRB/PSAT1/BCAT1,up,FALSE
GOMF_HISTONE_H4K20_METHYLTRANSFERASE_ACTIVITY,GOMF_HISTONE_H4K20_METHYLTRANSFERASE_ACTIVITY,GO_MF,CD8,SF_vs_PB_CD8,0.603541672,0.309658077,0.916118421,0.97929579,5,5,TP53BP1/TTLL12/SETD4/NSD1/SMYD5,up,FALSE
GOMF_AZOLE_TRANSMEMBRANE_TRANSPORTER_ACTIVITY,GOMF_AZOLE_TRANSMEMBRANE_TRANSPORTER_ACTIVITY,GO_MF,CD8,SF_vs_PB_CD8,0.603208286,0.309487027,0.916515426,0.97929579,5,2,SLC38A5/SLC25A19,up,FALSE
GOMF_TELOMERASE_ACTIVITY,GOMF_TELOMERASE_ACTIVITY,GO_MF,CD8,SF_vs_PB_CD8,0.607348943,0.294836762,0.916699433,0.97929579,6,1,TEP1,up,FALSE
GOMF_PALMITOYL_HYDROLASE_ACTIVITY,GOMF_PALMITOYL_HYDROLASE_ACTIVITY,GO_MF,CD8,SF_vs_PB_CD8,-0.640741417,-0.232427133,0.917242786,0.97929579,14,5,ABHD17A/LYPLA1/ABHD13/LYPLAL1/ABHD10,down,FALSE
GOMF_N_ACETYLLACTOSAMINE_SYNTHASE_ACTIVITY,GOMF_N_ACETYLLACTOSAMINE_SYNTHASE_ACTIVITY,GO_MF,CD8,SF_vs_PB_CD8,-0.596765862,-0.297373785,0.917528181,0.97929579,5,2,B4GALT4/B4GALT1,down,FALSE
GOMF_ADP_D_RIBOSE_MODIFICATION_DEPENDENT_PROTEIN_BINDING,GOMF_ADP_D_RIBOSE_MODIFICATION_DEPENDENT_PROTEIN_BINDING,GO_MF,CD8,SF_vs_PB_CD8,-0.595919348,-0.296951959,0.918165029,0.97929579,5,3,PARP2/CHD1L/APLF,down,FALSE
GOMF_U2_SNRNA_BINDING,GOMF_U2_SNRNA_BINDING,GO_MF,CD8,SF_vs_PB_CD8,0.600790952,0.30824677,0.918311404,0.97929579,5,1,ISG20,up,FALSE
GOMF_ZINC_ION_TRANSMEMBRANE_TRANSPORTER_ACTIVITY,GOMF_ZINC_ION_TRANSMEMBRANE_TRANSPORTER_ACTIVITY,GO_MF,CD8,SF_vs_PB_CD8,0.64797905,0.228012536,0.919460616,0.979764746,19,6,SLC30A1/SLC39A6/SLC39A3/SLC39A13/SLC39A4/SLC39A1,up,FALSE
GOMF_RNA_ENDONUCLEASE_ACTIVITY_PRODUCING_5_PHOSPHOMONOESTERS_HYDROLYTIC_MECHANISM,GOMF_RNA_ENDONUCLEASE_ACTIVITY_PRODUCING_5_PHOSPHOMONOESTERS_HYDROLYTIC_MECHANISM,GO_MF,CD8,SF_vs_PB_CD8,-0.685596615,-0.204955405,0.921452336,0.980374435,29,5,MRPL44/RPP25/PLD6/POP5/APEX1,down,FALSE
GOMF_PHOSPHOPROTEIN_BINDING,GOMF_PHOSPHOPROTEIN_BINDING,GO_MF,CD8,SF_vs_PB_CD8,0.741227462,0.193432641,0.921452583,0.980374435,77,21,SAMSN1/CRMP1/MAPK3/GPRIN1/YWHAB/MAPK1/PIN1/VAV2/SNCA/PLCG2/CRK/PAFAH1B1/ABL1/YWHAE/LRP11/HCK/SH2D3A/SRC/RASA1/CRKL/PCIF1,up,FALSE
GOMF_PROTEIN_PHOSPHORYLATED_AMINO_ACID_BINDING,GOMF_PROTEIN_PHOSPHORYLATED_AMINO_ACID_BINDING,GO_MF,CD8,SF_vs_PB_CD8,0.707458078,0.200001526,0.923498878,0.981795189,50,15,SAMSN1/MAPK3/YWHAB/MAPK1/PIN1/VAV2/PLCG2/CRK/ABL1/YWHAE/HCK/SH2D3A/RASA1/CRKL/PCIF1,up,FALSE
GOMF_SHORT_CHAIN_CARBOXYLESTERASE_ACTIVITY,GOMF_SHORT_CHAIN_CARBOXYLESTERASE_ACTIVITY,GO_MF,CD8,SF_vs_PB_CD8,0.590606756,0.303021582,0.925722172,0.98198491,5,2,ABHD2/ABHD15,up,FALSE
GOMF_TELOMERASE_RNA_BINDING,GOMF_TELOMERASE_RNA_BINDING,GO_MF,CD8,SF_vs_PB_CD8,0.642517486,0.223167321,0.926113714,0.98198491,20,3,TEP1/SNRPB/NOP10,up,FALSE
GOMF_NADH_DEHYDROGENASE_ACTIVITY,GOMF_NADH_DEHYDROGENASE_ACTIVITY,GO_MF,CD8,SF_vs_PB_CD8,0.61675186,0.245044989,0.926464232,0.98198491,12,6,ENOX1/NDUFA9/NQO1/NDUFV2/NDUFS3/NDUFS8,up,FALSE
GOMF_SINGLE_STRANDED_DNA_ENDODEOXYRIBONUCLEASE_ACTIVITY,GOMF_SINGLE_STRANDED_DNA_ENDODEOXYRIBONUCLEASE_ACTIVITY,GO_MF,CD8,SF_vs_PB_CD8,-0.613068631,-0.239271672,0.926965664,0.98198491,11,3,SETMAR/ERCC4/SND1,down,FALSE
GOMF_RNA_POLYMERASE_II_CTD_HEPTAPEPTIDE_REPEAT_MODIFYING_ACTIVITY,GOMF_RNA_POLYMERASE_II_CTD_HEPTAPEPTIDE_REPEAT_MODIFYING_ACTIVITY,GO_MF,CD8,SF_vs_PB_CD8,0.641301852,0.222745092,0.927232674,0.98198491,20,4,CDK1/MAPK1/CTDSP1/CDK13,up,FALSE
GOMF_HISTONE_READER_ACTIVITY,GOMF_HISTONE_READER_ACTIVITY,GO_MF,CD8,SF_vs_PB_CD8,0.746847098,0.187343772,0.929603945,0.983741799,98,25,BARD1/CDYL2/YEATS2/SUZ12/UHRF2/BRD2/TRIM24/TNF/FMR1/RNF169/PHF19/TNRC18/CBX3/BRD3/MORC4/BRCA1/WDR5/BRD1/NCAPD3/BAZ2A/SPIN1/PHF13/ING5/LRWD1/TP53BP1,up,FALSE
GOMF_CHROMO_SHADOW_DOMAIN_BINDING,GOMF_CHROMO_SHADOW_DOMAIN_BINDING,GO_MF,CD8,SF_vs_PB_CD8,0.586760355,0.284842059,0.932090097,0.985224413,6,1,SP100,up,FALSE
GOMF_HISTONE_METHYLTRANSFERASE_ACTIVITY,GOMF_HISTONE_METHYLTRANSFERASE_ACTIVITY,GO_MF,CD8,SF_vs_PB_CD8,0.687958669,0.198586592,0.932786858,0.985224413,45,12,PRDM8/EZH2/KMT2A/KMT2D/SETD1B/DOT1L/NTMT1/KMT2C/WDR5/KMT2B/EZH1/TP53BP1,up,FALSE
GOMF_DIPEPTIDYL_PEPTIDASE_ACTIVITY,GOMF_DIPEPTIDYL_PEPTIDASE_ACTIVITY,GO_MF,CD8,SF_vs_PB_CD8,-0.590860923,-0.253896491,0.933474706,0.985224413,8,2,PRCP/DPP4,down,FALSE
GOMF_ORGANOPHOSPHATE_ESTER_TRANSMEMBRANE_TRANSPORTER_ACTIVITY,GOMF_ORGANOPHOSPHATE_ESTER_TRANSMEMBRANE_TRANSPORTER_ACTIVITY,GO_MF,CD8,SF_vs_PB_CD8,-0.706196249,-0.191526533,0.935106893,0.985224413,44,6,SLC25A36/SLC33A1/SLC25A23/SLC25A4/ABCD1/SLC25A6,down,FALSE
GOMF_AMINOPHOSPHOLIPID_FLIPPASE_ACTIVITY,GOMF_AMINOPHOSPHOLIPID_FLIPPASE_ACTIVITY,GO_MF,CD8,SF_vs_PB_CD8,-0.58200038,-0.260795295,0.935427196,0.985224413,7,2,ATP8A2/TMEM30B,down,FALSE
GOMF_DNA_REPLICATION_ORIGIN_BINDING,GOMF_DNA_REPLICATION_ORIGIN_BINDING,GO_MF,CD8,SF_vs_PB_CD8,-0.622164632,-0.217700436,0.935702316,0.985224413,16,6,ORC3/KAT7/GRWD1/ORC5/HSPD1/ORC4,down,FALSE
GOMF_GLUTATHIONE_TRANSMEMBRANE_TRANSPORTER_ACTIVITY,GOMF_GLUTATHIONE_TRANSMEMBRANE_TRANSPORTER_ACTIVITY,GO_MF,CD8,SF_vs_PB_CD8,0.576125991,0.295591961,0.936384604,0.985224413,5,2,ABCC1/ABCC4,up,FALSE
GOMF_NUCLEOSIDE_KINASE_ACTIVITY,GOMF_NUCLEOSIDE_KINASE_ACTIVITY,GO_MF,CD8,SF_vs_PB_CD8,0.579319789,0.268739636,0.937048925,0.985224413,7,4,CMPK1/UCKL1/TK2/UCK2,up,FALSE
GOMF_DNA_ENDONUCLEASE_ACTIVITY,GOMF_DNA_ENDONUCLEASE_ACTIVITY,GO_MF,CD8,SF_vs_PB_CD8,0.697309572,0.19414195,0.937425691,0.985224413,54,22,NEIL3/ENDOV/DCLRE1C/MGME1/RBBP8/DICER1/DNASE2/HMCES/FEN1/EXO1/SLX1B/SLX1A/ERCC1/MUS81/DNA2/N4BP2/GEN1/OGG1/EME2/NME1/ASTE1/DNASE1L1,up,FALSE
GOMF_PROTEIN_N_TERMINAL_AMINO_ACID_ACETYLTRANSFERASE_ACTIVITY,GOMF_PROTEIN_N_TERMINAL_AMINO_ACID_ACETYLTRANSFERASE_ACTIVITY,GO_MF,CD8,SF_vs_PB_CD8,0.578507882,0.280835907,0.938175214,0.985262335,6,1,NAA50,up,FALSE
GOMF_POLY_PURINE_TRACT_BINDING,GOMF_POLY_PURINE_TRACT_BINDING,GO_MF,CD8,SF_vs_PB_CD8,-0.653037418,-0.202531284,0.939982432,0.986270743,25,10,RBMS2/PABPC4/RBMS1/LARP4/RBMS3/HNRNPU/PPIE/TIA1/ZC3H14/PABPC1,down,FALSE
GOMF_P53_BINDING,GOMF_P53_BINDING,GO_MF,CD8,SF_vs_PB_CD8,0.704149524,0.190919216,0.941172686,0.986270743,62,19,CDKN2A/PLK3/TP73/TEP1/HTT/EP300/TRIM24/RFFL/RNF34/BRCA1/STK11/PTTG1IP/ZNF385A/ARMC10/TP53BP2/MUL1/TP53BP1/SMARCA4/HIF1A,up,FALSE
GOMF_PHOSPHATIDYLINOSITOL_4_PHOSPHATE_BINDING,GOMF_PHOSPHATIDYLINOSITOL_4_PHOSPHATE_BINDING,GO_MF,CD8,SF_vs_PB_CD8,-0.64513476300000006,-0.202235486,0.942477353,0.986270743,24,2,GSDMA/OSBPL5,down,FALSE
GOMF_SODIUM_PROTON_ANTIPORTER_ACTIVITY,GOMF_SODIUM_PROTON_ANTIPORTER_ACTIVITY,GO_MF,CD8,SF_vs_PB_CD8,0.578368815,0.249287596,0.942489554,0.986270743,9,3,SLC38A5/CHP1/SLC9A9,up,FALSE
GOMF_HISTONE_H3K36ME3_READER_ACTIVITY,GOMF_HISTONE_H3K36ME3_READER_ACTIVITY,GO_MF,CD8,SF_vs_PB_CD8,0.57160373,0.277484295,0.942706285,0.986270743,6,6,PHF19/MSH6/ZMYND11/MTF2/PHF1/PWWP2A,up,FALSE
GOMF_FLAVIN_ADENINE_DINUCLEOTIDE_BINDING,GOMF_FLAVIN_ADENINE_DINUCLEOTIDE_BINDING,GO_MF,CD8,SF_vs_PB_CD8,0.693977197,0.19058174,0.94527701,0.987151991,58,12,CYB5R3/MICAL1/SQLE/PPOX/AIFM2/DHCR24/QSOX1/ILVBL/ACOX3/NQO2/MTHFR/KMO,up,FALSE
GOMF_LIGASE_ACTIVITY_FORMING_CARBON_CARBON_BONDS,GOMF_LIGASE_ACTIVITY_FORMING_CARBON_CARBON_BONDS,GO_MF,CD8,SF_vs_PB_CD8,-0.566477595,-0.253839511,0.946055571,0.987151991,7,4,PC/MCCC2/PCCB/MCCC1,down,FALSE
GOMF_NUCLEOTIDE_TRANSMEMBRANE_TRANSPORTER_ACTIVITY,GOMF_NUCLEOTIDE_TRANSMEMBRANE_TRANSPORTER_ACTIVITY,GO_MF,CD8,SF_vs_PB_CD8,-0.648296385,-0.197271437,0.946365747,0.987151991,27,5,SLC35B3/SLC25A36/SLC25A23/SLC25A4/SLC25A6,down,FALSE
GOMF_UDP_GLUCOSYLTRANSFERASE_ACTIVITY,GOMF_UDP_GLUCOSYLTRANSFERASE_ACTIVITY,GO_MF,CD8,SF_vs_PB_CD8,0.565245513,0.262210745,0.946455407,0.987151991,7,2,GYG1/UGCG,up,FALSE
GOMF_NADPLUS_PROTEIN_LYSINE_ADP_RIBOSYLTRANSFERASE_ACTIVITY,GOMF_NADPLUS_PROTEIN_LYSINE_ADP_RIBOSYLTRANSFERASE_ACTIVITY,GO_MF,CD8,SF_vs_PB_CD8,0.55999429,0.287315297,0.947122656,0.987151991,5,5,SIRT6/PARP3/PARP10/PARP16/PARP11,up,FALSE
GOMF_HISTONE_H3K36_DEMETHYLASE_ACTIVITY,GOMF_HISTONE_H3K36_DEMETHYLASE_ACTIVITY,GO_MF,CD8,SF_vs_PB_CD8,0.569829796,0.254323769,0.947899965,0.987217083,8,1,KDM2B,up,FALSE
GOMF_TRANSLATION_TERMINATION_FACTOR_ACTIVITY,GOMF_TRANSLATION_TERMINATION_FACTOR_ACTIVITY,GO_MF,CD8,SF_vs_PB_CD8,0.552496438,0.283468388,0.951584241,0.988242853,5,1,GSPT1,up,FALSE
GOMF_RECEPTOR_TYROSINE_KINASE_BINDING,GOMF_RECEPTOR_TYROSINE_KINASE_BINDING,GO_MF,CD8,SF_vs_PB_CD8,-0.697494262,-0.181745408,0.951842092,0.988242853,53,11,PIK3R1/FNTA/MAP3K7/TRAT1/IRS2/GRB2/ERBB2/SH2B1/FLT3LG/PTPN2/TP53,down,FALSE
GOMF_CARBOXYLIC_ESTER_HYDROLASE_ACTIVITY,GOMF_CARBOXYLIC_ESTER_HYDROLASE_ACTIVITY,GO_MF,CD8,SF_vs_PB_CD8,0.70955254,0.183219636,0.952457215,0.988242853,82,22,PON2/ACOT9/ACOT7/DDHD2/H6PD/ABHD2/PLA2G15/ACOT4/PAFAH1B3/PAFAH1B2/ABHD6/GDE1/PPME1/ALDH2/PNPLA6/IARS2/ABHD12/LCAT/ABHD11/PNPLA7/ABHD15/DAGLB,up,FALSE
GOMF_PHOSPHOLIPASE_A1_ACTIVITY,GOMF_PHOSPHOLIPASE_A1_ACTIVITY,GO_MF,CD8,SF_vs_PB_CD8,-0.550845274,-0.259193056,0.953126006,0.988242853,6,3,ABHD3/LIPC/DDHD1,down,FALSE
GOMF_INOSITOL_PHOSPHATE_KINASE_ACTIVITY,GOMF_INOSITOL_PHOSPHATE_KINASE_ACTIVITY,GO_MF,CD8,SF_vs_PB_CD8,-0.567024402,-0.227435019,0.954072694,0.988242853,10,9,ITPK1/ITPKC/PPIP5K1/ITPKB/IPPK/PPIP5K2/IPMK/ITPKA/IP6K2,down,FALSE
GOMF_GENERAL_TRANSCRIPTION_INITIATION_FACTOR_ACTIVITY,GOMF_GENERAL_TRANSCRIPTION_INITIATION_FACTOR_ACTIVITY,GO_MF,CD8,SF_vs_PB_CD8,-0.687958993,-0.183181498,0.954265881,0.988242853,48,23,GTF2E2/GTF3C3/GTF2F2/GTF2H2/GTF2A2/GTF3C2/GTF2F1/TAF8/GTF2B/TAF7/BRF2/SNAPC5/TBP/SNAPC3/TAF12/TBPL1/TAF4B/GTF2H3/RRN3/TAF3/GTF3C1/UBTF/CCNH,down,FALSE
GOMF_PURINE_NUCLEOTIDE_TRANSMEMBRANE_TRANSPORTER_ACTIVITY,GOMF_PURINE_NUCLEOTIDE_TRANSMEMBRANE_TRANSPORTER_ACTIVITY,GO_MF,CD8,SF_vs_PB_CD8,-0.612214366,-0.198812099,0.954956432,0.988242853,21,4,SLC35B3/SLC25A23/SLC25A4/SLC25A6,down,FALSE
GOMF_OXIDOREDUCTASE_ACTIVITY_ACTING_ON_SINGLE_DONORS_WITH_INCORPORATION_OF_MOLECULAR_OXYGEN,GOMF_OXIDOREDUCTASE_ACTIVITY_ACTING_ON_SINGLE_DONORS_WITH_INCORPORATION_OF_MOLECULAR_OXYGEN,GO_MF,CD8,SF_vs_PB_CD8,-0.561683513,-0.225292773,0.956955625,0.988242853,10,5,ALOX15/ADI1/ALOX12B/CDO1/HPDL,down,FALSE
GOMF_DNA_TRANSLOCASE_ACTIVITY,GOMF_DNA_TRANSLOCASE_ACTIVITY,GO_MF,CD8,SF_vs_PB_CD8,-0.539530944,-0.268853112,0.957140128,0.988242853,5,2,RAD54B/ATRX,down,FALSE
GOMF_NUCLEAR_LOCALIZATION_SEQUENCE_BINDING,GOMF_NUCLEAR_LOCALIZATION_SEQUENCE_BINDING,GO_MF,CD8,SF_vs_PB_CD8,0.590386523,0.207746729,0.957652381,0.988242853,19,5,KPNA6/NUP153/KPNA2/KPNA4/TNPO2,up,FALSE
GOMF_INOSITOL_TRISPHOSPHATE_KINASE_ACTIVITY,GOMF_INOSITOL_TRISPHOSPHATE_KINASE_ACTIVITY,GO_MF,CD8,SF_vs_PB_CD8,-0.536470663,-0.267328146,0.958944531,0.988242853,5,4,ITPKC/ITPKB/IPMK/ITPKA,down,FALSE
GOMF_NEUROTROPHIN_RECEPTOR_BINDING,GOMF_NEUROTROPHIN_RECEPTOR_BINDING,GO_MF,CD8,SF_vs_PB_CD8,-0.544809239,-0.244129886,0.959091599,0.988242853,7,4,FRS2/PLCG1/PIK3R1/GRB2,down,FALSE
GOMF_NUCLEOBASE_CONTAINING_COMPOUND_TRANSMEMBRANE_TRANSPORTER_ACTIVITY,GOMF_NUCLEOBASE_CONTAINING_COMPOUND_TRANSMEMBRANE_TRANSPORTER_ACTIVITY,GO_MF,CD8,SF_vs_PB_CD8,-0.676353821,-0.181816482,0.959435805,0.988242853,46,7,SIDT1/SLC25A36/SLC33A1/SLC25A23/SLC25A4/ABCD1/SLC25A6,down,FALSE
GOMF_HISTONE_H3K9_DEMETHYLASE_ACTIVITY,GOMF_HISTONE_H3K9_DEMETHYLASE_ACTIVITY,GO_MF,CD8,SF_vs_PB_CD8,-0.563569444,-0.219952867,0.95948999,0.988242853,11,4,KDM4A/KDM1A/JMJD1C/KDM4C,down,FALSE
GOMF_HISTONE_OCTAMER_SLIDER_ACTIVITY,GOMF_HISTONE_OCTAMER_SLIDER_ACTIVITY,GO_MF,CD8,SF_vs_PB_CD8,0.538290163,0.276179599,0.959618875,0.988242853,5,5,SMARCA4/SMARCAD1/SMARCA5/RSF1/SMARCA2,up,FALSE
GOMF_CARBOXY_LYASE_ACTIVITY,GOMF_CARBOXY_LYASE_ACTIVITY,GO_MF,CD8,SF_vs_PB_CD8,-0.615471651,-0.190880737,0.961491892,0.989433907,25,7,FAHD1/ECHDC1/UMPS/PAICS/CSAD/ME2/ME1,down,FALSE
GOMF_RNA_POLYMERASE_II_GENERAL_TRANSCRIPTION_INITIATION_FACTOR_ACTIVITY,GOMF_RNA_POLYMERASE_II_GENERAL_TRANSCRIPTION_INITIATION_FACTOR_ACTIVITY,GO_MF,CD8,SF_vs_PB_CD8,0.630223713,0.189701434,0.962296184,0.989524222,37,2,DRAP1/SNAPC2,up,FALSE
GOMF_LIGASE_ACTIVITY_FORMING_CARBON_NITROGEN_BONDS,GOMF_LIGASE_ACTIVITY_FORMING_CARBON_NITROGEN_BONDS,GO_MF,CD8,SF_vs_PB_CD8,0.624938212,0.189200289,0.963633305,0.990161901,36,6,TTL/MTHFD1/GLUL/MTHFD1L/TTLL7/TTLL4,up,FALSE
GOMF_MOLECULAR_SENSOR_ACTIVITY,GOMF_MOLECULAR_SENSOR_ACTIVITY,GO_MF,CD8,SF_vs_PB_CD8,-0.666559111,-0.179183482,0.964991502,0.990634075,46,12,ARFIP2/SAR1A/MICU2/SYT5/TMEM63C/MICU3/MLH3/PMS2/MSH3/RAD51B/PMS1/TMEM63A,down,FALSE
GOMF_PROMOTER_SPECIFIC_CHROMATIN_BINDING,GOMF_PROMOTER_SPECIFIC_CHROMATIN_BINDING,GO_MF,CD8,SF_vs_PB_CD8,-0.68729378,-0.174529627,0.965823884,0.990634075,60,9,SETDB1/BMI1/HDAC1/ERCC4/DDX5/KAT8/RBL2/CHD7/TP53,down,FALSE
GOMF_RNA_POLYMERASE_II_CORE_PROMOTER_SEQUENCE_SPECIFIC_DNA_BINDING,GOMF_RNA_POLYMERASE_II_CORE_PROMOTER_SEQUENCE_SPECIFIC_DNA_BINDING,GO_MF,CD8,SF_vs_PB_CD8,-0.565035025,-0.201036677,0.966244822,0.990634075,15,5,GTF2B/STAT1/TBP/TBPL1/HDAC1,down,FALSE
GOMF_VITAMIN_BINDING,GOMF_VITAMIN_BINDING,GO_MF,CD8,SF_vs_PB_CD8,0.680049585,0.176382867,0.970492836,0.990993153,80,25,GLDC/VDR/PLOD3/FASN/CYP2R1/SPTLC2/PANK3/TCN2/PAM/FOLR2/PDXK/SEC14L2/P4HA2/PHYH/PSAT1/SDS/ILVBL/TYMS/OPN3/GNMT/DHTKD1/OGDH/KYNU/PDXDC1/SLC46A1,up,FALSE
GOMF_RNA_DIRECTED_DNA_POLYMERASE_ACTIVITY,GOMF_RNA_DIRECTED_DNA_POLYMERASE_ACTIVITY,GO_MF,CD8,SF_vs_PB_CD8,0.520444178,0.241427933,0.97055604,0.990993153,7,1,TEP1,up,FALSE
GOMF_PROTEIN_PHOSPHATASE_1_BINDING,GOMF_PROTEIN_PHOSPHATASE_1_BINDING,GO_MF,CD8,SF_vs_PB_CD8,0.566125979,0.19426778,0.970720642,0.990993153,21,6,AKAP11/PPP1R3B/STAU1/TPRN/PPP1R9B/PPP1R3D,up,FALSE
GOMF_STRUCTURAL_CONSTITUENT_OF_POSTSYNAPTIC_ACTIN_CYTOSKELETON,GOMF_STRUCTURAL_CONSTITUENT_OF_POSTSYNAPTIC_ACTIN_CYTOSKELETON,GO_MF,CD8,SF_vs_PB_CD8,-0.513980438,-0.256121065,0.97095973,0.990993153,5,4,ACTB/POTEF/DBNL/ACTG1,down,FALSE
GOMF_ALPHA_GLUCOSIDASE_ACTIVITY,GOMF_ALPHA_GLUCOSIDASE_ACTIVITY,GO_MF,CD8,SF_vs_PB_CD8,-0.51269426,-0.255480151,0.971660263,0.990993153,5,4,AGL/GAA/GANAB/GANC,down,FALSE
GOMF_SIGNAL_SEQUENCE_BINDING,GOMF_SIGNAL_SEQUENCE_BINDING,GO_MF,CD8,SF_vs_PB_CD8,0.607590113,0.184999672,0.972329819,0.990993153,35,9,AP2B1/KDELR3/KPNA6/NUP153/KPNA2/KPNA4/TNPO2/SRP54/AP2M1,up,FALSE
GOMF_PRERIBOSOME_BINDING,GOMF_PRERIBOSOME_BINDING,GO_MF,CD8,SF_vs_PB_CD8,-0.511888309,-0.240862364,0.97347241,0.990993153,6,4,ZNF593/NVL/GTPBP4/ZNF622,down,FALSE
GOMF_DEMETHYLASE_ACTIVITY,GOMF_DEMETHYLASE_ACTIVITY,GO_MF,CD8,SF_vs_PB_CD8,-0.632922783,-0.175240684,0.973755701,0.990993153,40,6,MMACHC/KDM4C/UTY/ALKBH2/ALKBH3/ALKBH7,down,FALSE
GOMF_TRIPEPTIDE_TRANSMEMBRANE_TRANSPORTER_ACTIVITY,GOMF_TRIPEPTIDE_TRANSMEMBRANE_TRANSPORTER_ACTIVITY,GO_MF,CD8,SF_vs_PB_CD8,-0.508199868,-0.239126817,0.974910394,0.990993153,6,4,SLC25A40/ABCC5/SLC25A39/SLC15A2,down,FALSE
GOMF_HEPARAN_SULFATE_BINDING,GOMF_HEPARAN_SULFATE_BINDING,GO_MF,CD8,SF_vs_PB_CD8,-0.503574465,-0.250935675,0.975905916,0.990993153,5,3,NRTN/APP/PPIA,down,FALSE
GOMF_ACETYL_COA_C_ACYLTRANSFERASE_ACTIVITY,GOMF_ACETYL_COA_C_ACYLTRANSFERASE_ACTIVITY,GO_MF,CD8,SF_vs_PB_CD8,0.5054543,0.234474304,0.976808475,0.990993153,7,1,ACAT2,up,FALSE
GOMF_C_ACETYLTRANSFERASE_ACTIVITY,GOMF_C_ACETYLTRANSFERASE_ACTIVITY,GO_MF,CD8,SF_vs_PB_CD8,0.504025855,0.233811666,0.977383625,0.990993153,7,7,ACAT2/HADHB/GCAT/ACAT1/ACAA2/HADHA/ACAA1,up,FALSE
GOMF_INOSITOL_HEXAKISPHOSPHATE_KINASE_ACTIVITY,GOMF_INOSITOL_HEXAKISPHOSPHATE_KINASE_ACTIVITY,GO_MF,CD8,SF_vs_PB_CD8,-0.507443652,-0.227386307,0.977398434,0.990993153,7,3,PPIP5K2/ITPKA/IP6K2,down,FALSE
GOMF_GROWTH_HORMONE_RECEPTOR_BINDING,GOMF_GROWTH_HORMONE_RECEPTOR_BINDING,GO_MF,CD8,SF_vs_PB_CD8,0.499761858,0.256411948,0.97790003,0.990993153,5,2,JAK3/TYK2,up,FALSE
GOMF_METAL_ION_SENSOR_ACTIVITY,GOMF_METAL_ION_SENSOR_ACTIVITY,GO_MF,CD8,SF_vs_PB_CD8,0.506319983,0.225978367,0.978253257,0.990993153,8,2,SYT11/SLC39A4,up,FALSE
GOMF_HISTONE_H4K20ME2_READER_ACTIVITY,GOMF_HISTONE_H4K20ME2_READER_ACTIVITY,GO_MF,CD8,SF_vs_PB_CD8,-0.499295917,-0.234937179,0.978516086,0.990993153,6,3,KDM4A/L3MBTL2/MBTD1,down,FALSE
GOMF_TELOMERASE_INHIBITOR_ACTIVITY,GOMF_TELOMERASE_INHIBITOR_ACTIVITY,GO_MF,CD8,SF_vs_PB_CD8,-0.508227754,-0.218388521,0.978794106,0.990993153,8,7,PIF1/MCRS1/TEN1/TNKS/POT1/PINX1/ERCC4,down,FALSE
GOMF_MINOR_GROOVE_OF_ADENINE_THYMINE_RICH_DNA_BINDING,GOMF_MINOR_GROOVE_OF_ADENINE_THYMINE_RICH_DNA_BINDING,GO_MF,CD8,SF_vs_PB_CD8,-0.494064037,-0.232475386,0.980426244,0.99191842,6,2,HMGA1/MAPT,down,FALSE
GOMF_RNA_POLYMERASE_III_GENERAL_TRANSCRIPTION_INITIATION_FACTOR_ACTIVITY,GOMF_RNA_POLYMERASE_III_GENERAL_TRANSCRIPTION_INITIATION_FACTOR_ACTIVITY,GO_MF,CD8,SF_vs_PB_CD8,0.499492607,0.198456086,0.983304517,0.994102151,12,2,GTF3C6/GTF3C4,up,FALSE
GOMF_INTRONIC_TRANSCRIPTION_REGULATORY_REGION_SEQUENCE_SPECIFIC_DNA_BINDING,GOMF_INTRONIC_TRANSCRIPTION_REGULATORY_REGION_SEQUENCE_SPECIFIC_DNA_BINDING,GO_MF,CD8,SF_vs_PB_CD8,0.484969767,0.224971771,0.984508061,0.994590807,7,3,BCL6/ZNF350/NCOA2,up,FALSE
GOMF_MANNOSYLTRANSFERASE_ACTIVITY,GOMF_MANNOSYLTRANSFERASE_ACTIVITY,GO_MF,CD8,SF_vs_PB_CD8,-0.542923202,-0.174152129,0.985231869,0.994594453,22,5,ALG11/POMT1/ALG2/TMEM260/PIGV,down,FALSE
GOMF_PHOSPHATIDYLINOSITOL_4_5_BISPHOSPHATE_5_PHOSPHATASE_ACTIVITY,GOMF_PHOSPHATIDYLINOSITOL_4_5_BISPHOSPHATE_5_PHOSPHATASE_ACTIVITY,GO_MF,CD8,SF_vs_PB_CD8,0.464123541,0.215301452,0.989944155,0.996327342,7,4,INPP5E/FIG4/SYNJ1/INPP5K,up,FALSE
GOMF_PHOSPHATIDYLINOSITOL_4_5_BISPHOSPHATE_PHOSPHATASE_ACTIVITY,GOMF_PHOSPHATIDYLINOSITOL_4_5_BISPHOSPHATE_PHOSPHATASE_ACTIVITY,GO_MF,CD8,SF_vs_PB_CD8,0.464123541,0.215301452,0.989944155,0.996327342,7,4,INPP5E/FIG4/SYNJ1/INPP5K,up,FALSE
GOMF_MOLECULAR_CARRIER_ACTIVITY,GOMF_MOLECULAR_CARRIER_ACTIVITY,GO_MF,CD8,SF_vs_PB_CD8,-0.680944536,-0.156851972,0.99055005,0.996327342,102,26,EMC10/KPNA3/ANKRD13C/ISCU/PDCD2/OXA1L/IPO5/TNPO1/XPO4/NUBPL/DISP1/ATOX1/COX11/CYGB/RANBP6/MTRR/HBQ1/HBA1/TMCO6/SNUPN/WFS1/HBA2/TIMM9/SERINC5/IPCEF1/FXN,down,FALSE
GOMF_HYDROLASE_ACTIVITY_HYDROLYZING_O_GLYCOSYL_COMPOUNDS,GOMF_HYDROLASE_ACTIVITY_HYDROLYZING_O_GLYCOSYL_COMPOUNDS,GO_MF,CD8,SF_vs_PB_CD8,-0.588929895,-0.154191977,0.991810055,0.996327342,52,10,GANC/FUCA2/EDEM3/NAGPA/CHI3L2/ABHD10/MAN1A2/EDEM2/MANBA/GALC,down,FALSE
GOMF_VITAMIN_B6_BINDING,GOMF_VITAMIN_B6_BINDING,GO_MF,CD8,SF_vs_PB_CD8,0.521306735,0.163369589,0.99235224,0.996327342,31,12,GLDC/SPTLC2/PDXK/PSAT1/SDS/KYNU/PDXDC1/SGPL1/ABAT/GOT1/PHYKPL/PYGB,up,FALSE
GOMF_NUCLEOCYTOPLASMIC_CARRIER_ACTIVITY,GOMF_NUCLEOCYTOPLASMIC_CARRIER_ACTIVITY,GO_MF,CD8,SF_vs_PB_CD8,0.516927248,0.163159918,0.992367585,0.996327342,30,7,NUTF2/KPNA6/IPO9/KPNA2/IPO11/KPNA4/TNPO2,up,FALSE
GOMF_INSULIN_RECEPTOR_BINDING,GOMF_INSULIN_RECEPTOR_BINDING,GO_MF,CD8,SF_vs_PB_CD8,-0.477939827,-0.164562128,0.99267577,0.996327342,17,5,APP/SNX2/PIK3R1/IRS2/IGF1R,down,FALSE
GOMF_GLUCOSIDASE_ACTIVITY,GOMF_GLUCOSIDASE_ACTIVITY,GO_MF,CD8,SF_vs_PB_CD8,0.448665547,0.217804112,0.993072329,0.996327342,6,6,MOGS/GBA2/AGL/GAA/GANAB/GANC,up,FALSE
GOMF_INOSITOL_PHOSPHATE_PHOSPHATASE_ACTIVITY,GOMF_INOSITOL_PHOSPHATE_PHOSPHATASE_ACTIVITY,GO_MF,CD8,SF_vs_PB_CD8,0.472891446,0.168739586,0.993441528,0.996327342,18,5,INPP5E/INPPL1/IMPA2/INPP1/INPP5F,up,FALSE
GOMF_MODIFIED_AMINO_ACID_TRANSMEMBRANE_TRANSPORTER_ACTIVITY,GOMF_MODIFIED_AMINO_ACID_TRANSMEMBRANE_TRANSPORTER_ACTIVITY,GO_MF,CD8,SF_vs_PB_CD8,0.459380477,0.15763775,0.9957948,0.997426925,21,11,SLC1A4/ABCC1/SLC25A12/ABCC4/SLC46A1/SLC6A8/SLC25A13/CTNS/SLC19A1/SLC7A11/SLC6A20,up,FALSE
GOMF_PHOSPHATIDYLINOSITOL_PHOSPHATE_PHOSPHATASE_ACTIVITY,GOMF_PHOSPHATIDYLINOSITOL_PHOSPHATE_PHOSPHATASE_ACTIVITY,GO_MF,CD8,SF_vs_PB_CD8,0.455137552,0.151262474,0.996656445,0.997426925,24,12,INPP5E/INPPL1/INPP5F/MTMR1/FIG4/MTMR3/SYNJ1/INPP5K/PIKFYVE/PTEN/MTM1/MTMR6,up,FALSE
GOMF_G_QUADRUPLEX_RNA_BINDING,GOMF_G_QUADRUPLEX_RNA_BINDING,GO_MF,CD8,SF_vs_PB_CD8,0.424879825,0.206257364,0.996704675,0.997426925,6,1,FMR1,up,FALSE
GOMF_PHOSPHATIDYLINOSITOL_BISPHOSPHATE_PHOSPHATASE_ACTIVITY,GOMF_PHOSPHATIDYLINOSITOL_BISPHOSPHATE_PHOSPHATASE_ACTIVITY,GO_MF,CD8,SF_vs_PB_CD8,0.4065406,0.141204837,0.999073362,0.999073362,20,12,INPP5E/MTMR1/FIG4/MTMR3/SYNJ1/INPP5K/PIKFYVE/PTEN/MTM1/MTMR6/MTMR2/MTMR14,up,FALSE
