pathway_id,pathway_name,database,population,contrast,nes,enrichment_score,pvalue,padj,set_size,leading_edge_size,core_enrichment,direction,is_pooled_alias
GOMF_STRUCTURAL_CONSTITUENT_OF_RIBOSOME,GOMF_STRUCTURAL_CONSTITUENT_OF_RIBOSOME,GO_MF,Tcon,SF_vs_PB_Tcon,-3.1730959,-0.672298964,2.11598171e-30,2.9771862700000002e-27,156,92,MRPS24/MRPS9/MRPL55/RPL28/MRPS2/RPL41/MRPS35/RPS19/FAU/RSL24D1/MRPS25/RPS10/MRPL1/RPL26/MRPL46/RPS16/RPL17/RPS27A/RPLP0/RPL14/RPL24/RPS24/RPL7A/RPL36A/RPL35/RPL27A/RPS9/RPS27/RPS15/RPL10/MRPS18B/MRPS33/RPS11/RPL23A/RPL37A/UBA52/RPS3/RPL8/RPS4X/RPL23/RPS14/DAP3/RPL15/RPL13/MRPS31/RPS25/RPS21/RPL13A/RPS15A/RPS4Y1/RPL12/RPL18A/RPL35A/RPL36/RPL18/MRPS30/RPS18/RPS7/RPS29/RPL34/RPS23/RPL3/RPL19/RPS28/RPS12/RPL30/MRPL45/RPL38/RPL29/RPL11/RPL31/RPL21/RPLP2/RPSA/RPL39/RPL32/RPL6/RPL27/RPL9/RPS5/RPS20/RPL37/RPL10A/RPS6/RPL4/RPL5/RPS3A/RPS13/RPS8/RPS2/RPL7/RPL22,down,FALSE
GOMF_CYTOKINE_RECEPTOR_BINDING,GOMF_CYTOKINE_RECEPTOR_BINDING,GO_MF,Tcon,SF_vs_PB_Tcon,2.40894583,0.543660019,4.30070405e-13,3.0255453e-10,153,73,CCL5/IFNG/CXCL13/CKLF/SMAD7/CD70/CCL3/XCL2/CCL4/FASLG/LIF/TNF/CCL23/XCL1/CSF1/IL10/EFNA5/MYD88/IL7/CCR2/IL15/CCL20/CCL4L2/CASP3/CCRL2/TNFSF14/EBI3/SOCS1/TNFSF4/SYK/MIF/VEGFA/CSF2/CXCL16/ADAM8/CCDC88A/TNFSF9/TNFSF8/IL1RN/TOLLIP/IL18/ADAM17/CCL2/JAK3/RNF41/SH2B3/SMURF1/PDCL3/CREB3/SPRED1/BID/NOL3/SPRED2/ITGA5/TMBIM1/STAT3/NTRK1/TGFBR3/DEFB1/CXCL10/CCL17/IL21/C3/ENG/TNFSF13/TNFSF12/IL23R/CFLAR/TRIM37/OSM/ECM1/FKBP1A/TRAF2,up,FALSE
GOMF_CYTOKINE_ACTIVITY,GOMF_CYTOKINE_ACTIVITY,GO_MF,Tcon,SF_vs_PB_Tcon,2.38472949,0.58161664,4.71226878e-10,2.21005406e-7,92,51,CCL5/IFNG/CXCL13/CKLF/CCL3/XCL2/CCL4/FASLG/LIF/TNF/CCL23/XCL1/CSF1/NAMPT/IL10/IL7/IL26/IL15/CCL20/CCL4L2/TNFSF14/TIMP1/EBI3/TNFSF4/MIF/VEGFA/CSF2/CXCL16/SPP1/TNFSF9/TNFSF8/IL1RN/CMTM1/IL18/GPI/CCL2/CXCL10/GRN/IL32/CCL17/IL21/C3/TNFSF13/TNFSF12/IL17C/OSM/CMTM2/HMGB1/CCL18/CMTM3/CLCF1,up,FALSE
GOMF_CHEMOKINE_RECEPTOR_BINDING,GOMF_CHEMOKINE_RECEPTOR_BINDING,GO_MF,Tcon,SF_vs_PB_Tcon,2.4495746,0.756448884,1.44069102e-8,5.06763068e-6,29,20,CCL5/CXCL13/CKLF/CCL3/XCL2/CCL4/CCL23/XCL1/CCR2/CCL20/CCL4L2/CCRL2/CXCL16/CCL2/CREB3/STAT3/DEFB1/CXCL10/CCL17/C3,up,FALSE
GOMF_ENZYME_INHIBITOR_ACTIVITY,GOMF_ENZYME_INHIBITOR_ACTIVITY,GO_MF,Tcon,SF_vs_PB_Tcon,1.89983661,0.397850309,6.48286057e-8,1.81315681e-5,280,99,CDKN1A/ATP2B4/CST7/NOTCH1/FURIN/IQGAP1/LGALS3/SKI/PTTG1/CIB1/HMSD/LIMK1/PRNP/SERPINB8/PRKAR1A/PREX1/CRIM1/CDKN2A/CD109/ANXA4/ANXA2/ARPP19/PHPT1/CLSTN3/GAPDH/PARP9/PPP1R16B/ANXA1/TRIB1/TIMP2/SPOCK2/CASP3/RGS2/LILRB4/DYNLL1/YWHAB/SERPINH1/TIMP1/PPP1R14B/CPEB2/MAPK7/SOCS1/KAT2B/IQGAP2/CAMK2N1/CST3/ENSA/ANXA5/GSKIP/GNAZ/TESK1/RTKN/RNH1/SNCA/PPP1R16A/THBS1/PPP5C/SPINT1/APLP2/YWHAE/CSTB/ANP32E/SERPINA1/APOC1/DTX3L/SPRED1/DUSP22/SPRED2/CAST/AKT1/YWHAG/SERPING1/DUSP3/SERPINE1/C3/PHACTR1/CST6/CAV1/A2M/CDKN2C/CHP1/ACD/SERPINF1/RAB13/GSTP1/PPP1R14A/GMFB/HYAL2/BST2/HTRA2/FBXO5/NELFE/PIF1/SERPINB1/SUPT4H1/GCHFR/PTPRC/NELFB/OAZ3,up,FALSE
GOMF_MHC_PROTEIN_COMPLEX_BINDING,GOMF_MHC_PROTEIN_COMPLEX_BINDING,GO_MF,Tcon,SF_vs_PB_Tcon,2.40196675,0.723568809,7.73201196e-8,1.81315681e-5,32,22,CD74/HLA-DQA1/HLA-DRB1/HLA-DRB5/CD81/HLA-DQA2/ATP1B1/HLA-DMA/HLA-DPA1/HLA-DRA/HLA-DPB1/HLA-DQB2/HLA-DQB1/HLA-DMB/TAPBP/PKM/CD8A/YWHAE/LILRB1/HLA-DOA/CD4/LILRB2,up,FALSE
GOMF_RRNA_BINDING,GOMF_RRNA_BINDING,GO_MF,Tcon,SF_vs_PB_Tcon,-2.30711812,-0.573930832,1.08789148e-7,2.00832369e-5,62,32,TACO1/MRPL11/PPAN/PTCD3/RPUSD4/DDX28/BRIX1/EMG1/RRS1/RPLP0/UTP23/RPS9/RPS11/RPL23A/DDX55/GTPBP10/RPS3/RPL8/RPS4X/RPL23/RPS4Y1/RPL12/RPS18/NPM1/MRPS27/EEF2/RPL11/RPL9/RPS5/RPL37/RPL5/RPS13,down,FALSE
GOMF_MHC_CLASS_II_PROTEIN_COMPLEX_BINDING,GOMF_MHC_CLASS_II_PROTEIN_COMPLEX_BINDING,GO_MF,Tcon,SF_vs_PB_Tcon,2.39715815,0.766925569,1.14190402e-7,2.00832369e-5,25,15,CD74/HLA-DQA1/HLA-DRB1/HLA-DRB5/CD81/HLA-DQA2/ATP1B1/HLA-DMA/HLA-DPA1/HLA-DRA/HLA-DPB1/HLA-DQB2/HLA-DQB1/HLA-DMB/PKM,up,FALSE
GOMF_CCR_CHEMOKINE_RECEPTOR_BINDING,GOMF_CCR_CHEMOKINE_RECEPTOR_BINDING,GO_MF,Tcon,SF_vs_PB_Tcon,2.37410453,0.812772215,1.36694158e-7,2.13698533e-5,19,15,CCL5/CXCL13/CCL3/XCL2/CCL4/CCL23/XCL1/CCR2/CCL20/CCL4L2/CCRL2/CCL2/CREB3/STAT3/DEFB1,up,FALSE
GOMF_TUBULIN_BINDING,GOMF_TUBULIN_BINDING,GO_MF,Tcon,SF_vs_PB_Tcon,1.81918761,0.378649234,1.88432701e-7,2.6512481e-5,297,128,LUZP1/SYT11/TPPP/EZR/REEP4/PRNP/EML2/KIF20B/MX1/CCDC88B/MAP7D3/STARD9/KIF21A/MAP4/BCL2L11/KIF13B/GAPDH/KIF1C/PDE4B/B9D2/JAKMIP2/KATNAL1/TBCD/GOLGA2/NDRG1/KIF3C/RGS2/KIF1B/TBCB/ARL3/RAB11A/KIF5C/EML4/DAG1/MARK4/MAP1LC3A/RACGAP1/MAP6/CAMSAP1/KIF11/NUSAP1/SNCA/KIF3A/FES/CCDC88A/PPP5C/GAS2L1/KIF23/FHDC1/DIXDC1/LYN/MAST2/DNM2/IFT81/CLIP2/FAM110C/TRIM36/MAP1A/NDC80/SSNA1/SPIRE1/BBS4/BRCA2/DIAPH3/TPPP3/KATNB1/KATNA1/CENPE/GTSE1/CENPF/GABARAPL1/SKA2/PRC1/CHP1/WDR90/CLIP1/RCC2/KIF24/PAK1/MAP1S/KIF18A/KIF15/MAP1LC3B/BLOC1S2/TUBA1A/REEP3/DNAL1/KIFC1/KIF4A/EML3/ARL8A/SMC3/MAPRE1/CCDC170/GABARAP/CLASP1/RAB11FIP5/PAFAH1B1/AGBL5/CCP110/KIF14/SPAG5/STIM1/KNSTRN/MACF1/KIFC3/GAS2L3/CDK5RAP2/CRIPT/KIF18B/DDX3X/KIF5B/KIF22/HAUS7/NUMA1/JAKMIP1/TTLL5/TTLL4/ALDOA/CCSER2/HTT/TAOK1/KIF20A/BRCA1/ENKD1/TRAF3IP1/APC/ATF5,up,FALSE
GOMF_ANTIGEN_BINDING,GOMF_ANTIGEN_BINDING,GO_MF,Tcon,SF_vs_PB_Tcon,2.27353889,0.617039344,2.74333522e-7,3.50897515e-5,52,33,CD1C/HLA-DQA1/HLA-DRB1/HLA-DRB5/HLA-DQA2/LAG3/SLAMF1/HLA-DMA/HLA-DPA1/HLA-DRA/HLA-DPB1/HLA-DQB2/HLA-DQB1/TAP1/HLA-DMB/TAPBP/DHCR24/KIR2DL3/CD1E/LILRA2/TSPAN4/HLA-DOA/HLA-A/C3/HLA-F/CD1B/HLA-C/KLRC1/SLC7A5/HLA-G/HLA-B/CD1A/SIRPA,up,FALSE
GOMF_CALCIUM_DEPENDENT_PROTEIN_BINDING,GOMF_CALCIUM_DEPENDENT_PROTEIN_BINDING,GO_MF,Tcon,SF_vs_PB_Tcon,2.26595108,0.627564863,3.6000714e-7,3.95320337e-5,47,20,STX1A/S100A11/ANXA4/ANXA2/VLDLR/S100A10/S100A6/ANXA1/S100A2/VPS37B/LRP8/S100A4/TSG101/ANXA7/MYO1D/RAC3/S100PBP/CALM2/A2M/CHP1,up,FALSE
GOMF_ACTIN_BINDING,GOMF_ACTIN_BINDING,GO_MF,Tcon,SF_vs_PB_Tcon,1.8064843,0.375182259,3.65256886e-7,3.95320337e-5,303,89,CCR5/ACTN4/CXCR4/MICAL1/CTNNA1/LUZP1/TNS4/IQGAP1/MYO7A/HIP1/EZR/PLEC/TPM4/SYNE2/MYO1C/YWHAH/ANG/VASH1/ANKRD35/LSP1/PHPT1/MSN/SNTA1/CYFIP1/PLS3/CAPZA2/FMNL1/FHOD1/CEACAM1/RDX/MYO5A/TMOD3/DIAPH1/CACNB2/FMNL3/MYO1F/CTNNAL1/PDLIM7/PDLIM4/IQGAP2/DAG1/CAPG/RUSC1/CORO1C/WIPF1/SNTB2/S100A4/TRIOBP/TAGLN2/SNCA/LASP1/DMD/CCDC88A/TLN1/MSRB1/GAS2L1/PARVG/FHDC1/NOD2/DIXDC1/FSCN1/GSN/PDLIM1/NEBL/MYO1D/TWF2/MAEA/MAP1A/SPIRE1/DIAPH3/PPP1R18/NF2/MICAL2/TNS1/ENC1/PHACTR1/TNNI2/SSH1/MYO9B/EPB41L3/GMFB/MARCKS/MYO19/MAP1S/PXK/MICALL1/KIF18A/TPM3/WIPF2,up,FALSE
GOMF_ENDOPEPTIDASE_REGULATOR_ACTIVITY,GOMF_ENDOPEPTIDASE_REGULATOR_ACTIVITY,GO_MF,Tcon,SF_vs_PB_Tcon,2.13499088,0.526710406,4.44808678e-7,4.47032721e-5,86,39,CST7/FURIN/PTTG1/HMSD/PRNP/SERPINB8/CRIM1/CD109/ANXA2/GAPDH/NLRP3/PSENEN/TIMP2/SPOCK2/BAD/SERPINH1/TIMP1/NDUFA13/CST3/SNCA/THBS1/SPINT1/APLP2/CSTB/ADRM1/SERPINA1/CAST/APAF1/SERPING1/SERPINE1/C3/ABCA2/CST6/A2M/SERPINF1/BST2/PSMD14/AIM2/SERPINB1,up,FALSE
GOMF_MICROTUBULE_BINDING,GOMF_MICROTUBULE_BINDING,GO_MF,Tcon,SF_vs_PB_Tcon,1.87472351,0.403969303,7.25116581e-7,6.76396238e-5,218,98,LUZP1/TPPP/EZR/REEP4/PRNP/EML2/KIF20B/MX1/CCDC88B/MAP7D3/STARD9/KIF21A/MAP4/BCL2L11/KIF13B/GAPDH/KIF1C/JAKMIP2/KATNAL1/GOLGA2/NDRG1/KIF3C/KIF1B/TBCB/ARL3/RAB11A/KIF5C/EML4/MARK4/MAP1LC3A/RACGAP1/MAP6/CAMSAP1/KIF11/NUSAP1/SNCA/KIF3A/FES/CCDC88A/PPP5C/GAS2L1/KIF23/FHDC1/MAST2/DNM2/CLIP2/MAP1A/NDC80/SSNA1/SPIRE1/DIAPH3/KATNB1/KATNA1/CENPE/GTSE1/CENPF/SKA2/PRC1/CHP1/WDR90/CLIP1/RCC2/KIF24/MAP1S/KIF18A/KIF15/MAP1LC3B/TUBA1A/REEP3/KIFC1/KIF4A/EML3/MAPRE1/CCDC170/GABARAP/CLASP1/PAFAH1B1/CCP110/KIF14/SPAG5/STIM1/KNSTRN/MACF1/KIFC3/GAS2L3/CDK5RAP2/CRIPT/KIF18B/KIF5B/KIF22/HAUS7/NUMA1/JAKMIP1/CCSER2/KIF20A/ENKD1/TRAF3IP1/APC,up,FALSE
GOMF_CHEMOKINE_ACTIVITY,GOMF_CHEMOKINE_ACTIVITY,GO_MF,Tcon,SF_vs_PB_Tcon,2.27494868,0.768670342,7.6917838e-7,6.76396238e-5,20,15,CCL5/CXCL13/CKLF/CCL3/XCL2/CCL4/CCL23/XCL1/CCL20/CCL4L2/CXCL16/CCL2/CXCL10/CCL17/C3,up,FALSE
GOMF_IMMUNE_RECEPTOR_ACTIVITY,GOMF_IMMUNE_RECEPTOR_ACTIVITY,GO_MF,Tcon,SF_vs_PB_Tcon,2.01724391,0.471839722,2.3131139e-6,1.91444192e-4,120,48,CXCR3/IL2RB/CCR5/CXCR6/CXCR4/CD74/HLA-DQA1/IFNGR1/IL18RAP/CD44/HLA-DQA2/HLA-DPA1/GPR35/FPR3/HLA-DQB2/FCGR2B/CCR2/HLA-DQB1/CCR1/FCER1A/IL12RB2/LILRB4/CCRL2/C3AR1/EBI3/IL18R1/CSF2RA/FPR1/FCGR2A/FCER1G/KIR2DL3/LAIR2/IL13RA1/C5AR1/IL2RG/LILRB1/LILRA2/HLA-DOA/IL4R/IL15RA/IL23R/LILRB5/FCGR1A/CD4/LILRA3/FCGR3A/LILRB2/CSF2RB,up,FALSE
GOMF_POLYPEPTIDE_CONFORMATION_OR_ASSEMBLY_ISOMERASE_ACTIVITY,GOMF_POLYPEPTIDE_CONFORMATION_OR_ASSEMBLY_ISOMERASE_ACTIVITY,GO_MF,Tcon,SF_vs_PB_Tcon,2.10938205,0.52864922,3.29531508e-6,2.57583795e-4,79,44,MYO7A/MYO1C/KIF20B/STARD9/KIF21A/KIF13B/KIF1C/MYL6/KATNAL1/DYNC2H1/KIF3C/MYO5A/MYO1F/KIF1B/DYNC1H1/PSMC3/KIF5C/KIF11/KIF3A/KIF23/MYO1D/KATNA1/CENPE/PSMC1/DYNC1I2/MYO9B/KIF24/MYO19/DYNLRB1/KIF18A/KIF15/KIFC1/KIF4A/MYO1B/PSMC2/SMC3/DNAL4/KIF14/PSMC4/MYO1E/KIFC3/KIF18B/KIF5B/KIF22,up,FALSE
GOMF_PEPTIDE_BINDING,GOMF_PEPTIDE_BINDING,GO_MF,Tcon,SF_vs_PB_Tcon,1.94607676,0.441581476,4.38623484e-6,3.24812233e-4,147,56,FURIN/PPARG/CD74/HLA-DQA1/HLA-DRB1/HLA-DRB5/LDLR/PRNP/HLA-DQA2/ANG/RXRA/ITGA2/HLA-DMA/HLA-DPA1/HLA-DRA/HLA-DPB1/AP2B1/CLU/HLA-DQB2/FCGR2B/HLA-DQB1/TAP1/HLA-DMB/TPP1/PICALM/ITM2A/C1QA/TAPBP/KDELR3/LRP8/LRPAP1/CST3/FBXO2/DHCR24/CRIP1/MSR1/GPR171/ADRB2/APOE/PGRMC1/LILRB1/MARCO/HLA-DOA/HLA-A/TREM2/KPNA2/RELA/LDLRAD3/LILRB2/TLR4/HLA-F/NUP153/APBA1/KPNA6/HLA-C/ITM2C,up,FALSE
GOMF_DEAMINASE_ACTIVITY,GOMF_DEAMINASE_ACTIVITY,GO_MF,Tcon,SF_vs_PB_Tcon,2.24284528,0.740251762,5.02670882e-6,3.53628966e-4,22,10,APOBEC3H/APOBEC3G/APOBEC3C/APOBEC3D/ZBP1/APOBEC3F/ADARB2/LACC1/APOBEC3A/ADARB1,up,FALSE
GOMF_CYTOSKELETAL_MOTOR_ACTIVITY,GOMF_CYTOSKELETAL_MOTOR_ACTIVITY,GO_MF,Tcon,SF_vs_PB_Tcon,2.04779676,0.522833498,5.42937377e-6,3.63768043e-4,71,39,MYO7A/MYO1C/KIF20B/STARD9/KIF21A/KIF13B/KIF1C/MYL6/DYNC2H1/KIF3C/MYO5A/MYO1F/KIF1B/DYNC1H1/KIF5C/KIF11/KIF3A/KIF23/MYO1D/PIN1/CENPE/DYNC1I2/MYO9B/KIF24/MYO19/DYNLRB1/KIF18A/KIF15/KIFC1/KIF4A/MYO1B/SMC3/DNAL4/KIF14/MYO1E/KIFC3/KIF18B/KIF5B/KIF22,up,FALSE
GOMF_PEPTIDASE_REGULATOR_ACTIVITY,GOMF_PEPTIDASE_REGULATOR_ACTIVITY,GO_MF,Tcon,SF_vs_PB_Tcon,1.95365179,0.463007265,7.0172287e-6,4.48783672e-4,110,46,CST7/FURIN/PTTG1/HMSD/PRNP/SERPINB8/CRIM1/CD109/ANXA2/GAPDH/NLRP3/TANK/PSENEN/TIMP2/SPOCK2/BAD/SERPINH1/TIMP1/NDUFA13/FN1/CST3/SNCA/THBS1/SPINT1/APLP2/CSTB/ADRM1/SERPINA1/ATP2A3/CAST/APAF1/SERPING1/SERPINE1/C3/ABCA2/CST6/CAV1/A2M/PSME4/SERPINF1/CTSC/BST2/PINK1/PSMD14/AIM2/SERPINB1,up,FALSE
GOMF_GTPASE_ACTIVITY,GOMF_GTPASE_ACTIVITY,GO_MF,Tcon,SF_vs_PB_Tcon,1.7333146,0.36808339,9.66217939e-6,5.91073322e-4,247,80,RGS16/GNA15/RGS1/RGS9/RAB27A/TPPP/RAB1B/RAB35/MX1/TUBB2A/ENTPD1/RHOC/RHOB/ARHGAP35/RAB38/GEM/TUBB6/KRAS/TUBB4B/RGS2/RAB33A/RALA/RHOF/GNAO1/ARL3/RAB11A/RHOA/GNB1/NRAS/GNAZ/RAC1/GBP5/ATL3/GNG5/RIT1/DNM2/RAB31/GNA13/RAB36/RAP2C/RAB34/GNA12/GNAI3/RHEB/GPN1/RAC3/RAB27B/RALB/ARL13B/RAB5C/RAP2A/RASD1/RHOQ/RAB13/SAR1B/RHOG/RAB22A/RRAGC/GNL2/RAB32/MRAS/RGS11/RAB18/ARF5/HRAS/IRGQ/ARF3/ARL8A/EEF1A2/ARL1/SAR1A/ARF1/RAB10/RAB7A/RAB1A/GTPBP2/RAB5A/TUBA1B/GNAS/RAP1B,up,FALSE
GOMF_PEPTIDE_ANTIGEN_BINDING,GOMF_PEPTIDE_ANTIGEN_BINDING,GO_MF,Tcon,SF_vs_PB_Tcon,2.17568491,0.676944076,1.67855354e-5,9.84052013e-4,28,14,HLA-DQA1/HLA-DRB1/HLA-DRB5/HLA-DQA2/HLA-DMA/HLA-DPA1/HLA-DRA/HLA-DPB1/HLA-DQB2/HLA-DQB1/TAP1/HLA-DMB/TAPBP/DHCR24,up,FALSE
GOMF_CALMODULIN_BINDING,GOMF_CALMODULIN_BINDING,GO_MF,Tcon,SF_vs_PB_Tcon,1.911407,0.446539035,2.21917153e-5,0.00124177962,121,38,RGS16/ATP2B4/RGS1/IQGAP1/MYO7A/MAPKAPK2/DAPK2/CAMKV/MYO1C/PPP3CA/KCNN4/MKNK1/SNTA1/GEM/CEACAM1/MYO5A/MYO1F/RGS2/PCYT1A/FAS/DAPK1/CAMK1D/CASK/IQGAP2/MAP6/CAMSAP1/SNTB2/CAMK1/AKAP5/ATP2B1/RIT1/BASP1/SLC8A1/CAMKK1/MYO1D/AKT1/RYR1/RYR2,up,FALSE
GOMF_G_PROTEIN_COUPLED_RECEPTOR_BINDING,GOMF_G_PROTEIN_COUPLED_RECEPTOR_BINDING,GO_MF,Tcon,SF_vs_PB_Tcon,1.88669935,0.436869356,2.29468871e-5,0.00124177962,128,41,GNA15/CCL5/CXCL13/CKLF/CCL3/XCL2/CCL4/PRNP/PDE4D/ARHGEF12/CCL23/XCL1/NMB/CCR2/PMCH/CCL20/CCL4L2/CCRL2/RALA/GNAO1/CALCB/NEDD4/GNAZ/DVL3/CXCL16/FPR1/AKAP5/HSPA1A/CCL2/GNA13/RAPGEF2/GNA12/CREB3/GNAI3/STAT3/DEFB1/MARCO/CXCL10/ARRDC3/CCL17/C3,up,FALSE
GOMF_PHOSPHATIDYLSERINE_BINDING,GOMF_PHOSPHATIDYLSERINE_BINDING,GO_MF,Tcon,SF_vs_PB_Tcon,2.06582566,0.588893889,3.09496765e-5,0.00158262181,41,23,PLEKHN1/ANXA4/ANXA2/PLCD1/ANXA1/SYTL2/C1QA/TIMD4/C1QB/C1QC/ANXA5/THBS1/TLN1/ANXA7/GSDMA/GRAMD1B/APPL2/TREM2/HMGB1/SCARB2/SESTD1/FCHO2/AXL,up,FALSE
GOMF_PHOSPHATIDYLINOSITOL_BINDING,GOMF_PHOSPHATIDYLINOSITOL_BINDING,GO_MF,Tcon,SF_vs_PB_Tcon,1.73465346,0.374234523,3.24085374e-5,0.00158262181,216,80,PHLDA1/PLEKHN1/IQGAP1/NCF4/HIP1/PHLDA2/RAB35/WIPI1/ANXA2/ZFYVE28/ARAP3/PLEKHA5/PLCD1/ULBP2/NLRP3/ARAP2/SYTL2/NCF1/PICALM/SH3PXD2A/PIGT/GPAA1/PLD2/RPS6KC1/IQGAP2/CYTH3/SNX8/CAPG/PLEKHB2/RACGAP1/ITPR2/FES/CCDC88A/WDR45/TLN1/PITPNA/ITPR3/GAB2/SNX30/GSN/DNM2/BTK/ARHGAP9/GSDMA/TWF2/ZFYVE1/GBF1/ITPR1/MREG/PHLDA3/APPL2/AKT1/ARHGAP33/SNX9/SNX24/ZCCHC2/FGD2/PLEKHF1/PXK/PITPNM1/WDFY3/SNX15/SESTD1/SNX10/SNX33/MYO1B/THY1/SDCBP2/FCHO2/FERMT2/ATP13A2/PLD1/PXDC1/FLII/PLEK2/CFL1/MYO1E/WDFY1/ZFYVE19/DENND1B,up,FALSE
GOMF_RNA_METHYLTRANSFERASE_ACTIVITY,GOMF_RNA_METHYLTRANSFERASE_ACTIVITY,GO_MF,Tcon,SF_vs_PB_Tcon,-2.07879922,-0.527625586,3.26197814e-5,0.00158262181,56,42,METTL3/METTL6/METTL1/DIMT1/RNMT/METTL14/NSUN3/TFB2M/LCMT2/METTL4/CMTR2/TYW3/METTL5/MEPCE/ZCCHC4/TRMT12/METTL15/TRMT5/TRMT10B/TRMT61A/TRMT44/ALKBH8/BCDIN3D/TGS1/TRMT1L/MRM1/TFB1M/THUMPD2/TRMT2B/TRMT10A/TRMT61B/TRMT11/NOP2/TRMT2A/NSUN6/EMG1/METTL16/TRMT1/NSUN5/TRMT13/TARBP1/FBL,down,FALSE
GOMF_MRNA_5_UTR_BINDING,GOMF_MRNA_5_UTR_BINDING,GO_MF,Tcon,SF_vs_PB_Tcon,-2.14775061,-0.680179893,3.82709156e-5,0.00179490594,22,11,RPL41/RPL26/GNL3/UTP23/MYH10/RPS14/RPS7/RSL1D1/RPL5/RPS3A/RPS13,down,FALSE
GOMF_TRANSLATION_INITIATION_FACTOR_ACTIVITY,GOMF_TRANSLATION_INITIATION_FACTOR_ACTIVITY,GO_MF,Tcon,SF_vs_PB_Tcon,-2.01811812,-0.526547747,4.27005305e-5,0.00193805311,49,14,EIF1AY/EIF3G/EIF3K/EIF4B/EIF4A2/EIF3D/EIF3F/EIF3H/EIF3M/EIF2S3/EIF3E/EIF2A/EIF3L/EIF2D,down,FALSE
GOMF_CALCIUM_DEPENDENT_PHOSPHOLIPID_BINDING,GOMF_CALCIUM_DEPENDENT_PHOSPHOLIPID_BINDING,GO_MF,Tcon,SF_vs_PB_Tcon,2.11870896,0.677841001,4.42059424e-5,0.00194368003,25,9,SYT11/ANXA4/ANXA2/CPNE5/ANXA1/CPNE7/ANXA5/SYTL3/ANXA7,up,FALSE
GOMF_PROTEASE_BINDING,GOMF_PROTEASE_BINDING,GO_MF,Tcon,SF_vs_PB_Tcon,1.91727857,0.464307336,4.6348921e-5,0.00197614945,96,37,CST7/FURIN/LDLR/PRNP/ITGA3/TNF/ANXA2/DERL1/TIMP2/CASP3/SH3PXD2A/TIMP1/CLTC/FN1/NTRK2/CST3/MIF/DVL3/THBS1/SRI/PSAP/CSTB/ADRM1/SERPINA1/NOL3/DPP4/ITGAV/BRCA2/ATP9A/TRIP4/OS9/SERPINE1/ADAMTSL4/A2M/CFLAR/ECM1/PINK1,up,FALSE
GOMF_CYSTEINE_TYPE_ENDOPEPTIDASE_INHIBITOR_ACTIVITY,GOMF_CYSTEINE_TYPE_ENDOPEPTIDASE_INHIBITOR_ACTIVITY,GO_MF,Tcon,SF_vs_PB_Tcon,2.10420163,0.798473339,5.99092104e-5,0.00247918409,13,7,CST7/PTTG1/CST3/SNCA/CSTB/CAST/CST6,up,FALSE
GOMF_TRANSPORTER_REGULATOR_ACTIVITY,GOMF_TRANSPORTER_REGULATOR_ACTIVITY,GO_MF,Tcon,SF_vs_PB_Tcon,1.86792044,0.449302894,6.66233789e-5,0.00262345029,100,38,ATP2B4/STOM/STX1A/PDE4D/YWHAH/ARPP19/ATP1B1/PHPT1/SNTA1/ATP1B3/PDE4B/GEM/SGK1/LAMP2/ENSA/NEDD4/SNCA/ADRB2/SRI/TSPAN13/YWHAE/ATP2A2/CACNB1/ANKRD36C/ITPR1/ATP2A3/AKT1/SCN1B/CALM2/CAV1/CHP1/KCNAB2/HAMP/FKBP1B/SLC30A1/FKBP1A/AKAP9/FXYD2,up,FALSE
GOMF_PEPTIDASE_INHIBITOR_ACTIVITY,GOMF_PEPTIDASE_INHIBITOR_ACTIVITY,GO_MF,Tcon,SF_vs_PB_Tcon,1.96289876,0.511029699,6.71245277e-5,0.00262345029,64,30,CST7/FURIN/PTTG1/HMSD/PRNP/SERPINB8/CRIM1/CD109/ANXA2/GAPDH/TIMP2/SPOCK2/SERPINH1/TIMP1/CST3/SNCA/THBS1/SPINT1/APLP2/CSTB/SERPINA1/CAST/SERPING1/SERPINE1/C3/CST6/A2M/SERPINF1/BST2/SERPINB1,up,FALSE
GOMF_DNA_BINDING_TRANSCRIPTION_FACTOR_BINDING,GOMF_DNA_BINDING_TRANSCRIPTION_FACTOR_BINDING,GO_MF,Tcon,SF_vs_PB_Tcon,1.55760083,0.31648959,9.78492827e-5,0.00372091732,378,90,OASL/RBPJ/ACTN4/VDR/BCL3/PPARG/EOMES/SKI/WIPI1/ARID5A/BHLHE40/CDKN2A/YWHAH/ANXA4/RXRA/IKZF4/TACC1/PBXIP1/CREM/PARP9/TGFB1I1/EGR2/TRIB1/CIITA/HDAC9/NLRP3/LMO4/USF2/BCL6/SPI1/BCOR/MEF2D/BBS7/NR1H2/KAT2B/COMMD8/RNF14/TBK1/PER1/NR4A1/NCOA3/TRIP12/HHEX/RBX1/EPAS1/GMNN/MEF2C/ZBTB17/SRI/IFI27/RBBP8/NCOR2/DDIT3/TWIST1/NCOA1/SP100/EP300/KEAP1/PPARA/HIF1A/BUD31/NOTCH2/JUND/DTX3L/CREB3/TP53BP2/MAD2L2/PSMD10/BBS4/STAT3/TRIP4/ID2/MED25/CEBPG/FOXP3/CXXC5/JUN/PSMD9/CENPF/GABARAPL1/PSMA6/KLF4/CEBPA/NFIA/TP73/NCOR1/FOS/ZBTB49/RELA/CRY1,up,FALSE
GOMF_MICROTUBULE_MOTOR_ACTIVITY,GOMF_MICROTUBULE_MOTOR_ACTIVITY,GO_MF,Tcon,SF_vs_PB_Tcon,1.93065651,0.530239868,1.05574155e-4,0.00390902199,49,29,KIF20B/STARD9/KIF21A/KIF13B/KIF1C/DYNC2H1/KIF3C/KIF1B/DYNC1H1/KIF5C/KIF11/KIF3A/KIF23/CENPE/DYNC1I2/KIF24/DYNLRB1/KIF18A/KIF15/KIFC1/KIF4A/SMC3/DNAL4/KIF14/KIFC3/KIF18B/KIF5B/KIF22/KIF20A,up,FALSE
GOMF_RNA_POLYMERASE_II_SPECIFIC_DNA_BINDING_TRANSCRIPTION_FACTOR_BINDING,GOMF_RNA_POLYMERASE_II_SPECIFIC_DNA_BINDING_TRANSCRIPTION_FACTOR_BINDING,GO_MF,Tcon,SF_vs_PB_Tcon,1.61759335,0.340032432,1.13739663e-4,0.00410337708,270,66,OASL/RBPJ/ACTN4/VDR/PPARG/EOMES/WIPI1/ARID5A/BHLHE40/CDKN2A/YWHAH/ANXA4/RXRA/TACC1/PARP9/TGFB1I1/EGR2/TRIB1/CIITA/HDAC9/SPI1/MEF2D/BBS7/NR1H2/COMMD8/RNF14/TBK1/NR4A1/NCOA3/TRIP12/RBX1/EPAS1/MEF2C/IFI27/RBBP8/NCOR2/DDIT3/NCOA1/SP100/EP300/KEAP1/PPARA/HIF1A/BUD31/NOTCH2/JUND/DTX3L/TP53BP2/MAD2L2/PSMD10/BBS4/STAT3/TRIP4/ID2/MED25/FOXP3/JUN/GABARAPL1/PSMA6/KLF4/CEBPA/TP73/NCOR1/FOS/RELA/CRY1,up,FALSE
GOMF_EXOGENOUS_PROTEIN_BINDING,GOMF_EXOGENOUS_PROTEIN_BINDING,GO_MF,Tcon,SF_vs_PB_Tcon,1.92846167,0.508320693,1.82463531e-4,0.00641815471,60,30,CCR5/CXCR4/CD81/LDLR/ICAM1/PLSCR1/ITGA2/SLAMF1/CD86/BSG/SLC1A5/HYAL3/DAG1/CDK1/ANPEP/SLC3A2/NPC1/HSPA1A/CLEC5A/DPP4/ITGA5/ITGAV/TFRC/HYAL2/CD4/HSPA1B/SCARB2/CD80/AXL/TNFRSF4,up,FALSE
GOMF_CYTOKINE_BINDING,GOMF_CYTOKINE_BINDING,GO_MF,Tcon,SF_vs_PB_Tcon,1.85152269,0.450657366,1.95137897e-4,0.00666508645,93,38,CXCR3/IL2RB/CCR5/CXCR6/CXCR4/CD74/IFNGR1/PLP2/BMPR2/CCR2/CCR1/IL12RB2/CCRL2/IL18R1/CSF1R/CSF2RA/THBS1/NRP2/IL1RN/TNFRSF1A/ADAM17/LRRC32/ITGAV/IL13RA1/IL2RG/TWSG1/TGFBR3/ENG/A2M/IL23R/TNFRSF1B/HYAL2/NBL1/CD4/TRAF2/HMGB1/ZFP36/XCR1,up,FALSE
GOMF_TRANSLATION_FACTOR_ACTIVITY,GOMF_TRANSLATION_FACTOR_ACTIVITY,GO_MF,Tcon,SF_vs_PB_Tcon,-1.84003737,-0.438291537,1.98957804e-4,0.00666508645,77,20,MTRF1/EIF1AY/EIF3G/EIF3K/EEF1G/EEFSEC/EIF4B/EIF4A2/EIF3D/EEF1A1/EIF3F/EEF2/EIF3H/EIF3M/EIF2S3/EIF3E/EEF1B2/EIF2A/EIF3L/EIF2D,down,FALSE
GOMF_CYTIDINE_DEAMINASE_ACTIVITY,GOMF_CYTIDINE_DEAMINASE_ACTIVITY,GO_MF,Tcon,SF_vs_PB_Tcon,2.00468124,0.843262956,2.22616135e-4,0.00717174468,9,6,APOBEC3H/APOBEC3G/APOBEC3C/APOBEC3D/APOBEC3F/APOBEC3A,up,FALSE
GOMF_CARBOHYDRATE_BINDING,GOMF_CARBOHYDRATE_BINDING,GO_MF,Tcon,SF_vs_PB_Tcon,1.71763662,0.389062314,2.24276308e-4,0.00717174468,149,61,HLA-DRB1/LGALS3/SLC2A8/CD93/PAM/GALNT6/FUOM/GALNT3/HLA-DRA/P4HA2/GALNT10/PLOD3/GALM/GALK1/ZG16B/BSG/CLEC10A/GALNT1/PHYH/LAYN/PPP1R3B/HEXB/EMC7/SLC2A3/FBXO2/FBXO6/CLEC2B/LGALS1/GUSB/OLR1/CLEC7A/GPI/CLEC5A/LGALS9C/CD72/CD33/GALNT2/MAN2A2/OS9/ASGR1/ENG/EVA1C/GALNT4/P4HA1/LGALS2/SIGLEC1/KLRC1/HK2/ASGR2/CLEC4A/LGALS8/CLEC9A/SIGLEC10/OGFOD3/IGF2R/LMAN2/KLRB1/HK3/SIGLEC7/ALDOA/CD302,up,FALSE
GOMF_L_SERINE_TRANSMEMBRANE_TRANSPORTER_ACTIVITY,GOMF_L_SERINE_TRANSMEMBRANE_TRANSPORTER_ACTIVITY,GO_MF,Tcon,SF_vs_PB_Tcon,1.90507045,0.903825925,2.3953853e-4,0.00748957136,6,3,SFXN3/SLC1A4/SLC1A5,up,FALSE
GOMF_TRANSMEMBRANE_TRANSPORTER_BINDING,GOMF_TRANSMEMBRANE_TRANSPORTER_BINDING,GO_MF,Tcon,SF_vs_PB_Tcon,1.78426402,0.433491368,2.50563768e-4,0.00766398309,94,39,STX1A/ACTN4/CIB1/PRNP/PDE4D/YWHAH/PGK1/PHPT1/RIMS3/S100A10/BAK1/SNTA1/RNF207/PDE4B/VDAC1/DIAPH1/HERPUD1/YWHAQ/NEDD4/ITPR2/SRI/TSPO/LYN/YWHAE/SLC8A1/ATP2A2/PPP2CB/ATP2A3/SCN1B/RYR2/ID2/SRC/CALM2/CAV1/KCNAB2/FKBP1B/FKBP1A/AKAP9/YWHAZ,up,FALSE
GOMF_HYDROLASE_ACTIVITY_ACTING_ON_CARBON_NITROGEN_BUT_NOT_PEPTIDE_BONDS_IN_CYCLIC_AMIDINES,GOMF_HYDROLASE_ACTIVITY_ACTING_ON_CARBON_NITROGEN_BUT_NOT_PEPTIDE_BONDS_IN_CYCLIC_AMIDINES,GO_MF,Tcon,SF_vs_PB_Tcon,2.05509408,0.664127477,2.75183915e-4,0.00823795251,24,10,APOBEC3H/APOBEC3G/APOBEC3C/APOBEC3D/APOBEC3F/ADARB2/MTHFD2/LACC1/APOBEC3A/ADARB1,up,FALSE
GOMF_ACTIN_FILAMENT_BINDING,GOMF_ACTIN_FILAMENT_BINDING,GO_MF,Tcon,SF_vs_PB_Tcon,1.70325065,0.389329354,2.9114801e-4,0.00853427605,140,35,ACTN4/MICAL1/CTNNA1/LUZP1/IQGAP1/MYO7A/HIP1/EZR/PLEC/TPM4/MYO1C/PHPT1/CYFIP1/PLS3/CAPZA2/FMNL1/FHOD1/MYO5A/CACNB2/FMNL3/MYO1F/CTNNAL1/IQGAP2/CAPG/CORO1C/TRIOBP/TAGLN2/LASP1/TLN1/GAS2L1/FSCN1/GSN/NEBL/MYO1D/TWF2,up,FALSE
GOMF_PHOSPHATIDYLINOSITOL_PHOSPHATE_BINDING,GOMF_PHOSPHATIDYLINOSITOL_PHOSPHATE_BINDING,GO_MF,Tcon,SF_vs_PB_Tcon,1.70453269,0.391165593,3.09894456e-4,0.00889839794,136,35,PHLDA1/PLEKHN1/IQGAP1/NCF4/HIP1/PHLDA2/RAB35/WIPI1/ANXA2/ZFYVE28/ARAP3/PLEKHA5/PLCD1/NLRP3/ARAP2/SYTL2/PICALM/SH3PXD2A/IQGAP2/CYTH3/CAPG/PLEKHB2/RACGAP1/WDR45/GAB2/GSN/DNM2/BTK/ARHGAP9/GSDMA/TWF2/ZFYVE1/GBF1/PHLDA3/AKT1,up,FALSE
GOMF_MHC_PROTEIN_BINDING,GOMF_MHC_PROTEIN_BINDING,GO_MF,Tcon,SF_vs_PB_Tcon,2.0331422,0.657033474,3.30220697e-4,0.00929241043,24,14,CD74/CD81/LAG3/DERL1/TAP1/TUBB4B/TAPBP/CD8B/CLEC7A/CD8A/LILRB1/PILRA/CD4/LILRB2,up,FALSE
GOMF_LIPASE_INHIBITOR_ACTIVITY,GOMF_LIPASE_INHIBITOR_ACTIVITY,GO_MF,Tcon,SF_vs_PB_Tcon,1.95364068,0.821792904,3.43170899e-4,0.00946747951,9,6,ANXA4/ANXA2/ANXA1/ANXA5/SNCA/APOC1,up,FALSE
GOMF_S100_PROTEIN_BINDING,GOMF_S100_PROTEIN_BINDING,GO_MF,Tcon,SF_vs_PB_Tcon,1.9870687,0.790258923,3.80633374e-4,0.0102990607,11,6,S100A11/IQGAP1/EZR/AHNAK/ANXA2/S100A6,up,FALSE
GOMF_TRNA_METHYLTRANSFERASE_ACTIVITY,GOMF_TRNA_METHYLTRANSFERASE_ACTIVITY,GO_MF,Tcon,SF_vs_PB_Tcon,-1.97997292,-0.574196277,4.26736142e-4,0.0113286368,31,18,TRMT12/TRMT5/TRMT10B/TRMT61A/TRMT44/ALKBH8/BCDIN3D/TRMT1L/THUMPD2/TRMT2B/TRMT10A/TRMT61B/TRMT11/TRMT2A/NSUN6/TRMT1/TRMT13/TARBP1,down,FALSE
GOMF_G_PROTEIN_ACTIVITY,GOMF_G_PROTEIN_ACTIVITY,GO_MF,Tcon,SF_vs_PB_Tcon,1.76922842,0.434896044,4.7046963e-4,0.0122583476,88,39,RAB27A/RAB1B/RAB35/RAB38/KRAS/RAB33A/RALA/GNAO1/RAB11A/RHOA/NRAS/RAC1/RIT1/RAB31/GNA13/RAB36/RAP2C/RAB34/GNA12/RAC3/RAB27B/RALB/RAB5C/RAP2A/RAB13/SAR1B/RAB22A/RAB32/MRAS/RAB18/HRAS/SAR1A/ARF1/RAB10/RAB7A/RAB1A/RAB5A/GNAS/RAP1B,up,FALSE
GOMF_NUCLEAR_RETINOIC_ACID_RECEPTOR_BINDING,GOMF_NUCLEAR_RETINOIC_ACID_RECEPTOR_BINDING,GO_MF,Tcon,SF_vs_PB_Tcon,1.99639544,0.666648619,4.97338319e-4,0.0127228185,21,9,ACTN4/VDR/PPARG/ARID5A/TACC1/NR1H2/NCOR2/NCOA1/MED25,up,FALSE
GOMF_PHOSPHOLIPASE_INHIBITOR_ACTIVITY,GOMF_PHOSPHOLIPASE_INHIBITOR_ACTIVITY,GO_MF,Tcon,SF_vs_PB_Tcon,1.91867065,0.836260996,5.38244171e-4,0.0130391166,8,6,ANXA4/ANXA2/ANXA1/ANXA5/SNCA/APOC1,up,FALSE
GOMF_S_ADENOSYLMETHIONINE_DEPENDENT_METHYLTRANSFERASE_ACTIVITY,GOMF_S_ADENOSYLMETHIONINE_DEPENDENT_METHYLTRANSFERASE_ACTIVITY,GO_MF,Tcon,SF_vs_PB_Tcon,-1.67483343,-0.368822136,5.39042045e-4,0.0130391166,121,48,PCMTD1/SMYD4/METTL23/MEPCE/METTL9/ZCCHC4/METTL15/TRMT5/NDUFAF7/LCMT1/TRMT10B/TRMT61A/PRMT3/ALKBH8/SMYD3/TGS1/TRMT1L/SMYD2/METTL21A/METTL13/MRM1/SETMAR/TFB1M/THUMPD2/TRMT2B/TRMT10A/TRMT61B/TRMT11/NOP2/TRMT2A/SETDB1/NSUN6/EMG1/HEMK1/INMT/VCPKMT/PRMT7/METTL16/EHMT2/TRMT1/NSUN5/CAMKMT/TARBP1/GAMT/PCMTD2/DNMT3A/DPH5/FBL,down,FALSE
GOMF_PEPTIDE_HORMONE_BINDING,GOMF_PEPTIDE_HORMONE_BINDING,GO_MF,Tcon,SF_vs_PB_Tcon,-1.98645711,-0.655118828,5.44472515e-4,0.0130391166,19,7,CRHR1/RAMP1/ACVR1/IGF1R/APP/VIPR1/SLC40A1,down,FALSE
GOMF_KINASE_REGULATOR_ACTIVITY,GOMF_KINASE_REGULATOR_ACTIVITY,GO_MF,Tcon,SF_vs_PB_Tcon,1.57999971,0.336934714,5.46771768e-4,0.0130391166,239,97,CCL5/CDKN1A/IQGAP1/CIB1/PRKAR1A/STK3/PREX1/CDKN2A/EFNA5/PRKCD/TRIB1/ACSL1/CASP3/LILRB4/YWHAB/SOCS1/KAT2B/CAMK2N1/VEGFA/GSKIP/TESK1/SH3GLB1/SNCA/CCDC88A/WNK1/PPP5C/PRKAG1/CAB39/CNPPD1/LYN/ERBB3/CCNE2/SPRED1/RHEB/DUSP22/SPRED2/AKT1/YWHAG/PIK3R3/DUSP3/CXCL10/FAM20A/PIK3R5/NCKAP1L/SRC/CALM2/KLF4/TREM2/CAV1/CDKN2C/CHP1/RAB13/GSTP1/MAP2K2/GMFB/HYAL2/HTRA2/FAF1/HBEGF/HMGB1/ALS2/PTPRC/ABI1/PAK2/CDC37/MOB3C/TPX2/FLT3/FERMT2/NBN/MADD/CDKN2D/CIT/MOB1A/SAP30BP/KIDINS220/NCK1/CKS2/CCNF/TAOK2/AGAP2/CKS1B/ANKLE2/HEXIM1/DDX3X/CCNG2/MOB3B/CAB39L/MT3/TAOK1/MOB1B/DNAJC3/LAMTOR3/APC/TESC/PRKAR2B/PARP8,up,FALSE
GOMF_IMMUNOGLOBULIN_BINDING,GOMF_IMMUNOGLOBULIN_BINDING,GO_MF,Tcon,SF_vs_PB_Tcon,1.97704603,0.735350887,6.03397884e-4,0.0141496804,14,12,LGALS3/FCGR2B/FCER1A/C1QA/C1QB/C1QC/FCGR2A/FCER1G/LILRA2/FCGR1A/CD4/FCGR3A,up,FALSE
GOMF_LARGE_RIBOSOMAL_SUBUNIT_RRNA_BINDING,GOMF_LARGE_RIBOSOMAL_SUBUNIT_RRNA_BINDING,GO_MF,Tcon,SF_vs_PB_Tcon,-1.8862598800000001,-0.837837144,6.22225909e-4,0.0143519976,7,6,MRPL11/RPUSD4/RPLP0/DDX55/RPL23/RPL12,down,FALSE
GOMF_G_PROTEIN_COUPLED_CHEMOATTRACTANT_RECEPTOR_ACTIVITY,GOMF_G_PROTEIN_COUPLED_CHEMOATTRACTANT_RECEPTOR_ACTIVITY,GO_MF,Tcon,SF_vs_PB_Tcon,1.96923236,0.642926511,6.79747208e-4,0.0152732661,23,8,CXCR3/CCR5/CXCR6/CXCR4/GPR35/CCR2/CCR1/CCRL2,up,FALSE
GOMF_CYTOKINE_RECEPTOR_ACTIVITY,GOMF_CYTOKINE_RECEPTOR_ACTIVITY,GO_MF,Tcon,SF_vs_PB_Tcon,1.79383792,0.46033551,6.83877586e-4,0.0152732661,69,17,CXCR3/IL2RB/CCR5/CXCR6/CXCR4/CD74/IFNGR1/IL18RAP/CD44/GPR35/CCR2/CCR1/IL12RB2/CCRL2/EBI3/IL18R1/CSF2RA,up,FALSE
GOMF_COLLAGEN_BINDING,GOMF_COLLAGEN_BINDING,GO_MF,Tcon,SF_vs_PB_Tcon,1.91900583,0.562569109,7.84048183e-4,0.0172368093,36,17,SMAD7/CTSB/CTSL/CD44/ITGA1/PDGFA/ITGA2/TGFBI/SERPINH1/FN1/THBS1/MMP9/CTSK/PAK1/ADAM9/CTSS/SPARC,up,FALSE
GOMF_HEXOSYLTRANSFERASE_ACTIVITY,GOMF_HEXOSYLTRANSFERASE_ACTIVITY,GO_MF,Tcon,SF_vs_PB_Tcon,1.66284276,0.386087028,8.16020107e-4,0.0176636968,126,42,TYMP/LFNG/B4GALT5/GTDC1/B3GNTL1/GALNT6/GYG1/GALNT3/GALNT10/COLGALT2/PLOD3/POFUT2/GALNT1/B3GALT4/HEXB/CSGALNACT2/B3GAT1/EOGT/B3GAT3/TMTC4/CHSY1/DPY19L1/B4GALT2/GALNT2/GBGT1/FUT11/B3GALT6/B3GNT8/CHPF/GALNT4/FUT8/EXTL3/FUT4/B4GALT6/COLGALT1/B3GNT7/B3GNT5/POMT2/RPN1/MGAT1/MGAT4B/PYGB,up,FALSE
GOMF_PLATELET_DERIVED_GROWTH_FACTOR_RECEPTOR_BINDING,GOMF_PLATELET_DERIVED_GROWTH_FACTOR_RECEPTOR_BINDING,GO_MF,Tcon,SF_vs_PB_Tcon,1.90191209,0.80003343,8.38862198e-4,0.0178830169,9,5,PDGFA/PTPRJ/VEGFA/LYN/ITGA5,up,FALSE
GOMF_EXTRACELLULAR_MATRIX_BINDING,GOMF_EXTRACELLULAR_MATRIX_BINDING,GO_MF,Tcon,SF_vs_PB_Tcon,1.91737045,0.613426538,9.69932105e-4,0.0202995354,25,12,LGALS3/ITGA2/TGFBI/SPOCK2/GPC1/PLEKHA2/DAG1/VEGFA/LGALS1/SPP1/THBS1/ITGAV,up,FALSE
GOMF_UDP_GLYCOSYLTRANSFERASE_ACTIVITY,GOMF_UDP_GLYCOSYLTRANSFERASE_ACTIVITY,GO_MF,Tcon,SF_vs_PB_Tcon,1.72923025,0.431320768,9.81072075e-4,0.0202995354,81,29,LFNG/B4GALT5/B3GNTL1/GALNT6/GYG1/GALNT3/GALNT10/COLGALT2/PLOD3/GALNT1/B3GALT4/HEXB/CSGALNACT2/B3GAT1/EOGT/B3GAT3/CHSY1/B4GALT2/GALNT2/GBGT1/B3GALT6/B3GNT8/CHPF/GALNT4/EXTL3/B4GALT6/COLGALT1/B3GNT7/B3GNT5,up,FALSE
GOMF_NUCLEAR_RETINOID_X_RECEPTOR_BINDING,GOMF_NUCLEAR_RETINOID_X_RECEPTOR_BINDING,GO_MF,Tcon,SF_vs_PB_Tcon,1.9388234,0.721134199,9.99377746e-4,0.0203786158,14,8,VDR/PPARG/ARID5A/TACC1/NR1H2/NCOR2/NCOA1/MED25,up,FALSE
GOMF_C_METHYLTRANSFERASE_ACTIVITY,GOMF_C_METHYLTRANSFERASE_ACTIVITY,GO_MF,Tcon,SF_vs_PB_Tcon,-1.83899036,-0.857801293,0.00107400293,0.021587459,6,5,COQ5/TRMT2B/NOP2/TRMT2A/NSUN5,down,FALSE
GOMF_PDZ_DOMAIN_BINDING,GOMF_PDZ_DOMAIN_BINDING,GO_MF,Tcon,SF_vs_PB_Tcon,1.82530515,0.507884897,0.00115935919,0.0229749068,46,22,ATP2B4/CRIM1/SNTA1/PSEN1/LPAR2/PLEKHA2/SLC22A4/GNG5/ADAM17/RAPGEF2/TGFBR3/MAP2K2/MPP3/DOCK4/SDC2/CIT/DLG4/KIDINS220/KIF14/FZD1/FZD2/CRIPT,up,FALSE
GOMF_CALCIUM_ION_TRANSMEMBRANE_TRANSPORTER_ACTIVITY,GOMF_CALCIUM_ION_TRANSMEMBRANE_TRANSPORTER_ACTIVITY,GO_MF,Tcon,SF_vs_PB_Tcon,1.75115659,0.457145304,0.00123911472,0.0240155001,63,20,ATP2B4/ORAI2/UCP3/PSEN1/CACNB2/ITPR2/ITPR3/FAIM2/ATP2B1/SLC8A1/ATP2A2/CACNB1/NCS1/ITPR1/CACNA2D4/ATP2A3/TMBIM1/TRPM2/RYR1/RYR2,up,FALSE
GOMF_GDP_BINDING,GOMF_GDP_BINDING,GO_MF,Tcon,SF_vs_PB_Tcon,1.7884716,0.481707509,0.00125472701,0.0240155001,54,29,RAB27A/RAB35/RHOB/GEM/KRAS/RALA/ARL3/RAB31/RAP2C/GNAI3/RHEB/RAB27B/RALB/RAB5C/RAP2A/RAB22A/RRAGC/RAB18/HRAS/DYNC1LI1/RAB10/RAB7A/RAB5A/RAP1B/RAB2A/UCP2/RAB8A/SRP54/RAB21,up,FALSE
GOMF_CCR1_CHEMOKINE_RECEPTOR_BINDING,GOMF_CCR1_CHEMOKINE_RECEPTOR_BINDING,GO_MF,Tcon,SF_vs_PB_Tcon,1.79202278,0.900420039,0.00126975445,0.0240155001,5,4,CCL5/CCL3/CCL4/CCL23,up,FALSE
GOMF_MODIFIED_AMINO_ACID_BINDING,GOMF_MODIFIED_AMINO_ACID_BINDING,GO_MF,Tcon,SF_vs_PB_Tcon,1.76118377,0.46422813,0.00128014393,0.0240155001,60,27,PLEKHN1/ANXA4/ANXA2/PLCD1/ANXA1/SYTL2/C1QA/TIMD4/C1QB/C1QC/ANXA5/THBS1/TLN1/ANXA7/GSS/GSDMA/GRAMD1B/APPL2/TREM2/TYMS/FASN/HMGB1/SCARB2/SESTD1/FCHO2/FOLR2/AXL,up,FALSE
GOMF_GTPASE_ACTIVATOR_ACTIVITY,GOMF_GTPASE_ACTIVATOR_ACTIVITY,GO_MF,Tcon,SF_vs_PB_Tcon,1.53004591,0.330287444,0.00135265998,0.0250420077,215,78,RGS16/RGS1/RGS9/IQGAP1/PREX1/RASAL3/ARHGEF12/SIPA1L1/ARHGAP35/ARAP3/ARHGAP18/DOCK5/ARFGAP3/TBCD/ARAP2/DOCK2/RGS2/SIPA1L2/TIAM2/ARHGAP22/ECT2/ARHGAP31/ARHGAP26/IQGAP2/TBC1D16/ARHGDIA/RACGAP1/PLXNB1/DOCK7/ARHGAP11B/ARHGAP21/ARHGAP9/LLGL1/TBC1D2B/RAPGEF2/ABR/TBC1D10B/SRGAP2/ARHGAP33/ARHGAP11A/RABGAP1L/TBC1D9/JUN/NCKAP1L/ELMOD2/TBC1D15/VAV3/ARHGEF10L/MYO9B/RP2/STARD13/RGS11/RANGAP1/ALS2/DOCK1/DOCK4/THY1/CHN1/RASAL2/RIN2/WDR41/AGFG1/ARHGAP30/RABEP2/ARHGAP24/NRP1/ARHGEF19/AGAP2/CDC42EP2/TBC1D22A/ARRB1/AGFG2/AGAP3/ARHGAP6/TBC1D19/GMIP/ARHGAP17/ADAP2,up,FALSE
GOMF_STAT_FAMILY_PROTEIN_BINDING,GOMF_STAT_FAMILY_PROTEIN_BINDING,GO_MF,Tcon,SF_vs_PB_Tcon,1.84544014,0.835909017,0.00137097397,0.0250514335,7,6,PPARG/PARP9/SPI1/EP300/DTX3L/CEBPA,up,FALSE
GOMF_CHEMOKINE_BINDING,GOMF_CHEMOKINE_BINDING,GO_MF,Tcon,SF_vs_PB_Tcon,1.875885,0.594742182,0.00142640309,0.0255297159,26,8,CXCR3/CCR5/CXCR6/CXCR4/PLP2/CCR2/CCR1/CCRL2,up,FALSE
GOMF_LIPASE_ACTIVATOR_ACTIVITY,GOMF_LIPASE_ACTIVATOR_ACTIVITY,GO_MF,Tcon,SF_vs_PB_Tcon,1.91224129,0.674305099,0.0014334382,0.0255297159,17,12,CCL5/CCL3/CASP3/STX4/BTK/ABHD5/SRC/HRAS/ARL1/GM2A/ARHGAP6/ARF4,up,FALSE
GOMF_GUANYL_NUCLEOTIDE_BINDING,GOMF_GUANYL_NUCLEOTIDE_BINDING,GO_MF,Tcon,SF_vs_PB_Tcon,1.48344327,0.31065217,0.00153264687,0.0269554268,280,90,GNA15/RAB27A/EHD4/RAB1B/RAB35/MX1/TUBB2A/RHOC/RHOB/ARHGAP35/RAB38/CIITA/GEM/TUBB6/KRAS/TUBA1C/TUBB4B/PCK2/RAB33A/RALA/RHOF/SPAG1/DAPK1/GNAO1/ARL3/RAB11A/RHOA/NRAS/GNAZ/RTKN/RAC1/GBP5/ATL3/MFHAS1/AK4/RIT1/TUBG1/DNM2/RAB31/GNA13/RAB36/GLUD2/RAP2C/RAB34/RAPGEF2/GNA12/GNAI3/RHEB/GPN1/RAC3/RAB27B/ARHGEF5/RALB/ARL13B/RAB5C/RAP2A/RASD1/RHOQ/RAB13/SAR1B/RHOG/GLUD1/RAB22A/RP2/RRAGC/GNL2/RAB32/MRAS/RAB18/TUBA1A/ARF5/HRAS/IRGQ/ARF3/DYNC1LI1/ARL8A/EEF1A2/ARL1/SAR1A/ARF1/RAB10/RAB7A/RAB1A/GTPBP2/RAB5A/TUBA1B/GNAS/RAP1B/TGM2/AGAP2,up,FALSE
GOMF_PHOSPHATASE_REGULATOR_ACTIVITY,GOMF_PHOSPHATASE_REGULATOR_ACTIVITY,GO_MF,Tcon,SF_vs_PB_Tcon,1.6663445,0.404233715,0.00161855498,0.0281148995,95,27,ANKRD28/LGALS3/ITGA1/RCAN2/ARPP19/PPP1R16B/PPP4R1/EIF2AK2/YWHAB/ZEB2/PPP1R14B/PPP1R3B/ENSA/CNEP1R1/PPP1R16A/PPP6R1/PPP1R7/B3GAT3/PPP2R2B/YWHAE/ANP32E/GNA12/PPP1R15A/CD33/CALM2/PHACTR1/PPP1R14A,up,FALSE
GOMF_GLYCOSAMINOGLYCAN_BINDING,GOMF_GLYCOSAMINOGLYCAN_BINDING,GO_MF,Tcon,SF_vs_PB_Tcon,1.67199008,0.40778514,0.00170699869,0.0291383143,92,32,CXCL13/FURIN/GZMK/PRNP/CD44/FBLN7/ANG/CCL23/PGLYRP2/NLRP3/SPOCK2/LAYN/FN1/LRPAP1/COL5A1/VEGFA/THBS1/NOD2/NRP2/APLP2/APOE/TWSG1/TGFBR3/CXCL10/GPNMB/ENG/TREM2/HYAL2/EVA1C/DPYSL3/HBEGF/PTPRC,up,FALSE
GOMF_GLYCOSYLTRANSFERASE_ACTIVITY,GOMF_GLYCOSYLTRANSFERASE_ACTIVITY,GO_MF,Tcon,SF_vs_PB_Tcon,1.54371065,0.340106469,0.0017235166,0.0291383143,183,57,TYMP/UPP1/LFNG/B4GALT5/GTDC1/B3GNTL1/GALNT6/GYG1/GALNT3/NAMPT/GALNT10/COLGALT2/PLOD3/PARP9/POFUT2/ST8SIA4/PARP4/HPRT1/GALNT1/LACC1/B3GALT4/HEXB/CSGALNACT2/B3GAT1/PARP12/EOGT/B3GAT3/ST6GALNAC6/TMTC4/CHSY1/DPY19L1/ST3GAL6/PARP14/B4GALT2/GALNT2/ST8SIA6/GBGT1/FUT11/B3GALT6/B3GNT8/CHPF/GALNT4/FUT8/ST6GALNAC4/EXTL3/FUT4/B4GALT6/COLGALT1/B3GNT7/B3GNT5/PNP/POMT2/RPN1/MGAT1/MGAT4B/PYGB/SIRT2,up,FALSE
GOMF_TUMOR_NECROSIS_FACTOR_RECEPTOR_SUPERFAMILY_BINDING,GOMF_TUMOR_NECROSIS_FACTOR_RECEPTOR_SUPERFAMILY_BINDING,GO_MF,Tcon,SF_vs_PB_Tcon,1.83160842,0.530633484,0.00175965589,0.0291383143,38,26,CD70/FASLG/TNF/MYD88/CASP3/TNFSF14/TNFSF4/ADAM8/TNFSF9/TNFSF8/BID/NOL3/TMBIM1/TNFSF13/TNFSF12/CFLAR/TRIM37/TRAF2/MADD/CASP8/TRAF3/TRAF1/RIPK1/SIVA1/TNFSF13B/FADD,up,FALSE
GOMF_PHOSPHATIDYLINOSITOL_3_4_5_TRISPHOSPHATE_BINDING,GOMF_PHOSPHATIDYLINOSITOL_3_4_5_TRISPHOSPHATE_BINDING,GO_MF,Tcon,SF_vs_PB_Tcon,1.86704553,0.562429062,0.00176031039,0.0291383143,32,14,IQGAP1/ARAP3/ARAP2/IQGAP2/CYTH3/PLEKHB2/RACGAP1/GAB2/BTK/ARHGAP9/ZFYVE1/GBF1/PHLDA3/AKT1,up,FALSE
GOMF_C_C_CHEMOKINE_BINDING,GOMF_C_C_CHEMOKINE_BINDING,GO_MF,Tcon,SF_vs_PB_Tcon,1.88868073,0.638156311,0.00180648491,0.0295549334,20,7,CXCR3/CCR5/CXCR6/CXCR4/CCR2/CCR1/CCRL2,up,FALSE
GOMF_UBIQUITIN_LIKE_PROTEIN_LIGASE_BINDING,GOMF_UBIQUITIN_LIKE_PROTEIN_LIGASE_BINDING,GO_MF,Tcon,SF_vs_PB_Tcon,1.47030091,0.309316185,0.0021216513,0.0343122228,268,93,CDKN1A/CXCR4/SMAD7/PRR5L/SYT11/SKI/LIMK1/PRKAR1A/PTPN22/UBE2A/DERL1/PARP9/CLU/EGR2/TRIB1/TPI1/TANK/DLG3/RALA/FANCL/SPOPL/IKBKG/PER1/UBE2W/PSMD1/MAP1LC3A/CCDC50/TRIOBP/RBX1/TSG101/SQSTM1/HSPA1A/MFHAS1/TOLLIP/LYN/BLZF1/YWHAE/GPI/ERBB3/HIF1A/DTX3L/BID/RALB/TRIP4/NEDD8/JUN/GABARAPL1/ABCB1/SNX9/FBXO7/CASC3/PIAS4/UBE2K/TRIM37/TNFRSF1B/SMC6/RELA/AURKA/HSPA1B/PML/NPLOC4/PINK1/MAP1LC3B/FAF1/TRAF2/JKAMP/YWHAZ/ARRB2/CUL7/MUL1/GABARAP/MDM2/CKB/CASP8/TRAF3/LTBR/UBE2C/UBE2L3/TUBA1B/GLMN/TRAF1/EIF4E2/LAPTM5/TGFBR1/SUMO3/PSMA3/TMBIM6/BECN1/ARRB1/RIPK1/USP25/TNK2/VCP,up,FALSE
GOMF_P_TYPE_CALCIUM_TRANSPORTER_ACTIVITY,GOMF_P_TYPE_CALCIUM_TRANSPORTER_ACTIVITY,GO_MF,Tcon,SF_vs_PB_Tcon,1.75987829,0.88426871,0.00220741927,0.0352936241,5,4,ATP2B4/ATP2B1/ATP2A2/ATP2A3,up,FALSE
GOMF_TRANSFERASE_ACTIVITY_TRANSFERRING_ONE_CARBON_GROUPS,GOMF_TRANSFERASE_ACTIVITY_TRANSFERRING_ONE_CARBON_GROUPS,GO_MF,Tcon,SF_vs_PB_Tcon,-1.52281169,-0.321972286,0.0023400936,0.0369945135,158,59,PCMTD1/SMYD4/METTL23/MEPCE/METTL9/ZCCHC4/TRMT12/METTL15/TRMT5/FAM98B/NDUFAF7/LCMT1/TRMT10B/MTR/TRMT61A/TRMT44/PRMT3/ALKBH8/SMYD3/BCDIN3D/TGS1/TRMT1L/METTL25/SMYD2/METTL21A/METTL13/MRM1/SETMAR/TFB1M/COQ5/THUMPD2/TRMT2B/TRMT10A/TRMT61B/TRMT11/NOP2/SIRT7/TRMT2A/SETDB1/NSUN6/EMG1/MTFMT/HEMK1/INMT/VCPKMT/PRMT7/METTL16/EHMT2/TRMT1/ATIC/NSUN5/TRMT13/CAMKMT/TARBP1/GAMT/PCMTD2/DNMT3A/DPH5/FBL,down,FALSE
GOMF_PHOSPHOLIPASE_ACTIVATOR_ACTIVITY,GOMF_PHOSPHOLIPASE_ACTIVATOR_ACTIVITY,GO_MF,Tcon,SF_vs_PB_Tcon,1.86999042,0.670021316,0.00239229979,0.0371502982,16,11,CCL5/CCL3/CASP3/STX4/BTK/SRC/HRAS/ARL1/GM2A/ARHGAP6/ARF4,up,FALSE
GOMF_CARBOXYLIC_ACID_TRANSMEMBRANE_TRANSPORTER_ACTIVITY,GOMF_CARBOXYLIC_ACID_TRANSMEMBRANE_TRANSPORTER_ACTIVITY,GO_MF,Tcon,SF_vs_PB_Tcon,1.64784358,0.4050583,0.00240275561,0.0371502982,88,37,SLC27A2/SFXN3/SLC6A6/SLC16A3/SLC1A4/MPC1/SLC1A1/SLC25A44/CEACAM1/SLC1A5/FABP5/SLC27A4/SLC3A2/SLC10A3/SLC2A1/SLC35D2/SLC15A4/SLC6A8/MPC2/SLC35D1/ABCB1/SLCO2B1/ABCC3/SLC17A5/ABCC1/SLC7A7/ABCD1/ABCD4/SLC43A2/FABP3/SLC1A3/SLC7A5/CD36/SLC36A1/CTNS/UCP2/SLC25A12,up,FALSE
GOMF_STRUCTURAL_CONSTITUENT_OF_CYTOSKELETON,GOMF_STRUCTURAL_CONSTITUENT_OF_CYTOSKELETON,GO_MF,Tcon,SF_vs_PB_Tcon,1.68229464,0.434043079,0.00269315219,0.0411876645,67,17,HIP1/HLA-DRB1/LMNB1/PLEC/LMNA/TUBB2A/MSN/VIM/PLS3/TUBB6/TUBA1C/ACTR1A/TUBB4B/DMD/TLN1/LMNB2/TUBG1,up,FALSE
GOMF_PATTERN_RECOGNITION_RECEPTOR_ACTIVITY,GOMF_PATTERN_RECOGNITION_RECEPTOR_ACTIVITY,GO_MF,Tcon,SF_vs_PB_Tcon,1.80113989,0.535103089,0.00275590551,0.0412731137,34,26,GZMK/PGLYRP2/CLEC10A/NOD2/CLEC7A/MARCO/ASGR1/TLR8/AIM2/TLR4/LY96/CD14/PTAFR/ASGR2/CLEC4A/TLR7/CD180/PYCARD/TLR2/CD36/CLEC12A/DHX16/CLEC4F/CLEC4E/IFIH1/FCN1,up,FALSE
GOMF_GTPASE_BINDING,GOMF_GTPASE_BINDING,GO_MF,Tcon,SF_vs_PB_Tcon,1.45060025,0.304588187,0.00275740774,0.0412731137,273,65,MICAL1/IQGAP1/RABAC1/CIB1/MYO1C/ENO1/RIMS3/CDC42EP3/CYFIP1/DOCK5/FMNL1/WDR44/CDC42EP1/RAB11FIP1/NDRG1/SYTL2/MYO5A/PARD6A/DIAPH1/DOCK2/FMNL3/PICALM/RAB11FIP4/ECT2/PLEKHG1/RANBP9/IQGAP2/GNB1/CORO1C/RTKN/TRIOBP/DVL3/KIF3A/DOCK7/PPP6R1/SYTL3/ATG16L1/PLEKHG2/RNF41/AKAP13/RAB34/CDC42EP4/YIPF1/DIAPH3/SRGAP2/RABGAP1L/CAV1/KNTC1/MYO9B/TMEM127/FGD2/RCC2/ROCK1/PAK1/MICALL1/RRAGC/ULK1/NUTF2/FGD4/RANGAP1/ITPKA/ALS2/DOCK1/DOCK4/PAK2,up,FALSE
GOMF_PROTEIN_HETERODIMERIZATION_ACTIVITY,GOMF_PROTEIN_HETERODIMERIZATION_ACTIVITY,GO_MF,Tcon,SF_vs_PB_Tcon,1.51172605,0.333059702,0.00280463156,0.0415380695,183,65,HIP1/TPM4/PDGFA/ITGA3/BHLHE40/YWHAH/ATP1B1/BAK1/CLU/DRAP1/USF2/KCNK5/IRAK2/ATF3/IKBKG/TFEB/NR4A1/TAF13/EPAS1/MEF2C/SLC3A2/JDP2/SRI/DDIT3/CYBB/YWHAE/ERBB3/HIF1A/CYBA/TOP2A/SOS2/NFE2L1/KATNB1/TCF4/PAFAH1B2/KATNA1/GADD45A/BARD1/FBXO7/CEBPA/CAV1/CENPW/AURKA/RRAGC/MAPK6/PML/TUBA1A/IRAK1/TLR4/SUPT4H1/SMC1A/SDCBP2/SMC3/AHR/BHLHE41/FXR2/GTF2A1/PAFAH1B1/ABCG1/IRAK3/ADORA1/USF1/CHRAC1/CD247/ARNT,up,FALSE
GOMF_MHC_CLASS_II_PROTEIN_BINDING,GOMF_MHC_CLASS_II_PROTEIN_BINDING,GO_MF,Tcon,SF_vs_PB_Tcon,1.74167713,0.875123355,0.00293020257,0.0429457815,5,3,CD74/CD81/LAG3,up,FALSE
GOMF_PHOSPHATASE_BINDING,GOMF_PHOSPHATASE_BINDING,GO_MF,Tcon,SF_vs_PB_Tcon,1.5308425,0.343430733,0.0030374835,0.043834065,160,63,ATP2B4/IQGAP1/LGALS3/ITGA1/ARPP19/KCNN4/CTTNBP2NL/ELL/CEACAM1/DLG3/SYTL2/BAD/LILRB4/MVP/PPP1R3B/PDLIM4/SYK/CSF1R/TBK1/ENSA/KIF3A/PPP6R1/WNK1/CARHSP1/AKAP5/MFHAS1/YWHAE/MAST2/JAK3/PPARA/GNA12/SPRED1/PPP1R15A/MAPK1/STAT3/CD33/PPP1R18/LILRB1/CDC27/SPHK1/STAU1/CRY1/CTSC/LILRB2/TRPC4AP/TRAF2/YWHAZ/DLG4/MAP3K5/PPP3CB/PTPN1/TRAF3/CFL1/SIGLEC10/CTNND1/ANKLE2/SH2D4A/AKAP11/SIRPA/VCP/KIFAP3/PPP3R1/NEK2,up,FALSE
GOMF_GROWTH_FACTOR_ACTIVITY,GOMF_GROWTH_FACTOR_ACTIVITY,GO_MF,Tcon,SF_vs_PB_Tcon,1.71639246,0.465829583,0.0030748266,0.043834065,52,19,TYMP/PDGFA/LIF/CSF1/IL10/IL7/JAG2/TIMP1/OGN/VEGFA/CSF2/GPI/GRN/GMFB/OSM/HBEGF/CLCF1/BMP1/RABEP2,up,FALSE
GOMF_DNA_BINDING_TRANSCRIPTION_ACTIVATOR_ACTIVITY,GOMF_DNA_BINDING_TRANSCRIPTION_ACTIVATOR_ACTIVITY,GO_MF,Tcon,SF_vs_PB_Tcon,1.47150549,0.312621981,0.00308427323,0.043834065,246,63,RBPJ/RFX2/PPARG/KLF6/FOSL2/CEBPD/KLF10/BATF/HLF/PLSCR1/NR5A2/TFE3/TBX21/EGR2/USF2/SPI1/ZEB2/NR1H2/ATF3/TFEB/TFCP2L1/ZBED4/NR4A1/HHEX/MAF/EGR3/IRF5/ETV6/EPAS1/NR3C1/MEF2C/ZBTB17/DDIT3/TWIST1/EGR1/SP100/PPARA/HIF1A/CREB3L2/JUND/ZNF71/CREB3/MAFG/NFE2L1/STAT3/MAFB/TCF4/KLF13/CEBPG/FOXP3/ETV1/JUN/TFEC/PRDM4/KLF4/CEBPA/NFIA/MITF/TP73/FOS/IRF4/RELA/NFKB2,up,FALSE
GOMF_PLUS_END_DIRECTED_MICROTUBULE_MOTOR_ACTIVITY,GOMF_PLUS_END_DIRECTED_MICROTUBULE_MOTOR_ACTIVITY,GO_MF,Tcon,SF_vs_PB_Tcon,1.84323785,0.649972726,0.00314611762,0.0442658749,17,12,KIF20B/KIF21A/KIF1C/KIF1B/KIF5C/KIF11/KIF3A/KIF18A/KIF15/KIF14/KIF18B/KIF5B,up,FALSE
GOMF_IMMUNOGLOBULIN_RECEPTOR_ACTIVITY,GOMF_IMMUNOGLOBULIN_RECEPTOR_ACTIVITY,GO_MF,Tcon,SF_vs_PB_Tcon,1.78900469,0.810346066,0.00326330424,0.0454600898,7,6,FCGR2B/FCER1A/FCGR2A/FCER1G/FCGR1A/FCGR3A,up,FALSE
GOMF_CHEMOATTRACTANT_ACTIVITY,GOMF_CHEMOATTRACTANT_ACTIVITY,GO_MF,Tcon,SF_vs_PB_Tcon,1.83762372,0.64799304,0.0033508945,0.0456400508,17,10,CCL5/CCL3/LGALS3/MIF/VEGFA/S100A4/CCL2/CXCL10/GPNMB/HMGB1,up,FALSE
GOMF_NUCLEAR_RECEPTOR_BINDING,GOMF_NUCLEAR_RECEPTOR_BINDING,GO_MF,Tcon,SF_vs_PB_Tcon,1.58121928,0.371713495,0.00335300209,0.0456400508,116,24,OASL/ACTN4/VDR/PPARG/WIPI1/ARID5A/YWHAH/RXRA/TACC1/TGFB1I1/NR1H2/RNF14/NR4A1/NCOA3/TRIP12/NCOR2/NCOA1/EP300/HIF1A/BUD31/JUND/STAT3/TRIP4/MED25,up,FALSE
GOMF_SCAFFOLD_PROTEIN_BINDING,GOMF_SCAFFOLD_PROTEIN_BINDING,GO_MF,Tcon,SF_vs_PB_Tcon,1.71389521,0.468810384,0.0033735361,0.0456400508,50,25,ATP2B4/PDE4D/VIM/DYNLL1/SYK/ITPR2/AKAP5/PSAP/LYN/YWHAE/PLCG2/SRC/TREM2/MAP2K2/TREM1/CDC37/CIT/DLG4/CD163/ATG4B/CASP8/CRIPT/GRM2/PANX1/NLGN4Y,up,FALSE
GOMF_FIBRONECTIN_BINDING,GOMF_FIBRONECTIN_BINDING,GO_MF,Tcon,SF_vs_PB_Tcon,1.82742217,0.634484083,0.00347280257,0.046308174,18,10,SDC4/CTSL/LILRB4/PLEKHA2/IGFBP6/VEGFA/THBS1/ITGAV/CTSK/CTSS,up,FALSE
GOMF_PROTEIN_SERINE_THREONINE_KINASE_INHIBITOR_ACTIVITY,GOMF_PROTEIN_SERINE_THREONINE_KINASE_INHIBITOR_ACTIVITY,GO_MF,Tcon,SF_vs_PB_Tcon,1.73302905,0.484269774,0.00350087082,0.046308174,45,18,CDKN1A/CIB1/PRKAR1A/PREX1/CDKN2A/CASP3/KAT2B/CAMK2N1/TESK1/PPP5C/SPRED1/SPRED2/AKT1/YWHAG/CDKN2C/RAB13/GSTP1/HTRA2,up,FALSE
GOMF_CATALYTIC_ACTIVITY_ACTING_ON_A_RRNA,GOMF_CATALYTIC_ACTIVITY_ACTING_ON_A_RRNA,GO_MF,Tcon,SF_vs_PB_Tcon,-1.83699808,-0.624621178,0.00352165928,0.046308174,17,8,MRM1/TFB1M/TRMT2B/TRMT61B/NOP2/EMG1/NSUN5/FBL,down,FALSE
GOMF_DOUBLE_STRANDED_RNA_BINDING,GOMF_DOUBLE_STRANDED_RNA_BINDING,GO_MF,Tcon,SF_vs_PB_Tcon,1.64825102,0.421830189,0.00363853775,0.0474020613,70,21,OASL/OAS3/ZBP1/MSN/VIM/ADARB2/OAS1/TUBB4B/EIF2AK2/AGO4/CLTC/RFTN1/SLC3A2/DHX58/ADARB1/DDX60/TFRC/TLR8/STAU1/DGCR8/HMGB1,up,FALSE
GOMF_CATALYTIC_ACTIVITY_ACTING_ON_A_TRNA,GOMF_CATALYTIC_ACTIVITY_ACTING_ON_A_TRNA,GO_MF,Tcon,SF_vs_PB_Tcon,-1.53328228,-0.336358711,0.00386488367,0.0495034421,124,56,RPP25/YARS2/LRRC47/NAT10/FARSA/GATC/TRMT12/RPP38/FARSB/RPP40/FTO/DUS3L/TRMT5/TARS2/ELAC1/DUS1L/TRMT10B/TRMT61A/TRMT44/TRUB1/DTWD1/OSGEP/ALKBH8/BCDIN3D/AARSD1/GTPBP3/DUS4L/TRMT1L/AARS2/NARS2/QTRT1/THUMPD2/TRNT1/TRMT2B/TRMT10A/TRMT61B/RPUSD4/TRMT11/TRMT2A/NSUN6/DTD2/QRSL1/MTFMT/ELP3/MTO1/OSGEPL1/TYW1/TSEN2/TSEN34/TRMT1/MARS2/POP5/TRMT13/DTWD2/TARBP1/ALKBH7,down,FALSE
GOMF_IGG_BINDING,GOMF_IGG_BINDING,GO_MF,Tcon,SF_vs_PB_Tcon,1.8043008,0.758973543,0.00387020514,0.0495034421,9,8,FCGR2B/C1QA/C1QB/C1QC/FCGR2A/FCER1G/FCGR1A/FCGR3A,up,FALSE
GOMF_ACETYLGALACTOSAMINYLTRANSFERASE_ACTIVITY,GOMF_ACETYLGALACTOSAMINYLTRANSFERASE_ACTIVITY,GO_MF,Tcon,SF_vs_PB_Tcon,1.81613979,0.621753567,0.00406759605,0.0515595283,19,10,GALNT6/GALNT3/GALNT10/GALNT1/CSGALNACT2/CHSY1/GALNT2/GBGT1/CHPF/GALNT4,up,FALSE
GOMF_MAP_KINASE_PHOSPHATASE_ACTIVITY,GOMF_MAP_KINASE_PHOSPHATASE_ACTIVITY,GO_MF,Tcon,SF_vs_PB_Tcon,1.82440388,0.707447808,0.00424459477,0.0533227218,12,8,DUSP4/DUSP10/DUSP18/DUSP6/DUSP2/DUSP3/DUSP16/DUSP5,up,FALSE
GOMF_SERINE_TYPE_ENDOPEPTIDASE_INHIBITOR_ACTIVITY,GOMF_SERINE_TYPE_ENDOPEPTIDASE_INHIBITOR_ACTIVITY,GO_MF,Tcon,SF_vs_PB_Tcon,1.76096912,0.543801819,0.00431652067,0.0537464122,29,15,FURIN/HMSD/SERPINB8/CRIM1/CD109/ANXA2/SERPINH1/SPINT1/APLP2/SERPINA1/SERPING1/SERPINE1/A2M/SERPINF1/SERPINB1,up,FALSE
GOMF_CADHERIN_BINDING,GOMF_CADHERIN_BINDING,GO_MF,Tcon,SF_vs_PB_Tcon,1.43375512,0.302870256,0.004382805,0.0538841968,258,49,CTNNA1/S100A11/IQGAP1/EZR/EHD4/PLEC/CLIC1/LDHA/EPS15/SLK/AHNAK/ANXA2/EFHD2/ENO1/PLIN3/BMPR2/ARHGAP18/PTPRJ/BSG/ANXA1/PSEN1/CDC42EP1/PFKP/RDX/GOLGA2/NDRG1/TMOD3/PICALM/YWHAB/PRDX1/CTNNAL1/PTPRM/PKM/CAPG/TRIM25/PSMB6/TAGLN2/SH3GLB1/LASP1/PHLDB2/TLN1/SLC3A2/IDH1/UNC45A/HSPA1A/FSCN1/CHMP5/PDLIM1/YWHAE,up,FALSE
GOMF_INTEGRIN_BINDING,GOMF_INTEGRIN_BINDING,GO_MF,Tcon,SF_vs_PB_Tcon,1.61461355,0.405534785,0.00442365384,0.0538841968,78,35,ACTN4/CD81/ISG15/ICAM1/ITGA2/TGFBI/ITGAX/CD9/ILK/FN1/SYK/COL5A1/SEMA7A/SPP1/THBS1/TLN1/LYN/ANXA7/ADAM15/ADAM17/CD151/ITGA5/ITGAV/NF2/TSPAN4/SRC/GPNMB/ITGB1BP1/HMGB1/EGFL6/LAMA5/THY1/ADAM9/MMP14/FERMT2,up,FALSE
GOMF_PROTEIN_TYROSINE_SERINE_THREONINE_PHOSPHATASE_ACTIVITY,GOMF_PROTEIN_TYROSINE_SERINE_THREONINE_PHOSPHATASE_ACTIVITY,GO_MF,Tcon,SF_vs_PB_Tcon,1.79845895,0.607671755,0.0044424782,0.0538841968,20,11,DUSP4/DUSP10/DUSP18/DUSP6/SBF1/DUSP2/DUSP22/DUSP3/DUSP23/DUSP16/DUSP5,up,FALSE
GOMF_SH3_DOMAIN_BINDING,GOMF_SH3_DOMAIN_BINDING,GO_MF,Tcon,SF_vs_PB_Tcon,1.60612681,0.397005333,0.00464263486,0.0558306603,85,41,SH2D2A/MICAL1/PTTG1/EPS15/ADAM19/PTPN22/PLSCR1/RAPGEF1/NCF1/ARHGAP31/WIPF1/AKAP5/LYN/ADAM15/DNM2/ADAM17/CYBA/ADAM12/TP53BP2/PTPN12/INPP5D/FUT8/DPYSL3/DOCK1/DOCK4/ABI1/SH3BP2/ADAM9/ELMO2/INPPL1/CIT/GPX1/DNAJC6/RUFY1/SIRPA/PAK3/ARHGAP6/ARHGAP17/WASF2/QKI/USP8,up,FALSE
GOMF_MOLECULAR_SEQUESTERING_ACTIVITY,GOMF_MOLECULAR_SEQUESTERING_ACTIVITY,GO_MF,Tcon,SF_vs_PB_Tcon,1.63736425,0.426278614,0.00474936761,0.0566301714,64,32,CDKN1A/CTLA4/CLU/ADARB2/WDR44/TCN1/SPI1/YWHAB/CD59/PRDX4/SNCA/SRI/SQSTM1/YWHAE/STAT3/YWHAG/PMEPA1/NAGLU/CAV1/SEC14L1/TREM1/TSSC4/YWHAZ/INSIG1/FTH1/IFIT1/XAF1/NCK1/NFKBIE/CTNND1/LAPTM5/STK11IP,up,FALSE
GOMF_CYCLIN_DEPENDENT_PROTEIN_SERINE_THREONINE_KINASE_INHIBITOR_ACTIVITY,GOMF_CYCLIN_DEPENDENT_PROTEIN_SERINE_THREONINE_KINASE_INHIBITOR_ACTIVITY,GO_MF,Tcon,SF_vs_PB_Tcon,1.80562671,0.685174255,0.0048551943,0.0574055326,13,7,CDKN1A/CDKN2A/CASP3/KAT2B/CDKN2C/CDKN2D/HEXIM1,up,FALSE
GOMF_VASCULAR_ENDOTHELIAL_GROWTH_FACTOR_RECEPTOR_BINDING,GOMF_VASCULAR_ENDOTHELIAL_GROWTH_FACTOR_RECEPTOR_BINDING,GO_MF,Tcon,SF_vs_PB_Tcon,1.71287069,0.860649268,0.00492274033,0.0577191303,5,4,VEGFA/CCDC88A/PDCL3/ITGA5,up,FALSE
GOMF_MAP_KINASE_TYROSINE_SERINE_THREONINE_PHOSPHATASE_ACTIVITY,GOMF_MAP_KINASE_TYROSINE_SERINE_THREONINE_PHOSPHATASE_ACTIVITY,GO_MF,Tcon,SF_vs_PB_Tcon,1.79650613,0.714472027,0.0050433922,0.0586450647,11,5,DUSP4/DUSP10/DUSP18/DUSP6/DUSP2,up,FALSE
GOMF_CCR5_CHEMOKINE_RECEPTOR_BINDING,GOMF_CCR5_CHEMOKINE_RECEPTOR_BINDING,GO_MF,Tcon,SF_vs_PB_Tcon,1.70972836,0.85907037,0.00521576058,0.0600305657,5,3,CCL5/CCL3/CCL4,up,FALSE
GOMF_CELL_ADHESION_MEDIATOR_ACTIVITY,GOMF_CELL_ADHESION_MEDIATOR_ACTIVITY,GO_MF,Tcon,SF_vs_PB_Tcon,1.67579589,0.460244372,0.00524787461,0.0600305657,49,14,S100A11/EMB/ITGA1/ANXA2/ITGA2/NINJ2/CLSTN3/BSG/ANXA1/CDC42EP1/TMOD3/DAG1/NPTN/PDLIM1,up,FALSE
GOMF_KINASE_INHIBITOR_ACTIVITY,GOMF_KINASE_INHIBITOR_ACTIVITY,GO_MF,Tcon,SF_vs_PB_Tcon,1.59371941,0.395681901,0.00539592608,0.0612263547,83,30,CDKN1A/CIB1/PRKAR1A/PREX1/CDKN2A/TRIB1/CASP3/LILRB4/YWHAB/SOCS1/KAT2B/CAMK2N1/GSKIP/TESK1/SNCA/PPP5C/SPRED1/DUSP22/SPRED2/AKT1/YWHAG/DUSP3/CAV1/CDKN2C/CHP1/RAB13/GSTP1/GMFB/HYAL2/HTRA2,up,FALSE
GOMF_NUCLEOSIDE_TRIPHOSPHATASE_REGULATOR_ACTIVITY,GOMF_NUCLEOSIDE_TRIPHOSPHATASE_REGULATOR_ACTIVITY,GO_MF,Tcon,SF_vs_PB_Tcon,1.35761088,0.2747713,0.0055474744,0.062351317,395,137,RGS16/RGS1/RGS9/IQGAP1/RALGDS/PREX1/RASAL3/ARHGEF12/SIPA1L1/ARHGAP35/ARAP3/ARHGAP18/DOCK5/ARFGAP3/DENND6B/DENND3/TBCD/ARAP2/RAPGEF1/RABIF/LAMTOR5/DOCK2/HMGCR/RGS2/SIPA1L2/TIAM2/ARHGAP22/ECT2/RHOF/CYTH2/CPEB2/DENND4A/PLEKHG1/ARHGAP31/ARHGAP26/IQGAP2/CYTH3/TBC1D16/ARHGDIA/RACGAP1/RTKN/PLXNB1/CCDC88A/DOCK7/NUCB1/ARHGAP11B/SBF1/ARHGAP21/ARHGAP9/PLEKHG2/LLGL1/AKAP13/TBC1D2B/GNA13/GRIPAP1/RAPGEF2/GBF1/ABR/TBC1D10B/RASGRP4/RIC8A/VAV2/SOS2/GPSM2/ARHGEF5/SRGAP2/ARHGAP33/ARHGAP11A/RABGAP1L/TBC1D9/LAMTOR2/JUN/NCKAP1L/ELMOD2/RASGEF1B/DNMBP/TBC1D15/VAV3/ARHGEF10L/MYO9B/BCAR3/FGD2/RCC2/RPGR/RP2/RASGEF1A/ITGB1BP1/ARHGEF39/STARD13/RGS11/FGD4/RANGAP1/ALS2/IQSEC2/FARP2/DOCK1/DOCK4/THY1/ELMO2/CHN1/RASAL2/RIN2/WDR41/AGFG1/MADD/EPS8L1/PSD4/ARHGAP30/RABEP2/GPSM1/SH3BP4/ARHGAP24/NRP1/DENND1B/EPS8L2/ARHGEF19/AGAP2/CDC42EP2/TBC1D22A/DOCK8/ARL2BP/ARRB1/TRAPPC10/AGFG2/AGAP3/SIRPA/EIF2B2/TNK2/ARHGAP6/TBC1D19/GMIP/ARHGAP17/ADAP2/ADAP1/ARF4/LAMTOR3/TBC1D9B,up,FALSE
GOMF_GALACTOSYLTRANSFERASE_ACTIVITY,GOMF_GALACTOSYLTRANSFERASE_ACTIVITY,GO_MF,Tcon,SF_vs_PB_Tcon,1.78406772,0.610773727,0.00558370003,0.062351317,19,9,B4GALT5/B3GNTL1/COLGALT2/PLOD3/B3GALT4/B4GALT2/B3GALT6/B4GALT6/COLGALT1,up,FALSE
GOMF_PRE_MRNA_BINDING,GOMF_PRE_MRNA_BINDING,GO_MF,Tcon,SF_vs_PB_Tcon,-1.71393399,-0.489965407,0.00585522449,0.0648685107,33,18,TRA2B/U2AF2/HNRNPU/PRPF8/TARBP2/RBM41/DDX5/ZRSR2/TARDBP/CELF1/RBM4/SRSF6/U2AF1L4/ZC3H14/HNRNPA1/ARGLU1/RNPC3/CELF2,down,FALSE
GOMF_TRANSCRIPTION_REGULATOR_ACTIVATOR_ACTIVITY,GOMF_TRANSCRIPTION_REGULATOR_ACTIVATOR_ACTIVITY,GO_MF,Tcon,SF_vs_PB_Tcon,1.77829255,0.725984668,0.00591230713,0.0649891886,10,5,NOTCH1/STK3/JMJD6/DDIT3/HIF1A,up,FALSE
GOMF_C_X_C_CHEMOKINE_RECEPTOR_ACTIVITY,GOMF_C_X_C_CHEMOKINE_RECEPTOR_ACTIVITY,GO_MF,Tcon,SF_vs_PB_Tcon,1.74615549,0.790937128,0.00610179964,0.0660773549,7,4,CXCR3/CXCR6/CXCR4/GPR35,up,FALSE
GOMF_TRANSCRIPTION_ELONGATION_FACTOR_ACTIVITY,GOMF_TRANSCRIPTION_ELONGATION_FACTOR_ACTIVITY,GO_MF,Tcon,SF_vs_PB_Tcon,-1.77795691,-0.65140062,0.00613992224,0.0660773549,13,8,TEFM/VHL/TCEANC/POLR2M/TCEA2/EAF2/WDR43/TCEA3,down,FALSE
GOMF_CHLORIDE_TRANSMEMBRANE_TRANSPORTER_ACTIVITY,GOMF_CHLORIDE_TRANSMEMBRANE_TRANSPORTER_ACTIVITY,GO_MF,Tcon,SF_vs_PB_Tcon,1.68065465,0.474289799,0.00617262115,0.0660773549,43,14,SLC6A6/CLIC1/SLC1A4/SLC1A1/CLIC3/CLIC5/TTYH3/SLC4A8/SLC12A4/CLIC2/SLC6A8/CLIC4/SLC4A2/SLC25A14,up,FALSE
GOMF_PHOSPHOLIPASE_C_ACTIVITY,GOMF_PHOSPHOLIPASE_C_ACTIVITY,GO_MF,Tcon,SF_vs_PB_Tcon,1.7731761,0.625267162,0.00619915483,0.0660773549,17,6,CCL5/CCR5/PLCD1/CCR1/GDPD5/PLCG2,up,FALSE
GOMF_STEROID_BINDING,GOMF_STEROID_BINDING,GO_MF,Tcon,SF_vs_PB_Tcon,1.59987446,0.41056052,0.00627457685,0.0663784183,69,24,VDR/CD81/NINJ2/GRAMD1C/VDAC1/CYP2R1/STARD3/NR3C1/NPC1/OSBPL3/TSPO/STARD4/PGRMC1/GRAMD1B/NFE2L1/OSBPL7/ESR2/CAV1/SCP2/SCARB2/INSIG1/OSBP2/ABCG1/OSBPL11,up,FALSE
GOMF_ASPARTIC_TYPE_PEPTIDASE_ACTIVITY,GOMF_ASPARTIC_TYPE_PEPTIDASE_ACTIVITY,GO_MF,Tcon,SF_vs_PB_Tcon,1.77813057,0.674740401,0.00632875522,0.0664519298,13,7,CTSD/PSEN1/CASP3/CASP7/SPPL2A/DDI2/PSEN2,up,FALSE
GOMF_CAMP_BINDING,GOMF_CAMP_BINDING,GO_MF,Tcon,SF_vs_PB_Tcon,1.78077541,0.690530024,0.00649953575,0.0677396059,12,5,PDE4A/PRKAR1A/PDE4D/PDE4B/RAPGEF2,up,FALSE
GOMF_CADHERIN_BINDING_INVOLVED_IN_CELL_CELL_ADHESION,GOMF_CADHERIN_BINDING_INVOLVED_IN_CELL_CELL_ADHESION,GO_MF,Tcon,SF_vs_PB_Tcon,1.7762387,0.660661759,0.00663737673,0.0686675666,14,6,S100A11/ANXA2/ANXA1/CDC42EP1/TMOD3/PDLIM1,up,FALSE
GOMF_CD4_RECEPTOR_BINDING,GOMF_CD4_RECEPTOR_BINDING,GO_MF,Tcon,SF_vs_PB_Tcon,1.73298552,0.784971668,0.00704796478,0.0723831127,7,3,CD74/HLA-DRB1/PLSCR1,up,FALSE
GOMF_CALCIUM_CHANNEL_REGULATOR_ACTIVITY,GOMF_CALCIUM_CHANNEL_REGULATOR_ACTIVITY,GO_MF,Tcon,SF_vs_PB_Tcon,1.69674663,0.504088754,0.00742662849,0.0756416725,34,17,STX1A/PDE4D/PHPT1/PDE4B/GEM/SGK1/SRI/TSPAN13/YWHAE/ATP2A2/CACNB1/ITPR1/ATP2A3/CALM2/FKBP1B/SLC30A1/FKBP1A,up,FALSE
GOMF_NITRIC_OXIDE_SYNTHASE_BINDING,GOMF_NITRIC_OXIDE_SYNTHASE_BINDING,GO_MF,Tcon,SF_vs_PB_Tcon,1.72665786,0.782105499,0.00747277362,0.0756416725,7,5,ATP2B4/CD74/SNTA1/DMD/CAV1,up,FALSE
GOMF_TRNA_BINDING,GOMF_TRNA_BINDING,GO_MF,Tcon,SF_vs_PB_Tcon,-1.59106035,-0.390859088,0.00756777469,0.0760561356,66,33,THG1L/WDR6/ALKBH1/IGHMBP2/PUS1/YARS2/NAT10/FARSA/CTU1/TRMT10B/NEMF/ALKBH8/TRMT1L/AARS2/AIMP1/GTSF1/TRNT1/TRMT10A/RPUSD4/TRMT11/EIF1AY/NSUN6/DTD2/ELP3/SSB/EEFSEC/TRMT1/RPL35A/EEF1A1/MRPS27/TARBP1/EIF2S3/EIF2A,down,FALSE
GOMF_CATALYTIC_ACTIVITY_ACTING_ON_RNA,GOMF_CATALYTIC_ACTIVITY_ACTING_ON_RNA,GO_MF,Tcon,SF_vs_PB_Tcon,-1.3127142,-0.251859717,0.00784898806,0.0783228809,351,122,RPP25/YARS2/MEPCE/LRRC47/NAT10/FARSA/DDX39B/ZCCHC4/GATC/TRMT12/RPP38/FARSB/RPP40/FTO/DDX20/METTL15/DUS3L/YTHDC2/TRMT5/TARS2/SAMHD1/POLR2B/MRPL44/ELAC1/DUS1L/DHX34/TRMT10B/DHX35/SND1/TRMT61A/TRMT44/TRUB1/DTWD1/MOV10/OSGEP/SMG6/ALKBH8/PDE12/EXOG/RNASEH1/DDX6/BCDIN3D/TGS1/POLR3C/EXD2/DDX5/AARSD1/POLR1D/DDX19A/GTPBP3/DUS4L/TRMT1L/AARS2/NARS2/DDX31/TSNAX/PRIM2/DCP2/CNOT2/MRM1/EXOSC2/DDX56/FXR1/ALKBH3/QTRT1/TFB1M/DXO/THUMPD2/DIS3L2/TRNT1/POLR2H/TRMT2B/TRMT10A/TRMT61B/POLR3G/EXOSC1/RPUSD4/TRMT11/NOP2/NOB1/DDX28/DDX17/TRMT2A/POLR1B/NSUN6/DTD2/DDX18/EXOSC8/QRSL1/EMG1/MTFMT/ELP3/PRIM1/MTO1/POLR2J3/OSGEPL1/DDX3Y/NUDT12/TYW1/TSEN2/TSEN34/METTL16/PAN2/EXOSC5/TRMT1/DDX55/EIF4A2/CNOT7/CNOT8/MARS2/DHX32/POP5/NSUN5/TRMT13/APEX1/DTWD2/G3BP1/TARBP1/PLD6/ALKBH7/RNASET2/FBL,down,FALSE
GOMF_GROWTH_FACTOR_RECEPTOR_BINDING,GOMF_GROWTH_FACTOR_RECEPTOR_BINDING,GO_MF,Tcon,SF_vs_PB_Tcon,1.56855197,0.39592394,0.00796175635,0.0788886703,76,26,HIP1/PDGFA/PLSCR1/IL10/MYD88/IL7/PTPRJ/PSEN1/VEGFA/CSF2/NPTN/CCDC88A/IL1RN/TOLLIP/LYN/ADAM17/RNF41/PDCL3/SLA/VAV2/ITGA5/IL21/VAV3/IL23R/ECM1/HBEGF,up,FALSE
GOMF_UBIQUITIN_BINDING,GOMF_UBIQUITIN_BINDING,GO_MF,Tcon,SF_vs_PB_Tcon,1.53923899,0.373399554,0.0080927749,0.0796261139,95,30,CXCR4/EPS15/N4BP1/UEVLD/UBE2A/UBXN10/IKBKG/UBXN11/MARK4/NEDD4/RNF19B/TSG101/NOD2/SQSTM1/TOLLIP/TOP2A/FBXO7/DDI2/NPLOC4/FAF1/UBXN2B/MDM2/CKS2/TNFAIP3/SIRT2/CKS1B/GGA2/BUB3/OTUB2/USP25,up,FALSE
GOMF_TRNA_GUANINE_METHYLTRANSFERASE_ACTIVITY,GOMF_TRNA_GUANINE_METHYLTRANSFERASE_ACTIVITY,GO_MF,Tcon,SF_vs_PB_Tcon,-1.75283897,-0.65766257,0.00825763832,0.0806840077,12,8,TRMT5/TRMT10B/TRMT1L/THUMPD2/TRMT10A/TRMT11/TRMT1/TARBP1,down,FALSE
GOMF_ORGANIC_ACID_BINDING,GOMF_ORGANIC_ACID_BINDING,GO_MF,Tcon,SF_vs_PB_Tcon,1.52961241,0.36846907,0.00847246449,0.082212121,99,38,VDR/FURIN/PPARG/ALOX5AP/PAM/RXRA/P4HA2/PLOD3/ST8SIA4/PHYH/FABP5/TM4SF5/SH3GLB1/SNCA/NOD2/ACOX3/PSAP/GLUD2/APOC1/GLDC/CD33/RYR2/SCP2/GSTP1/AKR1C3/TYMS/GLUD1/PCCA/P4HA1/UBR2/FOLR2/RARA/STX3/SIGLEC10/FABP3/SLC1A3/OGFOD3/IGF2R,up,FALSE
GOMF_AMYLOID_BETA_BINDING,GOMF_AMYLOID_BETA_BINDING,GO_MF,Tcon,SF_vs_PB_Tcon,1.59327978,0.418470663,0.00859821475,0.0828608777,61,25,CD74/LDLR/PRNP/ITGA2/CLU/FCGR2B/PICALM/ITM2A/C1QA/LRP8/LRPAP1/CST3/FBXO2/MSR1/ADRB2/APOE/PGRMC1/LILRB1/MARCO/TREM2/LDLRAD3/LILRB2/TLR4/APBA1/ITM2C,up,FALSE
GOMF_DEOXYNUCLEOSIDE_PHOSPHATE_KINASE_ACTIVITY_ATP_AS_PHOSPHATE_DONOR,GOMF_DEOXYNUCLEOSIDE_PHOSPHATE_KINASE_ACTIVITY_ATP_AS_PHOSPHATE_DONOR,GO_MF,Tcon,SF_vs_PB_Tcon,1.69308731,0.803254392,0.00887837785,0.0849787595,6,4,CMPK2/AK4/AK1/CMPK1,up,FALSE
GOMF_SNARE_BINDING,GOMF_SNARE_BINDING,GO_MF,Tcon,SF_vs_PB_Tcon,1.55246007,0.390846242,0.00911792173,0.086681864,77,34,STX1A/SYT11/GOLGA2/SNAPIN/PICALM/DAPK1/SNAP47/RAB11A/VAMP3/SNCA/STX4/STX11/NAPA/TNFAIP2/TXLNA/TMED9/SNAP29/STX5/STXBP2/TMED10/STX3/NAPG/VTI1B/STX7/CPLX1/VPS54/HECTD3/STXBP3/VAMP8/STX12/STX2/TSNARE1/CAPN10/UNC13B,up,FALSE
GOMF_GROWTH_FACTOR_BINDING,GOMF_GROWTH_FACTOR_BINDING,GO_MF,Tcon,SF_vs_PB_Tcon,1.54551245,0.385496157,0.00937092982,0.0875973094,81,29,IL2RB/CXCL13/FURIN/IGFBP4/PDGFA/RHBDF2/BMPR2/GPC1/IGFBP6/HTRA1/NTRK2/FIBP/COL5A1/CSF1R/THBS1/NRP2/IL1RN/ERBB3/LRRC32/ITGAV/NTRK1/IL2RG/TWSG1/TGFBR3/IGFBP7/SORT1/ENG/A2M/HYAL2,up,FALSE
GOMF_METAL_ION_TRANSMEMBRANE_TRANSPORTER_ACTIVITY,GOMF_METAL_ION_TRANSMEMBRANE_TRANSPORTER_ACTIVITY,GO_MF,Tcon,SF_vs_PB_Tcon,1.43023428,0.315277451,0.00938665497,0.0875973094,182,51,ATP2B4/SLC6A6/SLC20A1/ORAI2/SLC41A2/ATP1B1/KCNN4/SLC39A1/UCP3/PSEN1/SLC1A1/TMEM43/CACNB2/KCNK5/NIPA1/SLC31A2/ITPR2/SLC31A1/ITPR3/FAIM2/ATP2B1/SLC10A3/SLC8A1/SLC4A8/ATP2A2/CACNB1/NCS1/ITPR1/CACNA2D4/SLC12A4/ATP2A3/TMBIM1/TRPM2/RYR1/RYR2/SLC6A8/KCNH4/CNNM4/SLC39A13/CHP1/KCNAB2/SLC39A6/SLC30A1/TRPC4AP/TMCO1/SLC29A1/SLC39A8/TMEM87A/SCN9A/NIPA2/MCOLN1,up,FALSE
GOMF_LAMININ_BINDING,GOMF_LAMININ_BINDING,GO_MF,Tcon,SF_vs_PB_Tcon,1.72635875,0.618557801,0.00940099056,0.0875973094,16,7,LGALS3/ITGA2/GPC1/PLEKHA2/DAG1/LGALS1/THBS1,up,FALSE
GOMF_INHIBITORY_MHC_CLASS_I_RECEPTOR_ACTIVITY,GOMF_INHIBITORY_MHC_CLASS_I_RECEPTOR_ACTIVITY,GO_MF,Tcon,SF_vs_PB_Tcon,1.73368929,0.689489716,0.00955389769,0.0884364082,11,10,LILRB4/LILRB1/LILRA2/LILRB5/LILRA3/LILRB2/LILRA5/LILRA6/LILRB3/LILRA1,up,FALSE
GOMF_PROTEIN_SERINE_THREONINE_KINASE_ACTIVITY,GOMF_PROTEIN_SERINE_THREONINE_KINASE_ACTIVITY,GO_MF,Tcon,SF_vs_PB_Tcon,1.34313341,0.274484124,0.00974582991,0.0894519414,355,102,MAPKAPK2/LIMK1/DAPK2/CAMKV/SLK/STK3/PGK1/RIPK3/BMPR2/MKNK1/PRKCD/CDKL1/CIITA/MAPK11/DYRK3/MOK/EIF2AK2/PCK2/PRKX/SGK1/DAPK1/CAMK1D/CASK/ILK/MAPK7/CDK2/MLKL/RPS6KC1/SYK/PKM/TBK1/MARK4/PIK3CG/MELK/CDK1/TESK1/CAMK1/ULK4/NRBP1/WNK1/PRKAG1/LATS2/BUB1B/SIK3/KSR1/MAST2/CSNK1G1/CAMKK1/MAP3K2/STK40/STK24/GRK5/AKT1/MAPK1/MAK/PKMYT1/CSNK1E/HIPK3/TGFBR3/FAM20A/PLK4/PIM3/AKT3/HIPK1/MAST4/BCKDK/CDKL2/MAP3K3/MAP2K2/ROCK1/PAK1/CDC7/AURKA/PBK/MAPK6/PINK1/PTK2B/ULK1/IRAK1/ITPKA/GAK/CSNK1D/ADCK2/CDK19/PAK2/NEK11/NRBP2/FAM20C/MAP3K8/STK10/PLK3/BMP2K/TGFBR3L/CIT/MAP3K5/RPS6KA4/PRKAA1/IRAK3/STK38L/SRPK1/ROCK2/NEK3,up,FALSE
GOMF_PROTEIN_PHOSPHATASE_BINDING,GOMF_PROTEIN_PHOSPHATASE_BINDING,GO_MF,Tcon,SF_vs_PB_Tcon,1.48367351,0.346149414,0.00983070254,0.0894519414,122,45,ATP2B4/IQGAP1/LGALS3/ITGA1/ARPP19/KCNN4/CTTNBP2NL/CEACAM1/BAD/LILRB4/MVP/PPP1R3B/PDLIM4/CSF1R/TBK1/ENSA/KIF3A/PPP6R1/AKAP5/MFHAS1/YWHAE/JAK3/GNA12/PPP1R15A/STAT3/CD33/LILRB1/CDC27/SPHK1/STAU1/LILRB2/TRAF2/YWHAZ/DLG4/MAP3K5/PPP3CB/PTPN1/TRAF3/CFL1/ANKLE2/AKAP11/SIRPA/VCP/KIFAP3/NEK2,up,FALSE
GOMF_HISTONE_DECROTONYLASE_ACTIVITY,GOMF_HISTONE_DECROTONYLASE_ACTIVITY,GO_MF,Tcon,SF_vs_PB_Tcon,-1.66076635,-0.821552549,0.00985433611,0.0894519414,5,4,SIRT1/HDAC2/HDAC3/HDAC1,down,FALSE
GOMF_CHOLESTEROL_BINDING,GOMF_CHOLESTEROL_BINDING,GO_MF,Tcon,SF_vs_PB_Tcon,1.63408267,0.465819222,0.0102140337,0.0921227266,41,17,CD81/NINJ2/GRAMD1C/VDAC1/STARD3/NPC1/OSBPL3/TSPO/STARD4/GRAMD1B/NFE2L1/OSBPL7/CAV1/SCP2/SCARB2/OSBP2/ABCG1,up,FALSE
GOMF_4_IRON_4_SULFUR_CLUSTER_BINDING,GOMF_4_IRON_4_SULFUR_CLUSTER_BINDING,GO_MF,Tcon,SF_vs_PB_Tcon,-1.62036111,-0.434410162,0.0103998896,0.0926822645,43,17,MOCS1/DPH1/IREB2/MUTYH/ETFDH/REV3L/PRIM2/RSAD1/LIAS/NTHL1/ELP3/ACO1/TYW1/ISCA2/ABCE1/PPAT/DPYD,down,FALSE
GOMF_LIPOPOLYSACCHARIDE_IMMUNE_RECEPTOR_ACTIVITY,GOMF_LIPOPOLYSACCHARIDE_IMMUNE_RECEPTOR_ACTIVITY,GO_MF,Tcon,SF_vs_PB_Tcon,1.69771321,0.768994753,0.0104078165,0.0926822645,7,6,TLR4/LY96/CD14/PTAFR/CD180/TLR2,up,FALSE
GOMF_PROTEIN_TYROSINE_KINASE_ACTIVATOR_ACTIVITY,GOMF_PROTEIN_TYROSINE_KINASE_ACTIVATOR_ACTIVITY,GO_MF,Tcon,SF_vs_PB_Tcon,1.71210022,0.603730247,0.0108717911,0.0962050944,17,9,CCL5/EFNA5/PRKCD/VEGFA/ERBB3/SRC/HBEGF/ABI1/PAK2,up,FALSE
GOMF_MHC_CLASS_I_PROTEIN_BINDING,GOMF_MHC_CLASS_I_PROTEIN_BINDING,GO_MF,Tcon,SF_vs_PB_Tcon,1.7067768,0.611541548,0.0110270068,0.0968614519,16,9,DERL1/TAP1/TUBB4B/TAPBP/CD8B/CD8A/LILRB1/PILRA/LILRB2,up,FALSE
GOMF_PROTEIN_TYROSINE_KINASE_INHIBITOR_ACTIVITY,GOMF_PROTEIN_TYROSINE_KINASE_INHIBITOR_ACTIVITY,GO_MF,Tcon,SF_vs_PB_Tcon,1.69207564,0.766441162,0.0110836487,0.0968614519,7,6,LILRB4/DUSP22/DUSP3/CAV1/HYAL2/PTPRC,up,FALSE
GOMF_INTRAMOLECULAR_PHOSPHOTRANSFERASE_ACTIVITY,GOMF_INTRAMOLECULAR_PHOSPHOTRANSFERASE_ACTIVITY,GO_MF,Tcon,SF_vs_PB_Tcon,1.70231231,0.7160724,0.0117250057,0.100897218,9,6,BPGM/PGAM1/PGM2L1/PGM1/PMM1/PGAM4,up,FALSE
GOMF_MONOCARBOXYLIC_ACID_TRANSMEMBRANE_TRANSPORTER_ACTIVITY,GOMF_MONOCARBOXYLIC_ACID_TRANSMEMBRANE_TRANSPORTER_ACTIVITY,GO_MF,Tcon,SF_vs_PB_Tcon,1.63823835,0.477329619,0.0117379242,0.100897218,37,18,SLC27A2/SLC6A6/SLC16A3/SLC1A4/MPC1/CEACAM1/FABP5/SLC27A4/SLC10A3/SLC2A1/SLC6A8/MPC2/SLCO2B1/ABCC3/ABCD1/ABCD4/FABP3/CD36,up,FALSE
GOMF_ACTININ_BINDING,GOMF_ACTININ_BINDING,GO_MF,Tcon,SF_vs_PB_Tcon,1.69542741,0.572858973,0.0117605854,0.100897218,20,8,PPARG/CSRP1/PDLIM7/PDLIM4/DAG1/PDLIM1/RELA/RARA,up,FALSE
GOMF_PHOSPHATIDYLCHOLINE_BINDING,GOMF_PHOSPHATIDYLCHOLINE_BINDING,GO_MF,Tcon,SF_vs_PB_Tcon,1.69549185,0.580449869,0.0119254521,0.101691582,19,9,PCTP/VDAC1/PCYT1A/CHMP2A/PITPNA/APOC1/PITPNM1/SCARB2/SESTD1,up,FALSE
GOMF_ATPASE_COUPLED_MONOATOMIC_CATION_TRANSMEMBRANE_TRANSPORTER_ACTIVITY,GOMF_ATPASE_COUPLED_MONOATOMIC_CATION_TRANSMEMBRANE_TRANSPORTER_ACTIVITY,GO_MF,Tcon,SF_vs_PB_Tcon,1.64513819,0.492081059,0.0121575097,0.102817151,33,14,ATP2B4/ATP1B1/ATP6V1A/ATP2B1/ATP6V0D1/ATP6V0B/TCIRG1/ATP2A2/ATP2A3/ATP6V1B2/ATP6V1D/ATP6V1E1/ATP6V1F/ATP13A2,up,FALSE
GOMF_OXIDOREDUCTASE_ACTIVITY_ACTING_ON_PAIRED_DONORS_WITH_OXIDATION_OF_A_PAIR_OF_DONORS_RESULTING_IN_THE_REDUCTION_OF_MOLECULAR_OXYGEN_TO_TWO_MOLECULES_OF_WATER,GOMF_OXIDOREDUCTASE_ACTIVITY_ACTING_ON_PAIRED_DONORS_WITH_OXIDATION_OF_A_PAIR_OF_DONORS_RESULTING_IN_THE_REDUCTION_OF_MOLECULAR_OXYGEN_TO_TWO_MOLECULES_OF_WATER,GO_MF,Tcon,SF_vs_PB_Tcon,1.68474648,0.763121355,0.0122035993,0.102817151,7,7,FADS3/SCD/FADS1/FADS2/SC5D/DEGS1/SCD5,up,FALSE
GOMF_MHC_CLASS_II_RECEPTOR_ACTIVITY,GOMF_MHC_CLASS_II_RECEPTOR_ACTIVITY,GO_MF,Tcon,SF_vs_PB_Tcon,1.70418974,0.677757718,0.0123134896,0.103017478,11,5,HLA-DQA1/HLA-DQA2/HLA-DPA1/HLA-DQB2/HLA-DQB1,up,FALSE
GOMF_HORMONE_BINDING,GOMF_HORMONE_BINDING,GO_MF,Tcon,SF_vs_PB_Tcon,-1.61998011,-0.453455065,0.0123738122,0.103017478,36,8,CRHR1/RAMP1/ACVR1/IGF1R/THRA/APP/VIPR1/SLC40A1,down,FALSE
GOMF_PROTEIN_TYROSINE_THREONINE_PHOSPHATASE_ACTIVITY,GOMF_PROTEIN_TYROSINE_THREONINE_PHOSPHATASE_ACTIVITY,GO_MF,Tcon,SF_vs_PB_Tcon,1.68266564,0.762178817,0.0124932417,0.103399947,7,4,DUSP4/DUSP10/DUSP6/DUSP2,up,FALSE
GOMF_CELL_CELL_ADHESION_MEDIATOR_ACTIVITY,GOMF_CELL_CELL_ADHESION_MEDIATOR_ACTIVITY,GO_MF,Tcon,SF_vs_PB_Tcon,1.63449453,0.482290315,0.012786856,0.104705217,35,11,S100A11/EMB/ANXA2/NINJ2/CLSTN3/BSG/ANXA1/CDC42EP1/TMOD3/NPTN/PDLIM1,up,FALSE
GOMF_MYOSIN_BINDING,GOMF_MYOSIN_BINDING,GO_MF,Tcon,SF_vs_PB_Tcon,1.60108697,0.449529057,0.0128202867,0.104705217,44,23,STX1A/CXCR4/RAB27A/MYL12B/RALA/RAB11A/RHOA/TRIOBP/DMD/GSN/LLGL1/RAB27B/MYO19/VEZT/RAB10/PYCARD/LIMCH1/RAB8A/TRAK1/CALML4/GIPC1/RAB6B/SPTBN5,up,FALSE
GOMF_ENDOPEPTIDASE_ACTIVATOR_ACTIVITY,GOMF_ENDOPEPTIDASE_ACTIVATOR_ACTIVITY,GO_MF,Tcon,SF_vs_PB_Tcon,1.65784053,0.525612014,0.0128742022,0.104705217,26,14,FURIN/NLRP3/PSENEN/BAD/NDUFA13/ADRM1/APAF1/PSMD14/AIM2/APH1A/NLRP12/ROCK2/PYCARD/PSME2,up,FALSE
GOMF_FAD_BINDING,GOMF_FAD_BINDING,GO_MF,Tcon,SF_vs_PB_Tcon,1.6446908,0.511730208,0.01389772,0.11237984,28,12,MICAL1/SQLE/CYB5R3/DHCR24/ACOX3/CYBB/QSOX1/MICAL2/TXNRD1/CRY1/NQO2/STEAP3,up,FALSE
GOMF_TRANSMEMBRANE_RECEPTOR_PROTEIN_SERINE_THREONINE_KINASE_BINDING,GOMF_TRANSMEMBRANE_RECEPTOR_PROTEIN_SERINE_THREONINE_KINASE_BINDING,GO_MF,Tcon,SF_vs_PB_Tcon,1.67204594,0.757368526,0.0142890245,0.114883757,7,6,SMAD7/SMURF1/SRC/FKBP1A/NEO1/PYCARD,up,FALSE
GOMF_PHOSPHORIC_DIESTER_HYDROLASE_ACTIVITY,GOMF_PHOSPHORIC_DIESTER_HYDROLASE_ACTIVITY,GO_MF,Tcon,SF_vs_PB_Tcon,1.55184219,0.414657601,0.0146647924,0.117235016,56,11,CCL5/CCR5/PDE4A/GDE1/PDE4D/PLCD1/PDE4B/CCR1/PLD2/CNP/GDPD5,up,FALSE
GOMF_MONOATOMIC_ANION_TRANSMEMBRANE_TRANSPORTER_ACTIVITY,GOMF_MONOATOMIC_ANION_TRANSMEMBRANE_TRANSPORTER_ACTIVITY,GO_MF,Tcon,SF_vs_PB_Tcon,1.52904823,0.398079144,0.0149880405,0.119142221,64,17,SLC6A6/CLIC1/SLC1A4/SLC1A1/CLIC3/VDAC1/CLIC5/TTYH3/SLC4A8/SLC12A4/CLIC2/SLC6A8/CLIC4/SLC4A2/SLC25A14/MCOLN1/ANO7,up,FALSE
GOMF_POLYPEPTIDE_N_ACETYLGALACTOSAMINYLTRANSFERASE_ACTIVITY,GOMF_POLYPEPTIDE_N_ACETYLGALACTOSAMINYLTRANSFERASE_ACTIVITY,GO_MF,Tcon,SF_vs_PB_Tcon,1.67418874,0.704242307,0.0151948448,0.120107565,9,6,GALNT6/GALNT3/GALNT10/GALNT1/GALNT2/GALNT4,up,FALSE
GOMF_SUPEROXIDE_GENERATING_NADPH_OXIDASE_ACTIVATOR_ACTIVITY,GOMF_SUPEROXIDE_GENERATING_NADPH_OXIDASE_ACTIVATOR_ACTIVITY,GO_MF,Tcon,SF_vs_PB_Tcon,1.64357123,0.779762393,0.0154499283,0.121441615,6,3,NCF4/NCF1/SH3PXD2A,up,FALSE
GOMF_ALPHA_ACTININ_BINDING,GOMF_ALPHA_ACTININ_BINDING,GO_MF,Tcon,SF_vs_PB_Tcon,1.66894598,0.608746661,0.0159924918,0.12492179,15,5,PPARG/PDLIM7/PDLIM4/DAG1/PDLIM1,up,FALSE
GOMF_ICOSANOID_BINDING,GOMF_ICOSANOID_BINDING,GO_MF,Tcon,SF_vs_PB_Tcon,1.63947745,0.777820172,0.0160702516,0.12492179,6,2,PPARG/ALOX5AP,up,FALSE
GOMF_G_PROTEIN_ALPHA_SUBUNIT_BINDING,GOMF_G_PROTEIN_ALPHA_SUBUNIT_BINDING,GO_MF,Tcon,SF_vs_PB_Tcon,1.66496834,0.587110345,0.0162704544,0.125086094,17,8,F2R/RGS1/RGS2/CCDC88A/PPP5C/NUCB1/RIC8A/GPSM2,up,FALSE
GOMF_MACROMOLECULAR_CONFORMATION_ISOMERASE_ACTIVITY,GOMF_MACROMOLECULAR_CONFORMATION_ISOMERASE_ACTIVITY,GO_MF,Tcon,SF_vs_PB_Tcon,1.36353917,0.293604449,0.0162824959,0.125086094,220,73,MYO7A/MYO1C/KIF20B/HELZ2/MCM6/STARD9/KIF21A/KIF13B/KIF1C/MYL6/RFC2/KATNAL1/DYNC2H1/KIF3C/MYO5A/MYO1F/KIF1B/DYNC1H1/PSMC3/KIF5C/KIF11/KIF3A/KIF23/SLFN11/MYO1D/DHX58/TOP2A/RAD51/DDX60/MCM7/DHX38/KATNA1/CENPE/PSMC1/DYNC1I2/MYO9B/KIF24/MYO19/DYNLRB1/MCM2/KIF18A/KIF15/PIF1/SNRNP200/KIFC1/KIF4A/MYO1B/PSMC2/SMC3/TTF2/DNAL4/MCM4/KIF14/PSMC4/MYO1E/BLM/DDX27/KIFC3/MCM5/KIF18B/DDX3X/KIF5B/KIF22/MCM3/DHX8/ASCC3/KIF20A/POLQ/RAD54L/DSCC1/RECQL/DHX16/MYL6B,up,FALSE
GOMF_TRANSPORTER_INHIBITOR_ACTIVITY,GOMF_TRANSPORTER_INHIBITOR_ACTIVITY,GO_MF,Tcon,SF_vs_PB_Tcon,1.60102214,0.46935011,0.0163580962,0.125086094,36,15,STOM/STX1A/PHPT1/LAMP2/ENSA/NEDD4/YWHAE/ANKRD36C/ITPR1/SCN1B/CALM2/CAV1/HAMP/FKBP1B/SLC30A1,up,FALSE
GOMF_P_TYPE_TRANSMEMBRANE_TRANSPORTER_ACTIVITY,GOMF_P_TYPE_TRANSMEMBRANE_TRANSPORTER_ACTIVITY,GO_MF,Tcon,SF_vs_PB_Tcon,1.67315811,0.634906902,0.0164736554,0.125288828,13,5,ATP2B4/ATP1B1/ATP2B1/ATP2A2/ATP2A3,up,FALSE
GOMF_CORECEPTOR_ACTIVITY,GOMF_CORECEPTOR_ACTIVITY,GO_MF,Tcon,SF_vs_PB_Tcon,1.56750324,0.440099925,0.0170525685,0.128994429,44,17,IL2RB/CCR5/CXCR6/CXCR4/IL18RAP/CD86/IL12RB2/RGMA/CD8B/CD8A/ITGAV/IL2RG/TGFBR3/ENG/CD4/CSF2RB/LY96,up,FALSE
GOMF_L_ASPARTATE_TRANSMEMBRANE_TRANSPORTER_ACTIVITY,GOMF_L_ASPARTATE_TRANSMEMBRANE_TRANSPORTER_ACTIVITY,GO_MF,Tcon,SF_vs_PB_Tcon,1.64811578,0.746529141,0.0178419711,0.13424413599999999,7,3,SLC1A4/SLC1A1/SLC1A5,up,FALSE
GOMF_MICROFILAMENT_MOTOR_ACTIVITY,GOMF_MICROFILAMENT_MOTOR_ACTIVITY,GO_MF,Tcon,SF_vs_PB_Tcon,1.64012972,0.561496703,0.0188403653,0.141002096,19,10,MYO7A/MYO1C/MYL6/MYO5A/MYO1F/MYO1D/MYO9B/MYO19/MYO1B/MYO1E,up,FALSE
GOMF_RECEPTOR_SERINE_THREONINE_KINASE_BINDING,GOMF_RECEPTOR_SERINE_THREONINE_KINASE_BINDING,GO_MF,Tcon,SF_vs_PB_Tcon,1.6486833,0.718585826,0.0191461141,0.142532183,8,7,SMAD7/SMURF1/SRC/FKBP1A/NEO1/PYCARD/FADD,up,FALSE
GOMF_MONOCARBOXYLIC_ACID_BINDING,GOMF_MONOCARBOXYLIC_ACID_BINDING,GO_MF,Tcon,SF_vs_PB_Tcon,1.57901242,0.462897818,0.0195121082,0.144032137,36,17,VDR/PPARG/ALOX5AP/RXRA/FABP5/SH3GLB1/SNCA/NOD2/ACOX3/PSAP/APOC1/SCP2/GSTP1/AKR1C3/PCCA/RARA/STX3,up,FALSE
GOMF_PROTEIN_LYSINE_DEACETYLASE_ACTIVITY,GOMF_PROTEIN_LYSINE_DEACETYLASE_ACTIVITY,GO_MF,Tcon,SF_vs_PB_Tcon,-1.61837732,-0.505775375,0.0195523371,0.144032137,23,8,HDAC2/HDAC3/SIRT7/HDAC1/SIRT5/HDAC5/HDAC7/SIRT4,down,FALSE
GOMF_DNA_APURINIC_OR_APYRIMIDINIC_SITE_ENDONUCLEASE_ACTIVITY,GOMF_DNA_APURINIC_OR_APYRIMIDINIC_SITE_ENDONUCLEASE_ACTIVITY,GO_MF,Tcon,SF_vs_PB_Tcon,-1.64723273,-0.590393802,0.0197577125,0.144786987,14,6,NTHL1/POLB/APLF/RPS3/HMGA1/APEX1,down,FALSE
GOMF_GTPASE_ACTIVATING_PROTEIN_BINDING,GOMF_GTPASE_ACTIVATING_PROTEIN_BINDING,GO_MF,Tcon,SF_vs_PB_Tcon,1.6466722,0.654882946,0.0202687272,0.147762172,11,5,PLCD1/FMNL1/FMNL3/PLXNB1/PIN1,up,FALSE
GOMF_UBIQUITIN_LIKE_PROTEIN_BINDING,GOMF_UBIQUITIN_LIKE_PROTEIN_BINDING,GO_MF,Tcon,SF_vs_PB_Tcon,1.42619641,0.337043982,0.0205874596,0.14903753,112,42,CXCR4/EPS15/N4BP1/UEVLD/UBE2A/UBXN10/IKBKG/UBXN11/MARK4/NEDD4/RNF19B/TSG101/NOD2/SQSTM1/TOLLIP/TOP2A/FBXO7/DDI2/PML/NPLOC4/DCUN1D3/FAF1/HABP4/UBXN2B/MDM2/CKS2/DCUN1D1/TNFAIP3/SIRT2/CKS1B/GGA2/BUB3/OTUB2/USP25/DHX16/DCUN1D5/GGA3/SOBP/AUP1/CUEDC1/HDAC6/WDR48,up,FALSE
GOMF_MONOATOMIC_ANION_CHANNEL_ACTIVITY,GOMF_MONOATOMIC_ANION_CHANNEL_ACTIVITY,GO_MF,Tcon,SF_vs_PB_Tcon,1.54994646,0.4394302,0.0207072316,0.14903753,42,12,CLIC1/SLC1A4/SLC1A1/CLIC3/VDAC1/CLIC5/TTYH3/CLIC2/CLIC4/MCOLN1/ANO7/ANO8,up,FALSE
GOMF_TAP_BINDING,GOMF_TAP_BINDING,GO_MF,Tcon,SF_vs_PB_Tcon,1.61467574,0.766053454,0.0207614469,0.14903753,6,6,TAP1/TAPBP/HLA-A/HLA-F/HLA-C/HLA-B,up,FALSE
GOMF_SUPEROXIDE_GENERATING_NAD_P_H_OXIDASE_ACTIVITY,GOMF_SUPEROXIDE_GENERATING_NAD_P_H_OXIDASE_ACTIVITY,GO_MF,Tcon,SF_vs_PB_Tcon,1.5888512,0.798334415,0.0212342013,0.151657468,5,3,NCF1/CYBB/CYBA,up,FALSE
GOMF_LIPID_TRANSPORTER_ACTIVITY,GOMF_LIPID_TRANSPORTER_ACTIVITY,GO_MF,Tcon,SF_vs_PB_Tcon,1.41951699,0.334023777,0.0213835238,0.15179538,115,46,SLC27A2/ATP10D/PLSCR1/ATP8B4/GRAMD1C/PCTP/CEACAM1/VMP1/SLCO4A1/FABP5/SLC27A4/STARD3/ATG9A/PITPNA/NPC1/OSBPL3/TSPO/STARD4/SERINC2/SLC10A3/SLC2A1/APOE/GRAMD1B/ATP9A/ABCB1/GLTP/OSBPL7/ABCA2/SCP2/PRELID2/PITPNM1/SLCO2B1/ATP11B/ABCC3/ATP8B3/SLCO3A1/ABCC1/ABCD1/ANO7/GM2A/ABCG1/OSBPL11/ABCD4/CIDEB/FABP3/ABCA3,up,FALSE
GOMF_LIPID_TRANSMEMBRANE_TRANSPORTER_ACTIVITY,GOMF_LIPID_TRANSMEMBRANE_TRANSPORTER_ACTIVITY,GO_MF,Tcon,SF_vs_PB_Tcon,1.59288724,0.505018821,0.0215057696,0.15179538,26,16,SLC27A2/CEACAM1/SLCO4A1/FABP5/SLC27A4/SLC10A3/SLC2A1/SLCO2B1/ABCC3/SLCO3A1/ABCC1/ABCD1/ABCG1/ABCD4/FABP3/CD36,up,FALSE
GOMF_PROTEIN_SERINE_KINASE_ACTIVITY,GOMF_PROTEIN_SERINE_KINASE_ACTIVITY,GO_MF,Tcon,SF_vs_PB_Tcon,1.31013869,0.273107879,0.0216741626,0.15179538,292,84,MAPKAPK2/LIMK1/DAPK2/SLK/STK3/PGK1/RIPK3/MKNK1/PRKCD/CDKL1/CIITA/MAPK11/DYRK3/MOK/EIF2AK2/PRKX/SGK1/DAPK1/CAMK1D/CASK/MAPK7/CDK2/RPS6KC1/TBK1/MARK4/PIK3CG/MELK/CDK1/TESK1/CAMK1/ULK4/WNK1/LATS2/BUB1B/SIK3/KSR1/MAST2/CSNK1G1/CAMKK1/MAP3K2/STK40/STK24/AKT1/MAPK1/MAK/PKMYT1/CSNK1E/HIPK3/PLK4/PIM3/AKT3/HIPK1/MAST4/BCKDK/CDKL2/MAP3K3/MAP2K2/ROCK1/PAK1/CDC7/AURKA/PBK/MAPK6/PINK1/ULK1/IRAK1/GAK/CSNK1D/CDK19/PAK2/NEK11/FAM20C/MAP3K8/STK10/PLK3/BMP2K/CIT/MAP3K5/RPS6KA4/PRKAA1/STK38L/SRPK1/ROCK2/NEK3,up,FALSE
GOMF_C4_DICARBOXYLATE_TRANSMEMBRANE_TRANSPORTER_ACTIVITY,GOMF_C4_DICARBOXYLATE_TRANSMEMBRANE_TRANSPORTER_ACTIVITY,GO_MF,Tcon,SF_vs_PB_Tcon,1.63632245,0.68831397,0.0217913521,0.15179538,9,3,SLC1A4/SLC1A1/SLC1A5,up,FALSE
GOMF_COPPER_ION_BINDING,GOMF_COPPER_ION_BINDING,GO_MF,Tcon,SF_vs_PB_Tcon,1.55682464,0.448258098,0.021939237,0.15179538,39,11,PRNP/PAM/ANG/GPC1/COX17/LACC1/SNAI3/RNF7/SNCA/SCO2/SLC31A1,up,FALSE
GOMF_PROTEIN_SEQUESTERING_ACTIVITY,GOMF_PROTEIN_SEQUESTERING_ACTIVITY,GO_MF,Tcon,SF_vs_PB_Tcon,1.53671029,0.433667926,0.0219490626,0.15179538,43,22,CDKN1A/CLU/SPI1/YWHAB/CD59/SNCA/SRI/SQSTM1/YWHAE/STAT3/YWHAG/PMEPA1/CAV1/SEC14L1/YWHAZ/INSIG1/NCK1/NFKBIE/CTNND1/LAPTM5/STK11IP/SDCBP,up,FALSE
GOMF_DELAYED_RECTIFIER_POTASSIUM_CHANNEL_ACTIVITY,GOMF_DELAYED_RECTIFIER_POTASSIUM_CHANNEL_ACTIVITY,GO_MF,Tcon,SF_vs_PB_Tcon,-1.6409779,-0.698198111,0.0220087118,0.15179538,8,2,KCNH2/KCNA3,down,FALSE
GOMF_OXIDOREDUCTASE_ACTIVITY_ACTING_ON_A_SULFUR_GROUP_OF_DONORS,GOMF_OXIDOREDUCTASE_ACTIVITY_ACTING_ON_A_SULFUR_GROUP_OF_DONORS,GO_MF,Tcon,SF_vs_PB_Tcon,1.52613419,0.426456012,0.022905195,0.157076077,45,18,CLIC1/PGK1/TXN/CLIC3/TXNDC17/DNAJC10/IFI30/MSRB1/SCO2/GSTO1/QSOX1/COA7/SUOX/TXNRD1/TMX4/TXNDC12/STAB1/GLRX2,up,FALSE
GOMF_ATPASE_COUPLED_TRANSMEMBRANE_TRANSPORTER_ACTIVITY,GOMF_ATPASE_COUPLED_TRANSMEMBRANE_TRANSPORTER_ACTIVITY,GO_MF,Tcon,SF_vs_PB_Tcon,1.48803236,0.390827711,0.0229976346,0.157076077,61,27,ATP2B4/ATP1B1/TAP1/ATP6V1A/ATP2B1/ATP6V0D1/ATP6V0B/TCIRG1/ATP2A2/ATP2A3/ATP6V1B2/ABCB10/ABCB1/ABCA2/ATP6V1D/ATP6V1E1/ABCC3/ABCC1/ATP6V1F/ATP13A2/ABCD1/ABCB8/ABCG1/ABCD4/ABCA3/ATP6V0A1/SLC36A1,up,FALSE
GOMF_MYOSIN_HEAVY_CHAIN_BINDING,GOMF_MYOSIN_HEAVY_CHAIN_BINDING,GO_MF,Tcon,SF_vs_PB_Tcon,1.61538527,0.73170356,0.0234224145,0.159204527,7,2,STX1A/MYL12B,up,FALSE
GOMF_TFIID_CLASS_TRANSCRIPTION_FACTOR_COMPLEX_BINDING,GOMF_TFIID_CLASS_TRANSCRIPTION_FACTOR_COMPLEX_BINDING,GO_MF,Tcon,SF_vs_PB_Tcon,-1.63721876,-0.650119404,0.0237759886,0.160830846,10,4,ERCC4/ZNHIT6/TP53/FBL,down,FALSE
GOMF_OXIDOREDUCTASE_ACTIVITY_ACTING_ON_NAD_P_H_OXYGEN_AS_ACCEPTOR,GOMF_OXIDOREDUCTASE_ACTIVITY_ACTING_ON_NAD_P_H_OXYGEN_AS_ACCEPTOR,GO_MF,Tcon,SF_vs_PB_Tcon,1.62758837,0.631128796,0.0239895401,0.161498961,12,5,MICAL1/NCF1/CYBB/CYBA/MICAL2,up,FALSE
GOMF_UBIQUITIN_PROTEIN_TRANSFERASE_INHIBITOR_ACTIVITY,GOMF_UBIQUITIN_PROTEIN_TRANSFERASE_INHIBITOR_ACTIVITY,GO_MF,Tcon,SF_vs_PB_Tcon,-1.60813022,-0.555998311,0.0242811364,0.162614935,16,8,RPS15/ARHGAP5-AS1/RPL23/RPS7/RPL11/RPS20/RPL37/RPL5,down,FALSE
GOMF_PROTEIN_PHOSPHATASE_2B_BINDING,GOMF_PROTEIN_PHOSPHATASE_2B_BINDING,GO_MF,Tcon,SF_vs_PB_Tcon,1.59904176,0.7586362,0.0243864614,0.162614935,6,2,ATP2B4/AKAP5,up,FALSE
GOMF_PHOSPHOPROTEIN_PHOSPHATASE_ACTIVITY,GOMF_PHOSPHOPROTEIN_PHOSPHATASE_ACTIVITY,GO_MF,Tcon,SF_vs_PB_Tcon,1.39370535,0.323174424,0.0245326722,0.162818253,127,52,DUSP4/DUSP10/PTPN22/PPP3CA/DUSP18/PHPT1/PTPN7/PTPRJ/PPP4R1/DUSP6/PTPRE/PTPRM/PPP1R3B/PTPN13/TNS3/CPPED1/PPP5C/PPP1CB/SBF1/PTPRN2/PPP2CB/DUSP2/PHLPP1/DUSP22/PALD1/PTPN12/DUSP3/TNS1/BCKDK/SSH1/PTPN9/PTP4A1/CTDSP1/PTPRC/DUSP23/PPM1J/PTPN14/PPP3CB/PDP2/DUSP16/PTPN1/PPTC7/PPM1A/MTMR6/CDC25A/DUSP5/DNAJC6/FIG4/CTDNEP1/PPP3R1/HTT/PTPRK,up,FALSE
GOMF_HEXOSAMINIDASE_ACTIVITY,GOMF_HEXOSAMINIDASE_ACTIVITY,GO_MF,Tcon,SF_vs_PB_Tcon,1.61780901,0.705129134,0.0249514619,0.164151839,8,6,NAGA/HYAL3/HEXB/NAGLU/HYAL2/GM2A,up,FALSE
GOMF_STEROL_BINDING,GOMF_STEROL_BINDING,GO_MF,Tcon,SF_vs_PB_Tcon,1.49782953,0.40651152,0.025122731,0.164151839,52,19,CD81/NINJ2/GRAMD1C/VDAC1/STARD3/NPC1/OSBPL3/TSPO/STARD4/GRAMD1B/NFE2L1/OSBPL7/CAV1/SCP2/SCARB2/INSIG1/OSBP2/ABCG1/OSBPL11,up,FALSE
GOMF_UBIQUITIN_LIGASE_INHIBITOR_ACTIVITY,GOMF_UBIQUITIN_LIGASE_INHIBITOR_ACTIVITY,GO_MF,Tcon,SF_vs_PB_Tcon,-1.62142645,-0.594051626,0.0252182965,0.164151839,13,8,RPS15/ARHGAP5-AS1/RPL23/RPS7/RPL11/RPS20/RPL37/RPL5,down,FALSE
GOMF_TRANSFERRIN_RECEPTOR_BINDING,GOMF_TRANSFERRIN_RECEPTOR_BINDING,GO_MF,Tcon,SF_vs_PB_Tcon,1.61910065,0.681069674,0.0252421261,0.164151839,9,3,CD81/RGMA/IKBKG,up,FALSE
GOMF_L_AMINO_ACID_N_ACETYLTRANSFERASE_ACTIVITY,GOMF_L_AMINO_ACID_N_ACETYLTRANSFERASE_ACTIVITY,GO_MF,Tcon,SF_vs_PB_Tcon,1.57340717,0.790574407,0.0253169502,0.164151839,5,4,KAT2B/ESCO2/EP300/NAGS,up,FALSE
GOMF_SERINE_HYDROLASE_ACTIVITY,GOMF_SERINE_HYDROLASE_ACTIVITY,GO_MF,Tcon,SF_vs_PB_Tcon,1.432512,0.352695358,0.0256315507,0.16542932,87,36,GZMA/FURIN/GZMK/GZMM/RHBDF2/RHBDD2/TPP1/CPVL/GZMB/HTRA1/DAG1/PLAU/ADAM8/FAM111B/GZMH/MMP9/SEC11A/DPP4/CTSK/CTSC/HTRA2/CPD/PRRG4/CTSS/PLAT/MMP14/ST14/TMPRSS3/NCEH1/BMP1/DPP7/PRCP/DPP8/PRSS27/MMP19/RBBP9,up,FALSE
GOMF_METALLOENDOPEPTIDASE_INHIBITOR_ACTIVITY,GOMF_METALLOENDOPEPTIDASE_INHIBITOR_ACTIVITY,GO_MF,Tcon,SF_vs_PB_Tcon,1.59037346,0.75452368,0.0262086613,0.168381673,6,4,TIMP2/SPOCK2/TIMP1/BST2,up,FALSE
GOMF_CYCLIC_NUCLEOTIDE_BINDING,GOMF_CYCLIC_NUCLEOTIDE_BINDING,GO_MF,Tcon,SF_vs_PB_Tcon,1.60370197,0.574609632,0.0263339875,0.16841782,16,5,PDE4A/PRKAR1A/PDE4D/PDE4B/RAPGEF2,up,FALSE
GOMF_NEUREXIN_FAMILY_PROTEIN_BINDING,GOMF_NEUREXIN_FAMILY_PROTEIN_BINDING,GO_MF,Tcon,SF_vs_PB_Tcon,1.59831037,0.723969326,0.0272263845,0.172875414,7,4,CLSTN3/SYTL2/CASK/SYTL3,up,FALSE
GOMF_NUCLEAR_THYROID_HORMONE_RECEPTOR_BINDING,GOMF_NUCLEAR_THYROID_HORMONE_RECEPTOR_BINDING,GO_MF,Tcon,SF_vs_PB_Tcon,1.55805165,0.489066186,0.0273803022,0.172875414,27,5,OASL/ARID5A/TACC1/NCOA3/TRIP12,up,FALSE
GOMF_ALCOHOL_BINDING,GOMF_ALCOHOL_BINDING,GO_MF,Tcon,SF_vs_PB_Tcon,1.47656572,0.39309706,0.0274086667,0.172875414,57,18,CD81/NINJ2/GRAMD1C/VDAC1/CYTH2/ITPR2/STARD3/NPC1/OSBPL3/ITPR3/TSPO/STARD4/ITPR1/GRAMD1B/NFE2L1/OSBPL7/CAV1/SCP2,up,FALSE
GOMF_MONOSACCHARIDE_BINDING,GOMF_MONOSACCHARIDE_BINDING,GO_MF,Tcon,SF_vs_PB_Tcon,1.49847995,0.413171453,0.0275224539,0.172875414,48,22,SLC2A8/PAM/FUOM/P4HA2/PLOD3/GALK1/BSG/CLEC10A/PHYH/SLC2A3/GPI/ASGR1/ENG/P4HA1/HK2/ASGR2/CLEC4A/OGFOD3/IGF2R/LMAN2/HK3/ALDOA,up,FALSE
GOMF_DISORDERED_DOMAIN_SPECIFIC_BINDING,GOMF_DISORDERED_DOMAIN_SPECIFIC_BINDING,GO_MF,Tcon,SF_vs_PB_Tcon,1.57209488,0.518870391,0.0284574517,0.177953931,22,7,EZR/CDKN2A/GAPDH/CLTC/NCOA3/HSPA1A/KEAP1,up,FALSE
GOMF_DNA_BINDING_TRANSCRIPTION_REPRESSOR_ACTIVITY,GOMF_DNA_BINDING_TRANSCRIPTION_REPRESSOR_ACTIVITY,GO_MF,Tcon,SF_vs_PB_Tcon,1.32843044,0.289291876,0.0288436176,0.179289787,201,47,SKIL/TRPS1/PPARG/SKI/SREBF2/ZBED2/BHLHE40/MSC/ENO1/ETV7/TBX21/PRDM1/CREM/NFE2L3/FOXP4/BCL6/SPI1/GFI1/ZEB2/ATF3/MAFK/ZFHX3/SNAI3/HHEX/BATF3/ETV6/NR3C1/ZBTB17/JDP2/HIVEP1/CC2D1B/TWIST1/PPARA/HIF1A/NFIL3/NFE2L1/FOXP3/JUN/TFEC/ERF/ATF7/NACC1/ZNF219/MITF/ZBTB34/ZBTB49/RELA,up,FALSE
GOMF_MRNA_3_UTR_BINDING,GOMF_MRNA_3_UTR_BINDING,GO_MF,Tcon,SF_vs_PB_Tcon,-1.38720133,-0.318898,0.0289259287,0.179289787,94,31,NHP2/RNF20/HNRNPA1L2/DDX5/AUH/TAF15/TARDBP/SERBP1/PUM1/PABPC4/HNRNPA0/HNRNPC/FXR1/RPL41/CELF1/RC3H1/RBM4/ZC3H14/EXOSC8/PABPC1/RBMS3/HNRNPA1/LRPPRC/SECISBP2/UTP23/FUS/RPS7/RSL1D1/CELF2/TP53/RPL5,down,FALSE
GOMF_PRENYLTRANSFERASE_ACTIVITY,GOMF_PRENYLTRANSFERASE_ACTIVITY,GO_MF,Tcon,SF_vs_PB_Tcon,-1.57641618,-0.536017397,0.0300097224,0.185191576,17,6,PTAR1/COX10/NUS1/GGPS1/FNTA/UBIAD1,down,FALSE
GOMF_TRANSFERASE_ACTIVITY_TRANSFERRING_ALKYL_OR_ARYL_OTHER_THAN_METHYL_GROUPS,GOMF_TRANSFERASE_ACTIVITY_TRANSFERRING_ALKYL_OR_ARYL_OTHER_THAN_METHYL_GROUPS,GO_MF,Tcon,SF_vs_PB_Tcon,-1.45803217,-0.374299972,0.0302156587,0.185648174,53,18,HMBS/HPGDS/PTAR1/LANCL1/MMACHC/GSTT1/DHPS/COX10/NUS1/GGPS1/MMAB/DTWD2/GSTK1/GSTM3/FNTA/MAT2A/UBIAD1/GSTM2,down,FALSE
GOMF_DISULFIDE_OXIDOREDUCTASE_ACTIVITY,GOMF_DISULFIDE_OXIDOREDUCTASE_ACTIVITY,GO_MF,Tcon,SF_vs_PB_Tcon,1.52028538,0.448590621,0.0306455934,0.187471086,35,15,CLIC1/PGK1/TXN/CLIC3/TXNDC17/DNAJC10/SCO2/GSTO1/QSOX1/COA7/TXNRD1/TMX4/TXNDC12/STAB1/GLRX2,up,FALSE
GOMF_CARBON_NITROGEN_LIGASE_ACTIVITY_WITH_GLUTAMINE_AS_AMIDO_N_DONOR,GOMF_CARBON_NITROGEN_LIGASE_ACTIVITY_WITH_GLUTAMINE_AS_AMIDO_N_DONOR,GO_MF,Tcon,SF_vs_PB_Tcon,-1.59273812,-0.6776732,0.0313040579,0.190670171,8,6,GATC/ASNS/ASNSD1/GMPS/QRSL1/PFAS,down,FALSE
GOMF_ICOSATETRAENOIC_ACID_BINDING,GOMF_ICOSATETRAENOIC_ACID_BINDING,GO_MF,Tcon,SF_vs_PB_Tcon,1.57992657,0.715642214,0.0319572102,0.19380946,7,2,PPARG/ALOX5AP,up,FALSE
GOMF_PHOSPHATIDYLINOSITOL_5_PHOSPHATE_BINDING,GOMF_PHOSPHATIDYLINOSITOL_5_PHOSPHATE_BINDING,GO_MF,Tcon,SF_vs_PB_Tcon,1.58077937,0.587961784,0.0325457734,0.196531773,14,6,PLEKHA5/SH3PXD2A/PHLDA3/SNX24/PLEKHF1/SESTD1,up,FALSE
GOMF_PHOSPHATIDYLINOSITOL_3_PHOSPHATE_BINDING,GOMF_PHOSPHATIDYLINOSITOL_3_PHOSPHATE_BINDING,GO_MF,Tcon,SF_vs_PB_Tcon,1.50405121,0.435737204,0.0330068787,0.197830508,38,12,NCF4/HIP1/WIPI1/ZFYVE28/PLEKHA5/SH3PXD2A/WDR45/ZFYVE1/PHLDA3/SNX24/PLEKHF1/SESTD1,up,FALSE
GOMF_GAMMA_TUBULIN_BINDING,GOMF_GAMMA_TUBULIN_BINDING,GO_MF,Tcon,SF_vs_PB_Tcon,1.53047535,0.480410096,0.0330420535,0.197830508,27,13,PDE4B/B9D2/NDRG1/MARK4/RACGAP1/DIXDC1/LYN/BRCA2/PAK1/BLOC1S2/RAB11FIP5/CDK5RAP2/DDX3X,up,FALSE
GOMF_DEACETYLASE_ACTIVITY,GOMF_DEACETYLASE_ACTIVITY,GO_MF,Tcon,SF_vs_PB_Tcon,-1.50442152,-0.430071699,0.0332549622,0.198261576,33,11,OARD1/CES1/MACROD1/HDAC2/HDAC3/SIRT7/HDAC1/SIRT5/HDAC5/HDAC7/SIRT4,down,FALSE
GOMF_CHOLESTEROL_TRANSFER_ACTIVITY,GOMF_CHOLESTEROL_TRANSFER_ACTIVITY,GO_MF,Tcon,SF_vs_PB_Tcon,1.56641067,0.552356394,0.0334717129,0.198711814,17,8,GRAMD1C/STARD3/NPC1/TSPO/STARD4/APOE/GRAMD1B/SCP2,up,FALSE
GOMF_DICARBOXYLIC_ACID_TRANSMEMBRANE_TRANSPORTER_ACTIVITY,GOMF_DICARBOXYLIC_ACID_TRANSMEMBRANE_TRANSPORTER_ACTIVITY,GO_MF,Tcon,SF_vs_PB_Tcon,1.57572059,0.586080202,0.0337902815,0.199760194,14,3,SLC1A4/SLC1A1/SLC1A5,up,FALSE
GOMF_CHLORIDE_CHANNEL_ACTIVITY,GOMF_CHLORIDE_CHANNEL_ACTIVITY,GO_MF,Tcon,SF_vs_PB_Tcon,1.52604322,0.479018869,0.0342617877,0.201380062,27,9,CLIC1/SLC1A4/CLIC3/CLIC5/TTYH3/CLIC2/CLIC4/ANO7/ANO8,up,FALSE
GOMF_CARGO_RECEPTOR_ACTIVITY,GOMF_CARGO_RECEPTOR_ACTIVITY,GO_MF,Tcon,SF_vs_PB_Tcon,1.46942591,0.405160468,0.0343505436,0.201380062,48,21,LDLR/CD44/VLDLR/SURF4/LRP8/CXCL16/MSR1/OLR1/DAB2/TFRC/MARCO/ASGR1/SCARF1/APOBR/SCARB2/FOLR2/CD163/ASGR2/STAB1/ITGB2/CD36,up,FALSE
GOMF_CALCIUM_CHANNEL_INHIBITOR_ACTIVITY,GOMF_CALCIUM_CHANNEL_INHIBITOR_ACTIVITY,GO_MF,Tcon,SF_vs_PB_Tcon,1.57890116,0.6445835,0.0348063243,0.202605248,10,7,STX1A/PHPT1/YWHAE/ITPR1/CALM2/FKBP1B/SLC30A1,up,FALSE
GOMF_G_PROTEIN_BETA_GAMMA_SUBUNIT_COMPLEX_BINDING,GOMF_G_PROTEIN_BETA_GAMMA_SUBUNIT_COMPLEX_BINDING,GO_MF,Tcon,SF_vs_PB_Tcon,1.56459277,0.570683913,0.0348568747,0.202605248,15,7,GNA15/GNAO1/GNAZ/GNA13/GNA12/GNAI3/PIK3R5,up,FALSE
GOMF_DIACYLGLYCEROL_BINDING,GOMF_DIACYLGLYCEROL_BINDING,GO_MF,Tcon,SF_vs_PB_Tcon,-1.58190161,-0.593527128,0.0350632027,0.202605248,12,5,CDIPT/FITM2/PRKCA/DGKD/RASGRP2,down,FALSE
GOMF_INWARD_RECTIFIER_POTASSIUM_CHANNEL_ACTIVITY,GOMF_INWARD_RECTIFIER_POTASSIUM_CHANNEL_ACTIVITY,GO_MF,Tcon,SF_vs_PB_Tcon,-1.54082747,-0.762220845,0.0351355227,0.202605248,5,3,KCNH3/KCNJ15/KCNH2,down,FALSE
GOMF_PROTEOGLYCAN_BINDING,GOMF_PROTEOGLYCAN_BINDING,GO_MF,Tcon,SF_vs_PB_Tcon,1.52675856,0.49338973,0.0365627695,0.209941917,24,14,CTSB/CTSL/FBLN7/ITGA2/ZG16B/FN1/DAG1/COL5A1/THBS1/APOE/GPNMB/CTSK/PTPRC/CTSS,up,FALSE
GOMF_SMAD_BINDING,GOMF_SMAD_BINDING,GO_MF,Tcon,SF_vs_PB_Tcon,1.4311991,0.375900607,0.0368445588,0.209941917,61,16,SKIL/SMAD7/PPARG/LDLRAD4/SKI/TGFB1I1/ZEB2/DAB2/SMURF1/TGFBR3/PMEPA1/JUN/FOS/SMURF2/PML/FKBP1A,up,FALSE
GOMF_PROTEIN_TYROSINE_KINASE_ACTIVITY,GOMF_PROTEIN_TYROSINE_KINASE_ACTIVITY,GO_MF,Tcon,SF_vs_PB_Tcon,1.37474472,0.329249385,0.0370413377,0.209941917,103,44,CRIM1/PRKCD/DYRK3/EIF2AK2/NTRK2/SYK/PKM/CSF1R/MELK/TESK1/FES/NRP2/LYN/JAK3/ERBB3/BTK/PEAK1/HCK/NTRK1/HIPK3/WEE1/SRC/HIPK1/MATK/MAP2K2/EFNA3/PBK/PTK2B/PTK6/FLT3/AXL/TYK2/NRP1/FLT1/MST1R/IGF2R/FGFR1/TTK/TNK2/JAK2/RET/FGFRL1/DYRK1B/MERTK,up,FALSE
GOMF_LYSOPHOSPHOLIPID_ACYLTRANSFERASE_ACTIVITY,GOMF_LYSOPHOSPHOLIPID_ACYLTRANSFERASE_ACTIVITY,GO_MF,Tcon,SF_vs_PB_Tcon,1.54279939,0.5212883,0.0372172759,0.209941917,20,12,MBOAT7/AGPAT2/AGPAT4/SH3GLB1/LPCAT2/ABHD5/AGPAT3/LPCAT1/MBOAT1/LPCAT3/LPCAT4/ABHD4,up,FALSE
GOMF_PROTEIN_TYROSINE_PHOSPHATASE_ACTIVITY,GOMF_PROTEIN_TYROSINE_PHOSPHATASE_ACTIVITY,GO_MF,Tcon,SF_vs_PB_Tcon,1.42282774,0.367098912,0.0373782078,0.209941917,67,27,DUSP4/DUSP10/PTPN22/DUSP18/PTPN7/PTPRJ/DUSP6/PTPRE/PTPRM/PTPN13/PTPRN2/DUSP2/DUSP22/PALD1/PTPN12/DUSP3/SSH1/PTPN9/PTP4A1/PTPRC/DUSP23/PTPN14/DUSP16/PTPN1/MTMR6/CDC25A/DUSP5,up,FALSE
GOMF_LIGAND_MODULATED_TRANSCRIPTION_FACTOR_ACTIVITY,GOMF_LIGAND_MODULATED_TRANSCRIPTION_FACTOR_ACTIVITY,GO_MF,Tcon,SF_vs_PB_Tcon,1.49303926,0.440551108,0.0374140548,0.209941917,35,15,VDR/PPARG/NR5A2/RXRA/NR1H2/ABHD2/NR4A1/NR3C1/PPARA/STAT3/ESR2/AHR/RARA/BACH1/ARNT,up,FALSE
GOMF_HISTONE_H4K16_ACETYLTRANSFERASE_ACTIVITY,GOMF_HISTONE_H4K16_ACETYLTRANSFERASE_ACTIVITY,GO_MF,Tcon,SF_vs_PB_Tcon,-1.57113684,-0.668482355,0.0374523249,0.209941917,8,5,ING4/KAT7/ING3/JADE1/KAT8,down,FALSE
GOMF_ISOMERASE_ACTIVITY,GOMF_ISOMERASE_ACTIVITY,GO_MF,Tcon,SF_vs_PB_Tcon,1.25173957,0.256222352,0.0385160544,0.21504797,350,98,MYO7A/SREBF2/FUOM/TBXAS1/MYO1C/KIF20B/HELZ2/MCM6/BPGM/STARD9/KIF21A/KIF13B/GALM/KIF1C/PGAM1/MYL6/RFC2/TPI1/PGM2L1/KATNAL1/DYNC2H1/KIF3C/MYO5A/MYO1F/KIF1B/DYNC1H1/PSMC3/KIF5C/MIF/KIF11/CYP2S1/KIF3A/KIF23/IDI1/EBP/DSE/GPI/SLFN11/FAHD2B/MYO1D/DHX58/TOP2A/RAD51/ENOX1/DDX60/QSOX1/MCM7/DHX38/PIN1/KATNA1/CENPE/PGM1/DHRS9/PSMC1/DYNC1I2/GALE/PMM1/MYO9B/KIF24/MYO19/DYNLRB1/MCM2/KIF18A/KIF15/FKBP1B/FKBP1A/PIF1/SNRNP200/KIFC1/KIF4A/PGAM4/MYO1B/PSMC2/SMC3/ERP44/TTF2/DNAL4/MCM4/FKBP1C/GNPDA1/KIF14/PSMC4/MYO1E/BLM/GLRX2/DEGS1/DDX27/KIFC3/PPIL1/MCM5/ERP27/KIF18B/DDX3X/KIF5B/KIF22/MCM3/DHX8/ASCC3,up,FALSE
GOMF_G_PROTEIN_BETA_SUBUNIT_BINDING,GOMF_G_PROTEIN_BETA_SUBUNIT_BINDING,GO_MF,Tcon,SF_vs_PB_Tcon,1.55741817,0.590987512,0.0391816069,0.217899292,13,6,F2R/GNG2/GNG4/GNG5/RASD1/RGS11,up,FALSE
GOMF_HISTONE_DEACETYLASE_BINDING,GOMF_HISTONE_DEACETYLASE_BINDING,GO_MF,Tcon,SF_vs_PB_Tcon,1.37729964,0.334618362,0.0397728222,0.219751988,94,34,BCL3/CIITA/HDAC9/SPI1/BCOR/YWHAB/MEF2D/KCTD21/CAMTA2/KAT2B/GMNN/MEF2C/JDP2/NCOR2/HSPA1A/TWIST1/YWHAE/HIF1A/FOXP3/KLF4/NACC1/ZNHIT1/NCOR1/KPNA2/RELA/HSPA1B/CRY1/SRF/BHLHE41/RARA/USF1/IKZF3/SIRT2/NUDT21,up,FALSE
GOMF_ACIDIC_AMINO_ACID_TRANSMEMBRANE_TRANSPORTER_ACTIVITY,GOMF_ACIDIC_AMINO_ACID_TRANSMEMBRANE_TRANSPORTER_ACTIVITY,GO_MF,Tcon,SF_vs_PB_Tcon,1.56136323,0.63742367,0.0399176091,0.219751988,10,6,SLC1A4/SLC1A1/SLC1A5/SLC1A3/UCP2/SLC25A12,up,FALSE
GOMF_UBIQUITIN_PROTEIN_TRANSFERASE_REGULATOR_ACTIVITY,GOMF_UBIQUITIN_PROTEIN_TRANSFERASE_REGULATOR_ACTIVITY,GO_MF,Tcon,SF_vs_PB_Tcon,-1.47122838,-0.417701394,0.0401613707,0.219751988,34,9,RPS15/ARHGAP5-AS1/RPL23/RPS7/RPL11/RPS20/RPL37/RPL5/TRIB2,down,FALSE
GOMF_ADRENERGIC_RECEPTOR_BINDING,GOMF_ADRENERGIC_RECEPTOR_BINDING,GO_MF,Tcon,SF_vs_PB_Tcon,1.5573857,0.678793371,0.0402145287,0.219751988,8,7,PDE4D/NEDD4/AKAP5/RAPGEF2/ARRDC3/DLG4/GNAS,up,FALSE
GOMF_WW_DOMAIN_BINDING,GOMF_WW_DOMAIN_BINDING,GO_MF,Tcon,SF_vs_PB_Tcon,1.53135797,0.517422419,0.0402956737,0.219751988,20,12,NDFIP2/PPARG/KIF20B/RAPGEF2/PMEPA1/PRRG4/TP63/TNK2/SHISA5/WBP11/CDC25C/TREX1,up,FALSE
GOMF_HEPARIN_BINDING,GOMF_HEPARIN_BINDING,GO_MF,Tcon,SF_vs_PB_Tcon,1.41936409,0.374128325,0.0405148255,0.220094052,60,20,CXCL13/FURIN/FBLN7/ANG/CCL23/FN1/LRPAP1/COL5A1/VEGFA/THBS1/NRP2/APLP2/APOE/TWSG1/TGFBR3/CXCL10/GPNMB/EVA1C/HBEGF/PTPRC,up,FALSE
GOMF_AMINO_ACID_TRANSMEMBRANE_TRANSPORTER_ACTIVITY,GOMF_AMINO_ACID_TRANSMEMBRANE_TRANSPORTER_ACTIVITY,GO_MF,Tcon,SF_vs_PB_Tcon,1.46694302,0.420120131,0.0415011351,0.224584989,40,18,SFXN3/SLC6A6/SLC1A4/SLC1A1/SLC1A5/SLC22A4/SLC3A2/SLC15A4/SLC6A8/SLC7A7/SLC43A2/SLC1A3/SLC7A5/SLC36A1/CTNS/UCP2/TMEM44/SLC25A12,up,FALSE
GOMF_MONOATOMIC_ANION_SODIUM_SYMPORTER_ACTIVITY,GOMF_MONOATOMIC_ANION_SODIUM_SYMPORTER_ACTIVITY,GO_MF,Tcon,SF_vs_PB_Tcon,1.52022678,0.763853377,0.042507472,0.229149476,5,2,SLC6A6/SLC6A8,up,FALSE
GOMF_PEPTIDOGLYCAN_BINDING,GOMF_PEPTIDOGLYCAN_BINDING,GO_MF,Tcon,SF_vs_PB_Tcon,1.54886864,0.675081171,0.0428288576,0.230000773,8,5,PGLYRP2/NLRP3/NOD2/TREM2/TLR2,up,FALSE
GOMF_FILAMIN_BINDING,GOMF_FILAMIN_BINDING,GO_MF,Tcon,SF_vs_PB_Tcon,1.54842804,0.674889134,0.0430787567,0.230463158,8,4,CRMP1/CEACAM1/NEBL/DPYSL3,up,FALSE
GOMF_PORIN_ACTIVITY,GOMF_PORIN_ACTIVITY,GO_MF,Tcon,SF_vs_PB_Tcon,1.53450937,0.728019984,0.0433063234,0.230803019,6,3,BAK1/VDAC1/TOMM40L,up,FALSE
GOMF_NITRIC_OXIDE_SYNTHASE_REGULATOR_ACTIVITY,GOMF_NITRIC_OXIDE_SYNTHASE_REGULATOR_ACTIVITY,GO_MF,Tcon,SF_vs_PB_Tcon,1.54722154,0.650833948,0.0436970945,0.232006838,9,4,ATP2B4/DYNLL1/AKT1/CAV1,up,FALSE
GOMF_GDP_DISSOCIATION_INHIBITOR_ACTIVITY,GOMF_GDP_DISSOCIATION_INHIBITOR_ACTIVITY,GO_MF,Tcon,SF_vs_PB_Tcon,1.52838464,0.557477029,0.0451055842,0.238584801,15,7,ARHGDIA/CCDC88A/GPSM2/ITGB1BP1/GPSM1/SH3BP4/CHML,up,FALSE
GOMF_PROTEIN_DISULFIDE_REDUCTASE_NAD_P_H_ACTIVITY,GOMF_PROTEIN_DISULFIDE_REDUCTASE_NAD_P_H_ACTIVITY,GO_MF,Tcon,SF_vs_PB_Tcon,1.51219792,0.759819196,0.0453009318,0.238720641,5,4,PGK1/TXN/TXNDC17/TXNRD1,up,FALSE
GOMF_TUMOR_NECROSIS_FACTOR_RECEPTOR_BINDING,GOMF_TUMOR_NECROSIS_FACTOR_RECEPTOR_BINDING,GO_MF,Tcon,SF_vs_PB_Tcon,1.48082202,0.460743966,0.0463257335,0.242690283,28,17,CD70/FASLG/TNF/TNFSF14/TNFSF4/TNFSF9/TNFSF8/TNFSF13/TNFSF12/TRIM37/TRAF2/CASP8/TRAF3/TRAF1/SIVA1/TNFSF13B/FADD,up,FALSE
GOMF_INTRAMOLECULAR_OXIDOREDUCTASE_ACTIVITY_TRANSPOSING_C_C_BONDS,GOMF_INTRAMOLECULAR_OXIDOREDUCTASE_ACTIVITY_TRANSPOSING_C_C_BONDS,GO_MF,Tcon,SF_vs_PB_Tcon,1.53600308,0.610869742,0.0463992083,0.242690283,11,4,SREBF2/MIF/IDI1/EBP,up,FALSE
GOMF_PHOSPHATIDYLINOSITOL_BISPHOSPHATE_BINDING,GOMF_PHOSPHATIDYLINOSITOL_BISPHOSPHATE_BINDING,GO_MF,Tcon,SF_vs_PB_Tcon,1.3896757,0.354805233,0.0467422096,0.243578848,71,29,HIP1/RAB35/WIPI1/ANXA2/PLEKHA5/PLCD1/SYTL2/PICALM/SH3PXD2A/CAPG/WDR45/GSN/DNM2/GSDMA/TWF2/GBF1/PHLDA3/SESTD1/MYO1B/SDCBP2/FCHO2/ATP13A2/FLII/PLEK2/CFL1/SDCBP/ADAP2/ADAP1/TULP3,up,FALSE
GOMF_NUCLEAR_EXPORT_SIGNAL_RECEPTOR_ACTIVITY,GOMF_NUCLEAR_EXPORT_SIGNAL_RECEPTOR_ACTIVITY,GO_MF,Tcon,SF_vs_PB_Tcon,-1.53530178,-0.609649425,0.0479513969,0.248957991,10,6,RAN/CSE1L/CALR/XPO7/XPO4/XPO6,down,FALSE
GOMF_SOLUTE_PROTON_SYMPORTER_ACTIVITY,GOMF_SOLUTE_PROTON_SYMPORTER_ACTIVITY,GO_MF,Tcon,SF_vs_PB_Tcon,1.51479187,0.542752964,0.0483132418,0.249824225,16,7,SLC16A3/SLC15A3/SLC15A4/SLC17A5/SLC36A1/CTNS/SLC25A3,up,FALSE
GOMF_MONOOXYGENASE_ACTIVITY,GOMF_MONOOXYGENASE_ACTIVITY,GO_MF,Tcon,SF_vs_PB_Tcon,1.43508245,0.404988001,0.0487088787,0.249824225,43,13,MICAL1/PAM/TBXAS1/SQLE/CYP4F22/PCBD1/CYP2R1/CYP2S1/MICAL2/MOXD1/AKR1C3/MSMO1/HMOX1,up,FALSE
GOMF_FERROUS_IRON_TRANSMEMBRANE_TRANSPORTER_ACTIVITY,GOMF_FERROUS_IRON_TRANSMEMBRANE_TRANSPORTER_ACTIVITY,GO_MF,Tcon,SF_vs_PB_Tcon,-1.5196203,-0.70883039,0.0488671334,0.249824225,6,2,SLC25A37/SLC40A1,down,FALSE
GOMF_GTP_DEPENDENT_PROTEIN_BINDING,GOMF_GTP_DEPENDENT_PROTEIN_BINDING,GO_MF,Tcon,SF_vs_PB_Tcon,1.50515719,0.522593135,0.0493435103,0.249824225,18,11,RAB38/PARD6A/RAC1/RAB34/RAB32/MRAS/AP1G1/UNC13B/DNM1L/RAB5B/RAB3D,up,FALSE
GOMF_ADP_BINDING,GOMF_ADP_BINDING,GO_MF,Tcon,SF_vs_PB_Tcon,1.46624908,0.448890815,0.0496163868,0.249824225,30,14,PGK1/NLRP3/TAP1/PPP5C/PRKAG1/NOD2/GLUD2/APAF1/MYO9B/GLUD1/ABCD1/ABCG1/ME1/VCP,up,FALSE
GOMF_PHOSPHATIDYLINOSITOL_3_4_BISPHOSPHATE_BINDING,GOMF_PHOSPHATIDYLINOSITOL_3_4_BISPHOSPHATE_BINDING,GO_MF,Tcon,SF_vs_PB_Tcon,1.48263481,0.484059292,0.0496215461,0.249824225,23,9,HIP1/ARAP3/NCF1/PLEKHA2/SH3PXD2A/GAB2/ZFYVE1/PHLDA3/AKT1,up,FALSE
GOMF_PHOSPHORIC_ESTER_HYDROLASE_ACTIVITY,GOMF_PHOSPHORIC_ESTER_HYDROLASE_ACTIVITY,GO_MF,Tcon,SF_vs_PB_Tcon,1.26320251,0.268831107,0.0497076023,0.249824225,243,72,CCL5/CCR5/DUSP4/DUSP10/PDE4A/PTPN22/GDE1/PDE4D/PPP3CA/DUSP18/PHPT1/PTPN7/PTPRJ/PLCD1/PDE4B/PPP4R1/DUSP6/CCR1/PTPRE/PTPRM/PPP1R3B/PLD2/CNP/PTPN13/TNS3/GDPD5/CPPED1/PPP5C/PPP1CB/SACM1L/SBF1/PTPRN2/ACP2/PPP2CB/ACP5/PLCG2/DUSP2/PHLPP1/DUSP22/PALD1/PTPN12/NT5DC2/DUSP3/TNS1/BCKDK/SSH1/PLD4/INPP1/PTPN9/PTP4A1/INPP5D/CTDSP1/PFKFB3/PTPRC/DUSP23/MTMR2/NT5C/PDE1B/PPM1J/INPPL1/PTPN14/PLD1/PPP3CB/PDP2/DUSP16/PTPN1/PPTC7/PPM1A/SMPDL3A/MTMR6/CDC25A/DUSP5,up,FALSE
GOMF_RACEMASE_AND_EPIMERASE_ACTIVITY_ACTING_ON_CARBOHYDRATES_AND_DERIVATIVES,GOMF_RACEMASE_AND_EPIMERASE_ACTIVITY_ACTING_ON_CARBOHYDRATES_AND_DERIVATIVES,GO_MF,Tcon,SF_vs_PB_Tcon,1.52402602,0.606106453,0.0499010353,0.249824225,11,5,FUOM/GALM/DSE/GPI/GALE,up,FALSE
GOMF_MHC_CLASS_I_RECEPTOR_ACTIVITY,GOMF_MHC_CLASS_I_RECEPTOR_ACTIVITY,GO_MF,Tcon,SF_vs_PB_Tcon,1.51262726,0.551729537,0.0501548569,0.249824225,15,11,LILRB4/LILRB1/LILRA2/LILRB5/LILRA3/LILRB2/LILRA5/LILRA6/LILRB3/LILRA1/CTSH,up,FALSE
GOMF_CUPROUS_ION_BINDING,GOMF_CUPROUS_ION_BINDING,GO_MF,Tcon,SF_vs_PB_Tcon,1.51629066,0.719376447,0.0502268057,0.249824225,6,3,PRNP/COX17/SNCA,up,FALSE
GOMF_O_ACETYLTRANSFERASE_ACTIVITY,GOMF_O_ACETYLTRANSFERASE_ACTIVITY,GO_MF,Tcon,SF_vs_PB_Tcon,1.51616354,0.719316138,0.0502268057,0.249824225,6,4,LPCAT2/CRAT/LPCAT1/LPCAT4,up,FALSE
GOMF_DIPEPTIDYL_PEPTIDASE_ACTIVITY,GOMF_DIPEPTIDYL_PEPTIDASE_ACTIVITY,GO_MF,Tcon,SF_vs_PB_Tcon,1.52510035,0.664721658,0.0502489379,0.249824225,8,6,DPP4/DPP3/CTSC/DPP7/PRCP/DPP8,up,FALSE
GOMF_GLUTAMATE_RECEPTOR_BINDING,GOMF_GLUTAMATE_RECEPTOR_BINDING,GO_MF,Tcon,SF_vs_PB_Tcon,1.46645347,0.460313885,0.0517021664,0.254454503,27,10,HIP1/PRNP/DLG3/NETO2/NEDD4/AKAP5/SQSTM1/GRIPAP1/SRC/PTK2B,up,FALSE
GOMF_5S_RRNA_BINDING,GOMF_5S_RRNA_BINDING,GO_MF,Tcon,SF_vs_PB_Tcon,-1.52278605,-0.62528960200000006,0.0517139853,0.254454503,9,7,GTF3A/MRPL18/RPF2/RRS1/EEF2/RPL11/RPL5,down,FALSE
GOMF_PEPTIDASE_ACTIVATOR_ACTIVITY,GOMF_PEPTIDASE_ACTIVATOR_ACTIVITY,GO_MF,Tcon,SF_vs_PB_Tcon,1.41538746,0.391997622,0.0517316889,0.254454503,47,23,FURIN/NLRP3/TANK/PSENEN/BAD/NDUFA13/FN1/ADRM1/ATP2A3/APAF1/CAV1/PSME4/CTSC/PINK1/PSMD14/AIM2/APH1A/NLRP12/DMWD/ROCK2/PYCARD/VCP/PSME2,up,FALSE
GOMF_DEHYDROASCORBIC_ACID_TRANSMEMBRANE_TRANSPORTER_ACTIVITY,GOMF_DEHYDROASCORBIC_ACID_TRANSMEMBRANE_TRANSPORTER_ACTIVITY,GO_MF,Tcon,SF_vs_PB_Tcon,1.49633967,0.751851056,0.0519036549,0.254454503,5,4,SLC2A8/SLC2A3/SLC2A1/SLC2A14,up,FALSE
GOMF_METAL_CLUSTER_BINDING,GOMF_METAL_CLUSTER_BINDING,GO_MF,Tcon,SF_vs_PB_Tcon,-1.35726126,-0.332308218,0.0522227018,0.255129658,67,24,MOCS1/DPH1/IREB2/MUTYH/ETFDH/UQCRFS1/REV3L/FDX1/PRIM2/RSAD1/CISD1/FBXL5/LIAS/NTHL1/RFESD/ELP3/ACO1/TYW1/ISCA2/ABCE1/RPS3/PPAT/DPYD/FXN,down,FALSE
GOMF_NUCLEOSOMAL_DNA_BINDING,GOMF_NUCLEOSOMAL_DNA_BINDING,GO_MF,Tcon,SF_vs_PB_Tcon,-1.4592692,-0.44650813,0.0539253511,0.262536225,25,8,HMGN3/HMGN5/HNRNPC/HMGN1/HDAC2/HDAC1/HMGN2/RCC1,down,FALSE
GOMF_TRNA_SPECIFIC_ADENOSINE_DEAMINASE_ACTIVITY,GOMF_TRNA_SPECIFIC_ADENOSINE_DEAMINASE_ACTIVITY,GO_MF,Tcon,SF_vs_PB_Tcon,1.49091614,0.74912595,0.0541696783,0.262816336,5,2,ADARB2/ADARB1,up,FALSE
GOMF_2_ACYLGLYCEROL_3_PHOSPHATE_O_ACYLTRANSFERASE_ACTIVITY,GOMF_2_ACYLGLYCEROL_3_PHOSPHATE_O_ACYLTRANSFERASE_ACTIVITY,GO_MF,Tcon,SF_vs_PB_Tcon,1.51154782,0.635827908,0.0555555556,0.267951287,9,6,MBOAT7/LPCAT2/LPCAT1/MBOAT1/LPCAT3/LPCAT4,up,FALSE
GOMF_SOLUTE_MONOATOMIC_CATION_SYMPORTER_ACTIVITY,GOMF_SOLUTE_MONOATOMIC_CATION_SYMPORTER_ACTIVITY,GO_MF,Tcon,SF_vs_PB_Tcon,1.39749865,0.379281679,0.055608938,0.267951287,52,14,SLC6A6/SLC16A3/SLC20A1/SLC1A1/SLC10A3/SLC4A8/SLC15A3/SLC12A4/SLC15A4/SLC6A8/SLC39A6/SLC17A5/SLC29A1/SLC39A8,up,FALSE
GOMF_BILE_ACID_TRANSMEMBRANE_TRANSPORTER_ACTIVITY,GOMF_BILE_ACID_TRANSMEMBRANE_TRANSPORTER_ACTIVITY,GO_MF,Tcon,SF_vs_PB_Tcon,1.50537421,0.68187304,0.0559202904,0.268531907,7,4,CEACAM1/SLC10A3/SLCO2B1/ABCC3,up,FALSE
GOMF_HORMONE_ACTIVITY,GOMF_HORMONE_ACTIVITY,GO_MF,Tcon,SF_vs_PB_Tcon,1.45254313,0.455947483,0.0561805935,0.268864269,27,12,METRNL/NMB/PMCH/CALCB/PTHLH/CHGB/HAMP/COPA/ENHO/SCT/ADM/TRH,up,FALSE
GOMF_1_ACYLGLYCEROPHOSPHOCHOLINE_O_ACYLTRANSFERASE_ACTIVITY,GOMF_1_ACYLGLYCEROPHOSPHOCHOLINE_O_ACYLTRANSFERASE_ACTIVITY,GO_MF,Tcon,SF_vs_PB_Tcon,1.50383633,0.681176442,0.0565381942,0.269658438,7,5,LPCAT2/LPCAT1/MBOAT1/LPCAT3/LPCAT4,up,FALSE
GOMF_TROPOMYOSIN_BINDING,GOMF_TROPOMYOSIN_BINDING,GO_MF,Tcon,SF_vs_PB_Tcon,1.50620705,0.656486932,0.0572076661,0.270772867,8,5,S100A6/TMOD3/NEBL/TMOD1/PYCARD,up,FALSE
GOMF_BHLH_TRANSCRIPTION_FACTOR_BINDING,GOMF_BHLH_TRANSCRIPTION_FACTOR_BINDING,GO_MF,Tcon,SF_vs_PB_Tcon,1.46382231,0.483134996,0.057245804,0.270772867,22,8,BHLHE40/IKZF4/USF2/TWIST1/PSMD9/LMO2/BHLHE41/USF1,up,FALSE
GOMF_ADENOSINE_DEAMINASE_ACTIVITY,GOMF_ADENOSINE_DEAMINASE_ACTIVITY,GO_MF,Tcon,SF_vs_PB_Tcon,1.50212133,0.680399621,0.0573491929,0.270772867,7,3,ADARB2/LACC1/ADARB1,up,FALSE
GOMF_WNT_PROTEIN_BINDING,GOMF_WNT_PROTEIN_BINDING,GO_MF,Tcon,SF_vs_PB_Tcon,-1.50205675,-0.578417265,0.058682231,0.275218255,11,5,RYK/LRP6/PTPRO/FZD3/TRABD2A,down,FALSE
GOMF_HYDROLASE_ACTIVITY_ACTING_ON_CARBON_NITROGEN_BUT_NOT_PEPTIDE_BONDS,GOMF_HYDROLASE_ACTIVITY_ACTING_ON_CARBON_NITROGEN_BUT_NOT_PEPTIDE_BONDS,GO_MF,Tcon,SF_vs_PB_Tcon,1.329031,0.321300311,0.0588695971,0.275218255,97,33,APOBEC3H/APOBEC3G/APOBEC3C/APOBEC3D/DDAH2/ZBP1/PGLYRP2/APOBEC3F/ADARB2/HDAC9/CRMP1/MTHFD2/LACC1/ACER3/APOBEC3A/DCLRE1A/ADARB1/OPLAH/DPYSL2/DPYSL3/NDST1/NIT1/HDAC11/APOBEC3B/GNPDA1/ARG2/UPB1/AMDHD2/CD101/SIRT2/TGM2/MTHFD1/AGA,up,FALSE
GOMF_N_ACETYLLACTOSAMINE_SYNTHASE_ACTIVITY,GOMF_N_ACETYLLACTOSAMINE_SYNTHASE_ACTIVITY,GO_MF,Tcon,SF_vs_PB_Tcon,1.48136513,0.744326947,0.0588775371,0.275218255,5,2,B4GALT5/B4GALT2,up,FALSE
GOMF_CARBOXYLIC_ESTER_HYDROLASE_ACTIVITY,GOMF_CARBOXYLIC_ESTER_HYDROLASE_ACTIVITY,GO_MF,Tcon,SF_vs_PB_Tcon,1.3351643500000001,0.327506541,0.0597405649,0.278327731,89,30,APMAP/ACOT7/GDE1/ACOT9/CA2/ABHD15/AOAH/PTRH1/ACOT4/ABHD2/ABHD16A/DTD1/ALDH2/ACOT11/PLA2G2C/PLA2G15/PAFAH1B2/ABHD5/H6PD/PON2/ETF1/DDHD2/NDST1/LCAT/OVCA2/NCEH1/PNPLA8/ABHD11/PNPLA6/ABHD4,up,FALSE
GOMF_ATPASE_BINDING,GOMF_ATPASE_BINDING,GO_MF,Tcon,SF_vs_PB_Tcon,1.36617211,0.356643812,0.0601142739,0.2791445,63,20,EZR/PDE4D/PPP3CA/ATP1B1/DERL1/SNTA1/ATP1B3/PSEN1/RDX/RALA/NR1H2/DNAJC10/TCIRG1/TMTC4/RALB/SRC/CAV1/NPLOC4/ATP6V1E1/SNX10,up,FALSE
GOMF_CYTOCHROME_B5_REDUCTASE_ACTIVITY_ACTING_ON_NAD_P_H,GOMF_CYTOCHROME_B5_REDUCTASE_ACTIVITY_ACTING_ON_NAD_P_H,GO_MF,Tcon,SF_vs_PB_Tcon,1.49495832,0.677155069,0.0606704256,0.280342484,7,5,CYB5R3/NQO1/POR/CYB5R2/CYB5R4,up,FALSE
GOMF_AMIDE_BINDING,GOMF_AMIDE_BINDING,GO_MF,Tcon,SF_vs_PB_Tcon,1.27656763,0.28587903,0.0607707588,0.280342484,162,51,CD1C/CD74/LDLR/PRNP/ACOT7/ITGA2/CLU/FCGR2B/VDAC1/HMGCR/PICALM/ITM2A/C1QA/DBI/LRP8/LRPAP1/CST3/FBXO2/CSF2RA/MSR1/NOD2/ADRB2/PSAP/ACBD5/APOE/GSS/PGRMC1/CD1E/RYR2/LILRB1/MARCO/GLTP/TREM2/SCP2/IL23R/TYMS/SRD5A1/LDLRAD3/FASN/NQO2/FKBP1B/LILRB2/MAP1LC3B/PCCA/FKBP1A/TLR4/CD1B/APBA1/PANK3/ITM2C/FOLR2,up,FALSE
GOMF_DYNEIN_INTERMEDIATE_CHAIN_BINDING,GOMF_DYNEIN_INTERMEDIATE_CHAIN_BINDING,GO_MF,Tcon,SF_vs_PB_Tcon,1.45939685,0.487330754,0.0612094531,0.280534791,21,5,DYNC2H1/DYNLT1/DYNLL1/DYNC1H1/DYNLT3,up,FALSE
GOMF_PROTEIN_METHYLTRANSFERASE_ACTIVITY,GOMF_PROTEIN_METHYLTRANSFERASE_ACTIVITY,GO_MF,Tcon,SF_vs_PB_Tcon,-1.33621756,-0.325416907,0.061211216,0.280534791,69,24,PCMTD1/SMYD4/METTL23/METTL9/FAM98B/NDUFAF7/LCMT1/PRMT3/SMYD3/SMYD2/METTL21A/METTL13/SETMAR/SIRT7/SETDB1/HEMK1/VCPKMT/PRMT7/EHMT2/CAMKMT/PCMTD2/DNMT3A/DPH5/FBL,down,FALSE
GOMF_DINUCLEOTIDE_PHOSPHATASE_ACTIVITY,GOMF_DINUCLEOTIDE_PHOSPHATASE_ACTIVITY,GO_MF,Tcon,SF_vs_PB_Tcon,-1.47410604,-0.729214902,0.0619122739,0.282826524,5,3,NUDT13/ENPP5/NUDT12,down,FALSE
GOMF_CALCIUM_CALMODULIN_DEPENDENT_PROTEIN_KINASE_ACTIVITY,GOMF_CALCIUM_CALMODULIN_DEPENDENT_PROTEIN_KINASE_ACTIVITY,GO_MF,Tcon,SF_vs_PB_Tcon,1.45853314,0.492816025,0.0638721451,0.290835302,20,9,MAPKAPK2/CAMKV/MKNK1/DAPK1/CAMK1D/CAMK1/CAMKK1/PTK2B/ITPKA,up,FALSE
GOMF_ICOSANOID_TRANSMEMBRANE_TRANSPORTER_ACTIVITY,GOMF_ICOSANOID_TRANSMEMBRANE_TRANSPORTER_ACTIVITY,GO_MF,Tcon,SF_vs_PB_Tcon,1.46983622,0.738534131,0.0641909711,0.291344182,5,4,SLCO4A1/SLCO2B1/ABCC3/SLCO3A1,up,FALSE
GOMF_SNRNA_BINDING,GOMF_SNRNA_BINDING,GO_MF,Tcon,SF_vs_PB_Tcon,-1.38023739,-0.372012929,0.0645057471,0.291831467,42,16,HNRNPU/GEMIN5/MEPCE/DDX39B/PRPF8/EIF5A/RBM41/LSM3/SNRNP70/COIL/LSM4/CCNT1/NCBP2/METTL16/SNRPA/RNPC3,down,FALSE
GOMF_MALATE_DEHYDROGENASE_ACTIVITY,GOMF_MALATE_DEHYDROGENASE_ACTIVITY,GO_MF,Tcon,SF_vs_PB_Tcon,-1.47933108,-0.690037394,0.0655348328,0.29553689,6,2,ME2/PHGDH,down,FALSE
GOMF_PHOSPHATE_TRANSMEMBRANE_TRANSPORTER_ACTIVITY,GOMF_PHOSPHATE_TRANSMEMBRANE_TRANSPORTER_ACTIVITY,GO_MF,Tcon,SF_vs_PB_Tcon,1.47063838,0.546995478,0.0657703694,0.295651469,14,8,SLC20A1/SLC25A24/SLC37A2/XPR1/ANKH/UCP2/SLC25A3/SLC37A4,up,FALSE
GOMF_PHOSPHATIDYLINOSITOL_3_5_BISPHOSPHATE_BINDING,GOMF_PHOSPHATIDYLINOSITOL_3_5_BISPHOSPHATE_BINDING,GO_MF,Tcon,SF_vs_PB_Tcon,1.44044309,0.475418676,0.0660882034,0.296134083,22,9,HIP1/WIPI1/PLEKHA5/WDR45/GBF1/PHLDA3/SESTD1/ATP13A2/PLEK2,up,FALSE
GOMF_NEUROPEPTIDE_BINDING,GOMF_NEUROPEPTIDE_BINDING,GO_MF,Tcon,SF_vs_PB_Tcon,-1.47672741,-0.688822906,0.066774067,0.298257499,6,4,NMUR1/SSTR3/SORL1/PTGDR2,down,FALSE
GOMF_RACEMASE_AND_EPIMERASE_ACTIVITY,GOMF_RACEMASE_AND_EPIMERASE_ACTIVITY,GO_MF,Tcon,SF_vs_PB_Tcon,1.45045465,0.503600318,0.0673389418,0.29893241,18,6,FUOM/GALM/DSE/GPI/DHRS9/GALE,up,FALSE
GOMF_GLYCOLIPID_BINDING,GOMF_GLYCOLIPID_BINDING,GO_MF,Tcon,SF_vs_PB_Tcon,1.4335027,0.468018355,0.0673500882,0.29893241,23,10,CD1C/ULBP2/TPP1/PIGT/GPAA1/HSPA2/PSAP/LYN/GLTP/TREM2,up,FALSE
GOMF_WIDE_PORE_CHANNEL_ACTIVITY,GOMF_WIDE_PORE_CHANNEL_ACTIVITY,GO_MF,Tcon,SF_vs_PB_Tcon,1.46503474,0.544911237,0.0680142553,0.300930997,14,5,PRF1/BAK1/VDAC1/GSDMA/TOMM40L,up,FALSE
GOMF_GLUCURONOSYLTRANSFERASE_ACTIVITY,GOMF_GLUCURONOSYLTRANSFERASE_ACTIVITY,GO_MF,Tcon,SF_vs_PB_Tcon,1.47714068,0.621354653,0.068310074,0.301292395,9,4,B3GAT1/B3GAT3/CHSY1/CHPF,up,FALSE
GOMF_ARACHIDONATE_COA_LIGASE_ACTIVITY,GOMF_ARACHIDONATE_COA_LIGASE_ACTIVITY,GO_MF,Tcon,SF_vs_PB_Tcon,1.47519289,0.620535321,0.0690536109,0.303620096,9,5,SLC27A2/ACSL1/SLC27A4/ACSL4/ACSL5,up,FALSE
GOMF_NUCLEOSIDE_TRIPHOSPHATE_DIPHOSPHATASE_ACTIVITY,GOMF_NUCLEOSIDE_TRIPHOSPHATE_DIPHOSPHATASE_ACTIVITY,GO_MF,Tcon,SF_vs_PB_Tcon,1.4729654,0.619598333,0.0700068634,0.306852513,9,4,ASMTL/NUDT16/ITPA/DCTPP1,up,FALSE
GOMF_DYNEIN_LIGHT_INTERMEDIATE_CHAIN_BINDING,GOMF_DYNEIN_LIGHT_INTERMEDIATE_CHAIN_BINDING,GO_MF,Tcon,SF_vs_PB_Tcon,1.44121313,0.493397815,0.0705543024,0.30733049,19,5,CCDC88B/DYNC2H1/DYNC1H1/RAB11A/CCDC88A,up,FALSE
GOMF_INSULIN_LIKE_GROWTH_FACTOR_II_BINDING,GOMF_INSULIN_LIKE_GROWTH_FACTOR_II_BINDING,GO_MF,Tcon,SF_vs_PB_Tcon,1.45728337,0.732226822,0.070617882,0.30733049,5,2,IGFBP4/IGFBP6,up,FALSE
GOMF_SODIUM_ION_TRANSMEMBRANE_TRANSPORTER_ACTIVITY,GOMF_SODIUM_ION_TRANSMEMBRANE_TRANSPORTER_ACTIVITY,GO_MF,Tcon,SF_vs_PB_Tcon,1.34788197,0.355286447,0.0707712002,0.30733049,60,15,SLC6A6/SLC20A1/ATP1B1/SLC1A1/TMEM43/SLC10A3/SLC8A1/SLC4A8/TRPM2/SLC6A8/CNNM4/CHP1/SLC29A1/SCN9A/MCOLN1,up,FALSE
GOMF_TRANSCRIPTION_REGULATOR_INHIBITOR_ACTIVITY,GOMF_TRANSCRIPTION_REGULATOR_INHIBITOR_ACTIVITY,GO_MF,Tcon,SF_vs_PB_Tcon,1.40411359,0.426282008,0.0713075453,0.307767547,31,12,SMAD7/ANXA4/TRIB1/SRI/HSPA1A/DDIT3/KEAP1/ID2/SIN3A/NCOA2/NFKBIL1/HEXIM1,up,FALSE
GOMF_SODIUM_CHANNEL_REGULATOR_ACTIVITY,GOMF_SODIUM_CHANNEL_REGULATOR_ACTIVITY,GO_MF,Tcon,SF_vs_PB_Tcon,1.4198512,0.458841375,0.0713093251,0.307767547,24,6,ATP2B4/YWHAH/SNTA1/SGK1/NEDD4/SCN1B,up,FALSE
GOMF_AMINO_ACID_MONOATOMIC_CATION_SYMPORTER_ACTIVITY,GOMF_AMINO_ACID_MONOATOMIC_CATION_SYMPORTER_ACTIVITY,GO_MF,Tcon,SF_vs_PB_Tcon,1.46737965,0.617248706,0.0724853199,0.311886377,9,6,SLC6A6/SLC1A1/SLC6A8/SLC1A3/SLC36A1/SLC38A7,up,FALSE
GOMF_VITAMIN_TRANSMEMBRANE_TRANSPORTER_ACTIVITY,GOMF_VITAMIN_TRANSMEMBRANE_TRANSPORTER_ACTIVITY,GO_MF,Tcon,SF_vs_PB_Tcon,1.44184333,0.50843077,0.0732170449,0.314074336,17,7,SLC2A8/SLC2A3/SLC2A1/ABCC1/SLC2A14/SLC25A19/ABCD4,up,FALSE
GOMF_CHLORIDE_CHANNEL_REGULATOR_ACTIVITY,GOMF_CHLORIDE_CHANNEL_REGULATOR_ACTIVITY,GO_MF,Tcon,SF_vs_PB_Tcon,1.46406692,0.59770263,0.0738275514,0.315730592,10,5,STX1A/SGK1/VTI1B/STX7/VAMP8,up,FALSE
GOMF_CYSTEINE_TYPE_ENDOPEPTIDASE_ACTIVATOR_ACTIVITY,GOMF_CYSTEINE_TYPE_ENDOPEPTIDASE_ACTIVATOR_ACTIVITY,GO_MF,Tcon,SF_vs_PB_Tcon,1.45674297,0.579347928,0.075308313,0.321087262,11,6,NLRP3/BAD/APAF1/AIM2/NLRP12/PYCARD,up,FALSE
GOMF_ATP_HYDROLYSIS_ACTIVITY,GOMF_ATP_HYDROLYSIS_ACTIVITY,GO_MF,Tcon,SF_vs_PB_Tcon,1.20417456,0.24891411,0.0758348726,0.322179388,317,93,ATP2B4/KIF20B/ATP10D/HELZ2/MCM6/ENTPD1/KIF21A/KIF13B/CLU/ATP8B4/KIF1C/RFC2/NLRP3/KATNAL1/TAP1/KIF3C/MYO5A/HSPA6/KIF1B/TOR4A/ATP6V1A/CHD9/TOR3A/PSMC3/KIF5C/KIF3A/HSPA2/KIF23/MLH1/HSPA1A/RNF213/ATP2B1/SLFN11/DHX58/ATP2A2/ATAD2/ATP2A3/DDX60/MCM7/ATP9A/SMC4/DHX38/KATNA1/ABCB10/ABCB1/PSMC1/ABCA2/MYO9B/MYO19/SMC6/MCM2/KIF18A/HSPA1B/KIF15/PIF1/SNRNP200/KIFC1/ATP11B/ABCC3/ATP8B3/SMC1A/TRIP13/ABCC1/PSMC2/TOR1A/SMC3/ATP13A2/ABCD1/ABCB8/MCM4/ABCF1/ABCG1/KIF14/ABCD4/PSMC4/SMC2/SMPDL3A/MYO1E/BLM/TOR1B/ABCA3/DDX27/MCM5/KIF18B/DDX3X/KIF5B/KIF22/MCM3/ATP11A/ORC1/VCP/DHX8/ASCC3,up,FALSE
GOMF_S_METHYLTRANSFERASE_ACTIVITY,GOMF_S_METHYLTRANSFERASE_ACTIVITY,GO_MF,Tcon,SF_vs_PB_Tcon,-1.46334026,-0.649985103,0.0763471191,0.322179388,7,4,MGMT/MTR/INMT/DNMT3A,down,FALSE
GOMF_GLUTATHIONE_BINDING,GOMF_GLUTATHIONE_BINDING,GO_MF,Tcon,SF_vs_PB_Tcon,-1.4596183,-0.599351528,0.0764879075,0.322179388,9,5,PTGES2/LANCL1/MMACHC/GSTM3/GSTM2,down,FALSE
GOMF_OLIGOPEPTIDE_BINDING,GOMF_OLIGOPEPTIDE_BINDING,GO_MF,Tcon,SF_vs_PB_Tcon,-1.4596183,-0.599351528,0.0764879075,0.322179388,9,5,PTGES2/LANCL1/MMACHC/GSTM3/GSTM2,down,FALSE
GOMF_OXIDOREDUCTASE_ACTIVITY_ACTING_ON_CH_OR_CH2_GROUPS_DISULFIDE_AS_ACCEPTOR,GOMF_OXIDOREDUCTASE_ACTIVITY_ACTING_ON_CH_OR_CH2_GROUPS_DISULFIDE_AS_ACCEPTOR,GO_MF,Tcon,SF_vs_PB_Tcon,1.44532357,0.726217501,0.077044793,0.322179388,5,3,VKORC1L1/RRM2B/VKORC1,up,FALSE
GOMF_ATP_DEPENDENT_PROTEIN_BINDING,GOMF_ATP_DEPENDENT_PROTEIN_BINDING,GO_MF,Tcon,SF_vs_PB_Tcon,1.45614861,0.659575852,0.0775083031,0.322179388,7,2,STX1A/PRNP,up,FALSE
GOMF_LIPASE_ACTIVITY,GOMF_LIPASE_ACTIVITY,GO_MF,Tcon,SF_vs_PB_Tcon,1.312076,0.330327321,0.0777485355,0.322179388,77,31,CCL5/CCR5/GDE1/PLCD1/ABHD15/CCR1/PLD2/ABHD2/GDPD5/ABHD16A/PLA2G2C/PLCG2/PLA2G15/ABHD5/PLD4/DDHD2/LCAT/PLBD1/NCEH1/PLD1/PNPLA8/ABHD11/SMPDL3A/PNPLA6/ABHD4/SMPD1/PLCB3/LYPLA2/PLA2G4A/PLB1/ABHD6,up,FALSE
GOMF_TRANSCRIPTION_COREPRESSOR_ACTIVITY,GOMF_TRANSCRIPTION_COREPRESSOR_ACTIVITY,GO_MF,Tcon,SF_vs_PB_Tcon,1.24553039,0.276871978,0.0777651587,0.322179388,171,34,SMAD7/BCL3/KDM5B/EOMES/JAZF1/ARID5A/ENO1/HSBP1/PBXIP1/PARP9/CIITA/HDAC9/LMO4/SFMBT2/BCOR/PRDM8/TLE3/TSG101/GMNN/RBBP8/NCOR2/HSPA1A/DDIT3/SP100/BASP1/CDYL2/MAD2L2/PARP14/SAP30/ID2/FOXP3/PIAS4/SFMBT1/NCOR1,up,FALSE
GOMF_CELL_MATRIX_ADHESION_MEDIATOR_ACTIVITY,GOMF_CELL_MATRIX_ADHESION_MEDIATOR_ACTIVITY,GO_MF,Tcon,SF_vs_PB_Tcon,1.44373248,0.725418042,0.0778847844,0.322179388,5,2,ITGA1/ITGA2,up,FALSE
GOMF_SH2_DOMAIN_BINDING,GOMF_SH2_DOMAIN_BINDING,GO_MF,Tcon,SF_vs_PB_Tcon,1.38325074,0.413747302,0.0780734471,0.322179388,33,17,LAT2/SLAMF1/SYNGR3/SYK/DAG1/CCDC88A/SQSTM1/LILRB1/SHCBP1/SRC/BLNK/INPPL1/SIGLEC10/FGFR1/RUFY1/JAK2/SIT1,up,FALSE
GOMF_MUSCLE_ALPHA_ACTININ_BINDING,GOMF_MUSCLE_ALPHA_ACTININ_BINDING,GO_MF,Tcon,SF_vs_PB_Tcon,1.45384924,0.611557182,0.0784526805,0.322179388,9,3,PDLIM7/PDLIM4/PDLIM1,up,FALSE
GOMF_RNA_2_O_METHYLTRANSFERASE_ACTIVITY,GOMF_RNA_2_O_METHYLTRANSFERASE_ACTIVITY,GO_MF,Tcon,SF_vs_PB_Tcon,-1.45809418,-0.647654906,0.0785041689,0.322179388,7,4,BCDIN3D/MRM1/TRMT13/FBL,down,FALSE
GOMF_DYNEIN_COMPLEX_BINDING,GOMF_DYNEIN_COMPLEX_BINDING,GO_MF,Tcon,SF_vs_PB_Tcon,1.42899835,0.503901302,0.0785412439,0.322179388,17,13,SNCA/GPSM2/KATNB1/CENPF/SMC3/DCTN6/PAFAH1B1/NUMA1/APC/HDAC6/BICD2/ATMIN/FMR1,up,FALSE
GOMF_CLATHRIN_HEAVY_CHAIN_BINDING,GOMF_CLATHRIN_HEAVY_CHAIN_BINDING,GO_MF,Tcon,SF_vs_PB_Tcon,1.45174067,0.610670218,0.0793106078,0.323771103,9,6,LDLR/PICALM/GPR107/DNAJC6/CLTA/LRP1,up,FALSE
GOMF_MAGNESIUM_ION_BINDING,GOMF_MAGNESIUM_ION_BINDING,GO_MF,Tcon,SF_vs_PB_Tcon,1.23225492,0.269002215,0.0793895028,0.323771103,197,57,TPPP/CIB1/STK3/ATP10D/PLSCR1/ENO1/ATP8B4/GEM/DYRK3/MTHFD2/HPRT1/NUDT16/ILK/CDK2/ARL3/PKM/ADPRH/SNCA/IDH1/ENDOV/IDI1/SIK3/MAST2/COMT/GSS/TOP2A/RHEB/ATP9A/DCTPP1/PGM1/RAP2A/WEE1/FEN1/NUDT5/ENO2/MAST4/SPHK1/RP2/RRAGC/PINK1/PIF1/ATP11B/ATP8B3/IDH2/EXTL3/GEN1/PDXK/MAP3K8/REXO2/ARF1/MAP3K5/RPS6KA4/IRAK3/STK38L/SRPK1/PI4K2A/PPM1A,up,FALSE
GOMF_PROTEIN_DISULFIDE_REDUCTASE_ACTIVITY,GOMF_PROTEIN_DISULFIDE_REDUCTASE_ACTIVITY,GO_MF,Tcon,SF_vs_PB_Tcon,1.39301106,0.433422404,0.0798437642,0.32468259,28,12,PGK1/TXN/CLIC3/TXNDC17/DNAJC10/SCO2/QSOX1/COA7/TXNRD1/TXNDC12/STAB1/GLRX2,up,FALSE
GOMF_EPOXIDE_HYDROLASE_ACTIVITY,GOMF_EPOXIDE_HYDROLASE_ACTIVITY,GO_MF,Tcon,SF_vs_PB_Tcon,-1.44813091,-0.675484001,0.0807154512,0.326321777,6,4,EPHX1/AKR7A2/LTA4H/EPHX2,down,FALSE
GOMF_NEUTRAL_L_AMINO_ACID_TRANSMEMBRANE_TRANSPORTER_ACTIVITY,GOMF_NEUTRAL_L_AMINO_ACID_TRANSMEMBRANE_TRANSPORTER_ACTIVITY,GO_MF,Tcon,SF_vs_PB_Tcon,1.40261453,0.457933803,0.0808715461,0.326321777,23,11,SLC6A6/SLC1A4/SLC1A1/SLC1A5/SLC3A2/SLC43A2/SLC1A3/SLC7A5/SLC36A1/SLC25A12/SLC38A7,up,FALSE
GOMF_HYDROXYMETHYL_FORMYL_AND_RELATED_TRANSFERASE_ACTIVITY,GOMF_HYDROXYMETHYL_FORMYL_AND_RELATED_TRANSFERASE_ACTIVITY,GO_MF,Tcon,SF_vs_PB_Tcon,-1.44783677,-0.6753468,0.0809426441,0.326321777,6,3,SHMT2/MTFMT/ATIC,down,FALSE
GOMF_PHOSPHATIDIC_ACID_BINDING,GOMF_PHOSPHATIDIC_ACID_BINDING,GO_MF,Tcon,SF_vs_PB_Tcon,1.40458216,0.469026698,0.0827055205,0.332476192,21,9,PLEKHN1/PLCD1/RAPGEF2/GRAMD1B/MICALL1/PITPNM1/SESTD1/ATP13A2/CIDEB,up,FALSE
GOMF_SEMAPHORIN_RECEPTOR_ACTIVITY,GOMF_SEMAPHORIN_RECEPTOR_ACTIVITY,GO_MF,Tcon,SF_vs_PB_Tcon,1.43390401,0.556023946,0.0845887101,0.338490841,12,8,PLXND1/PLXNB2/PLXNB1/NRP2/PLXNA3/TREM2/PLXNA1/NRP1,up,FALSE
GOMF_MAP_KINASE_TYROSINE_PHOSPHATASE_ACTIVITY,GOMF_MAP_KINASE_TYROSINE_PHOSPHATASE_ACTIVITY,GO_MF,Tcon,SF_vs_PB_Tcon,1.43081389,0.718926964,0.0846828544,0.338490841,5,2,DUSP10/DUSP6,up,FALSE
GOMF_NON_MEMBRANE_SPANNING_PROTEIN_TYROSINE_KINASE_ACTIVITY,GOMF_NON_MEMBRANE_SPANNING_PROTEIN_TYROSINE_KINASE_ACTIVITY,GO_MF,Tcon,SF_vs_PB_Tcon,1.3499045,0.382715675,0.0852005239,0.339595289,42,15,PRKCD/EIF2AK2/SYK/PKM/MELK/FES/LYN/JAK3/BTK/PEAK1/HCK/WEE1/SRC/MATK/PTK2B,up,FALSE
GOMF_THIOESTERASE_BINDING,GOMF_THIOESTERASE_BINDING,GO_MF,Tcon,SF_vs_PB_Tcon,1.43912087,0.605361735,0.0854495539,0.339625769,9,6,RAC1/TRAF2/TRAF3/TRAF1/HAUS7/ARF6,up,FALSE
GOMF_LEUKOTRIENE_C4_SYNTHASE_ACTIVITY,GOMF_LEUKOTRIENE_C4_SYNTHASE_ACTIVITY,GO_MF,Tcon,SF_vs_PB_Tcon,1.42838023,0.717704146,0.0862065597,0.341669379,5,3,ALOX5AP/MGST3/LTC4S,up,FALSE
GOMF_SULFUR_AMINO_ACID_TRANSMEMBRANE_TRANSPORTER_ACTIVITY,GOMF_SULFUR_AMINO_ACID_TRANSMEMBRANE_TRANSPORTER_ACTIVITY,GO_MF,Tcon,SF_vs_PB_Tcon,1.43342225,0.624763357,0.088291267,0.348948912,8,6,SLC1A4/SLC1A1/SLC43A2/CTNS/SLC25A12/MFSD12,up,FALSE
GOMF_RS_DOMAIN_BINDING,GOMF_RS_DOMAIN_BINDING,GO_MF,Tcon,SF_vs_PB_Tcon,-1.42301072,-0.703938927,0.0889553584,0.350588766,5,4,U2AF1/RBM39/SRSF10/SRSF1,down,FALSE
GOMF_HISTAMINE_RECEPTOR_ACTIVITY,GOMF_HISTAMINE_RECEPTOR_ACTIVITY,GO_MF,Tcon,SF_vs_PB_Tcon,-1.42036022,-0.702627771,0.0904509229,0.355487287,5,3,HTR6/HRH2/HRH4,down,FALSE
GOMF_PENTOSYLTRANSFERASE_ACTIVITY,GOMF_PENTOSYLTRANSFERASE_ACTIVITY,GO_MF,Tcon,SF_vs_PB_Tcon,1.33622348,0.377089466,0.0911567032,0.357263179,43,8,TYMP/UPP1/NAMPT/PARP9/PARP4/HPRT1/LACC1/PARP12,up,FALSE
GOMF_GTPASE_INHIBITOR_ACTIVITY,GOMF_GTPASE_INHIBITOR_ACTIVITY,GO_MF,Tcon,SF_vs_PB_Tcon,1.41749825,0.563740269,0.0929506699,0.363282202,11,4,IQGAP1/CPEB2/IQGAP2/RTKN,up,FALSE
GOMF_HYDROLASE_ACTIVITY_ACTING_ON_CARBON_NITROGEN_BUT_NOT_PEPTIDE_BONDS_IN_LINEAR_AMIDES,GOMF_HYDROLASE_ACTIVITY_ACTING_ON_CARBON_NITROGEN_BUT_NOT_PEPTIDE_BONDS_IN_LINEAR_AMIDES,GO_MF,Tcon,SF_vs_PB_Tcon,-1.29461114,-0.329877362,0.0932229377,0.363337045,55,16,HINT1/ASRGL1/BTD/PM20D2/HDAC2/HDAC3/ASAH1/HDAC1/SIRT5/HDAC5/GLS2/NGLY1/HDAC7/SIRT4/VNN2/FHIT,down,FALSE
GOMF_PROTEIN_MEMBRANE_ADAPTOR_ACTIVITY,GOMF_PROTEIN_MEMBRANE_ADAPTOR_ACTIVITY,GO_MF,Tcon,SF_vs_PB_Tcon,1.33510749,0.380591963,0.0936109092,0.363588929,41,15,CIB1/SYNE2/KRAS/CD53/SPAG4/ATG16L1/SBF1/SUN1/EPB41L3/SEC16A/RRAGC/TRABD/HRAS/NUP153/SYNE3,up,FALSE
GOMF_KINASE_ACTIVATOR_ACTIVITY,GOMF_KINASE_ACTIVATOR_ACTIVITY,GO_MF,Tcon,SF_vs_PB_Tcon,1.25271186,0.294129827,0.0940229885,0.363588929,117,41,CCL5/IQGAP1/STK3/EFNA5/PRKCD/ACSL1/VEGFA/CCDC88A/WNK1/CAB39/ERBB3/RHEB/FAM20A/NCKAP1L/SRC/CALM2/TREM2/MAP2K2/HBEGF/HMGB1/ALS2/ABI1/PAK2/MOB3C/TPX2/FERMT2/NBN/MADD/MOB1A/CKS2/TAOK2/AGAP2/CKS1B/DDX3X/MOB3B/CAB39L/MT3/TAOK1/MOB1B/LAMTOR3/PARP8,up,FALSE
GOMF_TRANSFORMING_GROWTH_FACTOR_BETA_RECEPTOR_BINDING,GOMF_TRANSFORMING_GROWTH_FACTOR_BETA_RECEPTOR_BINDING,GO_MF,Tcon,SF_vs_PB_Tcon,1.39209809,0.483338824,0.0940628076,0.363588929,18,10,SMAD7/SMURF1/TGFBR3/ENG/FKBP1A/FERMT2/TGFBR3L/TGFBR1/TGFBRAP1/SNX6,up,FALSE
GOMF_5_3_DNA_EXONUCLEASE_ACTIVITY,GOMF_5_3_DNA_EXONUCLEASE_ACTIVITY,GO_MF,Tcon,SF_vs_PB_Tcon,1.42076351,0.61924599,0.0948078661,0.364590316,8,8,MGME1/DCLRE1A/PLD4/DCLRE1C/EXO1/PLD3/EXO5/DCLRE1B,up,FALSE
GOMF_PHOSPHATIDYLINOSITOL_4_PHOSPHATE_BINDING,GOMF_PHOSPHATIDYLINOSITOL_4_PHOSPHATE_BINDING,GO_MF,Tcon,SF_vs_PB_Tcon,1.37036694,0.442849962,0.0950852153,0.364590316,24,11,PLEKHA5/NLRP3/SH3PXD2A/GSDMA/SNX24/PLEKHF1/SESTD1/ARFIP1/PLA2G4A/GSDMD/OSBPL8,up,FALSE
GOMF_ACETYLCHOLINE_GATED_MONOATOMIC_CATION_SELECTIVE_CHANNEL_ACTIVITY,GOMF_ACETYLCHOLINE_GATED_MONOATOMIC_CATION_SELECTIVE_CHANNEL_ACTIVITY,GO_MF,Tcon,SF_vs_PB_Tcon,1.4217324,0.643986717,0.0950992508,0.364590316,7,6,CHRNA5/CHRNE/CHRFAM7A/CHRNB1/CHRNA6/CHRNA10,up,FALSE
GOMF_NUCLEAR_GLUCOCORTICOID_RECEPTOR_BINDING,GOMF_NUCLEAR_GLUCOCORTICOID_RECEPTOR_BINDING,GO_MF,Tcon,SF_vs_PB_Tcon,1.39980685,0.5206501,0.0978635944,0.371239565,14,5,YWHAH/TACC1/NR4A1/NCOR2/STAT3,up,FALSE
GOMF_SYMPORTER_ACTIVITY,GOMF_SYMPORTER_ACTIVITY,GO_MF,Tcon,SF_vs_PB_Tcon,1.29080879,0.332060277,0.0978802033,0.371239565,68,17,SLC6A6/SLC16A3/SLC20A1/SLC1A4/SLC1A1/SLC1A5/SLC22A4/SLC10A3/SLC4A8/SLC15A3/SLC12A4/SLC15A4/SLC6A8/SLC39A6/SLC17A5/SLC29A1/SLC39A8,up,FALSE
GOMF_N_METHYLTRANSFERASE_ACTIVITY,GOMF_N_METHYLTRANSFERASE_ACTIVITY,GO_MF,Tcon,SF_vs_PB_Tcon,-1.26738068,-0.306731945,0.0979615496,0.371239565,71,32,ASH1L/EHMT1/TFB2M/SETD2/SETDB2/PRMT5/SMYD5/METTL5/SMYD4/METTL23/METTL9/ZCCHC4/METTL15/NDUFAF7/PRMT3/SMYD3/TRMT1L/SMYD2/METTL21A/METTL13/SETMAR/TFB1M/TRMT11/SETDB1/HEMK1/INMT/VCPKMT/PRMT7/EHMT2/TRMT1/CAMKMT/FBL,down,FALSE
GOMF_POTASSIUM_CHANNEL_REGULATOR_ACTIVITY,GOMF_POTASSIUM_CHANNEL_REGULATOR_ACTIVITY,GO_MF,Tcon,SF_vs_PB_Tcon,1.35071236,0.413519352,0.098074696,0.371239565,30,11,ARPP19/SGK1/ENSA/NEDD4/ADRB2/YWHAE/AKT1/CAV1/CHP1/KCNAB2/AKAP9,up,FALSE
GOMF_PROTEASOME_ACTIVATING_ACTIVITY,GOMF_PROTEASOME_ACTIVATING_ACTIVITY,GO_MF,Tcon,SF_vs_PB_Tcon,1.41528556,0.671456421,0.0982437095,0.371239565,6,4,PSMC3/PSMC1/PSMC2/PSMC4,up,FALSE
GOMF_BASAL_TRANSCRIPTION_MACHINERY_BINDING,GOMF_BASAL_TRANSCRIPTION_MACHINERY_BINDING,GO_MF,Tcon,SF_vs_PB_Tcon,-1.28465921,-0.326062787,0.0984167434,0.371239565,56,17,SCAF4/SCAF8/ESR1/SMYD3/RECQL5/SMYD2/PCF11/TBP/ERCC4/ELP2/POLR2M/ZNHIT6/RPRD2/RPRD1A/WDR43/TP53/FBL,down,FALSE
GOMF_SECONDARY_ACTIVE_MONOCARBOXYLATE_TRANSMEMBRANE_TRANSPORTER_ACTIVITY,GOMF_SECONDARY_ACTIVE_MONOCARBOXYLATE_TRANSMEMBRANE_TRANSPORTER_ACTIVITY,GO_MF,Tcon,SF_vs_PB_Tcon,1.41455537,0.640735817,0.0992507917,0.372526141,7,4,SLC6A6/SLC16A3/SLC10A3/SLC6A8,up,FALSE
GOMF_G_RICH_STRAND_TELOMERIC_DNA_BINDING,GOMF_G_RICH_STRAND_TELOMERIC_DNA_BINDING,GO_MF,Tcon,SF_vs_PB_Tcon,-1.40751301,-0.558906077,0.099287351,0.372526141,10,7,HNRNPA2B1/TERF1/CTC1/RPA2/TERF2IP/POT1/HNRNPA1,down,FALSE
GOMF_TUMOR_NECROSIS_FACTOR_RECEPTOR_ACTIVITY,GOMF_TUMOR_NECROSIS_FACTOR_RECEPTOR_ACTIVITY,GO_MF,Tcon,SF_vs_PB_Tcon,1.41198779,0.593948291,0.100244033,0.375115303,9,5,TNFRSF18/FAS/TNFRSF1A/TNFRSF1B/TNFRSF4,up,FALSE
GOMF_TRANSFORMING_GROWTH_FACTOR_BETA_BINDING,GOMF_TRANSFORMING_GROWTH_FACTOR_BETA_BINDING,GO_MF,Tcon,SF_vs_PB_Tcon,1.38542084,0.496399064,0.101355014,0.377939251,16,10,THBS1/LRRC32/ITGAV/TWSG1/TGFBR3/ENG/HYAL2/TGFBR3L/CD36/TGFBR1,up,FALSE
GOMF_NAD_P_H_OXIDASE_H2O2_FORMING_ACTIVITY,GOMF_NAD_P_H_OXIDASE_H2O2_FORMING_ACTIVITY,GO_MF,Tcon,SF_vs_PB_Tcon,1.40850266,0.613902043,0.101535918,0.377939251,8,5,MICAL1/CYBB/MICAL2/KMO/CYB5R4,up,FALSE
GOMF_D_MANNOSE_BINDING,GOMF_D_MANNOSE_BINDING,GO_MF,Tcon,SF_vs_PB_Tcon,1.40381954,0.573106749,0.102378273,0.379976852,10,7,BSG/CLEC10A/ASGR1/ASGR2/CLEC4A/IGF2R/LMAN2,up,FALSE
GOMF_SINGLE_STRANDED_DNA_HELICASE_ACTIVITY,GOMF_SINGLE_STRANDED_DNA_HELICASE_ACTIVITY,GO_MF,Tcon,SF_vs_PB_Tcon,1.35915233,0.44374401,0.102623457,0.379976852,23,11,MCM6/RFC2/RAD51/MCM7/MCM2/PIF1/MCM4/MCM5/MCM3/POLQ/DSCC1,up,FALSE
GOMF_ASPARTIC_ENDOPEPTIDASE_ACTIVITY_INTRAMEMBRANE_CLEAVING,GOMF_ASPARTIC_ENDOPEPTIDASE_ACTIVITY_INTRAMEMBRANE_CLEAVING,GO_MF,Tcon,SF_vs_PB_Tcon,1.40549307,0.666810551,0.104602024,0.385381864,6,3,PSEN1/SPPL2A/PSEN2,up,FALSE
GOMF_PEPTIDE_TRANSMEMBRANE_TRANSPORTER_ACTIVITY,GOMF_PEPTIDE_TRANSMEMBRANE_TRANSPORTER_ACTIVITY,GO_MF,Tcon,SF_vs_PB_Tcon,1.39715381,0.702014117,0.10501846,0.385381864,5,3,TAP1/SLC15A3/SLC15A4,up,FALSE
GOMF_FUCOSE_BINDING,GOMF_FUCOSE_BINDING,GO_MF,Tcon,SF_vs_PB_Tcon,1.39712925,0.702001777,0.105037995,0.385381864,5,4,FUOM/CLEC10A/ASGR1/ASGR2,up,FALSE
GOMF_HISTONE_H3K4ME3_READER_ACTIVITY,GOMF_HISTONE_H3K4ME3_READER_ACTIVITY,GO_MF,Tcon,SF_vs_PB_Tcon,-1.3481458,-0.421322604,0.105178846,0.385381864,23,9,ING4/MORC4/ZCWPW2/ING3/TAF3/ZCWPW1/PHF1/SPIN2B/SPIN3,down,FALSE
GOMF_FRIZZLED_BINDING,GOMF_FRIZZLED_BINDING,GO_MF,Tcon,SF_vs_PB_Tcon,-1.36306649,-0.4560961,0.106229011,0.387500009,18,6,RYK/RNF43/MAGI3/LRP6/APP/WNT7A,down,FALSE
GOMF_LIPID_ANTIGEN_BINDING,GOMF_LIPID_ANTIGEN_BINDING,GO_MF,Tcon,SF_vs_PB_Tcon,1.39532809,0.701096765,0.10630774900000001,0.387500009,5,5,CD1C/CD1E/CD1B/CD1A/CD1D,up,FALSE
GOMF_LIPOPROTEIN_LIPASE_ACTIVITY,GOMF_LIPOPROTEIN_LIPASE_ACTIVITY,GO_MF,Tcon,SF_vs_PB_Tcon,-1.3939422,-0.689559229,0.106594825,0.387542426,5,4,LIPN/LPL/PNPLA2/LIPC,down,FALSE
GOMF_MITOCHONDRIAL_RIBOSOME_BINDING,GOMF_MITOCHONDRIAL_RIBOSOME_BINDING,GO_MF,Tcon,SF_vs_PB_Tcon,-1.39249351,-0.552942019,0.107380857,0.387967882,10,6,GUF1/TACO1/MALSU1/OXA1L/C1QBP/GTPBP10,down,FALSE
GOMF_STEROL_TRANSFER_ACTIVITY,GOMF_STEROL_TRANSFER_ACTIVITY,GO_MF,Tcon,SF_vs_PB_Tcon,1.35289346,0.446522896,0.107708146,0.387967882,22,10,GRAMD1C/STARD3/NPC1/OSBPL3/TSPO/STARD4/APOE/GRAMD1B/OSBPL7/SCP2,up,FALSE
GOMF_TAU_PROTEIN_KINASE_ACTIVITY,GOMF_TAU_PROTEIN_KINASE_ACTIVITY,GO_MF,Tcon,SF_vs_PB_Tcon,1.36566104,0.474159833,0.108306869,0.387967882,18,10,MARK4/SIK3/ROCK1/CSNK1D/PRKAA1/ROCK2/TAOK2/TAOK1/GSK3A/CDK5,up,FALSE
GOMF_SULFATIDE_BINDING,GOMF_SULFATIDE_BINDING,GO_MF,Tcon,SF_vs_PB_Tcon,1.39216373,0.699506797,0.108339357,0.387967882,5,4,TPP1/TREM2/MANF/PPT1,up,FALSE
GOMF_RDNA_BINDING,GOMF_RDNA_BINDING,GO_MF,Tcon,SF_vs_PB_Tcon,-1.39833127,-0.652254844,0.10886672,0.387967882,6,4,DHX33/MAF1/TSPYL2/ALKBH2,down,FALSE
GOMF_TRANSLATION_ELONGATION_FACTOR_ACTIVITY,GOMF_TRANSLATION_ELONGATION_FACTOR_ACTIVITY,GO_MF,Tcon,SF_vs_PB_Tcon,-1.35817384,-0.454458971,0.108872278,0.387967882,18,5,EEF1G/EEFSEC/EEF1A1/EEF2/EEF1B2,down,FALSE
GOMF_HYDROLASE_ACTIVITY_ACTING_ON_CARBON_NITROGEN_BUT_NOT_PEPTIDE_BONDS_IN_CYCLIC_AMIDES,GOMF_HYDROLASE_ACTIVITY_ACTING_ON_CARBON_NITROGEN_BUT_NOT_PEPTIDE_BONDS_IN_CYCLIC_AMIDES,GO_MF,Tcon,SF_vs_PB_Tcon,1.38399884,0.536672256,0.108938283,0.387967882,12,6,CRMP1/DCLRE1A/OPLAH/DPYSL2/DPYSL3/CD101,up,FALSE
GOMF_NAD_DEPENDENT_PROTEIN_LYSINE_DEACYLASE_ACTIVITY,GOMF_NAD_DEPENDENT_PROTEIN_LYSINE_DEACYLASE_ACTIVITY,GO_MF,Tcon,SF_vs_PB_Tcon,-1.40019477,-0.621937201,0.109179906,0.387967882,7,3,SIRT7/SIRT5/SIRT4,down,FALSE
GOMF_SOLUTE_SODIUM_SYMPORTER_ACTIVITY,GOMF_SOLUTE_SODIUM_SYMPORTER_ACTIVITY,GO_MF,Tcon,SF_vs_PB_Tcon,1.33887053,0.420266108,0.109193519,0.387967882,27,6,SLC6A6/SLC20A1/SLC1A1/SLC10A3/SLC4A8/SLC6A8,up,FALSE
GOMF_MICROTUBULE_PLUS_END_BINDING,GOMF_MICROTUBULE_PLUS_END_BINDING,GO_MF,Tcon,SF_vs_PB_Tcon,1.35130034,0.451234505,0.109985448,0.389027629,21,14,TBCB/CLIP2/CLIP1/KIF18A/MAPRE1/CLASP1/PAFAH1B1/STIM1/KNSTRN/NUMA1/APC/CKAP5/KIF2C/MAPRE3,up,FALSE
GOMF_DEATH_RECEPTOR_BINDING,GOMF_DEATH_RECEPTOR_BINDING,GO_MF,Tcon,SF_vs_PB_Tcon,1.38009035,0.523697603,0.110044774,0.389027629,13,11,FASLG/MYD88/CASP3/BID/NOL3/TMBIM1/CFLAR/MADD/CASP8/RIPK1/FADD,up,FALSE
GOMF_PHOSPHOSERINE_RESIDUE_BINDING,GOMF_PHOSPHOSERINE_RESIDUE_BINDING,GO_MF,Tcon,SF_vs_PB_Tcon,1.38982621,0.567393999,0.110350352,0.389130188,10,5,YWHAB/NEDD4/YWHAE/PIN1/YWHAZ,up,FALSE
GOMF_XENOBIOTIC_TRANSMEMBRANE_TRANSPORTER_ACTIVITY,GOMF_XENOBIOTIC_TRANSMEMBRANE_TRANSPORTER_ACTIVITY,GO_MF,Tcon,SF_vs_PB_Tcon,1.35569726,0.458069356,0.110914487,0.390141708,20,11,SLC31A1/SLC2A1/ABCB1/ABCC3/ABCC1/ABCA3/SLC29A4/ABCC10/RALBP1/ABCC4/SLC43A3,up,FALSE
GOMF_HISTONE_DEACETYLASE_ACTIVITY_HYDROLYTIC_MECHANISM,GOMF_HISTONE_DEACETYLASE_ACTIVITY_HYDROLYTIC_MECHANISM,GO_MF,Tcon,SF_vs_PB_Tcon,-1.38237259,-0.532328871,0.111527845,0.391320893,11,5,HDAC2/HDAC3/HDAC1/HDAC5/HDAC7,down,FALSE
GOMF_ORGANIC_ACID_SODIUM_SYMPORTER_ACTIVITY,GOMF_ORGANIC_ACID_SODIUM_SYMPORTER_ACTIVITY,GO_MF,Tcon,SF_vs_PB_Tcon,1.38266964,0.549888901,0.111963307,0.391497726,11,4,SLC6A6/SLC1A1/SLC10A3/SLC6A8,up,FALSE
GOMF_ANKYRIN_REPEAT_BINDING,GOMF_ANKYRIN_REPEAT_BINDING,GO_MF,Tcon,SF_vs_PB_Tcon,1.39140885,0.660128553,0.112608072,0.391497726,6,3,KIF21A/RELA/OAZ3,up,FALSE
GOMF_ENDOPEPTIDASE_ACTIVITY,GOMF_ENDOPEPTIDASE_ACTIVITY,GO_MF,Tcon,SF_vs_PB_Tcon,1.19238137,0.258986809,0.112658404,0.391497726,205,59,GZMA/CTSB/FURIN/GZMK/CTSL/GZMM/ADAM19/RHBDF2/CTSD/PSEN1/CAPN2/RHBDD2/TPP1/CASP3/GZMB/CASP7/HTRA1/DAG1/PSMB6/PLAU/CASP9/ADAM8/CAPNS1/ADAM15/ADAM17/GZMH/ADAM12/MMP9/SEC11A/ZMPSTE24/DPP4/SPPL2A/ADAM28/ESPL1/USP12/PSMA6/CFLAR/DDI2/CTSK/CTSC/HTRA2/CTSZ/PSEN2/CTSW/PRRG4/ADAM9/CTSS/PLAT/MMP14/ST14/TMEM59/TMPRSS3/BMP1/ATG4B/CASP8/PSMB7/MMP15/MMP25/CAPN1,up,FALSE
GOMF_ALANINE_TRANSMEMBRANE_TRANSPORTER_ACTIVITY,GOMF_ALANINE_TRANSMEMBRANE_TRANSPORTER_ACTIVITY,GO_MF,Tcon,SF_vs_PB_Tcon,1.38092301,0.549194266,0.112819732,0.391497726,11,3,SLC6A6/SLC1A4/SLC3A2,up,FALSE
GOMF_MINUS_END_DIRECTED_MICROTUBULE_MOTOR_ACTIVITY,GOMF_MINUS_END_DIRECTED_MICROTUBULE_MOTOR_ACTIVITY,GO_MF,Tcon,SF_vs_PB_Tcon,1.39229476,0.630652667,0.113057079,0.391497726,7,2,DYNC2H1/DYNC1H1,up,FALSE
GOMF_PHOSPHOLIPASE_ACTIVITY,GOMF_PHOSPHOLIPASE_ACTIVITY,GO_MF,Tcon,SF_vs_PB_Tcon,1.27003534,0.329623192,0.113520299,0.391497726,65,27,CCL5/CCR5/GDE1/PLCD1/CCR1/PLD2/GDPD5/ABHD16A/PLA2G2C/PLCG2/PLA2G15/ABHD5/PLD4/DDHD2/LCAT/PLBD1/PLD1/PNPLA8/SMPDL3A/PNPLA6/ABHD4/SMPD1/PLCB3/LYPLA2/PLA2G4A/PLB1/ABHD6,up,FALSE
GOMF_HISTONE_H4K5_ACETYLTRANSFERASE_ACTIVITY,GOMF_HISTONE_H4K5_ACETYLTRANSFERASE_ACTIVITY,GO_MF,Tcon,SF_vs_PB_Tcon,-1.37860768,-0.530879066,0.113655998,0.391497726,11,6,ING4/KAT7/BRPF3/ING3/JADE1/KAT8,down,FALSE
GOMF_INTRACELLULARLY_GATED_CALCIUM_CHANNEL_ACTIVITY,GOMF_INTRACELLULARLY_GATED_CALCIUM_CHANNEL_ACTIVITY,GO_MF,Tcon,SF_vs_PB_Tcon,1.3735385,0.521211396,0.113804243,0.391497726,13,8,ITPR2/ITPR3/ITPR1/TRPM2/RYR1/RYR2/MCOLN1/MCOLN2,up,FALSE
GOMF_1_PHOSPHATIDYLINOSITOL_BINDING,GOMF_1_PHOSPHATIDYLINOSITOL_BINDING,GO_MF,Tcon,SF_vs_PB_Tcon,1.37386164,0.532741361,0.114433517,0.392166222,12,8,PICALM/ZFYVE1/SNX9/WDFY3/SESTD1/SNX10/WDFY1/ZFYVE16,up,FALSE
GOMF_PHOSPHATIDYLCHOLINE_TRANSFER_ACTIVITY,GOMF_PHOSPHATIDYLCHOLINE_TRANSFER_ACTIVITY,GO_MF,Tcon,SF_vs_PB_Tcon,1.38831898,0.65866262,0.114604738,0.392166222,6,5,PITPNA/SCP2/ABCA3/TMEM63B/PLTP,up,FALSE
GOMF_PHOSPHATIDYLETHANOLAMINE_BINDING,GOMF_PHOSPHATIDYLETHANOLAMINE_BINDING,GO_MF,Tcon,SF_vs_PB_Tcon,1.36845947,0.50899062,0.115248996,0.392166222,14,9,MAP1LC3A/GABARAPL1/TREM2/MAP1LC3B/GABARAP/ESYT2/PLTP/GABARAPL2/MAP1LC3B2,up,FALSE
GOMF_LRR_DOMAIN_BINDING,GOMF_LRR_DOMAIN_BINDING,GO_MF,Tcon,SF_vs_PB_Tcon,1.36815475,0.508877283,0.115343277,0.392166222,14,5,PMF1/KRAS/LRRFIP2/JDP2/DDIT3,up,FALSE
GOMF_TRANSFERASE_ACTIVITY_TRANSFERRING_SULPHUR_CONTAINING_GROUPS,GOMF_TRANSFERASE_ACTIVITY_TRANSFERRING_SULPHUR_CONTAINING_GROUPS,GO_MF,Tcon,SF_vs_PB_Tcon,-1.29172414,-0.354731007,0.115591829,0.392166222,39,9,HS2ST1/LIAS/MOCS2/TPST1/SULT1A1/DSEL/GAL3ST4/ACSM3/SULT1B1,down,FALSE
GOMF_TRANSMEMBRANE_RECEPTOR_PROTEIN_TYROSINE_KINASE_ACTIVATOR_ACTIVITY,GOMF_TRANSMEMBRANE_RECEPTOR_PROTEIN_TYROSINE_KINASE_ACTIVATOR_ACTIVITY,GO_MF,Tcon,SF_vs_PB_Tcon,1.38655798,0.657827143,0.115670918,0.392166222,6,6,EFNA5/VEGFA/HBEGF/AREG/DGKQ/AGRN,up,FALSE
GOMF_ATP_DEPENDENT_DIACYLGLYCEROL_KINASE_ACTIVITY,GOMF_ATP_DEPENDENT_DIACYLGLYCEROL_KINASE_ACTIVITY,GO_MF,Tcon,SF_vs_PB_Tcon,-1.38485904,-0.589225465,0.116191826,0.39221608,8,5,DGKE/DGKH/DGKZ/DGKA/DGKD,down,FALSE
GOMF_AMINO_ACID_SODIUM_SYMPORTER_ACTIVITY,GOMF_AMINO_ACID_SODIUM_SYMPORTER_ACTIVITY,GO_MF,Tcon,SF_vs_PB_Tcon,1.38684573,0.628184479,0.116243145,0.39221608,7,3,SLC6A6/SLC1A1/SLC6A8,up,FALSE
GOMF_CAMP_RESPONSE_ELEMENT_BINDING,GOMF_CAMP_RESPONSE_ELEMENT_BINDING,GO_MF,Tcon,SF_vs_PB_Tcon,1.37420311,0.546521757,0.116873477,0.39339948,11,5,JDP2/CREB5/CREB3L2/JUN/ATF7,up,FALSE
GOMF_MONOATOMIC_CATION_CHANNEL_ACTIVITY,GOMF_MONOATOMIC_CATION_CHANNEL_ACTIVITY,GO_MF,Tcon,SF_vs_PB_Tcon,1.22714539,0.29125848,0.118621943,0.397843323,109,42,ORAI2/KCNN4/CALHM2/PSEN1/TMEM43/CACNB2/KCNK5/TMEM109/ITPR2/ITPR3/FAIM2/CYBB/CHRNA5/CACNB1/NCS1/ITPR1/CACNA2D4/TMBIM1/TRPM2/RYR1/RYR2/KCNH4/KCNAB2/CHRNE/CHRFAM7A/TRPC4AP/CHRNB1/TMCO1/TMEM87A/SCN9A/MCOLN1/CACNB3/MCOLN2/TMBIM6/CATSPER1/CHRNA6/TRPM4/PANX1/KCNC4/KCNMA1/TMEM63B/ATP6V0C,up,FALSE
GOMF_FMN_BINDING,GOMF_FMN_BINDING,GO_MF,Tcon,SF_vs_PB_Tcon,-1.37842669,-0.566012458,0.118759201,0.397843323,9,3,PNPO/TYW1/MTRR,down,FALSE
GOMF_U1_SNRNA_BINDING,GOMF_U1_SNRNA_BINDING,GO_MF,Tcon,SF_vs_PB_Tcon,-1.37848389,-0.586512982,0.120214251,0.401421498,8,5,GEMIN5/PRPF8/SNRNP70/COIL/SNRPA,down,FALSE
GOMF_R_SMAD_BINDING,GOMF_R_SMAD_BINDING,GO_MF,Tcon,SF_vs_PB_Tcon,1.32990629,0.438935974,0.12083387,0.401421498,22,7,PPARG/LDLRAD4/ZEB2/SMURF1/PMEPA1/JUN/FOS,up,FALSE
GOMF_PEPTIDE_HORMONE_RECEPTOR_BINDING,GOMF_PEPTIDE_HORMONE_RECEPTOR_BINDING,GO_MF,Tcon,SF_vs_PB_Tcon,1.37494898,0.599277528,0.121124161,0.401421498,8,4,GNAO1/PTHLH/GNAS/JAK2,up,FALSE
GOMF_SIGNALING_RECEPTOR_INHIBITOR_ACTIVITY,GOMF_SIGNALING_RECEPTOR_INHIBITOR_ACTIVITY,GO_MF,Tcon,SF_vs_PB_Tcon,1.36030849,0.516191056,0.121247615,0.401421498,13,7,CCL5/LY6E/LILRB4/LRPAP1/IL1RN/ESR2/FKBP1A,up,FALSE
GOMF_ATPASE_COUPLED_LIPID_TRANSMEMBRANE_TRANSPORTER_ACTIVITY,GOMF_ATPASE_COUPLED_LIPID_TRANSMEMBRANE_TRANSPORTER_ACTIVITY,GO_MF,Tcon,SF_vs_PB_Tcon,1.37727729,0.653424088,0.121253829,0.401421498,6,4,ABCC3/ABCC1/ABCD1/ABCG1,up,FALSE
GOMF_PHOSPHATIDYLINOSITOL_4_5_BISPHOSPHATE_BINDING,GOMF_PHOSPHATIDYLINOSITOL_4_5_BISPHOSPHATE_BINDING,GO_MF,Tcon,SF_vs_PB_Tcon,1.27333609,0.345583911,0.122416534,0.403607406,52,13,HIP1/RAB35/ANXA2/PLCD1/SYTL2/PICALM/SH3PXD2A/CAPG/GSN/DNM2/GSDMA/TWF2/PHLDA3,up,FALSE
GOMF_SULFURIC_ESTER_HYDROLASE_ACTIVITY,GOMF_SULFURIC_ESTER_HYDROLASE_ACTIVITY,GO_MF,Tcon,SF_vs_PB_Tcon,1.36387001,0.542412273,0.12248782,0.403607406,11,4,IDS/ARSA/ARSD/STS,up,FALSE
GOMF_ACYLGLYCEROL_O_ACYLTRANSFERASE_ACTIVITY,GOMF_ACYLGLYCEROL_O_ACYLTRANSFERASE_ACTIVITY,GO_MF,Tcon,SF_vs_PB_Tcon,1.32592437,0.437621738,0.123315624,0.405314689,22,11,MBOAT7/AGPAT2/AGPAT4/LPCAT2/PLA2G15/ABHD5/AGPAT3/LPCAT1/MBOAT1/LPCAT3/LPCAT4,up,FALSE
GOMF_VOLTAGE_GATED_CALCIUM_CHANNEL_ACTIVITY,GOMF_VOLTAGE_GATED_CALCIUM_CHANNEL_ACTIVITY,GO_MF,Tcon,SF_vs_PB_Tcon,1.3505243,0.492602617,0.123697794,0.405314689,15,7,CACNB2/CACNB1/NCS1/CACNA2D4/RYR1/CACNB3/CATSPER1,up,FALSE
GOMF_LONG_CHAIN_FATTY_ACID_COA_LIGASE_ACTIVITY,GOMF_LONG_CHAIN_FATTY_ACID_COA_LIGASE_ACTIVITY,GO_MF,Tcon,SF_vs_PB_Tcon,1.35791172,0.526556469,0.123870161,0.405314689,12,5,SLC27A2/ACSL1/SLC27A4/ACSL4/ACSL5,up,FALSE
GOMF_CARBON_NITROGEN_LYASE_ACTIVITY,GOMF_CARBON_NITROGEN_LYASE_ACTIVITY,GO_MF,Tcon,SF_vs_PB_Tcon,1.36874412,0.575757976,0.124780752,0.407346909,9,3,PAM/ASL/SDS,up,FALSE
GOMF_AMIDINE_LYASE_ACTIVITY,GOMF_AMIDINE_LYASE_ACTIVITY,GO_MF,Tcon,SF_vs_PB_Tcon,1.3715864,0.650724151,0.125266545,0.407986178,6,2,PAM/ASL,up,FALSE
GOMF_POLY_A_SPECIFIC_RIBONUCLEASE_ACTIVITY,GOMF_POLY_A_SPECIFIC_RIBONUCLEASE_ACTIVITY,GO_MF,Tcon,SF_vs_PB_Tcon,-1.35907564,-0.523357602,0.125645294,0.408274661,11,5,PDE12/CNOT2/PAN2/CNOT7/CNOT8,down,FALSE
GOMF_INTRACELLULARLY_LIGAND_GATED_MONOATOMIC_ION_CHANNEL_ACTIVITY,GOMF_INTRACELLULARLY_LIGAND_GATED_MONOATOMIC_ION_CHANNEL_ACTIVITY,GO_MF,Tcon,SF_vs_PB_Tcon,1.34983844,0.502064638,0.126751268,0.410919434,14,8,ITPR2/ITPR3/ITPR1/TRPM2/RYR1/RYR2/MCOLN1/MCOLN2,up,FALSE
GOMF_CLATHRIN_ADAPTOR_ACTIVITY,GOMF_CLATHRIN_ADAPTOR_ACTIVITY,GO_MF,Tcon,SF_vs_PB_Tcon,1.33250497,0.456181689,0.127537625,0.41251825,19,6,HIP1/AP4M1/AP2B1/AP1S1/DAB2/AP1S3,up,FALSE
GOMF_LOW_DENSITY_LIPOPROTEIN_PARTICLE_RECEPTOR_ACTIVITY,GOMF_LOW_DENSITY_LIPOPROTEIN_PARTICLE_RECEPTOR_ACTIVITY,GO_MF,Tcon,SF_vs_PB_Tcon,1.35133177,0.524004968,0.128133705,0.413495694,12,5,LDLR/VLDLR/LRP8/CXCL16/OLR1,up,FALSE
GOMF_LIPOPROTEIN_PARTICLE_RECEPTOR_ACTIVITY,GOMF_LIPOPROTEIN_PARTICLE_RECEPTOR_ACTIVITY,GO_MF,Tcon,SF_vs_PB_Tcon,1.34631401,0.500753745,0.128750024,0.414533829,14,8,LDLR/VLDLR/LRP8/CXCL16/OLR1/APOBR/STAB1/CD36,up,FALSE
GOMF_CALCIUM_INDEPENDENT_PHOSPHOLIPASE_A2_ACTIVITY,GOMF_CALCIUM_INDEPENDENT_PHOSPHOLIPASE_A2_ACTIVITY,GO_MF,Tcon,SF_vs_PB_Tcon,1.36613933,0.618805328,0.129334981,0.414932705,7,4,PLA2G15/PNPLA8/PLA2G4A/PLB1,up,FALSE
GOMF_DOUBLE_STRANDED_TELOMERIC_DNA_BINDING,GOMF_DOUBLE_STRANDED_TELOMERIC_DNA_BINDING,GO_MF,Tcon,SF_vs_PB_Tcon,-1.36001115,-0.558450631,0.129463722,0.414932705,9,8,XRCC6/ZBTB48/RAD50/HMBOX1/PURA/XRCC5/TERF1/APEX1,down,FALSE
GOMF_ATP_GATED_ION_CHANNEL_ACTIVITY,GOMF_ATP_GATED_ION_CHANNEL_ACTIVITY,GO_MF,Tcon,SF_vs_PB_Tcon,-1.35888423,-0.672216657,0.130892627,0.418461635,5,3,CCDC51/P2RX7/P2RX4,down,FALSE
GOMF_CHLORIDE_CHANNEL_INHIBITOR_ACTIVITY,GOMF_CHLORIDE_CHANNEL_INHIBITOR_ACTIVITY,GO_MF,Tcon,SF_vs_PB_Tcon,1.36306047,0.646679178,0.131159617,0.418461635,6,4,STX1A/VTI1B/STX7/VAMP8,up,FALSE
GOMF_SEQUENCE_SPECIFIC_SINGLE_STRANDED_DNA_BINDING,GOMF_SEQUENCE_SPECIFIC_SINGLE_STRANDED_DNA_BINDING,GO_MF,Tcon,SF_vs_PB_Tcon,-1.34050247,-0.502954528,0.132545682,0.421381016,12,8,RAD50/HNRNPA2B1/TERF1/CTC1/RPA2/TERF2IP/POT1/HNRNPA1,down,FALSE
GOMF_HISTONE_H3K4_MONOMETHYLTRANSFERASE_ACTIVITY,GOMF_HISTONE_H3K4_MONOMETHYLTRANSFERASE_ACTIVITY,GO_MF,Tcon,SF_vs_PB_Tcon,1.35699444,0.591451963,0.132792526,0.421381016,8,4,SETD7/KMT2D/SETD1B/KMT2B,up,FALSE
GOMF_OXIDOREDUCTASE_ACTIVITY_ACTING_ON_A_SULFUR_GROUP_OF_DONORS_NAD_P_AS_ACCEPTOR,GOMF_OXIDOREDUCTASE_ACTIVITY_ACTING_ON_A_SULFUR_GROUP_OF_DONORS_NAD_P_AS_ACCEPTOR,GO_MF,Tcon,SF_vs_PB_Tcon,1.36068152,0.616333162,0.133216189,0.421381016,7,4,PGK1/TXN/TXNDC17/TXNRD1,up,FALSE
GOMF_PRE_MIRNA_BINDING,GOMF_PRE_MIRNA_BINDING,GO_MF,Tcon,SF_vs_PB_Tcon,-1.35589962,-0.576903899,0.13349034,0.421381016,8,7,XPO5/PRKRA/RAN/DHX36/TARBP2/TRUB1/BCDIN3D,down,FALSE
GOMF_T_CELL_RECEPTOR_BINDING,GOMF_T_CELL_RECEPTOR_BINDING,GO_MF,Tcon,SF_vs_PB_Tcon,1.34293686,0.520749678,0.133572092,0.421381016,12,3,HLA-DRB1/HLA-DRA/DOCK2,up,FALSE
GOMF_FATTY_ACID_BINDING,GOMF_FATTY_ACID_BINDING,GO_MF,Tcon,SF_vs_PB_Tcon,1.30736522,0.426836252,0.134424603,0.423121738,23,9,PPARG/ALOX5AP/FABP5/SH3GLB1/SNCA/ACOX3/APOC1/SCP2/GSTP1,up,FALSE
GOMF_D1_DOPAMINE_RECEPTOR_BINDING,GOMF_D1_DOPAMINE_RECEPTOR_BINDING,GO_MF,Tcon,SF_vs_PB_Tcon,1.35328675,0.679972665,0.135219081,0.424672428,5,3,ARRB2/DLG4/GNAS,up,FALSE
GOMF_NADPLUS_NUCLEOSIDASE_ACTIVITY_CYCLIC_ADP_RIBOSE_GENERATING,GOMF_NADPLUS_NUCLEOSIDASE_ACTIVITY_CYCLIC_ADP_RIBOSE_GENERATING,GO_MF,Tcon,SF_vs_PB_Tcon,1.3570804,0.614702002,0.135900209,0.425366314,7,2,IL18RAP/IL18R1,up,FALSE
GOMF_ABC_TYPE_GLUTATHIONE_S_CONJUGATE_TRANSPORTER_ACTIVITY,GOMF_ABC_TYPE_GLUTATHIONE_S_CONJUGATE_TRANSPORTER_ACTIVITY,GO_MF,Tcon,SF_vs_PB_Tcon,1.35621196,0.643430028,0.136044663,0.425366314,6,5,ABCC3/ABCC1/ABCC10/RALBP1/ABCC4,up,FALSE
GOMF_PROTEIN_SERINE_THREONINE_KINASE_ACTIVATOR_ACTIVITY,GOMF_PROTEIN_SERINE_THREONINE_KINASE_ACTIVATOR_ACTIVITY,GO_MF,Tcon,SF_vs_PB_Tcon,1.24038341,0.321927374,0.136406623,0.425552371,65,22,IQGAP1/STK3/ACSL1/CCDC88A/CAB39/RHEB/FAM20A/CALM2/MAP2K2/ALS2/TPX2/FERMT2/NBN/MOB1A/CKS2/TAOK2/CKS1B/DDX3X/CAB39L/TAOK1/MOB1B/PARP8,up,FALSE
GOMF_INTERLEUKIN_17_RECEPTOR_ACTIVITY,GOMF_INTERLEUKIN_17_RECEPTOR_ACTIVITY,GO_MF,Tcon,SF_vs_PB_Tcon,-1.35639963,-0.632695735,0.136894066,0.42612821,6,4,IL17RA/IL17RC/IL6ST/IL17RB,down,FALSE
GOMF_HORMONE_RECEPTOR_BINDING,GOMF_HORMONE_RECEPTOR_BINDING,GO_MF,Tcon,SF_vs_PB_Tcon,1.3350661,0.517697642,0.13836621,0.428941247,12,6,GNAO1/PTHLH/JAK3/TYK2/GNAS/JAK2,up,FALSE
GOMF_QUATERNARY_AMMONIUM_GROUP_BINDING,GOMF_QUATERNARY_AMMONIUM_GROUP_BINDING,GO_MF,Tcon,SF_vs_PB_Tcon,1.29766842,0.415164554,0.138407481,0.428941247,25,9,PCTP/VDAC1/PCYT1A/CHMP2A/PITPNA/APOC1/PITPNM1/SCARB2/SESTD1,up,FALSE
GOMF_DNA_DEMETHYLASE_ACTIVITY,GOMF_DNA_DEMETHYLASE_ACTIVITY,GO_MF,Tcon,SF_vs_PB_Tcon,-1.34752462,-0.666597251,0.13894409,0.429480381,5,4,ALKBH1/FTO/ALKBH3/ALKBH2,down,FALSE
GOMF_DNA_DNA_ANNEALING_ACTIVITY,GOMF_DNA_DNA_ANNEALING_ACTIVITY,GO_MF,Tcon,SF_vs_PB_Tcon,-1.3515252,-0.600319193,0.139191936,0.429480381,7,2,ZRANB3/TP53,down,FALSE
GOMF_OXYGEN_BINDING,GOMF_OXYGEN_BINDING,GO_MF,Tcon,SF_vs_PB_Tcon,-1.34654857,-0.666114416,0.139804552,0.430170121,5,3,CYP2F1/CYP3A5/CYP4B1,down,FALSE
GOMF_INTERLEUKIN_6_RECEPTOR_BINDING,GOMF_INTERLEUKIN_6_RECEPTOR_BINDING,GO_MF,Tcon,SF_vs_PB_Tcon,-1.34595066,-0.665818643,0.140152834,0.430170121,5,2,IL6ST/IL6R,down,FALSE
GOMF_MECHANOSENSITIVE_MONOATOMIC_ION_CHANNEL_ACTIVITY,GOMF_MECHANOSENSITIVE_MONOATOMIC_ION_CHANNEL_ACTIVITY,GO_MF,Tcon,SF_vs_PB_Tcon,-1.35018606,-0.599724375,0.140332683,0.430170121,7,4,TMC6/TMC4/TMC8/TMEM63A,down,FALSE
GOMF_NATURAL_KILLER_CELL_LECTIN_LIKE_RECEPTOR_BINDING,GOMF_NATURAL_KILLER_CELL_LECTIN_LIKE_RECEPTOR_BINDING,GO_MF,Tcon,SF_vs_PB_Tcon,1.34970735,0.611362308,0.141055843,0.431335186,7,4,ULBP2/CLEC2B/MICA/RAET1E,up,FALSE
GOMF_TRANSMEMBRANE_RECEPTOR_PROTEIN_TYROSINE_KINASE_ACTIVITY,GOMF_TRANSMEMBRANE_RECEPTOR_PROTEIN_TYROSINE_KINASE_ACTIVITY,GO_MF,Tcon,SF_vs_PB_Tcon,1.28217332,0.39253619,0.141755935,0.431335186,30,17,CRIM1/NTRK2/CSF1R/NRP2/NTRK1/EFNA3/FLT3/AXL/NRP1/FLT1/MST1R/IGF2R/FGFR1/RET/FGFRL1/MERTK/LTK,up,FALSE
GOMF_L_ASCORBIC_ACID_BINDING,GOMF_L_ASCORBIC_ACID_BINDING,GO_MF,Tcon,SF_vs_PB_Tcon,1.32610457,0.493236959,0.141930496,0.431335186,14,4,PAM/P4HA2/PLOD3/PHYH,up,FALSE
GOMF_UDP_N_ACETYLGLUCOSAMINE_TRANSMEMBRANE_TRANSPORTER_ACTIVITY,GOMF_UDP_N_ACETYLGLUCOSAMINE_TRANSMEMBRANE_TRANSPORTER_ACTIVITY,GO_MF,Tcon,SF_vs_PB_Tcon,1.34495561,0.675786597,0.141939013,0.431335186,5,3,SLC35D2/SLC35D1/SLC35B4,up,FALSE
GOMF_ACETYLCHOLINE_RECEPTOR_ACTIVITY,GOMF_ACETYLCHOLINE_RECEPTOR_ACTIVITY,GO_MF,Tcon,SF_vs_PB_Tcon,1.3444558,0.675535463,0.142271102,0.431412588,5,4,CHRNA5/CHRNE/CHRNB1/CHRNA6,up,FALSE
GOMF_L_GLUTAMATE_TRANSMEMBRANE_TRANSPORTER_ACTIVITY,GOMF_L_GLUTAMATE_TRANSMEMBRANE_TRANSPORTER_ACTIVITY,GO_MF,Tcon,SF_vs_PB_Tcon,1.34748846,0.610357244,0.142735769,0.431851983,7,2,SLC1A4/SLC1A1,up,FALSE
GOMF_TOLL_LIKE_RECEPTOR_BINDING,GOMF_TOLL_LIKE_RECEPTOR_BINDING,GO_MF,Tcon,SF_vs_PB_Tcon,1.32523959,0.502883596,0.143029868,0.431851983,13,10,MYD88/SYK/TOLLIP/LY96/UNC93B1/TLR2/CD36/TIRAP/S100A8/TLR10,up,FALSE
GOMF_PROTEIN_CYSTEINE_S_ACYLTRANSFERASE_ACTIVITY,GOMF_PROTEIN_CYSTEINE_S_ACYLTRANSFERASE_ACTIVITY,GO_MF,Tcon,SF_vs_PB_Tcon,1.2916083,0.417398196,0.144563283,0.434981232,24,17,ZDHHC12/ZDHHC11B/ZDHHC18/ZDHHC1/GLUL/ZDHHC11/ZDHHC23/ZDHHC5/ZDHHC13/ZDHHC16/ZDHHC20/ZDHHC2/ZDHHC8/ZDHHC9/ZDHHC24/ZDHHC3/ZDHHC14,up,FALSE
GOMF_STRUCTURAL_CONSTITUENT_OF_MUSCLE,GOMF_STRUCTURAL_CONSTITUENT_OF_MUSCLE,GO_MF,Tcon,SF_vs_PB_Tcon,1.28873099,0.41230519,0.144684589,0.434981232,25,7,PLEC/TPM4/MYL6/CSRP1/DAG1/DMD/NEBL,up,FALSE
GOMF_MITOGEN_ACTIVATED_PROTEIN_KINASE_BINDING,GOMF_MITOGEN_ACTIVATED_PROTEIN_KINASE_BINDING,GO_MF,Tcon,SF_vs_PB_Tcon,1.28678012,0.407968728,0.145035934,0.435107803,26,9,DUSP10/MAPKAPK2/PTPRJ/MAPK7/DUSP2/MICAL2/ATF7/TNIP1/DUSP16,up,FALSE
GOMF_NEUROTROPHIN_BINDING,GOMF_NEUROTROPHIN_BINDING,GO_MF,Tcon,SF_vs_PB_Tcon,1.33944229,0.673016374,0.145748276,0.43631452,5,4,FURIN/NTRK2/NTRK1/SORT1,up,FALSE
GOMF_OXIDOREDUCTION_DRIVEN_ACTIVE_TRANSMEMBRANE_TRANSPORTER_ACTIVITY,GOMF_OXIDOREDUCTION_DRIVEN_ACTIVE_TRANSMEMBRANE_TRANSPORTER_ACTIVITY,GO_MF,Tcon,SF_vs_PB_Tcon,-1.21516239,-0.303167355,0.146116009,0.436486676,61,24,MT-ND2/NDUFV1/MT-CO2/CYC1/MT-ND6/NDUFA3/CYB561A3/MT-ND1/MT-CYB/UQCRFS1/UQCRH/MT-CO3/UQCR10/COX4I1/MT-ND4L/NNT/NDUFB5/MT-ND3/CYB561D1/NDUFB9/MT-ND4/SURF1/NDUFA12/COX7A2L,down,FALSE
GOMF_RRNA_ADENINE_METHYLTRANSFERASE_ACTIVITY,GOMF_RRNA_ADENINE_METHYLTRANSFERASE_ACTIVITY,GO_MF,Tcon,SF_vs_PB_Tcon,-1.34181733,-0.625893787,0.146911209,0.437932354,6,5,TFB2M/METTL5/ZCCHC4/TFB1M/TRMT61B,down,FALSE
GOMF_QUINOL_CYTOCHROME_C_REDUCTASE_ACTIVITY,GOMF_QUINOL_CYTOCHROME_C_REDUCTASE_ACTIVITY,GO_MF,Tcon,SF_vs_PB_Tcon,-1.33894707,-0.624554949,0.14877006,0.441769462,6,5,CYC1/MT-CYB/UQCRFS1/UQCRH/UQCR10,down,FALSE
GOMF_VITAMIN_BINDING,GOMF_VITAMIN_BINDING,GO_MF,Tcon,SF_vs_PB_Tcon,1.21197763,0.30090467,0.148826386,0.441769462,83,22,VDR/PAM/P4HA2/PLOD3/SPTLC2/TCN1/PHYH/CYP2R1/TCN2/ABAT/KYNU/SGPL1/GLDC/SDS/TYMS/FASN/ALAS1/PCCA/P4HA1/PANK3/PDXK/FOLR2,up,FALSE
GOMF_PHOSPHOPROTEIN_BINDING,GOMF_PHOSPHOPROTEIN_BINDING,GO_MF,Tcon,SF_vs_PB_Tcon,1.21296278,0.303274106,0.149513083,0.442873491,80,24,SAMSN1/CRMP1/YWHAB/SYK/TBK1/NEDD4/SNCA/CBLB/LYN/YWHAE/HCK/PLCG2/SLA/VAV2/MAPK1/PIK3R3/PIN1/SRC/GPRIN1/BCAR3/DPYSL3/YWHAZ/SH3BP2/PLAT,up,FALSE
GOMF_POLY_PYRIMIDINE_TRACT_BINDING,GOMF_POLY_PYRIMIDINE_TRACT_BINDING,GO_MF,Tcon,SF_vs_PB_Tcon,-1.26910291,-0.392349829,0.152594905,0.451052586,24,9,KHDRBS1/HNRNPH1/PABPC4/HNRNPC/DIS3L2/PABPC1/RBMS3/SSB/RBM11,down,FALSE
GOMF_STRUCTURAL_CONSTITUENT_OF_MYELIN_SHEATH,GOMF_STRUCTURAL_CONSTITUENT_OF_MYELIN_SHEATH,GO_MF,Tcon,SF_vs_PB_Tcon,-1.33270402,-0.621642865,0.153417188,0.452477028,6,4,GPM6B/PLLP/CMTM8/MAL,down,FALSE
GOMF_TYPE_I_TRANSFORMING_GROWTH_FACTOR_BETA_RECEPTOR_BINDING,GOMF_TYPE_I_TRANSFORMING_GROWTH_FACTOR_BETA_RECEPTOR_BINDING,GO_MF,Tcon,SF_vs_PB_Tcon,1.31801312,0.538076437,0.153719986,0.452477028,10,4,SMAD7/ENG/FKBP1A/FERMT2,up,FALSE
GOMF_FATTY_ACID_DERIVATIVE_BINDING,GOMF_FATTY_ACID_DERIVATIVE_BINDING,GO_MF,Tcon,SF_vs_PB_Tcon,1.31367255,0.522448698,0.155165195,0.455777514,11,4,ACOT7/DBI/ACBD5/SCP2,up,FALSE
GOMF_RETINYL_PALMITATE_ESTERASE_ACTIVITY,GOMF_RETINYL_PALMITATE_ESTERASE_ACTIVITY,GO_MF,Tcon,SF_vs_PB_Tcon,-1.32926951,-0.620040826,0.155998926,0.457271852,6,4,PNPLA2/LIPE/CES1/PNPLA4,down,FALSE
GOMF_GATED_CHANNEL_ACTIVITY,GOMF_GATED_CHANNEL_ACTIVITY,GO_MF,Tcon,SF_vs_PB_Tcon,1.19392397,0.288112169,0.157055174,0.459410873,98,37,KCNN4/TMEM43/VDAC1/CACNB2/SLC1A5/KCNK5/TTYH3/TMEM109/ITPR2/ITPR3/CYBB/CHRNA5/CACNB1/NCS1/ITPR1/CACNA2D4/TRPM2/RYR1/RYR2/KCNH4/KCNAB2/CHRNE/CHRFAM7A/CHRNB1/TMEM87A/MCOLN1/ANO7/ANO8/CACNB3/MCOLN2/CATSPER1/CHRNA6/TRPM4/CLCN5/KCNC4/KCNMA1/TMEM63B,up,FALSE
GOMF_MYOSIN_PHOSPHATASE_REGULATOR_ACTIVITY,GOMF_MYOSIN_PHOSPHATASE_REGULATOR_ACTIVITY,GO_MF,Tcon,SF_vs_PB_Tcon,1.32502548,0.628634169,0.158957857,0.464011835,6,3,PPP1R16B/PPP1R16A/PPP1R12C,up,FALSE
GOMF_DYSTROGLYCAN_BINDING,GOMF_DYSTROGLYCAN_BINDING,GO_MF,Tcon,SF_vs_PB_Tcon,1.31445607,0.552921876,0.159993899,0.465127809,9,4,PLEC/SNTA1/DAG1/DMD,up,FALSE
GOMF_OXIDOREDUCTASE_ACTIVITY_ACTING_ON_PAIRED_DONORS_WITH_INCORPORATION_OR_REDUCTION_OF_MOLECULAR_OXYGEN,GOMF_OXIDOREDUCTASE_ACTIVITY_ACTING_ON_PAIRED_DONORS_WITH_INCORPORATION_OR_REDUCTION_OF_MOLECULAR_OXYGEN,GO_MF,Tcon,SF_vs_PB_Tcon,1.18532738,0.281648218,0.160001322,0.465127809,108,24,MICAL1/KDM5B/PAM/TBXAS1/P4HA2/PLOD3/FADS3/SQLE/JMJD6/SCD/PHYH/CYP4F22/PCBD1/CYP2R1/CYP2S1/PTGS1/FADS1/MICAL2/MOXD1/AKR1C3/MSMO1/P4HA1/HMOX1/POR,up,FALSE
GOMF_MISFOLDED_PROTEIN_BINDING,GOMF_MISFOLDED_PROTEIN_BINDING,GO_MF,Tcon,SF_vs_PB_Tcon,1.29181311,0.462859229,0.160770021,0.466398805,16,8,CLU/EDEM1/DNAJC10/HSPA1A/TOR1A/DNAJB11/DNAJC3/HDAC6,up,FALSE
GOMF_EPIDERMAL_GROWTH_FACTOR_RECEPTOR_BINDING,GOMF_EPIDERMAL_GROWTH_FACTOR_RECEPTOR_BINDING,GO_MF,Tcon,SF_vs_PB_Tcon,1.26794331,0.413965556,0.161687978,0.468096676,23,7,HIP1/PLSCR1/CCDC88A/SLA/VAV2/VAV3/HBEGF,up,FALSE
GOMF_VASCULAR_ENDOTHELIAL_GROWTH_FACTOR_RECEPTOR_ACTIVITY,GOMF_VASCULAR_ENDOTHELIAL_GROWTH_FACTOR_RECEPTOR_ACTIVITY,GO_MF,Tcon,SF_vs_PB_Tcon,1.31971037,0.66310187,0.162372292,0.468662135,5,4,NRP2/FLT3/NRP1/FLT1,up,FALSE
GOMF_DEATH_RECEPTOR_ACTIVITY,GOMF_DEATH_RECEPTOR_ACTIVITY,GO_MF,Tcon,SF_vs_PB_Tcon,1.30267212,0.51807382,0.162549482,0.468662135,11,5,TNFRSF18/FAS/TNFRSF1A/TNFRSF1B/TNFRSF4,up,FALSE
GOMF_SIGNALING_ADAPTOR_ACTIVITY,GOMF_SIGNALING_ADAPTOR_ACTIVITY,GO_MF,Tcon,SF_vs_PB_Tcon,1.18049365,0.278187713,0.163048841,0.468749428,114,42,IQGAP1/GAB3/GNB4/MYD88/NLRP3/SLA2/IRAK2/IKBKG/GNB1/LAMP2/DLG5/DOK1/GAB2/YWHAE/KSR1/AKAP13/SH2B3/STAT3/CARD9/NF2/MAP2K2/AIM2/TRAF2/GRB10/ABI1/BLNK/TICAM2/NCK1/TRAF3/TRAF1/SOCS6/ZDHHC11/DDX3X/RIPK1/TICAM1/DOK4/FADD/WWC3/SPAG9/MPP7/TAX1BP1/DOK3,up,FALSE
GOMF_BETA_TUBULIN_BINDING,GOMF_BETA_TUBULIN_BINDING,GO_MF,Tcon,SF_vs_PB_Tcon,1.24189774,0.361848797,0.16324607,0.468749428,37,12,SYT11/TBCD/RGS2/EML4/RACGAP1/SNCA/BBS4/GABARAPL1/MAP1S/ARL8A/SMC3/GABARAP,up,FALSE
GOMF_GLUCURONOSYL_N_ACETYLGALACTOSAMINYL_PROTEOGLYCAN_4_BETA_N_ACETYLGALACTOSAMINYLTRANSFERASE_ACTIVITY,GOMF_GLUCURONOSYL_N_ACETYLGALACTOSAMINYL_PROTEOGLYCAN_4_BETA_N_ACETYLGALACTOSAMINYLTRANSFERASE_ACTIVITY,GO_MF,Tcon,SF_vs_PB_Tcon,1.31823967,0.662362904,0.163700651,0.469097383,5,5,CSGALNACT2/CHSY1/CHPF/CSGALNACT1/CHPF2,up,FALSE
GOMF_SNAP_RECEPTOR_ACTIVITY,GOMF_SNAP_RECEPTOR_ACTIVITY,GO_MF,Tcon,SF_vs_PB_Tcon,1.24522047,0.372460752,0.165596758,0.473566338,33,14,STX1A/SNAP47/VAMP3/STX4/STX11/SNAP29/STX5/STX3/VTI1B/STX7/VAMP8/STX12/STX2/TSNARE1,up,FALSE
GOMF_VERY_LONG_CHAIN_FATTY_ACID_COA_LIGASE_ACTIVITY,GOMF_VERY_LONG_CHAIN_FATTY_ACID_COA_LIGASE_ACTIVITY,GO_MF,Tcon,SF_vs_PB_Tcon,1.30873626,0.570418425,0.166990254,0.476106514,8,3,SLC27A2/SLC27A4/ACSL4,up,FALSE
GOMF_L_AMINO_ACID_TRANSMEMBRANE_TRANSPORTER_ACTIVITY,GOMF_L_AMINO_ACID_TRANSMEMBRANE_TRANSPORTER_ACTIVITY,GO_MF,Tcon,SF_vs_PB_Tcon,1.24171441,0.368902614,0.167161775,0.476106514,34,14,SFXN3/SLC1A4/SLC1A1/SLC1A5/SLC3A2/SLC15A4/SLC7A7/SLC43A2/SLC1A3/SLC7A5/SLC36A1/CTNS/UCP2/SLC25A12,up,FALSE
GOMF_HISTONE_H3K9_MONOMETHYLTRANSFERASE_ACTIVITY,GOMF_HISTONE_H3K9_MONOMETHYLTRANSFERASE_ACTIVITY,GO_MF,Tcon,SF_vs_PB_Tcon,-1.30938875,-0.64773209,0.168056381,0.477228766,5,4,ASH1L/EHMT1/SETDB1/EHMT2,down,FALSE
GOMF_ADENYLYLTRANSFERASE_ACTIVITY,GOMF_ADENYLYLTRANSFERASE_ACTIVITY,GO_MF,Tcon,SF_vs_PB_Tcon,1.2714685,0.435285918,0.168509411,0.477228766,19,3,OASL/OAS3/OAS1,up,FALSE
GOMF_L_GLUTAMINE_TRANSMEMBRANE_TRANSPORTER_ACTIVITY,GOMF_L_GLUTAMINE_TRANSMEMBRANE_TRANSPORTER_ACTIVITY,GO_MF,Tcon,SF_vs_PB_Tcon,1.3063048,0.56935866,0.168720324,0.477228766,8,2,SLC1A4/SLC1A5,up,FALSE
GOMF_PROTEIN_ARGININE_N_METHYLTRANSFERASE_ACTIVITY,GOMF_PROTEIN_ARGININE_N_METHYLTRANSFERASE_ACTIVITY,GO_MF,Tcon,SF_vs_PB_Tcon,-1.29493313,-0.514201997,0.168912527,0.477228766,10,7,PRMT2/PRMT6/PRMT5/METTL23/NDUFAF7/PRMT3/PRMT7,down,FALSE
GOMF_LONG_CHAIN_FATTY_ACID_BINDING,GOMF_LONG_CHAIN_FATTY_ACID_BINDING,GO_MF,Tcon,SF_vs_PB_Tcon,1.29542513,0.528854929,0.169492495,0.477707657,10,2,PPARG/ALOX5AP,up,FALSE
GOMF_PROTEIN_PRENYLTRANSFERASE_ACTIVITY,GOMF_PROTEIN_PRENYLTRANSFERASE_ACTIVITY,GO_MF,Tcon,SF_vs_PB_Tcon,-1.30830868,-0.581123322,0.169763969,0.477707657,7,5,RABGGTA/RABGGTB/FNTB/PTAR1/FNTA,down,FALSE
GOMF_CDP_ALCOHOL_PHOSPHATIDYLTRANSFERASE_ACTIVITY,GOMF_CDP_ALCOHOL_PHOSPHATIDYLTRANSFERASE_ACTIVITY,GO_MF,Tcon,SF_vs_PB_Tcon,-1.30915882,-0.610660149,0.170250119,0.477707657,6,3,CDIPT/CEPT1/PGS1,down,FALSE
GOMF_SINGLE_STRANDED_DNA_5_3_DNA_EXONUCLEASE_ACTIVITY,GOMF_SINGLE_STRANDED_DNA_5_3_DNA_EXONUCLEASE_ACTIVITY,GO_MF,Tcon,SF_vs_PB_Tcon,1.30995059,0.658197973,0.170440116,0.477707657,5,5,MGME1/PLD4/EXO1/PLD3/EXO5,up,FALSE
GOMF_PHOSPHOLIPID_SCRAMBLASE_ACTIVITY,GOMF_PHOSPHOLIPID_SCRAMBLASE_ACTIVITY,GO_MF,Tcon,SF_vs_PB_Tcon,-1.26025493,-0.421694293,0.170880728,0.477990426,18,4,XKR9/ATG9B/TMEM63A/SERINC5,down,FALSE
GOMF_RAB_GERANYLGERANYLTRANSFERASE_ACTIVITY,GOMF_RAB_GERANYLGERANYLTRANSFERASE_ACTIVITY,GO_MF,Tcon,SF_vs_PB_Tcon,-1.30480246,-0.645463333,0.171866997,0.479779524,5,4,RABGGTA/RABGGTB/PTAR1/FNTA,down,FALSE
GOMF_SULFOTRANSFERASE_ACTIVITY,GOMF_SULFOTRANSFERASE_ACTIVITY,GO_MF,Tcon,SF_vs_PB_Tcon,-1.24498207,-0.384892745,0.172202317,0.479779524,24,5,TPST1/SULT1A1/DSEL/GAL3ST4/SULT1B1,down,FALSE
GOMF_POLY_A_BINDING,GOMF_POLY_A_BINDING,GO_MF,Tcon,SF_vs_PB_Tcon,-1.25594416,-0.414201073,0.17294625,0.480899947,19,14,LARP4/PABPC3/EIF4A3/PAN3/TIA1/DDX1/HNRNPU/PABPN1/PPIE/KHDRBS1/PABPC4/ZC3H14/PABPC1/RBMS3,down,FALSE
GOMF_LIGASE_ACTIVITY_FORMING_CARBON_OXYGEN_BONDS,GOMF_LIGASE_ACTIVITY_FORMING_CARBON_OXYGEN_BONDS,GO_MF,Tcon,SF_vs_PB_Tcon,-1.24804478,-0.395248387,0.173774805,0.482250791,22,13,EARS2/LARS2/SARS2/CARS2/YARS2/LRRC47/FARSA/FARSB/TARS2/AARSD1/AARS2/NARS2/MARS2,down,FALSE
GOMF_DEUBIQUITINASE_ACTIVATOR_ACTIVITY,GOMF_DEUBIQUITINASE_ACTIVATOR_ACTIVITY,GO_MF,Tcon,SF_vs_PB_Tcon,1.30511133,0.655766437,0.174366588,0.48294053,5,4,TANK/DMWD/VCP/WDR48,up,FALSE
GOMF_OXIDOREDUCTASE_ACTIVITY_ACTING_ON_CH_OR_CH2_GROUPS,GOMF_OXIDOREDUCTASE_ACTIVITY_ACTING_ON_CH_OR_CH2_GROUPS,GO_MF,Tcon,SF_vs_PB_Tcon,1.30383133,0.618578994,0.176520761,0.487946388,6,3,VKORC1L1/RRM2B/VKORC1,up,FALSE
GOMF_MANGANESE_ION_TRANSMEMBRANE_TRANSPORTER_ACTIVITY,GOMF_MANGANESE_ION_TRANSMEMBRANE_TRANSPORTER_ACTIVITY,GO_MF,Tcon,SF_vs_PB_Tcon,1.29845816,0.588148518,0.178941067,0.493666827,7,4,TRPM2/SLC11A1/ATP13A1/SLC11A2,up,FALSE
GOMF_OXIDOREDUCTASE_ACTIVITY_ACTING_ON_NAD_P_H,GOMF_OXIDOREDUCTASE_ACTIVITY_ACTING_ON_NAD_P_H,GO_MF,Tcon,SF_vs_PB_Tcon,1.210666,0.336863662,0.179753373,0.494937369,46,17,MICAL1/NCF1/CYB5R3/NQO1/CYBB/CYBA/ENOX1/MICAL2/TP53I3/AKR1C3/NQO2/NDUFV2/POR/CYB5R2/AIFM2/KMO/CRYZ,up,FALSE
GOMF_HISTONE_H3_READER_ACTIVITY,GOMF_HISTONE_H3_READER_ACTIVITY,GO_MF,Tcon,SF_vs_PB_Tcon,-1.18070931,-0.294571756,0.180381627,0.495697166,61,19,MTF2/ING4/MORC4/CBX5/ZCWPW2/ING3/ATRX/TAF3/ZMYND8/CBX1/MPHOSPH8/SETDB1/MLLT3/ZCWPW1/YEATS4/PHF1/PWWP2A/SPIN2B/SPIN3,down,FALSE
GOMF_ACTIVE_TRANSMEMBRANE_TRANSPORTER_ACTIVITY,GOMF_ACTIVE_TRANSMEMBRANE_TRANSPORTER_ACTIVITY,GO_MF,Tcon,SF_vs_PB_Tcon,1.12397743,0.235481888,0.181065917,0.496282177,279,84,ATP2B4/SLC6A6/SLC16A3/SLC20A1/ATP1B1/SLC1A4/SLC1A1/SLC35E4/TAP1/SLCO4A1/NDUFA6/SLC1A5/ATP6V1A/COX8A/NDUFB2/SLC35E1/SLC22A4/ATP2B1/SLC10A3/ATP6V0D1/ATP6V0B/SLC25A24/SLC8A1/SLC4A8/SLC15A3/TCIRG1/ATP2A2/SLC12A4/ATP2A3/ATP6V1B2/SLC35D2/SLC15A4/SLC6A8/ABCB10/SLC35D1/ABCB1/SLC35B1/ABCA2/CHP1/NDUFS6/SLC4A2/SLC37A2/SLC39A6/SLC30A1/SLCO2B1/ATP6V1D/SLC25A14/NDUFV2/ATP6V1E1/ABCC3/SLC17A5/SLCO3A1/SLC29A1/ABCC1/ATP6V1F/SLC39A8/ATP13A2/ABCD1/ABCB8/SLC25A19/ABCG1/SLC17A9/ABCD4/SLC11A1/NDUFA1/SLC29A3/NDUFB7/SLC1A3/ABCA3/SLC7A5/ATP6V0A1/CYB561D2/SLC35C1/SLC36A1/CTNS/XPR1/SLC29A4/SLC35E3/ANKH/TMCO3/UCP2/COX5A/SLC25A12/SLC41A1,up,FALSE
GOMF_UBIQUINONE_BINDING,GOMF_UBIQUINONE_BINDING,GO_MF,Tcon,SF_vs_PB_Tcon,-1.29537834,-0.604232214,0.181299957,0.496282177,6,4,SDHD/ETFDH/COQ10A/MT-ND4,down,FALSE
GOMF_PSEUDOURIDINE_SYNTHASE_ACTIVITY,GOMF_PSEUDOURIDINE_SYNTHASE_ACTIVITY,GO_MF,Tcon,SF_vs_PB_Tcon,-1.26416579,-0.463159918,0.182774225,0.498941015,13,10,TRUB2/PUS3/RPUSD1/PUS1/DKC1/TRUB1/PUS7L/RPUSD3/RPUSD4/RPUSD2,down,FALSE
GOMF_INTRAMOLECULAR_OXIDOREDUCTASE_ACTIVITY,GOMF_INTRAMOLECULAR_OXIDOREDUCTASE_ACTIVITY,GO_MF,Tcon,SF_vs_PB_Tcon,1.21052489,0.339872925,0.183151992,0.498941015,44,11,SREBF2/TBXAS1/TPI1/MIF/CYP2S1/IDI1/EBP/GPI/FAHD2B/ENOX1/QSOX1,up,FALSE
GOMF_MDM2_MDM4_FAMILY_PROTEIN_BINDING,GOMF_MDM2_MDM4_FAMILY_PROTEIN_BINDING,GO_MF,Tcon,SF_vs_PB_Tcon,-1.2723948,-0.489978238,0.183337196,0.498941015,11,4,RPS15/RPS20/RPL37/TP53,down,FALSE
GOMF_BMP_BINDING,GOMF_BMP_BINDING,GO_MF,Tcon,SF_vs_PB_Tcon,1.29131294,0.584912027,0.184231868,0.498941015,7,4,BMPR2/TGFBR3/ENG/NBL1,up,FALSE
GOMF_PHOSPHATIDYLINOSITOL_3_KINASE_REGULATOR_ACTIVITY,GOMF_PHOSPHATIDYLINOSITOL_3_KINASE_REGULATOR_ACTIVITY,GO_MF,Tcon,SF_vs_PB_Tcon,1.27032856,0.49259441,0.184469331,0.498941015,12,5,SH3GLB1/LYN/KLF4/FLT3/AGAP2,up,FALSE
GOMF_SULFUR_COMPOUND_BINDING,GOMF_SULFUR_COMPOUND_BINDING,GO_MF,Tcon,SF_vs_PB_Tcon,1.15600481,0.267351736,0.184533385,0.498941015,129,32,CXCL13/FURIN/FBLN7/ACOT7/CHST12/ANG/CCL23/HMGCR/DBI/FN1/LRPAP1/COL5A1/VEGFA/CHST15/THBS1/NRP2/APLP2/ACBD5/APOE/GSS/RYR2/TWSG1/TGFBR3/CXCL10/GPNMB/SCP2/GSTP1/EVA1C/PCCA/DPYSL3/HBEGF/PTPRC,up,FALSE
GOMF_SPHINGOLIPID_TRANSPORTER_ACTIVITY,GOMF_SPHINGOLIPID_TRANSPORTER_ACTIVITY,GO_MF,Tcon,SF_vs_PB_Tcon,1.26993693,0.492442549,0.184753567,0.498941015,12,7,ATP10D/ABCB1/GLTP/ABCA2/ABCC1/TMEM63B/PLTP,up,FALSE
GOMF_GLUCOSYLTRANSFERASE_ACTIVITY,GOMF_GLUCOSYLTRANSFERASE_ACTIVITY,GO_MF,Tcon,SF_vs_PB_Tcon,1.26202805,0.460323685,0.186072267,0.500816303,15,2,GYG1/PLOD3,up,FALSE
GOMF_POLYSACCHARIDE_BINDING,GOMF_POLYSACCHARIDE_BINDING,GO_MF,Tcon,SF_vs_PB_Tcon,1.2675046700000001,0.480975146,0.186159862,0.500816303,13,4,HLA-DRB1/HLA-DRA/PPP1R3B/CLEC7A,up,FALSE
GOMF_IONOTROPIC_GLUTAMATE_RECEPTOR_BINDING,GOMF_IONOTROPIC_GLUTAMATE_RECEPTOR_BINDING,GO_MF,Tcon,SF_vs_PB_Tcon,1.25275358,0.441752895,0.18709161,0.501701237,17,9,DLG3/NETO2/NEDD4/SQSTM1/GRIPAP1/SRC/PTK2B/DLG4/GNAS,up,FALSE
GOMF_GALACTOSIDASE_ACTIVITY,GOMF_GALACTOSIDASE_ACTIVITY,GO_MF,Tcon,SF_vs_PB_Tcon,1.29116219,0.61256835,0.187201954,0.501701237,6,4,NAGA/GLA/GLB1L2/GLB1,up,FALSE
GOMF_CARGO_ADAPTOR_ACTIVITY,GOMF_CARGO_ADAPTOR_ACTIVITY,GO_MF,Tcon,SF_vs_PB_Tcon,1.23123447,0.397887695,0.189565026,0.507068425,24,7,HIP1/AP4M1/AP2B1/AP1S1/DAB2/AP1S3/GABARAPL1,up,FALSE
GOMF_MHC_CLASS_IB_PROTEIN_BINDING,GOMF_MHC_CLASS_IB_PROTEIN_BINDING,GO_MF,Tcon,SF_vs_PB_Tcon,1.28597484,0.64615111,0.190463167,0.507239878,5,4,TAP1/LILRB1/LILRB2/KIR3DL2,up,FALSE
GOMF_PHOSPHOLIPASE_BINDING,GOMF_PHOSPHOLIPASE_BINDING,GO_MF,Tcon,SF_vs_PB_Tcon,1.24785833,0.440026706,0.190591433,0.507239878,17,7,LMNB1/SYK/SNCA/BTK/SRC/BLNK/PAFAH1B1,up,FALSE
GOMF_OUTWARD_RECTIFIER_POTASSIUM_CHANNEL_ACTIVITY,GOMF_OUTWARD_RECTIFIER_POTASSIUM_CHANNEL_ACTIVITY,GO_MF,Tcon,SF_vs_PB_Tcon,1.28665183,0.610428493,0.190710658,0.507239878,6,1,KCNK5,up,FALSE
GOMF_STRUCTURAL_CONSTITUENT_OF_SKIN_EPIDERMIS,GOMF_STRUCTURAL_CONSTITUENT_OF_SKIN_EPIDERMIS,GO_MF,Tcon,SF_vs_PB_Tcon,-1.2670071999999999,-0.520261153,0.192029443,0.509783822,9,5,KRT10/KRT2/KRT72/KRT73/KRT1,down,FALSE
GOMF_PRE_MRNA_3_SPLICE_SITE_BINDING,GOMF_PRE_MRNA_3_SPLICE_SITE_BINDING,GO_MF,Tcon,SF_vs_PB_Tcon,-1.28034929,-0.633366772,0.19317367,0.510976007,5,4,U2AF1/U2AF2/ZRSR2/U2AF1L4,down,FALSE
GOMF_INSULIN_LIKE_GROWTH_FACTOR_RECEPTOR_BINDING,GOMF_INSULIN_LIKE_GROWTH_FACTOR_RECEPTOR_BINDING,GO_MF,Tcon,SF_vs_PB_Tcon,1.25974179,0.488489186,0.193204859,0.510976007,12,5,YWHAH/SOCS1/YWHAG/GNAS/ARRB1,up,FALSE
GOMF_SINGLE_STRANDED_DNA_BINDING,GOMF_SINGLE_STRANDED_DNA_BINDING,GO_MF,Tcon,SF_vs_PB_Tcon,-1.13665627,-0.253512919,0.194005186,0.511476381,112,33,FAM111A/MAPT/SWSAP1/RAD23B/TERF1/APTX/POLR3C/PCBP3/CTC1/NOL12/RPA2/TSNAX/TERF2IP/SETMAR/POT1/ERCC4/POLR2H/HSPD1/MSH3/PMS2/CRY2/SSBP2/RAD52/HNRNPA1/LRPPRC/RAD51B/PCBP2/ZRANB3/REXO4/SSBP3/RNF138/TP53/YBX1,down,FALSE
GOMF_PROTEIN_TYROSINE_KINASE_BINDING,GOMF_PROTEIN_TYROSINE_KINASE_BINDING,GO_MF,Tcon,SF_vs_PB_Tcon,1.16881908,0.291537777,0.194421421,0.511476381,81,27,CD2/BMPR2/CEACAM1/ITGAX/SQSTM1/GAB2/CBLB/RNF41/SH2B3/PLCG2/DUSP22/NEDD9/YWHAG/DUSP3/TREM2/HYAL2/CD4/PITPNM1/DOCK4/ELMO2/BLNK/PCNA/PTPN14/GPX1/PTPN1/NCK1/CD247,up,FALSE
GOMF_LONG_CHAIN_FATTY_ACYL_COA_HYDROLASE_ACTIVITY,GOMF_LONG_CHAIN_FATTY_ACYL_COA_HYDROLASE_ACTIVITY,GO_MF,Tcon,SF_vs_PB_Tcon,1.25930343,0.500826053,0.194484622,0.511476381,11,3,ACOT7/ACOT9/ACOT11,up,FALSE
GOMF_SECONDARY_ACTIVE_TRANSMEMBRANE_TRANSPORTER_ACTIVITY,GOMF_SECONDARY_ACTIVE_TRANSMEMBRANE_TRANSPORTER_ACTIVITY,GO_MF,Tcon,SF_vs_PB_Tcon,1.13876475,0.256251934,0.195247424,0.512524488,156,47,SLC6A6/SLC16A3/SLC20A1/SLC1A4/SLC1A1/SLC35E4/SLCO4A1/SLC1A5/SLC35E1/SLC22A4/SLC10A3/SLC25A24/SLC8A1/SLC4A8/SLC15A3/SLC12A4/SLC35D2/SLC15A4/SLC6A8/SLC35D1/SLC35B1/CHP1/SLC4A2/SLC37A2/SLC39A6/SLC30A1/SLCO2B1/SLC25A14/SLC17A5/SLCO3A1/SLC29A1/SLC39A8/SLC25A19/SLC17A9/SLC11A1/SLC1A3/SLC7A5/SLC35C1/SLC36A1/CTNS/XPR1/SLC35E3/ANKH/TMCO3/UCP2/SLC25A12/SLC41A1,up,FALSE
GOMF_STRUCTURAL_CONSTITUENT_OF_POSTSYNAPSE,GOMF_STRUCTURAL_CONSTITUENT_OF_POSTSYNAPSE,GO_MF,Tcon,SF_vs_PB_Tcon,-1.25229545,-0.497271096,0.19945763,0.522346762,10,4,TANC2/ACTG1/DLG1/ACTN1,down,FALSE
GOMF_GPI_ANCHOR_BINDING,GOMF_GPI_ANCHOR_BINDING,GO_MF,Tcon,SF_vs_PB_Tcon,1.2757813,0.605271167,0.199879812,0.522346762,6,3,ULBP2/PIGT/GPAA1,up,FALSE
GOMF_DOPAMINE_RECEPTOR_BINDING,GOMF_DOPAMINE_RECEPTOR_BINDING,GO_MF,Tcon,SF_vs_PB_Tcon,1.2557916,0.512674616,0.200102989,0.522346762,10,5,GNA13/GNA12/ARRB2/DLG4/GNAS,up,FALSE
GOMF_IRON_ION_TRANSMEMBRANE_TRANSPORTER_ACTIVITY,GOMF_IRON_ION_TRANSMEMBRANE_TRANSPORTER_ACTIVITY,GO_MF,Tcon,SF_vs_PB_Tcon,-1.25583603,-0.515674021,0.200946372,0.523576937,9,2,SLC25A37/SLC40A1,down,FALSE
GOMF_ATPASE_ACTIVATOR_ACTIVITY,GOMF_ATPASE_ACTIVATOR_ACTIVITY,GO_MF,Tcon,SF_vs_PB_Tcon,1.21760648,0.397531292,0.204126249,0.528704489,23,5,DNAJC1/ATP1B1/ATP1B3/DNAJC10/DNAJB6,up,FALSE
GOMF_HISTONE_H2AX_KINASE_ACTIVITY,GOMF_HISTONE_H2AX_KINASE_ACTIVITY,GO_MF,Tcon,SF_vs_PB_Tcon,-1.2677629,-0.627140502,0.204482596,0.528704489,5,3,ATR/VRK1/ATM,down,FALSE
GOMF_E_BOX_BINDING,GOMF_E_BOX_BINDING,GO_MF,Tcon,SF_vs_PB_Tcon,1.21337287,0.384695239,0.204725417,0.528704489,26,13,PPARG/SREBF2/BHLHE40/USF2/PER1/TWIST1/HIF1A/TCF4/MITF/CRY1/AHR/BHLHE41/USF1,up,FALSE
GOMF_PHOSPHATASE_INHIBITOR_ACTIVITY,GOMF_PHOSPHATASE_INHIBITOR_ACTIVITY,GO_MF,Tcon,SF_vs_PB_Tcon,1.19631628,0.348567835,0.204737853,0.528704489,37,9,LGALS3/ARPP19/YWHAB/PPP1R14B/ENSA/YWHAE/ANP32E/PHACTR1/PPP1R14A,up,FALSE
GOMF_PROTEIN_SERINE_THREONINE_PHOSPHATASE_ACTIVITY,GOMF_PROTEIN_SERINE_THREONINE_PHOSPHATASE_ACTIVITY,GO_MF,Tcon,SF_vs_PB_Tcon,1.16155474,0.291742166,0.204793139,0.528704489,78,28,DUSP4/DUSP10/PPP3CA/DUSP18/DUSP6/CPPED1/PPP5C/PPP1CB/PPP2CB/DUSP2/PHLPP1/DUSP22/DUSP3/BCKDK/SSH1/CTDSP1/DUSP23/PPM1J/PPP3CB/PDP2/DUSP16/PPTC7/PPM1A/MTMR6/DUSP5/FIG4/CTDNEP1/PPP3R1,up,FALSE
GOMF_OXIDOREDUCTASE_ACTIVITY_ACTING_ON_A_SULFUR_GROUP_OF_DONORS_DISULFIDE_AS_ACCEPTOR,GOMF_OXIDOREDUCTASE_ACTIVITY_ACTING_ON_A_SULFUR_GROUP_OF_DONORS_DISULFIDE_AS_ACCEPTOR,GO_MF,Tcon,SF_vs_PB_Tcon,1.25751524,0.548093518,0.206704985,0.532662845,8,4,CLIC3/DNAJC10/IFI30/MSRB1,up,FALSE
GOMF_DEACYLASE_ACTIVITY,GOMF_DEACYLASE_ACTIVITY,GO_MF,Tcon,SF_vs_PB_Tcon,-1.15499742,-0.285530801,0.207118814,0.532753512,64,20,AARSD1/ACOT8/HIBCH/AARS2/OARD1/CES1/MACROD1/HDAC2/CLYBL/HDAC3/SIRT7/MBLAC2/CLN5/DTD2/HDAC1/SIRT5/HDAC5/HDAC7/SIRT4/ABCD2,down,FALSE
GOMF_ACYL_COA_BINDING,GOMF_ACYL_COA_BINDING,GO_MF,Tcon,SF_vs_PB_Tcon,1.23397254,0.450090459,0.207977475,0.533985963,15,5,ACOT7/DBI/ACBD5/SCP2/PANK3,up,FALSE
GOMF_PROTEIN_PHOSPHORYLATED_AMINO_ACID_BINDING,GOMF_PROTEIN_PHOSPHORYLATED_AMINO_ACID_BINDING,GO_MF,Tcon,SF_vs_PB_Tcon,1.17753464,0.320898313,0.208916084,0.53533879,51,16,SAMSN1/YWHAB/SYK/NEDD4/CBLB/YWHAE/HCK/PLCG2/SLA/VAV2/MAPK1/PIK3R3/PIN1/BCAR3/YWHAZ/SH3BP2,up,FALSE
GOMF_ALPHA_CATENIN_BINDING,GOMF_ALPHA_CATENIN_BINDING,GO_MF,Tcon,SF_vs_PB_Tcon,-1.2615784,-0.588466153,0.209265341,0.53533879,6,2,PKP2/VCL,down,FALSE
GOMF_HISTONE_H3K36_METHYLTRANSFERASE_ACTIVITY,GOMF_HISTONE_H3K36_METHYLTRANSFERASE_ACTIVITY,GO_MF,Tcon,SF_vs_PB_Tcon,-1.23876692,-0.491899083,0.210031743,0.536324252,10,9,SETD3/SETD5/NSD1/ASH1L/SETD2/SMYD5/SMYD3/SMYD2/SETMAR,down,FALSE
GOMF_CYTOSKELETON_NUCLEAR_MEMBRANE_ANCHOR_ACTIVITY,GOMF_CYTOSKELETON_NUCLEAR_MEMBRANE_ANCHOR_ACTIVITY,GO_MF,Tcon,SF_vs_PB_Tcon,1.26268328,0.634448033,0.211365279,0.536418237,5,4,SYNE2/SUN1/SYNE3/SYNE1,up,FALSE
GOMF_3_5_CYCLIC_NUCLEOTIDE_PHOSPHODIESTERASE_ACTIVITY,GOMF_3_5_CYCLIC_NUCLEOTIDE_PHOSPHODIESTERASE_ACTIVITY,GO_MF,Tcon,SF_vs_PB_Tcon,1.23684407,0.479610154,0.211528623,0.536418237,12,3,PDE4A/PDE4D/PDE4B,up,FALSE
GOMF_TAU_PROTEIN_BINDING,GOMF_TAU_PROTEIN_BINDING,GO_MF,Tcon,SF_vs_PB_Tcon,1.185103,0.33940352,0.211655789,0.536418237,40,20,CLU/PICALM/MARK4/SNCA/PPP5C/HSPA2/EP300/APOE/PPP2CB/MAP1A/PIN1/ROCK1/PRKAA1/ROCK2/TAOK2/TAOK1/GSK3A/CDK5/HDAC6/CREBBP,up,FALSE
GOMF_O_ACYLTRANSFERASE_ACTIVITY,GOMF_O_ACYLTRANSFERASE_ACTIVITY,GO_MF,Tcon,SF_vs_PB_Tcon,1.18823925,0.34424363,0.211745259,0.536418237,38,13,MBOAT7/AGPAT2/AGPAT4/LPCAT2/PLA2G15/CRAT/ABHD5/AGPAT3/LPCAT1/LCAT/MBOAT1/LPCAT3/LPCAT4,up,FALSE
GOMF_HSP70_PROTEIN_BINDING,GOMF_HSP70_PROTEIN_BINDING,GO_MF,Tcon,SF_vs_PB_Tcon,1.18257363,0.335275173,0.211974797,0.536418237,42,9,MVD/RNF207/DNAJC10/CDK1/SNCA/PPP5C/NOD2/DNAJB6/TFRC,up,FALSE
GOMF_CYTOCHROME_B5_REDUCTASE_ACTIVITY_ACTING_ON_NADH,GOMF_CYTOCHROME_B5_REDUCTASE_ACTIVITY_ACTING_ON_NADH,GO_MF,Tcon,SF_vs_PB_Tcon,1.26112816,0.633666649,0.212654568,0.537026636,5,3,CYB5R3/CYB5R2/CYB5R4,up,FALSE
GOMF_S_ACYLTRANSFERASE_ACTIVITY,GOMF_S_ACYLTRANSFERASE_ACTIVITY,GO_MF,Tcon,SF_vs_PB_Tcon,1.19878167,0.370193687,0.212978581,0.537026636,29,15,ZDHHC12/ZDHHC11B/FASN/ZDHHC18/ZDHHC1/MCAT/GLUL/ZDHHC11/ZDHHC23/ZDHHC5/ZDHHC13/ZDHHC16/ZDHHC20/ZDHHC2/ZDHHC8,up,FALSE
GOMF_ATP_DEPENDENT_PEPTIDASE_ACTIVITY,GOMF_ATP_DEPENDENT_PEPTIDASE_ACTIVITY,GO_MF,Tcon,SF_vs_PB_Tcon,-1.25121052,-0.555761516,0.213755341,0.538021046,7,6,CLPX/CLPP/AFG3L2/YME1L1/SPG7/LONP2,down,FALSE
GOMF_ISOCITRATE_DEHYDROGENASE_NAD_P_PLUS_ACTIVITY,GOMF_ISOCITRATE_DEHYDROGENASE_NAD_P_PLUS_ACTIVITY,GO_MF,Tcon,SF_vs_PB_Tcon,1.25871291,0.63245308,0.214940126,0.540037067,5,2,IDH1/IDH2,up,FALSE
GOMF_PROLINE_RICH_REGION_BINDING,GOMF_PROLINE_RICH_REGION_BINDING,GO_MF,Tcon,SF_vs_PB_Tcon,1.22588825,0.455962076,0.215827881,0.541300942,14,3,RABAC1/NEDD4/WBP4,up,FALSE
GOMF_ARMADILLO_REPEAT_DOMAIN_BINDING,GOMF_ARMADILLO_REPEAT_DOMAIN_BINDING,GO_MF,Tcon,SF_vs_PB_Tcon,-1.23942062,-0.527344782,0.216919197,0.543069947,8,2,AXIN1/LEF1,down,FALSE
GOMF_PRIMARY_MIRNA_BINDING,GOMF_PRIMARY_MIRNA_BINDING,GO_MF,Tcon,SF_vs_PB_Tcon,1.23943818,0.521365831,0.218218562,0.543397703,9,4,STAT3/EZH2/DGCR8/SRF,up,FALSE
GOMF_MAP_KINASE_KINASE_KINASE_ACTIVITY,GOMF_MAP_KINASE_KINASE_KINASE_ACTIVITY,GO_MF,Tcon,SF_vs_PB_Tcon,-1.1985453,-0.389846671,0.218608616,0.543397703,20,5,MAP3K7/MAP3K13/RIPK2/MAP3K4/MAP3K1,down,FALSE
GOMF_OXIDOREDUCTASE_ACTIVITY_ACTING_ON_THE_CH_CH_GROUP_OF_DONORS_OXYGEN_AS_ACCEPTOR,GOMF_OXIDOREDUCTASE_ACTIVITY_ACTING_ON_THE_CH_CH_GROUP_OF_DONORS_OXYGEN_AS_ACCEPTOR,GO_MF,Tcon,SF_vs_PB_Tcon,1.24898836,0.565740722,0.218834479,0.543397703,7,3,ACOX3/CRAT/PPOX,up,FALSE
GOMF_TRANSPORTER_ACTIVATOR_ACTIVITY,GOMF_TRANSPORTER_ACTIVATOR_ACTIVITY,GO_MF,Tcon,SF_vs_PB_Tcon,1.22826089,0.476281859,0.218899816,0.543397703,12,4,ATP1B1/ATP1B3/AKT1/AKAP9,up,FALSE
GOMF_CYCLASE_REGULATOR_ACTIVITY,GOMF_CYCLASE_REGULATOR_ACTIVITY,GO_MF,Tcon,SF_vs_PB_Tcon,1.23862625,0.521024297,0.218981164,0.543397703,9,5,RGS2/GNAZ/NCS1/CALM2/GNAS,up,FALSE
GOMF_C2H2_ZINC_FINGER_DOMAIN_BINDING,GOMF_C2H2_ZINC_FINGER_DOMAIN_BINDING,GO_MF,Tcon,SF_vs_PB_Tcon,-1.22767552,-0.472757583,0.219726501,0.5442873,11,10,EHMT1/TAF9/ZXDC/SRRM2/U2AF2/THAP7/ZXDA/ZXDB/EHMT2/LEF1,down,FALSE
GOMF_HISTONE_H3K14AC_READER_ACTIVITY,GOMF_HISTONE_H3K14AC_READER_ACTIVITY,GO_MF,Tcon,SF_vs_PB_Tcon,-1.25043907,-0.618570702,0.22031919,0.544796311,5,3,DPF2/ZMYND8/SETDB1,down,FALSE
GOMF_HISTONE_H2A_UBIQUITIN_LIGASE_ACTIVITY,GOMF_HISTONE_H2A_UBIQUITIN_LIGASE_ACTIVITY,GO_MF,Tcon,SF_vs_PB_Tcon,1.23897958,0.540014668,0.222256396,0.547982318,8,5,BARD1/PCGF3/TRIM37/UBR2/BRCA1,up,FALSE
GOMF_CYTOSKELETAL_ANCHOR_ACTIVITY,GOMF_CYTOSKELETAL_ANCHOR_ACTIVITY,GO_MF,Tcon,SF_vs_PB_Tcon,1.20613123,0.412917769,0.22238657,0.547982318,19,10,MARK4/WIPF1/GAS2L1/MAP1A/EPB41L3/MICALL1/NCK1/SDCBP/ADD1/JUP,up,FALSE
GOMF_PHOSPHATASE_ACTIVITY,GOMF_PHOSPHATASE_ACTIVITY,GO_MF,Tcon,SF_vs_PB_Tcon,1.11186763,0.244590376,0.225396875,0.554342654,185,57,DUSP4/DUSP10/PTPN22/PPP3CA/DUSP18/PHPT1/PTPN7/PTPRJ/PPP4R1/DUSP6/PTPRE/PTPRM/PPP1R3B/PTPN13/TNS3/CPPED1/PPP5C/PPP1CB/SACM1L/SBF1/PTPRN2/ACP2/PPP2CB/ACP5/DUSP2/PHLPP1/DUSP22/PALD1/PTPN12/NT5DC2/DUSP3/TNS1/BCKDK/SSH1/INPP1/PTPN9/PTP4A1/INPP5D/CTDSP1/PFKFB3/PTPRC/DUSP23/MTMR2/NT5C/PPM1J/INPPL1/PTPN14/PPP3CB/PDP2/DUSP16/PTPN1/PPTC7/PPM1A/MTMR6/CDC25A/DUSP5/DNAJC6,up,FALSE
GOMF_RNA_POLYMERASE_CORE_ENZYME_BINDING,GOMF_RNA_POLYMERASE_CORE_ENZYME_BINDING,GO_MF,Tcon,SF_vs_PB_Tcon,-1.16126411,-0.318904304,0.225956579,0.554342654,39,18,URI1/ZNF326/HNRNPU/ERCC5/MAF1/SCAF4/RRN3/SCAF8/SMYD3/RECQL5/SMYD2/RPAP2/PCF11/ELP2/POLR2M/RPRD2/RPRD1A/WDR43,down,FALSE
GOMF_GUANYL_NUCLEOTIDE_EXCHANGE_FACTOR_ACTIVITY,GOMF_GUANYL_NUCLEOTIDE_EXCHANGE_FACTOR_ACTIVITY,GO_MF,Tcon,SF_vs_PB_Tcon,1.11013447,0.242740201,0.226376636,0.554342654,194,56,RALGDS/PREX1/ARHGEF12/DOCK5/DENND6B/DENND3/RAPGEF1/RABIF/LAMTOR5/DOCK2/TIAM2/ECT2/RHOF/CYTH2/DENND4A/PLEKHG1/CYTH3/CCDC88A/DOCK7/NUCB1/SBF1/PLEKHG2/AKAP13/GNA13/GRIPAP1/RAPGEF2/GBF1/ABR/RASGRP4/RIC8A/VAV2/SOS2/ARHGEF5/LAMTOR2/RASGEF1B/DNMBP/VAV3/ARHGEF10L/BCAR3/FGD2/RCC2/RPGR/RASGEF1A/ARHGEF39/FGD4/ALS2/IQSEC2/FARP2/DOCK1/DOCK4/ELMO2/RIN2/WDR41/MADD/EPS8L1/PSD4,up,FALSE
GOMF_AZOLE_TRANSMEMBRANE_TRANSPORTER_ACTIVITY,GOMF_AZOLE_TRANSMEMBRANE_TRANSPORTER_ACTIVITY,GO_MF,Tcon,SF_vs_PB_Tcon,1.24666072,0.626397335,0.226543728,0.554342654,5,2,SLC15A4/SLC25A19,up,FALSE
GOMF_TRANSMEMBRANE_RECEPTOR_PROTEIN_KINASE_ACTIVITY,GOMF_TRANSMEMBRANE_RECEPTOR_PROTEIN_KINASE_ACTIVITY,GO_MF,Tcon,SF_vs_PB_Tcon,1.1679945,0.331141799,0.226947719,0.554367084,42,20,CRIM1/BMPR2/NTRK2/CSF1R/NRP2/NTRK1/TGFBR3/EFNA3/FLT3/AXL/TGFBR3L/NRP1/FLT1/MST1R/IGF2R/FGFR1/TGFBR1/RET/FGFRL1/MERTK,up,FALSE
GOMF_NUCLEOSIDE_DIPHOSPHATE_PHOSPHATASE_ACTIVITY,GOMF_NUCLEOSIDE_DIPHOSPHATE_PHOSPHATASE_ACTIVITY,GO_MF,Tcon,SF_vs_PB_Tcon,1.21192869,0.450769899,0.228140969,0.556295412,14,5,ENTPD1/NUDT16/NUDT5/ENTPD2/CANT1,up,FALSE
GOMF_DNA_ENDONUCLEASE_ACTIVITY,GOMF_DNA_ENDONUCLEASE_ACTIVITY,GO_MF,Tcon,SF_vs_PB_Tcon,-1.1452597900000001,-0.294006344,0.228527895,0.556295412,53,17,SND1/TATDN3/EXOG/TATDN1/TEFM/SETMAR/DNASE1/ERCC4/FAN1/NTHL1/POLB/DFFB/APLF/RPS3/HMGA1/APEX1/ZRANB3,down,FALSE
GOMF_CYCLIN_DEPENDENT_PROTEIN_KINASE_REGULATOR_ACTIVITY,GOMF_CYCLIN_DEPENDENT_PROTEIN_KINASE_REGULATOR_ACTIVITY,GO_MF,Tcon,SF_vs_PB_Tcon,1.16494129,0.32875271,0.229448178,0.557570962,43,14,CDKN1A/CDKN2A/CASP3/KAT2B/CNPPD1/CCNE2/CDKN2C/CDKN2D/SAP30BP/CKS2/CCNF/CKS1B/HEXIM1/CCNG2,up,FALSE
GOMF_NUCLEOTIDE_SUGAR_TRANSMEMBRANE_TRANSPORTER_ACTIVITY,GOMF_NUCLEOTIDE_SUGAR_TRANSMEMBRANE_TRANSPORTER_ACTIVITY,GO_MF,Tcon,SF_vs_PB_Tcon,1.21370206,0.470636391,0.231519906,0.560567891,12,7,SLC35D2/SLC35D1/SLC35B1/SLC35B4/SLC35C1/SLC35E3/SLC35A2,up,FALSE
GOMF_PHOSPHATIDYLINOSITOL_3_KINASE_ACTIVATOR_ACTIVITY,GOMF_PHOSPHATIDYLINOSITOL_3_KINASE_ACTIVATOR_ACTIVITY,GO_MF,Tcon,SF_vs_PB_Tcon,1.23843019,0.587550616,0.231632613,0.560567891,6,4,SH3GLB1/LYN/FLT3/AGAP2,up,FALSE
GOMF_ADP_PHOSPHATASE_ACTIVITY,GOMF_ADP_PHOSPHATASE_ACTIVITY,GO_MF,Tcon,SF_vs_PB_Tcon,1.24090268,0.623504148,0.231876697,0.560567891,5,2,ENTPD1/CANT1,up,FALSE
GOMF_TUMOR_NECROSIS_FACTOR_BINDING,GOMF_TUMOR_NECROSIS_FACTOR_BINDING,GO_MF,Tcon,SF_vs_PB_Tcon,1.23699057,0.586867614,0.232970186,0.562153408,6,5,TNFRSF1A/ADAM17/A2M/TNFRSF1B/TRAF2,up,FALSE
GOMF_MONOATOMIC_ANION_MONOATOMIC_CATION_SYMPORTER_ACTIVITY,GOMF_MONOATOMIC_ANION_MONOATOMIC_CATION_SYMPORTER_ACTIVITY,GO_MF,Tcon,SF_vs_PB_Tcon,1.21594199,0.496406084,0.233688707,0.562153408,10,3,SLC6A6/SLC12A4/SLC6A8,up,FALSE
GOMF_RIBOSOMAL_SMALL_SUBUNIT_BINDING,GOMF_RIBOSOMAL_SMALL_SUBUNIT_BINDING,GO_MF,Tcon,SF_vs_PB_Tcon,-1.18392603,-0.390450027,0.233731161,0.562153408,19,8,EIF1/MTIF2/MCTS1/ERAL1/PTCD3/ABCE1/NPM1/G3BP1,down,FALSE
GOMF_SMALL_RIBOSOMAL_SUBUNIT_RRNA_BINDING,GOMF_SMALL_RIBOSOMAL_SUBUNIT_RRNA_BINDING,GO_MF,Tcon,SF_vs_PB_Tcon,-1.2265319,-0.54479979,0.23464139,0.563379584,7,3,UTP23/RPS3/RPS13,down,FALSE
GOMF_OXIDOREDUCTASE_ACTIVITY_ACTING_ON_THE_CH_NH2_GROUP_OF_DONORS,GOMF_OXIDOREDUCTASE_ACTIVITY_ACTING_ON_THE_CH_NH2_GROUP_OF_DONORS,GO_MF,Tcon,SF_vs_PB_Tcon,1.21899282,0.512765554,0.235243651,0.563863403,9,5,IL4I1/GLUD2/GLDC/GLUD1/LOXL1,up,FALSE
GOMF_NEDD8_TRANSFERASE_ACTIVITY,GOMF_NEDD8_TRANSFERASE_ACTIVITY,GO_MF,Tcon,SF_vs_PB_Tcon,1.23374816,0.585329312,0.235936107,0.564561398,6,4,RNF7/RBX1/UBE2M/MDM2,up,FALSE
GOMF_OXIDOREDUCTASE_ACTIVITY_ACTING_ON_METAL_IONS,GOMF_OXIDOREDUCTASE_ACTIVITY_ACTING_ON_METAL_IONS,GO_MF,Tcon,SF_vs_PB_Tcon,-1.20713098,-0.464846218,0.236793864,0.565651896,11,5,CYB561A3/MMACHC/CYB561D1/MTRR/FXN,down,FALSE
GOMF_MIRNA_BINDING,GOMF_MIRNA_BINDING,GO_MF,Tcon,SF_vs_PB_Tcon,-1.16162555,-0.342352965,0.238738438,0.568507423,29,7,PUM1/ZNF346/RC3H1/RBM4/MATR3/HNRNPA1/YBX1,down,FALSE
GOMF_PEPTIDE_RECEPTOR_ACTIVITY,GOMF_PEPTIDE_RECEPTOR_ACTIVITY,GO_MF,Tcon,SF_vs_PB_Tcon,1.16953018,0.355063633,0.238797361,0.568507423,31,7,F2R/FPR3/CYSLTR1/AGTRAP/OGFRL1/GPR171/FPR1,up,FALSE
GOMF_MITOGEN_ACTIVATED_PROTEIN_KINASE_KINASE_KINASE_BINDING,GOMF_MITOGEN_ACTIVATED_PROTEIN_KINASE_KINASE_KINASE_BINDING,GO_MF,Tcon,SF_vs_PB_Tcon,-1.19753432,-0.438747753,0.239733158,0.569771204,13,3,DUSP19/STK38/SASH1,down,FALSE
GOMF_BUBBLE_DNA_BINDING,GOMF_BUBBLE_DNA_BINDING,GO_MF,Tcon,SF_vs_PB_Tcon,1.21763767,0.530712703,0.240672036,0.571038036,8,6,NEIL3/HMGB1/BLM/XPC/WRN/ABL1,up,FALSE
GOMF_SUPERCOILED_DNA_BINDING,GOMF_SUPERCOILED_DNA_BINDING,GO_MF,Tcon,SF_vs_PB_Tcon,-1.22480659,-0.57131386,0.241237582,0.571416292,6,2,RPS3/PSIP1,down,FALSE
GOMF_HYDROLASE_ACTIVITY_HYDROLYZING_O_GLYCOSYL_COMPOUNDS,GOMF_HYDROLASE_ACTIVITY_HYDROLYZING_O_GLYCOSYL_COMPOUNDS,GO_MF,Tcon,SF_vs_PB_Tcon,1.14811425,0.312880754,0.241713287,0.571580831,51,15,MAN1A1/NAGA/NEU1/HYAL3/EDEM1/HEXB/GUSB/GLA/MAN2A2/NAGLU/HYAL2/GLB1L2/FUCA1/GLB1/GM2A,up,FALSE
GOMF_CYCLASE_ACTIVITY,GOMF_CYCLASE_ACTIVITY,GO_MF,Tcon,SF_vs_PB_Tcon,1.22660443,0.581940099,0.242507657,0.572497103,6,5,ADCY7/ADCY9/ADCY3/ADCY4/RTCA,up,FALSE
GOMF_DEAD_H_BOX_RNA_HELICASE_BINDING,GOMF_DEAD_H_BOX_RNA_HELICASE_BINDING,GO_MF,Tcon,SF_vs_PB_Tcon,-1.21570361,-0.539990091,0.243829593,0.573263695,7,5,AKAP8L/SMAD3/SMAD5/DROSHA/POT1,down,FALSE
GOMF_RNA_POLYMERASE_II_GENERAL_TRANSCRIPTION_INITIATION_FACTOR_BINDING,GOMF_RNA_POLYMERASE_II_GENERAL_TRANSCRIPTION_INITIATION_FACTOR_BINDING,GO_MF,Tcon,SF_vs_PB_Tcon,-1.17123597,-0.370923493,0.24411797,0.573263695,22,5,TBP/ERCC4/ZNHIT6/TP53/FBL,down,FALSE
GOMF_SPECTRIN_BINDING,GOMF_SPECTRIN_BINDING,GO_MF,Tcon,SF_vs_PB_Tcon,1.19300071,0.435146018,0.244298451,0.573263695,15,4,MYO7A/DCTN2/CAMSAP1/KIF3A,up,FALSE
GOMF_LOW_DENSITY_LIPOPROTEIN_PARTICLE_BINDING,GOMF_LOW_DENSITY_LIPOPROTEIN_PARTICLE_BINDING,GO_MF,Tcon,SF_vs_PB_Tcon,1.19853524,0.464755164,0.24446213,0.573263695,12,7,LDLR/MSR1/THBS1/SCARF1/TREM2/STAB1/CD36,up,FALSE
GOMF_ATPASE_COUPLED_ION_TRANSMEMBRANE_TRANSPORTER_ACTIVITY,GOMF_ATPASE_COUPLED_ION_TRANSMEMBRANE_TRANSPORTER_ACTIVITY,GO_MF,Tcon,SF_vs_PB_Tcon,1.18205145,0.404674083,0.245627334,0.574287225,19,9,ATP6V1A/ATP6V0D1/ATP6V0B/TCIRG1/ATP6V1B2/ATP6V1D/ATP6V1E1/ATP6V1F/ATP6V0A1,up,FALSE
GOMF_CYCLIC_NUCLEOTIDE_PHOSPHODIESTERASE_ACTIVITY,GOMF_CYCLIC_NUCLEOTIDE_PHOSPHODIESTERASE_ACTIVITY,GO_MF,Tcon,SF_vs_PB_Tcon,1.19219889,0.44343151200000003,0.245714932,0.574287225,14,4,PDE4A/PDE4D/PDE4B/CNP,up,FALSE
GOMF_DNA_RNA_HYBRID_BINDING,GOMF_DNA_RNA_HYBRID_BINDING,GO_MF,Tcon,SF_vs_PB_Tcon,-1.21928685,-0.603160232,0.24914466,0.58133754,5,4,POLR3A/POLR3B/PRIM2/POLR1B,down,FALSE
GOMF_EPHRIN_RECEPTOR_BINDING,GOMF_EPHRIN_RECEPTOR_BINDING,GO_MF,Tcon,SF_vs_PB_Tcon,1.16954778,0.386009599,0.251484457,0.585825548,22,10,SIPA1L1/EFNA5/PIK3CG/LYN/SRC/ANKS1B/EFNA3/CHN1/PTPN1/NCK1,up,FALSE
GOMF_PHOSPHATIDYLINOSITOL_BISPHOSPHATE_PHOSPHATASE_ACTIVITY,GOMF_PHOSPHATIDYLINOSITOL_BISPHOSPHATE_PHOSPHATASE_ACTIVITY,GO_MF,Tcon,SF_vs_PB_Tcon,-1.16188708,-0.372943213,0.253385251,0.588340356,21,5,PTEN/INPP5B/INPP4A/MTMR4/INPP4B,down,FALSE
GOMF_RNA_POLYMERASE_II_C_TERMINAL_DOMAIN_BINDING,GOMF_RNA_POLYMERASE_II_C_TERMINAL_DOMAIN_BINDING,GO_MF,Tcon,SF_vs_PB_Tcon,-1.18881336,-0.472063142,0.253400324,0.588340356,10,5,HNRNPU/SCAF4/SCAF8/RPRD2/RPRD1A,down,FALSE
GOMF_LIPID_TRANSFER_ACTIVITY,GOMF_LIPID_TRANSFER_ACTIVITY,GO_MF,Tcon,SF_vs_PB_Tcon,1.13974244,0.317129425,0.254953626,0.590072865,46,18,GRAMD1C/STARD3/PITPNA/NPC1/OSBPL3/TSPO/STARD4/APOE/GRAMD1B/GLTP/OSBPL7/SCP2/PRELID2/PITPNM1/ABCG1/OSBPL11/CIDEB/ABCA3,up,FALSE
GOMF_METALLOPEPTIDASE_ACTIVITY,GOMF_METALLOPEPTIDASE_ACTIVITY,GO_MF,Tcon,SF_vs_PB_Tcon,-1.0998224,-0.250197332,0.254985289,0.590072865,100,21,DNPEP/AGBL2/CPA5/MMP28/ADAMTS6/ADAMTS17/ERAP2/PMPCB/UQCRC2/MMP11/OMA1/AGTPBP1/ADAMTS10/EIF3F/AEBP1/PEPD/EIF3H/LTA4H/ADAM23/METAP1D/TRABD2A,down,FALSE
GOMF_HISTONE_H3K27ME3_READER_ACTIVITY,GOMF_HISTONE_H3K27ME3_READER_ACTIVITY,GO_MF,Tcon,SF_vs_PB_Tcon,1.20664119,0.546559183,0.255889395,0.590833241,7,2,CDYL2/CBX8,up,FALSE
GOMF_MONOACYLGLYCEROL_LIPASE_ACTIVITY,GOMF_MONOACYLGLYCEROL_LIPASE_ACTIVITY,GO_MF,Tcon,SF_vs_PB_Tcon,1.18567502,0.459768368,0.256153715,0.590833241,12,3,ABHD15/ABHD2/ABHD16A,up,FALSE
GOMF_LONG_CHAIN_FATTY_ACID_TRANSMEMBRANE_TRANSPORTER_ACTIVITY,GOMF_LONG_CHAIN_FATTY_ACID_TRANSMEMBRANE_TRANSPORTER_ACTIVITY,GO_MF,Tcon,SF_vs_PB_Tcon,1.18373398,0.449187004,0.257495324,0.592099639,13,8,SLC27A2/FABP5/SLC27A4/SLC2A1/ABCD1/ABCD4/FABP3/CD36,up,FALSE
GOMF_INSULIN_BINDING,GOMF_INSULIN_BINDING,GO_MF,Tcon,SF_vs_PB_Tcon,-1.21106416,-0.599092608,0.257544406,0.592099639,5,3,PIK3R1/C2CD2L/IGF1R,down,FALSE
GOMF_ANTIOXIDANT_ACTIVITY,GOMF_ANTIOXIDANT_ACTIVITY,GO_MF,Tcon,SF_vs_PB_Tcon,1.13698493,0.316362156,0.258343873,0.592165486,46,16,ALOX5AP/CLIC1/TXN/TXNDC17/PRDX1/PRDX4/PTGS1/APOE/GSTO1/CLIC2/TXNRD1/GSTP1/PRDX5/MGST3/LTC4S/GPX1,up,FALSE
GOMF_CALCIUM_DEPENDENT_PROTEIN_SERINE_THREONINE_KINASE_ACTIVITY,GOMF_CALCIUM_DEPENDENT_PROTEIN_SERINE_THREONINE_KINASE_ACTIVITY,GO_MF,Tcon,SF_vs_PB_Tcon,-1.19118203,-0.50682038,0.258414789,0.592165486,8,4,MAPKAPK5/PRKCB/CAMK4/PRKCA,down,FALSE
GOMF_OXIDOREDUCTASE_ACTIVITY_ACTING_ON_THE_CH_CH_GROUP_OF_DONORS_QUINONE_OR_RELATED_COMPOUND_AS_ACCEPTOR,GOMF_OXIDOREDUCTASE_ACTIVITY_ACTING_ON_THE_CH_CH_GROUP_OF_DONORS_QUINONE_OR_RELATED_COMPOUND_AS_ACCEPTOR,GO_MF,Tcon,SF_vs_PB_Tcon,-1.20850954,-0.597828885,0.260412612,0.594824348,5,4,SDHC/SDHA/SDHD/DHODH,down,FALSE
GOMF_BIOACTIVE_LIPID_RECEPTOR_ACTIVITY,GOMF_BIOACTIVE_LIPID_RECEPTOR_ACTIVITY,GO_MF,Tcon,SF_vs_PB_Tcon,-1.18500707,-0.486590087,0.26042061,0.594824348,9,4,S1PR5/GPR174/S1PR1/LPAR6,down,FALSE
GOMF_HISTONE_CHAPERONE_ACTIVITY,GOMF_HISTONE_CHAPERONE_ACTIVITY,GO_MF,Tcon,SF_vs_PB_Tcon,1.17942488,0.447551843,0.261273686,0.595805633,13,4,MYD88/JDP2/SPTY2D1/ANP32E,up,FALSE
GOMF_PROTEIN_LIPID_COMPLEX_BINDING,GOMF_PROTEIN_LIPID_COMPLEX_BINDING,GO_MF,Tcon,SF_vs_PB_Tcon,1.16303379,0.392971318,0.26203248,0.596532626,20,7,LDLR/VLDLR/MSR1/THBS1/APOE/SCARF1/TREM2,up,FALSE
GOMF_ACYLTRANSFERASE_ACTIVITY_TRANSFERRING_GROUPS_OTHER_THAN_AMINO_ACYL_GROUPS,GOMF_ACYLTRANSFERASE_ACTIVITY_TRANSFERRING_GROUPS_OTHER_THAN_AMINO_ACYL_GROUPS,GO_MF,Tcon,SF_vs_PB_Tcon,1.09279805,0.242920736,0.262918796,0.596532626,171,58,HGSNAT/ELOVL6/NAA50/MBOAT7/ELOVL1/SPTLC2/CERS5/SPTSSA/ZDHHC12/AGPAT2/AGPAT4/KAT2B/NCOA3/SH3GLB1/ESCO2/NCOA1/EP300/BLOC1S1/LPCAT2/PLA2G15/ZDHHC11B/BRCA2/CRAT/PAFAH1B2/ABHD5/AGPAT3/LPCAT1/NAA20/SCP2/SPHK1/CERS2/FASN/ALAS1/LCAT/GTF3C4/ACAA2/ZDHHC18/HAT1/BRD1/ZDHHC1/MBOAT1/LPCAT3/MCAT/NAGS/LPCAT4/GLUL/ABHD4/NAT14/SIRT2/TGM2/ZDHHC11/CERS4/ZDHHC23/ZDHHC5/ARRB1/ACAT1/BAZ1A/ACAT2,up,FALSE
GOMF_CATALYTIC_ACTIVITY_ACTING_ON_A_GLYCOPROTEIN,GOMF_CATALYTIC_ACTIVITY_ACTING_ON_A_GLYCOPROTEIN,GO_MF,Tcon,SF_vs_PB_Tcon,-1.16774605,-0.418538326,0.263109711,0.596532626,14,3,B3GNT3/GCNT4/MGAT4A,down,FALSE
GOMF_MAP_KINASE_SCAFFOLD_ACTIVITY,GOMF_MAP_KINASE_SCAFFOLD_ACTIVITY,GO_MF,Tcon,SF_vs_PB_Tcon,1.18345762,0.483144398,0.263288387,0.596532626,10,4,IQGAP1/KSR1/AKAP13/MAP2K2,up,FALSE
GOMF_NEUROPILIN_BINDING,GOMF_NEUROPILIN_BINDING,GO_MF,Tcon,SF_vs_PB_Tcon,1.17625609,0.446349397,0.26393743,0.597041744,13,3,SEMA4A/VEGFA/SEMA7A,up,FALSE
GOMF_STEROID_HYDROXYLASE_ACTIVITY,GOMF_STEROID_HYDROXYLASE_ACTIVITY,GO_MF,Tcon,SF_vs_PB_Tcon,-1.19169103,-0.529324202,0.264923051,0.598309363,7,3,CYP3A5/CYP24A1/CYP2U1,down,FALSE
GOMF_G_PROTEIN_COUPLED_AMINE_RECEPTOR_ACTIVITY,GOMF_G_PROTEIN_COUPLED_AMINE_RECEPTOR_ACTIVITY,GO_MF,Tcon,SF_vs_PB_Tcon,-1.19132415,-0.529161243,0.265420832,0.598472934,7,3,HTR6/HRH2/HRH4,down,FALSE
GOMF_LYASE_ACTIVITY,GOMF_LYASE_ACTIVITY,GO_MF,Tcon,SF_vs_PB_Tcon,1.09581258,0.252062266,0.26726975,0.601677662,134,35,ALOX5AP/MVD/PAM/TBXAS1/ENO1/CA2/RNASE4/TPI1/RSAD2/PCK2/ASL/PCBD1/CYP2S1/RNASE1/ADCY7/PTS/SGPL1/NEIL3/GLDC/FECH/SDS/ENO2/CRY1/USB1/FASN/HMGB1/ALDOC/ADCY9/POLG/BCKDHA/MGST3/ODC1/LTC4S/COQ4/HCCS,up,FALSE
GOMF_CLATHRIN_LIGHT_CHAIN_BINDING,GOMF_CLATHRIN_LIGHT_CHAIN_BINDING,GO_MF,Tcon,SF_vs_PB_Tcon,1.20151042,0.603711108,0.268406556,0.603271604,5,2,HIP1/CLTC,up,FALSE
GOMF_HISTONE_H3K9_DEMETHYLASE_ACTIVITY,GOMF_HISTONE_H3K9_DEMETHYLASE_ACTIVITY,GO_MF,Tcon,SF_vs_PB_Tcon,-1.16983725,-0.450485017,0.269896121,0.604153074,11,6,KDM3B/JMJD1C/KDM3A/KDM4D/KDM1A/KDM4C,down,FALSE
GOMF_5_DEOXYRIBOSE_5_PHOSPHATE_LYASE_ACTIVITY,GOMF_5_DEOXYRIBOSE_5_PHOSPHATE_LYASE_ACTIVITY,GO_MF,Tcon,SF_vs_PB_Tcon,-1.18635892,-0.526955794,0.27017049,0.604153074,7,4,XRCC5/POLB/POLL/HMGA1,down,FALSE
GOMF_CARBOHYDRATE_DERIVATIVE_TRANSMEMBRANE_TRANSPORTER_ACTIVITY,GOMF_CARBOHYDRATE_DERIVATIVE_TRANSMEMBRANE_TRANSPORTER_ACTIVITY,GO_MF,Tcon,SF_vs_PB_Tcon,1.12828111,0.316781756,0.270442802,0.604153074,44,18,SLC25A24/SLC15A3/SLC35D2/SLC15A4/SLC35D1/SLC35B1/SLC37A2/ABCC3/SLC17A5/SLC29A1/SLC17A9/SLC35B4/SLC29A3/SLC35C1/SLC29A4/SLC35E3/ANKH/PANX1,up,FALSE
GOMF_PHOSPHOLIPASE_D_ACTIVITY,GOMF_PHOSPHOLIPASE_D_ACTIVITY,GO_MF,Tcon,SF_vs_PB_Tcon,1.19924945,0.60257506,0.270516302,0.604153074,5,3,PLD2/PLD4/PLD1,up,FALSE
GOMF_FATTY_ACID_TRANSMEMBRANE_TRANSPORTER_ACTIVITY,GOMF_FATTY_ACID_TRANSMEMBRANE_TRANSPORTER_ACTIVITY,GO_MF,Tcon,SF_vs_PB_Tcon,1.16411801,0.432986991,0.271943884,0.606378835,14,8,SLC27A2/FABP5/SLC27A4/SLC2A1/ABCD1/ABCD4/FABP3/CD36,up,FALSE
GOMF_RECEPTOR_ANTAGONIST_ACTIVITY,GOMF_RECEPTOR_ANTAGONIST_ACTIVITY,GO_MF,Tcon,SF_vs_PB_Tcon,1.18117038,0.514818275,0.273447262,0.608766293,8,4,CCL5/LRPAP1/IL1RN/ESR2,up,FALSE
GOMF_ABC_TYPE_XENOBIOTIC_TRANSPORTER_ACTIVITY,GOMF_ABC_TYPE_XENOBIOTIC_TRANSPORTER_ACTIVITY,GO_MF,Tcon,SF_vs_PB_Tcon,1.17245344,0.478651963,0.274540843,0.610235333,10,7,ABCB1/ABCC3/ABCC1/ABCA3/ABCC10/RALBP1/ABCC4,up,FALSE
GOMF_VOLTAGE_GATED_MONOATOMIC_CATION_CHANNEL_ACTIVITY,GOMF_VOLTAGE_GATED_MONOATOMIC_CATION_CHANNEL_ACTIVITY,GO_MF,Tcon,SF_vs_PB_Tcon,1.12579837,0.322419176,0.276603292,0.613849892,40,11,TMEM43/CACNB2/KCNK5/TMEM109/CYBB/CACNB1/NCS1/CACNA2D4/RYR1/KCNH4/KCNAB2,up,FALSE
GOMF_TPR_DOMAIN_BINDING,GOMF_TPR_DOMAIN_BINDING,GO_MF,Tcon,SF_vs_PB_Tcon,-1.18373471,-0.552155786,0.277340604,0.614516896,6,4,HSP90AB1/SRP72/STUB1/TRAK2,down,FALSE
GOMF_NUCLEAR_ANDROGEN_RECEPTOR_BINDING,GOMF_NUCLEAR_ANDROGEN_RECEPTOR_BINDING,GO_MF,Tcon,SF_vs_PB_Tcon,1.14053888,0.368578361,0.278761305,0.616098023,24,5,WIPI1/ARID5A/TGFB1I1/RNF14/EP300,up,FALSE
GOMF_ADENYL_NUCLEOTIDE_EXCHANGE_FACTOR_ACTIVITY,GOMF_ADENYL_NUCLEOTIDE_EXCHANGE_FACTOR_ACTIVITY,GO_MF,Tcon,SF_vs_PB_Tcon,-1.15092951,-0.41251102,0.279673827,0.616098023,14,6,HSPBP1/BAG1/HSPH1/BAG5/BAG3/BAG2,down,FALSE
GOMF_ANNEALING_ACTIVITY,GOMF_ANNEALING_ACTIVITY,GO_MF,Tcon,SF_vs_PB_Tcon,-1.16121885,-0.461105703,0.279741008,0.616098023,10,3,FXR1/ZRANB3/TP53,down,FALSE
GOMF_ISOPRENOID_BINDING,GOMF_ISOPRENOID_BINDING,GO_MF,Tcon,SF_vs_PB_Tcon,1.17372689,0.511573998,0.280578997,0.616098023,8,4,RXRA/FABP5/RARA/IGF2R,up,FALSE
GOMF_GLYCINE_TRANSMEMBRANE_TRANSPORTER_ACTIVITY,GOMF_GLYCINE_TRANSMEMBRANE_TRANSPORTER_ACTIVITY,GO_MF,Tcon,SF_vs_PB_Tcon,-1.18735796,-0.587365558,0.280776874,0.616098023,5,3,SLC25A38/SLC38A1/SLC7A8,down,FALSE
GOMF_G_PROTEIN_COUPLED_GLUTAMATE_RECEPTOR_BINDING,GOMF_G_PROTEIN_COUPLED_GLUTAMATE_RECEPTOR_BINDING,GO_MF,Tcon,SF_vs_PB_Tcon,1.1783305,0.533735595,0.281281378,0.616098023,7,1,PRNP,up,FALSE
GOMF_GAMMA_CATENIN_BINDING,GOMF_GAMMA_CATENIN_BINDING,GO_MF,Tcon,SF_vs_PB_Tcon,1.17770266,0.533451209,0.281744806,0.616098023,7,2,CTNNA1/PTPRJ,up,FALSE
GOMF_HISTONE_H4K12_ACETYLTRANSFERASE_ACTIVITY,GOMF_HISTONE_H4K12_ACETYLTRANSFERASE_ACTIVITY,GO_MF,Tcon,SF_vs_PB_Tcon,-1.15400628,-0.432981436,0.281987762,0.616098023,12,6,ING4/KAT7/BRPF3/ING3/JADE1/KAT2A,down,FALSE
GOMF_1_PHOSPHATIDYLINOSITOL_4_PHOSPHATE_3_KINASE_ACTIVITY,GOMF_1_PHOSPHATIDYLINOSITOL_4_PHOSPHATE_3_KINASE_ACTIVITY,GO_MF,Tcon,SF_vs_PB_Tcon,1.18394689,0.561702006,0.281995115,0.616098023,6,1,PIK3CG,up,FALSE
GOMF_LIPOPEPTIDE_BINDING,GOMF_LIPOPEPTIDE_BINDING,GO_MF,Tcon,SF_vs_PB_Tcon,1.16547908,0.490255167,0.284012049,0.619175417,9,7,CD1C/CD1E/CD1B/TLR2/CD1A/CD1D/TLR10,up,FALSE
GOMF_HYALURONIC_ACID_BINDING,GOMF_HYALURONIC_ACID_BINDING,GO_MF,Tcon,SF_vs_PB_Tcon,1.16138674,0.474134006,0.284992276,0.619175417,10,4,CD44/LAYN/HYAL2/STAB1,up,FALSE
GOMF_PALMITOYLTRANSFERASE_ACTIVITY,GOMF_PALMITOYLTRANSFERASE_ACTIVITY,GO_MF,Tcon,SF_vs_PB_Tcon,1.12650988,0.339349997,0.285044547,0.619175417,32,16,SPTLC2/SPTSSA/ZDHHC12/ZDHHC11B/ZDHHC18/ZDHHC1/GLUL/ZDHHC11/ZDHHC23/ZDHHC5/ZDHHC13/ZDHHC16/SPTLC1/ZDHHC20/ZDHHC2/ZDHHC8,up,FALSE
GOMF_G_PROTEIN_COUPLED_PURINERGIC_NUCLEOTIDE_RECEPTOR_ACTIVITY,GOMF_G_PROTEIN_COUPLED_PURINERGIC_NUCLEOTIDE_RECEPTOR_ACTIVITY,GO_MF,Tcon,SF_vs_PB_Tcon,1.16868921,0.509378303,0.285250187,0.619175417,8,7,GPR171/P2RY14/P2RY6/P2RY13/PTAFR/P2RY11/GPR34,up,FALSE
GOMF_CLASS_I_DNA_APURINIC_OR_APYRIMIDINIC_SITE_ENDONUCLEASE_ACTIVITY,GOMF_CLASS_I_DNA_APURINIC_OR_APYRIMIDINIC_SITE_ENDONUCLEASE_ACTIVITY,GO_MF,Tcon,SF_vs_PB_Tcon,-1.16190084,-0.494361912,0.285863154,0.619175417,8,7,NEIL1/OGG1/NEIL2/ALKBH1/NTHL1/POLB/RPS3,down,FALSE
GOMF_INOSITOL_PHOSPHATE_PHOSPHATASE_ACTIVITY,GOMF_INOSITOL_PHOSPHATE_PHOSPHATASE_ACTIVITY,GO_MF,Tcon,SF_vs_PB_Tcon,-1.13263988,-0.373536234,0.28604408,0.619175417,19,7,BPNT1/OCRL/MINPP1/PTEN/INPP5B/INPP4A/INPP4B,down,FALSE
GOMF_PROTEIN_KINASE_A_REGULATORY_SUBUNIT_BINDING,GOMF_PROTEIN_KINASE_A_REGULATORY_SUBUNIT_BINDING,GO_MF,Tcon,SF_vs_PB_Tcon,1.1401077,0.385224942,0.286714962,0.619674274,20,7,EZR/GSKIP/AKAP5/RYR2/AKAP9/AKAP11/WASF2,up,FALSE
GOMF_LIGAND_GATED_CALCIUM_CHANNEL_ACTIVITY,GOMF_LIGAND_GATED_CALCIUM_CHANNEL_ACTIVITY,GO_MF,Tcon,SF_vs_PB_Tcon,1.14743627,0.418526427,0.287658376,0.620759717,15,8,ITPR2/ITPR3/ITPR1/TRPM2/RYR1/RYR2/MCOLN1/MCOLN2,up,FALSE
GOMF_HYDROLASE_ACTIVITY_ACTING_ON_GLYCOSYL_BONDS,GOMF_HYDROLASE_ACTIVITY_ACTING_ON_GLYCOSYL_BONDS,GO_MF,Tcon,SF_vs_PB_Tcon,1.09676591,0.274869336,0.288662416,0.620972998,79,21,MAN1A1/IL18RAP/NAGA/NEU1/HYAL3/EDEM1/IL18R1/HEXB/ADPRH/DNPH1/GUSB/GLA/NEIL3/MAN2A2/NAGLU/HYAL2/GLB1L2/FUCA1/PCNA/GLB1/GM2A,up,FALSE
GOMF_PRENYL_DIPHOSPHATE_SYNTHASE_ACTIVITY,GOMF_PRENYL_DIPHOSPHATE_SYNTHASE_ACTIVITY,GO_MF,Tcon,SF_vs_PB_Tcon,-1.16515407,-0.517537043,0.288754304,0.620972998,7,3,COX10/NUS1/GGPS1,down,FALSE
GOMF_SULFUR_COMPOUND_TRANSMEMBRANE_TRANSPORTER_ACTIVITY,GOMF_SULFUR_COMPOUND_TRANSMEMBRANE_TRANSPORTER_ACTIVITY,GO_MF,Tcon,SF_vs_PB_Tcon,1.11825705,0.323969154,0.289081246,0.620972998,38,20,SLC6A6/SLC1A4/SLC1A1/ABCC3/ABCC1/ABCD1/SLC25A19/SLC43A2/SLC36A1/CTNS/UCP2/SLC25A12/ABCC10/RALBP1/MFSD12/ABCC4/SLC16A6/SLC35B2/SLC26A6/SLC27A1,up,FALSE
GOMF_RNA_POLYMERASE_ACTIVITY,GOMF_RNA_POLYMERASE_ACTIVITY,GO_MF,Tcon,SF_vs_PB_Tcon,-1.11174105,-0.322407223,0.290135657,0.621508273,31,13,POLR2J2/POLR2C/POLR1C/POLR2B/POLR3C/POLR1D/PRIM2/TRNT1/POLR2H/POLR3G/POLR1B/PRIM1/POLR2J3,down,FALSE
GOMF_BETA_CATENIN_BINDING,GOMF_BETA_CATENIN_BINDING,GO_MF,Tcon,SF_vs_PB_Tcon,-1.09160005,-0.269007889,0.290213885,0.621508273,65,12,GSK3B/CDH23/SUFU/PXN/DCHS1/BCL9/BCL9L/AXIN2/LEF1/TCF7/VCL/KANK1,down,FALSE
GOMF_MACROMOLECULE_TRANSMEMBRANE_TRANSPORTER_ACTIVITY,GOMF_MACROMOLECULE_TRANSMEMBRANE_TRANSPORTER_ACTIVITY,GO_MF,Tcon,SF_vs_PB_Tcon,1.12601252,0.353450831,0.29168032,0.623699409,27,12,AP4M1/TIMM17A/SLC15A3/TOMM40L/SLC15A4/TIMM17B/TMED10/SEC61A2/SIDT2/TIMM23/MCL1/SEC61G,up,FALSE
GOMF_CARBOHYDRATE_PHOSPHATASE_ACTIVITY,GOMF_CARBOHYDRATE_PHOSPHATASE_ACTIVITY,GO_MF,Tcon,SF_vs_PB_Tcon,1.16055743,0.505834031,0.293170066,0.625933661,8,4,PFKFB3/IMPA1/FBP1/G6PC3,up,FALSE
GOMF_CHROMATIN_DNA_BINDING,GOMF_CHROMATIN_DNA_BINDING,GO_MF,Tcon,SF_vs_PB_Tcon,1.09153421,0.269807403,0.293882151,0.626287596,85,16,ACTN4/NOTCH1/EOMES/TOX2/SBNO2/BCL6/MBD2/NR1H2/TOX/PER1/EP300/STAT3/KLF4/CEBPA/RELA/EZH2,up,FALSE
GOMF_INOSITOL_BISPHOSPHATE_PHOSPHATASE_ACTIVITY,GOMF_INOSITOL_BISPHOSPHATE_PHOSPHATASE_ACTIVITY,GO_MF,Tcon,SF_vs_PB_Tcon,-1.15893013,-0.514772496,0.2944373,0.626287596,7,4,BPNT1/MINPP1/INPP4A/INPP4B,down,FALSE
GOMF_GALACTOSIDE_BINDING,GOMF_GALACTOSIDE_BINDING,GO_MF,Tcon,SF_vs_PB_Tcon,1.17006061,0.555113915,0.294808669,0.626287596,6,4,LGALS9C/LGALS2/GLB1/LGALS9B,up,FALSE
GOMF_POTASSIUM_ION_BINDING,GOMF_POTASSIUM_ION_BINDING,GO_MF,Tcon,SF_vs_PB_Tcon,1.1626809,0.526646966,0.295203522,0.626287596,7,4,PKM/ADPRH/PDXK/ACAT1,up,FALSE
GOMF_KINESIN_BINDING,GOMF_KINESIN_BINDING,GO_MF,Tcon,SF_vs_PB_Tcon,1.11517687,0.333563111,0.295617558,0.626287596,33,17,KIF1B/SNCA/PRC1/TOR1A/PLEKHM2/TOR1B/AP1G1/KIF18B/KIFAP3/KLC2/SPAG9/SPTBN5/STAU2/KTN1/CLSTN1/AP1AR/KIF5A,up,FALSE
GOMF_RECEPTOR_TYROSINE_KINASE_BINDING,GOMF_RECEPTOR_TYROSINE_KINASE_BINDING,GO_MF,Tcon,SF_vs_PB_Tcon,1.10270466,0.295706384,0.296221077,0.626287596,55,18,CD2/ITGAX/SQSTM1/GAB2/CBLB/RNF41/SH2B3/YWHAG/DUSP3/HYAL2/PITPNM1/DOCK4/ELMO2/BLNK/PCNA/PTPN14/PTPN1/NCK1,up,FALSE
GOMF_EUKARYOTIC_INITIATION_FACTOR_4E_BINDING,GOMF_EUKARYOTIC_INITIATION_FACTOR_4E_BINDING,GO_MF,Tcon,SF_vs_PB_Tcon,1.14957498,0.469311875,0.296683386,0.626287596,10,6,EIF4EBP1/HHEX/C8orf88/EIF4G1/OTX2/DDX3X,up,FALSE
GOMF_NUCLEAR_ESTROGEN_RECEPTOR_BINDING,GOMF_NUCLEAR_ESTROGEN_RECEPTOR_BINDING,GO_MF,Tcon,SF_vs_PB_Tcon,1.11811424,0.34528292,0.296896821,0.626287596,29,5,WIPI1/ARID5A/TACC1/NCOA1/TRIP4,up,FALSE
GOMF_1_4_ALPHA_OLIGOGLUCAN_PHOSPHORYLASE_ACTIVITY,GOMF_1_4_ALPHA_OLIGOGLUCAN_PHOSPHORYLASE_ACTIVITY,GO_MF,Tcon,SF_vs_PB_Tcon,1.17160246,0.588683548,0.29782579,0.626419712,5,1,TYMP,up,FALSE
GOMF_INOSITOL_1_4_5_TRISPHOSPHATE_BINDING,GOMF_INOSITOL_1_4_5_TRISPHOSPHATE_BINDING,GO_MF,Tcon,SF_vs_PB_Tcon,1.16663286,0.553487683,0.298201062,0.626419712,6,4,CYTH2/ITPR2/ITPR3/ITPR1,up,FALSE
GOMF_AMINOPHOSPHOLIPID_FLIPPASE_ACTIVITY,GOMF_AMINOPHOSPHOLIPID_FLIPPASE_ACTIVITY,GO_MF,Tcon,SF_vs_PB_Tcon,-1.15520258,-0.513116797,0.298295101,0.626419712,7,3,ATP11C/TMEM30B/ATP8A2,down,FALSE
GOMF_ACETYL_COA_C_ACYLTRANSFERASE_ACTIVITY,GOMF_ACETYL_COA_C_ACYLTRANSFERASE_ACTIVITY,GO_MF,Tcon,SF_vs_PB_Tcon,1.1572262,0.524176212,0.300397776,0.629895187,7,5,SCP2/ACAA2/ACAT1/ACAT2/HADHB,up,FALSE
GOMF_HISTONE_H3K4_DEMETHYLASE_ACTIVITY,GOMF_HISTONE_H3K4_DEMETHYLASE_ACTIVITY,GO_MF,Tcon,SF_vs_PB_Tcon,1.16321426,0.551865787,0.301438375,0.631136597,6,1,KDM5B,up,FALSE
GOMF_OLIGOSACCHARIDE_BINDING,GOMF_OLIGOSACCHARIDE_BINDING,GO_MF,Tcon,SF_vs_PB_Tcon,1.15569337,0.52348190000000006,0.301903916,0.63117208,7,2,LGALS3/LGALS1,up,FALSE
GOMF_PRE_MRNA_INTRONIC_BINDING,GOMF_PRE_MRNA_INTRONIC_BINDING,GO_MF,Tcon,SF_vs_PB_Tcon,-1.14355898,-0.486557874,0.303307559,0.63316578,8,5,PRPF8/RBM41/TARDBP/RBM4/RNPC3,down,FALSE
GOMF_PYRUVATE_TRANSMEMBRANE_TRANSPORTER_ACTIVITY,GOMF_PYRUVATE_TRANSMEMBRANE_TRANSPORTER_ACTIVITY,GO_MF,Tcon,SF_vs_PB_Tcon,1.16582264,0.58577942,0.303862007,0.633383472,5,3,SLC16A3/MPC1/MPC2,up,FALSE
GOMF_NON_MEMBRANE_SPANNING_PROTEIN_TYROSINE_PHOSPHATASE_ACTIVITY,GOMF_NON_MEMBRANE_SPANNING_PROTEIN_TYROSINE_PHOSPHATASE_ACTIVITY,GO_MF,Tcon,SF_vs_PB_Tcon,1.13465228,0.439983314,0.306065602,0.636649414,12,6,PTPN22/PTPN7/DUSP22/PTPN12/PTPN9/PTPN1,up,FALSE
GOMF_ALCOHOL_DEHYDROGENASE_NADPLUS_ACTIVITY,GOMF_ALCOHOL_DEHYDROGENASE_NADPLUS_ACTIVITY,GO_MF,Tcon,SF_vs_PB_Tcon,1.13984924,0.465341358,0.306333797,0.636649414,10,4,DHRS3/DHRS9/AKR1C3/RDH10,up,FALSE
GOMF_TRANSCRIPTION_COREGULATOR_BINDING,GOMF_TRANSCRIPTION_COREGULATOR_BINDING,GO_MF,Tcon,SF_vs_PB_Tcon,1.07801216,0.258182365,0.309136753,0.641527155,103,31,PPARG/NR5A2/RXRA/ENO1/RUNX3/BCL6/PER1/FAM89B/EPAS1/ZBTB17/EED/TWIST1/EP300/PPARA/HIF1A/JUND/CREB3/MED25/KLF4/ATF7/TP73/FOS/ZBTB49/RELA/EZH2/UBE2I/LMO2/VGLL4/AHR/RARA/CIT,up,FALSE
GOMF_POLY_G_BINDING,GOMF_POLY_G_BINDING,GO_MF,Tcon,SF_vs_PB_Tcon,1.14159596,0.497569594,0.311105131,0.64282488,8,2,ATXN1/PATL1,up,FALSE
GOMF_ATP_DEPENDENT_CHROMATIN_REMODELER_ACTIVITY,GOMF_ATP_DEPENDENT_CHROMATIN_REMODELER_ACTIVITY,GO_MF,Tcon,SF_vs_PB_Tcon,-1.10849167,-0.355804325,0.311115,0.64282488,21,3,CHD2/CHD7/MORC2,down,FALSE
GOMF_NEUROTRANSMITTER_RECEPTOR_ACTIVITY,GOMF_NEUROTRANSMITTER_RECEPTOR_ACTIVITY,GO_MF,Tcon,SF_vs_PB_Tcon,-1.11896512,-0.401054485,0.31143946,0.64282488,14,4,HTR6/HRH2/GABBR1/HRH4,down,FALSE
GOMF_HISTONE_H3K27ME2_H3K27ME3_DEMETHYLASE_ACTIVITY,GOMF_HISTONE_H3K27ME2_H3K27ME3_DEMETHYLASE_ACTIVITY,GO_MF,Tcon,SF_vs_PB_Tcon,-1.15731731,-0.572504964,0.311589601,0.64282488,5,4,PHF8/KDM7A/KDM6A/UTY,down,FALSE
GOMF_FERROUS_IRON_BINDING,GOMF_FERROUS_IRON_BINDING,GO_MF,Tcon,SF_vs_PB_Tcon,-1.10642893,-0.359884297,0.313990339,0.646829294,20,6,ALKBH3/FTL/EGLN3/CDO1/ALKBH2/FXN,down,FALSE
GOMF_PEPTIDASE_ACTIVATOR_ACTIVITY_INVOLVED_IN_APOPTOTIC_PROCESS,GOMF_PEPTIDASE_ACTIVATOR_ACTIVITY_INVOLVED_IN_APOPTOTIC_PROCESS,GO_MF,Tcon,SF_vs_PB_Tcon,-1.12270268,-0.445811406,0.316971137,0.651176121,10,3,BCL2L13/EBAG9/MAL,down,FALSE
GOMF_CARBONYL_REDUCTASE_NADPH_ACTIVITY,GOMF_CARBONYL_REDUCTASE_NADPH_ACTIVITY,GO_MF,Tcon,SF_vs_PB_Tcon,-1.13505563,-0.504167947,0.317127805,0.651176121,7,3,CBR3/DHRS4L2/DCXR,down,FALSE
GOMF_PHOSPHATASE_ACTIVATOR_ACTIVITY,GOMF_PHOSPHATASE_ACTIVATOR_ACTIVITY,GO_MF,Tcon,SF_vs_PB_Tcon,1.1058931,0.357382175,0.317488855,0.651176121,24,6,ITGA1/B3GAT3/GNA12/PPP1R15A/CD33/CALM2,up,FALSE
GOMF_NADPLUS_PROTEIN_LYSINE_ADP_RIBOSYLTRANSFERASE_ACTIVITY,GOMF_NADPLUS_PROTEIN_LYSINE_ADP_RIBOSYLTRANSFERASE_ACTIVITY,GO_MF,Tcon,SF_vs_PB_Tcon,-1.15126084,-0.569508937,0.318022577,0.651321347,5,4,PARP10/PARP16/PARP11/PARP3,down,FALSE
GOMF_HEPARAN_SULFATE_PROTEOGLYCAN_BINDING,GOMF_HEPARAN_SULFATE_PROTEOGLYCAN_BINDING,GO_MF,Tcon,SF_vs_PB_Tcon,-1.11672401,-0.418993184,0.319845857,0.654103374,12,4,CFH/APP/SEMA5A/FST,down,FALSE
GOMF_LIGAND_GATED_MONOATOMIC_ANION_CHANNEL_ACTIVITY,GOMF_LIGAND_GATED_MONOATOMIC_ANION_CHANNEL_ACTIVITY,GO_MF,Tcon,SF_vs_PB_Tcon,1.12541064,0.459446828,0.321171781,0.654669011,10,6,TTYH3/ANO7/ANO8/ANO9/BEST1/P2RX5,up,FALSE
GOMF_RIBONUCLEOPROTEIN_COMPLEX_BINDING,GOMF_RIBONUCLEOPROTEIN_COMPLEX_BINDING,GO_MF,Tcon,SF_vs_PB_Tcon,-1.0513699,-0.221719345,0.321399644,0.654669011,161,46,RBM39/CBX5/MCTS1/ERAL1/SND1/NEMF/GUF1/SMG6/DDX5/RPLP1/PRPF6/LEMD3/SNRNP70/ZNF622/CSDE1/NAA15/TACO1/MALSU1/SERBP1/IFRD2/OXA1L/C1QBP/FXR1/CPSF6/MRRF/PPIH/SRP68/PTCD3/WDR12/IMPACT/SNRPN/GEMIN4/NMD3/EIF3K/LETMD1/PRMT7/SECISBP2/SNRPA/EEFSEC/ABCE1/GTPBP10/NPM1/G3BP1/EEF2/RPSA/EIF2A,down,FALSE
GOMF_OXIDOREDUCTASE_ACTIVITY_ACTING_ON_THE_CH_NH_GROUP_OF_DONORS,GOMF_OXIDOREDUCTASE_ACTIVITY_ACTING_ON_THE_CH_NH_GROUP_OF_DONORS,GO_MF,Tcon,SF_vs_PB_Tcon,1.11202052,0.392126826,0.321518328,0.654669011,17,8,MTHFD2/SMOX/MTHFD1L/PAOX/BLVRB/SARDH/AIFM2/MTHFD1,up,FALSE
GOMF_MHC_CLASS_I_PROTEIN_COMPLEX_BINDING,GOMF_MHC_CLASS_I_PROTEIN_COMPLEX_BINDING,GO_MF,Tcon,SF_vs_PB_Tcon,1.14643077,0.57603578,0.322986462,0.656708024,5,3,TAPBP/CD8A/KLRC1,up,FALSE
GOMF_FUCOSYLTRANSFERASE_ACTIVITY,GOMF_FUCOSYLTRANSFERASE_ACTIVITY,GO_MF,Tcon,SF_vs_PB_Tcon,1.12889937,0.492035728,0.323907653,0.657630689,8,4,POFUT2/FUT11/FUT8/FUT4,up,FALSE
GOMF_CERAMIDE_BINDING,GOMF_CERAMIDE_BINDING,GO_MF,Tcon,SF_vs_PB_Tcon,1.11470391,0.422992425,0.325600287,0.659012083,13,9,VDAC1/PSAP/GLTP/MAP1LC3B/PLA2G4A/PLTP/CD300LF/RTN4R/LAPTM4B,up,FALSE
GOMF_REGULATORY_RNA_BINDING,GOMF_REGULATORY_RNA_BINDING,GO_MF,Tcon,SF_vs_PB_Tcon,-1.08064906,-0.29844085,0.326307126,0.659012083,38,8,PUM1/ZNF346/RC3H1/RBM4/MATR3/HNRNPA1/CNOT7/YBX1,down,FALSE
GOMF_DENEDDYLASE_ACTIVITY,GOMF_DENEDDYLASE_ACTIVITY,GO_MF,Tcon,SF_vs_PB_Tcon,-1.13349626,-0.528721946,0.326951277,0.659012083,6,4,UCHL3/USP21/COPS5/SENP8,down,FALSE
GOMF_FLAP_ENDONUCLEASE_ACTIVITY,GOMF_FLAP_ENDONUCLEASE_ACTIVITY,GO_MF,Tcon,SF_vs_PB_Tcon,1.12074891,0.471439557,0.327461298,0.659012083,9,3,MGME1/FEN1/GEN1,up,FALSE
GOMF_CYTOCHROME_C_OXIDASE_ACTIVITY,GOMF_CYTOCHROME_C_OXIDASE_ACTIVITY,GO_MF,Tcon,SF_vs_PB_Tcon,-1.11128451,-0.427937327,0.327988369,0.659012083,11,5,MT-CO2/MT-CO3/COX4I1/SURF1/COX7A2L,down,FALSE
GOMF_FIBROBLAST_GROWTH_FACTOR_BINDING,GOMF_FIBROBLAST_GROWTH_FACTOR_BINDING,GO_MF,Tcon,SF_vs_PB_Tcon,1.10759903,0.396854953,0.328118867,0.659012083,16,6,CXCL13/GPC1/FIBP/THBS1/ITGAV/TGFBR3,up,FALSE
GOMF_MANGANESE_ION_BINDING,GOMF_MANGANESE_ION_BINDING,GO_MF,Tcon,SF_vs_PB_Tcon,1.07855813,0.287137933,0.328314194,0.659012083,57,16,GYG1/GALNT3/LAP3/PCK2/GALNT1/NUDT16/IDI1/NPEPL1/GALNT2/FEN1/GALNT4/FAM20C/ATP13A2/ARG2/PPM1A/MGAT1,up,FALSE
GOMF_MAP_KINASE_KINASE_KINASE_KINASE_ACTIVITY,GOMF_MAP_KINASE_KINASE_KINASE_KINASE_ACTIVITY,GO_MF,Tcon,SF_vs_PB_Tcon,-1.13203866,-0.528042042,0.328335089,0.659012083,6,5,MAP4K2/MAP4K3/MAP4K4/MAP4K5/MAP3K7,down,FALSE
GOMF_LAMIN_BINDING,GOMF_LAMIN_BINDING,GO_MF,Tcon,SF_vs_PB_Tcon,1.10636143,0.403544413,0.332219615,0.665385791,15,5,PRNP/NARF/IFI27/SUN1/BNIP3L,up,FALSE
GOMF_TETRAPYRROLE_BINDING,GOMF_TETRAPYRROLE_BINDING,GO_MF,Tcon,SF_vs_PB_Tcon,1.07165941,0.274265441,0.33245644,0.665385791,70,26,TBXAS1/TCN1/CYP4F22/CYP2R1/CYP2S1/TCN2/PTGS1/CYBB/CYBA/PGRMC1/FLVCR2/SUOX/SRC/FECH/STEAP3/HMOX1/DGCR8/BACH1/HCCS/CYP51A1/CYB561D2/CYB5B/CYCS/HMOX2/JAK2/CYB5R4,up,FALSE
GOMF_INTERLEUKIN_1_RECEPTOR_BINDING,GOMF_INTERLEUKIN_1_RECEPTOR_BINDING,GO_MF,Tcon,SF_vs_PB_Tcon,1.11941355,0.487901291,0.333173142,0.665695744,8,3,MYD88/IL1RN/TOLLIP,up,FALSE
GOMF_CYCLOSPORIN_A_BINDING,GOMF_CYCLOSPORIN_A_BINDING,GO_MF,Tcon,SF_vs_PB_Tcon,-1.10670359,-0.439458364,0.333557569,0.665695744,10,8,PPIAL4G/PPID/PPIA/PPIAL4D/PPIG/NKTR/PPIE/PPIH,down,FALSE
GOMF_CARDIOLIPIN_BINDING,GOMF_CARDIOLIPIN_BINDING,GO_MF,Tcon,SF_vs_PB_Tcon,1.11434463,0.46874562,0.334229391,0.666091718,9,1,PLEKHN1,up,FALSE
GOMF_U6_SNRNA_BINDING,GOMF_U6_SNRNA_BINDING,GO_MF,Tcon,SF_vs_PB_Tcon,-1.09922708,-0.402730344,0.336420999,0.669511097,13,8,LSM7/TUT1/DDX39B/PRPF8/EIF5A/LSM3/LSM4/METTL16,down,FALSE
GOMF_ALCOHOL_TRANSMEMBRANE_TRANSPORTER_ACTIVITY,GOMF_ALCOHOL_TRANSMEMBRANE_TRANSPORTER_ACTIVITY,GO_MF,Tcon,SF_vs_PB_Tcon,1.13246762,0.56901985,0.337266316,0.670245349,5,2,MFSD10/FLVCR2,up,FALSE
GOMF_ATPASE_COUPLED_INTRAMEMBRANE_LIPID_TRANSPORTER_ACTIVITY,GOMF_ATPASE_COUPLED_INTRAMEMBRANE_LIPID_TRANSPORTER_ACTIVITY,GO_MF,Tcon,SF_vs_PB_Tcon,1.089323,0.35564855,0.338605967,0.671958527,23,11,ATP10D/ATP8B4/ATP9A/ABCB1/ABCA2/ATP11B/ATP8B3/ABCG1/ABCA3/TMEM30A/ATP11A,up,FALSE
GOMF_PROTEIN_CONTAINING_COMPLEX_STABILIZING_ACTIVITY,GOMF_PROTEIN_CONTAINING_COMPLEX_STABILIZING_ACTIVITY,GO_MF,Tcon,SF_vs_PB_Tcon,1.12918281,0.567369366,0.34107558,0.675906114,5,1,MAP4,up,FALSE
GOMF_CHLORIDE_ION_BINDING,GOMF_CHLORIDE_ION_BINDING,GO_MF,Tcon,SF_vs_PB_Tcon,1.12307798,0.532823862,0.341643081,0.676020509,6,3,NUDT16/CTSC/NQO2,up,FALSE
GOMF_PROTEIN_KINASE_A_CATALYTIC_SUBUNIT_BINDING,GOMF_PROTEIN_KINASE_A_CATALYTIC_SUBUNIT_BINDING,GO_MF,Tcon,SF_vs_PB_Tcon,1.10286226,0.438609265,0.342094245,0.676020509,11,2,EZR/PRKAR1A,up,FALSE
GOMF_ARYLSULFATASE_ACTIVITY,GOMF_ARYLSULFATASE_ACTIVITY,GO_MF,Tcon,SF_vs_PB_Tcon,1.10870017,0.483231817,0.344072586,0.678976337,8,3,ARSA/ARSD/STS,up,FALSE
GOMF_SIGNAL_RECOGNITION_PARTICLE_BINDING,GOMF_SIGNAL_RECOGNITION_PARTICLE_BINDING,GO_MF,Tcon,SF_vs_PB_Tcon,1.11259874,0.503961795,0.346084035,0.679965975,7,2,DERL1/RHBDD2,up,FALSE
GOMF_SNRNP_BINDING,GOMF_SNRNP_BINDING,GO_MF,Tcon,SF_vs_PB_Tcon,-1.09593585,-0.435182627,0.346233892,0.679965975,10,5,RBM39/LEMD3/SNRNP70/SNRPN/SNRPA,down,FALSE
GOMF_C3HC4_TYPE_RING_FINGER_DOMAIN_BINDING,GOMF_C3HC4_TYPE_RING_FINGER_DOMAIN_BINDING,GO_MF,Tcon,SF_vs_PB_Tcon,1.12419078,0.564861072,0.34629134,0.679965975,5,3,HSPA1A/HSPA1B/PINK1,up,FALSE
GOMF_LIGAND_GATED_CHANNEL_ACTIVITY,GOMF_LIGAND_GATED_CHANNEL_ACTIVITY,GO_MF,Tcon,SF_vs_PB_Tcon,1.06661177,0.286027547,0.347081185,0.679965975,55,22,KCNN4/SLC1A5/TTYH3/ITPR2/ITPR3/CHRNA5/ITPR1/TRPM2/RYR1/RYR2/CHRNE/CHRFAM7A/CHRNB1/MCOLN1/ANO7/ANO8/MCOLN2/CATSPER1/CHRNA6/TRPM4/KCNMA1/TMEM63B,up,FALSE
GOMF_SINGLE_STRANDED_DNA_EXODEOXYRIBONUCLEASE_ACTIVITY,GOMF_SINGLE_STRANDED_DNA_EXODEOXYRIBONUCLEASE_ACTIVITY,GO_MF,Tcon,SF_vs_PB_Tcon,1.09909813,0.448704795,0.347853451,0.679965975,10,8,MGME1/PLD4/POLG/POLE/ISG20/EXO1/PLD3/EXO5,up,FALSE
GOMF_RIBOSOME_BINDING,GOMF_RIBOSOME_BINDING,GO_MF,Tcon,SF_vs_PB_Tcon,-1.04738884,-0.237311778,0.347942035,0.679965975,102,22,NAA15/TACO1/MALSU1/SERBP1/IFRD2/OXA1L/C1QBP/CPSF6/MRRF/SRP68/PTCD3/IMPACT/NMD3/EIF3K/LETMD1/ABCE1/GTPBP10/NPM1/G3BP1/EEF2/RPSA/EIF2A,down,FALSE
GOMF_THIAMINE_PYROPHOSPHATE_BINDING,GOMF_THIAMINE_PYROPHOSPHATE_BINDING,GO_MF,Tcon,SF_vs_PB_Tcon,-1.11242536,-0.518893372,0.348038912,0.679965975,6,3,TKT/HACL1/TKTL1,down,FALSE
GOMF_ACTIVIN_RECEPTOR_ACTIVITY_TYPE_I,GOMF_ACTIVIN_RECEPTOR_ACTIVITY_TYPE_I,GO_MF,Tcon,SF_vs_PB_Tcon,-1.11174679,-0.518576852,0.348617221,0.679965975,6,5,ACVR2A/ACVR1B/TGFBR2/ACVR1C/ACVR1,down,FALSE
GOMF_ACETYLCHOLINE_RECEPTOR_BINDING,GOMF_ACETYLCHOLINE_RECEPTOR_BINDING,GO_MF,Tcon,SF_vs_PB_Tcon,-1.10335169,-0.49008572,0.348923549,0.679965975,7,2,APP/RIC3,down,FALSE
GOMF_TRANSLATION_REGULATOR_ACTIVITY,GOMF_TRANSLATION_REGULATOR_ACTIVITY,GO_MF,Tcon,SF_vs_PB_Tcon,-1.05727715,-0.273589765,0.350100463,0.681315838,51,14,PRKCH/SERBP1/IFRD2/FXR1/EIF4EBP2/CELF1/PAIP2B/ZNF540/PABPC1/ACO1/RPL10/AIRE/EIF4EBP3/NEURL1,down,FALSE
GOMF_POLY_ADP_D_RIBOSE_BINDING,GOMF_POLY_ADP_D_RIBOSE_BINDING,GO_MF,Tcon,SF_vs_PB_Tcon,-1.1184414,-0.553273723,0.351027432,0.682176239,5,4,RNF146/AIFM1/XRCC1/APLF,down,FALSE
GOMF_METAL_ION_SENSOR_ACTIVITY,GOMF_METAL_ION_SENSOR_ACTIVITY,GO_MF,Tcon,SF_vs_PB_Tcon,1.09909895,0.479047084,0.354529901,0.686399174,8,1,SYT11,up,FALSE
GOMF_TELOMERIC_DNA_BINDING,GOMF_TELOMERIC_DNA_BINDING,GO_MF,Tcon,SF_vs_PB_Tcon,-1.06151401,-0.297132601,0.35567304,0.686399174,36,16,UPF2/NCL/HMBOX1/PURA/KDM1A/XRCC5/TERF1/SMG6/CTC1/SMG7/RPA2/TERF2IP/POT1/HNRNPA1/ZBTB10/APEX1,down,FALSE
GOMF_VINCULIN_BINDING,GOMF_VINCULIN_BINDING,GO_MF,Tcon,SF_vs_PB_Tcon,1.09125325,0.445502137,0.355997177,0.686399174,10,4,CTNNA1/DAG1/DMD/TLN1,up,FALSE
GOMF_I_SMAD_BINDING,GOMF_I_SMAD_BINDING,GO_MF,Tcon,SF_vs_PB_Tcon,1.08575885,0.403841752,0.356174457,0.686399174,14,4,SMAD7/TGFB1I1/SMURF1/FKBP1A,up,FALSE
GOMF_CYSTEINE_TYPE_ENDOPEPTIDASE_REGULATOR_ACTIVITY_INVOLVED_IN_APOPTOTIC_PROCESS,GOMF_CYSTEINE_TYPE_ENDOPEPTIDASE_REGULATOR_ACTIVITY_INVOLVED_IN_APOPTOTIC_PROCESS,GO_MF,Tcon,SF_vs_PB_Tcon,1.07721136,0.359709029,0.356775774,0.686399174,21,6,TNFSF14/ATP2A3/BID/NOL3/APAF1/PRDX5,up,FALSE
GOMF_CYCLIN_BINDING,GOMF_CYCLIN_BINDING,GO_MF,Tcon,SF_vs_PB_Tcon,1.06904293,0.33262274,0.357089654,0.686399174,28,4,CDKN1A/CDK2/CDK1/NDC80,up,FALSE
GOMF_EXTRACELLULAR_MATRIX_STRUCTURAL_CONSTITUENT,GOMF_EXTRACELLULAR_MATRIX_STRUCTURAL_CONSTITUENT,GO_MF,Tcon,SF_vs_PB_Tcon,1.06022341,0.292332272,0.357949472,0.686399174,48,16,TGFBI/FGL2/FN1/OGN/EMILIN2/COL5A1/COL9A2/THBS1/TUFT1/IGFBP7/CD4/ECM1/LAMA5/SPARC/COL8A2/MMRN1,up,FALSE
GOMF_COMPLEMENT_RECEPTOR_ACTIVITY,GOMF_COMPLEMENT_RECEPTOR_ACTIVITY,GO_MF,Tcon,SF_vs_PB_Tcon,-1.0870112,-0.446350819,0.358065195,0.686399174,9,2,CR1/CR2,down,FALSE
GOMF_HEXOKINASE_ACTIVITY,GOMF_HEXOKINASE_ACTIVITY,GO_MF,Tcon,SF_vs_PB_Tcon,-1.10227961,-0.514160866,0.358386517,0.686399174,6,3,GCK/POMK/HKDC1,down,FALSE
GOMF_OXIDOREDUCTASE_ACTIVITY_ACTING_ON_PAIRED_DONORS_WITH_INCORPORATION_OR_REDUCTION_OF_MOLECULAR_OXYGEN_NAD_P_H_AS_ONE_DONOR_AND_INCORPORATION_OF_ONE_ATOM_OF_OXYGEN,GOMF_OXIDOREDUCTASE_ACTIVITY_ACTING_ON_PAIRED_DONORS_WITH_INCORPORATION_OR_REDUCTION_OF_MOLECULAR_OXYGEN_NAD_P_H_AS_ONE_DONOR_AND_INCORPORATION_OF_ONE_ATOM_OF_OXYGEN,GO_MF,Tcon,SF_vs_PB_Tcon,1.07820532,0.374354719,0.358552937,0.686399174,18,6,MICAL1/SQLE/MICAL2/AKR1C3/CYP51A1/KMO,up,FALSE
GOMF_1_PHOSPHATIDYLINOSITOL_4_PHOSPHATE_5_KINASE_ACTIVITY,GOMF_1_PHOSPHATIDYLINOSITOL_4_PHOSPHATE_5_KINASE_ACTIVITY,GO_MF,Tcon,SF_vs_PB_Tcon,1.09514528,0.47732386,0.358566733,0.686399174,8,3,PIP4K2C/PIP5KL1/PIP5K1C,up,FALSE
GOMF_COA_LIGASE_ACTIVITY,GOMF_COA_LIGASE_ACTIVITY,GO_MF,Tcon,SF_vs_PB_Tcon,1.07774209,0.374193886,0.359110071,0.686505258,18,5,SLC27A2/ACSL1/SLC27A4/ACSL4/ACSL5,up,FALSE
GOMF_ADENYLATE_CYCLASE_REGULATOR_ACTIVITY,GOMF_ADENYLATE_CYCLASE_REGULATOR_ACTIVITY,GO_MF,Tcon,SF_vs_PB_Tcon,1.09355354,0.476630092,0.359931566,0.687142081,8,4,RGS2/GNAZ/CALM2/GNAS,up,FALSE
GOMF_OXIDIZED_DNA_BINDING,GOMF_OXIDIZED_DNA_BINDING,GO_MF,Tcon,SF_vs_PB_Tcon,-1.08117195,-0.416341475,0.360605997,0.687496799,11,7,OGG1/XRCC1/MSH2/MUTYH/POT1/MSH3/RPS3,down,FALSE
GOMF_AMP_KINASE_ACTIVITY,GOMF_AMP_KINASE_ACTIVITY,GO_MF,Tcon,SF_vs_PB_Tcon,-1.09852552,-0.51240976,0.362021604,0.688249844,6,2,AK9/AK5,down,FALSE
GOMF_RETROMER_COMPLEX_BINDING,GOMF_RETROMER_COMPLEX_BINDING,GO_MF,Tcon,SF_vs_PB_Tcon,-1.08708633,-0.462530067,0.36268523,0.688249844,8,3,TBC1D5/M6PR/RCSD1,down,FALSE
GOMF_METALLOENDOPEPTIDASE_ACTIVITY,GOMF_METALLOENDOPEPTIDASE_ACTIVITY,GO_MF,Tcon,SF_vs_PB_Tcon,-1.05142485,-0.274327544,0.36368942,0.688249844,49,15,YME1L1/ADAM22/ACE/MMEL1/SPG7/MMP28/ADAMTS6/ADAMTS17/PMPCB/UQCRC2/MMP11/OMA1/ADAMTS10/ADAM23/TRABD2A,down,FALSE
GOMF_METALLOCARBOXYPEPTIDASE_ACTIVITY,GOMF_METALLOCARBOXYPEPTIDASE_ACTIVITY,GO_MF,Tcon,SF_vs_PB_Tcon,-1.07177294,-0.384140073,0.363707978,0.688249844,14,7,AGBL3/ACE/AGBL2/CPA5/AGTPBP1/AEBP1/PEPD,down,FALSE
GOMF_SERINE_TYPE_CARBOXYPEPTIDASE_ACTIVITY,GOMF_SERINE_TYPE_CARBOXYPEPTIDASE_ACTIVITY,GO_MF,Tcon,SF_vs_PB_Tcon,1.1083912,0.556922411,0.363813952,0.688249844,5,3,CPVL/CPD/PRCP,up,FALSE
GOMF_ADENYLATE_CYCLASE_BINDING,GOMF_ADENYLATE_CYCLASE_BINDING,GO_MF,Tcon,SF_vs_PB_Tcon,1.10119071,0.522439849,0.363935952,0.688249844,6,4,AKAP5/ADRB2/CALM2/CAP1,up,FALSE
GOMF_MOLECULAR_CONDENSATE_SCAFFOLD_ACTIVITY,GOMF_MOLECULAR_CONDENSATE_SCAFFOLD_ACTIVITY,GO_MF,Tcon,SF_vs_PB_Tcon,1.05887125,0.303251812,0.365440551,0.69016759,40,8,LGALS3/PRNP/CEP112/PGLYRP2/NLRP3/WNK1/G3BP2/SQSTM1,up,FALSE
GOMF_PROTEIN_SERINE_THREONINE_KINASE_BINDING,GOMF_PROTEIN_SERINE_THREONINE_KINASE_BINDING,GO_MF,Tcon,SF_vs_PB_Tcon,1.06621216,0.344558821,0.366600011,0.691429243,24,8,CDKN1A/RIPK3/IRF5/CAB39/SLC12A4/CDC6/MAPRE1/FERMT2,up,FALSE
GOMF_NOTCH_BINDING,GOMF_NOTCH_BINDING,GO_MF,Tcon,SF_vs_PB_Tcon,1.07485662,0.392053062,0.367226654,0.691683939,15,5,NOTCH1/JAG2/NCOR2/ADAM17/KCTD10,up,FALSE
GOMF_O_METHYLTRANSFERASE_ACTIVITY,GOMF_O_METHYLTRANSFERASE_ACTIVITY,GO_MF,Tcon,SF_vs_PB_Tcon,-1.06103617,-0.345119552,0.368522283,0.691696277,20,3,TRMT13/PCMTD2/FBL,down,FALSE
GOMF_INOSITOL_TETRAKISPHOSPHATE_PHOSPHATASE_ACTIVITY,GOMF_INOSITOL_TETRAKISPHOSPHATE_PHOSPHATASE_ACTIVITY,GO_MF,Tcon,SF_vs_PB_Tcon,-1.08448014,-0.481703372,0.368979964,0.691696277,7,4,OCRL/MINPP1/PTEN/INPP5B,down,FALSE
GOMF_MITOGEN_ACTIVATED_PROTEIN_KINASE_P38_BINDING,GOMF_MITOGEN_ACTIVATED_PROTEIN_KINASE_P38_BINDING,GO_MF,Tcon,SF_vs_PB_Tcon,1.09612182,0.520035004,0.369150545,0.691696277,6,1,DUSP10,up,FALSE
GOMF_PROTEIN_CARRIER_CHAPERONE,GOMF_PROTEIN_CARRIER_CHAPERONE,GO_MF,Tcon,SF_vs_PB_Tcon,1.05615549,0.302474039,0.369342367,0.691696277,40,9,MYD88/CLU/EMC7/JDP2/SPTY2D1/EMC3/ANP32E/MTCH2/EMC9,up,FALSE
GOMF_HISTONE_H4R3_METHYLTRANSFERASE_ACTIVITY,GOMF_HISTONE_H4R3_METHYLTRANSFERASE_ACTIVITY,GO_MF,Tcon,SF_vs_PB_Tcon,-1.10100757,-0.544649506,0.369691258,0.691696277,5,4,PRMT6/PRMT5/PRMT3/PRMT7,down,FALSE
GOMF_1_ALKYL_2_ACETYLGLYCEROPHOSPHOCHOLINE_ESTERASE_ACTIVITY,GOMF_1_ALKYL_2_ACETYLGLYCEROPHOSPHOCHOLINE_ESTERASE_ACTIVITY,GO_MF,Tcon,SF_vs_PB_Tcon,1.09145322,0.517820071,0.373958051,0.698750302,6,2,PAFAH1B2/LCAT,up,FALSE
GOMF_MYOSIN_V_BINDING,GOMF_MYOSIN_V_BINDING,GO_MF,Tcon,SF_vs_PB_Tcon,1.06992916,0.406001924,0.374548958,0.698926239,13,9,RAB27A/RAB11A/RAB27B/RAB10/RAB8A/RAB6B/RAB3D/RAB14/RAB6A,up,FALSE
GOMF_AMINOPEPTIDASE_ACTIVITY,GOMF_AMINOPEPTIDASE_ACTIVITY,GO_MF,Tcon,SF_vs_PB_Tcon,-1.04813137,-0.29963121,0.375842112,0.7004104,33,8,DNPEP/KDM8/BLMH/ERAP2/PEPD/LTA4H/TPP2/METAP1D,down,FALSE
GOMF_PHOSPHATIDYLSERINE_FLIPPASE_ACTIVITY,GOMF_PHOSPHATIDYLSERINE_FLIPPASE_ACTIVITY,GO_MF,Tcon,SF_vs_PB_Tcon,-1.09369605,-0.541032623,0.377271517,0.702144212,5,4,ATP8B1/ATP8A1/ATP11C/ATP8A2,down,FALSE
GOMF_ALKALI_METAL_ION_BINDING,GOMF_ALKALI_METAL_ION_BINDING,GO_MF,Tcon,SF_vs_PB_Tcon,1.0686981,0.425022148,0.379148904,0.704706087,11,5,PKM/ADPRH/PDXK/ACAT1/IMPA1,up,FALSE
GOMF_HISTONE_UBIQUITIN_LIGASE_ACTIVITY,GOMF_HISTONE_UBIQUITIN_LIGASE_ACTIVITY,GO_MF,Tcon,SF_vs_PB_Tcon,1.06458744,0.403974919,0.380802146,0.706147014,13,5,DTX3L/BARD1/PCGF3/TRIM37/UBR2,up,FALSE
GOMF_DNA_EXONUCLEASE_ACTIVITY,GOMF_DNA_EXONUCLEASE_ACTIVITY,GO_MF,Tcon,SF_vs_PB_Tcon,1.05547786,0.341089906,0.38092792,0.706147014,24,16,NME7/MGME1/DCLRE1A/FEN1/PLD4/POLG/REXO2/DCLRE1C/POLE/TREX1/ISG20/EXO1/PLD3/EXO5/NME1/APEX2,up,FALSE
GOMF_MAP_KINASE_ACTIVITY,GOMF_MAP_KINASE_ACTIVITY,GO_MF,Tcon,SF_vs_PB_Tcon,1.06332979,0.395499393,0.381818867,0.706867298,14,4,MAPK11/MAPK7/MAPK1/MAPK6,up,FALSE
GOMF_INTRACELLULARLY_CALCIUM_GATED_CHLORIDE_CHANNEL_ACTIVITY,GOMF_INTRACELLULARLY_CALCIUM_GATED_CHLORIDE_CHANNEL_ACTIVITY,GO_MF,Tcon,SF_vs_PB_Tcon,1.07002145,0.45010121,0.382578357,0.70734264,9,5,TTYH3/ANO7/ANO8/ANO9/BEST1,up,FALSE
GOMF_HISTONE_H3K36ME3_READER_ACTIVITY,GOMF_HISTONE_H3K36ME3_READER_ACTIVITY,GO_MF,Tcon,SF_vs_PB_Tcon,-1.07708318,-0.502407932,0.3831712,0.70739292,6,3,MTF2/PHF1/PWWP2A,down,FALSE
GOMF_ARACHIDONATE_MONOOXYGENASE_ACTIVITY,GOMF_ARACHIDONATE_MONOOXYGENASE_ACTIVITY,GO_MF,Tcon,SF_vs_PB_Tcon,1.08847523,0.546915427,0.384071419,0.70739292,5,1,CYP2S1,up,FALSE
GOMF_NAD_BINDING,GOMF_NAD_BINDING,GO_MF,Tcon,SF_vs_PB_Tcon,-1.03743626,-0.269492544,0.384113853,0.70739292,50,12,QDPR/ZC3HAV1/RNLS/NNT/SIRT7/HSD17B8/SIRT5/HIBADH/ME2/PHGDH/SIRT4/LDHB,down,FALSE
GOMF_TITIN_BINDING,GOMF_TITIN_BINDING,GO_MF,Tcon,SF_vs_PB_Tcon,-1.06644101,-0.453745964,0.384881516,0.707740131,8,4,CAPN3/OBSCN/CALM3/CAMK2D,down,FALSE
GOMF_INSULIN_RECEPTOR_BINDING,GOMF_INSULIN_RECEPTOR_BINDING,GO_MF,Tcon,SF_vs_PB_Tcon,-1.05246415,-0.357861777,0.385308415,0.707740131,17,7,IRS2/IRS1/PHIP/PIK3R1/SNX2/IGF1R/APP,down,FALSE
GOMF_ANAPHASE_PROMOTING_COMPLEX_BINDING,GOMF_ANAPHASE_PROMOTING_COMPLEX_BINDING,GO_MF,Tcon,SF_vs_PB_Tcon,1.06894334,0.46590363,0.387055228,0.709255666,8,4,CLSPN/FBXO5/CCNF/FZR1,up,FALSE
GOMF_PYRIMIDINE_NUCLEOTIDE_SUGAR_TRANSMEMBRANE_TRANSPORTER_ACTIVITY,GOMF_PYRIMIDINE_NUCLEOTIDE_SUGAR_TRANSMEMBRANE_TRANSPORTER_ACTIVITY,GO_MF,Tcon,SF_vs_PB_Tcon,1.06318782,0.434044473,0.387141686,0.709255666,10,4,SLC35D2/SLC35D1/SLC35B1/SLC35B4,up,FALSE
GOMF_PROTEIN_CONTAINING_COMPLEX_DESTABILIZING_ACTIVITY,GOMF_PROTEIN_CONTAINING_COMPLEX_DESTABILIZING_ACTIVITY,GO_MF,Tcon,SF_vs_PB_Tcon,1.06046331,0.421747168,0.387865408,0.709657515,11,4,KATNAL1/HSPA1A/KATNA1/HSPA1B,up,FALSE
GOMF_TRANSMEMBRANE_EPHRIN_RECEPTOR_ACTIVITY,GOMF_TRANSMEMBRANE_EPHRIN_RECEPTOR_ACTIVITY,GO_MF,Tcon,SF_vs_PB_Tcon,-1.08335366,-0.535916423,0.389277007,0.711315259,5,4,EPHA1/EPHB6/EPHA4/EFNA4,down,FALSE
GOMF_UBIQUITIN_MODIFIED_HISTONE_READER_ACTIVITY,GOMF_UBIQUITIN_MODIFIED_HISTONE_READER_ACTIVITY,GO_MF,Tcon,SF_vs_PB_Tcon,1.0665108700000001,0.464843426,0.390054017,0.711810637,8,4,BARD1/TP53BP1/BRCA1/JARID2,up,FALSE
GOMF_OXIDOREDUCTASE_ACTIVITY_ACTING_ON_THE_ALDEHYDE_OR_OXO_GROUP_OF_DONORS_NAD_OR_NADP_AS_ACCEPTOR,GOMF_OXIDOREDUCTASE_ACTIVITY_ACTING_ON_THE_ALDEHYDE_OR_OXO_GROUP_OF_DONORS_NAD_OR_NADP_AS_ACCEPTOR,GO_MF,Tcon,SF_vs_PB_Tcon,1.04837348,0.354229353,0.392818301,0.715926618,20,4,FAR2/GAPDH/FAR1/ALDH2,up,FALSE
GOMF_OXIDOREDUCTASE_ACTIVITY_ACTING_ON_NAD_P_H_HEME_PROTEIN_AS_ACCEPTOR,GOMF_OXIDOREDUCTASE_ACTIVITY_ACTING_ON_NAD_P_H_HEME_PROTEIN_AS_ACCEPTOR,GO_MF,Tcon,SF_vs_PB_Tcon,1.05857738,0.445287297,0.395542591,0.719959154,9,5,CYB5R3/NQO1/POR/CYB5R2/CYB5R4,up,FALSE
GOMF_INOSITOL_TRISPHOSPHATE_PHOSPHATASE_ACTIVITY,GOMF_INOSITOL_TRISPHOSPHATE_PHOSPHATASE_ACTIVITY,GO_MF,Tcon,SF_vs_PB_Tcon,-1.04590287,-0.383193638,0.396248061,0.720311398,13,5,OCRL/MINPP1/INPP5B/INPP4A/INPP4B,down,FALSE
GOMF_ACTIVIN_BINDING,GOMF_ACTIVIN_BINDING,GO_MF,Tcon,SF_vs_PB_Tcon,-1.04962978,-0.416795057,0.398305619,0.721651673,10,6,ACVR2B/ACVR1B/TGFBR2/FSTL3/ACVR1/FST,down,FALSE
GOMF_CXCR_CHEMOKINE_RECEPTOR_BINDING,GOMF_CXCR_CHEMOKINE_RECEPTOR_BINDING,GO_MF,Tcon,SF_vs_PB_Tcon,1.07518008,0.540235146,0.398527085,0.721651673,5,2,CXCL13/CXCL10,up,FALSE
GOMF_PEROXIREDOXIN_ACTIVITY,GOMF_PEROXIREDOXIN_ACTIVITY,GO_MF,Tcon,SF_vs_PB_Tcon,1.06194719,0.481018709,0.399899591,0.721651673,7,3,PRDX1/PRDX4/PRDX5,up,FALSE
GOMF_BETA_2_MICROGLOBULIN_BINDING,GOMF_BETA_2_MICROGLOBULIN_BINDING,GO_MF,Tcon,SF_vs_PB_Tcon,1.04983945,0.417522051,0.400635658,0.721651673,11,6,HLA-A/HLA-F/HLA-C/MICA/HLA-G/HLA-B,up,FALSE
GOMF_TYPE_II_TRANSFORMING_GROWTH_FACTOR_BETA_RECEPTOR_BINDING,GOMF_TYPE_II_TRANSFORMING_GROWTH_FACTOR_BETA_RECEPTOR_BINDING,GO_MF,Tcon,SF_vs_PB_Tcon,1.05662911,0.460536419,0.400684339,0.721651673,8,4,TGFBR3/ENG/TGFBR3L/TGFBR1,up,FALSE
GOMF_THIOREDOXIN_DEPENDENT_PEROXIREDOXIN_ACTIVITY,GOMF_THIOREDOXIN_DEPENDENT_PEROXIREDOXIN_ACTIVITY,GO_MF,Tcon,SF_vs_PB_Tcon,1.0730368,0.539158231,0.400851712,0.721651673,5,3,PRDX1/PRDX4/PRDX5,up,FALSE
GOMF_FRUCTOSE_TRANSMEMBRANE_TRANSPORTER_ACTIVITY,GOMF_FRUCTOSE_TRANSMEMBRANE_TRANSPORTER_ACTIVITY,GO_MF,Tcon,SF_vs_PB_Tcon,1.06528322,0.505404192,0.401077812,0.721651673,6,2,SLC2A8/SLC2A3,up,FALSE
GOMF_GLUTATHIONE_DISULFIDE_OXIDOREDUCTASE_ACTIVITY,GOMF_GLUTATHIONE_DISULFIDE_OXIDOREDUCTASE_ACTIVITY,GO_MF,Tcon,SF_vs_PB_Tcon,1.06503775,0.505287734,0.401349203,0.721651673,6,3,CLIC1/GSTO1/GLRX2,up,FALSE
GOMF_MRNA_METHYLTRANSFERASE_ACTIVITY,GOMF_MRNA_METHYLTRANSFERASE_ACTIVITY,GO_MF,Tcon,SF_vs_PB_Tcon,-1.04482508,-0.402344894,0.401630881,0.721651673,11,7,METTL3/METTL1/RNMT/METTL14/TRMT61A/TRMT61B/METTL16,down,FALSE
GOMF_ALL_TRANS_RETINOL_DEHYDROGENASE_NADPPLUS_ACTIVITY,GOMF_ALL_TRANS_RETINOL_DEHYDROGENASE_NADPPLUS_ACTIVITY,GO_MF,Tcon,SF_vs_PB_Tcon,1.05201313,0.442526065,0.402215359,0.721651673,9,4,DHRS3/DHRS7/AKR1C3/RDH10,up,FALSE
GOMF_RIBOSOMAL_LARGE_SUBUNIT_BINDING,GOMF_RIBOSOMAL_LARGE_SUBUNIT_BINDING,GO_MF,Tcon,SF_vs_PB_Tcon,-1.03908258,-0.353311738,0.402635843,0.721651673,17,7,NEMF/MALSU1/CPSF6/MRRF/NMD3/GTPBP10/NPM1,down,FALSE
GOMF_PH_DOMAIN_BINDING,GOMF_PH_DOMAIN_BINDING,GO_MF,Tcon,SF_vs_PB_Tcon,-1.05286506,-0.467660613,0.403140167,0.721651673,7,4,SESN2/NCL/EPHA4/LSM4,down,FALSE
GOMF_NEUROPEPTIDE_ACTIVITY,GOMF_NEUROPEPTIDE_ACTIVITY,GO_MF,Tcon,SF_vs_PB_Tcon,1.06849777,0.536877551,0.405032135,0.724117171,5,2,NMB/CALCB,up,FALSE
GOMF_PHOSPHOTRANSFERASE_ACTIVITY_PHOSPHATE_GROUP_AS_ACCEPTOR,GOMF_PHOSPHOTRANSFERASE_ACTIVITY_PHOSPHATE_GROUP_AS_ACCEPTOR,GO_MF,Tcon,SF_vs_PB_Tcon,1.03245796,0.311017785,0.405607846,0.724153212,32,13,NME7/CASK/CMPK2/AK4/PMVK/AK1/CMPK1/ITPKA/NME9/GUK1/MPP1/NME6/ITPKC,up,FALSE
GOMF_UBIQUITIN_SPECIFIC_PROTEASE_BINDING,GOMF_UBIQUITIN_SPECIFIC_PROTEASE_BINDING,GO_MF,Tcon,SF_vs_PB_Tcon,1.04144308,0.3798655,0.406081652,0.724153212,15,2,DERL1/CLTC,up,FALSE
GOMF_LIPID_KINASE_ACTIVITY,GOMF_LIPID_KINASE_ACTIVITY,GO_MF,Tcon,SF_vs_PB_Tcon,-1.02630653,-0.287277536,0.407674954,0.726074253,36,4,DGKZ/DGKA/ATM/DGKD,down,FALSE
GOMF_RIBONUCLEASE_INHIBITOR_ACTIVITY,GOMF_RIBONUCLEASE_INHIBITOR_ACTIVITY,GO_MF,Tcon,SF_vs_PB_Tcon,-1.06356544,-0.526127531,0.409477372,0.728362405,5,2,UBE3D/ABCE1,down,FALSE
GOMF_TOXIN_TRANSMEMBRANE_TRANSPORTER_ACTIVITY,GOMF_TOXIN_TRANSMEMBRANE_TRANSPORTER_ACTIVITY,GO_MF,Tcon,SF_vs_PB_Tcon,-1.06253087,-0.525615748,0.410604167,0.729444524,5,2,LRP6/SLC7A8,down,FALSE
GOMF_ZINC_ION_TRANSMEMBRANE_TRANSPORTER_ACTIVITY,GOMF_ZINC_ION_TRANSMEMBRANE_TRANSPORTER_ACTIVITY,GO_MF,Tcon,SF_vs_PB_Tcon,1.0338059,0.353922373,0.411474319,0.730068558,19,7,SLC39A1/SLC39A13/SLC39A6/SLC30A1/SLC39A8/SLC39A7/SLC39A11,up,FALSE
GOMF_LOW_DENSITY_LIPOPROTEIN_PARTICLE_RECEPTOR_BINDING,GOMF_LOW_DENSITY_LIPOPROTEIN_PARTICLE_RECEPTOR_BINDING,GO_MF,Tcon,SF_vs_PB_Tcon,1.03262199,0.358528108,0.413727784,0.733142308,18,6,CLU/PICALM/CLTC/LRPAP1/DAB2/APOE,up,FALSE
GOMF_TAT_PROTEIN_BINDING,GOMF_TAT_PROTEIN_BINDING,GO_MF,Tcon,SF_vs_PB_Tcon,-1.03705255,-0.42583669,0.415099895,0.734648493,9,2,TRIM32/NPM1,down,FALSE
GOMF_ADP_D_RIBOSE_MODIFICATION_DEPENDENT_PROTEIN_BINDING,GOMF_ADP_D_RIBOSE_MODIFICATION_DEPENDENT_PROTEIN_BINDING,GO_MF,Tcon,SF_vs_PB_Tcon,-1.05593875,-0.522354737,0.41705763,0.736600936,5,3,CHD1L/XRCC1/APLF,down,FALSE
GOMF_DNA_DNA_TETHERING_ACTIVITY,GOMF_DNA_DNA_TETHERING_ACTIVITY,GO_MF,Tcon,SF_vs_PB_Tcon,-1.0453457,-0.48760391,0.417250139,0.736600936,6,3,ZNF143/MSL2/PCBP2,down,FALSE
GOMF_INSULIN_LIKE_GROWTH_FACTOR_BINDING,GOMF_INSULIN_LIKE_GROWTH_FACTOR_BINDING,GO_MF,Tcon,SF_vs_PB_Tcon,1.03771181,0.436510258,0.418191871,0.737338298,9,4,IGFBP4/IGFBP6/ITGAV/IGFBP7,up,FALSE
GOMF_HISTONE_READER_ACTIVITY,GOMF_HISTONE_READER_ACTIVITY,GO_MF,Tcon,SF_vs_PB_Tcon,-1.01169845,-0.230150116,0.422385395,0.743625054,100,25,MTF2/ING4/MORC4/L3MBTL2/CBX5/ZCWPW2/BRPF3/MBTD1/ING3/ATRX/TAF3/ZMYND8/CBX1/MPHOSPH8/SETDB1/MLLT3/JADE1/ZCWPW1/YEATS4/PHF1/PWWP2A/STK38/SPIN2B/PHF14/SPIN3,down,FALSE
GOMF_OLIGOSACCHARYL_TRANSFERASE_ACTIVITY,GOMF_OLIGOSACCHARYL_TRANSFERASE_ACTIVITY,GO_MF,Tcon,SF_vs_PB_Tcon,-1.05038456,-0.519607175,0.42281453,0.743625054,5,2,STT3A/STT3B,down,FALSE
GOMF_HISTONE_H3_KINASE_ACTIVITY,GOMF_HISTONE_H3_KINASE_ACTIVITY,GO_MF,Tcon,SF_vs_PB_Tcon,-1.02618675,-0.395167583,0.423565604,0.744015986,11,2,PRKCB/PRKCA,down,FALSE
GOMF_LIPID_PHOSPHATASE_ACTIVITY,GOMF_LIPID_PHOSPHATASE_ACTIVITY,GO_MF,Tcon,SF_vs_PB_Tcon,-1.03578842,-0.483145896,0.427246628,0.749546142,6,2,LPIN1/EPHX2,down,FALSE
GOMF_DELTA_CATENIN_BINDING,GOMF_DELTA_CATENIN_BINDING,GO_MF,Tcon,SF_vs_PB_Tcon,1.04643392,0.525791348,0.42820027,0.750100671,5,1,PTPRJ,up,FALSE
GOMF_SYNTAXIN_BINDING,GOMF_SYNTAXIN_BINDING,GO_MF,Tcon,SF_vs_PB_Tcon,1.01459247,0.279750587,0.428628955,0.750100671,48,19,GOLGA2/DAPK1/SNAP47/RAB11A/VAMP3/NAPA/TXLNA/TMED9/SNAP29/STXBP2/TMED10/NAPG/STX7/CPLX1/VPS54/HECTD3/STXBP3/VAMP8/UNC13B,up,FALSE
GOMF_PROTEIN_PHOSPHATASE_2A_BINDING,GOMF_PROTEIN_PHOSPHATASE_2A_BINDING,GO_MF,Tcon,SF_vs_PB_Tcon,1.01751633,0.335831574,0.42945383,0.750348947,22,6,ARPP19/CTTNBP2NL/ENSA/MFHAS1/GNA12/SPHK1,up,FALSE
GOMF_DNA_N_GLYCOSYLASE_ACTIVITY,GOMF_DNA_N_GLYCOSYLASE_ACTIVITY,GO_MF,Tcon,SF_vs_PB_Tcon,-1.01656542,-0.364352842,0.429985735,0.750348947,14,4,MUTYH/NTHL1/RPS3/APEX1,down,FALSE
GOMF_CHEMOREPELLENT_ACTIVITY,GOMF_CHEMOREPELLENT_ACTIVITY,GO_MF,Tcon,SF_vs_PB_Tcon,1.02081682,0.37234209,0.430370718,0.750348947,15,4,SEMA4A/EFNA5/SEMA7A/DPP4,up,FALSE
GOMF_L_ALANINE_TRANSMEMBRANE_TRANSPORTER_ACTIVITY,GOMF_L_ALANINE_TRANSMEMBRANE_TRANSPORTER_ACTIVITY,GO_MF,Tcon,SF_vs_PB_Tcon,1.0353838,0.491218959,0.432617377,0.751877204,6,2,SLC1A4/SLC3A2,up,FALSE
GOMF_2_IRON_2_SULFUR_CLUSTER_BINDING,GOMF_2_IRON_2_SULFUR_CLUSTER_BINDING,GO_MF,Tcon,SF_vs_PB_Tcon,-1.01153172,-0.316123954,0.432806671,0.751877204,23,7,UQCRFS1/FDX1/CISD1/FBXL5/RFESD/ISCA2/FXN,down,FALSE
GOMF_HYDROLASE_ACTIVITY_ACTING_ON_ETHER_BONDS,GOMF_HYDROLASE_ACTIVITY_ACTING_ON_ETHER_BONDS,GO_MF,Tcon,SF_vs_PB_Tcon,-1.01943117,-0.404803558,0.433559671,0.751877204,10,4,EPHX1/AKR7A2/LTA4H/EPHX2,down,FALSE
GOMF_RNA_POLYMERASE_INHIBITOR_ACTIVITY,GOMF_RNA_POLYMERASE_INHIBITOR_ACTIVITY,GO_MF,Tcon,SF_vs_PB_Tcon,1.02786789,0.448000718,0.434228485,0.751877204,8,3,NELFE/SUPT4H1/NELFB,up,FALSE
GOMF_NEUROPEPTIDE_RECEPTOR_BINDING,GOMF_NEUROPEPTIDE_RECEPTOR_BINDING,GO_MF,Tcon,SF_vs_PB_Tcon,1.02944655,0.466297245,0.435255271,0.751877204,7,3,NMB/PMCH/GNAO1,up,FALSE
GOMF_HISTONE_H4_METHYLTRANSFERASE_ACTIVITY,GOMF_HISTONE_H4_METHYLTRANSFERASE_ACTIVITY,GO_MF,Tcon,SF_vs_PB_Tcon,-1.01570813,-0.39113244,0.435934175,0.751877204,11,8,NSD1/TTLL12/PRMT6/PRMT5/SMYD5/PRMT3/SMYD3/PRMT7,down,FALSE
GOMF_GLYCEROPHOSPHOLIPID_FLIPPASE_ACTIVITY,GOMF_GLYCEROPHOSPHOLIPID_FLIPPASE_ACTIVITY,GO_MF,Tcon,SF_vs_PB_Tcon,-1.01700566,-0.403840421,0.436712985,0.751877204,10,3,ATP11C/ATP8B2/ATP8A2,down,FALSE
GOMF_COPPER_CHAPERONE_ACTIVITY,GOMF_COPPER_CHAPERONE_ACTIVITY,GO_MF,Tcon,SF_vs_PB_Tcon,1.02503293,0.446765084,0.437323389,0.751877204,8,3,COX17/SCO2/ATOX1,up,FALSE
GOMF_STRUCTURAL_CONSTITUENT_OF_NUCLEAR_PORE,GOMF_STRUCTURAL_CONSTITUENT_OF_NUCLEAR_PORE,GO_MF,Tcon,SF_vs_PB_Tcon,-1.00885843,-0.323823985,0.437577932,0.751877204,21,11,NUP107/NUP155/POM121C/NDC1/NUP54/NUP133/NUP35/NUP160/POM121/TPR/NUP88,down,FALSE
GOMF_LNCRNA_BINDING,GOMF_LNCRNA_BINDING,GO_MF,Tcon,SF_vs_PB_Tcon,-1.008471,-0.305381831,0.437697213,0.751877204,26,3,PCBP2/EEF2/DNMT3A,down,FALSE
GOMF_UDP_GLUCOSYLTRANSFERASE_ACTIVITY,GOMF_UDP_GLUCOSYLTRANSFERASE_ACTIVITY,GO_MF,Tcon,SF_vs_PB_Tcon,1.02414211,0.446376816,0.438534438,0.751877204,8,1,GYG1,up,FALSE
GOMF_NEUROTRANSMITTER_TRANSMEMBRANE_TRANSPORTER_ACTIVITY,GOMF_NEUROTRANSMITTER_TRANSMEMBRANE_TRANSPORTER_ACTIVITY,GO_MF,Tcon,SF_vs_PB_Tcon,1.02979673,0.488568276,0.438801225,0.751877204,6,4,SLC22A4/SLC29A1/SLC29A3/SLC29A4,up,FALSE
GOMF_NF_KAPPAB_BINDING,GOMF_NF_KAPPAB_BINDING,GO_MF,Tcon,SF_vs_PB_Tcon,1.00939589,0.304070561,0.439017819,0.751877204,32,10,CDKN2A/ANXA4/COMMD8/EP300/NOTCH2/TP53BP2/FOXP3/PSMA6/RELA/FAF1,up,FALSE
GOMF_TRANSCRIPTION_COACTIVATOR_ACTIVITY,GOMF_TRANSCRIPTION_COACTIVATOR_ACTIVITY,GO_MF,Tcon,SF_vs_PB_Tcon,1.00584492,0.212265011,0.439538858,0.751877204,260,47,ACTN4/BCL3/NOTCH1/HELZ2/CBFB/RIPK3/TACC1/PBXIP1/CDCA4/TOX2/SERTAD1/TGFB1I1/PMF1/CIITA/NFKBIB/TLE3/CAMTA2/KAT2B/RNF14/PCBD1/PKM/TRIM25/NCOA3/MED20/TRIM21/HCFC2/NCOA1/PDLIM1/PSMC3IP/EP300/BUD31/RAP2C/NOTCH2/JUND/MAK/TRIP4/PSMD9/SS18/CCDC124/SSBP4/TRIM37/SRA1/HYAL2/IRF4/RELA/MYCBP/PML,up,FALSE
GOMF_MRF_BINDING,GOMF_MRF_BINDING,GO_MF,Tcon,SF_vs_PB_Tcon,1.03524416,0.520168939,0.439686664,0.751877204,5,2,BHLHE40/BHLHE41,up,FALSE
GOMF_DIACYLGLYCEROL_DEPENDENT_SERINE_THREONINE_KINASE_ACTIVITY,GOMF_DIACYLGLYCEROL_DEPENDENT_SERINE_THREONINE_KINASE_ACTIVITY,GO_MF,Tcon,SF_vs_PB_Tcon,-1.01232027,-0.356042442,0.440109573,0.751877204,15,7,PKN1/PRKCZ/PRKD3/PRKCQ/PRKCH/PRKCB/PRKCA,down,FALSE
GOMF_PROTEIN_KINASE_C_BINDING,GOMF_PROTEIN_KINASE_C_BINDING,GO_MF,Tcon,SF_vs_PB_Tcon,1.00843522,0.30378117,0.44063443,0.751877204,32,10,SDC4/HDAC9/CCDC88A/SQSTM1/TOP2A/TWF2/GRK5/ITGAV/YWHAG/MARCKS,up,FALSE
GOMF_LIGASE_ACTIVITY_FORMING_CARBON_NITROGEN_BONDS,GOMF_LIGASE_ACTIVITY_FORMING_CARBON_NITROGEN_BONDS,GO_MF,Tcon,SF_vs_PB_Tcon,-1.00456209,-0.281190965,0.441720028,0.751877204,36,9,RIMKLB/ASNS/ASNSD1/DPH6/MCCC1/GMPS/QRSL1/PFAS/PAICS,down,FALSE
GOMF_METAL_DEPENDENT_DEUBIQUITINASE_ACTIVITY,GOMF_METAL_DEPENDENT_DEUBIQUITINASE_ACTIVITY,GO_MF,Tcon,SF_vs_PB_Tcon,-1.01095656,-0.379309397,0.442185945,0.751877204,12,6,STAMBPL1/PRPF8/COPS5/BRCC3/EIF3F/EIF3H,down,FALSE
GOMF_HISTONE_H3K9_TRIMETHYLTRANSFERASE_ACTIVITY,GOMF_HISTONE_H3K9_TRIMETHYLTRANSFERASE_ACTIVITY,GO_MF,Tcon,SF_vs_PB_Tcon,-1.03236518,-0.510693295,0.442215894,0.751877204,5,4,PRDM2/SUV39H2/EHMT1/SETDB1,down,FALSE
GOMF_EXOPEPTIDASE_ACTIVITY,GOMF_EXOPEPTIDASE_ACTIVITY,GO_MF,Tcon,SF_vs_PB_Tcon,1.00537737,0.258000402,0.442537186,0.751877204,69,25,VASH1/LAP3/TPP1/CPVL/NUDT16/RNPEPL1/ANPEP/NPEPL1/ADAM17/GGH/ZMPSTE24/DPP4/ERMP1/DPP3/SCRN2/CTSC/CTSZ/CPD/PLBD1/MMP14/DPP7/AGBL5/MMP15/PRCP/DPP8,up,FALSE
GOMF_VOLTAGE_GATED_CHANNEL_ACTIVITY,GOMF_VOLTAGE_GATED_CHANNEL_ACTIVITY,GO_MF,Tcon,SF_vs_PB_Tcon,1.00537837,0.269606915,0.443003697,0.751877204,55,12,TMEM43/VDAC1/CACNB2/KCNK5/TMEM109/CYBB/CACNB1/NCS1/CACNA2D4/RYR1/KCNH4/KCNAB2,up,FALSE
GOMF_COMPLEMENT_COMPONENT_C3B_BINDING,GOMF_COMPLEMENT_COMPONENT_C3B_BINDING,GO_MF,Tcon,SF_vs_PB_Tcon,-1.02960784,-0.50932929,0.44494069,0.75425488,5,2,CFH/CR1,down,FALSE
GOMF_CLATHRIN_BINDING,GOMF_CLATHRIN_BINDING,GO_MF,Tcon,SF_vs_PB_Tcon,1.0045365,0.300469217,0.446402955,0.754585112,33,5,HIP1/LDLR/AP2B1/PICALM/CLTC,up,FALSE
GOMF_CARBON_SULFUR_LYASE_ACTIVITY,GOMF_CARBON_SULFUR_LYASE_ACTIVITY,GO_MF,Tcon,SF_vs_PB_Tcon,1.0107537,0.401977611,0.446501979,0.754585112,11,4,ALOX5AP/MGST3/LTC4S/HCCS,up,FALSE
GOMF_BRANCHED_CHAIN_AMINO_ACID_TRANSMEMBRANE_TRANSPORTER_ACTIVITY,GOMF_BRANCHED_CHAIN_AMINO_ACID_TRANSMEMBRANE_TRANSPORTER_ACTIVITY,GO_MF,Tcon,SF_vs_PB_Tcon,1.01851878,0.461347414,0.44674442,0.754585112,7,4,SLC25A44/SLC3A2/SLC43A2/SLC7A5,up,FALSE
GOMF_UNMETHYLATED_CPG_BINDING,GOMF_UNMETHYLATED_CPG_BINDING,GO_MF,Tcon,SF_vs_PB_Tcon,-1.0104868,-0.429938743,0.447802255,0.755464955,8,2,KDM2A/DNMT3A,down,FALSE
GOMF_MAP_KINASE_KINASE_ACTIVITY,GOMF_MAP_KINASE_KINASE_ACTIVITY,GO_MF,Tcon,SF_vs_PB_Tcon,-1.00566419,-0.353701435,0.448648533,0.75561064,15,5,BRAF/MAPK10/MAP2K5/MAPKAPK5/MAP2K6,down,FALSE
GOMF_INTERMEDIATE_FILAMENT_BINDING,GOMF_INTERMEDIATE_FILAMENT_BINDING,GO_MF,Tcon,SF_vs_PB_Tcon,1.01603452,0.460222146,0.449679462,0.75561064,7,3,VIM/SYNM/FAM83H,up,FALSE
GOMF_NUCLEOSIDE_BINDING,GOMF_NUCLEOSIDE_BINDING,GO_MF,Tcon,SF_vs_PB_Tcon,1.01426731,0.442072845,0.450010573,0.75561064,8,1,ACTN4,up,FALSE
GOMF_NUCLEOSIDE_DIPHOSPHATE_KINASE_ACTIVITY,GOMF_NUCLEOSIDE_DIPHOSPHATE_KINASE_ACTIVITY,GO_MF,Tcon,SF_vs_PB_Tcon,1.00697238,0.37453758,0.450172534,0.75561064,14,5,NME7/CMPK2/AK4/AK1/CMPK1,up,FALSE
GOMF_LIGASE_ACTIVITY_FORMING_CARBON_CARBON_BONDS,GOMF_LIGASE_ACTIVITY_FORMING_CARBON_CARBON_BONDS,GO_MF,Tcon,SF_vs_PB_Tcon,-1.00974701,-0.448508481,0.450740449,0.75561064,7,4,ACACB/PCCB/MCCC1/MCCC2,down,FALSE
GOMF_HYDRO_LYASE_ACTIVITY,GOMF_HYDRO_LYASE_ACTIVITY,GO_MF,Tcon,SF_vs_PB_Tcon,1.00095772,0.299398761,0.451316167,0.75561064,33,5,TBXAS1/ENO1/CA2/PCBD1/CYP2S1,up,FALSE
GOMF_ABC_TYPE_TRANSPORTER_ACTIVITY,GOMF_ABC_TYPE_TRANSPORTER_ACTIVITY,GO_MF,Tcon,SF_vs_PB_Tcon,1.00034118,0.306253537,0.452138825,0.75561064,30,13,TAP1/ABCB10/ABCB1/ABCA2/ABCC3/ABCC1/ATP13A2/ABCD1/ABCB8/ABCG1/ABCD4/ABCA3/SLC36A1,up,FALSE
GOMF_INOSITOL_PHOSPHATE_KINASE_ACTIVITY,GOMF_INOSITOL_PHOSPHATE_KINASE_ACTIVITY,GO_MF,Tcon,SF_vs_PB_Tcon,-1.00384815,-0.398615736,0.452206269,0.75561064,10,3,ITPKB/IPMK/IP6K2,down,FALSE
GOMF_NUCLEASE_INHIBITOR_ACTIVITY,GOMF_NUCLEASE_INHIBITOR_ACTIVITY,GO_MF,Tcon,SF_vs_PB_Tcon,-1.01335914,-0.472683708,0.452960737,0.75561064,6,3,DFFA/UBE3D/ABCE1,down,FALSE
GOMF_CYCLIN_DEPENDENT_PROTEIN_KINASE_ACTIVITY,GOMF_CYCLIN_DEPENDENT_PROTEIN_KINASE_ACTIVITY,GO_MF,Tcon,SF_vs_PB_Tcon,1.00100332,0.314210941,0.45354087,0.75561064,27,10,CDKL1/MOK/CDK2/CDK1/CDKL2/CDK19/CDK11B/CDK5/CDK7/CDK9,up,FALSE
GOMF_ADP_RIBOSE_DIPHOSPHATASE_ACTIVITY,GOMF_ADP_RIBOSE_DIPHOSPHATASE_ACTIVITY,GO_MF,Tcon,SF_vs_PB_Tcon,1.01648345,0.482252033,0.453863451,0.75561064,6,3,NUDT14/TRPM2/NUDT5,up,FALSE
GOMF_ANKYRIN_BINDING,GOMF_ANKYRIN_BINDING,GO_MF,Tcon,SF_vs_PB_Tcon,1.01147209,0.458155548,0.45433305,0.75561064,7,3,PLEC/SLC8A1/PTPRC,up,FALSE
GOMF_CYCLASE_ACTIVATOR_ACTIVITY,GOMF_CYCLASE_ACTIVATOR_ACTIVITY,GO_MF,Tcon,SF_vs_PB_Tcon,1.01469119,0.481401726,0.455898887,0.757319639,6,3,NCS1/CALM2/GNAS,up,FALSE
GOMF_WNT_RECEPTOR_ACTIVITY,GOMF_WNT_RECEPTOR_ACTIVITY,GO_MF,Tcon,SF_vs_PB_Tcon,-1.00320474,-0.445602541,0.459078276,0.758627187,7,3,RYK/LRP6/FZD3,down,FALSE
GOMF_3_5_DNA_HELICASE_ACTIVITY,GOMF_3_5_DNA_HELICASE_ACTIVITY,GO_MF,Tcon,SF_vs_PB_Tcon,0.998075328,0.364047148,0.459371187,0.758627187,15,6,MCM6/MCM2/BLM/MCM5/ASCC3/RECQL,up,FALSE
GOMF_HISTONE_H3K36_DEMETHYLASE_ACTIVITY,GOMF_HISTONE_H3K36_DEMETHYLASE_ACTIVITY,GO_MF,Tcon,SF_vs_PB_Tcon,-1.00120688,-0.42599035,0.459723641,0.758627187,8,3,KDM2A/KDM8/KDM4C,down,FALSE
GOMF_PROTEIN_FOLDING_CHAPERONE,GOMF_PROTEIN_FOLDING_CHAPERONE,GO_MF,Tcon,SF_vs_PB_Tcon,0.995802978,0.259251728,0.459776642,0.758627187,64,17,CD74/HSPA6/PBDC1/TAPBP/WIPF1/CCDC47/HSPA2/HSPA1A/DNAJB6/ANP32E/PDCL3/RIC8A/HSPA1B/WDR83OS/GAK/COA3/TOR1A,up,FALSE
GOMF_TRANSAMINASE_ACTIVITY,GOMF_TRANSAMINASE_ACTIVITY,GO_MF,Tcon,SF_vs_PB_Tcon,-0.994705395,-0.356517868,0.45981392,0.758627187,14,3,CISD1/ACCS/MGAT4A,down,FALSE
GOMF_DNA_RNA_HELICASE_ACTIVITY,GOMF_DNA_RNA_HELICASE_ACTIVITY,GO_MF,Tcon,SF_vs_PB_Tcon,-1.00729068,-0.469853059,0.459921102,0.758627187,6,2,DDX1/G3BP1,down,FALSE
GOMF_ALDEHYDE_LYASE_ACTIVITY,GOMF_ALDEHYDE_LYASE_ACTIVITY,GO_MF,Tcon,SF_vs_PB_Tcon,1.00503775,0.455241057,0.461805824,0.760844021,7,3,SGPL1/ALDOC/ALDOA,up,FALSE
GOMF_OXIDOREDUCTASE_ACTIVITY_ACTING_ON_THE_CH_CH_GROUP_OF_DONORS_WITH_A_FLAVIN_AS_ACCEPTOR,GOMF_OXIDOREDUCTASE_ACTIVITY_ACTING_ON_THE_CH_CH_GROUP_OF_DONORS_WITH_A_FLAVIN_AS_ACCEPTOR,GO_MF,Tcon,SF_vs_PB_Tcon,-0.993742918,-0.382673998,0.463621231,0.762941605,11,7,ACAD11/IVD/ACAD8/GCDH/ACADM/ACADSB/ACAD10,down,FALSE
GOMF_JUN_KINASE_BINDING,GOMF_JUN_KINASE_BINDING,GO_MF,Tcon,SF_vs_PB_Tcon,0.997750672,0.41970073,0.465110959,0.763564299,9,4,DUSP10/MAD2L2/GSTP1/DUSP16,up,FALSE
GOMF_HISTONE_KINASE_ACTIVITY,GOMF_HISTONE_KINASE_ACTIVITY,GO_MF,Tcon,SF_vs_PB_Tcon,-0.988781389,-0.309014018,0.465481677,0.763564299,23,3,PRKCB/PRKCA/ATM,down,FALSE
GOMF_PHOSPHATIDYLGLYCEROL_BINDING,GOMF_PHOSPHATIDYLGLYCEROL_BINDING,GO_MF,Tcon,SF_vs_PB_Tcon,0.994714817,0.385719863,0.465730582,0.763564299,12,2,PLEKHN1/PITPNA,up,FALSE
GOMF_ACETYLTRANSFERASE_ACTIVITY,GOMF_ACETYLTRANSFERASE_ACTIVITY,GO_MF,Tcon,SF_vs_PB_Tcon,0.993606646,0.249015762,0.466170386,0.763564299,79,28,HGSNAT/NAA50/KAT2B/NCOA3/ESCO2/NCOA1/EP300/BLOC1S1/LPCAT2/BRCA2/CRAT/PAFAH1B2/LPCAT1/NAA20/SPHK1/FASN/LCAT/GTF3C4/ACAA2/HAT1/BRD1/NAGS/LPCAT4/NAT14/ARRB1/ACAT1/BAZ1A/ACAT2,up,FALSE
GOMF_STRUCTURAL_CONSTITUENT_OF_EYE_LENS,GOMF_STRUCTURAL_CONSTITUENT_OF_EYE_LENS,GO_MF,Tcon,SF_vs_PB_Tcon,0.999150521,0.435484125,0.466849926,0.763788193,8,1,VIM,up,FALSE
GOMF_CAMP_DEPENDENT_PROTEIN_KINASE_REGULATOR_ACTIVITY,GOMF_CAMP_DEPENDENT_PROTEIN_KINASE_REGULATOR_ACTIVITY,GO_MF,Tcon,SF_vs_PB_Tcon,0.993216377,0.385138814,0.467511796,0.763982691,12,4,PRKAR1A/PRKAG1/CXCL10/RAB13,up,FALSE
GOMF_GDP_PHOSPHATASE_ACTIVITY,GOMF_GDP_PHOSPHATASE_ACTIVITY,GO_MF,Tcon,SF_vs_PB_Tcon,0.997606288,0.434811064,0.468406989,0.76455758,8,3,ENTPD1/ENTPD2/CANT1,up,FALSE
GOMF_NUCLEOCYTOPLASMIC_CARRIER_ACTIVITY,GOMF_NUCLEOCYTOPLASMIC_CARRIER_ACTIVITY,GO_MF,Tcon,SF_vs_PB_Tcon,-0.987019878,-0.28835222,0.469511377,0.765313962,30,12,IPO8/TNPO1/KPNB1/KPNA3/IPO4/RANBP6/KPNA5/IPO5/XPO4/SNUPN/XPO6/TMCO6,down,FALSE
GOMF_METALLOAMINOPEPTIDASE_ACTIVITY,GOMF_METALLOAMINOPEPTIDASE_ACTIVITY,GO_MF,Tcon,SF_vs_PB_Tcon,-0.987269297,-0.321125658,0.469958254,0.765313962,20,4,ERAP2/PEPD/LTA4H/METAP1D,down,FALSE
GOMF_PHOSPHOFRUCTOKINASE_ACTIVITY,GOMF_PHOSPHOFRUCTOKINASE_ACTIVITY,GO_MF,Tcon,SF_vs_PB_Tcon,0.999893903,0.474381425,0.472046679,0.767826217,6,2,PFKP/PFKFB3,up,FALSE
GOMF_PHOSPHATIDYLINOSITOL_3_4_5_TRISPHOSPHATE_5_PHOSPHATASE_ACTIVITY,GOMF_PHOSPHATIDYLINOSITOL_3_4_5_TRISPHOSPHATE_5_PHOSPHATASE_ACTIVITY,GO_MF,Tcon,SF_vs_PB_Tcon,0.99936732,0.474131597,0.472783313,0.768136399,6,4,INPP5D/INPPL1/FIG4/INPP5K,up,FALSE
GOMF_ENDONUCLEASE_ACTIVITY,GOMF_ENDONUCLEASE_ACTIVITY,GO_MF,Tcon,SF_vs_PB_Tcon,-0.990767768,-0.220103794,0.473743417,0.768257544,115,29,TATDN3/SMG6/EXOG/RNASEH1/TATDN1/TSNAX/TEFM/SETMAR/DNASE1/ERCC4/FAN1/NOB1/NTHL1/POLB/PMS2/DFFB/NUDT12/TSEN2/TSEN34/APLF/RPS3/HMGA1/POP5/APEX1/ZRANB3/REXO4/G3BP1/PLD6/RNASET2,down,FALSE
GOMF_D_GLUCOSE_BINDING,GOMF_D_GLUCOSE_BINDING,GO_MF,Tcon,SF_vs_PB_Tcon,0.990300528,0.404288372,0.47414796,0.768257544,10,2,SLC2A8/SLC2A3,up,FALSE
GOMF_HEXOSE_TRANSMEMBRANE_TRANSPORTER_ACTIVITY,GOMF_HEXOSE_TRANSMEMBRANE_TRANSPORTER_ACTIVITY,GO_MF,Tcon,SF_vs_PB_Tcon,0.988602797,0.39316818,0.474840134,0.768257544,11,3,SLC2A8/SLC2A3/SLC2A1,up,FALSE
GOMF_PALMITOYL_HYDROLASE_ACTIVITY,GOMF_PALMITOYL_HYDROLASE_ACTIVITY,GO_MF,Tcon,SF_vs_PB_Tcon,-0.983192462,-0.352391454,0.475441248,0.768257544,14,4,ABHD17A/ABHD10/CLN5/LYPLAL1,down,FALSE
GOMF_HEME_TRANSMEMBRANE_TRANSPORTER_ACTIVITY,GOMF_HEME_TRANSMEMBRANE_TRANSPORTER_ACTIVITY,GO_MF,Tcon,SF_vs_PB_Tcon,-0.988594135,-0.439112815,0.475588003,0.768257544,7,3,ABCC5/ABCB7/SLC48A1,down,FALSE
GOMF_EXTRACELLULAR_MATRIX_STRUCTURAL_CONSTITUENT_CONFERRING_TENSILE_STRENGTH,GOMF_EXTRACELLULAR_MATRIX_STRUCTURAL_CONSTITUENT_CONFERRING_TENSILE_STRENGTH,GO_MF,Tcon,SF_vs_PB_Tcon,0.988342511,0.403489015,0.476722675,0.768334305,10,4,COL5A1/COL9A2/COL8A2/COL5A2,up,FALSE
GOMF_LYSOPHOSPHOLIPASE_ACTIVITY,GOMF_LYSOPHOSPHOLIPASE_ACTIVITY,GO_MF,Tcon,SF_vs_PB_Tcon,0.98475967,0.332735221,0.476727682,0.768334305,20,10,GDE1/ABHD16A/PLA2G15/PNPLA8/PNPLA6/ABHD4/LYPLA2/PLA2G4A/PLB1/LYPLA1,up,FALSE
GOMF_NEUROTRANSMITTER_RECEPTOR_ACTIVITY_INVOLVED_IN_REGULATION_OF_POSTSYNAPTIC_MEMBRANE_POTENTIAL,GOMF_NEUROTRANSMITTER_RECEPTOR_ACTIVITY_INVOLVED_IN_REGULATION_OF_POSTSYNAPTIC_MEMBRANE_POTENTIAL,GO_MF,Tcon,SF_vs_PB_Tcon,0.988759415,0.430955116,0.47876819,0.768462254,8,6,CHRNA5/CHRNE/CHRFAM7A/CHRNB1/CHRNA6/CHRNA10,up,FALSE
GOMF_POSTSYNAPTIC_NEUROTRANSMITTER_RECEPTOR_ACTIVITY,GOMF_POSTSYNAPTIC_NEUROTRANSMITTER_RECEPTOR_ACTIVITY,GO_MF,Tcon,SF_vs_PB_Tcon,0.988759415,0.430955116,0.47876819,0.768462254,8,6,CHRNA5/CHRNE/CHRFAM7A/CHRNB1/CHRNA6/CHRNA10,up,FALSE
GOMF_ACID_THIOL_LIGASE_ACTIVITY,GOMF_ACID_THIOL_LIGASE_ACTIVITY,GO_MF,Tcon,SF_vs_PB_Tcon,0.983639017,0.328462778,0.478826282,0.768462254,21,5,SLC27A2/ACSL1/SLC27A4/ACSL4/ACSL5,up,FALSE
GOMF_PHOSPHATIDYLCHOLINE_TRANSPORTER_ACTIVITY,GOMF_PHOSPHATIDYLCHOLINE_TRANSPORTER_ACTIVITY,GO_MF,Tcon,SF_vs_PB_Tcon,0.985115901,0.347377017,0.478991753,0.768462254,17,9,PCTP/PITPNA/ABCB1/SCP2/PITPNM1/ABCG1/ABCA3/TMEM63B/PLTP,up,FALSE
GOMF_INSULIN_LIKE_GROWTH_FACTOR_I_BINDING,GOMF_INSULIN_LIKE_GROWTH_FACTOR_I_BINDING,GO_MF,Tcon,SF_vs_PB_Tcon,0.989708224,0.448297408,0.479744342,0.768793041,7,3,IGFBP4/IGFBP6/ITGAV,up,FALSE
GOMF_OXIDOREDUCTASE_ACTIVITY_ACTING_ON_PEROXIDE_AS_ACCEPTOR,GOMF_OXIDOREDUCTASE_ACTIVITY_ACTING_ON_PEROXIDE_AS_ACCEPTOR,GO_MF,Tcon,SF_vs_PB_Tcon,-0.980403085,-0.278349536,0.480553919,0.769214293,34,7,GPX4/TPO/PRDX2/IPCEF1/GSTK1/GSTM2/SESN1,down,FALSE
GOMF_VITAMIN_B6_BINDING,GOMF_VITAMIN_B6_BINDING,GO_MF,Tcon,SF_vs_PB_Tcon,0.980372658,0.293241515,0.48194305,0.770561217,33,17,SPTLC2/ABAT/KYNU/SGPL1/GLDC/SDS/ALAS1/PDXK/PYGB/GAD1/MOCOS/GOT1/PYGL/SPTLC1/SDSL/OAT/PDXDC1,up,FALSE
GOMF_PHOSPHATIDYLINOSITOL_PHOSPHATE_4_PHOSPHATASE_ACTIVITY,GOMF_PHOSPHATIDYLINOSITOL_PHOSPHATE_4_PHOSPHATASE_ACTIVITY,GO_MF,Tcon,SF_vs_PB_Tcon,-0.982039905,-0.417835246,0.48367062,0.772445587,8,3,OCRL/INPP4A/INPP4B,down,FALSE
GOMF_QUATERNARY_AMMONIUM_GROUP_TRANSMEMBRANE_TRANSPORTER_ACTIVITY,GOMF_QUATERNARY_AMMONIUM_GROUP_TRANSMEMBRANE_TRANSPORTER_ACTIVITY,GO_MF,Tcon,SF_vs_PB_Tcon,0.993869968,0.499380055,0.48500713,0.773250906,5,2,SLC22A4/SLC25A19,up,FALSE
GOMF_COMPLEMENT_BINDING,GOMF_COMPLEMENT_BINDING,GO_MF,Tcon,SF_vs_PB_Tcon,-0.977173684,-0.388023633,0.485274023,0.773250906,10,4,C1QBP/CFH/CR1/CR2,down,FALSE
GOMF_APOLIPOPROTEIN_BINDING,GOMF_APOLIPOPROTEIN_BINDING,GO_MF,Tcon,SF_vs_PB_Tcon,0.977225298,0.370823943,0.48791869,0.776585516,13,5,VLDLR/LILRB4/LRP8/TREM2/LCAT,up,FALSE
GOMF_PROTON_CHANNEL_ACTIVITY,GOMF_PROTON_CHANNEL_ACTIVITY,GO_MF,Tcon,SF_vs_PB_Tcon,-0.977133329,-0.434022166,0.489297714,0.777357335,7,4,TMEM175/MT-ATP6/MT-ATP8/HVCN1,down,FALSE
GOMF_CAMP_RESPONSE_ELEMENT_BINDING_PROTEIN_BINDING,GOMF_CAMP_RESPONSE_ELEMENT_BINDING_PROTEIN_BINDING,GO_MF,Tcon,SF_vs_PB_Tcon,0.976826945,0.398787807,0.49001583,0.777357335,10,5,CREM/DDIT3/CREB3/ATF4/DAPK3,up,FALSE
GOMF_NUCLEAR_STEROID_RECEPTOR_ACTIVITY,GOMF_NUCLEAR_STEROID_RECEPTOR_ACTIVITY,GO_MF,Tcon,SF_vs_PB_Tcon,0.974929837,0.355604849,0.490549038,0.777357335,15,5,RXRA/ABHD2/NR3C1/PPARA/ESR2,up,FALSE
GOMF_NARROW_PORE_CHANNEL_ACTIVITY,GOMF_NARROW_PORE_CHANNEL_ACTIVITY,GO_MF,Tcon,SF_vs_PB_Tcon,0.989321309,0.497094535,0.490613584,0.777357335,5,2,KCNK5/PANX1,up,FALSE
GOMF_ATP_DEPENDENT_ACTIVITY_ACTING_ON_RNA,GOMF_ATP_DEPENDENT_ACTIVITY_ACTING_ON_RNA,GO_MF,Tcon,SF_vs_PB_Tcon,-0.979453965,-0.237800387,0.491896194,0.778512874,70,25,DDX52/DHX33/IGHMBP2/DDX50/DDX1/TDRD12/DDX39B/DDX20/YTHDC2/DHX34/DHX35/MOV10/DDX6/DDX5/DDX19A/DDX31/DDX56/DDX28/DDX17/DDX18/DDX3Y/DDX55/EIF4A2/DHX32/G3BP1,down,FALSE
GOMF_FERRIC_IRON_BINDING,GOMF_FERRIC_IRON_BINDING,GO_MF,Tcon,SF_vs_PB_Tcon,-0.981892289,-0.485725226,0.497613243,0.784971848,5,2,FTL/FXN,down,FALSE
GOMF_3_5_EXONUCLEASE_ACTIVITY,GOMF_3_5_EXONUCLEASE_ACTIVITY,GO_MF,Tcon,SF_vs_PB_Tcon,-0.975028892,-0.253281119,0.497943541,0.784971848,50,14,TATDN3/PDE12/EXD2/TATDN1/CNOT2/EXOSC2/DIS3L2/APLF/PAN2/EXOSC5/CNOT7/CNOT8/APEX1/REXO4,down,FALSE
GOMF_HEAT_SHOCK_PROTEIN_BINDING,GOMF_HEAT_SHOCK_PROTEIN_BINDING,GO_MF,Tcon,SF_vs_PB_Tcon,0.979541136,0.2327509,0.498306821,0.784971848,108,32,MVD/LIMK1/RNF207/HSPA6/BCOR/DNAJC10/CDK1/SNCA/PPP5C/HSPA2/NR3C1/NOD2/UNC45A/HSPA1A/DNAJB6/HIF1A/DNAJC9/STIP1/TFRC/APAF1/HSPA1B/FAF1/IRAK1/ZFP36/CDC37/AHR/ADORA1/DNAJC6/LMAN2/ITGB2/DNAJA4/DNAJC18,up,FALSE
GOMF_HISTONE_H4_ACETYLTRANSFERASE_ACTIVITY,GOMF_HISTONE_H4_ACETYLTRANSFERASE_ACTIVITY,GO_MF,Tcon,SF_vs_PB_Tcon,-0.968139121,-0.314903252,0.498371691,0.784971848,20,8,ING4/KAT7/BRPF3/ING3/USP22/JADE1/KAT2A/KAT8,down,FALSE
GOMF_CYSTEINE_TYPE_ENDOPEPTIDASE_ACTIVITY,GOMF_CYSTEINE_TYPE_ENDOPEPTIDASE_ACTIVITY,GO_MF,Tcon,SF_vs_PB_Tcon,0.974319113,0.249353534,0.498957977,0.784971848,70,25,CTSB/CTSL/CTSD/CAPN2/CASP3/CASP7/CASP9/CAPNS1/ESPL1/USP12/CFLAR/CTSK/CTSC/CTSZ/CTSW/CTSS/ATG4B/CASP8/CAPN1/CAPN12/CAPN10/USP1/SENP1/USP8/USP9X,up,FALSE
GOMF_PHOSPHORYLATION_DEPENDENT_PROTEIN_BINDING,GOMF_PHOSPHORYLATION_DEPENDENT_PROTEIN_BINDING,GO_MF,Tcon,SF_vs_PB_Tcon,0.970916081,0.423178021,0.499529036,0.784971848,8,4,LYN/PLCG2/YWHAG/NBN,up,FALSE
GOMF_ALDOSE_REDUCTASE_NADPH_ACTIVITY,GOMF_ALDOSE_REDUCTASE_NADPH_ACTIVITY,GO_MF,Tcon,SF_vs_PB_Tcon,-0.97977008,-0.484675406,0.500071705,0.784971848,5,3,AKR7A2/AKR1B1/AKR1E2,down,FALSE
GOMF_ALPHA_GLUCOSIDASE_ACTIVITY,GOMF_ALPHA_GLUCOSIDASE_ACTIVITY,GO_MF,Tcon,SF_vs_PB_Tcon,-0.979528662,-0.484555981,0.500440474,0.784971848,5,4,MOGS/AGL/GAA/GANC,down,FALSE
GOMF_DIPEPTIDASE_ACTIVITY,GOMF_DIPEPTIDASE_ACTIVITY,GO_MF,Tcon,SF_vs_PB_Tcon,-0.959738065,-0.36957929,0.505762869,0.792436923,11,4,ACE/SCRN3/PM20D2/PEPD,down,FALSE
GOMF_IMMUNOGLOBULIN_RECEPTOR_BINDING,GOMF_IMMUNOGLOBULIN_RECEPTOR_BINDING,GO_MF,Tcon,SF_vs_PB_Tcon,0.964714211,0.43697614,0.508998224,0.796035761,7,4,ADAM8/FES/ADAM15/ADAM28,up,FALSE
GOMF_CYSTEINE_TYPE_ENDOPEPTIDASE_ACTIVATOR_ACTIVITY_INVOLVED_IN_APOPTOTIC_PROCESS,GOMF_CYSTEINE_TYPE_ENDOPEPTIDASE_ACTIVATOR_ACTIVITY_INVOLVED_IN_APOPTOTIC_PROCESS,GO_MF,Tcon,SF_vs_PB_Tcon,0.964559566,0.436906092,0.509191318,0.796035761,7,2,ATP2A3/APAF1,up,FALSE
GOMF_LEUCINE_ZIPPER_DOMAIN_BINDING,GOMF_LEUCINE_ZIPPER_DOMAIN_BINDING,GO_MF,Tcon,SF_vs_PB_Tcon,0.957838514,0.402911805,0.512945169,0.800495446,9,3,PMF1/JDP2/DDIT3,up,FALSE
GOMF_HIGH_VOLTAGE_GATED_CALCIUM_CHANNEL_ACTIVITY,GOMF_HIGH_VOLTAGE_GATED_CALCIUM_CHANNEL_ACTIVITY,GO_MF,Tcon,SF_vs_PB_Tcon,0.962786064,0.456776287,0.513181871,0.800495446,6,3,CACNB2/CACNB1/CACNB3,up,FALSE
GOMF_MANNOSYL_OLIGOSACCHARIDE_1_2_ALPHA_MANNOSIDASE_ACTIVITY,GOMF_MANNOSYL_OLIGOSACCHARIDE_1_2_ALPHA_MANNOSIDASE_ACTIVITY,GO_MF,Tcon,SF_vs_PB_Tcon,0.960214535,0.434937971,0.514482119,0.80163493,7,2,MAN1A1/EDEM1,up,FALSE
GOMF_5_3_EXONUCLEASE_ACTIVITY,GOMF_5_3_EXONUCLEASE_ACTIVITY,GO_MF,Tcon,SF_vs_PB_Tcon,0.956399261,0.342679773,0.51595178,0.802626146,16,11,MGME1/DCLRE1A/FEN1/PLD4/XRN2/DCLRE1C/CPSF3/XRN1/EXO1/PLD3/EXO5,up,FALSE
GOMF_PHOSPHATIDYLINOSITOL_PHOSPHATE_PHOSPHATASE_ACTIVITY,GOMF_PHOSPHATIDYLINOSITOL_PHOSPHATE_PHOSPHATASE_ACTIVITY,GO_MF,Tcon,SF_vs_PB_Tcon,-0.956468578,-0.292660873,0.516259177,0.802626146,25,5,PTEN/INPP5B/INPP4A/MTMR4/INPP4B,down,FALSE
GOMF_HISTONE_METHYLTRANSFERASE_BINDING,GOMF_HISTONE_METHYLTRANSFERASE_BINDING,GO_MF,Tcon,SF_vs_PB_Tcon,-0.951817004,-0.348722841,0.518366653,0.804045939,13,4,GATA3/CBX1/NOP56/PHF1,down,FALSE
GOMF_STORE_OPERATED_CALCIUM_CHANNEL_ACTIVITY,GOMF_STORE_OPERATED_CALCIUM_CHANNEL_ACTIVITY,GO_MF,Tcon,SF_vs_PB_Tcon,0.964014208,0.484378725,0.518391905,0.804045939,5,1,ORAI2,up,FALSE
GOMF_MRNA_3_UTR_AU_RICH_REGION_BINDING,GOMF_MRNA_3_UTR_AU_RICH_REGION_BINDING,GO_MF,Tcon,SF_vs_PB_Tcon,0.955888832,0.308906558,0.518886789,0.804045939,24,7,ARID5A/ZC3H12A/CPEB2/EXOSC4/ZFP36/ZFP36L1/NUDT21,up,FALSE
GOMF_INTRAMOLECULAR_TRANSFERASE_ACTIVITY,GOMF_INTRAMOLECULAR_TRANSFERASE_ACTIVITY,GO_MF,Tcon,SF_vs_PB_Tcon,0.954864377,0.305490861,0.520084915,0.805015924,25,6,BPGM/PGAM1/PGM2L1/PGM1/PMM1/PGAM4,up,FALSE
GOMF_CHROMATIN_PROTEIN_ADAPTOR_ACTIVITY,GOMF_CHROMATIN_PROTEIN_ADAPTOR_ACTIVITY,GO_MF,Tcon,SF_vs_PB_Tcon,-0.971734154,-0.21615405,0.521177791,0.805821047,114,34,RAD17/DNAJC2/PHIP/GLYR1/ATAD2B/DNMT1/THAP7/MTF2/ING4/MORC4/L3MBTL2/CBX5/ZCWPW2/BRPF3/MBTD1/LBR/ING3/ATRX/TAF3/ZMYND8/CBX1/MPHOSPH8/SETDB1/MLLT3/JADE1/ZCWPW1/YEATS4/EPC1/PHF1/PWWP2A/STK38/SPIN2B/PHF14/SPIN3,down,FALSE
GOMF_DYNEIN_HEAVY_CHAIN_BINDING,GOMF_DYNEIN_HEAVY_CHAIN_BINDING,GO_MF,Tcon,SF_vs_PB_Tcon,0.953365896,0.431835817,0.522225226,0.806554218,7,4,DYNC1I2/DYNC1LI2/DNAL1/DYNC1LI1,up,FALSE
GOMF_SIRNA_BINDING,GOMF_SIRNA_BINDING,GO_MF,Tcon,SF_vs_PB_Tcon,0.949112562,0.39924126,0.524060093,0.806909524,9,2,MBD2/TLR7,up,FALSE
GOMF_CALCIUM_ACTIVATED_POTASSIUM_CHANNEL_ACTIVITY,GOMF_CALCIUM_ACTIVATED_POTASSIUM_CHANNEL_ACTIVITY,GO_MF,Tcon,SF_vs_PB_Tcon,0.958602147,0.48165938,0.524721142,0.806909524,5,1,KCNN4,up,FALSE
GOMF_NUCLEOTIDASE_ACTIVITY,GOMF_NUCLEOTIDASE_ACTIVITY,GO_MF,Tcon,SF_vs_PB_Tcon,-0.946114528,-0.375690425,0.525237024,0.806909524,10,4,BPNT1/NT5DC1/NT5E/NT5C3B,down,FALSE
GOMF_14_3_3_PROTEIN_BINDING,GOMF_14_3_3_PROTEIN_BINDING,GO_MF,Tcon,SF_vs_PB_Tcon,0.952270773,0.301913814,0.525757548,0.806909524,26,9,DDIT4/KIF13B/YWHAQ/KSR1/AKT1/TMCC3/HLA-F/ZFP36/ZFP36L1,up,FALSE
GOMF_MITOGEN_ACTIVATED_PROTEIN_KINASE_KINASE_BINDING,GOMF_MITOGEN_ACTIVATED_PROTEIN_KINASE_KINASE_BINDING,GO_MF,Tcon,SF_vs_PB_Tcon,-0.946969376,-0.38884655,0.526119874,0.806909524,9,3,ACE/KSR2/TRIB2,down,FALSE
GOMF_CORE_PROMOTER_SEQUENCE_SPECIFIC_DNA_BINDING,GOMF_CORE_PROMOTER_SEQUENCE_SPECIFIC_DNA_BINDING,GO_MF,Tcon,SF_vs_PB_Tcon,-0.955804801,-0.265805803,0.526362681,0.806909524,37,8,REST/TBP/UBTF/HDAC1/FOXP1/NPM1/TP53/MYC,down,FALSE
GOMF_PROTEASOME_BINDING,GOMF_PROTEASOME_BINDING,GO_MF,Tcon,SF_vs_PB_Tcon,0.948189227,0.339738101,0.526941407,0.806909524,16,5,UBAC1/ADRM1/PSME4/PSMD14/PSMG1,up,FALSE
GOMF_CYSTEINE_TYPE_PEPTIDASE_ACTIVITY,GOMF_CYSTEINE_TYPE_PEPTIDASE_ACTIVITY,GO_MF,Tcon,SF_vs_PB_Tcon,0.968282046,0.222966495,0.52704325,0.806909524,133,44,CTSB/CTSL/JOSD1/CTSD/USP35/CAPN2/TANK/USP18/CASP3/ZC3H12A/CASP7/JOSD2/CASP9/CAPNS1/GGH/USP28/USP31/ESPL1/USP12/OTUD1/CFLAR/CTSK/SCRN2/CTSC/CTSZ/CTSW/CTSS/ATG4B/CASP8/OTUD7B/CAPN1/TNFAIP3/OTUB2/CAPN12/USP36/UFSP2/USP25/VCPIP1/CAPN10/USP1/SENP1/USP8/USP4/USP38,up,FALSE
GOMF_3_OVERHANG_SINGLE_STRANDED_DNA_ENDODEOXYRIBONUCLEASE_ACTIVITY,GOMF_3_OVERHANG_SINGLE_STRANDED_DNA_ENDODEOXYRIBONUCLEASE_ACTIVITY,GO_MF,Tcon,SF_vs_PB_Tcon,-0.955225912,-0.472533828,0.528139149,0.807708459,5,4,XRCC1/ASTE1/SND1/ERCC4,down,FALSE
GOMF_UBIQUITIN_CONJUGATING_ENZYME_BINDING,GOMF_UBIQUITIN_CONJUGATING_ENZYME_BINDING,GO_MF,Tcon,SF_vs_PB_Tcon,0.947930606,0.303272532,0.530003843,0.809232305,25,12,RNF19A/RNF14/RNF19B/TOLLIP/PPARA/DCUN1D3/DCUN1D1/RNF217/DCUN1D5/AUP1/ARIH2/SIAH2,up,FALSE
GOMF_HISTONE_H4_DEMETHYLASE_ACTIVITY,GOMF_HISTONE_H4_DEMETHYLASE_ACTIVITY,GO_MF,Tcon,SF_vs_PB_Tcon,0.944460114,0.411647072,0.530285846,0.809232305,8,1,JMJD6,up,FALSE
GOMF_LIPOPROTEIN_PARTICLE_RECEPTOR_BINDING,GOMF_LIPOPROTEIN_PARTICLE_RECEPTOR_BINDING,GO_MF,Tcon,SF_vs_PB_Tcon,0.946262594,0.319727648,0.531198732,0.809747146,20,6,CLU/PICALM/CLTC/LRPAP1/DAB2/APOE,up,FALSE
GOMF_1_PHOSPHATIDYLINOSITOL_3_KINASE_ACTIVITY,GOMF_1_PHOSPHATIDYLINOSITOL_3_KINASE_ACTIVITY,GO_MF,Tcon,SF_vs_PB_Tcon,-0.942428792,-0.386982086,0.532092534,0.810231813,9,2,PIK3C3/ATM,down,FALSE
GOMF_POLYAMINE_TRANSMEMBRANE_TRANSPORTER_ACTIVITY,GOMF_POLYAMINE_TRANSMEMBRANE_TRANSPORTER_ACTIVITY,GO_MF,Tcon,SF_vs_PB_Tcon,-0.949288524,-0.469596704,0.534920407,0.813109262,5,2,SLC18B1/ATP13A4,down,FALSE
GOMF_PHOSPHOTYROSINE_RESIDUE_BINDING,GOMF_PHOSPHOTYROSINE_RESIDUE_BINDING,GO_MF,Tcon,SF_vs_PB_Tcon,0.950114774,0.27356751,0.535782062,0.813109262,39,10,SAMSN1/SYK/CBLB/HCK/PLCG2/SLA/VAV2/MAPK1/PIK3R3/BCAR3,up,FALSE
GOMF_ICOSANOID_RECEPTOR_ACTIVITY,GOMF_ICOSANOID_RECEPTOR_ACTIVITY,GO_MF,Tcon,SF_vs_PB_Tcon,0.94093249,0.374209658,0.535874695,0.813109262,11,6,PPARG/CYSLTR1/LTB4R/HPGD/PTGER4/PTGDR,up,FALSE
GOMF_SEMAPHORIN_RECEPTOR_BINDING,GOMF_SEMAPHORIN_RECEPTOR_BINDING,GO_MF,Tcon,SF_vs_PB_Tcon,0.94104763,0.343246342,0.536724542,0.813109262,15,3,SEMA4A/SEMA7A/PLXNB1,up,FALSE
GOMF_CAMP_DEPENDENT_PROTEIN_KINASE_ACTIVITY,GOMF_CAMP_DEPENDENT_PROTEIN_KINASE_ACTIVITY,GO_MF,Tcon,SF_vs_PB_Tcon,0.947878891,0.476271371,0.536871716,0.813109262,5,3,PRKX/PRKAG1/PRKAA1,up,FALSE
GOMF_MAGNESIUM_ION_TRANSMEMBRANE_TRANSPORTER_ACTIVITY,GOMF_MAGNESIUM_ION_TRANSMEMBRANE_TRANSPORTER_ACTIVITY,GO_MF,Tcon,SF_vs_PB_Tcon,0.940090708,0.349661326,0.537457809,0.81312165300000006,14,7,SLC41A2/NIPA1/CNNM4/NIPA2/NIPAL2/MAGT1/SLC41A1,up,FALSE
GOMF_THREONINE_TYPE_PEPTIDASE_ACTIVITY,GOMF_THREONINE_TYPE_PEPTIDASE_ACTIVITY,GO_MF,Tcon,SF_vs_PB_Tcon,0.93912243,0.373489795,0.538253654,0.813451011,11,2,GGT1/PSMB6,up,FALSE
GOMF_DEMETHYLASE_ACTIVITY,GOMF_DEMETHYLASE_ACTIVITY,GO_MF,Tcon,SF_vs_PB_Tcon,-0.947379189,-0.258618859,0.542299051,0.81868537,40,20,JMJD1C/ALKBH4/KDM1B/KDM3A/ALKBH1/METTL4/KDM2A/RSBN1L/KDM4D/FTO/KDM1A/RAD23B/KDM5D/MMACHC/ALKBH3/KDM8/KDM4C/UTY/ALKBH2/ALKBH7,down,FALSE
GOMF_HISTONE_H3K4_METHYLTRANSFERASE_ACTIVITY,GOMF_HISTONE_H3K4_METHYLTRANSFERASE_ACTIVITY,GO_MF,Tcon,SF_vs_PB_Tcon,0.935227211,0.34112335,0.543894885,0.820214473,15,1,SETD7,up,FALSE
GOMF_NUCLEOSIDE_MONOPHOSPHATE_KINASE_ACTIVITY,GOMF_NUCLEOSIDE_MONOPHOSPHATE_KINASE_ACTIVITY,GO_MF,Tcon,SF_vs_PB_Tcon,0.933357022,0.34044119900000003,0.546241201,0.822870846,15,7,CASK/CMPK2/AK4/AK1/CMPK1/GUK1/MPP1,up,FALSE
GOMF_FLAVIN_ADENINE_DINUCLEOTIDE_BINDING,GOMF_FLAVIN_ADENINE_DINUCLEOTIDE_BINDING,GO_MF,Tcon,SF_vs_PB_Tcon,0.947800412,0.248937238,0.548490133,0.825374991,61,14,MICAL1/SQLE/CYB5R3/DHCR24/ACOX3/CYBB/QSOX1/MICAL2/TXNRD1/PPOX/CRY1/NQO2/STEAP3/POR,up,FALSE
GOMF_AROMATIC_AMINO_ACID_TRANSMEMBRANE_TRANSPORTER_ACTIVITY,GOMF_AROMATIC_AMINO_ACID_TRANSMEMBRANE_TRANSPORTER_ACTIVITY,GO_MF,Tcon,SF_vs_PB_Tcon,0.928526037,0.404702135,0.550066319,0.825681213,8,4,SLC3A2/SLC15A4/SLC43A2/SLC7A5,up,FALSE
GOMF_SUGAR_TRANSMEMBRANE_TRANSPORTER_ACTIVITY,GOMF_SUGAR_TRANSMEMBRANE_TRANSPORTER_ACTIVITY,GO_MF,Tcon,SF_vs_PB_Tcon,0.929035467,0.352537532,0.550318327,0.825681213,13,3,SLC2A8/SLC2A3/SLC2A1,up,FALSE
GOMF_MODIFIED_AMINO_ACID_TRANSMEMBRANE_TRANSPORTER_ACTIVITY,GOMF_MODIFIED_AMINO_ACID_TRANSMEMBRANE_TRANSPORTER_ACTIVITY,GO_MF,Tcon,SF_vs_PB_Tcon,0.932514123,0.31508225,0.550941031,0.825681213,20,6,SLC1A4/SLC22A4/SLC6A8/ABCC1/CTNS/SLC25A12,up,FALSE
GOMF_NEUROPEPTIDE_RECEPTOR_ACTIVITY,GOMF_NEUROPEPTIDE_RECEPTOR_ACTIVITY,GO_MF,Tcon,SF_vs_PB_Tcon,0.929589053,0.441026571,0.55104098,0.825681213,6,2,CYSLTR1/GPR171,up,FALSE
GOMF_ENOYL_COA_HYDRATASE_ACTIVITY,GOMF_ENOYL_COA_HYDRATASE_ACTIVITY,GO_MF,Tcon,SF_vs_PB_Tcon,-0.926662348,-0.394273378,0.552510369,0.827002222,8,4,HADHA/ECHDC2/AUH/HSD17B4,down,FALSE
GOMF_PHOSPHOLIPASE_A2_ACTIVITY,GOMF_PHOSPHOLIPASE_A2_ACTIVITY,GO_MF,Tcon,SF_vs_PB_Tcon,-0.929572414,-0.326939251,0.553427355,0.827494461,15,3,ABHD3/PNPLA4/PLA2G12A,down,FALSE
GOMF_PROTEIN_PHOSPHATASE_1_BINDING,GOMF_PROTEIN_PHOSPHATASE_1_BINDING,GO_MF,Tcon,SF_vs_PB_Tcon,0.93178583,0.311147644,0.554550646,0.828293799,21,12,PPP1R3B/PPP1R15A/LILRB1/STAU1/LILRB2/AKAP11/PPP1R15B/SHOC2/TPRN/PPP1CA/PPP1R3D/PPP1R9B,up,FALSE
GOMF_MICROTUBULE_SEVERING_ATPASE_ACTIVITY,GOMF_MICROTUBULE_SEVERING_ATPASE_ACTIVITY,GO_MF,Tcon,SF_vs_PB_Tcon,0.928842462,0.466706324,0.557656619,0.831295201,5,2,KATNAL1/KATNA1,up,FALSE
GOMF_CULLIN_FAMILY_PROTEIN_BINDING,GOMF_CULLIN_FAMILY_PROTEIN_BINDING,GO_MF,Tcon,SF_vs_PB_Tcon,0.929521422,0.303475596,0.55774177,0.831295201,23,11,KCTD21/RNF7/KCTD9/RBX1/KCTD17/DCUN1D3/KCTD2/DCUN1D1/DDB1/DCUN1D5/ANAPC11,up,FALSE
GOMF_INTRAMEMBRANE_LIPID_TRANSPORTER_ACTIVITY,GOMF_INTRAMEMBRANE_LIPID_TRANSPORTER_ACTIVITY,GO_MF,Tcon,SF_vs_PB_Tcon,-0.939164081,-0.254715464,0.559792703,0.833469136,41,6,ATP8B2/ATP8A2/XKR9/ATG9B/TMEM63A/SERINC5,down,FALSE
GOMF_AP_2_ADAPTOR_COMPLEX_BINDING,GOMF_AP_2_ADAPTOR_COMPLEX_BINDING,GO_MF,Tcon,SF_vs_PB_Tcon,-0.917224122,-0.3642184,0.564022788,0.838879559,10,2,AAK1/LDLRAP1,down,FALSE
GOMF_AP_1_ADAPTOR_COMPLEX_BINDING,GOMF_AP_1_ADAPTOR_COMPLEX_BINDING,GO_MF,Tcon,SF_vs_PB_Tcon,-0.922156581,-0.456174999,0.565302903,0.839040095,5,1,LDLRAP1,down,FALSE
GOMF_UDP_XYLOSYLTRANSFERASE_ACTIVITY,GOMF_UDP_XYLOSYLTRANSFERASE_ACTIVITY,GO_MF,Tcon,SF_vs_PB_Tcon,-0.922147937,-0.456170723,0.56532339,0.839040095,5,4,XXYLT1/XYLT2/GXYLT1/POGLUT1,down,FALSE
GOMF_ARP2_3_COMPLEX_BINDING,GOMF_ARP2_3_COMPLEX_BINDING,GO_MF,Tcon,SF_vs_PB_Tcon,0.917733523,0.355868881,0.566388115,0.83973454,12,3,IQGAP2/SNX9/GMFB,up,FALSE
GOMF_K48_LINKED_DEUBIQUITINASE_ACTIVITY,GOMF_K48_LINKED_DEUBIQUITINASE_ACTIVITY,GO_MF,Tcon,SF_vs_PB_Tcon,0.91592704,0.347563328,0.568114409,0.841303217,13,10,OTUD7B/USP36/USP8/USP9X/OTUD5/ATXN3/USP27X/YOD1/USP7/USP13,up,FALSE
GOMF_INOSITOL_1_4_5_TRISPHOSPHATE_5_PHOSPHATASE_ACTIVITY,GOMF_INOSITOL_1_4_5_TRISPHOSPHATE_5_PHOSPHATASE_ACTIVITY,GO_MF,Tcon,SF_vs_PB_Tcon,-0.913309254,-0.426015207,0.569490055,0.841303217,6,3,SYNJ2/OCRL/INPP5B,down,FALSE
GOMF_PROTEIN_TRANSPORTER_ACTIVITY,GOMF_PROTEIN_TRANSPORTER_ACTIVITY,GO_MF,Tcon,SF_vs_PB_Tcon,-0.931673295,-0.257298488,0.569625752,0.841303217,38,6,TOMM7/PEX6/TIMM9/M6PR/IGF1R/SORL1,down,FALSE
GOMF_HYDROLASE_ACTIVITY_HYDROLYZING_N_GLYCOSYL_COMPOUNDS,GOMF_HYDROLASE_ACTIVITY_HYDROLYZING_N_GLYCOSYL_COMPOUNDS,GO_MF,Tcon,SF_vs_PB_Tcon,0.924521202,0.287656153,0.57011536,0.841303217,28,6,IL18RAP/IL18R1/ADPRH/DNPH1/NEIL3/MAN2A2,up,FALSE
GOMF_HISTONE_ACETYLTRANSFERASE_BINDING,GOMF_HISTONE_ACETYLTRANSFERASE_BINDING,GO_MF,Tcon,SF_vs_PB_Tcon,0.920423939,0.303786199,0.57043587,0.841303217,22,9,KAT2B/EGR1/TRIP4/FOXP3/PCNA/ZBTB7A/SIRT2/CEBPB/SP1,up,FALSE
GOMF_PROTEIN_KINASE_A_BINDING,GOMF_PROTEIN_KINASE_A_BINDING,GO_MF,Tcon,SF_vs_PB_Tcon,0.926901315,0.268531673,0.571194966,0.841540647,38,7,EZR/PRKAR1A/RDX/GSKIP/AKAP5/AKAP13/RYR2,up,FALSE
GOMF_RNA_ENDONUCLEASE_ACTIVITY_PRODUCING_5_PHOSPHOMONOESTERS_HYDROLYTIC_MECHANISM,GOMF_RNA_ENDONUCLEASE_ACTIVITY_PRODUCING_5_PHOSPHOMONOESTERS_HYDROLYTIC_MECHANISM,GO_MF,Tcon,SF_vs_PB_Tcon,-0.926489419,-0.270668592,0.571795789,0.841544639,30,13,AGO3/RPPH1/DROSHA/RPP25/RPP38/RPP40/MRPL44/ELAC1/RNASEH1/NUDT12/POP5/APEX1/PLD6,down,FALSE
GOMF_SHORT_CHAIN_CARBOXYLESTERASE_ACTIVITY,GOMF_SHORT_CHAIN_CARBOXYLESTERASE_ACTIVITY,GO_MF,Tcon,SF_vs_PB_Tcon,0.915910783,0.460208671,0.572835069,0.842193251,5,2,ABHD15/ABHD2,up,FALSE
GOMF_CYSTEINE_TYPE_ENDOPEPTIDASE_INHIBITOR_ACTIVITY_INVOLVED_IN_APOPTOTIC_PROCESS,GOMF_CYSTEINE_TYPE_ENDOPEPTIDASE_INHIBITOR_ACTIVITY_INVOLVED_IN_APOPTOTIC_PROCESS,GO_MF,Tcon,SF_vs_PB_Tcon,-0.911951422,-0.334117052,0.573987125,0.842695836,13,3,SERPINB9/CD27/TNFAIP8,down,FALSE
GOMF_OXYSTEROL_BINDING,GOMF_OXYSTEROL_BINDING,GO_MF,Tcon,SF_vs_PB_Tcon,0.910809563,0.345621418,0.57502881,0.842695836,13,4,VDAC1/CAV1/INSIG1/RORC,up,FALSE
GOMF_HISTONE_H3_DEMETHYLASE_ACTIVITY,GOMF_HISTONE_H3_DEMETHYLASE_ACTIVITY,GO_MF,Tcon,SF_vs_PB_Tcon,0.918486822,0.299872955,0.575102881,0.842695836,23,2,KDM5B/JMJD6,up,FALSE
GOMF_MANNOSYL_OLIGOSACCHARIDE_MANNOSIDASE_ACTIVITY,GOMF_MANNOSYL_OLIGOSACCHARIDE_MANNOSIDASE_ACTIVITY,GO_MF,Tcon,SF_vs_PB_Tcon,0.910417638,0.371676329,0.575572636,0.842695836,10,3,MAN1A1/EDEM1/MAN2A2,up,FALSE
GOMF_GLYCOSPHINGOLIPID_BINDING,GOMF_GLYCOSPHINGOLIPID_BINDING,GO_MF,Tcon,SF_vs_PB_Tcon,-0.905533178,-0.402218877,0.577944166,0.8452884,7,4,SELP/IL2/SELL/CLIP3,down,FALSE
GOMF_OMEGA_PEPTIDASE_ACTIVITY,GOMF_OMEGA_PEPTIDASE_ACTIVITY,GO_MF,Tcon,SF_vs_PB_Tcon,0.903909186,0.409433947,0.581389511,0.849444488,7,2,GGT1/GGH,up,FALSE
GOMF_HISTONE_BINDING,GOMF_HISTONE_BINDING,GO_MF,Tcon,SF_vs_PB_Tcon,-0.952859687,-0.202671085,0.58382121,0.851330991,152,22,HDAC2/AGER/MLLT3/NCAPD2/YEATS4/TSPYL2/NAP1L2/PRMT7/APLF/ZZZ3/TSPYL1/CHD7/PWWP2A/NAP1L3/RCC1/L3MBTL3/AIRE/SCML1/NPM1/PRKCB/PHF14/SCML4,down,FALSE
GOMF_METALLOEXOPEPTIDASE_ACTIVITY,GOMF_METALLOEXOPEPTIDASE_ACTIVITY,GO_MF,Tcon,SF_vs_PB_Tcon,0.922383268,0.261507785,0.583890836,0.851330991,42,15,VASH1/LAP3/NUDT16/RNPEPL1/ANPEP/NPEPL1/ADAM17/ZMPSTE24/ERMP1/DPP3/CPD/MMP14/AGBL5/MMP15/PRCP,up,FALSE
GOMF_3_PHOSPHOADENOSINE_5_PHOSPHOSULFATE_BINDING,GOMF_3_PHOSPHOADENOSINE_5_PHOSPHOSULFATE_BINDING,GO_MF,Tcon,SF_vs_PB_Tcon,-0.905230999,-0.447802205,0.584642806,0.851544956,5,2,SULT1A1/GAL3ST4,down,FALSE
GOMF_PHOTORECEPTOR_ACTIVITY,GOMF_PHOTORECEPTOR_ACTIVITY,GO_MF,Tcon,SF_vs_PB_Tcon,-0.903895422,-0.447141518,0.585953986,0.851896821,5,2,ELOVL4/CRY2,down,FALSE
GOMF_U1_SNRNP_BINDING,GOMF_U1_SNRNP_BINDING,GO_MF,Tcon,SF_vs_PB_Tcon,-0.89944644,-0.399515276,0.586095325,0.851896821,7,4,RBM39/LEMD3/SNRNP70/SNRPA,down,FALSE
GOMF_ANGIOTENSIN_RECEPTOR_BINDING,GOMF_ANGIOTENSIN_RECEPTOR_BINDING,GO_MF,Tcon,SF_vs_PB_Tcon,0.901312167,0.452873448,0.5906507,0.856516875,5,3,ARRB2/ARRB1/JAK2,up,FALSE
GOMF_SOLUTE_POTASSIUM_ANTIPORTER_ACTIVITY,GOMF_SOLUTE_POTASSIUM_ANTIPORTER_ACTIVITY,GO_MF,Tcon,SF_vs_PB_Tcon,0.895711286,0.405720633,0.591121495,0.856516875,7,7,TMCO3/SLC9A8/SLC9A1/SLC9A9/SLC24A1/SLC9A6/SLC9A7,up,FALSE
GOMF_PROTEIN_KINASE_B_BINDING,GOMF_PROTEIN_KINASE_B_BINDING,GO_MF,Tcon,SF_vs_PB_Tcon,0.895596877,0.376730053,0.591645695,0.856516875,9,4,CCDC88A/PINK1/ARRB2/RARA,up,FALSE
GOMF_HISTONE_H3K14_ACETYLTRANSFERASE_ACTIVITY,GOMF_HISTONE_H3K14_ACETYLTRANSFERASE_ACTIVITY,GO_MF,Tcon,SF_vs_PB_Tcon,-0.897058348,-0.35621082,0.591708886,0.856516875,10,5,ING4/KAT7/BRPF3/KAT6B/JADE1,down,FALSE
GOMF_TRANSMEMBRANE_RECEPTOR_PROTEIN_TYROSINE_KINASE_ADAPTOR_ACTIVITY,GOMF_TRANSMEMBRANE_RECEPTOR_PROTEIN_TYROSINE_KINASE_ADAPTOR_ACTIVITY,GO_MF,Tcon,SF_vs_PB_Tcon,-0.901543796,-0.317081326,0.593297237,0.857933415,15,10,FRS3/FRS2/IRS2/IRS1/PIK3R1/TRADD/STAP1/GRB2/SH2B1/TRAT1,down,FALSE
GOMF_ACYL_COA_HYDROLASE_ACTIVITY,GOMF_ACYL_COA_HYDROLASE_ACTIVITY,GO_MF,Tcon,SF_vs_PB_Tcon,0.904309068,0.298467481,0.595124731,0.859692502,22,4,ACOT7/ACOT9/ACOT4/ACOT11,up,FALSE
GOMF_RNA_POLYMERASE_II_INTRONIC_TRANSCRIPTION_REGULATORY_REGION_SEQUENCE_SPECIFIC_DNA_BINDING,GOMF_RNA_POLYMERASE_II_INTRONIC_TRANSCRIPTION_REGULATORY_REGION_SEQUENCE_SPECIFIC_DNA_BINDING,GO_MF,Tcon,SF_vs_PB_Tcon,-0.89061823,-0.415430926,0.597641324,0.862442403,6,4,ZC3H8/SMYD3/HSF1/HSF2,down,FALSE
GOMF_POLYUBIQUITIN_MODIFICATION_DEPENDENT_PROTEIN_BINDING,GOMF_POLYUBIQUITIN_MODIFICATION_DEPENDENT_PROTEIN_BINDING,GO_MF,Tcon,SF_vs_PB_Tcon,0.916120661,0.253723543,0.599145104,0.863222897,47,6,TNIP3/EPS15/IKBKG/UBAC1/OPTN/SQSTM1,up,FALSE
GOMF_OXIDOREDUCTASE_ACTIVITY_ACTING_ON_A_SULFUR_GROUP_OF_DONORS_OXYGEN_AS_ACCEPTOR,GOMF_OXIDOREDUCTASE_ACTIVITY_ACTING_ON_A_SULFUR_GROUP_OF_DONORS_OXYGEN_AS_ACCEPTOR,GO_MF,Tcon,SF_vs_PB_Tcon,0.889207814,0.387565115,0.599796236,0.863222897,8,2,QSOX1/SUOX,up,FALSE
GOMF_GABA_RECEPTOR_BINDING,GOMF_GABA_RECEPTOR_BINDING,GO_MF,Tcon,SF_vs_PB_Tcon,0.892465944,0.34607089,0.600022739,0.863222897,12,6,AKAP5/GABARAPL1/GABARAP/JAKMIP1/TRAK1/GABARAPL2,up,FALSE
GOMF_INTRAMOLECULAR_OXIDOREDUCTASE_ACTIVITY_INTERCONVERTING_KETO_AND_ENOL_GROUPS,GOMF_INTRAMOLECULAR_OXIDOREDUCTASE_ACTIVITY_INTERCONVERTING_KETO_AND_ENOL_GROUPS,GO_MF,Tcon,SF_vs_PB_Tcon,0.887314517,0.420970189,0.60248904700000006,0.86581373,6,2,MIF/FAHD2B,up,FALSE
GOMF_HEPARAN_SULFATE_BINDING,GOMF_HEPARAN_SULFATE_BINDING,GO_MF,Tcon,SF_vs_PB_Tcon,0.886169075,0.420426755,0.604001086,0.86581373,6,1,FURIN,up,FALSE
GOMF_PROMOTER_SPECIFIC_CHROMATIN_BINDING,GOMF_PROMOTER_SPECIFIC_CHROMATIN_BINDING,GO_MF,Tcon,SF_vs_PB_Tcon,-0.925616272,-0.23092933,0.604163201,0.86581373,61,14,DDX5/RBL2/TRIM28/IRF3/ERCC4/HDAC2/ZNF609/SETDB1/HDAC1/EHMT2/CHD7/TP53/STAT5A/KAT8,down,FALSE
GOMF_L_LEUCINE_BINDING,GOMF_L_LEUCINE_BINDING,GO_MF,Tcon,SF_vs_PB_Tcon,-0.885601706,-0.393365735,0.604285062,0.86581373,7,2,SESN3/SESN1,down,FALSE
GOMF_PHOSPHATE_ION_BINDING,GOMF_PHOSPHATE_ION_BINDING,GO_MF,Tcon,SF_vs_PB_Tcon,0.883681828,0.419246726,0.606870081,0.868632964,6,4,MTHFD2/RELA/NCEH1/PNP,up,FALSE
GOMF_PROTEIN_ARGININE_OMEGA_N_ASYMMETRIC_METHYLTRANSFERASE_ACTIVITY,GOMF_PROTEIN_ARGININE_OMEGA_N_ASYMMETRIC_METHYLTRANSFERASE_ACTIVITY,GO_MF,Tcon,SF_vs_PB_Tcon,-0.881944266,-0.411384936,0.608174815,0.869615817,6,4,PRMT2/PRMT6/METTL23/PRMT3,down,FALSE
GOMF_METAL_CATION_MONOATOMIC_CATION_ANTIPORTER_ACTIVITY,GOMF_METAL_CATION_MONOATOMIC_CATION_ANTIPORTER_ACTIVITY,GO_MF,Tcon,SF_vs_PB_Tcon,0.896757481,0.292778633,0.609182099,0.87017179,23,10,SLC8A1/SLC4A8/CHP1/SLC30A1/SLC11A1/TMCO3/SLC41A1/SLC4A10/SLC41A3/SLC9A8,up,FALSE
GOMF_NADPLUS_PROTEIN_ASPARTATE_ADP_RIBOSYLTRANSFERASE_ACTIVITY,GOMF_NADPLUS_PROTEIN_ASPARTATE_ADP_RIBOSYLTRANSFERASE_ACTIVITY,GO_MF,Tcon,SF_vs_PB_Tcon,0.885055381,0.335848577,0.610942134,0.871800794,13,2,PARP4/PARP12,up,FALSE
GOMF_MYOSIN_II_BINDING,GOMF_MYOSIN_II_BINDING,GO_MF,Tcon,SF_vs_PB_Tcon,0.87881999,0.398069566,0.611570248,0.871812907,7,3,TRIOBP/GSN/LLGL1,up,FALSE
GOMF_GROWTH_HORMONE_RECEPTOR_BINDING,GOMF_GROWTH_HORMONE_RECEPTOR_BINDING,GO_MF,Tcon,SF_vs_PB_Tcon,0.882645956,0.44349442,0.612431873,0.872157535,5,3,JAK3/TYK2/JAK2,up,FALSE
GOMF_2_OXOGLUTARATE_DEPENDENT_DIOXYGENASE_ACTIVITY,GOMF_2_OXOGLUTARATE_DEPENDENT_DIOXYGENASE_ACTIVITY,GO_MF,Tcon,SF_vs_PB_Tcon,-0.917037644,-0.232755776,0.61388358,0.873087587,56,18,KDM4D/FTO/HSPBAP1/KDM1A/RAD23B/ALKBH8/TET1/KDM5D/ALKBH3/KDM8/KDM4C/P4HTM/UTY/EGLN3/TMLHE/ALKBH2/ASPH/ALKBH7,down,FALSE
GOMF_GLUCOSIDASE_ACTIVITY,GOMF_GLUCOSIDASE_ACTIVITY,GO_MF,Tcon,SF_vs_PB_Tcon,-0.876981089,-0.409069851,0.614598178,0.873087587,6,5,GANAB/MOGS/AGL/GAA/GANC,down,FALSE
GOMF_LIGAND_GATED_MONOATOMIC_CATION_CHANNEL_ACTIVITY,GOMF_LIGAND_GATED_MONOATOMIC_CATION_CHANNEL_ACTIVITY,GO_MF,Tcon,SF_vs_PB_Tcon,0.906650468,0.252272383,0.615338673,0.873087587,46,18,KCNN4/ITPR2/ITPR3/CHRNA5/ITPR1/TRPM2/RYR1/RYR2/CHRNE/CHRFAM7A/CHRNB1/MCOLN1/MCOLN2/CATSPER1/CHRNA6/TRPM4/KCNMA1/TMEM63B,up,FALSE
GOMF_PRIMARY_ACTIVE_TRANSMEMBRANE_TRANSPORTER_ACTIVITY,GOMF_PRIMARY_ACTIVE_TRANSMEMBRANE_TRANSPORTER_ACTIVITY,GO_MF,Tcon,SF_vs_PB_Tcon,0.928317512,0.216581722,0.615702952,0.873087587,122,34,ATP2B4/ATP1B1/TAP1/NDUFA6/ATP6V1A/COX8A/NDUFB2/ATP2B1/ATP6V0D1/ATP6V0B/TCIRG1/ATP2A2/ATP2A3/ATP6V1B2/ABCB10/ABCB1/ABCA2/NDUFS6/ATP6V1D/NDUFV2/ATP6V1E1/ABCC3/ABCC1/ATP6V1F/ATP13A2/ABCD1/ABCB8/ABCG1/ABCD4/NDUFA1/NDUFB7/ABCA3/ATP6V0A1/CYB561D2,up,FALSE
GOMF_HISTONE_H3K9_METHYLTRANSFERASE_ACTIVITY,GOMF_HISTONE_H3K9_METHYLTRANSFERASE_ACTIVITY,GO_MF,Tcon,SF_vs_PB_Tcon,-0.879284807,-0.349153166,0.61624167,0.873087587,10,7,SETD5/SUV39H2/ASH1L/EHMT1/SETDB2/SETDB1/EHMT2,down,FALSE
GOMF_INTRAMOLECULAR_OXIDOREDUCTASE_ACTIVITY_INTERCONVERTING_ALDOSES_AND_KETOSES,GOMF_INTRAMOLECULAR_OXIDOREDUCTASE_ACTIVITY_INTERCONVERTING_ALDOSES_AND_KETOSES,GO_MF,Tcon,SF_vs_PB_Tcon,-0.875382774,-0.408324313,0.616808146,0.873087587,6,3,MRI1/MPI/RPIA,down,FALSE
GOMF_NUCLEOSIDE_TRANSMEMBRANE_TRANSPORTER_ACTIVITY,GOMF_NUCLEOSIDE_TRANSMEMBRANE_TRANSPORTER_ACTIVITY,GO_MF,Tcon,SF_vs_PB_Tcon,0.87762214,0.440970153,0.618057862,0.873977298,5,3,SLC29A1/SLC29A3/SLC29A4,up,FALSE
GOMF_RNA_EXONUCLEASE_ACTIVITY,GOMF_RNA_EXONUCLEASE_ACTIVITY,GO_MF,Tcon,SF_vs_PB_Tcon,-0.90778488,-0.244673644,0.620091954,0.875973272,42,12,PDE12/EXD2/DCP2/CNOT2/EXOSC2/DIS3L2/EXOSC1/EXOSC8/PAN2/EXOSC5/CNOT7/CNOT8,down,FALSE
GOMF_STRUCTURAL_CONSTITUENT_OF_SYNAPSE,GOMF_STRUCTURAL_CONSTITUENT_OF_SYNAPSE,GO_MF,Tcon,SF_vs_PB_Tcon,0.879261136,0.327036117,0.62116041,0.876602504,14,2,RIMS3/PLS3,up,FALSE
GOMF_GLUCOKINASE_ACTIVITY,GOMF_GLUCOKINASE_ACTIVITY,GO_MF,Tcon,SF_vs_PB_Tcon,-0.873914666,-0.432310553,0.621868022,0.87672175,5,2,GCK/HKDC1,down,FALSE
GOMF_COPPER_ION_TRANSMEMBRANE_TRANSPORTER_ACTIVITY,GOMF_COPPER_ION_TRANSMEMBRANE_TRANSPORTER_ACTIVITY,GO_MF,Tcon,SF_vs_PB_Tcon,-0.869642721,-0.405646852,0.624098974,0.878167103,6,1,SLC46A3,down,FALSE
GOMF_DOUBLE_STRANDED_DNA_EXODEOXYRIBONUCLEASE_ACTIVITY,GOMF_DOUBLE_STRANDED_DNA_EXODEOXYRIBONUCLEASE_ACTIVITY,GO_MF,Tcon,SF_vs_PB_Tcon,-0.868901168,-0.405300953,0.625069707,0.878167103,6,1,APEX1,down,FALSE
GOMF_TRANSITION_METAL_ION_TRANSMEMBRANE_TRANSPORTER_ACTIVITY,GOMF_TRANSITION_METAL_ION_TRANSMEMBRANE_TRANSPORTER_ACTIVITY,GO_MF,Tcon,SF_vs_PB_Tcon,-0.898324471,-0.255046321,0.625379629,0.878167103,34,3,SLC30A5/SLC46A3/SLC40A1,down,FALSE
GOMF_POTASSIUM_PROTON_ANTIPORTER_ACTIVITY,GOMF_POTASSIUM_PROTON_ANTIPORTER_ACTIVITY,GO_MF,Tcon,SF_vs_PB_Tcon,0.86722653,0.411439809,0.625789943,0.878167103,6,2,TMCO3/SLC9A8,up,FALSE
GOMF_CALCIUM_DEPENDENT_PHOSPHOLIPASE_A2_ACTIVITY,GOMF_CALCIUM_DEPENDENT_PHOSPHOLIPASE_A2_ACTIVITY,GO_MF,Tcon,SF_vs_PB_Tcon,-0.869402283,-0.430078355,0.626764459,0.878167103,5,2,PLA2G10/PLA2G12A,down,FALSE
GOMF_PROTEOGLYCAN_SULFOTRANSFERASE_ACTIVITY,GOMF_PROTEOGLYCAN_SULFOTRANSFERASE_ACTIVITY,GO_MF,Tcon,SF_vs_PB_Tcon,0.871699857,0.34667578,0.626903167,0.878167103,11,3,CHST12/CHST11/NDST1,up,FALSE
GOMF_RNA_POLYMERASE_BINDING,GOMF_RNA_POLYMERASE_BINDING,GO_MF,Tcon,SF_vs_PB_Tcon,-0.910495115,-0.231095199,0.627262217,0.878167103,56,21,HNRNPU/ERCC5/MAF1/PABPN1/YTHDC2/SCAF4/RRN3/SCAF8/SMYD3/RECQL5/SMYD2/RPAP2/PCF11/CCNT1/ELP2/ANP32B/POLR2M/RPRD2/RPRD1A/WDR43/BIN1,down,FALSE
GOMF_PROTEIN_N_TERMINAL_AMINO_ACID_ACETYLTRANSFERASE_ACTIVITY,GOMF_PROTEIN_N_TERMINAL_AMINO_ACID_ACETYLTRANSFERASE_ACTIVITY,GO_MF,Tcon,SF_vs_PB_Tcon,0.864945265,0.410357505,0.628717094,0.879328977,6,2,NAA50/NAA20,up,FALSE
GOMF_7S_RNA_BINDING,GOMF_7S_RNA_BINDING,GO_MF,Tcon,SF_vs_PB_Tcon,-0.865756241,-0.384550795,0.630522255,0.880977967,7,4,SRP9/SRP72/EXOSC2/SRP68,down,FALSE
GOMF_NUCLEOBASE_CONTAINING_COMPOUND_KINASE_ACTIVITY,GOMF_NUCLEOBASE_CONTAINING_COMPOUND_KINASE_ACTIVITY,GO_MF,Tcon,SF_vs_PB_Tcon,0.888937111,0.260597728,0.635150306,0.885793539,36,13,NME7/CASK/CMPK2/AK4/UCK2/AK1/CMPK1/TK2/NME9/GUK1/TK1/MPP1/NME6,up,FALSE
GOMF_N_ACYLTRANSFERASE_ACTIVITY,GOMF_N_ACYLTRANSFERASE_ACTIVITY,GO_MF,Tcon,SF_vs_PB_Tcon,0.9038377,0.235309083,0.635227918,0.885793539,64,22,HGSNAT/NAA50/CERS5/KAT2B/NCOA3/ESCO2/NCOA1/EP300/BLOC1S1/BRCA2/NAA20/CERS2/ALAS1/GTF3C4/HAT1/BRD1/NAGS/NAT14/TGM2/CERS4/ARRB1/BAZ1A,up,FALSE
GOMF_5_N_7_METHYLGUANOSINE_5_TRIPHOSPHO_MRNA_HYDROLASE_ACTIVITY,GOMF_5_N_7_METHYLGUANOSINE_5_TRIPHOSPHO_MRNA_HYDROLASE_ACTIVITY,GO_MF,Tcon,SF_vs_PB_Tcon,0.8645537,0.343833747,0.636495128,0.886437443,11,2,NUDT16/NUDT5,up,FALSE
GOMF_AMIDE_TRANSMEMBRANE_TRANSPORTER_ACTIVITY,GOMF_AMIDE_TRANSMEMBRANE_TRANSPORTER_ACTIVITY,GO_MF,Tcon,SF_vs_PB_Tcon,-0.8866947,-0.266003566,0.637757366,0.886437443,27,10,SLC25A39/SLC25A16/SLC33A1/SLC5A6/SLC15A2/ABCC5/SLC25A40/SLC25A42/SLC14A1/AQP3,down,FALSE
GOMF_NEUROTROPHIN_RECEPTOR_BINDING,GOMF_NEUROTROPHIN_RECEPTOR_BINDING,GO_MF,Tcon,SF_vs_PB_Tcon,0.858070314,0.38867081,0.637947015,0.886437443,7,2,EFNA5/NTRK1,up,FALSE
GOMF_RIBONUCLEASE_P_RNA_BINDING,GOMF_RIBONUCLEASE_P_RNA_BINDING,GO_MF,Tcon,SF_vs_PB_Tcon,-0.863582312,-0.342917898,0.638209758,0.886437443,10,7,RPP14/RPP30/RPP21/RPP25/RPP38/RPP40/POP5,down,FALSE
GOMF_SCAVENGER_RECEPTOR_ACTIVITY,GOMF_SCAVENGER_RECEPTOR_ACTIVITY,GO_MF,Tcon,SF_vs_PB_Tcon,0.868928727,0.301693531,0.64155849,0.890209857,18,7,CXCL16/MSR1/SCARF1/SCARB2/CD163/STAB1/CD36,up,FALSE
GOMF_MOLECULAR_TAG_ACTIVITY,GOMF_MOLECULAR_TAG_ACTIVITY,GO_MF,Tcon,SF_vs_PB_Tcon,0.86323146,0.321073971,0.642920446,0.890865827,14,6,ISG15/NEDD8/UBL5/UBC/URM1/SUMO3,up,FALSE
GOMF_DNA_ENDONUCLEASE_ACTIVITY_PRODUCING_5_PHOSPHOMONOESTERS,GOMF_DNA_ENDONUCLEASE_ACTIVITY_PRODUCING_5_PHOSPHOMONOESTERS,GO_MF,Tcon,SF_vs_PB_Tcon,0.862921776,0.320958786,0.643297569,0.890865827,14,5,MGME1/ENDOV/FEN1/GEN1/DNASE1L3,up,FALSE
GOMF_POTASSIUM_CHANNEL_INHIBITOR_ACTIVITY,GOMF_POTASSIUM_CHANNEL_INHIBITOR_ACTIVITY,GO_MF,Tcon,SF_vs_PB_Tcon,-0.858595799,-0.340937816,0.644831718,0.892015879,10,2,PRKACB/NEDD4L,down,FALSE
GOMF_CARBOXYPEPTIDASE_ACTIVITY,GOMF_CARBOXYPEPTIDASE_ACTIVITY,GO_MF,Tcon,SF_vs_PB_Tcon,-0.877683016,-0.271340314,0.645395995,0.892015879,24,7,BLMH/AGBL2/PM20D2/CPA5/AGTPBP1/AEBP1/PEPD,down,FALSE
GOMF_ATP_DEPENDENT_PROTEIN_DISAGGREGASE_ACTIVITY,GOMF_ATP_DEPENDENT_PROTEIN_DISAGGREGASE_ACTIVITY,GO_MF,Tcon,SF_vs_PB_Tcon,0.849423658,0.402993562,0.648237894,0.893988054,6,2,HSPA1A/HSPA1B,up,FALSE
GOMF_TBP_CLASS_PROTEIN_BINDING,GOMF_TBP_CLASS_PROTEIN_BINDING,GO_MF,Tcon,SF_vs_PB_Tcon,0.873392271,0.276905687,0.649690032,0.893988054,26,7,DRAP1/HHEX/TAF13/NR3C1/TAF1B/AHR/GTF2A1,up,FALSE
GOMF_CYCLIC_NUCLEOTIDE_DEPENDENT_PROTEIN_KINASE_ACTIVITY,GOMF_CYCLIC_NUCLEOTIDE_DEPENDENT_PROTEIN_KINASE_ACTIVITY,GO_MF,Tcon,SF_vs_PB_Tcon,0.847495502,0.402078783,0.650486566,0.893988054,6,3,PRKX/PRKAG1/PRKAA1,up,FALSE
GOMF_DNA_DIRECTED_DNA_POLYMERASE_ACTIVITY,GOMF_DNA_DIRECTED_DNA_POLYMERASE_ACTIVITY,GO_MF,Tcon,SF_vs_PB_Tcon,-0.873402969,-0.276601545,0.650652341,0.893988054,22,8,POLE4/POLH/REV3L/POLM/POLG2/POLB/POLL/REV1,down,FALSE
GOMF_TRANSFORMING_GROWTH_FACTOR_BETA_RECEPTOR_ACTIVITY,GOMF_TRANSFORMING_GROWTH_FACTOR_BETA_RECEPTOR_ACTIVITY,GO_MF,Tcon,SF_vs_PB_Tcon,0.848430056,0.369791951,0.650679533,0.893988054,8,4,BMPR2/TGFBR3/TGFBR3L/TGFBR1,up,FALSE
GOMF_OXIDOREDUCTASE_ACTIVITY_ACTING_ON_THE_ALDEHYDE_OR_OXO_GROUP_OF_DONORS,GOMF_OXIDOREDUCTASE_ACTIVITY_ACTING_ON_THE_ALDEHYDE_OR_OXO_GROUP_OF_DONORS,GO_MF,Tcon,SF_vs_PB_Tcon,0.872260868,0.276546979,0.651628477,0.893988054,26,4,FAR2/GAPDH/FAR1/ALDH2,up,FALSE
GOMF_CARBOHYDRATE_MONOATOMIC_CATION_SYMPORTER_ACTIVITY,GOMF_CARBOHYDRATE_MONOATOMIC_CATION_SYMPORTER_ACTIVITY,GO_MF,Tcon,SF_vs_PB_Tcon,-0.848802697,-0.377020386,0.651698677,0.893988054,7,3,SLC5A2/SLC23A2/SLC5A10,down,FALSE
GOMF_DNA_CLAMP_LOADER_ACTIVITY,GOMF_DNA_CLAMP_LOADER_ACTIVITY,GO_MF,Tcon,SF_vs_PB_Tcon,0.849359703,0.357280529,0.652329749,0.893988054,9,1,RFC2,up,FALSE
GOMF_ACID_PHOSPHATASE_ACTIVITY,GOMF_ACID_PHOSPHATASE_ACTIVITY,GO_MF,Tcon,SF_vs_PB_Tcon,0.845723926,0.401238291,0.652541387,0.893988054,6,2,ACP2/ACP5,up,FALSE
GOMF_RISC_COMPLEX_BINDING,GOMF_RISC_COMPLEX_BINDING,GO_MF,Tcon,SF_vs_PB_Tcon,-0.845628167,-0.418317709,0.655958698,0.896209727,5,2,SND1/CSDE1,down,FALSE
GOMF_RIBONUCLEASE_P_ACTIVITY,GOMF_RIBONUCLEASE_P_ACTIVITY,GO_MF,Tcon,SF_vs_PB_Tcon,-0.850310563,-0.327440565,0.656145304,0.896209727,11,8,RPP14/RPP30/RPP21/RPPH1/RPP25/RPP38/RPP40/POP5,down,FALSE
GOMF_PROTEIN_GLUTAMIC_ACID_LIGASE_ACTIVITY,GOMF_PROTEIN_GLUTAMIC_ACID_LIGASE_ACTIVITY,GO_MF,Tcon,SF_vs_PB_Tcon,0.844879294,0.424518178,0.656736536,0.896209727,5,2,TTLL5/TTLL4,up,FALSE
GOMF_NADPH_BINDING,GOMF_NADPH_BINDING,GO_MF,Tcon,SF_vs_PB_Tcon,0.853930669,0.311470503,0.657625528,0.896209727,15,4,KDSR/HMGCR/CYBB/SRD5A1,up,FALSE
GOMF_PHOSPHATIDYLINOSITOL_PHOSPHOLIPASE_C_ACTIVITY,GOMF_PHOSPHATIDYLINOSITOL_PHOSPHOLIPASE_C_ACTIVITY,GO_MF,Tcon,SF_vs_PB_Tcon,0.843327009,0.423738217,0.658787678,0.896209727,5,1,PLCD1,up,FALSE
GOMF_IRON_ION_BINDING,GOMF_IRON_ION_BINDING,GO_MF,Tcon,SF_vs_PB_Tcon,0.897267382,0.225895398,0.658935393,0.896209727,77,11,TBXAS1/P4HA2/PLOD3/JMJD6/SCD/PHYH/CYP4F22/ETHE1/CYP2R1/CYP2S1/SNCA,up,FALSE
GOMF_PROTEIN_SERINE_THREONINE_PHOSPHATASE_INHIBITOR_ACTIVITY,GOMF_PROTEIN_SERINE_THREONINE_PHOSPHATASE_INHIBITOR_ACTIVITY,GO_MF,Tcon,SF_vs_PB_Tcon,0.84027395,0.39865265,0.659093553,0.896209727,6,2,PPP1R14B/PPP1R14A,up,FALSE
GOMF_POTASSIUM_CHANNEL_ACTIVITY,GOMF_POTASSIUM_CHANNEL_ACTIVITY,GO_MF,Tcon,SF_vs_PB_Tcon,-0.880576269,-0.248086298,0.659258754,0.896209727,35,8,KCNH3/KCNJ15/KCNQ5/KCNMB4/P2RX7/KCNH2/TMEM38B/KCNA3,down,FALSE
GOMF_PROTEIN_BINDING_INVOLVED_IN_HETEROTYPIC_CELL_CELL_ADHESION,GOMF_PROTEIN_BINDING_INVOLVED_IN_HETEROTYPIC_CELL_CELL_ADHESION,GO_MF,Tcon,SF_vs_PB_Tcon,-0.842151599,-0.374066107,0.660700212,0.897218254,7,3,CXADR/PKP2/CD47,down,FALSE
GOMF_CHROMO_SHADOW_DOMAIN_BINDING,GOMF_CHROMO_SHADOW_DOMAIN_BINDING,GO_MF,Tcon,SF_vs_PB_Tcon,-0.840178166,-0.391903043,0.661275998,0.897218254,6,3,TRIM28/LBR/ATRX,down,FALSE
GOMF_TELOMERASE_RNA_BINDING,GOMF_TELOMERASE_RNA_BINDING,GO_MF,Tcon,SF_vs_PB_Tcon,0.854527213,0.288731667,0.666427031,0.902288851,20,3,NOP10/SNRPB/TEP1,up,FALSE
GOMF_PROTEIN_HORMONE_RECEPTOR_ACTIVITY,GOMF_PROTEIN_HORMONE_RECEPTOR_ACTIVITY,GO_MF,Tcon,SF_vs_PB_Tcon,0.838284915,0.352621953,0.666533211,0.902288851,9,4,ADIPOR2/ADIPOR1/EXTL3/LGR6,up,FALSE
GOMF_INTERLEUKIN_1_BINDING,GOMF_INTERLEUKIN_1_BINDING,GO_MF,Tcon,SF_vs_PB_Tcon,0.833184661,0.377398626,0.669112536,0.902288851,7,2,IL1RN/A2M,up,FALSE
GOMF_QUINONE_BINDING,GOMF_QUINONE_BINDING,GO_MF,Tcon,SF_vs_PB_Tcon,-0.842369928,-0.316055942,0.671367168,0.902288851,12,6,SDHD/CBR4/ETFDH/COQ10A/HSD17B8/MT-ND4,down,FALSE
GOMF_PROTEIN_PHOSPHATASE_ACTIVATOR_ACTIVITY,GOMF_PROTEIN_PHOSPHATASE_ACTIVATOR_ACTIVITY,GO_MF,Tcon,SF_vs_PB_Tcon,0.850988678,0.28753605,0.671459382,0.902288851,20,5,B3GAT3/GNA12/PPP1R15A/CD33/CALM2,up,FALSE
GOMF_TRNA_SPECIFIC_RIBONUCLEASE_ACTIVITY,GOMF_TRNA_SPECIFIC_RIBONUCLEASE_ACTIVITY,GO_MF,Tcon,SF_vs_PB_Tcon,-0.850254322,-0.293968711,0.671484182,0.902288851,16,8,RPPH1/RPP25/RPP38/RPP40/ELAC1/TSEN2/TSEN34/POP5,down,FALSE
GOMF_TRANSFERASE_ACTIVITY_TRANSFERRING_NITROGENOUS_GROUPS,GOMF_TRANSFERASE_ACTIVITY_TRANSFERRING_NITROGENOUS_GROUPS,GO_MF,Tcon,SF_vs_PB_Tcon,-0.853057103,-0.285441701,0.671758206,0.902288851,18,4,CISD1/ACCS/PIGK/MGAT4A,down,FALSE
GOMF_MHC_CLASS_IB_RECEPTOR_ACTIVITY,GOMF_MHC_CLASS_IB_RECEPTOR_ACTIVITY,GO_MF,Tcon,SF_vs_PB_Tcon,0.832669407,0.418383196,0.67189545,0.902288851,5,2,LILRB1/KLRC1,up,FALSE
GOMF_ALCOHOL_DEHYDROGENASE_NADPPLUS_ACTIVITY,GOMF_ALCOHOL_DEHYDROGENASE_NADPPLUS_ACTIVITY,GO_MF,Tcon,SF_vs_PB_Tcon,-0.85857175,-0.275584877,0.672434537,0.902288851,21,7,AKR7A2/AKR1B1/CBR3/DHRS4L2/AKR1E2/DCXR/RDH14,down,FALSE
GOMF_TRANSMEMBRANE_RECEPTOR_PROTEIN_PHOSPHATASE_ACTIVITY,GOMF_TRANSMEMBRANE_RECEPTOR_PROTEIN_PHOSPHATASE_ACTIVITY,GO_MF,Tcon,SF_vs_PB_Tcon,0.831057247,0.362219936,0.673689472,0.902288851,8,4,PTPRE/PTPRM/PTPRN2/PTPRC,up,FALSE
GOMF_CYCLOHYDROLASE_ACTIVITY,GOMF_CYCLOHYDROLASE_ACTIVITY,GO_MF,Tcon,SF_vs_PB_Tcon,-0.830800128,-0.410982533,0.673905472,0.902288851,5,3,GCH1/MTHFD2L/ATIC,down,FALSE
GOMF_MISMATCHED_DNA_BINDING,GOMF_MISMATCHED_DNA_BINDING,GO_MF,Tcon,SF_vs_PB_Tcon,-0.842593452,-0.30870596,0.674095477,0.902288851,13,6,MUTYH/APTX/MLH3/PMS1/MSH3/PMS2,down,FALSE
GOMF_TRANSLATION_INITIATION_FACTOR_BINDING,GOMF_TRANSLATION_INITIATION_FACTOR_BINDING,GO_MF,Tcon,SF_vs_PB_Tcon,0.861375882,0.259480994,0.675168846,0.902288851,32,10,SYT11/EIF4EBP1/HHEX/PPP1R15A/C8orf88/EIF4G1/POLR2G/NCK1/OTX2/DDX3X,up,FALSE
GOMF_SIGNAL_PEPTIDASE_ACTIVITY,GOMF_SIGNAL_PEPTIDASE_ACTIVITY,GO_MF,Tcon,SF_vs_PB_Tcon,0.829429994,0.41675552,0.675470298,0.902288851,5,2,FURIN/SEC11A,up,FALSE
GOMF_OPSONIN_BINDING,GOMF_OPSONIN_BINDING,GO_MF,Tcon,SF_vs_PB_Tcon,0.831058998,0.349582394,0.676046671,0.902288851,9,3,CD93/VSIG4/ITGAV,up,FALSE
GOMF_ATP_DEPENDENT_DNA_DAMAGE_SENSOR_ACTIVITY,GOMF_ATP_DEPENDENT_DNA_DAMAGE_SENSOR_ACTIVITY,GO_MF,Tcon,SF_vs_PB_Tcon,-0.846813325,-0.292779013,0.676667312,0.902288851,16,8,MSH2/RAD51C/RAD51D/MLH3/PMS1/MSH3/PMS2/RAD51B,down,FALSE
GOMF_RNA_STEM_LOOP_BINDING,GOMF_RNA_STEM_LOOP_BINDING,GO_MF,Tcon,SF_vs_PB_Tcon,-0.843765719,-0.302418743,0.676999723,0.902288851,14,5,CSDE1/DDX56/RC3H1/METTL16/MYH10,down,FALSE
GOMF_PHOSPHOLIPASE_A1_ACTIVITY,GOMF_PHOSPHOLIPASE_A1_ACTIVITY,GO_MF,Tcon,SF_vs_PB_Tcon,-0.828893294,-0.368177046,0.677749201,0.902288851,7,3,DDHD1/LIPC/ABHD3,down,FALSE
GOMF_COBALAMIN_BINDING,GOMF_COBALAMIN_BINDING,GO_MF,Tcon,SF_vs_PB_Tcon,0.827730913,0.360770139,0.677803195,0.902288851,8,2,TCN1/TCN2,up,FALSE
GOMF_SPLICING_FACTOR_BINDING,GOMF_SPLICING_FACTOR_BINDING,GO_MF,Tcon,SF_vs_PB_Tcon,0.826370028,0.415218009,0.679201422,0.902288851,5,3,SF3B1/SF3B4/RBM14,up,FALSE
GOMF_TRIPEPTIDE_TRANSMEMBRANE_TRANSPORTER_ACTIVITY,GOMF_TRIPEPTIDE_TRANSMEMBRANE_TRANSPORTER_ACTIVITY,GO_MF,Tcon,SF_vs_PB_Tcon,-0.826202434,-0.38538403,0.679224239,0.902288851,6,4,SLC25A39/SLC15A2/ABCC5/SLC25A40,down,FALSE
GOMF_OXIDOREDUCTASE_ACTIVITY_ACTING_ON_THE_ALDEHYDE_OR_OXO_GROUP_OF_DONORS_DISULFIDE_AS_ACCEPTOR,GOMF_OXIDOREDUCTASE_ACTIVITY_ACTING_ON_THE_ALDEHYDE_OR_OXO_GROUP_OF_DONORS_DISULFIDE_AS_ACCEPTOR,GO_MF,Tcon,SF_vs_PB_Tcon,0.824717356,0.391272107,0.679292831,0.902288851,6,5,BCKDHA/OGDH/PDHB/DHTKD1/PDHA1,up,FALSE
GOMF_CALCIUM_DEPENDENT_CYSTEINE_TYPE_ENDOPEPTIDASE_ACTIVITY,GOMF_CALCIUM_DEPENDENT_CYSTEINE_TYPE_ENDOPEPTIDASE_ACTIVITY,GO_MF,Tcon,SF_vs_PB_Tcon,0.831855974,0.339603674,0.679762745,0.902288851,10,5,CAPN2/CAPNS1/CAPN1/CAPN12/CAPN10,up,FALSE
GOMF_ORGANOPHOSPHATE_PHOSPHATE_ANTIPORTER_ACTIVITY,GOMF_ORGANOPHOSPHATE_PHOSPHATE_ANTIPORTER_ACTIVITY,GO_MF,Tcon,SF_vs_PB_Tcon,0.823819037,0.37315638,0.681528539,0.903003397,7,3,SLC25A24/SLC37A2/SLC37A4,up,FALSE
GOMF_CALMODULIN_DEPENDENT_PROTEIN_PHOSPHATASE_ACTIVITY,GOMF_CALMODULIN_DEPENDENT_PROTEIN_PHOSPHATASE_ACTIVITY,GO_MF,Tcon,SF_vs_PB_Tcon,0.824327294,0.414191617,0.681584654,0.903003397,5,3,PPP3CA/PPP3CB/PPM1A,up,FALSE
GOMF_DNA_INSERTION_OR_DELETION_BINDING,GOMF_DNA_INSERTION_OR_DELETION_BINDING,GO_MF,Tcon,SF_vs_PB_Tcon,-0.822743176,-0.383770451,0.683127827,0.904196475,6,3,MSH2/MSH3/PMS2,down,FALSE
GOMF_CARBOHYDRATE_KINASE_ACTIVITY,GOMF_CARBOHYDRATE_KINASE_ACTIVITY,GO_MF,Tcon,SF_vs_PB_Tcon,0.843000853,0.284837086,0.684012609,0.904516673,20,7,GALK1/PFKP/NAGK/PFKFB3/HK2/FGGY/HK3,up,FALSE
GOMF_AMINOACYL_TRNA_DEACYLASE_ACTIVITY,GOMF_AMINOACYL_TRNA_DEACYLASE_ACTIVITY,GO_MF,Tcon,SF_vs_PB_Tcon,-0.824638518,-0.3508646,0.686334174,0.906734444,8,4,TARS2/AARSD1/AARS2/DTD2,down,FALSE
GOMF_BICARBONATE_MONOATOMIC_ANION_ANTIPORTER_ACTIVITY,GOMF_BICARBONATE_MONOATOMIC_ANION_ANTIPORTER_ACTIVITY,GO_MF,Tcon,SF_vs_PB_Tcon,0.818570475,0.370778996,0.688151695,0.906748909,7,2,SLC4A8/SLC4A2,up,FALSE
GOMF_GLYCOGEN_BINDING,GOMF_GLYCOGEN_BINDING,GO_MF,Tcon,SF_vs_PB_Tcon,-0.817118906,-0.404214668,0.689742066,0.906748909,5,2,PPP1R3E/PPP1R3F,down,FALSE
GOMF_CALCIUM_MONOATOMIC_CATION_ANTIPORTER_ACTIVITY,GOMF_CALCIUM_MONOATOMIC_CATION_ANTIPORTER_ACTIVITY,GO_MF,Tcon,SF_vs_PB_Tcon,0.817655002,0.410839056,0.689925964,0.906748909,5,1,SLC8A1,up,FALSE
GOMF_OXIDOREDUCTASE_ACTIVITY_ACTING_ON_NAD_P_H_QUINONE_OR_SIMILAR_COMPOUND_AS_ACCEPTOR,GOMF_OXIDOREDUCTASE_ACTIVITY_ACTING_ON_NAD_P_H_QUINONE_OR_SIMILAR_COMPOUND_AS_ACCEPTOR,GO_MF,Tcon,SF_vs_PB_Tcon,0.830370602,0.302876988,0.690417644,0.906748909,15,6,NQO1/TP53I3/AKR1C3/NQO2/AIFM2/CRYZ,up,FALSE
GOMF_OPSONIN_RECEPTOR_ACTIVITY,GOMF_OPSONIN_RECEPTOR_ACTIVITY,GO_MF,Tcon,SF_vs_PB_Tcon,-0.81607433,-0.403697934,0.6908074,0.906748909,5,1,CR1,down,FALSE
GOMF_RNA_POLYMERASE_I_CORE_PROMOTER_SEQUENCE_SPECIFIC_DNA_BINDING,GOMF_RNA_POLYMERASE_I_CORE_PROMOTER_SEQUENCE_SPECIFIC_DNA_BINDING,GO_MF,Tcon,SF_vs_PB_Tcon,-0.820692821,-0.349185797,0.691211104,0.906748909,8,3,RRN3/TBP/UBTF,down,FALSE
GOMF_SPHINGOLIPID_TRANSFER_ACTIVITY,GOMF_SPHINGOLIPID_TRANSFER_ACTIVITY,GO_MF,Tcon,SF_vs_PB_Tcon,0.81648527,0.410251312,0.691273857,0.906748909,5,4,GLTP/TMEM63B/PLTP/PITPNB,up,FALSE
GOMF_UBIQUITIN_LIGASE_COMPLEX_SCAFFOLD_ACTIVITY,GOMF_UBIQUITIN_LIGASE_COMPLEX_SCAFFOLD_ACTIVITY,GO_MF,Tcon,SF_vs_PB_Tcon,-0.824485382,-0.327392989,0.691500767,0.906748909,10,6,CUL2/SKP1/CUL4A/CUL4B/CUL1/CUL5,down,FALSE
GOMF_MODIFICATION_DEPENDENT_PROTEIN_BINDING,GOMF_MODIFICATION_DEPENDENT_PROTEIN_BINDING,GO_MF,Tcon,SF_vs_PB_Tcon,0.875197732,0.225806769,0.692912035,0.907753476,67,11,TNIP3/EPS15/IKBKG/UBAC1/OPTN/SQSTM1/LYN/EP300/PLCG2/YWHAG/OS9,up,FALSE
GOMF_BETA_GALACTOSIDE_CMP_ALPHA_2_3_SIALYLTRANSFERASE_ACTIVITY,GOMF_BETA_GALACTOSIDE_CMP_ALPHA_2_3_SIALYLTRANSFERASE_ACTIVITY,GO_MF,Tcon,SF_vs_PB_Tcon,-0.81266039,-0.379067312,0.696490902,0.910882041,6,3,ST3GAL2/ST3GAL3/ST3GAL1,down,FALSE
GOMF_GMP_KINASE_ACTIVITY,GOMF_GMP_KINASE_ACTIVITY,GO_MF,Tcon,SF_vs_PB_Tcon,0.811362189,0.367513937,0.696879586,0.910882041,7,3,CASK/GUK1/MPP1,up,FALSE
GOMF_PEROXISOME_PROLIFERATOR_ACTIVATED_RECEPTOR_BINDING,GOMF_PEROXISOME_PROLIFERATOR_ACTIVATED_RECEPTOR_BINDING,GO_MF,Tcon,SF_vs_PB_Tcon,0.810867889,0.36729004,0.69747818,0.910882041,7,2,TACC1/ASXL2,up,FALSE
GOMF_DNA_REPLICATION_ORIGIN_BINDING,GOMF_DNA_REPLICATION_ORIGIN_BINDING,GO_MF,Tcon,SF_vs_PB_Tcon,-0.832749247,-0.28791647,0.698066542,0.910882041,16,6,ORC2/KAT7/ORC3/ORC5/HSPD1/ORC4,down,FALSE
GOMF_P53_BINDING,GOMF_P53_BINDING,GO_MF,Tcon,SF_vs_PB_Tcon,-0.879176395,-0.219343179,0.698548107,0.910882041,61,13,SMYD2/CDKN2AIP/TAF3/BCL2L12/KDM8/GSK3B/HSPD1/HDAC1/MAPKAPK5/EHMT2/EEF2/TP53/USP10,down,FALSE
GOMF_ALPHA_TUBULIN_BINDING,GOMF_ALPHA_TUBULIN_BINDING,GO_MF,Tcon,SF_vs_PB_Tcon,0.84703375,0.255160568,0.699184509,0.910882041,32,9,TBCB/EML4/RACGAP1/SNCA/FAM110C/TRIM36/BBS4/DNAL1/ARL8A,up,FALSE
GOMF_DNA_SECONDARY_STRUCTURE_BINDING,GOMF_DNA_SECONDARY_STRUCTURE_BINDING,GO_MF,Tcon,SF_vs_PB_Tcon,0.846120096,0.253084923,0.703880361,0.91581214,33,11,HMGB3/CLSPN/MEF2C/RAD51AP1/NEIL3/SMC6/HMGB1/GEN1/BLM/HMGB2/XPC,up,FALSE
GOMF_WD40_REPEAT_DOMAIN_BINDING,GOMF_WD40_REPEAT_DOMAIN_BINDING,GO_MF,Tcon,SF_vs_PB_Tcon,0.803996121,0.364177409,0.705704024,0.91581214,7,6,MAP1S/DDB1/CDC5L/MYB/CCT6A/USP47,up,FALSE
GOMF_SYNTAXIN_1_BINDING,GOMF_SYNTAXIN_1_BINDING,GO_MF,Tcon,SF_vs_PB_Tcon,0.816885652,0.309980471,0.706345758,0.91581214,13,7,DAPK1/VAMP3/STXBP2/CPLX1/STXBP3/UNC13B/LRRK2,up,FALSE
GOMF_TRANSLATION_FACTOR_ACTIVITY_RNA_BINDING,GOMF_TRANSLATION_FACTOR_ACTIVITY_RNA_BINDING,GO_MF,Tcon,SF_vs_PB_Tcon,0.826948122,0.279413114,0.706741138,0.91581214,20,6,EIF4G3/CPEB2/EIF4G1/EEF1A2/ABCF1/EIF4E2,up,FALSE
GOMF_RNA_ENDONUCLEASE_ACTIVITY,GOMF_RNA_ENDONUCLEASE_ACTIVITY,GO_MF,Tcon,SF_vs_PB_Tcon,0.864395783,0.227844955,0.706933536,0.91581214,60,11,ANG/RNASE4/AGO4/ZC3H12A/NUDT16/ENDOV/RNASE1/SLFN13/ZC3H12C/KHNYN/FEN1,up,FALSE
GOMF_PHOSPHATIDYLINOSITOL_3_KINASE_INHIBITOR_ACTIVITY,GOMF_PHOSPHATIDYLINOSITOL_3_KINASE_INHIBITOR_ACTIVITY,GO_MF,Tcon,SF_vs_PB_Tcon,-0.803912168,-0.397681522,0.707156174,0.91581214,5,4,WDR81/TRIM27/ATG14/PIK3IP1,down,FALSE
GOMF_OXIDOREDUCTASE_ACTIVITY_ACTING_ON_THE_CH_NH_GROUP_OF_DONORS_NAD_OR_NADP_AS_ACCEPTOR,GOMF_OXIDOREDUCTASE_ACTIVITY_ACTING_ON_THE_CH_NH_GROUP_OF_DONORS_NAD_OR_NADP_AS_ACCEPTOR,GO_MF,Tcon,SF_vs_PB_Tcon,0.811974226,0.322922846,0.707597442,0.91581214,11,5,MTHFD2/MTHFD1L/BLVRB/MTHFD1/MTHFR,up,FALSE
GOMF_ESTROGEN_RESPONSE_ELEMENT_BINDING,GOMF_ESTROGEN_RESPONSE_ELEMENT_BINDING,GO_MF,Tcon,SF_vs_PB_Tcon,0.80062986,0.379844234,0.709048967,0.91581214,6,2,NR3C1/ESR2,up,FALSE
GOMF_UBIQUITIN_LIKE_PROTEIN_LIGASE_ACTIVITY,GOMF_UBIQUITIN_LIKE_PROTEIN_LIGASE_ACTIVITY,GO_MF,Tcon,SF_vs_PB_Tcon,-0.93015815,-0.181372849,0.709809518,0.91581214,300,58,RNF20/RNF113A/TRIM69/UFL1/RNFT2/RNF122/TRIM28/RNF43/GID4/KIAA1586/RNF6/DTX3/RNF111/TRIM61/RBBP6/SHPRH/WWP1/RNF126/TRIM56/HECTD1/TRIM5/NFX1/RNF2/MID2/HERC4/RNF170/TRIM32/UBE3A/NHLRC3/TRIM4/RC3H1/MIB2/BRAP/PRPF19/MYLIP/NSMCE1/TRIM73/PJA1/MED30/RFPL2/PIAS2/TRIM2/UBE3D/PIAS1/RNF216/TRIM52/TRAF3IP2/RNF138/NEDD4L/MKRN1/TRIM44/RNF144A/NEURL1/TTC3/CBLL1/DTX1/MAP3K1/NOSIP,down,FALSE
GOMF_NUCLEOSIDE_KINASE_ACTIVITY,GOMF_NUCLEOSIDE_KINASE_ACTIVITY,GO_MF,Tcon,SF_vs_PB_Tcon,0.799966099,0.362351974,0.710627945,0.91581214,7,3,UCK2/CMPK1/TK2,up,FALSE
GOMF_INOSITOL_HEXAKISPHOSPHATE_KINASE_ACTIVITY,GOMF_INOSITOL_HEXAKISPHOSPHATE_KINASE_ACTIVITY,GO_MF,Tcon,SF_vs_PB_Tcon,-0.802797341,-0.35658577,0.711266437,0.91581214,7,3,PPIP5K1/ITPKB/IP6K2,down,FALSE
GOMF_NAADP_SENSITIVE_CALCIUM_RELEASE_CHANNEL_ACTIVITY,GOMF_NAADP_SENSITIVE_CALCIUM_RELEASE_CHANNEL_ACTIVITY,GO_MF,Tcon,SF_vs_PB_Tcon,-0.799809697,-0.3956521,0.712339432,0.91581214,5,2,MCOLN3/TPCN1,down,FALSE
GOMF_NEUROTROPHIN_TRK_RECEPTOR_BINDING,GOMF_NEUROTROPHIN_TRK_RECEPTOR_BINDING,GO_MF,Tcon,SF_vs_PB_Tcon,0.797287807,0.378258658,0.712577056,0.91581214,6,1,EFNA5,up,FALSE
GOMF_EPHRIN_RECEPTOR_ACTIVITY,GOMF_EPHRIN_RECEPTOR_ACTIVITY,GO_MF,Tcon,SF_vs_PB_Tcon,-0.799226074,-0.372800845,0.712745523,0.91581214,6,4,EPHA1/EPHB6/EPHA4/EFNA4,down,FALSE
GOMF_SERINE_TYPE_EXOPEPTIDASE_ACTIVITY,GOMF_SERINE_TYPE_EXOPEPTIDASE_ACTIVITY,GO_MF,Tcon,SF_vs_PB_Tcon,0.807404348,0.321105401,0.713421133,0.91581214,11,5,TPP1/CPVL/CPD/DPP7/PRCP,up,FALSE
GOMF_ACTIVE_MONOATOMIC_ION_TRANSMEMBRANE_TRANSPORTER_ACTIVITY,GOMF_ACTIVE_MONOATOMIC_ION_TRANSMEMBRANE_TRANSPORTER_ACTIVITY,GO_MF,Tcon,SF_vs_PB_Tcon,0.875375403,0.214308808,0.713739113,0.91581214,90,17,ATP2B4/ATP1B1/NDUFA6/ATP6V1A/COX8A/NDUFB2/ATP2B1/ATP6V0D1/ATP6V0B/TCIRG1/ATP2A2/ATP2A3/ATP6V1B2/NDUFS6/ATP6V1D/NDUFV2/ATP6V1E1,up,FALSE
GOMF_RAGE_RECEPTOR_BINDING,GOMF_RAGE_RECEPTOR_BINDING,GO_MF,Tcon,SF_vs_PB_Tcon,0.806161106,0.320610963,0.714829476,0.91581214,11,9,S100A4/FPR1/HMGB1/HMGB2/S100A13/S100A8/FPR2/S100A12/S100A9,up,FALSE
GOMF_RECEPTOR_LIGAND_INHIBITOR_ACTIVITY,GOMF_RECEPTOR_LIGAND_INHIBITOR_ACTIVITY,GO_MF,Tcon,SF_vs_PB_Tcon,-0.797227513,-0.394374738,0.71555592,0.91581214,5,3,HSP90AB1/NRROS/NOG,down,FALSE
GOMF_CARBOXYLESTERASE_ACTIVITY,GOMF_CARBOXYLESTERASE_ACTIVITY,GO_MF,Tcon,SF_vs_PB_Tcon,0.79574993,0.39983263,0.715594538,0.91581214,5,2,ALDH2/OVCA2,up,FALSE
GOMF_OXIDATIVE_RNA_DEMETHYLASE_ACTIVITY,GOMF_OXIDATIVE_RNA_DEMETHYLASE_ACTIVITY,GO_MF,Tcon,SF_vs_PB_Tcon,-0.800405652,-0.340554076,0.717367291,0.91581214,8,5,ALKBH1/METTL4/FTO/ALKBH3/ALKBH7,down,FALSE
GOMF_C_ACYLTRANSFERASE_ACTIVITY,GOMF_C_ACYLTRANSFERASE_ACTIVITY,GO_MF,Tcon,SF_vs_PB_Tcon,0.808213568,0.306689709,0.717718625,0.91581214,13,8,SPTLC2/SPTSSA/SCP2/ACAA2/ACAT1/ACAT2/SPTLC1/HADHB,up,FALSE
GOMF_METHYL_CPG_BINDING,GOMF_METHYL_CPG_BINDING,GO_MF,Tcon,SF_vs_PB_Tcon,0.816131374,0.2833622,0.718814419,0.91581214,18,3,MBD2/ZBTB38/CXXC5,up,FALSE
GOMF_SIALIC_ACID_BINDING,GOMF_SIALIC_ACID_BINDING,GO_MF,Tcon,SF_vs_PB_Tcon,0.797932259,0.335647734,0.719781896,0.91581214,9,4,ST8SIA4/CD33/SIGLEC10/SIGLEC7,up,FALSE
GOMF_SPHINGOMYELIN_PHOSPHODIESTERASE_ACTIVITY,GOMF_SPHINGOMYELIN_PHOSPHODIESTERASE_ACTIVITY,GO_MF,Tcon,SF_vs_PB_Tcon,0.792497779,0.398198554,0.719872634,0.91581214,5,4,SMPDL3A/SMPD1/SMPD3/SMPD2,up,FALSE
GOMF_LIPOPOLYSACCHARIDE_BINDING,GOMF_LIPOPOLYSACCHARIDE_BINDING,GO_MF,Tcon,SF_vs_PB_Tcon,-0.829487442,-0.259231464,0.720715383,0.91581214,23,5,HSPD1/NLRP6/P2RX7/ZRANB2/GBP1,down,FALSE
GOMF_URIDYLYLTRANSFERASE_ACTIVITY,GOMF_URIDYLYLTRANSFERASE_ACTIVITY,GO_MF,Tcon,SF_vs_PB_Tcon,-0.792948396,-0.392257932,0.720821126,0.91581214,5,3,TUT1/UAP1/GALT,down,FALSE
GOMF_MEMBRANE_INSERTASE_ACTIVITY,GOMF_MEMBRANE_INSERTASE_ACTIVITY,GO_MF,Tcon,SF_vs_PB_Tcon,0.810039413,0.290238746,0.721596113,0.91581214,16,4,EMC7/EMC3/MTCH2/EMC9,up,FALSE
GOMF_HISTONE_H4K16AC_READER_ACTIVITY,GOMF_HISTONE_H4K16AC_READER_ACTIVITY,GO_MF,Tcon,SF_vs_PB_Tcon,-0.79156371699999994,-0.391572956,0.722378152,0.91581214,5,4,TAF1/BRD4/DPF2/MSL3,down,FALSE
GOMF_CARBON_OXYGEN_LYASE_ACTIVITY,GOMF_CARBON_OXYGEN_LYASE_ACTIVITY,GO_MF,Tcon,SF_vs_PB_Tcon,0.849644322,0.233348238,0.722422419,0.91581214,49,10,TBXAS1/ENO1/CA2/TPI1/PCBD1/CYP2S1/PTS/NEIL3/ENO2/FASN,up,FALSE
GOMF_ALPHA_N_ACETYLGALACTOSAMINIDE_ALPHA_2_6_SIALYLTRANSFERASE_ACTIVITY,GOMF_ALPHA_N_ACETYLGALACTOSAMINIDE_ALPHA_2_6_SIALYLTRANSFERASE_ACTIVITY,GO_MF,Tcon,SF_vs_PB_Tcon,0.789659944,0.396772655,0.723134926,0.91581214,5,4,ST6GALNAC6/ST6GALNAC4/ST6GALNAC3/ST6GALNAC2,up,FALSE
GOMF_NUCLEAR_LOCALIZATION_SEQUENCE_BINDING,GOMF_NUCLEAR_LOCALIZATION_SEQUENCE_BINDING,GO_MF,Tcon,SF_vs_PB_Tcon,-0.82133554,-0.270870372,0.723146616,0.91581214,19,10,TNPO1/KPNB1/POM121C/KPNA3/IPO4/RANBP6/KPNA5/IPO5/POM121/BRAP,down,FALSE
GOMF_C_ACETYLTRANSFERASE_ACTIVITY,GOMF_C_ACETYLTRANSFERASE_ACTIVITY,GO_MF,Tcon,SF_vs_PB_Tcon,0.78730311100000006,0.356616157,0.725476944,0.916957303,7,4,ACAA2/ACAT1/ACAT2/HADHB,up,FALSE
GOMF_RNA_CAP_BINDING,GOMF_RNA_CAP_BINDING,GO_MF,Tcon,SF_vs_PB_Tcon,-0.8173006,-0.273477207,0.725880186,0.916957303,18,8,EIF4E3/GEMIN5/NCBP1/MCTS1/NCBP2/SNUPN/CYFIP2/EIF3D,down,FALSE
GOMF_OXIDOREDUCTASE_ACTIVITY_ACTING_ON_THE_CH_CH_GROUP_OF_DONORS_NAD_OR_NADP_AS_ACCEPTOR,GOMF_OXIDOREDUCTASE_ACTIVITY_ACTING_ON_THE_CH_CH_GROUP_OF_DONORS_NAD_OR_NADP_AS_ACCEPTOR,GO_MF,Tcon,SF_vs_PB_Tcon,0.826913679,0.257286482,0.726005995,0.916957303,28,8,TBXAS1/DHCR7/DHCR24/CYP2S1/AKR1C3/SRD5A1/FASN/BLVRB,up,FALSE
GOMF_MANNOSYLTRANSFERASE_ACTIVITY,GOMF_MANNOSYLTRANSFERASE_ACTIVITY,GO_MF,Tcon,SF_vs_PB_Tcon,0.818236494,0.270059202,0.727080538,0.917490867,22,3,GTDC1/TMTC4/DPY19L1,up,FALSE
GOMF_DNA_BINDING_BENDING,GOMF_DNA_BINDING_BENDING,GO_MF,Tcon,SF_vs_PB_Tcon,-0.796974391,-0.306901685,0.728902842,0.918202742,11,2,HMGA1/LEF1,down,FALSE
GOMF_ACID_AMINO_ACID_LIGASE_ACTIVITY,GOMF_ACID_AMINO_ACID_LIGASE_ACTIVITY,GO_MF,Tcon,SF_vs_PB_Tcon,0.807015291,0.284574195,0.728949867,0.918202742,17,5,GSS/TTL/GHDC/TTLL5/TTLL4,up,FALSE
GOMF_SOLUTE_INORGANIC_ANION_ANTIPORTER_ACTIVITY,GOMF_SOLUTE_INORGANIC_ANION_ANTIPORTER_ACTIVITY,GO_MF,Tcon,SF_vs_PB_Tcon,0.81593537,0.269299716,0.730646911,0.919517176,22,5,SLC25A24/SLC4A8/SLC4A2/SLC37A2/SLC25A14,up,FALSE
GOMF_ESTRADIOL_17_BETA_DEHYDROGENASE_NAD_P_PLUS_ACTIVITY,GOMF_ESTRADIOL_17_BETA_DEHYDROGENASE_NAD_P_PLUS_ACTIVITY,GO_MF,Tcon,SF_vs_PB_Tcon,-0.795398456,-0.315842929,0.731463768,0.91972254,10,7,HSD17B7/HSD17B6/DHRS11/HSD17B1/HSD17B11/HSD17B4/HSD17B8,down,FALSE
GOMF_PROTEIN_CARBOXYL_O_METHYLTRANSFERASE_ACTIVITY,GOMF_PROTEIN_CARBOXYL_O_METHYLTRANSFERASE_ACTIVITY,GO_MF,Tcon,SF_vs_PB_Tcon,-0.782597878,-0.387137709,0.733031489,0.920199641,5,3,PCMTD1/LCMT1/PCMTD2,down,FALSE
GOMF_TRIACYLGLYCEROL_LIPASE_ACTIVITY,GOMF_TRIACYLGLYCEROL_LIPASE_ACTIVITY,GO_MF,Tcon,SF_vs_PB_Tcon,-0.797792902,-0.299330708,0.733151242,0.920199641,12,4,PNPLA2/LIPE/LIPC/PNPLA4,down,FALSE
GOMF_METALLOCHAPERONE_ACTIVITY,GOMF_METALLOCHAPERONE_ACTIVITY,GO_MF,Tcon,SF_vs_PB_Tcon,0.797289816,0.296547357,0.734335225,0.920864226,14,5,COX17/SCO2/NUBP1/DPH3/ATOX1,up,FALSE
GOMF_RNA_NUCLEASE_ACTIVITY,GOMF_RNA_NUCLEASE_ACTIVITY,GO_MF,Tcon,SF_vs_PB_Tcon,0.871145033,0.207632264,0.735443959,0.921433349,106,18,N4BP1/HELZ2/ANG/RNASE4/AGO4/ZC3H12A/NUDT16/ERI1/ENDOV/RNASE1/SLFN13/EXOSC4/ZC3H12C/RNASE6/KHNYN/SLFN12L/SLFN12/FEN1,up,FALSE
GOMF_EXONUCLEASE_ACTIVITY,GOMF_EXONUCLEASE_ACTIVITY,GO_MF,Tcon,SF_vs_PB_Tcon,-0.870071068,-0.207248391,0.736881796,0.921673732,77,21,TATDN3/PDE12/EXOG/EXD2/TATDN1/AEN/DCP2/CNOT2/EXOSC2/DXO/DIS3L2/EXOSC1/FAN1/EXOSC8/APLF/PAN2/EXOSC5/CNOT7/CNOT8/APEX1/REXO4,down,FALSE
GOMF_PYRIMIDINE_NUCLEOTIDE_BINDING,GOMF_PYRIMIDINE_NUCLEOTIDE_BINDING,GO_MF,Tcon,SF_vs_PB_Tcon,0.777868406,0.390847877,0.736945948,0.921673732,5,2,DCTPP1/NT5C,up,FALSE
GOMF_FLIPPASE_ACTIVITY,GOMF_FLIPPASE_ACTIVITY,GO_MF,Tcon,SF_vs_PB_Tcon,-0.795849815,-0.291580217,0.738660265,0.922997329,13,4,ATP11C/TMEM30B/ATP8B2/ATP8A2,down,FALSE
GOMF_NUCLEOTIDE_RECEPTOR_ACTIVITY,GOMF_NUCLEOTIDE_RECEPTOR_ACTIVITY,GO_MF,Tcon,SF_vs_PB_Tcon,-0.791241411,-0.296872599,0.741451227,0.925188902,12,3,P2RX7/P2RX4/P2RY8,down,FALSE
GOMF_GLUTATHIONE_PEROXIDASE_ACTIVITY,GOMF_GLUTATHIONE_PEROXIDASE_ACTIVITY,GO_MF,Tcon,SF_vs_PB_Tcon,-0.803622287,-0.273249877,0.743026899,0.925188902,17,4,GSTT1/GPX4/GSTK1/GSTM2,down,FALSE
GOMF_NUCLEAR_IMPORT_SIGNAL_RECEPTOR_ACTIVITY,GOMF_NUCLEAR_IMPORT_SIGNAL_RECEPTOR_ACTIVITY,GO_MF,Tcon,SF_vs_PB_Tcon,-0.81054315,-0.263642558,0.743645225,0.925188902,20,10,IPO8/TNPO1/KPNB1/KPNA3/IPO4/RANBP6/KPNA5/IPO5/SNUPN/TMCO6,down,FALSE
GOMF_EXTRACELLULAR_LIGAND_GATED_MONOATOMIC_ION_CHANNEL_ACTIVITY,GOMF_EXTRACELLULAR_LIGAND_GATED_MONOATOMIC_ION_CHANNEL_ACTIVITY,GO_MF,Tcon,SF_vs_PB_Tcon,0.786466343,0.304967499,0.743675743,0.925188902,12,8,CHRNA5/CHRNE/CHRFAM7A/CHRNB1/CHRNA6/CHRNA10/P2RX1/P2RX5,up,FALSE
GOMF_DNA_ENDONUCLEASE_ACTIVITY_PRODUCING_3_PHOSPHOMONOESTERS,GOMF_DNA_ENDONUCLEASE_ACTIVITY_PRODUCING_3_PHOSPHOMONOESTERS,GO_MF,Tcon,SF_vs_PB_Tcon,0.776950656,0.338637342,0.744180235,0.925188902,8,2,DNASE2/GEN1,up,FALSE
GOMF_NEUROTRANSMITTER_RECEPTOR_REGULATOR_ACTIVITY,GOMF_NEUROTRANSMITTER_RECEPTOR_REGULATOR_ACTIVITY,GO_MF,Tcon,SF_vs_PB_Tcon,-0.772924199,-0.382352306,0.744647723,0.925188902,5,1,APP,down,FALSE
GOMF_CO_RECEPTOR_BINDING,GOMF_CO_RECEPTOR_BINDING,GO_MF,Tcon,SF_vs_PB_Tcon,0.769236906,0.36495042,0.747043772,0.925188902,6,2,NEO1/LRRK2,up,FALSE
GOMF_DNA_POLYMERASE_ACTIVITY,GOMF_DNA_POLYMERASE_ACTIVITY,GO_MF,Tcon,SF_vs_PB_Tcon,-0.820264415,-0.243940501,0.747625509,0.925188902,28,12,TERC/DKC1/PTGES3/POLE4/POLH/TERF1/REV3L/POLM/POLG2/POLB/POLL/REV1,down,FALSE
GOMF_DNA_DAMAGE_SENSOR_ACTIVITY,GOMF_DNA_DAMAGE_SENSOR_ACTIVITY,GO_MF,Tcon,SF_vs_PB_Tcon,-0.805208644,-0.265551841,0.747647879,0.925188902,19,9,MSH2/RAD51C/RAD51D/RAD23B/MLH3/PMS1/MSH3/PMS2/RAD51B,down,FALSE
GOMF_PHOSPHOLIPID_TRANSPORTER_ACTIVITY,GOMF_PHOSPHOLIPID_TRANSPORTER_ACTIVITY,GO_MF,Tcon,SF_vs_PB_Tcon,-0.853211958,-0.213539551,0.748412172,0.925188902,60,13,SPNS1/OSBPL10/PITPNM2/ATP11C/PITPNC1/TMEM30B/NME4/ATP8B2/ATP8A2/XKR9/ATG9B/TMEM63A/SERINC5,down,FALSE
GOMF_POLY_PURINE_TRACT_BINDING,GOMF_POLY_PURINE_TRACT_BINDING,GO_MF,Tcon,SF_vs_PB_Tcon,-0.813871501,-0.249028927,0.748693754,0.925188902,25,14,PABPC3/EIF4A3/PNPT1/PAN3/TIA1/DDX1/HNRNPU/PABPN1/PPIE/KHDRBS1/PABPC4/ZC3H14/PABPC1/RBMS3,down,FALSE
GOMF_OXIDOREDUCTASE_ACTIVITY_ACTING_ON_SINGLE_DONORS_WITH_INCORPORATION_OF_MOLECULAR_OXYGEN,GOMF_OXIDOREDUCTASE_ACTIVITY_ACTING_ON_SINGLE_DONORS_WITH_INCORPORATION_OF_MOLECULAR_OXYGEN,GO_MF,Tcon,SF_vs_PB_Tcon,0.778141072,0.317674664,0.748746019,0.925188902,10,2,ETHE1/PTGS1,up,FALSE
GOMF_RNA_EXONUCLEASE_ACTIVITY_PRODUCING_5_PHOSPHOMONOESTERS,GOMF_RNA_EXONUCLEASE_ACTIVITY_PRODUCING_5_PHOSPHOMONOESTERS,GO_MF,Tcon,SF_vs_PB_Tcon,-0.830788011,-0.231039093,0.749166172,0.925188902,37,10,PDE12/EXD2/DCP2/CNOT2/EXOSC2/DIS3L2/PAN2/EXOSC5/CNOT7/CNOT8,down,FALSE
GOMF_SUMO_TRANSFERASE_ACTIVITY,GOMF_SUMO_TRANSFERASE_ACTIVITY,GO_MF,Tcon,SF_vs_PB_Tcon,0.813689245,0.249110218,0.749620006,0.925188902,30,9,CDKN2A/EGR2/PIAS3/PIAS4/PML/UBE2I/MUL1/ZMIZ2/MDM2,up,FALSE
GOMF_HISTONE_OCTAMER_SLIDER_ACTIVITY,GOMF_HISTONE_OCTAMER_SLIDER_ACTIVITY,GO_MF,Tcon,SF_vs_PB_Tcon,0.764391123,0.384076079,0.752241605,0.927194351,5,5,SMARCA5/SMARCA2/SMARCAD1/SMARCA4/RSF1,up,FALSE
GOMF_RNA_POLYMERASE_II_CTD_HEPTAPEPTIDE_REPEAT_KINASE_ACTIVITY,GOMF_RNA_POLYMERASE_II_CTD_HEPTAPEPTIDE_REPEAT_KINASE_ACTIVITY,GO_MF,Tcon,SF_vs_PB_Tcon,0.779651816,0.302325035,0.752562864,0.927194351,12,5,CDK1/MAPK1/CDK11B/CDK7/CDK9,up,FALSE
GOMF_BH_DOMAIN_BINDING,GOMF_BH_DOMAIN_BINDING,GO_MF,Tcon,SF_vs_PB_Tcon,0.763402446,0.383579308,0.753491825,0.927526682,5,4,BCL2L1/MCL1/BAX/IRGM,up,FALSE
GOMF_PEPTIDYL_PROLINE_DIOXYGENASE_ACTIVITY,GOMF_PEPTIDYL_PROLINE_DIOXYGENASE_ACTIVITY,GO_MF,Tcon,SF_vs_PB_Tcon,-0.770316312,-0.327751759,0.754152685,0.927528696,8,2,P4HTM/EGLN3,down,FALSE
GOMF_KINETOCHORE_BINDING,GOMF_KINETOCHORE_BINDING,GO_MF,Tcon,SF_vs_PB_Tcon,-0.763612302,-0.377745871,0.755854213,0.928070969,5,2,SPDL1/MAD1L1,down,FALSE
GOMF_PHOSPHATIDYLINOSITOL_3_KINASE_REGULATORY_SUBUNIT_BINDING,GOMF_PHOSPHATIDYLINOSITOL_3_KINASE_REGULATORY_SUBUNIT_BINDING,GO_MF,Tcon,SF_vs_PB_Tcon,0.760423484,0.382082499,0.756754117,0.928070969,5,1,PTPN13,up,FALSE
GOMF_GLUTATHIONE_TRANSFERASE_ACTIVITY,GOMF_GLUTATHIONE_TRANSFERASE_ACTIVITY,GO_MF,Tcon,SF_vs_PB_Tcon,0.791701244,0.267503734,0.757064646,0.928070969,20,8,ALOX5AP/SH3BGRL3/GSTO1/CLIC2/GSTP1/MGST3/LTC4S/GSTA4,up,FALSE
GOMF_EXCITATORY_EXTRACELLULAR_LIGAND_GATED_MONOATOMIC_ION_CHANNEL_ACTIVITY,GOMF_EXCITATORY_EXTRACELLULAR_LIGAND_GATED_MONOATOMIC_ION_CHANNEL_ACTIVITY,GO_MF,Tcon,SF_vs_PB_Tcon,0.774366782,0.307966333,0.757232034,0.928070969,11,8,CHRNA5/CHRNE/CHRFAM7A/CHRNB1/CHRNA6/CHRNA10/P2RX1/P2RX5,up,FALSE
GOMF_OXIDOREDUCTASE_ACTIVITY_ACTING_ON_PAIRED_DONORS_WITH_INCORPORATION_OR_REDUCTION_OF_MOLECULAR_OXYGEN_REDUCED_FLAVIN_OR_FLAVOPROTEIN_AS_ONE_DONOR_AND_INCORPORATION_OF_ONE_ATOM_OF_OXYGEN,GOMF_OXIDOREDUCTASE_ACTIVITY_ACTING_ON_PAIRED_DONORS_WITH_INCORPORATION_OR_REDUCTION_OF_MOLECULAR_OXYGEN_REDUCED_FLAVIN_OR_FLAVOPROTEIN_AS_ONE_DONOR_AND_INCORPORATION_OF_ONE_ATOM_OF_OXYGEN,GO_MF,Tcon,SF_vs_PB_Tcon,-0.79212641,-0.269341017,0.759533326,0.930081279,17,4,CYP4V2/CYP3A5/CYP2U1/CYP4B1,down,FALSE
GOMF_CASPASE_BINDING,GOMF_CASPASE_BINDING,GO_MF,Tcon,SF_vs_PB_Tcon,0.757316391,0.343033397,0.762300147,0.932657658,7,5,NOL3/FADD/RIOK3/BFAR/NLRC4,up,FALSE
GOMF_TRANSCRIPTION_COACTIVATOR_BINDING,GOMF_TRANSCRIPTION_COACTIVATOR_BINDING,GO_MF,Tcon,SF_vs_PB_Tcon,0.814697863,0.234576782,0.763687636,0.933543444,39,13,EPAS1/ZBTB17/EP300/PPARA/HIF1A/MED25/ATF7/ZBTB49/RELA/VGLL4/AHR/RARA/CIT,up,FALSE
GOMF_DNA_HELICASE_ACTIVITY,GOMF_DNA_HELICASE_ACTIVITY,GO_MF,Tcon,SF_vs_PB_Tcon,0.830861096,0.221195067,0.765204871,0.934586158,57,18,MCM6/RFC2/RAD51/MCM7/MCM2/PIF1/MCM4/BLM/MCM5/DDX3X/MCM3/ASCC3/POLQ/RAD54L/DSCC1/RECQL/UPF1/BRIP1,up,FALSE
GOMF_17_BETA_HYDROXYSTEROID_DEHYDROGENASE_NADPLUS_ACTIVITY,GOMF_17_BETA_HYDROXYSTEROID_DEHYDROGENASE_NADPLUS_ACTIVITY,GO_MF,Tcon,SF_vs_PB_Tcon,0.752156045,0.356846717,0.766583957,0.93545848,6,3,DHRS9/AKR1C3/HSD17B10,up,FALSE
GOMF_OXIDOREDUCTASE_ACTIVITY_ACTING_ON_CH_OH_GROUP_OF_DONORS,GOMF_OXIDOREDUCTASE_ACTIVITY_ACTING_ON_CH_OH_GROUP_OF_DONORS,GO_MF,Tcon,SF_vs_PB_Tcon,-0.863554384,-0.200361377,0.767860236,0.936125395,89,23,CBR4/HSD17B11/L2HGDH/ADHFE1/HSD11B1L/AKR7A2/AKR1B1/CHDH/HSD17B4/CBR3/DHRS4L2/HSD17B8/AKR1E2/HIBADH/DCXR/DHDH/BDH1/ME2/PHGDH/RDH14/IMPDH2/SDR42E2/LDHB,down,FALSE
GOMF_SEQUENCE_SPECIFIC_MRNA_BINDING,GOMF_SEQUENCE_SPECIFIC_MRNA_BINDING,GO_MF,Tcon,SF_vs_PB_Tcon,0.76753646,0.297627072,0.768461145,0.936125395,12,10,ETF1/TYMS/MIR142/MIR146A/FMR1/DHFR/SRSF3/MIR302B/MIR29A/DHX9,up,FALSE
GOMF_VOLTAGE_GATED_MONOATOMIC_ANION_CHANNEL_ACTIVITY,GOMF_VOLTAGE_GATED_MONOATOMIC_ANION_CHANNEL_ACTIVITY,GO_MF,Tcon,SF_vs_PB_Tcon,0.763274694,0.29597449,0.773880583,0.941692412,12,1,VDAC1,up,FALSE
GOMF_MONOATOMIC_CATION_BICARBONATE_SYMPORTER_ACTIVITY,GOMF_MONOATOMIC_CATION_BICARBONATE_SYMPORTER_ACTIVITY,GO_MF,Tcon,SF_vs_PB_Tcon,0.755218587,0.308316601,0.777182309,0.941692412,10,5,SLC4A8/SLC39A6/SLC39A8/SLC4A4/SLC4A10,up,FALSE
GOMF_PHOSPHATIDYLINOSITOL_3_5_BISPHOSPHATE_3_PHOSPHATASE_ACTIVITY,GOMF_PHOSPHATIDYLINOSITOL_3_5_BISPHOSPHATE_3_PHOSPHATASE_ACTIVITY,GO_MF,Tcon,SF_vs_PB_Tcon,-0.760508784,-0.292859382,0.77730251400000006,0.941692412,11,5,MTMR7/SYNJ2/MTM1/MTMR1/MTMR4,down,FALSE
GOMF_LIGASE_ACTIVITY_FORMING_CARBON_SULFUR_BONDS,GOMF_LIGASE_ACTIVITY_FORMING_CARBON_SULFUR_BONDS,GO_MF,Tcon,SF_vs_PB_Tcon,0.796593889,0.241842003,0.777317135,0.941692412,31,6,SLC27A2/ACSL1/SLC27A4/ACSL4/ACSL5/UBA6,up,FALSE
GOMF_PEPTIDYL_PROLINE_4_DIOXYGENASE_ACTIVITY,GOMF_PEPTIDYL_PROLINE_4_DIOXYGENASE_ACTIVITY,GO_MF,Tcon,SF_vs_PB_Tcon,-0.748116517,-0.332297693,0.777969055,0.941692412,7,2,P4HTM/EGLN3,down,FALSE
GOMF_SODIUM_CHANNEL_INHIBITOR_ACTIVITY,GOMF_SODIUM_CHANNEL_INHIBITOR_ACTIVITY,GO_MF,Tcon,SF_vs_PB_Tcon,-0.7432034,-0.367649939,0.778472066,0.941692412,5,2,CAMK2D/NEDD4L,down,FALSE
GOMF_PROTEIN_DISULFIDE_ISOMERASE_ACTIVITY,GOMF_PROTEIN_DISULFIDE_ISOMERASE_ACTIVITY,GO_MF,Tcon,SF_vs_PB_Tcon,-0.777336739,-0.264312192,0.780468834,0.941692412,17,3,CRELD1/PDIA5/ERP29,down,FALSE
GOMF_CYTIDYLYLTRANSFERASE_ACTIVITY,GOMF_CYTIDYLYLTRANSFERASE_ACTIVITY,GO_MF,Tcon,SF_vs_PB_Tcon,0.741289351,0.335773803,0.781262068,0.941692412,7,3,PCYT1A/CDS1/CDS2,up,FALSE
GOMF_N_ACETYL_BETA_D_GLUCOSAMINIDE_BETA_1_3_GALACTOSYLTRANSFERASE_ACTIVITY,GOMF_N_ACETYL_BETA_D_GLUCOSAMINIDE_BETA_1_3_GALACTOSYLTRANSFERASE_ACTIVITY,GO_MF,Tcon,SF_vs_PB_Tcon,0.738142334,0.370887109,0.781328749,0.941692412,5,1,B3GALT4,up,FALSE
GOMF_OLIGOPEPTIDE_TRANSMEMBRANE_TRANSPORTER_ACTIVITY,GOMF_OLIGOPEPTIDE_TRANSMEMBRANE_TRANSPORTER_ACTIVITY,GO_MF,Tcon,SF_vs_PB_Tcon,0.751619516,0.306847287,0.781664219,0.941692412,10,3,SLC15A3/SLC15A4/ABCC1,up,FALSE
GOMF_N6_METHYLADENOSINE_CONTAINING_RNA_READER_ACTIVITY,GOMF_N6_METHYLADENOSINE_CONTAINING_RNA_READER_ACTIVITY,GO_MF,Tcon,SF_vs_PB_Tcon,-0.756308002,-0.29124173,0.782759856,0.941692412,11,7,RBM33/YTHDC1/YTHDF3/IGF2BP3/HNRNPA2B1/YTHDC2/HNRNPC,down,FALSE
GOMF_JUN_KINASE_KINASE_KINASE_ACTIVITY,GOMF_JUN_KINASE_KINASE_KINASE_ACTIVITY,GO_MF,Tcon,SF_vs_PB_Tcon,0.739526804,0.334975442,0.782999923,0.941692412,7,3,MAP3K5/RIPK1/LRRK2,up,FALSE
GOMF_SODIUM_CHANNEL_ACTIVITY,GOMF_SODIUM_CHANNEL_ACTIVITY,GO_MF,Tcon,SF_vs_PB_Tcon,0.761993578,0.277936526,0.783106523,0.941692412,15,5,TMEM43/TRPM2/SCN9A/MCOLN1/TRPM4,up,FALSE
GOMF_UBIQUITIN_LIKE_PROTEIN_CONJUGATING_ENZYME_BINDING,GOMF_UBIQUITIN_LIKE_PROTEIN_CONJUGATING_ENZYME_BINDING,GO_MF,Tcon,SF_vs_PB_Tcon,0.792337051,0.240549648,0.783824219,0.941692412,31,9,RNF19A/RNF14/RNF19B/TOLLIP/PPARA/DCUN1D3/RNF5/DCUN1D1/RNF217,up,FALSE
GOMF_POTASSIUM_CHLORIDE_SYMPORTER_ACTIVITY,GOMF_POTASSIUM_CHLORIDE_SYMPORTER_ACTIVITY,GO_MF,Tcon,SF_vs_PB_Tcon,-0.73807856,-0.365114769,0.784515785,0.941692412,5,3,SLC12A9/SLC12A7/SLC12A6,down,FALSE
GOMF_ATPASE_REGULATOR_ACTIVITY,GOMF_ATPASE_REGULATOR_ACTIVITY,GO_MF,Tcon,SF_vs_PB_Tcon,0.803348471,0.227759855,0.78641464,0.941692412,42,6,DNAJC1/ATP1B1/ATP1B3/DNAJC10/DNAJB6/KATNB1,up,FALSE
GOMF_CTPASE_ACTIVITY,GOMF_CTPASE_ACTIVITY,GO_MF,Tcon,SF_vs_PB_Tcon,0.735025453,0.34871942,0.787015857,0.941692412,6,1,ENTPD1,up,FALSE
GOMF_NADPLUS_PROTEIN_GLUTAMATE_ADP_RIBOSYLTRANSFERASE_ACTIVITY,GOMF_NADPLUS_PROTEIN_GLUTAMATE_ADP_RIBOSYLTRANSFERASE_ACTIVITY,GO_MF,Tcon,SF_vs_PB_Tcon,0.751790888,0.291521423,0.787883956,0.941692412,12,2,PARP4/PARP14,up,FALSE
GOMF_DNA_POLYMERASE_BINDING,GOMF_DNA_POLYMERASE_BINDING,GO_MF,Tcon,SF_vs_PB_Tcon,0.773130511,0.258168486,0.788152296,0.941692412,21,6,RAD51/FANCI/ACD/HMGB1/PCNA/NABP2,up,FALSE
GOMF_RNA_DNA_HYBRID_RIBONUCLEASE_ACTIVITY,GOMF_RNA_DNA_HYBRID_RIBONUCLEASE_ACTIVITY,GO_MF,Tcon,SF_vs_PB_Tcon,-0.73482192,-0.363503765,0.788326402,0.941692412,5,2,RNASEH1/APEX1,down,FALSE
GOMF_CARBOHYDRATE_TRANSMEMBRANE_TRANSPORTER_ACTIVITY,GOMF_CARBOHYDRATE_TRANSMEMBRANE_TRANSPORTER_ACTIVITY,GO_MF,Tcon,SF_vs_PB_Tcon,0.763254569,0.269143047,0.788707486,0.941692412,17,5,SLC2A8/SLC2A3/SLC2A1/SLC17A5/SLC2A14,up,FALSE
GOMF_NADPH_DEHYDROGENASE_ACTIVITY,GOMF_NADPH_DEHYDROGENASE_ACTIVITY,GO_MF,Tcon,SF_vs_PB_Tcon,0.734370091,0.332639661,0.789217579,0.941692412,7,3,NQO1/TP53I3/CRYZ,up,FALSE
GOMF_VOLTAGE_GATED_POTASSIUM_CHANNEL_ACTIVITY,GOMF_VOLTAGE_GATED_POTASSIUM_CHANNEL_ACTIVITY,GO_MF,Tcon,SF_vs_PB_Tcon,-0.784398165,-0.245140161,0.789247312,0.941692412,23,5,KCNH3/KCNJ15/KCNQ5/KCNH2/KCNA3,down,FALSE
GOMF_PHOSPHATIDYLSERINE_FLOPPASE_ACTIVITY,GOMF_PHOSPHATIDYLSERINE_FLOPPASE_ACTIVITY,GO_MF,Tcon,SF_vs_PB_Tcon,-0.744075614,-0.305533888,0.790599369,0.941692412,9,4,ABCA1/ABCA7/ATP11C/ATP8A2,down,FALSE
GOMF_INTERLEUKIN_2_RECEPTOR_BINDING,GOMF_INTERLEUKIN_2_RECEPTOR_BINDING,GO_MF,Tcon,SF_vs_PB_Tcon,0.730357697,0.366975639,0.790627259,0.941692412,5,2,IL21/ECM1,up,FALSE
GOMF_DNA_NUCLEASE_ACTIVITY,GOMF_DNA_NUCLEASE_ACTIVITY,GO_MF,Tcon,SF_vs_PB_Tcon,-0.838171984,-0.204124944,0.791241087,0.941692412,69,19,SND1/TATDN3/EXOG/EXD2/TATDN1/TEFM/AEN/SETMAR/DNASE1/ERCC4/FAN1/NTHL1/POLB/DFFB/APLF/RPS3/HMGA1/APEX1/ZRANB3,down,FALSE
GOMF_PRERIBOSOME_BINDING,GOMF_PRERIBOSOME_BINDING,GO_MF,Tcon,SF_vs_PB_Tcon,-0.731733835,-0.341318934,0.793275089,0.941692412,6,4,NVL/GTPBP4/TMA16/ZNF622,down,FALSE
GOMF_HISTONE_H3K27_METHYLTRANSFERASE_ACTIVITY,GOMF_HISTONE_H3K27_METHYLTRANSFERASE_ACTIVITY,GO_MF,Tcon,SF_vs_PB_Tcon,-0.729912215,-0.361075018,0.79350966,0.941692412,5,3,EZH1/EHMT1/EHMT2,down,FALSE
GOMF_K63_LINKED_POLYUBIQUITIN_MODIFICATION_DEPENDENT_PROTEIN_BINDING,GOMF_K63_LINKED_POLYUBIQUITIN_MODIFICATION_DEPENDENT_PROTEIN_BINDING,GO_MF,Tcon,SF_vs_PB_Tcon,0.77076024,0.25438965,0.793757009,0.941692412,22,6,IKBKG/OPTN/SQSTM1/NPLOC4/OTUD7B/TNIP2,up,FALSE
GOMF_D_LOOP_DNA_BINDING,GOMF_D_LOOP_DNA_BINDING,GO_MF,Tcon,SF_vs_PB_Tcon,0.727063801,0.365320588,0.794416987,0.941692412,5,3,RAD51AP1/BLM/WRN,up,FALSE
GOMF_UBIQUITIN_LIKE_PROTEIN_CONJUGATING_ENZYME_ACTIVITY,GOMF_UBIQUITIN_LIKE_PROTEIN_CONJUGATING_ENZYME_ACTIVITY,GO_MF,Tcon,SF_vs_PB_Tcon,0.797121518,0.228288891,0.794427497,0.941692412,40,11,UBE2A/UBE2W/TSG101/UBE2M/UBE2K/UBE2I/UBE2Z/UBE2C/UBE2L3/AKTIP/UBE2T,up,FALSE
GOMF_GUANYLYLTRANSFERASE_ACTIVITY,GOMF_GUANYLYLTRANSFERASE_ACTIVITY,GO_MF,Tcon,SF_vs_PB_Tcon,0.735311623,0.320488787,0.794448396,0.941692412,8,8,ZBTB8OS/FPGT/GDPGP1/GMPPB/GMPPA/RNGTT/RTCB/THG1L,up,FALSE
GOMF_APOLIPOPROTEIN_A_I_BINDING,GOMF_APOLIPOPROTEIN_A_I_BINDING,GO_MF,Tcon,SF_vs_PB_Tcon,0.726425122,0.364999677,0.79517884,0.941764838,5,2,TREM2/LCAT,up,FALSE
GOMF_PHOSPHORUS_OXYGEN_LYASE_ACTIVITY,GOMF_PHOSPHORUS_OXYGEN_LYASE_ACTIVITY,GO_MF,Tcon,SF_vs_PB_Tcon,-0.755432902,-0.270758889,0.796056974,0.942011911,14,4,CD38/TSEN2/TSEN34/RNASET2,down,FALSE
GOMF_VOLTAGE_GATED_SODIUM_CHANNEL_ACTIVITY,GOMF_VOLTAGE_GATED_SODIUM_CHANNEL_ACTIVITY,GO_MF,Tcon,SF_vs_PB_Tcon,0.731490608,0.318823381,0.798542896,0.944159542,8,2,TMEM43/SCN9A,up,FALSE
GOMF_PHOSPHATIDYLINOSITOL_3_KINASE_BINDING,GOMF_PHOSPHATIDYLINOSITOL_3_KINASE_BINDING,GO_MF,Tcon,SF_vs_PB_Tcon,0.75383874,0.265822786,0.800063295,0.944201963,17,3,HCST/PTPN13/GSN,up,FALSE
GOMF_NUCLEOTIDYLTRANSFERASE_ACTIVITY,GOMF_NUCLEOTIDYLTRANSFERASE_ACTIVITY,GO_MF,Tcon,SF_vs_PB_Tcon,0.844913642,0.197387015,0.80076666,0.944201963,121,20,OASL/OAS3/PARP9/OAS1/PARP4/PCYT1A/TEP1/PARP12/MED20/ADCY7/POLR2K/PARP14/POLE2/PAPSS2/NUDT5/POLK/POLR2L/UAP1L1/POLD3/CDS1,up,FALSE
GOMF_MINOR_GROOVE_OF_ADENINE_THYMINE_RICH_DNA_BINDING,GOMF_MINOR_GROOVE_OF_ADENINE_THYMINE_RICH_DNA_BINDING,GO_MF,Tcon,SF_vs_PB_Tcon,-0.724504996,-0.337947025,0.801763843,0.944201963,6,3,HNRNPD/MAPT/HMGA1,down,FALSE
GOMF_SIALYLTRANSFERASE_ACTIVITY,GOMF_SIALYLTRANSFERASE_ACTIVITY,GO_MF,Tcon,SF_vs_PB_Tcon,0.746651733,0.2723406,0.802158611,0.944201963,15,7,ST8SIA4/ST6GALNAC6/ST3GAL6/ST8SIA6/ST6GALNAC4/ST6GALNAC3/ST3GAL5,up,FALSE
GOMF_L_LEUCINE_TRANSMEMBRANE_TRANSPORTER_ACTIVITY,GOMF_L_LEUCINE_TRANSMEMBRANE_TRANSPORTER_ACTIVITY,GO_MF,Tcon,SF_vs_PB_Tcon,0.721604326,0.342352011,0.802601481,0.944201963,6,3,SLC3A2/SLC43A2/SLC7A5,up,FALSE
GOMF_ADENYLATE_CYCLASE_ACTIVATOR_ACTIVITY,GOMF_ADENYLATE_CYCLASE_ACTIVATOR_ACTIVITY,GO_MF,Tcon,SF_vs_PB_Tcon,0.719614904,0.361577814,0.803051318,0.944201963,5,2,CALM2/GNAS,up,FALSE
GOMF_HIGH_DENSITY_LIPOPROTEIN_PARTICLE_BINDING,GOMF_HIGH_DENSITY_LIPOPROTEIN_PARTICLE_BINDING,GO_MF,Tcon,SF_vs_PB_Tcon,-0.729974586,-0.310587288,0.803276297,0.944201963,8,3,ABCA1/HSPD1/APOA1,down,FALSE
GOMF_PROTEIN_CYSTEINE_S_STEAROYLTRANSFERASE_ACTIVITY,GOMF_PROTEIN_CYSTEINE_S_STEAROYLTRANSFERASE_ACTIVITY,GO_MF,Tcon,SF_vs_PB_Tcon,-0.725231711,-0.322132741,0.805409217,0.944282468,7,6,ZDHHC2/ZDHHC3/ZDHHC7/ZDHHC17/ZDHHC6/ZDHHC15,down,FALSE
GOMF_NADPLUS_PROTEIN_MONO_ADP_RIBOSYLTRANSFERASE_ACTIVITY,GOMF_NADPLUS_PROTEIN_MONO_ADP_RIBOSYLTRANSFERASE_ACTIVITY,GO_MF,Tcon,SF_vs_PB_Tcon,0.767208566,0.247932343,0.80566512,0.944282468,24,4,PARP9/PARP4/PARP12/PARP14,up,FALSE
GOMF_TRNA_PSEUDOURIDINE_SYNTHASE_ACTIVITY,GOMF_TRNA_PSEUDOURIDINE_SYNTHASE_ACTIVITY,GO_MF,Tcon,SF_vs_PB_Tcon,-0.727751593,-0.309641456,0.806027386,0.944282468,8,5,TRUB2/PUS3/PUS1/TRUB1/RPUSD4,down,FALSE
GOMF_ARYL_HYDROCARBON_RECEPTOR_BINDING,GOMF_ARYL_HYDROCARBON_RECEPTOR_BINDING,GO_MF,Tcon,SF_vs_PB_Tcon,0.717310342,0.340314809,0.807408987,0.944282468,6,2,NCOA2/ARNT,up,FALSE
GOMF_UNFOLDED_PROTEIN_BINDING,GOMF_UNFOLDED_PROTEIN_BINDING,GO_MF,Tcon,SF_vs_PB_Tcon,-0.846796508,-0.194329483,0.807746057,0.944282468,95,33,SCG5/TIMM10B/NACA2/HSPA5/SCAP/PTGES3/DNAJB2/AHSA1/HSP90B1/HSPE1/SHQ1/SRSF10/PDRG1/HEATR3/CCT7/SPG7/VBP1/CCT2/NUDCD3/HSPA8/DNAJC4/TOMM20/HSPD1/PFDN5/DNAJB4/CCT4/TRAP1/CCT3/NACA/NUDCD2/NPM1/DNAJA3/HSPB1,down,FALSE
GOMF_NADH_DEHYDROGENASE_ACTIVITY,GOMF_NADH_DEHYDROGENASE_ACTIVITY,GO_MF,Tcon,SF_vs_PB_Tcon,0.733891853,0.284580726,0.809448013,0.944282468,12,3,NQO1/ENOX1/NDUFV2,up,FALSE
GOMF_BETA_1_3_GALACTOSYLTRANSFERASE_ACTIVITY,GOMF_BETA_1_3_GALACTOSYLTRANSFERASE_ACTIVITY,GO_MF,Tcon,SF_vs_PB_Tcon,0.715906473,0.324276396,0.810786283,0.944282468,7,1,B3GALT4,up,FALSE
GOMF_CYSTEINE_TYPE_EXOPEPTIDASE_ACTIVITY,GOMF_CYSTEINE_TYPE_EXOPEPTIDASE_ACTIVITY,GO_MF,Tcon,SF_vs_PB_Tcon,-0.716567196,-0.334244421,0.811099407,0.944282468,6,2,BLMH/SCRN3,down,FALSE
GOMF_SIGNALING_RECEPTOR_COMPLEX_ADAPTOR_ACTIVITY,GOMF_SIGNALING_RECEPTOR_COMPLEX_ADAPTOR_ACTIVITY,GO_MF,Tcon,SF_vs_PB_Tcon,-0.795894308,-0.218567093,0.811343681,0.944282468,39,3,SH2B1/TRAT1/LDLRAP1,down,FALSE
GOMF_MANNOSIDASE_ACTIVITY,GOMF_MANNOSIDASE_ACTIVITY,GO_MF,Tcon,SF_vs_PB_Tcon,0.736359034,0.273884503,0.812833519,0.944282468,14,3,MAN1A1/EDEM1/MAN2A2,up,FALSE
GOMF_DEATH_DOMAIN_BINDING,GOMF_DEATH_DOMAIN_BINDING,GO_MF,Tcon,SF_vs_PB_Tcon,0.719318708,0.313518205,0.812979374,0.944282468,8,5,BCL2L1/RIPK1/MCL1/BAX/IRGM,up,FALSE
GOMF_MRNA_REGULATORY_ELEMENT_BINDING_TRANSLATION_REPRESSOR_ACTIVITY,GOMF_MRNA_REGULATORY_ELEMENT_BINDING_TRANSLATION_REPRESSOR_ACTIVITY,GO_MF,Tcon,SF_vs_PB_Tcon,-0.758427645,-0.250123815,0.813224148,0.944282468,19,4,CELF1/PAIP2B/ZNF540/ACO1,down,FALSE
GOMF_NUCLEOSOME_BINDING,GOMF_NUCLEOSOME_BINDING,GO_MF,Tcon,SF_vs_PB_Tcon,-0.812695367,-0.207699942,0.813369624,0.944282468,54,12,ARID1B/NOC2L/VRK1/SSRP1/HMGN3/HMGN5/HNRNPC/HMGN1/HDAC2/HDAC1/HMGN2/RCC1,down,FALSE
GOMF_ATP_DEPENDENT_PROTEIN_FOLDING_CHAPERONE,GOMF_ATP_DEPENDENT_PROTEIN_FOLDING_CHAPERONE,GO_MF,Tcon,SF_vs_PB_Tcon,-0.77742874,-0.229122916,0.815045135,0.944282468,29,13,HSPA1L/CCT5/HSP90AB1/HSPA5/HSPH1/HSP90B1/CCT7/CCT2/HSPA8/HSPD1/CCT4/TRAP1/CCT3,down,FALSE
GOMF_1_PHOSPHATIDYLINOSITOL_4_5_BISPHOSPHATE_3_KINASE_ACTIVITY,GOMF_1_PHOSPHATIDYLINOSITOL_4_5_BISPHOSPHATE_3_KINASE_ACTIVITY,GO_MF,Tcon,SF_vs_PB_Tcon,0.711575118,0.322314469,0.815536418,0.944282468,7,1,PIK3CG,up,FALSE
GOMF_TELOMERASE_INHIBITOR_ACTIVITY,GOMF_TELOMERASE_INHIBITOR_ACTIVITY,GO_MF,Tcon,SF_vs_PB_Tcon,-0.72012469,-0.306396385,0.815656197,0.944282468,8,3,PINX1/POT1/ERCC4,down,FALSE
GOMF_HISTONE_H4K20ME2_READER_ACTIVITY,GOMF_HISTONE_H4K20ME2_READER_ACTIVITY,GO_MF,Tcon,SF_vs_PB_Tcon,-0.712285688,-0.332247301,0.815911767,0.944282468,6,4,TTLL12/L3MBTL1/L3MBTL2/MBTD1,down,FALSE
GOMF_NADP_BINDING,GOMF_NADP_BINDING,GO_MF,Tcon,SF_vs_PB_Tcon,0.781321447,0.224966676,0.816150258,0.944282468,39,9,GAPDH/KDSR/HMGCR/DHCR7/IDH1/CYBB/H6PD/SRD5A1/POR,up,FALSE
GOMF_PROTEIN_DEMETHYLASE_ACTIVITY,GOMF_PROTEIN_DEMETHYLASE_ACTIVITY,GO_MF,Tcon,SF_vs_PB_Tcon,0.768048254,0.23513727,0.816824696,0.944282468,30,2,KDM5B/JMJD6,up,FALSE
GOMF_PROSTANOID_RECEPTOR_ACTIVITY,GOMF_PROSTANOID_RECEPTOR_ACTIVITY,GO_MF,Tcon,SF_vs_PB_Tcon,-0.718881515,-0.305867443,0.817323524,0.944282468,8,3,PTGER2/TBXA2R/PTGDR2,down,FALSE
GOMF_DYNACTIN_BINDING,GOMF_DYNACTIN_BINDING,GO_MF,Tcon,SF_vs_PB_Tcon,0.729734563,0.276909581,0.817637391,0.944282468,13,6,BBS4/PAFAH1B1/HTT/SNX6/SPTBN5/BICD2,up,FALSE
GOMF_MICROTUBULE_MINUS_END_BINDING,GOMF_MICROTUBULE_MINUS_END_BINDING,GO_MF,Tcon,SF_vs_PB_Tcon,0.729223087,0.276715493,0.818109686,0.944282468,13,4,CAMSAP1/MACF1/HAUS7/NUMA1,up,FALSE
GOMF_U3_SNORNA_BINDING,GOMF_U3_SNORNA_BINDING,GO_MF,Tcon,SF_vs_PB_Tcon,-0.713040316,-0.316717578,0.819367818,0.944804179,7,4,RRP9/DHX37/XRCC5/NHP2,down,FALSE
GOMF_NAD_P_H_DEHYDROGENASE_QUINONE_ACTIVITY,GOMF_NAD_P_H_DEHYDROGENASE_QUINONE_ACTIVITY,GO_MF,Tcon,SF_vs_PB_Tcon,0.705695445,0.334804332,0.820125615,0.944804179,6,2,NQO1/NQO2,up,FALSE
GOMF_CALCIUM_DEPENDENT_PROTEIN_SERINE_THREONINE_PHOSPHATASE_ACTIVITY,GOMF_CALCIUM_DEPENDENT_PROTEIN_SERINE_THREONINE_PHOSPHATASE_ACTIVITY,GO_MF,Tcon,SF_vs_PB_Tcon,0.707629739,0.320527373,0.820576195,0.944804179,7,4,PPP3CA/PPP3CB/PPM1A/PPP3R1,up,FALSE
GOMF_UBIQUITIN_LIKE_PROTEIN_SPECIFIC_ENDOPEPTIDASE_ACTIVITY,GOMF_UBIQUITIN_LIKE_PROTEIN_SPECIFIC_ENDOPEPTIDASE_ACTIVITY,GO_MF,Tcon,SF_vs_PB_Tcon,-0.704058129,-0.348285446,0.821904898,0.944888215,5,4,SENP5/SENP7/SENP2/SENP6,down,FALSE
GOMF_CARD_DOMAIN_BINDING,GOMF_CARD_DOMAIN_BINDING,GO_MF,Tcon,SF_vs_PB_Tcon,0.723162209,0.2804201,0.821992307,0.944888215,12,2,NOD2/CARD9,up,FALSE
GOMF_PHOSPHOTRANSFERASE_ACTIVITY_FOR_OTHER_SUBSTITUTED_PHOSPHATE_GROUPS,GOMF_PHOSPHOTRANSFERASE_ACTIVITY_FOR_OTHER_SUBSTITUTED_PHOSPHATE_GROUPS,GO_MF,Tcon,SF_vs_PB_Tcon,-0.750940318,-0.244255751,0.825497782,0.948143166,20,7,AASDHPPT/PTDSS1/FKTN/CRLS1/CDIPT/CEPT1/PGS1,down,FALSE
GOMF_PHOSPHATIDYLINOSITOL_TRISPHOSPHATE_PHOSPHATASE_ACTIVITY,GOMF_PHOSPHATIDYLINOSITOL_TRISPHOSPHATE_PHOSPHATASE_ACTIVITY,GO_MF,Tcon,SF_vs_PB_Tcon,0.699952673,0.317049976,0.8295358,0.952003973,7,3,INPP5D/INPPL1/FIG4,up,FALSE
GOMF_SPHINGOLIPID_BINDING,GOMF_SPHINGOLIPID_BINDING,GO_MF,Tcon,SF_vs_PB_Tcon,-0.747120404,-0.239811157,0.833701573,0.956004982,21,7,SELP/PLEKHA8/IL2/S1PR1/SELL/PHB2/CLIP3,down,FALSE
GOMF_OXIDOREDUCTASE_ACTIVITY_ACTING_ON_THE_CH_CH_GROUP_OF_DONORS,GOMF_OXIDOREDUCTASE_ACTIVITY_ACTING_ON_THE_CH_CH_GROUP_OF_DONORS,GO_MF,Tcon,SF_vs_PB_Tcon,0.784253634,0.212846743,0.834920247,0.956517899,52,11,TBXAS1/DHCR7/DHCR24/CYP2S1/ACOX3/CRAT/PPOX/AKR1C3/SRD5A1/FASN/BLVRB,up,FALSE
GOMF_S_ADENOSYL_L_METHIONINE_BINDING,GOMF_S_ADENOSYL_L_METHIONINE_BINDING,GO_MF,Tcon,SF_vs_PB_Tcon,-0.723240608,-0.259220671,0.835508527,0.956517899,14,8,SETD6/SUV39H2/METTL3/METTL14/METTL5/ZCCHC4/MOCS1/TFB1M,down,FALSE
GOMF_CO_SMAD_BINDING,GOMF_CO_SMAD_BINDING,GO_MF,Tcon,SF_vs_PB_Tcon,-0.692211524,-0.322883661,0.838796291,0.957920981,6,5,SMAD1/TRIM33/SMAD3/SMAD2/USP9Y,down,FALSE
GOMF_TRANSLATION_ACTIVATOR_ACTIVITY,GOMF_TRANSLATION_ACTIVATOR_ACTIVITY,GO_MF,Tcon,SF_vs_PB_Tcon,0.695833975,0.303282282,0.839737798,0.957920981,8,4,ABCF1/CTIF/RPS27L/MIF4GD,up,FALSE
GOMF_ALCOHOL_DEHYDROGENASE_NAD_P_PLUS_ACTIVITY,GOMF_ALCOHOL_DEHYDROGENASE_NAD_P_PLUS_ACTIVITY,GO_MF,Tcon,SF_vs_PB_Tcon,-0.754040582,-0.226208056,0.840344338,0.957920981,27,10,SORD/RTN4IP1/ADHFE1/AKR7A2/AKR1B1/CBR3/DHRS4L2/AKR1E2/DCXR/RDH14,down,FALSE
GOMF_TRANSLATION_REPRESSOR_ACTIVITY,GOMF_TRANSLATION_REPRESSOR_ACTIVITY,GO_MF,Tcon,SF_vs_PB_Tcon,0.75350915,0.226987204,0.840907458,0.957920981,32,10,EIF4EBP1/CYFIP1/CPEB2/C8orf88/TYMS/ZFP36/RARA/ZFP36L1/SAMD4B/SAMD4A,up,FALSE
GOMF_U4_SNRNA_BINDING,GOMF_U4_SNRNA_BINDING,GO_MF,Tcon,SF_vs_PB_Tcon,-0.684759983,-0.338738985,0.84212575,0.957920981,5,4,PRPF31/SART3/GEMIN5/DDX39B,down,FALSE
GOMF_UBIQUITIN_LIKE_MODIFIER_ACTIVATING_ENZYME_ACTIVITY,GOMF_UBIQUITIN_LIKE_MODIFIER_ACTIVATING_ENZYME_ACTIVITY,GO_MF,Tcon,SF_vs_PB_Tcon,-0.702925909,-0.27912322,0.842187139,0.957920981,10,6,MOCS3/UBA3/UBA5/UBA7/NAE1/UBA2,down,FALSE
GOMF_INOSITOL_TRISPHOSPHATE_KINASE_ACTIVITY,GOMF_INOSITOL_TRISPHOSPHATE_KINASE_ACTIVITY,GO_MF,Tcon,SF_vs_PB_Tcon,-0.683240591,-0.337987368,0.843559853,0.957920981,5,2,ITPKB/IPMK,down,FALSE
GOMF_PROTEIN_N_ACYLTRANSFERASE_ACTIVITY,GOMF_PROTEIN_N_ACYLTRANSFERASE_ACTIVITY,GO_MF,Tcon,SF_vs_PB_Tcon,0.770156149,0.214293307,0.843802698,0.957920981,46,12,NAA50/KAT2B/NCOA3/ESCO2/NCOA1/EP300/BLOC1S1/BRCA2/NAA20/GTF3C4/HAT1/BRD1,up,FALSE
GOMF_THREONINE_TYPE_ENDOPEPTIDASE_ACTIVITY,GOMF_THREONINE_TYPE_ENDOPEPTIDASE_ACTIVITY,GO_MF,Tcon,SF_vs_PB_Tcon,0.686596455,0.311000155,0.844017919,0.957920981,7,2,PSMB6/PSMB7,up,FALSE
GOMF_SUMO_BINDING,GOMF_SUMO_BINDING,GO_MF,Tcon,SF_vs_PB_Tcon,-0.71883589,-0.252821258,0.844201425,0.957920981,15,4,RNF111/UBA2/SERBP1/SIMC1,down,FALSE
GOMF_HISTONE_H2A_DEUBIQUITINASE_ACTIVITY,GOMF_HISTONE_H2A_DEUBIQUITINASE_ACTIVITY,GO_MF,Tcon,SF_vs_PB_Tcon,-0.686769406,-0.320345173,0.844414152,0.957920981,6,5,BAP1/USP16/USP3/USP51/USP22,down,FALSE
GOMF_NUCLEAR_VITAMIN_D_RECEPTOR_BINDING,GOMF_NUCLEAR_VITAMIN_D_RECEPTOR_BINDING,GO_MF,Tcon,SF_vs_PB_Tcon,0.710141976,0.259023697,0.84600657,0.957920981,15,1,RXRA,up,FALSE
GOMF_DIOXYGENASE_ACTIVITY,GOMF_DIOXYGENASE_ACTIVITY,GO_MF,Tcon,SF_vs_PB_Tcon,-0.808694739,-0.195210476,0.847541658,0.957920981,72,26,KDM3A/ALKBH1/METTL4/KDM2A/RSBN1L/OGFOD2/KDM4D/FTO/HSPBAP1/KDM1A/RAD23B/ALKBH8/TET1/KDM5D/HPDL/ALKBH3/KDM8/KDM4C/P4HTM/UTY/EGLN3/TMLHE/CDO1/ALKBH2/ASPH/ALKBH7,down,FALSE
GOMF_TRNA_CYTIDINE_METHYLTRANSFERASE_ACTIVITY,GOMF_TRNA_CYTIDINE_METHYLTRANSFERASE_ACTIVITY,GO_MF,Tcon,SF_vs_PB_Tcon,-0.690018131,-0.293586741,0.847731394,0.957920981,8,5,METTL2B/TRDMT1/METTL6/NSUN3/NSUN6,down,FALSE
GOMF_AMINO_ACID_BINDING,GOMF_AMINO_ACID_BINDING,GO_MF,Tcon,SF_vs_PB_Tcon,0.722422994,0.244095673,0.847978765,0.957920981,20,5,TM4SF5/GLUD2/GLDC/GLUD1/UBR2,up,FALSE
GOMF_ACETYLTRANSFERASE_ACTIVATOR_ACTIVITY,GOMF_ACETYLTRANSFERASE_ACTIVATOR_ACTIVITY,GO_MF,Tcon,SF_vs_PB_Tcon,-0.700851916,-0.269886507,0.848100466,0.957920981,11,5,FNTB/NAA16/NAA25/NAA15/FNTA,down,FALSE
GOMF_ACTIVIN_RECEPTOR_ACTIVITY,GOMF_ACTIVIN_RECEPTOR_ACTIVITY,GO_MF,Tcon,SF_vs_PB_Tcon,-0.68918857,-0.293233782,0.848752631,0.957920981,8,5,ACVR2B/ACVR1B/TGFBR2/ACVR1C/ACVR1,down,FALSE
GOMF_3_HYDROXYACYL_COA_DEHYDRATASE_ACTIVITY,GOMF_3_HYDROXYACYL_COA_DEHYDRATASE_ACTIVITY,GO_MF,Tcon,SF_vs_PB_Tcon,-0.678007871,-0.335398832,0.848988957,0.957920981,5,4,EHHADH/CDYL/HADHA/HSD17B4,down,FALSE
GOMF_TELOMERASE_ACTIVITY,GOMF_TELOMERASE_ACTIVITY,GO_MF,Tcon,SF_vs_PB_Tcon,0.677872684,0.321604331,0.84972667,0.957985116,6,1,TEP1,up,FALSE
GOMF_TRANSCRIPTION_COREPRESSOR_BINDING,GOMF_TRANSCRIPTION_COREPRESSOR_BINDING,GO_MF,Tcon,SF_vs_PB_Tcon,0.762300497,0.213013792,0.853385641,0.960389367,45,7,ENO1/RUNX3/BCL6/PER1/FAM89B/EED/HIF1A,up,FALSE
GOMF_OXIDOREDUCTASE_ACTIVITY_ACTING_ON_OTHER_NITROGENOUS_COMPOUNDS_AS_DONORS,GOMF_OXIDOREDUCTASE_ACTIVITY_ACTING_ON_OTHER_NITROGENOUS_COMPOUNDS_AS_DONORS,GO_MF,Tcon,SF_vs_PB_Tcon,-0.67331416,-0.333076934,0.853496138,0.960389367,5,2,GMPR2/GPHN,down,FALSE
GOMF_G_QUADRUPLEX_RNA_BINDING,GOMF_G_QUADRUPLEX_RNA_BINDING,GO_MF,Tcon,SF_vs_PB_Tcon,-0.677457019,-0.316001388,0.854389987,0.960389367,6,5,FMR1/MCRS1/DHX36/DHX30/GRSF1,down,FALSE
GOMF_CALCIUM_ACTIVATED_CATION_CHANNEL_ACTIVITY,GOMF_CALCIUM_ACTIVATED_CATION_CHANNEL_ACTIVITY,GO_MF,Tcon,SF_vs_PB_Tcon,-0.701467079,-0.257000654,0.855828677,0.960389367,13,2,KCNMB4/TMEM63A,down,FALSE
GOMF_MONOATOMIC_ION_GATED_CHANNEL_ACTIVITY,GOMF_MONOATOMIC_ION_GATED_CHANNEL_ACTIVITY,GO_MF,Tcon,SF_vs_PB_Tcon,-0.701467079,-0.257000654,0.855828677,0.960389367,13,2,KCNMB4/TMEM63A,down,FALSE
GOMF_PHOSPHATIDYLCHOLINE_FLOPPASE_ACTIVITY,GOMF_PHOSPHATIDYLCHOLINE_FLOPPASE_ACTIVITY,GO_MF,Tcon,SF_vs_PB_Tcon,-0.679362536,-0.301758614,0.855954702,0.960389367,7,3,ABCA1/ABCA7/ATP8B2,down,FALSE
GOMF_SODIUM_BICARBONATE_SYMPORTER_ACTIVITY,GOMF_SODIUM_BICARBONATE_SYMPORTER_ACTIVITY,GO_MF,Tcon,SF_vs_PB_Tcon,0.668153014,0.335720265,0.857514016,0.961032445,5,3,SLC4A8/SLC4A4/SLC4A10,up,FALSE
GOMF_N_ACETYLTRANSFERASE_ACTIVITY,GOMF_N_ACETYLTRANSFERASE_ACTIVITY,GO_MF,Tcon,SF_vs_PB_Tcon,0.77026693,0.206558344,0.858459616,0.961032445,55,17,HGSNAT/NAA50/KAT2B/NCOA3/ESCO2/NCOA1/EP300/BLOC1S1/BRCA2/NAA20/GTF3C4/HAT1/BRD1/NAGS/NAT14/ARRB1/BAZ1A,up,FALSE
GOMF_INOSITOL_1_3_4_5_TETRAKISPHOSPHATE_5_PHOSPHATASE_ACTIVITY,GOMF_INOSITOL_1_3_4_5_TETRAKISPHOSPHATE_5_PHOSPHATASE_ACTIVITY,GO_MF,Tcon,SF_vs_PB_Tcon,-0.668434581,-0.33066309,0.85857696,0.961032445,5,2,OCRL/INPP5B,down,FALSE
GOMF_PHOSPHOLIPID_TRANSFER_ACTIVITY,GOMF_PHOSPHOLIPID_TRANSFER_ACTIVITY,GO_MF,Tcon,SF_vs_PB_Tcon,0.724460436,0.231777462,0.860988599,0.96230049,25,10,PITPNA/GLTP/SCP2/PRELID2/PITPNM1/OSBPL11/ABCA3/TMEM63B/PLTP/OSBPL8,up,FALSE
GOMF_MUTSALPHA_COMPLEX_BINDING,GOMF_MUTSALPHA_COMPLEX_BINDING,GO_MF,Tcon,SF_vs_PB_Tcon,-0.674261234,-0.299492722,0.861077695,0.96230049,7,5,MCM8/MCM9/ATR/MUTYH/PMS2,down,FALSE
GOMF_AMP_BINDING,GOMF_AMP_BINDING,GO_MF,Tcon,SF_vs_PB_Tcon,-0.672866456,-0.298873191,0.862550297,0.962750689,7,3,ACSS1/APRT/PRKAG2,down,FALSE
GOMF_NUCLEASE_ACTIVITY,GOMF_NUCLEASE_ACTIVITY,GO_MF,Tcon,SF_vs_PB_Tcon,-0.855582502,-0.176926931,0.862849053,0.962750689,186,35,TEFM/AEN/DCP2/CNOT2/SETMAR/EXOSC2/DNASE1/ERCC4/DXO/DIS3L2/EXOSC1/FAN1/NOB1/NTHL1/POLB/PMS2/EXOSC8/DFFB/NUDT12/TSEN2/TSEN34/APLF/PAN2/EXOSC5/CNOT7/RPS3/CNOT8/HMGA1/POP5/APEX1/ZRANB3/REXO4/G3BP1/PLD6/RNASET2,down,FALSE
GOMF_INSULIN_RECEPTOR_SUBSTRATE_BINDING,GOMF_INSULIN_RECEPTOR_SUBSTRATE_BINDING,GO_MF,Tcon,SF_vs_PB_Tcon,-0.687005578,-0.264554511,0.863566447,0.962787631,11,5,PRKCZ/PIK3R1/NCL/GRB2/IGF1R,down,FALSE
GOMF_CATALYTIC_ACTIVITY_ACTING_ON_DNA,GOMF_CATALYTIC_ACTIVITY_ACTING_ON_DNA,GO_MF,Tcon,SF_vs_PB_Tcon,-0.864612396,-0.174651379,0.865262675,0.963468753,222,49,POLH/MUTYH/LIG1/XRCC5/SND1/TERF1/MLH3/TATDN3/EXOG/EXD2/REV3L/TATDN1/RECQL5/TET1/ATRX/TEFM/CHD2/AEN/SETMAR/PMS1/DNASE1/ALKBH3/ERCC4/HELB/POLM/POLG2/MSH3/FAN1/NTHL1/POLB/CHTF8/PMS2/CRY2/POLL/HELQ/DFFB/REV1/APLF/RAD51B/CHD7/RPS3/HMGA1/APEX1/ALKBH2/ZRANB3/G3BP1/TP53/DNMT3A/MORC2,down,FALSE
GOMF_PROTEIN_FOLDING_CHAPERONE_BINDING,GOMF_PROTEIN_FOLDING_CHAPERONE_BINDING,GO_MF,Tcon,SF_vs_PB_Tcon,0.806506688,0.190596627,0.865546911,0.963468753,112,16,MVD/PRNP/DNAJC1/CLU/RNF207/TBCD/DNAJC10/CDK1/SNCA/PPP5C/HSPA2/NOD2/DNAJB6/DNAJC9/TFRC/GRN,up,FALSE
GOMF_OXIDOREDUCTASE_ACTIVITY_ACTING_ON_THE_CH_NH2_GROUP_OF_DONORS_OXYGEN_AS_ACCEPTOR,GOMF_OXIDOREDUCTASE_ACTIVITY_ACTING_ON_THE_CH_NH2_GROUP_OF_DONORS_OXYGEN_AS_ACCEPTOR,GO_MF,Tcon,SF_vs_PB_Tcon,0.659008839,0.312654724,0.868045594,0.965486285,6,2,IL4I1/LOXL1,up,FALSE
GOMF_GLCNAC_2_PP_DOL_MANNOSYLTRANSFERASE_ACTIVITY,GOMF_GLCNAC_2_PP_DOL_MANNOSYLTRANSFERASE_ACTIVITY,GO_MF,Tcon,SF_vs_PB_Tcon,-0.662574396,-0.309059354,0.868868373,0.965638073,6,4,ALG12/ALG11/ALG2/ALG3,down,FALSE
GOMF_CHOLINE_TRANSMEMBRANE_TRANSPORTER_ACTIVITY,GOMF_CHOLINE_TRANSMEMBRANE_TRANSPORTER_ACTIVITY,GO_MF,Tcon,SF_vs_PB_Tcon,-0.661297387,-0.308463691,0.86985976,0.965778188,6,3,SLC44A2/SLC44A3/SLC44A5,down,FALSE
GOMF_BICARBONATE_TRANSMEMBRANE_TRANSPORTER_ACTIVITY,GOMF_BICARBONATE_TRANSMEMBRANE_TRANSPORTER_ACTIVITY,GO_MF,Tcon,SF_vs_PB_Tcon,0.697348749,0.242120671,0.87061489,0.965778188,18,8,SLC4A8/SLC4A2/SLC39A6/SLC39A8/SLC4A4/SLC4A10/BEST1/SLC26A6,up,FALSE
GOMF_SUMO_LIGASE_ACTIVITY,GOMF_SUMO_LIGASE_ACTIVITY,GO_MF,Tcon,SF_vs_PB_Tcon,0.679909547,0.258002673,0.871327905,0.965778188,13,4,EGR2/PIAS3/PIAS4/ZMIZ2,up,FALSE
GOMF_HISTONE_H3K9ME2_3_READER_ACTIVITY,GOMF_HISTONE_H3K9ME2_3_READER_ACTIVITY,GO_MF,Tcon,SF_vs_PB_Tcon,-0.700553223,-0.238204048,0.871902344,0.965778188,17,5,CBX5/ATRX/CBX1/MPHOSPH8/SETDB1,down,FALSE
GOMF_ALDEHYDE_DEHYDROGENASE_NAD_P_PLUS_ACTIVITY,GOMF_ALDEHYDE_DEHYDROGENASE_NAD_P_PLUS_ACTIVITY,GO_MF,Tcon,SF_vs_PB_Tcon,-0.689121627,-0.246991898,0.872426494,0.965778188,14,4,ALDH7A1/AKR1B1/ALDH16A1/ALDH9A1,down,FALSE
GOMF_NUCLEOBASE_CONTAINING_COMPOUND_TRANSMEMBRANE_TRANSPORTER_ACTIVITY,GOMF_NUCLEOBASE_CONTAINING_COMPOUND_TRANSMEMBRANE_TRANSPORTER_ACTIVITY,GO_MF,Tcon,SF_vs_PB_Tcon,0.748367622,0.208230724,0.873735245,0.966466579,46,16,SLC25A24/SLC35D2/SLC35D1/SLC35B1/SLC29A1/ABCD1/SLC25A19/SLC17A9/SLC35B4/SLC29A3/SIDT2/SLC35C1/SLC29A4/SLC35E3/ANKH/PANX1,up,FALSE
GOMF_3_5_RNA_HELICASE_ACTIVITY,GOMF_3_5_RNA_HELICASE_ACTIVITY,GO_MF,Tcon,SF_vs_PB_Tcon,0.649819787,0.308295146,0.876633195,0.968633675,6,1,DHX38,up,FALSE
GOMF_SINGLE_STRANDED_DNA_ENDODEOXYRIBONUCLEASE_ACTIVITY,GOMF_SINGLE_STRANDED_DNA_ENDODEOXYRIBONUCLEASE_ACTIVITY,GO_MF,Tcon,SF_vs_PB_Tcon,-0.67268637,-0.25904042,0.878400303,0.968633675,11,7,RAD50/XRCC1/ASTE1/SND1/EXOG/SETMAR/ERCC4,down,FALSE
GOMF_HEPARAN_SULFATE_SULFOTRANSFERASE_ACTIVITY,GOMF_HEPARAN_SULFATE_SULFOTRANSFERASE_ACTIVITY,GO_MF,Tcon,SF_vs_PB_Tcon,-0.647985642,-0.320547351,0.879166581,0.968633675,5,4,NDST2/HS6ST1/HS3ST3B1/HS2ST1,down,FALSE
GOMF_FOUR_WAY_JUNCTION_HELICASE_ACTIVITY,GOMF_FOUR_WAY_JUNCTION_HELICASE_ACTIVITY,GO_MF,Tcon,SF_vs_PB_Tcon,0.646919724,0.306919264,0.879250184,0.968633675,6,3,BLM/RECQL/WRN,up,FALSE
GOMF_BETA_N_ACETYLGLUCOSAMINYLGLYCOPEPTIDE_BETA_1_4_GALACTOSYLTRANSFERASE_ACTIVITY,GOMF_BETA_N_ACETYLGLUCOSAMINYLGLYCOPEPTIDE_BETA_1_4_GALACTOSYLTRANSFERASE_ACTIVITY,GO_MF,Tcon,SF_vs_PB_Tcon,0.642864957,0.323014024,0.880115645,0.968633675,5,1,B4GALT2,up,FALSE
GOMF_HISTONE_H4K20_METHYLTRANSFERASE_ACTIVITY,GOMF_HISTONE_H4K20_METHYLTRANSFERASE_ACTIVITY,GO_MF,Tcon,SF_vs_PB_Tcon,0.642127226,0.322643343,0.880799359,0.968633675,5,5,TP53BP1/SETD4/NSD1/TTLL12/SMYD5,up,FALSE
GOMF_FOLIC_ACID_BINDING,GOMF_FOLIC_ACID_BINDING,GO_MF,Tcon,SF_vs_PB_Tcon,0.655031393,0.285498298,0.88131716,0.968633675,8,2,TYMS/FOLR2,up,FALSE
GOMF_ELECTRON_TRANSFER_ACTIVITY,GOMF_ELECTRON_TRANSFER_ACTIVITY,GO_MF,Tcon,SF_vs_PB_Tcon,-0.804964857,-0.185050056,0.881779904,0.968633675,94,32,MT-ND2/SDHD/NDUFV1/MT-CO2/CYC1/DMGDH/MT-ND6/NDUFA3/MT-ND1/MT-CYB/ETFDH/UQCRFS1/QDPR/UQCRH/MT-CO3/FDX1/AKR7A2/AKR1B1/UQCR10/COX4I1/MT-ND4L/GSR/NDUFB5/MT-ND3/NDUFB9/MT-ND4/ME2/PHGDH/SURF1/NDUFA12/ASPH/COX7A2L,down,FALSE
GOMF_EFFLUX_TRANSMEMBRANE_TRANSPORTER_ACTIVITY,GOMF_EFFLUX_TRANSMEMBRANE_TRANSPORTER_ACTIVITY,GO_MF,Tcon,SF_vs_PB_Tcon,0.666471095,0.258437027,0.881890361,0.968633675,12,7,ABCB1/ABCC1/XPR1/SLC29A4/ABCC4/SLC26A6/SLC27A1,up,FALSE
GOMF_GLUTATHIONE_TRANSMEMBRANE_TRANSPORTER_ACTIVITY,GOMF_GLUTATHIONE_TRANSMEMBRANE_TRANSPORTER_ACTIVITY,GO_MF,Tcon,SF_vs_PB_Tcon,-0.643019113,-0.318090495,0.883878634,0.969144099,5,3,SLC25A39/ABCC5/SLC25A40,down,FALSE
GOMF_PROFILIN_BINDING,GOMF_PROFILIN_BINDING,GO_MF,Tcon,SF_vs_PB_Tcon,0.647160811,0.293137419,0.883911331,0.969144099,7,4,WIPF1/RHOQ/HTT/DBN1,up,FALSE
GOMF_UBIQUITIN_PROTEIN_TRANSFERASE_ACTIVATOR_ACTIVITY,GOMF_UBIQUITIN_PROTEIN_TRANSFERASE_ACTIVATOR_ACTIVITY,GO_MF,Tcon,SF_vs_PB_Tcon,0.675521603,0.242040745,0.884964022,0.969144099,16,5,PIN1/CBX8/UBE2L3/FZR1/TRIB3,up,FALSE
GOMF_L_ARGININE_TRANSMEMBRANE_TRANSPORTER_ACTIVITY,GOMF_L_ARGININE_TRANSMEMBRANE_TRANSPORTER_ACTIVITY,GO_MF,Tcon,SF_vs_PB_Tcon,-0.645357816,-0.301028641,0.885556726,0.969144099,6,3,SLC7A1/SLC25A15/SLC7A6,down,FALSE
GOMF_HISTONE_H3_ACETYLTRANSFERASE_ACTIVITY,GOMF_HISTONE_H3_ACETYLTRANSFERASE_ACTIVITY,GO_MF,Tcon,SF_vs_PB_Tcon,-0.686710389,-0.237424689,0.885799084,0.969144099,16,7,ING4/MCM3AP/KAT7/BRPF3/KAT6B/JADE1/KAT2A,down,FALSE
GOMF_ATP_TRANSMEMBRANE_TRANSPORTER_ACTIVITY,GOMF_ATP_TRANSMEMBRANE_TRANSPORTER_ACTIVITY,GO_MF,Tcon,SF_vs_PB_Tcon,0.658200114,0.255229794,0.88956474,0.972507839,12,5,SLC25A24/SLC35B1/SLC17A9/ANKH/PANX1,up,FALSE
GOMF_DNA_TOPOISOMERASE_ACTIVITY,GOMF_DNA_TOPOISOMERASE_ACTIVITY,GO_MF,Tcon,SF_vs_PB_Tcon,0.634179114,0.300874714,0.890823092,0.973026976,6,1,TOP2A,up,FALSE
GOMF_K48_LINKED_POLYUBIQUITIN_MODIFICATION_DEPENDENT_PROTEIN_BINDING,GOMF_K48_LINKED_POLYUBIQUITIN_MODIFICATION_DEPENDENT_PROTEIN_BINDING,GO_MF,Tcon,SF_vs_PB_Tcon,0.638195723,0.2890766,0.891422723,0.973026976,7,3,NPLOC4/UBQLN4/VCP,up,FALSE
GOMF_N_ACETYLLACTOSAMINIDE_BETA_1_3_N_ACETYLGLUCOSAMINYLTRANSFERASE_ACTIVITY,GOMF_N_ACETYLLACTOSAMINIDE_BETA_1_3_N_ACETYLGLUCOSAMINYLTRANSFERASE_ACTIVITY,GO_MF,Tcon,SF_vs_PB_Tcon,-0.631864434,-0.312572467,0.89322079,0.974233839,5,2,B3GNT2/B3GNT3,down,FALSE
GOMF_GENERAL_TRANSCRIPTION_INITIATION_FACTOR_BINDING,GOMF_GENERAL_TRANSCRIPTION_INITIATION_FACTOR_BINDING,GO_MF,Tcon,SF_vs_PB_Tcon,-0.750285674,-0.194150116,0.897598243,0.978169341,51,8,TBP/CAND2/ERCC4/NR3C2/ZNHIT6/TP53/THRA/FBL,down,FALSE
GOMF_MOLECULAR_CARRIER_ACTIVITY,GOMF_MOLECULAR_CARRIER_ACTIVITY,GO_MF,Tcon,SF_vs_PB_Tcon,-0.796022925,-0.181984826,0.898219466,0.978169341,97,19,NAP1L1/COX11/KPNA5/VPS72/DISP1/OXA1L/IPO5/XPO4/SNUPN/BAG3/APLF/XPO6/TMCO6/PDCD2/TIMM9/IPCEF1/MTRR/SERINC5/FXN,down,FALSE
GOMF_STEROL_ESTER_ESTERASE_ACTIVITY,GOMF_STEROL_ESTER_ESTERASE_ACTIVITY,GO_MF,Tcon,SF_vs_PB_Tcon,-0.628024709,-0.292943573,0.900406882,0.978684186,6,2,LIPE/CES1,down,FALSE
GOMF_RNA_POLYMERASE_II_CTD_HEPTAPEPTIDE_REPEAT_PHOSPHATASE_ACTIVITY,GOMF_RNA_POLYMERASE_II_CTD_HEPTAPEPTIDE_REPEAT_PHOSPHATASE_ACTIVITY,GO_MF,Tcon,SF_vs_PB_Tcon,-0.634234271,-0.269852,0.900564807,0.978684186,8,4,PPP2CA/CTDSP2/RPAP2/SSU72,down,FALSE
GOMF_3_5_DNA_EXONUCLEASE_ACTIVITY,GOMF_3_5_DNA_EXONUCLEASE_ACTIVITY,GO_MF,Tcon,SF_vs_PB_Tcon,0.656147655,0.239329313,0.900778977,0.978684186,15,9,NME7/POLG/REXO2/POLE/TREX1/ISG20/EXO5/NME1/APEX2,up,FALSE
GOMF_RNA_7_METHYLGUANOSINE_CAP_BINDING,GOMF_RNA_7_METHYLGUANOSINE_CAP_BINDING,GO_MF,Tcon,SF_vs_PB_Tcon,-0.647109187,-0.249191069,0.902062833,0.979322844,11,5,EIF4E3/GEMIN5/NCBP1/NCBP2/CYFIP2,down,FALSE
GOMF_NUCLEOBASE_TRANSMEMBRANE_TRANSPORTER_ACTIVITY,GOMF_NUCLEOBASE_TRANSMEMBRANE_TRANSPORTER_ACTIVITY,GO_MF,Tcon,SF_vs_PB_Tcon,0.619337484,0.293833373,0.903636646,0.979736802,6,4,SLC29A1/SLC29A3/SLC43A3/SLC25A4,up,FALSE
GOMF_METALLODIPEPTIDASE_ACTIVITY,GOMF_METALLODIPEPTIDASE_ACTIVITY,GO_MF,Tcon,SF_vs_PB_Tcon,0.618188818,0.29328840900000003,0.904470205,0.979736802,6,1,ADAM17,up,FALSE
GOMF_ENZYME_SUBSTRATE_ADAPTOR_ACTIVITY,GOMF_ENZYME_SUBSTRATE_ADAPTOR_ACTIVITY,GO_MF,Tcon,SF_vs_PB_Tcon,0.785447344,0.182985415,0.904533124,0.979736802,123,32,SMAD7/FBXO45/GFI1/HERPUD1/KBTBD2/KBTBD8/KEAP1/ZSWIM8/DTX3L/CDC27/ENC1/FBXL19/KLHL7/FBXO7/RBM47/SPSB2/KCTD17/RRAGC/KLHL18/TRPC4AP/FBXO4/IVNS1ABP/KBTBD6/CCNF/ASB1/KLHL12/PEF1/KLHL17/FZR1/UBR4/FEM1C/EME2,up,FALSE
GOMF_NADPLUS_PROTEIN_CYSTEINE_ADP_RIBOSYLTRANSFERASE_ACTIVITY,GOMF_NADPLUS_PROTEIN_CYSTEINE_ADP_RIBOSYLTRANSFERASE_ACTIVITY,GO_MF,Tcon,SF_vs_PB_Tcon,-0.619311958,-0.288879491,0.907615094,0.981734596,6,2,PARP11/SIRT4,down,FALSE
GOMF_PHOSPHATIDYLINOSITOL_KINASE_ACTIVITY,GOMF_PHOSPHATIDYLINOSITOL_KINASE_ACTIVITY,GO_MF,Tcon,SF_vs_PB_Tcon,0.676300141,0.218554231,0.90847383,0.981734596,24,6,PIK3CG/PIP4K2C/PIK3R3/PIP5KL1/PI4K2A/PIP5K1C,up,FALSE
GOMF_THIOLESTER_HYDROLASE_ACTIVITY,GOMF_THIOLESTER_HYDROLASE_ACTIVITY,GO_MF,Tcon,SF_vs_PB_Tcon,-0.717926817,-0.19965280999999999,0.908507333,0.981734596,37,10,ABHD17A/ACOT8/HIBCH/ABHD10/PNKD/CLYBL/MBLAC2/CLN5/LYPLAL1/ABCD2,down,FALSE
GOMF_STEROID_DEHYDROGENASE_ACTIVITY_ACTING_ON_THE_CH_OH_GROUP_OF_DONORS_NAD_OR_NADP_AS_ACCEPTOR,GOMF_STEROID_DEHYDROGENASE_ACTIVITY_ACTING_ON_THE_CH_OH_GROUP_OF_DONORS_NAD_OR_NADP_AS_ACCEPTOR,GO_MF,Tcon,SF_vs_PB_Tcon,0.657312175,0.228219904,0.90916857,0.981734596,18,5,HSD3B7/DHRS9/AKR1C3/HSD17B10/NSDHL,up,FALSE
GOMF_CHANNEL_ACTIVATOR_ACTIVITY,GOMF_CHANNEL_ACTIVATOR_ACTIVITY,GO_MF,Tcon,SF_vs_PB_Tcon,0.614836202,0.278495691,0.911601143,0.982201693,7,2,AKT1/AKAP9,up,FALSE
GOMF_LYSINE_N_METHYLTRANSFERASE_ACTIVITY,GOMF_LYSINE_N_METHYLTRANSFERASE_ACTIVITY,GO_MF,Tcon,SF_vs_PB_Tcon,-0.722404502,-0.1947084,0.912482759,0.982201693,42,9,SMYD3/SMYD2/METTL21A/METTL13/SETMAR/SETDB1/VCPKMT/EHMT2/CAMKMT,down,FALSE
GOMF_NADPLUS_BINDING,GOMF_NADPLUS_BINDING,GO_MF,Tcon,SF_vs_PB_Tcon,0.653006471,0.226724957,0.912845655,0.982201693,18,4,PARP9/PARP14/GLUD1/HPGD,up,FALSE
GOMF_POTASSIUM_ION_TRANSMEMBRANE_TRANSPORTER_ACTIVITY,GOMF_POTASSIUM_ION_TRANSMEMBRANE_TRANSPORTER_ACTIVITY,GO_MF,Tcon,SF_vs_PB_Tcon,-0.735452473,-0.191046878,0.913044494,0.982201693,50,9,KCNH3/KCNJ15/KCNQ5/KCNMB4/P2RX7/KCNH2/TMEM38B/SLC12A6/KCNA3,down,FALSE
GOMF_DEUBIQUITINASE_ACTIVITY,GOMF_DEUBIQUITINASE_ACTIVITY,GO_MF,Tcon,SF_vs_PB_Tcon,-0.774693932,-0.182081583,0.913091552,0.982201693,83,6,PAN2/USP53/EIF3F/EIF3H/USP46/USP10,down,FALSE
GOMF_PHOSPHATIDYLINOSITOL_3_5_BISPHOSPHATE_PHOSPHATASE_ACTIVITY,GOMF_PHOSPHATIDYLINOSITOL_3_5_BISPHOSPHATE_PHOSPHATASE_ACTIVITY,GO_MF,Tcon,SF_vs_PB_Tcon,-0.64698816,-0.227551744,0.915466433,0.984004027,15,6,MTMR7/SYNJ2/MTM1/MTMR1/OCRL/MTMR4,down,FALSE
GOMF_U2_SNRNA_BINDING,GOMF_U2_SNRNA_BINDING,GO_MF,Tcon,SF_vs_PB_Tcon,-0.60488351,-0.299225468,0.916494233,0.9840972,5,4,ISG20/SF3B3/PRPF8/COIL,down,FALSE
GOMF_CARBOXY_LYASE_ACTIVITY,GOMF_CARBOXY_LYASE_ACTIVITY,GO_MF,Tcon,SF_vs_PB_Tcon,0.672023023,0.213062335,0.917360057,0.9840972,26,9,MVD/PCK2/BCKDHA/ODC1/COQ4/ME1/GAD1/OGDH/GOT1,up,FALSE
GOMF_DEOXYRIBONUCLEOTIDE_BINDING,GOMF_DEOXYRIBONUCLEOTIDE_BINDING,GO_MF,Tcon,SF_vs_PB_Tcon,-0.600723377,-0.297167522,0.919813157,0.9840972,5,2,SAMHD1/DUT,down,FALSE
GOMF_STEROID_DEHYDROGENASE_ACTIVITY,GOMF_STEROID_DEHYDROGENASE_ACTIVITY,GO_MF,Tcon,SF_vs_PB_Tcon,-0.669264548,-0.209158596,0.920320386,0.9840972,23,10,DHRS11/HSD11B1/HSD17B1/HSD17B11/HSD11B1L/HSD17B4/CBR3/HSDL2/HSD17B8/RDH14,down,FALSE
GOMF_HISTONE_H4_READER_ACTIVITY,GOMF_HISTONE_H4_READER_ACTIVITY,GO_MF,Tcon,SF_vs_PB_Tcon,-0.651364185,-0.217953172,0.921178637,0.9840972,18,17,TP53BP1/NCAPD3/PWP1/BRD2/BAZ2A/TAF1/KDM4A/NCAPG2/TDRD3/BRD4/TTLL12/DPF2/MSL3/L3MBTL1/THAP7/L3MBTL2/MBTD1,down,FALSE
GOMF_RNA_POLYMERASE_III_TRANSCRIPTION_REGULATORY_REGION_SEQUENCE_SPECIFIC_DNA_BINDING,GOMF_RNA_POLYMERASE_III_TRANSCRIPTION_REGULATORY_REGION_SEQUENCE_SPECIFIC_DNA_BINDING,GO_MF,Tcon,SF_vs_PB_Tcon,0.602658586,0.272979728,0.921526222,0.9840972,7,7,PRDX5/BRF1/MTOR/SNAPC4/SNAPC3/BRF2/MAF1,up,FALSE
GOMF_LIGASE_ACTIVITY,GOMF_LIGASE_ACTIVITY,GO_MF,Tcon,SF_vs_PB_Tcon,-0.787535269,-0.175647089,0.923628413,0.9840972,112,38,SUCLA2/CARS2/MT-ATP8/CARNS1/ACSS1/UBA7/SUCLG1/YARS2/LRRC47/MTHFS/FARSA/GATC/FARSB/TARS2/PCCB/LIG1/AARSD1/AARS2/NARS2/RIMKLB/NAE1/SUCLG2/UBA2/ASNS/ASNSD1/DPH6/MCCC1/MCCC2/GMPS/AASDH/QRSL1/PFAS/SLC27A5/LIPT2/MARS2/PAICS/ACSL6/ACSM3,down,FALSE
GOMF_DOLICHYL_PHOSPHATE_MANNOSE_PROTEIN_MANNOSYLTRANSFERASE_ACTIVITY,GOMF_DOLICHYL_PHOSPHATE_MANNOSE_PROTEIN_MANNOSYLTRANSFERASE_ACTIVITY,GO_MF,Tcon,SF_vs_PB_Tcon,-0.598978553,-0.279394927,0.923911023,0.9840972,6,2,POMT1/TMEM260,down,FALSE
GOMF_ANTIPORTER_ACTIVITY,GOMF_ANTIPORTER_ACTIVITY,GO_MF,Tcon,SF_vs_PB_Tcon,0.746933192,0.183900637,0.92441548,0.9840972,87,24,SLC35E4/SLC1A5/SLC35E1/SLC25A24/SLC8A1/SLC4A8/SLC35D2/SLC35D1/SLC35B1/CHP1/SLC4A2/SLC37A2/SLC30A1/SLC25A14/SLC25A19/SLC11A1/SLC7A5/SLC35C1/SLC35E3/TMCO3/UCP2/SLC25A12/SLC41A1/CLCN5,up,FALSE
GOMF_PROTON_TRANSMEMBRANE_TRANSPORTER_ACTIVITY,GOMF_PROTON_TRANSMEMBRANE_TRANSPORTER_ACTIVITY,GO_MF,Tcon,SF_vs_PB_Tcon,0.771701504,0.179391346,0.924425437,0.9840972,125,37,SLC16A3/UCP3/NDUFA6/ATP6V1A/COX8A/NDUFB2/ATP6V0D1/ATP6V0B/CYBB/SLC15A3/TCIRG1/ATP6V1B2/SLC15A4/CHP1/NDUFS6/SLC30A1/ATP6V1D/SLC25A14/NDUFV2/ATP6V1E1/SLC17A5/ATP6V1F/SLC11A1/NDUFA1/NDUFB7/ATP6V0A1/SLC36A1/CTNS/TMCO3/UCP2/COX5A/SLC25A12/COX7B/SLC25A3/ATP6V0C/NDUFS5/NDUFC2,up,FALSE
GOMF_VOLUME_SENSITIVE_ANION_CHANNEL_ACTIVITY,GOMF_VOLUME_SENSITIVE_ANION_CHANNEL_ACTIVITY,GO_MF,Tcon,SF_vs_PB_Tcon,0.603112113,0.262869052,0.924626593,0.9840972,8,1,TTYH3,up,FALSE
GOMF_RNA_DIRECTED_DNA_POLYMERASE_ACTIVITY,GOMF_RNA_DIRECTED_DNA_POLYMERASE_ACTIVITY,GO_MF,Tcon,SF_vs_PB_Tcon,0.59689677,0.27036986,0.925928787,0.9840972,7,1,TEP1,up,FALSE
GOMF_NADH_DEHYDROGENASE_UBIQUINONE_ACTIVITY,GOMF_NADH_DEHYDROGENASE_UBIQUINONE_ACTIVITY,GO_MF,Tcon,SF_vs_PB_Tcon,-0.702230981,-0.192845435,0.926820881,0.9840972,39,11,MT-ND2/NDUFV1/MT-ND6/NDUFA3/MT-ND1/MT-ND4L/NDUFB5/MT-ND3/NDUFB9/MT-ND4/NDUFA12,down,FALSE
GOMF_INTRONIC_TRANSCRIPTION_REGULATORY_REGION_SEQUENCE_SPECIFIC_DNA_BINDING,GOMF_INTRONIC_TRANSCRIPTION_REGULATORY_REGION_SEQUENCE_SPECIFIC_DNA_BINDING,GO_MF,Tcon,SF_vs_PB_Tcon,0.595659431,0.269809397,0.926913571,0.9840972,7,3,BCL6/NCOA2/ZNF350,up,FALSE
GOMF_RNA_POLYMERASE_I_TRANSCRIPTION_REGULATORY_REGION_SEQUENCE_SPECIFIC_DNA_BINDING,GOMF_RNA_POLYMERASE_I_TRANSCRIPTION_REGULATORY_REGION_SEQUENCE_SPECIFIC_DNA_BINDING,GO_MF,Tcon,SF_vs_PB_Tcon,-0.611811203,-0.242942692,0.927284576,0.9840972,10,3,RRN3/TBP/UBTF,down,FALSE
GOMF_HSP90_PROTEIN_BINDING,GOMF_HSP90_PROTEIN_BINDING,GO_MF,Tcon,SF_vs_PB_Tcon,0.68009619,0.200675989,0.92729708,0.9840972,35,6,PPP5C/NR3C1/NOD2/UNC45A/HIF1A/STIP1,up,FALSE
GOMF_DESUMOYLASE_ACTIVITY,GOMF_DESUMOYLASE_ACTIVITY,GO_MF,Tcon,SF_vs_PB_Tcon,-0.596284262,-0.264856984,0.927987721,0.9840972,7,4,SENP3/DESI1/USPL1/HINT1,down,FALSE
GOMF_FK506_BINDING,GOMF_FK506_BINDING,GO_MF,Tcon,SF_vs_PB_Tcon,0.597310069,0.260340206,0.929086331,0.9840972,8,2,FKBP1B/FKBP1A,up,FALSE
GOMF_MACROLIDE_BINDING,GOMF_MACROLIDE_BINDING,GO_MF,Tcon,SF_vs_PB_Tcon,0.597310069,0.260340206,0.929086331,0.9840972,8,2,FKBP1B/FKBP1A,up,FALSE
GOMF_HISTONE_MODIFYING_ACTIVITY,GOMF_HISTONE_MODIFYING_ACTIVITY,GO_MF,Tcon,SF_vs_PB_Tcon,-0.81487189,-0.170040373,0.930136986,0.9840972,174,39,MSL2/ATR/MCM3AP/RAD23B/VRK1/PRMT3/KAT7/RNF20/BRPF3/SMYD3/KAT6B/SMYD2/ING3/KDM5D/USP22/SETMAR/MAP3K7/RNF2/KDM8/KDM4C/HDAC2/HDAC3/SIRT7/SETDB1/JADE1/HDAC1/SIRT5/HDAC5/PRMT7/UTY/EHMT2/HDAC7/SIRT4/PRKCB/KAT2A/PRKCA/ATM/KAT8/FBL,down,FALSE
GOMF_DEOXYNUCLEOSIDE_KINASE_ACTIVITY,GOMF_DEOXYNUCLEOSIDE_KINASE_ACTIVITY,GO_MF,Tcon,SF_vs_PB_Tcon,-0.586790827,-0.290275329,0.930241134,0.9840972,5,2,ADK/DCK,down,FALSE
GOMF_ADP_TRANSMEMBRANE_TRANSPORTER_ACTIVITY,GOMF_ADP_TRANSMEMBRANE_TRANSPORTER_ACTIVITY,GO_MF,Tcon,SF_vs_PB_Tcon,-0.597505538,-0.245348977,0.933585699,0.986244826,9,3,SLC25A42/SLC25A23/SLC25A6,down,FALSE
GOMF_PURINE_RIBONUCLEOTIDE_TRANSMEMBRANE_TRANSPORTER_ACTIVITY,GOMF_PURINE_RIBONUCLEOTIDE_TRANSMEMBRANE_TRANSPORTER_ACTIVITY,GO_MF,Tcon,SF_vs_PB_Tcon,-0.627864444,-0.217079169,0.93367314,0.986244826,16,4,SLC25A42/SLC25A23/SLC35B3/SLC25A6,down,FALSE
GOMF_UBIQUITIN_LIKE_LIGASE_SUBSTRATE_ADAPTOR_ACTIVITY,GOMF_UBIQUITIN_LIKE_LIGASE_SUBSTRATE_ADAPTOR_ACTIVITY,GO_MF,Tcon,SF_vs_PB_Tcon,0.748163051,0.179679766,0.934576648,0.986458622,101,26,SMAD7/FBXO45/HERPUD1/KBTBD2/KBTBD8/KEAP1/ZSWIM8/ENC1/FBXL19/KLHL7/FBXO7/SPSB2/KCTD17/KLHL18/TRPC4AP/FBXO4/IVNS1ABP/KBTBD6/CCNF/ASB1/KLHL12/PEF1/KLHL17/FZR1/UBR4/FEM1C,up,FALSE
GOMF_TRANSMEMBRANE_RECEPTOR_PROTEIN_SERINE_THREONINE_KINASE_ACTIVITY,GOMF_TRANSMEMBRANE_RECEPTOR_PROTEIN_SERINE_THREONINE_KINASE_ACTIVITY,GO_MF,Tcon,SF_vs_PB_Tcon,0.601495126,0.233241341,0.936027893,0.986785138,12,4,BMPR2/TGFBR3/TGFBR3L/TGFBR1,up,FALSE
GOMF_FLOPPASE_ACTIVITY,GOMF_FLOPPASE_ACTIVITY,GO_MF,Tcon,SF_vs_PB_Tcon,-0.619913496,-0.218029334,0.936546322,0.986785138,15,6,RFT1/ABCA1/ABCA7/ATP11C/ATP8B2/ATP8A2,down,FALSE
GOMF_IMPORTIN_ALPHA_FAMILY_PROTEIN_BINDING,GOMF_IMPORTIN_ALPHA_FAMILY_PROTEIN_BINDING,GO_MF,Tcon,SF_vs_PB_Tcon,0.58884435,0.247695552,0.93699001,0.986785138,9,1,GOLGA2,up,FALSE
GOMF_PHOSPHATIDYLINOSITOL_TRANSFER_ACTIVITY,GOMF_PHOSPHATIDYLINOSITOL_TRANSFER_ACTIVITY,GO_MF,Tcon,SF_vs_PB_Tcon,0.599144451,0.227355051,0.938941681,0.988100931,13,4,PITPNA/SCP2/PITPNM1/OSBPL11,up,FALSE
GOMF_ACETYLGLUCOSAMINYLTRANSFERASE_ACTIVITY,GOMF_ACETYLGLUCOSAMINYLTRANSFERASE_ACTIVITY,GO_MF,Tcon,SF_vs_PB_Tcon,0.652440559,0.198077758,0.940787339,0.989303278,31,9,LFNG/HEXB/EOGT/B3GNT8/EXTL3/B3GNT7/B3GNT5/MGAT1/MGAT4B,up,FALSE
GOMF_RNA_POLYMERASE_III_GENERAL_TRANSCRIPTION_INITIATION_FACTOR_ACTIVITY,GOMF_RNA_POLYMERASE_III_GENERAL_TRANSCRIPTION_INITIATION_FACTOR_ACTIVITY,GO_MF,Tcon,SF_vs_PB_Tcon,0.592839632,0.229885006,0.941712618,0.989536709,12,4,GTF3C6/GTF3C4/GTF3C1/BRF1,up,FALSE
GOMF_STRUCTURAL_CONSTITUENT_OF_POSTSYNAPTIC_ACTIN_CYTOSKELETON,GOMF_STRUCTURAL_CONSTITUENT_OF_POSTSYNAPTIC_ACTIN_CYTOSKELETON,GO_MF,Tcon,SF_vs_PB_Tcon,-0.568028706,-0.28099403,0.943393907,0.990563602,5,4,DBNL/ACTB/POTEE/ACTG1,down,FALSE
GOMF_UBIQUITIN_LIKE_PROTEIN_READER_ACTIVITY,GOMF_UBIQUITIN_LIKE_PROTEIN_READER_ACTIVITY,GO_MF,Tcon,SF_vs_PB_Tcon,-0.631559046,-0.202718203,0.944282808,0.99074774,21,7,DNAJC2/ANKRD13A/DNAJB2/PEX1/FAN1/PEX6/STK38,down,FALSE
GOMF_PURINE_NUCLEOTIDE_TRANSMEMBRANE_TRANSPORTER_ACTIVITY,GOMF_PURINE_NUCLEOTIDE_TRANSMEMBRANE_TRANSPORTER_ACTIVITY,GO_MF,Tcon,SF_vs_PB_Tcon,-0.629274578,-0.201984933,0.945704723,0.99074774,21,5,ABCC5/SLC25A42/SLC25A23/SLC35B3/SLC25A6,down,FALSE
GOMF_HISTONE_METHYLTRANSFERASE_ACTIVITY,GOMF_HISTONE_METHYLTRANSFERASE_ACTIVITY,GO_MF,Tcon,SF_vs_PB_Tcon,-0.686688999,-0.183259375,0.946252454,0.99074774,44,8,PRMT3/SMYD3/SMYD2/SETMAR/SETDB1/PRMT7/EHMT2/FBL,down,FALSE
GOMF_SULFURTRANSFERASE_ACTIVITY,GOMF_SULFURTRANSFERASE_ACTIVITY,GO_MF,Tcon,SF_vs_PB_Tcon,-0.582789042,-0.23141835,0.946982278,0.99074774,10,4,NFS1/TSTD1/LIAS/MOCS2,down,FALSE
GOMF_LIGASE_ACTIVITY_FORMING_PHOSPHORIC_ESTER_BONDS,GOMF_LIGASE_ACTIVITY_FORMING_PHOSPHORIC_ESTER_BONDS,GO_MF,Tcon,SF_vs_PB_Tcon,-0.569400673,-0.252915857,0.947090057,0.99074774,7,4,LIG3/RTCB/LIG1/AARS2,down,FALSE
GOMF_ACTIN_MONOMER_BINDING,GOMF_ACTIN_MONOMER_BINDING,GO_MF,Tcon,SF_vs_PB_Tcon,-0.605099002,-0.209208197,0.94836226,0.99134153,16,3,ABL2/TMSB10/PFN2,down,FALSE
GOMF_VOLTAGE_GATED_CHLORIDE_CHANNEL_ACTIVITY,GOMF_VOLTAGE_GATED_CHLORIDE_CHANNEL_ACTIVITY,GO_MF,Tcon,SF_vs_PB_Tcon,0.557783771,0.264630337,0.949463033,0.991367683,6,6,CLCN5/CLCN6/CLCN2/ANO6/TMC4/CLCN3,up,FALSE
GOMF_SNORNA_BINDING,GOMF_SNORNA_BINDING,GO_MF,Tcon,SF_vs_PB_Tcon,-0.645749183,-0.192040976,0.949796472,0.991367683,28,13,DHX37/NUDT4/NOP58/IMP4/DKC1/NUDT7/XRCC5/NHP2/IMP3/NUFIP1/NOP14/WDR3/NOP56,down,FALSE
GOMF_CARBON_CARBON_LYASE_ACTIVITY,GOMF_CARBON_CARBON_LYASE_ACTIVITY,GO_MF,Tcon,SF_vs_PB_Tcon,-0.671031513,-0.183180511,0.95352836,0.993073836,40,11,MOCS1/FAHD1/DDT/UMPS/ECHDC1/CLYBL/CRY2/TYW1/CSAD/ME2/PAICS,down,FALSE
GOMF_DAMAGED_DNA_BINDING,GOMF_DAMAGED_DNA_BINDING,GO_MF,Tcon,SF_vs_PB_Tcon,0.698014634,0.179124836,0.953735681,0.993073836,69,29,DDB2/DCLRE1A/RBBP8/EP300/NEIL3/RPA3/FEN1/POLK/SMC6/HMGB1/FANCG/PCNA/NBN/BLM/DCLRE1C/ERCC1/HMGB2/XPC/MPG/BRCA1/POLQ/DDB1/SDE2/RAD1/CREBBP/ZNF432/SIRT6/MSH6/WRN,up,FALSE
GOMF_CYCLIN_DEPENDENT_PROTEIN_SERINE_THREONINE_KINASE_ACTIVATOR_ACTIVITY,GOMF_CYCLIN_DEPENDENT_PROTEIN_SERINE_THREONINE_KINASE_ACTIVATOR_ACTIVITY,GO_MF,Tcon,SF_vs_PB_Tcon,-0.580465058,-0.212668426,0.954407359,0.993073836,13,4,CCND3/CCNK/CDK5R1/CCNT1,down,FALSE
GOMF_CARNITINE_O_ACYLTRANSFERASE_ACTIVITY,GOMF_CARNITINE_O_ACYLTRANSFERASE_ACTIVITY,GO_MF,Tcon,SF_vs_PB_Tcon,0.548610254,0.275654791,0.954659999,0.993073836,5,1,CRAT,up,FALSE
GOMF_CENTROMERIC_DNA_BINDING,GOMF_CENTROMERIC_DNA_BINDING,GO_MF,Tcon,SF_vs_PB_Tcon,0.548579859,0.260263708,0.955142868,0.993073836,6,2,CENPB/KIF2C,up,FALSE
GOMF_N_ACYLSPHINGOSINE_AMIDOHYDROLASE_ACTIVITY,GOMF_N_ACYLSPHINGOSINE_AMIDOHYDROLASE_ACTIVITY,GO_MF,Tcon,SF_vs_PB_Tcon,0.545414056,0.258761751,0.956887528,0.993073836,6,1,ACER3,up,FALSE
GOMF_RNA_POLYMERASE_II_CORE_PROMOTER_SEQUENCE_SPECIFIC_DNA_BINDING,GOMF_RNA_POLYMERASE_II_CORE_PROMOTER_SEQUENCE_SPECIFIC_DNA_BINDING,GO_MF,Tcon,SF_vs_PB_Tcon,0.575604089,0.209951114,0.957709995,0.993073836,15,4,FOS/RELA/EZH2/GTF2A1,up,FALSE
GOMF_SMALL_PROTEIN_ACTIVATING_ENZYME_BINDING,GOMF_SMALL_PROTEIN_ACTIVATING_ENZYME_BINDING,GO_MF,Tcon,SF_vs_PB_Tcon,0.540718903,0.271689702,0.958938095,0.993073836,5,3,UBE2I/PARK7/SUMO1,up,FALSE
GOMF_FOUR_WAY_JUNCTION_DNA_BINDING,GOMF_FOUR_WAY_JUNCTION_DNA_BINDING,GO_MF,Tcon,SF_vs_PB_Tcon,0.58202939,0.205238422,0.959193551,0.993073836,17,8,HMGB3/HMGB1/GEN1/BLM/HMGB2/MSH6/WRN/ABL1,up,FALSE
GOMF_ATP_DEPENDENT_ACTIVITY_ACTING_ON_DNA,GOMF_ATP_DEPENDENT_ACTIVITY_ACTING_ON_DNA,GO_MF,Tcon,SF_vs_PB_Tcon,-0.744449128,-0.168673313,0.959268391,0.993073836,102,14,ATRX/CHD2/PMS1/HELB/MSH3/CHTF8/PMS2/HELQ/RAD51B/CHD7/ZRANB3/G3BP1/TP53/MORC2,down,FALSE
GOMF_HISTONE_DEUBIQUITINASE_ACTIVITY,GOMF_HISTONE_DEUBIQUITINASE_ACTIVITY,GO_MF,Tcon,SF_vs_PB_Tcon,-0.551716883,-0.234742762,0.95931723,0.993073836,8,7,MYSM1/USP49/BAP1/USP16/USP3/USP51/USP22,down,FALSE
GOMF_7SK_SNRNA_BINDING,GOMF_7SK_SNRNA_BINDING,GO_MF,Tcon,SF_vs_PB_Tcon,-0.550900975,-0.234395612,0.959900794,0.993073836,8,7,LARP7/CDK9/HEXIM2/CCNT2/DDX21/MEPCE/CCNT1,down,FALSE
GOMF_UBIQUITIN_LIKE_PROTEIN_PEPTIDASE_ACTIVITY,GOMF_UBIQUITIN_LIKE_PROTEIN_PEPTIDASE_ACTIVITY,GO_MF,Tcon,SF_vs_PB_Tcon,-0.729893152,-0.167501587,0.96443901,0.994499719,95,18,UCHL5/UFSP1/COPS5/OTUD6B/HINT1/USP11/SENP8/USP9Y/BRCC3/USP22/SENP6/USP44/PAN2/USP53/EIF3F/EIF3H/USP46/USP10,down,FALSE
GOMF_METAL_CATION_PROTON_ANTIPORTER_ACTIVITY,GOMF_METAL_CATION_PROTON_ANTIPORTER_ACTIVITY,GO_MF,Tcon,SF_vs_PB_Tcon,0.562879259,0.201680767,0.965162134,0.994499719,16,4,CHP1/SLC30A1/SLC11A1/TMCO3,up,FALSE
GOMF_SECONDARY_ACTIVE_SULFATE_TRANSMEMBRANE_TRANSPORTER_ACTIVITY,GOMF_SECONDARY_ACTIVE_SULFATE_TRANSMEMBRANE_TRANSPORTER_ACTIVITY,GO_MF,Tcon,SF_vs_PB_Tcon,-0.528761462,-0.2615692,0.965806888,0.994499719,5,3,SLC26A2/SLC26A11/SLC26A1,down,FALSE
GOMF_SULFATE_TRANSMEMBRANE_TRANSPORTER_ACTIVITY,GOMF_SULFATE_TRANSMEMBRANE_TRANSPORTER_ACTIVITY,GO_MF,Tcon,SF_vs_PB_Tcon,-0.528761462,-0.2615692,0.965806888,0.994499719,5,3,SLC26A2/SLC26A11/SLC26A1,down,FALSE
GOMF_ORGANOPHOSPHATE_ESTER_TRANSMEMBRANE_TRANSPORTER_ACTIVITY,GOMF_ORGANOPHOSPHATE_ESTER_TRANSMEMBRANE_TRANSPORTER_ACTIVITY,GO_MF,Tcon,SF_vs_PB_Tcon,0.640106912,0.178868571,0.967981985,0.994499719,45,18,SLC25A24/SLC35D2/SLC35D1/SLC35B1/SLC37A2/ABCD1/SLC25A19/SLC17A9/SLC35B4/SLC35C1/SLC35E3/ANKH/PANX1/SLC37A4/SLC35A2/ABCC4/SLC35B2/SLC25A32,up,FALSE
GOMF_PROTEIN_RNA_ADAPTOR_ACTIVITY,GOMF_PROTEIN_RNA_ADAPTOR_ACTIVITY,GO_MF,Tcon,SF_vs_PB_Tcon,-0.607285368,-0.183896133,0.968335577,0.994499719,26,9,YTHDF3/TIA1/IGF2BP3/HNRNPA2B1/YTHDC2/CSDE1/HNRNPC/C1QBP/YBX1,down,FALSE
GOMF_SIGNAL_SEQUENCE_BINDING,GOMF_SIGNAL_SEQUENCE_BINDING,GO_MF,Tcon,SF_vs_PB_Tcon,-0.626467197,-0.176495703,0.970504692,0.994499719,35,15,KDELR2/KPNB1/POM121C/KPNA3/IPO4/SEC61A1/RANBP6/TOMM22/KPNA5/PEX7/IPO5/SRP68/TOMM20/POM121/BRAP,down,FALSE
GOMF_PROTEIN_SERINE_THREONINE_TYROSINE_KINASE_ACTIVITY,GOMF_PROTEIN_SERINE_THREONINE_TYROSINE_KINASE_ACTIVITY,GO_MF,Tcon,SF_vs_PB_Tcon,-0.635777525,-0.174596104,0.97081547,0.994499719,39,7,RPS6KA2/DYRK4/MAP2K5/TESK2/MAPKAPK5/DYRK2/MAP2K6,down,FALSE
GOMF_PHOSPHATIDYLSERINE_TRANSFER_ACTIVITY,GOMF_PHOSPHATIDYLSERINE_TRANSFER_ACTIVITY,GO_MF,Tcon,SF_vs_PB_Tcon,-0.519382379,-0.256929529,0.97088771,0.994499719,5,2,OSBPL9/OSBPL10,down,FALSE
GOMF_SPHINGOSINE_1_PHOSPHATE_RECEPTOR_ACTIVITY,GOMF_SPHINGOSINE_1_PHOSPHATE_RECEPTOR_ACTIVITY,GO_MF,Tcon,SF_vs_PB_Tcon,-0.521916483,-0.243449146,0.971249768,0.994499719,6,4,S1PR4/SPHK2/S1PR5/S1PR1,down,FALSE
GOMF_SINGLE_STRANDED_DNA_3_5_DNA_EXONUCLEASE_ACTIVITY,GOMF_SINGLE_STRANDED_DNA_3_5_DNA_EXONUCLEASE_ACTIVITY,GO_MF,Tcon,SF_vs_PB_Tcon,0.517436588,0.245488351,0.971406971,0.994499719,6,4,POLG/POLE/ISG20/EXO5,up,FALSE
GOMF_HISTONE_H3_METHYLTRANSFERASE_ACTIVITY,GOMF_HISTONE_H3_METHYLTRANSFERASE_ACTIVITY,GO_MF,Tcon,SF_vs_PB_Tcon,0.614306632,0.178989065,0.971579996,0.994499719,37,2,SETD7/PRDM8,up,FALSE
GOMF_DNA_TRANSLOCASE_ACTIVITY,GOMF_DNA_TRANSLOCASE_ACTIVITY,GO_MF,Tcon,SF_vs_PB_Tcon,-0.517512319,-0.256004443,0.971789146,0.994499719,5,2,RAD54B/ATRX,down,FALSE
GOMF_17_BETA_HYDROXYSTEROID_DEHYDROGENASE_NADPPLUS_ACTIVITY,GOMF_17_BETA_HYDROXYSTEROID_DEHYDROGENASE_NADPPLUS_ACTIVITY,GO_MF,Tcon,SF_vs_PB_Tcon,0.515411161,0.25897357,0.972436561,0.994499719,5,1,AKR1C3,up,FALSE
GOMF_RIBOSOMAL_PROTEIN_S6_KINASE_ACTIVITY,GOMF_RIBOSOMAL_PROTEIN_S6_KINASE_ACTIVITY,GO_MF,Tcon,SF_vs_PB_Tcon,-0.516096316,-0.25530397,0.972608633,0.994499719,5,2,RPS6KA1/RPS6KA2,down,FALSE
GOMF_NUCLEOTIDE_TRANSMEMBRANE_TRANSPORTER_ACTIVITY,GOMF_NUCLEOTIDE_TRANSMEMBRANE_TRANSPORTER_ACTIVITY,GO_MF,Tcon,SF_vs_PB_Tcon,-0.600360089,-0.180104747,0.972976571,0.994499719,27,8,SLC25A33/SLC35A4/ABCC5/SLC25A42/SLC25A36/SLC25A23/SLC35B3/SLC25A6,down,FALSE
GOMF_SODIUM_ION_BINDING,GOMF_SODIUM_ION_BINDING,GO_MF,Tcon,SF_vs_PB_Tcon,-0.513377463,-0.253959001,0.973919813,0.994499719,5,3,SCN8A/ATP1A1/CAPN3,down,FALSE
GOMF_PHOSPHATIDYLINOSITOL_PHOSPHATE_5_PHOSPHATASE_ACTIVITY,GOMF_PHOSPHATIDYLINOSITOL_PHOSPHATE_5_PHOSPHATASE_ACTIVITY,GO_MF,Tcon,SF_vs_PB_Tcon,0.530090401,0.205552781,0.974001857,0.994499719,12,3,INPP5D/INPPL1/FIG4,up,FALSE
GOMF_RNA_POLYMERASE_II_GENERAL_TRANSCRIPTION_INITIATION_FACTOR_ACTIVITY,GOMF_RNA_POLYMERASE_II_GENERAL_TRANSCRIPTION_INITIATION_FACTOR_ACTIVITY,GO_MF,Tcon,SF_vs_PB_Tcon,0.601228226,0.175178441,0.976506367,0.995659026,37,3,DRAP1/SNAPC2/TAF13,up,FALSE
GOMF_RNA_POLYMERASE_II_CTD_HEPTAPEPTIDE_REPEAT_MODIFYING_ACTIVITY,GOMF_RNA_POLYMERASE_II_CTD_HEPTAPEPTIDE_REPEAT_MODIFYING_ACTIVITY,GO_MF,Tcon,SF_vs_PB_Tcon,0.55010944,0.18587356,0.976552563,0.995659026,20,7,CDK1/MAPK1/CTDSP1/CDK11B/CDK7/CDK9/PPP1CA,up,FALSE
GOMF_PHOSPHATIDYLINOSITOL_3_5_BISPHOSPHATE_5_PHOSPHATASE_ACTIVITY,GOMF_PHOSPHATIDYLINOSITOL_3_5_BISPHOSPHATE_5_PHOSPHATASE_ACTIVITY,GO_MF,Tcon,SF_vs_PB_Tcon,0.500425104,0.237417563,0.978075447,0.996090304,6,6,FIG4/SYNJ1/PIKFYVE/INPP5E/SYNJ2/OCRL,up,FALSE
GOMF_BASIC_AMINO_ACID_TRANSMEMBRANE_TRANSPORTER_ACTIVITY,GOMF_BASIC_AMINO_ACID_TRANSMEMBRANE_TRANSPORTER_ACTIVITY,GO_MF,Tcon,SF_vs_PB_Tcon,0.510446963,0.208389035,0.978391471,0.996090304,10,3,SLC15A4/SLC7A7/TMEM44,up,FALSE
GOMF_HISTONE_ACETYLTRANSFERASE_ACTIVITY,GOMF_HISTONE_ACETYLTRANSFERASE_ACTIVITY,GO_MF,Tcon,SF_vs_PB_Tcon,0.585846405,0.172865704,0.98005179,0.996422548,35,8,NAA50/KAT2B/NCOA3/EP300/BRCA2/GTF3C4/HAT1/BRD1,up,FALSE
GOMF_MOLECULAR_SENSOR_ACTIVITY,GOMF_MOLECULAR_SENSOR_ACTIVITY,GO_MF,Tcon,SF_vs_PB_Tcon,0.616190264,0.170656534,0.980134191,0.996422548,47,9,SYT11/NLRP3/MLH1/RAD51/ZNF598/SAR1B/MSH5/PELO/SAR1A,up,FALSE
GOMF_MUTLALPHA_COMPLEX_BINDING,GOMF_MUTLALPHA_COMPLEX_BINDING,GO_MF,Tcon,SF_vs_PB_Tcon,0.495522688,0.224451541,0.980864293,0.996444809,7,7,PCNA/MSH6/WRN/TREX1/MSH2/ATR/MUTYH,up,FALSE
GOMF_SINGLE_STRANDED_RNA_BINDING,GOMF_SINGLE_STRANDED_RNA_BINDING,GO_MF,Tcon,SF_vs_PB_Tcon,0.650680002,0.165789523,0.982081053,0.996961069,72,13,JMJD6/ATXN1/AGO4/ENDOV/CBX6/DHX58/DDX60/TLR8/SRA1/CBX8/PATL1/POLR2G/HMGB1,up,FALSE
GOMF_TRANSLATION_TERMINATION_FACTOR_ACTIVITY,GOMF_TRANSLATION_TERMINATION_FACTOR_ACTIVITY,GO_MF,Tcon,SF_vs_PB_Tcon,0.482387278,0.242380384,0.984489461,0.998667445,5,3,ETF1/GSPT1/MTRF1L,up,FALSE
GOMF_PROTEIN_ANTIGEN_BINDING,GOMF_PROTEIN_ANTIGEN_BINDING,GO_MF,Tcon,SF_vs_PB_Tcon,0.481115285,0.217925576,0.985517881,0.998667445,7,7,KLRC1/SIRPA/PPP2R1A/ITGA4/EP400/LCK/KLRD1,up,FALSE
GOMF_INOSITOL_POLYPHOSPHATE_5_PHOSPHATASE_ACTIVITY,GOMF_INOSITOL_POLYPHOSPHATE_5_PHOSPHATASE_ACTIVITY,GO_MF,Tcon,SF_vs_PB_Tcon,0.484360794,0.203744868,0.986349424,0.998667445,9,2,INPP5D/INPPL1,up,FALSE
GOMF_K63_LINKED_DEUBIQUITINASE_ACTIVITY,GOMF_K63_LINKED_DEUBIQUITINASE_ACTIVITY,GO_MF,Tcon,SF_vs_PB_Tcon,-0.513731757,-0.174680496,0.986669547,0.998667445,17,4,STAMBPL1/CYLD/BRCC3/USP53,down,FALSE
GOMF_UBIQUITIN_LIGASE_ACTIVATOR_ACTIVITY,GOMF_UBIQUITIN_LIGASE_ACTIVATOR_ACTIVITY,GO_MF,Tcon,SF_vs_PB_Tcon,0.477766334,0.195047229,0.988080026,0.998667445,10,4,PIN1/FZR1/TRIB3/RBCK1,up,FALSE
GOMF_CROSSOVER_JUNCTION_DNA_ENDONUCLEASE_ACTIVITY,GOMF_CROSSOVER_JUNCTION_DNA_ENDONUCLEASE_ACTIVITY,GO_MF,Tcon,SF_vs_PB_Tcon,-0.478976707,-0.212751424,0.988530302,0.998667445,7,2,RAD51C/TEFM,down,FALSE
GOMF_PHOSPHATIDYLINOSITOL_MONOPHOSPHATE_PHOSPHATASE_ACTIVITY,GOMF_PHOSPHATIDYLINOSITOL_MONOPHOSPHATE_PHOSPHATASE_ACTIVITY,GO_MF,Tcon,SF_vs_PB_Tcon,-0.502011678,-0.17356657,0.988730456,0.998667445,16,2,PTEN/MTMR4,down,FALSE
GOMF_UBIQUITIN_UBIQUITIN_LIGASE_ACTIVITY,GOMF_UBIQUITIN_UBIQUITIN_LIGASE_ACTIVITY,GO_MF,Tcon,SF_vs_PB_Tcon,0.4783758,0.171403008,0.991907298,0.998764137,16,8,RBX1/UBE2K/ANAPC11/HUWE1/ITCH/AMFR/TRAF6/UBR5,up,FALSE
GOMF_3S_3_HYDROXYACYL_COA_DEHYDROGENASE_NADPLUS_ACTIVITY,GOMF_3S_3_HYDROXYACYL_COA_DEHYDROGENASE_NADPLUS_ACTIVITY,GO_MF,Tcon,SF_vs_PB_Tcon,-0.454366494,-0.211940299,0.99285375,0.998764137,6,2,HADHA/HSD17B4,down,FALSE
GOMF_MYRISTOYLTRANSFERASE_ACTIVITY,GOMF_MYRISTOYLTRANSFERASE_ACTIVITY,GO_MF,Tcon,SF_vs_PB_Tcon,0.451606255,0.179604195,0.993548264,0.998764137,11,4,SCP2/HADHB/ZDHHC20/ZDHHC2,up,FALSE
GOMF_CIS_TRANS_ISOMERASE_ACTIVITY,GOMF_CIS_TRANS_ISOMERASE_ACTIVITY,GO_MF,Tcon,SF_vs_PB_Tcon,0.508979629,0.150184624,0.995642468,0.998764137,35,12,PIN1/FKBP1B/FKBP1A/FKBP1C/DEGS1/PPIL1/PPIB/PPIL6/FKBP11/FKBP2/FKBP15/PIN4,up,FALSE
GOMF_NUCLEIC_ACID_CONFORMATION_ISOMERASE_ACTIVITY,GOMF_NUCLEIC_ACID_CONFORMATION_ISOMERASE_ACTIVITY,GO_MF,Tcon,SF_vs_PB_Tcon,-0.673529343,-0.144847159,0.996632199,0.998764137,141,26,DHX35/XRCC5/MOV10/DDX6/ERCC6L2/DDX5/DDX19A/RECQL5/DDX31/ATRX/SHPRH/DDX56/FXR1/HELB/CHTF8/DDX28/DDX17/DDX18/HELQ/DDX3Y/DDX55/EIF4A2/DHX32/ZRANB3/G3BP1/TP53,down,FALSE
GOMF_G_QUADRUPLEX_DNA_BINDING,GOMF_G_QUADRUPLEX_DNA_BINDING,GO_MF,Tcon,SF_vs_PB_Tcon,-0.426134133,-0.164097222,0.997850776,0.998764137,11,7,LONP1/DHX36/DDX11/RAD50/NME2/CNBP/POT1,down,FALSE
GOMF_5_3_DNA_HELICASE_ACTIVITY,GOMF_5_3_DNA_HELICASE_ACTIVITY,GO_MF,Tcon,SF_vs_PB_Tcon,-0.414981085,-0.184325909,0.997967395,0.998764137,7,4,DDX11/ERCC2/IGHMBP2/HELB,down,FALSE
GOMF_SODIUM_PROTON_ANTIPORTER_ACTIVITY,GOMF_SODIUM_PROTON_ANTIPORTER_ACTIVITY,GO_MF,Tcon,SF_vs_PB_Tcon,0.410409863,0.172637638,0.998169755,0.998764137,9,1,CHP1,up,FALSE
GOMF_MISMATCH_REPAIR_COMPLEX_BINDING,GOMF_MISMATCH_REPAIR_COMPLEX_BINDING,GO_MF,Tcon,SF_vs_PB_Tcon,0.404988074,0.161064104,0.99840134,0.998764137,11,5,MLH1/PCNA/MSH6/WRN/TREX1,up,FALSE
GOMF_PHOSPHATIDYLINOSITOL_4_5_BISPHOSPHATE_5_PHOSPHATASE_ACTIVITY,GOMF_PHOSPHATIDYLINOSITOL_4_5_BISPHOSPHATE_5_PHOSPHATASE_ACTIVITY,GO_MF,Tcon,SF_vs_PB_Tcon,-0.410277718,-0.174563671,0.998436881,0.998764137,8,2,OCRL/INPP5B,down,FALSE
GOMF_PHOSPHATIDYLINOSITOL_4_5_BISPHOSPHATE_PHOSPHATASE_ACTIVITY,GOMF_PHOSPHATIDYLINOSITOL_4_5_BISPHOSPHATE_PHOSPHATASE_ACTIVITY,GO_MF,Tcon,SF_vs_PB_Tcon,-0.410277718,-0.174563671,0.998436881,0.998764137,8,2,OCRL/INPP5B,down,FALSE
GOMF_ADENINE_TRANSMEMBRANE_TRANSPORTER_ACTIVITY,GOMF_ADENINE_TRANSMEMBRANE_TRANSPORTER_ACTIVITY,GO_MF,Tcon,SF_vs_PB_Tcon,0.40429132,0.203140278,0.998476295,0.998764137,5,3,SLC29A1/SLC43A3/SLC25A4,up,FALSE
GOMF_PHOSPHATIDIC_ACID_TRANSFER_ACTIVITY,GOMF_PHOSPHATIDIC_ACID_TRANSFER_ACTIVITY,GO_MF,Tcon,SF_vs_PB_Tcon,0.401990322,0.201984118,0.998573968,0.998764137,5,2,PRELID2/PLTP,up,FALSE
GOMF_GENERAL_TRANSCRIPTION_INITIATION_FACTOR_ACTIVITY,GOMF_GENERAL_TRANSCRIPTION_INITIATION_FACTOR_ACTIVITY,GO_MF,Tcon,SF_vs_PB_Tcon,-0.502187018,-0.131606919,0.998764137,0.998764137,48,13,BRF2/TBPL1/TAF5/GTF2E2/SNAPC5/RRN3/GTF2H3/TAF8/GTF2H2/TAF3/TBP/TAF4B/UBTF,down,FALSE
