pathway_id,pathway_name,database,population,contrast,nes,enrichment_score,pvalue,padj,set_size,leading_edge_size,core_enrichment,direction,is_pooled_alias
NFKB1,NFKB1,TF_Targets,Treg,SF_vs_PB_Treg,2.348397,0.505449373,9.461715309999999e-17,3.08996445e-14,280,116,CDKN1A/NAMPT/TNFRSF4/IL1RN/CD74/SERPINB1/SDC4/TNFRSF18/CCL4/GADD45G/CCR5/BCL3/CTSB/FOXP3/CD58/IL2RA/IL10/STAT4/CD2/EBI3/TIMP1/LGALS1/CSF1/TNF/HSPA1A/CD80/FASLG/NR4A1/S100A6/LTA/MIF/CRMP1/PTHLH/CCND2/VIM/PDGFA/MAF/IL32/BCL2L1/CD4/CCL20/CCL5/CSF2/NFKBID/ICAM1/CD99/CEACAM1/TBX21/TANK/CCL3/CREB3/ITGAX/NCOR2/HIF1A/UPP1/NOS3/CCR2/HLA-A/TNIP3/ALOX5AP/NQO1/IRF7/ATF3/IL1A/MMP9/CASP9/TRAF1/CCL22/CXCR4/PRF1/TAP1/NCAM1/EGR1/HLA-F/SERPINE1/TCIRG1/TNFRSF9/TNFSF4/PLAU/PLAUR/HBEGF/SQSTM1/HSPA1B/EIF4E/ABCA1/FN1/DDIT3/NFKB2/NFKBIA/PTGS1/FAS/IFNL1/ME3/AKT1/B2M/FAF1/UBE2B/VEGFA/ADORA2A/CCL2/PGLYRP2/TAPBP/HMOX1/SOCS3/GCA/OPTN/CD40LG/GADD45B/CFLAR/HSPA5/NCOR1/TRAF2/CXCL10/IFNG/STK39/IER3,up,FALSE
HIF1A,HIF1A,TF_Targets,Treg,SF_vs_PB_Treg,2.32893136,0.498886636,1.04390691e-16,3.08996445e-14,293,109,BHLHE40/CDKN1A/NAMPT/LGALS3/PKM/DDIT4/SDC4/CCL4/S100A11/FURIN/FOXP3/IL10/TIMP1/PGK1/FSCN1/LGALS1/ENO1/CD151/S100A4/TNF/HSPA1A/TXN/NR4A1/NTRK2/CISH/MIF/ID2/PRNP/STAT3/BID/VIM/SLC2A3/BSG/BCL2L1/CCL5/KDM5B/EPAS1/LDHA/EBP/HSP90AB1/ANKRD37/EIF4EBP1/CD274/CTSD/PGAM1/NCOR2/HIF1A/PPARG/GSN/VMP1/PFKFB3/PPP5C/NEDD9/GK/ENO2/CD44/TWIST1/ALOX5AP/QSOX1/PTK6/ITGAM/VLDLR/PRMT1/MUC1/NBN/MMP9/CAPG/ITGB2/CXCR4/FECH/SERPINE1/TCIRG1/PLAU/GAPDH/PLAUR/GBE1/ZNF267/HBEGF/HSPA1B/MATK/EIF4E/ANG/SLC2A1/SLC11A2/ABCA1/FN1/NDRG1/PRDX3/ALDOA/EDNRB/CXCR1/HSP90B1/UCP2/BNIP3L/HK2/FASN/AKT1/RBMS1/SLC29A1/LEPR/VEGFA/CCL2/HMOX2/FLT1/HMOX1/PARK7/MST1R/SOCS1/MLH1,up,FALSE
STAT3,STAT3,TF_Targets,Treg,SF_vs_PB_Treg,2.27936405,0.489659093,1.68630398e-15,3.32763986e-13,285,112,CDKN1A/CXCR6/IL1RN/GADD45G/S100A11/CCR5/SOCS2/BCL3/FOXP3/IL2RA/IL10/OSM/VDR/TIMP1/BATF/FSCN1/BST2/TNF/HSPA1A/FASLG/CISH/MIF/CD9/NOTCH1/STAT3/CCND2/VIM/CLU/ENTPD1/MAF/BCL2L1/CDKN2D/PIM1/CCL20/CCL5/OAS1/ANXA1/EIF6/TNFRSF1B/EPAS1/HSP90AB1/ICAM1/TP63/CD274/CTNNB1/IL7/RALGDS/EED/ARID5A/PSMB5/HIF1A/CTTN/PTTG1/SBNO2/NOS3/ENO2/TWIST1/FOS/PRDM1/PTK6/ITGAM/MUC1/F2R/MMP9/IFI16/BAD/ITGB2/PRF1/PNP/SREBF1/EGR1/MAPK8/CSRP1/FOXO1/HSPA1B/PIAS3/LIF/ICOS/HSPB1/ABCA1/FN1/DDIT3/CIITA/TSPO/FAS/XAF1/ACTG2/UCP2/KLF4/HK2/FASN/AKT1/SETD7/PROS1/CCDC88A/JAK3/VEGFA/CCL2/HMOX1/SOCS3/NME1/PFN1/SOCS1/HRAS/LGALS3BP/GADD45B/CFLAR/EIF5B/ABCA3/CXCL10/MT1A/IFNG,up,FALSE
CREB1,CREB1,TF_Targets,Treg,SF_vs_PB_Treg,2.23843944,0.482508552,2.728611e-14,4.03834428e-12,276,110,CDKN1A/SKIL/PKM/SDC4/CCL4/GADD45G/CCR5/CREM/CTSB/FOXP3/IL2RA/IL10/HLA-DQB1/SLC39A1/STAT4/PDE4D/MCAM/HLA-DRA/PDLIM7/FSCN1/ENO1/TNF/HSPA1A/NTRK2/MIF/NR5A2/PTHLH/STAT3/CCND2/ENTPD1/SLC2A3/LAPTM4B/IL32/BCL2L1/CD4/CCL5/CHGB/LDLR/GEM/LDHA/ICAM1/ATP6V0B/GZMB/CYCS/GALNT1/CTNNB1/CCL3/CD68/ACSL4/HIF1A/PPARG/NAGS/EGR3/NOS3/FOS/PDE4B/IRF7/ATF3/HERPUD1/MMP9/NDUFA4/CPD/CCL22/CXCR4/SCD/SLC20A1/EGR1/SERPINE1/PLAU/SQSTM1/HSPA1B/ANG/ATP2A2/SLC2A1/ABCA1/ADARB1/FN1/COX8A/PSEN1/SLC19A1/FOSL1/RAB18/NR4A3/HPGD/CD3D/CIITA/CYP51A1/DOT1L/HK2/AKT1/VEGFA/CCL2/PNPLA6/FLT1/HMOX1/KCNC3/CGA/FOSB/GADD45B/HMGCR/PSENEN/PPP2R2B/ZNF268/HSPA5/ORMDL3/IFNG/DIABLO/UQCRQ/ETV6/FILIP1L,up,FALSE
EGR1,EGR1,TF_Targets,Treg,SF_vs_PB_Treg,2.15830123,0.476265261,3.45324044e-11,4.08863668e-9,223,87,CDKN1A/KAT2B/CD74/IL2RB/CCL4/CCR5/FOXP3/OSM/TIMP1/PGK1/SLC6A6/CSF1/TNF/DUSP4/SPINT1/FASLG/NR4A1/CISH/IFNGR1/ID2/NAB2/GADD45A/SGK1/STIM1/CCND2/PDGFA/CHGB/LDLR/CTNNA1/TNFRSF1B/ICAM1/CTNNB1/PTPN1/CD82/HIF1A/PPARG/GSN/TP73/CD44/FOS/PRDM1/ALOX5AP/KRAS/ATF3/SLC4A2/CLEC7A/IL1A/F2R/MMP9/TAP1/SREBF1/EGR1/CTSL/SERPINE1/PLAU/GAPDH/SOD1/PLAUR/PSEN2/HBEGF/YES1/ATP2A2/EGR2/SLC12A5/UBC/ELK1/FN1/CHRNE/NDRG1/PIN1/FAS/KLF4/CASP1/MAP1LC3A/AKT1/SRF/ALAS1/TCF4/VEGFA/PTP4A1/TFG/CCL2/FLT1/HMOX1/CD40LG/MST1R/SOCS1,up,FALSE
FOS,FOS,TF_Targets,Treg,SF_vs_PB_Treg,2.1662981,0.485716508,1.47861447e-10,1.41530494e-8,195,84,CDKN1A/ACP5/IL1RN/CCR5/CREM/IL2RA/IL10/TIMP1/FOSL2/CSF1/TNF/NR4A1/ERCC1/PCK2/CCND2/PDGFA/CLU/HCST/MAF/BCL2L1/ILK/CCL20/CCL5/CHGB/LDLR/CSF2/RHOA/EZR/ICAM1/RAB11A/CYBA/CTSD/ITGAX/TP53BP1/UPP1/DHDDS/CD44/FOS/PRDM1/NQO1/IL1A/MMP9/CASP9/SAR1B/CXCL16/MT1E/TIMM17A/NELFE/PES1/SERPINE1/TNFSF4/PLAU/HSPH1/PLAUR/HBEGF/NOTCH2/FN1/BATF3/DYNC1H1/DDIT3/NFKBIA/UGCG/FOSL1/JUND/PIN1/CIITA/FAS/FASN/UBE2B/VEGFA/CCL2/FLT1/HMOX1/SOCS3/CALM1/PLAGL1/CD40LG/FOSB/ACTB/CFLAR/HSPA5/PDHA1/MT1A/IFNG,up,FALSE
ATF3,ATF3,TF_Targets,Treg,SF_vs_PB_Treg,2.47295677,0.644970744,1.67350246e-10,1.41530494e-8,72,40,CDKN1A/CCL4/GADD45G/SERPINE2/IL10/HLA-DRB1/CSF1/TNF/PCK2/GADD45A/CCL5/LDLR/EPAS1/EBP/ADIPOR1/EIF2AK2/CCL3/CD82/AK4/GSN/DHDDS/TWIST1/KRAS/ATF3/MMP9/EGR1/MAPK8/SERPINE1/LIF/HSPB1/FN1/DDIT3/NFKB2/VEGFA/CLIP1/CCL2/GADD45B/MAP1LC3B/HSPA5/IFNG,up,FALSE
STAT1,STAT1,TF_Targets,Treg,SF_vs_PB_Treg,2.08480409,0.459301528,4.21537136e-10,3.1193748e-8,226,57,CDKN1A/LGALS3/IFI6/CCR1/CREM/SOCS2/CTSB/FOXP3/IL2RA/IL10/OSM/TIMP1/FSCN1/BST2/MVP/CSF1/TNF/IGFLR1/IL1R1/ETV7/FASLG/LAP3/IFNGR1/GADD45A/STAT3/VIM/CLU/ISG15/PIM1/CCL5/OAS1/S100A10/RHOA/IFI35/ICAM1/EIF2AK2/MAPKAPK2/TBX21/CD274/CCL3/LY96/MX1/MAN1A1/FGL2/PPARG/TP53BP1/SBNO2/UPP1/TP73/HLA-A/FOS/IRF7/TRIM25/AIM2/MUC1/ACSL1/MMP9,up,FALSE
PPARG,PPARG,TF_Targets,Treg,SF_vs_PB_Treg,2.08874629,0.463381356,1.20207618e-9,7.90699e-8,213,81,CDKN1A/NAMPT/PKM/SERPINE2/UCP3/FOXP3/IL10/PGK1/PEA15/CSF1/PFKP/TNF/HSPA1A/FASLG/MIF/GADD45A/SGK1/STAT3/SLC27A4/MAF/BCL2L1/CCL20/CCL5/LDLR/VDAC1/ICAM1/CTNNB1/CYBA/CCL3/SREBF2/S100A2/GK/NOS3/CCR2/CD44/FOS/PRPS1/VLDLR/MUC1/ACSL1/HSPA9/MPO/MMP9/APMAP/KLF6/BAD/DDAH2/SCD/SREBF1/CALR/NFKBIB/EGR1/CTSL/SERPINE1/SOD1/ERP44/ATP2A2/PON2/SLC2A1/ABCA1/FN1/DDIT3/NFKBIA/NDRG1/CXCR1/CIITA/FAS/ACTG2/UCP2/KLF4/HK2/TGFBR1/PLIN2/GOT1/LEPR/VEGFA/CCL2/FLT1/PTPN11/HMOX1/SOCS3,up,FALSE
REL,REL,TF_Targets,Treg,SF_vs_PB_Treg,2.36956187,0.60230985,1.59999292e-9,9.47195809e-8,83,29,CDKN1A/CD74/IL2RB/SDC4/TNFRSF18/CCL4/FOXP3/IL2RA/IL10/HLA-DRB1/STAT4/CSF1/TNF/LTA/PTHLH/BCL2L1/ISG15/ILK/CCL20/CCL5/CSF2/EBP/ICAM1/HLA-A/FOS/IL1A/PHF11/PLAU/CSRP1,up,FALSE
CEBPB,CEBPB,TF_Targets,Treg,SF_vs_PB_Treg,2.00881635,0.436119469,2.43938267e-9,1.3128314e-7,258,75,CDKN1A/CTSC/ATP1B1/IL1RN/KAT2B/RBPJ/DDIT4/CCL4/GADD45G/FURIN/CCR5/IL10/TNF/FASLG/NR4A1/CISH/ID2/PTHLH/PCK2/GADD45A/STAT3/BCL2L1/LRPAP1/CCL20/CCL5/LDLR/CSF2/PSMD10/EBP/ICAM1/CAST/GNLY/CCL3/ITGAX/LY96/PPARG/CD44/FOS/PRDM1/ALOX5AP/KRAS/ATF3/VLDLR/IL1A/HSPA9/CES4A/BAD/TIMM17A/CXCR4/ANXA5/SCD/DGAT2/SREBF1/HSD17B10/NCAM1/MAPK8/AKR1A1/SOD1/CSRP1/EGR2/ALDH2/CDK9/DDIT3/NFKBIA/SLC19A1/PTTG1IP/EDNRB/TRIB3/PTGS1/SFTPD/CIITA/FAS/ACTG2/KLF4/AKT1,up,FALSE
SP3,SP3,TF_Targets,Treg,SF_vs_PB_Treg,2.01193987,0.438977959,3.54222425e-9,1.7474973e-7,246,82,APOBEC3G/CDKN1A/ATP1B1/TNFRSF4/TYMP/CD74/PKM/CTSB/UCP3/FOXP3/IL10/TIMP1/PDLIM7/LMNA/TNFRSF8/CSF1/TNF/FASLG/FKBP1A/CYP7B1/NOTCH1/SGK1/SERPINH1/VIM/PDGFA/SLC2A3/BSG/TCN2/EMC7/OAS1/LDLR/EPAS1/EIF2AK2/ITGAX/FGL2/PTTG1/TPMT/NOS3/CD44/PRDM1/KRAS/ATF3/IGFBP4/IL1A/F2R/ITGA3/DNASE2/FKBP1B/B3GNT9/ITGA2/SREBF1/CTSL/MAPK8/PLAU/PLAUR/PAPSS1/HBEGF/PCYT1A/SQSTM1/HSPA1B/ANG/ATP2A2/SLC2A1/UBC/ABCA1/RRAS/SLC19A1/PSAP/PTGS1/TSPO/FAS/TGFBI/FASN/PROS1/VEGFA/CCL2/ACSS2/FLT1/PARK7/SOCS3/CALM1/HHEX,up,FALSE
SPI1,SPI1,TF_Targets,Treg,SF_vs_PB_Treg,1.98055603,0.435235539,8.66711664e-9,3.94687158e-7,231,72,ACP5/IL1RN/SERPINB1/CDK6/IL10/HLA-DQB1/OSM/EBI3/TIMP1/PDLIM7/CSF1/TNF/CD80/FASLG/NR4A1/NOTCH1/NAB2/GADD45A/STAT3/SCARB2/CCND2/VIM/BSG/BCL2L1/F12/CCL5/OAS1/ANXA1/CSF2/ICAM1/LRG1/CYBA/CCL3/ITGAX/LY96/CD68/FGL2/CD44/PRDM1/P2RY10/ITGAM/CLEC7A/MPO/MMP9/ITGA3/ITGB2/CCL22/DAPK2/YWHAB/MAP1S/TNFSF4/PLAU/IL12RB1/NSFL1C/NCF4/EGR2/PRDX6/FN1/ETS2/NFKBIA/C1QB/CXCR1/IL18R1/PIN1/CIITA/TSPO/XAF1/KLF4/KEAP1/ME3/AKT1/LSP1,up,FALSE
ETS1,ETS1,TF_Targets,Treg,SF_vs_PB_Treg,2.13797583,0.49855682,3.38094052e-8,1.42965485e-6,144,57,CDKN1A/IL2RB/CTSB/FOXP3/IL10/TIMP1/C3AR1/TNFRSF8/TNF/FASLG/NR4A1/PTHLH/PDGFA/BCL2L1/ILK/CD4/NR1H2/RHOC/CSF2/B4GALT5/PERP/PSMB5/NOS3/CD44/FOS/MMP9/ITGA3/ITGB2/TIMM17A/CXCR4/PRF1/EGR1/SERPINE1/PLAU/PCYT1A/SQSTM1/ANG/FN1/ETS2/DDIT3/PSEN1/NDRG1/HPGD/CD3D/FAS/CASP1/TGFBR1/SRF/JAK3/CCL2/FLT1/DPP3/HMOX1/NRP1/CGA/SOCS1/DUSP6,up,FALSE
IRF1,IRF1,TF_Targets,Treg,SF_vs_PB_Treg,2.15810433,0.514747965,4.73144319e-8,1.86734291e-6,123,54,CDKN1A/LGALS3/KAT2B/CD74/CCL4/CCR5/SOCS2/FOXP3/IL2RA/IL10/TNF/CD80/FASLG/RSAD2/IFNGR1/CCL5/IFI35/ICAM1/POLR2K/EIF2AK2/CEACAM1/CD274/IL7/UPP1/TP73/NOS3/HLA-A/MMP9/CASP9/TAP1/MAPK8/IL12RB1/CASP7/CIITA/XAF1/IFNL1/DOT1L/CASP1/ME3/AKT1/CCL2/TAPBP/OPTN/SOCS1/OGN/CXCL10/IFNG/PSMB9/TRIM21/MYD88/GBP2/IL15/HSPA4/MYB,up,FALSE
CEBPA,CEBPA,TF_Targets,Treg,SF_vs_PB_Treg,2.03203007,0.480029513,4.31686973e-7,1.5972418e-5,132,61,CDKN1A/IL10/VDR/PGK1/LGALS1/CSF1/TNF/MT2A/MIF/CRMP1/PCK2/STAT3/LRPAP1/CCL5/ANXA1/CTNNA1/CSF2/ICAM1/TP63/CCL3/ITGAX/COMT/CD68/PPARG/CCR2/FOS/ALOX5AP/VLDLR/MPO/SCD/DGAT2/DAPK2/SOAT1/SREBF1/CTSL/SERPINE1/GAPDH/SOD1/FN1/EDNRB/SFTPD/PIN1/ADRB2/FASN/PROS1/GFI1/SLC29A1/VEGFA/CCL2/HMOX1/SOCS3/FOSB/CD33/CFLAR/SOX4/ZNF268/ANGPTL4/ABCA3/AACS/FLT3/CD7,up,FALSE
NR3C1,NR3C1,TF_Targets,Treg,SF_vs_PB_Treg,1.95389225,0.447694607,5.38206781e-7,1.87422597e-5,164,54,CDKN1A/ATP1B1/RHOB/CDK6/IL10/VDR/TIMP1/TNF/MT2A/FASLG/NR4A1/CTLA4/RXRA/PTHLH/SGK1/SLC2A3/BCL2L1/CCL5/ANXA1/S100A10/CSF2/ICAM1/GZMA/PPARG/CCR2/FOS/KRAS/VLDLR/IL1A/MMP9/IFI16/BAD/ITGB2/MT1F/SERPINE1/PLAU/FOXO1/SLC2A1/ABCA1/ELK1/FN1/HRH1/NCOA1/NFKBIA/RASD1/NR4A3/PTGS1/SLC37A4/FAS/NFIL3/TINF2/SRF/GOT1/DPAGT1,up,FALSE
NFKB2,NFKB2,TF_Targets,Treg,SF_vs_PB_Treg,2.17886111,0.593914788,8.3778251e-7,2.75537359e-5,57,29,CDKN1A/CXCL13/CDK6/IL2RA/IL10/CD2/PDLIM7/TNF/LTA/CCND2/IL32/BCL2L1/CCL20/CCL5/CSF2/CD99/HIF1A/CD44/MAPRE1/IL1A/MMP9/CCL22/HSPB1/NFKB2/NFKBIA/RAC3/FAS/IFNL1/B2M,up,FALSE
CEBPG,CEBPG,TF_Targets,Treg,SF_vs_PB_Treg,2.08334414,0.517283788,9.05434056e-7,2.8211419e-5,96,37,CDKN1A/IL1RN/DDIT4/OSM/PDLIM7/TNF/NR5A2/GADD45A/CCND2/LRPAP1/LDLR/EBP/ICAM1/CCL3/ITGAX/PPARG/PFKFB3/CCR2/FOS/ALOX5AP/ATF3/VLDLR/TUBA1A/MPO/TIMM17A/SCD/SREBF1/CTSL/YWHAZ/AKR1A1/SOD1/ALDH2/DDIT3/SFTPD/PIN1/CIITA/FAS,up,FALSE
HSF1,HSF1,TF_Targets,Treg,SF_vs_PB_Treg,2.20889946,0.583766444,1.1252358e-6,3.33069796e-5,67,30,CDKN1A/PHLDA1/IL10/STIP1/SLC6A6/TNF/HSPA1A/TXN/FASLG/SERPINH1/CLU/CSF2/LDHA/HSP90AB1/ICAM1/FOS/KRAS/ATF3/HSPA9/SERPINE1/HSPA1B/HSPB1/UBB/NR4A3/FAS/XAF1/HOPX/HSPA6/FLT1/SOCS3,up,FALSE
ESR2,ESR2,TF_Targets,Treg,SF_vs_PB_Treg,2.01203619,0.482733789,1.44409984e-6,4.07098622e-5,119,52,CDKN1A/IQGAP1/HLA-DQB1/VDR/TNF/FASLG/NR5A2/NOTCH1/GADD45A/GLRX/PDGFA/CLU/LDLR/TP63/CTSD/CAPN2/CD68/B3GAT3/GSN/TRIP10/NOS3/FOS/ARHGDIA/NINJ1/MUC1/FECH/CRYZ/PES1/MAPK8/SERPINE1/VANGL1/MED7/FHL1/NOTCH2/UBC/SRA1/NFKBIA/CTIF/PTGS1/DLG4/AKT1/VEGFA/CCL2/MEF2D/HMOX1/NELL2/GNB1/MLH1/FCGR3A/PTPRC/TDG/NCOR1,up,FALSE
TBX21,TBX21,TF_Targets,Treg,SF_vs_PB_Treg,2.18739371,0.630763795,3.38306988e-6,8.95059239e-5,43,17,CD74/PDCD1/IL2RB/CXCR3/CCL4/IL10/STAT4/DUSP16/TNF/GPR132/HAVCR2/TBX21/CCL3/B3GAT1/PTPRJ/ICOS/EGR2,up,FALSE
STAT5A,STAT5A,TF_Targets,Treg,SF_vs_PB_Treg,1.92688713,0.451842039,3.4774261e-6,8.95059239e-5,138,51,CDKN1A/SOCS2/FOXP3/IL2RA/IL10/OSM/RGS16/FOSL2/NTRK1/TNF/FKBP1A/CISH/LTA/ID2/DPF3/STAT3/CCND2/VIM/MAF/BCL2L1/PIM1/CSF2/GNLY/IL7/PTTG1/CD44/FOS/MUC1/QPCT/CPD/PRF1/MAPK8/PIAS3/LIF/HRH1/PSAP/IRF5/IL18R1/ME3/FASN/AKT1/GFI1/JAK3/DPAGT1/CCL2/SOCS3/SOCS1/HMGCR/IFNG/PIM2/PML,up,FALSE
CEBPD,CEBPD,TF_Targets,Treg,SF_vs_PB_Treg,2.18090056,0.617475849,4.2340596e-6,1.00435366e-4,47,21,CTSC/GADD45G/IL10/TNF/MIF/GADD45A/CCL20/CCL5/CSF2/EBP/HSP90AB1/PPARG/ALOX5AP/GAPDH/SOD1/DDIT3/SFTPD/CIITA/GFI1/CDC27/CCL2,up,FALSE
KLF5,KLF5,TF_Targets,Treg,SF_vs_PB_Treg,2.13693275,0.58838458,4.25049635e-6,1.00435366e-4,54,23,CDKN1A/GADD45G/NOTCH1/PDGFA/ILK/PIM1/ICAM1/GZMA/CTSD/HIF1A/PPARG/MMP9/B3GNT9/ITGB2/CXCR4/EGR1/SERPINE1/FOXO1/DHCR24/HK1/KLF4/FASN/VEGFA,up,FALSE
RFXAP,RFXAP,TF_Targets,Treg,SF_vs_PB_Treg,2.23395447,0.812156028,4.41101268e-6,1.00435366e-4,16,10,HLA-DQA2/HLA-DMA/HLA-DRB1/HLA-DQB1/HLA-DRA/HLA-DRB5/HLA-DPB1/HLA-DPA1/HLA-DQA1/HLA-DMB,up,FALSE
STAT5B,STAT5B,TF_Targets,Treg,SF_vs_PB_Treg,2.08399771,0.546277144,4.65654097e-6,1.00684388e-4,70,20,CDKN1A/SOCS2/CDK6/IL2RA/IL10/OSM/RGS16/CISH/DPF3/CCND2/MAF/BCL2L1/CD4/CSF2/PPARG/MUC1/PRF1/HSPB1/RASD1/PSAP,up,FALSE
NR1H3,NR1H3,TF_Targets,Treg,SF_vs_PB_Treg,2.06095666,0.532482902,4.86399213e-6,1.00684388e-4,76,27,BHLHE40/CD74/HLA-DRB1/CD2/VDR/TNF/CYP7B1/NR5A2/PCK2/ELOVL1/ACSL3/NR1H2/LDLR/PGRMC1/SREBF2/PPARG/PFKFB3/FOS/MPO/ELOVL6/SCD/SREBF1/FOXO1/LPCAT3/DHCR24/HK1/ABCA1,up,FALSE
SREBF1,SREBF1,TF_Targets,Treg,SF_vs_PB_Treg,2.04334521,0.518412784,4.93217441e-6,1.00684388e-4,84,39,CDKN1A/PKM/CYP7B1/SLC27A2/BCL2L1/LDLR/SQLE/SREBF2/PPARG/GK/IDH1/ACSL1/ELOVL6/DHCR7/HMGCS1/SCD/DGAT2/SREBF1/SERPINE1/PCYT1A/PGD/TRIB3/HPGD/CASP7/FADS1/CYP51A1/FAS/UCP2/HK2/FASN/VEGFA/ACSS2/HMOX1/HMGCR/FADS2/ABCA3/SV2A/DBI/CIC,up,FALSE
JUNB,JUNB,TF_Targets,Treg,SF_vs_PB_Treg,2.09618919,0.565703472,9.33418984e-6,1.79297088e-4,60,28,CDKN1A/KAT2B/FOXP3/IL10/PDLIM7/TNFRSF8/TNF/CLU/CCL5/CSF2/GZMB/CD82/S100A2/NOS3/FOS/NQO1/MMP9/PES1/MAPK8/SERPINE1/PLAU/UBC/ETS2/JUND/SFTPD/VEGFA/CCL2/HMOX1,up,FALSE
PPARA,PPARA,TF_Targets,Treg,SF_vs_PB_Treg,1.88052303,0.433790406,9.38886779e-6,1.79297088e-4,156,65,CDKN1A/NAMPT/IL1RN/FURIN/CTSB/UCP3/FOXP3/IL10/TNF/TXN/CYP7B1/ELOVL1/GLRX/PCTP/BSG/CCL5/LDLR/ICAM1/SLC16A1/CYBA/SREBF2/PPARG/VMP1/GK/NOS3/FOS/VLDLR/MUC1/ACSL1/MPO/MMP9/ELOVL6/SREBF1/CALR/CTSL/SERPINE1/ALDH3A2/ANG/ATP2A2/ABCA1/ALDH2/SCP2/DDIT3/NFKBIA/TRIB3/FADS1/ACADM/TSPO/UCP2/KLF4/G0S2/PLIN2/GOT1/ALAS1/VEGFA/CCL2/HMOX1/PPOX/GADD45B/HMGCR/ANGPTL4/FADS2/IFNG/DBI/CIC,up,FALSE
ATF2,ATF2,TF_Targets,Treg,SF_vs_PB_Treg,2.01371172,0.511857665,1.03991832e-5,1.91250321e-4,83,33,CDKN1A/IL1RN/RHOB/FOXP3/TIMP1/TNF/FASLG/PCK2/GADD45A/ENTPD1/IL32/CCL5/EBP/HIF1A/PPARG/NOS3/ATF3/MMP9/EGR1/PLAU/PRKCD/FN1/SCP2/DDIT3/TRIB3/FAS/CCL2/PGLYRP2/FLT1/SOCS3/CGA/HSPA5/IFNG,up,FALSE
PPARD,PPARD,TF_Targets,Treg,SF_vs_PB_Treg,2.068814,0.556614359,1.06609131e-5,1.91250321e-4,61,28,NAMPT/UCP3/TIMP1/TXN/SCARB2/ACSL3/BCL2L1/ILK/PPARG/TWIST1/MUC1/MMP9/SREBF1/CALR/SOD1/HBEGF/FOXO1/ANG/SLC2A1/UBC/FN1/LPIN2/ACTG2/FASN/PLIN2/VEGFA/CCL2/HMOX1,up,FALSE
YY1,YY1,TF_Targets,Treg,SF_vs_PB_Treg,1.8687786,0.428439717,1.15805776e-5,1.97788889e-4,163,52,CDKN1A/ACP5/TNFRSF4/CCL4/CCR5/SYT11/HLA-DRA/RGS16/TNFRSF8/TNF/FASLG/VIM/CD4/LDLR/CSF2/EPAS1/TBX21/HIF1A/PTTG1/MANF/TP73/HLA-A/FOS/IRF7/MUC1/MMP9/ITGA3/HMGCS1/CXCR4/CALR/EGR1/SERPINE1/SOD1/PDIA6/UBC/DDIT3/NDUFS8/CD3D/FAS/VEGFA/ADORA2A/ATP6V1A/HMOX1/IRF2BPL/HSPA5/SAP30/IFNG/FCER1A/CCDC43/PEMT/SMAD7/FCGR2B,up,FALSE
CIITA,CIITA,TF_Targets,Treg,SF_vs_PB_Treg,2.19530092,0.700799958,1.16935998e-5,1.97788889e-4,27,14,HLA-DMA/HLA-DRB1/HLA-DQB1/HLA-DRA/HLA-DRB5/S100A4/FASLG/HLA-DPB1/HLA-DMB/HLA-A/HLA-B/MMP9/HLA-F/HLA-C,up,FALSE
STAT6,STAT6,TF_Targets,Treg,SF_vs_PB_Treg,2.04301,0.522783396,1.33111375e-5,2.18894261e-4,80,35,CDKN1A/IL1RN/FOXP3/IL10/STAT4/BATF/PDLIM7/TNFRSF8/TNF/IL1R1/CISH/CYSLTR1/BCL2L1/CD4/RHOA/ANXA2/IL4R/CCL23/PPARG/FOS/KRAS/PDCD1LG2/ICOS/HRH1/CCR8/IL18R1/KLF4/GFI1/VEGFA/CCL2/SOCS3/SOCS1/FOSB/ORMDL3/IFNG,up,FALSE
TCF3,TCF3,TF_Targets,Treg,SF_vs_PB_Treg,2.03196679,0.528703025,1.39007037e-5,2.2241126e-4,73,17,CDKN1A/FOXP3/CDK6/VDR/TNF/IL2RG/NTRK2/CISH/LTA/ID2/NOTCH1/CD79B/CCND2/CD4/YWHAG/EMC7/RHOA,up,FALSE
DDIT3,DDIT3,TF_Targets,Treg,SF_vs_PB_Treg,2.02434807,0.533442498,1.49462227e-5,2.32846416e-4,68,32,CDKN1A/KAT2B/HLA-DRB1/HSPA1A/ID2/GADD45A/CCL5/HSP90AB1/EIF2AK2/PPARG/RTN3/NOS3/IRF7/PDIA3/CASP9/MAPK8/EIF4E/FN1/CDK9/DDIT3/TRIB3/JUND/FAS/HSP90B1/DNM1L/SLC29A1/VEGFA/CCL2/FLT1/MAP1LC3B/HSPA5/CXCL10,up,FALSE
SSRP1,SSRP1,TF_Targets,Treg,SF_vs_PB_Treg,1.97264152,0.497467768,2.24823078e-5,3.41269902e-4,87,34,CDKN1A/KAT2B/VDR/TIMP1/NTRK1/TNF/FASLG/BCL2L1/RHOA/TP63/ITGAX/JAG2/EGR3/NOS3/KRAS/MMP9/TRAF1/EGR1/MAPK8/HBEGF/GPRC5A/MRPL41/PSEN1/NFKBIA/CLDN7/CIITA/IL21R/CASP1/VEGFA/HMOX1/SOCS3/NRP1/HHEX/PAK1,up,FALSE
IRF5,IRF5,TF_Targets,Treg,SF_vs_PB_Treg,2.15782521,0.740063341,2.57036476e-5,3.79455218e-4,20,9,CDKN1A/CCL4/IL10/PDLIM7/TNF/PTPN22/CCL5/CCL3/PRDM1,up,FALSE
ID3,ID3,TF_Targets,Treg,SF_vs_PB_Treg,2.18294167,0.75827024,2.62798377e-5,3.79455218e-4,19,6,CDKN1A/IL2RB/FOXP3/PDLIM7/ID2/NOTCH1,up,FALSE
NFKBIB,NFKBIB,TF_Targets,Treg,SF_vs_PB_Treg,2.12067202,0.833880296,2.9826432e-5,4.0840406e-4,12,7,SERPINB1/PDLIM7/TNF/PRNP/CCL5/NFKBIB/PLAU,up,FALSE
FOXP3,FOXP3,TF_Targets,Treg,SF_vs_PB_Treg,2.13314184,0.632150756,3.03377891e-5,4.0840406e-4,38,20,CDKN1A/TNFRSF18/CREM/IL2RA/IL10/FASLG/CTLA4/PTPN22/MMP9/IFI16/CASP9/PLAU/LIF/VEGFA/LATS2/HMOX1/SOCS3/FCGR3A/IFNG/PIM2,up,FALSE
KLF4,KLF4,TF_Targets,Treg,SF_vs_PB_Treg,1.95215241,0.506910016,3.03543558e-5,4.0840406e-4,74,27,CDKN1A/IL10/VDR/PFKP/TNF/HSPA1A/NOTCH1/CCND2/VIM/LDLR/HSP90AB1/IFITM3/CTNNB1/SLC39A4/NOS3/ATF3/LXN/MAPK8/SERPINE1/SOD1/PLAUR/CIITA/ACTG2/KLF4/TGFBR1/VEGFA/CCL2,up,FALSE
NEUROD1,NEUROD1,TF_Targets,Treg,SF_vs_PB_Treg,2.14936038,0.721102806,3.83820738e-5,5.04937505e-4,22,7,BHLHE40/CDKN1A/NAMPT/NOTCH1/MAPKAPK2/GK/FOS,up,FALSE
NFATC1,NFATC1,TF_Targets,Treg,SF_vs_PB_Treg,1.98564756,0.506979603,4.02112527e-5,5.17501339e-4,81,27,ACP5/IL1RN/KAT2B/PDCD1/FOXP3/IL2RA/IL10/TIMP1/TNF/FASLG/CSF2/ICAM1/LTBP3/B3GAT3/EGR3/F2R/HSPA9/MMP9/ATP6V1B2/MAPK8/PLAUR/LIF/FHL1/FN1/CIITA/ME3/AKT1,up,FALSE
NFE2L2,NFE2L2,TF_Targets,Treg,SF_vs_PB_Treg,1.81151603,0.424788295,4.43011747e-5,5.58006286e-4,138,46,IL1RN/IQGAP1/IL10/TNF/TXN/CISH/MTHFD2/NOTCH1/PRNP/MAF/BCL2L1/PMF1/COX17/GSS/RBX1/PSMB5/HIF1A/PPARG/PRDX1/TP53BP1/BACH1/CD44/NQO1/KRAS/ATF3/IL1A/CBR3/CRYZ/MAPK8/SOD1/SQSTM1/PGD/PRDX6/DDIT3/TXNRD1/KEAP1/CASP1/ME3/AKT1/VEGFA/CCL2/DPP3/HMOX1/NRP1/MST1R/CBR1,up,FALSE
RUNX1,RUNX1,TF_Targets,Treg,SF_vs_PB_Treg,1.84261778,0.434633904,4.96420476e-5,6.12251921e-4,133,28,CDKN1A/LGALS3/KAT2B/TNFRSF18/FOXP3/CDK6/IL2RA/IL10/CD2/TIMP1/LAT2/NTRK1/CSF1/CTLA4/GADD45A/CCND2/BCL2L1/CD4/ANXA1/CSF2/GZMB/CCL3/ITGAX/CD44/FOS/KRAS/MPO/ITGB2,up,FALSE
RFXANK,RFXANK,TF_Targets,Treg,SF_vs_PB_Treg,2.15829367,0.760334574,5.45911543e-5,6.59550272e-4,18,10,HLA-DQA2/HLA-DMA/HLA-DRB1/HLA-DQB1/HLA-DRA/HLA-DRB5/HLA-DPB1/HLA-DPA1/HLA-DQA1/HLA-DMB,up,FALSE
SNAI1,SNAI1,TF_Targets,Treg,SF_vs_PB_Treg,2.00142924,0.540130381,5.59724342e-5,6.62713621e-4,60,24,CDKN1A/VDR/TNF/ERCC1/PTP4A3/STIM1/VIM/ILK/CCL5/PPARG/CD44/TWIST1/PA2G4/KRAS/MUC1/MYO5A/SERPINE1/PLAU/HBEGF/FN1/MBD2/CLDN7/HPGD/AKT1,up,FALSE
DNMT1,DNMT1,TF_Targets,Treg,SF_vs_PB_Treg,1.84101072,0.444317015,6.90867971e-5,8.01948703e-4,114,37,CDKN1A/KAT2B/FOXP3/CD70/CD2/PDLIM7/TNF/CISH/IL32/CD4/LDLR/EBP/PDCD5/CD44/FOS/MUC1/MT1F/CXCR4/MSRB1/PLAUR/MRPL41/ABCA1/MBD2/PSEN1/NFKBIA/TXNRD1/FAS/KLF4/ME3/VEGFA/SOCS3/SOCS1/MLH1/L1CAM/RGS10/MT1A/PML,up,FALSE
PGR,PGR,TF_Targets,Treg,SF_vs_PB_Treg,1.92056157,0.494860322,7.23983075e-5,8.24226885e-4,77,30,CDKN1A/ATP1B1/FOXP3/IL10/VDR/PTP4A3/SGK1/BCL2L1/COMT/PFKFB3/FOS/IGFBP4/MUC1/OTOF/SERPINE1/GAPDH/FAM110C/LIF/FN1/YWHAQ/ETS2/NFKBIA/CCT6A/FOSL1/HPGD/ACTG2/PROS1/PLIN2/TCF4/VEGFA,up,FALSE
RXRA,RXRA,TF_Targets,Treg,SF_vs_PB_Treg,1.96990612,0.544628737,7.65076944e-5,8.54576511e-4,53,21,IL2RB/UCP3/IL2RA/IL10/IL2RG/RXRA/ACSL3/LDLR/HSP90AB1/ICAM1/CTNNB1/HIF1A/GK/MPO/SREBF1/SERPINE1/PLAU/GPRC5A/ABCA1/SCP2/TRIB3,up,FALSE
ETV4,ETV4,TF_Targets,Treg,SF_vs_PB_Treg,2.05878353,0.610114875,8.55697469e-5,9.38097966e-4,38,19,CDKN1A/TIMP1/TNF/GGT1/NOTCH1/CCND2/VIM/PPARG/NOS3/TWIST1/MMP9/CXCR4/PLAU/PLAUR/EGR2/HPGD/VEGFA/CCL2/DUSP6,up,FALSE
IRF3,IRF3,TF_Targets,Treg,SF_vs_PB_Treg,1.9299602,0.522443703,9.36498853e-5,0.00100801331,59,29,CDKN1A/IL2RB/SOCS2/TNF/CISH/NOTCH1/ISG15/CCL5/USP18/TP63/CTNNB1/TANK/CCL3/PPARG/IRF7/IL12RB1/IFIT1/SH3PXD2A/TBK1/IRF5/IFNL1/AKT1/SEC14L1/TICAM1/CCL2/CXCL10/SV2A/IFNG/PML,up,FALSE
SIRT1,SIRT1,TF_Targets,Treg,SF_vs_PB_Treg,2.01417795,0.59006288,1.09542647e-4,0.00115183018,40,15,CDKN1A/GADD45G/UCP3/FOXP3/TNF/NOTCH1/ICAM1/CTNNB1/HIF1A/PPARG/TP73/NQO1/NBN/MMP9/SREBF1,up,FALSE
ZEB1,ZEB1,TF_Targets,Treg,SF_vs_PB_Treg,2.05236022,0.614742047,1.12223593e-4,0.00115183018,36,16,CDKN1A/VDR/PTHLH/VIM/SLC2A3/CD4/TP63/CTNNB1/TP73/MUC1/SERPINE1/PLAU/FN1/HPGD/IFNL1/ACTG2,up,FALSE
ATF1,ATF1,TF_Targets,Treg,SF_vs_PB_Treg,1.94959252,0.529703653,1.12848227e-4,0.00115183018,58,23,KAT2B/UCP3/IL10/PDLIM7/ENO1/TNF/TXN/LDHA/MAPKAPK2/PPARG/CD44/FOS/SLC20A1/EGR1/PLAUR/PEX2/FOSL1/CIITA/FLT1/CGA/MAP1LC3B/HSPA5/IFNG,up,FALSE
RFX5,RFX5,TF_Targets,Treg,SF_vs_PB_Treg,2.08479765,0.699442239,1.14968534e-4,0.00115358258,22,10,HLA-DQA2/HLA-DMA/HLA-DRB1/HLA-DQB1/HLA-DRA/HLA-DRB5/HLA-DPB1/HLA-DPA1/HLA-DQA1/HLA-DMB,up,FALSE
BCL11B,BCL11B,TF_Targets,Treg,SF_vs_PB_Treg,2.07158901,0.753127926,1.2109642e-4,0.00119481801,16,6,CDKN1A/LGALS3/FOXP3/IL10/NOTCH1/CTNNB1,up,FALSE
MYB,MYB,TF_Targets,Treg,SF_vs_PB_Treg,1.8035806,0.429060594,1.28284332e-4,0.00124498893,125,58,CDKN1A/CD74/CDK6/IL2RA/VDR/S100A4/CISH/SLAMF1/PAM/MYADM/VIM/CLU/BCL2L1/CD4/PIM1/STK17B/CSF2/EBP/ICAM1/CTSD/ITGAX/IL7/KRAS/TIMM17A/CXCR4/ITPR1/EGR1/HRH1/ETS2/NRAS/ACTG2/AKT1/B2M/ACOT11/VEGFA/SMARCB1/HHEX/DUSP6/HSPA5/FLT3/IL15/HSPA4/PRKACA/MYB/SPHK1/IL13/SPP1/ANPEP/MDM2/ACTA2/HIPK1/SUMO1/STS/GLUL/CDH1/CCNA1/NR3C1/VAV1,up,FALSE
TFAP2A,TFAP2A,TF_Targets,Treg,SF_vs_PB_Treg,1.70733971,0.386616587,1.54706742e-4,0.00147719986,180,55,CDKN1A/FOXP3/VDR/MCAM/PDLIM7/BST2/S100A4/TNF/LTA/GGT1/IFNGR1/PTHLH/CCND2/ILK/CHGB/HLA-DQA1/CSF2/ICAM1/GZMB/SLC16A1/TP63/CTNNB1/ITGAX/ECM1/CD82/HIF1A/TP53BP1/TP73/CD44/NQO1/KRAS/F2R/MMP9/ANXA5/SCD/GUSB/CALR/SERPINE1/SOD1/PLAUR/HIP1/GPRC5A/UBC/ABCA1/SLC19A1/GPX1/FAS/TGFBR1/PLIN2/VEGFA/SMARCB1/HMOX1/NRP1/S100B/CGA,up,FALSE
POU2F1,POU2F1,TF_Targets,Treg,SF_vs_PB_Treg,1.94247531,0.531341947,1.77184412e-4,0.00165891739,56,17,CDKN1A/SDC4/LY6E/IL2RA/STAT4/HLA-DRA/TNF/GADD45A/ITGAX/FGL2/ATP6V1E1/PTTG1/TWIST1/SNAPC1/ITGB2/PHF11/PLAU,up,FALSE
CTNNB1,CTNNB1,TF_Targets,Treg,SF_vs_PB_Treg,1.69675081,0.386431433,1.79342421e-4,0.00165891739,172,55,CDKN1A/LGALS3/EMP1/FSCN1/S100A4/IL1R1/NR4A1/S100A6/ID2/NOTCH1/SGK1/STAT3/VIM/SLC2A3/BCL2L1/CD4/ARL4A/FUT8/SLC1A5/TP63/CYCS/CEACAM1/CTNNB1/CAPN2/ECM1/HIF1A/PPARG/PDCD5/PTTG1/TP53BP1/CD44/TWIST1/HERPUD1/MMP9/QPCT/DAPK2/FADD/PLAUR/LIMA1/SQSTM1/ALDH3A2/NTSR1/AKAP13/FN1/NFKBIA/UGCG/FOSL1/CASP7/CRAT/KLF4/AKT1/UBE2B/TCF4/VEGFA/MAP3K6,up,FALSE
NFATC2,NFATC2,TF_Targets,Treg,SF_vs_PB_Treg,1.93129996,0.511787905,1.86783473e-4,0.0017011664,66,22,APOBEC3G/ACP5/LGALS3/TNFRSF12A/FOXP3/IL2RA/IL10/TNF/FASLG/CTLA4/CD4/CCL5/CSF2/MYOF/XCL1/EGR3/HSPA9/ENTPD2/TNFSF12/MAPK8/ICOS/ABCA1,up,FALSE
IRF2,IRF2,TF_Targets,Treg,SF_vs_PB_Treg,1.9428793,0.560254844,2.27103164e-4,0.00200754051,43,13,CDKN1A/LGALS3/KAT2B/IL10/TNF/FASLG/IFNGR1/BCL2L1/CCL5/IFI35/USP18/CEACAM1/IL7,up,FALSE
VDR,VDR,TF_Targets,Treg,SF_vs_PB_Treg,1.90110782,0.495827076,2.27204753e-4,0.00200754051,72,21,BHLHE40/CDKN1A/DDIT4/FOXP3/IL2RA/IL10/HLA-DRB1/VDR/SLC6A6/PTHLH/GADD45A/CSF2/HSP90AB1/GZMA/CD44/TNFSF4/ATP6AP2/HRH1/IFI27/NFKBIA/SLC19A1,up,FALSE
SREBF2,SREBF2,TF_Targets,Treg,SF_vs_PB_Treg,1.93092886,0.549112257,2.69954108e-4,0.0023501887,46,27,NR1H2/LDLR/SQLE/EBP/SREBF2/PPARG/PMVK/IDH1/ACSL1/HMGCS1/ACOT7/SREBF1/PCYT1A/DHCR24/PON2/ABCA1/CASP7/CYP51A1/FAS/UCP2/FASN/ACSS2/HMOX1/STARD4/HMGCR/ABCA3/AACS,up,FALSE
TRERF1,TRERF1,TF_Targets,Treg,SF_vs_PB_Treg,2.00363617,0.77044025,2.87477481e-4,0.00246647346,13,4,CDKN1A/CCR5/FOXP3/CD80,up,FALSE
HNF4A,HNF4A,TF_Targets,Treg,SF_vs_PB_Treg,1.7314514,0.413593378,3.16555872e-4,0.00267715823,122,38,CDKN1A/IL10/OSM/FSCN1/PEA15/S100A4/TNF/S100A6/ID2/CCND2/VIM/F12/LDLR/EBP/CEACAM1/CTNNB1/CD82/MX1/FGL2/PPARG/GK/KRAS/PTK6/PRMT1/HMGCS1/SAR1B/SREBF1/EGR1/ANG/ABCA1/CHRNE/ALDH2/SCP2/CLDN7/ACADM/FASN/PROS1/UBE2B,up,FALSE
MSC,MSC,TF_Targets,Treg,SF_vs_PB_Treg,2.00425812,0.687394862,3.38066261e-4,0.00281880601,20,11,FOXP3/IL2RA/IL10/CTLA4/LTA/TRIP10/GOT1/PTPRC/IFNG/UQCRQ/AIMP2,up,FALSE
NR3C2,NR3C2,TF_Targets,Treg,SF_vs_PB_Treg,1.98374975,0.618649273,3.49991711e-4,0.00287770962,30,13,CDKN1A/ATP1B1/CCR5/UCP3/TNF/GADD45A/SGK1/NOS3/SERPINE1/UBE2I/FN1/DOT1L/FAF1,up,FALSE
MYCN,MYCN,TF_Targets,Treg,SF_vs_PB_Treg,1.82208831,0.457195887,3.62502458e-4,0.00293974596,90,24,CDKN1A/HLA-DRB1/OASL/NTRK1/FASLG/NTRK2/ID2/ACOT4/CCND2/CLU/KDM5B/CTSD/SSH1/TP73/HLA-A/CD44/HLA-B/SLC25A19/NBN/MPO/CASP9/HLA-F/HLA-C/LIF,up,FALSE
IRF4,IRF4,TF_Targets,Treg,SF_vs_PB_Treg,1.9112305,0.541124476,3.77392398e-4,0.00300862147,47,15,APOBEC3G/ACP5/KAT2B/IL10/TNF/CCL3/ITGAX/IL7/CD68/PRDM1/ITGAM/NOTCH2/IRF5/CIITA/TSPO,up,FALSE
NFIC,NFIC,TF_Targets,Treg,SF_vs_PB_Treg,1.94616557,0.570138333,3.81159815e-4,0.00300862147,40,16,CDKN1A/CSF1/TNF/PCK2/GADD45A/CLU/NFIA/FOS/HSPA9/ACOT7/ALAS1/CCL2/L1CAM/HSPA5/MT1A/SRC,up,FALSE
TP63,TP63,TF_Targets,Treg,SF_vs_PB_Treg,1.6711579,0.390751781,4.59385408e-4,0.00357837055,141,47,CDKN1A/IL2RB/HLA-DQB1/VDR/LGALS1/CSF1/TNF/ID2/NOTCH1/GADD45A/VIM/CSF2/EBP/TP63/PERP/CTNNB1/IL7/S100A2/JAG2/SPPL2A/TP73/DDB2/CD44/NQO1/IL1A/SAMD9L/TNFSF4/MRPL41/ALDH2/DYNC1H1/FAS/KLF4/CASP1/ME3/FASN/AKT1/ACOT11/TCF4/VEGFA/PLEC/FLT1/TADA3/ACTB/NAPA/IFNG/AACS/TPRG1,up,FALSE
HMGA1,HMGA1,TF_Targets,Treg,SF_vs_PB_Treg,1.90293283,0.545971889,4.68392513e-4,0.00360114763,44,12,CDKN1A/LY6E/IL2RA/IL10/HLA-DRA/STAT3/SLC2A3/CSF2/CD44/TWIST1/KRAS/MMP9,up,FALSE
FOSL1,FOSL1,TF_Targets,Treg,SF_vs_PB_Treg,1.95111711,0.633954385,4.81552823e-4,0.00365296804,25,11,KAT2B/CLU/NOS3/NQO1/MMP9/MAPK8/PLAUR/NOTCH2/FN1/SFTPD/CCL2,up,FALSE
HMGB2,HMGB2,TF_Targets,Treg,SF_vs_PB_Treg,1.92075741,0.847166302,4.89648824e-4,0.00365296804,8,3,CDKN1A/TNF/TP73,up,FALSE
JUND,JUND,TF_Targets,Treg,SF_vs_PB_Treg,1.82498971,0.489559903,4.93644329e-4,0.00365296804,62,25,CDKN1A/TIMP1/TNF/NR4A1/GADD45A/CLU/CCL5/ITGAX/TP53BP1/NQO1/IL1A/MMP9/PES1/MAPK8/SERPINE1/TCIRG1/PLAU/PLAUR/FOSL1/JUND/SFTPD/RABEP2/HMOX1/CD40LG/SOX4,up,FALSE
ARNT,ARNT,TF_Targets,Treg,SF_vs_PB_Treg,1.87452213,0.53073128,5.39131997e-4,0.00394032275,47,24,BHLHE40/CDKN1A/SDC4/LGALS1/TNF/CTSD/HIF1A/FOS/SERPINE1/ABCA1/VEGFA/FLT1/HMOX1/L1CAM/MFSD2A/SRC/HSD17B8/AHR/COMMD1/CDK2/FGFR1/PRDX2/STS/RELB,up,FALSE
NR2C2,NR2C2,TF_Targets,Treg,SF_vs_PB_Treg,1.89304602,0.554576713,6.53416825e-4,0.00471735074,40,13,CDKN1A/ACP5/HLA-DRB1/TNF/DUSP14/GADD45A/PIM1/CD44/TGFB1I1/MMP9/SCD/MAPK8/SQSTM1,up,FALSE
WT1,WT1,TF_Targets,Treg,SF_vs_PB_Treg,1.73302701,0.432661877,7.00315996e-4,0.00494853053,93,31,CDKN1A/IL2RB/IL10/VDR/SLC6A6/CSF1/FASLG/NTRK2/STIM1/PDGFA/BCL2L1/S100A10/IFITM2/USP18/ITGAX/IGFBP4/MPO/MMP9/ADAT2/CORO1B/MAP4/EGR1/SOD1/HBEGF/UBE2I/HTRA2/CIAO1/FASN/AKT1/ITGA4/VEGFA,up,FALSE
STAT4,STAT4,TF_Targets,Treg,SF_vs_PB_Treg,1.92149432,0.618430001,7.02156359e-4,0.00494853053,26,11,IL2RA/IL10/STAT4/IL12RB2/S100A4/TNF/LTA/CD4/PIM1/CSF2/TBX21,up,FALSE
GATA3,GATA3,TF_Targets,Treg,SF_vs_PB_Treg,1.69869155,0.409441311,7.86189823e-4,0.00547558089,115,30,CCR5/FOXP3/IL10/STAT4/DUSP16/IL12RB2/TNF/CD80/CTLA4/NOTCH1/SERPINH1/BCL2L1/CD4/LRRC61/PPARG/SNAPC1/NCOA3/FNDC3B/MUC1/LMO4/CALR/IL12RB1/ATOX1/ICOS/NOTCH2/HSPB1/DNAJC17/VGLL4/GALNT10/IL18R1,up,FALSE
SATB1,SATB1,TF_Targets,Treg,SF_vs_PB_Treg,1.90001893,0.576397995,9.15164272e-4,0.00629973545,34,7,CDKN1A/IL2RA/TNFRSF8/CISH/MAF/OAS1/CTNNB1,up,FALSE
SRF,SRF,TF_Targets,Treg,SF_vs_PB_Treg,1.79184604,0.482096135,9.34118228e-4,0.00635629874,61,25,CDKN1A/IL2RA/NR4A1/NR1H2/ZC3H12A/CTNNB1/BARX2/GSN/EGR3/PFKFB3/FOS/CTSA/MMP9/EGR1/SERPINE1/PLAU/LIMA1/CSRP1/SLC2A1/FOSL1/ACTG2/SRF/HOPX/FOSB/ACTB,up,FALSE
NFAT5,NFAT5,TF_Targets,Treg,SF_vs_PB_Treg,1.89130751,0.573755263,9.70074128e-4,0.00652595323,34,12,IL10/DUSP16/SLC6A6/LMNA/S100A4/TNF/HSPA1A/CISH/SGK1/HLA-DQA1/IL7/B3GAT3,up,FALSE
CREB3,CREB3,TF_Targets,Treg,SF_vs_PB_Treg,1.91976757,0.794369453,9.89330747e-4,0.00658071688,10,7,CCR1/ARF4/CREB3/CCR2/HERPUD1/MMP9/CXCR4,up,FALSE
RUNX2,RUNX2,TF_Targets,Treg,SF_vs_PB_Treg,1.78530478,0.483285219,0.00102408362,0.00673619449,59,22,CDKN1A/LGALS3/SDC4/TIMP1/PTHLH/CSF2/PTTG1/TWIST1/MPO/MMP9/DHCR7/PLAU/HBEGF/FN1/GPC1/FOSL1/PTTG1IP/CYP51A1/AKT1/TGFBR1/GFI1/VEGFA,up,FALSE
NCOA1,NCOA1,TF_Targets,Treg,SF_vs_PB_Treg,1.80910606,0.505686599,0.00109213306,0.00709394765,50,14,CDKN1A/KAT2B/CSF1/TNF/NR4A1/NR5A2/PCK2/KLF10/TWIST1/NCOA3/SERPINE1/ABCA1/SRA1/RAC3,up,FALSE
HDAC1,HDAC1,TF_Targets,Treg,SF_vs_PB_Treg,1.79083355,0.49308938,0.00110243781,0.00709394765,54,14,CDKN1A/RHOB/VDR/HLA-DRA/STAT3/CCND2/ICAM1/CD82/NOS3/CD44/FOS/MMP9/HMGCS1/EGR1,up,FALSE
SPDEF,SPDEF,TF_Targets,Treg,SF_vs_PB_Treg,1.92018557,0.773317016,0.00123709746,0.00787485695,11,5,CDKN1A/MMP9/PLAU/PLAUR/SQSTM1,up,FALSE
FOXG1,FOXG1,TF_Targets,Treg,SF_vs_PB_Treg,1.86483858,0.822502827,0.00127308694,0.00801773904,8,4,CDKN1A/NCOA3/SERPINE1/TLE6,up,FALSE
EGR4,EGR4,TF_Targets,Treg,SF_vs_PB_Treg,1.9083355,0.789639042,0.00129970902,0.00804674825,10,6,SERPINE2/TNF/PTHLH/FOS/IL1A/SLC12A5,up,FALSE
MYOD1,MYOD1,TF_Targets,Treg,SF_vs_PB_Treg,1.70812263,0.432539129,0.00130516916,0.00804674825,85,22,CDKN1A/KAT2B/CTSB/UCP3/MVP/SLC6A6/MAF/BCL2L1/CORO1C/BARX2/NEU1/TP53BP1/TP73/FOS/SFMBT1/PLAU/HBEGF/SLC2A1/PSEN1/UCP2/AKT1/VEGFA,up,FALSE
RBPJ,RBPJ,TF_Targets,Treg,SF_vs_PB_Treg,1.70239573,0.429316221,0.00131847057,0.00804674825,87,25,CDKN1A/RBPJ/PDCD1/FOXP3/CDK6/IL10/PDLIM7/CSF1/MT2A/ADAM19/NOTCH1/NR1H2/S100A10/TBX21/NCOR2/RAB27A/MMP9/PLAU/FHL1/NOTCH2/MDFIC/PSEN1/NFKB2/NFKBIA/RAB18,up,FALSE
CTCFL,CTCFL,TF_Targets,Treg,SF_vs_PB_Treg,-1.79335119,-0.855212106,0.00135839264,0.00816301243,6,3,RBL2/FER/MYC,down,FALSE
NFATC3,NFATC3,TF_Targets,Treg,SF_vs_PB_Treg,1.88464115,0.632290442,0.00136509836,0.00816301243,22,9,DDIT4/CXCL13/TNF/FASLG/CTSD/B3GAT3/FOS/ATF3/DNAJB6,up,FALSE
NRF1,NRF1,TF_Targets,Treg,SF_vs_PB_Treg,1.74462512,0.462319707,0.00140171359,0.00827718849,66,18,PRDX4/ATP1B1/IL1RN/TNF/MT2A/PRDX5/COX17/CYCS/GSS/NOS3/NQO1/ENOX1/CXCR4/EIF2S1/CAPNS1/E2F6/PRDX3/NR4A3,up,FALSE
EGR3,EGR3,TF_Targets,Treg,SF_vs_PB_Treg,1.87714115,0.616217286,0.0014142166,0.00827718849,24,8,NTRK1/TNF/FASLG/IFNGR1/NOTCH1/NAB2/BCL2L1/CSF2,up,FALSE
POU2F2,POU2F2,TF_Targets,Treg,SF_vs_PB_Treg,1.87407988,0.608923551,0.00142613721,0.00827718849,25,8,CCR5/LY6E/HLA-DRA/ID2/ITGAX/PDCD1LG2/RPN1/YWHAB,up,FALSE
DNMT3A,DNMT3A,TF_Targets,Treg,SF_vs_PB_Treg,1.8303691,0.542424882,0.00151545582,0.00871019269,38,7,CDKN1A/TNFRSF12A/FOXP3/HLA-DRB1/STAT4/PDLIM7/CDKN2D,up,FALSE
AHR,AHR,TF_Targets,Treg,SF_vs_PB_Treg,1.63616952,0.394371417,0.00160583453,0.00905327192,115,26,CDKN1A/CXCL13/FOXP3/IL10/CD2/PDLIM7/FSCN1/TNF/MT2A/FASLG/NR5A2/CSF2/RHOA/HSP90AB1/TBX21/CTSD/FOS/PRDM1/NQO1/MMP9/SLC7A5/SERPINE1/SOD1/NCF4/HSPB1/SLC2A1,up,FALSE
IRF9,IRF9,TF_Targets,Treg,SF_vs_PB_Treg,1.88535456,0.67441321,0.00161058057,0.00905327192,17,11,CDKN1A/PDCD1/CCND2/OAS1/IRF7/SP100/NCAM1/IFIT1/CXCL10/IFNG/PML,up,FALSE
GATA1,GATA1,TF_Targets,Treg,SF_vs_PB_Treg,1.7014414,0.434415504,0.00162102504,0.00905327192,81,31,CDKN1A/FURIN/CCR5/CDK6/TIMP1/BST2/CBFB/HSPA1A/CD80/ERCC1/CCND2/PRDX5/BCL2L1/ITGAX/BACH1/MUC1/IL1A/DPYSL2/HCFC1R1/C1QA/SLC19A1/NFIL3/NBEAL2/PBXIP1/PPOX/HHEX/ZNF268/IFNG/FCER1A/MAFK/HMBS,up,FALSE
JDP2,JDP2,TF_Targets,Treg,SF_vs_PB_Treg,1.83922166,0.573576954,0.00173153794,0.00958009775,30,9,ACP5/KAT2B/LGALS1/TNF/VIM/PLXNB2/ATF3/PON2/DDIT3,up,FALSE
PBRM1,PBRM1,TF_Targets,Treg,SF_vs_PB_Treg,1.82036876,0.834257873,0.00179056314,0.0097849057,7,3,CDKN1A/IL10/CSF2,up,FALSE
MITF,MITF,TF_Targets,Treg,SF_vs_PB_Treg,1.71970554,0.45316516,0.00180161271,0.0097849057,68,23,CDKN1A/ACP5/CDK6/CSF1/TNFRSF1B/GZMB/HIF1A/RAB27A/SBNO2/GNG2/FOS/KRAS/BAD/ATP6V1B2/PRF1/SERPINE1/PIAS3/EDNRB/DIAPH1/AKT1/GPNMB/ITGA4/VEGFA,up,FALSE
EOMES,EOMES,TF_Targets,Treg,SF_vs_PB_Treg,1.86735589,0.703533886,0.00183472212,0.00987414084,14,5,IL2RB/NOTCH1/CYFIP1/CCL3/PRF1,up,FALSE
KLF6,KLF6,TF_Targets,Treg,SF_vs_PB_Treg,1.80472143,0.531918899,0.00189566549,0.0101102159,39,16,CDKN1A/KAT2B/CTSB/BCL2L1/CCL20/PPARG/PTTG1/ATF3/TUBA1A/MMP9/DAPK2/PLAU/CERS2/NFKBIA/VEGFA/CCL2,up,FALSE
SMAD6,SMAD6,TF_Targets,Treg,SF_vs_PB_Treg,1.86932135,0.735045416,0.0020976464,0.0110875596,12,7,CDKN1A/CDK6/PCK2/PPARG/KRAS/SERPINE1/ME3,up,FALSE
ELK1,ELK1,TF_Targets,Treg,SF_vs_PB_Treg,1.78599182,0.517810068,0.00211914292,0.0111020585,42,19,CDKN1A/DDIT4/TNF/NR4A1/NR1H2/ZC3H12A/PRKCI/FOS/MMP9/EGR1/SERPINE1/SOD1/SLC2A1/PSEN1/FOSL1/SRF/DPP3/HMOX1/KATNB1,up,FALSE
SOX2,SOX2,TF_Targets,Treg,SF_vs_PB_Treg,1.81638743,0.566455906,0.00215521211,0.0111919787,30,8,CDKN1A/RBPJ/NR5A2/NOTCH1/VIM/TP63/CTNNB1/TWIST1,up,FALSE
FOXO3,FOXO3,TF_Targets,Treg,SF_vs_PB_Treg,1.57128063,0.368115637,0.00223566544,0.0115088169,139,43,CDKN1A/PHLDA1/SERPINE2/FOXP3/TNF/HSPA1A/TXN/FASLG/ID2/NOTCH1/GADD45A/PRNP/CCND2/CDKN2D/TNFRSF1B/HIF1A/VMP1/NOS3/TWIST1/IDH1/IRF7/MMP9/KLF6/CASP9/CXCR4/EGR1/CTSL/MAPK8/SERPINE1/PLAU/SOD1/FOXO1/ANG/CBLB/SLC2A1/IFI27/DDIT3/PRDX3/HPGD/KLF4/BNIP3L/CASP1/AKT1,up,FALSE
HOXA10,HOXA10,TF_Targets,Treg,SF_vs_PB_Treg,1.81005092,0.568422702,0.0022661115,0.0115649828,29,5,CDKN1A/KAT2B/DUSP4/CISH/ID2,up,FALSE
OLIG2,OLIG2,TF_Targets,Treg,SF_vs_PB_Treg,1.85594778,0.767961831,0.00230843841,0.0115948841,10,3,NOTCH1/PIM1/RHOA,up,FALSE
LRRFIP1,LRRFIP1,TF_Targets,Treg,SF_vs_PB_Treg,1.82942185,0.806881978,0.00231114245,0.0115948841,8,6,NTRK1/TNF/PDGFA/RHOA/KRAS/SERPINE1,up,FALSE
NKX3-1,NKX3-1,TF_Targets,Treg,SF_vs_PB_Treg,1.76850015,0.502921227,0.00237559615,0.0117672101,46,20,PDLIM7/TNF/GADD45A/CLU/BCL2L1/TP73/CD44/TWIST1/FOS/QSOX1/KRAS/NBN/B3GNT9/CLIC4/CASP9/SHISA5/ACTG2/AKT1/SRF/VEGFA,up,FALSE
BCL3,BCL3,TF_Targets,Treg,SF_vs_PB_Treg,1.841104,0.631438344,0.00238524529,0.0117672101,20,5,BCL3/IL10/PDLIM7/TNF/PTHLH,up,FALSE
BMAL1,BMAL1,TF_Targets,Treg,SF_vs_PB_Treg,1.79209485,0.533735817,0.0024466842,0.0119137221,37,12,BHLHE40/CDKN1A/HLF/NAMPT/PKM/LDLR/HIF1A/KLF10/EGR1/SERPINE1/PSEN2/MBD2,up,FALSE
MAFK,MAFK,TF_Targets,Treg,SF_vs_PB_Treg,1.84740531,0.650813253,0.00245519273,0.0119137221,18,7,CDK6/IL10/TNF/CD44/PRDM1/NQO1/CRYZ,up,FALSE
BCL6,BCL6,TF_Targets,Treg,SF_vs_PB_Treg,1.68217245,0.440946916,0.00260289288,0.0125277446,70,16,CDKN1A/CCL4/SOCS2/CD63/IL10/CSF1/CD80/STAT3/CCND2/BCL2L1/GZMB/TBX21/CCL3/PRDM1/IL1A/CXCR4,up,FALSE
FOXO1,FOXO1,TF_Targets,Treg,SF_vs_PB_Treg,1.54060895,0.354967299,0.00262987013,0.012555509,157,37,CDKN1A/PRDX4/FOXP3/CD70/TNF/DUSP4/FASLG/CTLA4/ID2/PCK2/GADD45A/BID/CCND2/BCL2L1/CDKN2D/CCL20/SQLE/SLC16A1/ADIPOR1/PPARG/GK/NOS3/EIF4G1/PSMB6/TWIST1/IDH1/ELOVL6/CASP9/TRAF1/CXCR4/SCD/SREBF1/EGR1/CTSL/SERPINE1/FOXO1/ANG,up,FALSE
FOSL2,FOSL2,TF_Targets,Treg,SF_vs_PB_Treg,1.83344244,0.615113456,0.00269279677,0.0127530855,22,14,TIMP1/CLU/ITGAX/PPARG/TCIRG1/PLAUR/LIF/ABCA1/FOSL1/SOX4/MYB/MDM2/BCL6/RELB,up,FALSE
YBX1,YBX1,TF_Targets,Treg,SF_vs_PB_Treg,1.69199084,0.451032731,0.00272221149,0.012790073,64,11,CDKN1A/HLA-DQB1/MVP/TNF/FASLG/CLU/SLC2A3/CCL5/CSF2/TP63/PTPN1,up,FALSE
BHLHE40,BHLHE40,TF_Targets,Treg,SF_vs_PB_Treg,1.81000489,0.582547299,0.00297492563,0.0138673699,26,15,BHLHE40/IL2RA/IL10/VDR/PCK2/TP63/PPARG/TP73/SREBF1/CYP51A1/FAS/RBMS1/VEGFA/MLH1/IFNG,up,FALSE
EZH2,EZH2,TF_Targets,Treg,SF_vs_PB_Treg,1.62339616,0.405984695,0.00314298891,0.0145363237,92,23,CDKN1A/EMP1/FOXP3/SLC3A2/VDR/HLA-DRA/TNF/NOTCH1/SPOCK2/VIM/CD4/TMEM200A/TBX21/BACH1/TWIST1/ITGA2/MAPK8/MRPL41/CIITA/ADRB2/DLG4/ME3/AKT1,up,FALSE
NCOR1,NCOR1,TF_Targets,Treg,SF_vs_PB_Treg,1.7033236,0.468994328,0.00323618841,0.0148513453,54,21,CDKN1A/NOTCH1/TNFRSF13B/NCOR2/PPARG/CD44/NCOA3/SREBF1/HK1/ABCA1/COX8A/ALG3/CDK9/G0S2/PROS1/CGA/NCOR1/SAP30/CXCL10/UQCRQ/FLT3,up,FALSE
HES1,HES1,TF_Targets,Treg,SF_vs_PB_Treg,1.69099815,0.464097736,0.00342946497,0.0156169982,55,13,CDKN1A/FOXP3/NOTCH1/GADD45A/PRNP/CD4/LDLR/PPARG/CD44/SAR1B/MAPK8/NOTCH2/ALDH2,up,FALSE
SMAD5,SMAD5,TF_Targets,Treg,SF_vs_PB_Treg,1.80777109,0.62000625,0.00345578845,0.0156169982,20,6,CDKN1A/GADD45G/CSF1/ID2/PDGFA/PPARG,up,FALSE
PARK7,PARK7,TF_Targets,Treg,SF_vs_PB_Treg,1.72103214,0.870688129,0.00366656096,0.0164439704,5,3,TXN/ICAM1/NQO1,up,FALSE
GLI1,GLI1,TF_Targets,Treg,SF_vs_PB_Treg,1.59867697,0.396943388,0.00374321542,0.0166615303,96,29,CDKN1A/PRDM8/RGS16/FKBP1A/NTRK2/MYO1E/PTHLH/SGK1/CCND2/VIM/IL1R2/CTNNB1/PRDM1/PDE4B/VLDLR/SH3GLB1/CCPG1/CXCR4/ADAM12/EGR2/SLC19A1/FAS/AKT1/VEGFA/SOCS1/MLH1/CFLAR/EMB/FADS2,up,FALSE
EGR2,EGR2,TF_Targets,Treg,SF_vs_PB_Treg,1.68690788,0.464474414,0.00394743861,0.017394943,54,15,CDKN1A/IL2RB/SERPINE2/TNF/FASLG/CISH/ID2/NAB2/EBP/EGR3/CD44/EGR1/LIF/NAB1/EGR2,up,FALSE
TBP,TBP,TF_Targets,Treg,SF_vs_PB_Treg,1.57731666,0.383933079,0.00397092475,0.017394943,108,28,CDKN1A/KAT2B/FOXP3/IL2RA/STIP1/LGALS1/NTRK1/PAM/TPI1/ILK/LAMTOR5/CSF2/PMF1/TP63/MANF/FOS/KRAS/IGFBP4/MAPK8/EIF4E/FN1/BDP1/RNASE1/ETS2/NFKBIA/ME3/VCP/AKT1,up,FALSE
SOX9,SOX9,TF_Targets,Treg,SF_vs_PB_Treg,1.72411414,0.494666883,0.00399935146,0.017394943,44,16,BHLHE40/CDKN1A/FURIN/COL9A2/PTHLH/NFIA/CEACAM1/CTNNB1/TWIST1/FOS/IGFBP4/LXN/CLDN7/KLF4/CATSPER1/VEGFA,up,FALSE
BRCA1,BRCA1,TF_Targets,Treg,SF_vs_PB_Treg,1.71088895,0.484402007,0.00402551891,0.017394943,47,15,CDKN1A/GADD45A/STAT3/TP63/CTSD/S100A2/HIF1A/NOS3/DDB2/BACH1/FOS/IRF7/EGR1/E2F6/DDIT3,up,FALSE
USF2,USF2,TF_Targets,Treg,SF_vs_PB_Treg,1.63873401,0.42956042,0.00417511006,0.017910617,70,26,CTSB/CD2/PDLIM7/CTLA4/AGTRAP/CCND2/TCN2/EPAS1/SLC16A1/CEACAM1/CTSD/HIF1A/GK/MAPRE1/KRAS/CXCR4/P4HA1/SERPINE1/ABCA1/SLC19A1/IGF2R/FASN/B2M/HMOX1/CD40LG/LGALS3BP,up,FALSE
RORC,RORC,TF_Targets,Treg,SF_vs_PB_Treg,1.79366201,0.67576942,0.00441480009,0.0188026018,14,6,IL23R/FOXP3/TNF/IL1R1/FASLG/BCL2L1,up,FALSE
HDAC7,HDAC7,TF_Targets,Treg,SF_vs_PB_Treg,1.78596766,0.761349769,0.00452426919,0.0191311954,9,4,CDKN1A/ACTN4/NR4A1/HIF1A,up,FALSE
SNAI2,SNAI2,TF_Targets,Treg,SF_vs_PB_Treg,1.73537205,0.541190571,0.0049551458,0.0208045838,30,12,TRPS1/VDR/VIM/CTNNB1/PPARG/CD44/MMP9/ITGA3/CXCR4/LPAR2/HPGD/KLF4,up,FALSE
CREM,CREM,TF_Targets,Treg,SF_vs_PB_Treg,1.65006105,0.448321052,0.00513456091,0.021271727,58,10,CCL4/CREM/VDR/TNF/DUSP4/FASLG/CISH/NOTCH1/AGTRAP/CSF2,up,FALSE
HR,HR,TF_Targets,Treg,SF_vs_PB_Treg,1.66036169,0.457165165,0.0051387827,0.021271727,54,18,CDKN1A/TNFRSF12A/SLC3A2/TIMP1/PDLIM7/TNF/CISH/NOTCH1/HIGD1A/ICAM1/NQO1/NCAM1/FN1/NDRG1/CIITA/SLA/VEGFA/CCL2,up,FALSE
SMAD3,SMAD3,TF_Targets,Treg,SF_vs_PB_Treg,1.57143629,0.389560043,0.00517420387,0.021271727,97,33,CDKN1A/RHOB/FOXP3/STAT4/VDR/TIMP1/TNF/PTHLH/CCND2/VIM/CCL20/F12/RHOA/TBX21/CTNNB1/PPARG/FOS/MMP9/SERPINE1/PLAU/EGR2/FN1/PIN1/CIITA/ACTG2/PSMD9/SRF/VEGFA/CCL2/GADD45B/ANGPTL4/IFNG/ERF,up,FALSE
USF1,USF1,TF_Targets,Treg,SF_vs_PB_Treg,1.5262464,0.362309663,0.00524490033,0.0213869071,127,42,BHLHE40/SERPINE2/CTSB/CD2/PDLIM7/MVP/CTLA4/S100A6/ID2/PCK2/AGTRAP/CCND2/TCN2/SLC16A1/CEACAM1/TBX21/CTSD/GK/TRIM25/B3GNT9/CXCR4/P4HA1/SERPINE1/AKR1A1/ABCA1/SLC19A1/PSAP/IGF2R/CIITA/NUP188/UCP2/FASN/B2M/HMOX1/CD40LG/OGN/LGALS3BP/NFKBIL1/MT1A/IFNG/ERF/FCER1A,up,FALSE
CREBBP,CREBBP,TF_Targets,Treg,SF_vs_PB_Treg,1.75251369,0.564043844,0.00528465049,0.0213869071,26,6,CDKN1A/S100A4/ERCC1/PCK2/LDLR/CSF2,up,FALSE
ETS2,ETS2,TF_Targets,Treg,SF_vs_PB_Treg,1.61664315,0.423769756,0.00531060024,0.0213869071,70,27,CDKN1A/CTSB/FOXP3/CSF1/TNF/PTHLH/NAB2/BCL2L1/CD4/CSF2/ICAM1/FGL2/MMP9/TIMM17A/EGR1/MAPK8/PLAU/HBEGF/PCYT1A/CHRNE/ETS2/PSEN1/HPGD/JAK3/HMOX1/CGA/DUSP6,up,FALSE
DMTF1,DMTF1,TF_Targets,Treg,SF_vs_PB_Treg,1.78009383,0.71689782,0.00535431244,0.0214172498,11,4,CDKN1A/BCL3/KRAS/EGR1,up,FALSE
SPIB,SPIB,TF_Targets,Treg,SF_vs_PB_Treg,1.76725275,0.694910499,0.00610049458,0.0242382067,12,5,IL10/PDLIM7/IL7/PRDM1/IRF7,up,FALSE
POU4F1,POU4F1,TF_Targets,Treg,SF_vs_PB_Treg,1.75432839,0.62754363,0.00634758223,0.0250517912,17,6,CDKN1A/NTRK1/NTRK2/BCL2L1/EGR1/HSPB1,up,FALSE
ZBTB7A,ZBTB7A,TF_Targets,Treg,SF_vs_PB_Treg,1.71609525,0.538917158,0.00639301374,0.0250640009,29,10,CDKN1A/PKM/PFKP/SLC2A3/MAPK11/FOS/MMP9/SREBF1/NFKBIA/FASN,up,FALSE
HMGA2,HMGA2,TF_Targets,Treg,SF_vs_PB_Treg,1.73484465,0.569504994,0.00649423148,0.0252933226,24,10,LY6E/HLA-DRA/ERCC1/VIM/TWIST1/KRAS/IGFBP4/FOSL1/ACTG2/AKT1,up,FALSE
ATF6,ATF6,TF_Targets,Treg,SF_vs_PB_Treg,1.67280929,0.484995219,0.00686457409,0.0265609664,42,20,PCK2/NUCB1/CREB3/PTPN1/RTN3/MANF/FOS/CALR/TCIRG1/PDIA6/ATP2A2/DDIT3/DNAJC3/HSP90B1/SRF/VEGFA/STARD4/HMGCR/HSPA5/HYOU1,up,FALSE
NR1H4,NR1H4,TF_Targets,Treg,SF_vs_PB_Treg,1.60669734,0.432281882,0.00733194684,0.0281269448,61,22,HLA-DRB1/TIMP1/TNF/CISH/NR5A2/PCK2/PSMD10/ICAM1/SLC1A5/PPARG/NOS3/MMP9/NELFE/SREBF1/SQSTM1/ABCA1/ACTG2/ME3/FASN/ALAS1/VEGFA/CCL2,up,FALSE
FOXC1,FOXC1,TF_Targets,Treg,SF_vs_PB_Treg,1.73640846,0.765857639,0.00736431831,0.0281269448,8,5,NOTCH1/NEDD9/CXCR4/FOXO1/FN1,up,FALSE
ID1,ID1,TF_Targets,Treg,SF_vs_PB_Treg,1.62435879,0.452088173,0.00785770412,0.0298189797,51,16,CDKN1A/CDK6/PDLIM7/TNF/ID2/CTNNB1/CD44/FOS/TGFB1I1/MMP9/SERPINE1/PSEN1/ME3/FASN/ITGA4/VEGFA,up,FALSE
KCNIP3,KCNIP3,TF_Targets,Treg,SF_vs_PB_Treg,1.70352699,0.816148961,0.00812960003,0.0305851344,6,1,CDKN1A,up,FALSE
MYOG,MYOG,TF_Targets,Treg,SF_vs_PB_Treg,1.69154482,0.531207417,0.00818010981,0.0305851344,29,7,CDKN1A/UCP3/ID2/SLC2A3/BARX2/TP53BP1/FOS,up,FALSE
ID4,ID4,TF_Targets,Treg,SF_vs_PB_Treg,-1.65588999,-0.835793043,0.00821458846,0.0305851344,5,4,CREBBP/MBP/TP53/IGF1R,down,FALSE
ABL1,ABL1,TF_Targets,Treg,SF_vs_PB_Treg,1.73607197,0.718359119,0.00836081474,0.0309350145,10,4,CDKN1A/CSF1/CCND2/PIM1,up,FALSE
GATA6,GATA6,TF_Targets,Treg,SF_vs_PB_Treg,1.67072871,0.510161231,0.00862053154,0.0316666745,33,16,DUSP16/TNF/FASLG/NOS3/KRAS/LMCD1/CALR/MAPK8/SERPINE1/PLAU/ACTG2/VEGFA/ABCA3/ROCK1/MAFK/DAB2,up,FALSE
MAF,MAF,TF_Targets,Treg,SF_vs_PB_Treg,1.6481374,0.480355763,0.00866554268,0.0316666745,41,9,CCR1/IL10/CD2/MIF/CCND2/SERPINH1/MAF/CD4/CSF2,up,FALSE
ZNF350,ZNF350,TF_Targets,Treg,SF_vs_PB_Treg,1.70208344,0.780048824,0.00938569911,0.0340879379,7,3,CDKN1A/GADD45A/MMP9,up,FALSE
SMARCA4,SMARCA4,TF_Targets,Treg,SF_vs_PB_Treg,1.71853047,0.732601603,0.00969207668,0.0348748991,9,4,CDKN1A/CD44/FOS/ABCA1,up,FALSE
TBPL2,TBPL2,TF_Targets,Treg,SF_vs_PB_Treg,1.69859109,0.778448313,0.00972019991,0.0348748991,7,4,CDKN1A/TXN/PAM/MAPK8,up,FALSE
MXI1,MXI1,TF_Targets,Treg,SF_vs_PB_Treg,-1.69401191,-0.76781748,0.00996339976,0.0354691665,7,3,IFT20/MAX/MYC,down,FALSE
PAX5,PAX5,TF_Targets,Treg,SF_vs_PB_Treg,1.64066306,0.486206014,0.0100056601,0.0354691665,38,12,CDKN1A/TIMP1/TXN/NOTCH1/GADD45A/CTNNB1/IL7/NEDD9/PRDM1/YWHAB/NCAM1/PRDX6,up,FALSE
NCOA2,NCOA2,TF_Targets,Treg,SF_vs_PB_Treg,1.64554966,0.490090572,0.0101701724,0.0358377502,37,12,KAT2B/UCP3/PDLIM7/TNF/NCOA3/TGFB1I1/CXCR4/SERPINE1/SRA1/RAC3/DNM1L/AKT1,up,FALSE
NR0B2,NR0B2,TF_Targets,Treg,SF_vs_PB_Treg,1.55202154,0.407826004,0.0103069371,0.0360123461,69,20,CDKN1A/SERPINE2/VDR/TIMP1/TNF/NR4A1/NR5A2/PCK2/NR1H2/PPARG/PDCD5/FOS/KRAS/MMP9/EGR1/MAPK8/SERPINE1/ANG/ABCA1/FN1,up,FALSE
TGIF1,TGIF1,TF_Targets,Treg,SF_vs_PB_Treg,1.70965514,0.754057862,0.0103413832,0.0360123461,8,4,CDKN1A/KRAS/SERPINE1/ACTG2,up,FALSE
FOXM1,FOXM1,TF_Targets,Treg,SF_vs_PB_Treg,1.58616807,0.436736643,0.0111844094,0.0385679834,54,15,CDKN1A/ACP5/RHOC/CTNNB1/CCR2/NBN/MMP9/ALDOC/MAPK8/PLAU/PLAUR/PRDX3/NEDD4/PROS1/VEGFA,up,FALSE
HSF2,HSF2,TF_Targets,Treg,SF_vs_PB_Treg,1.69668095,0.589361909,0.0113863063,0.0385679834,19,13,HSPA1A/TXN/CLU/HIF1A/FOS/MAPK8/HSPA1B/HSPB1/HSPA6/HSPA4/PRKACA/HSP90AA1/SUMO1,up,FALSE
RELB,RELB,TF_Targets,Treg,SF_vs_PB_Treg,1.60788845,0.459102193,0.0114065705,0.0385679834,45,9,CDKN1A/CXCL13/TNF/CD80/IL32/BCL2L1/CCL20/CCL5/CSF2,up,FALSE
FLI1,FLI1,TF_Targets,Treg,SF_vs_PB_Treg,1.57360875,0.428934872,0.0114174275,0.0385679834,57,10,CDKN1A/KAT2B/PHLDA1/IL10/NR4A1/ID2/BCL2L1/CD99/PTPN1/UPP1,up,FALSE
PRDM1,PRDM1,TF_Targets,Treg,SF_vs_PB_Treg,1.60696346,0.458838078,0.0114965277,0.0385679834,45,12,IL2RA/IL10/DUSP16/TNF/RSAD2/NR5A2/CD4/CSF2/GZMB/TBX21/FOS/PRDM1,up,FALSE
SMAD4,SMAD4,TF_Targets,Treg,SF_vs_PB_Treg,1.56083019,0.418698184,0.0115301211,0.0385679834,62,24,CDKN1A/SKIL/IL10/FSCN1/CSF1/ID2/PTHLH/HAVCR2/CCL20/EIF4EBP1/PPARG/DPYSL2/SERPINE1/FN1/UCP2/PSMD9/VEGFA/LAMB3/CCL2/MST1R/TPM1/GADD45B/PAK1/IFNG,up,FALSE
NFIA,NFIA,TF_Targets,Treg,SF_vs_PB_Treg,1.64794538,0.513925817,0.0115313058,0.0385679834,30,7,CDKN1A/CSF1/TNF/MT2A/PCK2/CCND2/NFIA,up,FALSE
IRF7,IRF7,TF_Targets,Treg,SF_vs_PB_Treg,1.69738209,0.627308928,0.011996344,0.039897953,15,8,FOXP3/CD80/ISG15/CCL5/CCL3/IFNL1/CCL2/CXCL10,up,FALSE
SOX6,SOX6,TF_Targets,Treg,SF_vs_PB_Treg,1.7030566,0.654861083,0.0121315497,0.0401222202,13,5,CDKN1A/PTHLH/BCL2L1/CTNNB1/PPARG,up,FALSE
KAT5,KAT5,TF_Targets,Treg,SF_vs_PB_Treg,1.60474557,0.467709052,0.0124725803,0.0408380351,41,21,CDKN1A/SLC3A2/TNF/ERCC1/STAT3/CD4/CSF2/CD82/TP73/CD44/MAPRE1/ITPR1/ACTL6A/SRF/LEPR/SOX4/IFNG/HSPA4/PRKACA/MYB/CLASP1,up,FALSE
KAT7,KAT7,TF_Targets,Treg,SF_vs_PB_Treg,1.57153356,0.435960911,0.0124859533,0.0408380351,52,19,CDKN1A/KAT2B/S100A4/TNF/CD4/CSF2/COMT/VMP1/TAP1/ITPR1/MAPK8/PLAU/YWHAQ/VEGFA/HMOX1/TADA3/HSPA5/HAT1/SRC,up,FALSE
SMAD1,SMAD1,TF_Targets,Treg,SF_vs_PB_Treg,1.63178636,0.498270087,0.0126189908,0.0410463878,33,14,CDKN1A/GADD45G/CSF1/ID2/PDGFA/BCL2L1/PPARG/DPYSL2/PARVB/ME3/VEGFA/GADD45B/TRAF2/SMAD7,up,FALSE
EPAS1,EPAS1,TF_Targets,Treg,SF_vs_PB_Treg,1.54702647,0.414995288,0.012993424,0.0420333715,62,20,BHLHE40/HLA-DRB1/ENO1/PTHLH/F12/KDM5B/EPAS1/LDHA/HIF1A/PTK6/SERPINE1/GAPDH/PLAUR/NDRG1/IL18R1/CYP51A1/AKT1/VEGFA/ADORA2A/FLT1,up,FALSE
ZNF384,ZNF384,TF_Targets,Treg,SF_vs_PB_Treg,1.68996608,0.680600642,0.0134920942,0.0434093465,11,3,SDC4/PDLIM7/TNF,up,FALSE
NR1H2,NR1H2,TF_Targets,Treg,SF_vs_PB_Treg,1.61783144,0.504534529,0.0149022786,0.0476872916,30,10,BHLHE40/CYP7B1/PCK2/NR1H2/SCD/SREBF1/DHCR24/HK1/ABCA1/NRAS,up,FALSE
MAZ,MAZ,TF_Targets,Treg,SF_vs_PB_Treg,1.6422472,0.544979178,0.0152289948,0.0484707792,23,13,CDKN1A/CISH/CD4/PPARG/NOS3/KRAS/TSG101/MMP9/PROS1/SLC29A1/VEGFA/HRAS/PREB,up,FALSE
HBP1,HBP1,TF_Targets,Treg,SF_vs_PB_Treg,1.60062822,0.479435071,0.0155702395,0.0492918812,36,11,CDKN1A/CD74/TNF/FASLG/MIF/TP63/TP73/MPO/SQSTM1/NFKBIA/MAP1LC3A,up,FALSE
ETV6,ETV6,TF_Targets,Treg,SF_vs_PB_Treg,1.66431289,0.627036615,0.0163022705,0.0513348091,14,8,CDKN1A/IL10/STAT3/BCL2L1/IL1A/FPGS/VEGFA/CCL2,up,FALSE
MEIS1,MEIS1,TF_Targets,Treg,SF_vs_PB_Treg,1.65768231,0.6026518,0.0165865522,0.0519536449,16,5,CDKN1A/CCL4/IL10/CCL3/HIF1A,up,FALSE
DLX4,DLX4,TF_Targets,Treg,SF_vs_PB_Treg,1.62143716,0.526835211,0.017150689,0.0534379362,25,12,VDR/TNF/NTRK2/PDGFA/ICAM1/IL7/TWIST1/EIF4E/FN1/TBK1/CLDN7/VEGFA,up,FALSE
GLI3,GLI3,TF_Targets,Treg,SF_vs_PB_Treg,1.62948443,0.546686265,0.0172974792,0.0536131294,22,8,CDK6/HLA-DRB1/PTHLH/CTNNB1/ITGAX/VMP1/FOS/HIP1,up,FALSE
KLF2,KLF2,TF_Targets,Treg,SF_vs_PB_Treg,1.55485532,0.446104708,0.0181412023,0.0559353738,44,14,CDKN1A/CCR5/FOXP3/IL2RA/TNF/SERPINH1/IL7/HIF1A/PPARG/NOS3/NQO1/DPP7/CXCR4/SERPINE1,up,FALSE
MEOX2,MEOX2,TF_Targets,Treg,SF_vs_PB_Treg,1.60997619,0.814503763,0.018749009,0.0575099137,5,1,CDKN1A,up,FALSE
FOSB,FOSB,TF_Targets,Treg,SF_vs_PB_Treg,1.63393694,0.575611541,0.0191127311,0.0583233857,18,6,TIMP1/LGALS1/TNF/FASLG/CD9/FOS,up,FALSE
PITX3,PITX3,TF_Targets,Treg,SF_vs_PB_Treg,1.61999542,0.776129516,0.0199688234,0.0605880164,6,4,TNF/MPO/ALDH2/C1QA,up,FALSE
ATF4,ATF4,TF_Targets,Treg,SF_vs_PB_Treg,1.46556658,0.374191462,0.0201076085,0.0605880164,81,22,KAT2B/DDIT4/HLA-DRB1/TNF/STAT3/VIM/EIF2AK2/CTNNB1/IRF7/ATF3/PLAU/SQSTM1/DDIT3/PSEN1/TRIB3/ACOT11/VEGFA/CCL2/HMOX1/NRP1/MAP1LC3B/HSPA5,up,FALSE
PPARGC1A,PPARGC1A,TF_Targets,Treg,SF_vs_PB_Treg,1.62430751,0.564222153,0.0202506869,0.0605880164,19,4,CDKN1A/PCK2/LDLR/CYCS,up,FALSE
TWIST2,TWIST2,TF_Targets,Treg,SF_vs_PB_Treg,1.60316781,0.526278866,0.0202642352,0.0605880164,24,9,CDKN1A/IL10/TNF/ILK/ICAM1/CD44/FOS/F2R/MMP9,up,FALSE
MEF2D,MEF2D,TF_Targets,Treg,SF_vs_PB_Treg,1.62301113,0.57176254,0.0209446826,0.0623077996,18,6,CDKN1A/IL10/NR4A1/GADD45A/CD44/ATF3,up,FALSE
SMAD2,SMAD2,TF_Targets,Treg,SF_vs_PB_Treg,1.5177503,0.422417119,0.0213050932,0.0630630759,51,17,CDKN1A/FURIN/RHOB/FOXP3/TIMP1/HAVCR2/RHOA/PPARG/NOS3/ATF3/SERPINE1/FN1/PIN1/ACTG2/TGFBR1/PSMD9/VEGFA,up,FALSE
SIN3A,SIN3A,TF_Targets,Treg,SF_vs_PB_Treg,1.63295646,0.720229259,0.0219754392,0.0647236817,8,4,FOXP3/STAT3/IFITM2/IFITM3,up,FALSE
FOXC2,FOXC2,TF_Targets,Treg,SF_vs_PB_Treg,1.62635699,0.672960794,0.0240931135,0.0706095207,10,5,PRKAR1A/CTNNB1/CXCR4/SERPINE1/AKT1,up,FALSE
RUNX3,RUNX3,TF_Targets,Treg,SF_vs_PB_Treg,1.49116148,0.409252173,0.0242194858,0.0706302245,55,22,CDKN1A/FOXP3/TIMP1/PEA15/NTRK2/AGTRAP/CD4/GZMB/MMP9/ITGB2/PRF1/FADD/CLDN7/CASP7/AKT1/ITGA4/TCF4/ICAM3/CFLAR/ITGAE/IFNG/LILRB3,up,FALSE
KLF13,KLF13,TF_Targets,Treg,SF_vs_PB_Treg,1.62443093,0.692487407,0.0244349539,0.0709092779,9,3,KAT2B/CCL5/LDLR,up,FALSE
SP2,SP2,TF_Targets,Treg,SF_vs_PB_Treg,1.60285149,0.573358582,0.0250492648,0.0723373891,17,6,CDKN1A/CEACAM1/MMP9/CTSL/PAPSS1/PCYT1A,up,FALSE
APEX1,APEX1,TF_Targets,Treg,SF_vs_PB_Treg,1.56078223,0.498244276,0.0254381424,0.0731037879,27,7,CDKN1A/TNF/NQO1/CCL2/SOCS3/HHEX/ACTB,up,FALSE
ARX,ARX,TF_Targets,Treg,SF_vs_PB_Treg,1.61468849,0.634919925,0.0259222909,0.0741352473,12,5,PHLDA1/ARX/EGR1/SLC12A5/ETS2,up,FALSE
LEF1,LEF1,TF_Targets,Treg,SF_vs_PB_Treg,1.48911724,0.413097706,0.0261669907,0.0744752812,52,14,CDKN1A/FAIM2/FASLG/CTLA4/S100A6/NOTCH1/VIM/CD4/TP63/CTNNB1/CXCR4/NCAM1/LIMA1/FN1,up,FALSE
SRY,SRY,TF_Targets,Treg,SF_vs_PB_Treg,1.59220687,0.569550877,0.0269440655,0.0763200324,17,6,SDC4/HSPA1A/CTNNB1/NFKBIB/FN1/FOSL1,up,FALSE
PAX6,PAX6,TF_Targets,Treg,SF_vs_PB_Treg,1.45828401,0.388733678,0.0277138692,0.0781267171,64,18,CDKN1A/CDK6/NOTCH1/CLU/MAF/CDKN2D/PCSK1N/KRAS/MMP9/SAR1B/CRYZ/NCAM1/NOTCH2/TLE6/AKT1/ITGA4/TCF4/VEGFA,up,FALSE
MECP2,MECP2,TF_Targets,Treg,SF_vs_PB_Treg,1.58424792,0.558106841,0.0286502106,0.0803835292,18,5,FOXP3/NOTCH1/SGK1/SLC2A3/PTPN1,up,FALSE
NR4A1,NR4A1,TF_Targets,Treg,SF_vs_PB_Treg,1.45040319,0.3843519,0.0289453857,0.0808286243,66,18,CDKN1A/FOXP3/TNF/FASLG/EBP/HDAC9/CCL3/IL1A/HSPA9/MMP9/ALDOC/SREBF1/SERPINE1/NFKBIA/NR4A3/PIN1/RNF7/AKT1,up,FALSE
NCOA3,NCOA3,TF_Targets,Treg,SF_vs_PB_Treg,1.47950757,0.415281236,0.0291956413,0.0810639927,49,11,CDKN1A/KAT2B/VDR/TNF/RHOA/NCOA3/PMEPA1/UBC/SRA1/RAC3/AKT1,up,FALSE
KLF9,KLF9,TF_Targets,Treg,SF_vs_PB_Treg,1.59561458,0.613547364,0.0293035379,0.0810639927,13,6,CDKN1A/NOTCH1/LDLR/PPARG/PDCD5/MAPK8,up,FALSE
FOXO4,FOXO4,TF_Targets,Treg,SF_vs_PB_Treg,1.56125121,0.523794258,0.0294524647,0.081097019,22,11,IL10/TNF/GADD45A/HIF1A/IDH1/MMP9/PSMD11/SERPINE1/CYP51A1/AKT1/VEGFA,up,FALSE
NFYA,NFYA,TF_Targets,Treg,SF_vs_PB_Treg,1.43693751,0.376663618,0.0305534204,0.0837390042,70,22,IL10/HSPA1A/NOTCH1/GADD45A/CCND2/LDLR/SQLE/SREBF2/VLDLR/HMGCS1/SCD/SREBF1/ZNF267/HSPA1B/DDIT3/FAS/CASP1/ME3/CGA/ACTB/HSPA5/UQCRQ,up,FALSE
KLF7,KLF7,TF_Targets,Treg,SF_vs_PB_Treg,1.58527504,0.726516633,0.0312463107,0.0852433913,7,3,CDKN1A/NTRK1/NTRK2,up,FALSE
ID2,ID2,TF_Targets,Treg,SF_vs_PB_Treg,1.50715286,0.451436462,0.0314142815,0.0852627552,36,6,CDKN1A/IL10/LGALS1/ID2/NOTCH1/BCL2L1,up,FALSE
HSF4,HSF4,TF_Targets,Treg,SF_vs_PB_Treg,1.58411274,0.725983963,0.0315414584,0.0852627552,7,4,VIM/HIF1A/LIF/HSPB1,up,FALSE
FOXQ1,FOXQ1,TF_Targets,Treg,SF_vs_PB_Treg,1.58811131,0.700449925,0.0317096578,0.0853278065,8,3,CDKN1A/ZEB2/TWIST1,up,FALSE
TBX1,TBX1,TF_Targets,Treg,SF_vs_PB_Treg,1.55481189,0.78659557,0.0321864595,0.0858709426,5,1,CDKN1A,up,FALSE
BHLHE41,BHLHE41,TF_Targets,Treg,SF_vs_PB_Treg,1.56245107,0.542735597,0.0322016035,0.0858709426,19,4,BHLHE40/IL2RA/VDR/GADD45A,up,FALSE
MTF1,MTF1,TF_Targets,Treg,SF_vs_PB_Treg,1.52563586,0.491023562,0.0334632939,0.0888344003,26,12,GADD45G/MT2A/HSPA1A/PRNP/SOD1/CSRP1/MT3/NDRG1/EDNRB/SOCS3/SLC30A1/MT1A,up,FALSE
TP73,TP73,TF_Targets,Treg,SF_vs_PB_Treg,1.39310408,0.346454112,0.0336130163,0.0888344003,95,26,CDKN1A/KAT2B/VDR/TNF/GADD45A/BID/TP63/S100A2/JAG2/TP73/CD44/KRAS/HAGH/TP53I3/NCAM1/MRPL41/FOSL1/IRF5/SHISA5/FAS/CASP1/FASN/VEGFA/FLT1/HMOX1/MLH1,up,FALSE
TAF1,TAF1,TF_Targets,Treg,SF_vs_PB_Treg,1.50372325,0.459165692,0.0342987106,0.0902437185,33,14,CDKN1A/KAT2B/HLA-A/FOS/SLC2A1/ETS2/CIITA/DNM1L/UBE2B/HMOX1/HSPA5/HAT1/SRC/MYB,up,FALSE
SP4,SP4,TF_Targets,Treg,SF_vs_PB_Treg,1.51656084,0.484127604,0.0347186275,0.0906257117,27,3,CDKN1A/ATP1B1/CTSB,up,FALSE
HDAC4,HDAC4,TF_Targets,Treg,SF_vs_PB_Treg,1.56152852,0.567695007,0.0347500617,0.0906257117,16,2,CDKN1A/IL10,up,FALSE
FOXF2,FOXF2,TF_Targets,Treg,SF_vs_PB_Treg,1.57641972,0.69529325,0.0351371996,0.0912334305,8,7,PDGFA/TLN1/MT1F/MT1E/IRF2BPL/ITGB1/CDH1,up,FALSE
CDX2,CDX2,TF_Targets,Treg,SF_vs_PB_Treg,1.51963343,0.493757279,0.0360794192,0.0932708129,25,3,CDKN1A/FURIN/VDR,up,FALSE
SKIL,SKIL,TF_Targets,Treg,SF_vs_PB_Treg,1.56792607,0.631451425,0.0373448796,0.0961224726,11,3,CDKN1A/SKIL/GADD45G,up,FALSE
CEBPZ,CEBPZ,TF_Targets,Treg,SF_vs_PB_Treg,1.56658929,0.630913062,0.0376154946,0.0963998824,11,4,CDKN1A/PDLIM7/GZMB/TP73,up,FALSE
ATF7,ATF7,TF_Targets,Treg,SF_vs_PB_Treg,1.53605373,0.777105618,0.0380925955,0.0972017955,5,2,TNF/CCL3,up,FALSE
ING4,ING4,TF_Targets,Treg,SF_vs_PB_Treg,1.56289311,0.6294245,0.0385239881,0.0978806908,11,3,CDKN1A/NTRK1/ARL6IP5,up,FALSE
ASCL1,ASCL1,TF_Targets,Treg,SF_vs_PB_Treg,1.48841175,0.45728395,0.0388392203,0.0982599077,32,12,PKM/TIMP1/TXN/GADD45A/CCND2/JAG2/EFNA5/PNP/ACTG2/ME3/HMOX1/CGA,up,FALSE
TSC22D1,TSC22D1,TF_Targets,Treg,SF_vs_PB_Treg,1.53309128,0.775606883,0.0391033772,0.0985072311,5,2,CDKN1A/CNP,up,FALSE
MAX,MAX,TF_Targets,Treg,SF_vs_PB_Treg,1.47600468,0.44498164,0.0398514263,0.0999662896,35,12,PDLIM7/CD80/FASLG/ID2/GADD45A/CCND2/CXCR4/SERPINE1/DDIT3/NDRG1/SERF2/NRP1,up,FALSE
ZBTB17,ZBTB17,TF_Targets,Treg,SF_vs_PB_Treg,1.47686632,0.448028583,0.0402489247,0.100537398,34,7,CDKN1A/NTRK1/LDLR/RHOA/EBP/CD44/CAMK2N1,up,FALSE
NR2E1,NR2E1,TF_Targets,Treg,SF_vs_PB_Treg,1.55739811,0.686903608,0.0406604383,0.101138569,8,2,CDKN1A/GADD45G,up,FALSE
ELF4,ELF4,TF_Targets,Treg,SF_vs_PB_Treg,1.47924591,0.454467936,0.0413307929,0.102375855,32,12,LGALS3/FASLG/CSF2/GZMB/CD99/PPARG/MMP9/PRF1/MAPK8/TCIRG1/ALDOA/MORF4L1,up,FALSE
GLI2,GLI2,TF_Targets,Treg,SF_vs_PB_Treg,1.38474974,0.35355714,0.0415775678,0.102558001,81,34,CDKN1A/VDR/HLA-DRA/IFNGR1/PTHLH/CCND2/IL1R2/CAMK1/BMP1/PPP1CB/CTSL/HIP1/HK1/ABCA1/UGCG/HPGD/FAS/TGFBI/LAMB3/SOCS1/MLH1/CFLAR/MAPK6/TOB1/ILF3/HSPA4/PRKACA/CKS1B/IL13/FZD6/BCL6/ITGB1/CDH1/ATP9A,up,FALSE
RORA,RORA,TF_Targets,Treg,SF_vs_PB_Treg,1.45515953,0.43123255,0.0427796746,0.105085342,38,14,BHLHE40/CYP7B1/NTRK2/EBP/ICAM1/HIF1A/PPARG/SREBF1/ITPR1/PIAS3/SRA1/TWSG1/FASN/GOT1,up,FALSE
VSX2,VSX2,TF_Targets,Treg,SF_vs_PB_Treg,1.50853385,0.511648556,0.0435035565,0.106421923,21,7,HLA-DRB1/HLA-DQB1/F12/CHGB/BAD/GUSB/MAPK8,up,FALSE
TBX5,TBX5,TF_Targets,Treg,SF_vs_PB_Treg,1.5467403,0.68220289,0.043715847,0.106501158,8,4,HLA-DQB1/PDLIM7/ATP2A2/SRF,up,FALSE
CLOCK,CLOCK,TF_Targets,Treg,SF_vs_PB_Treg,1.44346421,0.422869613,0.0454124694,0.110181073,40,10,BHLHE40/NAMPT/PKM/ICAM1/KLF10/CACNB2/SERPINE1/PSEN2/MBD2/TXNRD1,up,FALSE
BARX2,BARX2,TF_Targets,Treg,SF_vs_PB_Treg,1.53714928,0.619056676,0.0461978583,0.110806406,11,5,TIMP1/BARX2/HSPA9/MMP9/NCAM1,up,FALSE
MAFA,MAFA,TF_Targets,Treg,SF_vs_PB_Treg,1.53661382,0.704215656,0.0462004644,0.110806406,7,4,TNF/NQO1/DDIT3/CASP1,up,FALSE
STAT2,STAT2,TF_Targets,Treg,SF_vs_PB_Treg,1.46926725,0.461404068,0.0465750396,0.110806406,29,12,SCARB2/OAS1/EIF2AK2/IRF7/SERPINE1/NFKB2/JUND/ME3/CCL2/DGKE/IFNG/PML,up,FALSE
TBPL1,TBPL1,TF_Targets,Treg,SF_vs_PB_Treg,1.47717312,0.475425904,0.0466194867,0.110806406,26,6,CDKN1A/TNF/PAM/TP63/CD44/FOS,up,FALSE
IKZF1,IKZF1,TF_Targets,Treg,SF_vs_PB_Treg,1.46869032,0.461222891,0.046722429,0.110806406,29,8,IL10/TNF/NOTCH1/BCL2L1/CD4/LDLR/GZMB/TBX21,up,FALSE
ZFX,ZFX,TF_Targets,Treg,SF_vs_PB_Treg,1.51382684,0.765860803,0.0467932456,0.110806406,5,2,NOTCH1/HLA-A,up,FALSE
KAT2B,KAT2B,TF_Targets,Treg,SF_vs_PB_Treg,1.52884101,0.601163398,0.0471874218,0.111294636,12,4,CDKN1A/FOXP3/TP73/IRF7,up,FALSE
EP300,EP300,TF_Targets,Treg,SF_vs_PB_Treg,1.42512568,0.406917734,0.0478212371,0.111919501,45,6,CDKN1A/S100A4/TNF/RHOA/TP73/MMP9,up,FALSE
BHLHA15,BHLHA15,TF_Targets,Treg,SF_vs_PB_Treg,1.52488084,0.730560723,0.0478304623,0.111919501,6,5,CDKN1A/MIB1/AGFG1/APOE/CDH1,up,FALSE
TFDP1,TFDP1,TF_Targets,Treg,SF_vs_PB_Treg,1.46406361,0.459769935,0.048122628,0.112159826,29,5,CDKN1A/CD74/PTTG1/TP53BP1/MPO,up,FALSE
HIVEP1,HIVEP1,TF_Targets,Treg,SF_vs_PB_Treg,-1.49333723,-0.753746247,0.0485003835,0.112250636,5,3,SPEN/TP53/MYC,down,FALSE
TADA2A,TADA2A,TF_Targets,Treg,SF_vs_PB_Treg,1.52362801,0.729960503,0.0485408157,0.112250636,6,1,KAT2B,up,FALSE
EBF3,EBF3,TF_Targets,Treg,SF_vs_PB_Treg,1.50899361,0.763415621,0.0487553512,0.112308046,5,2,CDKN1A/SLC12A5,up,FALSE
KDM2A,KDM2A,TF_Targets,Treg,SF_vs_PB_Treg,1.52990269,0.701140007,0.049033883,0.112511855,7,2,CDK6/CD44,up,FALSE
RARA,RARA,TF_Targets,Treg,SF_vs_PB_Treg,1.3432475,0.330095749,0.0494865244,0.113112056,102,26,BHLHE40/CDKN1A/TNFRSF12A/FOXP3/HLA-DRB1/NR4A1/IFNGR1/ICAM1/PPARG/FOS/KRAS/F2R/MPO/CASP9/ITGB2/TIMM17A/SCD/DAPK2/PLAU/GPRC5A/ABCA1/ALDH2/ACTG2/KLF4/G0S2/AKT1,up,FALSE
BATF,BATF,TF_Targets,Treg,SF_vs_PB_Treg,1.50933138,0.557810203,0.0507083555,0.115459025,15,4,IL10/CD2/STAT3/MAF,up,FALSE
CTCF,CTCF,TF_Targets,Treg,SF_vs_PB_Treg,1.34041784,0.330483061,0.0511086249,0.115924544,100,16,CDKN1A/TNFRSF18/IL10/TNF/CD80/CISH/LTA/HLA-DQA1/CSF2/IRAK2/MRPL17/MB/GALNT6/NBN/TMBIM6/CNIH1,up,FALSE
FHL2,FHL2,TF_Targets,Treg,SF_vs_PB_Treg,1.5157023,0.726163344,0.051717674,0.116858256,6,1,CDKN1A,up,FALSE
ARID3A,ARID3A,TF_Targets,Treg,SF_vs_PB_Treg,1.5135635,0.725138658,0.0524477594,0.118057314,6,1,CDKN1A,up,FALSE
PLAGL1,PLAGL1,TF_Targets,Treg,SF_vs_PB_Treg,1.50838112,0.593118258,0.0540576949,0.121220286,12,3,CDKN1A/KAT2B/PPARG,up,FALSE
MTA1,MTA1,TF_Targets,Treg,SF_vs_PB_Treg,1.42175239,0.423437506,0.0555251242,0.124041032,37,9,CDKN1A/TNF/FASLG/VIM/BCL2L1/HIF1A/MMP9/SUMO2/LMO4,up,FALSE
RXRB,RXRB,TF_Targets,Treg,SF_vs_PB_Treg,1.51209223,0.692977641,0.0560190469,0.124673969,7,5,ICAM1/CTNNB1/GPRC5A/IFNG/ABCG1,up,FALSE
NR2F2,NR2F2,TF_Targets,Treg,SF_vs_PB_Treg,1.43153747,0.439810498,0.0564817529,0.12523295,32,7,CDKN1A/PEA15/TNF/PCK2/CTNNB1/PPARG/CD44,up,FALSE
KLF17,KLF17,TF_Targets,Treg,SF_vs_PB_Treg,1.48936321,0.753484401,0.0572578088,0.126479936,5,4,CD44/TWIST1/SERPINE1/PARK7,up,FALSE
BMAL2,BMAL2,TF_Targets,Treg,SF_vs_PB_Treg,1.50131043,0.719268291,0.0575188934,0.126584331,6,2,BHLHE40/SERPINE1,up,FALSE
MSX1,MSX1,TF_Targets,Treg,SF_vs_PB_Treg,1.50639057,0.664406302,0.0583465539,0.127930222,8,3,VDR/S100A4/CDKN2D,up,FALSE
HOXB2,HOXB2,TF_Targets,Treg,SF_vs_PB_Treg,1.48346573,0.750500804,0.0598937688,0.130838049,5,2,KAT2B/MMP9,up,FALSE
ZNF354C,ZNF354C,TF_Targets,Treg,SF_vs_PB_Treg,1.4732667,0.535607347,0.0605323656,0.131746913,16,8,NTRK1/TNF/CCND2/CD44/EGR2/DLG4/CCL2/FLT1,up,FALSE
PAX8,PAX8,TF_Targets,Treg,SF_vs_PB_Treg,1.45163553,0.492350386,0.0618396111,0.134099083,21,9,TNF/TXN/PPARG/HLA-A/F2R/NCAM1/VEGFA/HHEX/L1CAM,up,FALSE
THRA,THRA,TF_Targets,Treg,SF_vs_PB_Treg,1.398033,0.409560326,0.0620927489,0.134156596,40,11,UCP3/HLA-DRB1/HLA-DQB1/NTRK2/CTNNB1/CD44/B3GNT9/SCD/ABCA1/FN1/SRA1,up,FALSE
WWTR1,WWTR1,TF_Targets,Treg,SF_vs_PB_Treg,-1.47352808,-0.702695079,0.0624860613,0.134515448,6,2,LTBR/SMAD3,down,FALSE
ELK3,ELK3,TF_Targets,Treg,SF_vs_PB_Treg,1.46965734,0.543147695,0.0637710412,0.136784262,15,8,CD44/FOS/EGR1/SERPINE1/PCYT1A/CHRNE/VEGFA/HMOX1,up,FALSE
ETV5,ETV5,TF_Targets,Treg,SF_vs_PB_Treg,1.48834737,0.634475609,0.0644123325,0.137661014,9,5,IL10/ICAM1/CXCR4/PSEN1/IFNG,up,FALSE
NUPR1,NUPR1,TF_Targets,Treg,SF_vs_PB_Treg,1.4843501,0.711142705,0.0649776041,0.138099642,6,2,CDKN1A/BCL2L1,up,FALSE
TGFB1I1,TGFB1I1,TF_Targets,Treg,SF_vs_PB_Treg,1.48976729,0.657074465,0.0650841217,0.138099642,8,4,CDKN1A/VIM/FOS/TGFB1I1,up,FALSE
MYF5,MYF5,TF_Targets,Treg,SF_vs_PB_Treg,1.48129099,0.596560848,0.0654888468,0.138462133,11,3,PDGFA/RHOA/NEU1,up,FALSE
MYF6,MYF6,TF_Targets,Treg,SF_vs_PB_Treg,1.48780811,0.681848456,0.0662114832,0.139491808,7,2,CDKN1A/TP73,up,FALSE
CUX1,CUX1,TF_Targets,Treg,SF_vs_PB_Treg,1.32820126,0.344890349,0.0690794623,0.145017878,74,23,CDKN1A/NTRK1/CCND2/VIM/OAS1/TNFRSF1B/ICAM1/NEU1/PTTG1/CD44/HLA-B/ITGB2/NCAM1/LIMA1/HSPB1/RAC3/AKT1/IKBKG/IRF2BPL/IFNG/PTPN13/DCTN6/RACGAP1,up,FALSE
CEBPE,CEBPE,TF_Targets,Treg,SF_vs_PB_Treg,1.44120022,0.500617699,0.0696917228,0.145786219,19,5,DDIT4/TNF/LRG1/MPO/YWHAB,up,FALSE
E2F7,E2F7,TF_Targets,Treg,SF_vs_PB_Treg,1.47086996,0.704684455,0.0710550721,0.147444873,6,1,CDKN1A,up,FALSE
KLF10,KLF10,TF_Targets,Treg,SF_vs_PB_Treg,1.43736088,0.499284058,0.0711408891,0.147444873,19,7,CDKN1A/FOXP3/PTTG1/TMBIM6/SERPINE1/PTGS1/TGFBI,up,FALSE
TRPS1,TRPS1,TF_Targets,Treg,SF_vs_PB_Treg,1.46980576,0.608182371,0.0712318138,0.147444873,10,3,TRPS1/STAT3/ZEB2,up,FALSE
ZBTB14,ZBTB14,TF_Targets,Treg,SF_vs_PB_Treg,-1.45198413,-0.692421215,0.0726435943,0.149843233,6,3,FHL2/RPL32/MYC,down,FALSE
NKX2-5,NKX2-5,TF_Targets,Treg,SF_vs_PB_Treg,1.39384238,0.431388966,0.0735307617,0.150620736,31,10,ID2/NOTCH1/RHOC/CTNNB1/NOS3/CALR/ACTG2/ME3/ACOT11/MEF2D,up,FALSE
RARG,RARG,TF_Targets,Treg,SF_vs_PB_Treg,1.45278963,0.558628169,0.0739008778,0.150620736,13,5,PAM/ICAM1/GPRC5A/ABCA1/ME3,up,FALSE
HDAC9,HDAC9,TF_Targets,Treg,SF_vs_PB_Treg,-1.43992436,-0.518732146,0.0739586404,0.150620736,15,7,MEF2A/ESR1/NFKB1/STAT6/TP53/CITED2/APP,down,FALSE
EWSR1,EWSR1,TF_Targets,Treg,SF_vs_PB_Treg,1.37450856,0.407331857,0.0740382333,0.150620736,38,7,CDKN1A/PHLDA1/ID2/BCL2L1/CD99/PPARG/UPP1,up,FALSE
SIX1,SIX1,TF_Targets,Treg,SF_vs_PB_Treg,1.46980805,0.6735992,0.0745346503,0.151111346,7,7,EZR/TGFBR1/SKI/CDH1/CCNA1/CCND1/ZEB1,up,FALSE
PROX1,PROX1,TF_Targets,Treg,SF_vs_PB_Treg,1.4276182,0.502928535,0.0766586716,0.15480782,18,5,NR5A2/NOTCH1/PCK2/HIF1A/TWIST1,up,FALSE
MEF2A,MEF2A,TF_Targets,Treg,SF_vs_PB_Treg,1.33408991,0.361140541,0.0773183134,0.15480782,59,21,IL1RN/IL10/SLC6A6/NR4A1/BARX2/MB/NOS3/CD44/ATF3/ATP6V1B2/SNRPB/ATP2A2/ALDOA/ACTG2/KLF4/ME3/AKT1/MEF2D/CALM1/PLAGL1/TPM1,up,FALSE
TTF1,TTF1,TF_Targets,Treg,SF_vs_PB_Treg,1.38510815,0.428685755,0.0773312281,0.15480782,31,7,LGALS3/KAT2B/TNF/TXN/SREBF2/KRAS/CALR,up,FALSE
PML,PML,TF_Targets,Treg,SF_vs_PB_Treg,1.42989199,0.519838436,0.0774039101,0.15480782,16,2,CDKN1A/NR4A1,up,FALSE
GFI1,GFI1,TF_Targets,Treg,SF_vs_PB_Treg,1.3617503,0.39893114,0.0788274798,0.156582969,40,12,CDKN1A/CSF1/TNF/ID2/ENTPD1/IL7/CXCR4/EGR2/GFI1/SOCS3/SOCS1/ITGAE,up,FALSE
GTF3A,GTF3A,TF_Targets,Treg,SF_vs_PB_Treg,1.42424973,0.50947066,0.0788426558,0.156582969,17,8,TNF/PDGFA/PLAU/LPP/ABCA1/ACTG2/VEGFA/NME1,up,FALSE
ZNF91,ZNF91,TF_Targets,Treg,SF_vs_PB_Treg,1.39295711,0.448321109,0.0790849794,0.156582969,26,10,VDR/NTRK1/GADD45A/HLA-A/KRAS/PTK6/ALDOA/JAZF1/GFI1/PLAGL1,up,FALSE
NR1I2,NR1I2,TF_Targets,Treg,SF_vs_PB_Treg,1.24722816,0.287704856,0.08147365,0.160774669,156,40,TNFRSF12A/IL2RA/IL10/HLA-DRB1/MCAM/TNF/RXRA/VAMP4/DPF3/BCL2L1/TMEM50A/CYP4F22/CORO1C/HIVEP3/NDUFAF3/NCOR2/PPARG/PLEKHG2/PRMT1/MTHFD1L/UBE2A/FAM167A/KLF6/TPM4/EIF2S1/SCD/GUSB/PTPRN2/PIAS3/RAB3A/KCNK5/UBC/ABCA1/SCP2/FOSL1/PSAP/SAR1A/ALG1/CFL1/PHLPP2,up,FALSE
PHF20,PHF20,TF_Targets,Treg,SF_vs_PB_Treg,1.45433504,0.666508062,0.0817559325,0.160795721,7,4,PGK1/KRAS/TGFB1I1/CIITA,up,FALSE
RFX1,RFX1,TF_Targets,Treg,SF_vs_PB_Treg,1.41657935,0.506726878,0.0821964529,0.161126822,17,7,CD70/HLA-DRA/ID2/HLA-DPB1/MAP1A/HLA-DMB/SLC1A1,up,FALSE
ZFHX3,ZFHX3,TF_Targets,Treg,SF_vs_PB_Treg,1.4423804,0.691035289,0.0856567809,0.167355823,6,1,CDKN1A,up,FALSE
ZNF300,ZNF300,TF_Targets,Treg,SF_vs_PB_Treg,1.43937725,0.689596496,0.0874326644,0.17026361,6,2,CDKN1A/IL2RB,up,FALSE
TBX3,TBX3,TF_Targets,Treg,SF_vs_PB_Treg,1.42907328,0.591327919,0.0894277401,0.173577777,10,2,CDKN1A/CSF1,up,FALSE
HIPK2,HIPK2,TF_Targets,Treg,SF_vs_PB_Treg,1.43006284,0.685134022,0.0925235305,0.178999771,6,3,CDKN1A/VIM/HIF1A,up,FALSE
ZNF76,ZNF76,TF_Targets,Treg,SF_vs_PB_Treg,1.42875714,0.684508473,0.09329308,0.179900662,6,2,CDKN1A/PCYT1A,up,FALSE
EBF1,EBF1,TF_Targets,Treg,SF_vs_PB_Treg,1.39237375,0.498068252,0.0942094892,0.181077979,17,7,TNF/CD79B/CEACAM1/PPARG/PRDM1/FOXO1/GFI1,up,FALSE
ZNF148,ZNF148,TF_Targets,Treg,SF_vs_PB_Treg,1.37579151,0.466626414,0.0968789295,0.185606234,21,5,CDKN1A/CISH/VIM/OAS1/ITGAM,up,FALSE
SOX17,SOX17,TF_Targets,Treg,SF_vs_PB_Treg,1.36723847,0.453717623,0.0973647867,0.185935335,23,6,CDKN1A/CTNNB1/NBN/CXCR4/NFKBIB/FN1,up,FALSE
PITX2,PITX2,TF_Targets,Treg,SF_vs_PB_Treg,1.29254017,0.346728443,0.098746496,0.187967607,62,10,CDKN1A/IL10/STAT4/TNFRSF8/CD9/CCND2/NR1H2/RHOA/TBX21/CD82,up,FALSE
FOXI1,FOXI1,TF_Targets,Treg,SF_vs_PB_Treg,-1.4019903,-0.668580191,0.100054741,0.189847458,6,2,TSC1/APP,down,FALSE
POU1F1,POU1F1,TF_Targets,Treg,SF_vs_PB_Treg,1.35004155,0.438653711,0.101811379,0.192338648,25,14,VDR/FOS/KRAS/HSPA9/PRDX6/XPR1/CGA/OGN/NCOR1/SAP30/PREB/PRKACA/CASP3/GHRL,up,FALSE
SALL4,SALL4,TF_Targets,Treg,SF_vs_PB_Treg,1.40489584,0.581323676,0.102017459,0.192338648,10,2,TNF/LTA,up,FALSE
ESRRB,ESRRB,TF_Targets,Treg,SF_vs_PB_Treg,1.4101353,0.621952102,0.102767495,0.193137642,8,1,CDKN1A,up,FALSE
ARID3B,ARID3B,TF_Targets,Treg,SF_vs_PB_Treg,1.4058789,0.711248814,0.104110512,0.195042478,5,2,RNH1/MAPK8,up,FALSE
NFIL3,NFIL3,TF_Targets,Treg,SF_vs_PB_Treg,1.35512751,0.454640487,0.104925574,0.195949337,22,9,IL2RB/IL10/PTHLH/BCL2L1/SREBF1/HPGD/CD40LG/GADD45B/IFNG,up,FALSE
HNF1B,HNF1B,TF_Targets,Treg,SF_vs_PB_Treg,1.37932494,0.51966625,0.106738781,0.198708675,14,8,PLAU/EGR2/MIB1/SOCS3/LHX1/FXYD2/TRIP12/CDH1,up,FALSE
NOTO,NOTO,TF_Targets,Treg,SF_vs_PB_Treg,1.39916017,0.617111427,0.108623695,0.201213704,8,3,CD74/ENO2/ALG3,up,FALSE
GATA4,GATA4,TF_Targets,Treg,SF_vs_PB_Treg,1.28230974,0.348403141,0.108764164,0.201213704,58,27,CD2/CISH/ID2/CCND2/SERPINH1/BCL2L1/HDAC9/NOS3/CD44/ATP2A2/ME3/ACOT11/VEGFA/HHEX/HSPA5/MAFK/EDF1/FCGR2B/SGPL1/ACTA2/FGFR1/SUMO1/SLC8A1/CDK4/PPA1/ACOT13/CCND1,up,FALSE
SP7,SP7,TF_Targets,Treg,SF_vs_PB_Treg,1.36284937,0.495465035,0.110824008,0.204385709,16,7,VDR/TNF/PTHLH/COL5A1/IL1A/ME3/VEGFA,up,FALSE
CREB5,CREB5,TF_Targets,Treg,SF_vs_PB_Treg,1.39056106,0.592789759,0.112365686,0.20658536,9,5,MAPKAPK3/LY96/MX1/RDX/ATP6V0E1,up,FALSE
EHF,EHF,TF_Targets,Treg,SF_vs_PB_Treg,1.38680079,0.63555775,0.119023258,0.217511381,7,1,HLA-DRB1,up,FALSE
SOX11,SOX11,TF_Targets,Treg,SF_vs_PB_Treg,1.38610086,0.664072116,0.119043391,0.217511381,6,3,TANK/DBN1/PLAGL1,up,FALSE
ZIC1,ZIC1,TF_Targets,Treg,SF_vs_PB_Treg,1.3720975,0.567752241,0.119476237,0.21763056,10,2,CDKN1A/CTNNB1,up,FALSE
NFKBIZ,NFKBIZ,TF_Targets,Treg,SF_vs_PB_Treg,1.38315941,0.662662887,0.121115255,0.219939358,6,4,TNF/NCAM1/CCL2/IFNG,up,FALSE
SOX5,SOX5,TF_Targets,Treg,SF_vs_PB_Treg,1.36522674,0.602144802,0.128914742,0.233284343,8,5,PTHLH/TWIST1/NFKBIB/FN1/CATSPER1,up,FALSE
ZBTB7B,ZBTB7B,TF_Targets,Treg,SF_vs_PB_Treg,1.36007946,0.579795595,0.1294097,0.233284343,9,5,CD4/FN1/ZBTB7B/IFNG/CDCP1,up,FALSE
HEY2,HEY2,TF_Targets,Treg,SF_vs_PB_Treg,-1.36052206,-0.616661911,0.129646198,0.233284343,7,3,CDKN1B/DYM/RUNX2,down,FALSE
GTF2I,GTF2I,TF_Targets,Treg,SF_vs_PB_Treg,1.32441521,0.466571665,0.131787191,0.235908504,18,4,CISH/CCND2/CD44/FOS,up,FALSE
DLX2,DLX2,TF_Targets,Treg,SF_vs_PB_Treg,1.34556339,0.529095868,0.131901545,0.235908504,12,3,CDKN1A/NTRK2/ARX,up,FALSE
TET1,TET1,TF_Targets,Treg,SF_vs_PB_Treg,1.34955496,0.558424493,0.132803104,0.236503833,10,5,APOBEC3C/FOXP3/ZNF382/KEAP1/TET3,up,FALSE
ARID1A,ARID1A,TF_Targets,Treg,SF_vs_PB_Treg,1.36446554,0.653706776,0.133033406,0.236503833,6,2,CDKN1A/IL10,up,FALSE
MECOM,MECOM,TF_Targets,Treg,SF_vs_PB_Treg,1.34794729,0.557759267,0.133773036,0.236711825,10,4,PPARG/FOS/CALR/SERPINE1,up,FALSE
TCF7L2,TCF7L2,TF_Targets,Treg,SF_vs_PB_Treg,1.24354532,0.331490944,0.134213808,0.236711825,64,23,SGK1/STAT3/VIM/CYCS/CTNNB1/CAPN2/PTTG1/CD44/DAPK2/EGR1/PLAUR/SQSTM1/NTSR1/PMEPA1/CLDN7/HPGD/CASP7/ZBP1/AKT1/UBE2B/VEGFA/MAP3K6/CCL2,up,FALSE
THAP11,THAP11,TF_Targets,Treg,SF_vs_PB_Treg,1.36198584,0.652518765,0.134690898,0.236711825,6,1,CDKN1A,up,FALSE
THRB,THRB,TF_Targets,Treg,SF_vs_PB_Treg,1.29171145,0.409216974,0.134749806,0.236711825,28,10,PFKP/LDLR/CTNNB1/HIF1A/SREBF1/SQSTM1/PIAS3/DHCR24/SLC2A1/FN1,up,FALSE
NCOR2,NCOR2,TF_Targets,Treg,SF_vs_PB_Treg,1.26382882,0.368347601,0.138648683,0.242840297,41,13,CDKN1A/TNF/PCK2/EBP/NCOR2/PPARG/MMP9/ABCA1/ALG3/AKT1/PROS1/RHBDF2/VEGFA,up,FALSE
TFDP2,TFDP2,TF_Targets,Treg,SF_vs_PB_Treg,-1.3348467,-0.67374982,0.141040649,0.246301075,5,2,TFDP2/MYC,down,FALSE
TFCP2,TFCP2,TF_Targets,Treg,SF_vs_PB_Treg,-1.24101616,-0.34060427,0.14197739,0.24720769,44,10,CYP2F1/SPN/HBB/SNRPN/GSK3B/PPP1CC/PIAS1/ATM/PTPN6/APP,down,FALSE
NFYB,NFYB,TF_Targets,Treg,SF_vs_PB_Treg,1.2777936,0.398490827,0.143128189,0.24848061,30,9,CD74/IL10/HSPA1A/CCND2/IER5/FOS/HSPA1B/CIITA/FAS,up,FALSE
PBX1,PBX1,TF_Targets,Treg,SF_vs_PB_Treg,1.2877437,0.42733731,0.144115561,0.24934047,23,8,CDKN1A/IL10/VIM/CD44/ANXA5/NDRG1/FPGS/VCP,up,FALSE
NR4A3,NR4A3,TF_Targets,Treg,SF_vs_PB_Treg,1.2853657,0.417639318,0.144465847,0.24934047,25,8,CSF2/ICAM1/CCL3/PPARG/GUSB/NR4A3/CCL2/EMD,up,FALSE
KDM5A,KDM5A,TF_Targets,Treg,SF_vs_PB_Treg,1.32827663,0.549619859,0.146808923,0.252647915,10,4,CDKN1A/ME3/HMOX1/SAP18,up,FALSE
IRF8,IRF8,TF_Targets,Treg,SF_vs_PB_Treg,1.24000828,0.346610729,0.149622229,0.256536626,50,20,IL10/TNF/CTLA4/BCL2L1/CCL5/CD68/NCOA3/HLA-B/C1QB/IRF5/CIITA/FAS/IFNL1/ME3/ACOT11/CFLAR/IFNG/PTPN13/DAB2/TRIM21,up,FALSE
HIC1,HIC1,TF_Targets,Treg,SF_vs_PB_Treg,1.30513873,0.482345834,0.149935258,0.256536626,15,6,CDKN1A/STAT3/LRP8/VLDLR/ADRB2/VEGFA,up,FALSE
PIN1,PIN1,TF_Targets,Treg,SF_vs_PB_Treg,-1.32050466,-0.666510828,0.152242361,0.259733365,5,3,SMAD2/PPARD/MYC,down,FALSE
PREB,PREB,TF_Targets,Treg,SF_vs_PB_Treg,1.32250752,0.563778847,0.153864155,0.261745919,9,6,IL7/GK/ABCA1/CCL2/PREB/PRKACA,up,FALSE
NOTCH1,NOTCH1,TF_Targets,Treg,SF_vs_PB_Treg,1.24376638,0.366584466,0.1561919,0.264944426,39,7,CDKN1A/IL2RA/CSF1/ADAM19/NOTCH1/PPARG/CD44,up,FALSE
E2F3,E2F3,TF_Targets,Treg,SF_vs_PB_Treg,1.21588948,0.329143473,0.161769899,0.273622229,59,11,CDKN1A/TNF/SLC1A5/TP73/DDB2/TFE3/MAPK8/SERPINE1/FOXO1/MT1G/CDCA4,up,FALSE
NKX2-1,NKX2-1,TF_Targets,Treg,SF_vs_PB_Treg,1.24412264,0.377422449,0.162368445,0.273852192,34,10,TNF/EBP/PTTG1/HLA-A/PSAP/SFTPD/FLT1/HHEX/IRF2BPL/ABCA3,up,FALSE
IRF6,IRF6,TF_Targets,Treg,SF_vs_PB_Treg,1.31640198,0.603294639,0.166109165,0.278723543,7,2,VIM/CCL5,up,FALSE
TFAP4,TFAP4,TF_Targets,Treg,SF_vs_PB_Treg,1.25266042,0.399883389,0.166198329,0.278723543,27,12,CDKN1A/LTA/VIM/CD4/CD44/MAPK8/FN1/CLDN7/PIN1/PPP2R2B/IFNG/IER3,up,FALSE
NRG1,NRG1,TF_Targets,Treg,SF_vs_PB_Treg,1.25432002,0.407551996,0.167672989,0.280402286,25,11,LGALS1/NOTCH1/EGR3/CD44/PA2G4/MMP9/CHRNE/EMD/PAK1/RBBP8/ERBB3,up,FALSE
NR4A2,NR4A2,TF_Targets,Treg,SF_vs_PB_Treg,1.24228123,0.384481361,0.168946334,0.281735859,31,15,SRGN/FOXP3/CCL3/CD44/MMP9/CCL2/NRP1/IFNG/FABP5/MAPK7/BTAF1/PRKACA/SPP1/THOP1/EEF1A2,up,FALSE
MEIS2,MEIS2,TF_Targets,Treg,SF_vs_PB_Treg,-1.29946776,-0.655892676,0.16986235,0.282467728,5,3,CDKN2A/TGFBR2/IL17RB,down,FALSE
ZNF436,ZNF436,TF_Targets,Treg,SF_vs_PB_Treg,1.31420022,0.664867614,0.170564452,0.282840772,5,2,PSEN1/ME3,up,FALSE
KLF1,KLF1,TF_Targets,Treg,SF_vs_PB_Treg,1.27956573,0.492019937,0.174575492,0.288683494,13,4,CDKN1A/KAT2B/PRMT1/DNASE2,up,FALSE
ARID4A,ARID4A,TF_Targets,Treg,SF_vs_PB_Treg,-1.29267957,-0.616452164,0.179307828,0.295683104,6,3,DLST/RB1/RUNX2,down,FALSE
SALL2,SALL2,TF_Targets,Treg,SF_vs_PB_Treg,1.29945687,0.657408798,0.183387506,0.301570565,5,1,CDKN1A,up,FALSE
HOXA1,HOXA1,TF_Targets,Treg,SF_vs_PB_Treg,1.25983414,0.465602418,0.185429203,0.304083346,15,11,RHOB/EPAS1/ACTB/L1CAM/MT1A/IER3/ALDH1A2/GRB2/CCND1/PCNA/ABI3,up,FALSE
HIVEP2,HIVEP2,TF_Targets,Treg,SF_vs_PB_Treg,1.27445562,0.56210943,0.193332942,0.316168788,8,5,PPARG/HLA-A/HLA-B/HLA-F/HLA-C,up,FALSE
PAX7,PAX7,TF_Targets,Treg,SF_vs_PB_Treg,1.26192141,0.522163118,0.19728419,0.321741709,10,2,ID2/NOTCH1,up,FALSE
PROP1,PROP1,TF_Targets,Treg,SF_vs_PB_Treg,1.28030985,0.647722121,0.199797844,0.324300362,5,4,NOTCH2/CGA/CASP3/TLE3,up,FALSE
RB1,RB1,TF_Targets,Treg,SF_vs_PB_Treg,1.2055541,0.370381745,0.199948703,0.324300362,32,8,CDKN1A/PPARG/FOS/DDIT3/SFTPD/TGFBI/VEGFA/EBNA1BP2,up,FALSE
NANOG,NANOG,TF_Targets,Treg,SF_vs_PB_Treg,1.20459206,0.370086179,0.200809761,0.324499363,32,16,CDK6/CCND2/ATF3/CXCR4/LXN/YES1/CGA/TOR1AIP2/TOB1/JDP2/AHR/BMI1/BCL6/CDK1/CCND1/E2F1,up,FALSE
TCF4,TCF4,TF_Targets,Treg,SF_vs_PB_Treg,1.2052084,0.37300746,0.20116768,0.324499363,31,4,CDKN1A/IL2RA/ID2/VIM,up,FALSE
DAXX,DAXX,TF_Targets,Treg,SF_vs_PB_Treg,-1.26029161,-0.636118927,0.204759214,0.329395257,5,2,AR/AIRE,down,FALSE
GABPA,GABPA,TF_Targets,Treg,SF_vs_PB_Treg,1.19353357,0.357498292,0.205881279,0.330302757,36,12,IL2RB/IL10/CYP7B1/PRDX5/PSMB5/ITGB2/CHRNE/PSEN1/GFI1/VEGFA/SERINC3/PYCARD,up,FALSE
SOX4,SOX4,TF_Targets,Treg,SF_vs_PB_Treg,1.24030239,0.487705651,0.208302061,0.332013917,12,1,CDKN1A,up,FALSE
LMO2,LMO2,TF_Targets,Treg,SF_vs_PB_Treg,-1.21243621,-0.409211341,0.208329777,0.332013917,19,5,HBB/NFATC1/BEX2/FLI1/LEF1,down,FALSE
POU5F1,POU5F1,TF_Targets,Treg,SF_vs_PB_Treg,1.18466619,0.341614105,0.208630367,0.332013917,43,13,CDKN1A/ID2/GADD45A/SLC2A3/EED/MMP9/CXCR4/STK40/SRA1/ACTG2/AKT1/CGA/TOR1AIP2,up,FALSE
HOXC6,HOXC6,TF_Targets,Treg,SF_vs_PB_Treg,1.25890588,0.63689363,0.217278421,0.344849397,5,3,CD44/NCAM1/S100B,up,FALSE
KLF3,KLF3,TF_Targets,Treg,SF_vs_PB_Treg,-1.24472075,-0.564174514,0.217893453,0.344900866,7,3,WEE1/ITGB7/KLF3,down,FALSE
TWIST1,TWIST1,TF_Targets,Treg,SF_vs_PB_Treg,1.17338326,0.34019734,0.22028219,0.347752151,42,9,CDKN1A/TIMP1/TNF/CLU/ILK/ICAM1/CD44/FOS/F2R,up,FALSE
DMAP1,DMAP1,TF_Targets,Treg,SF_vs_PB_Treg,1.25331351,0.63406439,0.22257016,0.349927416,5,1,CDKN1A,up,FALSE
TBX2,TBX2,TF_Targets,Treg,SF_vs_PB_Treg,1.21625466,0.458228865,0.22284229,0.349927416,14,5,CDKN1A/GAPDH/FN1/NDRG1/SRF,up,FALSE
FOXP1,FOXP1,TF_Targets,Treg,SF_vs_PB_Treg,-1.21968017,-0.480830487,0.225698185,0.353474406,11,6,ESR1/IL7R/AR/HIP1R/MYC/FOXP1,down,FALSE
KDM5B,KDM5B,TF_Targets,Treg,SF_vs_PB_Treg,1.20101696,0.429617706,0.229896165,0.35898791,17,2,CDKN1A/KDM5B,up,FALSE
NR1D1,NR1D1,TF_Targets,Treg,SF_vs_PB_Treg,1.22365594,0.521638876,0.230991244,0.35898791,9,3,CDKN1A/PPARG/SERPINE1,up,FALSE
TFAM,TFAM,TF_Targets,Treg,SF_vs_PB_Treg,1.22169907,0.50551975,0.231037827,0.35898791,10,4,BCL2L1/ATP2A2/ACADM/HSPA4,up,FALSE
HESX1,HESX1,TF_Targets,Treg,SF_vs_PB_Treg,1.21010888,0.465312318,0.231994327,0.359530476,13,7,KRAS/CALM1/CGA/NCOR1/SAP30/NLRP3/RLF,up,FALSE
OVOL1,OVOL1,TF_Targets,Treg,SF_vs_PB_Treg,1.23053763,0.563943817,0.232615796,0.359552354,7,3,ID2/GADD45A/SGK1,up,FALSE
RREB1,RREB1,TF_Targets,Treg,SF_vs_PB_Treg,1.22895304,0.621740173,0.245283019,0.378144654,5,2,SLC39A1/CD320,up,FALSE
HLX,HLX,TF_Targets,Treg,SF_vs_PB_Treg,1.20025685,0.483379866,0.246008428,0.378277894,11,6,IL2RA/CSF1/EGR1/ELK1/PAK1/IFNG,up,FALSE
MEF2C,MEF2C,TF_Targets,Treg,SF_vs_PB_Treg,1.1572746,0.36662709,0.254114427,0.389729899,28,10,TNF/NR4A1/PTP4A3/CTNNB1/FOS/CALR/SRF/VEGFA/SUB1/MAPK7,up,FALSE
TFE3,TFE3,TF_Targets,Treg,SF_vs_PB_Treg,1.15641748,0.372191194,0.25763595,0.393361027,26,10,ACP5/UPP1/TFE3/SERPINE1/GPNMB/VEGFA/CD40LG/ERF/SMAD7/SGPL1,up,FALSE
FOXA2,FOXA2,TF_Targets,Treg,SF_vs_PB_Treg,1.14017134,0.330568255,0.257810943,0.393361027,42,10,CDKN1A/NR5A2/CD320/CXCR4/FOXO1/ABCA1/HPGD/HHEX/ABCA3/IFNG,up,FALSE
MZF1,MZF1,TF_Targets,Treg,SF_vs_PB_Treg,1.18046268,0.464175772,0.2622058,0.398044989,12,4,ERCC1/CD320/ST6GALNAC4/MUC1,up,FALSE
MBD2,MBD2,TF_Targets,Treg,SF_vs_PB_Treg,1.12097008,0.298012238,0.262256536,0.398044989,65,5,CDKN1A/CD74/FOXP3/CD70/CD4,up,FALSE
TCF21,TCF21,TF_Targets,Treg,SF_vs_PB_Treg,1.1960168,0.548123244,0.262897958,0.398044989,7,1,CDKN1A,up,FALSE
HOXD3,HOXD3,TF_Targets,Treg,SF_vs_PB_Treg,1.19271359,0.546609414,0.266026524,0.401754342,7,5,ITGA3/PLAU/ITGAV/ITGB1/TTF1,up,FALSE
BACH1,BACH1,TF_Targets,Treg,SF_vs_PB_Treg,1.16926241,0.459771655,0.272674788,0.410182119,12,6,CCND2/NQO1/GAPDH/TXNRD1/HK2/HMOX1,up,FALSE
FOXD3,FOXD3,TF_Targets,Treg,SF_vs_PB_Treg,1.18165468,0.521178789,0.273459075,0.410182119,8,2,IL10/NDRG1,up,FALSE
BCLAF1,BCLAF1,TF_Targets,Treg,SF_vs_PB_Treg,-1.1884501,-0.566747282,0.273685704,0.410182119,6,4,BCLAF1/SIRT1/MADCAM1/TP53,down,FALSE
PLAGL2,PLAGL2,TF_Targets,Treg,SF_vs_PB_Treg,1.19533206,0.604730971,0.276438877,0.41326216,5,1,TNF,up,FALSE
MSX2,MSX2,TF_Targets,Treg,SF_vs_PB_Treg,1.161376,0.446573498,0.277377439,0.413620765,13,4,NOTCH1/EFNA5/SOD1/GPNMB,up,FALSE
NAB2,NAB2,TF_Targets,Treg,SF_vs_PB_Treg,1.18853594,0.569420019,0.278478265,0.4142144,6,4,EGR3/EGR1/EGR2/GFI1,up,FALSE
HOXA5,HOXA5,TF_Targets,Treg,SF_vs_PB_Treg,-1.18733911,-0.59929692,0.279174908,0.4142144,5,3,DST/ARHGEF1/TP53,down,FALSE
ZNF382,ZNF382,TF_Targets,Treg,SF_vs_PB_Treg,1.17421395,0.538131205,0.283873126,0.420132226,7,2,CDK6/STAT3,up,FALSE
PAX3,PAX3,TF_Targets,Treg,SF_vs_PB_Treg,1.11062992,0.30910822,0.288377741,0.42573472,51,15,HLA-DQB1/CISH/MIF/BCL2L1/ITGAX/PTPN1/CXCR4/DPYSL2/LMO4/FN1/PTGS1/AKT1/PROS1/CALM1/NRP1,up,FALSE
PATZ1,PATZ1,TF_Targets,Treg,SF_vs_PB_Treg,-1.15713607,-0.485001551,0.291361369,0.428166952,9,2,TP53/MYC,down,FALSE
ZEB2,ZEB2,TF_Targets,Treg,SF_vs_PB_Treg,1.15291231,0.464312786,0.291471759,0.428166952,11,3,VDR/VIM/FN1,up,FALSE
ENO1,ENO1,TF_Targets,Treg,SF_vs_PB_Treg,1.15264871,0.476947802,0.294219205,0.431133092,10,3,PGK1/BCL2L1/ENO2,up,FALSE
SPIC,SPIC,TF_Targets,Treg,SF_vs_PB_Treg,1.17447753,0.594180446,0.296832884,0.433889055,5,3,PRF1/PREB/SPI1,up,FALSE
GATA2,GATA2,TF_Targets,Treg,SF_vs_PB_Treg,1.09372982,0.301148345,0.308984868,0.448433114,54,20,CDKN1A/VWA5A/CSF2/PPARG/NOS3/CCRL2/DPYSL2/CTSH/EDNRB/GFI1/HHEX/CGA/FCER1A/MAFK/IL13/NRP2/IL1RL1/FDPS/CASP3/PPP1R15A,up,FALSE
MED1,MED1,TF_Targets,Treg,SF_vs_PB_Treg,1.13786299,0.470829707,0.309059166,0.448433114,10,2,VDR/ANKRD37,up,FALSE
E2F2,E2F2,TF_Targets,Treg,SF_vs_PB_Treg,1.09787798,0.313478332,0.309650606,0.448433114,45,5,CDKN1A/SERPINE1/FOXO1/MT1G/CDCA4,up,FALSE
ELK4,ELK4,TF_Targets,Treg,SF_vs_PB_Treg,1.15602184,0.553842721,0.309812743,0.448433114,6,2,FOS/EGR1,up,FALSE
MXD1,MXD1,TF_Targets,Treg,SF_vs_PB_Treg,1.11726105,0.388093652,0.311984793,0.450475604,19,5,PDLIM7/ID2/CCND2/MX1/CXCR4,up,FALSE
TFAP2C,TFAP2C,TF_Targets,Treg,SF_vs_PB_Treg,1.11504772,0.405376537,0.318697395,0.459048316,16,6,CDKN1A/ECM1/GPX1/CGA/MYB/ERBB3,up,FALSE
MAFG,MAFG,TF_Targets,Treg,SF_vs_PB_Treg,1.1324757,0.499487985,0.319505651,0.459095498,8,7,MAF/NQO1/CRYZ/HMOX1/MLH1/NFE2L1/MAFG,up,FALSE
FOXL2,FOXL2,TF_Targets,Treg,SF_vs_PB_Treg,1.12349183,0.452464265,0.320988132,0.460108896,11,5,CCND2/CLU/PTTG1/UBE2I/CGA,up,FALSE
SMARCA1,SMARCA1,TF_Targets,Treg,SF_vs_PB_Treg,1.09151031,0.329065386,0.322855104,0.461667202,35,9,IL10/LGALS1/GADD45A/PPARG/CD44/DYNC1H1/SMARCB1/HMOX1/NME1,up,FALSE
NFYC,NFYC,TF_Targets,Treg,SF_vs_PB_Treg,1.10596416,0.389614629,0.326011823,0.465057829,18,6,IL10/HSPA1A/CCND2/FOS/HSPA1B/FAS,up,FALSE
SMARCC1,SMARCC1,TF_Targets,Treg,SF_vs_PB_Treg,1.1372668,0.5448573,0.327729434,0.466384195,6,3,KRAS/RAB18/SMARCB1,up,FALSE
E2F6,E2F6,TF_Targets,Treg,SF_vs_PB_Treg,1.08375321,0.322771924,0.332968157,0.472702994,37,20,PRKAR1A/EFNA5/NEK11/PTGS1/CAMTA2/RBBP8/APAF1/IL13/ZNF43/SMC1A/RYR2/RECQL/CHEK2/E2F1/MCM3/SMC1B/ZNF350/RAD51AP1/WDR36/DTL,up,FALSE
CTBP1,CTBP1,TF_Targets,Treg,SF_vs_PB_Treg,1.11323604,0.491002169,0.339228705,0.48043874,8,2,VDR/CLDN7,up,FALSE
DEAF1,DEAF1,TF_Targets,Treg,SF_vs_PB_Treg,1.11917812,0.53619113,0.345961838,0.488763052,6,2,EIF4G3/RAC3,up,FALSE
PLAG1,PLAG1,TF_Targets,Treg,SF_vs_PB_Treg,1.12592624,0.56961784,0.346757571,0.488763052,5,3,CTNNB1/CD44/EGR1,up,FALSE
LITAF,LITAF,TF_Targets,Treg,SF_vs_PB_Treg,1.08568601,0.382470939,0.34988385,0.491500097,18,10,FURIN/TNF/GADD45A/MRPL41/VEGFA/CCL2/HSPA5/MYD88/MDM2/MAFG,up,FALSE
NR5A1,NR5A1,TF_Targets,Treg,SF_vs_PB_Treg,1.06540502,0.297805116,0.350359867,0.491500097,50,9,TNF/CTLA4/NR5A2/CCND2/CAMK1/CD44/SREBF1/PTPRJ/SCP2,up,FALSE
XBP1,XBP1,TF_Targets,Treg,SF_vs_PB_Treg,1.06780449,0.314721916,0.352338595,0.492674268,39,12,IL10/PDLIM7/HSPA1A/PRNP/MANF/DDIT3/HSP90B1/FASN/VEGFA/RANBP1/CCL2/HSPA5,up,FALSE
KLF15,KLF15,TF_Targets,Treg,SF_vs_PB_Treg,1.09442902,0.452857416,0.3528613,0.492674268,10,3,MT2A/PCK2/PPARG,up,FALSE
NR6A1,NR6A1,TF_Targets,Treg,SF_vs_PB_Treg,-1.11371197,-0.562134393,0.358192387,0.498940925,5,4,MBD3/POU5F1/UIMC1/PPARD,down,FALSE
ZBED1,ZBED1,TF_Targets,Treg,SF_vs_PB_Treg,-1.07446594,-0.373842061,0.360309999,0.500712486,17,4,CAT/RPS10/RPS12/RPS6,down,FALSE
GFI1B,GFI1B,TF_Targets,Treg,SF_vs_PB_Treg,1.09012454,0.464715059,0.362546071,0.502639987,9,2,CDKN1A/BCL2L1,up,FALSE
HOXB13,HOXB13,TF_Targets,Treg,SF_vs_PB_Treg,-1.09036925,-0.494214098,0.368503457,0.509015741,7,4,ESR1/MECP2/AR/MYC,down,FALSE
CTBP2,CTBP2,TF_Targets,Treg,SF_vs_PB_Treg,1.08422214,0.462198892,0.368864447,0.509015741,9,1,KAT2B,up,FALSE
FOXN1,FOXN1,TF_Targets,Treg,SF_vs_PB_Treg,1.05806082,0.332270093,0.371937065,0.51206219100000006,29,6,PTHLH/NOTCH1/MMP9/B3GNT9/LXN/NELFE,up,FALSE
TEAD1,TEAD1,TF_Targets,Treg,SF_vs_PB_Treg,1.07048609,0.411624415,0.373049944,0.512402708,13,5,CCL5/IFITM3/NDUFA6/SRF/VEGFA,up,FALSE
NR1I3,NR1I3,TF_Targets,Treg,SF_vs_PB_Treg,1.05600728,0.346660101,0.379754373,0.520404141,24,2,CDKN1A/HLA-DRB1,up,FALSE
PITX1,PITX1,TF_Targets,Treg,SF_vs_PB_Treg,-1.05731812,-0.380898409,0.383649918,0.520960485,15,3,RUNX2/TP53/TRIB2,down,FALSE
SATB2,SATB2,TF_Targets,Treg,SF_vs_PB_Treg,-1.0573018,-0.380892529,0.383649918,0.520960485,15,5,BCL11B/AXIN2/NR4A2/LEF1/MYC,down,FALSE
HINFP,HINFP,TF_Targets,Treg,SF_vs_PB_Treg,1.06995399,0.456116445,0.38386084,0.520960485,9,5,EIF4G1/CD44/MBD2/CDK2/FGFR1,up,FALSE
NFIX,NFIX,TF_Targets,Treg,SF_vs_PB_Treg,1.07013327,0.47199133,0.385275281,0.520960485,8,1,CDKN1A,up,FALSE
TFDP3,TFDP3,TF_Targets,Treg,SF_vs_PB_Treg,1.08667791,0.5497617,0.385781671,0.520960485,5,4,MAP1LC3B/E2F4/E2F3/E2F1,up,FALSE
MLXIPL,MLXIPL,TF_Targets,Treg,SF_vs_PB_Treg,1.06298462,0.428096172,0.385935748,0.520960485,11,5,PPARG/KLF10/ELOVL6/FAS/FASN,up,FALSE
TCF7,TCF7,TF_Targets,Treg,SF_vs_PB_Treg,1.05701488,0.390645616,0.38632036,0.520960485,15,3,BCL2L1/CD4/PPARG,up,FALSE
ERG,ERG,TF_Targets,Treg,SF_vs_PB_Treg,1.04883186,0.337564924,0.387830522,0.521808338,26,10,VIM/ILK/PIM1/ICAM1/NOS3/CXCR4/HPGD/GFI1/HMOX1/SOX4,up,FALSE
NKRF,NKRF,TF_Targets,Treg,SF_vs_PB_Treg,1.08284827,0.547824248,0.389626605,0.523036169,5,1,HSPA9,up,FALSE
GRHL3,GRHL3,TF_Targets,Treg,SF_vs_PB_Treg,-1.05006967,-0.378287159,0.392536748,0.525750576,15,4,RB1/AXIN2/TIAM1/ATM,down,FALSE
ZBTB16,ZBTB16,TF_Targets,Treg,SF_vs_PB_Treg,1.03969561,0.31942513,0.39441961,0.526266546,32,4,CDKN1A/RSAD2/ID2/BID,up,FALSE
ZBTB4,ZBTB4,TF_Targets,Treg,SF_vs_PB_Treg,-1.05522411,-0.427921829,0.394699909,0.526266546,10,5,RPL41/RPS15A/RPS12/RPS6/RPL7,down,FALSE
PAX2,PAX2,TF_Targets,Treg,SF_vs_PB_Treg,-1.05474648,-0.442086023,0.399277549,0.531173728,9,5,PAX8/ERBB2/ROBO3/NAIP/TP53,down,FALSE
GRHL2,GRHL2,TF_Targets,Treg,SF_vs_PB_Treg,-1.07308917,-0.541630463,0.402615751,0.534413732,5,2,CDC42SE1/RAB25,down,FALSE
NKX6-1,NKX6-1,TF_Targets,Treg,SF_vs_PB_Treg,1.05981554,0.536171748,0.413548438,0.54769726,5,1,ARX,up,FALSE
NR5A2,NR5A2,TF_Targets,Treg,SF_vs_PB_Treg,1.02750132,0.328006461,0.417141167,0.551222256,27,10,IL1RN/NR5A2/NCOR2/PRMT1/AKR1A1/FASN/ALAS1/UQCRQ/ILF3/PRKACA,up,FALSE
ZNF699,ZNF699,TF_Targets,Treg,SF_vs_PB_Treg,1.02388905,0.316889804,0.419446637,0.55216471,31,8,FASLG/PAM/NOTCH1/CCND2/MRPL41/ETS2/PSEN1/AKT1,up,FALSE
BRD4,BRD4,TF_Targets,Treg,SF_vs_PB_Treg,1.03432882,0.427988906,0.42013579,0.55216471,10,2,TNF/ANKRD37,up,FALSE
PDX1,PDX1,TF_Targets,Treg,SF_vs_PB_Treg,1.01969259,0.292560768,0.420652507,0.55216471,44,11,NR5A2/NOTCH1/CLU/CHGB/CTNNB1/GK/SREBF1/HBEGF/UCP2/SETD7/VEGFA,up,FALSE
FEV,FEV,TF_Targets,Treg,SF_vs_PB_Treg,1.0483795,0.530386133,0.425420168,0.557187477,5,3,ICAM1/GCHFR/QDPR,up,FALSE
IRX1,IRX1,TF_Targets,Treg,SF_vs_PB_Treg,-1.03309231,-0.492660364,0.436165683,0.570000187,6,2,COL9A3/CELF2,down,FALSE
HAND2,HAND2,TF_Targets,Treg,SF_vs_PB_Treg,1.02352635,0.469072494,0.440754004,0.574727688,7,4,UCP3/TNFRSF1B/FN1/NRP1,up,FALSE
POU3F2,POU3F2,TF_Targets,Treg,SF_vs_PB_Treg,-1.01026461,-0.388198912,0.444597098,0.578464796,12,8,TPH2/PDE5A/HLA-E/GNRH1/BRAF/OXT/RB1/NAIP,down,FALSE
NFIB,NFIB,TF_Targets,Treg,SF_vs_PB_Treg,1.0127903,0.431747827,0.44790265,0.581487651,9,1,CDKN1A,up,FALSE
SMAD7,SMAD7,TF_Targets,Treg,SF_vs_PB_Treg,0.998905202,0.292633965,0.455794537,0.58998008,40,11,CDKN1A/CTNNB1/MMP9/SERPINE1/PMEPA1/FN1/NFKBIA/ACTG2/TGFBR1/VEGFA/HMOX1,up,FALSE
TRIM28,TRIM28,TF_Targets,Treg,SF_vs_PB_Treg,1.01867766,0.515359663,0.456437292,0.58998008,5,4,ALDOA/IFNG/E2F4/E2F3,up,FALSE
NKX2-2,NKX2-2,TF_Targets,Treg,SF_vs_PB_Treg,1.00228498,0.414729668,0.458176528,0.590937918,10,5,CCND2/ARX/AKT1/RAB34/GHRL,up,FALSE
E2F4,E2F4,TF_Targets,Treg,SF_vs_PB_Treg,0.996022513,0.230258232,0.461032405,0.5927094,153,68,CDKN1A/P4HA2/EPAS1/PGRMC1/SLC35F6/PCSK1N/PPARG/TP73/ALG5/BUB3/GAS2L1/TMEM126B/ADARB1/MT1G/CDCA4/MTHFD1/PARK7/CALM1/MLH1/MFAP1/CKS2/NFE2L1/CDK2/FGFR1/HLTF/RPA3/TOP1/SLC25A14/CDK1/CYP27B1/CCND1/E2F3/RECQL/PCNA/E2F1/NASP/DIRAS3/UBE2C/EXOSC9/POLE2/SMARCA5/SMC2/CDC25A/NAP1L4/MCM3/NDC80/FEN1/PRPSAP1/TYMS/JUN/RAD51/ZNF350/NUSAP1/CDKN2C/MYBL2/PLK4/SKA2/DTL/ASF1B/GMNN/RFC4/SMC4/MAD2L1/CHEK1/MCM10/CDC6/TTK/NEK2,up,FALSE
FOXJ1,FOXJ1,TF_Targets,Treg,SF_vs_PB_Treg,1.00936709,0.483581362,0.461729711,0.5927094,6,2,EZR/TUBA1A,up,FALSE
E2F5,E2F5,TF_Targets,Treg,SF_vs_PB_Treg,-0.998528625,-0.418522891,0.462553619,0.5927094,9,2,LOXL2/MYC,down,FALSE
RCOR2,RCOR2,TF_Targets,Treg,SF_vs_PB_Treg,0.994300844,0.382329587,0.465311051,0.594207521,13,7,TNF/CTNNA1/NACC1/SUB1/HSPA4/SUMO1/SLC8A1,up,FALSE
LHX8,LHX8,TF_Targets,Treg,SF_vs_PB_Treg,1.00989507,0.510916462,0.466009989,0.594207521,5,2,IL2RA/AKT1,up,FALSE
ESRRG,ESRRG,TF_Targets,Treg,SF_vs_PB_Treg,0.992629499,0.366850429,0.466733948,0.594207521,15,1,CDKN1A,up,FALSE
DNMT3B,DNMT3B,TF_Targets,Treg,SF_vs_PB_Treg,0.988458504,0.282235666,0.470368105,0.59754918,45,9,FOXP3/IL32/CD4/KRAS/CXCR4/E2F6/KEAP1/ME3/AKT1,up,FALSE
ELF3,ELF3,TF_Targets,Treg,SF_vs_PB_Treg,0.988816246,0.372540521,0.472708509,0.599236482,14,4,CCL20/MMP9/EGR1/CLDN7,up,FALSE
KAT6A,KAT6A,TF_Targets,Treg,SF_vs_PB_Treg,-0.987221374,-0.42896966,0.47753601,0.604062645,8,4,KMT2A/BRPF1/CREBBP/RUNX2,down,FALSE
REST,REST,TF_Targets,Treg,SF_vs_PB_Treg,0.983787881,0.314051937,0.48143903,0.607701291,27,3,KCNN4/BCL2L1/CHGB,up,FALSE
ARID4B,ARID4B,TF_Targets,Treg,SF_vs_PB_Treg,-0.988324176,-0.471311367,0.488007623,0.61443048199999994,6,2,GSK3B/IGF1R,down,FALSE
ZNF362,ZNF362,TF_Targets,Treg,SF_vs_PB_Treg,0.97538423,0.375055752,0.488845874,0.61443048199999994,13,7,TIMP1/CIITA/HRAS/MDM2/U2AF1/FGFR1/ACAT1,up,FALSE
NR2E3,NR2E3,TF_Targets,Treg,SF_vs_PB_Treg,-0.995124622,-0.502278679,0.491482663,0.614558919,5,4,HLA-E/ESR1/NRL/TP53,down,FALSE
NEUROD2,NEUROD2,TF_Targets,Treg,SF_vs_PB_Treg,0.981554423,0.470256489,0.491978926,0.614558919,6,2,ITPR1/ITPR3,up,FALSE
FOXA1,FOXA1,TF_Targets,Treg,SF_vs_PB_Treg,0.976260174,0.30928133,0.492177965,0.614558919,28,8,HSPA1A/CD274/PPARG/HSPA1B/ABCA1/IFI27/SFTPD/UCP2,up,FALSE
HNF1A,HNF1A,TF_Targets,Treg,SF_vs_PB_Treg,-0.977428884,-0.261771743,0.493100484,0.614558919,49,9,SLC5A2/ST6GAL1/APOA1/RUNX2/RPS15/SLCO1A2/GSTK1/DBP/PTPN6,down,FALSE
MNT,MNT,TF_Targets,Treg,SF_vs_PB_Treg,-0.97369353300000006,-0.441330377,0.49847499,0.619952088,7,2,TP53/MAX,down,FALSE
FGF2,FGF2,TF_Targets,Treg,SF_vs_PB_Treg,-0.984640026,-0.49698669,0.503067856,0.624352559,5,2,HBB/ANKH,down,FALSE
AIRE,AIRE,TF_Targets,Treg,SF_vs_PB_Treg,0.962417677,0.355684913,0.508111814,0.627590777,15,4,IL2RA/FOS/CSTB/NFKBIA,up,FALSE
CREB3L1,CREB3L1,TF_Targets,Treg,SF_vs_PB_Treg,0.970582243,0.491027691,0.508581735,0.627590777,5,4,HSPA5/SLC1A4/SDCBP/CHST3,up,FALSE
ERF,ERF,TF_Targets,Treg,SF_vs_PB_Treg,-0.95990382,-0.368847541,0.508857387,0.627590777,12,3,IREB2/UTRN/MYC,down,FALSE
HOXA9,HOXA9,TF_Targets,Treg,SF_vs_PB_Treg,0.95879706,0.311531069,0.51452067,0.631865114,25,9,ID2/PIM1/KRAS/EIF4E/MSI2/FLT3/SETBP1/MYB/SPP1,up,FALSE
HDGF,HDGF,TF_Targets,Treg,SF_vs_PB_Treg,0.959169135,0.45953184,0.516782099,0.631865114,6,5,VIM/FAS/VEGFA/CDH1/VEGFB,up,FALSE
E2F1,E2F1,TF_Targets,Treg,SF_vs_PB_Treg,0.9775123,0.212851191,0.516987323,0.631865114,251,52,CDKN1A/SERPINE2/TNF/DUSP4/ERCC1/BID/CDKN2D/EIF2AK2/CTNNB1/CCL3/PPARG/GRAMD4/PTTG1/TP73/DDB2/NCOA3/PA2G4/ALG5/DRAM1/KLF6/DAPK2/CALR/EGR1/MAPK8/SERPINE1/PLAU/GPR19/PCYT1A/FOXO1/E2F6/DDIT3/MT1G/CDCA4/PTGS1/CASP7/PIN1/MAP1LC3A/SRSF2/SRF/VEGFA/FLT1/TAPBP/NELL2/NRP1/MAP1LC3B/HSPA5/TRAF2/DIABLO/MFAP1/GABARAPL1/RACGAP1/WRAP73,up,FALSE
DLX5,DLX5,TF_Targets,Treg,SF_vs_PB_Treg,-0.95507137,-0.414999768,0.51762182,0.631865114,8,2,RUNX2/MYC,down,FALSE
HHEX,HHEX,TF_Targets,Treg,SF_vs_PB_Treg,-0.955088379,-0.332306678,0.517659764,0.631865114,17,2,MYH10/TLE4,down,FALSE
TAL1,TAL1,TF_Targets,Treg,SF_vs_PB_Treg,0.963388762,0.259991975,0.519503671,0.632811056,60,10,CD74/C3AR1/MYO1E/NOTCH1/CD4/SBNO2/ADCY3/MPO/TRAF3/UBC,up,FALSE
HDAC3,HDAC3,TF_Targets,Treg,SF_vs_PB_Treg,0.951782201,0.340463541,0.523988176,0.63696304,17,3,TNF/PCK2/CXCR4,up,FALSE
NPM1,NPM1,TF_Targets,Treg,SF_vs_PB_Treg,0.946877961,0.381336498,0.528491901,0.641121322,11,1,CDKN1A,up,FALSE
OTX2,OTX2,TF_Targets,Treg,SF_vs_PB_Treg,0.934936141,0.367631025,0.544137175,0.658750935,12,4,NCAM1/ME3/HHEX/ASMT,up,FALSE
ETV1,ETV1,TF_Targets,Treg,SF_vs_PB_Treg,0.927089009,0.356485223,0.554850703,0.669853091,13,4,DNPH1/NAB2/PLAU/PSEN1,up,FALSE
TFAP2B,TFAP2B,TF_Targets,Treg,SF_vs_PB_Treg,0.92580658,0.372850413,0.555630726,0.669853091,11,2,TNF/IRAK2,up,FALSE
PKNOX1,PKNOX1,TF_Targets,Treg,SF_vs_PB_Treg,0.923606713,0.382173848,0.556702231,0.669853091,10,2,IL10/BCL2L1,up,FALSE
TCF12,TCF12,TF_Targets,Treg,SF_vs_PB_Treg,0.933829183,0.293256781,0.558697815,0.670890682,29,4,ID2/UGP2/CD4/TNFRSF1B,up,FALSE
ZNF202,ZNF202,TF_Targets,Treg,SF_vs_PB_Treg,0.921464503,0.441467791,0.561001598,0.670924968,6,5,ABCA1/ABCG1/POMGNT1/APOE/AMACR,up,FALSE
PEG3,PEG3,TF_Targets,Treg,SF_vs_PB_Treg,0.921335598,0.441406033,0.561060794,0.670924968,6,5,PSMD10/MAP1LC3A/VEGFA/BECN1/PTGDR,up,FALSE
BTG2,BTG2,TF_Targets,Treg,SF_vs_PB_Treg,0.920361726,0.440939457,0.562126325,0.670924968,6,4,SOD1/HRAS/SPHK1/CCND1,up,FALSE
TEAD4,TEAD4,TF_Targets,Treg,SF_vs_PB_Treg,0.914908673,0.419294036,0.567943017,0.675281219,7,6,HIF1A/PPP1CB/VEGFA/S100B/FGFR1/VEGFB,up,FALSE
KMT2B,KMT2B,TF_Targets,Treg,SF_vs_PB_Treg,-0.915193104,-0.360793557,0.568057512,0.675281219,11,3,SCARB1/HHAT/HRH4,down,FALSE
KLF11,KLF11,TF_Targets,Treg,SF_vs_PB_Treg,-0.911494574,-0.359335498,0.572636115,0.67935988,11,5,KLF11/CAT/HBB/MYC/SMAD3,down,FALSE
ETV7,ETV7,TF_Targets,Treg,SF_vs_PB_Treg,0.908685367,0.400783367,0.574671446,0.679391892,8,4,MMP9/ETS2/ETV6/PIM3,up,FALSE
CDX1,CDX1,TF_Targets,Treg,SF_vs_PB_Treg,0.913044008,0.33743767,0.576490974,0.679391892,15,4,VDR/PPARG/ANXA5/TAP1,up,FALSE
POU4F2,POU4F2,TF_Targets,Treg,SF_vs_PB_Treg,0.913495667,0.332102118,0.576995421,0.679391892,16,9,PDLIM7/HSPB1/NCOR1/SAP30/HSP90AA1/CDH1/CDK4/CCND1/PMAIP1,up,FALSE
NFATC4,NFATC4,TF_Targets,Treg,SF_vs_PB_Treg,0.912936399,0.321613836,0.577253584,0.679391892,18,6,TNF/CTSD/B3GAT3/ITPR1/VEGFA/CGA,up,FALSE
HLF,HLF,TF_Targets,Treg,SF_vs_PB_Treg,0.905560031,0.356079894,0.583684545,0.684602838,12,4,TNF/TLE6/VEGFA/CD33,up,FALSE
HIVEP3,HIVEP3,TF_Targets,Treg,SF_vs_PB_Treg,0.903060848,0.456867912,0.583993975,0.684602838,5,1,TNF,up,FALSE
NRL,NRL,TF_Targets,Treg,SF_vs_PB_Treg,0.898267545,0.396188498,0.587539417,0.687397895,8,3,CISH/CRYZ/PIAS3,up,FALSE
POU3F1,POU3F1,TF_Targets,Treg,SF_vs_PB_Treg,0.896296043,0.395318951,0.590301036,0.688229413,8,4,MMP9/CXCR4/EGR2/CCDC6,up,FALSE
ZKSCAN7,ZKSCAN7,TF_Targets,Treg,SF_vs_PB_Treg,0.896148991,0.395254092,0.590575239,0.688229413,8,8,ME3/FGFR1/CHEK2/CBX1/TRIM28/POU5F1/AP3B1/PTCH1,up,FALSE
HOXD1,HOXD1,TF_Targets,Treg,SF_vs_PB_Treg,0.894108961,0.452339059,0.594696369,0.691670433,5,4,KRAS/SOCS1/MLH1/ITGB1,up,FALSE
MAFB,MAFB,TF_Targets,Treg,SF_vs_PB_Treg,0.907198986,0.297810155,0.596706364,0.69233245,24,6,CCND2/MAF/PRDM1/C1QA/CCL2/SRC,up,FALSE
NFE2L3,NFE2L3,TF_Targets,Treg,SF_vs_PB_Treg,0.890294477,0.426534429,0.59760453,0.69233245,6,2,NQO1/PRDX6,up,FALSE
TLX1,TLX1,TF_Targets,Treg,SF_vs_PB_Treg,0.886730043,0.448605987,0.604051054,0.697194745,5,3,CD44/FHL1/NR4A3,up,FALSE
ZNF395,ZNF395,TF_Targets,Treg,SF_vs_PB_Treg,0.884587902,0.423800445,0.604609404,0.697194745,6,3,PRF1/IFIT1/SAP30,up,FALSE
NR2C1,NR2C1,TF_Targets,Treg,SF_vs_PB_Treg,0.886522061,0.366828805,0.605334627,0.697194745,10,3,HLA-DRB1/HRH1/ALDOA,up,FALSE
ZGLP1,ZGLP1,TF_Targets,Treg,SF_vs_PB_Treg,0.884215519,0.365874395,0.608399612,0.699364214,10,2,TNF/GNLY,up,FALSE
E4F1,E4F1,TF_Targets,Treg,SF_vs_PB_Treg,0.876084303,0.373470693,0.61730923,0.708230744,9,4,CD44/PVR/CCND1/APRT,up,FALSE
ELF1,ELF1,TF_Targets,Treg,SF_vs_PB_Treg,0.90471634,0.247474827,0.628343243,0.71949555,56,7,IL2RA/IL10/CD4/CSF2/ICAM1/CD68/CD44,up,FALSE
FOXE1,FOXE1,TF_Targets,Treg,SF_vs_PB_Treg,-0.866150943,-0.39258628,0.631252542,0.721431476,7,5,TPO/SLC5A5/TGFB3/ESR1/TSHR,down,FALSE
SRSF2,SRSF2,TF_Targets,Treg,SF_vs_PB_Treg,0.863644506,0.347815859,0.637124522,0.726739339,11,6,VIM/SRSF2/SRSF7/MDM2/RSRC2/AURKA,up,FALSE
TBX15,TBX15,TF_Targets,Treg,SF_vs_PB_Treg,0.87106822,0.316677584,0.638572759,0.726990525,16,6,PSMD10/CD44/FADD/DOT1L/PLIN2/SMC3,up,FALSE
UBTF,UBTF,TF_Targets,Treg,SF_vs_PB_Treg,-0.858069964,-0.372850498,0.641659005,0.729101979,8,3,TAF1B/CREBBP/POLR1E,down,FALSE
KLF8,KLF8,TF_Targets,Treg,SF_vs_PB_Treg,0.865640658,0.31470439,0.647483518,0.733622795,16,5,VIM/CD44/MMP9/EPSTI1/FN1,up,FALSE
VHL,VHL,TF_Targets,Treg,SF_vs_PB_Treg,0.866495781,0.300987412,0.648116084,0.733622795,19,12,ZEB2/HIF1A/KLF10/CXCR4/TCF4/VEGFA/DAB2/CDH1/TFRC/CCND1/CA9/PDGFB,up,FALSE
DLX3,DLX3,TF_Targets,Treg,SF_vs_PB_Treg,0.849628681,0.374735916,0.650508255,0.734925357,8,4,MMP9/AKT1/CGA/SUMO1,up,FALSE
BCL11A,BCL11A,TF_Targets,Treg,SF_vs_PB_Treg,-0.849266005,-0.428658078,0.657469826,0.741375499,5,3,CDKN2A/SIRT1/HBB,down,FALSE
CRX,CRX,TF_Targets,Treg,SF_vs_PB_Treg,-0.848086845,-0.334338478,0.661949946,0.745008304,11,3,NRL/BEST1/ATXN7,down,FALSE
NONO,NONO,TF_Targets,Treg,SF_vs_PB_Treg,0.840830721,0.347922452,0.665664403,0.747767224,10,2,NOS3/BANF1,up,FALSE
NEUROG2,NEUROG2,TF_Targets,Treg,SF_vs_PB_Treg,0.839539881,0.347388322,0.667526673,0.748438997,10,2,JAG2/RAP1B,up,FALSE
ARID5B,ARID5B,TF_Targets,Treg,SF_vs_PB_Treg,-0.836035153,-0.378936181,0.669804799,0.749186056,7,4,RUNX1/PHF2/GATA3/MYC,down,FALSE
DBP,DBP,TF_Targets,Treg,SF_vs_PB_Treg,-0.848786392,-0.305774941,0.670724003,0.749186056,15,5,ESR1/PER2/CREBBP/ST6GAL1/RPSA,down,FALSE
PURA,PURA,TF_Targets,Treg,SF_vs_PB_Treg,-0.847153812,-0.31143612,0.672951886,0.750258976,14,4,AR/MBP/SPN/APP,down,FALSE
NR2F1,NR2F1,TF_Targets,Treg,SF_vs_PB_Treg,0.849088743,0.287984939,0.679672691,0.756327506,21,6,TNF/CD44/CALR/EGR1/UBE2I/ACADM,up,FALSE
NFE2L1,NFE2L1,TF_Targets,Treg,SF_vs_PB_Treg,-0.821112119,-0.372172258,0.688877593,0.765132335,7,3,LPIN1/HBB/PPARGC1B,down,FALSE
NR0B1,NR0B1,TF_Targets,Treg,SF_vs_PB_Treg,-0.849529719,-0.269516938,0.692187973,0.767369438,24,7,PIK3C3/OXT/NR1H3/PIK3R1/ABCD2/SF1/FLI1,down,FALSE
HCFC1,HCFC1,TF_Targets,Treg,SF_vs_PB_Treg,0.809446955,0.370961922,0.699696982,0.774244137,7,5,E2F4/CDK1/E2F1/CDC6/CCNA2,up,FALSE
SIM2,SIM2,TF_Targets,Treg,SF_vs_PB_Treg,0.804674434,0.368774721,0.705599937,0.779319333,7,2,HIF1A/CSTB,up,FALSE
FOXH1,FOXH1,TF_Targets,Treg,SF_vs_PB_Treg,-0.803834306,-0.349283897,0.712371029,0.78533268,8,4,NODAL/MEF2C/AR/LEMD3,down,FALSE
MYBL2,MYBL2,TF_Targets,Treg,SF_vs_PB_Treg,0.84645831,0.250845608,0.714528292,0.786246745,38,6,HSPA1A/CCND2/CLU/SAR1B/TIMM17A/CDK9,up,FALSE
KAT6B,KAT6B,TF_Targets,Treg,SF_vs_PB_Treg,0.797587157,0.351782562,0.716767534,0.787247459,8,3,CCL3/FLT3/SPP1,up,FALSE
MYBL1,MYBL1,TF_Targets,Treg,SF_vs_PB_Treg,-0.795852485,-0.345815619,0.72338339,0.793042531,8,6,NCL/NLK/LDHC/BCL2/CREBBP/MYC,down,FALSE
SOX10,SOX10,TF_Targets,Treg,SF_vs_PB_Treg,0.800249788,0.314670315,0.725747166,0.793796442,12,6,EGR2/EDNRB/L1CAM/ERBB3/ZFP91/COMMD7,up,FALSE
HEY1,HEY1,TF_Targets,Treg,SF_vs_PB_Treg,-0.810250695,-0.291892473,0.727919808,0.793796442,15,5,MEF2C/AR/OCLN/NFATC1/RUNX2,down,FALSE
JARID2,JARID2,TF_Targets,Treg,SF_vs_PB_Treg,-0.794231222,-0.322082177,0.728411624,0.793796442,10,5,SETDB1/PER2/RB1/PPP1CC/EHMT2,down,FALSE
HTATIP2,HTATIP2,TF_Targets,Treg,SF_vs_PB_Treg,0.791410951,0.327473333,0.730630456,0.793796442,10,6,HTATIP2/FN1/VEGFA/SPP1/CDH1/CCND1,up,FALSE
ZNF335,ZNF335,TF_Targets,Treg,SF_vs_PB_Treg,-0.788388869,-0.397930984,0.730775441,0.793796442,5,2,S100A9/REST,down,FALSE
PRDM2,PRDM2,TF_Targets,Treg,SF_vs_PB_Treg,0.781455355,0.344667494,0.737176097,0.798284433,8,1,IL10,up,FALSE
AIP,AIP,TF_Targets,Treg,SF_vs_PB_Treg,0.77332817,0.391234796,0.739753449,0.798284433,5,2,NFKB2/AHR,up,FALSE
POU2F3,POU2F3,TF_Targets,Treg,SF_vs_PB_Treg,0.773278529,0.391209682,0.739773268,0.798284433,5,1,MX1,up,FALSE
ZFP42,ZFP42,TF_Targets,Treg,SF_vs_PB_Treg,-0.780333983,-0.35368941,0.740300935,0.798284433,7,2,RLIM/PIK3R1,down,FALSE
MBD1,MBD1,TF_Targets,Treg,SF_vs_PB_Treg,0.786376334,0.30237824,0.748073901,0.805199544,13,4,NDRG1/CCL2/ACTB/IFNG,up,FALSE
ONECUT1,ONECUT1,TF_Targets,Treg,SF_vs_PB_Treg,0.767261155,0.351628567,0.751347841,0.807255757,7,2,HSPH1/CYP51A1,up,FALSE
TEF,TEF,TF_Targets,Treg,SF_vs_PB_Treg,-0.770405141,-0.334758181,0.756400041,0.811126244,8,3,PER2/MYH11/DBP,down,FALSE
ELF2,ELF2,TF_Targets,Treg,SF_vs_PB_Treg,0.759192764,0.363724431,0.757690562,0.811126244,6,2,CD3D/VCP,up,FALSE
SALL3,SALL3,TF_Targets,Treg,SF_vs_PB_Treg,0.748594621,0.378721835,0.767758047,0.820420151,5,1,HDAC9,up,FALSE
BACH2,BACH2,TF_Targets,Treg,SF_vs_PB_Treg,-0.753503432,-0.359330209,0.771790037,0.823242706,6,4,XBP1/BCL2/HBB/TP53,down,FALSE
ESRRA,ESRRA,TF_Targets,Treg,SF_vs_PB_Treg,0.789009638,0.261832581,0.774233885,0.824364136,23,4,PCK2/CYCS/GK/NOS3,up,FALSE
ZNF263,ZNF263,TF_Targets,Treg,SF_vs_PB_Treg,0.741800654,0.355391982,0.777185817,0.824809965,6,6,RGS19/GAD1/ALOX5/ASXL1/SART3/NT5E,up,FALSE
ZXDC,ZXDC,TF_Targets,Treg,SF_vs_PB_Treg,0.739869885,0.354466963,0.779691786,0.824809965,6,2,CIITA/CCL2,up,FALSE
ISL1,ISL1,TF_Targets,Treg,SF_vs_PB_Treg,0.759543982,0.298664176,0.780478417,0.824809965,12,7,PCSK1N/ARX/RILP/LHX1/GHRL/PPARA/CCND1,up,FALSE
LYL1,LYL1,TF_Targets,Treg,SF_vs_PB_Treg,0.749006133,0.319297856,0.781196981,0.824809965,9,1,CD4,up,FALSE
ZNF143,ZNF143,TF_Targets,Treg,SF_vs_PB_Treg,0.779680056,0.264443634,0.781618903,0.824809965,21,1,TPP1,up,FALSE
ATF5,ATF5,TF_Targets,Treg,SF_vs_PB_Treg,0.772450967,0.264925371,0.789610097,0.828964993,20,4,EBP/EGR1/HSPB1/DDIT3,up,FALSE
ZHX2,ZHX2,TF_Targets,Treg,SF_vs_PB_Treg,-0.742692067,-0.322716234,0.789621003,0.828964993,8,4,ZHX3/NFYA/ZHX2/OCLN,down,FALSE
ZFPM1,ZFPM1,TF_Targets,Treg,SF_vs_PB_Treg,-0.751718497,-0.296347502,0.789757189,0.828964993,11,3,CREBBP/MBP/HBB,down,FALSE
ZNF236,ZNF236,TF_Targets,Treg,SF_vs_PB_Treg,-0.727724,-0.347036531,0.801634126,0.839103893,6,2,VPS4B/MAPK3,down,FALSE
CXXC1,CXXC1,TF_Targets,Treg,SF_vs_PB_Treg,0.745536198,0.280883779,0.802251357,0.839103893,14,8,VIM/YWHAG/SLC12A5/ADORA2A/MT1A/ACTA2/CCNA1/BAK1,up,FALSE
NEUROG3,NEUROG3,TF_Targets,Treg,SF_vs_PB_Treg,0.71305291,0.34161912,0.810454034,0.845488569,6,4,MIB1/DLD/CDK4/CCND1,up,FALSE
CREBZF,CREBZF,TF_Targets,Treg,SF_vs_PB_Treg,0.733982806,0.288613135,0.812385736,0.845488569,12,3,NTRK1/SREBF1/FASN,up,FALSE
NFE2,NFE2,TF_Targets,Treg,SF_vs_PB_Treg,0.713386736,0.326938428,0.812640195,0.845488569,7,1,GSS,up,FALSE
SMARCA5,SMARCA5,TF_Targets,Treg,SF_vs_PB_Treg,-0.70418158,-0.335809637,0.827605782,0.859548462,6,3,DNAH8/CHD1/CREBBP,down,FALSE
LHX2,LHX2,TF_Targets,Treg,SF_vs_PB_Treg,0.717906205,0.270474067,0.835620365,0.866352463,14,5,ITGAX/PCYT1A/CGA/SAP30/SAP18,up,FALSE
YBX3,YBX3,TF_Targets,Treg,SF_vs_PB_Treg,-0.736488546,-0.248573463,0.839293334,0.867637232,19,3,CAT/TAF8/APP,down,FALSE
DOT1L,DOT1L,TF_Targets,Treg,SF_vs_PB_Treg,-0.69294457,-0.33045094,0.839790767,0.867637232,6,5,MCL1/HECTD4/IRF1/STAT1/BCL2,down,FALSE
NSD2,NSD2,TF_Targets,Treg,SF_vs_PB_Treg,0.68092545,0.326227058,0.843268415,0.869712372,6,3,NCAM1/FGFR1/SLAMF7,up,FALSE
HOXA7,HOXA7,TF_Targets,Treg,SF_vs_PB_Treg,-0.698194672,-0.292641037,0.84498081,0.869962851,9,2,CDKN1B/EPB41,down,FALSE
LMX1B,LMX1B,TF_Targets,Treg,SF_vs_PB_Treg,-0.693972909,-0.281424728,0.853050442,0.874663813,10,6,NLRP2/LDB1/TCF3/CDKN1B/COL4A4/CD2AP,down,FALSE
KDM5D,KDM5D,TF_Targets,Treg,SF_vs_PB_Treg,0.670768561,0.321360957,0.85386452,0.874663813,6,1,SERPINE1,up,FALSE
ETV3,ETV3,TF_Targets,Treg,SF_vs_PB_Treg,-0.69316716,-0.281097975,0.853979196,0.874663813,10,3,DDX20/NFKB1/MYC,down,FALSE
HOXB7,HOXB7,TF_Targets,Treg,SF_vs_PB_Treg,0.677409293,0.298777098,0.857727638,0.876985771,8,3,PDGFA/VEGFA/DAPK1,up,FALSE
SFPQ,SFPQ,TF_Targets,Treg,SF_vs_PB_Treg,0.680967166,0.24358986,0.886823556,0.90517163,17,8,HSPA9/ACTB/PTPRC/SMC3/ADARB2/NR3C1/SIN3A/PER1,up,FALSE
MTF2,MTF2,TF_Targets,Treg,SF_vs_PB_Treg,0.606663206,0.30691725,0.91138814,0.928643337,5,5,NDUFB6/MCAT/MTF2/CDKN2A/CBX2,up,FALSE
MTA3,MTA3,TF_Targets,Treg,SF_vs_PB_Treg,-0.602470301,-0.261786755,0.92636633,0.942283277,8,3,MTA3/ZNF217/BCAS3,down,FALSE
KDM5C,KDM5C,TF_Targets,Treg,SF_vs_PB_Treg,-0.601741625,-0.252213746,0.929889375,0.944244442,9,4,EP400/PTEN/KDM5C/EHMT2,down,FALSE
RARB,RARB,TF_Targets,Treg,SF_vs_PB_Treg,0.649326472,0.21547877,0.931805457,0.944569915,23,7,ICAM1/HIF1A/AKT1/ACTB/GLUD1/FGFR1/RARG,up,FALSE
HOXB1,HOXB1,TF_Targets,Treg,SF_vs_PB_Treg,0.57120978,0.288980992,0.937390994,0.948607639,5,5,TCF4/CD1A/HOXA1/HOXB2/GATA3,up,FALSE
KMT2A,KMT2A,TF_Targets,Treg,SF_vs_PB_Treg,-0.694523098,-0.185149478,0.951798496,0.961543873,50,17,AFF1/CHD1/GBA2/GATA3/CHD8/HLA-E/MEN1/KRT8/KMT2A/CDKN1B/PIK3C3/SCNN1A/SCARB1/MLLT10/RPL22/ATM/MYC,down,FALSE
HOXC8,HOXC8,TF_Targets,Treg,SF_vs_PB_Treg,-0.563511738,-0.236190086,0.95476469,0.962419876,9,3,DST/AR/SLC11A1,down,FALSE
NR2F6,NR2F6,TF_Targets,Treg,SF_vs_PB_Treg,-0.553052416,-0.250673156,0.955917039,0.962419876,7,2,OXT/APOA1,down,FALSE
ZNF331,ZNF331,TF_Targets,Treg,SF_vs_PB_Treg,-0.57527316,-0.200156464,0.9668403,0.971764784,17,4,DDX5/STAM/ZNF91/TP53,down,FALSE
ATOH1,ATOH1,TF_Targets,Treg,SF_vs_PB_Treg,-0.50783454,-0.256324139,0.975961733,0.977646077,5,4,CDH1/HES6/MUC6/CHRNA1,down,FALSE
ZBTB33,ZBTB33,TF_Targets,Treg,SF_vs_PB_Treg,0.50616308,0.231969776,0.975994648,0.977646077,7,1,MUC1,up,FALSE
GATA5,GATA5,TF_Targets,Treg,SF_vs_PB_Treg,-0.493492133,-0.194547775,0.986616392,0.986616392,11,6,RASSF1/MUC6/MGMT/APC/GNRH1/TBX20,down,FALSE
