CAPG	29.2689469816433
TYMP	22.8075758368193
CYSTM1	22.0963744857166
S100A11	21.8523737212226
PLP2	21.1213200325597
GLIPR2	18.8645424140446
APOBEC3G	18.790129462362
PHLDA1	18.7301048432413
RP11-124N14.3	18.5091648147147
CD74	18.1104946069252
AC069363.1	17.9790315882834
OASL	17.6018989590915
VIM	17.5021118688259
ANXA5	17.1591006853872
C9orf89	16.8566239659381
EPHA1	16.7295856486917
FAM129A	16.5086426595467
ITM2A	16.1396381441073
CDKN1A	15.8947467391608
PLEKHO1	15.6956547388204
SEL1L3	15.6931409179616
YWHAH	15.6799499372418
TXN	15.5083938710129
SLC6A6	15.4624497314399
CXCR3	15.4374849385045
ANTXR2	15.3770787929737
APOBEC3C	15.2754341434638
APOBEC3H	15.1551476286382
L1CAM	14.9473796541004
TMEM200A	14.9312236641501
KATNAL1	14.8951391855441
CD58	14.7821513657487
MX1	14.7322227454209
S100A10	14.6571294371862
MYO1C	14.454647150552
SKI	14.3773406507772
EIF4EBP1	14.2717941655743
DENND6B	14.1832742368744
AC017002.1	14.1587884819862
ANXA2	14.0934375018849
ADAM19	13.9787655039593
CD44	13.6214625658998
SFXN3	13.5400627445737
KCNN4	13.5333764156038
DUSP4	13.400642985371
BCL3	13.3558164154922
LAG3	13.3074598545581
ITGA2	13.2881230084304
RNF145	13.1549690010238
SAMSN1	13.1432744955528
TSPAN2	13.1001722919039
HLA-DQA2	13.0980222822002
CAMK1	13.0314810107265
DDB2	13.0247314845517
PLA2G16	13.007740959739
NDFIP2	12.8082161645616
CCDC167	12.7861965609466
CCDC74A	12.7130734005627
SFMBT2	12.6459597665694
ACTN4	12.6408727112616
CD2	12.6299190655809
C15orf53	12.6106941010529
LMNA	12.5895836721611
RGS16	12.5799854207592
STX1A	12.4763171526099
ANKRD28	12.4704485529573
GGA2	12.4698568914743
CTSB	12.4579882988181
CCL4L2	12.4100624420931
SPATS2L	12.3955172661687
RNASE4	12.3700695211137
KRT86	12.3521842959668
IFI27L2	12.340656615354
HLA-DQB2	12.3401831499262
SKIL	12.3320212877884
PLEC	12.2888278576526
SLC2A8	12.191571047141
RFX2	12.1387586919318
CRIP2	12.1359008988274
ZFYVE28	12.105983370629
PTPN7	12.1059278555419
FAM179A	12.081222236595
NRM	12.0549519139167
CLIC1	12.0135178896138
GALNT6	11.9986206530517
KIF20B	11.9677537059845
LSP1	11.9256657537863
CSF1	11.9175558732182
GRK5	11.8961246305189
MAP4	11.8951765787349
WDR54	11.7670749871239
LGALS1	11.7204018748243
HGSNAT	11.6596445661091
RP11-356I2.1	11.5914575768898
EMP1	11.5883296704761
SERPINB8	11.5832708661747
NUDT14	11.5666591410931
FSD1L	11.5537381446414
ANKRD32	11.5322525734214
RALGDS	11.5100337687449
MYL6	11.4758788035457
ARPP19	11.4651760831008
ITM2C	11.4320261047948
PLEKHO2	11.3632682139961
SEMA4A	11.3312842664922
AP1S1	11.2732646630181
PDCD1	11.2552779466919
RP11-290L1.3	11.2151764784389
AP2B1	11.2138477692992
LGALS3	11.2027634587933
PCNXL2	11.1967396632005
FAM102B	11.1091179174852
PDE4A	11.0616210835191
ARHGAP11B	11.0611127414685
ATP1B1	11.0159752200345
SLC1A5	11.0122409523243
RSAD2	10.9945007685673
IAH1	10.9903465277273
MYO7A	10.975511149415
PMCH	10.9354747147647
RBX1	10.9205706623803
SEPT11	10.9016176262044
PDGFA	10.8713868168964
NOTCH1	10.8632503946603
CD9	10.8215600205871
AC002331.1	10.8189352178269
CD68	10.800943535526
SLC1A1	10.7778330317775
HELZ2	10.7334284554676
STARD9	10.6626323487568
RCAN2	10.6402136213906
SGCB	10.63969935902
PTMS	10.6235308030952
ADCY3	10.5901172653668
NME7	10.5596283325614
EDARADD	10.5581139702657
MVP	10.5470232351942
EZR	10.5185377364381
ORMDL2	10.5155393354582
AHNAK	10.5125430323601
HIVEP1	10.5086655912107
MFSD6	10.4998636390653
S100A6	10.4904040915676
OAS3	10.4867876189201
ABCG1	10.4831867316007
FUOM	10.4600326668122
CYB5R3	10.4474542204754
SLC35E4	10.4172760417952
PGM2L1	10.416492462012
ARL6IP6	10.3842967923302
NPM2	10.378954459377
CD82	10.3561983266798
EHD4	10.3543336818883
TMEM43	10.3219808532977
DRAP1	10.2905327407542
APOBEC3F	10.284932299199
SAMD9L	10.2814804927762
APOBEC3D	10.2702565333126
GNA15	10.232356088485
CKAP2	10.2308746877088
SDC4	10.2300008504839
ZBP1	10.2233430515895
LGALS9	10.2206963088858
HLA-DMA	10.21851335972
TPPP	10.2071535017459
SMC4	10.1977083138768
GAS7	10.1946773704689
LFNG	10.1712041472492
TNIP3	10.1156339368368
FHOD1	10.0991122247774
SHFM1	10.0974638988985
KLF10	10.0919736737989
NAT6	10.0813458550502
RGCC	10.0755977160925
ISG15	10.0734095500857
LRRC63	10.0675623901552
IDS	10.0626646593032
ATP2B4	10.0596612967614
GNB4	10.0302104532577
IQGAP1	10.0279652233051
FRMD4B	10.0113358290023
SMAD7	10.0101210120788
TMEM14A	9.9555721960385
LMF2	9.95272970572188
HIP1	9.9519903433088
VWA7	9.91555376291
CCDC74B	9.88867289539839
RP11-94L15.2	9.88040367468867
TAGLN2	9.8364309347784
WDR44	9.83303443571532
RABAC1	9.8116169245861
NDC80	9.80938109646783
ARHGAP35	9.77875067834626
CMPK2	9.77777439597925
CRIM1	9.75964580787744
CTSD	9.72535143392153
CDCA4	9.69771833310106
DUSP6	9.69660162398472
LDLRAD4	9.69351185541504
USP18	9.67364335515755
CCR5	9.64946383505584
MICAL1	9.6436912793278
TPRG1	9.64266599076464
CXCL13	9.62100911352912
NOD2	9.61711350608768
LINC00426	9.60288550126496
WNT9A	9.57169619933458
ST6GALNAC6	9.56582560730166
CIB1	9.54327923217321
ECT2	9.53136630193488
ZFYVE21	9.52066648469583
LRP8	9.45544542039307
RPGR	9.45517743275409
WSB2	9.44905005804646
TUBB6	9.43055962203348
TBCD	9.41466090402059
CD97	9.39836122950906
AGPAT2	9.38770413359209
TFCP2L1	9.37517076478959
CLECL1	9.36828368605689
TBCB	9.36527675882922
ATP10D	9.33794397023312
GCNT1	9.28544400792985
CAB39	9.26848342136663
TCF19	9.26534029737289
EML2	9.25828885369666
FAM177A1	9.25598930900425
DZIP3	9.2429856643382
CDKN2A	9.23636669249835
PTPRN2	9.22407292850374
MBD2	9.21610571180241
CRMP1	9.19250487957095
CLU	9.17065113467067
ANG	9.1623597704355
IL2RB	9.15737495095483
HNRNPLL	9.13613419505265
KLF6	9.13140693375014
LAP3	9.12447630479752
DPYSL2	9.12219726908432
DYNLL1	9.11597515721006
FAR2	9.10068135236332
HSBP1	9.09315362474621
SLC25A24	9.06952459553298
MIR155HG	9.05991686633692
LY6E	9.05188567465425
PSTPIP1	9.05047563033704
DFNB31	9.02861838492383
IFI6	9.02625894037416
NBEAL2	9.00836654124823
CCL5	9.00825038510328
RAB1B	8.98757050621069
ODF3B	8.94920419592385
N4BP1	8.94310032449657
AHI1	8.93542043396452
TCIRG1	8.93145809198951
FMNL3	8.92842930573231
IFI35	8.92160731600071
RBPJ	8.91791157864921
PRKCD	8.90482553378719
IRF7	8.8963416963095
CTSZ	8.89369553768263
PKM	8.88419954195072
FKBP1A	8.8786702680201
COTL1	8.87207749967926
DRAXIN	8.86608552209715
HLA-DRA	8.85910893515469
CD27	8.8326952739726
PCTP	8.83165989806989
CCL3	8.83020659684
AKIP1	8.81434621871892
MRPS6	8.81043129082687
AP001610.5	8.79069361729431
CD99	8.78932770480043
HLA-DMB	8.7873790166403
POMP	8.77276447387811
FABP5	8.77234422948611
PON2	8.76053146070704
PSEN1	8.75523553776402
RASAL3	8.72574691469347
N4BP3	8.72133998546485
EDEM1	8.72099925299812
RABL5	8.71311345582896
SBF1	8.70318427292245
P2RY10	8.69086598965258
ZDHHC11B	8.67855427233913
DUSP18	8.67357924453002
CCL23	8.66909591151294
ITGA3	8.6681397469476
PDCD5	8.64734737932534
PDLIM7	8.64392540193965
ILK	8.64368416138922
EPSTI1	8.6387274107756
ALCAM	8.62562432890634
MAMDC2	8.60791694190373
AKIRIN2	8.60288098364251
RGS1	8.5995261925806
FASLG	8.59701394538107
ARHGAP9	8.59540961076201
LIMK1	8.5806136059531
CSNK1G1	8.58061185072693
MAST4	8.57670804719352
KIF3C	8.52064553119373
BTG3	8.50815994786478
HMSD	8.49849738929778
TRIM46	8.49602868488557
CIITA	8.48442542624346
HLA-DRB5	8.48244740272501
SPINT1	8.48106391277527
EVI2B	8.46982604167902
PLEKHA2	8.45515628057751
SOCS1	8.45095860419298
ATP8B4	8.44959852548962
TBC1D2B	8.43283653912252
MAPK11	8.43061602341274
CD70	8.42970329612261
HLA-DRB1	8.42184501891088
DUSP10	8.42137885940201
GOLIM4	8.41188083007489
RP13-188A5.1	8.39076852850088
KIF11	8.3759756041715
FAM115C	8.37238566870504
HLA-DQA1	8.36973931219101
ICMT	8.36739664022136
AHR	8.3641695841162
SARDH	8.35578718629833
SNX8	8.34791182203954
RACGAP1	8.33101183846314
JAG2	8.32641961875296
ZC2HC1A	8.3056777251353
OAS1	8.29964991794842
QPCT	8.29790271192123
RGS9	8.29603729648711
PHLDA2	8.28862094227697
DCTN2	8.27118441558867
IFI16	8.26511816318992
CLSTN3	8.2641123488607
CAPNS1	8.21017913649843
CNPPD1	8.20863559691758
CCDC88B	8.20730710523991
TRAF1	8.20158439382553
LRFN4	8.19707875833094
LDLR	8.1812625015203
PMF1	8.1811077772685
AAED1	8.17301084807238
CDKL2	8.17295872709998
LINC00341	8.16690176812437
ZNRF1	8.13537235832588
KIAA0513	8.11678589004709
DTHD1	8.11349328726244
PFKP	8.10832960663281
TRABD	8.07489642498423
ARNTL2	8.06036635888557
CYTH2	8.0597207903099
HIATL1	8.05483673936834
NEK11	8.03930851889048
COMTD1	8.00456285500733
ATP2B1	7.9939537436953
HLA-DPA1	7.98835913769554
PRDM8	7.98325972052774
NDUFA6	7.98000161896241
CMIP	7.97930344525015
HSPA1A	7.96712402773418
RAB27A	7.96562713877202
SREBF2	7.9532224258893
SLA2	7.95310546492801
AKAP5	7.93282386660741
GLUD1	7.91602137951655
OPTN	7.91234370247807
ANXA1	7.90719341082315
EIF2AK2	7.87867871191089
RYR1	7.86403264614121
PPAP2C	7.84862073870035
RAC1	7.84116822453367
FAM110C	7.83612202950478
LRRC2	7.83376648145946
TACC1	7.8294659504901
SH3BGRL3	7.81752897242112
CTNNA1	7.8167147274369
NBPF10	7.81336663410687
F2R	7.80725593479479
CSTB	7.78236639952488
RHOA	7.77554351793467
ECE1	7.77386207704369
CEP112	7.76758597991535
ABR	7.75497231219859
RASSF7	7.75218165556482
AAMDC	7.74448972247195
HLA-DQB1	7.73687408788729
TDRD7	7.72782937645428
CORO1B	7.72631081549911
WNT10A	7.72599336977889
JUN	7.70359133331002
MYO5A	7.69765138248784
FBXO30	7.69713575703047
SLC4A2	7.69328789451853
PAQR4	7.68621827849201
B9D2	7.68372851247377
KIFC1	7.68260570696937
ADRBK1	7.6776455524147
PCBP4	7.67408433171315
ANKRD13D	7.67115038645511
RAB35	7.66780544071299
SMC6	7.65324932382606
AP000769.1	7.62342116559416
FAM83G	7.61816156893047
CCL4	7.61059498445718
BCAP29	7.60679300154881
AP4M1	7.60390520243944
GRAMD4	7.59576636274079
HRAS	7.58906096063022
RP11-312O7.2	7.57660212280802
UBE2A	7.5744480995463
RALB	7.57010087498354
NAMPT	7.56742796934376
UBE2M	7.56406064671434
ZC3H12A	7.56134398515634
CMC2	7.55116715217437
ZYX	7.54363387025954
SEC22C	7.53316973040235
TRIM59	7.51361342093933
GPC1	7.50451415445553
PLEKHN1	7.5021836640696
CBFB	7.50046922995064
CD86	7.4975114630135
CCDC64	7.48889054537238
BLVRA	7.48504645743757
RIPK3	7.46998906068439
PLK3	7.46883300385851
TANK	7.46867675126804
RP11-367G6.3	7.467030892379
TTC7A	7.46417768143903
LAT2	7.45415112965
ARHGAP18	7.45130225124865
PRKCDBP	7.44582760944116
EPHA1-AS1	7.44400471289251
HN1	7.42379759035619
RUSC1	7.41594436123204
ARID5A	7.40799174411967
LDHA	7.40200394045939
C17orf49	7.39220422511569
GNA13	7.37441269388424
ITPRIPL1	7.37105073992157
FMNL1	7.36833896632581
PPP1R14B	7.36373469937574
EPS15	7.36245098888954
PEA15	7.35330368161581
VASH1	7.35306561882603
NCAPH	7.3431333056126
CD8A	7.34205371531758
IL9R	7.34095216543708
C15orf48	7.33885785866241
PHTF1	7.33333640526961
VIM-AS1	7.3301623998649
FAM102A	7.32946515349881
NINJ2	7.31947637105555
MB21D1	7.31002824390328
FAS	7.30915811745393
B3GNTL1	7.30510820875771
RAB11A	7.30510170308164
PMM1	7.28852547629903
ZBED2	7.28794469159385
SKA2	7.28710794982745
PAQR8	7.28597842351411
SNAPC2	7.27517129695098
SERINC2	7.27116510585594
ROMO1	7.26169912878958
ANO9	7.25901173559738
CBX6	7.24872253408977
PNMA1	7.24386962823448
ELOVL1	7.23639961109485
RNH1	7.23349236680953
CPNE5	7.22793109411567
VDAC1	7.22213193230361
SLC27A4	7.21973309037226
UBE2T	7.2144388219515
PACS2	7.20773666606086
CKS1B	7.20759737034253
COLGALT2	7.18988137647379
C20orf194	7.18799577658618
COL4A3BP	7.18516071928905
ULBP2	7.17980085953637
PLXNA3	7.17682644922428
AGFG2	7.1714979270887
HSPB11	7.16304267294736
WNK1	7.15563050370312
DYNLRB1	7.14772443861537
SPTBN5	7.14616638049125
ENO2	7.1419171097323
ARHGEF5	7.13401947320805
PRDX1	7.13212778279796
SSFA2	7.12783760967043
ACOT9	7.1247434410728
PTTG1	7.12216499411271
CACNB2	7.12162504793014
ROGDI	7.11686838495261
USF2	7.11428060827426
MPC1	7.11350295934118
ZDHHC12	7.11035856957497
TSTA3	7.10894297570753
MYEF2	7.10520687840499
FN1	7.10378174870409
CDK1	7.09761095318023
SNAP47	7.09659830708067
NAGA	7.08638169016498
FADS3	7.07300088690507
BARD1	7.0725062742063
CAMKV	7.06282201387937
ARHGAP21	7.05965808983307
NR5A2	7.04839405557879
CDS2	7.04746869434035
PDCD10	7.04349819902096
CTTNBP2NL	7.04295530032072
BNIP3L	7.04159781721012
BCOR	7.04116475812352
TTYH3	7.04092902623091
DENND1B	7.03697592076418
GLDC	7.03418016940821
HLA-DPB1	7.03056922090497
GPSM2	7.02797391191703
FAIM2	7.02475752094554
RP4-666F24.3	7.02308899993451
GNG5	7.01749247211012
RP11-325F22.2	7.00661573414925
HEBP2	7.00532325424939
CTC-459F4.3	6.99843400195627
ITGA1	6.99371798957327
SLC25A43	6.98767205186088
KDELR3	6.97417281109618
CLNK	6.96309015354382
VDR	6.95919879899716
TMEM53	6.95689084059098
AKAP13	6.95156582454019
LAMTOR5	6.94172776644401
KIF1C	6.94015867065138
SRGAP2	6.9274750051805
NHSL2	6.91768281112666
PGK1	6.91449005495372
MYL12B	6.90271560507656
SURF4	6.88745238499896
SLC2A1	6.88486246681146
USP25	6.88462781283465
CCDC141	6.88089422194222
ATL3	6.87491635651361
PBDC1	6.86564039663104
TXNDC17	6.85887197938317
BLOC1S1	6.85715718186919
SH3GLB1	6.85271631591243
SPAG1	6.85236898159188
ERI1	6.8520725195373
FAM131B	6.83920159194764
EMP3	6.81631876291972
EEPD1	6.80869449224274
UPP1	6.80802998989965
GGT1	6.80614907509898
SMIM12	6.80267609426012
BHLHE40	6.80133998071976
PDLIM1	6.79514187788192
FKBP1C	6.79117425399866
TESK1	6.77817235235145
MAPK3	6.77151244187309
KIAA0930	6.76955135706966
ALOX5AP	6.75401021650895
HIRIP3	6.75351877079081
CD276	6.75018478652152
RHBDD2	6.74358129875196
ENTPD1	6.73721151091767
DOCK2	6.72995144163193
HPRT1	6.7267949766378
IFIT1	6.72330029453073
KIAA1161	6.71813241354836
FOXP4	6.71624687959928
CARHSP1	6.71314491793187
SYNE3	6.70625748847342
PAOX	6.70304633210332
HIGD1A	6.70282474780802
RP11-357H14.17	6.69659889930548
GAPDH	6.6948296191626
TIAM2	6.69365078599429
KCTD21	6.68953937447964
TRIB1	6.68193720640537
PSMD8	6.67520369797892
POLG	6.67219240864832
FAM160B1	6.67185760876261
LAYN	6.66206016677534
DDAH2	6.6610625217232
GNAZ	6.64991428403417
GGH	6.64487740937934
IL10	6.6380773096809
LMNB1	6.63760905207958
PREX1	6.63726911355068
GALNT1	6.63585249556564
CRNDE	6.63168990028177
PPP4R1	6.62961808476069
ERBB3	6.62802386404213
ARHGDIA	6.62651755535741
SLC16A3	6.61981194642656
SYNGR3	6.61897259175515
LYST	6.61547469456609
EMB	6.61348544069218
DDX60	6.60272878245136
ZBTB7A	6.6018106455595
SPSB1	6.59956315374458
TRPS1	6.59612735283205
TM9SF2	6.5945123394121
SQLE	6.59271502906422
CNTRL	6.59032124405207
C11orf63	6.58802294435007
ARMCX6	6.5832139867076
CD93	6.57437249320018
RIMS3	6.57415548426591
MAP2K2	6.57112212051567
GNB1	6.56869359444396
MAP4K1	6.55931508690454
REEP4	6.54738248252615
GALNT2	6.54106011771946
KIF3A	6.53694916126052
ZNF438	6.53311586514525
CEP170B	6.53185035574584
NDUFA13	6.53173175854203
ORAI2	6.53045436216731
MIR210HG	6.5155724158926
PLSCR1	6.5145041416819
ACP5	6.51391916133215
MAP3K2	6.51259534108751
STX7	6.5103202948423
TXLNA	6.50934089744712
RHOB	6.50416567817885
IFI44L	6.50340242224758
MPC2	6.49189703854079
LYSMD4	6.48890096936149
CHRNB1	6.4842718357809
MSC	6.48148724581619
ARHGAP11A	6.46670683058382
ITGB1BP1	6.45259658353594
YIF1A	6.45206826514474
GPR132	6.45073871557204
SLC7A5	6.44273955657549
TLE3	6.44051399739258
MYADM	6.437192397855
TOLLIP	6.42454803921144
TNFRSF12A	6.42055135317855
ST8SIA4	6.41977299310199
CD200R1	6.41328647031386
MXRA7	6.41078621098061
MT3	6.40104252954129
PCMT1	6.40081772652289
NIPA1	6.39527977565795
ANKDD1A	6.38223446847747
AK4	6.38057725741792
CSRP1	6.37321210866165
CDK2AP2	6.36664460270952
BMP2K	6.36514394164915
RAB38	6.36179528163182
IQGAP3	6.35721555043945
CNTROB	6.35309620914296
IMPDH1	6.35292454405339
CHST11	6.3525726297431
CTSL	6.34992195538022
STX2	6.34193889533546
UAP1L1	6.33681572178418
VANGL1	6.33539806274505
SQRDL	6.33280865992526
PARP4	6.32684071109803
RXRA	6.32511249623167
ST6GALNAC3	6.3196202760939
NEIL3	6.31160957988067
COMMD8	6.30858845656082
PSMA7	6.30732006604376
CNTNAP3	6.2894278110987
RP11-1029J19.5	6.28258976065662
NUDT8	6.2746508578606
ARL3	6.25991197827339
TRIM25	6.25708989549108
CRIP1	6.25596228765403
CEP89	6.25185265566147
SERP2	6.25066706300969
NCAPG	6.24870074329313
GSN	6.24840700958508
WEE1	6.24383911669422
HABP4	6.24244410563056
RABIF	6.24160438845566
SPATA2L	6.23571441071323
RP5-940J5.9	6.22501597041865
TRIM45	6.22331071939325
VWA5A	6.22255535700582
LRRFIP1	6.2113119469719
ENO1	6.2104778764532
SLC10A3	6.201076042161
MRPL15	6.19988825600472
ARID3A	6.19649169543351
ACTR1A	6.19603415830675
BRCA2	6.19373872584695
CHGB	6.18478682105915
TSPO	6.18478539324232
DEF8	6.17858232168926
SNAI3	6.17090141141145
LDOC1L	6.16456263655765
FAM127A	6.16150706810207
CKLF	6.15499547086563
RP11-279F6.3	6.15395650628427
DHDDS	6.15332998686033
GOLGA8A	6.15207698661649
PPP3CA	6.14112598306684
POFUT2	6.13818878393749
ICOS	6.13782787233358
TIMP2	6.13585880378239
CLIC5	6.13441088407841
CCDC53	6.13197637090749
PRUNE2	6.13009963368516
TM9SF3	6.12997802710398
DUSP22	6.12733949834724
FAM63B	6.12572291769212
CEACAM1	6.12520216303287
MCL1	6.12494741269788
CYP4F22	6.12157009261323
KRAS	6.11679569397783
COX20	6.11660774091054
GRAMD1C	6.11326911953313
ANXA4	6.11316196583956
TNFRSF18	6.11004156284548
BMPR2	6.10145019766475
CD2BP2	6.09254255938672
CD81	6.09041857308086
CEP85	6.08726133441596
JAKMIP1	6.08697980812577
ATP2A3	6.07021703048901
KIAA0825	6.06289878790244
ASXL2	6.05852516476853
FBXO2	6.05728284820816
ACOT7	6.05539545436626
PPP6R1	6.05408686359038
PBXIP1	6.05375558978441
APAF1	6.04614883705114
LPAR2	6.04370144015049
NUTF2	6.04072879355534
PLXNB2	6.03800912096422
SLC41A2	6.03401286674726
RBM38	6.03294606612518
KIAA1407	6.03275308418887
FBRS	6.03127869933992
LRRC56	6.01297975151593
FAM84B	6.01181588005828
LIN37	6.00728680665325
CDKN2C	6.00627242496265
PARVG	6.00367522244737
CD63	6.00359015717615
MYOF	5.99437890631122
MTCH2	5.99314231388644
TRIM36	5.96874379473328
HERC1	5.96640707010878
PCK2	5.96624687203619
FAM118A	5.96382599652643
NCAPH2	5.96311356718615
UBAC1	5.95528262492609
MFHAS1	5.94862158648256
BHLHE40-AS1	5.94567937298318
S100A2	5.94565374569519
GOLGB1	5.94125185170497
MXD4	5.940219773459
TNK2	5.9394018220415
RNPEPL1	5.93626704941199
WBP4	5.93106350358344
AKT3	5.92036880975612
NCF4	5.91656167581414
KCNK5	5.91465572543976
SCO2	5.9129377349517
TMEM245	5.91127964754765
PML	5.9112402179111
SUN1	5.91108092769716
SBNO2	5.91021555923982
TSR3	5.90657476198979
YIPF3	5.90608119900797
RASSF2	5.90548594689368
RP11-395B7.4	5.90040543499697
DYNC1I2	5.89937739689496
GPR68	5.89763244731032
NAB1	5.89731275725784
STK40	5.89306014534621
BAD	5.89109586577577
ASL	5.87997564671473
ANKS1B	5.87993512230099
CPEB2	5.87775771486349
SLX4	5.87773612704363
MTHFD2	5.87761162576734
RASGRP1	5.8751227290422
PPDPF	5.87475384240435
FOXB1	5.87337496846125
FKBP8	5.8682238980808
SLC27A2	5.86812996110809
TRIM3	5.86689251533266
MCTP1	5.86246049343457
MUC16	5.85640999067897
STYK1	5.85135937066702
MSMO1	5.85101174074779
A1BG	5.8452617971789
CAMTA2	5.83837660194659
DDI2	5.83456684679937
SLC25A1	5.83387935548714
JOSD1	5.83092135357897
SLC35E1	5.830288629767
CHMP2A	5.82756802333653
PRC1	5.82218640815395
DGCR8	5.81960637986493
CASK	5.81685677906857
DNM2	5.81505363946566
LMNB2	5.80345681696783
CALHM2	5.80165551559813
SGMS2	5.78822385620453
CCP110	5.78660014899729
AKTIP	5.78270942950015
ABCB10	5.78265883415258
PSMC1	5.77992764181385
TPGS2	5.77867182085479
DPF3	5.77589410962262
TBL1X	5.77513552998377
LMCD1	5.77467354765323
BBS12	5.77393740743289
SLC12A4	5.76268614205685
TMEM106C	5.76219566435716
LAMP3	5.7604425099869
DMTN	5.75874500432094
PRDX5	5.75798320223114
BLZF1	5.75740869476364
STAG3	5.75718606011896
SGK1	5.75551136539326
MAPKAPK2	5.74978156109381
SLC35D2	5.74363010332328
SPATA33	5.74293832200874
CTD-2369P2.2	5.73295123768096
HERPUD1	5.73063401272071
TWF2	5.73011509025842
ETV1	5.72441348318475
GK	5.71113739133503
FSCN1	5.71088303613194
PIP4K2C	5.70872533803665
ADARB1	5.70689816262402
DLG3	5.69772443935243
CASC5	5.69327640937051
COL9A2	5.69292593206702
PLEKHG2	5.69082806148861
USP35	5.69032614691932
GSKIP	5.69026778945388
PGAM1	5.68818077150379
METTL8	5.68562781604344
CEP152	5.6823311428878
PRKD2	5.67975014933492
CTDNEP1	5.67580663006705
USMG5	5.67389643268113
ARHGEF12	5.66180641978925
PERP	5.66070752281753
KIAA0895L	5.65962389239733
TPM4	5.65795366333917
DBH-AS1	5.65404624676118
AGPAT6	5.65028291253387
MARCH2	5.6454006988098
MAD2L2	5.643964327034
NAGK	5.63760661910898
TNFAIP8L1	5.63066437564827
PBX4	5.62577210093232
TNS3	5.6231489155597
EIF5A2	5.62168237098901
C19orf55	5.62033270080388
SLC1A4	5.61339097506859
POU3F1	5.61310370678657
TP73	5.6108260840563
SP100	5.59940745858813
FGL2	5.59930308224982
FIS1	5.58924416985439
PHTF2	5.58697363541337
CC2D1B	5.58697001424894
PLOD3	5.57777992994076
VKORC1L1	5.57519762931817
EOGT	5.57438636466053
RP11-316P17.2	5.57060103766826
KIAA1841	5.56370830915388
MCM6	5.56366235204657
SMOX	5.56259488044744
FAM129B	5.56118336878059
TRNAU1AP	5.56012815188468
DOCK8	5.55812892238723
PRKAR1A	5.55777741325607
TTL	5.55763418158929
TFPT	5.55660106269526
IFIH1	5.55648233188235
SEPT8	5.55483424201982
DCAF15	5.55314845978086
NDUFS5	5.5508882364776
ANKRD36C	5.54649761890957
DTX3L	5.54047581028332
PITPNA	5.53979009166499
ATP2A2	5.53838251276227
TTN	5.53677839914592
JOSD2	5.53520823187489
PDE4DIP	5.53268992377018
PSMG1	5.53081409131529
ZDHHC23	5.53030748968648
LRRC3DN	5.52500010413404
SSNA1	5.52484102761266
CENPE	5.51902413215741
KCTD17	5.51729299816899
FASN	5.51648299995815
CHD3	5.51501556680435
MED25	5.51155377711197
RRAGC	5.50503776920589
ENKD1	5.50094509543681
WDR34	5.49783093783258
TEP1	5.49748667074699
MEF2D	5.49715166667827
TUBG1	5.49625162244101
NELFB	5.49615703286483
C14orf80	5.49405284426215
ZNF367	5.49098474720598
RP11-191G24.1	5.48878795036534
IRGQ	5.48209878487758
C11orf80	5.4777931364455
SCAF1	5.47697368516897
SAC3D1	5.47632851238412
ROCK1	5.47311479765318
CYLD	5.47142593569212
SNRPB	5.46681540571811
PLXNB1	5.46595175429766
DDX26B	5.46551522577678
SUB1	5.46427345564313
MARCO	5.46144141178776
NETO2	5.45658301182407
TMEM50A	5.45402678764012
SYT11	5.45203709193174
CCDC92	5.44999810252899
AC093673.5	5.44875898074086
MYO18A	5.44405866800082
LASP1	5.43769123410879
SLC29A1	5.43695998514012
IZUMO4	5.4336148928106
CSGALNACT1	5.42652055879633
PPARA	5.42098280633458
FRMD4A	5.42038371837651
CXCL16	5.41861759734829
GPR137B	5.41816656114607
PRDX4	5.41405492109557
C1QA	5.41157956452349
NACC1	5.41142907573667
ISG20	5.41104010117772
ZFYVE1	5.41063903403383
LINC00152	5.40951698278359
XPC	5.40900412283698
NDUFB2	5.40769214180361
S100A4	5.40621674137449
ANKRD35	5.40569430716856
AGO2	5.40366845930639
JMJD6	5.40354396655791
KIAA0226	5.40265113581962
NBPF11	5.40043959383885
PPOX	5.39829239615495
CAPN1	5.39543457558958
PIAS3	5.39521191533362
HYAL3	5.39150985731771
MPP7	5.39085550586123
XCL1	5.38660120202195
TBC1D10B	5.38120745412762
MROH1	5.38007879384851
ACER3	5.3797112108665
NFKBID	5.37858784962908
CASP3	5.37828581589235
RGAG4	5.37420708032465
ITGB1	5.37417487438391
FIBP	5.37392700402603
CXorf57	5.37313643036556
VKORC1	5.37301328717379
DYNC2H1	5.37193940436443
MSRB1	5.37122760763527
CCL2	5.36996529432526
ENPEP	5.36910802756049
BBS7	5.36718502682923
CKS2	5.36669022002434
DNAJC10	5.36353936232764
GADD45G	5.36346647157462
PHLDA3	5.35934490301249
GTF3C6	5.35809856732279
NUDT21	5.35769078827753
TTC21A	5.35673943001989
DCTPP1	5.35501472742835
AP001055.6	5.35368842837496
FBXO45	5.35335496462603
MAP1S	5.35145006938974
PTPRJ	5.34988473011456
MUM1	5.345680819225
NRBP1	5.33591807620367
EMILIN2	5.33275694702936
TAB2	5.33273711459771
PGRMC1	5.33197107603137
ITGAE	5.33093937090949
HEXDC	5.33076036016685
LINC00422	5.32559645514507
HDAC10	5.31747588617556
SRGN	5.3141893412324
MELK	5.31135335941362
CCL4L1	5.30582841820717
IER5L	5.30463591895747
ZBTB43	5.30432789871229
RP11-496I9.1	5.30327285146743
CBWD5	5.30321310011285
MEMO1	5.29921140952981
MRGBP	5.2983215021437
PHPT1	5.29614360189371
CCDC124	5.29017254177799
KCTD9	5.28073854339428
MLF1	5.28006013630321
TUBA1A	5.27857071963071
ADSS	5.27630198524176
R3HDM4	5.27323155731174
SUV420H2	5.26875244415365
DAG1	5.26759337681615
CD84	5.26672698774879
PLD2	5.26559252858112
CTLA4	5.26493937069034
AC017002.2	5.2583082097567
FBXL19	5.25622193701184
CYP2R1	5.25510256906234
DHX58	5.25487300288614
CCDC40	5.24882144251597
RPL39L	5.24878856456838
HMGB1	5.24798490986916
PINK1	5.24501230699508
PSMB6	5.2442180329464
TRIM47	5.24404155063411
HDGFRP2	5.24356684325384
SFT2D2	5.23656329526252
CASS4	5.23593566944909
NBL1	5.23478754899544
GNAI2	5.23369013468321
SRD5A1	5.23248733364622
EFCAB4A	5.23230900563356
CAPZA2	5.23121688904199
STAC	5.22329538684369
PDLIM4	5.22187925027352
LRRC45	5.21999567631124
ZNF267	5.21156781414914
NDUFS6	5.2113520676143
PPP1R12C	5.2100228170062
PGBD1	5.20991847865115
TM6SF1	5.20941115087554
CTA-384D8.35	5.20780078657451
CKAP2L	5.20498815840255
RP5-1024G6.8	5.19819844134513
MFSD11	5.19540390318643
C11orf49	5.1909474219296
ZSCAN22	5.19023343029511
CNTLN	5.18987246990573
ERF	5.18870603860946
TLN1	5.18776810976898
ASXL1	5.18748235563745
TMOD3	5.18634386419569
TMCO3	5.18394634220814
PPT1	5.17773137912043
C3orf14	5.17542035603669
ZCRB1	5.17420885371657
PQLC1	5.1710675750203
CAMSAP1	5.16617610192613
CD101	5.16607181083034
IFI27L1	5.15951931328244
BOD1L1	5.15326791103536
MGST3	5.15289507863366
NR1H2	5.15261416639466
MCF2L2	5.14861621072338
DDHD2	5.14749910104606
CIC	5.14698440229525
AP1G2	5.1443466031343
KIF21A	5.14368263899852
IVNS1ABP	5.14115061234444
RNF187	5.14081617779064
TSG101	5.14080997810374
DUSP3	5.13988470457083
ZNF71	5.13740941131431
GPR174	5.13323085255645
GINM1	5.12521442787929
AGPAT3	5.12514117313158
FAM134B	5.12333933537216
MAPKAPK3	5.1227272945483
LINC00158	5.11724632539258
FAM212A	5.11670025477587
AKAP2	5.11505627782586
MGAT4B	5.10738048131802
DNAJC9	5.10579543298072
SRGAP3	5.10463122809434
CENPB	5.10349329202314
FAM184A	5.10274452079664
SAMD9	5.09856276066931
PIM3	5.09822392921588
GZMB	5.08936929553617
CDYL2	5.08719107293729
MAP1A	5.08566381095458
CCDC88A	5.08245083852819
RALA	5.08168964144658
LRTOMT	5.07529207442306
RP6-99M1.2	5.07295330461669
PITPNM1	5.07139457996085
RFC2	5.07086447537652
MUC12	5.0705817642983
WDR76	5.06936552400371
TMEM259	5.06648376377396
AKT1	5.06331819975856
FBXL3	5.06330212452904
PRR24	5.06322433659659
RAB11FIP1	5.06202633035635
TOX	5.05864110564624
RRAS	5.05625612830989
ZMIZ1	5.05329192462487
LARP1	5.05189387059614
TFDP1	5.04623669737831
FAM134A	5.04528621568721
FLII	5.03954456031765
LRRFIP2	5.039439488133
HLF	5.03880963329668
CASZ1	5.02913510849101
PPAP2A	5.02622272645996
OGN	5.01901820977561
SSH1	5.0187172184618
ZCCHC2	5.01784446705451
SLC2A4RG	5.01619760502069
LXN	5.01107418782684
ZNF101	5.0081061372847
TIGIT	5.00785971697629
RP11-398K22.12	5.00715637956334
MSR1	5.00324669803591
A1BG-AS1	4.99909582835951
KHNYN	4.99850542889792
PRRG4	4.99748340903855
C17orf62	4.99674646278061
DNAJC5	4.99220482177595
SPTLC2	4.99076110155478
ARHGAP33	4.98845357619159
TGFBI	4.98838446839143
PDZD11	4.98760052271746
RLTPR	4.98737483079823
ARL8A	4.9823935700451
ADCK2	4.97931665041515
NUSAP1	4.97693915971172
ANKRD12	4.97602453103776
C12orf5	4.97370193454647
HIST1H2AI	4.97337511393131
SARNP	4.97173098758807
AUTS2	4.97058883095046
C9orf169	4.97056266438817
UBE2I	4.96868762078178
ZNFX1	4.96866235283776
ITPR3	4.9660734760223
NCOR2	4.96427385131191
HDGF	4.96291424928433
TAOK1	4.96180618759601
MSI2	4.95998760608774
BUB1B	4.95915856835991
C6orf1	4.95525342169357
SNTB2	4.95481379331961
ANKLE2	4.9488828697464
MIR1587	4.94808996309969
AFAP1L2	4.94802254191074
GALK1	4.94277437554264
CALM2	4.94033762329954
CXCR6	4.93876786428611
FPR3	4.938060803766
PRKAR1B	4.93516223582064
WHSC1	4.93386935138126
RP11-90D4.3	4.93020924935317
GOLGA6L4	4.92923961944988
ILDR1	4.92722732853843
CMTM3	4.92454417117576
PLEKHG1	4.92416685485163
CHST1	4.92343566312621
FAM35A	4.9217018530269
TPCN2	4.92057195598542
STK24	4.9164008552506
KIAA0247	4.91097546634301
DBI	4.9108534024402
ENDOV	4.90761388312857
TOP2A	4.90575232474044
SMG1	4.90451025598125
ATG9A	4.90232486209502
NOTCH2	4.89902909048949
CAST	4.89698794017826
SNHG12	4.89155123696329
PIEZO1	4.89145204618265
MBD6	4.89000780825774
CASP6	4.88981722485277
PSENEN	4.88642148358951
ZCCHC24	4.88388744072995
GNAS	4.88381411706053
PRRC2A	4.88240966284201
NOP14-AS1	4.88095527315145
PRKACA	4.87505222189186
FOXO1	4.87223084749011
ZSWIM8	4.86272098681564
VEZT	4.86147380778405
PTPRF	4.85931568206244
PSMC3	4.85920258974989
EPDR1	4.85867584897998
ATXN7L3	4.85611940288482
RHNO1	4.85404184482924
ARHGEF35	4.85181064238267
REEP5	4.84194031083641
CDKN2B	4.841920355361
DAPP1	4.84150750212026
SESTD1	4.84108915978359
KDM2B	4.83712420842169
MAFG	4.83696134349117
CLPTM1L	4.83689745501634
PPP1R16A	4.83438111738409
ANKRD36	4.83420104147641
KPNA6	4.83323911752137
SMPD3	4.83194244756013
RTKN	4.83058632160435
EBI3	4.8291445790095
STRA13	4.82780253744314
STXBP2	4.82570863310721
MICALL1	4.82527014821527
KIFC2	4.8252225968679
PCGF3	4.82442565512799
TNFSF4	4.82161785355952
FAM105B	4.81941530205013
BAK1	4.81798363600008
FAM53B	4.81773943589318
NDUFB8-1	4.81708988365956
DCLRE1C	4.81662275729501
NRAS	4.81589389323223
ARSD	4.81362695957414
PIAS4	4.80393339073874
CNIH2	4.79576367152327
NSMF	4.79458621690003
C18orf54	4.79290963682458
MAP3K3	4.79072547535175
ADARB2	4.78446066335898
C12orf79	4.78293239616863
H6PD	4.78191852578501
MTHFD1	4.78120076506526
FBLN7	4.78045369178405
RMI2	4.78030283278183
WIPI1	4.77766709435938
EMR2	4.7770597619969
CTCF	4.77647761530975
MYO9B	4.7762524859796
KCTD2	4.77594796625613
RNF207	4.7730716408161
PSRC1	4.76517238028132
SIGLEC10	4.76392430024895
TXNDC15	4.76382974166572
ADM2	4.761203716562
RAB11FIP4	4.760950387768
AK1	4.7604465005504
SLC4A8	4.75943495378332
IFI30	4.75400674682225
DYNC1H1	4.75354368239812
ESCO2	4.7530782094843
FAM101B	4.75286355822415
RP11-545E17.3	4.75161130432025
PAPD7	4.74773306958799
NPIPA1	4.74238899079757
WIPF2	4.73778486187077
PSMC3IP	4.73649120848617
CDK2	4.73433990838376
NOP10	4.73342131224872
TTC24	4.73108542290626
RP11-145M9.4	4.73080813274114
MAP7D1	4.73056125312414
TRIM35	4.7291058073991
C6orf89	4.72580091161267
UFD1L	4.72531539368061
ARHGAP31	4.72380942276205
PMEPA1	4.72260783488135
GPRIN1	4.72102172882836
JUND	4.7175352949765
TPI1	4.71501614306751
IFIT3	4.7137789686124
C6orf62	4.71319339204661
SMARCD2	4.7097998953976
FBXO6	4.7050711485187
YWHAB	4.70376901518309
ACYP1	4.70354438960498
PFKFB3	4.70212141115204
EVC	4.70034731330884
MIR4435-1HG	4.6949555835969
EGR1	4.69301501120337
MZB1	4.69254159613481
BTBD6	4.69141037268144
RASGEF1A	4.68921925011479
PLCD1	4.68892255326111
FXYD2	4.68763876745543
FAM89B	4.68726280531726
B4GALNT1	4.68555557412136
LGALS9C	4.68509848290535
CSNK2B	4.68309202998369
SLK	4.68242962424046
ZNF831	4.68107192830569
TMTC4	4.68097297465956
CCL3L1	4.67971013571004
ELK4	4.67941133564184
FAM50A	4.67744133564736
NUDT1	4.67433005801018
MAPK1	4.6728464661814
ITPR1	4.67260201912586
C5orf30	4.6721800842083
TMEM19	4.66941102876674
MT2A	4.66589293308238
MAPK6	4.66484821393454
AC104820.2	4.66407647763463
SPSB2	4.66236937086124
GNB5	4.66100952090175
ASB2	4.6593031104381
BTBD10	4.65884735022556
CLEC5A	4.65858320585719
BRI3BP	4.6573691981644
IFT81	4.65661776886687
MBOAT2	4.65353631721246
PET100	4.65317058323702
NIPSNAP3A	4.64943933004362
REXO1	4.64233175015214
PI4KA	4.6422619391533
C16orf80	4.64189081137797
PLIN3	4.63869702343648
CENPM	4.63710296377173
MARK4	4.63491070724972
ZBTB17	4.63185622309412
DDIT4L	4.63100007654107
POLR2K	4.62960365325713
LONRF1	4.62849990915327
IL4R	4.62761103096234
PANK3	4.6269183402415
CNP	4.61796141045847
ATF7	4.61497377326224
SFMBT1	4.61248463614053
LRSAM1	4.61228962349208
TREX1	4.61102588625297
RP11-61A14.3	4.61029391854548
TMSB4X	4.60951764922054
GNAI3	4.60951640058973
RBM8A	4.60843875853833
NACAD	4.60496215049021
SPEN	4.60458463196107
CCDC23	4.60206234931466
ALMS1	4.60008299900996
METTL17	4.59945890961471
CSF2	4.59909316278405
PDE4B	4.59744819103775
ABHD2	4.59472922696842
MCAM	4.59390016596046
SUOX	4.59326842276533
KIAA1524	4.59153292644265
EHBP1L1	4.59034020004641
PFKL	4.58864292276872
FAH	4.58594595503239
NPIPB4	4.5848687017061
RCC2	4.58330874124063
TIMM17A	4.58195616671223
RAD51AP1	4.57852322998308
WIPF1	4.57744215676491
GPS2	4.57692482171222
BMF	4.57649622470379
RAB21	4.57626325447204
FZR1	4.57600621528675
CCL18	4.57419581291711
RBL1	4.57258861563446
GPAA1	4.57124715764054
TCP11L1	4.57122388488138
VPS35	4.56974111997288
MCOLN2	4.56826172273384
PRELID2	4.56803628478058
MYH9	4.56762778566658
GOLGA2	4.56674113072399
TMEM127	4.56416342804692
YIPF1	4.56366808173786
KIF18B	4.56365886769027
VSTM2L	4.56313441575625
PLA2G15	4.55919220675958
C3orf67	4.55111052917255
GEM	4.5509179717974
XAF1	4.54941238310579
SLC25A14	4.54782970473584
C1QB	4.54704402517348
CSGALNACT2	4.54519761550923
ADORA2A	4.54423105391522
CCDC28A	4.54276149413375
KIAA0232	4.54256625145761
MAP3K14-AS1	4.54236405480931
GUSB	4.54211010665355
COX7A2	4.53986302179654
SRI	4.5351421783986
NPLOC4	4.53462395644931
WDR13	4.53366198308131
CMPK1	4.53244812127476
TAP1	4.53076252443653
UBE2C	4.52942885600232
ZNF704	4.52478805220698
HTT	4.52273711037571
FANCI	4.52088048940174
NHS	4.5189847216316
DAPK2	4.51870040210611
COX17	4.51632571266468
OGFRL1	4.51566392977297
CNOT6	4.51149578532886
ZNF571-AS1	4.51120304479297
ZNF79	4.50990717195621
RILPL2	4.50983547777613
GCA	4.50797447284724
HTRA2	4.50659036229724
ACOT4	4.50595643130593
SPP1	4.50493981055852
PIN1	4.50455819842083
IRF9	4.49923494281607
CHFR	4.4983633554439
POLK	4.49814874467757
FAM214B	4.49796510342978
CASP7	4.49769467653593
SREK1IP1	4.49393166148471
STRN4	4.49357585028724
MDGA1	4.4902167571337
CKLF-CMTM1	4.49020355912948
SNRPG	4.4901824287206
RP4-647C14.2	4.4899381134988
CARS	4.48716827756734
BOLA3-AS1	4.48468052206418
FLVCR2	4.48431163075881
SGPP2	4.48120869735694
GSK3A	4.47880015221357
AURKA	4.47777251658554
PSD4	4.47773527135979
SH3GLB2	4.47208894587936
ZFP28	4.47077390655953
PARP12	4.47009665293096
TUBA1C	4.46937182623686
SLC38A5	4.46864728786261
CORO2A	4.46730827256785
HTRA1	4.46698143030874
TUBB3-1	4.46567279900494
AKAP9	4.46362072402032
SLC4A11	4.46304791893807
TNFSF10	4.46293766476105
SPOCK2	4.46089319480907
HIST1H2AM	4.4578074795294
ARNT	4.45480843866218
RUFY1	4.45359067238923
MRPS36	4.44313997477919
TRIOBP	4.44287424064107
ARSA	4.44187790660366
ATP13A1	4.44004553581978
PARD6G	4.43874011271877
SPC25	4.43838858817439
MGME1	4.43811986044027
ADPRH	4.4360728058478
PPP3CB	4.43603680479684
FAM96B	4.43545656749416
ZC3H12D	4.43441223864926
B3GNT5	4.43375532013315
HN1L	4.43294172088951
PARVB	4.43041064255782
ITGAD	4.42372547842439
RAPGEF1	4.42264848756536
PGM1	4.42057914844982
RC3H2	4.41887500752491
ENSA	4.41741379488642
DIAPH1	4.41318100169444
YEATS2	4.40696369085163
FAM115A	4.4036099202781
SCARB2	4.40098263629786
ATP5E	4.40042250649913
ARHGEF40	4.40037826243048
CFL1	4.39772467225199
CCNYL1	4.39661990600024
LPCAT2	4.39582202232307
BIK	4.39558311383266
C14orf79	4.39463550431068
DNAJB5	4.39353270884828
DDRGK1	4.39122033149887
TRMT6	4.39088049366887
GFOD2	4.3903574982875
RNASE1	4.38975879341577
E2F7	4.38780814115507
ATXN2L	4.38631332341146
TUBB4B	4.38530653783034
MAMLD1	4.38355542552311
FGFRL1	4.38086848576884
DIXDC1	4.37995358957174
TRIM37	4.37941465933565
ADCY7	4.37732740498213
PRKX	4.37720890027795
TCN2	4.37377130039746
SP1	4.37317832007701
AKAP11	4.37296812357456
FARP1	4.3710574275061
AP3S1	4.36732326691905
RP11-493L12.5	4.36467454273232
KIRREL2	4.3624059018168
BID	4.36200735765495
ZNF213	4.36172546345696
PARP9	4.36045149347682
EZH2	4.36006982192515
SLC35C1	4.35949345375921
SLC8A1	4.35593320995862
MTMR10	4.35449019576765
TLDC1	4.35111760320488
TSSC4	4.3503900895168
ATAD2	4.34873588668375
PICALM	4.34804806433353
ASAP1	4.34493394585547
LUZP1	4.3442412710749
IFI44	4.34253218958373
PQLC2	4.3403935634018
SMC3	4.33736381968874
CLCN7	4.33615123156802
DNAJC13	4.33569446539013
SPOPL	4.33412340875149
TNFSF12	4.33276081336694
FAM20C	4.33182528133032
KMT2A	4.32995370593785
PIK3R6	4.32848505440486
HERC5	4.32775781000976
RARA	4.32383953481215
ADAM17	4.32345046103545
CD109	4.31817331598069
LHFPL2	4.31790398753669
SERAC1	4.31717808288659
CD151	4.31526190866161
ZDHHC18	4.31424599059357
RP11-379B18.5	4.3134851507809
FAM85A	4.30938906802027
ATP6V0B	4.30767227422831
KCNK6	4.30505804409624
BDP1	4.30066928801917
KIF18A	4.29906201905598
MSN	4.29474000455874
UCP3	4.29466848917331
CDC34	4.29354576769782
RTFDC1	4.29138439495747
TFE3	4.28693621879211
GRN	4.28446253156822
TUBA4A	4.27892742715727
NUCB1	4.27855011737995
DYNC1LI2	4.27789269361392
APOC1	4.27551352786722
CORO1C	4.27366129032514
TAB3	4.27257095475635
AC023490.1	4.2693127333417
ATP8B2	4.26915135549014
SAPCD1-AS1	4.2677961508791
NEDD8	4.26708016979562
NRBP2	4.2657204807092
GRIPAP1	4.26499622019685
MFSD10	4.26338646570332
PAFAH1B3	4.26061693139482
CDKL1	4.26018753887549
EPS8L2	4.26009070756156
ADRM1	4.25861430127717
AIFM2	4.25703337656031
PPP1R16B	4.25540186630943
GLUD2	4.25525328180909
HAVCR2	4.25353673007539
RAPGEF2	4.25315530773935
CKB	4.2522246333985
BTNL8	4.24989054529073
AC020571.3	4.24668460679991
SGTB	4.24644343024782
IL1R2	4.24606273806884
GZMA	4.24574644579036
MIDN	4.24571506135733
C19orf70	4.24568669930428
HSD3B7	4.24554457444954
RECQL	4.24429907858525
GPAT2	4.24282118465393
CDV3	4.24171150467878
TRIP10	4.23962188064458
GLUL	4.23891380435796
SIK3	4.23710157913204
MRPL47	4.23676600929711
ELMOD2	4.23655405217813
OCIAD2	4.23205026835258
LAMP2	4.23098489106565
ZNF449	4.22729480511368
KLF4	4.2256943454897
YIF1B	4.22424017010277
ATF3	4.22405312181229
KIR2DL4	4.22293637288902
KBTBD2	4.22175359391333
C1orf198	4.22108536796902
PPARG	4.21881354187505
UBE2Z	4.21863770936425
IRAK1	4.21503916045438
RAB10	4.21182745953607
ANKRD11	4.21160113978479
AZI1	4.21077409706496
TRIP12	4.20811063048196
PPP4R1L	4.2081084888211
AD000671.6	4.20406901063439
GRB10	4.20236748560194
EFNA5	4.20205570384449
ITPRIPL2	4.20164243633452
TRPC3	4.20096858376812
COPE	4.19969273848581
CASC7	4.19808946808006
ARF6	4.1973562300551
DYNC1LI1	4.19549826844851
TGFB1I1	4.19226190923268
RAB3GAP2	4.1894213703092
C1orf159	4.18733821494123
USP24	4.1870189953405
MTSS1	4.18701555711375
TBC1D20	4.18623752608453
DNPH1	4.183847101049
RNF213	4.18162960012474
DARS	4.17906898281749
AHDC1	4.17785524103772
EIF4E2	4.17298554419706
LINC00937	4.17192500256289
PIP5K1C	4.1691025109936
EHHADH	4.16896860265527
WASH4P	4.16849290839646
CLTC	4.16760312070458
SMC2	4.16757996439499
AC131056.3	4.16497077667328
SUZ12	4.16030123093405
PCYT1A	4.15933945526019
RBBP8	4.15891995281306
CYSLTR1	4.15849114428389
NARF	4.15836085549378
RP11-292F22.7	4.15802501250396
ECI2	4.1563956116528
ZNRF2	4.15483379697867
PVR	4.15427821874404
KSR1	4.15332184728798
CHML	4.15283537614415
AC003102.3	4.1511099464084
ANLN	4.14730269568648
KIAA0368	4.14504828501272
DNAJB2	4.14413701077886
TP53INP1	4.14347396841195
COX8A	4.14106468702998
SH3BP5L	4.13989257668914
GIPC1	4.13941750164466
HLA-DOA	4.13883645380299
KIF23	4.13841672564992
FBXO5	4.13773149834789
SGMS1	4.13556866949652
PARP14	4.13467417541945
GPR35	4.13370369195633
CDCA2	4.1302713686171
GINS1	4.12455384418732
AC008440.5	4.12421687206649
E2F8	4.12407793149597
RP11-27K13.3	4.12375589712091
CCDC90B	4.12291468735385
NBPF12	4.12274760421275
TTF2	4.12269888620121
IDH1	4.11902095292567
FANCL	4.11885705422174
PRRC2B	4.11855072926142
HS3ST3B1	4.11692549627505
SIT1	4.11682312379006
ITGAX	4.11447405991052
ATP8B3	4.11442177811153
FKBP1B	4.11403731544249
ST8SIA1	4.1139019773676
C17orf66	4.11338926468294
GSPT1	4.10744558565373
CDC42EP4	4.10733834343299
OSBPL11	4.10672143892122
MBOAT7	4.1066473048216
KMT2D	4.10605144331415
GALM	4.10179108380152
RGS13	4.1016028839254
TPRG1L	4.10025637825394
PSMC2	4.09982939403657
RECQL4	4.09928201303752
ZRANB1	4.09321225074161
PSMB3	4.09282186068766
INPP5E	4.09184956251865
SAMD1	4.08761523831001
NAALADL1	4.08355842120043
BCL2L11	4.08266848716085
PKIA	4.0809372825074
COLGALT1	4.08024348720485
BTN2A2	4.07918105529479
FAM20B	4.07829199044088
TATDN2	4.07769855291099
YPEL5	4.07752100115255
MIF	4.07752024447506
SERHL2	4.07678592444557
KIAA1671	4.07600353447189
C17orf103	4.07253660665644
KLHL6	4.07229735513669
MXD3	4.07132086659794
PCBP1	4.06963349911223
ERCC6L	4.06916583894722
PAK1	4.06878257841735
TP53I13	4.06608533151814
SPAG9	4.06548751284335
CAP1	4.06543706503542
FAR1	4.06432725654579
SETD1B	4.0642449365251
KNTC1	4.06348003243596
RNASE6	4.06130942727734
ATP1B3	4.05949161093962
HNRNPUL1	4.05725794460142
EML3	4.05671437272907
OLR1	4.0562853629359
UHRF2	4.05536856194503
TANGO2	4.0553342743206
COMT	4.05440067898502
RGPD2	4.05386076205513
DDA1	4.05298861960412
MAZ	4.04925375048607
DCLRE1A	4.0487128460649
PDE7B	4.04867110580871
E2F2	4.04860689936308
MREG	4.04552858122113
SAMD4B	4.04550060846931
CERS5	4.04473885672815
NIT2	4.04424808621189
ABCC1	4.04354482856564
GDPD5	4.04231171363041
SLC30A1	4.04037342106676
SLC36A1	4.03932461290487
FAM195B	4.03928102524294
POLE	4.03619983385959
VAV2	4.0347446542839
LRRC42	4.0343301987364
RP11-14N7.2	4.03023880437879
PPTC7	4.0294874592638
NDRG1	4.02763843630302
NINL	4.02685286187272
CENPF	4.02639460482651
GPI	4.02618847278969
MTHFD1L	4.02576577007104
FBXO43	4.02487510123054
CHN1	4.02480413213985
SH2D2A	4.02469542724677
NAB2	4.02283036942225
IFFO2	4.02236708687252
MINOS1	4.02224805468733
FXR2	4.02137192914105
CHMP4A	4.01987945873807
PGLYRP2	4.01949110460708
NCOA1	4.01762433407142
IKBKG	4.01628502890797
DDIT4	4.01621541968301
LZTS3	4.01597877494543
VAMP8	4.01393903947952
WDR47	4.01308454928382
SYTL3	4.01260647103717
PCBD1	4.01064444884235
AP003774.1	4.00943773171269
EP300	4.00501737356988
RTF1	4.00440530685909
NUP153	4.00394327782347
SYNE2	4.00194477583455
PCNA	3.99918369645298
OTUB2	3.99828892588284
PPP2CB	3.99729202229605
MLH1	3.99512231546187
FAM110A	3.99481752692058
TAPBP	3.99207943143966
KANK2	3.99181449552574
WASF2	3.99021746438159
RIBC2	3.98628240869988
ANKH	3.98609211649066
MESDC1	3.98601668684639
IGFBP6	3.98411928900571
ATP5EP2	3.9823366410632
HLA-G	3.98200669357837
KCTD20	3.98117041035355
CENPU	3.98087505339609
ANKRD37	3.98017580621506
PIK3CD	3.97905615762446
UPB1	3.97843905717743
BCAT2	3.97685348067427
PDP2	3.97539546840919
FGD2	3.97047162608396
PDE1B	3.97016425559762
CDCA3	3.96968319161539
ATP6V1E1	3.96870813998332
DIAPH2-AS1	3.96761710361462
RANGAP1	3.96668573863763
RBCK1	3.96583463934205
TSC22D3	3.96292885284524
CHAF1B	3.96056639328549
TMEM191C	3.96005013302872
DUSP23	3.95910566239189
CNNM3	3.95775851436919
JAKMIP2	3.9571035823975
TUBB2A	3.95557075590607
BATF	3.95454335089342
HOXB2	3.95413474116012
B3GNT9	3.95412461542232
GOLGA3	3.95088012094937
RIF1	3.9504289141285
RAP1GDS1	3.9502276665117
INPPL1	3.94997723111302
RPA3	3.94906648726185
PPP1R13L	3.94901252835681
APOBEC3B	3.94894412391687
TRIM21	3.9447172014329
AGFG1	3.94319627542441
ZNF682	3.94241760246457
ACACA	3.94126643493636
STIP1	3.94105722566185
PAM	3.93833280124952
SS18	3.93689304234781
ZNF787	3.93688987747929
DHCR24	3.93670673273653
BSPRY	3.93621454638239
SRF	3.93594729335823
FUT8	3.9349340242799
DOT1L	3.93205001564434
PSMD14	3.93099639458585
EEF1A2	3.92913937002893
RP3-477O4.16	3.9291218786259
RNF220	3.92808215548215
DYNLL1-AS1	3.92575687444691
ESPL1	3.92417692375307
BRD2	3.92187855379581
NCF1	3.92010544475115
ARL6IP5	3.919470278774
RABL6	3.9177525300715
DICER1	3.91640881873957
DLGAP4	3.91588130276735
MAGED2	3.91432059859984
MPP1	3.91419931522285
KATNB1	3.91418585181026
MIR497HG	3.91234117265922
UVSSA	3.91214820171215
CHEK1	3.91151988284406
TCTN2	3.91035524950124
GTF3C4	3.90999253372473
UBL5	3.90931998751388
DENND3	3.90874615434416
HGS	3.90325690778396
KIF14	3.90154517213094
TRIM24	3.90049401170942
UBAP2	3.8919631419775
TIMM17B	3.88893323655489
CISD2	3.88642188765802
CAMKK2	3.88498224981602
RP4-800J21.3	3.88189048021119
SNX24	3.87963715237235
IL1RN	3.87948798162536
HJURP	3.87215808228026
MAP7D3	3.86855897480527
CCDC102A	3.86375562785931
TMBIM1	3.86351493169499
PRKAG1	3.86291976886111
CLEC10A	3.86152017966391
MAD2L1	3.85795033404666
ECI1	3.85769819388072
SMURF1	3.85427066737261
HCFC2	3.85359743615691
HEG1	3.85155695335384
KIAA2013	3.85135543389725
SFI1	3.84855086076419
ASPM	3.8484616242195
DNAJB6	3.84823142709379
STIL	3.84739396121528
NPIPA8	3.84694124128313
NAGS	3.84692182997879
SAP30	3.84566874748031
ADNP2	3.84491176405326
RANBP3	3.84390932924132
THEMIS	3.84196451289258
IPO9	3.84129295635558
IQGAP2	3.84033281263336
PSMD10	3.8336722706035
LRRC37B	3.83290944053982
PDCL3	3.83289209635757
FUT4	3.83200990391863
JKAMP	3.83154970590946
PSMA6	3.83105631187345
PAFAH1B2	3.83027689674362
TNFRSF9	3.8297647488196
KIAA0040	3.82863145363194
ABHD6	3.82538491582503
VPS54	3.82382255564757
PSMD9	3.82171629244594
TSPAN17	3.8215816787326
NPIPB3	3.82138915214042
CTC-503J8.6	3.81997708705388
TNF	3.81969177975869
TRIM62	3.81717395857899
RHEB	3.81031695023874
RANBP1	3.81029411816488
GPSM1	3.80851287756164
CBR3	3.8072785360188
LIX1L	3.80531021069013
ATP13A3	3.8044272888876
CD6	3.80440644706737
GNL2	3.8038353516219
XCL2	3.80153102016237
SAPCD2	3.80147637128943
LINC00035	3.8009502571312
ACTR1B	3.79974036175297
DLGAP1-AS2	3.79869050560298
GABARAPL1	3.79789339990142
NAP1L4	3.79453088505461
RP11-109E24.1	3.79418217068918
ZNF699	3.79194510611206
BLVRB	3.79179328134353
VPS26A	3.79032052504953
ENTHD2	3.78998202063912
PFKFB4	3.78843253631351
CFLAR	3.78559343062497
TMX4	3.78336144894296
KIAA1683	3.78225050049156
SEPHS1	3.78199235165996
TRIP4	3.78098107823596
AC083949.1	3.77951280669463
STK11IP	3.77938065265226
SPATA6L	3.77929716982865
PMVK	3.77362858491502
ATXN1	3.77258744304336
ATP11B	3.77166923869274
TBL1XR1	3.76628762255603
RFX1	3.76549431021481
FAM104A	3.76343649350633
TPM3	3.76258291535855
MMRN1	3.76065303277745
EPAS1	3.76014767391641
AMZ1	3.7585672781241
ACAT2	3.75850871606249
CDCA8	3.75849435643158
AC026806.2	3.75809578879373
FAM111B	3.75737975483721
STK3	3.7572732913247
C22orf24	3.75667822895871
SECISBP2L	3.75551478539706
HECTD2	3.75397154735415
MYO19	3.75137328108917
VMP1	3.75080028008475
NCOR1	3.74877896089252
GAS2L1	3.74813030809058
CORO7	3.74773046152923
ARRDC3	3.74478078527203
ACD	3.74258131662391
MAP3K9	3.74151254467862
CPPED1	3.74131413004273
WDR90	3.7355005881409
FOLR2	3.73475364170428
LARP4B	3.73447811698862
ZNHIT1	3.73212637332582
MCM3	3.7321088259065
ZBED4	3.73134954143278
SPRED2	3.72814698446884
IL26	3.72713252944222
HMGCR	3.72679970546883
PTBP3	3.72653874084894
CARD6	3.72610735243363
IL21	3.72608519895002
YPEL1	3.72370967153926
IFI27	3.72246508735464
RIC8A	3.72068354187687
ACTG2	3.71972629959516
WDYHV1	3.71945929987027
NUMA1	3.71869398002024
FBXL8	3.71845833393744
CD80	3.71716921308432
SSBP4	3.71648499494972
IRF2BPL	3.71266994473998
TMEM14C	3.71142858145083
NAA50	3.70832257767631
VLDLR	3.7080906284391
PPP3R1	3.70763677829798
HIST1H1B	3.70725434253091
THAP8	3.70689222792663
FANCG	3.70530463204655
CD300C	3.70517169944971
TMTC3	3.70498178126901
ENOX1	3.70343905384914
STX11	3.70284196107696
CCNI2	3.70186791657554
ACSL1	3.70063590323548
VCAM1	3.69885328342368
LRPAP1	3.69083490103272
CHD4	3.68990447032175
GPATCH2L	3.68827877314183
MEGF9	3.68779271290072
CTDSP1	3.68582047823697
CXorf40B	3.68568085960052
RNF121	3.6842879094354
NTRK2	3.68226270915699
TRIM13	3.68203702850586
RHPN1	3.68170798670838
C1QC	3.67818574134273
IKZF3	3.67597663543196
CCDC71L	3.67505412446271
SNW1	3.67414632364513
ASNA1	3.67386731063916
CNPY4	3.66925300574024
CAMK1D	3.6691633696024
NPIPB5	3.66916208911197
MAST2	3.66914404892308
UFSP2	3.6670607700941
RNF103	3.66683586749408
SAMD10	3.66617602288086
RRBP1	3.66260214900499
ZNF233	3.66057400823502
RASGRP3	3.65981293673635
NXPE3	3.6575540022096
NT5DC2	3.65739209529773
MVD	3.65712027579002
PTGIS	3.65361891421393
CHMP1A	3.65332918179255
COMMD5	3.65330525077711
SPAG4	3.65303189285089
GCHFR	3.65175068286719
FDXR	3.65135757507795
CYBA	3.65121137742904
YIPF5	3.65103969848675
SNCA	3.65024219949502
TMEM65	3.64777045081421
FOCAD	3.64745952931921
DEK	3.64619118857198
SAP30BP	3.64597347536495
EMC3	3.6453961299055
KB-1732A1.1	3.64428400734783
TAX1BP3	3.64427597870532
SKA3	3.64342998172996
PLCG2	3.64248129383984
TOB2	3.63959278596564
TPX2	3.63898480447112
TMED8	3.63873028278235
CHSY1	3.63594633333174
CHTF18	3.63521008790625
PDXK	3.63402614423857
ZNF672	3.63346747962495
FOXP3	3.63222978597911
H2AFY	3.63174901511708
C15orf52	3.62803180980878
COL18A1	3.62601297732733
CDK5RAP2	3.62510658661383
ABCB8	3.61815473212269
ZFHX3	3.61778314834611
NFE2L1	3.61715328078243
LRP10	3.61561788976768
UBXN11	3.6156093957226
MB	3.61352109050969
TMEM234	3.61140297523213
CTB-51J22.1	3.61056987253571
DNAJC21	3.60967674532677
OTUD1	3.60957182436045
F11R	3.60870230633421
HIVEP3	3.60749743014934
GAB2	3.60707038717357
ATP13A2	3.60672992119768
RAB33A	3.60652595876752
BSG	3.60640079226458
CAMKK1	3.60631617239995
KATNA1	3.60498533908806
IMPA2	3.60445083574197
PRR14	3.60338256267374
DNASE2	3.60285813808298
LLGL1	3.60097310159752
RMI1	3.60036390469658
MEI1	3.60017248058353
MRPL36	3.60008397583846
ZBTB32	3.59895015253261
CMAS	3.59784380896584
MIR22HG	3.59681662051106
TTC31	3.596768968521
KIF24	3.59587140553711
CKAP5	3.59340468953261
LY96	3.59309965539309
ZNF584	3.59138892471753
EIF2S1	3.59063583846144
GIT1	3.59001455512424
IKBIP	3.58956874271641
GPNMB	3.58350123269624
KIAA1522	3.58324517053945
ZNF821	3.58068354017434
PSMD1	3.58058309996594
FXYD6-FXYD2	3.57887334545251
CSNK1E	3.57840049282919
MOGS	3.57752489005978
SHISA5	3.57615112846423
RP1-90J4.1	3.57539535958944
IER5	3.57514745126137
KIF5A	3.57400298220188
RP11-58E21.3	3.5733405256126
TUBGCP5	3.57332079535748
ARF5	3.57330826331239
FANCA	3.57298475577836
TUBA1B	3.57154814273272
HIPK1	3.57137792911125
TTLL7	3.57030005625354
SNRNP25	3.56822985480529
TIMM8B	3.56655061696166
VSIG10L	3.56598346708323
CLASP1	3.56342660695865
PSMD7	3.5602533616339
MED16	3.558065406381
AZI2	3.55778933783821
RP11-89K10.1	3.55630557899668
OTUD7B	3.55595479839373
JAK3	3.55390695843293
MRPL28	3.54975951294539
TRAF2	3.54864125590701
KIF21B	3.54533757021726
RAB13	3.54322540298017
RP11-834C11.4	3.54188282850169
RFFL	3.53920514448516
SMURF2	3.53533508313275
HMGB2	3.53456251937253
MCMBP	3.53383944784636
ADAM8	3.53205761397204
MRPL13	3.53151508578147
CHMP5	3.53064342596825
MIAT	3.53035733129978
GNG5P2	3.5293747018911
UBE2W	3.52766646264442
RABGAP1L	3.52607163530964
LRRC37A3	3.52129470415761
TMEM63B	3.51741818787296
LIMD1	3.51682551875801
OTOF	3.51444994273577
RAB3IP	3.51354596781381
NIT1	3.51225308427795
UBE3C	3.51027129935578
TNNI2	3.50866176075368
ADC	3.50801640198709
KAT2B	3.50741211772591
PPM1M	3.50366219237646
KDM5B	3.50262204462151
FAM213B	3.50113798026085
GDE1	3.49918781817325
DTX2	3.49628777673629
TM9SF1	3.49418004547474
APOPT1	3.49373854584909
WDR35	3.49330847655832
TNKS2	3.49267740677024
KIAA1551	3.4921883693103
LRRCC1	3.49179523877378
KIF5B	3.49124995870692
TRIM8	3.49037388862344
RP11-345J4.5	3.48907815572786
SLCO4A1	3.48803426245846
KLHL7	3.4872828207884
CTD-2139B15.2	3.48708262719605
CTC-338M12.4	3.48499048485182
CASP9	3.48269460473295
RASSF8	3.48240104871896
SEPN1	3.48231452013757
MEGF6	3.48187405659016
IL5RA	3.47933970986938
AC145110.1	3.47879868007453
EPN2	3.47715540086919
FAM178A	3.47422804974585
NUMB	3.47395035131154
GZMK	3.47339224075567
WRNIP1	3.47191671138971
AC004381.6	3.47156326925633
RHOT2	3.47147628597802
SYCE2	3.46907166203684
CANT1	3.46839669527545
KCNA6	3.4680169392831
SLC7A7	3.46724099388402
SEC14L2	3.46630792341941
ETV6	3.4651891953668
RP4-734G22.3	3.46327428748551
KCTD10	3.4623382523599
CRK	3.46024673494367
NT5M	3.457666851015
GPBP1L1	3.45666655899766
UBR4	3.45657573429673
HMCES	3.45604239518842
FMR1	3.45537061348357
SNX10	3.45499641087293
TFRC	3.45347891576389
KLC2	3.45336525098651
RNF169	3.4529887603792
EXOC5	3.45297890011868
CCDC9	3.45270027891295
REXO2	3.452032306986
ARL13B	3.44967908936469
PAFAH1B1	3.44944370306335
LEPROTL1	3.44814095505031
TCEB2	3.44770882059914
METRNL	3.44377691792258
ZNF653	3.44332743810567
DENND4A	3.44299911922294
TMEM44	3.43939664867592
NAMPTL	3.43817896752022
CDKN2B-AS1	3.43667354260286
DOPEY2	3.43297282185537
KPNA2	3.43223011026494
CHMP3	3.43205715886539
SMIM13	3.43198299289279
KIF3B	3.43075925198445
AC004158.2	3.4288656089816
AKNA	3.4280607404159
ASB1	3.42794555207873
SOBP	3.42599403056126
KIF1B	3.42570172237224
STARD4	3.42342182858186
TOR3A	3.41935475282421
CREM	3.41890306400001
TRAF3	3.41600963691527
ZNF282	3.41561462959413
USP12	3.41517472275316
SLC2A6	3.41381359616982
CENPJ	3.41352379753408
FAM109B	3.41281578733111
PGAM4	3.41205117271338
ZNF598	3.41149120689366
AC009005.2	3.4107041202584
CLEC12A	3.40842696771017
RP11-290F20.3	3.40784120473838
SIVA1	3.40750002096553
PKP4	3.40671082539611
PKMYT1	3.40474857582099
NPHP3	3.40401172000579
CNNM4	3.40350886422662
SPAG5	3.40278956248699
MAGIX	3.40224759647129
SMTN	3.40022581239413
SERPINE1	3.3980345203517
PPP2R5D	3.39769279700282
SEL1L	3.39321670674228
HEATR6	3.390436522057
NTMT1	3.3890250357741
IGFL2	3.38816762132146
FOXM1	3.38719378028834
ARAP3	3.38703807957546
NTAN1	3.38569754270117
GRM2	3.38467363187234
ANXA7	3.3835600491869
NEU1	3.38265287427052
PARD6A	3.38161583257304
IQCJ-SCHIP1	3.38023585595923
IPO11	3.38009368497967
DPY30	3.37946035732323
PPME1	3.37812306998172
F8A1	3.3775039125859
BIRC3	3.37731091575982
IFNG	3.37699728588051
ANKRD27	3.37697495764172
XPR1	3.37597973603604
OSBP2	3.37568746361715
SDCBP2	3.37552039021519
USP1	3.37459785671843
GRAMD1B	3.37330788231876
KCTD12	3.37277699985933
RP1-111D6.3	3.37081821731739
P4HA2	3.36993728644897
ZNF436	3.36973474237848
MBNL2	3.36878566106766
IKZF4	3.36811713751006
NUDT16	3.3675292073944
LZTS1	3.36706647523642
GLB1L	3.36650231876966
NBPF9	3.36547892395915
CUL7	3.36382922211461
C12orf44	3.36177757380264
KANSL3	3.36128961651873
HECTD3	3.36111872031908
HSPA2	3.36099589174287
XIST	3.36016756540445
NUP93	3.35998433459828
SLC25A28	3.35902487859366
AIM1L	3.35870764551572
PRKRA	3.35436533545413
MYO9A	3.35417933124341
ZNF48	3.35415453808356
CMTM6	3.35385447630688
PLCD3	3.35324065770075
EMC7	3.35303994910632
HNRNPH2	3.35254788173112
CRYZ	3.34935616238065
HIPK3	3.34817978746674
HIST1H2BM	3.34639973153896
VPS29	3.34623567835516
RP11-804H8.6	3.34621594884762
MS4A6A	3.3458844698963
NRIP3	3.34551509223117
C16orf59	3.34530667108577
MTSS1L	3.34528323211313
PHF19	3.34449381274112
RP11-343N15.5	3.34419931964111
NEBL	3.34341853616239
STARD13	3.34267399458433
CEP128	3.34249501047565
MAFK	3.33836318514291
AMFR	3.33824000193075
CTNNBL1	3.33538636222564
SLC17A5	3.33501008763005
ASF1B	3.33394028629771
SUMO2	3.33393218004875
LIMS3-1	3.3327387892283
LGALS9B	3.33181076766993
ABL1	3.33130235428151
RP11-277P12.20	3.33089141789011
LRRC37A2	3.33077868126374
RP11-214O1.3	3.32971859896296
STK17B	3.329361951285
CSF1R	3.32650342106365
DLEU2L	3.32606811740886
CBWD3	3.32567982858453
SKA1	3.32332713321225
SHISA4	3.32147245535705
AMIGO2	3.31970522995944
PIK3CG	3.31965522307954
CABLES2	3.3183393360877
PUS7	3.31802044026106
ETV7	3.31710976475895
MTRNR2L2	3.31676338554044
PHF10	3.31659990086091
TMEM134	3.31520646945706
HELLS	3.31264781903441
RP11-803B1.8	3.31110016757477
MRPL41	3.31091889107274
PREP	3.31042826617423
CCPG1	3.30912823629893
YWHAE	3.30768089290179
ZDHHC13	3.30632169520566
EOMES	3.30598988021301
AC003075.4	3.30538812615301
OSBPL7	3.30433312882578
MGST2	3.30373234410351
SLFN5	3.30255687262517
KIAA1715	3.30147551349625
ATMIN	3.30100657356997
ARPC2	3.29934231352527
TNRC18	3.29877333235457
NKD1	3.29740384419251
MEA1	3.29709383674857
C11orf24	3.29649253281596
MIS18BP1	3.29555874115193
PHYH	3.29403963741961
HLA-A	3.29281493597898
DEGS1	3.29182433564969
NCOA6	3.29089546879696
LRRC70	3.28948819828336
FAM72A	3.28908101853939
TRIM26	3.28791905148222
MASTL	3.2876550989049
MAK	3.28589771140274
GTPBP2	3.2842363924613
TMEM102	3.28359820159119
RP11-532F12.5	3.28292534750929
CBX3	3.28292182011861
MRPL51	3.28283433925205
RP3-508I15.21	3.28227734283678
TPP1	3.28124879246759
PPM1A	3.27940450995452
DGCR6	3.27686984906252
ZG16B	3.27545041703812
FECH	3.27477621843446
CDK13	3.2725072941063
LILRB4	3.27162577528771
LRP11	3.27040902550735
TMSB15A	3.27019743668283
RUNDC1	3.26898802226322
RNF34	3.26803826421291
CD8B	3.26786511249399
RALGPS1	3.26696208612071
PBX3	3.26580710789575
GNG2	3.26540210682066
KIAA1598	3.26508458915865
NCKAP1L	3.26425456561184
NEK2	3.26365752382416
RP11-214O1.2	3.26088438623227
YPEL4	3.25959387041738
CDCA5	3.25572139304377
KLHL2	3.25437608703381
SNAPIN	3.25278230501805
SNX15	3.25213526767358
C9orf38	3.25149276566923
CTNNAL1	3.24976553245371
MOB3B	3.24910684083485
DNAJC17	3.2470801821713
CTC-444N24.11	3.24665955838333
MLKL	3.2462871256427
PSMB1	3.24530773015328
CCZ1B	3.24451975008562
KMT2C	3.244003866545
OAS2	3.24231142032174
CTA-293F17.1	3.24160268890794
HCFC1R1	3.2408013920859
EPB41L3	3.23741995464589
ULK1	3.23670900300116
SGSM2	3.23646041117634
UBR7	3.23562605584062
PLEKHM1	3.23562002415241
APOBR	3.23457090269603
EIF6	3.23025762049945
RP11-442H21.2	3.22804561340104
SCRIB	3.22654034406629
CHRNA5	3.22548823593393
TM4SF5	3.22531419293566
NCOA3	3.2251598309801
FAM160B2	3.22190792349535
RP4-791M13.3	3.22177928280908
TRIP13	3.22019728501743
FAM161A	3.21942661190002
CTSK	3.21867833403077
TNS4	3.21866267790355
RHOF	3.21746552448535
HEATR5A	3.21392662812207
PSMB7	3.21260216141265
OTUD5	3.21252749549808
GYG1	3.21249108096459
ZBTB7B	3.21231379019221
SH3PXD2A	3.21148824704908
STS	3.21061008628078
BUB3	3.20941549452288
AFAP1	3.20776142818455
EGR2	3.20756334130493
FAM193B	3.20604356938023
SMEK1	3.20581832588379
RAD51	3.20561748522933
PPP1R12A	3.20474591657672
AP2A1	3.20439518205268
PLEKHM2	3.20120918940575
SHKBP1	3.20061591150696
LRCH3	3.20037794733511
TINF2	3.1998480355439
SLC39A6	3.1983059653864
RFTN1	3.19666027287508
DNAH10OS	3.19657656041625
KIAA0753	3.1959181213468
FAM126A	3.19567075058258
TTLL4	3.19564014553153
RCOR1	3.19458046642154
RER1	3.19442802675047
ATP2C1	3.19369061060382
POP7	3.19237971660083
ARPC4	3.1917210701262
CHST12	3.19132817129929
BCAS4	3.18968491809337
KIF22	3.18732312769503
RP11-433J8.1	3.18682840235584
MYCBP	3.1864480032682
PIK3CB	3.18623613409769
LINC00672	3.18489509012725
STX5	3.18391655906044
PTPRA	3.18322886443897
IL2RA	3.18068049783721
CBWD6	3.18062832461278
ZNF791	3.18035766179176
TP53I11	3.18016544039737
EED	3.18004592918652
MNT	3.17906186785569
CEBPG	3.1789282713307
TRIB3	3.1784915053476
NKX2-3	3.1780443097487
MGRN1	3.17801646889177
SOS2	3.17699433513391
PAX9	3.17619552254261
PLK4	3.17594953488776
HCK	3.17524191997906
SLC26A6	3.17509980638791
CCSER2	3.17468345905518
PIGS	3.17224205671664
KNSTRN	3.16981805867154
BRAT1	3.16848130072097
ERMP1	3.1680539186249
PLD4	3.16787327330468
UNC80	3.16676909605053
CADM1	3.16624203718949
MPZL3	3.16384381915509
IL21-AS1	3.16367383861596
LPCAT4	3.16209692330255
PPP1CB	3.16135441722202
FAM127B	3.16055969844967
ABCD4	3.15971398547818
FAM131A	3.15940569329
CTD-2509G16.5	3.15896040074425
VPS28	3.1589592749225
NMB	3.15762917153123
RNF19A	3.1572015911439
MEF2BNB	3.1571969065976
GTSE1	3.1565687285542
FEN1	3.15642573158946
PIGQ	3.1564097901267
TTK	3.1556221453826
GPR180	3.15486658776133
CENPW	3.1548021230078
PELO	3.15475797835654
AC144831.1	3.14856201016274
PSAT1	3.14714263676659
CACNB3	3.14673579385235
RAP2C	3.14591225520734
CLTB	3.14396951137554
ZC3H18	3.14238914763765
MSH5	3.14120735598147
STK38L	3.14115115427287
SMC1A	3.14055601659881
DYNLT1	3.13806580885046
ATP11A	3.13724725813076
RP1-153P14.8	3.13639480516214
HMHB1	3.13626524015696
FCGR1A	3.1356700326451
CMTR1	3.13556484808105
TSPAN4	3.13525245790125
IFITM3	3.13268235734622
NDUFA9	3.13209114101843
SCUBE1	3.1320610624072
BBC3	3.1320458542364
PAPSS1	3.13204202552326
DYNLT3	3.13198045640809
ZBTB20-AS1	3.13180622566279
TMED7	3.13172748913927
GOLGA1	3.130826498734
ELAVL1	3.12912640971266
BRD3	3.12909057642193
FBXW4	3.12906285074463
ZMYM5	3.12877176114245
GTF2IRD2	3.12870821026942
TMEM155	3.12842075897521
CRIP1-1	3.12722890769764
RP11-439A17.7	3.12722206191957
TMEM178B	3.12720566900504
BCL6	3.12699417697468
RB1CC1	3.12562954090524
WDR62	3.12388496823305
NLRP3	3.12275769824372
KLRC4	3.12177868333381
MIR142	3.12081302881467
VAMP1	3.12060937749839
KIF4A	3.11940946343517
RAB40C	3.11928877905979
C11orf84	3.11744376367428
DVL3	3.11740024507192
TOX2	3.11505751668137
NDUFB6	3.11473141996234
NELFCD	3.11389330696115
ATP6V0E2-AS1	3.11375473678061
SLC35F2	3.11339053741139
RSPRY1	3.11117837472026
ATP6V1D	3.10944081964455
POLD3	3.10839899759248
UBALD2	3.10707442290448
DSCAML1	3.10672867376947
CLIC4	3.10648686467017
COPRS	3.10503390645037
AGA	3.1040706458425
SYCP2	3.10315872154525
AC008697.1	3.10170817541488
CHKB	3.0992767937037
KLRC4-KLRK1	3.09776643965578
XXYLT1-AS2	3.09697619651001
IDH2	3.09652724107242
ZFP91	3.09427545753901
ROCK2	3.09365065487704
CCDC34	3.09257381263001
MORC4	3.0918858215957
KHDC1	3.091621841424
SNTA1	3.09011587472963
RNF181	3.08878458674874
CEP55	3.08767455155644
TRBV11-2	3.08651168580556
MGAT1	3.08422704894045
TRAK1	3.08422116374244
CUL9	3.08400651422609
LBX2-AS1	3.08345006215934
PDSS1	3.08268090399236
KBTBD6	3.08197131328513
PTK2B	3.08108507055874
PCM1	3.08044036028056
SPTAN1	3.07911327297928
SLC36A4	3.07669557822123
CSF2RA	3.07624612786007
RTN2	3.07619562603278
DPP8	3.07553179262178
FAM103A1	3.07432577928145
RP11-783K16.5	3.07403162255298
INO80C	3.07169146846153
PCNXL3	3.07053583341572
NUDT5	3.07003274957301
TPPP3	3.06936517436376
BRCA1	3.06870586034632
DIAPH3	3.06813033003609
ZC3H12C	3.06750769864888
C11orf48	3.06493793018689
RP11-386G11.10	3.0608477037845
RAC3	3.06082302861586
ETV5	3.05786738657007
ODC1	3.05729101717533
CDC45	3.05490189739214
PLCXD1	3.05432035498152
SDS	3.05242413715815
PRKAB2	3.05209724285441
TMEM248	3.05166811921504
LHFP	3.05127327221756
RTN3	3.05103293075039
AP000350.4	3.05055499510307
ENTPD3-AS1	3.04862328210143
DOLK	3.04849050103894
RPS6KC1	3.04732554431062
STXBP3	3.04610161789691
WDR5	3.04540782726275
MPG	3.04517945799053
TP53I3	3.04446237859884
FRG1	3.04440384864062
PLXNA1	3.04423209124426
KIF13B	3.04401647357483
QSOX2	3.03990131329897
CCDC19	3.03945783514814
BPGM	3.03896275132144
TTC39B	3.03813444500615
EXOSC10	3.0380405052891
BCAT1	3.03517852841811
MARCKS	3.03453020004292
GMNN	3.03392261557144
ARHGAP17	3.03378224185145
ZNF142	3.03367775596005
ETS1	3.03253298352511
SLC39A3	3.03033397076028
CCR4	3.03003280145221
HIST1H1E	3.02591473796796
HSD17B10	3.02198902187554
PTPN9	3.02008879390771
CATSPER1	3.01983553356969
CCL3L3	3.0196244287667
FCER1A	3.01865922291921
IL17RD	3.01757529447694
AGO1	3.01658879012562
MAPK12	3.01597548604204
ATXN7L1	3.0142899989151
MED31	3.01407662249052
RNF7	3.01400974250469
NAPA	3.01368253268474
ZEB1	3.01236722441837
MAPK1IP1L	3.01226770776201
BRD1	3.0121152555209
CLIP1	3.01118977221802
PHLPP1	3.00914639416627
PHEX	3.00845615208043
SH2D3A	3.00785079313971
LTC4S	3.00755401806782
RASGEF1B	3.00667517740226
ALDH2	3.0060784847501
MRPL54	3.00577371515663
ARID2	3.00512486890788
NCAPD3	3.00412351670949
SEPT1	3.00404789932302
GAS2L3	3.00352602554447
IL17RA	3.00313820748445
LACC1	3.0012211409954
NFE2L3	3.00103686028742
SLC35B4	3.00095072276817
FAM46C	2.9999225611212
ATP6V1B2	2.99972426707798
GSTO1	2.99903723738023
RP11-383H13.1	2.99899803210274
EXO1	2.99897244701162
AP000233.4	2.99519041725825
HMGXB4	2.99474530360826
TRPM2	2.99297875166113
SLC25A12	2.99108443843627
MCM2	2.99057968754316
PPP1R3B	2.99006962017664
LSR	2.98986169221206
DPP3	2.98830736506071
BATF3	2.98742635470723
PLCH2	2.98705205161353
RASD1	2.9868704377587
KLHL21	2.98633298298572
AF178030.2	2.9853053910387
ERO1L	2.98502200155878
CENPL	2.98428753353582
DGKG	2.98412832531484
CCNA2	2.98399965984692
ELK1	2.98385559788213
MEX3D	2.98316923088846
ARRDC2	2.98308647929738
TFEC	2.98281668731909
TECR	2.98224192480394
C8orf82	2.98150467417925
SLC31A1	2.98112935117501
RP11-160O5.1	2.97770832389289
NR3C1	2.97724903706593
BAZ1B	2.97670970608465
RP5-1086K13.1	2.97667820800867
STIM1	2.97449444076134
ACP2	2.97352092005799
PAG1	2.97347159750709
TAOK2	2.97241239328317
ACTL6A	2.97208475222615
RP11-173M1.8	2.97066742873543
EXOSC9	2.96955087864198
CDK6	2.96808372707801
ARAP1	2.9671049755435
H3F3C	2.9665212244677
YBX3	2.96364081752958
SARM1	2.96265534632367
RP11-371A19.2	2.96210702436332
SPPL3	2.96192453795293
TUB	2.96154850114524
AC021188.4	2.96145983759749
C6orf106	2.96067208603186
SLC41A3	2.9605493443822
C9orf64	2.96038795401034
UBE2Q1	2.95972548441122
CITF22-92A6.1	2.9590761885805
ATXN3	2.958067703995
IL32	2.95787693305147
AP5B1	2.95782848137368
BRIP1	2.9576324782603
KHK	2.9575890501356
LINC00883	2.95556330824941
SCMH1	2.9533593308453
ZDHHC11	2.95065459736693
CTD-2020K17.1	2.95064455051307
WDR26	2.95061368512896
MDFIC	2.94956553223292
ATP5J	2.94930752339969
CCND2	2.94613657531913
VEGFA	2.94602686467892
DCAF11	2.94597971405372
ZBTB21	2.94521413075038
PIGT	2.94433469232146
GTPBP6	2.94382025144605
SUPT3H	2.94287480884418
CHRAC1	2.94283540498167
CLEC2B	2.94108067191419
HHEX	2.93999998755931
POLRMT	2.93878322127105
MED26	2.93872534153706
AGO4	2.93682300137827
NBPF20	2.93658087544422
ENY2	2.93655323102589
GIPR	2.93561474940655
UBE2L3	2.93465751229656
GPR155	2.93448366058402
MED13	2.93439827757853
PNPLA6	2.93346134947301
TRAPPC1	2.93338507632349
NLRC5	2.9327909338725
TNFRSF4	2.9313281771249
LDLRAD3	2.93018001667973
TMEM86B	2.92919851183964
FAM214A	2.92821652662688
UBXN2B	2.92761460518308
CC2D1A	2.92720780785379
PAK4	2.92703978426512
QSOX1	2.92345485725098
NELFE	2.92279980849963
CACFD1	2.92244092290259
FBXW2	2.92144502017376
FAF1	2.92070443416347
COMMD3	2.92015484681905
MNAT1	2.91895565041866
MYBL2	2.91857791540511
TIMM23	2.91857075619646
RAB36	2.91817217002617
INO80D	2.91673452450533
FARP2	2.91623772172654
RP11-867G23.4	2.91588406222618
FAM21B	2.9136373983145
UHRF1BP1L	2.91226740870425
CENPH	2.91037435711892
KLF13	2.90886447138528
CAPN2	2.90829235703312
SFRP4	2.90751469866287
CPNE7	2.90520603910755
MCM4	2.90464986315182
C11orf68	2.9030175846994
RAB4B	2.90300771908832
CAV1	2.90278302166856
CD5	2.90150991008398
ZBTB22	2.90128871570686
RCBTB1	2.90120866906187
DMWD	2.90107049267274
IER3IP1-1	2.8996047713535
UCKL1	2.89924358912653
MAN1B1	2.89918748025199
LRRC37A	2.89679141194154
NAV2	2.89651148861066
CIPC	2.89644383268766
PPP2R5A	2.89613359646036
KB-173C10.1	2.89330244253891
TNFSF9	2.89270799643213
FDPS	2.89132137997035
NUP188	2.89030133828509
CENPA	2.88964019100259
ANPEP	2.88764945871828
VEGFB	2.88714954703126
ZNF684	2.88678977169033
TULP3	2.88567148373789
ADNP	2.88546399997528
C7orf57	2.88389788448915
HMGB3	2.88374278808162
DOK4	2.88304962689062
ANKS1A	2.88155021600528
PI4K2B	2.88133702934393
MYD88	2.88035801683406
CASC3	2.87971412369304
E2F1	2.87915941869981
RRP36	2.87782072083062
DOHH	2.877273860498
SLC39A13	2.875104495248
PLAU	2.87501385199766
POMGNT1	2.87425178529994
PPP2R4	2.87414382199891
SEMA3G	2.87334581864278
H3F3B	2.87239031259341
SMIM19	2.87201249770135
FAM20A	2.86654232715703
G0S2	2.86530149794395
TRAPPC6B	2.86450494962556
NENF	2.86357673592389
RP11-49I11.1	2.86115711917254
TNK2-AS1	2.86076406318316
KMT2B	2.86075791292607
SLC25A30	2.86008948561665
KEAP1	2.85939221631335
NCS1	2.85908807870888
LRRC8B	2.85808625354553
VWDE	2.85808241199612
PI4K2A	2.85722614446912
CSPP1	2.85719677631097
RTCA	2.85663534799576
TRAPPC2L	2.85517041261704
SRC	2.85491729598668
TOM1	2.85242939603064
ZDHHC2	2.85212997809424
TMEM140	2.8515303430834
CLSPN	2.85112952469322
CATSPERG	2.84993986830455
TMEM8A	2.84979573522688
SIAH2	2.84919974768717
SLX1B	2.84891981744504
USP32	2.84827539616588
RP11-486M23.2	2.84658968032573
ILVBL	2.84639096506156
C8orf88	2.84610719276719
LEMD2	2.8460384644807
RYBP	2.84478034528216
RASD2	2.84410702227774
MTURN	2.84372978828822
KIAA1109	2.84164354100453
DNAL1	2.83587946489664
IARS2	2.83359313768746
KAT6A	2.83114503434732
BACH1	2.82982767329641
ZWILCH	2.82980624854869
STPG1	2.8291857651018
MARK2	2.82880464949916
TIMELESS	2.82654271333979
MCM5	2.82575602987322
AC016586.1	2.82437685444638
RNF19B	2.82362120321666
AC018816.3	2.82338496726394
ZWINT	2.82162582297665
SLX1A	2.82158978792061
C19orf66	2.82134285754194
LRRC57	2.82021101644144
APBB1	2.81847149113659
B3GNT7	2.81831168117406
OSGIN2	2.81769399591838
CHAC2	2.81678466512908
CBWD2	2.81639664200141
TBC1D16	2.81603328630426
EML4	2.81580022758322
ACBD3	2.81534467091234
AGRN	2.81437205907149
ARPC1B	2.81329680090891
FAM64A	2.81304348149324
STK11	2.81244486761536
FURIN	2.81222084403755
INTS1	2.81160445136501
RASA4	2.8089113496895
SELO	2.8087282311695
DCAF6	2.80783060360263
SACS	2.80679431581468
ALKBH5	2.80600960472782
TREM1	2.80593875944494
PIP5KL1	2.80412734224721
ABHD12	2.80356529562832
FBRSL1	2.8026337853845
GABPB1	2.80245221833329
MT1F	2.79925937328727
RP11-798M19.6	2.79879692484681
AP000295.9	2.79699067986423
SDCCAG3	2.79516823372083
CIT	2.79488177666155
NPTN	2.79462244140825
FAM58A	2.7934051077372
SNX30	2.79216207841021
FAM211A	2.79209121907682
SLC52A2	2.79152855748343
COX6A1P2	2.79013495957368
HCN2	2.78988590094867
LTBP3	2.78849903420065
HECTD4	2.78821455300098
ENG	2.78794032475008
RRP7A	2.78725745724703
POLE2	2.78533441819713
VPS33A	2.78493361142001
RAB22A	2.78422576859444
MICA	2.78408237374726
LIMK2	2.78240991475174
RAD54L	2.78240230817967
MARS	2.7820191246512
UBTD2	2.78076272208204
CDC7	2.7802807900465
FEM1C	2.77991310268164
MKNK2	2.77982809875462
ASMT	2.77951361358582
CCDC24	2.77866361864969
MAP2K4	2.77834386151088
CRTC2	2.77712164430785
TREM2	2.77588616234706
DCTN1	2.77557372646744
B4GALT2	2.77500306948742
EFNA3	2.77319834150009
CEP120	2.77172861438179
ARPC5	2.77168988749428
CTD-2288O8.1	2.77029249865198
TOMM40L	2.77027994312984
UNC45A	2.7693906791327
SHCBP1	2.76852488541174
AGAP3	2.76842493183484
TMEM201	2.76695341464965
PFDN2	2.76655943298135
ERCC1	2.76619117839868
SOS1	2.76500709596971
ASMTL	2.76475848207404
RP11-262H14.1	2.7640399515595
NOTCH2NL	2.76354783479885
RNASEK	2.7624653657388
RDH10	2.7604406118868
RAD21	2.75987412703669
STK25	2.75963353986994
MCOLN1	2.75805638645935
LCAT	2.7558167203338
NDUFC2	2.75558851528194
RP1-241P17.4	2.75542118072349
MCM7	2.75520735448837
FLVCR1	2.75506089714172
USP3	2.75504875581339
FYB	2.75366750202041
GATS	2.75220574191487
SLC39A4	2.75187126387905
PXMP2	2.7517139345531
PIN4	2.75109866361444
NMT1	2.75103639380452
RP11-611L7.1	2.74989380626512
CEND1	2.74904872711277
INTS7	2.74896975187219
SULT2B1	2.74751997472544
RP6-109B7.3	2.74733960737081
IL2RG	2.74723201910342
MED20	2.74606970306131
SLC35F6	2.74555042320142
RALBP1	2.74511323076524
ACOX3	2.74439592788901
BLOC1S2	2.73883158721672
STAU1	2.7388182137875
NQO2	2.73793566197247
SCRN2	2.73704120138894
SLC38A7	2.73486487985111
CDC25C	2.73411257566598
RP11-996F15.2	2.73370751797057
NUP62CL	2.73345018271911
ORC6	2.73279738636656
PRNP	2.73066054932016
ARMC7	2.73040334779765
BAZ2A	2.7301054905456
B4GALT5	2.72994891222715
MUS81	2.72799899493359
SEC16A	2.72700975398703
TAP2-1	2.72634468935822
HIST1H2AJ	2.7252105706558
AP006222.2	2.72477526040605
FBXO11	2.72470727850234
MED14	2.72463826781005
DPCD	2.72403114070329
COX6A1	2.72368042717077
CCRL2	2.72365901884685
ZNF654	2.7231133308478
AC011043.1	2.72304268379024
FABP3	2.72158951745516
HYPK	2.72135051033237
GAL3ST2	2.72126060865888
HIF1A-AS2	2.72079520097784
RNF166	2.72006398819881
ARHGEF10L	2.71942612703577
NANOS3	2.71910679935414
MIIP	2.71882818952769
ABHD17C	2.71659744784203
AC195454.1	2.71605834153654
STX4	2.71561595688062
CTD-2555O16.2	2.71505669218763
CLEC7A	2.71440062419189
DNA2	2.71249661117898
CAPN10	2.71112553708391
HUWE1	2.71070352657069
SOCS4	2.70946079804052
DEF6	2.70921774500473
DALRD3	2.70919775238419
ARRDC1	2.70702275451815
EIF5B	2.70677496011187
FAM120A	2.70599302224987
FOXK2	2.70531486979572
CSNK2A2	2.70476711485229
GZMH	2.70290392238365
TPRN	2.70217811738872
BAP1	2.69868863524782
SPAG7	2.69858918595504
PPP1R21	2.69812505377816
CERS2	2.69764818793093
CCNE2	2.69689280922445
HIST1H3H	2.69645153687525
ABHD11	2.69621406831263
CDK14	2.69400250879439
FNBP1	2.69379332528564
FBXL6	2.69251385937635
NEAT1	2.69223002263792
SELPLG	2.69134988197432
ZNF823	2.69057504015665
MEAF6	2.68808237891734
ARFGAP1	2.68801333383072
CSTF2	2.68724042714347
NCF2	2.68442289388258
DYX1C1	2.68403701179552
TBC1D9B	2.68239689053913
MAPRE1	2.68203718394729
RNF41	2.68174444447338
PATL1	2.68154434850882
CRYL1	2.68109959314029
LUCAT1	2.67990280504343
FAM126B	2.67905548142148
THAP11	2.67826431740573
TRIM14	2.67734715170531
ZNF93	2.67707951589987
BTBD7	2.6764963184908
ITGA7	2.67632589246186
FBXO31	2.67613557536429
GEMIN8	2.67561483451595
ZNF569	2.67549941392352
RP11-444D3.1	2.67472011031483
LPAR5	2.6714324288846
POLQ	2.66775804842002
BDH2	2.66733661065055
PPP1R9B	2.66647604680159
EBP	2.66602443317922
INSL3	2.66485678688534
SPIN1	2.66377238780155
FTH1	2.66359946119609
DPY19L1	2.66296498970901
RIT1	2.66294701507696
PBRM1	2.66158108440266
SELK	2.6600898666626
SPI1	2.65913015160457
NASP	2.65819817342074
REC8	2.65719833937373
CNOT6L	2.65522639944973
DEPDC1	2.65512503195512
PPP1R3D	2.65387981039902
SLFN13	2.65261193419948
RTP4	2.65196372389149
POGK	2.65181353077001
PHF11	2.65166509327857
MRPL52	2.65097070440172
TAGLN	2.65081171994019
ACAP1	2.64890032487795
RNASEK-C17orf49	2.64825186287454
EVI2A	2.64796094468158
FKBP15	2.64759625463969
IRF5	2.64737989050737
EVA1A	2.64671536471507
C12orf55	2.64626650574923
SNRNP200	2.64581306887225
LINC00342	2.645119736787
VPS37C	2.64496543886897
KIF2C	2.64472703666045
MTHFR	2.64434133278097
UBC	2.64323373062212
GNB2	2.64230758784128
RAB5C	2.64024950275007
HCN3	2.64024667630625
MAP3K10	2.63892171179925
RSU1	2.63874253497012
CTD-2012K14.7	2.63866941104975
ICOSLG	2.63702345704273
RCOR3	2.63602474303279
TYW5	2.63582383761954
PLBD1	2.63486389387618
KDM3B	2.63399520257124
RNF215	2.63395205386538
ESYT1	2.63367918267083
HAUS2	2.63349144659986
CTD-2377D24.6	2.63306675700166
FBXO34	2.63243555802611
MSANTD3	2.63130253902377
PTGFRN	2.63013116267604
SNX25	2.62757554515563
MRPL22	2.62649457433688
EXOC7	2.62472890885418
RNF123	2.62472196267063
C16orf72	2.62398450814991
CBLN3	2.62384195118713
HDAC6	2.62208529507184
SCCPDH	2.61989547658147
FBXO25	2.61966443333037
PHF13	2.61835293822836
C16orf87	2.61824718862079
TNFRSF19	2.61725128878631
PBK	2.6164563392613
RBM47	2.61578746809754
SNX20	2.61555229136383
ELOVL5	2.61548675091233
DOK1	2.61542424554531
FAM57A	2.61483303911783
ZNF592	2.61355458549034
CD27-AS1	2.61276956798904
TYMS	2.6118288358281
NDUFA1	2.60835477088897
PTTG1IP	2.60777277669241
NPHP4	2.60771903307188
B3GALT6	2.60746582959155
SAP18	2.60693659123178
KPNA4	2.60678608118102
APPL2	2.60543409507029
DTYMK	2.60496891631248
KMO	2.60486226886561
NUBP1	2.60477573617375
FAHD2B	2.60306178009442
AC005498.3	2.6027859984593
ADAP2	2.6011957428782
EZH1	2.60051234166033
UBBP4	2.59898016764936
TCF20	2.59870836944377
KLF8	2.59866770256206
PTS	2.59747434859232
SCYL1	2.5970265815119
C7orf43	2.59550729976347
ING5	2.59537029451829
LSS	2.59506821110698
SRSF2	2.59486996880565
TMEM237	2.59459213366352
IQCE	2.59325778773534
HDLBP	2.5929420695397
IL10RB	2.59272710264658
IFIT5	2.59217199968248
PIK3CA	2.59143768533201
ATG4B	2.59129095390556
DMXL1	2.59122779652327
PDZD7	2.5897780538617
OTUD4	2.58839676416195
CENPO	2.58773378467059
LRRC8C	2.58764746446116
RP11-479G22.8	2.58705168478493
ZFPM1	2.58674167995199
SYAP1	2.58623454181722
LRWD1	2.58518222002462
RANBP9	2.58315415238772
GTDC1	2.58278257550581
USP31	2.58055891942531
ZDHHC5	2.57991836195997
GPR183	2.57843876350844
SRCAP	2.57777033292731
CEP104	2.57754382245499
PTGS1	2.57732433526071
RAI1	2.57689778163914
LEPRE1	2.57616723368051
FAM188B	2.57526471092772
ALDH3A2	2.57479025515807
PSME4	2.57342330058777
PTHLH	2.57282733505986
BRF1	2.57260205307781
ERP27	2.56809659632627
MARK3	2.56806176864467
C17orf58	2.56780053920743
CKS1B-1	2.56692126421981
RP11-539I5.1	2.56510749508836
NUDT3	2.56440115363324
CEP350	2.56367895171329
TOR4A	2.56195986154732
RAB34	2.55974370439866
ORC1	2.55942288121618
CASP2	2.55924171594953
NFKB2	2.5582883636322
DYRK1B	2.5570531131038
PSMD11	2.55567521720861
LRRC16B	2.55471543988181
PVRL3	2.55454679795516
SNX9	2.55415428731988
DAPL1	2.55409461051676
RASA1	2.55284291209178
RNF25	2.55245147980659
CCNF	2.55114989709524
CEP57L1	2.55095344574545
IP6K1	2.54993037469486
CCDC97	2.54864797557996
IL13RA1	2.54829821253755
RP11-498C9.3	2.54623311239988
ZNF865	2.5461416662328
SOWAHD	2.54609910556318
ATPIF1	2.54520227174794
TRAPPC4	2.54415915252539
MFSD12	2.54257345997521
KLHL17	2.53923347684975
CHP1	2.539116699336
RPP21	2.53774876633489
GOLGA8B	2.53773373612292
CRKL	2.53524679472385
IFNLR1	2.53413122813503
ATP5J2	2.53269424930372
RIPK1	2.53249579341971
SLC25A25	2.53127191305389
KCMF1	2.53108580135677
MAPK7	2.53025192414752
AGAP6	2.52999447171305
POLR2L	2.52954467542945
SURF2	2.52869940864856
UNC93B1	2.52843862917073
HIST1H4I	2.52783990729783
CD163	2.52725225341149
CDK19	2.52641184803325
SOGA1	2.52573671302807
UBP1	2.52361800671337
CPVL	2.52336601984909
MMP15	2.52328196196561
OSCP1	2.52302205894129
PROB1	2.52296614128814
PCIF1	2.52214884395916
ZNF385A	2.52203897182878
UBA1	2.52077109479079
B3GAT3	2.52013124579137
ITGAV	2.51939760841585
TMEM189	2.51843616078599
ARMC10	2.51761827333351
HOOK3	2.51751426620184
FBXO10	2.51658464404652
BOLA2B	2.51152567587578
SMARCC1	2.51129661693609
DAAM1	2.51060186928057
KIAA1324	2.50881691251164
RALY	2.50750324653868
TTC26	2.50487087154725
GPR137	2.50418508780259
NBPF14	2.50322885680871
VGF	2.50277781866558
KLHL5	2.50245410614522
RP11-130F10.1	2.50239291834832
ZMYND19	2.50214441681153
RNF32	2.50175944355617
HIST1H3C	2.50163600562762
SFXN1	2.50083481987988
PTBP2	2.50045970689701
ZNF513	2.50041764492036
HIST1H1C	2.50022972293385
TNPO2	2.4999340597688
GGA3	2.4972295097768
TBXAS1	2.49604940242258
CENPT	2.49554978884985
TRAIP	2.49420634480681
TP53BP2	2.4927668295139
ZDHHC7	2.49272337763426
TIGD5	2.49263832347671
RP11-774O3.3	2.49220173437026
MUL1	2.49159874749968
DERL3	2.48828020318644
CSNK1G2	2.48796434868918
BROX	2.48754760749003
CST3	2.48707905704832
GFOD1	2.48672007543233
SLC35B1	2.48651327632298
ZNF275	2.48594445850727
EEF2K	2.48427049823209
TBC1D15	2.48395929112975
PHC2	2.48340040749459
SPATA13	2.48161647549389
IL17C	2.4809873375752
PDZD8	2.48092626018637
MEGF8	2.48077885504916
FAM167A	2.48072940246396
PSMB2	2.47897540677372
DMPK	2.47626534841812
ZNF85	2.47620812448845
TSC2	2.47448679252614
GABARAP	2.47380929183133
FPR1	2.47262356303538
NQO1	2.47227133148482
LSM14B	2.46923367574651
TBC1D4	2.4663168035438
PCNX	2.46608098163665
TMEM159	2.46261641555749
C9orf69	2.4611500892831
RP11-264B17.5	2.46062633664927
PVRL2	2.46048305533156
DHX57	2.46019339176008
CTA-384D8.36	2.4599855660201
ALDOC	2.45930201530049
DDX27	2.45885643618242
ETHE1	2.45774624643681
SEC11A	2.45766741449878
DSN1	2.4575813286686
TP53BP1	2.45719623791904
PRR19	2.4568138253348
CCDC12	2.45625192031577
RAB31	2.45593300337134
IGFLR1	2.45323712276691
MADD	2.45299347071152
OAZ2	2.45266670402574
DMD	2.452221915242
AMMECR1L	2.45192967543902
KIF15	2.45158544710854
PCGF1	2.4504388586293
EMC9	2.44960332930939
KCTD11	2.44886592087056
NAA38	2.44850429949223
INPP1	2.44670903262542
RP11-458D21.5	2.44494733318071
CDK16	2.44230906129892
RAB5A	2.44229818623666
PPFIA1	2.44116955493913
AF011889.2	2.44044784931908
UBA6	2.43930687273979
AC010642.1	2.43905810344747
AGPAT4	2.43864496100097
STARD10	2.43837211170435
TYK2	2.43751924680397
USP54	2.43515174378434
DCUN1D5	2.43306158063315
ARL1	2.43190632544956
DR1	2.431760908934
SF3A2	2.43169382806831
CEP250	2.42939572785938
ASPHD2	2.42878213202545
TSNARE1	2.42823808072895
RPS6KA4	2.42697488559019
CHST10	2.42608331166084
ITPA	2.42564595895044
DCTN5	2.42389398365265
NUP85	2.42275439467939
RP11-138A9.1	2.42254656912401
KIAA1143	2.42032949875781
MKI67	2.41963291673855
ID2	2.41943496338624
CALM3	2.41777803651879
ZNF335	2.41557657444408
SAP30L	2.41450960806187
CASD1	2.41367536606493
GMIP	2.4129910055707
RAPH1	2.412262067025
GNG4	2.41208971608263
FXYD5	2.41001077779028
PNPLA7	2.4088816198863
ZFYVE19	2.40880349868918
UPF1	2.40698087420275
PPP2R1B	2.40638916830099
DHRS12	2.4060429953258
RP11-841O20.2	2.4050815664538
CCDC17	2.40258583479536
ACLY	2.40248003480811
OPN3	2.40166159575889
BCL7C	2.39989668106172
EPT1	2.39960252428481
ABHD15	2.39944430852015
GPR107	2.39883818670024
NDUFA7-1	2.39883499317838
CARKD	2.39859223226431
ANKIB1	2.396126880985
MMP25	2.39482355986175
C1orf74	2.39464726103346
NBPF15	2.394422625666
ADCY4	2.39295569792436
CTD-2370N5.3	2.39260252086069
RP11-383J24.6	2.39257429484887
CCL17	2.39137853599486
AHSA2	2.39030406841381
BAIAP3	2.38981636393421
MBD3	2.38937494134442
FAM76A	2.3892802078002
SQSTM1	2.38882583116302
NF2	2.38840045513503
KLF7	2.38642882158795
RHOC	2.38474486105386
PPP5C	2.38473144956475
WDR82	2.38342243878367
TMA16	2.38281485076571
DGCR5	2.38240349028156
GNA12	2.38093805403775
FYCO1	2.38049725160692
MYO1D	2.38015250773018
KLHDC10	2.37903970798104
ITGB2	2.37833122038633
WFDC3	2.37802021625978
RALGAPB	2.377614030732
TMEM87A	2.37750776616666
MEX3B	2.37670622720821
POR	2.37636637115597
RP2	2.37308546452525
BCKDK	2.37254583727721
N4BP2	2.37241994433917
TRIM28	2.37234288162315
SNPH	2.37051865615585
ELMO3	2.36977543858345
SBF2-AS1	2.36952197515802
HTRA4	2.36940214710044
SAE1	2.36925467164264
BRI3	2.36918977011267
WDR83OS	2.36787620617893
SLC4A7	2.36682858650758
NAGLU	2.36592627920177
IL13	2.36439636479636
ALDOA	2.36217103435521
NDUFB4	2.36187706578278
STAMBP	2.36125908450055
LAMP1	2.36122259583622
SEMA7A	2.36114586268231
LINC00176	2.36067472078058
MAFB	2.35990947340105
FAM219A	2.35818152937228
FCHO1	2.35812974261457
POU2F1	2.35457372777149
SMARCA4	2.35377049071432
ZNF746	2.35228946302198
CUL3	2.35222859964829
AC009495.2	2.35184833258743
SLC9A9	2.35175727916083
EGFL7	2.35086279158933
HIST1H2AG	2.35040245152571
CDKN3	2.34913961712623
MAML1	2.34889354837468
LTBP4	2.34878695824894
FAM72B	2.34834510747504
INPP5F	2.34779249446032
BTN2A1	2.3471822700252
FLCN	2.34713443734991
TCFL5	2.34583967018619
MTFR2	2.34580450820406
SEPT2	2.34572118402899
GM2A	2.34538100397599
IMMT	2.34328870400674
RP11-326C3.7	2.34304719720331
CLSTN1	2.34278037193783
ZNF235	2.34252047445929
TMPO	2.34177538496451
LZTR1	2.34113046717474
UGCG	2.33627204332668
TFEB	2.33371651936306
ROM1	2.33257162363795
ZNF469	2.33256275463725
SPTSSA	2.33242015390123
CXorf65	2.33099191517035
ETFB	2.33057911020161
AURKB	2.33029577087172
ZNF700	2.32982215631092
CAB39L	2.32885947320726
GSS	2.32677273562121
SNRPA1	2.32589728805125
NLGN4Y	2.32542875078498
CD1E	2.32449402405618
PALB2	2.32219506724345
GNMT	2.32081038243935
FAM210B	2.31976755175307
GLB1	2.31947898410173
ZNF350	2.31840133175814
KANK3	2.31565255393416
ARHGAP19	2.31520229354037
COQ4	2.31358411915056
SRP54	2.31338597535828
ANKRD9	2.31307280415546
TICAM2	2.31252906280642
TOP2B	2.31130914369874
NDUFB3	2.30992243913207
FANCD2	2.30831706905112
SERPINE2	2.30738269472633
ACSL4	2.30735810523904
RAB11B	2.30616143153306
DHTKD1	2.30567936566054
KIAA2018	2.30535579257358
ATXN1L	2.30407975817847
INCENP	2.3039759871192
HSH2D	2.30248056091364
SLC35G2	2.30159197030483
SUPT6H	2.30157330404224
NOMO1	2.30115089210548
ELL	2.3008854764263
AUNIP	2.30054301818958
AP2M1	2.30042440861487
ABCA3	2.30035688711214
ZFYVE26	2.29897354798691
MTMR12	2.29869303464079
FUZ	2.29700519627884
DAGLB	2.29660350375813
CHPF	2.29523887663995
ABCC4	2.29241228076746
RP1-68D18.4	2.29039790985596
ATG7	2.28938232914373
STAM	2.2892797173455
FANCE	2.28868407018008
TBC1D25	2.28786218777136
MT1X	2.28732353497909
RFC3	2.28662233533425
IL7	2.28625532610645
INO80	2.28609127458672
DNAJA4	2.28582167603102
SMG5	2.28404624436625
SUGT1	2.28363159410607
RP11-483I13.5	2.28346319935775
TICAM1	2.28337235117943
ACTR10	2.28152193539632
CPOX	2.28124214299648
GRAMD1A	2.27864922295113
MTRNR2L9	2.278008681425
SH2B3	2.27750890594842
RPA4	2.27620512464119
TMEM185B	2.27156427259507
POC1A	2.27149314320911
FAM188A	2.27132024294976
SLC16A5	2.26925006813578
CERS4	2.26854886937786
NCK2	2.26809090938266
CPSF1	2.26662634352406
AIM2	2.26493299273776
TET3	2.26437325817161
SMS	2.26217218250957
STX10	2.26197748467605
EPHA4	2.26173108279079
COX5A	2.26041886511846
EIF4E3	2.25995858008206
BICD1	2.25977634641004
SEMA4D	2.256556408577
MRPS22	2.25654045187156
LNX2	2.25650181688549
DEPDC1B	2.2564856500836
DDX11	2.25637528508281
FANCC	2.25600579176885
RINL	2.25445509575064
ARMC2	2.25435840181222
UBE2K	2.25405762033881
SMARCE1	2.25178457751997
ZNF446	2.25030726422618
NLRP2	2.24980296627242
TSC1	2.24966257273687
ATP6V0D1	2.24716033494271
USP22	2.24692523200939
RBM14	2.24486994642813
TMOD2	2.24454218348876
NME6	2.24394716812327
LETM2	2.24327348618391
HNRNPAB	2.24290026271127
RP11-805J14.5	2.24280207436132
LDB1	2.24183547531743
TESC	2.24110619076347
ZMAT5	2.23983557048461
TSHZ2	2.23967849750655
U91328.20	2.23872813865573
TGFB1	2.23858256648279
RAD54L2	2.2384626066575
VIPAS39	2.23705899141697
ZNF296	2.23654181943076
TMEM87B	2.23629445871282
PIGB	2.23613954589085
POLD1	2.23390405520412
LILRA6	2.23343804474059
SLC25A44	2.23244865279927
AGAP2	2.23233218410355
RP11-480C16.1	2.2319454537964
ATP5H	2.23090420077582
VOPP1	2.23076790664035
SOAT2	2.2301837031379
SRRT	2.22976327819171
ARHGDIB	2.22926274983152
ATP6V1F	2.22897640139676
NRSN2	2.22846997334759
MVB12A	2.22791778145186
P2RX1	2.22701540992225
IST1	2.22674447266112
DDX19B	2.22645171647684
RAB27B	2.22639005220322
TIPRL	2.2248234593933
RAB4B-EGLN2	2.22282240247281
PKD1	2.22185785246959
LIG1	2.22107066417507
MOK	2.21712857186525
BOLA3	2.21669636399334
ABCA2	2.21643722884324
PDCD7	2.21618315568534
HIF1A	2.21585758322467
NLK	2.21526377637414
TSPYL5	2.21521225056304
NCOA2	2.2133340006352
TSEN15	2.21312867109036
AC147651.4	2.2097517646673
MTMR1	2.20821115604543
STK35	2.20816436621739
ELOVL6	2.20804157579131
ZNF251	2.20775687453833
ZBTB45	2.20565066586044
SPC24	2.20505959507106
UTS2	2.20295476336852
POTEE	2.2026444539113
KCNC4	2.2012509252434
DENND1A	2.20062449695861
PRPS1	2.20010466997779
SLC2A13	2.1999228043936
ANKRD39	2.19958630653757
MSL1	2.19950243189712
USP37	2.1986041967634
SS18L1	2.1971274565266
TM2D1	2.19649483493321
ARL4A	2.19615306861633
SEC14L1	2.19272422330216
TRIM33	2.19211505012091
STAT3	2.1919949576421
ZFP30	2.19115839505931
OGDH	2.19108790423232
RP11-273B20.1	2.19006983454815
HIST1H2AL	2.18983543932218
USP5	2.18963437608574
COPG2	2.1890566282316
DGAT1	2.18787576911455
GMFB	2.18699387750519
ALS2	2.1842710984382
SH3BGRL2	2.18380135765826
WBP1L	2.18284684538211
SLC35A2	2.18247437394666
PRPF40A	2.18021237015966
PURB	2.17948358698574
RP11-265N6.2	2.17820522320803
TNFRSF1B	2.17760427096861
CABIN1	2.17599547629342
FADS2	2.17561581076103
CPLX1	2.1754028102459
PTOV1	2.17532418307057
CCDC50	2.17491615820542
RAB11FIP3	2.17116902022414
LINC00893	2.16764965898013
SLC39A1	2.16633717039338
TMEM205	2.16262676253106
HIST1H4H	2.16154335477374
TTC9	2.16097644110024
RFX7	2.15947093542229
D2HGDH	2.15933373202492
PCGF5	2.15789549825852
EPS8L1	2.15659922676866
GPD2	2.15548219068069
SMG9	2.15525285914403
NCAPG2	2.15515847450786
GEN1	2.15477981294048
FBXO7	2.15412872783546
APITD1	2.15387650699063
RP11-30J20.1	2.15083088038881
PRSS27	2.14895264891866
INSIG1	2.14892002549023
C4orf33	2.14757421546317
NFATC2IP	2.14691050934569
ATAD3A	2.14644411401565
CEBPB	2.14588369002796
ACOT11	2.14544885460236
TUBGCP6	2.14477896163011
MAP2K1	2.14428127936429
SPPL2A	2.14427792790934
CPEB4	2.14161985281232
ANAPC11	2.14125561692441
SYCE3	2.14090518896592
MRPL27	2.14072053494979
KIAA2026	2.14011133212944
DMC1	2.13981360544824
ZDHHC21	2.13922688743418
ZNF585A	2.13845168568365
PHLPP2	2.1373947053431
AC006129.4	2.13694100055309
PRR11	2.13682165034134
PKP3	2.13651576403765
PARK7	2.13396795407015
PRDM4	2.13374366535637
USP9Y	2.13341619970478
ARL6	2.13268335346678
CXorf40A	2.13248498363263
TXNDC9	2.13195454977629
CACNB1	2.13184903212667
KRTCAP2	2.13182898552783
ABCC10	2.12990200965018
MOB1B	2.12967843405204
FERMT3	2.12933047119078
GSG2	2.12899096008244
MUT	2.12892959167145
KYNU	2.12878772005253
ATRIP	2.12827449040444
SPAG16	2.12797047309869
NT5C3A	2.1275214188978
ZNF197	2.12697579144679
ARSB	2.12667674804301
GLS	2.12602009709392
WDR55	2.12463342872109
TAF10	2.12297359002032
CLTA	2.12266124557141
LINC00265	2.12124965069171
TIAF1	2.12022329054402
GINS2	2.11777277926714
LIN7B	2.11773513376229
hsa-mir-1199	2.11686094252167
TBX20	2.11617953084754
HBEGF	2.11417010637063
SIRT2	2.11373531864785
CTC-507E2.1	2.1127358349603
EXO5	2.11215252432022
C2CD2L	2.11168155236855
SIPA1L1	2.1111235278501
NIPAL2	2.10980832349364
SIN3A	2.10755506822011
STARD6	2.10642855887927
NUDC	2.10590422892324
GMEB1	2.10570568951642
AMDHD2	2.10561167840781
ATP8A1	2.10534350339559
ATG16L1	2.10513191097588
PDS5A	2.10486801881057
AC068831.3	2.10444169889491
HIST1H3F	2.1028355929143
PDE4D	2.10238913017685
C17orf59	2.09931447112527
CNEP1R1	2.09857284960465
SIRPA	2.09846306095667
RASSF5	2.09820345044552
MST1R	2.09806192252596
EFTUD1	2.09712943016956
DLGAP1-AS1	2.0962680785025
PEX11B	2.0956883732681
SLC25A19	2.09547559131198
MYO1E	2.09542717098191
FBXO41	2.09532681427318
H1F0	2.09390839825557
MTA1	2.09278846856105
SLC2A14	2.09194007922883
LILRB2	2.09191797484989
ZNF319	2.09049897090301
EXOC6	2.09044394131145
GSDMB	2.08882026155997
TMEM57	2.08842600251478
GSTP1	2.08692628729821
RP11-686D22.9	2.08647239280995
LY75	2.08622147372765
FAM41C	2.08599228715387
DOCK4	2.08479218700863
CDC37	2.08278392620309
ST7	2.08241701657734
ZFHX2	2.08126042366675
RMND5B	2.08100860279935
RNF24	2.08017370029794
TNFAIP1	2.07976118879034
PTPLAD2	2.07920278429593
HAMP	2.07886081977785
AC079341.1	2.07842423716242
ZDHHC8	2.07830364936158
TRPC4AP	2.07821069970644
AC007620.3	2.07804717726819
ITPK1	2.07639553126836
MFAP1	2.07636533172684
ZUFSP	2.07475178367997
RFC5	2.07464864285259
RHOG	2.07453162367445
PRR12	2.0729757757296
AC131971.1	2.07250848358549
FAM3C	2.07238481853938
FRMD6	2.07207029890082
SLC38A9	2.07185177965502
OGG1	2.07038369317067
ASAH2B	2.06879589821546
SLC43A3	2.06874791902163
TBC1D9	2.06781658575752
MANEA	2.06758690558954
B3GAT1	2.06712812340124
RP4-794H19.1	2.06603084776329
BUB1	2.06526949247622
EIF1AY	2.06491703373462
ULK4	2.06388782596135
LAPTM4A	2.06261575131005
RP11-84D1.1	2.06241183541556
SGOL1	2.06223220541831
SUSD2	2.06091727464437
TMEM109	2.05969566703202
NPEPL1	2.05884877663426
SERTAD1	2.05838774595657
LBX2	2.05795564626086
C16orf45	2.05744137990507
HERC3	2.05742763257859
UBXN2A	2.05684350762442
LRRC23	2.05667625463412
PGRMC2	2.05641606822332
ZSWIM4	2.05511199346572
H2AFX	2.05466332987219
SLC22A18	2.05323140585403
UBXN6	2.05254338938025
SOX12	2.05054941868321
CTD-3195I5.5	2.04840052917005
LINC01001	2.04811303378597
MYO1G	2.04683473279081
IFITM2	2.04561937389335
RP11-25K19.1	2.04284256307143
LGALS8	2.04140903102847
NAIP	2.04066771843272
PNPLA8	2.04061979236552
PKNOX1	2.03938617121442
SLC11A1	2.03905712666043
C19orf40	2.03852328861158
AVEN	2.03815573408023
POLR3K	2.03783500534725
ZNF212	2.03770690261488
IFT122	2.0374473839119
GSTM4	2.03688385794576
ITK	2.03646030996454
APBA3	2.03615532035749
TM2D2	2.03476153019386
BCL7B	2.03450515906636
APOBEC3A	2.03405934624265
ICAM1	2.03381757234944
SOD1	2.03368838424465
RP3-508I15.18	2.03184487004342
ZNF846	2.03176921655095
HAT1	2.03143429193793
ZNF768	2.0311649645313
NHLRC2	2.03088482192104
SLFN12	2.02776447193055
TNKS1BP1	2.02768126371554
ZNF44	2.02697597749617
AC011893.3	2.02697401127207
FLJ27365	2.02418335031111
NUFIP2	2.02416797078256
ARPC3	2.0239769073208
PPP1R7	2.02310873221576
PHRF1	2.02266449427018
ZNF688	2.02229591959913
IMPAD1	2.02178351312786
ARFGEF1	2.02171271283233
COMMD7	2.02063768672798
PDXDC1	2.01979640213014
GOLGA7	2.01817444134219
SF3B14	2.01767815323478
SERTAD3	2.01698916833571
CTDSP2	2.01551062383764
GPR146	2.01487540144348
LARP7	2.01425218006796
RP11-89H19.1	2.01067850241378
GMEB2	2.01003082540773
HMOX2	2.00902332758655
STARD3	2.00813258899481
ANO8	2.00570077321461
PPP6R2	2.00462798980563
HPCAL4	2.00376076103858
BBS4	2.00272596453949
TALDO1	2.00188507117505
LONP1	2.00155969586465
U73166.2	2.00151437697043
ZCCHC3	1.99906312828671
ATP6V1A	1.99789979453581
RP4-794H19.4	1.99750504827737
SCLT1	1.99746814833952
KCNA2	1.99739616857028
ISOC2	1.99735774440885
ATP5I	1.99732483108045
CD59	1.99558638324178
PSMC4	1.99510684042257
CTD-2047H16.4	1.99427362760387
WIPI2	1.99213041003367
RHBDD1	1.99145199810879
EVI5L	1.9904398024139
ACAP3	1.98907109607308
AC040977.1	1.9885776892737
WDR1	1.98771387361909
KCNAB2	1.98769869971795
TMEM185A	1.9875852775781
GPR108	1.98736584781669
MAMDC4	1.98652633807181
ZMIZ2	1.98643224923202
PQLC3	1.98583949855071
TGFBR2	1.98537957780227
SDR42E1	1.9853619995857
GOLT1B	1.98378395473134
PSMA2-1	1.98305367556139
RP11-474G23.2	1.98209272761198
TCTEX1D2	1.9794650209458
AIP	1.97906565762272
RP11-290C10.1	1.97894228692726
MICALCL	1.97575041394196
HIST2H2AB	1.97429376397601
BICD2	1.97357534947509
S100A5	1.97354841392001
NAT14	1.96850920891176
SRSF9	1.9681127339285
YY2	1.96731555654132
GDAP1	1.96673654718821
CTC-444N24.8	1.96649302756857
LINC00657	1.96566045135966
P2RX5-TAX1BP3	1.96530612004106
KIAA1324L	1.96472999573407
AL627309.1	1.96442992184972
TK2	1.96311334095367
TONSL	1.96239508709212
FKBPL	1.96098566094265
RP11-586D19.2	1.96069929686661
SLC46A1	1.9602020041228
PLS3	1.95965648442778
TRIM34	1.95870099665971
HINT2	1.95861758151435
DPP9	1.95855346102892
C19orf33	1.95851340093232
RP11-796G6.2	1.95834105231922
MARVELD1	1.9570477195503
IGFBP7	1.95646052572922
GPATCH2	1.95570499224975
PTPLA	1.95502990966341
RP11-845M18.6	1.9548346785203
MBNL1-AS1	1.95433039473733
PLEK2	1.95143732571922
LA16c-431H6.6	1.95054156703508
RRM2B	1.94998481547253
C7orf13	1.94947455293498
NDUFAB1	1.94890397797269
MTMR9	1.94778075218425
RTN1	1.94717929979868
DNAJC15	1.94661937613084
RP11-275I4.2	1.94625493642597
RP11-347C12.1	1.94624684376628
ZBTB42	1.94479497532155
TOR1AIP2	1.94290740245032
NUDT6	1.94284835835203
MAP4K4	1.94244342412999
C4orf21	1.94223385142112
TAF1L	1.94101012427132
TIMM50	1.94010458021966
NIPSNAP3B	1.93995984237808
DUSP16	1.9378285648701
RILPL1	1.93651124513151
KMT2E	1.93631570525589
IL4	1.93586920387872
JAZF1	1.93539080074819
RBM42	1.93500340301824
BAI1	1.93412157623398
ADAR	1.93350421157709
RP5-966M1.6	1.93332360842379
AP001062.7	1.93270944668447
MYL9	1.932499981947
SIRT6	1.93018548715261
NEDD4	1.93006798921086
AC009133.12	1.92942886089202
VPS45	1.92901478854472
SCAMP2	1.92884384359026
CDT1	1.92784548159825
BUD31	1.92690156074034
PTK7	1.92527860814544
DONSON	1.92524874030687
ITGA10	1.92517520275125
UNC5CL	1.92399006854493
CD1C	1.92378911702034
MMS22L	1.92293472311227
RP11-252A24.7	1.92291726102867
KIAA0586	1.92160323625001
MED24	1.92016374786415
WDFY4	1.91986273892853
RNF38	1.91933806105281
PIGZ	1.91932382121344
AC009065.1	1.91895624983538
SEC61A2	1.91800744897564
MYT1L	1.91787938525475
CPNE8	1.91669749409935
SUSD3	1.91599443283698
MRPS18C	1.9156741749644
PPP2R5B	1.91527256723578
CLCN2	1.91523055517964
WIZ	1.91521773423161
NF1	1.91435689134999
RAPGEFL1	1.91395707375891
RGS10	1.91391168457851
RBM15B	1.91381010570929
FAM166B	1.91356161901377
LINC00094	1.91330130851786
UBASH3A	1.91320045853988
LENG9	1.91317968305572
GTPBP1	1.91315561268299
C22orf39	1.91307092879654
RMND5A	1.91263800031354
INF2	1.91009433618086
VRK2	1.90960063636998
KIAA0556	1.90800350224148
UPK3B	1.90672259955372
LAMTOR3	1.90665870045758
GNAO1	1.90630180036389
C11orf82	1.90505511305007
TTLL5	1.90478459914864
OIP5	1.90368216963529
USP9X	1.90355171824645
AREL1	1.90258669854156
ZNF347	1.90215073465661
MOSPD3	1.90162027795056
DLG4	1.9014733625094
AC006942.4	1.90141941207424
DIAPH2	1.90119407105453
NTRK1	1.90078591803927
SENP2	1.90039828855252
SCD	1.90026204990665
RAB3GAP1	1.8990026564608
FEZ2	1.89842900018378
TCEB1	1.89788787990742
ARHGAP30	1.89762142465079
TMSB15B	1.89640114050682
PPIG	1.89623245674008
GBA2	1.89378960711363
LINC00998	1.8927972335406
KCNMB3	1.8925903724896
RP11-58E21.5	1.89144589452547
EDC4	1.88874926516292
UBE2N	1.88859559173676
MSS51	1.88803778099938
ATAD3B	1.88723205868748
FZD6	1.88686836652239
HNMT	1.88643825072446
GNPAT	1.88561910579073
ALYREF	1.88517564318861
TMSB4Y	1.88493100101673
SAP130	1.88167616735423
MX2	1.88098885651274
CTC-490G23.2	1.88065264988165
MDM2	1.88020850397861
ABCA5	1.87925246759056
SLA	1.8792135539633
AC079354.2	1.87881415730075
AAGAB	1.87763568570671
UCP2	1.87607038805701
RP11-212P7.2	1.87508305886083
RGS17	1.87487140297762
STK10	1.87382493259091
STMN1	1.87346121206137
CYBB	1.87338501964024
STMN3	1.87176264339147
PLXNC1	1.87097680977287
CHKA	1.86998857208523
SNX16	1.86983790303801
C5orf34	1.86978161123001
HIAT1	1.86954043977631
ARL10	1.86939342432224
MAPK9	1.86861443687413
EIF3B	1.86825572517781
DCTN6	1.86793616267932
GGA1	1.86767503800163
ZNF304	1.86692525008623
RP11-192H23.4	1.86628373199948
LRRC14	1.86608592830249
COA3	1.86545623448704
PRSS38	1.8649666248409
MAD2L1BP	1.86458818786941
NFKB1	1.86447683897261
HMGCS1	1.86270885906303
CENPN	1.86251529669721
ZC3H4	1.86152376650151
ZC3H3	1.85994441656881
RILP	1.85994148743034
GIGYF1	1.85945656641397
AC009948.5	1.85923237249954
CTSC	1.85848054853875
GDI1	1.85747195185035
ZXDC	1.85648682792029
KIAA0430	1.85627520383037
UNKL	1.85616114432885
MLYCD	1.85538019392999
C8orf76	1.85511237896814
TRAK2	1.8544983428699
EXTL3	1.85413816820937
ST3GAL5	1.85413704387205
ANGPTL6	1.85367016430462
COX6C	1.85270474931469
RP11-445H22.3	1.85068012887087
WAS	1.85019440424117
CCDC82	1.84990707473067
PTCHD3P1	1.84881265746591
LIMS1	1.84867653186653
ZBTB38	1.84865254581501
DDX23	1.84791769485583
SCIMP	1.84687012248827
CXCL9	1.84682071873973
RFX3	1.84606105510161
PTPN13	1.84540442193375
CCDC173	1.84398279559742
NECAB3	1.84369985137695
PKN3	1.84327979125755
EME2	1.83916545202018
THOP1	1.83909160944735
IGJ	1.83890669064273
C2orf48	1.83756964692261
CCDC115	1.8374452218661
USP49	1.8370959164315
P2RY11	1.83670782965733
RP5-1103G7.4	1.83646938217921
PLCXD2	1.8357655753859
FBXL13	1.83539317983044
TRRAP	1.83497723184965
CD99L2	1.83494643865538
SMAP2	1.8333261113994
WDTC1	1.83318041078429
ZHX1-C8ORF76	1.83316654242496
COPS3	1.83124664278877
E2F5	1.83072691889775
KLHL18	1.82945575055575
LILRA5	1.82882851814808
GDAP2	1.82692506409472
NAPG	1.82690088846607
LOXL1	1.82636113830688
SUN2	1.82553101716904
TAF1C	1.82536599943733
BAG3	1.82344883375854
DNM1L	1.82326540378581
INO80B	1.82251985956995
NR2C2	1.82142394738648
ABCA7	1.82128618351394
ITGA5	1.82119905251346
TMEM59	1.81943882091189
SLC16A8	1.81891024235486
FBXW9	1.81841978581538
CDC25A	1.81839218712596
RP11-106M7.1	1.81747922636031
KIF20A	1.81732370301086
C17orf53	1.8161194700717
KDM5C	1.81605986483499
CTNND1	1.81437896612867
RP11-34P13.7	1.81437783817397
CCDC47	1.81409279368482
TRIM65	1.81347215754807
PTAFR	1.81226276664445
HNRNPA3	1.81104932382642
SLC6A8	1.81018697557164
WRAP73	1.8094269805451
WAC	1.80872507802631
CXCR4	1.8062730490515
PACS1	1.80519792700919
C17orf85	1.80393115262902
ZNF625	1.80305870021923
AP5Z1	1.80283470644379
NDUFV2	1.8023570563451
RAP2A	1.80197011759789
GAS1	1.80168804417586
MANEAL	1.80161807096349
VSIG4	1.80117857550892
SNAPC1	1.79976339023891
KLF16	1.79853617354912
PIWIL4	1.79773836589874
ZNF600	1.79694904927266
CBWD1	1.79566263513865
COPB1	1.79563364698019
PIK3IP1	1.7939036563248
ZNF180	1.79342010915886
KDELC2	1.7910200914819
EXT1	1.79074955290339
RP11-127B16.1	1.79016238984945
CWC25	1.78906567974983
PAN3	1.7887648983623
RGS12	1.78869695437064
CCDC176	1.78813209669229
MIB1	1.78760195837123
NKG2-E	1.78721416993069
DND1	1.78713621388986
NR4A1	1.78631422444867
TACC3	1.78452546599082
NBPF16	1.78414363827563
LY6G5C	1.78146771797701
HNRNPUL2	1.78143512969559
AC093818.1	1.78100428596787
PIGX	1.78009619816077
CXCL10	1.77972430189285
PLTP	1.77824774036727
ARF3	1.77778994538276
ZNF317	1.77733238516405
TMEM67	1.77716743588027
HTATSF1	1.77613536570709
MARCH8	1.77585167908703
LRR1	1.77549404337287
CCDC157	1.77532441126524
BPTF	1.77512556956159
SUGP1	1.77486171809288
RAB15	1.7742726008115
PKD2	1.77213351185403
AP3D1	1.77197558045511
SLC50A1	1.77120573447147
GLRX2	1.77071070057203
RHBDD3	1.77027545675845
AP3M2	1.77020679350196
SPRED1	1.77011601010859
PLCB3	1.76714639374071
RP11-1299A16.3	1.76476608863904
DYRK3	1.76464547696096
STRN	1.76386604196447
ABTB1	1.76380789783152
ANKRD52	1.76129581431786
LY6G5B	1.7611513281602
CTD-3065J16.6	1.75986318644475
FTSJ1	1.75875498485169
RALGAPA1	1.75620286968167
CCDC136	1.7561083283986
GML	1.75589027320978
LINC00665	1.75552643188223
C1orf43	1.75453828026387
C3orf62	1.75382285490141
GOLGA7B	1.75373911288507
USP38	1.75275611433901
C9orf66	1.7504993560946
ESR2	1.74941304086459
CREBRF	1.74904218825743
LCP1	1.74858636436506
ZC3HAV1L	1.74846961812265
IDI1	1.74812113812918
TMEM33	1.74787266049955
UIMC1	1.74723758049256
TMEM173	1.74715292100166
CCNDBP1	1.74541371720713
SERPINH1	1.74444988473575
EGLN2	1.74366074230318
FRAT1	1.74228056914833
TRPV2	1.74211434872566
NME1	1.74202738629525
GTF2H4	1.74192749439184
MIF4GD	1.74188289136684
RPS27L	1.74124859695065
SLC16A1-AS1	1.74115844865271
PSMA4	1.74050143765992
BRMS1	1.73983269518737
SMIM7	1.73968214896467
KDM6B	1.73704042558823
DNAJC18	1.7369449340733
NKIRAS2	1.73526824217971
RP11-462L8.1	1.73424970204396
PTPRC	1.73360330746636
XRCC2	1.73203899088381
AC116366.5	1.73167909823917
SKAP1	1.73117458725734
CIZ1	1.73049473144133
PRKCZ	1.729613003894
CTD-2020K17.3	1.72956122029915
LRCH4	1.72874449273913
RYR2	1.72824292835131
DDIT3	1.72777004002764
CLN3-1	1.72577129457684
GBF1	1.72526477610351
RP11-739L10.1	1.72502480384859
PCDH12	1.7230610998257
NIN	1.72295784945461
FCHSD1	1.72125579811993
MLK4	1.7210707134101
TRAF5	1.72104812582468
KDM6A	1.72037698033944
DHX8	1.71813031929534
HMOX1	1.71765839009848
CTD-2547L24.4	1.71765702679899
CHCHD5	1.71691082332595
HSPA1L	1.71685234013571
MAPK8IP1	1.71591634970242
TUBB	1.71589783038016
TBX19	1.71523532653016
HLA-F	1.71507291726717
MCM10	1.71501207746872
RP11-690G19.3	1.71408989411018
SYK	1.71310694536184
NAT1	1.71218710711764
SLC25A46	1.71061621852708
NUP37	1.70950496428886
CDK3	1.70942939719174
GSTM1	1.70905349188763
NDUFB1	1.70735443813194
CCDC41	1.70440238124291
C11orf54	1.70437985743283
DDX60L	1.70333360038834
YWHAZ	1.70279664393443
AC000032.2	1.70278708628648
ATG2B	1.70240877862964
PPP2R2D	1.70216846418779
ADPRHL2	1.70048331421771
HIST1H2AH	1.69949870569494
SGPL1	1.69833620365918
RUNX3	1.69792397550762
MOB1A	1.69744269469691
OXSR1	1.6963616548996
PES1	1.69570638281178
ATP1A3	1.69458480196433
SLAMF1	1.69420645547377
SLC25A13	1.69230516021376
MICAL3	1.69147179409729
HK1	1.69131414076092
ERP44	1.69030682269984
ZNF34	1.69024716780031
ZNF862	1.68935974690609
TTLL12	1.6891549055084
TBC1D17	1.68859316238829
SYPL1	1.68781134969613
SMIM4	1.68604068037754
ACSF2	1.68491542407932
TMEM217	1.68487049987025
SPATA20	1.68431376779367
DAZAP1	1.68374815971733
SLC45A4	1.68338002107517
ZNF570	1.683174048634
PLEKHD1	1.68292496902611
FLNA	1.68275061547364
RP11-104N10.1	1.6826585246377
TNIP1	1.68201786157166
CLCN6	1.68191283921827
IL10RA	1.68119277265058
TMUB2	1.68020059383486
LPCAT3	1.68001267285297
PIGG	1.67954333572327
SERPINA1	1.6780108848201
C21orf58	1.67800541101048
OSBPL2	1.67753357494525
USB1	1.67667370264101
CMTM7	1.67638126087559
JMJD7	1.675440248627
UTP14C	1.67529001916609
C1GALT1C1	1.67495151862534
CIR1	1.67482953471218
ZNF470	1.67452216310521
KIAA0391-1	1.67423045940093
ASTE1	1.67386368923379
GPKOW	1.67375327382128
STAG1	1.67321318164995
RP11-20I23.13	1.67232541631426
RP11-158M2.3	1.67217162117726
VPS33B	1.67209524532996
MTRNR2L8	1.67159624972957
LLPH	1.67118576567312
CAPZB	1.67035959132417
IK	1.66991163447368
SLC27A3	1.6686064735766
CALCOCO2	1.66804890785992
EP400	1.6667113738917
ATP11C	1.66644430250544
SNX1	1.66519886440119
ARFGAP3	1.66514334894695
ACACB	1.66472458464714
STAU2	1.66284890201117
COG7	1.6627690666514
XXYLT1	1.66229718622839
RAB6A	1.66207313689471
MYO5B	1.66194385612484
SENP5	1.66126339661929
MGAT5	1.66041134627939
HEATR2	1.65911040380208
CCR2	1.65735403429025
DAPK3	1.65685135597914
HIST1H3B	1.65606458413272
TNIP2	1.65605866180466
SDCBP	1.65574084132399
SPECC1L	1.65398384460549
HAGH	1.65154006172994
DNASE1L1	1.65120381038214
SRA1	1.65076717787315
ZNF549	1.64830673420356
UGT8	1.64807662414395
SUMO3	1.64752755276594
RDH5	1.64718408597336
CEP164	1.64560402250674
BRD4	1.64506216514879
SETD1A	1.64470674846899
DOCK7	1.6444410406719
AC010327.2	1.6420881008431
RP11-195F19.5	1.63885704881251
RAB19	1.63812920670093
LAMA5	1.63806842328498
CTD-2357A8.3	1.63702371000766
C12orf68	1.63618720066318
RNF185	1.63617313921266
CALCOCO1	1.63598490673712
ZCCHC10	1.6350980123959
INADL	1.63476135192795
FIG4	1.63394277396132
NUF2	1.63384477428433
TTC33	1.63294106833087
HLTF	1.63284365361043
RMRP	1.63209277339498
ZNF226	1.63190011822337
IRF2BP1	1.63054760469792
RP11-90P5.2	1.63002244424851
CDCA7	1.62735008741299
ATF4	1.62714099290063
SLC24A5	1.62645704814859
RGL4	1.62627939956791
APOL6	1.62589038023764
JDP2	1.62551709852732
SART1	1.62533761370743
DKFZP667F0711	1.62439706380306
BST2	1.6243259310954
AC074366.3	1.62430018888958
MAP1LC3A	1.62420701480481
MTMR3	1.62365297712493
AC008443.1	1.62351033899639
GCLM	1.62258984277187
MORN2	1.62111846331916
TICRR	1.62063133767179
POPDC2	1.62021560387811
NDUFA4	1.61952972734987
KLF11	1.61946391021666
YTHDF1	1.61859242765455
PDCL	1.61844054720098
GLTSCR1L	1.61811880657937
DGCR14	1.61757951638077
ZNF443	1.61727723623826
E2F4	1.61624401668724
LCMT1	1.61567924707689
ZNF562	1.61557034830403
LINC00205	1.61543325839606
ERICH1	1.61508124705671
C15orf57	1.61442217279683
SSBP2	1.61423855362904
NDUFS4	1.61404362749854
ETV2	1.61261669166256
SMARCD1	1.6118484878691
SV2A	1.61110329807391
CCDC39	1.61100306150011
UBR2	1.61032544124225
CTD-2616J11.11	1.60995688275725
MXI1	1.60982430790321
C17orf96	1.60948474294191
CTNS	1.60939768849363
ZCCHC18	1.60828621702894
CCDC6	1.60698493070292
JMJD8	1.60667251259866
CS	1.60610096876282
ZNF445	1.60558768084393
SNX4	1.60412615397501
MRPL39	1.6032268963549
TRMT112	1.60290428860106
CYP20A1	1.60246608694306
TNFRSF8	1.60242775167606
GRINA	1.60151127770859
BAX	1.6008726701426
PRSS53	1.59820993994693
FADS1	1.59819918536581
MLF2	1.59788819423577
LRBA	1.59780016003726
SUMO1	1.59741112657489
SAR1B	1.59685611239038
RNF5	1.59683876344702
HOXB7	1.59620835563342
CD79B	1.5957848180567
RP11-488C13.5	1.59430740159106
ALKBH6	1.5940857201071
ANTXRL	1.59365538332861
ZNF738	1.59329676833929
MYO5C	1.59004309379453
CTD-3195I5.1	1.58963094614856
PHF7	1.58929756380212
SUV39H1	1.58737071521465
TPGS1	1.58679389958324
SP140	1.58668247081464
IDUA	1.58512935387041
TEX264	1.58502255344571
CPSF3	1.58469396046513
SLC30A4	1.5843793247487
KTN1	1.58381163469901
ARPC4-TTLL3	1.58331602172605
LINC00896	1.58148070255662
EXOSC6	1.58106348830876
LARP1B	1.58058461013203
TMCO1	1.58040608113649
CTD-2547L24.3	1.57956840494004
STK19	1.57899641112729
FAM78A	1.57856025499859
USP7	1.57685804592759
NPHP1	1.57608786873996
RAB7A	1.57595380873058
ZSCAN2	1.57574182524216
KLRC3	1.57531226073193
SYT15	1.57272609873919
ELMO1	1.57240276853011
ARFGEF2	1.57205856400892
RP1-15D23.2	1.57205683336311
ARHGAP4	1.5715520108585
FAIM	1.57148057713993
VAV1	1.57057345559592
UXS1	1.5700156549082
C10orf76	1.56992693787831
HCCS	1.56976451798491
EGLN1	1.56956000381629
KIF27	1.56918718936797
RP11-215G15.5	1.56753608006193
DDX11-AS1	1.56711338106253
AC004466.1	1.56495042532386
TMEM126B	1.56451546875568
PLEKHG4	1.56410911457238
NT5C	1.56370063534952
UBA3	1.56258423452896
SLC45A1	1.56213576545541
DZANK1	1.56210668421128
SPAST	1.56027661521744
KHSRP	1.55953046329461
COG4	1.55927883982492
DOPEY1	1.5588850604465
AC006547.15	1.55863162645839
NDUFS3	1.55816181496089
ZMAT2	1.55754148094175
SLC7A4	1.55737777518037
HAUS8	1.55667086502759
KPNA1	1.55458550416381
GATAD2B	1.55328413258921
CTD-2086O20.3	1.55315595357384
NPIPA7	1.553051488078
HKDC1	1.55297022925025
ZFPL1	1.55081044086764
ZKSCAN5	1.55000464623749
CHAF1A	1.54926141725414
LLGL2	1.54896790362763
SENP7	1.54855931720713
C1orf216	1.54738760137711
ZNF581	1.54690210634433
BIRC2	1.54508759148768
TNFAIP2	1.5438266153387
UCK2	1.54244808360396
C16orf93	1.54050690649943
SRXN1	1.53981461762302
TAF6	1.53763103930079
RP11-440D17.3	1.53741476595949
SLC3A2	1.5368726101954
MEGF11	1.53672712956623
CCDC91	1.53665027001152
ABAT	1.5362958837743
TOX4	1.53350626047327
CBX8	1.53254641100022
CLN8	1.53181052577801
GAN	1.53128370224295
ZNF628	1.53118839093248
CELSR3	1.5308543880204
MINK1	1.53052171056586
DCTN3	1.52912140993314
NPEPPS	1.52879997281486
H1FX	1.52845582369726
SAYSD1	1.528076157253
APH1B	1.52792838340409
RAD1	1.52791445778422
CTB-179K24.3	1.526882194003
PTPN22	1.52686959574889
DUSP14	1.52644392715496
DCUN1D2	1.52614429595104
ANKS3	1.52523822262144
MLLT3	1.52519376446141
CORO1A	1.52443537948417
DARS2	1.52436714056771
SLC35G5	1.52429189123212
RAD18	1.52313677388367
RP11-265P11.2	1.52268050973961
RPEL1	1.52262593856047
MYCBP2	1.52232846351236
SOCS6	1.52183711246196
LAMTOR2	1.5218247669362
DGKZ	1.52118623570046
SLC16A4	1.52112714702757
AC007228.9	1.51982697684874
ATAD5	1.51937115867875
ARHGEF7	1.5185633948736
HACE1	1.51682846507837
WDR81	1.51594273515999
DLG1	1.51521625620403
RP11-218M22.1	1.51483426001375
RP11-296O14.3	1.51346350468357
ZFP69B	1.51254185492233
LZTS2	1.51153384147587
GORASP1	1.5115208338493
CSTF1	1.51143800840685
OSBPL8	1.51101859585678
AP1G1	1.51033444625361
PPFIA4	1.51028875129122
SNRPB2	1.50667854025895
BMP1	1.50631177345185
CXorf23	1.50548027992868
MTG1	1.50507561678189
HAUS7	1.5050128366091
TMED9	1.50469121169407
LTA	1.50358089232989
JRKL	1.5034438728793
VAMP3	1.50332229837422
ABI1	1.50229068487874
GINS3	1.50193242275455
MAP3K6	1.49921890881781
ENTPD7	1.49520826933625
IRF2BP2	1.49502979434423
KIAA1211L	1.49444636999373
CDC6	1.49123479782406
KIAA0947	1.49091200008569
SYNJ1	1.49031779448177
ZNF790	1.48943854078202
DPP7	1.48910947264527
PPP4C	1.48855718308881
PRPS1L1	1.48841446877709
RP5-935K16.1	1.48829305659474
LINC00630	1.48790980650742
XYLT1	1.48767179803634
UCHL3	1.48728992164569
RELL1	1.48708650680861
LMO4	1.48650969740312
CHIC2	1.4861059020977
BBS1	1.48531218269641
CDK5	1.48438649358862
CCBL2	1.48421033875525
ADRBK2	1.48326021637609
PTPRK	1.48294689761463
P2RY13	1.48207662252245
PARPBP	1.48187774253826
STXBP1	1.4813618961198
TMEM129	1.48060049608315
GPN1	1.48046765170894
TMEM164	1.47924464588192
RP11-463J10.3	1.47917456690623
CPEB3	1.47842163872269
INPP5K	1.47830216987286
TARS	1.47817660165973
MEX3C	1.47769272044237
NPC2	1.47727554298489
ZNF613	1.47676999229751
TBC1D22B	1.47665173432375
FBXO38	1.47461383932023
RBM15	1.47266924455641
TCTEX1D4	1.47118094527693
PAQR3	1.47107542681751
UBN1	1.47080682449633
C11orf57	1.46995807314536
E4F1	1.46984710870517
ZNF416	1.46825602090989
CDK9	1.46820766927271
PSD3	1.46668633138323
STT3B	1.46643430898532
CSNK1D	1.46534638026438
PHIP	1.46396910883646
NDUFA11	1.46360678402865
RTEL1	1.46343601237252
TADA3	1.46333043274169
AC009120.6	1.4631981819288
CTC-523E23.1	1.46295235605695
WDR19	1.46278838535782
MLLT4	1.46232093935831
APOO	1.46192615347564
LRRC8A	1.46140755569356
KCNAB3	1.4612499105907
GALNT10	1.46117584286816
RNF14	1.46029104916498
RP11-544M22.13	1.45897700052475
PGAP1	1.45816093580106
STRIP2	1.45799689536844
NAPSA	1.4556504361398
OPA1	1.45420718189922
EXOC3	1.45394488317474
ZNF33A	1.45332972490472
CCDC101	1.45295541849553
RP11-91J19.4	1.45190820902689
ASF1A	1.45189739717965
RLF	1.4516478303669
CEP135	1.44997570927992
TNFRSF10B	1.449465357208
RP11-338I21.1	1.4494324141888
SLC12A8	1.44922887223152
SLC31A2	1.44850032448013
GLTPD1	1.44777171904746
MDK	1.44755607005685
KLHDC7B	1.44731212395083
TOR1B	1.44636555840301
TSPAN5	1.44516108395039
FAM193A	1.44284906253432
LINC00894	1.44267407769516
IGSF6	1.44252542652988
MED27	1.44086695162521
LINC00957	1.44055407548501
PIK3R3	1.44033601178759
PDPR	1.43987723290336
CCZ1	1.4394185830921
C2CD5	1.43885346363038
TNFRSF1A	1.43782355741931
ATRN	1.4369629730059
PYCR1	1.43688984498981
PGP	1.43606352825456
MED8	1.43588984870969
CCL20	1.43540202533056
NFKBIE	1.43517244156001
HDAC11	1.43508726494385
URM1	1.43451701592935
DRAM1	1.43445235069479
RP11-96L14.7	1.43395617420401
C14orf2	1.43313820336491
ATP7A	1.43310317560981
TBC1D3F	1.43274605927387
RFWD3	1.43250242936444
SLC12A5	1.43124467059932
EBNA1BP2	1.43095091852876
RP11-770J1.3	1.43073229248915
TNFSF14	1.42916546284098
MAPK8	1.4291410820109
MYSM1	1.42885315889612
USP8	1.42746906353697
KDM7A	1.42653343490334
PAK3	1.42629389900764
PRADC1	1.42617859024291
PRICKLE3	1.42476957611036
FUK	1.42380645315494
PELI3	1.42295587585762
RP11-9M16.2	1.42276071764587
ZNF432	1.42135899378292
MIR4458HG	1.42034189953302
AHCYL1	1.41991176269781
RELB	1.41925739330233
ANKRD40	1.41853341145373
VWA9	1.41829112731965
ZMAT3	1.41753600442308
USP4	1.41739138995538
LINC00271	1.41735102342866
KIAA0101	1.41689745596425
ZNF219	1.41656183963035
TMEM244	1.41611436506325
ZFAND4	1.41600587235122
RABGAP1	1.41549597900657
ARL2BP	1.41457418689686
UBE2S	1.41371933094913
C1orf200	1.41363824756345
GINS4	1.41347303860112
MSL3	1.41294942612127
RP11-119F19.2	1.41290099613501
AC137934.1	1.41221529385551
DOCK11	1.41219733079865
WRAP53	1.41166017818813
C18orf25	1.41157598418815
FBXO36	1.41052223956993
PPAPDC2	1.41025854508907
ADD1	1.40867504931869
VEZF1	1.40817958991778
ZDHHC20	1.40745416677408
KDELC1	1.40743949019342
FAM76B	1.40709043217742
CDC27	1.40691411314516
SMARCB1	1.40612323581903
PPIL2	1.40585652971695
KIR3DX1	1.40584519082256
MIR146A	1.40486266774918
MT1E	1.40481265802418
AC016745.3	1.40395565941341
DCAF4	1.40393566229038
NDUFS1	1.40364265574971
DRP2	1.40291250513332
RGL1	1.40257061188713
GLA	1.402082392456
TNPO3	1.40175955542113
TLR3	1.40126219322618
MRPS18A	1.40056741672476
KIDINS220	1.39919842532849
OAZ1	1.39795882618068
PXDN	1.39712233997132
MBLAC1	1.39705238626765
VIMP	1.39572456426602
PIDD	1.39551823414647
POLR2J	1.39507161616742
CD302	1.39470030775389
RBM12	1.39278661845605
TRAF3IP1	1.39254672330828
SLC16A13	1.39251269611573
NFKBIB	1.39232621130467
TMEM154	1.3916090662956
LRRC40	1.39035106784185
PHC3	1.38998370840195
ZBTB24	1.3877453373461
STX12	1.38738942803939
ACTA2	1.38728324189379
DYNLRB2	1.38645177316622
SLC9A5	1.3860319277773
GLTSCR1	1.38327821230634
CTDP1	1.38279794097917
SNX33	1.38211718157228
UQCRC1	1.38189410580535
PRPF39	1.38151229602446
C9orf116	1.38137956498204
DEAF1	1.38135053073307
RP11-661A12.14	1.38077359929314
AC093642.3	1.37964530921694
ENDOD1	1.3768308120866
GPR19	1.37633568901806
RP1-20N2.6	1.37623840903985
ZNF160	1.37605895428064
RNASEH2A	1.37596932539742
WDR83	1.37590873415871
GGACT	1.37400960960838
CDC123	1.37316458863283
FAM63A	1.37256935148941
OPA3	1.3704280285773
PLK1	1.37039692905685
POLD4	1.36943088054232
DHRS1	1.36699884863853
CWC15	1.36678909490212
RP11-894P9.1	1.36615021028449
CTA-373H7.7	1.36584426373624
PPP1R18	1.36562737450297
NSDHL	1.36555570866563
CBLB	1.36480597089085
TP53INP2	1.36380614702606
TSTD2	1.36276609247714
B3GALT4	1.36236849457825
UEVLD	1.3621717520143
RP11-1407O15.2	1.36156311048916
SMPD4	1.36029454332569
USP20	1.35947954990365
RP11-603J24.17	1.35911834127202
UQCC2	1.35847127087987
TMEM229B	1.35831319236843
RFX5	1.35822803457016
RP11-1399P15.1	1.35802365821638
C4orf29	1.35797707050437
CD180	1.35788442225031
CEP97	1.35691257203298
NUP205	1.35662057287767
CCDC43	1.35652454156292
C7orf73	1.3564677280315
ARHGEF28	1.35627954829047
LANCL2	1.35558724587891
SLC35B2	1.35515577815086
CHST7	1.35451052625866
CPT1B	1.3544631366766
RP11-347P5.1	1.35266669250747
SNAP29	1.35262141141535
MDH2	1.35045310778702
KDM4B	1.350376161386
GLRX5	1.34971678628922
R3HCC1L	1.34866555926077
PAXIP1	1.34732495317992
CARS2	1.3468526228845
ZBTB5	1.34675247917214
C5orf58	1.34640219360516
PARP6	1.34579642955159
CTRL	1.34569962739629
DUSP8	1.34554159767514
ADO	1.34550756418383
IQCG	1.34374201694804
PLEKHA3	1.34373653393436
GOT1	1.34328069677684
CES4A	1.34306681469213
CAPN15	1.34252960548777
XXbac-BPG252P9.9	1.34250357834909
FADD	1.34156183220129
C5orf63	1.3412274645727
CARM1	1.34116408631376
H2AFZ	1.34105674725492
ADIPOR1	1.33991291619895
AC004951.6	1.33984296072107
C7orf50	1.33929693690625
PRKAR2B	1.33925493501339
ZNF134	1.33833901773346
RAD23A	1.33805408306391
PRKRIR	1.33796411011181
ESAM	1.33783273473539
MIR29A	1.33748768490357
C9orf40	1.3372313827289
MMS19	1.33699507770505
TEPP	1.33644594559135
PLXDC1	1.33601732317218
POP4	1.33535843125171
ZFAND3	1.33510942604744
C11orf35	1.33488802005611
RP11-499E18.1	1.33452228289761
LILRB3	1.33211697069468
VPS9D1	1.33209540875181
DGKE	1.33184076057734
LRRC25	1.32992229863584
LMO7	1.32906758668539
TRIP6	1.32906514951294
FAM171B	1.32890448813208
PANK4	1.32886935929486
MT-ND5	1.32833336833006
AC004257.3	1.32828245470528
PIF1	1.32822988606527
FAM83H	1.32771747399685
HDX	1.32707871338407
ZNF678	1.32561662830662
CARD16	1.32560969280704
LRP5L	1.32491650296172
FRMPD3	1.32469717269941
AC068196.1	1.32425055065025
EMC6	1.32399520790045
RABL2B	1.32317212860563
FAM149B1	1.32317132568646
ITPKC	1.32294741573434
CEP290	1.32260564105587
DTL	1.32256260438927
CBX7	1.32134693180493
C14orf182	1.32088958972551
FGGY	1.32050724657698
CLIC2	1.31908288729802
CEP192	1.31858031820518
ATP5G3	1.31844367017419
TNFRSF10A	1.31741073710758
KIAA1033	1.31722254652298
LGALS2	1.31694155693086
AC025442.3	1.31578116143958
ZNF250	1.31573464588912
ABHD16A	1.31541795818211
ZNF839	1.3150733004246
ATP6V1C2	1.3142492803091
HNRNPD	1.31286430126896
ASCC1	1.31208995673973
ZFAND2B	1.31197869126385
UBR5	1.31132496872782
CEP170	1.31117186700944
AC131097.3	1.30986438006072
TMEM106A	1.30955879109331
CTD-2210P24.4	1.30931616635431
TIE1	1.30890279360444
STX6	1.30830764027555
PHYKPL	1.30807328911362
TMEM81	1.30803395614534
SYMPK	1.30596350092947
SMYD2	1.30493894926678
IGSF9B	1.30443464906823
GAK	1.30420401648704
TBC1D13	1.30348077213731
NSMAF	1.30231721117957
BRICD5	1.30224660023558
ZBTB46	1.30219543222974
RBM3	1.30172739259504
RP11-102L12.2	1.30165732995755
HIST1H3I	1.30107970250381
AC092580.4	1.29966122651018
ANKRD13A	1.29909527235237
DOCK5	1.29793041292181
SEMA4F	1.29782553046661
PYGB	1.29762134548019
RNPS1	1.29663600026193
ARRB2	1.29592997651843
C4orf50	1.29501350898988
ARHGAP27	1.29473472250198
KIAA1279	1.29375725283041
SYNM	1.29306859929442
C4orf32	1.29291462573265
KLHL4	1.29214071013467
RRM2	1.29207096257195
RP11-553L6.2	1.29155761302677
SLIRP	1.28945529028492
TMCC1	1.28942247553903
WSB1	1.28779938690028
S1PR2	1.28711559414074
HERC2	1.28643067267578
SRP14	1.28587822977138
MAP2K7	1.28523151815229
KRBA1	1.2851646866474
TRMU	1.28229550925051
R3HDM1	1.2822770388672
RAB5B	1.28216418490505
SLC43A2	1.28184038700885
ZNF501	1.28151372672063
DCUN1D3	1.28134418588806
PYCARD	1.27849257138005
FOXK1	1.27811023827345
WWC3	1.27795927241925
USP15	1.27786904518424
AMT	1.27697073090371
CLCC1	1.27695657021841
SP110	1.27599821396893
GFI1	1.27559276024114
HCFC1	1.27532829027939
RP11-586D19.1	1.27527473253366
RN7SL1	1.27458971839459
SMIM10	1.27340599105482
HIST1H1A	1.27271626678692
MFN2	1.27162708915364
KDM1B	1.27109892460256
CCAR1	1.27099819722875
SLC17A9	1.27083748581996
ADCK4	1.27076691046074
FAM85B	1.2707350405006
GLRX3	1.27071430825659
LILRA4	1.27056978083332
NDUFS8	1.27055433127475
ZNF257	1.27046233449578
TET2	1.27040468129577
SLC35D1	1.27018221113979
SULF2	1.26906602043304
EME1	1.26837766222339
SWAP70	1.26753023697171
HIST1H4D	1.26568307557146
KIAA0195	1.26550904400697
CAD	1.26543670992339
ZNF707	1.26539228135143
TSIX	1.26478374246366
HECA	1.26477600109723
TK1	1.26400558879819
IDH1-AS1	1.26264700928056
ANK3	1.26088466237788
TUBGCP2	1.26076467048359
PLXNA2	1.26035096517256
ZBTB6	1.26027518429015
RNF31	1.26006702213942
USP42	1.25875689507176
PIGU	1.25737388109532
ZNF324	1.25730818771341
RP11-798G7.8	1.25591772244043
ATP6V0E2	1.25574831789609
CTA-250D10.23	1.25543795684823
SFPQ	1.25516460095164
GFPT1	1.25503435513342
PARP3	1.25493355291793
PRDM15	1.25432390304753
TNRC6A	1.25374474437282
CENPI	1.25359794423572
POLR2I	1.25335572482837
TSPAN13	1.25270618455102
CLK3	1.25231916578848
PSMA5	1.25216134199086
FOXD2	1.25124978162887
RAD9A	1.25012100208685
SPDYE2	1.2498894053446
AP1M1	1.2486981135469
CTD-2555O16.4	1.2479991415036
TRIM7	1.24796594624797
PTRF	1.24645297426551
PPIL3	1.246129145777
XAB2	1.2460371318509
UBFD1	1.24572556954317
MED19	1.24521958592162
ZNF623	1.2437121680348
ACOT2	1.24140536642977
ULBP3	1.24072129875154
PACSIN2	1.2407054076314
MPHOSPH6	1.24048344918211
RP11-493L12.4	1.23897728952062
TRAF4	1.23811531611554
C12orf75	1.2370628218446
NDUFAF5	1.23508534067827
TLCD1	1.23500961519052
WDHD1	1.23497875795267
KLC1	1.23488876728223
TMEM208	1.23450343323833
ZNF530	1.23426636141065
SPHK1	1.23320721112094
TRAPPC2P1	1.23248255106772
IFT57	1.23228291270453
SLC38A2	1.23208421834707
CD300E	1.23206110146414
STAMBPL1	1.23157948504804
PSAP	1.23136330072658
ZNF793	1.23045948408955
TSC22D1	1.23040029280576
MND1	1.22895475889327
SNX21	1.22851330894731
BCKDHA	1.22828948622643
HIST1H3J	1.22750457312963
USP27X	1.22672995152516
AHCYL2	1.22655178474174
NDUFC1	1.22564181967655
YEATS4	1.22520513498021
SMARCD3	1.22485702859957
DHRS13	1.22463643543245
KIR3DL2-1	1.22442003932994
ZNF283	1.22403213343551
F5	1.22358104765486
RAB3D	1.2230781796406
PCYT2	1.22224107484416
HIST1H1D	1.2219216670401
CROCCP2	1.22160551380534
ZSCAN21	1.22084542035601
GAPVD1	1.21931038479317
PM20D2	1.21928251529005
ANAPC4	1.21883932344168
USP16	1.21868508901508
EXOC1	1.21838805074824
FGFR1	1.21814011659245
FBXL18	1.2176129676519
CHCHD1	1.21723023240656
RARS2	1.21693143253272
EIF4ENIF1	1.21681511145085
SYNGAP1	1.2162593120498
MTRNR2L1	1.21607093407895
HINFP	1.21604039762315
LINC00092	1.21478637265712
SH3TC1	1.21456833414509
ZBED6CL	1.2138572989977
HBP1	1.21359210539608
BAHD1	1.21353374353454
PIKFYVE	1.21307967302287
OSBPL3	1.21098728492056
RP11-186N15.3	1.21079738085464
C4orf3	1.20963219412696
MS4A7	1.20888719107006
NPIPB11	1.20830266032142
RP1-151B14.6	1.2077259878161
SLC19A1	1.20747231968352
SP3	1.20646568621675
CCDC22	1.205117500609
TP53RK	1.20180180549861
TFIP11	1.20045123490139
PTEN	1.20031659503597
MGLL	1.19959154713703
ODF2	1.1991349708985
AC013449.1	1.19890883799629
SSH3	1.19842755757753
CBX2	1.19698472457839
SLC29A4	1.19686159770825
MRPL12	1.19551095512466
DHX38	1.19525088073747
CGGBP1	1.19468175018045
C1QTNF3	1.19427778369888
DDTL	1.19092663840935
MTM1	1.19049116297968
ZNF621	1.1903651271704
MAP3K7CL	1.19026577175337
CIB2	1.18994133770885
PTPN18	1.18804441867099
RP4-773N10.4	1.18772946479884
BCL2L1	1.18765088639704
STOML2	1.18763500119933
NOL3	1.18714168220893
LMOD3	1.18699420307986
RNF139	1.18581578867503
CRIPT	1.18431218520463
LETM1	1.18285017602868
RBM28	1.18231818046207
CISH	1.18201785717752
AIM1	1.18154724680013
SMAD4	1.18153851343491
NISCH	1.18131560441587
RP11-474B16.1	1.18128151695423
HSDL1	1.18060493566239
AC002985.3	1.17963408250102
FAM83D	1.17754709776151
PPIP5K1	1.17685681652385
AP001816.1	1.17671767687903
CAMSAP2	1.17653049200641
KCTD5	1.17644328797419
FIZ1	1.1758703043076
PLIN2	1.17561070225597
FBXL22	1.17505590424003
CHRNA10	1.17385775738011
FCGR2A	1.17283123352008
SDHB	1.17198962265917
IKBKB	1.1718829154351
VDAC3	1.17087477292484
ZNF764	1.17074846508401
ADAM9	1.17000276851445
CMTM1	1.16931245368513
TOB1	1.16876149535055
KIAA0355	1.16814155630275
TFAP2E	1.16786698371133
C19orf47	1.16783480291495
BAZ1A	1.16733500070017
SMC5	1.16732699501583
FAM219B	1.16699819293416
AC009961.3	1.1665153178003
DDX43	1.1665147062865
GNE	1.16644476232556
AAR2	1.16600896805915
CCDC3	1.16580770177393
C16orf46	1.16419576646544
ATP5L2	1.16385741801157
HIST3H2BB	1.16310702103076
NEURL1B	1.1624981717689
HRASLS2	1.16208299346952
PIK3R5	1.16107492849642
CA5B	1.16073244665169
SLC25A17	1.16041397421713
IPO13	1.16013626250987
SUV39H2	1.15980571390693
PHF23	1.1595039808139
CDKN2D	1.15914032643692
RP11-96D1.11	1.1579419676938
LYRM4	1.15772853848753
KIAA0754	1.15676459965347
CCDC77	1.15657107085647
CCDC126	1.15642626408664
DGUOK-AS1	1.15630398375667
PANK2	1.15515933050775
YIPF2	1.15434329887923
SDF2	1.1533564905322
DBR1	1.15214926025223
FAM168B	1.15199991300865
ARHGAP26	1.15190358422227
ZNF236	1.15162738886132
TMEM242	1.15120235387536
CD200	1.15011106749267
CHPT1	1.14980166925283
ZNF404	1.14935483913097
SLC11A2	1.14931331354059
SETD8	1.14930340080001
CCDC61	1.14876388441246
ZNF284	1.14868895146174
CACTIN	1.14778656299224
MRPL37	1.14741328913367
TAF5L	1.14718693408014
ESCO1	1.14605823987721
SLC16A11	1.14595437060319
AMPD3	1.14517045869056
C7orf25	1.1446948882734
BECN1	1.14420080663792
FAM218A	1.14346858723161
FCER1G	1.14205758111928
MRPS5	1.14114644150164
STRIP1	1.14097487170892
RMDN1	1.14066800011822
UBL4A	1.13984728916825
PSME2	1.13935447187717
NMT2	1.13930942994893
HADHB	1.13920688308443
CD53	1.13828847548547
LINC00174	1.13749312352046
RBM25	1.13705643901316
LTBR	1.13661929083229
RP11-46A10.5	1.13623652965737
THAP4	1.13534363928963
REST	1.13504079845575
MTMR6	1.13499592700424
NIPA2	1.13469454179869
C22orf29	1.13452085974406
CENPP	1.13448590681081
RBM23	1.13290227220104
DOK6	1.13215290697063
PTGER4	1.13152561917742
UBE2R2	1.13143253631352
FAM228B	1.12997382273874
HCST	1.12964052801154
OAZ3	1.12931857673878
AGTRAP	1.12898499941093
SMPD1	1.128341710238
EWSR1	1.12813953904932
HIST2H2AA3	1.12769223400934
PRKCQ	1.12736959148855
TNNC1	1.12709469019992
DIRC2	1.12574442561732
WDR45B	1.12559666331558
FRMD8	1.12498965088038
FAM92A1	1.12408861286239
DERL1	1.12407263619692
PHF2	1.12392111392795
NOC4L	1.12327880611791
ALG9	1.12273948575738
KCNQ1	1.12198613135031
RBAK	1.12017323042921
THSD1	1.12008870650043
CDK7	1.11986369312198
EIF4H	1.11932387048107
IFT52	1.11912323839588
MCRS1	1.11898337514857
RANGRF	1.11877977147373
NHEJ1	1.11857374825421
PHF12	1.11701276620986
SLC7A11	1.11612296978525
ARHGEF1	1.11577415694755
NSMCE2	1.11573878139255
BLOC1S5	1.11544681882948
FEM1B	1.11485872239339
KLHL42	1.11463307170865
STRN3	1.11449236620554
MON1B	1.11429893603323
RAN	1.11406223908598
HPS6	1.11404963936101
TNFSF13	1.11378535271478
MUC1	1.11267566490648
DLGAP5	1.1120953020009
HIRA	1.11112033580799
AMBRA1	1.11020887687819
C19orf68	1.10899383840832
EVC2	1.10892268859305
FAM168A	1.10887309636897
WDR91	1.10578060113018
PPP2R1A	1.10454566913193
CD4	1.10274021997977
RAB40B	1.10248859617197
ACIN1	1.09946861883491
NRDE2	1.09940193007385
HIST1H3G	1.09767383130317
RP11-513D5.2	1.09508849112922
RP11-345M22.2	1.09488897199248
SLC15A3	1.09453255975769
RP11-85F14.5	1.09431518566278
RBM44	1.09388735229982
ERLEC1	1.0914188870667
CHMP4B	1.09120191424766
TSPAN14	1.0910407032214
RP5-1028K7.2	1.09089928620661
MYL6B	1.08854820001119
SAMD8	1.08850997484704
SPDYE1	1.08802715951093
SARS	1.08795691255739
ZNF776	1.08643568659006
PTRH1	1.08604387109209
HIGD2A	1.08490718808484
DERL2	1.08427855705129
CTDSPL2	1.08290266701532
PTPN23	1.08276401008395
RDH11	1.0821373543472
NEDD9	1.08208382612623
PPP1R12B	1.0819843174337
FRYL	1.08160637496924
UTP11L	1.08145033238524
CFLAR-AS1	1.08123248476836
SULT1A3	1.08116014858721
ANKDD1B	1.07962669455456
AASS	1.07859699167339
THBS3	1.07822692606223
ESD	1.07821384274109
TIGD4	1.07818567194875
RP11-430G17.3	1.07719007664789
CCDC15	1.07696653894767
ZNF714	1.07632267831188
LINC-PINT	1.07598838223614
DAD1	1.07488864859717
PRR5L	1.07470038766777
QSER1	1.07442944080579
AC016831.7	1.07354131948923
SPRYD7	1.07285205574829
PABPN1	1.07282829430788
AP1B1	1.07280435454419
HIF1A-AS1	1.0726784566595
ZMYM6	1.07208444889845
SMUG1	1.07174973646532
RP11-228B15.4	1.07173627519613
SLC20A1	1.07149634226033
CLN6	1.07147976957356
SCYL2	1.07118295167358
PABPC1L	1.0711482793932
RNF170	1.07061139489405
HPSE	1.07048869239924
VPRBP	1.07041002360707
CTC-479C5.12	1.0700940765636
TSTD1	1.0696919601516
PITPNB	1.06945476141156
ZADH2	1.06888643107916
DBF4	1.06808751510425
RP11-217B1.2	1.06796732065427
NAA20	1.06795961806176
CTSS	1.06720453168106
RP11-498P14.5	1.06699742431152
TMEM8B	1.06622469156984
RP11-1149O23.4	1.06613195170586
GTF2A1	1.06470905285052
POLR2A	1.06434871551412
SGTA	1.06282297515357
PPP1R37	1.06257565925247
PYCRL	1.06234251029227
CDAN1	1.0615152240863
LPP	1.05992802611136
AIDA	1.05864131039372
KIAA1009	1.05794025314928
BCAR3	1.05731145953011
RP11-53O19.3	1.05695486965064
AUP1	1.05550266185579
RP11-950C14.3	1.05510437563574
CYFIP1	1.05358190185926
PRPSAP1	1.05346118033065
RUSC1-AS1	1.05319396727308
B3GNT4	1.05295509225959
SCN8A	1.05293974175099
CWF19L1	1.05222382506756
DUS2	1.05162505755794
NPIPA5	1.05150385307804
COPA	1.05129292614769
ZBTB3	1.05126471396978
SLBP	1.04997000882077
AC011747.4	1.04966489188764
OR2A1-AS1	1.04937953221402
KXD1	1.049377292987
SNX22	1.04906263798989
C12orf4	1.04729087224073
ZNF343	1.04624787648139
KANSL1	1.04601829457646
BPHL	1.04561323796367
FN3KRP	1.04558361259571
PPP1CA	1.04480470554377
HMGN4	1.04417997513627
HERC6	1.04374966716298
RP11-73E17.2	1.04175968344712
ARHGEF9	1.040730833574
DCAF12	1.04021916158184
RAB2A	1.03975585107059
DNAJB11	1.03763526150788
XPO7	1.03755589083516
TBL2	1.03751007343365
BAG4	1.03728498276998
HIST1H4L	1.0370148951104
GUCD1	1.03700704861208
HIST1H3D	1.03618969234203
MAP2K3	1.03584943923611
PFDN4	1.03559498519695
TMEM120B	1.03478832427911
SERINC1	1.03474751000838
BMP8B	1.03457357955849
ZNF280C	1.03358055786808
CREBBP	1.03329977804887
SLC6A20	1.03275573574484
CECR1	1.0326831116228
SYF2	1.03260273009651
POLH	1.03137194787988
PIK3C2A	1.03080646379397
PSMB9	1.03055180027983
DHX16	1.03044186965213
UBALD1	1.02999121691282
CCDC107	1.02880274929343
C1orf112	1.02803608013366
XRCC6BP1	1.02801890147478
CCR1	1.02775462510214
ERI2	1.02755964155351
ANXA6	1.02716984448522
ILF3	1.02677705527545
MGEA5	1.02635376656334
MRPL53	1.02610574793392
COMMD2	1.02581992803621
PYGO2	1.02580394241445
CCDC153	1.02404793486081
SUPT5H	1.02363630186363
CXXC11	1.02359482129309
RP11-571M6.7	1.02294428908757
TRIM38	1.02043090845282
G6PC3	1.02032128057484
SUCO	1.02003352543707
ZNF57	1.01998983471136
SLC25A29	1.0186212986788
TMSB10	1.01858948543463
YY1AP1	1.01839709873951
CTD-2583P5.1	1.01812474077737
PDE3B	1.01660810934543
OGFOD3	1.01592337230107
TUFT1	1.01582224017473
RP11-360L9.8	1.01538530539065
SLC23A3	1.0132775160677
DDR1	1.01208613239887
PCNXL4	1.01205844967942
SMARCAD1	1.01116912813288
HYAL2	1.01085407185478
COQ9	1.01015707603498
MLTK	1.00956276869372
NUP98	1.00831568098062
ORAI1	1.00775718728923
NBPF24	1.0073663739812
SH3KBP1	1.00717086095744
MACF1	1.00703140155068
MPND	1.00638838277125
NSFL1C	1.00633323389985
TMPRSS3	1.00561757170861
ST3GAL2	1.00433435217898
DDX51	1.00428577841308
ERC1	1.0040633961063
ADAMTSL3	1.00260340199138
RP4-784A16.5	1.00246092604935
ZBTB34	1.0014512103979
TAF13	1.00123511293271
SLC39A9	1.00068424962871
COPS8	1.00033909839457
EFCAB7	0.999927286619954
DGKQ	0.99913363235183
SLC24A1	0.998401037928619
ARL6IP4	0.998377649886818
TST	0.997943515615611
VPS13B	0.99710676770601
TOM1L2	0.996271788603408
SLC8B1	0.994925047059614
PDLIM5	0.992466627209413
ANKFY1	0.992199865137457
RP11-429J17.2	0.991054379127016
AC010894.5	0.990637099975026
ESYT2	0.9898854113068
RP11-506M13.3	0.989692423693405
RP11-645C24.5	0.989568483567925
FGFR2	0.988700883476854
ZNF845	0.987810959757466
SLU7	0.98649169425706
CARD9	0.985824363547935
SLC9A6	0.985809802898548
TAF11	0.985674890320481
CHUK	0.98558012249473
DPM1	0.985472152101169
RP11-927P21.1	0.985342246680568
KIR2DL1	0.9846702796771
MIR24-2	0.984173308999306
UQCRQ	0.983724873995588
KIAA1191	0.983422821375326
COX6B1	0.983350295468752
LEPROT	0.982358975025458
ESR1	0.981054582102661
MEF2C	0.980822787803569
ZNF816	0.979845786455126
FAM86B1	0.97971780908244
KIAA1377	0.978957384526878
TGFB3	0.978682897990162
SYNCRIP	0.97854022575286
RAP2C-AS1	0.978094708553721
LRRC46	0.977868101759968
DNAJA1	0.977479827509953
RBMX2	0.976804117855205
RP11-498P14.3	0.976570761217993
UBE2V1	0.976331525452251
SFT2D3	0.976272251558726
RP11-225H22.7	0.975631533865712
GBP3	0.9753973118043
PIH1D1	0.974830168799293
FBXL17	0.974392096616189
TLK2	0.97409548540347
ASH2L	0.974035785832554
ITPR2	0.973695684953869
NARFL	0.971858587968914
HMMR	0.971370553249563
ZNF778	0.971362372294836
TRAPPC11	0.969910821666729
MIR1302-9	0.969635927232886
MOB3C	0.969596713297115
RBM20	0.969577988235133
NABP1	0.968581328485367
PIK3C2B	0.96855325277792
CIDEB	0.967920444575574
FBXO18	0.966354354924478
TULP2	0.966353799270112
XPNPEP3	0.966156451871223
DCUN1D1	0.965862410653971
CD36	0.96509771959192
PPP1R15B	0.963367921376615
HEXB	0.963117058648701
WDR18	0.962468198142028
AC005306.3	0.961376519875256
NEURL4	0.961066524495823
CREB5	0.961025827870717
LNPEP	0.960576291684758
CCNE1	0.960313719719929
BRD7	0.959810408171534
TVP23A	0.959381788349571
RP1-56K13.2	0.959040102887627
SZT2	0.958607074870725
MED13L	0.958600841952463
CDK10	0.957995197034711
MTFR1L	0.957692414251964
TADA2A	0.957631452933208
POMT2	0.957224736304639
F13A1	0.957191501814748
PAXBP1	0.957150537975555
DLK2	0.956783773839885
FNIP1	0.95563244931354
RELA	0.952815628755462
CHRNE	0.952805766741169
PLAG1	0.952491159250553
PTBP1	0.951548810016277
ENHO	0.950315608336522
ZNF184	0.949647585470898
PSMD13	0.948730157994975
TRDMT1	0.946525642540536
NR2C2AP	0.945738972323481
ZDHHC16	0.945630833188715
DNAJC28	0.945581062020764
TRIM22	0.945473401579085
ZNF837	0.944059934516568
AC073657.1	0.943709853253499
ZNF780A	0.942343996138564
MYB	0.939993660381856
MTMR2	0.939956013946169
PRAF2	0.938405532009332
RP11-122G18.5	0.936834958283838
RP11-538P18.2	0.936284184714558
C8orf37	0.93570521084309
C12orf49	0.93549194162109
TADA2B	0.934441828101485
RFWD2	0.933464516086183
ATP5C1	0.933459839104216
ARHGEF4	0.932439928806959
ERCC6	0.932191106518892
PRKAB1	0.931790413484353
TAF4	0.931631245880463
TMEM14B	0.930759459327391
UBXN4	0.93020088835979
FPGS	0.928499919635311
AC009299.3	0.927002539245717
ING2	0.926618354998415
HSF4	0.926388875950689
PDP1	0.925615534960288
GNAQ	0.925476571602574
TMEM176B	0.924969431985059
CRIPAK	0.923977681388366
OSBP	0.923544445102716
MAU2	0.923269418402862
BSDC1	0.923033604416389
ZNF585B	0.922428545835922
TAX1BP1	0.92151931996766
PDPK1	0.920950739603429
RP11-758M4.4	0.92051562322333
SEC31B	0.920298852119019
GGCT	0.919822681481131
CBX5	0.916299502205145
ZNF552	0.915932739458057
AGAP2-AS1	0.914463174808159
AC093495.4	0.912984649262923
ZNF276	0.912021235844194
VAMP4	0.911527363141207
RP11-47L3.1	0.911230737869723
KCNK12	0.911114044563041
BABAM1	0.910901985078819
IL15	0.91061288900854
SLC2A3	0.910574044091655
CTD-2116N17.1	0.910527807483499
AC069368.3	0.909681571834824
NCDN	0.909587665670555
CCAR2	0.907998075627145
RP11-486O12.2	0.907985038029781
ARL6IP1	0.907738735622405
AMOTL1	0.907546150263559
ACVR2A	0.907110189135316
PARP1	0.906371048025715
STAB1	0.905276740126105
TJAP1	0.904679769858171
PPIF	0.904320804879486
GSDMD	0.903686934224395
TMEM110	0.903109730688746
ZC3H7A	0.901732693024809
TOP3B	0.90128999640234
TAS2R30	0.90102014826033
MAPK14	0.900869454750175
FBXL16	0.900238999992195
TMEM165	0.899953218903347
RBM45	0.89940369898623
SIDT2	0.899368157158577
NEK7	0.899311708981983
AKAP8	0.89873604755254
SREBF1	0.896999669775487
CTD-2162K18.4	0.896702573202434
PSMA3	0.895988760280686
ADAMTS4	0.895671982450763
CTD-2012K14.4	0.895171365594968
CSTA	0.894987347448625
RAB12	0.894033062599562
WDR11	0.893929497259937
HSPA1B	0.89161914177503
U82695.10	0.890262396781132
NFIC	0.889836320281171
TGFBRAP1	0.889165422782567
EPHB6	0.88838596243298
RIOK3	0.888005394071388
UBE2L6	0.887994521714797
ELF4	0.886866557198092
GNB1L	0.886474668967713
SLC7A1	0.886119558365524
RP11-498D10.6	0.884529385917722
PIP4K2B	0.884144923077883
SDF4	0.883827273868645
TAPT1	0.883142884744685
ARHGAP1	0.882423501201876
MMAA	0.882387871530152
SCFD1	0.88230612297264
RP11-553K8.5	0.882161435443047
ANKZF1	0.881115463939809
LCP2	0.880875768594201
EXOC2	0.880527043695847
TSLP	0.88043085726136
DLGAP3	0.880053563318843
SGPP1	0.879146724385831
PLAUR	0.87900900181032
TELO2	0.876779363155596
SAMM50	0.876388971135008
CDC37L1	0.876365954623246
ABHD17B	0.875501394243579
TRIM32	0.875088622491614
INPP5A	0.874918861090737
C1orf122	0.874804629805673
CSRNP2	0.874060822293107
PUSL1	0.873658586195431
ZNF473	0.87320065012401
ABCB6	0.87267408393319
ZNF747	0.872334605914282
LYZ	0.871480085423419
ZNF287	0.870884658997082
CTD-2031P19.5	0.870236418249327
RP1-167A14.2	0.868356028574634
ZFP57	0.868123575049737
RP11-513I15.6	0.866960651279361
ESM1	0.866256808131232
POLI	0.864999450622974
COPB2	0.864971953037188
TERF2	0.864601471554207
FKBP5	0.863681964245759
STX3	0.86342185216924
DNLZ	0.863418725552855
GPR52	0.862934524549261
CDH4	0.862277496446043
CETN2	0.862155002515571
TMED1	0.860906699994061
FAM174A	0.86033034696881
FMN1	0.86032775161513
ATP1A1	0.858260898315074
FGFR1OP	0.858074212161704
GBA	0.857684725821028
RAD21-AS1	0.857538617065032
GPRIN3	0.857171838816868
SEC24A	0.856917225471267
AC120194.1	0.855345672502267
SCAMP1	0.855167023920452
C11orf30	0.855097507394436
MAP3K11	0.854733419605427
C16orf52	0.849804564987235
RP11-158H5.7	0.849778615234207
POLDIP3	0.84947430254129
CNIH4	0.849312334975607
LAIR2	0.849088794266702
RP11-77P16.4	0.847767430053347
MFSD8	0.847631364890598
AC069513.4	0.846964322478553
DROSHA	0.846902113657119
ABHD4	0.846144738725018
PACSIN1	0.845824126635352
LINC00925	0.845242779741094
PWWP2B	0.844180510217193
ASCC3	0.844061614200695
TULP4	0.84262558486602
ZNF384	0.84249383794494
PDIK1L	0.842235495737131
YJEFN3	0.842184192279078
ANKHD1-EIF4EBP3	0.842050422874557
HIATL2	0.841901312081142
HLCS	0.841876071408771
ZNF75D	0.841253851983048
CTA-217C2.1	0.841169885389603
ARHGEF19	0.840881779399152
TMEM60	0.840499505966769
ZC3H7B	0.840337242371809
SF3B4	0.839979723632121
TGIF1	0.839330042113326
SPNS3	0.839008304921808
CAMK2N1	0.838078835963656
PFDN1	0.83796140417223
POLA1	0.837850141131985
IMPA1	0.837706223366567
SLC25A22	0.837507743224997
ZC3H13	0.836645514218611
ZRSR2	0.834456911609729
SF3B1	0.834345507635765
CTD-2054N24.2	0.834111192274175
VMA21	0.834082347678375
LEAP2	0.834017509168133
LPIN2	0.833521188439793
SUGP2	0.833244370046684
RP5-1158E12.3	0.83297470542058
MED7	0.831943662134524
ZNF354A	0.831805521674331
RP11-141B14.1	0.831106449110595
ZNF615	0.829991371532394
EFCAB2	0.829343923173311
MRPL35	0.828933358498462
RP11-56B16.5	0.82892604389101
FAAH	0.828827065007206
MTRNR2L12	0.828458461059996
GDPD3	0.827552708663507
THRAP3	0.827544956091436
ETAA1	0.827021874633924
PSMB5	0.826801171824087
MFAP3	0.826159861044258
SZRD1	0.825591764545763
HIC2	0.825396850928441
KIFAP3	0.824730914238311
ABHD5	0.824415472322752
ZNF100	0.823499504093677
SPEG	0.823439839737629
ZNF799	0.822405362773993
TIRAP	0.821288071861114
AGBL5	0.820671891858967
RP11-793H13.3	0.820482066470552
KLRK1	0.8199303137745
SF3B3	0.819490287662247
METRN	0.819330392698345
TP63	0.818142896100237
CTD-3220F14.1	0.81700368630162
UBAP1L	0.81690367999197
JADE2	0.816570091636227
TYSND1	0.816137107835914
PPM1B	0.815817328233632
ZFP69	0.815606098394678
RP11-509J21.3	0.815287512982526
REM2	0.814742402339855
TMEM179B	0.814457925647757
DCAF13	0.813500458515004
WDR20	0.812858830399855
RP11-680A11.5	0.812475433686482
KIAA1468	0.81243697988086
MZT2A	0.812227152998341
NHP2L1	0.812220263881776
DDX46	0.811137517808375
STK17A	0.810734836059632
GCC1	0.810408790824695
IDNK	0.809814241080945
RBBP9	0.809639209412945
ASTL	0.809376169819377
USPL1	0.808979149766945
BRD9	0.808952350519746
CHST14	0.807842832891472
IQCC	0.807775661082152
APBB1IP	0.807061696807631
SLC29A3	0.806924233763346
C9orf72	0.806391036382723
AC008964.1	0.806348436526234
CLK2	0.805741278331429
RTN4	0.805006447850532
TGIF2	0.804883919661304
PIGL	0.80483332005579
KLHL35	0.804649946735179
KLHDC9	0.804508773893818
WRN	0.80281691327892
GET4	0.802491974562308
CTA-204B4.2	0.802010824273636
S1PR4	0.801192425400008
GADD45A	0.801154631622463
CAPRIN2	0.799879396889509
FEM1A	0.799872368009431
CHD8	0.799805634741296
TTF1	0.799165787579722
TMTC2	0.798740815938974
METTL15	0.796980952218055
TEN1	0.796832897735225
METTL20	0.796521381094403
TOP1MT	0.796310461547973
PPP2R2A	0.795431825589006
HEXIM1	0.794813211049789
BEST1	0.794523509676575
SHC1	0.794066344748433
FPGT	0.793934362093659
ITGB7	0.793725032893743
CBX4	0.793707341291425
MTMR14	0.793630625706134
NEK3	0.792216277048405
RRM1	0.792164604527763
RP11-477D19.2	0.791909607081643
TDRD9	0.791117383697153
ATG12	0.79111359102643
SGK223	0.790068771154131
TROAP	0.789993169056279
ABLIM2	0.788125592150178
BIRC6	0.787850939196154
RP5-1180C10.2	0.787825761436418
MED21	0.787538362268443
KANSL1L	0.787206198051411
RPP30	0.786906725736051
ARIH1	0.786875906421439
PRDM1	0.786670553534362
ULK3	0.78595348229675
AKT2	0.785009271306964
TMC6	0.783487686667504
MVK	0.78246758502566
DNAL4	0.782403499007025
ZNF37A	0.782293912728732
CTC-378H22.2	0.781749790875008
ZNF529	0.780468296862119
WBP11	0.780341504830466
TRAPPC9	0.779866412241336
ITGB2-AS1	0.779863799855265
MAF	0.779695595375171
GTF2IRD2B	0.779519868520432
KLHL25	0.77846017222467
SNRPD3	0.778125324577503
KIF9-AS1	0.778017444594194
GPR82	0.777621084724233
CTC-246B18.10	0.777182549181371
SC5D	0.777056960185246
CDK11B	0.777024594579133
WARS	0.776855734822528
RARRES3	0.776066726900887
TMEM254	0.773331651239038
ECHS1	0.773208869342288
RP11-276M12.1	0.772008119560815
PISD	0.7708510543768
SCRG1	0.769478546133962
BAIAP2-AS1	0.769082678910503
PPP2R3B	0.768889380891345
SETD2	0.768318185103859
MTX2	0.766580934563221
SLFN11	0.766341110775776
ZNRD1	0.766190204320851
ACSL5	0.765959951635638
RBM5	0.765494607811942
SPSB3	0.765342104088397
RUFY3	0.764917477969015
TCERG1	0.764224706286987
ADAP1	0.763878028199974
FBXW7	0.763817780602198
VAT1	0.763582911258651
BLOC1S3	0.762939529061988
LRCH1	0.761209753352928
VPS11	0.760883354345879
TDG	0.760544445452307
ANAPC2	0.759901766044535
TIMP1	0.758361906122101
SLC26A2	0.757842318111643
CTD-2292M16.8	0.756932879437727
FRS3	0.755804913973222
RP11-546B15.1	0.754700121131887
FRG1B	0.754587777113924
SGOL2	0.752266464735931
STK32C	0.751862237203597
CERKL	0.751670687757128
TBC1D19	0.750722861267484
COA7	0.750681348739869
GBE1	0.750635429006106
IFFO1	0.749443954711835
AC069277.2	0.749085233478579
ARG2	0.749029508769077
ALAS1	0.74854864664205
NEK10	0.74792167119676
ZNF587	0.747490111202661
SNRPD1	0.747341975749075
MNDA	0.747204925448499
INTS12	0.746728733341642
SIK2	0.74361395145122
PYCR2	0.74332391817979
ANO6	0.741282100622897
EI24	0.741245309642183
CTD-2616J11.9	0.7407912280343
B3GALTL	0.740217896102228
FBXL19-AS1	0.740058688548427
TDRD15	0.73953915731807
PPP1R32	0.739477516028937
ZNF407	0.739393219927088
CDR2	0.738880804251665
IDS-1	0.73837173416802
GPD1L	0.736955106955995
C4orf48	0.735920218347111
TMEM50B	0.735578821159936
TMEM9B	0.734945131657686
ZNF611	0.733243938424528
TNNC2	0.732455103884778
TCF3	0.732293968884657
LA16c-390E6.4	0.732152029747668
PHKG2	0.731995779535536
SHPK-1	0.731956908850054
OS9	0.731421330466993
RP11-20D14.6	0.730492597921068
HSPA4	0.730463902948918
FAM13A-AS1	0.73000049648567
XPO5	0.729860055807394
DHFR	0.729722982669227
HINT1	0.729493254622966
COX7B	0.72787267839317
CLPTM1	0.727388331789053
GRPEL2	0.726914073563249
SUMO4	0.726039078028058
CTD-2162K18.5	0.725932341934656
CFDP1	0.725549260286654
XRN2	0.72362033135809
ZNF329	0.722881879978083
PCNT	0.722755640692838
SCAP	0.721985897136384
HMHA1	0.721302730020009
EML6	0.720866731549487
EPM2A	0.720859157703636
RP11-440L14.4	0.720673609041014
SPG21	0.720514648354272
SLC12A9	0.719376228850171
PTAR1	0.718282826016997
RP11-24F11.2	0.717156283955794
PUM2	0.716738822661095
SPNS1	0.716679428191941
C17orf67	0.716038914821526
RBM18	0.715975564713802
CCNB1	0.715089293795677
MED23	0.713771310886886
UBAP2L	0.713405397400707
C4orf46	0.713265542385546
HAUS3	0.713073655137852
LTB4R	0.710603884133987
DSCR3	0.710447741635591
AL161915.1	0.710227838377731
UBE2NL	0.708735403927075
LSM2	0.707528740905122
RP11-1348G14.4	0.706567796558281
RSRC2	0.706171850394708
BUD13	0.705870238085528
C18orf56	0.704943215702075
EIF2B4	0.704911455318529
NADK2	0.703851143834937
PLA2G6	0.70372612143397
PPP1R15A	0.703467149240643
RBL1-1	0.703322065460434
ALOX5	0.703261568399404
C9orf117	0.702342443492429
NLGN3	0.702061820707939
MFSD4	0.701094452934442
MARCH9	0.700786677192061
RP11-6F2.5	0.700767473667334
ZNF548	0.700435691567943
LYL1	0.700257291744715
SPTLC1	0.700144702758302
BCO2	0.698456478717866
ZNF772	0.698447303702845
FAM105A	0.697514114571562
UBA6-AS1	0.696853891043847
RP4-583P15.10	0.696750049486859
C8orf58	0.696674976776798
C6orf201	0.696397892208628
TMEM194A	0.693383057311886
ZNF805	0.692803444394394
DDR2	0.69131875311336
RP11-96K19.2	0.690676592533618
RP5-1160K1.3	0.690491999330741
HAPLN3	0.690162678259024
ZNF563	0.689764151340849
RP11-67L2.2	0.689660092251263
ANKRD20A4	0.688313413859554
TLK1	0.687359685778907
MIPOL1	0.6872911049093
NRGN	0.68593675295537
TTC19	0.684030331604125
MYPOP	0.683782815483485
FBXO42	0.682497935965671
ZNF20	0.682338877050969
TMPO-AS1	0.682314510976695
AFMID	0.68182999508887
TEX30	0.681050418527705
G3BP2	0.680995721453875
C1orf85	0.680635456243509
MORN3	0.680357686469823
ULK2	0.679692232336121
STK39	0.678365229939276
TUBGCP4	0.678296465917789
RP1-153P14.5	0.67752322263085
REEP3	0.67699412259162
AMER1	0.676794600022353
HIST1H2AB	0.676687508116999
AL022341.3	0.676513577660369
C6orf47	0.676495006059669
AP001469.9	0.675917968998613
RP11-849F2.8	0.673700581524913
MAP4K2	0.673214960940996
MCM9	0.673041677932369
RP3-475N16.1	0.672624406297705
FCGR2B	0.670499988044145
CTD-3064H18.1	0.669622780051373
RBM33	0.669368987523103
AC068580.6	0.667474774656582
FAM117A	0.666302386196875
ESRRA	0.66566750012743
ZNF706	0.665370722051134
BIRC5	0.664476303417833
LANCL3	0.664386055669215
GBP7	0.663262624882773
STAT5B	0.662890648752421
ZFAND2A	0.661578902972817
RP11-83N9.5	0.660905487155531
CARD17	0.659681876139937
NRD1	0.658983651537814
PRDM10	0.657746170591079
MVB12B	0.656935456631248
RP11-345M22.1	0.656419329770115
HLA-C	0.656309227535363
PINK1-AS	0.653876916211957
ATP10A	0.653382424236503
FBXL14	0.653144486981508
POC1B-GALNT4	0.652909989533019
ACBD5	0.652429292989495
RCAN1	0.652180906536581
IL10RB-AS1	0.650936526710447
C4orf47	0.650888261414237
ANXA11	0.649910732398335
C5orf15	0.648615119164215
ZHX1	0.645983070890654
RP3-471M13.2	0.64509480664006
RP11-15H20.7	0.644496869912695
CALU	0.642741444468018
CTB-114C7.3	0.642324174806384
CTC-479C5.10	0.64199214482068
TOR1A	0.640886545840926
CTB-5E10.3	0.640827806269771
NUP62	0.63947350707212
MSANTD4	0.637831653119447
AGPS	0.637431382220686
SEMA4B	0.636889002322631
MAP3K12	0.636154993884583
MCUR1	0.635963286494249
TMEM11	0.635849629360977
RBBP7	0.635026794556037
CRNKL1	0.63379325491842
TSNAX	0.633751705592403
ZNF146	0.632304950162558
ZNF66	0.631846614129133
TVP23C	0.631662074604106
TMEM136	0.631640892970549
FAM174B	0.631439908957976
ELOF1	0.63045196065791
LINC00685	0.630305729757046
LRFN1	0.62966694069259
IFT43	0.629489814420553
CASP8	0.62900325886841
PDS5B	0.628482020887998
C4orf27	0.627418250214042
VPS26B	0.62726827474095
FAM47E-STBD1-1	0.626982687479794
MED22	0.62569047200743
DNAH1	0.62554133116912
EXOG	0.625227040254309
GRK4	0.624563008302438
ZBTB41	0.622997290166998
ZNF155	0.622823247813114
RP11-216B9.6	0.622097032775876
XRN1	0.620449571599622
VCAN	0.619773008927863
LIN9	0.618880195192912
ZNF222	0.61859150412715
YARS	0.617940417163304
MAGT1	0.61784623237457
CNPY3	0.616263758349744
BBS5	0.615288325590828
RP11-468E2.4	0.614199221677823
ERGIC2	0.614045331276136
RP11-158M2.2	0.613658444195071
CAPS	0.613342387025291
HDAC4	0.613147268035205
CYP51A1	0.612973099211792
CTC-462L7.1	0.612279710616206
XRCC1	0.611559832134032
ZNF28	0.610912146792464
XKR6	0.609968337647441
GPR34	0.609675031387615
ZNF808	0.609533767870639
DVL2	0.608943872866576
B3GAT2	0.608733562322179
TBK1	0.608382202476654
MPV17L2	0.607817582562324
SLC35A5	0.607364096170384
RP11-47I22.1	0.605654349690171
RRAGA	0.605185761489882
RELT	0.605026344378887
ZNF713	0.604913056938493
AL391152.1	0.603895148029928
MMEL1	0.603889043006709
ISCA1	0.602852187274049
CD14	0.602416722985482
C22orf26	0.602065635669254
RP13-638C3.4	0.600882367454808
MC1R	0.598404835351694
ZFAND6	0.597355789910839
LRRC8D	0.597113957054778
POMZP3	0.596294249573942
CYB5R4	0.595982736231252
MOB3A	0.595143414435809
MYRF	0.594900347097904
IRF4	0.594777500388004
MFI2	0.593666676718548
IL1R1	0.593556444502334
RP11-489E7.4	0.593354447612556
AC006116.20	0.593191830318135
RP11-98D18.15	0.591420537834112
ALG1	0.591194910858601
DESI1	0.590354515893121
SMNDC1	0.589595827457243
ME3	0.589336529944998
BCORL1	0.588560688026193
PAX8	0.588474827477545
CTC-428G20.3	0.587760846372143
PWP1	0.58658068883573
APOLD1	0.584699399195272
TTC4	0.584435329200156
ZNF292	0.584069583248725
NPIPB15	0.583946574199149
GDPGP1	0.583835173590518
OSER1	0.582982554089886
RP11-181E10.3	0.581754273043049
RP11-542M13.3	0.581678610092396
ZNF575	0.581573012474266
DNAJB12	0.581147438029922
MARCH1	0.580286817349413
BRMS1L	0.580255627188227
GSTZ1	0.580156489442754
LINC00969	0.57961075327198
CHCHD2	0.578860857660971
CITF22-1A6.3	0.578484195074628
GTF2E1	0.577563810840701
SERPINB1	0.576507740420913
RP11-91I20.4	0.575259748531054
UNC13D	0.574199442463891
ELL3	0.574060698572691
POM121C	0.573977380404957
HSPBAP1	0.572861214769454
LGALS8-AS1	0.57162378760652
TMEM176A	0.569753393861631
E2F6	0.569445219984855
TXNDC11	0.569036175391267
ZNF227	0.568408198880894
RP11-386I14.4	0.567906378229199
PACRGL	0.567543945693485
RP11-677M14.2	0.566104599967794
MPRIP	0.564494578701375
RP11-835E18.5	0.564048270145935
DSCC1	0.563789226375021
RP11-356I2.4	0.56323935157348
CCDC93	0.562613740739874
CYSLTR2	0.562170023383635
MTX1	0.562034677138876
CREB3	0.561321996164359
TOE1	0.559061990515265
PARG	0.558572833392701
RASL11A	0.558442641826748
MED15	0.558425874702388
RP11-134P9.3	0.557863973671165
RP11-158K1.3	0.557713421992765
DNAJC16	0.557620703886668
ZMPSTE24	0.556690240563986
CRAMP1L	0.556222858746923
FAM229A	0.554777645939123
RP1-244F24.1	0.554650218524493
RP11-644F5.10	0.554221838997432
RP11-666A8.8	0.553455275830563
MAGOH	0.552657147984533
MSANTD2	0.552525727653655
ZNF773	0.552474634653884
PSMG4	0.551395998805341
CHCHD7	0.55104679118466
GHRLOS	0.550755222233904
ZNF740	0.550558721004783
C8orf59	0.550078514097666
EIF3J-AS1	0.548642854405667
USF1	0.548282950503451
SLC7A6OS	0.548275186442176
CUL4B	0.547967057971048
RAB30-AS1	0.547399736715072
ARMC5	0.546055319078054
RP13-516M14.1	0.544635299405888
PTPN11	0.54372742647717
PIGA	0.543722775326499
SNX17	0.542780004926469
TJP2	0.542672731170571
RP11-707G14.1	0.542623844923166
ATF2	0.539748243670476
LENG8	0.539351468225224
RP11-458F8.4	0.539218330242798
CBWD7	0.539030477182411
PTDSS2	0.538527150921646
TMBIM4-1	0.537560000603101
CD33	0.537330281575142
ARL17A	0.537250218438875
TTPAL	0.536876503825786
PRR7	0.535856624517882
ZNF440	0.53580546169878
C2CD3	0.535514491029126
WDR7	0.535092637105758
CTB-113I20.2	0.534840891444078
RSG1	0.534757950505502
SORBS1	0.533355029207723
ARID1A	0.532976637507539
LCORL	0.532920864832755
RPS6KB2	0.532678346836155
DVL1	0.531822721036147
ZBTB49	0.531132752277168
SYNGR2	0.530443561586029
FAM118B	0.530356228664315
GRHPR	0.530273810656299
GAS8	0.530027720253039
PFDN6	0.52987641424414
RP11-159G9.5	0.528390301769908
AIMP2	0.527165495669782
AOAH	0.52570043862267
RP1-37N7.3	0.525301636240542
GRAPL	0.524635831717074
RP5-1057J7.6	0.524266420898354
COL6A3	0.52328455009604
RMND1	0.523185192540535
LIG4	0.523019860150424
GAPT	0.522294353346561
SNX32	0.521106300366817
RP11-840I19.3	0.520841087731469
GMFG	0.520691454636081
MAVS	0.520352574672435
RSPH3	0.519989197477216
CAPZA1	0.519813403444879
GARNL3	0.519422196992474
UNC5B-AS1	0.51892195048121
DENND2C	0.516668417025277
DDX59	0.516434202045265
SERF2	0.515322732680127
ELAC2	0.515075291200713
DCLRE1B	0.514952005299171
MYCBP2-AS1	0.514862676282753
SH3D21	0.514780198077002
ZNF528	0.5146228341706
RUNDC3B	0.51369588268082
BRD8	0.512350644265103
LYRM9	0.51208772990109
FOSB	0.511735409360206
ZCCHC8	0.511572862059477
RP5-1139B12.3	0.511402348414663
CMC4	0.510430267895613
TBC1D2	0.510230866281968
CBL	0.509970495317136
AC068039.4	0.509897290726297
ZER1	0.509718772587273
BRPF1	0.507668314623437
SH2D1A	0.507367507850533
ABHD14A-ACY1	0.506943626671962
HES6	0.506859888339044
PLD3	0.506033930057018
C22orf34	0.505380642293226
CRAT	0.504389646205774
YWHAG	0.50369125251521
ARID5B	0.503635091105679
MAGED1	0.503584590347653
RP5-1071N3.1	0.502976830670978
SPATA24	0.50216435693221
NFATC2	0.501542597361573
RAB32	0.500507343878448
SDCCAG8	0.49848317896205
RP11-286N22.8	0.498280130578443
ENO3	0.497436233626911
DPH3	0.497032162218613
KIAA0100	0.496786511465402
NT5C2	0.496557254974412
DLG5	0.49649968938256
ZNF620	0.496411000306029
WWP1	0.496322564269274
MYEOV2	0.496095891098698
ZNF260	0.495467122198684
PTH2R	0.494827583637454
KLHL26	0.493315698286356
DDX39B	0.493246458988983
AMACR	0.491623059268708
NKTR	0.491606939019315
ZFP36	0.490939533071463
WDFY2	0.489280561199871
OGT	0.488938188698933
NANP	0.488827336013493
PCGF6	0.488130054381214
ACSS1	0.485711928168124
DEPDC5	0.485031980447691
MANBAL	0.484571153709703
MUC20	0.484211040292039
CCDC127	0.483660217606189
CNOT1	0.483060117634377
CARD8	0.482703798079613
LSG1	0.481657921842994
AC007228.11	0.480957846776216
PYROXD1	0.480602626503595
RP11-180C16.1	0.480476387479769
CATSPER2	0.479847263271114
STK36	0.479142208256539
NAA60-1	0.478751314267022
ANKLE1	0.478116593676481
PGAM5	0.477511429671592
MTAP	0.477384142654353
CACNA1H	0.477004776426658
FAM204A	0.476605766278751
RP11-56B16.4	0.476561686941292
ZNF382	0.475725393849421
MSH6	0.475620775883824
MAEA	0.475433768483259
C1QTNF6	0.475013987197201
RP1-92O14.3	0.474341390216017
ANAPC7	0.473435775992706
TRANK1	0.47213276747034
RP11-469M7.1	0.472129696731467
VPS41	0.470870245304024
RP11-121A8.1	0.469363448072944
FAM13B	0.469316612003918
ZNF451	0.468892741565693
PCED1B	0.46851181215989
ZMYM3	0.467686795871182
COL5A1	0.467079492533713
GEMIN7	0.466691230798127
ZBTB8A	0.466207270502517
ICA1	0.464723218810479
VTI1B	0.464618670220271
DNAH14	0.464342224126111
RP5-894A10.2	0.464183802209656
PCCA	0.464115374831939
CLEC4A	0.463510682290412
ADAT2	0.463350224377441
RP11-521B24.3	0.46307368606611
ZNF655	0.462827048135925
MPPE1	0.462569276497954
CHPF2	0.462546040413948
ALG5	0.462311989744021
TNFRSF10D	0.461888470329566
HAUS5	0.461186987710418
RP11-612B6.2	0.460955836358031
NAPRT1	0.460862401725283
ZNF649	0.460603796878504
ADM5	0.458848680854796
RBFA	0.458541349488602
SLTM	0.45836330459961
CXorf21	0.457689345258586
CLIP2	0.457091990138617
RNF157	0.456591786921247
RINT1	0.456330324673412
ZACN	0.455684099406739
SOAT1	0.454865447984873
SLC9A8	0.454746614788577
SON	0.453043336362073
RP11-51M18.1	0.45292692793709
DPF2	0.452767641122994
GON4L	0.452738620544459
NOMO3	0.452236213057281
RP11-574K11.29	0.450616034626354
DOK2	0.450088159941123
MIER2	0.449812543707186
MED12	0.449520589997457
RP11-342D11.3	0.449384494606842
NIP7	0.449106504277447
ZNF850	0.448526407553222
ZNF558	0.448026292631061
MIR503HG	0.4476099497177
RP5-857K21.4	0.446456593061231
KIF7	0.445832792035927
TMEM262	0.445654207314034
CDPF1	0.44324884528277
DEDD2	0.442679454712667
TRPM7	0.44256256537364
ZNF45	0.442434135882627
POP1	0.442227643812638
RP11-575L7.8	0.441854734840318
STAT2	0.441395241751851
PIGO	0.440404924627228
DUSP5	0.439633986808261
CINP	0.436698049658398
AC109828.1	0.436692948728028
PPIL6	0.436438408342769
LUC7L	0.436009050653675
MKL2	0.435884421729777
OTUB1	0.435547616696079
CTC-301O7.4	0.435537238078334
PUF60	0.435327894846392
DYRK1A	0.434751652625297
CTD-2235H24.2	0.434378388351791
ZNF33B	0.434342478808311
RRNAD1	0.434095316432057
ACOX1	0.43289677311295
NUDT22	0.432893759046251
RP11-431M7.3	0.432889213335611
CCDC150	0.432221295347357
TNFRSF13B	0.43196912608329
CTD-2033A16.3	0.431620519352023
CTD-2201G3.1	0.431376725252107
TPR	0.431270273961767
TPM1	0.431065525770523
FAM96A	0.430603268445575
AFTPH	0.430169763169394
ARID3B	0.428911366200828
RP11-977G19.11	0.428829455531688
FKRP	0.428553409311186
COX19	0.427655814013597
C1orf35	0.427153877604699
GPR75	0.426439558247019
MITD1	0.426377817142301
PGPEP1	0.425923182501871
PRDM11	0.42585492635934
RP11-658F2.8	0.425794828878115
TSTD3	0.425708734878106
RP11-707M3.3	0.425356388774925
ZNF396	0.424618675572605
NDUFAF6	0.424349358193533
PPIL1	0.4228862172837
EXOSC4	0.421965143089821
LRIG2	0.421195303023591
AGMAT	0.42108260403986
ZNF687	0.420536807588806
C2CD4D	0.419540575239671
GLMN	0.418938737941895
RFNG	0.41798735622453
RP11-103B5.2	0.417663053321542
TRPT1	0.417596694501126
MICALL2	0.417418602041504
PPIL4	0.416808954774696
MED18	0.416603182191534
KIAA0226L	0.41569958750024
TEX261	0.415523053788954
IQCH	0.415394976243804
ARID4A	0.415266064831983
TBC1D10A	0.415082229407905
WBSCR22	0.414320826468723
PRKAA1	0.414128613803046
KLHL24	0.412687121640106
SUDS3	0.412661834108477
USP6	0.412044134747203
TMEM115	0.410706747410415
SUPV3L1	0.409588831558601
NMRK1	0.407321318403885
NABP2	0.407110546304985
HIST1H4C	0.405685250234405
TMEM167A	0.405518807076151
IBA57	0.405316119715851
ETF1	0.402052248509271
ZNF518B	0.401725480336332
AGAP10	0.401356683894413
MGC4771	0.400886101142127
TMEM241	0.400357498218497
FCGBP	0.399932578174242
JMY	0.39961950901296
PPM1K	0.399499385718431
PROCA1	0.398820819763564
EIF4G1	0.398614364604515
MTF1	0.398057130641698
SPCS1	0.397742461309542
ZNF579	0.397236982981788
ZNF223-1	0.397092722721807
FAM65A	0.395819526800086
KBTBD8	0.395530055426298
ZNF646	0.395457448116617
PRDX3	0.395358519234389
C2orf81	0.395095108251462
RP11-544I20.2	0.394928750788827
EYA3	0.391846105114186
RP11-513M16.8	0.391425967452095
RP11-727A23.10	0.390567280458082
GZF1	0.390495702003939
RP1-151F17.1	0.390043989978743
PKN1	0.389788172812183
WWP2	0.389635213506404
AC116366.6	0.389573036854171
MTDH	0.389508887567345
TMEM222	0.389155685492776
VARS	0.388439956071581
AC112721.2	0.388160322713448
UBTD1	0.388156559637875
P4HA1	0.387439864011762
MPST	0.384972484093525
KIR3DL2	0.384772123715837
TMEM180	0.384353385483732
RAB14	0.383539346677433
ZFP41	0.383419467831531
CTD-2353F22.1	0.382723854495458
POLR3E	0.382633019074509
RP11-492E3.2	0.380950748962821
DNASE1	0.380678196519762
CTB-41I6.1	0.380451945880909
CRELD2	0.380394698844153
VPS13D	0.380134486100986
RP11-367N14.2	0.378503203435984
FAM221A	0.378424334489779
TMEM161B	0.37790046150189
RP11-95D17.1	0.377816014957922
AL450992.2	0.3767825715923
ACER2	0.376636690879837
PURA	0.376335836698928
GOSR2	0.375258909197133
HSD17B7	0.375185850001947
DHRSX	0.375136469284465
ZNF225	0.37512337480186
AP3M1	0.374837254673893
FOXD2-AS1	0.373441907343078
WDR73	0.373350026428978
CD96	0.372968795531256
CES2	0.372540762003972
CLASRP	0.372349083186508
MICAL2	0.372274610079495
PSMD5	0.372067476206789
KIR2DL3	0.371773927354575
PA2G4	0.37070142315419
SLC18B1	0.369605553889041
VAV3	0.368115223791041
JMJD4	0.368111348656508
CDHR3	0.366454193429948
PDK1	0.366387131236279
LRRC29	0.366082744892537
PDCD11	0.364948529960997
KIAA1731	0.364181710638501
UQCR11-1	0.363945278790272
RP11-580I16.2	0.36306659561493
RP11-161H23.5	0.362930913100159
RP11-213H15.1	0.360930195243402
RP11-84C10.4	0.360900376797838
TAF2	0.360807907869146
RGL2	0.360662731833561
ZNF605	0.359758048473587
FOXJ2	0.359599086664267
DST	0.35889336415777
MAN2B1	0.358724484113686
DHRS7B	0.35820366844416
RP11-395P17.11	0.357449542377432
PEX13	0.356294522889503
ARID1B	0.356248937462391
RP11-700H6.1	0.35588736180041
MDM1	0.355274560083201
ZNF888	0.355164239993688
RP11-18H7.1	0.354532673477727
SENP1	0.354322168796163
MB21D2	0.354152742969273
TNKS	0.353919949451864
TAF1	0.353567958514138
SNN	0.353239616196542
ANKRD23	0.350501243105972
GIT2	0.350073148479078
DCXR	0.35007287924233
DDX1	0.349992165764627
HECW2	0.348868020508879
DCP1A	0.348637385938516
SPATA21	0.347588615621513
ZBTB4	0.347285145443868
UPF2	0.346953513601184
ZNF789	0.346765097354866
FOXN2	0.346692756151113
ZNF683	0.346029525143893
MED1	0.345848795604107
CHD1	0.345619527944165
CALML4	0.345451286936041
ZSWIM6	0.344144686463169
BTBD19	0.343889336439419
CSE1L	0.342753587375736
FKBP3	0.342594708759972
PHC1	0.342335772737957
LRRC58	0.339610088937807
TPRA1	0.339306442202144
SLC16A14	0.337572568900377
CXorf56	0.336050179276248
SLC30A6	0.335692516863512
RP1-30M3.5	0.335230701466336
NLRX1	0.334148787845238
OSCAR	0.332427046853927
CD72	0.332009769623005
C11orf95	0.331878818816936
VPS16	0.331475816275656
L3MBTL1	0.331045919445494
IFT80	0.330101065648414
STAP2	0.330028203834049
PSMF1	0.329971845919361
DLAT	0.329206740173741
ATE1	0.327903693985749
AP003419.16	0.326703050430815
CCS	0.326522582952508
FUCA1	0.325958510139335
WBSCR16	0.325668962168834
PEMT	0.325115233432184
GCN1L1	0.325011332695276
SPIN4	0.324907696622133
ZNF526	0.324883615274976
ALKBH1	0.324214701021604
ITGA4	0.32400457582496
UBE2O	0.323709264928004
COA1	0.323387847901037
RP11-770J1.5	0.32320064398134
RP11-617F23.1	0.323143137616452
ZNF701	0.321668701729759
POM121	0.321443628872916
MLX	0.321233831260067
DDB1	0.32115264790213
C14orf119	0.320473364651309
XXbac-B476C20.9	0.320197759687274
CCDC125	0.319427657510164
AP003068.23	0.319181822286759
SREK1	0.318853776954041
MATK	0.317734363520362
ZNF765	0.316804662652488
SMAD2	0.316519972214837
RAB1A	0.316232501639378
RP11-427H3.3	0.316180788715061
GNRH1	0.31501481116654
AKAP1	0.314900601521886
L2HGDH	0.314243100915383
RLIM	0.312903695088145
UGP2	0.312798050268696
MAN2A1	0.312479700675806
C3AR1	0.31225288075196
NGRN	0.312163811569766
MPDU1	0.31137195357428
LSM1	0.31052592406018
METTL14	0.308368571322247
LINC00662	0.307462918301763
SLC41A1	0.3069286836414
IFITM1	0.306835660936134
PPP1R26	0.306755049714026
PEX10	0.306447095198355
PIK3C3	0.306411936251954
AC073934.6	0.305733040290029
LSM11	0.305466618626033
CTD-2314B22.3	0.304818358322494
OCIAD1-AS1	0.30476637586672
RP11-23P13.6	0.304748891770805
MED6	0.304208693510716
ISY1	0.304138604178592
ATG5	0.303776547206523
RABGGTA	0.303495032990715
PLGLB1	0.303441943656803
ITPKB	0.303085227427743
IWS1	0.302832805734616
TRIO	0.301919453112897
RP5-864K19.4	0.301574448096527
KDELR1	0.299994913820318
FUBP3	0.299994613216422
PRKCI	0.299699912285895
SCNM1	0.299080462219493
FLT1	0.299068848515291
AP3S2	0.298357915458253
RP11-401P9.5	0.29740783904151
TMF1	0.296545492771273
7SK-2	0.29567820848418
ANKRD17	0.294946744636239
NUDT4	0.294144496436496
TDP1	0.292719300423794
POLR3A	0.290737533368021
RBM19	0.290565619429807
CCNT2	0.290528890849627
RENBP	0.289428759899375
ERMN	0.288757110802507
RNF4	0.288234936130154
AC096772.6	0.287058159131804
ATP2A1	0.287012492742177
RP11-603J24.5	0.28642491826051
ZNF480	0.285880308935125
STARD5	0.285161204982043
QRICH1	0.284877918054357
TIMMDC1	0.28401376499009
RP11-147L13.8	0.283940462160556
AF230666.2	0.283294045404762
GABARAPL2	0.282891714548551
SLC30A7	0.28206098265781
ZNF616	0.281718171945695
HIF1AN	0.281500284528143
SYP	0.281026040113971
MRPL30-1	0.280835746075553
PRR13	0.280389587834639
BCR	0.280094651888295
FLYWCH2	0.279744455060677
AACS	0.279205058760311
CTSW	0.279103578520088
RSBN1L-AS1	0.278561725586136
ZFY-AS1	0.277467420193259
ZNF320	0.277258154068187
PLAGL2	0.27602045300254
PPM1F	0.274418538602669
LA16c-358B7.3	0.274410355474144
ANP32E	0.274400360029146
CTBP1	0.274323849375078
PLBD2	0.274190264256916
ZNF25	0.272741837849633
MEN1	0.272298297105024
RP11-395P17.3	0.27204056268619
CRYBB2	0.271276198096496
PLCE1	0.270801210957462
SLC26A11	0.270699005841137
PDHA1	0.269945601472026
ZNF724P	0.266423137492879
ENO1-AS1	0.265931844350889
AC018766.5	0.265748057186005
AC159540.1	0.265400863778969
ITIH4	0.264615009912982
RICTOR	0.264499442250576
SLAIN1	0.264023323672573
SLC25A42	0.263325306054986
NRL	0.263273829848664
NAA10	0.262727034790855
ZNF730	0.262626807884426
CREBL2	0.262451922718004
RP11-324O2.3	0.26211264367328
TNFAIP3	0.261685810201079
NT5DC3	0.260809215855814
CDC16	0.260062012002099
MYH11	0.259727851511583
LAPTM5	0.259616490309827
MAN2A2	0.258166113995062
DAP	0.25794395719364
BTBD1	0.256620560854071
EMC2	0.256340559170682
GOLM1	0.255928229189136
RP11-290D2.3	0.255898831115615
SMCR8	0.255600522569974
QRICH2	0.252946752607892
RP11-181C3.1	0.250744267604395
PPP1R13B	0.250741249790406
TMEM62	0.250545929850638
RNF13	0.250183707108891
RP4-593H12.1	0.250092750248686
GALNT11	0.249871952090533
TXNRD1	0.24959349105759
TBCEL	0.246912782124289
FAM224B	0.246841589819204
TCAP	0.246454793080882
MYO1F	0.246379138283999
HK2	0.245428831258502
AC009133.14	0.243484362830313
SPG7	0.243140942492121
ZFP36L1	0.243085462668044
SNF8	0.242545336497634
TMEM107	0.242331245470588
GPATCH1	0.242206605344132
RABEP1	0.242204411447045
TCEA2	0.242199493601595
FAM231D	0.241783366420784
HOXC4	0.241356466293993
TMEM219	0.23995193989272
EIF3CL	0.239194111761664
SLC25A35	0.239123292767029
RP11-103C16.2	0.238544437381409
PANX1	0.237826326122559
EVA1B	0.236768975053595
RP11-337C18.9	0.236598399888998
PSMC6	0.23593541397121
FDX1L	0.235677219401629
LAT	0.235504876385974
TPMT	0.234994621816102
RP11-360L9.4	0.234927976988128
C1RL-AS1	0.234381558080246
NUDT16L1	0.23414902676189
TOPBP1	0.234045181516945
RP11-89K11.1	0.232090356930822
FAM192A	0.231669672685137
REPS1	0.231248450439056
FDFT1	0.230264799893344
METTL2A	0.227667620891326
CTD-3138B18.4	0.227298781019809
YKT6	0.227255551302314
MYO6	0.22725042306322
KB-1460A1.5	0.227177929532447
CTD-2012K14.3	0.226734188541941
STOM	0.226301109028244
FAM175B	0.224921142115601
C7orf55-LUC7L2	0.224662587443814
TRERF1	0.224520936445832
RP11-678G14.2	0.223232381160279
RP11-731C17.2	0.223189360941575
RP5-1074L1.4	0.222540383582657
NAP1L1	0.221305048610968
CTD-2270L9.4	0.22115606059886
AP2S1	0.220761071223938
RP11-486M23.1	0.219721688319157
FAM98B	0.219178989640773
CYP2D6	0.218868488774116
TIMM44	0.218279010165511
SRR	0.217798442561367
SMCO4	0.217430219463357
ATP6V1G2	0.216873813468958
MAPRE2	0.216771872029609
CLEC16A	0.216022057095862
RP11-138A9.2	0.215845487827812
HARS2	0.215779450394662
RP11-802E16.3	0.215177702026393
AF001548.5	0.215174361642154
TCP11L2	0.21459353004103
TTC1	0.214463856992754
CTB-59C6.3	0.214436306379482
HPS3	0.213634652510479
GTF3C5	0.21305020497175
ENPP2	0.212229484270546
EIF3C	0.211677629542688
HLA-B	0.210780587621584
ARID4B	0.210720428619897
PRICKLE4	0.210631361224417
FAM212B	0.210018515950277
AC093391.2	0.209921988507707
USP19	0.209598894969064
VPS18	0.208984572736843
ZNF574	0.208860020305668
HEBP1	0.207023506775697
PSPN	0.203421880108786
RGPD8	0.203276437552341
TMEM175	0.202580774321524
EFCAB11	0.201701902780261
PCSK1N	0.201654461778235
SIRT1	0.200917890077716
BAG6	0.199523286684015
CTC-297N7.8	0.1992411672652
CLDND2	0.19919153237839
LGMN	0.198945217207875
ATP5SL	0.198898245523732
AFF1	0.197875266552079
DHX15	0.197348091870675
SETBP1	0.197016743424497
MIR302B	0.196758405369421
ZFP64	0.196433506513917
RP11-20I23.8	0.196300502659884
BRWD3	0.195278257652608
RP11-452L6.5	0.193354067650549
RP11-109E12.1	0.191966220321407
MSH2	0.191506962915868
AC002116.7	0.190670645328464
XPOT	0.190243828881862
FYN	0.189986814026242
SLC12A2	0.189021372481737
FNDC9	0.188231347878553
RP4-657D16.3	0.187142613761147
RP11-196G18.24	0.185962420904214
C5orf22	0.185654241818199
HTATIP2	0.18384355327429
TTC32	0.183231998224851
AL358333.1	0.182966499149879
ABCC11	0.182869380107818
ZNF461	0.18272273737974
CNFN	0.182557108285189
C10orf118	0.181788419645637
MTOR	0.18116481250109
DUSP11	0.18099804337367
CDC42SE2	0.180022592381506
HCG27	0.179810395085995
ZNF829	0.178696739576193
EIF4G3	0.176631972186408
S100A13	0.176561619739333
UBB	0.176168544720054
RP11-277B15.3	0.175765067393008
CD274	0.174644515212304
CCNB2	0.174134601051436
MBNL3	0.172858823924255
SMARCA5	0.172634327426148
C5orf51	0.171606269952894
AC068831.6	0.170979559941729
XPO1	0.170612011422648
MBTPS1	0.170230367668184
RP11-108L7.15	0.170126302896902
ERMAP	0.169560629382118
METTL3	0.167913045354544
CSNK2A3	0.167746935553655
ZFYVE20	0.167281973286556
RNF135	0.16661472357645
NDUFS2	0.166536814526499
RP4-669L17.10	0.165729339604061
THOC5	0.165580408897701
ANAPC1	0.165348266872803
SPDYA	0.164837638614372
AP000704.5	0.163701429631404
SRRM2	0.162832918312371
C19orf25	0.16252913812303
ZDHHC6	0.162238276918004
FAXDC2	0.162088264919181
AC084219.3	0.161272997698566
AC011558.5	0.161230277688043
SYS1-DBNDD2	0.160918370979144
TLR6	0.160877011683689
PDHB	0.160594758447868
SH3GL1	0.160403412074925
APH1A	0.160307319437671
AC004893.11	0.159495577765369
ATP9B	0.159183939811436
ZBTB8OS	0.157054890225359
C10orf12	0.156494673165654
ECH1	0.155860533922897
FAM167B	0.155549213217505
ZBTB2	0.15548780281633
SPA17	0.154738564863496
ZNF417	0.154481858117947
MR1	0.153843790242889
RP11-611O2.5	0.15314602502875
PSME3	0.15258517800862
MRPS11	0.152549328902599
AP5M1	0.152210030666475
AC007382.1	0.151702496004215
ZRANB2-AS1	0.151669463617029
YPEL3	0.151644278300112
DGUOK	0.151456015145533
C6orf57	0.150691741407589
CTB-131K11.1	0.150298073841005
FAM86A	0.149608975527356
FAM91A1	0.149387219553148
AC093690.1	0.148002819699312
Z83844.1	0.147768874829387
ARAP2	0.14743516803404
CTD-3138B18.5	0.147286812031762
ADAM29	0.147192776616257
THG1L	0.147087241100055
MAN2B2	0.146537922801562
SEC22A	0.145447063350144
EBLN2	0.144725193360565
RP11-342K6.1	0.144481297356504
TMEM231	0.144179514859594
ZNF555	0.143765371456404
HS2ST1	0.143334491989598
CTD-2651B20.1	0.142902059662117
VPS25	0.142723243311131
CST7	0.142272088954707
MRPL33	0.141904511659796
SOX6	0.141525107801876
ZNF524	0.14112017616596
FBXO4	0.141060535621859
DECR2	0.140333055657956
CCHCR1	0.138756813336035
POLN	0.138320082642048
RP11-464F9.20	0.138241635393876
ARRDC5	0.135637368341585
PHF8	0.135450549096906
DHX9	0.135284970396377
GPM6B	0.135050113019457
RP11-126K1.8	0.134860060842687
WBP2NL	0.133633729781491
SMYD4	0.131984410381199
DOCK9	0.131823231464335
MAN1C1	0.131727635019628
TOMM5	0.131580513974993
WDR6	0.131442710284256
RP11-424G14.1	0.130590461783937
DERA	0.130101748268815
STAT6	0.129431463797484
ZBTB40	0.129226023434876
TRADD	0.128966546837549
RFPL1S	0.128079075187274
LMBRD2	0.127931556687327
CD3D	0.127702894920888
ATP6AP1	0.127274154789171
VCP	0.127072137738041
RP11-305L7.3	0.126828608832871
C2orf74	0.12644756909244
C17orf75	0.126007261948036
TMEM203	0.125877119386477
FAF2	0.1241652124323
NEDD1	0.124017601384602
AMICA1	0.123581682337646
ARMCX1	0.123114733945042
ZNF497	0.12222971420566
ATPAF1	0.121792487942659
RP11-69E11.4	0.121422074718541
IER2	0.12089079183751
RP11-244H3.4	0.120889850671096
CDC23	0.120661356127087
DHCR7	0.120506779858845
PROSER1	0.120288251229271
RP11-458D21.1	0.119459054323617
GNGT2	0.118747192028307
WDR92	0.117416616311141
RP11-304M2.5	0.117286403999674
CDC20	0.116962515679801
ZKSCAN1	0.116165451743422
SNAPC4	0.115461490671052
IFT88	0.11522024455164
ZNF410	0.114966893808667
KDM4D	0.114638985946153
TMEM121	0.114581332437262
CCDC84	0.112829515532179
PDCD6	0.110822667622505
CTD-2240E14.4	0.110056476337575
COX16	0.109089722507898
HMGCL	0.108524410171528
DHODH	0.107142785702924
CCDC130	0.106974413835109
CCDC113	0.106947748675959
PPIAL4B	0.106843021653873
POLR1A	0.10604137139262
CD7	0.104977401888278
HIST1H2BH	0.1048933506903
PCAT6	0.104475405203564
GAR1	0.103437300333789
RP11-706O15.5	0.103240327995519
AC091729.9	0.102662827478833
RQCD1	0.102456861002105
GTF2H5	0.101920271241662
PDCD1LG2	0.101649388219907
VAMP2	0.101029730710639
FIP1L1	0.100577430271705
SF3B2	0.100351789123887
CCDC180	0.099840630716501
OST4	0.0981345562513956
GRK6	0.0977478208379417
TCEANC2	0.0976816569497005
LIN52	0.0975874624946636
GIGYF2	0.09701772405379
ZFP82	0.0969649763108471
PABPC3	0.0966525115817825
MTPAP	0.0966253464982087
YTHDF3	0.0959533272706233
KIF16B	0.0952140755730938
SLC4A1AP	0.095137442606705
SHMT1	0.0948518928260445
TAF1B	0.0947503478534511
RP11-267M23.4	0.0932843045582777
IPPK	0.0929672840414295
CTC-425F1.4	0.0926656312523286
PDAP1	0.0916738915264611
RNFT2	0.0900859695874588
AC079210.1	0.089778089830546
VPS53	0.0890788278097688
FAM157A	0.0889916464613871
HAS3	0.0882048370680222
ZNF35	0.0881654740335085
CUZD1	0.0880560115379
FTSJ2	0.0865565145148737
PSTK	0.085351325044506
EGFL8	0.0853129858346715
RP11-81A22.5	0.0851598180327109
SLC37A3	0.0851466554217258
AMZ2	0.0847244118604611
SRRM5	0.0839128321341027
AP001258.4	0.082894036261908
SART3	0.0827645738584022
DUS1L	0.0827456678512068
RP11-138I1.4	0.0822801347328483
SLC25A3	0.0817083464464686
SHOC2	0.0815764792312758
SERINC3	0.0815009166858573
CRYGS	0.0813832361533752
NFKBIL1	0.0811013703196359
CAAP1	0.0810972843279225
ZNF140	0.0806332608231444
PHF5A	0.0788428272726672
MRPS21	0.0782013902157686
EFCAB4B	0.0781251038658458
RP11-326I11.4	0.0770302497273801
TMEM141	0.0765265132234628
C1R	0.0747896321999549
FAM104B	0.0741352351851686
ARF1	0.0739145859407392
CTPS1	0.0738067112973549
C14orf93	0.0732130361812136
GBP2	0.0723514447662403
TEX2	0.0718513082839993
WWTR1	0.0715004895020598
ZBED6	0.0713903866906515
TMX3	0.0712669540394466
SMARCA5-AS1	0.0700363630375753
RP11-620J15.3	0.0693112728598059
SDSL	0.0678224229571771
CCR3	0.0663365534248582
ABCB9	0.0649988993703161
RP11-498C9.15	0.0649626669467568
CERS6-AS1	0.0643840984861212
ARL17B	0.064169216454335
HLA-DOB	0.0632619878409742
MIOS	0.0631186021261837
CTC-506B8.1	0.0629452903693203
AEN	0.0627858440422136
GLB1L2	0.0618866100222455
PCAT1	0.0617841660701163
KLC4	0.061726390510457
RP11-178G16.4	0.0614223248204266
ZNF532	0.0612626698490249
RP11-385D13.3	0.0605926819585148
IKZF5	0.0598170893323294
DHRS3	0.0596330263929063
AC022498.1	0.0583612778399363
CYP4V2	0.0574851893119764
AC005082.12	0.057448501967005
UBL3	0.0571369989519489
SCP2	0.0568776118852787
TMEM147	0.056742794711183
NDRG2	0.0556701637609588
PHF20L1	0.0555123659690719
VASP	0.0553757504814979
PER1	0.0548293680372339
PTPDC1	0.0541794608156472
PSMG2	0.0541750085655619
BAG1	0.0523312136347843
SLC35F5	0.0506449289615662
NUP43	0.0500884288518129
PRPF38B	0.0497252724699088
MS4A1	0.0495995107328825
CCDC104	0.0494353395026994
NELL2	0.0489600687403657
ARHGEF39	0.0475374856387387
TRAPPC5	0.0461887695881673
STAC3	0.0457015474628119
ZNF543	0.0453087297482581
RP11-175O19.4	0.044592988076934
PTP4A2	0.0445821691970662
PPP1R8	0.044209583883742
DGKH	0.0437280291832137
ATP6V1C1	0.0434467135149654
ENTPD5	0.0424846518234725
MPEG1	0.0422865205707569
RP1-151F17.2	0.0419277102913122
U47924.30	0.0418010094158196
WBP2	0.0416119938197312
SRSF10-1	0.0415922342525547
ELMSAN1	0.0414923515632522
BRWD1	0.0409302715683665
OGFR	0.0408023384567858
RP11-449P15.2	0.0392372205391587
RP11-884K10.7	0.0386813556750195
YIPF6	0.0383967230890647
NBN	0.0382289833734366
ZIK1	0.0375506429996473
RABEPK	0.037060467537557
USP36	0.0369375471855201
SIN3B	0.0369180578073845
ANKMY2	0.036082294838428
CCR8	0.0356044896203864
RP11-325L7.1	0.0337746957847613
TXNDC16	0.0332701268303753
ADAMTSL5	0.0329723823563119
FOSL2	0.0313444312683323
SENP3	0.0307368479606831
VGLL4	0.030257696545191
ZBTB9	0.0299328870888402
NAA40	0.0292512369362007
MROH6	0.0288925930461188
HCLS1	0.0287070305329378
ACTB	0.0278931621950619
CLPX	0.0277245376862488
WRB	0.0274203270004895
C2orf69	0.0266180362544844
FAM86C1	0.0266168718966168
ZNF658	0.0261161438825205
RP11-134L10.1	0.0254680981041287
CTD-2196E14.9	0.0249224250446634
NACC2	0.0248495222534933
CTD-2013N24.2	0.0248407625176176
MFN1	0.0240846251177711
GCSH	0.024020316832435
FAM215A	0.0238014552881165
CACUL1	0.0231682958674097
PAPD5	0.0228031254368857
C14orf1	0.022077163486226
TM7SF3	0.0220258008758456
CSF3R	0.021462187045062
ERCC5	0.0213260127063734
TMEM66	0.0210679551804855
MKL1	0.0206026397738605
CSRNP1	0.0201110056893934
AP1S3	0.0196036300670797
CYB5B	0.0193504371421943
GS1-124K5.11	0.0192839509385112
NAPB	0.018840755134658
ZNF211	0.0188017798034827
GLCCI1	0.018649601423231
LOXL2	0.017843866428146
BMS1	0.016877717283699
ALPK2	0.0160406152922526
C2orf49	0.0152550715431835
TNKS2-AS1	0.0150509929436789
RP11-809O17.1	0.0150079142548764
COMMD1	0.0149462893127893
ATP6V0C	0.0142705267903709
SLC23A2	0.0141278248693452
RP11-400F19.6	0.0133035825831172
AC004840.9	0.0129257418427678
MYO15A	0.0125703516628274
RP1-122O8.7	0.0106435078260437
AP001347.6	0.00949041854318681
EIF2B2	0.00948168875922976
SLAIN2	0.0093487282107349
AP000254.8	0.00832909188939106
LMLN	0.00756905478548824
CASC4	0.00750545261304092
DNMT1	0.00634470255317159
ZFP90	0.00565775024983578
C3orf38	0.0045590241997768
EFTUD2	0.00432720075358788
CCT6B	0.00394860441666844
RAD50	0.00272315428936349
AMD1	0.00206757160702054
PITRM1	0.0016625659076055
AC015849.2	-0.000242869538880207
ITSN2	-0.000322594434049576
ICA1L	-0.000550979910412266
DDX58	-0.000667038584144297
KLHL20	-0.000747711539685277
TTLL3	-0.000898730650878135
ZSCAN9	-0.00136893762603117
SAFB2	-0.00137975127090315
GALE	-0.00154977550179591
ERLIN1	-0.00207087516264136
OXR1	-0.0025843627289226
FHL2	-0.00359289355727359
IDH3B	-0.00369571391538051
PARP2	-0.00434765354305705
YOD1	-0.00553748023149932
CD83	-0.00577654641425478
ZNF182	-0.00697038526694263
RBM22	-0.0071258751442131
EXD3	-0.00885245693356504
NDUFAF2	-0.00971974151732349
RP11-1000B6.5	-0.00989826703031567
TOP3A	-0.010125063300214
LMAN2	-0.0102590811597924
CTB-152G17.6	-0.0106248506977283
RP11-514P8.6	-0.0106355970481488
TRIM66	-0.0108008807826923
PCSK4	-0.0118028898591656
SDE2	-0.0132863923790954
SMPD2	-0.0142175767557902
APOM	-0.0149135038025615
RFXANK	-0.0155718553342595
MRPS23	-0.0156531621257064
RPS10P7	-0.0157367321023291
PEX14	-0.0160803058160127
PSMD6	-0.0169753369751621
RP11-20B24.4	-0.0178852108605723
RP11-712L6.5	-0.0178997703468052
RP11-22P6.2	-0.0180239451216088
AC005224.2	-0.0188509524640467
CTD-2534I21.8	-0.0193677035337157
CPM	-0.0204668832823418
DPY19L3	-0.0204782701933955
IL21R	-0.0213817986894306
UBE3B	-0.0214978547491353
RP11-488L18.8	-0.0222650565077259
FBXO8	-0.022919110882737
ZBTB48	-0.0231098672837987
RP11-264B14.1	-0.0235288437465934
ZNF726	-0.0241669327111457
CARD11	-0.02505655640431
ZNF18	-0.0252657383264511
TMED3	-0.0252951542060792
TAZ	-0.0258511455796166
CAPN3	-0.0287327141673388
C7orf26	-0.0292534059087408
CPA5	-0.0295237205591109
RP11-134G8.7	-0.0299922613742821
NCEH1	-0.0316125900438839
SP2	-0.0317896274402039
KDM5A	-0.0318231319688735
RP11-160H22.5	-0.0326079460472222
GYS1	-0.0331677052809212
MAP1LC3B2	-0.0339291720459757
RP11-379K17.12	-0.0342166666328203
ZNF398	-0.0348995849079474
EID2	-0.0353658726129462
PARS2	-0.0360975364107537
CCDC144A	-0.0364236404272222
RAF1	-0.03666693402032
XXbac-BPG181B23.7	-0.0375407118932363
SH2D3C	-0.0378097941030073
IFT27	-0.0382836353024608
PTPLAD1	-0.039384487805144
TBC1D22A	-0.0398269771566189
IKBKAP	-0.0401793821866139
CRTC1	-0.0405497006213829
AURKAIP1	-0.0406575222343118
GYPE	-0.0410192759613811
HDGFRP3	-0.0423391157890638
FBXO33	-0.0426452494467994
CLCN5	-0.0437767907171134
PNP	-0.0447014407103747
POLR2G	-0.0447485847838571
ZNF324B	-0.0460827786174083
HDDC2	-0.0478489734217815
VPS13A-AS1	-0.0495285256043219
PER2	-0.0509678958148107
C3orf17	-0.0512357528829524
SLC26A1	-0.0521354270122157
SPATA6	-0.0525304335697625
CD226	-0.0525530207755924
RP11-54O7.11	-0.0527289845962719
RFC1	-0.0532473901754245
PLEKHB2	-0.0534389189404263
DEXI	-0.0534822132609516
ZNF133	-0.054371071129748
MAP1LC3B	-0.0548899390750283
RP11-16E18.3	-0.055156616166194
RARS	-0.0554834923000651
NADSYN1	-0.0565382724997644
RP11-117D22.2	-0.0567271645170039
BHLHB9	-0.0567976558328994
RP11-166N17.3	-0.0578013658178422
AC090186.1	-0.0591874869022319
LACTB	-0.0593723942537779
RP11-53I6.3	-0.0620278790459576
RAB30	-0.062922515566251
C15orf41	-0.0629744979192739
RP11-108P20.1	-0.0638714559034171
CNOT11	-0.0656546675696205
XPNPEP1	-0.0658764070364272
SRSF4	-0.0667042792249042
RP11-6O2.4	-0.0672985811478439
CDIPT	-0.0673725835056857
CLN5	-0.0678316075461202
USP34	-0.0692291844250434
RP11-382J12.1	-0.0692732869300546
ADSSL1	-0.0698390392177593
TRAPPC13	-0.0702227703072277
CDKAL1	-0.0706066746366564
ZNF852	-0.0712085081911369
POU5F2	-0.0713614254537294
CELF1	-0.0725130611068102
CYTH4	-0.0727716769390599
TMEM42	-0.0732582889330663
FLOT2	-0.0745502477526501
SNRNP35	-0.0754631170690934
STAM2	-0.0757221488409053
UBXN10	-0.0758172433400907
NDUFS7	-0.0760707601653199
RP11-91P24.6	-0.0761868953571681
GPS1	-0.0773888637594551
SLFN12L	-0.0776521063932537
COQ3	-0.0789767955251661
C17orf104	-0.0792071964647346
KLHL12	-0.0794451729544844
RPS17L	-0.07998783481173
PRPF4	-0.080205127358046
NDUFB10	-0.0811740886332206
CTBS	-0.0816756595755998
EIF3J	-0.0819398227440827
FAM13A	-0.0826976749535858
ASMTL-AS1	-0.0827980208805157
MED11	-0.0831814973048522
ZNF14	-0.0837887333472716
RP11-872D17.4	-0.0842685855991606
RP11-78O7.2	-0.0845183704395379
ZNF80	-0.0867738688327801
APLP2	-0.0877423469810547
AC027601.1	-0.0879717387502191
ITGB3BP	-0.0882971512519681
PFN1	-0.0887823848479771
NOL6	-0.0890685237304053
PPP6R3	-0.0892098008696386
IL11RA	-0.0905247589321278
CDCA7L	-0.0905908383377731
CALCB	-0.0909063872742964
HIST1H2BJ	-0.0939779561680816
TOMM40	-0.0947639807309717
PIP4K2A	-0.0953114010565431
BRK1	-0.0957455097309535
C4orf36	-0.0958386244256963
NPTXR	-0.0962024268771733
WDR48	-0.0962279401832677
KBTBD3	-0.0966385497761993
INO80E	-0.096769099449967
RP11-77K12.1	-0.0968680105071977
CATSPERB	-0.0973136512435496
ZNF527	-0.09765993719286
REV3L	-0.0977254850671842
ACVR1	-0.0979147115053548
RP11-582J16.4	-0.0981166787684711
C1orf101	-0.0982815235651419
WDR25	-0.0987492602471739
SIPA1	-0.098809742926822
MT1G	-0.099613213314002
ZNF358	-0.0999668953671239
MTCP1	-0.100334324540885
ZNF668	-0.101316281846215
NIPBL	-0.101968731517591
C5orf42	-0.10256787856158
RP11-22P6.3	-0.102722334733179
STRAP	-0.103059144444046
MMGT1	-0.103317898949643
SETD5	-0.10351368358477
LINC00324	-0.103841810652583
RP11-415F23.2	-0.104353481096379
GOLGA5	-0.104754910397477
ZNF230	-0.105168482563975
SMC1B	-0.105541711114205
ACTR8	-0.106391147829938
RP11-353N4.4	-0.10723741079635
ABT1	-0.10743037044126
RPF1	-0.108606261407281
ANKRD6	-0.109021901591333
RNPEP	-0.109089807935223
UBE4A	-0.109255258214684
NEDD8-MDP1	-0.11109318818762
TCOF1	-0.111246977889638
ANKHD1	-0.111287690077816
ALG8	-0.111809295513344
CHAMP1	-0.113068272293763
PPP2R3A	-0.11325622642411
BFAR	-0.11384115225176
C7orf60	-0.114503388702325
LPGAT1	-0.115024428235956
EPOR	-0.115552475519876
CTD-2012K14.6	-0.115829333627415
TTC13	-0.115861033163046
TMEM163	-0.116317874956645
ZKSCAN4	-0.116379042979002
PRTFDC1	-0.116906563663948
ACOT13	-0.117590438902265
PIFO	-0.117668848487589
PVRL1	-0.11811939041896
C20orf196	-0.119429873685413
NCOA5	-0.119719246151519
KIAA0319L	-0.120430512767398
ITFG3	-0.120558985286591
MCAT	-0.121214446466965
EIF5	-0.121266913731214
CTD-2521M24.9	-0.121270148627051
DNPEP	-0.121722345996257
ARAF	-0.122353544380544
MRPL42	-0.122723712051195
ZNF583	-0.123543076584825
SFXN5	-0.124215828053266
DNAJC27	-0.124370663044394
BCL11B	-0.125500877279549
RP11-367J11.2	-0.125685658673734
PRPS2	-0.125922460956358
IRAK1BP1	-0.127071518866669
RP11-568N6.1	-0.127365635108777
RP11-24C3.2	-0.127876405434521
PTPN1	-0.128140922392329
SRM	-0.128364340286753
C21orf59	-0.12964346571187
EMC4	-0.129733869747945
CCNY	-0.129830990432857
CPSF3L	-0.129845996382152
RORB	-0.130683316891208
U91328.21	-0.13070221460351
RAB2B	-0.131115470945701
ZHX3	-0.131485034892021
MRPL17	-0.132039831397154
SMG8	-0.133445225696314
TBCE	-0.133560229609946
UBR3	-0.134462120693672
RNF40	-0.134855642655308
SMIM15	-0.13539842482417
MIR4453	-0.135507563854158
EIF1B	-0.136129668298322
CSNK2A1	-0.136205510381398
ZNF200	-0.136627833307423
CTD-2006H14.2	-0.137238197033212
N4BP2L1	-0.13745350635823
RCCD1	-0.138077978997573
NECAP2	-0.138672136306119
TGFBR3L	-0.138866913872959
FAM122C	-0.140554558468151
PRRC2C	-0.141114433886988
NECAP1	-0.142711207370885
LSM7	-0.142972430762507
USP33	-0.14331900420353
MCU	-0.143473664799202
SUPT7L	-0.145335325341892
STX8	-0.145858580392097
RP11-245G13.2	-0.146572911875039
ZNF106	-0.146601805624314
RP4-758J18.13	-0.147121902948029
ZNF285	-0.147322006439664
CTB-118N6.3	-0.147948440416191
SNRPF	-0.14896634820751
DEDD	-0.149198068150851
FYTTD1	-0.149817543639398
HEXA-AS1	-0.150057510271611
SEPT7	-0.151781314915699
RP11-350F4.2	-0.151977540534872
RP1-178F10.3	-0.152186295483873
PPT2	-0.153230814640385
ZNF891	-0.153794522714632
RHOBTB2	-0.154393330953849
POLR2J2	-0.15501957308142
KHDRBS1	-0.155726833090811
PRSS16	-0.155877579604667
CCDC142	-0.156149419560195
LIME1	-0.15630426029515
LYSMD2	-0.156527513498801
PSMB8	-0.156815134100079
TBL3	-0.157006903731308
PGD	-0.157682337518392
ZNF3	-0.157894559419412
IGF2R	-0.15883951088959
EHD1	-0.159365509675936
ZNF189	-0.15967785283115
IFNL1	-0.159754525552289
CCT6A	-0.159805171726704
TCL1A	-0.160420282240361
RP5-1085F17.3	-0.160519332240152
METTL10	-0.160730229521634
PLEKHF1	-0.160873900491339
C19orf35	-0.161733878282645
ASGR1	-0.162182825056044
RP11-111F5.4	-0.163458679357459
POLE4	-0.163552226386062
HSD17B1	-0.163560016224164
SEC11C	-0.164341704383888
TMEM258	-0.164627532984995
RP11-712B9.2	-0.166710503974027
RP11-497H16.9	-0.168217763693115
RP11-680G24.5	-0.169283500376512
ELMO2	-0.169404437821004
RNASEH1-AS1	-0.169619372590907
MTMR8	-0.170038546536476
TMOD1	-0.170873439312807
GTF2I	-0.170994450573171
MAFF	-0.171674706887864
HSPA14	-0.173072083525831
PTPLB	-0.173127392921141
WDR33	-0.173279965507246
PRR14L	-0.1737248721774
TRAPPC3	-0.174254763884245
SIRT7	-0.174661706840686
ETNK1	-0.175147221382513
FAM136A	-0.175257152834812
HIST1H2BG	-0.175580388035393
TRAF7	-0.176065421400558
DAB2IP	-0.178896030846837
DDX3X	-0.179877569790941
PILRA	-0.180510105235236
TM9SF4	-0.182413588402951
APEH	-0.182789345757861
ACTR5	-0.18303438480921
DAZAP2	-0.183755032335976
SLC35E3	-0.184662714308131
BPNT1	-0.186267819904233
RNF10	-0.186413164789705
RP11-101E13.5	-0.186770795077316
ALG12	-0.188687602873269
NAP1L3	-0.189041008919166
C6orf99	-0.18916737541284
DCAF17	-0.190009724832857
ZNF710	-0.190711477994752
EEF1E1	-0.191285561811806
GHDC	-0.191561755584261
RBM41	-0.191603931224235
AC144652.1	-0.192829597553222
FAM209A	-0.192935657391887
PRPF38A	-0.193178925907378
MOSPD2	-0.193933408850593
RGS14	-0.194605335499605
IDI2-AS1	-0.194787505720132
ZDHHC3	-0.194969392010255
CTSH	-0.195581801091386
MFSD1	-0.195609622845046
ZNF341	-0.195653066834887
DCPS	-0.19578118401661
GPALPP1	-0.195796042404322
POT1	-0.196404527146863
RP11-421M1.8	-0.197517528647966
KRCC1	-0.197885734139688
MRPS28	-0.198518602065812
MBD1	-0.199009794905518
ZNF256	-0.199382383604644
FAM21C	-0.199757088443902
HMGA1P4	-0.200234081554344
IDH3A	-0.200264725572578
STK16	-0.20052497482171
ZNF16	-0.200765664403044
HOXB-AS1	-0.20104366581019
PRMT6	-0.201690736050242
ZNF281	-0.201905657000728
ST6GALNAC4	-0.202418818854353
CDADC1	-0.202422014958405
STXBP5	-0.203176127456736
CNNM2	-0.203470222158105
ZC3HC1	-0.20372314007189
AC012487.2	-0.204126310173473
RP11-762I7.5	-0.204617054657811
NOP9	-0.207959140433773
AGPAT9	-0.207959932595288
LINC00116	-0.208261969292592
RABGGTB	-0.208365646723142
C17orf97	-0.208414662994662
DISC1	-0.208753984989882
STK4	-0.208982481631295
SH3BP1	-0.210567652585494
FGD4	-0.211355868892741
C9orf9	-0.21195849292746
PAIP2	-0.213982292246075
RP4-756G23.5	-0.214136291127902
PPP2R2B	-0.215459033242225
AC133528.2	-0.216563928327288
EPB41L2	-0.216738492261511
YPEL2	-0.217226018623425
ZFP36L2	-0.217699285977165
MID1IP1	-0.218115290381485
SLAMF6	-0.218265249650512
AP000476.1	-0.218632774779874
PSME1	-0.218695259635224
CYB5R1	-0.219861447725581
NSUN2	-0.220260743900701
WARS2	-0.220811988802827
KDM5D	-0.222158165746878
CLIP4	-0.222196982007948
CAND1	-0.223293785708617
WDR41	-0.22330154800991
SIRT3	-0.223630986229805
EIF1AD	-0.225161529694781
C1orf53	-0.226450240178448
RALGAPA2	-0.226593685888214
NOL10	-0.229056944487981
MAP3K5	-0.229097963776554
PLAA	-0.229445311795076
DCUN1D4	-0.230094364591316
FCN1	-0.230458480670148
ZNF607	-0.230928611630311
SLC2A9	-0.231420871484224
AC007308.6	-0.231780113209177
BNIP2	-0.232690571653389
TMEM64	-0.234792714134693
RP4-660H19.1	-0.236308353390319
TECPR2	-0.236354126051269
DGCR2	-0.236669646070182
UROD	-0.237792815635165
HIVEP2	-0.237991816937588
C19orf83	-0.239392128246711
RP11-3P17.4	-0.23943507438817
MICB	-0.24080658453271
ACTR2	-0.240923139126832
CAMLG	-0.241032663632433
MAPK13	-0.241996324460151
MMD	-0.242161537826631
F12	-0.242284879351759
QKI	-0.24291240618136
ARMC9	-0.243020823383628
ZNF266	-0.243263909356747
GALNT3	-0.244273360989903
RP4-761J14.8	-0.244963298578487
KDM3A	-0.24685757895048
ZFP3	-0.247413694531827
ZNF354C	-0.248142840165096
ATF5	-0.248716213252921
SNX14	-0.250538434537027
INIP	-0.250881712197228
XCR1	-0.252134961918008
C20orf201	-0.252318503895826
TBC1D10C	-0.252373042636154
ATG3	-0.252737547986362
RP11-166B2.8	-0.253141759600637
HIST1H2BL	-0.253511806201643
TNRC6B	-0.254015734517426
COMMD4	-0.255542905241991
HBS1L	-0.255657747873176
DEPDC4	-0.25684018612903
MAMSTR	-0.257008662248316
TMEM131	-0.257900288037316
IKBKE	-0.258248178602769
LRRC59	-0.25839854508966
SSSCA1	-0.258489614349771
GPATCH3	-0.258660000470163
RP3-455J7.4	-0.258756223084572
LINC00880	-0.259337465824266
RP11-262H14.4	-0.259370832027889
ARFIP1	-0.260231405682982
NFATC1	-0.26067573545298
SEPT9	-0.261183485701012
SPOP	-0.261336572680849
RP11-552F3.9	-0.26165394969428
RP11-327F22.4	-0.262020418328772
IMPG2	-0.262552376451755
WEE2-AS1	-0.264380247512133
TMEM206	-0.264806057955107
C8orf31	-0.265157274769118
GCAT	-0.265327868351925
CDK2AP1	-0.265723417759152
AGAP5	-0.266060711850299
TROVE2	-0.267448697968882
XRCC3	-0.267504962946524
RP11-563N4.1	-0.269528615336391
KLHL23	-0.270580974181679
SETD4	-0.270606752087018
ARPC5L	-0.270635618583661
ZNF467	-0.271479718914209
CTD-2020K17.4	-0.272462531989394
TMX1	-0.273151557191643
SPHK2	-0.273523599951017
EIF4A3	-0.274186407770406
YBEY	-0.274854944840039
HNRNPU-AS1	-0.275848817819827
CTC-542B22.2	-0.276027437208006
NCLN	-0.27727186418041
DTD1	-0.277421352086787
DCAF16	-0.277666169977699
NNT-AS1	-0.277800982372683
MED17	-0.278732839152956
JARID2	-0.279685889593851
CSTF3	-0.279894532445781
TMEM30A	-0.280490817617981
AC084219.4	-0.280837183249524
INTS9	-0.281079135841476
NSMCE4A	-0.281333633705982
C21orf67	-0.282977607996106
RBM43	-0.283789466376372
AL441883.1	-0.284059225980152
TADA1	-0.285386798031438
ZMYM2	-0.285716133422086
MTRNR2L6	-0.285816051736138
SYCP3	-0.286024534259476
MFSD5	-0.286159465427318
ELP6	-0.286723268019393
URI1	-0.287421607123105
CEP19	-0.287483891102806
DDX50	-0.28877387513003
RP11-171I2.2	-0.288904164992779
ANKRD16	-0.289002810127984
BNC2	-0.290185350505773
ZNF337	-0.2906934702977
CAPN12	-0.291487061441163
HOXB3	-0.291487755553735
UGGT1	-0.29151792502753
CTD-3065J16.9	-0.291778979287114
PIP5K1A	-0.292932338736558
CTC-548K16.2	-0.292951901644604
CCL28	-0.293365378217864
ZFAT	-0.294315046805509
SLC43A1	-0.294651138541427
TMBIM6	-0.294699057161523
KRTAP16-1	-0.295612176147673
YRDC	-0.295856481706013
ELK3	-0.29592037896024
PGGT1B	-0.299230195086958
SLC35A1	-0.299495581480052
RP11-267N12.3	-0.299987508120275
SRPK1	-0.300184161791512
PJA2	-0.300355382627213
CYB5RL	-0.300689581464024
CHCHD4	-0.301850012569816
DHRS7	-0.303287806379085
EXOSC8	-0.303505233140339
UBOX5	-0.304240572626008
CTC-241N9.1	-0.304647852398114
RBM7	-0.305299684044152
ACAD9	-0.30567451184407
SPTY2D1	-0.308186653084988
DHRS11	-0.308189854605554
RP11-135A24.4	-0.308254270062743
NMI	-0.309049999409697
ACRC	-0.30921501420097
SELT	-0.310497434865018
DRG2	-0.311801351773036
METTL5	-0.312790539376308
RAB28	-0.313525165913858
TBC1D7	-0.314351581437247
ZCCHC9	-0.31560932573191
HIST1H2BN	-0.315948710012822
SETD9	-0.316229322410386
FBXO22	-0.316319757528003
MFSD2A	-0.316348343231243
FRAT2	-0.317039385164873
MT-ATP8	-0.318031114053227
CLDN15	-0.319410688973532
LMBRD1	-0.319423202917052
CRTAM	-0.319466249564073
CHMP6	-0.319757401495486
APIP	-0.320325860830733
ZNF330	-0.320694552442138
RP11-480D4.2	-0.320724832779523
SPRYD4	-0.321769165144986
PAPOLG	-0.321845028960982
TIPARP	-0.321862346472278
LIPA	-0.322123413593407
ASAH2	-0.32221582165357
NUDT19	-0.322672922001477
SLC20A2	-0.323035884301814
TUBG2	-0.324084779473579
ARL16	-0.324359709863387
LRP1	-0.324847928827388
VPS39	-0.324913552690446
KB-431C1.4	-0.325058435235325
NONO	-0.325187754449469
MAPKBP1	-0.325400325446514
BOP1	-0.327392860756324
CROCC	-0.328815086474389
C19orf54	-0.3291976282095
ACVR2B	-0.329752600581314
CTD-2184D3.6	-0.330058441208861
MCM8	-0.330254884474583
MIER3	-0.330552681687633
GPR128	-0.331003531221847
SMG7	-0.333454127580604
OOEP	-0.333831170193326
RP11-424N24.2	-0.334197715600417
INTS2	-0.334216582205823
CDHR1	-0.334389628880782
CUBN	-0.334760107279511
AC005037.3	-0.336024819211558
SMAP1	-0.336911518995021
PELI1	-0.33777684471453
C18orf32	-0.337852646424459
DBF4B	-0.338435342516894
RP11-1191J2.5	-0.338982064577324
VTI1A	-0.33899602131867
AGO3	-0.34012116260974
RP11-973H7.4	-0.341807934794339
LCOR	-0.342584049346962
CHTOP	-0.343257608298415
TWSG1	-0.343704804760941
ATN1	-0.343976829838911
RWDD4	-0.345203489349097
RP11-15E18.1	-0.346135224616591
TIGD2	-0.346271256903957
C5orf24	-0.34684281956332
RSBN1L	-0.347131751736596
ZNHIT3	-0.347765489508946
TRAPPC12	-0.350126712436721
RP3-388M5.9	-0.350444491355257
ATXN2	-0.350719922600399
DNTTIP1	-0.35087952515452
NAA35	-0.351906730605461
GDF11	-0.351988325219055
TMEM251	-0.352574340235795
ZNF26	-0.352983111019109
FAM50B	-0.353976677765653
EIF2S2	-0.355578684347524
PUS10	-0.356117616712546
PLCB2	-0.356539720694434
ZDHHC17	-0.357540831502633
LMTK2	-0.35797266143006
CCDC117	-0.358562064360709
NDUFAF7	-0.359615772889504
MORF4L1	-0.360533581234482
RBM12B	-0.361777685261496
SLC16A6	-0.362247750528961
TDRD3	-0.362904960197253
BEND5	-0.362955182400784
COA6	-0.363457375100907
RP11-333A23.4	-0.363608526497156
ZNF547	-0.363706858984133
CGRRF1	-0.365089096180583
SRSF11	-0.365452859582451
COG1	-0.36689377276123
ZNF670	-0.367457214090553
MTCH1	-0.367586639318845
ZNF441	-0.367592990476315
AVIL	-0.36897952489481
NDFIP1	-0.371218469415075
CENPQ	-0.372486440927598
DBNDD2	-0.373070602630503
ZNF630	-0.373689312383989
NUMBL	-0.374424928005661
EIF2AK3	-0.375347342793229
RP11-734I18.1	-0.375511920631995
ZNF318	-0.376529264164524
UBE2D3	-0.376680184344808
ZDHHC9	-0.376803492460361
PXK	-0.377143563544424
RSF1	-0.377480059416271
RP11-504P24.8	-0.377858171029409
PORCN	-0.378039941317351
KLRC1	-0.378822266122785
SEC62	-0.379650583008445
CLP1	-0.38027172586435
DHX34	-0.380633584031687
VAPA	-0.380700140851899
ATG14	-0.381965433284776
PRDM2	-0.382034265053709
ZKSCAN2	-0.382250121724635
RP3-325F22.5	-0.382279224750439
VPS72	-0.382436699624877
PELP1	-0.382968680058839
XXbac-BPG181M17.6	-0.383379741683312
ZNF107	-0.384367174254476
NME3	-0.384560023533994
CCNB1IP1	-0.384755560859499
NUP160	-0.387142078081143
CCNK	-0.387406852937441
MACC1	-0.387500162851782
STAG2	-0.388309338387367
RP11-37C7.3	-0.388950378820267
RP3-467N11.1	-0.389552907104562
DIP2B	-0.390012096946513
RP1-117B12.4	-0.390569793152453
S100PBP	-0.390726573679483
AFG3L2	-0.390762247314085
CTNNBIP1	-0.390785065871295
PRX	-0.391037117840885
ZNF792	-0.391840033280574
FAM122B	-0.391909827668321
ARFGAP2	-0.391924521997506
SMN1	-0.392980064253586
SNED1	-0.394385073533464
RP11-849F2.7	-0.39450970565643
YTHDF2	-0.395041948204822
GPAM	-0.395373790842281
FTX	-0.395596411334771
TUG1	-0.395653348262087
CYB561D2	-0.397513160168743
NCK1	-0.397648805920411
POTEF	-0.398765274302001
RP11-152N13.5	-0.398793421888579
RANBP2	-0.3995554462074
PRCC	-0.400717193070925
AC007383.3	-0.400837514597084
FES	-0.401183687577693
C1orf233	-0.401304352090211
C10orf35	-0.401870365664205
AL020996.1	-0.402405204054295
MSRA	-0.402965597815786
ANKRD54	-0.403992247123132
FASTK	-0.404116981148515
PCYOX1	-0.405642028405449
RABL2A	-0.405895597705356
UBE2D2	-0.406095967257528
DDX52	-0.407005940641759
GPR22	-0.40703115803619
HIST3H2A	-0.407177042669051
PLEKHA5	-0.4080513673732
LRRC28	-0.408738858849573
UBXN7-AS1	-0.409017127429136
NAV1	-0.409387754666181
RP13-20L14.6	-0.409431217482389
HILPDA	-0.409837296739746
AC136297.1	-0.409876963381686
SIMC1	-0.411368767129309
PRELID1	-0.411838619914313
MYH10	-0.412117801543646
TFG	-0.412210175577323
PDE6D	-0.412975058533633
TOR1AIP1	-0.413206864158726
PITPNC1	-0.413659335985971
LIMD1-AS1	-0.4147658269471
DIDO1	-0.415852629509327
PPP1R11	-0.416075300096198
ZNF557	-0.416776179400712
CYB5D2	-0.416928040712908
C3orf18	-0.416982066654967
HDAC11-AS1	-0.418073606070225
ZNF408	-0.418275933420183
R3HDM2	-0.418772035244382
RNF214	-0.419036470418931
AC091153.4	-0.419101194145898
TRIM68	-0.4198940328166
ITSN1	-0.420400747998084
RP5-1091N2.9	-0.422541340006708
FGD5-AS1	-0.423023029913657
METAP2	-0.42358711123856
SBNO1	-0.423639886337679
ZNF17	-0.42412026914398
TIPIN	-0.424981164207055
USP21	-0.425331274403864
ADAT3	-0.425552266916624
FOXO4	-0.426083567311287
STIM2	-0.427450634510242
MXD1	-0.427726319430253
VSIG10	-0.428168658158262
ZNF512B	-0.428486021725137
ZNF677	-0.429510605873304
LAMTOR1	-0.429655682908721
LSMD1	-0.42969125082993
ZNF641	-0.430519521331665
RP11-533E19.5	-0.431334683974425
TCAIM	-0.432653962021058
CSNK1G3	-0.433540329661461
CBY1	-0.434207607943901
SSBP1	-0.435204696440938
MT-ND6	-0.435236452227727
PPM1N	-0.43538936231312
IL20RB	-0.43601028272227
PDDC1	-0.436459222785738
ACAD8	-0.436691137443401
USP48	-0.436911241264748
EDF1	-0.43709797761081
FBXO44	-0.438158339889317
RASA4B	-0.439875686824054
GCLC	-0.440555076172982
KLHL15	-0.440779499091398
SAP30L-AS1	-0.440930663917858
FAM73A	-0.441510895562506
RP11-706O15.1	-0.442533808801344
ZFYVE16	-0.44256509983106
GPCPD1	-0.442678530702859
NFKBIZ	-0.443592477618429
RP11-166O4.6	-0.444161013206239
LCMT2	-0.445240327821601
POLR3GL	-0.445625714183549
NDUFA3	-0.445985896388416
SLC10A7	-0.446927766883153
RP11-473M20.16	-0.447403946341287
ZNF517	-0.447618227180459
NDNL2	-0.448153034284198
DMAP1	-0.448296677613614
RP11-144F15.1	-0.44868986864654
ATG13	-0.449030018521182
GLT8D1	-0.449273933276869
RRAGD	-0.450163051828081
MTRF1L	-0.450227937381772
RP11-452F19.3	-0.450257121479267
SAAL1	-0.451522552451124
SMARCAL1	-0.452211425897545
C18orf21	-0.452704466258321
KLHL7-AS1	-0.454774886370815
ZNF487	-0.45622441968669
LIN54	-0.456387957174446
NCKIPSD	-0.458343828395166
SENP8	-0.458375127472103
RNGTT	-0.458950209742372
PTCD1	-0.459081642988241
C15orf39	-0.459440673741809
TFB1M	-0.460908368652784
ASB8	-0.461597314092933
LINC00996	-0.462226258918477
NEK1	-0.462285352352952
PLA2G4C	-0.463650196557424
RP11-849H4.4	-0.464908921537562
CTD-2587M2.1	-0.465267028459509
MIER1	-0.465517578426854
SPIRE1	-0.46584258654677
UTP6	-0.466532391848982
RCAN3	-0.467517495077057
KRI1	-0.467579877076605
STON1	-0.467685489837841
CTD-2083E4.6	-0.467921795858815
PNPT1	-0.468152560300478
NELFA	-0.469066801970109
FOXN3	-0.469124797441322
B3GNT2	-0.469419171395307
RP11-390F4.3	-0.469704611510687
ACAT1	-0.471607349841228
ATG2A	-0.472110591015082
CP	-0.473043718556706
ZNF880	-0.473348374234926
TMEM80	-0.474406732060105
HNRNPDL	-0.474430810856071
CRADD	-0.475458493203127
INPP4B	-0.475986964161419
CDC5L	-0.47620965240771
IQCK	-0.476328995210556
GGNBP2	-0.47663941454151
RP11-589M4.1	-0.476731272186608
ATL2	-0.477944962551872
AK3	-0.478002633396339
TFCP2	-0.478921120937978
RAB8B	-0.480705893015931
C17orf100	-0.481273534857656
ZNF763-1	-0.481282097456617
HAUS1	-0.481509059280916
MLEC	-0.482547556077327
DHX40	-0.484071255380362
MARCH6	-0.485162936612466
KANSL2	-0.486687471138687
B4GALT3	-0.486986786837042
CTD-2349P21.11	-0.488056294460433
CTD-2017C7.2	-0.488252330310106
MRFAP1	-0.489026079668469
DHRS4	-0.489065478973669
MTBP	-0.48932835666682
RP11-305L7.1	-0.489499789046145
PEX11G	-0.489549424574782
CRYZL1	-0.489731721289696
CDKN1C	-0.490037239778472
TNFRSF13C	-0.490482927926101
MRPL43	-0.491035468002334
HP1BP3	-0.491491696769778
GALNT4	-0.491581519214052
TXNL4A	-0.491725395194605
AK2	-0.492119410612557
KRBA2	-0.492338614070141
ZNF254	-0.492544183487796
AZIN1	-0.493028710512533
MOB4	-0.493253547467387
DNAJA2	-0.494009589687027
MAP4K3	-0.495116042951288
HS1BP3	-0.495908904929245
SLC4A5	-0.496691873295425
ZNF221	-0.496847065262695
AP1AR	-0.497498779514813
ZNF224	-0.49750994459963
AC010226.4	-0.498634694201073
METTL18	-0.499160919596119
OLA1	-0.499371657884838
RP11-88I18.2	-0.500263406136952
KATNBL1	-0.500735903302776
CBFA2T2	-0.502057103635928
HNRNPL	-0.502594779354087
ZNF484	-0.503213674296631
AC079922.3	-0.503767217762909
PCOLCE	-0.50398490028304
FBXO3	-0.504399225971037
CSK	-0.504441330785485
NPM3	-0.50490817424115
POFUT1	-0.505275976799093
ZNF784	-0.505714874701348
U2AF1	-0.505859998082992
YAF2	-0.507791495644926
METTL21B	-0.507943927605488
ALG14	-0.507961818267781
C10orf88	-0.508405603053278
SYCE1L	-0.509484285150751
MOCS3	-0.509689129672151
MPHOSPH9	-0.509839182305456
ZNF777	-0.509841993079406
METTL4	-0.510067586274447
STUB1	-0.511253136320449
RPRD1B	-0.511296545621123
ANKRD49	-0.512055888735956
ATPAF2	-0.512486017967389
UBE2B	-0.513096230442477
GDI2	-0.5139806431219
PRCD	-0.516908044708357
SLC29A2	-0.517039180528959
CTA-363E19.2	-0.517648132447849
DCP1B	-0.517948077718143
MADCAM1	-0.518145334654814
PIM2	-0.5186787372274
MRPS17-1	-0.519163699556104
CEP70	-0.519208374919478
XRCC6	-0.519302799147345
RP11-423H2.3	-0.520935541082485
RP11-571M6.15	-0.521145488240878
PSMD12	-0.521703935012278
C16orf62	-0.52219297364351
CARNS1	-0.522433149831049
C6orf136	-0.522804872418498
SRRD	-0.523085126590895
ZNF582	-0.524581432712822
ALG10	-0.526275261140007
AP000783.1	-0.527216057058986
HMG20B	-0.527992851249657
LINC01004	-0.528135270716436
RP11-66N24.4	-0.528342965363901
KIAA1328	-0.52895513941223
BLM	-0.529176447942119
GBAS	-0.529502053170562
ORAI3	-0.530736001960398
RP11-375N15.2	-0.530836782353768
IGIP	-0.531176152269858
TRIM39	-0.531630709400985
RP11-242D8.1	-0.53184241243696
FAM161B	-0.532720333294536
TBCC	-0.532726920974907
UBXN7	-0.532972870555526
RP5-977B1.7	-0.533241531238852
UBE2Q2	-0.533453450580522
VPS8	-0.533888436025714
PNRC2-1	-0.53415827811812
TRAPPC6A	-0.53484873765806
FAM98C	-0.534917518722266
BFSP2	-0.534977194089494
ACPL2	-0.534983484005893
KIAA0895	-0.535460337574396
PRIMPOL	-0.535660877019971
RAB8A	-0.535698222033838
HIST1H2BK	-0.536092540280405
TUBGCP3	-0.536386277184267
RP11-126K1.2	-0.536637714375927
PPCDC	-0.536719426568352
ATF6B	-0.538480969665339
TRIM41	-0.538511532656262
MRPS12	-0.538766638157464
CHCHD3	-0.539412547741986
TRIM27	-0.540487928107504
RAD17	-0.541121934778598
FLVCR1-AS1	-0.54186086274729
C9orf156	-0.54208580710054
RP11-582J16.5	-0.542545674844491
LATS1	-0.543984865158011
DDX54	-0.544118148332304
ARPC1A	-0.544554566456145
FBXL4	-0.546564958097988
CTD-3074O7.12	-0.548203860540877
VDAC2	-0.548887377368375
RFXAP	-0.549634496220731
MSTO1	-0.549789573372129
RPS6KA3	-0.550065921171153
ATP8B1	-0.55103234892359
GIMAP6	-0.551993899457272
SCAMP3	-0.552760962082251
KDM2A	-0.555275915056002
ABCF1	-0.555568450768761
CDH20	-0.556787469763924
RDH13	-0.557452638896681
GGCX	-0.557601110616068
LRRC16A	-0.557806767068062
ADPGK	-0.558538659947665
RP11-656D10.3	-0.558751001865746
SHMT2	-0.558814109708013
EIF2AK4	-0.559037760900528
RP11-488L18.10	-0.55918696665668
CHD6	-0.559237752705217
VAC14	-0.560275054711139
SPRYD3	-0.560284685691086
GEMIN6	-0.56046840747652
SLC27A1	-0.560641615763384
ZZEF1	-0.560732754832987
ZMYND10	-0.561477144689953
ACTR6	-0.56163085950299
NUDT18	-0.564073655917549
ERMARD	-0.565020624661879
GATAD2A	-0.565378456984601
RP11-84G21.1	-0.566281623942629
YIPF4	-0.567608170868415
FDXACB1	-0.567820862711346
FASTKD3	-0.567910114042826
ZNF593	-0.568889427868308
RP11-378J18.8	-0.569607189112198
LZIC	-0.569858037211218
INSL6	-0.570288941326522
RP11-670E13.5	-0.57094391246778
IRF6	-0.571595578615405
C5orf28	-0.571763204865718
AC002117.1	-0.572056850208197
KCTD1	-0.572217027294619
DOCK10	-0.573152705820791
MED4	-0.573211215939976
GCH1	-0.575284692787577
ADIPOR2	-0.57613294097844
LINC01137	-0.576158503944526
SNRNP27	-0.576721808642767
CPSF2	-0.577208013548466
HIST1H2BD	-0.579156769935315
SPDL1	-0.580064079050439
AHCTF1	-0.581063619140997
HDAC5	-0.582663182665438
TEF	-0.582734449840175
YWHAQ	-0.582776746755656
TAF9	-0.582821761223406
RANBP10	-0.583555936895598
ACY3	-0.583905907886093
CA13	-0.584132519661298
PLEKHA8	-0.584318297318917
AC092835.2	-0.58437130113821
ZCCHC6	-0.584492336153283
NUP107	-0.584845993769747
ATP5G1	-0.58486468744821
RP11-345P4.7	-0.584870703658375
ZNF763	-0.585779070547535
ACSF3	-0.587004910841548
LMBR1L	-0.587232243543065
LINC00264	-0.588498120152272
ADAM28	-0.588505757415689
NDUFV3	-0.589350613359218
AC007551.3	-0.590334674193064
RP11-379K17.4	-0.590546743286073
CHKB-AS1	-0.59065461220907
TCEB3	-0.59081125188192
NDEL1	-0.592693431001299
ZNF578	-0.593054758587943
RP11-77P6.2	-0.593074703658798
ARCN1	-0.593334217195193
GAB3	-0.593966229286542
AVPI1	-0.59424142377905
RPL26L1	-0.59513286890663
GPN2	-0.595524229973568
MKNK1	-0.595779830953304
MARCH7	-0.596743057306172
SEH1L	-0.596915940356303
PEF1	-0.597284386448503
SEC61G	-0.597308262353016
DESI2	-0.598587755729796
TIMD4	-0.599699841315406
ASB7	-0.599725493933526
ZNF510	-0.600402743587965
CLEC4E	-0.601344025039866
LRRC34	-0.601445374083722
TTC37	-0.601535703489252
EVI5	-0.602905964944451
PDE7A	-0.603446897702079
MTG2	-0.603592237447749
PPT2-EGFL8	-0.604079627835005
FGF14-AS2	-0.604166198182455
ZNF74	-0.604760926767636
BCL10	-0.605126074092329
PPID	-0.605179227661643
VPS52	-0.60669580553961
RP11-119D9.1	-0.606976542422256
ZNF671	-0.607435871726096
CDC42	-0.609890884484663
LENG1	-0.610031464578812
C12orf73	-0.610331827345669
C6orf52	-0.610493085769853
TAF6L	-0.611357961013185
RP11-83A24.2	-0.611573313849824
ENDOG	-0.613011803316223
OGFOD1	-0.613974919655369
TMEM184C	-0.614417455037846
CTD-2630F21.1	-0.614449253950626
ZNF736	-0.614477361453677
RP11-75L1.1	-0.614864914285055
CENPC	-0.61543312098498
PROSC	-0.615601523389612
MLLT6	-0.615904712919484
LINC01155	-0.616212514903635
RP4-728D4.2	-0.616981363596158
TRAPPC8	-0.617051815000736
S100A8	-0.617071177733043
ANGPT2	-0.61710303423768
FGFBP3	-0.617762683120184
RP11-361D15.2	-0.617780115335317
C6orf47-AS1	-0.617837007792313
RP11-104L21.3	-0.618129835507462
TMEM214	-0.619718691763557
RP11-473M20.7	-0.620779996550676
PPIP5K2	-0.620850379363369
WNT10B	-0.621853251127455
EXOSC3	-0.622027942939116
TBC1D23	-0.622282578436351
RPS4Y2	-0.623051854769421
SRSF10	-0.623108253111791
LANCL1	-0.623229805322054
PSMD2	-0.623507611486674
ZNF12	-0.623637554250489
ZBED1	-0.623705654522093
FMO4	-0.625187714184631
ZNF669	-0.625726645983938
NUP35	-0.625735497548838
OCEL1	-0.625997264707124
CHMP1B	-0.626095800412058
EXT2	-0.627198612184327
NRBF2	-0.627676753592768
ANKMY1	-0.627689276619228
CLPP	-0.627700582136179
NDOR1	-0.628422928779327
AKR1A1	-0.628973086224063
FBXW11	-0.629589249694417
RP11-798G7.6	-0.629717834130329
RP11-426C22.5	-0.630312085229401
SEPSECS	-0.630409919743223
NUDT2	-0.630447108981083
FAM185A	-0.633362807108585
C14orf142	-0.633684034349884
AATF	-0.63407484632294
NOL8	-0.634233145733132
ERCC2	-0.634885750105526
SOCS5	-0.635828912307678
DAXX	-0.637106473184126
RP11-439L18.2	-0.637160051427184
PTPRCAP	-0.637814704071707
TCP1	-0.639219524596129
GATA3	-0.639266344854856
RP4-798A10.2	-0.639302951149374
TAS2R14	-0.640086201955693
METAP1	-0.64011134440873
AGL	-0.64016853696972
CCND2-AS1	-0.640355051787502
SH3BP2	-0.641923975250183
NDUFAF1	-0.642151043821784
ZNF43	-0.64233726899307
GUK1	-0.642368582305232
POU5F1	-0.643178367019234
KIAA1429	-0.643355141246542
RP11-967K21.1	-0.643533434494643
LRRC41	-0.644543553363671
H2AFJ	-0.644732933611554
RBM26	-0.645748290515514
BBS10	-0.646145941208674
GABPB2	-0.646151860486102
ZNF718	-0.646260145118729
MORF4L2	-0.646289272777529
RP11-111A22.1	-0.647249414484275
RP11-121C2.2	-0.647645958175786
EIF4E	-0.648195302052482
KCTD7	-0.648534918028846
SETD7	-0.648942987156224
RETSAT	-0.649114113093278
TCF4	-0.649768454455203
SETDB2	-0.65003240465604
PSPH	-0.651841108753745
RP11-727F15.9	-0.652079487550286
KDSR	-0.653262859830757
AKAP8L	-0.653277373223539
TDP2	-0.653310809527048
INTS6	-0.653968925442068
CCDC154	-0.654479970774885
ATP9A	-0.655010997026475
RP11-66N24.3	-0.655966761526912
RP11-875O11.1	-0.656401199092332
BANF1	-0.65689108596698
PARL	-0.657039584754662
ZNF624	-0.658486094554354
PPM1G	-0.659225360314239
PBLD	-0.660148125364131
ICT1	-0.66025950204513
SLC39A7	-0.660643478324735
USP30	-0.660929373136375
ACSL3	-0.661033984241688
PPM1D	-0.661385645658982
FAM66E	-0.662810408241292
ZNF132	-0.663685459923935
MEIG1	-0.666124849988834
LOH12CR1	-0.666452921023817
PPP2R3C	-0.666775577194964
ZXDA	-0.667118215065592
CTD-3162L10.1	-0.6671277350903
HOMER2	-0.6671456977954
ACVR1B	-0.667249634623067
MLLT1	-0.668129832313038
RP11-106M3.3	-0.668406084275719
MKRN2	-0.669297220364066
COPS7A	-0.669332563705845
CLDND1	-0.669441345925461
EFHD1	-0.67051095961964
RABEP2	-0.670716650718216
ZNF568	-0.670731709962218
HNRNPUL2-BSCL2	-0.671189877446155
THAP3	-0.671567892474791
ORC2	-0.671722660505273
TOPORS	-0.67176924169934
PINX1	-0.671904889978328
SPIRE2	-0.671938067084439
DNAJC1	-0.672321369178917
SUPT16H	-0.672586483014738
PI4KB	-0.672803668359584
RP11-303E16.7	-0.673686815808649
PHKA2	-0.67510367146316
KLHDC2	-0.675799903453121
ZC3H6	-0.676551384953129
RP11-320M2.1	-0.676657867169962
VTA1	-0.676753770339746
ZC3H10	-0.678558222616281
AKT1S1	-0.680282240996529
UBN2	-0.682235731401091
HIST1H4F	-0.683526617370325
NME9	-0.683649468869628
RAP1A	-0.684012226009996
RP5-821D11.7	-0.686009185305481
C2orf88	-0.686594240134904
MKKS	-0.687605580853945
LRRC69	-0.687786251194723
MECP2	-0.688529420328348
MMADHC	-0.688535643035487
FBXL12	-0.688718082106496
ARHGEF38	-0.689056173424564
NFU1	-0.689256983583512
RP11-677M14.7	-0.689494579158139
CYHR1	-0.689798315470597
SEC13	-0.689842373467674
LCLAT1	-0.689918120894386
RDX	-0.690051592294551
DNTTIP2	-0.690469273759804
DYNC2LI1	-0.692382578965835
PHACTR4	-0.693838188713993
PANK1	-0.694020270986837
CBR1	-0.695455425935041
SCARF2	-0.695668096139509
THADA	-0.695870935552675
BTBD2	-0.69676346049734
NVL	-0.697916004816633
KCNQ5	-0.697919938344297
ZSCAN31	-0.698726987372911
SNRPC	-0.700185856154437
UBLCP1	-0.700187580055685
RXRB	-0.701093564075985
RPUSD1	-0.701478446721858
MAN1A1	-0.701645371226067
RASSF4	-0.701677591327642
CNOT3	-0.70212246702774
LMTK3	-0.702885362539956
ATF6	-0.703192567706691
KDM4A	-0.704068039630802
BAIAP2L2	-0.704140107419846
C9orf91	-0.704197180847435
RP5-1184F4.5	-0.704784756464964
RAD23B	-0.704815151735419
MED10	-0.707593029688868
PAF1	-0.708083870858162
ZNF345	-0.708425202467425
GLOD4	-0.708758343713228
CXXC1	-0.70878436449573
DDX42	-0.708881325578866
ECE2	-0.709353865943082
CLK1	-0.709699109409298
PRRT2	-0.710556399499089
MEF2BNB-MEF2B	-0.711207253949967
TBC1D5	-0.712552220562454
C1RL	-0.714034691496558
ATF7IP	-0.714491291056862
BBX	-0.714564947033764
ZNF492	-0.715271490904073
DHX35	-0.71541113176488
EFCAB14	-0.715573008380855
C18orf8	-0.715779599671138
CLUH	-0.715928302352771
ZNF511	-0.7163727275781
KLHDC4	-0.717548341574828
MIPEP	-0.717716274018273
MIR940	-0.718962374883081
SMN2	-0.719286212855298
BORA	-0.71989744053769
BRSK1	-0.720130130834872
TSSC1	-0.720643024496271
OBSCN	-0.721043220005959
RING1	-0.721488926275843
SLC9A1	-0.722094579117482
NUBP2	-0.723432502612811
AL807752.1	-0.723573779619712
TMEM181	-0.723586968589354
ATAD1	-0.726540577352014
FAAH2	-0.726816458782534
NDUFA5	-0.727256299846828
RBMS2	-0.727752912208303
UNG	-0.728431818640364
ZSCAN16	-0.729671237261909
RAVER1	-0.730871652813698
GLTP	-0.73103531497804
STARD7	-0.732782160873016
RP11-18I14.11	-0.734133515300294
APPL1	-0.734333428910862
DHX30	-0.735054321112452
TMEM187	-0.735342441217859
TMEM168	-0.735711091099739
YY1	-0.735997496375757
STOX1	-0.736403235745052
PPAPDC1B	-0.738372241766519
ZNF853	-0.73848205924503
SEPT10	-0.740620808512934
IL27RA	-0.741753412893861
SLC48A1	-0.743465105192578
ZC3H11A	-0.744017504722189
POLR1D	-0.744461567800744
MT-CO1	-0.744680003700964
PGM3	-0.746778017245593
RP11-119B16.2	-0.748184021184314
GPR63	-0.748680275803244
TREML2	-0.749289503466406
UBQLN4	-0.749548515505754
CD46	-0.749664320243694
BIN3	-0.75005183374292
EIF2B3	-0.750780335285561
KLHL36	-0.750843971333269
BRE	-0.750889115356162
SNRPE	-0.751145869923744
TAMM41	-0.752075505808267
ILKAP	-0.752117951379882
RP11-505K9.1	-0.752376500614512
AC000068.5	-0.753453365155709
PRKAR2A	-0.754150792088201
RHOQ	-0.754828142128658
AC009473.1	-0.755948949818833
NOP58	-0.755953215775673
HDHD1	-0.755982598131085
FAM134C	-0.75814639783874
VAPB	-0.758695409000221
MFSD9	-0.759207544840162
TAF9B	-0.759281126725293
JAGN1	-0.759879375662498
RP11-261C10.3	-0.761068403523542
SLC25A15	-0.761091686916137
INTS10	-0.761533814976722
SLC25A10-1	-0.762095432514578
SLC37A4	-0.762304222091251
C19orf43	-0.762540885353652
AMPD2	-0.76303809242382
KB-1980E6.3	-0.764918826153835
PNMA3	-0.767084416632408
UBR1	-0.767098665781352
ZNF587B	-0.767291289802908
SRRM1	-0.767300111364567
ST20-MTHFS	-0.769235910173935
NEK8	-0.769729633712004
RP11-269F19.2	-0.769974638431483
LINC00649	-0.77000116543062
AL163953.3	-0.771748155752199
C17orf70	-0.771799092161832
ASPSCR1	-0.772550921592709
C16orf70	-0.773902719294893
CLNS1A	-0.776273454273774
HNRNPA1L2	-0.778713048951026
KLHL33	-0.778944739521202
IFRD1	-0.780344996730656
OXCT1	-0.780470500668445
POU2AF1	-0.781409209129934
LRRC20	-0.781483252164609
IQSEC1	-0.781699175920518
TARSL2	-0.782614408762418
MIEF2	-0.783833621869998
USP47	-0.785447461043845
RP1-202O8.3	-0.786538101322341
SLC25A33	-0.786781071130816
NET1	-0.786894352228294
AC010761.8	-0.787098510825258
KRR1	-0.787808693333896
COA4	-0.787874262061162
CYB561D1	-0.788020696956438
TRIM11	-0.788231728551036
BAI2	-0.788697687740088
RP11-258C19.7	-0.78886802635862
TRIT1	-0.789572971619057
RRP12	-0.790426412154026
DBT	-0.790814220566413
BZRAP1	-0.791631376653935
VRK1	-0.791673173142481
RPAP3	-0.792047647163438
RP11-434D9.2	-0.793250245057311
DNMBP	-0.793499345849751
CTD-2126E3.3	-0.793513773018948
TSEN54	-0.793677681059429
LINC01125	-0.794085064307016
VARS2	-0.795033101598697
CRY1	-0.795067344658556
ZNF259	-0.795815001528504
WNT1	-0.795891775118227
C2orf68	-0.797304478942854
C10ORF68	-0.79785443937021
KAT5	-0.798279351104829
RP11-178C3.2	-0.798495131599707
BCL9L	-0.79859311678285
HOXB4	-0.799334712825903
RP11-15A1.7	-0.800117916061805
DLEC1	-0.800186013433144
AGER	-0.801928928025139
RP11-685N3.1	-0.803219334915904
CTD-2035E11.4	-0.803369371392545
VSIG8	-0.803942018935393
HENMT1	-0.803966135974299
C19orf44	-0.804404828308729
RP11-298I3.1	-0.804992441494425
SYS1	-0.805055541596579
TMEM194B	-0.805530990227371
ANP32A	-0.806643592572095
ZNF414	-0.806679546061609
UBE2J2	-0.807313379576977
ORMDL1	-0.807314076414639
DIS3	-0.807611621406863
MAGI3	-0.807860876189272
SPATA2	-0.808174008381667
AC115618.1	-0.808327060899586
ASNS	-0.808364374228652
DUT	-0.80839946689246
SNX3	-0.808845843133745
RP11-166B2.1	-0.809267803505256
DLST	-0.809515752350146
CTD-2015H6.3	-0.810004336883044
DPM3	-0.810434704067192
SLC16A1	-0.810933410824208
RP11-649E7.5	-0.811009041733924
CCDC96	-0.811969937448833
THAP1	-0.813105287965092
ALS2CR12	-0.814062081931384
MORC3	-0.814511434188165
FAM21A	-0.815621101659747
NBAS	-0.815628788116257
PARP10	-0.81613611577137
LRRC47	-0.81808300609269
NUB1	-0.819039814004866
SIL1	-0.819359558168056
MTHFS	-0.819864096200213
ZNF559-ZNF177	-0.821327233998414
DMTF1	-0.821516877651435
RP11-310E22.4	-0.821966041602792
BBIP1	-0.821995384832661
ATP6V0E1	-0.822466241053122
PRIM2	-0.824432997246419
CLIP3	-0.826203488791763
CENPK	-0.828909762959805
MICU1	-0.828986351131951
RP11-600F24.7	-0.829130734177337
IFNGR2	-0.829137962565969
RPPH1	-0.829781855204889
RP11-463O12.3	-0.830717193496269
RPA1	-0.830897584111176
RCE1	-0.831379936342499
PCYOX1L	-0.83234970472475
R3HCC1	-0.834315597036833
LAS1L	-0.834469626242637
TRIM23	-0.834894394658667
CORO6	-0.835573802017016
SLC25A51	-0.8358360705179
DDX47	-0.836075696034657
CTD-3088G3.8	-0.836935744126704
AQR	-0.83701208530599
ZNF576	-0.839223080615515
CEP76	-0.840303154603072
DUSP2	-0.840919177509443
ZNF561	-0.84365581585777
CD37	-0.845833266383751
GPR75-ASB3	-0.845862870377796
USP51	-0.845922643113311
GABBR1	-0.84635685407271
NSUN4	-0.84649548549909
ZNF268	-0.846518055879617
TSN	-0.846927045561675
CLEC2D	-0.847348443067529
PXMP4	-0.847865301424377
SCPEP1	-0.848135402843292
ZNF627	-0.848289528828763
RP3-355L5.4	-0.849323828295447
CTA-445C9.15	-0.851592968803898
KIR2DL2	-0.852063700601675
KANSL1-AS1	-0.852358046700512
MTX3	-0.852504369153337
TIMM10	-0.853199291296392
ALOX15	-0.853375552467201
ZBTB20	-0.85631304827543
STRBP	-0.856476417446859
ZNF2	-0.857275543901069
FAM32A	-0.858895228665601
MRPS24	-0.860443048167392
AF131215.5	-0.860623369077903
RP11-359B12.2	-0.861542953646845
CHMP7	-0.861941785199354
BEST4	-0.862056132046842
NIPAL3	-0.862294833857662
RRAGB	-0.8628510145515
FH	-0.862873459551281
RHBDF2	-0.862885464589529
CTC-250I14.6	-0.863121361595062
ALG6	-0.863290399086661
ZNF252P-AS1	-0.863534936622412
MED29	-0.863796118256311
RP13-401N8.1	-0.864007835846675
AARS	-0.864519948810282
BTRC	-0.865628336976353
RP1-101K10.6	-0.866973767580038
RP11-420G6.4	-0.867687532380681
KDELR2	-0.869071349845448
TMPPE	-0.869885784831836
ZNF696	-0.870452638501349
CTB-50L17.16	-0.871553300295893
RP11-327F22.2	-0.872193334019337
CAPN10-AS1	-0.872617982045515
PNPLA2	-0.872914133899359
RP11-798G7.5	-0.87314328131208
CTC-232P5.1	-0.873363049838001
GIMAP4	-0.874156762457425
RP5-991G20.1	-0.87503614501575
WHSC1L1	-0.875065913549061
C1orf27	-0.875092516498942
SPRY2	-0.87558168981142
PABPC4	-0.876397414284961
MIR3654	-0.8780653061209
ZNF468	-0.88028076415406
RBMS1	-0.880658142924955
TMED10	-0.881367690754876
NTPCR	-0.881404471096648
TMEM160	-0.881717087378149
CTB-58E17.1	-0.882415712380663
FAM24B	-0.882459941151082
MPV17	-0.882609001577321
ZNF689	-0.882653346234959
JAK2	-0.882809531799417
FTSJ3	-0.88442958077369
LINGO3	-0.884693814839458
LRRC27	-0.885012490999015
ZNF599	-0.885345076369826
NDC1	-0.886353694170806
MDP1	-0.887012074063783
ST20	-0.889106618895335
VBP1	-0.890609730889669
ZCCHC17	-0.891028649275702
RP3-441A12.1	-0.891380918372786
SLC39A11	-0.891674239900834
C16orf13	-0.891772915377319
E2F3	-0.891891639072338
NFYB	-0.891953960473683
LRFN3	-0.892292304023682
BCAP31	-0.892583451178512
NDUFA2	-0.893069699629908
TMEM216	-0.894037355739231
ALKBH4	-0.895600105146795
PPFIA3	-0.896149910544038
LINC00954	-0.896507414087312
COPS6	-0.896919026110034
DHX29	-0.897543968419006
CAMTA1	-0.897551366486604
EMC1	-0.898317649155747
DUSP28	-0.898767815308276
SIRPB1	-0.899172317716897
DNAJB1	-0.899182707886856
DMXL2	-0.899478299751635
AP001058.3	-0.899559879398026
KLHL34	-0.899665132411725
AP006621.5	-0.900457082824573
ZNF439	-0.900486584919533
CD52	-0.900537517266625
ZNF506	-0.90095520070603
SIAE	-0.901003184702681
PRR4	-0.901239730809246
CHERP	-0.903111486960072
C1orf145	-0.904471974802518
KIAA0196	-0.904682155406992
NAA30	-0.905666717719107
CTNNB1	-0.908203564183233
ERCC3	-0.908941375331236
RP11-154J22.1	-0.909420654408802
ZNF131	-0.909904604326022
MIR3615	-0.910217395991067
TTI2	-0.910772830353105
LARP4	-0.911364720869852
CTC-428H11.2	-0.911630410509214
KCNQ1OT1	-0.911673920978146
PGM2	-0.914100659877052
MEPCE	-0.914242852225156
ENTPD4	-0.914746409579421
HYI	-0.915045283098386
RP11-196G18.23	-0.915149005845294
ZGPAT	-0.915309535586437
RP5-1112D6.8	-0.915992919414659
ZNF564	-0.916546116528266
FNTB	-0.916895277823826
FRS2	-0.917968851027368
NDST2	-0.91818007666626
ZNF354B	-0.919043911875925
MAN2C1	-0.919147600610213
ECHDC2	-0.919361089733344
FAM156B	-0.919414794835964
MBTPS2	-0.919728246629942
NR1D2	-0.920231979454959
MALSU1	-0.921100349437037
MBOAT1	-0.921135399392137
DSCR9	-0.921931701270441
RP11-780K2.1	-0.922284293276328
PPCS	-0.922706741050737
MSL2	-0.922789953455653
FLJ00104	-0.922847629626003
HAUS6	-0.922849704532515
TRIM56	-0.922987157701977
AC007365.3	-0.923514919161158
CUL2	-0.923601063762591
TIAL1	-0.924049192650675
LILRA1	-0.924458910981554
PRDM5	-0.924842390269653
BCAS3	-0.92556125689204
U2SURP	-0.925631385311746
RP11-434H6.7	-0.92568744878336
VMAC	-0.926476730967973
EXOSC7	-0.926754200675848
DNASE1L2	-0.927690339464282
CCNL2	-0.929324137685273
TSFM	-0.929378655337734
TAF5	-0.930657775191499
TIMM13	-0.930781789479848
LY86	-0.93083301248032
UTP20	-0.93100398499193
SDCBP2-AS1	-0.931388907856932
CCR7	-0.932167790530656
RP3-467L1.4	-0.932280087658079
MYNN	-0.93304583988277
ABI3	-0.933868217504038
RP11-166P13.3	-0.934717790127391
RP1-239B22.5	-0.935322057016201
TXNDC12	-0.935677855691107
RP1-28O10.1	-0.935744177949183
TTBK2	-0.936087682146389
LINC00504	-0.936237623087703
DAPK1	-0.936621366499541
APEX2	-0.93801697303559
RP5-1157M23.2	-0.938250381293865
ADCK5	-0.93842736288234
RP11-950C14.7	-0.938927360552763
NOXA1	-0.940870404351501
STK33	-0.94112839587132
PM20D1	-0.941505336870617
FAM53C	-0.9420205957645
ACBD6	-0.942083575427159
MOV10	-0.942892740197612
RP11-867G23.8	-0.943628435615804
CPSF4	-0.944708240684714
NFX1	-0.945018657125321
SPATA5	-0.945063425557601
BRAF	-0.946805561728802
SPICE1	-0.947675710383364
LYPLA2	-0.948072225515766
RP11-773D16.1	-0.948150241403205
ZSCAN29	-0.948285505682224
SH3BGRL	-0.948596928334847
GADD45GIP1	-0.948633443235417
DNAJC14	-0.948664046684184
PIGF	-0.948916011633222
RUVBL2	-0.949255584615875
CCDC120	-0.949942599586534
ADAM15	-0.950538242311463
PTPRO	-0.952476566499632
RPN1	-0.952750145425975
BX088651.1	-0.953039657554587
C6orf163	-0.953384395187452
C19orf52	-0.953778696765489
PTGES3	-0.954243199101111
NKRF	-0.954313292225508
CTC1	-0.954813504957125
KLRC2	-0.955175847818234
DENND4B	-0.956093831217404
LINC00936	-0.956592748198756
P2RX6	-0.956944235117266
PEX5	-0.957283772766615
JHDM1D-AS1	-0.957600534072785
SKP2	-0.957971919375259
MRI1	-0.95964013439882
USP14	-0.960268595671042
C1orf86	-0.960430800672936
RFC4	-0.960524050664282
LGALS4	-0.961565240478198
SLC25A5	-0.961568522068502
NFIL3	-0.962297141917836
PLCG1	-0.9626363223773
ERLIN2	-0.962894870871712
FAM89A	-0.963025753705527
PICK1	-0.96320049465086
THOC6	-0.964061112020354
RP11-802O23.3	-0.965114611642043
CMSS1	-0.96710125558317
MRP63	-0.967484028340123
TMEM101	-0.967701547157573
ZNF609	-0.967768318572698
NOD1	-0.96824081774673
SWT1	-0.968996558456602
PIGN	-0.9690705858231
IRGM	-0.969789516883362
SRSF7	-0.970847121581285
ATP5L	-0.972054018847005
C8orf44	-0.972200691910227
FOXRED2	-0.972331613377897
CEP57	-0.972760847790534
KBTBD11	-0.973171732431029
LINC00384	-0.973529516821745
TTC23	-0.97466302054163
ZNF135	-0.975261729651554
CYCS	-0.975825603583531
TEC	-0.976269186799972
CDIP1	-0.976424856227891
HARBI1	-0.976610577271468
DHX36	-0.976622613112635
SPESP1	-0.977285294982842
SETD5-AS1	-0.977326798986868
PCSK7	-0.977336708738279
ALKBH8	-0.977441697553431
C14orf28	-0.978254876592173
LPXN	-0.97937842272704
NR2C1	-0.979831645099425
CCDC18	-0.98016232040025
DDT	-0.9816717197285
MZT1	-0.981862177084451
TM2D3	-0.983009143756722
LINC01135	-0.983437060185284
RP11-288H12.4	-0.984999883733993
SLCO3A1	-0.985494025333825
LINC00847	-0.98577903943128
SFSWAP	-0.986206540399512
ZNF415	-0.986517427703971
IRF1	-0.987356353859807
RP11-17A1.3	-0.988224266119275
PTPRM	-0.988346270051751
TMA7	-0.989675262898318
FIGNL1	-0.989886722105816
RP11-384K6.6	-0.990556500939845
TTLL11	-0.99263930816827
SLC19A2	-0.993102770173221
SCAMP5	-0.994319332061035
STXBP4	-0.994933813055414
TFR2	-0.995346409611945
GLE1	-0.996065023385507
TSC22D2	-0.996459663575648
BIVM	-0.999504636241205
LIPE-AS1	-1.00025320829295
AF196972.9	-1.00100086525958
ACADS	-1.00307931753006
SRP19	-1.00309010143532
EEFSEC	-1.00357651730253
PDSS2	-1.00537504301505
RTTN	-1.00539986197647
GPR171	-1.00670315659164
CECR5-AS1	-1.00732078319938
RP4-635E18.8	-1.00760967690925
SEC24B	-1.00889448696578
SRSF3	-1.00977607749928
ZNF420	-1.01114389027568
PPFIBP1	-1.01128853545318
IREB2	-1.01164121577532
DHX33	-1.01331357920409
NUCKS1	-1.01336538895774
TRAF6	-1.01343741533068
MTMR4	-1.01436440701975
TLCD2	-1.01459568338601
PC	-1.0147114937854
FXYD1	-1.0148408029391
Z83851.3	-1.0152051273531
BTG2	-1.01533676240779
SEPW1	-1.01576010114298
WDR46	-1.01586882972011
SLC7A6	-1.0172168289298
POLR3F	-1.01726537976115
ST3GAL4	-1.01738602801571
ZNF775	-1.01751504564365
UNC119B	-1.01761272669273
RNF167	-1.02134651502514
HSPH1	-1.02141437861171
POLDIP2	-1.02204840634262
RP11-849H4.2	-1.02262394932794
MON1A	-1.02328472342331
EXOC6B	-1.02452019287688
APBB3	-1.02498358230418
RP11-46F15.2	-1.02607878405414
RP11-73O6.3	-1.0265376627195
SLC5A10	-1.02693913142341
OCLN	-1.02711972735499
INTS5	-1.02717657017427
TMEM126A	-1.02761145411016
CCDC7	-1.02792820137317
GPR89A	-1.02874936085379
COQ6	-1.02931231114971
PRDX6	-1.02999387765382
RP11-159D12.2	-1.03071273158003
BANP	-1.0316704203013
WDSUB1	-1.03190675975651
WDR78	-1.03214802744368
JMJD7-PLA2G4B	-1.03217589985889
MON2	-1.03226745514315
NSRP1	-1.03351801568176
C20orf27	-1.03383831521794
SUN3	-1.03436856895908
LINC00852	-1.03459300614514
GFER	-1.03460991269931
SNX6	-1.03465167983583
C20orf24	-1.03477199323327
FOS	-1.03527662898772
RRP15	-1.0355143082561
UBE4B	-1.03594141366163
ZMYND11	-1.03603612736648
ZNF639	-1.03694621497613
TVP23B	-1.03764197945085
TTC28	-1.03825242104494
TMX2	-1.03846567797668
NPL	-1.0387214047921
ASB6	-1.03986535810821
MDH1	-1.04080664940475
RP11-277L2.4	-1.0410853016502
SET	-1.04183334837654
BCS1L	-1.04187589128118
RAB11FIP2	-1.04207119773189
RP11-1079K10.4	-1.04334296881004
WSCD1	-1.04396217323943
CCNT2-AS1	-1.04419559385234
RP11-260M2.1	-1.04437634196102
RWDD1	-1.045484385693
TTC9C	-1.04553543487617
UFM1	-1.04556107165328
NEURL2	-1.04629664842708
ADAT1	-1.04679813283661
RP1-225E12.2	-1.04803640199159
HSPA6	-1.04844768013828
ZNF594	-1.04850721437695
SCAMP4	-1.04858771889841
AL627171.2	-1.04882495634369
GIMAP7	-1.0499881317664
CCDC174	-1.05044065412073
RAB3A	-1.05063798306126
UBE2D1	-1.05163052666725
GSE1	-1.05192661079247
DPY19L4	-1.05251148551102
PDK2	-1.05315478831922
CNOT10	-1.05383601965998
CPD	-1.05430460700672
MBIP	-1.05432524049957
ACRBP	-1.05684419582699
C15orf40	-1.05723210562278
RP11-475I24.3	-1.05755395646594
B2M	-1.05792189490316
SLC5A2	-1.05819846379908
RP11-313P13.5	-1.05849518676767
HEATR1	-1.05900646716644
LSM6	-1.0595605437046
AC004906.3	-1.05964241100668
CEP44	-1.06069175652756
RP11-85G18.6	-1.06184178380649
SYVN1	-1.06191726909435
SUMF1	-1.06196515420302
RP11-393I2.4	-1.06240883150953
ZFP37	-1.06264755855056
ZNF841	-1.06338926453756
EPN1	-1.06338973090149
POU2F2	-1.06410528975042
XXbac-BPGBPG55C20.2	-1.06431089226435
WIBG	-1.06510616142762
IRF8	-1.0651706203173
TPK1	-1.06614456185317
EEA1	-1.0667374748264
GPR160	-1.06713832027438
TAPSAR1	-1.06789716703408
ZNF185	-1.06835544735742
CSTF2T	-1.06843054121002
CCDC134	-1.0691750125217
EIF1	-1.07062519597252
ZNF500	-1.07106453907181
GTPBP4	-1.07161456093232
ZNF84	-1.07171212304058
GTF2E2	-1.07172405635959
BTF3L4	-1.07251607802536
SNTB1	-1.07347793963948
SMARCC2	-1.07369379072005
PER3	-1.0737730868345
PPP1R3E	-1.07601528990324
EFEMP2	-1.07627891249378
NCBP1	-1.07637374980785
MPZL2	-1.07641958765328
CENPBD1	-1.07645359617849
PTRH2	-1.0769154337739
AC138517.1	-1.07731160067413
NCSTN	-1.07764554962256
CTC-329D1.2	-1.07769071088864
LINC00565	-1.07830862970442
PPP1R2	-1.07945074953272
RNF26	-1.07986104787222
PECR	-1.0803625077027
KIAA1147	-1.08070555501285
MRPS15	-1.08130653047484
PIGW	-1.08203042356735
TBRG1	-1.08212364324123
BRCC3	-1.08272303112505
ANAPC16	-1.08303617634135
KCTD13	-1.08310485025395
PCBP3	-1.08355682671413
MFSD3	-1.08508992586181
MZT2B	-1.085477766533
GATC	-1.0858791148497
PDLIM2	-1.08670075842422
ZNF7	-1.08695602395771
GLI4	-1.08828281697248
RP11-573D15.9	-1.08931175236789
AC093388.3	-1.08945589087104
ZDHHC24	-1.09049799338176
ZNF514	-1.0913443931282
TPT1-AS1	-1.09182504375296
RP1-39G22.7	-1.09184427501552
TTLL1	-1.09189103452714
SDHAF2	-1.09284044071248
RP11-391M1.4	-1.09359062860838
LTV1	-1.09480632005383
RP11-457M11.5	-1.09579757925758
RP11-387D10.2	-1.09635652854614
CREB3L2	-1.09662235861236
DAK	-1.09669218356037
RIC8B	-1.09710413091831
GPN3	-1.0974310333968
NTNG2	-1.09774503227616
MRPL16	-1.09787486867856
NFKBIA	-1.09840695840592
CTD-2023M8.1	-1.09890546228074
SLC38A6	-1.09933728925049
HARS	-1.09947235591981
MRPL50	-1.0998205027248
RP11-218E20.3	-1.10044148924635
RP5-1159O4.1	-1.1006529782773
GTF3C3	-1.10084239880388
GORAB	-1.10332820678032
SF3B5	-1.10389716442491
ATG10	-1.10400309017901
ID3	-1.10438502678004
SRP9	-1.10509250950937
C16orf86	-1.10550738499468
CTC-550B14.7	-1.10803051394921
CTD-2528L19.6	-1.10857842229449
CTIF	-1.10859629603448
DHRS4L2	-1.1086841740765
RP11-215P8.3	-1.10942364878449
SLC35A3	-1.11022164276169
WNT2B	-1.11039990538239
NUTM2A-AS1	-1.11100226007599
RP11-509J21.1	-1.11146562100683
GTF2F2	-1.11152576289324
RP11-324I22.4	-1.11162752344574
EFHD2	-1.11185256323849
RP11-22N19.2	-1.11200145572005
C19orf24	-1.11240303844705
RP11-1114A5.4	-1.11354018589742
RP11-727F15.11	-1.11447829148927
RRP1	-1.11469793320169
SNAI3-AS1	-1.11560599234387
IDE	-1.11583921834778
CTD-2619J13.14	-1.11605670740272
SCARNA2	-1.11698407003458
CCDC51	-1.1175486245409
PPAN	-1.11772692616632
PPARGC1B	-1.1182467169457
HSF2	-1.11830531906904
ZNF274	-1.11939532389252
RP1-1J6.2	-1.11980377716147
OXNAD1	-1.12006832790169
RNASEL	-1.12084235980028
ANKAR	-1.12176678874261
ACAD11	-1.12207232752857
KRT18	-1.12308595260133
C6orf132	-1.12438272757846
TTC30B	-1.12443701622266
CTD-2537I9.12	-1.12552141833369
NBR1	-1.12688899145359
ZNF121	-1.12726023599033
PLXDC2	-1.12799763586504
IPO7	-1.12821940399707
RP11-869B15.1	-1.12851886467948
KIF5C	-1.12939781439059
NDUFA10	-1.12958133315201
FASTKD5	-1.13039985280264
RBMS3	-1.13065198099194
PLGRKT	-1.13092116552677
TMEM70	-1.13154323112889
CTD-2256P15.2	-1.13216817878621
CYP4F35P	-1.13236464172573
PEX26	-1.13262838208329
ZNF567	-1.13298173984843
DDX49	-1.13334007207811
MRPL19	-1.13493110576032
SIGMAR1	-1.13558338025306
PSMD3	-1.13579141527328
RP11-307E17.8	-1.13606781473926
C16orf54	-1.13667590622627
PKIB	-1.13688182144377
PSD	-1.13766860706502
SNRNP70	-1.13877490727043
ZNF322	-1.13898364667025
GJB6	-1.14108838308188
RP11-930P14.2	-1.14264032594632
ARVCF	-1.14347328246927
CMTR2	-1.14380009303273
ZNF81	-1.14398963767975
NDUFA12	-1.14407850110985
ZNF460	-1.14429522168246
LINC00299	-1.14500261452915
GLIPR1L2	-1.1453913688801
EPC2	-1.14548857657371
POLA2	-1.14554389533113
SNX13	-1.14586195447341
ZNF614	-1.14591066222106
DBNL	-1.14603454805848
RAE1	-1.14815266534163
RP11-545I5.3	-1.14852061112472
RNF20	-1.1489034191432
SPCS2	-1.1489593058957
ATRAID	-1.15021382416368
POLR2J3	-1.15234462844102
ZNF525	-1.15276049476523
HOMEZ	-1.15289929285501
RP11-498C9.2	-1.1537678785431
PXN-AS1	-1.15398301015774
AC092159.2	-1.15426916221525
CTD-2192J16.22	-1.15495978569157
C5	-1.15636791011169
CHCHD6	-1.15668695547851
WDR45	-1.15702100305227
ZBTB14	-1.15721437438406
AL133245.2	-1.15868125172353
ARMC1	-1.15910757378456
AC107081.5	-1.16012403142735
HIST1H2BE	-1.1611340511918
AC005003.1	-1.16216955665794
RP11-782C8.1	-1.1622573226532
TAF1D	-1.16241181165635
ZNF419	-1.16336712573582
ABHD3	-1.16546363383725
RP11-932O9.7	-1.1665725730096
MRPS16	-1.16692006349703
C12orf76	-1.16694276864124
HSF1	-1.16717726284886
DUSP7	-1.16981076455862
FLYWCH1	-1.16994121656799
EPB42	-1.17006692519896
CD69	-1.17022172060837
RP11-504P24.4	-1.17169272240745
RPP14	-1.17267230101868
ALG10B	-1.17267691926571
TTC22	-1.17273515788402
ARIH2	-1.1727687314098
ZNF418	-1.17292844499057
SCYL3	-1.1741435408967
KIFC3	-1.17448454962233
RP11-388M20.6	-1.1764529679399
KDM4A-AS1	-1.17655664184883
SRFBP1	-1.17656067851003
SLC37A1	-1.17658647656252
RP11-644F5.11	-1.17677395831358
SPIB	-1.17790728287189
CCND1	-1.17827087803908
RP11-395I6.2	-1.1783094033089
COPS7B	-1.17927930060793
SLC3A1	-1.18028498679237
GEMIN2	-1.18062068313774
LL22NC03-2H8.5	-1.18128517662483
CIAO1	-1.18150715341701
DPY19L2	-1.1823349407688
WNT11	-1.18278010934638
PRKRIP1	-1.18288697295701
GAS6	-1.18349311508353
NOL7	-1.18367292767046
QPCTL	-1.18393262495134
SPCS3	-1.18444264973961
CTC-523E23.4	-1.18455300834731
IRS1	-1.18532170494726
COL11A2	-1.18539049027122
VRK3	-1.18539144728534
FANCM	-1.18563654278154
TGOLN2	-1.18571766303106
SLC22A5	-1.18600559196704
SESN3	-1.18631605192848
RP11-337C18.8	-1.18714231636922
ZNF175	-1.18720244791152
NLN	-1.19023048823659
FAM9C	-1.19037231590811
TMEM55B	-1.19085370136634
GFM2	-1.19134274502202
PSMD4	-1.19207254750648
ANGEL1	-1.19241724440335
CLDN7	-1.19286931449901
C1orf131	-1.19324212758802
IL15RA	-1.1934815300479
ZKSCAN8	-1.19392098006573
FAM206A	-1.19472147199546
POLR2F	-1.19478124068448
EIF4G2	-1.1951750842099
IDH3G	-1.19544758582943
FKTN	-1.19641890798336
HSCB	-1.19727709219871
GOLPH3	-1.19744807293396
TBC1D24	-1.19758785958482
ATXN7L2	-1.19839149141979
AEBP2	-1.19971972277668
RAB23	-1.20020640442083
MRPS34	-1.20049138973114
ICAM3	-1.20285266794857
HEXA	-1.20293866703716
RP11-640M9.1	-1.20294461760269
RP11-367J11.3	-1.20315672999393
ENTPD6	-1.20360286977498
ZSWIM3	-1.20483401355445
RP11-206L10.9	-1.20562897625943
RP11-277L2.3	-1.20569537636978
RIOK1	-1.2058708667671
MDC1-AS1	-1.20759263295198
CHORDC1	-1.20763251394389
IPMK	-1.20799866012549
BCL11A	-1.20801551613892
ETNK2	-1.20866422886036
SIPA1L3	-1.20877758925824
ZNF691	-1.20903688984606
RP11-91A18.4	-1.21024787044993
RP11-343H19.1	-1.21096267720267
UXT-AS1	-1.21126037734296
MTF2	-1.2123124074377
DYNLL2	-1.21236050307251
NRROS	-1.21309214494328
RP11-417J8.3	-1.21321318305136
NUP214	-1.21509147087274
POLB	-1.21577736295068
HIST1H4J	-1.21794404550972
NFYC	-1.21847070902867
ARFRP1	-1.21929544231198
RYK	-1.22064101476312
TDRD12	-1.22083786351766
RTN4RL2	-1.22101376920127
RP11-262H14.3	-1.22149362570843
SCOC	-1.22315887570307
MTMR7	-1.22371523053258
RP11-392P7.6	-1.22377980778316
OVCA2	-1.22403111824166
ABHD14A	-1.22412671817901
H2AFY2	-1.22466105038011
THYN1	-1.22524678133916
LIPC	-1.22544313844092
ALDH1B1	-1.22557327045662
KIAA1875	-1.22612858193447
RP11-266L9.5	-1.22614554251231
UBE2H	-1.22642710480815
ZNF232	-1.2277354380178
GPR113	-1.22792612113073
CLPB	-1.22918064572825
RNF11	-1.22955663111979
RP4-612B15.3	-1.23004534966562
PSMD6-AS2	-1.23063688564174
CPNE3	-1.2306921034404
ANKRD13B	-1.23223532054792
RASSF3	-1.23245942503389
C3orf35	-1.23275832403502
PAXBP1-AS1	-1.23324957627275
RP11-815J21.2	-1.23376948879519
C12orf65	-1.23440137738836
MKRN3	-1.23455368679926
RPS6KA5	-1.23575699621391
UBE2D4	-1.23681348725032
FBXW5	-1.23706064052614
OSGEPL1-AS1	-1.23801435792887
APOL2	-1.23872975342546
RP11-203B9.4	-1.23887405805273
DIMT1	-1.23923708834579
AC010894.3	-1.23980630251512
ROBO3	-1.2404659130143
CTD-3131K8.2	-1.2411407790382
GZMM	-1.24130876176041
ZNF430	-1.2426954750242
AC008753.6	-1.24332062263162
GPR27	-1.24360044463482
RP5-1073O3.2	-1.24533415567213
UTP18	-1.24570351570378
FAM207A	-1.24577538900155
CCDC94	-1.24657740781074
WDR24	-1.24670370948549
GMPPA	-1.2473273089609
LINC00167	-1.24749087117196
CTD-2135D7.2	-1.24788119405143
RP11-73M7.9	-1.24835492272166
AL139099.1	-1.24856638556189
UPF3A	-1.24873683763435
SBDS	-1.25012616280075
DFNB59	-1.25165325716681
HIST1H2BO	-1.25198307127467
TMEM41B	-1.25332452694518
PRRC1	-1.25410252160121
RNF115	-1.25491353898999
HNRNPU	-1.25592001380637
PPP1R35	-1.2559674184144
GGPS1	-1.25648469332867
RP11-156E8.1	-1.257048624572
DKFZP761J1410	-1.2584974213433
ENC1	-1.26066397358505
ZNF541	-1.26173777702475
DNAJC11	-1.26202640811496
MCEE	-1.26297340813366
SDHA	-1.26362517308812
AC105053.4	-1.2640180874267
GNAI1	-1.26444807535781
RP11-295P9.3	-1.2653188262833
C17orf107	-1.26683719315959
HS6ST1	-1.26726643157904
PARD6B	-1.26760351912818
GCFC2	-1.26766992005071
CHURC1	-1.26772145972444
RP11-532F6.3	-1.26820332389868
SEPT4	-1.26825425824015
GS1-279B7.2	-1.27081911812259
RREB1	-1.27103018307708
MAP9	-1.2714957579029
LOXL1-AS1	-1.27158239848861
ACAA2	-1.27201289977558
FSIP1	-1.27289229244342
CEP72	-1.27294311481121
PPIAL4G	-1.27304282567527
ZKSCAN3	-1.27361312432813
ZFR	-1.27410067531723
DPH7	-1.27422967274461
ACKR3	-1.27431304864052
RHOT1	-1.27470279485434
C8orf44-SGK3	-1.27559929395721
PKD2L2	-1.27640347550192
ORC3	-1.27646073202183
PEX12	-1.2772506057899
CERS6	-1.27733472945705
SLC30A9	-1.27742392491943
FAM109A	-1.27771006460773
RP11-327F22.1	-1.27811478349338
CECR7	-1.27829083587622
PAM16	-1.2783072238928
SCO1	-1.27879648654488
TKT	-1.27928936513731
ANKRD42	-1.27956661952043
WDR52	-1.28015446121145
MT-ND2	-1.2804604157419
PMPCA	-1.28070515453386
ZBTB1	-1.28130482117977
STYX	-1.28194208943329
TMEM254-AS1	-1.2819903434037
NSD1	-1.28272805112554
GABPA	-1.28772165315612
TATDN3	-1.28815352245563
NHLRC1	-1.28852016147623
RP11-336K24.12	-1.28876388379697
GUF1	-1.28878457392147
RP11-436I24.1	-1.28902950343546
RP11-342M1.3	-1.28914390388192
POLG2	-1.29030454025096
ENGASE	-1.29176261310541
RTN4R	-1.29334654195827
OPRL1	-1.29346726085497
IGHMBP2	-1.29420184869455
UST	-1.29504611511796
IL2	-1.29508198806237
HYOU1	-1.29513762193459
VPS37B	-1.29542649152597
PAAF1	-1.2979594681105
GNPTAB	-1.29822984848477
RP4-758J24.5	-1.29883257586983
FANCB	-1.29914038171002
RAD51C	-1.30046861381364
COG8	-1.30073533892229
PAGE5	-1.30112836022638
KPNB1	-1.30131744392271
UBXN1	-1.30195650742513
RP11-326C3.2	-1.30219035057012
ZNF208	-1.30263680877595
RP11-484D2.2	-1.30266106589162
RECK	-1.30284809730384
BTAF1	-1.30348623811797
TBCCD1	-1.30368068432738
METTL22	-1.30461765989632
GTF2H2	-1.30493848318143
MTIF3	-1.30518274335017
ZNF273	-1.30525091020272
C20orf112	-1.30547789300351
RP1-178F15.4	-1.3062354104036
MTR	-1.30646624396293
RND1	-1.3068942290566
VPS37A	-1.30738522665608
COX18	-1.30745241400898
AC099850.1	-1.30845930293956
RP11-1079K10.3	-1.30871225391205
TUSC2	-1.30982495280513
NSF	-1.31192608298586
STOML1	-1.31209123945262
SBK1	-1.31243706568719
RNF122	-1.31428203834798
RP11-559M23.1	-1.31513829621227
HIST2H4A	-1.31537424650369
CLDN12	-1.31560529996584
PEX16	-1.31597729582868
KCTD18	-1.31603451243253
LRP2BP	-1.31645152357106
TSPYL4	-1.31713812034165
CDKN1B	-1.31723246359176
RP11-259K5.2	-1.31824335401729
NOMO2	-1.31856478712525
NPR2	-1.32029972678643
TRMT2A	-1.32037130622899
SELP	-1.32111311114035
FAM111A	-1.32173635471093
PTGDS	-1.32231835651479
C19orf53	-1.32389678093734
SSR4	-1.32598740096156
DUSP12	-1.3262241462594
RP11-98D18.9	-1.32648884116998
NOL12	-1.32675448750813
PIM1	-1.32751609725067
NXF1	-1.32768460140883
SAFB	-1.3279852383002
GTF2A2	-1.32887376871017
TRAM1	-1.32891641347965
TSSK6	-1.32905614127758
HADHA	-1.33090360659847
KDM1A	-1.33139178800085
PAQR6	-1.33150957273464
CCDC122	-1.33313329493479
ATP6AP1L	-1.33552423649456
WDR60	-1.33667085450515
CTD-2368P22.1	-1.33705064657318
TM4SF19-AS1	-1.33729848273677
KIAA0907	-1.33835044754791
EIF5AL1	-1.33860161262747
LINC00865	-1.33923773966363
RP11-47I22.2	-1.33930139021354
CTD-2369P2.5	-1.34004984411401
MIEN1	-1.34012945671376
ATAT1	-1.3403716088685
WDR70	-1.34071704879485
C14orf178	-1.34082278663038
CYP3A5	-1.34139193759913
NUP54	-1.34274517515988
CLYBL	-1.34329492737192
C19orf48	-1.34428289828387
B9D1	-1.34428425252344
FBXO15	-1.34456858771869
SLC25A40	-1.34562773938916
FAM120AOS	-1.3460217941347
RUFY2	-1.34609487888839
GSTCD	-1.34853547860277
TMEM2	-1.34859465441301
CTD-2134P3.1	-1.34929209584209
TOR2A	-1.35019171936585
G2E3	-1.35066619065971
DCTN4	-1.35076014232712
UCK1	-1.3518958672495
PTOV1-AS1	-1.35286534164095
SLC25A32	-1.35440188490246
BEND4	-1.35443002535667
AC018755.1	-1.35484201209763
ING3	-1.35501099755797
RP11-553L6.5	-1.35533309891534
BOLA1	-1.35542465318821
PDCD4	-1.35570749022891
AC108488.4	-1.35632308074962
RP11-57G10.8	-1.35737895363296
TTI1	-1.35744068099055
ITFG1	-1.35791243962772
ISM1	-1.35799630879726
CNDP2	-1.35820970533407
DPH1	-1.35906133129386
PEX1	-1.35972284707747
RAB33B	-1.36147093239138
MUTYH	-1.36180310662138
TOPORS-AS1	-1.36267163084098
EMC8	-1.36348520106742
RP11-191L17.1	-1.36421946511676
RPP38	-1.36549651403671
C1orf50	-1.3656197093456
ZNF571	-1.36600034005732
ZNF286B	-1.36729767431673
PTP4A1	-1.36764284212978
DDX39A	-1.36778469784097
KAT7	-1.36799063874611
FBXW8	-1.36844459897047
HIST1H2BI	-1.3691366571863
STRADA	-1.36981100832964
RP11-258F1.1	-1.37066220589785
TMEM39B	-1.37083366365116
THAP9-AS1	-1.37200659375065
FGD6	-1.37417040557059
TCTA	-1.37421831760952
PHF21A	-1.3745208137943
EPB41L5	-1.37469347741061
C5orf45	-1.37574754488664
PTRHD1	-1.37616141429758
PKN2	-1.37749021288699
BLOC1S4	-1.37806453653974
SLC12A6	-1.37825306680061
RP5-1125A11.1	-1.37873784109718
ZNF573	-1.3790590713208
CUEDC2	-1.37921762988965
LACE1	-1.38023297126411
ATP5D	-1.38280187318138
PRKDC	-1.38300970455352
RBBP6	-1.38448507017988
SETD6	-1.38473570529362
GAA	-1.38710432733483
ZNF879	-1.3874371270852
C17orf80	-1.38886045258968
UBAP1	-1.38963681356126
ZNF77	-1.39018690436995
ABCD3	-1.39042024493822
LRRC61	-1.39096085847062
PLEKHM3	-1.39117129253329
MRPL18	-1.39224897580165
PUS1	-1.392437620057
AC091633.3	-1.39452831791236
PYGM	-1.39517269488538
VAMP7	-1.39647490497249
ATP6V1H	-1.39649433817982
RBBP5	-1.39719835524559
KIAA1467	-1.39734204565402
METTL2B	-1.39822896512612
RPS6KA2	-1.39848878977196
SPATA7	-1.39898547626342
CCDC85B	-1.39934186168904
TMEM128	-1.39975018780967
CCNG2	-1.40036851317768
SAT1	-1.40051993360526
ERCC6L2	-1.40166171732441
UBE2E2	-1.4017572374407
RP11-540A21.2	-1.40273691486263
ETS2	-1.40360805102154
IL12A	-1.40402360048723
RP11-315I20.1	-1.40572598420928
STYXL1	-1.40573362995274
MRPL2	-1.40699562138364
CTC-378H22.1	-1.40944984196842
PHAX	-1.40966527443727
ZFP1	-1.4098992275854
EIF3A	-1.41044513464369
DSTN	-1.41064232400566
SKIV2L2	-1.41156019436856
DKK3	-1.41165874952046
RP3-395M20.9	-1.41203170038546
RP11-566E18.3	-1.41206268148344
C12orf29	-1.41232285768361
L3MBTL2	-1.41263291623884
HMGN3-AS1	-1.41265022513131
C1orf228	-1.41279957243787
RP11-574F21.2	-1.41288262717865
CHD1L	-1.4139131854475
TRAFD1	-1.41448882645171
ZXDB	-1.41465469834427
TSHZ3	-1.41469221172836
CEP41	-1.41470870028139
TMEM39A	-1.41474634984295
RP11-273G15.2	-1.41508315427641
HMGXB3	-1.4152464191531
NCAPD2	-1.41661568743376
SLC25A38	-1.41666831250409
TTC21B	-1.41700314114338
DDX19A	-1.4177862398058
WDR53	-1.41909995477073
CTA-445C9.14	-1.41957414169508
BCL2L13	-1.42007328737817
HKR1	-1.42065790183677
SMYD5	-1.42071063363941
RP4-620F22.2	-1.42136249659341
MBNL1	-1.42174918697676
CTAGE5	-1.42181728572837
AP001412.1	-1.42191956436411
ABCF3	-1.42262327341624
IPO8	-1.4227289547075
NOP16	-1.42317651301618
PAIP1	-1.42336519496772
NOTCH4	-1.42419072059707
ATE1-AS1	-1.42531264226961
THOC1	-1.42649898293353
RP5-882C2.2	-1.42722430628593
NRTN	-1.42758214907205
AL590452.1	-1.42821451239842
MAP3K13	-1.42836576148165
HUS1	-1.42885365180189
RP11-65N13.8	-1.42908704339213
RP11-345P4.10	-1.42977563276811
PRAM1	-1.42978746650643
ZNF644	-1.42980173685692
GKAP1	-1.43032682379055
GIN1	-1.43056756221641
CD28	-1.43104732444087
BLOC1S6	-1.43203476989844
C2orf44	-1.43237977186801
ATP6AP2	-1.43356778090201
GLB1L3	-1.43363771558757
RP11-256L6.2	-1.4337616188687
TAB1	-1.43454689751225
F2RL2	-1.4348229117381
UTP15	-1.43492625006565
SFT2D1	-1.43635971906648
BMPR1A	-1.43672238784355
SNX27	-1.43724556855482
TMED5	-1.43748629750536
RNASEH2B-AS1	-1.43790870627279
ADI1	-1.43838649062838
FAM208B	-1.43840171714374
IQCB1	-1.43909323915878
KLHDC8B	-1.44044480303409
KBTBD7	-1.44116447013391
CPNE1	-1.44145994903857
GMDS	-1.443290431035
POC1B	-1.44348045766364
OVCH1-AS1	-1.44393306257825
CDC42BPG	-1.44455396876982
RP1-118J21.25	-1.44497062543098
HSPA13	-1.44498016163161
PPP1R10	-1.44518191003577
TMEM86A	-1.44590134820848
RP11-700J17.2	-1.44614504715703
THAP5	-1.44711120438982
HDAC8	-1.44734101054841
PLEKHJ1	-1.44745787907866
CTPS2	-1.44766608910715
AC132872.2	-1.44852678754014
INTS4	-1.44860099772909
GTF2H2C	-1.44885117528679
C2orf42	-1.44887358731578
DLD	-1.44938574888042
NAP1L5	-1.44939746568626
RP11-493K19.3	-1.44949099484572
C2CD2	-1.44958194577759
CDC42SE1	-1.45107904170436
RUNX2	-1.45126605069866
TIAM1	-1.45150574963932
USO1	-1.45350680863955
BYSL	-1.45473309400493
HNRNPF	-1.45714276657282
XPO6	-1.45751221642057
LDHC	-1.45806753420719
GPATCH8	-1.45829352451358
ZNF239	-1.45973910764248
RP1-3J17.3	-1.4601544170757
SIGIRR	-1.46017121071205
MRPL49	-1.46031725374339
ZNF346	-1.4620055237938
CLASP2	-1.46215267387395
RP11-379H8.1	-1.46237436709289
RP11-348N5.7	-1.46386910111664
ZFC3H1	-1.4645143584232
BRAP	-1.46469444104489
AP000442.1	-1.46544777758833
RP11-326G21.1	-1.46578094997028
S100Z	-1.46588446234614
UNC119	-1.46759462380784
LMBR1	-1.46775862116501
ZNF544	-1.46835172924995
IFT140	-1.47117195105434
ZNF664	-1.47347968291841
APMAP	-1.47460973656006
ZBTB37	-1.47550819404288
NSUN5	-1.4759537395222
TMEM192	-1.47639946127913
C12orf61	-1.47794974499965
AC123768.4	-1.4789469665187
AP001432.14	-1.47941612741551
ANKEF1	-1.4797711554101
ZNF148	-1.4804414619661
TSKS	-1.48203410837046
UFSP1	-1.48207981228839
PNN	-1.4822923294353
TXNL4B	-1.48243282490852
ATP5S	-1.48252203382113
MLLT10	-1.482893031757
POU6F1	-1.48307392850386
ZNF619	-1.48345687069588
CALR	-1.48446941567507
ZNF559	-1.48555305616144
RP1-111C20.4	-1.48581112800044
PROX2	-1.4863075936832
C12orf45	-1.48644525891078
BTBD9	-1.48654467312148
GID8	-1.48679392815674
ZNF19	-1.48694321692776
FAM222B	-1.48735836185873
YDJC	-1.48741096572412
AARSD1	-1.48938114889925
GTF3C2	-1.49026111241547
SLC39A8	-1.49065555586858
CHMP2B	-1.49097205737878
RBM6	-1.49155076525001
SCAF8	-1.49193734653166
CCRN4L	-1.49281555321193
RP11-603J24.4	-1.49293898415393
MTERF	-1.49301821219866
SPRTN	-1.49309461747546
RP1-159A19.4	-1.49366640780143
PDF	-1.49402256610203
RP11-138I1.2	-1.49409134660591
C1orf204	-1.49453486403654
OTUD3	-1.49518693761008
CTC-260E6.6	-1.49575426290778
THBS1	-1.49790058989802
RP11-245J9.6	-1.49816476336145
MRPL32	-1.4986032393415
HIST2H2BE	-1.499782735867
NKAP	-1.4999500649116
JPX	-1.50018219265796
IGF2BP3	-1.50105184389321
MBD4	-1.50168631153816
PBX2	-1.50170680197883
GTF2F1	-1.50194396679828
DNAJC25	-1.50195949364398
ZC3HAV1	-1.50219303820256
ANAPC10	-1.5028929374366
CTD-2090I13.1	-1.50313774353593
PPARD	-1.50330849216276
DCAF10	-1.50395244431632
KDM8	-1.5046796220156
RP11-390B4.5	-1.50482603090186
AMY2B	-1.5053822343319
ZSCAN12	-1.50621391143303
RNLS	-1.50823015011235
ZGLP1	-1.50844820032117
TTC5	-1.50952694902485
MRPL38	-1.5097514729807
TMCC2	-1.51068197754922
JMJD1C	-1.51153766306699
CTD-2245F17.3	-1.51180940537441
ZNF383	-1.51213679729721
PARP16	-1.51251022347643
ING1	-1.51364693584995
AC025335.1	-1.51377128265742
XYLB	-1.51413903728783
CNIH3	-1.5144474932441
PRPF8	-1.51536226565103
MRPL1	-1.51555717158435
AC132192.1	-1.51598955190516
RBM26-AS1	-1.51715198870441
CRYBG3-1	-1.51769428599444
AP3B1	-1.51844046560398
CNOT2	-1.51968927201391
EAPP	-1.51993385628857
CSRP2BP	-1.52121015438165
TC2N	-1.52157070862447
FBXO48	-1.52204315440663
ACTR3B	-1.52216473139495
CDC42EP3	-1.52285986897561
UBE2G1	-1.52347302023184
MRPL4	-1.52375329921324
FCHSD2	-1.5241245521834
ZNF586	-1.52471423998812
NEK4	-1.52475482657914
MLXIP	-1.5251367882834
IPO4	-1.52560732320758
VPS4A	-1.52595889791462
HNRNPK	-1.52673464734271
CPT2	-1.52783594117415
RP11-97C16.1	-1.52836482662029
SLC25A26	-1.52841102038131
RP9	-1.52845918601542
PPIB	-1.52904146067892
NUP50	-1.53003647949349
AD000090.2	-1.53011446381929
ARMCX3	-1.53091148305716
PSEN2	-1.53193879692032
ADTRP	-1.53221486248982
APTX	-1.53272813331293
RP11-275I14.4	-1.53313798310193
RP13-1032I1.7	-1.53324185723992
AC005076.5	-1.53448781325424
LINC00667	-1.53513766026896
POLD2	-1.53688726708339
SIKE1	-1.5376557781662
SIPA1L2	-1.53794539814557
PSMA1	-1.5384084313675
CPSF7	-1.53852185494846
CHTF8	-1.53882699642107
SCAF11	-1.53964942285506
AE000662.92	-1.53985474902444
UGDH-AS1	-1.54102467504249
TNFSF8	-1.54252386009969
RNMT	-1.54269270595089
SLC35A4	-1.54270331398329
ATP6V0A2	-1.54324117943811
ZSCAN20	-1.54338781442911
PDCD6IP	-1.54345881722211
CDH1	-1.5438732721779
POC5	-1.54449374612016
DTD2	-1.54467598969141
MAPKAP1	-1.54719708516723
LMAN2L	-1.54799007882959
RP11-109N23.4	-1.54964518779898
SNIP1	-1.55025882279069
AKAP7	-1.5509440727196
CTB-129O4.1	-1.55165127080466
ZNF674	-1.5520674578297
NFYA	-1.55274972972032
MCM3AP	-1.55400690456063
ACTR3	-1.55608654264198
PRPF31	-1.55609493169608
COPZ1	-1.55774145416247
TSC22D4	-1.5585688514453
C12orf60	-1.55871016323921
GARS	-1.55945108978355
P2RX4	-1.5594808902176
SPDYE3	-1.56053325853997
CTD-2555C10.3	-1.56065639451452
AKR1E2	-1.5607327356336
KRT10	-1.56117030081896
KBTBD4	-1.56128639755803
HOXA1	-1.5616535194825
FAM66B	-1.56228058688791
AC079807.2	-1.56354823010593
COMMD9	-1.56378709808361
CEP95	-1.56406559101368
SAMD3	-1.56407127523408
THAP7-AS1	-1.56422695707862
ZW10	-1.56429314838732
WDR61	-1.56513197201805
RAD51D	-1.56760947329615
SERGEF	-1.56866096361084
AGAP4	-1.56866736969097
RP11-50E11.3	-1.56874129433273
NLRP1	-1.56918748647754
RP11-706O15.3	-1.57079754156887
EXOC8	-1.57153806341538
CTD-2583A14.10	-1.57261926519767
RP11-102M11.2	-1.57291172211514
HIPK2	-1.5730254690588
PIGM	-1.57372588422493
RP3-400N23.6	-1.57466085981724
SLC44A5	-1.57470060357378
C11orf83	-1.57539517714419
AC084018.1	-1.57583515186578
ZNF727	-1.5761850381167
AMDHD1	-1.57633189893858
TPH2	-1.57704439358641
MGAT2	-1.5771976522153
ITGB4	-1.57833780497487
AC007038.7	-1.57840978290179
FAM3A	-1.57867794907252
TUT1	-1.58013759398342
AC006129.1	-1.58025492209876
TTC12	-1.58067126190062
FLAD1	-1.58259843485898
CACYBP	-1.58395637173677
BBS9	-1.58634882228631
LACTB2	-1.58687718331401
METTL9	-1.58719352305577
SMIM18	-1.58816125866622
GPR114	-1.5887399814232
APP	-1.58907712505355
HCG25	-1.59036458796095
RP11-373N22.3	-1.59079171426088
LAMTOR4	-1.59097621299138
ZNF202	-1.59104691263823
UTP3	-1.59172319232433
ATP6V0A1	-1.5931989629172
RP11-77H9.8	-1.59451325336231
CCDC14	-1.5946185660378
FBF1	-1.59572002906945
POLR2E	-1.59609147183088
RP11-890B15.3	-1.59662235511467
NICN1	-1.59663189871777
TTN-AS1	-1.59670804529227
RGS19	-1.59701263208618
CLOCK	-1.59807334413723
HDDC3	-1.59838131348859
SRP72	-1.5991043551733
CTD-3096M3.1	-1.60136427125636
SCARB1	-1.60165817462485
RP5-914P20.5	-1.60362774213769
ZKSCAN7	-1.60529243155148
ADSL	-1.60535458436228
C19orf60	-1.6054168083947
DIABLO	-1.60658859608075
TMEM9	-1.60746864266374
DENND5A	-1.60782911874701
AC092295.7	-1.60797815968362
TCF7L2	-1.60798311961461
PARP11	-1.6082444444518
C20orf197	-1.60829110911112
ARL8B	-1.61064898834109
NDUFB7	-1.61116248692341
ZNF813	-1.61138856524186
ARHGEF10	-1.61181442458148
FGFR1OP2	-1.61461340875181
ALG1L	-1.61491317744438
WDPCP	-1.61616114127183
C22orf15	-1.61629884941219
FAM98A	-1.61666645436862
ZNF507	-1.6169160337835
SCML1	-1.6191576768282
ELP5	-1.61917384003118
ILF2	-1.62060284028135
SNX2	-1.62224387735263
OSM	-1.62231948367826
CWC22	-1.62278391449752
AQP11	-1.62325972617999
PTMA	-1.62334579127797
HIP1R	-1.62343281878411
HMGN2	-1.6243886969313
ZNF626	-1.62454298121973
QRSL1	-1.62523204144345
CWC27	-1.6255094697177
HDAC2	-1.625677310312
MYLPF	-1.62645868085309
NPC1	-1.62656384090949
MRE11A	-1.62710006789553
U2AF1L4	-1.62861921087202
KLHDC3	-1.62866036136464
CLHC1	-1.62900107473963
THEM6	-1.62960994568998
RP1-100J12.1	-1.62992085321325
UBQLN1	-1.63011183462804
LPCAT1	-1.63043875349383
CDC14A	-1.63053051106595
SNAI1	-1.63273532820184
RP11-330A16.1	-1.63354332414016
RP11-386G11.5	-1.63398382204491
AHSA1	-1.63439638532496
LMAN1	-1.63489377940171
ZNF286A	-1.6349882327168
ACOT8	-1.63532341768599
ANKRD10	-1.63703371993809
RP11-881M11.2	-1.63722194091436
RP11-169E6.1	-1.63790412787149
ADAM22	-1.63799982368314
CCDC85C	-1.63892116128899
BLCAP	-1.63953386983796
CECR5	-1.64031522045451
TMEM169	-1.64087989274361
RP11-761I4.3	-1.64103108562802
AP4B1	-1.64115011365829
RP11-219B17.1	-1.64117268043566
HIST1H2BF	-1.64129336622142
RP11-96K19.5	-1.64197162077238
PSMG3	-1.64240192919434
RP1-43E13.2	-1.64305757298753
CTD-3105H18.14	-1.64325328977457
TMEM183A	-1.6443637254736
RP11-340I6.8	-1.64452964668418
PRPF4B	-1.6452237160742
CAPN5	-1.64584207227036
CCDC88C	-1.64607722674258
CLIC3	-1.64635131582401
ZNF597	-1.64661840543093
NEU3	-1.64731952566246
CCDC159	-1.64762525512859
EBPL	-1.6501030169603
MANEA-AS1	-1.65051518686201
CCSAP	-1.6505656649195
FAM107B	-1.65075428491776
CFD	-1.65112273724848
TMEM55A	-1.65117427126889
PUS3	-1.65260693352808
NOS3	-1.65301646174582
RP11-572O17.1	-1.65303487729659
FAHD2A	-1.65316828090489
SUCLG2	-1.65523600893675
PHF6	-1.65562788586883
URGCP	-1.65594118776583
ADA	-1.657165691471
DUS4L	-1.6573051790144
PNMA5	-1.65888862069303
RP11-380O24.1	-1.65903100331206
RP11-127B20.2	-1.65914573149246
MTIF2	-1.65996290693861
RP11-490O6.2	-1.66056729545456
RNASEH1	-1.66089091299129
YAE1D1	-1.66113775071599
TBX6	-1.66146743457226
ZSCAN32	-1.66173992933223
ERAL1	-1.6618465173035
LGR6	-1.66414895004968
UBL7-AS1	-1.66488586215924
ARL4C	-1.66511250905631
CNPY2	-1.66525971383303
XXbac-BPG299F13.17	-1.66575221916831
PHF1	-1.66783456018429
NAAA	-1.66831577429404
RP11-4F5.2	-1.66947153599778
ACSBG1	-1.66975046927678
TPD52L2	-1.66978117352242
CCDC112	-1.67070804044867
AC093157.1	-1.67212608582459
LSM10	-1.67261803526374
CHM	-1.67277190063822
FAN1	-1.67434765235981
AP1S2	-1.67558870963643
ZNF785	-1.67701217132868
SKIV2L	-1.67804780884437
MBP	-1.67840982586568
GID4	-1.67905764347255
HERC4	-1.67914151791879
EDC3	-1.67925864492263
MAST3	-1.67943859258296
MAP7	-1.6798337805245
PARP15	-1.68098619141404
CISD1	-1.68211690515649
HAGHL	-1.68212897898428
FICD	-1.68248053701779
COPS5	-1.68369939377806
MTFMT	-1.6837450269836
CTD-2196E14.4	-1.68406518230857
PRMT2	-1.68590955313164
GLCE	-1.68685007018454
NAPEPLD	-1.68707236917457
C5orf55	-1.68712529170362
SDHD	-1.68827695354118
ST3GAL3	-1.68873554051087
RP11-702B10.2	-1.68882745020191
NMU	-1.68902122108482
G6PD	-1.68904887830985
AMN	-1.68909982301878
CETN3	-1.69108634281471
CDNF	-1.69201524003929
DNAH6	-1.69208226909329
PWWP2A	-1.6928401582242
BCKDHB	-1.69328347305332
CCDC71	-1.69351234164974
PSMG3-AS1	-1.69433844775949
BCL9	-1.69569248325472
UQCRB	-1.69795381909318
NNT	-1.69830818449376
RBMXL1	-1.69851652303737
CTC-534A2.2	-1.69900777229274
ERH	-1.69930719801314
FKBP2	-1.70002668312683
RNF114	-1.70078258341225
ZNF551	-1.70125040116143
MRPS14	-1.70150042640259
KLHL9	-1.70327358262506
YTHDC2	-1.70359665259268
THEM4	-1.70401588723388
NUPL1	-1.70491706697254
SMARCA2	-1.70634259032828
ZNF425	-1.70688285419288
ABCC5	-1.70725922244311
AC006369.2	-1.70868591856431
ZNF502	-1.71155159017258
APLF	-1.71180440498905
LZTFL1	-1.71239071782823
RP11-763B22.4	-1.71436512997758
MRC2	-1.714414505612
ARL5B	-1.71454747026537
SPG11	-1.71550293862375
RP11-459F6.3	-1.71680981174048
FAM200A	-1.71683026317605
FDX1	-1.72004926926268
CTD-2231E14.8	-1.72030948080852
LINC00334	-1.72106709095919
SLC25A53	-1.72129643198015
ZNF572	-1.7222798770892
USP46-AS1	-1.72288131476443
OBFC1	-1.72290992731685
ZNF766	-1.72379091063219
RP11-15A1.3	-1.72487561643951
DENND4C	-1.72509704713677
WAC-AS1	-1.7256256798803
VPS13C	-1.72573407610809
MIS18A	-1.72599477484248
NUDT13	-1.72626791107308
CEP85L	-1.72651236835523
MTHFSD	-1.72670630568473
CSRP2	-1.72804001834404
BCDIN3D	-1.72804831959293
HSD11B1L	-1.72973888027195
RPL7L1	-1.72987964718813
RNF111	-1.73035289025145
DIEXF	-1.73058943217482
B3GALNT1	-1.73069989657349
VPS4B	-1.73111243935048
DNAJC2	-1.73163628486105
RSRC1	-1.73212155733607
PHF14	-1.73304615437393
TMEM199	-1.73343967898884
PREB	-1.73383743258799
ZNF395	-1.73402294862471
RP11-302B13.5	-1.73431821551428
PDIA6	-1.73461275143994
NFATC3	-1.73487157030248
SLC2A1-AS1	-1.7350772043651
FAM201A	-1.73529318342272
MTUS1	-1.73580672535395
VNN2	-1.73589116773559
HADH	-1.73649682322957
MPZL1	-1.73755924998529
TMED6	-1.73860178739632
LDOC1	-1.73916424357305
PRKAR2A-AS1	-1.7396286527222
FAM122A	-1.7407770727946
EIF4EBP2	-1.74125459253581
RP13-580F15.2	-1.74137471027167
RHBDL1	-1.74139781821419
TAF8	-1.74144544501992
THNSL1	-1.74210263836191
TAPT1-AS1	-1.74223783606729
WHAMM	-1.74232709380479
NRF1	-1.74305532717349
PEX7	-1.74372622961139
MECR	-1.74522316115044
SLC39A14	-1.7458773567304
TET1	-1.74719318458369
MEF2A	-1.74720368398884
RNF219-AS1	-1.74729243792236
VPS13A	-1.74757953799549
ENOPH1	-1.74769937595412
RTN4IP1	-1.74856192201416
CTB-161K23.1	-1.7493893224952
PADI4	-1.75012146190091
RP11-407N17.5	-1.75090615697942
SNHG7	-1.75098202912208
MT-ND1	-1.75184363349349
RBM34	-1.75235674614573
AVL9	-1.75236856970507
UNK	-1.7536310671275
GTF3A	-1.75399330729643
ZNF444	-1.75497602660078
BEX5	-1.7558992732601
BNIP3	-1.75663888229091
FANCF	-1.75852763567822
RP1-191J18.66	-1.75906578974133
SURF1	-1.76061890490504
RP11-305E17.6	-1.76118180680768
SPAG8	-1.76130241326616
RABGEF1	-1.76265183574768
CCDC78	-1.76351568796265
CCDC144NL	-1.76384166309502
HPN	-1.76402459381386
RPS6KB1	-1.76442514079946
C17orf89	-1.76453704557694
TOMM34	-1.76540069304435
ARMCX4	-1.76556314832148
GALK2	-1.76561551950501
ASNSD1	-1.76573611348571
ZNF428	-1.7668961655035
FAM114A2	-1.76713312875657
RP11-422P24.11	-1.76767949351702
LTN1	-1.7692443471016
XXyac-YX65C7_A.2	-1.76934427277058
GXYLT1	-1.7704888084545
AC092580.3	-1.77155628433546
RP11-96H19.1	-1.77157832120092
AL591479.1	-1.77170530822417
FAM160A2	-1.77173568928894
CTD-2184C24.2	-1.77183992965375
DCBLD1	-1.77217134764784
ATG4A	-1.77406064750726
CYBRD1	-1.77519580025978
ZNF264	-1.77928273150768
CCDC147-AS1	-1.77932690651444
DNM3	-1.7795135307616
B3GALNT2	-1.77967930276928
GTF2B	-1.77974189648884
GALNT7	-1.78020639663151
ZNF771	-1.78091575994793
AP2A2	-1.78105444758153
IFNAR2	-1.78310112170573
SNRNP48	-1.78391909328005
LYRM2	-1.78511902436356
CDK11A	-1.7856567802293
SKP1	-1.78602242921001
ANAPC5	-1.7864720858722
NR2F6	-1.78692848436027
TERF1	-1.78701208611216
PPP2CA	-1.78722705327845
JSRP1	-1.78832653771188
FOXP1	-1.78901185165076
EPG5	-1.79160687749279
ARL2	-1.79201991689537
C19orf73	-1.79227797334537
PEX19	-1.79237534578813
CLK4	-1.79247414800367
HSPB1	-1.79338991339841
POLR3D	-1.79382060757429
TMEM104	-1.79498163340075
SDHAF1	-1.79575787009042
ZNF836	-1.79621875812037
FAM184B	-1.79667419727555
CREBZF	-1.79729862095222
C11orf58	-1.79751783552962
RPL36AL	-1.7981246078298
SHARPIN	-1.79864834512144
MDN1	-1.79918161844082
RP11-398C13.6	-1.79942221271258
RP11-643M14.1	-1.80034026334088
NAPA-AS1	-1.80079834678961
RPS17	-1.80245363890997
SGSH	-1.80311101843589
LINC01138	-1.80347260096615
PIK3R4	-1.80371940546076
GART	-1.80507182932323
RP11-535M15.1	-1.80631655781937
RNF146	-1.80723217911297
ZNF589	-1.80728083733987
SYNJ2BP	-1.80740360998325
MTO1	-1.80780582317345
SS18L2	-1.80830513464886
ABHD17A	-1.80916298211119
SMCHD1	-1.81018891810058
TDRKH	-1.81020391645041
C6orf203	-1.81113863850877
ECD	-1.81195390987399
KIAA1107	-1.81235560443831
KB-1047C11.2	-1.81289633056739
SVIP	-1.81351554051161
ALDH4A1	-1.81390672503786
IFT74	-1.81659230463578
INTS3	-1.8170309218112
PHGDH	-1.81713275220052
GPC2	-1.81771553880287
COPS2	-1.82020819221408
NFAT5	-1.82025434637296
UBE2J1	-1.82080699416657
KPTN	-1.82105003633874
CTAG2	-1.82231546965651
FBXO46	-1.82241996163504
LAMTOR5-AS1	-1.82261909984672
PRMT1	-1.82313575139389
C19orf77	-1.8234488635007
OVGP1	-1.82371533163923
RP11-211N8.2	-1.82395939799697
KB-1208A12.3	-1.82473995977836
ZNF491	-1.82509855797087
POLR3B	-1.82555656040583
CAMK4	-1.82564215384446
FCRL1	-1.82577256571809
SCLY	-1.82659350609451
TMEM256	-1.82679965744685
BRPF3	-1.82680271052806
PATL2	-1.82692467765505
LINC00909	-1.82705446366012
KCTD6	-1.82714188776656
HSD17B11	-1.82718472167221
SSRP1	-1.82722821406485
LENG8-AS1	-1.82849806741959
RP11-305K5.1	-1.82913887492843
EXOSC2	-1.83018544043931
HIST1H2AE	-1.83041153350497
CCDC152	-1.83059235385777
PITPNM2	-1.8307439303286
CRLS1	-1.83075451335654
C5orf17	-1.83079340141825
TYW3	-1.83117044141532
CCDC137	-1.83241720884368
PDE5A	-1.83494737940868
C1D	-1.83527470121813
MYCBPAP	-1.83557299144316
SFR1	-1.83601854186944
GOLPH3L	-1.83761699546643
PRKG2	-1.83774741378094
CTD-2302E22.4	-1.83803573457367
AC010883.5	-1.84242728701327
CAPS2	-1.84358668890488
RP11-46H11.12	-1.84402337922803
ELF1	-1.84443586231762
SOD2	-1.84447522226381
TXNRD2	-1.84451695761622
EHMT1	-1.84482015812426
HAR1A	-1.84536471296513
HIST2H2BF	-1.84680894320379
CTSA	-1.84717514264758
RP11-231D20.2	-1.84815583253639
ZFP62	-1.84821477059664
SETX	-1.84829232782611
STARD3NL	-1.84869336831196
ZNF566	-1.85013913254012
WDR4	-1.85107679997257
POLR2D	-1.85348967036218
CTC-444N24.6	-1.85383036577021
RPE	-1.85391502679665
NLGN2	-1.85415004554667
SMC5-AS1	-1.85435779493256
RP1-140A9.1	-1.85622322352033
MRPS7	-1.85705917269584
GATSL3	-1.85774132915741
NR1H3	-1.85821568507554
DAB2	-1.85857278844406
CRY2	-1.85913447980255
EXD2	-1.86004014339493
CUL4A	-1.86029493503705
ORAOV1	-1.86181281665892
CDKN2AIPNL	-1.86302465968466
MRPL23	-1.86310311225689
DYRK4	-1.86358134582972
BET1	-1.86566278788289
RGPD5	-1.86573884946379
RP11-162A12.2	-1.86638124782469
RP1-193H18.2	-1.86750421646668
MRFAP1L1	-1.86764683679471
LINC00866	-1.86891783116774
IFT20	-1.86914273274184
MKS1	-1.8701537799959
HINT3	-1.87038230939477
ALAD	-1.87093156874763
CD3EAP	-1.8710628213731
UGDH	-1.87159435154387
RMDN3	-1.87181416834791
IFNAR1	-1.87264995005332
TMEM79	-1.87401752447646
FARSA	-1.87414875721504
DTNB	-1.87423161656619
RP11-326I11.3	-1.87441845529049
NME2	-1.87477670537826
TRMT5	-1.87527129726214
SPATA5L1	-1.87533685874534
AP000692.10	-1.87652174739267
SPTBN1	-1.87790945380057
DRG1	-1.87811302843855
LINC00200	-1.87826781606724
PINLYP	-1.87913502438263
PRRT3	-1.87921505377434
KLF9	-1.87990980708312
UBE3A	-1.88051280159817
ADAMTS17	-1.8817384535529
GTF2H1	-1.88203564260035
DIS3L	-1.88313503677237
PMAIP1	-1.88381774876266
CYC1	-1.88449139129848
TMEM18	-1.88936746194964
SEC24B-AS1	-1.88936766256719
SLC25A16	-1.89011741157181
TECPR1	-1.89083985156255
C8orf33	-1.89140669206777
HIST2H3D	-1.89144949568166
TCTE3	-1.8915244062448
SERPINI1	-1.89209823023391
C19orf57	-1.89253081439059
AIFM1	-1.89361915366712
COX5B	-1.89415491930077
NFS1	-1.89617111758728
ZFX	-1.90069875879224
C1orf174	-1.90072641810204
ALG3	-1.90123808998996
PLEKHG5	-1.90138638731465
CDYL	-1.9017494107177
RP11-225N10.1	-1.90207960852191
CXCR5	-1.90380896214547
ANAPC15	-1.90416575244686
TMEM170B	-1.90418551221595
JADE1	-1.90421586434623
GSPT2	-1.90427830595211
CELSR2	-1.90513466435211
NIFK-AS1	-1.90620561383485
ZNF75A	-1.90646832718163
GALNS	-1.90724926814663
RPS26	-1.90787801804951
RP11-498C9.16	-1.90839227675006
FAHD1	-1.90857876553634
ZBTB39	-1.90879525903346
FAM200B	-1.90885889218657
KPNA5	-1.90920561587093
SLC4A4	-1.91063293791795
RCHY1	-1.91069921439617
CYB5D1	-1.91079651924795
PCNP	-1.91182475666517
RPGRIP1L	-1.9120781933602
GTPBP3	-1.91350555456277
STAT4	-1.91468460945568
MPLKIP	-1.91489532954334
ZNF550	-1.91521258751396
BDNF-AS	-1.91588936779201
PEX2	-1.91691585329028
SLAMF7	-1.91745174708107
RLN1	-1.91769977046239
CHCHD10	-1.91789812902386
PPP5D1	-1.91867801731169
ZNF546	-1.91916484706649
MPZ	-1.9195412846606
PPHLN1	-1.92006812370565
ZMYM4	-1.92109249476809
ZNF90	-1.92124977175209
RP11-243J16.7	-1.92136582955478
TSR2	-1.92272592577628
MLST8	-1.92275663329362
ELL2	-1.92290874583673
CCNJ	-1.9229575160848
DDX41	-1.92322529944491
CSTF3-AS1	-1.92324440382472
DDX20	-1.9240599568373
RP11-111M22.2	-1.92474403809769
HAX1	-1.92500142252821
NUDCD3	-1.92505449226012
EID1	-1.92520253706927
SASS6	-1.92557210288801
UBE2E3	-1.92565976136095
ZNF490	-1.92680947539231
GOT2	-1.92684516673507
SEC24D	-1.92863996406993
ACTL10	-1.92995570247495
RP11-297C4.1	-1.93000539431793
ZNF554	-1.93176080087206
ITPKA	-1.9334258810124
HCG14	-1.93383931572759
LINC01011	-1.9353187899962
KIR3DL1	-1.93542332443858
SOCS2	-1.93563189056064
GRWD1	-1.93657739994993
VPREB3	-1.93713879894703
CTD-2260A17.1	-1.93809749293655
PVRIG	-1.93844574441552
GSK3B	-1.93882851178393
EVA1C	-1.93949283344791
ING4	-1.9396108148544
RP11-195C7.1	-1.94005077324404
LINC00884	-1.94105361303058
RP11-176H8.1	-1.94118725115005
MARCH5	-1.94222598157855
RP11-127B20.3	-1.94231828307117
RP11-343L5.2	-1.94287689562944
DOLPP1	-1.94315290973242
AF131217.1	-1.94433154332627
RP11-362K14.5	-1.94707687166876
C16orf98	-1.94732819919029
RLN2	-1.94732934738432
POLR2B	-1.94818211966696
MDC1	-1.94842388431493
GANAB	-1.94890412319751
ZNF326	-1.94923306883727
PRMT7	-1.94948477793543
EARS2	-1.95000769624671
RP11-1007O24.3	-1.95036067579548
CYTH1	-1.95089089810562
TAF7	-1.95098989825516
SNRNP40	-1.95252583682176
LRRK2	-1.95280596176767
ZNF136	-1.95316661858346
PUM1	-1.95485559196979
TMEM223	-1.95588157019479
RP11-415F23.4	-1.95610449975059
MAGEF1	-1.95692570839468
SMG6	-1.95706409426609
CHID1	-1.95722797919803
ZNF667-AS1	-1.95805018434022
SUCLA2	-1.95835714223228
IPP	-1.95875406433935
INPP5D	-1.95884480929424
YTHDC1	-1.95953697145131
ST6GALNAC2	-1.95989582184891
CCDC42	-1.95990867986901
LDB2	-1.96045790945574
DMGDH	-1.96211337155938
VILL	-1.96226440144453
ATP5B	-1.96237774017771
RP11-819C21.1	-1.9631475695454
AL109761.5	-1.96465156571607
ASUN	-1.96473243396001
JAM3	-1.96553986843277
NOM1	-1.9655465799285
LINC01003	-1.96622308147037
RP11-51J9.5	-1.967044944006
MCCC2	-1.97048239795561
AP4E1	-1.97049011964712
DLL3	-1.97077921531927
FAM120B	-1.97132264591463
STX17	-1.9722852081864
PSKH1	-1.97231282996287
RP11-350N15.5	-1.97283491786299
THAP7	-1.97309338105487
MTFR1	-1.97430906665348
RP5-1065J22.8	-1.97455852337779
NEIL2	-1.97473708301516
KCTD21-AS1	-1.97519011264235
RP11-466F5.8	-1.97627983446718
MKLN1	-1.9774595520136
CCDC138	-1.97754019005209
HFE	-1.97758378536548
ABRACL	-1.97923497471169
RP11-195F19.9	-1.98086997266853
SLC38A1	-1.98101036422857
NMNAT3	-1.98157463114147
NUP210	-1.98168624082819
AP5S1	-1.98298885811529
GCNT2	-1.98302876029566
AP4S1	-1.98322631806825
IFIT2	-1.98326983221649
ZNF782	-1.98456553157173
LYPD3	-1.98522275163026
RP13-270P17.3	-1.98612292850652
CNOT8	-1.98626159237962
ANGEL2	-1.98652083733473
MCFD2	-1.98687637819492
RPS19BP1	-1.98707617092886
LYSMD3	-1.98801185115197
MROH8	-1.98887412784624
WDR5B	-1.98894967157936
RAC2	-1.98956046007493
ASH1L	-1.98974922790933
ANKRD34A	-1.98985594529069
SLC9A3R1	-1.98990944472477
SUV420H1	-1.99018157089734
SLC9A3R2	-1.99245613990933
BRF2	-1.99262573321543
ZNF253	-1.99507873210899
SCAPER	-1.99685673931391
CCT8	-1.99825348408854
MAGEH1	-1.99850514161366
HIST1H2AK	-1.99946606122073
AIMP1	-1.99978129748292
RRP9	-1.99985243691358
SETD3	-1.9998974281861
RP11-178L8.7	-1.99996514410249
TRUB2	-2.00155680703825
UQCC1	-2.00156316755564
PCBD2	-2.00191639905495
AC009403.2	-2.00203439925954
ZDHHC14	-2.00231976560505
RP1-224A6.3	-2.00498030527801
GMCL1	-2.00530187516083
CDK12	-2.00560374733804
EPS15L1	-2.00587774547736
AC074138.3	-2.00594202537414
API5	-2.00621634988738
RP13-516M14.4	-2.00764975883792
PLEKHF2	-2.00773752199574
PRMT3	-2.00818017525028
XKR9	-2.01050889018622
SCD5	-2.01084465534008
RP13-735L24.1	-2.01186794982159
RP11-705O1.8	-2.0126141802111
ZBTB26	-2.01354132185332
TOP1	-2.0145904928222
AL161784.1	-2.01465069771005
FAM154B	-2.01551484997517
C16orf91	-2.015631909147
NEFH	-2.01660904834219
CTD-2371O3.2	-2.01694666913117
CD3E	-2.01756719937851
LEO1	-2.01899860772465
ALOX12B	-2.02159512533735
RP11-139H15.1	-2.02186641508378
MYH3	-2.02355959540205
DICER1-AS1	-2.02402095476349
COPS4	-2.024444130872
WASL	-2.02539623313347
CTD-2336O2.1	-2.02606927467921
YLPM1	-2.02711540580489
ARFIP2	-2.02868280455412
RP11-351D16.3	-2.02944295468649
ATP13A4	-2.03016585764223
UPRT	-2.03030420615513
TIGD6	-2.03118394632913
FOPNL	-2.03186820550577
SLMO2	-2.03277270231837
RP11-397A16.1	-2.03352111160671
PRIM1	-2.0354142039484
MFNG	-2.03560481938703
ZBED5	-2.0368728273158
NAIF1	-2.03766204275528
SCAI	-2.03948915170595
SHPRH	-2.03963755998223
RP11-752G15.6	-2.04056871632061
NMRAL1	-2.04492142023823
CXorf38	-2.04495068257092
FAM110B	-2.04562094164028
FCF1	-2.04594951851184
CREB1	-2.04620297676106
RAB24	-2.04693392315621
ERI3	-2.04703922236237
DGCR6L	-2.04741077788142
EMC10	-2.04823561371577
DSTYK	-2.04825373823556
GFM1	-2.04846092131138
MAP2K5	-2.04870159359457
RBAK-RBAKDN	-2.04877055261233
AGPAT1	-2.04966844612315
MED9	-2.05013410474699
MED14-AS1	-2.05028594619987
TRIP11	-2.05032989636469
GPR89B	-2.05051435750844
LINC00926	-2.05067739186162
POLR3H	-2.05074928175121
HNRNPH3	-2.05169577976072
RP11-430H10.1	-2.05197044000695
DSE	-2.05255501143201
RP11-637A17.2	-2.05279699102659
RP11-214N9.1	-2.05323357080598
KPNA3	-2.05326985396353
SLC5A5	-2.0544051838535
SLMO1	-2.05542948726104
CTD-2186M15.3	-2.05651960414655
POLM	-2.05776696256635
SLC14A1	-2.05986650669755
MYL5	-2.06102789634442
RP11-3P17.5	-2.06141770990667
TSR1	-2.06176090812392
MYOM1	-2.06229717561729
RP11-425D10.10	-2.06259205819664
RTKN2	-2.06310339947234
SEMA4G	-2.06367433712791
TMEM68	-2.06403464798891
ASCC2	-2.06464103093007
RCN2	-2.06542148379671
MACROD1	-2.06582736892068
CRTAP	-2.06599883468183
ANKRD13C	-2.06722043452731
RP11-796E2.4	-2.06800643112705
PDRG1	-2.06854535756254
IRAK2	-2.06876560763394
NHLRC3	-2.06967776415033
LARS2	-2.07035435448464
TSHR	-2.07073191298657
RP5-886K2.3	-2.07271782120586
SLC5A6	-2.07356309860343
DIS3L2	-2.07362438884132
RP11-206L10.3	-2.07368352154212
GMPPB	-2.07384358973848
CTD-2587H19.1	-2.07433030457457
DBP	-2.07463251901968
GPR157	-2.07471295039779
RP3-428L16.2	-2.07497325783324
RAB43	-2.07548039726296
TERC	-2.07560645180178
OLFM2	-2.07667782332626
SSR3	-2.07841459642489
FARSB	-2.07890814954804
APOA1	-2.07926776689846
ANO10	-2.07926806689104
PCCB	-2.0801058319168
RP5-1074L1.1	-2.08073157377287
MARCH3	-2.08123650340897
RAB39B	-2.08181038523726
DNAJC8	-2.0825221467845
RP5-1024G6.7	-2.08261032152366
RP11-517P14.2	-2.08305176394568
NDUFA8	-2.08315422899844
PLRG1	-2.08355748071686
SWSAP1	-2.08388454337608
PPIE	-2.08655513526276
ACAA1	-2.08667523879827
RPP40	-2.08775617428086
AGBL2	-2.08912487432821
FASTKD1	-2.08985914288318
FNDC3B	-2.09062422064171
DDX10	-2.09076719880247
OSGEP	-2.09499453982604
TRMT44	-2.09501490868912
THOC2	-2.09502285502634
DIP2A	-2.0958394166651
RP11-293A21.1	-2.09639809043199
PIBF1	-2.09726642556791
GNPNAT1	-2.09736433317391
HIST1H4B	-2.0975465674623
FBXO32	-2.09908260685934
ALPK1	-2.10011001853299
LRP12	-2.10114567730464
SAR1A	-2.10200433932406
POLR1C	-2.10258448739319
MYL12A	-2.10262652264669
USP11	-2.10298435702924
AC073834.3	-2.10322575662376
RNF141	-2.10343060466079
SEC61B	-2.1056832364122
GFPT2	-2.10786475734147
RP11-161M6.2	-2.10885439200818
ISCU	-2.1089654803005
MOCS1	-2.10955586616734
ZNF610	-2.10972986561256
RP11-345P4.9	-2.10975475493328
CDKL5	-2.10983471109442
AF213884.2	-2.11005162180919
RP11-526I2.5	-2.11052285084239
PGAP2	-2.11089740021405
RGS18	-2.1111685016488
U91328.19	-2.11259989275346
EFNA4	-2.11274285616541
HPS4	-2.11372078650009
NFYC-AS1	-2.11389950047125
COQ10B	-2.11504798895246
SDF2L1	-2.11673766072956
IBTK	-2.11684567057702
RP11-484K9.4	-2.1186462971022
NR4A3	-2.11922667387603
RP11-223C24.1	-2.11955204384649
RP11-143J12.2	-2.12016912258116
NEK6	-2.12051643032226
FAM133B	-2.12070679991453
HAVCR1	-2.12112345265293
DIP2C	-2.1226545108621
AC011997.1	-2.12345965321424
ZNF732	-2.12457651199577
METTL23	-2.12507252612151
AGAP8	-2.12518680170107
XIAP	-2.12547613742739
SMIM1	-2.12550700976992
HIBCH	-2.12608764549069
RP11-285F7.2	-2.12712319038324
NXT1	-2.12729548495949
KRIT1	-2.12839624254767
SYCE1	-2.12875664963862
THAP6	-2.12890625873508
WBP1	-2.12927468895702
AC024592.12	-2.13051265240717
PPRC1	-2.13056431287742
AC093323.3	-2.13143388003973
RP13-270P17.1	-2.13256732000033
CTU1	-2.13267378012213
FUBP1	-2.1327794598084
LINC00938	-2.13347060609562
NME1-NME2	-2.13412834910709
AREG	-2.13442144977126
RP11-758P17.3	-2.1351314815721
ZBTB11-AS1	-2.13774754804253
ARMC6	-2.13863119016496
ARRB1	-2.13877456931347
LINC00944	-2.13889529547307
SNX29P2	-2.13922144647641
AC009133.17	-2.13925123786255
STAP1	-2.13998909107881
RP5-1136G13.2	-2.14048355187447
PTCD3	-2.14061639346909
GIMAP5	-2.14183397246606
EHD3	-2.1420506954552
FOXO3	-2.14269130583207
RITA1	-2.14287280420796
MOCS2	-2.14390371536865
RP5-1073O3.7	-2.14447164362673
GCDH	-2.14455929848478
MALT1	-2.14522422460372
MOB2	-2.14645833041043
SNAPC5	-2.14660306632732
EIF2B1	-2.14733160069175
SEC23A	-2.14752332594287
RP11-6J24.6	-2.14768135901666
CDC26	-2.14787502110732
SURF6	-2.14848384557213
SH3RF2	-2.15006798620278
STAT5A	-2.15121258006651
RRP8	-2.15144614497592
TWISTNB	-2.15165565378926
MPHOSPH10	-2.15233068759079
CDK5RAP3	-2.15236003336423
NPTX1	-2.15254868785491
AC107218.3	-2.15269103081993
RP11-307C12.12	-2.15275091393946
NACA2	-2.15293352457326
ARL11	-2.15298868670696
FAM156A	-2.15370850831841
GPX4	-2.15518458375386
DDX24	-2.15673390561858
AC016700.5	-2.15857341912132
TTC8	-2.15861485495403
ZC3H8	-2.15987870574727
ZNF174	-2.16060709162186
TMEM184B	-2.1607035259462
PAK6	-2.16081731063896
ZNF70	-2.16134525473548
C9orf3	-2.1617165478737
TBC1D1	-2.16619743769756
BIN1	-2.16655501076513
ERAP2	-2.16741751727623
PASK	-2.1677820162783
ZNF234	-2.16780607833576
ANKRD26	-2.16805532727909
RP11-182L21.6	-2.16849319895062
RBM4B	-2.16916442929037
METTL13	-2.17338282264628
CD38	-2.17389532089933
RP11-872J21.3	-2.1744101310498
CTD-2017D11.1	-2.17712146941899
SPATA41	-2.17791410322922
RP11-692D12.1	-2.17850846458279
RGP1	-2.17903026701891
BTN3A1	-2.17904956412769
WAPAL	-2.17909178057327
TRUB1	-2.17979889782342
CTC-487M23.8	-2.17988015467276
ZNF248	-2.1802075508201
HSD17B14	-2.18067296087843
ACP1	-2.18090349086151
RNF43	-2.18111277880262
NEXN	-2.18193420111988
RNF149	-2.18207450452823
RP11-79P5.9	-2.18231141257384
RNF157-AS1	-2.18255360990527
AC026471.6	-2.18315620443697
FTO	-2.18401932573131
QPRT	-2.18428250909457
RFT1	-2.1847015449116
LEPR	-2.18476768323377
WBP5	-2.18487184243684
ZNF486	-2.18487947677051
USE1	-2.18634844947496
DCTD	-2.18798956349618
ELAC1	-2.18876519023376
FMO5	-2.18906642293281
CLUAP1	-2.18927679520894
LIG3	-2.18932111011916
NUDT15	-2.18990188317992
GPR56	-2.18993660670222
RP3-322G13.5	-2.19010236949048
DUSP1	-2.19058968111667
HIST1H2BB	-2.19088058947573
IL12RB1	-2.19186192729446
DDOST	-2.19264922439765
APC	-2.19322485602412
TBCA	-2.19325997063547
S100A9	-2.19400927651857
TMEM256-PLSCR3	-2.19465574080132
C9orf16	-2.19627711971389
RP5-1021I20.1	-2.19701984164388
CTB-43P18.1	-2.19721002280247
GTSF1	-2.19728430496852
ARL15	-2.19813810430161
MDM4	-2.19864477365998
FHAD1	-2.1998720784206
RB1	-2.2003230101091
HSF5	-2.20110709018504
LYPLA1	-2.2026257627233
CTD-2031P19.3	-2.20268198245414
AKAP3	-2.20325930787087
RP11-1L12.3	-2.20418202000866
HMGA1	-2.20583974021131
CD55	-2.20654363931276
C11orf73	-2.20777026321067
SETMAR	-2.20815499895297
ID1	-2.20858487667446
RP5-1148A21.3	-2.2086257246743
DPM2	-2.20943554526634
POGZ	-2.2104718031223
FTCDNL1	-2.21056946909943
TACO1	-2.21105483031712
CTD-2555A7.3	-2.21111249322647
HPS5	-2.21111471735437
GORASP2	-2.21126342209813
EFNB1	-2.21155989599671
RABL3	-2.21205845316439
JTB	-2.21220664980522
MICU2	-2.21226349767544
AAK1	-2.21233512069693
CNKSR2	-2.21261328854056
ALDH16A1	-2.21490057638284
MST1	-2.2169285808477
RP11-109G23.3	-2.21792415106202
PPP2R5E	-2.22145783735254
RP11-686G8.2	-2.22200333797877
NCR3LG1	-2.22322144387041
LCK	-2.22433900452688
KCTD15	-2.22482051570148
C9orf139	-2.2271361715154
GPANK1	-2.22854968802245
CTC-505O3.3	-2.2287831604088
CD3G	-2.2303111822159
GLG1	-2.23077270565815
MRPL21	-2.23256752307465
METTL6	-2.23346721362858
PCSK6	-2.23381669326136
NUP155	-2.2352440535882
AP001462.6	-2.23698979568528
RP11-81N13.1	-2.23723173949246
BCL2	-2.2376368995402
PSMB10	-2.23865107503262
EAF1	-2.23993018601355
GANC	-2.24007852398783
CCDC146	-2.24177740851903
CDK20	-2.24200852634434
RP11-16N11.2	-2.24251991420833
RBM27	-2.24288882985535
NARS	-2.24344486373483
APPBP2	-2.2447299931686
DCAF8	-2.24700149066652
PHOSPHO2	-2.24708117170472
APBA2	-2.24766612600365
FAM189B	-2.24874782559443
RP11-558F24.4	-2.24885327281779
RP11-732M18.3	-2.2490363175225
CACNA1I	-2.25183227463091
GNG10	-2.25208538589623
DHX37	-2.25295856979582
SIRPG	-2.2534901230181
LIN7C	-2.25441467435692
SLC25A39	-2.2565286949275
SMDT1	-2.25721107365096
GNL1	-2.25827167378077
BFSP1	-2.25869839217823
PGS1	-2.26061984505366
CALM1	-2.26063940438799
PATZ1	-2.26111099484602
RP11-793H13.11	-2.26155937059777
C21orf2	-2.26172606509478
GOSR1	-2.26267315679019
TSEN34	-2.2627023097745
ETFA	-2.2627906200329
FUCA2	-2.26391666223192
PTGES2	-2.26482591605727
RNF113A	-2.26554957589128
TRMT10B	-2.26610467767911
RP11-527L4.5	-2.26740640406683
PTPMT1	-2.26834700808699
SPATS2	-2.26921945067191
DNAJC24	-2.26924062582132
ZC4H2	-2.26926675472214
DNHD1	-2.26927262441538
BOD1	-2.2698953620576
CD22	-2.27169886222248
ITM2B	-2.27376938626697
RAPGEF6	-2.27424391694937
EIF2S3L	-2.27425917275869
THUMPD3	-2.27458308412772
TMEM167B	-2.27548547664905
TANGO6	-2.27557283478887
EVL	-2.27697262823178
CCDC109B	-2.28175293235671
HAR1B	-2.28194047059446
RNU11	-2.28204496426135
PAK2	-2.28266669717153
PRSS36	-2.28274655644579
AC002310.12	-2.28305124989556
ECHDC1	-2.28353617189202
HNRNPR	-2.28460704255115
RPA3-AS1	-2.28519375232272
RC3H1	-2.28761518249512
PDE9A	-2.28806134023752
DYRK2	-2.28943588309204
ZBTB33	-2.29030736814477
AGBL3	-2.29052041025898
CSNK1A1	-2.29077797162021
ZNF749	-2.29090428388288
FAM208A	-2.29189597035533
PRKAG2	-2.29202738499364
RSBN1	-2.29217346273422
RP11-247A12.2	-2.29329053086005
TAF1A	-2.29329326073273
ZDBF2	-2.29612735889632
OSBPL10	-2.29797482027079
XXcos-LUCA11.4	-2.29894885680657
RP11-448A19.1	-2.30072420467006
AC027763.2	-2.30140876967681
ADRB2	-2.30281389022363
RBM17	-2.30410839274364
UFL1	-2.30440170632613
TIMM21	-2.30482586771542
FAM69A	-2.30542389061044
RP11-95P2.1	-2.30544694254785
RPUSD2	-2.30556374302364
RERE	-2.30768318926104
KLHL28	-2.30949672222874
RTCB	-2.30974663127254
MAPKAPK5	-2.31004499893522
NAP1L2	-2.31020754925073
PEX3	-2.31030739255843
RP11-499P20.2	-2.31096417017823
TPCN1	-2.31162195054994
DPH6	-2.31260827303628
C7orf31	-2.31383862952052
DFFA	-2.31472362325649
TMEM138	-2.31510615564553
RP11-98I9.4	-2.31553293055589
EFCAB5	-2.31630958014971
RP11-349A22.5	-2.31688783282979
CPSF6	-2.31722161298318
FARS2	-2.31780541869527
AC098973.2	-2.31882455395549
SERTAD2	-2.31954988848328
CNIH1	-2.32065800062639
FBLN5	-2.32189490638109
UBA2	-2.32216086170133
C16orf95	-2.32486374501775
OTUD6B	-2.32554037501817
MLLT11	-2.32570557770368
ZMYM6NB	-2.32842828798464
NBPF3	-2.32924040461914
TRA2B	-2.33016819267788
NOP14	-2.3307367257354
RP11-319G6.1	-2.33137104087505
SLC25A37	-2.33158007019141
FOXRED1	-2.33182229307737
CTD-2561B21.11	-2.33255884196791
DDX31	-2.33336834687116
CWF19L2	-2.33402750293294
PDCD4-AS1	-2.33544531467106
C12orf10	-2.33664056139835
DTX3	-2.33710682959151
RP11-734K2.4	-2.33714832985664
FNBP4	-2.33792941008789
FBXL15	-2.33824317416241
IL21R-AS1	-2.3384325519326
TTTY15	-2.33912464763852
MESP1	-2.3395694100701
COASY	-2.34000696859727
ZFP14	-2.34114745853221
MRRF	-2.34181298968049
RP1-315G1.3	-2.34186405859902
RP11-973N13.4	-2.34263620157239
C2orf76	-2.34376974799836
AC005944.2	-2.34383170650653
ELMOD3	-2.34417080235312
CYFIP2	-2.34547467732097
COQ10A	-2.34550630684363
UFC1	-2.34581557668899
PDCD2	-2.3458496449489
CCDC25	-2.34738486052525
RP4-594I10.3	-2.34804540501442
TMEM182	-2.34828312104293
LSM12	-2.34953713118451
TMEM186	-2.35123962388702
SGCD	-2.35311199836909
CTD-2037K23.2	-2.35512045016703
LAX1	-2.35549380396781
RP11-410L14.2	-2.35601964461335
C16orf58	-2.3563649628641
TIMM8A	-2.35667534416747
NEB	-2.35676774591827
MTA2	-2.35678997743849
ZNF397	-2.35740998925325
RP11-661P17.1	-2.35802340618913
RUNX1	-2.35918919224673
ATXN7	-2.3597539430553
DENR	-2.36129461968787
EP400NL	-2.36215571548638
IL16	-2.36266833735093
PRKCSH	-2.36276949477854
CCDC121	-2.36283533608772
RP3-486I3.7	-2.36286937065175
AKR1B1	-2.36571445815287
CNTNAP1	-2.36629745691544
ISOC1	-2.36701937628638
CTU2	-2.36837131203095
MTL5	-2.36987948436606
SACM1L	-2.37088160905272
DCAF7	-2.37193615894242
SERPINF1	-2.37311209189695
RP11-182J1.1	-2.3732462079365
SNX19	-2.37623434477549
ABL2	-2.37642731821008
FASTKD2	-2.37806862759246
HDHD3	-2.37841416166824
UBL7	-2.38006846800222
DKFZP434E1119	-2.38134004223019
RP5-1043L13.1	-2.38196162956287
HDAC3	-2.3829164668385
ORC5	-2.38292756338576
RP11-139J15.7	-2.38294616702805
ATG4D	-2.38384198938856
LINC00568	-2.38432090098613
NDRG3	-2.38660067508815
RP11-81H14.2	-2.38989105459014
CLCN3	-2.39060323578902
GALT	-2.39150490565004
SERF1B	-2.39153553818158
GBP4	-2.39276271507588
RP11-467D6.1	-2.39289883082319
NUDT7	-2.39375250813009
RP11-474G23.3	-2.39387656383442
PPIA	-2.39439118813487
SRP68	-2.39444654506125
BCLAF1	-2.39569400124097
HACL1	-2.39638516220818
ZSCAN25	-2.39745707050146
LRIG1	-2.39792151004004
UNC45B	-2.3985521627703
CCDC57	-2.40041457627391
ZCCHC11	-2.40221027541858
RP6-206I17.3	-2.40448182052483
CAND2	-2.40568259185555
RP13-582O9.5	-2.40645930477358
UBA7	-2.40685718027217
RP11-646I6.5	-2.40733042761067
RP11-533E19.7	-2.40809837080144
CHST2	-2.40828048829324
PPP1R3F	-2.40907118289237
OXA1L	-2.40932314558537
TMUB1	-2.41107171310491
HIST1H2BC	-2.41108122702553
PRPF6	-2.41133464212413
EHMT2	-2.41161566290458
TOMM70A	-2.41237186613066
PSMC5	-2.4126087602711
RP11-435B5.4	-2.41318170418572
DKFZP779L1853	-2.41366465620962
CHRFAM7A	-2.41524454468879
UHRF1BP1	-2.41551001274305
NUP133	-2.41677623888055
ZNF23	-2.42012679881596
TMEM91	-2.42147299917331
TEFM	-2.42229841317049
MRPS10	-2.42336266104487
DNAJC7	-2.42375752922057
NADK	-2.42498726506181
PSIP1	-2.42511739962489
MBTD1	-2.42533405327552
PIGH	-2.42599263309014
GIMAP1	-2.42724754561563
EMD	-2.42857723155346
MCTS1	-2.42886250776966
DNAJC30	-2.42899957274032
TCF25	-2.42970459158318
HSPA9	-2.42983371329943
QTRTD1	-2.43059531626046
RP11-5C23.1	-2.43112075423946
AL157902.3	-2.43128485217005
RP1-40E16.12	-2.43258875203553
GLS2	-2.43291279415422
ACO2	-2.43768212442832
SSR1	-2.43801686143137
ZFYVE27	-2.43897157893842
WTAP	-2.43916185103268
IRF3	-2.439421450756
NUPL2	-2.44172251574599
SUFU	-2.44201578377881
C6orf165	-2.44221802513046
DRAM2	-2.44244343525027
MRPL48	-2.44357313899726
NOC3L	-2.44436069954325
TRIAP1	-2.44483513519574
NEMF	-2.44525764451373
ZNF827	-2.44689208279694
EIF2AK1	-2.44700183019494
IRF2	-2.44886928571945
TPRKB	-2.44900763497648
EIF5A	-2.44944470333866
WDFY1	-2.44961753864024
NDUFV1	-2.4500032911825
TIMM22	-2.45224813907955
RAVER2	-2.45257511798892
ZNF217	-2.45289025349481
GADD45B	-2.45466708087691
NTHL1	-2.45476774851695
C3orf58	-2.45495426999547
GSTK1	-2.45644229071528
RAB20	-2.45671300529628
LINC01024	-2.45747824945489
IL1RAP	-2.45758697660689
RP11-87F15.2	-2.45857893916152
NDUFAF3	-2.45860345505554
TRAM2	-2.45947014865425
AC012314.8	-2.45967903166537
ZNF143	-2.4616794983306
EHBP1	-2.46198511750432
CEBPZ	-2.46381312474376
GLIPR1	-2.46606955917665
IL6R	-2.46705787263667
TMEM5	-2.46795628817881
ZCWPW2	-2.46819760079076
SLC6A16	-2.46896725933219
IPO5	-2.4706629979139
HIST2H3PS2	-2.47077922509327
NAF1	-2.47279007216641
ZNF41	-2.47429949948437
ZNF737	-2.47468770692003
MRPL24	-2.47569237663073
SYNJ2	-2.4764992025261
C2orf43	-2.47691328958613
VCPIP1	-2.47799268046809
TGDS	-2.47828576112288
C1orf54	-2.47918995008145
KIAA1958	-2.48005273994146
RP11-403I13.4	-2.48125071624602
PQBP1	-2.48160744143325
CRYBG3	-2.48364210657626
ZNF154	-2.48418947821839
FAM135A	-2.48425772583337
AC024940.1	-2.4843878835481
RP11-2B6.2	-2.48485015422029
NUS1	-2.48560439436911
SF3A3	-2.48561059104099
STAT1	-2.48568742562974
FAM227B	-2.48577435032971
BZW1	-2.48597184344531
SYTL1	-2.48646879987183
FBXL20	-2.4875722189922
TARDBP	-2.48777907411864
ESF1	-2.48867407117715
AC021224.1	-2.48886149991132
PSPC1	-2.49136512766949
FAM194A	-2.49161281122315
ZNF708	-2.49293177105012
NARG2	-2.49359448451431
ERCC8	-2.49367854489518
IMMP1L	-2.49476005942459
MT-CO2	-2.49701870151076
TNPO1	-2.49945896371706
P4HTM	-2.49993367201203
SAMHD1	-2.50178397835413
NGDN	-2.50342926586841
RP11-635N19.1	-2.50350420419235
CYP46A1	-2.50411175461407
RCSD1	-2.50427722527223
RP1-223E5.4	-2.50555716581629
XPO4	-2.50631852297691
TPTEP1	-2.50817442730708
GPR150	-2.50824720602582
DPH2	-2.50869402581699
TTC16	-2.5087222415673
UMODL1	-2.50949055624357
SOCS3	-2.51012499345627
C21orf49	-2.51141728099137
IL6ST	-2.51234660172829
AAAS	-2.513685866407
ACTG1	-2.51420427756386
GNPTG	-2.51471255204762
ZNF362	-2.51538649713054
CAPRIN1	-2.51621359140943
C3orf52	-2.5162556275543
ZNF426	-2.5169440429345
IFNGR1	-2.51899299856646
RNF168	-2.52004352390187
RP3-496C20.1	-2.52009404045424
TXLNB	-2.52049253235833
RFPL2	-2.52049650487518
NPW	-2.52100518944079
ATAD3C	-2.52160636649356
USP30-AS1	-2.52429623904028
BCAS2	-2.52470752460602
ZCCHC4	-2.52516970122577
ZNF675	-2.52685602426601
ADH5	-2.52962036640635
S100A12	-2.52991940570074
ZNF622	-2.53227574951543
MESDC2	-2.53360959021754
RP11-418J17.1	-2.53462595119237
ZNF780B	-2.53466586721435
CDK17	-2.53639846870879
AMN1	-2.54079379562477
PPWD1	-2.54520523167817
ZBED3	-2.54576389434725
TMEM41A	-2.5458016606197
EPM2AIP1	-2.54621319831142
PNKP	-2.54659560785551
AC005523.2	-2.54804986762687
ECSIT	-2.5490388096302
GRAP2	-2.5491871803314
PGAP3	-2.55126571918212
GLYCTK	-2.55182304973075
RP11-252A24.3	-2.55208270773186
NREP	-2.55340314529082
SPECC1	-2.55387436266511
EFHC1	-2.55404436093284
SNX11	-2.55449132136395
MT-ND4L	-2.55630374958399
PCBP2	-2.55763414870487
OAT	-2.55892208509452
WDR59	-2.56258458928428
RP11-395G23.3	-2.56259432168045
DYM	-2.56460152436772
LINS	-2.5649981151593
ABCG2	-2.56512930932047
SNX5	-2.56537682006287
KIN	-2.56941628970209
RP11-502I4.3	-2.56978852851109
KAT6B	-2.57048537506694
RP11-246A10.1	-2.57183441434657
UBE2V2	-2.5720911091865
TBC1D32	-2.5723226951857
CNN3	-2.5732998826106
IMP4	-2.57344792530782
AKAP10	-2.57413474561613
RNF219	-2.57427964353819
UQCR10	-2.57472127912315
LDHAL6A	-2.5753257463224
FKBP4	-2.5756256963534
SDAD1	-2.575794189852
SYNE1	-2.57596330895837
RNF44	-2.57674365136039
MOAP1	-2.57797264738646
CIAPIN1	-2.57844386923528
GIPC3	-2.57934368658425
SPIN3	-2.57960159700758
FAM129C	-2.58110551736629
SORD	-2.58199135086905
hsa-mir-150	-2.58335400161354
CRCP	-2.58344560485024
NKG7	-2.58404915723063
COX14	-2.58420010211818
FUNDC1	-2.5844812100395
C9orf142	-2.58668064946688
SEPT6	-2.58750998555436
PITHD1	-2.58818585613191
SSX2IP	-2.58835108715823
RP11-63L7.5	-2.58955905580818
APOA1BP	-2.59019985908379
EIF2B5	-2.59051625158816
PRDM13	-2.59066965744094
UMPS	-2.59245875383886
TMEM97	-2.59367063700159
RP11-115C21.2	-2.59378979385833
AC097721.2	-2.59434508071182
CCDC132	-2.59507142446456
RAD52	-2.59529570088748
DECR1	-2.59786014201668
KANK1	-2.59888678785108
MAML2	-2.59939424151631
MMP24-AS1	-2.59969110749482
GMDS-AS1	-2.59978999040332
KIAA0125	-2.60047110047924
KIAA1919	-2.60319911895381
HMGN1	-2.60326624712766
TRMT10A	-2.6047494957112
TARBP2	-2.60503354987438
RP11-539L10.2	-2.60533436742057
BEGAIN	-2.60598935348775
PRCP	-2.6060117045483
FBXO21	-2.60615823299639
RP11-79O8.1	-2.60711452574322
TIA1	-2.60724881624573
ZNF519	-2.60735696238524
FER	-2.607447505004
MCF2L	-2.60780946324771
RP5-884G6.2	-2.60852331956824
MTERFD1	-2.61082839253346
MGA	-2.61175453644031
INTS8	-2.61215645973418
ALG11	-2.61289807142272
TBP	-2.6129979454998
RP5-1068E13.7	-2.61452879999894
FAM210A	-2.61533438014461
NUBPL	-2.61556280870595
PRSS12	-2.61633934223993
CHIC1	-2.61953952053548
TXNL1	-2.62069440512407
QDPR	-2.62168219207696
TARS2	-2.62242987315286
CARF	-2.62273330204771
HSD17B8	-2.62372445603441
OXSM	-2.62389457780033
TBRG4	-2.62566990737495
ABI2	-2.62591402589198
ASTN2	-2.62756219244473
MYLK-AS1	-2.62862654591599
RP4-723E3.1	-2.62941932712956
CD40LG	-2.62984965279898
RP11-799D4.4	-2.63007382113342
H2AFV	-2.6301494054106
PDE12	-2.63090401639092
RP11-114N19.3	-2.63162234522846
RNASEH2B	-2.63183489277368
PPP4R2	-2.63260919029949
B4GALT7	-2.63342005812236
CRB3	-2.63426215673012
SMIM8	-2.63426243729223
C10orf25	-2.6361885880727
FSTL3	-2.63918899501219
SHF	-2.63953684797074
MT-ATP6	-2.64049566513037
PIK3R1	-2.64052556193239
NOP2	-2.64086657961687
SYT5	-2.64267920993016
XRRA1	-2.642798457865
SIRT5	-2.64321188259949
DTWD1	-2.64394973060778
UQCRFS1	-2.64415098691087
MT-CYB	-2.64454080454003
RP11-361F15.2	-2.64477842644577
SOX4	-2.64509038138384
ZNF333	-2.64682094619664
F8	-2.64713575248133
DET1	-2.64831458928983
PEAK1	-2.64842559731455
CUTC	-2.64942110622824
C2ORF15	-2.65145804589357
RP11-666A1.5	-2.65228802939897
C14orf166	-2.65507490587978
MGMT	-2.65548694567303
ACADVL	-2.65636722354812
IER3	-2.65653494465023
RP11-634H22.1	-2.65677669943293
CTD-3184A7.4	-2.65679243210196
SNAPC3	-2.65795207656186
GOLGA8I	-2.65841402231647
C9orf78	-2.66091860772109
ARHGEF2	-2.66092527543077
CEBPE	-2.66210274099655
ALS2CL	-2.66232591773408
PYURF	-2.66441220903536
RP11-679C8.2	-2.66481896296004
ZSCAN30	-2.66500977962419
CD164	-2.66555472424524
XXbac-BPG252P9.10	-2.66577710259186
SLC15A2	-2.66677498419636
PARP8	-2.66683627395392
LOH12CR2	-2.66694044261348
RBBP4	-2.66708957709299
ARSG	-2.66723732391102
RP11-63P12.6	-2.6684217843467
RP11-792A8.4	-2.6688867307499
AC015987.2	-2.66998946737502
GRSF1	-2.67017308109339
RBM10	-2.67020597352694
UVRAG	-2.67032227890903
NMNAT1	-2.67247359628226
GRPEL1	-2.67337579806583
HSD17B6	-2.67339056477565
AC142528.1	-2.67415188052391
CTD-2302E22.2	-2.67425331873039
NSUN6	-2.67590944864682
ZSWIM5	-2.67632869757142
RP11-111M22.3	-2.67651484688022
PLEKHA4	-2.67741648282687
RP1-125I3.2	-2.6784914172324
PGLS	-2.67920715308147
HOPX	-2.68124154437398
TBKBP1	-2.68147980170979
ZBTB18	-2.68211082311515
CDK5R1	-2.68306192759783
PEX6	-2.68343063205862
RIOK2	-2.68390260804157
ZNF207	-2.68491559691811
DISP1	-2.68531405402898
ST8SIA6	-2.68547047329266
GLYR1	-2.68555651255795
RP11-89F3.2	-2.68562573288098
TSPAN31	-2.68567373425999
TNFAIP8L2	-2.68569910630958
SMKR1	-2.68743921326494
THUMPD2	-2.6874556671023
ZNF195	-2.68799297848458
B4GALT4	-2.68846033326318
FAM19A2	-2.68911621559141
RP11-333E1.1	-2.69017005655645
FAM73B	-2.69072252156848
EDRF1	-2.69122996198766
RNF125	-2.69157462502742
CDO1	-2.69222488397509
RP11-137H2.4	-2.69251390257571
DDX56	-2.69342897198183
PFKM	-2.69359071656233
ITGAL	-2.69407843368983
AC145212.1	-2.69412480236259
AC009404.2	-2.69739728742466
TMEM63C	-2.69773159844775
IGFBP4	-2.70010529342213
CFP	-2.70390952196843
AC062029.1	-2.70419777994473
UNC50	-2.70667326133832
REXO4	-2.70707463942774
AKR7A2	-2.70718294527493
RP11-112J3.16	-2.70842495083069
UBA5	-2.70980731573551
MOSPD1	-2.71107574854429
MICU3	-2.71165128398304
ZNF783	-2.71223251542137
FAM49A	-2.71248741779336
NARS2	-2.71270613085571
EDEM3	-2.71331055379053
AGGF1	-2.7136218053599
SARS2	-2.71470303065291
TTC30A	-2.71481241576183
AGK	-2.71503443222157
ZNF442	-2.71635316937123
EXOC4	-2.71743574834847
RP11-381K20.2	-2.71856860007622
NCKAP1	-2.7186645479054
CD247	-2.71874371929559
LRRC1	-2.71887885427705
SMAD3	-2.71921367441085
POMT1	-2.71957105695136
C21orf119	-2.72263538155329
MAPK8IP3	-2.72530514554546
ZFYVE9	-2.72560001153258
PAPOLA	-2.72902419932467
AC074117.10	-2.72957591313613
LINC00544	-2.73008817008659
INSIG2	-2.73112600581652
POLR3C	-2.73278981020342
EIF3I	-2.73324051781019
TSEN2	-2.73429872197771
UBIAD1	-2.73526745031083
IRAK4	-2.73661862972242
SCRN3	-2.73718462502873
HSD17B12	-2.73876785743628
HAUS4	-2.73902748036204
NUDT11	-2.73943849665434
CRLF3	-2.74194992689307
MIEF1	-2.74202504129975
CUTA	-2.7423764779286
SUCLG1	-2.74271235488744
FBXO28	-2.74344526290481
BACH2	-2.74480405752469
ZFAND5	-2.74494504356357
RWDD3	-2.74529167577048
B4GALT1	-2.74623232360187
GPBP1	-2.74776831345244
TUBE1	-2.7497554000165
ATF1	-2.75017660577923
PARN	-2.75315319895723
RP11-118B22.4	-2.75322727717973
FNTA	-2.75418825698887
RASSF1	-2.75516726661609
ANAPC13	-2.75723197515689
AL592284.1	-2.75762499071716
MAD1L1	-2.75946787126783
AC007773.2	-2.75993839010443
ADPRM	-2.76010046498545
CPNE2	-2.76236142030414
RWDD2B	-2.76257749344155
SLMAP	-2.76358866952396
PTPRE	-2.7639806813454
NAT10	-2.7656299757766
HCG11	-2.76584582271234
LSM4	-2.76677598464378
PEBP1	-2.76680906740671
GATM	-2.76702943080731
MIS12	-2.76733029129504
NUDT17	-2.76827684266692
ATP8A2	-2.7689077516063
RP11-572M11.4	-2.76955095627325
BCAS1	-2.76982272754236
ZBTB25	-2.77282035379732
SYDE2	-2.77302496743491
SRD5A3	-2.77319917935772
EGLN3	-2.77337742033643
RP11-510J16.5	-2.77413028785561
ARHGEF11	-2.77486003789187
CTD-3214H19.6	-2.77525785566576
PAN3-AS1	-2.7777839053196
XRCC4	-2.77895582419389
RDH14	-2.77904315187325
NUAK1	-2.77927856640441
ZEB2	-2.78006050512128
C19orf12	-2.7806339222338
C6orf226	-2.78168876410652
MRPL9	-2.78373820156797
C14orf159	-2.78595266913446
PRMT5	-2.78612568653859
MAST4-AS1	-2.78631071110743
SWI5	-2.78736202649745
PKIG	-2.78984223625684
CTD-2007H13.3	-2.79056319245215
ZNF300	-2.79312493944709
RNF138	-2.79384226265493
POLR1E	-2.79577514930881
CTD-2376I20.1	-2.79615650079464
PGBD4	-2.79676602100848
ORMDL3	-2.79718121057504
SNORD3A	-2.7974327595517
SNX12	-2.79913633530016
MIA3	-2.80151328658349
PLA2G10	-2.80319559473188
MAGOHB	-2.80342360547252
LINC00863	-2.80358010664718
SCAF4	-2.80426439176424
ZNF83	-2.80544777167899
UHMK1	-2.80628859216762
RDM1	-2.80830071440168
CHRNA1	-2.80869028438763
TERF2IP	-2.81028201116084
RBM4	-2.81041611988013
AC002467.7	-2.81091945169197
WDR3	-2.81121580179808
GPR25	-2.81249750136599
RP5-1180E21.5	-2.815157615183
CTD-2035E11.3	-2.81595224897866
NKAPL	-2.81666783339395
CKMT2-AS1	-2.81781955262786
NHP2	-2.81947087077993
PSMD5-AS1	-2.82003733418245
PSMA8	-2.82017332312876
CTC-273B12.10	-2.82063588984326
POT1-AS1	-2.82076736418183
USP40	-2.82141523881309
FAM53A	-2.8218918938471
ANXA2R	-2.8220281404132
ERRFI1	-2.82239449024255
RP1-179N16.6	-2.82359484213697
AC093677.1	-2.82373277162256
ARMC8	-2.82397156819001
FRA10AC1	-2.82512971965707
RP6-206I17.1	-2.82653721897396
MXRA8	-2.8267281484164
C10orf95	-2.82838434284399
SYNC	-2.8312291763772
CTC-435M10.3	-2.83175512305785
ALG2	-2.83252372246968
CYTH3	-2.83330407540952
HEXIM2	-2.83386461239537
YME1L1	-2.834679254168
FSTL4	-2.83470868935065
MED12L	-2.83477242798365
RP5-1050D4.5	-2.83487456655219
HNRNPH1	-2.83543011010386
SLC35E2B	-2.8366657745201
RP11-11N7.4	-2.83674211834612
ERV3-1	-2.83691329904711
SRBD1	-2.83743903714691
SYTL2	-2.83775554377934
CTD-3193K9.4	-2.83815961398457
NAT9	-2.83954902822665
RP11-318A15.2	-2.83957944653547
KNOP1	-2.83961397363749
SLC9B2	-2.8396485552792
DNAJB14	-2.83986833325041
CD320	-2.84035128742631
RBM11	-2.84308756648691
ACP6	-2.84478524020086
TCHP	-2.84494158085066
COG6	-2.84661500836936
RP11-327P2.5	-2.8471110520072
RP11-602N24.3	-2.84721165508883
NUDT9	-2.84754047904711
ABHD13	-2.8488051605949
RP4-549L20.3	-2.84930663468575
REG4	-2.84960613579201
SLC35B3	-2.85059307326934
ACCS	-2.85165783925438
RSAD1	-2.85402699282236
PRMT5-AS1	-2.8549939508805
AMOT	-2.85538907756713
LL0XNC01-116E7.2	-2.85577749555478
AC007246.3	-2.85625472709308
UQCRH	-2.85661653467643
ZNF391	-2.85788425512828
MTERFD2	-2.85814212303626
PNKD	-2.85845483689893
RP11-547D23.1	-2.85889786077334
FAM199X	-2.85897411101005
ACAP2	-2.86039794695212
DNAJC27-AS1	-2.86062207061684
GSTA4	-2.86140200478662
RP11-713M15.2	-2.86164943888097
CTD-2203K17.1	-2.86244804064846
ATOX1	-2.86317755807639
LINC00920	-2.86370544620206
NIF3L1	-2.86524590385452
RETN	-2.86576037326011
ZSCAN16-AS1	-2.86626405744562
ZFP2	-2.86669074002794
NAA15	-2.86729987493951
CPQ	-2.86853699243195
KCNMB4	-2.86854693660494
FAM229B	-2.86951312630142
IL12RB2	-2.87265244315785
CTD-2651B20.3	-2.87415912464491
INPP5B	-2.87589432013006
ZNF181	-2.87593459114448
SPIDR	-2.87681245219891
ABCD2	-2.87746719172917
COMMD6	-2.8779788848581
RP11-222K16.2	-2.87844123728143
ZNF814	-2.87954130317271
CTB-129P6.4	-2.8800283554033
ZNF680	-2.88044269522083
MIR181A1HG	-2.88117449992366
COX11	-2.88250827354625
ZNF595	-2.88430348029117
LYRM1	-2.88531782391105
TRIM17	-2.88654754170644
RP11-500C11.3	-2.89013670248375
RP4-548D19.3	-2.8905721071836
CCT2	-2.89283594949754
HIST1H4E	-2.89719731851658
ACAD10	-2.89786572503233
TCEA1	-2.89786856572018
NUGGC	-2.89826343922174
SEP15	-2.89856861755108
JUNB	-2.89975341903128
URB2	-2.89979107722924
DDX6	-2.90008289938634
RP11-473M20.14	-2.90034655782775
ARMCX2	-2.90185195638123
ACADM	-2.90206274242118
TRMT2B	-2.90294506329025
PRF1	-2.90325694900097
FBP1	-2.90360947210516
METTL7A	-2.90384839193814
ERGIC3	-2.9054398047931
NAGPA	-2.90976642165187
RP11-291B21.2	-2.91096370675204
FNIP2	-2.91251383403936
EML5	-2.91275013944332
CTD-2287O16.5	-2.91350555319249
UPK2	-2.91388646023161
RHOH	-2.91416987566628
PLAGL1	-2.91567684599464
MRPS26	-2.91594435343001
MYO15B	-2.91893075856049
SH3BP5-AS1	-2.92143596448437
CUL5	-2.92160616433418
GSTO2	-2.92175545566085
SNRPA	-2.92487572211556
MRPL14	-2.92515474091613
P2RX5	-2.92548633216342
EXOSC1	-2.9260803709084
PRR3	-2.92621492178868
OGFOD2	-2.92651421492685
RP1-102H19.8	-2.92665286994365
N6AMT1	-2.92791882719191
MAP3K7	-2.93078277739932
OCIAD1	-2.93314616994913
ZNF165	-2.93353631820085
ZNF280B	-2.93638023998714
CHEK2	-2.93755461929995
RIMKLB	-2.93795485313912
U47924.31	-2.9387398825155
P4HB	-2.93874064577206
PHLDB3	-2.93932388387442
ZNF138	-2.94114338960359
UTP14A	-2.94191788246537
AC109826.1	-2.94291443296823
ZSWIM1	-2.94480921794978
PRKCA	-2.94562235852537
IMPACT	-2.94690852671254
CTB-180A7.3	-2.94718021646247
CDK8	-2.94797054396329
BAIAP2	-2.94857013414118
CCNT1	-2.94935588962399
RP11-544A12.4	-2.94970075613883
AIF1	-2.9502172208068
OARD1	-2.95181952098411
SNX18	-2.95399548438659
SDPR	-2.9539999468242
HELQ	-2.95515883768646
DCAKD	-2.95872673042022
N6AMT2	-2.95915818751851
SLC25A11	-2.9596830743532
RP3-477O4.14	-2.96116870824722
TIMM10B	-2.9619034501677
UROS	-2.96219200109458
MRPL55	-2.96255565198586
RPRD2	-2.96257931098719
C9orf85	-2.96286098680534
NEK9	-2.96286715772558
TRNT1	-2.96443377849775
FAM157B	-2.96510176016773
MATN1-AS1	-2.96580694274138
H3F3A	-2.96859462896634
GRAP	-2.97120654431105
ISYNA1	-2.97127549746865
POMK	-2.97377709689183
MT-ND3	-2.9753024618602
NDUFB11	-2.97576756928982
TMED2	-2.97616757329165
IARS	-2.97712321067683
PITPNA-AS1	-2.97715543729787
TMEM177	-2.97755661025898
SLC15A4	-2.97758409575554
PRICKLE1	-2.97828493969781
ZC3H14	-2.97854212995466
PRPF3	-2.97978847694732
TIGD7	-2.98070212919333
RP11-452L6.7	-2.98136239357652
CCT5	-2.98218378375127
MORN4	-2.98218685462246
ZNF596	-2.98272158636444
SCML2	-2.98459544312379
ZNF720	-2.9862993932073
MANF	-2.98666755780031
AC006449.1	-2.9881396154779
CRTC3	-2.9932173778847
BZRAP1-AS1	-2.99365044473597
AC103801.2	-2.99591298267883
HNRNPM	-2.99753018020202
CD19	-2.9979937861812
ZNF169	-3.0009620321054
MCC	-3.00143952786351
TAF12	-3.0028004969028
SMEK2	-3.00530425068474
UBE2G2	-3.0063977632599
CYGB	-3.00827387678379
DFFB	-3.00895100286579
EXPH5	-3.01072587891668
TANC1	-3.01125686479218
ZNHIT2	-3.01327553956725
SEC23IP	-3.01330667774553
NUDCD1	-3.01591526111789
SASH3	-3.01598852225266
TMEM204	-3.01767884895847
PAICS	-3.01788593165952
L3HYPDH	-3.01814077556594
ZZZ3	-3.01853888891433
RP11-110I1.12	-3.01920650299898
RAD54B	-3.02065504814367
METTL21A	-3.02211913534773
ATHL1	-3.02239327511322
C10orf2	-3.02585547902744
BBS2	-3.02672970717268
RBKS	-3.02894752507617
AC016757.3	-3.02937085345043
TRMT11	-3.03026545250774
RP13-297E16.4	-3.03074637541936
KLHL8	-3.03181086878769
FKBP7	-3.03248934395461
ZNF337-AS1	-3.03334497598321
KIAA1432	-3.03516477950665
HEATR5B	-3.03601333408088
TCEAL3	-3.03969214561197
MCCC1	-3.04036272492125
TMEM99	-3.04227080457486
RP11-110I1.13	-3.04314301457419
BTD	-3.04472555791405
AARS2	-3.04499102661426
MAP4K5	-3.05043416423548
GAB1	-3.05231684859841
PIGK	-3.05304401331215
CTD-3203P2.2	-3.05348629576492
CD47	-3.05574975459802
HSPBP1	-3.05589997886883
HSPA8	-3.05607972937937
C1GALT1	-3.05680238453201
C9orf41	-3.05716346798974
CTD-2260A17.2	-3.05784115942044
RPUSD3	-3.05988580872542
MMACHC	-3.06010753682623
ZNF496	-3.06059858969651
LINC00469	-3.06090350816348
HMGN3	-3.06211262111998
SBF2	-3.06409529717424
CDC73	-3.06481661308525
EMG1	-3.06515138740217
ATP5G2	-3.06522303339771
IQCA1	-3.06575674890438
MRPL44	-3.06609054746217
MORC2-AS1	-3.06625180941063
MAP3K1	-3.06648684346448
TARBP1	-3.06884907603188
ZNF141	-3.06885789089491
AC144449.1	-3.06910373730238
HYLS1	-3.0692155224482
AAMP	-3.06977030210547
CDK4	-3.07043353419094
HMG20A	-3.07079937569702
CYP2F1	-3.07208497978236
NCR1	-3.07218352678748
RP11-449H11.1	-3.07257173248358
ADK	-3.07266768139505
ZNF717	-3.07353019692315
C15orf61	-3.07399978370853
PFKFB2	-3.07419714237824
RNF6	-3.07656778242381
PRPF18	-3.07674288869115
CTD-2410N18.3	-3.07885050868804
DXO	-3.07966962520304
MTERFD3	-3.08267857505752
RP11-126L15.4	-3.08348747108365
GHITM	-3.0838857493192
TBPL1	-3.08393626967614
DPH6-AS1	-3.08625343890219
MKRN1	-3.08690325157581
HMBS	-3.08746626874617
ZCCHC14	-3.09150591681112
RNF139-AS1	-3.09675509632251
RP3-512E2.2	-3.09692474087168
ZNF665	-3.09708249403838
TCF12	-3.0980676355271
TTC17	-3.09911351205139
YARS2	-3.10042926654641
NUFIP1	-3.10107323867501
MRPL20	-3.10367961089865
LINC00493	-3.10423401557595
FAM220A	-3.10426284971848
SUPT20H	-3.10434029858081
RP11-348F1.3	-3.10442627631205
EBAG9	-3.10544331388048
AC110771.1	-3.10585033301862
C11orf65	-3.10875074642868
NFE2L2	-3.11018075616129
RP11-332H14.2	-3.11039766510226
RAB4A	-3.11078376685937
GPX7	-3.11162632424038
CDKL3	-3.11438057603663
PHKB	-3.11629545051471
LINC00526	-3.11681648716725
ARIH2OS	-3.1170118960449
IL4I1	-3.117869665767
CTB-55O6.12	-3.11832918790734
HDAC7	-3.11961659702213
GYPC	-3.12213249546993
NXT2	-3.12310716819981
MLH3	-3.12499510139975
ADCK1	-3.12539547316362
NOC2L	-3.12656309185355
LINC00869	-3.12690052656141
TTC18	-3.12719343586579
RP11-403I13.8	-3.12979161280636
KIF9	-3.13226032609418
RP11-72I8.1	-3.13345521392533
ZNF302	-3.13366792577533
CELSR1	-3.13602820516615
TMEM30B	-3.13703486092459
CTD-2541M15.4	-3.13705902075795
PNPO	-3.13729586409427
LINC00441	-3.13823485693836
ENOX2	-3.13872630905809
RIMS2	-3.13936519197773
CDK5RAP1	-3.13936742403844
AC062017.1	-3.1394275056938
USP39	-3.13990585766426
AASDHPPT	-3.14120616903679
SIAH1	-3.1455174648497
LIMA1	-3.14564519064834
LAGE3	-3.14660872218286
RWDD2A	-3.14708521662859
OXLD1	-3.14797965854878
HEATR3	-3.1482705937834
NANS	-3.14866979670052
KLHL11	-3.15080354474526
BLMH	-3.15235283522311
SUMF2	-3.15427733775244
CACNA1C-AS2	-3.15429608997856
RP11-708J19.1	-3.15531096679313
RAMP1	-3.15621711127552
KRTCAP3	-3.15820836184986
ZNF493	-3.15948313009127
RP11-359K18.3	-3.15970214814987
FAM179B	-3.16066786043527
FNDC3A	-3.16118869579968
PRKCE	-3.16173149219626
EIF1AX	-3.16271545075972
THTPA	-3.16322342307555
GIMAP8	-3.16344946610439
FAM159A	-3.16384618411694
CSAD	-3.1686107686546
CAT	-3.16866368220784
ATRX	-3.16943380938576
RP11-85A1.3	-3.17270186678326
RP11-254F7.2	-3.17288927011876
CTD-2562J15.6	-3.1752562892507
AC093627.9	-3.17606174653409
HM13	-3.17730254120855
RANBP6	-3.17931734291186
PAWR	-3.17936168047589
PXN	-3.17961595836005
ANKS6	-3.17999610539318
PUS7L	-3.180741734811
DCK	-3.18239426367487
AC064834.2	-3.18408263027857
TBX21	-3.18511067460427
FAM162A	-3.18991157653457
GPR18	-3.19070528937156
RP11-284M14.1	-3.19142583886085
THAP9	-3.19146021773135
TAF4B	-3.19203856750622
C9orf147	-3.1959696342055
SMIM11	-3.19651574806649
ERGIC1	-3.19795193748598
CIRBP	-3.19811737382233
ZSCAN5A	-3.19818086739358
FAM217B	-3.19892148458268
HPDL	-3.20026949570516
MRPS25	-3.20056997625413
HECTD1	-3.20092685777993
SUPT4H1	-3.2012391247146
CCDC69	-3.20335271336305
ACADSB	-3.20348018495088
RP11-455F5.5	-3.20525298861579
DNAJC3-AS1	-3.20557277445798
ZNF606	-3.20603348374537
GTF2H3	-3.20872683554557
IP6K2	-3.20946463273053
MAF1	-3.21107297218624
AC093609.1	-3.21172351721116
TMEM69	-3.21294806284939
QTRT1	-3.2165548359956
DPAGT1	-3.2183408822988
AC025171.1	-3.21882814569781
SSH2	-3.22070690531049
TNK1	-3.22215399384366
HID1	-3.22301485016447
BNIP1	-3.2234191203962
ZNF721	-3.22350228900426
ANKRA2	-3.22507750839061
TRA2A	-3.22578750248449
GYLTL1B	-3.22628521234133
RP11-385F7.1	-3.22683326902831
MRM1	-3.22798582656617
RPH3AL	-3.22851997359249
PIGC	-3.2288371517449
ZNF580	-3.22904712481606
ARSK	-3.23015349777481
RP11-404F10.2	-3.230447737984
RP11-301O19.1	-3.2306138324301
GBP5	-3.23073615916272
USP28	-3.23188150429033
CREB3L4	-3.23361494905126
ZNF692	-3.2336512135388
C19orf10	-3.23368439730367
CCDC163P	-3.23499266536761
RP6-114E22.1	-3.23702293817532
C2orf47	-3.23738084605909
SLC9B1	-3.24025615725702
OXT	-3.24155952091438
RP11-266N13.2	-3.24215539293797
YTHDF3-AS1	-3.24318005962366
RPP25	-3.24363378289544
AL354822.1	-3.24447652259783
GNS	-3.24489430547001
CAMK2G	-3.24543872747967
RP11-60I3.5	-3.24664610044854
CTD-2342J14.6	-3.24817731166602
SAT2	-3.24873738563562
TBXA2R	-3.24899540027549
C6orf211	-3.24966798691905
MINPP1	-3.25056109626878
LSM3	-3.25376207724324
RP11-46C24.7	-3.25455565335546
TTC27	-3.25632268862487
FST	-3.25683159678758
RP11-398H6.1	-3.25786842264323
ATL1	-3.25905640293283
HDAC9	-3.25945767706118
EFR3A	-3.2594821332809
PMS2	-3.26182017084946
C7orf55	-3.26333950265108
TRIM52	-3.26502980435709
PSMB4	-3.26559097325367
ACBD4	-3.26583134444264
SLC16A7	-3.26645196510296
SLC2A7	-3.26715696820825
ZNF483	-3.26943853596297
RP11-295G20.2	-3.27081281778778
TFB2M	-3.27308626656593
WDR75	-3.27358634225119
RP11-108M9.6	-3.27523204223452
LYPLAL1	-3.27682761910953
SELM	-3.2777283785503
ALDH6A1	-3.27775354832193
CASC1	-3.27795878990882
RPS29	-3.28164606335543
PRUNE	-3.28353506368222
COA5	-3.28671706339305
AUH	-3.28720081005154
AP001046.5	-3.29201822436318
LINC00115	-3.29317386565794
TBC1D14	-3.29472220398199
PET117	-3.29477910267183
LINC00623	-3.29581693920416
GEMIN5	-3.29649533679515
PLA2G2C	-3.29654022642097
PCBP1-AS1	-3.2966216439149
CASP4	-3.29753762505127
TMEM220	-3.30299444804761
LONP2	-3.30403137496335
HELB	-3.30428926726789
RP11-169K16.9	-3.30678158337195
IPO9-AS1	-3.30809567557624
C10orf91	-3.30869599814842
TMEM209	-3.30895523184591
MTRR	-3.30935762547483
IFT46	-3.31044383742943
ZNRD1-AS1	-3.31053415287736
MRPL3	-3.31064435832398
NSUN3	-3.31098721496883
MYO3B	-3.3110101677742
GNLY	-3.31240797695216
AC093901.1	-3.31460896530244
ADCY9	-3.31536697241773
PHF3	-3.31634927742701
SEPHS2	-3.3190846239716
ZMYM4-AS1	-3.32143908153945
PDE6G	-3.32367615832415
FLOT1	-3.32480050056219
CTBP1-AS2	-3.32506085927015
SLC44A1	-3.32533333524709
NAE1	-3.32850514673293
A2M	-3.32934562341325
CITED2	-3.32990715421435
RP11-649A18.12	-3.32990847944906
PEX11A	-3.33190890764936
COQ5	-3.33229185484291
RP4-758J18.2	-3.33304652998355
ACE	-3.3332402247373
ZNF431	-3.33395038223546
PCMTD1	-3.33504022164383
SSTR3	-3.33597364271676
TRAPPC10	-3.33771411177944
FUT10	-3.339547997251
JAK1	-3.34376376147363
SLC17A3	-3.34439827195184
CCND3	-3.34545571024423
ACO1	-3.34587031927414
RP11-299J3.8	-3.34685884744707
ZDHHC4	-3.34755272224727
KIAA1586	-3.34880105792637
HNRNPA0	-3.34946491224763
NFXL1	-3.34985857825753
MRPL11	-3.3510958780784
RECQL5	-3.35204773811151
RP11-91G21.1	-3.35770656209584
MTRF1	-3.35807704566749
LYRM5	-3.35897122516272
SCAND1	-3.36019822457801
USP44	-3.36026251494203
C1orf63	-3.3602966877749
LBR	-3.36317955929301
NT5C3B	-3.3648648883595
NDUFB2-AS1	-3.36543817479926
NLE1	-3.36613658654031
ALDH18A1	-3.3664195011282
AC022182.3	-3.36704922053203
REEP6	-3.36724524734863
AXIN2	-3.36921024775679
ATR	-3.37082394094469
GMPR2	-3.37360577636966
MTA3	-3.37815651201528
GIMAP2	-3.38056774385234
ARF4	-3.38179008037248
SERBP1	-3.38483627111558
SPIN2B	-3.38614406887933
CCDC58	-3.38692522745216
FAM60A	-3.38823646152457
C9orf96	-3.38866533515646
MAPRE3	-3.39003727941834
RPL34-AS1	-3.39206099928468
C9orf114	-3.39302492901416
COG2	-3.39356190584784
GATAD1	-3.39452855387117
DHPS	-3.39506730261216
KIAA0141	-3.39589739105164
TUBD1	-3.39787236475486
ADAL	-3.39813274308899
ARL4D	-3.39856055230763
RP1-197B17.3	-3.39947174681742
ST7L	-3.40035616257965
AC008063.2	-3.40340177328308
IKZF1	-3.40596455718632
CTSG	-3.4063184955338
FITM2	-3.40734066640376
IGSF22	-3.4096984038497
C12orf40	-3.40975137030295
NSL1	-3.4107866696793
FGD3	-3.41353994628511
MAT2B	-3.41685908315188
NIFK	-3.41702833284649
XKR8	-3.41716574793743
DCP2	-3.41811698414958
ZNF835	-3.41889015152076
PPP1R14C	-3.41948524826856
URB1	-3.41962051977675
TMC8	-3.41980055651022
ST6GALNAC1	-3.42170875268957
CDC14B	-3.42295773874099
MYBBP1A	-3.42310710742481
RP11-522I20.3	-3.42887940612064
MFF	-3.42915649615696
LINC00278	-3.42924355163136
TRMT61B	-3.42992152322877
FAM173B	-3.430227869263
MRPL40	-3.43316468974122
TMCC1-AS1	-3.43587057354395
RP11-573D15.8	-3.43656213470689
TRAF3IP2-AS1	-3.4377987227448
MORN1	-3.43809567953817
KIAA0391	-3.44290741993793
ISG20L2	-3.44320398663855
RPF2	-3.44338974583787
PAK1IP1	-3.4460691092537
UBE2E1	-3.44717685328916
SSSCA1-AS1	-3.4483564074347
ATAD2B	-3.44947066698551
ZCWPW1	-3.44958822381657
C7orf49	-3.45054822498562
CHI3L2	-3.45158297088528
TRAP1	-3.45342616462685
KIAA1217	-3.4549573912431
PTCD2	-3.45547993560421
NBPF1	-3.45695976283178
SDHC	-3.45730725468102
RP11-983P16.4	-3.45884570773596
SLC35G1	-3.45884666730396
NMD3	-3.45909436414717
HIC1	-3.45959603961544
C5AR2	-3.46074533492889
CNN2	-3.46166231890738
RBM48	-3.46329112740187
TRIM16L	-3.46667554041717
KB-1507C5.2	-3.46751143908804
TMEM218	-3.46770622220062
SIDT1	-3.46878780689735
EAF1-AS1	-3.46999003107367
SFXN2	-3.4715487810425
SALL2	-3.47364038401626
ZNF117	-3.47372133634113
ZHX2	-3.47414892692063
MRPL46	-3.4775879230597
RP1-234P15.4	-3.47770853576218
HPS1	-3.47795886487602
TAPBPL	-3.48110757672836
BTBD8	-3.48146812024714
AC104653.1	-3.48286108588007
AC140481.2	-3.48561484416701
RNMTL1	-3.48727745525543
LPIN1	-3.48823936998911
RP11-755B10.4	-3.48965724497077
METTL16	-3.49174288480848
TCEAL1	-3.49320959638609
AC011841.1	-3.49471134282224
TUFM	-3.49541659214857
ANKRD44	-3.49819075883653
DNAH10	-3.49990513585314
RP11-1017G21.5	-3.50019986191812
POLL	-3.50194730822497
RRN3	-3.50924127237267
ACYP2	-3.51207410349342
HOMER1	-3.51452005585025
USP53	-3.51464516966496
PFAS	-3.5161853648771
RP11-430B1.2	-3.51644111113546
EID2B	-3.51646175097941
SLC35C2	-3.51713517963099
FHL1	-3.51738617886959
CTD-2514K5.2	-3.51842937984513
MAK16	-3.52072876508956
KCNA3	-3.52107881613422
DHFRL1	-3.52127615907954
POMGNT2	-3.52454095595622
CTD-2506J14.1	-3.52577410776106
TRMT1L	-3.52673485075578
RNU12	-3.52746732813206
AGPAT5	-3.53105102718449
TRAT1	-3.53185969063702
RAB37	-3.53202362546895
RP6-206I17.2	-3.53218060890313
ATP5F1	-3.5346614624902
MAP6D1	-3.53546390333664
LIMS2	-3.53659944927605
HERPUD2	-3.53803221148727
OSBPL1A	-3.54014673980135
RP5-1092A3.4	-3.54337628130664
AC012358.8	-3.54385450702016
MBLAC2	-3.54530642242814
RP11-308N19.1	-3.54618885114396
RCC1	-3.54714592809383
MIR4519	-3.54718498988872
NDE1	-3.5503774811205
OSTF1	-3.55102087813742
TATDN1	-3.55137345258443
CTD-2366F13.1	-3.55499908598373
CTSO	-3.55518427748757
TP53TG1	-3.55617492540845
KATNAL2	-3.55641525645705
ICAM4	-3.55968419502458
COG5	-3.55993956664841
EEF1D	-3.56072458008297
FERMT2	-3.56093068698372
ZNF781	-3.56093568589542
RASIP1	-3.56203576734633
RP11-486G15.2	-3.56327167380213
MIB2	-3.56462324705463
ZNF516	-3.56470766985192
RP11-326F20.5	-3.56564010312064
KCNH3	-3.56565075860655
ARHGEF6	-3.56583412363163
RP11-334C17.5	-3.566245495616
CTC-523E23.11	-3.56663794278282
RP11-936I5.1	-3.56754280911952
RCN3	-3.56811856641484
MORF4L2-AS1	-3.56873088843971
C21orf33	-3.5709007698804
SYNRG	-3.57241321989792
AHCY	-3.57322314315104
RP11-660L16.2	-3.57327731992818
LITAF	-3.57366176986147
PTDSS1	-3.57426503913979
AFF4	-3.57631057553391
RP11-383C5.4	-3.57678008462273
NFRKB	-3.57702236044406
REL	-3.57891617319432
CLCF1	-3.58133979641646
ZNF277	-3.58239407239522
CYTIP	-3.58289392490903
SEMA4C	-3.58340308075196
CHD9	-3.58399787614204
TRMT1	-3.58407251546357
ARMCX5	-3.58551954484313
ZSCAN18	-3.58594013617237
AL645728.1	-3.58744567311241
ZNF638	-3.58789629744809
CTA-211A9.5	-3.59032706172538
RP4-798A10.7	-3.59358059297535
TRIM4	-3.5937383450963
CTD-2213F21.3	-3.59585770657541
SNX29	-3.59615412276576
CAMKMT	-3.59638533718415
GCC2	-3.59641967763198
ARL5A	-3.59697560898897
PNRC2	-3.59791177885384
IVD	-3.59930961564731
SNHG9	-3.60046023157274
TAF15	-3.60239442478461
TSHZ1	-3.60410582245286
MYOM2	-3.60606587865581
ZBED5-AS1	-3.60655586059737
DDX28	-3.60663657053831
RPN2	-3.60684158122966
GTSCR1	-3.61004151267462
RP11-468E2.5	-3.611160717698
ASRGL1	-3.61214085645064
TRMT12	-3.61319336983862
AKAP17A	-3.61353999716934
RP11-146F11.1	-3.6172512456665
CD40	-3.61759786095319
IRS2	-3.61772827681655
MAP10	-3.6178516349808
RP11-347C12.3	-3.61895364718683
ABHD10	-3.61992724544441
FHL3	-3.61996117087986
HIBADH	-3.62160944977479
WDR63	-3.62183783349819
C5orf56	-3.62306253287004
MPP6	-3.63149764439573
RP11-134N1.2	-3.63428779910466
RBM39	-3.63516159203376
TMEM44-AS1	-3.63846621592142
ARHGAP5-AS1	-3.64050075748059
CD244	-3.64200219795022
DTNBP1	-3.64476402958366
ESPN	-3.64522361953481
ASAH1	-3.64645589850592
C1orf56	-3.64701491623076
RP11-206L10.2	-3.64759688525842
RAB11FIP5	-3.64851910911525
RP11-35G9.3	-3.64859188886644
MRTO4	-3.65255432907467
ZNF280D	-3.65342574140602
CROT	-3.65499174525627
DNAJC4	-3.65570549762892
ZNF540	-3.6562688017045
ZMYM1	-3.65678944406083
ZYG11B	-3.65815747152218
CCNL1	-3.65863672883143
DMKN	-3.65923100618073
NSMCE1	-3.66006706838691
MAPT	-3.6607067526209
TRMT61A	-3.66372332728227
MCF2L-AS1	-3.6655390874526
XRCC5	-3.66843032142832
PGBD2	-3.66851482662618
SLC25A36	-3.6691642707228
SECISBP2	-3.67025096164004
AC105760.2	-3.67068409164451
WDR36	-3.67425204158823
RPL26	-3.67626143142065
TMEM260	-3.68164453679012
BTBD11	-3.68167821732708
LINC01136	-3.68248907595114
TTTY14	-3.68399289167132
SNORA76	-3.68565984539199
PRRT1	-3.68589393831951
BTG1	-3.6884832301862
ZNF577	-3.6906190884649
CAGE1	-3.69291704380349
CMBL	-3.69726828415424
EIF4A1	-3.69837531487431
MID2	-3.69874762649644
IL17RE	-3.70001741750526
CAP2	-3.70042859190074
MRPS30	-3.70595581016153
KDM4C	-3.70729951939572
B3GNT1	-3.70784893803512
HPCAL1	-3.70902742775705
ZRANB2	-3.71009209470596
FBXO9	-3.71013395257921
PPP6C	-3.71112714590939
LNP1	-3.71124004379056
MT-ND4	-3.71161039916612
ZBTB11	-3.712499584248
GTPBP8	-3.71421823688926
NAA16	-3.71432941124672
C12orf66	-3.71542311742115
LINC00886	-3.71984762389155
ADPGK-AS1	-3.72078695862084
TMEM161A	-3.72144680315385
MRPS35	-3.72185885105059
PAGR1	-3.72492760809182
CERK	-3.72516663961418
RP13-977J11.2	-3.73200337417953
TRIM73	-3.73218069492579
TMEM45B	-3.73283268845886
ELP4	-3.73322228761552
FOXJ3	-3.7339865451366
GS1-251I9.4	-3.73464346074058
ANKRD46	-3.73678975766576
SF3A1	-3.73705759353974
SERPINB9	-3.74241744864771
IGFBP3	-3.74332856430391
RP11-239H6.2	-3.7451925118896
LINC00663	-3.74574390372627
POMC	-3.74726730995904
RASAL1	-3.7483249758859
RP11-611E13.2	-3.7495892462297
RP11-434C1.1	-3.75171087514374
LINC00910	-3.75171957636561
ITGA6	-3.75197416483073
PDHX	-3.75291996205158
TNFRSF25	-3.75330729313517
ATP6V1G1	-3.75440860562628
RP11-442N24__B.1	-3.75613992563285
SETDB1	-3.7563629727336
USP6NL	-3.75705135524894
KLHDC1	-3.75811576753624
RPAIN	-3.75814602758619
RBM24	-3.75815021198297
ZP3	-3.75947953923401
PCDH1	-3.75999218158463
ANKRD31	-3.7605710315908
ZNF652	-3.76143103928567
THOC3	-3.76172964212859
NCKAP5L	-3.76364404220221
LSM14A	-3.76472134910221
LPHN1	-3.76489482176237
BCL7A	-3.76797549045892
RP11-140K17.3	-3.77163397682063
RASA3	-3.77330773831421
SYNGR1	-3.77510980494677
RP11-485G4.2	-3.77576409416871
VAMP5	-3.77855397135203
SH3BGR	-3.7785729964366
FCHO2	-3.77997183800993
RP11-297A16.2	-3.78022128223393
SLC30A5	-3.78126703844474
HBQ1	-3.78384623521676
FAM216A	-3.78394078811548
USP10	-3.78481818678232
BMI1	-3.78579380614747
SPINT2	-3.78637697273573
C1orf123	-3.78716926952481
RNF2	-3.78788614664836
TRIM61	-3.78842148665573
AC016629.8	-3.78930712404431
RP11-297N6.4	-3.79040437016127
TAF3	-3.79136215627475
C12orf23	-3.7929871896596
AK9	-3.79327404473508
NEIL1	-3.7933571175104
RAP1B	-3.79379242235762
RRP1B	-3.7964461940922
SSU72	-3.79767681284366
DNAAF2	-3.79847961041227
APOL1	-3.800011360848
FUNDC2	-3.80053635613631
TMEM243	-3.80105384086804
RP11-401F2.3	-3.8037057624936
VPS9D1-AS1	-3.80459170970515
DNAJC3	-3.8086291717516
SNAP23	-3.8102438377087
ZNF629	-3.81051873718517
GLO1	-3.8107067399675
PCF11	-3.81323860296111
ROBO1	-3.81467198664074
FLNB	-3.81568755838615
DDX21	-3.81637163621165
RP11-11N9.4	-3.81642223085318
CNOT4	-3.81692868664001
ZFY	-3.81757594033561
SLC33A1	-3.81923660934365
BET1L	-3.81947497577208
CYB561	-3.8206250974244
SLC27A5	-3.82260216677436
LIAS	-3.82278980348126
hsa-mir-8072	-3.82315384507967
ACY1	-3.8235217065415
NOL11	-3.82895799140608
RP3-323P24.3	-3.82907968282355
CCT7	-3.83601343347293
REV1	-3.83619791758314
ACVR1C	-3.83715637526595
ABHD1	-3.83838526098025
VHL	-3.84121655028485
SMYD3	-3.84253628474816
FAM49B	-3.84334387014877
SLAMF8	-3.84425469258616
GLRX	-3.84455830274772
PRKCH	-3.84513871511321
MRPS9	-3.85484664236508
CYP24A1	-3.86081024857405
REPIN1	-3.86439687934968
HDAC1	-3.8654641721507
ERAP1	-3.86616208402745
APRT	-3.86786003114549
KLF3	-3.86954845970168
LRRIQ3	-3.87018016883357
PRKCB	-3.87203224444116
RNASET2	-3.87252643292414
MYLIP	-3.87572766264391
SEC24C	-3.87671219128866
FAM66C	-3.87966478951939
POGLUT1	-3.88116040087723
ERCC4	-3.88181744247186
PLCL2	-3.88190441308713
RP3-467K16.4	-3.88291461868727
NPRL3	-3.88667724667101
HHAT	-3.88884169187546
RP11-126K1.6	-3.8916013104522
PWP2	-3.89164236471999
CEP68	-3.89214467538691
C8orf46	-3.89302681852229
ABCB7	-3.89324890557153
CRHR1	-3.89717085377232
LRIF1	-3.90091652253098
EPRS	-3.90165074705269
CNBP	-3.9035798942737
PSTPIP2	-3.90423265801563
CTC-228N24.3	-3.90467900604713
DDX17	-3.90536660460193
DDX5	-3.90824975253617
TTC39C	-3.90990795704686
PTGR2	-3.91336120361137
FAM43A	-3.91441599379948
GRB2	-3.91488458676828
PDIA3	-3.91513589440825
RP11-378J18.3	-3.91615280569511
MRS2	-3.91689446778233
MAST1	-3.91690983883285
ZNF263	-3.91793112648604
MRPL10	-3.92016746823976
RAP2B	-3.92106116301392
CRELD1	-3.92155519901647
IFT172	-3.92179037031965
LONRF3	-3.92291091485056
RP11-66N11.8	-3.92330987319384
FANK1	-3.92556004884201
RP11-10L12.4	-3.92631626235322
SMU1	-3.92803537773912
AC061992.2	-3.9296039326699
GAREML	-3.93055035937777
MEOX1	-3.93069194506578
ZEB2-AS1	-3.93307288563816
EPB41L4A	-3.93383483050342
HEMK1	-3.93952321463038
SEC31A	-3.93974702013867
YES1	-3.94279536050291
AC013264.2	-3.94656575417508
RAB11B-AS1	-3.94773311933437
RP11-429E11.3	-3.94805514353596
TRIM5	-3.9493401650649
CCDC28B	-3.94983457413543
SLC25A23	-3.95346742024849
TRMT10C	-3.95740658342769
HMBOX1	-3.95889671104667
ETV3	-3.95962639912143
THOC7	-3.95984693554841
SLC12A7	-3.96168887099463
GRASP	-3.9622533097987
RPS6KA1	-3.9629786622079
THAP2	-3.96307141636219
ITPRIP	-3.96314239441913
ZNF512	-3.96416173943014
C8G	-3.96553309807821
SRP14-AS1	-3.96633637877343
RNPC3	-3.96633726519429
IKZF2	-3.96706245888757
UTP23	-3.96795055661645
DPYD	-3.97049534957596
FAM45A	-3.97180639665982
INTS6-AS1	-3.97182813215094
AXIN1	-3.97227149409609
ICK	-3.97336774979489
TMEM156	-3.97457583970841
MPHOSPH8	-3.97588309130651
SPATC1L	-3.97889814158462
PRSS21	-3.98044070086346
NME4	-3.982472794883
PIGV	-3.98250580656879
RFESD	-3.98279537542946
NOB1	-3.98317986002714
HNRNPA2B1	-3.98347957561045
RASA2	-3.98921647591799
EXOSC5	-3.98929514307505
CERCAM	-3.98993280674742
LILRB1	-3.99499094773073
RNF216	-3.99560308073192
BTLA	-3.99581251513942
ZMYND12	-3.996991683915
PRRG2	-3.99752104710768
C11orf21	-3.99822677400324
ABCA1	-3.99937180001452
ERO1LB	-3.9994145120274
SPTLC3	-4.00046724998794
GDPD1	-4.00175171925015
PIGP	-4.00297789923518
SLC44A2	-4.00504392115062
RPL36A	-4.01100499691008
NOP56	-4.01154042917442
FN3K	-4.01156620538856
UPF3B	-4.0127565792928
LIPT2	-4.01377466157308
IFRD2	-4.01403741338406
ZMYND8	-4.01565389328426
MRPL34	-4.0224454701775
RP11-696N14.1	-4.02525018794138
TMED4	-4.02576254379235
HMGN5	-4.02600774834681
RP11-284N8.3	-4.02776266953943
TCTN1	-4.02887350482475
CEBPZ-AS1	-4.02948216382048
PIK3AP1	-4.03147017704711
PRPF40B	-4.0326012938617
HEMGN	-4.03501832333933
ZNF770	-4.03533079778641
UTY	-4.03667320815548
TMEM143	-4.03934764905263
ERBB2	-4.0438693644192
SLC25A45	-4.04434097891429
FAM172A	-4.04559919651779
MRPS33	-4.04601879770781
EPC1	-4.04936101209786
DGKA	-4.05089633754815
SDR42E2	-4.05093441461206
TMEM9B-AS1	-4.05339958965512
RPRD1A	-4.05408739816903
RNF126	-4.05527354546625
PIANP	-4.06138966357807
GMPS	-4.06177461653522
PNO1	-4.06324299556466
B4GALNT3	-4.06337142640941
DCHS1	-4.06342670400714
BRIX1	-4.07311573793343
LINC00528	-4.07630164683136
RP11-110G21.1	-4.07680243535698
SUGCT	-4.08262276388693
GNAL	-4.08439790578237
COQ2	-4.08572023500819
CENPV	-4.08826780587667
CFL2	-4.09131015413124
ADCK3	-4.0917908758796
PJA1	-4.09242714532185
AP003733.1	-4.0926171169159
NHLRC4	-4.0956625335859
EPHX4	-4.09667604162409
USP46	-4.09810185975457
GNPDA2	-4.09909756595544
HBA1	-4.09914645207354
LMF1	-4.10275887986473
Y_RNA	-4.1032467897891
DBN1	-4.105570947364
ZNF830	-4.10746263226357
ZRANB3	-4.10863930379034
LUC7L3	-4.11207040764868
CASP10	-4.11210286548588
DKC1	-4.11248606392359
AC129492.6	-4.11355275511853
ME2	-4.1135918761047
OSTC	-4.11379252517451
PPIH	-4.11479410771687
PODXL	-4.12707998675636
CA2	-4.13155511175319
TMCO6	-4.1382783392922
STX18	-4.13940184590701
PAFAH2	-4.13992582895991
CIRH1A	-4.13996094637583
ZSWIM7	-4.14151895335391
U2AF2	-4.14303341149459
HSPE1	-4.14413139108351
XXbac-BPG249D20.9	-4.14464192519711
FAM26F	-4.14614547113865
FXYD7	-4.14887810683388
XYLT2	-4.14896922043888
BDH1	-4.15046262891095
NFIA	-4.15093134917476
PDGFB	-4.15127208614427
FXR1	-4.15234618629583
CTH	-4.15307998387995
IMP3	-4.15388650956801
ISCA2	-4.15781672351198
CHD2	-4.16011306191103
MED28	-4.16040916640443
GSC	-4.16493845237364
MPP5	-4.16534305789851
PDE6B	-4.16616353918849
IL23A	-4.16819048947813
TMCO4	-4.17285769744371
C11orf74	-4.17396521521186
SH2B1	-4.17464133787002
NT5DC1	-4.17530432268988
SPRY1	-4.17665350168277
KRTAP5-AS1	-4.17794298740851
LEMD3	-4.17815015561121
SMAD5	-4.18102901026037
NIPSNAP1	-4.1822742566377
LEF1	-4.19010299734424
GRAMD3	-4.19251809421962
TNFRSF14	-4.19444211502179
RIC3	-4.19542681883851
ANP32B	-4.19553028246195
DBNDD1	-4.19721641955462
UBASH3B	-4.19771230582002
TRPC1	-4.19854448929752
CSDE1	-4.20135727316963
FAM8A1	-4.20340850287444
TGFBR1	-4.20390345426357
GTF3C1	-4.2043408308395
SEC23B	-4.20499302027545
ABLIM1	-4.20610445834583
LRMP	-4.20784586542802
ZNF429	-4.20855533731746
PREPL	-4.20892727034714
VPS36	-4.21446172365663
ZNF365	-4.21576320059595
METTL25	-4.21608334014038
CEBPD	-4.21672473537801
RELL2	-4.21691196980243
HIST1H2AC	-4.21943117290065
SH3BP5	-4.21947288759988
CEPT1	-4.224368817145
HSP90AA1	-4.22955991882338
TSPYL2	-4.23082596405848
LCNL1	-4.23484709559301
RP11-446N19.1	-4.23503657051294
RP11-355B11.2	-4.23586184836564
TYROBP	-4.23908230349784
C10orf32	-4.23999941585336
COX10	-4.24141008472435
RP11-452K12.4	-4.2441215289657
ZNF681	-4.24439923032272
COPG1	-4.24744606574925
FCRL6	-4.24969449613182
TMEM117	-4.24975018526161
RP11-589C21.5	-4.25107911788509
DLEU1	-4.25351713888195
COX7C	-4.25544257966784
SELL	-4.25651127356605
TCEANC	-4.25799283766521
MSRB2	-4.26839876514173
KAT8	-4.27635084647898
RP11-390E23.6	-4.27647589943454
TEX10	-4.27900034010287
GSR	-4.28441700445106
SLC25A4	-4.28509780613372
ALKBH2	-4.28721521239883
LIPE	-4.29865005244156
RP5-1007M22.2	-4.29966706395856
PHLDB2	-4.30371651988576
VCPKMT	-4.30468782608332
AKIRIN1	-4.30488535650521
C11orf71	-4.30820613393119
DENND6A	-4.30963991276936
S100P	-4.31196088504289
EIF3G	-4.31344899787708
ETFDH	-4.31665287053672
LINC00959	-4.3167133454665
DUS3L	-4.31942136169718
PTCH2	-4.3211624762364
C1orf109	-4.32148589568915
WDR89	-4.32253474313626
RSL24D1	-4.32416374504355
RP11-174O3.3	-4.32793470590965
TOLLIP-AS1	-4.32829190665318
RP11-10K16.1	-4.32866346636504
DHX32	-4.33062958176736
MME	-4.3306555641016
TPST2	-4.33433754937965
STX16	-4.33705736767145
RP11-148O21.2	-4.33840160512505
ZNF69	-4.33921046477968
RP4-673M15.1	-4.340168312855
SEC63	-4.34017681559847
COIL	-4.34158904724541
STX18-AS1	-4.34234313554428
RP11-326C3.12	-4.34284103926392
RPP25L	-4.34329385554234
CHODL	-4.34449244602707
CDC40	-4.34613526937352
SLC38A10	-4.34674695640882
ZNF22	-4.34841732108786
CBLL1	-4.35102555332355
C9orf37	-4.35123204453241
TFDP2	-4.35155692438206
RPTOR	-4.35170845457827
FGF9	-4.35475038817534
ARV1	-4.3552929211463
MTFP1	-4.35736001095856
FBXL5	-4.35752961664623
RP11-326C3.11	-4.36112679422256
IGSF8	-4.36232258401804
PET112	-4.36243501175019
GS1-124K5.4	-4.36326408115165
NR4A2	-4.36401185357474
C22orf46	-4.36552318762893
ATXN10	-4.36557876062586
C19orf82	-4.367303237858
SUSD1	-4.36828131568544
RP11-973H7.1	-4.36912070634286
BCL2L12	-4.37378621742114
TRMT13	-4.38167511004171
CTR9	-4.38294204934703
MARCKSL1	-4.38422104641537
GTPBP10	-4.38520419859933
PRMT10	-4.38564607947901
SAV1	-4.394961584115
C1orf52	-4.39692935706991
TRIM52-AS1	-4.39695788634886
RP11-188P20.3	-4.39705361747564
ATP6V1E2	-4.39714484034383
IL1RL1	-4.39825979885659
AC021860.1	-4.39962522009504
MSH3	-4.40138311707037
RP11-56G10.2	-4.40451424621148
SHQ1	-4.40520786106153
AC004463.6	-4.40773442242522
FAU	-4.40852526157381
IL17RC	-4.40880699666738
SLC39A10	-4.4090702024363
CASP1	-4.40943134063499
RBFOX2	-4.41836502345399
CD79A	-4.4214661713799
ZNF10	-4.42155718473996
TES	-4.4256903534463
PPM1L	-4.42603257060079
MAML3	-4.42624915150852
ZNF485	-4.4324219170904
CCM2	-4.43489974292052
BTN3A2	-4.43580713115508
CYB561A3	-4.43595634830324
MT-CO3	-4.43740637154979
MRPS31	-4.43986621964653
MTHFD2L	-4.44112585656629
LIM2	-4.44160378399338
CYB5A	-4.44481608127482
MFGE8	-4.45072632339645
C1QTNF1	-4.45180155985888
TNIK	-4.45243128801877
QARS	-4.45504959621633
RCL1	-4.45751524540054
TMEM17	-4.45796759159221
CNOT7	-4.46455425940159
DNAJC19	-4.46460150305366
NDUFB5	-4.46629616767274
HIST2H2AC	-4.46768310259666
TIGD1	-4.46874496956336
RP11-543C4.1	-4.4700080803028
RNF8	-4.4701297538555
USP3-AS1	-4.47581549502166
CTC-241F20.3	-4.4786041824665
PODXL2	-4.47923558141158
DDX3Y	-4.48562986419525
CCDC66	-4.4865476207099
CCDC86	-4.48808544573758
CCT4	-4.48853531347244
DNAJB4	-4.49416143391285
HIST1H4A	-4.49494485930164
KLF2	-4.49759770067695
RP11-147L13.2	-4.49878195096022
RAB18	-4.50127311182606
NGLY1	-4.50163609750997
LIMD2	-4.502801638006
RPAP1	-4.50336018692334
PELI2	-4.51348447315431
PLS1	-4.51613445346397
UBTF	-4.51968274245825
LEKR1	-4.5203828313157
PPBP	-4.52513795939759
RAD51B	-4.52646426264643
NAA25	-4.52719992779194
HSDL2	-4.52759675988921
TMEM170A	-4.52917248860694
ALG13	-4.53000243123834
SNURF	-4.53503542268691
TCEAL4	-4.53517543871902
COX15	-4.53580155290429
SRPR	-4.53785725213396
TAOK3	-4.53912694141763
MCPH1	-4.54120171720492
C2orf40	-4.54290489442012
NCOA4	-4.54297537655053
DDX18	-4.54426780328375
ATP5O	-4.54489556014805
DUSP19	-4.5464901435315
PTPN12	-4.54692361980459
BAG5	-4.54791355469558
PMS1	-4.54853960936071
ZNF844	-4.54943763984376
PTER	-4.5523187679707
CBX1	-4.55795982734963
UCHL5	-4.56019712964002
TWF1	-4.56114186327978
ALKBH3	-4.5628726491239
ST13	-4.563221205887
MZF1	-4.56642519874547
ZNF92	-4.56811278321968
AC113189.5	-4.56988388417955
SPEF2	-4.56994749437469
RP11-326K13.4	-4.56995785292999
CTD-2532N20.1	-4.57153060554242
RPL17	-4.57203025508976
ZNF394	-4.57610273806474
LGALS3BP	-4.57981154711652
C10orf54	-4.58084922657771
RP11-307C12.13	-4.58632349579453
SEC61A1	-4.58669835369285
RP4-816N1.6	-4.5867638443899
LTB	-4.58938258957101
SNRPD2	-4.59726837724179
ARHGEF18	-4.60174652438459
CCDC30	-4.60292889898055
TMEM230	-4.61208999886187
TMEM150A	-4.6167862575967
RPS10	-4.62113951638674
PRKACB	-4.62469396537607
NUDCD2	-4.62702078618152
LYRM7	-4.63184144837557
CCDC102B	-4.63334130793713
PHB	-4.63417032600311
EID3	-4.63814454092563
NPRL2	-4.64158597489335
RIN1	-4.6446506146501
P2RY8	-4.6473687173972
RGS2	-4.65136369550474
RP5-827C21.4	-4.65171920020636
GPSM3	-4.65225339368023
C3orf33	-4.65733133043098
RP11-15I11.3	-4.65950039191089
POLR3G	-4.66237083971235
CDKN2AIP	-4.6642192307126
SSB	-4.66541316470915
GAMT	-4.66623476580786
DTX1	-4.67280488001445
DDHD1	-4.68244129128298
TMCC3	-4.68348588023372
SENP6	-4.6835359519462
GEMIN4	-4.68525094261511
NCALD	-4.68869863204696
CCDC171	-4.69029866698309
RAB25	-4.69261721881832
RPIA	-4.69358654388979
RP11-44F14.2	-4.69639666412183
DEPTOR	-4.70009243385586
TRIM69	-4.70011460499918
CTB-91J4.1	-4.71034727564203
ZNF786	-4.71041097918644
BANK1	-4.71129086958464
GS1-124K5.3	-4.71428070681802
MAX	-4.71514426393785
RPUSD4	-4.71587700087436
TGS1	-4.72000586371221
INVS	-4.72140814168682
PLXND1	-4.72239485811357
GOPC	-4.72431052277264
KRT2	-4.73024872925446
ARSJ	-4.73171099853748
SLC35E2	-4.73451654165461
PPP2R5C	-4.73604546403784
FAM120C	-4.73685342094262
CTD-2228K2.5	-4.73763115168758
TESK2	-4.73765662699054
ZBTB44	-4.73798686875883
FCRLB	-4.73931544817449
HTR6	-4.74116123943793
PLD6	-4.74200114859175
PMPCB	-4.7426722971819
ACSL6	-4.74799678544288
FUT7	-4.75085092717977
PLCL1	-4.7552377482885
MRPS18B	-4.75806408544632
ZC3H15	-4.75829872845151
LRPPRC	-4.75956390849635
PTP4A3	-4.76330093927871
LARS	-4.76515221343651
ZNF124	-4.77579766394799
LAPTM4B	-4.77589978751489
RP11-84C13.1	-4.77877698414551
CREG1	-4.78015737723902
CMTM8	-4.78182931023143
SLC46A3	-4.78318603750237
HIST4H4	-4.78576453573629
GNL3L	-4.78971826137734
ELP2	-4.79022380477689
ZNF24	-4.79065746226332
AMMECR1	-4.79266025863949
SGK3	-4.79686933161738
SESN2	-4.79740508305894
TMEM171	-4.80015604235325
NEURL1	-4.80184477181068
RP11-121M22.1	-4.80342026171392
HELZ	-4.80970452333693
POLR2C	-4.81086588557768
NKIRAS1	-4.81716312178672
COMMD10	-4.82309198243458
HLA-E	-4.82518194993695
DSC1	-4.83472803500129
AIRE	-4.83680611073492
NUP88	-4.83843367406404
CUL1	-4.84169307884812
DDX55	-4.84227054075684
HSPD1	-4.84479471083772
HIST1H3A	-4.8465570723871
LINC01057	-4.85120137515253
SGSM3	-4.85266692950056
RP11-103G8.2	-4.85416343338146
WNT7A	-4.85813633338471
RP11-539L10.3	-4.86115969535471
PRPSAP2	-4.86503047572043
ZNHIT6	-4.86869156293109
ACN9	-4.8693079094576
TP73-AS1	-4.87043543522945
KIAA1430	-4.87185372882652
ASB9	-4.87668568046981
TANC2	-4.87916783447983
C20orf96	-4.88080525193784
CANX	-4.88991688390029
RP4-799D16.1	-4.89251819522565
FAM169A	-4.89325286423563
AMIGO1	-4.89896752376267
SRPRB	-4.90020749957578
CTD-3060P21.1	-4.90047556671115
CCDC106	-4.90441306421773
RP11-473M20.9	-4.90766858056303
PCED1A	-4.91682225540722
IGBP1	-4.91907552159699
LAMA2	-4.92082956557298
MRPS2	-4.92329293533294
PAXIP1-AS1	-4.92569151263545
WDR27	-4.92633104003509
RP11-162G10.5	-4.92757677202689
ZCCHC7	-4.92900461167378
NLRP6	-4.92900684961726
NPDC1	-4.9303047316
CDK18	-4.93393701729882
STT3A	-4.9347830765453
NCBP2	-4.94235144129349
OSGEPL1	-4.94308159439616
HOOK2	-4.94663267206801
TNFSF13B	-4.94890108212631
PLA2G12A	-4.94890561266077
CDC25B	-4.95156009856046
PRSS22	-4.95265343750503
ZNF565	-4.95455512156341
ADAMTS6	-4.95686928831034
RP11-817O13.8	-4.95748307468241
TIPARP-AS1	-4.95753134784886
CYP2U1	-4.96200167448162
RGMB	-4.96360791111914
CES1	-4.96366547534176
CXCR1	-4.96495153778735
TMEM261	-4.97065017480219
SNUPN	-4.97212646641124
ALKBH7	-4.97519467005079
EIF3D	-4.97872846489534
RBL2	-4.98132551701596
TASP1	-4.98218305239677
RNASEH2C	-4.98669601231199
RP11-379H18.1	-4.98802342527948
FLT3LG	-4.98940833498241
AES	-4.99513814083125
LHPP	-4.99783962911029
CCNI	-5.00436565886358
TSPYL1	-5.00560960214696
FRY	-5.00771543689314
RUVBL1	-5.00807413095851
OSBPL9	-5.01269146193386
KLHL22	-5.01653627028095
WDR12	-5.01668715043483
ENTPD1-AS1	-5.02095427842399
AC093627.10	-5.02179484317509
KTI12	-5.02467338159135
OSTM1	-5.02486355807498
BSCL2	-5.02525867041569
RP1-313I6.12	-5.0253091568701
SRSF6	-5.02941627571214
FAM46A	-5.02983533124343
CBR4	-5.034043054467
RP11-932O9.9	-5.03685341149759
EFHC2	-5.03870026763862
GPRASP1	-5.03984649319306
FAM153C	-5.04069687795949
TMLHE	-5.04111913650361
RAB7L1	-5.04255311921794
RPL28	-5.04737654536746
INPP4A	-5.04956749580617
COX4I1	-5.05389527900761
WFS1	-5.05499955606648
COG3	-5.06438912080081
CEP78	-5.06521660586202
GLTSCR2	-5.06600270837629
NCBP2-AS2	-5.07359654580114
PPP1CC	-5.08022070639892
SCFD2	-5.087094349109
TOMM20	-5.09490048746385
RP11-554J4.1	-5.09688909681438
RP11-204M4.2	-5.09734993343213
CHD7	-5.0974497093347
TCF7	-5.10414626849979
CLINT1	-5.10841125934429
GOLGA4	-5.10938848554461
FAM175A	-5.11274465826521
RPLP1	-5.11624749477767
APOOL	-5.11680886809403
NRG2	-5.11823701684513
ACSS2	-5.12050499869855
C17orf51	-5.12100669538946
MAP2K6	-5.12213990928543
PHYHD1	-5.12663232709583
COL6A1	-5.1294786826273
TRIB2	-5.13141363863648
HBA2	-5.13329340859414
KTN1-AS1	-5.13767162647423
RP11-395A13.2	-5.1398298997353
LINC01146	-5.14252837982281
MAN1A2	-5.14282250642304
LYN	-5.14284912696039
EPB41L4A-AS1	-5.14483711378898
GCNT4	-5.14526232850083
SNHG10	-5.14972997386704
C1orf177	-5.15109017054676
KIAA0020	-5.15176703231962
RP11-220I1.1	-5.15280930457668
ZNF76	-5.153111066422
ARHGAP5	-5.16214159547777
CTD-3074O7.5	-5.1650146020504
SOX13	-5.16815863085662
OMA1	-5.16951319548952
RP11-425I13.3	-5.1706031143619
ABCB1	-5.17090663858955
IQCH-AS1	-5.17128387424847
AC022182.1	-5.17308584132774
DCAF5	-5.17421031572374
PRKAG2-AS1	-5.17659581831293
ABCF2	-5.18462424882985
F2RL1	-5.18471915148157
HOTAIRM1	-5.18566828217565
CD2AP	-5.18805233526484
CCT3	-5.18837956163742
TRIM44	-5.18992308094915
ZNF582-AS1	-5.19354030533905
SLC40A1	-5.19450193323792
SND1	-5.19725882774959
NSA2	-5.20314819274064
ITCH	-5.20576219327126
LRRN3	-5.20728356515658
NEO1	-5.20812797995618
ARGLU1	-5.20926412613807
ABHD8	-5.20956536321467
TIFA	-5.21328668422069
LINC00987	-5.21563310725822
RFK	-5.21595309607654
TESPA1	-5.22124995606013
TMEM123	-5.22358533163182
SNORD3B-2	-5.2255988071253
POLE3	-5.23225843849785
KMT2E-AS1	-5.23925625777005
WDR77	-5.2439012861032
ST3GAL1	-5.2469177740358
PHACTR2	-5.2498608348364
DNAJA3	-5.25088457534998
N4BP2L2	-5.26218815614263
PDK3	-5.26489226683566
RP11-38J22.6	-5.26690456823852
PAN2	-5.26928352128364
RP11-161M6.3	-5.27030276443976
XPA	-5.27048179511893
AASDH	-5.27339100015453
SERPINB6	-5.27596257788197
NME8	-5.27777634007309
TLE1	-5.28993720852952
NCL	-5.29058953891326
C21orf91	-5.29499481860395
NBEAL1	-5.30134481589557
PFDN5	-5.30272074683001
RP11-453F18__B.1	-5.30488272794591
C12orf57	-5.30569355541987
ACSM3	-5.31101163349374
ORC4	-5.31660215659308
CCBL1	-5.31746755452256
TYW1	-5.32309854679223
LEPREL4	-5.32367826806022
HHLA3	-5.3316978078324
SPINK2	-5.3393355671254
NDUFB9	-5.34363497429746
TLE2	-5.34983557990265
RGS3	-5.35659653771923
TMEM106B	-5.35712865740745
SSR2	-5.36561739271672
ZNF462	-5.36591900485931
SGSM1	-5.36865954184209
ZNF674-AS1	-5.37370228196669
RPSAP58	-5.37732040726543
TRIM16	-5.38047630525466
TRAPPC2	-5.38138981428129
RPL41	-5.38718565365027
AL109767.1	-5.38934165250432
TCTN3	-5.3908522132652
GBP1	-5.39131090861988
CA11	-5.40120003594192
USP13	-5.40370110345131
ALDH5A1	-5.41650016862627
HPGD	-5.41784836838363
SMIM14	-5.42016410317914
IQSEC3	-5.42120689285415
NOG	-5.42788873032349
RP11-213G21.1	-5.43129325185239
MEST	-5.43475260760373
RNF144B	-5.43589981966351
RP11-678G14.3	-5.43885479881138
MBD5	-5.4415184149545
PCID2	-5.44400000542764
CISD3	-5.44568957434419
CPT1A	-5.44788895300837
AP001372.2	-5.45274501732278
RP11-1094M14.11	-5.45616106431955
HNRNPC	-5.46081567839744
MAL	-5.46438455051394
RP11-229C3.2	-5.46560656177741
PHF20	-5.46835546527186
SSBP3	-5.47027626489654
ARNTL	-5.47148349683556
FAM195A	-5.47947850132546
POLR2M	-5.48486871418498
TOMM7	-5.4880752073734
RP6-91H8.3	-5.4916405315884
TIMM9	-5.49265915464464
KIT	-5.49676746845345
CKAP4	-5.49750552219454
MAP3K4	-5.49877179286663
RP11-412D9.4	-5.49989981236171
LETMD1	-5.50128869150918
GPR15	-5.51017969481258
OFD1	-5.51637422531487
POLR1B	-5.51737958098408
SP140L	-5.52165574211316
CYP27B1	-5.52182450739315
ZP1	-5.52246253917925
PAXIP1-AS2	-5.52283046170343
RP11-18H21.1	-5.52378494002919
EXTL2	-5.52454480833252
AK5	-5.52801117755627
METTL12	-5.54044626346224
EDEM2	-5.5438046052272
ARL5B-AS1	-5.54437977403778
TBCK	-5.54511285647833
ZFAND1	-5.54588199942881
SLX4IP	-5.54609827378271
VIPR2	-5.54812607788151
NINJ1	-5.54839969106683
RPL22L1	-5.55568071063941
PPP3CC	-5.55713862126829
ADHFE1	-5.5579778261852
GGT7	-5.55957023489723
BCCIP	-5.56284925290287
SH3D19	-5.56433817358494
BAG2	-5.56567778684669
FKBP14	-5.56734036201296
GPATCH11	-5.56806289376947
MRPS27	-5.57136317393274
TXNIP	-5.57161176106961
RPAP2	-5.58106915168415
EMR1	-5.59405508774359
TLR5	-5.59417389460471
MAT2A	-5.5971518710761
KALRN	-5.59958211106323
SIGLEC9	-5.6008458895771
PIAS1	-5.6070047874063
TPD52	-5.60782803232284
ADAMTS1	-5.61195845409683
ATG4C	-5.61294359598545
HSP90AB1	-5.61395595072533
HDHD2	-5.61769276211592
SVIL	-5.61901341647466
UQCRC2	-5.61999103164412
PLEKHA1	-5.62921648430528
RNFT1	-5.63374063909799
ODF2L	-5.64576230709367
ELOVL4	-5.64714807859553
MMP23B	-5.64917767410889
TFAM	-5.65034530878894
GPX1	-5.66419353262012
SNRPN	-5.66682679165031
SKAP2	-5.66914276233697
RP11-44N11.2	-5.67129608144073
SNORD3D	-5.67205794624101
RNF212	-5.67458833680984
WWOX	-5.68109026452374
PDIA4	-5.68248223082982
SNORD3B-1	-5.68548956459362
TMEM213	-5.68610854498404
FAM213A	-5.69214131885495
ARHGEF3	-5.69864253466463
GSDMA	-5.70527984374889
ZNF883	-5.70635841726602
FCGR3B	-5.71046041560376
AEBP1	-5.71333490319035
UBE3D	-5.71419168970897
CUX1	-5.71888686456256
PTGDR2	-5.71984138530609
PRPF19	-5.72976926878524
LINC00505	-5.73022586355232
GK5	-5.73110951111892
TTC14	-5.73493506419838
EAF2	-5.73808616262431
TMEM161B-AS1	-5.74284173691491
GREM2	-5.74501309831391
SFXN4	-5.7536863050392
WDR74	-5.75509362662283
ZNF91	-5.75681722887147
ATG16L2	-5.75756537574462
GSTM2	-5.75850690002767
VIT	-5.75992407618865
L3MBTL3	-5.76010976031459
ITFG2	-5.77484748270783
PPA2	-5.77728477379771
CCDC59	-5.78052082548289
ACTR3C	-5.78126256422072
PIAS2	-5.78403975453024
TSPAN6	-5.78787531511445
SRSF1	-5.78938465718457
RPL24	-5.7920692947574
GNG7	-5.79582096401484
LSM5	-5.79702051108386
ZNF30	-5.80583352760481
A2M-AS1	-5.80849607756554
AC010967.2	-5.80952255752301
RBFOX3	-5.81276230255077
MPPED2	-5.81870961132105
C6orf120	-5.82168066207094
ERBB2IP	-5.82192218442808
CTB-31O20.2	-5.8230532599336
GSTT1	-5.82755947724199
PFN2	-5.82858306934219
NOL9	-5.82878353309929
CTBP2	-5.83137282858279
THEMIS2	-5.83264683490963
PILRB	-5.8338628004433
ELF2	-5.84360816287846
MATR3	-5.84720236662136
SNHG15	-5.86676774188743
DAP3	-5.87006796667743
HNRNPA1	-5.87492267982741
GNL3	-5.87577342244928
UBE2F	-5.88159004828943
KRBOX4	-5.88285506221388
IL7R	-5.88293163939639
PMM2	-5.88643788484572
GPHN	-5.89335270075038
RPS4Y1	-5.89687553164805
GALNT12	-5.90165114646825
PEPD	-5.90873178459176
SAMD12	-5.90877020651888
TMEM116	-5.91477718472243
HSBP1L1	-5.91530489973445
CAPN7	-5.92365466591532
KIAA0922	-5.92512890769007
DPP4	-5.93427650563023
CD248	-5.93637608067314
PCMTD2	-5.93764131386513
TPST1	-5.94085364755769
ATG9B	-5.95045740984586
CTA-29F11.1	-5.95311967725225
FAM173A	-5.95808966978306
PARK2	-5.95950206932715
SLC2A11	-5.96150209595629
RPS19	-5.96183495797165
WWC2	-5.96380379064909
MANBA	-5.96835443992235
C12orf43	-5.96936959551815
SIGLEC7	-5.97105399244173
EIF3K	-5.97295680139717
B3GALT2	-5.97302148657283
CDH2	-5.97814112387597
RP11-1398P2.1	-5.98353190280965
MRPL45	-5.98519392861954
FTL	-5.990133401671
ASB13	-5.9947220796226
GNPDA1	-5.99821934053299
TLR1	-6.00221029494131
KLHL3	-6.00429667915563
TBC1D31	-6.00529085206094
NCOA7	-6.00911185248958
PTPN2	-6.00914521620609
CTD-2503O16.4	-6.01224852911453
ARHGAP25	-6.01410465393483
RAB6B	-6.02045202523066
EFCAB13	-6.02135029244829
PDCD2L	-6.02269740581696
MLC1	-6.03045636092296
NUCB2	-6.0318543800346
RP4-539M6.22	-6.04766240759961
RHEBL1	-6.0480133548801
MAGEE1	-6.05217634038422
SCML4	-6.05742950935115
ZFR2	-6.06542600748266
GPR65	-6.0656800083216
C10orf128	-6.07313331874936
IL18BP	-6.08069205988595
NGFRAP1	-6.08173933545482
YBX1	-6.08378624246217
RPL14	-6.08678401865055
ME1	-6.08793283471882
ABCE1	-6.08937577324102
WDR86	-6.09674599837515
P2RX7	-6.10077643380915
RP3-395M20.12	-6.10558245717692
AC007285.6	-6.10659781305765
GSTM3	-6.10824199851781
ABCD1	-6.1205278281759
ARHGAP15	-6.12700549329049
KARS	-6.13331232903029
ATIC	-6.13854702011049
DSEL	-6.15157307471748
KLRD1	-6.15793679139271
POLR2H	-6.16170071858553
KLHL32	-6.18120639403912
AC097713.4	-6.18333522808862
UBXN10-AS1	-6.19610509270134
AGAP1	-6.19749006966169
TUBB4A	-6.1980255292306
SERINC5	-6.198185038824
USP45	-6.19890587865902
TCEAL8	-6.20474801159813
PLK2	-6.20652050833344
KISS1	-6.21482807806576
PNISR	-6.21696124049508
RHOU	-6.21733977676974
ENPP4	-6.22179454234696
CCNC	-6.22291687377533
FAM19A1	-6.22312092932641
METTL1	-6.23018204859519
IGF1R	-6.23207473340893
PDZD4	-6.24392889080824
THRA	-6.24930609758045
TLE4	-6.24937421568405
ENOSF1	-6.25307219506748
MARS2	-6.25826548785249
FZD3	-6.26038978189469
PWAR6	-6.26484839893994
RP11-617D20.1	-6.26903822877855
LATS2	-6.27049423722353
RP11-37B2.1	-6.27416109260343
EPHX1	-6.27881281980391
TP53	-6.28820572147526
TNRC6C	-6.29093912870029
RBMX	-6.29547338664446
TTYH2	-6.2972471908861
AC009784.3	-6.297863804376
XBP1	-6.2981585103703
FAM153B	-6.29989496201443
PDIA5	-6.30692325617917
ITGAM	-6.31061403801384
SIRT4	-6.31185402060902
PPFIBP2	-6.31850658450494
OSBPL5	-6.32183664009178
RAB9A	-6.32574407512046
RALGPS2	-6.33483908987215
MCM3AP-AS1	-6.34006654032135
ST6GAL1	-6.34131700171336
METTL24	-6.34377644588679
PHB2	-6.35791555681742
THUMPD1	-6.37101805826953
FAM178B	-6.37665798173294
COQ7	-6.38506058513248
TMEM38B	-6.38905898635981
EIF3M	-6.39104594468777
SF1	-6.39678453080684
PDGFD	-6.41633581220076
SRPK2	-6.41634515944603
FCGRT	-6.42631574526818
STK38	-6.43245125342456
SLC44A3	-6.43291480998122
KRT72	-6.43354537331017
SRSF5	-6.4391521307437
APOL3	-6.44398076589406
CHN2	-6.45225437526269
RP11-290D2.6	-6.45546113216541
UTRN	-6.45949368431592
LYAR	-6.46065854502601
RP11-730K11.1	-6.46988763432343
TM7SF2	-6.47515453970637
DENND1C	-6.49101608201737
POP5	-6.49403458195276
TXN2	-6.49523462148346
RPL10	-6.49942031355891
MED30	-6.51443398341646
BAZ2B	-6.51454696117117
MALAT1	-6.51578016063883
SERP1	-6.51751476763017
C6orf48	-6.52281427658821
RPL7A	-6.52620668935312
C1orf162	-6.52635911086834
CEP63	-6.53240706288865
RP11-169D4.2	-6.53268505774505
TMEM25	-6.53387155436357
DPEP2	-6.5374722012285
CTC-338M12.5	-6.53955173771317
IFNG-AS1	-6.54040766393736
ZNF800	-6.55913784221458
RRAS2	-6.56024443340173
ARHGAP12	-6.56120165947188
C1orf61	-6.57023858455404
ASCL2	-6.58049116866302
C14orf64	-6.59015537988475
EIF4A2	-6.59200545227462
MAP3K8	-6.59400275495188
HSD17B4	-6.59515107204986
LINC00339	-6.59556266410046
RPS15A	-6.59571464352144
RP11-217B7.3	-6.60144078510569
BTN3A3	-6.60752367995061
ZBTB10	-6.61055465029591
CLEC11A	-6.61651520478858
CCNH	-6.61853343036916
OSER1-AS1	-6.62205754550542
LIPT1	-6.62280301775283
PLOD1	-6.62597960861854
ATXN7L3B	-6.62719123272677
NDUFAF4	-6.63088356733757
RP11-861A13.4	-6.6326985164519
HRSP12	-6.635020900405
DNAJB9	-6.63573764018393
ASB16-AS1	-6.63922123906922
HOOK1	-6.6448584287603
HYKK	-6.64514239822894
ARL14EP	-6.64628665633839
C1QBP	-6.65030718341408
PAIP2B	-6.65292843794063
C1orf21	-6.65783643249075
RASGRF2	-6.66187086596794
MGAT4A	-6.67204053414792
TMEM255A	-6.67445257628996
TTC38	-6.68668680012237
RPS2	-6.70137150585875
PDGFRB	-6.72346046755507
NPM1	-6.7281772142581
FGR	-6.7367356996954
TSPAN18	-6.74996715625971
MPI	-6.7536314914987
RP11-214C8.2	-6.76175263601468
RCN1	-6.77131970970458
RNF130	-6.77823679028989
VWA8	-6.78599690645555
RP11-440L14.1	-6.79053367868674
MINA	-6.8028191932691
AGTPBP1	-6.80533384917104
DYSF	-6.80575845651531
FSD1	-6.80846234593099
RRS1	-6.82009649444134
SP4	-6.82244216463731
NOLC1	-6.82792387796496
TMEM71	-6.83014269208079
SLC25A6	-6.86107604273079
PRSS23	-6.87182538660127
CELF2	-6.87360178543875
RPA2	-6.87419710121018
PALLD	-6.87729377224123
BTF3	-6.87964806783477
PNRC1	-6.88261908512689
RPS27	-6.88482873719829
NOA1	-6.88894513655127
PRR5	-6.89305292255261
PTPN4	-6.8960474110359
DNMT3A	-6.90149796335547
MDS2	-6.90854413786164
CTSF	-6.92626485618177
RPL37A	-6.92631696433467
PARVA	-6.93032330223273
NTN4	-6.93425109249892
ELP3	-6.93901214341342
TRABD2A	-6.95036630968394
PRDX2	-6.9570995257934
VPS51	-6.96677053700294
RP11-1000B6.3	-6.96943069337544
PRSS35	-6.96949354435129
HSP90B1	-6.97256093879834
SORBS3	-6.97478276344319
EEF1G	-6.97992506761842
RP11-108M9.4	-6.98598902691141
KIF19	-6.98643602458424
RP11-61O1.2	-6.99130082457318
GCSAM	-6.99174041465484
RPL35A	-6.9959655528979
FKBP11	-7.00245597156608
TFAP4	-7.01162913669346
AFF3	-7.01729227344014
WDR43	-7.01755120991995
TJP3	-7.01971909671012
UXT	-7.02032704318307
EPB41	-7.02340794605027
XPNPEP2	-7.02936804343571
CFH	-7.03234735181979
TOMM22	-7.03868699393317
C12orf42	-7.04618770089888
KRT1	-7.06167821059437
LPAR6	-7.10080450153464
MMAB	-7.11610889091296
ZFAS1	-7.12017375614502
RP4-575N6.4	-7.12174954782483
CTA-292E10.6	-7.12246268408257
DNAI2	-7.12991188694895
ANK1	-7.13118378927629
TMEM135	-7.13551319562435
LBH	-7.14013915675294
TCEA3	-7.15085620888535
DKK2	-7.15280304425222
C17orf72	-7.15433647429657
SPG20	-7.1591405767025
NCR3	-7.1607777233842
RPS24	-7.16146938255999
UBAC2	-7.16216344823893
IMPDH2	-7.16555393630959
C11orf31	-7.17757838128085
C1orf172	-7.17836184959021
RPS15	-7.18192706687079
TSPAN32	-7.21001903840809
RMDN2	-7.21083320658795
PNPLA4	-7.21129494546327
PTGDR	-7.21330244677182
IPCEF1	-7.23283687453005
SULT1A1	-7.23368582599212
CCR10	-7.24494713523868
FEZ1	-7.24684135708206
S1PR1	-7.25596944138686
ALDH9A1	-7.26265167271946
PYHIN1	-7.26625743124176
RP11-304L19.5	-7.27816467283362
RPS25	-7.28745627569734
AL592183.1	-7.28931370056752
RP11-403A21.2	-7.29285929988524
UBQLN2	-7.30330830535445
PLEKHG3	-7.3052732035374
RNF165	-7.31384646549087
SDR39U1	-7.32072139645216
UBAC2-AS1	-7.33730716283666
RP1-8B1.4	-7.33971219815862
RP11-435O5.5	-7.34300017957933
TRAF3IP2	-7.34374620538922
HCG18	-7.35989688055707
HVCN1	-7.37205174013453
ILF3-AS1	-7.37911207798942
NRN1	-7.38002621297843
MIR181A2HG	-7.39261167304757
PLD1	-7.39402919754463
IL18R1	-7.41664467349861
CMC1	-7.4329457272342
RIN3	-7.43681635173345
ARHGAP32	-7.43708650627659
TRAF3IP3	-7.45322903320611
PROK2	-7.46798545848189
TPP2	-7.47207888214897
PPAT	-7.48799683197753
SLCO4C1	-7.50112049624996
TRIQK	-7.50924193981681
WDR37	-7.52333911354023
GPATCH4	-7.54268107889998
RPS27A	-7.54686665073995
RPL38	-7.54692718741741
ARHGAP10	-7.54929503739372
CNST	-7.55180002847606
CXCR2	-7.55753910833376
SULT1B1	-7.55969830396225
COL5A3	-7.56856153646826
TPT1	-7.57738714324419
DTWD2	-7.61908659396923
MCTP2	-7.63362096137366
BEX2	-7.6461378712388
C11orf1	-7.64615751294017
RPS21	-7.66724024701136
RPL35	-7.67612781304819
PCSK5	-7.68777617384251
RORA	-7.6986260730093
SMIM20	-7.70468522546236
APEX1	-7.70738435519675
IL18RAP	-7.71688007928521
TXLNG	-7.71827950169008
SENCR	-7.72109883616374
PZP	-7.7244387622884
MAPKAPK5-AS1	-7.73782637392433
CX3CR1	-7.74244572629198
RPL23A	-7.74699597446452
PYROXD2	-7.75080205651956
PTGER2	-7.76069272000844
NPAT	-7.76160191838204
COX7A2L	-7.77803154226443
PODN	-7.78776720455672
KLRB1	-7.80025288565068
NACA	-7.80612232151563
CTD-2341M24.1	-7.81485513768482
NR3C2	-7.82099021582302
RPS7	-7.84253145443081
TAGAP	-7.84360771029062
CASC8	-7.85102294567768
RPL12	-7.85773368020091
CYP2E1	-7.87576089671561
PRKD3	-7.8775906257872
HRH2	-7.88234957465786
ZNF331	-7.91120893199663
BLK	-7.92034658574119
SESN1	-7.92199423933969
VSIG1	-7.92256932913764
ADAM10	-7.92313674442604
PPA1	-7.92642252281804
SLC25A20	-7.93189910948427
AC006129.2	-7.93805642698944
HSPA5	-7.96704239273179
SCRN1	-7.96715421184385
TENM1	-7.97144625975713
CNR2	-7.98209283112134
RP11-664D1.1	-7.99290257661183
MTPN	-8.01765735399165
ZNF32	-8.02776279887988
LDLRAP1	-8.03662329258662
MATN2	-8.03677375889437
RPL30	-8.0581345056457
B3GNT8	-8.06546304554987
CCNG1	-8.07108871963136
RPL36	-8.07361217584223
RPL8	-8.085383305366
CCR9	-8.11498167619262
EIF3F	-8.1234583080271
MYBL1	-8.13131599756538
KLF12	-8.13790978837138
ASPH	-8.19205441715853
GPR55	-8.19352115367842
PAPD4	-8.20824637103969
UBA52	-8.21031953228047
GSAP	-8.21412688131161
IMMP2L	-8.2233521315222
RPL23	-8.23078506102627
KAT2A	-8.23380829001239
RPS9	-8.23810492062741
SNHG8	-8.24137671507723
RP11-641A6.2	-8.24551452941664
ATP5A1	-8.2714754584517
PTPN6	-8.28138739405019
CACNA2D4	-8.28819834990296
TPM2	-8.29226229308223
FLI1	-8.31538331129137
RPL18	-8.34613750767792
RSL1D1	-8.3467378055506
TNFAIP8	-8.3542505824712
RPS28	-8.40716457569038
DAB1	-8.41116378694499
CCR6	-8.4268964115842
AIG1	-8.43189902148822
SPTSSB	-8.43895596175243
EPHX2	-8.4390199790973
FXN	-8.44836826272251
DGKD	-8.44995567495002
RPS14	-8.48460024804377
ZMAT1	-8.48755749087507
ADAMTS10	-8.50964583625206
NCAM1	-8.52091371460684
GNB2L1	-8.53929683090603
SMAGP	-8.56971667032976
TTC3	-8.6100978722287
G3BP1	-8.62140946520217
S100B	-8.62390262604034
RCBTB2	-8.65054549992479
PI16	-8.66805252390554
NR1D1	-8.67801021720791
RPS16	-8.68341008737184
SNURF-1	-8.69142404454918
BEX4	-8.69148385112029
SPN	-8.70151838490414
COLQ	-8.71901529611484
BCL2A1	-8.72635229123748
TGFBR3	-8.74285444431006
RPL15	-8.77796558048627
PABPC1	-8.7824419495791
TM4SF19-1	-8.79787772100448
P2RY14	-8.81602319163487
FAM117B	-8.83144029176481
VIPR1	-8.8319406762807
CMKLR1	-8.83870503175259
DENND2D	-8.85716896914497
TSPAN3	-8.87626503836201
SIK1	-8.88214545915929
KIF2A	-8.88518229320725
RIPK2	-8.89207502883109
PDE8A	-8.90112079959007
SNRK	-8.90315357946023
BIN2	-8.90935376926165
STRADB	-8.91526678858562
RARG	-8.91652249886133
CR1	-8.94633035598686
FCGR3A	-8.96419690439564
GALC	-8.96872270453743
UAP1	-8.97658144322436
EIF3H	-9.00218637946099
PLEK	-9.00648264811194
TGFA	-9.01008481023541
CDH23	-9.0124309784944
FBLN2	-9.02757540267752
CACNA2D2	-9.06396071462665
FGFBP2	-9.06761380241663
CD48	-9.09110180262108
RNF144A	-9.14007017435312
CAMK2D	-9.18383649268261
EIF2A	-9.19780677221531
ZAP70	-9.20645867242275
RPLP0	-9.21016825271245
MYC	-9.2108522926267
ABHD14B	-9.22270459982842
GPA33	-9.23061089214651
RPL27A	-9.24834277382989
RPL11	-9.28022824372031
PLCB1	-9.28569640257626
RPS20	-9.30876653850898
KLRG1	-9.32211881950391
M6PR	-9.32970866617585
EEF2	-9.33274864359168
RPS11	-9.33291178941895
FLT4	-9.38726670398659
ROPN1L	-9.39255775688168
FAM153A	-9.39641155741905
DPH5	-9.42492602323177
SCGB3A1	-9.43792601717569
FAM171A1	-9.45122010684501
TSPAN15	-9.46816259124565
NT5E	-9.47223556213397
TPBG	-9.47629891749793
RPL27	-9.4800465970241
TMC4	-9.49447568935664
FUS	-9.51352855006851
RPL39	-9.53664724256144
RPS3	-9.55058644629217
FHIT	-9.62150807005532
SLC4A10	-9.64436262553792
CRBN	-9.65505566339459
RPS4X	-9.65769327631632
SH3YL1	-9.71444796969079
TSGA10	-9.72707226225953
CELA1	-9.74080616100307
RPL31	-9.78488595455371
RPL34	-9.83438045133436
RPS23	-9.9446806099767
PLEKHB1	-9.96664735756445
RPL6	-9.98014349593167
RPL13	-9.98727275484372
CCDC65	-9.98874343243486
RPL9	-10.0047003284167
NUAK2	-10.0122068709192
SLC1A7	-10.0396180391238
CR2	-10.0757743705882
CEACAM21	-10.0870226385892
CACNA1C-AS1	-10.1402234934882
MORC2	-10.1595416154425
RPL13A	-10.1642727276525
LTA4H	-10.1642727952173
ERP29	-10.1671717424175
ROR2	-10.1752224875065
EIF2D	-10.1756879722581
METAP1D	-10.2763211873725
RPL19	-10.2940458330168
RPSA	-10.377853356682
CD300A	-10.3933736104133
PTCH1	-10.4400060006437
PLAC8	-10.4451594696279
LINC00861	-10.500511979707
BZW2	-10.5840159302463
SORL1	-10.6049101990123
ERN1	-10.6535030944379
SUSD4	-10.6703799205053
RPL18A	-10.7164724299031
RPL29	-10.7219099965783
CXXC5	-10.7317861835057
RPL21	-10.7345083078636
FBL	-10.7360089045562
FUT11	-10.7419297711201
RPS5	-10.7770231035707
TKTL1	-10.7989378587881
EIF4EBP3	-10.816983114379
LY9	-10.8392727973168
FSBP	-10.8882872459719
EIF3E	-10.888891310615
RPS12	-10.8940323634383
TMEM63A	-10.9888148932388
RPL4	-11.0862122476154
LL22NC03-75H12.2	-11.119202719965
RPLP2	-11.1243376417919
LINC00402	-11.1284001567015
FCRL3	-11.1419587451781
RPL37	-11.1990957867678
RPL32	-11.2387598132398
ATF7IP2	-11.2461432972279
RP11-421L21.3	-11.2687748267327
TXK	-11.4638013478366
RORC	-11.5139398214635
RPL10A	-11.5445846896088
EIF2S3	-11.5747863520444
AKR1C3	-11.6432294415998
RPL5	-11.6865475909277
PLEKHA7	-11.7644403390374
EDA	-11.8297296922323
AQP3	-11.8614579266734
RPS8	-11.8969001719159
ENPP5	-11.9987225646856
RPS18	-12.0756795251043
LST1	-12.0843867213043
EIF4B	-12.1716305130365
RPS6	-12.1761413199984
RPL7	-12.194046132717
IL23R	-12.2541255471195
LTK	-12.2719090739968
SATB1	-12.3448945051151
PROCR	-12.3649713304835
GPR141	-12.3835436318588
NRIP1	-12.4937948718925
LDHB	-12.5527554016267
COL6A2	-12.6463458241988
RPL22	-12.695618159903
EEF1A1	-12.7134479217299
MST4	-12.7140389753998
RPS13	-12.7592236177487
ZBTB16	-12.7644026690414
RPL3	-12.8985141852029
C16orf74	-13.0328038335608
RPS3A	-13.1509815204916
LAIR1	-13.4346372834675
ATM	-13.4958744945504
EIF3L	-13.5780448600549
NMUR1	-13.7464464271421
SPON2	-14.2644823159661
EEF1B2	-14.3669289768914
RASGRP2	-14.4400530930663
CD160	-14.5750929339497
ADAM12	-14.6279370239985
S1PR5	-14.8173595750821
RAP1GAP2	-15.1255812710861
PRKCQ-AS1	-15.2904865070055
VCL	-15.3548005289491
CTB-133G6.1	-15.5587675356454
KLRF1	-15.703727248464
ADD3	-15.8006293472842
NSG1	-16.4971068383964
ACTN1	-16.8439596447735
FAIM3	-18.144676467842
NOSIP	-18.4084436535288
TMIGD2	-21.3721973538513
ICAM2	-24.1330676769903
FAM65B	-25.3354800721399
