AC017002.1	29.9306807220469
RGS16	25.9259775388811
PDCD1	25.5882302602129
CXCR3	24.7458826171819
IL2RB	22.0067578353234
SKIL	21.9711279247565
APOBEC3H	20.4064658617745
OASL	20.2445591706354
GNA15	20.2434604640648
CCL5	20.2160149792956
CD58	19.5362338450439
F2R	18.9293619434655
CDKN1A	17.9544707694832
ATP2B4	17.4802105066475
SEMA4A	16.3873308096649
TRPS1	16.3614744867258
TSPAN2	16.1223537162977
CST7	16.1213012764719
CCR5	16.0956881754551
IFNG	16.0442151588384
STOM	15.9831051830542
RBPJ	15.8267096628399
EMP1	15.8154020817558
DUSP4	15.3116482329253
STX1A	15.2324448158177
ANKRD32	15.0576861179002
ACTN4	14.7894974794093
CXCR6	14.7396692972242
CXCL13	14.7029069427957
CYSTM1	14.6716598936957
CKLF	14.6087382094507
ZNRF1	14.4307962202529
VDR	14.3510516369806
SLC27A2	14.2458613597524
ITPRIPL1	14.0479223725178
SDC4	14.023533372734
DTHD1	14.0209005850511
FAM129A	13.9152328446113
DDIT4	13.8517561951643
SPATS2L	13.7887459626309
GZMA	13.6942300088854
GADD45G	13.680215008144
LINC00152	13.5923245913249
CXCR4	13.5313953950145
SMAD7	13.4180800574958
SH2D2A	13.4174318564433
RGS1	13.4145135241454
SFXN3	13.3753524940924
APOBEC3G	13.3603028294796
BCL3	13.2478085567346
SLC6A6	13.242612045523
APOBEC3C	13.1686410459594
CTSB	13.1163683350688
MICAL1	12.9489989256984
PPAP2C	12.9483874082354
CD70	12.9303653515043
CTNNA1	12.8871949374001
RGS9	12.859030774334
NOTCH1	12.8530659786763
MIDN	12.8192159855668
PHLDA1	12.7972254379424
PLEKHN1	12.7351993407646
RFX2	12.6919996934651
SRGN	12.6664028937579
LUZP1	12.6641811989746
FURIN	12.5951807927966
RP11-279F6.3	12.5771952887088
TNS4	12.48275793266
HAVCR2	12.450326625551
S100A11	12.4212773981853
DFNB31	12.4135002138818
PLA2G16	12.3438857539289
TNIP3	12.3371051642287
IQGAP1	12.3336252625918
KDM5B	12.2819614781502
TYMP	12.2125522298518
NDFIP2	12.208359851668
IDS	12.1659170540699
LYST	12.1143097566004
RALGDS	12.0915225696841
RAB27A	12.0890913687545
PPARG	12.0376878799929
CD1C	12.0217302477782
IFI27L2	12.0165504867933
FRMD4B	11.9432598670898
DDB2	11.8898090728339
RP11-325F22.2	11.8702823916674
NCF4	11.8653447091074
CD74	11.8521343333669
ALOX5AP	11.8447584822083
GRAMD4	11.8437818025905
CD2	11.8332804364407
MYO7A	11.8135738084169
PERP	11.8056684902909
HIP1	11.7983071058243
ANKRD28	11.7845073083153
HLA-DQA1	11.7578222178787
LDLRAD4	11.6957589298069
BTG3	11.682199530997
HLA-DRB1	11.6169557829192
IGFBP4	11.5851339678127
UPP1	11.5680660906282
EOMES	11.5531942480554
FAR2	11.5383544394254
SETD7	11.5083383494411
HLA-DRB5	11.508111680862
CCL3	11.5045378785923
LGALS3	11.4944346814316
GGT1	11.4652233202653
GZMK	11.4295357028033
PRR5L	11.339851215378
RP5-1028K7.2	11.2662241208846
KIAA0825	11.2533114156388
LMNB1	11.2145811111005
FAM46C	11.1837772642421
RP11-367G6.3	11.1581754224346
EDARADD	11.1558218336514
RABAC1	11.0653529925102
CTSL	11.0544497975429
SYT11	11.0395200531077
DUSP10	11.0337133549432
PDE4A	11.0147254365413
SLC2A8	11.0015848176953
CD81	10.995075042485
APOBEC3D	10.9816482842301
MAPKAPK2	10.9482976972449
SLC16A3	10.9066494216413
MAN1A1	10.8830907523814
ANTXR2	10.8763338817273
SLC20A1	10.8719714574487
SKI	10.8400251609366
KLF6	10.8398053467747
LFNG	10.8342836760806
AKIP1	10.8058781029936
PTTG1	10.7558802737924
TPPP	10.7119218904986
FOSL2	10.7099453373942
MVD	10.7079875411236
EZR	10.6750406403808
MIR4435-1HG	10.6439203945278
LAT2	10.6094862892179
DHRS3	10.5806000177121
PTMS	10.5677322233241
CD99	10.5463056159222
CIB1	10.5320412356436
ORAI2	10.5303477952933
TNFRSF18	10.5268262864098
EHD4	10.5025031811719
BHLHE40-AS1	10.4636612414117
B4GALT5	10.4582048498023
IFI6	10.4518836609998
PLEC	10.4501666834384
HMSD	10.4389850077377
CLIC1	10.4004464072489
LDHA	10.3995174790623
WDR54	10.398075994776
IFNGR1	10.375885655475
GTDC1	10.3592928685409
DDAH2	10.3551675523931
TNFRSF12A	10.3209004088254
CEBPD	10.3028274467581
METRNL	10.2888651175072
B3GNTL1	10.2811535751718
XCL2	10.2716391699227
SAMSN1	10.2585541026706
NME7	10.2390202065529
MB21D1	10.2259180112201
LMNA	10.2222930475767
FAM102B	10.2066830619611
CCL4	10.1612921029863
EMB	10.135678402166
IL18RAP	10.1284617735688
SREBF2	10.0723661150611
APMAP	10.0673117364422
TPM4	10.0673077074017
PLEKHO2	10.0546772042708
LDLR	10.0362366528544
KLF10	10.0246008924326
REEP5	10.009792728028
EPS15	9.95889031579702
EIF4EBP1	9.9555703397381
PLP2	9.95356522173321
TPRG1	9.93756170653435
LIMK1	9.92727430117658
RAB1B	9.90510742311467
REEP4	9.8756861589964
AC021188.4	9.87411886116246
GLIPR2	9.86921584279065
SAMD3	9.85457145578967
PRNP	9.85419419892127
CD93	9.84959611303971
OAS3	9.83517366584379
PAM	9.81319008943004
EML2	9.8078116204802
GAB3	9.78905688625939
CD44	9.78044040770642
SYNE2	9.77674971120057
HLA-DQA2	9.77277853462843
ORMDL2	9.7388767447138
ITGA1	9.73425080807244
SERPINB8	9.72662599474262
DAPK2	9.72264883978282
C6orf1	9.72099031522381
FBLN7	9.71746201705312
C9orf89	9.6774414285548
ISG15	9.67459634418982
PDGFA	9.58701884043275
CAMKV	9.55768516856224
FASLG	9.54639676446641
GALNT6	9.48860562652054
FUOM	9.47354588258353
BATF	9.47222822892361
VIM-AS1	9.47193911716206
DNAJC1	9.46943190217268
PRKAR1A	9.46668712652303
GZMM	9.44043421645774
SLK	9.43613485933568
RNF19A	9.43347715435565
PRF1	9.41641032885739
SAMD9L	9.41135561429165
QPCT	9.38818930848479
HLF	9.37970029712962
ZBED2	9.35061923281801
STK3	9.3438176317597
ADAM19	9.32691036386142
RP11-124N14.3	9.32384555182124
GYG1	9.31862926269171
MIR155HG	9.3131593782727
HGSNAT	9.31055621061604
RCAN2	9.28649619487041
AP4M1	9.2811844656329
IFI35	9.27252705616436
AHNAK	9.27114057689915
PTPN22	9.2688024924318
TBXAS1	9.24781065353662
PLAUR	9.23915365080324
PREX1	9.21723629716058
CCPG1	9.21381693711459
PHLDA2	9.19914526700585
CRIM1	9.18887301333351
N4BP1	9.18863428951176
RAB35	9.18768629835056
ITGA3	9.18690364650921
RP11-316P17.2	9.17787860212238
WIPI1	9.15872841952311
MYO1C	9.15653938231337
LAG3	9.13726625356566
NCAPH	9.13622108675006
RHBDF2	9.11297550814925
RASAL3	9.08687885697116
JAZF1	9.0851148583786
CD63	9.08418278922869
ARID5A	9.03171952496632
SLC41A2	9.02718058806245
ICAM1	9.02361382179011
UEVLD	8.99731200864171
BHLHE40	8.98651990488885
KIF20B	8.95959439592006
CDKN2A	8.95898676151903
AC069363.1	8.94747571382173
WDR35	8.92484028120095
ACOT7	8.9206087196794
LIF	8.91613383470827
PLXND1	8.90932748580205
ADSS	8.90597219108536
ATP10D	8.9046436541165
HELZ2	8.90271556827239
RP11-395B7.4	8.9016451101218
PLSCR1	8.88340859286441
CHST12	8.84543527957814
MSC	8.84080352538622
CTLA4	8.81001391103561
FBXO34	8.80544109167703
MCM6	8.77529646161183
NR5A2	8.77186950304835
GDE1	8.76775247592766
PDE4D	8.75724942176229
MFSD6	8.75135849313636
MX1	8.74124142508201
YWHAH	8.73898720951219
ANG	8.72935516722699
ITPRIPL2	8.72742604371659
CD109	8.71986737450739
ANXA4	8.70510902135577
CCDC88B	8.70224556215438
TNF	8.6689437741246
ARHGEF12	8.64897951853641
ANXA2	8.63209770517449
ARPP19	8.62615459014572
IER5	8.61936523883717
RXRA	8.6051868088565
WDR34	8.59579322721293
ITGA2	8.59501374145724
SIPA1L1	8.59225904126502
STAT4	8.589513572614
SLAMF1	8.57960259932198
SEL1L3	8.57863427417918
EFHD2	8.57402468051405
PPP3CA	8.56064932048884
ZFYVE28	8.55437539451214
ITGAE	8.55215268955589
ATP1B1	8.54446393789839
GPR132	8.5402362788684
CCL23	8.52373579715619
XCL1	8.51095789734054
CSF1	8.50497200167997
CMIP	8.49969554449502
VASH1	8.49790513483444
GALNT3	8.48116831309239
PGK1	8.47155150513591
ANKRD35	8.47087518093713
IKZF4	8.44812735085585
PEA15	8.44377391470987
HLA-DMA	8.4430762907396
TUBB2A	8.44139229594035
TGFBI	8.43539398285381
RABL5	8.4076253186204
SLC1A4	8.39594356575312
CBFB	8.37183857216172
NAMPT	8.36821961581383
ENTPD1	8.35227729551605
ENO1	8.34834941708255
BPGM	8.34132056980748
UBE2A	8.34000324824839
MAP7D3	8.33985013800879
VLDLR	8.33609901063934
SURF4	8.32965344528354
KCNN4	8.32271580903246
STARD9	8.30827849631235
ETV7	8.30426477100695
AC015849.2	8.29312673198302
NUDT14	8.2878973866683
TMEM53	8.26895723199361
DUSP18	8.25905838542607
LSP1	8.25872265423052
ODF3B	8.25784859434251
HLA-DPA1	8.25143435596502
RHOC	8.24787227199147
KIF21A	8.24706670811779
HLA-DRA	8.24461444094178
RIPK3	8.23340200342947
PHPT1	8.23208646623609
RHOB	8.22501006063031
VAMP4	8.213030822646
LAP3	8.20987009397603
CCDC167	8.2059328459992
H3F3C	8.20309539483932
RIMS3	8.2018346507905
ZBP1	8.20124330153723
HSBP1	8.18154275683261
YIF1A	8.17070926523947
TMEM50A	8.17039604883314
ARHGAP35	8.16800712418585
HLA-DPB1	8.15922025156419
FYCO1	8.154459672281
P4HA2	8.14989838776624
CDC42EP3	8.14975580438825
IFI44	8.14584459557768
PLIN3	8.14576137257293
GALNT10	8.14177811954792
CARS	8.12588270094736
BMPR2	8.12133513852451
COLGALT2	8.10996140380455
IL10	8.1023029646824
AIM1L	8.10109363076609
ZNF267	8.0996307603336
NPM2	8.09361286079629
MSN	8.09001737163029
GNG2	8.08565466805873
PTPN7	8.08173452415872
MKNK1	8.07417009080821
ACOT9	8.05112882946993
TACC1	8.04479088825327
AP2B1	8.0167603515312
DERL1	8.01234956453452
SLC39A1	8.00986918679135
MAP4	8.00406810966276
JOSD1	7.99937924398974
MCAM	7.99631530500177
VIM	7.99499591718662
PLXNB2	7.96881180489227
HSD3B7	7.96875190219241
BCL2L11	7.96095973280484
S100A10	7.95897461762735
CEP112	7.92972321749607
TFE3	7.92739476986436
MZB1	7.92691678438306
UBXN10	7.9108140848977
KIAA1217	7.90847933364713
FAM177A1	7.90785810368922
C6orf89	7.88016178018454
ZNF791	7.86467806607882
ARAP3	7.86000221964354
FSD1L	7.85992691253851
TBX21	7.85380885154998
BAK1	7.85230550592292
EFNA5	7.8496746167074
PBXIP1	7.83214580938517
KIF13B	7.82380153562061
GPR35	7.82284824916507
PLOD3	7.82020010291589
GPR137B	7.8110724864441
PLEKHO1	7.80964841904658
PRDM1	7.7904210570153
BCAP29	7.77552756025393
FPR3	7.77161316953135
CREM	7.77145421107585
GNB4	7.76421215241347
EIF5A2	7.76316989994825
GPR68	7.76292406848489
VKORC1L1	7.74595845881833
NINJ2	7.74426512709107
CLSTN3	7.73855445355244
CD86	7.73789782752454
TMEM200A	7.73165542853909
MYD88	7.7215012240346
GAPDH	7.70808860333723
RBM8A	7.70521461927839
FBXO45	7.69796914188631
MYOF	7.69388977224237
ARHGAP18	7.68578815080901
FADS3	7.68511799243443
SNTA1	7.67556699382928
ELOVL6	7.66137245819107
TSTA3	7.64850934763596
C15orf53	7.64154967312593
IL7	7.63543083708397
RAB38	7.62477638502996
GAS7	7.61698534020015
CA2	7.61472053580348
PLEKHA5	7.60887423024339
CYFIP1	7.58347484084958
CTTNBP2NL	7.58297174302764
GALM	7.57892857896156
UBXN10-AS1	7.57747828680252
MYL12B	7.57739817810488
GALK1	7.55682880978382
CDCA4	7.55242432567686
NAA50	7.55116127846986
ZG16B	7.54902753203438
PARP9	7.52131016667439
COL4A3BP	7.5127681775971
CTSD	7.49867802494573
DOCK5	7.49383339797836
RP11-24F11.2	7.48738065362156
MPC1	7.48609066380769
MBOAT7	7.48229171652696
CLU	7.47089871272847
ELOVL1	7.4633503742144
RP11-81H14.2	7.46120677192982
UCP3	7.45659599428364
SPTLC2	7.44726890244252
NMB	7.44116363376738
MRPS6	7.43877372520303
PPP1R16B	7.42147126920713
CKLF-CMTM1	7.42111929514497
ATP8B4	7.41647173947633
YARS	7.41299129190074
MUC12	7.41065354835299
CD276	7.40446225566753
POFUT2	7.39436947070702
TRIP10	7.39348398619854
ST7	7.38990107654004
COMMD5	7.36214493107093
PRKCD	7.36076275507553
PLS3	7.35963951443935
TOX2	7.35883517845309
ATP1B3	7.35502766643511
NRM	7.34932441801426
PTPRJ	7.34882564218472
FAM129B	7.34245993698125
HLA-DQB2	7.34227663292141
PRKCDBP	7.34107998015985
C11orf63	7.3406617911793
KIF1C	7.33974736889906
RNF207	7.33272312161804
CAPZA2	7.32565609497628
NFE2L3	7.30399332114721
CERS5	7.30005880482073
ELL	7.29027243969193
S100A6	7.28404956132192
MIR22HG	7.27600726171428
CALHM2	7.27186374239607
NAGA	7.26412782830555
FGL2	7.25613071229036
PGAM1	7.25171538675154
ARNTL2	7.25101922827396
PLCD1	7.25033611434223
MYL6	7.24853564536226
RFC2	7.24016723461544
ULBP2	7.2323867626467
ABHD15	7.22992451037758
CPNE5	7.2280826246547
SERTAD1	7.22639947546767
C7orf57	7.21953403343258
RELL1	7.21917488346231
TGFB1I1	7.21681638083176
BSG	7.21355604653219
EGR2	7.20447174980442
ANXA1	7.20026471697797
PGLYRP2	7.19278842905631
C17orf49	7.18922803227325
PMF1	7.18563256667407
TTC38	7.16854274031318
APOBEC3F	7.16295752504773
CDKL1	7.15634761107942
ARFGAP3	7.15370606516498
USP35	7.13807655625405
PSEN1	7.1365513644034
PDE4B	7.13654953328472
GRAMD1C	7.1354135774544
DENND6B	7.13326693767534
SPTSSA	7.13265572665506
SQLE	7.12861210893228
TRIB1	7.12674113890661
SLC1A1	7.12011758074306
EIF4G3	7.11348721920716
PSTPIP1	7.11328089341276
TXN	7.11219223721167
CAPN2	7.11136661599078
SBNO2	7.10948411614374
NBPF10	7.10703246185082
SYNGR3	7.09446147594614
AOAH	7.09416558357931
AP001610.5	7.08235651160385
CCDC74A	7.07929946106368
FAM167A	7.07534719764885
B9D2	7.07024983084987
BMF	7.06888773793563
RP11-357H14.17	7.06787884470464
PCTP	7.06459340255018
CIITA	7.05696219218196
FAM127A	7.05496983450059
ADARB2	7.03901973230247
MAPK11	7.03398339406822
SMIM12	7.02800225479391
LY6E	7.00679301075904
PPP4R1	7.00294229282444
HDAC9	7.00290806120377
DENND3	6.99450916765039
TMEM43	6.99325790823063
JAKMIP2	6.98802555714859
SHFM1	6.98565834802395
GEM	6.97907143819365
ANKRD37	6.9712668662813
FMNL1	6.97041375849548
KDSR	6.96894706400359
TUBB6	6.96814444450263
POC1B	6.95763787743384
NLRP3	6.95447906740276
RNASE4	6.94307961544552
KRAS	6.93566290101929
CPNE7	6.92721421725173
AL161784.1	6.91967933269241
IL26	6.91920855396407
SEPT8	6.91815572395764
SH3BGRL3	6.91491102003282
FHOD1	6.89648388877068
DYRK3	6.88330781741264
TPI1	6.88267130182003
OTOF	6.88169981402294
PGM2L1	6.87841194219184
TANK	6.86870414188104
RSAD2	6.86410044441112
CLIC3	6.85462078703813
WDR44	6.85376802116357
KATNAL1	6.85290182535489
ZDHHC12	6.84955088916915
SLC35E4	6.84840590667329
SLC25A44	6.84800310621054
FCGR2B	6.84733922348196
C3orf14	6.84359615457475
CRMP1	6.84274108359375
CEACAM1	6.83291380069821
LRTOMT	6.83074272773153
TM9SF1	6.82556160976366
ZNF600	6.82185688485554
CCR2	6.82083989195528
CDC42EP1	6.81567413887402
PSENEN	6.81213520391005
CKAP2L	6.81077924753846
PFKP	6.81035218060431
GK	6.806104533628
RDX	6.80498351844896
CLEC10A	6.79167814226221
SEC22C	6.77743656941069
DRAP1	6.77503650709111
TBCD	6.77468260321749
HLA-DQB1	6.77375077745204
NFKBIB	6.76670913556441
MTHFD2	6.76416706033027
IL15	6.7517600085848
IAH1	6.75082523909906
TCP11L1	6.74761705860317
TAP1	6.74654733933826
C15orf48	6.74611134545985
TCN1	6.74506994245295
RASSF2	6.73838796717694
CD2BP2	6.73713680792279
DCTN2	6.73097693388526
EIF6	6.7298928822506
NHSL2	6.72930987563069
DUSP6	6.72292652163156
ARAP2	6.72062572498767
IFI27L1	6.71962042569935
IRF7	6.71701171748808
KRT86	6.71436242651566
FOXP4	6.7057134903002
LMO4	6.69544843077855
RP5-940J5.9	6.69367370245771
MAMDC2	6.68567547990948
CCR1	6.68380372821949
PMCH	6.67973684647208
TM9SF2	6.6540064691004
AGPAT2	6.65271547987594
JMJD6	6.65109558391938
CCL20	6.62825812712578
SHISA4	6.62367419663769
RAB11FIP1	6.62344928477055
PTRH1	6.6232505098757
VDAC1	6.61540415982732
HLA-DMB	6.61499837412705
GOLGA2	6.61123975107374
MPZL3	6.60915262458762
ACSL1	6.60392808029428
VMP1	6.60176119580266
FCER1A	6.60073139917791
DLG3	6.59999195054801
NDRG1	6.5952332178875
FBXO30	6.59487238848424
GOLGB1	6.59371097618554
ROMO1	6.5930613196627
RHBDD2	6.59060958191379
SELK	6.58919450802602
USP18	6.58838172424358
TUBA1C	6.58634457294413
AAED1	6.58461299046738
GOLIM4	6.58326571823745
RUNX3	6.5824701875964
TDRD7	6.58151707634079
TPP1	6.57933257192423
DYNC2H1	6.57801378862491
TXNDC17	6.57671090816423
RAPGEF1	6.57612710762599
ACTR1A	6.57060422416789
BZRAP1	6.56778973933799
MIR24-2	6.56353851696967
TIMP2	6.56318920108443
DLGAP1-AS2	6.56209788309818
KIAA0513	6.56170279296733
SLC35F2	6.55643345046604
CCDC107	6.55509121387502
KIF3C	6.55228777065855
AGPAT4	6.54700352302767
SNAPIN	6.54660117285877
RABIF	6.53334823847966
IGFLR1	6.53299355150304
TNRC18	6.53291969875172
KIAA0930	6.53244374674214
AHI1	6.53231967937236
VWA7	6.53134033385478
ZNF282	6.53010444332305
SLCO4A1	6.52975850542189
MOK	6.52668194986309
OAS1	6.51548252794892
POMP	6.5109629938661
SYTL2	6.51026829149126
SPOCK2	6.50443419877105
LMF2	6.50282580474686
CCL4L2	6.49456940204513
MYO5A	6.49162369391156
TUBB4B	6.48257965933221
GNG4	6.48153326624399
SCD	6.4746039763898
HSPA6	6.47435294344155
LAMTOR5	6.47100039251023
EPSTI1	6.46859718339319
IL12RB2	6.46592142962352
PARD6A	6.46150191607101
TMOD3	6.45920863684303
LPAR2	6.45333990022361
A1BG	6.45045917045826
DIAPH1	6.45023708773216
C7orf72	6.44979896631992
MGME1	6.44539927008682
CHMP1A	6.43866414663454
JAG2	6.43500316597727
HEATR6	6.43449047071165
USF2	6.4278468613136
BCL6	6.42590795389079
PHTF1	6.41938744792152
CTD-2547L24.3	6.41610161593014
CACNB2	6.41609233764848
BAD	6.41268383814277
DOCK2	6.41100355878854
NAT6	6.40706283327561
GPC1	6.40262192957994
EIF2AK2	6.39764252612705
FMNL3	6.39487180768918
MYO1F	6.39230049312467
ATXN1	6.38418592326618
A1BG-AS1	6.37917658488764
AGO4	6.36670705336718
WSB2	6.36031681254706
NDUFA6	6.35831404116424
NCDN	6.35095826876061
SFMBT2	6.34557441106954
ST8SIA4	6.34353525033823
MBD2	6.34159739316016
AP1S1	6.33638865864476
CASP3	6.33621630677637
HMGCR	6.3337157965262
PTTG1IP	6.32489192813737
ZFYVE21	6.32038373844725
YIPF3	6.31471705270595
NEU1	6.31190923751643
FAM83G	6.30681972962863
S100A2	6.30547237903929
FAM115A	6.30240326206891
ACOT4	6.29749707529838
CPVL	6.28484483168506
RGS2	6.2819720630855
NCF1	6.28145793282364
MYADM	6.27946254849758
PICALM	6.27626203773047
DYNLT1	6.27312688356423
SLC1A5	6.27145371856918
SLA2	6.26983764152714
RP11-222K16.2	6.26501512480815
LILRB4	6.26303863783194
SPI1	6.26013650396334
ITM2A	6.25957100278407
SGCB	6.25933071913467
MXRA7	6.25216248666662
CD97	6.25132415191478
KIF1B	6.25067554017708
PARP4	6.24505530393542
RGMA	6.23731823352703
ITGAX	6.23204771891386
ZNF438	6.22546733293521
PLEKHA2	6.22225306274493
BCOR	6.21797299397341
ARSA	6.21025711101425
DYNLL1	6.21009025735306
ZC3H12A	6.20950728149668
YWHAB	6.20897795089321
RAB11FIP4	6.20761811311629
ZFP28	6.20268563898507
NOP10	6.19950793019475
PRDX1	6.19682525977555
HPRT1	6.19234189130513
SIPA1L2	6.19182689383705
TIAM2	6.18979406328996
SNRPB	6.18823120564345
ARHGAP22	6.18294171601798
CCRL2	6.18246951210333
PCK2	6.17677831045086
RAB33A	6.17673871556528
MPST	6.1699996375855
CTNNAL1	6.1666392514938
PCYT1A	6.15919614307943
RALA	6.15878345728181
SERPINH1	6.15842023724975
PRKX	6.15554546913119
CD9	6.15295194896322
GALNT1	6.134756892321
N4BP3	6.12512467642342
TTC7A	6.12181797822729
SH3PXD2A	6.11913470677174
SERP2	6.11607512742584
GZMB	6.11597625731306
SFT2D2	6.11342764931943
FAM109B	6.11245406658509
GOLGA8A	6.11187013243637
AP001816.1	6.0908372028375
ECT2	6.08870584848462
RP11-191G24.1	6.08640028424968
LRRFIP2	6.08427517077978
TOR4A	6.07349701803954
TNFSF14	6.07225106180178
DGCR6	6.07213231001241
SPATA2L	6.06398970151639
LRRC63	6.06012936280693
COX17	6.06005146655626
TIMP1	6.05788509274845
HCST	6.05608946957691
ASMTL	6.05521349161043
C11orf49	6.05042836306593
FANCL	6.04903358012134
KCNK5	6.04361186361443
TMEM173	6.04322801452494
PTPRE	6.04195407613843
TBCB	6.04031848877709
GFI1	6.03773462844491
C3AR1	6.0363157499922
CYB5R3	6.03601206826623
RHOF	6.02963214595788
PHYH	6.02310022098655
PBDC1	6.01979623705708
CYTH2	6.01762798533631
ZEB2	6.01055485148845
PLEKHM1	6.00835861563956
C12orf68	6.00674461264313
IL4I1	6.00602442108819
CYP4F22	6.00309602375023
RP11-290L1.3	5.99342444360933
FAS	5.98037870984993
HYAL3	5.98019934710039
SPAG1	5.97898199723351
PCBP4	5.9661671155545
MEF2D	5.9600878678005
PTPRM	5.95801710411378
LAYN	5.95480208743141
HEG1	5.95424735191749
PIGT	5.94921806191533
EBI3	5.94534686553169
PVALB	5.94490791106022
ATP6V1A	5.94235038469896
ZBTB43	5.92822041104577
BBS7	5.92602884398172
SPOPL	5.92452139669076
H3F3B	5.92359054400261
PPP1R14B	5.92216854219243
SGK1	5.92170089574853
CLTC	5.91500761289409
BSPRY	5.89946138048078
DAPK1	5.89309408841601
CD59	5.89260375694952
ANKRD39	5.8884549531537
LRFN4	5.88724767896098
MVP	5.88276729677231
C1QA	5.88240749580458
NFKBID	5.87669043098039
KCTD21	5.8718714125882
NARF	5.87117759376207
HNRNPLL	5.87095147093047
GNAO1	5.87074157872589
DBI	5.8705849081316
NR1H2	5.87048018569386
CAMK1D	5.86987618051258
PRDM8	5.86967715001902
PET100	5.86699662947373
HERPUD1	5.86631795711328
TLE3	5.8650904151221
CPEB2	5.86416060030077
YWHAQ	5.86253298545132
IRF2BPL	5.85915841080372
PPP1R3B	5.85769227723051
SNAP47	5.85585923959946
RP6-109B7.3	5.8556464883712
FAM63B	5.85417980510179
CAMTA2	5.84637934877121
CLIC5	5.84213228954006
DENND4A	5.84038214522304
CSRP1	5.84016798691045
IRAK2	5.83280678312073
CASC5	5.83137090738596
CASK	5.83059705944753
PDLIM7	5.82688060003677
NUDT16	5.8088590714936
ILK	5.80834107337113
ATF3	5.80036495340915
MAPK7	5.80023130279794
MBNL2	5.79538490902415
VPS37B	5.78590459258485
SH3TC1	5.78575442878566
FABP5	5.78515549636988
IFI16	5.78185346123054
RP11-345J4.5	5.78122965982916
RP11-356I2.1	5.77996259893064
CD82	5.7798355958337
PVRL2	5.77718116312819
CASP7	5.77634065182202
EDEM1	5.76743671576869
IGFBP6	5.76120684845607
GPAA1	5.75279213753888
PLD2	5.75239502775256
VSIG4	5.74494483922693
CHMP2A	5.74429878296846
HNRNPUL1	5.74005241532008
HTRA1	5.73918616322818
TAPBP	5.73825776647248
CHD9	5.73716773613007
ARL6IP6	5.73615563775279
TOR3A	5.73492756556988
DYNC1H1	5.72993157073161
ERI1	5.71376917961448
PLEKHG1	5.7095043622205
SNAPC2	5.70771953361719
SEPT11	5.70644713677452
AC002331.1	5.70492462307083
LACC1	5.7032117136167
CDK2	5.70034063193138
ARHGAP31	5.69950668136599
TTYH3	5.69537943452132
TOX	5.693116523858
SLC27A4	5.69231095667587
NDUFA13	5.68869411880163
IKBKG	5.68824576311787
JOSD2	5.68764731161005
PRDX4	5.68558505877992
TMEM14A	5.68419643992712
HSH2D	5.68311259356858
PDLIM4	5.67934702976554
TIMD4	5.67886692253494
ZNF704	5.67613153229385
RER1	5.67426482632441
VANGL1	5.67368125165673
KDELR3	5.67230763152808
SLC35F6	5.66851085002088
MLKL	5.66764150593198
ETHE1	5.66742605745276
B3GALT4	5.66269212417762
MBD6	5.66219641044872
TMED8	5.66034610212753
ARL3	5.65722634111904
ARHGAP26	5.65612487296371
SOCS1	5.6559760918863
GEMIN7	5.6500218995913
DHCR7	5.64860399751637
KBTBD2	5.64792813049288
CDK2AP2	5.64752338792011
KAT2B	5.64192755191708
RPS6KC1	5.64054543482806
ALCAM	5.63722262750853
RANBP9	5.63693121193079
PSMC3	5.63592626435722
BTBD10	5.63486065763879
RAB11A	5.63391682734577
FN1	5.63090154919921
KIAA1161	5.6277820962518
TEP1	5.61966948042576
FAR1	5.61667698401723
OGN	5.61463934213239
ROM1	5.61151764532776
TRBV11-2	5.60546702527555
KIF5C	5.59805233811394
ASL	5.59685160540379
IL18R1	5.59316931400682
COMMD8	5.59261943718515
NTRK2	5.59185755484296
EMILIN2	5.58828976629754
DGKG	5.58758331870194
HEXB	5.58692859962859
IQGAP2	5.58682507429825
C20orf194	5.58637877228948
FIBP	5.58599144538179
TNFSF4	5.58190608736951
TFEB	5.58169149866281
RHOA	5.57368562975782
CYSLTR1	5.57249429265571
IFITM3	5.56895579255133
DYNLT3	5.5688171947524
PYCRL	5.56713734128171
CYTH3	5.56669331210419
TMEM208	5.56445446947165
LRP8	5.56235827657534
RNF14	5.5617561001199
C1QB	5.56047063229967
LINC00265	5.55501316458497
PSMB3	5.5545977693985
AC017002.2	5.54387879137386
PCBD1	5.54322714533782
UBR7	5.5420215124316
GNB1	5.54123681971981
TP53I11	5.53977602001919
CCDC74B	5.5302346672666
SQRDL	5.52937761887308
UBXN11	5.52904491266197
CNP	5.52813035427071
PTPN13	5.52497497158131
SYK	5.52465642473039
LAMP2	5.52394582173694
PQLC2	5.52157949033796
DNAJC10	5.51663304924478
TFCP2L1	5.51412759899649
NIPA1	5.51028227852
HIATL1	5.50401137636581
SLC31A2	5.50214878476364
EML4	5.4995333632657
HMGB3	5.49617418340894
NETO2	5.49495860124409
TRIM45	5.48951244212513
RP6-99M1.2	5.48593125173715
EMC7	5.48268354930854
DAG1	5.48030327327208
TNS3	5.48022221154018
PKM	5.47359100606177
ADPRH	5.46619799743437
SNX8	5.46534801269735
CAPG	5.46268016760752
CAMK2N1	5.45691420310279
UBAC1	5.45379961488848
MEI1	5.45147437770148
ABHD2	5.44659013185384
VAMP3	5.435706532436
EFCAB4A	5.43300809312614
LRPAP1	5.43198432192181
HSPB11	5.4313070306471
RNPEPL1	5.42736879190139
RUSC1	5.42396330573622
TRIM25	5.42310186874176
COL5A1	5.42057047118758
TM4SF5	5.42030121610382
AGTRAP	5.41939075164069
CSF1R	5.41578032425556
MFSD10	5.41287625612192
ZBED4	5.40748536420692
TBK1	5.40555616827438
RGAG4	5.39845019093139
PSMB6	5.3967275565427
TBC1D16	5.39642638455043
CSGALNACT2	5.3957343788974
TMEM109	5.39380295571745
GDPD5	5.39009462492838
MAFK	5.38857623268595
KIAA0247	5.38828670558862
C12orf5	5.38513263332016
TMEM234	5.38328227548112
ABHD16A	5.38277492114209
OGFRL1	5.38117700293018
CDCP1	5.37893717196156
EMP3	5.3782863249057
CST3	5.37635147913858
TINF2	5.36531560428073
B3GAT1	5.36523176063014
TXNDC15	5.36373761488079
COX8A	5.36234061855059
PARP12	5.35461477446694
RRBP1	5.34883308360568
CD8B	5.34853652645127
MIR210HG	5.34765528922571
CALCB	5.3457501498829
ARHGDIA	5.34560803511943
C17orf66	5.34539315617802
SLC2A3	5.34298391247886
C1QC	5.3418485252793
MARK4	5.34175233964724
FAM214B	5.33625935452113
ZFHX3	5.33570312267553
NBEAL2	5.33567589299731
PLEKHB2	5.33562942350056
CYP2R1	5.3340751790744
CLSPN	5.33373195632889
MIF	5.33215185932395
ENSA	5.32914762086978
GOLGA6L4	5.32483392296958
CNTLN	5.32092717023333
FAM115C	5.31831582688433
PER1	5.31746858049413
KIAA1598	5.31656130638087
PCNXL2	5.31298283561069
NR4A1	5.30872477218236
UBE2W	5.29993421728482
NDUFB2	5.2984069303041
FBXO2	5.2956754747118
NEDD4	5.2936684043134
SLC35E1	5.29288632886606
COMMD4	5.29039525262582
SNAI3	5.28906681279018
NCOA3	5.28901783308491
PTHLH	5.28649989424468
VEGFA	5.28479397722146
CORO1C	5.28032354684157
KIAA0753	5.27794032334255
HN1	5.27471156320833
PSMD1	5.26840406285022
MAP1LC3A	5.26775620490572
RACGAP1	5.26677369799138
TNFRSF9	5.26665645654233
KCTD20	5.26439459579087
MAP6	5.26190246944674
WIPF1	5.25797995362804
CAMSAP1	5.24970799598098
DHCR24	5.24902383240517
CD53	5.2489732621472
ANXA5	5.24823251688878
CHST11	5.24565877662723
MED20	5.2442681347765
PIK3CG	5.24290465704164
FBXO6	5.23785157307531
BBS12	5.2330427780259
KIF11	5.23197607429417
CCDC47	5.22991368008598
IFI30	5.22374405243254
CSF2	5.21946753201782
SNTB2	5.21836837827746
SMOX	5.21726127186056
CCDC50	5.21664862340147
MELK	5.2158661550941
NRAS	5.21375639400499
CNEP1R1	5.21348658791331
CLEC2B	5.21229610616643
CPPED1	5.21127947547858
LINC00299	5.20723852555593
TRIP12	5.20678596892278
L1CAM	5.20295630680055
GSKIP	5.20216594404268
PIAS3	5.200604535028
HHEX	5.20056128862996
CDK1	5.20047986122052
CCDC40	5.19981991152176
MRPL41	5.19763902624953
GNAZ	5.19685957305071
CYP2S1	5.19636988211682
NUSAP1	5.19519598985921
SEMA7A	5.19408542709569
CD300C	5.19360591423029
TESK1	5.19187974611219
RNF19B	5.1891850955365
DNPH1	5.18824176104196
LGALS1	5.18628490301643
RNF7	5.18625779670296
S100A4	5.18475786771247
ERLEC1	5.18465491883015
FAH	5.18394809356118
RP11-442H21.2	5.18345093573729
CSF2RA	5.18141893908692
DTD1	5.17933379029766
RTKN	5.17678543080161
RNH1	5.17622544141086
CAMK1	5.1756378057652
ITPR2	5.17253615519886
MFSD11	5.17142558129078
RFTN1	5.1705985514455
CTD-2369P2.2	5.16976575549681
ALDH2	5.16858804929105
HIGD1A	5.16560067263801
IL21-AS1	5.16454005166201
CRIP1	5.16353761607072
TRIOBP	5.15346740222781
LINC00937	5.15054022151027
ZNF584	5.14972089402941
KIAA0232	5.14808349696744
WDR47	5.14626363516039
TAGLN2	5.14428432302003
GNLY	5.13641722167924
DVL3	5.13527757652582
ULK4	5.13516000169922
C9orf169	5.13434313669419
SH3GLB1	5.13302144031797
AC011043.1	5.1300110219944
PLAU	5.12750197336318
HMGCS1	5.12446585872133
SNCA	5.12172445973683
CXCL16	5.1188531863426
CASP9	5.11473766843112
LASP1	5.10993093572751
MSR1	5.10901482294185
NRBP1	5.10692099863991
MAF	5.10420679641039
BATF3	5.10123902506524
KIF3A	5.10079391599358
LDOC1L	5.10054061017396
SLAMF8	5.09994893323866
ACOT11	5.09979948402128
PLXNB1	5.09822034988052
HMHB1	5.09721214235617
LRRC56	5.09716737912617
VIMP	5.09534732174283
ADAM8	5.09444759135422
C1orf159	5.09013706074098
NAGK	5.08736681103184
ACER3	5.0847434244323
PPP1R16A	5.08304580272196
NPTN	5.07918706815282
FAM89B	5.07654614892011
KCTD9	5.07507924974612
KIAA1841	5.074799872023
EGR3	5.07107746426709
RIF1	5.0703067104786
IRF5	5.0676671810755
CDIP1	5.06756485507094
CENPU	5.06508493325365
IFITM2	5.06442840790045
DLG5	5.06355018469967
NQO1	5.06309802601298
TCN2	5.06237685949001
AC083864.3	5.06178635562293
DMD	5.05702416796673
SPP1	5.05439384624058
FES	5.05256156234886
SLC22A4	5.05254067156605
ETV6	5.04871623315328
CCDC88A	5.04849680768859
RBX1	5.04261216416372
SLC25A43	5.04141054285185
WDR45	5.03938531036787
COL9A2	5.03810312323774
DOCK7	5.03771896876013
TRIM21	5.03753111890625
BROX	5.03627747765946
CHST15	5.03266986701773
EOGT	5.03160163784417
TCTN2	5.03018008341108
TAF13	5.02991998355378
PPP6R1	5.02738887014095
GPR171	5.02688436626587
PHLDB2	5.02548739185766
APOBEC3A	5.0248210886248
THBS1	5.02473109137728
STARD3	5.02430237140381
SELT	5.02231995989403
TLN1	5.02132508028407
PAQR4	5.01925517701095
TSG101	5.0184532886391
RP11-305L7.3	5.01595873077488
SPAG4	5.01568355666163
COMTD1	5.01447881006793
MMD	5.01085638147276
EPAS1	5.00824187870288
MS4A4A	5.00543148914812
IGFL2	5.00529003953242
SYTL3	4.99238193418029
SPIN1	4.99219886723294
ANPEP	4.98959688794737
WNK1	4.98956978512944
RAC1	4.98827600786548
PPP5C	4.98789505518483
HSPA2	4.98673864886891
PPP1R7	4.98424749498103
ESCO2	4.98311602999593
NR3C1	4.98285288397957
GMNN	4.98069002893943
CMPK2	4.98013061642304
MSRB1	4.98010015156449
GAS2L1	4.97882683293119
LINC00893	4.97880851966682
MEF2C	4.9763558072488
B3GAT3	4.97628420161745
PARVG	4.97184520374526
SLX4	4.96975515476175
SCO2	4.96711326084993
CARHSP1	4.96556439069582
SLC3A2	4.96544098206507
CAPNS1	4.96299450861564
FPR1	4.96241970106642
FAM84B	4.96177293070917
KIF23	4.96151917575717
IDH1	4.95990362048502
CRIP2	4.95878677487043
ATG9A	4.95719833227643
AKAP5	4.95503693878224
PRKAB1	4.95478758860869
TMEM155	4.95147414781494
TNFSF9	4.95044506617945
FHDC1	4.94475786068533
METTL24	4.9435640388515
RP11-1018N14.5	4.94292401308417
ENDOV	4.94033361768756
IDI1	4.93986373515212
TCF19	4.93710182593718
PPP2R2B	4.93088407156772
PRKAG1	4.92973634997382
PITPNA	4.92119367284569
G3BP2	4.91900446694251
NINL	4.91517802754723
BCL2L1	4.91285355386066
NOD2	4.9121141802524
ZBTB17	4.9116380590723
RNASE1	4.91101077567973
SERTAD3	4.9077453671525
DNASE2	4.90693869516204
DCLRE1A	4.90528740297091
ARSD	4.9041522905162
FAM96B	4.90296836386508
LATS2	4.90092519965399
SPINT1	4.89688436036746
NPC1	4.89435334534114
FAM179A	4.89284010467918
ADRB2	4.89165042328137
BUB1B	4.89101748807887
EED	4.88789720845943
NUCB1	4.88722867343218
LAPTM4A	4.88294844422535
ACOX3	4.88024294337239
FAM111B	4.87836272777919
STS	4.87782352482121
TNFSF8	4.87736908568116
ATG16L1	4.87664199276711
SLC31A1	4.87449733226281
JDP2	4.8730431049034
SRI	4.87187250915739
IFI27	4.87040411218417
RBBP8	4.86261727329701
ST6GALNAC6	4.86254269456639
SYAP1	4.86199814874262
PIP4K2C	4.8600764369571
DDA1	4.85878890444671
UNC45A	4.85672843809822
KIAA1671	4.85568792965986
MYRF	4.85529864615037
NCOR2	4.85200377785971
NRP2	4.85088513288333
RP11-809O17.1	4.85067604122267
OPTN	4.85038187724786
GUSB	4.84815617071518
C17orf62	4.84191918024403
SPATA33	4.83819852061
MLH1	4.83780456410673
OSBPL3	4.83540617132013
HIVEP1	4.8301338620026
CAB39	4.82755523389044
PPP1CB	4.824058748475
ITPR3	4.82355757400135
CC2D1B	4.82281881774891
LRRC16B	4.8209903967598
GBP5	4.82008934025007
FAM212A	4.81649770076687
TSPO	4.81551788144794
KCTD11	4.81445003871509
SQSTM1	4.81399688884953
HSPA1A	4.81369227473698
PTGS1	4.81115333819985
HCFC2	4.8105758484383
ATL3	4.81023570832212
APLP2	4.80955057785601
IL1RN	4.80528588858347
MTHFD1L	4.80427185305027
MFHAS1	4.8013557986644
RNF213	4.79740727041406
FCGR2A	4.79593977584912
OLR1	4.78755039164582
DLGAP4	4.78726339064758
C12orf55	4.78476271551959
DDIT3	4.78031308964274
ZBTB38	4.77559015614294
RP11-386G11.10	4.77291960592764
TWIST1	4.77189150882226
RP11-161H23.5	4.76977526285431
CLEC7A	4.76847741790215
PSAP	4.76685680084838
TNFRSF1A	4.76375911029812
DOK1	4.75995345693996
STX4	4.75973855197184
NPEPL1	4.75950115331206
CNPPD1	4.75945314559876
CMTM1	4.75855751051712
CARD6	4.75767910333926
GNG5	4.75588986226966
SIK3	4.75343708048067
FAIM2	4.75040685016434
STARD4	4.74911450682368
DIXDC1	4.74778493429967
CD8A	4.74385732601585
ARHGAP11B	4.74361539376985
GAB2	4.73247538425478
EGR1	4.73233185314793
FSCN1	4.73198686626122
SACM1L	4.73064570592293
AGPAT6	4.72657942241078
LMNB2	4.72592172151889
FCER1G	4.72037355811544
SNX30	4.71797666230348
SPTY2D1	4.71706793519561
RP4-647C14.2	4.71601750537385
DFNA5	4.71468863057832
DHRS7	4.70953722783374
DAB2	4.70650757338391
CHMP5	4.70074058076306
EBP	4.70025643705174
CENPM	4.69834602956886
PLA2G2C	4.69813622118438
EVA1B	4.69278640197899
FAM76A	4.69265895405505
MLF1	4.68938017684338
PPP4R1L	4.68922884218373
TSPAN13	4.68468936731411
GSN	4.68311964502791
ATP2B1	4.68007751363734
NCOA1	4.67805806117698
SERINC2	4.67446029468476
MIS18BP1	4.67375128676429
STX11	4.6723075339833
TM2D2	4.67111749330942
ZWILCH	4.6694549932228
SSFA2	4.66940734714995
KIAA1407	4.66826485459558
EMC3	4.66782582027471
PDLIM1	4.6676193960343
AK4	4.66572165511108
TIMM17A	4.66453327324662
SLC10A3	4.66298623373307
MLTK	4.66097919180723
CD96	4.65821296626653
CBLB	4.65765443120935
PSMC3IP	4.65474097723212
TOLLIP	4.65200853139601
DNAJB6	4.64861176978468
GPR19	4.64768322026861
KBTBD8	4.64447182705189
ABAT	4.6373606484834
ATP6V0D1	4.63733055314944
SH2D1A	4.63600547248329
SBF1	4.63529752230196
DYX1C1	4.63485149323239
SP100	4.63459610062178
AP000769.1	4.63327645962275
RP1-111D6.3	4.63018740362689
LYN	4.62743888441498
TMED1	4.62622122425406
ATP6V0B	4.62241675755634
ANXA7	4.61758921663815
BLZF1	4.61205938662179
ASXL2	4.61090167068136
CREB5	4.60696971538827
SMKR1	4.60540243275484
EP300	4.60477511696038
ADAM15	4.60097875118412
KYNU	4.59894898819815
IL18	4.59532850560439
CYBB	4.59496027487911
YWHAE	4.59310771952538
KSR1	4.59199197231565
GPR137	4.59189011680861
SLC25A24	4.5897522094209
DSE	4.5894287192814
RIT1	4.58834655635919
CCDC64	4.58765120092114
CSTB	4.58733060397453
YPEL5	4.58631951220702
POU3F1	4.58561440720724
UCK2	4.58559195653026
BASP1	4.58362772706665
TUBG1	4.58269351983113
C16orf93	4.57912261397667
GLA	4.57488379481439
MAST2	4.57375117708143
DNM2	4.57314701430869
CD68	4.573056577736
NEBL	4.57125225506592
FBRS	4.56856755118166
ADAM17	4.56321619955798
GPI	4.56231783615188
SLFN11	4.56226261941126
KEAP1	4.56189386253964
CCL2	4.56035014006587
SGMS2	4.55837770751296
ADRM1	4.55617146555413
SLC8A1	4.55524265102449
JAK3	4.55381277421178
RAB31	4.55370189250268
COMT	4.55270376310443
SLC2A1	4.55080975352091
BRE	4.54630495259604
ACBD5	4.54164268992386
CSNK1G1	4.54069668931999
ARHGAP21	4.53874461549976
ERBB3	4.53781228533564
BTK	4.53663017197937
PTPRN2	4.53512185073596
ARHGAP9	4.53497908427616
PPARA	4.53452450664722
KDELC1	4.53407665864855
KANK3	4.53402199745867
HIF1A	4.53314041538963
PLEKHG2	4.52668722700451
RNF41	4.52293575406829
HECTD2	4.52057557402098
LLGL1	4.51605882612555
RASSF4	4.51603109237885
SLC4A8	4.51590981550675
PEAK1	4.51500883588344
FAM103A1	4.50933415788588
USMG5	4.50648022867474
SLC15A3	4.50593455037126
CREB3L2	4.5019101166514
RRM2B	4.50010424900396
CYBA	4.49724404797133
MAMLD1	4.49604107743863
ANP32E	4.49576670337931
AKIRIN2	4.49537409787992
SERPINA1	4.49253295331055
C17orf58	4.49222529816949
FAHD2B	4.48859232149471
UBE2M	4.48636345075714
ACP2	4.48580104441842
AKAP13	4.48505901637768
TBC1D2B	4.48324661671255
APOE	4.48225708744386
FADS1	4.48095136716338
HCK	4.48072193642762
NFIL3	4.47894069595431
CBX6	4.47836760785168
GNA13	4.47777270467925
BLOC1S1	4.47660874336355
PDZD11	4.47523770853148
GZMH	4.47211446940849
CAMKK1	4.47146143277242
TCIRG1	4.47126396557784
GSS	4.47059966825659
MAP3K2	4.46962469756559
SLFN13	4.4689306565472
MYO1D	4.46839300759885
KIR2DL3	4.46652993377285
BUD31	4.46639867305494
EXOSC4	4.46414617919541
TRIM3	4.46347079504194
DHX58	4.46290533716643
RAB36	4.45948440440535
CHRNA5	4.4592264008716
PLXDC2	4.45689801061543
CLEC5A	4.45622256137439
MARS	4.45541266352365
C6orf106	4.45539389368811
WBP4	4.45511094185101
FOXB1	4.44979162383905
ATP2A2	4.44977717074528
AC009495.2	4.44738664650406
PPAP2A	4.44663571089638
TOP2A	4.44650958298172
GLUD2	4.44250342625361
PPP2CB	4.44203275379672
LANCL3	4.4401213129206
MTCH2	4.43929922222219
LRRC70	4.43802841414313
ADARB1	4.4354902271696
TPST2	4.42679299042704
TM9SF3	4.42421060184003
CDYL2	4.42393902752183
LOXL1-AS1	4.42025893962179
AC116366.5	4.41981656472813
TMEM14C	4.41957754580424
C16orf80	4.41782616989983
YIPF5	4.41767389636386
ZSWIM8	4.41763232897761
KB-1980E6.3	4.41708290330536
ACP5	4.41702236621268
GRIPAP1	4.41391743424253
ITPA	4.41219335317033
ZC3H12C	4.41116317192829
ZMAT5	4.40390186112216
CACNB1	4.40161606497001
RAP2C	4.40074176448791
C14orf79	4.40000679670274
RAB34	4.39976295961713
SH2B3	4.39684741284811
NCS1	4.39612886369982
RAD51AP1	4.39467089455427
APOC1	4.38770610591391
SMURF1	4.38675005592841
GSDMA	4.38606571564817
IFT81	4.38350496832336
DNAJC9	4.38332335997943
NOTCH2	4.38291308995577
STK40	4.38107557853025
LPCAT2	4.38065141395585
PDCL3	4.37921492697266
TMTC4	4.3782623767947
PLCG2	4.37704115591429
STRIP2	4.37696288607661
YPEL1	4.3763044640887
ADAM12	4.37490415691159
TOMM40L	4.37304560568187
RBM28	4.37219656879327
EVC	4.37124727293418
PGRMC1	4.37075006822455
YPEL4	4.37045706811845
DUSP2	4.36982164755177
RAPGEF2	4.36826127208939
FAM213B	4.36744650776423
CLIP2	4.36630251172006
SAMD9	4.36588027540061
ADCY7	4.36583373589265
TWF2	4.36540266056384
ANKRD36C	4.36321486555531
PLA2G15	4.3623117439341
CHSY1	4.36102980518918
JUND	4.35458298255823
BDP1	4.35369492111457
CD1E	4.35147677097583
ZFYVE1	4.35099307255136
AC093673.5	4.35088784345767
CATSPERG	4.3482934554913
GBF1	4.34520227897668
AAMDC	4.34498549691128
ANKDD1A	4.34018267880783
ITPR1	4.33912560753522
RP11-94L15.2	4.33655071369058
PTS	4.33616471798441
ABR	4.33557896265423
GNA12	4.3345233048353
TBC1D10B	4.33146024264986
DPY19L1	4.3311033224736
MMP9	4.33041676415449
DTX3L	4.32981667785377
P2RY14	4.32817520231234
RNASE6	4.32815272027755
PHLPP1	4.32654629205466
ZNF385A	4.32410233586416
CACNA2D4	4.32381593819156
GNPTAB	4.32321811411875
SEC11A	4.32305026702418
ROGDI	4.32297183460039
ST3GAL6	4.32200916370942
CHAF1B	4.31885178405319
CCNE2	4.31664959083346
TM6SF1	4.31561286863921
ZNF71	4.31410668829508
LGALS9C	4.31237964143305
GGH	4.31200867291358
LRRC32	4.30978380354214
CREB3	4.30906892733129
RASGRP4	4.30733637311716
SPRED1	4.3042687397264
ATAD2	4.3035089337142
SLC12A4	4.30148143916081
ZMPSTE24	4.30057931495176
MS4A7	4.29976002581761
HNRNPH2	4.29884059385086
OPLAH	4.29803918488098
LAIR2	4.29747473492729
ATP2A3	4.29657223583125
BID	4.29531907385818
TRNAU1AP	4.295272784772
POLR2K	4.29359305475169
TP53BP2	4.29149215498527
AAGAB	4.2883496451119
RAD51	4.28783574798931
ENOX1	4.28681310641529
STK24	4.28672364434858
MAFG	4.28621476158435
MREG	4.28494683178837
MAD2L2	4.284541572811
SPATA20	4.28378377575125
RP5-1086K13.1	4.28322475825941
GRAMD1B	4.28265063525789
SUN1	4.28232191091549
CHGB	4.28231823739653
RP11-49I11.1	4.28064503706319
MAEA	4.28029545124072
BTNL8	4.2798529834762
GRK5	4.27804100330865
PHLDA3	4.2774053200176
PARP14	4.27724505869303
SLA	4.27613684670766
C9orf142	4.27581143950641
APPL2	4.27445528105629
SGPL1	4.27394528793949
DPF3	4.27179989760073
CDC42EP4	4.27109989554754
LINC00422	4.27059247123908
KHNYN	4.26817004927971
DDX60	4.26072336471217
AC008440.10	4.25790205304272
GSTO1	4.25670264887103
P2RY6	4.25655850717347
TIMELESS	4.25591104778831
FAM110C	4.25467052026068
GNAI3	4.25406609595718
RHEB	4.2536823938042
RIC8A	4.252960695057
CD72	4.25154204138278
NOL3	4.24704980236973
QSOX1	4.24534680741572
VAV2	4.24504368906823
DUSP22	4.24341292688462
VWA5A	4.2418386870436
SPRED2	4.24072526604098
CD151	4.2378404694368
SOS2	4.23765463056016
DPP4	4.23166904824853
CAST	4.231087336918
PPP1R15A	4.23014522724824
ITGA5	4.23000298003019
TMBIM1	4.22986275272806
POLE2	4.22792824490914
RNF24	4.22776372166117
TRIM36	4.2274103791623
MAP1A	4.22547869824382
PSMD10	4.22526346691625
NEIL3	4.22222619614981
NDC80	4.22039683871655
NFE2L1	4.21807784187317
AKT1	4.21730873432167
RP11-213H15.1	4.2162275803645
PMVK	4.21548358450145
MRPS18A	4.21398704453996
SCN1B	4.21165478176877
YIPF1	4.21062278060848
NEDD9	4.21039178178615
SSNA1	4.20865819293793
STIP1	4.20820706821862
IKBIP	4.20723323152235
SPIRE1	4.20653272441601
CNIH2	4.20506999774062
RP11-496I9.1	4.20408485292949
KIAA0895L	4.20229215810535
FIS1	4.20168911642237
BTBD11	4.19971537020122
LHFP	4.19954676315008
ZDHHC11B	4.1989568868226
ATP6V1B2	4.19611232389729
FAM65A	4.19594062907813
USP28	4.19528664718612
GPN1	4.1919822893031
B4GALT2	4.18727291105614
RRP7A	4.18619383629135
TMEM167A	4.18509400025463
GPSM2	4.18436198807238
ITGAV	4.18204590439481
IL13RA1	4.18105456011954
BBS4	4.17666556421456
BRCA2	4.17623682206599
DEF8	4.17351369946508
HOPX	4.17342709770436
MRPS36	4.17333734844835
RP11-401P9.4	4.17145564437256
TFRC	4.17117510785579
ERMP1	4.17107242046738
GLDC	4.16815373378878
MAPK1	4.1681107011625
UHRF1BP1L	4.1670108227539
STAT3	4.1656964321837
RAC3	4.16563991109213
RAB27B	4.1648058275568
ARHGEF5	4.16423432969893
LONRF1	4.16064965872956
MCM7	4.16030212016661
DIAPH3	4.15866016157052
USP31	4.15225595878798
CENPO	4.1516859720731
SLC35D2	4.1512413406939
TPPP3	4.15058867933496
C5AR1	4.14946194243203
CD33	4.14493590991385
ZCCHC24	4.14389221420176
CKAP2	4.14337489561917
CRAT	4.14215868714733
GALNT2	4.14174287294931
ST8SIA6	4.14157539854338
RP11-1029J19.5	4.13942640034149
LTB4R	4.13848431061399
RALB	4.13833096183524
FAM131B	4.13832686588571
RPA3	4.13590429960834
TATDN2	4.13525334245231
AKNA	4.13455050151646
SLC15A4	4.12914968006317
YWHAG	4.12801141000046
TRPM2	4.12768640656419
KATNB1	4.12532241889781
MLLT4	4.1237415279138
P2RY10	4.12121646661625
PALD1	4.11959944715222
COA7	4.11852808713426
CD83	4.11284508086042
NTRK1	4.11061987401975
MAFB	4.10604603359513
ATP9A	4.10532026384094
PLXNA3	4.10454273393377
PSMA7	4.10295797481585
CCBL2	4.09480376840439
MAK	4.09002754933073
SAP30	4.08882499680272
PTPN12	4.08862598464655
TRAPPC4	4.08846453953986
GBGT1	4.08549712282028
IFI44L	4.08490540494057
PKMYT1	4.08481671515121
TMEM179B	4.08290529242154
AK1	4.08266759186176
SMC4	4.08247433368255
LHFPL2	4.08191950545667
ARL13B	4.08145545591857
SRGAP2	4.08110854424771
RYR1	4.08008699616276
TCF4	4.07987596081136
ARHGAP33	4.07750569318689
DHX38	4.07471844021659
RYR2	4.07415953252678
RTN3	4.07347590192565
PAFAH1B2	4.07334966117214
SLFN12L	4.07098378087226
FBXW2	4.0708969336742
IL2RG	4.07064999559016
COX6A1P2	4.07046233959905
CTB-51J22.1	4.07042179662943
ARHGAP11A	4.06861088824731
RP11-383H13.1	4.06736707805399
PPP1R18	4.06728136042668
CSNK1E	4.06366406881344
C11orf24	4.06359621753196
EAF1	4.06161102103618
LRRC42	4.06124524453092
APAF1	4.06105579820266
TMCC3	4.06099955487584
DCTPP1	4.05882008728375
RABGAP1L	4.05757145811795
CXXC11	4.05739227772509
IMPAD1	4.0532057825141
TUFT1	4.04929033084164
KLF13	4.04714897618419
PIK3R3	4.03606630395891
SMIM14	4.03541418075733
TRIP4	4.03173864598672
NT5DC2	4.0310879656091
CLIC2	4.03073143832688
SLFN12	4.0306156245008
ABHD5	4.02809327218762
ID2	4.02718566155594
MED25	4.02448891718323
FAM104A	4.0243212310082
SLC6A8	4.02428942978401
PSMB1	4.02355686903524
PIN1	4.02117289836095
LILRB1	4.01954154129088
CEBPG	4.01917342354187
AC010642.1	4.0172747648985
ACLY	4.0137963561322
HIPK3	4.01261595271099
KATNA1	4.00988232562126
MPC2	4.00704638584222
SPPL2A	4.00667453410688
KCNH4	4.00444496269391
RP11-305L7.1	4.00391105472116
AP1S3	4.00319701374934
RNF166	4.00261866418984
RP11-90D4.3	4.00108514631231
NEDD8	4.00042963323764
NAPA	3.99978266750761
WDFY4	3.9986540761507
SHCBP1	3.99852598563807
CENPE	3.99622766056384
CARD9	3.99578073942377
GADD45B	3.9942320033402
BOLA2B	3.99341653713551
EVI2A	3.99131587520491
TWSG1	3.98967509969672
ARMC7	3.98683350230385
TGFBR3	3.98570783639444
TNFAIP2	3.98460330387288
GTSE1	3.98332033603097
RAB5C	3.98210058461465
SECISBP2L	3.98155691285217
FOXP3	3.97571198198468
ACSL4	3.9746523791886
EMC9	3.97327342790916
SERPING1	3.97320500804766
C8orf88	3.972880602816
DEFB1	3.97189118946946
MARCO	3.97018370191748
DUSP3	3.96295773824444
GADD45A	3.96202912302641
ACSL5	3.96196754720778
PSMD8	3.96063526409631
HIVEP3	3.96020559076955
NF2	3.95885763827433
MICAL2	3.95726220559004
CCDC9	3.95689703669939
HEXDC	3.95592900580804
PGM1	3.95172398100546
COPE	3.95120966640501
ETV1	3.9494851108214
DHRS9	3.94893084273212
S100PBP	3.94686185929817
PACSIN1	3.94664079421564
CXXC5	3.94586657752154
CNPY4	3.94097939629825
FANCI	3.93993639502877
GTF3C6	3.93907472091816
CXCL10	3.9344598224766
CMPK1	3.93354552104077
TBC1D9	3.93327318372609
FAM20A	3.93058773229625
CBLN3	3.93035049135453
MAN2A2	3.92838853585825
PHTF2	3.92807563097167
C12orf75	3.92642347386515
LAMTOR2	3.92581067204568
OS9	3.9229004002584
GRN	3.92031238428882
ASGR1	3.92009065795615
ABCB10	3.91966450232281
YIF1B	3.91960671809455
AC018816.3	3.91814353067182
AGPAT3	3.91774491134927
ADAM28	3.91553379281698
FUT11	3.91506511866962
TXLNA	3.91474151851549
PMEPA1	3.91434991319895
PSMB2	3.9099564329372
TRIM46	3.90885006924163
RAP2A	3.90868715104691
PTBP3	3.9086801320037
PIK3R5	3.90822046481928
ESPL1	3.90527857505085
CHKB	3.90472137106447
LILRA2	3.90424211085968
HCFC1R1	3.90329012454479
PLK4	3.90307486439792
CNNM4	3.90219563563808
PAPSS2	3.90149047581291
KIAA0040	3.90020610550748
FDPS	3.89987022807301
JUN	3.89975240150709
PMP22	3.89806980702311
WEE1	3.89804768839864
ZNF532	3.89648470116969
PSMD9	3.89625820873206
TMEM217	3.89604508967297
SERPINE1	3.89378627405658
CITF22-92A6.1	3.89325889851621
FLVCR2	3.89204611815189
SCARF1	3.89133629587738
H6PD	3.89111399299071
CENPF	3.89036963639307
FEN1	3.88870323047628
USP12	3.88827845728126
IL32	3.88689543272488
TSPAN4	3.87881203561706
SS18	3.87764070110986
NUDT5	3.87709712583802
TIMM17B	3.87060509505052
TFEC	3.87055124602517
NCKAP1L	3.86723134097882
HLA-DOA	3.86572339847815
SLC35D1	3.86526854497608
BARD1	3.8644813604314
SLC39A13	3.86208252308177
GABARAPL1	3.86136425091797
GPR180	3.85637445683682
ELMOD2	3.85634239590853
NAGLU	3.85362067677861
CDC27	3.8534779080634
UFD1L	3.84965464099737
CD300E	3.84873105125995
ERF	3.84670583561854
TNS1	3.84610838496977
LZTS1	3.84544267409723
SUOX	3.84529154998126
ARRDC3	3.84363506145555
AF131217.1	3.84339400518921
SKA2	3.83639455539582
PCGF3	3.83577170982449
ENC1	3.83481550922294
FAM104B	3.83154819937751
SRC	3.83115121642751
FECH	3.82911797875087
TMED9	3.82479193909915
GABPB1	3.82167999667213
ABCB1	3.82114372270299
IGFBP7	3.82073052771689
C19orf70	3.81958902483706
SLC35B1	3.81953491647728
LPCAT1	3.81855017167561
SDS	3.81617142508189
CCL17	3.81491825485416
RP1-102K2.8	3.81411709361827
PRDM4	3.81175779431575
RASGEF1B	3.81068746074524
MRC1L1	3.8095977102857
TTL	3.80907186502191
HLA-A	3.80865119471515
LINC00341	3.80604756861348
MRPL15	3.80501989565953
RUNDC1	3.80402265356836
RASD1	3.80275186302527
ZNF764	3.80271435233973
C12orf44	3.80210949030014
FBXL19	3.80200321141333
NIPSNAP3A	3.80178595677026
SNX9	3.80130063801532
KLHL7	3.79983448196403
CENPB	3.79950767715568
ENO2	3.79535439131999
CCDC124	3.79516241579435
CSTF2	3.7947075248979
FBXO7	3.78769080007081
IL4R	3.78421194493016
MRPL47	3.78372221932668
PSMA6	3.78326435586138
PSMC1	3.78205408049523
PRC1	3.77992434864863
RBM47	3.77927142120771
AC083949.1	3.77902920740326
GPNMB	3.77828371839351
DYNC1I2	3.77543538695698
SORT1	3.77231711591302
ENTPD2	3.77132748956782
AC008063.2	3.7699759064355
SP140	3.76958734724138
CALM2	3.76885077066871
PRR24	3.7658028369735
GPRIN1	3.76344352308459
KLF4	3.76194441567624
DNMBP	3.76150377750925
CMTM6	3.76131208684048
GLTP	3.75983949005274
SUV420H2	3.75983575250983
DYNC1LI2	3.75933870149799
WDFY2	3.75892624400324
NAA20	3.75768385137756
COX20	3.75745933931459
TMEM106C	3.75699302243202
PGAP1	3.75435507336834
RTFDC1	3.75343076267543
KCTD10	3.75204004750745
FDXR	3.75185384914234
GALE	3.75060166786498
OTUD1	3.74823768166315
PIM3	3.7449296840225
MARCH1	3.74329654297314
OSBPL7	3.74240134054037
IL21	3.74110651945979
SNX24	3.73856581695864
EIF4G1	3.73788834790278
NUBP1	3.73763269997366
C3	3.73606333147058
TBC1D15	3.73595298305761
ANKS1B	3.73586207735772
CXorf40A	3.73524506309436
ABCA2	3.73498330458474
VAV3	3.7331941283887
IL15RA	3.73275815877914
PON2	3.73252100528902
TMEM51	3.73191960300744
BTBD19	3.73169946366815
ATF7	3.73143343635686
CASC3	3.7287386359727
AKT3	3.72500494512351
PAOX	3.72384231468912
CCNDBP1	3.72332922864936
HIPK1	3.72291423489657
ARHGEF10L	3.7228516042145
ENG	3.72239678745569
TNFSF13	3.7183593518316
TACSTD2	3.71635353819002
ESR2	3.71452276958701
BNIP3L	3.71436561908731
C20orf197	3.71431963646098
C15orf39	3.71353496535878
MRPL54	3.71293463133085
WDR11	3.71258230456265
MS4A6A	3.71184334927964
B3GALT6	3.71095351116025
PHACTR1	3.71088082736361
F13A1	3.71071157496638
TLR8	3.710118210009
ADAMTSL4	3.70946455830473
MAST4	3.70860116090188
TREM2	3.70539422091149
MOXD1	3.70503806446014
ZCCHC2	3.70479485423481
RP11-262H14.1	3.70365365437738
CEBPA	3.70228282372918
BCKDK	3.70178147265829
LRR1	3.70010277369289
NACC1	3.69995748497953
TNFSF12	3.69951494635339
TNNI2	3.69831994039213
UBL5	3.69825942854261
CST6	3.69772666016782
ETF1	3.69648298470927
PIAS4	3.69588703239443
IMPDH1	3.69475799049881
CAV1	3.69311915143854
FAM174A	3.69302124000472
A2M	3.69113793530026
UBC	3.68758208370085
CWC25	3.68697842411195
SCP2	3.68637888094284
APOBR	3.68597281458175
PILRA	3.68458473250974
CDKL2	3.68451287477836
PCMT1	3.68381542942341
IL23R	3.68297019701411
IER5L	3.68174103359759
SNAP29	3.6791097185705
PMM1	3.6786433409321
SSH1	3.67823936741817
ZNHIT1	3.67697383946351
ZNRD1	3.67467698335387
KNTC1	3.67445604269609
CDKN2C	3.67361679305508
UBE2K	3.67142909724287
MORN2	3.66531796585028
SEPT7	3.66431875211723
CHP1	3.66419013698484
TP53I3	3.66323472059319
MAP3K3	3.66260722719065
TXNRD1	3.66041660045271
MYO9B	3.66036714916883
AC092580.4	3.65906738937748
POLK	3.65837825313535
NFIA	3.65776218963928
B3GNT8	3.65557003082117
LEPROT	3.65389920682784
ACD	3.65250507974611
SFMBT1	3.65185149669567
NDUFS6	3.65117356822744
CXorf40B	3.64985587923022
PPOX	3.64898521534245
PSME4	3.648512958822
GHDC	3.64417752368123
SSBP4	3.64328309727109
FILIP1L	3.64043771722593
PLD4	3.63898028976943
RHOQ	3.6363955391038
TMEM127	3.63589786224638
POLR2L	3.63582137636004
ZNF219	3.63515030901452
BCAR3	3.63345178562161
SPIDR	3.63266631174843
SERPINF1	3.63192367927295
WDR90	3.63126964079756
CLIP1	3.63065888778374
RNF181	3.63000407443902
KCNAB2	3.62955570195603
MITF	3.62798536337589
LRSAM1	3.6264260617492
EPB41L3	3.62563056350667
ZNF598	3.6235289900631
RAB13	3.6227261518483
TP73	3.62224999930091
NCOR1	3.61920291478256
STX5	3.61868542341124
FGD2	3.61719547863584
GSTP1	3.61590403644892
AC104820.2	3.61562383373571
MATK	3.61500159904305
GPR56	3.61318646155149
LPXN	3.61098514068014
IMMT	3.61038291351462
SPHK1	3.60943106039638
CFLAR	3.60790416432899
GPR153	3.60761216046782
CLDND2	3.60598669173412
PSMD7	3.60596608810507
TRIM37	3.60547871454381
CERS2	3.6043217663394
PPP1R14A	3.60329990710156
RP11-557H15.4	3.60088056676302
SAR1B	3.59998329967756
KRT7	3.59924738931456
RCC2	3.5986493785277
MAP2K2	3.59737542409662
AKR1C3	3.59610426645505
CDCA5	3.59558471897848
RIBC1	3.59213731572124
GMFB	3.59208935210167
KIF24	3.59178746263033
SRA1	3.59121877309196
TAF1B	3.59047762054261
DDI2	3.58647542071925
PRDX5	3.585403445698
CBX8	3.58439384804371
CHPF	3.5843753443008
GPR114	3.58383703027599
AUTS2	3.58257036377584
CLIC4	3.58067849554138
IQCE	3.58037539044873
STXBP2	3.57987231226513
ZBTB34	3.57757212977863
STAU1	3.57660428016807
TYMS	3.57577510156496
MARCKS	3.57541612328891
TRIM47	3.57504844746681
RHOG	3.57455555627662
FAM72A	3.5733997385124
C9orf64	3.57303184323429
SPSB2	3.57232897145639
RPGR	3.57044032351021
LILRB5	3.56914599672783
ADIPOR2	3.56885346091871
FOS	3.56673600036503
TNFRSF1B	3.56504060595199
HYAL2	3.56481723172444
ROCK1	3.56321478078183
SEC16A	3.56217307394753
ZBTB49	3.56144933764588
CENPW	3.56074056438599
SLC4A2	3.56067907414003
ERGIC1	3.55989479593358
IRF4	3.55870033862604
MYO19	3.55788902148169
CIC	3.55681460256197
SLC35G2	3.55599471328823
HAMP	3.55431376944912
DPP3	3.553569434551
C1orf122	3.55339315070634
SPRYD7	3.55100151434916
CTSK	3.54939629198433
CYB561	3.54608274902198
SRD5A1	3.5453702001467
GLUD1	3.54172751864024
INPP1	3.54077360709314
DNAH10OS	3.53997182344308
PAK1	3.53877157896837
CDC7	3.53716547348762
ZSCAN22	3.5370159911945
RAB22A	3.53636828332081
RP2	3.53371034533948
C11orf84	3.53249164816921
FOSL1	3.53084202992994
KPNA2	3.52941052575382
CHRNE	3.52718053062703
SMC6	3.52606757891563
DYNLRB1	3.52588633899278
FCGR1A	3.52476324888298
SMURF2	3.52471781821178
MCM2	3.52446036869013
PATL1	3.5238397642836
TMED10	3.52147425029625
SLC37A2	3.52021670802995
CEP152	3.51848101007609
PLEKHF1	3.51702362611605
RASGEF1A	3.51440811582836
CCDC24	3.51296507855253
MAP1S	3.51263056229601
CEP170B	3.50896652138393
EVA1C	3.50864226089107
UAP1L1	3.50619511478312
PLIN2	3.5061265462091
PXK	3.50425563198508
TK2	3.50339557114878
NBL1	3.50320914988456
KCTD17	3.50144332230915
TMCC2	3.50027755028445
RELA	3.49980546703018
MICALL1	3.49834959878946
CD4	3.49751147627473
CTD-2139B15.2	3.49689363522334
AURKA	3.49586971027375
KIF18A	3.49555942039364
RRAGC	3.49486963735619
TRIQK	3.49475185463334
SLC39A6	3.49456624734415
TYROBP	3.49359017671635
NFKB2	3.49355416101555
LDLRAD3	3.49296228239729
GNL2	3.49231021362245
PHC2	3.49227477744192
CHRFAM7A	3.49141682279892
SCRN2	3.49121164329568
TPM3	3.48939604056568
CEND1	3.48816276136328
MPP3	3.48785805189726
EFNA3	3.48759538356278
C19orf55	3.4867906827631
POLD3	3.48390918577725
PRELID2	3.48088258325582
HSPA1B	3.47974448987984
IL17C	3.47858830610798
NCAPG	3.47852008309085
LRRC25	3.47839896931144
FANCA	3.47256689662214
CCDC92	3.47224611726704
PTPN9	3.47220170741579
ECSCR	3.47134558259708
CRY1	3.47059269129469
CTSC	3.46938378642616
PBK	3.467809593896
LILRA3	3.46600930147412
P2RY13	3.4655870401179
KIF15	3.46550422010398
USB1	3.46378608763991
TSC22D3	3.46360218100117
ITGB1BP1	3.46346242124402
GOLM1	3.46277142098888
GPR108	3.46268986807481
CEP89	3.46218943816198
FASN	3.46172690933414
HIST1H3B	3.4604858350325
NQO2	3.45801473193394
WIPF2	3.45721057799451
PTP4A1	3.45674672771899
CDS1	3.45599895282542
BST2	3.4556011312879
OSM	3.45536449261995
ADIPOR1	3.45464543921506
MEX3B	3.45254515577384
PITPNM1	3.45160718114515
MAPK6	3.45040509546333
EZH2	3.4503534576394
RAB32	3.44985806334977
FKBP1B	3.44812673842232
ARHGEF39	3.44799515343485
MYCBP	3.4468350544392
SPC25	3.44460209393292
SEC14L1	3.44451592316436
KIAA0391-1	3.44344039783157
ECM1	3.4425438119287
PML	3.4406053466012
HPGD	3.43932838970055
NPLOC4	3.43788655167931
DPYSL2	3.43714824587773
HTRA2	3.43636768088825
C16orf46	3.43575069022906
POLR2G	3.43542864758096
MIAT	3.4337481728934
PINK1	3.43113731778151
TCEB2	3.42870719053214
PSMD14	3.42692599626062
SLC30A1	3.4267146561182
GALNT4	3.42605764011612
FCGR3A	3.42498272296725
PTK2B	3.42290333898597
ULK1	3.42206299997181
MRAS	3.41940825545799
CMTM2	3.41919028410538
THBD	3.41810423257916
VKORC1	3.41710085679781
CACFD1	3.41651752105205
MS4A4E	3.41649588524345
AC074366.3	3.41541839269387
INPP5D	3.41322246754665
ATP5EP2	3.41179994795018
LILRB2	3.41136416310549
BLVRB	3.41063733884741
CTSZ	3.40983043626046
CPED1	3.4092833871747
VSIG10L	3.40822830562651
BOLA3-AS1	3.40773576972877
TREM1	3.40719852034467
STARD13	3.40580284869322
ICMT	3.40565480894465
CTDSP1	3.40369922532964
RGS11	3.40082181372351
FBXO5	3.40035451867646
GLB1L2	3.39875161303971
MAP1LC3B	3.39677195631885
PFKFB3	3.39579329487342
NUTF2	3.39551853836534
PHF19	3.39479480265907
BLOC1S2	3.39474006194145
REC8	3.39363228528134
DDHD2	3.39306063600746
C1orf198	3.39269194921247
COPB2	3.39222205943487
ALAS1	3.39153839134199
FEZ2	3.39082065464967
UBA6	3.39001231296294
MT1E	3.38952792495523
SLCO2B1	3.38891754846166
PCCA	3.38820935839362
FKBP1A	3.38676720169151
FUCA1	3.38674173634441
RAB18	3.38477230360434
DPH3	3.38064722416952
CSF2RB	3.37905052126794
BOD1L1	3.37655996461599
AZI2	3.37628647812702
DCUN1D3	3.37599484285363
TUBA1A	3.37528680027952
FUT8	3.37477351763602
E2F7	3.37422538168309
TRABD	3.3736440204681
LOXL1	3.37356728931728
MRPL28	3.37197347278038
KLHL18	3.37195835741676
WDFY3	3.37082443062196
ATP6V1D	3.37078044278095
WDR83OS	3.36978547259501
DPYSL3	3.36920496438937
MSMO1	3.36813244018264
AKAP2	3.36775035414737
TRPC4AP	3.36686470444736
NELFE	3.36603940907017
REEP3	3.36529104413936
STEAP3	3.36490870245837
LRRCC1	3.36464197830935
BTBD6	3.36450325128917
PIF1	3.35882280820841
FAM49A	3.35850196567098
FAF1	3.35810750667371
DIAPH2-AS1	3.35706444829712
RP11-804H8.6	3.35477955569759
RP11-225H22.7	3.35451291567255
DYNLL1-AS1	3.35437509869655
AIM2	3.35305013581819
ADC	3.35296058136626
SLC25A14	3.35285163890284
SNRNP200	3.35158736118897
FAM160B1	3.35137979544555
C1orf43	3.34627388910542
DNAL1	3.34570529245554
DNAJC17	3.34538060573293
FAM47E-STBD1-1	3.34377440105604
TP53INP2	3.34368235240134
NDST1	3.34186414164687
P4HA1	3.34062020917745
KIFC1	3.34007777714586
PLXNA1	3.338754304212
NDUFV2	3.33785304787757
CHRNB1	3.33580155979195
CASZ1	3.33119674663518
CDC6	3.33097333492943
TSSC4	3.33011628359436
BRI3BP	3.32979463864916
AKAP9	3.32810876235419
HMOX1	3.32741598551506
CEP55	3.32643716903262
TRAF2	3.32482040341863
TCEB1	3.32442952464375
VEZT	3.32433707686626
ATP6V1E1	3.32333283195402
LCAT	3.32305263484828
IRAK1	3.32266687490081
JKAMP	3.3223190715564
GTF3C4	3.32202649640586
ATP11B	3.32184686729238
DGCR8	3.31891000296582
PDCD4	3.31834666101316
TAGLN	3.31828021104393
DOLK	3.31632526422408
GRB10	3.3161260796894
HBEGF	3.31602933720149
CPD	3.31560667218307
UBR2	3.3149305972622
TLR4	3.31462799609957
GPATCH2	3.3145101790992
POR	3.31444983358253
FGD4	3.31284597689235
RANGAP1	3.31124236303051
KIF4A	3.30994909419032
MNDA	3.30922927472673
AC002480.3	3.305224996993
UNC119	3.30353210271201
HMGB1	3.30347783695621
CANT1	3.3017420307182
ARF5	3.30149161391041
TMEM164	3.29964905869755
SUPT6H	3.29960227278844
SCARB2	3.29957089624279
FAM85A	3.29829379776129
SERPINB1	3.29727359249849
BZW1	3.29687515411516
FCGR1B	3.29585112353953
UBQLN4	3.29531098144717
RP11-1029J19.4	3.29514406908094
PGAM4	3.29314801654601
HLA-F	3.29025780647962
EGFL6	3.28971107173362
ITPKA	3.28942088091611
ZNF707	3.28490669978682
GAL3ST2	3.28435890705226
TBKBP1	3.28211643040841
SUPT4H1	3.27985091152332
HRAS	3.27954423924541
FBXO4	3.27860507035955
DLGAP1	3.27750626510709
ABCC3	3.27431099987543
C19orf59	3.27282293788955
ALS2	3.27270352529277
ZCCHC6	3.27226614627277
ALDOC	3.2704258011799
LY96	3.26994189735712
CCDC90B	3.2698850191806
PQLC1	3.26924573852075
ATP8B3	3.26906490889773
LGALS2	3.26732577676568
ST6GALNAC4	3.26712116882374
CTD-2616J11.11	3.26537579278193
SMIM19	3.26473968111318
ENTHD2	3.26441340748428
YWHAZ	3.26381990474621
TCEB3	3.26381853166243
ZBTB47	3.26366748166397
ADCY9	3.26285060599571
KLF11	3.26005188138769
ACPP	3.25925431111464
hsa-mir-1199	3.25912048052818
DCAF11	3.25904950555266
EML3	3.25801440272721
ANKRD36	3.25491625049062
RP11-58E21.3	3.25470893486594
ACTA2	3.25411000594603
FAM101B	3.2539531324814
SLAMF7	3.25347402645696
MED31	3.25266720874998
GAK	3.25181254729348
PAPD7	3.25119504366883
SMC1A	3.25113156148958
AC093391.2	3.24742754861583
ACAA2	3.24501359985381
POP7	3.24393859056049
FAM178A	3.24356572806511
FBXL6	3.23882065560758
CSNK1D	3.23777816923229
ZFP36	3.23749229485603
DEK	3.23608434890857
MRPL51	3.23602808269622
FANCG	3.23543813973412
SLC17A5	3.2349090463243
TMCO1	3.23162569522091
CDC45	3.23141086383007
CCDC147-AS1	3.23105899107422
ZNF436	3.23033342708101
LY6G5C	3.23022157877929
PSEN2	3.230030552605
IDH2	3.22837523532888
IQSEC2	3.22830213475129
SIGLEC1	3.2275168565945
TUB	3.22459279982478
TMX4	3.22402146672015
FAM120A	3.22252593479436
MEA1	3.22092330101185
VPS26A	3.22018708247134
ELL2	3.21871192040892
MARVELD1	3.21855444259794
FARP2	3.21821618642839
SNX15	3.2180085437629
ZNF367	3.21670629613811
FXYD2	3.21551681724019
COPA	3.2152292709701
SLCO3A1	3.21376953746589
GCHFR	3.21321110024031
COA3	3.21257883836489
IRGQ	3.2123735408019
UBE2I	3.21210920020568
RP11-463O12.3	3.21197948532265
TUBB3-1	3.21194725918368
POC1A	3.21183418145568
XCR1	3.21132569093098
DPCD	3.21089399235138
MSH5	3.20906504405604
PTPRC	3.20783738390127
ARPC5L	3.20576702407508
DUSP23	3.20531464369194
ZDHHC18	3.2049303785944
ARRB2	3.20447061329297
OAF	3.20418646405957
HCAR1	3.20277129434807
SKAP2	3.20222493643119
ERO1L	3.19952439923915
CD1B	3.19924758134638
SYS1-DBNDD2	3.19690685502145
VMO1	3.19628943164225
SESTD1	3.19506315855091
AP3D1	3.19220729678957
TAX1BP3	3.19172260424475
FAM188B	3.18905257783915
RUSC1-AS1	3.18706639268103
DOCK1	3.18642398873402
SLC29A1	3.18613283787108
SARDH	3.1858529447273
DNAJC5	3.18568461343199
NHS	3.18371680123408
SETD9	3.18341305354797
ADCK2	3.18311474026334
MTMR2	3.18210020869735
CTSW	3.18187213574007
SNX10	3.17985141926667
NIT1	3.17977721610131
TNFRSF21	3.17957583872144
AP000350.4	3.17931127451062
ARL6IP5	3.17696690937282
C15orf57	3.17679659522033
ZNF699	3.17597172542729
PRRG4	3.17434463114879
PLBD1	3.17356383109276
PRUNE2	3.17322024790389
AP1B1	3.17260551831236
LINC00880	3.16998933294224
APOL6	3.16963092815213
ARF3	3.1678179252005
PID1	3.16695002328485
OVCA2	3.16591768392943
TRIP13	3.16570050956898
DOCK4	3.16569480589942
SNX33	3.16472373856853
KCTD12	3.16442650202721
COX7A2	3.16302462136557
AC004158.2	3.16291145645593
TSEN15	3.16262426045359
CDK19	3.15690261992016
ABI1	3.15624134398454
NELFB	3.15519685597543
SUSD2	3.15186503421642
NUP153	3.1515469961342
RP11-796G6.2	3.14966969577421
OSCP1	3.1488810206106
EXTL3	3.14845208745016
PAK2	3.14415038199282
OAZ3	3.14177687516449
HAT1	3.14154553139606
FUT4	3.14101056682793
RP11-498C9.3	3.13945385991214
RP5-1024G6.8	3.13828453677067
DLGAP1-AS1	3.13766703265597
KANSL3	3.13424405047238
POLG	3.13351828629364
APBA1	3.13341246407562
LILRA5	3.13160276176622
NEK11	3.13074033609668
C18orf32	3.13061945746916
CCL18	3.12897415677207
MYO1B	3.128740173989
MIIP	3.12753277571184
KIAA1522	3.12710994228819
GEN1	3.12706441543083
RP11-215G15.5	3.1238085965854
FAM72B	3.12361597471038
IGSF6	3.1229149145625
PSMD11	3.12197232213329
ARID2	3.12035594489162
ADRBK1	3.11796510657235
AMMECR1L	3.11726401977149
ABCC1	3.11666515307181
COPRS	3.11520728848503
LBX2-AS1	3.11457620810776
PSMC2	3.11412385931202
NRBP2	3.11369138921029
CNTNAP3	3.11232563226107
CUL7	3.11169036584746
NAB1	3.11065007956721
CDC37	3.11023437247638
TMEM185A	3.10566887847092
IVNS1ABP	3.1040140061239
CNNM3	3.10303432202749
GDAP1	3.10067634751799
SARNP	3.10031004265367
HAGH	3.10013404819531
RCBTB1	3.10010884444365
MUL1	3.09879911833989
NOP14-AS1	3.09821900005281
TIGIT	3.09810199614722
TUSC5	3.09627999189573
LMO2	3.09484537752985
VGLL4	3.0942864320624
ZSWIM4	3.09393185478049
LAMA5	3.09352578837944
FADS2	3.09342655995029
SH3BP2	3.09312020348577
C9orf66	3.09291547965562
TIMM8B	3.09257682907729
THY1	3.09236885944472
ASF1B	3.09204816783224
XRN2	3.09186632509808
ELK3	3.09161048041889
ATP6V1F	3.09112106356535
HNMT	3.09024865651229
APH1A	3.08762615566577
B4GALT6	3.0873314695374
TRIM35	3.08690318319248
KPNA6	3.08620661640905
TAGLN3	3.08593813256899
CMTM3	3.08490449093236
ADAM9	3.08235060095891
PANK3	3.08160507637461
MTMR11	3.08094520614659
WHSC1	3.07948730341531
E2F8	3.07809178429528
SNRPG	3.07805657710319
NSUN7	3.07778561042049
MT1F	3.07690735397994
SLC39A8	3.07501078679305
CD14	3.07409081635989
BCKDHA	3.07317047355395
HLA-C	3.07235601053837
INSIG1	3.07212879812227
CLCF1	3.07211648136494
ITM2C	3.07162049284836
CSRNP1	3.07000675398221
KB-173C10.1	3.06923154944686
ELMO2	3.06891557172199
VENTX	3.06725299963798
PDXK	3.06634950872356
TMEM87A	3.06602780778326
DYNC1LI1	3.06401800066413
CTSS	3.0629471990345
HABP4	3.06275446550583
MOB3C	3.06240000461145
KIAA1109	3.06238649001276
CHN1	3.06212778161045
MGST3	3.06055243564301
CBFA2T3	3.06032533472698
E2F1	3.05872333318109
PTK6	3.05867192712457
SRF	3.05702862985783
HDLBP	3.05693240030778
RBM3	3.05685945765919
RASAL2	3.0562224714674
TPX2	3.05246319138326
NCAPH2	3.05143352957833
PIGS	3.05122589420236
BLNK	3.04929245349699
AC144831.1	3.04919385629366
ZBTB42	3.04916900074916
SDCBP2	3.04901203286893
GSG2	3.04858131762937
SLC7A7	3.04843888351202
PLAT	3.04819393552288
ARL8A	3.04753378074222
MAPK1IP1L	3.04729739767057
LMCD1	3.04714537980105
RIN2	3.04664613858715
HDAC11	3.0456236371944
ZNF668	3.04391422542008
TEN1	3.04373862630204
MMP14	3.03921934891479
RP11-134L10.1	3.038879094613
PCNA	3.03871128046512
TXNDC9	3.03764934606923
EEF1A2	3.0370643140006
TOR1A	3.03675054543369
RP11-290F20.3	3.03447435977702
ZSCAN9	3.03259292332521
AC106801.1	3.03213973500197
SMC3	3.03116092605938
SCN9A	3.03070225427729
FCHO2	3.03007582935397
COLGALT1	3.02874840222186
CTC-459F4.3	3.02755290335651
RP11-473M20.9	3.02706436522443
FOLR2	3.02692377804099
RP11-480C16.1	3.0264932934241
MAPRE1	3.02621235531306
ZFAND2A	3.02451603107951
ST14	3.02439660225424
ERP44	3.02349305314216
NIPA2	3.0229462765677
TSTD3	3.02148416401084
KRTCAP2	3.02146767957331
TMEM59	3.02059350259288
FAM20C	3.01956061678066
ETV5	3.01938025948944
NABP2	3.01930731478068
C8orf76	3.01827956530714
NT5C	3.01688123287403
CTA-126B4.7	3.01680937910437
CD80	3.01622536301878
XRCC6BP1	3.01449499899671
SYNM	3.01396648413497
RP11-598F7.3	3.01359707330213
MAP3K8	3.01264730144341
NHLRC2	3.01044489867115
PIP5KL1	3.01027939348275
RP11-160O5.1	3.00934195254798
CCDC170	3.00841804798873
GABARAP	3.00542714032465
WSB1	3.00516089608733
DCTN6	3.00494595710384
FTH1	3.00370217036314
OSBP2	3.00358979297197
PELO	3.00329881859602
GPR107	3.00105304715533
ZNF768	2.99972369401868
FLT3	2.99842933866357
MCOLN1	2.99758387774679
SLC2A14	2.99729481000912
AHR	2.99727073272253
EBNA1BP2	2.99662246053425
DERL2	2.99642642396592
BHLHE41	2.99547968099487
TMED7	2.99472208850396
KLRC1	2.9942836765901
PHF11	2.99413663526355
BRD1	2.99406241623513
HJURP	2.99301074585067
RARA	2.99282759361177
FXR2	2.99270300046096
FERMT2	2.9909862325374
TNIP1	2.99001299864227
ATP13A2	2.98971753238972
STX3	2.98906284935404
DSC2	2.98848404674799
ABCD1	2.98764985963833
STAG1	2.98714721214386
SC5D	2.98651317585768
PDE1B	2.98547306228873
ODC1	2.98541322945368
B3GNT7	2.98444822638326
ZC3H18	2.98441389830472
WDR41	2.98251371350727
ANO7	2.98217620719263
NBN	2.98187427003112
ARL1	2.98168115731729
LRRC37B	2.9813754980618
TTF2	2.97985558589789
IFIT1	2.97925863096392
RASSF5	2.97902994549623
AMICA1	2.9790139831339
ZMIZ2	2.97709634744931
AFAP1	2.97650201139095
ARPC2	2.97409205494008
TARS	2.9724003923532
LTC4S	2.97219036675647
ZNRF2	2.96892559836664
GLB1	2.96864481969159
AP2A1	2.96835309625524
DRAM1	2.96807457521371
TMEM185B	2.96653498656427
MEMO1	2.96628474327126
RNF5	2.96590879739794
AL358333.1	2.96573025498999
STK10	2.96335367198063
SDC2	2.96303800723476
IL10RA	2.96297267996982
KBTBD6	2.96225978226378
AP3S1	2.96191882791183
PEX11G	2.96182305512396
TXNDC12	2.96148208366444
GTF2A1	2.9610253600189
UBXN2B	2.96046549295034
TMEM62	2.96001627436489
LL22NC03-75H12.2	2.95996621873546
PSMG1	2.95737577565351
PPM1J	2.95708841641084
REXO2	2.95597721747743
ZDHHC1	2.95346927420677
ANLN	2.95342326983656
ARSB	2.95134028285578
MBOAT1	2.95071450323107
MDM2	2.94926678509487
SPARC	2.94906047303953
PLK3	2.94900964929747
NAPG	2.94753694529986
GM2A	2.94732315848772
INPPL1	2.94655984206029
TMEM136	2.94536503507491
TMPRSS3	2.94355723974979
RP11-670E13.5	2.9429163663814
PDZD8	2.94207320428603
NXPH4	2.94094748492186
TMEM205	2.94037808085204
ALMS1	2.93975612609207
RP11-932O9.9	2.93965495598814
AXL	2.93962904261014
PKNOX1	2.93917000692959
CHCHD5	2.93771599798638
TOB2	2.93666634353347
KCTD2	2.93646575924208
TNFRSF4	2.93509556178782
NCEH1	2.93389418695535
AVPI1	2.93296757587974
AGFG1	2.9326504492376
CLASP1	2.93155433112206
ZNF613	2.93049129504929
SAR1A	2.92976681362629
MADD	2.92905118350139
CKB	2.92903110807439
CDKN2D	2.92876270829526
EPS8L1	2.92737441115075
RNF187	2.92692731000786
BMP2K	2.92679478098156
RAB11FIP5	2.9225654440054
INCENP	2.92080141180592
RDH10	2.92046762286883
PTPN14	2.92039292711388
CCDC12	2.9186357352507
IFNLR1	2.91804313166746
NLRP12	2.91731520857755
TGFBR3L	2.91631282486523
ZNF79	2.9162907313108
PSMA5	2.91628621290935
BMP1	2.91574539272977
SYNE3	2.91570291489814
APOBEC3B	2.9156201563692
FNIP1	2.9138166381728
LINC00035	2.91319804781589
ARF1	2.91273155821065
ZNF469	2.91092075983685
DNAL4	2.91057042002127
ABCB8	2.91000022156353
LRRC2	2.90966510924611
LPP	2.90923754992653
KIAA0556	2.90644928681298
B3GNT5	2.904849391298
CIT	2.90333895225865
MOB1A	2.90160616556047
PSD4	2.90022609617965
FAM57A	2.89873586489901
DLG4	2.8984222676238
NME9	2.89684394987242
GPX1	2.89659068824022
ARHGAP30	2.89642173914958
MAP3K5	2.89597067193908
SLC25A19	2.89534010453286
LPCAT3	2.89493974060673
C11orf82	2.89231572450224
VTI1B	2.89166050413819
GUK1	2.89128848357035
SIN3A	2.89094599799421
ZFP36L1	2.89072945115682
SUCNR1	2.88926722799471
RPS6KA4	2.88874003530831
MICA	2.88740499896067
SH3D21	2.88522350652514
MUC1	2.88407638594631
TICAM2	2.88074102759558
CTD-2576D5.4	2.87480649124107
PLD1	2.87414011666481
PROS1	2.87113897728299
BTN2A1	2.86875979786986
DPP7	2.86850109031701
BACH1	2.86830625595413
WDYHV1	2.86785776774506
MCAT	2.86731063718457
CCDC115	2.86608137478895
CBWD2	2.86588436325452
COL8A2	2.86493701599882
MCM4	2.86442772763947
PTAFR	2.86424139131992
RABEP2	2.86263525371176
ABCF1	2.86188581583383
DOPEY2	2.86056162084047
CD163	2.86046313803671
SEPP1	2.85911710552281
PAFAH1B1	2.85737454475582
CYB5R2	2.85605095343157
LINC00158	2.85475505219689
PNPLA8	2.85351484711416
XAF1	2.85247076131912
C3orf67	2.85186293507213
PRKAA1	2.85032892530349
ABCG1	2.84869452389802
OAZ1	2.84816454723738
IRAK3	2.8461681360914
TMEM9B	2.84609733216225
FAM83H	2.84607261638549
CNOT6	2.8447482127741
MMRN1	2.84062714383612
UTP11L	2.8395771171205
GPSM1	2.8394025231522
IGF2BP2	2.8370826752333
MPV17L2	2.83514991138561
ENHO	2.83496193191242
CTIF	2.83175542986342
HK2	2.8316873477813
COQ4	2.83119397047577
AGBL5	2.83083626671402
TRIM7	2.83046247455158
OSBPL11	2.8304349685371
PXDC1	2.82929453658712
WARS	2.82917531076598
HCCS	2.82715177359446
PPP1R12C	2.82657083763944
WNT9A	2.82600131772706
TP53I13	2.82556048353675
URM1	2.82530222418868
MAGED2	2.82469027768765
SYCE3	2.82462162405713
NIPAL2	2.82361068391492
PTGER4	2.82273825352061
FGGY	2.82258029346907
DMWD	2.82248391533116
ATG4B	2.82189688566489
SH3BP4	2.82138862150083
SRSF2	2.81980361704689
WDR13	2.81691858740051
GPR84	2.81652936864597
ADORA1	2.81237910740878
FKBP1C	2.81187352071486
CDS2	2.81157800536145
CCP110	2.8097202786126
CCDC53	2.80970791120699
PPP3CB	2.80956683124814
CASP8	2.80941575457735
C14orf119	2.80929328510065
C10orf67	2.80904005145674
OTUD7B	2.80865851407014
ZNF142	2.80680563390144
SLC17A9	2.80623792259292
PDP2	2.80622202429361
SAP30BP	2.80614624210154
DNAJC12	2.80532045620215
PNP	2.80492325922448
ABHD11	2.80399658487097
ASGR2	2.8025171203895
GNG5P2	2.80146038014676
SLC35B4	2.79881915277709
FLII	2.79755513179294
ABHD17C	2.79693397599129
STK38L	2.79571504859593
HIAT1	2.79520398813498
LPAR5	2.79486580476559
EXOSC10	2.79453961200159
DUSP16	2.79436932970952
CLEC4A	2.7943651345805
PLEK2	2.79046437039061
GNPDA1	2.79033461999251
RAET1E	2.79001138001217
NUPR1	2.78927557602951
SDC3	2.78919701067851
TIGD4	2.78850267319206
MFAP1	2.7871372309211
KIDINS220	2.78617968431491
PTPN1	2.78503225074064
NAGS	2.78472526898487
NCK1	2.78397800001772
PPTC7	2.78279054936446
MLF2	2.78221950901864
LPCAT4	2.78127818776442
RAB10	2.78037170814572
UBE2Z	2.77962302941337
USF1	2.7792884763429
MNT	2.7758452259738
MAGT1	2.77557982602499
LINC00883	2.77525625195764
CCDC102A	2.7748182708004
STK19	2.77434171394114
NANS	2.77429411340955
RNF121	2.77317712926985
POMT2	2.77191852410549
RPN1	2.77143568482494
IDNK	2.77126626275029
TLR7	2.77107462965014
KIF14	2.76953764027392
PSMB7	2.76927379084992
SH3GLB2	2.76870908192009
HN1L	2.76816407215427
TYK2	2.76793726645713
ITGB5	2.76516417850155
TRAF3	2.76138302352881
STAB1	2.76081056222705
ABCD4	2.76068241596354
CHRAC1	2.76044935782208
ANO8	2.76020077134699
HIST1H1B	2.76008308225865
NANOS3	2.75907306103729
CD180	2.75904800681564
NCOA2	2.75746694286095
CIDEB	2.75655609296897
SRPK1	2.75448289824589
XXbac-B135H6.15	2.75282923712692
ATOX1	2.75262761716786
RASSF8	2.75221274125077
LIX1L	2.74955231879057
ROCK2	2.74787684764329
MMP15	2.74611649318756
NRSN2	2.745986578657
RPH3AL	2.74527964191513
PI4K2A	2.74409145113215
LGALS8	2.74398843696814
TSHZ3	2.74354242470048
SPAG5	2.74320855046488
NEK3	2.74304187164694
SLC11A1	2.74268809918749
CALCRL	2.73946160199959
ARG2	2.73914404280387
PSMC4	2.73866786276499
ZNF449	2.73756053158359
SLC43A2	2.73739123363645
MXD3	2.73673205300331
SGOL1	2.73635499218707
CCDC173	2.73541018347301
STX7	2.73510699337114
ZNF35	2.73503763695071
FAM50A	2.73446802450509
TMEM52B	2.73388110936423
FAM131A	2.73256436110073
WDR83	2.73029529958817
LTBR	2.72949896797116
RP11-867G23.4	2.72912117916035
CLEC9A	2.72792500310266
PPM1A	2.7275196787728
ZNF155	2.72736058424874
ARHGAP24	2.72726475523277
CTD-2162K18.5	2.72717295903062
SMC2	2.72708845950183
CAAP1	2.72694823851864
HSD17B10	2.72672942537847
GLUL	2.7245230855976
ARMCX6	2.72271130491428
PPAPDC1B	2.72046258824635
STIM1	2.7195656201752
TMEM134	2.71907726084791
GRID2IP	2.71879460802961
RAB7A	2.71865004292347
TK1	2.71754061461985
CKS2	2.71624717521967
MMP25	2.71624385599072
CFL1	2.71617245008003
TMEM171	2.71462656479919
PRCP	2.71380556165074
RAB1A	2.71359491281284
RILP	2.71321487709044
NFKBIL1	2.71104241022833
MIR142	2.70941870937931
NFAM1	2.70867063978042
NRP1	2.70760480826298
RP4-794H19.4	2.70749352919698
MIR497HG	2.70707613846288
UPB1	2.7066311131962
OBFC1	2.70627893200614
POC1B-GALNT4	2.70296493772282
FAM211B	2.70251207774878
RP11-473M20.16	2.6997139390584
UBE2C	2.69929509029938
CD247	2.69680593781237
PLEKHM2	2.69676369094839
SMPDL3A	2.6967509529576
CACNB3	2.69514078469174
MYO1E	2.69346047345995
CCNF	2.69326482273483
FOSB	2.69261197463701
PCDH12	2.69099130524805
RP11-469M7.1	2.69056869578883
MGAT1	2.69038903897491
ACTR10	2.68910320512796
FNDC3B	2.68786686199355
GTPBP2	2.68779341867509
CCL4L1	2.68730207767809
DHDDS	2.68729157494332
WRAP73	2.68499927858977
SEC61A2	2.68399609585
ZBTB7A	2.6828480496081
TRIM59	2.68265592149127
EGOT	2.68072761681077
CAPN1	2.68051179213542
WDFY1	2.68028453596121
UGP2	2.67941428729121
RP11-25K19.1	2.6781188968099
HIST2H2AA3	2.67733711588055
NDUFA1	2.67626917562196
UBE2L3	2.6758976327458
RAB5A	2.67549442606944
SLC29A3	2.67444686018963
MFI2	2.67331511727871
SIGLEC10	2.6716143691279
KNSTRN	2.67130577166304
NDUFB7	2.67032000571572
SIDT2	2.67016031128813
TMOD1	2.66797856104791
NSDHL	2.66505575229742
ZFPM1	2.66404909786862
SEMA3C	2.66278943979862
DTL	2.66197718478754
RP11-443B7.1	2.66189371291831
NEO1	2.6609936592441
RP11-571M6.15	2.66035258273641
TFIP11	2.6597175173974
FAM114A1	2.65885474107148
ARNT	2.65872467984117
DNASE1L3	2.65863667703124
MTMR6	2.65769637661104
PROB1	2.65649660879779
TST	2.65574899927992
FAM212B	2.65438054751475
LINC00672	2.65361462964391
CAP1	2.65273303425975
BLM	2.65124401425706
MOSPD3	2.65010592027677
IL12RB1	2.64945319271714
CDC123	2.64852049810467
BRDT	2.64824861693273
ZBTB20-AS1	2.64691330671016
CDC25A	2.64571377102081
ZFYVE19	2.64254846645985
FZD1	2.64099754512933
TONSL	2.63975560896687
PNPLA6	2.63931504407163
CDV3	2.63905148098036
DGCR5	2.63751221299145
DUSP5	2.63688046703803
AMDHD2	2.63618057515063
COMMD3	2.63583858630896
MACF1	2.63224524248737
RSPRY1	2.63141748190588
DENND1B	2.63091300009033
GLRX2	2.62866600728189
TMEM147	2.6279111486951
FABP3	2.62450684985644
TMEM120B	2.62340832693679
GOLGA3	2.62208834916265
SLC1A3	2.62092003280085
CYP51A1	2.62065585957666
CD101	2.62058909059712
OGFOD3	2.61917902829446
RSPH9	2.61908591648974
PDZD7	2.61828366330508
DPP8	2.61827355679283
NFKBIE	2.61625066008262
DCUN1D1	2.61510573838589
PRSS27	2.61398097929567
AIFM2	2.61343392142943
AP003774.1	2.61288033165582
C14orf80	2.61264574666827
KIR3DL2	2.61129719401338
TUBA1B	2.6109117189928
TVP23A	2.6099908428617
FCHSD1	2.60859418443472
HMGXB4	2.6085714935759
TOR1B	2.60677931089093
ABCA3	2.60632277707561
DEGS1	2.6049997345367
FLT1	2.60400633145098
ARHGEF35	2.60147066851988
ZBTB21	2.60047049736434
TIMM23	2.59914348269425
KLF16	2.59828771367142
CERK	2.59807047030666
FAM127B	2.59768539293009
HTR7	2.59625181145508
AF011889.2	2.59486686508176
ASB1	2.59474330499917
GNAS	2.5935908542646
MGAT4B	2.59349289012051
TMEM86A	2.59333115759415
RAP1B	2.59235167662795
CPLX1	2.59183049979693
EVC2	2.59101698495361
CTNND1	2.59072723382782
PYGB	2.59030018757615
AP1G1	2.59017392768463
RP11-145M9.4	2.58986515289078
DNAJC6	2.58972253369989
GSTA4	2.58743674357941
DCLRE1C	2.58683766382912
DDX27	2.58474485222915
MST1R	2.58454319878978
TP63	2.58406428459035
CSPG4	2.58264392740346
STAC	2.58248367915816
ABHD4	2.5805935591562
CCDC71L	2.57785091932884
GLMN	2.57612138572462
ASPM	2.57536014573867
PELI3	2.57287293238844
LRRC3	2.57238451026421
H2AFX	2.57138601561481
NKG7	2.5712570748649
ZNF747	2.57098292281301
MEIS3	2.57044879402002
TPGS2	2.56998054285497
TNFAIP3	2.56980620338596
COTL1	2.56975677522854
IKZF3	2.56925047563742
NAT14	2.56771884888373
PTGDR	2.56548713250482
IL17RE	2.56529074954584
SIRT2	2.56476379997274
NUDT21	2.56418946079919
TRAF1	2.56392331658269
TECPR2	2.5620195879115
SLC7A5	2.56067406200931
KIFC3	2.55966698620607
PACS2	2.55946358641393
TTC21A	2.55929072136082
MAGED1	2.55803344505289
EFTUD1	2.55516067056094
METTL8	2.5542127766554
TAOK2	2.55276535393088
TMEM222	2.55270453721657
BAI1	2.55198316948974
GPRIN3	2.55134616708785
LBX2	2.5510852079478
CTD-2636A23.2	2.5487193528986
ZNF503	2.54811713156365
EPS8L2	2.54790715211259
WDR60	2.5477339985953
APOPT1	2.54732372646851
ENY2	2.54713107271822
CEP85	2.5468127754128
ATP6V0A1	2.54654036136647
MPP1	2.54383404902201
KRT36	2.54376890428754
RNF217	2.54287237437229
KMO	2.54046337573342
VPS54	2.54002313371055
CYB561D2	2.5398646485275
IER3IP1-1	2.53919495070237
ARHGEF19	2.53890379503785
IGF2R	2.53846396668432
TRIP6	2.53763416531891
GAS2L3	2.5370005224201
UNC93B1	2.53510044220075
LMAN2	2.53352859701174
ITGB2	2.53306798199104
OTX2	2.531361538164
LILRA6	2.53110125668549
MCM10	2.53084195425538
SOCS6	2.52923158552128
PPP1R13L	2.52921726603926
TP53BP1	2.52920861932139
PPIL1	2.52766567897417
CEP250	2.52604905930578
PYCARD	2.52592293534427
NUDT22	2.52484221786782
MMP19	2.52381028843609
ZFYVE16	2.52314138462619
TGM2	2.52246666583712
AGAP2	2.52241094212955
EIF4E2	2.52149837381219
CDC42EP2	2.51943446711239
RP1-120G22.11	2.51847029987575
ZDHHC11	2.51794773916769
CDK5RAP2	2.51771273985816
GPBAR1	2.51556701769345
EXOC5	2.51422455367534
PARVB	2.51390267817839
TLR2	2.51359654081846
ADRBK2	2.51191526732194
TBL1X	2.51187680504971
PHF13	2.51097339912683
MCM5	2.51095797468418
CRYZ	2.51087230071369
C10orf118	2.51042139476658
CD36	2.5102996494133
RBBP9	2.5081634196894
NPHP4	2.50704669147204
ZNF470	2.50469253987127
ST6GALNAC3	2.50345099753699
DNAJA4	2.50240487547861
NEAT1	2.50129213404649
MED19	2.50124622858303
NTMT1	2.4997714553734
PIP5K1C	2.49826372782711
CKS1B	2.49797977282133
ERP27	2.49776680499841
GTF3C1	2.49608918432921
GGA2	2.49584107643311
LAPTM5	2.49477894928347
FGFR1	2.49391724235159
AC011899.9	2.49362098039522
TGFBR1	2.49256401906155
SUMO3	2.4925024890129
PQLC3	2.49099375427422
SCAMP4	2.48949770468447
RNF145	2.48921672448056
NDUFB8-1	2.48740661372911
WDR55	2.4858035388343
PSMA3	2.48563080931268
MCOLN2	2.48517894164094
RP11-356I2.4	2.48479892741142
SERAC1	2.48288047012318
C12orf79	2.48091113882423
KLRB1	2.48082631997135
DALRD3	2.48070214567974
VPS16	2.48024685214353
HK3	2.48001714922783
TMBIM6	2.47983545056963
LIMCH1	2.47919631861345
FZD2	2.47919631861345
BUB3	2.47883549223466
OCIAD2	2.47839168093279
ANKLE2	2.47835516336992
SEL1L	2.47819982256057
AHDC1	2.47725284331227
OTUB2	2.47715483095846
MTHFD1	2.4769494420556
PDCL	2.47658423490585
STK11IP	2.47597899315167
DNAJC18	2.4757450826505
BECN1	2.47565480333625
ARPC3	2.47564105261633
TBC1D22A	2.47556978709791
RP11-798M19.6	2.47384056565905
HECTD3	2.47254027210627
DOCK8	2.4715955495051
KLHL12	2.47131677999678
RETSAT	2.46931315396975
CLMN	2.46689740885331
RNASEK	2.46600468065418
GINS1	2.46555692316793
C9orf116	2.464449768087
CERS4	2.46381794909667
ZNF350	2.46380135354906
RP11-803B1.8	2.46368669286404
HLA-G	2.46324388055885
ZDHHC23	2.46265036425384
ZNF34	2.46263121462722
CRIPT	2.46221680111294
HRH1	2.46180773673003
VPS33B	2.46121358252298
SLC35C1	2.46120776550326
CSTA	2.46029413605198
DNAJB11	2.45889704606306
ARL2BP	2.45693876317557
UBL4A	2.45571246079988
PDCD10	2.45553705479063
C6orf62	2.45470537755146
CAPN12	2.45450432545275
SCAF1	2.45285916881275
LRRC59	2.451402960387
FIG4	2.45126136731981
CMC2	2.45100046438529
ATF4	2.45008107702759
RP11-563J2.2	2.44923383201468
PFDN2	2.44908504882807
KIF18B	2.44881833595517
RNF103	2.4468820764729
GAPT	2.44615501504017
HLA-B	2.44437123066628
HEXIM1	2.44397944027302
LGR6	2.44329883215056
DDX3X	2.44117072513029
IL9R	2.44038568840537
SIGLEC7	2.44012050470163
USP36	2.43955188524278
SH2D4A	2.43687169360125
IFFO2	2.43633296060486
SEMA4B	2.43631259735111
ZCRB1	2.43587789276001
RAB2A	2.43566961927391
WDR62	2.43508898720431
RP4-756G23.5	2.43373702231782
SAMD4B	2.43314333624467
CATSPER1	2.4325612140344
PEF1	2.43196641265746
TSEN54	2.43068679383529
PRR14L	2.42857356780704
CD79B	2.42841891304884
TMEM30A	2.42695538342207
ST3GAL5	2.42541952848763
SLC36A1	2.42497302662443
RP11-296O14.3	2.42330380691354
YRDC	2.42264118721124
RBM38	2.42255015443469
KIF5B	2.42239641271308
CASS4	2.42153677488177
POGK	2.42087999104183
ZDHHC5	2.4157650773838
AKAP11	2.41571804954018
CSNK1G2	2.41204976031388
TMEM248	2.4098897299112
C19orf66	2.40956748727168
ARRB1	2.40893126765965
STXBP3	2.40793776448061
AGA	2.40762599703465
RTN1	2.40729151952212
KANK2	2.40627496799861
CSPP1	2.40575156816557
ZNF513	2.40571152047168
CSF3R	2.40565358337627
SNHG12	2.40331606450525
SCD5	2.40305872238545
FOXM1	2.39959254761561
FAM32A	2.39925654876559
WWTR1	2.39813988543525
LILRB3	2.39809527656962
RIPK1	2.39781001397823
DAPK3	2.3961454566951
UFSP2	2.396136533594
CD1A	2.39583019300165
FAM64A	2.39569404827955
PCNXL3	2.39567916949483
KIAA1715	2.39507877803086
SMARCD1	2.39500504351874
KIF22	2.39456929035507
TRAPPC10	2.39440465798372
USP25	2.39428211296749
NAALADL1	2.39201702445942
MCM3	2.39143622549958
RUFY1	2.38968409109378
CTNS	2.38948537275097
ERCC1	2.38933590929832
DOT1L	2.38791931233804
TTK	2.38739536037308
GINM1	2.38717439890748
TMUB2	2.38682193804775
GOLT1B	2.38668881109808
ME1	2.38648734435459
AGFG2	2.38548048419739
CCNG2	2.38505121289974
SMPD1	2.3846715704648
CTDNEP1	2.38460850050642
ANKRD12	2.38447287061819
KLHL17	2.38430562279975
FAM184A	2.38369705307108
HAUS7	2.38263420264233
AGAP3	2.38249942722884
GTF2IRD1	2.38212379751587
SIRPA	2.38149760974654
COL5A2	2.38063978164315
NUMA1	2.38060366701324
CECR6	2.37987012020584
NME6	2.37957150529201
ARNTL	2.37942639824881
FHAD1	2.37823914108488
ASNA1	2.37540056106524
GRM2	2.37455956692534
XPR1	2.37352204238126
JAKMIP1	2.37321292298342
HMGB2	2.37305650573743
ZFAND6	2.3720837172582
WSCD1	2.37181598942444
PAPSS1	2.37176953597548
EIF2B2	2.37066352925159
CHRNA6	2.36977333661044
TNK2	2.36858603219317
TTLL5	2.36850011873772
AC008440.5	2.36824938037207
BCL7C	2.36802111631591
TTLL4	2.36781756487151
FUCA2	2.3663874480427
PCM1	2.36371366597216
ATP11A	2.36341337933647
WDR76	2.36220765885551
CABLES2	2.36209232761259
SLC29A4	2.36100251711885
SLC35E3	2.36009148841059
RARRES3	2.35985733792841
ORC1	2.35938323027792
VCP	2.35888450349337
MMP2	2.35598118641544
CTA-373H7.7	2.355744755044
RORC	2.35555046326726
MT2A	2.3551352894604
ANKRD11	2.35434705404618
ALDOA	2.35393581553317
CD302	2.35346906517707
MRPL36	2.35276116574222
CTBP2	2.35268437422614
ERICH1	2.35260578192174
DHX8	2.35245666232881
ASCC3	2.3515784171201
NAPSA	2.35041545027052
PAK3	2.35009486401412
TICAM1	2.34840842124664
KIFAP3	2.3477076809294
DCAF15	2.34696742123544
ARHGAP6	2.34605598737682
CDK11B	2.3435755645255
RBAKDN	2.34208288110004
GPX3	2.34159533621748
FZR1	2.34117291307899
RP11-263K19.4	2.34116016319724
C2CD4D	2.34046128231998
PBX4	2.33994535467957
MOB3B	2.3396465210776
DIABLO	2.33866548545215
ACAT1	2.33858224871488
OXSR1	2.33790444579741
ANKH	2.33762392875563
TMCO3	2.33727631159544
SAMD4A	2.33623144390423
RP11-181E10.3	2.33348646791054
SPR	2.33175895284944
CTA-384D8.35	2.33086580111079
ARFIP1	2.33027783459993
GFPT1	2.33020354889958
RP11-212I21.4	2.33001478374843
CCSER2	2.32703110814547
CFD	2.32543661946402
SF3B1	2.32503197432025
SERPINF2	2.32501825098441
PPP3R1	2.32417331548043
CYB5B	2.32348802623756
C10orf128	2.32331355435129
F8	2.3227353070492
HTT	2.32166059372841
ATXN7L3	2.3214689860081
CHFR	2.32136305421489
RP11-404O13.5	2.32077783263875
RRP12	2.31989058112212
SDCBP	2.31736790732196
MSLN	2.31559256168202
ESYT2	2.31553542062373
CAB39L	2.31551676819892
MT3	2.3151521693433
RANBP3	2.31466872616419
C11orf48	2.31385856778147
ANKRD50	2.31152617435145
C9orf69	2.31065358103916
G0S2	2.3102182090218
TRPM4	2.30990097532554
CNTROB	2.30943828624432
SECTM1	2.30916839280265
TBC1D19	2.30726120485657
GMIP	2.30682915049574
TAOK1	2.30674267363476
AC147651.4	2.30584027894018
COPB1	2.30461013125791
ARHGAP17	2.30449678905844
PPIB	2.30449155458158
SLC27A3	2.30430518388501
RTN2	2.30325592917908
CLDN1	2.30293598499125
PPP1R26	2.29992993886235
MOB1B	2.29765157374339
XPC	2.29703613388544
FAM117A	2.29693836742816
ADAP2	2.29417630588225
BAZ1A	2.29307262067496
RP11-834C11.4	2.29171774299763
IARS2	2.29095673575634
CALU	2.29066055462528
WASH4P	2.28994496046235
UCP2	2.28947984552402
NEK2	2.28942772180792
CYCS	2.28914916921712
GAD1	2.2880249343967
CTA-384D8.34	2.28726642821614
TMEM44	2.28665008685895
C1orf216	2.2866366785001
HINT2	2.28623916880154
ACAT2	2.2840523620755
BST1	2.2833828085869
SPCS3	2.28154307523883
SUB1	2.28027909854221
ZNF20	2.27925617505963
U73166.2	2.2771757585974
DTNA	2.27674641215719
FBXO43	2.27535897820385
FOXK2	2.27524028886452
ITPKC	2.27511184172144
RAB19	2.27431729519092
PTPRK	2.27372550042869
UBR4	2.27227104101017
WDR18	2.27179075063426
RP4-728D4.2	2.27137275672019
FEM1C	2.26946989733658
PSMA4	2.26796433079999
MAZ	2.26721983656435
SEPT2	2.26548931159757
EIF2S1	2.26538436976002
MFSD5	2.2649624415253
TRAPPC2P1	2.26479626359146
LSM1	2.2643233247763
COX6A1	2.26321287911112
COX5A	2.26209685740617
CLEC12A	2.26197280070119
SLC25A12	2.26118847871058
SLC41A1	2.25983003316039
ATXN1L	2.25972912621772
SF3B4	2.25868067307252
EME2	2.25836155098118
HMOX2	2.25746897051476
ALG5	2.25702683433795
SMIM13	2.2562359788126
ADAP1	2.25614984864203
TULP3	2.25606040889758
DNAJC13	2.25556605738871
LINC00092	2.25539756327809
KIF20A	2.25433480374963
CXorf23	2.25302003065521
MPG	2.25263192073326
KPNA1	2.25183751448592
CTC-250I14.6	2.25096093957942
AVEN	2.24904362935129
BIK	2.24766572446998
MTFR2	2.24741712798927
WASF2	2.24612733976265
EMR2	2.24477224023327
MYCL	2.24421781299451
PANX1	2.2431318296361
TNIP2	2.24304935706746
COPG2	2.24128387594454
BRCA1	2.23897483870042
AC023490.1	2.2388849183079
ARF4	2.23879993245997
TTC7B	2.238763190708
LINC01059	2.23676097503469
JAK2	2.23668666363271
TMEM159	2.23634605002981
GFRA2	2.2363246111976
PSME2	2.23520990357104
RP11-106M7.1	2.234798719227
CTA-384D8.36	2.23463193752676
SOGA1	2.23406567785555
ZBTB8OS	2.23401243449333
EFCAB4B	2.23383763497792
MTRNR2L8	2.2331135297365
PALB2	2.23265978867288
ENKD1	2.22929388609123
TNFAIP1	2.22921076146617
CDCA3	2.22908689716586
ZNF684	2.22889987028134
LYSMD4	2.22847048379233
NACC2	2.22664694014203
TMEM176B	2.22613617611594
NAMPTL	2.22587987251902
SNX25	2.22584427916428
GSK3A	2.22532416514279
RBMS1	2.22515908942941
POLQ	2.22501456810506
RET	2.22464084471597
MCL1	2.22321959579921
FAM214A	2.22317233156543
KMT2D	2.22294309178742
TRAF3IP1	2.2183191051357
DNAJC3	2.21747887012301
GLTSCR1L	2.21356631211912
KDM2B	2.21337875892883
LAMTOR3	2.21281199143865
TBC1D9B	2.21242508365232
ATG5	2.21241143417942
FBXO36	2.21124472248965
CDCA2	2.21101924396547
VAMP8	2.20904831911973
NDRG2	2.20825125683953
PARM1	2.20825048816635
ZSCAN21	2.20824203487261
SOCS4	2.20806864790183
NIP7	2.20770180409857
APC	2.20703564123042
CD226	2.20366252507893
AC079354.2	2.20311572975519
PNMA1	2.20305674776138
P2RY11	2.20301885450631
ATF5	2.1995286959048
PPFIA4	2.19935074167349
RNF32	2.19538365163339
PTGR1	2.19536189461353
SCT	2.19534643506477
RAD54L	2.19450965037904
ZNF410	2.19443760304781
ADM	2.19440462572009
PLCB3	2.19420656914257
ZCCHC18	2.19382673894602
FRMD8	2.19076422834261
LYPLA2	2.19058537331133
LSM2	2.19047076191217
AKTIP	2.19016914061631
SERINC3	2.18999516062255
MANEA	2.18966452125967
MSI2	2.18936604543607
STX12	2.18872736248
MAPKAPK3	2.18657755254981
CLCN5	2.18638847941992
SYNE1	2.18605386020496
RGPD2	2.18584483132114
CREB3L3	2.18429311951093
TESC	2.1842151114095
EMC6	2.1839745868624
TSPAN17	2.18304571002632
KCNC4	2.18242193513242
RP11-539L10.2	2.18133707784476
STX2	2.18092123874208
TCF25	2.1799760597463
TOB1	2.17919234544986
KIAA0195	2.17808414724386
ZNF804A	2.17804036841286
LONRF3	2.17798208195014
ADPRHL2	2.17705356918001
RAB8A	2.17645037617286
KLC2	2.17601644451298
NOMO1	2.17513369718605
OSCAR	2.17313310499342
VCPIP1	2.17259327153857
SLC39A7	2.17246874561197
LINC01094	2.17202472923975
DSCC1	2.17194565236809
MB21D2	2.17124330588947
UBE3C	2.17048598640492
CHML	2.16859648355314
TSNARE1	2.16775519701329
CYB5R4	2.16565123581923
IQCJ-SCHIP1	2.16458963838108
METTL17	2.16427980660084
PRKAR2B	2.16415158662948
C11orf80	2.16395495140937
PHRF1	2.1619140428658
FGFRL1	2.16169816565435
PVRL3	2.16120588069306
FAM109A	2.16112340168594
VPS37C	2.16093701364464
SIVA1	2.16015272763927
CSGALNACT1	2.16010594250886
CAPN10	2.1601031045508
ALDH3B1	2.15965321321129
PRR14	2.15868992288569
ZNF562	2.15823314762885
U82695.10	2.1579487712786
PPP2R4	2.15585124934303
C19orf33	2.15564436679244
KIAA0368	2.15472176896341
TRAK1	2.15414180456457
CORO2A	2.15327387299439
IFIT5	2.15045588231689
FAM228B	2.14825009033911
WDR49	2.14815329213377
AC009948.5	2.14782315233721
PA2G4	2.14768717944721
PARP8	2.14758234945134
KCNMA1	2.14651277712795
CD300LB	2.14546591564881
C10orf11	2.14297734537252
GARNL3	2.14182334219498
MCTP2	2.1418078754786
TUSC2	2.14156571109782
SEPHS1	2.13933403209984
DPY30	2.1388139237688
CKAP5	2.13738081003922
NEK7	2.13669868721063
ZNF416	2.13546506173081
RECQL	2.13522523869323
USP1	2.13467335267431
MYCBP2-AS1	2.1346533238003
C7orf50	2.13190562622592
SEC61G	2.13185389268799
BPHL	2.1318195022257
MYLPF	2.13174961684631
DHX16	2.13113890510014
DYRK1B	2.13085864970988
TNFSF13B	2.12947280215753
OGDH	2.12914456569677
PPP1R15B	2.12903903670604
ACTL6A	2.12872502928287
ITGB1	2.12820084745794
ASXL1	2.12785256656253
TRH	2.12773172566334
NLGN4Y	2.12707899623587
DNAJC21	2.12645692326346
FAM198B	2.12482462971167
ARMC9	2.12421749403519
UBE2T	2.12379854741594
FBXO10	2.12369424599914
RC3H2	2.1224666715228
AC131056.3	2.12211858125222
UNC13B	2.12157546990638
COPS8	2.12092249586525
IFT140	2.120526128492
HIF1A-AS1	2.12032961991394
RAI1	2.11799551171922
ALYREF	2.11761205821143
PRPF4	2.11756522105065
MYL6B	2.11729804057856
U91328.20	2.11721817858634
CCDC91	2.11718030401406
RP5-1198O20.4	2.11697327034149
IMPA1	2.11680978589023
CALML4	2.11670055340021
RP11-273B20.1	2.116583241738
RLF	2.11627155316488
TEX264	2.11618188520859
DCTN3	2.11492357394431
QKI	2.11472342143722
KIAA2013	2.11304972560696
IFIT3	2.11166292413281
IL5RA	2.11165537506702
MGST1	2.11022086725476
SENP1	2.10936249967301
SLC39A11	2.10914424845697
MPZL2	2.10864267930584
MERTK	2.10668160176024
USP8	2.10328898441663
SCCPDH	2.10309053081925
BOLA2	2.10257092051009
POMGNT1	2.10227231181984
NFAT5	2.1016044815602
TMEM67	2.09970205399378
RB1CC1	2.09968677438206
DDB1	2.09952047283438
PLA2G4A	2.09942782377456
USP4	2.09921266914513
STIL	2.09892354411853
REXO1	2.09545746766029
AC068282.3	2.08958054028294
MANF	2.0892455060151
SCYL1	2.08722154167005
DOK4	2.08688246730047
EPHX4	2.08683169386754
USP38	2.0857021195056
GPS2	2.08409935269316
CEBPB	2.08210019330556
RELT	2.08074967237408
KIAA0226	2.07969031677883
NADSYN1	2.07952469526931
BYSL	2.0793357261221
FADD	2.07880235578778
PLB1	2.07735451853376
RINL	2.07633321065183
TAF9B	2.07629096799587
NIT2	2.07470852842275
FAM35A	2.07466387877922
ZNF284	2.07330023820922
NBPF12	2.07299066842819
HGF	2.07258996236559
MTRNR2L1	2.07255639702399
ADCY3	2.07230901005576
TGFBRAP1	2.07083374648332
ANKRD40	2.07057938074651
TMEM63B	2.06907934273948
PPIL6	2.06763423322079
COX7B	2.06760958853869
ARHGEF7	2.06651611804804
SLC25A3	2.0636893753618
AC007228.9	2.06231659072402
LEPREL1	2.06142650725102
EPOR	2.06061981874269
ZNF446	2.06053053762718
WWC3	2.0601630776919
LPIN2	2.06003792904225
PHLDB1	2.05967930350143
UGGT2	2.0594485763807
RBM15B	2.05834364260516
SHOC2	2.0557319845025
MINOS1	2.05563399034974
SPSB1	2.05539892334356
HNRNPA3	2.05513362373952
AL450992.2	2.05486274675228
CPSF3	2.05357468184579
RHNO1	2.05354496070037
GSDMD	2.05259868603809
IZUMO4	2.05127745506485
CLEC4F	2.05085860373693
SPAG9	2.04975136210649
SIT1	2.04858330278953
UQCRQ	2.04797586566933
MIER3	2.04648150895595
CD27-AS1	2.04546940800531
ATP6V0C	2.04499706843583
DCUN1D5	2.0447676512967
MPP7	2.04238139788153
C10orf12	2.04186634503115
RNASEK-C17orf49	2.04104961217573
TOX4	2.03904466864389
ZNF319	2.03748946680089
CCDC82	2.03668087876649
S100A13	2.03611527069012
ZSWIM6	2.03524952922863
APITD1	2.0344668156567
MUM1	2.03284066325794
SLC25A28	2.03274281056927
DRAXIN	2.03192199938428
TRAIP	2.03070874093053
SLC38A7	2.03029222528753
SAMD10	2.02985495387515
FAM105B	2.02968121469649
GPATCH2L	2.02810012157936
TFG	2.0275731057881
RAB11FIP3	2.02638577333707
WDR45B	2.02525368680497
STARD10	2.02453530488944
TAX1BP1	2.02372395739435
CHD4	2.02309193302939
TPD52L2	2.02234399342475
TIPARP	2.02092624777271
ITPRIP	2.02008493919576
SMAP2	2.02006368480677
TCHH	2.01857047124002
TRAPPC1	2.01832223768217
ABHD6	2.0182661727744
PUS7	2.01790069673385
TPRN	2.01759520838467
GGA3	2.01722292286438
DOK3	2.01717009987418
DARS	2.0170825596644
GPD2	2.0168203704024
MIEN1	2.01503130905994
BTN2A2	2.01491350913838
RP4-666F24.3	2.01322192697741
VPS25	2.0117762870887
RAB39A	2.01138526650527
TMF1	2.01075620509968
NDUFS5	2.01003302740737
MAN2B1	2.00975695812898
YES1	2.0089188377283
FAM188A	2.00810285995876
AD000671.6	2.00648569971107
SOBP	2.00629954031654
FKBPL	2.00525279812703
SRP54	2.00489382705854
USP9X	2.00478895902763
NCAPD3	2.00415207045183
RAB21	2.00339241403243
HDGF	2.00255112120537
MXD4	2.00163214215792
SIPA1	2.0004820064293
SP1	2.00028005665293
PLTP	2.00005066326697
ADD1	1.99967951145625
DNM1L	1.99726142401437
ZNF888	1.99590749615936
LUCAT1	1.99542161298274
SMEK1	1.99529867216466
CC2D1A	1.99459170700643
POP1	1.99360524399717
EEF2K	1.99229867785748
SEC11C	1.99156369047802
PRR19	1.99097571026911
FBP1	1.98960034343131
DDX19B	1.98586498148313
BCAT2	1.98583935244942
RP11-292F22.7	1.98283887889659
METAP1	1.98268104416499
FMNL2	1.98261891153542
CABP4	1.98218021873286
RP11-333A23.4	1.98214780377889
NAP1L4	1.98123660408136
EHBP1L1	1.98011871200738
PPP2R5A	1.97974794005415
HECTD4	1.97873221592071
EPN2	1.97717535800332
RP11-312O7.2	1.97672817067389
AREL1	1.97558420833089
ATP6AP1	1.97480235757837
OSBPL8	1.9735094003203
ZBTB8A	1.97278387476251
LACTB	1.97107004076127
SKA1	1.97014764839673
AMPD3	1.96967093815265
L1TD1	1.96754448375796
GSPT1	1.96662114541
GZF1	1.96624556428135
RRM2	1.96617286236143
PTCHD3P1	1.96582561823037
YEATS2	1.96455331274198
POLE	1.96421369955651
AP1G2	1.96241772633513
SCIMP	1.96042931430168
TRIB3	1.95934264540439
LINC01132	1.9585747478268
DCTN5	1.95766773312888
ORC6	1.95547020016968
TIMM10	1.95509211887658
CDK5	1.95482920802923
DCAF6	1.9539134448327
MAGI1	1.95313185692926
POTEM	1.95291414371882
RIOK3	1.95260879472159
LILRA1	1.9525513431969
EFTUD2	1.95247423249251
CISD2	1.95225917757277
ZBTB22	1.95094783332859
LSM10	1.95063654378409
TOR1AIP1	1.95062166506055
MAD2L1BP	1.950405348172
C19orf10	1.9485456126352
FAM126A	1.94848243119686
FRMD4A	1.94772027246364
PLXNC1	1.94673333372668
LIN7B	1.94622212499932
NDUFC2	1.94464749877323
SETD1B	1.94437147393729
RAPH1	1.94368148499039
MCMBP	1.9435940473241
YAF2	1.94357494782564
KIAA1143	1.94302395858521
C19orf83	1.94244971482273
CDH24	1.94081893783249
CD320	1.94072094489631
SLC37A4	1.94045976197297
TMEM126B	1.9400273411259
HOXB3	1.94001594966877
HIST1H3F	1.93978520033959
AC010883.5	1.93829160417393
UPF1	1.93793560994813
WDTC1	1.93774559805566
SMC5	1.93726480908112
ITFG3	1.93406375552778
TPRG1L	1.93207718760854
SHKBP1	1.93204041295818
LINC00094	1.93170096333304
MGP	1.93139216736455
PTGFRN	1.93113743099203
MPEG1	1.93095150875587
CCDC41	1.92963981294667
DKFZP667F0711	1.92953287235522
SUGT1	1.92950470859925
ENPP4	1.92939591987368
SDF4	1.92935412967637
TBC1D25	1.92763486100049
AC116366.6	1.92704794120455
NIPSNAP3B	1.92643593549657
TMEM242	1.92573159202753
OLFML2B	1.92522526519218
ASCC1	1.92509189162372
SLC35F5	1.92508865155509
FLNA	1.92474089961624
IFNL1	1.92277868149436
HSPA9	1.92029513619914
YIPF2	1.91990457722694
PDHB	1.91960927086505
POTEF	1.91931469271445
SPIN4	1.91926557629708
LRRK1	1.91908784326881
SZRD1	1.91499161155641
MOCOS	1.91469303781365
CCL3L3	1.91435826200827
ZKSCAN5	1.91280696664841
CCDC150	1.91153291620356
AUP1	1.91053625944151
LTK	1.91049187993587
FAM91A1	1.91020158783994
ARMC2	1.91019691080308
DAD1	1.91006499668947
SPIB	1.90937648781577
CENPT	1.90908171058173
UQCR11-1	1.90881621995628
SRSF7	1.90825236038271
FXYD1	1.90690134659123
MTHFR	1.90648459007197
NAB2	1.90637441396636
IPO11	1.90583024263661
GIPC1	1.9052555527051
GUCY1B3	1.90513447566276
ADCK4	1.90410732500165
RP11-750H9.5	1.90392687336207
KHK	1.90289595014674
RSPH3	1.9021202770358
JUP	1.90131366522794
KIF2C	1.90053894478908
SNRPA1	1.90034299600681
RP11-65J3.1	1.90011538388914
PRDX3	1.89799767008198
ALDH1A1	1.89773454859275
AC010894.5	1.89715278186561
ABCC10	1.89477746615918
CLTA	1.89260922988027
LCP1	1.89236532032659
RP11-398K22.12	1.89132309532021
ELOVL5	1.89005012810854
CHAF1A	1.88999364914111
APOL4	1.88828902770317
KHDC1	1.88819589942716
MAN1B1	1.88804866645096
HS1BP3	1.88797919156178
SNX6	1.88731572210773
RAB6B	1.88648484603558
TIPRL	1.88644172426335
APPL1	1.88463565705729
GOT1	1.88397008470151
FAM134A	1.88335763902524
VCAN	1.8811674137179
CRIP1-1	1.88013733092831
GINS3	1.87845760626225
PSRC1	1.87807545676008
ADORA2A	1.8755974017124
KIR2DL2	1.87432642548079
CUEDC1	1.87356269954625
RELB	1.87312997993499
IL1R2	1.87263751469698
GGACT	1.87160331294548
CCNA2	1.86827944079438
NSMF	1.86809521410566
DDRGK1	1.86762897794404
RP11-343N15.5	1.86694825996931
RP4-773N10.4	1.86537412784651
CD300LF	1.86497889012357
ZNF555	1.86376214854969
MYH9	1.86347262523503
LYPLA1	1.86333297238644
SMARCE1	1.86308767423013
MAMDC4	1.86221086515857
DBN1	1.86114640462794
C16orf59	1.86035190817654
AC068831.6	1.86032980264451
UBE2Q2	1.85918053614687
CSNK1G3	1.85904025218006
G6PC3	1.85713177487705
GABARAPL2	1.85694426984683
SDE2	1.85508097643292
LINC00426	1.85455775442786
RP11-96H19.1	1.85281373109706
CTNNB1	1.85249796676891
SCYL2	1.85210182974726
LRRK2	1.85201139148634
LRP1	1.85155673145602
GPR34	1.8495631479797
S1PR2	1.84919068594666
RP1-241P17.4	1.84858285201908
TMEM115	1.84841872048024
MRPL13	1.84706904875777
PYGL	1.84572531138078
TMED2	1.84559614309179
CLEC4E	1.84500703491402
RAD1	1.84469034267864
RP11-783K16.5	1.844678518392
HDAC6	1.84455662344835
ZNF880	1.84392314163029
SPTBN5	1.8438343278823
PPT1	1.8434988604241
C15orf38	1.8431472294834
WDR48	1.84034164247724
RP11-317J19.1	1.8389080119493
IRF8	1.83877743524953
BRIP1	1.83827908844275
ZFP36L2	1.83826059063515
SEMA6B	1.83761507124906
MT1X	1.83627799051293
AP5Z1	1.83601997509817
MAPK12	1.83542669811977
RP13-188A5.1	1.83536302607194
FAM195B	1.8352899432408
ZMIZ1	1.83497082839463
RBMS2	1.83417182608618
FLVCR1	1.83172493733138
HDAC10	1.83081691947343
LEPROTL1	1.8289221690937
LARP7	1.82851226658545
LTA	1.82696855403979
NFATC2	1.82646244172482
CD99L2	1.82584646359667
TIRAP	1.82548759250571
TUBA4A	1.82427898589932
MAP1LC3B2	1.82322987167221
TSPAN33	1.82312629543944
ZNF324B	1.82230865634404
C11orf57	1.82230415906258
GLB1L	1.82066384814255
CTNNBL1	1.82008218296082
LEPRE1	1.81917765479304
C5orf30	1.81860460991698
RP11-894J14.5	1.81704909211651
ENO1-AS1	1.81478140072171
RP11-158M2.2	1.8125596403215
CTD-2012K14.3	1.81167297555734
IFT43	1.81045617696484
ZNF490	1.80874330341438
F8A1	1.80870419197773
ATP5J2	1.80836300985072
RP11-6O2.4	1.80687278475037
SEC14L2	1.80643253482511
YY2	1.80639694498058
ST6GALNAC2	1.80623451409769
MTMR12	1.80396657508878
DHTKD1	1.80388386443332
DERL3	1.80334483640192
SEMA3G	1.80180373559636
LSS	1.80115843555567
SULT2B1	1.80109894218425
TLCD2	1.80098364417647
CHMP2B	1.80087157216938
ZDHHC13	1.79896484568253
RP11-61A14.3	1.79892283923824
TBC1D22B	1.7986058354836
SULF2	1.79854688344657
LRP12	1.7984036275086
PCGF6	1.79814477023745
ZEB2-AS1	1.7978173618548
GNAI2	1.7975683644493
CACYBP	1.79648192761486
RBFA	1.79489739341818
MICALCL	1.79433654645238
AC003102.3	1.7935422448162
IER2	1.79155493048642
RP5-1103G7.4	1.79089978209741
CRTC2	1.79030559899571
EPB41L2	1.79009843950161
CMTR1	1.78907446845432
VPS13C	1.78815839330426
SMS	1.78737188102166
DHRS12	1.78666987242338
ZDHHC16	1.78640796836579
RTN4R	1.78617400062394
ZKSCAN4	1.78563458481303
SMARCB1	1.78488965855878
CDKN3	1.78279603559471
BAIAP2-AS1	1.78198592779359
SSSCA1	1.78121311469538
NASP	1.78004358522723
PRAM1	1.77962074723526
AC009005.2	1.77925913326264
TET2	1.77917318648637
CCDC176	1.77849340811243
ATP6AP2	1.77674492516255
TIGD5	1.77669090611706
PIGA	1.77620093942268
ANAPC11	1.77596342031331
SRPR	1.77577337142861
DNASE1L1	1.77402882989054
BRF1	1.7735028300228
SPTLC1	1.77318717811948
CDK2AP1	1.77246030705142
NANP	1.77079462187561
HIF1A-AS2	1.77028104395846
CHRNA10	1.7696602446663
NUDT8	1.76870243361206
FAM21B	1.76799856694077
HIST1H1E	1.76796947553022
QSOX2	1.76747690525595
GCNT1	1.76745618663416
FTSJ1	1.76661829012393
MTSS1	1.7659800200327
RNF135	1.76595491261382
HERC1	1.76582233387987
RNF215	1.76544918669067
MYBL2	1.76528761067297
PHF10	1.76446851207021
TTC4	1.76418207977597
CDK5RAP1	1.7630695054138
ZBTB7B	1.76293013714937
SLC35A2	1.76256878043642
RPS27L	1.76059342742546
FKBP11	1.76023452313507
LRP11	1.759048606125
ZHX1-C8ORF76	1.75880016466174
SNX22	1.75802415882029
STEAP1	1.75740573083023
FRMD6	1.75691766331537
RALBP1	1.75681362500136
STAU2	1.75675437861292
TLE1	1.75627755022534
RGPD8	1.75368564775967
CDK7	1.75313404052993
PRRC2A	1.75221448007132
ZNF473	1.75213505544282
FAM85B	1.75139622159172
CTD-2337J16.1	1.75091547416741
MTRNR2L12	1.75034006144047
RCAN1	1.74916129827968
KMT2B	1.749114404869
ZNF468	1.74893019630338
RP11-347C12.1	1.74866651290094
AKR1A1	1.74735059645052
ZUFSP	1.74708664922427
AC145110.1	1.74522517614643
RP1-153P14.8	1.74456986444049
AC026806.2	1.74359256774019
WNT1	1.74345346631689
ESM1	1.74296822919095
MAGIX	1.74291551297057
CDK9	1.73921239377828
KMT2E	1.73668447445218
ITGAM	1.73636226795075
MAPK8	1.73496221284563
MFN2	1.73493851307206
E2F6	1.73493540226831
LMAN2L	1.73492752795125
HPS3	1.73440442302038
MRPL16	1.73367736339271
TECR	1.73197594085912
PTPN23	1.73069987857791
DEF6	1.72951415900817
THAP11	1.7294227577662
CCNYL1	1.7292562385643
ARIH2	1.72862279210009
CREBBP	1.72710797433469
MRPS11	1.7270936915954
NDUFA9	1.72675260132177
TMEM262	1.72656287103717
HLX	1.7236817087302
ABT1	1.72347745371759
PSMA2-1	1.72345591016394
RP11-849H4.4	1.7230665300901
CD1D	1.72248142327199
EPT1	1.72209185881908
RP5-857K21.4	1.72195597170855
MED13	1.72158425724104
FUT1	1.72060981409025
LZTR1	1.72037233362333
HEATR5A	1.71940408350265
MYNN	1.71930884675157
MASTL	1.71860893202309
GCN1L1	1.71845939578075
RFX5	1.71645611350801
MGAT2	1.71626652283607
ATP5L2	1.71592867870301
ADORA2B	1.71564254316446
SERHL2	1.71542709667589
LGALS9B	1.71520226090013
GBP2	1.7148377173642
PMAIP1	1.71136951867161
CENPN	1.70934654020029
GCLM	1.70903272702606
SLC4A4	1.70811382907995
STK35	1.70764233897706
IFT122	1.70701471622874
MYO18A	1.7067719216767
ATP5J	1.70645385845047
ANGPTL2	1.70612751977242
FAM124B	1.70609930182452
ARHGEF40	1.7054129627635
MAPK9	1.705060541595
ZNFX1	1.70396162758093
ATG2A	1.70379957710612
PUF60	1.70319271371427
ARID3A	1.70270967385007
THRAP3	1.70267837741035
CKS1B-1	1.7020011779846
PRSS23	1.70134661951748
NDUFAF5	1.70111171564966
MYSM1	1.70057724359369
PDCD5	1.70005893593671
HSPA4	1.69971464651244
HADHB	1.69763619036443
IST1	1.69737196860533
RP11-130F10.1	1.69722455701396
NCALD	1.69697192436974
RPS6KA3	1.69660364947574
HAUS2	1.69628139817344
PPP1CA	1.69532878140226
RNASEH2A	1.69491676938834
FKBP2	1.69399233260356
FKBP15	1.69339749476824
CYP27B1	1.69271219357075
APOO	1.69222989758867
JARID2	1.69207958906213
RP11-597D13.9	1.69207299890324
ATP5G3	1.69165344877454
SKA3	1.69158564458728
CRYBB2	1.69120118254171
L3MBTL4	1.69100036750671
S100A8	1.69090121116306
NENF	1.69037394999323
PRPS1L1	1.68989274845312
UQCC2	1.68929138241574
ADCY4	1.68920195084307
MFSD12	1.68916905982683
XYLT1	1.68877201493182
FRG1	1.68772491151474
TCF7L2	1.68712124873821
KTN1	1.68564075395801
POLR2A	1.68432282384814
PDS5A	1.68417272878934
CHCHD1	1.68402698437635
SHISA5	1.68395221961278
HIST1H2BI	1.68209511912494
LPP-AS2	1.68105505506592
RP3-477O4.16	1.68082037082869
RP11-111A22.1	1.68068924786227
HUWE1	1.68035540446088
FXYD6	1.67986913765615
FLJ27365	1.67884464857334
PIK3R6	1.67660805260834
TMEM65	1.6761074641451
CTD-2260A17.1	1.67600001304805
AP2M1	1.67521769727457
RHOBTB2	1.67516944671234
CINP	1.67361779991312
MED8	1.67343994512738
IFIH1	1.67227906580259
ITCH	1.6718898711982
ELOF1	1.67164856738862
CCND1	1.670776417635
PDHA1	1.66919237411557
PDAP1	1.66905789258417
DBH-AS1	1.66710994896378
PCGF1	1.66675840048187
RNF40	1.66662794945253
CTC-506B8.1	1.66655544182553
SFT2D1	1.66524674338148
ZNF432	1.66472331070302
SIL1	1.66467551881959
TANGO2	1.66424681499553
KIRREL2	1.66419460157741
THEMIS	1.66416431019808
APOL2	1.66411342701666
FPGT	1.6637371557538
RP11-85F14.5	1.66325417587192
RP11-432I5.4	1.66274958946961
CLPTM1L	1.66028111605444
RQCD1	1.65884987732081
RABL6	1.65877107049995
UQCRC1	1.65875845599194
PHF23	1.65866467234179
RNF34	1.6586563486403
SGPP1	1.65778232189107
B2M	1.65738618744484
CTAGE6	1.65492826707957
CTSH	1.65470646513915
MIF4GD	1.65426469694847
GATSL3	1.65360319997889
TMEM50B	1.65346681350185
HCAR3	1.65291901451263
TM2D1	1.65142367746218
RAB5B	1.65091042974384
P2RX5-TAX1BP3	1.65054923143824
EYA3	1.65045712349066
UBA1	1.64990719033875
FUZ	1.64988692256058
PDZD2	1.64978107031853
TLR10	1.64961895425219
LAPTM4B	1.64903628794221
AC009133.14	1.64898773775961
RP11-288H12.4	1.64759121184673
ASAH2B	1.6465829451981
NEK10	1.64579879005981
WBP11	1.6456759309495
MSANTD3	1.64545965274419
HLCS	1.6454246110388
SDSL	1.64542279539379
C19orf40	1.64497387802865
ZNF831	1.64405808663656
PCNT	1.64293767216749
LYZ	1.6423630825148
VPS18	1.64197440136154
ALG9	1.64063124479666
ASPHD2	1.64030357249583
KCNMB1	1.63919221942222
ENTPD7	1.63870101642281
ARRDC2	1.63842443067877
CDC25C	1.63738864959853
PVRL1	1.63681750976248
GTPBP1	1.63601175452524
CDCA8	1.63572359783807
RP11-394J1.2	1.63480906784477
RP11-468E2.4	1.63357124566288
RTCA	1.63350938258973
SELO	1.63180430873734
DNLZ	1.63158331177849
USP49	1.63153594409011
PPP1R3D	1.63042764330675
FCN1	1.62968992001785
TMEM86B	1.6294082090641
FSIP1	1.62939028833125
MAPRE3	1.62885723556164
SERINC1	1.62878262434782
MVB12B	1.62837199328383
PEX13	1.6259335191677
RDM1	1.62498609689373
ARF6	1.62469537205355
CTD-2369P2.5	1.62455182144814
MAST1	1.62435920194454
RYBP	1.62306415430155
DDX23	1.62201097393273
TMEM189	1.62197268609409
AC093495.4	1.6201533472299
ARL4A	1.61952275886703
TRIM26	1.6191266414892
CCDC126	1.61808900000281
MAN2B2	1.61742121764351
ZNF324	1.61721054902785
GOLGA8B	1.61576251347323
C4orf33	1.61566641371343
BDH2	1.61558530568397
CPEB3	1.61532545281396
C17orf75	1.61088700629219
SEC61B	1.61016017690092
RP11-218M22.1	1.60956745278636
SLC16A13	1.60950646689411
CHCHD2	1.60915301526668
FBRSL1	1.60911449930994
DIP2A	1.60883215403914
NTAN1	1.60869034924683
SIRPB2	1.6086053185281
MRPL52	1.6067372654181
GAPVD1	1.60658716701878
NRGN	1.60657067830616
ERMAP	1.60622179208192
DEPDC1B	1.60591927844546
KIAA0226L	1.60513144433211
GK5	1.60505601430168
TTC26	1.6042109765466
DCPS	1.60412719153674
SETBP1	1.60274787149113
CTBS	1.60208265928222
SPATA13-AS1	1.60177879992149
DDX26B	1.60154781044157
PIGO	1.60133133807696
WDHD1	1.60108641238924
ZMAT2	1.60073970376091
CORO6	1.59991647150139
RBM18	1.59954147748463
IFT52	1.59953507518409
TADA2A	1.59877795975078
DYNC2LI1	1.59869177739293
AC008443.1	1.59853407970069
RIBC2	1.59838964363466
TMTC3	1.59681952080145
AP006222.2	1.59568519982821
CCSER1	1.59546390070769
NDUFAB1	1.59440807920033
SNW1	1.59352083105124
C2orf88	1.59306409838426
OAT	1.59297361440897
RUSC2	1.59266700538356
KIF3B	1.59247789704024
SRD5A3	1.59206003349532
BRMS1	1.59114876351885
CCDC19	1.59041689534162
SLC4A10	1.58930415030711
SYCP2	1.5888444494266
HYOU1	1.58849626974114
HENMT1	1.58790082329423
NOTCH2NL	1.5871771916777
SAP130	1.58688666469375
ELMO3	1.58334270975605
CETN2	1.58254355716486
ZNF710	1.58216095312992
ST3GAL4	1.58198049707083
CDADC1	1.58043906551571
ATAD3A	1.58039682128413
SIAH2	1.57998067269993
TFAP2E	1.57889602285428
PUSL1	1.57845888685934
ABCC4	1.57756330895056
XRN1	1.57751365219875
DLGAP5	1.57722065793708
STPG1	1.57603366472102
TAF2	1.57540651810451
MRGBP	1.57433416223428
DZIP3	1.57273637880346
HEBP2	1.57268332034581
HMMR	1.57202639782719
R3HCC1L	1.57133250782282
LEPR	1.5709535361371
PRKDC	1.57050509881266
TTC31	1.57045396537875
LMOD3	1.57003122264443
GLIPR1	1.56993669834527
MVB12A	1.56985669512953
NUP93	1.56976938399788
PIN4	1.5694946331335
SIRT6	1.56900208356124
TMEM33	1.56815252247855
C17orf103	1.56710408745693
HIST1H1A	1.56681734276276
BAX	1.56662360103428
KLHL2	1.56546572852
PWP2	1.56432608004391
GIT1	1.56388891371697
RP11-1143G9.4	1.56319736232751
LINC01116	1.56193580033684
DUSP8	1.56187498008141
HLA-DOB	1.56067657520384
EIF2B4	1.55972303977261
NKIRAS2	1.55953502974178
DENND1A	1.55775377969282
C5orf42	1.55773631899971
BARX2	1.5567459211869
ROR2	1.55476127292922
DARS2	1.55459465751383
PLXNA2	1.55398225892559
LRWD1	1.55375109817113
ODF2	1.55319429373882
FASTKD3	1.55256613336684
LLGL2	1.55245111181129
FYTTD1	1.5523817052002
ZBTB2	1.55138965139682
C1orf233	1.55132152448325
ABTB1	1.55085179488244
SNRNP25	1.55075343758509
PARPBP	1.54911339919979
SETD8	1.54899575684796
AMZ2	1.5489773931557
TBC1D12	1.54882662282968
SNRPD1	1.54760204189541
NT5M	1.54740637238568
PWP1	1.54620089835696
ERMN	1.54613980271404
RBM42	1.54589403548442
C6orf47	1.5456416739314
TMEM163	1.54499449956631
STRA13	1.54307717035656
FAM20B	1.54168744055381
MTF1	1.54076873069498
DNM1	1.54015029417188
FBXW9	1.53691131563438
SPCS1	1.536555808691
SUMO2	1.53583871997369
ECHS1	1.53521691731044
RP11-56B16.5	1.53470757854892
ZNF382	1.53388116080373
ATG4A	1.5330505464983
MTRF1L	1.53298251358032
TBC1D31	1.53227020292882
C16orf45	1.53195323686432
TMSB4X	1.53091444690339
PKN3	1.53055688719397
SPTAN1	1.53019067921475
TUBB	1.53018011294597
FBXO8	1.53006235838488
CDKN2B-AS1	1.52978087236671
AC005498.3	1.52966308491521
AREG	1.52771119307704
CTA-445C9.15	1.52762409157069
SAYSD1	1.5262643025246
RAB3D	1.52594304533415
MSH6	1.52545065982858
NKD1	1.52476306033555
GNG11	1.52475417082328
RP11-463J10.3	1.52453434310442
ZNF689	1.52399770717876
PDXDC1	1.52311748496084
ZDHHC20	1.52307306342306
SH3BP5L	1.52133588862921
BRD3	1.51902723927777
UCKL1	1.51856709570672
ATP5E	1.51713301940937
SLC41A3	1.51504396903634
RP4-800J21.3	1.51282851295698
GALNT11	1.51243480860421
PSMD13	1.51114582715626
PPP2R5D	1.51077474701868
AC006129.4	1.50940001905369
MTMR10	1.50918170116494
DGKQ	1.50836423983531
BICD2	1.50716155783893
AC084219.4	1.50591701727213
PCAT6	1.50590780313487
ACP6	1.50575792413865
ZNF646	1.50550489162285
TAPBPL	1.50544840568419
AC137934.1	1.50505909444139
LCP2	1.50499565793561
HOXB2	1.50390452238346
UBE2B	1.50324464455132
ZNF296	1.5030066483898
KLRC3	1.50284791806346
PHF5A	1.50275008798426
RP11-70P17.1	1.50228516864389
GLE1	1.50222698575009
PPP1R9B	1.50198693612176
SLC25A1	1.50117489115273
SLC16A6	1.50108404704269
PIGQ	1.5002136351935
CMAS	1.49899329433162
ZEB1	1.49767738632842
MUT	1.49767218115777
UPK3A	1.49659898712532
GPR162	1.49547212412053
RP11-371A19.2	1.49500612468872
ATP6AP1L	1.49482702784886
HES6	1.49238923967958
RP11-214O1.3	1.49222357835103
TMEM140	1.49003210796233
RP11-445H22.3	1.48805273791211
SLC43A3	1.48799737480579
ZCCHC14	1.48672536866664
C4orf48	1.48607425423271
CSNK2A2	1.48578966513376
EXOC2	1.485108838656
CES2	1.48488755758238
RP11-574K11.31	1.48460357404474
GPKOW	1.48450190266064
ATPIF1	1.48433847390786
PKIB	1.48402059940951
WRN	1.48330603916826
INTS7	1.48055547100838
PIWIL4	1.48014194590375
CCAR2	1.4792095176515
MTRNR2L2	1.47917559915069
RTP4	1.47898135122319
CCDC83	1.4784898767847
MYO9A	1.47840560268106
RP11-379B18.5	1.47792357452701
TREX1	1.4776486162254
LYAR	1.47591392578572
MAP4K1	1.47536721252104
MTMR14	1.47468399982302
RP11-431M7.3	1.47418079370341
SLC2A6	1.47350200993885
EXOC7	1.47314717537645
TMEM176A	1.47266807481791
USP24	1.46982846122092
KDM5C	1.46979230082042
PEX2	1.46921436406226
RP4-620F22.2	1.46810775380875
SPSB3	1.46763200566437
LIMK2	1.46739802633292
ZFP91	1.46658468587257
GUCD1	1.46629818995049
MEAF6	1.46481261028533
BRK1	1.46404739916471
HIST1H4I	1.46364887990813
ANO9	1.46338701527692
SPEG	1.4621934535554
NUP98	1.46164518233445
RNF25	1.46152397949766
KIAA0319L	1.46105123031323
MILR1	1.46035939064969
ZNF808	1.45982956351312
RGS17	1.45932058757436
EMC4	1.45919826846734
ALKBH5	1.458856300323
AACS	1.45875551441397
ADO	1.45788354375565
POLR3E	1.45673471886808
PIGG	1.45575066303045
PHLPP2	1.45547394861663
VEZF1	1.45417217321399
CCDC3	1.45347417966793
CHKA	1.45251175704838
IRF9	1.45219972667962
WDR66	1.4511802066298
ZNF655	1.45016265977005
TMEM107	1.4501217900899
MED27	1.44941666918327
CHMP4A	1.44926003477266
WDR53	1.44654940592106
AMFR	1.44629019979919
RP11-89K10.1	1.44488046957465
RASL11A	1.44479925188232
ISG20	1.4444647119028
KIAA1524	1.44391918504976
SERPINE2	1.44384150610317
EXO1	1.44357475934452
MYO1G	1.44354764330397
DUSP14	1.44057679012462
RP11-14N7.2	1.44056726039917
VRK2	1.44056153621528
CCDC157	1.43955923723787
MRFAP1	1.439533412594
SEC13	1.43879528203379
FERMT3	1.43860553282756
MBOAT2	1.43613095861388
TMEM63C	1.43573394579999
GNS	1.43502879290603
CLCN6	1.43486395918908
SS18L1	1.43447966206964
CCR3	1.43347008727179
TLCD1	1.43177916988514
PROCA1	1.43033272992312
CTD-2349P21.9	1.42945202279511
PLD3	1.42744096433788
FDXACB1	1.4266642944689
RPL39L	1.42611695171403
HIST1H2AJ	1.42554165257117
OTUD4	1.42529966474463
UNC13D	1.42528392937524
CDC34	1.42315515382852
IL13	1.42302168718989
ASB2	1.42256786576214
MCU	1.42077952023031
LTBP3	1.42007403706205
PCOLCE	1.41988138215509
NDUFS1	1.41974118869438
NUP62	1.41910598259264
PHF12	1.41896523129228
FAM105A	1.41895115733746
LINC00996	1.41890989234111
OSBPL2	1.41867846018231
CAPN15	1.41855376050376
VIPAS39	1.41821907350242
CCDC136	1.41811926323027
FPR2	1.41777507590324
RP11-439A17.7	1.41660182706992
SLC35B2	1.41377403661811
SLC25A32	1.40969122648962
SLC9A8	1.40955923646486
ACOT13	1.40891502365758
LIMD1	1.40824354470855
ZRANB1	1.40814369576244
CS	1.40751754251148
CBWD1	1.40735497925213
C7orf73	1.40709165379017
CALCOCO1	1.40559184807808
NUDT1	1.40546045312281
SNX4	1.40521587535933
SLC9A3R2	1.40491446921205
CYTH4	1.4042559340976
RP6-91H8.3	1.40352759157642
GCC1	1.40284062608694
CTD-2357A8.3	1.40135496499428
ZNF213	1.40064176286276
STAM2	1.3989838612884
ZYG11A	1.39812579595098
NAT1	1.39786565382599
GBE1	1.39667809273943
SLC16A5	1.3962693381044
ST8SIA1	1.39606555180769
NPIPB3	1.39603962139857
SAT1	1.39570326305625
C4orf3	1.39554941806945
SNX14	1.39245205008777
HOXB7	1.39190207125241
SOX30	1.39187077470799
ARFGEF1	1.39125103432278
PARK7	1.39023214311666
SOWAHC	1.3894813803481
MORF4L1	1.38856645480136
COMMD7	1.38849590565138
EIF1AD	1.38815105379484
INPP5K	1.38721982667453
RGCC	1.38645460030713
SMUG1	1.38613363986498
ANKRD20A4	1.3856382761874
N4BP2	1.38550061241039
RNASE2	1.38457625889487
ZNF557	1.38321316682657
TMEM201	1.38294662242901
USP54	1.3827983988889
LY86	1.38260472149776
NLRP2	1.38141406005471
TGIF1	1.38130747519493
CCDC6	1.3803509255451
ANKS1A	1.37979306909174
TET3	1.37932385481287
TNFSF10	1.37868258240547
STX10	1.37786839736976
ERCC6L	1.37786692763464
RGL2	1.3772784315976
KLHDC9	1.37602347770031
TFDP1	1.37509915236781
RAB3GAP2	1.37417592260474
C1GALT1C1	1.37355479834217
PPME1	1.37341053301445
SWAP70	1.37179417531505
LINC00205	1.37107824333353
ATMIN	1.37036993001824
NR4A3	1.36900107896878
C17orf59	1.36888771008948
RP11-553A21.3	1.36845263220701
AP3S2	1.36836840096665
SRP14	1.36805289228272
AC090186.1	1.36743888484732
LRRFIP1	1.36739760560761
DCTN1	1.36604377270567
EFEMP2	1.3655303154509
MED18	1.36549977368364
OIP5	1.3650044186095
RP11-179B2.2	1.36300381835178
CHPF2	1.36145596650585
ZBED1	1.36053733043368
SDF2	1.36035543435255
PLOD1	1.3601642997246
MS4A14	1.36013622175865
AC018766.5	1.35988909823339
GPAT2	1.35986949864106
ZNF578	1.3598013566297
ADM2	1.35953292751632
ISOC2	1.3592400235691
CTSA	1.35724103286191
PGD	1.3568863754602
CD69	1.35651141070478
ZNF787	1.35647922399169
LOXL3	1.35631790625948
NT5C2	1.3551829181048
IKBKB	1.35315963011123
CARD8	1.35264416526972
SPAG7	1.35200013322183
RIOK1	1.35164839304282
LRBA	1.34999619300068
ABL1	1.34937055120583
NCOA6	1.34811393373167
PRPS1	1.34758410713922
S100A5	1.34734575547808
NPIPB15	1.34728082740187
MXD1	1.34726611452864
SORBS1	1.34699488889891
MARCH2	1.34311239030937
RBM14	1.34213885730556
CTD-2231E14.8	1.34108126986238
TCAP	1.33980885969636
DCUN1D2	1.33976049466148
ZDHHC2	1.33943664835869
IRF1	1.33609497931957
CAPZA1	1.33517461190587
SUMO1	1.33274247243919
LAMP3	1.33181590879479
RBCK1	1.33164939391507
DLEC1	1.33103402455022
CDK6	1.32850703402624
RHOD	1.32609641183212
ZNF571-AS1	1.32571823331798
UBB	1.32504036021361
CORO1B	1.32499674272184
ANKRD13B	1.32497932348982
MTMR9	1.32328614333529
RBM44	1.32267308940212
FAM41C	1.32199830690421
PLEKHA3	1.32109392241828
ETV2	1.3208143354541
CTD-2616J11.9	1.32019675596223
CSTF2T	1.3179800703261
BEST1	1.31748945765688
RP11-462G2.1	1.31732720566531
SLC39A3	1.31576111622674
SRCAP	1.3156194912777
MRPL22	1.31532241287164
DNAJC15	1.31406937626499
TRAPPC2L	1.31374776754749
EXO5	1.3130548581634
PDE3B	1.31302305659752
RP11-473M20.7	1.31283044587881
TAF1L	1.31237180099054
FAM76B	1.31230339689431
PPP2R5B	1.31214975189238
AGRN	1.30973152140324
MGRN1	1.30775649313934
RSU1	1.30727982115285
P2RX1	1.30695452352028
ZDHHC8	1.3060844184627
FTSJ3	1.304777849312
CTC-444N24.11	1.3043552002204
LRRC57	1.30177158018439
TOP3A	1.30002638212453
BCAT1	1.29974820120276
MYEOV2	1.29968019689004
STAC3	1.29962351742835
BEX5	1.29842749699406
TMEM206	1.29834900784151
LRRC37A2	1.29815967392187
SAC3D1	1.29769188532727
DSTYK	1.29763357446348
NMI	1.2970170577091
SMPD3	1.2970007619578
SRGAP3	1.29655408757904
AC006116.20	1.296548687697
MGAT5	1.29648273688928
DNAJB5	1.29647694105756
CHMP6	1.29645937620942
ZNF821	1.29590621388079
CD40	1.29556034615717
SSR4	1.29385098356538
CEP350	1.29364222892132
MGLL	1.29248744289761
DMPK	1.2863755931674
HIST1H2AH	1.28631051105969
FOXJ2	1.28576203125876
LARP1B	1.28561125243465
FOCAD	1.2854979370535
NUF2	1.28538490299307
SREK1IP1	1.2851283231327
RP5-991G20.1	1.28432648557406
RP11-1149M10.2	1.28320479050813
AAR2	1.28280649835035
CLNS1A	1.28264729251583
VGF	1.28174497611904
LAMB3	1.27993577100402
SLC26A6	1.27925947001192
HERC5	1.27918325880898
CTA-217C2.1	1.27899847728537
GDPGP1	1.27748534777131
FAM96A	1.27705345131255
RP11-98D18.15	1.27666883731769
AL163953.3	1.27627446122251
PLCB1	1.2759180238779
PPDPF	1.27507166564832
FAM136A	1.27493575910437
P2RX5	1.27465867960493
AURKB	1.27427947002511
CTD-2310F14.1	1.27406135941315
RP11-18I14.11	1.27370434942794
PSMB9	1.27307957502874
TOR1AIP2	1.27293271651397
SLC27A1	1.27256139456961
TMSB4Y	1.27251340429212
CALCOCO2	1.2722179904535
JMJD7	1.27155948090244
CNDP2	1.27147223792064
RHOT2	1.27105963380043
CD84	1.270544937714
SLC25A30	1.27047057978828
IDH3A	1.27026042084819
RP3-508I15.22	1.2696147664606
ATP13A3	1.26842877494755
ANKRD27	1.26767196873375
AP5B1	1.26726563067708
HIST1H1C	1.26690167161722
EFCAB14	1.26657919622973
TBX19	1.26573114899747
VPS41	1.26519854427751
ACAD9	1.26102054806662
RP11-20B24.4	1.26004311616119
MAGOH	1.2592950600203
C18orf54	1.25889878707929
KIFC2	1.25852373356031
SYS1	1.25849000363663
ZNF443	1.2583237886552
SFN	1.25708008191169
PJA2	1.255471110237
PTPRA	1.25421346904447
MYBL1	1.25378250275384
DCP1B	1.25208181823247
MIR146A	1.25084111424898
SBF2-AS1	1.25051925477164
ADORA3	1.2502608740445
PES1	1.24991869538984
HRASLS2	1.2490539126567
UBAP2	1.2487476068695
USP32	1.24803748459143
CSNK2B	1.24750436734405
IL1B	1.24734951801179
RP11-498C9.15	1.24696555231999
ZNF57	1.2466621128057
RP3-325F22.5	1.24663392538995
TBL2	1.24551833650914
RAB14	1.24308070644573
SAMD1	1.24281878144397
CEACAM4	1.24272191731098
KLK1	1.24272031188861
FMR1	1.24205618184328
NRD1	1.24080941046515
RAB8B	1.24032585177611
GINS2	1.23818525651077
OPA3	1.23809504985792
OSTF1	1.2380600915712
E2F3	1.23743646871513
DOHH	1.23726400772646
EMC1	1.23719916881989
SURF2	1.23680578928577
RP11-571M6.7	1.23631629563814
FGR	1.23588583020516
PKD1	1.2354408099492
TMEM231	1.2354107390603
COPS7A	1.23521965517562
TGFB1	1.23395962316468
SCLT1	1.23395011852693
RP11-732A19.8	1.23223664530214
AP2S1	1.23052960652273
MUS81	1.22983691491418
FAM204A	1.22974051543079
RP11-545E17.3	1.228841748834
KIF13A	1.22881660710431
OPHN1	1.228534035482
NDUFA11	1.22815643022488
ADAT3	1.22757738863578
HIRA	1.22688083398759
CLSTN1	1.22636986062417
WBP1L	1.2262939650954
DCDC2B	1.22506614215414
FKBP8	1.22344271527435
SYNCRIP	1.22124039309365
SEC24A	1.22013539072604
AC074212.6	1.2195688822991
ZNF654	1.21721125231401
GPR65	1.21702955873112
UVSSA	1.21631321248707
DDX60L	1.21569989491589
PIGU	1.21502729360068
TRIM8	1.21486994129424
ENPEP	1.21358035633077
AEBP2	1.21296875749178
MKI67	1.21246351960085
ZNF683	1.21228092429264
TMX3	1.21202378545138
TBL1XR1	1.21076597140502
CCR4	1.21009591088453
MPV17	1.20907298539547
XPNPEP1	1.20880526558939
LILRA4	1.20848917388267
PCNXL4	1.20826277328586
RTEL1	1.20812557133088
RAP2C-AS1	1.20736407792939
CTD-2583P5.1	1.20669602840157
RP13-20L14.6	1.20624808841954
AP1AR	1.20561704349219
RP11-6F2.5	1.20465360149075
FAM13B	1.20452435423308
ABCA6	1.20410328488011
JMJD8	1.20374580003744
HTATIP2	1.20350165517789
FAM167B	1.20284301164096
ATP13A1	1.20180913367393
TEX30	1.20165770575026
KLHL25	1.19996484737127
RP11-611L7.1	1.19980261498818
SH2D3C	1.19978441537866
SERF2	1.19826438417918
MICAL3	1.19824096915424
DLD	1.1967756338259
EXOC1	1.19676587356511
KB-1732A1.1	1.19561705376377
CNOT6L	1.195436536278
KXD1	1.19304187223162
SNX16	1.19282370156815
MCF2L2	1.19177928365303
ATPAF2	1.19167831810247
PIK3C2A	1.18947951239426
ADPGK	1.18938039184139
UPK1A	1.18886540897788
LIN37	1.18874625823725
HIRIP3	1.18827049603964
MRPL10	1.18699731815553
CTBP1	1.18596541167377
C12orf49	1.18553851636634
RP11-23P13.6	1.18514018248296
TADA3	1.18418047627942
CMC1	1.18390520551917
BOLA3	1.18321961598852
CPNE3	1.18270710168891
ZMYND19	1.18244617162916
MINOS1-NBL1	1.1818605715697
AC012314.8	1.18170378653337
SLC12A2	1.18147758253759
MED14	1.17990076636487
TMPPE	1.17966082453261
MRPS12	1.17962931929197
PER2	1.1790105906224
BUD13	1.17763304174133
TLDC1	1.17608434575955
TRIM65	1.17569056514185
CDK13	1.17513961056837
DUS2	1.17419119625119
TMEM110	1.17293533510396
GOLGA8I	1.17134943381718
PIGF	1.17077272759081
CYP20A1	1.17070803135455
C2CD3	1.17040254683413
SLTM	1.17002209278442
EFCAB11	1.16956231706571
SPPL3	1.16950685074767
RP11-486O12.2	1.16903564555398
KIF5A	1.16863759023512
OAS2	1.16722088222384
AP3M1	1.16571071171701
EGLN1	1.16423590626855
EDEM2	1.16413943812273
HTATSF1	1.16252960343469
MTMR3	1.16205314700659
AMD1	1.16165568478897
ZC3H10	1.16163845420444
FAM219A	1.16161171172287
ATP7A	1.16043294112679
ALOX5	1.16016496457582
NPIPA1	1.15896914610954
KAT6A	1.15865122289806
CBWD6	1.15816632929967
PSMD3	1.15741706254466
SFXN1	1.15739977906023
CBX2	1.15662225789095
AC004840.9	1.15659303034708
TCTEX1D4	1.15534471977952
TALDO1	1.15525493624841
SLC52A2	1.15452354128795
ZC2HC1C	1.15369866918892
INO80	1.15353162894703
SMARCA5	1.15174704450724
HIST1H2BK	1.15084231120571
RP11-649E7.5	1.14993685555654
TRPV2	1.14973698940424
TRIM62	1.1488159315097
PCIF1	1.14811599242281
SMG5	1.14808243353937
C15orf65	1.14742720384662
MTERFD3	1.14699432581094
CTB-47B11.3	1.14669670540143
ZFP57	1.14650720045761
PTPN18	1.14589100832287
CASC4	1.14474210872564
BCO2	1.14345567891933
UBE2NL	1.14329653431639
MGST2	1.14290785191346
KIAA1683	1.14042525457998
ELF4	1.13781104144391
RP11-254F7.2	1.1374142265768
SENP5	1.13726483037885
NME1	1.13517245848937
AP000295.9	1.13484359782537
RP11-9M16.2	1.13460668795127
ERRFI1	1.13353902858485
ZSCAN2	1.13350443389717
SLC45A4	1.13285450653971
DEDD2	1.13205665373202
TMEM60	1.13197388263326
RP11-485G4.2	1.13060773261421
PRKACA	1.13049001338675
TOE1	1.12908417319879
TMEM106A	1.12861468283223
FAM209B	1.12828975737641
KDM6B	1.12805566787316
TAP2-1	1.127795495706
PVR	1.12695575479846
UGCG	1.12519876108558
AC009120.6	1.12484553863996
ZNF250	1.12467541492092
ITIH4	1.12441989905457
NAV1	1.12363372024706
ZNF197	1.12358613524468
MBNL3	1.12358190371874
PPP2R1A	1.12055119287228
CTC-338M12.4	1.12053270522721
ECI2	1.12029038262426
MRPL12	1.11913813706787
RP11-782C8.1	1.11812918968464
SUPV3L1	1.11804061477376
BRD2	1.11789665252727
APEX2	1.1160154556791
BAP1	1.11445600279396
AGPAT9	1.1139121338599
TMEM102	1.11367339250367
LXN	1.11355085970757
PITPNB	1.11192591807872
CCDC159	1.11179188672691
IFT27	1.11029271220732
POLI	1.10998642500466
PDE6D	1.10844410530166
UBR1	1.10843867319192
ARHGDIB	1.10701956731818
IGSF22	1.10684713747378
TGM1	1.10613516920045
GDI1	1.10589494247277
MLK4	1.10460000123656
MBNL1-AS1	1.10437770921158
CLCN2	1.10373277926832
XXbac-BPG252P9.9	1.10363069403048
SMNDC1	1.10296227233338
DMXL2	1.10126310385327
CLUH	1.09897248675425
PDE7B	1.09726971550812
RP11-217B1.2	1.09690527851216
LRRC45	1.09596714117902
RP11-686D22.9	1.09552864468434
COQ10B	1.09483617316078
CLN3-1	1.09401429724807
CDA	1.09252959646032
UBE2Q1	1.08892535360511
MBD3	1.08842728107038
SHC1	1.08804098465
RP4-791M13.3	1.08759649684835
RRAS	1.08585172351733
EXT1	1.08434185298589
MED4	1.08395398025279
RAP1GDS1	1.08348708267431
PANK4	1.08247740978697
FICD	1.08227700659016
TGFB3	1.08122507806342
TRAF6	1.08118942259031
RP1-151B14.6	1.08016220417185
CPSF1	1.07992971183004
IRGM	1.07917347900708
SMG1	1.07916822135442
PPFIA3	1.07899959928208
SAP18	1.07896781055458
BIVM	1.07700977172451
B3GALT2	1.07539774289745
RDH11	1.07481754851767
JHDM1D-AS1	1.07378477368259
CHIC2	1.0732946960603
KCNE3	1.07295149364985
SH3BGRL	1.07265531718363
KDM5A	1.07259895861329
IPO9	1.07164750094065
NPHP1	1.0702574241763
RP11-875O11.1	1.06923529707496
FBXW4	1.06722821055107
MDH2	1.0670864174472
PRKD2	1.06691931438305
IFT57	1.06685183641415
TMEM70	1.06553817801829
AC040977.1	1.0652714414692
VPS28	1.06402153721646
PBRM1	1.06315324414836
CCDC28A	1.06254345282372
BANK1	1.06158105736273
SELPLG	1.06117559448045
FAM110A	1.06053768175139
STX8	1.06044343322862
TMEM19	1.06017823867371
ZBTB4	1.05939429259071
MSMP	1.05931628472075
STK36	1.05914556418413
GAB1	1.05913159140837
RALGPS1	1.05895914458654
NDUFS3	1.05826811565066
TULP2	1.05821280501387
MESDC2	1.05760307129903
HK1	1.0574115650335
PSMB5	1.05633801815627
MRPL27	1.05618696573936
CTC-490G23.2	1.05615219799286
RP11-433J8.1	1.05568834554503
CDC42	1.0552193268042
CTD-2012K14.4	1.05476734845522
HCN3	1.05472626631392
RP11-95D17.1	1.05365050708602
FAM209A	1.05317134241877
DDX46	1.05188359023151
RNF13	1.05090722834237
KIAA1033	1.05077480642317
KLHDC7B	1.05016126808326
MPHOSPH6	1.04994220714295
XXbac-BPG181M17.6	1.04845618239229
VDAC3	1.04823005105765
HOXB4	1.04774229077321
ACSL3	1.04746172137797
PIP4K2A	1.04636945383045
RP11-540A21.2	1.04616693375427
CXorf57	1.04601978064728
CISD3	1.04542978725636
CTC-507E2.1	1.04489540650329
GNGT2	1.04484518872541
STK17A	1.04457610284433
SF3B14	1.04454506627076
SPC24	1.04381314690247
NBPF8	1.04229574593626
CRYL1	1.04158487801245
CBWD5	1.0412004496472
BFAR	1.04077003879801
UBXN4	1.0400713350838
CTD-2006K23.1	1.03944809861072
WNT10A	1.03919612424867
CTD-2288F12.1	1.03705115582669
HAS3	1.03624943336206
USP37	1.03618921786771
RP11-228B15.4	1.035531420446
SF3B2	1.03414375453685
RHBDD3	1.03318743122676
CTB-43P18.1	1.03006549686545
TNFRSF19	1.02966430721791
BMS1	1.02942740984283
NCF2	1.02924388558531
CTD-2044J15.2	1.0285069017999
OTUB1	1.02819654586026
GIGYF2	1.02746075865853
SLC16A4	1.02739298284385
RAB6A	1.02603135727554
CYP7B1	1.02575149902252
RP11-134P9.3	1.02574192593695
SMIM7	1.02389540018057
SEPN1	1.02369354659114
NBPF11	1.02332665293785
WIZ	1.02326606838209
SYNGR2	1.02261496224058
PRDM11	1.02196267321761
WDR19	1.02134380198721
TSC1	1.02109692396531
PKD2	1.02085192288887
CTC-523E23.1	1.01911525189642
RP5-966M1.6	1.01907326877966
ENDOD1	1.01866053155102
FMN1	1.01853250880895
ZFR	1.01777330648092
GMEB1	1.0175824039244
C1orf85	1.01675847765051
AP000704.5	1.01526660179988
DBNL	1.01499750143522
RAB12	1.01487726899377
AKAP8	1.01376275645009
RP1-117B12.4	1.01371011925195
RASSF7	1.01128436103008
UTP20	1.01118323232567
RP11-484D2.2	1.01051079973542
THOP1	1.0090473615048
KANSL2	1.00900474714662
ACSF2	1.00845139596004
APOBEC4	1.00834763231688
PDIA6	1.00760079333068
CCDC125	1.00719682134045
SNX17	1.00709523919012
ISY1	1.00618995622803
GTF2H4	1.00470852280692
UPK3B	1.00398586066365
KMT2C	1.00376319004875
ANKRD42	1.00227139766936
LINC00877	1.00225455963203
SLC4A11	1.00194367445731
ZDHHC9	1.00153506777279
MCC	1.00106359657949
MEX3D	1.00061197017276
ETFB	0.99987897654373
BLOC1S3	0.999647871713845
ATP6V1C1	0.996585462655265
ZFHX2	0.995739748695383
C14orf182	0.995310878696973
OTUD5	0.994636790786726
VPS11	0.993698870023405
USP45	0.993262422049906
ALG1	0.992956537302544
POLR3GL	0.992661769006449
PPP1R10	0.991330506614216
TAB3	0.990419258934437
NT5DC3	0.990089801448233
LIG4	0.989148287201123
ZNF530	0.98893487365645
STAG3	0.988409271863167
YIPF6	0.987682387415885
SGOL1-AS1	0.987108031717736
S100A12	0.986214421269912
TMEM184C	0.986010806540585
C1orf74	0.985744013152729
TRIM58	0.98360910386572
RN7SL1	0.981546331983319
MESDC1	0.981405327572178
ZNF805	0.979476359445383
SOD2	0.979021668986729
ATP5C1	0.978818424098659
CSRNP2	0.977568993230316
MAP3K6	0.977516090385981
GBA2	0.976946500695555
TCF20	0.976129876266106
MLYCD	0.97531606291256
ATG13	0.974605544409663
C18orf56	0.974297452304649
PALLD	0.972900654240038
ZFP3	0.971849850841161
ZNF592	0.970213000818986
PDGFB	0.969954612764065
NAA38	0.969619069502388
CTB-58E17.1	0.969443074180204
COPS3	0.96905966993722
ARPC5	0.966656625414898
BCORL1	0.966022513315609
RASSF1	0.965738230889432
ABHD17B	0.96559460155429
C9orf38	0.965410435051599
UBR5	0.963688777249403
GPR27	0.963465309238108
CCDC93	0.962259420907633
ACTR1B	0.961687518828056
FN3KRP	0.961674223588313
ERN1	0.960499783538091
MTRNR2L9	0.960250022065741
CDAN1	0.960237268297739
DONSON	0.95987121013298
RP11-774O3.3	0.959737611996101
ZCCHC8	0.959590207560392
DCAF7	0.959552509541164
PIGB	0.959226502046332
C5orf58	0.959174230548181
KIAA0196	0.958415781852434
GPR52	0.958119234630203
LEO1	0.958092878886687
UHRF2	0.95782547114464
DMC1	0.957622949802255
PLGRKT	0.956584328202842
RRNAD1	0.956556595778102
LIN54	0.956454388794754
HNRNPAB	0.956265530717177
AZI1	0.956060230943658
ARID5B	0.955818234689425
AC020571.3	0.953725361704771
TIAF1	0.952052662076384
DDX59	0.95120165493067
ZNF649	0.950183367398084
SPA17	0.949655778389331
UROD	0.949481498437861
BGLAP	0.948626996665351
RP11-360L9.8	0.948456123102942
LAMTOR1	0.948441448162589
NDUFA4	0.948239564584783
UNC5CL	0.947582399835543
ETS2	0.947526555720921
C20orf201	0.94690198430623
RP11-175O19.4	0.94681400707665
HSD17B12	0.946463212352917
AC008753.6	0.946309448982334
AP3B1	0.946016232322967
CD200R1	0.944295391966193
RP11-20I23.8	0.943548568011988
GLRX3	0.943437787549419
GMPPB	0.94305193170432
BBS1	0.942084142955227
KIF21B	0.94118389247462
DCLRE1B	0.941173482237043
TRIM22	0.939678594512412
ANK3	0.939285512505599
RNF220	0.938164214539313
SMIM15	0.937851605663014
RP11-734K2.4	0.937663065995113
PDE4DIP	0.936895659171515
ISCA1	0.936643252531679
CXorf21	0.935930430244494
SLC25A17	0.935006281168438
FAM118B	0.934799466444687
ATF2	0.934391773213546
H1FX-AS1	0.933356278932198
RP11-617F23.1	0.932906128685157
RP11-446N19.1	0.932798820176955
ARHGAP1	0.932383530811581
KIF9-AS1	0.931907401365926
PSMD2	0.930378342035875
ZNF611	0.930197172720791
PSME1	0.928967736461912
IRF2BP1	0.928785305787842
ZDHHC24	0.928494540410945
VPS35	0.928315096948609
SRCRB4D	0.927054691144571
CHN2	0.927026673089815
ELAC2	0.926245032539793
NUP205	0.926071714282048
RP11-158M2.3	0.925528414149069
C5orf54	0.925289724560852
KIF9	0.925092847894858
PLEKHG3	0.92494937471905
NLRC4	0.92374700005953
ITPK1	0.923529935445444
DYSF	0.922964351918413
TBC1D20	0.920404151734468
RGS19	0.918479636424735
TGFA	0.918078013086531
MEGF9	0.916635410388901
SGPP2	0.91544646466026
SEC22A	0.915118438044476
CNFN	0.912140691832579
LAX1	0.912065482484214
RP5-1085F17.3	0.91040816831909
CCNH	0.910224386295669
TRAPPC3	0.910053110475872
RP11-802E16.3	0.90931637828155
CIB2	0.90855863958007
DHX57	0.906895457058398
SLC25A4	0.904518412988288
PISD	0.903720967872287
STRAP	0.903183981100817
PAK4	0.90292485227986
C1orf21	0.901919513262294
VARS	0.901820578471647
TAB2	0.900961474724551
R3HCC1	0.900451546878838
HIST1H2BO	0.899595379708389
TTC33	0.897926881703466
TOMM5	0.897718778190424
ACY1	0.896385668452324
CYP2D6	0.896347088009789
RP11-739L10.1	0.895040121520888
PAG1	0.894550856196392
ZC3HAV1L	0.894277874344952
MET	0.892753255059758
SPATA24	0.892273193813879
USP6	0.892007806494415
WDSUB1	0.89102363861587
CDK14	0.890315734952398
RASGRP1	0.889511790153401
PTDSS2	0.888349882672529
NCSTN	0.887071309498486
NOP9	0.886143320516162
TTF1	0.885675569088047
CTC-459F4.1	0.88529772499105
TRMT6	0.885170358104642
PRADC1	0.884586763178626
IL3RA	0.883765569892506
ZNF780A	0.883570111029526
NDUFB6	0.883305015947506
DUSP12	0.882693996863675
SLC38A9	0.882347795537575
MRPS22	0.882299660539666
SNRPB2	0.88223673969816
WDR26	0.881457818552496
LRRC14	0.880075192018222
PPP2R3A	0.879535365767637
PFDN6	0.878744135044111
METTL21B	0.877928133743094
ZNF526	0.877131849647073
PPM1F	0.877034657885852
SLC35F3	0.876804413238955
RP11-793H13.10	0.87600481787372
E2F4	0.874272779776545
S100A9	0.874002113787703
MICALL2	0.87364160133451
GANAB	0.873553370271291
CUL3	0.872290140129782
TTC39B	0.871939731113402
SCRIB	0.871728661825902
LDB1	0.871573857936982
UBXN2A	0.870920088736636
SLC25A29	0.870245200250389
MIPOL1	0.869760376947355
RP11-661A12.14	0.868750834802606
LSM11	0.868584142912955
SLC11A2	0.868498399785068
SGTA	0.867644792986579
LINC00504	0.867060810547019
RP11-347C12.10	0.865130258426381
KLHDC10	0.864398580342773
SYNJ1	0.864088115947519
ZNF570	0.863871806107711
SENP7	0.863736701452843
LINC00342	0.863154914104943
STRN4	0.863028873763071
RGS12	0.862418640348756
PSME3	0.860196938194959
ESYT1	0.859327545635062
RP11-127B20.2	0.859275511057511
NUDC	0.858602846999878
KIF27	0.857677309949487
MRPL33	0.857492275905921
ATG2B	0.856980274708775
YTHDF1	0.856665826830981
LINC00657	0.856309007589045
GDAP2	0.855771293929047
CCZ1B	0.855675483781838
IL10RB-AS1	0.854477466108585
OSBP	0.854215272505058
B3GNT9	0.85385289737665
BCL11A	0.852902789818593
TMEM141	0.852256685255763
RASGRP3	0.852071350621231
CXorf65	0.850535125598286
GNPAT	0.848333884607964
AL357673.1	0.848080389431694
C3orf62	0.847043863090666
VSIG8	0.846324856982678
CCDC142	0.84535949242419
ATP5B	0.844483724369708
POLR2E	0.844340656823471
SCRN1	0.841519813707274
RSRC2	0.838963689421301
PXDN	0.838409438548307
VWA9	0.838365377039219
TAF10	0.837666562805698
ELK1	0.83751026163306
SETD4	0.837371559037
CD5	0.837261316643537
BAZ2A	0.835683210758778
SAMM50	0.834411457918321
RFPL1S	0.833400266267262
LSM14B	0.832869826080992
POLN	0.83277343028915
RP11-548H3.1	0.832204495670989
WDR20	0.831902584161503
CFL2	0.831855803161602
C10orf76	0.831300566551087
ZBTB32	0.830672350214244
ANKRD23	0.830586967874149
DHFR	0.829362821413381
PCBP1	0.828633695775965
SIRT3	0.827045972514846
COMMD2	0.826401112058019
ELP5	0.825499727125857
RP11-325L7.1	0.824503189895079
C8orf82	0.823539461689694
AC016586.1	0.822171829297917
NDUFS8	0.821952461901971
MVK	0.82131593269093
NUP214	0.821197145777358
SRSF3	0.821037606701253
PLAA	0.820932076175189
SPAST	0.820924888496758
MNAT1	0.82020175288064
USP16	0.819502579908779
SMARCD2	0.819377207567981
CDK3	0.817656528628029
TSR3	0.816666918639081
MTPAP	0.816330569635624
RWDD4	0.816265210603527
ERCC3	0.816261739012915
C6orf201	0.815899265446098
MPND	0.815758415435661
TNK2-AS1	0.815489565951978
KPTN	0.814577378161153
CHST10	0.812170094898947
ALDH3A2	0.811303799435315
EHHADH	0.811171185248381
SEPSECS	0.811163515370253
ZMYM6	0.810923141437924
DDOST	0.810481246956293
DHRSX	0.810195466758211
BEX1	0.808489812848989
LGALS9	0.807570909075492
HGS	0.806968118274237
MAPK3	0.806929456702877
ZBTB6	0.805677793086469
C4orf32	0.80429884276974
AC006942.4	0.804182704776205
AC016831.7	0.802125852874576
SOAT1	0.801697283483961
SF3B3	0.80153101719834
CHST14	0.800891727844802
KDELC2	0.796924664783144
NPC2	0.795420650051475
C1RL-AS1	0.794952254956665
TLR3	0.794779216000444
ZBTB45	0.794762022476385
UBN1	0.794396749272993
CTDSPL2	0.794370136242574
ZMYND10	0.793233983403409
AC093642.3	0.793164327558818
RP11-685N3.1	0.792634955476
DHRS7B	0.792071585167745
RAB9A	0.791780208052638
RP11-112J3.15	0.791556833876448
UBTD2	0.791440824520553
CPEB4	0.790963412071815
RP11-326C3.7	0.79080204018804
KDELR1	0.78937895419255
PNKP	0.787826684074826
WDR46	0.785071130633522
STRN	0.783502466835627
SMTN	0.782739097254708
GLS	0.781555034686075
ZNF615	0.779958405847511
IMPA2	0.779289076891148
RP3-508I15.21	0.778211936195167
ITGA4	0.777892620104439
ZDHHC3	0.777051966429937
SLC20A2	0.776826367424831
PIEZO1	0.776799048777943
DKFZP761J1410	0.77591387296479
RFX1	0.775472059735098
POLRMT	0.774995134280152
NEURL1B	0.774765096996872
WDR91	0.773258009159265
ZCCHC17	0.772135754654442
HYPK	0.772125941576463
RP11-239H6.2	0.771896377375218
RP11-1399P15.1	0.771884385654503
RP11-135A24.4	0.771476336830657
CCDC11	0.771265498781159
FHL1	0.770239524094549
CLCC1	0.770046768785814
IDH1-AS1	0.768667496647945
JMJD4	0.768039944740689
PHF8	0.766812218303631
AMER1	0.765651522642714
ACTL10	0.764251885115386
CBWD3	0.764213341718995
AP001469.9	0.763864292146559
GBA	0.762070508637933
ZNF732	0.761985079929364
RP11-539I5.1	0.76150757701356
CTNNBIP1	0.760802013270638
PIK3CA	0.76037892804441
AK3	0.758852183789983
RP11-532F12.5	0.758743024084186
FPGS	0.756736103486746
TPCN2	0.756550160032895
AMACR	0.754737692981799
DNAJC28	0.75425086893648
BAZ1B	0.754117856187002
ACBD3	0.753989339571176
CEP57L1	0.753906391406094
LMBRD2	0.753116456891045
AC079922.3	0.753022584349714
SEC24D	0.751828418279211
PPP2R1B	0.751827780461755
PPP1R8	0.749879174223394
NPIPA7	0.749579819062615
CTCF	0.749277172155899
TBC1D13	0.745816470714538
SUGP1	0.743604244061568
FOXO1	0.742649145401638
ZNF672	0.741366905676844
SYMPK	0.73973736698667
EVI5L	0.739702216568428
ZNF335	0.739606710768418
SNORD3B-1	0.739529042469597
ZNF384	0.739370107730774
LRRC46	0.738868495132702
KCMF1	0.738435269743001
ATP1A3	0.73842441543868
ZNF567	0.737545878642453
HDGFRP2	0.737435921548909
PARP1	0.735833767202572
INSR	0.734886018975425
DCBLD1	0.734074672635896
ZNF225	0.733571676985122
SLC36A4	0.732427288286698
RP11-452L6.5	0.731340277335208
MIR302B	0.731217558822842
GTPBP6	0.73104021913989
SNX32	0.730793295327717
ZNF790	0.728779614918862
TMEM64	0.726963610046881
ATXN3	0.726251573773819
RP11-367J11.2	0.72553664409781
CDC5L	0.725094944726908
APBB1IP	0.724013957732871
CTAGE5	0.723128095664187
AFTPH	0.722612198732486
SNAP23	0.722333220118626
CD46	0.721869287124277
NELFCD	0.721336444293105
SKIV2L	0.721075156343471
FAM3C	0.720992116613605
SUPT16H	0.720629668832341
UACA	0.720590371675792
BIRC2	0.720193591496396
GFPT2	0.72010230977861
RP11-160H22.3	0.719035638625466
AMT	0.719020826560302
RP11-805J14.5	0.718574202920873
SMPD2	0.718370396753501
MAML1	0.71771005522535
GPR75	0.717120698117848
EMD	0.716911448534555
AGO2	0.716744538049448
KLHL42	0.716603329461165
ATG7	0.716435903525963
MT1G	0.714977763133232
GOLGA1	0.713025524924445
CTD-2547L24.4	0.712697390790371
GTF2I	0.712322452297138
ANKFY1	0.712175792960396
RP11-426C22.5	0.71209828242683
TMOD2	0.711944662436381
LRP10	0.711515940104874
NDUFS2	0.710522631800662
IQCG	0.709911553542652
RP11-612B6.2	0.709316867130672
GPBP1L1	0.709052860037804
MSL1	0.708668234248912
HDX	0.708151523789638
CYB5A	0.707440180005513
RAD23A	0.707322100937679
CCL3L1	0.706931777710314
RP11-489E7.4	0.706680334343346
RP4-784A16.5	0.705443555815457
DDX41	0.704677798409277
MICB	0.70386516089056
STRADA	0.703005179507067
RPN2	0.702972348299547
RP11-166N17.3	0.702907090783063
MIR29A	0.702748610208844
SGK223	0.701933019164006
QSER1	0.701679871473578
ELP6	0.701490175550419
VPS29	0.701363388050497
HNRNPUL2	0.701270488231919
MED11	0.700923960874654
PI4KA	0.700823441609387
ZNF569	0.700191527540484
PFN1	0.698887926135999
SLFN5	0.694598376470368
ZNF528	0.694447632892376
HSPA13	0.69433181917281
AC007620.3	0.693655618144462
SLC22A18	0.691749878056688
FAM160A2	0.691402969363838
DAZAP2	0.691363200601909
SLC23A3	0.691235520047319
POPDC2	0.691199613404612
WDR81	0.690977234163098
HM13	0.6907978625504
MIER1	0.690065687855801
FAM221A	0.689897046970503
RCOR1	0.689430661086445
ARL4D	0.688590473297535
KLHL5	0.687296737035927
B3GALTL	0.687228915425864
PDS5B	0.686769773499165
ZNF480	0.686591899993904
SNIP1	0.686373000473738
HLTF	0.686336873242511
ANAPC2	0.685014829836153
PRDX6	0.684731012822218
INADL	0.684561759637209
ZFP30	0.684293305403209
SEPT4	0.684217234157183
RP11-458D21.5	0.684178120026775
DNAJA1	0.682972450701699
FBXL13	0.682488123987952
LETM1	0.680660026096387
ZNF283	0.67825172327474
PKP4	0.67757173273873
NOS3	0.677089168155883
CHMP3	0.676821055602291
MRPL53	0.676742403146888
FEM1B	0.676692479050842
KIAA1009	0.675691470493706
FAM160B2	0.675313737432273
ZNF134	0.67495468709235
ARAP1	0.673656235387432
EWSR1	0.672467307226096
HERC6	0.671784172246807
PTPN11	0.671725491766857
ARAF	0.670531547143723
ZDHHC14	0.669775649009497
COX6C	0.668757474603644
NBPF14	0.668657036666727
EVI5	0.668398201477992
GBP3	0.668323131853822
RABEP1	0.668262881733693
TRAM1	0.661535455763831
COG7	0.660687427685912
TDG	0.660029198226794
MYB	0.659971801042677
PRKCI	0.659827584288151
IGJ	0.659523635796923
NUP85	0.657619273375395
IDE	0.657335422078845
FKBP3	0.657298642431681
ZNF701	0.656790200697502
CASP1	0.656556344787222
CEP128	0.656495637438327
GPR82	0.6563798367725
CATSPERB	0.65436092138642
ENPP3	0.653992261496313
GON4L	0.653989870111142
C14orf1	0.653688818270617
RP11-47I22.3	0.652893231365813
C5orf15	0.649575062450504
FAF2	0.649281015415208
RNPS1	0.648495715403123
CIPC	0.648063510618819
GSTZ1	0.64805218365185
FAM193B	0.646600373036694
WASL	0.646106524751829
AVIL	0.645793655617351
PRMT1	0.645773716707004
NTNG2	0.645771298148962
PODXL	0.645712227112121
ADCK5	0.645697953929923
RP11-506M12.1	0.645368096287751
CWF19L1	0.644314490476084
RPS6KA5	0.643398071230584
ALDH1B1	0.642865096029209
UBLCP1	0.642841565672585
RP11-1407O15.2	0.64239776584527
USP34	0.642145673607627
TRMT112	0.64209005594168
SLC25A22	0.641592335898189
POLR1A	0.641519702606669
AFF1	0.641300446701802
ARPC1B	0.640001974633742
USP27X	0.639514499104762
USP42	0.638619872118512
CLTB	0.638484596586486
HAUS6	0.638123872722134
PPP1R12A	0.637689844866659
FBXO38	0.635550623914022
F5	0.63441554855417
HELZ	0.63374298230666
ARL6IP1	0.633586373927172
SIK2	0.633546814814367
NDUFC1	0.632464353772202
BICD1	0.632262191646621
RBL1-1	0.632140843398347
RP4-669L17.10	0.631661754490291
CTB-119C2.1	0.631021746205518
DCAF13	0.629791249759243
ZNF624	0.629531679237332
LTBP4	0.629296146590976
ANKMY2	0.62851608505341
PAIP2	0.627950012011851
ZNF251	0.627853769707957
BBC3	0.627250002547678
NPIPB5	0.626463973777281
GAN	0.626288400346714
SRP19	0.625844008875634
PRPF40A	0.624775366736981
ANKRD52	0.624242111882087
RAB11B	0.624241748691534
DDX43	0.624193494832596
SUZ12	0.623489106263544
LRRC37A3	0.623191076006826
KLC1	0.622335855400041
INO80B	0.620737445355916
CP	0.620637806400513
AIMP2	0.620143407852994
DPM2	0.618191255156623
FBXL18	0.618073059760988
TRPM7	0.616228936478835
PBX3	0.615588826310199
PAQR3	0.614859133094927
DGCR14	0.614629017779055
RP11-69E11.4	0.614194804086252
C11orf54	0.614172434306076
UFC1	0.614141093419141
DAK	0.613635876121995
BUB1	0.6136133229489
D2HGDH	0.613228275436907
SCFD1	0.612870146751209
NDEL1	0.612411672378805
RBM7	0.611974581876082
SPCS2	0.611562091233633
UGDH	0.611287087120009
POLR3K	0.610017969707602
TRIM41	0.609460446808303
FKBP5	0.609139267480309
IDH3G	0.608319663888364
KBTBD4	0.608084112568418
C22orf39	0.607540405344474
NUFIP2	0.606067682050763
CDT1	0.60555577414433
TAF1	0.604970967483878
NSUN2	0.604325780082242
ZNF461	0.603960764588323
XRCC3	0.603260544531119
FBXO42	0.600961873899044
SMARCA5-AS1	0.600864245932675
ZNF25	0.598495381766795
PIK3CB	0.598425188571051
NPL	0.598272769999812
MKNK2	0.59778528530444
C6orf136	0.596695399327192
ZWINT	0.594609187838842
PPT2-EGFL8	0.594536117628139
SPECC1L	0.59427867532938
RP11-690G19.3	0.593848994811524
DNAJB12	0.593607551722439
ARL11	0.593052498511689
HMCES	0.592601345599113
RTDR1	0.592563017617795
CHD8	0.591601726945765
ZC3H12D	0.591448400517411
LZTS3	0.59049253572418
TMEM258	0.590033857245613
CCT6A	0.589832980947184
SASH3	0.588985339847841
C4orf47	0.588604832737166
PURB	0.588004866369205
S100B	0.587866604695971
RAD54L2	0.587586841994561
SREBF1	0.587136523274854
DIAPH2	0.587109530705819
RP11-98D18.9	0.586797790256875
AC027601.1	0.586765871267598
RNF139	0.586622506163513
JAGN1	0.58638766195086
KDM7A	0.585964332725229
DR1	0.585645149239998
SPON2	0.585064608881585
TBCE	0.58481458337314
PCGF5	0.584761845748109
DPP9	0.584450092145084
CTPS2	0.584341412272824
MDC1-AS1	0.583026530385332
PGM2	0.581129414252713
CUZD1	0.580054226598701
PCBD2	0.579946627981547
RP11-96L14.7	0.579019365041104
SPG11	0.578368607058637
ADNP2	0.5765448305054
RBM23	0.575893275761798
FZD6	0.575874439711422
PPP1R26-AS1	0.575189846407013
ZNF222	0.574252399793417
C14orf142	0.572994640522651
CSNK2A3	0.572165642885437
NR1H3	0.570799631321534
FAM168A	0.570479269312596
MEF2BNB	0.570351644395957
STRIP1	0.570286540637247
SPRYD3	0.567726157770833
FBXW7	0.566381013855233
ZNF620	0.566121426878457
ATRN	0.565558106441941
SUDS3	0.562807052528657
SNX1	0.561952664012456
SPEN	0.561685013099942
SCAMP3	0.560455944787259
CTC-505O3.3	0.560401830842235
VAT1	0.559076652068004
NDUFB3	0.557979773437524
C21orf59	0.557078570830077
PLCB2	0.55621437194055
MED7	0.555912720361333
PPCS	0.555553130680063
LA16c-358B7.3	0.554409596638027
RP11-90P5.2	0.554202529780292
PLEK	0.55376918951731
EIF4H	0.55307277668332
CLPB	0.551974295772724
RFX3	0.550275217109672
GMFG	0.549839262550907
SLC39A9	0.549162268716075
ADNP	0.549018342810626
TMEM178B	0.548688789454021
KLF8	0.548647366450149
CTRL	0.547882957499546
ZNF347	0.547837353255239
DHX9	0.544120221044662
ZNF778	0.543491851309185
RP11-119F19.2	0.543283432031264
RBL1	0.543243465742115
CITED4	0.542612134699246
PINLYP	0.542027728914069
GALNS	0.541445881963823
ARFGAP1	0.540924490930555
TAF11	0.540641468206577
EIF5	0.540631116107526
CLMP	0.539568285539671
SNORD3B-2	0.538727781840709
IER3	0.538270872872292
LRCH3	0.538263357535219
TES	0.537690819665763
HEATR2	0.536970839181368
SYPL1	0.536264912411007
AC009133.12	0.536231610174402
PGBD1	0.53583057056317
ECI1	0.534734096939741
RP11-973H7.1	0.534208547428441
C16orf62	0.53272256987231
DCAF12	0.532614293464495
CYP4F12	0.532576849600536
KIAA0754	0.531140822409077
EDC4	0.528975048694028
BAG6	0.528636297762311
IPPK	0.528609918182568
BCL2L2	0.527320121936989
GYS1	0.526778536237206
RBP7	0.526775248422288
C21orf67	0.526649104115061
CTD-2047H16.4	0.526438082982046
RP11-455F5.3	0.526338149735459
PDE9A	0.526060444623711
SUV39H1	0.525876850265089
LINC01058	0.524290485992896
SRRT	0.523482204205912
NEDD8-MDP1	0.522766463084718
EXOSC3	0.522442498302539
CELF6-1	0.519516209601733
KBTBD3	0.519465085533798
RNF123	0.517929965450404
CTR9	0.517649179825355
HARBI1	0.517575409278732
ATG12	0.517285075353572
PKIG	0.516762629913394
CCDC77	0.515371769370785
RP11-506M13.3	0.514775354036268
MLX	0.514597302578302
PTK7	0.513932752018255
LINC00264	0.512224368913069
KCNC3	0.511846399923645
KIAA0586	0.51177982722636
SNRPD3	0.510732107330457
EXOSC9	0.508340738562312
PFKFB4	0.50833414094638
SRSF9	0.506717851175806
CDYL	0.506606796704142
RP1-30M3.5	0.505407960836015
GIT2	0.504520169380128
AC011247.3	0.50451775300109
ZNF549	0.504397847571944
CTC-487M23.8	0.503632463741037
HCLS1	0.50330954984664
NUGGC	0.503211521334447
BAIAP3	0.503187863719315
GMPPA	0.501760278763067
TVP23B	0.501219379313272
AC120194.1	0.501168641845867
WWP2	0.500309790356887
LINC00896	0.498647196295213
ZBTB9	0.498007046978545
ARHGAP27	0.497651858218204
RAB4B	0.496982068124571
JPH4	0.495966453014188
ABCC11	0.495728682166299
AMPD2	0.495485867743149
CTU2	0.494622679482044
DAPL1	0.494221015499644
CYP1B1	0.494044657953287
PSTK	0.49302197751674
GOLGA5	0.492122087282983
BMP4	0.492079968780304
CD6	0.491593360723142
ANKRD6	0.49126554865424
EXT2	0.490834153670281
RANBP1	0.490430368732581
GSAP	0.490146344226256
ZNF829	0.489450685373747
AC109333.10	0.489040890275945
FAM86A	0.487947944703303
PSMB8	0.487791051263153
NFE2	0.486701268315171
CRYGS	0.485828693108789
NUP188	0.485397323707894
PEX5	0.48523891870144
MED21	0.485057529068843
AIP	0.48431037623764
RPEL1	0.483899965298399
SNORD3A	0.483877367505449
C1orf53	0.483651077577336
CHEK1	0.483561193083298
RP11-335O4.3	0.482756883380972
RP11-66N24.4	0.482744552760321
CCAR1	0.482407747731338
RP11-499E18.1	0.482076716238926
RP11-542M13.3	0.481306900237225
HSDL1	0.480970663728867
RAPGEFL1	0.480901946988546
HPS6	0.477592178238272
SDHB	0.47700755227856
SMARCC2	0.476641460970858
SOCS3	0.476602045667795
TSTD2	0.476169501490789
ETFA	0.476013743920106
PINK1-AS	0.475973847319148
RP11-546B15.1	0.475791198094725
TCP1	0.474314972638946
CFLAR-AS1	0.474181715730118
CIAO1	0.47401909966947
CTB-41I6.1	0.473842355179116
C16orf72	0.472911528537024
ACTR2	0.472765139136506
STAMBP	0.4727278071059
LENG9	0.472179648457863
PDCD6	0.471806512029796
RP11-838N2.4	0.46936669695119
ATP6V1C2	0.468254401819843
DDX49	0.467737907104024
SNAI3-AS1	0.467021640741797
VEGFB	0.466824573473352
DAGLA	0.466741006654075
ZNF180	0.466491554404709
OPA1	0.466389063764014
RP11-483I13.5	0.466052193454571
RP11-644F5.10	0.46472434566889
SNORD3D	0.463972243535632
ZBED6	0.46360280221398
PPP1R11	0.462219064586813
PROK2	0.462056197944197
TMEM191C	0.461536586289236
BNIPL	0.460783042078816
CLIP4	0.460617665648758
NDUFB10	0.459432781690184
CAMKK2	0.459410408447081
ZGLP1	0.458552031664123
RAD21	0.458028679861572
LA16c-431H6.6	0.457667249895717
RP11-34P13.7	0.456729708506344
VASP	0.45662249762363
CLCN7	0.456250135347177
ZNF574	0.455245562383898
IQSEC1	0.454435300421785
RP11-401F2.3	0.454313034717718
DEPDC1	0.453939785781611
SMG9	0.453044391999854
TEPP	0.452828783587972
PFDN1	0.452792767057281
CTD-2013N24.2	0.45202866281869
SPEF2	0.451593327326982
GRINA	0.451469267925416
RARG	0.450942476861429
PRKAR2A	0.450515976812241
KLHL35	0.450322121962923
GRPEL2	0.447531094982791
CDCA7	0.447136264136035
MTFP1	0.446525299496747
YKT6	0.446209214607814
PEX11B	0.44600221981146
RP11-375N15.2	0.445499702793809
PRR11	0.445374738823436
HACE1	0.445079637346285
AP000783.1	0.444992126406238
XPOT	0.444286700303241
TPMT	0.441901598747548
SLC45A1	0.441351384692326
ZNF713	0.441265814393796
CPNE1	0.440757147402018
CCDC97	0.440476506330348
NMT1	0.4400491673974
CSNK2A1	0.439843271531378
CENPI	0.439785229889734
COA4	0.439536773948218
KIAA1324	0.439454226310593
C1orf112	0.438043560667208
LINC00309	0.43779462900869
CRADD	0.437459525641012
PRRC2B	0.43682877138732
NGRN	0.436754648828538
TEC	0.436598550925415
UTS2	0.43645759715133
ATRIP	0.436268517885311
ZNF101	0.436082939199771
LRRC8A	0.436050714092321
LINC01001	0.433691644589125
MRPS28	0.433188803662335
BRD8	0.432956369217311
UBE2N	0.432473844680034
PHEX	0.431058463054641
PDLIM5	0.430406928166978
PRPF39	0.430188335194746
NBPF24	0.429283813085477
MUC6	0.428004416693779
CENPP	0.427613365868862
ZFYVE26	0.425797894376505
AC068831.15	0.425699957944122
TDRKH	0.425092073944997
TFPT	0.42415141305224
ASAH2	0.423955120827087
ILF2	0.423497162525898
CCDC43	0.42332346713934
SGSM1	0.423117702776293
DECR2	0.422629613078322
PLEKHA7	0.422589560485171
METTL7A	0.422362837506056
TTC8	0.42166571043797
CPOX	0.421639092856569
EIF4ENIF1	0.421146705170909
TMEM229B	0.420380541693867
RP11-126K1.8	0.420157282330241
DDX39A	0.419309985871617
GSTM1	0.41912357298244
ZNF816	0.417077441706831
GORASP1	0.417053125731916
RFFL	0.416974668098157
MAP3K9	0.416862585216561
LRRC27	0.416496592739774
PRPSAP1	0.416466061385642
ZNF408	0.416407044745763
YOD1	0.414626735110521
CEP290	0.413467898061525
AP1M1	0.413103571502664
RP11-2B6.3	0.412424024183897
TMEM41B	0.412189238687646
TTC30A	0.410606906829855
FAM174B	0.410539441460017
RP11-1299A16.3	0.410149677070062
HAUS1	0.410116587846701
CTD-2325P2.3	0.410079517022075
MCRS1	0.40931955377314
RP11-212P7.2	0.409256787516332
RAB28	0.408917608470667
CCNI2	0.408122832696626
ZNF845	0.407989363304573
TRAPPC9	0.406353276429615
ZNF541	0.406225621470847
DOK2	0.405889036915532
RP11-731C17.2	0.404757246071471
UBE2E2	0.404029862801143
CTD-2267D19.2	0.402470990307695
KLRK1	0.402295186165301
AF230666.2	0.400047731895232
MAPK8IP1	0.400013827275535
GRAMD3	0.399667917439076
ERCC6	0.399558613812575
ATN1	0.398466848820867
ZBTB3	0.397939390505072
TADA2B	0.397212048384311
ZCCHC10	0.396439542864834
LCOR	0.396297515993643
SIRPB1	0.395977317436773
MROH1	0.39597301815984
SACS	0.395205263931452
PARP2	0.395133147581629
DDR1	0.394727862660605
RP11-138A9.1	0.394318692655361
RP11-574K11.29	0.394042024361913
SEPT10	0.392601631444567
HIST1H3H	0.392461270524718
FYN	0.391366549751462
PGBD2	0.390969188384483
CSTF1	0.390924434524116
MED22	0.390786859549901
CPT1B	0.38983622848854
TRAPPC6A	0.38904157730036
LRRC23	0.388598784611213
INO80D	0.388183342090578
TELO2	0.387374191629789
RNF185	0.387268128437529
KCNK6	0.386758379128644
MAFF	0.385202941789295
ZNF287	0.383630958641852
CCDC113	0.383536059683152
TSPAN31	0.383220090399113
MLEC	0.382894714088088
CARM1	0.381795624302446
TRIM13	0.381373405162625
ABHD14A-ACY1	0.380804942154552
HIST1H3G	0.380030948781479
KIAA2018	0.379025382383918
HIST1H2AM	0.378029491157407
PPIP5K2	0.376561415598678
PTRF	0.376192548115118
TBC1D7	0.37543620574955
TRIM14	0.374433395399957
RP11-22N19.2	0.374431806598532
PAF1	0.373438690714236
FCRL6	0.372606759819217
NIPBL	0.37259258535026
WBP2	0.371335524076147
KIAA1731	0.371019999957246
NFKBIA	0.370482016449989
GPR75-ASB3	0.370410648106709
FNBP1	0.370270312412008
FAM194A	0.370035942949125
HIST1H2AL	0.369815954255251
PHF2	0.368862635056565
LRRC40	0.368821464031546
ZNF765	0.366129019900165
TDRD9	0.365233179763462
LARP4B	0.364518946363518
SLC25A13	0.364234840798489
DMXL1	0.363297893868373
PPIF	0.361706123480395
MRPS18C	0.361248499145818
TIMM22	0.359498465689915
B3GAT2	0.358717265522212
RFWD3	0.358334655925113
GATAD1	0.357704716875023
GATM	0.357122951855663
CASD1	0.355618788463233
MDFIC	0.355133326552679
HSPA14	0.354844119242486
BCL10	0.353397407088694
OAZ2	0.352192266734689
TNPO2	0.352176406987032
ARPC4	0.351812785142184
BRSK1	0.350816427211268
OSGIN2	0.349181943979583
KLHL21	0.349176470692368
RCHY1	0.348177529656984
ISOC1	0.347574908818524
SENP2	0.346765652978759
DVL1	0.345856518121596
CTD-2270L9.4	0.345670601694357
IRF2BP2	0.345487676193495
C17orf53	0.345208882334379
ETV3	0.344729493733442
ZNF688	0.344513060255532
RP11-655C2.3	0.344408784834726
MARCH8	0.344157397057095
RMI1	0.343884335219551
ASH2L	0.343694437991695
TRAF4	0.343617790318926
LTN1	0.343328063027678
PTBP2	0.342235225511027
TSSC1	0.342008317951043
SEP15	0.341955989056889
USP47	0.341933585861658
MRPL35	0.341884541761215
PIK3CD	0.341380773927701
RP5-1125A11.1	0.339902402822968
AP003419.16	0.339837160792724
RP11-216B9.6	0.33846922281185
RP5-935K16.1	0.337618287061264
SLX1A	0.337509508867184
UBAP1	0.33738460791247
STOML2	0.336828550682702
RP11-415F23.3	0.335741299173314
MIER2	0.335293488144384
CHAC2	0.334006841584944
DDTL	0.333720145382273
RP1-151F17.2	0.333558333780889
NUB1	0.333471750170752
TRPT1	0.332940461800573
KIAA1279	0.33265606250743
RP1-153P14.5	0.331828629459578
SCNM1	0.331746572163522
EEPD1	0.327386666593878
SSX2IP	0.326736294185421
CUL9	0.326124326785363
CABIN1	0.325907140495589
AC002985.3	0.325251076319482
RP11-611O2.5	0.3243636996946
NUMB	0.324032486090934
ZNF841	0.32328167836838
AC104135.3	0.323204823888998
TCFL5	0.323010728997696
ANXA6	0.322212613218106
BNIP2	0.321110059331197
C11orf68	0.320525550192069
SGSM2	0.320208126838698
STK16	0.319576517406579
PIKFYVE	0.319387343293661
GATS	0.318944843785942
LINC00202-1	0.318723858586322
ACTB	0.318643806452314
USP14	0.31771829737972
AASS	0.317426939696641
TOR2A	0.316514232037365
BCR	0.316072577809095
RP11-568N6.1	0.315024337069839
C7orf25	0.314691734724125
TBC1D17	0.314160288840135
RP5-1043L13.1	0.314078630136646
SHMT1	0.314010514837065
CRKL	0.313347873730882
RGS18	0.313338075288895
CTC-479C5.10	0.312636776535042
LCORL	0.312262393557287
CCZ1	0.312137994417175
ILVBL	0.311734346131083
SMAP1	0.311103461908735
CTC-428H11.2	0.31095153524915
FANCM	0.310833595743775
RP11-440L14.4	0.310723991613202
RP11-415F23.2	0.310527398379603
UBE2L6	0.309655694422565
KIAA0101	0.309383312140088
PHKA1	0.308997100749665
AL441883.1	0.308358614951576
SLC46A1	0.307414717638046
DPM1	0.304807760049916
DICER1	0.304726151640104
RP11-47I22.2	0.304299788669787
MTOR	0.304290163626856
AQP11	0.303706812223188
BLOC1S6	0.302825504523372
KDM4B	0.302257687608191
NFYC	0.302235129770079
ZBTB11-AS1	0.301020436863257
DPYSL4	0.300613924788062
PDPR	0.300437532213142
PPCDC	0.299944734858298
DAPP1	0.29918077540741
BEND3	0.298268868059305
GNE	0.297381580561721
GPR157	0.29717623086421
TBC1D3F	0.297065346907515
PIGX	0.296597493673487
SMIM4	0.296191333438265
LRFN1	0.295849520796465
RP11-159G9.5	0.29566477163563
FOXO4	0.294704934707309
AZIN1	0.294053873301274
IL12A	0.293779944154516
ACADVL	0.29320592080145
TMEM244	0.291425488283487
LYL1	0.290837099584059
RP11-262H14.4	0.290597169772841
RP5-1139B12.2	0.289051342099283
CTC-444N24.8	0.288050403702981
XPO1	0.288048587390754
RP11-138I1.2	0.287603303866477
MOSPD2	0.287376157070347
TBL3	0.286707113757627
RLN1	0.286337865525035
PSMD12	0.285171584390744
ZNF212	0.285166301770146
MBD4	0.284516448129022
GOLGA6L20	0.284456350090695
POLD4	0.28416085178752
PDIA3	0.283469859469851
CTD-2265O21.7	0.283088174398216
CORO7	0.282993081270638
CRTAM	0.282909858991706
RMDN3	0.28260079515086
SIGLEC9	0.281603816367258
KDM4A	0.281596465768957
TFR2	0.27991212320599
LZIC	0.279189431362088
TRAPPC6B	0.278489733310556
TMEM8A	0.277648441090346
GOLGA7B	0.277428854308379
NRDE2	0.275631789838959
NR1D2	0.274916133761107
FAM86B1	0.274080960484515
PPP2R2A	0.273493675863059
ACOX1	0.272458152357635
ZNF16	0.271533416332859
PARG	0.268696389942426
PDSS1	0.26785143230902
CENPJ	0.267342270915334
SIX5	0.267321111182966
RP11-360L9.4	0.266634912039137
TMX2	0.266219726870454
RP11-566E18.3	0.266082250060037
PIK3AP1	0.265113712021111
DPAGT1	0.263218925403931
KIAA1324L	0.262600916815415
MAN2C1	0.262410494494878
USP7	0.261969864591654
UBBP4	0.261549467515443
SLC30A4	0.261184654380169
UBALD2	0.261174946910023
CHMP1B	0.259741691604116
PTCH2	0.259597714311519
RP11-214O1.2	0.259011703963102
SYT15	0.258041509254372
TGOLN2	0.257810181330514
LINC00271	0.256502446175003
C9orf9	0.256465757287287
CTA-293F17.1	0.256351006881804
SOCS5	0.255111699350181
SDCCAG3	0.25344226350263
ACTG2	0.253296795857454
STX6	0.253000889438588
LAMP1	0.252906401588027
ZFY-AS1	0.252264970862512
SLC22A5	0.252111504152836
MICU1	0.251862696903023
XPO5	0.251330584882144
HEXA	0.251226552456375
NRBF2	0.251100141513631
HYI	0.249411648925534
TMEM131	0.248923210788812
SEC23B	0.248176256169322
RARS2	0.247562462564764
MEGF8	0.245158841071334
PRDM10	0.244379128754063
ZBED3-AS1	0.242917968759157
NSUN4	0.242657503272597
CLPTM1	0.242477312110115
HIST1H2BH	0.242437134403074
AC123768.4	0.242321008786528
TMTC2	0.241781290427122
SMG8	0.240096136612365
C5orf22	0.240029340145055
APOM	0.239945096672501
ZNF211	0.239737838474403
C3orf18	0.23970420558948
FXYD5	0.239434926353595
ZNF226	0.237304735525781
CBX7	0.236673537773923
RP11-793H13.3	0.235113356360154
AC010504.2	0.234673414426548
PPP4C	0.234528151051473
ZZEF1	0.232513619162954
CTC-542B22.2	0.231908786918605
SLIRP	0.231777093557016
GTF2F2	0.231419446245317
UGGT1	0.231284430281345
RNF130	0.230670727374191
ZFPL1	0.229220792999195
IPO7	0.229209677024292
RAB20	0.227074658655275
PRKCE	0.226629177018789
USP3	0.226367466236735
SUGP2	0.225983458547861
RP11-806H10.4	0.22598029871832
CYP2E1	0.225050608896996
LETM2	0.225017042268178
MON1B	0.224559787534313
NPIPA5	0.223485039568202
TRAF5	0.223437983649889
ZNF593	0.223411962124923
EXOC6	0.223125464342047
CARD16	0.222870458987609
ZRANB2-AS1	0.222851744893259
CHTOP	0.222472923965974
MR1	0.222180306152332
STK17B	0.222039870336811
RAD9A	0.221711350370654
GRPEL1	0.22120494199251
MAP3K10	0.220195712017886
PWWP2B	0.21963115830656
MXI1	0.218800413588914
RNF168	0.218330697286327
TPM1	0.218267990317538
BIRC6	0.21785782774274
SF3B5	0.217320602261822
HIST1H3C	0.217276023824064
USP13	0.215794180582227
SUPT5H	0.215076858958596
GRK4	0.214534124299065
RP11-131N11.4	0.214027877303026
ZNF227	0.211978355262009
RP11-297K8.2	0.210697932059248
U91328.21	0.210579931528645
DERA	0.210382528478601
FOXN3	0.210271980560559
SSR3	0.210026719725697
TIGD2	0.209828356032521
KCNMB3	0.20979202971439
FBXW5	0.209270480066853
HAUS3	0.207704222573603
FLYWCH2	0.207678550972038
AL627309.1	0.206317087113908
EXOSC6	0.206202117692313
LIPN	0.206091494723044
CHD6	0.205216513606001
RHEBL1	0.205075740739081
FMO5	0.204770350472715
DUSP1	0.204234374575882
RP11-388P9.2	0.201745492446615
ZNF823	0.201385556445638
TTC13	0.201173144207177
GPR128	0.200939711797557
RP11-91I20.4	0.200416116215718
PTGS2	0.199048504830721
TTC22	0.198600975839485
KIAA1468	0.198442971148666
PIH1D1	0.19829456279122
AC005523.2	0.197423526579484
LPL	0.197400171957786
RP11-770J1.3	0.196967646429189
EIF5B	0.196847446088294
NUDT15	0.195859281726
SLC17A3	0.195517248535228
C1GALT1	0.194524217229534
ZNF354A	0.193867242094895
C21orf58	0.193401713056687
LEPREL4	0.192844628019081
ZC3H13	0.192605089567568
MSANTD4	0.191646598478781
NPIPA8	0.190727114894982
MAP2K1	0.190543926890478
ZBTB40	0.190402687438563
RP11-474G23.2	0.19031523907313
PER3	0.189633942369736
CTC-503J8.6	0.189154896568266
TNFAIP8L1	0.188356052565187
RFNG	0.188322736249114
GATAD2B	0.18831406194757
CLN6	0.185870787722457
RP11-74E22.5	0.185797271766649
LINC00852	0.185591916459362
RP11-348N5.7	0.184363005839282
FBXO31	0.184345545778478
RBM12	0.183797938489894
CDK11A	0.183746311543764
DTYMK	0.182939753278176
APBA3	0.182743031013497
NOC4L	0.181995114961291
H2AFY	0.181527872348563
RP11-762I7.5	0.180166149034666
MTRNR2L6	0.180052394840333
RP11-1149O23.4	0.179522989975787
MMS22L	0.179508044130551
PRIMPOL	0.17937948332939
SAP30L	0.179187273509338
CTD-2659N19.10	0.178646500729532
SUCO	0.17864506288691
ANO6	0.178008083662258
ABLIM2	0.177811489464412
ENO3	0.177012817030957
NCR3	0.176672922022432
CACNA1A	0.175520430383342
ADAMTSL3	0.1749035988062
NHP2L1	0.174632949685913
VAV1	0.174016124612561
TAF6	0.173984707393898
PPM1M	0.172426638333385
DAXX	0.170990142067111
SCAF11	0.169993788683477
THAP8	0.1693107408696
MIB1	0.169195555819964
CAPZB	0.168886595474745
ENDOG	0.168864708561479
AL627171.2	0.168699065754172
C1R	0.166736712775027
TIMMDC1	0.164658543180299
RBM25	0.164480412952673
RP11-493L12.4	0.164013528458386
TULP4	0.163626784596166
C18orf8	0.163015958221923
RBM15	0.162812262046962
CNTRL	0.162327522363403
FANCC	0.162085293864961
RP11-458F8.4	0.161398837474154
ZNF304	0.161027318485554
MDH1	0.160849533689737
SCAND1	0.160559048569514
IP6K1	0.158528149016008
IQCB1	0.158319875891043
ANO10	0.157908236222679
CTD-2541M15.1	0.157593705762434
MFSD1	0.157506134096218
ANAPC4	0.155391339132419
C4orf27	0.155040820708329
PPFIA1	0.154581475146396
MUC20	0.154146266301998
HPSE	0.153121300126097
RP11-798G7.5	0.153092330558952
TAF5L	0.151550983337586
EIF2AK4	0.151016596190695
COL6A1	0.150357167196892
BAIAP2L2	0.149914023921291
PRAF2	0.148572853475841
C2orf81	0.148485566282705
RBM22	0.14826110273552
CMTM7	0.14792164752118
HIST1H4H	0.14717841673092
WRNIP1	0.147020235478107
CTC-548K16.2	0.146394009084037
TMBIM4-1	0.146108327010616
LINC00984	0.145804915883087
CMKLR1	0.14541235451043
TCTEX1D2	0.144881235437272
ESCO1	0.143142184262347
CTD-3064H18.1	0.142744568017904
PGGT1B	0.142365812233319
ZNF850	0.139228740100354
ILF3	0.137427087588221
MFN1	0.136798900729915
SLC38A5	0.136739456283721
AC092159.2	0.136539929787733
RP11-513I15.6	0.136460219307997
POLR2I	0.136365378617183
DBR1	0.135896989476609
CDK16	0.135807914227333
SARM1	0.135775492536301
HMGN4	0.135131753548831
KIAA0141	0.134810525534439
EIF3B	0.134721723985936
ELMO1	0.134525907125773
TNPO3	0.133560170273586
KCNA2	0.133460874316917
EFR3A	0.133385438490208
COA1	0.132879317024136
FAM211A	0.132822321751873
TTC1	0.132585162915305
RP11-111F5.4	0.132363422080555
E2F2	0.132062966489584
CALM1	0.131856043752087
SNX11	0.128206496149067
RNPEP	0.127131835240298
SLC9A1	0.126881962124012
PRKRA	0.125956240319664
ATP2C1	0.125422794718996
RP11-383J24.6	0.125186812607331
MRPL43	0.124921173752855
CLTCL1	0.124736830446068
CHM	0.124731655017582
SH3RF2	0.12455460630575
CHD1	0.124527686206014
TRIO	0.124439011793085
RP11-488L18.10	0.123306683145233
HIST1H2BB	0.122044850856866
EIF1B	0.121523917610185
RILPL1	0.118176984257534
TAF7	0.118159146322021
ETS1	0.117781699586828
DESI2	0.117113292274813
CBX3	0.116876543498782
SARS	0.115657713891596
PSMD6	0.11519663239569
KMT2A	0.114942789518512
GAR1	0.114584279836951
LINC00998	0.114517272953653
SLC25A34	0.113665256475667
IQCH	0.112956964456777
TMEM214	0.111545069416961
RP11-119D9.1	0.11118865930877
C16orf87	0.109767754113459
LL0XNC01-237H1.2	0.109421145770793
SPIN2A	0.109315855822156
AMDHD1	0.108057628224142
AHCYL2	0.107958079381114
EXOC8	0.105908832918467
TMEM184B	0.105820397689681
ICOSLG	0.10548818253879
PTPLB	0.105425522453172
B3GNT4	0.103589950353916
RTF1	0.10309219439181
ICA1L	0.102697976250269
SPATA2	0.101924455881851
NCAPG2	0.101364640161319
IDH3B	0.101155415167505
MED16	0.101085976170319
LARP1	0.100893399164995
ACTR8	0.100750594064412
RP11-439E19.9	0.100235762831976
AIF1	0.099493515827017
HSP90AA1	0.0990405137023998
OSBPL5	0.0984682063017327
PAX8	0.0969644928748283
ZNF625	0.0963294220286051
RP11-46H11.12	0.0963235804227005
DYNLRB2	0.0948707554917963
RHPN1	0.092686938397913
ZMYM5	0.0923999696395164
NPM3	0.0922098243482135
ICOS	0.0919288062889465
HERC3	0.0912780514961534
PIM1	0.0910020500578398
P4HB	0.0898407183587724
PTRH2	0.0893169425685551
BACH2	0.0888218414987148
GAS8	0.088298546112239
BFSP1	0.0868779937098002
RALY	0.0856346313137488
GGT2	0.0854445321541372
PRPF4B	0.0842279258117298
RP11-103B5.2	0.0835462386162017
RP11-1079K10.3	0.0814404463442351
MED6	0.0809083355769166
NEK4	0.0808810387516263
PITRM1	0.0807827570572896
HIST1H3D	0.0803407013204857
TEX2	0.079800464124029
LGMN	0.0795245345624912
RP11-102L12.2	0.0782698759464972
LNX2	0.077588696295818
WRAP53	0.0775071153245899
CLDN7	0.0770378744441653
CDH20	0.0767300067867808
UIMC1	0.0767276031831919
SLCO4C1	0.0765295489603551
CCSAP	0.0748625469667033
NUCKS1	0.0747765159587035
TMEM165	0.074288035712674
C11orf35	0.0738321675412453
SOD1	0.0726571631636037
MAP3K11	0.0717864601334365
LINC01004	0.0711118782848987
SOX4	0.0709506501514899
RP11-680G24.5	0.0702662418899931
NELL2	0.0689754415790314
DENND4C	0.0663842291692254
GAS6	0.0641160391212209
C9orf72	0.0641045973782109
CEP97	0.0640629461655905
USP27X-AS1	0.063494983870146
FAM53B	0.0631884827433408
PHF7	0.0623787606482829
FRAT1	0.0617955639310782
THADA	0.0617881141665777
CCDC87	0.0614153739512176
HOOK3	0.0608508456131572
CBWD7	0.0608310570224025
RP11-203J24.8	0.0601621102983702
PPP2R3C	0.0597014766413687
LIN52	0.0571545040379495
LRRC37A	0.0571058754870937
KIAA1429	0.0569868464229804
SEC24C	0.0569563822907681
DNA2	0.055632889199843
SLC38A2	0.0553695246605005
ATP5I	0.0544233671543896
TM2D3	0.0542048435310392
ENTPD3-AS1	0.05321601870781
CACUL1	0.052529239005092
NOD1	0.0519764059363096
RRM1	0.0517081865937203
APBB1	0.051505710715878
FIZ1	0.0511313104872632
GLOD4	0.0507934328355382
VPS4B	0.0495183978056903
PRDM2	0.048618597558725
ACRC	0.0482407669480051
C11orf30	0.0477774917161538
AGAP5	0.0468075677641385
CCDC39	0.0463656632276314
RP11-996F15.2	0.0458228473800933
GLYCTK	0.045628818967068
ZNF117	0.045579617746809
IWS1	0.0454070512920805
ZNF621	0.0439554025285658
MAPKBP1	0.0431626397809848
GCLC	0.0411757939951506
RP4-761J14.8	0.0409269398341792
LRG1	0.0406677229424935
RP11-191L17.1	0.0406080625855068
PRR12	0.0405168928689673
RP11-386I14.4	0.0403432038379419
ZNF576	0.0390245000098356
ERC1	0.038315859951528
RP11-104N10.1	0.0382874181789679
SIAH3	0.0381226291249555
AGAP10	0.0373011398240548
PEX10	0.0364682307471723
RP11-346D14.1	0.0361611700031832
DEDD	0.0356474317164209
SLX1B	0.0354090069582528
XIAP	0.0344662850948575
COQ9	0.0343660605315314
PHACTR2	0.0338982253758701
FAM118A	0.0324811236568988
ZNF799	0.0323979843788465
ZNF865	0.0319033351675276
MANBAL	0.031719439277531
INPP5A	0.0312862653615266
CENPH	0.0305721829596851
MRPS21	0.028196640785443
DKK3	0.0275115702552449
PTPRCAP	0.0269331847466109
FBXW11	0.0267178675719145
GLRX	0.0260405494194096
RP11-20D14.6	0.0221287446912283
AC138517.1	0.0207807853506193
ZNF669	0.0205727970266304
AC009501.4	0.0205006446311602
GIPR	0.0191849399147318
RP11-180C16.1	0.0147067382392489
XBP1	0.0145590999812692
RP11-24C3.2	0.0145432657293745
PAFAH2	0.0118502109403103
INPP5E	0.0115361867032273
CTD-3162L10.1	0.0111336573669171
VPS39	0.0109131051616074
EP400	0.0107944919640862
PPP2R2D	0.0100371459813274
MRPL37	0.00927009126552588
ACADS	0.00867708879985663
ARL6	0.00724965237535709
COCH	0.00706034289021877
CCDC130	0.00685363425175386
ARL8B	0.00627599930204369
NCR3LG1	0.00612600804573376
PHKG2	0.00601306953551731
KAT5	0.00555147320562049
RP1-92O14.3	0.0053479412467487
IKZF2	0.0048197557871764
AHCYL1	0.00389085013539526
TDRD3	0.00346640932189569
NOL6	0.00342699516652593
FBXO11	0.00217198915741644
TUBGCP3	0.00184176368132387
PSAT1	0.00118201705450919
CLP1	0.000331246418119486
USP30	-0.00254908929569935
DZANK1	-0.00286873466736451
TROVE2	-0.00361876638258043
CORO1A	-0.00362994050623905
PM20D1	-0.00458423432191791
TMEM216	-0.00495345894416304
AC084219.3	-0.00518823925558026
JUNB	-0.00563011565260723
CEP120	-0.0059228073729996
MTURN	-0.00631244569821445
TYW5	-0.00691854595690329
BIRC5	-0.0086256557317747
TARSL2	-0.00876918833395367
KCNQ1OT1	-0.00901825751861523
HIST1H2BM	-0.00909680823507227
ZNF568	-0.00965702580165545
DAZAP1	-0.00994429424291195
SDHC	-0.0116139576145608
ACYP1	-0.0123913215080278
SNRNP35	-0.0126926404096927
ANKRD13D	-0.0128650961862234
NDUFB1	-0.0141600985832131
OSTC	-0.0144038013569704
MID1IP1	-0.0148640643620317
SLC39A14	-0.015330920227496
MND1	-0.016775468936534
ABI3	-0.0170174847308628
TMED3	-0.0192520309331976
TCOF1	-0.0194488881725911
ZBTB46	-0.0195065778418123
VAMP5	-0.01971887765095
RP11-387D10.2	-0.0198173699297301
ZSCAN5A	-0.0204050606608997
ARFGEF2	-0.0214244201468006
CENPC	-0.0214322136138696
FANCE	-0.0215121588666922
PLA2G4C	-0.0216977908245962
CCDC112	-0.0229739565501396
CYTH1	-0.0233293096037407
RSBN1L-AS1	-0.02373421542242
FAM107B	-0.0241733743525658
C18orf21	-0.0251048030641854
AC009065.1	-0.0252406150053537
WARS2	-0.0253153607385357
EVI2B	-0.0254260531220732
SNX5	-0.0258384297314772
DVL2	-0.0276633203458941
WRB	-0.0283741787109025
SCAMP2	-0.0288094773561369
UBXN6	-0.0290672643938071
CELF5	-0.0291051977592034
RP11-329J18.2	-0.029352531311702
PRRG3	-0.0298176902594645
PSMB10	-0.0299742880359772
BLVRA	-0.0305375240784388
ZNF720	-0.0305377435767797
THAP9-AS1	-0.0306440279439239
CTA-250D10.23	-0.0312423610089495
TRAPPC11	-0.031837233947859
MT-ND5	-0.0321327576485684
RP11-706O15.5	-0.032135308630171
MSS51	-0.0322056229737054
PLCH2	-0.0332914107378243
SLC9A9	-0.0333813329790515
PELP1	-0.0337566563758483
ZDHHC7	-0.0339918577815802
ZNF777	-0.0340587350312415
CTD-2370N5.3	-0.0343891870153626
HDAC8	-0.0344027125520082
SMAD1	-0.0360898553053053
RP11-173M1.8	-0.0366196247312461
TRIM38	-0.03669840306371
RNF8	-0.0380911969756035
DHRS1	-0.0385093032626323
RNF125	-0.03979416500641
SRRM1	-0.0399486188406785
SEC62	-0.0399672473406015
PORCN	-0.039981658950207
GFOD1	-0.0408775723451145
LINC01146	-0.0417478095936298
CRK	-0.0427760877906173
TBC1D10A	-0.0429272446857818
VWDE	-0.0431913195522214
AC112721.2	-0.0433869174729459
PRTFDC1	-0.0442450168891515
DPY19L4	-0.0446205197281251
RRAGA	-0.0459670663794559
PGP	-0.0470383366786563
LPGAT1	-0.0471498230435749
AC005306.3	-0.047603020941409
THBS3	-0.0477476437079945
SNRPC	-0.0486837338027761
WASF1	-0.0488722550142811
MTG1	-0.0489655350112035
KIAA0100	-0.049969596611314
ATAT1	-0.0501400893305375
NUDT17	-0.0504137395312059
NDST2	-0.0507448776211861
NTN4	-0.0516782914289245
RND1	-0.0519232642564422
APH1B	-0.0521862837937426
CHODL	-0.0558281924315598
ZNF792	-0.0564292532885879
KLHDC4	-0.0564357014858712
ERI2	-0.0570289373940352
ARHGEF38	-0.0573236314374184
CAD	-0.0576043009181919
SKAP1	-0.0578983927065953
SRR	-0.0580362049222567
MTX1	-0.0582167401335209
PRSS53	-0.058306369410898
FAM83D	-0.0586018657990325
AC024592.12	-0.0589612545329695
STK4	-0.0589762249592155
TRMT10C	-0.0591966044452146
AMBRA1	-0.059303114154616
POU5F2	-0.0594318420499285
GRHPR	-0.0597942611762656
RP11-178G16.4	-0.0607285181270719
CASP6	-0.0608511267129324
SCARB1	-0.0612411661449517
RCE1	-0.0613414786865153
COPZ1	-0.0619998186793311
BTF3L4	-0.0620605834081642
RP11-345M22.2	-0.0625748699816545
BRD7	-0.062967509506398
TNKS1BP1	-0.0648487909510549
FAM192A	-0.0655195095747741
SF3A2	-0.0657843875235172
RP11-661A12.7	-0.0658460282778033
ATP6V0E1	-0.0678317642029583
SLC25A46	-0.0682820804669258
RP11-299G20.2	-0.0685704035423153
CCDC23	-0.0699229401136407
CCRN4L	-0.0712813980587786
ADI1	-0.0742489496898162
RFC1	-0.0745107500717614
NBR1	-0.0748666775968134
RP11-582J16.5	-0.0750323487707155
EDF1	-0.075238716104792
POLA1	-0.0758833681196317
G6PD	-0.0759246413705163
JSRP1	-0.0781212122175596
ACRBP	-0.0783308588318913
IL21R-AS1	-0.0788256403168299
HEXIM2	-0.0788615527445845
AL133373.1	-0.0792444840174885
LLPH	-0.0793702435963435
TTLL10	-0.0796183132760766
TTPAL	-0.0800359306931138
RP11-385F5.5	-0.0802737958117282
ZBTB14	-0.0803845235576782
CISH	-0.0808958262978077
PC	-0.083359430884596
C2	-0.0833675584543935
CLK2	-0.083399464796876
RPS6KB2	-0.0841520536740734
MYO5C	-0.0860554181226635
SLC5A5	-0.0875602795471107
ABCA5	-0.0875641748426996
ZBTB5	-0.0875897313192429
IPO13	-0.0877338364381672
SCAMP1	-0.0880304857633085
TRANK1	-0.0882792524032199
NFU1	-0.0882799379022683
RP5-1029F21.3	-0.0885238136145809
FOXD2-AS1	-0.0888046811949783
SLC37A1	-0.0893221128312789
POU2F1	-0.0897388092978177
F11R	-0.0898252739538186
TP53RK	-0.0905377651750567
ZNF320	-0.0908058576748821
TRAM2-AS1	-0.0919881343290368
KIAA1191	-0.0921182509215994
TIMM50	-0.0921694149561791
CHTF18	-0.0925315248490151
TAF4	-0.0926265724226649
MAP2K7	-0.09267530715792
KCTD6	-0.0953148685921125
MC1R	-0.0961796654619348
NFIC	-0.0963934778534215
SRGAP1	-0.0970858418760029
CCNB1	-0.0970964716910154
METTL2A	-0.0990938165830618
HNRNPUL2-BSCL2	-0.0996341259216075
ZNF583	-0.10033238593682
CCDC78	-0.100508354317923
SNAPC1	-0.101623666374288
PIK3C2B	-0.103137331654631
BTBD7	-0.103420038178512
SLC2A13	-0.103912741083065
UBE2S	-0.104449691912702
ALG12	-0.104697636343929
AC091153.4	-0.106707360691905
ZDHHC21	-0.106842580812943
FAM50B	-0.109720373878936
CEP164	-0.110767446132418
RP11-780K2.1	-0.110979559692544
DLEU2L	-0.111191357147388
GPD1L	-0.111251139191127
C22orf24	-0.111495256442163
GORAB	-0.111913638439155
RAB7L1	-0.112155740234183
CDKL5	-0.112674384725497
PAQR6	-0.113838147120638
ZNF184	-0.115091231037979
CRIPAK	-0.115619290403032
SREK1	-0.116001740786554
EXOC6B	-0.116649222176503
RP11-727F15.9	-0.117276150229309
SDHD-1	-0.11862903601395
TUBGCP2	-0.118662434215426
CCNJ	-0.119455356057832
PREB	-0.11973768253113
SLC35A3	-0.121345500996878
ARHGEF37	-0.121360839542337
INSL3	-0.122049138014786
BCAS3	-0.123587269588694
DHRS13	-0.123991421515394
USP19	-0.125546893495443
RP11-434B12.1	-0.125809021428917
ANKIB1	-0.12620080956502
TRAPPC13	-0.126328785098023
FHL3	-0.127460568920714
STARD8	-0.129664618821794
RAB2B	-0.129696319469628
SP2	-0.130564586637633
TXNDC5	-0.131332357473408
RP11-440D17.3	-0.131382802618453
LSMD1	-0.132285827058719
DOK6	-0.13388909557287
ZNF32-AS1	-0.135242705305855
ZNRF3	-0.135328861464702
KCNQ1	-0.137110068070533
C4orf21	-0.138018642519219
CTD-2537I9.12	-0.139370099623907
MAP2K3	-0.139685930111196
TSR1	-0.140202413073685
PRKAB2	-0.140485182095178
CTD-2555O16.4	-0.140604623638351
CCNT2	-0.140867503111218
ANKHD1-EIF4EBP3	-0.140906264884106
NUMBL	-0.142568249017315
DMTN	-0.143152653076376
MARK2	-0.143336917369037
SPRTN	-0.143649209015483
TFCP2	-0.144910949567262
KIAA1551	-0.14650821783505
MFSD9	-0.146836511903237
MBP	-0.146991243166074
DCTD	-0.147993877904209
NUDT6	-0.148046330507548
MIOS	-0.148329125255743
NADK2	-0.1486153095176
ELK4	-0.148992467012842
RP11-884K10.7	-0.150222196467435
ZACN	-0.15058533382923
RNF146	-0.150707064439881
GRPEL2-AS1	-0.153372671246801
PRPF31	-0.155294423525905
BSDC1	-0.155345618533362
VARS2	-0.156138279641434
RPRD1B	-0.156360442499379
AC011558.5	-0.156391383325869
METTL10	-0.156730646814711
LUC7L	-0.157104007417208
COX19	-0.157492276204634
XAB2	-0.157567790420934
XRCC4	-0.157574258914103
BIRC3	-0.158054561790754
RP11-330A16.1	-0.158063747658745
HPCAL4	-0.158225663496312
WNT2B	-0.158875127363572
KLC4	-0.15902122293913
ACIN1	-0.16024896259361
PPT2	-0.160584704412068
ZNF501	-0.160598832619206
RP11-835E18.5	-0.160631142520511
RNF4	-0.161407978270011
ACKR4	-0.161436474736505
DTX2	-0.162020025123573
C1orf174	-0.162058559713074
RP1-244F24.1	-0.162845637224611
VMA21	-0.16454866705122
SLC24A1	-0.165445770957877
SLC2A9	-0.165615891892433
PAXBP1	-0.166103340113587
PRR13	-0.16755088858365
TTC30B	-0.168134270502314
TBC1D8	-0.168439248758963
BCL7B	-0.16846039169945
RP11-317N8.5	-0.169714805247002
ZNF266	-0.170616163913062
CACNA2D3	-0.171075850081654
CTD-2521M24.9	-0.171510830605303
HINFP	-0.171612008918732
ARID4A	-0.172845577393075
MRPL30-1	-0.17377429614031
NAP1L5	-0.174950380163008
PBLD	-0.175548549779577
RP11-498C9.2	-0.175672473761547
C1QTNF6	-0.176635392217396
PRCC	-0.177127358048736
C7orf55-LUC7L2	-0.177932908247964
COG4	-0.178521800821169
POLR2D	-0.178943271407917
DHX40	-0.179385915790058
HBP1	-0.179438067667618
FAM126B	-0.180788787327962
KRCC1	-0.181596718967351
YTHDF2	-0.181643610011677
SEMA4F	-0.181850930706686
SCN8A	-0.182396058966203
LST1	-0.182486415594443
E4F1	-0.182843931528629
BEST4	-0.183413031524116
ARL4C	-0.183621097684721
NRIP3	-0.184267231959332
SBDS	-0.184429405760789
MED26	-0.184583135744927
ERH	-0.18525852795698
RNF169	-0.185653070432319
GPCPD1	-0.185820355950981
POLDIP3	-0.186092709735012
PXN-AS1	-0.186258930187749
AGAP4	-0.186486892388182
CCNB2	-0.187253120979793
SART3	-0.187720860628081
SNRPF	-0.187756139651368
ST20	-0.188555422607465
TSC2	-0.188575529403759
ATP6V1G2	-0.189706969832635
RP11-75L1.1	-0.190803895679927
ZNF487	-0.192079680105734
SLC19A2	-0.192815851120193
CTD-2630F21.1	-0.194870014071507
SNX21	-0.195367347569883
COX6B1	-0.196991513332759
CHPT1	-0.197051510496141
C8orf33	-0.198410598740561
OPN3	-0.198590546646435
ITSN2	-0.198669669876787
SP3	-0.198766708141567
GTF3C2	-0.200065353828985
MDC1	-0.200160165206411
RRP15	-0.201912523165088
BPTF	-0.202387201893504
SCMH1	-0.202880378050783
JMY	-0.203094314706524
NARS	-0.203733242402064
CLEC18A	-0.205377257603105
GPR141	-0.205851970689613
RP11-1070N10.3	-0.206043619408425
RAB4B-EGLN2	-0.20640366322905
INCA1	-0.206433626615209
CCNE1	-0.206454555072385
STAT2	-0.206584602251971
HIST1H4L	-0.206690627743302
RUVBL1	-0.207762104667869
NAIP	-0.207916940809898
DLGAP3	-0.208348810969425
TRIM68	-0.209040219210405
RP11-1105G2.3	-0.209680024645106
INTS1	-0.209907554840522
HIST1H3I	-0.210483883604796
TMEM237	-0.210841423759411
ATE1	-0.210928086469796
PHF20L1	-0.211949848356579
PPP1R37	-0.212688008948779
PUS10	-0.213014199546567
AP001055.6	-0.213682773424251
GGCX	-0.213767577547282
RP11-126K1.2	-0.213786003162933
HIF1AN	-0.214247385789178
CNIH1	-0.214283435141532
C16orf91	-0.215466361411462
NUP37	-0.215917778049732
THAP4	-0.215930880294503
ESRRA	-0.217921813969292
ARMC5	-0.217955253727244
KCTD3	-0.218012885658074
CTB-113I20.2	-0.219974267129462
LYSMD1	-0.221420400802977
DPY19L3	-0.222260282339181
MTG2	-0.22259756892532
SLC26A2	-0.223068400895249
ZNF440	-0.223147645171774
COPS4	-0.223696203461681
B4GALT1	-0.224005958940751
PSMF1	-0.224136528068281
RP11-56B16.4	-0.224281410760534
ZNF28	-0.224536423714886
ING1	-0.22707298377085
MARVELD2	-0.227330950418094
RP11-390B4.5	-0.228633079778375
RRAGD	-0.228695329219717
RMI2	-0.22938350146426
SGK3	-0.230448846514662
ATXN2L	-0.230744274018167
GIGYF1	-0.230987365023373
RPS26	-0.231090293614539
SLU7	-0.232037631553319
TNFRSF13C	-0.232722589612023
COLQ	-0.233333761848868
PTBP1	-0.233902554997499
TSN	-0.234004818910921
MOGS	-0.234661205176185
IMPG2	-0.234877763514281
ANGPTL6	-0.235022566435591
C8orf58	-0.235156226799033
DCAF4	-0.23569272477657
LINC01137	-0.235966487325392
SLC9A6	-0.236343995657679
GLO1	-0.237815689081366
PHACTR4	-0.237863248792755
MYBBP1A	-0.23807490006283
KB-431C1.4	-0.238185197144055
RIC8B	-0.238284675311116
SETD1A	-0.238851084850803
NR2C2	-0.239911423811606
ARMCX1	-0.240093607330512
EHD1	-0.241031454449974
RP11-152P23.2	-0.241122638992521
PXMP2	-0.242103488036804
DNAJC8	-0.242179854065127
ZNF653	-0.24221638187828
C3orf17	-0.243032016308101
RP11-345M22.1	-0.243741846722064
ZMYM6NB	-0.243880302510846
RARS	-0.244348803979979
ZFP82	-0.244462065053715
ENTPD5	-0.244885820796786
TAF1C	-0.2457351777894
CRELD2	-0.247300021172512
TBC1D24	-0.247813671072912
ZFP69B	-0.248422302041259
FAAH2	-0.248464620818637
CX3CR1	-0.248642294263862
CAPRIN2	-0.249441171906557
RP11-206L10.3	-0.249508123443854
SNTB1	-0.249656560779954
MX2	-0.251381442453168
PEX14	-0.252529405640286
DDX42	-0.253585333063599
TRAF7	-0.254017007764564
EIF3I	-0.254359981405906
ERBB2	-0.254390113955079
LMLN	-0.25591485373348
POLR3A	-0.256130967946653
CAMSAP2	-0.25753762469447
DCP1A	-0.258061925305648
ZNF730	-0.258146257553621
HIC2	-0.258674212965044
STK11	-0.259254371513456
ZFAT-AS1	-0.259705949045272
C8orf37	-0.259716542758387
RP11-261C10.3	-0.260202999153281
NUBP2	-0.260961843528279
CLN8	-0.261460831603998
THUMPD3	-0.261943625614643
ASMT	-0.262497844121356
RP11-430G17.3	-0.263409614866336
PSMG3	-0.26448031951136
IFFO1	-0.264510205610877
RP5-1024G6.7	-0.264928521350612
ZNF687	-0.265615974968809
HOMER3	-0.265773986971175
LINC00965	-0.265876471433157
OGFOD1	-0.266439601745383
MRPS23	-0.267002573053484
USP33	-0.267066055597392
LANCL2	-0.268180620553177
ADAT1	-0.269103050254492
DGUOK	-0.271355915926326
RP11-192H23.4	-0.271784285364198
TPTEP1	-0.271836449980622
BRICD5	-0.272182093479779
ANKRD10	-0.272981822098888
MAP3K12	-0.273038628398159
SMN2	-0.273522890446889
FAM102A	-0.274822951453079
AC006369.2	-0.275335708340867
PIP5K1A	-0.276054155593191
TRIM27	-0.276427922348902
ZNF496	-0.276933503540775
MFSD2A	-0.277396662201534
FBXL12	-0.277486388306083
XIST	-0.277619910653967
CTDP1	-0.277816074087916
PTPLAD2	-0.278046852182611
ARRDC4	-0.278445510100987
POTEE	-0.281374622246649
PTMA	-0.281416046581099
CTB-113P19.5	-0.281461787659636
NUDT16L1	-0.281775382351129
SETX	-0.282087845618261
HIST1H1D	-0.282387761765317
ABHD12	-0.282451410610627
RRP36	-0.284193859695472
C12orf60	-0.284384722555451
PMEL	-0.285058297150714
ZNF773	-0.285635109284091
ERGIC2	-0.28567248384636
ZNF239	-0.286142474023311
DRP2	-0.287014307751657
GLCCI1	-0.287044087899689
ATAD3C	-0.287604268407008
RP5-1159O4.1	-0.288178666145798
RETN	-0.288391034232393
UBE2J1	-0.290338280215492
PHAX	-0.290480941823566
C5AR2	-0.290634244343206
HIGD2A	-0.291131760446734
CXorf38	-0.291214215102551
MPDU1	-0.291264720557018
IL10RB	-0.29343070553816
C7orf61	-0.293920880437066
RP1-122O8.7	-0.294930721638061
ZNF547	-0.29513930387008
SPATA7	-0.295429253564082
C6orf165	-0.295747338204388
NCK2	-0.296516928821444
CREBZF	-0.296692513736878
METTL18	-0.297448141415838
IFT88	-0.297646355394401
POP4	-0.297657693392364
RP11-620J15.3	-0.29840418197253
RP11-81A22.5	-0.298421479546753
RP11-380L11.3	-0.299251761927314
RMDN1	-0.29965065851813
MFSD8	-0.300937600409336
ARID4B	-0.301284388909049
EIF3J	-0.301327450956537
ZMYND11	-0.301372362367743
ZNF337	-0.302307531575332
INTS10	-0.302749329278694
CTD-3195I5.1	-0.302756614611391
PRRC2C	-0.302807252072326
RAN	-0.303298111694426
AC079210.1	-0.303558065051636
RALGAPB	-0.304014836749667
RP11-73E17.2	-0.304024767458279
ADAM10	-0.305335648779517
GCSH	-0.305612061969883
NUDT3	-0.307315574640192
GTF2A2	-0.307402985955385
RABL2B	-0.307765876212372
ERMARD	-0.309240342842269
VPS33A	-0.309532124221992
GOSR2	-0.309665142451727
DLAT	-0.309844742810643
GHRLOS	-0.310671688388953
UTP6	-0.31082011516277
MED23	-0.311689739547427
PANK2	-0.312843007384865
MT-CO1	-0.313301967868933
ATAD5	-0.313599668189913
MCTP1	-0.314313831571808
RP11-449P15.1	-0.314479050243536
PACRGL	-0.314747524448241
CENPBD1	-0.315049509553057
CAMLG	-0.316281260458314
ZNF788	-0.317917009631557
MRPS5	-0.319420476107975
TNNC1	-0.31966409116889
MTFR1L	-0.320895218916204
EXD3	-0.321264184842577
UBE2G1	-0.32142026213484
PKN2	-0.323838176446104
TSC22D2	-0.324860309668598
RP11-342M1.3	-0.326463431944531
RALGAPA1	-0.326563478109079
COL9A3	-0.327764667641399
STARD3NL	-0.327943329677203
ANTXRL	-0.328036969607236
AC159540.1	-0.328083803799579
BAG4	-0.328225766161028
CCNY	-0.329506761107223
CTPS1	-0.329618336952204
MTMR8	-0.330061725575316
TNFRSF25	-0.33047655030092
INO80C	-0.330907174199769
KIR3DL2-1	-0.3320802996864
CXorf56	-0.333120247801256
RP11-872D17.4	-0.333289576611227
CTD-2350C19.1	-0.334573343761283
CSE1L	-0.334687107508902
MEX3C	-0.335468752978739
ARRDC1	-0.335661453607215
TUBGCP5	-0.336004709740266
PSMA1	-0.336082586080981
CHD1L	-0.336481969350816
BRWD3	-0.33652069209159
RP11-611O2.1	-0.337183436624826
PPIL2	-0.337541539923471
STK25	-0.33756347292092
ADAR	-0.3379718220442
RNGTT	-0.338192710339018
SMN1	-0.338257013690318
GPS1	-0.339152672342351
RECQL4	-0.339987079954601
HADH	-0.340114915123001
TBCCD1	-0.340127269056439
ANKRD34A	-0.340549103259225
COX5B	-0.341177916107578
CNPY2	-0.341778367197389
PIFO	-0.342347198787324
RGS3	-0.342349455569013
RP11-452F19.3	-0.343284516599525
CPSF2	-0.344311763097249
NAA35	-0.344507102344468
TMEM259	-0.344630263219753
EFCAB7	-0.344682113865446
ME3	-0.344688893515023
STRN3	-0.345001285003684
RP11-73O6.3	-0.347989895868064
C12orf29	-0.348059501178254
TLK2	-0.348288003909757
RP11-203B9.4	-0.349211530691256
PFKFB2	-0.349249782856676
VPS13A-AS1	-0.349687983711916
ATP5F1	-0.349873460052035
JRKL	-0.350782626827004
CTC-550B14.7	-0.351160234455225
NANOS1	-0.351272605069821
FDFT1	-0.351698180084126
CENPA	-0.351842546671938
DAP	-0.352034964779469
STAP2	-0.352185499138957
MKS1	-0.352648369147806
C3orf38	-0.352945096009374
CLNK	-0.353010641699806
CALR	-0.354358295975461
FBXL14	-0.354425555819863
SLBP	-0.35444536769001
TMEM41A	-0.355367615187711
SCYL3	-0.35554125051996
AGAP7	-0.356704980802624
SOS1	-0.357514653788779
CENPL	-0.358013686669014
INTS4	-0.35850467105539
DPM3	-0.358760618003167
ZBED6CL	-0.361795099311977
CDC42SE2	-0.362849833724516
AIM1	-0.363136701301092
RUNX2	-0.363541218103848
MYEF2	-0.363864156089738
AC008697.1	-0.365724105231993
RENBP	-0.366933976970681
ZSCAN32	-0.36738862591681
ZNF268	-0.367506365887513
RHBDD1	-0.367613851739398
TMEM14B	-0.368016442416167
STAM	-0.369128343549457
KDM6A	-0.369568075808181
RP11-256L6.2	-0.36970582795209
UTP14C	-0.36987489993674
IL1R1	-0.369964716357225
RP11-492E3.2	-0.370330438215833
ARHGAP19	-0.370394040137032
ATP5SL	-0.370621029045785
CNPY3	-0.371763388443207
CACTIN	-0.372478171228393
ZNF77	-0.373024442719825
GLCE	-0.373256188426613
IRF6	-0.373492971301881
MBLAC1	-0.374586884016673
RP11-138I1.4	-0.374684153360242
COL6A3	-0.375368444278824
PRICKLE4	-0.37555270193212
DNTTIP1	-0.375623561944541
AC131097.3	-0.375989460353239
NRIP1	-0.376118084116512
GFM2	-0.376623685137149
NDUFS7	-0.37682632178723
PRDM15	-0.377853926269561
PEMT	-0.378054305967263
PARS2	-0.378474508915533
SAFB2	-0.378823028040656
SGMS1	-0.379486091657684
ADAMTS4	-0.38006252463158
C6orf99	-0.380586174689997
ASB6	-0.381369980390376
NBPF9	-0.381953690284381
GNB5	-0.382050519018891
SPATA13	-0.382257443617675
ALG10B	-0.382454950995261
FAM193A	-0.382820358806824
INTS6	-0.382826040575811
AKT2	-0.383103785373135
ZNF37A	-0.383207548709087
ZSCAN16	-0.384353017770565
DUSP11	-0.384361824327848
NLGN2	-0.384436459937575
ZNF678	-0.384488926613157
RGS10	-0.384721487163264
HARS2	-0.385658993125211
ZNF497	-0.386016469566092
CTD-2651B20.1	-0.386601829558439
BTBD1	-0.386960972625418
NCKAP1	-0.386964320850131
ZNF165	-0.388253716067765
TMEM66	-0.389299330072208
ZNF484	-0.389620340181824
RP5-894A10.2	-0.391215222729799
ZNF44	-0.392490588673866
ZBTB44	-0.392718577892418
RP11-542K23.7	-0.393948958922681
NEURL4	-0.394118993750014
HBS1L	-0.3943458406803
SPATA6	-0.394464255751935
FAM175B	-0.395745091284003
CTA-204B4.2	-0.395941409695981
KRBA1	-0.396123220624075
EAF1-AS1	-0.396410708911914
SOCS2	-0.396646648096165
ZW10	-0.397096036710101
EIF3C	-0.398447614066944
TMED5	-0.400010174763628
VPS13B	-0.400987464316744
SFXN5	-0.401309111706931
TJP2	-0.401580090300873
FAM78A	-0.401945716260881
RP11-4F5.2	-0.402237091753139
PSMG2	-0.402454140946469
PI4K2B	-0.402506841213662
SYP	-0.402513800583026
ZNF772	-0.402934827177199
ARFIP2	-0.403587985825932
SSR1	-0.404146159779848
RLN2	-0.405361872613601
FRG1B	-0.406352245328817
CIRBP	-0.406507108068934
USP5	-0.407294082092094
LONP1	-0.407354019662848
NLRX1	-0.408457713063998
NUP62CL	-0.408863021451751
ACACA	-0.409722871420537
ZNF280C	-0.410510196147573
RP3-475N16.1	-0.410801079975673
C21orf91	-0.413263555446526
RGS14	-0.414033774061565
RUNDC3B	-0.414223554351291
TRIM24	-0.41478306480155
RP4-657D16.3	-0.414821544298498
GPR89A	-0.415531280329027
C1QTNF3	-0.415836066295682
SLC4A7	-0.41667138356421
MRPL39	-0.41745234482018
NR2C2AP	-0.418136549926808
HMGXB3	-0.418392802723299
ZNF517	-0.418426322702093
RP13-297E16.4	-0.420140891488001
TRIM16L	-0.420346060968199
HIST2H2AB	-0.42095664333309
METTL2B	-0.420975007877602
MLLT1	-0.421927179254422
ADM5	-0.423896357882149
MYCBP2	-0.424842428468022
STX18	-0.424904312710259
PAN3-AS1	-0.425163565526021
USP39	-0.426265193431621
Z83844.1	-0.426355542956342
RP11-600F24.7	-0.427779034617804
DBF4B	-0.427998653166365
NXT1	-0.428291207808495
AC195454.1	-0.428464311846876
MEGF6	-0.428509084654972
PPIL4	-0.428583468709164
PAPOLG	-0.429437157856273
TAF1A	-0.430184114462215
SMARCA2	-0.430331244993131
MPPE1	-0.430547293968694
S100P	-0.431258584177189
HCFC1	-0.432294821263722
DLST	-0.434183564532944
TNFSF11	-0.434187585338708
NUDT19	-0.435098179379881
AC136297.1	-0.436794399076859
ATXN2	-0.437512108446139
RFX7	-0.438179301344923
RAB40C	-0.438292665561817
AGAP6	-0.438300439021618
CYP46A1	-0.43912191000581
ZNF383	-0.439273407952627
ZNF700	-0.439413632373242
DAGLB	-0.439479567904529
RP11-727A23.10	-0.440451672848966
RP11-78O7.2	-0.441220083588711
NSFL1C	-0.441451438269512
MEGF11	-0.441452070517305
CACNA2D2	-0.441748347155133
CPNE2	-0.443330841285799
AC022498.1	-0.443637059372933
B9D1	-0.444890330247135
LIPA	-0.445236543422531
ALS2CR12	-0.445500805983458
AC144652.1	-0.445659434426228
ATP8B1	-0.445819185340956
NVL	-0.446003321273992
CA13	-0.446669814892306
RP11-480A16.1	-0.447949360962429
NICN1	-0.448507029739586
RP5-1050D4.5	-0.449753501404145
TPBG	-0.449825734175705
ANAPC1	-0.450245525092266
ANAPC7	-0.450731904017313
RP3-512E2.2	-0.452448596998052
GTPBP4	-0.454789913266078
NLN	-0.45493722605283
RP4-769N13.7	-0.455125685677838
NFKBIZ	-0.455583509129607
AC013449.1	-0.455908657647894
PIGW	-0.456425359344266
NT5C3A	-0.456845615643042
SETD3	-0.457619164383741
INPP5F	-0.459019531079497
PAPD5	-0.459045652368173
NUDT2	-0.459466915561648
CSNK1A1	-0.459483029982485
RASA1	-0.460488956124161
RP1-20N2.6	-0.461031539825609
THBS4	-0.461372827292857
AC096772.6	-0.462552700977911
SAE1	-0.463321087409971
CDK12	-0.463411698952861
RBFOX3	-0.463812167806927
C4orf36	-0.46504918842729
CTC-523E23.4	-0.465414940435994
YY1AP1	-0.465794652783233
MIR503HG	-0.466154640431989
POFUT1	-0.466972125232251
PRMT2	-0.469522748724575
PREP	-0.469702400783352
TMEM219	-0.471453042322378
SON	-0.471782646688526
PABPC1L	-0.471810481806581
CRAMP1L	-0.472617172988845
ECE2	-0.474878739752035
TNKS2	-0.47690511927556
ELAVL1	-0.480112613076092
RHOXF1	-0.480263160544958
MSTO1	-0.480473278291074
NOL10	-0.481451719961852
HELLS	-0.482391415255931
RP11-16E12.1	-0.482395154305085
MTIF3	-0.482751637743529
DNAJB14	-0.482921144793032
MAP2K4	-0.483283663036906
NDUFA5	-0.483486135138913
FAM114A2	-0.483939341884985
KIAA1107	-0.48433327617328
TRIM33	-0.485130962368939
RP11-214C8.2	-0.485768511285878
SPATA21	-0.485907682839757
RP11-275I4.2	-0.486646725511132
DNAJC25	-0.487503757432881
ETAA1	-0.487800539265203
CYB5R1	-0.48911791646226
AC018766.4	-0.489257596820231
ZNF616	-0.49101994173982
PNMA5	-0.491147348820491
PHF21A	-0.491158221595955
FAAH	-0.49151476978051
INTS2	-0.492033527686064
RP4-758J24.5	-0.493344887784195
RP11-531A24.5	-0.493649999174984
U47924.30	-0.494091701282101
PDCD1LG2	-0.494129200959813
GTF3C5	-0.49473512012443
CDC20	-0.494975364787981
DEPDC4	-0.495238186752338
NABP1	-0.495846188683738
MBD1	-0.495990119022863
RP11-574F21.2	-0.496059673697358
CTD-2020K17.3	-0.496542730380656
RASIP1	-0.496972037790276
AC068039.4	-0.497927223689135
ICAM3	-0.498074918727543
VTI1A	-0.499275083320256
ZNF512B	-0.499356526064841
CTD-2196E14.9	-0.500564284612356
CRNKL1	-0.500701693130677
ANKDD1B	-0.500961628156524
KCNJ14	-0.501542754663072
ZNF564	-0.502622738445253
SENP3	-0.502635248121636
PGRMC2	-0.502894046025046
FUT10	-0.503684874572226
DHX15	-0.50458200201961
MRE11A	-0.504596957795218
RP11-400F19.6	-0.504599386917817
RNF167	-0.506008417207232
LRCH1	-0.508668682065971
NSF	-0.508850990126031
UXS1	-0.508910854669809
C22orf29	-0.509127218280093
TSNAXIP1	-0.509514540707637
AGL	-0.509663321762852
FAM172A	-0.509705867108821
TTI2	-0.510905576553851
TMEM11	-0.512116192776012
RP1-151F17.1	-0.5126223370335
ACO2	-0.512764056639014
KIAA2026	-0.512915939881585
CUBN	-0.512947245477444
ERAP1	-0.513012309691572
COQ3	-0.514386948521505
TERF2	-0.515091309117392
RP11-73M7.6	-0.515129850299007
TPGS1	-0.515360113201682
MTX2	-0.516633911813144
RABGAP1	-0.517906807647737
AMIGO2	-0.518623091553086
SAMD12	-0.518914619773706
RP5-914P20.5	-0.519457619652023
DHX36	-0.519824229714927
FARS2	-0.521196689173271
TSC22D1	-0.521306962316573
F2RL1	-0.52160385817609
LATS1	-0.522008939536352
SLC30A6	-0.522407908437188
GPX7	-0.522428662155867
AC145212.1	-0.523012206013463
EIF2AK3	-0.523957735703934
KLHL23	-0.524307845794951
MTBP	-0.524951137947162
RP11-388M20.6	-0.526144137853138
CASC7	-0.526369208302747
POLR2F	-0.526929384303875
RP11-347P5.1	-0.527040135991327
RP11-77H9.2	-0.528931745890061
TNNC2	-0.529419613220774
RP11-504P24.8	-0.529448847230703
TMEM223	-0.531137923897379
CLPX	-0.531478923315755
TBC1D23	-0.531980202005362
RP11-293A21.1	-0.53270262884319
AC093690.1	-0.533919958128224
PCNX	-0.534837100881026
ARCN1	-0.535828909445338
OSER1	-0.535924418363233
CHD3	-0.53600668436639
SKP2	-0.536079772547055
CAPN5	-0.536540054186114
FLAD1	-0.537367039837907
ZBTB39	-0.537688619275998
CNOT1	-0.537744140539482
MEF2BNB-MEF2B	-0.537897353793805
RBM45	-0.538225827417018
EIF4A1	-0.539306792008589
KATNBL1	-0.542655078368504
PGAM5	-0.542714102786799
C1orf61	-0.542756587930174
CAMTA1	-0.542818481775944
ZNF292	-0.543102649026502
MAPRE2	-0.54352033066339
LINC01135	-0.545290287333678
DSN1	-0.545756291943526
KIF16B	-0.545949646628332
RRP8	-0.546368712559166
EPS8	-0.546410453775294
CHCHD3	-0.546512807791444
XXYLT1	-0.546615851777842
ARHGEF6	-0.546793166035629
MAP3K7CL	-0.546903072148115
DNTTIP2	-0.547008540350791
C4orf46	-0.547074539611382
SLC44A1	-0.547512211689074
RP11-242D8.1	-0.547653036335166
KLHL20	-0.547688545133137
CCND2	-0.548128312051036
ASF1A	-0.548194037405048
NDUFB4	-0.548592232112413
JMJD7-PLA2G4B	-0.548724758053529
GART	-0.549116697819782
UBE2D1	-0.549259052247894
NSRP1	-0.549411148743325
LINC00334	-0.550071534758601
RPA1	-0.550466877939537
WBP1	-0.551661547822249
MPZL1	-0.551920102415198
ZNF256	-0.552020483551032
CIAPIN1	-0.552047289399432
ANAPC10	-0.552412855853154
MOB3A	-0.553413157087478
KIAA0947	-0.553991868901267
HIST2H2AC	-0.55493198919642
CDKN1B	-0.556633792083925
HIST2H4A	-0.557175025332742
CTC-329D1.2	-0.558258931864149
DNAJC7	-0.559149077304899
LINC-PINT	-0.560069588262113
ZNF235	-0.561186847716296
DHX29	-0.561706091779751
DHX30	-0.563282299534932
RPP14	-0.563285450300513
TEF	-0.564251325354393
RNF11	-0.564398171053295
CTD-2587M2.1	-0.564723894017075
DNAJC27	-0.564836063806246
DND1	-0.565402817048694
ALDH8A1	-0.565706879521237
DST	-0.566248264053957
SETD5	-0.566308530353109
HNRNPDL	-0.567035707946837
MLLT6	-0.567221117817049
ST20-MTHFS	-0.568315206054119
RP11-109G23.3	-0.568334402048885
FLJ00104	-0.568643179930606
RP11-538P18.2	-0.569717896547676
TOMM34	-0.57074501105344
ANKRD54	-0.571064484174185
GNRH1	-0.571234158375248
ZDHHC17	-0.571393578848425
VDAC2	-0.571777805917444
RP11-559M23.1	-0.572764793535243
HIST1H2AI	-0.572859614290885
WAC	-0.573088300066488
RP11-467D6.1	-0.573368691786146
GALK2	-0.573694237586554
DDX11	-0.573788317308854
OST4	-0.573828603829344
PDGFD	-0.575661309725179
ATAD3B	-0.577439219594334
KLHL15	-0.578064317298483
ZNF200	-0.578386756307952
ZNF396	-0.578930453644701
U2AF1	-0.581090120135462
RP4-535B20.1	-0.581146822022366
NRL	-0.581594352854563
RP3-428L16.2	-0.581648807485125
RNF38	-0.582670006339524
CEP104	-0.582804230831825
FBXO25	-0.583189748834588
KLRG1	-0.583410676399507
MED24	-0.584090407010809
DPH2	-0.584213705916186
RP11-362K14.5	-0.585088411973059
SHF	-0.587129102410956
SETD6	-0.587715186813721
RAD21-AS1	-0.588155620934848
GLT8D1	-0.588217818196059
HIST1H3J	-0.588898729108131
MTA1	-0.588998598146996
C1orf145	-0.589217430584224
MIEF2	-0.589665149256061
TREML2	-0.58968145669017
DIS3	-0.59038927976954
SP110	-0.591341852567172
ZNF322	-0.593280332878302
ARID1A	-0.593288314875086
AP000974.1	-0.593442572275316
SOWAHD	-0.593781834930931
RP11-101E13.5	-0.593975366353337
WDR5	-0.594212782338572
SNX13	-0.595042155582817
C17orf97	-0.595703117718998
C12orf61	-0.596422108302986
LINC00662	-0.597411176054234
LRRC69	-0.597436869565301
CLDN15	-0.597732276332595
PAIP1	-0.598669241783877
HAUS8	-0.599931017400016
WAS	-0.599957044422479
FAM161B	-0.600220886274309
MRFAP1L1	-0.602187153622961
MCUR1	-0.604728908725786
SS18L2	-0.606875147791202
ATF6B	-0.609361859128857
BMI1	-0.610585348109447
VPRBP	-0.610811020826948
FAM179B	-0.611675314032296
C10orf35	-0.611727723519174
RBM19	-0.612045951408373
RBBP5	-0.612047277791506
CBR1	-0.612224566186369
RSG1	-0.614086193308942
LEMD2	-0.615853808845286
GSTM4	-0.616529807418636
CIZ1	-0.617397914339491
TMCO4	-0.618674949558963
CTD-2349P21.11	-0.619199238967276
CARKD	-0.619804803227298
BBS5	-0.621490092746984
FAM156A	-0.621597125792939
TSHR	-0.622390953066797
RP11-493K19.3	-0.62298012819988
GTF2E1	-0.623790835176991
TTC5	-0.624005429213318
NDUFA7-1	-0.624594700840626
GHITM	-0.624810676112223
KLHL28	-0.6264825151618
MIPEP	-0.627175185725988
TMX1	-0.627500648659802
FAIM	-0.627732897544225
LRP5L	-0.628296702819158
TIAL1	-0.628896167904455
MYOT	-0.629291278228932
SLC35A1	-0.629553699895969
METTL20	-0.630735525146421
MYL5	-0.630807861581206
C16orf70	-0.631703224851157
ABCA10	-0.631834454881819
NDOR1	-0.631913043959541
NPIPB4	-0.632153114131261
GNB2	-0.6324959931565
HEATR1	-0.634318217829527
AP006621.8	-0.636620100088132
ZNF398	-0.636737530461598
CCDC71	-0.636894825905188
PCYOX1	-0.63707382242211
ZC3HC1	-0.63974817993575
RP11-343L5.2	-0.640482265641314
RP11-88I18.2	-0.640676963577043
AGPS	-0.640806082278178
RP11-707G14.1	-0.640934065695172
RP11-552F3.9	-0.642056713283816
RAVER1	-0.642274334439526
CDKAL1	-0.642564097991637
RP11-104L21.3	-0.64382968436865
PRKRIR	-0.645839525660558
ERLIN1	-0.64629419128659
ZC2HC1A	-0.646648445485689
ZNF510	-0.647290198545453
RP11-193H5.1	-0.647395401696691
DHRS4	-0.64756778785298
LMBRD1	-0.647858438427613
UNG	-0.648119917878832
YTHDF3-AS1	-0.648267259972735
RP11-611D20.2	-0.648559461894252
STON1	-0.649653538313694
RP11-680A11.5	-0.6511504163029
CDC42BPB	-0.651178695234377
RPS4Y2	-0.651538229177331
MFAP3	-0.651841027133147
AARS	-0.652421499914655
ZNF516	-0.652675717917646
MPZ	-0.653218977181857
LINC00568	-0.653790713389094
AP001062.7	-0.653824055545404
MAVS	-0.654827641438445
ZNF682	-0.655522413788834
ZNF358	-0.656197467789946
RILPL2	-0.656219084282933
WDR73	-0.656234270390991
RAD18	-0.656282039574654
RP4-680D5.2	-0.656741349296323
C19orf44	-0.658076543294012
S100Z	-0.659393621973948
VPS37A	-0.65941669796503
RRP1	-0.660095734375269
RP11-266N13.2	-0.660126322381462
MAP7D1	-0.661453728200431
C5orf51	-0.66147205305755
MCOLN3	-0.661677464615128
RP11-434D9.2	-0.662478886989354
EMC2	-0.662595231657011
AK2	-0.663448304281582
DDX47	-0.663455699096721
BLOC1S5	-0.663474805169374
AXDND1	-0.663820973982087
MTCP1	-0.664002456078246
ZNF595	-0.664618957032841
RPP30	-0.664654258115907
RUVBL2	-0.665082926953472
PLCE1	-0.665850037914144
PLBD2	-0.66855098084451
LINC00936	-0.669550614278463
PSPH	-0.670116551423595
MTA2	-0.671430282900468
C17orf67	-0.671631655949451
ZNF2	-0.671780237482639
SLC25A53	-0.671815353034891
CHMP4B	-0.672979277538832
ZNF628	-0.673619156511293
C12orf45	-0.674455688622911
CDK17	-0.674766045347392
EIF2S2	-0.674941351701364
UBALD1	-0.675195828418051
RP1-28O10.1	-0.675357296486423
RP11-589C21.6	-0.676655482472747
KPNA4	-0.676725182907746
TOPBP1	-0.677297427008007
MARCH5	-0.677785003753769
FGFR1OP	-0.6779228194672
SLC30A7	-0.678945206335606
SRSF11	-0.680081971303423
GDI2	-0.680337598029241
POLR2J	-0.680390028427631
ORAI3	-0.680812257078375
NLRP1	-0.680928080644388
SLC19A1	-0.681039922901019
RGL4	-0.682379234752175
CHUK	-0.683037178222719
RP11-176H8.1	-0.683417434292741
ACAD11	-0.683455909142548
H2AFJ	-0.683995213347155
PDPK1	-0.684462795922439
LINC00623	-0.686099602127744
MYL12A	-0.6874924398393
EIF4G2	-0.687763055910709
EPPK1	-0.688482516760039
STK39	-0.689425368359644
CTA-212D2.2	-0.689735204268547
RP11-129M6.1	-0.689991347013043
TRIM39	-0.690103531635241
C19orf38	-0.690590991820814
RP11-484K9.4	-0.690650884813679
NDUFA10	-0.690718896222975
POC5	-0.69089393962591
FOXN2	-0.69110889497859
C5orf34	-0.691247021189577
RP11-706O15.3	-0.691315250424425
ZNF738	-0.691590164017397
NAA60-1	-0.693344422019074
XXbac-B476C20.9	-0.69359286307864
PHYKPL	-0.694413780674893
DNAH14	-0.694578831130604
NFYB	-0.694866597397494
KDM3B	-0.695043644419335
G2E3	-0.695243666227779
SPATS2	-0.696153297238979
LRRC41	-0.696591417644271
AGK	-0.696745191470141
GPN3	-0.697147639373926
TMEM68	-0.69718212453645
IL4	-0.697245950905997
GMCL1	-0.697762617530553
SMARCAL1	-0.698110970338842
ZNF317	-0.699260289082664
HAGHL	-0.700685151657714
CCDC51	-0.702182635243824
NME3	-0.702251643498259
RP6-206I17.3	-0.702272013432956
CTD-2210P24.4	-0.702536942795361
INSL6	-0.702849982723672
HIST1H2BJ	-0.702931123057592
C3orf58	-0.703640960001471
TSPYL5	-0.70503669431323
CCDC96	-0.705188223674462
CTAG2	-0.705394656684499
CHID1	-0.706058739492516
IL5	-0.709920905355152
HS6ST1	-0.710238788658714
CDPF1	-0.710260548986332
RP11-160H22.5	-0.710891643175847
RAE1	-0.711251560175234
THEM4	-0.711895492150801
VTA1	-0.711931670645031
MRPL20	-0.711984443133411
FAM86C1	-0.712553094776027
CMC4	-0.7127977488597
GPBP1	-0.713185443001091
RSBN1	-0.714135685431882
SMARCAD1	-0.714453049134933
BRD4	-0.715253296513497
C5orf66	-0.715365024801963
LINC00926	-0.716477000499295
ALDH4A1	-0.717105033442681
NADK	-0.717474707313668
CELSR3	-0.718018098320329
SSBP1	-0.718041119501187
PRR5	-0.718077320921424
ARL2	-0.719717608954357
CCNB1IP1	-0.72014284145089
RP11-188P20.3	-0.720908619049287
PAK1IP1	-0.720938929360142
FBXO22	-0.721417985367924
CEP76	-0.721863859449133
DNAJC14	-0.723041156715206
CBX4	-0.723071277465219
FAM69A	-0.723201372933778
RERE	-0.723591558432317
SLC37A3	-0.723701732812309
EFNB1	-0.723886845302932
ADPGK-AS1	-0.724230666296651
DLK2	-0.724929870771053
NPEPPS	-0.725163726295718
TCERG1	-0.725272620355351
BRPF1	-0.725918388234447
OPRL1	-0.726091527571051
ANKRD22	-0.726229152660942
DRG2	-0.7262311240128
OXCT1	-0.726368270412289
CNNM2	-0.727559112157973
ARMC6	-0.727586708894006
ERCC2	-0.727718547259025
TRUB2	-0.728027002351354
ANKRD17	-0.728399652149406
ZGPAT	-0.728811146655425
PLGLB1	-0.729522463772741
GSE1	-0.729576255857536
ZBTB24	-0.729953343461621
CXXC1	-0.730363150627641
NPHP3	-0.731496552708863
IPP	-0.732198607062912
ZNF419	-0.732229569489979
ALKBH6	-0.732602698426129
NEK1	-0.732764588699785
MYO6	-0.733059076103671
ASMTL-AS1	-0.733257078585098
CCS	-0.733302051899803
TTLL3	-0.73394444726
QPCTL	-0.734311140937767
PLCXD2	-0.734723489945449
RAB3IP	-0.736061131951099
GET4	-0.736784109124626
TRMU	-0.736825890539796
DSTN	-0.737988996820903
ACSS2	-0.738140151121748
CTD-2256P15.2	-0.738232081619561
ZFP64	-0.738242193076782
CD164	-0.738456817185883
RP11-338I21.1	-0.738859739678246
GMEB2	-0.73914723757725
SAAL1	-0.739222962289503
PTP4A2	-0.740366726806665
QTRTD1	-0.740728038790145
RP11-553L6.2	-0.741220047213624
NF1	-0.741427996732649
TRIM17	-0.742573568778723
RP11-428J1.5	-0.743316928322438
CCDC127	-0.743362510481642
RP11-488C13.5	-0.743606198647912
PRRC1	-0.743608108689683
LRRC8D	-0.744576525741937
TJAP1	-0.745154572141063
RP11-182L21.6	-0.745321991693258
SLC4A1AP	-0.745472437185578
RBM6	-0.745782157168419
ANKEF1	-0.747632591009104
METTL22	-0.748844709198074
COPG1	-0.749230763510379
B3GALNT2	-0.749863920291016
RP11-644F5.11	-0.750662746697785
TRRAP	-0.751483844169499
RBMXL1	-0.751846587229082
RNF149	-0.753246930705861
ARMC10	-0.753688724090401
C18orf25	-0.754691679880066
MECP2	-0.755290718891962
TOP2B	-0.755829664947986
CTD-2020K17.1	-0.756587429942477
KCNAB3	-0.756768526355695
CTC-301O7.4	-0.757062561186921
FTSJ2	-0.757180798213779
UBE4A	-0.757523036134925
GFM1	-0.757995380511678
MANSC1	-0.758355084821474
ING2	-0.75904222048112
BTRC	-0.759462786065004
GPR22	-0.760096378551728
ERI3	-0.76100386891635
WDR82	-0.761446988939631
UBTD1	-0.76146077530833
LSG1	-0.761583211207394
SLC39A4	-0.761687131823961
WIPI2	-0.763630530802707
AC009133.20	-0.764581858420186
QPRT	-0.764639323914624
AKAP8L	-0.764743972712553
SLC25A10-1	-0.765316445202774
ZNF7	-0.765784391255742
POU6F1	-0.766116809131955
PLA2G6	-0.767172099425644
LINC00630	-0.767380851560002
ZC3H4	-0.767738891348222
HS3ST3B1	-0.768902713526553
BORA	-0.769792467996419
SET	-0.769819147263155
PTGIR	-0.770183454801271
RP11-340I6.8	-0.771738909931743
ITK	-0.772251952977795
CDC73	-0.774884171464088
ING5	-0.775265481297307
RP11-783K16.14	-0.775337392886785
PCYT2	-0.775643984964223
TAF12	-0.775647636419781
TAF6L	-0.775652214954901
TSIX	-0.776478642381125
PTPLA	-0.776685238046787
RRP9	-0.777146063918126
SLC16A1	-0.777218415458558
APEH	-0.777474782190869
RP11-479G22.8	-0.778208876061825
AC004466.1	-0.779211845039469
NPIPB11	-0.77954009147348
DOCK10	-0.779971123242976
GIMAP6	-0.781152401628065
ATG14	-0.781334539495804
RP11-141B14.1	-0.78134679716702
DDX54	-0.781388488072603
C5orf24	-0.784255785393794
SNAPC4	-0.784860715433266
NOMO2	-0.785261761939201
H1F0	-0.785290611485405
XPO7	-0.785686967562132
AC069277.2	-0.786506766147336
CGGBP1	-0.78753964296636
SPDYA	-0.787815537745387
ACSBG1	-0.788566686955396
STARD5	-0.7890032225305
FRYL	-0.789863621676902
RP11-544A12.4	-0.789924676835325
PARP10	-0.792949821193151
AC073834.3	-0.793171083426434
TOPORS	-0.793492347584737
GNG10	-0.794081567063412
ZNF85	-0.794675398739175
UFM1	-0.795611775886995
FAM89A	-0.7961251631569
ATXN7L1	-0.796300032865674
INO80E	-0.796494968234467
AC107081.5	-0.797741551969365
STMN1	-0.798044929547035
MEIG1	-0.798807785631734
TMEM87B	-0.799417011238834
PPM1K	-0.799791475580805
MORF4L2	-0.799907848372659
POLA2	-0.800527042670475
WEE2-AS1	-0.800744596988782
RBM33	-0.802291835194328
TMCC1	-0.804652093135028
XRCC6	-0.806375980059388
MCM8	-0.807677617566836
TTLL1	-0.808237858786933
PLRG1	-0.808472666496197
IFITM1	-0.808760431296486
SEC23IP	-0.809232853677264
MCFD2	-0.809586821440915
BRAT1	-0.810623770373625
C14orf2	-0.811438306856099
RORA	-0.812475040207904
ZNF81	-0.812504656032396
RP11-265N6.2	-0.812755898024816
ATG3	-0.816558975835937
VPS53	-0.817053179295844
ALG8	-0.817722462955372
MRPL50	-0.818387240991582
SPATA6L	-0.818485388231978
COPS2	-0.818533545571859
DNAJB1	-0.818942415224209
PEX19	-0.818978553794986
RUFY2	-0.819446684722091
TDP1	-0.819485569883354
THEMIS2	-0.819643375681331
MTMR7	-0.820125322518582
LZTFL1	-0.820867712306436
EPM2A	-0.821806032754768
POLR3H	-0.822550081620159
ABCB9	-0.823294035806142
CCDC174	-0.824238161033953
JADE2	-0.824288994992208
TXNL4B	-0.824932537574029
C10orf88	-0.825328175327361
AP3M2	-0.825476999425581
TVP23C	-0.82674359729028
TMEM39A	-0.826995453775735
KLF5	-0.827574305910554
TNNT3	-0.827655287365537
DEPDC7	-0.829349035453758
RFC5	-0.829712792079781
EIF1AX	-0.830138713269987
RPL26L1	-0.83036668804703
AL391152.1	-0.830373473478752
MAP9	-0.830541644565104
FKBP7	-0.83067397605154
NARFL	-0.831649154454666
RP11-286N22.8	-0.831873020329873
RP5-1073O3.2	-0.833820166907957
YTHDC1	-0.834302719454927
CBL	-0.834544797487604
RP11-468E2.5	-0.834582354728198
RP11-315I20.1	-0.83517749545952
RP11-47I22.1	-0.835387277275091
TWF1	-0.835464690958574
AC004381.6	-0.835746048908721
SLC35G5	-0.835915302964049
UNK	-0.836506228412169
LARP4	-0.836999552783284
ZSWIM3	-0.837254119449117
ITSN1	-0.837893480827048
AC027307.3	-0.838799444668317
TCF3	-0.838877760885021
TSSK6	-0.839528853254527
ANGEL1	-0.839607648131244
RP11-1103G16.1	-0.839808175855492
CUL2	-0.842536402351782
FKBP14	-0.842593478019931
CDC23	-0.843204992929056
RP11-138A9.2	-0.843334621581632
CYB5RL	-0.843489530827285
NSD1	-0.843556516332544
TRDMT1	-0.843568420341079
GABPA	-0.844787753672036
ARIH1	-0.844901995992807
ACTR5	-0.845056170685444
GPN2	-0.845291165590836
RFC3	-0.845740182628811
RP11-63P12.6	-0.846316252555127
FKRP	-0.846638110363152
C7orf60	-0.848588307278118
KIAA1875	-0.849088088781932
RP11-424G14.1	-0.850885080488054
CMSS1	-0.851436121562
RP5-1074L1.1	-0.852034273317517
BIN3	-0.853197208117596
ZNF543	-0.853531302883841
C6orf52	-0.854164302510456
GOLGA7B-1	-0.854440018953406
FAM229A	-0.855757133902272
CCR8	-0.855813175896086
PACS1	-0.856691382787969
SUV39H2	-0.85697384669938
ANGPT2	-0.857157273270142
SMARCA4	-0.858372561883669
RP11-553K8.5	-0.859715551762424
TMEM97	-0.859839661846812
BAIAP2L1	-0.86097789958254
CYP2J2	-0.861253506528679
AF001548.5	-0.863347860329683
RP11-96K19.2	-0.863400545363519
PNRC2-1	-0.864602390944097
AC000032.2	-0.865694234914913
FBXO41	-0.865723054483138
RANBP2	-0.865782245357413
DIEXF	-0.866104880933166
LINC00866	-0.867112631599188
CDKN2B	-0.867394612569335
AC002116.7	-0.867900723095455
FGF14-AS2	-0.869039186474201
ZNF746	-0.870404528577023
FCRLB	-0.871761357342053
B4GALT3	-0.872010392482487
TMEM81	-0.87320389499363
KLHL24	-0.874783334265881
RN7SL832P	-0.875297850899131
AATF	-0.875384322366964
CLEC2D	-0.87547436832044
EIF3A	-0.875587412818539
CTD-2302E22.2	-0.876400192195142
F12	-0.876597325984788
CES4A	-0.877437299669363
NEB	-0.878778996351078
IK	-0.879285458407878
UNKL	-0.880776838232929
AC093609.1	-0.881245754182064
RP11-422P24.11	-0.881261017793555
KCNA6	-0.881277800540447
FAM161A	-0.881365625012656
RP13-977J11.8	-0.881401084589117
CLK3	-0.881544547288077
TUBGCP6	-0.882821579969372
PPIL3	-0.883525726793221
PTPN2	-0.88371404933417
PLAGL1	-0.883965337694506
POU5F1	-0.884529742880972
CADM1	-0.885642958462745
ATP5S	-0.887009233705821
CDH4	-0.887479594988517
DNAH6	-0.888162777418777
SLC18A2	-0.888204727254572
C2orf69	-0.888798861979679
RP3-462E2.5	-0.88902339728663
SLC9A7	-0.890996207997148
HDAC4	-0.892345568197493
CTD-3074O7.12	-0.892426558793903
HOXB-AS1	-0.892664361085671
PCAT1	-0.892999949108153
RMND5A	-0.893054219410794
ACER2	-0.893064213713717
ZNF839	-0.893075070985949
RP11-545M17.1	-0.893311028853128
TTLL12	-0.894171543314073
TMEM57	-0.894527608025249
PSMC6	-0.894817774524137
SLAIN2	-0.895042848654923
FBXL22	-0.895097769248177
RP11-798G7.6	-0.895524244558827
AC005264.2	-0.895885256870541
WDR1	-0.897130190310376
RP11-319G6.1	-0.897666996668963
CDC16	-0.897693932878161
TNKS	-0.897712395165027
C12orf4	-0.899618693658251
COMMD1	-0.899728273406722
GCA	-0.900153533085504
RPA4	-0.900410207459639
SMAD4	-0.901150502115303
GGCT	-0.901398041383342
LRIG2	-0.90160829253188
PNMA3	-0.902389535495909
ELMSAN1	-0.902751859278818
PIGN	-0.902830912341724
CUEDC2	-0.902910694544074
C11orf83	-0.902928126444476
LGALS8-AS1	-0.903018715900785
RP11-15H20.7	-0.903257545028871
NINJ1	-0.903423051044651
PARL	-0.903434092703102
UBE2D3	-0.903692992373081
AGO1	-0.904097144878796
GTF2F1	-0.904922769465714
PPIAL4G	-0.905223285132453
RMND1	-0.905312461983765
ZBTB41	-0.906506465966791
RP11-932O9.7	-0.907049520149797
ZNF45	-0.907247310208913
ZC3H7A	-0.90869041891987
DOLPP1	-0.909877122094548
SLC16A1-AS1	-0.910278794869112
TLR6	-0.910498301868052
MMS19	-0.910704270491585
COPS6	-0.912422293488932
CTD-2293H3.2	-0.912717556567772
RP11-678G14.2	-0.913053493130704
PTPMT1	-0.913120491920291
SLC25A30-AS1	-0.913558150100308
BLK	-0.914186746920284
PRSS36	-0.914196684381869
C9orf139	-0.914696254371905
STYXL1	-0.916455300004276
SLC16A11	-0.916766519444681
FBXO28	-0.917054772865267
DDX21	-0.917262564507367
CANX	-0.918144237546141
RP11-815J21.2	-0.919100310091476
INIP	-0.919200322952397
ZNF879	-0.920163984585885
MIR3615	-0.922588840198647
ZCCHC3	-0.923407642306913
SEPT1	-0.925726789779246
KRT8	-0.925991347862795
CCDC61	-0.92656546104742
CTB-131K11.1	-0.927528113488376
CTD-3138B18.5	-0.927813113680707
SMARCC1	-0.928485989737609
MMP23B	-0.929398068881597
NDUFS4	-0.929514669801926
SLC22A23	-0.930202825172795
NPTXR	-0.931842541379128
NAA40	-0.932367623965001
LINC00969	-0.932966099304415
RABGGTA	-0.932995103477153
NOMO3	-0.933122097296606
RP11-73M7.9	-0.933656219401075
PIGH	-0.935648174435284
SAMD8	-0.935665106222005
TROAP	-0.936358275390964
KB-1047C11.2	-0.936401315209923
PEX16	-0.936821027661488
HUS1	-0.937165618231893
WBP2NL	-0.938670118486567
BTG2	-0.939619160477742
MRPS7	-0.93972838615708
HOMER1	-0.940257502449875
SYNJ2	-0.941203343810917
COQ2	-0.941308561676903
CTD-2135D7.2	-0.941534526517529
VPS13D	-0.941537259456126
RP1-178F10.3	-0.942165889682236
TMEM181	-0.944947989312907
SIRT1	-0.946032010892577
RP11-258F1.1	-0.946400646563879
GLRX5	-0.946619368573717
R3HDM4	-0.94815632393071
IVD	-0.948290049804628
CTC-435M10.3	-0.948415788488699
Z83851.1	-0.948575051687438
GOT2	-0.949150825436871
C9orf40	-0.949513784423583
GOLGA4	-0.951462782646048
ENTPD6	-0.95356264168876
PAFAH1B3	-0.954470220966824
RP11-57G10.8	-0.954658433397281
NXF1	-0.954991109924873
TGDS	-0.955989542915265
CROCCP2	-0.956169272007148
GRWD1	-0.957135310727098
RP11-15I11.3	-0.957330213281252
RP1-3J17.3	-0.957445998573008
LINC00116	-0.959485754559483
XXyac-YX65C7_A.2	-0.959674478492458
APOL1	-0.961416906046722
DNAJB7	-0.961984388961549
ETNK2	-0.962572487496033
PPRC1	-0.962736395825494
PGAP3	-0.963294032351524
BRD9	-0.963323534546073
RP13-270P17.1	-0.964954836195761
RP11-290D2.3	-0.965198052683176
RP11-58E21.5	-0.965728592735414
CLK1	-0.966787842422183
FBXL17	-0.966856455251804
H3F3A	-0.967658346833552
PPID	-0.967869074751917
VAPA	-0.968440816264479
RP11-404F10.2	-0.969590438457471
RP11-582J16.4	-0.971896791407072
UST	-0.972488451549903
WDR4	-0.972670064996711
EARS2	-0.973976564112554
CCDC153	-0.974083645366114
ABHD13	-0.974234604125784
TMEM256	-0.974376388834175
SSH3	-0.974960719416509
PTPLAD1	-0.975077543729592
SCO1	-0.975308248660642
HIST1H2AB	-0.975560539912639
FANCB	-0.97582563084796
RPL36AL	-0.976200988814958
YBX3	-0.977193378771966
NDUFAF2	-0.977394519703048
PRMT6	-0.977686457582589
LARS2	-0.97809464999174
TSR2	-0.978278897789733
SLC25A25	-0.979811610291763
TXNDC11	-0.981192746525039
MRPL3	-0.982150467997027
ECH1	-0.983259233016103
C7orf49	-0.983852046371242
RDH13	-0.985188785448458
GFOD2	-0.985198271306035
DNAJC11	-0.985734828789758
CLECL1	-0.985872768912061
RP11-273G15.2	-0.986740667272707
ZNF48	-0.988862431142139
CBFA2T2	-0.98949678815782
CTC-428G20.3	-0.989731519357972
CTD-2371O3.2	-0.990092678972827
GOSR1	-0.990711641286501
TOP3B	-0.991218924589206
ZFR2	-0.991702943916376
RP1-193H18.2	-0.992292303093929
FGD6	-0.992863009662998
ATP10A	-0.993070351995226
RP1-178F15.4	-0.993795273090045
NEK6	-0.994846512567892
ZNF502	-0.995234111462677
FNDC3A	-0.995587399369906
KLHL26	-0.995868122415701
TRAPPC8	-0.996898337593225
SLC25A26	-0.997262397917209
NOP16	-0.997572563044173
PYROXD2	-0.998208721392304
TIMM8A	-0.998313277929743
VAMP7	-0.99833437146513
SEC23A	-0.999166069925459
RP11-1277A3.1	-0.99969544657018
DCTN4	-0.999803132345629
RP11-147L13.8	-1.00018796336609
C5	-1.00033847287357
MTDH	-1.00108050843519
RP1-187B23.1	-1.00184940392537
RP11-686G8.2	-1.00312954794398
AP4B1	-1.00314040192964
GS1-279B7.2	-1.00387539417133
RP5-1158E12.3	-1.00510984741401
XYLT2	-1.00523668069154
AC004906.3	-1.00536100468351
XRCC2	-1.00724644400496
RAF1	-1.00793769499534
DNAH1	-1.00891042720357
RAPGEF6	-1.00973595161919
HIST1H4C	-1.01091473911221
RAVER2	-1.01117648881224
MGEA5	-1.01244290651933
RAB11FIP2	-1.01280746611953
CRISPLD2	-1.01285431089051
RP11-792A8.4	-1.01386288472086
LSM7	-1.01391932546687
AC012487.2	-1.01426571509123
CDC42BPA	-1.01431671526611
SKP1	-1.01458190650656
RP4-545C24.1	-1.0154464504998
C19orf68	-1.01563188869066
ZDBF2	-1.01639377604843
STAT1	-1.01702160254315
PUS3	-1.01756559212593
LIMA1	-1.01779581649585
ZBTB48	-1.0183334152733
ACAP1	-1.01876409568587
PSPN	-1.01927442398706
KRI1	-1.02096633912973
DDX51	-1.02355472132044
XXbac-BPGBPG55C20.2	-1.02423301663045
CCDC104	-1.02437165207705
RGS5	-1.02450943669873
SMAD3	-1.0249569162226
EFCAB2	-1.02562512389916
RPP21	-1.02601496303025
HIST1H2BE	-1.02662814231855
MME	-1.02701466128716
ZNF330	-1.02767049068357
TMEM175	-1.0286441386166
UBE2V2	-1.02871724282459
MRPL49	-1.02973249852876
CSRP2	-1.03011611028735
ACAA1	-1.0305937786366
ARPC4-TTLL3	-1.03190229927439
IL1RAP	-1.03244180909754
RNASEL	-1.03275160200861
RP5-1148A21.3	-1.03319526807022
TMEM180	-1.0343666406419
PIP5K1B	-1.03520871056867
RP11-89K11.1	-1.03552257758937
C17orf85	-1.03555470172373
RP4-614O4.12	-1.03616100550839
IL2RA	-1.03623087044592
SNX20	-1.03661484128919
CTD-2162K18.4	-1.03737466779462
ZNF605	-1.03742997278105
MMAA	-1.03801592329169
TBCC	-1.03805436942179
RAB3A	-1.03936959344333
CRCP	-1.03994919080816
SUMF1	-1.03999533984778
FOXK1	-1.04003508111761
C2orf76	-1.04019663383824
LOXL2	-1.04031853593319
AC006449.1	-1.04065641314987
RLIM	-1.04084812336537
SPRY1	-1.0410632758747
RP11-102M11.2	-1.04126814721222
DENND2C	-1.04224209112751
PIDD	-1.04373833126961
RP11-305K5.1	-1.04415109415209
AC132192.1	-1.04489662748948
RP4-548D19.3	-1.04494481938519
NEIL1	-1.04501368657234
AC007365.3	-1.04519008625307
SAP30L-AS1	-1.04530200937222
C14orf28	-1.04633018817385
TBX6	-1.04680718162873
RP11-819C21.1	-1.04692659818269
ALG11	-1.0477111137962
PABPC3	-1.04814027688833
AL022341.3	-1.04830733245283
CTD-3138B18.4	-1.04881931208915
NDNL2	-1.04902774851059
FAM149B1	-1.04970860224468
NDUFAF1	-1.04980012370145
GALNT7	-1.05048935286947
C1orf213	-1.0504904321953
PLEKHM3	-1.05079074593703
GDF11	-1.0517576393005
CD40LG	-1.05325206382418
TTLL11	-1.05448067337523
DDX58	-1.0555399503507
DESI1	-1.05583217388906
HMGA1P4	-1.05638545209585
CYBRD1	-1.05785929819178
UBE2V1	-1.05812546859535
EIF4A3	-1.05819298346856
HIST1H2BG	-1.06058136604687
LRRC7	-1.06172877663206
RP11-535A19.2	-1.06260251037911
BFSP2-AS1	-1.06354311422583
LZTS2	-1.06393916872349
CYB5D1	-1.06414669712645
GPATCH1	-1.06470885711304
LL0XNC01-7P3.1	-1.06488885013197
PRKCSH	-1.06511464126171
POLE3	-1.06673740205098
RP11-91A18.4	-1.06713667595723
CTB-50L17.16	-1.06761649425718
STXBP4	-1.06810644537607
FOXRED2	-1.06947319613964
POLR3F	-1.0715779534897
RECK	-1.07182526600327
ZNF33A	-1.07248490129303
HIST1H4J	-1.07266300811376
PPM1G	-1.0730094942839
MORN4	-1.07303113187169
WBSCR22	-1.07319450631341
RSF1	-1.07349954433574
FUBP3	-1.07406602640079
ZNF233	-1.07596025021367
CYSLTR2	-1.07645814665636
ZNF41	-1.07769121786447
UBE4B	-1.07794431583389
ZNF763	-1.07862860385616
FAM168B	-1.07881470827814
RP11-677M14.2	-1.08030891240455
ZNF445	-1.08086919440841
RCOR3	-1.08098978333345
LSR	-1.08106588988594
CCT6B	-1.08274854396048
MMADHC	-1.08364955265618
CTD-2126E3.3	-1.08385676531908
AKT1S1	-1.08399925270263
RPS19BP1	-1.08435399623923
CBY1	-1.08572106989513
PDP1	-1.08662481693615
PDLIM2	-1.08693637097753
RP11-327P2.5	-1.08799116050883
EZH1	-1.08837192775795
ANKRD16	-1.08919188933742
RP11-215P8.3	-1.08920119595647
ZNF160	-1.0892155996557
RABGEF1	-1.08937521749264
CYTIP	-1.08973296224021
CTB-55O6.4	-1.09013454399545
SLC25A5	-1.09022880417307
FHL2	-1.09173118121666
RBBP4	-1.09302458957555
PSMD4	-1.09318699525257
HSPBP1	-1.09427723159731
ACAP3	-1.094420227448
ZNF202	-1.09519531403291
RICTOR	-1.09521718625497
CCDC17	-1.09521761447333
TMEM138	-1.09577042562339
TMEM126A	-1.09578260876573
C20orf196	-1.09610668621346
CTC-241N9.1	-1.09737679083632
PCNP	-1.09737886523367
SMU1	-1.09741313229521
ZSCAN29	-1.09862825574658
C22orf26	-1.09891360153913
AK9	-1.09947248336569
FAM215A	-1.09960870051095
NDUFA8	-1.09977253569874
MESP1	-1.10046679688265
GAA	-1.10074851965557
DNAJC24	-1.10086490663093
SLC10A1	-1.10111695952286
AIFM1	-1.10114805938104
MOCS3	-1.1014268946195
TXNL4A	-1.10293247566201
LIG3	-1.10328736818732
CTB-152G17.6	-1.10393682424361
FAM189B	-1.10490947928415
AL161915.1	-1.1055059490746
MRPL17	-1.105818585929
ZNF260	-1.10598801419117
METTL3	-1.10694105708892
VPS52	-1.10709473398671
PLAGL2	-1.10809114153764
DDX24	-1.11065118825154
TSFM	-1.11108512923488
RBAK	-1.11129069214091
DEAF1	-1.11186772124857
NFATC1	-1.11293458058216
ATP8A1	-1.11297431000288
RP11-122G18.5	-1.11300734100371
HSD17B7	-1.11399209459027
USP15	-1.11409889392295
METTL6	-1.11469550586394
C2orf49	-1.11486032832126
RNF114	-1.11495078090839
TBC1D14	-1.11497384122338
CTD-2033A16.3	-1.11533886556812
TMEM254-AS1	-1.11732375611396
HCN2	-1.11738800699078
CTD-2017C7.2	-1.11829554307988
LMAN1	-1.11955528834164
HNRNPR	-1.12041562646586
NAPB	-1.12053795366571
B3GALNT1	-1.12182910954304
ACACB	-1.1218520661885
RP11-458D21.1	-1.12258675419768
EHD3	-1.12344640352157
MTM1	-1.12351665938659
ARHGEF28	-1.12371879164095
EIF3CL	-1.12504724459402
TNFRSF10A	-1.12587628658913
OVGP1	-1.12589479453342
NISCH	-1.126511932475
PYHIN1	-1.12810896084682
HNRNPL	-1.12868049719969
RNF157	-1.13013220118831
RP11-119B16.2	-1.13063248274215
BFSP2	-1.13099975061784
RAP1A	-1.13131428794437
ACVR2A	-1.13157141791578
CLK4	-1.13163601588968
PUM2	-1.13189741695766
CLPP	-1.13214908003272
SIAH1	-1.13254617849344
HPN	-1.13306812992764
ECE1	-1.13608250788258
AC078883.3	-1.13655957174082
CCDC84	-1.13752933665506
EEF1E1	-1.13756327644786
ZNF718	-1.13867502771528
UPF3A	-1.13886253187281
FBXO3	-1.13934648817329
SHPK-1	-1.13949455810058
AL590452.1	-1.13957159231736
PPP1R32	-1.13980859413227
OR2L13	-1.14121596491174
YJEFN3	-1.14146207514323
UBOX5	-1.14147128054355
KCTD1	-1.14208787759298
AVL9	-1.14222656943945
RP11-31F15.2	-1.14228140149779
METTL1	-1.1440762057601
C16orf98	-1.14412797336216
PRPF38B	-1.14478160191814
ALG2	-1.14520006029336
PGM3	-1.14533742553445
AC010226.4	-1.14563643432924
FAM219B	-1.14574621940321
URB2	-1.14613486283281
NAIF1	-1.1462799955434
NRN1	-1.14727818655097
RBM5	-1.14897613462311
NEFH	-1.14948932311598
PARP15	-1.15078123315862
PNPT1	-1.15093796510407
AURKAIP1	-1.1517714763325
NLK	-1.15200430013844
ILDR2	-1.15215556730492
DIMT1	-1.15290813683122
PSMC5	-1.15350005706761
WDR24	-1.15488229475863
SNX3	-1.15488273420934
RP11-85A1.3	-1.15507595449373
SLC7A1	-1.15552612126812
RMRP	-1.15554309652505
CD52	-1.15555034194744
ZBTB1	-1.15573933183909
EIF4E	-1.1562293088623
NUPL1	-1.15625721801806
DDX10	-1.15641566690015
LRP2BP	-1.15684570500685
PPP5D1	-1.15853089745513
SYNC	-1.15891931482997
GBP4	-1.16003835409897
ZNF74	-1.1607302266797
MCM9	-1.16100246659755
C8orf44-SGK3	-1.16154994810263
PDSS2	-1.1620975391705
MDK	-1.16305283964529
AL133245.2	-1.16392605562179
HARS	-1.16461006919102
C9orf16	-1.16467123835764
PPM1D	-1.16566269011787
SBNO1	-1.16653069675642
PPP1R13B	-1.16738259891488
HSD17B6	-1.16771168637511
FLVCR1-AS1	-1.16777148980868
C2orf42	-1.16867597427308
NBPF20	-1.16905281696801
AFMID	-1.16934578645774
EDC3	-1.16961892065935
ICA1	-1.16969072568845
SARS2	-1.1697906754544
TIMM44	-1.16988467135596
RP11-379F4.9	-1.17089124179205
TRIM16	-1.17116801593685
TMC6	-1.17175323253849
RPGRIP1L	-1.17185828736971
NHLRC1	-1.17207200284073
TMEM91	-1.17207561964942
ZFP41	-1.17231669794344
ZIK1	-1.17235423520831
C1orf51	-1.17338759272986
ZNF221	-1.17375955514325
ACSF3	-1.17418969043987
LDHC	-1.17502569623636
RP13-516M14.1	-1.17610203012608
PPP1R12B	-1.17699440409594
RP11-91P24.6	-1.1772873595917
RP4-803J11.2	-1.17748608893461
RAD50	-1.17776815690488
F2RL2	-1.17792409938594
TCF12	-1.17818688718473
ZC3H7B	-1.17824532662008
C1orf35	-1.17831879923957
SPATA5	-1.17903582304884
LINGO3	-1.17963512227344
CD3EAP	-1.18133560313783
UVRAG	-1.18209226428738
RP11-259K5.2	-1.18244775826764
RABGGTB	-1.18269157809343
S1PR4	-1.18281340162149
ZNHIT2	-1.18326552558101
DOCK11	-1.18484269687828
HIGD2B	-1.18542381084428
ANKLE1	-1.18624486067629
LINC01057	-1.18675099835086
SEH1L	-1.18822636170533
ZNF224	-1.188466644028
ACAD8	-1.18921160267918
SUPT7L	-1.18934980469297
TBC1D8B	-1.18962765817568
ZNF3	-1.19016965377247
MOSPD1	-1.19108545052001
FAM218A	-1.19148061386482
ZMYM4-AS1	-1.1922232348812
YLPM1	-1.19272501363776
EIF2S3L	-1.19292561374821
PDE8A	-1.19315156679657
PRKAR2A-AS1	-1.19327742163863
HECA	-1.19365322035512
NFKB1	-1.19462979775777
RNMT	-1.19551822920767
TMSB15B	-1.19594332631298
C19orf52	-1.19609949452393
C17orf70	-1.19631496284652
TIMM13	-1.19669560551333
WDR25	-1.19794270157974
SIKE1	-1.19827424068752
THOC6	-1.19858909638692
CDH1	-1.19882510392684
RAD54B	-1.19969119047468
MED14-AS1	-1.19999375088332
MED12	-1.20018518097897
AGPAT1	-1.2003705835328
USPL1	-1.20047873500083
SH3KBP1	-1.2005099006465
NUP107	-1.20076055336205
SCAPER	-1.20123089895213
FRS3	-1.20207774054461
SEC31B	-1.20303483338495
OOEP	-1.20352348996682
AKAP1	-1.20408232557029
B4GALNT3	-1.20516683703062
DIRC2	-1.20546637948904
PPP2CA	-1.20571435135782
DMAP1	-1.20620118401587
ACOT2	-1.20648261323793
MMGT1	-1.20703476448853
FBXO44	-1.2075176033473
CTC-459I6.1	-1.20804647690564
RP11-195C7.1	-1.21002606601665
CROCC	-1.21076199211305
RTN4	-1.21218902235263
FANK1	-1.21250862421312
RIN1	-1.21300630302845
RP11-15A1.7	-1.21349982201897
MLLT10	-1.213682593663
TRAFD1	-1.2139686296465
PAM16	-1.2141743614558
CPQ	-1.21479722341468
ZC3H8	-1.21653074112971
PTCD1	-1.21815179839508
STK33	-1.2189415250018
NID2	-1.22011227852707
SYVN1	-1.22227889449876
CD200	-1.22453011715992
BANF1	-1.22530193326185
RP11-346I3.4	-1.22671993717104
SFT2D3	-1.22724562984062
DPF2	-1.22748215454067
GPR183	-1.22757157044841
RP11-84C10.4	-1.22771896102587
VPS13A	-1.22779636189029
TRIT1	-1.22866120239598
GTF2B	-1.23048556671989
TDP2	-1.23078518191491
DUSP7	-1.23128255560268
RP11-106M3.3	-1.23452270266719
TRIM66	-1.23529379513491
UBA3	-1.23577227411481
TRIAP1	-1.23655159597805
SUMF2	-1.23755879569947
MDGA1	-1.237598411141
NFATC3	-1.23992153890976
ZNF275	-1.2405224815607
GTF2IRD2B	-1.24082619933706
ZNF132	-1.24186306143943
ZNF500	-1.24236845373076
ZNF525	-1.24308940925907
CTC-479C5.12	-1.24322409327296
ZKSCAN7	-1.24327044774853
REL	-1.24344677408445
FOXO3	-1.24422394799797
CCT8	-1.24554126344992
LRIG1	-1.24582791524968
ZNF561	-1.2459963942926
CTD-2184D3.6	-1.24622977830542
AC004257.3	-1.24670441988494
C1D	-1.24700583506732
SPHK2	-1.24862108437235
B4GALT4	-1.24889021096717
RP11-867G23.8	-1.24940832466578
DNAJA2	-1.24950670918682
BCAP31	-1.25090848593824
PPIA	-1.25101405672917
CHRNA1	-1.2512165572626
IQCC	-1.25162922080318
DOCK9	-1.25210270838553
MED10	-1.25357983777265
ACOT1	-1.25383834843127
TMEM154	-1.25403909289142
ISG20L2	-1.25442862398491
SLC9A3R1	-1.25451987884111
PHF6	-1.25526533659469
MKKS	-1.25611190132062
CTD-3105H18.14	-1.25661295279533
UBXN1	-1.25716409909317
DIDO1	-1.25829460304408
LINC00987	-1.2583182830332
SDHAF2	-1.25918625568803
IGFBP3	-1.25942050642784
AC021224.1	-1.25947372014683
DEXI	-1.25955990140885
ZNF175	-1.26054840080668
AC009404.2	-1.26072407527261
AC131971.1	-1.26084722001807
ATG4D	-1.26159804899819
MRPS15	-1.26166368387087
NAPRT1	-1.26233603120983
ERLIN2	-1.26262674109962
TFDP2	-1.26264312845329
RP11-103G8.2	-1.26369966807962
NOM1	-1.26485267098802
CEBPZ	-1.26523961992668
CRYZL1	-1.26570324533544
RNMTL1	-1.26588791031618
E2F5	-1.26646548313913
ZNF670	-1.26686053986228
NECAP1	-1.26708469443638
AC068831.10	-1.26725399297691
ZNF579	-1.26929506502866
CDC37L1	-1.26954995589509
LGALS4	-1.2697199714567
POLD1	-1.2698817451062
XXbac-BPG181B23.7	-1.27096219760315
TLDC2	-1.27255968463993
ZNF623	-1.27301086687451
RP5-1024G6.5	-1.27305168455702
AQR	-1.27318001927238
LINC00944	-1.27318997575653
DNAH8	-1.27465327945775
EIF2B3	-1.27548793359659
IARS	-1.2757267720114
SYF2	-1.27611837859805
AF196970.3	-1.27756539787118
HOMER2	-1.27780951415829
CHCHD6	-1.27797411627849
UHMK1	-1.27836041212955
RFC4	-1.27849397070702
RP11-67L2.2	-1.27991777286057
SLMO2	-1.28182954415326
RP1-191J18.66	-1.28278439619841
CCDC22	-1.28279873247027
PLEKHF2	-1.28329751986332
ACTR3	-1.28340568465241
KIAA0430	-1.2837432196583
C4orf29	-1.28456799556212
EFNB2	-1.28479919685325
ANKS3	-1.28489956692377
C16orf95	-1.2851515385781
RP5-1057J7.6	-1.28522757664687
CTB-161K23.1	-1.28673459576483
RPUSD1	-1.28752992621676
OGG1	-1.28767440640392
LY6G5B	-1.28786556072808
LAS1L	-1.28787770605659
CTB-60E11.9	-1.28901815216918
SRSF10-1	-1.28997921122744
LINC00886	-1.290520581033
ATF7IP2	-1.29066528853378
PTRHD1	-1.29098922380821
UBFD1	-1.29112955135063
RP11-395P17.3	-1.29157547700604
RP11-658F2.8	-1.29166040724658
MON1A	-1.29183582307002
MRPL4	-1.29212969488007
COG8	-1.29226040735693
RP5-1112D6.8	-1.29256027503415
RP11-72I8.1	-1.29283386564206
MEF2A	-1.29329831780034
RP1-265C24.8	-1.2934386275132
TMEM199	-1.2937008580887
POMGNT2	-1.29379236471154
YBEY	-1.29413530907491
METTL14	-1.29415433805341
RP11-1191J2.5	-1.29505096605516
ALOX15	-1.29529942984696
POF1B	-1.2954264278213
PPIP5K1	-1.29549690100532
TUT1	-1.29558101416059
DHX37	-1.29595898665443
LIMD1-AS1	-1.29673731317808
CTD-2410N18.3	-1.29685053131019
MED29	-1.2980005385528
MTMR1	-1.29878531766975
CCDC180	-1.3017717197694
ATP5G1	-1.30194197754052
AC000068.5	-1.30206874609975
PRELID1	-1.30215283850354
ATE1-AS1	-1.30282166579816
TSPAN14	-1.30287157658592
GPANK1	-1.30388539163489
MRPL9	-1.3073723336595
RPS6KL1	-1.3073785031049
SPESP1	-1.30738704396162
SRRD	-1.30858194679189
SPDYE2B	-1.30866803167569
AC093388.3	-1.30920192703365
UAP1	-1.31138225932441
SRSF4	-1.31146785490912
CEP192	-1.3115178591374
GRAMD1A	-1.31201547023011
CTD-2588C8.8	-1.31434277223295
VSIG10	-1.31492482359101
CRLF2	-1.31510814809978
SPICE1	-1.31546129786644
DSCR3	-1.31588950697248
UBE2J2	-1.31601407558271
WDR92	-1.3166473140272
BABAM1	-1.31712371434797
FAM98A	-1.31824504837304
TTI1	-1.31845292042807
MT-ATP6	-1.3189639229132
RP11-756H6.1	-1.31912840419476
FBXO33	-1.319524805281
PIK3C3	-1.3195751192952
CALB1	-1.32060299763483
FBXL19-AS1	-1.32088496987982
AP2A2	-1.32254452003669
MAPK8IP3	-1.32332190605174
RP11-333E1.1	-1.32473799584302
AL354822.1	-1.32555561324598
AC010547.9	-1.32572385468536
CAT	-1.32580650038464
ZNF441	-1.32698399025918
RP11-392P7.6	-1.32709771723079
SNRNP40	-1.32797141223227
TMEM129	-1.3283141763844
C10orf111	-1.328503853821
FAM120B	-1.32863024630744
MRTO4	-1.32889801350713
ZCCHC9	-1.33009990963354
C11orf58	-1.33049171725562
RP1-224A6.3	-1.33134979507683
GCDH	-1.33135918726697
PMPCA	-1.33140374650714
PRMT5-AS1	-1.33244818121443
MSL3	-1.3337619864671
LINC00685	-1.33463463073104
MSRA	-1.33476790496135
RP11-603J24.5	-1.3350055590278
SLC2A1-AS1	-1.33547405149629
TMEM241	-1.33594817799321
CTD-2292M16.8	-1.33637826886655
AL139099.1	-1.33656401598944
CHST7	-1.33740715634976
AF131215.5	-1.33745559334797
SV2A	-1.33769592994262
HAVCR1	-1.3380426100545
NDUFA2	-1.34082302750238
PATL2	-1.34272201676501
SMIM18	-1.3440151550686
VPS36	-1.34536019554439
UBA6-AS1	-1.34548697850346
SDF2L1	-1.34626144583984
ZNF585B	-1.34632342629973
PDCD7	-1.3466431541346
IBA57	-1.34706313634098
HSF4	-1.34748963567565
ATP5H	-1.34881800609675
ADAT2	-1.35004110662765
MORC3	-1.35018657934176
ALDH18A1	-1.35065475452879
GARS	-1.35140641438539
C1orf204	-1.35175270958005
ZNF599	-1.35181390637658
FUK	-1.35181671724881
FAM206A	-1.35243428250431
RP11-77P16.4	-1.35316726159935
IPO8	-1.354093942257
ZNF644	-1.35455279137917
GPR113	-1.35471746607371
FASTKD5	-1.35540698063671
CDC42SE1	-1.3561260983034
TCHP	-1.35660002831006
FRS2	-1.35710282495153
MTFR1	-1.35777815971546
C19orf54	-1.35838004775574
RP11-517P14.2	-1.35948236550081
LNP1	-1.36031178323795
ULK2	-1.36104077142796
UXT-AS1	-1.36132994276184
RP11-297C4.1	-1.36176049295771
SLC50A1	-1.36244369911887
GBAS	-1.36301123915787
KCNK12	-1.36359698748175
IRAK1BP1	-1.36369760561639
FLNB	-1.3643164731375
PDIK1L	-1.36438256959425
ZKSCAN1	-1.36481893211339
RP5-1139B12.3	-1.36621761084527
NEIL2	-1.3663557710396
MRP63	-1.36711355636679
LGALS3BP	-1.36776681354395
EPS15L1	-1.36786440474348
NUBPL	-1.36907840244837
SESN2	-1.36983068087612
CCDC122	-1.36997172716273
BRWD1	-1.37019816372809
MAK16	-1.37281198701164
WDR61	-1.37337242236325
NFATC2IP	-1.37371350821725
FEM1A	-1.37499189642021
EXOSC7	-1.37633673599665
PSMD5	-1.37659978933739
SLC25A11	-1.37777509710191
CTC-378H22.2	-1.37938753000546
PLCXD1	-1.38117519011042
CASC1	-1.3832432674245
NIN	-1.38388192160286
TCTN3	-1.38468980938184
LOH12CR1	-1.38564328609949
CTD-2116N20.1	-1.38613314005027
UCHL3	-1.38649189327053
OLA1	-1.38748684859289
PXMP4	-1.38823086272072
COG1	-1.38849661493428
RP11-336K24.12	-1.38882593170693
QRICH2	-1.38928577803834
KHSRP	-1.38965994343778
RP11-10L12.4	-1.3899772607193
ASH1L	-1.39000761010141
ZNF607	-1.39197401918916
CDK10	-1.39252648097378
NLRC5	-1.39280248894663
CYB5D2	-1.39287590355959
FGFR2	-1.39401386540181
HIST2H3D	-1.39439962521827
RP1-101K10.6	-1.39458177042486
CYP4F35P	-1.3946284976738
KRT18	-1.39502111602243
NSUN3	-1.39556266973044
FAM98C	-1.39635178514288
EHMT1	-1.39701314733194
SLC30A9	-1.39757864208897
MAP4K2	-1.39799139939698
SPDYE2	-1.39800887617105
ZMAT3	-1.39804372650189
PELI2	-1.39807044117035
PAN3	-1.39862801278093
POLR3B	-1.3998582952114
MGA	-1.40111286271949
BRMS1L	-1.40111462000821
AC011997.1	-1.402681676278
UBA5	-1.40349636847624
KIAA0196-AS1	-1.40381689898635
RPE	-1.40400579145718
ZNF506	-1.40496800517685
RAB40B	-1.40503596404683
CENPQ	-1.40522065182116
CDK5RAP3	-1.405505557954
TNPO1	-1.40640018049019
MRPL24	-1.40655543641682
ARHGEF9	-1.40770699659391
UNC119B	-1.40917198188839
TMEM80	-1.41001066975689
CHCHD7	-1.41048496225864
SRP9	-1.41182128663405
MYH11	-1.41208589744556
WDR59	-1.41313446282675
BCS1L	-1.41380197030535
CASC8	-1.41420359571287
RP11-326G21.1	-1.41449282979917
ZBTB11	-1.41597090222262
RP11-415F23.4	-1.4168397429492
PIK3IP1	-1.4175689742144
AP000254.8	-1.41768260305483
IQCH-AS1	-1.41888802438463
ZNF18	-1.41928163154788
RP11-171I2.2	-1.41958669539926
CTD-2035E11.5	-1.41977895798136
USP21	-1.42036094914894
EGLN2	-1.42168447766905
RCL1	-1.42178846911473
RNASEH2B-AS1	-1.42380493301884
PARP6	-1.42524741416307
RP11-159D12.2	-1.42615914122166
ENTPD4	-1.42949951724013
TFB2M	-1.42966176150092
XKR8	-1.42968063483391
ARHGAP10	-1.43042232740587
RP11-139H15.1	-1.43074237132324
YPEL2	-1.43103942979853
RP4-612B15.3	-1.43171480773971
TMEM8B	-1.43254747818772
C20orf27	-1.43259084664726
NUDT4	-1.43267895351754
SETD2	-1.4328979857681
ZNF318	-1.43331018891313
HDDC3	-1.43342989909178
RP11-393I2.4	-1.43361299381243
ARL6IP4	-1.43380912599844
JMJD1C	-1.43421435070251
ZNF451	-1.43650010795276
UBE2E3	-1.43676165186368
GOLPH3	-1.43718666558742
NXT2	-1.43746562988386
SNAPC3	-1.43754538271144
CTD-2113L7.1	-1.43787469651315
UTP15	-1.43919520791096
C1orf50	-1.43920575506977
LINC01125	-1.43932442248495
NUP155	-1.43933249494031
PPIAL4D	-1.44224724270066
MTCH1	-1.44345708101992
KCTD5	-1.4439740889204
RP11-927P21.1	-1.4442536284819
ZNF706	-1.44495292384745
RP11-849H4.2	-1.44586034663263
RP11-37C7.3	-1.44598029998802
ELF1	-1.44604596123594
UBE2G2	-1.44797045117059
RP11-417J8.3	-1.44866807779922
NSMAF	-1.44896190070003
RTCB	-1.4510109509561
RGPD5	-1.45132578547364
LYRM4	-1.45177598481092
SPRYD4	-1.45283310231987
HPS1	-1.45286907734617
TMEM245	-1.45299130931057
ASCL2	-1.45301031075337
CTC-458I2.2	-1.45308678198045
AC006129.1	-1.45350884921771
HSPA1L	-1.45417393145018
FSIP2	-1.4546760385032
ZNF546	-1.45490757574043
SWI5	-1.4555460003722
RP11-436I24.1	-1.45608376252432
RP11-380O24.1	-1.45625369129842
ZNF146	-1.45639678243082
BTAF1	-1.45726165617088
JAG1	-1.45740207522507
RP11-798G7.8	-1.45762232883252
ZFYVE27	-1.4576432909173
CLDND1	-1.45952908145176
HNRNPD	-1.46024126080407
CWC22	-1.46105147849632
DIS3L	-1.46137414644913
PDCD6IP	-1.46166248876872
ZSCAN12	-1.461901975608
TMEM187	-1.46195365037929
MGC4771	-1.46226284254895
AC007038.7	-1.46338822323194
LINC00894	-1.46387778587996
RWDD3	-1.46458385232876
ZNF618	-1.46522495793951
TNFRSF10D	-1.465760198664
CREBRF	-1.46636569465523
DDX11-AS1	-1.46677522272667
ANAPC16	-1.4674812729691
PKN1	-1.46759988514619
B3GNT2	-1.46771883256194
R3HDM1	-1.46780967387666
ASB8	-1.4678432219532
AGO3	-1.4679558602015
ITGA10	-1.46869619447017
BAG1	-1.4688049311712
NONO	-1.46898613018508
CTD-2651B20.3	-1.46923613730128
RP11-660L16.2	-1.47047213407981
LSM6	-1.47075473456717
AC062029.1	-1.47125422128998
ARL16	-1.47129070654496
TNKS2-AS1	-1.47174233771652
GDPD3	-1.4717656770576
GALC	-1.47326816801416
RP4-798A10.2	-1.47390935888815
NRF1	-1.47409810380648
SUN3	-1.47509169848289
STT3A	-1.47570831311052
EHBP1	-1.47762316096623
SRM	-1.47799465770365
DMKN	-1.47947409892291
RBKS	-1.47970783190437
ZNF426	-1.4797457106182
FAM21A	-1.48110067587803
MORN1	-1.48181533905312
ZNF106	-1.48256740779943
CRYBG3	-1.48311065306691
MARCH6	-1.48318837925834
LCMT2	-1.48385822459562
HIST3H2BB	-1.48405291231493
DPEP2	-1.48436022802663
MDM1	-1.4844142764141
RNF115	-1.48683681932553
NFYA	-1.4883382521827
C7orf43	-1.4884705161062
PYGM	-1.48847461518974
BACE1	-1.49082803264652
DTNBP1	-1.49091664324152
SDAD1	-1.49164201813938
RP11-425D10.10	-1.49195029669833
POMZP3	-1.49209895290077
SLC43A1	-1.49218149970442
RNF10	-1.49248828849886
UTRN	-1.49258996421662
CEP19	-1.49361696822212
DMTF1	-1.4939237034296
TKT	-1.4940469781197
CRYBG3-1	-1.49459372113216
GMDS	-1.49470408662055
IFT74	-1.49482432949645
CCDC94	-1.49537371842035
PPIG	-1.49547849475214
ALKBH4	-1.49652065280196
BTBD2	-1.49652128290414
SNRNP27	-1.49750352739046
RNF144B	-1.49816745730944
CD3D	-1.50018971728861
CDKN1C	-1.50031307996784
HIST2H2BE	-1.50143140213315
KIAA0355	-1.50208609718906
SBF2	-1.50342103391564
ABCG2	-1.50355952689152
CTD-2201G3.1	-1.503662346243
HAR1A	-1.50422180283551
SETDB2	-1.50461472832777
ZFP90	-1.50473371331691
PQBP1	-1.50555971064261
GPATCH11	-1.50580011242944
TBCA	-1.50650996811098
SLC25A35	-1.50675556395787
ZNF223-1	-1.50772627336186
KCTD18	-1.50784775833465
PIK3R4	-1.50828274577947
CLDN12	-1.50929315795198
CTD-2287O16.5	-1.50966799151695
TAF1D	-1.51105474019591
AC009961.3	-1.51111704242763
RNF44	-1.51258371517848
RP11-309M23.1	-1.51283624340541
RP11-96D1.11	-1.51593623980204
GLI4	-1.51668671294784
RWDD1	-1.51766970749035
TRIM23	-1.51783012804099
CYP2F1	-1.51827257643132
RINT1	-1.5190423043406
HSD17B14	-1.52009025563616
C1orf27	-1.52075912759434
ZDHHC6	-1.52142677193589
RP11-20I23.13	-1.52197331477043
DECR1	-1.52247710343727
ISCU	-1.52359396383074
NCLN	-1.52380845363014
C9orf78	-1.52400707534955
TOP1	-1.52499507481217
PFKL	-1.52703589852964
PRMT5	-1.52743422846791
ZNF17	-1.52771625020348
RP11-345P4.10	-1.52798360103889
UPK2	-1.52974323536187
MAP4K3	-1.52994173513296
TRIM34	-1.53097363727156
RBBP7	-1.53145460203824
EID2	-1.53270388685536
CTD-2054N24.2	-1.53428240094399
TMEM160	-1.53445336202289
PARN	-1.53466464698673
SCNN1A	-1.53554555602148
YTHDF3	-1.53619874984985
LMBR1L	-1.53786226652681
ZNF182	-1.53823472555172
ACKR3	-1.53826988726571
DOPEY1	-1.53969913296985
ESD	-1.54004641339825
AC092835.2	-1.54082485356067
SCLY	-1.54146284272981
SPDYE3	-1.54172010326791
RP11-343H19.1	-1.54257086757898
SLC3A1	-1.54290875227499
RP11-46D6.1	-1.54296158842737
MAD2L1	-1.54302956510267
LY75	-1.54351181522894
VAMP1	-1.5436686650868
C10orf95	-1.54468158826658
XRCC1	-1.54562123099326
ICT1	-1.54572075889104
RP11-473I1.5	-1.54666247270386
PDDC1	-1.54688691602678
TMEM9B-AS1	-1.5472541534407
SOX6	-1.54785445982853
STAG2	-1.54879559388085
RP11-110I1.12	-1.54940625400096
HIST2H3PS2	-1.5496307003689
DIRC3	-1.55092743017047
VPS26B	-1.55133661387437
AC015688.3	-1.55139088174264
CTD-2196E14.4	-1.55169761143581
ARID3B	-1.55191673849741
MAPK13	-1.5526316014633
UBE3B	-1.55319486112209
RP3-455J7.4	-1.55335337924731
PAXIP1	-1.5533864145183
ALG1L	-1.55568885035624
MTERFD1	-1.55600733359796
RP11-544M22.13	-1.5560542920183
IFRD1	-1.55697802068236
SGOL2	-1.55877693093258
SDHA	-1.559168456658
FGD5-AS1	-1.559970354606
TIA1	-1.56050160092926
PYCR2	-1.56156469474759
RP13-401N8.1	-1.56182966893369
RP11-252A24.7	-1.56267998833675
U91328.19	-1.56270417645679
IFT46	-1.56466509589174
RBMX2	-1.56506762236934
ARL17B	-1.56520336921455
RAC2	-1.56736894781175
RP11-98I9.4	-1.56788823082961
L3MBTL1	-1.56792065414341
IBTK	-1.56800372596418
FAM21C	-1.56845934821611
IL27RA	-1.56849144824114
RP5-884G6.2	-1.56889724925938
LACTB2	-1.5706740709432
DUSP28	-1.57114150632006
CCDC163P	-1.57118786755818
RP11-1007O24.3	-1.57135302144986
UBP1	-1.57196152875438
SPAG8	-1.57256048520251
TAF9	-1.57413979255155
RP11-22P6.3	-1.57494100352576
C2orf68	-1.57543894261923
CCDC154	-1.57600407735291
ZNF395	-1.57628875486516
ETNK1	-1.57649117708756
GPATCH3	-1.57726550979303
RGP1	-1.57733031904058
LYRM2	-1.57781883885188
ATF6	-1.57839025079767
FAM49B	-1.57911641410456
RP11-156E8.1	-1.57944481280724
PFDN4	-1.5795717008499
NCR1	-1.58065589019864
RP11-154J22.1	-1.58094076099814
LINC00665	-1.58130926561984
BTBD9	-1.58133304018829
STARD7	-1.58214596825722
C19orf12	-1.58248558476542
PZP	-1.58309202953844
RP1-118J21.25	-1.58318490990738
TCL1A	-1.58333754827549
UBR3	-1.58353653476941
ADH5	-1.583644045842
RP13-270P17.3	-1.58516277399363
NPR2	-1.58528919004928
TM9SF4	-1.58572615842629
RP11-96K19.5	-1.58575507907753
CTD-2201I18.1	-1.58601814490837
NREP	-1.58689228435536
SYCE1L	-1.5869034541976
PSMB4	-1.58756645486399
KDELR2	-1.58866676883208
SLC44A2	-1.58871208113471
AP5S1	-1.58950985690741
AFG3L2	-1.58953627730212
ENPP2	-1.59000992785095
CTD-2353F22.1	-1.59099238707049
RP11-158K1.3	-1.59116151861565
INTS9	-1.59148356400011
STXBP5-AS1	-1.59199145635626
RNF31	-1.59235925631088
SMYD5	-1.59250507573132
MSANTD2	-1.59270470510417
RP11-500C11.3	-1.59344853326007
SRRM5	-1.59373555338262
HIST1H4D	-1.59565379078005
KLHDC8B	-1.59679255110798
HMGCL	-1.59690269184179
GOLGA7	-1.5979977564069
CERKL	-1.59811676161947
RP11-713P17.3	-1.59960967781394
RP1-225E12.2	-1.59969801838076
CEP85L	-1.60038898337693
PDIA4	-1.60449350251289
RP11-260M2.1	-1.60506906959351
MARK3	-1.60654141509662
RP5-977B1.7	-1.60707522234729
ZMIZ1-AS1	-1.60729830497592
CTD-2186M15.3	-1.60866101929623
IRAK4	-1.60918160840045
GFER	-1.60967282201509
RP3-395M20.9	-1.60999773984905
ZNF257	-1.61048710302829
DNHD1	-1.61116763373009
TBC1D4	-1.61228388647365
HFE	-1.6129275748811
CD300A	-1.61365724570843
LYSMD3	-1.61400571178015
CCT5	-1.61498001984265
MAPK14	-1.6152193806699
STAMBPL1	-1.61620459513966
ZNF236	-1.6172521542047
RPPH1	-1.61814399981499
THG1L	-1.6183068752288
IRS2	-1.61884087373248
EIF1	-1.61958330612601
RP11-930P14.2	-1.61988321931009
ZNF626	-1.61990938881259
CTD-2587H19.1	-1.61993561540429
GSTCD	-1.61994716707846
AC091633.3	-1.61996762699676
PIGZ	-1.62065459532918
RP13-941N14.1	-1.62072025800558
CCDC134	-1.62215087852762
ZNF511	-1.62437949715471
WBSCR27	-1.62504022431878
GTF3C3	-1.6251582568843
RP11-73K9.2	-1.6256770920026
KDM1B	-1.62600632842881
AC003075.4	-1.62655585554495
GPR146	-1.62745239589995
ZNF789	-1.62778397492144
ZNF551	-1.62803498939732
ZNF724P	-1.62858603229049
CPSF7	-1.6293799148882
TCP11L2	-1.6296860153207
NDUFV3	-1.62990692638844
CHCHD4	-1.63174291536315
SNRPE	-1.63299094649066
ZHX3	-1.63318309906486
NOP58	-1.63340165734005
ZNF14	-1.63354353976955
CA5B	-1.63388668823125
ZNF527	-1.63404248034268
DDHD1	-1.63453456021248
HIST1H2BF	-1.63501869102627
PIP4K2B	-1.63591414835437
CACNA1H	-1.63610014990334
PRPF3	-1.63629483673742
MAU2	-1.63631705686022
IGF2BP3	-1.63754043237159
TANC1	-1.63851731981748
LRRC20	-1.63857057575831
LRRC6	-1.63892655182744
WDR6	-1.63898116447749
POLR2J2	-1.63920997259995
FBXL8	-1.6395432180773
NME2	-1.63956205597497
FNTB	-1.64051035972404
MED1	-1.64061887293856
RP11-231D20.2	-1.64154919547066
RITA1	-1.64211515611822
WFS1	-1.64213678866284
MARCH7	-1.64318667734423
C20orf24	-1.64371243251351
ZNF582	-1.64575323561205
SUCLA2	-1.64635435017002
PLK1	-1.64758411110315
GTF2H5	-1.64836841597243
RP11-304M2.5	-1.64871812081909
LENG1	-1.64916019586792
ESPN	-1.65040302485992
BCLAF1	-1.65056816599266
TOM1	-1.65142640076733
SYNRG	-1.65144854047703
C5orf56	-1.65205959355422
ALG6	-1.65282046015376
URI1	-1.65358714394025
DNAJC16	-1.65379556512395
NBAS	-1.65383781767093
KDM3A	-1.6539159627944
HINT3	-1.65495445821519
RP11-298I3.1	-1.65736725756467
RP6-206I17.1	-1.65737654230306
RP11-244H3.4	-1.65858434947144
ZNF671	-1.65929765973741
SZT2	-1.65971788303127
RGL1	-1.65975686390017
KPNB1	-1.66103565366071
CARS2	-1.66136649743473
RP11-277B15.3	-1.66225215687174
RP11-46F15.2	-1.66267316833728
TMEM251	-1.66310805208061
RPS6KB1	-1.66396600655202
MRPL19	-1.66422930048346
GSPT2	-1.66541019651983
VPS9D1	-1.66608769687401
MST1	-1.66787621569498
TP53TG3D	-1.66836486578733
HIATL2	-1.66853975904117
ANKS6	-1.66872337718702
AHSA2	-1.67022097405214
ZNF140	-1.67035335651381
ATAD1	-1.67050471093113
PYGO2	-1.67063048479702
NSMCE4A	-1.67192766013434
UBAP2L	-1.6744205763468
CWC15	-1.67507823969394
THSD1	-1.67553465294072
ATL2	-1.67572771682669
HNRNPK	-1.67756922162769
HNRNPA2B1	-1.67801831965835
ALKBH1	-1.67832278242789
GTF3A	-1.67848994024523
NMT2	-1.67943442464339
AC016700.5	-1.68009500346401
H2AFY2	-1.68017471138433
PLA2G10	-1.68116890859025
SHMT2	-1.68365392648606
VPS45	-1.68385162116238
XPNPEP3	-1.68428480547692
RP11-480D4.2	-1.68473639662181
STIM2	-1.68528329456095
RP4-583P15.10	-1.68573173840458
LINC00869	-1.68631005732378
HIST1H2BL	-1.689348538726
ZNF587B	-1.68993259221512
AC093157.1	-1.69235103380487
UBE2O	-1.69272386734287
CIR1	-1.69281920306921
MAST3	-1.69283183005538
ZC3H6	-1.69291032211029
GBP7	-1.69337244119733
PRSS1	-1.69401993230171
PNO1	-1.69435000348774
ZSCAN20	-1.69436351956299
ZFYVE9	-1.69440433873959
ZNHIT3	-1.69521226526477
RP11-849F2.7	-1.69575048260628
MYOM1	-1.69594032768341
TIMM21	-1.69619458962174
SNN	-1.6963427276669
MT-ATP8	-1.69653958444453
C11orf73	-1.69712440100402
KCTD7	-1.69754149859691
AC005808.3	-1.69839585683592
TMEM203	-1.69902581506104
CTD-2314B22.3	-1.69922950435556
FDX1L	-1.69925034197226
RBM27	-1.69977273389499
DDX52	-1.7007704364063
SLC25A51	-1.70083026110737
VPS4A	-1.70136717687465
HSP90AB1	-1.70266242959642
LRRC61	-1.70329091862256
RP11-166O4.6	-1.70491610012377
RP1-37N7.3	-1.70507708976432
CPT2	-1.70545373426317
DYRK1A	-1.70556520762936
RP4-549L20.3	-1.7059486672287
CTD-2368P22.1	-1.70694559090057
DGAT1	-1.70720871499132
FBXW8	-1.71018111652888
MGMT	-1.71024836914253
SEC24B	-1.7102528982436
BAHD1	-1.71148885570737
MSH2	-1.71242590795481
CARNS1	-1.71261021490429
HPS5	-1.71274248629344
AP001258.4	-1.71278093927132
AP5M1	-1.71296965973012
DHX33	-1.71407838461587
POM121C	-1.7141357450815
UBQLN1	-1.71437621966558
LINC00565	-1.71504925907433
RP11-53O19.3	-1.71537552959017
ZNF630	-1.71565232856911
TMEM9	-1.71599211068049
DYNLL2	-1.71601726709757
ZNF619	-1.7165440451029
CPM	-1.71682452191746
POLR2C	-1.71711120328257
CPNE8	-1.71721404651633
RP11-342K6.1	-1.71725889379446
UROS	-1.71814757802302
NEDD1	-1.71831906328695
ZXDC	-1.71919501691986
LINC00174	-1.71943572824859
ZNF467	-1.7196264611782
SPG21	-1.72053802359193
AAAS	-1.7220317547908
ZNF460	-1.72361001993265
KLKB1	-1.72387328098177
C19orf47	-1.72500601106199
IRS1	-1.72523848777242
KPNA3	-1.72633758548454
CCDC88C	-1.72728734143813
BCAS2	-1.72758648317972
STRBP	-1.72835227060463
BTN3A1	-1.72908959925359
IGHMBP2	-1.72918569862805
CCND3	-1.72995613875583
ZNF337-AS1	-1.73112227611053
DHRS11	-1.73127958772255
SLC12A9	-1.73154692791931
MATN2	-1.73174699633228
AP1S2	-1.73198828971681
POLR1C	-1.73256164907041
RP11-573D15.9	-1.73295456891349
SNED1	-1.73304897226845
MAP4K4	-1.73369441298298
CATSPER2	-1.73421056181166
TRERF1	-1.73527853013571
SEMA4G	-1.73528558794754
FLT4	-1.7354897316351
RP11-423O2.5	-1.73609002586667
PROX2	-1.73634991723415
CECR1	-1.73736890685366
IMP4	-1.73779447353685
RAD17	-1.73789778995798
NKTR	-1.73943175803679
METTL4	-1.73947140974532
EBLN2	-1.74071743677119
LRRC8C	-1.7418850009977
COX16	-1.7419789975659
CCDC25	-1.74237866411323
RRAS2	-1.74245730322944
AC069513.4	-1.7426956904097
CUL4A	-1.74393158527943
CCNK	-1.74628030718061
CYLD	-1.74673967946839
RP1-315G1.3	-1.74754258695648
SART1	-1.74756691129869
FTCDNL1	-1.74834209912512
SNF8	-1.74847894132025
RHOU	-1.74888607480639
CNKSR1	-1.74953609220501
MITD1	-1.74960937783942
MORN3	-1.75015126987204
RP11-267N12.3	-1.75034475584247
SFR1	-1.7512336400369
DENR	-1.75128020163039
DNAJC2	-1.75140964840929
COASY	-1.75193029687081
ALPK1	-1.75261671229793
ZNF362	-1.75401608523379
TRIP11	-1.7546107115187
SMCR8	-1.755641144575
ARMC8	-1.75604428487837
PRKRIP1	-1.75651508158079
ARRDC5	-1.7571444775295
CMTR2	-1.75722624132529
KIAA0020	-1.75761939632245
CGRRF1	-1.75775355249284
RP11-126K1.6	-1.75805345606346
RP5-1021I20.1	-1.75825171796455
RP11-22P6.2	-1.75851756585993
RANGRF	-1.75931909321512
IPO4	-1.75995611748795
SMPD4	-1.76063469986068
MYPOP	-1.76100035899537
AASDHPPT	-1.76100326253074
LINC01063	-1.76123134075616
ZNF26	-1.76186202574579
C2orf44	-1.76275380059891
HADHA	-1.76290105144586
LAMA2	-1.76509937517008
STXBP1	-1.76628395000204
DDX50	-1.76656031198661
TXNDC16	-1.76678343000908
TCAIM	-1.76791757505475
RP11-464F9.20	-1.76822576938065
LINC00925	-1.76823710150286
ASPSCR1	-1.77075863824101
ODF2L	-1.77127283945161
TTC19	-1.77193911421978
ACSS1	-1.77196729643914
SRRM2	-1.77364632130567
MTX3	-1.77429163236743
SUMO4	-1.77438561496431
FBXL3	-1.77500894518014
EPN1	-1.775311332849
PPP1R21	-1.77783937673958
ZNF230	-1.77822720692798
COMMD9	-1.77839562540871
RMDN2	-1.77862799593462
NDUFAF3	-1.77893134890974
RP11-732M18.3	-1.77898846090863
C17orf104	-1.7793197915218
ZFAND3	-1.77945300589878
IFT172	-1.78101921855504
AC004381.7	-1.78145513165938
GS1-124K5.3	-1.78310056519574
ZNF627	-1.78400676761194
RP11-706O15.1	-1.78428952715754
MFSD3	-1.78455579181237
PSKH1	-1.78498555308058
OTUD3	-1.78591239870366
FAM73A	-1.78638229389045
ARSK	-1.78698088080401
ZNF326	-1.78745947522483
RP11-544I20.2	-1.78771089811155
KIAA1377	-1.78800857383331
CTB-129O4.1	-1.78803473443668
RP5-864K19.4	-1.78873640795927
FAM157A	-1.78891975177598
SFSWAP	-1.78906469617706
GEMIN8	-1.7899500314095
ASTE1	-1.79046258228509
ANKZF1	-1.79099550355016
GNB1L	-1.7928590129046
FAM122C	-1.79311473938482
PTOV1-AS1	-1.79322504198351
TUFM	-1.79336791089884
ZNF407	-1.79367385751487
SLAIN1	-1.79410090791775
PRKCZ	-1.79449613443466
TMA16	-1.79454658555669
CTD-2007H13.3	-1.79458098269825
RP11-477D19.2	-1.79559496665734
RP11-5C23.1	-1.79660327807534
GS1-124K5.11	-1.79751697231929
TYW3	-1.79858646528857
PEBP1	-1.79887850555311
ZNF232	-1.79888553589184
CTD-2035E11.4	-1.80060243049457
MZT1	-1.80083526691588
RREB1	-1.80102569919986
SLMO1	-1.80118967214917
PANK1	-1.80260104314733
OXNAD1	-1.80271310293008
GPR89B	-1.80316514102835
PHIP	-1.80430887822067
MAST4-AS1	-1.80541518859362
TRA2B	-1.80572677338524
CCDC18	-1.80577928867034
ZNF80	-1.80683545854022
RNF26	-1.80912352561709
GLYR1	-1.81052356131741
MICU2	-1.81139239638975
ZNF780B	-1.81174195323104
TRAPPC5	-1.81179979239868
MAML3	-1.81226485250915
RP11-264B17.5	-1.81299118732815
COQ6	-1.81374674264405
METTL5	-1.81449233381954
TANC2	-1.81583745861562
ZCCHC11	-1.81604243155822
ZFAT	-1.81673652075021
RAB24	-1.81703985407607
LIN9	-1.81726745107165
ZNF300	-1.81796074192135
RP5-827C21.6	-1.81804265289234
CNOT4	-1.81822299873415
RP11-367N14.2	-1.81836128334974
TMC4	-1.81925745873295
DDX1	-1.81973421419934
HSD11B1	-1.81985445390424
WDR78	-1.81988839615914
CTC-297N7.8	-1.82193861304403
PTDSS1	-1.8227293218405
CCDC183	-1.8231253316165
HCG25	-1.82364778775066
SLC9B2	-1.82401038338407
PUS1	-1.82428198216745
ABCF3	-1.82510821264996
FAM71E1	-1.82590108637333
TDRD12	-1.82594953603497
TM4SF19-AS1	-1.82725116855009
C6orf57	-1.82856798497672
AE000662.92	-1.82931739212415
MTIF2	-1.8301969330653
FAM231D	-1.83065100362898
ATAD2B	-1.8312988256942
PPP6R2	-1.83211299394773
SIN3B	-1.8323433247962
UBA7	-1.83235334423493
RALGAPA2	-1.83299873453244
SEC24B-AS1	-1.83351112355371
FAM184B	-1.83385369844651
NFS1	-1.83408404538495
GNPDA2	-1.83423487354428
SEC61A1	-1.83537165471504
IKBKAP	-1.83584872644291
EMC8	-1.8367039661213
CTD-2514K5.2	-1.83906454293635
ZMYM1	-1.83913734291509
RP11-359K18.3	-1.8398305133631
ZNF420	-1.84008696057074
LINC00200	-1.84110700285599
HILPDA	-1.84133794001483
NECAB3	-1.84153020365002
ID1	-1.8416949651088
CROT	-1.84212112806889
THAP3	-1.84218604874578
ANGEL2	-1.84315362398676
C21orf119	-1.84337605686345
ZNF492	-1.84550627122121
RNF219-AS1	-1.84552813616379
IL7R	-1.84644396255904
MBTPS2	-1.84700780566053
ANKAR	-1.84747403633281
NAA10	-1.8483035362439
SYT5	-1.84871505476692
RP11-91J19.4	-1.84989822395383
TERC	-1.85035384924411
CD7	-1.85053849656707
TBRG1	-1.85074004620306
RP11-17A1.3	-1.8540187584288
GPM6B	-1.85416943890077
ZYX	-1.85457145123304
ARMC1	-1.85569707922879
ATRAID	-1.85659353161017
NBPF3	-1.8571312540369
PIK3R1	-1.85856230618159
CHKB-AS1	-1.85869848800196
IDUA	-1.85929892303261
PDF	-1.8596761318819
HDHD3	-1.85987446793611
AAMP	-1.85988043053503
RP11-640M9.1	-1.86017069797289
PLEKHG5	-1.86272711429447
FAM129C	-1.86396952705946
ACTR6	-1.86410940687214
RP11-430H10.1	-1.86488231433415
UPF2	-1.86547845934474
RUFY3	-1.86552934910249
FAM73B	-1.86563755714374
ZBTB33	-1.86574605847467
RP11-385D13.3	-1.86695958466796
RP11-509J21.1	-1.86720720188371
RP11-166B2.8	-1.86869542165192
WBSCR16	-1.86874935195548
RP5-886K2.3	-1.87123809818106
SLC25A39	-1.8712608809494
ZNF417	-1.87135518349762
KRBA2	-1.87202578418231
SNHG15	-1.87216573933949
FOPNL	-1.87302437160289
ATP9B	-1.8744797810167
TMEM79	-1.87613569067959
WTAP	-1.8761788298492
ANXA11	-1.87677998414242
CTD-2532N20.1	-1.87718720702246
GNG8	-1.87792824569378
ZNF614	-1.87824578736874
SMAD5	-1.87945840817038
ZNF442	-1.87967450695959
UPF3B	-1.88073128317328
ZFAND2B	-1.88092936048472
RP5-1136G13.2	-1.88411363852839
AC006372.5	-1.88427887372544
EIF2B1	-1.88433698983659
RP11-77I22.2	-1.88505879784422
TIGD6	-1.88541634700787
ZNF830	-1.88718359996496
CTD-2302E22.4	-1.88737707932708
MIR940	-1.88887068189026
RTTN	-1.88923274803276
EIF4E3	-1.88948574446007
CD274	-1.88974579128006
DKC1	-1.88981582899227
RP13-638C3.4	-1.88983886870396
MBTPS1	-1.89198099838111
ZC3H3	-1.89334903470166
RP11-513M16.8	-1.89344603401099
DNMT1	-1.89377522181378
RP11-770J1.5	-1.89412873976903
ZP3	-1.89582661967454
PIM2	-1.89800559748147
MOB2	-1.89886047433952
RP11-182J1.1	-1.90007626441552
DROSHA	-1.90024516942629
THAP5	-1.90110004077432
KDM2A	-1.90485330496011
WDR7	-1.90510383647988
RP4-660H19.1	-1.90531088400801
RP11-1114A5.4	-1.90577055745109
FLOT2	-1.90632696742849
CTD-2192J16.22	-1.90642288393199
TSPAN3	-1.90725859870275
FCHO1	-1.90797931134422
AC012358.8	-1.90818179662682
C8orf31	-1.90863636060136
ZNF784	-1.90919948926365
FAM58A	-1.91059460297615
KIAA1328	-1.91070103252925
RP11-158H5.7	-1.91150849340753
BBS10	-1.9122207151086
RP11-318A15.2	-1.91258880825421
PRPS2	-1.91295671462888
RP11-802O23.3	-1.91430097725548
ATP5L	-1.9145309229596
MRPL32	-1.9152944067284
MAN2A1	-1.91564213905814
TCEANC2	-1.91583798165366
CTD-2534I21.8	-1.91607535493165
TM7SF3	-1.91633249713068
RP11-420G6.4	-1.91653097196392
AXIN1	-1.91868766556755
MT-ND2	-1.91952399352503
U2AF2	-1.92128636945658
CERS6-AS1	-1.92215916708064
CTD-2012K14.7	-1.92258624873707
RAB15	-1.92285739315279
SDHD	-1.92467278864916
BEND4	-1.92507569129913
SCG5	-1.92702307558894
LITAF	-1.92884843128468
EPG5	-1.93042590999569
ZNF518B	-1.93106882449199
THAP7	-1.93190623819878
LIMS3-1	-1.93204976119976
TSPAN15	-1.93205296633343
METAP2	-1.9330791056881
RP11-320M2.1	-1.93351077243238
POGZ	-1.9338076671862
TNRC6A	-1.93398897202692
SRP72	-1.93432161558717
MRPL40	-1.9358706942
RFWD2	-1.93607275103208
ZNF597	-1.93845739542857
SERPINI1	-1.93860063368706
PPP4R2	-1.93902387802624
LIN7C	-1.93924539516907
RBM10	-1.94014785256595
ALG10	-1.94015978885445
ATP1A1	-1.94039253339097
SUCLG1	-1.94046045146573
C7orf13	-1.94120229508649
TOP1MT	-1.94152847949142
ZNF587	-1.94158048712525
RSBN1L	-1.94160147900623
UBXN7	-1.94284628011982
DBF4	-1.94334985032904
FTX	-1.94418246812751
INTS12	-1.94433305881317
DEPTOR	-1.94438358417435
HEBP1	-1.94480295946062
RP11-54O7.11	-1.94506229064828
USP40	-1.94539308835989
CCHCR1	-1.94609568414896
ZNF343	-1.94660408094687
RAD51C	-1.94662675139654
HNRNPU	-1.94677426248721
RP11-345P4.7	-1.94685366706162
COL18A1	-1.94796368926604
MRPS10	-1.94804911741799
HNRNPM	-1.94968063306929
NOL8	-1.94989528309388
ERCC5	-1.95108408835727
C12orf73	-1.95153355115924
GEMIN5	-1.95194601363333
SULT1A3	-1.95250310167417
SYCE1	-1.95466133689831
RP3-323N1.2	-1.95510958546995
ACVR2B	-1.95565504344111
KCTD21-AS1	-1.95593710610523
CD55	-1.95650507505056
FER	-1.95700781073474
CCNT2-AS1	-1.95745820387633
DPY19L2	-1.95860138023224
LL0XNC01-116E7.2	-1.95882708274046
VRK3	-1.95891695131109
KLRF1	-1.95893050165084
RHOT1	-1.95925378703513
MAP4K5	-1.95926265386471
NDUFV1	-1.95999506310239
PRKD3	-1.96068701619566
C9orf156	-1.96132318195765
RP11-139J15.7	-1.96174640976269
LINC00441	-1.96181481067321
TIMM10B	-1.96215104981999
NDC1	-1.96229614445547
ZNF585A	-1.96357165386141
KIN	-1.96663145443085
PRR7	-1.96711334038347
PCMTD1	-1.9673956873604
RP11-274B21.10	-1.9676934217982
PRSS16	-1.96895476175457
THAP9	-1.96906207860357
RP11-326C3.2	-1.96950327687979
ZNF577	-1.97080866530505
ABCD3	-1.97169189450257
AGAP8	-1.97173733213028
CTD-2541J13.2	-1.97180777579332
ERGIC3	-1.97244254664493
PDK2	-1.97249384716815
UBE2D2	-1.97249466055076
NUP54	-1.97353800239524
MRPS16	-1.97374479932047
ANP32A	-1.97435009331435
AP000692.10	-1.97578861784533
OGFOD2	-1.97673923131724
AC005003.1	-1.97793251262276
AC097721.2	-1.9781939327836
RFT1	-1.98041775003014
SMYD4	-1.98133734181095
RP11-384K6.6	-1.98193619361798
STAT5B	-1.9822808909237
GATAD2A	-1.98257904122007
RP11-390F4.3	-1.98478932924621
ARL5B	-1.98492024498655
ZNF341	-1.98504627255931
RP11-307C12.12	-1.98521350915007
RSRC1	-1.98558795188709
AC002467.7	-1.98572100864767
FAM224B	-1.9863637678864
KBTBD7	-1.98639663106017
ZNF281	-1.98648657700978
ANKRD13A	-1.98784074252736
METTL23	-1.98821999122342
MFSD4	-1.98840576179523
SPATA5L1	-1.98843711215613
WDPCP	-1.98903099212791
MKRN2	-1.99005613039105
C9orf3	-1.99021876787545
AL020996.1	-1.99030479629595
TBC1D10C	-1.99071896375945
RP11-378J18.8	-1.99141493278518
RPS6KA1	-1.99169011881668
RP4-686C3.7	-1.99276039406215
RP3-388M5.9	-1.99290932989552
NXPE3	-1.99305723281411
RP11-758P17.3	-1.99447982651803
MRPL18	-1.996902095012
NACA2	-1.99774116238754
DNAJB9	-1.99929859374722
ARFGAP2	-1.99982186227977
ZNF565	-2.00073057722611
RP11-169E6.1	-2.00425269161235
ACTG1	-2.00431195889033
RAD51D	-2.00479418502725
BET1	-2.0062385483115
PAQR8	-2.00661222549907
CCDC34	-2.00662876837728
RPP25	-2.00785539713431
CARD11	-2.00788403832533
PCID2	-2.00880783704127
HSPA5	-2.01080263157408
RP11-2B6.2	-2.01289895002545
C2CD5	-2.01513258557182
LINC00863	-2.01533526228435
ENOPH1	-2.0155004737324
ST3GAL2	-2.01552476072799
FIP1L1	-2.01706499259588
RANBP6	-2.01755798638284
YARS2	-2.01856720901861
FNBP4	-2.02286955920035
FAM120AOS	-2.02368424245005
BRF2	-2.0238344815325
ADK	-2.02446274390729
CTDSP2	-2.02533072086496
CCDC144A	-2.02554795798264
SCAP	-2.02572030551078
PPAPDC2	-2.02578522405978
ACVR1B	-2.02579051063713
FUNDC2	-2.02638654081125
LEAP2	-2.02765180697464
GGA1	-2.02830748514663
PROSER1	-2.02901524852918
STOX1	-2.0291527305335
PLEKHJ1	-2.03056301355768
FAM199X	-2.03061694599847
COX14	-2.03139946399336
SMAD2	-2.03182267863097
CHERP	-2.03202009041722
CELSR2	-2.03324471685486
MLXIP	-2.03416463919682
MTERFD2	-2.0349393763241
RP11-796E2.4	-2.03494395315577
MEPCE	-2.03528917391992
RP11-580I16.2	-2.03557164375208
TBPL1	-2.03573854939241
MT-CO2	-2.03613162772327
RP11-379K17.4	-2.03618837244772
LRFN3	-2.03632967036934
NKAP	-2.03765639070428
DRG1	-2.03846574369087
TMEM167B	-2.03850757131368
WDR5B	-2.03871085191719
FAM157B	-2.04019633716667
TSACC	-2.04096909177625
HERC2	-2.04322515011095
RP11-134G8.7	-2.04337234563834
DGCR2	-2.04377534009311
TRADD	-2.04409112335947
DFFA	-2.04434523911683
HP1BP3	-2.04561930701219
C1orf200	-2.04591032500696
SFI1	-2.04611385234894
ZNF181	-2.04688567826092
FIGNL1	-2.04996674632438
APOL3	-2.05148526084643
LNPEP	-2.05203236988134
SDR42E1	-2.05206637664211
hsa-mir-150	-2.05305299787032
MAF1	-2.05356064344448
GPAM	-2.05532730618992
LRRC47	-2.05576153429419
CNIH4	-2.05586533526659
AF196972.9	-2.05636414533457
TUBGCP4	-2.0585118148892
FUBP1	-2.05917644610303
PHKB	-2.05923748126836
MZT2A	-2.06075586866035
PRSS21	-2.06193795483913
RP11-401P9.5	-2.06196639908458
EID1	-2.06197773775837
RP11-575L7.8	-2.0627860070386
MTHFS	-2.06315179174159
RBAK-RBAKDN	-2.06409725196489
WIBG	-2.06438166902192
Z83851.3	-2.06449922093689
FAM122B	-2.06501538479826
PICK1	-2.06528471882593
AC062028.1	-2.06568255533756
PI4KB	-2.06673917272422
LYRM9	-2.06690167897302
CLOCK	-2.06690835465409
CLINT1	-2.06811509954929
RP5-1074L1.4	-2.06868674085034
MRPL34	-2.06870797242406
FAM210A	-2.06969122449812
C6orf211	-2.06997952462116
SLC26A11	-2.07149825533199
SFPQ	-2.07237305775487
SLC25A33	-2.07285476442478
SLMAP	-2.07473944299346
IRF2	-2.07606347677612
PPFIBP1	-2.07638249879253
FAM45A	-2.0776935127323
NAT10	-2.07794085002146
FARSA	-2.07842236969102
SPNS3	-2.07884477387902
SLC2A4RG	-2.07895277202974
RBM12B	-2.07953047941332
PHLDB3	-2.07966026796453
NKIRAS1	-2.07996492791267
NCL	-2.08076561734241
SLC6A16	-2.0807823876149
NBPF16	-2.08162176605431
SUV420H1	-2.08191064056736
HSPH1	-2.0821133978165
MDP1	-2.08236864776518
AC022400.2	-2.08359704069136
MRI1	-2.08369403054778
SYNE4	-2.08373642682602
HACL1	-2.08405783061431
TOMM40	-2.08436039580381
CTC-232P5.1	-2.08451369686651
GCH1	-2.08587768982909
SLC35A5	-2.08670940357498
RP1-43E13.2	-2.0886165230257
KLHL4	-2.08951587174608
RAB23	-2.09037486892011
CTD-2090I13.1	-2.09072229135738
DDX39B	-2.09138212287395
PTGES3	-2.09163940196237
UBN2	-2.09177406928411
RP11-326F20.5	-2.09197129517937
ATL1	-2.09254557529451
RP11-533E19.5	-2.09560909488591
USP48	-2.09597887055164
ZFP37	-2.09730890174664
RP11-84G21.1	-2.09817325235576
METTL9	-2.09962461618576
KANSL1L	-2.09988547023842
CCDC85B	-2.10014355873878
CXorf24	-2.10041297474319
CYC1	-2.1025450689331
IFT20	-2.10279897972849
HMBOX1	-2.10291655944501
HIST1H2BC	-2.10301610344729
CHIC1	-2.10401554495165
RP11-758M4.4	-2.1049027883157
C1orf54	-2.10513988558979
FAM46A	-2.10537420190096
ORC2	-2.10599331187122
VILL	-2.10751970329709
AC009473.1	-2.10807189057304
IKZF5	-2.10837506987543
C17orf80	-2.1086263370908
AFAP1L2	-2.10931283630962
MFNG	-2.10970464786308
USP51	-2.10989724223252
KLHL9	-2.11006966340853
ZER1	-2.11276816605235
TPRA1	-2.11378766520174
TC2N	-2.11449603114753
ZCCHC4	-2.11491846210834
FAM133B	-2.1154795939571
ARL17A	-2.11581803325303
CDK20	-2.1179764068683
SPAG16	-2.1190682621538
TIPIN	-2.11911468726986
PPP2R3B	-2.12015291732364
RP11-757F18.5	-2.12133233841643
RP5-1115A15.1	-2.12193030878549
UBASH3A	-2.12514241622191
GMPR2	-2.1258544243056
CCDC86	-2.12598106458625
RRAGB	-2.12634409348827
PRPF8	-2.12725739778925
TAF5	-2.12803539945696
CCDC30	-2.13087870088149
ORMDL1	-2.13093887744949
FRAT2	-2.13257697603347
TBCEL	-2.13266703627678
DMGDH	-2.13277020074944
NUP133	-2.13351769388352
OGFR	-2.1368242882057
PHC3	-2.13735965881223
CNOT11	-2.13873994805034
ZNF558	-2.13948643980036
MIEF1	-2.13974618284459
TAS2R14	-2.14066340580789
CLCN3	-2.14068859188494
ABCA1	-2.1413888949703
RMND5B	-2.14185955378281
AC007382.1	-2.14319494006259
TSTD1	-2.14349617803882
RP11-661P17.1	-2.14585602935196
EIF3J-AS1	-2.14587708552246
OSBPL9	-2.14735085812019
GID8	-2.14921086365047
ARHGAP4	-2.14943280567204
PHKA2	-2.14956049727746
ZNF727	-2.14993519560064
PEX12	-2.15035213453098
CNBP	-2.15129618221894
SUCLA2-AS1	-2.15195165158455
GTF2E2	-2.15326616443501
FXYD7	-2.15338461083642
THOC1	-2.15365027995986
HYLS1	-2.15374155190225
C9orf114	-2.15500809641642
SLC7A6OS	-2.15539349994635
AD000090.2	-2.15556520299166
ZNF75A	-2.15575134566542
ANAPC5	-2.15621934036445
COX18	-2.15674765655537
GATC	-2.15829767499065
BEND5	-2.1586766965127
KDM4D	-2.15986659989793
RP11-121C2.2	-2.16086688791636
THOC2	-2.16090578057825
DENND4B	-2.1611657651105
TLE4	-2.16116643863602
FNIP2	-2.16381259484572
ATF7IP	-2.16479237069211
LENG8	-2.16501324002036
NCBP1	-2.16579569857047
MRPL14	-2.16588703456121
ZNF208	-2.16765446746998
GCAT	-2.16913384121549
ULK3	-2.16921099858413
DEPDC5	-2.16979759347212
IFNG-AS1	-2.17026840540421
C16orf86	-2.17164270109055
LAMTOR5-AS1	-2.17269547435244
CTD-2245F17.3	-2.17287523679431
AC007879.5	-2.17354274731563
LCK	-2.17379005154029
USP46-AS1	-2.17385633754696
UBL7-AS1	-2.17471783607797
ZNF793	-2.17483774006207
BCL2L14	-2.17592963783779
MRPS34	-2.17613463466498
ARMCX3	-2.1762646737374
STAP1	-2.17645928522045
RABL2A	-2.17694504254246
TXNL1	-2.17758240378554
PIGL	-2.17761138657067
RP5-1071N3.1	-2.17761834818358
SCARNA2	-2.1776854289494
DNAJB2	-2.17983141829732
PDCD11	-2.18039173843452
BOLA1	-2.18185575289918
SAT2	-2.18257160362578
TMEM170A	-2.18267546050815
SAFB	-2.18298745918654
HMG20B	-2.1831310261665
CSTF3-AS1	-2.18340048759551
C12orf54	-2.1846614728989
CREB3L4	-2.18514643317572
TRMT12	-2.18575557684297
CLEC16A	-2.18696447793679
CTU1	-2.18728174722264
C19orf24	-2.18761308142788
TMEM194B	-2.18925119742677
RP11-421M1.8	-2.1913174216702
FAM134C	-2.19154443026936
DSCR9	-2.19421229513976
RPP38	-2.19476800494245
USP20	-2.19477930834284
RPL7L1	-2.19490519067927
PRRT3	-2.19517149763873
UTP3	-2.19563372739946
UTP18	-2.19651009268256
RP3-467L1.4	-2.19830673090894
ZXDA	-2.20024033633815
RP11-773D16.1	-2.20155687628587
TARBP2	-2.20273409528068
LSM12	-2.20359004386975
TIFA	-2.20398733215205
TTC18	-2.20464406374104
MLST8	-2.20578196453063
ECD	-2.2061745659939
BHLHB9	-2.20668998866741
ZNF677	-2.20700190437015
HOXA1	-2.20736877605398
ZNF43	-2.20791347192662
MIR1302-9	-2.20878458808486
CTD-2342J14.6	-2.20961686912653
NAA16	-2.20984222405595
RP11-983P16.4	-2.21002915997696
FUNDC1	-2.21039367537165
S1PR5	-2.21077471391882
ACPL2	-2.21110836572645
RP11-646I6.5	-2.21181058239753
RP1-111C20.4	-2.21236735724336
ARL15	-2.2124727770143
AC005076.5	-2.21262908328713
CTD-3220F14.1	-2.21301262717536
AL157902.3	-2.21427559666855
UNC50	-2.21503835329472
LINC00336	-2.21602574280442
ZNF629	-2.21606319757295
FLCN	-2.21621946029689
CAGE1	-2.21648012917297
AC004951.6	-2.21659086517408
FARSB	-2.21682721600461
SUSD1	-2.2178725202117
RPP40	-2.21839292630937
TCEA1	-2.21840780745873
FAM200A	-2.21906492379882
ARHGEF26	-2.21972861821988
ZFAND4	-2.22071223497986
RLTPR	-2.22104035537231
SH3BP1	-2.22140312997823
PYCR1	-2.22202555162868
RING1	-2.22205683858891
ZNF559	-2.22249051636207
ZNF217	-2.22404783420074
ABRACL	-2.22430840005425
EIF5AL1	-2.22474752000876
SEMA4C	-2.22504654092479
GINS4	-2.22553256612741
CXADR	-2.22565996407807
C6orf3	-2.22645673788168
MTF2	-2.22647324442299
RP11-554I8.1	-2.22715665689031
MT-ND6	-2.22722167417558
RP13-580F15.2	-2.22745903629971
DKFZP779L1853	-2.22757011808417
SRPRB	-2.22859068116971
ZNF862	-2.22883469739598
RP11-350F4.2	-2.22918303139229
FTO	-2.22934917859929
DBT	-2.22936632360341
NKRF	-2.23033366178062
DDX20	-2.23047507774575
TTC24	-2.23119308336032
BAG5	-2.23204891749901
NEURL2	-2.23258917020369
METTL15	-2.23267593458738
ZFP1	-2.23405807055875
ITFG1	-2.23445640571228
PELI1	-2.23469469735177
LACE1	-2.23475503939763
QRICH1	-2.23478734434774
HAUS5	-2.235088513307
SLC25A16	-2.23636572775303
RANBP10	-2.23768368856036
RPA3-AS1	-2.23771547374675
EFHD1	-2.23773397597345
ZNF143	-2.23793068725958
AP001347.6	-2.240274890807
LAT	-2.24109428432526
RNFT1	-2.24362025141989
SASS6	-2.24388913719708
RP11-510J16.5	-2.24455263554711
UBL7	-2.24579345362983
TANGO6	-2.24628569104546
PHF3	-2.24641159047816
AP4E1	-2.24661788007979
SLC26A1	-2.24747762411931
MOAP1	-2.2475018268973
NAF1	-2.24781975256871
ING4	-2.24816134607503
DYM	-2.24992292891819
ZNF66	-2.25014072417561
RP11-890B15.3	-2.25032579366826
DAB1	-2.25177596779616
AC025335.1	-2.25334138343563
TMEM38A	-2.25491702517766
EIF5A	-2.25587263977382
NUDT13	-2.25603563126198
TSHZ2	-2.25695509088102
NUDT7	-2.25838438154506
PABPN1	-2.25874992127929
RP11-532F6.3	-2.25939390898626
DUS3L	-2.25979604596767
HIST1H2BD	-2.25987888678029
GPALPP1	-2.26042397341031
RP11-195F19.9	-2.26075471414713
ZNF254	-2.26107944081824
ABHD14A	-2.26145937541502
YTHDC2	-2.26247085416321
CASP2	-2.26337808907857
RP11-359B12.2	-2.2639287429749
FGFBP3	-2.26393743544904
GTF2IRD2	-2.26509042174025
ZNF259	-2.26746191275889
CEP78	-2.26770906268479
TRMT5	-2.26834248555671
AHSA1	-2.26834408564267
SLC25A37	-2.26839257965036
ZNF696	-2.26853965680656
ZNF133	-2.27074249584476
PURA	-2.27088081011248
DLG1	-2.27335144585166
C2orf74	-2.27377955158672
RASA4B	-2.27409393146705
TMA7	-2.27409543573059
RP11-700J17.2	-2.27458305856158
ATHL1	-2.2751766444456
CTD-2541M15.4	-2.27539037668536
TMEM194A	-2.27621012637386
RP11-127B16.1	-2.27670016454316
HCG27	-2.27700565577149
NMRK1	-2.27737349685879
MCEE	-2.27868757499424
POLE4	-2.27930480825515
RP11-89F3.2	-2.27937944456457
PCYOX1L	-2.27960204500352
RP11-455F5.5	-2.28024954555605
CENPV	-2.28032828475396
C7orf26	-2.28162668914134
BCL2L15	-2.28227476344678
ANKRD13C	-2.2823437659375
SLC5A2	-2.28243747713161
SNAPC5	-2.28264175508821
EMC10	-2.28283258171837
RAB3GAP1	-2.2831083303522
RP11-398C13.6	-2.28372903315601
IL21R	-2.28465290662813
TCTA	-2.28484148963693
CUTC	-2.28489505826172
RP5-1092A3.5	-2.28492026140657
AMY2B	-2.28502445627293
ANKHD1	-2.28511307250988
MAP3K14-AS1	-2.28623955834348
C9orf96	-2.28813764134471
ZKSCAN8	-2.28946690453388
ZXDB	-2.29015166560396
RNF219	-2.2910627532998
RP11-869B15.1	-2.29146175665021
FBXO46	-2.29157839743157
NUDT18	-2.29249763781476
RP11-147L13.2	-2.29254628068191
TMEM150A	-2.29259613550614
THAP7-AS1	-2.29328416517154
EPB41L5	-2.29426786126815
SMC5-AS1	-2.29439448354913
HSD17B1	-2.29520906098914
ALG3	-2.29689787446206
LYPD3	-2.29850958731236
AC004893.11	-2.29870745051609
HSPBAP1	-2.29881613095103
ELF2	-2.29976746221518
SNX2	-2.30008592632368
AP001462.6	-2.300885537072
SPOP	-2.30152951959884
ZNF771	-2.30165417346367
TTBK2	-2.3027466496551
WDR33	-2.30289111585377
ZNF22	-2.30397344573274
ALG13	-2.30429111615106
C2CD2L	-2.30550783148911
ASAP1	-2.30575370143641
NRROS	-2.30615681271386
RP11-166B2.1	-2.3062191890657
FAM229B	-2.30636765367905
ZNF286A	-2.30677039889102
MON2	-2.3074550748735
RP11-488L18.8	-2.30785505232802
SLC25A20	-2.3088506256345
MAN1C1	-2.30944312911912
SLC33A1	-2.31090393140328
RP11-849F2.8	-2.31136487246076
AKAP12	-2.31140716503044
BOP1	-2.31252461725074
SLC35A4	-2.31328036254835
TWISTNB	-2.31329358309005
ZNF571	-2.31356427748411
TAPT1	-2.31582607744868
SORD	-2.31644873717825
SKIV2L2	-2.31652361279914
LL22NC03-2H8.5	-2.31791170935696
ZNF100	-2.31798358219294
HNRNPF	-2.32108454437836
ZNF415	-2.32119524805195
BRAF	-2.32163944968808
RP11-276M12.1	-2.32164919808566
RP11-206L10.9	-2.32206803054089
KDM1A	-2.32405367446334
AGBL3	-2.32464304904041
SEPHS2	-2.32510998768608
NAAA	-2.32548640825615
NR4A2	-2.32819267129527
RTN4IP1	-2.32824861926701
MROH6	-2.32835128799125
TARS2	-2.32867571746846
SCPEP1	-2.329115168747
USO1	-2.32935031014501
ECHDC2	-2.32968716556929
PSTPIP2	-2.33035301685079
GCNT2	-2.33225555859162
HSP90B1	-2.33353897079661
MYH3	-2.33396919005023
MOCS1	-2.33523795982478
PRR4	-2.33623972189515
ZDHHC4	-2.3362583024857
POLR1E	-2.3366941888196
MIS12	-2.33712291414758
SUN2	-2.33714190796431
ZNF596	-2.33772345877391
SAV1	-2.33912634622476
PNPLA7	-2.33936963730628
ZNF638	-2.34211189767112
RP1-202O8.3	-2.34314780333357
OCM	-2.34380901376559
RP11-603J24.4	-2.34422410546698
PAPOLA	-2.34598808493465
MKL2	-2.34675345179179
ZKSCAN3	-2.34745387043109
TMEM128	-2.34803740512667
AC093901.1	-2.34839895336229
SCML2	-2.34902415115111
THEM6	-2.34933343244865
SELP	-2.34971620082914
AC098973.2	-2.3510723903423
NAA25	-2.35158598995592
ZFC3H1	-2.35175981186453
NUTM2A-AS1	-2.35200439571916
PTCH1	-2.3525351854459
RCN2	-2.35297764349653
UBAP1L	-2.35348252289528
TEX261	-2.35443454537411
RP11-643M14.1	-2.35556168964435
MORC4	-2.35558608635159
SAMHD1	-2.35570446620939
ZNF552	-2.35617695879052
TP53INP1	-2.35634111474929
CYHR1	-2.35667261131141
RCN1	-2.35688348779448
TMEM254	-2.35745967072245
ZNF664	-2.35747112506965
RP11-290C10.1	-2.35941330488011
RP11-467P9.1	-2.35973025160412
ALAD	-2.36006650141097
POLR2B	-2.36097126385728
SEPW1	-2.36137326327791
UBE2R2	-2.36149253819564
RP11-245J9.6	-2.36310615540456
HSPE1	-2.36360402081346
CAPN10-AS1	-2.3641268021791
KIAA1467	-2.36547690608828
PGLS	-2.36589371466047
FAM98B	-2.36720406696512
MRPL44	-2.36752796404349
PPARGC1B	-2.36833034225406
CD244	-2.37004906017494
SIK1	-2.370135401036
RP5-855F16.1	-2.37027859150814
UBXN7-AS1	-2.37030895732922
TMEM117	-2.37044553262401
PAAF1	-2.37076281763499
RP11-676J12.4	-2.37241707923574
NSMCE2	-2.37305336918917
L3MBTL2	-2.37427804486617
GSTO2	-2.37439290840464
ZNF75D	-2.37656808708651
CTD-2555A7.3	-2.37674535795693
LRRC29	-2.37675973676675
CCDC117	-2.37737298575231
RP11-448A19.1	-2.37788491362298
GMDS-AS1	-2.37795686813817
SLAMF6	-2.37974533316478
SSSCA1-AS1	-2.38047562298518
RP11-535M15.1	-2.38162576651023
DNM3	-2.38276347014542
ZNF195	-2.38511877291594
STUB1	-2.38553571743965
ZNF252P-AS1	-2.38593432987889
BPNT1	-2.38731529013032
PRRT2	-2.3875284303162
RP11-379K17.12	-2.38785004404195
AC005614.3	-2.38833004756998
KLHDC2	-2.38852548977191
SOX13	-2.38927330794033
NDUFAF7	-2.39081252095471
CPT1A	-2.39087588235484
API5	-2.39093179348224
TRAK2	-2.39122904048411
ELAC1	-2.39128960718583
EPHA1	-2.39357279260727
OCRL	-2.3938103811644
CTD-2017D11.1	-2.39569087389013
RP11-504P24.4	-2.39634343450843
RP11-97C16.1	-2.3974663646243
AC007773.2	-2.39835443493407
CTD-2517O10.6	-2.39883960701743
CTD-2165H16.4	-2.39915686265745
FAHD1	-2.39938162883357
TMEM192	-2.39999478597736
RP11-16N11.2	-2.40107933900884
TGIF2	-2.40164985600176
MRC2	-2.40235145734421
MIR4458HG	-2.40307214386327
ZFX	-2.40324819125256
DDT	-2.40548318099607
ZFYVE20	-2.40582888425858
BRI3	-2.40591352021149
MED17	-2.40610553091098
ZNF740	-2.40663906553502
GGNBP2	-2.40676297138475
HOOK2	-2.40825227895609
SENCR	-2.40896958941209
NPRL2	-2.41065725683231
RP11-3P17.4	-2.41100367480256
MIR1539	-2.41169926855447
AC074138.3	-2.41207191506768
NDUFA4L2	-2.41223642202338
RPF2	-2.41579974627748
DUS1L	-2.41629622295721
C2orf43	-2.41635882967292
ABL2	-2.41764753682864
CDKN2AIPNL	-2.41835345190232
RP3-467N11.1	-2.41857063342374
LCMT1	-2.41861545567828
FASTKD1	-2.41951972415335
TBC1D5	-2.41965700979611
PSD3	-2.42015750424836
CDKL3	-2.42018621935198
CTD-2528L19.6	-2.4201969370822
ZFP2	-2.42028411458651
C5orf28	-2.42031239845925
ZNF891	-2.42072104688591
MCPH1	-2.42078806698816
AP000640.2	-2.42083249363413
RAI14	-2.42136533397451
THYN1	-2.42179419098029
RP11-545I5.3	-2.42358969868684
DHX34	-2.42484384439507
AP000442.1	-2.42530689468387
ZBTB20	-2.42546450535796
MTAP	-2.42661794956994
IL23A	-2.4267541331931
NCOA5	-2.42718102825215
H2AFV	-2.42720520003981
CSK	-2.42823060233828
TRMT10B	-2.42844319878465
C11orf65	-2.42932128212114
SIGIRR	-2.42988905372608
TNFRSF14	-2.43148206985233
SULT1A2	-2.43280526492906
ZNF852	-2.43298457621815
CAND1	-2.43316155944205
CTD-2555C10.3	-2.43454482930562
KRR1	-2.43486726291448
NMNAT1	-2.4355756512898
YY1	-2.43628302043048
MTR	-2.43682717613795
RP11-499F3.2	-2.43726444191868
C21orf2	-2.43851486911795
RP4-635E18.7	-2.43896346192526
SLC23A2	-2.43914038094383
LRRC8B	-2.4392737648292
EPHX1	-2.43962501744675
ARID1B	-2.43970151844852
CAPS	-2.44035573642994
HDHD1	-2.44123043907405
PRKCQ	-2.44130616070596
COL5A3	-2.4417884431831
ZC3H11A	-2.44213576317359
MKRN3	-2.44217135119868
COX15	-2.44519832709273
FCF1	-2.44613041187797
CLASP2	-2.44663571912418
FAM3A	-2.44752309986436
NFE2L2	-2.44779089797723
HIST2H2BF	-2.44806095939739
BBX	-2.44882423044189
SCAF4	-2.44902947280131
FAM207A	-2.44926647570728
OSGEPL1-AS1	-2.45003352136979
C5orf55	-2.45239323232648
TTC21B	-2.45269772411569
OSTM1	-2.45286918126864
SH3BP5-AS1	-2.45297106153939
ACP1	-2.45394124969133
RP1-223E5.4	-2.45480941990814
CD37	-2.45485150742386
C12orf65	-2.45493968149564
A2M-AS1	-2.45508551213211
RP11-267M23.4	-2.45597370338574
DPH1	-2.4562366891487
AC110771.1	-2.45635259764971
MSL2	-2.45710255686367
FAM154B	-2.45745051816435
ATR	-2.45991414197724
FAM111A	-2.46074695119357
ZNF285	-2.46082041594347
RP11-424N24.2	-2.46136322031859
PCCB	-2.46205088540994
MAPT	-2.46211524374445
SLC5A6	-2.46383115778605
LINC00176	-2.4638429808347
HLA-E	-2.46477453895959
FGFR1OP2	-2.4650739957197
MROH8	-2.46538493124048
NDUFA3	-2.46586278718826
C9orf91	-2.46599960402916
TGFBR2	-2.46615936165067
RP11-407N17.5	-2.46617005714491
AC002117.1	-2.46625562800465
ZNF776	-2.46698038525559
PEX1	-2.46740657134139
NEK8	-2.4683392560752
ZNF280D	-2.46932607493531
HDAC11-AS1	-2.46960932956153
RP4-758J18.2	-2.47066909463628
ABHD8	-2.47155428297547
FLOT1	-2.47197282748488
RBM39	-2.47231961395299
MARCH10	-2.47301109551662
FAM24B	-2.4735387330395
EFHC1	-2.47419405071259
ARPC1A	-2.47653251339749
RP5-1180E21.5	-2.47813186946962
HIST1H2BN	-2.47898261400345
CYB561A3	-2.47944256640649
PRPF38A	-2.47987747961697
RP3-403L10.3	-2.48099345957132
POLH	-2.48106864767887
NOC2L	-2.48193201837062
KIF26A	-2.48213758460726
SOX12	-2.48256911505924
SLC25A15	-2.48397150110429
CEP41	-2.48434595266685
SLC25A38	-2.48651781283616
MAPK10	-2.48683608718973
TMEM121	-2.48711606801741
LIPE-AS1	-2.48743531696188
RP11-499P20.2	-2.48781493620282
AC093818.1	-2.4882816538561
C19orf25	-2.49000365138928
RRN3	-2.49091592756034
RP3-496C20.1	-2.49112530976824
ZNF430	-2.49314603482969
WDR63	-2.49411497870991
CBX5	-2.49431278155716
SLC15A2	-2.49570372276344
RP5-1065J22.8	-2.49711764920187
APOA1BP	-2.49787024270515
RP4-613A2.1	-2.49804883169217
RP11-434H6.7	-2.49815943323705
ALG14	-2.49910284701852
RP11-53I6.3	-2.49985345081103
SCAF8	-2.50276798049789
USP30-AS1	-2.50376899744588
OCLN	-2.5040525553072
PTGR2	-2.50455606869032
SWSAP1	-2.50484047906619
ZNF286B	-2.50609332603825
U2SURP	-2.50664744748124
XXYLT1-AS2	-2.50876614527164
RP11-513D5.2	-2.50931848565357
RP11-295P9.3	-2.50953681753551
SCFD2	-2.50955711126904
IREB2	-2.51058962223013
ACAP2	-2.51259985717666
MCM3AP	-2.51290309324751
MCTS1	-2.51445480166703
UMPS	-2.51521726094606
EEA1	-2.5160631413352
RP11-793H13.11	-2.51625252651583
SNX12	-2.51654734010513
MIR378D2	-2.51654946232035
KANSL1-AS1	-2.51761567205478
RP4-745E8.2	-2.51856256234284
PYROXD1	-2.52042839469063
RAD23B	-2.52057115645387
MUTYH	-2.52161984988858
HIPK2	-2.52491799585128
ZNF229	-2.52504917137944
PRKG2	-2.52618350939447
ZNF785	-2.52712583827917
AIDA	-2.52874213431272
DHODH	-2.5290893238693
FBXL20	-2.52935434238032
RP11-403A21.2	-2.52957402030018
SMIM1	-2.52979814023668
HIP1R	-2.53054214470515
GPR174	-2.53197034526231
C1orf101	-2.53238099806565
ZNF189	-2.5325498919675
SIPA1L3	-2.53448569109191
PARD6B	-2.5353690694224
NEU3	-2.53537742835235
AC010761.8	-2.53577392196026
ITGAL	-2.53601073698646
TPRKB	-2.53739388253173
AP003068.23	-2.53818939353776
ZCWPW2	-2.5401618765789
WAC-AS1	-2.54145229966996
VOPP1	-2.54243415459573
ZNF121	-2.54300918653224
ZNF573	-2.54303901420079
PARP16	-2.54313433215564
AC016629.8	-2.54379037835323
RASA4	-2.54478059539006
CDC26	-2.54965108513311
RABL3	-2.54982246686811
RCCD1	-2.55262197316509
RBM41	-2.55421438508851
CLHC1	-2.5545130690712
RP11-435B5.4	-2.55546602053798
DHX35	-2.55559099895789
CRTAP	-2.55562196206435
SCAMP5	-2.55670870974382
RP11-246A10.1	-2.55679748127043
PTOV1	-2.55717985912693
AP001046.5	-2.55792298926891
RP11-111M22.2	-2.55848889795298
AC016757.3	-2.56199385655036
LIG1	-2.56225759927976
SORBS3	-2.56229796386295
BNIP1	-2.56266355245026
CTD-2023M8.1	-2.56285852752651
ZNF594	-2.56337299706795
CTD-2336O2.1	-2.56374873446235
SESN3	-2.56437631173655
STAT6	-2.56545143742439
TMEM169	-2.5661295190578
YAE1D1	-2.56641856419208
CFDP1	-2.56679144384208
C6orf203	-2.56700857306458
TMEM182	-2.56734983143613
CPSF3L	-2.56785175651302
VRK1	-2.56831252684466
LRRC28	-2.57118859126679
CTB-55O6.12	-2.57165209606103
RP11-63L7.5	-2.57165389457837
CTD-2213F21.3	-2.57253566470517
SSRP1	-2.57280869638204
XRCC5	-2.57328535628009
C12orf10	-2.57336852165605
RP5-1157M23.2	-2.57369116522971
RFXANK	-2.57458481369436
RP11-18H7.1	-2.57577805391592
RP11-398H6.1	-2.5763230678194
ATP6V1G1	-2.57642711785318
ERAL1	-2.57658655820785
MPRIP	-2.57862650475055
SND1	-2.57932905316798
LINC00324	-2.57944517263635
GLB1L3	-2.57979332701837
C17orf89	-2.58004694644914
MEN1	-2.58083419494423
ZMYM3	-2.58111053403938
TRMT61A	-2.58141033311816
GPATCH8	-2.58184889182161
SMARCD3	-2.58253132029005
YDJC	-2.58269983113192
TERF1	-2.58331378434001
ZNF563	-2.58355491243981
ZHX2	-2.58367123473751
FANCD2	-2.58480443541926
FAM222B	-2.58775418874943
ZNF726	-2.58778229822846
SEMA6C	-2.59021052322937
AC074117.10	-2.59032173179659
MOB4	-2.59417304531334
C9orf85	-2.59601698807432
DTNB	-2.59606557575344
MT-ND1	-2.59764940452282
KLRD1	-2.59801976296006
ATXN10	-2.59892248712711
MORC2-AS1	-2.59920743892078
APPBP2	-2.59931077949489
APTX	-2.59943321996647
ZNF404	-2.59950266754447
PPIE	-2.59999251436706
HIST1H2AE	-2.60013046270591
PAGR1	-2.60080990505744
STXBP5	-2.6013537841083
GPR63	-2.60209259172287
SLC10A7	-2.60241529598643
POLDIP2	-2.60501857078892
ZNF19	-2.60637414400046
PPP6R3	-2.60642910057947
UCHL5	-2.60705960762538
C1orf131	-2.60730710934744
MINPP1	-2.60890321228435
ZBTB16	-2.60908837674314
TYSND1	-2.60931282597045
TNFRSF10B	-2.61005834863733
SHQ1	-2.61015508164005
CEP170	-2.6105298273094
ABCF2	-2.61089514972616
NAA30	-2.61217805538862
ZKSCAN2	-2.61310154767073
SLC38A6	-2.61312051299417
ATXN7L2	-2.61448881215559
TRMT44	-2.61536245662946
CCDC132	-2.61582362560867
CCR7	-2.61610539403924
ZFP69	-2.61633664231194
RP11-262H14.3	-2.61705024276263
AC115618.1	-2.61770244260837
OVCH1-AS1	-2.61944056561653
SGTB	-2.62015026640619
THAP1	-2.62072355947163
ANKRD26	-2.62084294622074
ZNF548	-2.62144980401933
ARHGEF4	-2.62179222895689
EXOC3	-2.62195580162027
HOTAIRM1	-2.62227794360087
PRMT3	-2.62253726927858
CAPN3	-2.62297472269583
GRB2	-2.62320328539312
PLEKHA8	-2.62534105805711
GIMAP7	-2.62545534017529
ZFAND5	-2.6260070855096
CBR4	-2.62638282539014
RP3-477O4.14	-2.62711152575549
AC015987.2	-2.62770552809939
FAM173A	-2.62804886367449
HEXA-AS1	-2.62869973390119
TMEM161B	-2.63131345371227
RP11-386G11.5	-2.63225481697761
PMM2	-2.63341655081021
HSD17B11	-2.63354374346058
ABCA7	-2.63367138473784
ZNF135	-2.6340276631255
TRUB1	-2.63734145962179
DNAAF2	-2.63802532612536
RBM43	-2.63828397054418
CTC-260E6.6	-2.63949800671708
SMCHD1	-2.63952840187514
BMPR1A	-2.63954108366664
FAM135A	-2.63973061477025
CCNL1	-2.64111948546747
NEMF	-2.641934020131
RP11-755B10.4	-2.64224918546843
TRIM11	-2.64228987519125
YME1L1	-2.64286125812258
PKD2L2	-2.64323613657951
ADAM22	-2.64463551348291
ABHD17A	-2.64924240629984
NIFK	-2.65133972923274
RNF165	-2.65153711050301
RP11-452K12.4	-2.65187113054642
WBP5	-2.65228067118214
MRPS14	-2.65352542402216
DTWD1	-2.65358040258798
PCSK1N	-2.65372975670598
LRIF1	-2.65391877750379
LINC00278	-2.65618315810507
MADCAM1	-2.65648739682256
THOC5	-2.65850137755307
BSCL2	-2.65923851806402
RP11-361F15.2	-2.65950711518457
KAT7	-2.66016638897529
CEBPE	-2.66261201789286
TRAPPC12	-2.66277717205682
POU2F2	-2.66280238495286
MLH3	-2.66339282606736
TMED4	-2.66554115383871
ANAPC15	-2.6656303489609
XRRA1	-2.66712848811342
TMEM168	-2.66798977942846
UFSP1	-2.66808664841373
EAPP	-2.66864122894395
GXYLT1	-2.66959798553085
PDE6G	-2.66985778536923
NHEJ1	-2.67177546236651
COPS7B	-2.67205742669147
SERINC4	-2.67239385580316
RP11-677M14.7	-2.67324543783921
PHB	-2.67430647887927
SYNGAP1	-2.67442553625598
RP1-197B17.3	-2.67571484375513
ABCC5	-2.67578692941866
MOV10	-2.67583544523451
MYO15B	-2.67732814781862
FBF1	-2.6777775689497
RP11-206L10.2	-2.67790557351452
C16orf13	-2.6796270680123
PBX2	-2.68150402697437
LAIR1	-2.68172569441691
RP11-196G18.23	-2.68193322770809
VMAC	-2.68271664131281
OBSCN	-2.68284553162424
RHOBTB3	-2.68462412048143
TATDN3	-2.68535140106793
MAPKAP1	-2.68649897382843
MKL1	-2.68653713574215
ATP6V1H	-2.68727770054927
ZNF136	-2.68803185772714
OSGEP	-2.68877862101158
RP11-83A24.2	-2.68896203744399
NHP2	-2.68927321060744
MT-CYB	-2.6901279635059
IMP3	-2.69145882216029
IFIT2	-2.69182293924802
RP11-973N13.4	-2.69271613915284
CCDC137	-2.69314081056759
FAM66E	-2.69318114149347
STK32C	-2.69325660509888
SLC12A7	-2.69351272097492
ATP5G2	-2.69424684414386
TMEM104	-2.69428004417895
ITGB7	-2.69429855138096
ESR1	-2.69455891969655
RP11-7F17.7	-2.69488550487004
DGKE	-2.69767507648238
BTBD8	-2.69789157232567
TPD52L1	-2.69869727417822
CEP135	-2.69926908593994
RP11-458N5.1	-2.70452253481382
PEX3	-2.70492055734797
GADD45GIP1	-2.70526706885279
BET1L	-2.70760981926405
DPH6-AS1	-2.70765301252733
AC004463.6	-2.70988297368292
FBXO18	-2.7154728357104
RP5-1180C10.2	-2.71595322230775
GUF1	-2.71772690962473
RPAIN	-2.71848088256185
SMG6	-2.7190143100852
RP11-84C13.1	-2.71980992419012
REEP6	-2.7200899353793
TAS2R30	-2.72130706482914
UBASH3B	-2.72159998356729
ORAI1	-2.72174375111686
CRB3	-2.72374657470367
MRPL38	-2.72407081317572
ASCC2	-2.72478346121043
NMUR1	-2.72533096077573
AF213884.2	-2.72573767202437
CTB-129P6.4	-2.72618179171889
FASTKD2	-2.72641790835562
TTC9	-2.72696998315179
GEMIN6	-2.72816619258673
ALKBH8	-2.72973870377603
RP11-967K21.1	-2.73011999611616
NUP35	-2.73068902536868
CTD-2308L22.1	-2.7321472569008
SRSF10	-2.73300825874553
ADA	-2.73342208654992
PDE12	-2.73448861915969
ZNF837	-2.73705936789223
ZNF276	-2.73720265558865
CCDC101	-2.73738132691238
RTKN2	-2.73809110861552
TXNRD2	-2.73999691473217
AGAP1	-2.74071297122306
SH3D19	-2.74072232620243
RP11-314A20.2	-2.74090789879068
RNF20	-2.74212288970791
L3HYPDH	-2.74398781107998
ZNF354C	-2.7455108795861
C5orf45	-2.74590499120105
USP3-AS1	-2.74637512576592
CHURC1	-2.7469633253821
SEC31A	-2.7481660582588
PAGE5	-2.74845120043309
RNF113A	-2.74849577655619
OGT	-2.75164657867702
AKAP3	-2.7517016153784
GTF2H2C	-2.75284522028729
L2HGDH	-2.75285705011295
THOC7	-2.75317930404543
RP11-645C24.5	-2.75410280193059
ACADM	-2.7551266656741
TOM1L2	-2.75796870602263
ATPAF1	-2.75921391088309
TRIM69	-2.75943257447887
ZNF641	-2.76041047353271
RP11-497H16.9	-2.76082869259389
NTPCR	-2.76130554414238
BRPF3	-2.76202928847054
RBM26-AS1	-2.762444946289
CEP72	-2.76305550556043
RP11-553L6.5	-2.76596993357187
PUS7L	-2.76647636312243
EXOG	-2.76739432386492
AC103801.2	-2.76885592604428
SLC25A40	-2.76902376765157
RNASEH1	-2.76938275595861
EXOC4	-2.77000811367072
OCEL1	-2.77186783436918
PARP11	-2.77343699539774
CCDC171	-2.77642449554806
MTHFSD	-2.77673177456685
AC007551.3	-2.77695158027232
RP11-134O21.1	-2.77708814220184
ZNF185	-2.77721078302673
AC026471.6	-2.77754319233052
RP11-214N9.1	-2.77764324224625
RPL22L1	-2.77858460690931
SLC25A42	-2.779505708193
PYURF	-2.7807752183829
ACE	-2.78097515222349
PROSC	-2.7810984640916
DDX6	-2.78165204625043
NELFA	-2.78166067902379
MTL5	-2.78427464487677
TBC1D32	-2.78487069652144
PDE5A	-2.78515911728186
PRR3	-2.78521893398774
PIGM	-2.78635057572917
ITGB3BP	-2.78744361388814
PRICKLE3	-2.78806729543103
PREPL	-2.78977400280546
FAM60A	-2.79039358256315
WHAMM	-2.79137775464507
MCMDC2	-2.7917962039578
ETFDH	-2.79221987764036
FKTN	-2.79246292333939
LINC00847	-2.79255208299083
ZNF329	-2.79324937533248
SMYD3	-2.79399833923439
ADAMTSL5	-2.79635770107832
CHST2	-2.79666718936877
ATF1	-2.79796757308987
RP11-457M11.5	-2.79809167154009
CTD-2035E11.3	-2.79818708554942
GEMIN2	-2.79840150662404
HNRNPA1L2	-2.80019323912379
PTGES2	-2.80085565421658
ANKRA2	-2.80115677287552
ZADH2	-2.80198188848188
BCDIN3D	-2.80238715450202
ZNF846	-2.80246746859868
RGPD3	-2.80264159390657
LPIN1	-2.80270812171241
HIST1H4F	-2.80341692099095
RP11-112J3.16	-2.80399302318887
KLF9	-2.80460905376091
TGS1	-2.80567298774089
DET1	-2.80903996950317
RP11-337C18.8	-2.80934640959288
TTN	-2.81076890471364
EP400NL	-2.81082550011176
SPDYE1	-2.81259189848706
FAM162A	-2.81551914486164
MRPS17-1	-2.81554508437483
PDRG1	-2.8166212117142
ZNF813	-2.81799556316908
RP11-881M11.2	-2.81972507183616
ZNF33B	-2.82044770678674
RWDD2B	-2.82049808025961
DNAJC3-AS1	-2.82089078112412
AC108488.4	-2.82175971521754
RP11-134N1.2	-2.82189083077087
ZHX1	-2.82242834522673
SH3BGR	-2.82266823261081
RP11-297A16.2	-2.82295758987137
INTS5	-2.82349548506714
ILKAP	-2.82352639011555
NOC3L	-2.82439820473893
AHCTF1	-2.82619436412328
SLC29A2	-2.82679136538385
UCK1	-2.82789114592357
SDHAF1	-2.82803389860199
IL2	-2.82865788433753
ERCC6L2	-2.82939068818142
TOMM22	-2.8296740725255
RP11-763B22.4	-2.83027127281
ZNF274	-2.83042714314204
IGIP	-2.83056949181545
HIST1H4E	-2.83098701483321
CDC40	-2.83135631145485
MIA3	-2.83226842636952
POLR3C	-2.83238472850371
EXD2	-2.83268928125293
LINC00667	-2.8327986038975
FBXL15	-2.83295258675743
AC007228.11	-2.83381149788669
NIFK-AS1	-2.83433758116526
ZNF491	-2.83621006164896
MIR4453	-2.83626461266192
LINC00115	-2.83699912331511
C1orf186	-2.83712929184217
ERV3-1	-2.83966055492209
DDX5	-2.84092141412296
ADHFE1	-2.84255748607765
PNPLA2	-2.84278422834602
AARSD1	-2.84432906387713
POLR1D	-2.84512881526149
SOX8	-2.84520381933153
KIAA0895	-2.84697459918029
SLC25A36	-2.84828622273361
TMEM183A	-2.85011363987084
ZNF714	-2.85025092911281
HSD11B1L	-2.85103377020072
CCDC146	-2.85146635420855
UQCRFS1	-2.85229568638112
LIPE	-2.85264910470812
DAAM1	-2.85416724456506
TMEM209	-2.85456463845302
REPS1	-2.85584329316368
UFL1	-2.85634163820237
GTF2H3	-2.85653637063872
COG2	-2.85795381634953
AC006042.7	-2.85915303594212
RPS17	-2.86073535942565
UHRF1BP1	-2.86305837464318
NCKAP5L	-2.8635040621533
TUBE1	-2.86407755853022
GREM2	-2.86449752398294
HAPLN3	-2.86545961725132
TPK1	-2.86739795588973
NOXA1	-2.86779658478635
DGCR6L	-2.86809778612181
RP11-589M4.1	-2.86995818724599
COPS5	-2.87054148720873
AC104653.1	-2.87063295715072
QDPR	-2.87123009405423
ACOT8	-2.87257669243275
NR2C1	-2.87463633354744
RP11-169D4.2	-2.87539643320674
LTV1	-2.8758080417315
CTD-2561B21.11	-2.87794217920967
RPF1	-2.87996702697864
RP11-162A12.2	-2.88016536247148
CTA-292E10.6	-2.88050370823732
NCKIPSD	-2.88084908604636
GNL1	-2.88110119751042
SUPT3H	-2.88603573887614
ZNF610	-2.88789960596404
HNRNPU-AS1	-2.88800784247787
ZNF652	-2.88821095516349
NUP160	-2.88915863159949
PCBP3	-2.89016009071156
REV3L	-2.89087596257472
INTS3	-2.89124991910451
SLC8B1	-2.89295775918359
XPNPEP2	-2.89380252247978
NAP1L1	-2.89542007789716
GNL3L	-2.89685188900736
CDNF	-2.89805802574858
KHDRBS1	-2.90050543679581
UQCRH	-2.90072471492435
TAF8	-2.90074322771229
ZNF554	-2.90114490619509
RABEPK	-2.90129559432737
AP000476.1	-2.90346160903202
RP11-60I3.5	-2.90602549425716
DDX19A	-2.90616866753915
RP11-351D16.3	-2.90674583018436
KCTD13	-2.90895367298271
CTD-3065J16.9	-2.9106117775377
RYK	-2.91239745942574
ZSCAN25	-2.91242290941433
UBL3	-2.91268074460654
GTPBP3	-2.91524415482132
BAIAP2	-2.91759519128914
SDCBP2-AS1	-2.91796270367339
LRRC16A	-2.91905649316735
C22orf34	-2.92110662899788
RP11-95P2.1	-2.92176129233158
ACBD6	-2.92183035237771
RNFT2	-2.92245101669011
ZNF580	-2.9238429297098
ASB7	-2.9244888048471
CLASRP	-2.924761817042
LINC00959	-2.92559297399742
PPM1N	-2.92588378197918
RPLP1	-2.92590557442033
ZSCAN18	-2.92756608583914
RP11-117D22.2	-2.92759841180135
TNK1	-2.92912722064275
RP11-225N10.1	-2.92931862392335
ERO1LB	-2.93147043870122
UQCC1	-2.93147158491296
GOLPH3L	-2.93163715035084
PGPEP1	-2.93817079837833
AGGF1	-2.93925631829699
KIAA1958	-2.94059834527673
MTERF	-2.94156591082193
RP11-181C3.1	-2.94158997293246
C19orf53	-2.94470911037652
ZNF836	-2.9450365871678
MT-CO3	-2.94563895547496
RP11-72M17.1	-2.94638289364528
AC007383.3	-2.94660443214043
LINC00920	-2.94691254514615
ZNF234	-2.94743043815153
ALPK2	-2.9478212178415
NCOA4	-2.94886658616471
OTUD6B	-2.94969205380892
TSPYL4	-2.95163988961905
HDGFRP3	-2.95297370026663
CLDN5	-2.95335119224224
HIBCH	-2.95367491239239
CSRP2BP	-2.95426683951648
EPHB6	-2.95514966282594
C7orf31	-2.95646517690272
CASP4	-2.95751336404221
TMEM230	-2.95793750386874
CEP44	-2.95820294349703
RBM34	-2.95845549898129
DUS4L	-2.95898043264303
RP11-439L18.2	-2.95918593113016
PASK	-2.95933290604041
RP11-403I13.4	-2.9608949068428
IQCK	-2.96146382671884
RHCE	-2.96193227381455
FASTK	-2.96232717933538
CTC1	-2.96298647163537
COX11	-2.96362455291409
C14orf159	-2.96410364694311
LINC00167	-2.96496766906918
ZC3HAV1	-2.96696365482179
CUL4B	-2.96733426179801
ADAL	-2.96754173705661
AC113189.5	-2.96767600083424
FCGBP	-2.96770079656292
B4GALT7	-2.96831243696856
NOL12	-2.9685201940556
RNF157-AS1	-2.96940824457461
ARHGAP12	-2.96941528050223
PCSK4	-2.97354036068477
RNF122	-2.97399320832588
GKAP1	-2.97461352934669
IPO9-AS1	-2.97494099434394
TRMT1L	-2.97844921175343
FDX1	-2.97876790075234
CTC-534A2.2	-2.97906582637714
KDM4A-AS1	-2.97934922801832
RBL2	-2.97970180139566
CCDC138	-2.98061381006962
ALDH7A1	-2.98137530560087
C6orf163	-2.98192314997061
RNASEH1-AS1	-2.98236938384773
PVRIG	-2.98326115836961
TATDN1	-2.98350113560067
CUL1	-2.98671947222233
XXcos-LUCA11.4	-2.98674486625069
TMEM161A	-2.98720415753172
PACSIN2	-2.98732071165958
RP11-11N7.4	-2.98831555102596
ZNF639	-2.98875698125268
ENGASE	-2.98910133033334
POLD2	-2.98955864191243
RP11-178C3.2	-2.9909251132863
RECQL5	-2.99099406000089
FAM156B	-2.99141284149981
RP11-547D23.1	-2.99171958667788
RP11-490O6.2	-2.99200571165335
AMOT	-2.99652207211693
RP11-367J11.3	-2.9988666894098
CTC-461F20.1	-2.99906680119893
NAGPA	-2.99970781427377
TRIM28	-3.00202914050063
LINC00663	-3.00361223546968
FAM208A	-3.00405800926628
POMT1	-3.00427066848096
AARS2	-3.00488859503699
C9orf43	-3.00521055987244
PSMG4	-3.00661841538343
APOOL	-3.00667222190019
RP11-385F7.1	-3.00686592046676
ARL10	-3.00745591492252
CTD-2583A14.10	-3.00820516689241
RNF43	-3.01045480121304
SNX29P2	-3.01112345646624
RP11-137H2.4	-3.01276848296961
TMEM42	-3.01298389768444
CCDC120	-3.01304067027579
KRIT1	-3.01363263472814
ADSL	-3.01432845682243
CTD-2012K14.6	-3.01563258119881
ZNF691	-3.0164863906145
ZNF514	-3.01733034890021
AKR7A2	-3.01959952642652
LRRC58	-3.01991349229678
ZMYM4	-3.02042437126285
C16orf52	-3.02099516997918
HMBS	-3.02189285959778
IRF3	-3.02319157528415
LINC01155	-3.02432025451933
GS1-251I9.4	-3.02481122415186
NOL7	-3.02577666105464
ZSWIM5	-3.02625476777214
DLL3	-3.02632617044749
C1orf115	-3.02690578656949
BOD1	-3.02703556692208
GTPBP8	-3.02733044611106
FAM185A	-3.02821508024069
LSM3	-3.0283730008722
CRELD1	-3.03032883349241
CCDC57	-3.03271719279305
AC009299.3	-3.03341089460322
THAP6	-3.03353225179392
LINC00339	-3.03438959590054
HINT1	-3.03460125796323
BAI2	-3.03496969385394
KPNA5	-3.035516673793
DFNB59	-3.03697187814664
RP1-140A9.1	-3.03754681398605
RP11-445F6.2	-3.03759977215678
MECR	-3.03768276512489
PDCD4-AS1	-3.03819148056769
PIANP	-3.03911147652767
CCDC14	-3.04172088541246
KRTAP5-AS1	-3.04279285641923
MBTD1	-3.04463520260531
FSTL3	-3.04585617312128
RP11-245G13.2	-3.04678440477526
SMG7	-3.04680784623978
ACTR3B	-3.04939234155135
KIAA1147	-3.05155174947363
PRPF6	-3.05377852777058
CRLS1	-3.05506050444179
C19orf60	-3.05516226600885
MAGI3	-3.0557606735133
DHFRL1	-3.05849655261305
RP11-3P17.5	-3.05949264511765
SGSH	-3.06144008934994
ZNF207	-3.06186327382138
KAT6B	-3.06201206351671
RP11-110I1.13	-3.06250610605139
IL17RA	-3.06312412709664
GPR150	-3.06314401794785
VPS72	-3.06324708163788
ARHGAP5	-3.06397769374971
ZNF581	-3.06399740038119
RIMS2	-3.0643699608665
TMEM5	-3.06439647897424
FH	-3.06444147136683
PRPF18	-3.06473340963857
RP11-502I4.3	-3.06514355750128
EPHA4	-3.06677022169106
NSL1	-3.06868283571885
MRPL42	-3.07134435315657
CNOT10	-3.07165352462092
HPGDS	-3.07175846786945
USP11	-3.07247020080924
MED15	-3.07293466366815
ASRGL1	-3.0730242057934
GID4	-3.07494460546886
RP1-90L6.2	-3.07665285829257
NUP50	-3.07745297295378
RPA2	-3.07875098536618
CREG1	-3.07892776128952
CECR7	-3.08183501271987
SCARF2	-3.08291903149766
MED9	-3.08314734509134
LEMD3	-3.08317347874397
EBPL	-3.08418326613199
GLTSCR1	-3.08631593744063
ZDHHC15	-3.0875011306865
7SK-2	-3.08781909483333
MRS2	-3.08810802017804
NARS2	-3.09050599864392
WDR77	-3.09139873776867
SPNS1	-3.0918799162727
PCSK7	-3.09458185522681
HSCB	-3.09507540291399
HEATR3	-3.09543901127264
ZNF92	-3.09574902443493
ZNF550	-3.09877460708444
RP11-91G21.1	-3.10014488115167
JTB	-3.10271965850633
MRPL48	-3.10310317665533
RPAP1	-3.10709331051285
AUH	-3.10727394056518
DENND5A	-3.10762778241254
HSF1	-3.10857601577252
ZNF148	-3.10874218085335
MAGOHB	-3.10954183369904
DDX31	-3.11038935589858
TET1	-3.11158367861518
MRPL2	-3.11233093247117
ZNF273	-3.11335083189165
GIN1	-3.11361650628237
TAZ	-3.11412017760553
ASUN	-3.11694460918738
BEGAIN	-3.11726188967734
RP11-297N6.4	-3.11896831951817
NDUFAF6	-3.11926212113415
RP11-120D5.1	-3.12004156019222
PEX7	-3.12142289649013
LRRC1	-3.121432846292
METTL25	-3.12228527425643
NUDCD1	-3.12241714713875
AKAP17A	-3.12322532543664
RP11-700H6.1	-3.12399491039783
SENP8	-3.12418235108754
TTC16	-3.1260010671019
RIMKLB	-3.12608158156408
RP11-391M1.4	-3.12683208375855
ZNF425	-3.12693182834948
RAP2B	-3.12759388596679
NAPA-AS1	-3.12866554735795
TADA1	-3.12870061300035
XKR6	-3.1296624538761
AKR1B1	-3.13195173624567
NECAP2	-3.13368145785981
PPP6C	-3.13456810893965
SIAE	-3.13472241752555
SMYD2	-3.13531667726325
MMEL1	-3.13796140217581
RP11-66N24.3	-3.13966570866881
RP11-872J21.3	-3.14281364990352
FLT3LG	-3.14408113106167
FBXO48	-3.14446535789454
TTC32	-3.14633061754679
RP11-81N13.1	-3.1465841869613
RPL34-AS1	-3.14695936180783
KIAA1586	-3.14696807677225
RP11-950C14.7	-3.14761850170423
ELOVL4	-3.14854632409819
URB1	-3.14867324349909
LBR	-3.15183757550925
C14orf166	-3.15203866385354
CCDC15	-3.15214999679518
ING3	-3.15282315603064
ZNF524	-3.15369787327103
PTAR1	-3.15504264255399
BX088651.1	-3.15544323612466
GAREML	-3.15803584047148
CTD-3214H19.6	-3.15850814808205
CDHR3	-3.15934548387153
RP11-266L9.5	-3.16072021742884
RP11-498P14.5	-3.16138666585702
TSKS	-3.16139722087436
SNRNP70	-3.16252184396315
KARS	-3.16283095291514
NAE1	-3.16312613468798
DISP1	-3.16408266437926
PEX26	-3.16421937696818
TTC9C	-3.16506365984171
TLK1	-3.16631176700429
EEF1D	-3.16670322270688
CCT7	-3.1670174351418
DCAF5	-3.16793791961341
FAM13A-AS1	-3.17033738840366
C15orf40	-3.17094605353963
ZNF575	-3.17131543372605
GNAI1	-3.17342685861257
KCNH3	-3.17400358873492
RP11-475I24.3	-3.17526541270238
ZRSR2	-3.17575336565793
PEX11A	-3.1771040342124
CA11	-3.17739158415841
LINC01138	-3.17770075752007
TMEM101	-3.17818554660329
GJB6	-3.17834582264548
UQCR10	-3.17868823575212
C6orf226	-3.17876176974954
CWF19L2	-3.18040163891245
PINX1	-3.18051810101085
TSNAX	-3.18155019640269
HHAT	-3.18243166861587
CTD-3131K8.2	-3.18336111402811
EXTL2	-3.18358800888084
RP11-373N22.3	-3.18359335629764
OSBPL10	-3.18462291103178
ERCC8	-3.18517805294319
RP11-473M20.14	-3.18581239528609
SUSD3	-3.18658365492934
JPX	-3.18679599774866
RP11-379H8.1	-3.18702286376827
PSPC1	-3.18752455176688
GRSF1	-3.18793399404999
ADCK1	-3.18868656731977
AIMP1	-3.18917859887736
ZNF622	-3.19211932446281
TAPSAR1	-3.19381574097493
ISM1	-3.19384803156995
PITPNM2	-3.1940530583456
FAM217B	-3.19619996138033
SLC38A10	-3.19731365623494
C19orf73	-3.1979234507978
SRBD1	-3.19936960697061
CRIP3	-3.20230670756026
TERF2IP	-3.20437411686252
ENPP5	-3.20465170051771
UPRT	-3.2054008188629
GTF2H1	-3.20614963786307
AL590560.1	-3.20687446101966
C17orf72	-3.20791986765844
LHFPL1	-3.20901376791639
RNF6	-3.20960326041845
TMEM186	-3.21136964622802
RP11-423H2.3	-3.21138373533197
RP5-1073O3.7	-3.21195899846813
ORC3	-3.21198865288721
FBXO32	-3.21277897427241
RP11-77H9.8	-3.21308179775777
ATP5D	-3.21330584698603
ANKRD49	-3.214404981521
USP9Y	-3.21517846548212
TAF15	-3.21628896245386
FLYWCH1	-3.21675222412122
C16orf58	-3.21752571539772
RNF141	-3.21832694757107
COG6	-3.21844303987593
AC009403.2	-3.21995683430552
ANKMY1	-3.22122395365495
LBH	-3.22237000115882
CSDE1	-3.22267727520672
SPECC1	-3.22410000363425
ADSSL1	-3.22525198342353
ZMYM2	-3.22536380007576
ITPKB	-3.22581152877057
TTYH2	-3.22592287525371
TMEM135	-3.22618084161491
SNHG7	-3.22641897214517
ATRX	-3.22677298584704
C12orf43	-3.22740761988002
RP11-635N19.1	-3.23434058794988
DTX3	-3.23568983566626
RP11-705O1.8	-3.23590564097576
ASB9	-3.23665028090362
PRIM2	-3.2367840132172
ZBTB37	-3.23866091725747
MBIP	-3.23884470477905
SLC9B1	-3.23965947557876
TNRC6B	-3.24048297531253
ATP6V0E2	-3.24083265970161
MRPL21	-3.24116524994451
LMF1	-3.24228855607228
C5orf63	-3.24320491000666
ZNF781	-3.24324889615688
RNF111	-3.24327775452234
RP11-712B9.2	-3.24331466073852
PRKCH	-3.24393403563607
CDK5R1	-3.24395469979263
SPG7	-3.24707271999737
WAPAL	-3.24810494198113
ERVH48-1	-3.24903044505881
LAMTOR4	-3.25001006468776
RP11-47L3.1	-3.25053683579487
APOLD1	-3.25248565275674
COIL	-3.25251970210893
USE1	-3.25280100944754
SMEK2	-3.25302685355463
ZBTB26	-3.25325333762739
ARHGEF2	-3.25421621589389
COQ10A	-3.25624241243229
BTD	-3.25625355092987
FAM43A	-3.25752291388196
SRFBP1	-3.26013257254785
GTF2H2	-3.26160746746139
MPP2	-3.26470798666514
CHDH	-3.26471012024685
ZNF444	-3.26533503223733
TARDBP	-3.26537958618544
FAM53C	-3.26604086231304
CDR2	-3.26867617912414
HSD17B4	-3.27094279750537
RP11-474G23.3	-3.2711655761761
RP11-418J17.1	-3.27191040929447
AC129492.6	-3.27222964218441
RP11-178L8.7	-3.27312190640835
COA5	-3.27396628871616
TMEM218	-3.27439808907707
GSDMB	-3.27473741528318
KDM5D	-3.27567289499393
AGPAT5	-3.27588394980058
ZC3H15	-3.27665492563964
RP11-108M12.3	-3.27680705125369
BCL2	-3.27833980142866
ZNF124	-3.27913052685874
RBM4B	-3.2797975800846
AC107218.3	-3.27986792117645
RP11-452L6.7	-3.28111719881972
BRCC3	-3.28169312511303
RP11-334C17.5	-3.28201406324312
SLC38A1	-3.28345397632441
COX4I1	-3.28371220370699
NUFIP1	-3.28523710953576
NOP14	-3.28551161879655
AC061992.2	-3.28609584998127
TSC22D4	-3.28635605350511
YIPF4	-3.2863921681862
RNF139-AS1	-3.28684839654714
PLEKHG4	-3.28719655435188
UBE2D4	-3.28738019967016
ZNF280B	-3.28768143961263
CBR3	-3.28794469580548
AC073934.6	-3.28879463809914
MORF4L2-AS1	-3.28978836655585
ZNF665	-3.28989834536182
U47924.31	-3.29108113518914
SUCLG2	-3.29175764401006
KANSL1	-3.29384629945979
TRIM61	-3.29567987073796
HIST1H2AC	-3.29793925337271
ABHD10	-3.29802924976878
ECSIT	-3.29894051940007
RP11-977G19.11	-3.29964824329443
UBA2	-3.30000565544408
SSR2	-3.30018470986732
IKBKE	-3.30151837107358
ZNF766	-3.30167160508938
LANCL1	-3.30218201751752
RFXAP	-3.30280946425698
GPR155	-3.30330632985477
CPSF4	-3.30434936396565
NFXL1	-3.30482076245353
ZNF131	-3.30504547597143
RAB11B-AS1	-3.30585842844805
EPHA1-AS1	-3.30770941006746
HNRNPH1	-3.30777202203564
RP11-140K17.3	-3.30869850993351
ELMOD3	-3.30879419493571
TEFM	-3.3092222552947
AC090587.5	-3.312877579063
ZNF354B	-3.31490613998608
SLC44A3	-3.31491416893473
RP5-1092A3.4	-3.31579774169057
SETD5-AS1	-3.31798098080033
RBBP6	-3.31937103858348
MIS18A	-3.32027445907357
ABHD1	-3.32174732518166
ATP11C	-3.32196097131997
CTH	-3.32407482457331
TTTY15	-3.3267125728485
ZNF483	-3.32876585177043
KCNJ15	-3.33010783999081
CHD2	-3.3317555063573
CTB-180A7.3	-3.33281690026354
NAA15	-3.3328218672849
RP11-361D15.2	-3.3331892434314
RP11-243J16.7	-3.33319674152615
PTGER2	-3.33535402864115
AC091729.9	-3.33537885346908
TTC17	-3.33648571391373
TTTY14	-3.33786631470327
CDKN2AIP	-3.338297837213
LSM4	-3.34160949845336
TACO1	-3.34192399007163
GTSF1	-3.34295242984861
RP11-15E18.1	-3.34367752502125
GCK	-3.34467351253706
ZNF365	-3.34561234697747
BBS9	-3.34674723961003
KCTD15	-3.34701750511889
RPS6KA2	-3.34891007409273
RPAP2	-3.35155451527582
CAPRIN1	-3.35156403779099
SRP14-AS1	-3.35221497038492
ZMYND12	-3.35223005505495
METTL21A	-3.35242370738343
TTC37	-3.35640515781781
AC005037.3	-3.35698688583212
ARG1	-3.35763041973788
MED28	-3.35800273440166
TAOK3	-3.35854062192574
WDR70	-3.35885513754844
RP3-486I3.7	-3.36013820797306
CDC14B	-3.36067580684361
SF3A3	-3.36135230377951
GLTPD1	-3.36178848640519
TAF3	-3.36246296097441
STYX	-3.36332291430165
RAB39B	-3.3646816152132
RBM26	-3.3652441230022
KIF19	-3.36565601020147
RP11-390F4.10	-3.36807846377807
MATN1-AS1	-3.36932938536396
BBIP1	-3.36940255771244
MMACHC	-3.37154682757578
RP11-50E11.3	-3.37214468121575
EPB42	-3.37228388161696
RP11-543C4.1	-3.37443917306435
TUBD1	-3.37684581023069
RP11-634H22.1	-3.37754103976358
C1orf86	-3.37803355471859
RP11-486L19.2	-3.37834859065859
NDUFB2-AS1	-3.37875738239497
TPD52	-3.37894968970596
USP22	-3.3805214020533
CNIH3	-3.3808801223866
CECR5-AS1	-3.38163243293619
PLLP	-3.3840530502642
MRPL23	-3.38418648294666
XXbac-BPG249D20.9	-3.38482246306654
CSTF3	-3.38598529534554
ACADSB	-3.38698522024192
MRPL11	-3.3873491651101
AEN	-3.38765011402458
CD3E	-3.38785542769879
RCN3	-3.38833534071829
IPMK	-3.38967744277917
ARHGEF1	-3.39058586398012
C16orf54	-3.39077368162799
MRPS26	-3.39182619636025
PLXDC1	-3.39297829248296
DCP2	-3.39337186001338
SHPRH	-3.3936555932833
CEP70	-3.39390386355166
CRTC1	-3.39393503022343
C3orf33	-3.3966666067045
PTEN	-3.39710445337079
RP11-115C21.2	-3.39796762045602
RP11-313P13.5	-3.39803845130469
GCC2	-3.3988519035365
CNOT2	-3.40183851242294
HSDL2	-3.40269608752842
CWC27	-3.40558054304636
AC142528.1	-3.40693343126631
NPDC1	-3.40721171419645
APBB3	-3.40842949592157
CUX1	-3.40945107545877
MALSU1	-3.41159303776514
RP11-936I5.1	-3.41215062796457
NNT-AS1	-3.41418450949933
IMMP1L	-3.41448209623572
CALM3	-3.41469354412856
SERBP1	-3.41475954849079
RP5-1091N2.9	-3.41555679484392
RP11-505K9.1	-3.41667684774532
LRCH4	-3.41857868337256
GPATCH4	-3.41939483881051
METTL13	-3.41977945267236
CUTA	-3.42121976180565
STX17	-3.4217522571052
PNRC2	-3.42369357125864
PCF11	-3.42434005360936
WDR52	-3.42486998498013
CITED2	-3.42572462729064
RP11-429E11.3	-3.42696780783149
VBP1	-3.42846093380595
RSAD1	-3.42987342221335
RP11-403I13.8	-3.43031811449532
SERPINB9	-3.4314016592551
ANK1	-3.43162575522906
TUBB4A	-3.43220730091456
EPRS	-3.43260810757813
KCNQ5	-3.43678000544438
MRM1	-3.43748127126311
TMPO-AS1	-3.43748228894072
NIF3L1	-3.43867397680347
RPUSD3	-3.43946627883499
RP11-558F24.4	-3.44031147470984
NMNAT3	-3.44109732485892
MAMSTR	-3.44213336663496
SETMAR	-3.44334247209027
WWP1	-3.44372560404165
IFRD2	-3.44458081620937
SYTL1	-3.44714775846526
PPAN	-3.45242858490778
CTD-2207O23.3	-3.45290062428053
PUM1	-3.45356789334532
INF2	-3.45458189732341
FAM173B	-3.45617873798132
ASNS	-3.45678604078324
NBPF15	-3.45806295037136
RNF126	-3.45889215507591
RP11-65N13.8	-3.46053171060713
TBC1D2	-3.46112861758305
EXOSC2	-3.46127196495172
CCT2	-3.46161401019931
ZNF675	-3.46276856778918
LINC01003	-3.46401323060089
PRMT10	-3.46403896830429
LINC00957	-3.46421208393036
RP11-37B2.1	-3.46560020065773
COL6A2	-3.46588900723271
ALDH16A1	-3.46616782155692
PABPC4	-3.46648230340298
RP11-78F17.1	-3.46667728782089
PFKM	-3.46910655349901
CISD1	-3.4694472364477
PTPN4	-3.47078535611797
ECHDC1	-3.47114376370885
EFNA4	-3.47287091654125
C14orf93	-3.47371242691078
RP11-301O19.1	-3.47497179659709
POT1	-3.47500759471164
BCL2L12	-3.47596897720979
IL17RC	-3.47760458935599
TMEM55A	-3.47980201621496
AC011841.1	-3.48071290615512
NUDCD3	-3.48125773007435
AC105760.2	-3.48135883881756
ICK	-3.4819949761142
TRIM56	-3.48331898137256
RBM17	-3.48628238207299
AC092295.7	-3.48818420296953
GLIPR1L2	-3.48901309424044
SSU72	-3.48906616055171
RNLS	-3.49527428067148
ARFRP1	-3.49919109946485
CYP4V2	-3.49990242598679
C1orf63	-3.49996973203529
RP11-649A18.12	-3.50133322301484
HMGN3	-3.50143607988815
BCL2L13	-3.50229809927225
PITPNC1	-3.50244348983472
RP11-35G9.3	-3.50290058943177
PITPNA-AS1	-3.50302970506863
PMS1	-3.50406112771048
NBPF1	-3.50469491088939
FAM208B	-3.50563728711788
UBE2H	-3.50623975884577
PLS1	-3.50642554236956
ZMYND8	-3.5074032431889
PROCR	-3.50835161684011
HIST1H2AG	-3.50992024348077
ACVR1C	-3.50999937072808
ALDH6A1	-3.51130497242786
MARCH9	-3.51132641476251
CTA-445C9.14	-3.51176516523581
EID3	-3.51194460661986
SELM	-3.51199535006761
ZNF586	-3.51377822264217
OXA1L	-3.5153792337834
HMGN5	-3.51538141573338
DRAM2	-3.51868587838648
TSHZ1	-3.51886048719039
EDRF1	-3.52017536022829
BBS2	-3.52050307698789
CAMK2D	-3.52202595897589
RB1	-3.52661418950633
RWDD2A	-3.52707187087824
ATP6V0E2-AS1	-3.52715144558889
KIAA0907	-3.52804598025689
EPB41L4A	-3.53407723413369
LINC00910	-3.53455399204027
PIBF1	-3.53480428361103
MDN1	-3.53778252501006
SPDL1	-3.53876651327391
HNRNPA0	-3.53881961986359
MAP3K7	-3.53912828182725
VHL	-3.5440995468213
REST	-3.54580939874439
HPDL	-3.54596158774742
AKAP7	-3.54619014683551
TMSB10	-3.54652415924075
FBXO9	-3.54956965170786
KRT10	-3.5522362238742
TBP	-3.5535393186942
MT-ND4L	-3.5536196880657
HECTD1	-3.55580837204697
CAND2	-3.55759999842569
RP11-152N13.5	-3.55802039543101
WDR36	-3.55983492668986
NRTN	-3.56259278519133
CCNT1	-3.56434000669749
CTD-2506J14.1	-3.56458062230939
H1FX	-3.56711347898421
RP11-347C12.3	-3.56749788951545
GATA3	-3.57052745178328
CERS6	-3.57099772589595
BDNF-AS	-3.57134865657318
NMRAL1	-3.57232974297273
IPO5	-3.57241833250648
HNRNPC	-3.57295447097248
SVIL	-3.57323353732323
PPM1L	-3.57325858732842
EIF2B5	-3.57390222149165
CDIPT	-3.57474542578456
MAP3K13	-3.57474991331698
SLC25A23	-3.57554834488228
RP11-109N23.4	-3.5766140031899
CDC14A	-3.57727612698491
TRIM5	-3.57770669586756
ASNSD1	-3.57781190264585
CHEK2	-3.57911608441095
ELL3	-3.57926357787942
DDX56	-3.5828986900809
HAX1	-3.58419714268918
RP11-121M22.1	-3.58495481830852
ZC4H2	-3.58521840478815
CD38	-3.58523807198327
MTPN	-3.58535445008177
FCGRT	-3.58604193366237
ZNF572	-3.58648759254393
C10orf91	-3.58848822624448
NFX1	-3.58929894180154
NET1	-3.58996712840886
PPP1R3E	-3.59300820780764
C2ORF15	-3.59389540898078
C21orf33	-3.59690031186521
CDK4	-3.59749095524043
SLC44A5	-3.59928545396925
REM2	-3.59935662001242
TNFRSF11A	-3.60149905981815
SLC5A10	-3.60189571671699
STOML1	-3.60722412783544
CECR5	-3.61417955501565
TRA2A	-3.614415494087
RP11-466A19.1	-3.6149942700607
PIGV	-3.61552926432422
NHLRC4	-3.61646307833328
TCTN1	-3.61780570683354
TBRG4	-3.61993730678885
MRPS24	-3.62049871908315
SP4	-3.62214859079291
ZNF345	-3.62223645051368
RIOK2	-3.62358191958144
CEP63	-3.62380963542642
SHARPIN	-3.62440125991822
RP4-798A10.7	-3.6249686606445
FAM210B	-3.62506570837898
FBXL4	-3.62530916631915
DHRS4L2	-3.62699865207035
DNASE1	-3.62723915499474
RNF2	-3.62906747830882
CTD-3096M3.1	-3.62932845861507
IL16	-3.62934205635978
DCAF8	-3.6298541699389
MRPS9	-3.62992515757591
OARD1	-3.63233672573085
CTSO	-3.63350559541715
MYLK-AS1	-3.63358301928037
MZT2B	-3.63503438542651
TMCC1-AS1	-3.63644991439401
HPS4	-3.63816022496733
PSMA8	-3.63825853273079
PPM1B	-3.63868542218224
RIPK2	-3.64057726332307
FANCF	-3.64406432731252
ZNF721	-3.64503893925572
C1QBP	-3.64575748290986
ZNF90	-3.64595103215155
FXR1	-3.64676523673897
RP11-563N4.1	-3.65027303820002
LYSMD2	-3.65055445562177
AFF4	-3.65160420734784
RP11-378J18.3	-3.65258901168549
ORC5	-3.6541300189379
MYCBPAP	-3.6547154904046
TAF4B	-3.65769301806113
APIP	-3.65793580920888
PHC1	-3.65826890409614
FOXRED1	-3.66158509982058
DGKH	-3.66333658818669
SH3GL1	-3.67224393363306
RP11-258C19.7	-3.67229186447873
PARP3	-3.6762332072048
WDR64	-3.67688929582119
PSMG3-AS1	-3.67721381136344
ARHGEF3	-3.67833432947076
MID2	-3.67971757680981
TAB1	-3.68072045078902
ALKBH3	-3.68114175474869
RBM48	-3.68151844275435
FBXO21	-3.6853602965051
PPP2R5C	-3.68849373689195
QTRT1	-3.68857726621085
HCG11	-3.69107150851421
KTI12	-3.69235670520267
ZNF674	-3.6944900388989
HERC4	-3.69621510999873
POLR3D	-3.69672869445806
MMP24-AS1	-3.6995891249748
SVIP	-3.69986080632671
RP11-87F15.2	-3.70035610160086
TOLLIP-AS1	-3.70062633888109
C1orf123	-3.70155437869808
RP11-285F7.2	-3.70163410591973
CMBL	-3.7016719151702
RP4-635E18.8	-3.70258225119894
BANP	-3.70472314761099
C17orf100	-3.70508004547009
ZNF84	-3.70581309536575
SERPINB6	-3.70632304901047
ERCC4	-3.70664157195549
LINC00526	-3.70671465297825
WWC1	-3.70688904719057
PTCD2	-3.70718795298429
NR1D1	-3.70774060421199
CPSF6	-3.70973596979852
CTD-3110H11.1	-3.70980363146033
MTA3	-3.70989433553151
AC109826.1	-3.70995996204317
TACC3	-3.71075105849335
RNF170	-3.71104016808044
LENG8-AS1	-3.71216680362254
ABLIM1	-3.71292284744568
DNPEP	-3.71610436690842
GLIS3	-3.71742200620538
CTC-228N24.3	-3.71801556509446
RP11-666A1.5	-3.7182165526081
OLFM2	-3.7200981890448
DCBLD2	-3.72053776618549
NIPSNAP1	-3.72115982619351
TFB1M	-3.72122714075332
HIST3H2A	-3.72269268086654
DXO	-3.72309849469427
SEPT6	-3.72619763407463
EFCAB5	-3.72625317342237
RP11-327F22.1	-3.72630248484388
GORASP2	-3.72636975434669
SLC39A10	-3.72711693184626
MRPL55	-3.72808174545754
ARMCX4	-3.73198929558983
SNRPD2	-3.73243333457665
SNRK	-3.7338284486559
SRPK2	-3.73485760016947
CES1	-3.73951066358088
INVS	-3.74337844983987
BAZ2B	-3.7434828929138
ZNF529	-3.74420601260625
GALNT12	-3.74425412843892
RXRB	-3.74524615731311
RP11-290D2.6	-3.74828054883504
NNT	-3.74866148736579
MAT2B	-3.74965147432981
CHAMP1	-3.74988161123641
TMEM55B	-3.75000057566116
HNRNPH3	-3.75004105887161
ZNF737	-3.75056049146396
UBE2F	-3.75102082942407
N6AMT2	-3.7512806708034
CAPN11	-3.75153736895835
CTC-273B12.10	-3.75191758278428
COQ5	-3.75281192223888
AC093627.10	-3.75355879187518
CAHM	-3.75426385790083
GSTT1	-3.75488933425444
TRIM32	-3.75633526384216
NARG2	-3.75658405259925
CCL28	-3.76071996890857
CREB1	-3.76080175149999
AKAP10	-3.76121003853849
PET117	-3.76312636731654
AP001412.1	-3.7652082765334
C8orf59	-3.76648115736627
TM7SF2	-3.76657703230958
KDM8	-3.76719886755549
SCAI	-3.76733910225118
ELP2	-3.76985777658097
ANKRD46	-3.77299894146131
PPBP	-3.77408408568549
AL592494.5	-3.77606809598567
RP11-466F5.8	-3.77709743318761
RP11-707M3.3	-3.77996669634744
SERF1B	-3.78145991582062
SLC4A5	-3.7821845896894
DHPS	-3.78266547654795
JAK1	-3.78322906951249
CCDC85C	-3.7834587218502
TMEM139	-3.78554762545703
SF3A1	-3.78586241341077
VAC14	-3.78857413879701
TMUB1	-3.78898106090485
HELB	-3.79175274667239
HSPA8	-3.7921387770033
THUMPD2	-3.79261944230442
CEP95	-3.79399796319958
SNX19	-3.79508170583862
ZNF544	-3.79508473101812
NDE1	-3.79530071913393
CIRH1A	-3.79558670082662
CTD-2037K23.2	-3.79578852757798
RPL28	-3.79621938755863
RP11-127B20.3	-3.79984668597074
APRT	-3.80012224486422
MBNL1	-3.80045215259236
FSD1	-3.80082419512287
THUMPD1	-3.80095532038521
CNOT3	-3.80213961565588
ZNF782	-3.80282958561147
TCEANC	-3.80291578031915
ZNF24	-3.8042574492934
MRRF	-3.80751250798187
LMBR1	-3.80907369795523
DENND6A	-3.80961440847958
FAHD2A	-3.81026109107926
RNU12	-3.81045564453348
CD2AP	-3.81049301154175
TMEM71	-3.81069294605722
MPHOSPH10	-3.81289408320714
DICER1-AS1	-3.81416320526543
PPIH	-3.81461863928951
BLMH	-3.81626324401174
KIAA1919	-3.81645530538291
POLM	-3.81770586736427
CTD-2562J15.6	-3.81820983825813
MKLN1	-3.82200401298674
NR2F6	-3.82261551898705
CCNL2	-3.82527190565437
ZNF277	-3.82588118464217
ZSWIM7	-3.82665887803165
POGLUT1	-3.82705279291049
MRPS2	-3.82924974026967
AGBL2	-3.83033456352523
DIS3L2	-3.83060010209991
CTC-338M12.5	-3.83070625738889
ESF1	-3.8331236544114
ZNF486	-3.83390386282311
HOMEZ	-3.83421681575773
RP11-327F22.4	-3.8350538469076
COX10	-3.83623261085362
SEC63	-3.83645400970876
FMO4	-3.83674986082702
DCUN1D4	-3.8384734963441
ZNF253	-3.83864007542443
KDM4C	-3.83952236777393
C20orf112	-3.83977001786166
GNAQ	-3.841001996157
WHSC1L1	-3.84270935876917
RP11-307E17.8	-3.84280099080235
UBE3A	-3.84750884586468
DPH6	-3.8502055589781
KLHDC3	-3.85157539968931
TRNT1	-3.85186082778781
LINC00938	-3.85240229036125
HMHA1	-3.85294334236901
C10orf2	-3.85490392310269
RP1-8B1.4	-3.85538280374616
CBX1	-3.85608661026796
PPWD1	-3.85664936301683
POLR2H	-3.85783433526977
PET112	-3.85934367937312
TMEM30B	-3.86045339926873
DYRK4	-3.86123802716486
C20orf96	-3.86141226387856
EIF4EBP2	-3.86309991838284
ZNF248	-3.86504727902459
ZNF431	-3.86693457598145
IFNGR2	-3.87035388737807
EPM2AIP1	-3.87050402212876
OCIAD1	-3.87073570507763
NRG2	-3.87074818900252
SNORA76	-3.87115462074462
RP1-234P15.4	-3.87212538102548
POMK	-3.87324744467331
OFD1	-3.87327074988096
NPAS2	-3.87383112286044
C2orf47	-3.87387070712394
AMN	-3.87516110266618
WWC2	-3.87551131959457
TRMT2B	-3.87556174900408
FAM213A	-3.87638924702851
C10ORF68	-3.87782358792345
EMR1	-3.87852113130467
RAB30-AS1	-3.87949591564761
TRMT10A	-3.8798293439033
SLC18B1	-3.8801822038385
FCRL3	-3.88090677848302
EPB41L4A-AS1	-3.88107894203623
HS2ST1	-3.88333081967307
PACRG	-3.88372139451229
ITM2B	-3.88409129663609
DCAKD	-3.88470640568695
NHLRC3	-3.8852542553698
FBXL5	-3.8882121072676
AC018755.1	-3.88862314666004
CTC-241F20.3	-3.88933304601867
EPC2	-3.89300482491068
KIAA0391	-3.89308374148744
UBTF	-3.89366921524587
PPP1R35	-3.89646227536279
UQCRB	-3.89746065828144
LIPC	-3.89777575964536
GIMAP4	-3.89816157017057
TRMT61B	-3.89842722756185
MSRB2	-3.89881584352599
LINC00528	-3.89908625298628
VSIG2	-3.90020380280332
C15orf41	-3.90258686443813
ANP32B	-3.90318552248203
RPL41	-3.90327057247772
NDUFB11	-3.90344528514169
ACTR3C	-3.90450443350928
POLR3G	-3.90519118977516
RASA2	-3.90558521765697
CHI3L2	-3.90884894688736
PILRB	-3.90957453081839
SRP68	-3.91009657180049
VAPB	-3.91063355799461
SCRN3	-3.91092680112491
KLHL11	-3.9117926227169
C1orf52	-3.91224180215531
PNKD	-3.91291797744491
NAT9	-3.91331376208215
RNASEH2C	-3.91351445876253
RP11-395A13.2	-3.91394327017761
ATP6V0A2	-3.91587238296559
CNN3	-3.91929444996435
CRTC3	-3.92021751503601
MTRF1	-3.92151824628197
SENP6	-3.92792717151652
SWT1	-3.92821746599329
DCAF17	-3.93165166671795
NDFIP1	-3.93341500851333
PTCD3	-3.93365915612358
METTL12	-3.93619115583694
HAR1B	-3.93851443039248
CCDC144NL	-3.94008734397457
MARCH3	-3.94206873855079
TTN-AS1	-3.94321672302767
AC021860.1	-3.94352464338304
EXOSC1	-3.94619712457976
SMIM11	-3.9476272060874
GYPC	-3.94980308803684
DNAJC4	-3.95137907778183
PM20D2	-3.95233289842026
ZNF331	-3.95353099932702
LIAS	-3.95500877911062
RP11-692D12.1	-3.95532155692973
ZSCAN30	-3.95565142576627
SH3BP5	-3.95736525143907
TOMM20	-3.95824345429796
INPP5B	-3.95888217879339
SNPH	-3.96005722892849
HKR1	-3.96075753576967
RP11-302B13.5	-3.96176891793695
SEPT9	-3.96208607777622
RP11-44N11.2	-3.96228566122595
GSK3B	-3.96281354447934
CPA5	-3.96411515640875
DNAJC30	-3.96469916650617
C7orf55	-3.96486699457274
FSBP	-3.96506828526386
WDR12	-3.96524842433287
MRPS35	-3.96556486839848
ATP13A4	-3.96605777631456
RP11-383C5.4	-3.96762124438494
ZNF69	-3.96784094407813
INSIG2	-3.96813488864727
PTER	-3.96977721238156
GRAPL	-3.96989910824157
LDOC1	-3.97022742385678
EFCAB13	-3.97057174325236
RP11-51M18.1	-3.97244618757849
CTD-2619J13.14	-3.97402213851367
CYP3A5	-3.97432889889338
LINC01011	-3.97447373152506
GPR18	-3.97530566086358
MCCC1	-3.97930646760607
POM121	-3.97993365521972
RP5-882C2.2	-3.98118596366662
ZNF433	-3.9817352706236
RP1-125I3.2	-3.98199395227362
TRIM4	-3.98296234624721
NUPL2	-3.98326308740287
RP11-486G15.2	-3.98339164030476
POLG2	-3.98353641133194
CAPS2	-3.98729055804153
SDCCAG8	-3.99101915423504
RP11-679C8.2	-3.99423497502091
HMGN1	-3.99571498793703
H2AFZ	-3.99657632799012
CTD-2031P19.3	-3.99715604993429
HSPD1	-3.99721595451172
RP11-656D10.3	-4.00114412237059
ZNF23	-4.00268740252506
MYO16	-4.00280164986784
ZNF783	-4.00436396192986
ANKRD44	-4.00627913766628
CTD-2341M24.1	-4.00671107065885
KB-1460A1.5	-4.00796478747997
RPS17L	-4.01026310111585
S1PR1	-4.01583372124825
ZNF346	-4.01594082607825
TUBG2	-4.01630281939747
CELF1	-4.01705805459389
CRYGN	-4.01809906009588
ARHGEF10	-4.01914781164697
C21orf49	-4.01924063999767
C3orf52	-4.02346021432506
KB-1208A12.3	-4.02466355197537
SNURF	-4.02607268706762
AL592284.1	-4.03086047961879
DNAJC27-AS1	-4.03331175888357
CYP24A1	-4.03383979113312
FTL	-4.03523609353402
CCDC106	-4.03602317404957
CTD-2203K17.1	-4.03636559759654
C9orf147	-4.03784515225983
LYRM1	-4.04025755731169
RP11-526I2.5	-4.04142651015063
RP9	-4.04184531511032
MMP28	-4.04359406918231
GIMAP8	-4.04395695645987
RAB37	-4.04571180335684
GANC	-4.04614138529834
KLHL6	-4.04705566196016
NT5DC1	-4.04784400803421
ZNF708	-4.04884893680633
LINC01024	-4.04938219424993
LINC01136	-4.05099888299209
ADAMTS6	-4.05150452592437
AC079807.2	-4.0554884254347
RC3H1	-4.05697312674306
LRP6	-4.05844605938204
TPT1-AS1	-4.05978498122882
RAB33B	-4.06096555350461
AC093627.9	-4.06228651965302
DISC1	-4.06641444790021
RPUSD4	-4.06877694459546
RP11-85G18.6	-4.07013216792601
RAB30	-4.07034210047384
MAD1L1	-4.07253609292181
SNRNP48	-4.07317285392025
C11orf74	-4.07429691737135
TRMT11	-4.07439577083846
CTC-246B18.10	-4.0807333131894
XPO4	-4.08222677457632
MSH3	-4.08265615704078
C19orf82	-4.08294965418665
SIDT1	-4.08423957267824
C5orf17	-4.08464941137229
GPC2	-4.08544491848633
ST3GAL3	-4.08573444629585
TIGD7	-4.08614675378319
RP11-295G20.2	-4.08983898028036
RP4-673M15.1	-4.09063339705116
TUG1	-4.09076952935325
AL591479.1	-4.0912926169325
AP4S1	-4.09228874075103
PLCL1	-4.09366833724415
RP11-416N2.4	-4.09452478381882
COG3	-4.09458591675318
ACAD10	-4.09805937797231
PRKAR1B	-4.09979676323669
RP11-326I11.3	-4.10084630157915
RP13-582O9.5	-4.10528357801116
COG5	-4.10782603806266
MCCC2	-4.10798044006046
FAN1	-4.10799654270221
CCDC141	-4.10976590219908
HIST1H3A	-4.11064199996336
MACROD1	-4.11101590370107
CKAP4	-4.11148420959752
TPM2	-4.11163352997515
MIB2	-4.11421564793517
UTP14A	-4.1174582677076
EIF1AY	-4.11979519793044
GRAP	-4.12040895094203
FGF9	-4.12105612916392
UNC45B	-4.12173163259499
RP11-277L2.3	-4.12324180549389
C22orf46	-4.12341673851836
NOP2	-4.12427386381994
RP3-322G13.5	-4.12488897314896
ZNF582-AS1	-4.12621251960072
SMCO4	-4.12851027872288
RP1-100J12.1	-4.12970789727046
RP11-527L4.5	-4.13021477018168
GIMAP1	-4.13129305988532
AHCY	-4.13201591191797
MALAT1	-4.13303958928347
NOB1	-4.13743163333311
RASGRF2	-4.13761271863605
C6orf120	-4.13769184058902
MAP2K5	-4.1379139076934
RPS19	-4.13930814614022
EIF3G	-4.14106122683893
RBM4	-4.14699595197501
PFDN5	-4.14765544157871
HDAC2	-4.15078644317145
RP11-15A1.3	-4.15545804361972
GIMAP5	-4.15578631986274
CDK8	-4.15639896258369
N4BP2L2	-4.15911535295234
MPHOSPH8	-4.15987870436232
HMG20A	-4.160889519548
C15orf61	-4.16212511420215
FAU	-4.16300784548243
TRAF3IP2-AS1	-4.16409827990284
ZBED5	-4.16597748381866
RASAL1	-4.16829337385626
AMN1	-4.17014952214698
ZNF609	-4.17155102711812
SRSF6	-4.17207769086719
KLF3	-4.17360863646591
NCBP2	-4.17385204278977
ZNF507	-4.17390985870355
ZNF414	-4.17628427850397
SERGEF	-4.17730922595061
BLOC1S4	-4.17787959902796
ROBO3	-4.17835039098717
ZNF418	-4.18045555712837
KRT2	-4.18084279084811
BTG1	-4.18133294282005
KCNMB4	-4.18338244997244
MS4A1	-4.18615270648451
CLYBL	-4.18692097919311
RP3-441A12.1	-4.1880822749392
CAMK2G	-4.18855794353634
RUNX1	-4.18918910866219
NEK9	-4.18931715806363
GSR	-4.19044625321705
ZNF736	-4.19303738566207
NUP43	-4.1931836555095
SLC7A6	-4.1931910702908
HDAC3	-4.19427949297444
BRAP	-4.19528119791439
WDR3	-4.1957055516432
VPS9D1-AS1	-4.19718567346841
PHOSPHO2	-4.1993421968818
CD3G	-4.20338490185434
C2CD2	-4.20651214660819
ZNF394	-4.20671482895538
C12orf76	-4.20679709805893
CCDC28B	-4.20706810135791
NTHL1	-4.20709825701732
PTP4A3	-4.20973197872069
ABCB7	-4.2097814062125
ZFY	-4.21223170087397
GDPD1	-4.21320934856143
SURF6	-4.21383560187583
BLCAP	-4.21469087737828
RP1-313I6.12	-4.21519388833096
DUT	-4.21707032006218
PIGP	-4.21709830945359
CETN3	-4.21845742443068
POLB	-4.21927119111158
TAPT1-AS1	-4.22286567524674
NDUFB5	-4.22385026557564
ADAMTS17	-4.22452897058059
U2AF1L4	-4.22544996987141
VWA8	-4.22681373751531
RSL24D1	-4.22819459520402
CDH23	-4.22984282825553
TP73-AS1	-4.23094544646207
CHTF8	-4.23496975091842
RP11-252A24.3	-4.23571751045136
CDC42BPG	-4.23584978747805
MPLKIP	-4.23750278051737
USP44	-4.23967199050484
AC027763.2	-4.24045447443638
C1RL	-4.24083831299772
BTN3A2	-4.24226199656037
WDR75	-4.24263476572517
TMEM18	-4.24403866457021
GMPS	-4.24529534288721
C10orf32	-4.24594640677166
PCED1A	-4.24711749847515
NGDN	-4.24878118215603
RP11-761I4.3	-4.25002793385122
NT5E	-4.25038890962914
FAM53A	-4.25245331536201
RP11-752G15.6	-4.25599505377694
RP11-397A16.1	-4.25724633954955
RP11-455G16.1	-4.25948607380378
ZNF883	-4.25963893095772
ANKRD18A	-4.25978369264363
AASDH	-4.26047752875245
ERAP2	-4.26291310891455
TMEM2	-4.26569347296554
SIRT7	-4.26864087539689
ENTPD1-AS1	-4.26908654503574
MRPS25	-4.26927600682162
BTN3A3	-4.27007985882265
C12orf23	-4.27012899594718
RP11-611E13.2	-4.27149144846995
ZC3H14	-4.27175435838295
KRT72	-4.27318994011826
DDX28	-4.27489159299963
RP11-434C1.1	-4.27669628348394
GOPC	-4.27772925824642
BRIX1	-4.27828692201411
PPP2R5E	-4.27840386354762
ZNF12	-4.28133936258249
MXRA8	-4.28438068475394
IGSF9B	-4.29043327812862
OXT	-4.29333970615122
LINC00909	-4.29334050307378
IFNAR2	-4.29369973865394
RP11-146F11.1	-4.29385539090343
RAB25	-4.2941562269313
NLRP6	-4.29579749446621
FBLN5	-4.29682296969312
MBLAC2	-4.29760512684117
RP5-821D11.7	-4.29886126293719
PAPD4	-4.30187601333175
GPR160	-4.30324197900536
AGER	-4.3039272733873
ARL5A	-4.30476624669492
SCOC	-4.30527805914572
IFNAR1	-4.30679905591021
PGAP2	-4.30811914364016
RP11-77P6.2	-4.30959363914654
PKP2	-4.31030261225192
RP11-218E20.3	-4.3128293363799
PDCD2L	-4.312951076351
ZNF333	-4.31809646971769
HCG18	-4.31844844984953
NUDT9	-4.31858307931502
RPS10P7	-4.31904055881513
IMPACT	-4.3204068497899
PAIP2B	-4.32138286268183
DCAF16	-4.32209943499529
AP002954.4	-4.32270973426714
C9orf37	-4.32300193331174
ZNF827	-4.3242086017456
PSMD6-AS2	-4.32502372629588
ANAPC13	-4.32588554173953
EIF2AK1	-4.32622632449467
DDX17	-4.32624210514151
TRMT2A	-4.32672449779982
ZNF680	-4.32714264703193
HSD17B8	-4.32879402578571
ALDH9A1	-4.32887918914732
SUFU	-4.32933144585307
TMEM204	-4.33088911085669
SETDB1	-4.33113890478505
PPHLN1	-4.33284286864983
SFXN2	-4.33349303071401
TBXA2R	-4.33485337520984
RP11-108P20.1	-4.33720387336822
ATG10	-4.33732340448845
CLN5	-4.33907736319714
LSM14A	-4.3402574676079
RP11-345P4.9	-4.34101512540397
DNAJC19	-4.34111464097019
ZNF391	-4.34274678327327
PMS2	-4.34395115752386
HERPUD2	-4.34774397823938
CMTM8	-4.34810929211925
RP11-449H11.1	-4.35036479534885
LONP2	-4.35044725875614
ARMCX2	-4.35156187333537
ACBD4	-4.35476557544294
KB-1507C5.2	-4.35571339167033
GPX4	-4.35782481910589
USP6NL	-4.35813184279585
TMEM177	-4.36375813238306
RP11-284M14.1	-4.36401632146688
TCEAL3	-4.3666955936222
MLLT3	-4.36777978813708
NFIX	-4.36853992526792
FRY	-4.36998583716325
RP11-265P11.2	-4.37104872212069
ACCS	-4.37291868851891
BCCIP	-4.37378466138134
TTC12	-4.378407767296
INPP4A	-4.37882887830847
SNX27	-4.37912905933599
SLX4IP	-4.38148238512816
KBTBD11	-4.38263317089929
GIPC3	-4.38381661835787
NLE1	-4.38501923112942
TESK2	-4.39114312097212
POMC	-4.39221780035516
EI24	-4.39305471169583
NUPR1L	-4.40535000031432
RP11-4F22.2	-4.40566367292102
VSIG1	-4.40733784877304
MT-ND3	-4.40840360363859
RFESD	-4.41486723877888
ZNF174	-4.41511967281024
CRY2	-4.41863980222285
SSBP2	-4.41952609310716
DPH7	-4.42077817110941
ZFP14	-4.42148047856726
POLR1B	-4.42633665372612
HRSP12	-4.42692593139094
HSF2	-4.42716084191099
RP11-79O8.1	-4.4286401245154
CHORDC1	-4.42911841033125
FAM26F	-4.43007919616157
RPS10	-4.43166780617314
RPAP3	-4.43793452803813
FKBP4	-4.4398930351502
MFF	-4.44023988587081
NOP56	-4.44137628469947
ZNF428	-4.44441432225048
MICU3	-4.44508058067189
MAML2	-4.44553830406988
NSUN6	-4.44566552310538
RP1-102H19.8	-4.44593290179554
DTD2	-4.44773502718899
OR2A1-AS1	-4.44818443110548
KLHL8	-4.44865049251927
PNPO	-4.45074755904421
JADE1	-4.4512512431252
THTPA	-4.45127715538626
CCDC66	-4.45178315568397
HID1	-4.45225885835709
SNRPN	-4.4529846525778
DDX18	-4.45369189833211
TEX10	-4.45397017970853
BNIP3	-4.45421806039446
PTPDC1	-4.45448839306416
AL807752.1	-4.4552940442458
TAMM41	-4.45534954358429
RP11-108M9.4	-4.45596519387687
FBXL16	-4.4559855981521
TNFAIP8L2	-4.45980185161813
EXOSC8	-4.46766025290731
CD27	-4.47427595156781
ZCWPW1	-4.47662262135078
PLEKHH2	-4.47875294752888
PDHX	-4.4797201354924
COMMD10	-4.47996342253568
WDR89	-4.48242701925958
ID3	-4.48254531670023
GP5	-4.48668251059157
ZNF512	-4.48943760563441
RAB43	-4.49228288690329
TSPAN6	-4.49750480077729
RP13-977J11.2	-4.49779556961447
RP11-65M17.1	-4.49793723761675
DCAF10	-4.5000922577756
QRSL1	-4.50729701106257
WWOX	-4.50753012435326
LINC00493	-4.50952661012467
GRK6	-4.50991841781204
FN3K	-4.51170323591719
R3HDM2	-4.51420117038772
PXN	-4.5150987937912
RP11-1152H14.1	-4.52060687365136
GCFC2	-4.52333504626104
TPR	-4.52393569542645
RP11-382J12.1	-4.5243342382346
CCDC7	-4.52645564246983
AC008964.1	-4.52839183021355
FAM66C	-4.52983228041527
ZNF589	-4.53401062694462
P4HTM	-4.53626608710737
RP11-332H14.2	-4.53727191589229
PRSS12	-4.53805082491145
CNTNAP1	-4.53925622625883
GNPNAT1	-4.54122309540696
SLC35C2	-4.54219611101796
MAN1A2	-4.55062037961495
JAM3	-4.55085333436917
NPW	-4.55106910403692
YPEL3	-4.55118266373705
ZNF540	-4.55194404588196
RP11-381K20.2	-4.55195642760769
PABPC1	-4.5531200059622
TMEM143	-4.55757811365072
ZAP70	-4.5590684287572
ZNF93	-4.56497181531423
PLCG1	-4.56954482818612
HIST1H2AK	-4.57065492089372
PMPCB	-4.57160123591044
ORAOV1	-4.57257263996007
EMG1	-4.57316055491996
CCDC121	-4.5732478733165
AKR1E2	-4.57965885427528
UQCRC2	-4.58141708454175
CTD-2031P19.5	-4.58316363123078
MTFMT	-4.58412898249628
ST6GAL1	-4.58487068366463
MRPL1	-4.58583332673804
MCF2L	-4.58605896794326
RAD52	-4.58660474625681
CCR6	-4.58706420253792
GPSM3	-4.58736994039715
POLR2M	-4.58820709051169
TMPO	-4.59019677705681
SNUPN	-4.59058028362487
NDRG3	-4.59218270550747
AC062017.1	-4.59238216447986
KRTCAP3	-4.59266280770072
FAM201A	-4.59360101572706
DLEU1	-4.59576427935379
SLC35B3	-4.59597610776944
AC025171.1	-4.59725942263723
PRUNE	-4.5987504869582
FBXO15	-4.59880817618685
ASAH1	-4.60342642011232
KATNAL2	-4.60482876314982
POLL	-4.61446524023217
BCKDHB	-4.6179982328475
RP11-427H3.3	-4.61953075251079
ZNF76	-4.62053642261256
KMT2E-AS1	-4.62136976505105
MPP6	-4.62480793164247
BTLA	-4.62500223350142
PRKAG2	-4.6271150558297
CAPN7	-4.62815519294086
SPINK2	-4.62915083423911
CYB561D1	-4.63029861725155
ZNRD1-AS1	-4.63123819277116
RP11-126L15.4	-4.63131668873735
PATZ1	-4.63181665706864
RP1-167A14.2	-4.63235771298687
GEMIN4	-4.63268891642601
ACYP2	-4.63494335223696
HDAC1	-4.63510777375306
MAP7	-4.63516116744707
NCAPD2	-4.63583775252986
FAM66B	-4.63789810953239
AGMAT	-4.64444926539793
THNSL1	-4.65480898915914
AC099850.1	-4.65543818108852
RP11-324I22.4	-4.65554628595178
ELP3	-4.65823908601959
RP11-6J24.6	-4.65883076575398
CUL5	-4.65892328383728
FOXJ3	-4.65983185727947
KLHL36	-4.66001608251253
RP11-277L2.4	-4.66101341300751
PRIM1	-4.66341807163592
C6orf48	-4.66342257317061
RP11-602N24.3	-4.66357946510599
MTO1	-4.66570734937534
HIST4H4	-4.66591113996897
KLHDC1	-4.67030385658142
NMD3	-4.67054730473066
PTPRO	-4.67394876102237
PPP1R2	-4.67421627213611
ZNF674-AS1	-4.67433197991941
RP11-572M11.4	-4.67701423571392
CTD-3203P2.2	-4.67716092704794
PLCL2	-4.67743185174691
AC002310.12	-4.67893785879718
NR3C2	-4.68311365845446
HELQ	-4.68651661122394
TCEA2	-4.68698389332994
RPP25L	-4.68734564273532
FAM159A	-4.69197810380158
LRRIQ3	-4.69361353088487
P2RX7	-4.69411590096991
ASB13	-4.69461154029532
SIMC1	-4.69473176510253
CRHR1	-4.69474594420921
OXSM	-4.69773540542031
ZNF566	-4.69953930839627
YEATS4	-4.70001513730554
AKIRIN1	-4.70042086478409
RP11-1017G21.5	-4.7013983889342
BAG3	-4.70256486666334
RP11-305E17.6	-4.70301244835536
SIRT5	-4.70433387783129
ZNF814	-4.70587704456141
ARMCX5	-4.70633070217933
POLR2J3	-4.70661324381482
BTBD3	-4.71188837950231
B3GNT1	-4.71443895761168
TASP1	-4.71467337688816
C6orf229	-4.71723105982643
PRRT1	-4.72295834257823
C11orf21	-4.72434168304682
ZNF749	-4.72591822700288
RPL26	-4.72935632458114
HDAC5	-4.73067727713549
MMP11	-4.73220709770771
RBMS3	-4.73342350214202
HEMK1	-4.73413027135816
DBNDD2	-4.7350817582104
PKIA	-4.7398276841129
FOXP1	-4.74500810657352
NDUFB9	-4.74935975600689
MINK1	-4.75129354509068
EPC1	-4.75136392167626
SIGMAR1	-4.75180129066552
PHF1	-4.75450003940105
MTUS1	-4.75641379993368
ZNHIT6	-4.76009845734508
RP11-174O3.3	-4.76043098475236
TSPAN18	-4.76119717256609
RP6-206I17.2	-4.76122004378188
ITGB2-AS1	-4.76359184681268
INTS6-AS1	-4.76394160228338
MANEA-AS1	-4.7645022087485
TMEM260	-4.76569774376993
PLK2	-4.76677642873744
INMT	-4.76813415449252
SSH2	-4.77016121759092
LIMS1	-4.77091790698418
CEP57	-4.77179102863818
SYDE2	-4.77313872799925
EIF3K	-4.77570589091169
LMTK2	-4.77629266242653
HIBADH	-4.7831048087556
MT-ND4	-4.78534267545199
FITM2	-4.78658759934605
ZNF844	-4.78815950610391
TSPYL2	-4.78894889723455
ZNF397	-4.79102831422736
TSPAN32	-4.7939904920329
OSGEPL1	-4.79417370542088
RP11-350N15.5	-4.79484645092547
CHCHD10	-4.79777214794707
MATR3	-4.80067679083416
RP11-111M22.3	-4.80122420126404
DDX3Y	-4.8024086325294
CEPT1	-4.80250194562297
RPRD2	-4.8035015055782
COX7C	-4.80695734493887
PFAS	-4.80883547094584
MRPL46	-4.80945246651092
ZFAS1	-4.81108194511795
PAXIP1-AS2	-4.81282193337313
MLLT11	-4.81648366648175
HNRNPA1	-4.81736159628994
ZNF154	-4.81809320465922
SLC27A5	-4.81874058719547
CACNA1I	-4.82201794453387
CFH	-4.82233685333736
TOPORS-AS1	-4.82369163751477
ABHD3	-4.82391883940689
CTD-2020K17.4	-4.82758994142184
ORMDL3	-4.82905295818096
RP11-522I20.3	-4.83172374402982
LETMD1	-4.83312189343588
CACNA1C-AS2	-4.83591555259844
SMDT1	-4.83595453350381
MTHFD2L	-4.83970197733176
ST7L	-4.84507003247011
DFFB	-4.84603622210116
TCTE3	-4.84808155827491
NUDT12	-4.85464082976709
ESAM	-4.85593362084641
GLS2	-4.85681483482767
NAP1L2	-4.85808830354804
PDK1	-4.86011631198381
CTC-378H22.1	-4.8601594245017
REV1	-4.86334028857697
SPTSSB	-4.86425179074408
MZF1	-4.87252634319807
RP11-114N19.3	-4.87316860380093
LINC00865	-4.87337622789261
ARIH2OS	-4.87656497383864
LOH12CR2	-4.87807751718163
SPINT2	-4.88084079986445
GNPTG	-4.88132667026122
GNL3	-4.88289484599154
GRASP	-4.89147929852778
SLC14A1	-4.89173759233362
ABI2	-4.89344411462671
NT5C3B	-4.89393989663676
TXN2	-4.8970505709055
IP6K2	-4.8982059218364
ARSG	-4.89988064022736
DNAJB4	-4.89996856922975
RP11-708J19.1	-4.90166172292982
EEF1G	-4.90254180907206
PHF20	-4.90359146176643
GABPB2	-4.90412547775711
PRPF19	-4.90454897120474
DCK	-4.90648685496774
ACO1	-4.91185853044142
CCT4	-4.91209912656641
KLF7	-4.91661472004962
SCGB3A1	-4.91752178241637
GIMAP2	-4.91872174162058
RPUSD2	-4.91931008068177
VCPKMT	-4.92154002269441
ZNF429	-4.92576531163345
HIST1H4A	-4.9262391633365
TYW1	-4.93214069642026
VAMP2	-4.93226308175146
EID2B	-4.9364984879502
GPR25	-4.93709272389251
SH2D3A	-4.9377913647836
TSEN2	-4.93984703122817
RPS16	-4.94167127584204
RPL17	-4.94240903183884
XYLB	-4.94260213748174
PRMT7	-4.94705567573277
ERBB2IP	-4.95057445602879
LINS	-4.95230834819365
SSB	-4.95460475900707
RP11-637A17.2	-4.95494021600136
RP4-575N6.4	-4.95677931601665
MAGEH1	-4.95883948207429
LINC00649	-4.96003908071583
XXbac-BPG252P9.10	-4.96119521454772
VPS8	-4.96202757788197
SRSF1	-4.96295577536577
FCHSD2	-4.96475973945477
ZNF107	-4.96648666941511
KIAA1430	-4.97500361285895
ZNF493	-4.98099008952403
MYLIP	-4.98112890732265
ZNF606	-4.98114705218073
ICAM4	-4.98158428462497
APOA1	-4.9819276211811
HDHD2	-4.98375709534087
CTSF	-4.98731833245343
ZNF141	-4.99051848270666
ZNF264	-4.99145998253061
FAM134B	-4.9971783439857
LEKR1	-5.00218493238251
RP11-326C3.11	-5.00252657186078
PRRG2	-5.00444819921637
CTD-2666L21.1	-5.00535131601863
CCDC109B	-5.00577539513933
N4BP2L1	-5.00890514240079
ENOX2	-5.01062974545085
TSEN34	-5.01104870739741
NAPEPLD	-5.01297693862779
IGBP1	-5.02035690535156
BZRAP1-AS1	-5.0210451279792
IFT80	-5.02645029974611
APLF	-5.02804450946836
ZNF667-AS1	-5.02965494833052
RP11-10K16.1	-5.03063329044367
EPB41	-5.03125927264299
TMEM44-AS1	-5.03320700237478
HPCAL1	-5.03625950528813
DGUOK-AS1	-5.03706562098609
HHLA3	-5.0372230118064
SEMA4D	-5.04026934852728
RP11-379H18.1	-5.04310177998766
ZRANB2	-5.04557844430381
OMA1	-5.04652978317025
RRS1	-5.04767010243744
DUSP19	-5.04901245710705
DCXR	-5.04970838376631
PGBD4	-5.05057612984484
NSMCE1	-5.05380861026378
C12orf66	-5.05458273438326
Y_RNA	-5.05650329403316
ZNF83	-5.06862758785586
AMIGO1	-5.06931064507739
URGCP	-5.07136118226954
RPRD1A	-5.07373976384556
TPO	-5.0749196692245
RPS27A	-5.0750709360924
TRIM73	-5.0752393437729
FAM227B	-5.07686997514664
B3GNT3	-5.07833707946803
RP11-1L12.3	-5.08106365586477
ZNF70	-5.08394776346021
C19orf43	-5.08631022691149
RP11-235G24.3	-5.08652394794209
PITHD1	-5.08745476331313
METTL16	-5.09169620449218
ARHGAP25	-5.09696438374193
IKZF1	-5.09901217444314
UTY	-5.09905638194735
SLC25A6	-5.10076199865971
RP11-161M6.2	-5.10104896006886
C1orf56	-5.1013429028208
PDIA5	-5.10334544039091
ATP6V1E2	-5.10427637873068
LRPPRC	-5.10474976158777
TNIK	-5.10482229825868
ZNF30	-5.10535132928124
PRDX2	-5.11923131679534
NUS1	-5.11978902889037
RPLP0	-5.12136636413912
NME1-NME2	-5.12230062192313
AP006621.5	-5.12234299398557
CTD-2366F13.1	-5.12512150461428
AC093323.3	-5.12720333848426
TRAPPC2	-5.13083670977211
HIVEP2	-5.13164320889674
TRAP1	-5.13755131679975
QARS	-5.14242183223524
HMGN2	-5.14524643614456
C1orf109	-5.14603074891309
ADTRP	-5.14662182523833
XPO6	-5.14704184250876
KRBOX4	-5.14800353258289
GS1-124K5.4	-5.14850000994799
ARGLU1	-5.15060263235861
CCT3	-5.1523939227539
NGLY1	-5.15394592682429
RPL14	-5.15594792404689
DHDH	-5.15705234297947
C19orf48	-5.1645748158684
RPL24	-5.16457592921052
RP3-323P24.3	-5.17298430340282
TMEM99	-5.17445016490238
RP11-390E23.6	-5.17855144523891
MIR4519	-5.1853995065956
SECISBP2	-5.18762543142994
PIGK	-5.19356402307002
CSAD	-5.19449746375694
FZD3	-5.19677201646508
LUC7L3	-5.205222496466
KLHL29	-5.2074449259533
ZNF717	-5.2097217344161
SALL2	-5.21230570394918
GATA3-AS1	-5.21480757919114
SLC48A1	-5.22097997255991
RPS24	-5.22925291183122
RAD51B	-5.230450193267
TJP3	-5.2305131009483
RPL7A	-5.23194348331685
UTP23	-5.23532695777994
PAN2	-5.23810656893544
NMU	-5.23890908291567
TLE2	-5.23897146981484
MOCS2	-5.24112056276757
NUAK2	-5.25351563652257
TMEM45B	-5.25471500094483
UBE2E1	-5.25694175436058
IL11RA	-5.258808395695
TSPAN5	-5.26014577173493
TMCO6	-5.26272936220636
AGTPBP1	-5.26359696863816
STMN3	-5.26402769169504
RP4-816N1.6	-5.26526147840319
TOMM70A	-5.26738927649565
RP11-440L14.1	-5.26845470545381
MAPKAPK5	-5.26919591766866
ZNF692	-5.27049789614301
TCEAL4	-5.27893254434845
NPRL3	-5.27909099968718
TCEAL1	-5.28174319958856
RPL36A	-5.2831959882698
RPL35	-5.28494565014994
ZNF439	-5.28701858354403
ZNF138	-5.28734870867847
C22orf15	-5.30218745463338
SNRPA	-5.30488125083515
PAXBP1-AS1	-5.31099820465616
CYP2U1	-5.31426744934311
RP11-46C24.7	-5.31481127858915
RP11-307C12.13	-5.31880697555503
TXLNG	-5.32417583558596
RP5-827C21.4	-5.325851880656
RPL27A	-5.33327447647766
RPS9	-5.33470653867254
TMEM220	-5.33477216616444
LINC00511	-5.33689561193067
TOMM7	-5.3405182427953
CD47	-5.34199271838688
RP11-533E19.7	-5.34346125479715
ZNF786	-5.34397529193592
EXPH5	-5.34421624638446
RP11-143J12.2	-5.34572765028838
ZNF800	-5.34581764797211
LIPT1	-5.34876297171195
RNF214	-5.35610117089305
PPA1	-5.35817931985266
ZSWIM1	-5.360561992192
TMEM39B	-5.36190521478966
PJA1	-5.36528194282561
ZNF658	-5.36735815187938
TP53TG1	-5.36843786657206
RP11-730K11.1	-5.37087819359267
RPS27	-5.37326143705305
RHOH	-5.37443334169898
KIAA1432	-5.37762553333695
ADAMTS10	-5.37916910111815
CKMT2-AS1	-5.38046742741626
MPHOSPH9	-5.38754335372563
DENND1C	-5.39764930772521
GRAP2	-5.3982675143726
RPS15	-5.39999090547555
BDH1	-5.40410340840907
SLC30A5	-5.40527717131115
C8orf47	-5.40626835745634
MED30	-5.41000456511605
RP11-166P13.3	-5.41148785929583
LIPT2	-5.41530136663296
CRLF3	-5.41956536699955
IL6ST	-5.421468738825
RPL10	-5.42231019521043
RFK	-5.42425906570709
DENND2D	-5.42505140744659
RP11-195F19.5	-5.42911877490449
ZZZ3	-5.430278489548
PRPF40B	-5.43542967510615
LINC00954	-5.43900017019671
PLEKHA4	-5.44296008722952
FAM122A	-5.44305789307347
DYRK2	-5.44317699384321
SYNJ2BP	-5.44741536828687
AP001626.1	-5.45294726215734
LTB	-5.45393599833279
LARS	-5.45491227095369
P2RX4	-5.46121704044236
HIST1H4B	-5.46156441595793
RP11-349A22.5	-5.47098376204557
RAMP1	-5.4714230819264
CDCA7L	-5.47196938344266
CTC-444N24.6	-5.47824136655135
COMMD6	-5.4804952613652
PGS1	-5.48100511636126
RP3-400N23.6	-5.4842526462801
SLC7A8	-5.48791856228616
FAM169A	-5.48817799036833
ARHGAP5-AS1	-5.48945469095166
MANBA	-5.49089887641449
SMIM8	-5.49219376088484
PRKACB	-5.49232306413195
PDK3	-5.49482511450708
NOLC1	-5.50176507569171
NME4	-5.50762456783597
ZNF775	-5.50771284031379
EHMT2	-5.50807034960969
KRTAP5-2	-5.50868557016378
SBK1	-5.50907741304741
LCLAT1	-5.51530840032172
UBAC2	-5.51627827245363
ME2	-5.51821733597186
SNHG10	-5.51992089365027
EEFSEC	-5.52102469930942
GYLTL1B	-5.5245810339994
PDE6B	-5.52463783976563
RP5-1007M22.2	-5.52518444530975
MYH10	-5.52622455888499
PARVA	-5.53092116790166
ZNF485	-5.53524323511375
GGPS1	-5.53554995175898
ZNF770	-5.53683471278677
NBEAL1	-5.54670618570743
TTC27	-5.54798376345346
RFPL2	-5.55443931182646
TTC39C	-5.55636537267044
PIAS2	-5.5576585103519
PPA2	-5.56937550300606
EIF4B	-5.57070045091567
MRPS18B	-5.5707901997531
DIP2B	-5.57307585966806
ZNF32	-5.57348201399109
GPRC5B	-5.5771991599713
ENOSF1	-5.57859049666469
ZBTB18	-5.57948061357954
NCOA7	-5.57978406005689
HTR6	-5.58063083009817
PPFIBP2	-5.58243455582302
TPT1	-5.58304557424684
FAM200B	-5.58587010672943
HDDC2	-5.58783508886026
AC024940.1	-5.58852394932584
AL645728.1	-5.58931789551616
KSR2	-5.59544847158982
ZNF519	-5.59935624643318
TPST1	-5.6068474626812
TSPYL1	-5.60801108125434
TXNIP	-5.60814484200547
RASA3	-5.61478024148949
TRAM2	-5.61507011735706
MRPS33	-5.617979756419
RP11-395G23.3	-5.61837783849613
C1orf162	-5.61956773873723
HEATR5B	-5.6200493833067
CHD7	-5.62267085885844
EXOSC5	-5.62478123640421
PEX6	-5.62641436995138
RP11-1398P2.1	-5.62832625650613
TIGD1	-5.62836713752907
ATG16L2	-5.63355207227524
MAP3K4	-5.63383604794279
LYPLAL1	-5.63411352702938
ROPN1L	-5.63674744057226
RP11-56G10.2	-5.64076800291109
TPCN1	-5.64320006859089
PDCD2	-5.64848241979551
RP11-539L10.3	-5.65610486924268
ST6GALNAC1	-5.65830287437839
SPN	-5.65946976379804
CCM2	-5.66298116002519
RPS11	-5.6712115504327
FGD3	-5.67496163403718
SP140L	-5.67533441134027
TRPC1	-5.67916572183002
PWWP2A	-5.6795893288643
RP11-342D11.3	-5.6798791543274
CARF	-5.68312327681999
RPL23A	-5.68348480643043
RP11-572O17.1	-5.68741412044439
ATP5O	-5.68767503434713
TRIM2	-5.69356029819772
GPRASP1	-5.6951282806271
MED13L	-5.69796925491707
TRMT1	-5.69876650121794
BCL7A	-5.70291740770565
RP11-161M6.3	-5.70350386713906
DGKZ	-5.71437596108246
KLF2	-5.71460161065602
SLC22A17	-5.71600518725044
MAP10	-5.71616520076014
AC064834.2	-5.72045675579046
UBE3D	-5.72152876929622
SSTR3	-5.72841720949407
FAIM3	-5.7297569621485
hsa-mir-8072	-5.73002589305471
HRH2	-5.7325930584932
KLHL32	-5.73495458026611
ADPRM	-5.73953738118247
PRKAG2-AS1	-5.74072405743366
PCBP1-AS1	-5.74252218839636
SVOPL	-5.74300310738892
STK38	-5.74626566453436
TIPARP-AS1	-5.74817537045066
RP11-219B17.1	-5.75685584795278
FAM120C	-5.75834417295602
SGSM3	-5.76509054041894
LIMD2	-5.76561371538933
SLC35E2	-5.76668440247636
ZYG11B	-5.76716058047209
LPHN1	-5.76833727282699
DDX55	-5.77103422240686
MPI	-5.77682704918681
CYFIP2	-5.78463664679316
RP11-554J4.1	-5.78765338526191
REPIN1	-5.78896768920793
RPL37A	-5.78941873055043
PODXL2	-5.79151743700242
ASTN2	-5.79181627265008
CTBP1-AS2	-5.79606040779732
OSER1-AS1	-5.799395080411
FAM216A	-5.80404139505241
NFYC-AS1	-5.80675696970192
NEFM	-5.80768093426264
ARHGEF18	-5.80820144358447
ATP8B2	-5.80848941669024
HSF5	-5.81234409233791
UBA52	-5.81589879670439
EAF2	-5.82280299952995
HKDC1	-5.82412766433901
EGLN3	-5.8270005874929
EIF4A2	-5.83002907031895
ISCA2	-5.83466150042571
ATP8A2	-5.83565369846048
GTSCR1	-5.84096388238487
RP11-239E10.2	-5.84187034111631
MDM4	-5.84576798444737
RNF212	-5.85112903244189
CYP4B1	-5.85329605770505
SFXN4	-5.85794074115299
RP11-18H21.1	-5.86090687697808
CEBPZ-AS1	-5.86156465428365
RP11-350G8.5	-5.8632649587904
CTD-2227I18.1	-5.87396367131317
ST3GAL1	-5.87843625089215
CEP68	-5.88022386985978
RP11-348F1.3	-5.88301098806156
ELP4	-5.8844379867034
CCNC	-5.88612784996858
ABCE1	-5.89393274139792
CASP10	-5.89568545361438
RP11-162G10.5	-5.89895366899779
PPARD	-5.89990005816047
GBP1	-5.90205135694237
CARD17	-5.90356918308953
EIF3D	-5.90974382885444
IL17RB	-5.91760177572655
CNOT7	-5.91885959526699
EDN3	-5.92123056721513
RP1-39G22.7	-5.92181317277108
RPIA	-5.92276834903519
WDR27	-5.92534314594084
C14orf132	-5.92777297518944
GTPBP10	-5.93139979942519
GABBR1	-5.93569302432537
LHPP	-5.93608067136407
RPS3	-5.93764185981031
CNOT8	-5.93923417259824
SH2B1	-5.94041862741455
RP11-79P5.9	-5.94262762388564
CHMP7	-5.94382129714409
TIMM9	-5.94383486597449
SUPT20H	-5.9472659726221
ZFP62	-5.94800361676953
ZNF169	-5.94887721871585
TMIE	-5.9509220975203
PNISR	-5.95213161776134
CCNI	-5.95288714122593
NOL11	-5.95724534215737
NAP1L3	-5.95843638408085
STX18-AS1	-5.95966671408256
SNHG9	-5.95968278556585
TXLNB	-5.96054936329825
RBMX	-5.96179599684545
PPAT	-5.96529845936721
ATP5A1	-5.96912464890998
MMAB	-5.97098552284119
KCNH2	-5.9732074052898
PIAS1	-5.97579704559828
ATIC	-5.9758115841332
CTD-2260A17.2	-5.97743700893568
RPL8	-5.97973741598643
RCC1	-5.98131631558924
ACVR1	-5.98181546836472
TMEM256-PLSCR3	-5.98308739649679
RP13-1032I1.7	-5.98416577037755
CREBL2	-5.98919991564698
ATG4C	-5.99249895055216
PPP1CC	-5.99360550348615
CNST	-5.9936359758455
RP5-894D12.3	-5.9950511923351
KTN1-AS1	-5.99633357559297
RP11-425I13.3	-6.00059349103913
RP11-44F14.2	-6.0092122868509
MARS2	-6.01674551365817
BTF3	-6.01869165867405
RP11-817O13.8	-6.02053049037634
TMLHE	-6.02378337007709
MBD5	-6.02531530996009
SDR39U1	-6.03370102967133
RP11-412D9.4	-6.04684361982819
C11orf71	-6.04729209673682
FUT7	-6.05862989262366
RPS4X	-6.05990697085813
RP11-299J3.8	-6.06869792294779
SLC35E2B	-6.07123512679951
WDR74	-6.07179011706143
PCSK5	-6.07251598173288
CCDC152	-6.08139717733674
RP1-40E16.12	-6.08688386153077
TMEM69	-6.08942506334718
RPL23	-6.09010624105882
RPS14	-6.0903277227463
CCDC58	-6.09085184098215
DHX32	-6.09090835370655
RP1-159A19.4	-6.09719675061192
ARV1	-6.09863083006202
DNAI2	-6.09940988296623
PI16	-6.10171528330006
DAP3	-6.10244551683293
LMTK3	-6.1090534768093
FSTL4	-6.11072857750282
ITFG2	-6.12190201386681
HMGA1	-6.12373514800238
CTA-29F11.1	-6.13275111248919
RPL15	-6.13424485031111
GNB2L1	-6.14254001684469
TLR1	-6.1437248944779
C11orf31	-6.14687397810025
P2RY8	-6.15241112009874
SULT1A1	-6.1526095865315
ZFAND1	-6.16383175194686
NBEA	-6.16440005186867
RP11-108M9.6	-6.16472666595877
PAICS	-6.16513588706636
C17orf51	-6.16870720689499
C12orf40	-6.17365603583852
RP11-861A13.4	-6.17657080025446
EML5	-6.17775227109733
IPCEF1	-6.17802685770051
RP11-410L14.2	-6.18544644271604
RP11-355B11.2	-6.1913698259248
SELL	-6.19163976179167
RPL13	-6.19326377917327
RP11-326K13.4	-6.19617906630753
FUS	-6.19753656126655
FYB	-6.20168380894587
WDR37	-6.20311435556986
AC103563.8	-6.20369125605272
ABHD14B	-6.20455287893796
EFHC2	-6.20529224262963
MTRR	-6.20707031695204
OXR1	-6.20864453683012
RRP1B	-6.21000622114077
TRIM52-AS1	-6.2128721832054
MRPS31	-6.21329334717521
ZNF10	-6.21374407351266
RALGPS2	-6.21583252565309
N6AMT1	-6.21813456171481
RPS25	-6.21828117555031
DCHS1	-6.21928259762027
IL18BP	-6.22230949515325
ADCK3	-6.22332543483236
PHGDH	-6.22499233753222
RP5-1068E13.7	-6.22864562682567
PWAR6	-6.23182337209502
RP4-539M6.22	-6.23551808443324
RPS21	-6.23586848799608
RPL13A	-6.23671653886692
LINC00884	-6.24997054656727
WDR86	-6.25361544241557
PECR	-6.2547395815073
ARL14EP	-6.25619767427153
GGT7	-6.25817135670606
L3MBTL3	-6.26515728966118
DSC1	-6.26956779537604
SPIN2B	-6.2721548061992
TFAM	-6.27496138866516
STT3B	-6.27609885683485
CDO1	-6.27917942626171
GLG1	-6.28034728111378
C10orf54	-6.28258314921761
RBM11	-6.28287088234446
RPS15A	-6.283492661359
POP5	-6.28663555169407
USP53	-6.28840838837471
RPS4Y1	-6.29122427722602
RP11-696N14.1	-6.29359822400624
OXLD1	-6.2948328145118
UBAC2-AS1	-6.30096000921587
PDZD4	-6.3040197144025
RPL12	-6.30657620170709
AIRE	-6.30704639205176
MPP5	-6.3111734454843
RPL18A	-6.31721348503426
HDAC7	-6.31923350009698
NSUN5	-6.32114981918345
THAP2	-6.32337143579089
CLEC11A	-6.32371021859138
TRMT13	-6.32554172405784
RP11-799D4.4	-6.32602804980193
TLR5	-6.32665954252693
NACA	-6.32691871893579
RPL35A	-6.32798382800985
XKR9	-6.32833752944385
NEXN	-6.3284174121858
SMIM20	-6.33075487585437
PTGDS	-6.33613721722358
SCML1	-6.34132460660728
ANXA2R	-6.34496086258382
RASSF6	-6.36240329646807
PNPLA4	-6.36434534232649
ST13	-6.36556981768715
CTB-31O20.2	-6.36580684841696
COA6	-6.36833763347762
ZBTB10	-6.37148621827581
MCM3AP-AS1	-6.37622056009852
PPP1R3F	-6.3769441433548
CCBL1	-6.37764111107466
HAUS4	-6.37933081976487
AC009133.17	-6.37945192015066
NUDCD2	-6.39461543597001
EEF1A1	-6.39682924426092
RPL36	-6.39828986673567
SURF1	-6.40008150633387
RNF216	-6.4012673898858
SERP1	-6.40654627102653
RPL18	-6.40738649789347
ZSCAN16-AS1	-6.40846750064679
ZNF835	-6.40969217639165
APEX1	-6.41284682637981
SPATC1L	-6.42189361828475
CCDC59	-6.42855819264883
MRPS30	-6.43079055673779
NSG1	-6.43564410658217
FAM220A	-6.43781279463344
PCBP2	-6.43819907911934
KLF12	-6.43973994207068
CTD-3074O7.5	-6.44844715797593
NSA2	-6.44972692106662
CAMKMT	-6.4528133960594
NDUFA12	-6.45612177664221
RDH14	-6.45641948355113
DTWD2	-6.46234062973787
RAB4A	-6.4638098736215
ZBTB25	-6.47596443300342
FNBP1L	-6.47837120733463
SLC16A10	-6.4810433815421
CTD-3193K9.4	-6.48328625694748
RPS18	-6.48386717113619
RPS7	-6.484460854583
RPS29	-6.48542742226141
M6PR	-6.48884571362813
NPM1	-6.48885259710425
FGFBP2	-6.49144935369132
FAM92A1	-6.49256174570894
EBAG9	-6.49264947545997
TMEM38B	-6.49669591780128
TMEM106B	-6.49797321111834
ALKBH2	-6.50087253165685
GALT	-6.50683292604446
ZRANB3	-6.5079038573077
SIRT4	-6.51042293485949
AL592183.1	-6.52102176721619
RPTOR	-6.52281333283277
RP11-110G21.1	-6.53162124111786
MRPS27	-6.53405292100261
LSM5	-6.53693960175186
SLC12A6	-6.53958913630105
RPL34	-6.5398154524457
TMC8	-6.54032591323369
TSGA10	-6.54373590185719
BEX2	-6.54635732191293
GSTK1	-6.54971007358805
AC097662.2	-6.55052459481534
SRSF5	-6.55157711253924
RPS23	-6.55182085569328
FAM8A1	-6.55468316157722
PHB2	-6.56045503454907
XPA	-6.57217779642767
EIF3F	-6.57232540556744
TMEM123	-6.57721556883592
EFNA1	-6.58195030509469
ANKRD31	-6.59328725092032
SPTBN1	-6.5935906465316
CD28	-6.59713119847212
REXO4	-6.59904759085164
RPL3	-6.60813676299388
KLHL34	-6.61339553967477
G3BP1	-6.61570246634651
RPL19	-6.62224435015111
MTMR4	-6.63302528811826
ZNF302	-6.63967119918213
VNN2	-6.64161599104298
RPS28	-6.64400115424881
INTS8	-6.64813591417972
NUP210	-6.65040609056382
MEST	-6.65305268008527
UXT	-6.65478188355507
RPS12	-6.67152035795311
RP11-51J9.5	-6.67688744711758
RP11-1000B6.3	-6.67738343713233
RP11-38J22.6	-6.68583334836453
DNAJA3	-6.68587178808579
LAGE3	-6.68630454674007
HOOK1	-6.69279781602194
TMEM261	-6.69471829466555
RPL30	-6.7055331425665
SF1	-6.7114830601639
MRPL45	-6.71171463776063
TNRC6C	-6.72714905678118
SLC2A11	-6.73215585883795
RPL38	-6.73723346732657
LMO7	-6.74516473336887
SH3YL1	-6.74653404067497
IMPDH2	-6.76022340589668
TRIM52	-6.76459762082824
RP11-61O1.1	-6.76548625790265
RCSD1	-6.77320933178714
BCL11B	-6.78042877045693
MINA	-6.7807921065888
EEF2	-6.79255999616931
WDR43	-6.79364861799057
RPL29	-6.7955667827385
RP4-594I10.3	-6.79790633643548
PNN	-6.79965725484659
PFN2	-6.80248865528681
TMEM161B-AS1	-6.80469538207899
PRKCB	-6.80944685238128
C11orf1	-6.81104426681001
TARBP1	-6.81289212924806
CCR9	-6.81307760363707
RPL11	-6.82330566530242
CTA-211A9.5	-6.82464896415971
AEBP1	-6.83142911841928
RP11-617D20.1	-6.83200864112124
TRAF3IP2	-6.83481451952976
CLIP3	-6.8395470139652
RP11-169K16.9	-6.84231253730547
C9orf41	-6.85319708478324
XXbac-BPG299F13.17	-6.854973256178
GSTM3	-6.86540655166793
BEX4	-6.86816937618453
PLD6	-6.86906346366695
HSBP1L1	-6.86934108010231
RASSF3	-6.87328636516814
AC022182.3	-6.87830074787044
TCEAL8	-6.88658301936854
BCL9	-6.89514304351164
COQ7	-6.90079405067366
RPL31	-6.90552880154118
RP11-220I1.1	-6.908091054229
PHF14	-6.91272607538805
RPL21	-6.9228460195358
CCR10	-6.92285607308079
PEPD	-6.92514184274942
IGSF8	-6.92670282197803
EIF4EBP3	-6.92793648854248
ZNF91	-6.93112525499571
ASB16-AS1	-6.93314909805055
PLEKHA1	-6.93331746934098
SSBP3	-6.93699587073965
FNTA	-6.94010898198618
RPLP2	-6.94236355717539
CCDC69	-6.9475781393124
ZMAT1	-6.95000054664377
RNF138	-6.95320331075253
TTC14	-6.95376364089519
RP11-284N8.3	-6.96261086083587
ACSL6	-6.97330363373494
KRT73	-6.97498618944868
RPSA	-6.97862464078752
NCBP2-AS2	-6.98311319525278
ASPH	-6.98519494966996
EIF3H	-7.00018348608791
AC084018.1	-7.00189159445226
MCF2L-AS1	-7.00801650924422
MST4	-7.00930216593966
ZNF462	-7.01413624650499
CXCR5	-7.02208922210228
STX16	-7.03613540789273
DGKA	-7.04104172574157
EDEM3	-7.04228677442751
AFF3	-7.04282041030119
RPL39	-7.05064681004707
EVL	-7.05192850155955
AP001372.2	-7.05767309263867
TMEM243	-7.06426805699512
RP11-442N24__B.1	-7.06823788240855
PLA2G12A	-7.07284538155001
RP11-430B1.2	-7.0856816347391
KNOP1	-7.08961659884285
GPR55	-7.09870119536923
UMODL1	-7.10346736418993
RP11-11N9.4	-7.11817356602803
RSL1D1	-7.12868703424028
RPL32	-7.13769618424925
RNPC3	-7.13880695981413
AC007246.3	-7.1453465748718
C1orf172	-7.14964129594816
CELF2	-7.16321948008572
PSMD5-AS1	-7.17105708899632
KAT2A	-7.18161351664221
GAMT	-7.18547667495558
TXK	-7.18693633185371
ITGA6	-7.22114578505994
C8orf44	-7.22833934393853
MAP2K6	-7.23115879192078
RPL6	-7.23708163188259
SNURF-1	-7.24665727369341
RPL27	-7.25378943286208
AC009784.3	-7.2561099586795
ZCCHC7	-7.25810068831352
PDE7A	-7.26457862688612
C12orf57	-7.26534634235385
AC097713.4	-7.26712217949133
MYOM2	-7.2723828831691
RPL9	-7.27604698420237
IGF1R	-7.27999824941722
MAT2A	-7.2806619151542
RPSAP58	-7.28735773752225
RPS5	-7.28961577392817
LYRM5	-7.29671648461936
CACNA1C-AS1	-7.3031926224529
HYKK	-7.3044361276459
NUP88	-7.30498732803123
ARL5B-AS1	-7.30659600118604
RPS20	-7.32546899837564
EIF3M	-7.32595300600477
NFRKB	-7.32684777240306
RPL37	-7.32739113117821
TP53	-7.33687179248169
RP11-589C21.5	-7.34359913749736
DSEL	-7.34651551484361
ACN9	-7.37448997223166
RP11-304L19.5	-7.37848634134564
LYRM7	-7.3818137690909
RP11-66N11.8	-7.42024557577356
CTD-2015H6.3	-7.42048953462293
RP11-229C3.2	-7.42558226286472
ATXN7	-7.43028374320322
CLUAP1	-7.43191745011626
FAM153C	-7.43467250389627
NEDD4L	-7.43575130215965
PRPSAP2	-7.44247314402054
ANKRD55	-7.44461111826502
SORL1	-7.44585166965293
CFP	-7.47620901345202
MKRN1	-7.48485900170255
CD79A	-7.48607152475013
THRA	-7.48961799425522
ZNF681	-7.50136805023976
RPL10A	-7.50978469310352
AP003733.1	-7.51119454126086
POU2AF1	-7.52773317518949
TRIM44	-7.53020003427327
MARCKSL1	-7.5351346618114
FLI1	-7.54305950551696
PPP3CC	-7.56134671583359
KLHL22	-7.57079389354521
GPHN	-7.58200267838812
C2orf40	-7.59428009745238
SDR42E2	-7.60085681161435
BCL9L	-7.60568073297344
AC022182.1	-7.62247091017274
ALDH5A1	-7.62437139073042
AXIN2	-7.62992102585331
GNG7	-7.64198750791192
ATXN7L3B	-7.65052686594775
COX7A2L	-7.65679878787116
RP11-421L21.3	-7.6660233725251
SPIN3	-7.68111705791787
LTA4H	-7.68705432313094
LINC00861	-7.68797738689281
LY9	-7.75166521590268
TMIGD2	-7.75604616778816
GCSAM	-7.76437833518296
RAMP3	-7.77608742388353
KIF2A	-7.78340328305406
TENM1	-7.79214555252798
PRG4	-7.79336405642999
PCMTD2	-7.8058138744067
DBP	-7.80663646829583
PLEKHB1	-7.80868786113973
TMEM25	-7.81878276514795
DBNDD1	-7.82018772082988
FHIT	-7.83260178172656
MAX	-7.83297389711829
PLXNA4	-7.8353121550449
OSBPL1A	-7.84281309524738
HRH4	-7.85130324009763
BZW2	-7.85708795488732
UBIAD1	-7.8673225538655
SASH1	-7.86991114620955
CCDC65	-7.88450883860979
SNHG18	-7.89627184955174
RNF144A	-7.89909179013546
RPS6	-7.91114903329215
AAK1	-7.92175449352713
PSIP1	-7.92242929320045
AC013264.2	-7.92795787697105
RPL4	-7.93509371226561
PLAC8	-7.93606478893576
CCNG1	-7.95841032987671
CRBN	-7.96407194203416
ADAM23	-7.97916154953043
PCED1B	-7.98709966770916
MAGEF1	-7.9912403820164
NPAT	-8.00471539155371
RHBDL1	-8.01505335387751
CTC-523E23.11	-8.0184410722184
FAM175A	-8.02044801795921
SNHG8	-8.02508279715953
AL109767.1	-8.03178008411205
RELL2	-8.04751953063982
MAGEE1	-8.05418488661858
RPL5	-8.07624961544858
FAM153B	-8.07837015639318
ALKBH7	-8.08489587172528
KIAA0922	-8.08968826942774
ARHGEF11	-8.09714891609116
RNASET2	-8.10219233453232
GAL3ST4	-8.10411298231837
BIN2	-8.13135486694904
RP11-453F18__B.1	-8.13167180141886
INPP4B	-8.13269250514118
TNFAIP8	-8.13413853092074
NEURL1	-8.15094529319672
LEF1	-8.15361094571315
TMEM116	-8.16502938820374
SLC16A7	-8.16940302181357
PTK2	-8.17731761992536
TCF7	-8.18132556717659
RGMB	-8.18317346668314
ORC4	-8.19160387613587
RPS3A	-8.19636020396517
ZNF263	-8.21508703700708
ERP29	-8.21549402047678
FAM19A1	-8.22256189896143
AQP3	-8.22717795926388
FAM19A2	-8.23959302059784
RPS13	-8.25884728650138
RP11-204M4.2	-8.25942630476715
GCNT4	-8.26300961046773
ARHGAP15	-8.26460473032691
AMMECR1	-8.2773318157992
SMAGP	-8.28058026527764
RPS8	-8.30349957699242
FRA10AC1	-8.30691081676749
NOA1	-8.31109546572392
KCNA3	-8.31406060026278
LIME1	-8.34205074929918
RP11-641A6.2	-8.34822261191564
CAMK4	-8.34895508431677
RPS2	-8.3514914897241
PLAG1	-8.36427904533983
LINC00544	-8.39731357675014
EIF2S3	-8.41873982275891
RP11-61O1.2	-8.43097618686652
MIR181A1HG	-8.43321056344524
STRADB	-8.43752287620873
TBCK	-8.45630513819993
EIF3E	-8.51267116434143
CTD-3184A7.4	-8.53055024052043
RPL7	-8.53449601904835
HSPB1	-8.55293389002432
TBC1D1	-8.55620542196347
SLC35G1	-8.55662071601198
GPA33	-8.56865202434206
RNASEH2B	-8.57045477847512
PRKCA	-8.58600195207035
CNN2	-8.597458524709
IMMP2L	-8.60959755423202
RPL22	-8.6114769971388
PNRC1	-8.61476428547866
EPHX2	-8.62507207555727
AC074289.1	-8.62817882057388
FAM171A1	-8.64452723983601
MAPKAPK5-AS1	-8.64949922642486
DNMT3A	-8.68073232698805
FAM195A	-8.69707595443657
NOL9	-8.69873810731794
POT1-AS1	-8.70868627250023
RP11-1094M14.11	-8.71415695345856
ATG9B	-8.72090733943706
CTD-2228K2.5	-8.7276117776517
SPATA41	-8.72762435732485
FAM13A	-8.73494600482804
KLHL3	-8.73915683997497
AC005944.2	-8.7403223150938
TMEM63A	-8.74993124366876
GLTSCR2	-8.75507842030194
TKTL1	-8.7823115517857
EEF1B2	-8.78411988880138
BCAS4	-8.80615326908429
STAT5A	-8.82604985882311
APP	-8.83180328798265
PTPN6	-8.83638093748679
NDUFAF4	-8.8534715057857
TESPA1	-8.87791314218386
ICAM2	-8.88627472061697
ATM	-8.92414634102788
CELA1	-8.95863659922059
ISYNA1	-8.96154830068811
PIGC	-8.96233416455171
VCL	-8.97113259800164
TIAM1	-8.97947616634103
TMEM156	-8.98446225784537
KALRN	-8.99746028280974
PARK2	-9.00429126322657
TECPR1	-9.02337742960105
SERTAD2	-9.02485180242826
TTC3	-9.02571168311679
TRAT1	-9.06650435005615
RP11-326C3.12	-9.068563805565
GPR15	-9.08645653837722
TFAP4	-9.10826818049899
C16orf74	-9.11085718373462
RCAN3	-9.12461284033961
RP11-475O6.1	-9.12730932415906
PAXIP1-AS1	-9.16882882273361
RP3-395M20.12	-9.19975113270744
THOC3	-9.21721990105051
MALT1	-9.21747664824973
CBLL1	-9.22291031699526
DIP2C	-9.22580746362905
BIN1	-9.23307630657054
ACSM3	-9.23408878876601
HVCN1	-9.23869420370341
ILF3-AS1	-9.25597078676147
APBA2	-9.26228876582649
FAM63A	-9.27596968567294
VPS51	-9.29240387668395
MGAT4A	-9.33179623982846
RP11-223C24.1	-9.39271585223131
ZP1	-9.40347402812728
ZBED5-AS1	-9.40748612322932
CCDC102B	-9.41586880265572
CR1	-9.43595663635436
TPP2	-9.44105814591177
NUCB2	-9.44653460959378
CENPK	-9.46598636539466
TRIB2	-9.53597717618426
SCML4	-9.53871401500213
DPYD	-9.5429089718304
LRMP	-9.57365663407906
SLC25A45	-9.63573823691281
SERINC5	-9.64711270589079
EIF2A	-9.66380556955207
DTX1	-9.66812825507593
KANK1	-9.77684514780184
C14orf64	-9.80168075490587
RIC3	-9.83554679315341
YBX1	-9.89286128154716
SEMA5A	-9.89410667031793
CTB-133G6.1	-9.90444370639173
PAWR	-9.95710880484317
EIF3L	-9.98150417881179
BAG2	-10.0276033126837
SNX29	-10.0362858930771
FXN	-10.040051495369
SLC46A3	-10.1221363454589
GSTM2	-10.14461964859
CNKSR2	-10.2460257359205
HEMGN	-10.2867832977976
CD48	-10.2870046124277
MAL	-10.4046054372379
C12orf42	-10.4242393484187
BCL2A1	-10.4316810177838
SNX18	-10.4444760130037
LIMS2	-10.4608779994511
MFGE8	-10.5381612121394
NIPAL3	-10.6181633182315
KAT8	-10.6254649200024
NGFRAP1	-10.6370237032667
MEOX1	-10.6840802712378
ARHGAP32	-10.7213241467296
CEACAM21	-10.7217557841066
SESN1	-10.7766809236354
DPH5	-10.7983462438541
METAP1D	-10.8232391669044
RAP1GAP2	-10.8403527212837
RP11-213G21.1	-10.8583450140084
ALS2CL	-10.8692980575034
FST	-10.8756047252991
MORC2	-10.9112347963512
RP11-664D1.1	-10.9547785482921
EDAR	-11.057008892632
PTGDR2	-11.0768393649082
CR2	-11.0875364286546
TRABD2A	-11.1244701460152
ABCD2	-11.2775629001798
SATB1	-11.2928777670814
TRAF3IP3	-11.3465288534387
DGKD	-11.4355430758134
TAGAP	-11.520355718697
SPG20	-11.6043119606721
FAM153A	-11.6281487927975
MDS2	-11.6484304073144
UBQLN2	-11.7243683907256
EIF2D	-11.8249230113806
AK5	-11.9595969400937
ADD3	-12.0342183503335
PRKCQ-AS1	-12.0999240963266
MYC	-12.1352915540137
USP46	-12.2354895949453
ACTN1	-12.3093752042596
RIN3	-12.4677951461497
AIG1	-12.4979163648862
LDLRAP1	-12.6358788671436
SUSD4	-12.6548510214725
EDA	-12.674260043564
RASGRP2	-12.6920543185761
SULT1B1	-12.7932828893872
CDC25B	-12.8130706175009
RCBTB2	-12.9551774477488
LRRN3	-12.9611774390691
NOG	-12.9733745960759
AES	-12.9885515581271
AC006129.2	-13.0188734142606
VIPR1	-13.0801782773846
TCEA3	-13.1354118045541
FBL	-13.3201514167006
LINC00402	-13.522254119574
C1orf228	-13.7420565136478
SIRPG	-13.8946041066521
LDHB	-14.0186747463114
MAP3K1	-14.3643430603192
KRT1	-14.4490278151097
IL6R	-14.7568403606326
WNT7A	-14.765221950441
USP10	-15.1109121778102
FAM117B	-15.3128031921139
SLC40A1	-15.5765523771388
NOSIP	-17.5234789855695
FAM65B	-18.2116322790276
LPAR6	-21.8951596345553
