AC017002.1	26.3851158005248
APOBEC3G	21.3578187887092
BHLHE40	20.914694215863
CDKN1A	20.8389346430464
FRMD4B	19.4390668865582
SH2D2A	19.1362047114385
CTSC	18.6540846121561
ACP5	18.1813740436348
NDFIP2	17.5690430249121
PRDX4	17.4663379724413
HLF	16.9808995527675
CXCR6	16.8597214939656
NAMPT	16.6631168741148
SLC16A3	16.4457363904775
GZMM	16.2906369118676
ATP1B1	16.2571072228529
TNFRSF4	16.2519252705425
PLA2G16	15.987108232793
TYMP	15.9455523530504
IL1RN	15.8995375550261
LGALS3	15.7929169454578
APOBEC3H	15.5478432359038
SKIL	15.488997184048
CRADD	15.0321381746103
KAT2B	14.8801672131699
IFI6	14.4138217606082
SRGN	14.1478845980706
EMP1	14.1157261061264
CD74	14.1146736919264
BHLHE40-AS1	14.051355834759
AC145110.1	13.9570900055168
RBPJ	13.8905331910295
PDCD1	13.850107918566
PKM	13.6839308955114
DDIT4	13.6194932736558
ZBED2	13.6161256321716
CXCL13	13.5749234814119
APOBEC3C	13.4045675589559
IL2RB	13.4040654176584
IQGAP1	13.3934249205086
PPIL1	13.3737487827243
DENND6B	13.2837468781937
PHLDA1	13.2358173538196
ORMDL2	13.2298294514059
SERPINB1	13.1508343072557
IFI27L2	13.0270136288934
CKLF	12.9895438562811
SDC4	12.9888733878909
CCR1	12.9585892026192
CYSTM1	12.923871541117
TNFRSF18	12.888674711244
CXCR3	12.729952335098
RCAN2	12.6931849678104
CCL4	12.5429132446192
CLIC1	12.5339208860816
AC002331.1	12.4058944240546
LUZP1	12.2067927796331
PRKAR1B	12.1872437380336
SAMSN1	12.1617043278428
TNFRSF12A	12.1365958553788
GADD45G	12.1337051745153
GPR56	12.0860686821144
SERPINE2	12.0475760204483
TPP1	12.0463045416815
GNA15	12.0058720873426
S100A11	11.9074790930647
HLA-DQA2	11.8760412104079
GOLIM4	11.839040632602
SPATS2L	11.6729366305492
FURIN	11.642251924763
PHLDA2	11.6090303965655
HLA-DMA	11.5536530869743
IL23R	11.5372668779951
CCR5	11.5252681439634
CREM	11.5042805005415
SOCS2	11.4586640010284
BCL3	11.4320544926973
CTSB	11.3185984087163
MIR155HG	11.2812337622828
MICAL2	11.267458216376
FUOM	11.2223366884715
HYAL3	11.2164534429616
NUDT14	11.215540523653
RHOB	11.175028606826
LY6E	11.1614951349287
TRPS1	11.1608869233712
UCP3	11.1533915866994
ACTN4	11.1397190491507
FOXP3	11.1296593548798
IZUMO4	11.1002282691356
GALK1	11.059502488215
CDK6	10.9861749329988
CD58	10.9771088817276
IL2RA	10.9205285279042
TACC1	10.9026245541022
CD63	10.8721751384634
SLC3A2	10.8417669011913
IL10	10.8347229985227
ARNTL2	10.803433363428
MAST4	10.7840557717244
TBCB	10.7364855422874
STIP1	10.7330726972761
ANTXR2	10.7220111804021
TIGIT	10.7193193815128
LAYN	10.697820420344
CST7	10.6913597616146
TRMT6	10.6371988029997
CAMKV	10.6043605732573
SURF4	10.5941220692019
HLA-DRB1	10.5921474616421
OASL	10.5753282939457
MRPS6	10.5577687035164
HLA-DQB1	10.5448789060882
SLC39A1	10.5435104832364
CD70	10.5281948518303
STAT4	10.4995168982757
CD2	10.481830248289
OSM	10.4475701227329
SYT11	10.4455112269624
EBI3	10.4359183504165
RAB11FIP1	10.4128222168013
REEP5	10.404533578119
IL4I1	10.3587228945926
PDE4D	10.34407965013
SERTAD1	10.3072043979108
VDR	10.30504031816
C9orf89	10.2936669387007
DUSP16	10.287685922751
PRDM8	10.2774484429575
CD97	10.254719854776
TIMP1	10.2494626568037
MCAM	10.1572816328982
BATF	10.0489131129939
HLA-DRA	10.0302308265225
FAH	10.0094360564155
RGS16	10.0070350342708
PPAP2C	10.0030169868889
IAH1	9.98675813891974
MYO7A	9.96038366771987
MB21D2	9.92090349726598
RP11-325F22.2	9.87294598465741
IL12RB2	9.86336557321843
FAIM2	9.86033578318569
PDLIM7	9.85970209308483
C3AR1	9.85819318008893
FLOT1	9.84135841847761
HLA-DRB5	9.84038926336692
JOSD2	9.80460296259364
FBLN7	9.77016338032215
PGK1	9.76082222248747
MYO1C	9.72616395122614
SGCB	9.72386775339258
DNPH1	9.70210140462544
FOSL2	9.66128185581374
KIF21A	9.59990556390216
ITPRIPL1	9.56865199266891
FSCN1	9.51964668049649
CHPF	9.50789459381576
BST2	9.50224150986436
RP11-316P17.2	9.48927067643227
LGALS1	9.48601729160904
DFNB31	9.48228736690051
ZNF282	9.48173161058325
MAPKAPK3	9.47247196194156
TSPAN2	9.42231885280473
MVP	9.41748643111686
SLC6A6	9.41350462140235
ANKRD35	9.40468908400832
PLP2	9.40453442196933
COL9A2	9.40149363380004
ENO1	9.39088638978006
PEA15	9.35549009985736
LAT2	9.32157382086592
AGPAT9	9.29905059394971
TRIM45	9.29333410898911
RNF213	9.27736847205413
AC020571.3	9.2533696122056
NTRK1	9.25280832248811
LMNA	9.23981940722427
CD151	9.23054713422329
PTPN7	9.19983361183296
DUSP23	9.18707180831225
ERI1	9.16880160312644
TNFRSF8	9.16480925082025
CSF1	9.12396909953089
CIB1	9.11147041693575
SIPA1L1	9.10705064031719
ZNRF1	9.06114100950731
S100A4	9.05615163984244
SLC31A2	9.0306282368276
PRKCDBP	9.02525923146124
PFKP	9.00798615808484
RNF207	8.96988713992447
LEPROT	8.96540550494235
TNF	8.96441554262144
DUSP4	8.94924849269419
IGFLR1	8.90259330231085
OAS3	8.89784956268593
ARL6IP6	8.89285087997497
TUBB3-1	8.85154829948313
NAGK	8.8389340309165
MT2A	8.83447635336795
FAR2	8.8335186709953
BPGM	8.82697832499678
TXNDC15	8.81665913563676
SLC41A2	8.77725512531289
IL1R1	8.75506409514612
MBOAT7	8.74880005299436
KIF20B	8.7395017574215
GPR132	8.73181981704186
SMIM12	8.71764952674081
PGM2L1	8.71441191059244
CBFB	8.70980356849886
NAGA	8.69672357730906
TNS3	8.6890744774407
SPINT1	8.68210852535805
HSPA1A	8.65372464446618
HEATR6	8.64459688701234
ETV7	8.64007098626828
SYNGR3	8.63683228065316
TMED9	8.61660270720435
HSD3B7	8.60989697245979
TMPRSS6	8.5926130391426
WIPI1	8.58762936495201
IL2RG	8.58274461333529
YIF1A	8.56433635237083
TXN	8.55620444903129
CD80	8.55435562703507
DUSP14	8.55269726030933
ETHE1	8.55238754609823
KCNN4	8.51377864365529
FASLG	8.50345956728143
AKIP1	8.48743102433128
NR4A1	8.48336695326441
TMED10	8.46789764887518
TSPAN13	8.46400928736533
DTHD1	8.44770222385201
FKBP1A	8.43225052129192
CYP7B1	8.41505151423049
ZG16B	8.41149218054861
STK3	8.40723170676397
SCCPDH	8.38009453686265
TMEM53	8.34652439815314
LAP3	8.34212932118953
SLC27A2	8.32833302641721
CTLA4	8.32756356889509
G3BP2	8.32095093518716
FAM177A1	8.31877900017351
S100A6	8.31388131171913
NTRK2	8.29484048172797
CISH	8.28410203194446
RSAD2	8.28135807341572
AC069363.1	8.27449990237714
MYL6	8.26166532095849
LTA	8.26047253170196
EML2	8.25483129368838
PPAPDC1B	8.20460822176239
MIF	8.20224071032269
ODF3B	8.20088854764194
HIVEP1	8.20044093759752
GGT1	8.19113055138689
RASGEF1A	8.17788050072476
ARG2	8.17775739412454
KRT86	8.17733729843962
TMEM173	8.17546318901044
SYTL3	8.14642256490089
NR5A2	8.13637940840637
H3F3B	8.13501591400477
LAPTM4A	8.13443196021475
IFNGR1	8.12193314030898
SRI	8.0958304372773
CD9	8.08845304812814
ADSS	8.08389822463253
RXRA	8.08225507067656
MYO1E	8.06711659362298
ERCC1	8.05160824878393
AP1S1	8.04792575741953
IFI44	8.04765600980067
MTHFD2	8.04754871430089
ID2	8.03347755454551
CD276	8.03295796310522
VAMP4	8.02003912543802
LAIR2	8.0169192104477
ADAM19	8.01622444924026
PBDC1	8.01118985033076
LYST	7.98760047324937
CRMP1	7.9869633012269
IDS	7.98346319673431
SLAMF1	7.92191714860073
APOBEC3F	7.9164555723842
PTPN22	7.91631200519819
FAM129A	7.91393755340708
ORAI2	7.90927564125861
ACOT4	7.9005288248294
PTHLH	7.89668208878227
SLC35E4	7.89655807781238
MAP7D3	7.88710566729843
PAM	7.88609690433977
NOTCH1	7.87540303981192
DIXDC1	7.87445090450827
CD79B	7.8712984066886
PCK2	7.866894270178
CERS5	7.86422860334937
ZBTB43	7.8633629704451
NAB2	7.85342997799442
RP11-357H14.17	7.84835308607133
TMEM14A	7.84239079216251
RGS1	7.84198311522935
PTP4A3	7.83743065894199
HLA-DPB1	7.83038784243845
GADD45A	7.81943975070239
DPF3	7.81232572778392
RP11-442H21.2	7.80632033678257
TTC38	7.80020264913638
ELOVL1	7.79864218568845
C19orf10	7.78560336815189
ANXA4	7.7761423656326
HM13	7.77031663533606
TSTA3	7.75631594326464
AGTRAP	7.74948817288536
PRNP	7.7475458821328
C15orf48	7.74576819788952
SGK1	7.74465699330902
TM2D2	7.74443946262287
SUMO3	7.73727861273137
MYL12B	7.73128061437795
STAT3	7.72559938363905
GLRX	7.72294459759619
GNG4	7.7220439761819
TPI1	7.71354268417709
STIM1	7.7096725366859
VIMP	7.70961906171875
SELK	7.70943259622884
PHPT1	7.70512192699229
AC011893.3	7.70383899311314
RBM8A	7.70306290143869
RGS9	7.69379379245134
BID	7.68953808831875
MYADM	7.68349706896765
SCARB2	7.67974714051603
CYFIP1	7.66623071152319
CCND2	7.66155520616383
MLKL	7.65213648439731
ACSL3	7.64822398180928
DTD1	7.61770027346111
AGPAT2	7.60788262134198
PRKAR1A	7.59622750875892
AC112721.2	7.57152300307835
CHMP5	7.56085223602311
PCTP	7.55794050188665
UGP2	7.51970467152786
SPOCK2	7.51111203738142
SERPINH1	7.49242402155339
RNH1	7.47810680630298
REEP4	7.45069739404329
SLC27A4	7.4468536601832
PLIN3	7.43840298504238
VIM	7.42342054512505
P4HA2	7.41420459849693
TMEM43	7.41402830301228
PDLIM1	7.4085449355161
TNS4	7.40565748032183
MMD	7.40012458192943
PDGFA	7.37615248072199
CAPZA2	7.35106542635235
CLU	7.3442007923771
ENTPD1	7.34334415575814
TUBB2A	7.33780567361813
HCST	7.337775289972
ARL3	7.32839239408592
PVALB	7.32166075924427
FAM214B	7.31661312936281
BTG3	7.31504480954745
PHKA1	7.29852121624389
MAD2L2	7.29795996693533
MAF	7.28922440280368
ERLEC1	7.28537662213821
C17orf58	7.28491044118391
HAVCR2	7.28460220141153
BCAP29	7.28242453968002
FAM129B	7.27270119456401
IL18RAP	7.26107757810559
CYSLTR1	7.25948437776035
A1BG-AS1	7.25216878812411
SPTLC2	7.24863289363196
SLC2A3	7.24522769157142
RAB5A	7.24199540710708
LAPTM4B	7.24158405343963
SEPT11	7.23386374305585
WDR54	7.23013951841335
IL32	7.22618817538226
BBS12	7.22401669901837
GCNT1	7.21999187014262
MSMO1	7.21728138777562
TRIM47	7.2109225676799
PRDX5	7.20347065138565
HLA-DPA1	7.20122963870867
FSD1L	7.19916033217327
BSG	7.19226499097652
BCL2L1	7.18409357206313
CDKN2D	7.1812446851359
SSR4	7.1683645374595
MFHAS1	7.15916309366075
ISG15	7.15419843629868
VWA5A	7.1419341936272
TCN2	7.13461735398237
TMED3	7.1321442999739
LRPAP1	7.12624909268908
PDE4A	7.12618736792342
PRSS23	7.1220810031498
ILK	7.12094713037494
CD4	7.11784095694619
DERL1	7.11086246673935
ARL4A	7.10551069855146
PIM1	7.09565162368301
NR1H2	7.09096109614695
RIMS3	7.08735803706086
TMEM200A	7.08584416305392
ARL1	7.08353171662089
ARPP19	7.07926878045856
IDI1	7.07711922779521
NFIA	7.076925530477
IL1R2	7.07307503469611
METRNL	7.07016216861384
MKNK1	7.06056159471187
SNAPC2	7.05568278931441
C14orf182	7.04923789003565
YWHAG	7.04591835476254
CTD-2547L24.3	7.04323415843008
CCL20	7.04247056198242
ATP1B3	7.02978267153036
FHOD1	7.02299479352492
GPR108	7.02164155906822
LAMP2	6.99352771592571
ARSA	6.98643551401827
RP11-124N14.3	6.97731072164231
CLCF1	6.97034248096946
DCTPP1	6.96150008157627
EMC7	6.96118126387758
STK17B	6.96012168875409
TTC7B	6.95801776183846
F12	6.952922457638
HSPB11	6.94750663962013
ATP8B4	6.94614349465565
CCL5	6.94581787299162
TUBB6	6.94221691370044
PSMD1	6.93980476259856
LINC00092	6.93977025443273
RHOC	6.93431102378886
ZEB2	6.93180171077166
SNTA1	6.92948036380452
RABAC1	6.92671488576117
CHGB	6.92088260444219
DYNLL1	6.91540696206726
KDM5B	6.90410324236466
ANXA7	6.90408447739259
CTBS	6.89968860260092
MB21D1	6.89704714932268
OAS1	6.89586752397402
LRP8	6.89467329330675
NT5C	6.88620859561371
LDLR	6.88350418148975
EIF4G3	6.87655855606569
NUCB1	6.87003525400971
ANXA1	6.86900256903664
EIF6	6.86842020750495
HLA-DQA1	6.85701025995188
S100A10	6.84438771925788
TAGLN3	6.84092815161791
CTNNA1	6.83665474511076
LEMD1	6.83639172909383
LAMTOR5	6.83491157103956
GEM	6.83056802905098
DDA1	6.82902485127247
PHTF2	6.8247085188902
CSF2	6.82331957227826
TNFRSF1B	6.82230475333334
RHOA	6.80906441093717
GZMH	6.80718172244388
TMED1	6.79933164029896
SNAP47	6.79822089758437
PMF1	6.79607750954502
GPAA1	6.79531810685231
AP4M1	6.79412298993726
ARF4	6.78977285049873
RP11-290L1.3	6.787510996057
PSMD10	6.78359171460128
RTKN	6.77808277862189
EHD4	6.76078471162792
HSBP1	6.75734088144758
LYPLA2	6.75589909787359
C11orf49	6.74963300290977
TMEM208	6.72752044955695
VDAC1	6.72596888259863
NOL3	6.72427519982421
MFSD10	6.71030079728543
IGFL2	6.70492059450437
COX17	6.69772837377618
SEMA4A	6.69567747621141
SERP2	6.69550841077663
TDRD7	6.68962949663952
CTA-384D8.35	6.68068162888319
RHEB	6.68026004650929
NIT2	6.67694024649842
TAGLN2	6.67096706803576
GPI	6.66917050979337
AKIRIN2	6.6673595875876
MAP1A	6.66516822376298
CCDC53	6.66424042828017
NDUFB2	6.65940637983372
PLOD3	6.65591875987084
MPP1	6.64943445540641
TMEM50A	6.64698778910893
ANXA2	6.64682125756134
C19orf70	6.64202947367566
SHISA4	6.64125995573598
DENND3	6.62339316679573
NUDT5	6.61092560030442
EPAS1	6.6072541148987
PARP9	6.60677472891416
RHBDD2	6.6012153556547
HIGD1A	6.59690264946184
ZFYVE21	6.59589129684978
IL4R	6.59417155448885
LINC00589	6.59113203664437
EZR	6.58835852038752
SQLE	6.58040819472512
LDHA	6.57957460699308
TMEM205	6.57631717473549
CISD3	6.57203215882482
STAC	6.5647408140507
NFKBID	6.55353937428934
MYOF	6.55120572439161
IFI35	6.5482214129378
GYG1	6.54439913157891
GNPTAB	6.5401779886646
EBP	6.53024991122921
SMKR1	6.52960787027447
ARMCX6	6.52556240959549
AP001610.5	6.51836028902984
KIAA0895L	6.50589438840443
TRIM46	6.48496593421114
FUT8	6.48331286902388
CYB5R3	6.48024408415251
NME7	6.46696073223888
EMP3	6.4650014688943
F5	6.45880228450291
HSP90AB1	6.44062203131713
MIDN	6.4397122133728
CD320	6.43936163572232
PTS	6.43857653236302
FAM102B	6.43816977788765
PLEKHB2	6.42198849346089
ICAM1	6.41382272231599
PELO	6.40378017471544
FAM127A	6.39580415650125
NANS	6.38536634756655
CCL4L2	6.38316822152191
TPM3	6.38123598696181
ROGDI	6.37569545180952
B4GALT5	6.37133093482214
ARFGAP3	6.36670315275994
LRG1	6.36658110158206
TPPP	6.34769457029984
GSDMA	6.34558195673828
POLR2K	6.34225475495296
PLEKHN1	6.33143420411267
GM2A	6.32995659153072
SNAPIN	6.31510985778088
C1GALT1C1	6.3071637278884
AC015849.2	6.30154257373356
CALM2	6.29813821980736
IL26	6.29370249730176
ATP6V0B	6.29176968976773
COX20	6.28958533644626
PCMT1	6.28741276478222
OGFOD3	6.27601881049616
GZMB	6.26256437269375
PGRMC1	6.25513652426254
DYNLT1	6.24911700620219
XKRX	6.24477055735676
SLC16A1	6.24429149402948
MAPK11	6.24292170604768
AD000671.6	6.24248982295447
SAMD12	6.23745732160977
IMPDH1	6.22576758474248
EFHD2	6.22375337821262
SFXN3	6.222491712525
SLC35F2	6.22116094428927
APOBEC3D	6.21911403557564
EIF5A2	6.21862035897747
IFITM2	6.21703432068755
DPM2	6.21692247857108
CD99	6.20157762101142
UEVLD	6.19683842969321
RAB11A	6.19114511083937
FAM184A	6.18987052981576
ANKRD37	6.18781557957417
TXLNA	6.17792727089084
PTRH1	6.1748426474713
DCTN2	6.174172386412
APLP2	6.17376090011767
IMPA1	6.16935503191643
GZMA	6.1619294486634
ZC3H12A	6.16115115149369
CCDC47	6.16033375141262
LPAR5	6.15748136422833
ADIPOR1	6.14923339464165
CAMK1	6.14911387554864
PDCL3	6.12571701588744
USP18	6.12319517814282
DUPD1	6.12019765362635
SLC1A5	6.11529752690981
NRM	6.10746742648689
RP11-493L12.5	6.10737820612094
DDX60	6.10158745031695
IFITM3	6.09898679065141
CTTNBP2NL	6.09545285441231
STOM	6.09285193940111
ARL6IP5	6.08580940874825
ABHD6	6.08207997952748
TP63	6.0807013978281
C9orf169	6.07389807127756
MRTO4	6.07268596670973
SLC35F5	6.06566925693769
CAST	6.06528770866058
ADAM15	6.06277572548563
EIF2AK2	6.05931662134071
EIF4EBP1	6.05306064122596
NCR3	6.04293100948061
FANCL	6.03606760349561
ANKRD28	6.02521115797821
RABIF	6.02350316618277
CYP4F22	6.01220796872742
GABPB1	6.00962135600779
PYCRL	6.00396308115416
SERTAD3	6.00349833199178
CORO1C	6.002939172069
DARS	5.98843920382387
HN1	5.98244701498652
CYP2R1	5.97959713033913
CYCS	5.97271732787335
CALCB	5.97084532289515
IRAK2	5.96918851849543
ARHGAP18	5.96877666307373
GSTO1	5.96472975640816
PSTPIP1	5.96458173807804
CEACAM1	5.96221162760643
NDUFV2	5.96136926421321
MAPKAPK2	5.95438954191358
HDAC9	5.95335350092564
FIBP	5.95132123073001
BCKDK	5.9487872774223
PICALM	5.94521935279461
GSS	5.94435067827915
RBX1	5.9442980118253
MRPL17	5.94285193587739
GRN	5.93450660758423
TBX21	5.9277717237699
SPRED2	5.92213144401278
PPT1	5.91544230528997
ZDHHC16	5.90660203859066
C10orf67	5.90540076939202
AHI1	5.89341467682391
ITPA	5.89128720086851
TMEM234	5.89113774838478
KRTCAP2	5.89027091545201
SLC35F6	5.87132892402863
RP11-345M22.1	5.86934310273272
TRAPPC4	5.86593981692813
UBAC1	5.86351260517036
FAM109B	5.85615390892953
STX1A	5.84936709912884
GALNT1	5.84853964915243
RALB	5.84818238619045
RNASE4	5.84636824747483
CD274	5.84590429925351
UBXN10-AS1	5.84320666733671
PERP	5.84311773615893
JMJD4	5.83913127559311
RFX2	5.83863557646845
CTNNB1	5.8314279982295
PPP4R1	5.82844951915879
KCTD17	5.8215571159793
NAPG	5.81825859882702
SERPINB8	5.8155868949505
BARX2	5.81358701633132
NETO2	5.80387201971408
DRAP1	5.7997145508471
TANK	5.79477020667822
AIFM2	5.79441220677754
IER5	5.79385240581894
CYBA	5.79330143371409
GNLY	5.79182695029425
CALU	5.78552566583963
PFDN2	5.78512284721031
HPRT1	5.78511245532749
FBXO2	5.7837302469494
RYR1	5.78205772027861
TTBK1	5.7802430461406
CTSD	5.77590001894199
LTBP3	5.76964068516683
CCL3	5.76927326429526
CREB3	5.76882390653281
CCL23	5.76746234060581
EMC9	5.76101320317143
TMEM179B	5.76026107236045
TNFRSF13B	5.75772642460289
ITGAX	5.75552996178893
C18orf32	5.75392092875124
CYTH2	5.75155828094315
AGPAT4	5.74898118466346
LY96	5.74755914163172
MT1X	5.74654181856303
HIVEP3	5.74265430266513
PCSK1N	5.74039157579172
FAM115C	5.73923677245179
CMPK2	5.73144494445215
ZDHHC18	5.72065788479549
CAPN2	5.71386763128074
MYO5C	5.70640426347411
IL7	5.70115076031041
SLC39A4	5.7006108290352
ATP6V1F	5.69138067897751
SAYSD1	5.68956574630254
FBXO6	5.68935591410503
XCL1	5.68609948883184
PGAM1	5.68255377490396
SEC11C	5.67183990655602
COMT	5.66523484043607
ECM1	5.66327697888782
RBM3	5.65992191019681
NRBP1	5.65886006690596
PTPN1	5.65012266846167
NDUFAF3	5.64839866207906
PRELID2	5.64165538631218
SLCO4A1	5.64016907361136
POMP	5.6349583106035
LAG3	5.63333984461871
CD68	5.62956017076236
IKZF4	5.62065262956719
TM2D3	5.62044219563595
TMEM74B	5.62006414061273
PPP1R3B	5.61422099977078
B3GAT3	5.60610644705488
CD82	5.60367281573136
DNAJA4	5.59158644322503
ACSL4	5.58546668668922
PDLIM4	5.58292081070241
N4BP1	5.58089531479354
ARPC5L	5.57988437798643
ACOX3	5.57648312194726
NOP10	5.572209178634
AKAP5	5.57119997766582
GNAI3	5.57084778843075
BMP1	5.56631380591349
PLXNB2	5.56589358001785
BLZF1	5.56542700795399
FKBP2	5.56281386059536
BCAT1	5.56215800114136
C11orf44	5.56080209854423
NCOR2	5.55755722387111
KIF13B	5.55520303227693
SREBF2	5.5542591750352
MX1	5.55318534514759
LINC00035	5.54277367739656
AP000769.1	5.54176062955049
MAN1A1	5.54156640142845
RALGDS	5.53971482569278
CHID1	5.53826684120279
GTF3C6	5.52814819301945
RAB1B	5.52780654055958
C16orf45	5.52560935128102
CACNA2D4	5.51786035806756
AQP11	5.51583794851898
EED	5.51490771523039
RAB33A	5.51378232536475
SLC39A6	5.51335876212525
FUCA2	5.51256007198523
DYNLRB1	5.50720927611543
DRAXIN	5.50623459528637
NHS	5.50503959997048
UAP1L1	5.49917802782137
FGL2	5.49786610914521
DHX58	5.49543689764229
AHNAK	5.48324449140397
DYNC1I2	5.48312045689693
ARID5A	5.4686032839935
S100A2	5.46764792957606
MB	5.46710468807994
VPS26A	5.46518972853828
PSMB5	5.46391710567291
MFSD6	5.46367025389425
LRRC61	5.46349558972516
WDR44	5.46177059441656
HIF1A	5.46125533581043
ST6GALNAC4	5.46107832013689
LINC01160	5.46097260982363
JKAMP	5.45861952218277
UBXN10	5.45177523018568
HEXB	5.44170558611662
HMSD	5.44159545990707
ULBP2	5.44083339558229
PAFAH1B2	5.43922157274185
EMR1	5.43548582166041
CBX6	5.43395324633965
PPARG	5.43384630847102
CMTM6	5.43235544179219
BTNL9	5.43117145783075
GNPDA1	5.43115461521117
PRDX1	5.40704873530044
AK4	5.40623028999951
KDELR3	5.39987399717774
CNP	5.39904358301308
JAG2	5.39484519692578
PLEKHG2	5.3931493215524
DIAPH2-AS1	5.3930326525048
CLNS1A	5.38969189564601
PDCD5	5.38782871148541
TRIM36	5.38061824703808
CALHM2	5.37472968277769
TM9SF2	5.37339769086644
ATP6V1E1	5.37233856903619
GSN	5.37001319720276
RAB27A	5.36848018104963
CPPED1	5.36791586715899
NAGS	5.3660563803182
VMP1	5.36151412535194
CTTN	5.35789623879158
GRAMD4	5.35548465888446
FAM3C	5.35044771848832
STAMBP	5.34849598785852
NEU1	5.34681975549327
EDARADD	5.3465079528071
NCEH1	5.3417655996876
SPCS1	5.33881624629649
DYRK3	5.33877209445977
NUTF2	5.33570664225014
FAM96B	5.33374804948239
TP53I13	5.3297490573012
SH3BGRL3	5.32563721698932
EFNA5	5.32401620569372
NPTN	5.31080350705947
KIAA1279	5.3049985255749
IER5L	5.30235605937072
EGR3	5.30108934326508
PTTG1	5.3009541264075
PSMD14	5.30033290182197
HLA-DMB	5.29487139652848
RAB10	5.28461857331278
DYNLT3	5.28420636315316
SPAG1	5.28183556469787
SEC14L2	5.28036219214447
MAP6	5.27955168889715
CSTF2	5.27433548608616
PFKFB3	5.2719108536957
ZDHHC12	5.26814193525013
KIF1B	5.26711217065235
SPATA2L	5.26249194623946
PPP5C	5.26236182486032
TMCO3	5.26056438690644
NCS1	5.25896213789434
THADA	5.25744199207017
SPPL2A	5.25733209779627
RP11-536I6.1	5.25635537259592
TUBA1C	5.253875338056
LIMK1	5.25199980799161
WDYHV1	5.2503469617542
MPHOSPH6	5.24938619915903
ATP2B4	5.24784684645108
TP53BP1	5.24649525487041
RTN3	5.24576707218716
ZNF584	5.23544999431538
MRPL52	5.23464341443553
SEPT8	5.22919763117937
NEDD9	5.22527933566287
BTNL8	5.22445614652216
SBNO2	5.22210013356514
PPP1R14B	5.21445443102309
ROM1	5.21428979583704
UPP1	5.21071365136427
CDC37	5.21021783711963
TPMT	5.20496553025783
FLVCR2	5.19707232339545
TRIP10	5.19699361539989
AP2B1	5.19698039258112
FAM115A	5.19621042276993
TRMT112	5.19056326463039
OSBP2	5.19043542406884
LMAN2	5.18537560673752
GALE	5.18491930746824
MANF	5.18155766382359
PLXNB1	5.18110348157708
FAM126A	5.18045508450417
PPME1	5.17825440178763
PARVG	5.17744569999827
CCNI2	5.17545385756896
KDSR	5.17130558848536
COL5A1	5.17068548350547
PSMC1	5.16973386773385
SSH1	5.16970160242666
SNX8	5.16156173593789
ADCY3	5.15877331878772
C17orf62	5.15761016236162
FAM47E-STBD1-1	5.15666129387296
SLC35G2	5.1524384801869
CDKL2	5.151979845442
CNIH4	5.15112546827736
GK	5.15044402519988
REXO2	5.14814923911574
TP73	5.1448286025707
SLA2	5.14362743176638
HELZ2	5.14179011638647
GSKIP	5.14168483116198
HIATL1	5.13952950901965
GALNT6	5.135987067261
MAGT1	5.13134901056274
NOS3	5.12745915487379
ENO2	5.1274016172485
PRKCI	5.12721723069829
EIF4G1	5.12307416030347
C17orf96	5.1217364384017
SFMBT2	5.12081818874526
HSH2D	5.12075647232238
WBP4	5.11996557325377
ARX	5.11873331970786
RP11-169D4.2	5.11562250040249
ISOC1	5.113337094115
SLC1A1	5.11215010719765
DHDDS	5.11188096999653
GCHFR	5.1108528175381
PSMB6	5.11004525870909
KLF10	5.10740255174036
DHRS7	5.10345742050494
NAMPTL	5.10050458401508
RNF187	5.10021822887988
NIPA1	5.09900160107616
PSMC2	5.09897477943005
PSMB1	5.09435336107163
DDB2	5.09427875051956
GNG2	5.08885115537659
UFSP2	5.08661203784157
KATNAL1	5.08571737691765
COMMD8	5.08316900658535
VMA21	5.07570952083874
SPATA20	5.06953807816494
CDC123	5.06639793913817
BOLA3	5.06399520112109
CCR2	5.05991589727922
BACH1	5.05262486356321
HLA-A	5.04989821078637
RRP7A	5.04255236665655
C14orf119	5.03440487944376
CLSTN3	5.03361313802448
CD44	5.03109456285849
ATP5G1	5.02921561047894
LEPREL4	5.02856550223232
TNIP3	5.02779386738024
RAP1B	5.02448935904359
TWIST1	5.02353574891156
PMVK	5.01901030159538
DESI1	5.0175263220533
MZB1	5.01672687858278
CITF22-92A6.1	5.01487320352862
MAPRE1	5.0050784855521
IL15RA	5.00444606727943
ACY1	5.00389131643791
ABLIM3	4.99462074248323
CD226	4.99097495234023
DTX3L	4.99038875211022
IDH1	4.99020375813028
FOS	4.98535064147073
MGME1	4.9851778439133
ASL	4.98507019278518
PDIA4	4.98076693467
YIPF6	4.97969280234021
TBC1D8	4.97853538748982
ZC3H12C	4.97729308658108
YIF1B	4.97149160569264
TMEM60	4.97090053660497
PTMS	4.97022085769543
CAMK2N1	4.9678469983493
AGFG2	4.96350236923305
RPN2	4.9628621297607
CRIP2	4.96230848006133
GPR137	4.96159018315837
RNF19A	4.95880260057347
PSMA7	4.95795615620789
SLC16A14	4.95662491396144
GLA	4.95501051702105
LINC00937	4.95425229484882
SNAPC1	4.9494468640904
PRDM1	4.94616088257486
MBIP	4.94608700266416
ARHGDIA	4.94364832763837
ACBD6	4.94358821858282
PMM1	4.94197974882841
PDE4B	4.94046515056745
MAMLD1	4.9360817305679
FMNL3	4.93506168033635
ZFP28	4.93467057489135
ALOX5AP	4.92691060850644
CMSS1	4.92606791791309
RP6-109B7.3	4.92236950595993
SRPRB	4.91540977561009
NQO1	4.91341756689671
AGA	4.91293166843896
IRF7	4.91208388395074
HTATIP2	4.91202339518635
NCOA3	4.91065478075137
ZMPSTE24	4.90577945100442
ACTR1A	4.90547991873581
C16orf80	4.90490642114439
EVI2A	4.90419437626915
CCDC124	4.90341156465954
RP11-1018N14.5	4.90334211151133
FNDC3B	4.9027879538691
SELT	4.89886209208275
QSOX1	4.89797565241615
PA2G4	4.89784620271964
TFE3	4.89328723188813
EVA1C	4.89292243612431
BEX5	4.8926254014106
RRBP1	4.89166353459658
PSMD8	4.89035107231075
HLA-B	4.8896919487724
TRIM25	4.8868759579601
BRE	4.88563355390299
ARHGEF12	4.88116229322487
LMF2	4.88089184542035
LDLRAD4	4.8803264902533
ARF5	4.88024529693031
P2RY10	4.87986999244757
MRPL20	4.87914704707804
ZDHHC24	4.87523506208175
KRAS	4.87335933292553
AC018816.3	4.86445497391984
PTK6	4.86117371093661
MGST2	4.86060667809869
NUDT22	4.85865758078617
B3GAT1	4.85784591460935
C3orf14	4.85402406535848
PLEKHA5	4.85130307544496
EMC4	4.85051402673253
UNC93B1	4.85020359249498
ATF3	4.85006588302686
RNF24	4.84702664944102
PRPS1	4.84546660431551
VIM-AS1	4.84478723607161
SLC4A2	4.84379268083657
CRIM1	4.84328496203137
COMMD5	4.83377534991859
SPTSSA	4.83238684170859
COA7	4.82871326890894
MUC12	4.82630052843952
CHKB	4.82444677716884
CTSA	4.82430147140112
PSMD7	4.82402591986958
ECHS1	4.82396603328615
TCN1	4.823361323904
CCRL2	4.82148511870458
AIM2	4.81925137732583
LMCD1	4.81753944152869
ALG5	4.81514855703625
TMCO1	4.81018359640506
CARD16	4.80886268427228
LGALS9C	4.80707522304749
NINJ1	4.80672820267412
EXOSC4	4.8056501444378
TIAM2	4.80559436578369
SLC25A19	4.80507527179928
GNG5	4.80477636785173
VPS37C	4.78549797437644
N4BP3	4.78166539053739
KCTD20	4.77944454277692
VAMP8	4.77864964500515
C6orf1	4.7780445204605
SC5D	4.77646515462072
IGFBP4	4.77643515142872
HSF4	4.77058283630429
ITGAM	4.7702159218248
CCDC136	4.76932843764645
JOSD1	4.76916327470123
CASS4	4.76870992504332
IKBIP	4.76828642032371
VLDLR	4.76257641102039
SH3GLB1	4.7574825998255
PRMT1	4.75628818654789
RP11-532F12.5	4.75570890899745
TGFB1I1	4.75543355116016
MUC1	4.752781000341
ABHD16A	4.75229499148938
ROMO1	4.75015387977772
ACSL1	4.74872523776982
TUBA1A	4.74478927718964
CTSZ	4.74119753451926
HERPUD1	4.74081200207129
NDUFA6	4.74029041971638
AIM1L	4.73249040234212
RP4-647C14.2	4.73040425198648
THG1L	4.7300638109924
CLEC7A	4.72793130561277
ATL3	4.72708081307142
CMAS	4.71959167107483
MICAL1	4.71318981146611
RP11-24F11.2	4.71205836532508
H1F0	4.70957512064002
CREB3L2	4.70696092169747
GRIPAP1	4.70625361284723
IL1A	4.70164758317656
C9orf64	4.70079115683626
TMEM59	4.69960162900605
PBX3	4.69488340457695
F2R	4.691754387824
CCDC41	4.69051414355242
TMEM134	4.68808874844782
MED31	4.6878670866235
FAM63B	4.68422424666165
HSPA9	4.68405131393074
DDRGK1	4.68111376388022
CEND1	4.67839061365392
TLN1	4.67806772160013
AC006116.20	4.67585652332041
NAA20	4.67565558608467
DNAJB6	4.67234304160571
RP11-520A21.1	4.67099936071105
NBN	4.67079833307427
TSG101	4.66717816304415
MPO	4.66599713519855
CSTF2T	4.66338688173923
KCTD9	4.66264071169663
SLC35B1	4.66133575443743
CBR3	4.66115703508522
ADRM1	4.65902915363243
PPP1R16B	4.65728087052013
NUBP1	4.65674259491012
PDIA3	4.65098559643111
MTHFD1L	4.64071444613604
TMBIM6	4.63973517473424
YIPF3	4.6387223773229
BUB3	4.63674125704296
CD2BP2	4.63575207033275
MMP9	4.63314571735566
C14orf1	4.62623084506065
ARSD	4.62397366223909
DPP7	4.61985968993709
ENOX1	4.61930765913268
KANK3	4.61880991993177
LRRC42	4.61332520042119
ACOT9	4.61186712565615
SLC7A5	4.60992758516412
LRRC23	4.60769867988237
SLC16A11	4.60768490387328
ACTR10	4.60271498733287
PARD6G	4.60220168147287
CDC42EP1	4.59969025972658
SUMO2	4.5984756725172
RP11-279F6.3	4.59651097543624
ODF3L1	4.59589826639886
TMEM147	4.59558461684859
SEC61G	4.59362063398603
TSPAN31	4.59241958064373
EMC6	4.59011791320876
NPM3	4.58862525146247
SLC30A4	4.58825753400643
UHRF1BP1L	4.58788788603871
APMAP	4.58773193938621
HAGH	4.58211658427695
GTDC1	4.58138629498567
ELOVL6	4.57910102964194
CES4A	4.57762463036836
CINP	4.57740492182869
HSPA13	4.57625786317409
NDUFA4	4.57092138137216
CAPG	4.56968809356493
IFI16	4.56956309210578
VEZT	4.56544053431983
CD53	4.56352384667496
QPCT	4.56269297486193
KIAA1161	4.5621187425061
ITGA3	4.56142714163053
B3GALT6	4.55877994330293
METTL1	4.55589172465756
TMC4	4.55548451887222
RPP25	4.55074608157066
LONRF1	4.55042244643093
CKLF-CMTM1	4.54809835791199
DHCR7	4.54771301085987
DNASE2	4.54360288252721
FKBP1B	4.5416852638813
CAMKK1	4.54094922436837
B3GNT9	4.53887172517045
DEF8	4.53806206575565
SEC22C	4.53629289556881
TMX3	4.53611406302711
SLC17A5	4.53559581101864
PDCD1LG2	4.53438334359779
PHACTR2	4.53093257231226
CPLX1	4.52893226699941
GOLGB1	4.52681621853806
VKORC1L1	4.52373649227619
GOLGA2	4.51881627408916
HMGCS1	4.51311987672162
DRAM1	4.51216829624141
MYO5A	4.51201392915202
FBXO34	4.51187109801809
FAM57A	4.51183400971059
MTDH	4.51180212974486
TOX2	4.50859243216157
UBE2A	4.50654145717112
FAM167A	4.506214359383
KLF6	4.50357077517004
FBXO27	4.49562517905122
NEK3	4.49430335446041
IDH3A	4.49285782337581
CLIC4	4.48935619856983
FGD1	4.48854303516879
IL17REL	4.48468427135801
COMTD1	4.48293714100857
CSTB	4.48144588758287
ZNRD1	4.47649840810042
CASP9	4.47634805276627
C12orf44	4.47374233581887
COX7A2	4.47177472148968
RIPK3	4.47054074767206
RPN1	4.46956654195747
COA4	4.46563401222958
TMOD3	4.4652673644866
FAM174A	4.46487096189105
EIF2B4	4.46177930849979
LRRC70	4.45599463501088
ITGA2	4.45496043013096
GAS2L1	4.4536736950639
CPD	4.45185116448819
RAD23A	4.44698089776811
BAD	4.43910403971019
ANKRD39	4.43187810541416
APOO	4.42987610225599
SYPL1	4.42725615249565
OTOF	4.42483168533549
PUS7	4.42107741462544
PPAP2A	4.41989481287977
ACP2	4.41983403194939
TRAF1	4.41858383906871
FAM83G	4.4145794666871
DDAH2	4.40855518869731
SAR1B	4.40754305324458
CCDC71L	4.40310260917569
ASMTL	4.40121787273304
PPP1CB	4.39815297098145
ITGB2	4.39278751566085
SLK	4.39187860726868
MT1F	4.3895377415836
ALDOC	4.38845393962382
CCPG1	4.38778660186813
FBXL19	4.3874454909027
CXCL16	4.38563341597765
PGM1	4.37940103715404
CNIH1	4.37914182319058
YIPF5	4.37769840954231
RP11-539I5.1	4.37757846115061
MT1E	4.37670517664835
LPCAT4	4.37467515244689
ITPRIPL2	4.36961991219146
DFNA5	4.36804462558421
SYNE2	4.36735857437494
RBFA	4.36548147223043
CCL22	4.36533338857198
BANF1	4.36402318374503
ENTPD2	4.36374575323235
SLC35D1	4.3631418448977
FADS3	4.36078957246739
ZNF35	4.36072986266741
CNTLN	4.3580701149657
RP11-161H23.5	4.35768186635333
ATP6V1B2	4.35647998526195
LRRC63	4.35548576050532
DNAJA1	4.35532911606124
KIF5B	4.3529799634184
PPP6R1	4.35055995956966
DNAJC10	4.35035791275746
GLIPR2	4.34739885853912
SLC15A4	4.34731887191035
VPS25	4.34632928567556
CEP170B	4.34458419139821
RAB1A	4.34317675164429
NIT1	4.33984111173429
ITGB1BP1	4.33836162714929
FGGY	4.33703972408848
TNFSF12	4.33157139403615
FIS1	4.32786701185072
CHMP2B	4.32669262376389
NAT6	4.31637911559529
CCDC74A	4.31603610885389
CD96	4.31198833445661
SYAP1	4.31104382327009
TIMM17A	4.30896688788679
LINC00505	4.30862060006615
CXCR4	4.30511876592821
ATPIF1	4.30375234481379
COQ4	4.3022516320162
MSRB1	4.30181519228895
NXT1	4.3014585548345
ADAT2	4.30006769333318
SNX9	4.29994749364565
ACOT7	4.29870088836011
FOXP4	4.2975969684601
TPM4	4.29627548235792
PIGT	4.29531206187376
KLC2	4.29371670777625
PGAP1	4.29319471528681
ULBP3	4.29180988806267
USMG5	4.28987588850606
LXN	4.28862769013206
ANXA5	4.28341050842049
CORO1B	4.28310817141113
PSMB3	4.28256892461389
NDUFAF1	4.27942661107655
CARS	4.27041940828775
EXOSC7	4.26904533239558
SAMD9L	4.26810072487596
TMEM70	4.2670690899247
DCAF13	4.26635919405693
VTI1B	4.26569530828633
DLG5	4.25483756289869
ESD	4.2505574386285
PSMD11	4.25012339304764
RNF145	4.24710903425132
BLVRB	4.24696355816108
RER1	4.2454687234291
EIF2S1	4.24239617769511
PRF1	4.24194625641477
SCD	4.23931947174585
YWHAH	4.23924380608434
LPXN	4.23818387681259
DUSP3	4.23776670980842
DGAT2	4.23631085542952
RP5-1024G6.8	4.23595867963374
NPM2	4.23297238300372
FAM221A	4.2324355832618
PBX4	4.2254616994649
GUK1	4.22385648327419
C11orf24	4.22362858417221
LY6G5C	4.22319530310923
DAPK2	4.22307181993297
DPYSL2	4.22171599910494
SNX4	4.21716891049585
C10orf10	4.21361638474801
FAR1	4.21227839329371
SHFM1	4.21057546352062
FXYD5	4.21027439576291
PEX11G	4.20884510178067
P4HA1	4.20716608545738
IVNS1ABP	4.20666273047696
B3GNTL1	4.20621832239353
TM6SF1	4.20581415013816
PNP	4.20501958722585
SOAT1	4.20299769752175
SYNCRIP	4.20296969642484
ZCCHC2	4.20272766870091
CHMP2A	4.20189035808252
PPM1N	4.20161239376039
LMO4	4.20144095079632
SEC14L6	4.20141210539613
GOLGA8A	4.20075529437224
MRPL36	4.20067671599887
PSMA6	4.19850097387678
FECH	4.19808533030954
GPR180	4.1924833090174
SACM1L	4.19245072047725
NMB	4.19077088610493
YWHAB	4.18723368360127
NDUFB7	4.18358174641898
NFKBIE	4.18338366859775
PCYOX1L	4.18150174763693
MAP4	4.17823207797992
NEK11	4.17769692842475
KIF3C	4.17728781043257
CAMSAP1	4.17711365130384
WDR35	4.17662701973838
DYX1C1	4.17634859697537
TMEM136	4.17583710578171
SLC39A8	4.17315080765512
FADD	4.1712906085781
KCTD21	4.16922427998391
LYRM4	4.16773693773833
G6PC3	4.16506610324802
RUSC1	4.1620050640109
TIMM8B	4.15995017434869
CACNB2	4.15930868310286
NELFE	4.15488526738513
NOP58	4.15383343058751
TXNDC12	4.15066792199155
STARD8	4.14700417898108
RTFDC1	4.14480787856074
TAP1	4.14437964879705
RHOG	4.14276979894363
MYL12A	4.14213342740075
TMEM126B	4.1343669611761
TRAPPC2P1	4.13123348505017
CCDC167	4.13122948248273
STAU1	4.13067945161328
B4GALT2	4.1254089515916
CALML4	4.12383609469898
CTC-490G23.2	4.12356829747446
SFMBT1	4.12304087774261
TP53I3	4.11958226710708
GMFB	4.11919320277583
MTCH2	4.11805014532694
TGFBR3L	4.11441864067884
BSPRY	4.11102971348915
MOSPD1	4.1088546480063
SP100	4.10351401716615
SREBF1	4.0978590937311
WDR83OS	4.09785494721574
MIR210HG	4.09708746239122
MAP1S	4.09608164049368
SLC20A1	4.09507311368586
ALG8	4.09460419952057
SSSCA1	4.09302266227991
MAMDC2	4.09258388907692
GUSB	4.09172652647821
ECI2	4.0908232044788
SLC50A1	4.08880626264845
PHF11	4.08708389681564
RDX	4.08368223924097
ABHD10	4.08138998651487
NIPSNAP3A	4.08121854624483
HSD17B10	4.07984496869951
RNF181	4.07800608253959
CCDC88B	4.07713670337728
TM9SF3	4.07514212875225
PTPN9	4.07486935203667
RP11-345M22.2	4.07101592808246
CALR	4.07059014214562
ARHGEF5	4.07009518294836
MRPL15	4.06719205992895
DUSP2	4.06640110677997
TARS	4.06472422929491
TBC1D9	4.06294254447563
ZNF791	4.06199897652054
EMILIN2	4.05753181236222
PAK2	4.05494183007864
CRYZ	4.05175414318045
NCAM1	4.05133847597855
SERINC2	4.048894693302
PTPRJ	4.04749728353244
NFKBIB	4.04598732877185
SLC25A24	4.04509827384328
CSRNP1	4.04382703639135
PARD6A	4.04351764656593
ITPR1	4.0391193513763
C4orf3	4.03711684686817
EGR1	4.0369949716336
PES1	4.0366289943608
HLA-F	4.03501483545
DNAJC18	4.03456893990631
IFI44L	4.03151965837598
CTSL	4.03121979242829
HCFC1R1	4.02737634534959
USP5	4.02603954142633
SLC35B2	4.0243212175181
MAPK8	4.02405635333561
MOB3C	4.02379176210436
MREG	4.02293458562625
VAMP5	4.02083403806912
MARS	4.02038427480113
PAIP1	4.01942209495748
SPAG4	4.0169377555865
SERPINE1	4.01368387592905
AL161784.1	4.01096402241854
YWHAZ	4.00654939931551
C19orf83	4.00583703579371
SNRPB	4.00377523083622
MAD2L1BP	4.00371630802957
TCP11L1	3.99949824796495
ZNF416	3.99900229361969
TCIRG1	3.99718327597313
TNFRSF9	3.99486367642789
TNFSF4	3.99333170054727
YIPF2	3.99281821975716
NAA50	3.99052509129261
C1orf43	3.98870664872803
PLAU	3.98782561706763
PLEKHO2	3.98718956613267
VANGL1	3.9871457044142
GLRX2	3.98444737999453
CDYL2	3.98211930489703
MEA1	3.98113257595697
CD109	3.98071257483815
KIAA0247	3.98013148024435
MPC2	3.97977159060631
TMEM67	3.979537113413
HSPH1	3.97793863663363
C4orf27	3.97658417975842
PTPRN2	3.9761785121281
LOXL1	3.9761654056066
PAFAH1B3	3.97470351345349
RP11-794P6.6	3.97381532747768
ITPR3	3.97329691349309
NUDT16	3.97219168797769
HIAT1	3.97191542367662
EPS8L2	3.97089117677963
BLOC1S6	3.96991720526846
AKR1A1	3.96795912360446
KIF3A	3.96689012267371
GAPDH	3.96565447971957
MED7	3.96545918884128
SOD1	3.9631505093933
PSMD12	3.96234670539542
IL12RB1	3.9621297566145
PLAUR	3.96145054342876
WDR18	3.9600669122619
NSFL1C	3.9600034938086
DUSP5	3.9585987009579
ARL2BP	3.9580988674731
CTSW	3.95580199561321
TDP1	3.95568056548749
PDCD10	3.95261012992379
HEXDC	3.95128804438125
PPIB	3.94949532166694
PCBD1	3.94804502020476
LIMA1	3.94632803678434
PAPSS1	3.94555327813411
UQCC2	3.94536738754724
RP5-1028K7.2	3.94158912966295
CAP1	3.93952838067055
FAM110C	3.93644885810042
ARF1	3.93575890084671
HIP1	3.93497692254718
CAPNS1	3.93019671849403
GBE1	3.92876151514963
KDELC1	3.92778749942006
HGSNAT	3.92641557987727
ZNF267	3.92585905207177
PDIA6	3.92226016306834
CSRP1	3.92115080617846
SMIM19	3.91698254074918
QDPR	3.91564857447566
RPL22L1	3.91528945183297
TVP23B	3.9139926358782
GPR19	3.91315539257785
METTL17	3.91310833367331
MORF4L2	3.91233023587046
RP11-300J18.1	3.91144204570506
LPP	3.90804084856628
TMTC4	3.90753074418771
GPN3	3.90692470954674
PSEN2	3.90547691985067
HLA-C	3.90535758862969
AP3S1	3.90398927174936
CDIP1	3.90382170090198
UFD1L	3.90247480439427
P2RY11	3.90116990659039
HBEGF	3.90080644468206
PCYT1A	3.90065495445517
GDE1	3.90012784753793
FOXO1	3.89958869541277
RP11-680A11.5	3.89729438715838
SQSTM1	3.8956759325124
TMEM30A	3.89538171914995
RANGAP1	3.89208063021903
TRAM1	3.88737557796863
EPSTI1	3.88524615732238
CCDC107	3.8782964570261
CISD1	3.87747198009321
TMEM109	3.87734818177971
NDUFAB1	3.87694073926364
FOXK2	3.876896052351
STAU2	3.87536178292273
LYPLA1	3.87259750525744
RNF5	3.87043524743728
ALDH3A2	3.86937508222782
HSPA1B	3.86389170156324
NCF4	3.86058516469102
PTRH2	3.86008194344845
ACAA2	3.85869516457253
LASP1	3.85798774354789
STK40	3.85253477578064
PARVB	3.85147369327296
BOLA3-AS1	3.85108682133726
PIAS3	3.84891130695526
TTC4	3.84861144339385
RAB3A	3.84754600105755
LMAN1	3.84318251953193
LPCAT3	3.84209391028741
CHMP6	3.84153604951004
MIR497HG	3.83935252374576
GPRC5A	3.83781729799803
PGD	3.83749421546114
CCDC64	3.83743244641471
PSMC3	3.83586848193669
TXNDC17	3.83500391059824
C3orf67	3.83139398394525
AC010642.1	3.83044435740042
SEPT3	3.82966336568382
NTSR1	3.82888151719122
UBE2I	3.82709712605607
RYBP	3.82446182459224
MT3	3.82242254876989
CTD-2616J11.11	3.81903552396926
ERP44	3.81393820451279
C4orf33	3.81382695317268
OBFC1	3.81270968307093
ADAM12	3.81196120268807
IFIT5	3.81151593278188
CACNB3	3.80977955899603
CNEP1R1	3.80761433816302
ATP6V0E1	3.80745665464657
DOCK2	3.80706662771997
ADTRP	3.80695125972723
MRPL33	3.80225306911974
DHCR24	3.80210002557454
EMR2	3.80062750699021
CCDC127	3.79908317682112
DMTN	3.79764290779643
OGFOD1	3.79221093135016
ATP6AP2	3.79195161969739
EMC3	3.79093683332222
NR2C2AP	3.79091277366872
CHAC2	3.78948579275075
PSME2	3.78840149317942
FTSJ1	3.78698083681868
FAM131A	3.78628331427339
LIF	3.78609919297115
RAB38	3.7858874179808
SPCS3	3.78353186647332
TRPM2	3.78265616735
UBE2M	3.78087500100768
MATK	3.78052348484366
SEC61B	3.78001339410075
EIF4E	3.77874952604487
RNASE6	3.77784698087054
SEC11A	3.7762282521326
TRAF3	3.77397547606271
SNX14	3.77355780195817
ATOX1	3.77019544253173
BCAT2	3.76988560326484
PMEPA1	3.76987150735635
SEPT7	3.76871001980905
SLC37A2	3.76759224183127
LINC00519	3.76657728031543
NAB1	3.76459021462299
BCAP31	3.76296534628184
WFDC3	3.76278000845964
SPAG7	3.76204787953992
CAB39	3.76030199324642
KCNK5	3.76000175194705
ANG	3.75984833959469
ICOS	3.75861116237999
ZNF570	3.75777933088263
JAKMIP1	3.75744173227998
FBXO8	3.75475048457684
FHL1	3.75383511248211
PXK	3.75261355956439
NOTCH2	3.7524450072719
RP11-252E2.1	3.75203496059461
THUMPD3	3.75185663274372
HSPB1	3.74924408132
FAM127B	3.74728914165745
PDP2	3.74599154191674
YES1	3.74481324245707
MYLPF	3.74453650234552
LBX2	3.74319282593315
THRAP3	3.74222520779671
PSMG1	3.73966014658255
ABHD15	3.73750806781421
ATP6AP1	3.73537284301529
SLC38A5	3.73276291491499
MRPL41	3.73211769635764
SLX4	3.73025893909945
COA3	3.72887578461958
ATP2A2	3.72830626163228
USP14	3.72287401551164
AMZ2	3.72242046011768
ZNF395	3.72140655324496
EGR2	3.71975808510945
SLC12A5	3.71947558499305
NME6	3.71879798397349
TMED2	3.71679702991462
CBLB	3.71220826636882
PON2	3.70978057999093
GOLGA6L4	3.70892397513015
ARHGAP9	3.70569021943009
TYW3	3.70560433048418
UBE2N	3.7053350074448
PRKAB1	3.7019697195235
HK1	3.70163407400931
PSMA3	3.69603532950689
AKAP13	3.69590485101312
SYNGR2	3.69067903358645
MTFP1	3.68851935090658
SLC2A1	3.68717646730076
SSBP4	3.68481918588685
NOP14-AS1	3.68172058694821
C9orf16	3.68069579726718
UBC	3.67895449330607
PRKCD	3.67826037114786
CD1C	3.67777908723762
DCTN5	3.67341266408922
SLC11A2	3.67337926655857
PRDX6	3.67325377096541
TSPAN17	3.67062413887268
TIRAP	3.66838971008763
ZMAT5	3.66754375294066
ABCA1	3.6668262166384
TAF13	3.66603469048597
E2F6	3.6659319083386
LINC01132	3.66059571508531
AC006129.4	3.65960527831414
KIAA1324	3.65954868788942
SEL1L3	3.65947054093771
RRAS	3.65782976160645
CD93	3.65450767983822
LOXL1-AS1	3.65405863996881
TLE6	3.65333875382818
STARD9	3.65279377613024
ADARB1	3.65213800699077
HMHB1	3.64943059822375
SLC37A1	3.6426058959327
MTX2	3.63862386083988
PHYH	3.63856425641348
MSI2	3.63834419956831
CLTC	3.63768650773548
ASCC1	3.6356006677892
CERS2	3.63513991380155
ELK1	3.63424395270408
NHP2	3.63319422612063
POLR3K	3.63230493260939
UBB	3.63220758069305
IFT27	3.62906424915265
FN1	3.62619285517428
DNAJC17	3.62503715414595
GNE	3.62490671177672
BATF3	3.6215589002857
LINC00998	3.61886688372035
TEX264	3.6169792452176
B3GALT4	3.61627336962332
IFIT1	3.61366457570361
BDP1	3.61278665883996
CHRNE	3.61009241313571
C1orf159	3.60999748585004
PCGF5	3.60743353976059
ALDH2	3.60552854091192
C12orf68	3.60150826684866
YWHAQ	3.6009010759263
GSTA4	3.59735909391363
CNPY4	3.5970499921732
HRH1	3.5951341710681
PSMC4	3.59272026970945
DPY30	3.59121667486714
LPAR2	3.58922193429074
VPS35	3.58631014941815
NCOA1	3.5857312308356
HMCES	3.58359729149087
CMIP	3.58341703445966
MGST3	3.58309882627172
POLR2L	3.58198930039113
C10orf128	3.58187515104628
SRA1	3.58149932354689
SNHG12	3.58109295935759
MRPL24	3.57811710743528
TIMM10	3.57758043846867
A1BG	3.57737404180906
RP11-213H15.1	3.57696539903326
GPC1	3.57696012710375
C19orf33	3.57670257064765
SCP2	3.57580033774136
COX8A	3.57387402646256
IFI27	3.57333841156185
AC195454.1	3.57261482555097
ALG3	3.57224986064507
TET2-AS1	3.56738019650151
HSPE1	3.56734797930179
IL1RAP	3.56645463934866
SH3PXD2A	3.56495387290229
ABCB8	3.56440805983873
AGPAT6	3.56431398856805
DYNC1H1	3.56429542097234
CDK9	3.56024946047504
STX3	3.56012615940968
NDUFS4	3.56000583003216
RNASE1	3.55956459602765
MRPS18A	3.55955452465051
MDFIC	3.55904808702336
NARF	3.5546521273728
ETS2	3.55213012569907
ACER3	3.55185022426268
BRSK1	3.5507605237435
SSFA2	3.54746575904229
C5orf15	3.54538866451303
TM9SF1	3.54516284639431
DDIT3	3.53745050229401
RBBP9	3.53724236146737
PRRG4	3.53578634518505
MBD2	3.53563796593283
C1QA	3.53538132138475
LAMTOR2	3.53386144748144
MTMR2	3.53269268096397
WDR46	3.53238384881654
SLC35C1	3.53203748674873
UBE2Z	3.53165211061592
PTGFRN	3.52882781250351
LRRC16B	3.52873370798073
FAM212A	3.52619148552806
MRPL47	3.52517307055156
PSEN1	3.52514716174963
MRGBP	3.52468066499132
NRAS	3.52268947212952
MPZL3	3.52136985358366
HNRNPA3	3.52103508449841
MT1G	3.52027955146109
PPP1R16A	3.51986208877298
SRD5A1	3.51980000952979
NFKB2	3.51901227151718
ZNF469	3.51567423670136
ZFYVE1	3.51493415685777
MFSD11	3.51337590252456
NFKBIA	3.51109775372535
RRP15	3.51069901738591
SCO2	3.50987552199176
CXorf57	3.50627468884686
MRPS34	3.50585794957116
RAC3	3.50503413617403
NDRG1	3.50354574029818
TMEM14C	3.50273622522877
INO80C	3.50245458109479
CCR8	3.50223968546405
RASAL1	3.50173220466599
NTMT1	3.50113053414032
EIF3J	3.49898511972904
UGCG	3.49893308820514
LACC1	3.49682793520381
CHSY1	3.49366149922799
HSPA2	3.49143115543383
TBK1	3.49134767665264
B9D2	3.49046375525462
CCT6A	3.48964253075217
MIIP	3.4871630457914
NKIRAS2	3.48474341737357
NF2	3.48461790135823
DOCK10	3.48345885553491
MRPL51	3.48256057861945
VSIG10L	3.48221998495846
DNAJB11	3.48069268224648
PLXNA3	3.47465308160328
NOC4L	3.47325358842055
CTIF	3.47305343296712
CHRNB1	3.46732057250778
TM4SF5	3.46617469112059
CCDC86	3.46441547759513
TXNRD1	3.46207794156631
CPNE5	3.46168161573692
WBSCR22	3.46102779233423
C1QB	3.45838448434395
MESDC2	3.45605471769006
FKBPL	3.45494820004883
FKBP1C	3.45401569398915
SIT1	3.45357555845599
STARD13	3.45292261744711
NINJ2	3.45060858585046
PRDX3	3.44824539028889
BZW1	3.44615998823159
MAN2A2	3.44608603465418
UNC119	3.4443913336927
SLC35E3	3.44351289044191
LPIN2	3.44315931180418
PEX2	3.4424391061297
FAM83H	3.44233728666429
POP7	3.44021856025612
F11R	3.43821793109908
SH3TC1	3.43791352311187
ITM2A	3.43670174637011
COPE	3.43561354342999
AC008440.10	3.43431644295658
FAM120A	3.43358886154532
CACYBP	3.43352297807569
CXorf40B	3.433224710493
CTSH	3.42815195995638
GRPEL1	3.42591399840429
PQLC2	3.42554140246232
MAGED1	3.42473921040383
ALDOA	3.42385183024995
DNAJC3	3.42323523918716
PAQR4	3.42271384001893
SLC19A1	3.42254189288122
MAST2	3.42241836352481
OSTC	3.42147562186885
MRPL14	3.4212402050665
GPRIN3	3.42110567822235
ZFYVE28	3.42068110576698
VGLL4	3.41971345850898
FAM63A	3.41938519174361
PCAT6	3.41926458838115
TICAM2	3.41878022798096
FOSL1	3.41533809226125
PTPRM	3.41506779674636
LSM6	3.41448260317813
RASD1	3.41390817937609
PTTG1IP	3.40979454135189
RP11-809O17.1	3.40950513926005
PSAP	3.4091356638997
CLDN7	3.40881520986547
RP4-784A16.5	3.40720762404864
SIGLEC12	3.40621922926601
IRF5	3.40610398496877
TOLLIP	3.4025426555609
PHB	3.40219344094696
EDNRB	3.4009090657415
ZNF593	3.39603911344037
UBE2E3	3.39570664346841
CMPK1	3.39502753161888
SAR1A	3.39354163495179
FBXO45	3.39147119181559
MANEA	3.3878275212722
TRIB3	3.386713655047
GALNT10	3.38643428111887
RAB18	3.38614351150496
SMOX	3.38535455236367
NDUFS6	3.38526453294992
SZRD1	3.38520089849533
ZDHHC23	3.3839332833061
CRIP1	3.38297176333495
NDUFS8	3.3815189425659
NR4A3	3.37926477493779
COPB2	3.37901592297516
RHOF	3.37835859871993
HS3ST1	3.37378227734537
TWSG1	3.37277721868943
VPS37B	3.37231320453994
CDCA4	3.37045669610821
FPGS	3.3677234869673
PLXNA1	3.36709034955001
RP11-90D4.3	3.36440538278604
TMED8	3.36162201739607
TCEB1	3.3610530128512
ARF6	3.35419543114887
NEDD4	3.35354506024652
GPX1	3.35304156874588
CXCR1	3.35189540763278
STX4	3.35148540433854
DYNC1LI2	3.34802983285906
PSMB7	3.34723375045939
JUND	3.34617664436655
SNRPD1	3.34613433340837
MAGIX	3.34516285092661
TBC1D4	3.34390534194685
TIMM17B	3.34166376835268
IL18R1	3.34093596074973
GPRIN1	3.33830712398211
SFT2D2	3.33821406917723
RP1-207H1.3	3.33737490040433
VKORC1	3.33290629851374
TOR1A	3.3317435272022
PTGS1	3.32773736261647
LRTOMT	3.32580650944086
ADI1	3.32513944640113
IGF2R	3.3248320297951
DBN1	3.32461136631361
LETM2	3.32318123799655
UBE2W	3.32315597514459
COX5A	3.32200671031567
RP11-42I10.1	3.31992113964415
COPZ1	3.3190166872424
JAZF1	3.31748936657781
PEF1	3.31645167320803
HPGD	3.31634787626039
SHISA5	3.31431584214837
HEG1	3.31408992013662
FEM1C	3.313566990209
CASP7	3.31348727390952
EOGT	3.31300139600307
FADS1	3.3122882141335
ACADM	3.30994710905455
AP003774.1	3.30632279764613
SFTPD	3.30252766710125
PIN1	3.29895243219567
GPR161	3.29860987434332
ADAP1	3.29675797424435
GOLT1B	3.29585710499285
YIPF1	3.29402911149702
CCBL2	3.29374255324326
CD3D	3.29144688089053
CPNE3	3.28986497754237
ALG1	3.28837294619522
RP11-345J4.5	3.28764936606663
C1QC	3.28477379521743
SCAMP3	3.28246827167563
SLC37A4	3.28243229909198
ZNF184	3.28241828436364
CENPB	3.28150219604833
CCDC12	3.27993473398688
RNF32	3.27953915689437
C15orf57	3.27930704394747
ZNF613	3.27803337764074
PELI3	3.27509024810431
CRAT	3.27452920293146
PYCR1	3.27166461340485
CIITA	3.2711989443106
RHOD	3.26851021789436
CYP51A1	3.26800710494129
ADRB2	3.26605686965539
AIP	3.26426813722813
UBE3C	3.26389533689778
SNX10	3.26328176021636
TSPO	3.26289323460672
ILF2	3.2620043831646
NDUFAF5	3.26175504370427
UBALD2	3.26049562274911
KIAA1217	3.25427386056473
NACC1	3.25084638730697
HYAL2	3.24869630602446
DIAPH1	3.24738388203088
WSB2	3.24713064633388
ZNF382	3.24503605846001
NHP2L1	3.24487104768551
FYTTD1	3.2423553847239
YEATS2	3.24187720016247
GEMIN7	3.2416937260801
KATNBL1	3.23939980006137
WARS	3.23901492407569
NUP188	3.23802700197402
SLA	3.23737389768876
ZBED6CL	3.23671640804851
RNF103	3.23618151894992
SLC16A13	3.2355331754371
FAS	3.23515597781983
PTRF	3.22871425746066
DLG4	3.22840679002877
EAF1	3.22746874082146
NIPA2	3.22656350152941
CFL1	3.22493366820495
IMPAD1	3.22424475573102
XAF1	3.22387493602192
SUOX	3.2237026041399
OPLAH	3.22170437445345
HSP90B1	3.22104197142776
TMEM242	3.22046918520474
IFNL1	3.22018116021821
ABHD2	3.21531895879602
SPIRE1	3.21460334571464
SCYL1	3.21345199467756
MRPS23	3.21276732563594
RHBDD3	3.21231226755597
ACTG2	3.21099731300943
MORF4L1	3.20989433803393
FGD2	3.20773408520791
DDOST	3.20698972724999
DOT1L	3.20597811545336
UCP2	3.2035150503308
TMEM107	3.20320641893275
SEC23B	3.20246653029684
DPH3	3.19990884363154
MRPL13	3.19963887664334
ANKRD6	3.19870457142315
BDH2	3.197728762921
IL21R	3.19751566287404
RDH11	3.19587112745107
STT3A	3.19567423231321
MYRF	3.19561740841291
CMC2	3.19454094847907
ZBTB32	3.19367337915034
ARAP2	3.1936244700872
KLF4	3.19321962066238
TGFBI	3.19232841873479
TRIP4	3.18821394228763
FUT11	3.1869668103632
PTPLAD1	3.18691873808509
RP5-940J5.9	3.18075108903401
HTRA2	3.1786501408311
BNIP3L	3.17775945785106
FAM46C	3.17761749413357
BYSL	3.17521105199511
KEAP1	3.17461257048255
CASP1	3.1732072927335
KCNK6	3.17111018432883
OS9	3.17078606347738
NUP37	3.16981282412196
MLLT4	3.16914994878118
ME3	3.16897404856113
CIAO1	3.16890292703176
POLR1C	3.16820433528953
PHLPP2	3.16790202776457
DNAJB5	3.16764006379732
POLR2E	3.16759318320989
NT5C3B	3.16695756304989
WDR13	3.1666178533205
ACP6	3.16637787406879
SMIM13	3.16310730204315
RP11-356I2.1	3.16020780072633
RNF7	3.15906933163357
VCP	3.15824489764407
MAP1LC3A	3.15812189049582
PSMD13	3.15809958438031
G0S2	3.15739031605111
ABT1	3.15543141961386
HK2	3.15507885393477
SLC25A12	3.15484921335071
C17orf75	3.15262546135928
C7orf50	3.15195521685476
C7orf72	3.15135251278426
FASN	3.14969092685124
SRSF2	3.14807446134056
TMEM258	3.14631598101273
PLA2G15	3.14623531757465
DNM1L	3.14618797674336
ZBP1	3.14583402909811
FBXL8	3.14516828620596
AKT1	3.14246534145825
SLC25A44	3.14229089187747
MBOAT1	3.14119397608823
DERL2	3.13961148060732
WNK1	3.13535342126057
GPNMB	3.13456058445664
PPP2R4	3.13366403552059
CTB-58E17.1	3.13314252246113
RABGGTB	3.13184868307918
TGFBR1	3.13115052787796
TRIP6	3.12862563256044
SETD7	3.12700019154241
WRB	3.12679314567194
LSP1	3.12656801139998
CBX8	3.1253158002827
TSHZ3	3.12485704062994
TIPRL	3.12482874472476
CD27	3.12455599699166
FUCA1	3.12274467683576
FARSB	3.1224673459782
MSANTD4	3.12151205008782
PROS1	3.12130219763577
ARL13B	3.12084040941585
MLF2	3.11958981851648
ZCCHC6	3.11770519049957
SPCS2	3.11675009077105
AC011043.1	3.11644292636426
RILP	3.11452232552811
EIF1AX	3.11350642618718
KBTBD2	3.1130029742041
RABEP2	3.11141906987257
WLS	3.11112580490023
C15orf39	3.11051349762185
PMCH	3.10871689363726
AC006942.4	3.10603156316265
FIG4	3.10582738833759
B2M	3.1038777057933
RP11-14N7.2	3.0983289233844
SAMD9	3.09809337048595
TULP3	3.09710220995601
SLC43A3	3.09539855436628
LANCL3	3.09224226488545
TOR4A	3.09105392116302
STARD3	3.09103496182157
FAF1	3.0872465433969
SEC14L1	3.0859271251997
JMJD6	3.08505280234831
TOMM5	3.08451007497356
TICAM1	3.08355025922252
CAMTA2	3.08243615076578
SERF2	3.08223904180728
NFIL3	3.08144528801215
DAG1	3.07974201718043
MRPL50	3.07937343787297
SNX15	3.07899917131474
LINC00309	3.07893381040928
ACOT11	3.07840189456202
CHCHD1	3.07721587715993
UBE2B	3.07697022556932
RBMS1	3.07534832619967
KLHDC7B	3.07494039715873
PLIN2	3.07467115929136
OTUD5	3.07416576915517
ACTL6A	3.07327380905974
TCEB2	3.0728620207704
RARS	3.07280217473397
CDK2AP2	3.07180195637659
RHBDF2	3.07083723698309
TMEM217	3.06814886126483
IQCG	3.06745758618094
GFI1	3.0674424770467
TINF2	3.0627326584244
VAV2	3.06259839409273
TYW5	3.05977523745441
SLC25A39	3.0577280760995
C20orf194	3.05592332563
ATP5J	3.05483648730109
MED8	3.05148274289253
PITPNA	3.04953663191431
PSMD9	3.04937112938723
CAAP1	3.04870411113145
SNRPA1	3.04821418131918
SLC36A4	3.04768021173994
PRDM4	3.0468250653288
MFSD1	3.04656852304584
SLC35B4	3.04535995212117
MRPL18	3.04442952748094
ATP5G3	3.04335806908985
DDHD2	3.04227279332239
SRPR	3.03411357877849
SRF	3.03267289402212
RP11-456H18.2	3.03262913362102
RIT1	3.03098963030552
MVD	3.02986044503418
MIR22HG	3.02835673428618
MYCBP2-AS1	3.02831504843716
RAB19	3.02786161899814
MAN2B1	3.02715901140439
CMC1	3.02638090385916
GOT1	3.02629107868853
ADPRH	3.02308463782525
KLHL35	3.0230320415663
TIMP4	3.0207998883672
CCDC88A	3.02027638989335
ISOC2	3.01873440624735
CATSPER1	3.01609594936646
C1orf122	3.01596171337215
CDS2	3.01587944004678
DCUN1D5	3.01570747988602
JAK3	3.01550822945876
SNX5	3.01454400311576
SLC41A1	3.01155866756734
DPAGT1	3.01113158314112
TMF1	3.0106740068549
APPL1	3.00957941025743
PPCDC	3.00883239265333
RP11-58E21.3	3.00880694899053
HOPX	3.00752747996256
LINC00299	3.00724472771653
CDC27	3.00690486347316
NRSN2	3.00459076936722
TOR1B	3.00373047477845
ZNF600	3.00346742513302
XPR1	3.00264161756027
CYTIP	3.00165544047528
NPEPL1	3.00084497636767
MTHFD1	3.00024924335522
SQRDL	2.9967652202834
CDK14	2.99587993388874
SLC29A1	2.99351777062587
ALAS1	2.99335237339499
MAK	2.9921051699529
LRRFIP1	2.99179185151669
ZBTB7B	2.99164918068714
RASSF2	2.98796363179146
SPR	2.9841479259937
SAE1	2.98368991363249
ITGA4	2.98174676884615
LEPR	2.98155836611374
ANKRD10	2.98057522398436
KIAA0513	2.97916698190847
MOB1B	2.97910431490259
TCF4	2.97901675857455
CCDC90B	2.97889905436444
PSMB2	2.97723141074291
APOA1BP	2.97521901049215
PCBP4	2.97478675346487
LRP11	2.97437468447289
SLFN12	2.97433932001909
ADPRHL2	2.97248238631735
TREX1	2.97182591643835
RNF41	2.97061131168094
EFTUD1	2.97036568560976
VASH1	2.96916754812738
REEP2	2.96837408874878
TLDC1	2.96684858814687
VEGFA	2.96684272995106
RQCD1	2.96654034656716
SUGT1	2.96600922709606
ENSA	2.96502750979953
DCPS	2.96239826974202
DOLK	2.96128980643658
CXorf40A	2.95999683893436
PDAP1	2.95969340848044
DVL3	2.95919453125423
EYA3	2.95629017902188
IER3IP1-1	2.95615028318067
SRP54	2.9525367869615
RAD50	2.95208783428969
CCDC6	2.95091507223894
CISD2	2.95030868834686
FAM122C	2.94875569901057
MAP3K6	2.94424638276009
LAMB3	2.94343783511416
EVC	2.93570821066023
EPS15	2.93553249922421
ANKDD1A	2.93470474954581
PTP4A1	2.93200373125634
MTMR6	2.93100208908301
MAEA	2.93098216421064
DLGAP4	2.92907950219595
XPNPEP1	2.92734664982227
KIF5C	2.92725948780134
TFPT	2.92629424045581
UTP11L	2.92440433398384
THAP8	2.92394712343488
PRR5L	2.92355609450033
PLEC	2.92302915593017
ZMAT2	2.92134492815281
PLA2G4C	2.92130046150308
ADORA2A	2.92046649662324
CTC-459F4.3	2.92038217177602
AC003102.3	2.91489498304732
ATP6V1A	2.91279500156203
BTF3L4	2.912441291464
TMEM87B	2.91169973573052
RFTN1	2.91078076204231
ZBED4	2.91004595445807
VAMP3	2.90972145484138
CLIP1	2.90951384206793
SSNA1	2.90945719516695
COL4A3BP	2.90854885990143
COPB1	2.90505254193407
C16orf87	2.90487371653637
UBE2L3	2.90445796347638
PSMD3	2.90366807941722
HUWE1	2.90347932592109
ATHL1	2.90309966617172
SYT4	2.90107094772998
SIL1	2.90068833327254
RAP2C	2.90018346565554
LSM10	2.89974133037788
C11orf80	2.89945715573447
TESK1	2.8989036483665
LAMTOR3	2.89796083482188
ACBD5	2.89719543606486
RAPGEF1	2.89678083128392
VWA7	2.89501263592597
BTBD10	2.89201665961106
GPR107	2.89129060305456
RBM18	2.8908812205745
RRP12	2.89070123098063
ICAM3	2.88662194868206
GPR137B	2.8850886103309
PLCD3	2.88479409849273
AC147651.4	2.884344122313
WDFY2	2.88413889399828
TMEM87A	2.8811150403157
FAM49B	2.88088679115655
GFPT1	2.8808472686669
MRPL16	2.8799668840227
NBEAL2	2.87916577437008
TFG	2.87882262694255
MRPL40	2.8785216432553
TMEM121	2.87851722292511
FOXB1	2.87719819532519
RANBP1	2.87612924163238
USP12	2.87360384731414
METAP1	2.87169138576566
SLC26A4-AS1	2.87081618158403
PBXIP1	2.87059883814406
SPRYD7	2.87027922599253
CCL2	2.86992976006157
HMOX2	2.86972962225684
SMARCB1	2.86954156048077
EMD	2.86904071804879
RHNO1	2.86845040000234
BUD31	2.86375878702089
HSPA6	2.85977704654948
ENY2	2.85580948253124
WNT9A	2.85329943797736
RMDN3	2.85264701099774
ABCD4	2.85016950441546
GTPBP4	2.84731447415827
SPIN4	2.84627031050776
PGLYRP2	2.84390171406158
MUL1	2.8426621283072
SRSF7	2.84015788195256
TRNAU1AP	2.84011078158032
IL1RL2	2.83690121671186
ACSS2	2.83560065933438
NKG7	2.83227511128255
ZFR2	2.829754655641
TTI2	2.82930228679674
PNPLA6	2.82861009807885
C3orf18	2.82745317561241
PROB1	2.82710790017646
OSBPL3	2.82649374285437
PANK3	2.82627482075728
FAM103A1	2.82561739282586
ATP5E	2.82560878574497
FLT1	2.82507950561674
RIC8A	2.82441096645872
VPS54	2.82409935589111
DPP3	2.82403405922497
MIB1	2.82387797428806
MEF2D	2.82297959801326
PTPN11	2.82213505530163
TAPBP	2.8220927562008
BBS7	2.82170937333043
ZNF880	2.82066440473055
LATS2	2.82043580060615
HMOX1	2.81969712956841
RP11-160O5.1	2.81591151945612
PARK7	2.81521027508247
C6orf89	2.81413420434736
KCNC3	2.81150987190563
ZNF764	2.81119352183315
ATXN7L3	2.80975274146538
PPOX	2.80960907919199
ENDOV	2.80849105402339
SLC35D2	2.80756306473365
NFU1	2.80728018517446
STAMBPL1	2.80719324986287
EDEM1	2.80714403202799
SOCS3	2.80664810865569
SLC25A11	2.80603691667314
PUF60	2.80457042344132
STARD4	2.80417463107124
NEIL1	2.80263321061423
TJP2	2.80119668473323
UBL5	2.80086975746066
NELL2	2.80018490015868
GPN1	2.8001552385217
CEP112	2.80003137039503
FICD	2.79781415652663
GCA	2.79738092746748
PPM1G	2.79696906035729
ZACN	2.79575803842669
UBE2K	2.79541882145402
FAM35A	2.79398859936812
TMEM9B	2.79396092939857
TADA3	2.79373936945586
DOCK5	2.79207814112795
SERHL2	2.79188290286012
RNPS1	2.78836949149365
BMP2K	2.78804193479678
ERO1L	2.78744367097398
GNA12	2.78521299329997
FARSA	2.78438637903362
HDDC3	2.78400284939474
C20orf201	2.78391827701742
PFDN6	2.78376979742005
CEP85	2.78305232289216
NME1	2.78268962130252
COPG2	2.78239010213886
ZSCAN9	2.78185946867968
TRPV2	2.78184705989596
TMED7	2.78110892941396
TMEM141	2.78092492043007
GNB1	2.78066807385615
KATNB1	2.77922772508467
UXS1	2.77909507124676
TDRKH	2.77729437738831
ZFAND6	2.77702009288964
PANX1	2.77660974586648
RBKS	2.77646685526934
NOL7	2.77343740184173
BZRAP1	2.77335240372953
DCUN1D3	2.77324227934187
TRIM54	2.77177996020622
IKBKG	2.77032045000355
SDF4	2.7663514645845
FBXO38	2.76472846735544
SEC24A	2.76291137835843
CYB561D2	2.76201232752691
RFC2	2.75927563047507
SSBP1	2.75865201542928
TRAPPC1	2.75689230810918
KRR1	2.75503659232416
CALM1	2.7547286358791
GBA	2.75294825659338
OPTN	2.74829188746595
LRFN4	2.74805858350635
NRP1	2.74579862836401
PLAGL1	2.74276200217992
TMEM216	2.74234198131329
ATRAID	2.74078580503835
S100B	2.74063319284443
CD40LG	2.73838968540577
SNX24	2.73792868317414
RP6-99M1.2	2.73783266004965
PPDPF	2.73740049843534
KIAA0040	2.73698227705661
PIGF	2.73696192001972
MEI1	2.73634946796791
B4GALT7	2.73399098419202
DPH2	2.73353963928257
TOR1AIP1	2.73265591513329
MST1R	2.73187883852216
HHEX	2.73009486939135
LINC00116	2.72617658928067
FBXO36	2.7260479822647
ZNF513	2.72515256754176
IPO11	2.72418808199626
CGA	2.7231795712427
MAPK1IP1L	2.72289511040137
PFN1	2.72201874477832
AC007228.9	2.72169868734248
SOCS1	2.72138329266448
CBR1	2.72092368094097
ZNF259	2.71770228104413
MLH1	2.7168116499915
UCKL1	2.71623777456779
FGFRL1	2.71550509752029
DUSP6	2.71272314495706
MED20	2.71192377075072
FAM86A	2.71039092293489
ECSCR	2.7100420005478
LRSAM1	2.70925582764211
CYB5B	2.70907522573405
KLHL2	2.70641188893414
PHF13	2.70599984086369
MICALCL	2.70554698220236
LINC00422	2.7044359587623
ADAM8	2.70307604715066
DGCR6	2.70232034826773
GDPGP1	2.70198553175351
GLRX3	2.7008372281109
AL163953.3	2.70012883362853
MINPP1	2.69967382041816
NDUFS5	2.69901029970565
TAPBPL	2.69852323066137
NUDT8	2.6977680721854
ATP6V0C	2.69711947682915
RNF167	2.69706955220858
FOSB	2.69598985324229
MED11	2.69467167756865
OGN	2.69462340562697
TPD52L2	2.69461298768078
PPP2CB	2.69398406826365
RAPH1	2.69341528380924
ZDHHC11B	2.692149279208
DNAJC1	2.69137359308082
RAB2A	2.69049333561801
FCGR3A	2.68946062229122
TTC33	2.68914948658259
KCTD11	2.68698234931894
CMTM1	2.68542349546739
CD33	2.68530605057415
SEMA7A	2.68513591108945
RP11-539L10.2	2.68459709378329
TPM1	2.67536899974443
C2orf43	2.67386525669589
TNIP2	2.67320252562019
CD27-AS1	2.6728375700869
ACTB	2.67149859266784
PITPNM1	2.66931825946263
WNT10A	2.66576076461075
WDR60	2.66538327090192
KB-1732A1.1	2.66502851693781
PRSS21	2.66177344407297
ARHGEF35	2.65963396615501
HRAS	2.65592421765217
CLCC1	2.65573490441821
JAKMIP2	2.65568363715145
TUBB4B	2.65344250556201
GTF2H5	2.65342280611943
LAMTOR1	2.65276587698694
RP11-496I9.1	2.65255137196836
LGALS3BP	2.65253648789411
CERS4	2.65120541455246
ZNF330	2.65072369182463
SLC27A3	2.64979629892487
FAM104A	2.64959106055933
CLEC5A	2.6492886194455
RP11-1348G14.4	2.64795846892413
PSMA5	2.6474706584929
AAMDC	2.64610077144589
GADD45B	2.64589463392946
HMGCR	2.6456174328224
ZNF225	2.64561215017728
SLIRP	2.64514156706001
PAK1	2.64512245048761
AC009948.5	2.64447687493017
PSENEN	2.6434539316382
S100A5	2.64324585311799
NFKBIL1	2.64324165305895
COMMD4	2.64254833019475
ZNFX1	2.64189831282817
XPO5	2.64181082100528
AC116366.5	2.64116106889199
PTPRC	2.64106222163031
CFLAR	2.64103523114484
TOR1AIP2	2.64089943211717
LEO1	2.64089613405175
CUL7	2.64021467536956
ITGAE	2.6401980749747
PIGU	2.63981109718916
ANAPC11	2.63942307366576
ZNF790	2.636378247993
MAP1LC3B	2.63350386396011
FAM178A	2.63341843610199
CUTA	2.63211934794199
SOX4	2.63065756572218
PAFAH1B1	2.63062606890913
HCCS	2.62990579896967
DGKE	2.6276569716299
IRF2BPL	2.62607086848042
DPM1	2.62577844888581
ADC	2.62279373140973
GPR183	2.6223129334008
EIF5B	2.62122004855053
SRFBP1	2.61991979707192
C1GALT1	2.61991890252908
HECTD2	2.61912725740443
TTC26	2.61891557624161
L1CAM	2.61702632180245
TBC1D16	2.61664132245307
SNX6	2.6160562362715
XRN2	2.61035994301131
EXOC5	2.60959610510217
FLYWCH2	2.60905153396932
FN3KRP	2.6050883840461
FAM136A	2.60451177162278
PPP2R2B	2.6029424414702
NAPA	2.60244220329595
COPS7A	2.60143202482037
TFEB	2.60115770713933
MRPL4	2.59882494766965
HSD17B12	2.59867040349473
ASMT	2.59527173058005
RABL5	2.5929392251942
SNX33	2.59175528061853
SFT2D1	2.59160706804953
TDG	2.59116524722976
FARS2	2.58961439605062
SLC39A14	2.58945699743857
SNRPD3	2.58901869458946
SNAP23	2.58896008183601
SNRPG	2.58849719123069
LZTS1	2.5849887181649
ZNF71	2.58155145113774
ZNF268	2.5811804205842
HSPA5	2.58114541372304
PITRM1	2.58078573393277
ABR	2.58057289817592
DHRS4	2.57920916973124
FKBP4	2.57898121485746
LARP1B	2.57889135162899
PCOLCE	2.57872708625986
MAGED2	2.57784368537075
HYOU1	2.57403291732522
VPS16	2.57365618799321
MOCS3	2.57345427147839
DAGLA	2.57342827235689
TMEM33	2.57325682456861
ANGPTL4	2.57084027489844
PPP1R11	2.57054678977265
SLC2A8	2.57043730369057
ANXA6	2.5698623884673
RP11-161M6.2	2.56757277392665
SDF2L1	2.56526698028306
HEATR5A	2.56171480252406
RGS10	2.56007048864943
KIAA0930	2.55933659726047
TESC	2.55589825741091
PDHA1	2.5543132976303
PLXDC2	2.5541058207287
ARPC2	2.55382240256256
TMED4	2.55248913134822
SERINC3	2.55001279543237
TMTC1	2.5476560832709
EMB	2.54716891000628
FAM65A	2.54662239025317
DYNLL1-AS1	2.54568121618046
DIMT1	2.54512426422558
TBC1D9B	2.54389063156179
NCOR1	2.54262030277397
PPP4R1L	2.5425325583427
HN1L	2.53983773867938
SAP30	2.53801109716217
AC092580.4	2.53734573587256
EBNA1BP2	2.53371336043624
SLC30A6	2.53316113577262
MAPK6	2.53306533913105
ELOF1	2.53305202740109
PNPT1	2.53287963997307
UCK2	2.53272119691513
GOLGA3	2.53189120139703
ANKRD12	2.53112061116642
FADS2	2.52906032605315
PLA2G2C	2.52768300415581
ELMOD2	2.52215253455068
SLC1A4	2.5221189500081
TET3	2.52154707220594
C11orf63	2.52103080666067
TTYH3	2.51999566039684
ABCA3	2.5181057567093
GALM	2.51806942697463
LBX2-AS1	2.51661717815023
CTA-384D8.34	2.51476322661216
BCS1L	2.5143122021537
PEX10	2.51331400625673
SNX17	2.51156494974969
NEDD8	2.51149488885671
RNF121	2.51145249280813
SEP15	2.51070163812595
AUP1	2.5077031572823
TRAF2	2.50715621779004
CXCL10	2.50693267462566
CTHRC1	2.50611082985759
CACFD1	2.50554926260014
SLC30A1	2.50482693436519
ROCK1	2.50432996309032
SLC25A43	2.50289575553072
MT1A	2.50267256335205
TRIM3	2.50229797921915
SV2A	2.50229648424301
ORMDL3	2.49924637866457
IFNG	2.49873972900927
PIM2	2.4966437306728
AC011526.1	2.49546327626255
UNC45A	2.49358931087193
VPS37A	2.49331521546889
NAP1L5	2.49284836381211
MPDU1	2.49108826281394
RP11-138I1.4	2.48928121821781
AAAS	2.48757328429579
TBC1D15	2.48425007504647
AAGAB	2.48225727157758
DAD1	2.48216750150658
STPG1	2.48178637526168
SMG9	2.48009861558354
VPS29	2.47926232153388
DCUN1D1	2.47912098771845
RNF19B	2.47800870635278
DLG3	2.47777697292312
ABCF1	2.47657836613845
MGAT2	2.47638786168925
COPS6	2.47544957236127
ANKRD52	2.47472447723852
EPS8L1	2.47449983364692
DIABLO	2.47414325973102
TMEM55A	2.47348478631008
FAM89B	2.47245176960018
SMYD3	2.47144275274804
HIST1H3F	2.47102409246911
DHRS12	2.46880992103154
UQCRQ	2.46778425841876
ARF3	2.4655123669413
C10orf35	2.46533662624915
RAB35	2.46435138065683
ZCRB1	2.46333402419871
LRRCC1	2.462140063301
EFTUD2	2.46199030311734
STX6	2.46193520244666
HERC6	2.45754206084336
ENOPH1	2.45712641901027
MPV17	2.45625368432509
ARL8A	2.45557443078624
FAM53B	2.45411217159683
PAM16	2.45330893392506
ETV6	2.45231916594354
TMPRSS3	2.45072520085291
STK39	2.45041784890516
OAZ1	2.44869261821082
DPY19L4	2.44833632088278
PPP2R1A	2.44813579971435
TTF2	2.44729186347193
IER3	2.44701727979203
PML	2.44561889685564
P4HB	2.44500832023152
ERF	2.44498455664929
LPP-AS2	2.44286088947974
MRPL27	2.44261779748554
DNAJC21	2.44045605428447
SMC3	2.44025433612383
MRPS12	2.44025000378365
CPEB2	2.43996883933797
HSCB	2.43739212570333
PHTF1	2.43606385947198
SF3B4	2.4356687873767
TRIM37	2.43493110048183
LILRB3	2.43235832790398
STRA13	2.42982724604825
PREB	2.42910864987925
FILIP1L	2.42753917298158
RP11-661A12.5	2.42707245812337
GRPEL2	2.42563149312263
ARHGAP11B	2.42515759329107
SAP18	2.42459661177852
LILRA6	2.42343178941439
METTL5	2.42281207426729
FBXO7	2.42250817547115
AACS	2.42163832285422
GRAMD1B	2.42142614344971
RPH3AL	2.42107157559279
B3GALTL	2.4208060059714
RAB7A	2.4205921161173
TMEM185B	2.42058796875974
SUB1	2.41750673370246
MRPS7	2.41554480694716
ABCG1	2.41536506174475
ST6GALNAC6	2.41411515118099
AC079922.3	2.41373766716975
NABP2	2.41344051056567
RP2	2.41192815623307
FABP5	2.41173288647512
MRPS21	2.41166875488068
PGAM4	2.41096168132688
SLC22A18	2.41058949972693
EFCAB14	2.41002506849669
FAM114A2	2.40957576004081
DBI	2.40750950492326
TPRG1	2.40665434903566
PDZD11	2.40530614318411
TRPC4AP	2.40515880463201
C14orf79	2.40390106549628
HOOK2	2.40377991943022
FLT3	2.40372720803113
QSOX2	2.4027963448868
ABI1	2.40095408096262
FCER1A	2.39997219877133
VARS	2.39924358445118
HDX	2.39903168486893
TMEM106C	2.39494221767891
LSM2	2.3949061447334
MFAP1	2.39456807428565
CNNM4	2.39327366667035
RAB22A	2.3920425215276
FAM41C	2.39128088092707
HAT1	2.39079359582925
RPGR	2.3877910736077
MYL5	2.38515461806067
HIST1H2BI	2.38294501965702
CIC	2.38159901610753
RBM28	2.37883277529595
CIDEB	2.37849766372209
CBWD1	2.37655438728524
IFIH1	2.37616560810833
PYCARD	2.37590721859772
SPSB2	2.37293483811016
DOK4	2.37270542829636
PTPN13	2.37268744621303
RHPN1	2.37200861785914
RELL1	2.37070743855606
KIAA0368	2.37032932009972
PLD2	2.36937063893442
PSMF1	2.3686878824969
NACC2	2.36801299604912
CD7	2.36717779369372
CD72	2.36671457911743
TRAPPC3	2.36604771221488
ZNF134	2.36563267233722
ZNF287	2.3655595929206
CCDC43	2.36521553677945
SLC29A4	2.36500063835636
PIGS	2.36457731166937
C4orf26	2.3636700191766
MKKS	2.36214866488903
PRPF4	2.3613128707306
MFSD2A	2.36122215255143
SRD5A3	2.36046945159116
AHDC1	2.36019117486235
PTCHD3P1	2.35868592854955
SRC	2.35620878594596
URM1	2.35590442727583
HNRNPDL	2.35574593504281
RSPH9	2.35521788885634
GPAT2	2.35023965414346
DCTN6	2.34892814039239
KIF1C	2.34812012670019
PEMT	2.34801747845897
LHX1	2.34759233986105
DNAJC15	2.34758619004585
AC083864.3	2.34710357706455
MPC1	2.34560400433814
RAB27B	2.34537313924824
ARSB	2.34493875889047
RAN	2.34379850934317
GHDC	2.34373231030337
CC2D1B	2.34288861589856
CDK5	2.34143066832794
FXYD2	2.34087880233087
GABARAPL1	2.33849631977483
ETF1	2.33764690443432
TOMM40L	2.33685142873809
GID8	2.33564367810882
POLR2G	2.33521630660875
DUSP18	2.33353066338251
PRELID1	2.33321443573021
RBBP8	2.33237060276943
C17orf67	2.33078372030849
RP11-49I11.1	2.33058749382547
RIBC2	2.32930705634736
LRRFIP2	2.32781869288335
SNRPE	2.32564933330027
RP11-1029J19.5	2.32537171032163
RACGAP1	2.32525663615937
CCSER2	2.32488407135651
PORCN	2.32434979458944
ATP6V0A1	2.32430988514566
ACTR1B	2.3236731986972
SP140	2.322627234474
C20orf27	2.32207046781359
MIR4435-1HG	2.32158572774405
TBL2	2.32043216896355
LTC4S	2.31768359580007
SMAD7	2.31362099787843
LFNG	2.31317237217451
SCAF1	2.3121865784358
STOML2	2.31207920960889
ASXL2	2.31203155415749
HYI	2.31174466883765
MAFK	2.31033126137528
LILRB4	2.30890071237322
NDFIP1	2.30512946330978
FBXO4	2.30474388465356
RASSF5	2.30456141327695
MAPK7	2.3044977235998
RSPRY1	2.30334519431684
TOB1	2.30298125385381
ABTB2	2.30217424663776
RP11-161M6.3	2.30050010743936
SEC16A	2.30019706247676
BTAF1	2.29975354375925
FAM131B	2.29952236043247
GPATCH2	2.29919222312827
ZNF620	2.29860550339172
ACADVL	2.29825128190306
SFXN1	2.29816331532061
RNF170	2.29702653994189
HCFC2	2.29675154805801
SOS2	2.29668900500959
MSN	2.29579424730906
AGPAT3	2.29458271950676
ISCU	2.29263833743059
COX6C	2.29139474124799
SLC25A3	2.29062004038238
ARHGEF40	2.28988706342818
NDUFB3	2.288239949191
WDR1	2.28619849203187
TRAP1	2.28602417765422
WRAP73	2.28544994205152
DAB2	2.28467971968331
DPY19L1	2.2840284376746
ZMYM6NB	2.28124705116885
POC5	2.27950467553371
KB-173C10.1	2.27868125928014
EDF1	2.2777189416997
DGUOK	2.27697172040678
SLC35A2	2.27593086957673
QTRT1	2.27527201068182
NCF1	2.27467479578359
MOCOS	2.27422174991737
NINL	2.27357624599595
BTBD6	2.27272000069622
GPSM1	2.27116668021803
APOBR	2.27053187839736
FAM211B	2.26978542878623
FEZ2	2.26831448604033
PAIP2	2.26369443164926
C9orf142	2.2633488454077
TUBG1	2.26276959277225
RRAS2	2.26203211852306
PLEK2	2.26023833282056
GNGT2	2.26019791670902
KBTBD8	2.25963933814633
AIMP2	2.25874627760652
RAB3IP	2.25716277526657
GEMIN6	2.25683345947776
PIM3	2.25645544406716
UBE2G1	2.25635544041106
FCGR2B	2.25238973579087
TIMM22	2.25159023250743
KLF8	2.25054726747456
NIPAL4	2.25052589196459
SPIN1	2.24990041357897
ZNF438	2.24922582122448
RNF14	2.2469914396043
NANP	2.24495974005964
LPCAT1	2.24479957514208
HMBS	2.24359510454065
TIMM50	2.24193748389339
SKI	2.23928613621922
MAGOHB	2.23894311081785
ZC2HC1A	2.23857419912898
MBD6	2.23651599424521
AK2	2.23553679865053
SETBP1	2.2340294577638
TMEM237	2.23290862220907
HSD17B8	2.23189568826665
ERC1	2.22845922688044
ISG20	2.22637013552953
POMGNT1	2.22583126094325
BCORL1	2.22576158224653
PRR19	2.22383463423994
CYB561	2.22298073538425
RRAGA	2.22297983035765
HMGN4	2.22264259382812
MRPS26	2.22251781892956
C1orf74	2.22179791370019
IFT122	2.21752373848502
PPIL3	2.2170350324022
TAX1BP3	2.21610221935495
MPST	2.21506236027851
PSMB9	2.21497421286109
TRIM21	2.21451123805169
MFI2	2.21334305170975
PPP3CA	2.21205831621932
MYD88	2.21171023905155
DAPK1	2.20957444898859
ZBTB6	2.20921350844094
VPS33B	2.2089567814711
PABPC1L	2.20784548576816
C1orf204	2.20692929252714
SKAP2	2.20676107111893
ECE2	2.20638367001387
STX11	2.20583508116728
WDR41	2.20487038805929
DLL3	2.20324402262075
AAED1	2.2025592476858
EFCAB4A	2.20063191913072
RP11-670E13.5	2.19965988489988
MOB1A	2.19890162339265
EXTL3	2.19838982118766
TUBB	2.1981081314389
CDC42	2.19610454858521
CCDC51	2.19590822926985
RAB34	2.19578993270729
NAP1L3	2.19572294477335
USP51	2.19571638164042
PPP1R26	2.19559028445285
NFE2L3	2.19501436311704
PRKRA	2.19323303223952
NDUFB6	2.19101321385122
GNL2	2.19083889869325
UPRT	2.1905187673799
MRPL54	2.18964890384444
GINM1	2.18909271645116
RP11-867G23.4	2.18904517863998
KSR1	2.18810892879176
CCDC40	2.18757702671102
DNAJC12	2.18751873208684
DYNC1LI1	2.18392885898201
ALDH1B1	2.18382168387258
SLC45A1	2.18359773076568
WBP11	2.18342790194747
CBWD2	2.1827403005761
MCOLN1	2.18054819182597
RTCA	2.17930210581829
CKS2	2.17845026010673
ILF3	2.17685804888094
RP11-379B18.5	2.1762669466659
RNF157	2.1762449455577
MRPS22	2.17437614704801
NEFH	2.17427998651524
CARD6	2.17289660976734
DDX26B	2.17151045965933
NAPSA	2.17131901614379
RP11-162J8.3	2.1707270248669
NSDHL	2.1695664112427
CD300C	2.1684137084254
ELAC2	2.16440382257045
CD1E	2.16438259775056
GBP2	2.16437775585394
OLR1	2.1634970643329
ACAD9	2.16208586146414
TRIM17	2.15831643290429
TBC1D20	2.1581220628212
SNX30	2.15808047712148
AZI2	2.15624608793626
IL15	2.15469475229122
TRIM7	2.15425270469661
RAP2A	2.15179738269978
AC021188.4	2.15175579779329
SPRYD3	2.14910658850334
AP5S1	2.14750286071883
ZNF768	2.14639574577115
UTP18	2.14612239183662
ZNF497	2.14576482523482
OSCP1	2.14477028294252
NCSTN	2.14260127201444
OGG1	2.13989810752079
DCLRE1A	2.13837673605534
PGM2	2.13810482303779
MGRN1	2.13804998958737
GLUD2	2.13747849600089
UBASH3B	2.13729470723773
LAMP3	2.13723046253995
CCL1	2.13720888521685
NOMO1	2.13686615678184
CLEC10A	2.13602252120757
IMMT	2.13530120386576
ZNF557	2.1347712377872
NFYC	2.1343575793719
IPO7	2.13373712299552
RTP4	2.13279390358023
HSPA4	2.13277872202986
POLR1A	2.13142834937372
SLC12A4	2.13029741089297
RASSF4	2.12950874239851
IQGAP3	2.12950265097743
C7orf57	2.12924781831425
PRKACA	2.12870477814058
UNG	2.12798002305901
IQCE	2.12701373758508
THOC6	2.12687579715029
SLC2A14	2.1264712193872
COPS8	2.12590184293939
SNRPB2	2.12585431491754
ETFA	2.12414643709108
CTD-2369P2.2	2.12337752053396
AMPD3	2.12258775987846
RELT	2.1213655103273
PSME4	2.12136352520922
CHRAC1	2.12031344782982
HIRIP3	2.1198594883761
H6PD	2.11883140305317
DDX60L	2.11784123753808
LY75	2.11765934592948
FBXW4	2.11555448233342
MCM6	2.11308027061236
ANKRD42	2.11175460593099
EVA1B	2.11146404200569
MYB	2.10992006737197
CNIH2	2.1098064308676
KANSL3	2.10865325906986
LST1	2.10814031119541
SPG11	2.10696364363626
NUDT21	2.10641899314298
MARCO	2.1061210208259
ADIPOR2	2.10446229537243
SDF2	2.10232224309212
RAB13	2.10208187584902
TMEM201	2.10158067438082
RP11-498C9.3	2.09977283380679
METTL8	2.09916277753843
DUSP10	2.09872902134951
NSUN2	2.09814186548978
RNF135	2.09548110275419
SEH1L	2.09387461542935
E2F4	2.09160819154986
APITD1	2.08882315615587
TCF25	2.08782820625858
KDELC2	2.08501625345263
KLB	2.08488283039167
ZFP30	2.08305150312204
CUL9	2.08193842087797
NOP16	2.0815552342759
RP11-993B23.3	2.08113739404803
PTPN12	2.07941758020658
SRP14	2.07855356287141
CLASP1	2.07831733970943
PCGF2	2.0773725946968
GBF1	2.07715470662652
DOHH	2.07644930275802
LHFP	2.07644335965703
SPATA33	2.07615028470826
NRIP3	2.07490429183984
GNA13	2.07465426334926
RPS27L	2.07391292454106
MRPL42	2.07238603914365
FES	2.07214314055492
GADD45GIP1	2.07183724971575
MED27	2.07120488961107
MYO18A	2.06975998890836
NFE2L2	2.06920427666025
SPATC1	2.06697789623733
TRIB1	2.06686411162794
SGPL1	2.06681010181776
CKB	2.06643818565896
C7orf73	2.06444381514895
ACLY	2.06207953800141
ERBB3	2.0620546587471
BAG4	2.06199390977194
JDP2	2.06183226274994
RINL	2.0605880337473
KPNA2	2.0588204711369
ITGAV	2.05867445957677
SDCBP2	2.05770203666963
PDXK	2.05749826688648
HNRNPH2	2.05709260241958
OST4	2.0569774066304
TLCD2	2.0560778468386
PHLPP1	2.05517866712287
EIF2B3	2.05503035349468
ZFP36	2.05363540374763
TMEM126A	2.05205202492584
SEPHS1	2.05194060231965
HLA-DQB2	2.0514221900935
GAB3	2.05025287292234
CDCP1	2.04997142143378
BRK1	2.04994011653167
C22orf26	2.04963361477141
PPP2R1B	2.04959349585407
PDZD7	2.04580329615554
TUBA4A	2.04578390627887
ARCN1	2.04557385546325
MRFAP1	2.04379778676398
RP11-284F21.7	2.04249086196983
ZNF304	2.0414917865888
SLC25A17	2.04065981147029
STAM2	2.0402579854031
POLR3H	2.04001779025513
HTATSF1	2.03880948835683
PEX14	2.03810622574837
RASGRF2	2.03685123883821
CNDP2	2.03398593947513
GMPPA	2.03364816001133
UBE2Q2	2.03340065056842
SLC4A8	2.03279230459359
COQ9	2.03203497851471
MC1R	2.03122721086773
ZNF780A	2.0312225846838
MAMDC4	2.0309200827076
POLD3	2.03020841584194
MEAF6	2.02995674985256
NAPRT1	2.02980950784394
UCHL5	2.029768156238
MSANTD3	2.02616897241142
ANAPC16	2.0254264101379
VAPA	2.02494925822982
ZDHHC21	2.02451039775513
RP11-463J10.3	2.02391911926691
RP11-473M20.16	2.02373698648386
APH1B	2.02286693770965
STK19	2.02219870875774
VDAC2	2.02213265110763
FOPNL	2.0214997325629
SVIP	2.02043815751335
APAF1	2.02025414074872
SNRPC	2.01979826638547
ATP6V1D	2.01949916004403
EDEM2	2.01879264108466
RP4-794H19.1	2.01812710212663
MAST1	2.01761737545918
EEPD1	2.01569248208598
ZNF17	2.01557955283005
CHCHD6	2.01457450305056
MIEN1	2.01342749396051
AC006129.1	2.01323359498959
COX7B	2.01233224780756
ZCCHC17	2.01175014227543
IARS2	2.00980999430204
KCNAB2	2.00734563326399
LMBRD1	2.00632974594236
LAMA5	2.0041107889907
VWA9	2.00375132906611
TMX1	2.00313932010705
DEK	2.0026872545853
TNFSF14	2.00086744943795
ZNF747	2.00025998153389
AUH	1.99944400977786
FERMT3	1.99804316794914
GSDMD	1.99747634404503
RAB9A	1.99717516777557
TP53I11	1.99598663243985
SEC13	1.99556931299416
C4orf48	1.99427137717807
CKS1B	1.99397164906105
MDH1	1.99292046242541
AP1S3	1.99253832624617
AMIGO2	1.99239959713803
GSPT1	1.99215734925992
RUFY3	1.99176851758315
MFSD5	1.99115941659426
HDGF	1.98876828608489
AHR	1.9886306104635
IRAK1	1.98717014003937
POLK	1.98583919730846
ANAPC13	1.98546502747104
CASC3	1.98452964924215
RCE1	1.98426093706534
IFT46	1.98332848581906
XPOT	1.98119834270264
CTC-503J8.6	1.97939452262178
DLGAP3	1.97884832501223
MRPS16	1.97831672040457
NME3	1.97682557643095
RP11-367G6.3	1.97664590899555
PDCD6	1.97630450343891
BAI1	1.97629583401777
CCDC9	1.97618085683555
ZFP91	1.97562858021148
S100A13	1.97514333330787
HIGD2A	1.97279951506679
STRIP2	1.97150614581725
ZNF562	1.96985364306261
APOPT1	1.9697760532889
COMMD1	1.96869316423846
EXOC6B	1.96792670285038
AC093391.2	1.96759072351395
EMC2	1.96682991166827
EIF5A	1.96320395284325
NDRG2	1.96051351177943
GNG10	1.96045570234145
GRINA	1.95982012064121
PTPN14	1.95822324775307
KLK1	1.95809615700218
TUBA1B	1.95767265681454
SPHK1	1.95753697600396
POC1B	1.95633935232948
COLGALT2	1.95545645630633
HSP90AA1	1.95536102847727
NCAPH	1.95527598780251
LUCAT1	1.95397775081424
FKBP3	1.95383557710299
BCL7C	1.95377392443384
GAL3ST2	1.95335821915911
SH2D1A	1.95313542467264
FAM213B	1.95176848963793
RP11-493L12.4	1.95063573827694
HADHB	1.9506316124399
CTD-2270L9.4	1.95045856826289
MLEC	1.95037385193335
RP11-93K22.13	1.94938508849432
BLOC1S2	1.94794205934514
ARL6	1.94758587543021
SMUG1	1.94716843161846
SCAMP2	1.94707381531098
KIAA0753	1.94700428908638
ERGIC2	1.94650812633395
POFUT2	1.94562094878134
MIAT	1.94444003973623
ZNF226	1.94330887937896
HPSE	1.9418761308513
NANOS3	1.9418347358235
ATP13A2	1.94132734324667
LMNB1	1.93982574961877
SLC10A3	1.93847939359021
ELL2	1.9374053131562
C5orf30	1.93679010960089
ATF6	1.93483898038294
MYL6B	1.93377853809072
IL13	1.93132677352906
NAT10	1.92947090788482
RNF130	1.9283408872111
NRP2	1.92765336789706
FYCO1	1.92737791918534
AP1AR	1.92659096477876
NDUFA5	1.92464992915126
TBCE	1.92464563829248
RFX5	1.92404543584922
NFE2L1	1.92404006402262
SDCBP	1.92298629294185
RBM44	1.92290478696481
LINC00662	1.92256023931934
GAS7	1.92218614086027
TIMM23	1.92204967962506
AIF1L	1.92176714611791
PARP10	1.9217626764081
TCP1	1.92031071786575
MAGEH1	1.91995227245007
C4orf50	1.91729466488301
CACNB1	1.91674681905222
RNF34	1.91666574553782
BOD1L1	1.91629946393289
DCTD	1.91581179905153
BTN2A1	1.91551353243583
EMC1	1.91288544692663
XRCC6	1.91180227369627
POR	1.9114594517005
MST4	1.91124777638879
TREM1	1.91043301120561
NDUFA1	1.90969818684972
SPP1	1.90967578192105
KCNK1	1.90784098646907
C12orf23	1.9030234747174
TSPYL2	1.90294724429973
CHD1L	1.90245457748297
KLRB1	1.90199835927224
TMEM102	1.90155135084967
PLEKHG3	1.90122960161325
SLC39A13	1.90110925873878
KAT5	1.89923659785793
SDS	1.89920808439915
SAMD1	1.89919953482062
RRAGC	1.89786709713182
MTPAP	1.897784304216
ESPL1	1.89671431683749
INTS2	1.89512810346985
SURF2	1.89492501678632
TST	1.89439679853354
STX12	1.89418683215223
RP11-473M20.9	1.89400024500316
TMEM150A	1.89375477437412
TSPAN4	1.89374287447285
NUMB	1.89251233404793
GPR68	1.8924052501055
STK24	1.89162019829821
NELFCD	1.88959083712685
SREK1IP1	1.88914770572024
ARHGAP11A	1.88739730979436
CIAPIN1	1.88673502117209
ANPEP	1.88620229586772
DUS2	1.88506239948533
TMEM229B	1.88416457386268
ATP1A4	1.8830730149533
DLAT	1.88221638765616
SLC25A22	1.88167682014591
IFT81	1.87952398909405
LONRF3	1.87847621406962
UBE2T	1.87837194142752
UROS	1.87785055705769
TNPO2	1.87784297003615
IL1RL1	1.87668366106531
SAMM50	1.87580791244636
PELP1	1.87563792774749
PPP1R13L	1.87517626133065
TMEM167A	1.87497792984278
MRPS36	1.87481934587525
PJA2	1.87373849272315
EWSR1	1.87360129279894
C19orf12	1.87266178921541
C12orf5	1.87190392207854
LRRC14	1.87044415815503
PEX11B	1.86989019845702
STAP2	1.86877290314808
TEX30	1.86833338948683
ATG4A	1.8670382800255
NCAPH2	1.86637077720437
ZBTB9	1.86555505900464
IL18	1.86485286927491
NCR3LG1	1.86462459588109
MDM2	1.86428577255592
BMI1	1.86357061226947
STARD3NL	1.86184283059071
MGAT4B	1.86010120196079
SCOC	1.85746172432565
SDSL	1.85597904523704
PHF23	1.85469101751138
TWISTNB	1.85337347269947
PYURF	1.85275684201148
CCDC19	1.85100757961986
ASAH2B	1.84978910606118
POP1	1.84977010734066
FDPS	1.84954732706863
UBA6	1.84737086471398
STXBP3	1.84653004532827
CRIPT	1.84650650199822
ITPKA	1.84570384016585
RAD1	1.8450443884724
ENTPD7	1.84206090508883
SPTY2D1	1.8418889361039
CTD-3105H18.14	1.84138918528492
DCAF11	1.84042179141745
PLEKHO1	1.83992054706014
PNKP	1.83929133488937
MTERFD1	1.83886200792718
GLUD1	1.83837155686165
KBTBD6	1.83831880274364
ZMYND19	1.83825066233004
ZBTB20-AS1	1.83747680455229
FUT4	1.83657917096388
STRN4	1.83619235189441
WSB1	1.83591849396705
PLEKHA3	1.83503147171214
DCAF6	1.83446972172542
ZNF627	1.83425941535931
HTR7	1.83355357438548
TRIM13	1.83293495624126
AC138517.1	1.83266582230799
HMGXB4	1.83220677734279
CCDC92	1.83087495527317
GRAMD3	1.83036225257053
NUP153	1.82939764222951
COMMD7	1.82937296870561
ESF1	1.82818978326578
MOXD1	1.82722100758776
SAMD10	1.82609525518097
ZNF155	1.82565560496186
hsa-mir-1199	1.82322352094733
XCL2	1.82274746661261
MAFG	1.82235780720072
PIN4	1.81938045308499
AGAP3	1.81901586598144
CBLN3	1.81719021844417
DPM3	1.81714049665888
TSPAN3	1.81647546297281
C19orf55	1.81514419012806
TRABD	1.81476844964186
KDELR1	1.81395975634297
C19orf66	1.8139116729398
NDUFC1	1.81285400389742
COQ3	1.81251142975572
MORN2	1.81213798667176
CASP3	1.81185749612243
ZFHX3	1.81109017132396
ZNF20	1.81089636211925
HNRNPAB	1.80995999114961
SPAG9	1.80916784998139
CEP55	1.80811134765636
BBS4	1.80787863727192
BPHL	1.80688314590441
ACAT2	1.80627894246969
GCSH	1.80528519743268
NR2F6	1.80486376224441
ACYP1	1.80459113715292
NDUFS3	1.80445796640652
C11orf83	1.80395082213761
MRPL35	1.80384777704383
ARRB1	1.80371465657923
RP11-455F5.3	1.80344748736434
ZNF43	1.80261431846583
BLM	1.80137037935291
ZFAND5	1.80111944117495
CYB5A	1.8006555671803
TOR3A	1.80051364601371
CTD-2196E14.4	1.79931867716557
SLC39A7	1.79680120061811
LLGL2	1.79493562292671
ARAF	1.79415963511465
KIF18A	1.79369485020547
H3F3C	1.7933228882688
PLXND1	1.79312546995686
UBXN4	1.79294258338576
H2AFY	1.79134363381815
CHCHD2	1.79046483617743
PM20D1	1.79000516941754
UBE2D4	1.78987395173931
SRSF4	1.78984824535707
PRKCSH	1.78820904205789
TCTN2	1.78743120863891
BECN1	1.78735257549066
FAM96A	1.78675566012896
HMGN1	1.78384985485842
BTLA	1.78107213435849
ANP32E	1.78090492679679
PWWP2B	1.78039953253701
ICMT	1.78031568820333
GALNT4	1.78029189661932
ACTA2	1.77958281428302
GZF1	1.77904510800959
MS4A6A	1.77882434307768
TMBIM1	1.77765632676933
RNF8	1.77718433637906
SLC25A30	1.77561995643437
THOP1	1.77391516026891
CDK2AP1	1.7737740734904
RDH10	1.77266809304592
IDH1-AS1	1.77264631207115
KCNC4	1.7725612861825
SKP1	1.77231706523576
PCGF3	1.77213768941611
CDKL1	1.7702906738647
DZIP3	1.76965977725409
TBKBP1	1.76953491250955
HIPK1	1.76932961027397
PLEKHF2	1.7689753188135
SFXN4	1.76842653606333
ATG5	1.76635076530385
CAPN1	1.76371331857501
MDH2	1.76367640627356
ZNF219	1.76159039711982
LCP2	1.7608806266528
DNMBP	1.76033798126961
C17orf49	1.76032602791622
RP1-50J22.4	1.76025483061497
UTP6	1.75914740465648
PLGRKT	1.75665843026397
TIMM13	1.75598798293041
SBDS	1.75598223094619
FUNDC2	1.75524637075561
GLT8D1	1.75465139396529
RBM38	1.75350846778837
ZNF730	1.75307720279753
FAM85B	1.75153092066478
TMEM8A	1.75016532200712
MRPL22	1.75002570441228
KCTD10	1.74996324754076
PCNXL2	1.74986751539037
TOB2	1.7497191648657
PAQR6	1.74572726806508
PPP1R15A	1.74571987094942
MAP4K1	1.74356957237685
DYNC2H1	1.74247641612918
C21orf67	1.74223720525961
U2AF1	1.74201588127463
CLPTM1	1.74122776240242
TP53INP2	1.74031847692035
GRK4	1.73493070177198
GALNT11	1.73431310277793
TLCD1	1.73416706470808
PPM1K	1.73369501107143
RAB28	1.73280255938864
DGUOK-AS1	1.73253100027003
SH3BP2	1.73205661961682
PLEKHA2	1.73061965278263
ZNF502	1.73027593162674
KLHL7	1.72975853361516
CYB5R2	1.72965866437802
ZNF470	1.728423499408
MYO6	1.72748805970429
CDK2	1.72685376322447
STXBP1	1.72652425920297
PLEKHF1	1.72506963280024
GMPPB	1.72473007901956
ALCAM	1.7240763475113
DLD	1.72394558013486
INIP	1.72378515365478
IST1	1.72163330719965
CSNK1D	1.72126849531416
C12orf29	1.72124595961516
GIGYF2	1.72030030354304
CASC4	1.72023224880092
ENTPD3-AS1	1.72021865622186
ADAMTSL5	1.71942241377046
FGFR1	1.71911231363903
PCGF1	1.71803783349656
PRDX2	1.71800341283925
SUMO1	1.71747307459294
USP45	1.71728847670498
TSEN54	1.71518520542483
CKAP2L	1.71314378714544
IFT43	1.71185139600713
DNAJA2	1.71123760017156
NUP205	1.70933423063485
AP1G2	1.70789400714528
AVPI1	1.70788204733298
SF3B5	1.70668174623378
ZNF829	1.70603904727605
DEGS1	1.7048537618038
ATN1	1.70456796242227
SNRNP200	1.70292649154702
PDHB	1.7023825848787
SMIM1	1.70231496127335
C21orf91	1.70214134967843
GINS1	1.70187993320633
XPO1	1.70159103086289
FPR3	1.7008325466892
PVR	1.7003635689863
IPPK	1.69893973887967
PLXNC1	1.69766158446079
DERL3	1.69684254382868
AGFG1	1.69644971094492
SMC5	1.69627896390888
IFIT3	1.6941421865399
GLS	1.6932055118087
GOLM1	1.69317905045887
LINC00341	1.69316772601183
SYNM	1.69295494447966
ADARB2	1.69184326292527
TXNDC9	1.69119122992941
TMEM64	1.6908108118406
OTUD7B	1.69019033211793
STS	1.6895585297386
UMPS	1.68858882597631
TXN2	1.68830792628416
DDX27	1.68822520883912
TTC7A	1.68799910559496
SNAI3	1.68760949131636
ZNF436	1.68685108203099
PLCD1	1.68675014958004
GPATCH2L	1.68525807092106
IDH2	1.68504682478111
APOC1	1.6841667522005
CST3	1.6838744384738
YWHAE	1.68248776778355
SPTBN5	1.68179584216756
TRMT11	1.68135567078314
FZD6	1.67965637531931
ATP5J2	1.67953930855187
NEDD8-MDP1	1.67737216914613
LIN7C	1.67582229027663
DNAJC9	1.67375024686645
ENPEP	1.67167947649474
SDE2	1.67090862574359
GLB1L	1.67068076238045
IDO1	1.67025263590116
RAB8A	1.66889243483323
BCL6	1.66834047158503
OSTF1	1.66829502121368
MRPL32	1.66820494799057
NQO2	1.66792171384163
CTPS1	1.66732039161347
CHP1	1.66594458206849
SRPK1	1.66450669145894
NEK7	1.66349467707225
TRIP12	1.6621749500939
ATPAF2	1.66122478657065
C6orf47	1.66030312927984
ITGB1	1.6594166627937
SEMA4D	1.65662646248707
FAM175B	1.65570340378467
CENPJ	1.65565576213674
ZNF496	1.65429691228279
MASTL	1.65420001571167
APOE	1.6535437076303
SMPD1	1.65318162914421
DHRS13	1.65272606257066
CANT1	1.65259432700565
P2RY14	1.65256773522223
PRPF40A	1.65165032229309
CCDC85B	1.65129990878279
RTN4R	1.64962474798035
NOD2	1.64930336895799
TMEM189	1.64908379119219
MNAT1	1.64840368991049
TMEM57	1.64797882365697
TBL1X	1.64582550542785
SEPT2	1.6444480744009
CREB3L4	1.64296448299202
PSMC3IP	1.64149252322147
KPNA6	1.64060599875762
PLTP	1.64017738624158
MED25	1.64009352214846
AC005355.1	1.63945586462227
C1QTNF9B-AS1	1.63704804686247
EEF1A2	1.63665382365725
CD247	1.63597913828216
NAALADL1	1.63581468881854
CPNE7	1.63527972722757
KIF5A	1.63525407773836
SYNE3	1.63333062933374
ZDHHC14	1.63247728601268
MSH5	1.6324758538804
WDR47	1.62989074110715
UFM1	1.62986800244113
GHRL	1.62889825109459
MCTS1	1.62786482007786
ITSN1	1.62773851081034
KIAA0226L	1.62754677961441
POGK	1.62600368126535
CTAGE5	1.62549206279902
NCKAP1	1.62548822676467
C1orf85	1.62311413915345
CLTA	1.62288638936557
RP11-217B1.2	1.62170709609219
RBM17	1.62134523190516
ALDH18A1	1.62115006083598
IQSEC2	1.62049178476901
CEBPG	1.61935831289173
C2CD4A	1.61907894399991
MICAL3	1.61598907935834
CCDC24	1.61589879108741
DNAL4	1.61589506962844
PISD	1.61543997824852
FAM76A	1.61522419994328
ZNF324B	1.61454209244687
CNKSR1	1.61423024912554
PLOD1	1.61410754953132
DEDD	1.61339544671656
DOK1	1.61267971213687
ZNF256	1.61249470940483
NT5DC2	1.61086769018858
LPGAT1	1.61075681056957
LRRC56	1.60894270844488
GLUL	1.60861743955397
HIST1H3B	1.60778625225518
HERC5	1.60773662252395
HCAR1	1.6071723218669
ALDH1A2	1.60691591854817
SERAC1	1.60603115706624
SLC25A32	1.60564016654447
INPP5A	1.60553079598731
MYEF2	1.604265033092
PRR24	1.60405842299653
CANX	1.60398828145047
ZNF701	1.60327223838983
NGRN	1.60291653933577
FAM179A	1.60219465626109
MRPS10	1.60213792913624
RASAL3	1.60177414550169
RAD17	1.60101951210338
PIK3R6	1.59894222930571
GRB2	1.59837279323965
HLTF	1.5980788147222
TPST2	1.59798764605238
PALB2	1.59559352172254
NFIC	1.59536070706183
AHSA1	1.59500204818812
USP35	1.59473582209668
SOCS6	1.59414441594445
ATP6V1C2	1.59385470353829
PGGT1B	1.59373460804309
CWC25	1.59198957034956
CDH1	1.59196071231285
KIAA0020	1.59144498752335
GNPDA2	1.59072871669378
SPNS3	1.590587009874
HSD11B1	1.59040301873293
RELB	1.58785131016921
AARS	1.58741462761215
ATF7	1.58623247043467
ACSBG1	1.58540850016056
CCNA1	1.58488457547781
NLRP3	1.58475032364358
ERH	1.58461192233938
TPPP3	1.58320533575574
ARHGEF39	1.58256080029658
SLC27A1	1.5817947502586
MTMR11	1.5810461235007
RARG	1.58053190437204
PRMT2	1.58013191393508
UBR7	1.57855900043872
ATP9A	1.57818105368446
GNL3	1.57583057046803
CLIP2	1.57568867071247
ZCCHC10	1.57562687515408
C12orf45	1.57468794459771
DDX1	1.57458590918837
ARMC9	1.57444997520315
IDNK	1.57386587418244
SMIM14	1.5729654159994
ZNF501	1.57108180996036
RUSC1-AS1	1.56977206666057
PRR7	1.56778399880607
MAPRE3	1.56761687691778
NR3C1	1.56457471071173
TLR3	1.56380157601805
RBM7	1.56242703870544
VAV1	1.56182085456226
TET2	1.55991842036891
ACAT1	1.55663798087859
RPA3	1.55643768846842
GORAB	1.5560079728717
ANKS1B	1.55596295302982
METTL9	1.55387608825642
DNAJC13	1.55374377150188
FAM85A	1.55317751152875
RP11-542M13.3	1.55299243554138
USO1	1.55235028467188
C22orf24	1.55192322113521
PSMB8	1.55039957701229
ANO8	1.55019590496945
RECQL4	1.54996171548216
UBL4A	1.54974655728898
HOOK3	1.54890295751618
FBXW9	1.54885992482873
C1RL-AS1	1.54763583014592
SLC8A1	1.54740023194791
MARCH5	1.54687040705145
TMEM160	1.54610416638551
THEMIS	1.54539182386613
AC132872.2	1.543674164862
NDUFA8	1.54306498145971
DALRD3	1.54240572225538
MMAA	1.54181497823515
TBC1D25	1.54155663125634
POLR2I	1.54135747514092
HSDL1	1.54123709542775
IFI30	1.54111464441722
YPEL5	1.54073101525652
CHST3	1.54026366568116
MTSS1	1.53947898642795
NAA35	1.53730703346147
SGMS2	1.53719070029604
NAT14	1.5371798638681
ASB2	1.53707792349463
RP11-296O14.3	1.53692224224563
SOX30	1.53607436610504
MOSPD3	1.53587397003669
VEGFB	1.53538154405341
VIPAS39	1.53524001395138
LSM1	1.53407751334968
FBXW2	1.53323042170398
ADCK4	1.53199527805193
TBC1D10B	1.53131476752123
FAF2	1.52882083695523
PACS2	1.52816925279671
AL441883.1	1.52802535075537
SH3D21	1.52724678107501
GSK3A	1.5265387082643
GDPD5	1.52469614441777
LIG3	1.52457486316886
FTSJ2	1.52446981129072
RP11-12J10.3	1.52384703534187
NUP35	1.52380230273694
TOP1	1.5237778127718
SMIM15	1.52289369442877
WDR12	1.52222256558571
SF3B14	1.52219783658152
YARS	1.52143613115385
DHRSX	1.52125743571406
SYT5	1.52079949077692
MTHFS	1.518723978423
POP4	1.51687930349696
SMC1A	1.51647335364644
TAB3	1.51623412599181
RFT1	1.5136662877408
EFCAB11	1.51345778849053
ZNF700	1.51219035531482
ARPC3	1.51167511930761
CDK4	1.51165815202931
DR1	1.51160557031841
CNTROB	1.51158904708603
AC005264.2	1.51078990229829
UBE2D1	1.51021529485389
ZNF443	1.5099292704634
ANKRD22	1.50979832415482
COPG1	1.50952881403225
MT-ND5	1.50918261318906
BTN2A2	1.50805315731987
MARVELD1	1.50789769872602
PRMT5	1.5065733948166
NTNG2	1.50611181309481
UBE2L6	1.50599429797943
ZNF649	1.5050033734012
APOBEC3B	1.50438909645647
ENDOD1	1.50378820653844
GIPR	1.50367284987347
ARMC7	1.50347050869762
TMEM140	1.50241603985538
KLHL42	1.50138997563674
TMEM68	1.50128265974647
APOL6	1.50104974112026
OTUB2	1.49763534517885
CDC42EP3	1.49669940478831
MCFD2	1.49451714523495
ASB1	1.493750244165
KIAA1715	1.49371413737591
SGOL1-AS1	1.48883179636078
GART	1.48804553832763
GTF2A1	1.48679462108321
SEL1L	1.48607862577731
AMACR	1.48589948514703
RNF215	1.4849676822909
SDHC	1.48493404862365
AKT3	1.4841741310982
CSF2RA	1.48338216771341
TOE1	1.481735425444
TFRC	1.48138776690227
PSMD6	1.48030724680311
FAM64A	1.48024964228759
DUSP11	1.48023687577824
QTRTD1	1.48004826720882
GRM2	1.48000881405349
MICU1	1.47917896923633
MEMO1	1.47837543553205
EIF4E2	1.4779181953685
CCDC115	1.47723891282927
ALG10	1.47707983377015
UBQLN4	1.47655138135171
PPARA	1.47615832978376
TONSL	1.4748057122194
TMA16	1.47372223825793
DTNB	1.47156336816727
TTLL4	1.4715025176047
RPL7L1	1.471476716321
CPVL	1.47104178472973
PIGN	1.4690877641537
FTSJ3	1.46751993920135
CMTM3	1.46474582260668
RLF	1.4646827558125
RAP1GDS1	1.46463257834956
CASD1	1.46434963435983
DDX23	1.46316461555062
UNC50	1.46294686153659
CLSTN1	1.46271407498621
MED4	1.46248777197145
LOXL3	1.46180514200401
ILVBL	1.46124315506552
AMD1	1.46076406800155
IDH3G	1.46048679323817
ARNTL	1.46025413002957
UBXN2A	1.46014308102314
BMS1	1.45862720115354
ECT2	1.45858021180378
FPGT	1.45772038502323
DPCD	1.45654072518204
RP11-58E21.5	1.45556248260232
RAB2B	1.45328052606538
PPA1	1.45154731076952
FAM160B2	1.45151842899615
DENR	1.45094193155328
KCNMB1	1.44993802174605
KLHL18	1.44950896733159
SBF1	1.44651675944994
SLC25A14	1.44590977894283
CARD9	1.44570593503461
CD59	1.44562749271537
ARFRP1	1.44534911616409
USB1	1.4447038197717
SLC36A1	1.44468334597526
NEIL2	1.4445183368907
MIER1	1.44412945719753
GTF2A2	1.44252313575916
DHODH	1.44207993727759
ZFP82	1.44195478627258
MAGOH	1.44102322349313
MTX1	1.44098232043087
KIAA1430	1.44093935783422
SARDH	1.44017129675658
MACC1	1.43967123780448
SGPP2	1.43930353437619
ACOT13	1.43836136093017
PRUNE2	1.43816904209522
KIFAP3	1.43785510114342
RP11-386G11.10	1.43780768660326
DHX15	1.43685660828153
VDAC3	1.43683505891497
CEP89	1.43651409639849
INO80	1.43505483884582
ZNF79	1.43358201882162
DKC1	1.43328254797943
MAP3K2	1.43236834737076
C11orf57	1.43221031389437
MRPL34	1.43073507546521
SNAP29	1.429908517103
PPM1M	1.42903815292054
PTGDR	1.42828319198714
TREM2	1.42761454970307
RYR2	1.42754788516908
ZNF461	1.42700037805825
ACAP1	1.42610406525658
INTS10	1.42586689261664
DNAJB12	1.42273258867503
RBBP7	1.42241870425949
RHOBTB2	1.42230542486702
CHD4	1.42192866583582
PPP1R12C	1.42188770648867
FBRS	1.42182564320997
IFITM1	1.42077503183606
RP11-571M6.7	1.42075539118199
TOM1L1	1.4205455399931
LINC01137	1.42006961880896
RCHY1	1.41909893253942
RP5-1103G7.4	1.41843192268994
SRSF3	1.41767880188016
FBXW11	1.41710014911762
CXCL9	1.41683349028949
FHL3	1.41631381846123
C3orf17	1.41588696060554
AP4B1	1.41423455361867
RAPGEF2	1.41385631649631
DNAJC28	1.41380852233453
FANCA	1.41329079844243
LTB4R	1.41213065319259
IFT52	1.41198802675385
UTP20	1.41163496585629
CECR5	1.41067307125507
ZSCAN21	1.41034594555924
BRI3BP	1.40927166105165
C5orf42	1.40684213569501
PHC2	1.40538086327655
CLN6	1.40520121781793
ELL	1.40442182379805
MOSPD2	1.40376740335368
ELP5	1.40319517754105
AFAP1L2	1.40282182660373
LINC01059	1.40249425438978
AEBP2	1.40240996210267
PLD3	1.4017657707855
SETD9	1.40176051443672
TRAPPC13	1.40142239481791
BAK1	1.40131253525712
TMUB2	1.4009919833855
C12orf39	1.40057024095794
AKTIP	1.40054606722568
NRGN	1.40052859041128
CDK1	1.39996079260207
CAPN10	1.39718897165961
ZNF845	1.39552520705341
ATP6V0D1	1.39399101330881
IFT74	1.39377819329548
DZANK1	1.3935862302615
RP11-644F5.11	1.39331370609498
PET100	1.39140083670979
RALA	1.39065312788016
ANKLE2	1.39016785001746
LRR1	1.38932642155375
TRIOBP	1.38828070853143
CYP27B1	1.38827032630781
CDC23	1.38601007963004
OTUD1	1.38581406778808
CCND1	1.3847256532451
RP11-158M2.2	1.38454814180929
PGAP3	1.38371469926608
HINT2	1.3825807414007
MZT1	1.38207953555961
CADM1	1.38184261899722
KHNYN	1.38175437465616
FGD5-AS1	1.38038119915101
TRIM59	1.37697316926454
CCT3	1.37638949718217
UBE2D3	1.37570930550208
ZCCHC9	1.37568421654306
STAG1	1.3756374197186
ZNF799	1.37463467744858
ZNF80	1.37458331023586
CYB5R1	1.3745173755188
ANKRD36C	1.37442386745935
ARHGAP26	1.37379886499455
RNASEK	1.37357230532059
NCLN	1.37202249049898
HLA-G	1.37196441461218
CATSPERG	1.37030127990267
MRPS25	1.36973540625855
AL450992.2	1.36861032984384
PIF1	1.36812437805828
ERI3	1.36803299560738
DNAL1	1.36792575298749
SUV39H2	1.36697771609055
ZFR	1.36660739688054
KDELR2	1.36616658834377
ANKRD36	1.36605126129984
GBAS	1.3659679851178
DLGAP1	1.36494428542943
ENKD1	1.36361474133427
CTB-41I6.1	1.36342222142932
CNOT6	1.36053642557061
HIST1H3G	1.36030982094319
NUP107	1.35982853780721
ZNF223-1	1.35918224635769
NAA38	1.35747351695343
TIMP2	1.35712821539738
AC010894.3	1.35682442937056
PAICS	1.35666167558115
SLAMF7	1.35617094568858
HMGN3	1.35603488192228
CMTR1	1.35556383340485
LL22NC03-86G7.1	1.35532137692305
ATP5B	1.35515800630921
SIK3	1.354533061577
PAQR8	1.35376211918472
E2F3	1.35296497282089
GABARAP	1.35216911968268
ZNF283	1.35199764242286
TM2D1	1.3519226967254
YTHDF2	1.35099148547905
PARP4	1.34974642187474
GDAP1	1.34972394042892
RECQL	1.34931429980394
VSIG4	1.34914225667229
AAR2	1.34888355036985
EIF5	1.34583713886323
AKAP9	1.34562643271219
PCNA	1.344809131081
UNC13D	1.34360814720024
RRS1	1.34306848744709
DDB1	1.34226092006523
ACO2	1.34214456508992
DYNC2LI1	1.33982646624108
FLVCR1	1.33967535049861
MMP25	1.33909197842156
FAM173B	1.33876021119282
RIOK1	1.33871667076261
ZFP69B	1.33832483076432
PPM1F	1.33733973853389
MRPS18C	1.33597069984038
IL21R-AS1	1.3354472845751
ZUFSP	1.33544123558943
NAT1	1.33441265076408
ZKSCAN5	1.33402146756666
MAP2K1	1.33369274384998
HSPD1	1.33193305960211
C16orf91	1.33184658126313
RASGEF1B	1.33141735608583
CRIP1-1	1.32926322386017
TIMM8A	1.3289791260039
ATP7A	1.32791931247288
ARFIP1	1.32700630076482
TBRG4	1.32677940580526
DDX41	1.3254926243611
EXT1	1.32429049877098
ZNF688	1.32399760741626
CPM	1.32311921318166
ADAR	1.32236462305312
CHST12	1.32225938787469
ZNF576	1.32193827476796
NSRP1	1.32172699035992
GGACT	1.32032207716504
ZNF823	1.32028020488155
STK38L	1.31966345955773
AMDHD2	1.31805310324156
MAMSTR	1.31763730989971
TRADD	1.31743346345915
POLD2	1.31731077563453
ABI3	1.31700380247234
SNX1	1.31485866624352
TSEN15	1.31476171188486
TBCD	1.31221698608565
C19orf35	1.31124454233576
HDGFRP2	1.30993013242673
MAP9	1.30810561399185
ATXN10	1.30765368071135
LSR	1.30521429376764
CTC-506B8.1	1.30472937730081
TADA2A	1.30392572238394
TIMELESS	1.3036684046983
RNF141	1.30363766739802
RP13-188A5.1	1.30289131934269
RNASEH2A	1.30266383575164
KLC1	1.30192882619146
MAP2K3	1.30049971676389
RP11-22N19.2	1.29978651443031
SDR42E1	1.2996635133545
PLEKHG1	1.29896632206497
TTC21A	1.298909368218
SPRYD4	1.29870273680549
CHEK2	1.2985804975244
WDR83	1.29810614003798
SECISBP2L	1.29758481562689
CKAP5	1.29675983334808
SND1	1.29648064001723
TBC1D31	1.2959230887746
KNTC1	1.29572764637916
EHHADH	1.29473987097944
EGFL6	1.29407042129457
ABHD4	1.29261167582297
NUAK1	1.29224392445854
RNF2	1.2917625764851
SGSM1	1.29094490618931
INPPL1	1.29070066664396
IL5RA	1.28967812986227
RP11-398K22.12	1.28903621968987
GHITM	1.28865788896956
E2F1	1.28760045731436
BNIP3	1.2867439211818
CD1A	1.2864443139696
PNPLA8	1.28573936157506
ARIH2	1.28511323004886
ARRDC1	1.28508439521594
MAGI1	1.28473390995371
KIF23	1.28472716355779
ENO1-AS1	1.2843084942205
COQ10B	1.28397342889132
EIF1B	1.28366245825178
CD8A	1.2815604190903
UQCRC1	1.28020021358055
RP11-463O12.3	1.2800623953356
MIER2	1.27852015332666
IL17RE	1.27824761584123
PARP2	1.27701454766442
RPS6KC1	1.27691313650349
AP3M1	1.27637515715366
AC012314.8	1.27582728713944
RP11-215G15.5	1.27581942561149
ASPHD2	1.27537708787698
AC023490.1	1.27518758774424
GGCT	1.27473396324769
DDX21	1.27460896135562
MAFB	1.27423179399074
ASNA1	1.27381761903792
RAB14	1.27229901021552
RP11-371A19.2	1.2717569737588
ZBTB3	1.27151788796278
STAT2	1.27123838790617
SLC26A11	1.26985758132412
RP3-508I15.21	1.26873515312166
TUBGCP5	1.26847159791958
MELK	1.26778446810844
PPIL4	1.26689277468317
F13A1	1.26597161026396
SPTLC1	1.26570718694331
GDI1	1.26569446312358
MICA	1.26519158407973
UBE2J2	1.26451460380655
TUBGCP3	1.2638099621647
EGLN1	1.26250736292244
GPR171	1.2622119912392
ARPC5	1.26187396796574
TMEM127	1.26156280333202
SAMD3	1.26102632271466
NDUFAF2	1.26059698444536
ZSCAN22	1.25975970035076
SDHB	1.25969707882154
TSR1	1.25801073650833
TMEM106A	1.25662093745307
PRPF39	1.25647404911376
BOLA2B	1.25471258099132
NUDC	1.2543274233276
EIF3I	1.25417825957251
PTPMT1	1.2534508691731
ZSCAN2	1.2529003793035
LINC00205	1.25278529371633
INPP1	1.25253522762707
LSG1	1.25199867377986
MALSU1	1.25166299576365
C19orf53	1.25104464674052
POLG	1.2506123360245
ELMO2	1.24970332354343
CA9	1.24929187549352
PSMG3	1.24910265427991
RASGRP1	1.24748000079236
C16orf59	1.24570927403435
N4BP2	1.2456200828088
SMYD5	1.24536047097049
PAK1IP1	1.2452824709243
MUS81	1.24426691105363
TCEB3	1.24425783590567
KIF9	1.24383059826923
MRP63	1.24337021085433
FAM98B	1.24315026975062
NDUFA9	1.24304038635032
RWDD4	1.24298157894866
NUDT6	1.24283565881064
SLC25A4	1.24250099919707
SLC39A3	1.2424825511494
LSM7	1.24240733091878
ATP13A3	1.24206418827059
ST3GAL4	1.24091898532935
GTF3C4	1.23917507720986
CSGALNACT1	1.23893949574204
MGAT1	1.23756823075107
RGS19	1.23662951945789
RP11-707G14.1	1.23618988678386
UBD	1.23577521061029
SPI1	1.23401828890609
C8orf31	1.233066540338
RAI1	1.22921165176546
LARP1	1.22810912321588
EFR3A	1.22731894252311
MRPL21	1.22729516574704
PSMD2	1.22632040481402
TMED5	1.22600458247383
GLDC	1.2251451705066
SPOPL	1.22392787108185
OAS2	1.22377681874851
BMF	1.22314152984062
RHBDD1	1.22126409470433
MTCP1	1.22104189812414
NAA25	1.2208827202392
TRIM27	1.22041872455807
IL21	1.22011281532145
RRP1	1.21972505507273
BFSP1	1.21851309121261
LIPA	1.21823757108533
NT5DC3	1.21790182949963
TPGS2	1.2174627363049
GLO1	1.2169789473586
HIF1A-AS2	1.21688127643077
AC104024.2	1.21683224484759
BCAR3	1.21639792247988
CCL17	1.21498777618765
BPNT1	1.21476422382638
DARS2	1.21403453387056
CD14	1.21397736749423
TOP1MT	1.21295853189541
EXOSC3	1.2108193045993
ADCK2	1.21081068018475
CACNA1A	1.21078749541117
PACRGL	1.20986296082987
ALG2	1.20853221601353
DNAJB9	1.20806897005038
MFSD3	1.20782434527482
NASP	1.20594293300666
CETN3	1.20563954635435
AURKAIP1	1.20559821333938
CSF2RB	1.20522536690909
ZNF222	1.20449660722507
MANBAL	1.20440999928492
SULT2B1	1.20430062860688
OSGIN2	1.20358443420763
CCDC91	1.20339744198627
GGH	1.20337425991029
ARMCX3	1.20287032328491
KIAA0226	1.20177195889596
USP9X	1.20139079293983
CASK	1.20133322709914
TPD52	1.20103041698022
PITPNB	1.19946006243332
PUS3	1.19834545750968
ZNF37A	1.1978668577013
DIRAS3	1.19781442538967
SLC9A1	1.19681687264513
MAN2C1	1.19628206837385
NPLOC4	1.19554545624107
APRT	1.19521238353784
RCN1	1.19479996341139
LSMD1	1.19444513150021
ELP6	1.19441448541669
NAV1	1.19234084625164
ASCC3	1.19147094354921
SLC4A11	1.19146286829724
ZNF322	1.1906407980622
PAOX	1.18986598342582
FBXL15	1.18935810925379
NEBL	1.18924765366442
C18orf25	1.18851084012034
FUBP1	1.18709789644547
CHRNA5	1.18688398395054
RENBP	1.18397517919663
PIGG	1.18298271344676
ANGPTL6	1.18284854196849
PDE7B	1.18252470834705
MRPL3	1.18158537893199
PDGFB	1.1812961826193
TMEM185A	1.18076582651543
FBXL6	1.18072171624412
NUDT2	1.1801618428167
NUP85	1.1790995461808
RMI2	1.17868364943278
FAM101B	1.17767194932686
SLFN11	1.17762206913926
ZC2HC1C	1.17665177835244
LTB	1.17662535253002
MAP3K8	1.17647011200788
P2RX5	1.17576313705275
PAAF1	1.17499538967761
MPG	1.17461354457133
ZNF614	1.17392990686407
NCAPG2	1.17205612762983
CPSF3	1.1711116197509
C18orf54	1.17087866039213
DTYMK	1.16900774152612
CAMK1D	1.16863390406045
EPOR	1.16813230153204
UBE2C	1.16756626934468
NDUFB4	1.16728238827595
RP11-265N7.2	1.16714054148892
MYO1D	1.16713281833293
CCDC125	1.16650672733728
GBP5	1.16607410483255
HEMK1	1.16568760950833
RPL26L1	1.16495060288064
ZNF432	1.16428830904081
LZTR1	1.16345951688042
PMAIP1	1.16322884741714
EXOSC9	1.16280283370359
NARS	1.16269902255972
RP11-867G23.8	1.16244494508233
IRGQ	1.16166720643837
SUPT16H	1.16165034470828
PCBD2	1.16115512562536
COMMD10	1.16000680328232
RSRC2	1.1598912271887
PPP1R3D	1.15957564147391
SMG8	1.15812332387327
DDX31	1.15732120896211
ITCH	1.15724574668805
CCT5	1.1568568727153
SLC9A7	1.15648959837431
RP11-500C11.3	1.15524325241397
TFDP1	1.15433937604379
CTA-833B7.2	1.1540700499236
ATP2B1	1.15199438464033
SEC24D	1.15011547383351
EIF4A3	1.14987741963873
LACTB2	1.14986285193436
PQLC1	1.14931071911085
TIPIN	1.14924910132988
RP11-661A12.14	1.14917015830252
CCRN4L	1.14901410264776
CCNYL1	1.14814924410812
RP11-265N6.2	1.1467948366363
NIM1K	1.1438923334318
EXOC1	1.14329327200724
SETD1B	1.14305239092499
FAM20B	1.14200823224442
CCDC82	1.14173787039902
SCRN2	1.14106455539836
ZSCAN16	1.14039127848911
AL358333.1	1.14006179244683
FFAR3	1.13950600124746
TNFSF11	1.13762745872618
SNRNP25	1.13706217305658
ZBTB42	1.13648414424038
CDK10	1.13572883534314
CTC-444N24.11	1.13551551034755
AP1G1	1.13377657977612
B4GALT4	1.13368455740252
POLE2	1.1335554805697
TAF1A	1.13348015849298
SNX11	1.13303525677605
RPP30	1.13198859970276
C15orf53	1.13084348366456
RP11-804H8.6	1.13070046596362
SIN3A	1.12916502322617
CHPF2	1.12915921654
ZNF551	1.12664662460386
DOPEY2	1.12619191888995
CAPN12	1.12567823330936
SAP30BP	1.12522736355987
CDC16	1.12475427416119
EFCAB2	1.12452798768997
AC092835.2	1.12449983840761
ATP5C1	1.1243667259404
ARAP3	1.12217339713594
TOMM34	1.12055737875977
UBA3	1.12027316952013
DPP4	1.11970992607019
CSTF1	1.1194571616617
DECR2	1.11830484857149
PTGES3	1.11666711622945
SLC4A10	1.11539920727174
ZNF221	1.11491711519894
TIMM21	1.11432364837089
USP47	1.11417653340952
TMEM159	1.1135745552341
TMX2	1.11282662634697
FAM104B	1.11267447907878
FUT10	1.11161740190547
C11orf54	1.11134009032939
ABCA2	1.11085958684369
PFKFB4	1.11034978875461
RIPK1	1.10962657652611
TMEM11	1.10956933512706
AC026806.2	1.10680256032426
TOR2A	1.10643945638642
ALG9	1.10462227573558
HDAC8	1.10379500468091
ACTR3	1.10202913592527
AURKA	1.10159140408075
C19orf60	1.1011105822631
TSTD3	1.10057769587054
MSC	1.10028169638968
TSSC1	1.10000497376711
SNTB2	1.10000231079978
UBA6-AS1	1.0999063574664
SLC41A3	1.09964720328501
CTD-2047H16.4	1.09933166828304
NPDC1	1.09918971749876
WDR34	1.09870710368726
CMTM7	1.09854013707482
OXSR1	1.09750404262578
PHF5A	1.09698504436774
AC009005.2	1.09650770699989
FXR2	1.09646001646526
C12orf73	1.09613916453456
KIR3DX1	1.09519747370588
SMAP2	1.0949316807747
FAM219B	1.09414909993434
SUCLA2	1.09222479265162
FCRL6	1.09178747966315
MAP1LC3B2	1.09150555214841
SMARCA5	1.09143285306743
HARS	1.08967616777815
SNRPF	1.08949651126673
SARNP	1.08931895760187
B4GALNT3	1.088492244089
XRN1	1.08699712338073
PCBP1	1.08608620453846
RMND1	1.08435611755922
TNFRSF11A	1.08425071165372
TNK2-AS1	1.08391233370457
SUPT3H	1.08387930682224
SEC62	1.08281632425353
GANAB	1.08257834681767
PSD4	1.08173729124945
ASNS	1.0811560645596
CXorf21	1.0804138519777
PIGO	1.08007401832079
SLC46A1	1.07908832364513
MED19	1.0788439611764
SMARCC1	1.0788012347434
STK11IP	1.07839048649422
TTF1	1.07728976812976
TIGD4	1.07700941655541
LARP4	1.07521969998555
SS18	1.07482686815348
NRBP2	1.07394954455292
AP2S1	1.07368481979452
CTC-501O10.1	1.07323291182743
CNPY2	1.07249991196168
ZNHIT1	1.07217794965016
PPIP5K1	1.06929026495795
COX16	1.06907846990779
C1D	1.06849119533832
STARD10	1.06761867064387
LYSMD4	1.06754977693769
YPEL4	1.06717849030584
APH1A	1.06675134398897
RP11-383H13.1	1.06675052562825
CTU2	1.0662154791266
AZI1	1.06560304211531
FTH1	1.06417946215258
NDEL1	1.06342587832102
SOCS4	1.06334894041479
WDHD1	1.06316162493706
ZNF787	1.06158473565847
UBA5	1.06150362038499
STRAP	1.05930877308501
UFC1	1.0588486563741
NLN	1.05855609351849
TDRD3	1.0580214227051
CETN2	1.05609600830499
CCDC126	1.05440311371897
LRRC40	1.05382194950687
TP53RK	1.05344212118547
ZNF567	1.05194304282051
CS	1.05073969267018
SUDS3	1.04979719050578
AC084219.4	1.04952537472978
CDK7	1.04935053478906
SLAMF8	1.04893752783592
ZNF579	1.04771881548255
FANCG	1.04710759833908
C11orf84	1.04650552034681
COL18A1	1.04592179761683
KIFC2	1.04488302361924
PNO1	1.04448240508167
PTPRE	1.0441380143854
CD81	1.04298158604904
GTPBP3	1.04196318294616
AC061992.2	1.04143624849766
TNFSF10	1.04095475565067
HJURP	1.04027272404056
SIVA1	1.04022448095927
PVRL3	1.04016933112552
TCF19	1.03912399706116
ITFG1	1.03880024160569
SMC2	1.03875196779985
ZEB1	1.03868974777636
HIST1H2AH	1.03843736113264
ATAD3A	1.03842198840653
USP48	1.03823872615712
C9orf66	1.03769381835485
AC015971.2	1.03593667685696
CDC25A	1.03261281913381
LGALSL	1.03260590702373
CTD-3138B18.5	1.03247041310863
DTNBP1	1.03179768169906
STX8	1.03126698297821
C17orf107	1.03126046767206
SS18L2	1.03103479535265
ZBTB38	1.03093880477632
SFN	1.02948425279218
AC084809.2	1.02907458479425
TMEM187	1.02698452530748
SGSH	1.02691526048491
SARM1	1.02646009892779
MRPS15	1.02613746786114
KPNA1	1.02513057115065
KCTD12	1.02448019710895
CREB3L3	1.02432741024992
RPP14	1.0237062368917
ADAM9	1.0229705567449
MX2	1.02277300110663
C21orf2	1.02235393874907
TMEM167B	1.02227851134964
KCTD1	1.02141455170379
REC8	1.02126741533383
FIGNL1	1.02070173314058
EHBP1L1	1.01909155992354
CSNK1G1	1.01802638328498
GIPC1	1.01755338871352
AMDHD1	1.0162578258005
OLA1	1.01494578981385
ATP11B	1.01371879621831
CABLES1	1.01266330209391
GDF11	1.01241186794125
NCDN	1.0120117698504
MED18	1.0114093807811
ERRFI1	1.01079058321055
TP53BP2	1.01009930068419
DERA	1.00945511249042
FAM204A	1.00942780061123
PUS7L	1.00801376955788
GRK5	1.00688432953747
CYP4F35P	1.00687862046486
RBM47	1.00537080665819
CASP6	1.0052958061158
GAB2	1.00522099932908
MYCBP2	1.00208573067923
ZNF101	1.00069059900004
NAP1L4	1.00065872543494
EARS2	1.00010503265193
TLE3	0.999574893368504
PSME3	0.997989922715041
C1orf86	0.997769738480232
ADRBK2	0.997489308293942
C1orf198	0.997370474198008
MCM3	0.997349285245967
ZWILCH	0.996055615464833
DBNL	0.99520718358301
SUV420H2	0.994893558802842
ANKRD40	0.993940648884051
AP000350.4	0.993011686668152
SYNJ2	0.992865974728613
ALS2	0.992850780356592
MIR24-2	0.992684752745183
CENPI	0.992460266142689
SNRNP27	0.992036892817355
SEPW1	0.991834798901245
BRD8	0.99151628469397
PLCG2	0.990315457825259
ERMP1	0.990057597633583
TOX4	0.988252644515986
PTMA	0.987962147015971
RFK	0.987957684757286
ABCD1	0.987237725866827
PTBP3	0.98668410300746
ZNF260	0.986471782316118
PGAP2	0.985013670246506
CHRNA6	0.984608391623171
ARID5B	0.982794103125262
IL5	0.982608576147894
RAB21	0.982440646569544
RP11-455F5.5	0.981810073921644
ZNF284	0.980626483141907
NDC80	0.980138977028585
NTNG1	0.980093918019668
FAM86B1	0.979963719312756
ARL2	0.979561566779472
FAM86C1	0.979124285615907
FEN1	0.978524232074538
SPATA31A7	0.978168749664211
PRPSAP1	0.977378964556303
ENPP4	0.976837385525418
CD46	0.976321651210161
FAM162A	0.976252528615907
TGDS	0.97589091559555
POLE	0.975750432366272
RUVBL2	0.973840488238818
ACTA2-AS1	0.973501944185207
RP11-492E3.2	0.972718267707368
RASSF7	0.97229904856464
KLF16	0.972268418223534
PRKAG1	0.97065900873544
MLLT6	0.968833562991114
MAN1B1	0.968809583114205
HILPDA	0.96876612141057
ZNF213	0.968686249692244
GEMIN2	0.967773121910255
SETD3	0.967748638164213
KXD1	0.96727315365724
HRASLS2	0.96690799431373
KIAA2013	0.966699344115456
CEP290	0.966638947995062
ZNF879	0.966314063082514
SESTD1	0.966310133575918
CCNY	0.966142423054864
MYO19	0.965521393352303
KIAA1671	0.965481426238982
MTRF1L	0.965083310410344
RGS11	0.964852574592668
SEMA4F	0.964122875954883
MCMBP	0.963223478872988
GNPAT	0.962388437511394
TYMS	0.961988869321047
RAB3GAP2	0.961718607017112
SKA3	0.958723604359896
RAB11FIP5	0.958172154147242
SLFN12L	0.957045855439165
ANKFY1	0.956711122775596
SETD4	0.956255580390321
KIAA1731	0.954993843491587
CHCHD5	0.953070871332826
RAB6A	0.952558799365958
LRWD1	0.952474792569537
TMEM177	0.952405608056624
JUN	0.951903631609765
LMNB2	0.950843560147761
GEMIN8	0.950239220535737
CHAF1B	0.948791294620805
KIF18B	0.948355651893187
TMEM219	0.947963378939969
RNPEPL1	0.947759345666623
GTF3C2	0.947057440525038
RP11-390F4.3	0.946654173572909
C1orf216	0.946505314008851
ATAD3C	0.945594082914915
CTA-384D8.36	0.945283075509727
NT5M	0.945229463183231
BUB1B	0.944848290023455
CASC5	0.944423658956382
CTD-2540F13.2	0.943742628216654
NCAPG	0.943520747066881
ACD	0.942551361295089
PER1	0.941068883624741
PIK3AP1	0.941034000547185
ZNF517	0.939383355715528
CSGALNACT2	0.939293098219089
MRPL12	0.938785012506415
DDX3X	0.938537362470167
RP1-111D6.3	0.938260900078474
RP11-774O3.3	0.937877925076031
ZNF449	0.937682117723998
CAD	0.937062563741187
AFTPH	0.93641522423706
PHLDA3	0.936306489579799
SPATA5	0.936300617572325
RP11-803D5.4	0.935941372322609
TMEM241	0.934689551663774
DAPL1	0.934461188596141
ZNF558	0.933769153050831
AC012487.2	0.93286340580633
ZDHHC20	0.93283909802406
AHCYL1	0.932388413569792
VBP1	0.931121070103021
THAP11	0.930287799389945
KIAA1033	0.929380705898383
SMNDC1	0.929255334998993
TOP2A	0.929056672935322
SMC1B	0.927603056641364
VMAC	0.926633913011844
UQCR11-1	0.92658347738449
ZFYVE19	0.925964077415968
PRRT2	0.922519538951745
JRKL	0.922268950978979
CMC4	0.921511605489368
PRSS53	0.921434039818111
TNFAIP1	0.920771898049233
RP11-443B7.1	0.920233770223595
VRK2	0.919725291731625
PNMA1	0.919185232950118
PLAGL2	0.918641615580643
TSR3	0.918526343847969
NDUFA13	0.918015835920782
PPP2CA	0.917684610938602
PWP1	0.917667692221401
APEX2	0.917021477818835
C12orf55	0.916193212371988
POLDIP2	0.915583762406148
TTPAL	0.915056665249947
RAD51	0.914074659305007
TRUB2	0.914040192612436
ABCF3	0.913498134132963
RN7SL1	0.913269155438264
CLPP	0.911282833214178
ETFB	0.91089265710926
PPFIBP1	0.910285584611836
ATP5H	0.909520607580243
USP37	0.909043825635418
NDUFB1	0.909014631504973
BNIP1	0.908911573361732
TRIP13	0.908840282085528
INSL3	0.907188516438188
CAPZA1	0.906704131502691
ST20	0.906597820139427
HBS1L	0.905572274131443
MCM2	0.905219554519544
NPC1	0.904816442132732
U2AF1L4	0.904810116940164
ZCCHC24	0.904761656931319
CDCA2	0.902692605958753
KBTBD3	0.902522360812172
PKMYT1	0.901046727300404
GCN1L1	0.901017992702733
ZNF197	0.900994702582337
TNFAIP3	0.900616987045799
LMAN2L	0.900428108194557
UTP15	0.899451981275672
FKBP15	0.898549408858351
ATP8B3	0.896919322178061
FAM229B	0.896616092986613
RP11-395B7.4	0.896263104460697
PGRMC2	0.895609882677306
MED24	0.89503219304249
RBM19	0.893979728167796
ZNF682	0.893143039609635
AP2M1	0.892734649884529
LCP1	0.892464296791907
ZDHHC9	0.892264288358394
CNPPD1	0.892216619916703
RP11-181E10.3	0.891743893909433
TMEM231	0.890941573511679
ZNF385A	0.889959810529322
TAB2	0.888794012148124
PRKDC	0.888597504441165
KDM6B	0.888162444102689
NPIPA8	0.887890818156572
GAD1	0.887690023233349
TRIAP1	0.887327965466004
ENPP3	0.887071267653634
RAE1	0.886947802520641
PBK	0.886224716521261
SLC52A2	0.885772317830975
CPNE8	0.884862633438178
TTC39B	0.884707626236444
SLC44A1	0.883860614548176
FAM111B	0.883504732790019
CTNNBL1	0.88339136044109
ZMIZ2	0.882716344817232
GPR35	0.882042860224512
ATF5	0.881208319129613
OVCA2	0.88088685456966
CEP170	0.880493870372794
ZDHHC13	0.880437587360079
HIST1H3C	0.880397403618535
BRCA2	0.880345710814777
ZBTB5	0.880001541301553
EIF2B2	0.879623490815341
TRAF3IP1	0.879132492262194
MRPL28	0.878946293597865
RP11-195F19.5	0.877439378962723
TNRC6A	0.876985682067186
PPP1R7	0.876393949343801
PEX7	0.876039183980571
ZNF100	0.875369711695934
SMAP1	0.873977307586206
CDCA5	0.873369771932743
DHX16	0.873244692987772
SPEG	0.871351186605016
CDKAL1	0.871062716685922
ZNF22	0.869163839863381
C6orf47-AS1	0.867152719389794
ARMC1	0.865638443170666
CCDC71	0.865103106066931
GINS3	0.864383013560834
PSMA4	0.864371496515091
AMMECR1L	0.863179866440522
ZIK1	0.863123176183412
RP11-214O1.2	0.862628230956505
PPP2R2A	0.862512513724938
LACTB	0.862363963831914
VGF	0.861927031933955
RMND5B	0.861793016770096
MT-ND2	0.861305320985997
KIFC1	0.86044097229225
RP13-20L14.6	0.860421412793876
ULK3	0.860361184747033
ZNF396	0.860358799258694
SSR3	0.857850046738512
ZNF350	0.856951148640137
SUMF1	0.856926935045034
F8A1	0.856472538682929
KNOP1	0.856405371405243
AC074366.3	0.855621744142282
DCLRE1B	0.85501715470624
SIGMAR1	0.85485110476649
XXbac-BPG252P9.9	0.85414738786096
PIGP	0.853817847847574
MYEOV2	0.853304500523538
TMOD2	0.85198414575827
UCHL3	0.851638240276155
NUSAP1	0.849126652698502
RGS18	0.848899749779404
RP11-290F20.3	0.848783471231326
PKNOX1	0.848148497909206
LRFN3	0.847772161213757
RAD51AP1	0.847371564191989
ZKSCAN4	0.847010381940652
DESI2	0.846943174515281
ZHX1-C8ORF76	0.846504873099099
SPC25	0.846390112350772
SMAD5	0.844524451399437
AP006222.2	0.844195948770549
AGO4	0.843288188345155
RPF2	0.843236926364276
DEPDC4	0.842677029134451
RBAKDN	0.84121064299683
SSR1	0.840926433866923
FAM89A	0.840704558965519
SF3B3	0.840023899425164
ZFP69	0.83907099787337
FASTKD2	0.83818427829942
DHX57	0.837846731656547
STX7	0.836874132979636
ALYREF	0.836746987836602
PFN2	0.836722970463536
HMGB3	0.835046842561223
FANCI	0.834774944640194
ATXN3	0.833991055416585
NHLRC2	0.833260196526611
GORASP1	0.833091519414172
C1orf35	0.829790257510251
TG	0.829693288786312
SLC7A1	0.828074226494162
ABCC4	0.826973991980266
GTF2F2	0.826845278149724
CTD-2013N24.2	0.826760024808231
S1PR2	0.826599286745685
EIF4A1	0.825438943942373
TNFRSF1A	0.825193278018181
PRADC1	0.82328116128181
NUDT16L1	0.823105013435573
CUEDC2	0.822179745668323
F8	0.82150792403149
IL21-AS1	0.821468351424358
KBTBD4	0.820544850638116
TSC22D3	0.820330321600515
POLE4	0.819935360232872
RIN1	0.819866850406985
LINC00893	0.819759579073144
RBCK1	0.819144296347603
CRTAC1	0.818111950713094
IL27RA	0.817648877911819
BTBD11	0.817614438341297
DAK	0.817321057966992
PHF6	0.8168790296751
ABL1	0.816785904335265
TBCCD1	0.816620828508112
ARFIP2	0.816058206078081
GTF3C1	0.815619501988762
PCCB	0.815540975678857
CDKN2C	0.814799106165984
VPS28	0.814450374097574
MR1	0.814298506595799
CLSPN	0.813690696969058
VWDE	0.81290322025227
LLGL1	0.812900974902552
C2orf69	0.812634202637824
AK3	0.812097943231067
BAI2	0.809863328725531
GARS	0.808763416715563
GOT2	0.808371404293398
GNB4	0.807815915914615
GTF2H3	0.80780514551206
RNASEL	0.80736036059949
LARP7	0.806916063998336
FRS3	0.806286150632113
CELF5	0.806144900617252
WDR53	0.804976213113129
HECW2	0.804841654437774
KIAA1598	0.802814977952854
PSMC6	0.802643168790417
ZNF480	0.802224131790935
CDCA3	0.80215044418689
FAM188A	0.801041724205557
PARP14	0.800600465527064
SRM	0.799691583753168
RP11-6O2.4	0.799091003297861
UQCRFS1	0.798546632977195
CDC34	0.798146634533472
ITGA1	0.797088240572725
IFI27L1	0.796323114139822
RAD54L	0.795481379374907
UAP1	0.794683340862167
EEA1	0.793849012035701
HRH2	0.79382469385711
PSRC1	0.793316006150872
HINT1	0.79223231213248
ADAM10	0.791552526731649
CD163	0.790953537312787
TSSC4	0.78889139286589
PRMT6	0.788807272964152
HEBP1	0.788465029704717
ZNF320	0.788383077115824
SLC37A3	0.786651476698075
HAUS1	0.786621357327128
RP11-214O1.3	0.78589262644899
PIK3CB	0.785660262642561
NMI	0.785085538783662
PCGF6	0.783143691688671
WDR36	0.782831516672486
RNF25	0.782648334467862
EMG1	0.782631126211483
SOBP	0.781375647628202
SLC26A4	0.780941588327454
HIST1H2AJ	0.780162692275806
TNPO3	0.779365679573062
IFT140	0.777312060892432
CYP2J2	0.777277696952824
UBR1	0.776772207030211
DUSP12	0.776010539634518
CCP110	0.775751027300774
MPV17L2	0.775647630267984
GPANK1	0.775317270693726
OSGEP	0.774527772504827
MFSD9	0.774468041194811
CDC5L	0.774382623888951
AP001258.4	0.772818970850689
CDC45	0.77260091673863
LINC00152	0.772572249067413
ESCO2	0.771848883166898
PEX13	0.771081258671291
CLMP	0.770511360081206
RAB15	0.770348289027841
ANKRD17	0.770059939874252
DOK6	0.769449788554441
AK1	0.769143560589701
CKAP2	0.768416576830097
POFUT1	0.7682745083843
TAF7	0.768105938143178
RP11-452L6.5	0.768097639501908
NSMCE4A	0.767705220302784
DHRS7B	0.767241373034621
LINC01146	0.767165307178427
RCOR1	0.766109146884517
AP001046.5	0.766015300379911
ZFP3	0.76550570049441
ST3GAL5	0.763142279360441
RTEL1	0.76253557615301
RRM2B	0.76236769695136
LINC00598	0.762233508669235
GIT1	0.761788237110627
PPP1CA	0.76124538716043
MAP3K14-AS1	0.761134331805134
ANXA11	0.760859049734515
CCT7	0.760789178500808
RP11-298I3.1	0.759714105784702
MYBL2	0.759379754819219
ELMO3	0.758765759469906
CENPM	0.756875363787487
CTD-2162K18.5	0.756862682146329
MBNL1-AS1	0.756189390372346
FMNL1	0.755804861712999
LINS	0.755100089536442
SHCBP1	0.753831565122487
RUFY1	0.753668530034523
DLGAP1-AS2	0.753464650720007
E2F7	0.752339121793227
VARS2	0.751369429996514
ZNF528	0.751085698788758
KIAA1524	0.750646504386557
ZBED6	0.75047456220422
RP11-96K19.2	0.749548066490687
FBXO44	0.749467934093247
KCNG1	0.74705591304004
PPP1R8	0.746600848292674
NUDT15	0.745827453879653
PHF19	0.744767999639157
RUNX3	0.742576467887267
PLK4	0.742196930708427
CCT8	0.741781166734627
AC079354.2	0.741568035968337
ETV2	0.741464438948754
XRCC5	0.741398688868478
SKA2	0.741122077964272
C5orf34	0.740793216956788
PLK3	0.740201120203893
METTL14	0.739851600332098
GNG5P2	0.739752359254126
RANBP9	0.738728487188065
DBR1	0.737857046257303
NDUFC2	0.737714596652482
ORAI1	0.737186902845088
MAML3	0.736533505578665
SAMSN1-AS1	0.73630159321377
ZNF699	0.735692484980287
KLHL5	0.735570936282958
NMT1	0.734614345097372
PVRL1	0.734475653322539
SLC4A1AP	0.734300376935366
AF011889.2	0.732856977949374
SNRNP40	0.732083522018162
ZNF410	0.731480999612051
PRKAA1	0.731442637944818
ABCG2	0.729627899477185
TMEM120B	0.729564509763432
GCLM	0.729447507635836
PRRC2A	0.7287618740523
ASGR1	0.728451941749359
RP11-96L14.7	0.727217258519494
ATP6V1C1	0.726930669148477
BAIAP2L1	0.726927551266161
ADCY7	0.726894716314695
ARHGEF19	0.726875402959598
NOL11	0.726491726645655
USF1	0.726359718487223
KIF2C	0.725615530554732
FAAH2	0.724968460731056
RRAD	0.724466356907178
ORC1	0.723573919625118
TMCO4	0.723399500359404
RCC2	0.723315068106982
AC022498.1	0.723206351419661
DHX30	0.722842571673295
NUDT19	0.722626182406848
USF2	0.722610959042262
COX6B1	0.722251217235464
NPEPPS	0.72217648634665
STXBP2	0.721632528893635
ACTR6	0.721600071594573
SSC5D	0.719259715999347
GGT2	0.718789810172435
DTL	0.718112749323191
TTC13	0.717084471780448
CHMP4A	0.716946311375083
SLC9A6	0.716450080344889
CLPB	0.715879378301296
GTSE1	0.715658057934314
AGO1	0.715656563431896
TNFSF13	0.7149364322231
RP11-326C3.2	0.714234942758088
PHLDB2	0.713907679938649
GTF3A	0.712302921320171
GRHPR	0.712292796210802
ACTR8	0.712228561805082
SAPCD2	0.712169228764369
RAB40C	0.711807962641356
AP001816.1	0.710973579230018
MEX3D	0.710609134177582
PEX19	0.710526116942983
ZNF683	0.71021757057207
SPAG16	0.71007276095097
FUNDC1	0.709961567371951
USP4	0.709947111607296
ESYT1	0.708970160067761
RPS6KA4	0.70811314117487
SGOL1	0.707898452148293
SRP9	0.70758407010526
WDR77	0.707559074974393
PIK3R3	0.705861754148587
DCP1A	0.705055616056215
C8orf37	0.70499044848068
USP13	0.70464225712141
TNFRSF10D	0.70412162960347
RAD18	0.703690403188984
MBD4	0.703651888553431
KIAA0232	0.703339668531829
TMEM223	0.701340886296313
OPA1	0.701295960484868
SOD2	0.700478303063548
ATAD1	0.70011565522385
CENPW	0.699410787491971
ZNF578	0.697561276593694
DHX9	0.697215851003569
LRRC8B	0.69699097726923
RNF185	0.695830802763818
ASF1B	0.694799202499684
PSMC5	0.694007977747092
CHCHD4	0.692965208230049
AUNIP	0.692805114591529
B4GALT6	0.692613819196824
CRIPAK	0.691526460238478
HDAC6	0.691422183718161
SNHG15	0.690062562000897
MAZ	0.689706891576582
AGAP2	0.689271761682895
RP11-347C12.10	0.689018793511435
STK36	0.688484412527043
ZNF85	0.68794326348645
KIAA1875	0.687868303193972
EIF1AD	0.687690807535597
MFSD12	0.687605996268145
UVSSA	0.687209042727293
AC009065.1	0.686706303338451
NIPSNAP1	0.686365910220206
CLDND2	0.686224421637564
HMG20B	0.685977745178616
PGLS	0.68563702325647
ZNF546	0.684666834337179
KIF20A	0.684168038510384
CBX3	0.683901466561286
NUMA1	0.683585741015768
ARHGAP33	0.682412751714366
CDCA8	0.681806034416222
RP11-167J8.3	0.681405233491697
ABRACL	0.680912955451563
SAMD8	0.678894526006483
RP11-83N9.5	0.678810099360731
KLHL28	0.677990637530139
FLNA	0.67774119618324
TGIF1	0.677441853015899
CDK17	0.676691723709984
GMNN	0.67642558262603
ZNF616	0.673068032707148
SMIM4	0.672824827357727
RP11-17A1.3	0.672625919591717
GRWD1	0.672571013593689
ARPC1B	0.671407850481729
MARK4	0.671089058806892
NUF2	0.670478819118149
NELFB	0.669759151445823
RECK	0.669649036844926
APOL2	0.66951516538766
IFRD2	0.667799023699596
CTB-43P18.1	0.667241547822777
WDR82	0.667038476681963
LILRB1	0.665863158574129
DYSF	0.665851708369065
NCKAP1L	0.66543104290146
RP11-1149M10.2	0.665240897610089
EEF2K	0.665002557657934
CLP1	0.664547463132938
CD164	0.664309445069099
TARSL2	0.663905013278978
SH3RF2	0.66388770490393
SENP1	0.663038987780932
C1orf53	0.66178680419965
RALBP1	0.661475588546452
SUGP1	0.661391569508044
SUMO4	0.661302203906985
GSG2	0.661266842009803
RFC4	0.661254531946393
ZDHHC4	0.661244480555829
ARHGEF9	0.660601327513445
MPP7	0.659941904712271
SERINC1	0.658518921157082
PARS2	0.658402743703557
TRAK2	0.658272484165839
SNX16	0.657856999569129
OCIAD1	0.656986929920166
CARD11	0.656831749864064
TMEM248	0.65678025435088
ZNF669	0.655950570701479
AP2A1	0.655945541040082
CHAMP1	0.655847608201344
HIPK2	0.655836161557474
TSHZ2	0.655328480965754
KIF11	0.655305182313897
C17orf53	0.655262218377408
MKNK2	0.65449310498211
STX10	0.653192193421443
RP11-483I13.5	0.652895515105578
ZNF563	0.650654333670794
TREML2	0.650588000212588
GRPEL2-AS1	0.650446138031556
GRAMD1C	0.649829284046935
PARL	0.649774412342852
RP11-47I22.3	0.649674611719884
SMC4	0.64844214164548
USP1	0.648147548085729
SEPN1	0.645758508387488
ZBTB45	0.643514432231698
ERCC6L	0.642167415275902
LINC00657	0.641885545908484
HIST1H4I	0.641721718109284
DBNDD2	0.64162609707071
AREG	0.641530696631882
GALR2	0.640837606054242
SLFN13	0.640790670895616
ANLN	0.640678463318051
SUPT5H	0.639800666531888
CENPU	0.639595556599212
AC017002.2	0.638874784333256
TMEM63B	0.638699221718647
CENPE	0.638429155114923
ERICH1	0.638286951951169
SRRT	0.638237709865538
WDR90	0.636748356678831
TELO2	0.636532591494118
AC104820.2	0.63641675841051
MAD2L1	0.636403834896207
TRAPPC2L	0.635676121116222
C16orf62	0.635548529128459
BLOC1S1	0.63537396709832
SKA1	0.63526997812632
CTD-2357A8.3	0.634980487111099
STIL	0.634898411915037
AKAP11	0.634716736139977
DIAPH3	0.633506474845139
RPGRIP1L	0.633314141298996
RPE	0.633148124277852
AP1B1	0.632769876782438
XXbac-BPG252P9.10	0.63210624060855
CHEK1	0.632001218142125
LYN	0.631630404775986
TALDO1	0.631139728401955
CEP250	0.631134306801578
SETMAR	0.630761625219252
BCAS2	0.630756400293019
LMBRD2	0.630399477515678
PIEZO1	0.630309094716884
FNDC9	0.629048497448903
FAM98C	0.628387260170263
PSMD4	0.627349615467097
TNIP1	0.627337756712602
PLCH1	0.627182832890684
SETD8	0.62703503945085
TMEM19	0.626827779631905
HIST1H4D	0.626679224583953
ATF2	0.625910113183728
RAC1	0.625631597168175
ARHGEF10	0.62562671361088
TMEM164	0.625505028512866
SUPT6H	0.625183375712478
ADPGK	0.624559531146724
ZMYM2	0.623195842123287
SMARCAL1	0.623140659224612
SERPINB9	0.622992721407239
MCM10	0.622401096579597
CCDC50	0.62160018080986
CTD-2336O2.1	0.620765248701957
NUCKS1	0.6202134472697
SLC39A11	0.620033610648924
IGSF22	0.619892025459441
FASTKD3	0.619057747784281
SIGLEC9	0.618478313679542
GOLGA7B	0.618336751204211
MAP3K10	0.616710787603732
CTNNAL1	0.615883509868598
ZBTB8OS	0.615572695986199
DDX58	0.615283936683949
PARPBP	0.614922710507157
C5orf28	0.614858315942662
EMC10	0.614765824451309
RNF13	0.614615523808679
TUSC2	0.614140673216411
ZMYM5	0.614081487378295
HPGDS	0.613952922111679
CD3E	0.613730562844639
DVL2	0.613523799585969
NUDCD1	0.613235181608219
NDUFB11	0.612963662204323
ITPKC	0.612260043777071
RRP9	0.611105881900891
MOK	0.610801421592072
MTFR2	0.610619453162233
PPP1R18	0.610352007179668
KIAA0556	0.61032194203228
CDC6	0.609531603372604
TTK	0.609440837539074
RASL11A	0.608995210335624
TRIM24	0.608984957632028
LINC00672	0.607484116226296
NEIL3	0.606868896415722
NEK2	0.606716739212994
ICT1	0.606508914404644
PIP4K2C	0.605511916862728
TMTC3	0.605157979666752
MIR302B	0.60508216293446
LIN7B	0.604990889993821
ZNF460	0.604731178567729
KHK	0.604505987634869
EIF3B	0.603952615189958
FLJ27365	0.603430873889786
FAM212B	0.60189542695652
SERBP1	0.601533428594356
RAD51C	0.60124454146157
CD99L2	0.601228268627358
EXOC6	0.600052334283338
SUV39H1	0.599698459321098
EXD2	0.599340619199186
ADO	0.598754459120634
AGPAT5	0.597850724214434
ING2	0.597665007268366
LGALS9B	0.597104692725707
CCNE2	0.596743164430063
EPHB1	0.595827515329561
PRKAR2A	0.595200820830377
THYN1	0.595117142725305
ETV1	0.593920460224043
DGCR14	0.593536883609373
KTN1	0.592863921800154
UBXN11	0.592810473010441
RP13-977J11.8	0.592249313071852
CTC-444N24.8	0.591800495073397
RP11-380O24.1	0.591710355303761
ZNF441	0.589428061755962
MRPL19	0.588999785553556
JAGN1	0.588966782359336
WASL	0.588381137822087
ANO9	0.587262717283541
GABARAPL2	0.586728435535973
PDIA5	0.586573806415156
RP11-802E16.3	0.586511286739691
HAUS2	0.58612992505532
HIST1H3D	0.585995040379413
MED21	0.585985710745644
OAZ3	0.585274547753342
GPR65	0.584487110004446
LSM3	0.58391944260391
ATP10D	0.583880565043785
NHSL2	0.583857692789842
SAT1	0.582830429973498
USP8	0.582222384432079
LINC00265	0.581259768829011
PROCA1	0.581158551736043
MBNL3	0.581068660156348
PDE6D	0.580501405281612
HADHA	0.57986699331589
WDR26	0.579664338709644
REEP6	0.578876754138642
HIST1H1B	0.577662676244205
OSTM1	0.577642978646753
TRBV11-2	0.576958475524508
DNASE1L1	0.576508095822085
EEF1E1	0.575775673816986
BRIX1	0.575722235445542
TNKS1BP1	0.575519782630353
PLEKHA7	0.575168161297128
HAX1	0.575063275410716
PQLC3	0.573964343946265
PIGK	0.573850002769556
MXRA7	0.573595264829629
INTS5	0.573523338761003
METAP2	0.572765227633199
CDK19	0.572558621254408
KIAA0825	0.572400644759464
ZWINT	0.571826128147016
CDC42SE2	0.571754881011324
FNTB	0.571325782515184
SERPINF1	0.571185349995545
PATL1	0.569771237006754
C12orf49	0.569594135492104
TSTD2	0.56885224846212
EPN2	0.567644177916571
NFS1	0.566997137601216
AC073834.3	0.566407147264775
ATAT1	0.566101866433547
PUSL1	0.566010293151657
SLC16A5	0.565013549229141
POLR2D	0.564843715986307
UBTD1	0.564785822482114
ARHGEF6	0.564634383620484
CFLAR-AS1	0.564222126865945
TTC1	0.563770159655554
HSPBP1	0.563594820019534
MIR503HG	0.563506572703596
UQCRB	0.563134926459235
ZNF589	0.562943628621587
ZNF296	0.561764569054685
TACSTD2	0.559398571418294
LIPE	0.559030929644559
C19orf57	0.558836777723342
GPBP1L1	0.558653277020708
RRM2	0.558577330488429
SUPT4H1	0.558285274574348
GINS2	0.557992281888188
ADNP2	0.55796686120098
ORC6	0.557873481301346
MYNN	0.557712994445686
TSFM	0.557328492398414
FAM222B	0.557263851371613
TNFSF9	0.556570951314019
KIF24	0.555929374676275
ABHD3	0.55568563526379
HECTD3	0.554816223484573
CCDC73	0.554172425729652
MCAT	0.553991640069124
SARS	0.553106345703638
PCYOX1	0.552978347706746
RANBP3	0.552861016216697
LRRC59	0.552277474967925
SOX6	0.551301067450994
CYC1	0.549335919175133
SRRM1	0.548876662787427
ZNF367	0.548814758162027
CHMP1A	0.548506546785524
POLI	0.548307432643858
UBE2V2	0.547891251495858
FOXN3	0.547600222681566
MICU2	0.5473921649793
RP11-568N6.1	0.546916226615835
AC079210.1	0.546570871676057
ZNF555	0.543918872068195
SF3B1	0.543549258962552
BARD1	0.543367432022292
SHARPIN	0.542168337084835
RP6-91H8.3	0.542052480257482
MUT	0.541345254626352
MIS18A	0.539970088377938
IL10RB	0.539897983261701
SLC7A7	0.53873053645161
CAPRIN2	0.538390926131779
BMPR2	0.53696096583717
AGL	0.536719166134917
MT-ATP8	0.536533777816811
RP13-638C3.4	0.536158049909452
SUPT7L	0.534814944725803
RP11-445H22.3	0.53474158908094
SF3B2	0.534583038141577
UBR4	0.53407319559081
WRN	0.533914445560974
RMI1	0.533849505261629
ATRN	0.533691101504718
NAGLU	0.533258439815862
TTC31	0.532879812099314
CSNK2A1	0.53285447525999
GPR34	0.532558363433763
H2AFX	0.532431180329753
MTX3	0.532318913430851
GORASP2	0.531943586221338
TTLL7	0.530423462696875
ALKBH5	0.529921957857288
SPATA21	0.52893815663203
MAPK12	0.528316096723954
FAM60A	0.527634948540402
SCFD1	0.527341920784211
RP11-927P21.1	0.527218826559518
TMEM129	0.527076272357679
ARID4A	0.526956466392338
KIF15	0.525976527417708
PMM2	0.525248170668959
EXOSC10	0.525101150927127
CYP20A1	0.525064412680475
TMOD1	0.52493742633246
ZNF14	0.52413437986238
RTCB	0.524016893900963
CENPP	0.522871895449645
ZNF280C	0.522747803700063
PTPLB	0.521900116979119
IL17A	0.521723676609256
TBC1D19	0.521097292877245
CDC25C	0.520509767897164
WDSUB1	0.520428425200708
POLA2	0.520246525567045
KIAA1407	0.519857716473771
FANCE	0.519670445547936
KIF27	0.518815442618417
FBXO5	0.5185585503457
DUT	0.518325433428837
AMZ1	0.518110130284373
MXD3	0.517685689073565
TBC1D24	0.517161304111536
GTPBP2	0.516991385926136
HFE	0.516765997652301
PANK4	0.51656132173605
RABEP1	0.516403555986203
KIAA1143	0.514713316209911
NRD1	0.513777404228787
COMMD2	0.513721624320698
C1orf51	0.511751353166594
SUMF2	0.511589608877308
WDFY4	0.51101916468114
E2F8	0.50950568626242
PLCXD2	0.508848889854183
CCDC153	0.508817333810018
PI4K2A	0.508700786863911
TECR	0.508082447327216
PDE1B	0.505314063536129
USP32	0.505137255430889
ZNF598	0.504426148888446
HIST1H3J	0.503940851200132
SYCP3	0.503841684358262
EZH2	0.503758261641428
HADH	0.503475784431287
ERGIC3	0.503251139385013
METTL21B	0.503069730689185
C6orf201	0.503019918684989
RP11-677M14.2	0.50289661694024
GUCD1	0.502826667148455
NCOA6	0.502476383328415
RP11-134L10.1	0.501709496548156
AKT2	0.501486299292663
SIX3	0.501360232257638
LIN37	0.500943842659352
COL6A3	0.500424996902878
EML4	0.500412456077558
CLTCL1	0.499209784060336
C14orf80	0.499017582398227
CRELD2	0.498734471286289
GLE1	0.497894173953089
BORA	0.496707614900728
ATAD2	0.496312335799498
OSBP	0.496245331285683
PSME1	0.495312222411891
CTD-2012K14.3	0.493790058122134
FAM72A	0.493368479002949
METTL18	0.49313174347197
PINK1	0.492936043745685
SPATA24	0.492424131798723
NCOA5	0.491975938041916
AC120194.1	0.491599589557348
PAK3	0.491544886880833
SRP72	0.491501407286415
MIF4GD	0.490242696430294
PURB	0.490187762171295
B3GALNT2	0.48996100864832
SLC35A3	0.489333479638408
ZNF180	0.488905510471421
PRC1	0.488757455621295
DDX49	0.488027011555485
TRAPPC6A	0.48784525608398
MCF2L2	0.48758300218676
CTD-2033A16.3	0.487090905323832
BBC3	0.486696860256577
CCNA2	0.486625349711711
ZNF25	0.485092577752353
SEC31B	0.484878755666788
BRD2	0.482498593026221
ZBTB21	0.482234837612714
FAM149A	0.481448951134514
PRCP	0.480570410662851
DHX36	0.480125516782277
ZNF512B	0.479247405483007
GSTZ1	0.478787193654481
CTB-96E2.7	0.478587518048222
MED29	0.478488203272797
RP11-112J3.15	0.477819457476474
TSC22D1	0.475350927759526
WDR76	0.474343833659218
PRPS2	0.474118620434852
PFDN1	0.4739787844923
MED14	0.473491292041335
COPRS	0.472790489934622
SMU1	0.472645947910197
CTD-2020K17.1	0.471958408323001
ENG	0.47135159418076
SPAG5	0.471336984649842
PTPN23	0.470553244920548
VTA1	0.470311175900667
ZNF3	0.470135160019473
CARHSP1	0.468076307341891
JMJD8	0.4675922022636
MAPK1	0.466919357713008
TTLL12	0.465572868750639
LMCD1-AS1	0.464836106530936
PIGQ	0.464301755086064
KIF4A	0.46424797702677
LINC00883	0.464101816166516
CTD-2636A23.2	0.463783048963266
RSPH3	0.463568438838815
HNRNPM	0.46254547997542
LL22NC03-75H12.2	0.461880910099513
KLHL15	0.461695239698198
MRPL48	0.461364156686151
RAP2C-AS1	0.461110016862425
ZNF44	0.458483320729913
EXOC2	0.457783703114327
USP31	0.456973246620971
CTSS	0.456340023859905
TICRR	0.455733507103195
RP11-61A14.3	0.45507756625173
IKZF2	0.45457837071622
ABCF2	0.454224472239756
EPRS	0.454062277994611
CCT2	0.453171217150379
AC009133.12	0.453090593571406
SNX22	0.452981625036082
CTD-2260A17.1	0.452777369148837
CUL2	0.452688415413848
ZDHHC2	0.45259094350542
STT3B	0.451736205428613
ABLIM2	0.451687758792098
SHOC2	0.45072258892583
LNP1	0.450474960518998
ENTPD5	0.449712977531004
HARS2	0.449070850966974
HNRNPR	0.448360472473801
TIGD5	0.447842167088654
RRP8	0.447517101824453
OPA3	0.446713082137795
SIRT6	0.446601013531266
MECR	0.446392612327144
SPECC1	0.446156017042923
C19orf24	0.445772542784363
LRRC41	0.445448717251052
GAPVD1	0.445360098617766
CD300LD	0.444824735160853
RAB5C	0.444004700960972
SORD	0.443543072073749
GFOD1	0.443490417810654
HIST1H2AL	0.441745250668989
SMURF1	0.441581990075392
TMEM97	0.440853468877614
RBBP4	0.440715203598232
WHSC1	0.440111661450644
DAP	0.438888229860744
PDCL	0.438113588306741
ASF1A	0.437216106721104
MLST8	0.437198907620206
MCM7	0.437191925967053
ARHGEF7	0.437089147004904
SRR	0.436959977979154
C3orf62	0.436951198345671
DOLPP1	0.43689413887611
FAHD1	0.436723685895725
LSM11	0.435990904483348
TK2	0.435836577029517
MCUR1	0.435617435276085
AC159540.1	0.434646493867397
NIP7	0.433031103947915
INF2	0.432901212631936
RP11-540A21.2	0.432378021377081
C2orf44	0.432354444085993
FNDC3A	0.431952480983799
SPATA13-AS1	0.431728998265206
ZNF653	0.43134917657657
RAB4B-EGLN2	0.43069167806473
STX2	0.430206440316994
ALKBH1	0.430059798825958
TRAIP	0.429761186135654
THEM4	0.428959515641485
COPS2	0.427436168389182
RP11-275I14.4	0.426920591645075
EIF2S2	0.426920376575123
ZBED1	0.425484268736254
MYH15	0.42532400986141
C5orf51	0.424853171433501
ZNF777	0.424844103865459
PPP1R9B	0.424268438308526
COX6A1	0.423250347799637
HOXB7	0.423226940906956
POMT2	0.422596526134594
GFER	0.422126583794135
MINOS1	0.421562244087844
MTFR1	0.421182355869592
TARBP2	0.418773446208625
ANP32A	0.418040445016065
RGS14	0.416822349930847
DRG1	0.416658838676194
CA13	0.415809012338071
POLR2H	0.414903565471231
GGA2	0.414351997670826
LINGO3	0.412934666946256
TSTD1	0.412427259592632
DNAJB2	0.411950826607373
TGOLN2	0.410906500959772
BIVM	0.410615449562539
RP11-342M1.3	0.410271127304456
EXO1	0.409958694734397
ZNF668	0.40992203408328
AVEN	0.409770287956925
ROR2	0.4093425793292
UBE2Q1	0.408760075536461
GPCPD1	0.406208223955457
ARHGAP31	0.404642420875578
RNLS	0.404111330027578
SEC61A1	0.402893728477731
JMJD1C	0.402451997711628
RP11-326I11.4	0.401628490397763
NSUN4	0.401374645112749
ERI2	0.401363107945375
BAX	0.401128631180294
R3HCC1	0.399709556337581
PSMB10	0.398342407275788
CCDC173	0.397838898270926
AURKB	0.397313718982611
MIR29A	0.396154413953627
DHRS11	0.395080212487328
CSNK2A2	0.394802195175907
ZNF621	0.394099007993162
ELMO1	0.393848613232015
TMEM128	0.393235287712402
TRIQK	0.391591260988858
LANCL2	0.391141027369732
SLC12A2	0.390679431988696
BRCA1	0.389304192804894
SPAG8	0.389008549656761
PITHD1	0.388494131195674
ZNF585A	0.388091143321566
PRRC1	0.387293810398435
TMSB4X	0.387061761759282
MYO9A	0.386985706009159
EPHA1-AS1	0.386743566193116
MCM5	0.386166462260049
LGALS9	0.384724921087827
NRBF2	0.383488553520736
NUDT1	0.383488119695532
TMC6	0.383466354879786
MSH2	0.382614949833044
LILRB2	0.381073090444757
DEPDC1	0.38102922358647
CABLES2	0.380359343261801
MAP2K2	0.380271829991169
NDC1	0.379903245488492
IARS	0.379847536949814
STRADA	0.378530846865854
RP1-178F15.4	0.378110027972689
MND1	0.377998388377632
CTD-2162K18.4	0.376102979174158
CARM1	0.375634104097676
KATNA1	0.375620896436002
MAPT	0.375186239847617
CYHR1	0.37516817877135
ZNF816	0.375040256495914
DOCK7	0.374161228562217
DDX42	0.373714505206745
CENPO	0.373061905037761
SH3KBP1	0.372477680032486
SLC35A5	0.371193639419474
DNM2	0.37100281101691
PPT2	0.370655356764807
CHD9	0.369837990225727
PGS1	0.369728742206347
NAF1	0.369014850510619
CSPP1	0.368933674112079
SPA17	0.368570035146077
UBA2	0.368001754985198
TXNL1	0.367939799149781
POU2F2	0.367647466230262
SRP68	0.366207738582889
B3GNT4	0.366124905976502
LIMK2	0.36540356393458
UBQLN1	0.365113137501282
OTUB1	0.364967193960959
ENO3	0.36447418456857
SRSF11	0.36431426623513
MRPL55	0.363799361411086
DNAJC8	0.363785849825442
FAM228B	0.362807120724277
FOLR3	0.361294392576464
PXN-AS1	0.360741587387932
HIST1H2BM	0.360730376986311
PYCR2	0.360630336100859
DND1	0.359038215365795
SLC35E1	0.358855194261117
ZNF518B	0.358731068063944
PSMA1	0.35870815178297
ADCY9	0.358391030972265
C11orf58	0.353471216161819
ZW10	0.353294316033143
MTMR12	0.353091483165826
ATP5I	0.353041868968778
TNFAIP2	0.353004133732998
PHACTR4	0.352753775283204
ATP5L	0.351891371899348
CTPS2	0.351719187696737
MYCBP	0.351374301073025
STMN3	0.349070050147597
GSTM1	0.348454975239377
CCS	0.346664917674295
HIST1H1C	0.345755553965983
MCM4	0.344841200146845
CFL2	0.343690191408241
ABHD11	0.343665382510267
ZBTB2	0.343232132703822
RP9	0.342054470259884
TYROBP	0.341831894837778
CACNA1F	0.341358461201387
COPA	0.341288412504859
RP11-586D19.1	0.340887875344169
BET1	0.339545784105808
RP11-326C3.7	0.339362131360679
CCDC150	0.33911934054247
UHMK1	0.33901072918534
ANK3	0.338690016654081
RP11-440D17.3	0.338084255381286
FLNB	0.338045121627536
IKZF1	0.337219155053952
DMC1	0.33614692585242
ZFHX2	0.335758541825717
FOXM1	0.335032087515339
HAR1A	0.334875224106951
DDX39A	0.334495206280291
EAF1-AS1	0.3343182730206
ZNF446	0.333690434555643
TCEA2	0.333156227585248
CSE1L	0.332794394402533
CIRH1A	0.332525366028366
ZC3HC1	0.332216161593041
ZC3H18	0.332143433113097
COQ6	0.331885621597937
CHMP3	0.331624107901754
ZNF419	0.330653336387492
TBCA	0.330458731372591
TEN1	0.329392102087092
FBXO22	0.328808924736513
EID1	0.327620070123559
LINC00659	0.326849412968103
FDXR	0.326577589803826
FAIM	0.326324944686285
RP5-1136G13.2	0.324176783293065
STRN3	0.324151406432097
RP11-20D14.6	0.324082525472439
HSDL2	0.32384313116375
DNAAF2	0.322662961031392
CPQ	0.321860754467785
ZNF511	0.321524814163163
RSU1	0.320763360915455
MTCH1	0.320571505264213
HNRNPUL2	0.320454863200098
LGALS2	0.320435278183237
COG8	0.319714118223294
CENPN	0.319357898635732
PSTPIP2	0.319202851953403
GPR75	0.318699797500592
NDUFS1	0.318111312344202
TK1	0.317944140200125
C16orf93	0.317895106035919
MLH3	0.317767560649623
CD55	0.317496851352135
CSF1R	0.317461631103716
PAGR1	0.316977988465081
G6PD	0.316920902219955
CTDNEP1	0.316598176426712
MIOS	0.315228214460236
HMMR	0.314992356719374
PLEK	0.313841597948573
FCHSD1	0.311559122265799
AP3D1	0.311468368775894
MBOAT2	0.311077953588708
RP11-213H15.4	0.310732947994717
GAR1	0.310515726919805
POC1A	0.3053837533534
TMEM222	0.30510368744101
SLMO2	0.305097091763003
EXOSC1	0.304646894048887
MAK16	0.304297805220833
CBX1	0.303672190718641
CKS1B-1	0.302919640604559
GALC	0.302900900142505
POLE3	0.30200371860118
U91328.21	0.301970146314146
CCDC3	0.301718931556569
HARBI1	0.301320765346158
MTA1	0.300799972457603
PDZD8	0.29783692749605
FCGR2A	0.296813785823421
FMN1	0.296585201331867
FEM1B	0.295713046642727
ARPC1A	0.295144444148459
HDAC3	0.294937971401085
LSM14B	0.294569666912791
LRRC3	0.29423758296444
RNASEK-C17orf49	0.293281303285416
SPSB1	0.293241966733979
ZNF468	0.292976884593486
CAPZB	0.2925626269374
CENPF	0.292546048327679
C9orf40	0.292426791101277
KNSTRN	0.292190124181382
PLAT	0.291490779151022
POLR3GL	0.291078440825238
CTB-58E17.3	0.288323081979383
FZR1	0.287850167310449
HDLBP	0.287591198880507
CDC37L1	0.287321915826036
BOD1	0.286810989889942
THOC2	0.286304510575007
TAF11	0.285756582208564
SMEK1	0.285100652663669
FCGR1A	0.285073674461327
KIF9-AS1	0.284350024865595
ZNF132	0.283898542821971
DDX59	0.283765535513744
LIG1	0.283566514078558
HCK	0.28332798186683
FASTK	0.282468271423705
TRAF5	0.28237497971026
KCNAB3	0.282103534432422
FIZ1	0.282077146333403
GFM1	0.281869094382905
ZSCAN5A	0.281538201881635
PLD1	0.281249249519602
ATP5F1	0.281006849518267
MSH6	0.280880566480059
HIST1H1A	0.280683416138484
MCU	0.27994921634771
SLC5A6	0.279594648607864
H1FX-AS1	0.278588605008424
WSCD1	0.278585647944311
KANK2	0.278515989382954
GLMN	0.278272963014757
LTN1	0.277807055057134
HEXA	0.277561899842065
CHTF8	0.2772857395211
COMMD3	0.276821988347915
CTD-2616J11.9	0.276029395389003
U2SURP	0.275305812927923
MYBBP1A	0.275276503237898
SP1	0.274958121589502
RELA	0.273690457651528
CTD-3064H18.1	0.273651987173011
RP11-108L7.15	0.272797253199396
ZNF732	0.272231098467051
ZNF583	0.272225309758263
UQCRH	0.272128983913235
TUBE1	0.270521370533272
BCKDHA	0.270431492469959
THTPA	0.270370607428635
ARL8B	0.270154359146411
RFC5	0.268563887627891
MS4A7	0.268460030080924
ZNF81	0.267420013816874
GOLGA7B-1	0.267285655793093
GNAI2	0.266947517598319
TMEM101	0.266506776075407
KISS1R	0.265914837731801
TMEM184B	0.265794493525637
CRTAP	0.265521318131916
DSE	0.265482620961409
ZNF417	0.265335043797716
DLGAP5	0.264861645839413
ZC3H12D	0.264305496938789
GOLGA8B	0.263196664593062
PLSCR1	0.261260982317649
LSS	0.261174640392686
PTP4A2	0.260563046234329
PARP12	0.25899937878893
NPHP4	0.25799630899781
C17orf70	0.257919017654924
MRPS28	0.256723028755814
COX5B	0.25586485202712
CTNS	0.255738211435874
FBXO30	0.254573554538601
FAM118B	0.254305262948658
RP11-262H14.1	0.254055613972741
AC010226.4	0.254022328475684
SLC19A2	0.2539542690962
PPIG	0.253198009199949
FBXL17	0.253093174946742
LCAT	0.252517982939666
CWC15	0.252503031980527
METTL6	0.25231105426438
DPY19L3	0.251536312031737
TMEM131	0.251353065176847
BICD1	0.251121824646327
UBTD2	0.25097368182602
RHOQ	0.249816073875761
ZNF24	0.249584913591188
RFC3	0.249381383301884
GMIP	0.249178100390726
SLC26A6	0.248660949883437
TAF9	0.248564567319737
RNF219-AS1	0.248441796676951
OIP5	0.248406860438822
MYLK2	0.247968339450708
SON	0.247202365628863
ZDHHC8	0.247172891607483
PILRA	0.246970883602074
TSR2	0.245284019644058
DSCC1	0.245200752701765
SP110	0.245094450758585
HDAC2	0.244991485086242
RP11-27K13.3	0.243795881846172
MED22	0.243274021386952
LINC00630	0.242967279776961
XPO7	0.241499886438975
SENP8	0.240281197863785
CCDC159	0.240214480642279
IPO13	0.239728707171095
COLGALT1	0.23886434690775
C6orf57	0.23840213921086
NUBP2	0.23822947334557
IQCH	0.237951359356863
STK35	0.237185096145647
C10orf91	0.236478819304933
MOV10	0.236297204949819
WDR61	0.236238779476971
MIS18BP1	0.23578058820101
PPIA	0.235021495181504
PITPNM2	0.234422208940936
RP11-727A23.10	0.23438103255355
KLF5	0.234172739990956
MIER3	0.233739924054459
GMEB1	0.233671679539213
SPC24	0.233467543735903
FAM207A	0.232066217096558
HDAC11	0.231685251129091
NIFK	0.231605911523937
PSMA2-1	0.231148491922452
CAPN5	0.230973276254703
CCNF	0.229025803984654
ARFGEF1	0.229006490986108
CTD-2017C7.2	0.228217451491579
CDKN2B	0.228127470327208
CLN8	0.228126890295837
PDCD11	0.228107097287695
HSPA14	0.228031587366598
C8orf76	0.227484444031362
RP11-498C9.16	0.227209855995191
UQCR10	0.225666386660453
MFN2	0.225571867862892
PPP1R12B	0.224888333561054
PSMB4	0.224462927558447
KIF3B	0.223469168532205
BAZ1B	0.223304820083798
FARP2	0.223090272385373
HES1	0.222687355983407
RMRP	0.222099783074092
RCAN1	0.221476423230507
RRM1	0.220977833363418
C11orf48	0.220218476201111
EPT1	0.219847657716454
RP11-96H19.1	0.219706231792652
DGKQ	0.219545288982693
POTEF	0.219185648398462
RP11-88I18.2	0.219078261967664
RP11-527L4.5	0.217145164117089
PIK3CG	0.216218712044139
LINC00342	0.21583036837576
PPIE	0.215742028060013
TSN	0.215615543145964
ZC3H11A	0.215593714511759
NXT2	0.215089082020488
SMAD1	0.214885242141044
CRLS1	0.214502522221312
ALOX5	0.213299104063373
C11orf82	0.211724049424851
SLC25A13	0.211674731811732
SLC25A40	0.21014874992147
CD86	0.209169668554089
ZNF329	0.208446157265711
SERPINA1	0.207181604315962
RP11-73E17.2	0.207081033802778
RP11-574F21.2	0.207010462968775
TLE2	0.206766878742634
DPH6	0.205046756828855
CCDC28B	0.203919665178009
LARP4B	0.201643562237025
LMOD3	0.201541517691355
TPX2	0.200959539162653
DNAJC5	0.200883473451989
PIGA	0.200415626211156
RFXANK	0.199926428409759
CSNK1A1	0.19991654949784
CBX5	0.19909574127464
CHKA	0.197129047766466
PRPF31	0.196506972510569
USP10	0.196438117777071
PODXL2	0.196323338392214
HIST1H2BF	0.195030542601761
RP11-218M22.1	0.194324183558303
SCLT1	0.193908231433125
PPP3R1	0.192814486956139
CTD-2314B22.3	0.192487072908393
SGK223	0.192148759428049
LIX1L	0.191570645272341
ZNF763	0.191178308287662
ZNF846	0.190798393965041
AC145212.1	0.189818576857629
NARFL	0.189704431529589
ERAL1	0.18938758157292
RP11-426C22.5	0.189153219628227
RP11-288H12.4	0.188357850302663
SCAMP4	0.188289009925714
ZNF765	0.187625353675484
C4orf46	0.187269584397776
RP11-793H13.3	0.186869361599589
ARSK	0.186849709169508
TWF2	0.186743736784152
SIK2	0.186653848419005
C14orf2	0.185845323046319
CLK2	0.185550970410898
SMYD2	0.185096574804025
EME1	0.1843367872621
HIST1H2AG	0.181736446765978
RP11-552F3.9	0.181662075013077
HIBCH	0.181561381948197
SORBS1	0.181411274639884
RP11-85F14.5	0.181391469232916
C18orf8	0.18132133272531
PCM1	0.180165062876077
ASB6	0.179924523358319
LINC00925	0.179592187181318
PAK4	0.178846604286017
DDR1	0.177924869860671
FIP1L1	0.177077606333175
IWS1	0.176677091634155
HOXA1	0.176600851064214
MARCH9	0.176202555908977
C1orf174	0.176051523905549
ABCD3	0.175378701785817
CTD-2555O16.2	0.175036158959233
PPIAL4G	0.173822491000576
TOMM22	0.173568104127937
PAPOLA	0.173043460065508
PLB1	0.172070943994793
TRPT1	0.170939732700562
PHF10	0.17026633565557
OAZ2	0.16969231121188
GOLGA5	0.169674356756599
ATAD5	0.169567537160054
ST7	0.169260731029874
MCL1	0.168763548928535
ZNF473	0.167611426758933
HABP4	0.167215705905533
CEP152	0.166765321066802
IPMK	0.166523713379037
CCDC34	0.166344285369641
PEX12	0.165982164079891
NUDT4	0.165484980742423
RP11-582J16.5	0.164954273098022
FKBP7	0.163385535122563
CRY1	0.162637677881801
BCL2L15	0.162335134077787
COX14	0.161866394812459
POLQ	0.161704131326454
AP3M2	0.160843837343619
ABCB10	0.160165839860383
RPL36AL	0.15994223560481
SSX2IP	0.159636568766036
PPID	0.15896492233647
TSNARE1	0.156017418471315
PLRG1	0.156008405725096
UPB1	0.155754399506696
RP11-216B9.6	0.155084811794424
TGM1	0.154933733123176
DCAF15	0.154624992728179
UROD	0.153990608368407
UST	0.153625649425642
DHFR	0.153225743817808
SLC25A15	0.153183131059646
CTR9	0.152516971899286
FAM50B	0.152402743073877
ULK4	0.150668068503218
CASZ1	0.149408417992427
HSD17B4	0.149398769962795
PPP1R26-AS1	0.148791292700725
PPCS	0.148361505313308
GTSF1L	0.145550872250919
CHML	0.145218128036469
RP6-65G23.3	0.144649003472897
EGLN3	0.144436849498105
GABPA	0.14439696473108
NOC3L	0.142856959501768
SUCLG1	0.142632048672625
RUNDC1	0.142245939905166
FUBP3	0.14210798979392
AC009133.14	0.141728434938767
WDR55	0.138623931589507
METTL2A	0.137493418618798
RP11-273G15.2	0.137371138858784
ID3	0.136642472730504
LINC00094	0.13663867202824
MTM1	0.136629489746816
HNRNPA2B1	0.13662786349511
CLCN5	0.135691575438274
AHCYL2	0.135530174476069
CENPH	0.13374890722596
VPS41	0.133740773034051
RP11-134P9.3	0.133113823082272
ZNF839	0.133049851232418
HIST1H4C	0.131480001200223
WDR19	0.131235152919853
MSTO1	0.130968799325016
ZNF235	0.130504406553215
ICA1L	0.130355654593639
AC009961.3	0.130189386131892
ENTPD6	0.129649512239668
HAPLN3	0.128908933517813
C7orf61	0.128537121374021
CDKN3	0.128313514521736
HSD11B1L	0.128253409134794
CNNM3	0.1281718516731
RP11-436I24.1	0.127924231245863
WDR45B	0.127624623368169
CTC-507E2.1	0.126658775693043
ATG3	0.126428826868365
APEX1	0.126260867787417
RAD54B	0.125656210179487
ZNF622	0.125330305850181
TAX1BP1	0.124147626163845
MT-CYB	0.123886400169044
NIPSNAP3B	0.123443598106544
HIST1H2AI	0.122856219420511
ERMARD	0.122761710913661
RP11-173M1.8	0.122613048359564
ZNF227	0.122611890625824
RAB12	0.122602514913659
RAB20	0.121915452113546
CLDN12	0.121826049469402
CAMTA1	0.121589177697098
KIF14	0.121376243464674
MT-CO1	0.121173609124893
SEC61A2	0.120235569074115
CFD	0.119700807571449
MVB12A	0.11926598142446
ASPM	0.118382490815184
ADAT3	0.118136137506498
HECTD4	0.116519355502861
USP27X	0.116295038044247
KIAA2018	0.116254085973645
RNF146	0.115636066095756
CHRNA10	0.115352625009362
GLOD4	0.115344687267464
ATP13A4	0.11531992270372
MRPL37	0.115248376728191
POLA1	0.114909466532
RPS6KB2	0.114664831039326
ABI2	0.114534907791378
TRIT1	0.113682631276161
ZNF821	0.112993045726203
AP003419.16	0.112900274038729
MDP1	0.112123054605822
CCDC78	0.112048109654152
RBM23	0.111725518297676
HIST1H4L	0.111274352440174
ZBTB22	0.111189225376788
ZFY-AS1	0.111130146343163
SUSD3	0.110716896018448
ASXL1	0.110468260784859
ARHGEF4	0.110384325534015
ZNF780B	0.108426021972887
EXOSC2	0.108405400537094
GPR114	0.108384739018106
FAM215A	0.107067189133231
CD84	0.105488655813109
FUZ	0.105270162949835
DMD	0.104705194890966
ATG7	0.104583036387392
CEP120	0.10299511390583
SLC25A28	0.102695188889245
ZNF233	0.102653281847297
PPP3CB	0.102263224113976
ZNF677	0.101388835262491
RP11-367J11.3	0.100451646932137
RP11-158M2.3	0.0999807553985
LMLN	0.0995071763425459
BBIP1	0.0989053624372696
EXOSC8	0.0987865592586999
ANO10	0.0985315883967123
ZFPL1	0.097763236865015
PIGW	0.0968188774143064
RAB8B	0.0958942284688019
QSER1	0.0957979096845464
PELI1	0.0957326313998331
RP11-498C9.15	0.0952593776895516
AC093673.5	0.09358619654602
PLEKHM3	0.0930565769837373
RNF139	0.0929680639439937
VPS9D1-AS1	0.0926847610010479
GJC3	0.0923672668063046
OXNAD1	0.0912164945525486
GLTP	0.0909554140342813
HEATR2	0.0907667784244149
ZNF865	0.0897588207854192
LTK	0.0895377186548305
ETAA1	0.0893679907547176
SSRP1	0.0885451798272935
DHDH	0.0882554224612574
SMARCD1	0.088247594213603
SLBP	0.0881419316533844
JAK2	0.0880928523350721
CIRBP	0.0877744003386219
GAS2L3	0.0872715551356168
SUPV3L1	0.0870529389836126
RP11-16E12.1	0.0869096230070349
TRMT1L	0.0866422296530911
RP11-347P5.1	0.0857349585955614
SREK1	0.0853900687130826
WWTR1	0.0850389321239489
DMAP1	0.0846079979740283
CCNG2	0.0845341135672647
ITPR2	0.0842582068686018
PEAK1	0.0832954140529408
SYTL2	0.0832230803593262
LRRC29	0.0825259684289741
PSKH1	0.0817592842697877
POMK	0.0810376901056975
BBS5	0.0809609282201571
MADD	0.0795239126809805
IFNAR2	0.0794668797285983
VASP	0.0784902099563842
USP28	0.078480581850647
TMEM115	0.0779668006868171
RP11-1299A16.3	0.0775384430308524
GALNT7	0.0774640232476773
PCNXL4	0.0771631209193358
ZNF506	0.0768147831436796
HAUS8	0.076770578354503
RP4-794H19.4	0.075761452111101
C5orf22	0.0753672472512227
ABAT	0.0744332069838896
ZNF292	0.0741243619337322
TDRD9	0.0738021511811114
SCRIB	0.073661659484716
RP11-111A22.1	0.0723795215163142
ARHGAP19	0.0717600944556057
NDUFB8-1	0.0715211715721053
GNS	0.0714169643850806
ZNF140	0.0710592720726752
TRIM61	0.0697078455662204
CNOT11	0.069128262296845
MRPS33	0.0690661266296306
DEXI	0.0687021052295762
SYP	0.0685921185485439
AFG3L2	0.068525357240248
MAPKAP1	0.0685059962985759
HIST1H2AB	0.0683770190501315
POLD4	0.067935460500019
SH3BGRL	0.0677726180685802
FGR	0.067688671273801
DNAJC7	0.0676430555654794
UBA1	0.0674852374362144
RGPD8	0.0673279176893459
SAMD4B	0.0664014540566571
DUSP22	0.066266128770191
IGF1	0.0650668314448434
CDADC1	0.062880101932271
PC	0.0619807092978547
AC015688.3	0.0617713255085006
MUM1	0.0615200693235808
SCARF2	0.0609768218594943
ZNF784	0.0602046531494743
SLC38A2	0.0598944839007662
C16orf13	0.0572030502677218
TECPR2	0.0565803924359161
PFDN4	0.0563049890898093
EXOC7	0.0552228241031844
PRDM10	0.0550272178397472
RP11-126K1.8	0.0542823416977734
PHAX	0.053199139837512
FAM211A	0.0511570455452537
ARHGEF10L	0.0508932315218938
PDF	0.0503501315639421
LRCH1	0.0498515093260545
NDUFB10	0.0495651012766723
CHTOP	0.049392656841728
ZNF300	0.0480834213868068
UBE2D2	0.0480557521598485
UBLCP1	0.0479306544027917
FGD4	0.0469176664131716
PIP5K1A	0.0460227462041827
ATP1A1	0.0458786465389197
SATB1	0.0455683702171656
AC009133.20	0.0443690884274502
LSM4	0.0436640404287
CAB39L	0.0427237655401502
FBXL12	0.042410769133538
BTK	0.0413155772971993
STMN1	0.0410508880665482
LRRC20	0.0409105718968487
CPSF2	0.0407994092888705
METTL2B	0.040475856718009
SCO1	0.0404570019463144
DOCK6	0.0397471495580128
C10orf12	0.0394747119470236
MZT2B	0.0391058840863799
MTERFD3	0.0387997180907296
SYCE2	0.0386358929398284
DDX24	0.0380514828142738
ZBTB17	0.0380067676418203
RP11-15A1.7	0.0376738506333889
SPINT2	0.0358673570671722
FAM188B	0.0356842487652664
SNX3	0.0351268588785393
MOB3A	0.0351152515899545
RNF11	0.0349182399767157
ZNF569	0.0348204258853765
RPUSD1	0.0337789072368676
RP11-480D4.2	0.0324168596721537
LGALS8-AS1	0.0314504481866249
B3GNT1	0.0312800960347716
RMDN1	0.0311221413098714
BRD7	0.0305273326688638
TTLL11	0.0302140503915835
NSMCE2	0.0299510967045395
ZNF175	0.0299260597335403
PIGM	0.0296160959175992
TRIM35	0.0294787066013504
ZNF28	0.0293505288302168
RCN3	0.0292276460427676
KLHL25	0.0285622511425724
RP4-756G23.5	0.0280065851047848
MICB	0.02784493090846
SLC29A3	0.0270156358552276
ANAPC10	0.0251528045492741
STXBP4	0.0249553785574499
ABHD12	0.0249310909436042
C2orf48	0.0232830580079797
PIP4K2B	0.0222627250163393
RSBN1	0.0217699856308137
MZT2A	0.0215701983591885
HIBADH	0.0206633624670775
CTD-2012K14.4	0.0200242132618599
VOPP1	0.019918521914417
ZNF625	0.0196636610720774
CLPTM1L	0.0192331302461552
ETNK2	0.0191195192566664
NHLRC1	0.0186473781423586
ZNF691	0.0171659380993903
NDN	0.016795111437894
MTF1	0.0167004043355369
NDUFA7-1	0.0158942575442733
BAG6	0.0157067395349153
LEPRE1	0.0156398328666537
HIST1H2BB	0.0156321975787697
TMEM65	0.0152744561854882
CTSK	0.015101484158875
RP11-796G6.2	0.0146590473272187
HIST1H4H	0.0142472672156815
SET	0.0139133388260171
GTF2H4	0.0122427351453224
CD3EAP	0.0117389492106297
BBS1	0.0116155695567121
PARP1	0.0108912329950092
TRUB1	0.0108637208224784
RTF1	0.0096471831482219
PCCA	0.00842221927101952
SPHK2	0.00732026349735928
PAF1	0.00673035774771695
SAC3D1	0.00642766501506798
WDR62	0.00619861348850967
DNAJC24	0.00485726955590536
NDUFS2	0.00433130011787934
TPCN2	0.00393537927322567
ZNF582	0.00386663048759088
MRPL11	0.0038564642246476
RAD21	0.00347551849500615
FLII	0.00293049289213079
RPS26	0.00144215101376307
CORO1A	0.000868047233168235
HIST1H1E	0.000763994290254508
PDSS2	0.000364220006675627
ZNF675	9.09938677324472e-05
HLCS	-0.000383461231498367
RCBTB1	-0.000882229960891217
DSN1	-0.00110028098581435
ARL4C	-0.00170529476388558
MRPS11	-0.00342280278995743
RAC2	-0.00478301625228725
SETX	-0.00489207788142731
SCFD2	-0.00501971414486252
CCAR1	-0.00555724037455252
CD302	-0.00567641372775035
CTD-2231E14.8	-0.00579145455379965
NUP54	-0.00697385910344649
COL5A2	-0.00776420853063158
CCDC157	-0.00937430588359973
NONO	-0.0107689981023915
WDR89	-0.0122402182496176
PSMG2	-0.0125064388062399
ATG16L1	-0.0127746352058468
CHFR	-0.013695431145348
C8orf82	-0.0139642083328174
AP3S2	-0.0149200628664311
DLEU2L	-0.0151917091422069
TIMMDC1	-0.0157097700672798
CLEC16A	-0.0159490886494765
TBC1D7	-0.0171328705219977
CCDC117	-0.0171931376546317
B3GNT8	-0.0176849655912489
ZNF211	-0.0189125428079937
BEX1	-0.0192402817855008
RRAGB	-0.0205374213389618
YEATS4	-0.0205738765931607
CXorf56	-0.021219527841542
NDUFB5	-0.0214740786132087
GSTP1	-0.0216223977832959
RP11-1149O23.4	-0.0218337659172042
APOBEC3A	-0.0221879699360937
ERCC2	-0.0234901145290392
AF230666.2	-0.0239395735250717
DIEXF	-0.0275325521386907
TMEM86A	-0.0280583382350404
CHAF1A	-0.0287695025640965
COPS3	-0.0292078282416989
CCDC142	-0.0295111650630416
AC004381.6	-0.0296273082479612
TMEM184C	-0.0297260207757306
ZFP57	-0.0306585872902408
GEMIN5	-0.0306761585827304
LINC00271	-0.0311580197658456
DLEC1	-0.0313628354899533
ZNF549	-0.0314333886509283
SLC31A1	-0.0318381847809799
PSTK	-0.0328165296725013
SCAND1	-0.0331992773946956
MCEE	-0.0336516491022628
ARRB2	-0.033960409597839
MED12	-0.0340264454479996
CPEB4	-0.0342742312807481
SIKE1	-0.0346619636367968
ARL6IP4	-0.0355568918165472
ZNF273	-0.0359644398070573
NOL6	-0.0362979606848604
MRPS14	-0.0368072208358932
JADE2	-0.0368387400094758
RP11-649E7.5	-0.0372061597716055
RAB3D	-0.0373840264973561
ATMIN	-0.0374054136437852
DDX56	-0.0389509605817293
PPIP5K2	-0.0390225515184929
MSRA	-0.0401908404399929
TRMT10C	-0.0402988808713988
FAM161A	-0.0410016642252383
TPRN	-0.041121887885718
GNAO1	-0.041550959946468
NFAT5	-0.0418685061873436
BEST4	-0.0421943157218619
C8orf58	-0.0422139877759374
CTRL	-0.0424716917795853
ZMIZ1	-0.0424735019043609
C4orf21	-0.0432247528275288
SLC15A3	-0.0440610405533515
SLAIN2	-0.0442677118660088
BNIP2	-0.0443720080693479
C2orf76	-0.044748163813973
PRRC2C	-0.0460382078566662
RETSAT	-0.0460550977412699
CCNB1	-0.0474601782651769
INPP5E	-0.0476366700553559
MESDC1	-0.0477537227052612
RP11-46D6.1	-0.0481736571254133
ZSCAN30	-0.0489782751205006
SYK	-0.0490176097114216
UBE2NL	-0.0495537465741221
ODC1	-0.0503593953402065
ELK4	-0.0505188794564698
ANP32B	-0.0505933222096493
NECAP1	-0.0509048012231338
GTF2E2	-0.0512702009041169
KCTD2	-0.051280417792142
PRPF4B	-0.0516433607060087
HNRNPLL	-0.0521064130553438
SMS	-0.0521338853383167
RP11-392P7.6	-0.0524814377080421
RP1-241P17.4	-0.0527589013578163
HIST2H2AC	-0.0528798405745475
PLK1	-0.0540808007353421
C9orf116	-0.0544866079821346
SRXN1	-0.0548292732647085
CDK5RAP2	-0.0553844833231804
ZBTB14	-0.0554945461866254
NUDT17	-0.0561188619839313
KIR2DL2	-0.056605771816663
KIF16B	-0.056892009100336
TTLL5	-0.057862460133277
BPTF	-0.0580260484809921
RP11-178G16.4	-0.0587053049434874
DRG2	-0.0587199580823459
SCYL3	-0.0587582759963866
CGRRF1	-0.0596364102415545
AL020996.1	-0.0598525784690003
CALM3	-0.0599543833155565
IFFO2	-0.0607977651252717
RP11-244H3.4	-0.0609328109170024
TTC5	-0.0613534133565683
FBXL13	-0.0616314995784792
TGFB1	-0.0617829236440558
DONSON	-0.0621652567126994
RNPEP	-0.063065578939192
C15orf40	-0.0640195868968049
EPPK1	-0.0641741797652304
IRF4	-0.0651085556143612
MICALL1	-0.0656282284383952
RFC1	-0.0656478371678352
IKBKE	-0.0656850358402702
CCDC94	-0.0658013640843053
GPATCH4	-0.0669007927428625
WDR25	-0.0674435072709399
TAF6	-0.0681757096855
NPC2	-0.0703853390253354
ZNF440	-0.0712194156338719
ZNF724P	-0.0718696839473862
CTD-3065J16.9	-0.0719658338734189
CYLD	-0.0719880588148451
IKBKB	-0.072560729506539
C21orf59	-0.0767199067161454
ARL10	-0.0768146420556747
KDM4D	-0.0775637282941332
CHTF18	-0.0777930057004415
SERINC4	-0.0782432580271876
HSF1	-0.0783117720672813
SPATS2	-0.0792070564177106
APEH	-0.0797097338216971
RUVBL1	-0.0804019421320077
TRIM28	-0.0804616421936862
USP49	-0.0805150227246098
ERMN	-0.0817643955751821
C9orf72	-0.0822975995284649
DNTTIP2	-0.082785599626861
ANKRD34A	-0.0830358239023318
PQBP1	-0.0831571608860111
RBM15B	-0.0843493964727366
PTPN2	-0.0844048596719938
MKI67	-0.0844863719830714
CEBPD	-0.0852321257240081
SLC2A4RG	-0.0866765298413927
PIP5K1C	-0.0868017262035344
CHD6	-0.0870624914175217
PSMD5	-0.0876751255525911
RARA	-0.0877912465960772
RGP1	-0.0883198710596301
MTHFR	-0.0910094013133444
SDCCAG3	-0.0915030028045133
POLR2B	-0.0917431973196922
RGS6	-0.0918718888806938
TBC1D10A	-0.0920343777587021
USP16	-0.0927070695591469
SFXN5	-0.0937867120720786
FTCDNL1	-0.093869237620139
TCTA	-0.0939111493690132
CEP57L1	-0.0941209402594529
PTCD1	-0.0943743453454022
FBP1	-0.0952920210047856
LDOC1L	-0.0958138816741103
RP11-104N10.1	-0.0971904058311716
FSD1	-0.0988511505721496
GIN1	-0.0988599327429697
ACTR5	-0.100309764182487
LIN54	-0.100638238618038
PDXDC1	-0.100678204545329
NDUFA2	-0.101811006575682
SCAMP1	-0.101815973245187
AC002310.7	-0.102384233833127
KLHL11	-0.103454589566158
ATIC	-0.10380609907985
C9orf38	-0.104571840950978
TRMT44	-0.104652965777459
MNDA	-0.105008265400161
PPIL2	-0.105341110119805
RP11-798M19.6	-0.105825477301626
TMEM155	-0.106327000655467
CSTA	-0.106797558089357
NCAPD3	-0.107075226861278
UTP3	-0.107154974295189
RFX8	-0.107227638537626
KMO	-0.107254901634837
RP11-126K1.2	-0.107788051274575
CPNE1	-0.109931815128182
EVC2	-0.110181613851285
KIAA0101	-0.110212484843264
SLC25A10-1	-0.110575532448808
ETS1	-0.110677356512602
KCTD6	-0.110839204404002
RPP38	-0.111058016160389
RNGTT	-0.112072598405983
VPS45	-0.113283909787741
CTNND1	-0.1133134742287
FA2H	-0.113930076842158
ZNHIT2	-0.114376121494158
MRPL49	-0.1144855049721
CRELD1	-0.114618704019332
TCERG1	-0.115106972298309
GMPS	-0.115824583056031
HIST1H2BH	-0.116037995679539
DAPP1	-0.116903924234999
TATDN2	-0.117449263731409
RP11-849H4.4	-0.117873210157195
RPUSD3	-0.118690142738897
HNRNPK	-0.118766239527448
ZNF133	-0.11889073503235
HIST1H3I	-0.119783244810966
SYT15	-0.119935735189269
CRISPLD2	-0.119953884961985
FDXACB1	-0.120212876984328
FASTKD1	-0.120227755451794
C18orf56	-0.120688036922997
HIST1H2BE	-0.121020541289834
KIAA1683	-0.121195001394009
MTMR1	-0.121653498165429
ZNF527	-0.121978533787123
C22orf39	-0.122364400144838
DDX46	-0.123183967449704
AC018766.5	-0.124009953589117
FBXL16	-0.12423975468952
PDE6G	-0.124976960211993
CTC-301O7.4	-0.125181641546716
GK5	-0.125201430497127
BCOR	-0.125675158935637
WIPF2	-0.126439262549284
HAUS7	-0.126653223553181
ZNF571	-0.127832187903425
HES6	-0.128372492677195
C12orf60	-0.128554214433366
SLC9B2	-0.128710882988235
PRKAR2A-AS1	-0.128864789616831
KDM2B	-0.12927291919202
DNA2	-0.129532408995831
LSM5	-0.129613216224317
RGL2	-0.130023820384671
PCDH12	-0.130335046518
BRIP1	-0.130393983313058
LDOC1	-0.130721127655622
LRRC27	-0.13103529586334
STRIP1	-0.131856029909968
FCHO2	-0.133502334032223
ZNF142	-0.134416403836533
AC093642.3	-0.134452197131477
TEP1	-0.135795420906327
ZNF808	-0.136559665954497
FBXO31	-0.136873604589342
LINC00880	-0.136928751190063
GOLGA4	-0.137217022837913
RP11-56B16.5	-0.137604678328724
PIGL	-0.138171940479466
KMT2E	-0.138242451182382
RP11-317J19.1	-0.138461766984526
ALG12	-0.138532221986664
ZNF57	-0.141505796703819
HPN	-0.142681249039085
CRKL	-0.142690830802253
RP11-84C10.4	-0.142932734902995
MED6	-0.143121669119356
ALG13	-0.143420656235151
TPO	-0.14372585591575
IPO9	-0.144421443334695
PCED1B	-0.14444325924713
SLC10A7	-0.144622673327674
KIAA1468	-0.144941636180919
PRMT7	-0.145173425032091
AIMP1	-0.145336328283131
GFM2	-0.145548214127621
MMS19	-0.145560891458665
ECE1	-0.146315551304692
GNAS	-0.146648953350031
ZNF319	-0.146811036637411
RP11-679C8.2	-0.146821503212629
OGFRL1	-0.148195997308958
DECR1	-0.148318065862703
HPCAL4	-0.148923172537036
TACC3	-0.148925527299383
RP11-872D17.4	-0.149473621042266
ZNF841	-0.14975677162358
GAREML	-0.150352804798546
TRAPPC6B	-0.150515806979218
CTD-3035D6.2	-0.150549762940762
ZBTB39	-0.150796402723802
ETNK1	-0.150920029459389
XYLT1	-0.151032125203417
AC013449.1	-0.151213551641486
RP11-517P14.2	-0.151301338044856
AC002116.7	-0.151549329096149
CALCOCO2	-0.151711381271348
ULK1	-0.152458783288432
DFFA	-0.154467971111488
ZNF254	-0.154654010382637
SNF8	-0.154718494648212
INCENP	-0.154888184987081
BRD1	-0.155529124551659
TMEM192	-0.155762789740582
SRRD	-0.156093814172268
AC022201.5	-0.156436698239895
IMMP1L	-0.156668986154323
ST3GAL3	-0.159184269615915
ACIN1	-0.159522158661488
FBXO10	-0.160202473235528
MYO9B	-0.160376702533778
RP11-191L17.1	-0.160733334056893
ZNF526	-0.162479168329881
DAZAP1	-0.16342683082698
C1orf50	-0.163854273256253
RP11-611L7.1	-0.164309843699689
NIPAL2	-0.164367023794929
CIZ1	-0.165170709895784
CTD-2196E14.9	-0.165297582410567
BRMS1	-0.165549171890334
RPS6KB1	-0.167643325519888
PRCC	-0.168328942319214
PLAA	-0.16912588733922
RP11-546B15.1	-0.16987651168194
CCDC57	-0.170330938171425
QPCTL	-0.171085102252305
KCNQ5	-0.171089457903825
CDT1	-0.171608503792463
DEPDC1B	-0.171966488620325
RP5-966M1.6	-0.173475802669778
CTD-2330K9.3	-0.173597394668058
ELOVL4	-0.173653576576425
SPDL1	-0.173659247710868
HMGB2	-0.173933877327289
KIAA1191	-0.174560495337125
CITED4	-0.174585767388358
NOP9	-0.174690073549782
CWC27	-0.175268357902349
EXOSC6	-0.175672883561559
AASDHPPT	-0.176649269622156
LBR	-0.176944018749503
MROH6	-0.178468777415346
MBNL2	-0.178685026069365
COQ5	-0.179635328186341
LHFPL2	-0.180724346222038
XXbac-BPG181M17.6	-0.180918621414673
RSBN1L-AS1	-0.181357860657157
PRICKLE4	-0.181423488356996
CPNE2	-0.181585770756116
PPP1R12A	-0.182112390152331
DAZAP2	-0.1824401359256
SLC25A38	-0.183084014748729
TMEM256	-0.183595641040627
CCT4	-0.183838793308185
LINC01063	-0.183902068288533
RP11-434D11.4	-0.184010898226345
RP11-798G7.6	-0.184339027461891
DDX10	-0.184570993216254
SOCS5	-0.184610286312144
CAPN15	-0.184921010468424
RP5-1085F17.3	-0.185180043424866
RIBC1	-0.185213990360023
BIK	-0.185313681552162
RP11-545E17.3	-0.185975367691594
FKBP8	-0.186319766021944
ZNF689	-0.186689493414403
GON4L	-0.188315131601794
GAN	-0.18857977547606
ZNF212	-0.190796979100466
PSMG4	-0.192043546871116
RP1-178F10.3	-0.192237922340707
GSTCD	-0.193205322403617
SLC5A5	-0.193409938384939
LAGE3	-0.194549321745662
C9orf69	-0.195039448742101
ZFP41	-0.196051561838182
IMPA2	-0.197376663487944
FAM195A	-0.197878692222462
CDC20	-0.197987025189391
CYSLTR2	-0.198545769631501
PITPNC1	-0.198706221187062
CENPQ	-0.198805165566528
NDUFS7	-0.200512895393288
MDC1-AS1	-0.200915595493072
ANAPC1	-0.200982617418839
AMER1	-0.201254886330662
TFIP11	-0.202596116453697
MNT	-0.204282883165758
ZNF202	-0.204634046311119
NEO1	-0.204864815389148
HIF1AN	-0.205654511979233
CLNK	-0.205784571497787
MRPL43	-0.206189960094818
CD200R1	-0.206196942834142
SLC29A2	-0.206226248511185
FASTKD5	-0.206267451511411
HCLS1	-0.206318926517103
COX6A1P2	-0.206422588942929
TMCC2	-0.206747702296759
FANCF	-0.207097800089697
MSMP	-0.207393730271958
PLCB3	-0.208177648252778
TBL3	-0.208646531390115
ALG10B	-0.208897426384945
KB-1047C11.2	-0.209103905988926
AVIL	-0.209533668933049
ITGB3BP	-0.209540672845057
AC096772.6	-0.209638518988076
SMPD3	-0.210869643356786
SART3	-0.211542097024417
PTPRCAP	-0.2117835296385
LONP1	-0.211952359149281
TAOK2	-0.212033362535207
RASGRP4	-0.212334944425435
CENPBD1	-0.213186844288556
SERPINI1	-0.213938831602754
NUP93	-0.214014957927617
ISCA1	-0.21432173891628
ZSWIM8	-0.214373816790298
HNRNPF	-0.214481376029943
C4orf47	-0.215710239883921
DLGAP1-AS1	-0.215858105875705
PHEX	-0.216165718473353
XIAP	-0.217840788367571
ARMC6	-0.217962029673683
DBH-AS1	-0.21856570218337
PPP2R5B	-0.218634413207589
IDH3B	-0.219014170253324
PDE9A	-0.219196052280028
TMEM254	-0.219877328280616
TMEM191C	-0.220627951339243
RP11-1079K10.3	-0.220977061609017
POLD1	-0.221176314531334
TMEM14B	-0.221674111268574
AL627309.1	-0.221929374877111
CRTC3	-0.222247449438481
LRP10	-0.222582841315383
TUSC3	-0.223203269063849
GPBP1	-0.223468806022592
SMARCAD1	-0.224004156591962
METTL10	-0.22620055244489
ZNF253	-0.226769302690894
MRPL46	-0.226941731990356
TFR2	-0.227305614836648
STAB1	-0.227734489381694
PBRM1	-0.228028009052268
LYRM2	-0.228350094394657
TBC1D17	-0.228701148405538
HDHD1	-0.229195108115523
RALGPS2	-0.230302868732514
EXT2	-0.230477065994456
PPRC1	-0.230790989167628
DHX38	-0.231624786963852
UGDH	-0.231719824720128
ZNF525	-0.231730932370896
C2orf81	-0.23262149965924
SLC25A1	-0.233152255953874
NUMBL	-0.233302992311317
ATG9A	-0.233949896140983
CRK	-0.234042327604982
C22orf34	-0.23506664684636
AP001055.6	-0.235256729807111
BROX	-0.235621079897807
DENND4A	-0.235832812641242
FAM72B	-0.236274634645071
CEP41	-0.236417225957107
INO80B	-0.236601161940471
C11orf68	-0.236755518941962
ZNF773	-0.237199733740646
INSIG1	-0.237211755322283
ZNF530	-0.237304627988266
RP11-56B16.4	-0.237651459450196
IDE	-0.238753567529707
DOK2	-0.23991660895257
WDR91	-0.2401668252007
PAPD7	-0.240259359212771
FBXO43	-0.240504606017519
TAF1L	-0.240913946882075
COPS4	-0.241554592943445
UBE2S	-0.243334182270911
ZNF655	-0.243518034461345
LAT	-0.24416330481798
CD37	-0.244305717616333
GDI2	-0.245563720514447
NICN1	-0.24617954670539
PHRF1	-0.24659976056282
C21orf58	-0.248233689881564
AKR1E2	-0.248291516178323
RFESD	-0.248646604615877
RP11-175O19.4	-0.249223201924243
AP001062.7	-0.249680568214518
POLR2F	-0.250110077613988
SWSAP1	-0.250148217278078
RP11-319G6.1	-0.250148898923474
HTT	-0.250215849206425
SLC2A6	-0.25049173642202
CES2	-0.250561028507403
ARHGAP5	-0.250602231668153
FAM50A	-0.251013284810726
PINK1-AS	-0.252284727608727
SNW1	-0.252387261975238
STX5	-0.252601091695477
LINC01135	-0.253350261844956
ALG14	-0.253725847733467
NUDCD2	-0.254657284690295
LINC00334	-0.254830786008516
APOOL	-0.255302854074837
ALDH9A1	-0.255624360511426
RP11-77P16.4	-0.25562716424456
APOM	-0.255763885128789
MAPK9	-0.256584238816591
ZBTB49	-0.258419329445178
RP4-761J14.8	-0.258634933520221
BZW2	-0.258698195816179
ATP13A1	-0.259472075997757
ERLIN1	-0.261162071831997
MAP3K5	-0.261481159407285
MDM1	-0.263076132963759
NBPF3	-0.265338758936296
TAS2R14	-0.266130054407107
ZNF850	-0.266716384117791
RP11-197K3.1	-0.266975969598852
IL4	-0.268569101962687
QPRT	-0.269100522048035
SESN2	-0.270185971685126
CHST14	-0.270557015971299
EIF4H	-0.27135864415338
MDK	-0.272790535017031
C12orf10	-0.273834425939154
TRIM41	-0.273905358636179
BTBD19	-0.273935492752381
LINC01001	-0.27506773046753
PKN3	-0.276220592164805
SUZ12	-0.277731044491549
IMP4	-0.277756966512422
CYB5R4	-0.277834550221037
TTC30A	-0.278049076017231
MMGT1	-0.278094054523001
GTF2B	-0.278774258413212
ATF4	-0.278890125252413
SFR1	-0.279622738283872
FGFBP3	-0.280994656731283
C5orf63	-0.281126578833776
MIR142	-0.281278088541791
OSBPL11	-0.281373989750806
ABHD17B	-0.281692321819717
CLUH	-0.282206894746175
LTV1	-0.282261781568471
UBFD1	-0.282292693378366
ZNF706	-0.282339819262014
TAF1D	-0.282427158057843
ANKRD27	-0.282489889665924
ZSWIM4	-0.283291820980116
KLHL23	-0.283301534413029
CGGBP1	-0.284764970092842
TTC30B	-0.285478682601407
CDK3	-0.286879889195743
RAB31	-0.287827842285777
BCDIN3D	-0.288172647950896
HYPK	-0.288257622004074
SEPT4	-0.288275266065056
ZNF2	-0.288926187480478
CLPX	-0.289814205002305
ATP2C1	-0.290922493310865
PPP2R3C	-0.291002943612773
HIPK3	-0.291708064713341
MCOLN2	-0.292033381890938
PBLD	-0.292337197439279
TVP23A	-0.29258656123338
MBD3	-0.292810668819655
RNFT2	-0.292966660139583
PARG	-0.293163418461827
FKRP	-0.293996477914678
GPD2	-0.294042279195793
ZNF664	-0.294462770859001
TAF12	-0.294531143207887
TEPP	-0.295215036733421
DYRK1B	-0.295267391782475
HS3ST3B1	-0.29583250637674
ZNF597	-0.296436964909121
ARIH1	-0.297159908999695
RP11-538P18.2	-0.298602360736042
ZNF16	-0.298803647841144
CTBP1	-0.299064246283498
THSD1	-0.299145687607296
CIT	-0.300022277322834
CTD-3074O7.12	-0.300247142665142
RP11-53B2.3	-0.300936247754815
EPS8	-0.301046470028346
PLCH2	-0.301201146550471
RP11-20I23.8	-0.301262187212001
CABP4	-0.301765617420751
RP11-96D1.11	-0.302519932593498
CTB-50L17.16	-0.303345324133301
HACE1	-0.30505861067863
CEBPZ	-0.305698861562679
LINC00984	-0.306128514729566
SIAH2	-0.306412717865971
FDFT1	-0.30721370400724
SHF	-0.307650160573222
ZNF726	-0.307923430915742
ALKBH3	-0.308563389898449
AC009950.2	-0.308801876029586
DMXL1	-0.308977148452591
MTL5	-0.309821330119398
CCDC113	-0.310995075539225
ZNF654	-0.311583026413558
FBXW8	-0.311664782123184
CDC73	-0.311687359738341
CAMKK2	-0.311763590582056
TLK1	-0.314379856303125
RSF1	-0.314566247661123
TCEA1	-0.314775854917132
CCDC25	-0.316533089743437
ADD1	-0.317049079872463
NVL	-0.317124169515724
RNF4	-0.318814573897353
SMARCA2	-0.319098426737609
AC009120.6	-0.319561035897839
TAOK1	-0.32095530749366
NEMF	-0.321115243568081
EFNA4	-0.321157174228005
ACAA1	-0.321674243668217
BIRC5	-0.321950755463948
ZNF547	-0.323256092060815
LSM12	-0.324357605394315
ATP5S	-0.324888479582635
FAM91A1	-0.325119562886865
CTD-2256P15.2	-0.325196240039092
CTD-3138B18.4	-0.325355235794365
CBL	-0.325511985951039
MRRF	-0.325619164591007
FAM73A	-0.325867638079302
NCOA7	-0.326339664414298
CPT2	-0.326461821572792
SNRNP35	-0.327590913475373
FAM210A	-0.327830862235192
SAP130	-0.32928169855301
KDM4A-AS1	-0.329435842263939
ERMAP	-0.329822055531766
RP11-256L6.2	-0.329950048060011
AC068039.4	-0.330343185425735
MTG1	-0.330895438761719
SMARCA4	-0.331199465218139
SPOP	-0.331862176159034
NEDD1	-0.332448275587477
AC084219.3	-0.333415379377993
NTAN1	-0.334147051657073
CTD-2302E22.2	-0.335437750066733
C8orf88	-0.336102968418845
SARS2	-0.337039437696653
TNRC18	-0.338128380946293
C3orf33	-0.338289668936663
EP300	-0.338948755172482
PRR14L	-0.339194814078209
C10orf88	-0.339329213986524
CRYBG3	-0.340473586812327
XRCC6BP1	-0.34126095188356
NFAM1	-0.34195406481682
SYCP2	-0.342601722855786
MSRB2	-0.344077325528005
BAG2	-0.344482165702993
TCAIM	-0.345895863170682
RRNAD1	-0.346108203048316
PWP2	-0.346516591954929
HDAC10	-0.346768044403264
SLC25A5	-0.347025209121331
RNASEH2C	-0.34734183142946
AC000032.2	-0.34743857229407
CX3CR1	-0.347482796741318
B9D1	-0.348254176134089
BIRC6	-0.348552916743774
CD69	-0.349447509175591
CENPA	-0.35002781252063
POLH	-0.350050100421042
CCNB2	-0.350808111259527
RALY	-0.351295806088698
CTC-338M12.4	-0.351681461409084
SCG5	-0.35205778421631
ZNF146	-0.352475644224587
ANO6	-0.353004998145917
ZFAND2A	-0.353526885690039
AC002985.3	-0.354117565895727
ACAD11	-0.354200919764817
ABCC11	-0.354244125233235
RP4-612B15.3	-0.354590973574723
C20orf24	-0.354639201609205
ZNF136	-0.354990051841919
GHRLOS	-0.355716910555557
ANAPC15	-0.355908602191328
SERPINB6	-0.356198467355813
RP11-30J20.1	-0.35624833163491
DROSHA	-0.356652079071488
C16orf72	-0.357941892836628
KLHL17	-0.359514989706713
UBXN2B	-0.35954662513824
RP11-574K11.29	-0.360029560355449
ALKBH6	-0.360053502027613
MRPL53	-0.36137183517672
ALS2CR12	-0.361795602180902
HIST1H2AM	-0.362155239207574
WDR4	-0.3623076228992
HIST2H3D	-0.362488390146925
BTRC	-0.36290607574089
EHBP1	-0.363148846684097
FBXW5	-0.364438290636807
RP11-306I1.2	-0.365172169573783
FAHD2B	-0.365826959396358
PPTC7	-0.366320406387242
LAS1L	-0.366381271834236
ZSCAN12	-0.36695660774504
ACTG1	-0.36906461001475
FAM134A	-0.36908149924395
RP11-488C13.5	-0.369409820226117
HIST2H2AB	-0.36977309474217
FGD6	-0.370776555587745
ADRBK1	-0.371390459441582
SGOL2	-0.371812564077775
RP3-325F22.5	-0.371855233489228
MAP2K4	-0.371886260558627
PLEKHM2	-0.372684047264854
C19orf47	-0.373207804908903
HDDC2	-0.373408112698935
CYP2D6	-0.373964640070777
ATF1	-0.374044887157991
PARP15	-0.375385200228568
RAB24	-0.376406305907066
TCTEX1D2	-0.37645383882382
ZNF234	-0.376865955838693
HMGB1	-0.376942549177532
THOC7	-0.377260573364011
WIPF1	-0.377274415214024
ARFGEF2	-0.377379437106472
NRDE2	-0.377408243658595
PDS5A	-0.378191437954184
CSNK1G3	-0.378376409413895
MZF1	-0.378384970957983
GNPTG	-0.378459402919952
PEX16	-0.378846060820458
NEURL1	-0.379848303874197
CDYL	-0.380050917286787
CLEC12A	-0.380144934923057
XYLT2	-0.380869951253959
SCAP	-0.381439162851931
TOPBP1	-0.381992727255827
XRCC2	-0.382319157182932
ZNF772	-0.382587703944248
FANCD2	-0.382861810397991
FSIP1	-0.383117395875893
YBX3	-0.383625274859739
TFB1M	-0.384093253073131
SMTN	-0.385288566571194
AGAP4	-0.386012655250313
FAM120AOS	-0.386016153512226
RPP40	-0.386243814227522
STX17	-0.386456155225603
PRPF19	-0.386636438106658
KCNK12	-0.386854479408141
GSPT2	-0.388125215576419
APPL2	-0.388298216467822
RBM42	-0.388369345872164
RND1	-0.388395853480466
THAP9	-0.388928101579651
MT-ATP6	-0.389094329993357
HEXIM1	-0.389464353791687
PRKAG2-AS1	-0.390669914864067
RP11-393I2.4	-0.390744678486273
KLHL26	-0.391163467693037
SACS	-0.391855302732653
EIF4G2	-0.392067429691732
INPP5F	-0.39285384200466
TRAK1	-0.393525522375001
AC107081.5	-0.393907926073813
TMX4	-0.394006217137447
ZNF157	-0.394133502246108
NUP50	-0.395400170237293
RP11-430G17.3	-0.396296947641914
NOM1	-0.396567007418359
BCL2L14	-0.396667323708165
CSNK2B	-0.39683204301895
PRAF2	-0.397830735514317
NAAA	-0.397958654696078
PAQR3	-0.398355739567622
ESCO1	-0.398556032988456
SCAMP5	-0.398741583623415
NNT-AS1	-0.399260509056812
ARL11	-0.399265472145373
ZMYND10	-0.400109148098791
RP11-97C16.1	-0.400511161339155
ECI1	-0.400723956916939
ZSCAN23	-0.401241706086464
ZNF347	-0.401275728684273
CLTB	-0.401344882565255
ZNF121	-0.40203704196436
RDM1	-0.402200264766092
DOCK8	-0.40289085875379
MBLAC1	-0.40435602508686
PPP1R37	-0.404810131435517
ZBTB24	-0.405209380137313
RP11-390B4.5	-0.406169374524271
CCNDBP1	-0.406631527057394
RP1-317E23.3	-0.407645214285041
FAM109A	-0.407652309016583
ABCB6	-0.408016454523619
RBL1-1	-0.40815064381007
NRIP1	-0.408229539930406
CC2D1A	-0.409002980293314
RP11-360L9.8	-0.409004169912688
POLR2C	-0.40992508400713
CD28	-0.410357113684111
PEBP1	-0.41149490222967
PRR11	-0.411869408646137
SIAE	-0.411941092054212
TAP2	-0.412219170494412
LRPPRC	-0.412317853909384
RPS19BP1	-0.414239527044968
INTS7	-0.41450747835917
GABRB3	-0.416185369785353
MMACHC	-0.41626418124511
BCL2L12	-0.416324940124669
PIGX	-0.416371793823232
RRP36	-0.417729965459193
MRPL23	-0.417778248467961
COA6	-0.418162252711078
RABGGTA	-0.418172595132227
CORO6	-0.418932505167967
CPSF1	-0.419308642599152
SDAD1	-0.419524368328122
BRF2	-0.419626531142296
CCDC144NL	-0.420315097209403
TMEM44	-0.420502272465617
RBMS2	-0.421098183184845
SLCO3A1	-0.421585841693597
ZADH2	-0.421836332276795
TMEM214	-0.422075362030419
NKIRAS1	-0.423201183992123
LIG4	-0.423426150723275
ARFGAP1	-0.424011074004504
L3MBTL3	-0.424279058359177
HAS3	-0.42440578110952
RP1-20N2.6	-0.425487848991293
RP5-1159O4.1	-0.426196253796444
GPX7	-0.426402987769041
GET4	-0.426718432393176
CHMP4B	-0.427380211215397
TNK2	-0.427634539623292
C5orf24	-0.428027845720648
CCNE1	-0.428306713557742
TSEN2	-0.429796958193145
KAT6B	-0.430406208209235
OPRL1	-0.430512491296303
FMR1	-0.431030648742539
RBMXL1	-0.43111771911544
PINLYP	-0.432547872530956
RP11-513I15.6	-0.432641147835106
RBM25	-0.433521097853834
TEX2	-0.434012245988609
MLF1	-0.434722092447695
B4GALT1	-0.434863276553594
C17orf100	-0.435209794148894
CHST2	-0.435540304761697
GRK6	-0.435770720958635
TPRA1	-0.436173391641238
AC097721.2	-0.436268971568517
SBNO1	-0.436587181632228
UFSP1	-0.436623583234099
ZNF524	-0.437247548910354
SAT2	-0.438506056166171
DHX32	-0.439966278711669
ACTR3B	-0.440306696229277
RP11-102L12.2	-0.440926150908403
EFCAB4B	-0.441244721032553
FCHO1	-0.441271723953954
TMEM259	-0.443482091531538
FAM26F	-0.443596259544328
TMEM25	-0.443609676244619
NBAS	-0.44399892367539
PDCD4	-0.444326332148187
AC005498.3	-0.446221285920863
C19orf40	-0.446912934023444
KPTN	-0.44729773783688
RP11-612B6.2	-0.448224597453906
ZKSCAN7	-0.448637354907331
TNNC1	-0.449306882762559
LMO7	-0.449328384221418
SENP2	-0.44942988640854
TROAP	-0.44985073076647
MLTK	-0.450154459173769
FAM214A	-0.450728049404296
ACTR2	-0.45095550175034
AC093495.4	-0.451237192772234
P2RX5-TAX1BP3	-0.451586432076139
KLHDC10	-0.452761051048036
KIAA1377	-0.453048461660417
GPBAR1	-0.453661826784255
DPP9	-0.455281046686408
CTA-373H7.7	-0.457043055713524
ZNF626	-0.457355658817859
FANCB	-0.457643958485989
PANK1	-0.457864721600379
TMSB10	-0.458216516085474
RP11-176H8.1	-0.458471950850114
VPS72	-0.458501973890589
LIMD1	-0.458895173556782
STAT5A	-0.46112991202085
SGPP1	-0.462583109201402
TNFRSF19	-0.463025136764507
PTRHD1	-0.46420290068861
ECHDC1	-0.464489712950144
AC137934.1	-0.464662182104979
PCYT2	-0.464900516073195
WDR3	-0.466443645032097
LRBA	-0.466455379937092
ALKBH8	-0.466769375992938
PPA2	-0.466884126836237
GPKOW	-0.466948371623809
OCRL	-0.467303203189148
GGNBP2	-0.468312918644674
POPDC2	-0.468772135049718
CABIN1	-0.46924259744708
DCAF4	-0.469910969126631
WIZ	-0.469912437035016
HIST1H4B	-0.469970963718888
RALGPS1	-0.470085677361868
PGAM5	-0.470815413003379
DCTN4	-0.470921646116247
RP4-622L5.7	-0.471683347245156
CDV3	-0.472411921657871
DPP8	-0.472577401353109
DHPS	-0.473780895578848
EPB41L3	-0.474560798290648
PEX5	-0.475261549923907
GOSR1	-0.475784097180295
ZNF160	-0.475855795023152
DNAJC11	-0.476350534177312
B4GALT3	-0.476486604393752
CEBPA	-0.476906030421815
RP5-1086K13.1	-0.477145928929838
WDR6	-0.478989489858343
RP3-330M21.5	-0.479354900074497
RNF115	-0.479499845582485
MED13	-0.479542853447808
EME2	-0.479647476797317
AL022341.3	-0.479701065400023
COTL1	-0.479829181665421
SGTA	-0.480251422368461
TTC22	-0.480485826937856
ERCC3	-0.480799616402001
RP11-431M7.3	-0.481527830416956
CCDC58	-0.4827895027623
PTGR2	-0.483886284215668
DCTN3	-0.487095599839633
NEAT1	-0.48738923785381
ATG4B	-0.487670529670159
IQCC	-0.487980412721854
DDI2	-0.488021217624578
TMEM261	-0.48821852628986
INADL	-0.488237478388272
TRMT2A	-0.488472200605496
ZBTB4	-0.488691464820399
A2M	-0.488716674748581
GMCL1	-0.488854173520723
TCTN3	-0.488990231801556
POLR3B	-0.48916087588504
PCBP3	-0.490418118321415
ICOSLG	-0.490922073752759
C12orf75	-0.491328077432278
XKR9	-0.491981386517204
RP11-782C8.1	-0.492171566413352
TMSB4Y	-0.492316616266319
ZMYND11	-0.494640504179254
DAAM1	-0.49605700629198
RP11-391M1.4	-0.49723074968864
FLAD1	-0.498050225988618
ZNF891	-0.49835017270068
OSCAR	-0.498385510999798
NUPL1	-0.499872751087751
ZNF334	-0.500046374840483
WBP1	-0.501431693708741
RP11-383J24.6	-0.501519439813909
PTBP1	-0.501917874033321
CSRNP2	-0.50241598871966
ALKBH2	-0.502439633350472
YRDC	-0.502843086170865
PLEKHM1	-0.503276746621025
RSPH4A	-0.503478396427239
HEATR1	-0.503867289278078
TROVE2	-0.504371561832109
MOGS	-0.504549763238903
CNTD1	-0.504978548675195
CDC7	-0.505181170734536
CTA-445C9.15	-0.50544878811497
TMEM110	-0.506551292585333
MTFR1L	-0.506787240415234
RP11-324O2.3	-0.507337023165717
MRPS35	-0.507349072162339
ME2	-0.507482963362911
RIF1	-0.508012788049493
ZDHHC5	-0.508996955229501
ALG1L	-0.509683717280051
CDPF1	-0.509948265014216
VRK1	-0.510129479438445
NLGN4Y	-0.510428878932593
PIK3C2A	-0.511313259597772
TYK2	-0.511381484585006
C11orf73	-0.511522405041394
IL23A	-0.511526472620628
EVI5L	-0.511771870817714
C1orf21	-0.512121585092527
IRF8	-0.512140808845958
RP11-98D18.9	-0.51228915522476
RP11-875O11.1	-0.513065383642315
FEM1A	-0.513566078616986
CLCN6	-0.515185333331298
YIPF4	-0.515413114508758
GSTM4	-0.515661745878385
TM4SF19-AS1	-0.516000943526127
SYS1	-0.516313329654363
MRS2	-0.516523007480159
RBBP5	-0.516775430443199
TTL	-0.517336252815529
CNBP	-0.517836871558728
NEK6	-0.518451022458088
GLCCI1	-0.518511777727366
DENND5A	-0.51851732771268
ABHD5	-0.519441167427827
KIN	-0.519519227299436
BCCIP	-0.520400945612431
CAPRIN1	-0.521778408262705
RPA1	-0.521939798739766
ZNF670	-0.522311128176706
SH3BP5L	-0.522519675468157
RABEPK	-0.522623778618976
YBEY	-0.522694430956199
SMIM7	-0.523716420216613
MARCH2	-0.524171172139318
MTMR8	-0.525073042555319
ZNF623	-0.525840962967838
BAZ1A	-0.526388002816317
INO80E	-0.526561414282018
C2orf49	-0.527461048983967
ORC3	-0.527616244623938
MKS1	-0.527654391777674
TMEM138	-0.527803821275579
RP11-350F4.2	-0.528001377360281
SH3GLB2	-0.52835974293546
NMD3	-0.528976305562433
ZNF628	-0.529110649957692
ZCCHC4	-0.530191850195389
CENPT	-0.530878435642538
RP11-15L13.4	-0.531052806256251
RPRD1B	-0.531136647940754
ARMC5	-0.531221142576217
SLC45A4	-0.531357317650263
PDRG1	-0.533115433582998
RP11-484D2.2	-0.533304939908261
ARL17B	-0.533901335328933
MRPL30-1	-0.533998495336592
JTB	-0.53435954814031
MRPL39	-0.535084341396597
RP11-404F10.2	-0.535311322840278
FRG1	-0.53636985634042
TOP3A	-0.536392286897527
ZNF805	-0.536451385408509
VPS4A	-0.536690621200309
C14orf28	-0.53713555649753
FAM157A	-0.538620127163281
CTA-217C2.1	-0.538703640314804
RP11-860B13.3	-0.538960997689828
TNKS2-AS1	-0.539442817439342
CCDC15	-0.539912696480432
RP11-362K14.5	-0.540954017746226
BRD3	-0.541541749335365
GNG8	-0.541967437498117
ZCWPW2	-0.542690704768626
PROCR	-0.543937782188431
ESR2	-0.544415943305655
ASH2L	-0.54538932099541
RP11-433J8.1	-0.546122446483951
MIR4458HG	-0.546656905353246
AC009495.2	-0.546861501262048
SBF2	-0.547247586207088
RP11-422P24.11	-0.547947764403695
RP3-508I15.22	-0.549046580322693
UNC5CL	-0.549212767941737
UTP14C	-0.549423929093438
ZC3H7A	-0.549960988841967
SLC35A4	-0.550277444316754
WDTC1	-0.55083925206763
RP11-85A1.3	-0.551006894615248
RP11-20I23.13	-0.551647996015203
ATP5D	-0.551783601753074
ZNF710	-0.552723193225172
ZNRF2	-0.55408576223808
HIST2H2AA3	-0.55425724631259
SEC63	-0.55542254294037
SLU7	-0.556276584896982
RFX1	-0.556751846140106
LZIC	-0.556988286152804
RCL1	-0.557804132283904
SEC22A	-0.559098348579409
GLYCTK	-0.559301101836809
PRR14	-0.559865697142638
ZDHHC6	-0.560443043315387
C18orf21	-0.56227976638945
FDX1L	-0.562621718373993
LYSMD2	-0.564289748346767
RP11-139H15.1	-0.565363070574876
GLS2	-0.567125260056466
AIM1	-0.567567371151642
ADCK5	-0.567786214213263
HS6ST1	-0.56810772769971
AMFR	-0.569054552762623
PRICKLE3	-0.570221954031597
RAB11FIP3	-0.571847733632924
FOXK1	-0.57239204587666
SKIV2L2	-0.572648990644503
ATP5EP2	-0.572886764139771
UNC119B	-0.57289525154612
C2CD3	-0.572922796677744
UBE2G2	-0.573507034501674
RP11-514P8.6	-0.574183438912657
C7orf49	-0.575053871376932
CTAG2	-0.576644301034653
ZNF544	-0.578590070144372
KRBA1	-0.578711559106072
PARP6	-0.578868222126874
RP11-18I14.11	-0.580942958610683
CEP104	-0.580995157803779
ZCCHC8	-0.581082010238047
TXNL4A	-0.581182693468085
USP24	-0.581182841334337
MAML1	-0.581250129351095
CLN3-1	-0.581408997428959
AGPS	-0.582313016187268
RP11-611O2.5	-0.583484794697876
TIMM23B	-0.583640150648675
TCEANC2	-0.584033997022508
ANAPC2	-0.584154216304869
SEC23IP	-0.584962933033829
CTD-2349P21.11	-0.586172564920622
SLC38A7	-0.587578310306127
UBE2V1	-0.58774265685511
AL354822.1	-0.589250662388804
MED17	-0.589693189725421
MRPL9	-0.589842238112775
DMXL2	-0.590155756434154
CLDN15	-0.590246779059141
ARHGAP17	-0.590492285234459
TMEM206	-0.590827974224715
MPZL1	-0.590849414816811
S100PBP	-0.59085095134168
NUP98	-0.591204849596654
PKN1	-0.591829847124579
AC131971.1	-0.591994564068496
C7orf25	-0.592599399542163
TMEM176A	-0.592964125558348
VPRBP	-0.593753805943386
RP4-773N10.4	-0.594599407720593
PPFIA3	-0.594793041458035
SYS1-DBNDD2	-0.595021797876895
TAF2	-0.595360503725061
ANKMY2	-0.59608339206051
H2AFZ	-0.597417777885235
BCL10	-0.597877927799604
ESRRA	-0.598165671820064
ANKRD23	-0.598684822889801
TMEM163	-0.598857913185979
FAM168A	-0.599047336532319
IQCK	-0.599387997971621
COX11	-0.599889094927176
LPO	-0.599975194659923
CUL4A	-0.601965245409567
RP11-803B1.8	-0.602642860579498
C17orf85	-0.603084635694995
IRAK3	-0.603419107976782
CDKL3	-0.604633567194373
PRIM2	-0.604751200000423
RP11-111F5.4	-0.605854382114885
NSG1	-0.607375461751339
NAA40	-0.607462895347412
FAM194A	-0.607509125882806
KIDINS220	-0.607948728767328
NFATC3	-0.607965227487563
NUP62	-0.608566741967494
ZNF543	-0.609278260999581
ARHGAP4	-0.609782472705574
NAT9	-0.610393825136828
GEN1	-0.610671058409051
RMDN2	-0.61115174578588
RAB39B	-0.611750405948017
CNPY3	-0.612112376706744
FCER1G	-0.612310803398324
ATG12	-0.612788208787419
CCDC134	-0.613944424011088
ZBTB46	-0.614273718461397
RP11-242D8.1	-0.614602938022114
GBP7	-0.615015485367784
PTPN18	-0.615276320508587
GRSF1	-0.615352433076246
HMGCL	-0.615469992226856
ZNF487	-0.61555274065329
SRGAP2	-0.616125287796164
GPS1	-0.616847365396791
ZNF671	-0.617364631396671
SULF2	-0.617591772007018
LRRC28	-0.617959566147886
NDUFA3	-0.618509602536064
POLR3E	-0.619375865894446
TANGO6	-0.619389956737251
WDR11	-0.619990213088806
CEP76	-0.620507092252878
C9orf78	-0.621533142619306
SENP5	-0.623080690210434
LINC00885	-0.623268098175768
ACRC	-0.624019606073922
PDS5B	-0.624395663060678
E2F2	-0.624462200179385
KIF21B	-0.624943440775928
AKR1B1	-0.625819286949192
KIAA0100	-0.626119745141868
S100Z	-0.626392442795827
MMADHC	-0.626650299283176
ANKRD13B	-0.626685719755179
RAB7L1	-0.627074365335836
CNFN	-0.627120752253693
GTPBP8	-0.627923764366545
ZNF568	-0.628119908963502
RBM14	-0.628378125563869
IP6K1	-0.628711347585158
XRCC3	-0.628741820229939
CRLF2	-0.629412626633095
RP11-770J1.5	-0.62994082314266
CTB-113I20.2	-0.630601500263062
LIMS3-1	-0.630622241727301
TMEM194B	-0.631370738389811
DGCR8	-0.631412985961697
ITGB2-AS1	-0.631459601824659
ZNF707	-0.631906453355104
BIRC3	-0.631968607216912
RP11-91J19.4	-0.632998038653175
TMEM199	-0.634585638653665
KCTD13	-0.635013907993857
IFT57	-0.636394024066048
KANSL2	-0.636403069948331
RP11-458N5.1	-0.636557157204071
PTPRA	-0.636794389650119
ARHGDIB	-0.637020051317428
OVCH1-AS1	-0.638964862382878
RP11-193H5.1	-0.639755191689668
POU2F1	-0.639804335711685
MXI1	-0.640997138093958
SMARCE1	-0.641876160511226
SMARCA5-AS1	-0.642032378908359
TRIM22	-0.642467179302834
MAP3K7CL	-0.642852847377239
TMEM62	-0.642947783079814
MCM8	-0.643344627321798
STARD7	-0.645112862495451
VPS9D1	-0.645205411581047
TRA2B	-0.64691476407652
LINC00176	-0.647229107058274
CCDC130	-0.647313683293283
BTBD1	-0.647701207775393
RP11-81H14.2	-0.648422319276229
CD8B	-0.648735622017818
CTDSP1	-0.649208607634403
ESYT2	-0.649232673327859
MFN1	-0.6493246330256
AE000662.93	-0.649659786277426
KIF25-AS1	-0.65001216562535
AMPD2	-0.650487871016379
SLC35G5	-0.652547870211522
ATF6B	-0.65353106655822
ABCC5	-0.653866514865771
HNRNPU	-0.65402713926598
IER2	-0.654665000956828
SELPLG	-0.654924675258107
BAP1	-0.65502963567208
FBXL18	-0.655435148111748
WARS2	-0.656041972457828
AC005523.2	-0.656562932054527
PEX3	-0.656823314864899
ITGB4	-0.657120280494018
DAPK3	-0.657545216095694
RORC	-0.658521046430943
MORC3	-0.659211857329407
IPO8	-0.659584149925761
ZNF510	-0.660347860897322
SPAST	-0.660839963701462
IRF1	-0.662355725180104
AC016757.3	-0.66276736984046
PKD2	-0.664013375288459
HEBP2	-0.665645915860247
RIOK2	-0.667625092370795
CTCF	-0.667675594326225
GTPBP1	-0.668929103601248
MTMR14	-0.668982455783909
ITM2B	-0.669157129880263
NLRP2	-0.669471518202712
MDC1	-0.669521396014687
TAGLN	-0.670216861326298
HK3	-0.670550514512771
DNAH10OS	-0.670869695897225
CDK16	-0.671047206011721
PPP2R5A	-0.671791173066257
NOC2L	-0.67279857647058
GCAT	-0.673139921029753
JUP	-0.674274826496544
LINC00504	-0.674544737743018
CTD-2630F21.1	-0.67507409563966
LGMN	-0.67546023581429
ABHD17A	-0.675863759426249
OXSM	-0.676093281735806
UBAP2	-0.676462526266885
RP11-382J12.1	-0.67691477959642
CLCN3	-0.677515977654304
WFS1	-0.677702700310829
GTF3C5	-0.677716088122334
WBP2	-0.678101398650515
ZNF354C	-0.679400105033472
RP11-315O6.1	-0.679631757699672
ERP27	-0.67998411670523
PAFAH2	-0.680962723245059
ZNF200	-0.681957159842736
ZNF684	-0.68225549832197
NCL	-0.682507398103122
KLF9	-0.682697195030317
C1orf27	-0.684336512001644
SHC1	-0.684519660376107
POU5F2	-0.685639915856191
RP11-22P6.3	-0.685991035169837
CHORDC1	-0.685994426301292
CERS6	-0.686251928222557
CLASP2	-0.68627393113889
ITSN2	-0.686654980680102
UBR5	-0.687200287528652
SASS6	-0.687400407367994
NAE1	-0.687486288222407
ANKS1A	-0.688060355393431
NDUFA10	-0.688279313432967
NAPA-AS1	-0.688281304735027
ZNF630	-0.688300294522402
FAM32A	-0.689415894151941
MYO15B	-0.689479794270211
CTDSPL2	-0.689610336082718
ADIRF	-0.69022196954028
OSBPL10	-0.690916654242364
NBPF10	-0.691044264748907
ZRANB1	-0.692003876762276
DTWD1	-0.692126577192667
TRIM8	-0.692957999073941
ZNF658	-0.69314954992625
RP5-882C2.2	-0.69325365555898
ZNF781	-0.694724048787175
KLHL20	-0.695005185754034
SNX27	-0.695313430751266
GALNS	-0.695439863190835
KDM4B	-0.69628890684326
AKAP1	-0.696581424484691
CORO2A	-0.69715678572245
KCNK7	-0.698105137423903
SLC27A5	-0.698129522079814
RP11-141B14.1	-0.698597414586453
PAPOLG	-0.699536724091144
ZC3H10	-0.699927323174721
GOLGA1	-0.700448021778375
DHTKD1	-0.700533774370677
RILPL1	-0.702203641327418
ST20-MTHFS	-0.702240546407861
LRP12	-0.702900303484435
GAS8	-0.703124046811171
OXCT1	-0.7035715258735
MAP4K3	-0.703662871733824
BCL2L13	-0.703937958451095
KRI1	-0.704465308693447
RARS2	-0.70552919900075
RP11-930P14.2	-0.70574555869167
BUB1	-0.706258715329675
NUP160	-0.706471391649068
PPP1R10	-0.7073975140323
VILL	-0.708069404513166
C2orf47	-0.708114228967844
RP11-770J1.3	-0.708448554419183
ANKS3	-0.70908534626178
APOL1	-0.70920327638788
CCDC181	-0.709679279313575
PPM1A	-0.710245358586813
TMED6	-0.711345448975462
CTSO	-0.712753650228524
ZNF585B	-0.712918251247579
HELLS	-0.713352486212934
ICA1	-0.714094025649779
FPR1	-0.714170701734139
ADSL	-0.715693123752019
HNRNPD	-0.71587968637932
PHF8	-0.715895491632819
RSRC1	-0.717556736093313
ZNF251	-0.718191755660738
FAM98A	-0.718881761276171
HINT3	-0.719391120608454
KB-431C1.4	-0.719846994327188
IMP3	-0.720305909180366
SPPL3	-0.720415168563445
NDUFV3	-0.720656820580331
LINC00866	-0.721290453902059
ZKSCAN3	-0.721293336962022
RP11-473M20.7	-0.721438768656558
BTD	-0.721462139585499
SORBS3	-0.721916869099864
KCTD5	-0.722056147212758
RP11-532F6.4	-0.722555015223611
HMGN3-AS1	-0.723295364340284
PHLDB3	-0.723433325124759
NDUFAF6	-0.724805727426695
EIF1	-0.726262640541296
RP11-477D19.2	-0.727853400570084
BSDC1	-0.728477525188305
FKTN	-0.729350917111781
TRAFD1	-0.731503200958566
ZSCAN20	-0.731807934443529
SYNC	-0.73235437388255
CHST11	-0.732533870959788
TRIM62	-0.732675379493129
AREL1	-0.733238084736287
AMT	-0.733498321482367
RFWD3	-0.734177206532291
CWC22	-0.73429263747264
TCTEX1D4	-0.735099728285942
PIAS4	-0.735561107606414
PRKCE	-0.736090380037557
RP11-316M1.12	-0.736155614069367
RP11-473I1.5	-0.736416191568774
POTEE	-0.736616554220871
AGO2	-0.736866490732724
TMEM182	-0.737719065021182
THAP7	-0.738240113337235
ARRDC3	-0.738634622407013
RHOT2	-0.738724438228983
IFNLR1	-0.738741961261379
CCDC17	-0.739910570679325
ZSWIM3	-0.740064625217792
RAD51D	-0.74013528198913
AGPAT1	-0.741289885314994
ZNF778	-0.741400029565926
ELF1	-0.741904623941424
FKBP5	-0.742133674839959
HS3ST3A1	-0.742266449599419
FAM110A	-0.743638505857282
DUSP28	-0.744170275646124
GPATCH1	-0.745317002190703
ZNF749	-0.74554005530733
RP11-469M7.1	-0.745795139684189
GMFG	-0.746085135046814
RBM22	-0.746633565629365
FAM206A	-0.746679254825103
CTC-542B22.2	-0.746842804535461
CRYZL1	-0.7475209487609
WDR24	-0.748479158883039
GPX4	-0.749700002930515
TBC1D5	-0.749913644668436
SPECC1L	-0.750205265186278
S100A8	-0.750300348175658
PPP2R5D	-0.751104263337389
NPIPA7	-0.751189324873954
SLTM	-0.751292022914173
PLEKHG4	-0.751465316908936
CTD-2353F22.1	-0.751797685276747
KDM1B	-0.75242031112878
TBL1XR1	-0.752905594579589
P2RX1	-0.752937176950886
DRP2	-0.753199760756412
PLBD1	-0.753664664767717
FOXRED2	-0.754466824294985
CTD-2139B15.2	-0.754961317649153
LCK	-0.755842780365734
USP36	-0.756737592546441
C8orf33	-0.756911707560176
MTBP	-0.757071784030651
GNB1L	-0.757189909539985
ZNF644	-0.757480931498456
ZNF615	-0.757490943131823
C9orf114	-0.758114026284624
KIAA2026	-0.758251429374122
UQCC1	-0.758428026025871
TMEM86B	-0.759071398609459
VPS13B	-0.75908943024059
TMPRSS13	-0.759750000601965
MARVELD2	-0.760033694107866
RP11-104L21.3	-0.760220458453909
RP11-600F24.7	-0.760975069831755
ADNP	-0.76255824682929
C11orf31	-0.762687532663758
ATXN1L	-0.762753420708744
NLE1	-0.762989180130881
C19orf68	-0.763020117185099
ATL2	-0.763220987475853
MLX	-0.763385690907465
IRF9	-0.763856577850241
CPEB3	-0.763856861463968
SLC2A9	-0.764332011448178
ERGIC1	-0.764896627438844
LAMTOR4	-0.765628220619286
MMS22L	-0.766326163851499
ENC1	-0.767171228120138
AFMID	-0.767568519974857
PTBP2	-0.767593893698431
RP11-727F15.11	-0.767773840816846
POU5F1	-0.768257710069065
RP11-94L15.2	-0.769057640733931
MTAP	-0.769802216009148
SIRPA	-0.769870275353898
MAP3K13	-0.770007653201467
LGR4	-0.77042828404934
CENPC	-0.770769234556686
NBPF14	-0.771072336983714
ARL6IP1	-0.7716880988833
CACHD1	-0.772301930548578
TRMT1	-0.773766927476471
FAM72D	-0.773951176635492
ZNF678	-0.774758997888114
ZNF189	-0.774899373206992
AGGF1	-0.776457279690751
NUB1	-0.776527406575267
RP11-62C7.2	-0.776570294799611
RP11-589P10.5	-0.776825549398176
AP3B1	-0.776863271928516
NBPF1	-0.777162633215962
WDR20	-0.777331791836406
STK11	-0.777823266738694
FH	-0.77831852790144
B3GNT5	-0.778523088985764
NCALD	-0.778735771308079
PGBD2	-0.780637882076805
ORC2	-0.78100875020585
C22orf29	-0.781194425610602
ORMDL1	-0.78203060312304
LINC00936	-0.782925938371939
RP1-37N7.3	-0.783316209005223
ATP11C	-0.783588793401212
ABCE1	-0.784853803875367
MEF2BNB	-0.785003590893482
METTL4	-0.785341404901879
ACVR1	-0.785643131657328
TMBIM4-1	-0.785948199171965
POLB	-0.78599170786242
NXPH4	-0.786389107614009
TBC1D22B	-0.786942837299429
TMEM41A	-0.787130073295017
ZNF7	-0.78805423694496
HOXB4	-0.788886637935775
LINC01116	-0.789791954349602
CDK11B	-0.79145108794194
WBSCR16	-0.792536869708365
MMEL1	-0.792630250016937
NLRX1	-0.79335761508493
IFT80	-0.793422585230499
MT-CO2	-0.794853926626334
RP11-458F8.4	-0.795254443112853
ZNF77	-0.795304337638275
PREX1	-0.795676887220788
IQSEC1	-0.796615640040068
AC040977.1	-0.79687172109829
DSTN	-0.796946827927919
KIAA1109	-0.798411677754494
PTGES2	-0.799139503153941
KLHL21	-0.799710818708355
MOCS2	-0.799755321670984
NPIPA1	-0.800040019249111
DSCR9	-0.800284139217736
FOXD2-AS1	-0.80040523130973
PTGER4	-0.802268729365368
VAPB	-0.802407521657878
ATP5G2	-0.802849162592288
GINS4	-0.803611624299329
TSHZ1	-0.804678969603745
FCN1	-0.80519996453858
RP11-192H23.4	-0.80556403885221
RASSF1	-0.806167927110631
TGFB3	-0.80624853307846
OTUD4	-0.806393887149183
DDX54	-0.806534319185902
C7orf55-LUC7L2	-0.806624769422258
KB-1980E6.3	-0.807115779094438
ZNF232	-0.807305175077533
PPIH	-0.808246101375231
TXNL4B	-0.80993261384446
TDP2	-0.810685251731681
SLC9A9	-0.812707697695998
NOP14	-0.812999539807905
RP11-434H6.7	-0.813240728240089
LOH12CR1	-0.813310164933364
THAP7-AS1	-0.813527357039144
GZMK	-0.813569889786056
NOP56	-0.813833796158371
ZBTB1	-0.813889512904827
ALMS1	-0.814739527614611
LAX1	-0.815551982930817
ZNF574	-0.815822217184885
GTSF1	-0.817564854468668
MPND	-0.818855479134539
NEK1	-0.819893593875871
FAM149B1	-0.820117907969125
C1orf145	-0.820122866955329
BLVRA	-0.820579206522907
R3HCC1L	-0.820589551250213
TRIM34	-0.821526552842761
ARL5B	-0.823184022533003
ZGPAT	-0.823685124473348
TATDN1	-0.82442342276704
ACOX1	-0.824458853233343
THOC1	-0.826009010495187
SEC23A	-0.827484354522323
ZNF230	-0.828147384178201
DDX52	-0.829027282639089
SLC17A9	-0.829261061337032
NDUFA11	-0.829932536740349
RIC8B	-0.829957582116523
ACBD3	-0.830413961560485
PDE6B	-0.830693139570316
TUFM	-0.83145326084725
PROSC	-0.831846474502574
UPF1	-0.833301316245479
TRIM14	-0.833849378947443
POLR3A	-0.834097750445156
RP13-516M14.1	-0.834154843653272
ZC3H7B	-0.834390844684808
ZNF672	-0.835791981677873
ZNF34	-0.838377712237503
LINC00264	-0.838763892540915
JAK1	-0.839931783260498
SCYL2	-0.839943771458803
C1orf177	-0.840962295504854
LDB1	-0.842384794381519
SNAPC3	-0.845185803578975
TMEM262	-0.846823555962572
PUS10	-0.84714924880685
CCDC62	-0.847688474671769
ANKRD20A4	-0.847830277885279
MARCH1	-0.847878006349292
NEK8	-0.848739119692535
ZNF275	-0.849552228776153
UCK1	-0.850283929400077
ZNF337-AS1	-0.850416092708289
HNRNPUL1	-0.851601668707184
EIF5AL1	-0.851729003473675
ATP5SL	-0.852197738530406
UBR2	-0.852427746744931
CTD-2547L24.4	-0.853862288808905
WDR73	-0.854157620450786
SLC26A1	-0.855184062957434
ZNF552	-0.856259684426326
CCDC61	-0.856440748576726
PSD3	-0.856500483502297
FAM84B	-0.856510812549674
PNPO	-0.856737690596511
TLK2	-0.856878800510133
ZMYM4	-0.857297031740931
SIRT2	-0.858613564422267
CTD-2184D3.6	-0.858688468902368
FAM120B	-0.858890498112734
TEX261	-0.860488774574825
C6orf136	-0.860727250480309
NMNAT1	-0.860963443891795
GPN2	-0.861438907813314
DKFZP761J1410	-0.862293414669125
MVK	-0.864156258299559
TBX19	-0.864665301209663
DMWD	-0.865531791325108
TOX	-0.866752409097955
SMCO4	-0.866879202308363
HERC1	-0.867389370315831
ZNF770	-0.867423808227143
ZNF607	-0.867430733180489
APIP	-0.868013588407999
PLCB2	-0.868134049648923
CDK20	-0.868361878548334
NOL10	-0.869117668533182
RP11-462G2.1	-0.869360312353249
BUD13	-0.869500486306215
AHCY	-0.870019667041203
NEK10	-0.870457026752064
ARNT	-0.871349880192707
RPF1	-0.872318958715483
C15orf61	-0.872767275886302
ATP6V1G1	-0.872936185109606
SIPA1	-0.873387318199397
CACUL1	-0.873886619580692
GS1-421I3.4	-0.874975854557233
SUN1	-0.875132108463707
RP4-549L20.3	-0.876204647450222
RP11-603J24.5	-0.877564132247125
LGALS8	-0.877848964675919
BAIAP2L2	-0.878307955186569
AKNA	-0.878476666217218
TMEM254-AS1	-0.878503428936581
RP11-782C8.3	-0.878644878227778
ZBTB34	-0.879367421732494
ELAVL1	-0.879467384745762
TRMU	-0.880085962061173
RP5-1074L1.4	-0.88031781386731
NUFIP2	-0.882238022778964
NCKIPSD	-0.882573118240559
EDC4	-0.885700629936227
ZHX1	-0.886676205912913
RP11-762I7.5	-0.887027788685695
UBE2R2	-0.887243440562482
POT1	-0.887270038375776
DVL1	-0.887395181792837
METTL13	-0.887490182732628
SMN1	-0.888477201073994
LAMP1	-0.889470077445294
EML5	-0.889691057683198
RP11-31F15.2	-0.890283657368013
FAM3A	-0.891057523435755
TPRKB	-0.891854575974801
NUCB2	-0.893072342796103
AC009542.2	-0.893632513585001
EXO5	-0.8938402740016
U91328.19	-0.894570152906058
IGSF6	-0.896120732727269
YDJC	-0.897035025053065
HSF2	-0.897262447740759
SVIL	-0.897647171690513
C10orf118	-0.897735816612672
CHM	-0.898132615979261
ANK1	-0.898302081741471
ZNF41	-0.898369600667603
ZNF793	-0.898380668885901
ZNF337	-0.899048714380997
GREB1	-0.899712755542352
PFAS	-0.899834186673816
RGS2	-0.900290821269675
ARHGEF38	-0.900479374046008
DDX3Y	-0.900887153617349
PPP1R15B	-0.901176637998873
ERLIN2	-0.90256547596157
RP11-103B5.2	-0.903019443797788
SENP3	-0.903337288098477
MUC6	-0.904019815200299
POC1B-GALNT4	-0.904208652373501
ANKAR	-0.904224055695302
RP11-815J21.2	-0.904354216761063
FAM122A	-0.904425704595995
DMPK	-0.905108738380738
IKZF3	-0.905447394015601
CASC1	-0.905472175969832
PIK3CA	-0.905546806355234
CHN1	-0.905889870782227
TJAP1	-0.906137505932842
ZNF766	-0.906414296206646
FAM184B	-0.90655043046375
RP11-245P10.4	-0.907148351472827
IRF2BP1	-0.907556058416276
RP11-117D22.2	-0.907789753034033
ZNF571-AS1	-0.907977416271683
CHKB-AS1	-0.908424471058583
SNX25	-0.909054370032399
LRRC45	-0.909265261011507
FBXO28	-0.910487524627689
WDR7	-0.911164321020314
SLC25A33	-0.912033890338317
SUCO	-0.913536040090246
CEP135	-0.913763485518792
MRPL45	-0.914331014855715
ORAI3	-0.914882415375293
DCTN1	-0.915358484764926
RBM6	-0.916101039544869
GGCX	-0.916294271663137
FBXO48	-0.917462436324549
KLRG1	-0.917903492654051
GSAP	-0.918795001053676
CXorf23	-0.918869096859376
ZNF624	-0.919861023755169
ARHGAP35	-0.920088983728469
GTPBP6	-0.921462995496394
FBXO41	-0.92178326036894
MPEG1	-0.921901872996809
DGAT1	-0.921935375031142
ZNF257	-0.92198610951119
RUNDC3B	-0.922178560641972
RP11-505K9.1	-0.922229618768538
SURF6	-0.922277345490339
RP11-290F5.1	-0.92270830993139
SLAIN1	-0.923090126205799
ZNF195	-0.9239201762339
MGA	-0.925075574849048
C20orf196	-0.925244572693676
NCBP1	-0.9253135290839
RP11-712L6.5	-0.926439440557755
FANCM	-0.926817144961527
EIF3C	-0.927936689084666
AL627171.2	-0.928002835134465
GATAD2A	-0.928154583862365
TIAL1	-0.928827874156123
RPEL1	-0.929604744794371
ZNF384	-0.930611368543144
RNF220	-0.932148163353736
EXOSC5	-0.932557281926024
SELO	-0.933140562460611
EIF4ENIF1	-0.933722914906443
TRAPPC11	-0.933840700931368
CES1	-0.934847575910929
KLHDC4	-0.935540569318863
TRIP11	-0.936207711795297
AGAP6	-0.936576953183473
LEPROTL1	-0.938311822268748
C7orf13	-0.938551638655436
YARS2	-0.938668954551256
ELOVL5	-0.939523323665677
THBS3	-0.939609021662393
ZNF587B	-0.939935453915944
UHRF2	-0.940506393542544
ZNF84	-0.940737309585681
PRR3	-0.942333602849729
JUNB	-0.943041845393182
RNF219	-0.94309993847292
RP11-429J17.2	-0.943316611738463
RP11-504P24.8	-0.944261405923396
NDUFA12	-0.946270285006374
UNC79	-0.946371822063079
SMARCC2	-0.946695918195538
POLR3G	-0.946777387023397
API5	-0.946957441499313
C19orf48	-0.947387677881861
ASCC2	-0.948719139377425
INSL6	-0.94927671897917
NLK	-0.950356920988101
BCL7B	-0.950885767658127
MAP3K12	-0.951118587781392
USP38	-0.951447399885804
RP11-264B17.5	-0.951554754022451
ZNF354A	-0.951959601029782
CDC26	-0.952249782139172
RP1-117B12.4	-0.953464148501394
ZFP64	-0.9540062825458
ZNF33A	-0.954042241253854
CCDC102A	-0.955036675220934
ANKRD26	-0.955752679753466
FGFR1OP	-0.956449123939238
SH2D3A	-0.956957102983065
ZNF486	-0.958163682662196
LYRM9	-0.958339396925798
SLC25A29	-0.958687979480826
PLS3	-0.959090534444794
CTD-2267D19.2	-0.95934450198674
ZNF646	-0.960177003237856
ATG10	-0.960338610886749
GAMT	-0.960532895306325
THUMPD2	-0.960680329010682
EML3	-0.96223680691368
SMARCD3	-0.963384874171679
PPP2R2D	-0.964833345900761
PARP8	-0.965279534650842
RP11-367J11.2	-0.966706100412227
LDHC	-0.96735059145524
CAMLG	-0.968699637579418
ZNF343	-0.968765015378363
ZSWIM7	-0.969574336698452
ROCK2	-0.969748264177966
PAPD5	-0.970775741204569
SRSF9	-0.97103528511548
SIDT1-AS1	-0.971109885642247
BLOC1S5	-0.971168466764566
HEXIM2	-0.971269680249253
SIGIRR	-0.972034444367825
JARID2	-0.972249613869827
MIPEP	-0.972484556785175
C6orf165	-0.972917654185562
RP11-307C12.12	-0.972937478096169
RAD21-AS1	-0.974950818347003
ANAPC4	-0.975900931289852
HIST1H2AE	-0.976444878411492
KBTBD7	-0.977105529405767
DEDD2	-0.977481588163227
SNAI3-AS1	-0.978134835201836
RP11-89K11.1	-0.978193764019078
IGF2BP3	-0.97848655378047
EDC3	-0.978912659107887
SLC3A1	-0.980422428012987
RP11-295G20.2	-0.980672480816405
SLC22A5	-0.980880991544332
UBE4B	-0.981039914444875
MED28	-0.981141938790479
REEP3	-0.981597665862241
CTC-453G23.8	-0.981603934461103
RP11-480A16.1	-0.98247520372587
TRIM65	-0.983407981221861
FAM69A	-0.985838729240283
PIK3C2B	-0.986038798382452
ERCC6	-0.98608805795612
CRYBG3-1	-0.986598664525354
RNF166	-0.987097801647546
ALOX15	-0.987887178297569
NOLC1	-0.987987841563343
RP5-1158E12.3	-0.988318894320849
SGSM3	-0.988358477034359
SRP19	-0.988589579189373
ZNF575	-0.988757601895411
THAP4	-0.989451025982614
RP11-881M11.2	-0.99007746280746
BRAT1	-0.990127908234584
RP5-1043L13.1	-0.990234400922312
MGMT	-0.990584497829061
MRPL44	-0.990642487941631
CTD-2135D7.2	-0.990670445411018
C6orf163	-0.991946623430158
USP30	-0.9920212941121
MGP	-0.992420383972381
RP4-734G22.3	-0.992678572872498
LCMT1	-0.993124836919063
GDAP2	-0.993183946171994
CRYGS	-0.993856477897512
GALNT3	-0.994241830439504
ATP8A1	-0.995464926120002
RP3-467L1.4	-0.996062522513246
LRRC37B	-0.996577042704391
DCAF17	-0.99669414690735
AP000254.8	-0.996729074185932
PRKAB2	-0.997220101514378
BASP1	-0.997340866195519
RP11-685N3.1	-0.997520446566835
DNPEP	-0.998294760021207
SLC25A36	-0.998394483517612
EFHD1	-0.999278737113101
ZCCHC3	-1.00020489855216
ZKSCAN2	-1.00042543110605
SUCLA2-AS1	-1.00045132860994
CYBB	-1.00120939302853
ARMC8	-1.00123158786371
WNT2B	-1.00233074656726
SKIV2L	-1.00243577518816
FBXL14	-1.00262814562042
SLC25A51	-1.00287188563474
GMDS	-1.00429524931123
PTK2	-1.00431025581329
UBBP4	-1.00491463470186
NAA15	-1.00549424863125
KMT2B	-1.00619588036969
TMCC1	-1.00655996402241
C1orf131	-1.00675059719477
AC015987.2	-1.00687609002693
NDUFAF7	-1.00715973090497
PTCH1	-1.00725486663394
RP11-1407O15.2	-1.00860988588231
TBXAS1	-1.00955108883084
SNX13	-1.01051324267544
CTC-250I14.6	-1.01061613612889
RP11-734K2.4	-1.01118290421929
FBXL3	-1.01130483695818
TTC18	-1.01131126287706
ZNF831	-1.0115958809673
SBF2-AS1	-1.01216638324297
RP11-327F22.2	-1.01308908552731
GGA3	-1.01339687295334
TMEM161A	-1.01358720835535
RAP1A	-1.01395199914719
MARCH6	-1.0147683022967
ZNF18	-1.01483525352144
RP5-1125A11.1	-1.01544007285661
WASF2	-1.01648945949548
ZDHHC3	-1.01649218865104
ANGEL1	-1.01734854740392
PRSS1	-1.01769631253914
GLB1	-1.01843828358078
RNASEH1	-1.0185474389942
ANKRD46	-1.01873581235772
NPIPB15	-1.01920194093677
CTNNBIP1	-1.01956865721225
SCNM1	-1.01958193253305
SWT1	-1.01972986125032
CTBP1-AS2	-1.01993292145435
DDHD1	-1.02059154548547
TNFAIP8L1	-1.02118837415726
NCOA2	-1.0216150113921
HUS1	-1.02296506496714
TMEM230	-1.02369351728297
RPA2	-1.02413207095631
PPHLN1	-1.02601155743919
LENG1	-1.0276670772915
AC016700.5	-1.02785489143055
CCDC77	-1.02803345641751
RP11-475I24.3	-1.02887307876313
PRKRIP1	-1.02905922660082
ZSCAN32	-1.03144849054112
FNIP1	-1.03190808653101
BOLA1	-1.0321564730419
FAM185A	-1.03219268061337
AL357673.1	-1.0325419960796
CTD-2293H3.2	-1.03289538517693
NFYB	-1.03370604515646
GTF2E1	-1.03432842896166
CXorf38	-1.03454819622179
TAZ	-1.03496338630208
KIAA1467	-1.03503334213818
NKAP	-1.03505909733504
C1R	-1.03530086837307
PPAT	-1.03548388010592
RABGAP1	-1.03575622438093
MPHOSPH10	-1.03609437024452
PPIL6	-1.0371325553627
CCND3	-1.03716391994751
KDM5D	-1.03802817103994
MTRNR2L1	-1.03807207203696
HIST1H1D	-1.0388591687301
CTC-428G20.3	-1.03891048057519
POM121C	-1.03943383397503
LINC00667	-1.04016515907414
R3HDM1	-1.04086691833049
HIST1H3H	-1.04152575550624
RGL4	-1.04165766173277
PCBP2	-1.04213840515457
RAD54L2	-1.04292695495859
DDX18	-1.04358223381393
TTLL1	-1.04436207195779
CPT1A	-1.04451672999592
GALK2	-1.04482041845485
FKBP14	-1.04492230249854
MAPK8IP3	-1.04525025635548
ACY3	-1.04565310542016
ITPRIP	-1.0458091571085
AC136297.1	-1.04777071144397
RCN2	-1.04777421140586
AC009473.1	-1.04799397127426
HNRNPC	-1.04820465452581
NOTCH2NL	-1.04881281971033
MED26	-1.04918996973133
GATS	-1.04933538531441
HAP1	-1.05003914189338
MAPKBP1	-1.05008662164902
XXbac-BPG181B23.7	-1.05051294511543
RP11-753H16.3	-1.05066242713427
RPPH1	-1.05180988597081
NPM1	-1.05230708849033
SCAF11	-1.05279895919967
PLBD2	-1.05340244683804
TRIM16	-1.05354299769727
CYTH4	-1.05398056488943
RHOH	-1.05414954461914
CPT1B	-1.05418918330395
CBWD3	-1.05659533475779
TMEM194A	-1.05723088786866
DFNB59	-1.05732278669299
C16orf52	-1.05763077272829
FAM199X	-1.05764617596966
KDM2A	-1.05764993832326
IRS2	-1.05810131242131
ZDHHC15	-1.05812099965926
ACADS	-1.05821361467452
BRMS1L	-1.05903932628331
GSDMB	-1.06052640525359
BICD2	-1.06071476869869
VAT1	-1.06108127812736
RPS6KA5	-1.06120116691391
ATP2A3	-1.06166922409236
ATP5O	-1.06167594473884
TMEM186	-1.06191404902109
WWP2	-1.0621868714287
Z83851.3	-1.06230631988074
DIS3	-1.06233295534695
CTD-2054N24.2	-1.06236692309359
CYTH1	-1.06487507147265
NUFIP1	-1.06610122106991
CEP350	-1.06612703923524
RP11-342K6.1	-1.06625007360021
FRAT2	-1.06631096308896
CTB-5E10.3	-1.06655637087275
MT-ND1	-1.06676194072107
SMARCD2	-1.06729516175759
TADA2B	-1.06776500795091
RAPGEF6	-1.06782082040648
ARHGEF26	-1.06848618233805
C7orf60	-1.06867444706051
DIS3L	-1.06878749821121
DPH7	-1.06946889657884
FLT3LG	-1.0701865653747
NCBP2	-1.07047902310742
SMPD2	-1.07053193880489
C2CD2L	-1.0708221453246
CCDC93	-1.07101727338559
ARL16	-1.0710447657544
C9orf9	-1.07124264611323
AL161915.1	-1.07175873497417
EP400NL	-1.07305648180187
CMTR2	-1.07389178334982
ZNF888	-1.07422233795161
AC090186.1	-1.07442623391844
PCNXL3	-1.07533353730647
UBXN6	-1.07575272577743
KLHL12	-1.07608969003138
OBSCN	-1.07728236350876
STAG3	-1.07811021971463
TTC37	-1.07846516408354
RNF122	-1.07919789617278
DYNLRB2	-1.07938362137148
YAE1D1	-1.07998334461985
GTF2F1	-1.08015160081248
EID3	-1.08026661929989
PICK1	-1.0806701867789
SLC7A6OS	-1.08080852226818
SPATA2	-1.08105593740179
SMG5	-1.08117216516973
CARD8	-1.08158776401945
RIC3	-1.08325082648949
ORC5	-1.08369136150873
MEGF8	-1.08395536192201
GAA	-1.08398475266011
HDHD2	-1.0845180884733
VPS13C	-1.08496865068188
RP5-1112D6.8	-1.08508938685661
MID2	-1.08554713123741
CTD-2342J14.6	-1.08601667923751
FSIP2	-1.08629837728258
PGM3	-1.08708208419607
CTD-3128G10.6	-1.08748876513234
RWDD1	-1.08781685519517
TTC16	-1.08795261790492
AL133245.2	-1.08811187554186
7SK-2	-1.08913060499977
MEOX1	-1.0894845171516
ZNF383	-1.08993694050027
RBMX2	-1.0912003892264
AC005306.3	-1.09165442028576
LEMD2	-1.09172974094282
HNRNPUL2-BSCL2	-1.09218627151793
IBA57	-1.09303498979623
TSACC	-1.09361424678221
TES	-1.09400353893057
AGAP10	-1.09429847851427
POLR3D	-1.09546994309415
SNX32	-1.09552684796912
POLR2A	-1.09589136552749
AEN	-1.09596077416289
TPRG1L	-1.09617408743118
PRAM1	-1.09692352917224
RP11-145M9.4	-1.09732494592772
AC131097.3	-1.09733242902895
SNTB1	-1.0977611124798
NCK1	-1.09855329830512
RP11-617F23.1	-1.10159993908652
CDKN2AIPNL	-1.10184440519015
DUS1L	-1.10250724668921
TMEM176B	-1.10252332399058
ALDH8A1	-1.10287805241604
SCAPER	-1.10320276329503
TMEM183A	-1.1032055207705
OAT	-1.10492836818178
PRR12	-1.10550293652493
RP11-130F10.1	-1.10595694031957
FBLIM1	-1.10598428422095
MT-CO3	-1.10669955350432
AC016831.7	-1.10695902334381
CRYBB2	-1.10716413848507
PIK3R4	-1.10737962879863
FAM124B	-1.10792623350898
ARID2	-1.10815843531342
LRP1	-1.10837989191854
PDE3B	-1.10902337090041
AC091729.9	-1.10914108244323
LRRC32	-1.1094273639641
RP11-173B14.5	-1.1096760690431
PJA1	-1.10968588254026
POLDIP3	-1.11073480834399
JMJD7	-1.11097383438728
NSL1	-1.11143266431987
WASH4P	-1.11169380098139
RTN4IP1	-1.11236197227677
ERCC4	-1.11252043410293
IPO4	-1.1126155047728
H3F3A	-1.11261989712278
DNAH14	-1.11278584088741
GYPC	-1.11326821896881
RP11-69E11.4	-1.11405222072025
MAPK8IP1	-1.1142645151868
FTO	-1.11436756335975
AC093157.1	-1.11495815291702
RUNX1	-1.1161751638919
MOCS1	-1.11700010536759
GCDH	-1.11735863089429
RABL6	-1.11779526001545
HOXB2	-1.11786346667516
C6orf211	-1.1182380658443
RAB11FIP4	-1.11859365092764
KLHDC1	-1.11915166215394
GPR157	-1.11915582929977
C11orf30	-1.11956057728929
FCF1	-1.1195659338129
POMGNT2	-1.11976134584895
TBC1D2B	-1.12048055752281
LRRC8C	-1.12189595820243
ZNF639	-1.12237118230392
ZNF550	-1.12246687189165
RNF114	-1.12442651322363
TMPO	-1.12488254680785
RP11-73M7.9	-1.12506701753411
RP11-432I5.4	-1.12516986212125
TRIM38	-1.12526681745837
CHMP1B	-1.12609040215542
DCAF8	-1.12672207047649
JSRP1	-1.12691018181676
NENF	-1.12769818208141
TEFM	-1.12789643422146
AP1M1	-1.12833985357081
RWDD2B	-1.12879599395912
IDUA	-1.12951106309809
BFAR	-1.12993729186992
D2HGDH	-1.13006646381145
UPF2	-1.13043461769549
DHX33	-1.13054180681858
TTI1	-1.13242229669337
VSIG10	-1.13256553953201
TNFRSF10B	-1.13269835305813
LYZ	-1.13383419421762
ZFYVE16	-1.13454558381278
MTF2	-1.13467100037361
RP11-187E13.1	-1.1348394437084
TSPAN5	-1.13497322564179
RP11-333A23.4	-1.13550969108439
TIGD2	-1.13670395456255
NPRL2	-1.13676943499065
C9orf85	-1.13742833570518
NT5C3A	-1.13787847744732
MRFAP1L1	-1.13799802503614
HBP1	-1.13817827848083
CTB-131K11.1	-1.13839352281162
C12orf4	-1.13873032778247
CATSPER2	-1.14009358630409
ZNF398	-1.14010145280207
USE1	-1.14034546303218
CTD-2126E3.3	-1.14070829519136
ZFPM1	-1.14098028141795
FGF14-AS2	-1.14147826661402
CBWD5	-1.14326045223465
BLMH	-1.14327727149927
AHSA2	-1.14355883125009
AL391152.1	-1.14360019667286
YTHDF1	-1.14368525235168
JMY	-1.14512542576243
ZNF573	-1.14587725542638
APBB1	-1.14810051187847
DISC1	-1.14993775699901
AAMP	-1.1502558985771
AC021224.1	-1.15061513657663
UXT-AS1	-1.15180017571101
PMPCA	-1.15257281309557
CTD-2521M24.9	-1.15359135268289
SHKBP1	-1.15361880154649
POGZ	-1.15380440116704
XPC	-1.1538490188764
RP11-400F19.6	-1.15402876960687
ACAP2	-1.15405651349242
PZP	-1.15463179789035
C16orf95	-1.15547243315199
AP5M1	-1.15547573638273
CTD-2245F17.3	-1.15551369447967
HAGHL	-1.15560971631606
TAF4	-1.15666470004603
UBA7	-1.1568457748055
TCFL5	-1.15717670179742
PRSS36	-1.1573107584876
MLLT1	-1.15764558557872
RP11-385F5.5	-1.157947573214
STIM2	-1.15882905240914
ZNF285	-1.15958158231606
MLYCD	-1.16086501738444
STARD5	-1.16263060167694
PRDM2	-1.16291408638644
ZCCHC14	-1.16320750785255
INSIG2	-1.16329187497072
FAM117A	-1.16367778729084
B3GAT2	-1.16373914184162
MAP3K9	-1.16409339989352
PRMT3	-1.16480578392145
EIF3CL	-1.16528744599504
RP11-252A24.7	-1.16531597826485
FN3K	-1.16546252005087
KIAA0196	-1.16576355597632
COG7	-1.16577085460258
AF131217.1	-1.16616045479571
CSF3R	-1.16622383703985
VPS4B	-1.16670253035521
PHF20L1	-1.16690058246778
DCAF12	-1.16792949347232
N6AMT2	-1.1683321281942
RP11-15A1.2	-1.17048916093206
POGLUT1	-1.17079900222493
SLC48A1	-1.17217068274268
TLR2	-1.17322616063556
ITIH4	-1.1732728006887
LRRC57	-1.17390746792858
AGBL5	-1.17415107773756
EXOC8	-1.17492805204225
PI4K2B	-1.17544642908342
SASH3	-1.17672210626272
NHLRC4	-1.177086802105
CTD-2651B20.1	-1.17752954222135
QRICH1	-1.17760103976313
SH3BP5-AS1	-1.17946626712929
SEPSECS	-1.18036335210885
ADK	-1.18042329202061
RP11-66N24.4	-1.18078564711794
RP11-180M15.4	-1.18161932129576
H2AFV	-1.18292098464403
RP4-583P15.10	-1.18318980116534
RFNG	-1.18323302781009
PIDD	-1.18363330120548
BAHD1	-1.18401007697295
RP11-263K19.6	-1.18438051200889
AP2A2	-1.18463143205648
SKAP1	-1.184740901928
ETV3	-1.18553761618388
TMEM79	-1.18587245494701
KIAA0754	-1.18589023650143
FBXL19-AS1	-1.18592451766335
MRPL2	-1.18621060958672
RP11-421M1.8	-1.18622649874853
ZNF442	-1.18624436367198
ENDOG	-1.18755619676063
LINC00685	-1.18770029019445
CREG1	-1.18974323032834
ACP1	-1.18999098963105
OPN3	-1.1906553048658
ATP11A	-1.19190786839017
LINC00920	-1.19195113020998
RP5-935K16.1	-1.19195610841443
SCMH1	-1.19308655512627
ZSCAN18	-1.19362473893326
SPDYA	-1.19397884106791
RP1-118J21.25	-1.19417345291134
ZNF827	-1.1949878846751
RP11-139J15.7	-1.19521665732656
AKT1S1	-1.19633543014219
EIF2AK3	-1.19657296485197
HSPA8	-1.19756259386301
CRYL1	-1.19785915406722
ZNF746	-1.19884281298191
HGS	-1.19934432233185
POMC	-1.1996350788606
RP5-1180E21.5	-1.19967486621244
RP11-258C19.7	-1.19978006645228
GPR174	-1.20022323178675
CEP97	-1.20039342877312
CDK5RAP3	-1.20109393074577
FAM83D	-1.20149378966331
POLRMT	-1.20159820902106
EFCAB10	-1.20174123848383
MEX3C	-1.20177070314432
STK25	-1.20183126556954
KMT2C	-1.20318873830289
AC068533.7	-1.20395038712928
C16orf46	-1.20404432784339
PRPF38A	-1.20461254774994
TAF1B	-1.20585642118687
RP11-54O7.11	-1.20590624129934
CTD-3195I5.1	-1.20607628079536
EIF3J-AS1	-1.20637246364418
ZNF696	-1.20749590153932
ARID3A	-1.20755052890381
ZC3H13	-1.2087982568639
FAM192A	-1.20896672643251
KLHL7-AS1	-1.20980810199188
CHUK	-1.21113517450811
AK9	-1.21186456711406
RSG1	-1.2138210540219
LCORL	-1.213914133574
HSF5	-1.21644598603397
ISY1	-1.21752015551555
MITD1	-1.21767218410735
TCF3	-1.21800525793926
ZNF181	-1.21872667832107
TPH2	-1.21915032300012
PRG4	-1.21962900617486
HAUS6	-1.22134356653849
FBXL5	-1.22206864269506
STK10	-1.22212149881358
PDPK1	-1.22300539719735
SFT2D3	-1.22317456325079
SIGLEC7	-1.22422513187784
LARS2	-1.22460660784562
CBX4	-1.22475475350152
RP11-977G19.11	-1.2248027549369
PABPC4	-1.2249225731844
CPSF3L	-1.22502414454246
CTD-2201G3.1	-1.22608769026734
NUP155	-1.22611449217963
GGT7	-1.226644825443
CNIH3	-1.22665584799048
GCLC	-1.22742604297538
PRPS1L1	-1.22810994215201
CTC-241N9.1	-1.22832739461519
IRAK1BP1	-1.22976332531976
STK16	-1.23051432246385
DLST	-1.23064054612323
STAC3	-1.23094420144891
AARS2	-1.23114054529047
RRP1B	-1.23150439662778
MXD4	-1.23211945736613
HPDL	-1.23299721754249
NADSYN1	-1.23299905557616
TMEM110-MUSTN1	-1.23315537627816
AC007308.6	-1.23390690670406
CCDC174	-1.23584784432543
IL18BP	-1.23704970199408
PYGB	-1.23707050968558
MCMDC2	-1.23728935333059
HSD17B7	-1.23811994262889
INTS3	-1.23938949543717
IKBKAP	-1.23956611593467
AC010547.9	-1.23990917408621
INTS1	-1.23992717033414
ECHDC2	-1.23996170990612
ARMCX4	-1.24046461235563
AKAP8	-1.24181720504496
XBP1	-1.24315974133313
MSANTD2	-1.24347998402534
RP11-70P17.1	-1.24404359552919
KRT7	-1.24521807361928
BCR	-1.24534281181873
KIAA0141	-1.24547232274998
PCIF1	-1.2455289482634
CTB-152G17.6	-1.24605668891902
CDKN2A	-1.24624592033376
POLR2J	-1.24724746514889
FBRSL1	-1.24736601025232
CCDC146	-1.24745341089209
DNAJC25	-1.24755536731248
BAZ2A	-1.24869265073898
MROH1	-1.24899070831389
PDSS1	-1.24939618542394
AFAP1	-1.24941936739532
ADAMTS6	-1.24972012661839
C14orf142	-1.24988449694359
RAF1	-1.25034421659726
CEP72	-1.2511092695451
HIST1H2BJ	-1.25184057012099
SNX12	-1.25186286200926
SNPH	-1.25242375809916
ACKR4	-1.2527819572355
LINC00669	-1.25331821992594
AP1S2	-1.25333366557474
MIEF2	-1.25386724670321
CCAR2	-1.25445122840866
PAX8	-1.25512579303888
RP1-90J20.12	-1.25522099186721
RP11-459F6.3	-1.25618450208528
CTAGE6	-1.25668076149372
ASB7	-1.25713989755486
RP5-1050D4.3	-1.25842435146347
L3MBTL2	-1.25887155674857
TFB2M	-1.25904460276174
SNUPN	-1.25924576567381
LINC00493	-1.25972083593075
FAM21B	-1.26034553538463
RP11-22P6.2	-1.26187531682501
FAM83F	-1.26318648761037
LYL1	-1.26359573997069
C12orf43	-1.26390648616199
TACO1	-1.26509531253062
IGIP	-1.26539941263076
SPG21	-1.26598694603922
RP11-700H6.1	-1.26608823363291
STX18	-1.26636104527077
RNMTL1	-1.26734414259167
CCNJ	-1.26775282520145
RP11-594N15.2	-1.26816211677353
RP11-262H14.4	-1.26886075473491
ING1	-1.26930482880503
SNAPC5	-1.26941806922176
CCHCR1	-1.26946597397095
RP11-126K1.6	-1.269907602678
RPP21	-1.27016998431416
SLC23A3	-1.27085311278614
MAPK13	-1.27122802115164
RNF40	-1.2715801322364
SLC35A1	-1.27204686884414
ZNF141	-1.27317665563165
ADAL	-1.27347769109205
USPL1	-1.27362265372125
ATAD3B	-1.27368091020299
MTA2	-1.27382352813382
ZNF248	-1.27464480949813
LL0XNC01-7P3.1	-1.27487709626619
AC104135.3	-1.27511245832042
MTRNR2L6	-1.27550096262844
LTBR	-1.27685675731189
PLCE1	-1.2772380850314
TRAPPC9	-1.27747965141763
TOPORS	-1.2786216792341
BCAS4	-1.27928254160189
NUDT3	-1.28040032792156
SUFU	-1.28103419123662
TMEM218	-1.28177242266283
ZNF559	-1.28185297165774
SMN2	-1.28198318429315
SAAL1	-1.2826350250374
NPIPB3	-1.284727822459
SMC5-AS1	-1.28580285273466
CPA5	-1.28664110193016
COQ2	-1.28693497925343
LINC00894	-1.28735466048364
NT5E	-1.28818454429659
L2HGDH	-1.28861379244056
RP3-329A5.8	-1.29086179782085
MBD1	-1.29111093627648
AP000783.1	-1.29141419055388
ZNF720	-1.29211789909311
LETM1	-1.29266509382537
ATP6V0E2	-1.29273581752483
NPL	-1.29275301594278
RILPL2	-1.29313488285967
NECAP2	-1.29348105247215
ZNF561	-1.29357177352488
CASP8	-1.29366609753168
KDM4A	-1.29386281015638
TERF2	-1.2939853634812
RP11-138A9.1	-1.29406681366403
SMG1	-1.29456025279523
C6orf203	-1.29517301891814
RP11-506M13.3	-1.29533803976098
TMEM203	-1.29551789393433
TIA1	-1.29590770595661
SYMPK	-1.29627181890595
KIAA0586	-1.29791779250845
TNPO1	-1.29845329708097
RP11-162A12.2	-1.29884871862234
DNAH1	-1.29984812512466
FAM133B	-1.30134102239274
DOCK9	-1.30136152660138
BAG1	-1.30154992974408
GMPR2	-1.30290841059053
U47924.31	-1.30378157563081
FBXL22	-1.30378583194917
SPICE1	-1.3038987783992
PI4KA	-1.30415252290706
KRCC1	-1.30493460000955
ZNF106	-1.30539447089995
C3orf52	-1.30569049233464
MRPS5	-1.30586869147948
TRIM2	-1.30635567001211
WDR5	-1.30746471258453
MKRN3	-1.30780994101879
C1orf112	-1.30806446143605
SPRY1	-1.30825845630286
FAM126B	-1.30840560322431
ZNF837	-1.30880898155981
SPATA7	-1.30997799917154
YJEFN3	-1.31004337440745
ZNF208	-1.31087806910715
E2F5	-1.31261848229026
TMTC2	-1.31373375452872
CTD-2369P2.5	-1.3138411711318
ZNF485	-1.31662205399569
RGS5	-1.31679635374049
CRLF3	-1.31700304968435
KCNQ1OT1	-1.31709742312411
NPR2	-1.31722078378418
LNX2	-1.31776180709054
CUTC	-1.31927063652385
MAT2B	-1.319308681159
SPTAN1	-1.31936283670451
WRAP53	-1.32149869012415
AC074212.6	-1.32159451411455
RP11-573D15.8	-1.32267229648768
C14orf166	-1.32378520980377
TNK1	-1.32384241603277
TFEC	-1.32512439621277
RP4-728D4.2	-1.32522902391578
QKI	-1.32559793757597
RAB40B	-1.32666375637643
ADPGK-AS1	-1.32721960007823
BBX	-1.32745341336216
ZNF554	-1.32841810834596
LATS1	-1.32847986272859
CSNK1G2	-1.32882062286315
COX7C	-1.32904190337184
RP11-90P5.2	-1.32989620328064
HIST1H2BO	-1.32990399811851
CTD-3195I5.5	-1.3299425337084
HIST3H2BB	-1.33019257922921
MON1B	-1.33027480301548
EBAG9	-1.3313366707013
ZFP37	-1.33198180871045
NELFA	-1.33238663101091
RP11-23P13.6	-1.33315269988692
ALKBH4	-1.33315971726462
CYB5D2	-1.33345015155653
SEC24C	-1.33427473093005
AC069277.2	-1.3347988616332
SHPK-1	-1.33562056853642
CENPL	-1.33578996556363
TBC1D14	-1.33617716146034
KDM6A	-1.33745055917166
SLC25A45	-1.33786784142698
AC003075.4	-1.33818666590984
TNKS2	-1.33836780726387
RAB11B	-1.33904153520575
RP11-159G9.5	-1.3394281214756
AC025335.1	-1.33980081618093
HMGN2	-1.33987513501886
IRF2	-1.34037694588583
ZNF813	-1.34048727651199
AC005076.5	-1.34050962314029
YKT6	-1.34070763652237
TSPAN15	-1.34209945180577
PIGB	-1.34258035424142
EXOC3	-1.34259357622241
RP11-415F23.2	-1.34260297825433
AC083843.1	-1.34269560438786
N6AMT1	-1.34464585817163
GPR75-ASB3	-1.34488243220441
HOXB3	-1.34627788726542
ZKSCAN1	-1.34700251967482
ZNF830	-1.34751537772791
WDR92	-1.34784484734251
RP11-431K24.1	-1.34847869307927
ZBTB41	-1.34903016213547
TTC24	-1.34931312929937
ST8SIA4	-1.35032317453495
METTL23	-1.3505767742133
WDFY1	-1.35083341931837
CD200	-1.35115662751526
ATP9B	-1.35155574232811
ZMYM1	-1.35180907757145
C2orf42	-1.35190927424062
GAK	-1.35201146769606
THNSL1	-1.35340369631158
ZNF408	-1.35497590881512
ERBB2	-1.35504819020599
ZNF266	-1.35509820210408
MYO16	-1.35522242582116
CCDC122	-1.3554545327987
TMEM165	-1.35567376736952
COX18	-1.35691621992754
GATAD2B	-1.35739377088287
ATP8B1	-1.35925663898739
TSPAN18	-1.35957127158044
IFRD1	-1.35981882926171
LINC01125	-1.35984815785898
WDR75	-1.3616417768321
HNRNPH3	-1.36436433180385
ZNF738	-1.36444697719946
KDM3B	-1.3649638556781
CACNA1H	-1.36514425920692
IQCH-AS1	-1.36553364650777
PDIK1L	-1.36662525066428
UBAP2L	-1.36716954088825
YME1L1	-1.36721632084782
URGCP	-1.36769650250315
ABHD14A	-1.3679318926801
SIRT3	-1.3681501296337
RP5-1148A21.3	-1.36831477984749
PRPF8	-1.36859454548535
APC	-1.36915118914158
C10orf76	-1.36939024765545
PDLIM5	-1.37032397830968
CDKN1C	-1.37095206196093
ATP6V1H	-1.37158831809808
KCNMB3	-1.37196406882658
SLC25A26	-1.3722473738701
ZBTB7A	-1.37246291912712
AC093388.3	-1.37274518531748
GPSM2	-1.37353650242525
VSIG8	-1.37457872597805
CACTIN	-1.37471081625831
C10orf2	-1.37601368159405
ARHGAP30	-1.37605062575703
WDR86	-1.37769105565735
ZNF354B	-1.37909559648181
PPIF	-1.37948332004775
DDTL	-1.38100240306378
ZNF566	-1.38116472396439
ACSL5	-1.38186346189824
NMRAL1	-1.38251159974566
TMPO-AS1	-1.3837336437453
EHMT1	-1.38467066651245
LRCH3	-1.38489593038663
SEC24B	-1.38520722128867
TTC23	-1.38580098955698
RING1	-1.38622680614801
CDC40	-1.38831067231297
MTMR7	-1.38864076094692
AP5B1	-1.39037942196238
ATE1	-1.3907380647427
FAAH	-1.39136468056611
STAT1	-1.39171347432782
RP3-395M20.9	-1.39220108765629
NPIPB11	-1.39222135969202
SETD6	-1.39261762624849
KIAA1328	-1.39274028253697
ARL5A	-1.39310518255125
EVI5	-1.39319323620926
ARMC10	-1.39379671427883
ZNF420	-1.39387853143357
RP11-936I5.1	-1.39456545784412
SLC38A9	-1.39467591034193
SYCE1L	-1.39484519735902
ITGA10	-1.39503366076735
MCCC2	-1.3956552066569
KCNQ2	-1.39583341328753
ATP5A1	-1.39651348186575
PYROXD1	-1.39687437898567
DNAH8	-1.39717223395315
GYS1	-1.39725207866026
ZNF280D	-1.39740512286349
PTER	-1.39757065144968
RP11-553K8.5	-1.39771007330517
RP3-510D11.2	-1.39925354274756
LRRIQ3	-1.39996186443083
YOD1	-1.40084736312736
KLHDC2	-1.40139796462689
C5orf45	-1.4014221233717
TADA1	-1.40256189628442
RP11-386I14.4	-1.40264849349943
MT-ND6	-1.40336216043411
RP1-92O14.3	-1.40390560062111
UBE3A	-1.40453230020663
PEX1	-1.40479409975942
LINC00896	-1.40518875994227
SYCE1	-1.40523471875347
RP11-20B24.4	-1.40677743867899
ZHX3	-1.40755897088899
AC109333.10	-1.40805949488106
PLCXD1	-1.40899866902491
USP39	-1.4091239133399
RP11-147L13.8	-1.40928382080287
GTF3C3	-1.40932657769456
MTIF3	-1.40968903649178
AC083949.1	-1.41007342930962
UIMC1	-1.41042163042293
ZFYVE20	-1.41147421666456
RBM12	-1.41574763071512
LYRM5	-1.41598394480009
RP5-1073O3.2	-1.4162286570481
NDST2	-1.41631411829892
LEAP2	-1.41664862511775
REXO1	-1.4168398430937
LGR6	-1.41759876462793
AC006042.7	-1.41919388299847
PPT2-EGFL8	-1.41941865826328
SLC35F3	-1.41952717041337
USP3-AS1	-1.41956497474761
CFP	-1.41985148636182
NUDT13	-1.42001221634218
RP11-286N22.8	-1.42011487248364
LINC00324	-1.42014441344983
ZNF69	-1.42030335482233
PARN	-1.42045127142176
SRSF6	-1.42094017512619
RP11-506M12.1	-1.42164366002893
RP11-395P17.3	-1.42182399048466
URB1	-1.42214924904564
AC024592.12	-1.42254074456773
CEP85L	-1.42360684231617
TRMT61A	-1.42369874000905
WDR59	-1.42420850131913
EPG5	-1.42458199544027
H2AFJ	-1.42467684268483
AASS	-1.42498440901995
LCLAT1	-1.42606821395494
ACAD8	-1.42620420090998
RP11-218F10.3	-1.42653935589695
STUB1	-1.42717184380541
ATXN2L	-1.42759141002183
CYTH3	-1.42858466959991
AC005082.12	-1.42922454150962
RP11-50E11.3	-1.43017536769788
FOXJ2	-1.43022104768305
CD5	-1.4303353554553
FOXRED1	-1.43220210962692
MBTPS2	-1.43256301591079
TRIM39	-1.43288315910184
WBP1L	-1.43396347822546
TIGD6	-1.4355638584595
C17orf59	-1.43564254895765
MEIG1	-1.43578301666936
LYRM1	-1.4369322504331
MSS51	-1.43696566295172
OSGIN1	-1.43704690874018
CLIP4	-1.43756947989191
DTX2	-1.43817842011964
AP001347.6	-1.43866828460291
SIGLEC10	-1.43870602908826
NAA30	-1.43998473105504
SPEF2	-1.44017511109011
C19orf52	-1.44057151352321
KPNB1	-1.44063968650758
ZNF174	-1.44137168102894
CCDC39	-1.4420158033194
ILKAP	-1.4426856466403
ZBTB48	-1.44448826284636
HLA-DOB	-1.44459071997199
CUL3	-1.44570234943918
RP11-347C12.1	-1.44623200029894
PSPH	-1.44628618067589
ZNF611	-1.44686222660987
RP11-84C13.1	-1.44702057372466
PDE5A	-1.44716786588215
NBPF16	-1.44751175666296
TYSND1	-1.44777407958579
PTDSS2	-1.44787842959304
PKD1	-1.44844955684285
CTC-523E23.1	-1.44870487265853
MTRNR2L9	-1.44890092568882
LCMT2	-1.44906570656218
RNF10	-1.44906790225868
TFAM	-1.44992291214184
TP73-AS1	-1.45041529436507
RP11-326F20.5	-1.4515954331055
PBX2	-1.45232112024272
LIPT2	-1.45233085352352
SNX21	-1.45256695994121
SCIMP	-1.45322875436375
ZBTB40	-1.45357121381906
EDA	-1.45362306262107
POMT1	-1.45471884321697
C11orf1	-1.4547212108322
BBS10	-1.45712266491126
SWI5	-1.45749489710227
FAM156A	-1.45789125687242
ZNF407	-1.45825398050577
MOB4	-1.45841421644689
SEMA4B	-1.46060420201556
TMPPE	-1.46158134662989
RP11-113K21.4	-1.46180937660982
MFSD4	-1.46222327905726
MED10	-1.46291509350265
ZNF717	-1.46331071641333
AC004840.9	-1.46364202506835
ACVR2A	-1.46381128341912
CA6	-1.46398879725072
CD40	-1.46504381014315
MRPS2	-1.46568566432556
PIPOX	-1.46603241029889
SEPT1	-1.46630349449357
MPP6	-1.46731568661794
COG1	-1.46736564688774
RP11-544A12.4	-1.46894232311881
ZNF239	-1.46945741112681
ELMSAN1	-1.46970138965249
ZMYND8	-1.47000754418803
UGGT1	-1.47142792276076
RAD9A	-1.47147497556424
TMEM117	-1.47196940634826
NADK2	-1.47297383157347
SNRNP48	-1.47414851188485
PHKG2	-1.47569616294923
PABPC3	-1.47572313390471
COIL	-1.47614836436776
TLX2	-1.47771025632628
KAT7	-1.47778799202569
MROH8	-1.47815861745459
RP11-362K14.6	-1.47994887760281
CTC-366B18.4	-1.48001274895207
SIM1	-1.48014325427018
AC092669.3	-1.48021475077987
TAF1	-1.48021580474454
RP13-270P17.1	-1.48026937462082
CTD-2382E5.1	-1.48029530345223
ATPAF1	-1.48135657257805
NUDCD3	-1.48169649616041
RP11-1070N10.3	-1.48296968480028
RP3-475N16.1	-1.48308654503842
SHQ1	-1.48373047182012
C6orf106	-1.48443728009722
USP22	-1.4846587755154
SNAPC4	-1.48478080220985
SCN8A	-1.48522304351462
RC3H2	-1.48538264492705
PGPEP1	-1.4873906379065
TSKS	-1.48746631583927
C17orf89	-1.48767263628031
AZIN1	-1.48794901562174
KIF22	-1.48870173030602
HMGA1P4	-1.48891882014971
SLC14A2	-1.48965849115661
DNAJC19	-1.4903972199576
RP11-944C7.1	-1.49213693337945
C8orf59	-1.4926207964432
VCPIP1	-1.49335793651957
IQCB1	-1.49429022176457
SLX1A	-1.49467515223883
NECAB3	-1.4948696337388
USP3	-1.4953622130425
RP11-620J15.3	-1.49544504105094
RP11-731C17.2	-1.49549502370867
GPR128	-1.49560113279861
USP54	-1.49604156829282
TMEM99	-1.49653327630328
ZMAT3	-1.49714137401239
CBWD6	-1.49728988292122
AC007228.11	-1.4976285617634
PPIAL4B	-1.49790994920295
MIB2	-1.4984045433278
C16orf70	-1.49940996835985
GARNL3	-1.49950863267217
PTCD3	-1.49952757976215
TOP2B	-1.50025104130072
ZNF90	-1.50035291681538
PXMP4	-1.50150950185199
TCF12	-1.50207003638774
BCLAF1	-1.50259396179185
PHF2	-1.50272170201344
APTX	-1.50306899970679
DDX5	-1.50509763875486
DCUN1D2	-1.50531136754365
ZNF148	-1.50534123996498
ARID3B	-1.50601166649882
POMZP3	-1.50630881819318
SLX1B	-1.50723284907847
XKR8	-1.507267424913
TTC27	-1.50739316955862
ZNF205-AS1	-1.50787844848577
MARCH7	-1.50809063132063
MID1IP1	-1.50850819478623
ZYG11B	-1.5116283408947
FAM219A	-1.51196356586224
DCAF7	-1.51215309406656
RP11-345P4.7	-1.51237235749491
ZNF26	-1.5132798873276
HLA-DQB1-AS1	-1.51433677567588
RP5-991G20.1	-1.51465120451128
RP11-389O22.1	-1.51476125139019
ADAMTSL3	-1.5148333924301
STK32C	-1.51489576786433
FXYD1	-1.51538622849141
RP11-203B9.4	-1.51540120150605
SART1	-1.51566956797612
SYNGAP1	-1.51654826410808
RP11-67L2.2	-1.51707371381414
CTD-2659N19.10	-1.51714179695465
RP11-1020A11.2	-1.51821941260103
APBB1IP	-1.51846760537055
DPF2	-1.51876110144018
TNFAIP8L2	-1.51962040784708
POLR3F	-1.52020550085246
CTD-2587M2.1	-1.52087784747355
ZNF737	-1.52199815698974
SNX2	-1.52223535014802
LY6G5B	-1.52439965829506
CNOT7	-1.52493630160457
NSUN3	-1.52516872568634
NOP2	-1.52723982952119
MAP2K7	-1.52735399078499
AIFM1	-1.52781109418637
LRFN1	-1.52793890354935
C20orf197	-1.52832336037809
INTS4	-1.53069101764968
RP11-526I2.5	-1.53081066329027
NPAT	-1.5316531964087
NUP62CL	-1.53186394482344
LRRC37A2	-1.53198671139779
FANCC	-1.53257345621982
RABL2A	-1.53287382563794
RP11-967K21.1	-1.53511410424995
TGS1	-1.53511419489074
COASY	-1.53515747296677
CTD-2410N18.3	-1.53583410407528
GOSR2	-1.53627925155627
ST13	-1.53700217288145
ATG2B	-1.53745316935385
PDK2	-1.53759936685132
SYVN1	-1.53851222281414
DUSP1	-1.53893739210027
ST6GALNAC2	-1.539004832191
CDKL4	-1.53942970779568
AC092594.1	-1.53951256575496
ZNF785	-1.54192402554304
RP11-347I19.8	-1.54379128206969
ZFP90	-1.54483259524244
CARNS1	-1.54622770092156
DEPDC5	-1.54718554947724
MED14-AS1	-1.54758847385375
GTF2IRD2	-1.54799200043596
HINFP	-1.54841565925847
CTU1	-1.548506870613
SSH3	-1.5493977009699
KHDC1	-1.55026361422785
NME4	-1.55049353948914
SF3A3	-1.55052052778196
PLEKHG5	-1.55067286707498
BANP	-1.55135559103308
PLA2G10	-1.55187770566842
SRCAP	-1.55260160034431
EI24	-1.55284972514448
ZNF45	-1.55309841384777
ECH1	-1.55354283097341
KIAA0195	-1.55419257060885
RP11-303E16.7	-1.55428846686669
PTPRK	-1.55457830821929
THAP3	-1.55482872278447
RP11-486M23.1	-1.55504058193475
ZFY	-1.55536511667315
SPIDR	-1.55613101461952
RP11-353N4.5	-1.55824224346964
COX19	-1.5592242438381
DAGLB	-1.55988249285379
SP140L	-1.56036790491925
MYH9	-1.5608363787613
HIST1H4J	-1.56097742800201
TRIM26	-1.56106858850861
Y_RNA-1	-1.56122826997496
P2RX4	-1.56135662711887
RP11-215P8.3	-1.56217836300143
TDRD12	-1.56339587118921
ANKS6	-1.56379367688198
UBP1	-1.5639522735108
ADCY4	-1.56418306838506
DUS4L	-1.56443127316818
RP11-212P7.2	-1.56481313869637
SGMS1	-1.56487917223601
RNF38	-1.56499133475265
FOXJ3	-1.56599695862084
POU6F1	-1.56681158363886
C1orf200	-1.5686091419503
AMICA1	-1.57052541492422
RP4-620F22.2	-1.57056871571128
POP5	-1.57065325772225
SLC30A7	-1.57201394518633
FAM195B	-1.57211675899271
RP11-327F22.1	-1.57499350399257
TMEM39A	-1.57502522844783
EIF2AK1	-1.5752142020884
CARKD	-1.57645974681739
MYSM1	-1.57669821801914
MEST	-1.57681352472896
PDE8A	-1.57757937018131
ERAP1	-1.57805588735385
ING3	-1.57820485019968
ZNF540	-1.57824293562884
RP13-270P17.3	-1.57973576734326
RRN3	-1.57980297839062
USP42	-1.58061727532105
NXPE3	-1.58094749213664
USP40	-1.58352385789858
CDC42BPG	-1.58379264886469
LTBP4	-1.58505062725227
RP11-485G7.5	-1.58579318694941
WSCD2	-1.58613391342869
VEZF1	-1.58617828755534
BRCC3	-1.58638503393896
TRMT5	-1.58687881324184
PHF1	-1.58766463726391
PPP1R13B	-1.58844286007062
HDHD3	-1.58847006311714
CTD-3214H19.6	-1.58906581189811
PANK2	-1.58922258237758
TAF5L	-1.58953771957131
LINC00884	-1.5897318503599
STRN	-1.5904330492409
ASMTL-AS1	-1.5904772213045
SMAD2	-1.5909482879652
RSAD1	-1.59097329845133
ITGA5	-1.59282574616292
RAB11B-AS1	-1.59358854075421
VPS52	-1.5945560615742
RCOR3	-1.59467493847133
NFXL1	-1.59608335641753
EEFSEC	-1.59618967253504
RP5-1180C10.2	-1.59707111274345
CTD-2020K17.3	-1.59708726423637
YY1	-1.59773249946217
FRMD8	-1.59783627129634
CBX7	-1.59995690312596
HCFC1	-1.59997734297853
RP11-544M22.13	-1.60012503826984
ZNF862	-1.60038501957041
HIST2H2BF	-1.600456294013
YAF2	-1.60068038426658
ZZZ3	-1.60101802928452
RNFT1	-1.60194873643287
BLK	-1.60242496231555
TRIM68	-1.60254738740327
PIKFYVE	-1.60297247800599
RNASEH1-AS1	-1.60372214793621
ZNF250	-1.60382112627849
RP11-452L6.7	-1.60468544388892
CWF19L1	-1.60555423903507
RP11-231C14.4	-1.60612740210376
RP4-657D16.3	-1.60690457131312
USP25	-1.60695169606768
HACL1	-1.60742728166924
WDR33	-1.60748429148594
SETD1A	-1.60814881085723
RP11-325L7.1	-1.60832593971427
ZNF587	-1.61074669487509
RP11-217B7.3	-1.61164300453582
EPC2	-1.61175171984755
INTS6	-1.61196710568936
TRIM5	-1.61218450729463
AC093677.1	-1.61252952931172
EIF2B1	-1.6130512516876
ZNF789	-1.61352408314009
ZXDB	-1.61370679237094
NTPCR	-1.61374628771181
DENND4C	-1.61386644883357
FRY-AS1	-1.61453115790317
CDCA7L	-1.61485013428442
SFPQ	-1.61486389060652
USP9Y	-1.61490424377609
CRAMP1L	-1.61502602738092
KDM5A	-1.61520314180633
DBF4B	-1.6152183158832
ZMYM4-AS1	-1.61614302690133
ALG11	-1.61618732433419
PREP	-1.61880672116869
ZNF490	-1.61897937037163
KCMF1	-1.61909990191764
CD300E	-1.61910839126558
ZXDC	-1.620528387582
RP11-351A11.1	-1.62052970928356
MED1	-1.62101316769133
ASNSD1	-1.62243949035058
CCNT2	-1.62249080832322
AFF1	-1.62269134025649
LRIG2	-1.62401382480744
RAB5B	-1.62602046268276
C7orf43	-1.62709752922962
CDC14A	-1.6283327644316
CDK5RAP1	-1.62932234212524
DOK3	-1.63279398220183
MAP3K3	-1.63463514920057
SNIP1	-1.6349475569849
AC007246.3	-1.63509716763495
CHCHD3	-1.63530832187686
SULT1A2	-1.63540263712306
AMOTL1	-1.6359149583059
PPP4R2	-1.63602952891995
C11orf35	-1.63635574387085
RP11-580I16.2	-1.63778170676242
SELM	-1.63799524983347
TAS2R30	-1.63816618702237
CHD1	-1.63822607478781
HMCN1	-1.63887290045086
SP2	-1.6396681971468
PRPF3	-1.64006538913254
RP11-9M16.2	-1.64028993600156
LYPD3	-1.64083860344625
AC006449.1	-1.64142271671241
BHLHB9	-1.64158944879647
AMN1	-1.64192050872791
C17orf97	-1.64193413691662
MAT2A	-1.64224644667723
ATP5L2	-1.64246097390291
BCL2	-1.64271379960065
SDHA	-1.6459172619898
IFT88	-1.64639526989028
ALG6	-1.6474588582387
TIMM9	-1.64846244974709
LRRK2	-1.64898912695166
CPSF4	-1.64906437357739
MKLN1	-1.6492496290743
ATP6V1G2	-1.65076234505815
NDUFB2-AS1	-1.65518190771348
C6orf62	-1.65525488714152
ZNF883	-1.65527074278969
MTRNR2L2	-1.65543577862962
PKIG	-1.65576426151632
C2CD4D	-1.65592628612746
ANKEF1	-1.65611999921575
YTHDF3	-1.65747407785938
NOL8	-1.65800568587032
CCNL2	-1.65962905154423
MIR3615	-1.66169450894842
RHOBTB3	-1.66186319667638
ZKSCAN8	-1.6638336559641
NOB1	-1.66443309979544
STOML1	-1.66447379210976
RP11-129M6.1	-1.6646312144188
CEBPZ-AS1	-1.66525129863167
FAM168B	-1.66527769992989
ASTE1	-1.66561842904484
TFCP2	-1.66562476985697
DDX50	-1.66638874281839
NEURL4	-1.66801628597144
TNIK	-1.668069320534
TCOF1	-1.6684159700529
HSPA1L	-1.66908239416235
DDX19B	-1.66988079022314
CBX2	-1.67001828849364
THAP1	-1.67041015943052
USP7	-1.67084532815983
C6orf99	-1.67090616195854
SLC16A4	-1.67162852076977
SLC6A20	-1.67312125630018
RP11-119F19.2	-1.67421294974363
RAB43	-1.67621023958695
FBXO33	-1.67716958563342
KIAA1107	-1.67844999163429
RP11-135A24.4	-1.67868810955368
DIRC2	-1.67887827764843
RSBN1L	-1.67950929127344
RP11-468E2.4	-1.6806165269684
DEAF1	-1.68175210647038
PKN2	-1.68183839951992
RP11-258F1.1	-1.68207561525233
SP3	-1.68221241948144
TMEM39B	-1.68247323938778
LINC00847	-1.68270856088235
RNF149	-1.68296440018319
MEPCE	-1.6836265350784
SKP2	-1.68366331727719
SIRPB1	-1.68372035277493
HIST2H2BE	-1.68387273877744
PAXIP1	-1.68453935607253
NME1-NME2	-1.68549176848684
SLC25A53	-1.68589971933454
GBP4	-1.68605881888894
ZNF224	-1.68758438601368
PRPF38B	-1.6876208592947
SMIM18	-1.6883804986606
U47924.30	-1.68856244124078
ASAP1	-1.68870362723792
OSBPL2	-1.68883231892161
KIAA1841	-1.6890317134092
CCDC23	-1.69000581938515
E4F1	-1.6908943592615
RP11-643M14.1	-1.69144737129145
SAV1	-1.69156875051454
PLEKHA4	-1.69334846432469
TERF2IP	-1.69485915029056
ASB8	-1.69492318821699
KCNH3	-1.69503030707908
R3HDM4	-1.69507856724112
RAB4B	-1.69591081139724
AC074138.3	-1.6965291234897
ZNF776	-1.69770604244339
TGIF2	-1.69803061735622
CTD-2015H6.3	-1.69812945248529
RP11-346I3.4	-1.69834053787352
ZNF131	-1.69867077045042
RHOXF1	-1.69933881921686
SETDB2	-1.70029602673041
PRPF18	-1.70060887318125
PRRT3	-1.70068028449255
FBXO9	-1.70075860427791
CA11	-1.70113100933783
URB2	-1.70161011277914
LRRC25	-1.70210459130737
ZNF484	-1.70254881791927
PRDM15	-1.70296550412644
PPP2R3B	-1.70443924218298
TRIM71	-1.70516783617303
AC006547.15	-1.70557817890354
DEF6	-1.70586741498092
TRDMT1	-1.70622577873784
RP11-449P15.1	-1.70653366542842
HMG20A	-1.7067840347799
SIRT5	-1.7069342296242
RP11-403I13.4	-1.70713497818671
MICALL2	-1.70807125420693
RP11-154J22.1	-1.70815090588702
RPS17L	-1.70854061411973
RANBP10	-1.70890144667931
AP5Z1	-1.70950971029455
C16orf86	-1.71146507333351
AKAP2	-1.71213823179362
XAB2	-1.71286057687263
B3GNT2	-1.7128684479434
AF213884.2	-1.71304011327757
C12orf61	-1.71453098667931
METTL21A	-1.71508883933118
RP11-178C3.2	-1.71601179261664
VPS11	-1.71649847562424
GIGYF1	-1.71672267625709
DNTTIP1	-1.72126263802614
FBXO25	-1.72134645069864
TGFBRAP1	-1.72318182886752
RP11-658F2.8	-1.72335686516895
ACOT2	-1.727462376182
MCRS1	-1.7274913495095
TOM1	-1.72750151159468
TTC9	-1.72763894398018
KCNQ1	-1.72851172084582
COX10	-1.72916803717152
WRNIP1	-1.72947026289087
RP11-660L16.2	-1.72949026989971
THAP5	-1.72968241170148
ADAM17	-1.72999040882567
RP11-884K10.7	-1.73024272050961
NAA10	-1.73038955180778
RP11-314A20.2	-1.73048120841429
MIR1587	-1.73095117492502
HCN2	-1.73105933023267
CTC-260E6.6	-1.73106633830211
ABCA5	-1.73115662807851
ESAM	-1.73159661519279
SLC10A1	-1.73213165578424
SLC2A1-AS1	-1.73356257969167
RP11-120D5.1	-1.73418916708804
MORN4	-1.73506860159957
CCT6B	-1.73527768060695
PCNT	-1.73632257597436
DNAJC16	-1.73657950777027
RP11-134G8.7	-1.73711703931302
RP11-522I20.3	-1.73746365313227
ZBTB11-AS1	-1.73914969756749
RP1-202O8.3	-1.73924163041062
CBY1	-1.73950997023219
DET1	-1.73990202605453
FAM58A	-1.73997475775033
TMA7	-1.7406889778942
USP34	-1.74117343157892
ROPN1L	-1.74117411080694
FAM13B	-1.74169294679166
NCR1	-1.74252231396802
RPS4Y1	-1.74300671195442
MAN2B2	-1.74407415483523
RANBP6	-1.74539146087412
CRTC2	-1.74572451925874
ST8SIA1	-1.74629385247297
ZMYM3	-1.74629938978046
MGC4771	-1.74646792124581
CHIC1	-1.74682105931299
COLQ	-1.74817377482831
ANKRD13C	-1.74817484348552
THAP6	-1.74878691479773
IPP	-1.74958051646377
CHRFAM7A	-1.75138987027573
ZNF564	-1.75143134883434
NOMO2	-1.75150185567338
RP5-977B1.7	-1.75205875632809
PPP4C	-1.75210860526247
ZNF771	-1.75308246708522
CEBPB	-1.75344905544809
RP11-776H12.1	-1.75431834526937
RP11-255H23.4	-1.75580705610981
NME2	-1.75614238196171
UBL7-AS1	-1.75620711159153
ZNF341	-1.75628296768451
RPS4Y2	-1.75733732286605
RFPL1S	-1.75840557073146
GGA1	-1.75844341129864
ACTR3C	-1.75986323707425
LDHAL6A	-1.7598643014232
ZNF718	-1.75989278684653
CYB5D1	-1.7616854680242
MYO1G	-1.76234895621627
MRPS17-1	-1.76247930097272
CP	-1.76300552040422
CHD3	-1.76322822318922
INPP5B	-1.76460104697838
HPS6	-1.76572003792779
C1orf123	-1.76623823449027
FBXO42	-1.76633726580439
RP11-973N13.4	-1.76662804609967
CD83	-1.76768212299726
ZNF599	-1.76911524743654
RP11-15I11.2	-1.76920980754026
SYNJ1	-1.76986469566872
KPNA3	-1.77126702479053
NFYA	-1.77126898025228
SYNJ2BP	-1.77132737980122
PPP6C	-1.77160699901394
TMEM5	-1.77274050002396
SLC20A2	-1.77351357284821
RP11-65L3.4	-1.77393486727019
HAR1B	-1.77548803089957
ABHD8	-1.77595586724509
DYRK4	-1.77733817109156
AGK	-1.77739032579165
AP001058.3	-1.77838594527322
CTD-2006H14.2	-1.77864893911202
C16orf58	-1.7788976497408
MTOR	-1.77939057614232
RP11-72M17.1	-1.77952064943405
MIEF1	-1.77990211580939
ARPC4	-1.78016389413511
RGCC	-1.78027556622083
ZFAND3	-1.78036693110106
MAFF	-1.7811688175405
CTC-203F4.2	-1.78119425620982
CNOT10	-1.78142508108828
FAM229A	-1.7816243983863
RP11-480C16.1	-1.7821894887047
ADAMTS10	-1.78263484612792
AGAP5	-1.78299344079639
ZNHIT3	-1.78377241683102
IGSF8	-1.78414716409003
CRCP	-1.78468684852124
ARHGEF37	-1.78526976950047
C4orf29	-1.78597941915346
ZNF529	-1.78618786409224
ZNF548	-1.78744395151653
TAF9B	-1.78764413115792
RP1-315G1.3	-1.78771698083457
THBS4	-1.78830683512629
MTPN	-1.78891990679182
RP11-103G8.2	-1.7891146479922
ARMCX1	-1.78920216331879
LRRC69	-1.78947572027052
RP11-493K19.3	-1.78975486274907
KDM3A	-1.79051585769271
SUV420H1	-1.79066763530834
ASH1L	-1.79185985820281
CXorf65	-1.79229616250343
ERCC5	-1.79265575606818
RP1-3J17.3	-1.79316805573456
RP11-98D18.15	-1.79361884330544
NISCH	-1.7941132680544
ZNF740	-1.79500907609167
TMEM41B	-1.79511151005706
KIR3DL2	-1.79616997779093
SHPRH	-1.79711276059619
COA1	-1.79736323087323
SLC25A46	-1.79753081409603
RP5-823G15.5	-1.79802776525151
FAM167B	-1.79805916912944
DAXX	-1.79864726574241
ACER2	-1.79892968289971
ARHGAP10	-1.79911423202813
NDUFV1	-1.79969925734368
RP11-138I1.2	-1.80048784331257
METTL3	-1.80106471773158
TNFSF8	-1.80112391122473
SPON2	-1.80245774378026
RBM27	-1.80263074144642
ITFG3	-1.80306429289885
HIC2	-1.80315396294664
PRPF40B	-1.8031690674053
CMTM8	-1.80353383709603
GBA2	-1.80397814713329
GSTO2	-1.80448622201424
DENND1A	-1.80646339463132
SFXN2	-1.80712207592668
RPAIN	-1.80890026682824
ATP6V0A2	-1.81052928392409
SLC16A1-AS1	-1.81074388925087
CUBN	-1.8113148357199
LINC01155	-1.81142065210532
GATA3	-1.81179497206115
RP3-486I3.7	-1.81239361310131
TMEM9	-1.81243099032702
ZNF264	-1.81281968409567
ZSWIM6	-1.81293412146327
CD47	-1.81310594217374
CD300A	-1.8133013078542
CTD-2020K17.4	-1.81340056133027
PRR13	-1.81410093655728
CTD-2528L19.6	-1.81414599374833
KLF13	-1.8143038298762
SPEN	-1.81490994495234
C17orf104	-1.81609233275651
C2CD5	-1.81612933717092
HCG18	-1.8164879663692
PARP3	-1.8167329751121
SRRM5	-1.81718389973895
DNLZ	-1.81862149660426
TMEM238	-1.81909987127799
KHSRP	-1.82004360839936
RNF31	-1.820816482055
ZP3	-1.8208977346381
MTA3	-1.82102114895908
CAPN10-AS1	-1.82136426058184
LONP2	-1.82195542683553
FRYL	-1.82225360474741
SAMD4A	-1.82230070215757
IL10RB-AS1	-1.82232782457755
IL6ST	-1.82260123943028
ACOT8	-1.8230264701404
LIPC	-1.82492739685936
ZNF19	-1.824927823498
AC144652.1	-1.82540074500939
TCEAL1	-1.82598591544419
TMEM50B	-1.82644110889372
PRIM1	-1.82646362447798
ACKR3	-1.8272498775994
DIS3L2	-1.82737163105538
KMT2D	-1.82770962023819
TRIM44	-1.82772505493445
CTD-2555A7.3	-1.82905527272599
UBN2	-1.83014736843886
PIH1D1	-1.83073138975142
PIK3CD	-1.83177156056391
KRT10	-1.83203836439333
TRIM16L	-1.83213966380123
DYNLL2	-1.83235444453577
MCM3AP-AS1	-1.83292714901437
EP400	-1.83322434731202
ABCC1	-1.83385926343583
RP11-290D2.3	-1.83464005872033
HS1BP3	-1.83472939934746
VCAN	-1.83512502364041
PTPLAD2	-1.83692671066213
LIN9	-1.83887100447601
UBE3B	-1.83911051411371
TBP	-1.83931899594872
REV1	-1.83953132387583
CSNK2A3	-1.83976557028889
C4orf36	-1.84025319414173
CTC-378H22.2	-1.84063844095872
MCTP2	-1.84191775085539
ABCC10	-1.84259603182166
MSL3	-1.8427170120355
C1orf109	-1.84273484888711
SPRTN	-1.84281970056017
RP11-77C3.3	-1.84312975353987
DBF4	-1.84324270380829
LLPH	-1.84439379354346
TAF1C	-1.84484189996522
CDKL5	-1.84569057441268
MACF1	-1.84573371674827
CTC-228N24.3	-1.84590571602078
METTL20	-1.84625160223959
RDH13	-1.84647061656521
RP11-840I19.3	-1.84663794646566
ZC3H15	-1.84812252245917
RP11-383C5.4	-1.84814605817007
WAC-AS1	-1.84904680870717
MORC2-AS1	-1.84946144246946
RP11-96K19.5	-1.84976196483791
UBN1	-1.85153475680762
PPP1R32	-1.852700817173
RAB3GAP1	-1.85369884098287
ATAD2B	-1.8537493813699
TIMM44	-1.85401870995212
FLJ00104	-1.8540277588052
NSMF	-1.85422699264053
PPP5D1	-1.8558870332928
CTD-2555C10.3	-1.85625391282269
RP11-89K10.1	-1.85629579611301
SSR2	-1.85637734477847
ZNF75A	-1.85819286480203
GEMIN4	-1.85929668724959
KIAA1147	-1.85995576900525
ZNF594	-1.86006861016829
PIGH	-1.86048506913664
AC116366.6	-1.86108412459957
MAPK10	-1.86118159886827
FAM118A	-1.86155971880187
RP11-137H2.4	-1.86193823690545
DCLRE1C	-1.86226412807358
GS1-279B7.2	-1.86237570603283
BOP1	-1.86282658685024
SUSD1	-1.86302291276048
FAM160A2	-1.86439486828549
ZNF415	-1.86594292064593
CCDC120	-1.86618000525728
PDHX	-1.86641094808043
YY2	-1.86725349565636
SLC4A5	-1.86745905299428
FAM160B1	-1.86781208015901
RP11-166B2.8	-1.86884617018878
SLC9A8	-1.86885921104395
KLRD1	-1.86939933084137
MKRN2	-1.86969941856445
YTHDC1	-1.86983601670188
PRDM5	-1.86985829959801
ZC3HAV1L	-1.8703888541348
NRROS	-1.87039552265432
WAC	-1.87054412175719
IFIT2	-1.8705896929966
RLTPR	-1.87081241703345
DHX37	-1.8736628387592
SEC31A	-1.87381969561101
RP11-739L10.1	-1.87430308876892
RP11-488L18.8	-1.87540601661424
CCDC121	-1.87540780110185
TMEM104	-1.87550457866729
DHX34	-1.87587835212159
POLR3C	-1.87663608432221
CLK4	-1.87709997556566
MTUS1	-1.87919018812699
NUP214	-1.87931174098705
TMEM169	-1.88200675888156
DPH1	-1.88200779628288
NMU	-1.8823413690358
RP11-666A8.8	-1.88417421713861
PTEN	-1.88516142057095
TARS2	-1.88568178084119
NAP1L2	-1.88571547777686
KIAA1324L	-1.88648987998084
AC005224.2	-1.88652079558826
RP11-849F2.7	-1.88830448990068
LSM14A	-1.88897559404276
MDGA1	-1.88971892488211
SRSF10-1	-1.89008210777002
RP11-572M11.4	-1.89011199294308
LRRC16A	-1.89116516875845
PDE12	-1.89140478754196
PARP11	-1.8916268910633
CIPC	-1.89220177342178
COX7A2L	-1.8922644673715
CELF6-1	-1.89234700485305
TIMM10B	-1.8931113324501
WTAP	-1.89352658132838
AARSD1	-1.89354061951313
SLC25A25	-1.89358322407013
TRAPPC5	-1.89717833821432
CDAN1	-1.89805334126414
GBP3	-1.89853669941523
AKR7A2	-1.89885447239915
OSBPL9	-1.90000126668891
WDR5B	-1.90013090237314
SEMA4C	-1.90034834128645
PRKD2	-1.90066150270039
NAPB	-1.90223660920703
CHD8	-1.90307158522096
RP11-297K8.2	-1.90533293549747
RP5-1071N3.1	-1.90555469885059
ARHGAP21	-1.90632393229979
C9orf3	-1.9064577684475
URI1	-1.90762639478309
RP11-533E19.5	-1.90776210626809
ZC4H2	-1.90902018696372
TSPYL5	-1.90926908257096
RP11-706O15.1	-1.90965725460367
TTC28	-1.91038176895928
CCDC104	-1.9107839829105
NSF	-1.91101887534985
STYXL1	-1.91126193388331
ADH5	-1.91152207010639
TMEM42	-1.91221900899903
MTMR3	-1.91238781882222
CRNKL1	-1.91241878758163
TIPARP	-1.91267750810572
MTIF2	-1.91269346703514
PTOV1-AS1	-1.91286301754101
ANGPT2	-1.9129134778918
PROX2	-1.91322783555219
OSBPL8	-1.91441501163569
DDX20	-1.91443297919482
TM7SF3	-1.91794002698942
ERCC8	-1.91889830647616
GCC1	-1.91913103932345
RP11-682N22.1	-1.9212462517565
DENND2D	-1.9213962138449
YEATS2-AS1	-1.9214512281598
HNRNPL	-1.92152853601739
RP11-318A15.2	-1.92173302343699
CTC-550B14.7	-1.92299033735403
C1orf213	-1.92345487516563
CCND2-AS1	-1.92364627490373
RP11-1379J22.5	-1.92364908606485
HIST1H2BD	-1.92472283241629
ARHGEF2	-1.92476107430119
RP1-224A6.3	-1.92580621785534
SYF2	-1.92652084334934
EPHX1	-1.92701723746616
ZBTB8A	-1.92742180366341
RP5-1057J7.6	-1.92743621825119
GPHN	-1.92775541812471
LL0XNC01-116E7.2	-1.92831852402622
RP11-582J16.4	-1.9287793686491
ISCA2	-1.9297660838876
CRB3	-1.92984558805589
RP11-439L18.2	-1.92996622880206
RP11-661A12.7	-1.93006913395485
DHX8	-1.93127182278187
HAUS4	-1.93139421636333
RP13-977J11.2	-1.93159367108986
ZNF426	-1.93188611418474
EBLN2	-1.93272279726912
IL10RA	-1.93346386505089
UBXN7-AS1	-1.93413706811312
RP11-110I1.12	-1.93447574469833
ELK3	-1.93450488469041
AP003068.23	-1.93494039865466
HIST1H2BC	-1.93497560504754
PDK3	-1.93499883386565
DIAPH2	-1.93547267082384
RP11-544A12.8	-1.9358567811233
PDLIM2	-1.9364821495652
RBM43	-1.93672803963564
GMEB2	-1.93703197678343
PYROXD2	-1.93770507102687
MED9	-1.93838431031339
AC019118.2	-1.93855618418153
MTHFSD	-1.93878814525026
RP11-1143G9.4	-1.93885043507931
TSPAN14	-1.93890408237146
RP11-121C2.2	-1.93953148792005
DNAJB7	-1.9396812678065
C15orf41	-1.93983465323576
PPAPDC2	-1.93997576301366
AC005003.1	-1.94038397950826
CTD-2260A17.3	-1.94069505848951
ZFP1	-1.94133200535406
ZNF182	-1.94140461843595
HYLS1	-1.94186028389254
AC000068.5	-1.94208738692609
FAM189B	-1.94248650449533
PCAT1	-1.94353247112148
CCDC171	-1.94414765502662
RP11-106M3.3	-1.94481745086151
WWC3	-1.94763727136008
NFATC2	-1.94862376334176
ZDHHC17	-1.94939757442766
PDCD2L	-1.95105618430281
TAPT1	-1.95119245621398
C10orf95	-1.9520559327713
CCDC97	-1.95362934965363
PRKRIR	-1.95520165865401
RP11-440I14.2	-1.95550935978573
ZNF324	-1.95586996538411
PROSER1	-1.95646869512009
MFAP3	-1.95690362422423
AMOT	-1.95806132022585
RALGAPA1	-1.95842740679917
TEF	-1.95919321789281
TTTY15	-1.95959920659406
RABL2B	-1.95973418140693
ZNF577	-1.96045692367567
NBPF11	-1.9627328723163
TAPSAR1	-1.96299699386484
SGSM2	-1.96301974756444
ZNF641	-1.96347577796923
CUZD1	-1.96357634578532
G3BP1	-1.96382907263071
BRICD5	-1.96433411395564
ZNF143	-1.96656035111425
VCPKMT	-1.96674591033765
ZNF48	-1.96723533962858
RNF113A	-1.96737499947644
OSER1	-1.96800382999429
RP11-486G15.2	-1.96903069731124
RP11-474G23.2	-1.97214795462226
TXNRD2	-1.97261274646804
CCDC132	-1.97290606066066
FBXO11	-1.97302944355451
ZDBF2	-1.97369220103595
CD79A	-1.97375942644009
AC016586.1	-1.973807361456
OGDH	-1.97399030672929
ZNF280B	-1.97407398297673
CYFIP2	-1.97415915444534
RP3-477O4.14	-1.97537914172321
NBPF9	-1.97648813948856
HNRNPA1	-1.97782627180689
STAM	-1.97971600899633
DNAJC27	-1.98247031154276
RP11-802O23.3	-1.98276253959674
RP11-545M17.1	-1.98411960781788
TMEM175	-1.98564589980545
RP11-305E17.6	-1.986069697564
PUM2	-1.98615982837297
FRAT1	-1.98650763761736
MAD1L1	-1.98652496566838
FITM2	-1.98655834505071
BBS9	-1.9868334890106
RP11-678G14.2	-1.98690975821623
TULP4	-1.9883864759638
CNOT4	-1.98862162512839
TEC	-1.99037360706416
ZRSR2	-1.99125775076344
CUL4B	-1.99191048480064
SLC9B1	-1.99289490827462
GNB2	-1.99394818923057
ECD	-1.99430850508576
CLIC3	-1.99431316281039
SLC38A10	-1.9952904865105
TOP3B	-1.99566891986202
GSR	-1.99627788217046
RP11-269F19.2	-1.99722394489
KLHL8	-1.99815410106494
GUF1	-1.99832461748395
PRTFDC1	-1.99886362412557
RP11-262H14.3	-1.99899090745675
DEPTOR	-1.99911820920339
CTA-212D2.2	-1.9997008829782
TMEM170A	-2.00037276396585
LINC00852	-2.00057381179644
GATAD1	-2.00123419523161
KCNIP2	-2.00149779169372
RBAK	-2.00187082317453
TKT	-2.00217555123613
ZFYVE26	-2.00235418801482
CTD-2651B20.3	-2.00337198464463
MVB12B	-2.00340838983217
AC004466.1	-2.00348454799237
TRAF4	-2.00370656816605
RANGRF	-2.00510693906078
RP5-1074L1.1	-2.00534934508697
C3orf38	-2.00610039465726
PNPLA2	-2.00634152504929
DST	-2.00644421059636
PSAT1	-2.00793397602022
RBM26-AS1	-2.00825236509811
PRKAG2	-2.00849630739898
C9orf156	-2.00861701546453
INO80D	-2.0090198940593
CELSR1	-2.00946808011805
RP13-650J16.1	-2.00947658990844
GOPC	-2.00981803256179
C22orf15	-2.01018623416379
GPAM	-2.01303665556727
LIPE-AS1	-2.01327729234943
USP30-AS1	-2.01417735115781
UBALD1	-2.01557529087335
TRMT61B	-2.0157823126349
RP11-195F19.9	-2.01604592214172
HLA-E	-2.01609759150802
RASA2	-2.01662693685512
SERGEF	-2.01790134887186
TMEM69	-2.01851235423027
WBP2NL	-2.01910533164912
CROCC	-2.01923725185163
RP1-151B14.6	-2.01953952830351
PLGLB2	-2.02017903820476
SUCLG2	-2.02077321800022
PPP6R3	-2.02118940927593
NAPEPLD	-2.02146170814328
ACN9	-2.02223686861693
LMBR1	-2.02371226695417
LYAR	-2.02376853601859
RP11-706O15.3	-2.02531910432661
THAP9-AS1	-2.02669349902277
NEK4	-2.02746688758198
TRIM69	-2.02799014008498
MEF2A	-2.02835067924902
RP11-452F19.3	-2.02857708596236
DHRS1	-2.02983433088636
FYN	-2.03054226360761
ZNF252P-AS1	-2.03165518719667
ABHD13	-2.03224411645069
CCSAP	-2.03241817174277
RP11-1114A5.4	-2.0329429918897
RP11-867G23.3	-2.03340162017408
TM9SF4	-2.03450097716468
ZNF107	-2.03452243852326
MARCKS	-2.0351695477377
BAG3	-2.03548989384283
RP11-91G21.1	-2.03550960504412
GSE1	-2.03597780161351
AQP7	-2.03671117201398
MTG2	-2.03673779253199
LAMTOR5-AS1	-2.03704953018807
MTRNR2L8	-2.03980533498871
RP5-1024G6.7	-2.03999709368225
RP11-46H11.12	-2.04028345174601
TPM2	-2.04111932405285
TNFRSF13C	-2.0417872952397
RP11-134N1.2	-2.04231844531454
JMJD7-PLA2G4B	-2.04321553543192
RP11-342I1.2	-2.04334165484242
ZNF397	-2.04340440707323
TNKS	-2.043486262061
AC144449.1	-2.0441424148953
DUS3L	-2.04450878208427
MCM9	-2.04475313397329
TRMT10B	-2.04499410794402
CTD-2562J15.6	-2.04528710435004
MT-ND4	-2.04836445317508
PHF14	-2.04839745941377
AC010894.5	-2.05009637183695
RP11-219B4.7	-2.05016183873788
SIDT2	-2.05034024898728
LINC00665	-2.05044072193622
USP44	-2.05062796786103
GATC	-2.05179218883319
SH2D3C	-2.05184674258247
LILRA5	-2.05230791922911
CTD-2213F21.3	-2.05235172529063
DXO	-2.05361247290386
CRHR1	-2.05391087540281
C12orf76	-2.05393206564103
RP13-580F15.2	-2.05434644911555
AC007038.7	-2.05517651463112
RP11-334C17.5	-2.05601007513404
CTD-2192J16.22	-2.0566298952682
GSTM2	-2.05672859674551
SLC25A16	-2.05812920060655
CBR4	-2.05815692237271
RP11-111M22.2	-2.05913897559923
LINC00526	-2.05970438554552
UFL1	-2.06009547520015
KRBA2	-2.06049734872065
NAP1L1	-2.06391703301477
LRIF1	-2.06435596399896
GNB5	-2.06446791302818
CTC-297N7.8	-2.06527808998675
RP11-77I22.2	-2.06578787049538
MTR	-2.06708154493539
ANKIB1	-2.06730121066693
AC009404.2	-2.06751732599997
RP11-307E17.8	-2.06783510484227
TUT1	-2.06821755517561
AC099850.1	-2.06874843405588
CCNC	-2.07000712653193
PPP1R35	-2.07047167845895
INVS	-2.07055279856889
KCNA2	-2.07068795907766
PPFIA1	-2.07315065337081
WEE1	-2.07364674705231
SCRN3	-2.0739817306244
CTD-2090I13.1	-2.07439009264562
TTBK2	-2.07491863796739
RP11-378J18.8	-2.07607219138181
RP11-95P2.1	-2.07622275514069
CCDC18	-2.07763150524308
CAND1	-2.07866298789066
CHODL	-2.0800811709895
ATXN2	-2.08129024962161
FAM134B	-2.08175816753664
GS1-124K5.11	-2.08208017617259
TAF15	-2.08242975230436
AGER	-2.08318367326932
HIST1H2BK	-2.08383344158969
WEE2-AS1	-2.0840633612619
RP11-345P4.10	-2.08431595706169
GPS2	-2.08463761705925
ACVR1B	-2.08528504248183
FAM76B	-2.08573571669248
ARMCX5	-2.08613592193694
AC093690.1	-2.08625508777344
COG4	-2.08626803928673
RPL39L	-2.08685757814184
DNAJC30	-2.08710466935905
RP11-359B12.2	-2.0879979583477
HIST1H2BL	-2.0885350130575
LYSMD3	-2.08866098369168
PTAFR	-2.0890871022434
RP11-95D17.1	-2.09027703046078
C19orf73	-2.0902943371491
IRF2BP2	-2.09056509514622
ITGAL	-2.09083284533234
CCDC84	-2.092181207862
ZNF439	-2.09242373411353
CTD-3096M3.1	-2.09260121090883
GBP1	-2.09299750569949
ASAH1	-2.09300116041231
MRPS24	-2.09336985679058
RALGAPB	-2.09356474255586
NOMO3	-2.09360343724298
ZFP36L1	-2.09366014467704
TMEM8B	-2.094446406055
AL807752.1	-2.09465146005112
AC074117.10	-2.09500739986592
ACTL10	-2.09547121889866
ZNF852	-2.09579210314321
ARRDC2	-2.0958018919816
AC123768.4	-2.09630538965272
ROBO3	-2.09667950967912
UBE2H	-2.09671009300381
LY86	-2.09727249315076
DDX11	-2.09780337680593
CLCN7	-2.09893910539903
SLC26A2	-2.09913858858227
EAF2	-2.10111733995801
CTB-119C2.1	-2.10135622149918
MTERF	-2.10140372176999
EPN1	-2.1014354366058
WIPI2	-2.10196147262615
NCOA4	-2.10202654724781
BTBD2	-2.10236696062399
TMEM161B	-2.10325186140279
BRF1	-2.10334788943487
SLC39A10	-2.10410680641957
XRCC4	-2.10537010193299
RP13-941N14.1	-2.10617440970319
HSD17B1	-2.10658133598017
SRSF1	-2.10758616019716
PET112	-2.1079357444283
RP11-509J21.3	-2.10957258766161
DGKH	-2.10964546692339
MRM1	-2.11090683716321
RITA1	-2.11143789291155
ADCK1	-2.11166917670571
ZSCAN29	-2.11503145761933
AQP10	-2.11532212134924
BAIAP2	-2.11578835284993
ESR1	-2.11588193738
OGFOD2	-2.11605858844446
GPLD1	-2.11747518215505
RCCD1	-2.11766876684464
ATP10A	-2.11832003591105
CTD-3131K8.2	-2.11954911041631
RHOT1	-2.12014746398429
RP11-486O12.2	-2.12019815459898
AC007163.3	-2.12069888914731
EIF2B5	-2.12135700456203
HAUS3	-2.12240784932151
MSL2	-2.12323799661395
STK33	-2.12358114670496
ZFAND2B	-2.12389618100471
CTC-479C5.12	-2.12420646366411
VAMP7	-2.12454867123567
RP11-138A9.2	-2.12475624010516
CNOT6L	-2.12529914263315
AC103801.2	-2.1254179498962
FAM210B	-2.12566525405406
RP11-424G14.1	-2.12675229735436
BBS2	-2.12679289273576
ULK2	-2.12761116833502
TNFRSF10A	-2.12777705534841
CTC-428H11.2	-2.12780768102872
PHF7	-2.12806795822753
NSMCE1	-2.1290580900133
RP11-119B16.2	-2.12987878074688
MAPK14	-2.13049958084253
RBM41	-2.13054230848642
WDR64	-2.13110615630872
EXTL2	-2.13126673760964
PURA	-2.13177726508052
CNOT2	-2.1318688923862
PAXBP1-AS1	-2.13210992824005
PHIP	-2.1328061399442
TMEM55B	-2.13297202168322
MST1	-2.13366621127527
RP11-566E18.3	-2.13431724093078
AC004893.11	-2.13436532194661
RP11-532F6.3	-2.13453258022587
DICER1	-2.13463790751031
PAXBP1	-2.13464013864801
MCF2L	-2.13469687328422
EHD3	-2.13667168634959
CASP12	-2.13752155137102
LINC00944	-2.13788420050222
ANAPC7	-2.13819000266234
RP11-91I20.4	-2.13830633321741
NUDT9	-2.13905346906843
PAX9	-2.13937851277356
PDCD7	-2.13957731440358
PREPL	-2.1410204731505
SIK1	-2.14138480825821
MUC20	-2.14158666148293
CCDC137	-2.14171959375064
EID2	-2.14238065217076
IGHMBP2	-2.14315611383851
CCDC28A	-2.14324557725088
MPPE1	-2.14407118356545
DHX29	-2.1442697028546
TUFT1	-2.14553761990197
PFDN5	-2.14721951040619
SPDYE3	-2.14761716642166
RBL1	-2.14772150441581
RP11-301O19.1	-2.14803898889726
RINT1	-2.14851090574094
TUBD1	-2.14873561640733
RP11-542K23.7	-2.1487911933393
CAGE1	-2.15219114628526
RBM15	-2.15306711352748
RAB4A	-2.15311051980038
LCOR	-2.15622959216022
ZNF430	-2.15682046915654
CTD-2203K17.1	-2.15706816139252
ICAM4	-2.15798056689685
RP4-800J21.3	-2.15814621089631
RP4-705D16.3	-2.15887258859948
FOCAD	-2.15890709652557
ST3GAL1	-2.16007960114744
WDR48	-2.16028415462723
TMEM38B	-2.16037205957518
FAM217B	-2.16187976772535
KANSL1L	-2.16226680787236
RP11-216L13.17	-2.16247434291079
RP13-297E16.4	-2.16325510681802
RP11-127B20.2	-2.16335505664477
MRPS18B	-2.1641365045873
ATP1A3	-2.16495477262253
RP3-323P24.3	-2.16607109633827
TMEM91	-2.16688074286745
KB-1208A12.3	-2.16837107083608
ZNF674	-2.16837966591525
TRMT10A	-2.16860064308398
SMDT1	-2.16873904849525
UTP23	-2.1690422798873
MYH3	-2.1694550966562
DNAJB14	-2.17131740596429
STON1	-2.17232152982707
TARDBP	-2.1738097336842
KRTCAP3	-2.17509091267388
RP11-390E23.6	-2.17519113127189
COPS7B	-2.17665048642739
PMS1	-2.17700134245834
NXF1	-2.17733863190835
HERC3	-2.17761118704301
NOL12	-2.17856990015938
CHCHD7	-2.17966671727234
PRRC2B	-2.17983670664322
RYK	-2.17999591661211
NUGGC	-2.18077308376388
S100A9	-2.18154479938598
C12orf57	-2.18234412522992
CTD-2534I21.8	-2.18253460369156
NEK9	-2.18317682847987
CBWD7	-2.18337428969805
BTBD9	-2.18340516725041
C19orf43	-2.18357968525842
SDHD	-2.1835949408548
SEMA3G	-2.18475881220408
RP11-21M24.2	-2.18609186227245
NEU3	-2.18621202986865
TBC1D13	-2.18745063371995
PRICKLE1	-2.18763805392947
ATG2A	-2.18814297212634
NT5C2	-2.18821521298132
HPS3	-2.18894434122731
PRPF6	-2.18896487843221
RP11-326G21.1	-2.18970842484371
TULP2	-2.19065756458648
SSTR3	-2.19123528427523
SHMT1	-2.19176093360199
PLCB1	-2.19219144239042
RP11-292F22.7	-2.19433404339983
FAM120C	-2.19523414266527
ZNF286B	-2.19565532465119
RP11-160H22.5	-2.19662812012547
KIAA1429	-2.19707326559604
HECA	-2.19728977050346
ZNF32	-2.19811903806246
MYLIP	-2.1988077605356
REM2	-2.19906943460264
OCIAD2	-2.19995870986258
RP11-544I20.2	-2.20025569206767
CDK12	-2.2015899463469
C6orf52	-2.20259235734417
RP11-764E7.1	-2.20265033253514
SNN	-2.2043341672785
AC008697.1	-2.20461907758316
STAP1	-2.20479650700801
SEMA4G	-2.20554834786893
DNAJC4	-2.20582328969647
FLYWCH1	-2.20599940591206
THUMPD1	-2.20623354076762
ZNF117	-2.20664960079988
IL17RC	-2.20696763919486
RBM45	-2.20712728233437
NBR1	-2.20722508799088
AP000251.3	-2.20807993656836
METTL22	-2.20890970882051
UBOX5	-2.2089898491201
CSRP2BP	-2.20915573596679
CTC-378H22.1	-2.21061535855417
CDR2	-2.2109310870958
HRSP12	-2.21171536571097
C5orf17	-2.212601769596
RP11-417J8.3	-2.21263249237526
RP11-37C7.3	-2.21418086220805
GALNT2	-2.21462818908329
TSNAX	-2.21527090039879
DSCR3	-2.21845571925411
GNRH1	-2.21991804064403
RBM4B	-2.22007912079234
TERF1	-2.22124809187689
ZNF75D	-2.22194483813601
CCNK	-2.22335536730591
MRPL1	-2.22670382081615
RP5-1091N2.9	-2.2268490376851
HENMT1	-2.22700787621425
COG6	-2.22719986462216
CCDC144A	-2.22780682573934
ZNF274	-2.2291518573483
KHDRBS1	-2.23094928990733
TMEM209	-2.23234011566666
KDM5C	-2.23341095258511
RP11-360L9.4	-2.23472160773308
MRPL10	-2.23572218008996
SSBP3	-2.23583383425009
YTHDF3-AS1	-2.2359973992979
RP11-499E18.1	-2.23635004160109
KLHL9	-2.23703734502757
DNAJC14	-2.23709649223873
MRPS9	-2.23713758654554
C1QBP	-2.23822344208339
RP11-3P17.5	-2.23885657972211
MIPOL1	-2.2399583384984
SMEK2	-2.2399906796969
ANKRD32	-2.24175665439313
TMEM18	-2.24209235337081
MAVS	-2.24330812226783
NSD1	-2.24418321692417
LRP5L	-2.24498555966995
PCNP	-2.24509003827638
CTD-3088G3.8	-2.24546260431156
KRT1	-2.2465672455571
FAM193A	-2.24657403827578
HKDC1	-2.24672013498052
FLOT2	-2.24706671964396
SETDB1	-2.24775687681383
FAM179B	-2.24782193932146
TAMM41	-2.24872498940648
RP11-91A18.4	-2.24879392595198
PRKD3	-2.2488981446268
GPSM3	-2.24899709642458
KIAA0391	-2.24904277745021
CEP19	-2.24945509121957
RPAP3	-2.24960449857514
RP11-152N13.5	-2.25020231711459
CEP44	-2.25075691017113
SLC12A9	-2.25149712700572
RIPK2	-2.25311801268653
AC016683.5	-2.25348773705931
MED16	-2.25356782418959
NGDN	-2.2560339167722
CDCA7	-2.25668932672632
UNK	-2.25673371319573
ACPL2	-2.25715808422677
CCZ1	-2.25772143715114
AC129492.6	-2.25810634283565
TSIX	-2.25962031352368
CTD-2012K14.7	-2.25971676668602
ARV1	-2.25994656699926
ZC3H14	-2.25995244029927
FBXO46	-2.26093320243121
ZNF727	-2.2615098756506
RASGRP3	-2.26199044811553
RP11-634H22.1	-2.26211821409669
UPF3A	-2.26259391373905
MED13L	-2.26282026757951
RGS12	-2.26292226558177
USP20	-2.26302725034686
ANKHD1-EIF4EBP3	-2.26361850737398
SNURF	-2.26690993471167
POLM	-2.26701378869246
YPEL1	-2.26811800183169
XXbac-B476C20.9	-2.26919529146051
BSCL2	-2.26958694777883
CCR4	-2.27014970448738
TSEN34	-2.27032023855504
HSD17B6	-2.27210857693345
TRPM7	-2.2730160299453
IK	-2.27435923458061
BRAF	-2.27446724423226
AC064834.2	-2.27481934254781
MCF2L-AS1	-2.27588443186326
ANKRD11	-2.27775396453948
RP11-498P14.5	-2.27812442535398
CTD-2368P22.1	-2.27812727031636
RP11-497H16.9	-2.27883558690535
GLTSCR1L	-2.28011294068075
PPM1B	-2.28234578912628
EPM2A	-2.28269516952812
DNMT1	-2.28498565692986
CTD-2302E22.4	-2.28655149703533
DISP1	-2.2870245036421
SPG7	-2.28744511060723
DBT	-2.28848364823167
UTS2	-2.28864593320282
SMURF2	-2.28904820082095
GNPNAT1	-2.28922043182487
SCPEP1	-2.28959487268749
C2orf68	-2.29060718660419
XPA	-2.29086178607198
CCDC106	-2.29198555120432
MIR940	-2.29199753445859
HOMER3	-2.29229690545771
RP11-196G18.24	-2.29399995993157
RP11-77P6.2	-2.29438745428011
MEN1	-2.29482371771394
HPS4	-2.29492237156652
LENG9	-2.29518032341605
NBPF12	-2.29631402848778
EXD3	-2.29669203321965
CPSF7	-2.29680828920138
AC110781.3	-2.29774533125571
HEATR3	-2.29839880764068
KRT8	-2.30141187216441
SAFB2	-2.30195653838017
RP1-151F17.2	-2.30197643826147
ZNF93	-2.30211309747437
MALAT1	-2.30229684218783
TEX22	-2.30283496276298
MTFMT	-2.30301367463038
RP11-320M2.1	-2.30322830380254
CECR7	-2.30421225180846
STAG2	-2.3055268823106
MTRNR2L12	-2.30566442020389
TRMT12	-2.30661364089638
ZMYM6	-2.30749779087592
TBCEL	-2.3076602537967
RPA3-AS1	-2.30777381724987
CHST7	-2.30797565470224
ATRX	-2.30831773392408
RP11-425I13.3	-2.3087730775773
NCF2	-2.30925001767837
NUDT12	-2.3094306060537
AC068831.6	-2.31070476698828
PVRIG	-2.31082749146801
RP11-798G7.8	-2.31127152787965
RGPD1	-2.3128005408227
RP11-989E6.10	-2.31304115962411
COG2	-2.31480375129208
CRY2	-2.31541675579504
NRL	-2.31552253660466
HPS5	-2.31555847747273
RP11-37B2.1	-2.31581375552976
DENND6A	-2.31739345657367
AC092295.7	-2.3174546068025
RABL3	-2.31769009359487
RP11-829H16.3	-2.31922369727495
CTC-338M12.5	-2.31928343389054
C19orf38	-2.32044531894769
GLG1	-2.3243468575275
RP3-462E2.5	-2.32479484954912
C2orf74	-2.32629622216856
FAM172A	-2.3269040948551
RP11-73M7.6	-2.32739452951735
CTC-487M23.8	-2.32814781971801
RP11-434C1.1	-2.32849653234946
SDHAF1	-2.32936404279431
CDKN2B-AS1	-2.32945261238763
CUL5	-2.33030103617276
EIF1AY	-2.33160391852429
PROK2	-2.33386876935406
SS18L1	-2.33386958746021
CHPT1	-2.33398148755669
TRIM23	-2.33468026082414
CAMK2G	-2.33532809892891
RP11-872J21.3	-2.33536511067713
CLASRP	-2.33559399213491
CNNM2	-2.3366551071756
TBC1D3F	-2.33720462576061
ZNF507	-2.33733421013455
TUBGCP6	-2.33740513165934
MBLAC2	-2.33750536748501
PYGO2	-2.33755738257609
POLR1B	-2.34026282426893
RP11-297C4.1	-2.34155304828416
RP11-401P9.5	-2.34253332533721
OFD1	-2.34260397577254
METTL16	-2.34263223036824
ARMCX2	-2.34282320378731
NFX1	-2.34319783535653
RP11-787I22.3	-2.34366025846146
ZBED5	-2.34386170620965
NOXA1	-2.34442681760134
PIK3R5	-2.34472359939933
GIT2	-2.34591878979114
C12orf54	-2.34625437519724
FRS2	-2.34747591768916
OTUD3	-2.34835819744182
TOMM40	-2.34865435264827
RP11-448A19.1	-2.34914035744329
STOX1	-2.34947649414809
MTMR9	-2.35058087612976
RP11-379K17.4	-2.35106369423251
BDNF-AS	-2.35194488110247
METTL15	-2.35197843526434
RP11-160H22.3	-2.35483753654947
ZNF362	-2.3559040156459
ZNF835	-2.35683731897237
CCZ1B	-2.35692073621391
KPNA4	-2.3572499128889
INTS12	-2.35732192629165
P2RX7	-2.35829114379203
THEMIS2	-2.35860258993968
SRBD1	-2.35881394250639
RP11-88L24.4	-2.36038224733651
NET1	-2.36054573956782
EML6	-2.36060977236407
FAM200A	-2.36122136614912
HDAC1	-2.36192763425267
RP11-119D9.1	-2.36390735948782
JHDM1D-AS1	-2.36453162689585
TTC8	-2.36464147022479
SLC16A6	-2.36471761952325
AC006160.5	-2.36728812484824
USP46-AS1	-2.36757914516373
CROT	-2.36772334309997
SZT2	-2.36791921611457
RP11-449H11.1	-2.36800513560301
FAM135A	-2.36850493575526
VAV3	-2.36852786245939
RP11-297N6.4	-2.36955995120775
RP1-153P14.8	-2.36978938907874
LINC00869	-2.37002393027784
RHBDL1	-2.37049157112635
SLX4IP	-2.37062815410854
NFKB1	-2.37102113076526
DLEU1	-2.37175550665581
SH3BGR	-2.37203969129599
KMT2A	-2.3721605298921
FAM107B	-2.37302761830623
TSC22D4	-2.3730592823273
ZNF10	-2.37307865464859
CTB-55O6.12	-2.3732836638246
MATN1-AS1	-2.37468872134627
TAP2-1	-2.37500376908409
KCTD7	-2.37545501121713
MRI1	-2.37575905282689
COPS5	-2.37609765326089
PFKM	-2.37814862868629
RP11-346D14.1	-2.38105666678701
INTS9	-2.38124939553341
FAM43A	-2.38200835615974
CTC-444N24.6	-2.38303295694824
COMMD9	-2.38463935224443
ISYNA1	-2.38501774568032
HIRA	-2.38559880753701
AP001065.15	-2.38602889963104
SNRNP70	-2.38687790994962
LAPTM5	-2.38888260484657
BLOC1S3	-2.38953031508158
CDNF	-2.38958978113402
ITGA6	-2.39000406841383
TUBGCP2	-2.39029439350292
ZNF687	-2.39053905216195
SENP6	-2.39076052246249
ZNF492	-2.39137548496327
GPATCH3	-2.39143898262816
MKL2	-2.39222163614682
DDX51	-2.39239194188442
POLG2	-2.3925973089249
DNAJC2	-2.39435031930204
CD52	-2.39447199457027
FAM66E	-2.39518214513273
ITGB8	-2.39563691898743
XXYLT1	-2.39568746052851
CXXC1	-2.39587910191399
ACSF2	-2.39652388778594
RMND5A	-2.39709364642375
RP11-166O4.6	-2.39724614083931
SLC30A9	-2.39756488043873
WDR43	-2.39776255071423
ZGLP1	-2.39841152328091
AC007551.3	-2.39889613087618
EXPH5	-2.39896907833461
ARFGAP2	-2.40035219363353
ACCS	-2.40075570324246
TWF1	-2.40112896298106
RP11-415F23.4	-2.40119647325748
ZNF335	-2.40145100345031
RIOK3	-2.40160023637595
UBL7	-2.40169820895098
DSTYK	-2.40365313251297
GFOD2	-2.40365842392829
C16orf98	-2.40413808757496
LACE1	-2.40417452880541
RP11-387D10.2	-2.40433479917345
HMGXB3	-2.40506082856125
OGFR	-2.40649804589531
RP11-165F24.3	-2.40766471439371
PHYKPL	-2.40995543703481
CHERP	-2.41016407670453
CCNT2-AS1	-2.4119591847681
RP11-53O19.3	-2.41255437029673
CUL1	-2.41283774685151
ASUN	-2.41308941940966
SRRM2	-2.41354929167532
NPHP3	-2.41365614647354
SETD5	-2.41520892235325
PTCD2	-2.4157876490794
CTC-241F20.3	-2.41683089526825
KDM1A	-2.41820978149835
TSSK6	-2.4183482856866
RUFY2	-2.41844421980228
ARPC4-TTLL3	-2.41849639300441
ZNF786	-2.41852822892734
CASC7	-2.42043532317581
ZNF580	-2.42146649560408
LINC00568	-2.4221067043449
XXcos-LUCA11.4	-2.42449881051149
ZNF592	-2.42484103522442
OLFM2	-2.4249689210974
KANSL1-AS1	-2.42503862906922
NR2C1	-2.42589131866834
XRCC1	-2.42628903907911
TERC	-2.42719635946594
RP11-558F24.4	-2.4275099813592
AXIN1	-2.42970513717417
AP000692.10	-2.43001739315089
LRRC37A	-2.43050189369123
RP11-277B15.3	-2.4326386498012
BABAM1	-2.43285058306072
GATM	-2.43298558854482
ARID1A	-2.43309260188425
MED30	-2.43375076017169
RP11-181C3.1	-2.4345709447807
RGS3	-2.43481609054988
FAM161B	-2.43485005451709
RAD52	-2.43638761947905
RP4-803J11.2	-2.43661722478181
C2orf88	-2.43714030192947
WAPAL	-2.43780289043258
PKIA	-2.43781606767492
C3orf58	-2.43808737445397
CTD-2532N20.1	-2.43826796604313
RP11-337C18.8	-2.43858362852024
TCF7L1	-2.43975079012605
RP5-884G6.2	-2.44038210258843
CTD-2215E18.1	-2.44205173685718
RP11-473M20.14	-2.44225286349035
SCARNA2	-2.44344319687034
ZNF154	-2.44381238340101
SIAH1	-2.44386705603692
HIST3H2A	-2.44429421323502
CD101	-2.44432277875409
WDR78	-2.44471847871248
ABHD1	-2.44521411955346
KIAA1958	-2.44541627806358
PM20D2	-2.445446704179
GCFC2	-2.44613653927994
CLK1	-2.44681001634183
CSTF3	-2.44726771427966
SNORD3A	-2.44833815927745
CSRP2	-2.44898184059053
TBC1D22A	-2.45008545760775
DDX11-AS1	-2.45016664783422
AASDH	-2.45038797575182
MFF	-2.4517480257159
FUS	-2.45363215539499
B3GALT2	-2.45372386455822
FXYD7	-2.45461323365516
AC100830.5	-2.45480128427455
CLIC5	-2.45539768864737
RP11-603J24.4	-2.45582549848008
DOPEY1	-2.45629089115608
RP11-81H3.2	-2.45674586265612
TOMM20	-2.45751592263481
SYTL1	-2.45753947208134
SSSCA1-AS1	-2.45806117296548
TMCC3	-2.45855582495078
AC093627.10	-2.45883600826791
MATR3	-2.45946945602232
KARS	-2.45956676687494
BLCAP	-2.46121806060229
FAM78A	-2.46127476633265
AC093609.1	-2.46302297743402
MRE11A	-2.4638435125907
RP11-677M14.7	-2.46425717104375
MT-ND4L	-2.46599285348953
COX4I1	-2.46601876365695
AC022400.2	-2.46629370951869
PDCD6IP	-2.46639852617245
ZFP36L2	-2.46676496045187
CNOT1	-2.46761363357256
RP1-101K10.6	-2.46778845292416
LRP2BP	-2.46782259198975
NARG2	-2.46792718369976
HNRNPA0	-2.46883762485185
RP11-16N11.2	-2.46884661961361
DCAKD	-2.4692515419203
TCF20	-2.46958854677736
C19orf44	-2.46999050074652
IL7R	-2.47019361731925
NODAL	-2.47074523695188
TMEM80	-2.47103406187046
RP11-932O9.7	-2.47300990754666
BST1	-2.47329862611455
ZNF431	-2.47507193283958
BRAP	-2.47508152137564
SFSWAP	-2.47523847527423
AC011841.1	-2.47531412791058
RP11-274B18.2	-2.4774213982708
A2M-AS1	-2.47749759178763
RP11-1000B6.3	-2.47855758947082
RP11-646I6.5	-2.47866389248057
LIMD1-AS1	-2.47898624362092
ASRGL1	-2.47949746773858
ZNF217	-2.48080049181155
RB1CC1	-2.48169511069541
CPOX	-2.48305606670932
FAN1	-2.48417097366907
USP11	-2.48438668303484
AKAP17A	-2.48574524125891
EFCAB7	-2.48726436463834
EPB41L5	-2.48780505313007
PTDSS1	-2.48965700183149
KLF11	-2.48995072319326
TPTE2	-2.49012237314941
SMAD4	-2.49127177133984
RP11-158K1.3	-2.49143580642898
AGO3	-2.49183064555964
RLN2	-2.49198552464903
TTC12	-2.49265642323172
PIGV	-2.4933834755519
PPP2R5E	-2.49407011208595
AHCTF1	-2.49526517147329
NCAPD2	-2.49553690256258
LZTS3	-2.4956198525467
TRERF1	-2.49564922825873
CREBL2	-2.49649147746996
MT-ND3	-2.49784791583097
SPATA13	-2.4983102602246
CLEC2D	-2.49870144254226
C20orf96	-2.49893903287532
NR1D1	-2.49916080185126
GSTT1	-2.50015375108243
RP11-11N7.4	-2.50108517510242
PRKX	-2.50130905999882
CCDC180	-2.50221987473686
AC062029.1	-2.50290072191488
DDX19A	-2.50315978494306
FAM105B	-2.50520394536028
FRA10AC1	-2.50730657118584
TRAPPC12	-2.50827757073242
LIN52	-2.50900806222545
TMEM139	-2.50935919166017
DHX35	-2.50945329525645
RP11-367J7.3	-2.5104089924295
IFNG-AS1	-2.51085014060124
UPK2	-2.5112279991646
ZNF692	-2.51371026449625
EIF4E3	-2.5137817208566
FAM220A	-2.51409749733184
RP11-499P20.2	-2.51500696105243
RP5-855F16.1	-2.51517760908081
SLC25A35	-2.51528952063507
SEC24B-AS1	-2.51542702432107
ZC3H4	-2.51594210555372
C6orf3	-2.5166243898077
EIF2AK4	-2.51668578510895
BMPR1A	-2.51781376000755
TOMM70A	-2.51799308635221
RNF168	-2.51821839738607
RP11-680G24.5	-2.51843654526359
POF1B	-2.5203016024369
TMEM66	-2.52041856606249
RP11-973H7.1	-2.52083268411169
RP11-780K2.1	-2.52115566923523
CYB5RL	-2.52129610602713
TMEM251	-2.52275356459705
SMIM8	-2.5243208617903
RP11-439E19.9	-2.52474794967705
RP11-47I22.1	-2.52655385756614
RP11-775D22.2	-2.52667297386275
TRIM33	-2.52706829103153
CTD-2341M24.1	-2.52963273437941
HIST1H4A	-2.52971579208249
COMMD6	-2.53047104756815
BIN3	-2.53133521465653
PARP16	-2.5315596231033
ATG4C	-2.53217743184565
AC007620.3	-2.53255300348543
ANKDD1B	-2.53633717777086
NBPF15	-2.53910209686355
ZNF605	-2.54037727569985
RP5-894A10.2	-2.54117329722271
ZC3H6	-2.5413259755694
AC095067.1	-2.54230023007155
ZC3H8	-2.54268814939385
ZC3H3	-2.54471826329971
AGMAT	-2.54513915053068
ZNF514	-2.5459368240713
BDH1	-2.54610416033144
PFKL	-2.54732617568237
PET117	-2.54880368845902
RP5-1157M23.2	-2.54893251319182
CEP192	-2.54916534540901
AL157902.3	-2.54978063159925
PECR	-2.55046890854889
AC132192.1	-2.55135631673132
CTA-204B4.2	-2.55159496535195
CCL28	-2.55277294323974
GTF2H1	-2.55291843248102
RP11-166N17.3	-2.55347087969396
NACA2	-2.5538178381891
TRPC1	-2.55648168445259
RP11-343L5.2	-2.55868919443966
TXNDC11	-2.55954669983809
C21orf33	-2.56092674298301
DAB1	-2.5621484478569
ZFP14	-2.5632300226271
LOXL2	-2.56341322929113
ZNF317	-2.5638898561149
KIAA1009	-2.56454154033853
NIF3L1	-2.56482002683617
KLC4	-2.56546057652232
PKIB	-2.56564370176124
NHEJ1	-2.56585815472568
CTD-2035E11.3	-2.56649169900445
LINC00957	-2.56657836669165
DCUN1D4	-2.56740381004429
PTK2B	-2.56757662303284
PRKCZ	-2.56788314875047
AC004158.2	-2.56789669293636
PRIMPOL	-2.56884379481823
RAP2B	-2.56940309852621
RP11-452K12.4	-2.56989328839722
CAPS2	-2.57117951943977
ZNF680	-2.5725880602498
GPRASP1	-2.57312712226381
MAGEF1	-2.57314692497757
FBXO24	-2.57380562310157
WAS	-2.57397637183254
CCDC138	-2.57398497806225
RSL1D1	-2.57423621224228
C1RL	-2.57484023267224
FAM92A1	-2.5750720810084
VPS39	-2.57563228308278
CAMKMT	-2.5758967572495
GATSL3	-2.5760294321327
TNFRSF14	-2.57671797013755
FCGBP	-2.57695204064034
MOAP1	-2.57717505427608
RP11-504P24.4	-2.57800395115123
ERCC6L2	-2.5780803771946
LZTS2	-2.57812088916333
RP11-395A13.2	-2.57906211714868
PUS1	-2.57925654200239
MED23	-2.57986439757079
ANKRD54	-2.5803330600925
RP11-489E7.4	-2.58066280496346
ING4	-2.58159540710182
RNMT	-2.58222055179856
DIP2A	-2.58248861617237
RP11-73K9.2	-2.58252611993487
ARHGAP12	-2.58331294751848
CTC-273B12.10	-2.58349569688036
MATN2	-2.58358168597422
TCEAL8	-2.58525523939
TSNAX-DISC1	-2.58609896502025
DFFB	-2.58624029634534
TSC1	-2.58731851579204
ENTPD4	-2.58799523146785
NFKBIZ	-2.58958630635724
EFHC1	-2.58999843515232
UBXN1	-2.59210338566551
VTI1A	-2.59211943420695
C9orf84	-2.59285288209593
PHGDH	-2.59296456110427
C11orf65	-2.5940331819562
CRIP3	-2.5948396614642
SULT1A1	-2.59551736389505
RP11-559M23.1	-2.59607049328229
ZNF74	-2.59650292385055
PSMA8	-2.59721170051609
GLRX5	-2.59758172761874
RP11-254F7.2	-2.59866964274151
ZNF66	-2.59888134929653
RNF169	-2.59966851014785
PTCH2	-2.5999351899774
LILRA1	-2.60018724668767
MAPKAPK5	-2.60072072915814
ATG4D	-2.60080481728258
ZNF318	-2.60083064019682
CDKN1B	-2.60246281918693
KIAA0947	-2.6030402389495
EAPP	-2.60335611156403
RP6-206I17.2	-2.60378112719195
MASP2	-2.60385774208293
PIK3C3	-2.60400332493481
OTUD6B	-2.60442616531876
RP11-575L7.8	-2.60809850172836
RECQL5	-2.6082888492576
TPH1	-2.60890832283197
CD38	-2.60977712690236
MMAB	-2.60998330054055
MORN1	-2.61058673087418
BEGAIN	-2.61139607463175
TBPL1	-2.61148274581562
SMC6	-2.61170917200773
DLG1	-2.61222221796064
CTB-134F13.1	-2.61425294771193
ZNF445	-2.6147340063413
RP11-15H20.7	-2.6158392607289
NUP210L	-2.61627590658743
PGP	-2.61666663353549
ZXDA	-2.6189191815667
MPLKIP	-2.62263081001803
NR2C2	-2.62374426110586
MBTPS1	-2.62437560536554
CTB-118N6.3	-2.62537598475451
DHRS3	-2.62936951713643
EXOG	-2.63034901847184
PDCD2	-2.63241303178901
POLN	-2.63245039902842
GPR22	-2.6324516016416
GKAP1	-2.63260417459957
AP000974.1	-2.63263543493907
THOC5	-2.63351976005687
RP11-361D15.2	-2.63433421237874
ITPK1	-2.63482707684919
RBBP6	-2.63573187482877
HSPBAP1	-2.63604265366413
APBA3	-2.63646278052374
RP11-849H4.2	-2.63713202205368
LRRC39	-2.63815649565097
ZNF483	-2.63966000752244
ZHX2	-2.64138649147326
HID1	-2.64279906799562
UBR3	-2.64329728532024
ZFAND4	-2.6435703281495
HCG25	-2.64369411838919
AC027307.3	-2.64409142934776
KIF19	-2.64409830567817
OXT	-2.64617401110074
SPNS1	-2.64617976605566
PALLD	-2.64749221714296
ZNF667	-2.64771810001894
RABGEF1	-2.64777199940784
CHURC1	-2.6483751744904
SH2B3	-2.64847542123869
UBE3D	-2.64968595044328
CYP3A5	-2.65175563112667
NIFK-AS1	-2.65314194918499
SPESP1	-2.65361260539354
FZD3	-2.6536383394774
GLIPR1L2	-2.65379730354375
OVGP1	-2.65391116109041
SF3A2	-2.65420947983184
VAC14	-2.65454699509254
ENPP2	-2.65472186758359
ZNF708	-2.65525873437491
RP11-276M12.1	-2.65717100917394
AFF4	-2.65733373581795
C12orf79	-2.65857477110897
LMF1	-2.65885740881727
RFWD2	-2.66012592768854
IPCEF1	-2.66266291953878
GID4	-2.66315722549468
ZBTB26	-2.66404500287019
RP11-102M11.2	-2.66414957612365
CTD-2035E11.5	-2.66449269543292
PIGZ	-2.66927243483156
RBM26	-2.67085108481412
IL16	-2.6715045112729
MEF2C	-2.67181907931145
CTC-435M10.3	-2.67288897760387
RBAK-RBAKDN	-2.67343577526755
HERC4	-2.67378916102976
RP1-168L15.5	-2.67395199632184
SLC15A2	-2.67475395763673
ABCB9	-2.67504706746082
HOMER1	-2.6752317110146
ZNF236	-2.67565213664767
C1orf162	-2.67588800876965
RP11-589M4.1	-2.67600474896896
RP11-57G10.8	-2.67704415091157
ASCL2	-2.67720109970688
FAM227B	-2.67788494804119
KRT18	-2.67910981073523
LINC-PINT	-2.67935487570108
HAUS5	-2.67959126685286
AARD	-2.6809928486003
RP11-690G19.3	-2.6815310675033
GRASP	-2.6816341937874
ANKRD44	-2.6820216744333
HCG11	-2.68260873937496
CTC-534A2.2	-2.68313395689466
ANKRD55	-2.6832276936108
NUP133	-2.68526810437134
LRCH4	-2.6853950989682
SNRPD2	-2.68573323899265
RP11-343H19.1	-2.68696036669579
TUBGCP4	-2.68741832170389
AP006621.5	-2.6884189033911
GPALPP1	-2.69149635450426
DDT	-2.69157313158666
ZNF721	-2.69362869195083
SUGP2	-2.69403523496762
TBC1D10C	-2.69409200945156
RP1-179N16.6	-2.69417740389349
RP1-313I6.12	-2.69433641263074
IKZF5	-2.69611345874225
RP11-10L12.4	-2.69827328770145
CDKN2AIP	-2.69891210371639
ZNF326	-2.70082785431717
DTD2	-2.70164131480816
RP1-122O8.7	-2.70229125833918
NPRL3	-2.70236574878153
GRHL1	-2.70287851747801
RP11-73O6.3	-2.70526706357857
ANTXRL	-2.70593709789209
SH3BP1	-2.70741129822435
NR1H3	-2.70896341897555
RP11-78F17.1	-2.71069750695631
BFSP2-AS1	-2.71122585831624
TBRG1	-2.71372699832737
RP11-467P9.1	-2.71463285667552
RP11-702B10.2	-2.71469420299201
PPP6R2	-2.71667768312708
EZH1	-2.71757844326676
CHRNA1	-2.7176321000437
AMY2B	-2.71873971860701
MAP3K11	-2.71875016902825
NR1D2	-2.71891897830545
SPIN3	-2.7193254364537
FNBP4	-2.72037198890407
SEPT6	-2.72081169617833
NDNL2	-2.72108554901593
RP11-553L6.2	-2.72120309610641
PHF20	-2.72146158021277
RP11-134O21.1	-2.72170434729579
DCK	-2.72207942664022
MON1A	-2.72507574029968
AQR	-2.72543351727971
HECTD1	-2.725487259869
FBXO21	-2.72630860439521
PHKA2	-2.7274615448237
RASA4	-2.72836547332569
RP11-401F2.3	-2.72855381818691
CDO1	-2.7288202876723
RP11-66N24.3	-2.72950531220949
CTA-445C9.14	-2.73038997585139
ELAC1	-2.73245038838926
U2AF2	-2.73298695151342
APBB3	-2.73643387866194
ZNF581	-2.73791541575731
ANKRD16	-2.73794733927734
SIRT4	-2.73863023117303
DGCR2	-2.7389560939676
TRIM66	-2.74144404329573
DLEU7	-2.74154873623646
FAM122B	-2.74176913486558
RP5-1050D4.5	-2.74212016325227
SENCR	-2.74459061374667
GPR89A	-2.7450617723657
RP11-330A16.1	-2.74625352696607
BTBD7	-2.74644344949167
ZNF619	-2.74658953430417
PNPLA7	-2.74671781495041
LANCL1	-2.74757107719631
ZNF596	-2.74765275159937
AVL9	-2.7479060038011
RP11-453F18__B.1	-2.74930089375333
VPS18	-2.7503860419276
CCDC176	-2.75163052368262
DYRK1A	-2.75224323793563
TSPYL1	-2.75295776704042
C14orf178	-2.75310075043526
RP1-102H19.8	-2.75405379839646
VPS53	-2.75489569172567
IL17RA	-2.75556494555232
FAM173A	-2.75581618960538
TASP1	-2.75755383762389
APPBP2	-2.75946275945132
DCAF16	-2.7596427365814
ZNF493	-2.75989266735825
CCR3	-2.76002735649352
ZNF70	-2.76113684185886
RP11-484K9.4	-2.76117304674812
RP4-745E8.2	-2.76118408545358
IVD	-2.76260368266902
IMPDH2	-2.76293561518269
RP11-510J16.5	-2.76525114556439
RP11-29H23.4	-2.76559953323936
AC007970.1	-2.76578587137492
CROCCP2	-2.76616552898454
ZCWPW1	-2.7670209312691
ZFAT	-2.76727242578114
UBAP1L	-2.76796378797426
MEF2BNB-MEF2B	-2.76966114830957
C17orf103	-2.77064772688218
RP4-798A10.2	-2.77316943621764
KBTBD11	-2.77336760041083
TBC1D23	-2.77596744882645
QRSL1	-2.77704217973458
TNFRSF25	-2.7790776529164
RGPD5	-2.77923187768276
MAPRE2	-2.77967298537289
ZCCHC18	-2.78113907733196
C19orf82	-2.78135726418524
NKRF	-2.78373437365254
F2RL1	-2.78607857615601
NFRKB	-2.78707348226497
MAST4-AS1	-2.79088978893735
RBM39	-2.79139766896381
SLC44A2	-2.79180831187377
CD160	-2.79266857817614
RP11-161I2.1	-2.79336204686165
C12orf65	-2.79363866561573
ZNF609	-2.79432066532918
hsa-mir-150	-2.79493127404229
BCAS1	-2.79505792338389
ITK	-2.79519216736597
RPS10P7	-2.79729997761972
RP11-143J12.2	-2.79826515040083
MAN1A2	-2.79987133869025
ARID4B	-2.80033051014735
PRSS3	-2.80048692179192
IFT20	-2.80062254810241
ZNF565	-2.80088353910132
MIA3	-2.8020448512344
MAU2	-2.80219741971121
SERP1	-2.80319296538284
ESPN	-2.80410343477845
ZSCAN25	-2.80686975812377
CLYBL	-2.8071456448326
EPB41L4A-AS1	-2.80777128126976
LINC01024	-2.80833437399935
CEPT1	-2.80909376183121
GABBR1	-2.80992055310474
RGPD4	-2.81175215652481
PRSS12	-2.81196346890931
GPT2	-2.81208914265165
ENGASE	-2.81256433316696
TAB1	-2.81403334373877
LAMA2	-2.81409145908065
YLPM1	-2.81432109987827
PGBD4	-2.81501646469265
PTGDS	-2.81553666137921
HIST1H4F	-2.81601411656437
RP11-798G7.5	-2.81623309323395
ATRIP	-2.8163751033052
CECR5-AS1	-2.81641459273382
HELB	-2.81673828431152
ZZEF1	-2.81677532650031
DCAF5	-2.81793402778489
KCTD21-AS1	-2.81800742128976
CDIPT	-2.81897946283698
EFCAB13	-2.81931306244635
RP11-85G18.6	-2.82005125921964
RASA4B	-2.82026837376821
CLUAP1	-2.82260219787968
PPFIBP2	-2.82382620282165
SMCR8	-2.82611892477481
ACACB	-2.82637863986482
AC105760.2	-2.82643529514347
KIAA1586	-2.82743928141532
PI4KB	-2.82794788783633
RP11-5C23.1	-2.82812159864765
RP3-355L5.4	-2.82813160755606
ZNF91	-2.82843752016385
KB-1460A1.5	-2.82890978073535
CDK8	-2.82989621251427
THAP2	-2.83080609239674
ZNF451	-2.83085246552473
BEND4	-2.83095789846822
CXorf24	-2.83315528347644
FAU	-2.83320583951036
MKL1	-2.8348692342785
DDX47	-2.83557151096189
DMTF1	-2.83570027845457
FBXW7	-2.83636010469519
KDM7A	-2.83705443942842
TMEM244	-2.83759220759101
KCTD18	-2.8389703110897
NUTM2A-AS1	-2.83985284646429
U91328.20	-2.84042337921563
MARK2	-2.84090148646183
SDCCAG8	-2.84175021990975
TAF6L	-2.84389409521101
RP11-207C16.4	-2.84445465439852
AP4S1	-2.84486409264294
DNAJA3	-2.84515109239213
RP11-539L10.3	-2.84540548441244
DNAJB1	-2.84596905990746
ABCB7	-2.84607395205575
ENTHD2	-2.84618276258544
CCR6	-2.84740408500604
LPIN1	-2.84743821608841
SLC8A1-AS1	-2.84761648523618
RP11-847H18.2	-2.84804195077792
AC010883.5	-2.84863021748446
UVRAG	-2.84919387254265
FAM66B	-2.84951736897344
CHAD	-2.85000302708897
RP11-25K19.1	-2.85034293079764
ZNF500	-2.85068534801093
LTA4H	-2.85079923031101
SGTB	-2.85097210630479
RP11-983P16.4	-2.85116800440056
ALAD	-2.85135283771189
EEF1D	-2.85182311902285
FUK	-2.85213122485956
COL4A4	-2.85315122561925
C12orf66	-2.85695632546104
SGK3	-2.85698968607418
TMEM180	-2.85718220970614
UXT	-2.85848421999613
FMO4	-2.86003072161143
FAM13A-AS1	-2.86144123066545
EFNB1	-2.86183994037307
ZNF207	-2.86338845121091
CLDND1	-2.86522457318623
NIPBL	-2.86978988193473
RP11-63L7.5	-2.8708074398103
XPNPEP3	-2.8711919055837
UBAC2	-2.87148730706314
FAM19A2	-2.87175129745144
HMGN5	-2.87331942292323
ARL4D	-2.87407304839052
BTG2	-2.87514285453527
LL09NC01-251B2.3	-2.87565050588163
TSC2	-2.87581230343139
CTB-114C7.3	-2.87644265894644
ZBTB33	-2.87666860938278
RP11-147L13.2	-2.87733525081638
IPO5	-2.87826038001538
LRRC47	-2.87841463021908
ATG9B	-2.87992600983561
SLC25A37	-2.88079482727071
AC005618.6	-2.88141308250684
DDX6	-2.88187306247817
UQCRC2	-2.88257687018416
RP11-312O7.2	-2.88341181291579
RP11-15A1.3	-2.88438529182442
ZNF444	-2.88448664589477
TRAF6	-2.88450118618118
RTKN2	-2.88493065642995
TRIM4	-2.88552997639485
PABPN1	-2.88558591298651
UBASH3A	-2.8862433826693
SH3D19	-2.88797694956344
NKTR	-2.8883741976251
TANGO2	-2.88915556354029
ANKRA2	-2.88927540358003
YTHDC2	-2.89020694506906
MYOM2	-2.89022700402716
RP11-439A17.7	-2.89068644712293
PEX11A	-2.8911331806913
LINC00441	-2.89312523583587
NARS2	-2.89413486597388
SMCHD1	-2.89526605870304
AD000090.2	-2.89549898794349
AF131215.5	-2.89560044103235
SIRT1	-2.89565128658195
MYPOP	-2.89600149424815
ZNF331	-2.89788196602555
RP11-361F15.2	-2.89961958218675
AC012358.8	-2.89975835232146
ST8SIA6	-2.90111422797318
RP11-856F16.2	-2.90351921308727
XPNPEP2	-2.90536596146442
UTP14A	-2.90629535447576
CTD-2588C8.8	-2.90763123004593
SCGB3A1	-2.90878612590081
TLDC2	-2.90880086001486
MADCAM1	-2.90921118700394
SLC7A6	-2.91107165104354
MAP7D1	-2.91120914584421
KPNA5	-2.91415719452648
PADI4	-2.91428097098958
RP11-367N14.2	-2.91530099859795
COA5	-2.9183885976863
PTPDC1	-2.91869355950091
AC083843.2	-2.91912480781909
LIMS1	-2.92278503850972
GTF2H2C	-2.92308545473572
AC006369.2	-2.92310365871292
RANBP2	-2.92439478717951
PKD2L2	-2.9259435888391
IQGAP2	-2.92638250021083
DDX55	-2.92645197506426
GS1-204I12.4	-2.92693209553109
ATL1	-2.92707135125083
NEB	-2.92719610189646
RP1-151F17.1	-2.93042781679555
RP3-323N1.2	-2.93109234683074
RP11-384K6.6	-2.93133547984032
WWP1	-2.93238789055838
RP11-261C10.3	-2.93277978722099
SH3BP5	-2.93432658289992
RP11-573D15.9	-2.93685635613254
KAT2A	-2.93739863425538
ELF4	-2.93753004126951
CERK	-2.93828791986685
HIST1H4E	-2.9386164720004
RP11-91P24.6	-2.93939417892142
KAT8	-2.93950664828738
TRNT1	-2.94186985565064
RP11-47I22.2	-2.94262910984416
RFX3	-2.94290837768597
SRSF10	-2.94325454765431
LENG8-AS1	-2.94356727779805
UBIAD1	-2.94386758685108
PTOV1	-2.94479353779555
SSB	-2.94588085330385
ZNF638	-2.94625554666914
CEP63	-2.94670586710607
SIN3B	-2.94794783493469
LARS	-2.94797141082504
TPK1	-2.94911451378922
CSTF3-AS1	-2.94934073965964
LINC00200	-2.95095357058019
HS2ST1	-2.95140610843192
RNF44	-2.95163649275257
CTD-2619J13.14	-2.95195642948717
BEST1	-2.95259476268116
IL9R	-2.95266878147671
RP11-98I9.4	-2.95288368002806
FAM13A	-2.95392047663458
TSSK4	-2.95516269000616
CTH	-2.95624450643501
MXD1	-2.9566563465804
COG5	-2.95692536526935
MPHOSPH8	-2.95706017220775
CPSF6	-2.95715095905736
ZNF595	-2.95717403566812
RNF26	-2.95794716261492
RP11-467D6.1	-2.95795679639414
TAF5	-2.95809468837228
CC2D2A	-2.95850004584391
GS1-251I9.4	-2.95903989969099
LINC01138	-2.95945791081567
ZNF345	-2.95996533100172
MECP2	-2.96110325225507
RP11-547D23.1	-2.96218307214416
PINX1	-2.96286234986115
PTGIR	-2.96358476714254
CAPN7	-2.96414534996023
BCKDHB	-2.96491010018464
SLC38A6	-2.96797981598608
CD36	-2.96974574191562
AC091153.4	-2.97184258253947
CTA-363E19.2	-2.97235187717729
CCNH	-2.97504315696369
RBM48	-2.97664386808744
RP11-637A17.2	-2.98110861553509
GLYR1	-2.98137540631702
C5orf55	-2.98299682373705
TAF3	-2.98602195970875
RP11-259K5.2	-2.98638369415424
CAT	-2.98762570413367
PER2	-2.98803299303887
REST	-2.98969792364289
RP11-155L15.1	-2.99110357293652
PNKD	-2.99285344453045
RSL24D1	-2.99334661147339
RP11-429E11.3	-2.99440631081035
L3MBTL1	-2.99547490270631
FAM157B	-2.99560273190048
TAF4B	-2.99592814470729
PKP4	-2.99604079785199
TOPORS-AS1	-2.99657828655966
BCO2	-2.99726912319201
RP11-227H4.5	-2.99788246169193
RNF138	-2.99871944942405
ZNF23	-3.00033780364526
AL590560.1	-3.00044470010113
DHFRL1	-3.00070867881713
BRWD3	-3.00317172790558
INTU	-3.00416995431911
ZNF610	-3.00451687042989
DDX43	-3.00469231368456
SMG7	-3.00542525045773
NBEAL1	-3.00783635588719
RPLP0	-3.00887883476499
ADAP2	-3.00898591520841
ALPK1	-3.00988604525135
GANC	-3.01000282729263
SEMA6C	-3.01146331421478
AC104653.1	-3.01167746779627
RP5-1021I20.1	-3.01374162744971
PIBF1	-3.01374872549599
PACSIN1	-3.01521558163944
CTD-2366F13.1	-3.01623965214223
EPS15L1	-3.01676041953404
TM7SF2	-3.01806637620231
GLI4	-3.01859133057402
NBPF24	-3.01928072714289
RP11-61F12.1	-3.01932238390249
MAP2K5	-3.01951549561811
LINC01011	-3.02364080084703
RP11-849F2.8	-3.02453728304204
WDR45	-3.02559455513137
CRTC1	-3.02593660812169
ZNF414	-3.02611197750995
RGS17	-3.02675082587868
SCLY	-3.02715704929903
HOXB-AS1	-3.02749401162478
TIGD7	-3.02788266962762
LRRC58	-3.03011036986716
PHF21A	-3.03184031174932
SLFN5	-3.03368928082961
RPS6KA3	-3.03463982032081
LINC00863	-3.03592200721195
TBC1D8B	-3.03668144289487
AC091633.3	-3.03726790196559
AC092159.2	-3.03739125507827
CKAP4	-3.03797155117097
RLN1	-3.03859196267425
CENPV	-3.03883950866016
MARCH8	-3.04085349841265
RNF6	-3.04123723827674
RTTN	-3.04332063237236
PPBP	-3.04429864276632
TAF10	-3.04510864111831
ZNF276	-3.04562084989056
RNF212	-3.0475515326269
AP000640.2	-3.04787909258642
PSIP1	-3.0490622365259
AC008443.1	-3.05013259825728
PLEKHA8	-3.05051191333986
DCAF10	-3.05104666297237
TRAM2	-3.05263786155787
CSAD	-3.05285976608766
CD2AP	-3.0530406219404
SLC25A23	-3.05525218828964
RP11-761I4.3	-3.0573266264205
UBE2J1	-3.05744936408325
DTWD2	-3.05828078082011
AATF	-3.05841011492455
RFFL	-3.05885467434049
ACBD4	-3.05994852764406
RP5-886K2.3	-3.06118265708444
CCDC85C	-3.06157929654447
GCSAM	-3.06316535722991
UTY	-3.06333679846641
CELSR3	-3.06351671783829
AC007382.1	-3.06375906538083
FCRLB	-3.06387201957128
ZNF185	-3.06475414186011
RP4-669L17.10	-3.06729323621907
ENOSF1	-3.06740129673328
RP11-260M2.1	-3.0686554407616
SLC39A9	-3.06882322734097
RLIM	-3.06902309115687
RP11-171I2.1	-3.07136905132017
G2E3	-3.07213244555375
CTDP1	-3.07267768395744
TMEM9B-AS1	-3.07346408081996
FTX	-3.07362748384959
AR	-3.07412714959931
CTD-2541M15.4	-3.07503619800676
ACSF3	-3.07594948570153
KIAA1199	-3.07658715261023
NANOS1	-3.07746208860138
PAN3-AS1	-3.07855868816802
AC002117.1	-3.08183975816987
RP5-914P20.5	-3.08259781148897
FAM156B	-3.08476778278515
NUP43	-3.08553601688819
FTL	-3.08631218820699
KRTAP5-AS1	-3.08859055705649
PIAS2	-3.08996857102298
KATNAL2	-3.0914380015293
MAF1	-3.09213670273287
REV3L	-3.09259339853209
CTD-2035E11.4	-3.09475456116281
C5AR2	-3.09528139966405
C7orf55	-3.09611885828505
RP11-442N24__B.1	-3.09766534433229
FAM105A	-3.09821335745083
ACRBP	-3.09902027176992
TXNIP	-3.10016414506637
ITFG2	-3.10043666006886
RP11-692D12.1	-3.10055960114521
CTD-2541M15.1	-3.10068777573903
JPX	-3.10089259411117
THEM6	-3.10113536041392
C9orf96	-3.10138172427734
RP11-686G8.2	-3.10144809278659
CTD-2292M16.8	-3.10157046060963
RP11-182L21.6	-3.10350537569153
ZNF662	-3.10430115451377
CTD-2287O16.5	-3.10460337993458
PXMP2	-3.10560633609362
SLC25A6	-3.10615860606792
ANKRD18A	-3.1089830713027
TYW1	-3.10989278649879
TRMT2B	-3.11010331062144
CTD-2031P19.5	-3.11049222319811
MARK3	-3.11242743469113
RAD23B	-3.11269662029841
FAM208A	-3.11291625485848
RBM12B	-3.11318984228934
RP11-315I20.1	-3.11330930248074
HNRNPU-AS1	-3.11345500063177
ZNF124	-3.11467911051904
CCDC163P	-3.1147423798137
SMPD4	-3.11616401585285
TMC8	-3.11647293791335
RFXAP	-3.11703338742852
HOMER2	-3.11787211218649
USP19	-3.12104462071946
RP11-204M4.2	-3.12507945691662
RP11-403A21.2	-3.12618774957998
RP3-403L10.3	-3.12659526652716
CFDP1	-3.1272787023964
RP11-485G4.2	-3.12738703582276
RP11-114N19.3	-3.12755666010996
PAGE5	-3.13081212959743
SYNRG	-3.13150695758094
MIR181A1HG	-3.13193579582491
PHC1	-3.13222430660616
RP1-43E13.2	-3.13694575123756
RP11-486L19.2	-3.13735440049904
AE000662.92	-3.13874139442406
HCG14	-3.13946405323224
ZNF394	-3.13947055231523
UBTF	-3.13958529293675
SPG20	-3.13973950198384
SLC24A1	-3.14003598350561
GLB1L3	-3.1411835514013
NPIPB4	-3.14152242654225
UHRF1BP1	-3.14214618306878
XXbac-BPG249D20.9	-3.14279083062421
C17orf80	-3.14409384537033
C9orf41	-3.14463222308532
POM121	-3.14512706389562
ACADSB	-3.14657187428186
SLC23A2	-3.14681770067185
SAFB	-3.1469534931318
FAM53A	-3.14709605121148
RPL28	-3.14742408241036
CTD-2201I18.1	-3.14828105002028
MSL1	-3.15004187121127
ATG13	-3.15019141035837
UBE2E2	-3.1506040424361
PARD6B	-3.1553506296912
SIRPG	-3.15677649865415
MRPS30	-3.15682246934875
OSGEPL1-AS1	-3.15701491615735
RPUSD2	-3.15806509973948
VPS36	-3.15917553049709
GDPD1	-3.16079533761986
RP11-274B21.10	-3.16169518173197
C1orf61	-3.16237114574247
HIST1H2BG	-3.16306444932788
RP11-347C12.3	-3.16308284584668
CCDC38	-3.16329165327736
RPL23	-3.16341124214847
GNL1	-3.16423031057531
BRPF1	-3.16780370313199
TMEM106B	-3.16802250469259
BTN3A1	-3.17071430375262
WDR52	-3.17117859893012
MRPL38	-3.17231689628304
PXN	-3.17277285965566
CTD-2537I9.12	-3.17279257689946
TTN	-3.17557338005983
ING5	-3.17772837363868
SERTAD2	-3.17786508234584
ST3GAL2	-3.17863889522176
OCLN	-3.17954082188887
RNF123	-3.18046056388341
CIR1	-3.18164231946505
RP11-711D18.2	-3.18170188169111
CARS2	-3.18260028935322
NTHL1	-3.18317727580975
CTB-129O4.1	-3.18368823725261
ALDH4A1	-3.18434150310365
PCED1A	-3.18572693167731
TRMT13	-3.18674257108709
RP11-275I4.2	-3.18861093141562
MFSD8	-3.18999446757482
PER3	-3.19025642091249
RP11-378J18.3	-3.19081357145338
GPR155	-3.19321902641252
C1QTNF6	-3.19322547915797
RP11-425D10.10	-3.19328472404366
RP11-304M2.5	-3.19457407489172
RP11-293A21.1	-3.19534383592259
SNORD3B-2	-3.19547310487324
RP11-819C21.1	-3.19568783742491
ZNF281	-3.19582286473736
ADAM22	-3.19724639882164
BRWD1	-3.19727021547682
TTTY14	-3.19748299046572
MYH11	-3.19766043688951
MCM3AP	-3.19970223938621
PLGLB1	-3.19977292719497
LENG8	-3.20045608560483
UPF3B	-3.20116084522039
RP11-563N4.1	-3.20142948524769
TSC22D2	-3.20168380853828
SLC30A5	-3.20223658594353
ARHGAP27	-3.20350398865504
ZNF736	-3.20468899052724
AGAP8	-3.20488663231124
HIST1H2BN	-3.20624313348398
PPP1R3F	-3.20633831582979
PRRT1	-3.20894196347858
ACAP3	-3.21177033466239
LINC00278	-3.21417924437219
STXBP5	-3.21481974399036
RP11-356I2.4	-3.21496296379951
NPW	-3.21623859373636
TRIM56	-3.21628555104966
COL9A3	-3.21928065011946
EPHB6	-3.21973549718061
ACAD10	-3.22173011911382
TMEM154	-3.22231340341175
PNRC2-1	-3.22283841848793
ZNF582-AS1	-3.22312177456869
ELP3	-3.22318869311538
TAF8	-3.22336778417869
RP11-24C3.2	-3.22467898134868
CREBBP	-3.2257238677689
ARAP1	-3.22685281273877
SNORD3B-1	-3.22848337074083
ANKRD13D	-3.22860564016019
RP11-398H6.1	-3.228836297735
MEGF9	-3.22960985060999
TVP23C	-3.23093651193536
EIF2A	-3.2320533250136
MINA	-3.23215495708919
TRAPPC10	-3.23454451262496
RP11-157D23.2	-3.23541242369681
AC062017.1	-3.23574090485636
SDHAF2	-3.23598907562801
LIN7A	-3.23711017874567
FAM213A	-3.23895588885005
C19orf54	-3.23951094192695
FMO5	-3.24079300943146
PLS1	-3.24229033137001
EHD1	-3.24379452913744
RP11-313P13.5	-3.24494364405025
FAM111A	-3.24602180583891
RBMX	-3.24771787349674
TTC21B	-3.24794770670495
MUTYH	-3.24955218832344
RP11-327P2.5	-3.25068326536345
CASP10	-3.25188456942772
LIAS	-3.2540445036512
RP5-1139B12.3	-3.25444381162656
KIAA1551	-3.25449127710757
RP4-660H19.1	-3.2550100117476
TTC9C	-3.25540910987943
AC009403.2	-3.25562946730405
RP1-265C24.8	-3.25603807109539
AC016629.8	-3.26073394133451
ETFDH	-3.2609475503936
PTPLA	-3.26151569830016
CNOT3	-3.26197732068507
RPL10	-3.26243716551883
IRS1	-3.26415653019574
MMRN1	-3.2644436506444
GTPBP10	-3.26533996269676
NAIF1	-3.26556893004643
NPIPB5	-3.26567355933017
RP11-440L14.4	-3.265813548432
SDCBP2-AS1	-3.26709469869685
ZNHIT6	-3.26766212265605
DHX40	-3.26881224154327
STAT5B	-3.26905393582074
ENTPD1-AS1	-3.27031319863894
KTI12	-3.27213825497732
WHSC1L1	-3.27272460741181
NRTN	-3.27495212180963
RP11-245J9.6	-3.27527109946069
PCMTD1	-3.27621141717023
SCRN1	-3.2776886891343
METTL25	-3.27880989911822
AF196972.9	-3.27984469441161
RP1-111C20.4	-3.28330352199467
TTC39C	-3.28393537803989
SOX12	-3.28642615890629
DHRS4L2	-3.2881263329401
VPS26B	-3.28881804305223
TMLHE	-3.29198850168195
BRD9	-3.29233284129529
RP11-290D2.6	-3.29301565469556
TEX10	-3.29418843977698
XXYLT1-AS2	-3.29476159952036
PRMT5-AS1	-3.29478765891402
SNRPA	-3.29497291821178
OARD1	-3.29543240627689
INPP5D	-3.29637503433668
GRAPL	-3.29686251471116
TNNC2	-3.29715933173801
SRP14-AS1	-3.29761650525178
BET1L	-3.2994532548305
ZBTB16	-3.29953316170837
AC073934.6	-3.29979088572593
SMIM11	-3.30004276745422
TMEM135	-3.30041964944154
CWF19L2	-3.30054265618542
USP21	-3.30109564147651
AF001548.5	-3.30195270906017
PCID2	-3.3021057444592
CCDC112	-3.30261025985248
SURF1	-3.30467547736151
ZSCAN31	-3.30483251037507
IPO9-AS1	-3.30577724264208
RP11-333E1.1	-3.30751444991624
CKMT2-AS1	-3.30759214214621
RP5-1115A15.1	-3.30889153556868
AC108488.4	-3.30948331092522
NMNAT3	-3.31025269140819
C6orf229	-3.31080789771975
ZNF428	-3.31510571270029
RP11-1007O24.3	-3.31571696015311
ARHGAP1	-3.31573039845406
CTD-2031P19.3	-3.31603885062141
TRAF7	-3.31959547248798
RASA1	-3.32010282533853
ICK	-3.32175912524949
RP11-109G23.3	-3.32178374058316
ZNF586	-3.32253030197335
S100A12	-3.32286324050969
RP11-479G22.8	-3.32480668179832
C9orf91	-3.32751167529416
LINC00887	-3.32796502367108
PRUNE	-3.32811777745743
ZDHHC7	-3.3284698825347
STRBP	-3.32864507987607
CHIC2	-3.33028347667636
HIP1R	-3.33058921728128
AC004463.6	-3.33065326443722
P4HTM	-3.33231265211587
HHLA3	-3.33321887846656
HOMEZ	-3.33347342877675
EFHB	-3.3335014288302
ZNF782	-3.33397489807015
MRC2	-3.33490987393248
TLR6	-3.34040471874261
TBC1D32	-3.34090539340559
CTD-2017D11.1	-3.34241900099891
HNRNPA1L2	-3.34663846028301
ATE1-AS1	-3.34733214214171
C10orf32	-3.34838264194321
BX088651.1	-3.34866955814995
SF3A1	-3.34998658906404
LINC00959	-3.35420116673035
RP11-950C14.7	-3.35442928216091
RWDD2A	-3.35444119102884
HIC1	-3.3569206021718
RP1-234P15.4	-3.35850005760092
PAXIP1-AS2	-3.36056186122617
SSH2	-3.36074264845906
PEX26	-3.3642170183982
TUBB4A	-3.36824796423864
DIDO1	-3.36896488254977
RPIA	-3.36942205705015
ALDH6A1	-3.37015930205493
ARL14EP	-3.37019915337389
TCEAL4	-3.3714163013714
MIR4453	-3.37221829261233
BCL7A	-3.3747069847047
DCXR	-3.37499231190899
SLC6A16	-3.37630650409033
LRRC37A3	-3.37645755529889
C2CD2	-3.37742097151366
RGPD2	-3.37837127992862
WDR70	-3.37858178676614
SLC35B3	-3.37875657711734
ZBTB25	-3.37911521130945
HMBOX1	-3.38063574770395
CPE	-3.38185698945859
GNL3L	-3.38245043120704
GTF2I	-3.3831350864518
COQ10A	-3.38329102115515
SCNN1A	-3.38346244098356
RP6-114E22.1	-3.38395987784327
LPHN1	-3.3864592848294
CYP2F1	-3.38841790471473
MTRF1	-3.38999826369914
ZNF138	-3.39121195620798
CTD-2037K23.2	-3.3919317422633
TBC1D2	-3.39228205388151
ATF7IP	-3.39315653567132
RP11-732M18.3	-3.39438040171727
TUBG2	-3.39541974588572
XIST	-3.39617938759957
RP11-793H13.11	-3.39653213757565
SRPK2	-3.3968629671149
EPB41L2	-3.39687818322065
ZFC3H1	-3.39706703931898
ZNF783	-3.39741158168146
ZBTB20	-3.39864176631046
SLC5A10	-3.39885553203856
WDR37	-3.39964239834227
FAM200B	-3.39965980271772
AC026471.6	-3.40012762290918
RAVER1	-3.40077034402469
KCNA6	-3.40098602589928
PRKCH	-3.40223602065722
KIAA1919	-3.40257074069141
UBE2E1	-3.4036343785011
FAM193B	-3.40436318701017
FKBP11	-3.40547729541625
MDN1	-3.40707313576771
MBP	-3.40718413009343
ZFYVE27	-3.40748018783466
GRAP2	-3.40814496551008
DTX3	-3.40836712699291
PLCL2	-3.40880019348002
FNBP1	-3.40896963418316
RP4-639F20.1	-3.409391994497
PLEKHJ1	-3.41040246082926
CTB-161K23.1	-3.41157587076598
MAP10	-3.41168945417713
RPL35	-3.41197356207782
CTF1	-3.41245408943905
SNX20	-3.41277620035925
TMEM245	-3.41282596197908
MAN2A1	-3.41400680714872
RPL41	-3.41454644782651
RNF144B	-3.41464194443872
MIR3654	-3.41585769147567
TRIM32	-3.41605243815404
PPM1D	-3.41660555161178
TMSB15B	-3.41671685499175
NIN	-3.41813629278881
ZMYND12	-3.42152224138149
MAP4K4	-3.42179544436276
MAPK3	-3.42230630685615
PHF3	-3.42326980124149
ZNF418	-3.42395248500046
RPS9	-3.42794615638351
LMTK2	-3.4279878419805
SPATA6L	-3.42856962563588
FNTA	-3.42943538977038
EIF3A	-3.42965610885468
RP11-204N11.1	-3.43419425358026
AP001412.1	-3.43444898051491
SPATC1L	-3.4348245129908
RP11-773D16.1	-3.43655690560383
RP11-182J1.1	-3.43670552453459
ABL2	-3.43757247491065
RP11-664D1.1	-3.43779350827126
L3HYPDH	-3.44012318478017
IL12A	-3.44161014595079
RP11-466F5.8	-3.44189161922691
RP11-305K5.1	-3.44519488209873
RP11-656D10.3	-3.45000610315537
SPN	-3.45006009209864
AGBL2	-3.4508614854011
ZYX	-3.45195423727522
GPM6B	-3.45272578123667
OCEL1	-3.45452007872916
RP11-398C13.6	-3.45550074312377
YY1AP1	-3.45572595632456
REPS1	-3.45593737119542
DOCK11	-3.45758121240135
AC007773.2	-3.46078329791855
S1PR4	-3.4619675283877
ZNF425	-3.46197621449592
CAPN3	-3.46519575041025
RP11-196G18.23	-3.46594528721497
Z83844.1	-3.46870517547725
MYO1F	-3.4691349942468
MTO1	-3.46949581801333
RWDD3	-3.47359059932458
DUSP7	-3.47416197102586
GSTM3	-3.47608627488258
CEP128	-3.47961566240843
NUBPL	-3.47964015965809
RP3-428L16.2	-3.4813646367879
TBCC	-3.48151262872666
RP11-343N15.5	-3.48215991438364
CTC-232P5.1	-3.48458604988473
COX15	-3.48478366605738
PDE7A	-3.48573554125583
KIAA0355	-3.48610482526283
LYRM7	-3.48712613724744
RP11-379F12.4	-3.48767754569329
DNAJC27-AS1	-3.49087625309231
RP1-225E12.2	-3.49163661892087
CSK	-3.49216255035638
SENP7	-3.49228100639677
VAMP1	-3.49290865552499
HP1BP3	-3.49359771305375
EIF4A2	-3.49376252934757
PWAR6	-3.49384443657695
TSPYL4	-3.49416253912814
AC009299.3	-3.49421480710775
TAOK3	-3.49633237075992
ZNF83	-3.4965270100375
MRPS31	-3.49781650161698
REPIN1	-3.49801537195732
NSA2	-3.49897880407085
RP11-379H8.1	-3.50117185623953
COL6A2	-3.50211161429782
CCDC101	-3.50334115903054
RP11-756H6.1	-3.50336318309389
RP11-166B2.1	-3.50380329203058
LINC00926	-3.50523138134827
ZNF844	-3.50738982930292
SMIM20	-3.50770655526694
PNRC2	-3.51071579674701
RNF126	-3.51084698390991
ALDH16A1	-3.51237082976396
LINC00381	-3.51536216913302
TRANK1	-3.51808694488478
GPR146	-3.5183227513905
VCL	-3.51859452543174
RP4-798A10.7	-3.52084086028674
FBXO32	-3.52187800262122
LINC00332	-3.52648559646838
FAM73B	-3.52802881654867
RP11-513D5.2	-3.5298117046486
PYGM	-3.53020321732446
TPTEP1	-3.53031969051598
VPS13D	-3.53119677081602
LINC00426	-3.5315087527912
SALL2	-3.53213974490396
NHLRC3	-3.53283927473295
RORA	-3.53299799108189
OSGEPL1	-3.53839985901817
ZAP70	-3.54236768123152
LMBR1L	-3.54682069054054
C21orf119	-3.54953335683739
ANKRD49	-3.55318779643579
TPGS1	-3.55402498135395
S100P	-3.55560045679324
KCNAB1	-3.55735161576548
IREB2	-3.55746025350264
GDPD3	-3.56169989917724
C11orf71	-3.56209831456974
ADPRM	-3.56242947583341
KCNH2	-3.56319349223568
BEND5	-3.5650861955443
RP11-218E20.3	-3.56618439491187
NUP210	-3.56657389121226
RP11-267M23.4	-3.56714570903023
GPATCH8	-3.56844506000122
RP11-15E18.1	-3.56854658378137
PLEKHB1	-3.56859341186021
OCM	-3.56898106789004
NDOR1	-3.56923115053419
FLT4	-3.57021603594584
NRF1	-3.57129623038601
ZNF606	-3.57259965587027
HOTAIRM1	-3.57676709043362
RP11-407N17.5	-3.57700456340025
ASPSCR1	-3.57792678328951
CREG2	-3.57800830220902
RPLP1	-3.57832781096604
ATP6V1E2	-3.57844741402852
HMGA1	-3.57951242931185
FST	-3.57965582294032
DBNDD1	-3.58019163567401
PHYHD1	-3.58081868817458
RP11-252A24.3	-3.58088564693601
KTN1-AS1	-3.58321431059983
VSIG2	-3.58403479630376
GALNT12	-3.58413717287252
RP11-464F9.20	-3.58549094022291
RP11-640M9.1	-3.5862759014865
RARRES3	-3.58658682123767
DENND1B	-3.58705740627115
AIF1	-3.58794303600277
DAP3	-3.58799920079118
VRK3	-3.58825542053029
GOLGA7	-3.58829598965661
HIATL2	-3.58906347729866
IGSF9B	-3.59022920643509
SCARB1	-3.59494693271141
AC005614.3	-3.5970845116984
AKAP3	-3.5974701456734
TMEM45B	-3.59758137449451
SNHG7	-3.59845324648374
TRAF3IP2-AS1	-3.59930285166242
EBPL	-3.59938949656742
JAM3	-3.6003618909931
SLC25A20	-3.60406625371758
MORC4	-3.6041527840668
MGEA5	-3.60588995202003
RP11-430H10.1	-3.60739947126956
N4BP2L2	-3.60754545551854
RP1-167A14.2	-3.6076906690038
WBP5	-3.61186781967674
RP4-758J18.13	-3.61246842071367
GLIPR1	-3.61370426019355
RP11-35G9.3	-3.61573525809007
ARAP1-AS2	-3.61578797690993
AGBL3	-3.61651482818175
SWAP70	-3.61988122288017
RPS10	-3.62073617928589
HBB	-3.62240725005736
RP4-635E18.8	-3.62242029314268
C5	-3.6240943752381
PIP5K1B	-3.62549654572805
RP3-441A12.1	-3.62628100014032
FAM19A1	-3.62875840801143
RP11-79P5.9	-3.63208244869944
ADAMTS4	-3.6322402278978
ZNF681	-3.63397273785521
AP001626.1	-3.63475430492773
RPRM	-3.63588090717756
BAG5	-3.63759451535716
RFX7	-3.63803709609418
YBX1	-3.63836441175263
WWOX	-3.64091833101971
MYCBPAP	-3.64098198988949
NMT2	-3.64262282334125
RPS11	-3.64284425669556
TMEM181	-3.64325495048564
USP33	-3.64353107781037
BTBD8	-3.64421773284296
RB1	-3.64642308982329
FXR1	-3.64774525741737
NCK2	-3.64841832768617
SMG6	-3.64932166011429
LNPEP	-3.65008014429653
CREBZF	-3.65052436443101
GPATCH11	-3.65155276822708
RAB33B	-3.65379637743206
OR2A1-AS1	-3.65514819063018
CLIP3	-3.6555022977068
RP11-347E10.1	-3.65609673807139
RP11-84G21.1	-3.65631529836831
GRAMD1A	-3.65673545754377
SAP30L-AS1	-3.65874566180485
RP11-126L15.4	-3.66099648249715
ARL17A	-3.66139602206074
RP11-108M9.4	-3.66149435751806
RP11-156E8.1	-3.66157620296526
RP11-845C23.3	-3.66170160881608
RPL36A	-3.66180091037929
LINC01003	-3.66193220349271
ZNF333	-3.66296401360204
PMS2	-3.6642973093239
RBM4	-3.66431022003338
SELP	-3.6644603299021
MLXIP	-3.66630716399164
TRAPPC8	-3.6677442899957
RP6-206I17.3	-3.66775719654715
CLN5	-3.66894255134682
AP001372.2	-3.6701744763707
LINC00987	-3.67123424459463
DDX28	-3.67269233087741
FAM169A	-3.67357667639864
FDX1	-3.67361638394432
RPL24	-3.67729549854637
C9orf37	-3.67867498954346
ELP4	-3.67869585592732
ZFP62	-3.67874579428275
NUDT7	-3.67921230763537
ZMIZ1-AS1	-3.68125839445248
RP11-424N24.2	-3.6845615214384
CDC42BPB	-3.68566132281691
AC093627.9	-3.68630732538281
RP11-297A16.2	-3.68675945653354
FAHD2A	-3.68811505664877
ZNF277	-3.69097624751958
NGFRAP1	-3.69241072128014
SAMHD1	-3.69315872588232
PRRG2	-3.69372012173621
FAM46A	-3.69399317744279
CTD-2227I18.1	-3.69485123593653
PDE4DIP	-3.69576655641917
RP3-388M5.9	-3.69654208373908
TIPARP-AS1	-3.69932963574039
NAA60-1	-3.69934948048047
AC005037.3	-3.69936217002813
MBNL1	-3.70042530296207
INPP5K	-3.70044070918944
DPH6-AS1	-3.70064643391967
LRRC1	-3.70155786232973
STK4	-3.70217224551299
YPEL2	-3.70313109745177
ZNF346	-3.7054308919655
ASPRV1	-3.70555718312753
OXA1L	-3.706055047099
MTURN	-3.70618055301484
CCDC141	-3.70684079856667
SRSF5	-3.70776537798247
DRAM2	-3.70827976504568
RP5-864K19.4	-3.70860174068684
RP11-649A18.12	-3.7096648770227
NNT	-3.71049333490287
MTMR10	-3.71211056366738
RPAP1	-3.71336915697461
LUC7L	-3.71361855899945
GAL3ST4	-3.71421958335463
TTLL3	-3.71486751329115
F2RL2	-3.71827395269233
RPRD2	-3.72101398557344
RP5-1119O21.2	-3.72144479921729
C19orf25	-3.72200260443787
NOD1	-3.72349448876143
ZNF667-AS1	-3.72364162463476
SLC2A13	-3.72369352103123
PRR4	-3.72508344629565
SULT1A3	-3.72561867274136
PPP1R21	-3.72589120739706
NUDT18	-3.73007775328305
SUPT20H	-3.73025233202857
CLDN5	-3.7322612398388
TXLNB	-3.73495055236583
KRT24	-3.73842257255084
AC006994.2	-3.73898012221346
PNRC1	-3.73945078071228
RP1-90L6.2	-3.73951334123417
ATG16L2	-3.74006979083103
ATG14	-3.74092238254653
ACO1	-3.74166150591728
EMC8	-3.74361965973416
KLHDC3	-3.74489584821116
XRRA1	-3.74661757574702
DENND1C	-3.74669006240295
OSBPL7	-3.749302370616
RNF43	-3.75026194536037
RP11-350G8.5	-3.75044377075317
PSMG3-AS1	-3.75123461912236
TESK2	-3.75207818926918
RP11-327F22.4	-3.75337265237793
LUC7L3	-3.75403514801127
IRAK4	-3.75428869309611
RP3-496C20.1	-3.75708425359146
RERE	-3.75789460812758
BACE2	-3.75791715107458
RP11-423H2.3	-3.75818433244015
HNRNPH1	-3.7613964309504
ANKHD1	-3.76226889322971
ELF2	-3.76253152203625
RP11-245G13.2	-3.76438900808081
AC011558.5	-3.76510389714878
ZNF12	-3.76518330940452
CHCHD10	-3.76518999256878
ZNF135	-3.76653362813697
MORF4L2-AS1	-3.7682247657703
SEPHS2	-3.76958201208375
RBM33	-3.7710514857757
RP11-474G23.3	-3.7716672735512
PHF12	-3.77171360928802
FOXO4	-3.77180262279849
LA16c-358B7.3	-3.77279311511415
RP11-488L18.10	-3.77519029356599
PMPCB	-3.77530484484762
ZNF814	-3.77612831195539
MPI	-3.77866003500232
NDUFA4L2	-3.78169400745395
NSUN6	-3.78290128812916
MMP24-AS1	-3.78362796192152
PNPLA4	-3.78475803978702
BRD4	-3.78574746990703
RPS17	-3.78620749833053
NFATC2IP	-3.78695934490412
CAPS	-3.7874110597811
FSBP	-3.79050702759781
RP11-267N12.3	-3.79180794576909
LRRC8A	-3.7926116756073
TOMM7	-3.7926128423029
RPS16	-3.79324291768251
RP4-686C3.7	-3.79329744005829
C14orf93	-3.79340512909222
BIN1	-3.79468625603599
C1orf52	-3.79599963423251
C8orf44-SGK3	-3.79632896190747
OXLD1	-3.79688683765357
HOOK1	-3.80070394598373
XPO4	-3.80140708057702
BTBD3	-3.80193526339527
RP11-162G10.5	-3.80244254606914
UBE4A	-3.80468987643735
PAN3	-3.80541133032358
TEX14	-3.80697686150557
RP11-434D9.2	-3.80701945671597
SRGAP3	-3.80789550614084
RP11-890B15.3	-3.80907299713553
CTD-3110H11.1	-3.81116401003032
HDAC4	-3.81204742513179
RP5-827C21.6	-3.81255687878818
GS1-124K5.4	-3.8150838227244
PWWP2A	-3.81738366901549
EGLN2	-3.81760361406425
SCML1	-3.81783544620742
ZBTB44	-3.81786886185935
POLR1E	-3.81878955181986
RP11-755B10.4	-3.81903558094257
C10ORF68	-3.81954535227134
RIMS2	-3.82160090554339
ANKZF1	-3.82365279101672
MARS2	-3.8254706035835
SNRPN	-3.82576027865008
TAPT1-AS1	-3.82682277831515
APOL3	-3.82813517612331
SPSB3	-3.82848038719696
MACROD1	-3.82862754344116
MFNG	-3.82873264234027
HCG27	-3.82938039312373
SESN1	-3.82965001082299
SETD2	-3.82990238822745
LMTK3	-3.83017075239083
RP5-1024G6.5	-3.83151926946927
FAM21A	-3.83505475638225
PHB2	-3.83517401953581
RP11-53I6.3	-3.83778840615836
CTC-505O3.3	-3.83888243951585
SUN2	-3.84275157059584
C14orf159	-3.84296516121717
HPS1	-3.84466153239688
RNF139-AS1	-3.84899353667374
PSPC1	-3.84941364416951
SPERT	-3.84979910601405
NREP	-3.85103827676168
ATP6V0E2-AS1	-3.85105684543787
RNU12	-3.85317807841801
CTD-3203P2.2	-3.85346090872777
LYPLAL1	-3.85425816395277
AC093901.1	-3.85632049327167
CLHC1	-3.85795528865
RNF20	-3.85991766930684
PHOSPHO2	-3.860323038421
FAM216A	-3.8605634510655
UBAP1	-3.86339814130037
USP6NL	-3.86411254106521
AC090587.5	-3.86512390888303
ZBTB18	-3.86712252219934
SCAF4	-3.86743239218254
RP3-322G13.5	-3.86761938900529
DYM	-3.86801777302328
TXLNG	-3.86898622855473
FXN	-3.87091802950482
DENND4B	-3.87102834186985
BFSP2	-3.87233481946723
RP1-223E5.4	-3.87712732730722
STAT6	-3.87718400632436
RP11-338I21.1	-3.87836024328488
SLC12A7	-3.87887051255366
RP11-324I22.4	-3.87916556564834
RPUSD4	-3.88033168319009
GSK3B	-3.88077023751256
MIS12	-3.88177466819957
RP11-77H9.8	-3.88294587925366
EIF3K	-3.88356925581855
ARHGAP5-AS1	-3.88428849996849
RP11-81N13.1	-3.88634328917834
TCEAL3	-3.88798474283351
CELF1	-3.88828424866
TTC19	-3.89042560819284
SLC5A2	-3.89092324501204
FYB	-3.89327391337746
RP11-341N2.1	-3.89378354153137
WDR27	-3.89591279000624
UBE2O	-3.89624692692413
AC093323.3	-3.89811461840767
M6PR	-3.89896837366196
RPL34-AS1	-3.90374381958884
ATR	-3.90400514217129
MPHOSPH9	-3.90421596188864
CTA-292E10.6	-3.90537634504173
MAML2	-3.90769808666678
INPP4B	-3.90966389031075
RP4-613A2.1	-3.90967851457671
RP11-206L10.3	-3.9115347810629
KIAA1432	-3.91156979166307
EXOC4	-3.91352887722182
MPP5	-3.91361772142095
MORC2	-3.91630253120391
RP11-973H7.4	-3.91671785419962
CDC42SE1	-3.91844881480603
TCL1A	-3.92436371038139
RHEBL1	-3.92531969868428
GLTSCR1	-3.92599075603166
AC025171.1	-3.92828175370921
ANAPC5	-3.92882304537395
DICER1-AS1	-3.92901449240424
TCEANC	-3.9347309347874
HEXA-AS1	-3.93567286100085
FRY	-3.93717133047393
CCNB1IP1	-3.93721191514619
SLC2A11	-3.93850886256135
ANKLE1	-3.93949624028198
FBXO15	-3.93986349201406
CTD-2583A14.10	-3.94061337987123
RABGAP1L	-3.94263752321463
RP11-553L6.5	-3.94342293744227
ERO1LB	-3.94447907223917
ZNF302	-3.94549825216736
RP11-56G10.2	-3.94655708534378
TSHR	-3.94741299133381
SPTBN1	-3.95123337850806
VASH2	-3.95665516032335
CCNL1	-3.95683203569261
AC069513.4	-3.96152710209445
LINC00623	-3.96174903065019
EIF3G	-3.962805111155
AQP3	-3.96459396958806
HIST1H2AK	-3.96538115142955
ZRANB2-AS1	-3.9658950717415
CREBRF	-3.96662129360585
AKR1C3	-3.9674420865487
TFAP4	-3.97036480055191
FAM66C	-3.97038722519727
FAM218A	-3.97183284783603
MSH3	-3.9723500949023
CAHM	-3.97429902863074
ZFX	-3.9759724992079
TMEM156	-3.98199845727138
GRAP	-3.98215699511388
CTDSP2	-3.98329220075073
AHRR	-3.98494263362527
LINC00339	-3.98500080498245
AC079807.2	-3.98504898472956
MLLT3	-3.98693098721881
CTD-2012K14.6	-3.98830028874941
ZNF76	-3.99151331488391
AKAP8L	-3.99423431686092
METTL12	-3.99457442372482
POLR2J2	-3.99523724429655
DUSP19	-3.99669145331974
RPS19	-3.9968619917369
PRPSAP2	-3.99756151893324
RP11-18H21.1	-3.99894951457229
MICU3	-4.00233919019428
PPP3CC	-4.00252026048109
CALCOCO1	-4.0044364242467
KCNMB4	-4.00460977392764
ANGEL2	-4.00474353511575
IFFO1	-4.00738548220086
PNMA3	-4.00845386879787
ALKBH7	-4.00920346385411
PPAN	-4.00990575387544
VPS8	-4.01412617179638
ZBTB37	-4.01439191218936
ARGLU1	-4.01446980928477
SSU72	-4.01516250167838
PLA2G12A	-4.01648692736769
RNF216	-4.0170189175505
SDR39U1	-4.01978098655486
RP11-335O4.3	-4.02124767477171
BEX4	-4.02148613923232
HDAC7	-4.0234989312096
CCNI	-4.02460500504216
RXRB	-4.02508104123711
RPL14	-4.02592457648987
CHD2	-4.02745611025027
SLC44A5	-4.02843462142763
EIF3M	-4.02987746749845
RP11-705O1.8	-4.03304027794534
AOAH	-4.03489591394025
RP11-6J24.6	-4.03573714878185
SLC22A3	-4.03630047293376
DCP1B	-4.03635363342904
FGFR1OP2	-4.03653026151895
FBXL20	-4.03709533816237
RPL17	-4.03750963920307
MAST3	-4.03791268717445
GPR113	-4.04354682657546
STRADB	-4.0445155610361
VPS33A	-4.0460100951062
TMEM123	-4.05068145634217
RP11-543C4.1	-4.05154914916688
R3HDM2	-4.05284870609573
LINC01004	-4.05717306408568
RTN4	-4.05847217008604
UBXN7	-4.059799599985
CTD-2007H13.3	-4.06225123071262
RP11-385D13.3	-4.06303997548141
EIF2S3L	-4.06769617200935
RP11-420G6.4	-4.06775541397923
CCDC30	-4.06989951865978
RP11-178L8.7	-4.07186520152769
ACVR2B	-4.07235012593559
SIPA1L3	-4.07452251607837
TMEM143	-4.0797880489514
SH2B1	-4.08068230128193
GTF2IRD2B	-4.08599642374254
VPS13A	-4.08678551682861
MCPH1	-4.08701451514085
ACSL6	-4.08815259553912
HELZ	-4.08948891564612
IMPACT	-4.09452895883246
MPZ	-4.09821365641586
CREB1	-4.09903176576972
RP11-195C7.1	-4.09928770602156
RPL15	-4.10054914003467
IRF3	-4.10382450007139
RP11-373N22.3	-4.10450895301551
XXbac-BPGBPG55C20.2	-4.10519496862431
MYOT	-4.11013891774684
CACNA1C-AS1	-4.1110666876835
TGFBR2	-4.11149741049916
TPR	-4.1134589356329
NBPF20	-4.11353688975038
ARHGAP24	-4.11374979412799
RP3-467N11.1	-4.11497480746291
GNG7	-4.11510850129248
RBM5	-4.11546774495452
CTD-2370N5.3	-4.11595109628665
RP11-635N19.1	-4.1166334948022
DNAH6	-4.11719388806581
LZTFL1	-4.11904001050543
PAPD4	-4.12133461492574
MTHFD2L	-4.12359221042747
KLHL4	-4.12481190476278
SLC33A1	-4.12499198071067
CTD-2184C24.2	-4.12531732761839
GNAQ	-4.12983586013457
FANK1	-4.13316790949673
PACSIN2	-4.1356791037561
TMCO6	-4.13822513559354
LINC00909	-4.13902979442889
FLCN	-4.13996287177561
ATP8B2	-4.14165326820501
ZNF714	-4.14195748291433
C20orf112	-4.14349666268546
RP11-108P20.1	-4.14747466068065
ZBTB11	-4.14829629489364
LAMC3	-4.15198170364448
PIP4K2A	-4.15346661495801
MLLT10	-4.15527879396376
CD3G	-4.15813442476198
RP11-379H18.1	-4.16533999978115
GLCE	-4.16727173383327
RP11-110I1.13	-4.16975495100355
C4orf32	-4.17295086668102
AC005780.1	-4.17752221216336
RALGAPA2	-4.17891221671533
RP5-1092A3.4	-4.18117748517495
RP4-758J18.2	-4.18328231840391
PTPRO	-4.18504670891926
MAP4K5	-4.18641328052609
IP6K2	-4.18845543749573
CYB561A3	-4.18846087093907
PHC3	-4.1898214720751
CTD-2228K2.5	-4.18992041554935
RP13-516M14.4	-4.19475297514156
ELP2	-4.19515182003536
TRRAP	-4.19862511422267
ORC4	-4.19889717617454
DIP2B	-4.19952820890179
OOEP	-4.20451629741082
RP11-159D12.2	-4.20467129130271
NUS1	-4.21141375790025
CD6	-4.21309070044738
PEPD	-4.21829971732672
AC115618.1	-4.21995543397819
LL22NC03-2H8.5	-4.22228193845518
C7orf31	-4.22335436067944
NT5DC1	-4.22353051802447
CCDC59	-4.22532915549685
MAN1C1	-4.22794350869536
TBX20	-4.23143523121298
MANBA	-4.23203138354198
CRBN	-4.23403646289743
PPARGC1B	-4.23598718849704
WDR74	-4.23680770818635
CTD-2186M15.3	-4.23745946956482
AL139099.1	-4.24473283385032
RP11-307C12.13	-4.24506574642524
TKTL1	-4.24566208260349
CYP4V2	-4.24725521106287
CAPN11	-4.24732334538345
TRABD2A	-4.24757671850468
STYX	-4.24813242432415
RPS6KA1	-4.24845380170822
ST6GAL1	-4.24998462669031
NLRP1	-4.2526077805454
ARIH2OS	-4.25457588025334
HKR1	-4.25489534210111
RP11-758P17.3	-4.25704888457865
JADE1	-4.25802161335158
POLR1D	-4.25902685589402
LINC00565	-4.26136667014975
NDUFAF4	-4.26433872920055
GLTSCR2	-4.26511324024209
GPR15	-4.27068921051816
GOLPH3	-4.276278907991
TRIM11	-4.27691777206104
AC011997.1	-4.28029882738968
KIAA0319L	-4.28082896315832
AL590452.1	-4.28118282598903
GTF2H2	-4.28202907734737
PDPR	-4.28333082469193
FAM134C	-4.284488885507
RP11-326C3.11	-4.28459316200966
TRAF3IP2	-4.28470028141678
MAP7	-4.28583528707544
SH3GL1	-4.28622732752756
ARL15	-4.28884899598473
TP53TG1	-4.29051439196243
RP11-220I1.1	-4.29074774183985
RP11-25L3.3	-4.2942224009176
RP11-1398P2.1	-4.29878951174629
FAM208B	-4.29952966998897
RP11-166P13.3	-4.29998240957136
CTA-211A9.5	-4.3007272592225
KDM8	-4.30335321080782
GCC2	-4.30354817000982
RP11-708J19.1	-4.30418062448978
SLC11A1	-4.30521821775912
RAB11FIP2	-4.3071098476668
NGLY1	-4.30842454945896
CDK5R1	-4.3089165924711
CLK3	-4.3100457660435
EIF3D	-4.31397463271908
RC3H1	-4.31506534775725
HLA-DOA	-4.31545251262915
CCNT1	-4.31565438485906
ZC3HAV1	-4.3188277968282
RP11-696N14.1	-4.32009727761489
NDUFB9	-4.32073143876504
FBF1	-4.3225659612774
FOXO3	-4.32361595728289
NAGPA	-4.32541508700748
ANKMY1	-4.32581657066876
CTC-523E23.4	-4.32642104687818
MCC	-4.32947013109652
SLC25A42	-4.33132830702294
CCDC88C	-4.33393469523072
RP5-821D11.7	-4.33426780935244
RP11-502I4.3	-4.3400447719953
RP11-752G15.6	-4.34256631444677
ZCCHC11	-4.34296583476087
CNOT8	-4.348860241201
ZRANB2	-4.35174835083543
SLC8B1	-4.35175861589389
RP11-499F3.2	-4.35224096960861
SLC35C2	-4.35256850818543
LINC00886	-4.35550161654261
SLMAP	-4.35624447498432
HDAC11-AS1	-4.35730501974231
RP4-545C24.1	-4.35767821438197
KB-1507C5.2	-4.35790014903141
RP11-349A22.5	-4.35896487862608
LINC00469	-4.35906005776231
RP11-359K18.3	-4.35987769231581
ERAP2	-4.36044521150905
GGPS1	-4.36611406225177
MARCH3	-4.36768339444745
ISG20L2	-4.3683344876406
FAM175A	-4.36990385167671
FHL2	-4.37346646442046
SLC18B1	-4.37367045196823
ODF2L	-4.37405065334469
PPM1L	-4.37543661025636
RP11-302B13.5	-4.37603401710132
TATDN3	-4.37774991296428
CSDE1	-4.37850115945177
CTD-2325P2.3	-4.37989808750929
HIST1H3A	-4.37992497093894
AC142528.1	-4.38369434972739
RP11-171I2.2	-4.38411285806918
UNC45B	-4.38845399903555
FAM201A	-4.38969081901825
TLR1	-4.3898298600454
MTRR	-4.39002462409984
RP1-8B1.4	-4.39144026749289
PLCG1	-4.3959467691278
BLOC1S4	-4.39953977032888
RBM10	-4.3996486911188
FBXL4	-4.40165901086187
TPT1	-4.40214536668076
SPIN2B	-4.40444026535264
RP3-512E2.2	-4.40533388001504
RP11-246A10.1	-4.4065674873778
RPS6KA2	-4.40734301864708
NSMAF	-4.40792104509761
APLF	-4.4136292099138
GPC2	-4.41537302466002
MTMR4	-4.4171884841716
CECR1	-4.41917861665443
RP11-188P20.3	-4.41957342577157
RAB25	-4.42004260669688
GPR25	-4.42432875392802
RPS27A	-4.42584040728356
TTC17	-4.4295152068137
PIK3IP1	-4.42975291436061
ZNF665	-4.43173820966292
GMDS-AS1	-4.43264608035825
KIAA0895	-4.43545510830778
CHRM3	-4.44056307783631
PLEKHA1	-4.44395977351262
STX16	-4.44777631098308
COG3	-4.44869417401086
PDCD4-AS1	-4.45178857079852
ALDH5A1	-4.45277605219654
MYBL1	-4.45280939010831
LIPT1	-4.45711446626732
SNORD3D	-4.45723176901944
APOA1	-4.46205838315068
DGKA	-4.46261289173606
FAM159A	-4.46744646638143
RPS14	-4.46911458871296
SECISBP2	-4.46927718710365
REL	-4.47262458796425
FLVCR1-AS1	-4.47282167153061
WDPCP	-4.47395355503205
AC098973.2	-4.47494898868167
UNKL	-4.47669560186306
RHOU	-4.47886398997725
RP4-535B20.1	-4.47943027620602
ABTB1	-4.48145179205375
RP1-100J12.1	-4.48365026682015
MAP3K7	-4.4857882228227
REXO4	-4.48592269494852
RP11-545I5.3	-4.488461997619
ECSIT	-4.48958888947937
HAVCR1	-4.49131860586779
KAT6A	-4.49874725251416
ZNF532	-4.50164788961159
TNFAIP8	-4.50472001151845
SPATA41	-4.50480919461717
GOLPH3L	-4.50729637430839
NFATC1	-4.50979669014329
RP11-390F4.10	-4.5135614922042
RP11-572O17.1	-4.51643424680478
DCHS1	-4.51800251359201
SCAF8	-4.52178717982895
RP11-140K17.3	-4.52570077830177
RDH14	-4.5274104646705
RP11-229P13.20	-4.52916839309729
RP11-1399P15.1	-4.53290406463538
RP11-326C3.12	-4.53299863120396
RP11-435B5.4	-4.53320341961388
DNAJB4	-4.5360489824083
PLA2G6	-4.54023602168962
RP11-490O6.2	-4.54265625156472
RPTOR	-4.54989331911482
Y_RNA	-4.55551591022593
SEPT10	-4.56045749122641
DCBLD1	-4.56499785718101
RP11-689B22.2	-4.56561824057596
RPP25L	-4.56744669647157
ZNF429	-4.56955853316696
ACSS1	-4.57099290660712
ASTN2	-4.5744578683155
PPP1CC	-4.57530844619713
TRAPPC2	-4.57760686784373
RP11-61O1.1	-4.57904132124461
RP11-18H7.1	-4.58121399135587
STK17A	-4.58439119461449
IFNAR1	-4.58534412869097
RP11-83A24.2	-4.58974336387312
RP11-2B6.2	-4.59242657192556
RP11-351D16.3	-4.59261541982765
MED15	-4.59327730497155
C7orf26	-4.59409821891248
PTAR1	-4.59430996120198
NSUN5	-4.59481386506056
FAM153B	-4.59634779350001
EIF4EBP3	-4.60188307358349
BIRC2	-4.60236893046772
ATXN7L2	-4.60357987695593
KLHL36	-4.60496465131391
CTC-246B18.10	-4.60579894728435
PAN2	-4.60581784766427
SCML4	-4.60796495341924
ACYP2	-4.61064518645796
KLHL3	-4.6108201745058
GPR82	-4.62414832909355
XPO6	-4.62451575109005
PRKCQ-AS1	-4.63112253032073
KRIT1	-4.63412042671077
QARS	-4.63527932563626
TCTE3	-4.6358222395779
TTC3	-4.63931223652935
WDR81	-4.63947538970445
GPD1L	-4.64008429699775
CTD-2023M8.1	-4.64062278078288
PDK1	-4.64562044736021
RP11-295P9.3	-4.64657918365266
FRG1B	-4.64842922417426
ARL5B-AS1	-4.64903147884799
HIGD2B	-4.65254957096798
PIAS1	-4.65371665030893
EHMT2	-4.65444198160235
NRIP2	-4.66246098201846
PARK2	-4.66775038132722
NACA	-4.66784069487685
LINC00174	-4.67045194164637
RAB30-AS1	-4.67262584307727
KLF7	-4.67425948372671
RP11-266L9.5	-4.68076752094077
ZNF792	-4.68239820384827
RP11-285F7.2	-4.68492648232627
POLL	-4.68685755915348
RELL2	-4.68989125414521
RP11-15B17.1	-4.69219830453912
CTC-329D1.2	-4.69550184319666
AC007383.3	-4.69870612044778
SSBP2	-4.70163829138748
LINC00865	-4.70182191530046
CCDC7	-4.70436273989804
TFDP2	-4.70653809520393
RIMKLB	-4.70673758476052
CTC1	-4.7092342432056
SLC35E2B	-4.70934556832751
TNRC6B	-4.7119788066735
ZNF512	-4.71314809702033
C6orf120	-4.71328055764104
NADK	-4.71339361104219
LINC00900	-4.71518270131767
NMUR1	-4.7163726470237
BRI3	-4.71874163119016
RP11-410L14.2	-4.71981425270385
ATF7IP2	-4.72049612668312
RUNX2	-4.72441721563857
RP11-46C24.7	-4.72715938612739
CTD-2207O23.3	-4.73211469362662
IL11RA	-4.73280475628879
CDK13	-4.73734985190302
RPSAP58	-4.73994636766514
TMEM71	-4.74216569190241
KANK1	-4.74329655400958
LINC00969	-4.7442881839578
CDH23	-4.74781497347006
CTD-3074O7.5	-4.74960690472614
RNASEH2B-AS1	-4.75056197473556
CTD-3220F14.1	-4.75076508979629
ERV3-1	-4.75320149161768
TMUB1	-4.75365600295084
N4BP2L1	-4.75376005995143
UBE2F	-4.75537921406435
MON2	-4.75589906730114
AC110771.1	-4.75841222445569
ABCA7	-4.7586014327243
TMEM44-AS1	-4.76173027427716
SLC43A1	-4.76576766015238
RGL1	-4.76579446059873
CCDC14	-4.76773625618006
CAMSAP2	-4.76960070339017
C6orf48	-4.77147649112976
ADA	-4.77408596409849
TMEM213	-4.774695298841
RP11-206L10.9	-4.77646524665049
CTD-2165H16.4	-4.77690693610685
ZFAS1	-4.77749740257891
PPWD1	-4.78010711666082
SETD5-AS1	-4.78054156093173
SLAMF6	-4.78656279312076
ANKRD31	-4.78790523879792
CHDH	-4.79399874854562
LEMD3	-4.79486627183681
THRA	-4.79600257851382
RPL7A	-4.79894585594124
DTX1	-4.80011011730262
SOS1	-4.80127750151463
PDDC1	-4.80152662001753
PLAG1	-4.80311652132323
RP11-115C21.2	-4.80663958303268
RP1-125I3.2	-4.80756663742983
KANSL1	-4.80867538038672
RP11-554J4.1	-4.80966766045741
NMRK1	-4.81189485226564
TIFA	-4.81355248100342
LINC00115	-4.81392819894535
LINC00167	-4.81577288584485
MINK1	-4.81645976301525
CTD-2506J14.1	-4.81755355943868
RP11-229C3.2	-4.81942253045922
RPS25	-4.82107816540366
MAGEE1	-4.82130839831805
RPS15	-4.8217050582841
EEF1A1	-4.82199539318367
RP11-65N13.8	-4.82396418802432
AC004951.6	-4.8255213880758
SIRT7	-4.82568674323609
CTD-2145A24.3	-4.82597620376191
EFCAB5	-4.82787435044753
YPEL3	-4.82872816684756
ODF2	-4.83035598154766
AIDA	-4.83042335475985
AC012507.4	-4.83270399156493
NCBP2-AS2	-4.83386326183911
ATXN7L3B	-4.8354893996835
RP11-348F1.3	-4.83604072353909
RPS29	-4.83714096333254
KRBOX4	-4.84027212670471
CTD-3162L10.1	-4.84108586887001
KIAA0430	-4.84327715257193
PRKG2	-4.84404039893795
RPAP2	-4.84816425218964
C21orf49	-4.84965474869788
ARRDC5	-4.85093578350783
RP11-342D11.3	-4.85255666928594
ADAT1	-4.85399224741836
SBK1	-4.85409932525787
WHAMM	-4.85642078831965
BCL11B	-4.8580263230222
CMKLR1	-4.86169320411654
RP11-379K17.12	-4.8662555786087
SOWAHC	-4.86629523123018
FAM45A	-4.86719775691199
IL17RB	-4.86736922277719
CCBL1	-4.86914010930431
LETMD1	-4.87190843770064
TXK	-4.87223371491205
ZNF519	-4.87653223713281
RP11-403I13.8	-4.87688082099641
MLLT11	-4.87754089740291
CDK11A	-4.88031480117966
RP11-430C7.5	-4.88564250600076
RNF111	-4.8877923103281
RP11-326K13.4	-4.89557639181121
RP11-225N10.1	-4.89683059818785
ARSG	-4.90364021694981
PIK3R1	-4.90674558260339
FAM53C	-4.9118793093567
TMEM243	-4.9133006655882
EDRF1	-4.91388324820224
HHAT	-4.91455503291287
RP11-214N9.1	-4.91643436044034
SPATA5L1	-4.9178708273927
TOM1L2	-4.92461967633228
RP11-63P12.6	-4.92533233903831
ANKH	-4.92984636106513
RP11-712B9.2	-4.93007001301666
ABCD2	-4.93236194723779
MBD5	-4.93878903129919
KLHL22	-4.94057374695634
HPCAL1	-4.94453722838989
TENM1	-4.94599155758728
KLHL24	-4.94667971459166
RP11-174O3.3	-4.96257837490458
NF1	-4.96495129413926
ANXA2R	-4.96517213221219
RP11-817O13.8	-4.96719997641071
ARHGEF1	-4.96726947827047
RP6-206I17.1	-4.96973022248536
RPL34	-4.96978429450872
MIR146A	-4.97013684014131
ITGB7	-4.97113420044126
PNN	-4.97116454052173
CUX1	-4.97505935556866
PELI2	-4.97866196041935
CARD17	-4.98151270760666
ZRANB3	-4.98184446522096
RP1-39G22.7	-4.98269533807381
CCR7	-4.98514318747128
FNIP2	-4.98700605938321
CTB-180A7.3	-4.99082038955663
TOLLIP-AS1	-4.9911085120031
SAP30L	-4.99283595366969
MRPS27	-4.99582064116214
GJB6	-4.99661266193462
CCDC22	-5.00025647622508
RBM34	-5.00431529244876
PNMA5	-5.00793485261565
EEF1G	-5.00987858395537
AL591479.1	-5.01014795604421
RPL35A	-5.01271544286708
ZFAND1	-5.0173298114272
MIR1539	-5.01899487678453
GATA3-AS1	-5.02087039303443
OMA1	-5.02448917350969
RP11-121M22.1	-5.03172743320612
SNURF-1	-5.03195426309147
EPB42	-5.03474366152763
SYNE1	-5.03673317821059
ARID1B	-5.04366578197212
CASP4	-5.04924407351542
ST7L	-5.05026951222411
ASB16-AS1	-5.0545687286503
ATP8A2	-5.0656700973257
TUG1	-5.06913591605034
CAMK2D	-5.06936179269764
TPCN1	-5.07404464838786
TCP11L2	-5.07483081452838
MOB2	-5.07534307058021
SLC16A7	-5.076221121499
CEP57	-5.07763217245166
SLC9A3R1	-5.07918196795567
RBL2	-5.07998557140859
HSD17B11	-5.08103139577791
SLC25A27	-5.08572859501663
PNISR	-5.08731187054856
HDAC5	-5.09300545081428
HEMGN	-5.09869662642693
AMBRA1	-5.10073059458554
RP11-284N8.3	-5.10174658201041
CCDC109B	-5.10780896889552
RPL19	-5.10887574635439
EPHX2	-5.10942383446298
FAM174B	-5.10971529935389
CHI3L2	-5.11120383418238
STX18-AS1	-5.11125007564636
TRA2A	-5.11142805364082
AL109767.1	-5.11188074045147
NCKAP5L	-5.1146456410925
SNX19	-5.11528211999011
HSBP1L1	-5.11635586382691
GPR89B	-5.12315917209985
RP11-385F7.1	-5.12930366762432
PLK2	-5.13080973602243
RPL18A	-5.13236045906049
C11orf74	-5.13365278013532
RP11-509J21.1	-5.13389473002395
ORAOV1	-5.1354608856097
CCDC66	-5.13910405686779
EDAR	-5.14016621679326
RP11-223C24.1	-5.14075903073416
KALRN	-5.14233668427624
RPL26	-5.1435084942206
RPS24	-5.14386509572313
EPM2AIP1	-5.14898899258478
RP11-112J3.16	-5.15004306343711
NABP1	-5.15052996481408
RP3-455J7.4	-5.15061327045066
LINC00663	-5.15149516473535
NUP88	-5.15206820040483
RPL6	-5.15336834775682
RP1-28O10.1	-5.15349639318886
RPL12	-5.15516567394891
MEGF6	-5.15565890320089
UBA52	-5.15609047196014
RNF125	-5.15689541430637
FOXN2	-5.15789772815618
LEKR1	-5.15873999382798
VAMP2	-5.16207060680204
SPDYE1	-5.16216966922593
TTN-AS1	-5.16401721091835
RP11-326I11.3	-5.16804710083774
ST6GALNAC1	-5.17020250116319
LOH12CR2	-5.17119767930296
RP11-412B14.1	-5.17528560680756
SIMC1	-5.17632505957739
RPL11	-5.17708863791265
EPC1	-5.17727959838848
KLF3	-5.17912555393786
RP11-345P4.9	-5.18360370179712
C1orf228	-5.18490050669761
SLCO1A2	-5.1869561489789
NUPL2	-5.18698765199846
SERF1B	-5.18992650148609
BACH2	-5.19431836511697
BCL2A1	-5.19531444740179
HELQ	-5.20057941158266
ZNF30	-5.20073986649264
TPT1-AS1	-5.20123116676642
CYP2U1	-5.20371857818598
FBXO18	-5.20454027342712
MYH10	-5.2111587569163
BCL2L11	-5.21465116436958
MCCC1	-5.2165959013438
CNTRL	-5.21710132116721
DNHD1	-5.21728786330392
SNHG9	-5.21876666091734
RP11-169E6.1	-5.22113424614378
RNASET2	-5.22425128186122
RP11-869B15.1	-5.22508359556782
RP11-299J3.8	-5.22614199018978
HIST2H3PS2	-5.2267537271548
AC113189.5	-5.23015760718417
RP11-284M14.1	-5.23123264369932
NDRG3	-5.2330438651379
SP4	-5.23651510894502
DCBLD2	-5.23807664085087
CYB561D1	-5.23838576128534
ABHD14B	-5.23956896085405
CTD-2514K5.2	-5.23966883370146
PCNX	-5.24284513902703
C5orf56	-5.24763656421404
CLOCK	-5.25070405579571
DGKZ	-5.25332980735582
RP11-219B17.1	-5.26109769506148
EPHA1	-5.26165713811698
TSPAN32	-5.26267141903319
RP11-758M4.4	-5.26700802112813
RPL8	-5.27020420630848
RBMS3	-5.27091679131797
AC008964.1	-5.27281163411975
RNF157-AS1	-5.27918115945542
BRPF3	-5.28000781707295
DDX17	-5.28156537286606
RP11-231D20.2	-5.28424616203551
CLINT1	-5.29038127780837
SNORA76	-5.29334762125528
TMEM168	-5.29883328811707
AC002467.7	-5.29969191042089
INPP4A	-5.29986364995876
KDM4C	-5.30515715573471
PRB3	-5.30521812810968
RP11-381K20.2	-5.3064998613087
GAS6	-5.30765563385571
AC009784.3	-5.31029506364217
PCF11	-5.31151530503706
BCL9	-5.31342587465748
CSNK1E	-5.31390644592131
RPS20	-5.31674084952162
OGT	-5.31962768719948
RCAN3	-5.32102210168836
VWA8	-5.32105327714501
EIF4EBP2	-5.32262502078284
RP11-206L10.2	-5.32500037490427
PI16	-5.32571609403747
PATZ1	-5.32669625239595
AP4E1	-5.32756128580043
ITPKB	-5.33918205546949
LINC00528	-5.33948963725567
PCBP1-AS1	-5.34030202036161
CTC-236F12.4	-5.34123609705093
HERC2	-5.34303693447606
RPL18	-5.34378826475259
RPSA	-5.35022595630533
KIAA0907	-5.35181547699515
ZNF286A	-5.35717002689537
AKAP10	-5.36183399244653
RCC1	-5.36571373404705
PPP1R2	-5.37540699160711
USHBP1	-5.37615868355463
RPS4X	-5.3790066905419
RP11-111M22.3	-5.37945852638716
RP11-46F15.2	-5.3801362105143
ASB13	-5.38369497454987
PRKACB	-5.38382368158291
RP11-303E16.6	-5.38407054763356
SH3YL1	-5.38773042776551
RP11-336K24.12	-5.39044682258941
IBTK	-5.39790632114821
FAM24B	-5.39914888527754
CENPK	-5.39925667951956
C6orf226	-5.40219883348629
PHKB	-5.40312640466603
SPDYE2	-5.41084502188932
GS1-124K5.3	-5.41125718868443
RPL30	-5.41769750592768
ARHGEF11	-5.42145768675061
EVI2B	-5.42159273513651
BTG1	-5.42243841952896
C1orf172	-5.42432007751127
RP11-57H12.3	-5.42457330095124
THOC3	-5.42640541974034
EIF2D	-5.42728606015475
RPL38	-5.43907512302226
RP11-10K16.1	-5.43982499095119
RPS7	-5.44623069499604
TESPA1	-5.45085700217795
RICTOR	-5.4525079979672
BTF3	-5.45476409163588
CD48	-5.45679121940208
RPL32	-5.45989277388831
MAP4K2	-5.46069369212728
USP15	-5.4630366207253
CBFA2T2	-5.46837766989108
FAM21C	-5.4690933476803
ACSM3	-5.4768610924094
LINC00938	-5.4833791922647
hsa-mir-8072	-5.48912459261522
HTR2B	-5.49200007254012
PEX6	-5.49270133599845
CEP95	-5.4952608447959
EID2B	-5.49666921798471
HRH4	-5.49850144466222
ZNF836	-5.49850469718559
CNN2	-5.49894268684987
CXCR5	-5.50793387068479
RP11-243J16.7	-5.50920363050867
SF1	-5.51045253918428
C17orf72	-5.51617243739559
RP11-445F6.2	-5.51902178029605
AMIGO1	-5.51906103961151
RPL36	-5.52452430295005
RP11-169K16.9	-5.52620751238512
RPS27	-5.52941098325706
RP11-1L12.3	-5.53030319267673
RP11-146F11.1	-5.53206522966975
TMEM2	-5.53277168222315
KLHL34	-5.53612213612497
MAGI3	-5.53765992743222
TGFBR3	-5.54765373575581
PRMT10	-5.54940920187099
ELMOD3	-5.55142616367683
RPL10A	-5.55263598546494
MTERFD2	-5.5553614129349
RP11-355B11.2	-5.55594880552839
ZNF652	-5.55741266600901
APOLD1	-5.55887498781355
DNMT3A	-5.56060402771009
MALT1	-5.56217152141846
LAIR1	-5.56228771896809
WBSCR27	-5.56572755407068
CA5B	-5.56615307173961
BCAS3	-5.56716543057829
BEX2	-5.57125328039833
TXNDC16	-5.57345541897648
FER	-5.57518586265943
RP13-1032I1.7	-5.58236748604638
EIF3H	-5.58970719184168
AC078883.3	-5.59443743415756
RPL13	-5.59450204102836
MIR1302-9	-5.59702945179717
PILRB	-5.59853636083647
RP11-554I8.1	-5.59877616535861
RP5-1065J22.8	-5.60193563843386
METAP1D	-5.60284927900333
ST6GALNAC3	-5.61225446032459
RPS28	-5.61738096824151
AP001462.6	-5.61840020715383
BAZ2B	-5.62649286194787
FCHSD2	-5.62738224465155
LINC00649	-5.6285056900683
POT1-AS1	-5.64077015578435
SFI1	-5.64246184400695
RP11-87F15.2	-5.64625769273185
HEATR5B	-5.64804042578214
ZCCHC7	-5.65021726812628
RPL9	-5.65239345112932
IFT172	-5.65265452864533
HMHA1	-5.6527293698234
UBAC2-AS1	-5.65347506621176
NDE1	-5.65959409885796
RPL27A	-5.66098577968841
CEP68	-5.66779377461873
OSBPL1A	-5.67143331567246
TANC2	-5.67144141165655
IGBP1	-5.6750420647089
FUT7	-5.67698752911883
MIR378D2	-5.67711739877387
PIGC	-5.68152464112777
PITPNA-AS1	-5.68170161833997
BTN3A2	-5.68471369682286
SLC35G1	-5.69130269369935
ARHGEF3	-5.69384916961654
AC006129.2	-5.69776923869524
GNB2L1	-5.69904543309121
PAG1	-5.69924402746612
CLEC2B	-5.69930284434541
ZNF92	-5.70542452209314
RPL27	-5.71038840982834
PAWR	-5.71042482342403
MKRN1	-5.71761878588974
RPL23A	-5.71795564009713
LIPN	-5.72140056792295
CARF	-5.72261104938522
XKR6	-5.72329533650143
RREB1	-5.72501188077353
HIST4H4	-5.73228627018292
AC002310.12	-5.73357319985867
AIRE	-5.73626895697661
RP4-594I10.3	-5.74158827515485
ARHGAP32	-5.74504197583289
RPRD1A	-5.74710090663722
ZNF263	-5.75183188390352
SNX29P2	-5.75287984279484
EIF3E	-5.75408413102816
LINC00954	-5.75608163453288
RP13-582O9.5	-5.75889591428701
RPL21	-5.7621513922703
FHIT	-5.76510608619213
RP11-799D4.4	-5.78109650496943
RPL37A	-5.79043562749646
RP11-792A8.4	-5.79174061058468
PTGDR2	-5.8013285836998
PRKCB	-5.81146306287951
RP4-539M6.22	-5.8128616879497
SPINK2	-5.81489418063251
C9orf139	-5.82210913114689
RP4-673M15.1	-5.82844961535829
OXR1	-5.82936343453275
TTC32	-5.82962764943405
PATL2	-5.83389682281006
RP4-816N1.6	-5.83519363177578
C9orf147	-5.83624897663194
TMEM256-PLSCR3	-5.84176381203496
CDC14B	-5.85010514752838
NAIP	-5.8577199138744
CLEC11A	-5.8648159779924
CTA-293F17.1	-5.86667155190259
SNRK	-5.87817229636513
CHD7	-5.88009363616802
MANEA-AS1	-5.88397814321149
ASPH	-5.89616895409468
RPS15A	-5.90049192396548
DKFZP779L1853	-5.91267830920209
DNASE1	-5.93770346428083
TIMD4	-5.94030382701155
PASK	-5.94131746213051
RP5-1068E13.7	-5.94197336727473
RAD51B	-5.94300347686752
LRRC2	-5.94322004308323
TTC14	-5.95405605271822
SLC43A2	-5.95699282600454
FBL	-5.96494510366146
LRRC8D	-5.9696513142406
RP11-602N24.3	-5.97139293350473
ZMAT1	-5.99713677377114
ZNF33B	-5.99720605965004
INTS8	-6.00218728977782
DGCR6L	-6.00591800957744
RP11-418J17.1	-6.00910469116877
RP11-20B24.5	-6.00926574501068
RP3-395M20.12	-6.01466088731931
RP11-386G11.5	-6.01956055337054
TMIGD2	-6.02541040538428
COCH	-6.0272061806954
RP11-440L14.1	-6.02745890512782
TNRC6C	-6.02883365859226
CTD-2561B21.11	-6.03151815045101
LBH	-6.032983888482
EIF4B	-6.04850111611646
RP11-110G21.1	-6.05560231862623
GLTPD1	-6.06055169454226
GCH1	-6.0707166129484
NEURL2	-6.07245911672511
ANKRD13A	-6.07273251267645
PRKCQ	-6.08793369381073
ARHGAP15	-6.0884142588892
RPS12	-6.08841478821448
ITM2C	-6.08996573219271
ZSCAN16-AS1	-6.0936254832727
RP11-72I8.1	-6.09583969639704
RASSF6	-6.09814606756051
TP53	-6.09927180697165
LRRN3	-6.10022721729879
HERPUD2	-6.10414453448377
H2AFY2	-6.10439869832299
ARHGEF18	-6.1046672492902
FBXO3	-6.10499333774526
TRIO	-6.10765426191981
TRIM52	-6.11073412612939
NLRC5	-6.11797093289176
RP11-350N15.5	-6.12166759799974
ARHGAP25	-6.12938585187624
AC024940.1	-6.13956542852988
AGTPBP1	-6.14228366239753
FNBP1L	-6.14600711586754
SMAGP	-6.1487277304343
DMGDH	-6.14905775719375
PPP1R3E	-6.15226749717334
C17orf51	-6.15535261627383
RNPC3	-6.15646102299949
VPS51	-6.15934722278249
BTN3A3	-6.15971514013059
AKAP7	-6.16010428549252
DDX39B	-6.16018490928958
PRKCA	-6.16134023855624
RP1-40E16.12	-6.16680700391672
SNHG10	-6.16876226597041
SLC35E2	-6.17096874452392
MORN3	-6.17607766491714
FAM153A	-6.17689482729828
CNKSR2	-6.17746402224916
FCRL1	-6.18107021453991
FAM8A1	-6.18387582361706
PLD6	-6.18808331797576
RPL39	-6.19094870426634
COL5A3	-6.1943863189361
DNAJC3-AS1	-6.20324475539211
AC013264.2	-6.20679101955885
RPL31	-6.2073021959853
RP11-332H14.2	-6.22419113923258
RP11-1094M14.11	-6.22452327299965
GSTK1	-6.22892035680861
CCDC65	-6.23338129994081
ZER1	-6.2373533331688
NIPAL3	-6.23760076459018
KLHL6	-6.24038463493296
RP5-827C21.4	-6.24807253581616
C1orf56	-6.25273195766007
LHPP	-6.26021548829868
CCDC152	-6.26113227084288
INTS6-AS1	-6.26866637048067
AXIN2	-6.2702476880261
C12orf40	-6.28863172546126
RASA3	-6.29192329280685
CTD-2260A17.2	-6.29282082343595
LRIG1	-6.30542824225078
WIBG	-6.31009478464137
SHMT2	-6.3105080247372
TP53INP1	-6.31238104507255
RPS2	-6.31278110265317
IMMP2L	-6.31314118457398
PACS1	-6.31750477584165
SLC4A7	-6.33268456156322
RPL29	-6.34594670259199
RP11-1017G21.5	-6.34959217639602
ZNF775	-6.35310523182302
RP11-1152H14.1	-6.35388292503606
RCSD1	-6.36077236895135
C16orf54	-6.36131721753607
DPY19L2	-6.36353293237238
RP11-617D20.1	-6.36477118994567
BIN2	-6.36655847209102
RPS3	-6.37214459960444
RNF144A	-6.37585169321135
RPS5	-6.37693018935624
LINC00910	-6.37736542148244
FRMD4A	-6.37825387800187
AUTS2	-6.37911700480438
ARMC2	-6.38461649037527
PAIP2B	-6.38506601614912
RP1-159A19.4	-6.38812624831124
RPS21	-6.38988478542463
RP1-197B17.3	-6.39174435657116
DGKD	-6.39184158962995
NFYC-AS1	-6.39758294924137
PCSK7	-6.40202155671704
SLC14A1	-6.40565598532861
CTSF	-6.40975553278494
TIAM1	-6.42073694606768
ACACA	-6.4224553816359
XXbac-BPG299F13.17	-6.42279344326503
UTRN	-6.42460446429285
USP46	-6.43080070318925
C1orf63	-6.44135061383921
MBTD1	-6.44290839185995
CCM2	-6.44425181034771
AEBP1	-6.44735619250319
RP11-47L3.1	-6.45406403458677
HYKK	-6.45877598060148
RP11-11N9.4	-6.46270168641312
CASP2	-6.46450863844893
ADCK3	-6.46639286143312
CEP164	-6.4699755810325
SNHG8	-6.47042056445978
H1FX	-6.47675128847601
RP4-575N6.4	-6.47699340314764
SLC16A9	-6.47844633237935
IGF1R	-6.48155559716248
MAX	-6.48297702222379
TCHP	-6.48759798894173
C1orf54	-6.48923324178296
RAB30	-6.492722701292
MCTP1	-6.49362602643422
CXXC5	-6.51155092961953
CORO7	-6.51558079466838
RPL5	-6.51606011185781
LINC00861	-6.52270810499105
MYLK-AS1	-6.52838960616263
AC027763.2	-6.53066203047592
KLHL32	-6.5329702626854
SMYD4	-6.55856042840663
RPL13A	-6.56211616012443
RP11-412D9.4	-6.5720669293291
ATXN1	-6.57575320284183
EIF3F	-6.57595190633648
RPS8	-6.58184624866319
RPS23	-6.59786782014189
ADHFE1	-6.60262607715011
AC097713.4	-6.6040417211614
PPARD	-6.60545402368117
RP11-277L2.3	-6.60596269076549
POLR2M	-6.60740626072133
RP11-79O8.1	-6.6161438354743
TBCK	-6.62245426172318
VHL	-6.63591957663937
ZNF800	-6.64684449190956
RP11-861A13.4	-6.65198166649508
GCNT2	-6.65726732511465
MIR4519	-6.66966630837496
MGAT5	-6.67109469677242
ZNRD1-AS1	-6.67326209356434
GCNT4	-6.67674600127025
ZBED5-AS1	-6.68115250152546
AC074289.1	-6.69813352456983
ERP29	-6.71885533542019
NAA16	-6.72942900340497
FGD3	-6.73116881752395
RP11-290C10.1	-6.73411230062374
SLC38A1	-6.734852371681
NR4A2	-6.74024255758459
TET1	-6.74465938803891
AC109826.1	-6.77086511356422
SULT1B1	-6.78407445457939
TRIM52-AS1	-6.7899606579153
RP11-796E2.4	-6.80010616523284
IL6R	-6.81008370956206
TIGD1	-6.81429916262147
NR3C2	-6.81757651360896
UBQLN2	-6.82967033114432
GALT	-6.84668716104926
ZNF169	-6.86781637761649
RPL3	-6.88591771242086
RPS18	-6.88857873315705
HIST1H2AC	-6.91135877186127
CHRNA7	-6.9195700875537
AL645728.1	-6.92378062238056
RP1-244F24.1	-6.92805834686623
DPYD	-6.93664773682177
AC005481.5	-6.94120551530423
RP11-533E19.7	-6.94171515051446
LIMS2	-6.94839613521105
RPS6	-6.95799268409815
DCP2	-6.96025335930796
DNAI2	-6.97467535147453
FCRL3	-6.9820064660418
RPS13	-7.00526810595304
ENOX2	-7.01369533462491
AL592183.1	-7.01393211988065
C10orf54	-7.01527060095714
TMEM161B-AS1	-7.0225839822956
CHMP7	-7.03794826698223
RPL4	-7.04494869219795
RAP1GAP2	-7.04845281960878
FAM117B	-7.04899589126945
RPL37	-7.05026834123692
KIF2A	-7.07718683867369
CCDC102B	-7.10686240518072
AK5	-7.11174412729766
SCAI	-7.11734072928314
GIMAP6	-7.12542275051991
TBC1D1	-7.1319975041333
RP11-127B20.3	-7.13716753873154
CCR10	-7.13798998403013
AC021860.1	-7.13873495327809
KCNA3	-7.13983486611808
CCNG1	-7.14034915174848
METTL7A	-7.14037787765471
GXYLT1	-7.14098923375716
PABPC1	-7.14294303719932
AMMECR1	-7.14754029866735
TSGA10	-7.15691484953126
TMEM260	-7.15980263987559
CTA-29F11.1	-7.16382090045486
RP3-400N23.6	-7.16485614819047
MAL	-7.16865107391606
PRR5	-7.17041533569994
FAM171A1	-7.17803753949442
SLC46A3	-7.18848965091917
RPL22	-7.18882285052356
EEF1B2	-7.19166443518359
VNN2	-7.19521153865854
MFGE8	-7.19754376582309
NOG	-7.20151089991307
COQ7	-7.25211240234884
GABPB2	-7.2765794809402
MDM4	-7.28303692417746
NOA1	-7.28988535233401
POU2AF1	-7.29516989629035
ERN1	-7.3049741495012
RP11-239E10.2	-7.30845092260232
AC107218.3	-7.31930224800272
MS4A1	-7.3499945388433
FLI1	-7.35245620887532
SELL	-7.36277429687342
USP53	-7.37441458173361
SEPT9	-7.37824191466251
NOSIP	-7.4028605467977
TLE4	-7.40696824747978
SNED1	-7.41182982576997
PSMD6-AS2	-7.41913873770482
SORL1	-7.41993881907925
CEP70	-7.46096744074386
CITED2	-7.46335600322149
RP5-1007M22.2	-7.46486703068345
GPR18	-7.4683798087185
C14orf64	-7.47100328853513
HIVEP2	-7.47854133274925
RP5-1073O3.7	-7.48546263189484
DIP2C	-7.50544021488815
AC103563.8	-7.50721974091297
FCGRT	-7.52646209399249
AC093818.1	-7.53370698930077
ZSWIM1	-7.54214361111744
MARCKSL1	-7.54727651298224
PLCL1	-7.59320137530201
EVL	-7.6010232496358
SDR42E2	-7.60490766635073
TARBP1	-7.60636643721727
EEF2	-7.61017690828193
BCL9L	-7.61986545971414
LEF1	-7.66340250214217
OSER1-AS1	-7.66405317294468
RP11-763B22.4	-7.66409721941757
RPLP2	-7.66803544123528
RP11-304L19.5	-7.67865664581763
SLC7A8	-7.68320201151965
DNM3	-7.69540545968844
AL592284.1	-7.70040017841869
SIDT1	-7.71087180254944
RP11-397A16.1	-7.71879504621687
ERBB2IP	-7.73554886475967
ATM	-7.73752644389612
LINC01136	-7.74258994830388
AC009133.17	-7.76837290101564
MAP3K4	-7.7747188215189
DBP	-7.77697401661768
RP11-61O1.2	-7.79184420699913
PSMD5-AS1	-7.80783394338347
TNFSF13B	-7.80922176876714
LRMP	-7.8191077567316
UBL3	-7.83052502313854
EIF3L	-7.83100429371002
LIME1	-7.88570407231897
TJP3	-7.90357998223157
RP11-611E13.2	-7.91401089618149
P2RY8	-7.95009888708366
ZNF674-AS1	-7.95048430226489
MYC	-7.96356668606037
C22orf46	-7.96594094099559
EIF2S3	-7.97201568660496
RPS3A	-7.97230026919756
PCMTD2	-7.980550535399
RP11-666A1.5	-8.02689920420517
RGMB	-8.04402999717085
LY9	-8.05442381623158
CELA1	-8.05806511028058
RP11-51J9.5	-8.05845312736819
POLR2J3	-8.10046744754532
XYLB	-8.12176004284152
BZRAP1-AS1	-8.12190494811883
CEACAM21	-8.12392218149646
ILF3-AS1	-8.171424194204
NUAK2	-8.20156640519935
C11orf21	-8.2095954687119
FAM102A	-8.25449361681811
RP11-430B1.2	-8.26281304715349
CEACAM4	-8.30286476845747
FAIM3	-8.30480988735883
CNST	-8.30779771510572
RPL7	-8.31373066443157
RP11-730K11.1	-8.33589591642393
S1PR1	-8.34544509240503
CCDC69	-8.40801466018378
PPP2R5C	-8.49573463697569
LIMD2	-8.50018531217208
APBA2	-8.53794359394388
MAPKAPK5-AS1	-8.56122481444034
FBLN5	-8.5771371326782
RNF175	-8.60705017087628
CELF2	-8.61969611852193
KIAA0922	-8.64763839858655
CDC25B	-8.6497639202246
KLF2	-8.67908337982997
PTPN4	-8.68818085280646
RP11-589C21.5	-8.69743378974432
TCTN1	-8.69934480921276
LITAF	-8.70140208656891
TRIM73	-8.72218165013722
TECPR1	-8.73338504534894
PTGER2	-8.75710337988433
GPR55	-8.7599726556354
CEP78	-8.78440609184602
RNASEH2B	-8.82124522475993
SNX18	-8.82486737166937
AKIRIN1	-8.83028670150391
AFF3	-8.8530983541598
NOL9	-8.85329450973356
RP11-108M9.6	-8.85459402063112
CTD-3193K9.4	-8.85660043362075
ATXN7	-8.86307764584365
LDLRAP1	-8.86922948008044
RASSF3	-8.88762088720665
C8orf44	-8.89643411109773
PAXIP1-AS1	-8.93206799369713
RP11-427H3.3	-8.93627848114433
CAMK4	-8.99046030883559
CCR9	-9.00371972132368
TMEM116	-9.01461973015745
SESN3	-9.04215404527868
CTB-31O20.2	-9.06140284507244
TCEA3	-9.06309983721688
ZBTB10	-9.08029152501714
PUM1	-9.14327858105546
DPH5	-9.16237345553201
TMEM204	-9.19233320778957
VIPR1	-9.20045336303135
PYHIN1	-9.21572957950527
TMEM38A	-9.2332347420039
TTYH2	-9.27317544400791
ALS2CL	-9.28966635869958
AAK1	-9.3175098070904
VSIG1	-9.33894406709389
PLAC8	-9.34618751850724
EPB41	-9.34652885696914
AP003733.1	-9.34874905815355
GTSCR1	-9.38219188586054
FAM153C	-9.39021143514656
RNF214	-9.44055132636643
SLC12A6	-9.48696125816499
SLC40A1	-9.51310083269842
C16orf74	-9.55201716350595
SNX29	-9.59917173753524
ATXN7L1	-9.86531416472554
MPRIP	-9.87361574036936
GIMAP8	-9.89968054106905
KMT2E-AS1	-9.91227745980318
EDEM3	-10.0006561605336
AIG1	-10.0265629602286
MAP3K1	-10.0600560541177
RP11-277L2.4	-10.0714204451129
FOXP1	-10.1354949165202
CTC-523E23.11	-10.1579059755512
ICAM2	-10.2341491996229
DYRK2	-10.2988684505176
TMEM63A	-10.3141712396503
ADD3	-10.3156887549972
TRIB2	-10.3948475318374
PDP1	-10.4022702069978
TLR5	-10.4336561191135
SERINC5	-10.4809441213638
KLF12	-10.5532540096788
NEDD4L	-10.5781440162396
RAB37	-10.5837041122747
LINC00402	-10.6567146204467
HVCN1	-10.7362394103549
ABLIM1	-10.9079460692163
RP11-265P11.2	-10.916300906964
AC084018.1	-10.9177654132387
UMODL1	-10.931110759744
MAP2K6	-10.9538365299245
TC2N	-11.0371811643914
MDS2	-11.0539143449573
LDHB	-11.2409801734927
SMAD3	-11.2903284041943
AC005944.2	-11.3228351072606
C12orf42	-11.3866041568559
DPEP2	-11.4387970732776
RP11-213G21.1	-11.5310689167226
RP11-421L21.3	-11.6150180617501
TPP2	-11.6828337472457
GIMAP2	-11.694307730569
STK38	-11.722438765484
TRAF3IP3	-11.8108151121755
ACTN1	-11.898332917285
RIN3	-11.9520372861234
IFNGR2	-11.962633134026
CBLL1	-12.1450493412507
LINC00544	-12.2138018805173
SUSD4	-12.3399413175138
GPA33	-12.413711119255
LPAR6	-12.5805430190822
RASGRP2	-12.631138670872
ZNF365	-12.6552813704018
PTPN6	-12.717718222688
RP11-66N11.8	-12.7232304475356
TCF7	-12.7414752900878
CNTNAP1	-12.8113278815667
APP	-13.5671772233718
RCBTB2	-13.7409651326893
TAGAP	-13.778894241326
GIMAP4	-13.8543522738602
GIMAP5	-13.9974308898175
GIMAP7	-14.2143978248952
EPHA4	-14.2503342999484
ARG1	-14.399038293639
AES	-14.4310149449193
MGAT4A	-14.6052666161871
TRAT1	-14.9030610810667
CDHR3	-15.5823267704635
CTD-3184A7.4	-16.1402508603063
SLC16A10	-17.0209486906427
CTB-133G6.1	-17.038644982647
GIMAP1	-17.5359068924731
FAM65B	-20.2079526728317
