population,draw,tf,score,rank
Treg,1,HIF1A,4.64371138,39
Treg,1,NFKB1,4.53485641,44
Treg,1,STAT3,5.09346179,23
Treg,1,CREB1,5.36268571,18
Treg,1,ATF3,1.40318334,322
Treg,1,REL,4.90516046,29
Treg,1,HSF1,2.55220308,167
Treg,1,EPAS1,2.10421184,228
Treg,2,HIF1A,4.61106199,38
Treg,2,NFKB1,3.49864099,101
Treg,2,STAT3,3.31467972,119
Treg,2,CREB1,5.38427026,18
Treg,2,ATF3,0.57776334,404
Treg,2,REL,4.60539141,39
Treg,2,HSF1,4.38783623,46
Treg,2,EPAS1,3.99934926,66
Treg,3,HIF1A,4.92304335,27
Treg,3,NFKB1,5.09571918,22
Treg,3,STAT3,4.54388997,40
Treg,3,CREB1,6.43683982,7
Treg,3,ATF3,2.79785437,162
Treg,3,REL,3.93007798,65
Treg,3,HSF1,2.16854317,237
Treg,3,EPAS1,3.4983835,93
Treg,4,HIF1A,4.49082684,32
Treg,4,NFKB1,4.51669105,31
Treg,4,STAT3,5.26559661,18
Treg,4,CREB1,5.75212275,12
Treg,4,ATF3,0.838751583,386
Treg,4,REL,1.95641365,247
Treg,4,HSF1,3.10303686,125
Treg,4,EPAS1,3.30509428,101
Treg,5,HIF1A,5.82667528,11
Treg,5,NFKB1,6.07368248,9
Treg,5,STAT3,5.80877487,12
Treg,5,CREB1,4.74186013,31
Treg,5,ATF3,2.42956469,191
Treg,5,REL,1.17625982,352
Treg,5,HSF1,3.92467691,75
Treg,5,EPAS1,3.39911219,105
Treg,6,HIF1A,4.24624175,51
Treg,6,NFKB1,5.06163676,17
Treg,6,STAT3,4.1026811,59
Treg,6,CREB1,5.34831254,11
Treg,6,ATF3,2.93316306,153
Treg,6,REL,1.04573885,360
Treg,6,HSF1,5.07090091,16
Treg,6,EPAS1,4.30900097,47
Treg,7,HIF1A,4.44742816,33
Treg,7,NFKB1,4.67819483,24
Treg,7,STAT3,5.17551878,17
Treg,7,CREB1,4.13144339,47
Treg,7,ATF3,-0.13193573,505
Treg,7,REL,0.518249187,444
Treg,7,HSF1,4.03071583,57
Treg,7,EPAS1,0.954239668,383
Treg,8,HIF1A,4.37400797,38
Treg,8,NFKB1,5.53360207,13
Treg,8,STAT3,5.1889539,16
Treg,8,CREB1,3.97857212,61
Treg,8,ATF3,0.117107387,465
Treg,8,REL,3.01909534,144
Treg,8,HSF1,4.38898372,34
Treg,8,EPAS1,5.13959126,18
Treg,9,HIF1A,5.42005441,15
Treg,9,NFKB1,4.6371845,33
Treg,9,STAT3,4.85961195,26
Treg,9,CREB1,4.40167363,41
Treg,9,ATF3,0.257732402,461
Treg,9,REL,0.901062533,394
Treg,9,HSF1,2.70959429,174
Treg,9,EPAS1,0.913741512,392
Treg,10,HIF1A,4.971016,22
Treg,10,NFKB1,4.53141967,36
Treg,10,STAT3,3.85264701,75
Treg,10,CREB1,3.8696324,72
Treg,10,ATF3,2.9581012,139
Treg,10,REL,3.34486385,113
Treg,10,HSF1,5.19959128,18
Treg,10,EPAS1,3.27314768,117
Treg,11,HIF1A,5.60176887,13
Treg,11,NFKB1,3.85374591,68
Treg,11,STAT3,5.37984773,15
Treg,11,CREB1,4.243114,47
Treg,11,ATF3,3.087444,133
Treg,11,REL,2.19561656,218
Treg,11,HSF1,4.26812269,45
Treg,11,EPAS1,1.77309265,272
Treg,12,HIF1A,4.5899078,38
Treg,12,NFKB1,5.31386729,18
Treg,12,STAT3,5.93869155,12
Treg,12,CREB1,4.62070748,36
Treg,12,ATF3,2.30522649,213
Treg,12,REL,4.18730647,55
Treg,12,HSF1,3.6071707,89
Treg,12,EPAS1,2.23651178,220
Treg,13,HIF1A,5.12904862,16
Treg,13,NFKB1,4.77640599,25
Treg,13,STAT3,4.00112572,60
Treg,13,CREB1,4.48101416,39
Treg,13,ATF3,0.510680297,433
Treg,13,REL,4.59959625,32
Treg,13,HSF1,4.13857347,49
Treg,13,EPAS1,4.7322852,27
Treg,14,HIF1A,4.65029822,33
Treg,14,NFKB1,5.2750815,19
Treg,14,STAT3,4.17295482,52
Treg,14,CREB1,4.48440633,37
Treg,14,ATF3,4.00250928,65
Treg,14,REL,4.38110689,44
Treg,14,HSF1,2.60168548,176
Treg,14,EPAS1,4.07746115,58
Treg,15,HIF1A,4.71366486,29
Treg,15,NFKB1,4.08525346,55
Treg,15,STAT3,3.28780594,106
Treg,15,CREB1,3.7717956,74
Treg,15,ATF3,0.408416042,439
Treg,15,REL,3.841214,67
Treg,15,HSF1,4.16737128,52
Treg,15,EPAS1,4.66480323,34
Treg,16,HIF1A,6.37912676,7
Treg,16,NFKB1,3.48222032,91
Treg,16,STAT3,2.86020989,141
Treg,16,CREB1,5.78442721,10
Treg,16,ATF3,0.961016888,382
Treg,16,REL,2.4408606,193
Treg,16,HSF1,3.65760547,77
Treg,16,EPAS1,2.30686555,205
Treg,17,HIF1A,6.00870532,10
Treg,17,NFKB1,5.57645254,14
Treg,17,STAT3,4.62309549,40
Treg,17,CREB1,4.88633813,27
Treg,17,ATF3,3.59501352,85
Treg,17,REL,4.70177014,36
Treg,17,HSF1,0.871647546,390
Treg,17,EPAS1,3.76445938,72
Treg,18,HIF1A,6.78196527,7
Treg,18,NFKB1,4.83011086,29
Treg,18,STAT3,3.88511744,62
Treg,18,CREB1,5.21906445,17
Treg,18,ATF3,0.0457458923,474
Treg,18,REL,5.20289985,18
Treg,18,HSF1,3.45872417,90
Treg,18,EPAS1,3.27796447,107
Treg,19,HIF1A,7.53668266,3
Treg,19,NFKB1,6.60824009,5
Treg,19,STAT3,3.67376375,74
Treg,19,CREB1,5.19210761,16
Treg,19,ATF3,0.341895908,456
Treg,19,REL,4.09577522,48
Treg,19,HSF1,3.55638049,85
Treg,19,EPAS1,3.70622765,69
Treg,20,HIF1A,7.21905881,4
Treg,20,NFKB1,5.38073533,13
Treg,20,STAT3,3.61510115,65
Treg,20,CREB1,5.50578286,10
Treg,20,ATF3,2.35211928,195
Treg,20,REL,3.85922609,53
Treg,20,HSF1,0.913802065,383
Treg,20,EPAS1,2.96544384,124
Treg,21,HIF1A,6.99933003,5
Treg,21,NFKB1,7.35097687,4
Treg,21,STAT3,3.27960366,98
Treg,21,CREB1,5.17746522,19
Treg,21,ATF3,3.43755619,88
Treg,21,REL,4.50898633,31
Treg,21,HSF1,2.63792757,161
Treg,21,EPAS1,3.12044358,113
Treg,22,HIF1A,5.76081682,12
Treg,22,NFKB1,6.99359407,7
Treg,22,STAT3,5.01154077,21
Treg,22,CREB1,5.8010017,11
Treg,22,ATF3,1.59820443,282
Treg,22,REL,4.56721826,34
Treg,22,HSF1,1.0647657,367
Treg,22,EPAS1,1.74430721,264
Treg,23,HIF1A,5.1258738,21
Treg,23,NFKB1,7.90023609,3
Treg,23,STAT3,4.63800294,32
Treg,23,CREB1,5.37166532,14
Treg,23,ATF3,1.1696026,357
Treg,23,REL,2.19516968,214
Treg,23,HSF1,1.6617820699999999,285
Treg,23,EPAS1,4.35165954,43
Treg,24,HIF1A,6.05917997,10
Treg,24,NFKB1,5.51921861,19
Treg,24,STAT3,4.48161,47
Treg,24,CREB1,5.96042187,12
Treg,24,ATF3,1.20564098,349
Treg,24,REL,1.51678185,311
Treg,24,HSF1,3.16143622,136
Treg,24,EPAS1,2.3003678,213
Treg,25,HIF1A,6.65501755,7
Treg,25,NFKB1,6.63131611,8
Treg,25,STAT3,4.35916962,48
Treg,25,CREB1,6.15807672,9
Treg,25,ATF3,1.34944664,338
Treg,25,REL,3.62037206,86
Treg,25,HSF1,3.08594188,114
Treg,25,EPAS1,1.73311929,290
Treg,26,HIF1A,7.03111511,6
Treg,26,NFKB1,5.30506668,25
Treg,26,STAT3,3.56901318,94
Treg,26,CREB1,4.03920175,58
Treg,26,ATF3,2.40515762,209
Treg,26,REL,3.09078477,128
Treg,26,HSF1,2.0025036,246
Treg,26,EPAS1,2.51886485,198
Treg,27,HIF1A,5.53470033,16
Treg,27,NFKB1,6.52035112,7
Treg,27,STAT3,5.47386214,17
Treg,27,CREB1,7.11391704,4
Treg,27,ATF3,1.80698381,270
Treg,27,REL,0.454050162,462
Treg,27,HSF1,3.56659261,92
Treg,27,EPAS1,4.05629576,58
Treg,28,HIF1A,5.78449587,9
Treg,28,NFKB1,6.90922319,7
Treg,28,STAT3,5.19942262,17
Treg,28,CREB1,4.93510623,24
Treg,28,ATF3,3.38504588,94
Treg,28,REL,2.36845223,200
Treg,28,HSF1,4.05953765,52
Treg,28,EPAS1,3.95767887,56
Treg,29,HIF1A,5.02883148,23
Treg,29,NFKB1,6.08074318,9
Treg,29,STAT3,3.89501125,59
Treg,29,CREB1,4.20819162,45
Treg,29,ATF3,3.99017628,56
Treg,29,REL,2.29997372,207
Treg,29,HSF1,1.7324588,278
Treg,29,EPAS1,2.09936185,235
Treg,30,HIF1A,6.00417744,12
Treg,30,NFKB1,5.74023971,15
Treg,30,STAT3,5.52747452,18
Treg,30,CREB1,6.42938717,8
Treg,30,ATF3,3.20680525,103
Treg,30,REL,4.71708618,34
Treg,30,HSF1,2.9564482500000002,126
Treg,30,EPAS1,4.15120663,48
Treg,31,HIF1A,5.57856941,17
Treg,31,NFKB1,4.43487564,41
Treg,31,STAT3,5.06169307,25
Treg,31,CREB1,5.48923246,20
Treg,31,ATF3,1.2736772,338
Treg,31,REL,6.00392882,11
Treg,31,HSF1,5.23260355,22
Treg,31,EPAS1,1.71348277,278
Treg,32,HIF1A,3.62151379,67
Treg,32,NFKB1,5.85933025,12
Treg,32,STAT3,5.66451982,16
Treg,32,CREB1,6.18838277,9
Treg,32,ATF3,0.591115163,418
Treg,32,REL,2.86484712,146
Treg,32,HSF1,3.68767606,63
Treg,32,EPAS1,1.53025785,298
Treg,33,HIF1A,4.80017044,37
Treg,33,NFKB1,5.87906558,11
Treg,33,STAT3,6.39460192,9
Treg,33,CREB1,4.96250163,31
Treg,33,ATF3,1.25432429,338
Treg,33,REL,2.85924975,138
Treg,33,HSF1,1.61011852,293
Treg,33,EPAS1,2.83852912,144
Treg,34,HIF1A,6.02364493,13
Treg,34,NFKB1,5.33748429,23
Treg,34,STAT3,5.95688714,14
Treg,34,CREB1,4.74156086,33
Treg,34,ATF3,0.362671105,440
Treg,34,REL,2.60664421,162
Treg,34,HSF1,4.5803424,42
Treg,34,EPAS1,-0.424991772,520
Treg,35,HIF1A,5.67332846,13
Treg,35,NFKB1,5.25298494,18
Treg,35,STAT3,5.53433747,15
Treg,35,CREB1,4.45344104,41
Treg,35,ATF3,1.23454734,350
Treg,35,REL,3.70527394,72
Treg,35,HSF1,3.02167645,128
Treg,35,EPAS1,1.56327397,310
Treg,36,HIF1A,7.05204177,5
Treg,36,NFKB1,4.98077377,29
Treg,36,STAT3,4.16997473,57
Treg,36,CREB1,6.83578808,6
Treg,36,ATF3,1.62833413,290
Treg,36,REL,3.3048589,108
Treg,36,HSF1,1.19000666,337
Treg,36,EPAS1,1.73206232,272
Treg,37,HIF1A,7.45305951,4
Treg,37,NFKB1,4.6766703,34
Treg,37,STAT3,4.80735742,30
Treg,37,CREB1,6.86606815,9
Treg,37,ATF3,0.42229695,456
Treg,37,REL,4.35559909,48
Treg,37,HSF1,3.70419944,84
Treg,37,EPAS1,2.30336051,204
Treg,38,HIF1A,7.06646811,5
Treg,38,NFKB1,5.90343127,14
Treg,38,STAT3,3.63887082,73
Treg,38,CREB1,6.06394339,11
Treg,38,ATF3,2.33876931,190
Treg,38,REL,2.50229373,172
Treg,38,HSF1,1.84486681,248
Treg,38,EPAS1,0.957956117,371
Treg,39,HIF1A,7.1347623,6
Treg,39,NFKB1,5.22388845,18
Treg,39,STAT3,6.07848031,9
Treg,39,CREB1,3.65742401,82
Treg,39,ATF3,2.79905752,140
Treg,39,REL,3.25603285,109
Treg,39,HSF1,2.69857132,149
Treg,39,EPAS1,3.83152574,69
Treg,40,HIF1A,7.15317562,4
Treg,40,NFKB1,3.20341949,116
Treg,40,STAT3,4.23601404,46
Treg,40,CREB1,4.54820907,34
Treg,40,ATF3,1.84737726,261
Treg,40,REL,4.11101336,49
Treg,40,HSF1,3.9344866,59
Treg,40,EPAS1,2.34629958,202
Treg,41,HIF1A,6.32457924,8
Treg,41,NFKB1,3.55051752,80
Treg,41,STAT3,4.93400074,24
Treg,41,CREB1,5.61771569,10
Treg,41,ATF3,4.23883061,42
Treg,41,REL,2.46668911,187
Treg,41,HSF1,2.27830089,212
Treg,41,EPAS1,5.01382485,22
Treg,42,HIF1A,5.09679344,20
Treg,42,NFKB1,4.74081992,32
Treg,42,STAT3,4.71563235,33
Treg,42,CREB1,5.49800028,10
Treg,42,ATF3,3.11565933,128
Treg,42,REL,3.72799035,79
Treg,42,HSF1,1.97211214,257
Treg,42,EPAS1,1.15312192,362
Treg,43,HIF1A,4.97844834,22
Treg,43,NFKB1,4.06599799,55
Treg,43,STAT3,4.42796797,35
Treg,43,CREB1,5.20644909,17
Treg,43,ATF3,4.30489362,41
Treg,43,REL,0.528532543,432
Treg,43,HSF1,2.56803221,180
Treg,43,EPAS1,1.54112428,312
Treg,44,HIF1A,6.37745182,7
Treg,44,NFKB1,4.81813305,37
Treg,44,STAT3,4.46655843,42
Treg,44,CREB1,6.88275221,3
Treg,44,ATF3,0.991205525,386
Treg,44,REL,2.04987215,245
Treg,44,HSF1,3.13347177,118
Treg,44,EPAS1,1.85926771,263
Treg,45,HIF1A,4.82534885,34
Treg,45,NFKB1,5.34402248,16
Treg,45,STAT3,4.64146876,38
Treg,45,CREB1,5.72035131,11
Treg,45,ATF3,-0.111079703,497
Treg,45,REL,1.88153657,261
Treg,45,HSF1,5.01823381,27
Treg,45,EPAS1,2.51289197,186
Treg,46,HIF1A,5.87482941,10
Treg,46,NFKB1,5.72087292,14
Treg,46,STAT3,4.56863975,37
Treg,46,CREB1,7.38124959,2
Treg,46,ATF3,0.333317838,464
Treg,46,REL,5.73100547,13
Treg,46,HSF1,4.49580504,38
Treg,46,EPAS1,3.00979829,119
Treg,47,HIF1A,5.56357415,14
Treg,47,NFKB1,5.41850499,15
Treg,47,STAT3,5.94397686,9
Treg,47,CREB1,5.35518004,18
Treg,47,ATF3,4.34687075,43
Treg,47,REL,3.66992092,80
Treg,47,HSF1,3.38151609,105
Treg,47,EPAS1,2.37529831,199
Treg,48,HIF1A,5.04855316,19
Treg,48,NFKB1,5.53130666,11
Treg,48,STAT3,5.47313309,13
Treg,48,CREB1,6.29406861,4
Treg,48,ATF3,2.68898271,152
Treg,48,REL,4.59270543,37
Treg,48,HSF1,2.72743062,145
Treg,48,EPAS1,3.97378594,62
Treg,49,HIF1A,4.36823354,50
Treg,49,NFKB1,5.1137477,23
Treg,49,STAT3,6.32083405,6
Treg,49,CREB1,5.63572544,12
Treg,49,ATF3,0.0779787754,472
Treg,49,REL,4.68133272,37
Treg,49,HSF1,2.18381897,219
Treg,49,EPAS1,2.91920841,142
Treg,50,HIF1A,4.67528256,32
Treg,50,NFKB1,6.24210815,9
Treg,50,STAT3,5.44342519,17
Treg,50,CREB1,4.1904719,58
Treg,50,ATF3,2.02262803,250
Treg,50,REL,3.78858293,87
Treg,50,HSF1,1.83530156,272
Treg,50,EPAS1,3.32310278,125
Treg,51,HIF1A,5.68198755,12
Treg,51,NFKB1,5.64085539,14
Treg,51,STAT3,4.77438033,34
Treg,51,CREB1,6.0815293,9
Treg,51,ATF3,0.901480713,385
Treg,51,REL,2.42534111,190
Treg,51,HSF1,4.46403477,49
Treg,51,EPAS1,3.05552181,135
Treg,52,HIF1A,5.88991854,9
Treg,52,NFKB1,4.61744102,47
Treg,52,STAT3,4.96517453,30
Treg,52,CREB1,5.58905585,17
Treg,52,ATF3,1.66955462,290
Treg,52,REL,3.01693518,137
Treg,52,HSF1,3.27463721,112
Treg,52,EPAS1,4.86913022,35
Treg,53,HIF1A,4.8145129,25
Treg,53,NFKB1,5.27481714,16
Treg,53,STAT3,3.60040243,90
Treg,53,CREB1,4.99935636,21
Treg,53,ATF3,1.54792959,308
Treg,53,REL,5.22334711,18
Treg,53,HSF1,2.6865149,171
Treg,53,EPAS1,3.247223,112
Treg,54,HIF1A,7.4730677,3
Treg,54,NFKB1,5.872825,9
Treg,54,STAT3,3.41679985,92
Treg,54,CREB1,5.76080557,10
Treg,54,ATF3,1.19460171,345
Treg,54,REL,2.51220806,185
Treg,54,HSF1,4.06221383,58
Treg,54,EPAS1,1.6856401,294
Treg,55,HIF1A,6.75496755,4
Treg,55,NFKB1,5.12783479,20
Treg,55,STAT3,3.79236819,62
Treg,55,CREB1,5.50841526,13
Treg,55,ATF3,2.48327937,191
Treg,55,REL,2.85869777,155
Treg,55,HSF1,-0.0215852184,484
Treg,55,EPAS1,1.64212806,302
Treg,56,HIF1A,6.38919889,4
Treg,56,NFKB1,4.59207857,36
Treg,56,STAT3,3.41226946,100
Treg,56,CREB1,5.56225088,15
Treg,56,ATF3,2.00493459,242
Treg,56,REL,3.49490781,93
Treg,56,HSF1,3.9016841,71
Treg,56,EPAS1,1.57047713,288
Treg,57,HIF1A,5.88489905,10
Treg,57,NFKB1,5.42295149,17
Treg,57,STAT3,3.227409,117
Treg,57,CREB1,5.74384865,14
Treg,57,ATF3,-0.100896084,490
Treg,57,REL,2.72663446,162
Treg,57,HSF1,4.15717113,52
Treg,57,EPAS1,2.21624288,221
Treg,58,HIF1A,6.24038726,9
Treg,58,NFKB1,5.12520578,23
Treg,58,STAT3,2.2830530000000002,204
Treg,58,CREB1,5.66354125,16
Treg,58,ATF3,3.05095702,127
Treg,58,REL,2.27211003,206
Treg,58,HSF1,4.34315373,44
Treg,58,EPAS1,2.14072165,221
Treg,59,HIF1A,6.14923796,11
Treg,59,NFKB1,5.85286323,14
Treg,59,STAT3,4.76883307,35
Treg,59,CREB1,6.80295725,5
Treg,59,ATF3,1.1524766,349
Treg,59,REL,2.77293672,160
Treg,59,HSF1,3.34839185,98
Treg,59,EPAS1,4.75257174,37
Treg,60,HIF1A,4.65881334,41
Treg,60,NFKB1,3.75092615,81
Treg,60,STAT3,5.77476616,18
Treg,60,CREB1,4.29249549,55
Treg,60,ATF3,0.982870317,385
Treg,60,REL,2.84791671,147
Treg,60,HSF1,1.69617955,276
Treg,60,EPAS1,4.22294708,58
Treg,61,HIF1A,5.36789298,20
Treg,61,NFKB1,2.95351596,140
Treg,61,STAT3,6.39921613,7
Treg,61,CREB1,5.67995328,15
Treg,61,ATF3,-0.101832428,491
Treg,61,REL,4.21486705,51
Treg,61,HSF1,3.36291949,97
Treg,61,EPAS1,3.57495504,86
Treg,62,HIF1A,5.42174339,17
Treg,62,NFKB1,4.69791191,40
Treg,62,STAT3,6.21840922,9
Treg,62,CREB1,4.06102842,57
Treg,62,ATF3,1.86457471,247
Treg,62,REL,3.69006252,82
Treg,62,HSF1,3.96957983,64
Treg,62,EPAS1,3.97932033,62
Treg,63,HIF1A,5.61088368,21
Treg,63,NFKB1,4.04214278,60
Treg,63,STAT3,6.45343176,9
Treg,63,CREB1,5.2268892,28
Treg,63,ATF3,3.16531924,117
Treg,63,REL,2.75767232,151
Treg,63,HSF1,4.05193479,58
Treg,63,EPAS1,4.24526191,50
Treg,64,HIF1A,6.25458288,7
Treg,64,NFKB1,5.40635291,19
Treg,64,STAT3,6.53152704,5
Treg,64,CREB1,3.87838974,66
Treg,64,ATF3,-0.472655039,525
Treg,64,REL,2.81359458,149
Treg,64,HSF1,5.13654862,24
Treg,64,EPAS1,1.72053967,272
Treg,65,HIF1A,7.42542218,3
Treg,65,NFKB1,6.06852576,12
Treg,65,STAT3,6.80261775,5
Treg,65,CREB1,4.00220208,56
Treg,65,ATF3,2.73303845,154
Treg,65,REL,3.19065453,111
Treg,65,HSF1,3.24187115,106
Treg,65,EPAS1,3.04079618,124
Treg,66,HIF1A,6.88920155,4
Treg,66,NFKB1,6.21120559,10
Treg,66,STAT3,6.80856579,6
Treg,66,CREB1,5.2716489,24
Treg,66,ATF3,1.72416688,265
Treg,66,REL,4.33692179,47
Treg,66,HSF1,2.92006217,136
Treg,66,EPAS1,1.6364009,277
Treg,67,HIF1A,7.50280668,2
Treg,67,NFKB1,5.52924917,21
Treg,67,STAT3,6.21379167,11
Treg,67,CREB1,5.02396945,27
Treg,67,ATF3,2.69923595,161
Treg,67,REL,4.87687459,31
Treg,67,HSF1,1.97844439,243
Treg,67,EPAS1,4.39976681,45
Treg,68,HIF1A,7.22445854,4
Treg,68,NFKB1,4.63802127,40
Treg,68,STAT3,4.44474848,51
Treg,68,CREB1,6.23138283,9
Treg,68,ATF3,2.5861392,184
Treg,68,REL,6.04904624,10
Treg,68,HSF1,1.82300815,273
Treg,68,EPAS1,2.31802692,208
Treg,69,HIF1A,7.70869377,3
Treg,69,NFKB1,4.64432635,36
Treg,69,STAT3,4.61360857,41
Treg,69,CREB1,6.29786748,7
Treg,69,ATF3,1.07454254,363
Treg,69,REL,5.23082628,21
Treg,69,HSF1,2.20958324,218
Treg,69,EPAS1,1.20871969,342
Treg,70,HIF1A,7.36261504,4
Treg,70,NFKB1,4.42806847,44
Treg,70,STAT3,5.15787604,23
Treg,70,CREB1,7.16827931,5
Treg,70,ATF3,3.36627915,102
Treg,70,REL,4.80434707,34
Treg,70,HSF1,3.7001181,83
Treg,70,EPAS1,1.64520271,286
Treg,71,HIF1A,7.39562635,3
Treg,71,NFKB1,3.34103821,110
Treg,71,STAT3,4.51925925,42
Treg,71,CREB1,3.9518054,62
Treg,71,ATF3,2.89695075,159
Treg,71,REL,5.29614464,20
Treg,71,HSF1,2.35761366,208
Treg,71,EPAS1,1.87409919,259
Treg,72,HIF1A,6.84566634,5
Treg,72,NFKB1,2.87893921,147
Treg,72,STAT3,5.23649942,24
Treg,72,CREB1,6.14660616,11
Treg,72,ATF3,1.70088873,284
Treg,72,REL,3.4271246,89
Treg,72,HSF1,3.93711692,62
Treg,72,EPAS1,1.59928796,294
Treg,73,HIF1A,5.15194565,22
Treg,73,NFKB1,5.10214347,23
Treg,73,STAT3,5.2516423,20
Treg,73,CREB1,6.25510421,10
Treg,73,ATF3,0.874240045,383
Treg,73,REL,4.25638218,55
Treg,73,HSF1,1.49910638,304
Treg,73,EPAS1,1.37644733,321
Treg,74,HIF1A,6.74146398,7
Treg,74,NFKB1,4.113315,59
Treg,74,STAT3,5.28048736,26
Treg,74,CREB1,6.30390867,11
Treg,74,ATF3,0.0968751238,477
Treg,74,REL,3.96051905,67
Treg,74,HSF1,6.57329384,8
Treg,74,EPAS1,2.85337178,150
Treg,75,HIF1A,6.21615634,10
Treg,75,NFKB1,5.21337778,20
Treg,75,STAT3,6.83331246,7
Treg,75,CREB1,5.45132726,14
Treg,75,ATF3,2.88720959,149
Treg,75,REL,4.72441334,33
Treg,75,HSF1,4.2293873,51
Treg,75,EPAS1,2.26479422,211
Treg,76,HIF1A,5.99431618,14
Treg,76,NFKB1,6.09885164,12
Treg,76,STAT3,4.23964468,51
Treg,76,CREB1,3.89301937,68
Treg,76,ATF3,4.73784233,28
Treg,76,REL,3.54484087,84
Treg,76,HSF1,2.91544726,132
Treg,76,EPAS1,4.26522058,49
Treg,77,HIF1A,5.04475679,20
Treg,77,NFKB1,5.28602349,14
Treg,77,STAT3,3.79373269,74
Treg,77,CREB1,3.38235771,100
Treg,77,ATF3,0.662754148,411
Treg,77,REL,1.19040351,342
Treg,77,HSF1,2.80905131,147
Treg,77,EPAS1,4.33409674,47
Treg,78,HIF1A,5.52337945,17
Treg,78,NFKB1,4.33278972,53
Treg,78,STAT3,4.87788542,31
Treg,78,CREB1,3.4879508,99
Treg,78,ATF3,2.19470458,217
Treg,78,REL,2.20231115,216
Treg,78,HSF1,1.61623197,283
Treg,78,EPAS1,4.92091129,27
Treg,79,HIF1A,5.12649388,25
Treg,79,NFKB1,4.24984625,56
Treg,79,STAT3,5.94811707,10
Treg,79,CREB1,3.51958538,94
Treg,79,ATF3,0.870113722,375
Treg,79,REL,3.47492494,95
Treg,79,HSF1,2.52315576,186
Treg,79,EPAS1,4.43674364,46
Treg,80,HIF1A,5.03447269,26
Treg,80,NFKB1,5.17010383,22
Treg,80,STAT3,5.52267784,15
Treg,80,CREB1,4.68187361,37
Treg,80,ATF3,2.98832375,137
Treg,80,REL,4.60727508,39
Treg,80,HSF1,3.35596309,96
Treg,80,EPAS1,4.22652658,54
Treg,81,HIF1A,5.11257001,16
Treg,81,NFKB1,4.94961061,20
Treg,81,STAT3,5.34309341,11
Treg,81,CREB1,4.77267603,28
Treg,81,ATF3,-0.481386442,526
Treg,81,REL,4.37290485,48
Treg,81,HSF1,3.87316469,65
Treg,81,EPAS1,4.34564427,50
Treg,82,HIF1A,4.64976762,32
Treg,82,NFKB1,4.05890424,50
Treg,82,STAT3,4.64945199,33
Treg,82,CREB1,5.10998476,19
Treg,82,ATF3,0.537035085,432
Treg,82,REL,2.99275737,133
Treg,82,HSF1,3.3459075,98
Treg,82,EPAS1,4.3979849,39
Treg,83,HIF1A,5.09357021,24
Treg,83,NFKB1,6.85355717,4
Treg,83,STAT3,5.2155198,22
Treg,83,CREB1,5.69068967,18
Treg,83,ATF3,2.7610984,136
Treg,83,REL,3.69758905,73
Treg,83,HSF1,2.89967211,125
Treg,83,EPAS1,2.87170361,127
Treg,84,HIF1A,6.13437649,11
Treg,84,NFKB1,6.46667894,8
Treg,84,STAT3,5.55999614,17
Treg,84,CREB1,5.70829559,16
Treg,84,ATF3,2.2958643,200
Treg,84,REL,4.30558472,48
Treg,84,HSF1,2.65097839,165
Treg,84,EPAS1,4.64128688,34
Treg,85,HIF1A,7.11299056,3
Treg,85,NFKB1,4.704452,37
Treg,85,STAT3,6.90065255,5
Treg,85,CREB1,5.90282688,16
Treg,85,ATF3,0.68424957,401
Treg,85,REL,5.1691112,27
Treg,85,HSF1,3.64066327,86
Treg,85,EPAS1,3.96283426,65
Treg,86,HIF1A,6.3493311,11
Treg,86,NFKB1,5.06518239,25
Treg,86,STAT3,5.20151589,24
Treg,86,CREB1,5.32838833,20
Treg,86,ATF3,-1.16384279,563
Treg,86,REL,5.69062663,16
Treg,86,HSF1,4.00799549,62
Treg,86,EPAS1,1.85384235,267
Treg,87,HIF1A,6.23219431,7
Treg,87,NFKB1,3.58716443,94
Treg,87,STAT3,5.5204733,13
Treg,87,CREB1,5.48028019,15
Treg,87,ATF3,0.649707254,427
Treg,87,REL,3.48383482,101
Treg,87,HSF1,1.5497331,305
Treg,87,EPAS1,0.887783741,398
Treg,88,HIF1A,5.29839638,19
Treg,88,NFKB1,3.41094046,103
Treg,88,STAT3,5.63768488,10
Treg,88,CREB1,5.36550201,14
Treg,88,ATF3,0.214157687,466
Treg,88,REL,4.05173819,59
Treg,88,HSF1,1.95747248,245
Treg,88,EPAS1,3.05295306,131
Treg,89,HIF1A,5.22236207,23
Treg,89,NFKB1,4.52408285,42
Treg,89,STAT3,5.64400587,14
Treg,89,CREB1,4.15229955,50
Treg,89,ATF3,-0.0473986337,501
Treg,89,REL,2.434281,204
Treg,89,HSF1,1.16603623,368
Treg,89,EPAS1,4.14093463,51
Treg,90,HIF1A,5.52172958,13
Treg,90,NFKB1,4.44040222,45
Treg,90,STAT3,5.23414837,20
Treg,90,CREB1,4.37890504,48
Treg,90,ATF3,0.422729744,444
Treg,90,REL,2.77331723,152
Treg,90,HSF1,2.12435305,228
Treg,90,EPAS1,2.96864606,132
Treg,91,HIF1A,4.98739797,29
Treg,91,NFKB1,3.2622898,125
Treg,91,STAT3,5.12078108,23
Treg,91,CREB1,3.50221379,101
Treg,91,ATF3,4.06579542,70
Treg,91,REL,2.29471135,210
Treg,91,HSF1,0.926662134,395
Treg,91,EPAS1,3.02406195,138
Treg,92,HIF1A,4.80914643,27
Treg,92,NFKB1,4.33856646,48
Treg,92,STAT3,3.27687642,113
Treg,92,CREB1,3.69914152,84
Treg,92,ATF3,2.33386476,203
Treg,92,REL,3.97384062,65
Treg,92,HSF1,3.7589099,81
Treg,92,EPAS1,3.14443878,123
Treg,93,HIF1A,5.16162456,17
Treg,93,NFKB1,4.23633086,49
Treg,93,STAT3,7.48558619,3
Treg,93,CREB1,5.42816619,14
Treg,93,ATF3,1.70978213,298
Treg,93,REL,3.21837749,108
Treg,93,HSF1,1.20507748,366
Treg,93,EPAS1,3.44529223,93
Treg,94,HIF1A,6.20715211,9
Treg,94,NFKB1,4.84518373,29
Treg,94,STAT3,4.76214637,30
Treg,94,CREB1,3.90222842,67
Treg,94,ATF3,1.84242456,269
Treg,94,REL,2.18948917,224
Treg,94,HSF1,0.657914592,416
Treg,94,EPAS1,0.512081776,438
Treg,95,HIF1A,4.6309805,42
Treg,95,NFKB1,6.95615345,4
Treg,95,STAT3,3.97981026,71
Treg,95,CREB1,6.74043208,5
Treg,95,ATF3,0.728164641,413
Treg,95,REL,3.8511457,74
Treg,95,HSF1,3.22426932,115
Treg,95,EPAS1,-1.99249752,583
Treg,96,HIF1A,5.47213849,15
Treg,96,NFKB1,3.76359699,78
Treg,96,STAT3,6.02198197,11
Treg,96,CREB1,8.16085563,2
Treg,96,ATF3,4.31785266,48
Treg,96,REL,3.14010075,130
Treg,96,HSF1,2.93475305,147
Treg,96,EPAS1,3.97844583,66
Treg,97,HIF1A,4.84849092,23
Treg,97,NFKB1,5.18699303,18
Treg,97,STAT3,4.73745479,28
Treg,97,CREB1,5.84610674,13
Treg,97,ATF3,1.90882505,263
Treg,97,REL,4.59576547,34
Treg,97,HSF1,3.65250324,90
Treg,97,EPAS1,3.44505312,104
Treg,98,HIF1A,4.61676334,37
Treg,98,NFKB1,5.00794229,21
Treg,98,STAT3,4.65098157,36
Treg,98,CREB1,5.99702481,8
Treg,98,ATF3,1.7505236,275
Treg,98,REL,2.90192929,150
Treg,98,HSF1,2.7430265,165
Treg,98,EPAS1,2.94050928,145
Treg,99,HIF1A,5.59364353,16
Treg,99,NFKB1,4.1376482,52
Treg,99,STAT3,5.04548699,27
Treg,99,CREB1,4.76789831,33
Treg,99,ATF3,-0.47789909,522
Treg,99,REL,2.76112672,157
Treg,99,HSF1,2.81621942,152
Treg,99,EPAS1,2.57162281,177
Treg,100,HIF1A,4.50897224,44
Treg,100,NFKB1,5.77370726,12
Treg,100,STAT3,5.60860049,14
Treg,100,CREB1,4.97458502,33
Treg,100,ATF3,0.0537322973,476
Treg,100,REL,4.51367677,43
Treg,100,HSF1,1.42483352,309
Treg,100,EPAS1,5.00942292,29
Treg,101,HIF1A,6.12316798,12
Treg,101,NFKB1,6.30365255,11
Treg,101,STAT3,6.87240355,3
Treg,101,CREB1,5.12081346,24
Treg,101,ATF3,1.93590862,250
Treg,101,REL,1.96932843,243
Treg,101,HSF1,3.31023167,104
Treg,101,EPAS1,3.73459513,74
Treg,102,HIF1A,5.57430409,10
Treg,102,NFKB1,5.19734349,22
Treg,102,STAT3,4.58332286,38
Treg,102,CREB1,5.3097975,16
Treg,102,ATF3,1.13872102,353
Treg,102,REL,4.84628894,30
Treg,102,HSF1,1.87927706,253
Treg,102,EPAS1,2.93023862,143
Treg,103,HIF1A,7.13703853,4
Treg,103,NFKB1,4.75668388,33
Treg,103,STAT3,5.3742679,20
Treg,103,CREB1,7.19877594,3
Treg,103,ATF3,0.468355631,422
Treg,103,REL,3.02289277,130
Treg,103,HSF1,1.13719984,347
Treg,103,EPAS1,3.80308622,70
Treg,104,HIF1A,6.36971195,7
Treg,104,NFKB1,5.43508933,17
Treg,104,STAT3,5.08594239,25
Treg,104,CREB1,6.69843046,4
Treg,104,ATF3,2.03752936,236
Treg,104,REL,4.35597341,53
Treg,104,HSF1,1.15257072,343
Treg,104,EPAS1,3.53502621,98
Treg,105,HIF1A,4.56861831,38
Treg,105,NFKB1,5.46437694,16
Treg,105,STAT3,6.13799506,10
Treg,105,CREB1,6.77011938,5
Treg,105,ATF3,0.442417783,440
Treg,105,REL,3.27292023,111
Treg,105,HSF1,2.44038819,192
Treg,105,EPAS1,1.67760421,287
Treg,106,HIF1A,6.13924383,13
Treg,106,NFKB1,4.3339919,50
Treg,106,STAT3,6.16624572,11
Treg,106,CREB1,5.97296193,15
Treg,106,ATF3,0.729638754,385
Treg,106,REL,5.25310926,25
Treg,106,HSF1,1.79111047,255
Treg,106,EPAS1,2.85204159,151
Treg,107,HIF1A,5.11989718,23
Treg,107,NFKB1,4.84533604,34
Treg,107,STAT3,4.27669683,47
Treg,107,CREB1,5.79326619,14
Treg,107,ATF3,0.635214046,410
Treg,107,REL,5.52396624,17
Treg,107,HSF1,2.57900219,168
Treg,107,EPAS1,3.43491012,88
Treg,108,HIF1A,6.15034215,9
Treg,108,NFKB1,4.31067884,43
Treg,108,STAT3,3.41642347,105
Treg,108,CREB1,6.73052062,7
Treg,108,ATF3,1.50454451,303
Treg,108,REL,4.73355998,29
Treg,108,HSF1,2.6712869,170
Treg,108,EPAS1,2.1560112,222
Treg,109,HIF1A,4.91891231,30
Treg,109,NFKB1,4.78056122,32
Treg,109,STAT3,4.4817452,49
Treg,109,CREB1,6.05443802,8
Treg,109,ATF3,2.09835692,253
Treg,109,REL,2.17830952,240
Treg,109,HSF1,2.97798629,146
Treg,109,EPAS1,1.0259527,385
Treg,110,HIF1A,5.95789806,13
Treg,110,NFKB1,6.61576294,7
Treg,110,STAT3,5.25057409,24
Treg,110,CREB1,5.20504083,26
Treg,110,ATF3,1.81394569,274
Treg,110,REL,3.09202925,120
Treg,110,HSF1,3.21586079,111
Treg,110,EPAS1,2.87193373,142
Treg,111,HIF1A,6.56486814,5
Treg,111,NFKB1,5.69157497,10
Treg,111,STAT3,5.51440535,14
Treg,111,CREB1,5.53494579,13
Treg,111,ATF3,2.52969169,182
Treg,111,REL,1.94047148,254
Treg,111,HSF1,3.82794607,66
Treg,111,EPAS1,1.54625841,316
Treg,112,HIF1A,5.41441657,19
Treg,112,NFKB1,5.87438697,8
Treg,112,STAT3,4.8006018600000004,28
Treg,112,CREB1,5.8085668,10
Treg,112,ATF3,3.61621114,83
Treg,112,REL,2.44847182,201
Treg,112,HSF1,3.2116431,114
Treg,112,EPAS1,3.10938508,122
Treg,113,HIF1A,4.87460011,32
Treg,113,NFKB1,6.13624626,5
Treg,113,STAT3,4.43242611,45
Treg,113,CREB1,4.37450463,50
Treg,113,ATF3,2.52537792,193
Treg,113,REL,0.677237671,404
Treg,113,HSF1,1.75351043,285
Treg,113,EPAS1,4.30006422,56
Treg,114,HIF1A,5.91148853,12
Treg,114,NFKB1,6.06468453,11
Treg,114,STAT3,6.08842943,10
Treg,114,CREB1,5.52558732,15
Treg,114,ATF3,0.819178808,387
Treg,114,REL,0.833731117,385
Treg,114,HSF1,3.03584464,115
Treg,114,EPAS1,4.20686591,53
Treg,115,HIF1A,4.47384131,35
Treg,115,NFKB1,6.32777327,8
Treg,115,STAT3,7.69468317,2
Treg,115,CREB1,3.7916985,68
Treg,115,ATF3,0.0298944942,491
Treg,115,REL,4.91831912,22
Treg,115,HSF1,1.81590943,263
Treg,115,EPAS1,2.44858794,190
Treg,116,HIF1A,7.80145855,2
Treg,116,NFKB1,4.7918535,28
Treg,116,STAT3,6.81237326,7
Treg,116,CREB1,4.55187104,33
Treg,116,ATF3,0.717416752,402
Treg,116,REL,3.90473625,64
Treg,116,HSF1,0.707268113,404
Treg,116,EPAS1,1.89227012,254
Treg,117,HIF1A,5.99303121,12
Treg,117,NFKB1,4.02077925,55
Treg,117,STAT3,7.05731974,3
Treg,117,CREB1,3.73959789,70
Treg,117,ATF3,1.7435578,276
Treg,117,REL,4.17836176,48
Treg,117,HSF1,2.30951286,211
Treg,117,EPAS1,3.21494285,117
Treg,118,HIF1A,5.22795976,22
Treg,118,NFKB1,5.36633537,21
Treg,118,STAT3,5.12411416,26
Treg,118,CREB1,6.22357556,9
Treg,118,ATF3,2.26108978,203
Treg,118,REL,4.09498853,60
Treg,118,HSF1,3.86357301,70
Treg,118,EPAS1,2.72893422,156
Treg,119,HIF1A,3.67004119,78
Treg,119,NFKB1,4.86798478,24
Treg,119,STAT3,2.6211009,156
Treg,119,CREB1,4.86737845,25
Treg,119,ATF3,-0.772981848,533
Treg,119,REL,2.26693683,198
Treg,119,HSF1,1.96865557,234
Treg,119,EPAS1,3.93208431,58
Treg,120,HIF1A,4.83619192,35
Treg,120,NFKB1,5.1054381,26
Treg,120,STAT3,3.91343916,68
Treg,120,CREB1,5.60439588,17
Treg,120,ATF3,4.26983367,51
Treg,120,REL,5.75040107,14
Treg,120,HSF1,4.89912333,31
Treg,120,EPAS1,2.55423721,164
Treg,121,HIF1A,5.32020312,18
Treg,121,NFKB1,5.34399676,17
Treg,121,STAT3,4.12214781,50
Treg,121,CREB1,6.16678519,6
Treg,121,ATF3,3.10792909,125
Treg,121,REL,2.29849408,213
Treg,121,HSF1,2.19629792,225
Treg,121,EPAS1,1.13239553,372
Treg,122,HIF1A,5.83807962,12
Treg,122,NFKB1,5.27534787,19
Treg,122,STAT3,3.94408208,53
Treg,122,CREB1,4.8462221,25
Treg,122,ATF3,2.4887563,210
Treg,122,REL,3.54620128,91
Treg,122,HSF1,2.57421344,197
Treg,122,EPAS1,2.77028993,172
Treg,123,HIF1A,4.62085997,23
Treg,123,NFKB1,4.17721626,50
Treg,123,STAT3,4.73280595,21
Treg,123,CREB1,7.06931259,5
Treg,123,ATF3,0.92128662,393
Treg,123,REL,2.97565127,143
Treg,123,HSF1,4.44487643,29
Treg,123,EPAS1,4.20864832,48
Treg,124,HIF1A,4.93741334,23
Treg,124,NFKB1,4.62697991,37
Treg,124,STAT3,3.54059444,90
Treg,124,CREB1,4.7604765,30
Treg,124,ATF3,1.28164098,349
Treg,124,REL,3.37904288,100
Treg,124,HSF1,3.7864839,79
Treg,124,EPAS1,3.56154994,89
Treg,125,HIF1A,6.09597148,7
Treg,125,NFKB1,6.31946614,6
Treg,125,STAT3,4.84598448,27
Treg,125,CREB1,4.86219475,26
Treg,125,ATF3,1.09820334,358
Treg,125,REL,2.6292049,160
Treg,125,HSF1,3.88302583,67
Treg,125,EPAS1,2.07580307,231
Treg,126,HIF1A,4.9204775,23
Treg,126,NFKB1,4.72142612,30
Treg,126,STAT3,5.2163219,18
Treg,126,CREB1,5.99092312,9
Treg,126,ATF3,2.66419494,158
Treg,126,REL,3.2931602,102
Treg,126,HSF1,4.41187021,39
Treg,126,EPAS1,1.42282631,322
Treg,127,HIF1A,5.73476283,9
Treg,127,NFKB1,5.53360873,15
Treg,127,STAT3,4.09861559,63
Treg,127,CREB1,5.12372228,22
Treg,127,ATF3,0.829267144,399
Treg,127,REL,3.06385508,125
Treg,127,HSF1,2.12992712,233
Treg,127,EPAS1,0.250521481,458
Treg,128,HIF1A,4.84590872,29
Treg,128,NFKB1,4.7734359,34
Treg,128,STAT3,4.80345824,33
Treg,128,CREB1,5.34358547,18
Treg,128,ATF3,1.09035815,375
Treg,128,REL,4.09745156,65
Treg,128,HSF1,1.43645939,333
Treg,128,EPAS1,1.87159656,282
Treg,129,HIF1A,6.42541306,9
Treg,129,NFKB1,5.41264744,21
Treg,129,STAT3,3.72071572,79
Treg,129,CREB1,3.78501194,77
Treg,129,ATF3,0.527215299,437
Treg,129,REL,5.10423962,26
Treg,129,HSF1,5.31408342,24
Treg,129,EPAS1,2.32056672,226
Treg,130,HIF1A,6.10663871,11
Treg,130,NFKB1,5.59219138,15
Treg,130,STAT3,4.61510929,33
Treg,130,CREB1,7.15555608,6
Treg,130,ATF3,1.15046439,358
Treg,130,REL,6.14215596,10
Treg,130,HSF1,1.92307621,265
Treg,130,EPAS1,2.74192632,161
Treg,131,HIF1A,3.91703904,63
Treg,131,NFKB1,5.52367902,17
Treg,131,STAT3,3.360988,105
Treg,131,CREB1,5.47044052,18
Treg,131,ATF3,3.1112474,124
Treg,131,REL,4.92893573,25
Treg,131,HSF1,0.987996716,379
Treg,131,EPAS1,1.80351523,287
Treg,132,HIF1A,4.05182943,64
Treg,132,NFKB1,5.90245873,9
Treg,132,STAT3,3.76590265,82
Treg,132,CREB1,3.90815027,76
Treg,132,ATF3,1.4765072,318
Treg,132,REL,4.92619413,30
Treg,132,HSF1,1.42974402,324
Treg,132,EPAS1,2.46178278,190
Treg,133,HIF1A,4.12390193,54
Treg,133,NFKB1,5.84745124,10
Treg,133,STAT3,2.66921639,164
Treg,133,CREB1,5.72618134,12
Treg,133,ATF3,2.58006146,178
Treg,133,REL,2.66785429,165
Treg,133,HSF1,3.10622031,120
Treg,133,EPAS1,4.41152516,43
Treg,134,HIF1A,5.09382936,23
Treg,134,NFKB1,6.8339891,4
Treg,134,STAT3,6.65628534,7
Treg,134,CREB1,6.80226281,5
Treg,134,ATF3,1.62491338,283
Treg,134,REL,1.9645683,241
Treg,134,HSF1,4.35153437,46
Treg,134,EPAS1,1.89065294,250
Treg,135,HIF1A,5.71328986,11
Treg,135,NFKB1,6.70434196,4
Treg,135,STAT3,4.32844809,48
Treg,135,CREB1,5.42981809,18
Treg,135,ATF3,4.01703178,64
Treg,135,REL,2.64350773,170
Treg,135,HSF1,2.6467308,168
Treg,135,EPAS1,0.10789103,479
Treg,136,HIF1A,4.24910826,59
Treg,136,NFKB1,7.01659956,6
Treg,136,STAT3,4.7619091,36
Treg,136,CREB1,5.89343447,11
Treg,136,ATF3,0.0214386769,475
Treg,136,REL,2.78390691,161
Treg,136,HSF1,1.00308877,367
Treg,136,EPAS1,2.69914007,172
Treg,137,HIF1A,3.558313,97
Treg,137,NFKB1,6.11665579,6
Treg,137,STAT3,5.19853248,23
Treg,137,CREB1,4.77711272,36
Treg,137,ATF3,2.17604306,226
Treg,137,REL,4.55938868,44
Treg,137,HSF1,1.67328457,290
Treg,137,EPAS1,2.75854871,166
Treg,138,HIF1A,4.47409565,35
Treg,138,NFKB1,6.32280342,4
Treg,138,STAT3,2.85510639,155
Treg,138,CREB1,4.26632045,44
Treg,138,ATF3,0.375668474,439
Treg,138,REL,5.36366035,12
Treg,138,HSF1,3.16940754,124
Treg,138,EPAS1,1.63699622,297
Treg,139,HIF1A,4.32157727,47
Treg,139,NFKB1,6.33286936,8
Treg,139,STAT3,2.10479021,222
Treg,139,CREB1,4.95489487,28
Treg,139,ATF3,2.12254213,218
Treg,139,REL,4.12038374,55
Treg,139,HSF1,5.93950555,11
Treg,139,EPAS1,2.88679464,137
Treg,140,HIF1A,4.07616909,60
Treg,140,NFKB1,6.9100468,5
Treg,140,STAT3,5.12414836,24
Treg,140,CREB1,4.74714181,30
Treg,140,ATF3,-0.0954158114,501
Treg,140,REL,6.48084318,6
Treg,140,HSF1,3.62870259,92
Treg,140,EPAS1,1.68545361,280
Treg,141,HIF1A,4.68565047,33
Treg,141,NFKB1,5.86843491,11
Treg,141,STAT3,6.32157974,6
Treg,141,CREB1,4.92033066,25
Treg,141,ATF3,-1.68634676,582
Treg,141,REL,5.97520371,8
Treg,141,HSF1,2.5851179,178
Treg,141,EPAS1,2.61451954,173
Treg,142,HIF1A,3.32771949,109
Treg,142,NFKB1,4.81568411,34
Treg,142,STAT3,2.75036754,159
Treg,142,CREB1,5.08509107,21
Treg,142,ATF3,3.96986431,66
Treg,142,REL,5.20474565,18
Treg,142,HSF1,3.30191202,114
Treg,142,EPAS1,2.87938925,149
Treg,143,HIF1A,3.89960451,77
Treg,143,NFKB1,6.11236938,8
Treg,143,STAT3,3.39751514,111
Treg,143,CREB1,4.49333128,40
Treg,143,ATF3,0.274885544,445
Treg,143,REL,5.02932374,20
Treg,143,HSF1,3.86564504,79
Treg,143,EPAS1,4.4550292,42
Treg,144,HIF1A,5.35371063,22
Treg,144,NFKB1,6.5112423,7
Treg,144,STAT3,3.81974892,71
Treg,144,CREB1,4.64196199,32
Treg,144,ATF3,4.78581745,30
Treg,144,REL,1.76441913,289
Treg,144,HSF1,1.23881168,347
Treg,144,EPAS1,3.29539455,113
Treg,145,HIF1A,4.62514037,33
Treg,145,NFKB1,6.84866591,4
Treg,145,STAT3,4.42748698,38
Treg,145,CREB1,4.97279236,21
Treg,145,ATF3,2.56766239,189
Treg,145,REL,2.17506981,239
Treg,145,HSF1,3.54752823,83
Treg,145,EPAS1,3.85477443,62
Treg,146,HIF1A,3.49327989,95
Treg,146,NFKB1,6.35147912,6
Treg,146,STAT3,5.16391827,15
Treg,146,CREB1,4.56563978,25
Treg,146,ATF3,2.01074766,264
Treg,146,REL,2.3119352,232
Treg,146,HSF1,2.72099862,179
Treg,146,EPAS1,1.66738813,298
Treg,147,HIF1A,5.97449153,7
Treg,147,NFKB1,6.30992391,6
Treg,147,STAT3,5.5042229,13
Treg,147,CREB1,5.83536464,9
Treg,147,ATF3,4.61147844,35
Treg,147,REL,3.84480601,79
Treg,147,HSF1,3.79522706,82
Treg,147,EPAS1,3.67137222,90
Treg,148,HIF1A,6.09049343,8
Treg,148,NFKB1,5.80355178,13
Treg,148,STAT3,5.54049264,19
Treg,148,CREB1,6.15154203,7
Treg,148,ATF3,3.3445344,97
Treg,148,REL,2.94979032,140
Treg,148,HSF1,1.63731896,302
Treg,148,EPAS1,1.19846042,354
Treg,149,HIF1A,5.95622323,11
Treg,149,NFKB1,5.66164211,15
Treg,149,STAT3,4.14245844,45
Treg,149,CREB1,5.24596933,18
Treg,149,ATF3,0.613200526,424
Treg,149,REL,2.40934369,201
Treg,149,HSF1,1.90925498,258
Treg,149,EPAS1,0.70630664,412
Treg,150,HIF1A,6.06032528,9
Treg,150,NFKB1,6.71746236,5
Treg,150,STAT3,5.08752784,20
Treg,150,CREB1,4.71682531,38
Treg,150,ATF3,3.72073474,85
Treg,150,REL,-0.161661069,509
Treg,150,HSF1,1.43301041,311
Treg,150,EPAS1,1.4093631,315
Treg,151,HIF1A,6.9478785,6
Treg,151,NFKB1,5.07853404,23
Treg,151,STAT3,4.31692982,39
Treg,151,CREB1,4.8574249,27
Treg,151,ATF3,1.2613794,328
Treg,151,REL,0.428141691,447
Treg,151,HSF1,-0.0773926942,487
Treg,151,EPAS1,4.91026828,25
Treg,152,HIF1A,6.97265794,4
Treg,152,NFKB1,4.49744829,40
Treg,152,STAT3,3.8298007,68
Treg,152,CREB1,4.65029443,36
Treg,152,ATF3,2.6280925,181
Treg,152,REL,1.79109136,273
Treg,152,HSF1,3.07091264,128
Treg,152,EPAS1,1.4592791,314
Treg,153,HIF1A,7.28840867,6
Treg,153,NFKB1,5.07728276,24
Treg,153,STAT3,4.08301838,47
Treg,153,CREB1,4.68325724,32
Treg,153,ATF3,3.14549288,120
Treg,153,REL,1.65561922,295
Treg,153,HSF1,1.50423641,320
Treg,153,EPAS1,1.33828174,336
Treg,154,HIF1A,7.36288756,4
Treg,154,NFKB1,4.78588216,31
Treg,154,STAT3,3.78664959,74
Treg,154,CREB1,5.48101891,18
Treg,154,ATF3,3.74714189,77
Treg,154,REL,3.02996409,141
Treg,154,HSF1,3.81996338,71
Treg,154,EPAS1,2.64286451,184
Treg,155,HIF1A,5.11512791,24
Treg,155,NFKB1,7.13248228,6
Treg,155,STAT3,4.80954756,30
Treg,155,CREB1,4.32959849,50
Treg,155,ATF3,3.53777846,97
Treg,155,REL,1.20972049,340
Treg,155,HSF1,3.84898592,76
Treg,155,EPAS1,2.69512912,165
Treg,156,HIF1A,5.59398464,15
Treg,156,NFKB1,7.50405463,2
Treg,156,STAT3,4.4946289,45
Treg,156,CREB1,3.10149102,128
Treg,156,ATF3,0.571511112,432
Treg,156,REL,1.64656312,291
Treg,156,HSF1,1.1430205,361
Treg,156,EPAS1,2.48393738,189
Treg,157,HIF1A,4.59291988,41
Treg,157,NFKB1,5.90083341,13
Treg,157,STAT3,5.9417022,12
Treg,157,CREB1,6.08830804,9
Treg,157,ATF3,1.18431735,342
Treg,157,REL,4.0298088,59
Treg,157,HSF1,1.82256371,275
Treg,157,EPAS1,4.0346238,57
Treg,158,HIF1A,5.01194423,22
Treg,158,NFKB1,5.53470201,11
Treg,158,STAT3,3.04729459,140
Treg,158,CREB1,4.32234503,46
Treg,158,ATF3,0.707704303,401
Treg,158,REL,3.46787958,101
Treg,158,HSF1,3.11340422,132
Treg,158,EPAS1,1.08289771,352
Treg,159,HIF1A,5.07867899,22
Treg,159,NFKB1,6.65997928,5
Treg,159,STAT3,5.54053951,15
Treg,159,CREB1,2.38546919,193
Treg,159,ATF3,0.582014033,409
Treg,159,REL,4.07018401,52
Treg,159,HSF1,0.44670781,428
Treg,159,EPAS1,2.69668815,169
Treg,160,HIF1A,4.33508681,44
Treg,160,NFKB1,5.5245265,15
Treg,160,STAT3,4.80332418,26
Treg,160,CREB1,3.77141403,83
Treg,160,ATF3,4.50464569,37
Treg,160,REL,3.56957542,97
Treg,160,HSF1,2.96755324,144
Treg,160,EPAS1,1.75376315,282
Treg,161,HIF1A,5.29212853,15
Treg,161,NFKB1,5.8413351,10
Treg,161,STAT3,3.77679118,77
Treg,161,CREB1,2.55716862,187
Treg,161,ATF3,-0.176995994,499
Treg,161,REL,3.76605897,79
Treg,161,HSF1,4.84316519,28
Treg,161,EPAS1,0.859326496,397
Treg,162,HIF1A,4.20250458,59
Treg,162,NFKB1,2.47408015,190
Treg,162,STAT3,5.8322746,11
Treg,162,CREB1,5.10421674,27
Treg,162,ATF3,-0.102995941,482
Treg,162,REL,3.67494001,83
Treg,162,HSF1,2.53680024,181
Treg,162,EPAS1,2.35823208,206
Treg,163,HIF1A,5.35425762,19
Treg,163,NFKB1,5.37948256,18
Treg,163,STAT3,4.62489683,36
Treg,163,CREB1,5.23380152,22
Treg,163,ATF3,-0.068041802,493
Treg,163,REL,4.45954846,40
Treg,163,HSF1,3.78339617,63
Treg,163,EPAS1,2.97315863,126
Treg,164,HIF1A,4.35382638,40
Treg,164,NFKB1,3.94866541,64
Treg,164,STAT3,5.00234226,20
Treg,164,CREB1,6.9490077,4
Treg,164,ATF3,1.75934037,278
Treg,164,REL,2.51076715,186
Treg,164,HSF1,4.71192892,27
Treg,164,EPAS1,3.61401522,85
Treg,165,HIF1A,5.69227912,15
Treg,165,NFKB1,3.96701435,65
Treg,165,STAT3,5.63151463,16
Treg,165,CREB1,5.42559871,19
Treg,165,ATF3,-0.294915414,514
Treg,165,REL,0.754008765,415
Treg,165,HSF1,1.61104386,308
Treg,165,EPAS1,4.96544144,30
Treg,166,HIF1A,5.36980642,13
Treg,166,NFKB1,2.33003355,212
Treg,166,STAT3,5.0080197,20
Treg,166,CREB1,6.90275536,4
Treg,166,ATF3,1.50344036,319
Treg,166,REL,4.607189,33
Treg,166,HSF1,1.02792369,372
Treg,166,EPAS1,4.64942877,30
Treg,167,HIF1A,3.96848887,69
Treg,167,NFKB1,4.45387354,43
Treg,167,STAT3,6.41597147,9
Treg,167,CREB1,5.4115505,18
Treg,167,ATF3,3.22182753,134
Treg,167,REL,4.95643924,27
Treg,167,HSF1,3.85799733,74
Treg,167,EPAS1,3.31786828,122
Treg,168,HIF1A,4.32097851,47
Treg,168,NFKB1,6.37665971,7
Treg,168,STAT3,5.2862972,24
Treg,168,CREB1,6.03104004,10
Treg,168,ATF3,1.33943562,332
Treg,168,REL,4.15564772,55
Treg,168,HSF1,2.38284511,207
Treg,168,EPAS1,4.21020072,52
Treg,169,HIF1A,5.09720637,21
Treg,169,NFKB1,4.52009502,44
Treg,169,STAT3,5.1209715,20
Treg,169,CREB1,4.95190672,23
Treg,169,ATF3,1.74772422,277
Treg,169,REL,4.45286063,46
Treg,169,HSF1,2.1870596,225
Treg,169,EPAS1,3.54238326,97
Treg,170,HIF1A,5.15236848,22
Treg,170,NFKB1,4.0768771600000004,50
Treg,170,STAT3,4.91380995,31
Treg,170,CREB1,6.31536802,8
Treg,170,ATF3,0.478150156,441
Treg,170,REL,3.88996506,60
Treg,170,HSF1,1.75513249,261
Treg,170,EPAS1,1.81228424,254
Treg,171,HIF1A,6.11433777,12
Treg,171,NFKB1,5.48808772,20
Treg,171,STAT3,5.2156368,27
Treg,171,CREB1,5.02159993,33
Treg,171,ATF3,3.78840292,84
Treg,171,REL,4.43161267,49
Treg,171,HSF1,3.11675184,133
Treg,171,EPAS1,3.26568242,118
Treg,172,HIF1A,6.59429452,5
Treg,172,NFKB1,4.98404283,33
Treg,172,STAT3,4.7774062,40
Treg,172,CREB1,4.32155793,50
Treg,172,ATF3,2.61906317,170
Treg,172,REL,2.78377302,147
Treg,172,HSF1,3.58651275,91
Treg,172,EPAS1,4.0276935,66
Treg,173,HIF1A,3.92513682,64
Treg,173,NFKB1,5.31869696,21
Treg,173,STAT3,5.80776813,12
Treg,173,CREB1,3.90746448,66
Treg,173,ATF3,2.87088875,143
Treg,173,REL,4.0991185,53
Treg,173,HSF1,1.92525549,248
Treg,173,EPAS1,2.66413443,160
Treg,174,HIF1A,5.29352061,20
Treg,174,NFKB1,5.31185289,19
Treg,174,STAT3,5.58707411,14
Treg,174,CREB1,3.50490928,98
Treg,174,ATF3,0.806636383,387
Treg,174,REL,3.62040492,90
Treg,174,HSF1,1.75765764,255
Treg,174,EPAS1,3.83610113,73
Treg,175,HIF1A,6.2365776,11
Treg,175,NFKB1,4.05104998,65
Treg,175,STAT3,5.44091005,18
Treg,175,CREB1,4.31494297,48
Treg,175,ATF3,-0.677501157,538
Treg,175,REL,3.31146603,116
Treg,175,HSF1,0.840945432,395
Treg,175,EPAS1,3.05142651,142
Treg,176,HIF1A,7.13883512,6
Treg,176,NFKB1,4.42986704,47
Treg,176,STAT3,4.74376553,36
Treg,176,CREB1,5.61779063,17
Treg,176,ATF3,-0.00675869032,476
Treg,176,REL,5.25510625,21
Treg,176,HSF1,0.626289873,399
Treg,176,EPAS1,4.97751457,28
Treg,177,HIF1A,6.20682319,12
Treg,177,NFKB1,5.94400674,16
Treg,177,STAT3,5.07682327,28
Treg,177,CREB1,5.88887109,18
Treg,177,ATF3,1.46198329,316
Treg,177,REL,5.67419276,19
Treg,177,HSF1,3.05010107,129
Treg,177,EPAS1,1.53952842,302
Treg,178,HIF1A,4.52987575,30
Treg,178,NFKB1,4.94748275,21
Treg,178,STAT3,5.07380672,19
Treg,178,CREB1,5.13485791,17
Treg,178,ATF3,-0.212894108,504
Treg,178,REL,2.58942925,170
Treg,178,HSF1,2.34571835,211
Treg,178,EPAS1,3.13287414,113
Treg,179,HIF1A,5.97530472,7
Treg,179,NFKB1,5.48747205,11
Treg,179,STAT3,3.83043998,73
Treg,179,CREB1,5.4536655,12
Treg,179,ATF3,4.03564803,59
Treg,179,REL,2.77006476,159
Treg,179,HSF1,2.94895555,145
Treg,179,EPAS1,3.73068372,82
Treg,180,HIF1A,4.86698398,31
Treg,180,NFKB1,6.0146578,10
Treg,180,STAT3,3.87331607,68
Treg,180,CREB1,6.55379985,5
Treg,180,ATF3,2.11798008,240
Treg,180,REL,2.67907075,177
Treg,180,HSF1,2.76710793,167
Treg,180,EPAS1,1.48690741,319
Treg,181,HIF1A,4.16940229,52
Treg,181,NFKB1,6.5401749,6
Treg,181,STAT3,4.00300285,60
Treg,181,CREB1,5.13256762,24
Treg,181,ATF3,0.462120733,441
Treg,181,REL,4.4761501,40
Treg,181,HSF1,3.42332216,84
Treg,181,EPAS1,1.7671823,263
Treg,182,HIF1A,5.57848746,15
Treg,182,NFKB1,5.59264316,14
Treg,182,STAT3,5.88010402,7
Treg,182,CREB1,6.9780659,3
Treg,182,ATF3,1.06036956,372
Treg,182,REL,4.0615367000000004,57
Treg,182,HSF1,3.06377393,129
Treg,182,EPAS1,2.62693154,185
Treg,183,HIF1A,4.55279452,43
Treg,183,NFKB1,6.3179093,6
Treg,183,STAT3,4.68664512,38
Treg,183,CREB1,5.25270333,18
Treg,183,ATF3,1.9162162,266
Treg,183,REL,4.94995503,31
Treg,183,HSF1,4.17187761,59
Treg,183,EPAS1,1.44368332,332
Treg,184,HIF1A,5.04838856,24
Treg,184,NFKB1,5.84859908,9
Treg,184,STAT3,4.35818923,44
Treg,184,CREB1,5.31096013,18
Treg,184,ATF3,0.712642843,422
Treg,184,REL,4.84120731,28
Treg,184,HSF1,5.69013377,11
Treg,184,EPAS1,0.217993111,473
Treg,185,HIF1A,5.04209,18
Treg,185,NFKB1,6.93396267,4
Treg,185,STAT3,6.88211085,5
Treg,185,CREB1,5.46685342,11
Treg,185,ATF3,1.18557969,354
Treg,185,REL,3.94579682,53
Treg,185,HSF1,3.48151558,87
Treg,185,EPAS1,1.24414035,347
Treg,186,HIF1A,5.51721395,15
Treg,186,NFKB1,6.81631534,4
Treg,186,STAT3,6.29598408,8
Treg,186,CREB1,4.27027341,44
Treg,186,ATF3,1.51216951,319
Treg,186,REL,2.55667273,195
Treg,186,HSF1,2.64636444,180
Treg,186,EPAS1,2.31175572,218
Treg,187,HIF1A,4.71217987,30
Treg,187,NFKB1,5.71271913,8
Treg,187,STAT3,4.53250927,35
Treg,187,CREB1,4.61126566,32
Treg,187,ATF3,0.126049366,470
Treg,187,REL,3.46934937,89
Treg,187,HSF1,2.91110316,137
Treg,187,EPAS1,2.78222458,158
Treg,188,HIF1A,4.72694376,31
Treg,188,NFKB1,5.57817952,10
Treg,188,STAT3,4.34693861,47
Treg,188,CREB1,4.87336435,27
Treg,188,ATF3,2.57665371,175
Treg,188,REL,3.94136717,72
Treg,188,HSF1,5.3015878,15
Treg,188,EPAS1,0.043101771999999997,488
Treg,189,HIF1A,5.02138031,25
Treg,189,NFKB1,5.37809367,17
Treg,189,STAT3,3.10085208,125
Treg,189,CREB1,5.10113779,22
Treg,189,ATF3,1.7583958,263
Treg,189,REL,5.62490176,13
Treg,189,HSF1,4.87328142,29
Treg,189,EPAS1,3.58234839,89
Treg,190,HIF1A,5.6898358,9
Treg,190,NFKB1,2.56844622,174
Treg,190,STAT3,4.55057477,32
Treg,190,CREB1,4.84124573,26
Treg,190,ATF3,2.6351888,165
Treg,190,REL,5.92141796,8
Treg,190,HSF1,4.17286424,46
Treg,190,EPAS1,1.84703369,258
Treg,191,HIF1A,4.04413138,54
Treg,191,NFKB1,4.06748865,52
Treg,191,STAT3,3.84439834,72
Treg,191,CREB1,3.54394253,86
Treg,191,ATF3,-0.389813299,532
Treg,191,REL,5.31370289,18
Treg,191,HSF1,2.31816989,206
Treg,191,EPAS1,2.01144945,248
Treg,192,HIF1A,6.27076313,11
Treg,192,NFKB1,4.03199257,55
Treg,192,STAT3,3.77847274,80
Treg,192,CREB1,2.33476293,206
Treg,192,ATF3,-0.183993054,492
Treg,192,REL,4.51472878,39
Treg,192,HSF1,3.86892757,69
Treg,192,EPAS1,6.58185987,6
Treg,193,HIF1A,8.99034442,2
Treg,193,NFKB1,4.40060384,43
Treg,193,STAT3,4.26803901,50
Treg,193,CREB1,3.9351423,72
Treg,193,ATF3,3.35051083,118
Treg,193,REL,3.91812263,74
Treg,193,HSF1,4.31163445,49
Treg,193,EPAS1,6.75592774,8
Treg,194,HIF1A,7.45178766,4
Treg,194,NFKB1,6.0342407,11
Treg,194,STAT3,5.43646714,18
Treg,194,CREB1,3.19241712,117
Treg,194,ATF3,2.30118319,195
Treg,194,REL,3.36867531,110
Treg,194,HSF1,4.18722104,60
Treg,194,EPAS1,3.66455359,90
Treg,195,HIF1A,6.78995727,6
Treg,195,NFKB1,6.15838082,11
Treg,195,STAT3,4.83161209,30
Treg,195,CREB1,5.73086545,15
Treg,195,ATF3,2.87874864,133
Treg,195,REL,4.14066493,52
Treg,195,HSF1,0.876910936,377
Treg,195,EPAS1,2.20669882,200
Treg,196,HIF1A,5.01995256,32
Treg,196,NFKB1,6.33428804,9
Treg,196,STAT3,5.40832622,22
Treg,196,CREB1,6.28296615,10
Treg,196,ATF3,1.67806568,276
Treg,196,REL,1.96458119,237
Treg,196,HSF1,0.277973743,450
Treg,196,EPAS1,2.51054145,175
Treg,197,HIF1A,5.42514625,20
Treg,197,NFKB1,5.81741306,15
Treg,197,STAT3,5.13819689,24
Treg,197,CREB1,6.33711254,9
Treg,197,ATF3,2.79011509,155
Treg,197,REL,2.82096091,150
Treg,197,HSF1,0.70135223,391
Treg,197,EPAS1,3.09784137,119
Treg,198,HIF1A,5.39394612,16
Treg,198,NFKB1,5.86862891,13
Treg,198,STAT3,4.49369228,40
Treg,198,CREB1,7.27121695,5
Treg,198,ATF3,3.4184473,101
Treg,198,REL,2.66127823,182
Treg,198,HSF1,4.86486055,25
Treg,198,EPAS1,1.08704488,366
Treg,199,HIF1A,5.46807393,15
Treg,199,NFKB1,5.10847667,20
Treg,199,STAT3,5.8192612,11
Treg,199,CREB1,8.2492229,2
Treg,199,ATF3,1.71873132,288
Treg,199,REL,1.91294518,264
Treg,199,HSF1,4.88242031,30
Treg,199,EPAS1,3.2914069,119
Treg,200,HIF1A,4.72231935,35
Treg,200,NFKB1,5.24534913,19
Treg,200,STAT3,5.49333119,13
Treg,200,CREB1,5.79967381,10
Treg,200,ATF3,0.687715057,398
Treg,200,REL,2.23733882,209
Treg,200,HSF1,2.57881821,176
Treg,200,EPAS1,3.28500511,110
Treg,201,HIF1A,5.78613313,12
Treg,201,NFKB1,5.75573856,14
Treg,201,STAT3,4.88121229,27
Treg,201,CREB1,6.7688458,7
Treg,201,ATF3,2.80027461,152
Treg,201,REL,3.77632709,74
Treg,201,HSF1,2.02904689,248
Treg,201,EPAS1,2.10497636,234
Treg,202,HIF1A,5.48015193,22
Treg,202,NFKB1,6.52697445,9
Treg,202,STAT3,5.54625074,19
Treg,202,CREB1,8.21273245,3
Treg,202,ATF3,1.90005735,250
Treg,202,REL,4.17312129,52
Treg,202,HSF1,0.754060288,399
Treg,202,EPAS1,1.87800459,254
Treg,203,HIF1A,4.94437462,31
Treg,203,NFKB1,4.95048414,30
Treg,203,STAT3,5.39217319,21
Treg,203,CREB1,7.34176771,4
Treg,203,ATF3,1.65729799,276
Treg,203,REL,3.2264691,105
Treg,203,HSF1,1.82170776,256
Treg,203,EPAS1,3.34009728,101
Treg,204,HIF1A,3.83167851,78
Treg,204,NFKB1,5.23104893,19
Treg,204,STAT3,6.32409894,9
Treg,204,CREB1,5.89202216,12
Treg,204,ATF3,2.57942872,171
Treg,204,REL,3.57517268,98
Treg,204,HSF1,1.48660871,301
Treg,204,EPAS1,5.20185387,21
Treg,205,HIF1A,6.57428859,7
Treg,205,NFKB1,5.00933908,30
Treg,205,STAT3,6.20435226,9
Treg,205,CREB1,6.14156997,10
Treg,205,ATF3,0.555527293,428
Treg,205,REL,3.81270668,81
Treg,205,HSF1,2.7647074,160
Treg,205,EPAS1,5.90171265,15
Treg,206,HIF1A,7.95748636,1
Treg,206,NFKB1,6.02242565,15
Treg,206,STAT3,6.17300195,12
Treg,206,CREB1,7.33040337,3
Treg,206,ATF3,-0.255164743,521
Treg,206,REL,1.49407142,304
Treg,206,HSF1,2.37772463,202
Treg,206,EPAS1,5.41777931,21
Treg,207,HIF1A,5.16341799,24
Treg,207,NFKB1,3.25792944,108
Treg,207,STAT3,5.67338068,18
Treg,207,CREB1,6.78128774,7
Treg,207,ATF3,0.983481956,354
Treg,207,REL,4.51513922,43
Treg,207,HSF1,2.42604266,182
Treg,207,EPAS1,4.27325381,49
Treg,208,HIF1A,5.00416561,27
Treg,208,NFKB1,5.45925599,22
Treg,208,STAT3,6.47557532,8
Treg,208,CREB1,6.83681259,5
Treg,208,ATF3,2.81781525,152
Treg,208,REL,2.36534968,201
Treg,208,HSF1,1.31030004,328
Treg,208,EPAS1,2.86945986,145
Treg,209,HIF1A,3.65396373,84
Treg,209,NFKB1,3.43121529,99
Treg,209,STAT3,6.59391452,7
Treg,209,CREB1,5.2268608,23
Treg,209,ATF3,4.4261649,39
Treg,209,REL,3.45185773,95
Treg,209,HSF1,2.70912725,158
Treg,209,EPAS1,2.51989844,182
Treg,210,HIF1A,5.06216075,22
Treg,210,NFKB1,3.57154361,74
Treg,210,STAT3,6.24735429,9
Treg,210,CREB1,6.36906225,8
Treg,210,ATF3,1.78938931,278
Treg,210,REL,5.08036729,19
Treg,210,HSF1,2.18943561,226
Treg,210,EPAS1,4.15882595,50
Treg,211,HIF1A,5.55464974,17
Treg,211,NFKB1,3.88946093,58
Treg,211,STAT3,5.00094358,26
Treg,211,CREB1,6.65599964,7
Treg,211,ATF3,3.26342888,107
Treg,211,REL,4.72663103,32
Treg,211,HSF1,2.65932457,177
Treg,211,EPAS1,2.07098934,252
Treg,212,HIF1A,6.043351,14
Treg,212,NFKB1,4.66367845,32
Treg,212,STAT3,4.56845733,36
Treg,212,CREB1,6.43423061,7
Treg,212,ATF3,1.90578652,260
Treg,212,REL,4.93944073,26
Treg,212,HSF1,3.40650133,103
Treg,212,EPAS1,1.64519311,291
Treg,213,HIF1A,5.47518596,15
Treg,213,NFKB1,4.89677902,26
Treg,213,STAT3,5.04036972,23
Treg,213,CREB1,6.46918612,6
Treg,213,ATF3,0.630034391,426
Treg,213,REL,6.06977062,11
Treg,213,HSF1,1.95487047,242
Treg,213,EPAS1,1.89636527,252
Treg,214,HIF1A,4.93858546,25
Treg,214,NFKB1,4.71905117,32
Treg,214,STAT3,7.32323915,4
Treg,214,CREB1,6.34888403,10
Treg,214,ATF3,0.449828123,441
Treg,214,REL,4.40532808,40
Treg,214,HSF1,3.26128154,106
Treg,214,EPAS1,1.02272649,360
Treg,215,HIF1A,5.9124807,13
Treg,215,NFKB1,4.99262309,23
Treg,215,STAT3,6.31421276,10
Treg,215,CREB1,4.75744943,28
Treg,215,ATF3,3.14094872,126
Treg,215,REL,4.52286896,36
Treg,215,HSF1,1.49960328,287
Treg,215,EPAS1,4.57008886,35
Treg,216,HIF1A,6.71724332,6
Treg,216,NFKB1,4.75199887,29
Treg,216,STAT3,6.36266846,8
Treg,216,CREB1,4.60620159,36
Treg,216,ATF3,2.86318139,144
Treg,216,REL,5.40711464,19
Treg,216,HSF1,3.1506041,114
Treg,216,EPAS1,3.95565287,65
Treg,217,HIF1A,6.53019364,9
Treg,217,NFKB1,3.5836252,85
Treg,217,STAT3,6.69115025,7
Treg,217,CREB1,5.83608156,14
Treg,217,ATF3,1.37343171,322
Treg,217,REL,3.47312306,87
Treg,217,HSF1,3.64511033,83
Treg,217,EPAS1,3.95672986,68
Treg,218,HIF1A,7.25289735,4
Treg,218,NFKB1,5.59335558,13
Treg,218,STAT3,6.47306271,7
Treg,218,CREB1,5.99432378,8
Treg,218,ATF3,2.2572864,217
Treg,218,REL,3.52546036,98
Treg,218,HSF1,2.3347328,206
Treg,218,EPAS1,3.0584256,129
Treg,219,HIF1A,7.09654489,4
Treg,219,NFKB1,4.56853413,42
Treg,219,STAT3,8.04238642,1
Treg,219,CREB1,5.80236578,12
Treg,219,ATF3,-2.4707154,591
Treg,219,REL,4.21770025,54
Treg,219,HSF1,1.77727182,272
Treg,219,EPAS1,1.27919208,329
Treg,220,HIF1A,5.79203924,12
Treg,220,NFKB1,5.37587043,27
Treg,220,STAT3,7.55293761,3
Treg,220,CREB1,6.37108289,5
Treg,220,ATF3,2.05227829,240
Treg,220,REL,5.57887102,20
Treg,220,HSF1,2.28245048,211
Treg,220,EPAS1,2.59446447,173
Treg,221,HIF1A,4.48093792,48
Treg,221,NFKB1,3.40044086,105
Treg,221,STAT3,7.95587342,2
Treg,221,CREB1,6.28214247,11
Treg,221,ATF3,2.88486354,147
Treg,221,REL,3.88290973,73
Treg,221,HSF1,2.00518212,248
Treg,221,EPAS1,2.84617972,150
Treg,222,HIF1A,6.32347856,14
Treg,222,NFKB1,3.18110757,121
Treg,222,STAT3,4.88965005,35
Treg,222,CREB1,6.67889881,10
Treg,222,ATF3,1.20677262,349
Treg,222,REL,4.32397814,50
Treg,222,HSF1,1.49919181,305
Treg,222,EPAS1,2.7372664,166
Treg,223,HIF1A,5.00090392,30
Treg,223,NFKB1,4.26223063,48
Treg,223,STAT3,5.22985114,27
Treg,223,CREB1,7.82433775,3
Treg,223,ATF3,0.246302926,453
Treg,223,REL,4.10006444,54
Treg,223,HSF1,2.81178558,148
Treg,223,EPAS1,1.50499745,314
Treg,224,HIF1A,4.20745294,51
Treg,224,NFKB1,3.72403495,86
Treg,224,STAT3,3.51833849,105
Treg,224,CREB1,7.82829753,2
Treg,224,ATF3,0.674242494,420
Treg,224,REL,2.18088305,228
Treg,224,HSF1,1.80394584,274
Treg,224,EPAS1,2.88600491,149
Treg,225,HIF1A,4.05844299,61
Treg,225,NFKB1,6.00380843,13
Treg,225,STAT3,6.15943327,11
Treg,225,CREB1,7.57242182,2
Treg,225,ATF3,1.39172939,338
Treg,225,REL,1.60783453,305
Treg,225,HSF1,3.23729585,110
Treg,225,EPAS1,2.29392287,211
Treg,226,HIF1A,5.6286772,16
Treg,226,NFKB1,6.0160709,11
Treg,226,STAT3,4.55755795,44
Treg,226,CREB1,7.73733985,2
Treg,226,ATF3,3.22935269,117
Treg,226,REL,1.73059388,286
Treg,226,HSF1,3.50607614,93
Treg,226,EPAS1,1.89284067,259
Treg,227,HIF1A,4.46093259,36
Treg,227,NFKB1,5.10567374,20
Treg,227,STAT3,3.31310811,104
Treg,227,CREB1,4.44405287,38
Treg,227,ATF3,1.54992882,303
Treg,227,REL,0.560589632,434
Treg,227,HSF1,4.80700497,30
Treg,227,EPAS1,3.02021726,134
Treg,228,HIF1A,4.03348625,54
Treg,228,NFKB1,5.1052435,22
Treg,228,STAT3,3.65221002,77
Treg,228,CREB1,5.16727867,21
Treg,228,ATF3,-0.590682616,535
Treg,228,REL,2.20982048,224
Treg,228,HSF1,3.97673201,57
Treg,228,EPAS1,2.54343939,185
Treg,229,HIF1A,3.99875051,61
Treg,229,NFKB1,4.67007094,30
Treg,229,STAT3,3.74354998,72
Treg,229,CREB1,6.22499234,9
Treg,229,ATF3,1.9613233,259
Treg,229,REL,1.21692996,352
Treg,229,HSF1,1.75232941,287
Treg,229,EPAS1,1.97013812,258
Treg,230,HIF1A,3.2159161,117
Treg,230,NFKB1,5.01429928,26
Treg,230,STAT3,5.74930046,14
Treg,230,CREB1,5.08784989,24
Treg,230,ATF3,3.74271268,75
Treg,230,REL,3.12891656,124
Treg,230,HSF1,1.93994771,236
Treg,230,EPAS1,3.94318092,63
Treg,231,HIF1A,7.44328476,2
Treg,231,NFKB1,5.72716152,11
Treg,231,STAT3,5.34548268,20
Treg,231,CREB1,5.25456851,27
Treg,231,ATF3,0.921482516,386
Treg,231,REL,3.94894162,71
Treg,231,HSF1,4.48049067,51
Treg,231,EPAS1,1.25895555,348
Treg,232,HIF1A,6.03935493,9
Treg,232,NFKB1,4.20299806,51
Treg,232,STAT3,5.1874448,26
Treg,232,CREB1,6.13484586,8
Treg,232,ATF3,2.41523275,181
Treg,232,REL,4.93662123,35
Treg,232,HSF1,3.11753026,118
Treg,232,EPAS1,1.21181289,350
Treg,233,HIF1A,7.1394753,5
Treg,233,NFKB1,4.0057455300000004,70
Treg,233,STAT3,6.51137048,9
Treg,233,CREB1,6.62629297,7
Treg,233,ATF3,1.57525176,292
Treg,233,REL,3.97067507,73
Treg,233,HSF1,1.49589404,308
Treg,233,EPAS1,0.0379982762,474
Treg,234,HIF1A,5.38841799,19
Treg,234,NFKB1,6.19284041,10
Treg,234,STAT3,4.18936415,50
Treg,234,CREB1,5.92491459,12
Treg,234,ATF3,1.09636936,363
Treg,234,REL,2.97571467,130
Treg,234,HSF1,1.86637877,260
Treg,234,EPAS1,2.18816935,219
Treg,235,HIF1A,6.07822973,9
Treg,235,NFKB1,4.6609271,31
Treg,235,STAT3,4.56033654,33
Treg,235,CREB1,6.31183172,8
Treg,235,ATF3,3.48406775,84
Treg,235,REL,1.71355648,279
Treg,235,HSF1,1.33004128,328
Treg,235,EPAS1,4.26510546,42
Treg,236,HIF1A,6.21758068,8
Treg,236,NFKB1,4.1800063,58
Treg,236,STAT3,4.76993262,36
Treg,236,CREB1,5.87922144,12
Treg,236,ATF3,2.70180415,172
Treg,236,REL,2.35544882,209
Treg,236,HSF1,2.86252181,152
Treg,236,EPAS1,2.42093869,204
Treg,237,HIF1A,7.27668932,4
Treg,237,NFKB1,6.00024761,11
Treg,237,STAT3,4.2245738,52
Treg,237,CREB1,5.81583801,12
Treg,237,ATF3,3.16525332,121
Treg,237,REL,3.05822093,133
Treg,237,HSF1,2.09164377,234
Treg,237,EPAS1,3.07243879,131
Treg,238,HIF1A,3.39139549,95
Treg,238,NFKB1,5.55459988,17
Treg,238,STAT3,3.11876281,125
Treg,238,CREB1,4.66788818,27
Treg,238,ATF3,1.52479162,300
Treg,238,REL,0.813252371,403
Treg,238,HSF1,3.30577077,104
Treg,238,EPAS1,1.8653898,256
Treg,239,HIF1A,5.81184908,13
Treg,239,NFKB1,5.01402824,19
Treg,239,STAT3,3.47612681,90
Treg,239,CREB1,6.09805669,11
Treg,239,ATF3,2.58687013,167
Treg,239,REL,0.558050478,433
Treg,239,HSF1,3.34282962,101
Treg,239,EPAS1,1.7349692,295
Treg,240,HIF1A,5.25224332,23
Treg,240,NFKB1,6.14661753,12
Treg,240,STAT3,3.20089696,118
Treg,240,CREB1,7.91155467,2
Treg,240,ATF3,1.8978073,249
Treg,240,REL,0.619240234,433
Treg,240,HSF1,1.53130718,314
Treg,240,EPAS1,1.79228929,275
Treg,241,HIF1A,6.74720865,9
Treg,241,NFKB1,6.05105057,12
Treg,241,STAT3,4.84824797,29
Treg,241,CREB1,6.99089281,6
Treg,241,ATF3,2.10805824,233
Treg,241,REL,0.88942392,400
Treg,241,HSF1,3.71784979,78
Treg,241,EPAS1,0.892671857,397
Treg,242,HIF1A,8.08503446,2
Treg,242,NFKB1,6.87775332,7
Treg,242,STAT3,3.22334106,114
Treg,242,CREB1,4.91905401,25
Treg,242,ATF3,2.03804996,253
Treg,242,REL,2.33213211,208
Treg,242,HSF1,1.94884218,267
Treg,242,EPAS1,6.52886495,8
Treg,243,HIF1A,5.99901426,13
Treg,243,NFKB1,6.08535206,11
Treg,243,STAT3,3.30376109,99
Treg,243,CREB1,5.62114742,20
Treg,243,ATF3,1.14515057,346
Treg,243,REL,3.28392751,101
Treg,243,HSF1,1.06054521,365
Treg,243,EPAS1,2.71580272,148
Treg,244,HIF1A,5.93108344,15
Treg,244,NFKB1,5.59826014,17
Treg,244,STAT3,4.8838814,33
Treg,244,CREB1,5.253029,24
Treg,244,ATF3,0.497354124,448
Treg,244,REL,3.55780669,99
Treg,244,HSF1,4.25198109,60
Treg,244,EPAS1,6.45924131,8
Treg,245,HIF1A,6.53327475,6
Treg,245,NFKB1,5.08935914,24
Treg,245,STAT3,6.83054651,5
Treg,245,CREB1,5.17887373,22
Treg,245,ATF3,0.54214421,429
Treg,245,REL,2.94281906,143
Treg,245,HSF1,2.68848805,167
Treg,245,EPAS1,5.42507245,16
Treg,246,HIF1A,5.95791134,11
Treg,246,NFKB1,4.81555152,26
Treg,246,STAT3,6.19339344,9
Treg,246,CREB1,4.55860096,34
Treg,246,ATF3,0.204689412,473
Treg,246,REL,3.4903201,93
Treg,246,HSF1,5.35815072,19
Treg,246,EPAS1,4.27061151,46
Treg,247,HIF1A,8.34765807,1
Treg,247,NFKB1,5.0760473,23
Treg,247,STAT3,4.99946045,24
Treg,247,CREB1,6.93300192,7
Treg,247,ATF3,0.154756177,475
Treg,247,REL,3.97694513,55
Treg,247,HSF1,2.40892705,199
Treg,247,EPAS1,1.54127248,301
Treg,248,HIF1A,7.14386519,5
Treg,248,NFKB1,4.56415347,36
Treg,248,STAT3,6.03481254,12
Treg,248,CREB1,6.5236847,8
Treg,248,ATF3,1.25468903,341
Treg,248,REL,3.39124965,107
Treg,248,HSF1,2.78633675,172
Treg,248,EPAS1,2.83302349,168
Treg,249,HIF1A,3.93458403,62
Treg,249,NFKB1,6.87810955,9
Treg,249,STAT3,5.13884907,28
Treg,249,CREB1,6.332428,12
Treg,249,ATF3,-1.2016014800000001,559
Treg,249,REL,2.8866707,140
Treg,249,HSF1,0.815419682,386
Treg,249,EPAS1,4.95597998,31
Treg,250,HIF1A,5.31379953,17
Treg,250,NFKB1,4.99975237,23
Treg,250,STAT3,4.45443346,37
Treg,250,CREB1,3.33305793,104
Treg,250,ATF3,2.26239618,202
Treg,250,REL,2.78226542,150
Treg,250,HSF1,3.11675412,121
Treg,250,EPAS1,3.7789152,75
Treg,251,HIF1A,6.10290685,12
Treg,251,NFKB1,5.92904421,15
Treg,251,STAT3,4.98281577,30
Treg,251,CREB1,3.44109492,102
Treg,251,ATF3,2.31465316,213
Treg,251,REL,1.93294086,254
Treg,251,HSF1,4.3376258,49
Treg,251,EPAS1,2.55446406,177
Treg,252,HIF1A,5.23688102,22
Treg,252,NFKB1,6.88524074,6
Treg,252,STAT3,2.97128838,138
Treg,252,CREB1,5.75943134,13
Treg,252,ATF3,0.794090511,414
Treg,252,REL,2.55443368,188
Treg,252,HSF1,0.44538695,456
Treg,252,EPAS1,2.93084309,148
Treg,253,HIF1A,5.86466117,13
Treg,253,NFKB1,6.21986563,8
Treg,253,STAT3,6.08140309,11
Treg,253,CREB1,4.48640418,37
Treg,253,ATF3,-1.38344126,564
Treg,253,REL,2.93906847,152
Treg,253,HSF1,4.83750581,29
Treg,253,EPAS1,3.37791686,110
Treg,254,HIF1A,5.39658344,23
Treg,254,NFKB1,6.45215063,8
Treg,254,STAT3,5.18028985,25
Treg,254,CREB1,5.43442039,20
Treg,254,ATF3,-0.669756141,539
Treg,254,REL,2.39045489,208
Treg,254,HSF1,3.33390965,102
Treg,254,EPAS1,4.77937519,33
Treg,255,HIF1A,6.39814128,8
Treg,255,NFKB1,5.58626431,15
Treg,255,STAT3,4.58817971,37
Treg,255,CREB1,5.45142185,18
Treg,255,ATF3,1.85448975,267
Treg,255,REL,3.1338397,119
Treg,255,HSF1,5.8552137,12
Treg,255,EPAS1,3.36080805,104
Treg,256,HIF1A,4.72564274,27
Treg,256,NFKB1,6.21698518,8
Treg,256,STAT3,4.64351816,32
Treg,256,CREB1,6.45504613,6
Treg,256,ATF3,1.29511999,330
Treg,256,REL,2.27748909,215
Treg,256,HSF1,3.73187211,76
Treg,256,EPAS1,2.59628647,184
Treg,257,HIF1A,3.5541742,81
Treg,257,NFKB1,5.77455163,12
Treg,257,STAT3,3.2974953,107
Treg,257,CREB1,7.53323373,3
Treg,257,ATF3,3.98685311,55
Treg,257,REL,1.17211696,353
Treg,257,HSF1,3.2789922,109
Treg,257,EPAS1,1.43807733,322
Treg,258,HIF1A,5.16918317,21
Treg,258,NFKB1,5.53552375,11
Treg,258,STAT3,4.31174856,52
Treg,258,CREB1,5.18294913,20
Treg,258,ATF3,1.11516167,365
Treg,258,REL,1.75736496,290
Treg,258,HSF1,2.43030302,206
Treg,258,EPAS1,2.66633992,176
Treg,259,HIF1A,4.45589678,40
Treg,259,NFKB1,4.75540522,26
Treg,259,STAT3,4.23744644,47
Treg,259,CREB1,5.84802837,10
Treg,259,ATF3,4.95210298,23
Treg,259,REL,2.49976139,198
Treg,259,HSF1,4.94712393,24
Treg,259,EPAS1,4.21746458,49
Treg,260,HIF1A,4.89677356,27
Treg,260,NFKB1,6.80243272,5
Treg,260,STAT3,5.76205921,15
Treg,260,CREB1,4.68423366,33
Treg,260,ATF3,2.60750035,166
Treg,260,REL,3.35352833,109
Treg,260,HSF1,2.88387986,137
Treg,260,EPAS1,1.82628172,257
Treg,261,HIF1A,5.73797927,12
Treg,261,NFKB1,6.43000696,7
Treg,261,STAT3,4.1148053000000004,61
Treg,261,CREB1,3.47276843,97
Treg,261,ATF3,3.37356353,107
Treg,261,REL,3.27285928,114
Treg,261,HSF1,3.61259984,84
Treg,261,EPAS1,2.8183775,147
Treg,262,HIF1A,5.89809329,11
Treg,262,NFKB1,6.20245859,10
Treg,262,STAT3,6.42422879,7
Treg,262,CREB1,5.19925624,23
Treg,262,ATF3,1.19784746,360
Treg,262,REL,3.56631622,87
Treg,262,HSF1,1.71493845,271
Treg,262,EPAS1,2.04928756,237
Treg,263,HIF1A,4.84397716,31
Treg,263,NFKB1,7.03509586,7
Treg,263,STAT3,5.84275067,17
Treg,263,CREB1,4.21264786,42
Treg,263,ATF3,1.6543422,272
Treg,263,REL,2.42778728,174
Treg,263,HSF1,1.11325227,363
Treg,263,EPAS1,3.44457838,79
Treg,264,HIF1A,5.68899237,13
Treg,264,NFKB1,5.02809038,25
Treg,264,STAT3,3.41889834,102
Treg,264,CREB1,4.48790195,39
Treg,264,ATF3,0.626556846,428
Treg,264,REL,1.46113259,310
Treg,264,HSF1,2.45874953,188
Treg,264,EPAS1,1.59376676,284
Treg,265,HIF1A,4.73682588,34
Treg,265,NFKB1,4.02669765,67
Treg,265,STAT3,4.30635665,55
Treg,265,CREB1,4.48301515,46
Treg,265,ATF3,1.96168922,245
Treg,265,REL,1.57206844,303
Treg,265,HSF1,2.20913733,216
Treg,265,EPAS1,1.28773517,335
Treg,266,HIF1A,5.8813845,13
Treg,266,NFKB1,7.25847969,2
Treg,266,STAT3,4.406311,44
Treg,266,CREB1,5.31663034,21
Treg,266,ATF3,3.93475775,70
Treg,266,REL,5.88886247,12
Treg,266,HSF1,3.22823514,112
Treg,266,EPAS1,1.80790643,252
Treg,267,HIF1A,6.61508549,5
Treg,267,NFKB1,6.39651364,7
Treg,267,STAT3,4.40836147,38
Treg,267,CREB1,2.62382446,167
Treg,267,ATF3,0.114754543,474
Treg,267,REL,5.56528625,14
Treg,267,HSF1,3.3437577,100
Treg,267,EPAS1,1.98585529,242
Treg,268,HIF1A,6.96056322,4
Treg,268,NFKB1,6.95105536,5
Treg,268,STAT3,4.4892692,39
Treg,268,CREB1,3.10492064,119
Treg,268,ATF3,-0.744846428,557
Treg,268,REL,2.15356619,241
Treg,268,HSF1,1.67663927,290
Treg,268,EPAS1,3.1875224,112
Treg,269,HIF1A,7.25013234,6
Treg,269,NFKB1,8.04228406,3
Treg,269,STAT3,4.96157303,28
Treg,269,CREB1,3.59638163,82
Treg,269,ATF3,0.756179013,400
Treg,269,REL,3.1297673,118
Treg,269,HSF1,1.7547329,270
Treg,269,EPAS1,2.55233245,184
Treg,270,HIF1A,7.59616947,4
Treg,270,NFKB1,6.53386663,8
Treg,270,STAT3,4.67949189,28
Treg,270,CREB1,4.52678283,33
Treg,270,ATF3,3.16819174,124
Treg,270,REL,4.33469433,38
Treg,270,HSF1,5.72880651,13
Treg,270,EPAS1,4.0443914,53
Treg,271,HIF1A,5.91112899,11
Treg,271,NFKB1,4.30470166,50
Treg,271,STAT3,4.92637901,30
Treg,271,CREB1,4.2664062,52
Treg,271,ATF3,1.24080409,352
Treg,271,REL,3.49581642,104
Treg,271,HSF1,3.76690348,83
Treg,271,EPAS1,1.54345198,307
Treg,272,HIF1A,6.29653494,8
Treg,272,NFKB1,5.33269551,15
Treg,272,STAT3,5.93399343,9
Treg,272,CREB1,4.17596916,56
Treg,272,ATF3,2.30988297,212
Treg,272,REL,1.5311325,307
Treg,272,HSF1,3.77551902,79
Treg,272,EPAS1,3.06444623,134
Treg,273,HIF1A,4.29956146,57
Treg,273,NFKB1,6.03662086,8
Treg,273,STAT3,4.35347203,55
Treg,273,CREB1,4.98764125,23
Treg,273,ATF3,2.26421688,212
Treg,273,REL,3.20476878,126
Treg,273,HSF1,3.6130339,92
Treg,273,EPAS1,2.27942965,209
Treg,274,HIF1A,5.81401281,17
Treg,274,NFKB1,7.46469341,3
Treg,274,STAT3,6.26284275,9
Treg,274,CREB1,3.59498443,84
Treg,274,ATF3,0.40433258,453
Treg,274,REL,4.70952207,36
Treg,274,HSF1,2.3256378,213
Treg,274,EPAS1,2.3634737,206
Treg,275,HIF1A,5.57893791,15
Treg,275,NFKB1,3.85354825,73
Treg,275,STAT3,5.99649436,12
Treg,275,CREB1,4.70377526,36
Treg,275,ATF3,1.68363103,284
Treg,275,REL,3.792993,82
Treg,275,HSF1,3.5835336,110
Treg,275,EPAS1,3.7017784,98
Treg,276,HIF1A,5.51393627,20
Treg,276,NFKB1,4.00506378,61
Treg,276,STAT3,6.35485047,9
Treg,276,CREB1,5.36983423,23
Treg,276,ATF3,0.0496450172,488
Treg,276,REL,4.18725822,52
Treg,276,HSF1,4.18758468,51
Treg,276,EPAS1,1.28714363,341
Treg,277,HIF1A,4.70797359,28
Treg,277,NFKB1,5.42728512,12
Treg,277,STAT3,4.94477107,24
Treg,277,CREB1,4.18404621,49
Treg,277,ATF3,2.50888594,171
Treg,277,REL,5.40075993,15
Treg,277,HSF1,3.75070104,71
Treg,277,EPAS1,2.12708356,220
Treg,278,HIF1A,4.7033246,34
Treg,278,NFKB1,5.04742623,25
Treg,278,STAT3,4.23649598,58
Treg,278,CREB1,6.08729319,10
Treg,278,ATF3,2.24258036,216
Treg,278,REL,4.18221126,62
Treg,278,HSF1,3.50672795,90
Treg,278,EPAS1,2.365081,203
Treg,279,HIF1A,5.67879743,15
Treg,279,NFKB1,5.96618984,11
Treg,279,STAT3,5.53890838,19
Treg,279,CREB1,6.76093827,3
Treg,279,ATF3,3.14054106,130
Treg,279,REL,3.5662992,94
Treg,279,HSF1,3.59552372,90
Treg,279,EPAS1,2.19232877,228
Treg,280,HIF1A,5.21930663,18
Treg,280,NFKB1,5.99515764,7
Treg,280,STAT3,4.39853826,49
Treg,280,CREB1,6.43523048,4
Treg,280,ATF3,3.62714801,90
Treg,280,REL,2.76992298,175
Treg,280,HSF1,2.22033282,237
Treg,280,EPAS1,2.7653402,176
Treg,281,HIF1A,4.49353074,45
Treg,281,NFKB1,5.63548818,17
Treg,281,STAT3,6.99902814,3
Treg,281,CREB1,5.69302479,15
Treg,281,ATF3,0.7397116,405
Treg,281,REL,2.96816097,148
Treg,281,HSF1,4.49434204,44
Treg,281,EPAS1,3.55840795,99
Treg,282,HIF1A,4.39502001,50
Treg,282,NFKB1,5.39519955,12
Treg,282,STAT3,5.11379791,23
Treg,282,CREB1,5.19924655,17
Treg,282,ATF3,3.45238017,100
Treg,282,REL,2.86810987,157
Treg,282,HSF1,0.322825208,452
Treg,282,EPAS1,3.97383219,71
Treg,283,HIF1A,5.89633087,9
Treg,283,NFKB1,5.53529944,15
Treg,283,STAT3,4.82693071,33
Treg,283,CREB1,5.90483137,8
Treg,283,ATF3,1.77673368,296
Treg,283,REL,5.09414326,23
Treg,283,HSF1,2.07669775,241
Treg,283,EPAS1,1.81159648,286
Treg,284,HIF1A,5.95117014,9
Treg,284,NFKB1,6.85458406,5
Treg,284,STAT3,-0.215777518,503
Treg,284,CREB1,6.03527672,8
Treg,284,ATF3,3.11329584,121
Treg,284,REL,4.1325329,57
Treg,284,HSF1,1.91832788,264
Treg,284,EPAS1,4.74190472,35
Treg,285,HIF1A,6.53752467,7
Treg,285,NFKB1,5.83132533,11
Treg,285,STAT3,2.43213753,194
Treg,285,CREB1,5.45103972,17
Treg,285,ATF3,0.493564343,444
Treg,285,REL,4.42142885,40
Treg,285,HSF1,3.66962114,80
Treg,285,EPAS1,3.44311207,90
Treg,286,HIF1A,6.25109218,6
Treg,286,NFKB1,5.11283382,17
Treg,286,STAT3,2.44728443,205
Treg,286,CREB1,6.09708423,7
Treg,286,ATF3,-0.072853333,509
Treg,286,REL,4.26283059,50
Treg,286,HSF1,1.97525769,259
Treg,286,EPAS1,4.48176009,39
Treg,287,HIF1A,7.07964893,8
Treg,287,NFKB1,4.05082183,63
Treg,287,STAT3,3.49730031,97
Treg,287,CREB1,4.60956287,41
Treg,287,ATF3,1.74887399,274
Treg,287,REL,3.5810754,94
Treg,287,HSF1,3.85015246,76
Treg,287,EPAS1,2.07899788,225
Treg,288,HIF1A,8.27759311,3
Treg,288,NFKB1,7.14762384,6
Treg,288,STAT3,4.09022636,64
Treg,288,CREB1,8.35609409,2
Treg,288,ATF3,2.19410451,220
Treg,288,REL,3.42502555,109
Treg,288,HSF1,1.95309587,250
Treg,288,EPAS1,2.60214881,176
Treg,289,HIF1A,6.72205915,5
Treg,289,NFKB1,6.44660345,8
Treg,289,STAT3,3.00110825,141
Treg,289,CREB1,7.86619791,2
Treg,289,ATF3,0.808552443,403
Treg,289,REL,3.04812863,134
Treg,289,HSF1,3.00329937,140
Treg,289,EPAS1,4.53102316,29
Treg,290,HIF1A,7.15843374,5
Treg,290,NFKB1,4.42666976,44
Treg,290,STAT3,3.57356882,94
Treg,290,CREB1,8.33007727,2
Treg,290,ATF3,2.71740734,153
Treg,290,REL,2.56259176,175
Treg,290,HSF1,3.18972309,119
Treg,290,EPAS1,3.78316467,76
Treg,291,HIF1A,6.69297897,5
Treg,291,NFKB1,4.8634318,29
Treg,291,STAT3,6.8210901,3
Treg,291,CREB1,6.79626796,4
Treg,291,ATF3,0.890882929,400
Treg,291,REL,5.40361778,17
Treg,291,HSF1,4.11130179,57
Treg,291,EPAS1,1.40275566,343
Treg,292,HIF1A,5.61884433,13
Treg,292,NFKB1,5.37204506,16
Treg,292,STAT3,5.22377714,17
Treg,292,CREB1,4.30078083,41
Treg,292,ATF3,0.38416261,443
Treg,292,REL,1.17601839,367
Treg,292,HSF1,3.66362845,74
Treg,292,EPAS1,1.37631592,336
Treg,293,HIF1A,4.84101981,30
Treg,293,NFKB1,5.0109219,26
Treg,293,STAT3,6.24967057,7
Treg,293,CREB1,5.1498292,22
Treg,293,ATF3,-0.307809664,498
Treg,293,REL,2.05629722,254
Treg,293,HSF1,2.61029988,190
Treg,293,EPAS1,2.4349281,212
Treg,294,HIF1A,6.31352139,8
Treg,294,NFKB1,5.21201966,17
Treg,294,STAT3,4.77661298,26
Treg,294,CREB1,5.0397165,23
Treg,294,ATF3,2.21102139,216
Treg,294,REL,3.96546274,62
Treg,294,HSF1,3.14861107,116
Treg,294,EPAS1,2.84586383,154
Treg,295,HIF1A,5.12072835,21
Treg,295,NFKB1,5.29377962,14
Treg,295,STAT3,5.18083746,20
Treg,295,CREB1,5.84415166,9
Treg,295,ATF3,1.75538807,273
Treg,295,REL,3.78927756,72
Treg,295,HSF1,0.249575632,451
Treg,295,EPAS1,3.77172206,73
Treg,296,HIF1A,5.62991513,15
Treg,296,NFKB1,5.17250997,26
Treg,296,STAT3,5.13960065,27
Treg,296,CREB1,5.9718741,11
Treg,296,ATF3,1.99606357,236
Treg,296,REL,2.82883388,139
Treg,296,HSF1,1.83809862,252
Treg,296,EPAS1,3.00068595,122
Treg,297,HIF1A,5.75264857,12
Treg,297,NFKB1,5.86336263,11
Treg,297,STAT3,6.29137207,7
Treg,297,CREB1,4.18446082,59
Treg,297,ATF3,3.18478176,119
Treg,297,REL,2.14819012,231
Treg,297,HSF1,1.82512222,274
Treg,297,EPAS1,3.5355188,95
Treg,298,HIF1A,4.19655267,49
Treg,298,NFKB1,5.89644408,11
Treg,298,STAT3,6.26151286,6
Treg,298,CREB1,5.65266113,16
Treg,298,ATF3,3.03280029,132
Treg,298,REL,2.03268202,239
Treg,298,HSF1,3.62010873,95
Treg,298,EPAS1,1.20383941,352
Treg,299,HIF1A,5.35528851,19
Treg,299,NFKB1,5.231466,23
Treg,299,STAT3,5.54701894,17
Treg,299,CREB1,5.73177717,9
Treg,299,ATF3,3.5095584,91
Treg,299,REL,4.81270363,30
Treg,299,HSF1,-0.0791958478,500
Treg,299,EPAS1,1.23684879,351
Treg,300,HIF1A,4.95776909,28
Treg,300,NFKB1,5.65094382,11
Treg,300,STAT3,4.82109343,35
Treg,300,CREB1,4.46464981,46
Treg,300,ATF3,1.04517653,380
Treg,300,REL,5.14854084,22
Treg,300,HSF1,2.20096104,226
Treg,300,EPAS1,2.30135958,217
Treg,301,HIF1A,5.80099018,10
Treg,301,NFKB1,4.28874243,52
Treg,301,STAT3,4.75166654,27
Treg,301,CREB1,4.88012924,22
Treg,301,ATF3,-0.848768809,546
Treg,301,REL,4.71968036,29
Treg,301,HSF1,3.35798199,111
Treg,301,EPAS1,1.96112577,258
Treg,302,HIF1A,5.75967944,10
Treg,302,NFKB1,3.46131667,93
Treg,302,STAT3,3.7013692,81
Treg,302,CREB1,5.18674425,24
Treg,302,ATF3,1.33929949,342
Treg,302,REL,5.8348947,8
Treg,302,HSF1,1.8312102,288
Treg,302,EPAS1,2.54616514,197
Treg,303,HIF1A,4.33688709,49
Treg,303,NFKB1,4.51409591,38
Treg,303,STAT3,3.33797411,111
Treg,303,CREB1,5.77836471,10
Treg,303,ATF3,2.8619609,156
Treg,303,REL,2.57734475,190
Treg,303,HSF1,3.91034887,77
Treg,303,EPAS1,4.77664971,30
Treg,304,HIF1A,5.38255892,15
Treg,304,NFKB1,3.47723473,92
Treg,304,STAT3,3.41916381,101
Treg,304,CREB1,5.76709168,10
Treg,304,ATF3,3.38830819,102
Treg,304,REL,3.15857066,125
Treg,304,HSF1,3.35803712,109
Treg,304,EPAS1,4.31274736,41
Treg,305,HIF1A,4.90472212,32
Treg,305,NFKB1,3.96628775,68
Treg,305,STAT3,2.16057663,219
Treg,305,CREB1,5.03452269,27
Treg,305,ATF3,2.00352232,240
Treg,305,REL,5.6184674,13
Treg,305,HSF1,4.68153534,37
Treg,305,EPAS1,3.81879568,76
Treg,306,HIF1A,5.53363896,18
Treg,306,NFKB1,4.89159306,29
Treg,306,STAT3,3.5492563,91
Treg,306,CREB1,5.51536328,19
Treg,306,ATF3,0.87633192,373
Treg,306,REL,6.99022056,5
Treg,306,HSF1,4.1787222,57
Treg,306,EPAS1,2.52158504,177
Treg,307,HIF1A,5.56276345,17
Treg,307,NFKB1,4.39058171,49
Treg,307,STAT3,1.7742709,249
Treg,307,CREB1,5.91112223,13
Treg,307,ATF3,1.70044974,262
Treg,307,REL,5.305487,21
Treg,307,HSF1,3.73356251,82
Treg,307,EPAS1,3.0058764,134
Treg,308,HIF1A,6.88133069,7
Treg,308,NFKB1,5.51502798,13
Treg,308,STAT3,3.28749712,98
Treg,308,CREB1,7.05432197,6
Treg,308,ATF3,0.848271726,413
Treg,308,REL,2.25891269,234
Treg,308,HSF1,3.78836395,55
Treg,308,EPAS1,3.20812361,111
Treg,309,HIF1A,6.61393941,7
Treg,309,NFKB1,5.90183532,11
Treg,309,STAT3,4.19207396,50
Treg,309,CREB1,5.84846625,14
Treg,309,ATF3,0.501739335,436
Treg,309,REL,3.11830767,119
Treg,309,HSF1,3.35800734,99
Treg,309,EPAS1,3.29754007,105
Treg,310,HIF1A,6.40457748,7
Treg,310,NFKB1,6.37438038,8
Treg,310,STAT3,5.37030524,16
Treg,310,CREB1,5.40859105,12
Treg,310,ATF3,1.86317545,263
Treg,310,REL,3.08459846,116
Treg,310,HSF1,3.22413305,107
Treg,310,EPAS1,4.96730408,26
Treg,311,HIF1A,6.38379994,9
Treg,311,NFKB1,4.80666063,31
Treg,311,STAT3,6.89958506,6
Treg,311,CREB1,6.41734996,8
Treg,311,ATF3,4.17114275,56
Treg,311,REL,1.52328435,305
Treg,311,HSF1,4.40092467,47
Treg,311,EPAS1,2.79404631,161
Treg,312,HIF1A,5.80922733,14
Treg,312,NFKB1,4.14375555,55
Treg,312,STAT3,7.60944625,2
Treg,312,CREB1,5.81548985,12
Treg,312,ATF3,2.01909133,254
Treg,312,REL,2.13159022,234
Treg,312,HSF1,2.51696812,191
Treg,312,EPAS1,0.549511549,436
Treg,313,HIF1A,3.37099347,104
Treg,313,NFKB1,5.38117172,16
Treg,313,STAT3,5.05050153,26
Treg,313,CREB1,5.3496615,18
Treg,313,ATF3,1.34595471,324
Treg,313,REL,4.54053579,42
Treg,313,HSF1,0.652984509,409
Treg,313,EPAS1,3.37081393,105
Treg,314,HIF1A,4.16892228,52
Treg,314,NFKB1,5.703504,11
Treg,314,STAT3,5.52863719,13
Treg,314,CREB1,4.74363565,27
Treg,314,ATF3,0.603295247,425
Treg,314,REL,5.41936545,15
Treg,314,HSF1,3.28252098,119
Treg,314,EPAS1,3.17385787,132
Treg,315,HIF1A,3.54781706,98
Treg,315,NFKB1,5.48797036,17
Treg,315,STAT3,6.12779005,10
Treg,315,CREB1,5.29934995,19
Treg,315,ATF3,0.674376175,427
Treg,315,REL,5.00979167,30
Treg,315,HSF1,3.4952365,102
Treg,315,EPAS1,3.00966798,137
Treg,316,HIF1A,5.87024547,14
Treg,316,NFKB1,6.67080589,4
Treg,316,STAT3,5.8302735,15
Treg,316,CREB1,6.56460617,6
Treg,316,ATF3,2.95672006,139
Treg,316,REL,3.95497529,60
Treg,316,HSF1,4.24422831,45
Treg,316,EPAS1,5.45534445,18
Treg,317,HIF1A,6.55087133,7
Treg,317,NFKB1,5.82019565,11
Treg,317,STAT3,4.45282279,37
Treg,317,CREB1,4.6575483,27
Treg,317,ATF3,1.87813271,254
Treg,317,REL,3.91170043,68
Treg,317,HSF1,4.79332342,24
Treg,317,EPAS1,1.16297869,345
Treg,318,HIF1A,6.43406819,8
Treg,318,NFKB1,5.02233303,28
Treg,318,STAT3,4.59622853,41
Treg,318,CREB1,3.73271338,77
Treg,318,ATF3,0.404158241,454
Treg,318,REL,2.8061576,161
Treg,318,HSF1,2.88567075,150
Treg,318,EPAS1,-0.268238189,515
Treg,319,HIF1A,5.54620683,12
Treg,319,NFKB1,5.61927289,11
Treg,319,STAT3,5.9767675,9
Treg,319,CREB1,3.45901207,87
Treg,319,ATF3,-0.171353282,501
Treg,319,REL,1.12559909,368
Treg,319,HSF1,2.39656227,211
Treg,319,EPAS1,2.22790319,227
Treg,320,HIF1A,5.11691272,20
Treg,320,NFKB1,6.90304588,5
Treg,320,STAT3,4.74859434,31
Treg,320,CREB1,2.95450388,133
Treg,320,ATF3,2.97155198,131
Treg,320,REL,3.21048608,102
Treg,320,HSF1,1.96797073,260
Treg,320,EPAS1,2.35480598,208
Treg,321,HIF1A,5.20419965,23
Treg,321,NFKB1,6.70403536,7
Treg,321,STAT3,6.18083999,8
Treg,321,CREB1,4.88253689,29
Treg,321,ATF3,3.41392381,96
Treg,321,REL,3.52397853,91
Treg,321,HSF1,3.56772702,87
Treg,321,EPAS1,2.33373592,200
Treg,322,HIF1A,5.08018048,21
Treg,322,NFKB1,6.17061469,10
Treg,322,STAT3,6.14729232,11
Treg,322,CREB1,4.3201567,47
Treg,322,ATF3,2.83338764,154
Treg,322,REL,0.946945404,385
Treg,322,HSF1,1.48023414,320
Treg,322,EPAS1,3.60314928,84
Treg,323,HIF1A,5.67952828,12
Treg,323,NFKB1,6.81807495,6
Treg,323,STAT3,7.04504693,4
Treg,323,CREB1,4.74587979,25
Treg,323,ATF3,-0.880274868,548
Treg,323,REL,3.62540217,89
Treg,323,HSF1,3.23348695,120
Treg,323,EPAS1,2.67601584,159
Treg,324,HIF1A,4.92900981,25
Treg,324,NFKB1,6.2744539,9
Treg,324,STAT3,3.08423149,126
Treg,324,CREB1,4.88555854,27
Treg,324,ATF3,1.02653914,364
Treg,324,REL,3.8985658500000002,60
Treg,324,HSF1,1.32648583,321
Treg,324,EPAS1,2.08243086,221
Treg,325,HIF1A,5.82323912,12
Treg,325,NFKB1,6.71145886,5
Treg,325,STAT3,2.45659558,201
Treg,325,CREB1,4.03124772,65
Treg,325,ATF3,2.03664532,243
Treg,325,REL,1.13057012,342
Treg,325,HSF1,3.1532621,123
Treg,325,EPAS1,0.894968564,376
Treg,326,HIF1A,5.91307885,12
Treg,326,NFKB1,5.35202269,18
Treg,326,STAT3,2.68017031,160
Treg,326,CREB1,5.25864663,20
Treg,326,ATF3,2.13862434,217
Treg,326,REL,2.37636916,190
Treg,326,HSF1,2.55879494,172
Treg,326,EPAS1,3.28103907,119
Treg,327,HIF1A,6.06273755,10
Treg,327,NFKB1,4.00836139,56
Treg,327,STAT3,1.90789918,258
Treg,327,CREB1,4.95085349,22
Treg,327,ATF3,1.53222369,311
Treg,327,REL,0.977230693,375
Treg,327,HSF1,2.06384975,238
Treg,327,EPAS1,2.75899245,162
Treg,328,HIF1A,5.90757443,11
Treg,328,NFKB1,3.45745122,105
Treg,328,STAT3,5.03883918,24
Treg,328,CREB1,5.74393207,14
Treg,328,ATF3,2.02900502,226
Treg,328,REL,2.22558395,208
Treg,328,HSF1,1.30083897,330
Treg,328,EPAS1,3.51303571,102
Treg,329,HIF1A,4.30460871,52
Treg,329,NFKB1,5.17650885,22
Treg,329,STAT3,5.58163969,13
Treg,329,CREB1,4.57797036,43
Treg,329,ATF3,1.92284588,248
Treg,329,REL,5.02345884,24
Treg,329,HSF1,1.26950365,331
Treg,329,EPAS1,4.67528412,38
Treg,330,HIF1A,5.19558254,21
Treg,330,NFKB1,5.06929536,25
Treg,330,STAT3,6.6503493,5
Treg,330,CREB1,5.76381612,15
Treg,330,ATF3,0.268914783,467
Treg,330,REL,2.01971738,243
Treg,330,HSF1,2.12397096,229
Treg,330,EPAS1,1.26524921,344
Treg,331,HIF1A,5.40601403,15
Treg,331,NFKB1,6.23817338,9
Treg,331,STAT3,5.19696822,22
Treg,331,CREB1,5.23536731,21
Treg,331,ATF3,0.0993918081,476
Treg,331,REL,2.3884441,198
Treg,331,HSF1,4.26335709,52
Treg,331,EPAS1,0.444722281,435
Treg,332,HIF1A,6.96098606,5
Treg,332,NFKB1,6.19704684,8
Treg,332,STAT3,4.6963584,36
Treg,332,CREB1,6.01989596,11
Treg,332,ATF3,0.555794431,430
Treg,332,REL,3.22073626,112
Treg,332,HSF1,4.67668886,38
Treg,332,EPAS1,3.243543,111
Treg,333,HIF1A,5.63853501,18
Treg,333,NFKB1,4.91565631,29
Treg,333,STAT3,4.81702551,33
Treg,333,CREB1,5.07236176,23
Treg,333,ATF3,-0.0719707307,496
Treg,333,REL,4.47253423,40
Treg,333,HSF1,4.23994527,51
Treg,333,EPAS1,6.35905398,10
Treg,334,HIF1A,5.85131352,9
Treg,334,NFKB1,3.56613991,99
Treg,334,STAT3,3.83545426,80
Treg,334,CREB1,5.26790047,23
Treg,334,ATF3,0.952998525,390
Treg,334,REL,3.88382886,77
Treg,334,HSF1,3.25422067,128
Treg,334,EPAS1,3.4402522,108
Treg,335,HIF1A,6.69466991,2
Treg,335,NFKB1,3.35567445,103
Treg,335,STAT3,4.99126879,30
Treg,335,CREB1,5.45772673,17
Treg,335,ATF3,-0.0395412547,490
Treg,335,REL,2.79630979,156
Treg,335,HSF1,2.83039458,154
Treg,335,EPAS1,2.18796412,221
Treg,336,HIF1A,6.93573612,4
Treg,336,NFKB1,4.18122545,54
Treg,336,STAT3,3.18156691,128
Treg,336,CREB1,3.4322703,106
Treg,336,ATF3,1.84783158,263
Treg,336,REL,4.57078908,38
Treg,336,HSF1,1.99879585,248
Treg,336,EPAS1,3.98990506,61
Treg,337,HIF1A,6.21436696,10
Treg,337,NFKB1,5.47418678,18
Treg,337,STAT3,5.82961029,13
Treg,337,CREB1,4.81215592,37
Treg,337,ATF3,3.07820702,123
Treg,337,REL,3.86437685,74
Treg,337,HSF1,0.732742375,411
Treg,337,EPAS1,4.42740866,48
Treg,338,HIF1A,3.81662131,86
Treg,338,NFKB1,7.13463044,4
Treg,338,STAT3,3.81776911,85
Treg,338,CREB1,2.99076797,142
Treg,338,ATF3,1.13550979,367
Treg,338,REL,3.99296207,72
Treg,338,HSF1,3.34120122,117
Treg,338,EPAS1,2.41311059,205
Treg,339,HIF1A,6.33057969,11
Treg,339,NFKB1,6.46441453,9
Treg,339,STAT3,6.54227932,7
Treg,339,CREB1,5.47802289,18
Treg,339,ATF3,-0.378672445,521
Treg,339,REL,2.79615126,164
Treg,339,HSF1,3.74972885,71
Treg,339,EPAS1,3.1753584,115
Treg,340,HIF1A,6.10696046,10
Treg,340,NFKB1,4.65810805,33
Treg,340,STAT3,5.59715639,15
Treg,340,CREB1,6.08910188,11
Treg,340,ATF3,2.79464865,140
Treg,340,REL,5.21485146,22
Treg,340,HSF1,2.59487568,166
Treg,340,EPAS1,2.82904546,132
Treg,341,HIF1A,6.89534468,4
Treg,341,NFKB1,5.80741574,10
Treg,341,STAT3,3.79463907,74
Treg,341,CREB1,5.44975366,21
Treg,341,ATF3,1.00743935,374
Treg,341,REL,1.68020995,270
Treg,341,HSF1,0.742829441,405
Treg,341,EPAS1,1.78562561,248
Treg,342,HIF1A,6.18963079,8
Treg,342,NFKB1,4.90545585,27
Treg,342,STAT3,4.37800069,44
Treg,342,CREB1,6.28149572,7
Treg,342,ATF3,2.68515376,168
Treg,342,REL,4.47274643,37
Treg,342,HSF1,2.28937937,215
Treg,342,EPAS1,3.8090881,73
Treg,343,HIF1A,4.73329373,31
Treg,343,NFKB1,6.09774422,9
Treg,343,STAT3,4.23351171,55
Treg,343,CREB1,7.14007433,6
Treg,343,ATF3,0.973692509,358
Treg,343,REL,3.61393801,82
Treg,343,HSF1,2.2376214,217
Treg,343,EPAS1,2.08810385,231
Treg,344,HIF1A,5.29514879,17
Treg,344,NFKB1,5.14712084,22
Treg,344,STAT3,2.83257013,145
Treg,344,CREB1,6.556546,4
Treg,344,ATF3,0.709995694,402
Treg,344,REL,4.48550515,32
Treg,344,HSF1,2.66543423,164
Treg,344,EPAS1,0.435971546,431
Treg,345,HIF1A,5.22806913,22
Treg,345,NFKB1,6.22452255,9
Treg,345,STAT3,4.35234843,43
Treg,345,CREB1,8.58171887,1
Treg,345,ATF3,0.434043087,451
Treg,345,REL,3.24817324,104
Treg,345,HSF1,5.33414376,17
Treg,345,EPAS1,1.57400422,309
Treg,346,HIF1A,5.40621134,19
Treg,346,NFKB1,8.0125352,2
Treg,346,STAT3,6.56668513,7
Treg,346,CREB1,6.74620647,6
Treg,346,ATF3,0.16175887,472
Treg,346,REL,5.83197237,13
Treg,346,HSF1,3.53033644,92
Treg,346,EPAS1,1.01198726,382
Treg,347,HIF1A,4.409862,43
Treg,347,NFKB1,7.2604115,4
Treg,347,STAT3,6.03698312,13
Treg,347,CREB1,6.1438715,11
Treg,347,ATF3,0.474376033,432
Treg,347,REL,4.76768665,30
Treg,347,HSF1,3.51828713,80
Treg,347,EPAS1,2.19827279,206
Treg,348,HIF1A,5.20484016,24
Treg,348,NFKB1,7.74563844,2
Treg,348,STAT3,6.55610517,9
Treg,348,CREB1,6.64535025,7
Treg,348,ATF3,0.39676063,451
Treg,348,REL,2.54593333,177
Treg,348,HSF1,1.63432386,299
Treg,348,EPAS1,4.37597486,47
Treg,349,HIF1A,5.94965572,10
Treg,349,NFKB1,4.95368925,28
Treg,349,STAT3,4.15547975,51
Treg,349,CREB1,5.96721752,9
Treg,349,ATF3,-0.582021203,535
Treg,349,REL,3.69867269,74
Treg,349,HSF1,1.65842009,294
Treg,349,EPAS1,4.24537739,44
Treg,350,HIF1A,5.04618432,21
Treg,350,NFKB1,4.58505477,33
Treg,350,STAT3,6.19523297,9
Treg,350,CREB1,5.59269922,13
Treg,350,ATF3,2.42209646,181
Treg,350,REL,3.42205482,84
Treg,350,HSF1,3.9221944,56
Treg,350,EPAS1,3.18091665,99
Treg,351,HIF1A,6.04594316,10
Treg,351,NFKB1,5.22916095,22
Treg,351,STAT3,4.21407168,53
Treg,351,CREB1,6.05722531,9
Treg,351,ATF3,1.30767835,334
Treg,351,REL,2.69045492,165
Treg,351,HSF1,2.4738442,187
Treg,351,EPAS1,3.24021073,113
Treg,352,HIF1A,4.40700249,38
Treg,352,NFKB1,5.22634837,21
Treg,352,STAT3,4.0812999,52
Treg,352,CREB1,4.30725944,45
Treg,352,ATF3,0.631234616,427
Treg,352,REL,2.70874829,157
Treg,352,HSF1,1.99801219,243
Treg,352,EPAS1,0.985989763,383
Treg,353,HIF1A,5.40338214,21
Treg,353,NFKB1,3.47121946,95
Treg,353,STAT3,3.82632587,69
Treg,353,CREB1,3.4869158,92
Treg,353,ATF3,2.07488524,244
Treg,353,REL,4.26427477,50
Treg,353,HSF1,5.82022865,11
Treg,353,EPAS1,2.15685463,231
Treg,354,HIF1A,5.70440139,12
Treg,354,NFKB1,4.25927857,48
Treg,354,STAT3,6.56094341,7
Treg,354,CREB1,1.49852068,300
Treg,354,ATF3,1.78525524,269
Treg,354,REL,2.96271306,144
Treg,354,HSF1,4.03746497,56
Treg,354,EPAS1,2.08118582,239
Treg,355,HIF1A,5.99526186,10
Treg,355,NFKB1,3.56260779,79
Treg,355,STAT3,4.96523002,23
Treg,355,CREB1,3.97805333,52
Treg,355,ATF3,0.437832781,438
Treg,355,REL,2.83100658,148
Treg,355,HSF1,2.52678752,180
Treg,355,EPAS1,2.98823826,130
Treg,356,HIF1A,6.64586265,6
Treg,356,NFKB1,6.61462474,8
Treg,356,STAT3,7.39203927,4
Treg,356,CREB1,4.24870046,56
Treg,356,ATF3,3.29668057,113
Treg,356,REL,3.03354017,132
Treg,356,HSF1,1.66299139,281
Treg,356,EPAS1,3.63021073,89
Treg,357,HIF1A,6.16583199,13
Treg,357,NFKB1,5.58749626,19
Treg,357,STAT3,7.03337613,6
Treg,357,CREB1,5.26426119,22
Treg,357,ATF3,1.4528497,333
Treg,357,REL,4.54825712,39
Treg,357,HSF1,2.54795027,198
Treg,357,EPAS1,1.81506361,282
Treg,358,HIF1A,4.47511318,51
Treg,358,NFKB1,6.31705252,10
Treg,358,STAT3,4.06589953,68
Treg,358,CREB1,5.58975859,16
Treg,358,ATF3,2.93436302,135
Treg,358,REL,2.89227064,143
Treg,358,HSF1,1.98247561,250
Treg,358,EPAS1,2.11804247,228
Treg,359,HIF1A,6.78926863,6
Treg,359,NFKB1,5.86580501,12
Treg,359,STAT3,4.73649151,36
Treg,359,CREB1,5.61137291,14
Treg,359,ATF3,0.599777141,408
Treg,359,REL,2.01500612,238
Treg,359,HSF1,6.07334218,11
Treg,359,EPAS1,2.99425653,134
Treg,360,HIF1A,3.07540198,132
Treg,360,NFKB1,5.04374611,17
Treg,360,STAT3,4.36219667,35
Treg,360,CREB1,5.39254302,11
Treg,360,ATF3,1.02231907,352
Treg,360,REL,2.8874747,150
Treg,360,HSF1,4.22302174,43
Treg,360,EPAS1,1.74854079,270
Treg,361,HIF1A,6.24610903,9
Treg,361,NFKB1,5.41383158,17
Treg,361,STAT3,3.09974205,115
Treg,361,CREB1,7.22290502,4
Treg,361,ATF3,0.985556029,359
Treg,361,REL,2.94637728,130
Treg,361,HSF1,2.9713038,127
Treg,361,EPAS1,2.18621115,212
Treg,362,HIF1A,4.9267069,25
Treg,362,NFKB1,4.25133939,52
Treg,362,STAT3,4.69740602,35
Treg,362,CREB1,7.67900403,4
Treg,362,ATF3,-0.0920678072,489
Treg,362,REL,3.82923194,72
Treg,362,HSF1,0.0308804475,475
Treg,362,EPAS1,1.31972384,336
Treg,363,HIF1A,7.8559039,4
Treg,363,NFKB1,3.18878731,115
Treg,363,STAT3,4.23510172,51
Treg,363,CREB1,6.98568619,6
Treg,363,ATF3,1.42190044,306
Treg,363,REL,3.53212852,92
Treg,363,HSF1,2.65072201,157
Treg,363,EPAS1,3.62790315,82
Treg,364,HIF1A,6.18825289,7
Treg,364,NFKB1,5.15902458,25
Treg,364,STAT3,5.35296542,18
Treg,364,CREB1,5.98350731,8
Treg,364,ATF3,-0.784583488,542
Treg,364,REL,4.16062,53
Treg,364,HSF1,0.384664764,434
Treg,364,EPAS1,3.6860704,78
Treg,365,HIF1A,6.50009351,8
Treg,365,NFKB1,5.35562375,22
Treg,365,STAT3,4.36771201,47
Treg,365,CREB1,3.67991832,79
Treg,365,ATF3,0.728907165,414
Treg,365,REL,2.61960239,165
Treg,365,HSF1,0.849224036,396
Treg,365,EPAS1,2.19646476,214
Treg,366,HIF1A,5.85329722,11
Treg,366,NFKB1,4.44429352,36
Treg,366,STAT3,4.15355078,49
Treg,366,CREB1,5.6771658,14
Treg,366,ATF3,0.376417067,465
Treg,366,REL,4.25819719,39
Treg,366,HSF1,0.799460822,411
Treg,366,EPAS1,3.23748325,116
Treg,367,HIF1A,6.80912692,8
Treg,367,NFKB1,4.63099049,40
Treg,367,STAT3,4.79196366,34
Treg,367,CREB1,4.9598814,27
Treg,367,ATF3,2.72040877,162
Treg,367,REL,2.50335582,190
Treg,367,HSF1,-0.711746756,545
Treg,367,EPAS1,1.94983173,247
Treg,368,HIF1A,8.02521374,1
Treg,368,NFKB1,4.71273284,33
Treg,368,STAT3,6.80143919,6
Treg,368,CREB1,5.10544402,22
Treg,368,ATF3,0.528777219,415
Treg,368,REL,2.37726247,188
Treg,368,HSF1,3.08101529,122
Treg,368,EPAS1,1.80837194,258
Treg,369,HIF1A,5.45088153,16
Treg,369,NFKB1,4.20754655,49
Treg,369,STAT3,4.48049134,39
Treg,369,CREB1,5.60650558,12
Treg,369,ATF3,0.644055764,420
Treg,369,REL,2.20539142,223
Treg,369,HSF1,2.23534394,217
Treg,369,EPAS1,1.33174437,329
Treg,370,HIF1A,5.49662729,17
Treg,370,NFKB1,4.47609722,46
Treg,370,STAT3,8.94268441,1
Treg,370,CREB1,6.54951452,9
Treg,370,ATF3,1.79565503,256
Treg,370,REL,5.34291423,23
Treg,370,HSF1,1.90572814,240
Treg,370,EPAS1,5.35805191,21
Treg,371,HIF1A,7.16281255,3
Treg,371,NFKB1,6.47291496,10
Treg,371,STAT3,6.91866904,5
Treg,371,CREB1,7.26216027,2
Treg,371,ATF3,2.47549258,179
Treg,371,REL,1.89430889,266
Treg,371,HSF1,3.65481014,73
Treg,371,EPAS1,1.52389421,321
Treg,372,HIF1A,7.4168187,5
Treg,372,NFKB1,6.23038309,11
Treg,372,STAT3,7.45339893,4
Treg,372,CREB1,5.11423064,21
Treg,372,ATF3,1.15573224,360
Treg,372,REL,1.91387221,255
Treg,372,HSF1,1.75512636,280
Treg,372,EPAS1,2.8046229,139
Treg,373,HIF1A,8.19300841,3
Treg,373,NFKB1,5.13317097,26
Treg,373,STAT3,7.27627027,6
Treg,373,CREB1,4.66531957,33
Treg,373,ATF3,0.0521078256,477
Treg,373,REL,3.42271718,105
Treg,373,HSF1,3.4430251,104
Treg,373,EPAS1,2.05099919,246
Treg,374,HIF1A,7.65696082,3
Treg,374,NFKB1,5.4148295,20
Treg,374,STAT3,6.03307546,11
Treg,374,CREB1,3.75949272,71
Treg,374,ATF3,0.829101936,393
Treg,374,REL,1.9921477,231
Treg,374,HSF1,1.83918892,248
Treg,374,EPAS1,3.09642247,125
Treg,375,HIF1A,7.37507787,5
Treg,375,NFKB1,6.45022565,11
Treg,375,STAT3,6.58648342,10
Treg,375,CREB1,4.48314012,34
Treg,375,ATF3,2.81662548,132
Treg,375,REL,1.13462606,347
Treg,375,HSF1,4.045642,53
Treg,375,EPAS1,2.66625497,148
Treg,376,HIF1A,6.22420169,12
Treg,376,NFKB1,6.71766506,6
Treg,376,STAT3,4.52633391,41
Treg,376,CREB1,4.8298872,28
Treg,376,ATF3,3.77829657,72
Treg,376,REL,2.24785266,215
Treg,376,HSF1,3.48853876,84
Treg,376,EPAS1,3.43737634,89
Treg,377,HIF1A,4.48659449,32
Treg,377,NFKB1,5.71657938,13
Treg,377,STAT3,3.71467417,69
Treg,377,CREB1,4.31638464,37
Treg,377,ATF3,1.68882929,284
Treg,377,REL,3.56298757,79
Treg,377,HSF1,3.7712881,64
Treg,377,EPAS1,3.30566742,97
Treg,378,HIF1A,5.7631243,13
Treg,378,NFKB1,5.70450378,14
Treg,378,STAT3,6.27530223,8
Treg,378,CREB1,6.31988878,7
Treg,378,ATF3,0.720295657,412
Treg,378,REL,4.22455103,58
Treg,378,HSF1,1.74654606,283
Treg,378,EPAS1,3.0536342,139
Treg,379,HIF1A,4.27700466,39
Treg,379,NFKB1,5.64754717,11
Treg,379,STAT3,3.54883121,77
Treg,379,CREB1,5.39430482,18
Treg,379,ATF3,2.3675772,204
Treg,379,REL,5.42064586,16
Treg,379,HSF1,2.46438774,193
Treg,379,EPAS1,1.49854158,308
Treg,380,HIF1A,3.8545323,67
Treg,380,NFKB1,6.7058869,6
Treg,380,STAT3,5.32133916,16
Treg,380,CREB1,5.48414495,14
Treg,380,ATF3,2.19520111,219
Treg,380,REL,2.18233034,221
Treg,380,HSF1,2.33351929,206
Treg,380,EPAS1,2.24685907,214
Treg,381,HIF1A,3.6868476,77
Treg,381,NFKB1,6.9058279,6
Treg,381,STAT3,5.46492516,16
Treg,381,CREB1,4.4859879,41
Treg,381,ATF3,2.51844189,189
Treg,381,REL,2.70139077,163
Treg,381,HSF1,3.19907318,119
Treg,381,EPAS1,1.32082435,345
Treg,382,HIF1A,4.39020959,48
Treg,382,NFKB1,6.28625015,8
Treg,382,STAT3,6.34553368,7
Treg,382,CREB1,5.27460901,20
Treg,382,ATF3,4.77006678,32
Treg,382,REL,3.47603681,90
Treg,382,HSF1,4.07588943,61
Treg,382,EPAS1,1.24773457,336
Treg,383,HIF1A,5.04421983,24
Treg,383,NFKB1,6.20276941,11
Treg,383,STAT3,6.23460533,9
Treg,383,CREB1,4.33224962,44
Treg,383,ATF3,1.87519163,243
Treg,383,REL,3.15222381,123
Treg,383,HSF1,3.61261401,79
Treg,383,EPAS1,4.04998247,58
Treg,384,HIF1A,4.09100836,59
Treg,384,NFKB1,7.27192995,3
Treg,384,STAT3,3.90465835,63
Treg,384,CREB1,4.28230502,49
Treg,384,ATF3,0.335577777,455
Treg,384,REL,5.03473318,21
Treg,384,HSF1,3.283187,99
Treg,384,EPAS1,3.42983149,88
Treg,385,HIF1A,3.16308772,111
Treg,385,NFKB1,7.4440049,4
Treg,385,STAT3,5.02262845,25
Treg,385,CREB1,6.09968503,13
Treg,385,ATF3,3.09154551,119
Treg,385,REL,3.04073614,124
Treg,385,HSF1,4.94699651,28
Treg,385,EPAS1,4.31442235,45
Treg,386,HIF1A,3.20144533,125
Treg,386,NFKB1,7.62140758,2
Treg,386,STAT3,6.85627065,6
Treg,386,CREB1,6.93333447,5
Treg,386,ATF3,0.69908395,398
Treg,386,REL,3.07516912,136
Treg,386,HSF1,4.90719173,35
Treg,386,EPAS1,3.08396895,133
Treg,387,HIF1A,3.56782651,83
Treg,387,NFKB1,5.67045805,11
Treg,387,STAT3,5.51477457,16
Treg,387,CREB1,6.220825,7
Treg,387,ATF3,2.76391574,159
Treg,387,REL,5.53233187,15
Treg,387,HSF1,1.26168657,344
Treg,387,EPAS1,3.14545155,127
Treg,388,HIF1A,5.92762856,13
Treg,388,NFKB1,6.68519325,3
Treg,388,STAT3,4.88576995,31
Treg,388,CREB1,6.72809647,2
Treg,388,ATF3,1.6019273,315
Treg,388,REL,2.9372636,138
Treg,388,HSF1,5.18673176,26
Treg,388,EPAS1,1.70235229,295
Treg,389,HIF1A,6.02912573,12
Treg,389,NFKB1,7.36566494,3
Treg,389,STAT3,5.3523979,20
Treg,389,CREB1,7.40034009,2
Treg,389,ATF3,1.60270348,298
Treg,389,REL,2.91711218,135
Treg,389,HSF1,0.951012975,379
Treg,389,EPAS1,0.419659931,451
Treg,390,HIF1A,4.3319103,41
Treg,390,NFKB1,6.65212838,6
Treg,390,STAT3,7.16726494,4
Treg,390,CREB1,6.2654376,7
Treg,390,ATF3,-0.417734419,507
Treg,390,REL,5.4429856,19
Treg,390,HSF1,2.17099569,227
Treg,390,EPAS1,3.78661393,66
Treg,391,HIF1A,5.18095617,23
Treg,391,NFKB1,6.32198687,10
Treg,391,STAT3,5.13831323,25
Treg,391,CREB1,7.00783791,5
Treg,391,ATF3,-0.426384778,514
Treg,391,REL,3.31363065,106
Treg,391,HSF1,1.88010522,257
Treg,391,EPAS1,2.69943631,163
Treg,392,HIF1A,5.11297698,25
Treg,392,NFKB1,5.17354644,23
Treg,392,STAT3,6.37412506,8
Treg,392,CREB1,6.70928659,6
Treg,392,ATF3,3.90911923,67
Treg,392,REL,2.28531822,199
Treg,392,HSF1,3.95598671,63
Treg,392,EPAS1,2.45697273,187
Treg,393,HIF1A,5.55636494,10
Treg,393,NFKB1,4.90777238,19
Treg,393,STAT3,4.89669238,21
Treg,393,CREB1,5.16201201,16
Treg,393,ATF3,1.49044758,298
Treg,393,REL,3.91382155,64
Treg,393,HSF1,2.95378043,140
Treg,393,EPAS1,2.8222512,156
Treg,394,HIF1A,6.60902931,6
Treg,394,NFKB1,5.87511106,13
Treg,394,STAT3,3.75895854,74
Treg,394,CREB1,5.63791331,16
Treg,394,ATF3,3.47144099,93
Treg,394,REL,3.2964601,112
Treg,394,HSF1,3.15354549,134
Treg,394,EPAS1,2.38572526,191
Treg,395,HIF1A,6.80570292,6
Treg,395,NFKB1,5.58138974,15
Treg,395,STAT3,4.09792643,53
Treg,395,CREB1,4.71650414,33
Treg,395,ATF3,2.92280873,145
Treg,395,REL,3.6613276,83
Treg,395,HSF1,2.66711371,176
Treg,395,EPAS1,3.37497442,108
Treg,396,HIF1A,5.22085406,21
Treg,396,NFKB1,4.54273168,40
Treg,396,STAT3,5.06111505,23
Treg,396,CREB1,2.88220793,133
Treg,396,ATF3,2.12474523,234
Treg,396,REL,2.77537337,152
Treg,396,HSF1,2.12957631,231
Treg,396,EPAS1,1.5477735,308
Treg,397,HIF1A,6.06442445,7
Treg,397,NFKB1,3.9636055,63
Treg,397,STAT3,5.69069255,13
Treg,397,CREB1,7.18536337,6
Treg,397,ATF3,2.91239665,134
Treg,397,REL,0.672220725,414
Treg,397,HSF1,4.25638447,47
Treg,397,EPAS1,0.37864372,445
Treg,398,HIF1A,4.7711052,32
Treg,398,NFKB1,4.85115552,28
Treg,398,STAT3,4.86940622,27
Treg,398,CREB1,4.20299616,48
Treg,398,ATF3,1.4237415,314
Treg,398,REL,2.25812962,210
Treg,398,HSF1,3.41897338,100
Treg,398,EPAS1,3.29395685,118
Treg,399,HIF1A,4.05380441,65
Treg,399,NFKB1,6.45754736,6
Treg,399,STAT3,5.6598791,15
Treg,399,CREB1,5.28384267,22
Treg,399,ATF3,2.30071228,205
Treg,399,REL,3.09149345,132
Treg,399,HSF1,3.95059587,70
Treg,399,EPAS1,3.71483824,82
Treg,400,HIF1A,3.90865623,68
Treg,400,NFKB1,4.91169764,30
Treg,400,STAT3,5.81107852,15
Treg,400,CREB1,7.33025205,5
Treg,400,ATF3,-0.427134029,523
Treg,400,REL,3.12583484,112
Treg,400,HSF1,1.79895934,261
Treg,400,EPAS1,3.23078328,106
Treg,401,HIF1A,2.80039029,147
Treg,401,NFKB1,5.99491232,11
Treg,401,STAT3,5.08978681,23
Treg,401,CREB1,6.17784933,8
Treg,401,ATF3,2.35480527,189
Treg,401,REL,1.3791149,316
Treg,401,HSF1,1.34365519,324
Treg,401,EPAS1,1.80993782,255
Treg,402,HIF1A,3.62824131,90
Treg,402,NFKB1,5.47737652,21
Treg,402,STAT3,3.74138486,77
Treg,402,CREB1,6.84519265,4
Treg,402,ATF3,2.36884051,200
Treg,402,REL,1.06740883,370
Treg,402,HSF1,2.30905691,206
Treg,402,EPAS1,5.74252383,14
Treg,403,HIF1A,4.22141473,48
Treg,403,NFKB1,3.9739625,60
Treg,403,STAT3,5.81587517,13
Treg,403,CREB1,6.59708767,5
Treg,403,ATF3,2.33625054,197
Treg,403,REL,2.00802595,237
Treg,403,HSF1,2.24695234,210
Treg,403,EPAS1,1.99649952,238
Treg,404,HIF1A,4.08585239,57
Treg,404,NFKB1,7.40808239,2
Treg,404,STAT3,5.96761751,10
Treg,404,CREB1,5.8024209,14
Treg,404,ATF3,2.32085459,202
Treg,404,REL,2.80582795,149
Treg,404,HSF1,2.97461128,138
Treg,404,EPAS1,2.03484789,234
Treg,405,HIF1A,5.4832807,15
Treg,405,NFKB1,6.25818999,8
Treg,405,STAT3,6.09546367,11
Treg,405,CREB1,5.29756221,21
Treg,405,ATF3,0.600892051,408
Treg,405,REL,3.35815966,101
Treg,405,HSF1,1.93884498,242
Treg,405,EPAS1,4.56553025,40
Treg,406,HIF1A,5.48793552,20
Treg,406,NFKB1,6.37853773,10
Treg,406,STAT3,4.75729642,35
Treg,406,CREB1,5.42101575,22
Treg,406,ATF3,0.936134269,375
Treg,406,REL,4.94678074,29
Treg,406,HSF1,1.87265396,258
Treg,406,EPAS1,2.74188912,164
Treg,407,HIF1A,4.91178457,31
Treg,407,NFKB1,7.17293392,5
Treg,407,STAT3,3.60582817,82
Treg,407,CREB1,6.44841674,10
Treg,407,ATF3,1.43751437,310
Treg,407,REL,2.51793002,184
Treg,407,HSF1,2.5881817,173
Treg,407,EPAS1,2.46960269,188
Treg,408,HIF1A,4.44080123,39
Treg,408,NFKB1,6.47022473,8
Treg,408,STAT3,2.9192245,147
Treg,408,CREB1,6.58316875,6
Treg,408,ATF3,3.38719644,102
Treg,408,REL,2.64981681,172
Treg,408,HSF1,2.30405724,218
Treg,408,EPAS1,3.09922983,126
Treg,409,HIF1A,4.67256583,32
Treg,409,NFKB1,5.16697569,20
Treg,409,STAT3,4.50034358,40
Treg,409,CREB1,5.7364292,11
Treg,409,ATF3,1.93437053,253
Treg,409,REL,5.02785623,25
Treg,409,HSF1,1.83198278,266
Treg,409,EPAS1,3.36209827,110
Treg,410,HIF1A,5.8969017,13
Treg,410,NFKB1,6.4149061,7
Treg,410,STAT3,5.18734454,27
Treg,410,CREB1,8.3881718,2
Treg,410,ATF3,3.80756377,78
Treg,410,REL,3.87616399,74
Treg,410,HSF1,0.469990893,439
Treg,410,EPAS1,2.28956555,205
Treg,411,HIF1A,4.33981325,40
Treg,411,NFKB1,4.92851087,25
Treg,411,STAT3,5.77381278,10
Treg,411,CREB1,7.77811924,2
Treg,411,ATF3,1.18729843,354
Treg,411,REL,3.62938653,76
Treg,411,HSF1,1.8025135,270
Treg,411,EPAS1,1.77097316,274
Treg,412,HIF1A,6.30676415,5
Treg,412,NFKB1,5.74796662,10
Treg,412,STAT3,5.43884277,17
Treg,412,CREB1,6.52446422,4
Treg,412,ATF3,2.32205359,202
Treg,412,REL,2.92509798,136
Treg,412,HSF1,2.87918184,141
Treg,412,EPAS1,2.50077639,182
Treg,413,HIF1A,6.47773317,7
Treg,413,NFKB1,7.29199555,4
Treg,413,STAT3,4.1621051,58
Treg,413,CREB1,5.68564558,12
Treg,413,ATF3,2.90118406,139
Treg,413,REL,4.16433365,57
Treg,413,HSF1,3.70899435,85
Treg,413,EPAS1,0.826584436,389
Treg,414,HIF1A,6.74757697,5
Treg,414,NFKB1,8.40901629,1
Treg,414,STAT3,5.77819776,14
Treg,414,CREB1,6.08743125,10
Treg,414,ATF3,3.4782339,93
Treg,414,REL,4.98364598,26
Treg,414,HSF1,0.764062433,401
Treg,414,EPAS1,3.88724911,71
Treg,415,HIF1A,7.17108482,5
Treg,415,NFKB1,5.19897671,24
Treg,415,STAT3,5.58530551,17
Treg,415,CREB1,5.43164323,20
Treg,415,ATF3,0.293881248,450
Treg,415,REL,2.91866458,146
Treg,415,HSF1,0.901127682,371
Treg,415,EPAS1,4.51305436,42
Treg,416,HIF1A,7.05227591,6
Treg,416,NFKB1,5.23992679,27
Treg,416,STAT3,5.83776577,13
Treg,416,CREB1,5.89377642,12
Treg,416,ATF3,2.31561999,198
Treg,416,REL,2.86345977,134
Treg,416,HSF1,2.71601226,152
Treg,416,EPAS1,4.58355332,34
Treg,417,HIF1A,6.97753693,6
Treg,417,NFKB1,5.12383926,25
Treg,417,STAT3,5.12877831,24
Treg,417,CREB1,6.28383051,9
Treg,417,ATF3,2.58145431,178
Treg,417,REL,2.36283157,203
Treg,417,HSF1,2.91842434,146
Treg,417,EPAS1,3.08117782,133
Treg,418,HIF1A,7.28287543,5
Treg,418,NFKB1,5.44622998,18
Treg,418,STAT3,6.03449998,11
Treg,418,CREB1,4.74376729,32
Treg,418,ATF3,-1.9115541,582
Treg,418,REL,5.85714402,13
Treg,418,HSF1,1.77005201,269
Treg,418,EPAS1,2.9945386,136
Treg,419,HIF1A,7.3640596,6
Treg,419,NFKB1,5.98679678,11
Treg,419,STAT3,4.79617986,28
Treg,419,CREB1,4.89808988,24
Treg,419,ATF3,0.0558551279,483
Treg,419,REL,4.95311758,22
Treg,419,HSF1,1.8633579,269
Treg,419,EPAS1,4.49441063,36
Treg,420,HIF1A,7.6725083,3
Treg,420,NFKB1,5.05156899,23
Treg,420,STAT3,5.45494951,17
Treg,420,CREB1,3.99041546,50
Treg,420,ATF3,3.35483122,90
Treg,420,REL,5.30142103,20
Treg,420,HSF1,1.41443018,323
Treg,420,EPAS1,5.38139115,18
Treg,421,HIF1A,6.07670966,8
Treg,421,NFKB1,4.62397568,29
Treg,421,STAT3,3.86309377,70
Treg,421,CREB1,4.39478835,36
Treg,421,ATF3,0.329225313,462
Treg,421,REL,4.03865082,52
Treg,421,HSF1,2.62577964,174
Treg,421,EPAS1,2.99689116,134
Treg,422,HIF1A,5.88024599,12
Treg,422,NFKB1,4.43889355,45
Treg,422,STAT3,5.04434401,21
Treg,422,CREB1,3.31074021,102
Treg,422,ATF3,2.47076355,184
Treg,422,REL,2.56378833,175
Treg,422,HSF1,3.26779547,107
Treg,422,EPAS1,2.57947861,173
Treg,423,HIF1A,5.44502164,18
Treg,423,NFKB1,6.67395697,6
Treg,423,STAT3,2.6515761,156
Treg,423,CREB1,5.07626564,24
Treg,423,ATF3,-0.245259424,511
Treg,423,REL,0.856702376,377
Treg,423,HSF1,1.94953125,233
Treg,423,EPAS1,6.1464953,9
Treg,424,HIF1A,6.40180253,9
Treg,424,NFKB1,5.93057721,12
Treg,424,STAT3,3.34767002,91
Treg,424,CREB1,3.20450495,107
Treg,424,ATF3,1.72034014,276
Treg,424,REL,-0.592294415,539
Treg,424,HSF1,1.43442161,327
Treg,424,EPAS1,4.08034503,48
Treg,425,HIF1A,3.84370574,68
Treg,425,NFKB1,4.50773676,38
Treg,425,STAT3,5.2377824,17
Treg,425,CREB1,6.17875655,8
Treg,425,ATF3,0.791659226,403
Treg,425,REL,2.44050271,192
Treg,425,HSF1,3.13874055,125
Treg,425,EPAS1,3.95239368,62
Treg,426,HIF1A,4.24603947,57
Treg,426,NFKB1,6.03030353,6
Treg,426,STAT3,4.12912176,62
Treg,426,CREB1,5.75360558,14
Treg,426,ATF3,2.81583692,141
Treg,426,REL,1.42164355,316
Treg,426,HSF1,2.68797092,153
Treg,426,EPAS1,0.282878325,457
Treg,427,HIF1A,3.3069296,102
Treg,427,NFKB1,5.96664051,11
Treg,427,STAT3,4.47148287,38
Treg,427,CREB1,5.51578711,17
Treg,427,ATF3,1.92328029,259
Treg,427,REL,4.35576286,45
Treg,427,HSF1,3.89725854,63
Treg,427,EPAS1,0.772790987,394
Treg,428,HIF1A,4.38239451,34
Treg,428,NFKB1,5.80746092,13
Treg,428,STAT3,5.25159284,20
Treg,428,CREB1,6.96183975,5
Treg,428,ATF3,0.677679179,407
Treg,428,REL,3.35125254,101
Treg,428,HSF1,2.7755176,162
Treg,428,EPAS1,1.37085999,314
Treg,429,HIF1A,5.09947906,22
Treg,429,NFKB1,5.08057605,23
Treg,429,STAT3,3.81486698,69
Treg,429,CREB1,5.31072064,17
Treg,429,ATF3,2.50179629,195
Treg,429,REL,2.92059069,148
Treg,429,HSF1,1.16848752,356
Treg,429,EPAS1,3.71519395,74
Treg,430,HIF1A,3.59193098,91
Treg,430,NFKB1,5.5393838,14
Treg,430,STAT3,5.65025026,10
Treg,430,CREB1,5.62674724,12
Treg,430,ATF3,1.66752002,284
Treg,430,REL,1.81016016,269
Treg,430,HSF1,3.9638758100000002,71
Treg,430,EPAS1,2.70783594,168
Treg,431,HIF1A,3.26996993,101
Treg,431,NFKB1,7.45598505,3
Treg,431,STAT3,4.21315798,44
Treg,431,CREB1,5.40414901,14
Treg,431,ATF3,2.69360075,163
Treg,431,REL,1.11296229,362
Treg,431,HSF1,4.08996924,51
Treg,431,EPAS1,1.6226258,300
Treg,432,HIF1A,3.96718599,61
Treg,432,NFKB1,8.11509947,2
Treg,432,STAT3,5.83272439,12
Treg,432,CREB1,3.77197203,65
Treg,432,ATF3,1.61962658,282
Treg,432,REL,5.01214237,24
Treg,432,HSF1,0.251445295,471
Treg,432,EPAS1,1.35579884,331
Treg,433,HIF1A,4.55447139,33
Treg,433,NFKB1,7.90174386,2
Treg,433,STAT3,4.42064233,42
Treg,433,CREB1,2.33288277,198
Treg,433,ATF3,-0.604850449,530
Treg,433,REL,3.19008483,106
Treg,433,HSF1,1.35700252,324
Treg,433,EPAS1,2.79868698,149
Treg,434,HIF1A,5.55179858,15
Treg,434,NFKB1,6.67924276,4
Treg,434,STAT3,5.62501478,13
Treg,434,CREB1,5.08121853,27
Treg,434,ATF3,0.532370558,428
Treg,434,REL,3.43865661,101
Treg,434,HSF1,2.900172,153
Treg,434,EPAS1,3.2035008,126
Treg,435,HIF1A,4.95187325,28
Treg,435,NFKB1,5.93197503,10
Treg,435,STAT3,4.50955234,44
Treg,435,CREB1,5.40353788,17
Treg,435,ATF3,0.266386383,472
Treg,435,REL,5.51865802,15
Treg,435,HSF1,4.1137083,60
Treg,435,EPAS1,4.64101897,37
Treg,436,HIF1A,5.19732044,18
Treg,436,NFKB1,6.93895681,4
Treg,436,STAT3,3.93000685,61
Treg,436,CREB1,3.53406261,93
Treg,436,ATF3,2.71530661,159
Treg,436,REL,2.55039742,178
Treg,436,HSF1,3.79994412,71
Treg,436,EPAS1,4.05039439,54
Treg,437,HIF1A,7.16264014,4
Treg,437,NFKB1,7.1677851,3
Treg,437,STAT3,3.63398942,90
Treg,437,CREB1,4.28994334,53
Treg,437,ATF3,3.35587432,109
Treg,437,REL,3.39910882,107
Treg,437,HSF1,3.69948798,87
Treg,437,EPAS1,3.43992267,105
Treg,438,HIF1A,6.35159031,6
Treg,438,NFKB1,7.21336954,2
Treg,438,STAT3,5.48754825,18
Treg,438,CREB1,5.55226222,16
Treg,438,ATF3,0.194953234,452
Treg,438,REL,2.30020928,210
Treg,438,HSF1,2.56277871,179
Treg,438,EPAS1,5.87842572,14
Treg,439,HIF1A,6.22565,9
Treg,439,NFKB1,6.76096789,6
Treg,439,STAT3,5.28912439,22
Treg,439,CREB1,5.31418572,20
Treg,439,ATF3,1.14366973,371
Treg,439,REL,2.3416517,216
Treg,439,HSF1,1.85588551,278
Treg,439,EPAS1,4.10181544,59
Treg,440,HIF1A,5.67665225,13
Treg,440,NFKB1,8.05257304,2
Treg,440,STAT3,3.70452919,86
Treg,440,CREB1,5.70440202,12
Treg,440,ATF3,2.32570059,220
Treg,440,REL,3.72034192,83
Treg,440,HSF1,5.27265737,17
Treg,440,EPAS1,1.62883307,298
Treg,441,HIF1A,3.94331142,63
Treg,441,NFKB1,7.80356282,3
Treg,441,STAT3,3.908278,67
Treg,441,CREB1,6.90812856,9
Treg,441,ATF3,0.475643973,442
Treg,441,REL,4.54237775,40
Treg,441,HSF1,4.8596342,30
Treg,441,EPAS1,2.16718635,227
Treg,442,HIF1A,4.99692044,24
Treg,442,NFKB1,7.87182244,3
Treg,442,STAT3,5.30339115,18
Treg,442,CREB1,6.07197027,11
Treg,442,ATF3,-0.0627824722,491
Treg,442,REL,2.66249173,179
Treg,442,HSF1,2.73695914,166
Treg,442,EPAS1,3.61769206,73
Treg,443,HIF1A,3.78372491,74
Treg,443,NFKB1,7.44108985,4
Treg,443,STAT3,4.50445581,45
Treg,443,CREB1,6.74690126,9
Treg,443,ATF3,4.24852419,53
Treg,443,REL,3.16904394,116
Treg,443,HSF1,1.43068511,311
Treg,443,EPAS1,2.78512491,159
Treg,444,HIF1A,5.04897721,26
Treg,444,NFKB1,5.12829173,23
Treg,444,STAT3,5.86889481,14
Treg,444,CREB1,5.85126439,15
Treg,444,ATF3,4.71089596,32
Treg,444,REL,4.39853248,41
Treg,444,HSF1,2.04386341,237
Treg,444,EPAS1,3.95979355,61
Treg,445,HIF1A,5.44332198,19
Treg,445,NFKB1,5.64089946,12
Treg,445,STAT3,6.60713824,7
Treg,445,CREB1,5.89496012,8
Treg,445,ATF3,0.12510549,474
Treg,445,REL,3.76691238,70
Treg,445,HSF1,0.148062649,471
Treg,445,EPAS1,4.78702209,30
Treg,446,HIF1A,4.76361154,28
Treg,446,NFKB1,4.8986599,27
Treg,446,STAT3,6.714017,6
Treg,446,CREB1,5.66641011,13
Treg,446,ATF3,2.47236087,170
Treg,446,REL,4.03373074,55
Treg,446,HSF1,2.12263389,213
Treg,446,EPAS1,2.02158484,223
Treg,447,HIF1A,5.64920391,13
Treg,447,NFKB1,4.51661152,52
Treg,447,STAT3,6.20279119,8
Treg,447,CREB1,7.05370584,4
Treg,447,ATF3,1.31656872,336
Treg,447,REL,3.96383993,79
Treg,447,HSF1,2.94218403,133
Treg,447,EPAS1,1.07617481,367
Treg,448,HIF1A,6.63430149,5
Treg,448,NFKB1,7.11594286,2
Treg,448,STAT3,6.18019628,9
Treg,448,CREB1,5.7436604000000004,15
Treg,448,ATF3,3.30315338,105
Treg,448,REL,3.4914517,91
Treg,448,HSF1,1.4957057,301
Treg,448,EPAS1,2.47297029,180
Treg,449,HIF1A,6.52672876,5
Treg,449,NFKB1,6.01833721,8
Treg,449,STAT3,5.63832302,14
Treg,449,CREB1,5.6649338,13
Treg,449,ATF3,0.981533136,376
Treg,449,REL,5.69089096,11
Treg,449,HSF1,3.63695777,69
Treg,449,EPAS1,1.64738636,276
Treg,450,HIF1A,4.75902145,28
Treg,450,NFKB1,5.24388023,18
Treg,450,STAT3,2.90717656,146
Treg,450,CREB1,5.14836962,21
Treg,450,ATF3,2.56132349,187
Treg,450,REL,2.83298346,155
Treg,450,HSF1,3.53640149,86
Treg,450,EPAS1,3.63250621,76
Treg,451,HIF1A,4.15007429,50
Treg,451,NFKB1,4.91899067,30
Treg,451,STAT3,3.23302799,108
Treg,451,CREB1,6.54460607,10
Treg,451,ATF3,4.38232829,46
Treg,451,REL,3.42516615,90
Treg,451,HSF1,1.92882803,256
Treg,451,EPAS1,2.55944766,178
Treg,452,HIF1A,5.40149164,22
Treg,452,NFKB1,6.60297994,8
Treg,452,STAT3,4.10656432,60
Treg,452,CREB1,7.58182271,4
Treg,452,ATF3,1.61086145,281
Treg,452,REL,5.04428061,30
Treg,452,HSF1,-0.637309957,542
Treg,452,EPAS1,3.96474026,70
Treg,453,HIF1A,5.05197139,26
Treg,453,NFKB1,6.59638534,9
Treg,453,STAT3,8.01164583,4
Treg,453,CREB1,8.42937869,2
Treg,453,ATF3,0.397814724,438
Treg,453,REL,6.92026109,5
Treg,453,HSF1,3.30210422,103
Treg,453,EPAS1,2.7853631,148
Treg,454,HIF1A,4.43548809,45
Treg,454,NFKB1,4.67798456,39
Treg,454,STAT3,5.00910098,26
Treg,454,CREB1,6.27931065,6
Treg,454,ATF3,1.49772753,318
Treg,454,REL,5.98179326,8
Treg,454,HSF1,4.77031641,32
Treg,454,EPAS1,3.82646521,67
Treg,455,HIF1A,6.26937343,10
Treg,455,NFKB1,6.02649699,13
Treg,455,STAT3,5.82855054,15
Treg,455,CREB1,5.53612899,19
Treg,455,ATF3,2.17826813,218
Treg,455,REL,4.7258042,34
Treg,455,HSF1,3.40285952,103
Treg,455,EPAS1,2.37722892,190
Treg,456,HIF1A,7.04257107,5
Treg,456,NFKB1,4.88551684,28
Treg,456,STAT3,4.29235996,52
Treg,456,CREB1,3.93805659,73
Treg,456,ATF3,2.5483929,183
Treg,456,REL,3.52567724,95
Treg,456,HSF1,4.88966757,27
Treg,456,EPAS1,2.91557247,150
Treg,457,HIF1A,6.26858849,11
Treg,457,NFKB1,6.6900987,7
Treg,457,STAT3,6.76385754,6
Treg,457,CREB1,6.39552772,8
Treg,457,ATF3,0.900075069,386
Treg,457,REL,4.80467047,30
Treg,457,HSF1,2.60170895,159
Treg,457,EPAS1,1.60202842,299
Treg,458,HIF1A,5.95962641,11
Treg,458,NFKB1,5.08715536,22
Treg,458,STAT3,4.67579538,33
Treg,458,CREB1,6.13240283,8
Treg,458,ATF3,1.68695182,305
Treg,458,REL,2.82575497,168
Treg,458,HSF1,3.61457571,92
Treg,458,EPAS1,2.34404762,228
Treg,459,HIF1A,5.19960542,23
Treg,459,NFKB1,4.79110127,34
Treg,459,STAT3,5.51530306,12
Treg,459,CREB1,6.23865958,6
Treg,459,ATF3,2.35684613,203
Treg,459,REL,2.97315946,138
Treg,459,HSF1,1.63365201,298
Treg,459,EPAS1,1.69967775,291
Treg,460,HIF1A,4.55797569,40
Treg,460,NFKB1,5.29247571,20
Treg,460,STAT3,6.9240421,3
Treg,460,CREB1,5.76956368,11
Treg,460,ATF3,1.42442891,324
Treg,460,REL,3.05654382,134
Treg,460,HSF1,3.56244787,95
Treg,460,EPAS1,3.78683447,78
Treg,461,HIF1A,5.45029324,19
Treg,461,NFKB1,5.91859746,9
Treg,461,STAT3,7.54743314,2
Treg,461,CREB1,5.08741676,29
Treg,461,ATF3,3.85789389,83
Treg,461,REL,4.35807225,60
Treg,461,HSF1,4.64937806,43
Treg,461,EPAS1,0.524224237,432
Treg,462,HIF1A,5.33948368,20
Treg,462,NFKB1,5.40691697,17
Treg,462,STAT3,7.54949677,3
Treg,462,CREB1,6.32280103,7
Treg,462,ATF3,1.65127617,282
Treg,462,REL,3.70071722,82
Treg,462,HSF1,5.11542287,23
Treg,462,EPAS1,2.33536248,195
Treg,463,HIF1A,5.91893598,10
Treg,463,NFKB1,1.0765444,363
Treg,463,STAT3,5.96121672,9
Treg,463,CREB1,4.65105609,34
Treg,463,ATF3,2.00506232,255
Treg,463,REL,3.53781741,84
Treg,463,HSF1,4.02859442,51
Treg,463,EPAS1,3.41589642,94
Treg,464,HIF1A,6.24745505,6
Treg,464,NFKB1,4.53174651,39
Treg,464,STAT3,5.61472383,15
Treg,464,CREB1,5.57286479,18
Treg,464,ATF3,5.04979005,22
Treg,464,REL,5.16662761,21
Treg,464,HSF1,1.2432325,336
Treg,464,EPAS1,4.75488651,30
Treg,465,HIF1A,5.58293703,17
Treg,465,NFKB1,5.3470945,22
Treg,465,STAT3,5.07643108,26
Treg,465,CREB1,6.11664617,10
Treg,465,ATF3,1.04455717,370
Treg,465,REL,3.34960481,105
Treg,465,HSF1,3.1114005,129
Treg,465,EPAS1,2.84089109,156
Treg,466,HIF1A,6.97107831,3
Treg,466,NFKB1,4.50216377,42
Treg,466,STAT3,4.6158418,38
Treg,466,CREB1,4.49775298,43
Treg,466,ATF3,0.284102956,481
Treg,466,REL,2.25983998,227
Treg,466,HSF1,2.7482398200000002,156
Treg,466,EPAS1,2.05050445,258
Treg,467,HIF1A,8.20892345,1
Treg,467,NFKB1,6.26117533,8
Treg,467,STAT3,5.18619057,26
Treg,467,CREB1,4.86182609,33
Treg,467,ATF3,-0.400890999,529
Treg,467,REL,1.0104273,376
Treg,467,HSF1,4.01107088,61
Treg,467,EPAS1,3.21611269,117
Treg,468,HIF1A,7.41734248,4
Treg,468,NFKB1,5.77010096,10
Treg,468,STAT3,5.20092172,23
Treg,468,CREB1,5.94751547,8
Treg,468,ATF3,2.42514752,190
Treg,468,REL,1.61247622,299
Treg,468,HSF1,4.85128908,35
Treg,468,EPAS1,4.92759798,33
Treg,469,HIF1A,6.42180933,7
Treg,469,NFKB1,7.02701232,4
Treg,469,STAT3,7.01668203,5
Treg,469,CREB1,5.03960134,24
Treg,469,ATF3,-0.152560027,499
Treg,469,REL,2.84452435,145
Treg,469,HSF1,4.65285219,34
Treg,469,EPAS1,2.39749458,206
Treg,470,HIF1A,6.36152857,8
Treg,470,NFKB1,6.71551318,6
Treg,470,STAT3,5.50048569,11
Treg,470,CREB1,3.79608035,69
Treg,470,ATF3,2.25012983,233
Treg,470,REL,5.1350113,20
Treg,470,HSF1,4.17981454,50
Treg,470,EPAS1,4.78569165,26
Treg,471,HIF1A,7.37436083,4
Treg,471,NFKB1,7.2559069,6
Treg,471,STAT3,4.5526075,41
Treg,471,CREB1,4.37370999,48
Treg,471,ATF3,2.72614993,160
Treg,471,REL,4.29652472,52
Treg,471,HSF1,5.19622117,23
Treg,471,EPAS1,5.75364657,10
Treg,472,HIF1A,7.1720589,5
Treg,472,NFKB1,6.60197648,6
Treg,472,STAT3,3.55203042,89
Treg,472,CREB1,5.518073,15
Treg,472,ATF3,1.70094293,283
Treg,472,REL,4.63944913,40
Treg,472,HSF1,2.33056714,210
Treg,472,EPAS1,5.32276604,20
Treg,473,HIF1A,4.44349847,45
Treg,473,NFKB1,6.62084839,7
Treg,473,STAT3,3.74970988,83
Treg,473,CREB1,5.27897806,24
Treg,473,ATF3,3.25002592,112
Treg,473,REL,1.6395744,315
Treg,473,HSF1,2.42506642,202
Treg,473,EPAS1,4.32398942,50
Treg,474,HIF1A,4.37476554,44
Treg,474,NFKB1,6.12989275,13
Treg,474,STAT3,5.43164315,21
Treg,474,CREB1,5.73389691,15
Treg,474,ATF3,4.05339579,59
Treg,474,REL,3.99130082,66
Treg,474,HSF1,5.15800281,24
Treg,474,EPAS1,3.88349441,73
Treg,475,HIF1A,5.21170098,24
Treg,475,NFKB1,5.36304593,19
Treg,475,STAT3,4.99318934,27
Treg,475,CREB1,5.36708867,18
Treg,475,ATF3,0.609967202,428
Treg,475,REL,5.39306328,16
Treg,475,HSF1,2.28433086,211
Treg,475,EPAS1,2.01914171,239
Treg,476,HIF1A,4.97527498,20
Treg,476,NFKB1,4.83826411,26
Treg,476,STAT3,2.78308807,156
Treg,476,CREB1,6.30769928,7
Treg,476,ATF3,2.81284721,153
Treg,476,REL,1.97445735,248
Treg,476,HSF1,3.03839275,129
Treg,476,EPAS1,2.91045372,141
Treg,477,HIF1A,6.12402378,12
Treg,477,NFKB1,5.31893441,20
Treg,477,STAT3,1.10487954,371
Treg,477,CREB1,4.50055121,42
Treg,477,ATF3,2.16330116,232
Treg,477,REL,2.32089853,208
Treg,477,HSF1,3.09717228,119
Treg,477,EPAS1,2.66400269,160
Treg,478,HIF1A,5.0926739,21
Treg,478,NFKB1,5.53366966,14
Treg,478,STAT3,3.4960307,83
Treg,478,CREB1,5.14351386,20
Treg,478,ATF3,1.83943651,272
Treg,478,REL,3.47427988,86
Treg,478,HSF1,1.99767712,249
Treg,478,EPAS1,2.0945945,237
Treg,479,HIF1A,5.19183993,25
Treg,479,NFKB1,4.03190922,67
Treg,479,STAT3,4.39342256,48
Treg,479,CREB1,5.81773398,13
Treg,479,ATF3,2.6634366,165
Treg,479,REL,2.58051002,176
Treg,479,HSF1,-0.0141709076,491
Treg,479,EPAS1,5.81686946,14
Treg,480,HIF1A,4.5703837,39
Treg,480,NFKB1,4.59489717,36
Treg,480,STAT3,3.47300532,91
Treg,480,CREB1,6.11707347,5
Treg,480,ATF3,1.90570958,250
Treg,480,REL,3.7097069,77
Treg,480,HSF1,1.09307989,354
Treg,480,EPAS1,2.88340446,150
Treg,481,HIF1A,5.9196746,10
Treg,481,NFKB1,5.31919962,15
Treg,481,STAT3,5.26582741,16
Treg,481,CREB1,3.99057022,68
Treg,481,ATF3,0.741337863,396
Treg,481,REL,3.95244304,72
Treg,481,HSF1,2.18459025,233
Treg,481,EPAS1,2.64765404,179
Treg,482,HIF1A,4.69964141,35
Treg,482,NFKB1,5.28918778,21
Treg,482,STAT3,5.88017748,14
Treg,482,CREB1,4.47410614,38
Treg,482,ATF3,-0.046471545,476
Treg,482,REL,3.28108757,103
Treg,482,HSF1,1.18892357,342
Treg,482,EPAS1,3.56551109,81
Treg,483,HIF1A,5.70256208,17
Treg,483,NFKB1,6.31216769,7
Treg,483,STAT3,5.43678793,18
Treg,483,CREB1,6.0501416,12
Treg,483,ATF3,0.760423845,397
Treg,483,REL,3.43134991,98
Treg,483,HSF1,2.65512563,163
Treg,483,EPAS1,2.55215384,182
Treg,484,HIF1A,4.96877692,27
Treg,484,NFKB1,5.26089111,20
Treg,484,STAT3,5.58045513,17
Treg,484,CREB1,5.1529548,24
Treg,484,ATF3,2.54332512,188
Treg,484,REL,3.46108657,99
Treg,484,HSF1,3.67936018,78
Treg,484,EPAS1,5.28562801,19
Treg,485,HIF1A,4.78955304,35
Treg,485,NFKB1,3.93613678,72
Treg,485,STAT3,5.19615552,21
Treg,485,CREB1,6.25066244,12
Treg,485,ATF3,1.59852583,297
Treg,485,REL,4.381546,46
Treg,485,HSF1,4.49609239,40
Treg,485,EPAS1,1.08809487,357
Treg,486,HIF1A,3.67220436,77
Treg,486,NFKB1,3.64361252,79
Treg,486,STAT3,4.63585065,34
Treg,486,CREB1,6.56561408,8
Treg,486,ATF3,0.764415009,397
Treg,486,REL,1.30175704,334
Treg,486,HSF1,4.76018885,32
Treg,486,EPAS1,2.24003903,214
Treg,487,HIF1A,4.13579367,57
Treg,487,NFKB1,2.63527414,178
Treg,487,STAT3,5.99633425,10
Treg,487,CREB1,4.12364281,59
Treg,487,ATF3,-0.730743964,536
Treg,487,REL,2.01901928,249
Treg,487,HSF1,3.53870453,95
Treg,487,EPAS1,3.060081,135
Treg,488,HIF1A,4.14489389,55
Treg,488,NFKB1,2.85883475,145
Treg,488,STAT3,5.63584842,15
Treg,488,CREB1,5.73390783,10
Treg,488,ATF3,0.277345877,466
Treg,488,REL,2.34809117,194
Treg,488,HSF1,4.06623984,61
Treg,488,EPAS1,5.20249478,22
Treg,489,HIF1A,5.19033509,21
Treg,489,NFKB1,5.41284579,17
Treg,489,STAT3,5.45440195,15
Treg,489,CREB1,3.23807481,113
Treg,489,ATF3,2.64176488,173
Treg,489,REL,3.59451469,90
Treg,489,HSF1,2.74878122,161
Treg,489,EPAS1,2.15312616,216
Treg,490,HIF1A,4.42720051,46
Treg,490,NFKB1,5.36330818,13
Treg,490,STAT3,6.59427919,7
Treg,490,CREB1,3.10996978,124
Treg,490,ATF3,0.360705704,438
Treg,490,REL,2.07634098,233
Treg,490,HSF1,2.3115373,209
Treg,490,EPAS1,0.908823477,379
Treg,491,HIF1A,3.84066877,74
Treg,491,NFKB1,5.14984194,25
Treg,491,STAT3,5.46911506,17
Treg,491,CREB1,4.1114838,57
Treg,491,ATF3,1.28320618,337
Treg,491,REL,3.15941448,117
Treg,491,HSF1,3.0974603,123
Treg,491,EPAS1,2.49135127,176
Treg,492,HIF1A,3.69684642,78
Treg,492,NFKB1,5.94511384,16
Treg,492,STAT3,5.46623116,21
Treg,492,CREB1,4.29009912,54
Treg,492,ATF3,-0.502084104,530
Treg,492,REL,4.79226262,38
Treg,492,HSF1,1.84617566,259
Treg,492,EPAS1,3.11091615,116
Treg,493,HIF1A,3.92796005,57
Treg,493,NFKB1,5.29524545,20
Treg,493,STAT3,4.6752447,38
Treg,493,CREB1,3.42284154,89
Treg,493,ATF3,-1.31143235,566
Treg,493,REL,2.8789264,141
Treg,493,HSF1,2.62773765,171
Treg,493,EPAS1,4.05330122,52
Treg,494,HIF1A,5.78684722,13
Treg,494,NFKB1,4.02904301,68
Treg,494,STAT3,4.59614615,44
Treg,494,CREB1,5.98643304,11
Treg,494,ATF3,0.48671307,441
Treg,494,REL,3.249261,118
Treg,494,HSF1,5.06362996,30
Treg,494,EPAS1,4.4743248,49
Treg,495,HIF1A,7.18713925,7
Treg,495,NFKB1,6.58160243,11
Treg,495,STAT3,5.33768593,19
Treg,495,CREB1,6.89166687,8
Treg,495,ATF3,2.67041848,165
Treg,495,REL,3.88888849,62
Treg,495,HSF1,3.31293456,99
Treg,495,EPAS1,3.73438019,77
Treg,496,HIF1A,5.73596745,18
Treg,496,NFKB1,5.1739568,26
Treg,496,STAT3,7.15072671,4
Treg,496,CREB1,7.1376711,5
Treg,496,ATF3,-0.687659479,544
Treg,496,REL,1.6853397,277
Treg,496,HSF1,1.8252037,267
Treg,496,EPAS1,2.95644785,133
Treg,497,HIF1A,7.10355007,4
Treg,497,NFKB1,5.5222688,14
Treg,497,STAT3,5.26689657,19
Treg,497,CREB1,4.0317756,54
Treg,497,ATF3,1.60114154,296
Treg,497,REL,2.26985554,216
Treg,497,HSF1,5.40457145,16
Treg,497,EPAS1,3.95803297,62
Treg,498,HIF1A,6.32881189,7
Treg,498,NFKB1,6.3514201,6
Treg,498,STAT3,5.02855071,19
Treg,498,CREB1,5.28806285,15
Treg,498,ATF3,1.67623146,275
Treg,498,REL,2.74051451,167
Treg,498,HSF1,1.88672138,256
Treg,498,EPAS1,1.28465249,330
Treg,499,HIF1A,5.77396514,15
Treg,499,NFKB1,5.66026492,16
Treg,499,STAT3,5.45228439,22
Treg,499,CREB1,3.99019282,60
Treg,499,ATF3,2.86768194,138
Treg,499,REL,3.30319949,99
Treg,499,HSF1,2.62094008,169
Treg,499,EPAS1,1.17676605,347
Treg,500,HIF1A,5.59145723,16
Treg,500,NFKB1,6.58021726,5
Treg,500,STAT3,4.6185953,40
Treg,500,CREB1,5.21618839,24
Treg,500,ATF3,4.19213081,60
Treg,500,REL,2.97948612,135
Treg,500,HSF1,3.715891,92
Treg,500,EPAS1,0.330531699,455
Treg,501,HIF1A,6.05971505,8
Treg,501,NFKB1,4.04229388,63
Treg,501,STAT3,5.77796441,11
Treg,501,CREB1,6.2755222,7
Treg,501,ATF3,2.41905114,198
Treg,501,REL,1.50814206,311
Treg,501,HSF1,5.41728505,18
Treg,501,EPAS1,4.19253875,56
Treg,502,HIF1A,6.19170553,7
Treg,502,NFKB1,4.16348758,50
Treg,502,STAT3,4.26649834,46
Treg,502,CREB1,2.73204316,154
Treg,502,ATF3,0.97108989,386
Treg,502,REL,3.85654748,70
Treg,502,HSF1,3.55039025,88
Treg,502,EPAS1,2.76062495,149
Treg,503,HIF1A,5.97929692,11
Treg,503,NFKB1,5.64409841,15
Treg,503,STAT3,5.85293962,12
Treg,503,CREB1,2.32738324,212
Treg,503,ATF3,1.94034003,271
Treg,503,REL,4.33880371,49
Treg,503,HSF1,1.71540329,295
Treg,503,EPAS1,1.06519227,387
Treg,504,HIF1A,4.6496584,30
Treg,504,NFKB1,3.89082396,69
Treg,504,STAT3,5.57505426,13
Treg,504,CREB1,6.45861448,6
Treg,504,ATF3,3.92544667,65
Treg,504,REL,2.75908897,154
Treg,504,HSF1,2.21613921,219
Treg,504,EPAS1,3.09112586,129
Treg,505,HIF1A,4.6374076,30
Treg,505,NFKB1,4.14875979,52
Treg,505,STAT3,4.11887228,54
Treg,505,CREB1,4.89428651,23
Treg,505,ATF3,1.06697209,370
Treg,505,REL,5.22313375,16
Treg,505,HSF1,3.28744965,107
Treg,505,EPAS1,5.7416331,9
Treg,506,HIF1A,4.36267365,39
Treg,506,NFKB1,3.82600995,69
Treg,506,STAT3,5.58081024,10
Treg,506,CREB1,4.14431402,49
Treg,506,ATF3,0.464511309,433
Treg,506,REL,2.37558071,184
Treg,506,HSF1,-0.940236669,553
Treg,506,EPAS1,2.26358152,199
Treg,507,HIF1A,3.1397616,122
Treg,507,NFKB1,5.6203306,11
Treg,507,STAT3,4.6265630700000004,30
Treg,507,CREB1,3.39062527,107
Treg,507,ATF3,0.210031886,477
Treg,507,REL,2.13111932,238
Treg,507,HSF1,2.4632015,208
Treg,507,EPAS1,1.87185156,269
Treg,508,HIF1A,4.04763031,54
Treg,508,NFKB1,6.71724794,5
Treg,508,STAT3,5.23830596,16
Treg,508,CREB1,5.85281928,11
Treg,508,ATF3,2.33059674,213
Treg,508,REL,4.6107904,33
Treg,508,HSF1,3.7234157,69
Treg,508,EPAS1,0.797311667,397
Treg,509,HIF1A,4.82274651,28
Treg,509,NFKB1,4.78908436,29
Treg,509,STAT3,5.29371799,21
Treg,509,CREB1,7.14423308,3
Treg,509,ATF3,2.55327109,179
Treg,509,REL,4.12361275,56
Treg,509,HSF1,2.29165385,221
Treg,509,EPAS1,2.33182856,215
Treg,510,HIF1A,5.55625622,18
Treg,510,NFKB1,5.35012315,19
Treg,510,STAT3,6.83298486,5
Treg,510,CREB1,6.37644307,11
Treg,510,ATF3,4.50866225,42
Treg,510,REL,3.31670289,106
Treg,510,HSF1,2.49148805,182
Treg,510,EPAS1,1.49849231,316
Treg,511,HIF1A,6.17736679,8
Treg,511,NFKB1,5.82419597,11
Treg,511,STAT3,6.47662715,5
Treg,511,CREB1,6.43884417,7
Treg,511,ATF3,0.354494977,449
Treg,511,REL,0.65037877,414
Treg,511,HSF1,2.2464932,216
Treg,511,EPAS1,2.74542668,156
Treg,512,HIF1A,6.21613277,11
Treg,512,NFKB1,6.07056654,12
Treg,512,STAT3,5.37956706,21
Treg,512,CREB1,6.76273465,4
Treg,512,ATF3,3.17483794,118
Treg,512,REL,1.83962019,253
Treg,512,HSF1,2.99509047,133
Treg,512,EPAS1,2.44115681,175
Treg,513,HIF1A,5.53403829,16
Treg,513,NFKB1,5.6747771,14
Treg,513,STAT3,6.02674514,11
Treg,513,CREB1,6.60217379,6
Treg,513,ATF3,2.87485577,152
Treg,513,REL,3.2974256,118
Treg,513,HSF1,5.21664437,21
Treg,513,EPAS1,4.26067501,58
Treg,514,HIF1A,7.98915309,2
Treg,514,NFKB1,4.23523373,50
Treg,514,STAT3,4.35095029,45
Treg,514,CREB1,5.94368428,12
Treg,514,ATF3,2.23703638,222
Treg,514,REL,4.24181749,49
Treg,514,HSF1,2.98830876,144
Treg,514,EPAS1,2.51165556,193
Treg,515,HIF1A,6.32333754,10
Treg,515,NFKB1,7.74981293,2
Treg,515,STAT3,4.24658814,59
Treg,515,CREB1,7.07860607,5
Treg,515,ATF3,2.13873346,233
Treg,515,REL,4.63403929,34
Treg,515,HSF1,3.2495358,127
Treg,515,EPAS1,2.70529795,170
Treg,516,HIF1A,5.79696336,12
Treg,516,NFKB1,7.55268149,2
Treg,516,STAT3,4.99655014,29
Treg,516,CREB1,6.49717647,5
Treg,516,ATF3,3.01367667,136
Treg,516,REL,3.72107333,80
Treg,516,HSF1,2.65257739,184
Treg,516,EPAS1,1.82324471,272
Treg,517,HIF1A,6.44177837,7
Treg,517,NFKB1,6.89917398,4
Treg,517,STAT3,4.42582771,38
Treg,517,CREB1,6.15070811,12
Treg,517,ATF3,-0.432336547,519
Treg,517,REL,3.29672321,112
Treg,517,HSF1,3.76415189,76
Treg,517,EPAS1,2.14096696,226
Treg,518,HIF1A,4.18385415,54
Treg,518,NFKB1,5.53681716,17
Treg,518,STAT3,5.46438961,18
Treg,518,CREB1,5.85217299,10
Treg,518,ATF3,1.92675385,255
Treg,518,REL,2.03344502,241
Treg,518,HSF1,3.94171136,67
Treg,518,EPAS1,1.65834247,292
Treg,519,HIF1A,6.6325028,7
Treg,519,NFKB1,5.71920329,14
Treg,519,STAT3,6.03945775,10
Treg,519,CREB1,5.69392805,15
Treg,519,ATF3,-0.058571309,490
Treg,519,REL,2.02812819,255
Treg,519,HSF1,2.68151445,167
Treg,519,EPAS1,2.9878466,142
Treg,520,HIF1A,6.18765259,7
Treg,520,NFKB1,4.69778151,30
Treg,520,STAT3,5.56117657,12
Treg,520,CREB1,4.21797838,47
Treg,520,ATF3,-1.41713613,575
Treg,520,REL,3.92045128,65
Treg,520,HSF1,4.18274612,49
Treg,520,EPAS1,2.43089776,196
Treg,521,HIF1A,4.80876798,25
Treg,521,NFKB1,5.9746027,8
Treg,521,STAT3,4.04316183,59
Treg,521,CREB1,4.76085722,26
Treg,521,ATF3,1.7420124,269
Treg,521,REL,3.176076,130
Treg,521,HSF1,3.70038385,84
Treg,521,EPAS1,2.54563693,182
Treg,522,HIF1A,5.84848627,15
Treg,522,NFKB1,7.06450231,5
Treg,522,STAT3,3.6448238,80
Treg,522,CREB1,5.27178411,23
Treg,522,ATF3,0.238703795,470
Treg,522,REL,1.28771793,321
Treg,522,HSF1,3.07112458,118
Treg,522,EPAS1,2.33717714,186
Treg,523,HIF1A,4.89265864,26
Treg,523,NFKB1,7.97873296,3
Treg,523,STAT3,3.68182734,78
Treg,523,CREB1,5.80573014,12
Treg,523,ATF3,-0.55308453,537
Treg,523,REL,2.60664562,163
Treg,523,HSF1,2.70600428,149
Treg,523,EPAS1,2.83061006,138
Treg,524,HIF1A,6.51529761,6
Treg,524,NFKB1,6.4898235,7
Treg,524,STAT3,5.13482888,17
Treg,524,CREB1,3.95464749,64
Treg,524,ATF3,1.42872589,318
Treg,524,REL,4.02131744,60
Treg,524,HSF1,4.83119459,20
Treg,524,EPAS1,1.71624607,287
Treg,525,HIF1A,4.47330499,38
Treg,525,NFKB1,5.90672441,10
Treg,525,STAT3,5.40337777,16
Treg,525,CREB1,3.15895874,125
Treg,525,ATF3,0.060568385,480
Treg,525,REL,2.68840923,165
Treg,525,HSF1,3.36110528,102
Treg,525,EPAS1,4.78440294,25
Treg,526,HIF1A,5.27869053,17
Treg,526,NFKB1,5.91722526,11
Treg,526,STAT3,4.59906045,33
Treg,526,CREB1,4.44643322,38
Treg,526,ATF3,-0.743662269,544
Treg,526,REL,4.44465434,39
Treg,526,HSF1,2.07067765,229
Treg,526,EPAS1,7.41340238,4
Treg,527,HIF1A,5.72613518,12
Treg,527,NFKB1,5.4214139,18
Treg,527,STAT3,3.40586038,97
Treg,527,CREB1,5.19739485,22
Treg,527,ATF3,-1.06743248,553
Treg,527,REL,3.99507178,63
Treg,527,HSF1,0.584879243,427
Treg,527,EPAS1,2.3998986,202
Treg,528,HIF1A,6.10197582,11
Treg,528,NFKB1,4.72252073,33
Treg,528,STAT3,5.50688455,16
Treg,528,CREB1,4.52388578,39
Treg,528,ATF3,1.23538596,324
Treg,528,REL,2.64799965,179
Treg,528,HSF1,2.50935609,187
Treg,528,EPAS1,2.26556968,213
Treg,529,HIF1A,3.89102563,64
Treg,529,NFKB1,3.05362563,132
Treg,529,STAT3,4.05562342,55
Treg,529,CREB1,5.24405577,24
Treg,529,ATF3,2.13185758,226
Treg,529,REL,4.21984762,50
Treg,529,HSF1,0.673238389,407
Treg,529,EPAS1,4.29076271,45
Treg,530,HIF1A,4.51163429,44
Treg,530,NFKB1,3.95445661,62
Treg,530,STAT3,4.55337062,42
Treg,530,CREB1,5.26733189,20
Treg,530,ATF3,3.2446576,101
Treg,530,REL,5.74546884,15
Treg,530,HSF1,4.22633248,52
Treg,530,EPAS1,1.10665855,362
Treg,531,HIF1A,5.73313241,15
Treg,531,NFKB1,4.29618909,49
Treg,531,STAT3,5.70877302,17
Treg,531,CREB1,6.46175966,8
Treg,531,ATF3,1.16709286,351
Treg,531,REL,5.00349891,27
Treg,531,HSF1,2.67075794,175
Treg,531,EPAS1,1.98075057,256
Treg,532,HIF1A,4.94079263,28
Treg,532,NFKB1,5.76432597,14
Treg,532,STAT3,4.79542562,31
Treg,532,CREB1,6.70495265,6
Treg,532,ATF3,1.31314083,339
Treg,532,REL,4.53951104,34
Treg,532,HSF1,3.82033717,67
Treg,532,EPAS1,2.07744229,243
Treg,533,HIF1A,4.2130993,50
Treg,533,NFKB1,5.06763576,26
Treg,533,STAT3,5.30006773,17
Treg,533,CREB1,5.89014918,12
Treg,533,ATF3,2.83583907,154
Treg,533,REL,5.20174191,21
Treg,533,HSF1,1.72651951,280
Treg,533,EPAS1,2.33450207,215
Treg,534,HIF1A,5.98480113,12
Treg,534,NFKB1,6.44172956,10
Treg,534,STAT3,5.42422661,18
Treg,534,CREB1,7.11993947,4
Treg,534,ATF3,0.516767882,436
Treg,534,REL,3.52076083,84
Treg,534,HSF1,0.75915943,399
Treg,534,EPAS1,-0.2926639,518
Treg,535,HIF1A,6.58211993,5
Treg,535,NFKB1,6.36239539,7
Treg,535,STAT3,5.01375529,23
Treg,535,CREB1,4.43683374,49
Treg,535,ATF3,3.14474871,120
Treg,535,REL,2.92347282,147
Treg,535,HSF1,0.476629466,443
Treg,535,EPAS1,2.60266621,188
Treg,536,HIF1A,5.94282518,13
Treg,536,NFKB1,6.62715264,6
Treg,536,STAT3,5.91686937,14
Treg,536,CREB1,3.77169016,75
Treg,536,ATF3,1.82895051,258
Treg,536,REL,3.00117417,154
Treg,536,HSF1,1.98043753,233
Treg,536,EPAS1,3.32564058,116
Treg,537,HIF1A,5.52121623,15
Treg,537,NFKB1,4.43364422,43
Treg,537,STAT3,6.097658,9
Treg,537,CREB1,4.62006926,35
Treg,537,ATF3,-0.923497404,551
Treg,537,REL,3.15699169,121
Treg,537,HSF1,1.72566456,266
Treg,537,EPAS1,2.52017407,181
Treg,538,HIF1A,6.22066973,9
Treg,538,NFKB1,5.32600531,21
Treg,538,STAT3,4.31426778,50
Treg,538,CREB1,5.24106215,23
Treg,538,ATF3,0.728181272,409
Treg,538,REL,3.86040286,71
Treg,538,HSF1,1.15763335,342
Treg,538,EPAS1,1.57739132,300
Treg,539,HIF1A,6.58918963,6
Treg,539,NFKB1,5.23791882,21
Treg,539,STAT3,5.98936943,13
Treg,539,CREB1,6.37343535,9
Treg,539,ATF3,-0.140046838,493
Treg,539,REL,3.79235069,79
Treg,539,HSF1,3.32166433,108
Treg,539,EPAS1,2.1755703,216
Treg,540,HIF1A,5.42945312,16
Treg,540,NFKB1,5.70123075,12
Treg,540,STAT3,5.11163384,23
Treg,540,CREB1,5.75286988,10
Treg,540,ATF3,2.97482871,132
Treg,540,REL,4.13859138,53
Treg,540,HSF1,2.68055489,168
Treg,540,EPAS1,2.04187967,236
Treg,541,HIF1A,5.06481175,24
Treg,541,NFKB1,4.92710179,30
Treg,541,STAT3,5.18058363,19
Treg,541,CREB1,5.71997426,15
Treg,541,ATF3,0.854425981,393
Treg,541,REL,2.11140653,242
Treg,541,HSF1,1.50279764,314
Treg,541,EPAS1,0.964790574,380
Treg,542,HIF1A,4.57164361,41
Treg,542,NFKB1,4.58242352,39
Treg,542,STAT3,6.26443676,8
Treg,542,CREB1,5.45293406,15
Treg,542,ATF3,0.739768118,400
Treg,542,REL,2.46126916,198
Treg,542,HSF1,0.838529692,387
Treg,542,EPAS1,3.39436337,108
Treg,543,HIF1A,5.7700956,13
Treg,543,NFKB1,6.08127843,9
Treg,543,STAT3,6.4118387,7
Treg,543,CREB1,7.02979046,6
Treg,543,ATF3,2.78281687,156
Treg,543,REL,2.90803252,140
Treg,543,HSF1,2.03197456,243
Treg,543,EPAS1,1.26450767,346
Treg,544,HIF1A,3.96853601,61
Treg,544,NFKB1,3.50571862,92
Treg,544,STAT3,5.92747609,10
Treg,544,CREB1,6.44064511,5
Treg,544,ATF3,1.32720329,329
Treg,544,REL,2.09789425,231
Treg,544,HSF1,2.44471539,197
Treg,544,EPAS1,5.26527431,20
Treg,545,HIF1A,4.36449431,47
Treg,545,NFKB1,6.13598191,10
Treg,545,STAT3,7.4431354,2
Treg,545,CREB1,5.2893469,21
Treg,545,ATF3,3.59616614,85
Treg,545,REL,1.23550336,330
Treg,545,HSF1,3.57596718,86
Treg,545,EPAS1,2.94964902,135
Treg,546,HIF1A,5.75469974,12
Treg,546,NFKB1,5.14632182,19
Treg,546,STAT3,6.29367379,8
Treg,546,CREB1,6.71504314,4
Treg,546,ATF3,-0.395066231,521
Treg,546,REL,1.80613195,260
Treg,546,HSF1,1.50886534,302
Treg,546,EPAS1,1.40051441,313
Treg,547,HIF1A,6.01631928,13
Treg,547,NFKB1,7.95052183,2
Treg,547,STAT3,6.42360687,7
Treg,547,CREB1,5.86123706,15
Treg,547,ATF3,3.49209842,95
Treg,547,REL,2.06685516,229
Treg,547,HSF1,1.87725831,256
Treg,547,EPAS1,2.30339221,202
Treg,548,HIF1A,6.7449357,4
Treg,548,NFKB1,5.9710848500000004,10
Treg,548,STAT3,5.74948315,16
Treg,548,CREB1,5.69751381,19
Treg,548,ATF3,1.36498495,316
Treg,548,REL,4.93139095,30
Treg,548,HSF1,3.37294256,100
Treg,548,EPAS1,4.15985773,54
Treg,549,HIF1A,6.91488471,3
Treg,549,NFKB1,4.59327978,43
Treg,549,STAT3,3.70798734,90
Treg,549,CREB1,6.68939647,5
Treg,549,ATF3,2.60107699,176
Treg,549,REL,5.61331194,20
Treg,549,HSF1,2.99461928,145
Treg,549,EPAS1,3.0234552,143
Treg,550,HIF1A,5.40264678,20
Treg,550,NFKB1,5.80296991,12
Treg,550,STAT3,6.41882777,7
Treg,550,CREB1,8.30366328,2
Treg,550,ATF3,4.10695245,47
Treg,550,REL,5.96164092,10
Treg,550,HSF1,5.49723691,17
Treg,550,EPAS1,2.74514651,151
Treg,551,HIF1A,6.2236973,10
Treg,551,NFKB1,6.81487474,6
Treg,551,STAT3,2.7558891,164
Treg,551,CREB1,7.50310907,2
Treg,551,ATF3,0.0368155957,480
Treg,551,REL,3.88303114,68
Treg,551,HSF1,3.06315303,137
Treg,551,EPAS1,3.27239924,118
Treg,552,HIF1A,6.21607483,11
Treg,552,NFKB1,7.28578052,5
Treg,552,STAT3,3.93267773,56
Treg,552,CREB1,7.50781099,3
Treg,552,ATF3,0.371181817,449
Treg,552,REL,2.96681995,137
Treg,552,HSF1,2.92383179,143
Treg,552,EPAS1,2.79141916,159
Treg,553,HIF1A,5.7696466300000004,15
Treg,553,NFKB1,7.42961477,3
Treg,553,STAT3,5.71041338,17
Treg,553,CREB1,5.73162777,16
Treg,553,ATF3,0.761070586,411
Treg,553,REL,3.91131146,68
Treg,553,HSF1,2.94380502,140
Treg,553,EPAS1,5.1121505,32
Treg,554,HIF1A,6.39541342,6
Treg,554,NFKB1,7.56903675,4
Treg,554,STAT3,4.47196128,46
Treg,554,CREB1,5.89901484,15
Treg,554,ATF3,1.40588617,333
Treg,554,REL,2.89854339,149
Treg,554,HSF1,4.23154236,54
Treg,554,EPAS1,2.68118576,171
Treg,555,HIF1A,6.29198377,6
Treg,555,NFKB1,3.35090926,105
Treg,555,STAT3,5.04160979,23
Treg,555,CREB1,6.93586991,3
Treg,555,ATF3,3.68770378,79
Treg,555,REL,2.69787724,156
Treg,555,HSF1,2.06845906,228
Treg,555,EPAS1,0.967990254,375
Treg,556,HIF1A,6.65790266,10
Treg,556,NFKB1,4.18210804,56
Treg,556,STAT3,5.44314836,19
Treg,556,CREB1,5.1783736,24
Treg,556,ATF3,4.06326939,62
Treg,556,REL,0.986899576,367
Treg,556,HSF1,0.124216536,472
Treg,556,EPAS1,2.2873185,203
Treg,557,HIF1A,5.10969036,16
Treg,557,NFKB1,4.03136681,60
Treg,557,STAT3,4.40817087,49
Treg,557,CREB1,4.77061705,27
Treg,557,ATF3,1.60353201,311
Treg,557,REL,0.923477094,387
Treg,557,HSF1,4.07180592,57
Treg,557,EPAS1,1.39452563,327
Treg,558,HIF1A,6.00052938,10
Treg,558,NFKB1,5.76632317,11
Treg,558,STAT3,4.50063938,43
Treg,558,CREB1,5.27116709,23
Treg,558,ATF3,3.5700938,71
Treg,558,REL,2.08270009,232
Treg,558,HSF1,2.16227084,223
Treg,558,EPAS1,3.24424831,93
Treg,559,HIF1A,6.3403172,9
Treg,559,NFKB1,5.50434403,19
Treg,559,STAT3,6.27315431,10
Treg,559,CREB1,6.10267289,14
Treg,559,ATF3,1.19640176,357
Treg,559,REL,3.29056589,113
Treg,559,HSF1,4.48581013,40
Treg,559,EPAS1,3.83230705,75
Treg,560,HIF1A,6.70273199,5
Treg,560,NFKB1,4.64804317,35
Treg,560,STAT3,7.23833778,3
Treg,560,CREB1,4.29609526,53
Treg,560,ATF3,2.40520292,179
Treg,560,REL,3.06480212,118
Treg,560,HSF1,4.11499038,59
Treg,560,EPAS1,4.45719882,43
Treg,561,HIF1A,6.07266271,11
Treg,561,NFKB1,6.38424454,6
Treg,561,STAT3,5.78888547,17
Treg,561,CREB1,4.28647066,50
Treg,561,ATF3,0.630575866,414
Treg,561,REL,4.4078858,40
Treg,561,HSF1,4.24756768,53
Treg,561,EPAS1,1.06565813,360
Treg,562,HIF1A,6.92281903,4
Treg,562,NFKB1,5.70060203,18
Treg,562,STAT3,5.30670035,20
Treg,562,CREB1,2.62293013,180
Treg,562,ATF3,2.50513583,197
Treg,562,REL,0.976539929,369
Treg,562,HSF1,4.38740694,47
Treg,562,EPAS1,5.14255926,25
Treg,563,HIF1A,6.4821466,8
Treg,563,NFKB1,5.58214543,15
Treg,563,STAT3,5.37075814,22
Treg,563,CREB1,5.53910014,16
Treg,563,ATF3,2.60089801,172
Treg,563,REL,1.70010037,295
Treg,563,HSF1,3.45195066,99
Treg,563,EPAS1,3.71841411,79
Treg,564,HIF1A,6.00754398,11
Treg,564,NFKB1,5.38542456,22
Treg,564,STAT3,5.06517297,27
Treg,564,CREB1,4.56363613,36
Treg,564,ATF3,2.18438262,206
Treg,564,REL,1.92085313,246
Treg,564,HSF1,2.08806516,225
Treg,564,EPAS1,2.69595779,149
Treg,565,HIF1A,5.29909457,17
Treg,565,NFKB1,4.17179661,52
Treg,565,STAT3,4.08733586,57
Treg,565,CREB1,4.35930103,44
Treg,565,ATF3,-0.938958826,558
Treg,565,REL,1.02937922,356
Treg,565,HSF1,3.91448533,66
Treg,565,EPAS1,1.3136694,311
Treg,566,HIF1A,5.38477769,17
Treg,566,NFKB1,4.60939621,36
Treg,566,STAT3,4.63771966,33
Treg,566,CREB1,3.26679347,115
Treg,566,ATF3,0.916015034,372
Treg,566,REL,3.38260258,102
Treg,566,HSF1,1.55237277,313
Treg,566,EPAS1,3.31121953,110
Treg,567,HIF1A,6.03659374,9
Treg,567,NFKB1,5.51611078,17
Treg,567,STAT3,4.0872565,50
Treg,567,CREB1,2.72142043,171
Treg,567,ATF3,0.678751273,429
Treg,567,REL,3.12338465,138
Treg,567,HSF1,1.85518709,271
Treg,567,EPAS1,4.69443367,31
Treg,568,HIF1A,5.9738258,9
Treg,568,NFKB1,4.83925181,34
Treg,568,STAT3,4.81712679,36
Treg,568,CREB1,5.42297773,15
Treg,568,ATF3,1.94789549,236
Treg,568,REL,3.24585635,115
Treg,568,HSF1,0.172455856,467
Treg,568,EPAS1,4.03153838,69
Treg,569,HIF1A,3.93634623,70
Treg,569,NFKB1,6.49515982,5
Treg,569,STAT3,5.47920984,14
Treg,569,CREB1,5.67442907,10
Treg,569,ATF3,3.56090151,91
Treg,569,REL,2.30960125,208
Treg,569,HSF1,1.75589065,271
Treg,569,EPAS1,2.88021802,147
Treg,570,HIF1A,4.18007076,53
Treg,570,NFKB1,6.61523333,9
Treg,570,STAT3,6.94221403,5
Treg,570,CREB1,5.91138609,15
Treg,570,ATF3,1.46481784,315
Treg,570,REL,1.8461952,262
Treg,570,HSF1,3.3823009,103
Treg,570,EPAS1,2.38731964,197
Treg,571,HIF1A,4.74594619,33
Treg,571,NFKB1,6.48467724,10
Treg,571,STAT3,6.71712729,7
Treg,571,CREB1,7.15006751,4
Treg,571,ATF3,1.83089963,265
Treg,571,REL,4.5127224,39
Treg,571,HSF1,1.9723099,249
Treg,571,EPAS1,2.77966892,157
Treg,572,HIF1A,5.74379977,17
Treg,572,NFKB1,5.3535464,22
Treg,572,STAT3,5.37181892,21
Treg,572,CREB1,5.29533212,24
Treg,572,ATF3,0.0847145785,464
Treg,572,REL,1.73990853,260
Treg,572,HSF1,1.74895416,254
Treg,572,EPAS1,1.35093268,312
Treg,573,HIF1A,5.48005468,17
Treg,573,NFKB1,5.9851189,13
Treg,573,STAT3,5.26067138,23
Treg,573,CREB1,6.69963409,6
Treg,573,ATF3,3.34237428,93
Treg,573,REL,2.96838917,132
Treg,573,HSF1,2.40933689,186
Treg,573,EPAS1,2.03909693,230
Treg,574,HIF1A,5.33983781,18
Treg,574,NFKB1,4.6004656,39
Treg,574,STAT3,6.49300477,6
Treg,574,CREB1,5.98596675,12
Treg,574,ATF3,-0.963212948,545
Treg,574,REL,1.07293831,358
Treg,574,HSF1,4.35053114,52
Treg,574,EPAS1,1.99553529,250
Treg,575,HIF1A,4.96186073,26
Treg,575,NFKB1,5.30748253,16
Treg,575,STAT3,3.51381411,92
Treg,575,CREB1,7.13087406,6
Treg,575,ATF3,-2.41116897,597
Treg,575,REL,3.24538434,113
Treg,575,HSF1,4.81127867,30
Treg,575,EPAS1,3.15009342,119
Treg,576,HIF1A,4.34773531,52
Treg,576,NFKB1,5.72749389,13
Treg,576,STAT3,2.52538344,188
Treg,576,CREB1,5.86126475,12
Treg,576,ATF3,3.5780683,90
Treg,576,REL,4.05861321,65
Treg,576,HSF1,4.95360421,29
Treg,576,EPAS1,4.75525119,36
Treg,577,HIF1A,5.61907282,15
Treg,577,NFKB1,7.64047712,3
Treg,577,STAT3,4.89405847,27
Treg,577,CREB1,6.50714847,7
Treg,577,ATF3,3.82086561,76
Treg,577,REL,3.38931165,104
Treg,577,HSF1,2.00046821,253
Treg,577,EPAS1,4.31732261,48
Treg,578,HIF1A,5.90160616,13
Treg,578,NFKB1,5.4740531,19
Treg,578,STAT3,4.17700923,57
Treg,578,CREB1,7.44819117,2
Treg,578,ATF3,2.73900779,163
Treg,578,REL,2.02128059,252
Treg,578,HSF1,2.65375317,174
Treg,578,EPAS1,1.8088403,280
Treg,579,HIF1A,4.82947232,27
Treg,579,NFKB1,4.6654444,35
Treg,579,STAT3,5.32094929,14
Treg,579,CREB1,5.9564351,9
Treg,579,ATF3,3.53651536,89
Treg,579,REL,4.84187822,26
Treg,579,HSF1,3.49203723,95
Treg,579,EPAS1,2.21652195,224
Treg,580,HIF1A,4.99132139,23
Treg,580,NFKB1,7.68486454,4
Treg,580,STAT3,5.08583538,21
Treg,580,CREB1,6.16973511,9
Treg,580,ATF3,-0.234174824,514
Treg,580,REL,5.41367293,18
Treg,580,HSF1,4.83152809,26
Treg,580,EPAS1,3.83901668,59
Treg,581,HIF1A,5.41728034,21
Treg,581,NFKB1,6.75530779,3
Treg,581,STAT3,5.22299438,22
Treg,581,CREB1,5.63953496,13
Treg,581,ATF3,1.15321791,346
Treg,581,REL,3.93936486,63
Treg,581,HSF1,3.42869569,101
Treg,581,EPAS1,0.911321765,374
Treg,582,HIF1A,3.60821786,78
Treg,582,NFKB1,6.66222181,4
Treg,582,STAT3,4.94092689,26
Treg,582,CREB1,3.57744287,80
Treg,582,ATF3,-0.945006384,550
Treg,582,REL,3.67738109,72
Treg,582,HSF1,2.27933551,185
Treg,582,EPAS1,2.0778874,206
Treg,583,HIF1A,3.03926657,127
Treg,583,NFKB1,5.32143782,18
Treg,583,STAT3,6.0244519499999996,10
Treg,583,CREB1,5.57329157,14
Treg,583,ATF3,1.08666121,362
Treg,583,REL,1.74395018,269
Treg,583,HSF1,0.605124272,420
Treg,583,EPAS1,4.3437766,42
Treg,584,HIF1A,3.47216853,94
Treg,584,NFKB1,6.13744154,10
Treg,584,STAT3,6.39145208,8
Treg,584,CREB1,5.95800313,11
Treg,584,ATF3,2.09591734,242
Treg,584,REL,4.15963591,45
Treg,584,HSF1,4.16995159,44
Treg,584,EPAS1,4.20569358,42
Treg,585,HIF1A,4.91963875,22
Treg,585,NFKB1,5.31715884,16
Treg,585,STAT3,5.10409445,19
Treg,585,CREB1,5.14557384,18
Treg,585,ATF3,3.56012412,87
Treg,585,REL,4.88383831,24
Treg,585,HSF1,2.64858398,159
Treg,585,EPAS1,3.40882852,99
Treg,586,HIF1A,5.96839801,12
Treg,586,NFKB1,5.96620143,13
Treg,586,STAT3,4.70986288,38
Treg,586,CREB1,4.25455058,54
Treg,586,ATF3,0.981295994,387
Treg,586,REL,4.71875667,34
Treg,586,HSF1,3.84731614,73
Treg,586,EPAS1,2.55707241,187
Treg,587,HIF1A,5.16330409,27
Treg,587,NFKB1,4.73204631,40
Treg,587,STAT3,4.67369856,42
Treg,587,CREB1,3.68621035,82
Treg,587,ATF3,1.71256112,285
Treg,587,REL,2.71892164,167
Treg,587,HSF1,4.45962143,49
Treg,587,EPAS1,3.09173902,134
Treg,588,HIF1A,5.46654051,17
Treg,588,NFKB1,5.95246997,11
Treg,588,STAT3,5.76255596,14
Treg,588,CREB1,6.53835458,5
Treg,588,ATF3,1.01294331,396
Treg,588,REL,2.85939806,150
Treg,588,HSF1,1.17963894,365
Treg,588,EPAS1,1.32688267,341
Treg,589,HIF1A,6.92764607,5
Treg,589,NFKB1,6.54376657,9
Treg,589,STAT3,4.90773286,33
Treg,589,CREB1,6.83082138,7
Treg,589,ATF3,1.37578462,322
Treg,589,REL,4.0081499,65
Treg,589,HSF1,1.13381219,355
Treg,589,EPAS1,1.75918544,277
Treg,590,HIF1A,5.5772471,15
Treg,590,NFKB1,6.6169298,7
Treg,590,STAT3,5.47404223,16
Treg,590,CREB1,4.25226182,50
Treg,590,ATF3,-0.142310758,516
Treg,590,REL,3.9100736,66
Treg,590,HSF1,1.88495733,275
Treg,590,EPAS1,3.46912596,96
Treg,591,HIF1A,5.9995722,11
Treg,591,NFKB1,6.41805959,5
Treg,591,STAT3,4.53755959,44
Treg,591,CREB1,3.84664121,77
Treg,591,ATF3,3.2991096,116
Treg,591,REL,3.79614021,84
Treg,591,HSF1,2.52205615,185
Treg,591,EPAS1,1.75899186,289
Treg,592,HIF1A,6.18956171,7
Treg,592,NFKB1,5.26272933,17
Treg,592,STAT3,4.76337898,28
Treg,592,CREB1,4.43905368,44
Treg,592,ATF3,0.668760999,425
Treg,592,REL,3.90634059,68
Treg,592,HSF1,4.64858576,30
Treg,592,EPAS1,3.22676481,114
Treg,593,HIF1A,6.29909597,8
Treg,593,NFKB1,7.14797656,6
Treg,593,STAT3,5.5824002,15
Treg,593,CREB1,5.47758437,21
Treg,593,ATF3,2.2991567,218
Treg,593,REL,5.11974355,30
Treg,593,HSF1,2.17774153,239
Treg,593,EPAS1,4.18623984,63
Treg,594,HIF1A,5.67544734,17
Treg,594,NFKB1,5.71367661,15
Treg,594,STAT3,4.17400551,52
Treg,594,CREB1,5.9574243,11
Treg,594,ATF3,3.71403891,81
Treg,594,REL,5.40505343,19
Treg,594,HSF1,2.3582831,192
Treg,594,EPAS1,3.34732787,107
Treg,595,HIF1A,4.92676743,31
Treg,595,NFKB1,6.26431989,6
Treg,595,STAT3,4.39570791,36
Treg,595,CREB1,5.42768991,16
Treg,595,ATF3,1.50317287,315
Treg,595,REL,5.135908,26
Treg,595,HSF1,3.27575291,117
Treg,595,EPAS1,4.3251011,40
Treg,596,HIF1A,4.53095049,37
Treg,596,NFKB1,6.96119046,3
Treg,596,STAT3,4.37971843,44
Treg,596,CREB1,6.78276592,5
Treg,596,ATF3,2.83328929,166
Treg,596,REL,5.46101389,16
Treg,596,HSF1,3.5215907,100
Treg,596,EPAS1,6.80892672,4
Treg,597,HIF1A,4.95324628,28
Treg,597,NFKB1,6.81698588,3
Treg,597,STAT3,4.75041942,38
Treg,597,CREB1,5.94426769,9
Treg,597,ATF3,2.41011917,203
Treg,597,REL,5.9275295,10
Treg,597,HSF1,2.25516164,223
Treg,597,EPAS1,4.2147269,51
Treg,598,HIF1A,4.70334215,33
Treg,598,NFKB1,5.4625609,12
Treg,598,STAT3,4.81200047,27
Treg,598,CREB1,8.02482918,1
Treg,598,ATF3,1.40152609,342
Treg,598,REL,5.40529934,14
Treg,598,HSF1,2.37357915,215
Treg,598,EPAS1,1.59334684,312
Treg,599,HIF1A,6.4547841,6
Treg,599,NFKB1,5.73935715,10
Treg,599,STAT3,8.37197101,1
Treg,599,CREB1,6.21831138,7
Treg,599,ATF3,1.55904047,305
Treg,599,REL,4.03679638,65
Treg,599,HSF1,3.64084104,92
Treg,599,EPAS1,1.51459382,311
Treg,600,HIF1A,5.63841695,15
Treg,600,NFKB1,5.61341286,16
Treg,600,STAT3,5.69460699,13
Treg,600,CREB1,6.15711781,8
Treg,600,ATF3,3.82999186,72
Treg,600,REL,2.78518604,158
Treg,600,HSF1,4.39242461,47
Treg,600,EPAS1,2.23693234,235
Treg,601,HIF1A,7.59614838,4
Treg,601,NFKB1,6.14007149,12
Treg,601,STAT3,5.32995169,20
Treg,601,CREB1,6.1305002,13
Treg,601,ATF3,0.890208711,391
Treg,601,REL,3.09898569,127
Treg,601,HSF1,3.14483125,121
Treg,601,EPAS1,2.22650904,199
Treg,602,HIF1A,5.19216276,22
Treg,602,NFKB1,7.30366143,4
Treg,602,STAT3,4.96394437,25
Treg,602,CREB1,4.69253082,34
Treg,602,ATF3,0.0572666879,496
Treg,602,REL,3.7134954,77
Treg,602,HSF1,5.8446703,13
Treg,602,EPAS1,2.36302903,202
Treg,603,HIF1A,5.97059743,9
Treg,603,NFKB1,3.9047311,61
Treg,603,STAT3,4.90100513,25
Treg,603,CREB1,4.7228505,31
Treg,603,ATF3,1.03192816,367
Treg,603,REL,2.48843975,185
Treg,603,HSF1,4.80847456,27
Treg,603,EPAS1,3.02719748,124
Treg,604,HIF1A,4.95645445,35
Treg,604,NFKB1,5.63204418,19
Treg,604,STAT3,5.8798793,12
Treg,604,CREB1,3.49295267,101
Treg,604,ATF3,1.19658883,362
Treg,604,REL,5.22104179,29
Treg,604,HSF1,4.71220612,43
Treg,604,EPAS1,3.47565258,103
Treg,605,HIF1A,2.7586629,155
Treg,605,NFKB1,3.13771183,118
Treg,605,STAT3,4.3666995,38
Treg,605,CREB1,6.07199304,14
Treg,605,ATF3,0.591840455,430
Treg,605,REL,2.84498394,146
Treg,605,HSF1,2.04064031,237
Treg,605,EPAS1,2.24075502,213
Treg,606,HIF1A,4.89667359,26
Treg,606,NFKB1,3.5902404,86
Treg,606,STAT3,4.37399322,39
Treg,606,CREB1,6.79041813,4
Treg,606,ATF3,2.45478434,203
Treg,606,REL,5.19342735,20
Treg,606,HSF1,1.54934098,315
Treg,606,EPAS1,0.941621057,399
Treg,607,HIF1A,4.09716866,56
Treg,607,NFKB1,4.8206958,33
Treg,607,STAT3,4.70605551,35
Treg,607,CREB1,5.69794889,16
Treg,607,ATF3,3.28756008,110
Treg,607,REL,4.02226909,58
Treg,607,HSF1,1.01435454,403
Treg,607,EPAS1,1.86057581,285
Treg,608,HIF1A,4.32372627,44
Treg,608,NFKB1,5.09333432,24
Treg,608,STAT3,4.88914915,31
Treg,608,CREB1,3.87008604,65
Treg,608,ATF3,3.77430867,70
Treg,608,REL,3.78345053,69
Treg,608,HSF1,1.04712,365
Treg,608,EPAS1,1.7007325,275
Treg,609,HIF1A,4.72931468,30
Treg,609,NFKB1,5.19778339,16
Treg,609,STAT3,2.7625304,161
Treg,609,CREB1,7.16188203,4
Treg,609,ATF3,1.1426032,358
Treg,609,REL,3.27669835,110
Treg,609,HSF1,2.62062722,174
Treg,609,EPAS1,1.2508878,342
Treg,610,HIF1A,5.06889536,19
Treg,610,NFKB1,5.70926795,10
Treg,610,STAT3,2.71415748,163
Treg,610,CREB1,4.93986683,23
Treg,610,ATF3,0.648427966,420
Treg,610,REL,2.02674803,240
Treg,610,HSF1,1.72690947,276
Treg,610,EPAS1,0.234055144,466
Treg,611,HIF1A,4.98991006,28
Treg,611,NFKB1,4.83723454,32
Treg,611,STAT3,3.17475141,118
Treg,611,CREB1,7.14729744,3
Treg,611,ATF3,2.38710442,190
Treg,611,REL,3.31694998,108
Treg,611,HSF1,2.97337554,136
Treg,611,EPAS1,1.93252168,248
Treg,612,HIF1A,3.48119819,97
Treg,612,NFKB1,4.42687036,39
Treg,612,STAT3,5.07404163,25
Treg,612,CREB1,5.09910128,23
Treg,612,ATF3,1.40740225,320
Treg,612,REL,3.87334226,72
Treg,612,HSF1,3.32403986,113
Treg,612,EPAS1,2.54492331,176
Treg,613,HIF1A,3.01044837,129
Treg,613,NFKB1,5.05264042,25
Treg,613,STAT3,4.29126464,46
Treg,613,CREB1,5.45255191,20
Treg,613,ATF3,0.262433783,462
Treg,613,REL,3.72343127,87
Treg,613,HSF1,4.10951886,57
Treg,613,EPAS1,3.02234622,128
Treg,614,HIF1A,5.50282586,15
Treg,614,NFKB1,5.03885021,25
Treg,614,STAT3,3.83698623,70
Treg,614,CREB1,4.23555745,49
Treg,614,ATF3,0.516070615,429
Treg,614,REL,3.19568741,115
Treg,614,HSF1,1.22478215,339
Treg,614,EPAS1,4.00223676,64
Treg,615,HIF1A,5.41438206,17
Treg,615,NFKB1,5.57002481,13
Treg,615,STAT3,4.65137581,38
Treg,615,CREB1,5.16205287,24
Treg,615,ATF3,1.01246734,375
Treg,615,REL,2.19539082,220
Treg,615,HSF1,0.918508558,385
Treg,615,EPAS1,4.20625854,58
Treg,616,HIF1A,4.97744701,30
Treg,616,NFKB1,5.01254624,28
Treg,616,STAT3,4.25473351,53
Treg,616,CREB1,5.8149579,16
Treg,616,ATF3,-1.57421784,580
Treg,616,REL,4.74237674,38
Treg,616,HSF1,1.25480847,328
Treg,616,EPAS1,2.55080469,179
Treg,617,HIF1A,6.66528373,7
Treg,617,NFKB1,5.96031962,12
Treg,617,STAT3,4.40402897,44
Treg,617,CREB1,4.15220083,55
Treg,617,ATF3,1.82970935,280
Treg,617,REL,4.69972587,32
Treg,617,HSF1,2.40965301,196
Treg,617,EPAS1,2.03621025,253
Treg,618,HIF1A,7.40420071,5
Treg,618,NFKB1,7.29722192,6
Treg,618,STAT3,5.9559256,12
Treg,618,CREB1,3.4822374,96
Treg,618,ATF3,1.56572777,303
Treg,618,REL,3.15000361,119
Treg,618,HSF1,2.0670311200000002,238
Treg,618,EPAS1,1.56739735,302
Treg,619,HIF1A,4.11050077,56
Treg,619,NFKB1,6.16396223,9
Treg,619,STAT3,5.26561317,17
Treg,619,CREB1,4.0674504,59
Treg,619,ATF3,-0.212030446,511
Treg,619,REL,4.26118663,49
Treg,619,HSF1,2.40539917,188
Treg,619,EPAS1,2.93773709,139
Treg,620,HIF1A,5.30926812,14
Treg,620,NFKB1,7.08220473,4
Treg,620,STAT3,4.53669069,44
Treg,620,CREB1,5.19858703,21
Treg,620,ATF3,1.07221748,375
Treg,620,REL,6.4084018,7
Treg,620,HSF1,3.08295109,133
Treg,620,EPAS1,3.06826165,136
Treg,621,HIF1A,6.11461967,14
Treg,621,NFKB1,5.48763866,18
Treg,621,STAT3,5.0265015,25
Treg,621,CREB1,3.10533739,125
Treg,621,ATF3,1.63376612,293
Treg,621,REL,3.76214527,70
Treg,621,HSF1,3.56481762,86
Treg,621,EPAS1,3.24926057,113
Treg,622,HIF1A,6.16424423,8
Treg,622,NFKB1,4.96954109,22
Treg,622,STAT3,4.60492639,35
Treg,622,CREB1,3.78192867,75
Treg,622,ATF3,0.80856734,399
Treg,622,REL,4.86390669,27
Treg,622,HSF1,2.51395403,178
Treg,622,EPAS1,3.59755123,95
Treg,623,HIF1A,5.74712719,9
Treg,623,NFKB1,5.01953718,23
Treg,623,STAT3,5.3188436,15
Treg,623,CREB1,3.69816755,76
Treg,623,ATF3,1.02056615,367
Treg,623,REL,4.51484069,34
Treg,623,HSF1,1.50152821,308
Treg,623,EPAS1,4.49444001,38
Treg,624,HIF1A,7.2320122,2
Treg,624,NFKB1,2.02982177,218
Treg,624,STAT3,5.29556101,25
Treg,624,CREB1,3.74408017,73
Treg,624,ATF3,1.19397266,345
Treg,624,REL,1.02441856,367
Treg,624,HSF1,1.02043179,368
Treg,624,EPAS1,3.96349959,64
Treg,625,HIF1A,4.31556315,43
Treg,625,NFKB1,2.50986301,168
Treg,625,STAT3,3.41729549,84
Treg,625,CREB1,4.58162713,32
Treg,625,ATF3,3.30847035,91
Treg,625,REL,3.67148739,68
Treg,625,HSF1,2.92215809,126
Treg,625,EPAS1,3.66949145,69
Treg,626,HIF1A,4.59940825,34
Treg,626,NFKB1,3.22541523,109
Treg,626,STAT3,3.49464319,86
Treg,626,CREB1,3.59720984,80
Treg,626,ATF3,0.487256595,450
Treg,626,REL,3.50821858,85
Treg,626,HSF1,2.91075155,139
Treg,626,EPAS1,2.80665389,152
Treg,627,HIF1A,3.99830223,67
Treg,627,NFKB1,4.50256418,41
Treg,627,STAT3,2.90992449,144
Treg,627,CREB1,2.21409983,215
Treg,627,ATF3,1.43830112,328
Treg,627,REL,2.77407569,157
Treg,627,HSF1,1.24400245,354
Treg,627,EPAS1,1.97978225,252
Treg,628,HIF1A,3.69931936,73
Treg,628,NFKB1,5.19181349,20
Treg,628,STAT3,2.78665685,156
Treg,628,CREB1,2.41892503,197
Treg,628,ATF3,1.11039662,360
Treg,628,REL,3.86032691,64
Treg,628,HSF1,1.1822044,350
Treg,628,EPAS1,3.26557347,108
Treg,629,HIF1A,5.27628016,21
Treg,629,NFKB1,3.25578176,110
Treg,629,STAT3,3.02980482,133
Treg,629,CREB1,3.5522073,90
Treg,629,ATF3,3.02176115,135
Treg,629,REL,3.48281953,95
Treg,629,HSF1,3.40284836,100
Treg,629,EPAS1,1.18596935,338
Treg,630,HIF1A,5.7196313,14
Treg,630,NFKB1,4.21608402,52
Treg,630,STAT3,5.0045202,23
Treg,630,CREB1,4.54490191,37
Treg,630,ATF3,1.95151993,240
Treg,630,REL,1.97543411,236
Treg,630,HSF1,4.15558558,54
Treg,630,EPAS1,1.41969842,321
Treg,631,HIF1A,6.00214517,8
Treg,631,NFKB1,5.23701119,18
Treg,631,STAT3,5.94595747,9
Treg,631,CREB1,4.55115924,40
Treg,631,ATF3,1.06488672,377
Treg,631,REL,2.20621366,215
Treg,631,HSF1,5.21919761,19
Treg,631,EPAS1,1.32821612,335
Treg,632,HIF1A,4.65357338,31
Treg,632,NFKB1,4.11861903,56
Treg,632,STAT3,4.28671628,42
Treg,632,CREB1,5.00634556,18
Treg,632,ATF3,2.83300848,146
Treg,632,REL,3.13174058,120
Treg,632,HSF1,4.10612891,58
Treg,632,EPAS1,2.55644235,171
Treg,633,HIF1A,5.16176102,23
Treg,633,NFKB1,4.42180043,42
Treg,633,STAT3,4.56828126,39
Treg,633,CREB1,5.15046239,24
Treg,633,ATF3,2.67337554,180
Treg,633,REL,2.71253836,173
Treg,633,HSF1,4.94240429,29
Treg,633,EPAS1,2.49659141,204
Treg,634,HIF1A,6.43588285,7
Treg,634,NFKB1,3.91099089,70
Treg,634,STAT3,6.63993203,6
Treg,634,CREB1,5.21324323,22
Treg,634,ATF3,1.09368457,354
Treg,634,REL,4.4486036,43
Treg,634,HSF1,4.87330331,30
Treg,634,EPAS1,5.16524943,23
Treg,635,HIF1A,4.60820722,30
Treg,635,NFKB1,4.44081111,38
Treg,635,STAT3,4.62232687,29
Treg,635,CREB1,5.17407476,18
Treg,635,ATF3,3.68779537,78
Treg,635,REL,3.4614959,95
Treg,635,HSF1,3.70002268,74
Treg,635,EPAS1,3.82536104,66
Treg,636,HIF1A,7.0698974,7
Treg,636,NFKB1,5.92973165,13
Treg,636,STAT3,7.54429098,4
Treg,636,CREB1,4.37848265,48
Treg,636,ATF3,1.41072094,321
Treg,636,REL,0.857753619,407
Treg,636,HSF1,4.80276438,32
Treg,636,EPAS1,3.46554675,93
Treg,637,HIF1A,7.59355984,3
Treg,637,NFKB1,6.18972029,12
Treg,637,STAT3,5.87744408,17
Treg,637,CREB1,5.22075538,26
Treg,637,ATF3,3.55207827,85
Treg,637,REL,3.53745371,86
Treg,637,HSF1,3.82281673,63
Treg,637,EPAS1,0.970509686,361
Treg,638,HIF1A,5.54759062,16
Treg,638,NFKB1,6.94151093,3
Treg,638,STAT3,5.61916308,14
Treg,638,CREB1,5.57380526,15
Treg,638,ATF3,1.13625043,364
Treg,638,REL,3.75874572,74
Treg,638,HSF1,1.87796916,250
Treg,638,EPAS1,4.64996969,32
Treg,639,HIF1A,6.04808879,8
Treg,639,NFKB1,7.0500341,6
Treg,639,STAT3,5.08532579,19
Treg,639,CREB1,3.95884671,58
Treg,639,ATF3,1.08446397,356
Treg,639,REL,2.27345685,200
Treg,639,HSF1,4.92714667,21
Treg,639,EPAS1,3.88191504,62
Treg,640,HIF1A,5.93532781,14
Treg,640,NFKB1,5.95371248,13
Treg,640,STAT3,3.28389951,100
Treg,640,CREB1,5.46168364,18
Treg,640,ATF3,0.696291436,407
Treg,640,REL,1.63613952,285
Treg,640,HSF1,5.07800169,25
Treg,640,EPAS1,3.05943501,118
Treg,641,HIF1A,6.23157607,8
Treg,641,NFKB1,6.80868253,6
Treg,641,STAT3,4.26765773,49
Treg,641,CREB1,5.18718344,23
Treg,641,ATF3,1.31783621,337
Treg,641,REL,3.93069955,67
Treg,641,HSF1,3.34258146,110
Treg,641,EPAS1,2.21809915,222
Treg,642,HIF1A,6.11171798,11
Treg,642,NFKB1,4.69798301,35
Treg,642,STAT3,3.79647454,81
Treg,642,CREB1,6.34274448,9
Treg,642,ATF3,2.53602367,173
Treg,642,REL,3.46626337,109
Treg,642,HSF1,5.3239,22
Treg,642,EPAS1,-0.0920008542,489
Treg,643,HIF1A,6.63346053,5
Treg,643,NFKB1,4.93898037,27
Treg,643,STAT3,5.55980546,14
Treg,643,CREB1,5.14756226,24
Treg,643,ATF3,-0.353977266,514
Treg,643,REL,4.58778103,35
Treg,643,HSF1,3.86323059,64
Treg,643,EPAS1,2.38001098,209
Treg,644,HIF1A,5.73187451,10
Treg,644,NFKB1,3.7874595,71
Treg,644,STAT3,4.85531903,30
Treg,644,CREB1,4.57527756,36
Treg,644,ATF3,0.445353025,444
Treg,644,REL,5.25764945,22
Treg,644,HSF1,2.66650048,167
Treg,644,EPAS1,3.34767537,102
Treg,645,HIF1A,5.30798485,19
Treg,645,NFKB1,1.30380138,350
Treg,645,STAT3,6.16671632,9
Treg,645,CREB1,5.3519951,17
Treg,645,ATF3,2.77456961,157
Treg,645,REL,3.30467346,105
Treg,645,HSF1,2.17014489,226
Treg,645,EPAS1,2.35295093,202
Treg,646,HIF1A,5.12811145,22
Treg,646,NFKB1,2.86871984,146
Treg,646,STAT3,7.41847732,4
Treg,646,CREB1,5.8115803,14
Treg,646,ATF3,0.78361508,407
Treg,646,REL,1.92665274,257
Treg,646,HSF1,1.73934793,283
Treg,646,EPAS1,2.58023148,175
Treg,647,HIF1A,4.98064399,27
Treg,647,NFKB1,5.14750206,23
Treg,647,STAT3,5.25699854,21
Treg,647,CREB1,6.12124212,8
Treg,647,ATF3,2.96562929,121
Treg,647,REL,3.55693489,76
Treg,647,HSF1,3.64924441,68
Treg,647,EPAS1,3.4942459,82
Treg,648,HIF1A,4.69517458,31
Treg,648,NFKB1,4.05580001,72
Treg,648,STAT3,4.7687118,29
Treg,648,CREB1,4.81679286,26
Treg,648,ATF3,0.0754727363,468
Treg,648,REL,4.54405087,38
Treg,648,HSF1,2.1928326400000002,219
Treg,648,EPAS1,3.08704378,124
Treg,649,HIF1A,4.98480566,27
Treg,649,NFKB1,5.4412563,21
Treg,649,STAT3,6.25978156,9
Treg,649,CREB1,5.02875274,25
Treg,649,ATF3,4.02273341,56
Treg,649,REL,4.93028027,29
Treg,649,HSF1,-0.088595044,484
Treg,649,EPAS1,4.01605497,57
Treg,650,HIF1A,5.70633845,14
Treg,650,NFKB1,4.3991675,45
Treg,650,STAT3,4.68480606,32
Treg,650,CREB1,6.36727221,8
Treg,650,ATF3,3.33748397,105
Treg,650,REL,2.49474006,184
Treg,650,HSF1,1.27443987,334
Treg,650,EPAS1,5.00262286,24
Treg,651,HIF1A,6.15975293,9
Treg,651,NFKB1,5.28300912,22
Treg,651,STAT3,3.56523077,93
Treg,651,CREB1,3.56485384,94
Treg,651,ATF3,-0.0295285771,495
Treg,651,REL,1.18581938,354
Treg,651,HSF1,1.17817806,356
Treg,651,EPAS1,7.03032943,5
Treg,652,HIF1A,6.95430991,5
Treg,652,NFKB1,7.12948751,4
Treg,652,STAT3,4.6505406,36
Treg,652,CREB1,5.72656121,12
Treg,652,ATF3,2.75241424,170
Treg,652,REL,-0.0908750992,495
Treg,652,HSF1,3.20922441,118
Treg,652,EPAS1,2.88572581,153
Treg,653,HIF1A,6.02377061,8
Treg,653,NFKB1,6.39981235,6
Treg,653,STAT3,4.2553049,37
Treg,653,CREB1,4.20705203,41
Treg,653,ATF3,3.3651841,89
Treg,653,REL,3.92350242,57
Treg,653,HSF1,2.7709553,155
Treg,653,EPAS1,2.41413736,201
Treg,654,HIF1A,6.68830732,9
Treg,654,NFKB1,6.03633573,12
Treg,654,STAT3,6.77307064,7
Treg,654,CREB1,5.05962586,27
Treg,654,ATF3,0.109367817,486
Treg,654,REL,3.7871456,61
Treg,654,HSF1,5.26652407,20
Treg,654,EPAS1,1.80395021,270
Treg,655,HIF1A,6.19570072,13
Treg,655,NFKB1,6.97504646,4
Treg,655,STAT3,7.45207689,3
Treg,655,CREB1,4.69660516,36
Treg,655,ATF3,2.51170285,185
Treg,655,REL,4.80470244,33
Treg,655,HSF1,2.99832976,136
Treg,655,EPAS1,0.593153796,430
Treg,656,HIF1A,6.45537106,7
Treg,656,NFKB1,6.22705098,10
Treg,656,STAT3,7.62702421,2
Treg,656,CREB1,4.32072901,52
Treg,656,ATF3,2.27444143,200
Treg,656,REL,2.51223959,173
Treg,656,HSF1,3.46152405,95
Treg,656,EPAS1,2.65812577,155
Treg,657,HIF1A,7.22534008,4
Treg,657,NFKB1,4.92342437,23
Treg,657,STAT3,6.45195224,8
Treg,657,CREB1,6.45132259,9
Treg,657,ATF3,1.98182303,243
Treg,657,REL,3.41176073,102
Treg,657,HSF1,2.74330846,154
Treg,657,EPAS1,3.55607332,92
Treg,658,HIF1A,5.4273052,21
Treg,658,NFKB1,5.55406698,18
Treg,658,STAT3,4.50281468,46
Treg,658,CREB1,7.41660918,3
Treg,658,ATF3,0.326946487,440
Treg,658,REL,4.24662122,64
Treg,658,HSF1,3.44502252,114
Treg,658,EPAS1,2.90637656,149
Treg,659,HIF1A,6.6896526,8
Treg,659,NFKB1,5.83122192,14
Treg,659,STAT3,4.83752638,29
Treg,659,CREB1,5.46295897,17
Treg,659,ATF3,0.432066584,431
Treg,659,REL,3.73280956,75
Treg,659,HSF1,3.80102388,73
Treg,659,EPAS1,4.28999688,45
Treg,660,HIF1A,7.71732532,1
Treg,660,NFKB1,5.30993178,19
Treg,660,STAT3,5.20041496,21
Treg,660,CREB1,5.20070722,20
Treg,660,ATF3,2.25432827,220
Treg,660,REL,3.07107756,132
Treg,660,HSF1,4.5066447,43
Treg,660,EPAS1,3.5819884,91
Treg,661,HIF1A,6.0724627,14
Treg,661,NFKB1,5.34305421,23
Treg,661,STAT3,5.39648907,20
Treg,661,CREB1,4.7954672,35
Treg,661,ATF3,3.85895308,84
Treg,661,REL,3.8389503,85
Treg,661,HSF1,3.63989881,104
Treg,661,EPAS1,2.96197873,163
Treg,662,HIF1A,5.33507735,14
Treg,662,NFKB1,5.14191322,24
Treg,662,STAT3,4.86649331,29
Treg,662,CREB1,6.16774041,9
Treg,662,ATF3,2.48676576,189
Treg,662,REL,2.20697381,226
Treg,662,HSF1,3.04957409,135
Treg,662,EPAS1,3.24632918,113
Treg,663,HIF1A,5.50505676,15
Treg,663,NFKB1,5.46645258,16
Treg,663,STAT3,4.39451771,43
Treg,663,CREB1,5.34909733,18
Treg,663,ATF3,2.17237204,228
Treg,663,REL,2.57431042,175
Treg,663,HSF1,1.29861632,350
Treg,663,EPAS1,2.43370914,191
Treg,664,HIF1A,6.40209036,8
Treg,664,NFKB1,5.92205216,13
Treg,664,STAT3,6.5022986,7
Treg,664,CREB1,4.6909628,36
Treg,664,ATF3,2.82690619,153
Treg,664,REL,2.15483443,223
Treg,664,HSF1,4.10829465,59
Treg,664,EPAS1,2.40245502,194
Treg,665,HIF1A,5.59862907,13
Treg,665,NFKB1,5.25265391,19
Treg,665,STAT3,4.24592035,50
Treg,665,CREB1,4.01653311,60
Treg,665,ATF3,2.97542143,143
Treg,665,REL,4.05481477,58
Treg,665,HSF1,3.93304068,62
Treg,665,EPAS1,3.1166888,127
Treg,666,HIF1A,5.00933654,33
Treg,666,NFKB1,5.77118193,17
Treg,666,STAT3,5.57557994,21
Treg,666,CREB1,7.20310017,3
Treg,666,ATF3,2.24359009,210
Treg,666,REL,5.32027535,25
Treg,666,HSF1,3.51772971,92
Treg,666,EPAS1,0.894790945,399
Treg,667,HIF1A,5.006847,29
Treg,667,NFKB1,6.42559769,8
Treg,667,STAT3,6.06193199,12
Treg,667,CREB1,6.03778618,13
Treg,667,ATF3,3.31018932,108
Treg,667,REL,4.86915811,33
Treg,667,HSF1,3.20353465,121
Treg,667,EPAS1,0.833789618,399
Treg,668,HIF1A,5.87700961,13
Treg,668,NFKB1,5.5729242,19
Treg,668,STAT3,5.31598356,23
Treg,668,CREB1,7.14338574,4
Treg,668,ATF3,4.60909335,36
Treg,668,REL,3.75008302,75
Treg,668,HSF1,3.04015048,126
Treg,668,EPAS1,-0.608176649,538
Treg,669,HIF1A,5.55067433,16
Treg,669,NFKB1,6.14159881,11
Treg,669,STAT3,4.84071829,29
Treg,669,CREB1,5.47565598,18
Treg,669,ATF3,-0.356922896,514
Treg,669,REL,4.24079636,48
Treg,669,HSF1,2.00800272,235
Treg,669,EPAS1,0.831741993,388
Treg,670,HIF1A,5.8276679,12
Treg,670,NFKB1,5.12772499,21
Treg,670,STAT3,6.0790379,11
Treg,670,CREB1,6.3071538,10
Treg,670,ATF3,1.10416195,362
Treg,670,REL,2.29341573,199
Treg,670,HSF1,1.30283986,331
Treg,670,EPAS1,2.32403819,196
Treg,671,HIF1A,5.98583379,12
Treg,671,NFKB1,5.77167824,16
Treg,671,STAT3,6.29227912,8
Treg,671,CREB1,6.47701057,7
Treg,671,ATF3,2.10030955,229
Treg,671,REL,2.55040773,172
Treg,671,HSF1,1.92500469,246
Treg,671,EPAS1,4.06577912,52
Treg,672,HIF1A,5.75685959,15
Treg,672,NFKB1,4.92429339,26
Treg,672,STAT3,4.79822322,31
Treg,672,CREB1,6.26541441,11
Treg,672,ATF3,2.10972966,226
Treg,672,REL,2.27509138,206
Treg,672,HSF1,1.7466933,269
Treg,672,EPAS1,2.70388999,158
Treg,673,HIF1A,6.57397625,7
Treg,673,NFKB1,7.07277729,3
Treg,673,STAT3,5.38000372,19
Treg,673,CREB1,6.97351298,5
Treg,673,ATF3,2.39995163,200
Treg,673,REL,2.17120757,222
Treg,673,HSF1,3.34151049,98
Treg,673,EPAS1,4.51633299,41
Treg,674,HIF1A,7.30225279,2
Treg,674,NFKB1,6.23461282,9
Treg,674,STAT3,4.15218934,49
Treg,674,CREB1,7.16525026,4
Treg,674,ATF3,1.63963109,299
Treg,674,REL,2.55190564,188
Treg,674,HSF1,3.70568654,78
Treg,674,EPAS1,3.74465309,73
Treg,675,HIF1A,8.558809,2
Treg,675,NFKB1,5.73377094,11
Treg,675,STAT3,3.66520086,84
Treg,675,CREB1,6.06913323,7
Treg,675,ATF3,0.184537229,476
Treg,675,REL,2.26051915,220
Treg,675,HSF1,2.8306563,157
Treg,675,EPAS1,3.13216974,134
Treg,676,HIF1A,7.52157708,3
Treg,676,NFKB1,5.24189219,19
Treg,676,STAT3,4.20213584,53
Treg,676,CREB1,6.82805206,5
Treg,676,ATF3,2.77924593,157
Treg,676,REL,2.71587975,164
Treg,676,HSF1,3.94148167,63
Treg,676,EPAS1,2.48965429,189
Treg,677,HIF1A,6.3840974,9
Treg,677,NFKB1,4.09283574,55
Treg,677,STAT3,4.50341133,33
Treg,677,CREB1,6.72805879,7
Treg,677,ATF3,2.95158094,152
Treg,677,REL,3.95724982,63
Treg,677,HSF1,0.258116541,455
Treg,677,EPAS1,1.83608698,278
Treg,678,HIF1A,6.54914717,6
Treg,678,NFKB1,4.03858199,61
Treg,678,STAT3,5.74444369,12
Treg,678,CREB1,6.44038627,7
Treg,678,ATF3,2.20421214,223
Treg,678,REL,4.87438135,25
Treg,678,HSF1,1.06393516,353
Treg,678,EPAS1,4.62049381,33
Treg,679,HIF1A,7.77183809,2
Treg,679,NFKB1,4.44685481,36
Treg,679,STAT3,6.58010314,5
Treg,679,CREB1,7.11136914,4
Treg,679,ATF3,1.47926855,321
Treg,679,REL,4.82786653,25
Treg,679,HSF1,2.85306613,144
Treg,679,EPAS1,3.89311539,63
Treg,680,HIF1A,6.4512554,7
Treg,680,NFKB1,3.54056921,94
Treg,680,STAT3,6.60462898,6
Treg,680,CREB1,6.9676214,4
Treg,680,ATF3,3.2780154,113
Treg,680,REL,5.57463792,16
Treg,680,HSF1,4.09965574,57
Treg,680,EPAS1,4.95963465,24
Treg,681,HIF1A,5.82859394,9
Treg,681,NFKB1,4.98623185,26
Treg,681,STAT3,3.45284474,100
Treg,681,CREB1,7.90358566,4
Treg,681,ATF3,0.230147257,459
Treg,681,REL,5.00707413,25
Treg,681,HSF1,5.37169009,18
Treg,681,EPAS1,4.25519141,50
Treg,682,HIF1A,5.1622207,26
Treg,682,NFKB1,5.61391113,17
Treg,682,STAT3,5.06765113,29
Treg,682,CREB1,6.6746523,5
Treg,682,ATF3,1.65490729,282
Treg,682,REL,4.0145103,61
Treg,682,HSF1,4.12516386,55
Treg,682,EPAS1,3.11810663,126
Treg,683,HIF1A,3.70521373,71
Treg,683,NFKB1,4.42422798,43
Treg,683,STAT3,5.19127128,20
Treg,683,CREB1,8.10177717,2
Treg,683,ATF3,3.61458379,77
Treg,683,REL,3.60874095,79
Treg,683,HSF1,3.86489958,66
Treg,683,EPAS1,4.14146821,56
Treg,684,HIF1A,3.90407871,60
Treg,684,NFKB1,5.4934967,17
Treg,684,STAT3,4.51020536,38
Treg,684,CREB1,7.42754043,4
Treg,684,ATF3,1.84285874,277
Treg,684,REL,3.80563943,67
Treg,684,HSF1,5.13946975,24
Treg,684,EPAS1,4.28808072,44
Treg,685,HIF1A,6.09201967,11
Treg,685,NFKB1,6.39482334,8
Treg,685,STAT3,5.09037852,25
Treg,685,CREB1,7.04470209,4
Treg,685,ATF3,1.81921598,274
Treg,685,REL,6.56909118,6
Treg,685,HSF1,5.15878649,23
Treg,685,EPAS1,2.5332833,184
Treg,686,HIF1A,6.15613004,11
Treg,686,NFKB1,5.1460996,26
Treg,686,STAT3,3.47092902,102
Treg,686,CREB1,6.66182365,8
Treg,686,ATF3,2.6658842,173
Treg,686,REL,1.90291099,256
Treg,686,HSF1,1.52244954,311
Treg,686,EPAS1,3.62732873,89
Treg,687,HIF1A,6.61628185,8
Treg,687,NFKB1,5.69134639,18
Treg,687,STAT3,3.95986511,58
Treg,687,CREB1,7.99505483,2
Treg,687,ATF3,2.38751158,194
Treg,687,REL,3.4896007,86
Treg,687,HSF1,2.55680421,175
Treg,687,EPAS1,1.70831617,267
Treg,688,HIF1A,7.18514302,5
Treg,688,NFKB1,5.00653536,23
Treg,688,STAT3,3.63294641,74
Treg,688,CREB1,7.44566661,3
Treg,688,ATF3,2.67636326,156
Treg,688,REL,5.11305432,21
Treg,688,HSF1,1.72729185,281
Treg,688,EPAS1,2.12773313,228
Treg,689,HIF1A,6.83185911,5
Treg,689,NFKB1,4.51435621,38
Treg,689,STAT3,4.09300498,54
Treg,689,CREB1,7.18479373,2
Treg,689,ATF3,0.803021104,408
Treg,689,REL,3.88674247,67
Treg,689,HSF1,2.05315087,241
Treg,689,EPAS1,2.72941665,154
Treg,690,HIF1A,5.49535318,15
Treg,690,NFKB1,5.23827459,20
Treg,690,STAT3,3.81845254,71
Treg,690,CREB1,5.97424875,8
Treg,690,ATF3,0.652116337,420
Treg,690,REL,2.36670553,201
Treg,690,HSF1,2.49062821,186
Treg,690,EPAS1,2.15817018,238
Treg,691,HIF1A,5.82129565,17
Treg,691,NFKB1,6.61390409,4
Treg,691,STAT3,4.42553652,45
Treg,691,CREB1,6.4257602,5
Treg,691,ATF3,2.2699538,201
Treg,691,REL,2.62836713,162
Treg,691,HSF1,2.74847092,146
Treg,691,EPAS1,4.71966199,34
Treg,692,HIF1A,4.59659332,34
Treg,692,NFKB1,6.37077773,5
Treg,692,STAT3,3.67162823,75
Treg,692,CREB1,5.44564762,16
Treg,692,ATF3,2.8834876,140
Treg,692,REL,5.34793548,17
Treg,692,HSF1,2.07051241,233
Treg,692,EPAS1,2.5949755,165
Treg,693,HIF1A,3.13156787,114
Treg,693,NFKB1,6.99469168,3
Treg,693,STAT3,5.79406289,11
Treg,693,CREB1,5.15578015,25
Treg,693,ATF3,-0.257182138,504
Treg,693,REL,6.35268433,6
Treg,693,HSF1,3.61508851,80
Treg,693,EPAS1,3.93053081,62
Treg,694,HIF1A,3.67045787,85
Treg,694,NFKB1,8.43695153,2
Treg,694,STAT3,4.59562534,34
Treg,694,CREB1,5.12092005,26
Treg,694,ATF3,4.18601888,50
Treg,694,REL,3.22859537,110
Treg,694,HSF1,3.63376594,89
Treg,694,EPAS1,2.25544203,214
Treg,695,HIF1A,6.87190328,6
Treg,695,NFKB1,6.29385787,10
Treg,695,STAT3,4.04304154,60
Treg,695,CREB1,6.11384137,12
Treg,695,ATF3,1.6443804,281
Treg,695,REL,2.63092966,163
Treg,695,HSF1,1.65120907,280
Treg,695,EPAS1,3.96395354,65
Treg,696,HIF1A,4.91033141,30
Treg,696,NFKB1,5.5451208,17
Treg,696,STAT3,3.17001508,108
Treg,696,CREB1,6.21407839,7
Treg,696,ATF3,1.89831602,263
Treg,696,REL,3.30794819,98
Treg,696,HSF1,2.4427038,196
Treg,696,EPAS1,2.55619516,178
Treg,697,HIF1A,4.00738562,61
Treg,697,NFKB1,7.48937453,3
Treg,697,STAT3,3.56970614,86
Treg,697,CREB1,5.80803976,13
Treg,697,ATF3,1.04042289,374
Treg,697,REL,1.99855969,254
Treg,697,HSF1,4.25643996,51
Treg,697,EPAS1,2.33511373,218
Treg,698,HIF1A,5.21348508,22
Treg,698,NFKB1,5.88257914,12
Treg,698,STAT3,5.27391194,18
Treg,698,CREB1,4.9475866,26
Treg,698,ATF3,1.78490408,281
Treg,698,REL,4.41126097,47
Treg,698,HSF1,5.00789504,25
Treg,698,EPAS1,3.96743034,63
Treg,699,HIF1A,4.85947133,32
Treg,699,NFKB1,6.51577081,7
Treg,699,STAT3,5.27425232,23
Treg,699,CREB1,3.83438341,69
Treg,699,ATF3,2.43863664,190
Treg,699,REL,3.96917082,61
Treg,699,HSF1,2.14616653,231
Treg,699,EPAS1,3.36174405,105
Treg,700,HIF1A,6.18008896,11
Treg,700,NFKB1,7.13510767,4
Treg,700,STAT3,5.62957959,20
Treg,700,CREB1,4.23111556,41
Treg,700,ATF3,2.6427667,157
Treg,700,REL,2.42758605,184
Treg,700,HSF1,4.24378508,39
Treg,700,EPAS1,2.57638942,163
Treg,701,HIF1A,3.73304493,76
Treg,701,NFKB1,6.22252265,9
Treg,701,STAT3,3.89349907,66
Treg,701,CREB1,4.36492965,49
Treg,701,ATF3,2.95113577,132
Treg,701,REL,3.50564336,89
Treg,701,HSF1,2.36848284,195
Treg,701,EPAS1,3.23527472,107
Treg,702,HIF1A,4.63458335,37
Treg,702,NFKB1,5.81687339,11
Treg,702,STAT3,4.69371645,35
Treg,702,CREB1,4.94929633,26
Treg,702,ATF3,1.10876689,365
Treg,702,REL,2.95646315,142
Treg,702,HSF1,3.90836141,75
Treg,702,EPAS1,2.39271284,199
Treg,703,HIF1A,6.23165103,8
Treg,703,NFKB1,5.84755068,10
Treg,703,STAT3,5.31010737,17
Treg,703,CREB1,5.10261049,21
Treg,703,ATF3,1.39832892,329
Treg,703,REL,3.76665956,75
Treg,703,HSF1,1.56105184,303
Treg,703,EPAS1,1.76640617,277
Treg,704,HIF1A,4.25169527,41
Treg,704,NFKB1,5.79208993,12
Treg,704,STAT3,2.96208981,150
Treg,704,CREB1,3.72075768,71
Treg,704,ATF3,1.26309021,349
Treg,704,REL,3.57771195,84
Treg,704,HSF1,2.67457854,168
Treg,704,EPAS1,4.15646855,49
Treg,705,HIF1A,5.93211171,15
Treg,705,NFKB1,5.86447638,16
Treg,705,STAT3,3.66659471,77
Treg,705,CREB1,5.96585075,13
Treg,705,ATF3,-1.83149889,581
Treg,705,REL,5.35672037,23
Treg,705,HSF1,2.07236946,243
Treg,705,EPAS1,4.28432373,45
Treg,706,HIF1A,5.07792701,22
Treg,706,NFKB1,4.09183537,60
Treg,706,STAT3,3.75966976,73
Treg,706,CREB1,6.40853292,4
Treg,706,ATF3,2.46115141,179
Treg,706,REL,5.84052618,14
Treg,706,HSF1,3.4807314,93
Treg,706,EPAS1,1.76000644,274
Treg,707,HIF1A,4.33212801,44
Treg,707,NFKB1,4.01381689,62
Treg,707,STAT3,6.40237875,7
Treg,707,CREB1,4.83498694,28
Treg,707,ATF3,2.26749103,205
Treg,707,REL,3.39873745,100
Treg,707,HSF1,1.97265021,243
Treg,707,EPAS1,1.70144678,277
Treg,708,HIF1A,3.36566387,104
Treg,708,NFKB1,3.97092555,60
Treg,708,STAT3,5.78017008,11
Treg,708,CREB1,3.20232498,114
Treg,708,ATF3,1.09648585,371
Treg,708,REL,4.16278225,44
Treg,708,HSF1,4.13093196,49
Treg,708,EPAS1,2.89035715,144
Treg,709,HIF1A,5.2141916,20
Treg,709,NFKB1,5.68061813,16
Treg,709,STAT3,6.02164782,13
Treg,709,CREB1,6.4954155,6
Treg,709,ATF3,4.48011884,40
Treg,709,REL,5.50602995,17
Treg,709,HSF1,3.20556321,119
Treg,709,EPAS1,1.25670994,324
Treg,710,HIF1A,4.88852415,29
Treg,710,NFKB1,5.88078958,14
Treg,710,STAT3,5.42855408,22
Treg,710,CREB1,5.7621926,16
Treg,710,ATF3,1.70531349,282
Treg,710,REL,4.63079377,37
Treg,710,HSF1,1.98846709,245
Treg,710,EPAS1,2.32749874,216
Treg,711,HIF1A,5.32073783,20
Treg,711,NFKB1,5.88137726,10
Treg,711,STAT3,4.61976991,40
Treg,711,CREB1,5.55126181,17
Treg,711,ATF3,2.01785939,267
Treg,711,REL,2.58791066,177
Treg,711,HSF1,3.53691607,90
Treg,711,EPAS1,1.6105373,323
Treg,712,HIF1A,4.71311194,41
Treg,712,NFKB1,4.89116988,34
Treg,712,STAT3,3.64311066,95
Treg,712,CREB1,4.82737886,35
Treg,712,ATF3,-1.44194008,569
Treg,712,REL,1.94067353,262
Treg,712,HSF1,3.54788897,108
Treg,712,EPAS1,4.23193099,52
Treg,713,HIF1A,3.72740644,72
Treg,713,NFKB1,4.13199302,55
Treg,713,STAT3,3.70661946,76
Treg,713,CREB1,5.52852022,16
Treg,713,ATF3,0.0663515004,481
Treg,713,REL,6.42942114,3
Treg,713,HSF1,2.92063412,142
Treg,713,EPAS1,2.03206791,251
Treg,714,HIF1A,4.91138061,31
Treg,714,NFKB1,4.53636679,43
Treg,714,STAT3,4.91565778,30
Treg,714,CREB1,6.2592719,6
Treg,714,ATF3,0.538128113,426
Treg,714,REL,3.48796756,90
Treg,714,HSF1,3.06808491,120
Treg,714,EPAS1,0.483166387,437
Treg,715,HIF1A,4.90843931,23
Treg,715,NFKB1,6.68442915,4
Treg,715,STAT3,5.8545982,9
Treg,715,CREB1,4.55698893,34
Treg,715,ATF3,0.544689959,442
Treg,715,REL,3.77127579,78
Treg,715,HSF1,2.08741488,251
Treg,715,EPAS1,2.37701948,206
Treg,716,HIF1A,4.9473588,28
Treg,716,NFKB1,5.87149349,10
Treg,716,STAT3,6.30108474,6
Treg,716,CREB1,5.29479225,21
Treg,716,ATF3,1.39914813,322
Treg,716,REL,3.7952248,74
Treg,716,HSF1,0.223806167,463
Treg,716,EPAS1,4.31516127,51
Treg,717,HIF1A,5.20576245,22
Treg,717,NFKB1,5.95498512,9
Treg,717,STAT3,5.62338769,17
Treg,717,CREB1,6.77649487,5
Treg,717,ATF3,-0.745124668,530
Treg,717,REL,1.0803245400000001,343
Treg,717,HSF1,2.80995635,159
Treg,717,EPAS1,2.24713233,211
Treg,718,HIF1A,3.04546416,134
Treg,718,NFKB1,6.21749851,9
Treg,718,STAT3,3.96170979,64
Treg,718,CREB1,6.9162566,4
Treg,718,ATF3,3.0919255,130
Treg,718,REL,0.188666368,460
Treg,718,HSF1,2.01154777,231
Treg,718,EPAS1,0.608678055,406
Treg,719,HIF1A,4.32367807,52
Treg,719,NFKB1,6.13554523,10
Treg,719,STAT3,4.24684764,57
Treg,719,CREB1,4.41036088,47
Treg,719,ATF3,0.26335345,458
Treg,719,REL,4.45718404,45
Treg,719,HSF1,1.45219366,310
Treg,719,EPAS1,3.66909721,93
Treg,720,HIF1A,6.19493242,8
Treg,720,NFKB1,4.20827925,46
Treg,720,STAT3,6.08218191,10
Treg,720,CREB1,4.34256217,41
Treg,720,ATF3,0.622641507,403
Treg,720,REL,2.25190793,221
Treg,720,HSF1,4.50633957,35
Treg,720,EPAS1,1.55545988,308
Treg,721,HIF1A,4.72225145,30
Treg,721,NFKB1,4.59314066,36
Treg,721,STAT3,3.60566459,82
Treg,721,CREB1,4.42851407,44
Treg,721,ATF3,1.797209,273
Treg,721,REL,5.45981146,15
Treg,721,HSF1,1.5879773,290
Treg,721,EPAS1,3.49167081,92
Treg,722,HIF1A,5.58389755,15
Treg,722,NFKB1,4.87924144,26
Treg,722,STAT3,2.79109436,152
Treg,722,CREB1,6.82110389,5
Treg,722,ATF3,3.02361741,128
Treg,722,REL,4.46853665,34
Treg,722,HSF1,1.67772241,287
Treg,722,EPAS1,3.57553205,88
Treg,723,HIF1A,4.45419431,41
Treg,723,NFKB1,4.33190015,47
Treg,723,STAT3,3.99285861,58
Treg,723,CREB1,7.47810466,4
Treg,723,ATF3,2.65498441,171
Treg,723,REL,2.06335989,242
Treg,723,HSF1,4.99062494,25
Treg,723,EPAS1,1.79985562,271
Treg,724,HIF1A,5.93021267,9
Treg,724,NFKB1,5.56074653,13
Treg,724,STAT3,5.03092469,25
Treg,724,CREB1,7.09880661,3
Treg,724,ATF3,1.83105584,279
Treg,724,REL,2.50198554,194
Treg,724,HSF1,1.82972636,280
Treg,724,EPAS1,3.88197158,74
Treg,725,HIF1A,6.19065275,8
Treg,725,NFKB1,5.63885584,12
Treg,725,STAT3,4.87391937,21
Treg,725,CREB1,6.39991591,7
Treg,725,ATF3,2.83840208,134
Treg,725,REL,3.52977106,83
Treg,725,HSF1,2.17286773,246
Treg,725,EPAS1,2.54373697,183
Treg,726,HIF1A,6.59334169,5
Treg,726,NFKB1,4.56656563,36
Treg,726,STAT3,5.4262898,17
Treg,726,CREB1,7.28763772,3
Treg,726,ATF3,4.24770278,50
Treg,726,REL,3.56096031,89
Treg,726,HSF1,1.80352348,265
Treg,726,EPAS1,1.61885617,292
Treg,727,HIF1A,5.08630938,22
Treg,727,NFKB1,6.05582205,9
Treg,727,STAT3,5.91034169,13
Treg,727,CREB1,7.9332635,2
Treg,727,ATF3,1.18695711,334
Treg,727,REL,3.24791623,107
Treg,727,HSF1,1.10973533,345
Treg,727,EPAS1,1.73820885,276
Treg,728,HIF1A,5.97081715,14
Treg,728,NFKB1,6.58440246,5
Treg,728,STAT3,3.17647488,111
Treg,728,CREB1,6.36161371,8
Treg,728,ATF3,2.09366423,233
Treg,728,REL,3.95288385,58
Treg,728,HSF1,2.86138483,146
Treg,728,EPAS1,2.18594296,224
Treg,729,HIF1A,6.047594,9
Treg,729,NFKB1,6.10481667,8
Treg,729,STAT3,4.51173681,45
Treg,729,CREB1,5.40772719,24
Treg,729,ATF3,2.35574059,201
Treg,729,REL,3.85766077,74
Treg,729,HSF1,2.87363327,135
Treg,729,EPAS1,2.38086255,199
Treg,730,HIF1A,7.2980158,2
Treg,730,NFKB1,5.60875564,12
Treg,730,STAT3,4.72093417,30
Treg,730,CREB1,4.65807149,33
Treg,730,ATF3,1.71654698,280
Treg,730,REL,3.46259817,96
Treg,730,HSF1,2.74345861,166
Treg,730,EPAS1,3.2429687,115
Treg,731,HIF1A,6.86530154,5
Treg,731,NFKB1,5.03756575,22
Treg,731,STAT3,4.83529406,29
Treg,731,CREB1,4.23677104,54
Treg,731,ATF3,1.7038776,283
Treg,731,REL,1.55567579,305
Treg,731,HSF1,4.77502161,30
Treg,731,EPAS1,3.66380369,82
Treg,732,HIF1A,5.86212476,10
Treg,732,NFKB1,4.92184708,23
Treg,732,STAT3,3.92317161,59
Treg,732,CREB1,4.3976787,36
Treg,732,ATF3,-1.85413389,575
Treg,732,REL,1.8600481,257
Treg,732,HSF1,2.43598694,197
Treg,732,EPAS1,2.59021892,179
Treg,733,HIF1A,4.29954567,46
Treg,733,NFKB1,5.9325546,9
Treg,733,STAT3,4.40256387,44
Treg,733,CREB1,5.59343868,13
Treg,733,ATF3,0.0407997245,480
Treg,733,REL,2.96445627,133
Treg,733,HSF1,1.43481007,313
Treg,733,EPAS1,3.08912215,119
Treg,734,HIF1A,4.10651541,50
Treg,734,NFKB1,5.59821575,15
Treg,734,STAT3,3.5522811,90
Treg,734,CREB1,4.7874135,34
Treg,734,ATF3,0.126086969,478
Treg,734,REL,2.55803533,189
Treg,734,HSF1,3.15877999,122
Treg,734,EPAS1,3.72329371,78
Treg,735,HIF1A,3.41945919,95
Treg,735,NFKB1,3.98248641,58
Treg,735,STAT3,6.21348538,10
Treg,735,CREB1,6.78613149,7
Treg,735,ATF3,2.49885711,180
Treg,735,REL,2.88314316,143
Treg,735,HSF1,3.67983726,71
Treg,735,EPAS1,0.262583509,460
Treg,736,HIF1A,6.09933494,11
Treg,736,NFKB1,5.49320662,18
Treg,736,STAT3,3.89577327,70
Treg,736,CREB1,5.89791365,14
Treg,736,ATF3,0.985099178,383
Treg,736,REL,2.96692281,142
Treg,736,HSF1,0.550918263,436
Treg,736,EPAS1,4.3427575,45
Treg,737,HIF1A,5.65251118,13
Treg,737,NFKB1,5.92866339,9
Treg,737,STAT3,5.12036782,22
Treg,737,CREB1,4.88924302,27
Treg,737,ATF3,2.02749535,249
Treg,737,REL,2.1441338,235
Treg,737,HSF1,3.88188202,72
Treg,737,EPAS1,3.84035201,75
Treg,738,HIF1A,5.36773361,18
Treg,738,NFKB1,6.54446437,7
Treg,738,STAT3,4.44469198,39
Treg,738,CREB1,5.13072868,23
Treg,738,ATF3,2.0776831,230
Treg,738,REL,5.16629879,22
Treg,738,HSF1,1.08785252,381
Treg,738,EPAS1,2.62903226,171
Treg,739,HIF1A,5.5820612,19
Treg,739,NFKB1,8.5190824,1
Treg,739,STAT3,4.48341661,44
Treg,739,CREB1,7.29737113,5
Treg,739,ATF3,3.47843592,103
Treg,739,REL,1.7303557,269
Treg,739,HSF1,0.577690599,425
Treg,739,EPAS1,0.909648536,379
Treg,740,HIF1A,6.22932086,10
Treg,740,NFKB1,7.37252457,4
Treg,740,STAT3,4.81997855,33
Treg,740,CREB1,4.52409501,45
Treg,740,ATF3,1.54266752,288
Treg,740,REL,4.89630538,28
Treg,740,HSF1,2.77215072,146
Treg,740,EPAS1,3.08079597,122
Treg,741,HIF1A,5.60130234,13
Treg,741,NFKB1,8.54184341,3
Treg,741,STAT3,5.16438609,22
Treg,741,CREB1,5.93042631,9
Treg,741,ATF3,0.491952515,436
Treg,741,REL,1.48402485,302
Treg,741,HSF1,3.80299301,61
Treg,741,EPAS1,3.38109065,92
Treg,742,HIF1A,5.7573281,11
Treg,742,NFKB1,8.23634195,3
Treg,742,STAT3,3.77518563,61
Treg,742,CREB1,4.6971252,33
Treg,742,ATF3,1.66350849,277
Treg,742,REL,2.39265287,184
Treg,742,HSF1,1.8234539,260
Treg,742,EPAS1,5.65210847,14
Treg,743,HIF1A,6.91405832,6
Treg,743,NFKB1,8.08164594,3
Treg,743,STAT3,4.3605122,37
Treg,743,CREB1,5.88331671,15
Treg,743,ATF3,0.683514976,405
Treg,743,REL,2.58415615,162
Treg,743,HSF1,5.52592767,19
Treg,743,EPAS1,3.43017077,77
Treg,744,HIF1A,3.38815873,107
Treg,744,NFKB1,7.53049679,3
Treg,744,STAT3,3.95864573,61
Treg,744,CREB1,4.83786299,24
Treg,744,ATF3,0.830031055,394
Treg,744,REL,1.88727381,263
Treg,744,HSF1,2.7716943,169
Treg,744,EPAS1,0.476394562,442
Treg,745,HIF1A,4.06625932,58
Treg,745,NFKB1,6.44260379,7
Treg,745,STAT3,4.24783156,45
Treg,745,CREB1,3.66512453,82
Treg,745,ATF3,3.92442385,65
Treg,745,REL,2.73202499,150
Treg,745,HSF1,2.2953964,200
Treg,745,EPAS1,1.46033945,319
Treg,746,HIF1A,4.0731876,59
Treg,746,NFKB1,7.4258105,3
Treg,746,STAT3,4.53093462,41
Treg,746,CREB1,3.20404499,118
Treg,746,ATF3,1.78058234,272
Treg,746,REL,4.62077265,37
Treg,746,HSF1,3.02487121,133
Treg,746,EPAS1,2.32674501,222
Treg,747,HIF1A,4.81584055,27
Treg,747,NFKB1,8.08698902,2
Treg,747,STAT3,4.15836403,56
Treg,747,CREB1,4.41316424,45
Treg,747,ATF3,0.752863467,407
Treg,747,REL,4.21179495,53
Treg,747,HSF1,0.990317765,374
Treg,747,EPAS1,0.531783882,439
Treg,748,HIF1A,5.17068177,21
Treg,748,NFKB1,4.91658471,26
Treg,748,STAT3,5.40262452,20
Treg,748,CREB1,4.31931334,49
Treg,748,ATF3,3.87320404,74
Treg,748,REL,3.42783859,99
Treg,748,HSF1,2.16137828,238
Treg,748,EPAS1,1.42677369,329
Treg,749,HIF1A,4.43683834,39
Treg,749,NFKB1,4.33191093,44
Treg,749,STAT3,4.19487859,53
Treg,749,CREB1,2.93069361,164
Treg,749,ATF3,1.61899281,294
Treg,749,REL,5.04875206,21
Treg,749,HSF1,1.35567169,328
Treg,749,EPAS1,2.2995866,226
Treg,750,HIF1A,5.57818376,14
Treg,750,NFKB1,2.79689746,161
Treg,750,STAT3,6.14922514,9
Treg,750,CREB1,2.98079091,137
Treg,750,ATF3,1.62760962,304
Treg,750,REL,4.83016293,32
Treg,750,HSF1,1.93297362,262
Treg,750,EPAS1,1.76342152,291
Treg,751,HIF1A,2.9947701,134
Treg,751,NFKB1,4.70781106,33
Treg,751,STAT3,5.94813429,7
Treg,751,CREB1,4.91812668,28
Treg,751,ATF3,4.56620125,39
Treg,751,REL,2.66492499,170
Treg,751,HSF1,2.30327472,209
Treg,751,EPAS1,3.12730438,117
Treg,752,HIF1A,6.63241809,6
Treg,752,NFKB1,4.74527987,32
Treg,752,STAT3,6.29720229,9
Treg,752,CREB1,5.6055728,16
Treg,752,ATF3,4.4503677,37
Treg,752,REL,2.4022234,197
Treg,752,HSF1,2.884386,148
Treg,752,EPAS1,1.59647765,287
Treg,753,HIF1A,5.98181505,10
Treg,753,NFKB1,4.62262357,42
Treg,753,STAT3,5.92857237,12
Treg,753,CREB1,4.73582517,37
Treg,753,ATF3,1.7003931,267
Treg,753,REL,4.0069737,67
Treg,753,HSF1,-0.0657408918,485
Treg,753,EPAS1,2.32244513,196
Treg,754,HIF1A,5.29929739,19
Treg,754,NFKB1,4.52146891,47
Treg,754,STAT3,5.39463242,18
Treg,754,CREB1,5.78662398,12
Treg,754,ATF3,1.04057431,361
Treg,754,REL,4.81736157,30
Treg,754,HSF1,4.00760001,72
Treg,754,EPAS1,2.83881537,155
Treg,755,HIF1A,4.71759583,32
Treg,755,NFKB1,5.95275087,7
Treg,755,STAT3,5.35985698,16
Treg,755,CREB1,5.31687257,17
Treg,755,ATF3,-0.531947754,527
Treg,755,REL,4.84832034,26
Treg,755,HSF1,3.66981436,87
Treg,755,EPAS1,1.13824286,348
Treg,756,HIF1A,4.36596347,45
Treg,756,NFKB1,3.63911289,88
Treg,756,STAT3,4.41803227,44
Treg,756,CREB1,5.937171,10
Treg,756,ATF3,4.3276898,48
Treg,756,REL,5.95929166,9
Treg,756,HSF1,4.91523358,23
Treg,756,EPAS1,3.00546791,135
Treg,757,HIF1A,5.33143111,19
Treg,757,NFKB1,3.99112703,64
Treg,757,STAT3,4.31416839,45
Treg,757,CREB1,6.72817815,6
Treg,757,ATF3,2.00344337,250
Treg,757,REL,1.02783509,357
Treg,757,HSF1,2.69992756,177
Treg,757,EPAS1,2.53348714,192
Treg,758,HIF1A,5.56915393,16
Treg,758,NFKB1,6.30980636,7
Treg,758,STAT3,2.92631995,145
Treg,758,CREB1,6.8531855,5
Treg,758,ATF3,1.77384592,260
Treg,758,REL,2.31144371,197
Treg,758,HSF1,2.16706977,217
Treg,758,EPAS1,1.3753499,306
Treg,759,HIF1A,6.30489863,9
Treg,759,NFKB1,5.57416483,17
Treg,759,STAT3,5.77607219,14
Treg,759,CREB1,6.21487118,10
Treg,759,ATF3,2.01015102,240
Treg,759,REL,2.27973902,200
Treg,759,HSF1,4.62480506,38
Treg,759,EPAS1,1.3362946,319
Treg,760,HIF1A,4.68101092,37
Treg,760,NFKB1,7.29561416,4
Treg,760,STAT3,5.13080081,26
Treg,760,CREB1,6.63780579,5
Treg,760,ATF3,2.23028966,213
Treg,760,REL,4.4178245,48
Treg,760,HSF1,3.86511041,68
Treg,760,EPAS1,2.70935265,152
Treg,761,HIF1A,3.74882405,79
Treg,761,NFKB1,7.47847353,3
Treg,761,STAT3,4.34642979,39
Treg,761,CREB1,5.37217673,15
Treg,761,ATF3,1.57766193,320
Treg,761,REL,4.39116708,36
Treg,761,HSF1,0.824358983,412
Treg,761,EPAS1,1.30900048,353
Treg,762,HIF1A,4.86361837,26
Treg,762,NFKB1,7.53648638,2
Treg,762,STAT3,6.14639591,6
Treg,762,CREB1,5.01796243,21
Treg,762,ATF3,2.45620918,199
Treg,762,REL,5.67609041,14
Treg,762,HSF1,0.844619367,400
Treg,762,EPAS1,1.57565551,298
Treg,763,HIF1A,4.67842544,46
Treg,763,NFKB1,7.64629035,2
Treg,763,STAT3,5.09759851,29
Treg,763,CREB1,4.85164438,39
Treg,763,ATF3,1.83097016,268
Treg,763,REL,1.69025218,294
Treg,763,HSF1,2.4261751,190
Treg,763,EPAS1,2.39486836,195
Treg,764,HIF1A,4.92514207,29
Treg,764,NFKB1,6.34409129,10
Treg,764,STAT3,5.18433778,19
Treg,764,CREB1,6.48082545,8
Treg,764,ATF3,2.09970378,229
Treg,764,REL,3.0533342,134
Treg,764,HSF1,1.89668063,249
Treg,764,EPAS1,3.64097642,91
Treg,765,HIF1A,7.04378338,6
Treg,765,NFKB1,6.51785219,9
Treg,765,STAT3,4.533744,34
Treg,765,CREB1,5.00072533,23
Treg,765,ATF3,2.67587048,165
Treg,765,REL,3.38156383,95
Treg,765,HSF1,4.55285315,32
Treg,765,EPAS1,3.38773125,93
Treg,766,HIF1A,5.44675306,19
Treg,766,NFKB1,6.00488057,12
Treg,766,STAT3,7.03072021,6
Treg,766,CREB1,6.72754003,7
Treg,766,ATF3,2.38747797,184
Treg,766,REL,1.82497927,264
Treg,766,HSF1,2.22913328,205
Treg,766,EPAS1,4.38052076,43
Treg,767,HIF1A,7.38482678,4
Treg,767,NFKB1,5.12810558,23
Treg,767,STAT3,6.86190425,8
Treg,767,CREB1,5.81757385,13
Treg,767,ATF3,2.8897112,139
Treg,767,REL,1.76540398,259
Treg,767,HSF1,1.99576149,233
Treg,767,EPAS1,1.2982781,320
Treg,768,HIF1A,6.55240727,9
Treg,768,NFKB1,6.21173703,11
Treg,768,STAT3,7.59328687,6
Treg,768,CREB1,5.06381475,29
Treg,768,ATF3,-0.0619730532,488
Treg,768,REL,1.96603799,251
Treg,768,HSF1,2.2964725,209
Treg,768,EPAS1,1.87854045,265
Treg,769,HIF1A,5.27844656,21
Treg,769,NFKB1,5.40934529,18
Treg,769,STAT3,5.90968962,15
Treg,769,CREB1,5.3113017,20
Treg,769,ATF3,1.04148759,362
Treg,769,REL,1.75106,262
Treg,769,HSF1,4.28434131,49
Treg,769,EPAS1,4.42073856,43
Treg,770,HIF1A,4.05403077,62
Treg,770,NFKB1,5.05535402,19
Treg,770,STAT3,6.83192126,7
Treg,770,CREB1,5.04026913,21
Treg,770,ATF3,3.92378423,71
Treg,770,REL,1.90389691,249
Treg,770,HSF1,5.57812822,13
Treg,770,EPAS1,3.63301146,89
Treg,771,HIF1A,4.09402314,59
Treg,771,NFKB1,6.67453939,9
Treg,771,STAT3,6.34087292,11
Treg,771,CREB1,5.71511857,14
Treg,771,ATF3,1.71482669,272
Treg,771,REL,3.4333378,86
Treg,771,HSF1,4.23448678,51
Treg,771,EPAS1,5.86988018,13
Treg,772,HIF1A,6.11093574,11
Treg,772,NFKB1,4.85440904,30
Treg,772,STAT3,6.94769381,6
Treg,772,CREB1,4.86675734,28
Treg,772,ATF3,2.77963491,142
Treg,772,REL,3.5069031,84
Treg,772,HSF1,4.28478553,44
Treg,772,EPAS1,4.60392206,35
Treg,773,HIF1A,5.45439453,13
Treg,773,NFKB1,5.86587171,9
Treg,773,STAT3,4.54089192,42
Treg,773,CREB1,3.83117098,84
Treg,773,ATF3,-1.21391226,569
Treg,773,REL,3.45313713,99
Treg,773,HSF1,4.06841988,66
Treg,773,EPAS1,3.40593276,101
Treg,774,HIF1A,7.12479268,4
Treg,774,NFKB1,6.13653266,10
Treg,774,STAT3,5.86724073,14
Treg,774,CREB1,4.77620191,29
Treg,774,ATF3,2.74225451,158
Treg,774,REL,3.56333687,84
Treg,774,HSF1,5.40797816,18
Treg,774,EPAS1,3.04360132,131
Treg,775,HIF1A,5.6466899,13
Treg,775,NFKB1,6.77530734,4
Treg,775,STAT3,6.22114141,8
Treg,775,CREB1,4.88078769,26
Treg,775,ATF3,2.27605073,214
Treg,775,REL,3.02568816,140
Treg,775,HSF1,0.902720585,380
Treg,775,EPAS1,2.47277488,191
Treg,776,HIF1A,4.7876595,25
Treg,776,NFKB1,6.95979569,6
Treg,776,STAT3,8.3371772,2
Treg,776,CREB1,3.93328621,60
Treg,776,ATF3,1.22439787,337
Treg,776,REL,3.35329325,109
Treg,776,HSF1,4.6144334,29
Treg,776,EPAS1,2.35672225,192
Treg,777,HIF1A,4.16927215,49
Treg,777,NFKB1,6.83738586,5
Treg,777,STAT3,5.10677783,19
Treg,777,CREB1,4.33158672,43
Treg,777,ATF3,1.71176833,291
Treg,777,REL,3.13570338,130
Treg,777,HSF1,-0.338992278,532
Treg,777,EPAS1,1.75145425,283
Treg,778,HIF1A,3.36461762,101
Treg,778,NFKB1,5.02721989,27
Treg,778,STAT3,6.405866,7
Treg,778,CREB1,5.8576167,10
Treg,778,ATF3,-1.36477741,577
Treg,778,REL,2.67841397,160
Treg,778,HSF1,0.975824625,373
Treg,778,EPAS1,1.71133494,274
Treg,779,HIF1A,5.41826606,18
Treg,779,NFKB1,5.0016539,29
Treg,779,STAT3,5.94322612,8
Treg,779,CREB1,5.49735312,14
Treg,779,ATF3,-1.32382295,570
Treg,779,REL,3.4904481,93
Treg,779,HSF1,7.01814773,3
Treg,779,EPAS1,2.92717873,146
Treg,780,HIF1A,6.26332955,10
Treg,780,NFKB1,5.48401683,21
Treg,780,STAT3,5.38310809,24
Treg,780,CREB1,4.20597045,56
Treg,780,ATF3,1.99209253,249
Treg,780,REL,4.7973094,35
Treg,780,HSF1,5.48174747,22
Treg,780,EPAS1,5.03823196,29
Treg,781,HIF1A,6.65895596,6
Treg,781,NFKB1,6.7001077,5
Treg,781,STAT3,4.77753254,30
Treg,781,CREB1,5.77606481,12
Treg,781,ATF3,0.413662766,431
Treg,781,REL,3.47248966,103
Treg,781,HSF1,3.95197491,70
Treg,781,EPAS1,2.54028121,194
Treg,782,HIF1A,4.66272761,32
Treg,782,NFKB1,5.9273399,14
Treg,782,STAT3,5.04037302,23
Treg,782,CREB1,6.93916258,6
Treg,782,ATF3,-0.610923284,537
Treg,782,REL,2.19920063,219
Treg,782,HSF1,2.34858094,206
Treg,782,EPAS1,2.63680889,173
Treg,783,HIF1A,4.74927411,35
Treg,783,NFKB1,6.10897275,7
Treg,783,STAT3,4.22006002,56
Treg,783,CREB1,6.37900668,6
Treg,783,ATF3,3.06226987,133
Treg,783,REL,3.3203856,111
Treg,783,HSF1,3.06090261,135
Treg,783,EPAS1,4.6883077,36
Treg,784,HIF1A,5.22287127,20
Treg,784,NFKB1,5.28425088,18
Treg,784,STAT3,5.0911382,24
Treg,784,CREB1,6.80997452,5
Treg,784,ATF3,3.15578716,139
Treg,784,REL,3.45323816,103
Treg,784,HSF1,2.94672644,153
Treg,784,EPAS1,5.32838232,17
Treg,785,HIF1A,4.24744196,56
Treg,785,NFKB1,5.45956636,22
Treg,785,STAT3,4.30272497,52
Treg,785,CREB1,6.34301619,9
Treg,785,ATF3,4.76996007,36
Treg,785,REL,3.57157251,101
Treg,785,HSF1,1.93405598,259
Treg,785,EPAS1,3.58027913,100
Treg,786,HIF1A,5.47414622,16
Treg,786,NFKB1,5.83821925,11
Treg,786,STAT3,3.2441557,110
Treg,786,CREB1,6.12233555,7
Treg,786,ATF3,1.43275204,315
Treg,786,REL,3.36399214,98
Treg,786,HSF1,2.99366296,142
Treg,786,EPAS1,4.25134138,55
Treg,787,HIF1A,6.89258974,5
Treg,787,NFKB1,7.37704877,3
Treg,787,STAT3,5.43336158,20
Treg,787,CREB1,6.90474129,4
Treg,787,ATF3,3.89508651,73
Treg,787,REL,1.77793122,273
Treg,787,HSF1,4.44859864,50
Treg,787,EPAS1,1.46525537,313
Treg,788,HIF1A,6.71655332,4
Treg,788,NFKB1,4.87952428,28
Treg,788,STAT3,4.32426516,48
Treg,788,CREB1,7.46570652,3
Treg,788,ATF3,1.32085637,319
Treg,788,REL,1.64022595,279
Treg,788,HSF1,3.08929654,134
Treg,788,EPAS1,1.10074445,343
Treg,789,HIF1A,5.70761493,17
Treg,789,NFKB1,6.09169534,13
Treg,789,STAT3,3.21468162,121
Treg,789,CREB1,6.69057288,6
Treg,789,ATF3,2.06815538,230
Treg,789,REL,1.78364281,265
Treg,789,HSF1,1.76905409,269
Treg,789,EPAS1,1.81488705,263
Treg,790,HIF1A,5.76343819,13
Treg,790,NFKB1,5.32394628,21
Treg,790,STAT3,3.76803,72
Treg,790,CREB1,6.34856317,7
Treg,790,ATF3,3.03200339,134
Treg,790,REL,3.22760849,113
Treg,790,HSF1,2.72645535,171
Treg,790,EPAS1,3.65333015,81
Treg,791,HIF1A,3.22822067,117
Treg,791,NFKB1,5.33559651,16
Treg,791,STAT3,2.05614696,231
Treg,791,CREB1,4.08726084,60
Treg,791,ATF3,2.20753066,209
Treg,791,REL,4.31216394,49
Treg,791,HSF1,3.52144088,95
Treg,791,EPAS1,2.74526665,156
Treg,792,HIF1A,4.79048335,29
Treg,792,NFKB1,3.22158761,118
Treg,792,STAT3,3.42181638,95
Treg,792,CREB1,4.78603568,30
Treg,792,ATF3,-0.0863881621,490
Treg,792,REL,1.22977077,349
Treg,792,HSF1,0.836412051,395
Treg,792,EPAS1,2.95899282,151
Treg,793,HIF1A,4.41608875,43
Treg,793,NFKB1,3.63124805,93
Treg,793,STAT3,6.04821939,6
Treg,793,CREB1,5.15425189,19
Treg,793,ATF3,4.30386897,52
Treg,793,REL,2.05362099,240
Treg,793,HSF1,1.767668,272
Treg,793,EPAS1,1.84947824,265
Treg,794,HIF1A,4.83031968,29
Treg,794,NFKB1,4.92276223,27
Treg,794,STAT3,4.66675277,36
Treg,794,CREB1,5.30091398,12
Treg,794,ATF3,1.6216539,307
Treg,794,REL,3.82833653,75
Treg,794,HSF1,0.134579429,470
Treg,794,EPAS1,2.55094532,173
Treg,795,HIF1A,4.61699186,40
Treg,795,NFKB1,5.61709117,13
Treg,795,STAT3,6.90323575,5
Treg,795,CREB1,3.71566366,84
Treg,795,ATF3,2.86068401,157
Treg,795,REL,5.17112966,20
Treg,795,HSF1,2.01009675,243
Treg,795,EPAS1,2.08729166,229
Treg,796,HIF1A,5.71812489,11
Treg,796,NFKB1,5.96069578,7
Treg,796,STAT3,4.86023575,30
Treg,796,CREB1,4.04285997,52
Treg,796,ATF3,3.32604041,103
Treg,796,REL,2.57431073,174
Treg,796,HSF1,3.20426645,112
Treg,796,EPAS1,4.13598804,48
Treg,797,HIF1A,6.14913834,10
Treg,797,NFKB1,3.96254336,67
Treg,797,STAT3,5.21296461,22
Treg,797,CREB1,4.41661918,38
Treg,797,ATF3,1.91133526,235
Treg,797,REL,3.11923797,127
Treg,797,HSF1,2.66918962,167
Treg,797,EPAS1,2.33308204,193
Treg,798,HIF1A,6.10806287,9
Treg,798,NFKB1,6.93919795,2
Treg,798,STAT3,4.83605924,31
Treg,798,CREB1,3.87850811,68
Treg,798,ATF3,2.49757923,187
Treg,798,REL,1.36591627,319
Treg,798,HSF1,3.46941293,92
Treg,798,EPAS1,3.60741564,82
Treg,799,HIF1A,5.87678704,16
Treg,799,NFKB1,4.66172747,40
Treg,799,STAT3,6.17723424,11
Treg,799,CREB1,3.34887077,110
Treg,799,ATF3,2.15072538,226
Treg,799,REL,3.49903026,98
Treg,799,HSF1,1.80172892,276
Treg,799,EPAS1,2.04507144,245
Treg,800,HIF1A,6.41519724,9
Treg,800,NFKB1,5.31827966,22
Treg,800,STAT3,4.21165993,45
Treg,800,CREB1,5.58411235,19
Treg,800,ATF3,-0.198655011,502
Treg,800,REL,4.27774971,42
Treg,800,HSF1,2.28417626,214
Treg,800,EPAS1,4.29647569,40
Treg,801,HIF1A,6.30577236,7
Treg,801,NFKB1,4.93212494,28
Treg,801,STAT3,5.32685617,21
Treg,801,CREB1,5.55707547,18
Treg,801,ATF3,3.72028087,67
Treg,801,REL,2.71695361,173
Treg,801,HSF1,2.85902141,149
Treg,801,EPAS1,4.23737812,45
Treg,802,HIF1A,5.72871249,15
Treg,802,NFKB1,6.0062231,13
Treg,802,STAT3,2.78911375,162
Treg,802,CREB1,3.83797161,71
Treg,802,ATF3,0.778593035,407
Treg,802,REL,2.63093591,184
Treg,802,HSF1,3.12440505,129
Treg,802,EPAS1,3.3628198,94
Treg,803,HIF1A,5.62656575,15
Treg,803,NFKB1,4.57858467,33
Treg,803,STAT3,5.92617563,9
Treg,803,CREB1,4.36539116,38
Treg,803,ATF3,0.725479207,402
Treg,803,REL,4.12392055,50
Treg,803,HSF1,2.6441359,165
Treg,803,EPAS1,2.19688086,224
Treg,804,HIF1A,7.53915432,2
Treg,804,NFKB1,6.63596248,4
Treg,804,STAT3,5.47420606,17
Treg,804,CREB1,4.16103509,51
Treg,804,ATF3,0.936369067,396
Treg,804,REL,1.9864341,255
Treg,804,HSF1,4.85322459,27
Treg,804,EPAS1,-1.65730562,580
Treg,805,HIF1A,7.18702168,3
Treg,805,NFKB1,6.99669421,5
Treg,805,STAT3,3.12608286,132
Treg,805,CREB1,5.95863416,12
Treg,805,ATF3,3.15972392,127
Treg,805,REL,3.62546432,90
Treg,805,HSF1,2.36749205,206
Treg,805,EPAS1,0.651452911,417
Treg,806,HIF1A,6.61390156,3
Treg,806,NFKB1,5.97722613,10
Treg,806,STAT3,4.23614016,51
Treg,806,CREB1,5.38373658,14
Treg,806,ATF3,2.85039992,149
Treg,806,REL,3.18070719,120
Treg,806,HSF1,3.4476977,102
Treg,806,EPAS1,3.15727541,122
Treg,807,HIF1A,5.97814606,13
Treg,807,NFKB1,5.14420169,26
Treg,807,STAT3,4.28062234,48
Treg,807,CREB1,4.67172177,38
Treg,807,ATF3,3.32688565,98
Treg,807,REL,2.38776691,200
Treg,807,HSF1,4.4604543,44
Treg,807,EPAS1,0.425993245,437
Treg,808,HIF1A,6.03630234,10
Treg,808,NFKB1,5.46699834,15
Treg,808,STAT3,2.25440652,221
Treg,808,CREB1,6.22728083,8
Treg,808,ATF3,2.61929512,166
Treg,808,REL,5.23790204,21
Treg,808,HSF1,4.73151596,32
Treg,808,EPAS1,3.22658442,112
Treg,809,HIF1A,5.55758057,17
Treg,809,NFKB1,5.69530722,16
Treg,809,STAT3,4.16522117,52
Treg,809,CREB1,5.77866208,15
Treg,809,ATF3,1.22648832,349
Treg,809,REL,3.93466631,60
Treg,809,HSF1,3.55000929,92
Treg,809,EPAS1,1.23669343,348
Treg,810,HIF1A,5.74595362,12
Treg,810,NFKB1,3.29857685,103
Treg,810,STAT3,4.10057436,58
Treg,810,CREB1,5.52236471,21
Treg,810,ATF3,0.230871715,478
Treg,810,REL,4.76799365,33
Treg,810,HSF1,2.19788102,219
Treg,810,EPAS1,4.16747655,52
Treg,811,HIF1A,3.78108698,72
Treg,811,NFKB1,5.06709721,23
Treg,811,STAT3,4.52729769,41
Treg,811,CREB1,5.77701947,15
Treg,811,ATF3,2.6080375,164
Treg,811,REL,4.32078228,46
Treg,811,HSF1,1.83928262,271
Treg,811,EPAS1,4.14376625,51
Treg,812,HIF1A,4.77117252,28
Treg,812,NFKB1,3.86997458,66
Treg,812,STAT3,4.07163761,56
Treg,812,CREB1,4.43253756,42
Treg,812,ATF3,2.42132884,211
Treg,812,REL,3.51799189,93
Treg,812,HSF1,3.18973643,117
Treg,812,EPAS1,2.44149911,205
Treg,813,HIF1A,5.1353629,23
Treg,813,NFKB1,4.53939813,36
Treg,813,STAT3,2.55198925,186
Treg,813,CREB1,4.3411052,42
Treg,813,ATF3,-1.46659953,575
Treg,813,REL,4.08187505,58
Treg,813,HSF1,3.91428525,67
Treg,813,EPAS1,2.55744519,184
Treg,814,HIF1A,5.80480833,14
Treg,814,NFKB1,3.79463357,83
Treg,814,STAT3,4.47439748,43
Treg,814,CREB1,4.71061896,35
Treg,814,ATF3,1.66301808,295
Treg,814,REL,1.55960434,310
Treg,814,HSF1,3.88469315,76
Treg,814,EPAS1,2.5668759,186
Treg,815,HIF1A,4.89335253,26
Treg,815,NFKB1,3.91353838,65
Treg,815,STAT3,3.33922754,100
Treg,815,CREB1,5.54084279,13
Treg,815,ATF3,2.22873435,228
Treg,815,REL,3.38461647,93
Treg,815,HSF1,3.01586005,142
Treg,815,EPAS1,1.56309135,302
Treg,816,HIF1A,6.22171787,16
Treg,816,NFKB1,2.0707155,241
Treg,816,STAT3,2.15430578,231
Treg,816,CREB1,5.61251189,20
Treg,816,ATF3,4.30285424,46
Treg,816,REL,3.40802766,93
Treg,816,HSF1,3.18495622,116
Treg,816,EPAS1,3.08508422,128
Treg,817,HIF1A,4.24544287,42
Treg,817,NFKB1,3.64884462,84
Treg,817,STAT3,4.35381383,38
Treg,817,CREB1,4.83819942,24
Treg,817,ATF3,1.17804326,352
Treg,817,REL,0.38138966,446
Treg,817,HSF1,2.96285773,130
Treg,817,EPAS1,3.67032762,82
Treg,818,HIF1A,4.90951256,22
Treg,818,NFKB1,3.63677086,88
Treg,818,STAT3,2.70422595,161
Treg,818,CREB1,5.1416209,15
Treg,818,ATF3,1.71048484,280
Treg,818,REL,2.98136265,133
Treg,818,HSF1,4.5123314,37
Treg,818,EPAS1,2.5009764,179
Treg,819,HIF1A,3.83588553,71
Treg,819,NFKB1,4.80306821,31
Treg,819,STAT3,5.84176486,12
Treg,819,CREB1,6.82138329,5
Treg,819,ATF3,0.431670654,437
Treg,819,REL,2.69917574,167
Treg,819,HSF1,3.51124208,90
Treg,819,EPAS1,3.29454719,106
Treg,820,HIF1A,4.27655751,59
Treg,820,NFKB1,6.33053626,12
Treg,820,STAT3,6.35660771,11
Treg,820,CREB1,6.08027306,16
Treg,820,ATF3,1.02755779,382
Treg,820,REL,3.51716587,95
Treg,820,HSF1,4.20070694,63
Treg,820,EPAS1,3.31202618,117
Treg,821,HIF1A,6.267147,9
Treg,821,NFKB1,5.36389642,16
Treg,821,STAT3,5.24643521,19
Treg,821,CREB1,4.4443171,41
Treg,821,ATF3,3.11331302,124
Treg,821,REL,5.93069361,12
Treg,821,HSF1,3.05097452,131
Treg,821,EPAS1,3.19496062,115
Treg,822,HIF1A,5.86501137,10
Treg,822,NFKB1,3.66601568,85
Treg,822,STAT3,5.26176417,15
Treg,822,CREB1,5.15742746,17
Treg,822,ATF3,2.7428125,167
Treg,822,REL,4.3239551,49
Treg,822,HSF1,1.3462413,334
Treg,822,EPAS1,4.34133127,47
Treg,823,HIF1A,3.88127988,62
Treg,823,NFKB1,4.75428406,28
Treg,823,STAT3,4.48428221,36
Treg,823,CREB1,5.3395029,16
Treg,823,ATF3,3.04898166,142
Treg,823,REL,4.99284261,23
Treg,823,HSF1,2.41441956,209
Treg,823,EPAS1,1.84986716,271
Treg,824,HIF1A,3.97159139,62
Treg,824,NFKB1,4.79231136,29
Treg,824,STAT3,4.32571465,38
Treg,824,CREB1,6.78161255,7
Treg,824,ATF3,2.32404371,210
Treg,824,REL,3.86811356,72
Treg,824,HSF1,4.00380514,60
Treg,824,EPAS1,0.7918393,396
Treg,825,HIF1A,4.79895566,30
Treg,825,NFKB1,3.40694598,92
Treg,825,STAT3,5.23748781,16
Treg,825,CREB1,5.21472504,18
Treg,825,ATF3,-0.653637906,540
Treg,825,REL,4.21587936,49
Treg,825,HSF1,3.79371336,63
Treg,825,EPAS1,4.41587494,40
Treg,826,HIF1A,4.9651468,22
Treg,826,NFKB1,5.00897624,18
Treg,826,STAT3,3.60217911,88
Treg,826,CREB1,4.88572778,24
Treg,826,ATF3,0.928235919,378
Treg,826,REL,2.05848889,237
Treg,826,HSF1,3.87115241,72
Treg,826,EPAS1,1.7769677,273
Treg,827,HIF1A,4.76165885,31
Treg,827,NFKB1,4.72142419,34
Treg,827,STAT3,6.32109445,9
Treg,827,CREB1,6.40938369,7
Treg,827,ATF3,1.12333168,351
Treg,827,REL,2.28021769,215
Treg,827,HSF1,2.09702084,234
Treg,827,EPAS1,2.27329724,217
Treg,828,HIF1A,5.55918067,13
Treg,828,NFKB1,4.48706236,38
Treg,828,STAT3,3.94744688,73
Treg,828,CREB1,5.56974442,12
Treg,828,ATF3,2.98133469,154
Treg,828,REL,4.3469876,45
Treg,828,HSF1,2.2633995,215
Treg,828,EPAS1,1.57204429,297
Treg,829,HIF1A,3.90849622,58
Treg,829,NFKB1,2.96541116,140
Treg,829,STAT3,5.61398276,14
Treg,829,CREB1,5.11234343,21
Treg,829,ATF3,1.96678855,248
Treg,829,REL,3.10539759,127
Treg,829,HSF1,3.28638693,103
Treg,829,EPAS1,2.97144549,139
Treg,830,HIF1A,3.92675724,67
Treg,830,NFKB1,6.25204164,10
Treg,830,STAT3,3.6089029,91
Treg,830,CREB1,8.0553616,3
Treg,830,ATF3,2.43835881,185
Treg,830,REL,2.12378991,219
Treg,830,HSF1,4.03355638,64
Treg,830,EPAS1,2.85058514,139
Treg,831,HIF1A,4.90928166,29
Treg,831,NFKB1,5.11373967,23
Treg,831,STAT3,1.45101424,318
Treg,831,CREB1,7.38105227,3
Treg,831,ATF3,0.85769758,395
Treg,831,REL,1.18321492,354
Treg,831,HSF1,3.24380769,113
Treg,831,EPAS1,3.36286053,104
Treg,832,HIF1A,6.07968692,7
Treg,832,NFKB1,5.17533301,21
Treg,832,STAT3,2.46992045,190
Treg,832,CREB1,7.07972817,4
Treg,832,ATF3,2.3717634,206
Treg,832,REL,3.37922373,99
Treg,832,HSF1,1.66284829,305
Treg,832,EPAS1,5.77112319,10
Treg,833,HIF1A,4.41943186,43
Treg,833,NFKB1,4.43917682,41
Treg,833,STAT3,5.29388848,15
Treg,833,CREB1,6.66612257,4
Treg,833,ATF3,1.45091936,304
Treg,833,REL,4.42025032,42
Treg,833,HSF1,1.23487273,329
Treg,833,EPAS1,4.92655574,28
Treg,834,HIF1A,4.46840151,38
Treg,834,NFKB1,6.67287029,5
Treg,834,STAT3,4.2535348,47
Treg,834,CREB1,5.44485923,15
Treg,834,ATF3,2.92571718,129
Treg,834,REL,6.17282482,10
Treg,834,HSF1,1.71794084,283
Treg,834,EPAS1,2.98187426,120
Treg,835,HIF1A,6.69963019,7
Treg,835,NFKB1,5.36789391,16
Treg,835,STAT3,4.36167492,45
Treg,835,CREB1,3.93421526,63
Treg,835,ATF3,0.895371785,396
Treg,835,REL,3.79925874,77
Treg,835,HSF1,1.19330427,357
Treg,835,EPAS1,4.1281075,53
Treg,836,HIF1A,6.72671533,3
Treg,836,NFKB1,5.54734167,14
Treg,836,STAT3,5.28816527,18
Treg,836,CREB1,3.31004521,110
Treg,836,ATF3,2.38047553,222
Treg,836,REL,4.02627074,58
Treg,836,HSF1,1.92315658,274
Treg,836,EPAS1,3.85505129,70
Treg,837,HIF1A,6.99043216,2
Treg,837,NFKB1,4.00432811,64
Treg,837,STAT3,4.9931428,19
Treg,837,CREB1,3.54770702,87
Treg,837,ATF3,2.224817,221
Treg,837,REL,2.4288018,199
Treg,837,HSF1,2.27668981,212
Treg,837,EPAS1,4.08557804,57
Treg,838,HIF1A,6.83798691,5
Treg,838,NFKB1,3.6822139,92
Treg,838,STAT3,3.71376805,89
Treg,838,CREB1,4.31877488,44
Treg,838,ATF3,2.88256643,152
Treg,838,REL,5.48064981,13
Treg,838,HSF1,0.731176092,410
Treg,838,EPAS1,0.851737307,393
Treg,839,HIF1A,5.83000705,8
Treg,839,NFKB1,4.85597323,33
Treg,839,STAT3,4.18318186,52
Treg,839,CREB1,3.18778641,108
Treg,839,ATF3,4.90966741,31
Treg,839,REL,4.43560132,43
Treg,839,HSF1,3.00659581,126
Treg,839,EPAS1,1.7325722,287
Treg,840,HIF1A,5.40209452,14
Treg,840,NFKB1,4.98686063,23
Treg,840,STAT3,5.06697692,22
Treg,840,CREB1,2.59020951,172
Treg,840,ATF3,-0.263595088,527
Treg,840,REL,2.86942191,143
Treg,840,HSF1,2.36591134,203
Treg,840,EPAS1,2.83011825,152
Treg,841,HIF1A,6.28576282,7
Treg,841,NFKB1,3.64217093,72
Treg,841,STAT3,5.5503089900000004,14
Treg,841,CREB1,5.40424497,18
Treg,841,ATF3,1.65899272,302
Treg,841,REL,1.61809624,309
Treg,841,HSF1,1.7128496,293
Treg,841,EPAS1,2.67024871,161
Treg,842,HIF1A,6.19111016,9
Treg,842,NFKB1,3.09958232,124
Treg,842,STAT3,5.30389886,22
Treg,842,CREB1,6.2770312,8
Treg,842,ATF3,2.29035476,214
Treg,842,REL,2.94789635,139
Treg,842,HSF1,2.13763229,227
Treg,842,EPAS1,1.27145938,346
Treg,843,HIF1A,5.93326181,14
Treg,843,NFKB1,4.06111269,53
Treg,843,STAT3,5.62301562,19
Treg,843,CREB1,6.5342758,6
Treg,843,ATF3,1.68807978,292
Treg,843,REL,2.55035569,177
Treg,843,HSF1,2.25541273,219
Treg,843,EPAS1,0.83815751,406
Treg,844,HIF1A,5.88704349,11
Treg,844,NFKB1,4.30752573,54
Treg,844,STAT3,4.95233163,30
Treg,844,CREB1,4.78099028,36
Treg,844,ATF3,1.62081015,307
Treg,844,REL,4.13219651,60
Treg,844,HSF1,2.00736814,243
Treg,844,EPAS1,0.952400139,388
Treg,845,HIF1A,6.54895206,7
Treg,845,NFKB1,4.91823386,25
Treg,845,STAT3,7.01941197,6
Treg,845,CREB1,5.54843166,13
Treg,845,ATF3,0.909987337,396
Treg,845,REL,2.84870635,160
Treg,845,HSF1,3.16070786,112
Treg,845,EPAS1,1.68567823,305
Treg,846,HIF1A,6.06162787,9
Treg,846,NFKB1,3.85616434,60
Treg,846,STAT3,5.62996417,15
Treg,846,CREB1,4.67785002,31
Treg,846,ATF3,1.36934169,323
Treg,846,REL,1.43433351,316
Treg,846,HSF1,4.28151591,40
Treg,846,EPAS1,2.48020935,171
Treg,847,HIF1A,5.56197173,15
Treg,847,NFKB1,5.83677606,11
Treg,847,STAT3,5.25516716,23
Treg,847,CREB1,5.83651278,12
Treg,847,ATF3,1.05521687,375
Treg,847,REL,2.07693111,222
Treg,847,HSF1,1.43470711,315
Treg,847,EPAS1,1.87174397,252
Treg,848,HIF1A,5.14023402,21
Treg,848,NFKB1,4.63700837,33
Treg,848,STAT3,3.3015305,116
Treg,848,CREB1,4.94939127,27
Treg,848,ATF3,-0.891277166,561
Treg,848,REL,2.59851183,185
Treg,848,HSF1,2.21099071,215
Treg,848,EPAS1,2.54073508,187
Treg,849,HIF1A,7.237054,3
Treg,849,NFKB1,4.65317037,32
Treg,849,STAT3,4.37093602,38
Treg,849,CREB1,5.10147545,22
Treg,849,ATF3,0.969984588,371
Treg,849,REL,2.36005969,207
Treg,849,HSF1,0.893064208,387
Treg,849,EPAS1,1.39765761,316
Treg,850,HIF1A,5.89952644,6
Treg,850,NFKB1,5.51696592,10
Treg,850,STAT3,4.67810965,28
Treg,850,CREB1,4.07220619,57
Treg,850,ATF3,1.21545024,352
Treg,850,REL,2.99405517,137
Treg,850,HSF1,1.09691618,366
Treg,850,EPAS1,3.12436881,117
Treg,851,HIF1A,6.35596199,9
Treg,851,NFKB1,4.82983877,34
Treg,851,STAT3,4.8474483,31
Treg,851,CREB1,5.18865943,18
Treg,851,ATF3,1.89602954,259
Treg,851,REL,4.39634544,48
Treg,851,HSF1,0.823906781,385
Treg,851,EPAS1,2.54320921,179
Treg,852,HIF1A,7.26529563,6
Treg,852,NFKB1,7.13100822,7
Treg,852,STAT3,5.30061397,25
Treg,852,CREB1,3.43944749,82
Treg,852,ATF3,2.94083859,133
Treg,852,REL,3.20617779,103
Treg,852,HSF1,2.46675945,184
Treg,852,EPAS1,3.26616393,96
Treg,853,HIF1A,6.41346147,8
Treg,853,NFKB1,4.77388955,34
Treg,853,STAT3,5.71719327,14
Treg,853,CREB1,6.32213019,10
Treg,853,ATF3,2.33591603,210
Treg,853,REL,3.06143067,118
Treg,853,HSF1,3.25504593,103
Treg,853,EPAS1,1.99986199,242
Treg,854,HIF1A,6.2366763,14
Treg,854,NFKB1,6.88191638,8
Treg,854,STAT3,8.60771668,2
Treg,854,CREB1,6.39396776,12
Treg,854,ATF3,2.24929253,204
Treg,854,REL,6.42615401,10
Treg,854,HSF1,2.07521811,235
Treg,854,EPAS1,1.59343625,296
Treg,855,HIF1A,4.73299091,30
Treg,855,NFKB1,5.21592339,18
Treg,855,STAT3,6.39444281,8
Treg,855,CREB1,4.95352633,24
Treg,855,ATF3,1.03832251,368
Treg,855,REL,4.71416522,32
Treg,855,HSF1,0.57284233,416
Treg,855,EPAS1,0.581035719,414
Treg,856,HIF1A,4.62197926,30
Treg,856,NFKB1,2.58688908,179
Treg,856,STAT3,5.84118333,13
Treg,856,CREB1,8.63896565,1
Treg,856,ATF3,3.76211555,62
Treg,856,REL,5.12277447,21
Treg,856,HSF1,2.88129237,141
Treg,856,EPAS1,1.26611572,360
Treg,857,HIF1A,5.90610126,13
Treg,857,NFKB1,3.75851832,78
Treg,857,STAT3,7.84162311,3
Treg,857,CREB1,7.33903391,4
Treg,857,ATF3,3.39313518,102
Treg,857,REL,2.75528744,154
Treg,857,HSF1,5.09630659,24
Treg,857,EPAS1,2.19869675,219
Treg,858,HIF1A,6.34211052,8
Treg,858,NFKB1,4.66005526,32
Treg,858,STAT3,5.97526332,9
Treg,858,CREB1,9.16515887,2
Treg,858,ATF3,1.76883245,263
Treg,858,REL,3.17062516,116
Treg,858,HSF1,4.01348597,63
Treg,858,EPAS1,2.40551805,193
Treg,859,HIF1A,6.86476542,6
Treg,859,NFKB1,5.34979095,23
Treg,859,STAT3,4.53587835,42
Treg,859,CREB1,7.7793819,3
Treg,859,ATF3,0.305389749,456
Treg,859,REL,5.13851272,27
Treg,859,HSF1,5.179476,26
Treg,859,EPAS1,3.18426256,116
Treg,860,HIF1A,7.25840758,4
Treg,860,NFKB1,1.73489149,272
Treg,860,STAT3,4.2514904,55
Treg,860,CREB1,7.50171657,3
Treg,860,ATF3,2.18847672,214
Treg,860,REL,3.87122313,74
Treg,860,HSF1,3.86719694,75
Treg,860,EPAS1,3.68497353,82
Treg,861,HIF1A,7.59791685,2
Treg,861,NFKB1,3.56496768,83
Treg,861,STAT3,4.13430472,45
Treg,861,CREB1,7.45748231,3
Treg,861,ATF3,-0.196374196,521
Treg,861,REL,5.4332591,18
Treg,861,HSF1,3.52479463,91
Treg,861,EPAS1,3.28380779,111
Treg,862,HIF1A,7.21952208,2
Treg,862,NFKB1,2.40002119,185
Treg,862,STAT3,5.2796468,21
Treg,862,CREB1,7.02821495,4
Treg,862,ATF3,0.273242975,452
Treg,862,REL,5.74244568,14
Treg,862,HSF1,2.10803489,222
Treg,862,EPAS1,4.58765598,38
Treg,863,HIF1A,5.19875999,23
Treg,863,NFKB1,4.76120612,32
Treg,863,STAT3,7.06184731,4
Treg,863,CREB1,5.07059022,26
Treg,863,ATF3,3.20861284,109
Treg,863,REL,5.15123062,24
Treg,863,HSF1,1.48458552,302
Treg,863,EPAS1,3.80764857,72
Treg,864,HIF1A,5.77314536,17
Treg,864,NFKB1,6.81282694,5
Treg,864,STAT3,4.95853331,26
Treg,864,CREB1,4.01710114,52
Treg,864,ATF3,3.05765113,138
Treg,864,REL,5.15473924,23
Treg,864,HSF1,3.7097523,75
Treg,864,EPAS1,2.62160207,186
Treg,865,HIF1A,6.57786658,5
Treg,865,NFKB1,3.66637268,90
Treg,865,STAT3,6.32583859,9
Treg,865,CREB1,6.18548614,11
Treg,865,ATF3,1.31168364,336
Treg,865,REL,3.97259828,65
Treg,865,HSF1,0.298505374,477
Treg,865,EPAS1,3.09971998,132
Treg,866,HIF1A,4.39829282,47
Treg,866,NFKB1,5.89215363,10
Treg,866,STAT3,5.60251869,15
Treg,866,CREB1,7.89864678,2
Treg,866,ATF3,2.33183542,193
Treg,866,REL,1.53205954,294
Treg,866,HSF1,4.00236558,63
Treg,866,EPAS1,-0.150478243,512
Treg,867,HIF1A,5.45413908,17
Treg,867,NFKB1,3.51579213,93
Treg,867,STAT3,6.14497847,12
Treg,867,CREB1,6.36660579,9
Treg,867,ATF3,1.31333744,309
Treg,867,REL,2.79739772,150
Treg,867,HSF1,1.11413826,344
Treg,867,EPAS1,2.70475694,159
Treg,868,HIF1A,6.10688294,9
Treg,868,NFKB1,3.1997482,107
Treg,868,STAT3,3.84829565,71
Treg,868,CREB1,6.15199117,7
Treg,868,ATF3,1.14109678,372
Treg,868,REL,3.85824517,70
Treg,868,HSF1,4.66412325,29
Treg,868,EPAS1,2.54967089,183
Treg,869,HIF1A,5.57020661,23
Treg,869,NFKB1,4.38104688,57
Treg,869,STAT3,5.35205288,34
Treg,869,CREB1,6.25603663,11
Treg,869,ATF3,0.6637948,404
Treg,869,REL,3.30181575,111
Treg,869,HSF1,1.61686833,285
Treg,869,EPAS1,2.96475234,134
Treg,870,HIF1A,6.41549783,8
Treg,870,NFKB1,3.88118697,64
Treg,870,STAT3,5.30687189,23
Treg,870,CREB1,6.68106514,6
Treg,870,ATF3,1.23894048,345
Treg,870,REL,3.44149109,94
Treg,870,HSF1,0.685505139,403
Treg,870,EPAS1,4.63176539,35
Treg,871,HIF1A,5.72548735,10
Treg,871,NFKB1,3.87955749,71
Treg,871,STAT3,7.02233547,5
Treg,871,CREB1,7.09191565,4
Treg,871,ATF3,2.97797925,132
Treg,871,REL,5.74342581,9
Treg,871,HSF1,1.28453433,345
Treg,871,EPAS1,3.11408692,122
Treg,872,HIF1A,3.68575543,78
Treg,872,NFKB1,3.35423745,100
Treg,872,STAT3,5.79510195,14
Treg,872,CREB1,5.68189605,15
Treg,872,ATF3,0.846370129,410
Treg,872,REL,4.33268233,43
Treg,872,HSF1,0.691679873,431
Treg,872,EPAS1,4.24109961,46
Treg,873,HIF1A,5.35584261,14
Treg,873,NFKB1,4.08580924,58
Treg,873,STAT3,4.55779105,41
Treg,873,CREB1,3.15049293,117
Treg,873,ATF3,1.64440261,294
Treg,873,REL,6.01816158,8
Treg,873,HSF1,2.03049909,258
Treg,873,EPAS1,3.22191041,106
Treg,874,HIF1A,4.38380711,46
Treg,874,NFKB1,3.94987765,65
Treg,874,STAT3,6.70912818,5
Treg,874,CREB1,4.32278955,50
Treg,874,ATF3,1.4586226,307
Treg,874,REL,4.49861483,42
Treg,874,HSF1,1.32687141,324
Treg,874,EPAS1,2.76339255,155
Treg,875,HIF1A,4.66466891,34
Treg,875,NFKB1,3.19387466,111
Treg,875,STAT3,5.82865199,9
Treg,875,CREB1,4.99624592,24
Treg,875,ATF3,0.994229289,378
Treg,875,REL,4.83782669,30
Treg,875,HSF1,3.05159649,122
Treg,875,EPAS1,2.86513721,147
Treg,876,HIF1A,4.29704477,44
Treg,876,NFKB1,4.21275081,48
Treg,876,STAT3,5.60538066,12
Treg,876,CREB1,5.17410447,18
Treg,876,ATF3,1.41301341,316
Treg,876,REL,2.13472732,234
Treg,876,HSF1,2.90794249,138
Treg,876,EPAS1,3.61848086,88
Treg,877,HIF1A,5.82637017,11
Treg,877,NFKB1,5.90135553,8
Treg,877,STAT3,3.12606999,118
Treg,877,CREB1,5.33962349,21
Treg,877,ATF3,2.24955875,210
Treg,877,REL,2.50340711,183
Treg,877,HSF1,3.4572402,87
Treg,877,EPAS1,2.20579753,216
Treg,878,HIF1A,8.33903868,1
Treg,878,NFKB1,5.43450757,17
Treg,878,STAT3,4.61748771,38
Treg,878,CREB1,6.43763422,8
Treg,878,ATF3,2.81075694,150
Treg,878,REL,2.15460723,233
Treg,878,HSF1,2.43465366,198
Treg,878,EPAS1,3.87544966,67
Treg,879,HIF1A,7.73045287,2
Treg,879,NFKB1,5.48982691,21
Treg,879,STAT3,6.15397339,8
Treg,879,CREB1,7.07671052,3
Treg,879,ATF3,-1.99765996,583
Treg,879,REL,2.92613867,150
Treg,879,HSF1,2.61533823,180
Treg,879,EPAS1,2.81871808,160
Treg,880,HIF1A,7.49082606,2
Treg,880,NFKB1,7.23201691,3
Treg,880,STAT3,6.64434843,7
Treg,880,CREB1,5.84936588,14
Treg,880,ATF3,1.05220241,343
Treg,880,REL,6.07030224,9
Treg,880,HSF1,4.55649658,42
Treg,880,EPAS1,3.35346281,104
Treg,881,HIF1A,6.10953356,10
Treg,881,NFKB1,6.91637557,4
Treg,881,STAT3,3.3301832,102
Treg,881,CREB1,4.9928854,32
Treg,881,ATF3,3.85694693,68
Treg,881,REL,4.25348499,49
Treg,881,HSF1,3.52933908,90
Treg,881,EPAS1,2.65071371,166
Treg,882,HIF1A,6.46352413,4
Treg,882,NFKB1,5.37260379,16
Treg,882,STAT3,3.78371304,81
Treg,882,CREB1,5.42452236,14
Treg,882,ATF3,0.333251381,451
Treg,882,REL,4.10057477,61
Treg,882,HSF1,2.49384249,188
Treg,882,EPAS1,2.39689314,199
Treg,883,HIF1A,5.11277459,23
Treg,883,NFKB1,4.70171666,38
Treg,883,STAT3,4.38681732,49
Treg,883,CREB1,6.29484356,5
Treg,883,ATF3,0.767042397,413
Treg,883,REL,2.76552851,158
Treg,883,HSF1,3.02010703,132
Treg,883,EPAS1,2.33353969,211
Treg,884,HIF1A,5.39854362,18
Treg,884,NFKB1,4.6466719,41
Treg,884,STAT3,3.84830613,78
Treg,884,CREB1,4.90299606,35
Treg,884,ATF3,-0.834819865,544
Treg,884,REL,2.07502231,240
Treg,884,HSF1,3.34335913,111
Treg,884,EPAS1,2.07849743,238
Treg,885,HIF1A,6.09355025,10
Treg,885,NFKB1,3.62031213,83
Treg,885,STAT3,5.6502907,16
Treg,885,CREB1,4.54855709,36
Treg,885,ATF3,-0.263825077,510
Treg,885,REL,4.53016553,37
Treg,885,HSF1,1.78574625,274
Treg,885,EPAS1,2.73489631,172
Treg,886,HIF1A,4.83794808,34
Treg,886,NFKB1,5.08108973,23
Treg,886,STAT3,3.75378946,70
Treg,886,CREB1,5.38750149,14
Treg,886,ATF3,1.5154394899999999,314
Treg,886,REL,3.84642579,65
Treg,886,HSF1,3.03238332,135
Treg,886,EPAS1,3.41096382,103
Treg,887,HIF1A,5.99284779,7
Treg,887,NFKB1,6.28322241,4
Treg,887,STAT3,6.11698455,6
Treg,887,CREB1,4.65440855,41
Treg,887,ATF3,1.43931954,330
Treg,887,REL,2.0200238,241
Treg,887,HSF1,3.88323893,71
Treg,887,EPAS1,1.26685151,357
Treg,888,HIF1A,4.90346563,29
Treg,888,NFKB1,5.96885308,11
Treg,888,STAT3,4.82603064,33
Treg,888,CREB1,5.78559902,13
Treg,888,ATF3,2.02729029,231
Treg,888,REL,3.62554794,89
Treg,888,HSF1,1.22411684,345
Treg,888,EPAS1,0.0566856508,485
Treg,889,HIF1A,4.8988317199999996,30
Treg,889,NFKB1,6.07243017,10
Treg,889,STAT3,4.787581,33
Treg,889,CREB1,5.67270982,16
Treg,889,ATF3,0.978217171,382
Treg,889,REL,3.80418524,69
Treg,889,HSF1,5.30080355,19
Treg,889,EPAS1,3.52878139,83
Treg,890,HIF1A,5.64921474,13
Treg,890,NFKB1,5.62280811,15
Treg,890,STAT3,6.22689563,7
Treg,890,CREB1,5.99132076,10
Treg,890,ATF3,1.78772348,274
Treg,890,REL,3.54903702,90
Treg,890,HSF1,3.34254968,108
Treg,890,EPAS1,5.05100515,28
Treg,891,HIF1A,5.10067875,20
Treg,891,NFKB1,5.52241669,15
Treg,891,STAT3,6.79216455,6
Treg,891,CREB1,3.80856479,57
Treg,891,ATF3,1.33812028,342
Treg,891,REL,3.17881213,126
Treg,891,HSF1,0.416146806,436
Treg,891,EPAS1,4.77302029,28
Treg,892,HIF1A,5.70442342,12
Treg,892,NFKB1,4.7974768,29
Treg,892,STAT3,7.25727342,5
Treg,892,CREB1,4.90561346,25
Treg,892,ATF3,2.67193868,160
Treg,892,REL,1.84247066,259
Treg,892,HSF1,2.86790422,141
Treg,892,EPAS1,2.42234956,195
Treg,893,HIF1A,5.3238352,21
Treg,893,NFKB1,5.54857256,14
Treg,893,STAT3,6.61500777,6
Treg,893,CREB1,5.54635467,15
Treg,893,ATF3,2.34474644,208
Treg,893,REL,2.47700936,195
Treg,893,HSF1,2.93073605,142
Treg,893,EPAS1,0.103721067,475
Treg,894,HIF1A,5.47849428,17
Treg,894,NFKB1,6.77893759,7
Treg,894,STAT3,5.79149857,11
Treg,894,CREB1,4.49970736,42
Treg,894,ATF3,2.25887334,216
Treg,894,REL,2.62666388,173
Treg,894,HSF1,2.81055957,154
Treg,894,EPAS1,2.4764833,189
Treg,895,HIF1A,5.9849432,13
Treg,895,NFKB1,5.40480225,18
Treg,895,STAT3,6.53472233,8
Treg,895,CREB1,6.2898953,10
Treg,895,ATF3,2.00454777,229
Treg,895,REL,5.09470578,25
Treg,895,HSF1,0.688490172,419
Treg,895,EPAS1,3.61424174,76
Treg,896,HIF1A,6.23641573,12
Treg,896,NFKB1,5.2231234,20
Treg,896,STAT3,4.66356731,34
Treg,896,CREB1,5.21710494,21
Treg,896,ATF3,0.243314033,466
Treg,896,REL,6.69917012,8
Treg,896,HSF1,1.45465366,328
Treg,896,EPAS1,2.60435816,162
Treg,897,HIF1A,6.60598928,6
Treg,897,NFKB1,5.5054078,11
Treg,897,STAT3,4.17945327,51
Treg,897,CREB1,6.11922619,9
Treg,897,ATF3,2.44071055,179
Treg,897,REL,4.4265812,43
Treg,897,HSF1,1.8586908,255
Treg,897,EPAS1,3.6912389,80
Treg,898,HIF1A,7.83832154,4
Treg,898,NFKB1,6.04767361,7
Treg,898,STAT3,4.482389,39
Treg,898,CREB1,5.29049303,17
Treg,898,ATF3,2.1908908,211
Treg,898,REL,4.86026389,26
Treg,898,HSF1,3.67331583,81
Treg,898,EPAS1,3.08620407,117
Treg,899,HIF1A,6.47020985,8
Treg,899,NFKB1,5.36538387,19
Treg,899,STAT3,4.95890677,22
Treg,899,CREB1,5.42313235,18
Treg,899,ATF3,3.38832955,90
Treg,899,REL,3.94834067,61
Treg,899,HSF1,5.85906212,13
Treg,899,EPAS1,2.18504173,226
Treg,900,HIF1A,5.23356835,25
Treg,900,NFKB1,6.58998301,6
Treg,900,STAT3,5.12619418,28
Treg,900,CREB1,3.93363358,67
Treg,900,ATF3,-0.511971407,536
Treg,900,REL,2.92975453,147
Treg,900,HSF1,3.17919642,123
Treg,900,EPAS1,3.03208989,138
Treg,901,HIF1A,5.30966317,20
Treg,901,NFKB1,7.26591328,3
Treg,901,STAT3,3.15258664,108
Treg,901,CREB1,5.26795192,22
Treg,901,ATF3,1.92903853,257
Treg,901,REL,3.09064738,120
Treg,901,HSF1,4.48166679,37
Treg,901,EPAS1,3.13904395,112
Treg,902,HIF1A,5.41360988,16
Treg,902,NFKB1,7.62778585,4
Treg,902,STAT3,3.65150909,74
Treg,902,CREB1,6.01023452,13
Treg,902,ATF3,-0.666327401,532
Treg,902,REL,3.53239251,81
Treg,902,HSF1,3.2660549,101
Treg,902,EPAS1,2.01711477,242
Treg,903,HIF1A,3.97566722,67
Treg,903,NFKB1,6.02704859,10
Treg,903,STAT3,3.56588673,89
Treg,903,CREB1,3.493403,98
Treg,903,ATF3,1.52705806,301
Treg,903,REL,2.49055582,188
Treg,903,HSF1,3.65459305,83
Treg,903,EPAS1,3.34442838,106
Treg,904,HIF1A,3.83131535,71
Treg,904,NFKB1,3.97139741,61
Treg,904,STAT3,3.87987052,68
Treg,904,CREB1,4.28449796,49
Treg,904,ATF3,0.201922834,463
Treg,904,REL,3.20554814,124
Treg,904,HSF1,3.79376626,73
Treg,904,EPAS1,2.2734641,218
Treg,905,HIF1A,4.43206608,36
Treg,905,NFKB1,5.57717462,12
Treg,905,STAT3,4.98054803,25
Treg,905,CREB1,4.9142895,26
Treg,905,ATF3,-0.327312875,512
Treg,905,REL,2.17902699,217
Treg,905,HSF1,3.16805238,114
Treg,905,EPAS1,2.53790458,170
Treg,906,HIF1A,6.66283418,4
Treg,906,NFKB1,6.29943877,7
Treg,906,STAT3,2.64956872,173
Treg,906,CREB1,5.1446319,21
Treg,906,ATF3,4.37511799,46
Treg,906,REL,2.14381013,228
Treg,906,HSF1,3.19575235,125
Treg,906,EPAS1,3.57043354,87
Treg,907,HIF1A,4.35343631,41
Treg,907,NFKB1,6.77734107,3
Treg,907,STAT3,5.03986371,21
Treg,907,CREB1,4.53202734,33
Treg,907,ATF3,2.4221468,185
Treg,907,REL,0.0762485774,486
Treg,907,HSF1,4.00870642,59
Treg,907,EPAS1,2.55690728,168
Treg,908,HIF1A,5.85957276,9
Treg,908,NFKB1,5.92501863,7
Treg,908,STAT3,5.51303849,11
Treg,908,CREB1,3.908003,59
Treg,908,ATF3,1.47352026,308
Treg,908,REL,3.32365781,109
Treg,908,HSF1,3.03384249,139
Treg,908,EPAS1,2.5946714,183
Treg,909,HIF1A,5.91424053,10
Treg,909,NFKB1,5.54391811,16
Treg,909,STAT3,4.61085113,36
Treg,909,CREB1,4.51799326,39
Treg,909,ATF3,2.25988303,219
Treg,909,REL,3.2136411,128
Treg,909,HSF1,1.99268235,260
Treg,909,EPAS1,3.79814273,70
Treg,910,HIF1A,5.55639014,14
Treg,910,NFKB1,7.871839,2
Treg,910,STAT3,4.40041954,45
Treg,910,CREB1,6.78884837,5
Treg,910,ATF3,0.855590758,407
Treg,910,REL,2.78146253,155
Treg,910,HSF1,1.79057244,272
Treg,910,EPAS1,4.69910265,36
Treg,911,HIF1A,6.53827487,6
Treg,911,NFKB1,6.47758317,8
Treg,911,STAT3,4.42673124,46
Treg,911,CREB1,6.3041041,11
Treg,911,ATF3,-1.00461325,554
Treg,911,REL,6.48840425,7
Treg,911,HSF1,2.76097506,148
Treg,911,EPAS1,2.11678268,228
Treg,912,HIF1A,5.68608703,13
Treg,912,NFKB1,8.01450747,2
Treg,912,STAT3,3.99265625,65
Treg,912,CREB1,6.43112294,9
Treg,912,ATF3,0.423594469,440
Treg,912,REL,2.08662269,224
Treg,912,HSF1,0.888244761,372
Treg,912,EPAS1,2.50489513,179
Treg,913,HIF1A,6.21126507,9
Treg,913,NFKB1,5.87743463,13
Treg,913,STAT3,5.44262597,19
Treg,913,CREB1,5.43351974,20
Treg,913,ATF3,0.245679426,460
Treg,913,REL,3.52384149,93
Treg,913,HSF1,2.23765368,225
Treg,913,EPAS1,1.81753721,272
Treg,914,HIF1A,4.60268118,38
Treg,914,NFKB1,7.08167507,6
Treg,914,STAT3,7.49061449,4
Treg,914,CREB1,6.96795456,7
Treg,914,ATF3,1.30042694,360
Treg,914,REL,5.85458667,17
Treg,914,HSF1,2.22227849,217
Treg,914,EPAS1,2.46852274,191
Treg,915,HIF1A,4.33762587,47
Treg,915,NFKB1,6.46707773,4
Treg,915,STAT3,5.00517378,25
Treg,915,CREB1,6.30520588,7
Treg,915,ATF3,2.49589453,205
Treg,915,REL,4.89565653,29
Treg,915,HSF1,1.08419722,361
Treg,915,EPAS1,2.6510922,184
Treg,916,HIF1A,4.77314614,29
Treg,916,NFKB1,5.71511345,17
Treg,916,STAT3,4.4651385,42
Treg,916,CREB1,5.39786577,18
Treg,916,ATF3,2.22565571,201
Treg,916,REL,4.34784987,45
Treg,916,HSF1,3.80816236,69
Treg,916,EPAS1,0.932771772,375
Treg,917,HIF1A,5.61101643,13
Treg,917,NFKB1,4.87814171,31
Treg,917,STAT3,6.52318152,7
Treg,917,CREB1,6.27639369,9
Treg,917,ATF3,2.41418462,208
Treg,917,REL,3.56595977,97
Treg,917,HSF1,3.59152212,92
Treg,917,EPAS1,1.29589777,334
Treg,918,HIF1A,3.97852158,64
Treg,918,NFKB1,5.42093484,15
Treg,918,STAT3,4.73159627,32
Treg,918,CREB1,6.82722553,5
Treg,918,ATF3,3.80612064,77
Treg,918,REL,3.1217481,125
Treg,918,HSF1,4.48006811,41
Treg,918,EPAS1,1.45680397,329
Treg,919,HIF1A,2.76457217,161
Treg,919,NFKB1,4.16552196,51
Treg,919,STAT3,3.63453405,78
Treg,919,CREB1,4.51015645,36
Treg,919,ATF3,2.53587742,186
Treg,919,REL,3.26951615,113
Treg,919,HSF1,2.94360056,146
Treg,919,EPAS1,1.86055369,262
Treg,920,HIF1A,4.69566493,33
Treg,920,NFKB1,5.38091681,17
Treg,920,STAT3,6.94617895,2
Treg,920,CREB1,4.85572219,29
Treg,920,ATF3,2.35706384,190
Treg,920,REL,2.09184971,234
Treg,920,HSF1,2.27314799,202
Treg,920,EPAS1,2.54205108,172
Treg,921,HIF1A,5.83464818,14
Treg,921,NFKB1,4.91845377,32
Treg,921,STAT3,6.91223404,5
Treg,921,CREB1,3.46555852,94
Treg,921,ATF3,2.3758748,191
Treg,921,REL,2.0400342,238
Treg,921,HSF1,3.60387092,86
Treg,921,EPAS1,1.34837733,321
Treg,922,HIF1A,5.6190346,21
Treg,922,NFKB1,5.76089495,14
Treg,922,STAT3,5.63589887,20
Treg,922,CREB1,6.98364463,4
Treg,922,ATF3,4.37105843,45
Treg,922,REL,5.10124696,27
Treg,922,HSF1,3.18640668,118
Treg,922,EPAS1,1.77115222,270
Treg,923,HIF1A,5.92346595,7
Treg,923,NFKB1,5.4241795,15
Treg,923,STAT3,5.38141447,19
Treg,923,CREB1,6.16560066,5
Treg,923,ATF3,0.465043289,436
Treg,923,REL,3.27899305,111
Treg,923,HSF1,3.39664693,101
Treg,923,EPAS1,2.6448871,169
Treg,924,HIF1A,4.91724689,31
Treg,924,NFKB1,5.82371195,10
Treg,924,STAT3,5.49250189,20
Treg,924,CREB1,5.8205471,11
Treg,924,ATF3,1.617711,288
Treg,924,REL,1.66391735,283
Treg,924,HSF1,1.99498813,244
Treg,924,EPAS1,3.93711288,64
Treg,925,HIF1A,4.83496543,29
Treg,925,NFKB1,5.27594656,18
Treg,925,STAT3,5.49570649,13
Treg,925,CREB1,5.18053771,20
Treg,925,ATF3,2.63616026,178
Treg,925,REL,1.0576871,381
Treg,925,HSF1,3.13136289,124
Treg,925,EPAS1,2.09372831,249
Treg,926,HIF1A,5.76345451,17
Treg,926,NFKB1,7.37403523,3
Treg,926,STAT3,4.66390345,35
Treg,926,CREB1,5.82968854,14
Treg,926,ATF3,1.68418993,280
Treg,926,REL,1.16605541,351
Treg,926,HSF1,3.05525054,128
Treg,926,EPAS1,3.44214483,98
Treg,927,HIF1A,5.70894198,15
Treg,927,NFKB1,7.34562072,4
Treg,927,STAT3,5.87630284,13
Treg,927,CREB1,4.8638239,27
Treg,927,ATF3,0.538766168,435
Treg,927,REL,4.9059818,25
Treg,927,HSF1,2.5246357,183
Treg,927,EPAS1,2.56426256,175
Treg,928,HIF1A,5.95275193,10
Treg,928,NFKB1,5.77654114,13
Treg,928,STAT3,5.93054065,11
Treg,928,CREB1,5.02343263,18
Treg,928,ATF3,4.40782011,35
Treg,928,REL,5.00303619,19
Treg,928,HSF1,3.38514885,108
Treg,928,EPAS1,1.45139829,335
Treg,929,HIF1A,5.67358771,12
Treg,929,NFKB1,4.77170121,32
Treg,929,STAT3,6.61695449,5
Treg,929,CREB1,6.15677469,10
Treg,929,ATF3,0.64382327,417
Treg,929,REL,3.75624183,85
Treg,929,HSF1,1.42040409,314
Treg,929,EPAS1,2.31212345,199
Treg,930,HIF1A,5.77869953,17
Treg,930,NFKB1,6.64652489,6
Treg,930,STAT3,5.39604802,25
Treg,930,CREB1,4.31399547,45
Treg,930,ATF3,2.49980039,185
Treg,930,REL,2.46016363,195
Treg,930,HSF1,2.52428413,180
Treg,930,EPAS1,2.64260175,165
Treg,931,HIF1A,4.36070938,48
Treg,931,NFKB1,4.50112681,41
Treg,931,STAT3,3.81456374,76
Treg,931,CREB1,5.17569815,16
Treg,931,ATF3,2.18199907,216
Treg,931,REL,3.83261971,75
Treg,931,HSF1,1.71612047,277
Treg,931,EPAS1,1.83777596,255
Treg,932,HIF1A,5.59713758,14
Treg,932,NFKB1,5.03549067,27
Treg,932,STAT3,3.04705139,135
Treg,932,CREB1,6.6708013,5
Treg,932,ATF3,5.89280519,11
Treg,932,REL,1.53902043,296
Treg,932,HSF1,5.29247971,22
Treg,932,EPAS1,-0.807242345,545
Treg,933,HIF1A,5.60261606,13
Treg,933,NFKB1,6.37951194,6
Treg,933,STAT3,4.51743875,40
Treg,933,CREB1,5.26783067,18
Treg,933,ATF3,2.49650966,201
Treg,933,REL,3.84278161,82
Treg,933,HSF1,4.66135384,37
Treg,933,EPAS1,1.16690275,354
Treg,934,HIF1A,7.06702977,4
Treg,934,NFKB1,5.50538146,17
Treg,934,STAT3,5.91959854,7
Treg,934,CREB1,5.51304051,16
Treg,934,ATF3,1.76158506,278
Treg,934,REL,3.40523927,103
Treg,934,HSF1,2.53851953,187
Treg,934,EPAS1,1.35688157,331
Treg,935,HIF1A,6.8780861,8
Treg,935,NFKB1,5.63841839,15
Treg,935,STAT3,4.07685617,58
Treg,935,CREB1,6.58046134,10
Treg,935,ATF3,1.38840288,336
Treg,935,REL,2.17037633,230
Treg,935,HSF1,0.832303266,413
Treg,935,EPAS1,3.60041839,88
Treg,936,HIF1A,5.36286218,18
Treg,936,NFKB1,6.20113273,8
Treg,936,STAT3,2.92522085,139
Treg,936,CREB1,4.28603959,45
Treg,936,ATF3,2.73211445,162
Treg,936,REL,2.3303988,207
Treg,936,HSF1,1.78315944,277
Treg,936,EPAS1,3.68964091,76
Treg,937,HIF1A,5.2195553,18
Treg,937,NFKB1,6.00242552,8
Treg,937,STAT3,3.56254963,78
Treg,937,CREB1,5.61265272,12
Treg,937,ATF3,1.95806038,261
Treg,937,REL,4.15615598,50
Treg,937,HSF1,2.44966601,195
Treg,937,EPAS1,3.95552896,60
Treg,938,HIF1A,4.55212507,34
Treg,938,NFKB1,4.86210532,23
Treg,938,STAT3,4.40508317,41
Treg,938,CREB1,5.28705075,16
Treg,938,ATF3,0.438068235,444
Treg,938,REL,4.07136447,58
Treg,938,HSF1,1.81712359,284
Treg,938,EPAS1,2.3265463,223
Treg,939,HIF1A,5.67812022,9
Treg,939,NFKB1,5.75699136,8
Treg,939,STAT3,4.0940406,64
Treg,939,CREB1,4.24454574,53
Treg,939,ATF3,0.339790042,463
Treg,939,REL,4.25714654,51
Treg,939,HSF1,4.02121788,67
Treg,939,EPAS1,2.86758224,164
Treg,940,HIF1A,6.3622651,8
Treg,940,NFKB1,4.93918854,21
Treg,940,STAT3,4.67522239,29
Treg,940,CREB1,5.0486412,19
Treg,940,ATF3,2.81896973,136
Treg,940,REL,2.17715358,209
Treg,940,HSF1,1.30923915,315
Treg,940,EPAS1,1.89468979,240
Treg,941,HIF1A,5.5244496,16
Treg,941,NFKB1,3.08014234,135
Treg,941,STAT3,3.01612309,140
Treg,941,CREB1,6.36552952,6
Treg,941,ATF3,2.18262381,224
Treg,941,REL,3.59355089,85
Treg,941,HSF1,3.47486484,99
Treg,941,EPAS1,5.01204089,25
Treg,942,HIF1A,6.6780013,4
Treg,942,NFKB1,3.96003432,64
Treg,942,STAT3,4.234487,48
Treg,942,CREB1,4.15281172,53
Treg,942,ATF3,2.70387128,175
Treg,942,REL,3.49943062,96
Treg,942,HSF1,4.03162849,60
Treg,942,EPAS1,3.24506771,120
Treg,943,HIF1A,4.66199383,38
Treg,943,NFKB1,6.94303667,3
Treg,943,STAT3,6.71883032,5
Treg,943,CREB1,5.16701046,19
Treg,943,ATF3,1.48275289,305
Treg,943,REL,1.95808826,238
Treg,943,HSF1,3.32588066,107
Treg,943,EPAS1,1.22110074,338
Treg,944,HIF1A,5.63201231,18
Treg,944,NFKB1,6.15072083,10
Treg,944,STAT3,5.70041175,17
Treg,944,CREB1,5.59827018,19
Treg,944,ATF3,0.979186971,390
Treg,944,REL,2.34865378,213
Treg,944,HSF1,2.53508293,199
Treg,944,EPAS1,1.69493918,297
Treg,945,HIF1A,5.48751248,19
Treg,945,NFKB1,6.54326812,5
Treg,945,STAT3,4.77654612,41
Treg,945,CREB1,4.50712238,45
Treg,945,ATF3,1.51493242,297
Treg,945,REL,3.14998963,122
Treg,945,HSF1,2.24949582,215
Treg,945,EPAS1,2.06138239,233
Treg,946,HIF1A,3.83301812,71
Treg,946,NFKB1,5.46816909,17
Treg,946,STAT3,3.86642676,68
Treg,946,CREB1,6.64851828,7
Treg,946,ATF3,1.49464783,312
Treg,946,REL,3.90358264,66
Treg,946,HSF1,3.60035943,82
Treg,946,EPAS1,1.98740779,246
Treg,947,HIF1A,5.28625269,18
Treg,947,NFKB1,5.99387708,10
Treg,947,STAT3,4.4744177,39
Treg,947,CREB1,5.11317248,21
Treg,947,ATF3,0.260084682,450
Treg,947,REL,2.80492111,149
Treg,947,HSF1,3.94593377,59
Treg,947,EPAS1,2.67434599,161
Treg,948,HIF1A,5.66664382,11
Treg,948,NFKB1,4.57787238,30
Treg,948,STAT3,3.8390515,68
Treg,948,CREB1,6.34780019,8
Treg,948,ATF3,1.08732662,360
Treg,948,REL,3.29769887,106
Treg,948,HSF1,2.7953675,160
Treg,948,EPAS1,2.49904555,186
Treg,949,HIF1A,7.83182793,3
Treg,949,NFKB1,6.59691102,7
Treg,949,STAT3,5.6511559,16
Treg,949,CREB1,6.01241983,12
Treg,949,ATF3,1.884541,248
Treg,949,REL,2.51628673,175
Treg,949,HSF1,4.2441048,52
Treg,949,EPAS1,5.39058634,19
Treg,950,HIF1A,6.4457371,10
Treg,950,NFKB1,6.97675498,7
Treg,950,STAT3,7.32274188,6
Treg,950,CREB1,6.34444544,12
Treg,950,ATF3,1.11369734,370
Treg,950,REL,5.53676273,20
Treg,950,HSF1,3.36491796,96
Treg,950,EPAS1,1.76213443,277
Treg,951,HIF1A,4.97148776,26
Treg,951,NFKB1,6.35037708,10
Treg,951,STAT3,7.11890191,6
Treg,951,CREB1,4.31167761,35
Treg,951,ATF3,0.455709517,421
Treg,951,REL,4.32173267,34
Treg,951,HSF1,-0.633801555,531
Treg,951,EPAS1,3.17998147,103
Treg,952,HIF1A,4.75602329,29
Treg,952,NFKB1,5.96423537,10
Treg,952,STAT3,7.92407035,2
Treg,952,CREB1,3.69026542,84
Treg,952,ATF3,3.10733163,134
Treg,952,REL,4.31244617,49
Treg,952,HSF1,2.32321766,213
Treg,952,EPAS1,5.00880468,21
Treg,953,HIF1A,6.15752051,12
Treg,953,NFKB1,5.41388203,21
Treg,953,STAT3,6.39106398,8
Treg,953,CREB1,4.44268388,44
Treg,953,ATF3,-0.236205378,513
Treg,953,REL,3.96803356,65
Treg,953,HSF1,1.95206367,246
Treg,953,EPAS1,5.33739106,23
Treg,954,HIF1A,7.23244043,3
Treg,954,NFKB1,4.20139852,55
Treg,954,STAT3,4.14904374,57
Treg,954,CREB1,1.88808625,265
Treg,954,ATF3,2.96671725,136
Treg,954,REL,3.24535352,103
Treg,954,HSF1,1.61127404,299
Treg,954,EPAS1,4.10618316,61
Treg,955,HIF1A,6.96210287,5
Treg,955,NFKB1,5.39765015,20
Treg,955,STAT3,3.69532719,84
Treg,955,CREB1,4.76307585,31
Treg,955,ATF3,1.5958129,270
Treg,955,REL,3.92831612,69
Treg,955,HSF1,3.39301835,104
Treg,955,EPAS1,3.18150844,118
Treg,956,HIF1A,3.54171614,83
Treg,956,NFKB1,5.89948459,15
Treg,956,STAT3,2.68201156,174
Treg,956,CREB1,4.15601189,51
Treg,956,ATF3,0.848602172,395
Treg,956,REL,2.96850215,143
Treg,956,HSF1,4.58589804,40
Treg,956,EPAS1,3.36101018,98
Treg,957,HIF1A,6.08455261,14
Treg,957,NFKB1,5.54196398,18
Treg,957,STAT3,4.52665882,47
Treg,957,CREB1,6.82238224,6
Treg,957,ATF3,3.01775337,139
Treg,957,REL,3.4403248,99
Treg,957,HSF1,4.55511808,46
Treg,957,EPAS1,4.3015726,52
Treg,958,HIF1A,5.26415014,21
Treg,958,NFKB1,8.46632849,2
Treg,958,STAT3,6.40381604,7
Treg,958,CREB1,6.21365377,8
Treg,958,ATF3,1.52299893,304
Treg,958,REL,2.72961233,160
Treg,958,HSF1,5.22355291,22
Treg,958,EPAS1,2.91467087,138
Treg,959,HIF1A,5.2356857,21
Treg,959,NFKB1,7.30274679,2
Treg,959,STAT3,6.57006505,5
Treg,959,CREB1,7.29720707,3
Treg,959,ATF3,2.53631665,185
Treg,959,REL,3.26984426,112
Treg,959,HSF1,3.80068981,73
Treg,959,EPAS1,1.97203796,247
Treg,960,HIF1A,5.35725483,18
Treg,960,NFKB1,7.12707548,5
Treg,960,STAT3,7.27336522,4
Treg,960,CREB1,6.25374661,8
Treg,960,ATF3,1.71044727,291
Treg,960,REL,2.17723278,239
Treg,960,HSF1,1.8838265,266
Treg,960,EPAS1,3.79841739,64
Treg,961,HIF1A,3.89487736,71
Treg,961,NFKB1,5.46425392,18
Treg,961,STAT3,6.07832561,10
Treg,961,CREB1,5.46341055,19
Treg,961,ATF3,1.67576999,282
Treg,961,REL,2.91821075,149
Treg,961,HSF1,1.96665782,253
Treg,961,EPAS1,2.78078248,163
Treg,962,HIF1A,3.31323711,116
Treg,962,NFKB1,5.78020641,12
Treg,962,STAT3,7.16483067,5
Treg,962,CREB1,6.28439662,8
Treg,962,ATF3,1.75958405,266
Treg,962,REL,3.00061354,142
Treg,962,HSF1,2.23867517,209
Treg,962,EPAS1,2.6647261,164
Treg,963,HIF1A,2.66427654,175
Treg,963,NFKB1,4.73627355,23
Treg,963,STAT3,5.94212394,7
Treg,963,CREB1,4.55636432,27
Treg,963,ATF3,1.28503551,356
Treg,963,REL,4.97503229,18
Treg,963,HSF1,2.4588334,197
Treg,963,EPAS1,4.51372492,28
Treg,964,HIF1A,3.67327976,86
Treg,964,NFKB1,4.22632393,52
Treg,964,STAT3,5.73681263,14
Treg,964,CREB1,4.09409485,59
Treg,964,ATF3,3.73654334,85
Treg,964,REL,5.00700957,29
Treg,964,HSF1,3.18436956,124
Treg,964,EPAS1,1.85902492,267
Treg,965,HIF1A,3.7082231,86
Treg,965,NFKB1,4.94747585,29
Treg,965,STAT3,4.90245653,30
Treg,965,CREB1,5.73528923,14
Treg,965,ATF3,2.23401375,213
Treg,965,REL,3.09286379,128
Treg,965,HSF1,1.79388082,276
Treg,965,EPAS1,2.71170767,165
Treg,966,HIF1A,5.9762641,12
Treg,966,NFKB1,6.82144084,7
Treg,966,STAT3,4.71360286,34
Treg,966,CREB1,5.67689643,15
Treg,966,ATF3,2.0509374,230
Treg,966,REL,2.39001041,187
Treg,966,HSF1,1.49247435,303
Treg,966,EPAS1,3.4381505,91
Treg,967,HIF1A,3.7249878,75
Treg,967,NFKB1,5.95938277,12
Treg,967,STAT3,8.04786683,2
Treg,967,CREB1,3.54592705,93
Treg,967,ATF3,1.63723001,285
Treg,967,REL,2.22643245,217
Treg,967,HSF1,2.94247051,141
Treg,967,EPAS1,2.48492948,194
Treg,968,HIF1A,5.90335537,10
Treg,968,NFKB1,8.26306805,2
Treg,968,STAT3,5.88249013,12
Treg,968,CREB1,4.95694281,31
Treg,968,ATF3,3.14566739,118
Treg,968,REL,3.47604601,91
Treg,968,HSF1,1.96970602,243
Treg,968,EPAS1,3.03864339,125
Treg,969,HIF1A,5.61676665,16
Treg,969,NFKB1,7.07049165,5
Treg,969,STAT3,7.72322579,3
Treg,969,CREB1,7.29165533,4
Treg,969,ATF3,2.08964879,241
Treg,969,REL,6.75057865,9
Treg,969,HSF1,4.35870449,50
Treg,969,EPAS1,2.2680851,212
Treg,970,HIF1A,5.99622589,15
Treg,970,NFKB1,6.92377822,5
Treg,970,STAT3,4.75955887,33
Treg,970,CREB1,6.15751229,13
Treg,970,ATF3,0.882609435,397
Treg,970,REL,5.226486,24
Treg,970,HSF1,2.09622025,213
Treg,970,EPAS1,2.97018352,143
Treg,971,HIF1A,6.08248764,8
Treg,971,NFKB1,6.89445018,2
Treg,971,STAT3,4.65260543,33
Treg,971,CREB1,5.13877608,20
Treg,971,ATF3,1.1654617,348
Treg,971,REL,4.23368175,53
Treg,971,HSF1,1.91136215,256
Treg,971,EPAS1,3.6484216799999998,91
Treg,972,HIF1A,6.25064741,8
Treg,972,NFKB1,5.64748795,16
Treg,972,STAT3,4.50382464,44
Treg,972,CREB1,5.3206701,19
Treg,972,ATF3,1.22092723,352
Treg,972,REL,3.6995089,68
Treg,972,HSF1,3.87621865,63
Treg,972,EPAS1,4.64744079,38
Treg,973,HIF1A,6.51013212,9
Treg,973,NFKB1,4.79095183,30
Treg,973,STAT3,4.2459245900000004,49
Treg,973,CREB1,3.66830358,83
Treg,973,ATF3,-0.380126587,519
Treg,973,REL,4.54466312,40
Treg,973,HSF1,3.76649474,73
Treg,973,EPAS1,2.24790056,225
Treg,974,HIF1A,5.59818672,16
Treg,974,NFKB1,6.37646108,9
Treg,974,STAT3,4.99551606,26
Treg,974,CREB1,3.58491379,81
Treg,974,ATF3,1.37598276,315
Treg,974,REL,3.02462291,125
Treg,974,HSF1,1.96485977,242
Treg,974,EPAS1,2.88996281,135
Treg,975,HIF1A,7.15099715,3
Treg,975,NFKB1,5.99683371,12
Treg,975,STAT3,5.88569005,13
Treg,975,CREB1,3.40075583,86
Treg,975,ATF3,2.46281773,167
Treg,975,REL,1.29844789,313
Treg,975,HSF1,1.60423432,282
Treg,975,EPAS1,2.18296448,203
Treg,976,HIF1A,6.06534927,8
Treg,976,NFKB1,7.96338981,1
Treg,976,STAT3,4.96630181,25
Treg,976,CREB1,2.59787977,185
Treg,976,ATF3,1.53564552,309
Treg,976,REL,1.91656887,255
Treg,976,HSF1,2.37950495,202
Treg,976,EPAS1,1.88194011,260
Treg,977,HIF1A,4.56937876,39
Treg,977,NFKB1,5.57680208,18
Treg,977,STAT3,4.70591258,35
Treg,977,CREB1,5.02586469,25
Treg,977,ATF3,2.31675182,196
Treg,977,REL,3.94610877,65
Treg,977,HSF1,2.73562367,152
Treg,977,EPAS1,4.76017674,33
Treg,978,HIF1A,6.45494402,9
Treg,978,NFKB1,6.57283638,7
Treg,978,STAT3,4.25575832,57
Treg,978,CREB1,5.01353265,27
Treg,978,ATF3,1.4963099500000001,304
Treg,978,REL,3.83252086,77
Treg,978,HSF1,1.96188068,227
Treg,978,EPAS1,0.663429806,420
Treg,979,HIF1A,5.13115479,26
Treg,979,NFKB1,4.46653376,55
Treg,979,STAT3,5.5600427,14
Treg,979,CREB1,4.4937729300000004,54
Treg,979,ATF3,3.52817886,102
Treg,979,REL,3.74318988,84
Treg,979,HSF1,1.70213131,264
Treg,979,EPAS1,2.211639,212
Treg,980,HIF1A,4.53333932,41
Treg,980,NFKB1,5.83697748,16
Treg,980,STAT3,4.37550651,50
Treg,980,CREB1,5.90345313,14
Treg,980,ATF3,3.05960215,139
Treg,980,REL,2.57371214,183
Treg,980,HSF1,3.23564828,119
Treg,980,EPAS1,4.62346487,35
Treg,981,HIF1A,5.68095166,12
Treg,981,NFKB1,6.0319431,8
Treg,981,STAT3,4.5464231,33
Treg,981,CREB1,6.85413277,3
Treg,981,ATF3,0.80825964,396
Treg,981,REL,4.35734438,40
Treg,981,HSF1,2.28372019,211
Treg,981,EPAS1,-1.70284069,579
Treg,982,HIF1A,7.3361031,2
Treg,982,NFKB1,6.7804011300000004,4
Treg,982,STAT3,4.32776208,48
Treg,982,CREB1,4.7037736,33
Treg,982,ATF3,0.242837888,465
Treg,982,REL,4.49350812,39
Treg,982,HSF1,1.58071524,306
Treg,982,EPAS1,0.902643401,389
Treg,983,HIF1A,6.79532052,6
Treg,983,NFKB1,6.09193457,10
Treg,983,STAT3,2.59932742,178
Treg,983,CREB1,6.92007506,4
Treg,983,ATF3,2.33417421,210
Treg,983,REL,4.15893694,48
Treg,983,HSF1,2.23070746,225
Treg,983,EPAS1,1.56608679,298
Treg,984,HIF1A,5.30602517,16
Treg,984,NFKB1,6.44491084,6
Treg,984,STAT3,3.1803776,125
Treg,984,CREB1,5.71997207,12
Treg,984,ATF3,2.08343965,239
Treg,984,REL,1.10248469,353
Treg,984,HSF1,3.72016035,77
Treg,984,EPAS1,3.29227474,109
Treg,985,HIF1A,6.14264237,13
Treg,985,NFKB1,5.29557589,19
Treg,985,STAT3,2.81541637,161
Treg,985,CREB1,7.17577762,4
Treg,985,ATF3,0.468925606,413
Treg,985,REL,2.09497102,235
Treg,985,HSF1,2.6968156,176
Treg,985,EPAS1,2.96584884,144
Treg,986,HIF1A,5.04452279,23
Treg,986,NFKB1,6.39968002,8
Treg,986,STAT3,3.36453319,96
Treg,986,CREB1,7.24600374,4
Treg,986,ATF3,0.715665967,412
Treg,986,REL,2.11937412,215
Treg,986,HSF1,1.88698831,246
Treg,986,EPAS1,0.817753737,402
Treg,987,HIF1A,5.09658408,26
Treg,987,NFKB1,6.87247894,6
Treg,987,STAT3,5.16082191,24
Treg,987,CREB1,6.04507302,9
Treg,987,ATF3,1.75504471,276
Treg,987,REL,4.09079733,62
Treg,987,HSF1,2.66153283,168
Treg,987,EPAS1,5.07186877,27
Treg,988,HIF1A,7.52044138,2
Treg,988,NFKB1,6.82790654,9
Treg,988,STAT3,5.11784402,26
Treg,988,CREB1,6.84117001,8
Treg,988,ATF3,0.211554849,462
Treg,988,REL,4.59094082,43
Treg,988,HSF1,2.69703292,176
Treg,988,EPAS1,2.51369763,197
Treg,989,HIF1A,6.33557447,9
Treg,989,NFKB1,6.41905232,7
Treg,989,STAT3,3.65161882,80
Treg,989,CREB1,5.46041202,18
Treg,989,ATF3,2.25918722,215
Treg,989,REL,3.21397221,108
Treg,989,HSF1,3.973253,60
Treg,989,EPAS1,2.08902485,238
Treg,990,HIF1A,5.29812599,19
Treg,990,NFKB1,6.28608478,9
Treg,990,STAT3,4.88863641,29
Treg,990,CREB1,3.46841986,89
Treg,990,ATF3,1.66757492,281
Treg,990,REL,4.6963905,34
Treg,990,HSF1,1.66911309,280
Treg,990,EPAS1,3.20814291,105
Treg,991,HIF1A,4.79987212,26
Treg,991,NFKB1,4.66796509,31
Treg,991,STAT3,5.6389956,13
Treg,991,CREB1,4.06698402,53
Treg,991,ATF3,1.94981809,237
Treg,991,REL,3.3489437,100
Treg,991,HSF1,3.84042829,67
Treg,991,EPAS1,2.77113661,158
Treg,992,HIF1A,5.81923628,15
Treg,992,NFKB1,4.55335459,36
Treg,992,STAT3,5.15008552,19
Treg,992,CREB1,4.97872602,26
Treg,992,ATF3,2.27610139,204
Treg,992,REL,2.63148353,162
Treg,992,HSF1,3.7579507,71
Treg,992,EPAS1,-0.0795228495,496
Treg,993,HIF1A,5.95279068,11
Treg,993,NFKB1,5.73013754,14
Treg,993,STAT3,3.9827018,62
Treg,993,CREB1,6.50910017,6
Treg,993,ATF3,2.46258634,203
Treg,993,REL,2.3334343,214
Treg,993,HSF1,1.81946961,264
Treg,993,EPAS1,1.17342109,352
Treg,994,HIF1A,5.5780185,13
Treg,994,NFKB1,4.09824407,53
Treg,994,STAT3,5.48113694,15
Treg,994,CREB1,6.17729464,9
Treg,994,ATF3,3.04140135,120
Treg,994,REL,3.44183149,92
Treg,994,HSF1,0.582932868,426
Treg,994,EPAS1,4.97447636,24
Treg,995,HIF1A,6.93377439,6
Treg,995,NFKB1,3.33054041,97
Treg,995,STAT3,4.60308484,26
Treg,995,CREB1,6.51782092,10
Treg,995,ATF3,3.36377957,92
Treg,995,REL,2.11123346,228
Treg,995,HSF1,5.13669211,20
Treg,995,EPAS1,3.44682163,82
Treg,996,HIF1A,6.67420691,6
Treg,996,NFKB1,4.92494373,24
Treg,996,STAT3,4.99979459,21
Treg,996,CREB1,5.95402008,11
Treg,996,ATF3,3.49949563,96
Treg,996,REL,2.99747575,134
Treg,996,HSF1,3.39850039,102
Treg,996,EPAS1,4.53787325,37
Treg,997,HIF1A,8.25569946,1
Treg,997,NFKB1,5.10413433,22
Treg,997,STAT3,6.29700785,7
Treg,997,CREB1,6.22691289,9
Treg,997,ATF3,0.0771584384,486
Treg,997,REL,3.8288436,70
Treg,997,HSF1,2.10417998,217
Treg,997,EPAS1,2.86083829,140
Treg,998,HIF1A,7.1844503,4
Treg,998,NFKB1,5.25611347,16
Treg,998,STAT3,3.8917269,72
Treg,998,CREB1,5.85037737,10
Treg,998,ATF3,0.544766128,444
Treg,998,REL,1.62634863,287
Treg,998,HSF1,3.03505107,130
Treg,998,EPAS1,1.09885196,373
Treg,999,HIF1A,6.96235094,5
Treg,999,NFKB1,4.54741221,46
Treg,999,STAT3,3.34151946,101
Treg,999,CREB1,6.35879352,11
Treg,999,ATF3,1.93708576,252
Treg,999,REL,3.66590291,84
Treg,999,HSF1,3.56814819,88
Treg,999,EPAS1,2.176349,220
Treg,1000,HIF1A,5.52240052,16
Treg,1000,NFKB1,4.54566512,34
Treg,1000,STAT3,3.34566589,115
Treg,1000,CREB1,5.74807375,12
Treg,1000,ATF3,4.90120348,24
Treg,1000,REL,3.88951499,63
Treg,1000,HSF1,4.9553195,22
Treg,1000,EPAS1,1.44501833,300
