"population","database","pathway_id","direction","nes","padj","padj_pooled","set_size","n_tests_in_db","n_tests_pooled","n_sig_pooled_in_database","n_sig_per_database_only"
"CD8","GO_BP","GOBP_CYTOPLASMIC_TRANSLATION","down",-3.62187354,2.46419699e-46,1.98275531e-46,159,5777,11242,501,482
"CD8","GO_BP","GOBP_NEGATIVE_REGULATION_OF_SYNCYTIUM_FORMATION_BY_PLASMA_MEMBRANE_FUSION","down",-3.35938921,2.92955001e-26,5.4294124e-27,47,5777,11242,501,482
"CD8","GO_BP","GOBP_RIBOSOME_BIOGENESIS","down",-2.70544379,3.54451216e-23,8.62199363e-24,295,5777,11242,501,482
"CD8","GO_BP","GOBP_REGULATION_OF_SYNCYTIUM_FORMATION_BY_PLASMA_MEMBRANE_FUSION","down",-3.15061071,1.15557182e-18,3.10170258e-19,60,5777,11242,501,482
"CD8","GO_BP","GOBP_MYOBLAST_FUSION","down",-3.09314222,8.85506337e-18,2.77933693e-18,69,5777,11242,501,482
"CD8","GO_BP","GOBP_SYNCYTIUM_FORMATION","down",-2.91371732,1.09840801e-14,3.66427543e-15,78,5777,11242,501,482
"CD8","GO_BP","GOBP_MYOTUBE_DIFFERENTIATION","down",-2.71554987,6.38907308e-13,2.41754523e-13,114,5777,11242,501,482
"CD8","GO_BP","GOBP_RRNA_PROCESSING","down",-2.44012574,8.65990737e-13,3.64370092e-13,213,5777,11242,501,482
"CD8","GO_BP","GOBP_RIBOSOMAL_SMALL_SUBUNIT_BIOGENESIS","down",-2.74023966,1.31287712e-12,6.05095893e-13,104,5777,11242,501,482
"CD8","GO_BP","GOBP_RRNA_METABOLIC_PROCESS","down",-2.26551746,1.38821753e-11,6.75365305e-12,256,5777,11242,501,482
"CD8","GO_BP","GOBP_PROTEIN_RNA_COMPLEX_ORGANIZATION","down",-2.33897907,5.81244514e-11,2.96239847e-11,215,5777,11242,501,482
"CD8","GO_BP","GOBP_STRIATED_MUSCLE_CONTRACTION","down",-2.55134579,1.25791809e-10,6.67608943e-11,132,5777,11242,501,482
"CD8","GO_BP","GOBP_VIRAL_LIFE_CYCLE","up",2.18012838,8.78867407e-09,4.3595107e-09,218,5777,11242,501,482
"CD8","GO_BP","GOBP_STRIATED_MUSCLE_CELL_DIFFERENTIATION","down",-2.22409186,1.00885163e-08,5.28558676e-09,201,5777,11242,501,482
"CD8","GO_BP","GOBP_MUSCLE_CONTRACTION","down",-2.17840384,2.15371643e-08,1.18616505e-08,206,5777,11242,501,482
"CD8","GO_BP","GOBP_RIBOSOMAL_LARGE_SUBUNIT_BIOGENESIS","down",-2.54226559,2.93759559e-08,1.63329705e-08,69,5777,11242,501,482
"CD8","GO_BP","GOBP_NEGATIVE_REGULATION_OF_VIRAL_GENOME_REPLICATION","up",2.54411801,4.93265587e-08,2.81347434e-08,40,5777,11242,501,482
"CD8","GO_BP","GOBP_REGULATION_OF_VIRAL_PROCESS","up",2.34285289,5.41162492e-08,3.2128422e-08,108,5777,11242,501,482
"CD8","GO_BP","GOBP_REGULATION_OF_VIRAL_LIFE_CYCLE","up",2.40247403,5.89502973e-08,3.63270025e-08,87,5777,11242,501,482
"CD8","GO_BP","GOBP_RIBOSOME_ASSEMBLY","down",-2.58977132,6.47283222e-08,4.06325304e-08,59,5777,11242,501,482
"CD8","GO_BP","GOBP_VIRAL_GENOME_REPLICATION","up",2.35322976,7.20334558e-08,4.67255271e-08,93,5777,11242,501,482
"CD8","GO_BP","GOBP_MUSCLE_CELL_DIFFERENTIATION","down",-2.04297083,7.61376599e-08,5.09311456e-08,266,5777,11242,501,482
"CD8","GO_BP","GOBP_REGULATION_OF_VIRAL_GENOME_REPLICATION","up",2.42466371,1.03798409e-07,7.03907856e-08,66,5777,11242,501,482
"CD8","GO_BP","GOBP_PEPTIDE_ANTIGEN_ASSEMBLY_WITH_MHC_CLASS_II_PROTEIN_COMPLEX","up",2.39654675,2.1282601e-07,1.48355057e-07,14,5777,11242,501,482
"CD8","GO_BP","GOBP_CHROMOSOME_SEGREGATION","up",1.85790876,5.33346416e-07,3.81576562e-07,374,5777,11242,501,482
"CD8","GO_BP","GOBP_NUCLEAR_CHROMOSOME_SEGREGATION","up",1.94393974,7.37031153e-07,5.32724127e-07,278,5777,11242,501,482
"CD8","GO_BP","GOBP_ANTIGEN_PROCESSING_AND_PRESENTATION","up",2.25008045,7.64265352e-07,5.65575776e-07,96,5777,11242,501,482
"CD8","GO_BP","GOBP_VIRAL_PROCESS","up",1.91613749,1.13145814e-06,8.11192908e-07,295,5777,11242,501,482
"CD8","GO_BP","GOBP_NEGATIVE_REGULATION_OF_VIRAL_PROCESS","up",2.39889633,1.29184564e-06,9.46801874e-07,59,5777,11242,501,482
"CD8","GO_BP","GOBP_ANTIGEN_PROCESSING_AND_PRESENTATION_OF_EXOGENOUS_PEPTIDE_ANTIGEN_VIA_MHC_CLASS_II","up",2.45939707,1.45459842e-06,1.0677483e-06,27,5777,11242,501,482
"CD8","GO_BP","GOBP_POSITIVE_REGULATION_OF_CELL_ADHESION","up",1.84048895,2.20274448e-06,1.62051545e-06,344,5777,11242,501,482
"CD8","GO_BP","GOBP_ESTABLISHMENT_OF_ORGANELLE_LOCALIZATION","up",1.90890727,2.56558294e-06,1.90194505e-06,312,5777,11242,501,482
"CD8","GO_BP","GOBP_ANTIGEN_PROCESSING_AND_PRESENTATION_OF_EXOGENOUS_ANTIGEN","up",2.34943479,3.67289553e-06,2.6802855e-06,46,5777,11242,501,482
"CD8","GO_BP","GOBP_ANTIGEN_PROCESSING_AND_PRESENTATION_OF_PEPTIDE_OR_POLYSACCHARIDE_ANTIGEN_VIA_MHC_CLASS_II","up",2.42608979,4.0036373e-06,2.91094141e-06,31,5777,11242,501,482
"CD8","GO_BP","GOBP_ANTIGEN_PROCESSING_AND_PRESENTATION_OF_EXOGENOUS_PEPTIDE_ANTIGEN","up",2.38477014,4.52656974e-06,3.31509154e-06,40,5777,11242,501,482
"CD8","GO_BP","GOBP_MATURATION_OF_SSU_RRNA","down",-2.25241822,2.1813096e-05,1.46935822e-05,67,5777,11242,501,482
"CD8","GO_BP","GOBP_CYTOPLASMIC_TRANSLATIONAL_INITIATION","down",-2.33395042,3.51588884e-05,2.2602686e-05,47,5777,11242,501,482
"CD8","GO_BP","GOBP_NEGATIVE_REGULATION_OF_CELL_ADHESION","up",1.90099653,3.52936025e-05,2.3096297e-05,214,5777,11242,501,482
"CD8","GO_BP","GOBP_REGULATION_OF_MACROPHAGE_APOPTOTIC_PROCESS","up",2.05960079,4.08870006e-05,2.7219881e-05,7,5777,11242,501,482
"CD8","GO_BP","GOBP_SISTER_CHROMATID_SEGREGATION","up",1.88169528,4.19218135e-05,2.83754937e-05,221,5777,11242,501,482
"CD8","GO_BP","GOBP_ANTIGEN_PROCESSING_AND_PRESENTATION_OF_PEPTIDE_ANTIGEN","up",2.21636245,7.20206371e-05,4.78851424e-05,58,5777,11242,501,482
"CD8","GO_BP","GOBP_MITOTIC_CYTOKINESIS","up",2.10673066,7.4231846e-05,4.97302833e-05,94,5777,11242,501,482
"CD8","GO_BP","GOBP_CYTOKINESIS","up",1.96436784,8.21969319e-05,5.50243934e-05,152,5777,11242,501,482
"CD8","GO_BP","GOBP_MITOTIC_NUCLEAR_DIVISION","up",1.85767705,8.5180077e-05,5.82749334e-05,245,5777,11242,501,482
"CD8","GO_BP","GOBP_POSITIVE_REGULATION_OF_MOLECULAR_FUNCTION","up",1.7323402,8.5180077e-05,5.82749334e-05,329,5777,11242,501,482
"CD8","GO_BP","GOBP_REGULATION_OF_MICROTUBULE_CYTOSKELETON_ORGANIZATION","up",2.02379816,8.65201667e-05,6.04067017e-05,135,5777,11242,501,482
"CD8","GO_BP","GOBP_CELL_SUBSTRATE_ADHESION","up",1.85975254,8.65201667e-05,6.04067017e-05,212,5777,11242,501,482
"CD8","GO_BP","GOBP_INFLAMMATORY_CELL_APOPTOTIC_PROCESS","up",2.25544017,8.97355887e-05,6.30224854e-05,17,5777,11242,501,482
"CD8","GO_BP","GOBP_NEGATIVE_REGULATION_OF_CELL_CELL_ADHESION","up",1.93958159,9.42708567e-05,6.70826096e-05,161,5777,11242,501,482
"CD8","GO_BP","GOBP_REGULATION_OF_SUPRAMOLECULAR_FIBER_ORGANIZATION","up",1.79459313,0.000139394473,9.63094904e-05,260,5777,11242,501,482
"CD8","GO_BP","GOBP_REGULATION_OF_T_CELL_ACTIVATION","up",1.72705243,0.000163575211,0.000112736977,325,5777,11242,501,482
"CD8","GO_BP","GOBP_METAPHASE_CHROMOSOME_ALIGNMENT","up",2.04098543,0.000173996397,0.000119775358,97,5777,11242,501,482
"CD8","GO_BP","GOBP_REGULATION_OF_CELL_SUBSTRATE_ADHESION","up",1.94913637,0.000180256553,0.000125620225,129,5777,11242,501,482
"CD8","GO_BP","GOBP_CYTOSKELETON_DEPENDENT_CYTOKINESIS","up",2.03744,0.000180256553,0.000126280059,105,5777,11242,501,482
"CD8","GO_BP","GOBP_POSITIVE_REGULATION_OF_CELL_CYCLE","up",1.77526679,0.00021358759,0.000150396015,251,5777,11242,501,482
"CD8","GO_BP","GOBP_TRANSLATIONAL_INITIATION","down",-1.96832758,0.000241542688,0.000173481856,121,5777,11242,501,482
"CD8","GO_BP","GOBP_MACROPHAGE_APOPTOTIC_PROCESS","up",2.14810663,0.000241542688,0.000173975961,10,5777,11242,501,482
"CD8","GO_BP","GOBP_FORMATION_OF_CYTOPLASMIC_TRANSLATION_INITIATION_COMPLEX","down",-2.30362791,0.000253359025,0.000184888058,15,5777,11242,501,482
"CD8","GO_BP","GOBP_PEPTIDE_ANTIGEN_ASSEMBLY_WITH_MHC_PROTEIN_COMPLEX","up",2.24336099,0.000253359025,0.000184888058,19,5777,11242,501,482
"CD8","GO_BP","GOBP_MITOTIC_SISTER_CHROMATID_SEGREGATION","up",1.88234185,0.000253359025,0.000184888058,185,5777,11242,501,482
"CD8","GO_BP","GOBP_ESTABLISHMENT_OR_MAINTENANCE_OF_CELL_POLARITY","up",1.87417611,0.000268400152,0.000200135589,169,5777,11242,501,482
"CD8","GO_BP","GOBP_CELL_MATRIX_ADHESION","up",1.93303116,0.000268400152,0.000201872386,143,5777,11242,501,482
"CD8","GO_BP","GOBP_VESICLE_LOCALIZATION","up",1.88960243,0.000268400152,0.000201872386,171,5777,11242,501,482
"CD8","GO_BP","GOBP_MICROTUBULE_CYTOSKELETON_ORGANIZATION_INVOLVED_IN_MITOSIS","up",1.88597613,0.000276452351,0.000209941176,148,5777,11242,501,482
"CD8","GO_BP","GOBP_ACTIN_FILAMENT_ORGANIZATION","up",1.72109758,0.000320159995,0.000243957147,309,5777,11242,501,482
"CD8","GO_BP","GOBP_REGULATION_OF_ACTIN_FILAMENT_BASED_PROCESS","up",1.76171254,0.00038448949,0.000283805216,244,5777,11242,501,482
"CD8","GO_BP","GOBP_REGULATION_OF_HEMOPOIESIS","up",1.67234791,0.000391079137,0.000290416993,331,5777,11242,501,482
"CD8","GO_BP","GOBP_TAXIS","up",1.74050454,0.000395728209,0.000294189477,271,5777,11242,501,482
"CD8","GO_BP","GOBP_NEGATIVE_REGULATION_OF_LEUKOCYTE_CELL_CELL_ADHESION","up",1.92418219,0.000414287224,0.000313223189,125,5777,11242,501,482
"CD8","GO_BP","GOBP_PROTEIN_POLYMERIZATION","up",1.80140018,0.000414287224,0.000313522193,207,5777,11242,501,482
"CD8","GO_BP","GOBP_MYELOID_CELL_DIFFERENTIATION","up",1.66739208,0.000461981238,0.0003498918,340,5777,11242,501,482
"CD8","GO_BP","GOBP_REGULATION_OF_CHROMOSOME_SEGREGATION","up",1.91463419,0.000461981238,0.000351787355,127,5777,11242,501,482
"CD8","GO_BP","GOBP_MATURATION_OF_LSU_RRNA","down",-2.22269704,0.000471298324,0.000362318826,32,5777,11242,501,482
"CD8","GO_BP","GOBP_LEUKOCYTE_CELL_CELL_ADHESION","up",1.64785363,0.000471298324,0.000362933638,352,5777,11242,501,482
"CD8","GO_BP","GOBP_REGULATION_OF_CELL_MATRIX_ADHESION","up",2.01619139,0.000506557424,0.000392267347,79,5777,11242,501,482
"CD8","GO_BP","GOBP_POSITIVE_REGULATION_OF_CELL_DEVELOPMENT","up",1.70065293,0.000506557424,0.000392267347,304,5777,11242,501,482
"CD8","GO_BP","GOBP_TRNA_PROCESSING","down",-1.92182005,0.000506557424,0.000393281316,127,5777,11242,501,482
"CD8","GO_BP","GOBP_DENDRITIC_CELL_ANTIGEN_PROCESSING_AND_PRESENTATION","up",2.16165248,0.000510218526,0.000399199795,13,5777,11242,501,482
"CD8","GO_BP","GOBP_RIBOSOMAL_SMALL_SUBUNIT_ASSEMBLY","down",-2.25995476,0.000562959575,0.000439318295,21,5777,11242,501,482
"CD8","GO_BP","GOBP_CYTOKINETIC_PROCESS","up",2.0780724,0.000647586893,0.000509467,50,5777,11242,501,482
"CD8","GO_BP","GOBP_REGULATION_OF_PLASMA_MEMBRANE_ORGANIZATION","up",2.16977006,0.000647586893,0.000514111192,15,5777,11242,501,482
"CD8","GO_BP","GOBP_CHROMOSOME_LOCALIZATION","up",1.89515282,0.000647586893,0.000514111192,112,5777,11242,501,482
"CD8","GO_BP","GOBP_POSITIVE_REGULATION_OF_PROTEIN_LOCALIZATION_TO_MEMBRANE","up",2.07726717,0.000669902779,0.000530396828,54,5777,11242,501,482
"CD8","GO_BP","GOBP_CARBOHYDRATE_DERIVATIVE_CATABOLIC_PROCESS","up",1.79843551,0.0006880014,0.000545937091,189,5777,11242,501,482
"CD8","GO_BP","GOBP_REGULATION_OF_CELL_CYCLE_PHASE_TRANSITION","up",1.6033004,0.000735834213,0.000577087997,400,5777,11242,501,482
"CD8","GO_BP","GOBP_NEGATIVE_REGULATION_OF_ORGANELLE_ORGANIZATION","up",1.69863811,0.000890039292,0.000692803996,281,5777,11242,501,482
"CD8","GO_BP","GOBP_CYTOSKELETON_DEPENDENT_INTRACELLULAR_TRANSPORT","up",1.81047051,0.000960095113,0.000757667067,164,5777,11242,501,482
"CD8","GO_BP","GOBP_NEGATIVE_REGULATION_OF_CELL_DEVELOPMENT","up",1.80907202,0.000960095113,0.000757667067,164,5777,11242,501,482
"CD8","GO_BP","GOBP_DNA_CYTOSINE_DEAMINATION","up",2.03095151,0.00098893097,0.000778528503,8,5777,11242,501,482
"CD8","GO_BP","GOBP_REGULATION_OF_TRANSMEMBRANE_TRANSPORT","up",1.74054638,0.00103506974,0.00081658305,232,5777,11242,501,482
"CD8","GO_BP","GOBP_REGULATION_OF_NEURON_APOPTOTIC_PROCESS","up",1.78224661,0.00103754923,0.000823922677,157,5777,11242,501,482
"CD8","GO_BP","GOBP_ACTOMYOSIN_STRUCTURE_ORGANIZATION","up",1.85971376,0.00104372749,0.000838657569,127,5777,11242,501,482
"CD8","GO_BP","GOBP_ESTABLISHMENT_OF_CELL_POLARITY","up",1.84766829,0.00104372749,0.000842469306,116,5777,11242,501,482
"CD8","GO_BP","GOBP_ORGANOPHOSPHATE_CATABOLIC_PROCESS","up",1.77799113,0.00104372749,0.000844777652,179,5777,11242,501,482
"CD8","GO_BP","GOBP_POSITIVE_REGULATION_OF_CELL_MATRIX_ADHESION","up",2.06303983,0.00104372749,0.000846285877,35,5777,11242,501,482
"CD8","GO_BP","GOBP_LYMPHOCYTE_CHEMOTAXIS","up",2.08538916,0.00119473853,0.000960470873,32,5777,11242,501,482
"CD8","GO_BP","GOBP_MICROTUBULE_POLYMERIZATION_OR_DEPOLYMERIZATION","up",1.86617168,0.00119473853,0.000963762361,119,5777,11242,501,482
"CD8","GO_BP","GOBP_GLIAL_CELL_DEVELOPMENT","up",1.9250275,0.00128444376,0.00103355606,85,5777,11242,501,482
"CD8","GO_BP","GOBP_NEGATIVE_REGULATION_OF_HUMORAL_IMMUNE_RESPONSE_MEDIATED_BY_CIRCULATING_IMMUNOGLOBULIN","down",-2.0215912,0.00133071586,0.0010738029,6,5777,11242,501,482
"CD8","GO_BP","GOBP_POSITIVE_REGULATION_OF_CELL_CYCLE_PROCESS","up",1.73842599,0.00133071586,0.00107898475,207,5777,11242,501,482
"CD8","GO_BP","GOBP_PLASMA_MEMBRANE_REPAIR","up",2.13469117,0.00137219163,0.00110291166,23,5777,11242,501,482
"CD8","GO_BP","GOBP_MYELOID_LEUKOCYTE_DIFFERENTIATION","up",1.76017317,0.00139196033,0.00112697375,179,5777,11242,501,482
"CD8","GO_BP","GOBP_NEGATIVE_REGULATION_OF_TRANSPORT","up",1.71148128,0.00139196033,0.0011295575,246,5777,11242,501,482
"CD8","GO_BP","GOBP_GLIOGENESIS","up",1.78203665,0.00139697262,0.00113619223,196,5777,11242,501,482
"CD8","GO_BP","GOBP_MITOTIC_CELL_CYCLE_PHASE_TRANSITION","up",1.60026422,0.00139697262,0.0011417694,397,5777,11242,501,482
"CD8","GO_BP","GOBP_POSITIVE_REGULATION_OF_MONOCYTE_DIFFERENTIATION","up",2.01383123,0.00144447962,0.00117770895,8,5777,11242,501,482
"CD8","GO_BP","GOBP_SCHWANN_CELL_DIFFERENTIATION","up",2.0774306,0.00150327219,0.00122270771,37,5777,11242,501,482
"CD8","GO_BP","GOBP_SPINDLE_ORGANIZATION","up",1.77189538,0.00154568786,0.00126401911,187,5777,11242,501,482
"CD8","GO_BP","GOBP_NEGATIVE_REGULATION_OF_CELL_CYCLE_PROCESS","up",1.66575041,0.00159790405,0.00131786463,268,5777,11242,501,482
"CD8","GO_BP","GOBP_ENDOTHELIAL_CELL_MIGRATION","up",1.76248571,0.00159790405,0.00132064117,141,5777,11242,501,482
"CD8","GO_BP","GOBP_NEGATIVE_REGULATION_OF_NEURON_APOPTOTIC_PROCESS","up",1.87218485,0.00161153363,0.00133884474,104,5777,11242,501,482
"CD8","GO_BP","GOBP_REGULATION_OF_PROTEIN_CONTAINING_COMPLEX_ASSEMBLY","up",1.63638977,0.00165882958,0.00137469154,321,5777,11242,501,482
"CD8","GO_BP","GOBP_REGULATION_OF_MITOTIC_CELL_CYCLE_PHASE_TRANSITION","up",1.63747807,0.00167860073,0.00139324747,311,5777,11242,501,482
"CD8","GO_BP","GOBP_EXTRINSIC_APOPTOTIC_SIGNALING_PATHWAY","up",1.76680362,0.00167860073,0.00139470453,178,5777,11242,501,482
"CD8","GO_BP","GOBP_RESPONSE_TO_VIRUS","up",1.62348383,0.00169941407,0.00141906886,333,5777,11242,501,482
"CD8","GO_BP","GOBP_MACROAUTOPHAGY","up",1.60866859,0.0017875005,0.00149642415,340,5777,11242,501,482
"CD8","GO_BP","GOBP_POSITIVE_REGULATION_OF_PROTEIN_LOCALIZATION","up",1.63148058,0.00181460736,0.00152454572,305,5777,11242,501,482
"CD8","GO_BP","GOBP_DNA_DEAMINATION","up",2.09510489,0.00183911091,0.00155260949,12,5777,11242,501,482
"CD8","GO_BP","GOBP_PYRIDINE_CONTAINING_COMPOUND_CATABOLIC_PROCESS","up",1.92701891,0.00186855138,0.00158500476,77,5777,11242,501,482
"CD8","GO_BP","GOBP_POSITIVE_REGULATION_OF_PHOSPHORUS_METABOLIC_PROCESS","up",1.72798937,0.00187074522,0.00159436055,202,5777,11242,501,482
"CD8","GO_BP","GOBP_SUBSTRATE_ADHESION_DEPENDENT_CELL_SPREADING","up",1.96267848,0.0019117106,0.00163687697,66,5777,11242,501,482
"CD8","GO_BP","GOBP_NUCLEOSIDE_DIPHOSPHATE_METABOLIC_PROCESS","up",1.85915562,0.00193137421,0.00164938741,104,5777,11242,501,482
"CD8","GO_BP","GOBP_NEGATIVE_REGULATION_OF_ENDOTHELIAL_CELL_MIGRATION","up",2.07847814,0.00196960717,0.00169984621,33,5777,11242,501,482
"CD8","GO_BP","GOBP_REGULATION_OF_LEUKOCYTE_DIFFERENTIATION","up",1.6495058,0.00196960717,0.00170354559,269,5777,11242,501,482
"CD8","GO_BP","GOBP_GLYCOLYTIC_PROCESS_THROUGH_FRUCTOSE_6_PHOSPHATE","up",2.1065712,0.00196960717,0.00170500055,21,5777,11242,501,482
"CD8","GO_BP","GOBP_VESICLE_ORGANIZATION","up",1.61795181,0.00200851805,0.00173408011,309,5777,11242,501,482
"CD8","GO_BP","GOBP_REGULATION_OF_BINDING","up",1.94818984,0.00204008576,0.00176289857,67,5777,11242,501,482
"CD8","GO_BP","GOBP_NEGATIVE_REGULATION_OF_CELL_CYCLE","up",1.61049854,0.00207398606,0.00178755401,322,5777,11242,501,482
"CD8","GO_BP","GOBP_ERK1_AND_ERK2_CASCADE","up",1.72202612,0.00207953942,0.00180011431,176,5777,11242,501,482
"CD8","GO_BP","GOBP_BIOLOGICAL_PROCESS_INVOLVED_IN_INTERACTION_WITH_HOST","up",1.80339688,0.00220631711,0.00190495569,118,5777,11242,501,482
"CD8","GO_BP","GOBP_MATURATION_OF_SSU_RRNA_FROM_TRICISTRONIC_RRNA_TRANSCRIPT_SSU_RRNA_5_8S_RRNA_LSU_RRNA","down",-2.08859887,0.0022664172,0.00196519222,32,5777,11242,501,482
"CD8","GO_BP","GOBP_PLASMA_MEMBRANE_ORGANIZATION","up",1.84922409,0.0023723007,0.00205853393,106,5777,11242,501,482
"CD8","GO_BP","GOBP_BIOLOGICAL_PROCESS_INVOLVED_IN_SYMBIOTIC_INTERACTION","up",1.78730754,0.0023723007,0.00206037527,138,5777,11242,501,482
"CD8","GO_BP","GOBP_MATURATION_OF_LSU_RRNA_FROM_TRICISTRONIC_RRNA_TRANSCRIPT_SSU_RRNA_5_8S_RRNA_LSU_RRNA","down",-2.14753128,0.00250959114,0.00219199957,23,5777,11242,501,482
"CD8","GO_BP","GOBP_REGULATION_OF_CELLULAR_RESPONSE_TO_GROWTH_FACTOR_STIMULUS","up",1.70776991,0.00250959114,0.00219199957,183,5777,11242,501,482
"CD8","GO_BP","GOBP_POSITIVE_REGULATION_OF_CELL_CELL_ADHESION","up",1.66840834,0.00250959114,0.00219199957,257,5777,11242,501,482
"CD8","GO_BP","GOBP_REGULATION_OF_ERBB_SIGNALING_PATHWAY","up",1.95902796,0.00263668903,0.00230473424,55,5777,11242,501,482
"CD8","GO_BP","GOBP_INTERLEUKIN_8_PRODUCTION","up",1.95821165,0.0026557948,0.00232314566,55,5777,11242,501,482
"CD8","GO_BP","GOBP_MITOTIC_SPINDLE_ORGANIZATION","up",1.78108203,0.00276259639,0.00241052566,121,5777,11242,501,482
"CD8","GO_BP","GOBP_POSITIVE_REGULATION_OF_TYPE_2_IMMUNE_RESPONSE","up",2.05856212,0.00305648732,0.00264311955,13,5777,11242,501,482
"CD8","GO_BP","GOBP_MYELOID_CELL_APOPTOTIC_PROCESS","up",2.06385556,0.00323546001,0.00280050982,26,5777,11242,501,482
"CD8","GO_BP","GOBP_CHROMOSOME_SEPARATION","up",1.85550387,0.00330829151,0.00287479054,82,5777,11242,501,482
"CD8","GO_BP","GOBP_CYTIDINE_TO_URIDINE_EDITING","up",1.96766043,0.00340562523,0.00295235837,8,5777,11242,501,482
"CD8","GO_BP","GOBP_REGULATION_OF_CELL_JUNCTION_ASSEMBLY","up",1.74366876,0.00355404075,0.00309293103,150,5777,11242,501,482
"CD8","GO_BP","GOBP_REGULATION_OF_HYDROLASE_ACTIVITY","up",1.78357722,0.00358572231,0.00312277619,112,5777,11242,501,482
"CD8","GO_BP","GOBP_NEGATIVE_REGULATION_OF_SINGLE_STRANDED_VIRAL_RNA_REPLICATION_VIA_DOUBLE_STRANDED_DNA_INTERMEDIATE","up",2.0036888,0.00364466414,0.0031861647,9,5777,11242,501,482
"CD8","GO_BP","GOBP_CORTICAL_CYTOSKELETON_ORGANIZATION","up",1.97867499,0.00365743243,0.00321938354,47,5777,11242,501,482
"CD8","GO_BP","GOBP_NEGATIVE_REGULATION_OF_BLOOD_VESSEL_ENDOTHELIAL_CELL_MIGRATION","up",2.08583617,0.00365743243,0.00323710203,25,5777,11242,501,482
"CD8","GO_BP","GOBP_GLYCOLYTIC_PROCESS_THROUGH_GLUCOSE_6_PHOSPHATE","up",2.07649998,0.00365743243,0.00323710203,19,5777,11242,501,482
"CD8","GO_BP","GOBP_TYPE_2_IMMUNE_RESPONSE","up",2.02655397,0.00365743243,0.00323710203,33,5777,11242,501,482
"CD8","GO_BP","GOBP_GLIAL_CELL_DIFFERENTIATION","up",1.77712749,0.00365743243,0.00323710203,147,5777,11242,501,482
"CD8","GO_BP","GOBP_RESPONSE_TO_TYPE_I_INTERFERON","up",1.84374313,0.00372049319,0.0033047688,99,5777,11242,501,482
"CD8","GO_BP","GOBP_REGULATION_OF_ENDOTHELIAL_CELL_MIGRATION","up",1.83727379,0.00399805928,0.00356592238,100,5777,11242,501,482
"CD8","GO_BP","GOBP_POSITIVE_REGULATION_OF_MONOATOMIC_ION_TRANSPORT","up",1.83239966,0.00399805928,0.00356592238,85,5777,11242,501,482
"CD8","GO_BP","GOBP_EOSINOPHIL_CHEMOTAXIS","up",1.93910912,0.00402219743,0.0035893813,7,5777,11242,501,482
"CD8","GO_BP","GOBP_REGULATION_OF_COLLAGEN_METABOLIC_PROCESS","up",2.05936203,0.00404074957,0.00362124774,21,5777,11242,501,482
"CD8","GO_BP","GOBP_RECEPTOR_MEDIATED_ENDOCYTOSIS","up",1.70991853,0.00404074957,0.00363039412,173,5777,11242,501,482
"CD8","GO_BP","GOBP_MONOCYTE_DIFFERENTIATION","up",2.05989092,0.00407579918,0.00366600179,31,5777,11242,501,482
"CD8","GO_BP","GOBP_WOUND_HEALING","up",1.6317309,0.00407579918,0.00366600179,258,5777,11242,501,482
"CD8","GO_BP","GOBP_TRNA_MODIFICATION","down",-1.85696158,0.00410078742,0.0037009171,87,5777,11242,501,482
"CD8","GO_BP","GOBP_HOST_MEDIATED_SUPPRESSION_OF_VIRAL_GENOME_REPLICATION","up",1.9846002,0.00471310089,0.00421896363,9,5777,11242,501,482
"CD8","GO_BP","GOBP_REGULATION_OF_ORGANELLE_ASSEMBLY","up",1.66632935,0.00478867456,0.0043009504,209,5777,11242,501,482
"CD8","GO_BP","GOBP_ACTIN_FILAMENT_BASED_MOVEMENT","up",1.89435853,0.00511981618,0.00460053651,62,5777,11242,501,482
"CD8","GO_BP","GOBP_IMPORT_ACROSS_PLASMA_MEMBRANE","up",1.79743729,0.00527842842,0.00473194513,101,5777,11242,501,482
"CD8","GO_BP","GOBP_NUCLEOSIDE_PHOSPHATE_CATABOLIC_PROCESS","up",1.73829729,0.00531021409,0.00477605118,138,5777,11242,501,482
"CD8","GO_BP","GOBP_POSITIVE_REGULATION_OF_ORGANELLE_ASSEMBLY","up",1.9061647,0.00536782484,0.00484355919,74,5777,11242,501,482
"CD8","GO_BP","GOBP_NEGATIVE_REGULATION_OF_MITOTIC_CELL_CYCLE","up",1.69396433,0.00554087694,0.00501581767,201,5777,11242,501,482
"CD8","GO_BP","GOBP_PERIPHERAL_NERVOUS_SYSTEM_DEVELOPMENT","up",1.92289767,0.00561389666,0.00510671593,49,5777,11242,501,482
"CD8","GO_BP","GOBP_POSITIVE_REGULATION_OF_CELL_SUBSTRATE_ADHESION","up",1.89992101,0.00561389666,0.00510671593,72,5777,11242,501,482
"CD8","GO_BP","GOBP_SYMBIONT_ENTRY_INTO_HOST","up",1.81187375,0.00562108158,0.00512275279,91,5777,11242,501,482
"CD8","GO_BP","GOBP_REGULATION_OF_MICROTUBULE_POLYMERIZATION_OR_DEPOLYMERIZATION","up",1.83213273,0.00566170854,0.00516488697,78,5777,11242,501,482
"CD8","GO_BP","GOBP_POSITIVE_REGULATION_OF_LEUKOCYTE_CELL_CELL_ADHESION","up",1.62697019,0.00566170854,0.00517769046,234,5777,11242,501,482
"CD8","GO_BP","GOBP_LEUKOCYTE_APOPTOTIC_PROCESS","up",1.84659031,0.00577793827,0.00530022309,88,5777,11242,501,482
"CD8","GO_BP","GOBP_TRNA_METABOLIC_PROCESS","down",-1.63638863,0.00596656076,0.00548992878,178,5777,11242,501,482
"CD8","GO_BP","GOBP_NUCLEOSIDE_DIPHOSPHATE_CATABOLIC_PROCESS","up",1.83613849,0.00614476858,0.00567264366,79,5777,11242,501,482
"CD8","GO_BP","GOBP_HOMEOSTASIS_OF_NUMBER_OF_CELLS","up",1.57820134,0.00614476858,0.00567264366,297,5777,11242,501,482
"CD8","GO_BP","GOBP_LYMPHOCYTE_MEDIATED_IMMUNITY","up",1.59466431,0.00631618176,0.00583257413,241,5777,11242,501,482
"CD8","GO_BP","GOBP_SPINDLE_LOCALIZATION","up",1.89737061,0.00638563388,0.005913184,53,5777,11242,501,482
"CD8","GO_BP","GOBP_REGULATION_OF_MICROTUBULE_BASED_PROCESS","up",1.64680653,0.00638563388,0.005913184,204,5777,11242,501,482
"CD8","GO_BP","GOBP_MICROTUBULE_POLYMERIZATION","up",1.8226918,0.006406628,0.00593678643,87,5777,11242,501,482
"CD8","GO_BP","GOBP_REGULATION_OF_NEURON_PROJECTION_DEVELOPMENT","up",1.58717767,0.00655957178,0.00606415511,259,5777,11242,501,482
"CD8","GO_BP","GOBP_GRANULOCYTE_CHEMOTAXIS","up",1.86748838,0.00656694374,0.00610279146,71,5777,11242,501,482
"CD8","GO_BP","GOBP_POSITIVE_REGULATION_OF_PROTEIN_LOCALIZATION_TO_CELL_PERIPHERY","up",1.88898015,0.00656694374,0.00610600035,56,5777,11242,501,482
"CD8","GO_BP","GOBP_REGULATION_OF_NEUROGENESIS","up",1.62768316,0.00663133932,0.00616736366,210,5777,11242,501,482
"CD8","GO_BP","GOBP_STRIATED_MUSCLE_ADAPTATION","up",2.01998497,0.00669496663,0.00626169067,21,5777,11242,501,482
"CD8","GO_BP","GOBP_POSITIVE_REGULATION_OF_PROTEIN_LOCALIZATION_TO_PLASMA_MEMBRANE","up",1.91630346,0.00669496663,0.00626169067,45,5777,11242,501,482
"CD8","GO_BP","GOBP_CALCINEURIN_MEDIATED_SIGNALING","up",1.95248397,0.006744134,0.00628035595,38,5777,11242,501,482
"CD8","GO_BP","GOBP_AMINO_ACID_IMPORT_ACROSS_PLASMA_MEMBRANE","up",1.98941631,0.00691590366,0.00643806634,26,5777,11242,501,482
"CD8","GO_BP","GOBP_NEURON_APOPTOTIC_PROCESS","up",1.65627549,0.00694931724,0.00648707522,194,5777,11242,501,482
"CD8","GO_BP","GOBP_NEGATIVE_REGULATION_OF_CELL_ACTIVATION","up",1.67935347,0.00697919199,0.00655065218,173,5777,11242,501,482
"CD8","GO_BP","GOBP_REGULATION_OF_SMALL_GTPASE_MEDIATED_SIGNAL_TRANSDUCTION","up",1.61322872,0.00697919199,0.00655065218,240,5777,11242,501,482
"CD8","GO_BP","GOBP_REGULATION_OF_PROTEIN_POLYMERIZATION","up",1.72058708,0.00710567618,0.00665582505,146,5777,11242,501,482
"CD8","GO_BP","GOBP_BASE_CONVERSION_OR_SUBSTITUTION_EDITING","up",1.99738081,0.0072912693,0.00679667804,12,5777,11242,501,482
"CD8","GO_BP","GOBP_ACTOMYOSIN_CONTRACTILE_RING_ORGANIZATION","up",1.95297085,0.0075894651,0.00695475398,10,5777,11242,501,482
"CD8","GO_BP","GOBP_DNA_REPLICATION","up",1.56216008,0.00761893854,0.00698344881,280,5777,11242,501,482
"CD8","GO_BP","GOBP_NEGATIVE_REGULATION_OF_CELLULAR_RESPONSE_TO_GROWTH_FACTOR_STIMULUS","up",1.85740938,0.00765556662,0.00703799128,53,5777,11242,501,482
"CD8","GO_BP","GOBP_RIBONUCLEOTIDE_CATABOLIC_PROCESS","up",1.77563417,0.00765556662,0.00703799128,101,5777,11242,501,482
"CD8","GO_BP","GOBP_REGULATION_OF_TYPE_2_IMMUNE_RESPONSE","up",1.98531252,0.00773339954,0.00712081405,24,5777,11242,501,482
"CD8","GO_BP","GOBP_MUSCLE_HYPERTROPHY_IN_RESPONSE_TO_STRESS","up",1.9865027,0.00773339954,0.00713042552,16,5777,11242,501,482
"CD8","GO_BP","GOBP_MITOTIC_CYTOKINETIC_PROCESS","up",1.96736006,0.00775566953,0.00716982257,36,5777,11242,501,482
"CD8","GO_BP","GOBP_COLLAGEN_BIOSYNTHETIC_PROCESS","up",1.95777901,0.00783130647,0.0072591748,29,5777,11242,501,482
"CD8","GO_BP","GOBP_REGULATION_OF_OSSIFICATION","up",1.84472132,0.00783130647,0.00727757074,62,5777,11242,501,482
"CD8","GO_BP","GOBP_T_CELL_RECEPTOR_SIGNALING_PATHWAY","up",1.7190432,0.00805422718,0.007468812,135,5777,11242,501,482
"CD8","GO_BP","GOBP_FOREBRAIN_CELL_MIGRATION","up",1.9471379,0.00811764045,0.00754698205,34,5777,11242,501,482
"CD8","GO_BP","GOBP_GRANULOCYTE_MIGRATION","up",1.7778744,0.0083433987,0.00770467502,87,5777,11242,501,482
"CD8","GO_BP","GOBP_MEMBRANE_FUSION","up",1.69194907,0.00839380105,0.00771022739,130,5777,11242,501,482
"CD8","GO_BP","GOBP_POSITIVE_REGULATION_OF_ESTABLISHMENT_OF_PROTEIN_LOCALIZATION","up",1.5890404,0.0085635713,0.00784015622,224,5777,11242,501,482
"CD8","GO_BP","GOBP_VASCULAR_TRANSPORT","up",1.90782548,0.0085635713,0.00785996979,48,5777,11242,501,482
"CD8","GO_BP","GOBP_RESPONSE_TO_ACTIVITY","up",1.84726529,0.00909397872,0.0082558809,49,5777,11242,501,482
"CD8","GO_BP","GOBP_REGULATION_OF_CELL_MORPHOGENESIS","up",1.66087741,0.0091862167,0.00832383838,164,5777,11242,501,482
"CD8","GO_BP","GOBP_POSITIVE_REGULATION_OF_PROTEIN_MODIFICATION_PROCESS","up",1.56098634,0.00930592461,0.00843499825,273,5777,11242,501,482
"CD8","GO_BP","GOBP_REGULATION_OF_ACTIN_FILAMENT_ORGANIZATION","up",1.64463892,0.00938750472,0.00851441443,173,5777,11242,501,482
"CD8","GO_BP","GOBP_REGULATION_OF_AUTOPHAGY","up",1.52751573,0.00938750472,0.00851441443,319,5777,11242,501,482
"CD8","GO_BP","GOBP_REGULATION_OF_SISTER_CHROMATID_SEGREGATION","up",1.73525407,0.00947797285,0.00860753238,105,5777,11242,501,482
"CD8","GO_BP","GOBP_CORTICAL_ACTIN_CYTOSKELETON_ORGANIZATION","up",1.94095667,0.00951462973,0.00864980076,34,5777,11242,501,482
"CD8","GO_BP","GOBP_NEGATIVE_REGULATION_OF_LYMPHOCYTE_ACTIVATION","up",1.68282145,0.0095151036,0.00865698192,141,5777,11242,501,482
"CD8","GO_BP","GOBP_PROTEIN_LOCALIZATION_TO_MEMBRANE","up",1.52857522,0.0095901008,0.00872782719,309,5777,11242,501,482
"CD8","GO_BP","GOBP_AMEBOIDAL_TYPE_CELL_MIGRATION","up",1.67662573,0.0097891455,0.00891161825,145,5777,11242,501,482
"CD8","GO_BP","GOBP_REGULATION_OF_NERVOUS_SYSTEM_DEVELOPMENT","up",1.57788118,0.00984508566,0.00896517919,241,5777,11242,501,482
"CD8","GO_BP","GOBP_REGULATION_OF_TRANSLATION","down",-1.52525741,0.0100043053,0.00907421017,312,5777,11242,501,482
"CD8","GO_BP","GOBP_ENDONUCLEOLYTIC_CLEAVAGE_OF_TRICISTRONIC_RRNA_TRANSCRIPT_SSU_RRNA_5_8S_RRNA_LSU_RRNA","down",-2.02224065,0.0101399595,0.00921952547,23,5777,11242,501,482
"CD8","GO_BP","GOBP_VENTRICULAR_CARDIAC_MUSCLE_CELL_DEVELOPMENT","up",1.84494717,0.0102251511,0.00931934906,6,5777,11242,501,482
"CD8","GO_BP","GOBP_LIPID_LOCALIZATION","up",1.55331721,0.010615693,0.0095852938,263,5777,11242,501,482
"CD8","GO_BP","GOBP_AMELOGENESIS","up",1.93385148,0.0107243425,0.00966821612,11,5777,11242,501,482
"CD8","GO_BP","GOBP_POSITIVE_REGULATION_OF_PHOSPHORYLATION","up",1.62447777,0.0107463213,0.00968160331,172,5777,11242,501,482
"CD8","GO_BP","GOBP_NEGATIVE_REGULATION_OF_MITOTIC_CELL_CYCLE_PHASE_TRANSITION","up",1.64430017,0.0107626125,0.00971937626,164,5777,11242,501,482
"CD8","GO_BP","GOBP_NEGATIVE_REGULATION_OF_CD4_POSITIVE_ALPHA_BETA_T_CELL_ACTIVATION","up",1.97158763,0.0110048103,0.00990075103,28,5777,11242,501,482
"CD8","GO_BP","GOBP_MEIOTIC_CELL_CYCLE","up",1.5917722,0.0110470774,0.00996227108,211,5777,11242,501,482
"CD8","GO_BP","GOBP_POSITIVE_REGULATION_OF_COLLAGEN_METABOLIC_PROCESS","up",1.96557911,0.0111478494,0.010048742,10,5777,11242,501,482
"CD8","GO_BP","GOBP_EPITHELIAL_TUBE_MORPHOGENESIS","up",1.61746578,0.0111478494,0.010048742,185,5777,11242,501,482
"CD8","GO_BP","GOBP_VESICLE_CYTOSKELETAL_TRAFFICKING","up",1.85800309,0.0112077575,0.0100923429,43,5777,11242,501,482
"CD8","GO_BP","GOBP_MEMBRANE_RAFT_ORGANIZATION","up",1.94185592,0.0112589328,0.0101458561,22,5777,11242,501,482
"CD8","GO_BP","GOBP_MEIOTIC_SPINDLE_ASSEMBLY","up",1.96851006,0.0112592862,0.0101696095,13,5777,11242,501,482
"CD8","GO_BP","GOBP_OSSIFICATION","up",1.5698641,0.0113481325,0.0102529994,227,5777,11242,501,482
"CD8","GO_BP","GOBP_REGULATION_OF_PROTEOLYSIS","up",1.50947522,0.0117790986,0.0106246143,319,5777,11242,501,482
"CD8","GO_BP","GOBP_SINGLE_STRANDED_VIRAL_RNA_REPLICATION_VIA_DOUBLE_STRANDED_DNA_INTERMEDIATE","up",1.95901708,0.0117830263,0.0106523727,12,5777,11242,501,482
"CD8","GO_BP","GOBP_REGULATION_OF_SUBSTRATE_ADHESION_DEPENDENT_CELL_SPREADING","up",1.92978178,0.011919151,0.0107786583,40,5777,11242,501,482
"CD8","GO_BP","GOBP_REGULATION_OF_GTPASE_ACTIVITY","up",1.7366375,0.0120136776,0.0108811172,91,5777,11242,501,482
"CD8","GO_BP","GOBP_BIOMINERAL_TISSUE_DEVELOPMENT","up",1.73851699,0.0120136776,0.0108871457,89,5777,11242,501,482
"CD8","GO_BP","GOBP_POSITIVE_REGULATION_OF_TELOMERE_MAINTENANCE_VIA_TELOMERE_LENGTHENING","down",-1.99500323,0.0120136776,0.0108948486,26,5777,11242,501,482
"CD8","GO_BP","GOBP_REGULATION_OF_EXTENT_OF_CELL_GROWTH","up",1.80946525,0.0120349759,0.0109383994,58,5777,11242,501,482
"CD8","GO_BP","GOBP_POSITIVE_REGULATION_OF_INSULIN_SECRETION_INVOLVED_IN_CELLULAR_RESPONSE_TO_GLUCOSE_STIMULUS","up",1.93861348,0.0121160261,0.0110179504,20,5777,11242,501,482
"CD8","GO_BP","GOBP_REGULATION_OF_MONOATOMIC_ION_TRANSPORT","up",1.59225743,0.0121160261,0.0110392693,200,5777,11242,501,482
"CD8","GO_BP","GOBP_CEREBRAL_CORTEX_RADIALLY_ORIENTED_CELL_MIGRATION","up",1.92572534,0.0123521709,0.0112143122,22,5777,11242,501,482
"CD8","GO_BP","GOBP_REGULATION_OF_MYELOID_CELL_APOPTOTIC_PROCESS","up",1.93550926,0.012383589,0.011245908,20,5777,11242,501,482
"CD8","GO_BP","GOBP_DNA_MODIFICATION","up",1.91259177,0.012491994,0.011369002,27,5777,11242,501,482
"CD8","GO_BP","GOBP_PURINE_CONTAINING_COMPOUND_CATABOLIC_PROCESS","up",1.68033477,0.0127317966,0.0115465433,118,5777,11242,501,482
"CD8","GO_BP","GOBP_FIBROBLAST_MIGRATION","up",1.86992089,0.0127884497,0.0116229474,40,5777,11242,501,482
"CD8","GO_BP","GOBP_TRNA_TRANSPORT","down",-1.83089097,0.0128219378,0.0116783797,5,5777,11242,501,482
"CD8","GO_BP","GOBP_DEFENSE_RESPONSE_TO_VIRUS","up",1.53842706,0.0129695825,0.011815877,260,5777,11242,501,482
"CD8","GO_BP","GOBP_ERBB_SIGNALING_PATHWAY","up",1.72213856,0.0130987593,0.0119589023,97,5777,11242,501,482
"CD8","GO_BP","GOBP_REGULATION_OF_ENDOCYTOSIS","up",1.57629557,0.0132729224,0.012098347,203,5777,11242,501,482
"CD8","GO_BP","GOBP_POSITIVE_REGULATION_OF_INTERLEUKIN_8_PRODUCTION","up",1.87345429,0.0133298164,0.0122012785,38,5777,11242,501,482
"CD8","GO_BP","GOBP_CELLULAR_RESPONSE_TO_PEPTIDE_HORMONE_STIMULUS","up",1.56181846,0.0133298164,0.0122012785,224,5777,11242,501,482
"CD8","GO_BP","GOBP_REGULATION_OF_PROTEIN_LOCALIZATION_TO_MEMBRANE","up",1.68984875,0.0134007944,0.0122769191,114,5777,11242,501,482
"CD8","GO_BP","GOBP_POSITIVE_REGULATION_OF_HEMOPOIESIS","up",1.68288276,0.0135469978,0.0124058161,162,5777,11242,501,482
"CD8","GO_BP","GOBP_MITOTIC_METAPHASE_CHROMOSOME_ALIGNMENT","up",1.7941828,0.0141119953,0.0128790017,63,5777,11242,501,482
"CD8","GO_BP","GOBP_MITOCHONDRIAL_GENE_EXPRESSION","down",-1.60446018,0.0141574816,0.0129236216,156,5777,11242,501,482
"CD8","GO_BP","GOBP_REGULATION_OF_EXTRINSIC_APOPTOTIC_SIGNALING_PATHWAY","up",1.67974468,0.0141855059,0.0129758019,116,5777,11242,501,482
"CD8","GO_BP","GOBP_NUCLEUS_LOCALIZATION","up",1.9070096,0.0141924445,0.0130086637,26,5777,11242,501,482
"CD8","GO_BP","GOBP_INTRINSIC_APOPTOTIC_SIGNALING_PATHWAY_IN_RESPONSE_TO_DNA_DAMAGE_BY_P53_CLASS_MEDIATOR","up",1.81985436,0.0146005703,0.0134099269,46,5777,11242,501,482
"CD8","GO_BP","GOBP_POSITIVE_REGULATION_OF_RAS_PROTEIN_SIGNAL_TRANSDUCTION","up",1.92866246,0.0148803988,0.0136452747,16,5777,11242,501,482
"CD8","GO_BP","GOBP_NEGATIVE_REGULATION_OF_LOCOMOTION","up",1.57646983,0.0148835477,0.0136873403,201,5777,11242,501,482
"CD8","GO_BP","GOBP_NEGATIVE_REGULATION_OF_SECRETION","up",1.71504222,0.0148835477,0.0136899784,91,5777,11242,501,482
"CD8","GO_BP","GOBP_MICROTUBULE_BASED_TRANSPORT","up",1.60211402,0.0148835477,0.0136899784,168,5777,11242,501,482
"CD8","GO_BP","GOBP_ATTACHMENT_OF_SPINDLE_MICROTUBULES_TO_KINETOCHORE","up",1.81871914,0.0149681309,0.0137865026,50,5777,11242,501,482
"CD8","GO_BP","GOBP_POSITIVE_REGULATION_OF_CELL_ACTIVATION","up",1.50190385,0.0153367658,0.0141038543,303,5777,11242,501,482
"CD8","GO_BP","GOBP_MEIOTIC_SPINDLE_ORGANIZATION","up",1.91899062,0.015471785,0.0141729256,20,5777,11242,501,482
"CD8","GO_BP","GOBP_REGULATION_OF_CYTOKINESIS","up",1.75129596,0.0155358594,0.0142457605,76,5777,11242,501,482
"CD8","GO_BP","GOBP_ATP_METABOLIC_PROCESS","up",1.6004115,0.0155358594,0.0142457605,166,5777,11242,501,482
"CD8","GO_BP","GOBP_CELLULAR_RESPONSE_TO_INSULIN_STIMULUS","up",1.62868695,0.0156113828,0.0143429995,154,5777,11242,501,482
"CD8","GO_BP","GOBP_T_CELL_CHEMOTAXIS","up",1.91262965,0.0159773404,0.0146270209,20,5777,11242,501,482
"CD8","GO_BP","GOBP_POSITIVE_REGULATION_OF_TRANSMEMBRANE_TRANSPORT","up",1.70826762,0.0159773404,0.0146270209,96,5777,11242,501,482
"CD8","GO_BP","GOBP_T_CELL_DIFFERENTIATION","up",1.51359663,0.0161784043,0.014795313,288,5777,11242,501,482
"CD8","GO_BP","GOBP_REGULATION_OF_DENDRITIC_CELL_ANTIGEN_PROCESSING_AND_PRESENTATION","up",1.89082034,0.0161784043,0.0147997277,9,5777,11242,501,482
"CD8","GO_BP","GOBP_NEGATIVE_REGULATION_OF_B_CELL_MEDIATED_IMMUNITY","down",-1.94659658,0.0166597187,0.0152145003,10,5777,11242,501,482
"CD8","GO_BP","GOBP_MITOTIC_CHROMOSOME_CONDENSATION","up",1.91659993,0.0166597187,0.0152145003,16,5777,11242,501,482
"CD8","GO_BP","GOBP_CARDIAC_MUSCLE_TISSUE_DEVELOPMENT","up",1.66345025,0.0166597187,0.0152145003,116,5777,11242,501,482
"CD8","GO_BP","GOBP_CLEARANCE_OF_FOREIGN_INTRACELLULAR_NUCLEIC_ACIDS","up",1.81941925,0.0166597187,0.0152274309,6,5777,11242,501,482
"CD8","GO_BP","GOBP_NEGATIVE_REGULATION_OF_LYMPHOCYTE_DIFFERENTIATION","up",1.79451636,0.0171131993,0.0155410087,55,5777,11242,501,482
"CD8","GO_BP","GOBP_CEREBRAL_CORTEX_CELL_MIGRATION","up",1.87706515,0.0171564832,0.0156099435,29,5777,11242,501,482
"CD8","GO_BP","GOBP_RRNA_METHYLATION","down",-1.95197746,0.0172730717,0.0156543342,21,5777,11242,501,482
"CD8","GO_BP","GOBP_ADAPTIVE_IMMUNE_RESPONSE_BASED_ON_SOMATIC_RECOMBINATION_OF_IMMUNE_RECEPTORS_BUILT_FROM_IMMUNOGLOBULIN_SUPERFAMILY_DOMAINS","up",1.5085458,0.0172730717,0.0156543342,266,5777,11242,501,482
"CD8","GO_BP","GOBP_REGULATION_OF_AXON_EXTENSION","up",1.8086071,0.01735741,0.0157516909,50,5777,11242,501,482
"CD8","GO_BP","GOBP_NUCLEOSIDE_TRIPHOSPHATE_METABOLIC_PROCESS","up",1.55547718,0.0174289679,0.0158113898,208,5777,11242,501,482
"CD8","GO_BP","GOBP_CALCIUM_ION_TRANSMEMBRANE_TRANSPORT","up",1.58572432,0.0174784834,0.0158431897,173,5777,11242,501,482
"CD8","GO_BP","GOBP_REGULATION_OF_PROTEIN_TRANSPORT","up",1.50211602,0.0176196155,0.0160009004,291,5777,11242,501,482
"CD8","GO_BP","GOBP_CALCIUM_ION_TRANSPORT","up",1.55146607,0.0176684574,0.0160712769,221,5777,11242,501,482
"CD8","GO_BP","GOBP_POSITIVE_REGULATION_OF_SIGNAL_TRANSDUCTION_BY_P53_CLASS_MEDIATOR","down",-1.91348528,0.0180134908,0.016339744,31,5777,11242,501,482
"CD8","GO_BP","GOBP_REGULATION_OF_MONOATOMIC_ION_TRANSMEMBRANE_TRANSPORT","up",1.62003185,0.0182791078,0.0165579345,143,5777,11242,501,482
"CD8","GO_BP","GOBP_CELL_ADHESION_INVOLVED_IN_HEART_MORPHOGENESIS","up",1.76142815,0.0183681612,0.0166324903,5,5777,11242,501,482
"CD8","GO_BP","GOBP_NEGATIVE_REGULATION_OF_RESPONSE_TO_EXTERNAL_STIMULUS","up",1.50336138,0.0185059921,0.0167118924,279,5777,11242,501,482
"CD8","GO_BP","GOBP_CYTOPLASMIC_MICROTUBULE_ORGANIZATION","up",1.76701275,0.0190554978,0.0171642733,62,5777,11242,501,482
"CD8","GO_BP","GOBP_LEUKOCYTE_CHEMOTAXIS","up",1.61013929,0.0193248864,0.0173481184,150,5777,11242,501,482
"CD8","GO_BP","GOBP_CELL_CHEMOTAXIS","up",1.55794018,0.0198938918,0.0178816992,198,5777,11242,501,482
"CD8","GO_BP","GOBP_EXOCYTOSIS","up",1.51817085,0.0198938918,0.0178816992,249,5777,11242,501,482
"CD8","GO_BP","GOBP_NEGATIVE_REGULATION_OF_CELL_PROJECTION_ORGANIZATION","up",1.6830644,0.0198938918,0.0179094556,105,5777,11242,501,482
"CD8","GO_BP","GOBP_AXON_EXTENSION","up",1.75732081,0.0201199885,0.0181501583,66,5777,11242,501,482
"CD8","GO_BP","GOBP_T_CELL_ACTIVATION_INVOLVED_IN_IMMUNE_RESPONSE","up",1.63540793,0.0201199885,0.0181501583,122,5777,11242,501,482
"CD8","GO_BP","GOBP_REGULATION_OF_T_CELL_RECEPTOR_SIGNALING_PATHWAY","up",1.76892611,0.0202718169,0.0182641566,58,5777,11242,501,482
"CD8","GO_BP","GOBP_REGULATION_OF_PLASMA_MEMBRANE_REPAIR","up",1.80797442,0.0204697139,0.0183717241,6,5777,11242,501,482
"CD8","GO_BP","GOBP_REGULATION_OF_CELL_SUBSTRATE_JUNCTION_ORGANIZATION","up",1.78255752,0.0205877273,0.0185368979,52,5777,11242,501,482
"CD8","GO_BP","GOBP_CELLULAR_RESPONSE_TO_ABIOTIC_STIMULUS","up",1.52752407,0.0205877273,0.018560642,237,5777,11242,501,482
"CD8","GO_BP","GOBP_REGULATION_OF_BIOMINERAL_TISSUE_DEVELOPMENT","up",1.78714159,0.0205877273,0.0185987643,49,5777,11242,501,482
"CD8","GO_BP","GOBP_T_CELL_PROLIFERATION","up",1.56947821,0.0205877273,0.0185987643,169,5777,11242,501,482
"CD8","GO_BP","GOBP_NEUROTRANSMITTER_TRANSPORT","up",1.65119895,0.0206651887,0.0186731076,110,5777,11242,501,482
"CD8","GO_BP","GOBP_ANTIVIRAL_INNATE_IMMUNE_RESPONSE","up",1.75684128,0.0208537428,0.018880694,62,5777,11242,501,482
"CD8","GO_BP","GOBP_POSITIVE_REGULATION_OF_ERK1_AND_ERK2_CASCADE","up",1.68721284,0.0208537428,0.018880694,94,5777,11242,501,482
"CD8","GO_BP","GOBP_POSITIVE_REGULATION_OF_MYELOID_CELL_DIFFERENTIATION","up",1.71204928,0.0208806106,0.0189377927,78,5777,11242,501,482
"CD8","GO_BP","GOBP_MODULATION_OF_PROCESS_OF_ANOTHER_ORGANISM","up",1.69701751,0.02089375,0.0189824044,88,5777,11242,501,482
"CD8","GO_BP","GOBP_RESPONSE_TO_THYROID_HORMONE","up",1.87010049,0.0214433596,0.0194318358,11,5777,11242,501,482
"CD8","GO_BP","GOBP_POSITIVE_REGULATION_OF_CHROMOSOME_SEGREGATION","up",1.84497058,0.0214433596,0.0194318358,29,5777,11242,501,482
"CD8","GO_BP","GOBP_PHOSPHOLIPID_TRANSPORT","up",1.71042421,0.0215508758,0.0195626622,76,5777,11242,501,482
"CD8","GO_BP","GOBP_RRNA_MODIFICATION","down",-1.8813907,0.021933588,0.0199224048,32,5777,11242,501,482
"CD8","GO_BP","GOBP_ORGANELLE_MEMBRANE_FUSION","up",1.66865491,0.021933588,0.0199492553,101,5777,11242,501,482
"CD8","GO_BP","GOBP_PYRUVATE_METABOLIC_PROCESS","up",1.67059333,0.021933588,0.0199522226,97,5777,11242,501,482
"CD8","GO_BP","GOBP_POSITIVE_REGULATION_OF_CHROMOSOME_SEPARATION","up",1.84006221,0.0219517535,0.0200023501,31,5777,11242,501,482
"CD8","GO_BP","GOBP_NATURAL_KILLER_CELL_CHEMOTAXIS","up",1.85637963,0.0219854775,0.0200666346,9,5777,11242,501,482
"CD8","GO_BP","GOBP_POSITIVE_REGULATION_OF_STRESS_FIBER_ASSEMBLY","up",1.8327537,0.0221531169,0.0201673477,37,5777,11242,501,482
"CD8","GO_BP","GOBP_REGULATION_OF_CALCIUM_ION_TRANSPORT","up",1.61914462,0.0222158963,0.020255097,127,5777,11242,501,482
"CD8","GO_BP","GOBP_ESTABLISHMENT_OF_SPINDLE_ORIENTATION","up",1.83177418,0.0223166678,0.0203807186,37,5777,11242,501,482
"CD8","GO_BP","GOBP_REGULATION_OF_CELL_SHAPE","up",1.66576636,0.0223923772,0.0204537607,96,5777,11242,501,482
"CD8","GO_BP","GOBP_POSITIVE_REGULATION_OF_DENDRITIC_CELL_DIFFERENTIATION","up",1.80168702,0.0224220694,0.0204847652,6,5777,11242,501,482
"CD8","GO_BP","GOBP_L_GLUTAMATE_IMPORT_ACROSS_PLASMA_MEMBRANE","up",1.8616554,0.0227215467,0.020792413,10,5777,11242,501,482
"CD8","GO_BP","GOBP_REGULATION_OF_PHOSPHORYLATION","up",1.46374819,0.0227503689,0.0208226007,313,5777,11242,501,482
"CD8","GO_BP","GOBP_NEGATIVE_REGULATION_OF_SUPRAMOLECULAR_FIBER_ORGANIZATION","up",1.66012567,0.0227914035,0.0208941058,103,5777,11242,501,482
"CD8","GO_BP","GOBP_OVULATION","down",-1.8653976,0.0229596257,0.0209915511,7,5777,11242,501,482
"CD8","GO_BP","GOBP_REGULATION_OF_MITOTIC_CYTOKINESIS","up",1.8725089,0.023005058,0.0210666802,18,5777,11242,501,482
"CD8","GO_BP","GOBP_IMMUNE_RESPONSE_IN_GUT_ASSOCIATED_LYMPHOID_TISSUE","down",-1.85237504,0.023005058,0.0210709089,6,5777,11242,501,482
"CD8","GO_BP","GOBP_NEGATIVE_REGULATION_OF_ALPHA_BETA_T_CELL_DIFFERENTIATION","up",1.87118048,0.0230348678,0.0210757128,23,5777,11242,501,482
"CD8","GO_BP","GOBP_NEGATIVE_REGULATION_OF_MYELOID_CELL_APOPTOTIC_PROCESS","up",1.86408581,0.0230348678,0.0210757128,11,5777,11242,501,482
"CD8","GO_BP","GOBP_RNA_SPLICING_VIA_TRANSESTERIFICATION_REACTIONS","down",-1.42093894,0.0231038576,0.0211726237,294,5777,11242,501,482
"CD8","GO_BP","GOBP_POSITIVE_REGULATION_OF_AUTOPHAGY","up",1.60421284,0.0231609831,0.0212587505,140,5777,11242,501,482
"CD8","GO_BP","GOBP_POSITIVE_REGULATION_OF_BINDING","up",1.84046183,0.0232673235,0.0213867874,28,5777,11242,501,482
"CD8","GO_BP","GOBP_REGULATION_OF_CALCINEURIN_MEDIATED_SIGNALING","up",1.83935323,0.0232673235,0.0213867874,28,5777,11242,501,482
"CD8","GO_BP","GOBP_POSITIVE_REGULATION_OF_SECRETION","up",1.55887167,0.0232673235,0.0214112612,175,5777,11242,501,482
"CD8","GO_BP","GOBP_MYELOID_LEUKOCYTE_ACTIVATION","up",1.55214945,0.0232673235,0.0214407272,184,5777,11242,501,482
"CD8","GO_BP","GOBP_RIBOSOMAL_LARGE_SUBUNIT_ASSEMBLY","down",-1.90948188,0.0232673235,0.0214674914,22,5777,11242,501,482
"CD8","GO_BP","GOBP_TOOTH_MINERALIZATION","up",1.85413881,0.0232673235,0.0214674914,10,5777,11242,501,482
"CD8","GO_BP","GOBP_REGULATION_OF_CD4_POSITIVE_ALPHA_BETA_T_CELL_DIFFERENTIATION","up",1.76544388,0.0241529394,0.0222569515,52,5777,11242,501,482
"CD8","GO_BP","GOBP_POSITIVE_REGULATION_OF_CATALYTIC_ACTIVITY","up",1.52759169,0.0242582281,0.0223691541,213,5777,11242,501,482
"CD8","GO_BP","GOBP_NEGATIVE_REGULATION_OF_HEMOPOIESIS","up",1.66726441,0.0242582281,0.0223876882,94,5777,11242,501,482
"CD8","GO_BP","GOBP_COGNITION","up",1.54819295,0.025402335,0.0232632065,175,5777,11242,501,482
"CD8","GO_BP","GOBP_REGULATION_OF_LYMPHOCYTE_DIFFERENTIATION","up",1.54024311,0.0253992311,0.0232632065,192,5777,11242,501,482
"CD8","GO_BP","GOBP_RESPONSE_TO_INSULIN","up",1.53551986,0.0254851395,0.0233104825,193,5777,11242,501,482
"CD8","GO_BP","GOBP_CHROMOSOME_CONDENSATION","up",1.82576525,0.0255920408,0.0234394384,29,5777,11242,501,482
"CD8","GO_BP","GOBP_VASCULAR_PROCESS_IN_CIRCULATORY_SYSTEM","up",1.59731022,0.0257027811,0.0235495882,128,5777,11242,501,482
"CD8","GO_BP","GOBP_POSITIVE_REGULATION_OF_PLASMINOGEN_ACTIVATION","up",1.78821944,0.0257811485,0.0236466253,6,5777,11242,501,482
"CD8","GO_BP","GOBP_REGULATION_OF_PROTEIN_SECRETION","up",1.57007409,0.0258807033,0.0237969717,154,5777,11242,501,482
"CD8","GO_BP","GOBP_REGULATION_OF_APOPTOTIC_SIGNALING_PATHWAY","up",1.47194295,0.0258807033,0.0237969717,284,5777,11242,501,482
"CD8","GO_BP","GOBP_VESICLE_MEDIATED_TRANSPORT_IN_SYNAPSE","up",1.56368382,0.0258807033,0.0238243191,161,5777,11242,501,482
"CD8","GO_BP","GOBP_BLOOD_VESSEL_ENDOTHELIAL_CELL_MIGRATION","up",1.68233462,0.0260584665,0.0239624695,80,5777,11242,501,482
"CD8","GO_BP","GOBP_POSITIVE_REGULATION_OF_BIOMINERAL_TISSUE_DEVELOPMENT","up",1.83731624,0.0265113504,0.0244160119,26,5777,11242,501,482
"CD8","GO_BP","GOBP_MICROTUBULE_NUCLEATION","up",1.75150472,0.0265113504,0.0244160119,50,5777,11242,501,482
"CD8","GO_BP","GOBP_REGULATION_OF_DNA_REPLICATION","up",1.63274988,0.0267376436,0.0246363402,106,5777,11242,501,482
"CD8","GO_BP","GOBP_LEUKOCYTE_HOMEOSTASIS","up",1.6327497,0.0267376436,0.0246363402,106,5777,11242,501,482
"CD8","GO_BP","GOBP_PEROXISOME_PROLIFERATOR_ACTIVATED_RECEPTOR_SIGNALING_PATHWAY","up",1.84775999,0.0267376436,0.0247044974,21,5777,11242,501,482
"CD8","GO_BP","GOBP_REGULATION_OF_PROTEIN_LOCALIZATION_TO_CELL_PERIPHERY","up",1.62447247,0.0267376436,0.0247044974,111,5777,11242,501,482
"CD8","GO_BP","GOBP_REGULATION_OF_CELLULAR_COMPONENT_SIZE","up",1.49663405,0.0268374199,0.0248123815,232,5777,11242,501,482
"CD8","GO_BP","GOBP_GLUCOSE_CATABOLIC_PROCESS","up",1.84746689,0.0268374199,0.0248328058,21,5777,11242,501,482
"CD8","GO_BP","GOBP_INHIBITORY_SYNAPSE_ASSEMBLY","up",1.81223594,0.0268374199,0.0248397603,8,5777,11242,501,482
"CD8","GO_BP","GOBP_POSITIVE_REGULATION_OF_ENDOCYTOSIS","up",1.63509683,0.0268477784,0.0248853954,104,5777,11242,501,482
"CD8","GO_BP","GOBP_REGULATION_OF_MITOTIC_NUCLEAR_DIVISION","up",1.6466988,0.026903428,0.0249613039,98,5777,11242,501,482
"CD8","GO_BP","GOBP_LEUKOCYTE_MIGRATION","up",1.48196776,0.0269931421,0.0249613039,258,5777,11242,501,482
"CD8","GO_BP","GOBP_CARBOHYDRATE_CATABOLIC_PROCESS","up",1.59667751,0.027008806,0.0250117512,131,5777,11242,501,482
"CD8","GO_BP","GOBP_INTRACILIARY_TRANSPORT","up",1.79179784,0.027046544,0.0250826176,40,5777,11242,501,482
"CD8","GO_BP","GOBP_PINOCYTOSIS","up",1.85288091,0.0272872862,0.0253420232,17,5777,11242,501,482
"CD8","GO_BP","GOBP_CALCIUM_ION_HOMEOSTASIS","up",1.5427507,0.0274413769,0.0255164395,171,5777,11242,501,482
"CD8","GO_BP","GOBP_REGULATION_OF_HUMORAL_IMMUNE_RESPONSE_MEDIATED_BY_CIRCULATING_IMMUNOGLOBULIN","down",-1.88829334,0.0274413769,0.0255244374,10,5777,11242,501,482
"CD8","GO_BP","GOBP_CELLULAR_COMPONENT_DISASSEMBLY","up",1.44246997,0.0275290896,0.0256090711,345,5777,11242,501,482
"CD8","GO_BP","GOBP_T_CELL_HOMEOSTASIS","up",1.75023215,0.0276850232,0.0257904139,53,5777,11242,501,482
"CD8","GO_BP","GOBP_REGULATION_OF_CD4_POSITIVE_ALPHA_BETA_T_CELL_ACTIVATION","up",1.71828756,0.0276952854,0.0258361785,64,5777,11242,501,482
"CD8","GO_BP","GOBP_NEGATIVE_REGULATION_OF_ALPHA_BETA_T_CELL_ACTIVATION","up",1.78690941,0.0287216128,0.0267278648,39,5777,11242,501,482
"CD8","GO_BP","GOBP_REGULATION_OF_AUTOPHAGY_OF_MITOCHONDRION","up",1.75258684,0.0288595959,0.0268594001,45,5777,11242,501,482
"CD8","GO_BP","GOBP_REGULATION_OF_MACROAUTOPHAGY","up",1.53734743,0.0289038987,0.0269046438,172,5777,11242,501,482
"CD8","GO_BP","GOBP_REGULATION_OF_NATURAL_KILLER_CELL_CHEMOTAXIS","up",1.79365087,0.0291110617,0.0270652704,7,5777,11242,501,482
"CD8","GO_BP","GOBP_POSITIVE_REGULATION_OF_FOCAL_ADHESION_ASSEMBLY","up",1.84727052,0.0291188818,0.027110095,16,5777,11242,501,482
"CD8","GO_BP","GOBP_NEGATIVE_REGULATION_OF_T_CELL_RECEPTOR_SIGNALING_PATHWAY","up",1.78460155,0.0296862971,0.027641522,38,5777,11242,501,482
"CD8","GO_BP","GOBP_CHEMOKINE_PRODUCTION","up",1.7280819,0.0301176577,0.0280109881,58,5777,11242,501,482
"CD8","GO_BP","GOBP_REGULATION_OF_COMPLEMENT_ACTIVATION_CLASSICAL_PATHWAY","down",-1.77518159,0.0306986779,0.0284503792,5,5777,11242,501,482
"CD8","GO_BP","GOBP_NEGATIVE_REGULATION_OF_OSSIFICATION","up",1.83953176,0.0307910411,0.0285722067,20,5777,11242,501,482
"CD8","GO_BP","GOBP_POSITIVE_REGULATION_OF_PROTEOLYSIS","up",1.54815836,0.031409554,0.0291496825,156,5777,11242,501,482
"CD8","GO_BP","GOBP_POSITIVE_REGULATION_OF_VACUOLE_ORGANIZATION","up",1.82630967,0.0315759083,0.0293841238,24,5777,11242,501,482
"CD8","GO_BP","GOBP_LYMPHOCYTE_HOMEOSTASIS","up",1.65865556,0.0315759083,0.0293841238,82,5777,11242,501,482
"CD8","GO_BP","GOBP_SPINDLE_ASSEMBLY_INVOLVED_IN_FEMALE_MEIOSIS","up",1.82583623,0.0319362682,0.0296714249,10,5777,11242,501,482
"CD8","GO_BP","GOBP_RESPONSE_TO_TRANSFORMING_GROWTH_FACTOR_BETA","up",1.51913477,0.0319362682,0.0296893934,183,5777,11242,501,482
"CD8","GO_BP","GOBP_REGULATION_OF_MUSCLE_SYSTEM_PROCESS","up",1.5848699,0.0325842874,0.0301501608,123,5777,11242,501,482
"CD8","GO_BP","GOBP_NEGATIVE_REGULATION_OF_CELL_SUBSTRATE_ADHESION","up",1.77410604,0.0330982248,0.0305922638,37,5777,11242,501,482
"CD8","GO_BP","GOBP_NEGATIVE_REGULATION_OF_CYTOKINE_PRODUCTION","up",1.48997432,0.033069493,0.0305922638,222,5777,11242,501,482
"CD8","GO_BP","GOBP_REGULATION_OF_NUCLEAR_DIVISION","up",1.60391552,0.0335544378,0.0310557438,110,5777,11242,501,482
"CD8","GO_BP","GOBP_REGULATION_OF_INFLAMMATORY_RESPONSE","up",1.44402311,0.0336282416,0.0311279351,290,5777,11242,501,482
"CD8","GO_BP","GOBP_ENAMEL_MINERALIZATION","up",1.79170909,0.033949276,0.0313909059,8,5777,11242,501,482
"CD8","GO_BP","GOBP_POSITIVE_REGULATION_OF_MONOATOMIC_ION_TRANSMEMBRANE_TRANSPORT","up",1.70605795,0.034092121,0.0316346974,60,5777,11242,501,482
"CD8","GO_BP","GOBP_POSITIVE_REGULATION_OF_SPINDLE_CHECKPOINT","up",1.82673631,0.034092121,0.0316909908,19,5777,11242,501,482
"CD8","GO_BP","GOBP_MEIOTIC_CHROMOSOME_SEGREGATION","up",1.70235576,0.034092121,0.0316909908,63,5777,11242,501,482
"CD8","GO_BP","GOBP_CELL_SURFACE_RECEPTOR_PROTEIN_SERINE_THREONINE_KINASE_SIGNALING_PATHWAY","up",1.48097637,0.034092121,0.0316909961,229,5777,11242,501,482
"CD8","GO_BP","GOBP_ODONTOGENESIS_OF_DENTIN_CONTAINING_TOOTH","up",1.76390192,0.0345139856,0.0321289159,38,5777,11242,501,482
"CD8","GO_BP","GOBP_NEGATIVE_REGULATION_OF_TRANSFORMING_GROWTH_FACTOR_BETA_RECEPTOR_SIGNALING_PATHWAY","up",1.69068526,0.0345139856,0.0321289159,65,5777,11242,501,482
"CD8","GO_BP","GOBP_REGULATION_OF_AXONOGENESIS","up",1.64118218,0.0345192851,0.0321759146,87,5777,11242,501,482
"CD8","GO_BP","GOBP_HOST_MEDIATED_SUPPRESSION_OF_SYMBIONT_INVASION","up",1.82263252,0.0346262964,0.0322404407,16,5777,11242,501,482
"CD8","GO_BP","GOBP_REGULATION_OF_MITOCHONDRION_ORGANIZATION","up",1.61972713,0.0347902413,0.0323965682,97,5777,11242,501,482
"CD8","GO_BP","GOBP_REGULATION_OF_VASCULATURE_DEVELOPMENT","up",1.5205966,0.0349183733,0.0325630468,174,5777,11242,501,482
"CD8","GO_BP","GOBP_REGULATION_OF_MEMBRANE_POTENTIAL","up",1.50871691,0.0349183733,0.0325630468,191,5777,11242,501,482
"CD8","GO_BP","GOBP_REGULATION_OF_EXOCYTOSIS","up",1.58075473,0.0349183733,0.03260352,122,5777,11242,501,482
"CD8","GO_BP","GOBP_NEGATIVE_REGULATION_OF_ACTIVATED_T_CELL_PROLIFERATION","up",1.83227404,0.0350638179,0.0328041027,13,5777,11242,501,482
"CD8","GO_BP","GOBP_POSITIVE_REGULATION_OF_HYDROLASE_ACTIVITY","up",1.66810435,0.0350638179,0.032826491,73,5777,11242,501,482
"CD8","GO_BP","GOBP_AUTOPHAGY_OF_MITOCHONDRION","up",1.61998749,0.0350638179,0.032826491,102,5777,11242,501,482
"CD8","GO_BP","GOBP_POSITIVE_REGULATION_OF_CALCIUM_ION_TRANSPORT","up",1.7160909,0.0350792207,0.0328686034,53,5777,11242,501,482
"CD8","GO_BP","GOBP_REGULATION_OF_BMP_SIGNALING_PATHWAY","up",1.71920845,0.0350792207,0.0328856756,52,5777,11242,501,482
"CD8","GO_BP","GOBP_VESICLE_TRANSPORT_ALONG_ACTIN_FILAMENT","up",1.71185372,0.0351198511,0.0329030813,5,5777,11242,501,482
"CD8","GO_BP","GOBP_MITOCHONDRIAL_RNA_METABOLIC_PROCESS","down",-1.72123114,0.0357648756,0.033265439,55,5777,11242,501,482
"CD8","GO_BP","GOBP_PERIPHERAL_NERVOUS_SYSTEM_AXON_ENSHEATHMENT","up",1.81720182,0.0358382669,0.0333720033,20,5777,11242,501,482
"CD8","GO_BP","GOBP_RESPONSE_TO_OXYGEN_LEVELS","up",1.4817727,0.0360547879,0.0335771178,225,5777,11242,501,482
"CD8","GO_BP","GOBP_VENTRICULAR_CARDIAC_MUSCLE_CELL_DIFFERENTIATION","up",1.79922308,0.0363124061,0.0338401701,9,5777,11242,501,482
"CD8","GO_BP","GOBP_VIRAL_RNA_GENOME_REPLICATION","up",1.80763835,0.0363124061,0.0338630791,22,5777,11242,501,482
"CD8","GO_BP","GOBP_STRESS_FIBER_ASSEMBLY","up",1.65193429,0.0364595046,0.0339845272,78,5777,11242,501,482
"CD8","GO_BP","GOBP_PROTEIN_LOCALIZATION_TO_CYTOSKELETON","up",1.6952156,0.0364595046,0.0340070358,59,5777,11242,501,482
"CD8","GO_BP","GOBP_MYELOID_LEUKOCYTE_MIGRATION","up",1.55765624,0.0365022615,0.0341313081,138,5777,11242,501,482
"CD8","GO_BP","GOBP_PROTEIN_LOCALIZATION_TO_CELL_PERIPHERY","up",1.45848134,0.0365022615,0.0341653616,256,5777,11242,501,482
"CD8","GO_BP","GOBP_NEGATIVE_REGULATION_OF_T_CELL_MEDIATED_IMMUNE_RESPONSE_TO_TUMOR_CELL","up",1.78185293,0.0365022615,0.0341740171,8,5777,11242,501,482
"CD8","GO_BP","GOBP_ORGANELLE_FUSION","up",1.55927232,0.0369592467,0.034644555,136,5777,11242,501,482
"CD8","GO_BP","GOBP_RHO_PROTEIN_SIGNAL_TRANSDUCTION","up",1.61115298,0.0369674463,0.0346948538,95,5777,11242,501,482
"CD8","GO_BP","GOBP_REGULATION_OF_ADAPTIVE_IMMUNE_RESPONSE","up",1.51229232,0.0372712884,0.0350311807,171,5777,11242,501,482
"CD8","GO_BP","GOBP_NEUROTRANSMITTER_SECRETION","up",1.62845471,0.0372712884,0.0350758548,87,5777,11242,501,482
"CD8","GO_BP","GOBP_REGULATION_OF_CELL_CELL_ADHESION_MEDIATED_BY_CADHERIN","up",1.80909879,0.0372712884,0.0350950928,10,5777,11242,501,482
"CD8","GO_BP","GOBP_REGULATION_OF_MRNA_PROCESSING","down",-1.55038928,0.0372712884,0.0350950928,125,5777,11242,501,482
"CD8","GO_BP","GOBP_CD4_POSITIVE_ALPHA_BETA_T_CELL_ACTIVATION","up",1.56985712,0.0372712884,0.0351135637,123,5777,11242,501,482
"CD8","GO_BP","GOBP_INTERLEUKIN_27_MEDIATED_SIGNALING_PATHWAY","up",1.79535648,0.03786751,0.0356376009,9,5777,11242,501,482
"CD8","GO_BP","GOBP_CELLULAR_RESPONSE_TO_RADIATION","up",1.55619002,0.0378925103,0.035721987,135,5777,11242,501,482
"CD8","GO_BP","GOBP_RECEPTOR_INTERNALIZATION","up",1.62630481,0.0378925103,0.0357469857,87,5777,11242,501,482
"CD8","GO_BP","GOBP_REGULATION_OF_LEUKOCYTE_MIGRATION","up",1.53513609,0.0381267439,0.0359704971,152,5777,11242,501,482
"CD8","GO_BP","GOBP_LEUKOCYTE_PROLIFERATION","up",1.45316968,0.0381505509,0.0360359327,257,5777,11242,501,482
"CD8","GO_BP","GOBP_REGULATION_OF_ATTACHMENT_OF_SPINDLE_MICROTUBULES_TO_KINETOCHORE","up",1.80483806,0.0382014582,0.0361104121,23,5777,11242,501,482
"CD8","GO_BP","GOBP_ACTIN_FILAMENT_SEVERING","up",1.81849424,0.0383028122,0.0362251461,14,5777,11242,501,482
"CD8","GO_BP","GOBP_RESPONSE_TO_TYPE_II_INTERFERON","up",1.58003457,0.0383449184,0.0362960414,112,5777,11242,501,482
"CD8","GO_BP","GOBP_ENDOSOMAL_TRANSPORT","up",1.45599797,0.0388761089,0.036690261,247,5777,11242,501,482
"CD8","GO_BP","GOBP_INTRINSIC_APOPTOTIC_SIGNALING_PATHWAY","up",1.44410471,0.0388935914,0.0367092834,269,5777,11242,501,482
"CD8","GO_BP","GOBP_LYMPHOCYTE_DIFFERENTIATION","up",1.40595997,0.0395719342,0.0373107665,368,5777,11242,501,482
"CD8","GO_BP","GOBP_NEGATIVE_REGULATION_OF_MEMBRANE_PROTEIN_ECTODOMAIN_PROTEOLYSIS","up",1.70393113,0.0397574072,0.0374549516,5,5777,11242,501,482
"CD8","GO_BP","GOBP_PRIMARY_ALCOHOL_CATABOLIC_PROCESS","down",-1.82913516,0.0404405662,0.0380824728,8,5777,11242,501,482
"CD8","GO_BP","GOBP_EXTRACELLULAR_VESICLE_BIOGENESIS","up",1.80139665,0.0404405662,0.0380959364,21,5777,11242,501,482
"CD8","GO_BP","GOBP_NEGATIVE_REGULATION_OF_PROTEIN_POLYMERIZATION","up",1.70599672,0.0410658978,0.0385190413,49,5777,11242,501,482
"CD8","GO_BP","GOBP_REGULATION_OF_TRANSMEMBRANE_RECEPTOR_PROTEIN_SERINE_THREONINE_KINASE_SIGNALING_PATHWAY","up",1.51537237,0.041192133,0.0386826787,162,5777,11242,501,482
"CD8","GO_BP","GOBP_POSITIVE_REGULATION_OF_VIRAL_LIFE_CYCLE","up",1.79829479,0.0425568168,0.0398721193,16,5777,11242,501,482
"CD8","GO_BP","GOBP_REGULATION_OF_MITOTIC_SISTER_CHROMATID_SEGREGATION","up",1.66997412,0.0425568168,0.0398721193,60,5777,11242,501,482
"CD8","GO_BP","GOBP_MEIOTIC_CELL_CYCLE_PROCESS","up",1.52929867,0.0425568168,0.0398721193,147,5777,11242,501,482
"CD8","GO_BP","GOBP_POSITIVE_REGULATION_OF_CELL_SUBSTRATE_JUNCTION_ORGANIZATION","up",1.79114446,0.0426118089,0.0399420849,23,5777,11242,501,482
"CD8","GO_BP","GOBP_ODONTOGENESIS","up",1.68950549,0.0426982747,0.0400399946,53,5777,11242,501,482
"CD8","GO_BP","GOBP_EXTRINSIC_APOPTOTIC_SIGNALING_PATHWAY_VIA_DEATH_DOMAIN_RECEPTORS","up",1.64894418,0.0428176203,0.0402309549,72,5777,11242,501,482
"CD8","GO_BP","GOBP_CELL_SUBSTRATE_JUNCTION_ORGANIZATION","up",1.64275871,0.0428176203,0.0402309549,74,5777,11242,501,482
"CD8","GO_BP","GOBP_NEGATIVE_REGULATION_OF_NITRIC_OXIDE_BIOSYNTHETIC_PROCESS","up",1.80751844,0.043008968,0.0404571358,13,5777,11242,501,482
"CD8","GO_BP","GOBP_CELLULAR_RESPONSE_TO_LIPOPROTEIN_PARTICLE_STIMULUS","up",1.74826926,0.0430295893,0.0405412242,32,5777,11242,501,482
"CD8","GO_BP","GOBP_LEARNING_OR_MEMORY","up",1.52650745,0.0430295893,0.0405412242,148,5777,11242,501,482
"CD8","GO_BP","GOBP_POSITIVE_REGULATION_OF_GTPASE_ACTIVITY","up",1.66716504,0.043250512,0.0407801415,61,5777,11242,501,482
"CD8","GO_BP","GOBP_SUBSTANTIA_NIGRA_DEVELOPMENT","up",1.75068748,0.0432966996,0.040869993,31,5777,11242,501,482
"CD8","GO_BP","GOBP_MICROTUBULE_ORGANIZING_CENTER_LOCALIZATION","up",1.76961317,0.0437415311,0.0412372477,26,5777,11242,501,482
"CD8","GO_BP","GOBP_NEGATIVE_REGULATION_OF_PHOSPHORUS_METABOLIC_PROCESS","up",1.55458509,0.0440901421,0.0415362149,124,5777,11242,501,482
"CD8","GO_BP","GOBP_POSITIVE_REGULATION_OF_MITOTIC_CYTOKINESIS","up",1.80364111,0.0442191624,0.0417543012,12,5777,11242,501,482
"CD8","GO_BP","GOBP_RNA_TEMPLATED_DNA_BIOSYNTHETIC_PROCESS","down",-1.6861412,0.0442191624,0.0417543012,57,5777,11242,501,482
"CD8","GO_BP","GOBP_RESPONSE_TO_BMP","up",1.61622943,0.0442191624,0.0417543012,84,5777,11242,501,482
"CD8","GO_BP","GOBP_CELLULAR_COMPONENT_ASSEMBLY_INVOLVED_IN_MORPHOGENESIS","up",1.65336617,0.0442566948,0.0418364575,67,5777,11242,501,482
"CD8","GO_BP","GOBP_MUSCLE_CELL_DEVELOPMENT","up",1.58882655,0.0444295756,0.0419143228,97,5777,11242,501,482
"CD8","GO_BP","GOBP_TUBULIN_COMPLEX_ASSEMBLY","up",1.75957911,0.0449916328,0.0424058174,8,5777,11242,501,482
"CD8","GO_BP","GOBP_POSITIVE_REGULATION_OF_SUBSTRATE_ADHESION_DEPENDENT_CELL_SPREADING","up",1.74503611,0.0449916328,0.0424058174,31,5777,11242,501,482
"CD8","GO_BP","GOBP_CELL_CYCLE_CHECKPOINT_SIGNALING","up",1.48253689,0.0455483046,0.042710934,183,5777,11242,501,482
"CD8","GO_BP","GOBP_REGULATION_OF_PROTEIN_LOCALIZATION_TO_PLASMA_MEMBRANE","up",1.61364742,0.0461967,0.0432937387,82,5777,11242,501,482
"CD8","GO_BP","GOBP_PLACENTA_DEVELOPMENT","up",1.58135463,0.0461967,0.0433256683,98,5777,11242,501,482
"CD8","GO_BP","GOBP_ZYMOGEN_ACTIVATION","up",1.7563834,0.0462204169,0.043351257,28,5777,11242,501,482
"CD8","GO_BP","GOBP_REGULATION_OF_ACTOMYOSIN_STRUCTURE_ORGANIZATION","up",1.65010281,0.0463191509,0.0434545923,66,5777,11242,501,482
"CD8","GO_BP","GOBP_INSULIN_SECRETION_INVOLVED_IN_CELLULAR_RESPONSE_TO_GLUCOSE_STIMULUS","up",1.72131982,0.0463191509,0.0434983609,40,5777,11242,501,482
"CD8","GO_BP","GOBP_CEREBRAL_CORTEX_DEVELOPMENT","up",1.61972963,0.0463191509,0.0434983609,79,5777,11242,501,482
"CD8","GO_BP","GOBP_POSITIVE_REGULATION_OF_MONOCYTE_CHEMOTACTIC_PROTEIN_1_PRODUCTION","up",1.75502356,0.0473678711,0.0444410577,8,5777,11242,501,482
"CD8","GO_BP","GOBP_MACROPHAGE_MIGRATION","up",1.72697004,0.047600795,0.0447892429,37,5777,11242,501,482
"CD8","GO_BP","GOBP_CILIUM_ORGANIZATION","up",1.41560151,0.047600795,0.0448042842,296,5777,11242,501,482
"CD8","GO_BP","GOBP_VESICLE_TRANSPORT_ALONG_MICROTUBULE","up",1.72458112,0.047600795,0.044806141,36,5777,11242,501,482
"CD8","GO_BP","GOBP_CHRONIC_INFLAMMATORY_RESPONSE","up",1.78859537,0.0484674589,0.0456250463,15,5777,11242,501,482
"CD8","GO_BP","GOBP_COMPLEMENT_ACTIVATION_ALTERNATIVE_PATHWAY","down",-1.81371917,0.0490134264,0.0461807855,9,5777,11242,501,482
"CD8","GO_BP","GOBP_NEGATIVE_REGULATION_OF_IMMUNE_RESPONSE","up",1.48389888,0.0492226343,0.0463419325,175,5777,11242,501,482
"CD8","GO_BP","GOBP_PYRIMIDINE_NUCLEOBASE_METABOLIC_PROCESS","up",1.78159961,0.0492226343,0.0463837781,16,5777,11242,501,482
"CD8","GO_BP","GOBP_REGULATION_OF_LEUKOCYTE_APOPTOTIC_PROCESS","up",1.64537121,0.0492226343,0.0463952639,65,5777,11242,501,482
"CD8","GO_BP","GOBP_POSITIVE_REGULATION_OF_CELL_CYCLE_CHECKPOINT","up",1.76542516,0.0492929943,0.0465143619,23,5777,11242,501,482
"CD8","GO_BP","GOBP_MITOCHONDRIAL_TRANSLATION","down",-1.52843586,0.0492929943,0.0465143619,123,5777,11242,501,482
"CD8","GO_BP","GOBP_REGULATION_OF_CILIUM_ASSEMBLY","up",1.6058726,0.0501247931,0.0473329015,82,5777,11242,501,482
"CD8","GO_BP","GOBP_DNA_TEMPLATED_DNA_REPLICATION","up",1.50064234,0.0501247931,0.047348605,159,5777,11242,501,482
"CD8","GO_BP","GOBP_NEGATIVE_REGULATION_OF_ACTIN_FILAMENT_POLYMERIZATION","up",1.7097592,0.0501247931,0.0473773694,39,5777,11242,501,482
"CD8","GO_BP","GOBP_TELOMERE_MAINTENANCE_VIA_TELOMERE_LENGTHENING","down",-1.65041458,0.0501247931,0.0474557335,67,5777,11242,501,482
"CD8","GO_BP","GOBP_PROTEIN_CONTAINING_COMPLEX_LOCALIZATION","up",1.64778189,0.0501247931,0.0474557335,64,5777,11242,501,482
"CD8","GO_BP","GOBP_NEGATIVE_REGULATION_OF_TRANSMEMBRANE_RECEPTOR_PROTEIN_SERINE_THREONINE_KINASE_SIGNALING_PATHWAY","up",1.58222031,0.0506449389,0.0479186041,93,5777,11242,501,482
"CD8","GO_BP","GOBP_NEGATIVE_REGULATION_OF_PHOSPHATIDYLINOSITOL_3_KINASE_PROTEIN_KINASE_B_SIGNAL_TRANSDUCTION","up",1.68763898,0.0506449389,0.0479534725,47,5777,11242,501,482
"CD8","GO_BP","GOBP_REGULATION_OF_MONOCYTE_DIFFERENTIATION","up",1.7817524,0.050655913,0.0480141738,15,5777,11242,501,482
"CD8","GO_BP","GOBP_POSITIVE_REGULATION_OF_ACTIN_FILAMENT_BUNDLE_ASSEMBLY","up",1.69123798,0.0509713289,0.0483636636,43,5777,11242,501,482
"CD8","GO_BP","GOBP_INTRINSIC_APOPTOTIC_SIGNALING_PATHWAY_IN_RESPONSE_TO_DNA_DAMAGE","up",1.57157551,0.0511212622,0.0485083741,102,5777,11242,501,482
"CD8","GO_BP","GOBP_ASTRAL_MICROTUBULE_ORGANIZATION","up",1.78258602,0.0513114511,0.048716249,13,5777,11242,501,482
"CD8","GO_BP","GOBP_LEUKOCYTE_MEDIATED_IMMUNITY","up",1.40338265,0.0513114511,0.0487416506,312,5777,11242,501,482
"CD8","GO_BP","GOBP_POSITIVE_REGULATION_OF_BONE_MINERALIZATION","up",1.76329542,0.051314911,0.048779309,22,5777,11242,501,482
"CD8","GO_BP","GOBP_FOREBRAIN_DEVELOPMENT","up",1.45211311,0.051314911,0.0487978208,214,5777,11242,501,482
"CD8","GO_BP","GOBP_MITOTIC_SISTER_CHROMATID_SEPARATION","up",1.63200581,0.0516387875,0.0490116647,67,5777,11242,501,482
"CD8","GO_BP","GOBP_POSITIVE_REGULATION_OF_MEMBRANE_PERMEABILITY","up",1.72018077,0.0517320235,0.0492350189,35,5777,11242,501,482
"CD8","GO_BP","GOBP_REGULATION_OF_DNA_TEMPLATED_DNA_REPLICATION","up",1.68755377,0.0517320235,0.0492350189,44,5777,11242,501,482
"CD8","GO_BP","GOBP_CALCIUM_ION_IMPORT","up",1.70187202,0.0517320235,0.049251537,39,5777,11242,501,482
"CD8","GO_BP","GOBP_REGULATION_OF_ALPHA_BETA_T_CELL_DIFFERENTIATION","up",1.62830902,0.0523321097,0.0496794454,67,5777,11242,501,482
"CD8","GO_CC","GOCC_CYTOSOLIC_RIBOSOME","down",-3.65827075,1.60746247e-42,2.1235127e-42,110,851,11242,98,107
"CD8","GO_CC","GOCC_RIBOSOMAL_SUBUNIT","down",-3.36222756,4.17374794e-37,7.35155101e-37,170,851,11242,98,107
"CD8","GO_CC","GOCC_RIBOSOME","down",-3.18815522,5.82816748e-34,1.35868374e-33,213,851,11242,98,107
"CD8","GO_CC","GOCC_CYTOSOLIC_LARGE_RIBOSOMAL_SUBUNIT","down",-3.39742834,2.89647502e-27,6.95698582e-27,52,851,11242,98,107
"CD8","GO_CC","GOCC_LARGE_RIBOSOMAL_SUBUNIT","down",-3.02692267,4.84013653e-20,1.14178309e-19,103,851,11242,98,107
"CD8","GO_CC","GOCC_CYTOSOLIC_SMALL_RIBOSOMAL_SUBUNIT","down",-3.15701856,1.08276085e-18,2.77933693e-18,38,851,11242,98,107
"CD8","GO_CC","GOCC_SMALL_RIBOSOMAL_SUBUNIT","down",-3.06877432,7.29723274e-18,2.10872662e-17,70,851,11242,98,107
"CD8","GO_CC","GOCC_PRERIBOSOME","down",-2.74007726,2.73220182e-13,7.40375736e-13,98,851,11242,98,107
"CD8","GO_CC","GOCC_SMALL_SUBUNIT_PROCESSOME","down",-2.75743551,1.95886612e-11,5.41617675e-11,68,851,11242,98,107
"CD8","GO_CC","GOCC_MICROTUBULE","up",2.03420251,1.4230299e-09,3.75974199e-09,334,851,11242,98,107
"CD8","GO_CC","GOCC_MHC_CLASS_II_PROTEIN_COMPLEX","up",2.46201691,6.79966577e-09,1.73348232e-08,15,851,11242,98,107
"CD8","GO_CC","GOCC_SPINDLE","up",1.89703014,2.05695201e-07,4.72574557e-07,359,851,11242,98,107
"CD8","GO_CC","GOCC_CELL_LEADING_EDGE","up",1.89520122,3.35406318e-07,7.68010838e-07,302,851,11242,98,107
"CD8","GO_CC","GOCC_MITOTIC_SPINDLE","up",2.10811113,3.99609388e-07,9.47508547e-07,146,851,11242,98,107
"CD8","GO_CC","GOCC_MHC_PROTEIN_COMPLEX","up",2.40695505,1.27919415e-06,2.81643177e-06,23,851,11242,98,107
"CD8","GO_CC","GOCC_CONDENSED_CHROMOSOME","up",1.93864751,1.40707695e-06,3.23268974e-06,233,851,11242,98,107
"CD8","GO_CC","GOCC_MIDBODY","up",2.04502201,1.64192377e-06,3.88143509e-06,158,851,11242,98,107
"CD8","GO_CC","GOCC_TRANSPORT_VESICLE","up",1.8104996,7.50400989e-06,1.66761636e-05,314,851,11242,98,107
"CD8","GO_CC","GOCC_LAMELLIPODIUM","up",1.98466879,1.3339917e-05,2.8864415e-05,154,851,11242,98,107
"CD8","GO_CC","GOCC_CONDENSED_CHROMOSOME_CENTROMERIC_REGION","up",1.95938357,2.88152349e-05,5.90169104e-05,160,851,11242,98,107
"CD8","GO_CC","GOCC_LATE_ENDOSOME","up",1.77070669,4.47346517e-05,9.05851085e-05,253,851,11242,98,107
"CD8","GO_CC","GOCC_CHROMOSOME_CENTROMERIC_REGION","up",1.85271178,4.57227208e-05,9.63094904e-05,220,851,11242,98,107
"CD8","GO_CC","GOCC_EARLY_ENDOSOME","up",1.72109845,4.57227208e-05,9.78330467e-05,326,851,11242,98,107
"CD8","GO_CC","GOCC_EUKARYOTIC_TRANSLATION_INITIATION_FACTOR_3_COMPLEX","down",-2.27964028,8.82393979e-05,0.000180491228,16,851,11242,98,107
"CD8","GO_CC","GOCC_CELL_CORTEX","up",1.80861627,0.000144827356,0.000278084116,220,851,11242,98,107
"CD8","GO_CC","GOCC_PRESYNAPTIC_MEMBRANE","up",2.10254308,0.000148815211,0.000290416993,66,851,11242,98,107
"CD8","GO_CC","GOCC_MICROTUBULE_ASSOCIATED_COMPLEX","up",1.97670729,0.000160413714,0.000316111797,112,851,11242,98,107
"CD8","GO_CC","GOCC_ADHERENS_JUNCTION","up",1.93509432,0.000195689779,0.000385019163,115,851,11242,98,107
"CD8","GO_CC","GOCC_CLATHRIN_COATED_ENDOCYTIC_VESICLE_MEMBRANE","up",2.07639372,0.000317842873,0.000577087997,46,851,11242,98,107
"CD8","GO_CC","GOCC_FICOLIN_1_RICH_GRANULE","up",1.81041426,0.000331600305,0.000614096219,155,851,11242,98,107
"CD8","GO_CC","GOCC_CLATHRIN_COATED_VESICLE","up",1.79132482,0.000566890958,0.000987887255,154,851,11242,98,107
"CD8","GO_CC","GOCC_RUFFLE","up",1.8023154,0.000595744016,0.00105814877,146,851,11242,98,107
"CD8","GO_CC","GOCC_CHROMOSOMAL_REGION","up",1.62601269,0.000619838932,0.00110291166,347,851,11242,98,107
"CD8","GO_CC","GOCC_LUMENAL_SIDE_OF_ENDOPLASMIC_RETICULUM_MEMBRANE","up",2.11887299,0.000672887706,0.00121211866,31,851,11242,98,107
"CD8","GO_CC","GOCC_EXOCYTIC_VESICLE","up",1.77184968,0.000672887706,0.00122006924,171,851,11242,98,107
"CD8","GO_CC","GOCC_LATE_ENDOSOME_MEMBRANE","up",1.80086293,0.000778187698,0.00139324747,153,851,11242,98,107
"CD8","GO_CC","GOCC_CLATHRIN_COATED_VESICLE_MEMBRANE","up",1.86743938,0.000826613946,0.00149642415,97,851,11242,98,107
"CD8","GO_CC","GOCC_PLATELET_DENSE_TUBULAR_NETWORK","up",2.01408518,0.00102559094,0.00178755401,9,851,11242,98,107
"CD8","GO_CC","GOCC_ENDOCYTIC_VESICLE","up",1.6397874,0.00114973798,0.00200117835,255,851,11242,98,107
"CD8","GO_CC","GOCC_CYTOSOLIC_TRANSLATION_PREINITIATION_COMPLEX","down",-2.15499037,0.00115428098,0.00208395417,19,851,11242,98,107
"CD8","GO_CC","GOCC_SPINDLE_MICROTUBULE","up",1.89936118,0.00115428098,0.00208395417,76,851,11242,98,107
"CD8","GO_CC","GOCC_CLATHRIN_COATED_ENDOCYTIC_VESICLE","up",1.97932231,0.00121463876,0.00221685284,55,851,11242,98,107
"CD8","GO_CC","GOCC_CELL_SUBSTRATE_JUNCTION","down",-1.58648447,0.00137146204,0.00250498931,320,851,11242,98,107
"CD8","GO_CC","GOCC_EUKARYOTIC_48S_PREINITIATION_COMPLEX","down",-2.12041687,0.00173804752,0.00312277619,17,851,11242,98,107
"CD8","GO_CC","GOCC_APICAL_PLASMA_MEMBRANE","up",1.72255058,0.00193619785,0.00344611528,188,851,11242,98,107
"CD8","GO_CC","GOCC_COATED_VESICLE","up",1.63385926,0.00203721236,0.00363039412,237,851,11242,98,107
"CD8","GO_CC","GOCC_SCHAFFER_COLLATERAL_CA1_SYNAPSE","up",1.94430135,0.00235646885,0.00419225948,53,851,11242,98,107
"CD8","GO_CC","GOCC_BASAL_PART_OF_CELL","up",1.67726496,0.00437782636,0.00685423147,164,851,11242,98,107
"CD8","GO_CC","GOCC_VESICLE_LUMEN","up",1.62303047,0.00459991625,0.00712081405,225,851,11242,98,107
"CD8","GO_CC","GOCC_PLATELET_DENSE_TUBULAR_NETWORK_MEMBRANE","up",1.92253843,0.00471050592,0.00733813543,8,851,11242,98,107
"CD8","GO_CC","GOCC_TRANSPORT_VESICLE_MEMBRANE","up",1.66426022,0.00532829249,0.00810342333,166,851,11242,98,107
"CD8","GO_CC","GOCC_IMMUNOLOGICAL_SYNAPSE","up",1.92632306,0.00534539453,0.00821466025,44,851,11242,98,107
"CD8","GO_CC","GOCC_VACUOLAR_LUMEN","up",1.71669162,0.00553839045,0.00851441443,122,851,11242,98,107
"CD8","GO_CC","GOCC_COATED_VESICLE_MEMBRANE","up",1.65793889,0.00553839045,0.00860753238,154,851,11242,98,107
"CD8","GO_CC","GOCC_PIGMENT_GRANULE","up",1.75853991,0.0057427811,0.00893474357,94,851,11242,98,107
"CD8","GO_CC","GOCC_NUCLEAR_ENVELOPE","up",1.49772473,0.00614549788,0.00951111044,362,851,11242,98,107
"CD8","GO_CC","GOCC_MEMBRANE_MICRODOMAIN","up",1.62638696,0.00622729173,0.00966821612,180,851,11242,98,107
"CD8","GO_CC","GOCC_GTPASE_COMPLEX","up",1.92336725,0.00657921733,0.0100923429,27,851,11242,98,107
"CD8","GO_CC","GOCC_LUMENAL_SIDE_OF_MEMBRANE","up",1.89170289,0.00726575207,0.0109535795,39,851,11242,98,107
"CD8","GO_CC","GOCC_MYOSIN_COMPLEX","up",1.91022968,0.0072898285,0.01109034,29,851,11242,98,107
"CD8","GO_CC","GOCC_ER_TO_GOLGI_TRANSPORT_VESICLE_MEMBRANE","up",1.81599516,0.00744655189,0.0114415405,56,851,11242,98,107
"CD8","GO_CC","GOCC_DISTAL_AXON","up",1.65152188,0.00744655189,0.0115293615,149,851,11242,98,107
"CD8","GO_CC","GOCC_FICOLIN_1_RICH_GRANULE_LUMEN","up",1.70764841,0.00797782314,0.0122769191,112,851,11242,98,107
"CD8","GO_CC","GOCC_ACTOMYOSIN","up",1.80097367,0.00797782314,0.0124058161,59,851,11242,98,107
"CD8","GO_CC","GOCC_CYTOPLASMIC_SIDE_OF_PLASMA_MEMBRANE","up",1.67446367,0.00889503648,0.0136880289,118,851,11242,98,107
"CD8","GO_CC","GOCC_KINESIN_COMPLEX","up",1.87289334,0.00954287284,0.0144223284,38,851,11242,98,107
"CD8","GO_CC","GOCC_SYNAPTIC_MEMBRANE","up",1.61133563,0.0095792196,0.0146270209,167,851,11242,98,107
"CD8","GO_CC","GOCC_COPII_COATED_ER_TO_GOLGI_TRANSPORT_VESICLE","up",1.73027252,0.0100356929,0.0152145003,81,851,11242,98,107
"CD8","GO_CC","GOCC_EARLY_ENDOSOME_MEMBRANE","up",1.61087249,0.0128755552,0.0182641566,149,851,11242,98,107
"CD8","GO_CC","GOCC_NUCLEAR_LAMINA","up",1.8846342,0.0128755552,0.018289298,13,851,11242,98,107
"CD8","GO_CC","GOCC_SITE_OF_POLARIZED_GROWTH","up",1.66001185,0.0131160848,0.0186731076,110,851,11242,98,107
"CD8","GO_CC","GOCC_PHAGOCYTIC_VESICLE","up",1.6359687,0.013303194,0.0190274591,124,851,11242,98,107
"CD8","GO_CC","GOCC_CONTRACTILE_MUSCLE_FIBER","up",1.61802246,0.0134905147,0.0194318358,135,851,11242,98,107
"CD8","GO_CC","GOCC_CYTOPLASMIC_SIDE_OF_MEMBRANE","up",1.57298386,0.0136872968,0.019881464,166,851,11242,98,107
"CD8","GO_CC","GOCC_SECRETORY_GRANULE_MEMBRANE","up",1.53456443,0.0147264709,0.0209915511,223,851,11242,98,107
"CD8","GO_CC","GOCC_KINETOCHORE_MICROTUBULE","up",1.86265819,0.0159219566,0.0223078577,18,851,11242,98,107
"CD8","GO_CC","GOCC_PROTEASOME_ACCESSORY_COMPLEX","up",1.85796982,0.0159219566,0.0224007668,24,851,11242,98,107
"CD8","GO_CC","GOCC_MICROTUBULE_PLUS_END","up",1.85350813,0.016311224,0.0232632065,24,851,11242,98,107
"CD8","GO_CC","GOCC_CILIARY_BASAL_BODY","up",1.56359527,0.016311224,0.0232632065,162,851,11242,98,107
"CD8","GO_CC","GOCC_GOLGI_APPARATUS_SUBCOMPARTMENT","up",1.47227207,0.0175105243,0.0246363402,288,851,11242,98,107
"CD8","GO_CC","GOCC_CAVEOLA","up",1.76718504,0.017819509,0.0249613039,45,851,11242,98,107
"CD8","GO_CC","GOCC_SPINDLE_MIDZONE","up",1.80351653,0.020958639,0.0284503792,33,851,11242,98,107
"CD8","GO_CC","GOCC_TERTIARY_GRANULE","up",1.59595469,0.0232712717,0.0310791458,116,851,11242,98,107
"CD8","GO_CC","GOCC_CELL_PROJECTION_MEMBRANE","up",1.50621351,0.0246233952,0.0325630468,203,851,11242,98,107
"CD8","GO_CC","GOCC_GERM_CELL_NUCLEUS","up",1.8186492,0.025023764,0.0329402654,24,851,11242,98,107
"CD8","GO_CC","GOCC_CYTOPLASMIC_DYNEIN_COMPLEX","up",1.81507555,0.0274016938,0.0352270979,16,851,11242,98,107
"CD8","GO_CC","GOCC_ACTIN_BASED_CELL_PROJECTION","up",1.5612769,0.0299261878,0.0378373565,125,851,11242,98,107
"CD8","GO_CC","GOCC_ACTIN_FILAMENT_BUNDLE","up",1.68567482,0.0301079517,0.0382539221,59,851,11242,98,107
"CD8","GO_CC","GOCC_BASOLATERAL_PLASMA_MEMBRANE","up",1.53785236,0.03106497,0.0396565871,141,851,11242,98,107
"CD8","GO_CC","GOCC_FILOPODIUM","up",1.68099192,0.0313199045,0.0400399946,61,851,11242,98,107
"CD8","GO_CC","GOCC_MICROTUBULE_END","up",1.76299458,0.0323135864,0.0412372477,28,851,11242,98,107
"CD8","GO_CC","GOCC_CENTRIOLE","up",1.54523208,0.0323941745,0.0418488347,132,851,11242,98,107
"CD8","GO_CC","GOCC_SPINDLE_POLE","up",1.5128272,0.0323941745,0.0418488347,162,851,11242,98,107
"CD8","GO_CC","GOCC_AUTOPHAGOSOME_MEMBRANE","up",1.68839514,0.0337159748,0.0434545923,53,851,11242,98,107
"CD8","GO_CC","GOCC_NUCLEAR_MEMBRANE","up",1.46565985,0.0337159748,0.0434545923,213,851,11242,98,107
"CD8","GO_CC","GOCC_AXON_CYTOPLASM","up",1.67735477,0.0384420139,0.0483649622,53,851,11242,98,107
"CD8","GO_CC","GOCC_ROUGH_ENDOPLASMIC_RETICULUM","down",-1.67908303,0.0393745242,0.0496128565,51,851,11242,98,107
"CD8","GO_CC","GOCC_PRERIBOSOME_LARGE_SUBUNIT_PRECURSOR","down",-1.83538254,0.0393745242,0.0496794454,16,851,11242,98,107
"CD8","GO_MF","GOMF_STRUCTURAL_CONSTITUENT_OF_RIBOSOME","down",-3.36650469,3.84263862e-35,1.95505718e-35,156,1381,11242,75,64
"CD8","GO_MF","GOMF_RRNA_BINDING","down",-2.5634873,5.44385272e-08,1.61147501e-08,62,1381,11242,75,64
"CD8","GO_MF","GOMF_MHC_CLASS_II_PROTEIN_COMPLEX_BINDING","up",2.46436401,1.71648327e-06,5.74232636e-07,25,1381,11242,75,64
"CD8","GO_MF","GOMF_MICROTUBULE_BINDING","up",1.96724089,4.66190267e-06,1.82892124e-06,217,1381,11242,75,64
"CD8","GO_MF","GOMF_TUBULIN_BINDING","up",1.88339249,6.10103466e-06,2.79018752e-06,297,1381,11242,75,64
"CD8","GO_MF","GOMF_ACTIN_BINDING","up",1.85366043,1.46123967e-05,7.31680609e-06,288,1381,11242,75,64
"CD8","GO_MF","GOMF_POLYPEPTIDE_CONFORMATION_OR_ASSEMBLY_ISOMERASE_ACTIVITY","up",2.19083946,3.95582928e-05,2.03077825e-05,81,1381,11242,75,64
"CD8","GO_MF","GOMF_CYTOSKELETAL_MOTOR_ACTIVITY","up",2.1716386,6.21807264e-05,3.43173444e-05,71,1381,11242,75,64
"CD8","GO_MF","GOMF_ACTIN_FILAMENT_BINDING","up",1.94239358,0.000196943222,0.000100901451,137,1381,11242,75,64
"CD8","GO_MF","GOMF_MHC_PROTEIN_COMPLEX_BINDING","up",2.18930548,0.000241657984,0.000130278906,34,1381,11242,75,64
"CD8","GO_MF","GOMF_PEPTIDE_ANTIGEN_BINDING","up",2.23520574,0.000330278959,0.000184888058,27,1381,11242,75,64
"CD8","GO_MF","GOMF_TRANSLATION_FACTOR_ACTIVITY","down",-2.08058044,0.000470325578,0.00027025941,77,1381,11242,75,64
"CD8","GO_MF","GOMF_TRANSLATION_INITIATION_FACTOR_ACTIVITY","down",-2.16342697,0.000697232484,0.000388344596,49,1381,11242,75,64
"CD8","GO_MF","GOMF_CALMODULIN_BINDING","up",1.91094758,0.000755257205,0.0004391539,118,1381,11242,75,64
"CD8","GO_MF","GOMF_CYTIDINE_DEAMINASE_ACTIVITY","up",2.03364628,0.00103804987,0.00059508606,8,1381,11242,75,64
"CD8","GO_MF","GOMF_CCR1_CHEMOKINE_RECEPTOR_BINDING","up",1.86158106,0.00134896375,0.000795019698,5,1381,11242,75,64
"CD8","GO_MF","GOMF_TRNA_BINDING","down",-1.95540847,0.00533257267,0.00239400409,66,1381,11242,75,64
"CD8","GO_MF","GOMF_CHEMOKINE_ACTIVITY","up",2.03760079,0.00533257267,0.00252812707,20,1381,11242,75,64
"CD8","GO_MF","GOMF_MICROTUBULE_MOTOR_ACTIVITY","up",1.98528089,0.00533257267,0.00263111697,48,1381,11242,75,64
"CD8","GO_MF","GOMF_MRNA_5_UTR_BINDING","down",-2.15555041,0.00576449654,0.0029328598,21,1381,11242,75,64
"CD8","GO_MF","GOMF_S100_PROTEIN_BINDING","up",2.00147819,0.00610748005,0.00319288665,11,1381,11242,75,64
"CD8","GO_MF","GOMF_CALCIUM_DEPENDENT_PROTEIN_BINDING","up",1.99423422,0.00672092197,0.00357167173,46,1381,11242,75,64
"CD8","GO_MF","GOMF_RNA_METHYLTRANSFERASE_ACTIVITY","down",-1.91628693,0.007769503,0.00418014872,56,1381,11242,75,64
"CD8","GO_MF","GOMF_CCR_CHEMOKINE_RECEPTOR_BINDING","up",1.99946202,0.00955570958,0.00512888194,17,1381,11242,75,64
"CD8","GO_MF","GOMF_PROTEIN_SERINE_THREONINE_KINASE_ACTIVITY","up",1.54275042,0.0101610826,0.00560406971,350,1381,11242,75,64
"CD8","GO_MF","GOMF_CYTOKINE_ACTIVITY","up",1.81811814,0.011602131,0.00628035595,87,1381,11242,75,64
"CD8","GO_MF","GOMF_ENZYME_INHIBITOR_ACTIVITY","up",1.56727423,0.0124421536,0.00679667804,271,1381,11242,75,64
"CD8","GO_MF","GOMF_PEPTIDE_BINDING","up",1.71561718,0.0124421536,0.0069451652,138,1381,11242,75,64
"CD8","GO_MF","GOMF_PLUS_END_DIRECTED_MICROTUBULE_MOTOR_ACTIVITY","up",1.96894954,0.0142725221,0.00771022739,17,1381,11242,75,64
"CD8","GO_MF","GOMF_DEAMINASE_ACTIVITY","up",1.96203342,0.0149249161,0.00830080922,21,1381,11242,75,64
"CD8","GO_MF","GOMF_MACROMOLECULAR_CONFORMATION_ISOMERASE_ACTIVITY","up",1.58806296,0.0149249161,0.00833268683,223,1381,11242,75,64
"CD8","GO_MF","GOMF_HYDROLASE_ACTIVITY_ACTING_ON_CARBON_NITROGEN_BUT_NOT_PEPTIDE_BONDS_IN_CYCLIC_AMIDINES","up",1.98692382,0.0162413295,0.00900168062,23,1381,11242,75,64
"CD8","GO_MF","GOMF_LIPASE_INHIBITOR_ACTIVITY","up",1.91129029,0.016873152,0.00950258324,9,1381,11242,75,64
"CD8","GO_MF","GOMF_GTPASE_BINDING","up",1.54796861,0.0168858958,0.0097377,262,1381,11242,75,64
"CD8","GO_MF","GOMF_ANTIGEN_BINDING","up",1.86461571,0.0168858958,0.00983859748,47,1381,11242,75,64
"CD8","GO_MF","GOMF_MAP_KINASE_TYROSINE_SERINE_THREONINE_PHOSPHATASE_ACTIVITY","up",1.93638072,0.0201181298,0.011245908,11,1381,11242,75,64
"CD8","GO_MF","GOMF_MHC_CLASS_II_RECEPTOR_ACTIVITY","up",1.93556853,0.0209243549,0.011815877,11,1381,11242,75,64
"CD8","GO_MF","GOMF_CATALYTIC_ACTIVITY_ACTING_ON_A_TRNA","down",-1.63962597,0.0261156514,0.0141729256,124,1381,11242,75,64
"CD8","GO_MF","GOMF_CADHERIN_BINDING","up",1.52764061,0.026750709,0.0147768663,254,1381,11242,75,64
"CD8","GO_MF","GOMF_TRANSPORTER_REGULATOR_ACTIVITY","up",1.72003066,0.026750709,0.0148644065,93,1381,11242,75,64
"CD8","GO_MF","GOMF_TRNA_METHYLTRANSFERASE_ACTIVITY","down",-1.92283115,0.0270415104,0.0155109113,31,1381,11242,75,64
"CD8","GO_MF","GOMF_LARGE_RIBOSOMAL_SUBUNIT_RRNA_BINDING","down",-1.89090896,0.0270415104,0.0156543342,7,1381,11242,75,64
"CD8","GO_MF","GOMF_MONOCARBOXYLIC_ACID_TRANSMEMBRANE_TRANSPORTER_ACTIVITY","up",1.86929878,0.0270415104,0.015810007,36,1381,11242,75,64
"CD8","GO_MF","GOMF_WW_DOMAIN_BINDING","up",1.90334966,0.0270415104,0.0158113898,18,1381,11242,75,64
"CD8","GO_MF","GOMF_PHOSPHOLIPASE_INHIBITOR_ACTIVITY","up",1.85026978,0.0276940547,0.0163478358,8,1381,11242,75,64
"CD8","GO_MF","GOMF_MAP_KINASE_PHOSPHATASE_ACTIVITY","up",1.89089936,0.0276940547,0.0167118924,12,1381,11242,75,64
"CD8","GO_MF","GOMF_PHOSPHATIDYLINOSITOL_BINDING","up",1.55648356,0.0276940547,0.0167920975,211,1381,11242,75,64
"CD8","GO_MF","GOMF_P_TYPE_TRANSMEMBRANE_TRANSPORTER_ACTIVITY","up",1.90308046,0.0297623348,0.0182641566,14,1381,11242,75,64
"CD8","GO_MF","GOMF_PHOSPHATIDYLINOSITOL_PHOSPHATE_BINDING","up",1.62852848,0.0297623348,0.0182641566,133,1381,11242,75,64
"CD8","GO_MF","GOMF_TRANSCRIPTION_ELONGATION_FACTOR_ACTIVITY","down",-1.94770725,0.0305834765,0.0188609178,13,1381,11242,75,64
"CD8","GO_MF","GOMF_PROTEIN_MEMBRANE_ADAPTOR_ACTIVITY","up",1.82285251,0.0308560257,0.0192058809,39,1381,11242,75,64
"CD8","GO_MF","GOMF_UBIQUITIN_BINDING","up",1.68344856,0.0318791981,0.0201673477,94,1381,11242,75,64
"CD8","GO_MF","GOMF_PROTEIN_SERINE_KINASE_ACTIVITY","up",1.47339639,0.0318791981,0.0201673477,290,1381,11242,75,64
"CD8","GO_MF","GOMF_PROTEIN_DISULFIDE_REDUCTASE_NAD_P_H_ACTIVITY","up",1.74356501,0.0343269672,0.0213149864,5,1381,11242,75,64
"CD8","GO_MF","GOMF_UBIQUITIN_LIKE_PROTEIN_BINDING","up",1.64275979,0.0354750544,0.0221831206,111,1381,11242,75,64
"CD8","GO_MF","GOMF_RNA_POLYMERASE_II_SPECIFIC_DNA_BINDING_TRANSCRIPTION_FACTOR_BINDING","up",1.48204365,0.038892795,0.0238626279,268,1381,11242,75,64
"CD8","GO_MF","GOMF_CARBOXYLIC_ACID_TRANSMEMBRANE_TRANSPORTER_ACTIVITY","up",1.6656245,0.0398068273,0.0249613039,87,1381,11242,75,64
"CD8","GO_MF","GOMF_METALLOPEPTIDASE_ACTIVITY","down",-1.64568017,0.0398068273,0.0249613039,97,1381,11242,75,64
"CD8","GO_MF","GOMF_CYTOKINE_RECEPTOR_BINDING","up",1.58551876,0.0398068273,0.0249613039,145,1381,11242,75,64
"CD8","GO_MF","GOMF_DOUBLE_STRANDED_RNA_BINDING","up",1.70683911,0.0398453137,0.025448149,68,1381,11242,75,64
"CD8","GO_MF","GOMF_CHLORIDE_CHANNEL_INHIBITOR_ACTIVITY","up",1.76363088,0.0398453137,0.0255963178,6,1381,11242,75,64
"CD8","GO_MF","GOMF_NUCLEOSIDE_TRIPHOSPHATASE_REGULATOR_ACTIVITY","up",1.41440675,0.0412354009,0.0267563709,376,1381,11242,75,64
"CD8","GO_MF","GOMF_PROTEIN_TYROSINE_SERINE_THREONINE_PHOSPHATASE_ACTIVITY","up",1.85053075,0.0412354009,0.0270071734,20,1381,11242,75,64
"CD8","GO_MF","GOMF_PROTEIN_TYROSINE_THREONINE_PHOSPHATASE_ACTIVITY","up",1.79735306,0.0412354009,0.027228461,7,1381,11242,75,64
"CD8","GO_MF","GOMF_CHEMOATTRACTANT_ACTIVITY","up",1.84370175,0.0507764472,0.0322151026,15,1381,11242,75,64
"CD8","GO_MF","GOMF_5S_RRNA_BINDING","down",-1.85741458,0.051573837,0.032826491,9,1381,11242,75,64
"CD8","GO_MF","GOMF_PHOSPHATIDYLCHOLINE_BINDING","up",1.83502634,0.051685268,0.0329402654,19,1381,11242,75,64
"CD8","GO_MF","GOMF_GTPASE_ACTIVATOR_ACTIVITY","up",1.49850142,0.0531998407,0.0339664415,200,1381,11242,75,64
"CD8","GO_MF","GOMF_ACTININ_BINDING","up",1.82085295,0.0580660648,0.0363604245,18,1381,11242,75,64
"CD8","GO_MF","GOMF_SPHINGOSINE_1_PHOSPHATE_RECEPTOR_ACTIVITY","down",-1.77933214,0.0584324439,0.0368734898,6,1381,11242,75,64
"CD8","GO_MF","GOMF_METAL_ION_TRANSMEMBRANE_TRANSPORTER_ACTIVITY","up",1.51270499,0.060626597,0.0382539221,171,1381,11242,75,64
"CD8","GO_MF","GOMF_CADHERIN_BINDING_INVOLVED_IN_CELL_CELL_ADHESION","up",1.80399817,0.068463894,0.0419745553,13,1381,11242,75,64
"CD8","GO_MF","GOMF_MICROFILAMENT_MOTOR_ACTIVITY","up",1.79969907,0.0689900876,0.0425287311,21,1381,11242,75,64
"CD8","GO_MF","GOMF_CHEMOKINE_RECEPTOR_BINDING","up",1.7698541,0.0746564445,0.0461807855,27,1381,11242,75,64
"CD8","GO_MF","GOMF_BUBBLE_DNA_BINDING","up",1.75728819,0.0746564445,0.0461807855,8,1381,11242,75,64
"CD8","Hallmark","HALLMARK_INTERFERON_GAMMA_RESPONSE","up",2.35242978,3.61360046e-12,1.98166324e-11,180,50,11242,18,23
"CD8","Hallmark","HALLMARK_E2F_TARGETS","up",2.10645134,5.38882631e-09,3.97253675e-08,195,50,11242,18,23
"CD8","Hallmark","HALLMARK_MITOTIC_SPINDLE","up",2.09469957,6.76872005e-08,6.16977979e-07,181,50,11242,18,23
"CD8","Hallmark","HALLMARK_G2M_CHECKPOINT","up",2.04511963,9.49785004e-08,1.0677483e-06,182,50,11242,18,23
"CD8","Hallmark","HALLMARK_INTERFERON_ALPHA_RESPONSE","up",2.25270313,1.01375089e-07,1.40698612e-06,91,50,11242,18,23
"CD8","Hallmark","HALLMARK_APOPTOSIS","up",2.07522173,7.09216101e-07,9.56760889e-06,134,50,11242,18,23
"CD8","Hallmark","HALLMARK_MYC_TARGETS_V1","down",-1.95594486,1.32553629e-06,1.89657732e-05,192,50,11242,18,23
"CD8","Hallmark","HALLMARK_CHOLESTEROL_HOMEOSTASIS","up",2.10754221,9.18527893e-06,0.000113943068,64,50,11242,18,23
"CD8","Hallmark","HALLMARK_IL2_STAT5_SIGNALING","up",1.86587683,1.45746445e-05,0.000184888058,166,50,11242,18,23
"CD8","Hallmark","HALLMARK_HYPOXIA","up",1.7908442,0.00011897752,0.00110086031,141,50,11242,18,23
"CD8","Hallmark","HALLMARK_TNFA_SIGNALING_VIA_NFKB","up",1.70192192,0.00057568613,0.00410319874,169,50,11242,18,23
"CD8","Hallmark","HALLMARK_P53_PATHWAY","up",1.67464977,0.000847892865,0.00603610233,163,50,11242,18,23
"CD8","Hallmark","HALLMARK_INFLAMMATORY_RESPONSE","up",1.71352112,0.000850369991,0.0063407231,135,50,11242,18,23
"CD8","Hallmark","HALLMARK_COMPLEMENT","up",1.67386602,0.000855735258,0.00690063585,151,50,11242,18,23
"CD8","Hallmark","HALLMARK_MYC_TARGETS_V2","down",-1.9087525,0.000855735258,0.00698344881,57,50,11242,18,23
"CD8","Hallmark","HALLMARK_ALLOGRAFT_REJECTION","up",1.61023555,0.00213487311,0.0136899784,163,50,11242,18,23
"CD8","Hallmark","HALLMARK_KRAS_SIGNALING_DN","up",1.67961063,0.00842703506,0.0361104121,66,50,11242,18,23
"CD8","Hallmark","HALLMARK_ANGIOGENESIS","up",1.81641897,0.00864500051,0.0382539221,14,50,11242,18,23
"CD8","KEGG","KEGG_RIBOSOME","down",-3.73688362,5.72025127e-47,6.95211511e-46,85,185,11242,32,34
"CD8","KEGG","KEGG_TYPE_I_DIABETES_MELLITUS","up",2.29831292,1.57972218e-05,1.77770138e-05,33,185,11242,32,34
"CD8","KEGG","KEGG_ALLOGRAFT_REJECTION","up",2.26916858,2.44679571e-05,3.7483821e-05,33,185,11242,32,34
"CD8","KEGG","KEGG_AUTOIMMUNE_THYROID_DISEASE","up",2.25977694,2.99446863e-05,6.19428351e-05,32,185,11242,32,34
"CD8","KEGG","KEGG_GRAFT_VERSUS_HOST_DISEASE","up",2.25521504,2.99446863e-05,6.73950278e-05,35,185,11242,32,34
"CD8","KEGG","KEGG_ASTHMA","up",2.20688919,0.0001586856,0.000317899052,20,185,11242,32,34
"CD8","KEGG","KEGG_ANTIGEN_PROCESSING_AND_PRESENTATION","up",2.05513395,0.000213901954,0.000524881268,66,185,11242,32,34
"CD8","KEGG","KEGG_CHEMOKINE_SIGNALING_PATHWAY","up",1.85828109,0.000213901954,0.000562426504,135,185,11242,32,34
"CD8","KEGG","KEGG_REGULATION_OF_ACTIN_CYTOSKELETON","up",1.83178796,0.000213901954,0.000562426504,141,185,11242,32,34
"CD8","KEGG","KEGG_INTESTINAL_IMMUNE_NETWORK_FOR_IGA_PRODUCTION","up",2.07045283,0.000363982444,0.000953376196,37,185,11242,32,34
"CD8","KEGG","KEGG_AXON_GUIDANCE","up",1.97613674,0.000395285539,0.00109637323,76,185,11242,32,34
"CD8","KEGG","KEGG_VIRAL_MYOCARDITIS","up",2.03997501,0.000663682712,0.00171618656,55,185,11242,32,34
"CD8","KEGG","KEGG_CELL_ADHESION_MOLECULES_CAMS","up",1.9083301,0.00196751091,0.00441559965,82,185,11242,32,34
"CD8","KEGG","KEGG_ENDOCYTOSIS","up",1.7095061,0.00271428152,0.00606415511,148,185,11242,32,34
"CD8","KEGG","KEGG_SYSTEMIC_LUPUS_ERYTHEMATOSUS","up",1.90317717,0.00513811817,0.00966821612,39,185,11242,32,34
"CD8","KEGG","KEGG_OOCYTE_MEIOSIS","up",1.7415836,0.00663625012,0.012037874,88,185,11242,32,34
"CD8","KEGG","KEGG_VEGF_SIGNALING_PATHWAY","up",1.8012483,0.00780516618,0.0141729256,56,185,11242,32,34
"CD8","KEGG","KEGG_INSULIN_SIGNALING_PATHWAY","up",1.6924608,0.00846578602,0.0155109113,104,185,11242,32,34
"CD8","KEGG","KEGG_GAP_JUNCTION","up",1.78798857,0.00939680517,0.0171642733,51,185,11242,32,34
"CD8","KEGG","KEGG_NEUROTROPHIN_SIGNALING_PATHWAY","up",1.65994506,0.0119931969,0.0209915511,104,185,11242,32,34
"CD8","KEGG","KEGG_LEISHMANIA_INFECTION","up",1.7378332,0.0125165587,0.0222569515,60,185,11242,32,34
"CD8","KEGG","KEGG_RENAL_CELL_CARCINOMA","up",1.74548737,0.0127909406,0.0233104825,59,185,11242,32,34
"CD8","KEGG","KEGG_TOLL_LIKE_RECEPTOR_SIGNALING_PATHWAY","up",1.68424418,0.0164840707,0.0294379199,75,185,11242,32,34
"CD8","KEGG","KEGG_NEUROACTIVE_LIGAND_RECEPTOR_INTERACTION","down",-1.71396213,0.0164840707,0.0300785439,59,185,11242,32,34
"CD8","KEGG","KEGG_PATHWAYS_IN_CANCER","up",1.49967002,0.0164840707,0.0305922638,216,185,11242,32,34
"CD8","KEGG","KEGG_FC_GAMMA_R_MEDIATED_PHAGOCYTOSIS","up",1.67207616,0.0165718493,0.0321289159,76,185,11242,32,34
"CD8","KEGG","KEGG_HEMATOPOIETIC_CELL_LINEAGE","up",1.69667993,0.0165718493,0.0329402654,59,185,11242,32,34
"CD8","KEGG","KEGG_LYSOSOME","up",1.6063531,0.0165718493,0.0329402654,108,185,11242,32,34
"CD8","KEGG","KEGG_PROTEASOME","up",1.74003855,0.018570419,0.036443092,41,185,11242,32,34
"CD8","KEGG","KEGG_CELL_CYCLE","up",1.5582926,0.0237801143,0.0443269847,118,185,11242,32,34
"CD8","KEGG","KEGG_DILATED_CARDIOMYOPATHY","up",1.68663657,0.025647277,0.048716249,46,185,11242,32,34
"CD8","KEGG","KEGG_T_CELL_RECEPTOR_SIGNALING_PATHWAY","up",1.57615468,0.025647277,0.0489908885,100,185,11242,32,34
"CD8","Reactome","REACTOME_EUKARYOTIC_TRANSLATION_INITIATION","down",-3.73708459,1.07183385e-47,7.66023914e-47,118,1573,11242,160,166
"CD8","Reactome","REACTOME_EUKARYOTIC_TRANSLATION_ELONGATION","down",-3.7634318,4.16145805e-47,1.98275531e-46,92,1573,11242,160,166
"CD8","Reactome","REACTOME_SRP_DEPENDENT_COTRANSLATIONAL_PROTEIN_TARGETING_TO_MEMBRANE","down",-3.72064373,9.94471374e-47,5.33050565e-46,110,1573,11242,160,166
"CD8","Reactome","REACTOME_INFLUENZA_VIRAL_RNA_TRANSCRIPTION_AND_REPLICATION","down",-3.62672108,3.21861677e-45,1.31445608e-44,133,1573,11242,160,166
"CD8","Reactome","REACTOME_NONSENSE_MEDIATED_DECAY_NMD","down",-3.66385082,4.421657e-44,1.97505833e-43,114,1573,11242,160,166
"CD8","Reactome","REACTOME_RESPONSE_OF_EIF2AK4_GCN2_TO_AMINO_ACID_DEFICIENCY","down",-3.70360228,8.6732054e-44,4.13240835e-43,99,1573,11242,160,166
"CD8","Reactome","REACTOME_SELENOAMINO_ACID_METABOLISM","down",-3.67868118,1.14910754e-42,5.22613817e-42,102,1573,11242,160,166
"CD8","Reactome","REACTOME_RRNA_PROCESSING","down",-3.42437111,1.81457456e-41,8.64566527e-41,196,1573,11242,160,166
"CD8","Reactome","REACTOME_CELLULAR_RESPONSE_TO_STARVATION","down",-3.50470036,2.39405994e-40,1.1845381e-39,146,1573,11242,160,166
"CD8","Reactome","REACTOME_INFLUENZA_INFECTION","down",-3.4576636,3.4019345e-39,1.73665188e-38,154,1573,11242,160,166
"CD8","Reactome","REACTOME_RIBOSOME_ASSOCIATED_QUALITY_CONTROL","down",-3.36233612,7.99751496e-34,3.49293175e-33,138,1573,11242,160,166
"CD8","Reactome","REACTOME_TRANSLATION","down",-2.88686398,1.23528529e-32,5.57583319e-32,335,1573,11242,160,166
"CD8","Reactome","REACTOME_REGULATION_OF_EXPRESSION_OF_SLITS_AND_ROBOS","down",-3.32537939,3.46906551e-32,1.61153861e-31,142,1573,11242,160,166
"CD8","Reactome","REACTOME_SIGNALING_BY_ROBO_RECEPTORS","down",-3.02190613,9.51626475e-26,4.1398211e-25,177,1573,11242,160,166
"CD8","Reactome","REACTOME_METABOLISM_OF_AMINO_ACIDS_AND_DERIVATIVES","down",-2.77710826,2.34557066e-23,1.00580694e-22,256,1573,11242,160,166
"CD8","Reactome","REACTOME_SARS_COV_1_MODULATES_HOST_TRANSLATION_MACHINERY","down",-3.17516552,7.13108171e-21,3.136295e-20,37,1573,11242,160,166
"CD8","Reactome","REACTOME_ACTIVATION_OF_THE_MRNA_UPON_BINDING_OF_THE_CAP_BINDING_COMPLEX_AND_EIFS_AND_SUBSEQUENT_BINDING_TO_43S","down",-3.200844,1.26943542e-20,5.71229501e-20,60,1573,11242,160,166
"CD8","Reactome","REACTOME_SARS_COV_2_MODULATES_HOST_TRANSLATION_MACHINERY","down",-3.09646786,7.44097378e-18,2.90070256e-17,51,1573,11242,160,166
"CD8","Reactome","REACTOME_RIBOSOME_QUALITY_CONTROL_RQC_COMPLEX_EXTRACTS_AND_DEGRADES_NASCENT_PEPTIDE","down",-2.96635758,9.705099e-18,3.87605126e-17,96,1573,11242,160,166
"CD8","Reactome","REACTOME_RHO_GTPASE_EFFECTORS","up",2.20542759,8.9945914e-11,2.85702328e-10,224,1573,11242,160,166
"CD8","Reactome","REACTOME_MHC_CLASS_II_ANTIGEN_PRESENTATION","up",2.44163346,3.95336276e-10,1.23611701e-09,101,1573,11242,160,166
"CD8","Reactome","REACTOME_SARS_COV_1_HOST_INTERACTIONS","down",-2.56292855,6.21881195e-10,1.99548691e-09,89,1573,11242,160,166
"CD8","Reactome","REACTOME_M_PHASE","up",2.00024846,5.37361732e-09,1.61147501e-08,315,1573,11242,160,166
"CD8","Reactome","REACTOME_SARS_COV_2_HOST_INTERACTIONS","down",-2.16955635,2.02068808e-08,5.33226867e-08,169,1573,11242,160,166
"CD8","Reactome","REACTOME_SARS_COV_1_INFECTION","down",-2.20840508,2.32407581e-07,5.74232636e-07,131,1573,11242,160,166
"CD8","Reactome","REACTOME_CELL_CYCLE_CHECKPOINTS","up",1.91597869,1.08484261e-06,2.34399397e-06,240,1573,11242,160,166
"CD8","Reactome","REACTOME_MITOTIC_PROMETAPHASE","up",2.06215775,1.11718486e-06,2.47790362e-06,182,1573,11242,160,166
"CD8","Reactome","REACTOME_MITOTIC_G2_G2_M_PHASES","up",2.0514116,1.71376155e-06,3.64834106e-06,172,1573,11242,160,166
"CD8","Reactome","REACTOME_INTERFERON_SIGNALING","up",1.89544856,2.05247914e-06,4.43119003e-06,240,1573,11242,160,166
"CD8","Reactome","REACTOME_MITOTIC_METAPHASE_AND_ANAPHASE","up",1.93923635,5.72042175e-06,1.21434696e-05,201,1573,11242,160,166
"CD8","Reactome","REACTOME_RHO_GTPASES_ACTIVATE_FORMINS","up",2.0825149,9.10267657e-06,1.85020209e-05,120,1573,11242,160,166
"CD8","Reactome","REACTOME_GOLGI_TO_ER_RETROGRADE_TRANSPORT","up",2.07798518,1.69559114e-05,3.31436332e-05,109,1573,11242,160,166
"CD8","Reactome","REACTOME_SEPARATION_OF_SISTER_CHROMATIDS","up",1.93144562,2.51465992e-05,4.90142868e-05,158,1573,11242,160,166
"CD8","Reactome","REACTOME_SARS_COV_2_INFECTION","down",-1.80073314,2.62574695e-05,5.187302e-05,248,1573,11242,160,166
"CD8","Reactome","REACTOME_INTERFERON_GAMMA_SIGNALING","up",2.09534346,2.68803022e-05,5.42244761e-05,84,1573,11242,160,166
"CD8","Reactome","REACTOME_SIGNALING_BY_NTRKS","up",2.05835401,2.86625804e-05,5.82749334e-05,107,1573,11242,160,166
"CD8","Reactome","REACTOME_APOPTOSIS","up",1.95805354,4.73832152e-05,9.07950187e-05,140,1573,11242,160,166
"CD8","Reactome","REACTOME_PROGRAMMED_CELL_DEATH","up",1.89264423,6.93204915e-05,0.000126280059,165,1573,11242,160,166
"CD8","Reactome","REACTOME_RESOLUTION_OF_SISTER_CHROMATID_COHESION","up",1.99342922,0.000159709782,0.000264973047,108,1573,11242,160,166
"CD8","Reactome","REACTOME_KINESINS","up",2.12633308,0.000162749698,0.000272081448,41,1573,11242,160,166
"CD8","Reactome","REACTOME_FACTORS_INVOLVED_IN_MEGAKARYOCYTE_DEVELOPMENT_AND_PLATELET_PRODUCTION","up",1.99034876,0.000167297453,0.000283362217,100,1573,11242,160,166
"CD8","Reactome","REACTOME_NEUTROPHIL_DEGRANULATION","up",1.65920959,0.000173580049,0.000294189477,369,1573,11242,160,166
"CD8","Reactome","REACTOME_PHOSPHORYLATION_OF_CD3_AND_TCR_ZETA_CHAINS","up",2.20601385,0.000216749492,0.000360055686,20,1573,11242,160,166
"CD8","Reactome","REACTOME_L1CAM_INTERACTIONS","up",1.98916202,0.000354006618,0.000543031539,65,1573,11242,160,166
"CD8","Reactome","REACTOME_RRNA_MODIFICATION_IN_THE_NUCLEUS_AND_CYTOSOL","down",-2.1250853,0.000388061632,0.000588697535,55,1573,11242,160,166
"CD8","Reactome","REACTOME_COPI_DEPENDENT_GOLGI_TO_ER_RETROGRADE_TRAFFIC","up",1.95958974,0.000504110752,0.000760225017,78,1573,11242,160,166
"CD8","Reactome","REACTOME_TRANSLOCATION_OF_SLC2A4_GLUT4_TO_THE_PLASMA_MEMBRANE","up",1.97288905,0.000636079972,0.000928959118,57,1573,11242,160,166
"CD8","Reactome","REACTOME_SIGNALLING_TO_ERKS","up",2.08434787,0.00081898952,0.001132877,30,1573,11242,160,166
"CD8","Reactome","REACTOME_SEMAPHORIN_INTERACTIONS","up",2.04356779,0.000840470698,0.00117262674,51,1573,11242,160,166
"CD8","Reactome","REACTOME_RECRUITMENT_OF_NUMA_TO_MITOTIC_CENTROSOMES","up",1.94391045,0.00127052725,0.00164497675,81,1573,11242,160,166
"CD8","Reactome","REACTOME_SARS_COV_INFECTIONS","down",-1.53210151,0.00133554678,0.00172011588,354,1573,11242,160,166
"CD8","Reactome","REACTOME_P38MAPK_EVENTS","up",2.0858384,0.00141084582,0.00180179247,13,1573,11242,160,166
"CD8","Reactome","REACTOME_SEMA4D_IN_SEMAPHORIN_SIGNALING","up",2.07222926,0.00142083833,0.00184311546,22,1573,11242,160,166
"CD8","Reactome","REACTOME_CDC42_GTPASE_CYCLE","up",1.8239701,0.00212484053,0.00263111697,116,1573,11242,160,166
"CD8","Reactome","REACTOME_RHOC_GTPASE_CYCLE","up",1.95661705,0.00212484053,0.00264311955,62,1573,11242,160,166
"CD8","Reactome","REACTOME_SIGNALING_BY_INTERLEUKINS","up",1.55895019,0.0023444833,0.0029328598,353,1573,11242,160,166
"CD8","Reactome","REACTOME_COPI_INDEPENDENT_GOLGI_TO_ER_RETROGRADE_TRAFFIC","up",1.97669009,0.00308290149,0.00366600179,39,1573,11242,160,166
"CD8","Reactome","REACTOME_DEATH_RECEPTOR_SIGNALING","up",1.75386559,0.00315442056,0.00377908228,135,1573,11242,160,166
"CD8","Reactome","REACTOME_NEUROTRANSMITTER_RECEPTORS_AND_POSTSYNAPTIC_SIGNAL_TRANSMISSION","up",1.774683,0.00392917395,0.0046670212,92,1573,11242,160,166
"CD8","Reactome","REACTOME_CILIUM_ASSEMBLY","up",1.70204608,0.00431106094,0.00510671593,166,1573,11242,160,166
"CD8","Reactome","REACTOME_RHO_GTPASE_CYCLE","up",1.54033701,0.00503102176,0.00590021138,354,1573,11242,160,166
"CD8","Reactome","REACTOME_NUCLEAR_EVENTS_KINASE_AND_TRANSCRIPTION_FACTOR_ACTIVATION","up",1.90127559,0.00503102176,0.005913184,50,1573,11242,160,166
"CD8","Reactome","REACTOME_TRANSMISSION_ACROSS_CHEMICAL_SYNAPSES","up",1.73327789,0.00526565973,0.00616736366,120,1573,11242,160,166
"CD8","Reactome","REACTOME_PROTEIN_HYDROXYLATION","down",-2.08960203,0.00598396889,0.00679667804,17,1573,11242,160,166
"CD8","Reactome","REACTOME_MUSCLE_CONTRACTION","up",1.77004523,0.00598396889,0.00685620853,90,1573,11242,160,166
"CD8","Reactome","REACTOME_RAC2_GTPASE_CYCLE","up",1.8143191,0.00598396889,0.0069451652,72,1573,11242,160,166
"CD8","Reactome","REACTOME_IMMUNOREGULATORY_INTERACTIONS_BETWEEN_A_LYMPHOID_AND_A_NON_LYMPHOID_CELL","down",-1.76819555,0.00598396889,0.00695475398,94,1573,11242,160,166
"CD8","Reactome","REACTOME_RECYCLING_PATHWAY_OF_L1","up",1.9634352,0.00654578806,0.00757006811,33,1573,11242,160,166
"CD8","Reactome","REACTOME_MITOTIC_SPINDLE_CHECKPOINT","up",1.73223003,0.00654578806,0.00759308369,105,1573,11242,160,166
"CD8","Reactome","REACTOME_METABOLISM_OF_POLYAMINES","up",1.89216026,0.00654578806,0.0077049619,43,1573,11242,160,166
"CD8","Reactome","REACTOME_REGULATION_OF_INSULIN_SECRETION","up",1.89176462,0.00654578806,0.0077049619,44,1573,11242,160,166
"CD8","Reactome","REACTOME_LEISHMANIA_INFECTION","up",1.70243146,0.00654578806,0.00771022739,126,1573,11242,160,166
"CD8","Reactome","REACTOME_INTERFERON_ALPHA_BETA_SIGNALING","up",1.82541668,0.00656443944,0.00781918078,63,1573,11242,160,166
"CD8","Reactome","REACTOME_KEAP1_NFE2L2_PATHWAY","up",1.73929086,0.00681250981,0.00814416457,104,1573,11242,160,166
"CD8","Reactome","REACTOME_RHOB_GTPASE_CYCLE","up",1.8542554,0.00681250981,0.00819756347,54,1573,11242,160,166
"CD8","Reactome","REACTOME_RHO_GTPASES_ACTIVATE_ROCKS","up",2.00826673,0.00691149074,0.00832383838,18,1573,11242,160,166
"CD8","Reactome","REACTOME_GPER1_SIGNALING","up",1.95555166,0.0073128324,0.00869180977,30,1573,11242,160,166
"CD8","Reactome","REACTOME_INTERLEUKIN_10_SIGNALING","up",1.94611451,0.00751246026,0.00896933843,31,1573,11242,160,166
"CD8","Reactome","REACTOME_ANCHORING_OF_THE_BASAL_BODY_TO_THE_PLASMA_MEMBRANE","up",1.79826022,0.00751246026,0.0090054046,90,1573,11242,160,166
"CD8","Reactome","REACTOME_AURKA_ACTIVATION_BY_TPX2","up",1.80182963,0.00781237584,0.00940360469,69,1573,11242,160,166
"CD8","Reactome","REACTOME_INTRINSIC_PATHWAY_FOR_APOPTOSIS","up",1.84738669,0.00791596138,0.00956682942,51,1573,11242,160,166
"CD8","Reactome","REACTOME_GLUCAGON_LIKE_PEPTIDE_1_GLP1_REGULATES_INSULIN_SECRETION","up",1.96900148,0.00799538474,0.00966821612,23,1573,11242,160,166
"CD8","Reactome","REACTOME_EPH_EPHRIN_SIGNALING","up",1.79967475,0.00815898328,0.00987717876,67,1573,11242,160,166
"CD8","Reactome","REACTOME_RAC1_GTPASE_CYCLE","up",1.65483641,0.00822118274,0.0100435829,147,1573,11242,160,166
"CD8","Reactome","REACTOME_G_ALPHA_I_SIGNALLING_EVENTS","up",1.65104587,0.00822118274,0.010048742,138,1573,11242,160,166
"CD8","Reactome","REACTOME_RECRUITMENT_OF_MITOTIC_CENTROSOME_PROTEINS_AND_COMPLEXES","up",1.77125175,0.00833773826,0.010188109,78,1573,11242,160,166
"CD8","Reactome","REACTOME_CYTOSOLIC_SULFONATION_OF_SMALL_MOLECULES","down",-1.98705436,0.00882580299,0.0107786583,9,1573,11242,160,166
"CD8","Reactome","REACTOME_ORGANELLE_BIOGENESIS_AND_MAINTENANCE","up",1.58076563,0.00916781026,0.0110881681,235,1573,11242,160,166
"CD8","Reactome","REACTOME_INTRA_GOLGI_AND_RETROGRADE_GOLGI_TO_ER_TRAFFIC","up",1.62913493,0.00942879953,0.0113802198,172,1573,11242,160,166
"CD8","Reactome","REACTOME_INTEGRATION_OF_ENERGY_METABOLISM","up",1.79360769,0.0100501549,0.0120380416,66,1573,11242,160,166
"CD8","Reactome","REACTOME_SOMITOGENESIS","up",1.88709605,0.0106605899,0.0126982784,38,1573,11242,160,166
"CD8","Reactome","REACTOME_ACTIVATION_OF_NMDA_RECEPTORS_AND_POSTSYNAPTIC_EVENTS","up",1.81825912,0.0114122826,0.0135445767,52,1573,11242,160,166
"CD8","Reactome","REACTOME_HCMV_INFECTION","up",1.7329893,0.0118828007,0.0140035297,83,1573,11242,160,166
"CD8","Reactome","REACTOME_NEURONAL_SYSTEM","up",1.61053669,0.012129003,0.0142457605,164,1573,11242,160,166
"CD8","Reactome","REACTOME_PROTEASOME_ASSEMBLY","up",1.82663591,0.012129003,0.0143950113,49,1573,11242,160,166
"CD8","Reactome","REACTOME_SIGNALLING_TO_RAS","up",1.94414121,0.012129003,0.0144223284,17,1573,11242,160,166
"CD8","Reactome","REACTOME_RHOA_GTPASE_CYCLE","up",1.67149159,0.0122798277,0.0146270209,114,1573,11242,160,166
"CD8","Reactome","REACTOME_GENERATION_OF_SECOND_MESSENGER_MOLECULES","up",1.89912521,0.0127358281,0.0152145003,30,1573,11242,160,166
"CD8","Reactome","REACTOME_MITOTIC_G1_PHASE_AND_G1_S_TRANSITION","up",1.6317893,0.0127358281,0.0152145003,134,1573,11242,160,166
"CD8","Reactome","REACTOME_HCMV_EARLY_EVENTS","up",1.78909783,0.0130192365,0.0156200902,61,1573,11242,160,166
"CD8","Reactome","REACTOME_REDUCTION_OF_CYTOSOLIC_CA_LEVELS","up",1.85876638,0.0130192365,0.0156543342,8,1573,11242,160,166
"CD8","Reactome","REACTOME_CO_INHIBITION_BY_PD_1","up",1.62423178,0.0130192365,0.0156543342,140,1573,11242,160,166
"CD8","Reactome","REACTOME_ADORA2B_MEDIATED_ANTI_INFLAMMATORY_CYTOKINES_PRODUCTION","up",1.91456582,0.0135341624,0.0162441407,27,1573,11242,160,166
"CD8","Reactome","REACTOME_G2_M_CHECKPOINTS","up",1.66504935,0.0135341624,0.0162513309,113,1573,11242,160,166
"CD8","Reactome","REACTOME_DEADENYLATION_DEPENDENT_MRNA_DECAY","down",-1.84156743,0.0137153231,0.0166324903,50,1573,11242,160,166
"CD8","Reactome","REACTOME_REGULATION_OF_T_CELL_ACTIVATION_BY_CD28_FAMILY","up",1.58090264,0.0137153231,0.0166324903,189,1573,11242,160,166
"CD8","Reactome","REACTOME_OPIOID_SIGNALLING","up",1.77857699,0.0137153231,0.0167010984,61,1573,11242,160,166
"CD8","Reactome","REACTOME_ION_TRANSPORT_BY_P_TYPE_ATPASES","up",1.84122459,0.0141659695,0.0171959994,36,1573,11242,160,166
"CD8","Reactome","REACTOME_RHO_GTPASES_ACTIVATE_IQGAPS","up",1.91204506,0.0148471649,0.0179876288,21,1573,11242,160,166
"CD8","Reactome","REACTOME_DOWNSTREAM_TCR_SIGNALING","up",1.71477842,0.0152600358,0.0183717241,79,1573,11242,160,166
"CD8","Reactome","REACTOME_RAF_INDEPENDENT_MAPK1_3_ACTIVATION","up",1.89340149,0.017297888,0.0201673477,21,1573,11242,160,166
"CD8","Reactome","REACTOME_TRANSCRIPTIONAL_REGULATION_BY_RUNX2","up",1.72122479,0.0174786431,0.0204244337,76,1573,11242,160,166
"CD8","Reactome","REACTOME_CONDENSATION_OF_PROMETAPHASE_CHROMOSOMES","up",1.89017077,0.0177740735,0.0208032498,11,1573,11242,160,166
"CD8","Reactome","REACTOME_REGULATION_OF_ORNITHINE_DECARBOXYLASE_ODC","up",1.82587067,0.0180299758,0.0210666802,36,1573,11242,160,166
"CD8","Reactome","REACTOME_RHO_GTPASES_ACTIVATE_CIT","up",1.89043981,0.0180299758,0.0210757128,18,1573,11242,160,166
"CD8","Reactome","REACTOME_MAPK1_MAPK3_SIGNALING","up",1.56030409,0.0182031048,0.0213149864,186,1573,11242,160,166
"CD8","Reactome","REACTOME_APOPTOTIC_CLEAVAGE_OF_CELLULAR_PROTEINS","up",1.86476296,0.0193306175,0.0223876882,28,1573,11242,160,166
"CD8","Reactome","REACTOME_RHO_GTPASES_ACTIVATE_PKNS","up",1.86299643,0.0193949748,0.0225604667,28,1573,11242,160,166
"CD8","Reactome","REACTOME_GOLGI_CISTERNAE_PERICENTRIOLAR_STACK_REORGANIZATION","up",1.87509457,0.0195049593,0.022817731,14,1573,11242,160,166
"CD8","Reactome","REACTOME_G_ALPHA_12_13_SIGNALLING_EVENTS","up",1.73592178,0.0198556703,0.0232632065,60,1573,11242,160,166
"CD8","Reactome","REACTOME_MAPK_FAMILY_SIGNALING_CASCADES","up",1.52528225,0.0202075369,0.0236466253,216,1573,11242,160,166
"CD8","Reactome","REACTOME_DEUBIQUITINATION","up",1.52800066,0.0205436974,0.0240112334,206,1573,11242,160,166
"CD8","Reactome","REACTOME_SIGNALING_BY_VEGF","up",1.65693908,0.0238589644,0.0269046438,87,1573,11242,160,166
"CD8","Reactome","REACTOME_SEMA4D_MEDIATED_INHIBITION_OF_CELL_ATTACHMENT_AND_MIGRATION","up",1.78655426,0.0238589644,0.0269350927,7,1573,11242,160,166
"CD8","Reactome","REACTOME_INTRACELLULAR_SIGNALING_BY_SECOND_MESSENGERS","up",1.49604882,0.0249026044,0.0280187747,238,1573,11242,160,166
"CD8","Reactome","REACTOME_HS_GAG_DEGRADATION","up",1.84796782,0.0249206578,0.0282278484,11,1573,11242,160,166
"CD8","Reactome","REACTOME_REPRESSION_OF_WNT_TARGET_GENES","down",-1.90508728,0.0263040015,0.0296213849,12,1573,11242,160,166
"CD8","Reactome","REACTOME_TRANSCRIPTIONAL_REGULATION_BY_RUNX1","up",1.56214826,0.0268280563,0.0301501608,143,1573,11242,160,166
"CD8","Reactome","REACTOME_SEMA4D_INDUCED_CELL_MIGRATION_AND_GROWTH_CONE_COLLAPSE","up",1.84488565,0.0271291348,0.0305922638,19,1573,11242,160,166
"CD8","Reactome","REACTOME_SENSORY_PROCESSING_OF_SOUND","up",1.77248124,0.0277283295,0.0313027203,40,1573,11242,160,166
"CD8","Reactome","REACTOME_TRNA_AMINOACYLATION","down",-1.85757921,0.0287372872,0.0322214771,24,1573,11242,160,166
"CD8","Reactome","REACTOME_GLUCONEOGENESIS","up",1.82722562,0.0294923695,0.0329030813,16,1573,11242,160,166
"CD8","Reactome","REACTOME_TCR_SIGNALING","up",1.62260259,0.0294923695,0.0329030813,99,1573,11242,160,166
"CD8","Reactome","REACTOME_PLATELET_ACTIVATION_SIGNALING_AND_AGGREGATION","up",1.53019507,0.0295824064,0.0330519712,174,1573,11242,160,166
"CD8","Reactome","REACTOME_REGULATION_OF_PLK1_ACTIVITY_AT_G2_M_TRANSITION","up",1.64254755,0.0296512552,0.033265439,83,1573,11242,160,166
"CD8","Reactome","REACTOME_GAMMA_CARBOXYLATION_HYPUSINYLATION_HYDROXYLATION_AND_ARYLSULFATASE_ACTIVATION","down",-1.76307374,0.0299089514,0.033646602,47,1573,11242,160,166
"CD8","Reactome","REACTOME_CELL_SURFACE_INTERACTIONS_AT_THE_VASCULAR_WALL","up",1.64341132,0.0301490201,0.0339845272,82,1573,11242,160,166
"CD8","Reactome","REACTOME_APOPTOTIC_EXECUTION_PHASE","up",1.76380012,0.0309654926,0.0348632469,36,1573,11242,160,166
"CD8","Reactome","REACTOME_MITOCHONDRIAL_TRANSLATION","down",-1.56343309,0.0328006341,0.0363604245,106,1573,11242,160,166
"CD8","Reactome","REACTOME_CO_INHIBITION_BY_BTLA","down",-1.75671819,0.032913575,0.0367092834,5,1573,11242,160,166
"CD8","Reactome","REACTOME_INTRAFLAGELLAR_TRANSPORT","up",1.75664422,0.032913575,0.0367707502,38,1573,11242,160,166
"CD8","Reactome","REACTOME_RHOBTB2_GTPASE_CYCLE","down",-1.8376512,0.0333765171,0.0374549516,23,1573,11242,160,166
"CD8","Reactome","REACTOME_MEIOTIC_SYNAPSIS","up",1.78354668,0.0333765171,0.0375669609,30,1573,11242,160,166
"CD8","Reactome","REACTOME_DNA_REPLICATION","up",1.56595753,0.035022114,0.0391770635,121,1573,11242,160,166
"CD8","Reactome","REACTOME_ION_CHANNEL_TRANSPORT","up",1.59380482,0.0354171049,0.0398075086,103,1573,11242,160,166
"CD8","Reactome","REACTOME_MITF_M_REGULATED_MELANOCYTE_DEVELOPMENT","up",1.57485911,0.037008767,0.0410900867,111,1573,11242,160,166
"CD8","Reactome","REACTOME_OTHER_INTERLEUKIN_SIGNALING","up",1.80138664,0.0378451771,0.0419143228,18,1573,11242,160,166
"CD8","Reactome","REACTOME_CASPASE_MEDIATED_CLEAVAGE_OF_CYTOSKELETAL_PROTEINS","up",1.80634134,0.0378451771,0.0419182454,11,1573,11242,160,166
"CD8","Reactome","REACTOME_CELLULAR_RESPONSE_TO_CHEMICAL_STRESS","up",1.50619411,0.0379799998,0.0424763546,170,1573,11242,160,166
"CD8","Reactome","REACTOME_PROTEIN_METHYLATION","down",-1.85541789,0.0379799998,0.0425206607,13,1573,11242,160,166
"CD8","Reactome","REACTOME_G_ALPHA_Z_SIGNALLING_EVENTS","up",1.77214541,0.0379799998,0.0425287311,28,1573,11242,160,166
"CD8","Reactome","REACTOME_NR1H3_NR1H2_REGULATE_GENE_EXPRESSION_LINKED_TO_CHOLESTEROL_TRANSPORT_AND_EFFLUX","up",1.76578151,0.0381037057,0.0428497738,30,1573,11242,160,166
"CD8","Reactome","REACTOME_PLATELET_CALCIUM_HOMEOSTASIS","up",1.78869112,0.0384788518,0.043351257,20,1573,11242,160,166
"CD8","Reactome","REACTOME_POST_CHAPERONIN_TUBULIN_FOLDING_PATHWAY","up",1.79783232,0.0403130976,0.0451365366,14,1573,11242,160,166
"CD8","Reactome","REACTOME_THROMBIN_SIGNALLING_THROUGH_PROTEINASE_ACTIVATED_RECEPTORS_PARS","up",1.77852071,0.0421175672,0.0468907041,21,1573,11242,160,166
"CD8","Reactome","REACTOME_FORMATION_OF_PARAXIAL_MESODERM","up",1.68386122,0.0430594414,0.0478637714,49,1573,11242,160,166
"CD8","Reactome","REACTOME_ERYTHROCYTES_TAKE_UP_CARBON_DIOXIDE_AND_RELEASE_OXYGEN","down",-1.77216369,0.0437596458,0.0487416506,6,1573,11242,160,166
"CD8","Reactome","REACTOME_NRAGE_SIGNALS_DEATH_THROUGH_JNK","up",1.68121336,0.0437596458,0.0488950425,48,1573,11242,160,166
"CD8","Reactome","REACTOME_CLEC7A_DECTIN_1_SIGNALING","up",1.60252268,0.0437596458,0.0488950425,82,1573,11242,160,166
"CD8","Reactome","REACTOME_CROSS_PRESENTATION_OF_SOLUBLE_EXOGENOUS_ANTIGENS_ENDOSOMES","up",1.71848874,0.0442249243,0.0494066251,37,1573,11242,160,166
"CD8","TF_Targets","RFXAP","up",2.36363246,8.48880654e-06,1.90614527e-06,16,589,11242,58,63
"CD8","TF_Targets","HIF1A","up",1.86477856,1.33406544e-05,7.31680609e-06,285,589,11242,58,63
"CD8","TF_Targets","RFXANK","up",2.33753205,1.33406544e-05,7.71598686e-06,18,589,11242,58,63
"CD8","TF_Targets","STAT1","up",1.82658823,0.000176911897,9.63094904e-05,230,589,11242,58,63
"CD8","TF_Targets","ATF3","up",2.08844111,0.000365282106,0.00021127239,69,589,11242,58,63
"CD8","TF_Targets","RFX5","up",2.20850111,0.000397936779,0.000269654028,23,589,11242,58,63
"CD8","TF_Targets","SP3","up",1.75383435,0.000572214225,0.000415637318,243,589,11242,58,63
"CD8","TF_Targets","IRF1","up",1.91166182,0.000572214225,0.000441277448,118,589,11242,58,63
"CD8","TF_Targets","NFKB1","up",1.70186344,0.000697701967,0.000573448547,276,589,11242,58,63
"CD8","TF_Targets","E2F4","up",1.82673333,0.000892415328,0.000777770008,152,589,11242,58,63
"CD8","TF_Targets","EGR1","up",1.70087304,0.00104388622,0.000948772649,224,589,11242,58,63
"CD8","TF_Targets","IRF3","up",2.00806998,0.00116174645,0.00109952605,58,589,11242,58,63
"CD8","TF_Targets","STAT3","up",1.65951328,0.00119732668,0.00117770895,273,589,11242,58,63
"CD8","TF_Targets","IRF2","up",2.01484869,0.00125395954,0.00135952034,44,589,11242,58,63
"CD8","TF_Targets","HSF1","up",1.97716739,0.00125395954,0.00137025621,67,589,11242,58,63
"CD8","TF_Targets","TP63","up",1.77600065,0.00193378801,0.00200117835,143,589,11242,58,63
"CD8","TF_Targets","TBX21","up",1.96960826,0.00219795266,0.00232314566,44,589,11242,58,63
"CD8","TF_Targets","CEBPA","up",1.74375078,0.00474975617,0.00460965948,122,589,11242,58,63
"CD8","TF_Targets","NR1H3","up",1.85371725,0.00739974539,0.00670870465,71,589,11242,58,63
"CD8","TF_Targets","PPARG","up",1.63099247,0.00745947315,0.0069451652,209,589,11242,58,63
"CD8","TF_Targets","ID3","up",1.99018554,0.00778559863,0.00734261338,21,589,11242,58,63
"CD8","TF_Targets","CREB1","up",1.55876849,0.00937949297,0.00864980076,268,589,11242,58,63
"CD8","TF_Targets","IRF5","up",1.97696354,0.00937949297,0.00885487697,19,589,11242,58,63
"CD8","TF_Targets","BMAL1","up",1.89742794,0.00966233766,0.00946314617,37,589,11242,58,63
"CD8","TF_Targets","CIITA","up",1.93554365,0.00966233766,0.0095852938,26,589,11242,58,63
"CD8","TF_Targets","CEBPG","up",1.74886187,0.0101685814,0.0100923429,92,589,11242,58,63
"CD8","TF_Targets","SNAI2","up",1.93451388,0.0103545485,0.0105456341,29,589,11242,58,63
"CD8","TF_Targets","KLF5","up",1.83211991,0.0147778221,0.0140035297,49,589,11242,58,63
"CD8","TF_Targets","NR0B2","up",1.77067583,0.0171953847,0.0156543342,68,589,11242,58,63
"CD8","TF_Targets","FOS","up",1.57431022,0.0173175324,0.0160712769,191,589,11242,58,63
"CD8","TF_Targets","DNMT1","up",1.65107347,0.0184757506,0.0171959994,110,589,11242,58,63
"CD8","TF_Targets","WT1","up",1.68559306,0.0187300457,0.0178816992,95,589,11242,58,63
"CD8","TF_Targets","SPI1","up",1.5445535,0.0187300457,0.0182620087,219,589,11242,58,63
"CD8","TF_Targets","JUNB","up",1.77663496,0.0195771376,0.019075774,58,589,11242,58,63
"CD8","TF_Targets","NR4A2","up",1.84503266,0.0210763004,0.0204847652,30,589,11242,58,63
"CD8","TF_Targets","CEBPD","up",1.80451084,0.0214962709,0.0210757128,40,589,11242,58,63
"CD8","TF_Targets","SMAD3","up",1.65960464,0.0233552214,0.022718381,96,589,11242,58,63
"CD8","TF_Targets","SMAD4","up",1.71986552,0.0252677259,0.0246363402,67,589,11242,58,63
"CD8","TF_Targets","ETS1","up",1.57445113,0.0252677259,0.0248328058,149,589,11242,58,63
"CD8","TF_Targets","E2F2","up",1.76631897,0.0259669645,0.0261631657,46,589,11242,58,63
"CD8","TF_Targets","E2F1","up",1.48482203,0.0259669645,0.026393003,253,589,11242,58,63
"CD8","TF_Targets","NR3C1","up",1.56897913,0.0259669645,0.0267215289,147,589,11242,58,63
"CD8","TF_Targets","DMTF1","up",1.85522509,0.0270454634,0.0280109881,13,589,11242,58,63
"CD8","TF_Targets","IRF9","up",1.84766166,0.0281052444,0.0298779638,18,589,11242,58,63
"CD8","TF_Targets","ZBTB14","down",-1.80696117,0.0281052444,0.0300515943,6,589,11242,58,63
"CD8","TF_Targets","REL","up",1.65507852,0.0281052444,0.0302772115,83,589,11242,58,63
"CD8","TF_Targets","HNF4A","up",1.58485226,0.030179205,0.0323450988,121,589,11242,58,63
"CD8","TF_Targets","ATF1","up",1.71961327,0.0309538825,0.0330519712,56,589,11242,58,63
"CD8","TF_Targets","RUNX1","up",1.54532898,0.0382070692,0.0388823567,134,589,11242,58,63
"CD8","TF_Targets","TBX5","up",1.7982078,0.0387302914,0.0398721193,9,589,11242,58,63
"CD8","TF_Targets","IRF4","up",1.72761443,0.0387455701,0.0405412242,45,589,11242,58,63
"CD8","TF_Targets","EGR2","up",1.71901341,0.0387455701,0.0410900867,46,589,11242,58,63
"CD8","TF_Targets","STAT2","up",1.76193119,0.0387455701,0.0415362149,30,589,11242,58,63
"CD8","TF_Targets","TFCP2","down",-1.7226737,0.039590813,0.0425055101,44,589,11242,58,63
"CD8","TF_Targets","ELF2","down",-1.81497285,0.0396181508,0.0430089363,7,589,11242,58,63
"CD8","TF_Targets","BMAL2","up",1.7219592,0.0431443765,0.0464867129,6,589,11242,58,63
"CD8","TF_Targets","CTNNB1","up",1.4928614,0.0431927048,0.0471795946,171,589,11242,58,63
"CD8","TF_Targets","MYB","up",1.54156504,0.0457013328,0.0494066251,121,589,11242,58,63
"CD8","WikiPathways","WP_CYTOPLASMIC_RIBOSOMAL_PROTEINS","down",-3.75093781,3.15887121e-46,7.13092974e-46,86,830,11242,82,89
"CD8","WikiPathways","WP_22Q112_DISTAL_CNV","down",-2.51518333,1.81541765e-09,1.04634326e-09,114,830,11242,82,89
"CD8","WikiPathways","WP_CALCIUM_REGULATION_IN_CARDIAC_CELLS","up",2.17615923,2.87377137e-05,1.37966382e-05,85,830,11242,82,89
"CD8","WikiPathways","WP_ALLOGRAFT_REJECTION","up",2.2635599,2.87377137e-05,1.48281986e-05,64,830,11242,82,89
"CD8","WikiPathways","WP_ALZHEIMERS_DISEASE","up",1.87347334,0.000145898951,7.26521973e-05,191,830,11242,82,89
"CD8","WikiPathways","WP_ALZHEIMERS_DISEASE_AND_MIRNA_EFFECTS","up",1.86847383,0.000213723818,0.000118964342,192,830,11242,82,89
"CD8","WikiPathways","WP_EBOLA_VIRUS_INFECTION_IN_HOST","up",1.97828605,0.000463025898,0.000262876849,109,830,11242,82,89
"CD8","WikiPathways","WP_EGFEGFR_SIGNALING","up",1.87152739,0.000673109806,0.000385904275,143,830,11242,82,89
"CD8","WikiPathways","WP_G_PROTEIN_SIGNALING","up",2.03186869,0.000858456602,0.000518053931,66,830,11242,82,89
"CD8","WikiPathways","WP_CELL_INTERACTIONS_IN_PANCREATIC_CANCER_MICROENVIRONMENT","up",2.17546071,0.00136282945,0.000824060277,23,830,11242,82,89
"CD8","WikiPathways","WP_TRANSLATION_FACTORS","down",-2.08530242,0.00138731883,0.000902607574,50,830,11242,82,89
"CD8","WikiPathways","WP_NETWORK_MAP_OF_SARSCOV2_SIGNALING","up",1.75201001,0.001451089,0.000999375695,185,830,11242,82,89
"CD8","WikiPathways","WP_GASTRIN_SIGNALING","up",1.89599791,0.0020825735,0.00138900961,93,830,11242,82,89
"CD8","WikiPathways","WP_T_CELL_MODULATION_AND_DESMOPLASIA_IN_PANCREATIC_CANCER","up",2.02951184,0.00234825284,0.00164938741,41,830,11242,82,89
"CD8","WikiPathways","WP_BDNF_SIGNALING_IN_NEURODEVELOPMENT","up",1.85647222,0.00234825284,0.00173860421,108,830,11242,82,89
"CD8","WikiPathways","WP_SEROTONIN_RECEPTOR_2_AND_ELKSRFGATA4_SIGNALING","up",2.0867234,0.00234825284,0.00177316206,15,830,11242,82,89
"CD8","WikiPathways","WP_TNFALPHA_SIGNALING","up",1.88334392,0.00318550267,0.00238145109,85,830,11242,82,89
"CD8","WikiPathways","WP_OVERVIEW_OF_PROINFLAMMATORY_AND_PROFIBROTIC_MEDIATORS","up",1.96160258,0.00428048593,0.00319288665,46,830,11242,82,89
"CD8","WikiPathways","WP_HOSTPATHOGEN_INTERACTION_OF_HUMAN_CORONAVIRUSES_APOPTOSIS","up",2.07327836,0.00826541173,0.0057179538,21,830,11242,82,89
"CD8","WikiPathways","WP_REGULATION_OF_ACTIN_CYTOSKELETON","up",1.78937307,0.00835061455,0.00626315004,96,830,11242,82,89
"CD8","WikiPathways","WP_EFFECT_OF_OMEGA3_PUFA_ON_HUNTINGTONS_DISEASE_PATHWAYS","up",1.82597453,0.00835061455,0.00628035595,86,830,11242,82,89
"CD8","WikiPathways","WP_VITAMIN_D_RECEPTOR_PATHWAY","up",1.79715107,0.00835061455,0.00657147927,93,830,11242,82,89
"CD8","WikiPathways","WP_P53_TRANSCRIPTIONAL_GENE_NETWORK","up",1.8233095,0.00835061455,0.00665582505,75,830,11242,82,89
"CD8","WikiPathways","WP_IL18_SIGNALING","up",1.6511622,0.00835061455,0.00676940964,193,830,11242,82,89
"CD8","WikiPathways","WP_UROTENSINIIMEDIATED_SIGNALING","up",1.88208013,0.00864625551,0.00703799128,53,830,11242,82,89
"CD8","WikiPathways","WP_MEASLES_VIRUS_INFECTION","up",1.76043526,0.00899772889,0.00759308369,106,830,11242,82,89
"CD8","WikiPathways","WP_GLUCOSE_METABOLISM_IN_TRIPLENEGATIVE_BREAST_CANCER_CELLS","up",1.91284271,0.00899772889,0.00766036026,8,830,11242,82,89
"CD8","WikiPathways","WP_MYOMETRIAL_RELAXATION_AND_CONTRACTION_PATHWAYS","up",1.7595655,0.00899772889,0.00784015622,103,830,11242,82,89
"CD8","WikiPathways","WP_ENVELOPE_PROTEINS_AND_THEIR_POTENTIAL_ROLES_IN_EDMD_PHYSIOPATHOLOGY","up",1.93062712,0.00899772889,0.00809713806,37,830,11242,82,89
"CD8","WikiPathways","WP_AGERAGE_PATHWAY","up",1.8569812,0.00899772889,0.00819756347,54,830,11242,82,89
"CD8","WikiPathways","WP_MET_IN_TYPE_1_PAPILLARY_RENAL_CELL_CARCINOMA","up",1.87407142,0.00920467004,0.00851293965,50,830,11242,82,89
"CD8","WikiPathways","WP_PANCREATIC_ADENOCARCINOMA_PATHWAY","up",1.78881901,0.0113777005,0.0100028336,81,830,11242,82,89
"CD8","WikiPathways","WP_HEPATITIS_B_INFECTION","up",1.71353728,0.011669198,0.010375928,121,830,11242,82,89
"CD8","WikiPathways","WP_SMALL_CELL_LUNG_CANCER","up",1.80369593,0.011669198,0.0108044977,71,830,11242,82,89
"CD8","WikiPathways","WP_INTEGRATED_BREAST_CANCER_PATHWAY","up",1.67932624,0.011669198,0.0108044977,133,830,11242,82,89
"CD8","WikiPathways","WP_TNFRELATED_WEAK_INDUCER_OF_APOPTOSIS_TWEAK_SIGNALING","up",1.89490185,0.0119454844,0.0111583827,38,830,11242,82,89
"CD8","WikiPathways","WP_GLYCOLYSIS_AND_GLUCONEOGENESIS","up",1.90106272,0.0134249899,0.0125971743,32,830,11242,82,89
"CD8","WikiPathways","WP_NF1_COPY_NUMBER_VARIATION_SYNDROME","up",1.80383295,0.0134249899,0.0127728076,66,830,11242,82,89
"CD8","WikiPathways","WP_MELANOMA","up",1.80681151,0.0134249899,0.0129172992,57,830,11242,82,89
"CD8","WikiPathways","WP_GPCRS_CLASS_A_RHODOPSINLIKE","down",-1.78883756,0.0139693012,0.0136366338,69,830,11242,82,89
"CD8","WikiPathways","WP_INSULIN_SIGNALING","up",1.65564846,0.0141234064,0.0141678826,136,830,11242,82,89
"CD8","WikiPathways","WP_PTDINS45P2_IN_CYTOKINESIS_PATHWAY","up",1.88882845,0.0141234064,0.0141700432,9,830,11242,82,89
"CD8","WikiPathways","WP_OXIDATIVE_DAMAGE_RESPONSE","up",1.88831481,0.0146064986,0.0146270209,35,830,11242,82,89
"CD8","WikiPathways","WP_INTERACTIONS_BETWEEN_IMMUNE_CELLS_AND_MICRORNAS_IN_TUMOR_MICROENVIRONMENT","up",1.90728523,0.0146423961,0.0150519306,27,830,11242,82,89
"CD8","WikiPathways","WP_PHOTODYNAMIC_THERAPYINDUCED_AP1_SURVIVAL_SIGNALING","up",1.83253724,0.0146423961,0.0152422088,45,830,11242,82,89
"CD8","WikiPathways","WP_MACROPHAGE_MARKERS","up",1.85677604,0.0146423961,0.0155280819,8,830,11242,82,89
"CD8","WikiPathways","WP_METABOLIC_EPILEPTIC_DISORDERS","up",1.76604219,0.0146423961,0.0155410087,67,830,11242,82,89
"CD8","WikiPathways","WP_NANOPARTICLEMEDIATED_ACTIVATION_OF_RECEPTOR_SIGNALING","up",1.89404636,0.0149081514,0.0158113898,24,830,11242,82,89
"CD8","WikiPathways","WP_INTEGRINMEDIATED_CELL_ADHESION","up",1.75257169,0.0153097692,0.0165090143,75,830,11242,82,89
"CD8","WikiPathways","WP_NSP1_FROM_SARSCOV2_INHIBITS_TRANSLATION_INITIATION_IN_THE_HOST_CELL","down",-1.96535636,0.0153097692,0.0166157346,16,830,11242,82,89
"CD8","WikiPathways","WP_APOPTOSIS_MODULATION_AND_SIGNALING","up",1.74802277,0.0157146323,0.0171959994,77,830,11242,82,89
"CD8","WikiPathways","WP_UTERINE_NATURAL_KILLER_CELLS_AND_PROGESTERONE_ESTROGEN_AND_CHORIONIC_GONADOTROPIN","up",1.84340671,0.0157146323,0.0173481184,39,830,11242,82,89
"CD8","WikiPathways","WP_CHEMOKINE_SIGNALING","up",1.65032268,0.0183511776,0.0196036086,124,830,11242,82,89
"CD8","WikiPathways","WP_CAMKK2_PATHWAY","up",1.70315944,0.0198804678,0.0209915511,86,830,11242,82,89
"CD8","WikiPathways","WP_AEROBIC_GLYCOLYSIS_AUGMENTED","up",1.8730227,0.0198804678,0.0210757128,11,830,11242,82,89
"CD8","WikiPathways","WP_NANOMATERIAL_INDUCED_APOPTOSIS","up",1.88307697,0.0201546623,0.0214407272,20,830,11242,82,89
"CD8","WikiPathways","WP_CORI_CYCLE","up",1.87321248,0.0211796528,0.0225604667,12,830,11242,82,89
"CD8","WikiPathways","WP_CHROMOSOMAL_AND_MICROSATELLITE_INSTABILITY_IN_COLORECTAL_CANCER","up",1.72319086,0.0219599595,0.0234394384,65,830,11242,82,89
"CD8","WikiPathways","WP_SARSCOV2_INNATE_IMMUNITY_EVASION_AND_CELLSPECIFIC_IMMUNE_RESPONSE","up",1.7674836,0.0223393404,0.0239624695,50,830,11242,82,89
"CD8","WikiPathways","WP_INTRAFLAGELLAR_TRANSPORT_PROTEINS_BINDING_TO_DYNEIN","up",1.85304257,0.0230820037,0.0248123815,21,830,11242,82,89
"CD8","WikiPathways","WP_CLEAR_CELL_RENAL_CELL_CARCINOMA_PATHWAYS","up",1.69881492,0.026838672,0.0280109881,68,830,11242,82,89
"CD8","WikiPathways","WP_NONSMALL_CELL_LUNG_CANCER","up",1.70857915,0.0270195136,0.0284503792,63,830,11242,82,89
"CD8","WikiPathways","WP_RAC1PAK1P38MMP2_PATHWAY","up",1.72534394,0.0272675505,0.0291399226,55,830,11242,82,89
"CD8","WikiPathways","WP_METABOLIC_REPROGRAMMING_IN_COLON_CANCER","up",1.77966722,0.0272675505,0.0293992019,39,830,11242,82,89
"CD8","WikiPathways","WP_ULCERATIVE_COLITIS_SIGNALING","up",1.8453826,0.027508717,0.0298995163,16,830,11242,82,89
"CD8","WikiPathways","WP_2Q13_COPY_NUMBER_VARIATION_SYNDROME","up",1.76449871,0.0288645889,0.031314652,41,830,11242,82,89
"CD8","WikiPathways","WP_TARGETED_THERAPY_IN_BREAST_CANCER","up",1.82004349,0.0306449485,0.0328333939,22,830,11242,82,89
"CD8","WikiPathways","WP_G13_SIGNALING","up",1.79386222,0.0313317167,0.0334773696,31,830,11242,82,89
"CD8","WikiPathways","WP_TOLLLIKE_RECEPTOR_SIGNALING","up",1.67730529,0.032844723,0.0350311807,69,830,11242,82,89
"CD8","WikiPathways","WP_TROP2_REGULATORY_SIGNALING","up",1.75174349,0.032844723,0.0352270979,39,830,11242,82,89
"CD8","WikiPathways","WP_HEPATOCYTE_GROWTH_FACTOR_RECEPTOR_SIGNALING","up",1.78773495,0.0332343727,0.0359704971,30,830,11242,82,89
"CD8","WikiPathways","WP_MIRTARGETED_GENES_IN_LYMPHOCYTES","up",1.41136195,0.0333107424,0.0362960414,359,830,11242,82,89
"CD8","WikiPathways","WP_ERK_PATHWAY_IN_HUNTINGTONS_DISEASE","up",1.8147133,0.034358024,0.0374549516,13,830,11242,82,89
"CD8","WikiPathways","WP_SMALL_LIGAND_GPCRS","down",-1.84069269,0.0344594945,0.0382539221,9,830,11242,82,89
"CD8","WikiPathways","WP_13Q1212_COPY_NUMBER_VARIATION","up",1.79263597,0.0344594945,0.0382539221,22,830,11242,82,89
"CD8","WikiPathways","WP_DUAL_HIJACK_MODEL_OF_VIF_IN_HIV_INFECTION","up",1.7320281,0.0358581658,0.0398721193,6,830,11242,82,89
"CD8","WikiPathways","WP_HDAC6_INTERACTIONS_IN_THE_CENTRAL_NERVOUS_SYSTEM","up",1.61254467,0.0377807676,0.0416960757,91,830,11242,82,89
"CD8","WikiPathways","WP_CYTOKINES_AND_INFLAMMATORY_RESPONSE","up",1.79868021,0.0378918994,0.0419182454,15,830,11242,82,89
"CD8","WikiPathways","WP_ANDROGEN_RECEPTOR_SIGNALING","up",1.62978874,0.0382431962,0.0425287311,79,830,11242,82,89
"CD8","WikiPathways","WP_MIRTARGETED_GENES_IN_LEUKOCYTES","up",1.5598508,0.0394658698,0.0437706091,121,830,11242,82,89
"CD8","WikiPathways","WP_MICROTUBULE_CYTOSKELETON_REGULATION","up",1.71384632,0.0416575762,0.0462580754,42,830,11242,82,89
"CD8","WikiPathways","WP_ACQUIRED_PARTIAL_LIPODYSTROPHY_BARRAQUERSIMONS_SYNDROME","up",1.75265792,0.042917965,0.0475719266,8,830,11242,82,89
"CD8","mouse_projection","KO_heat_up","up",2.08040011,2.2318663e-07,1.39705777e-05,125,3,11242,2,3
"CD8","mouse_projection","WT_heat_up","up",2.07119654,2.2318663e-07,1.57802773e-05,113,3,11242,2,3
"CD8","mouse_projection","Interaction_up","up",1.54246779,0.0347432867,0.171685288,6,3,11242,2,3
"CD8","sting_axes","ifn_only_up","up",2.60566947,4.09923285e-12,5.00908431e-10,58,2,11242,1,2
"Tcon","GO_BP","GOBP_CYTOPLASMIC_TRANSLATION","down",-3.38237534,2.18686733e-34,7.07650309e-35,158,5902,11459,1107,1092
"Tcon","GO_BP","GOBP_NEGATIVE_REGULATION_OF_SYNCYTIUM_FORMATION_BY_PLASMA_MEMBRANE_FUSION","down",-3.25232607,1.72154129e-20,3.03859118e-21,47,5902,11459,1107,1092
"Tcon","GO_BP","GOBP_RIBOSOME_BIOGENESIS","down",-2.50461209,5.5247287e-17,1.22000166e-17,295,5902,11459,1107,1092
"Tcon","GO_BP","GOBP_TAXIS","up",2.32382496,2.45807342e-13,4.89483153e-14,296,5902,11459,1107,1092
"Tcon","GO_BP","GOBP_REGULATION_OF_SYNCYTIUM_FORMATION_BY_PLASMA_MEMBRANE_FUSION","down",-2.91057314,4.17738272e-13,1.01382219e-13,59,5902,11459,1107,1092
"Tcon","GO_BP","GOBP_MYELOID_LEUKOCYTE_ACTIVATION","up",2.4794912,5.28772938e-13,1.43251616e-13,195,5902,11459,1107,1092
"Tcon","GO_BP","GOBP_REGULATION_OF_T_CELL_ACTIVATION","up",2.20616306,1.97299744e-11,5.5863847e-12,334,5902,11459,1107,1092
"Tcon","GO_BP","GOBP_POSITIVE_REGULATION_OF_CELL_ADHESION","up",2.14109948,3.49315003e-11,1.10728307e-11,359,5902,11459,1107,1092
"Tcon","GO_BP","GOBP_LEUKOCYTE_CELL_CELL_ADHESION","up",2.12803045,5.37674476e-11,1.87905477e-11,361,5902,11459,1107,1092
"Tcon","GO_BP","GOBP_REGULATION_OF_LEUKOCYTE_PROLIFERATION","up",2.3428281,7.79841539e-11,2.80388449e-11,208,5902,11459,1107,1092
"Tcon","GO_BP","GOBP_REGULATION_OF_HEMOPOIESIS","up",2.1154676,1.0156698e-10,3.94393773e-11,347,5902,11459,1107,1092
"Tcon","GO_BP","GOBP_MYELOID_CELL_DIFFERENTIATION","up",2.11925796,1.03435838e-10,4.30340054e-11,350,5902,11459,1107,1092
"Tcon","GO_BP","GOBP_ANTIGEN_PROCESSING_AND_PRESENTATION","up",2.56632613,1.81233276e-10,7.88679973e-11,99,5902,11459,1107,1092
"Tcon","GO_BP","GOBP_LEUKOCYTE_MEDIATED_IMMUNITY","up",2.14028381,2.19740322e-10,1.01055954e-10,321,5902,11459,1107,1092
"Tcon","GO_BP","GOBP_RIBOSOMAL_SMALL_SUBUNIT_BIOGENESIS","down",-2.59932041,2.19740322e-10,1.04910437e-10,104,5902,11459,1107,1092
"Tcon","GO_BP","GOBP_LEUKOCYTE_PROLIFERATION","up",2.19205375,2.83663282e-10,1.3987177e-10,267,5902,11459,1107,1092
"Tcon","GO_BP","GOBP_RRNA_PROCESSING","down",-2.28060244,2.85157992e-10,1.47062522e-10,213,5902,11459,1107,1092
"Tcon","GO_BP","GOBP_LYMPHOCYTE_MEDIATED_IMMUNITY","up",2.24328865,3.27973603e-10,1.76337855e-10,246,5902,11459,1107,1092
"Tcon","GO_BP","GOBP_ADAPTIVE_IMMUNE_RESPONSE_BASED_ON_SOMATIC_RECOMBINATION_OF_IMMUNE_RECEPTORS_BUILT_FROM_IMMUNOGLOBULIN_SUPERFAMILY_DOMAINS","up",2.16291532,3.29429024e-10,1.84127662e-10,280,5902,11459,1107,1092
"Tcon","GO_BP","GOBP_LEUKOCYTE_CHEMOTAXIS","up",2.36825799,3.63611637e-10,2.10736848e-10,159,5902,11459,1107,1092
"Tcon","GO_BP","GOBP_VIRAL_LIFE_CYCLE","up",2.264385,3.85442082e-10,2.31109088e-10,227,5902,11459,1107,1092
"Tcon","GO_BP","GOBP_REGULATION_OF_IMMUNE_EFFECTOR_PROCESS","up",2.13291706,5.23436791e-10,3.38059791e-10,303,5902,11459,1107,1092
"Tcon","GO_BP","GOBP_POSITIVE_REGULATION_OF_CELL_ACTIVATION","up",2.10030632,5.23436791e-10,3.38451796e-10,316,5902,11459,1107,1092
"Tcon","GO_BP","GOBP_REGULATION_OF_LEUKOCYTE_DIFFERENTIATION","up",2.12022881,5.23436791e-10,3.38758736e-10,285,5902,11459,1107,1092
"Tcon","GO_BP","GOBP_NEGATIVE_REGULATION_OF_CELL_ACTIVATION","up",2.29840739,5.99838996e-10,4.03733043e-10,182,5902,11459,1107,1092
"Tcon","GO_BP","GOBP_REGULATION_OF_INFLAMMATORY_RESPONSE","up",2.09369029,5.99838996e-10,4.03733043e-10,316,5902,11459,1107,1092
"Tcon","GO_BP","GOBP_CELL_CHEMOTAXIS","up",2.23256701,1.15590163e-09,7.77419334e-10,211,5902,11459,1107,1092
"Tcon","GO_BP","GOBP_GRANULOCYTE_MIGRATION","up",2.49069434,1.23006735e-09,8.18181006e-10,91,5902,11459,1107,1092
"Tcon","GO_BP","GOBP_MYOBLAST_FUSION","down",-2.65632414,1.23006735e-09,8.34442298e-10,69,5902,11459,1107,1092
"Tcon","GO_BP","GOBP_RESPONSE_TO_MOLECULE_OF_BACTERIAL_ORIGIN","up",2.17259851,2.56421173e-09,1.71673555e-09,245,5902,11459,1107,1092
"Tcon","GO_BP","GOBP_NEGATIVE_REGULATION_OF_VIRAL_GENOME_REPLICATION","up",2.62181809,6.59337207e-09,4.40977096e-09,40,5902,11459,1107,1092
"Tcon","GO_BP","GOBP_NEGATIVE_REGULATION_OF_CELL_ADHESION","up",2.14977548,6.59337207e-09,4.40977096e-09,226,5902,11459,1107,1092
"Tcon","GO_BP","GOBP_STRIATED_MUSCLE_CONTRACTION","down",-2.3661057,6.59337207e-09,4.49408399e-09,143,5902,11459,1107,1092
"Tcon","GO_BP","GOBP_REGULATION_OF_PHOSPHORYLATION","up",2.02251537,8.7036573e-09,5.88115011e-09,322,5902,11459,1107,1092
"Tcon","GO_BP","GOBP_CELL_ACTIVATION_INVOLVED_IN_IMMUNE_RESPONSE","up",2.08171787,1.02335549e-08,6.96009589e-09,272,5902,11459,1107,1092
"Tcon","GO_BP","GOBP_POSITIVE_REGULATION_OF_PHOSPHORUS_METABOLIC_PROCESS","up",2.17014018,1.04220879e-08,7.34013079e-09,214,5902,11459,1107,1092
"Tcon","GO_BP","GOBP_POSITIVE_REGULATION_OF_CELL_DEVELOPMENT","up",1.99661037,1.04220879e-08,7.34013079e-09,319,5902,11459,1107,1092
"Tcon","GO_BP","GOBP_GRANULOCYTE_CHEMOTAXIS","up",2.50176381,1.58327448e-08,1.11249489e-08,75,5902,11459,1107,1092
"Tcon","GO_BP","GOBP_RESPONSE_TO_VIRUS","up",1.97494799,2.48101995e-08,1.73947672e-08,341,5902,11459,1107,1092
"Tcon","GO_BP","GOBP_REGULATION_OF_VIRAL_PROCESS","up",2.37322009,2.77147969e-08,1.96951855e-08,109,5902,11459,1107,1092
"Tcon","GO_BP","GOBP_VIRAL_PROCESS","up",1.99674735,2.77147969e-08,1.98755929e-08,304,5902,11459,1107,1092
"Tcon","GO_BP","GOBP_VESICLE_ORGANIZATION","up",1.98549648,2.96991389e-08,2.16233331e-08,317,5902,11459,1107,1092
"Tcon","GO_BP","GOBP_NEGATIVE_REGULATION_OF_CELL_CELL_ADHESION","up",2.25255231,3.42213998e-08,2.50616054e-08,166,5902,11459,1107,1092
"Tcon","GO_BP","GOBP_REGULATION_OF_MONOATOMIC_ION_TRANSPORT","up",2.12897867,3.58055915e-08,2.65982585e-08,211,5902,11459,1107,1092
"Tcon","GO_BP","GOBP_MYELOID_LEUKOCYTE_DIFFERENTIATION","up",2.15710253,4.3098391e-08,3.21836446e-08,190,5902,11459,1107,1092
"Tcon","GO_BP","GOBP_LEUKOCYTE_MIGRATION","up",2.06705971,4.34890756e-08,3.29157318e-08,273,5902,11459,1107,1092
"Tcon","GO_BP","GOBP_T_CELL_ACTIVATION_INVOLVED_IN_IMMUNE_RESPONSE","up",2.30363773,4.39015259e-08,3.3664954e-08,125,5902,11459,1107,1092
"Tcon","GO_BP","GOBP_TUMOR_NECROSIS_FACTOR_SUPERFAMILY_CYTOKINE_PRODUCTION","up",2.25332014,4.68448393e-08,3.63805499e-08,147,5902,11459,1107,1092
"Tcon","GO_BP","GOBP_CELLULAR_RESPONSE_TO_BIOTIC_STIMULUS","up",2.14454825,6.17741044e-08,4.77798675e-08,190,5902,11459,1107,1092
"Tcon","GO_BP","GOBP_NEGATIVE_REGULATION_OF_RESPONSE_TO_EXTERNAL_STIMULUS","up",1.99564239,9.20664999e-08,7.12212109e-08,296,5902,11459,1107,1092
"Tcon","GO_BP","GOBP_ESTABLISHMENT_OF_ORGANELLE_LOCALIZATION","up",1.96694672,9.20664999e-08,7.12212109e-08,318,5902,11459,1107,1092
"Tcon","GO_BP","GOBP_REGULATION_OF_VIRAL_LIFE_CYCLE","up",2.39163619,9.43068091e-08,7.38081293e-08,88,5902,11459,1107,1092
"Tcon","GO_BP","GOBP_MACROPHAGE_ACTIVATION","up",2.38890799,9.84490686e-08,7.73327938e-08,88,5902,11459,1107,1092
"Tcon","GO_BP","GOBP_LYMPHOCYTE_CHEMOTAXIS","up",2.55620495,1.00251503e-07,7.84381545e-08,33,5902,11459,1107,1092
"Tcon","GO_BP","GOBP_TISSUE_REMODELING","up",2.29317311,1.01330075e-07,8.01520802e-08,111,5902,11459,1107,1092
"Tcon","GO_BP","GOBP_RRNA_METABOLIC_PROCESS","down",-2.02385904,1.07218125e-07,8.5090913e-08,256,5902,11459,1107,1092
"Tcon","GO_BP","GOBP_PHAGOCYTOSIS","up",2.12392387,1.15667491e-07,9.2758688e-08,188,5902,11459,1107,1092
"Tcon","GO_BP","GOBP_CELLULAR_RESPONSE_TO_MOLECULE_OF_BACTERIAL_ORIGIN","up",2.12883474,1.3171496e-07,1.05945515e-07,167,5902,11459,1107,1092
"Tcon","GO_BP","GOBP_CELL_KILLING","up",2.19015478,1.77802023e-07,1.39502943e-07,160,5902,11459,1107,1092
"Tcon","GO_BP","GOBP_POSITIVE_REGULATION_OF_LEUKOCYTE_PROLIFERATION","up",2.23487503,2.13582306e-07,1.68279282e-07,133,5902,11459,1107,1092
"Tcon","GO_BP","GOBP_ANTIGEN_PROCESSING_AND_PRESENTATION_OF_PEPTIDE_OR_POLYSACCHARIDE_ANTIGEN_VIA_MHC_CLASS_II","up",2.51284008,2.13582306e-07,1.71873827e-07,31,5902,11459,1107,1092
"Tcon","GO_BP","GOBP_POSITIVE_REGULATION_OF_PHOSPHORYLATION","up",2.11837201,2.13582306e-07,1.71873827e-07,179,5902,11459,1107,1092
"Tcon","GO_BP","GOBP_POSITIVE_REGULATION_OF_CELL_CELL_ADHESION","up",1.98439063,2.13582306e-07,1.71873827e-07,263,5902,11459,1107,1092
"Tcon","GO_BP","GOBP_GLIOGENESIS","up",2.07690158,2.151646e-07,1.74745853e-07,202,5902,11459,1107,1092
"Tcon","GO_BP","GOBP_NEGATIVE_REGULATION_OF_VIRAL_PROCESS","up",2.43502662,2.31741472e-07,1.89908285e-07,59,5902,11459,1107,1092
"Tcon","GO_BP","GOBP_SYNCYTIUM_FORMATION","down",-2.39831484,2.41704162e-07,2.01549557e-07,79,5902,11459,1107,1092
"Tcon","GO_BP","GOBP_REGULATION_OF_TRANSMEMBRANE_TRANSPORT","up",2.02897939,2.41704162e-07,2.01549557e-07,244,5902,11459,1107,1092
"Tcon","GO_BP","GOBP_TYPE_II_INTERFERON_PRODUCTION","up",2.26513464,2.66642538e-07,2.24226124e-07,114,5902,11459,1107,1092
"Tcon","GO_BP","GOBP_ANTIGEN_PROCESSING_AND_PRESENTATION_OF_PEPTIDE_ANTIGEN","up",2.44322702,2.97014274e-07,2.50251565e-07,58,5902,11459,1107,1092
"Tcon","GO_BP","GOBP_LEUKOCYTE_MEDIATED_CYTOTOXICITY","up",2.23232086,3.19834834e-07,2.71676037e-07,119,5902,11459,1107,1092
"Tcon","GO_BP","GOBP_CALCIUM_ION_TRANSPORT","up",2.00767038,3.62706303e-07,3.11062394e-07,229,5902,11459,1107,1092
"Tcon","GO_BP","GOBP_NEGATIVE_REGULATION_OF_CYTOKINE_PRODUCTION","up",1.97807371,3.62706303e-07,3.11062394e-07,233,5902,11459,1107,1092
"Tcon","GO_BP","GOBP_REGULATION_OF_VIRAL_GENOME_REPLICATION","up",2.37302112,4.1102834e-07,3.5306787e-07,66,5902,11459,1107,1092
"Tcon","GO_BP","GOBP_NEGATIVE_REGULATION_OF_LYMPHOCYTE_ACTIVATION","up",2.15191488,4.46267431e-07,3.7939161e-07,148,5902,11459,1107,1092
"Tcon","GO_BP","GOBP_ANTIGEN_PROCESSING_AND_PRESENTATION_OF_EXOGENOUS_ANTIGEN","up",2.45688742,4.83911354e-07,4.14501082e-07,49,5902,11459,1107,1092
"Tcon","GO_BP","GOBP_ERK1_AND_ERK2_CASCADE","up",2.06322998,4.86415764e-07,4.19732539e-07,187,5902,11459,1107,1092
"Tcon","GO_BP","GOBP_DEFENSE_RESPONSE_TO_BACTERIUM","up",2.13714932,4.9223641e-07,4.30671459e-07,161,5902,11459,1107,1092
"Tcon","GO_BP","GOBP_ANTIGEN_PROCESSING_AND_PRESENTATION_OF_EXOGENOUS_PEPTIDE_ANTIGEN_VIA_MHC_CLASS_II","up",2.51599473,4.9223641e-07,4.30893307e-07,27,5902,11459,1107,1092
"Tcon","GO_BP","GOBP_MYELOID_LEUKOCYTE_MIGRATION","up",2.16385179,5.10526888e-07,4.50032603e-07,147,5902,11459,1107,1092
"Tcon","GO_BP","GOBP_NEGATIVE_REGULATION_OF_IMMUNE_RESPONSE","up",2.06990333,5.38750813e-07,4.75458671e-07,179,5902,11459,1107,1092
"Tcon","GO_BP","GOBP_POSITIVE_REGULATION_OF_LEUKOCYTE_CELL_CELL_ADHESION","up",1.99096724,5.81801935e-07,5.16933203e-07,239,5902,11459,1107,1092
"Tcon","GO_BP","GOBP_NEGATIVE_REGULATION_OF_LEUKOCYTE_CELL_CELL_ADHESION","up",2.17392652,7.07103596e-07,6.18547455e-07,130,5902,11459,1107,1092
"Tcon","GO_BP","GOBP_VIRAL_GENOME_REPLICATION","up",2.26082227,9.90280737e-07,8.62605473e-07,93,5902,11459,1107,1092
"Tcon","GO_BP","GOBP_IMMUNE_RESPONSE_REGULATING_CELL_SURFACE_RECEPTOR_SIGNALING_PATHWAY","up",1.87948783,1.02018195e-06,8.89739414e-07,314,5902,11459,1107,1092
"Tcon","GO_BP","GOBP_ALPHA_BETA_T_CELL_ACTIVATION","up",2.06872516,1.04010006e-06,9.13027197e-07,192,5902,11459,1107,1092
"Tcon","GO_BP","GOBP_POSITIVE_REGULATION_OF_HEMOPOIESIS","up",2.07998144,1.06587358e-06,9.3870034e-07,172,5902,11459,1107,1092
"Tcon","GO_BP","GOBP_LYMPHOCYTE_DIFFERENTIATION","up",1.8293392,1.20198168e-06,1.05197957e-06,378,5902,11459,1107,1092
"Tcon","GO_BP","GOBP_PEPTIDE_ANTIGEN_ASSEMBLY_WITH_MHC_CLASS_II_PROTEIN_COMPLEX","up",2.40181038,1.20505239e-06,1.06063993e-06,14,5902,11459,1107,1092
"Tcon","GO_BP","GOBP_NEUTROPHIL_MIGRATION","up",2.32120542,1.20505239e-06,1.06239832e-06,71,5902,11459,1107,1092
"Tcon","GO_BP","GOBP_RIBOSOMAL_LARGE_SUBUNIT_BIOGENESIS","down",-2.36357457,1.21277188e-06,1.0757291e-06,69,5902,11459,1107,1092
"Tcon","GO_BP","GOBP_T_CELL_CHEMOTAXIS","up",2.42402438,1.24459348e-06,1.11058355e-06,20,5902,11459,1107,1092
"Tcon","GO_BP","GOBP_PROTEIN_LOCALIZATION_TO_MEMBRANE","up",1.85859632,1.42958532e-06,1.27042597e-06,321,5902,11459,1107,1092
"Tcon","GO_BP","GOBP_POSITIVE_REGULATION_OF_IMMUNE_EFFECTOR_PROCESS","up",2.02453083,1.51997967e-06,1.34581191e-06,201,5902,11459,1107,1092
"Tcon","GO_BP","GOBP_POSITIVE_REGULATION_OF_TUMOR_NECROSIS_FACTOR_SUPERFAMILY_CYTOKINE_PRODUCTION","up",2.25487114,1.51997967e-06,1.35437383e-06,97,5902,11459,1107,1092
"Tcon","GO_BP","GOBP_REGULATION_OF_LEUKOCYTE_MIGRATION","up",2.08689191,1.51997967e-06,1.35437383e-06,162,5902,11459,1107,1092
"Tcon","GO_BP","GOBP_CARBOHYDRATE_DERIVATIVE_CATABOLIC_PROCESS","up",2.01402487,1.60012861e-06,1.43387173e-06,196,5902,11459,1107,1092
"Tcon","GO_BP","GOBP_VESICLE_LOCALIZATION","up",2.0753406,1.72565141e-06,1.5475797e-06,174,5902,11459,1107,1092
"Tcon","GO_BP","GOBP_LYMPHOCYTE_ACTIVATION_INVOLVED_IN_IMMUNE_RESPONSE","up",2.03044984,1.80905333e-06,1.63133256e-06,199,5902,11459,1107,1092
"Tcon","GO_BP","GOBP_NEUROINFLAMMATORY_RESPONSE","up",2.29577747,1.97178782e-06,1.77190769e-06,69,5902,11459,1107,1092
"Tcon","GO_BP","GOBP_ANTIGEN_PROCESSING_AND_PRESENTATION_OF_EXOGENOUS_PEPTIDE_ANTIGEN","up",2.38580743,1.97178782e-06,1.78158339e-06,40,5902,11459,1107,1092
"Tcon","GO_BP","GOBP_GLIAL_CELL_DIFFERENTIATION","up",2.06931883,1.97178782e-06,1.79009185e-06,152,5902,11459,1107,1092
"Tcon","GO_BP","GOBP_POSITIVE_REGULATION_OF_MAPK_CASCADE","up",1.90356065,2.11682853e-06,1.93185102e-06,284,5902,11459,1107,1092
"Tcon","GO_BP","GOBP_MONONUCLEAR_CELL_MIGRATION","up",2.06865703,2.14258043e-06,1.96546529e-06,171,5902,11459,1107,1092
"Tcon","GO_BP","GOBP_PEPTIDE_ANTIGEN_ASSEMBLY_WITH_MHC_PROTEIN_COMPLEX","up",2.42157394,2.24406574e-06,2.07555002e-06,19,5902,11459,1107,1092
"Tcon","GO_BP","GOBP_RESPONSE_TO_OXYGEN_LEVELS","up",1.9711444,2.24406574e-06,2.07945587e-06,230,5902,11459,1107,1092
"Tcon","GO_BP","GOBP_POSITIVE_REGULATION_OF_TYPE_II_INTERFERON_PRODUCTION","up",2.25137785,2.5288045e-06,2.33380074e-06,80,5902,11459,1107,1092
"Tcon","GO_BP","GOBP_EXTRINSIC_APOPTOTIC_SIGNALING_PATHWAY","up",1.98425242,2.71536286e-06,2.51832135e-06,188,5902,11459,1107,1092
"Tcon","GO_BP","GOBP_CELL_SURFACE_RECEPTOR_SIGNALING_PATHWAY_VIA_STAT","up",2.13659407,2.91622178e-06,2.71774873e-06,119,5902,11459,1107,1092
"Tcon","GO_BP","GOBP_POSITIVE_REGULATION_OF_LEUKOCYTE_CHEMOTAXIS","up",2.27086446,2.92449555e-06,2.73852392e-06,69,5902,11459,1107,1092
"Tcon","GO_BP","GOBP_T_CELL_DIFFERENTIATION","up",1.88587586,3.08900931e-06,2.90625394e-06,293,5902,11459,1107,1092
"Tcon","GO_BP","GOBP_RESPONSE_TO_CHEMOKINE","up",2.34326449,3.30210222e-06,3.10484079e-06,58,5902,11459,1107,1092
"Tcon","GO_BP","GOBP_MYOTUBE_DIFFERENTIATION","down",-2.16426353,3.69912605e-06,3.45230173e-06,117,5902,11459,1107,1092
"Tcon","GO_BP","GOBP_REGULATION_OF_ERBB_SIGNALING_PATHWAY","up",2.3061137,3.81565977e-06,3.56227743e-06,55,5902,11459,1107,1092
"Tcon","GO_BP","GOBP_REGULATION_OF_APOPTOTIC_SIGNALING_PATHWAY","up",1.84112966,4.13622132e-06,3.8305244e-06,297,5902,11459,1107,1092
"Tcon","GO_BP","GOBP_PROTEIN_RNA_COMPLEX_ORGANIZATION","down",-1.95675111,4.54941161e-06,4.18017355e-06,215,5902,11459,1107,1092
"Tcon","GO_BP","GOBP_REGULATION_OF_MACROPHAGE_ACTIVATION","up",2.37346036,4.87091367e-06,4.47764699e-06,42,5902,11459,1107,1092
"Tcon","GO_BP","GOBP_RESPONSE_TO_TYPE_II_INTERFERON","up",2.15056472,4.98825242e-06,4.60624136e-06,117,5902,11459,1107,1092
"Tcon","GO_BP","GOBP_T_CELL_PROLIFERATION","up",2.03663586,5.48300492e-06,4.9847986e-06,174,5902,11459,1107,1092
"Tcon","GO_BP","GOBP_OSTEOCLAST_DIFFERENTIATION","up",2.23770125,5.55883424e-06,5.05643563e-06,85,5902,11459,1107,1092
"Tcon","GO_BP","GOBP_REGULATION_OF_ADAPTIVE_IMMUNE_RESPONSE","up",1.990102,5.8530492e-06,5.32685616e-06,181,5902,11459,1107,1092
"Tcon","GO_BP","GOBP_WOUND_HEALING","up",1.85219676,6.16273764e-06,5.61572565e-06,274,5902,11459,1107,1092
"Tcon","GO_BP","GOBP_POSITIVE_REGULATION_OF_LEUKOCYTE_MIGRATION","up",2.15820903,6.16273764e-06,5.63613335e-06,107,5902,11459,1107,1092
"Tcon","GO_BP","GOBP_REGULATION_OF_CELL_SHAPE","up",2.13737848,7.15090193e-06,6.44417868e-06,100,5902,11459,1107,1092
"Tcon","GO_BP","GOBP_NEUTROPHIL_CHEMOTAXIS","up",2.28985201,7.67746679e-06,6.92270594e-06,57,5902,11459,1107,1092
"Tcon","GO_BP","GOBP_POSITIVE_REGULATION_OF_PROTEIN_MODIFICATION_PROCESS","up",1.862881,9.41807781e-06,8.39469184e-06,278,5902,11459,1107,1092
"Tcon","GO_BP","GOBP_REGULATION_OF_LYMPHOCYTE_DIFFERENTIATION","up",1.9519336,9.41807781e-06,8.40871767e-06,201,5902,11459,1107,1092
"Tcon","GO_BP","GOBP_NEGATIVE_REGULATION_OF_PHOSPHORUS_METABOLIC_PROCESS","up",2.07167252,1.0061997e-05,8.98930954e-06,130,5902,11459,1107,1092
"Tcon","GO_BP","GOBP_EXOCYTOSIS","up",1.8771662,1.00821638e-05,9.04547683e-06,251,5902,11459,1107,1092
"Tcon","GO_BP","GOBP_NEGATIVE_REGULATION_OF_DEFENSE_RESPONSE","up",1.89222039,1.02830448e-05,9.23112747e-06,222,5902,11459,1107,1092
"Tcon","GO_BP","GOBP_BIOLOGICAL_PROCESS_INVOLVED_IN_SYMBIOTIC_INTERACTION","up",2.04985976,1.06262148e-05,9.5788071e-06,146,5902,11459,1107,1092
"Tcon","GO_BP","GOBP_HUMORAL_IMMUNE_RESPONSE","up",2.09574819,1.07666734e-05,9.71071575e-06,121,5902,11459,1107,1092
"Tcon","GO_BP","GOBP_REGULATION_OF_OSSIFICATION","up",2.25170952,1.07725505e-05,9.75559019e-06,66,5902,11459,1107,1092
"Tcon","GO_BP","GOBP_HOMEOSTASIS_OF_NUMBER_OF_CELLS","up",1.83740068,1.08748891e-05,9.88793613e-06,294,5902,11459,1107,1092
"Tcon","GO_BP","GOBP_POSITIVE_REGULATION_OF_ERK1_AND_ERK2_CASCADE","up",2.15540475,1.09856931e-05,1.00284755e-05,105,5902,11459,1107,1092
"Tcon","GO_BP","GOBP_REGULATION_OF_VASCULATURE_DEVELOPMENT","up",1.92667565,1.09931143e-05,1.0039686e-05,188,5902,11459,1107,1092
"Tcon","GO_BP","GOBP_ALPHA_BETA_T_CELL_DIFFERENTIATION","up",2.02734822,1.14347764e-05,1.0456679e-05,135,5902,11459,1107,1092
"Tcon","GO_BP","GOBP_POSITIVE_REGULATION_OF_MOLECULAR_FUNCTION","up",1.80182066,1.14347764e-05,1.04881227e-05,339,5902,11459,1107,1092
"Tcon","GO_BP","GOBP_REGULATION_OF_LEUKOCYTE_MEDIATED_IMMUNITY","up",1.91961051,1.18853015e-05,1.09057102e-05,209,5902,11459,1107,1092
"Tcon","GO_BP","GOBP_REGULATION_OF_ALPHA_BETA_T_CELL_ACTIVATION","up",2.15044141,1.19235768e-05,1.09825009e-05,105,5902,11459,1107,1092
"Tcon","GO_BP","GOBP_CD4_POSITIVE_ALPHA_BETA_T_CELL_ACTIVATION","up",2.08383852,1.25069359e-05,1.15632294e-05,124,5902,11459,1107,1092
"Tcon","GO_BP","GOBP_DEFENSE_RESPONSE_TO_VIRUS","up",1.84659055,1.42800755e-05,1.30745257e-05,266,5902,11459,1107,1092
"Tcon","GO_BP","GOBP_REGULATION_OF_ACTIN_FILAMENT_BASED_PROCESS","up",1.85163895,1.60535724e-05,1.45590811e-05,260,5902,11459,1107,1092
"Tcon","GO_BP","GOBP_REGULATION_OF_MONOATOMIC_ION_TRANSMEMBRANE_TRANSPORT","up",1.99729038,1.68896941e-05,1.53244152e-05,150,5902,11459,1107,1092
"Tcon","GO_BP","GOBP_CELL_SURFACE_RECEPTOR_SIGNALING_PATHWAY_VIA_JAK_STAT","up",2.05190887,2.07871294e-05,1.85677889e-05,108,5902,11459,1107,1092
"Tcon","GO_BP","GOBP_GLIAL_CELL_DEVELOPMENT","up",2.15682694,2.35814067e-05,2.087652e-05,89,5902,11459,1107,1092
"Tcon","GO_BP","GOBP_CALCIUM_ION_HOMEOSTASIS","up",1.93013431,2.513906e-05,2.21995603e-05,177,5902,11459,1107,1092
"Tcon","GO_BP","GOBP_FORMATION_OF_CYTOPLASMIC_TRANSLATION_INITIATION_COMPLEX","down",-2.35373477,2.56605835e-05,2.28282824e-05,15,5902,11459,1107,1092
"Tcon","GO_BP","GOBP_LIPID_LOCALIZATION","up",1.80759882,2.56605835e-05,2.28282824e-05,276,5902,11459,1107,1092
"Tcon","GO_BP","GOBP_CELL_SUBSTRATE_ADHESION","up",1.83565907,2.96536709e-05,2.61540171e-05,229,5902,11459,1107,1092
"Tcon","GO_BP","GOBP_REGULATION_OF_NEURON_PROJECTION_DEVELOPMENT","up",1.78801987,2.9855077e-05,2.64278036e-05,274,5902,11459,1107,1092
"Tcon","GO_BP","GOBP_POSITIVE_REGULATION_OF_MONOATOMIC_ION_TRANSPORT","up",2.1407458,3.0789453e-05,2.73687519e-05,89,5902,11459,1107,1092
"Tcon","GO_BP","GOBP_NEGATIVE_REGULATION_OF_TRANSPORT","up",1.85925901,3.0789453e-05,2.73687519e-05,258,5902,11459,1107,1092
"Tcon","GO_BP","GOBP_POSITIVE_REGULATION_OF_RESPONSE_TO_BIOTIC_STIMULUS","up",1.74257261,3.13132126e-05,2.79333059e-05,340,5902,11459,1107,1092
"Tcon","GO_BP","GOBP_CALCIUM_ION_TRANSMEMBRANE_TRANSPORT","up",1.91114742,3.20164914e-05,2.86612749e-05,176,5902,11459,1107,1092
"Tcon","GO_BP","GOBP_MUSCLE_CELL_PROLIFERATION","up",2.06180119,3.46306716e-05,3.09250368e-05,122,5902,11459,1107,1092
"Tcon","GO_BP","GOBP_RIBOSOME_ASSEMBLY","down",-2.21765957,3.50103963e-05,3.13727392e-05,59,5902,11459,1107,1092
"Tcon","GO_BP","GOBP_NEGATIVE_REGULATION_OF_CELL_DEVELOPMENT","up",1.92067616,3.64579823e-05,3.25900793e-05,173,5902,11459,1107,1092
"Tcon","GO_BP","GOBP_POSITIVE_REGULATION_OF_CHEMOTAXIS","up",2.10819838,3.74545574e-05,3.35956591e-05,94,5902,11459,1107,1092
"Tcon","GO_BP","GOBP_INFLAMMATORY_CELL_APOPTOTIC_PROCESS","up",2.28320595,3.91399028e-05,3.49211295e-05,16,5902,11459,1107,1092
"Tcon","GO_BP","GOBP_REGULATION_OF_PROTEIN_CONTAINING_COMPLEX_ASSEMBLY","up",1.73451343,3.96847434e-05,3.55272506e-05,330,5902,11459,1107,1092
"Tcon","GO_BP","GOBP_MEMBRANE_FUSION","up",2.00280543,4.11201504e-05,3.67324029e-05,131,5902,11459,1107,1092
"Tcon","GO_BP","GOBP_REGULATION_OF_NEUROINFLAMMATORY_RESPONSE","up",2.30114227,4.11201504e-05,3.68145647e-05,32,5902,11459,1107,1092
"Tcon","GO_BP","GOBP_PLACENTA_DEVELOPMENT","up",2.06904144,4.42567852e-05,3.96771324e-05,103,5902,11459,1107,1092
"Tcon","GO_BP","GOBP_POSITIVE_REGULATION_OF_MONONUCLEAR_CELL_MIGRATION","up",2.12597024,5.02658132e-05,4.52127386e-05,76,5902,11459,1107,1092
"Tcon","GO_BP","GOBP_BIOLOGICAL_PROCESS_INVOLVED_IN_INTERACTION_WITH_HOST","up",2.00462046,5.12302492e-05,4.62306047e-05,126,5902,11459,1107,1092
"Tcon","GO_BP","GOBP_T_HELPER_1_TYPE_IMMUNE_RESPONSE","up",2.18009048,5.31926752e-05,4.82461335e-05,59,5902,11459,1107,1092
"Tcon","GO_BP","GOBP_REGULATION_OF_T_CELL_MEDIATED_IMMUNITY","up",2.0802932,5.31926752e-05,4.83111752e-05,91,5902,11459,1107,1092
"Tcon","GO_BP","GOBP_MUSCLE_CONTRACTION","down",-1.80379437,5.35626248e-05,4.86658372e-05,219,5902,11459,1107,1092
"Tcon","GO_BP","GOBP_REGULATION_OF_MONONUCLEAR_CELL_MIGRATION","up",2.05761657,5.52830503e-05,4.98548424e-05,110,5902,11459,1107,1092
"Tcon","GO_BP","GOBP_REGULATION_OF_RESPONSE_TO_CYTOKINE_STIMULUS","up",1.9312495,5.52830503e-05,4.98548424e-05,155,5902,11459,1107,1092
"Tcon","GO_BP","GOBP_PROTEIN_LOCALIZATION_TO_CELL_PERIPHERY","up",1.78263067,5.82341273e-05,5.22539917e-05,266,5902,11459,1107,1092
"Tcon","GO_BP","GOBP_NEGATIVE_REGULATION_OF_HEMOPOIESIS","up",2.03955227,6.30118028e-05,5.65659294e-05,98,5902,11459,1107,1092
"Tcon","GO_BP","GOBP_POSITIVE_REGULATION_OF_PRODUCTION_OF_MOLECULAR_MEDIATOR_OF_IMMUNE_RESPONSE","up",2.03558689,6.35564488e-05,5.72327229e-05,101,5902,11459,1107,1092
"Tcon","GO_BP","GOBP_ACTIN_FILAMENT_ORGANIZATION","up",1.71488864,6.51093114e-05,5.87528759e-05,322,5902,11459,1107,1092
"Tcon","GO_BP","GOBP_NEGATIVE_REGULATION_OF_INFLAMMATORY_RESPONSE","up",1.94943301,6.53779958e-05,5.89217742e-05,141,5902,11459,1107,1092
"Tcon","GO_BP","GOBP_BIOMINERAL_TISSUE_DEVELOPMENT","up",2.06657,6.77770287e-05,6.12704271e-05,91,5902,11459,1107,1092
"Tcon","GO_BP","GOBP_REGULATION_OF_PRODUCTION_OF_MOLECULAR_MEDIATOR_OF_IMMUNE_RESPONSE","up",1.97942693,6.78103966e-05,6.14862285e-05,133,5902,11459,1107,1092
"Tcon","GO_BP","GOBP_REGULATION_OF_CALCIUM_ION_TRANSPORT","up",1.98747274,6.85518786e-05,6.23452371e-05,128,5902,11459,1107,1092
"Tcon","GO_BP","GOBP_NEGATIVE_REGULATION_OF_SECRETION","up",2.08749384,6.91951594e-05,6.29524876e-05,96,5902,11459,1107,1092
"Tcon","GO_BP","GOBP_EPITHELIAL_TUBE_MORPHOGENESIS","up",1.87276934,7.13235909e-05,6.50810342e-05,190,5902,11459,1107,1092
"Tcon","GO_BP","GOBP_PHOSPHATIDYLINOSITOL_3_KINASE_PROTEIN_KINASE_B_SIGNAL_TRANSDUCTION","up",1.78198767,7.22966943e-05,6.61627129e-05,225,5902,11459,1107,1092
"Tcon","GO_BP","GOBP_POSITIVE_REGULATION_OF_PROTEIN_LOCALIZATION","up",1.72130313,7.45859912e-05,6.8279269e-05,315,5902,11459,1107,1092
"Tcon","GO_BP","GOBP_CYTOKINE_PRODUCTION_INVOLVED_IN_IMMUNE_RESPONSE","up",2.11626083,7.47786047e-05,6.84666941e-05,85,5902,11459,1107,1092
"Tcon","GO_BP","GOBP_REGULATION_OF_EXTRINSIC_APOPTOTIC_SIGNALING_PATHWAY","up",1.99679786,7.72625634e-05,7.07733647e-05,124,5902,11459,1107,1092
"Tcon","GO_BP","GOBP_B_CELL_MEDIATED_IMMUNITY","up",2.02508233,7.939605e-05,7.2749845e-05,101,5902,11459,1107,1092
"Tcon","GO_BP","GOBP_REGULATION_OF_LYMPHOCYTE_MEDIATED_IMMUNITY","up",1.9170525,8.12785881e-05,7.46868355e-05,162,5902,11459,1107,1092
"Tcon","GO_BP","GOBP_REGULATION_OF_PEPTIDYL_TYROSINE_PHOSPHORYLATION","up",2.18064084,8.21172698e-05,7.56706389e-05,58,5902,11459,1107,1092
"Tcon","GO_BP","GOBP_REGULATION_OF_MYELOID_CELL_DIFFERENTIATION","up",1.93196914,9.18868987e-05,8.36401079e-05,156,5902,11459,1107,1092
"Tcon","GO_BP","GOBP_REGULATION_OF_NERVOUS_SYSTEM_DEVELOPMENT","up",1.78141499,9.86309097e-05,8.95861746e-05,248,5902,11459,1107,1092
"Tcon","GO_BP","GOBP_REGULATION_OF_LYMPHOCYTE_CHEMOTAXIS","up",2.25601515,9.95774536e-05,9.05069093e-05,19,5902,11459,1107,1092
"Tcon","GO_BP","GOBP_TYPE_2_IMMUNE_RESPONSE","up",2.21688315,9.95774536e-05,9.05069093e-05,37,5902,11459,1107,1092
"Tcon","GO_BP","GOBP_REGULATION_OF_CD4_POSITIVE_ALPHA_BETA_T_CELL_ACTIVATION","up",2.13345191,0.000100865272,9.19320825e-05,66,5902,11459,1107,1092
"Tcon","GO_BP","GOBP_REGULATION_OF_CHEMOTAXIS","up",1.95793981,0.000101184259,9.22520354e-05,131,5902,11459,1107,1092
"Tcon","GO_BP","GOBP_POSITIVE_REGULATION_OF_ADAPTIVE_IMMUNE_RESPONSE","up",1.97009851,0.000106267805,9.66831101e-05,108,5902,11459,1107,1092
"Tcon","GO_BP","GOBP_INTERLEUKIN_8_PRODUCTION","up",2.16316673,0.000117878058,0.000107280742,61,5902,11459,1107,1092
"Tcon","GO_BP","GOBP_REGULATED_EXOCYTOSIS","up",1.87940413,0.00012140627,0.000110263222,152,5902,11459,1107,1092
"Tcon","GO_BP","GOBP_REGULATION_OF_LEUKOCYTE_CHEMOTAXIS","up",2.06366689,0.000121902296,0.000111013638,89,5902,11459,1107,1092
"Tcon","GO_BP","GOBP_SYMBIONT_ENTRY_INTO_HOST","up",2.01642582,0.000123738976,0.00011298925,99,5902,11459,1107,1092
"Tcon","GO_BP","GOBP_T_CELL_MEDIATED_IMMUNITY","up",1.99373855,0.000132991691,0.000120902747,117,5902,11459,1107,1092
"Tcon","GO_BP","GOBP_REGULATION_OF_CD4_POSITIVE_ALPHA_BETA_T_CELL_DIFFERENTIATION","up",2.12084849,0.000136136326,0.000124129163,55,5902,11459,1107,1092
"Tcon","GO_BP","GOBP_MACROAUTOPHAGY","up",1.67244764,0.000136136326,0.000124129163,343,5902,11459,1107,1092
"Tcon","GO_BP","GOBP_POSITIVE_REGULATION_OF_CALCIUM_ION_TRANSPORT","up",2.15174485,0.000139623545,0.00012705164,51,5902,11459,1107,1092
"Tcon","GO_BP","GOBP_LEUKOCYTE_APOPTOTIC_PROCESS","up",1.99931146,0.000142922142,0.000130093372,93,5902,11459,1107,1092
"Tcon","GO_BP","GOBP_REGULATION_OF_RECEPTOR_SIGNALING_PATHWAY_VIA_STAT","up",2.12429855,0.000143007243,0.000131509261,67,5902,11459,1107,1092
"Tcon","GO_BP","GOBP_NATURAL_KILLER_CELL_MEDIATED_IMMUNITY","up",2.08906945,0.000143007243,0.000131509261,75,5902,11459,1107,1092
"Tcon","GO_BP","GOBP_RESPONSE_TO_TYPE_I_INTERFERON","up",2.00607456,0.000143007243,0.000131509261,99,5902,11459,1107,1092
"Tcon","GO_BP","GOBP_ORGANOPHOSPHATE_CATABOLIC_PROCESS","up",1.82946909,0.000143007243,0.000131509261,190,5902,11459,1107,1092
"Tcon","GO_BP","GOBP_B_CELL_ACTIVATION","up",1.7369818,0.000145287938,0.000133483818,233,5902,11459,1107,1092
"Tcon","GO_BP","GOBP_POSITIVE_REGULATION_OF_ALPHA_BETA_T_CELL_ACTIVATION","up",2.0801466,0.000147874856,0.000135758136,64,5902,11459,1107,1092
"Tcon","GO_BP","GOBP_T_CELL_MIGRATION","up",2.14677862,0.000149564342,0.000137654733,61,5902,11459,1107,1092
"Tcon","GO_BP","GOBP_INTRINSIC_APOPTOTIC_SIGNALING_PATHWAY","up",1.72539491,0.000152047319,0.000139660592,274,5902,11459,1107,1092
"Tcon","GO_BP","GOBP_POSITIVE_REGULATION_OF_PEPTIDYL_TYROSINE_PHOSPHORYLATION","up",2.19156441,0.00016115502,0.000147079001,38,5902,11459,1107,1092
"Tcon","GO_BP","GOBP_NEGATIVE_REGULATION_OF_APOPTOTIC_SIGNALING_PATHWAY","up",1.80203651,0.000178076002,0.000163204835,175,5902,11459,1107,1092
"Tcon","GO_BP","GOBP_POSITIVE_REGULATION_OF_CELL_PROJECTION_ORGANIZATION","up",1.78735195,0.000178076002,0.000163204835,242,5902,11459,1107,1092
"Tcon","GO_BP","GOBP_CYTOPLASMIC_TRANSLATIONAL_INITIATION","down",-2.16575736,0.000178076002,0.000163372884,47,5902,11459,1107,1092
"Tcon","GO_BP","GOBP_T_CELL_MEDIATED_CYTOTOXICITY","up",2.1375571,0.000187549708,0.000172076475,47,5902,11459,1107,1092
"Tcon","GO_BP","GOBP_PEPTIDYL_TYROSINE_MODIFICATION","up",1.9922407,0.000187549708,0.000172151557,90,5902,11459,1107,1092
"Tcon","GO_BP","GOBP_REGULATION_OF_PROTEOLYSIS","up",1.66434741,0.000198206533,0.000181978905,330,5902,11459,1107,1092
"Tcon","GO_BP","GOBP_T_CELL_DIFFERENTIATION_INVOLVED_IN_IMMUNE_RESPONSE","up",1.97220668,0.000199718736,0.000183412718,101,5902,11459,1107,1092
"Tcon","GO_BP","GOBP_CELLULAR_RESPONSE_TO_TYPE_II_INTERFERON","up",2.03498439,0.000223805329,0.000205142055,84,5902,11459,1107,1092
"Tcon","GO_BP","GOBP_REGULATION_OF_PHAGOCYTOSIS","up",2.01369104,0.000224284127,0.000206073168,77,5902,11459,1107,1092
"Tcon","GO_BP","GOBP_NEGATIVE_REGULATION_OF_SMOOTH_MUSCLE_CELL_PROLIFERATION","up",2.1700507,0.000229486633,0.000211354758,33,5902,11459,1107,1092
"Tcon","GO_BP","GOBP_PRODUCTION_OF_MOLECULAR_MEDIATOR_INVOLVED_IN_INFLAMMATORY_RESPONSE","up",2.01713186,0.000234011421,0.000215113925,79,5902,11459,1107,1092
"Tcon","GO_BP","GOBP_FIBROBLAST_MIGRATION","up",2.14578835,0.000234079701,0.000215683681,42,5902,11459,1107,1092
"Tcon","GO_BP","GOBP_ACTIVATION_OF_INNATE_IMMUNE_RESPONSE","up",1.72015263,0.000247021688,0.000226703469,266,5902,11459,1107,1092
"Tcon","GO_BP","GOBP_HOMEOSTASIS_OF_NUMBER_OF_CELLS_WITHIN_A_TISSUE","up",2.17520114,0.000266168581,0.000243824437,30,5902,11459,1107,1092
"Tcon","GO_BP","GOBP_REGULATION_OF_CELL_SUBSTRATE_ADHESION","up",1.90802539,0.000266601223,0.000244790337,143,5902,11459,1107,1092
"Tcon","GO_BP","GOBP_REGULATION_OF_ALPHA_BETA_T_CELL_DIFFERENTIATION","up",2.09335477,0.000282477216,0.000259968488,70,5902,11459,1107,1092
"Tcon","GO_BP","GOBP_REGULATION_OF_CELLULAR_RESPONSE_TO_GROWTH_FACTOR_STIMULUS","up",1.82460447,0.000288217369,0.000264763299,184,5902,11459,1107,1092
"Tcon","GO_BP","GOBP_POSITIVE_REGULATION_OF_PROTEIN_LOCALIZATION_TO_MEMBRANE","up",2.07533441,0.000294653912,0.000270739295,55,5902,11459,1107,1092
"Tcon","GO_BP","GOBP_EXTERNAL_ENCAPSULATING_STRUCTURE_ORGANIZATION","up",1.902332,0.000298859703,0.000275231345,143,5902,11459,1107,1092
"Tcon","GO_BP","GOBP_MACROPHAGE_APOPTOTIC_PROCESS","up",2.12499446,0.000302869517,0.000278985868,10,5902,11459,1107,1092
"Tcon","GO_BP","GOBP_NEGATIVE_REGULATION_OF_IMMUNE_EFFECTOR_PROCESS","up",1.9624559,0.000306514157,0.000283102397,103,5902,11459,1107,1092
"Tcon","GO_BP","GOBP_REGULATION_OF_CELL_MORPHOGENESIS","up",1.85307464,0.000306514157,0.000283617104,170,5902,11459,1107,1092
"Tcon","GO_BP","GOBP_VASCULAR_PROCESS_IN_CIRCULATORY_SYSTEM","up",1.8684254,0.00031522971,0.00029114918,145,5902,11459,1107,1092
"Tcon","GO_BP","GOBP_INTERLEUKIN_6_PRODUCTION","up",1.93361316,0.000327308956,0.000302429678,113,5902,11459,1107,1092
"Tcon","GO_BP","GOBP_NEGATIVE_REGULATION_OF_LOCOMOTION","up",1.78062225,0.000327308956,0.000302429678,213,5902,11459,1107,1092
"Tcon","GO_BP","GOBP_OSSIFICATION","up",1.72810095,0.000333061154,0.000308765476,238,5902,11459,1107,1092
"Tcon","GO_BP","GOBP_MATURATION_OF_SSU_RRNA","down",-2.07716426,0.000333061154,0.000309100277,67,5902,11459,1107,1092
"Tcon","GO_BP","GOBP_REGULATION_OF_EXOCYTOSIS","up",1.92009368,0.000337111426,0.000312534837,122,5902,11459,1107,1092
"Tcon","GO_BP","GOBP_GRANULOCYTE_ACTIVATION","up",2.11193894,0.00034706568,0.000319677827,41,5902,11459,1107,1092
"Tcon","GO_BP","GOBP_POSITIVE_REGULATION_OF_LEUKOCYTE_MEDIATED_IMMUNITY","up",1.90782446,0.000361165733,0.000332379868,124,5902,11459,1107,1092
"Tcon","GO_BP","GOBP_INTRACELLULAR_RECEPTOR_SIGNALING_PATHWAY","up",1.65890768,0.000369881433,0.000340836705,312,5902,11459,1107,1092
"Tcon","GO_BP","GOBP_REGULATION_OF_MUSCLE_SYSTEM_PROCESS","up",1.86757034,0.000372212916,0.000343725233,131,5902,11459,1107,1092
"Tcon","GO_BP","GOBP_RECEPTOR_MEDIATED_ENDOCYTOSIS","up",1.76985431,0.00037842039,0.000349303853,187,5902,11459,1107,1092
"Tcon","GO_BP","GOBP_POSITIVE_REGULATION_OF_INTERLEUKIN_8_PRODUCTION","up",2.11754394,0.000387082868,0.000356908435,44,5902,11459,1107,1092
"Tcon","GO_BP","GOBP_POSITIVE_REGULATION_OF_LYMPHOCYTE_CHEMOTAXIS","up",2.21073336,0.000400115765,0.000368292104,15,5902,11459,1107,1092
"Tcon","GO_BP","GOBP_REGULATION_OF_GRANULOCYTE_CHEMOTAXIS","up",2.16860815,0.00040977543,0.000375908513,36,5902,11459,1107,1092
"Tcon","GO_BP","GOBP_ERBB_SIGNALING_PATHWAY","up",1.99068846,0.00040977543,0.000375908513,97,5902,11459,1107,1092
"Tcon","GO_BP","GOBP_LYMPHOCYTE_MIGRATION","up",1.9831409,0.0004210644,0.000387081241,89,5902,11459,1107,1092
"Tcon","GO_BP","GOBP_POSITIVE_REGULATION_OF_INFLAMMATORY_RESPONSE","up",1.87945516,0.000427394854,0.000392983806,126,5902,11459,1107,1092
"Tcon","GO_BP","GOBP_POSITIVE_REGULATION_OF_PHAGOCYTOSIS","up",2.04558314,0.000432980167,0.000398952819,55,5902,11459,1107,1092
"Tcon","GO_BP","GOBP_MACROPHAGE_MIGRATION","up",2.0984171,0.000451015762,0.000414876178,42,5902,11459,1107,1092
"Tcon","GO_BP","GOBP_NEGATIVE_REGULATION_OF_OSSIFICATION","up",2.15119984,0.000454027757,0.000418513867,22,5902,11459,1107,1092
"Tcon","GO_BP","GOBP_PROTEIN_LOCALIZATION_TO_EXTRACELLULAR_REGION","up",1.69439685,0.000468410127,0.000430254286,236,5902,11459,1107,1092
"Tcon","GO_BP","GOBP_FC_GAMMA_RECEPTOR_SIGNALING_PATHWAY","up",2.1345102,0.000493702908,0.000451911439,31,5902,11459,1107,1092
"Tcon","GO_BP","GOBP_TEMPERATURE_HOMEOSTASIS","up",1.87102951,0.000495195364,0.000453378274,126,5902,11459,1107,1092
"Tcon","GO_BP","GOBP_CALCIUM_MEDIATED_SIGNALING","up",1.82374792,0.000504951112,0.00046241214,150,5902,11459,1107,1092
"Tcon","GO_BP","GOBP_NEGATIVE_REGULATION_OF_LYMPHOCYTE_DIFFERENTIATION","up",2.08133601,0.000519272121,0.000474464167,58,5902,11459,1107,1092
"Tcon","GO_BP","GOBP_NEGATIVE_REGULATION_OF_ANTIGEN_RECEPTOR_MEDIATED_SIGNALING_PATHWAY","up",2.06720703,0.000519272121,0.000474872249,47,5902,11459,1107,1092
"Tcon","GO_BP","GOBP_EPITHELIAL_CELL_PROLIFERATION","up",1.69650897,0.000524487287,0.000479748055,238,5902,11459,1107,1092
"Tcon","GO_BP","GOBP_DENDRITIC_CELL_CHEMOTAXIS","up",2.14176409,0.000550648887,0.000501085417,21,5902,11459,1107,1092
"Tcon","GO_BP","GOBP_NEGATIVE_REGULATION_OF_CARDIAC_MUSCLE_ADAPTATION","up",1.93760598,0.000623786971,0.00056390336,6,5902,11459,1107,1092
"Tcon","GO_BP","GOBP_MAINTENANCE_OF_LOCATION","up",1.84650313,0.000623786971,0.00056390336,149,5902,11459,1107,1092
"Tcon","GO_BP","GOBP_MYELOID_CELL_APOPTOTIC_PROCESS","up",2.10909016,0.000630274736,0.000570919599,25,5902,11459,1107,1092
"Tcon","GO_BP","GOBP_NATURAL_KILLER_CELL_CHEMOTAXIS","up",2.04088035,0.000635677263,0.000576970439,8,5902,11459,1107,1092
"Tcon","GO_BP","GOBP_STRIATED_MUSCLE_CELL_DIFFERENTIATION","down",-1.71932465,0.000635686615,0.000578131972,204,5902,11459,1107,1092
"Tcon","GO_BP","GOBP_MYELOID_CELL_ACTIVATION_INVOLVED_IN_IMMUNE_RESPONSE","up",1.99504599,0.00063838392,0.000581738946,83,5902,11459,1107,1092
"Tcon","GO_BP","GOBP_PROTEIN_LOCALIZATION_TO_PLASMA_MEMBRANE","up",1.70674036,0.000654120592,0.000595176429,219,5902,11459,1107,1092
"Tcon","GO_BP","GOBP_REGULATION_OF_PROTEIN_TRANSPORT","up",1.63935564,0.000670476102,0.000609237192,302,5902,11459,1107,1092
"Tcon","GO_BP","GOBP_POSITIVE_REGULATION_OF_T_CELL_PROLIFERATION","up",1.97526711,0.000670476102,0.000609286484,85,5902,11459,1107,1092
"Tcon","GO_BP","GOBP_NEGATIVE_REGULATION_OF_T_CELL_RECEPTOR_SIGNALING_PATHWAY","up",2.08554723,0.000705126501,0.000638470322,38,5902,11459,1107,1092
"Tcon","GO_BP","GOBP_EXTRINSIC_APOPTOTIC_SIGNALING_PATHWAY_VIA_DEATH_DOMAIN_RECEPTORS","up",1.99157323,0.000705126501,0.000638470322,73,5902,11459,1107,1092
"Tcon","GO_BP","GOBP_INTERLEUKIN_10_PRODUCTION","up",2.03758244,0.000714977287,0.000647024077,53,5902,11459,1107,1092
"Tcon","GO_BP","GOBP_NEGATIVE_REGULATION_OF_PHOSPHORYLATION","up",1.92522415,0.000714977287,0.000647024077,96,5902,11459,1107,1092
"Tcon","GO_BP","GOBP_ORGANIC_HYDROXY_COMPOUND_TRANSPORT","up",1.84336863,0.000742127338,0.000672895379,143,5902,11459,1107,1092
"Tcon","GO_BP","GOBP_REGULATION_OF_OSTEOCLAST_DIFFERENTIATION","up",2.02859412,0.000752512095,0.000682473943,52,5902,11459,1107,1092
"Tcon","GO_BP","GOBP_ENDOTHELIAL_CELL_PROLIFERATION","up",1.88707217,0.000768792014,0.000697403637,92,5902,11459,1107,1092
"Tcon","GO_BP","GOBP_DETECTION_OF_BIOTIC_STIMULUS","up",2.15794322,0.000781157543,0.000708787447,27,5902,11459,1107,1092
"Tcon","GO_BP","GOBP_AMYLOID_BETA_CLEARANCE","up",2.1227859,0.000782450735,0.000712662677,36,5902,11459,1107,1092
"Tcon","GO_BP","GOBP_REGULATION_OF_CELL_KILLING","up",1.94120702,0.000782450735,0.000712662677,89,5902,11459,1107,1092
"Tcon","GO_BP","GOBP_CHEMOKINE_PRODUCTION","up",1.97451676,0.000799325926,0.000729405899,64,5902,11459,1107,1092
"Tcon","GO_BP","GOBP_REGULATION_OF_CARDIAC_MUSCLE_ADAPTATION","up",2.0344677,0.000801346965,0.000732737801,7,5902,11459,1107,1092
"Tcon","GO_BP","GOBP_REGULATION_OF_KINASE_ACTIVITY","up",1.71083083,0.000801346965,0.000732772459,208,5902,11459,1107,1092
"Tcon","GO_BP","GOBP_CELL_MATRIX_ADHESION","up",1.76946754,0.000868799389,0.00079471994,154,5902,11459,1107,1092
"Tcon","GO_BP","GOBP_EOSINOPHIL_MIGRATION","up",2.07667264,0.000868799389,0.000796242471,10,5902,11459,1107,1092
"Tcon","GO_BP","GOBP_POSITIVE_REGULATION_OF_PHOSPHATIDYLINOSITOL_3_KINASE_PROTEIN_KINASE_B_SIGNAL_TRANSDUCTION","up",1.83274649,0.000868799389,0.000796242471,133,5902,11459,1107,1092
"Tcon","GO_BP","GOBP_CELLULAR_PIGMENTATION","up",2.02466523,0.000881129532,0.00080579028,54,5902,11459,1107,1092
"Tcon","GO_BP","GOBP_T_CELL_RECEPTOR_SIGNALING_PATHWAY","up",1.84058255,0.000884063253,0.000809382361,137,5902,11459,1107,1092
"Tcon","GO_BP","GOBP_RESPONSE_TO_TUMOR_NECROSIS_FACTOR","up",1.74574097,0.000884063253,0.000809382361,169,5902,11459,1107,1092
"Tcon","GO_BP","GOBP_REGULATION_OF_RESPONSE_TO_WOUNDING","up",1.85874347,0.000889595941,0.000814606989,100,5902,11459,1107,1092
"Tcon","GO_BP","GOBP_REGULATION_OF_LIPID_LOCALIZATION","up",1.92133705,0.000892241821,0.000818664617,102,5902,11459,1107,1092
"Tcon","GO_BP","GOBP_REGULATION_OF_HYDROLASE_ACTIVITY","up",1.86748362,0.000892241821,0.000818664617,113,5902,11459,1107,1092
"Tcon","GO_BP","GOBP_NEURON_APOPTOTIC_PROCESS","up",1.70971985,0.000918069117,0.00083981888,202,5902,11459,1107,1092
"Tcon","GO_BP","GOBP_REGULATION_OF_RECEPTOR_SIGNALING_PATHWAY_VIA_JAK_STAT","up",1.98309201,0.000944774863,0.000863038796,59,5902,11459,1107,1092
"Tcon","GO_BP","GOBP_GLIAL_CELL_ACTIVATION","up",2.05062685,0.000962448885,0.000877963274,44,5902,11459,1107,1092
"Tcon","GO_BP","GOBP_SMOOTH_MUSCLE_CELL_PROLIFERATION","up",1.91650596,0.00100130483,0.000913593911,89,5902,11459,1107,1092
"Tcon","GO_BP","GOBP_ESTABLISHMENT_OF_ENDOTHELIAL_BARRIER","up",2.03107219,0.0010759809,0.000974243419,40,5902,11459,1107,1092
"Tcon","GO_BP","GOBP_POSITIVE_REGULATION_OF_CD4_POSITIVE_ALPHA_BETA_T_CELL_ACTIVATION","up",2.08222717,0.00109351509,0.00098879999,39,5902,11459,1107,1092
"Tcon","GO_BP","GOBP_MACROPHAGE_ACTIVATION_INVOLVED_IN_IMMUNE_RESPONSE","up",2.09588748,0.00112657517,0.00101915835,21,5902,11459,1107,1092
"Tcon","GO_BP","GOBP_POSITIVE_REGULATION_OF_PROTEIN_CONTAINING_COMPLEX_ASSEMBLY","up",1.76187511,0.00112657517,0.00101915835,158,5902,11459,1107,1092
"Tcon","GO_BP","GOBP_ANTIMICROBIAL_HUMORAL_RESPONSE","up",2.06005687,0.0011266264,0.00102101024,49,5902,11459,1107,1092
"Tcon","GO_BP","GOBP_POSITIVE_REGULATION_OF_ESTABLISHMENT_OF_PROTEIN_LOCALIZATION","up",1.64490708,0.00112675318,0.00102292532,233,5902,11459,1107,1092
"Tcon","GO_BP","GOBP_REGULATION_OF_PLASMA_MEMBRANE_ORGANIZATION","up",2.15067549,0.00117073051,0.00105981592,15,5902,11459,1107,1092
"Tcon","GO_BP","GOBP_NEGATIVE_REGULATION_OF_CELLULAR_RESPONSE_TO_GROWTH_FACTOR_STIMULUS","up",1.99468487,0.00118414788,0.00107056242,52,5902,11459,1107,1092
"Tcon","GO_BP","GOBP_INFLAMMATORY_RESPONSE_TO_ANTIGENIC_STIMULUS","up",2.00827505,0.00118838224,0.00107627005,61,5902,11459,1107,1092
"Tcon","GO_BP","GOBP_EPITHELIAL_CELL_DEVELOPMENT","up",1.79276912,0.00120696047,0.00109167539,138,5902,11459,1107,1092
"Tcon","GO_BP","GOBP_GLYCOSPHINGOLIPID_METABOLIC_PROCESS","up",1.98292096,0.00123454065,0.00111856104,50,5902,11459,1107,1092
"Tcon","GO_BP","GOBP_CALCIUM_ION_TRANSMEMBRANE_IMPORT_INTO_CYTOSOL","up",1.87689101,0.00123650241,0.00112227555,103,5902,11459,1107,1092
"Tcon","GO_BP","GOBP_AMEBOIDAL_TYPE_CELL_MIGRATION","up",1.77876195,0.00124416803,0.00112947004,161,5902,11459,1107,1092
"Tcon","GO_BP","GOBP_REGULATION_OF_PROTEIN_CATABOLIC_PROCESS","up",1.60555607,0.00127069906,0.0011520634,326,5902,11459,1107,1092
"Tcon","GO_BP","GOBP_REGULATION_OF_NEUROGENESIS","up",1.68948574,0.00128161057,0.00116220229,217,5902,11459,1107,1092
"Tcon","GO_BP","GOBP_POSITIVE_REGULATION_OF_LYMPHOCYTE_DIFFERENTIATION","up",1.82779052,0.00131745329,0.001194957,124,5902,11459,1107,1092
"Tcon","GO_BP","GOBP_CELLULAR_COMPONENT_DISASSEMBLY","up",1.56366863,0.00133696494,0.00121290813,358,5902,11459,1107,1092
"Tcon","GO_BP","GOBP_ORGANIC_ACID_TRANSPORT","up",1.73940289,0.00133981677,0.00121755451,183,5902,11459,1107,1092
"Tcon","GO_BP","GOBP_NEGATIVE_REGULATION_OF_LIPID_TRANSPORT","up",2.0495604,0.00134463253,0.00122399125,20,5902,11459,1107,1092
"Tcon","GO_BP","GOBP_REGULATION_OF_BIOMINERAL_TISSUE_DEVELOPMENT","up",1.99047478,0.00138740511,0.00126528761,53,5902,11459,1107,1092
"Tcon","GO_BP","GOBP_NEGATIVE_REGULATION_OF_VASCULATURE_DEVELOPMENT","up",1.9610388,0.00138740511,0.00126528761,67,5902,11459,1107,1092
"Tcon","GO_BP","GOBP_REGULATION_OF_LIPID_BIOSYNTHETIC_PROCESS","up",1.81811191,0.00138928831,0.00126911473,128,5902,11459,1107,1092
"Tcon","GO_BP","GOBP_INTEGRIN_MEDIATED_SIGNALING_PATHWAY","up",1.88747,0.00139097825,0.00127276451,80,5902,11459,1107,1092
"Tcon","GO_BP","GOBP_REGULATION_OF_B_CELL_ACTIVATION","up",1.82167763,0.00139317119,0.00127687422,119,5902,11459,1107,1092
"Tcon","GO_BP","GOBP_T_CELL_ACTIVATION_VIA_T_CELL_RECEPTOR_CONTACT_WITH_ANTIGEN_BOUND_TO_MHC_MOLECULE_ON_ANTIGEN_PRESENTING_CELL","up",2.06495685,0.00140149716,0.00128661466,13,5902,11459,1107,1092
"Tcon","GO_BP","GOBP_REGULATION_OF_PROTEIN_LOCALIZATION_TO_MEMBRANE","up",1.83004189,0.00141936328,0.00130133018,118,5902,11459,1107,1092
"Tcon","GO_BP","GOBP_RESPONSE_TO_OXIDATIVE_STRESS","up",1.5658724,0.00144120325,0.00131965686,330,5902,11459,1107,1092
"Tcon","GO_BP","GOBP_CALCIUM_ION_IMPORT","up",2.06457463,0.00148556962,0.00136821146,39,5902,11459,1107,1092
"Tcon","GO_BP","GOBP_REGULATION_OF_TYPE_2_IMMUNE_RESPONSE","up",2.05422967,0.00148556962,0.00136821146,28,5902,11459,1107,1092
"Tcon","GO_BP","GOBP_CELLULAR_RESPONSE_TO_NUTRIENT_LEVELS","up",1.71963766,0.00148556962,0.00136821146,198,5902,11459,1107,1092
"Tcon","GO_BP","GOBP_REGULATION_OF_CELLULAR_RESPONSE_TO_TRANSFORMING_GROWTH_FACTOR_BETA_STIMULUS","up",1.82711479,0.00148556962,0.00136910362,100,5902,11459,1107,1092
"Tcon","GO_BP","GOBP_T_HELPER_1_CELL_CYTOKINE_PRODUCTION","up",1.99191016,0.00149582555,0.00138125439,8,5902,11459,1107,1092
"Tcon","GO_BP","GOBP_REGULATION_OF_T_CELL_MEDIATED_CYTOTOXICITY","up",2.03479357,0.00149582555,0.00138295856,37,5902,11459,1107,1092
"Tcon","GO_BP","GOBP_REGULATION_OF_CELL_MATRIX_ADHESION","up",1.88886504,0.00149601612,0.00138551947,91,5902,11459,1107,1092
"Tcon","GO_BP","GOBP_TISSUE_HOMEOSTASIS","up",1.75748981,0.00149601612,0.00138551947,160,5902,11459,1107,1092
"Tcon","GO_BP","GOBP_NEGATIVE_REGULATION_OF_NEURON_APOPTOTIC_PROCESS","up",1.84744651,0.0015043392,0.00139142674,107,5902,11459,1107,1092
"Tcon","GO_BP","GOBP_MACROPHAGE_CHEMOTAXIS","up",2.07144271,0.00155197575,0.00143364558,30,5902,11459,1107,1092
"Tcon","GO_BP","GOBP_REGULATION_OF_ENDOCYTOSIS","up",1.67640478,0.00157389825,0.00145410683,217,5902,11459,1107,1092
"Tcon","GO_BP","GOBP_BASE_CONVERSION_OR_SUBSTITUTION_EDITING","up",2.09865755,0.0015917664,0.00147082642,12,5902,11459,1107,1092
"Tcon","GO_BP","GOBP_ENDOTHELIAL_CELL_MIGRATION","up",1.74047637,0.0016180257,0.00149530427,155,5902,11459,1107,1092
"Tcon","GO_BP","GOBP_REGULATION_OF_T_CELL_CHEMOTAXIS","up",2.09626303,0.00169338838,0.00156556381,12,5902,11459,1107,1092
"Tcon","GO_BP","GOBP_INTERLEUKIN_17_PRODUCTION","up",2.00559057,0.00174684755,0.00161254813,33,5902,11459,1107,1092
"Tcon","GO_BP","GOBP_NEGATIVE_REGULATION_OF_LIPID_LOCALIZATION","up",2.00399508,0.00175921423,0.00162647334,33,5902,11459,1107,1092
"Tcon","GO_BP","GOBP_NEGATIVE_REGULATION_OF_T_CELL_MEDIATED_IMMUNITY","up",2.02689098,0.00176079358,0.00163043804,32,5902,11459,1107,1092
"Tcon","GO_BP","GOBP_IMPORT_ACROSS_PLASMA_MEMBRANE","up",1.80007512,0.00178419747,0.00164561178,108,5902,11459,1107,1092
"Tcon","GO_BP","GOBP_POSITIVE_REGULATION_OF_TRANSMEMBRANE_TRANSPORT","up",1.82866771,0.0017905271,0.0016538163,101,5902,11459,1107,1092
"Tcon","GO_BP","GOBP_SENSORY_SYSTEM_DEVELOPMENT","up",1.65857719,0.0017991284,0.00166429733,218,5902,11459,1107,1092
"Tcon","GO_BP","GOBP_RIBONUCLEOTIDE_CATABOLIC_PROCESS","up",1.82158503,0.0018354521,0.00169634602,106,5902,11459,1107,1092
"Tcon","GO_BP","GOBP_ESTABLISHMENT_OF_PIGMENT_GRANULE_LOCALIZATION","up",2.06241884,0.0018354521,0.00169836116,19,5902,11459,1107,1092
"Tcon","GO_BP","GOBP_CERAMIDE_METABOLIC_PROCESS","up",1.90696608,0.00184576742,0.00171048612,74,5902,11459,1107,1092
"Tcon","GO_BP","GOBP_MACROPHAGE_DIFFERENTIATION","up",1.9655498,0.00184733189,0.00171451112,54,5902,11459,1107,1092
"Tcon","GO_BP","GOBP_INTERLEUKIN_1_PRODUCTION","up",1.92016859,0.00185149854,0.00172095212,83,5902,11459,1107,1092
"Tcon","GO_BP","GOBP_SCHWANN_CELL_DIFFERENTIATION","up",2.03832757,0.00189445408,0.00176109289,35,5902,11459,1107,1092
"Tcon","GO_BP","GOBP_REGULATION_OF_CELL_SUBSTRATE_JUNCTION_ORGANIZATION","up",1.92978608,0.00192458242,0.00178444763,59,5902,11459,1107,1092
"Tcon","GO_BP","GOBP_ENDOTHELIUM_DEVELOPMENT","up",1.8746052,0.00194322721,0.00180463527,91,5902,11459,1107,1092
"Tcon","GO_BP","GOBP_MYELOID_CELL_HOMEOSTASIS","up",1.76941401,0.00194322721,0.00180463527,149,5902,11459,1107,1092
"Tcon","GO_BP","GOBP_POSITIVE_REGULATION_OF_PATTERN_RECOGNITION_RECEPTOR_SIGNALING_PATHWAY","up",1.93170847,0.00195412456,0.00181497773,67,5902,11459,1107,1092
"Tcon","GO_BP","GOBP_CD8_POSITIVE_ALPHA_BETA_T_CELL_ACTIVATION","up",2.0099591,0.00199144752,0.00185236483,37,5902,11459,1107,1092
"Tcon","GO_BP","GOBP_OLIGODENDROCYTE_DIFFERENTIATION","up",1.92748454,0.0019948598,0.00185825789,59,5902,11459,1107,1092
"Tcon","GO_BP","GOBP_PRODUCTION_OF_MOLECULAR_MEDIATOR_OF_IMMUNE_RESPONSE","up",1.7517081,0.00202001726,0.00188143269,163,5902,11459,1107,1092
"Tcon","GO_BP","GOBP_POSITIVE_REGULATION_OF_SECRETION","up",1.71586275,0.00202001726,0.00188211777,184,5902,11459,1107,1092
"Tcon","GO_BP","GOBP_POSITIVE_REGULATION_OF_CD4_POSITIVE_ALPHA_BETA_T_CELL_DIFFERENTIATION","up",2.02006702,0.0020481707,0.00190856306,34,5902,11459,1107,1092
"Tcon","GO_BP","GOBP_CD4_POSITIVE_ALPHA_BETA_T_CELL_CYTOKINE_PRODUCTION","up",2.06143716,0.00211813583,0.00197661463,16,5902,11459,1107,1092
"Tcon","GO_BP","GOBP_DNA_CYTOSINE_DEAMINATION","up",1.96826808,0.00213968567,0.00199960139,8,5902,11459,1107,1092
"Tcon","GO_BP","GOBP_TYROSINE_PHOSPHORYLATION_OF_STAT_PROTEIN","up",2.03801749,0.00217381451,0.00203191378,30,5902,11459,1107,1092
"Tcon","GO_BP","GOBP_NEGATIVE_REGULATION_OF_EXTRINSIC_APOPTOTIC_SIGNALING_PATHWAY","up",1.89559253,0.00217381451,0.00203191378,71,5902,11459,1107,1092
"Tcon","GO_BP","GOBP_ENDOTHELIAL_CELL_DIFFERENTIATION","up",1.89244821,0.0021955519,0.00205244161,74,5902,11459,1107,1092
"Tcon","GO_BP","GOBP_MRNA_SPLICE_SITE_RECOGNITION","down",-2.05837518,0.00227674325,0.00212575231,26,5902,11459,1107,1092
"Tcon","GO_BP","GOBP_EMBRYONIC_PLACENTA_DEVELOPMENT","up",1.96150885,0.00229161686,0.00214267852,58,5902,11459,1107,1092
"Tcon","GO_BP","GOBP_ANTIGEN_RECEPTOR_MEDIATED_SIGNALING_PATHWAY","up",1.70529873,0.00234494164,0.00219873252,177,5902,11459,1107,1092
"Tcon","GO_BP","GOBP_REGULATION_OF_SUPRAMOLECULAR_FIBER_ORGANIZATION","up",1.59444406,0.00234494164,0.00219873252,272,5902,11459,1107,1092
"Tcon","GO_BP","GOBP_MEMORY","up",1.88710702,0.00238461848,0.0022361503,71,5902,11459,1107,1092
"Tcon","GO_BP","GOBP_REGULATION_OF_PROTEIN_SECRETION","up",1.73517295,0.00246567692,0.00230665591,161,5902,11459,1107,1092
"Tcon","GO_BP","GOBP_REGULATION_OF_REGULATED_SECRETORY_PATHWAY","up",1.8788447,0.00265111943,0.0024768308,82,5902,11459,1107,1092
"Tcon","GO_BP","GOBP_EOSINOPHIL_CHEMOTAXIS","up",1.98566659,0.00267416635,0.00250185176,7,5902,11459,1107,1092
"Tcon","GO_BP","GOBP_POSITIVE_REGULATION_OF_CYTOKINE_PRODUCTION_INVOLVED_IN_IMMUNE_RESPONSE","up",1.91569299,0.00269203583,0.00252191859,62,5902,11459,1107,1092
"Tcon","GO_BP","GOBP_MATERNAL_PROCESS_INVOLVED_IN_FEMALE_PREGNANCY","up",2.00025277,0.00273323948,0.00255761447,34,5902,11459,1107,1092
"Tcon","GO_BP","GOBP_ORGANELLE_MEMBRANE_FUSION","up",1.82740088,0.00275496847,0.00258151348,103,5902,11459,1107,1092
"Tcon","GO_BP","GOBP_NEGATIVE_REGULATION_OF_TUMOR_NECROSIS_FACTOR_SUPERFAMILY_CYTOKINE_PRODUCTION","up",2.002383,0.00287756429,0.00269526972,48,5902,11459,1107,1092
"Tcon","GO_BP","GOBP_CONNECTIVE_TISSUE_DEVELOPMENT","up",1.71614971,0.00287756429,0.00269688772,171,5902,11459,1107,1092
"Tcon","GO_BP","GOBP_NUCLEOSIDE_PHOSPHATE_CATABOLIC_PROCESS","up",1.75040599,0.00302850406,0.00283860989,147,5902,11459,1107,1092
"Tcon","GO_BP","GOBP_POSITIVE_REGULATION_OF_LYMPHOCYTE_MIGRATION","up",2.00958965,0.00303802498,0.00284805072,35,5902,11459,1107,1092
"Tcon","GO_BP","GOBP_NEGATIVE_REGULATION_OF_PROTEIN_MODIFICATION_PROCESS","up",1.72308963,0.00303802498,0.00284805072,163,5902,11459,1107,1092
"Tcon","GO_BP","GOBP_REGULATION_OF_MACROPHAGE_APOPTOTIC_PROCESS","up",1.97955867,0.00304896512,0.00286219177,7,5902,11459,1107,1092
"Tcon","GO_BP","GOBP_REGULATION_OF_NEUTROPHIL_MIGRATION","up",1.99075582,0.00317676532,0.00298242079,34,5902,11459,1107,1092
"Tcon","GO_BP","GOBP_ENSHEATHMENT_OF_NEURONS","up",1.7896768,0.00322289065,0.00302980986,101,5902,11459,1107,1092
"Tcon","GO_BP","GOBP_ORGANIC_ANION_TRANSPORT","up",1.62295141,0.00330811531,0.00310767121,246,5902,11459,1107,1092
"Tcon","GO_BP","GOBP_ZYMOGEN_ACTIVATION","up",1.9815343,0.00339285509,0.00319037556,34,5902,11459,1107,1092
"Tcon","GO_BP","GOBP_REGULATION_OF_CELL_JUNCTION_ASSEMBLY","up",1.71378404,0.00339285509,0.00319037556,160,5902,11459,1107,1092
"Tcon","GO_BP","GOBP_REGULATION_OF_DNA_BINDING_TRANSCRIPTION_FACTOR_ACTIVITY","up",1.75273605,0.00345204598,0.00324223929,131,5902,11459,1107,1092
"Tcon","GO_BP","GOBP_RESPIRATORY_BURST","up",2.02414385,0.00348223934,0.00326708063,27,5902,11459,1107,1092
"Tcon","GO_BP","GOBP_CELLULAR_RESPONSE_TO_PEPTIDE_HORMONE_STIMULUS","up",1.61131591,0.00348223934,0.00326708063,234,5902,11459,1107,1092
"Tcon","GO_BP","GOBP_MEMBRANE_PROTEIN_ECTODOMAIN_PROTEOLYSIS","up",1.99893978,0.00350868573,0.00328810162,39,5902,11459,1107,1092
"Tcon","GO_BP","GOBP_POSITIVE_REGULATION_OF_T_CELL_MEDIATED_IMMUNITY","up",1.90170481,0.00367195719,0.00343717011,58,5902,11459,1107,1092
"Tcon","GO_BP","GOBP_NUCLEOSIDE_DIPHOSPHATE_METABOLIC_PROCESS","up",1.79032319,0.00371939784,0.00347761748,110,5902,11459,1107,1092
"Tcon","GO_BP","GOBP_NEGATIVE_REGULATION_OF_ENDOTHELIAL_CELL_MIGRATION","up",1.95843338,0.00377555559,0.00352613452,34,5902,11459,1107,1092
"Tcon","GO_BP","GOBP_PYRIDINE_CONTAINING_COMPOUND_CATABOLIC_PROCESS","up",1.84365133,0.003792584,0.00354670968,83,5902,11459,1107,1092
"Tcon","GO_BP","GOBP_INNATE_IMMUNE_RESPONSE_ACTIVATING_CELL_SURFACE_RECEPTOR_SIGNALING_PATHWAY","up",1.85108478,0.00379566763,0.00354992301,78,5902,11459,1107,1092
"Tcon","GO_BP","GOBP_LEUKOCYTE_HOMEOSTASIS","up",1.79256166,0.00382564479,0.00358264838,107,5902,11459,1107,1092
"Tcon","GO_BP","GOBP_POSITIVE_REGULATION_OF_ALPHA_BETA_T_CELL_DIFFERENTIATION","up",1.95174447,0.00391525882,0.00366689658,49,5902,11459,1107,1092
"Tcon","GO_BP","GOBP_NEGATIVE_REGULATION_OF_ALPHA_BETA_T_CELL_ACTIVATION","up",1.97111312,0.00394581069,0.00369583763,41,5902,11459,1107,1092
"Tcon","GO_BP","GOBP_POSITIVE_REGULATION_OF_PROTEIN_CATABOLIC_PROCESS","up",1.69530392,0.00395843685,0.00371247966,171,5902,11459,1107,1092
"Tcon","GO_BP","GOBP_MONOCYTE_DIFFERENTIATION","up",1.96822962,0.00397644586,0.00372951457,33,5902,11459,1107,1092
"Tcon","GO_BP","GOBP_REGULATION_OF_SMALL_GTPASE_MEDIATED_SIGNAL_TRANSDUCTION","up",1.59314875,0.00402039093,0.00377122183,247,5902,11459,1107,1092
"Tcon","GO_BP","GOBP_REGULATION_OF_B_CELL_PROLIFERATION","up",1.89539618,0.0040378416,0.00378551318,66,5902,11459,1107,1092
"Tcon","GO_BP","GOBP_POSITIVE_REGULATION_OF_ENDOCYTOSIS","up",1.7680039,0.00409230649,0.00383013811,113,5902,11459,1107,1092
"Tcon","GO_BP","GOBP_MITOCHONDRIAL_GENE_EXPRESSION","down",-1.68735825,0.00414520659,0.00387948177,156,5902,11459,1107,1092
"Tcon","GO_BP","GOBP_REGULATION_OF_MYELOID_LEUKOCYTE_DIFFERENTIATION","up",1.80030801,0.00414520659,0.00388033687,92,5902,11459,1107,1092
"Tcon","GO_BP","GOBP_NUCLEOSIDE_DIPHOSPHATE_CATABOLIC_PROCESS","up",1.83757915,0.00415942503,0.00389398933,85,5902,11459,1107,1092
"Tcon","GO_BP","GOBP_NEGATIVE_REGULATION_OF_TYPE_II_INTERFERON_PRODUCTION","up",1.97891814,0.00418019832,0.00392057391,31,5902,11459,1107,1092
"Tcon","GO_BP","GOBP_REGULATION_OF_TRANSFERASE_ACTIVITY","up",1.59307175,0.00418019832,0.0039208597,242,5902,11459,1107,1092
"Tcon","GO_BP","GOBP_NEGATIVE_REGULATION_OF_CELL_CYCLE","up",1.53969573,0.00422352827,0.00395626486,324,5902,11459,1107,1092
"Tcon","GO_BP","GOBP_PIGMENT_GRANULE_LOCALIZATION","up",2.02084886,0.0042430631,0.00397367126,21,5902,11459,1107,1092
"Tcon","GO_BP","GOBP_ADENYLATE_CYCLASE_MODULATING_G_PROTEIN_COUPLED_RECEPTOR_SIGNALING_PATHWAY","up",1.7744345,0.00426308446,0.00399310561,108,5902,11459,1107,1092
"Tcon","GO_BP","GOBP_CANONICAL_NF_KAPPAB_SIGNAL_TRANSDUCTION","up",1.55512295,0.00426308446,0.00399310561,288,5902,11459,1107,1092
"Tcon","GO_BP","GOBP_MUSCLE_HYPERTROPHY_IN_RESPONSE_TO_STRESS","up",2.05186104,0.00426813905,0.00400285641,15,5902,11459,1107,1092
"Tcon","GO_BP","GOBP_POSITIVE_REGULATION_OF_MYELOID_CELL_DIFFERENTIATION","up",1.82976878,0.00433241087,0.0040587304,82,5902,11459,1107,1092
"Tcon","GO_BP","GOBP_SUBSTRATE_ADHESION_DEPENDENT_CELL_SPREADING","up",1.86415272,0.00435246725,0.0040826106,75,5902,11459,1107,1092
"Tcon","GO_BP","GOBP_REGULATION_OF_NEURON_APOPTOTIC_PROCESS","up",1.72724591,0.00440262769,0.00412042497,164,5902,11459,1107,1092
"Tcon","GO_BP","GOBP_POSITIVE_REGULATION_OF_PROTEIN_LOCALIZATION_TO_CELL_PERIPHERY","up",1.88261434,0.00442780454,0.00414914171,57,5902,11459,1107,1092
"Tcon","GO_BP","GOBP_CELLULAR_RESPONSE_TO_INSULIN_STIMULUS","up",1.69733765,0.00447577753,0.00420465582,159,5902,11459,1107,1092
"Tcon","GO_BP","GOBP_POSITIVE_REGULATION_OF_IMMUNOGLOBULIN_PRODUCTION","up",1.94082171,0.00447577753,0.00420996345,45,5902,11459,1107,1092
"Tcon","GO_BP","GOBP_REGULATION_OF_BONE_MINERALIZATION","up",1.92626644,0.00447577753,0.00420996345,43,5902,11459,1107,1092
"Tcon","GO_BP","GOBP_TRANSLATIONAL_INITIATION","down",-1.72246125,0.00447577753,0.00420996345,121,5902,11459,1107,1092
"Tcon","GO_BP","GOBP_NEGATIVE_REGULATION_OF_RESPONSE_TO_TUMOR_CELL","up",2.01290595,0.00447642089,0.00421571872,11,5902,11459,1107,1092
"Tcon","GO_BP","GOBP_REGULATION_OF_MACROPHAGE_MIGRATION","up",1.95676292,0.00451227899,0.00424978873,33,5902,11459,1107,1092
"Tcon","GO_BP","GOBP_PURINE_CONTAINING_COMPOUND_CATABOLIC_PROCESS","up",1.73963542,0.00453539622,0.00427186158,123,5902,11459,1107,1092
"Tcon","GO_BP","GOBP_NEGATIVE_REGULATION_OF_TRANSFORMING_GROWTH_FACTOR_BETA_RECEPTOR_SIGNALING_PATHWAY","up",1.88222701,0.00454401026,0.00428192327,63,5902,11459,1107,1092
"Tcon","GO_BP","GOBP_ADAPTIVE_THERMOGENESIS","up",1.7495161,0.00454401026,0.00428545386,117,5902,11459,1107,1092
"Tcon","GO_BP","GOBP_POSITIVE_REGULATION_OF_OSTEOCLAST_DIFFERENTIATION","up",1.99921492,0.00455732954,0.00430347262,23,5902,11459,1107,1092
"Tcon","GO_BP","GOBP_REGULATION_OF_NATURAL_KILLER_CELL_CHEMOTAXIS","up",1.88037915,0.00455732954,0.00430347262,6,5902,11459,1107,1092
"Tcon","GO_BP","GOBP_POSITIVE_REGULATION_OF_PROTEOLYSIS","up",1.67919535,0.00457330016,0.00431882819,163,5902,11459,1107,1092
"Tcon","GO_BP","GOBP_DENDRITIC_CELL_ANTIGEN_PROCESSING_AND_PRESENTATION","up",2.0001764,0.00463165168,0.00438438224,13,5902,11459,1107,1092
"Tcon","GO_BP","GOBP_ANTIMICROBIAL_HUMORAL_IMMUNE_RESPONSE_MEDIATED_BY_ANTIMICROBIAL_PEPTIDE","up",1.9557926,0.00463165168,0.00438438224,39,5902,11459,1107,1092
"Tcon","GO_BP","GOBP_SINGLE_STRANDED_VIRAL_RNA_REPLICATION_VIA_DOUBLE_STRANDED_DNA_INTERMEDIATE","up",2.01236522,0.00470872792,0.00445760042,12,5902,11459,1107,1092
"Tcon","GO_BP","GOBP_NEGATIVE_REGULATION_OF_BLOOD_VESSEL_ENDOTHELIAL_CELL_MIGRATION","up",1.98493141,0.00472357077,0.00447694973,27,5902,11459,1107,1092
"Tcon","GO_BP","GOBP_CYTOPLASMIC_PATTERN_RECOGNITION_RECEPTOR_SIGNALING_PATHWAY","up",1.69588093,0.00474820618,0.00450054442,158,5902,11459,1107,1092
"Tcon","GO_BP","GOBP_NATURAL_KILLER_CELL_ACTIVATION","up",1.82017827,0.00480917088,0.0045636988,83,5902,11459,1107,1092
"Tcon","GO_BP","GOBP_POSITIVE_REGULATION_OF_CELL_SUBSTRATE_ADHESION","up",1.82705433,0.00482290139,0.00458893943,77,5902,11459,1107,1092
"Tcon","GO_BP","GOBP_REGULATION_OF_PODOSOME_ASSEMBLY","up",2.00581511,0.00482290139,0.0045930099,11,5902,11459,1107,1092
"Tcon","GO_BP","GOBP_BONE_MINERALIZATION","up",1.85979114,0.00482290139,0.0045930099,70,5902,11459,1107,1092
"Tcon","GO_BP","GOBP_RESPONSE_TO_TRANSFORMING_GROWTH_FACTOR_BETA","up",1.66429526,0.00482290139,0.0045930099,186,5902,11459,1107,1092
"Tcon","GO_BP","GOBP_RESPONSE_TO_PEPTIDE_HORMONE","up",1.53083578,0.00493023006,0.00469843702,309,5902,11459,1107,1092
"Tcon","GO_BP","GOBP_CORTICAL_CYTOSKELETON_ORGANIZATION","up",1.91813519,0.00493023006,0.00470104555,48,5902,11459,1107,1092
"Tcon","GO_BP","GOBP_REGULATION_OF_CALCIUM_ION_TRANSMEMBRANE_TRANSPORT","up",1.80438713,0.00493023006,0.00470104555,89,5902,11459,1107,1092
"Tcon","GO_BP","GOBP_NEGATIVE_REGULATION_OF_G_PROTEIN_COUPLED_RECEPTOR_SIGNALING_PATHWAY","up",1.9434424,0.00496750417,0.00473819046,40,5902,11459,1107,1092
"Tcon","GO_BP","GOBP_NEGATIVE_REGULATION_OF_BIOMINERAL_TISSUE_DEVELOPMENT","up",1.99322906,0.00496750417,0.0047422121,15,5902,11459,1107,1092
"Tcon","GO_BP","GOBP_CORTICAL_ACTIN_CYTOSKELETON_ORGANIZATION","up",1.95911991,0.0049977812,0.00477657206,35,5902,11459,1107,1092
"Tcon","GO_BP","GOBP_REGULATION_OF_T_HELPER_1_TYPE_IMMUNE_RESPONSE","up",1.97148525,0.005024775,0.00480360995,30,5902,11459,1107,1092
"Tcon","GO_BP","GOBP_STEROID_BIOSYNTHETIC_PROCESS","up",1.75183959,0.005024775,0.00480360995,106,5902,11459,1107,1092
"Tcon","GO_BP","GOBP_POSITIVE_REGULATION_OF_EXOCYTOSIS","up",1.86339864,0.00502680259,0.00481009303,59,5902,11459,1107,1092
"Tcon","GO_BP","GOBP_POSITIVE_REGULATION_OF_AXONOGENESIS","up",1.90556072,0.00504268127,0.00483618794,51,5902,11459,1107,1092
"Tcon","GO_BP","GOBP_NUCLEOSIDE_TRIPHOSPHATE_METABOLIC_PROCESS","up",1.5936194,0.00504268127,0.00483618794,218,5902,11459,1107,1092
"Tcon","GO_BP","GOBP_POSITIVE_REGULATION_OF_B_CELL_ACTIVATION","up",1.83727871,0.00511755358,0.00490584106,75,5902,11459,1107,1092
"Tcon","GO_BP","GOBP_DNA_DEAMINATION","up",1.98811716,0.00517803393,0.00495543182,12,5902,11459,1107,1092
"Tcon","GO_BP","GOBP_MUSCLE_TISSUE_DEVELOPMENT","up",1.58785468,0.00519389968,0.00497618585,225,5902,11459,1107,1092
"Tcon","GO_BP","GOBP_REGULATION_OF_ANTIGEN_PROCESSING_AND_PRESENTATION","up",1.9841245,0.00527840836,0.00505180668,20,5902,11459,1107,1092
"Tcon","GO_BP","GOBP_REGULATION_OF_T_HELPER_CELL_DIFFERENTIATION","up",1.92699419,0.00528845423,0.00506157831,42,5902,11459,1107,1092
"Tcon","GO_BP","GOBP_IMMUNOLOGICAL_SYNAPSE_FORMATION","up",1.97900899,0.00532045842,0.00509787801,15,5902,11459,1107,1092
"Tcon","GO_BP","GOBP_PROTEIN_CONTAINING_COMPLEX_LOCALIZATION","up",1.87034084,0.00533213817,0.00511473782,64,5902,11459,1107,1092
"Tcon","GO_BP","GOBP_NEGATIVE_REGULATION_OF_SINGLE_STRANDED_VIRAL_RNA_REPLICATION_VIA_DOUBLE_STRANDED_DNA_INTERMEDIATE","up",1.95506617,0.00540361276,0.00518356686,9,5902,11459,1107,1092
"Tcon","GO_BP","GOBP_RESPONSE_TO_INSULIN","up",1.62432085,0.00540361276,0.00518356686,199,5902,11459,1107,1092
"Tcon","GO_BP","GOBP_IMMUNE_RESPONSE_REGULATING_CELL_SURFACE_RECEPTOR_SIGNALING_PATHWAY_INVOLVED_IN_PHAGOCYTOSIS","up",1.9855959,0.00542463192,0.00519867418,22,5902,11459,1107,1092
"Tcon","GO_BP","GOBP_STRIATED_MUSCLE_ADAPTATION","up",1.99688753,0.00542463192,0.0052039974,21,5902,11459,1107,1092
"Tcon","GO_BP","GOBP_ENDOTHELIAL_CELL_DEVELOPMENT","up",1.88753932,0.00557125677,0.00532770079,52,5902,11459,1107,1092
"Tcon","GO_BP","GOBP_SEQUESTERING_OF_CALCIUM_ION","up",1.80493546,0.00558999884,0.00535544349,83,5902,11459,1107,1092
"Tcon","GO_BP","GOBP_POSITIVE_REGULATION_OF_TYPE_2_IMMUNE_RESPONSE","up",2.03906995,0.00558999884,0.00535734185,14,5902,11459,1107,1092
"Tcon","GO_BP","GOBP_MEMBRANE_PROTEIN_PROTEOLYSIS","up",1.88732253,0.00578315723,0.00553087028,50,5902,11459,1107,1092
"Tcon","GO_BP","GOBP_NEGATIVE_REGULATION_OF_LEUKOCYTE_PROLIFERATION","up",1.82358184,0.00582230387,0.00557437897,74,5902,11459,1107,1092
"Tcon","GO_BP","GOBP_REGULATION_OF_LIPID_METABOLIC_PROCESS","up",1.58471557,0.00582410588,0.00557865478,219,5902,11459,1107,1092
"Tcon","GO_BP","GOBP_T_HELPER_2_CELL_DIFFERENTIATION","up",2.001647,0.0058612712,0.00561793676,17,5902,11459,1107,1092
"Tcon","GO_BP","GOBP_FC_RECEPTOR_MEDIATED_STIMULATORY_SIGNALING_PATHWAY","up",1.93861916,0.00590105265,0.00565621933,32,5902,11459,1107,1092
"Tcon","GO_BP","GOBP_REGULATION_OF_PROTEIN_LOCALIZATION_TO_CELL_PERIPHERY","up",1.72908975,0.00596983586,0.00570432671,116,5902,11459,1107,1092
"Tcon","GO_BP","GOBP_CHONDROITIN_SULFATE_PROTEOGLYCAN_BIOSYNTHETIC_PROCESS","up",1.98130866,0.00600199743,0.00574124836,21,5902,11459,1107,1092
"Tcon","GO_BP","GOBP_SPHINGOLIPID_METABOLIC_PROCESS","up",1.73499481,0.00617279819,0.00591098223,111,5902,11459,1107,1092
"Tcon","GO_BP","GOBP_DENDRITIC_CELL_DIFFERENTIATION","up",1.90902186,0.00619762006,0.00592411621,41,5902,11459,1107,1092
"Tcon","GO_BP","GOBP_LEUKOCYTE_DEGRANULATION","up",1.85627189,0.00621192222,0.00593643311,64,5902,11459,1107,1092
"Tcon","GO_BP","GOBP_REGULATION_OF_MYELOID_CELL_APOPTOTIC_PROCESS","up",1.97785189,0.00621355211,0.00594434537,19,5902,11459,1107,1092
"Tcon","GO_BP","GOBP_POSITIVE_REGULATION_OF_NEUROINFLAMMATORY_RESPONSE","up",1.98210543,0.00623444655,0.00596451653,16,5902,11459,1107,1092
"Tcon","GO_BP","GOBP_MUSCLE_CELL_DIFFERENTIATION","down",-1.49816878,0.00628849339,0.00601640613,269,5902,11459,1107,1092
"Tcon","GO_BP","GOBP_POSITIVE_REGULATION_OF_MYELINATION","up",1.94732016,0.00631706085,0.00604392041,11,5902,11459,1107,1092
"Tcon","GO_BP","GOBP_NEGATIVE_REGULATION_OF_AMYLOID_BETA_CLEARANCE","up",1.93059981,0.00636625566,0.00608834774,8,5902,11459,1107,1092
"Tcon","GO_BP","GOBP_EPIDERMIS_DEVELOPMENT","up",1.63545086,0.00636625566,0.00608834774,179,5902,11459,1107,1092
"Tcon","GO_BP","GOBP_CYTOSKELETON_DEPENDENT_INTRACELLULAR_TRANSPORT","up",1.64334398,0.00639722761,0.00611490663,167,5902,11459,1107,1092
"Tcon","GO_BP","GOBP_REGULATION_OF_TISSUE_REMODELING","up",1.8907113,0.00644748502,0.00615888957,49,5902,11459,1107,1092
"Tcon","GO_BP","GOBP_RESPONSE_TO_AXON_INJURY","up",1.89294418,0.00644748502,0.00617059578,47,5902,11459,1107,1092
"Tcon","GO_BP","GOBP_FOAM_CELL_DIFFERENTIATION","up",1.95442233,0.00644748502,0.00617626721,26,5902,11459,1107,1092
"Tcon","GO_BP","GOBP_POSITIVE_REGULATION_OF_PROTEIN_LOCALIZATION_TO_PLASMA_MEMBRANE","up",1.90055353,0.00644748502,0.00617626721,46,5902,11459,1107,1092
"Tcon","GO_BP","GOBP_NUCLEOTIDE_BINDING_OLIGOMERIZATION_DOMAIN_CONTAINING_2_SIGNALING_PATHWAY","up",1.98003863,0.00655847433,0.00627638668,16,5902,11459,1107,1092
"Tcon","GO_BP","GOBP_POSITIVE_REGULATION_OF_MACROPHAGE_CHEMOTAXIS","up",1.95659625,0.00656689771,0.0062909984,15,5902,11459,1107,1092
"Tcon","GO_BP","GOBP_POSITIVE_REGULATION_OF_CHEMOKINE_PRODUCTION","up",1.88788454,0.00658132315,0.00630850409,49,5902,11459,1107,1092
"Tcon","GO_BP","GOBP_ACTIN_FILAMENT_BASED_MOVEMENT","up",1.81323578,0.00658132315,0.00631152627,72,5902,11459,1107,1092
"Tcon","GO_BP","GOBP_POSITIVE_REGULATION_OF_FOCAL_ADHESION_ASSEMBLY","up",1.96496284,0.00669582587,0.00641502712,18,5902,11459,1107,1092
"Tcon","GO_BP","GOBP_MATURATION_OF_LSU_RRNA","down",-1.95398875,0.00674452745,0.00646835949,32,5902,11459,1107,1092
"Tcon","GO_BP","GOBP_CYTOSKELETON_DEPENDENT_CYTOKINESIS","up",1.74647603,0.00696789902,0.00666935637,103,5902,11459,1107,1092
"Tcon","GO_BP","GOBP_MYELOID_DENDRITIC_CELL_ACTIVATION","up",1.96242509,0.00720576386,0.00690053529,25,5902,11459,1107,1092
"Tcon","GO_BP","GOBP_NEGATIVE_REGULATION_OF_CELL_SUBSTRATE_ADHESION","up",1.89687436,0.00720576386,0.00690053529,41,5902,11459,1107,1092
"Tcon","GO_BP","GOBP_PLASMA_MEMBRANE_REPAIR","up",1.95495092,0.00720964633,0.00691527473,23,5902,11459,1107,1092
"Tcon","GO_BP","GOBP_REGULATION_OF_MUSCLE_CONTRACTION","up",1.77701705,0.00720964633,0.00691527473,86,5902,11459,1107,1092
"Tcon","GO_BP","GOBP_REGULATION_OF_T_CELL_RECEPTOR_SIGNALING_PATHWAY","up",1.83399883,0.00722200835,0.00693419144,58,5902,11459,1107,1092
"Tcon","GO_BP","GOBP_T_HELPER_1_CELL_DIFFERENTIATION","up",1.90824175,0.00723048666,0.00694938553,35,5902,11459,1107,1092
"Tcon","GO_BP","GOBP_PINOCYTOSIS","up",1.96060688,0.00723256542,0.00695842515,18,5902,11459,1107,1092
"Tcon","GO_BP","GOBP_REGULATION_OF_PATTERN_RECOGNITION_RECEPTOR_SIGNALING_PATHWAY","up",1.65578884,0.00734196676,0.00703858509,152,5902,11459,1107,1092
"Tcon","GO_BP","GOBP_POSITIVE_REGULATION_OF_PODOSOME_ASSEMBLY","up",1.92329145,0.00742592292,0.00710954765,9,5902,11459,1107,1092
"Tcon","GO_BP","GOBP_ASTROCYTE_DEVELOPMENT","up",1.92980799,0.0074586555,0.00714810341,29,5902,11459,1107,1092
"Tcon","GO_BP","GOBP_CELLULAR_RESPONSE_TO_VASCULAR_ENDOTHELIAL_GROWTH_FACTOR_STIMULUS","up",1.89944651,0.007547469,0.00724067771,36,5902,11459,1107,1092
"Tcon","GO_BP","GOBP_MUSCLE_CELL_MIGRATION","up",1.84854664,0.007547469,0.00724067771,56,5902,11459,1107,1092
"Tcon","GO_BP","GOBP_CYTIDINE_TO_URIDINE_EDITING","up",1.90646292,0.00761989676,0.00731033171,8,5902,11459,1107,1092
"Tcon","GO_BP","GOBP_INTERFERON_MEDIATED_SIGNALING_PATHWAY","up",1.76998686,0.0076778496,0.00736553526,84,5902,11459,1107,1092
"Tcon","GO_BP","GOBP_REGULATION_OF_MACROPHAGE_DERIVED_FOAM_CELL_DIFFERENTIATION","up",1.94863617,0.00772036629,0.00740706266,21,5902,11459,1107,1092
"Tcon","GO_BP","GOBP_NITRIC_OXIDE_MEDIATED_SIGNAL_TRANSDUCTION","up",1.93183743,0.00773818452,0.00743155787,10,5902,11459,1107,1092
"Tcon","GO_BP","GOBP_DENDRITIC_CELL_MIGRATION","up",1.92891679,0.00777642814,0.00747570826,29,5902,11459,1107,1092
"Tcon","GO_BP","GOBP_POSITIVE_REGULATION_OF_MONOATOMIC_ION_TRANSMEMBRANE_TRANSPORT","up",1.81147321,0.00777926145,0.00748584247,62,5902,11459,1107,1092
"Tcon","GO_BP","GOBP_POSITIVE_REGULATION_OF_CATALYTIC_ACTIVITY","up",1.56353543,0.00781623081,0.00751425783,216,5902,11459,1107,1092
"Tcon","GO_BP","GOBP_BONE_REMODELING","up",1.86154432,0.00782698573,0.00753202401,53,5902,11459,1107,1092
"Tcon","GO_BP","GOBP_POSITIVE_REGULATION_OF_KINASE_ACTIVITY","up",1.73047874,0.00782826283,0.00753338092,103,5902,11459,1107,1092
"Tcon","GO_BP","GOBP_REGULATION_OF_CELL_CYCLE_PHASE_TRANSITION","up",1.46535165,0.00787359514,0.00756983406,393,5902,11459,1107,1092
"Tcon","GO_BP","GOBP_REGULATION_OF_AUTOPHAGY","up",1.49348486,0.00789767197,0.00760043217,322,5902,11459,1107,1092
"Tcon","GO_BP","GOBP_NEGATIVE_REGULATION_OF_RESPONSE_TO_BIOTIC_STIMULUS","up",1.70219377,0.00790500977,0.00761493653,111,5902,11459,1107,1092
"Tcon","GO_BP","GOBP_NEGATIVE_REGULATION_OF_ORGANELLE_ORGANIZATION","up",1.51637842,0.00799227585,0.00767701222,287,5902,11459,1107,1092
"Tcon","GO_BP","GOBP_REGULATION_OF_MONOCYTE_CHEMOTAXIS","up",1.95398758,0.00801906303,0.00771026343,19,5902,11459,1107,1092
"Tcon","GO_BP","GOBP_VASCULAR_TRANSPORT","up",1.8559298,0.00811738967,0.00780494747,53,5902,11459,1107,1092
"Tcon","GO_BP","GOBP_REACTIVE_OXYGEN_SPECIES_METABOLIC_PROCESS","up",1.63281968,0.00827062905,0.00793731581,161,5902,11459,1107,1092
"Tcon","GO_BP","GOBP_REGULATION_OF_TYROSINE_PHOSPHORYLATION_OF_STAT_PROTEIN","up",1.93708999,0.00827858955,0.00794512945,26,5902,11459,1107,1092
"Tcon","GO_BP","GOBP_ANTIGEN_PROCESSING_AND_PRESENTATION_OF_ENDOGENOUS_ANTIGEN","up",1.9367933,0.00828164322,0.00795576735,24,5902,11459,1107,1092
"Tcon","GO_BP","GOBP_DEVELOPMENTAL_MATURATION","up",1.58344084,0.00840196917,0.00805627582,201,5902,11459,1107,1092
"Tcon","GO_BP","GOBP_POSITIVE_REGULATION_OF_T_CELL_MEDIATED_CYTOTOXICITY","up",1.92373402,0.00840905448,0.00807864641,27,5902,11459,1107,1092
"Tcon","GO_BP","GOBP_REGULATION_OF_RELEASE_OF_CYTOCHROME_C_FROM_MITOCHONDRIA","up",1.89176585,0.00840905448,0.00807864641,38,5902,11459,1107,1092
"Tcon","GO_BP","GOBP_T_CELL_CYTOKINE_PRODUCTION","up",1.88784754,0.0084101429,0.00808745946,37,5902,11459,1107,1092
"Tcon","GO_BP","GOBP_REGULATION_OF_LEUKOCYTE_APOPTOTIC_PROCESS","up",1.79965288,0.00843114334,0.00810786304,69,5902,11459,1107,1092
"Tcon","GO_BP","GOBP_MUSCLE_ORGAN_DEVELOPMENT","up",1.587259,0.00850753304,0.00817373704,197,5902,11459,1107,1092
"Tcon","GO_BP","GOBP_CARBOHYDRATE_CATABOLIC_PROCESS","up",1.65452671,0.00861629948,0.00826417076,140,5902,11459,1107,1092
"Tcon","GO_BP","GOBP_REGULATION_OF_HORMONE_SECRETION","up",1.66063885,0.00861629948,0.00827083552,137,5902,11459,1107,1092
"Tcon","GO_BP","GOBP_NEGATIVE_REGULATION_OF_WOUND_HEALING","up",1.87874976,0.00869739666,0.00835322005,39,5902,11459,1107,1092
"Tcon","GO_BP","GOBP_AMYLOID_PRECURSOR_PROTEIN_CATABOLIC_PROCESS","up",1.8553259,0.008708754,0.00835322005,52,5902,11459,1107,1092
"Tcon","GO_BP","GOBP_CELL_SUBSTRATE_JUNCTION_ORGANIZATION","up",1.76326109,0.00879640031,0.00843642138,80,5902,11459,1107,1092
"Tcon","GO_BP","GOBP_ANGIOGENESIS_INVOLVED_IN_WOUND_HEALING","up",1.94011657,0.00880655749,0.00843854723,18,5902,11459,1107,1092
"Tcon","GO_BP","GOBP_CARDIAC_MUSCLE_TISSUE_DEVELOPMENT","up",1.68805866,0.00884810357,0.00848658105,117,5902,11459,1107,1092
"Tcon","GO_BP","GOBP_NEGATIVE_REGULATION_OF_MOLECULAR_FUNCTION","up",1.56784571,0.00884810357,0.00848658105,207,5902,11459,1107,1092
"Tcon","GO_BP","GOBP_CHONDROITIN_SULFATE_PROTEOGLYCAN_METABOLIC_PROCESS","up",1.90807819,0.00899516224,0.00858831891,28,5902,11459,1107,1092
"Tcon","GO_BP","GOBP_ACTOMYOSIN_CONTRACTILE_RING_ORGANIZATION","up",1.90762557,0.0089992334,0.00860844033,9,5902,11459,1107,1092
"Tcon","GO_BP","GOBP_POSITIVE_REGULATION_OF_APOPTOTIC_SIGNALING_PATHWAY","up",1.69142706,0.0089992334,0.00860844033,113,5902,11459,1107,1092
"Tcon","GO_BP","GOBP_POSITIVE_REGULATION_OF_CYTOSOLIC_CALCIUM_ION_CONCENTRATION","up",1.74943629,0.00901357228,0.00863057813,85,5902,11459,1107,1092
"Tcon","GO_BP","GOBP_NEGATIVE_REGULATION_OF_CYTOKINE_PRODUCTION_INVOLVED_IN_IMMUNE_RESPONSE","up",1.93424869,0.00901357228,0.00863835745,23,5902,11459,1107,1092
"Tcon","GO_BP","GOBP_REGULATION_OF_BODY_FLUID_LEVELS","up",1.53338917,0.00932645201,0.00891316247,231,5902,11459,1107,1092
"Tcon","GO_BP","GOBP_RESPONSE_TO_STARVATION","up",1.6082323,0.00938474837,0.00895380637,176,5902,11459,1107,1092
"Tcon","GO_BP","GOBP_POSITIVE_REGULATION_OF_NEUROGENESIS","up",1.64737121,0.00941095681,0.00898721367,142,5902,11459,1107,1092
"Tcon","GO_BP","GOBP_REGULATION_OF_LYMPHOCYTE_MIGRATION","up",1.82321491,0.00942109284,0.00900528951,56,5902,11459,1107,1092
"Tcon","GO_BP","GOBP_ORGANELLE_FUSION","up",1.6422824,0.00956595027,0.00914401079,139,5902,11459,1107,1092
"Tcon","GO_BP","GOBP_POSITIVE_REGULATION_OF_INTERLEUKIN_10_PRODUCTION","up",1.86972091,0.00960815183,0.00919288271,38,5902,11459,1107,1092
"Tcon","GO_BP","GOBP_POSITIVE_REGULATION_OF_CELL_SUBSTRATE_JUNCTION_ORGANIZATION","up",1.92407077,0.00962485402,0.00920934662,25,5902,11459,1107,1092
"Tcon","GO_BP","GOBP_HORMONE_TRANSPORT","up",1.60570102,0.00962485402,0.00920934662,175,5902,11459,1107,1092
"Tcon","GO_BP","GOBP_POSITIVE_REGULATION_OF_GRANULOCYTE_CHEMOTAXIS","up",1.93153278,0.00973874917,0.0093269257,19,5902,11459,1107,1092
"Tcon","GO_BP","GOBP_REGULATION_OF_MITOCHONDRION_ORGANIZATION","up",1.7203527,0.00979188659,0.00937804505,100,5902,11459,1107,1092
"Tcon","GO_BP","GOBP_REGULATION_OF_MEMBRANE_POTENTIAL","up",1.55942611,0.00992744989,0.00949962087,205,5902,11459,1107,1092
"Tcon","GO_BP","GOBP_REGULATION_OF_WOUND_HEALING","up",1.75962619,0.00997871979,0.00954042489,76,5902,11459,1107,1092
"Tcon","GO_BP","GOBP_ENDOLYSOSOMAL_TOLL_LIKE_RECEPTOR_SIGNALING_PATHWAY","up",1.8470168,0.0100099592,0.00957906842,43,5902,11459,1107,1092
"Tcon","GO_BP","GOBP_MITOTIC_CYTOKINESIS","up",1.72802314,0.0101325825,0.00969666197,93,5902,11459,1107,1092
"Tcon","GO_BP","GOBP_RESPONSE_TO_TUMOR_CELL","up",1.84398768,0.0101344046,0.00971631328,43,5902,11459,1107,1092
"Tcon","GO_BP","GOBP_ASTROCYTE_DIFFERENTIATION","up",1.82719898,0.0101344046,0.00971631328,54,5902,11459,1107,1092
"Tcon","GO_BP","GOBP_MEMBRANE_DOCKING","up",1.78157937,0.0101344046,0.00971631328,69,5902,11459,1107,1092
"Tcon","GO_BP","GOBP_MATURATION_OF_LSU_RRNA_FROM_TRICISTRONIC_RRNA_TRANSCRIPT_SSU_RRNA_5_8S_RRNA_LSU_RRNA","down",-1.93539072,0.0102017731,0.00978111924,23,5902,11459,1107,1092
"Tcon","GO_BP","GOBP_INORGANIC_ANION_TRANSPORT","up",1.77227653,0.0102283092,0.00979813748,74,5902,11459,1107,1092
"Tcon","GO_BP","GOBP_NEGATIVE_REGULATION_OF_MAPK_CASCADE","up",1.67843002,0.0103478623,0.00986085982,116,5902,11459,1107,1092
"Tcon","GO_BP","GOBP_POSITIVE_REGULATION_OF_CELL_KILLING","up",1.81099142,0.010415169,0.00993399934,56,5902,11459,1107,1092
"Tcon","GO_BP","GOBP_POSITIVE_REGULATION_OF_REACTIVE_OXYGEN_SPECIES_METABOLIC_PROCESS","up",1.8284066,0.0106752812,0.0101735334,49,5902,11459,1107,1092
"Tcon","GO_BP","GOBP_TUMOR_NECROSIS_FACTOR_MEDIATED_SIGNALING_PATHWAY","up",1.70906667,0.0107444357,0.0102579256,102,5902,11459,1107,1092
"Tcon","GO_BP","GOBP_VESICLE_MEDIATED_TRANSPORT_IN_SYNAPSE","up",1.61475962,0.0107444357,0.0102579256,165,5902,11459,1107,1092
"Tcon","GO_BP","GOBP_POSITIVE_REGULATION_OF_MIRNA_METABOLIC_PROCESS","up",1.84864785,0.0107557992,0.0102780042,39,5902,11459,1107,1092
"Tcon","GO_BP","GOBP_CLEARANCE_OF_FOREIGN_INTRACELLULAR_NUCLEIC_ACIDS","up",1.82743945,0.0109053652,0.0104121755,6,5902,11459,1107,1092
"Tcon","GO_BP","GOBP_NEGATIVE_REGULATION_OF_MACROPHAGE_ACTIVATION","up",1.91210159,0.0109881283,0.0105005915,12,5902,11459,1107,1092
"Tcon","GO_BP","GOBP_POSITIVE_REGULATION_OF_PLASMINOGEN_ACTIVATION","up",1.82550933,0.011060937,0.0105628022,6,5902,11459,1107,1092
"Tcon","GO_BP","GOBP_TRNA_PROCESSING","down",-1.60306582,0.011060937,0.0105628022,127,5902,11459,1107,1092
"Tcon","GO_BP","GOBP_CD8_POSITIVE_ALPHA_BETA_T_CELL_DIFFERENTIATION","up",1.90705077,0.0111416622,0.0106298584,26,5902,11459,1107,1092
"Tcon","GO_BP","GOBP_RRNA_METHYLATION","down",-1.94598199,0.0112547512,0.0107583637,21,5902,11459,1107,1092
"Tcon","GO_BP","GOBP_BLOOD_VESSEL_REMODELING","up",1.8975791,0.0112547512,0.0107583637,27,5902,11459,1107,1092
"Tcon","GO_BP","GOBP_NEGATIVE_REGULATION_OF_INTERLEUKIN_6_PRODUCTION","up",1.87151978,0.0112547512,0.0107583637,35,5902,11459,1107,1092
"Tcon","GO_BP","GOBP_CELLULAR_RESPONSE_TO_STARVATION","up",1.62061549,0.0112953335,0.0108054675,152,5902,11459,1107,1092
"Tcon","GO_BP","GOBP_DISRUPTION_OF_ANATOMICAL_STRUCTURE_IN_ANOTHER_ORGANISM","up",1.81629232,0.0113338586,0.010842596,49,5902,11459,1107,1092
"Tcon","GO_BP","GOBP_B_CELL_CHEMOTAXIS","up",1.849572,0.0114361294,0.0109423334,7,5902,11459,1107,1092
"Tcon","GO_BP","GOBP_POSITIVE_REGULATION_OF_CELL_CYCLE","up",1.5172141,0.0114361294,0.0109503198,252,5902,11459,1107,1092
"Tcon","GO_BP","GOBP_APOPTOTIC_PROCESS_INVOLVED_IN_DEVELOPMENT","up",1.91429852,0.011692261,0.0111680919,19,5902,11459,1107,1092
"Tcon","GO_BP","GOBP_NEGATIVE_REGULATION_OF_CELL_MATRIX_ADHESION","up",1.88972476,0.011692261,0.0111680919,27,5902,11459,1107,1092
"Tcon","GO_BP","GOBP_POSITIVE_REGULATION_OF_NEUTROPHIL_MIGRATION","up",1.89801069,0.011692261,0.0111688238,26,5902,11459,1107,1092
"Tcon","GO_BP","GOBP_POSITIVE_REGULATION_OF_SUBSTRATE_ADHESION_DEPENDENT_CELL_SPREADING","up",1.86539418,0.0118419392,0.0112929219,33,5902,11459,1107,1092
"Tcon","GO_BP","GOBP_NECROPTOTIC_SIGNALING_PATHWAY","up",1.87342856,0.0118419392,0.0113019715,8,5902,11459,1107,1092
"Tcon","GO_BP","GOBP_PROTEASOMAL_UBIQUITIN_INDEPENDENT_PROTEIN_CATABOLIC_PROCESS","up",1.91642514,0.011964735,0.011410238,18,5902,11459,1107,1092
"Tcon","GO_BP","GOBP_PERIPHERAL_NERVOUS_SYSTEM_AXON_ENSHEATHMENT","up",1.9139022,0.011964735,0.011410238,18,5902,11459,1107,1092
"Tcon","GO_BP","GOBP_STRESS_FIBER_ASSEMBLY","up",1.7139085,0.0120342241,0.011478254,85,5902,11459,1107,1092
"Tcon","GO_BP","GOBP_POSITIVE_REGULATION_OF_SMALL_GTPASE_MEDIATED_SIGNAL_TRANSDUCTION","up",1.78559946,0.0120342241,0.0114872731,58,5902,11459,1107,1092
"Tcon","GO_BP","GOBP_TRANSFORMING_GROWTH_FACTOR_BETA_RECEPTOR_SIGNALING_PATHWAY","up",1.61877251,0.0120342241,0.0114872731,149,5902,11459,1107,1092
"Tcon","GO_BP","GOBP_NEGATIVE_REGULATION_OF_MUSCLE_ADAPTATION","up",1.88379377,0.0120586719,0.0115204153,9,5902,11459,1107,1092
"Tcon","GO_BP","GOBP_REACTIVE_NITROGEN_SPECIES_METABOLIC_PROCESS","up",1.76528152,0.0120639048,0.0115353455,63,5902,11459,1107,1092
"Tcon","GO_BP","GOBP_AMYLOID_BETA_METABOLIC_PROCESS","up",1.80826389,0.0120738113,0.0115467553,50,5902,11459,1107,1092
"Tcon","GO_BP","GOBP_MECHANORECEPTOR_DIFFERENTIATION","up",1.84550562,0.0120738113,0.0115550173,38,5902,11459,1107,1092
"Tcon","GO_BP","GOBP_REGULATION_OF_EPITHELIAL_CELL_PROLIFERATION","up",1.55969221,0.0120780557,0.011568972,194,5902,11459,1107,1092
"Tcon","GO_BP","GOBP_POSITIVE_REGULATION_OF_MACROPHAGE_MIGRATION","up",1.90214219,0.0121030171,0.0115931411,20,5902,11459,1107,1092
"Tcon","GO_BP","GOBP_EXOCYTIC_PROCESS","up",1.76238376,0.0121058902,0.0116057755,66,5902,11459,1107,1092
"Tcon","GO_BP","GOBP_INTERLEUKIN_27_MEDIATED_SIGNALING_PATHWAY","up",1.88189877,0.0121062026,0.0116159412,9,5902,11459,1107,1092
"Tcon","GO_BP","GOBP_EXTRACELLULAR_VESICLE_BIOGENESIS","up",1.90653828,0.0121306452,0.0116740157,22,5902,11459,1107,1092
"Tcon","GO_BP","GOBP_REGULATION_OF_ATTACHMENT_OF_SPINDLE_MICROTUBULES_TO_KINETOCHORE","up",1.90433991,0.0121306452,0.0116740157,23,5902,11459,1107,1092
"Tcon","GO_BP","GOBP_NEGATIVE_REGULATION_OF_T_CELL_PROLIFERATION","up",1.77413755,0.0121306452,0.0116740157,59,5902,11459,1107,1092
"Tcon","GO_BP","GOBP_APOPTOTIC_PROCESS_INVOLVED_IN_MORPHOGENESIS","up",1.89976597,0.0121306452,0.0116787751,15,5902,11459,1107,1092
"Tcon","GO_BP","GOBP_NEGATIVE_REGULATION_OF_LEUKOCYTE_MEDIATED_IMMUNITY","up",1.76209482,0.012163663,0.0117153594,64,5902,11459,1107,1092
"Tcon","GO_BP","GOBP_CELLULAR_RESPONSE_TO_RADIATION","up",1.62101458,0.0121688532,0.0117255401,137,5902,11459,1107,1092
"Tcon","GO_BP","GOBP_B_CELL_PROLIFERATION","up",1.71070899,0.0121838255,0.011749782,86,5902,11459,1107,1092
"Tcon","GO_BP","GOBP_NEGATIVE_REGULATION_OF_RESPONSE_TO_WOUNDING","up",1.80488547,0.0122488539,0.0118045289,53,5902,11459,1107,1092
"Tcon","GO_BP","GOBP_REGULATION_OF_TRANSMEMBRANE_RECEPTOR_PROTEIN_SERINE_THREONINE_KINASE_SIGNALING_PATHWAY","up",1.6029225,0.0123628519,0.0118933963,161,5902,11459,1107,1092
"Tcon","GO_BP","GOBP_REGULATORY_T_CELL_DIFFERENTIATION","up",1.79412368,0.0123691609,0.0118996426,54,5902,11459,1107,1092
"Tcon","GO_BP","GOBP_REGULATION_OF_IMMUNOGLOBULIN_PRODUCTION","up",1.76252329,0.012401864,0.0119215493,62,5902,11459,1107,1092
"Tcon","GO_BP","GOBP_REGULATION_OF_PHOSPHOLIPID_CATABOLIC_PROCESS","up",1.77479288,0.0124876256,0.0120041827,5,5902,11459,1107,1092
"Tcon","GO_BP","GOBP_SMOOTH_MUSCLE_CELL_MIGRATION","up",1.80850016,0.0126282091,0.012149396,47,5902,11459,1107,1092
"Tcon","GO_BP","GOBP_BRANCHING_INVOLVED_IN_SALIVARY_GLAND_MORPHOGENESIS","up",1.89895234,0.0126437746,0.0121683754,14,5902,11459,1107,1092
"Tcon","GO_BP","GOBP_TOOTH_MINERALIZATION","up",1.88895793,0.0126437746,0.0121683754,10,5902,11459,1107,1092
"Tcon","GO_BP","GOBP_DNA_MODIFICATION","up",1.88309664,0.0126437746,0.0121683754,27,5902,11459,1107,1092
"Tcon","GO_BP","GOBP_POSITIVE_REGULATION_OF_RECEPTOR_SIGNALING_PATHWAY_VIA_STAT","up",1.8584823,0.0126437746,0.0121683754,34,5902,11459,1107,1092
"Tcon","GO_BP","GOBP_POSITIVE_REGULATION_OF_T_CELL_MIGRATION","up",1.86525921,0.0126528696,0.0121998517,30,5902,11459,1107,1092
"Tcon","GO_BP","GOBP_REGULATION_OF_G_PROTEIN_COUPLED_RECEPTOR_SIGNALING_PATHWAY","up",1.70619619,0.0126528696,0.0121998517,93,5902,11459,1107,1092
"Tcon","GO_BP","GOBP_POSITIVE_REGULATION_OF_NERVOUS_SYSTEM_DEVELOPMENT","up",1.60165927,0.0126528696,0.0121998517,157,5902,11459,1107,1092
"Tcon","GO_BP","GOBP_NEGATIVE_REGULATION_OF_VASCULAR_ASSOCIATED_SMOOTH_MUSCLE_CELL_PROLIFERATION","up",1.89467819,0.0126900812,0.0122398327,15,5902,11459,1107,1092
"Tcon","GO_BP","GOBP_MATERNAL_PLACENTA_DEVELOPMENT","up",1.89057846,0.0127295965,0.012278074,25,5902,11459,1107,1092
"Tcon","GO_BP","GOBP_NEGATIVE_REGULATION_OF_ENDOTHELIAL_CELL_PROLIFERATION","up",1.90385857,0.0127358934,0.0123034824,24,5902,11459,1107,1092
"Tcon","GO_BP","GOBP_NEGATIVE_REGULATION_OF_EPITHELIAL_CELL_PROLIFERATION","up",1.7302375,0.0127358934,0.0123041205,78,5902,11459,1107,1092
"Tcon","GO_BP","GOBP_ACTOMYOSIN_STRUCTURE_ORGANIZATION","up",1.61844388,0.012876422,0.0124300214,136,5902,11459,1107,1092
"Tcon","GO_BP","GOBP_NEURAL_RETINA_DEVELOPMENT","up",1.85583668,0.0129499649,0.0125111283,34,5902,11459,1107,1092
"Tcon","GO_BP","GOBP_REGULATION_OF_MICROGLIAL_CELL_ACTIVATION","up",1.89330352,0.0129502006,0.0125114524,14,5902,11459,1107,1092
"Tcon","GO_BP","GOBP_CELL_SURFACE_PATTERN_RECOGNITION_RECEPTOR_SIGNALING_PATHWAY","up",1.75406902,0.0130170254,0.0125761097,64,5902,11459,1107,1092
"Tcon","GO_BP","GOBP_POSITIVE_REGULATION_OF_EXTRINSIC_APOPTOTIC_SIGNALING_PATHWAY","up",1.79829597,0.013116478,0.0126722907,48,5902,11459,1107,1092
"Tcon","GO_BP","GOBP_CELLULAR_RESPONSE_TO_EPINEPHRINE_STIMULUS","up",1.88527608,0.013276761,0.0128068829,10,5902,11459,1107,1092
"Tcon","GO_BP","GOBP_NEGATIVE_REGULATION_OF_CD4_POSITIVE_ALPHA_BETA_T_CELL_ACTIVATION","up",1.8611166,0.0132823202,0.0128225356,30,5902,11459,1107,1092
"Tcon","GO_BP","GOBP_IMMUNE_RESPONSE_INHIBITING_SIGNAL_TRANSDUCTION","up",1.90455493,0.0133313597,0.0128684478,21,5902,11459,1107,1092
"Tcon","GO_BP","GOBP_ALCOHOL_BIOSYNTHETIC_PROCESS","up",1.67595267,0.0133729528,0.012900061,104,5902,11459,1107,1092
"Tcon","GO_BP","GOBP_REGULATION_OF_LEUKOCYTE_DEGRANULATION","up",1.8434182,0.0134177227,0.0129336759,36,5902,11459,1107,1092
"Tcon","GO_BP","GOBP_REGULATION_OF_DNA_TEMPLATED_DNA_REPLICATION","up",1.81364688,0.0134314179,0.0129465241,43,5902,11459,1107,1092
"Tcon","GO_BP","GOBP_T_CELL_EXTRAVASATION","up",1.89540684,0.0135118341,0.0130344222,13,5902,11459,1107,1092
"Tcon","GO_BP","GOBP_CELL_DIFFERENTIATION_INVOLVED_IN_EMBRYONIC_PLACENTA_DEVELOPMENT","up",1.88728355,0.0135318857,0.0130525732,14,5902,11459,1107,1092
"Tcon","GO_BP","GOBP_ISOPENTENYL_DIPHOSPHATE_BIOSYNTHETIC_PROCESS","up",1.80682149,0.0135232383,0.0130525732,6,5902,11459,1107,1092
"Tcon","GO_BP","GOBP_POSITIVE_REGULATION_OF_MYELOID_LEUKOCYTE_DIFFERENTIATION","up",1.78825574,0.0135232383,0.0130525732,49,5902,11459,1107,1092
"Tcon","GO_BP","GOBP_MITOCHONDRIAL_TRANSPORT","up",1.7239906,0.0135232383,0.0130525732,78,5902,11459,1107,1092
"Tcon","GO_BP","GOBP_LEARNING_OR_MEMORY","up",1.59170874,0.0135232383,0.0130525732,151,5902,11459,1107,1092
"Tcon","GO_BP","GOBP_S_ADENOSYLMETHIONINE_METABOLIC_PROCESS","down",-1.87452558,0.0135318857,0.0130531203,8,5902,11459,1107,1092
"Tcon","GO_BP","GOBP_MORPHOGENESIS_OF_AN_EPITHELIAL_SHEET","up",1.81556522,0.013589064,0.0130996403,42,5902,11459,1107,1092
"Tcon","GO_BP","GOBP_PLASMINOGEN_ACTIVATION","up",1.89867228,0.0136706445,0.0131794375,18,5902,11459,1107,1092
"Tcon","GO_BP","GOBP_DEPHOSPHORYLATION","up",1.66372287,0.013711368,0.0132178278,106,5902,11459,1107,1092
"Tcon","GO_BP","GOBP_ERYTHROCYTE_HOMEOSTASIS","up",1.62755283,0.0137253448,0.0132416862,127,5902,11459,1107,1092
"Tcon","GO_BP","GOBP_ENDODERMAL_CELL_DIFFERENTIATION","up",1.87531204,0.0137510849,0.0132769073,26,5902,11459,1107,1092
"Tcon","GO_BP","GOBP_POSITIVE_REGULATION_OF_NF_KAPPAB_TRANSCRIPTION_FACTOR_ACTIVITY","up",1.73899996,0.0141464097,0.013634548,67,5902,11459,1107,1092
"Tcon","GO_BP","GOBP_SPHINGOLIPID_BIOSYNTHETIC_PROCESS","up",1.71961282,0.0141464097,0.0136358691,76,5902,11459,1107,1092
"Tcon","GO_BP","GOBP_AMIDE_BIOSYNTHETIC_PROCESS","up",1.60844156,0.0141464097,0.013637946,136,5902,11459,1107,1092
"Tcon","GO_BP","GOBP_REGULATION_OF_T_CELL_ACTIVATION_VIA_T_CELL_RECEPTOR_CONTACT_WITH_ANTIGEN_BOUND_TO_MHC_MOLECULE_ON_ANTIGEN_PRESENTING_CELL","up",1.80496096,0.0141584339,0.0136525162,6,5902,11459,1107,1092
"Tcon","GO_BP","GOBP_GRANZYME_MEDIATED_PROGRAMMED_CELL_DEATH_SIGNALING_PATHWAY","up",1.88066609,0.014212602,0.0136915602,10,5902,11459,1107,1092
"Tcon","GO_BP","GOBP_FORMATION_OF_PRIMARY_GERM_LAYER","up",1.74007474,0.0142249924,0.0137049144,66,5902,11459,1107,1092
"Tcon","GO_BP","GOBP_NEGATIVE_REGULATION_OF_DNA_TEMPLATED_DNA_REPLICATION","up",1.88977419,0.0143860971,0.0138275659,12,5902,11459,1107,1092
"Tcon","GO_BP","GOBP_PHOTORECEPTOR_CELL_DEVELOPMENT","up",1.86148425,0.0143860971,0.0138275659,27,5902,11459,1107,1092
"Tcon","GO_BP","GOBP_REGULATION_OF_MYELINATION","up",1.87106941,0.0143881759,0.0138402827,26,5902,11459,1107,1092
"Tcon","GO_BP","GOBP_POSITIVE_REGULATION_OF_CELL_CYCLE_PROCESS","up",1.52998421,0.0144222271,0.0138962961,204,5902,11459,1107,1092
"Tcon","GO_BP","GOBP_FOCAL_ADHESION_ASSEMBLY","up",1.73879216,0.0144222271,0.013898579,66,5902,11459,1107,1092
"Tcon","GO_BP","GOBP_GLYCOSAMINOGLYCAN_METABOLIC_PROCESS","up",1.81663086,0.0144222271,0.0139051715,39,5902,11459,1107,1092
"Tcon","GO_BP","GOBP_PROTEIN_POLYMERIZATION","up",1.52487447,0.0146750993,0.0141290523,215,5902,11459,1107,1092
"Tcon","GO_BP","GOBP_MONOSACCHARIDE_METABOLIC_PROCESS","up",1.5433327,0.0146750993,0.014138585,194,5902,11459,1107,1092
"Tcon","GO_BP","GOBP_REGULATION_OF_CD4_POSITIVE_CD25_POSITIVE_ALPHA_BETA_REGULATORY_T_CELL_DIFFERENTIATION","up",1.8279991,0.014698884,0.0141615858,7,5902,11459,1107,1092
"Tcon","GO_BP","GOBP_ENDOSOME_ORGANIZATION","up",1.6872544,0.01482136,0.0142798258,93,5902,11459,1107,1092
"Tcon","GO_BP","GOBP_P38MAPK_CASCADE","up",1.79853103,0.0148779249,0.0143452734,45,5902,11459,1107,1092
"Tcon","GO_BP","GOBP_NEGATIVE_REGULATION_OF_RECEPTOR_SIGNALING_PATHWAY_VIA_STAT","up",1.88775484,0.0148787676,0.0143570196,24,5902,11459,1107,1092
"Tcon","GO_BP","GOBP_NEGATIVE_REGULATION_OF_DNA_DAMAGE_RESPONSE_SIGNAL_TRANSDUCTION_BY_P53_CLASS_MEDIATOR","up",1.87766403,0.0149716104,0.0144770884,11,5902,11459,1107,1092
"Tcon","GO_BP","GOBP_PULMONARY_VALVE_DEVELOPMENT","up",1.8773984,0.0149716104,0.0144770884,11,5902,11459,1107,1092
"Tcon","GO_BP","GOBP_STEROL_TRANSPORT","up",1.69587539,0.0149716104,0.0144770884,83,5902,11459,1107,1092
"Tcon","GO_BP","GOBP_POSITIVE_REGULATION_OF_REGULATORY_T_CELL_DIFFERENTIATION","up",1.87870337,0.0149716104,0.0145017555,23,5902,11459,1107,1092
"Tcon","GO_BP","GOBP_REGULATION_OF_DENDRITIC_CELL_ANTIGEN_PROCESSING_AND_PRESENTATION","up",1.86109141,0.0149716104,0.0145017555,9,5902,11459,1107,1092
"Tcon","GO_BP","GOBP_REGULATION_OF_EXTRINSIC_APOPTOTIC_SIGNALING_PATHWAY_VIA_DEATH_DOMAIN_RECEPTORS","up",1.81595666,0.0149716104,0.0145017555,38,5902,11459,1107,1092
"Tcon","GO_BP","GOBP_FC_RECEPTOR_SIGNALING_PATHWAY","up",1.78112561,0.0149716104,0.0145017555,50,5902,11459,1107,1092
"Tcon","GO_BP","GOBP_POSITIVE_REGULATION_OF_RESPONSE_TO_CYTOKINE_STIMULUS","up",1.74750862,0.0149716104,0.0145017555,59,5902,11459,1107,1092
"Tcon","GO_BP","GOBP_MUSCLE_ADAPTATION","up",1.72927509,0.0149716104,0.0145017555,66,5902,11459,1107,1092
"Tcon","GO_BP","GOBP_PROTEOGLYCAN_METABOLIC_PROCESS","up",1.72462767,0.0149716104,0.0145017555,73,5902,11459,1107,1092
"Tcon","GO_BP","GOBP_RNA_METHYLATION","down",-1.69090701,0.0149716104,0.0145017555,75,5902,11459,1107,1092
"Tcon","GO_BP","GOBP_POSITIVE_REGULATION_OF_VASCULATURE_DEVELOPMENT","up",1.65420795,0.0149716104,0.0145017555,105,5902,11459,1107,1092
"Tcon","GO_BP","GOBP_REGULATION_OF_ORGANELLE_ASSEMBLY","up",1.52913442,0.0149716104,0.0145017555,211,5902,11459,1107,1092
"Tcon","GO_BP","GOBP_REGULATION_OF_CELL_CYCLE_G1_S_PHASE_TRANSITION","up",1.57595442,0.0150755381,0.01460236,163,5902,11459,1107,1092
"Tcon","GO_BP","GOBP_REGULATION_OF_PLASMA_MEMBRANE_REPAIR","up",1.80104786,0.0150755381,0.0146025176,6,5902,11459,1107,1092
"Tcon","GO_BP","GOBP_EXTRACELLULAR_MATRIX_DISASSEMBLY","up",1.85245108,0.0150866317,0.0146240876,31,5902,11459,1107,1092
"Tcon","GO_BP","GOBP_NEGATIVE_REGULATION_OF_INTRINSIC_APOPTOTIC_SIGNALING_PATHWAY","up",1.68457182,0.015191488,0.0147257612,89,5902,11459,1107,1092
"Tcon","GO_BP","GOBP_CELLULAR_RESPONSE_TO_CHEMICAL_STRESS","up",1.49477187,0.0154018892,0.0148859623,251,5902,11459,1107,1092
"Tcon","GO_BP","GOBP_POSITIVE_REGULATION_OF_VIRAL_LIFE_CYCLE","up",1.8832458,0.0154709559,0.0149554244,17,5902,11459,1107,1092
"Tcon","GO_BP","GOBP_REGULATION_OF_PHOSPHOLIPID_BIOSYNTHETIC_PROCESS","up",1.87960793,0.0154709559,0.0149554244,13,5902,11459,1107,1092
"Tcon","GO_BP","GOBP_VERY_LOW_DENSITY_LIPOPROTEIN_PARTICLE_CLEARANCE","up",1.76212596,0.0155009784,0.0149930461,5,5902,11459,1107,1092
"Tcon","GO_BP","GOBP_MODULATION_OF_PROCESS_OF_ANOTHER_ORGANISM","up",1.6806716,0.0155009784,0.0149930461,90,5902,11459,1107,1092
"Tcon","GO_BP","GOBP_CELL_FATE_COMMITMENT","up",1.61310892,0.0155648119,0.0150329702,126,5902,11459,1107,1092
"Tcon","GO_BP","GOBP_CALCINEURIN_MEDIATED_SIGNALING","up",1.81869251,0.0156085242,0.0150753009,40,5902,11459,1107,1092
"Tcon","GO_BP","GOBP_MEMBRANE_LIPID_METABOLIC_PROCESS","up",1.57617129,0.0157573233,0.0152191294,154,5902,11459,1107,1092
"Tcon","GO_BP","GOBP_ARTERY_DEVELOPMENT","up",1.75458767,0.0158270917,0.0152866278,57,5902,11459,1107,1092
"Tcon","GO_BP","GOBP_CYTOKINESIS","up",1.5728129,0.015884061,0.0153417647,151,5902,11459,1107,1092
"Tcon","GO_BP","GOBP_POSITIVE_REGULATION_OF_DNA_BINDING_TRANSCRIPTION_FACTOR_ACTIVITY","up",1.68863876,0.0160488504,0.0155010419,83,5902,11459,1107,1092
"Tcon","GO_BP","GOBP_MONOCARBOXYLIC_ACID_TRANSPORT","up",1.67911734,0.0160755411,0.015538138,89,5902,11459,1107,1092
"Tcon","GO_BP","GOBP_PLASMA_MEMBRANE_ORGANIZATION","up",1.64036843,0.01609265,0.0155541893,107,5902,11459,1107,1092
"Tcon","GO_BP","GOBP_DETECTION_OF_CELL_DENSITY","up",1.81129771,0.0161059256,0.0155645938,7,5902,11459,1107,1092
"Tcon","GO_BP","GOBP_REGULATION_OF_PROTEIN_TARGETING_TO_MEMBRANE","up",1.87216782,0.0161059256,0.0155677985,23,5902,11459,1107,1092
"Tcon","GO_BP","GOBP_CHONDROCYTE_DIFFERENTIATION","up",1.73022317,0.0162631767,0.0157086245,63,5902,11459,1107,1092
"Tcon","GO_BP","GOBP_NEGATIVE_REGULATION_OF_MITOCHONDRIAL_OUTER_MEMBRANE_PERMEABILIZATION_INVOLVED_IN_APOPTOTIC_SIGNALING_PATHWAY","up",1.85154495,0.0163630956,0.0158279918,9,5902,11459,1107,1092
"Tcon","GO_BP","GOBP_OSTEOCLAST_FUSION","up",1.7567601,0.0163630956,0.0158279918,5,5902,11459,1107,1092
"Tcon","GO_BP","GOBP_POSITIVE_REGULATION_OF_INSULIN_SECRETION_INVOLVED_IN_CELLULAR_RESPONSE_TO_GLUCOSE_STIMULUS","up",1.87427492,0.0163794715,0.0158552468,21,5902,11459,1107,1092
"Tcon","GO_BP","GOBP_LIPOSACCHARIDE_METABOLIC_PROCESS","up",1.6751221,0.016431819,0.0159173536,91,5902,11459,1107,1092
"Tcon","GO_BP","GOBP_ADRENERGIC_RECEPTOR_SIGNALING_PATHWAY","up",1.87243741,0.0165102336,0.016004786,16,5902,11459,1107,1092
"Tcon","GO_BP","GOBP_CELL_ADHESION_MEDIATED_BY_INTEGRIN","up",1.75544801,0.0165770858,0.0160810945,56,5902,11459,1107,1092
"Tcon","GO_BP","GOBP_NEGATIVE_REGULATION_OF_ERBB_SIGNALING_PATHWAY","up",1.85247991,0.0166126846,0.0161271394,26,5902,11459,1107,1092
"Tcon","GO_BP","GOBP_NEGATIVE_REGULATION_OF_ERK1_AND_ERK2_CASCADE","up",1.77027771,0.016770588,0.0162688401,46,5902,11459,1107,1092
"Tcon","GO_BP","GOBP_POSITIVE_REGULATION_OF_NERVOUS_SYSTEM_PROCESS","up",1.86727361,0.0168014749,0.0163104118,18,5902,11459,1107,1092
"Tcon","GO_BP","GOBP_COGNITION","up",1.55210945,0.0170896454,0.0165666277,180,5902,11459,1107,1092
"Tcon","GO_BP","GOBP_POSITIVE_REGULATION_OF_NEURON_PROJECTION_DEVELOPMENT","up",1.65918069,0.0172702846,0.0167536375,98,5902,11459,1107,1092
"Tcon","GO_BP","GOBP_IRES_DEPENDENT_VIRAL_TRANSLATIONAL_INITIATION","down",-1.89756012,0.0173468661,0.0168279448,11,5902,11459,1107,1092
"Tcon","GO_BP","GOBP_TRANSFORMING_GROWTH_FACTOR_BETA_PRODUCTION","up",1.84392619,0.0176918259,0.0171626026,26,5902,11459,1107,1092
"Tcon","GO_BP","GOBP_AMINOGLYCAN_METABOLIC_PROCESS","up",1.76039264,0.0177346357,0.017204149,48,5902,11459,1107,1092
"Tcon","GO_BP","GOBP_ANTIVIRAL_INNATE_IMMUNE_RESPONSE","up",1.71897488,0.0177835034,0.0172637382,63,5902,11459,1107,1092
"Tcon","GO_BP","GOBP_CARTILAGE_DEVELOPMENT","up",1.65536974,0.0178226472,0.0173139308,101,5902,11459,1107,1092
"Tcon","GO_BP","GOBP_NEGATIVE_REGULATION_OF_TRANSMEMBRANE_RECEPTOR_PROTEIN_SERINE_THREONINE_KINASE_SIGNALING_PATHWAY","up",1.66547571,0.0179392047,0.0174394167,91,5902,11459,1107,1092
"Tcon","GO_BP","GOBP_RESPONSE_TO_MUSCLE_ACTIVITY","up",1.85801126,0.0179415382,0.0174661475,15,5902,11459,1107,1092
"Tcon","GO_BP","GOBP_PHOSPHATIDYLCHOLINE_METABOLIC_PROCESS","up",1.75583825,0.0179415382,0.0174661475,51,5902,11459,1107,1092
"Tcon","GO_BP","GOBP_REGULATION_OF_ENDOTHELIAL_CELL_MIGRATION","up",1.62156486,0.0179541252,0.0174906148,112,5902,11459,1107,1092
"Tcon","GO_BP","GOBP_NEGATIVE_REGULATION_OF_RESPONSE_TO_CYTOKINE_STIMULUS","up",1.69228496,0.0179987286,0.0175501654,73,5902,11459,1107,1092
"Tcon","GO_BP","GOBP_MAMMARY_GLAND_DEVELOPMENT","up",1.68568855,0.0179987286,0.0175554397,78,5902,11459,1107,1092
"Tcon","GO_BP","GOBP_NEGATIVE_REGULATION_OF_REGULATORY_T_CELL_DIFFERENTIATION","up",1.86114412,0.0179987286,0.0175583833,18,5902,11459,1107,1092
"Tcon","GO_BP","GOBP_NEGATIVE_REGULATION_OF_COLD_INDUCED_THERMOGENESIS","up",1.81029939,0.0180073903,0.0175890727,33,5902,11459,1107,1092
"Tcon","GO_BP","GOBP_MITOTIC_DNA_REPLICATION","up",1.86548239,0.0180073903,0.0175911792,17,5902,11459,1107,1092
"Tcon","GO_BP","GOBP_REGULATION_OF_COMPLEMENT_ACTIVATION_CLASSICAL_PATHWAY","down",-1.76871574,0.0180110637,0.0175946138,5,5902,11459,1107,1092
"Tcon","GO_BP","GOBP_CELLULAR_RESPONSE_TO_VIRUS","up",1.75570315,0.0180750657,0.017656982,50,5902,11459,1107,1092
"Tcon","GO_BP","GOBP_REGULATION_OF_P38MAPK_CASCADE","up",1.82367754,0.0181341372,0.0177268863,32,5902,11459,1107,1092
"Tcon","GO_BP","GOBP_IMMUNE_RESPONSE_TO_TUMOR_CELL","up",1.83260046,0.0182864753,0.017871706,30,5902,11459,1107,1092
"Tcon","GO_BP","GOBP_MONOCYTE_CHEMOTAXIS","up",1.8083328,0.0182864753,0.017871706,35,5902,11459,1107,1092
"Tcon","GO_BP","GOBP_REGULATION_OF_PROTEIN_LOCALIZATION_TO_PLASMA_MEMBRANE","up",1.65975379,0.0183567928,0.0179440237,87,5902,11459,1107,1092
"Tcon","GO_BP","GOBP_REGULATION_OF_RESPONSE_TO_TUMOR_CELL","up",1.83798751,0.0183969062,0.0180134392,26,5902,11459,1107,1092
"Tcon","GO_BP","GOBP_RRNA_MODIFICATION","down",-1.8175514,0.0183969062,0.0180134392,32,5902,11459,1107,1092
"Tcon","GO_BP","GOBP_REGULATION_OF_COAGULATION","up",1.77814438,0.0183969062,0.0180201066,43,5902,11459,1107,1092
"Tcon","GO_BP","GOBP_REGULATION_OF_SODIUM_ION_TRANSPORT","up",1.77964649,0.0185129016,0.0181209617,42,5902,11459,1107,1092
"Tcon","GO_BP","GOBP_INSULIN_SECRETION_INVOLVED_IN_CELLULAR_RESPONSE_TO_GLUCOSE_STIMULUS","up",1.78529433,0.0187621229,0.0183644897,41,5902,11459,1107,1092
"Tcon","GO_BP","GOBP_NEGATIVE_REGULATION_OF_AUTOPHAGY","up",1.66862476,0.0187621229,0.0183644897,85,5902,11459,1107,1092
"Tcon","GO_BP","GOBP_TRNA_METABOLIC_PROCESS","down",-1.49780286,0.0189018018,0.0184882662,178,5902,11459,1107,1092
"Tcon","GO_BP","GOBP_NEGATIVE_REGULATION_OF_HUMORAL_IMMUNE_RESPONSE_MEDIATED_BY_CIRCULATING_IMMUNOGLOBULIN","down",-1.79672968,0.0190859479,0.0186551946,6,5902,11459,1107,1092
"Tcon","GO_BP","GOBP_ATP_METABOLIC_PROCESS","up",1.53967071,0.0190859479,0.0186551946,174,5902,11459,1107,1092
"Tcon","GO_BP","GOBP_NEUTRAL_LIPID_BIOSYNTHETIC_PROCESS","up",1.81635366,0.0191168167,0.0186979993,32,5902,11459,1107,1092
"Tcon","GO_BP","GOBP_INFLAMMASOME_MEDIATED_SIGNALING_PATHWAY","up",1.74847278,0.0191478853,0.0187410229,49,5902,11459,1107,1092
"Tcon","GO_BP","GOBP_PERIPHERAL_NERVOUS_SYSTEM_DEVELOPMENT","up",1.7481523,0.0192263872,0.0188176468,50,5902,11459,1107,1092
"Tcon","GO_BP","GOBP_PYRUVATE_METABOLIC_PROCESS","up",1.64517977,0.0192731405,0.0188503205,101,5902,11459,1107,1092
"Tcon","GO_BP","GOBP_NEGATIVE_REGULATION_OF_MEMBRANE_PERMEABILITY","up",1.85010677,0.0193348144,0.0189233486,16,5902,11459,1107,1092
"Tcon","GO_BP","GOBP_REGULATION_OF_FIBROBLAST_MIGRATION","up",1.8268559,0.0193717698,0.0189722317,29,5902,11459,1107,1092
"Tcon","GO_BP","GOBP_REGULATION_OF_ANTIGEN_RECEPTOR_MEDIATED_SIGNALING_PATHWAY","up",1.67992068,0.0194203218,0.019032511,73,5902,11459,1107,1092
"Tcon","GO_BP","GOBP_REGULATION_OF_SYNAPSE_STRUCTURE_OR_ACTIVITY","up",1.52744349,0.0194735923,0.0190755496,185,5902,11459,1107,1092
"Tcon","GO_BP","GOBP_PROTEOGLYCAN_CATABOLIC_PROCESS","up",1.85663349,0.0194735923,0.0190839838,17,5902,11459,1107,1092
"Tcon","GO_BP","GOBP_POSITIVE_REGULATION_OF_VIRAL_PROCESS","up",1.73949606,0.0194735923,0.0190839838,53,5902,11459,1107,1092
"Tcon","GO_BP","GOBP_POSITIVE_REGULATION_OF_PROTEIN_TRANSPORT","up",1.53461344,0.0195120667,0.0191344084,178,5902,11459,1107,1092
"Tcon","GO_BP","GOBP_REGULATION_OF_MACROPHAGE_CHEMOTAXIS","up",1.84290482,0.0196099569,0.0192301417,23,5902,11459,1107,1092
"Tcon","GO_BP","GOBP_GLYCOSAMINOGLYCAN_CATABOLIC_PROCESS","up",1.85374534,0.0196566435,0.0193092944,14,5902,11459,1107,1092
"Tcon","GO_BP","GOBP_RESPONSE_TO_ACTIVITY","up",1.74249387,0.0196566435,0.0193142113,52,5902,11459,1107,1092
"Tcon","GO_BP","GOBP_REGULATION_OF_BMP_SIGNALING_PATHWAY","up",1.74130512,0.0196566435,0.0193142113,52,5902,11459,1107,1092
"Tcon","GO_BP","GOBP_RESPONSE_TO_CORTICOSTEROID","up",1.65469084,0.0196938202,0.0193634923,88,5902,11459,1107,1092
"Tcon","GO_BP","GOBP_POSITIVE_REGULATION_OF_LIPID_BIOSYNTHETIC_PROCESS","up",1.69803194,0.0198725623,0.0195125876,65,5902,11459,1107,1092
"Tcon","GO_BP","GOBP_PHOTORECEPTOR_CELL_DIFFERENTIATION","up",1.78799795,0.0198888802,0.0195414542,37,5902,11459,1107,1092
"Tcon","GO_BP","GOBP_SODIUM_ION_TRANSPORT","up",1.62120842,0.0201070343,0.0197687651,105,5902,11459,1107,1092
"Tcon","GO_BP","GOBP_GLIAL_CELL_MIGRATION","up",1.79156286,0.020225958,0.0198987149,35,5902,11459,1107,1092
"Tcon","GO_BP","GOBP_AMELOGENESIS","up",1.84859181,0.0205895588,0.0202335827,11,5902,11459,1107,1092
"Tcon","GO_BP","GOBP_POSITIVE_REGULATION_OF_INTERLEUKIN_6_PRODUCTION","up",1.67493028,0.0207654524,0.0203741319,73,5902,11459,1107,1092
"Tcon","GO_BP","GOBP_CILIUM_ORGANIZATION","up",1.44069456,0.0208547495,0.0204592413,300,5902,11459,1107,1092
"Tcon","GO_BP","GOBP_RESPONSE_TO_ANTIBIOTIC","up",1.80439828,0.0209240644,0.0205154985,32,5902,11459,1107,1092
"Tcon","GO_BP","GOBP_NEGATIVE_REGULATION_OF_BONE_MINERALIZATION","up",1.82850963,0.0209436109,0.0205207398,9,5902,11459,1107,1092
"Tcon","GO_BP","GOBP_NEGATIVE_REGULATION_OF_CATALYTIC_ACTIVITY","up",1.59168153,0.0209865576,0.0205762304,118,5902,11459,1107,1092
"Tcon","GO_BP","GOBP_SUBSTANTIA_NIGRA_DEVELOPMENT","up",1.80267577,0.0212605581,0.0208314138,32,5902,11459,1107,1092
"Tcon","GO_BP","GOBP_REGULATION_OF_MEMBRANE_PROTEIN_ECTODOMAIN_PROTEOLYSIS","up",1.84458452,0.0212605581,0.0208443284,21,5902,11459,1107,1092
"Tcon","GO_BP","GOBP_REGULATION_OF_NEUTROPHIL_CHEMOTAXIS","up",1.8333098,0.0213884562,0.0209002889,24,5902,11459,1107,1092
"Tcon","GO_BP","GOBP_RESPONSE_TO_BMP","up",1.65351662,0.0218762741,0.0213485142,84,5902,11459,1107,1092
"Tcon","GO_BP","GOBP_INTRINSIC_APOPTOTIC_SIGNALING_PATHWAY_IN_RESPONSE_TO_DNA_DAMAGE","up",1.62101076,0.0218762741,0.0213485142,104,5902,11459,1107,1092
"Tcon","GO_BP","GOBP_ANTIGEN_PROCESSING_AND_PRESENTATION_VIA_MHC_CLASS_IB","up",1.84749456,0.0219159511,0.0214011299,17,5902,11459,1107,1092
"Tcon","GO_BP","GOBP_GLYCOPROTEIN_METABOLIC_PROCESS","up",1.45212367,0.0219172281,0.0214249473,271,5902,11459,1107,1092
"Tcon","GO_BP","GOBP_CARDIOBLAST_DIFFERENTIATION","up",1.77371713,0.0219172281,0.0214301158,6,5902,11459,1107,1092
"Tcon","GO_BP","GOBP_POSITIVE_REGULATION_OF_RAS_PROTEIN_SIGNAL_TRANSDUCTION","up",1.84657866,0.0219731359,0.0214986586,17,5902,11459,1107,1092
"Tcon","GO_BP","GOBP_REGULATION_OF_HEART_CONTRACTION","up",1.63086534,0.0223126297,0.0218195106,98,5902,11459,1107,1092
"Tcon","GO_BP","GOBP_ENAMEL_MINERALIZATION","up",1.81069802,0.0223126297,0.0218303762,8,5902,11459,1107,1092
"Tcon","GO_BP","GOBP_CELL_SURFACE_TOLL_LIKE_RECEPTOR_SIGNALING_PATHWAY","up",1.69746221,0.0223358654,0.0218671613,61,5902,11459,1107,1092
"Tcon","GO_BP","GOBP_GLYCOSPHINGOLIPID_BIOSYNTHETIC_PROCESS","up",1.80042666,0.0225722097,0.0220695107,31,5902,11459,1107,1092
"Tcon","GO_BP","GOBP_REGULATION_OF_BLOOD_CIRCULATION","up",1.57640121,0.0226090088,0.022119677,123,5902,11459,1107,1092
"Tcon","GO_BP","GOBP_STEROL_BIOSYNTHETIC_PROCESS","up",1.72126182,0.0228048196,0.0222675901,53,5902,11459,1107,1092
"Tcon","GO_BP","GOBP_AMINO_ACID_IMPORT_ACROSS_PLASMA_MEMBRANE","up",1.805961,0.0228890066,0.0223641196,27,5902,11459,1107,1092
"Tcon","GO_BP","GOBP_CELLULAR_RESPONSE_TO_UV_B","up",1.82272861,0.02292505,0.0224136661,9,5902,11459,1107,1092
"Tcon","GO_BP","GOBP_POSITIVE_REGULATION_OF_LIPID_METABOLIC_PROCESS","up",1.63563942,0.0230623703,0.0225331321,88,5902,11459,1107,1092
"Tcon","GO_BP","GOBP_REGULATION_OF_PHOSPHATIDYLCHOLINE_METABOLIC_PROCESS","up",1.8246385,0.0233567443,0.0228017335,10,5902,11459,1107,1092
"Tcon","GO_BP","GOBP_REGULATION_OF_INTRINSIC_APOPTOTIC_SIGNALING_PATHWAY","up",1.54347036,0.0234396789,0.0228866368,149,5902,11459,1107,1092
"Tcon","GO_BP","GOBP_REGULATION_OF_INSULIN_SECRETION","up",1.62887359,0.0238577638,0.0232647232,94,5902,11459,1107,1092
"Tcon","GO_BP","GOBP_REGULATION_OF_GLUTAMATE_RECEPTOR_SIGNALING_PATHWAY","up",1.78302409,0.0238631859,0.0232848315,7,5902,11459,1107,1092
"Tcon","GO_BP","GOBP_COLLAGEN_METABOLIC_PROCESS","up",1.7065195,0.0238691749,0.023305481,56,5902,11459,1107,1092
"Tcon","GO_BP","GOBP_STEROID_METABOLIC_PROCESS","up",1.49758534,0.0242052327,0.0236031483,198,5902,11459,1107,1092
"Tcon","GO_BP","GOBP_PROTEIN_TRANSPORT_WITHIN_LIPID_BILAYER","up",1.7290522,0.024294174,0.0237060047,5,5902,11459,1107,1092
"Tcon","GO_BP","GOBP_REGULATION_OF_CELL_PROJECTION_ASSEMBLY","up",1.51826572,0.024294174,0.0237060047,176,5902,11459,1107,1092
"Tcon","GO_BP","GOBP_PROTEIN_LOCALIZATION_TO_CYTOSKELETON","up",1.69540527,0.024294174,0.0237197465,60,5902,11459,1107,1092
"Tcon","GO_BP","GOBP_VIRAL_TRANSLATION","down",-1.8346097,0.0243564309,0.0237803578,20,5902,11459,1107,1092
"Tcon","GO_BP","GOBP_REGULATION_OF_VESICLE_FUSION","up",1.83386214,0.0244755988,0.0238813124,17,5902,11459,1107,1092
"Tcon","GO_BP","GOBP_REGULATION_OF_T_HELPER_2_CELL_DIFFERENTIATION","up",1.82943112,0.0244905312,0.0239109386,11,5902,11459,1107,1092
"Tcon","GO_BP","GOBP_NEGATIVE_REGULATION_OF_ALPHA_BETA_T_CELL_DIFFERENTIATION","up",1.81195041,0.0244921876,0.0239426132,25,5902,11459,1107,1092
"Tcon","GO_BP","GOBP_TYPE_I_INTERFERON_MEDIATED_SIGNALING_PATHWAY","up",1.68837854,0.0244921876,0.0239426132,61,5902,11459,1107,1092
"Tcon","GO_BP","GOBP_CHRONIC_INFLAMMATORY_RESPONSE","up",1.83125925,0.0246145156,0.0240619842,15,5902,11459,1107,1092
"Tcon","GO_BP","GOBP_CHONDROCYTE_DEVELOPMENT","up",1.8216572,0.0246260816,0.0241472799,20,5902,11459,1107,1092
"Tcon","GO_BP","GOBP_NEGATIVE_REGULATION_OF_RECEPTOR_SIGNALING_PATHWAY_VIA_JAK_STAT","up",1.81758872,0.0246260816,0.0241472799,22,5902,11459,1107,1092
"Tcon","GO_BP","GOBP_POSITIVE_REGULATION_OF_SMOOTH_MUSCLE_CELL_MIGRATION","up",1.81700339,0.0246260816,0.0241472799,22,5902,11459,1107,1092
"Tcon","GO_BP","GOBP_SPROUTING_ANGIOGENESIS","up",1.63983731,0.0246260816,0.0241472799,83,5902,11459,1107,1092
"Tcon","GO_BP","GOBP_MIRNA_TRANSCRIPTION","up",1.71818643,0.0246260816,0.0241484151,50,5902,11459,1107,1092
"Tcon","GO_BP","GOBP_REGENERATION","up",1.60461896,0.0248176443,0.0243052264,105,5902,11459,1107,1092
"Tcon","GO_BP","GOBP_POSITIVE_REGULATION_OF_CANONICAL_NF_KAPPAB_SIGNAL_TRANSDUCTION","up",1.49710379,0.0249212706,0.0244064435,192,5902,11459,1107,1092
"Tcon","GO_BP","GOBP_NEGATIVE_REGULATION_OF_ADAPTIVE_IMMUNE_RESPONSE","up",1.67574612,0.0256425213,0.0249866405,63,5902,11459,1107,1092
"Tcon","GO_BP","GOBP_DECIDUALIZATION","up",1.82739204,0.0257199304,0.0250626073,17,5902,11459,1107,1092
"Tcon","GO_BP","GOBP_PROTEIN_PROCESSING","up",1.52525263,0.0257199304,0.0250727992,156,5902,11459,1107,1092
"Tcon","GO_BP","GOBP_SODIUM_ION_TRANSMEMBRANE_TRANSPORT","up",1.6451251,0.0258720783,0.0251785384,74,5902,11459,1107,1092
"Tcon","GO_BP","GOBP_NEGATIVE_REGULATION_OF_PLATELET_ACTIVATION","up",1.82997797,0.0258898633,0.0252114669,12,5902,11459,1107,1092
"Tcon","GO_BP","GOBP_REGULATION_OF_SUBSTRATE_ADHESION_DEPENDENT_CELL_SPREADING","up",1.72921246,0.0259127514,0.0252417858,45,5902,11459,1107,1092
"Tcon","GO_BP","GOBP_REGULATION_OF_GTPASE_ACTIVITY","up",1.61769397,0.0259127514,0.0252648288,92,5902,11459,1107,1092
"Tcon","GO_BP","GOBP_MACROMOLECULE_METHYLATION","down",-1.56957699,0.0259127514,0.0252648288,103,5902,11459,1107,1092
"Tcon","GO_BP","GOBP_MULTI_MULTICELLULAR_ORGANISM_PROCESS","up",1.57657075,0.026001175,0.025366651,114,5902,11459,1107,1092
"Tcon","GO_BP","GOBP_REGULATION_OF_NATURAL_KILLER_CELL_MEDIATED_IMMUNITY","up",1.71283779,0.0260064563,0.0253873968,48,5902,11459,1107,1092
"Tcon","GO_BP","GOBP_REGULATION_OF_T_CELL_MIGRATION","up",1.7486431,0.0260770568,0.0254403693,41,5902,11459,1107,1092
"Tcon","GO_BP","GOBP_B_CELL_HOMEOSTASIS","up",1.77770375,0.0262845555,0.0256899073,31,5902,11459,1107,1092
"Tcon","GO_BP","GOBP_POSITIVE_REGULATION_OF_REGULATED_SECRETORY_PATHWAY","up",1.77624656,0.0262845555,0.0256899073,32,5902,11459,1107,1092
"Tcon","GO_BP","GOBP_NEGATIVE_REGULATION_OF_PROTEIN_LOCALIZATION","up",1.53075157,0.0262845555,0.0256899073,149,5902,11459,1107,1092
"Tcon","GO_BP","GOBP_REGULATION_OF_CALCINEURIN_MEDIATED_SIGNALING","up",1.78308393,0.0265148993,0.0258668923,29,5902,11459,1107,1092
"Tcon","GO_BP","GOBP_PEROXISOME_PROLIFERATOR_ACTIVATED_RECEPTOR_SIGNALING_PATHWAY","up",1.81414337,0.0266491402,0.0259657178,21,5902,11459,1107,1092
"Tcon","GO_BP","GOBP_GOLGI_VESICLE_TRANSPORT","up",1.43576968,0.0266914821,0.0259908915,277,5902,11459,1107,1092
"Tcon","GO_BP","GOBP_REGULATION_OF_SMALL_MOLECULE_METABOLIC_PROCESS","up",1.4721673,0.0267384257,0.0260365052,217,5902,11459,1107,1092
"Tcon","GO_BP","GOBP_POSITIVE_REGULATION_OF_MONOCYTE_DIFFERENTIATION","up",1.7916846,0.0268089236,0.0261210505,8,5902,11459,1107,1092
"Tcon","GO_BP","GOBP_COLLAGEN_BIOSYNTHETIC_PROCESS","up",1.78084336,0.0268429666,0.0261693659,29,5902,11459,1107,1092
"Tcon","GO_BP","GOBP_NEGATIVE_REGULATION_OF_RELEASE_OF_CYTOCHROME_C_FROM_MITOCHONDRIA","up",1.82080608,0.0268429666,0.0261697098,18,5902,11459,1107,1092
"Tcon","GO_BP","GOBP_POSITIVE_REGULATION_OF_LIPOPROTEIN_TRANSPORT","up",1.72057693,0.0268429666,0.0261697098,5,5902,11459,1107,1092
"Tcon","GO_BP","GOBP_REGULATION_OF_LIPOPROTEIN_TRANSPORT","up",1.72057693,0.0268429666,0.0261697098,5,5902,11459,1107,1092
"Tcon","GO_BP","GOBP_POSITIVE_REGULATION_OF_AMIDE_METABOLIC_PROCESS","up",1.80255617,0.0272377332,0.0265864872,24,5902,11459,1107,1092
"Tcon","GO_BP","GOBP_NEGATIVE_REGULATION_OF_INTERLEUKIN_1_PRODUCTION","up",1.78422023,0.0272377332,0.0265864872,27,5902,11459,1107,1092
"Tcon","GO_BP","GOBP_REGULATION_OF_INTRACELLULAR_TRANSPORT","up",1.46958136,0.0272377332,0.0265864872,220,5902,11459,1107,1092
"Tcon","GO_BP","GOBP_OUTFLOW_TRACT_MORPHOGENESIS","up",1.74073913,0.0273118722,0.0266767505,41,5902,11459,1107,1092
"Tcon","GO_BP","GOBP_POSITIVE_REGULATION_OF_B_CELL_PROLIFERATION","up",1.73692731,0.0273118722,0.0266767505,42,5902,11459,1107,1092
"Tcon","GO_BP","GOBP_POSITIVE_REGULATION_OF_RELEASE_OF_SEQUESTERED_CALCIUM_ION_INTO_CYTOSOL","up",1.82230702,0.0274446003,0.0268204065,16,5902,11459,1107,1092
"Tcon","GO_BP","GOBP_POSITIVE_REGULATION_OF_NUCLEOTIDE_BINDING_DOMAIN_LEUCINE_RICH_REPEAT_CONTAINING_RECEPTOR_SIGNALING_PATHWAY","up",1.75349728,0.0275255612,0.0269151608,6,5902,11459,1107,1092
"Tcon","GO_BP","GOBP_POSITIVE_REGULATION_OF_MYELOID_CELL_APOPTOTIC_PROCESS","up",1.75334995,0.0275255612,0.0269151608,6,5902,11459,1107,1092
"Tcon","GO_BP","GOBP_SYNAPTIC_TRANSMISSION_GLUTAMATERGIC","up",1.72017021,0.0275255612,0.0269151608,45,5902,11459,1107,1092
"Tcon","GO_BP","GOBP_NUCLEUS_LOCALIZATION","up",1.77975462,0.0275765254,0.0269810724,28,5902,11459,1107,1092
"Tcon","GO_BP","GOBP_PERIPHERAL_NERVOUS_SYSTEM_MYELIN_MAINTENANCE","up",1.71874468,0.0277248701,0.0271095777,5,5902,11459,1107,1092
"Tcon","GO_BP","GOBP_REGULATION_OF_CYTOPLASMIC_PATTERN_RECOGNITION_RECEPTOR_SIGNALING_PATHWAY","up",1.59373677,0.0277251029,0.0271259307,105,5902,11459,1107,1092
"Tcon","GO_BP","GOBP_FOREBRAIN_DEVELOPMENT","up",1.46693477,0.0280482034,0.0274583423,221,5902,11459,1107,1092
"Tcon","GO_BP","GOBP_POSITIVE_REGULATION_OF_ORGANELLE_ASSEMBLY","up",1.63282047,0.0280544335,0.0274807189,75,5902,11459,1107,1092
"Tcon","GO_BP","GOBP_GASTRULATION","up",1.58900522,0.0283252369,0.0277623993,105,5902,11459,1107,1092
"Tcon","GO_BP","GOBP_REGULATION_OF_MIRNA_METABOLIC_PROCESS","up",1.67447801,0.028389537,0.0278200444,60,5902,11459,1107,1092
"Tcon","GO_BP","GOBP_ALKANESULFONATE_METABOLIC_PROCESS","down",-1.76215739,0.028389537,0.027824465,6,5902,11459,1107,1092
"Tcon","GO_BP","GOBP_TRNA_TRANSPORT","down",-1.73352205,0.028389537,0.027824465,5,5902,11459,1107,1092
"Tcon","GO_BP","GOBP_CHOLESTEROL_BIOSYNTHETIC_PROCESS_VIA_DESMOSTEROL","up",1.80724363,0.0283979068,0.0278654059,19,5902,11459,1107,1092
"Tcon","GO_BP","GOBP_REGULATION_OF_MITOTIC_CELL_CYCLE_PHASE_TRANSITION","up",1.41101902,0.0283979068,0.0278654059,307,5902,11459,1107,1092
"Tcon","GO_BP","GOBP_REGULATION_OF_NUCLEOTIDE_BINDING_OLIGOMERIZATION_DOMAIN_CONTAINING_2_SIGNALING_PATHWAY","up",1.78517951,0.0284285666,0.0279105288,8,5902,11459,1107,1092
"Tcon","GO_BP","GOBP_PODOSOME_ASSEMBLY","up",1.81295329,0.0284370844,0.0279132973,17,5902,11459,1107,1092
"Tcon","GO_BP","GOBP_INTRACELLULAR_MONOATOMIC_ANION_HOMEOSTASIS","up",1.76590058,0.0286484131,0.0281269413,7,5902,11459,1107,1092
"Tcon","GO_BP","GOBP_POSITIVE_REGULATION_OF_ERBB_SIGNALING_PATHWAY","up",1.7957102,0.0287095335,0.028191589,24,5902,11459,1107,1092
"Tcon","GO_BP","GOBP_REGULATION_OF_APOPTOTIC_PROCESS_INVOLVED_IN_DEVELOPMENT","up",1.76547922,0.0287150285,0.028191589,7,5902,11459,1107,1092
"Tcon","GO_BP","GOBP_VACUOLAR_TRANSPORT","up",1.51419834,0.0288599431,0.0283044357,156,5902,11459,1107,1092
"Tcon","GO_BP","GOBP_GLYCOLYTIC_PROCESS_THROUGH_GLUCOSE_6_PHOSPHATE","up",1.79969328,0.0289089873,0.0283475286,21,5902,11459,1107,1092
"Tcon","GO_BP","GOBP_REGULATION_OF_CD8_POSITIVE_ALPHA_BETA_T_CELL_ACTIVATION","up",1.81104786,0.0289121581,0.0283704955,18,5902,11459,1107,1092
"Tcon","GO_BP","GOBP_AMYLOID_BETA_FORMATION","up",1.7354624,0.0289121581,0.0283836154,40,5902,11459,1107,1092
"Tcon","GO_BP","GOBP_POSITIVE_REGULATION_OF_PROTEIN_TARGETING_TO_MEMBRANE","up",1.80404519,0.0291789923,0.0286634364,19,5902,11459,1107,1092
"Tcon","GO_BP","GOBP_CELLULAR_RESPONSE_TO_OXIDATIVE_STRESS","up",1.47918642,0.0291789923,0.0286634364,197,5902,11459,1107,1092
"Tcon","GO_BP","GOBP_CYTOKINE_PRODUCTION_INVOLVED_IN_INFLAMMATORY_RESPONSE","up",1.68946202,0.0291789923,0.0286765913,51,5902,11459,1107,1092
"Tcon","GO_BP","GOBP_RIBOSOMAL_LARGE_SUBUNIT_ASSEMBLY","down",-1.79981133,0.0291789923,0.0286779406,22,5902,11459,1107,1092
"Tcon","GO_BP","GOBP_RESPONSE_TO_LIPOPROTEIN_PARTICLE","up",1.75983166,0.0291887855,0.0287041045,32,5902,11459,1107,1092
"Tcon","GO_BP","GOBP_ENDOCARDIUM_DEVELOPMENT","up",1.74766748,0.0292271413,0.0287244313,6,5902,11459,1107,1092
"Tcon","GO_BP","GOBP_NEGATIVE_REGULATION_OF_MUSCLE_HYPERTROPHY","up",1.79422823,0.0292668862,0.028780037,23,5902,11459,1107,1092
"Tcon","GO_BP","GOBP_RENAL_FILTRATION","up",1.81485215,0.0292669945,0.0287966686,16,5902,11459,1107,1092
"Tcon","GO_BP","GOBP_T_HELPER_2_CELL_CYTOKINE_PRODUCTION","up",1.79994317,0.0293504062,0.0288782853,10,5902,11459,1107,1092
"Tcon","GO_BP","GOBP_G_PROTEIN_COUPLED_DOPAMINE_RECEPTOR_SIGNALING_PATHWAY","up",1.80443797,0.0293609362,0.0289051853,14,5902,11459,1107,1092
"Tcon","GO_BP","GOBP_RESPONSE_TO_FIBROBLAST_GROWTH_FACTOR","up",1.66166789,0.0295571525,0.0290978799,61,5902,11459,1107,1092
"Tcon","GO_BP","GOBP_BONE_RESORPTION","up",1.71106254,0.029621755,0.0291610026,45,5902,11459,1107,1092
"Tcon","GO_BP","GOBP_ENDOPLASMIC_RETICULUM_CALCIUM_ION_HOMEOSTASIS","up",1.788848,0.0298240758,0.0293592214,22,5902,11459,1107,1092
"Tcon","GO_BP","GOBP_MITOCHONDRIAL_TRANSLATION","down",-1.52494812,0.0298240758,0.0293592214,123,5902,11459,1107,1092
"Tcon","GO_BP","GOBP_NEGATIVE_REGULATION_OF_INNATE_IMMUNE_RESPONSE","up",1.62771916,0.0298562945,0.0294025466,79,5902,11459,1107,1092
"Tcon","GO_BP","GOBP_CERAMIDE_BIOSYNTHETIC_PROCESS","up",1.68567495,0.0298562945,0.0294238458,52,5902,11459,1107,1092
"Tcon","GO_BP","GOBP_GLUCOSE_METABOLIC_PROCESS","up",1.52481857,0.0298562945,0.0294238458,143,5902,11459,1107,1092
"Tcon","GO_BP","GOBP_POSITIVE_REGULATION_OF_LIPID_LOCALIZATION","up",1.65355968,0.0298742618,0.0294582258,65,5902,11459,1107,1092
"Tcon","GO_BP","GOBP_POSITIVE_REGULATION_OF_TOLL_LIKE_RECEPTOR_4_SIGNALING_PATHWAY","up",1.80126341,0.0299457732,0.0295282069,14,5902,11459,1107,1092
"Tcon","GO_BP","GOBP_HYALURONAN_CATABOLIC_PROCESS","up",1.78975542,0.0302187042,0.0296992589,9,5902,11459,1107,1092
"Tcon","GO_BP","GOBP_PIGMENTATION","up",1.62578588,0.0302187042,0.0296992589,77,5902,11459,1107,1092
"Tcon","GO_BP","GOBP_EPIDERMAL_CELL_DIFFERENTIATION","up",1.57114231,0.0302453504,0.0297356048,107,5902,11459,1107,1092
"Tcon","GO_BP","GOBP_REGULATION_OF_PHOSPHOLIPID_METABOLIC_PROCESS","up",1.7828915,0.0302975358,0.0298037243,25,5902,11459,1107,1092
"Tcon","GO_BP","GOBP_REGULATION_OF_MACROAUTOPHAGY","up",1.49643801,0.0303936831,0.02989785,172,5902,11459,1107,1092
"Tcon","GO_BP","GOBP_HEART_GROWTH","up",1.71807568,0.0305426401,0.0300375414,43,5902,11459,1107,1092
"Tcon","GO_BP","GOBP_GLYCOLYTIC_PROCESS_THROUGH_FRUCTOSE_6_PHOSPHATE","up",1.78648827,0.0306082755,0.0300896084,23,5902,11459,1107,1092
"Tcon","GO_BP","GOBP_REGULATION_OF_INFLAMMATORY_RESPONSE_TO_ANTIGENIC_STIMULUS","up",1.7280917,0.0306294732,0.0301288919,40,5902,11459,1107,1092
"Tcon","GO_BP","GOBP_NEGATIVE_REGULATION_OF_CELL_CYCLE_PROCESS","up",1.42703938,0.0306294732,0.0301495824,268,5902,11459,1107,1092
"Tcon","GO_BP","GOBP_CELL_CYCLE_DNA_REPLICATION","up",1.71741734,0.0306294732,0.0301529466,42,5902,11459,1107,1092
"Tcon","GO_BP","GOBP_RELEASE_OF_CYTOCHROME_C_FROM_MITOCHONDRIA","up",1.68815547,0.0306294732,0.0301785589,49,5902,11459,1107,1092
"Tcon","GO_BP","GOBP_LYMPHOCYTE_HOMEOSTASIS","up",1.6158354,0.0306294732,0.0301785589,81,5902,11459,1107,1092
"Tcon","GO_BP","GOBP_INFLAMMATORY_RESPONSE_TO_WOUNDING","up",1.78610287,0.0306456926,0.030211372,23,5902,11459,1107,1092
"Tcon","GO_BP","GOBP_REGULATION_OF_PEPTIDE_TRANSPORT","up",1.56265511,0.030801752,0.0303854115,111,5902,11459,1107,1092
"Tcon","GO_BP","GOBP_PEPTIDYL_AMINO_ACID_MODIFICATION","up",1.39760631,0.030801752,0.0303854115,317,5902,11459,1107,1092
"Tcon","GO_BP","GOBP_BONE_DEVELOPMENT","up",1.53657044,0.0310763023,0.0306342722,128,5902,11459,1107,1092
"Tcon","GO_BP","GOBP_REGULATION_OF_TOLL_LIKE_RECEPTOR_4_SIGNALING_PATHWAY","up",1.76887028,0.0310857308,0.0306605636,26,5902,11459,1107,1092
"Tcon","GO_BP","GOBP_RESPIRATORY_GASEOUS_EXCHANGE_BY_RESPIRATORY_SYSTEM","up",1.69438189,0.0314469012,0.0310339689,47,5902,11459,1107,1092
"Tcon","GO_BP","GOBP_RESPONSE_TO_STEROID_HORMONE","up",1.45641147,0.0315094315,0.0310950989,217,5902,11459,1107,1092
"Tcon","GO_BP","GOBP_SYNAPTIC_VESICLE_PRIMING","up",1.79017524,0.0317754603,0.0313391692,19,5902,11459,1107,1092
"Tcon","GO_BP","GOBP_REGULATION_OF_ACTIN_FILAMENT_ORGANIZATION","up",1.47885326,0.0322147012,0.0317410245,185,5902,11459,1107,1092
"Tcon","GO_BP","GOBP_RESPONSE_TO_AMINE","up",1.75858647,0.0322147012,0.0317463458,28,5902,11459,1107,1092
"Tcon","GO_BP","GOBP_HYDROGEN_PEROXIDE_BIOSYNTHETIC_PROCESS","up",1.78087837,0.0322832069,0.0318201591,9,5902,11459,1107,1092
"Tcon","GO_BP","GOBP_CELL_MIGRATION_INVOLVED_IN_SPROUTING_ANGIOGENESIS","up",1.72070694,0.0323249818,0.031860789,40,5902,11459,1107,1092
"Tcon","GO_BP","GOBP_REGULATION_OF_EARLY_ENDOSOME_TO_LATE_ENDOSOME_TRANSPORT","up",1.79711792,0.0323457213,0.0318987587,18,5902,11459,1107,1092
"Tcon","GO_BP","GOBP_PLACENTA_BLOOD_VESSEL_DEVELOPMENT","up",1.7839718,0.0325445678,0.0320398617,20,5902,11459,1107,1092
"Tcon","GO_BP","GOBP_GLUCOSE_CATABOLIC_PROCESS","up",1.77447816,0.0325813537,0.0320936941,23,5902,11459,1107,1092
"Tcon","GO_BP","GOBP_REGULATION_OF_AMYLOID_BETA_CLEARANCE","up",1.80230607,0.0326069251,0.0321402988,16,5902,11459,1107,1092
"Tcon","GO_BP","GOBP_AMYLOID_PRECURSOR_PROTEIN_METABOLIC_PROCESS","up",1.64126506,0.0326069251,0.0321402988,65,5902,11459,1107,1092
"Tcon","GO_BP","GOBP_REGULATION_OF_TUBE_SIZE","up",1.61662881,0.0326134433,0.0321599484,73,5902,11459,1107,1092
"Tcon","GO_BP","GOBP_NEGATIVE_REGULATION_OF_INTERLEUKIN_17_PRODUCTION","up",1.7967402,0.0327433694,0.0322875029,12,5902,11459,1107,1092
"Tcon","GO_BP","GOBP_NEGATIVE_REGULATION_OF_NEUROINFLAMMATORY_RESPONSE","up",1.79604636,0.0327506181,0.0323594803,12,5902,11459,1107,1092
"Tcon","GO_BP","GOBP_INTERLEUKIN_23_PRODUCTION","up",1.77837819,0.0327506181,0.0323594803,9,5902,11459,1107,1092
"Tcon","GO_BP","GOBP_RETINOIC_ACID_RECEPTOR_SIGNALING_PATHWAY","up",1.77088631,0.0327506181,0.0323594803,25,5902,11459,1107,1092
"Tcon","GO_BP","GOBP_CELLULAR_RESPONSE_TO_LIPOPROTEIN_PARTICLE_STIMULUS","up",1.73335185,0.0327506181,0.0323825007,36,5902,11459,1107,1092
"Tcon","GO_BP","GOBP_REGULATION_OF_PROTEIN_TARGETING","up",1.64556259,0.0327506181,0.0323825007,62,5902,11459,1107,1092
"Tcon","GO_BP","GOBP_ACTIN_FILAMENT_BUNDLE_ORGANIZATION","up",1.53496169,0.0328945227,0.0325058931,124,5902,11459,1107,1092
"Tcon","GO_BP","GOBP_MITOTIC_NUCLEAR_DIVISION","up",1.42997181,0.0331132061,0.0326664763,248,5902,11459,1107,1092
"Tcon","GO_BP","GOBP_NEGATIVE_REGULATION_OF_SMAD_PROTEIN_SIGNAL_TRANSDUCTION","up",1.79314423,0.0332047631,0.0327587795,15,5902,11459,1107,1092
"Tcon","GO_BP","GOBP_CELL_SURFACE_RECEPTOR_PROTEIN_SERINE_THREONINE_KINASE_SIGNALING_PATHWAY","up",1.44191966,0.0333917548,0.0329033928,231,5902,11459,1107,1092
"Tcon","GO_BP","GOBP_RESPONSE_TO_NUTRIENT","up",1.57339343,0.0334519035,0.032962118,100,5902,11459,1107,1092
"Tcon","GO_BP","GOBP_PROTEIN_CATABOLIC_PROCESS_IN_THE_VACUOLE","up",1.77736757,0.0334640813,0.032991914,21,5902,11459,1107,1092
"Tcon","GO_BP","GOBP_SKELETAL_MUSCLE_ORGAN_DEVELOPMENT","up",1.56498307,0.0334919593,0.0330400118,104,5902,11459,1107,1092
"Tcon","GO_BP","GOBP_POSITIVE_REGULATION_OF_B_CELL_MEDIATED_IMMUNITY","up",1.73829649,0.0334919593,0.0330549617,33,5902,11459,1107,1092
"Tcon","GO_BP","GOBP_REGULATION_OF_DEVELOPMENTAL_GROWTH","up",1.47521798,0.0335553481,0.0331353089,182,5902,11459,1107,1092
"Tcon","GO_BP","GOBP_EYE_PHOTORECEPTOR_CELL_DEVELOPMENT","up",1.7876131,0.0336228594,0.0332013519,17,5902,11459,1107,1092
"Tcon","GO_BP","GOBP_ISOPENTENYL_DIPHOSPHATE_BIOSYNTHETIC_PROCESS_MEVALONATE_PATHWAY","up",1.70026843,0.0336725714,0.0332491965,5,5902,11459,1107,1092
"Tcon","GO_BP","GOBP_INTERLEUKIN_2_PRODUCTION","up",1.63046035,0.0336725714,0.0332491965,66,5902,11459,1107,1092
"Tcon","GO_BP","GOBP_POSITIVE_REGULATION_OF_TRIGLYCERIDE_BIOSYNTHETIC_PROCESS","up",1.78345161,0.033816347,0.0333536665,10,5902,11459,1107,1092
"Tcon","GO_BP","GOBP_CELL_FATE_SPECIFICATION","up",1.71722498,0.0338510317,0.0333755284,37,5902,11459,1107,1092
"Tcon","GO_BP","GOBP_DEFENSE_RESPONSE_TO_GRAM_POSITIVE_BACTERIUM","up",1.6489963,0.0339332744,0.0334678316,60,5902,11459,1107,1092
"Tcon","GO_BP","GOBP_NEGATIVE_REGULATION_OF_EPITHELIAL_CELL_DIFFERENTIATION","up",1.78635485,0.0339691064,0.0335388896,17,5902,11459,1107,1092
"Tcon","GO_BP","GOBP_REGULATION_OF_CELL_ADHESION_MEDIATED_BY_INTEGRIN","up",1.71597777,0.0339691064,0.0335388896,37,5902,11459,1107,1092
"Tcon","GO_BP","GOBP_POSITIVE_REGULATION_OF_T_CELL_CYTOKINE_PRODUCTION","up",1.75526446,0.0341554468,0.0337037193,26,5902,11459,1107,1092
"Tcon","GO_BP","GOBP_MATURATION_OF_SSU_RRNA_FROM_TRICISTRONIC_RRNA_TRANSCRIPT_SSU_RRNA_5_8S_RRNA_LSU_RRNA","down",-1.73259852,0.0341884903,0.0337542513,32,5902,11459,1107,1092
"Tcon","GO_BP","GOBP_CEREBRAL_CORTEX_DEVELOPMENT","up",1.61009219,0.0341911184,0.0337562261,79,5902,11459,1107,1092
"Tcon","GO_BP","GOBP_REGULATION_OF_CELLULAR_RESPONSE_TO_INSULIN_STIMULUS","up",1.6513161,0.0343683548,0.0338794384,58,5902,11459,1107,1092
"Tcon","GO_BP","GOBP_RECEPTOR_INTERNALIZATION","up",1.58318991,0.0343771511,0.0339015384,91,5902,11459,1107,1092
"Tcon","GO_BP","GOBP_PALLIUM_DEVELOPMENT","up",1.53684334,0.0347515029,0.0342328592,119,5902,11459,1107,1092
"Tcon","GO_BP","GOBP_RESPONSE_TO_MACROPHAGE_COLONY_STIMULATING_FACTOR","up",1.78296557,0.0347515029,0.0342439726,14,5902,11459,1107,1092
"Tcon","GO_BP","GOBP_REGULATION_OF_NUCLEOTIDE_BINDING_DOMAIN_LEUCINE_RICH_REPEAT_CONTAINING_RECEPTOR_SIGNALING_PATHWAY","up",1.79063804,0.0347515029,0.0342593428,12,5902,11459,1107,1092
"Tcon","GO_BP","GOBP_INTRINSIC_APOPTOTIC_SIGNALING_PATHWAY_IN_RESPONSE_TO_DNA_DAMAGE_BY_P53_CLASS_MEDIATOR","up",1.68114227,0.0347515029,0.0342593428,47,5902,11459,1107,1092
"Tcon","GO_BP","GOBP_RESPONSE_TO_CADMIUM_ION","up",1.73819125,0.0347515029,0.0342678023,30,5902,11459,1107,1092
"Tcon","GO_BP","GOBP_GLAND_DEVELOPMENT","up",1.41707752,0.0348167702,0.0343502406,260,5902,11459,1107,1092
"Tcon","GO_BP","GOBP_CELL_RECOGNITION","up",1.59693142,0.0350699492,0.0345431652,81,5902,11459,1107,1092
"Tcon","GO_BP","GOBP_CELLULAR_RESPONSE_TO_THYROID_HORMONE_STIMULUS","up",1.76682661,0.0358423318,0.0352076371,9,5902,11459,1107,1092
"Tcon","GO_BP","GOBP_METAPHASE_CHROMOSOME_ALIGNMENT","up",1.56707143,0.0358423318,0.0352076371,97,5902,11459,1107,1092
"Tcon","GO_BP","GOBP_POSITIVE_REGULATION_OF_DEFENSE_RESPONSE_TO_BACTERIUM","up",1.69493373,0.0358686048,0.0352785506,5,5902,11459,1107,1092
"Tcon","GO_BP","GOBP_LYMPHOCYTE_APOPTOTIC_PROCESS","up",1.62293252,0.0358686048,0.0352890297,67,5902,11459,1107,1092
"Tcon","GO_BP","GOBP_KERATINOCYTE_DIFFERENTIATION","up",1.61469774,0.0358686048,0.0352890297,70,5902,11459,1107,1092
"Tcon","GO_BP","GOBP_ZYMOSTEROL_METABOLIC_PROCESS","up",1.77705969,0.0363697161,0.0357441124,14,5902,11459,1107,1092
"Tcon","GO_BP","GOBP_REGULATION_OF_PLASMINOGEN_ACTIVATION","up",1.7788188,0.0363697161,0.0357618059,15,5902,11459,1107,1092
"Tcon","GO_BP","GOBP_INTERLEUKIN_12_PRODUCTION","up",1.65529159,0.0364582233,0.0358547178,53,5902,11459,1107,1092
"Tcon","GO_BP","GOBP_POSITIVE_REGULATION_OF_AMYLOID_BETA_FORMATION","up",1.77511473,0.0364582233,0.0358670772,17,5902,11459,1107,1092
"Tcon","GO_BP","GOBP_RESPONSE_TO_MURAMYL_DIPEPTIDE","up",1.76964552,0.0364735746,0.0359181035,19,5902,11459,1107,1092
"Tcon","GO_BP","GOBP_RIBOSOMAL_SMALL_SUBUNIT_ASSEMBLY","down",-1.77215186,0.0364735746,0.0359197814,21,5902,11459,1107,1092
"Tcon","GO_BP","GOBP_REGULATION_OF_STEROID_BIOSYNTHETIC_PROCESS","up",1.65544175,0.0364735746,0.0359197814,52,5902,11459,1107,1092
"Tcon","GO_BP","GOBP_REGULATION_OF_ACTOMYOSIN_STRUCTURE_ORGANIZATION","up",1.61247863,0.0364735746,0.0359283616,71,5902,11459,1107,1092
"Tcon","GO_BP","GOBP_POSITIVE_REGULATION_OF_INTRACELLULAR_TRANSPORT","up",1.53461609,0.0364735746,0.0359312756,117,5902,11459,1107,1092
"Tcon","GO_BP","GOBP_RESPONSE_TO_METAL_ION","up",1.44612393,0.0364806229,0.0359312756,212,5902,11459,1107,1092
"Tcon","GO_BP","GOBP_RNA_SPLICING_VIA_TRANSESTERIFICATION_REACTIONS","down",-1.35637703,0.0365285499,0.0359814903,291,5902,11459,1107,1092
"Tcon","GO_BP","GOBP_ASTROCYTE_ACTIVATION","up",1.76655907,0.0365757496,0.0360169448,20,5902,11459,1107,1092
"Tcon","GO_BP","GOBP_POSITIVE_REGULATION_OF_INTERLEUKIN_23_PRODUCTION","up",1.72264468,0.0366899878,0.0361206686,6,5902,11459,1107,1092
"Tcon","GO_BP","GOBP_VIRAL_TRANSLATIONAL_TERMINATION_REINITIATION","down",-1.70398148,0.0366899878,0.0361206686,5,5902,11459,1107,1092
"Tcon","GO_BP","GOBP_POSITIVE_REGULATION_OF_ORGAN_GROWTH","up",1.7620489,0.0370697168,0.0364894057,21,5902,11459,1107,1092
"Tcon","GO_BP","GOBP_POSITIVE_REGULATION_OF_SMOOTH_MUSCLE_CELL_APOPTOTIC_PROCESS","up",1.77834732,0.0370697168,0.0365145749,13,5902,11459,1107,1092
"Tcon","GO_BP","GOBP_CHEMOKINE_C_C_MOTIF_LIGAND_5_PRODUCTION","up",1.76245337,0.0370697168,0.0365199607,9,5902,11459,1107,1092
"Tcon","GO_BP","GOBP_NEGATIVE_REGULATION_OF_T_CELL_MEDIATED_IMMUNE_RESPONSE_TO_TUMOR_CELL","up",1.75528047,0.0374112486,0.0368753683,8,5902,11459,1107,1092
"Tcon","GO_BP","GOBP_VESICLE_CYTOSKELETAL_TRAFFICKING","up",1.67722173,0.0375410405,0.0369831519,45,5902,11459,1107,1092
"Tcon","GO_BP","GOBP_ICOSANOID_METABOLIC_PROCESS","up",1.60962407,0.0375990009,0.0370592471,71,5902,11459,1107,1092
"Tcon","GO_BP","GOBP_POSITIVE_REGULATION_OF_HYDROLASE_ACTIVITY","up",1.6015222,0.0376196549,0.0370692144,73,5902,11459,1107,1092
"Tcon","GO_BP","GOBP_REGULATION_OF_EPITHELIAL_CELL_DIFFERENTIATION","up",1.59063245,0.0376001022,0.0370692144,82,5902,11459,1107,1092
"Tcon","GO_BP","GOBP_POSITIVE_REGULATION_OF_GLUTAMATE_RECEPTOR_SIGNALING_PATHWAY","up",1.71873207,0.0377728365,0.03720782,6,5902,11459,1107,1092
"Tcon","GO_BP","GOBP_L_GLUTAMATE_IMPORT_ACROSS_PLASMA_MEMBRANE","up",1.76969343,0.037826033,0.037261052,10,5902,11459,1107,1092
"Tcon","GO_BP","GOBP_ANATOMICAL_STRUCTURE_MATURATION","up",1.48309086,0.0379969377,0.0374266727,151,5902,11459,1107,1092
"Tcon","GO_BP","GOBP_NEGATIVE_REGULATION_OF_NITRIC_OXIDE_BIOSYNTHETIC_PROCESS","up",1.77988026,0.0379969377,0.0374276964,12,5902,11459,1107,1092
"Tcon","GO_BP","GOBP_VIRAL_RNA_GENOME_REPLICATION","up",1.75243007,0.0379969377,0.0374276964,22,5902,11459,1107,1092
"Tcon","GO_BP","GOBP_MUSCLE_HYPERTROPHY","up",1.64172059,0.0382536981,0.0376406253,54,5902,11459,1107,1092
"Tcon","GO_BP","GOBP_RESPONSE_TO_EPINEPHRINE","up",1.77847809,0.0383759168,0.0377603559,12,5902,11459,1107,1092
"Tcon","GO_BP","GOBP_RIBOSOMAL_SMALL_SUBUNIT_EXPORT_FROM_NUCLEUS","down",-1.76895945,0.0384861403,0.0378682816,8,5902,11459,1107,1092
"Tcon","GO_BP","GOBP_ORGAN_GROWTH","up",1.56667405,0.038505718,0.0379067798,92,5902,11459,1107,1092
"Tcon","GO_BP","GOBP_RHO_PROTEIN_SIGNAL_TRANSDUCTION","up",1.5460791,0.0389025106,0.0382832161,104,5902,11459,1107,1092
"Tcon","GO_BP","GOBP_GANGLIOSIDE_METABOLIC_PROCESS","up",1.75444624,0.0389535129,0.0383520816,21,5902,11459,1107,1092
"Tcon","GO_BP","GOBP_REGULATION_OF_NITRIC_OXIDE_METABOLIC_PROCESS","up",1.65700158,0.0389535129,0.0383658987,48,5902,11459,1107,1092
"Tcon","GO_BP","GOBP_POSITIVE_REGULATION_OF_MUSCLE_CONTRACTION","up",1.7436733,0.0390871223,0.0385169372,25,5902,11459,1107,1092
"Tcon","GO_BP","GOBP_SUPEROXIDE_ANION_GENERATION","up",1.73181555,0.0392233267,0.0386706468,28,5902,11459,1107,1092
"Tcon","GO_BP","GOBP_NEGATIVE_REGULATION_OF_MYELOID_LEUKOCYTE_MEDIATED_IMMUNITY","up",1.75357355,0.0393087965,0.0387542944,9,5902,11459,1107,1092
"Tcon","GO_BP","GOBP_TYROSINE_METABOLIC_PROCESS","up",1.71511617,0.0393170641,0.0388194715,6,5902,11459,1107,1092
"Tcon","GO_BP","GOBP_POSITIVE_REGULATION_OF_DEVELOPMENTAL_GROWTH","up",1.56708087,0.0393170641,0.0388194715,91,5902,11459,1107,1092
"Tcon","GO_BP","GOBP_MICROTUBULE_POLYMERIZATION_OR_DEPOLYMERIZATION","up",1.52157216,0.0393170641,0.0388194715,118,5902,11459,1107,1092
"Tcon","GO_BP","GOBP_REGULATION_OF_NATURAL_KILLER_CELL_ACTIVATION","up",1.67976096,0.0393170641,0.0388202037,43,5902,11459,1107,1092
"Tcon","GO_BP","GOBP_CYTOPLASMIC_MICROTUBULE_ORGANIZATION","up",1.62253969,0.0393254785,0.0388455532,62,5902,11459,1107,1092
"Tcon","GO_BP","GOBP_MEMBRANE_RAFT_ORGANIZATION","up",1.74538642,0.0394588583,0.0389738965,22,5902,11459,1107,1092
"Tcon","GO_BP","GOBP_BODY_FLUID_SECRETION","up",1.64592652,0.0394588583,0.0389973291,51,5902,11459,1107,1092
"Tcon","GO_BP","GOBP_REGULATION_OF_RESPIRATORY_BURST","up",1.77027432,0.0394588583,0.039017138,13,5902,11459,1107,1092
"Tcon","GO_BP","GOBP_ENDOSOMAL_TRANSPORT","up",1.41028451,0.0394588583,0.039017138,252,5902,11459,1107,1092
"Tcon","GO_BP","GOBP_REGULATION_OF_TUMOR_NECROSIS_FACTOR_MEDIATED_SIGNALING_PATHWAY","up",1.62988768,0.0396605205,0.0391351144,57,5902,11459,1107,1092
"Tcon","GO_BP","GOBP_NEUROTRANSMITTER_TRANSPORT","up",1.52486189,0.0397934418,0.0392656213,114,5902,11459,1107,1092
"Tcon","GO_BP","GOBP_REGULATION_OF_TRANSLATION","down",-1.33253027,0.04002709,0.0394955143,313,5902,11459,1107,1092
"Tcon","GO_BP","GOBP_CYTOKINETIC_PROCESS","up",1.65197273,0.0401047007,0.0395714384,48,5902,11459,1107,1092
"Tcon","GO_BP","GOBP_WOUND_HEALING_INVOLVED_IN_INFLAMMATORY_RESPONSE","up",1.74963654,0.04034511,0.0397876095,9,5902,11459,1107,1092
"Tcon","GO_BP","GOBP_NEGATIVE_REGULATION_OF_LEUKOCYTE_DEGRANULATION","up",1.76477792,0.0409950412,0.0403659709,11,5902,11459,1107,1092
"Tcon","GO_BP","GOBP_STEROL_METABOLIC_PROCESS","up",1.53186322,0.0411176609,0.0404861265,107,5902,11459,1107,1092
"Tcon","GO_BP","GOBP_AMINO_ACID_TRANSPORT","up",1.57084663,0.0413091751,0.0406533949,86,5902,11459,1107,1092
"Tcon","GO_BP","GOBP_REGULATION_OF_AXONOGENESIS","up",1.55846663,0.0413455714,0.0406886514,92,5902,11459,1107,1092
"Tcon","GO_BP","GOBP_NEGATIVE_REGULATION_OF_MYELOID_CELL_APOPTOTIC_PROCESS","up",1.76392451,0.0413914271,0.0407332172,11,5902,11459,1107,1092
"Tcon","GO_BP","GOBP_CHEMOKINE_C_X_C_MOTIF_LIGAND_2_PRODUCTION","up",1.75870448,0.042108124,0.0413958996,17,5902,11459,1107,1092
"Tcon","GO_BP","GOBP_BONE_MORPHOGENESIS","up",1.6427953,0.0426320344,0.0418467871,49,5902,11459,1107,1092
"Tcon","GO_BP","GOBP_POSITIVE_REGULATION_OF_HEART_GROWTH","up",1.75515874,0.0426607992,0.0418957368,14,5902,11459,1107,1092
"Tcon","GO_BP","GOBP_CARDIAC_CELL_DEVELOPMENT","up",1.66890253,0.0427519012,0.0420019377,43,5902,11459,1107,1092
"Tcon","GO_BP","GOBP_POSITIVE_CHEMOTAXIS","up",1.69914396,0.0427540686,0.0420075637,33,5902,11459,1107,1092
"Tcon","GO_BP","GOBP_NEGATIVE_REGULATION_OF_CD4_POSITIVE_ALPHA_BETA_T_CELL_DIFFERENTIATION","up",1.73849323,0.0428061474,0.0421208381,23,5902,11459,1107,1092
"Tcon","GO_BP","GOBP_NEGATIVE_REGULATION_OF_NF_KAPPAB_TRANSCRIPTION_FACTOR_ACTIVITY","up",1.69938009,0.0428061474,0.0421208381,32,5902,11459,1107,1092
"Tcon","GO_BP","GOBP_BLOOD_VESSEL_ENDOTHELIAL_CELL_MIGRATION","up",1.56618087,0.0428061474,0.0421208381,86,5902,11459,1107,1092
"Tcon","GO_BP","GOBP_LENS_FIBER_CELL_DIFFERENTIATION","up",1.72220604,0.0428742063,0.0421872365,26,5902,11459,1107,1092
"Tcon","GO_BP","GOBP_REGULATION_OF_RECEPTOR_CLUSTERING","up",1.74004918,0.0429334156,0.0422449265,8,5902,11459,1107,1092
"Tcon","GO_BP","GOBP_HEMOSTASIS","up",1.46938507,0.0431205798,0.0424071964,153,5902,11459,1107,1092
"Tcon","GO_BP","GOBP_POSITIVE_REGULATION_OF_CHROMOSOME_SEGREGATION","up",1.71285697,0.0431518544,0.0424587188,29,5902,11459,1107,1092
"Tcon","GO_BP","GOBP_VASCULAR_ASSOCIATED_SMOOTH_MUSCLE_CELL_PROLIFERATION","up",1.68262031,0.0431741901,0.0424801252,40,5902,11459,1107,1092
"Tcon","GO_BP","GOBP_POSITIVE_REGULATION_OF_MACROPHAGE_CYTOKINE_PRODUCTION","up",1.7561342,0.0432091216,0.0425559769,11,5902,11459,1107,1092
"Tcon","GO_BP","GOBP_RESPONSE_TO_KETONE","up",1.49572044,0.0432091216,0.0425559769,132,5902,11459,1107,1092
"Tcon","GO_BP","GOBP_ENDODERM_FORMATION","up",1.69634595,0.0432929077,0.0425739278,32,5902,11459,1107,1092
"Tcon","GO_BP","GOBP_INSULIN_SECRETION","up",1.51562147,0.0433348008,0.0426358755,117,5902,11459,1107,1092
"Tcon","GO_BP","GOBP_RESPONSE_TO_THYROID_HORMONE","up",1.75532948,0.0433692295,0.0427112202,11,5902,11459,1107,1092
"Tcon","GO_BP","GOBP_NEURON_MIGRATION","up",1.53442343,0.0433692295,0.0427112202,102,5902,11459,1107,1092
"Tcon","GO_BP","GOBP_REGULATION_OF_RECEPTOR_LOCALIZATION_TO_SYNAPSE","up",1.73455461,0.0434731297,0.0428129346,23,5902,11459,1107,1092
"Tcon","GO_BP","GOBP_CD4_POSITIVE_CD25_POSITIVE_ALPHA_BETA_REGULATORY_T_CELL_DIFFERENTIATION","up",1.74223957,0.0435230173,0.0428828222,9,5902,11459,1107,1092
"Tcon","GO_BP","GOBP_SERINE_TRANSPORT","up",1.72224286,0.0435493576,0.0429295246,7,5902,11459,1107,1092
"Tcon","GO_BP","GOBP_MORPHOGENESIS_OF_A_BRANCHING_STRUCTURE","up",1.54001135,0.043658722,0.0429938794,97,5902,11459,1107,1092
"Tcon","GO_BP","GOBP_CEREBRAL_CORTEX_NEURON_DIFFERENTIATION","up",1.75834122,0.0439637385,0.0432501012,12,5902,11459,1107,1092
"Tcon","GO_BP","GOBP_NEGATIVE_REGULATION_OF_EXOCYTOSIS","up",1.70940021,0.0439637385,0.0432501012,29,5902,11459,1107,1092
"Tcon","GO_BP","GOBP_MICROTUBULE_POLYMERIZATION","up",1.56014858,0.0439797325,0.043271189,87,5902,11459,1107,1092
"Tcon","GO_BP","GOBP_DETECTION_OF_EXTERNAL_BIOTIC_STIMULUS","up",1.75037739,0.0441091888,0.0434135372,18,5902,11459,1107,1092
"Tcon","GO_BP","GOBP_NEGATIVE_REGULATION_OF_GENE_EXPRESSION_VIA_CHROMOSOMAL_CPG_ISLAND_METHYLATION","down",-1.7621488,0.0442657272,0.0435879652,13,5902,11459,1107,1092
"Tcon","GO_BP","GOBP_CELLULAR_RESPONSE_TO_CARBOHYDRATE_STIMULUS","up",1.53832167,0.0442657272,0.0435879652,97,5902,11459,1107,1092
"Tcon","GO_BP","GOBP_REGULATION_OF_SODIUM_ION_TRANSMEMBRANE_TRANSPORT","up",1.72365588,0.0448297363,0.0441209344,24,5902,11459,1107,1092
"Tcon","GO_BP","GOBP_EYE_MORPHOGENESIS","up",1.57497781,0.0450320435,0.0442976041,79,5902,11459,1107,1092
"Tcon","GO_BP","GOBP_NUTRIENT_STORAGE","up",1.58687386,0.045044495,0.0443092795,69,5902,11459,1107,1092
"Tcon","GO_BP","GOBP_RESPONSE_TO_FOLLICLE_STIMULATING_HORMONE","up",1.72011135,0.0451832445,0.0444451907,7,5902,11459,1107,1092
"Tcon","GO_BP","GOBP_NEGATIVE_REGULATION_OF_P38MAPK_CASCADE","up",1.71986681,0.0452497851,0.044510071,7,5902,11459,1107,1092
"Tcon","GO_BP","GOBP_SMOOTH_MUSCLE_CONTRACTION","up",1.64664018,0.0453287352,0.0445715866,46,5902,11459,1107,1092
"Tcon","GO_BP","GOBP_LONG_CHAIN_FATTY_ACYL_COA_METABOLIC_PROCESS","up",1.74562246,0.0453805019,0.0446407916,17,5902,11459,1107,1092
"Tcon","GO_BP","GOBP_POSITIVE_REGULATION_OF_T_HELPER_2_CELL_CYTOKINE_PRODUCTION","up",1.73256701,0.0453805019,0.0446407916,8,5902,11459,1107,1092
"Tcon","GO_BP","GOBP_RESPONSE_TO_ANGIOTENSIN","up",1.71524985,0.0453805019,0.0446407916,26,5902,11459,1107,1092
"Tcon","GO_BP","GOBP_MACROPHAGE_CYTOKINE_PRODUCTION","up",1.74512622,0.0456655562,0.0449161692,15,5902,11459,1107,1092
"Tcon","GO_BP","GOBP_NEGATIVE_REGULATION_OF_EXTRACELLULAR_MATRIX_ORGANIZATION","up",1.74578227,0.0457054978,0.0449768551,10,5902,11459,1107,1092
"Tcon","GO_BP","GOBP_CELLULAR_RESPONSE_TO_ABIOTIC_STIMULUS","up",1.40506109,0.0457498863,0.0450692098,243,5902,11459,1107,1092
"Tcon","GO_BP","GOBP_POSITIVE_REGULATION_OF_LIPID_STORAGE","up",1.74751668,0.0457498863,0.0450921359,16,5902,11459,1107,1092
"Tcon","GO_BP","GOBP_POSITIVE_REGULATION_OF_MONOCYTE_CHEMOTAXIS","up",1.74681104,0.0457498863,0.0450921359,14,5902,11459,1107,1092
"Tcon","GO_BP","GOBP_NEGATIVE_REGULATION_OF_BMP_SIGNALING_PATHWAY","up",1.69924151,0.0457498863,0.0450921359,30,5902,11459,1107,1092
"Tcon","GO_BP","GOBP_CARDIOCYTE_DIFFERENTIATION","up",1.57222956,0.0457498863,0.0451035497,79,5902,11459,1107,1092
"Tcon","GO_BP","GOBP_PROTEIN_DEPHOSPHORYLATION","up",1.59585043,0.0457498863,0.0451046589,65,5902,11459,1107,1092
"Tcon","GO_BP","GOBP_MIRNA_METABOLIC_PROCESS","up",1.58117362,0.0457929218,0.0451464137,71,5902,11459,1107,1092
"Tcon","GO_BP","GOBP_REGULATION_OF_CELL_CELL_ADHESION_MEDIATED_BY_CADHERIN","up",1.74364884,0.0458786616,0.0452224193,10,5902,11459,1107,1092
"Tcon","GO_BP","GOBP_CELLULAR_DEFENSE_RESPONSE","up",1.67128728,0.0458786616,0.0452501797,39,5902,11459,1107,1092
"Tcon","GO_BP","GOBP_POSITIVE_REGULATION_OF_INTERLEUKIN_1_PRODUCTION","up",1.61964923,0.0458786616,0.0452501797,52,5902,11459,1107,1092
"Tcon","GO_BP","GOBP_CARBOHYDRATE_HOMEOSTASIS","up",1.45892293,0.0458786616,0.0452501797,157,5902,11459,1107,1092
"Tcon","GO_BP","GOBP_FATTY_ACID_DERIVATIVE_BIOSYNTHETIC_PROCESS","up",1.69414962,0.0460458069,0.0454363459,31,5902,11459,1107,1092
"Tcon","GO_BP","GOBP_POSITIVE_REGULATION_OF_CELL_MATRIX_ADHESION","up",1.67020919,0.0461216588,0.0455104799,40,5902,11459,1107,1092
"Tcon","GO_BP","GOBP_REGULATION_OF_TOLERANCE_INDUCTION","up",1.7416174,0.0463058938,0.045691558,18,5902,11459,1107,1092
"Tcon","GO_BP","GOBP_POSITIVE_REGULATION_OF_VESICLE_FUSION","up",1.7440021,0.046412211,0.0457950347,11,5902,11459,1107,1092
"Tcon","GO_BP","GOBP_HEPARAN_SULFATE_PROTEOGLYCAN_METABOLIC_PROCESS","up",1.6853085,0.046412211,0.0457950347,32,5902,11459,1107,1092
"Tcon","GO_BP","GOBP_NEGATIVE_REGULATION_OF_SYSTEMIC_ARTERIAL_BLOOD_PRESSURE","up",1.73533655,0.046421946,0.0458260226,9,5902,11459,1107,1092
"Tcon","GO_BP","GOBP_POSITIVE_REGULATION_OF_T_HELPER_1_TYPE_IMMUNE_RESPONSE","up",1.74447704,0.046445852,0.0458664413,16,5902,11459,1107,1092
"Tcon","GO_BP","GOBP_INTRACELLULAR_GLUCOSE_HOMEOSTASIS","up",1.5238634,0.046445852,0.0458664413,101,5902,11459,1107,1092
"Tcon","GO_BP","GOBP_REGULATION_OF_FAT_CELL_DIFFERENTIATION","up",1.54695399,0.0469417642,0.04631467,89,5902,11459,1107,1092
"Tcon","GO_BP","GOBP_ANTIGEN_PROCESSING_AND_PRESENTATION_OF_PEPTIDE_ANTIGEN_VIA_MHC_CLASS_I","up",1.69158101,0.047017509,0.0464325318,31,5902,11459,1107,1092
"Tcon","GO_BP","GOBP_NEURON_PROJECTION_REGENERATION","up",1.69148785,0.047017509,0.0464325318,31,5902,11459,1107,1092
"Tcon","GO_BP","GOBP_POSITIVE_REGULATION_OF_MACROPHAGE_ACTIVATION","up",1.73012749,0.0470203927,0.0464561367,20,5902,11459,1107,1092
"Tcon","GO_BP","GOBP_POSITIVE_REGULATION_OF_GROWTH","up",1.45759906,0.0470203927,0.0464561367,152,5902,11459,1107,1092
"Tcon","GO_BP","GOBP_INTEGRATED_STRESS_RESPONSE_SIGNALING","up",1.63228492,0.0470526333,0.0465087019,48,5902,11459,1107,1092
"Tcon","GO_BP","GOBP_SKIN_DEVELOPMENT","up",1.46438712,0.0470526333,0.0465087019,148,5902,11459,1107,1092
"Tcon","GO_BP","GOBP_PROTEIN_O_LINKED_GLYCOSYLATION_VIA_XYLOSE","up",1.66687585,0.0470910648,0.0465681745,40,5902,11459,1107,1092
"Tcon","GO_BP","GOBP_RAS_PROTEIN_SIGNAL_TRANSDUCTION","up",1.54842858,0.0470983695,0.046596866,88,5902,11459,1107,1092
"Tcon","GO_BP","GOBP_SYNAPTIC_VESICLE_TRANSPORT","up",1.66190794,0.0471424436,0.0466619385,41,5902,11459,1107,1092
"Tcon","GO_BP","GOBP_HORMONE_MEDIATED_SIGNALING_PATHWAY","up",1.4604531,0.0474271098,0.0469652797,150,5902,11459,1107,1092
"Tcon","GO_BP","GOBP_RESPONSE_TO_PROTOZOAN","up",1.71706121,0.0475864478,0.0470323382,23,5902,11459,1107,1092
"Tcon","GO_BP","GOBP_NOTOCHORD_DEVELOPMENT","down",-1.70738985,0.0477366692,0.047180011,6,5902,11459,1107,1092
"Tcon","GO_BP","GOBP_DE_NOVO_AMP_BIOSYNTHETIC_PROCESS","down",-1.70730323,0.0477612423,0.0472476147,6,5902,11459,1107,1092
"Tcon","GO_BP","GOBP_DE_NOVO_IMP_BIOSYNTHETIC_PROCESS","down",-1.70730323,0.0477612423,0.0472476147,6,5902,11459,1107,1092
"Tcon","GO_BP","GOBP_TROPHOBLAST_GIANT_CELL_DIFFERENTIATION","up",1.69267326,0.0478461061,0.0473379346,6,5902,11459,1107,1092
"Tcon","GO_BP","GOBP_NEGATIVE_REGULATION_OF_MYELOID_CELL_DIFFERENTIATION","up",1.59865902,0.0478461061,0.047373997,59,5902,11459,1107,1092
"Tcon","GO_BP","GOBP_REGULATION_OF_REACTIVE_OXYGEN_SPECIES_METABOLIC_PROCESS","up",1.51577425,0.0478461061,0.047373997,106,5902,11459,1107,1092
"Tcon","GO_BP","GOBP_PHOSPHOLIPASE_C_ACTIVATING_G_PROTEIN_COUPLED_RECEPTOR_SIGNALING_PATHWAY","up",1.60102866,0.0484738193,0.0479264195,57,5902,11459,1107,1092
"Tcon","GO_BP","GOBP_POSITIVE_REGULATION_OF_AUTOPHAGY","up",1.47196315,0.0484738987,0.0479483672,141,5902,11459,1107,1092
"Tcon","GO_BP","GOBP_REGULATION_OF_JNK_CASCADE","up",1.50626058,0.0486946085,0.0481203118,111,5902,11459,1107,1092
"Tcon","GO_BP","GOBP_RESPONSE_TO_RADIATION","up",1.36183532,0.0487253154,0.0481725988,313,5902,11459,1107,1092
"Tcon","GO_BP","GOBP_PROTEIN_TARGETING","up",1.38610847,0.0490675874,0.0484644172,257,5902,11459,1107,1092
"Tcon","GO_BP","GOBP_POSITIVE_REGULATION_OF_APOPTOTIC_PROCESS_INVOLVED_IN_DEVELOPMENT","up",1.6905667,0.0493013385,0.0486945084,6,5902,11459,1107,1092
"Tcon","GO_BP","GOBP_NEGATIVE_REGULATION_OF_KINASE_ACTIVITY","up",1.58613823,0.0493071702,0.0487224114,65,5902,11459,1107,1092
"Tcon","GO_BP","GOBP_NEGATIVE_REGULATION_OF_DNA_REPLICATION","up",1.71819888,0.049339824,0.0487768148,21,5902,11459,1107,1092
"Tcon","GO_BP","GOBP_POSITIVE_REGULATION_OF_KERATINOCYTE_DIFFERENTIATION","up",1.73209122,0.049571743,0.048959221,10,5902,11459,1107,1092
"Tcon","GO_BP","GOBP_POSITIVE_REGULATION_OF_MEMBRANE_PROTEIN_ECTODOMAIN_PROTEOLYSIS","up",1.73293249,0.0498097951,0.0492077697,13,5902,11459,1107,1092
"Tcon","GO_BP","GOBP_AMINOGLYCAN_CATABOLIC_PROCESS","up",1.72814619,0.0498097951,0.0492166495,17,5902,11459,1107,1092
"Tcon","GO_BP","GOBP_NEGATIVE_REGULATION_OF_CELL_KILLING","up",1.68223229,0.0498097951,0.0492166495,31,5902,11459,1107,1092
"Tcon","GO_BP","GOBP_POSITIVE_REGULATION_OF_LEUKOCYTE_APOPTOTIC_PROCESS","up",1.71194787,0.0498450639,0.0492721299,23,5902,11459,1107,1092
"Tcon","GO_BP","GOBP_RESPONSE_TO_ALCOHOL","up",1.44200766,0.0498691133,0.0493181535,171,5902,11459,1107,1092
"Tcon","GO_BP","GOBP_REGULATION_OF_CARDIAC_MUSCLE_CONTRACTION","up",1.63438996,0.049869554,0.0493520026,45,5902,11459,1107,1092
"Tcon","GO_BP","GOBP_REGULATION_OF_CALCIUM_ION_IMPORT","up",1.70942065,0.049869554,0.0493630284,22,5902,11459,1107,1092
"Tcon","GO_BP","GOBP_MAMMARY_GLAND_DUCT_MORPHOGENESIS","up",1.72063992,0.0499514037,0.0494422679,19,5902,11459,1107,1092
"Tcon","GO_BP","GOBP_NEGATIVE_REGULATION_OF_TRANSMEMBRANE_TRANSPORT","up",1.57530519,0.0499514037,0.0494422679,68,5902,11459,1107,1092
"Tcon","GO_BP","GOBP_ENDODERM_DEVELOPMENT","up",1.62200384,0.0500200124,0.0494995206,48,5902,11459,1107,1092
"Tcon","GO_BP","GOBP_PROTEIN_HOMOOLIGOMERIZATION","up",1.47251315,0.0500200124,0.0495214277,136,5902,11459,1107,1092
"Tcon","GO_BP","GOBP_REGULATION_OF_MICROTUBULE_CYTOSKELETON_ORGANIZATION","up",1.47555876,0.0500200124,0.0495232441,135,5902,11459,1107,1092
"Tcon","GO_BP","GOBP_POSITIVE_REGULATION_OF_CALCIUM_ION_TRANSMEMBRANE_TRANSPORT","up",1.67475159,0.0500200124,0.0495296715,33,5902,11459,1107,1092
"Tcon","GO_BP","GOBP_RESPONSE_TO_MONOSACCHARIDE","up",1.47806988,0.0501197857,0.0496336694,129,5902,11459,1107,1092
"Tcon","GO_BP","GOBP_LONG_CHAIN_FATTY_ACID_TRANSPORT","up",1.65706754,0.0501197857,0.0496497188,40,5902,11459,1107,1092
"Tcon","GO_BP","GOBP_REGULATION_OF_RECEPTOR_RECYCLING","up",1.71877073,0.050140267,0.0497038648,20,5902,11459,1107,1092
"Tcon","GO_BP","GOBP_POSITIVE_REGULATION_OF_EXOSOMAL_SECRETION","up",1.73128507,0.050140267,0.0497795066,14,5902,11459,1107,1092
"Tcon","GO_BP","GOBP_PHOSPHATIDYLCHOLINE_ACYL_CHAIN_REMODELING","up",1.73123376,0.050140267,0.0497795066,13,5902,11459,1107,1092
"Tcon","GO_BP","GOBP_FAS_SIGNALING_PATHWAY","up",1.72155184,0.050140267,0.0497795066,9,5902,11459,1107,1092
"Tcon","GO_BP","GOBP_POSITIVE_REGULATION_OF_BONE_MINERALIZATION","up",1.70716048,0.050140267,0.0497795066,22,5902,11459,1107,1092
"Tcon","GO_BP","GOBP_PIGMENT_GRANULE_ORGANIZATION","up",1.67335836,0.050140267,0.0497795066,33,5902,11459,1107,1092
"Tcon","GO_BP","GOBP_RESPONSE_TO_LEUKEMIA_INHIBITORY_FACTOR","up",1.55051029,0.0502032308,0.0498295759,83,5902,11459,1107,1092
"Tcon","GO_BP","GOBP_REGULATION_OF_AMYLOID_PRECURSOR_PROTEIN_CATABOLIC_PROCESS","up",1.65985328,0.0502032308,0.0498372712,39,5902,11459,1107,1092
"Tcon","GO_BP","GOBP_CARBOXYLIC_ACID_TRANSMEMBRANE_TRANSPORT","up",1.53235672,0.0502856246,0.0499207479,91,5902,11459,1107,1092
"Tcon","GO_CC","GOCC_CYTOSOLIC_RIBOSOME","down",-3.46464508,1.27989039e-33,1.89266537e-33,110,861,11459,143,128
"Tcon","GO_CC","GOCC_RIBOSOMAL_SUBUNIT","down",-3.18414383,1.16905443e-29,2.39367367e-29,170,861,11459,143,128
"Tcon","GO_CC","GOCC_RIBOSOME","down",-2.93278351,1.30739002e-25,3.0705846e-25,214,861,11459,143,128
"Tcon","GO_CC","GOCC_CYTOSOLIC_LARGE_RIBOSOMAL_SUBUNIT","down",-3.35302092,1.28669352e-24,3.80545131e-24,52,861,11459,143,128
"Tcon","GO_CC","GOCC_CYTOSOLIC_SMALL_RIBOSOMAL_SUBUNIT","down",-3.06579258,2.54801663e-16,5.469582e-16,38,861,11459,143,128
"Tcon","GO_CC","GOCC_LARGE_RIBOSOMAL_SUBUNIT","down",-2.86528487,7.33005145e-16,1.77373159e-15,103,861,11459,143,128
"Tcon","GO_CC","GOCC_SMALL_RIBOSOMAL_SUBUNIT","down",-2.91887768,4.11090833e-15,1.0942369e-14,70,861,11459,143,128
"Tcon","GO_CC","GOCC_SECRETORY_GRANULE_MEMBRANE","up",2.41142545,9.12990041e-14,2.20926045e-13,231,861,11459,143,128
"Tcon","GO_CC","GOCC_TRANSPORT_VESICLE","up",2.23147896,5.02759898e-13,1.33824057e-12,321,861,11459,143,128
"Tcon","GO_CC","GOCC_CELL_LEADING_EDGE","up",2.10946559,1.58576561e-10,3.05867597e-10,312,861,11459,143,128
"Tcon","GO_CC","GOCC_ENDOCYTIC_VESICLE","up",2.15677557,3.51006359e-10,6.76141582e-10,264,861,11459,143,128
"Tcon","GO_CC","GOCC_PRERIBOSOME","down",-2.53347881,3.84554249e-10,7.77419334e-10,98,861,11459,143,128
"Tcon","GO_CC","GOCC_LATE_ENDOSOME","up",2.14315225,7.70350356e-10,1.54980393e-09,263,861,11459,143,128
"Tcon","GO_CC","GOCC_EXTERNAL_SIDE_OF_PLASMA_MEMBRANE","up",2.17154958,1.00597941e-09,2.12999224e-09,232,861,11459,143,128
"Tcon","GO_CC","GOCC_SMALL_SUBUNIT_PROCESSOME","down",-2.5590479,2.77612956e-09,5.77302349e-09,68,861,11459,143,128
"Tcon","GO_CC","GOCC_COATED_VESICLE","up",2.07345737,1.74903716e-08,3.210736e-08,244,861,11459,143,128
"Tcon","GO_CC","GOCC_MEMBRANE_MICRODOMAIN","up",2.13013162,3.02938009e-08,5.48322722e-08,190,861,11459,143,128
"Tcon","GO_CC","GOCC_LATE_ENDOSOME_MEMBRANE","up",2.18281894,4.3685184e-08,7.84381545e-08,155,861,11459,143,128
"Tcon","GO_CC","GOCC_TRANSPORT_VESICLE_MEMBRANE","up",2.14436772,6.42127646e-08,1.14243698e-07,169,861,11459,143,128
"Tcon","GO_CC","GOCC_MHC_CLASS_II_PROTEIN_COMPLEX","up",2.45596893,9.76621867e-08,1.71873827e-07,15,861,11459,143,128
"Tcon","GO_CC","GOCC_FICOLIN_1_RICH_GRANULE","up",2.13496789,1.3383316e-07,2.36738835e-07,165,861,11459,143,128
"Tcon","GO_CC","GOCC_PIGMENT_GRANULE","up",2.28505047,2.03513505e-07,3.56814925e-07,94,861,11459,143,128
"Tcon","GO_CC","GOCC_COATED_VESICLE_MEMBRANE","up",2.11373914,2.07768113e-07,3.78565487e-07,159,861,11459,143,128
"Tcon","GO_CC","GOCC_VESICLE_LUMEN","up",1.96737179,6.06974347e-07,1.01506015e-06,244,861,11459,143,128
"Tcon","GO_CC","GOCC_TERTIARY_GRANULE","up",2.12987075,7.48756829e-07,1.24564525e-06,123,861,11459,143,128
"Tcon","GO_CC","GOCC_LAMELLIPODIUM","up",2.06630846,7.69703669e-07,1.31852723e-06,159,861,11459,143,128
"Tcon","GO_CC","GOCC_COPII_COATED_ER_TO_GOLGI_TRANSPORT_VESICLE","up",2.25967028,9.89534146e-07,1.66939271e-06,80,861,11459,143,128
"Tcon","GO_CC","GOCC_MICROTUBULE","up",1.82551924,2.37916679e-06,3.72519946e-06,338,861,11459,143,128
"Tcon","GO_CC","GOCC_VACUOLAR_LUMEN","up",2.11491021,2.40340501e-06,3.86506932e-06,126,861,11459,143,128
"Tcon","GO_CC","GOCC_CLATHRIN_COATED_VESICLE","up",2.00677746,2.73916158e-06,4.47764699e-06,162,861,11459,143,128
"Tcon","GO_CC","GOCC_EARLY_ENDOSOME","up",1.80119737,2.95866194e-06,4.90231552e-06,337,861,11459,143,128
"Tcon","GO_CC","GOCC_AZUROPHIL_GRANULE","up",2.03820482,4.84532234e-06,7.67121121e-06,122,861,11459,143,128
"Tcon","GO_CC","GOCC_PHAGOCYTIC_VESICLE","up",2.06840882,6.50168199e-06,1.0039686e-05,130,861,11459,143,128
"Tcon","GO_CC","GOCC_APICAL_PLASMA_MEMBRANE","up",1.92221506,6.50168199e-06,1.02154081e-05,195,861,11459,143,128
"Tcon","GO_CC","GOCC_SPECIFIC_GRANULE","up",2.0172319,7.46765629e-06,1.17517954e-05,122,861,11459,143,128
"Tcon","GO_CC","GOCC_MHC_PROTEIN_COMPLEX","up",2.33947475,7.80823076e-06,1.25540093e-05,23,861,11459,143,128
"Tcon","GO_CC","GOCC_BASAL_PART_OF_CELL","up",1.93456795,8.25317386e-06,1.35470593e-05,180,861,11459,143,128
"Tcon","GO_CC","GOCC_CLATHRIN_COATED_ENDOCYTIC_VESICLE","up",2.23564476,9.58205455e-06,1.5733853e-05,58,861,11459,143,128
"Tcon","GO_CC","GOCC_RUFFLE","up",1.96660566,1.06781242e-05,1.77643184e-05,150,861,11459,143,128
"Tcon","GO_CC","GOCC_CLATHRIN_COATED_VESICLE_MEMBRANE","up",2.10964821,1.19780954e-05,2.0115557e-05,102,861,11459,143,128
"Tcon","GO_CC","GOCC_IMMUNOLOGICAL_SYNAPSE","up",2.2227951,1.23018097e-05,2.10429075e-05,44,861,11459,143,128
"Tcon","GO_CC","GOCC_ADHERENS_JUNCTION","up",2.00947529,1.90660744e-05,3.15608376e-05,126,861,11459,143,128
"Tcon","GO_CC","GOCC_MIDBODY","up",1.91185781,1.90660744e-05,3.20918232e-05,158,861,11459,143,128
"Tcon","GO_CC","GOCC_ENDOCYTIC_VESICLE_MEMBRANE","up",1.98053828,1.98988784e-05,3.38739935e-05,145,861,11459,143,128
"Tcon","GO_CC","GOCC_EXOCYTIC_VESICLE","up",1.90985289,2.16374587e-05,3.68145647e-05,175,861,11459,143,128
"Tcon","GO_CC","GOCC_LUMENAL_SIDE_OF_ENDOPLASMIC_RETICULUM_MEMBRANE","up",2.25043484,2.92868312e-05,4.92575039e-05,30,861,11459,143,128
"Tcon","GO_CC","GOCC_CYTOSOLIC_TRANSLATION_PREINITIATION_COMPLEX","down",-2.29939655,6.02672709e-05,9.2637625e-05,19,861,11459,143,128
"Tcon","GO_CC","GOCC_PRESYNAPTIC_MEMBRANE","up",2.08596754,6.02672709e-05,9.32215413e-05,77,861,11459,143,128
"Tcon","GO_CC","GOCC_CLATHRIN_COATED_ENDOCYTIC_VESICLE_MEMBRANE","up",2.17152333,6.89245388e-05,0.000108667243,48,861,11459,143,128
"Tcon","GO_CC","GOCC_SPECIFIC_GRANULE_MEMBRANE","up",2.07755993,6.89245388e-05,0.000109726407,77,861,11459,143,128
"Tcon","GO_CC","GOCC_TERTIARY_GRANULE_MEMBRANE","up",2.12096892,7.30883516e-05,0.000117279348,58,861,11459,143,128
"Tcon","GO_CC","GOCC_ER_TO_GOLGI_TRANSPORT_VESICLE_MEMBRANE","up",2.11358831,8.66805605e-05,0.000135758136,56,861,11459,143,128
"Tcon","GO_CC","GOCC_CYTOPLASMIC_SIDE_OF_MEMBRANE","up",1.82759918,0.00011095519,0.000171257996,167,861,11459,143,128
"Tcon","GO_CC","GOCC_LYSOSOMAL_LUMEN","up",2.09023732,0.000129165817,0.000200063077,69,861,11459,143,128
"Tcon","GO_CC","GOCC_SARCOLEMMA","up",2.06137567,0.00015448141,0.00023656723,71,861,11459,143,128
"Tcon","GO_CC","GOCC_EUKARYOTIC_48S_PREINITIATION_COMPLEX","down",-2.25706066,0.000173850634,0.00026715674,17,861,11459,143,128
"Tcon","GO_CC","GOCC_EUKARYOTIC_TRANSLATION_INITIATION_FACTOR_3_COMPLEX_EIF3M","down",-2.04671435,0.00020722779,0.000312534837,7,861,11459,143,128
"Tcon","GO_CC","GOCC_FICOLIN_1_RICH_GRANULE_LUMEN","up",1.8947085,0.000230673614,0.000346422717,119,861,11459,143,128
"Tcon","GO_CC","GOCC_CYTOPLASMIC_SIDE_OF_PLASMA_MEMBRANE","up",1.90011832,0.000240087668,0.000362545141,118,861,11459,143,128
"Tcon","GO_CC","GOCC_PLATELET_DENSE_TUBULAR_NETWORK","up",2.00961834,0.000266004155,0.000399274529,8,861,11459,143,128
"Tcon","GO_CC","GOCC_EUKARYOTIC_TRANSLATION_INITIATION_FACTOR_3_COMPLEX","down",-2.19498746,0.000277659399,0.000420553249,16,861,11459,143,128
"Tcon","GO_CC","GOCC_CELL_PROJECTION_MEMBRANE","up",1.74613897,0.000301583578,0.000455774794,207,861,11459,143,128
"Tcon","GO_CC","GOCC_CELL_SUBSTRATE_JUNCTION","up",1.60502299,0.000337712901,0.0005056427,336,861,11459,143,128
"Tcon","GO_CC","GOCC_GERM_CELL_NUCLEUS","up",2.12241843,0.000401821682,0.000595235828,24,861,11459,143,128
"Tcon","GO_CC","GOCC_CAVEOLA","up",2.03279837,0.00048391325,0.000702389772,46,861,11459,143,128
"Tcon","GO_CC","GOCC_BASOLATERAL_PLASMA_MEMBRANE","up",1.80504618,0.000561417496,0.00080579028,151,861,11459,143,128
"Tcon","GO_CC","GOCC_FICOLIN_1_RICH_GRANULE_MEMBRANE","up",1.98292109,0.00099423364,0.00129993743,46,861,11459,143,128
"Tcon","GO_CC","GOCC_PLATELET_ALPHA_GRANULE","up",1.96978596,0.00108797236,0.00140459891,59,861,11459,143,128
"Tcon","GO_CC","GOCC_MITOTIC_SPINDLE","up",1.75104014,0.00127500546,0.00163283543,145,861,11459,143,128
"Tcon","GO_CC","GOCC_LAMELLIPODIUM_MEMBRANE","up",2.02678275,0.00184252204,0.00224384505,17,861,11459,143,128
"Tcon","GO_CC","GOCC_SYNAPTIC_MEMBRANE","up",1.71597934,0.00209326639,0.00255225882,178,861,11459,143,128
"Tcon","GO_CC","GOCC_MICROTUBULE_ASSOCIATED_COMPLEX","up",1.7910441,0.00215659253,0.00265622319,111,861,11459,143,128
"Tcon","GO_CC","GOCC_CYTOLYTIC_GRANULE","up",2.04363097,0.00249256282,0.0030576471,15,861,11459,143,128
"Tcon","GO_CC","GOCC_PLASMA_MEMBRANE_RAFT","up",1.86632973,0.00263242376,0.00326248205,67,861,11459,143,128
"Tcon","GO_CC","GOCC_CELL_CORTEX","up",1.62436252,0.00263242376,0.00326708063,225,861,11459,143,128
"Tcon","GO_CC","GOCC_ACTIN_BASED_CELL_PROJECTION","up",1.73716162,0.00276055445,0.00343872502,125,861,11459,143,128
"Tcon","GO_CC","GOCC_DISTAL_AXON","up",1.68462729,0.00283622528,0.00354887837,164,861,11459,143,128
"Tcon","GO_CC","GOCC_LUMENAL_SIDE_OF_MEMBRANE","up",1.95177457,0.00293664621,0.00369583763,38,861,11459,143,128
"Tcon","GO_CC","GOCC_ENDOPLASMIC_RETICULUM_LUMEN","up",1.66013651,0.00308043048,0.00386489814,176,861,11459,143,128
"Tcon","GO_CC","GOCC_PLATELET_DENSE_TUBULAR_NETWORK_MEMBRANE","up",1.9116661,0.00311174827,0.0039208597,7,861,11459,143,128
"Tcon","GO_CC","GOCC_GOLGI_APPARATUS_SUBCOMPARTMENT","up",1.55464031,0.0034516369,0.00426225518,301,861,11459,143,128
"Tcon","GO_CC","GOCC_AZUROPHIL_GRANULE_MEMBRANE","up",1.87969603,0.00497630332,0.00569305388,48,861,11459,143,128
"Tcon","GO_CC","GOCC_BASEMENT_MEMBRANE","up",1.91117533,0.00515151431,0.00592411621,38,861,11459,143,128
"Tcon","GO_CC","GOCC_ENDOPLASMIC_RETICULUM_GOLGI_INTERMEDIATE_COMPARTMENT_MEMBRANE","up",1.79104083,0.00671192983,0.00733490727,63,861,11459,143,128
"Tcon","GO_CC","GOCC_EXTRINSIC_COMPONENT_OF_PLASMA_MEMBRANE","up",1.78056106,0.00733117289,0.00789853699,63,861,11459,143,128
"Tcon","GO_CC","GOCC_SPINDLE","up",1.47053581,0.00854233079,0.00891316247,357,861,11459,143,128
"Tcon","GO_CC","GOCC_PLATELET_ALPHA_GRANULE_LUMEN","up",1.82943854,0.00854233079,0.00895380637,44,861,11459,143,128
"Tcon","GO_CC","GOCC_SITE_OF_POLARIZED_GROWTH","up",1.67385364,0.00911889175,0.00951865187,116,861,11459,143,128
"Tcon","GO_CC","GOCC_ACTIN_FILAMENT","up",1.7127303,0.00943661493,0.00982217225,87,861,11459,143,128
"Tcon","GO_CC","GOCC_BLOOD_MICROPARTICLE","up",1.79136862,0.0100043573,0.0104021423,54,861,11459,143,128
"Tcon","GO_CC","GOCC_ENDOPEPTIDASE_COMPLEX","up",1.68758422,0.0109955788,0.0112568871,97,861,11459,143,128
"Tcon","GO_CC","GOCC_CONTRACTILE_MUSCLE_FIBER","up",1.61105785,0.0116275588,0.0118045289,138,861,11459,143,128
"Tcon","GO_CC","GOCC_GTPASE_COMPLEX","up",1.86538061,0.0116275588,0.0118062331,28,861,11459,143,128
"Tcon","GO_CC","GOCC_CLUSTER_OF_ACTIN_BASED_CELL_PROJECTIONS","up",1.69795258,0.0116682477,0.0119162875,89,861,11459,143,128
"Tcon","GO_CC","GOCC_LEADING_EDGE_MEMBRANE","up",1.63651348,0.0121464239,0.0123154179,117,861,11459,143,128
"Tcon","GO_CC","GOCC_AZUROPHIL_GRANULE_LUMEN","up",1.72899583,0.0126067076,0.0127935406,68,861,11459,143,128
"Tcon","GO_CC","GOCC_EXTRINSIC_COMPONENT_OF_MEMBRANE","up",1.65379497,0.0134564571,0.0134042041,107,861,11459,143,128
"Tcon","GO_CC","GOCC_GRANULAR_COMPONENT","down",-1.80461015,0.014166113,0.0139937358,6,861,11459,143,128
"Tcon","GO_CC","GOCC_NUCLEAR_LAMINA","up",1.88871082,0.0145352344,0.0143833691,13,861,11459,143,128
"Tcon","GO_CC","GOCC_FILOPODIUM","up",1.73730508,0.014761278,0.0145308439,60,861,11459,143,128
"Tcon","GO_CC","GOCC_ENDOSOME_LUMEN","up",1.85053929,0.0149346905,0.0147720821,25,861,11459,143,128
"Tcon","GO_CC","GOCC_LATERAL_PLASMA_MEMBRANE","up",1.77599708,0.0153156915,0.0150879811,44,861,11459,143,128
"Tcon","GO_CC","GOCC_CYTOPLASMIC_SIDE_OF_ROUGH_ENDOPLASMIC_RETICULUM_MEMBRANE","down",-1.81958863,0.0187605693,0.017871706,7,861,11459,143,128
"Tcon","GO_CC","GOCC_RNA_POLYMERASE_II_TRANSCRIPTION_REGULATOR_COMPLEX","up",1.47990133,0.0228460307,0.0208863133,229,861,11459,143,128
"Tcon","GO_CC","GOCC_PRESYNAPTIC_ACTIVE_ZONE_MEMBRANE","up",1.85007745,0.0244138444,0.0221638169,16,861,11459,143,128
"Tcon","GO_CC","GOCC_PROTEASOME_ACCESSORY_COMPLEX","up",1.79759039,0.0261373966,0.0236064527,24,861,11459,143,128
"Tcon","GO_CC","GOCC_PROTEASOME_STORAGE_GRANULE","up",1.82378107,0.0272946728,0.024690013,18,861,11459,143,128
"Tcon","GO_CC","GOCC_ENDOLYSOSOME","up",1.78233595,0.0272946728,0.024690013,27,861,11459,143,128
"Tcon","GO_CC","GOCC_ATPASE_DEPENDENT_TRANSMEMBRANE_TRANSPORT_COMPLEX","up",1.73270023,0.0276998804,0.0250990121,40,861,11459,143,128
"Tcon","GO_CC","GOCC_KINESIN_COMPLEX","up",1.73879223,0.0284587714,0.0257449597,38,861,11459,143,128
"Tcon","GO_CC","GOCC_FIBRILLAR_CENTER","down",-1.61109023,0.0285522468,0.025958411,80,861,11459,143,128
"Tcon","GO_CC","GOCC_INCLUSION_BODY","up",1.69873066,0.0310121198,0.0278200444,47,861,11459,143,128
"Tcon","GO_CC","GOCC_INTERCELLULAR_BRIDGE","up",1.76462072,0.0316373575,0.0283044357,27,861,11459,143,128
"Tcon","GO_CC","GOCC_AUTOPHAGOSOME_MEMBRANE","up",1.66863183,0.0335532161,0.0296146563,55,861,11459,143,128
"Tcon","GO_CC","GOCC_NADPH_OXIDASE_COMPLEX","up",1.77575225,0.038182706,0.0326664763,9,861,11459,143,128
"Tcon","GO_CC","GOCC_MICROVILLUS","up",1.66622403,0.0386456249,0.0332396984,52,861,11459,143,128
"Tcon","GO_CC","GOCC_NEUROMUSCULAR_JUNCTION","up",1.66267299,0.0386456249,0.033265281,53,861,11459,143,128
"Tcon","GO_CC","GOCC_PERIKARYON","up",1.61166923,0.0399096702,0.0341933183,70,861,11459,143,128
"Tcon","GO_CC","GOCC_SPINDLE_MIDZONE","up",1.71390959,0.0401181791,0.0345037738,33,861,11459,143,128
"Tcon","GO_CC","GOCC_EARLY_ENDOSOME_MEMBRANE","up",1.49456387,0.0402587373,0.0348191738,151,861,11459,143,128
"Tcon","GO_CC","GOCC_ENDOPLASMIC_RETICULUM_GOLGI_INTERMEDIATE_COMPARTMENT","up",1.55307379,0.0402587373,0.0350253649,106,861,11459,143,128
"Tcon","GO_CC","GOCC_CYTOPLASMIC_REGION","up",1.46289405,0.0415707634,0.0359814903,186,861,11459,143,128
"Tcon","GO_CC","GOCC_MULTIVESICULAR_BODY","up",1.66639657,0.0415707634,0.0361206686,45,861,11459,143,128
"Tcon","GO_CC","GOCC_BRUSH_BORDER","up",1.62816566,0.0443877602,0.0381926578,57,861,11459,143,128
"Tcon","GO_CC","GOCC_TRANS_GOLGI_NETWORK_TRANSPORT_VESICLE","up",1.68219571,0.0461592367,0.0394992052,37,861,11459,143,128
"Tcon","GO_CC","GOCC_ACTOMYOSIN","up",1.61262844,0.0461592367,0.0396748654,63,861,11459,143,128
"Tcon","GO_CC","GOCC_TRANS_GOLGI_NETWORK","up",1.4285739,0.0497141087,0.0422678898,216,861,11459,143,128
"Tcon","GO_CC","GOCC_EXTRINSIC_COMPONENT_OF_CYTOPLASMIC_SIDE_OF_PLASMA_MEMBRANE","up",1.69054023,0.0498631453,0.0425571631,32,861,11459,143,128
"Tcon","GO_CC","GOCC_SECONDARY_LYSOSOME","up",1.71657952,0.0508864166,0.043271189,24,861,11459,143,128
"Tcon","GO_CC","GOCC_T_TUBULE","up",1.71340181,0.0516744234,0.0442976041,24,861,11459,143,128
"Tcon","GO_CC","GOCC_DYSTROPHIN_ASSOCIATED_GLYCOPROTEIN_COMPLEX","up",1.7412725,0.0516744234,0.0443782695,9,861,11459,143,128
"Tcon","GO_CC","GOCC_GROWTH_FACTOR_COMPLEX","up",1.70104115,0.0516744234,0.0445715866,6,861,11459,143,128
"Tcon","GO_CC","GOCC_AXON_CYTOPLASM","up",1.61479145,0.0525195519,0.0451941195,53,861,11459,143,128
"Tcon","GO_CC","GOCC_PROTEIN_COMPLEX_INVOLVED_IN_CELL_ADHESION","up",1.68693284,0.0528218284,0.0455744377,29,861,11459,143,128
"Tcon","GO_CC","GOCC_GOLGI_ASSOCIATED_VESICLE_MEMBRANE","up",1.62769459,0.0531350974,0.0459423572,47,861,11459,143,128
"Tcon","GO_CC","GOCC_SYNAPTIC_VESICLE_MEMBRANE","up",1.56008942,0.0540238804,0.0469706399,77,861,11459,143,128
"Tcon","GO_CC","GOCC_I_BAND","up",1.55812915,0.0540238804,0.046999127,80,861,11459,143,128
"Tcon","GO_CC","GOCC_POSTSYNAPTIC_MEMBRANE","up",1.5008944,0.0543508462,0.0473766587,117,861,11459,143,128
"Tcon","GO_CC","GOCC_MYOSIN_COMPLEX","up",1.68075186,0.0546826231,0.0479264195,28,861,11459,143,128
"Tcon","GO_CC","GOCC_ORGANELLAR_RIBOSOME","down",-1.52760137,0.0550204768,0.0483570827,80,861,11459,143,128
"Tcon","GO_CC","GOCC_GAMMA_SECRETASE_COMPLEX","up",1.70888748,0.0553199692,0.0488293957,7,861,11459,143,128
"Tcon","GO_CC","GOCC_LIPID_DROPLET","up",1.55484661,0.0555423884,0.0492166495,76,861,11459,143,128
"Tcon","GO_CC","GOCC_GOLGI_ASSOCIATED_VESICLE","up",1.55412752,0.0555423884,0.0494189339,77,861,11459,143,128
"Tcon","GO_MF","GOMF_STRUCTURAL_CONSTITUENT_OF_RIBOSOME","down",-3.1730959,2.97718627e-27,1.73193103e-27,156,1407,11459,151,110
"Tcon","GO_MF","GOMF_CYTOKINE_RECEPTOR_BINDING","up",2.40894583,3.0255453e-10,8.35284199e-11,153,1407,11459,151,110
"Tcon","GO_MF","GOMF_CYTOKINE_ACTIVITY","up",2.38472949,2.21005406e-07,4.42605639e-08,92,1407,11459,151,110
"Tcon","GO_MF","GOMF_CHEMOKINE_RECEPTOR_BINDING","up",2.4495746,5.06763068e-06,8.8757411e-07,29,1407,11459,151,110
"Tcon","GO_MF","GOMF_ENZYME_INHIBITOR_ACTIVITY","up",1.89983661,1.81315681e-05,3.20203014e-06,280,1407,11459,151,110
"Tcon","GO_MF","GOMF_MHC_PROTEIN_COMPLEX_BINDING","up",2.40196675,1.81315681e-05,3.72519946e-06,32,1407,11459,151,110
"Tcon","GO_MF","GOMF_RRNA_BINDING","down",-2.30711812,2.00832369e-05,4.966593e-06,62,1407,11459,151,110
"Tcon","GO_MF","GOMF_MHC_CLASS_II_PROTEIN_COMPLEX_BINDING","up",2.39715815,2.00832369e-05,5.13140319e-06,25,1407,11459,151,110
"Tcon","GO_MF","GOMF_CCR_CHEMOKINE_RECEPTOR_BINDING","up",2.37410453,2.13698533e-05,5.93325133e-06,19,1407,11459,151,110
"Tcon","GO_MF","GOMF_TUBULIN_BINDING","up",1.81918761,2.6512481e-05,7.96771336e-06,297,1407,11459,151,110
"Tcon","GO_MF","GOMF_ANTIGEN_BINDING","up",2.27353889,3.50897515e-05,1.08027073e-05,52,1407,11459,151,110
"Tcon","GO_MF","GOMF_CALCIUM_DEPENDENT_PROTEIN_BINDING","up",2.26595108,3.95320337e-05,1.37053881e-05,47,1407,11459,151,110
"Tcon","GO_MF","GOMF_ACTIN_BINDING","up",1.8064843,3.95320337e-05,1.38592009e-05,303,1407,11459,151,110
"Tcon","GO_MF","GOMF_ENDOPEPTIDASE_REGULATOR_ACTIVITY","up",2.13499088,4.47032721e-05,1.64421376e-05,86,1407,11459,151,110
"Tcon","GO_MF","GOMF_MICROTUBULE_BINDING","up",1.87472351,6.76396238e-05,2.54101251e-05,218,1407,11459,151,110
"Tcon","GO_MF","GOMF_CHEMOKINE_ACTIVITY","up",2.27494868,6.76396238e-05,2.67091365e-05,20,1407,11459,151,110
"Tcon","GO_MF","GOMF_IMMUNE_RECEPTOR_ACTIVITY","up",2.01724391,0.000191444192,6.84666941e-05,120,1407,11459,151,110
"Tcon","GO_MF","GOMF_POLYPEPTIDE_CONFORMATION_OR_ASSEMBLY_ISOMERASE_ACTIVITY","up",2.10938205,0.000257583795,9.21000378e-05,79,1407,11459,151,110
"Tcon","GO_MF","GOMF_PEPTIDE_BINDING","up",1.94607676,0.000324812233,0.000118542134,147,1407,11459,151,110
"Tcon","GO_MF","GOMF_DEAMINASE_ACTIVITY","up",2.24284528,0.000353628966,0.000131509261,22,1407,11459,151,110
"Tcon","GO_MF","GOMF_CYTOSKELETAL_MOTOR_ACTIVITY","up",2.04779676,0.000363768043,0.000139660592,71,1407,11459,151,110
"Tcon","GO_MF","GOMF_PEPTIDASE_REGULATOR_ACTIVITY","up",1.95365179,0.000448783672,0.000174805269,110,1407,11459,151,110
"Tcon","GO_MF","GOMF_GTPASE_ACTIVITY","up",1.7333146,0.000591073322,0.000232115123,247,1407,11459,151,110
"Tcon","GO_MF","GOMF_PEPTIDE_ANTIGEN_BINDING","up",2.17568491,0.000984052013,0.000368477874,28,1407,11459,151,110
"Tcon","GO_MF","GOMF_CALMODULIN_BINDING","up",1.911407,0.00124177962,0.000463645826,121,1407,11459,151,110
"Tcon","GO_MF","GOMF_G_PROTEIN_COUPLED_RECEPTOR_BINDING","up",1.88669935,0.00124177962,0.000475494357,128,1407,11459,151,110
"Tcon","GO_MF","GOMF_PHOSPHATIDYLSERINE_BINDING","up",2.06582566,0.00158262181,0.000611469556,41,1407,11459,151,110
"Tcon","GO_MF","GOMF_RNA_METHYLTRANSFERASE_ACTIVITY","down",-2.07879922,0.00158262181,0.000638470322,56,1407,11459,151,110
"Tcon","GO_MF","GOMF_PHOSPHATIDYLINOSITOL_BINDING","up",1.73465346,0.00158262181,0.000638470322,216,1407,11459,151,110
"Tcon","GO_MF","GOMF_MRNA_5_UTR_BINDING","down",-2.14775061,0.00179490594,0.000729694545,22,1407,11459,151,110
"Tcon","GO_MF","GOMF_TRANSLATION_INITIATION_FACTOR_ACTIVITY","down",-2.01811812,0.00193805311,0.000802139965,49,1407,11459,151,110
"Tcon","GO_MF","GOMF_CALCIUM_DEPENDENT_PHOSPHOLIPID_BINDING","up",2.11870896,0.00194368003,0.000818664617,25,1407,11459,151,110
"Tcon","GO_MF","GOMF_PROTEASE_BINDING","up",1.91727857,0.00197614945,0.000849779657,96,1407,11459,151,110
"Tcon","GO_MF","GOMF_CYSTEINE_TYPE_ENDOPEPTIDASE_INHIBITOR_ACTIVITY","up",2.10420163,0.00247918409,0.00105453094,13,1407,11459,151,110
"Tcon","GO_MF","GOMF_TRANSPORTER_REGULATOR_ACTIVITY","up",1.86792044,0.00262345029,0.00114802601,100,1407,11459,151,110
"Tcon","GO_MF","GOMF_PEPTIDASE_INHIBITOR_ACTIVITY","up",1.96289876,0.00262345029,0.00115319335,64,1407,11459,151,110
"Tcon","GO_MF","GOMF_DNA_BINDING_TRANSCRIPTION_FACTOR_BINDING","up",1.55760083,0.00372091732,0.00157701115,378,1407,11459,151,110
"Tcon","GO_MF","GOMF_MICROTUBULE_MOTOR_ACTIVITY","up",1.93065651,0.00390902199,0.00167095889,49,1407,11459,151,110
"Tcon","GO_MF","GOMF_RNA_POLYMERASE_II_SPECIFIC_DNA_BINDING_TRANSCRIPTION_FACTOR_BINDING","up",1.61759335,0.00410337708,0.00177809386,270,1407,11459,151,110
"Tcon","GO_MF","GOMF_EXOGENOUS_PROTEIN_BINDING","up",1.92846167,0.00641815471,0.00268401746,60,1407,11459,151,110
"Tcon","GO_MF","GOMF_CYTOKINE_BINDING","up",1.85152269,0.00666508645,0.00284805072,93,1407,11459,151,110
"Tcon","GO_MF","GOMF_TRANSLATION_FACTOR_ACTIVITY","down",-1.84003737,0.00666508645,0.00288955321,77,1407,11459,151,110
"Tcon","GO_MF","GOMF_CYTIDINE_DEAMINASE_ACTIVITY","up",2.00468124,0.00717174468,0.00319668958,9,1407,11459,151,110
"Tcon","GO_MF","GOMF_CARBOHYDRATE_BINDING","up",1.71763662,0.00717174468,0.0032164984,149,1407,11459,151,110
"Tcon","GO_MF","GOMF_L_SERINE_TRANSMEMBRANE_TRANSPORTER_ACTIVITY","up",1.90507045,0.00748957136,0.00338873088,6,1407,11459,151,110
"Tcon","GO_MF","GOMF_TRANSMEMBRANE_TRANSPORTER_BINDING","up",1.78426402,0.00766398309,0.00351863998,94,1407,11459,151,110
"Tcon","GO_MF","GOMF_HYDROLASE_ACTIVITY_ACTING_ON_CARBON_NITROGEN_BUT_NOT_PEPTIDE_BONDS_IN_CYCLIC_AMIDINES","up",2.05509408,0.00823795251,0.00378551318,24,1407,11459,151,110
"Tcon","GO_MF","GOMF_ACTIN_FILAMENT_BINDING","up",1.70325065,0.00853427605,0.00394357571,140,1407,11459,151,110
"Tcon","GO_MF","GOMF_PHOSPHATIDYLINOSITOL_PHOSPHATE_BINDING","up",1.70453269,0.00889839794,0.00411958303,136,1407,11459,151,110
"Tcon","GO_MF","GOMF_MHC_PROTEIN_BINDING","up",2.0331422,0.00929241043,0.00430347262,24,1407,11459,151,110
"Tcon","GO_MF","GOMF_LIPASE_INHIBITOR_ACTIVITY","up",1.95364068,0.00946747951,0.00444338456,9,1407,11459,151,110
"Tcon","GO_MF","GOMF_S100_PROTEIN_BINDING","up",1.9870687,0.0102990607,0.00480360995,11,1407,11459,151,110
"Tcon","GO_MF","GOMF_TRNA_METHYLTRANSFERASE_ACTIVITY","down",-1.97997292,0.0113286368,0.00523551333,31,1407,11459,151,110
"Tcon","GO_MF","GOMF_G_PROTEIN_ACTIVITY","up",1.76922842,0.0122583476,0.00566888694,88,1407,11459,151,110
"Tcon","GO_MF","GOMF_NUCLEAR_RETINOIC_ACID_RECEPTOR_BINDING","up",1.99639544,0.0127228185,0.00592411621,21,1407,11459,151,110
"Tcon","GO_MF","GOMF_PHOSPHOLIPASE_INHIBITOR_ACTIVITY","up",1.91867065,0.0130391166,0.00626802841,8,1407,11459,151,110
"Tcon","GO_MF","GOMF_S_ADENOSYLMETHIONINE_DEPENDENT_METHYLTRANSFERASE_ACTIVITY","down",-1.67483343,0.0130391166,0.006270947,121,1407,11459,151,110
"Tcon","GO_MF","GOMF_PEPTIDE_HORMONE_BINDING","down",-1.98645711,0.0130391166,0.00630850409,19,1407,11459,151,110
"Tcon","GO_MF","GOMF_KINASE_REGULATOR_ACTIVITY","up",1.57999971,0.0130391166,0.00632235892,239,1407,11459,151,110
"Tcon","GO_MF","GOMF_IMMUNOGLOBULIN_BINDING","up",1.97704603,0.0141496804,0.00690053529,14,1407,11459,151,110
"Tcon","GO_MF","GOMF_LARGE_RIBOSOMAL_SUBUNIT_RRNA_BINDING","down",-1.88625988,0.0143519976,0.00703858509,7,1407,11459,151,110
"Tcon","GO_MF","GOMF_G_PROTEIN_COUPLED_CHEMOATTRACTANT_RECEPTOR_ACTIVITY","up",1.96923236,0.0152732661,0.00753309792,23,1407,11459,151,110
"Tcon","GO_MF","GOMF_CYTOKINE_RECEPTOR_ACTIVITY","up",1.79383792,0.0152732661,0.00755694625,69,1407,11459,151,110
"Tcon","GO_MF","GOMF_COLLAGEN_BINDING","up",1.91900583,0.0172368093,0.00835322005,36,1407,11459,151,110
"Tcon","GO_MF","GOMF_HEXOSYLTRANSFERASE_ACTIVITY","up",1.66284276,0.0176636968,0.00857082897,126,1407,11459,151,110
"Tcon","GO_MF","GOMF_PLATELET_DERIVED_GROWTH_FACTOR_RECEPTOR_BINDING","up",1.90191209,0.0178830169,0.00875950355,9,1407,11459,151,110
"Tcon","GO_MF","GOMF_EXTRACELLULAR_MATRIX_BINDING","up",1.91737045,0.0202995354,0.00979813748,25,1407,11459,151,110
"Tcon","GO_MF","GOMF_UDP_GLYCOSYLTRANSFERASE_ACTIVITY","up",1.72923025,0.0202995354,0.00984432236,81,1407,11459,151,110
"Tcon","GO_MF","GOMF_NUCLEAR_RETINOID_X_RECEPTOR_BINDING","up",1.9388234,0.0203786158,0.0100016328,14,1407,11459,151,110
"Tcon","GO_MF","GOMF_C_METHYLTRANSFERASE_ACTIVITY","down",-1.83899036,0.021587459,0.0106003442,6,1407,11459,151,110
"Tcon","GO_MF","GOMF_PDZ_DOMAIN_BINDING","up",1.82530515,0.0229749068,0.0112395067,46,1407,11459,151,110
"Tcon","GO_MF","GOMF_CALCIUM_ION_TRANSMEMBRANE_TRANSPORTER_ACTIVITY","up",1.75115659,0.0240155001,0.0117153594,63,1407,11459,151,110
"Tcon","GO_MF","GOMF_GDP_BINDING","up",1.7884716,0.0240155001,0.0118045294,54,1407,11459,151,110
"Tcon","GO_MF","GOMF_CCR1_CHEMOKINE_RECEPTOR_BINDING","up",1.79202278,0.0240155001,0.0118996426,5,1407,11459,151,110
"Tcon","GO_MF","GOMF_MODIFIED_AMINO_ACID_BINDING","up",1.76118377,0.0240155001,0.0119553132,60,1407,11459,151,110
"Tcon","GO_MF","GOMF_GTPASE_ACTIVATOR_ACTIVITY","up",1.53004591,0.0250420077,0.0124199765,215,1407,11459,151,110
"Tcon","GO_MF","GOMF_STAT_FAMILY_PROTEIN_BINDING","up",1.84544014,0.0250514335,0.0125379016,7,1407,11459,151,110
"Tcon","GO_MF","GOMF_CHEMOKINE_BINDING","up",1.875885,0.0255297159,0.0129006732,26,1407,11459,151,110
"Tcon","GO_MF","GOMF_LIPASE_ACTIVATOR_ACTIVITY","up",1.91224129,0.0255297159,0.0129336759,17,1407,11459,151,110
"Tcon","GO_MF","GOMF_GUANYL_NUCLEOTIDE_BINDING","up",1.48344327,0.0269554268,0.0135305088,280,1407,11459,151,110
"Tcon","GO_MF","GOMF_PHOSPHATASE_REGULATOR_ACTIVITY","up",1.6663445,0.0281148995,0.014029517,95,1407,11459,151,110
"Tcon","GO_MF","GOMF_GLYCOSAMINOGLYCAN_BINDING","up",1.67199008,0.0291383143,0.0145017555,92,1407,11459,151,110
"Tcon","GO_MF","GOMF_GLYCOSYLTRANSFERASE_ACTIVITY","up",1.54371065,0.0291383143,0.0145970264,183,1407,11459,151,110
"Tcon","GO_MF","GOMF_PHOSPHATIDYLINOSITOL_3_4_5_TRISPHOSPHATE_BINDING","up",1.86704553,0.0291383143,0.0148101298,32,1407,11459,151,110
"Tcon","GO_MF","GOMF_TUMOR_NECROSIS_FACTOR_RECEPTOR_SUPERFAMILY_BINDING","up",1.83160842,0.0291383143,0.0148101298,38,1407,11459,151,110
"Tcon","GO_MF","GOMF_C_C_CHEMOKINE_BINDING","up",1.88868073,0.0295549334,0.0150439757,20,1407,11459,151,110
"Tcon","GO_MF","GOMF_UBIQUITIN_LIKE_PROTEIN_LIGASE_BINDING","up",1.47030091,0.0343122228,0.0171694931,268,1407,11459,151,110
"Tcon","GO_MF","GOMF_P_TYPE_CALCIUM_TRANSPORTER_ACTIVITY","up",1.75987829,0.0352936241,0.017656982,5,1407,11459,151,110
"Tcon","GO_MF","GOMF_TRANSFERASE_ACTIVITY_TRANSFERRING_ONE_CARBON_GROUPS","down",-1.52281169,0.0369945135,0.0184677222,158,1407,11459,151,110
"Tcon","GO_MF","GOMF_PHOSPHOLIPASE_ACTIVATOR_ACTIVITY","up",1.86999042,0.0371502982,0.0187634245,16,1407,11459,151,110
"Tcon","GO_MF","GOMF_CARBOXYLIC_ACID_TRANSMEMBRANE_TRANSPORTER_ACTIVITY","up",1.64784358,0.0371502982,0.0188196695,88,1407,11459,151,110
"Tcon","GO_MF","GOMF_STRUCTURAL_CONSTITUENT_OF_CYTOSKELETON","up",1.68229464,0.0411876645,0.0205207398,67,1407,11459,151,110
"Tcon","GO_MF","GOMF_PATTERN_RECOGNITION_RECEPTOR_ACTIVITY","up",1.80113989,0.0412731137,0.0208863133,34,1407,11459,151,110
"Tcon","GO_MF","GOMF_GTPASE_BINDING","up",1.45060025,0.0412731137,0.0208863133,273,1407,11459,151,110
"Tcon","GO_MF","GOMF_PROTEIN_HETERODIMERIZATION_ACTIVITY","up",1.51172605,0.0415380695,0.021185414,183,1407,11459,151,110
"Tcon","GO_MF","GOMF_MHC_CLASS_II_PROTEIN_BINDING","up",1.74167713,0.0429457815,0.0218935921,5,1407,11459,151,110
"Tcon","GO_MF","GOMF_PHOSPHATASE_BINDING","up",1.5308425,0.043834065,0.0225284941,160,1407,11459,151,110
"Tcon","GO_MF","GOMF_GROWTH_FACTOR_ACTIVITY","up",1.71639246,0.043834065,0.0227612649,52,1407,11459,151,110
"Tcon","GO_MF","GOMF_DNA_BINDING_TRANSCRIPTION_ACTIVATOR_ACTIVITY","up",1.47150549,0.043834065,0.0228017335,246,1407,11459,151,110
"Tcon","GO_MF","GOMF_PLUS_END_DIRECTED_MICROTUBULE_MOTOR_ACTIVITY","up",1.84323785,0.0442658749,0.0232140127,17,1407,11459,151,110
"Tcon","GO_MF","GOMF_IMMUNOGLOBULIN_RECEPTOR_ACTIVITY","up",1.78900469,0.0454600898,0.0238483439,7,1407,11459,151,110
"Tcon","GO_MF","GOMF_CHEMOATTRACTANT_ACTIVITY","up",1.83762372,0.0456400508,0.0242716683,17,1407,11459,151,110
"Tcon","GO_MF","GOMF_NUCLEAR_RECEPTOR_BINDING","up",1.58121928,0.0456400508,0.0242716683,116,1407,11459,151,110
"Tcon","GO_MF","GOMF_SCAFFOLD_PROTEIN_BINDING","up",1.71389521,0.0456400508,0.0243894953,50,1407,11459,151,110
"Tcon","GO_MF","GOMF_FIBRONECTIN_BINDING","up",1.82742217,0.046308174,0.0249497459,18,1407,11459,151,110
"Tcon","GO_MF","GOMF_PROTEIN_SERINE_THREONINE_KINASE_INHIBITOR_ACTIVITY","up",1.73302905,0.046308174,0.0250727992,45,1407,11459,151,110
"Tcon","GO_MF","GOMF_CATALYTIC_ACTIVITY_ACTING_ON_A_RRNA","down",-1.83699808,0.046308174,0.0251744814,17,1407,11459,151,110
"Tcon","GO_MF","GOMF_DOUBLE_STRANDED_RNA_BINDING","up",1.64825102,0.0474020613,0.0257449597,70,1407,11459,151,110
"Tcon","GO_MF","GOMF_CATALYTIC_ACTIVITY_ACTING_ON_A_TRNA","down",-1.53328228,0.0495034421,0.0268736055,124,1407,11459,151,110
"Tcon","GO_MF","GOMF_IGG_BINDING","up",1.8043008,0.0495034421,0.0268942879,9,1407,11459,151,110
"Tcon","GO_MF","GOMF_ACETYLGALACTOSAMINYLTRANSFERASE_ACTIVITY","up",1.81613979,0.0515595283,0.0279105288,19,1407,11459,151,110
"Tcon","GO_MF","GOMF_MAP_KINASE_PHOSPHATASE_ACTIVITY","up",1.82440388,0.0533227218,0.0287124035,12,1407,11459,151,110
"Tcon","GO_MF","GOMF_SERINE_TYPE_ENDOPEPTIDASE_INHIBITOR_ACTIVITY","up",1.76096912,0.0537464122,0.0290787833,29,1407,11459,151,110
"Tcon","GO_MF","GOMF_CADHERIN_BINDING","up",1.43375512,0.0538841968,0.029387105,258,1407,11459,151,110
"Tcon","GO_MF","GOMF_INTEGRIN_BINDING","up",1.61461355,0.0538841968,0.0295400054,78,1407,11459,151,110
"Tcon","GO_MF","GOMF_PROTEIN_TYROSINE_SERINE_THREONINE_PHOSPHATASE_ACTIVITY","up",1.79845895,0.0538841968,0.0296146563,20,1407,11459,151,110
"Tcon","GO_MF","GOMF_SH3_DOMAIN_BINDING","up",1.60612681,0.0558306603,0.030487079,85,1407,11459,151,110
"Tcon","GO_MF","GOMF_MOLECULAR_SEQUESTERING_ACTIVITY","up",1.63736425,0.0566301714,0.0310950989,64,1407,11459,151,110
"Tcon","GO_MF","GOMF_CYCLIN_DEPENDENT_PROTEIN_SERINE_THREONINE_KINASE_INHIBITOR_ACTIVITY","up",1.80562671,0.0574055326,0.0316651517,13,1407,11459,151,110
"Tcon","GO_MF","GOMF_VASCULAR_ENDOTHELIAL_GROWTH_FACTOR_RECEPTOR_BINDING","up",1.71287069,0.0577191303,0.0319601594,5,1407,11459,151,110
"Tcon","GO_MF","GOMF_MAP_KINASE_TYROSINE_SERINE_THREONINE_PHOSPHATASE_ACTIVITY","up",1.79650613,0.0586450647,0.0324311062,11,1407,11459,151,110
"Tcon","GO_MF","GOMF_CCR5_CHEMOKINE_RECEPTOR_BINDING","up",1.70972836,0.0600305657,0.0331672589,5,1407,11459,151,110
"Tcon","GO_MF","GOMF_CELL_ADHESION_MEDIATOR_ACTIVITY","up",1.67579589,0.0600305657,0.0332607274,49,1407,11459,151,110
"Tcon","GO_MF","GOMF_KINASE_INHIBITOR_ACTIVITY","up",1.59371941,0.0612263547,0.0338794384,83,1407,11459,151,110
"Tcon","GO_MF","GOMF_NUCLEOSIDE_TRIPHOSPHATASE_REGULATOR_ACTIVITY","up",1.35761088,0.062351317,0.0345037738,395,1407,11459,151,110
"Tcon","GO_MF","GOMF_GALACTOSYLTRANSFERASE_ACTIVITY","up",1.78406772,0.062351317,0.0346498219,19,1407,11459,151,110
"Tcon","GO_MF","GOMF_PRE_MRNA_BINDING","down",-1.71393399,0.0648685107,0.0359181035,33,1407,11459,151,110
"Tcon","GO_MF","GOMF_TRANSCRIPTION_REGULATOR_ACTIVATOR_ACTIVITY","up",1.77829255,0.0649891886,0.0360190966,10,1407,11459,151,110
"Tcon","GO_MF","GOMF_C_X_C_CHEMOKINE_RECEPTOR_ACTIVITY","up",1.74615549,0.0660773549,0.0369754215,7,1407,11459,151,110
"Tcon","GO_MF","GOMF_TRANSCRIPTION_ELONGATION_FACTOR_ACTIVITY","down",-1.77795691,0.0660773549,0.0370692144,13,1407,11459,151,110
"Tcon","GO_MF","GOMF_CHLORIDE_TRANSMEMBRANE_TRANSPORTER_ACTIVITY","up",1.68065465,0.0660773549,0.03720782,43,1407,11459,151,110
"Tcon","GO_MF","GOMF_PHOSPHOLIPASE_C_ACTIVITY","up",1.7731761,0.0660773549,0.037308884,17,1407,11459,151,110
"Tcon","GO_MF","GOMF_STEROID_BINDING","up",1.59987446,0.0663784183,0.0376406253,69,1407,11459,151,110
"Tcon","GO_MF","GOMF_ASPARTIC_TYPE_PEPTIDASE_ACTIVITY","up",1.77813057,0.0664519298,0.0378682816,13,1407,11459,151,110
"Tcon","GO_MF","GOMF_CAMP_BINDING","up",1.78077541,0.0677396059,0.0386899637,12,1407,11459,151,110
"Tcon","GO_MF","GOMF_CADHERIN_BINDING_INVOLVED_IN_CELL_CELL_ADHESION","up",1.7762387,0.0686675666,0.0391351144,14,1407,11459,151,110
"Tcon","GO_MF","GOMF_CD4_RECEPTOR_BINDING","up",1.73298552,0.0723831127,0.0409962581,7,1407,11459,151,110
"Tcon","GO_MF","GOMF_CALCIUM_CHANNEL_REGULATOR_ACTIVITY","up",1.69674663,0.0756416725,0.042572154,34,1407,11459,151,110
"Tcon","GO_MF","GOMF_NITRIC_OXIDE_SYNTHASE_BINDING","up",1.72665786,0.0756416725,0.0427297968,7,1407,11459,151,110
"Tcon","GO_MF","GOMF_TRNA_BINDING","down",-1.59106035,0.0760561356,0.0431009593,66,1407,11459,151,110
"Tcon","GO_MF","GOMF_CATALYTIC_ACTIVITY_ACTING_ON_RNA","down",-1.3127142,0.0783228809,0.0443061843,351,1407,11459,151,110
"Tcon","GO_MF","GOMF_GROWTH_FACTOR_RECEPTOR_BINDING","up",1.56855197,0.0788886703,0.0446407916,76,1407,11459,151,110
"Tcon","GO_MF","GOMF_UBIQUITIN_BINDING","up",1.53923899,0.0796261139,0.0451265731,95,1407,11459,151,110
"Tcon","GO_MF","GOMF_TRNA_GUANINE_METHYLTRANSFERASE_ACTIVITY","down",-1.75283897,0.0806840077,0.0457122113,12,1407,11459,151,110
"Tcon","GO_MF","GOMF_ORGANIC_ACID_BINDING","up",1.52961241,0.082212121,0.0465087019,99,1407,11459,151,110
"Tcon","GO_MF","GOMF_AMYLOID_BETA_BINDING","up",1.59327978,0.0828608777,0.046999127,61,1407,11459,151,110
"Tcon","GO_MF","GOMF_DEOXYNUCLEOSIDE_PHOSPHATE_KINASE_ACTIVITY_ATP_AS_PHOSPHATE_DONOR","up",1.69308731,0.0849787595,0.0481027574,6,1407,11459,151,110
"Tcon","GO_MF","GOMF_SNARE_BINDING","up",1.55246007,0.086681864,0.0490527066,77,1407,11459,151,110
"Tcon","GO_MF","GOMF_GROWTH_FACTOR_BINDING","up",1.54551245,0.0875973094,0.0497795066,81,1407,11459,151,110
"Tcon","GO_MF","GOMF_METAL_ION_TRANSMEMBRANE_TRANSPORTER_ACTIVITY","up",1.43023428,0.0875973094,0.0497970737,182,1407,11459,151,110
"Tcon","GO_MF","GOMF_LAMININ_BINDING","up",1.72635875,0.0875973094,0.0498295759,16,1407,11459,151,110
"Tcon","Hallmark","HALLMARK_INTERFERON_GAMMA_RESPONSE","up",2.75117581,1.05236932e-19,1.00492501e-18,183,50,11459,31,38
"Tcon","Hallmark","HALLMARK_IL2_STAT5_SIGNALING","up",2.54183941,1.70253135e-15,2.10911424e-14,176,50,11459,31,38
"Tcon","Hallmark","HALLMARK_INFLAMMATORY_RESPONSE","up",2.57596727,6.48302074e-15,1.41502733e-13,150,50,11459,31,38
"Tcon","Hallmark","HALLMARK_TNFA_SIGNALING_VIA_NFKB","up",2.49960205,6.48302074e-15,1.41502733e-13,179,50,11459,31,38
"Tcon","Hallmark","HALLMARK_ALLOGRAFT_REJECTION","up",2.35791883,6.31418308e-12,1.16700361e-10,170,50,11459,31,38
"Tcon","Hallmark","HALLMARK_EPITHELIAL_MESENCHYMAL_TRANSITION","up",2.48476006,4.72949124e-11,8.02892447e-10,106,50,11459,31,38
"Tcon","Hallmark","HALLMARK_COMPLEMENT","up",2.29386059,3.59263904e-10,5.88115011e-09,160,50,11459,31,38
"Tcon","Hallmark","HALLMARK_APOPTOSIS","up",2.28611774,1.44496245e-09,2.34447076e-08,141,50,11459,31,38
"Tcon","Hallmark","HALLMARK_HYPOXIA","up",2.21171713,5.06965797e-09,7.84381545e-08,153,50,11459,31,38
"Tcon","Hallmark","HALLMARK_MTORC1_SIGNALING","up",2.09988915,2.32373083e-08,3.24727214e-07,190,50,11459,31,38
"Tcon","Hallmark","HALLMARK_CHOLESTEROL_HOMEOSTASIS","up",2.38635678,2.3560808e-08,3.56814925e-07,66,50,11459,31,38
"Tcon","Hallmark","HALLMARK_INTERFERON_ALPHA_RESPONSE","up",2.30123852,3.59811149e-08,5.49743462e-07,91,50,11459,31,38
"Tcon","Hallmark","HALLMARK_MITOTIC_SPINDLE","up",1.98504261,3.99062064e-07,4.79411923e-06,186,50,11459,31,38
"Tcon","Hallmark","HALLMARK_P53_PATHWAY","up",1.93264546,2.46579578e-06,2.43432464e-05,170,50,11459,31,38
"Tcon","Hallmark","HALLMARK_COAGULATION","up",2.13920573,3.68600477e-06,3.64120075e-05,77,50,11459,31,38
"Tcon","Hallmark","HALLMARK_IL6_JAK_STAT3_SIGNALING","up",2.14197352,4.79792216e-06,4.87351934e-05,71,50,11459,31,38
"Tcon","Hallmark","HALLMARK_ESTROGEN_RESPONSE_LATE","up",1.93597538,1.98249283e-05,0.000169384014,135,50,11459,31,38
"Tcon","Hallmark","HALLMARK_GLYCOLYSIS","up",1.814571,5.87654972e-05,0.000447272657,164,50,11459,31,38
"Tcon","Hallmark","HALLMARK_KRAS_SIGNALING_UP","up",1.78326548,0.000370497953,0.00212575231,138,50,11459,31,38
"Tcon","Hallmark","HALLMARK_XENOBIOTIC_METABOLISM","up",1.73131489,0.000644662197,0.0035947368,135,50,11459,31,38
"Tcon","Hallmark","HALLMARK_MYC_TARGETS_V1","down",-1.61066375,0.000872585865,0.00468178796,192,50,11459,31,38
"Tcon","Hallmark","HALLMARK_G2M_CHECKPOINT","up",1.56972799,0.00251725561,0.0108477796,183,50,11459,31,38
"Tcon","Hallmark","HALLMARK_PI3K_AKT_MTOR_SIGNALING","up",1.68169684,0.00296948026,0.0125114524,94,50,11459,31,38
"Tcon","Hallmark","HALLMARK_UV_RESPONSE_UP","up",1.61055289,0.00386254228,0.0153505915,125,50,11459,31,38
"Tcon","Hallmark","HALLMARK_TGF_BETA_SIGNALING","up",1.75192183,0.00469985795,0.0185071039,49,50,11459,31,38
"Tcon","Hallmark","HALLMARK_HEME_METABOLISM","up",1.55242993,0.00522481339,0.0208568029,155,50,11459,31,38
"Tcon","Hallmark","HALLMARK_E2F_TARGETS","up",1.50248674,0.00522481339,0.0212840117,195,50,11459,31,38
"Tcon","Hallmark","HALLMARK_ADIPOGENESIS","up",1.52300925,0.00610438098,0.0246830856,165,50,11459,31,38
"Tcon","Hallmark","HALLMARK_REACTIVE_OXYGEN_SPECIES_PATHWAY","up",1.69649386,0.0079732777,0.0303854115,45,50,11459,31,38
"Tcon","Hallmark","HALLMARK_MYC_TARGETS_V2","down",-1.61257152,0.0117820897,0.0414953349,57,50,11459,31,38
"Tcon","Hallmark","HALLMARK_PEROXISOME","up",1.56284507,0.0117820897,0.0421872365,87,50,11459,31,38
"Tcon","KEGG","KEGG_RIBOSOME","down",-3.64572091,1.57590728e-38,2.44031372e-37,85,185,11459,60,62
"Tcon","KEGG","KEGG_CHEMOKINE_SIGNALING_PATHWAY","up",2.3029782,8.95818429e-09,1.19661313e-08,135,185,11459,60,62
"Tcon","KEGG","KEGG_CYTOKINE_CYTOKINE_RECEPTOR_INTERACTION","up",2.27780419,8.95818429e-09,1.55572367e-08,150,185,11459,60,62
"Tcon","KEGG","KEGG_ASTHMA","up",2.5175605,5.85852579e-08,1.19848739e-07,21,185,11459,60,62
"Tcon","KEGG","KEGG_ALLOGRAFT_REJECTION","up",2.52598211,5.85852579e-08,1.25131122e-07,34,185,11459,60,62
"Tcon","KEGG","KEGG_ANTIGEN_PROCESSING_AND_PRESENTATION","up",2.33666302,6.41929326e-07,1.32620178e-06,61,185,11459,60,62
"Tcon","KEGG","KEGG_SYSTEMIC_LUPUS_ERYTHEMATOSUS","up",2.4251097,6.41929326e-07,1.35437383e-06,38,185,11459,60,62
"Tcon","KEGG","KEGG_AUTOIMMUNE_THYROID_DISEASE","up",2.39482271,1.63367724e-06,3.45951629e-06,34,185,11459,60,62
"Tcon","KEGG","KEGG_ENDOCYTOSIS","up",2.05403186,2.2783054e-06,5.03385878e-06,150,185,11459,60,62
"Tcon","KEGG","KEGG_TYPE_I_DIABETES_MELLITUS","up",2.36510336,2.2783054e-06,5.49102989e-06,35,185,11459,60,62
"Tcon","KEGG","KEGG_LYSOSOME","up",2.07461145,3.29847184e-06,8.26250154e-06,109,185,11459,60,62
"Tcon","KEGG","KEGG_GRAFT_VERSUS_HOST_DISEASE","up",2.34525363,3.64206904e-06,9.63381033e-06,34,185,11459,60,62
"Tcon","KEGG","KEGG_VIRAL_MYOCARDITIS","up",2.21830647,5.8075772e-06,1.53244152e-05,55,185,11459,60,62
"Tcon","KEGG","KEGG_LEISHMANIA_INFECTION","up",2.18130592,2.039746e-05,4.8861922e-05,64,185,11459,60,62
"Tcon","KEGG","KEGG_CELL_ADHESION_MOLECULES_CAMS","up",2.11347208,2.11889269e-05,5.30641611e-05,81,185,11459,60,62
"Tcon","KEGG","KEGG_REGULATION_OF_ACTIN_CYTOSKELETON","up",1.92248033,2.39818115e-05,6.23809499e-05,140,185,11459,60,62
"Tcon","KEGG","KEGG_INTESTINAL_IMMUNE_NETWORK_FOR_IGA_PRODUCTION","up",2.1961152,4.64519834e-05,0.000115908617,37,185,11459,60,62
"Tcon","KEGG","KEGG_PRION_DISEASES","up",2.17397822,0.000144752286,0.000318949855,23,185,11459,60,62
"Tcon","KEGG","KEGG_HYPERTROPHIC_CARDIOMYOPATHY_HCM","up",2.08727262,0.000204011183,0.00044379796,43,185,11459,60,62
"Tcon","KEGG","KEGG_TOLL_LIKE_RECEPTOR_SIGNALING_PATHWAY","up",1.9717618,0.000229154982,0.000506024365,80,185,11459,60,62
"Tcon","KEGG","KEGG_PROTEASOME","up",2.10454886,0.000258954176,0.000588872368,41,185,11459,60,62
"Tcon","KEGG","KEGG_DORSO_VENTRAL_AXIS_FORMATION","up",2.10372621,0.000455406616,0.000972694206,15,185,11459,60,62
"Tcon","KEGG","KEGG_DILATED_CARDIOMYOPATHY","up",2.02538247,0.000680258271,0.0013895574,45,185,11459,60,62
"Tcon","KEGG","KEGG_FC_EPSILON_RI_SIGNALING_PATHWAY","up",1.91463502,0.000797028133,0.00164561178,66,185,11459,60,62
"Tcon","KEGG","KEGG_NEUROTROPHIN_SIGNALING_PATHWAY","up",1.81501376,0.000832674116,0.00176148514,107,185,11459,60,62
"Tcon","KEGG","KEGG_FC_GAMMA_R_MEDIATED_PHAGOCYTOSIS","up",1.87553281,0.00109183599,0.0022954983,80,185,11459,60,62
"Tcon","KEGG","KEGG_PANCREATIC_CANCER","up",1.86233837,0.00200605324,0.00395626486,63,185,11459,60,62
"Tcon","KEGG","KEGG_NATURAL_KILLER_CELL_MEDIATED_CYTOTOXICITY","up",1.78220864,0.00230604308,0.00450054442,98,185,11459,60,62
"Tcon","KEGG","KEGG_T_CELL_RECEPTOR_SIGNALING_PATHWAY","up",1.7635033,0.0027523949,0.00528211539,100,185,11459,60,62
"Tcon","KEGG","KEGG_APOPTOSIS","up",1.78603256,0.00282850522,0.00569305388,78,185,11459,60,62
"Tcon","KEGG","KEGG_PATHWAYS_IN_CANCER","up",1.57575747,0.00282850522,0.00569305388,228,185,11459,60,62
"Tcon","KEGG","KEGG_MAPK_SIGNALING_PATHWAY","up",1.62189005,0.00297287453,0.00606227013,190,185,11459,60,62
"Tcon","KEGG","KEGG_RENAL_CELL_CARCINOMA","up",1.81363166,0.00318894041,0.00654449283,60,185,11459,60,62
"Tcon","KEGG","KEGG_ADIPOCYTOKINE_SIGNALING_PATHWAY","up",1.82011502,0.00350469204,0.00724067771,53,185,11459,60,62
"Tcon","KEGG","KEGG_OOCYTE_MEIOSIS","up",1.73373421,0.00417858243,0.00850907562,87,185,11459,60,62
"Tcon","KEGG","KEGG_JAK_STAT_SIGNALING_PATHWAY","up",1.70463896,0.00417858243,0.00856401797,100,185,11459,60,62
"Tcon","KEGG","KEGG_FOCAL_ADHESION","up",1.67019728,0.00472962797,0.00971631328,126,185,11459,60,62
"Tcon","KEGG","KEGG_PPAR_SIGNALING_PATHWAY","up",1.86276365,0.00472962797,0.00979957491,42,185,11459,60,62
"Tcon","KEGG","KEGG_CYTOSOLIC_DNA_SENSING_PATHWAY","up",1.84926061,0.00542114862,0.0111263943,37,185,11459,60,62
"Tcon","KEGG","KEGG_HEMATOPOIETIC_CELL_LINEAGE","up",1.75006584,0.00547675436,0.011410238,65,185,11459,60,62
"Tcon","KEGG","KEGG_NOD_LIKE_RECEPTOR_SIGNALING_PATHWAY","up",1.7927445,0.00592711633,0.0121683754,49,185,11459,60,62
"Tcon","KEGG","KEGG_GAP_JUNCTION","up",1.78842942,0.00628164063,0.0129336759,50,185,11459,60,62
"Tcon","KEGG","KEGG_EPITHELIAL_CELL_SIGNALING_IN_HELICOBACTER_PYLORI_INFECTION","up",1.76854398,0.00628164063,0.0130525732,54,185,11459,60,62
"Tcon","KEGG","KEGG_GLYCOSAMINOGLYCAN_BIOSYNTHESIS_CHONDROITIN_SULFATE","up",1.90987351,0.00659883609,0.0137285197,19,185,11459,60,62
"Tcon","KEGG","KEGG_BASAL_CELL_CARCINOMA","down",-1.83262555,0.00849931828,0.0167778729,26,185,11459,60,62
"Tcon","KEGG","KEGG_B_CELL_RECEPTOR_SIGNALING_PATHWAY","up",1.69798769,0.00921738833,0.0181498139,69,185,11459,60,62
"Tcon","KEGG","KEGG_GLYCOSAMINOGLYCAN_DEGRADATION","up",1.87170295,0.00923897556,0.0184983188,16,185,11459,60,62
"Tcon","KEGG","KEGG_ARRHYTHMOGENIC_RIGHT_VENTRICULAR_CARDIOMYOPATHY_ARVC","up",1.79199289,0.00941012321,0.0190453844,38,185,11459,60,62
"Tcon","KEGG","KEGG_P53_SIGNALING_PATHWAY","up",1.69072856,0.0119097162,0.0232606298,60,185,11459,60,62
"Tcon","KEGG","KEGG_AXON_GUIDANCE","up",1.62741214,0.0127573332,0.0248141989,85,185,11459,60,62
"Tcon","KEGG","KEGG_INSULIN_SIGNALING_PATHWAY","up",1.57622156,0.013202679,0.0257449597,109,185,11459,60,62
"Tcon","KEGG","KEGG_NOTCH_SIGNALING_PATHWAY","up",1.73291922,0.0150900123,0.028708531,38,185,11459,60,62
"Tcon","KEGG","KEGG_GLYCOLYSIS_GLUCONEOGENESIS","up",1.71082014,0.016708648,0.0312903379,42,185,11459,60,62
"Tcon","KEGG","KEGG_LEUKOCYTE_TRANSENDOTHELIAL_MIGRATION","up",1.60661765,0.0176875111,0.0329404209,78,185,11459,60,62
"Tcon","KEGG","KEGG_COMPLEMENT_AND_COAGULATION_CASCADES","up",1.72990144,0.0186764255,0.0345040857,32,185,11459,60,62
"Tcon","KEGG","KEGG_VEGF_SIGNALING_PATHWAY","up",1.62096009,0.0225593083,0.0400259856,59,185,11459,60,62
"Tcon","KEGG","KEGG_ECM_RECEPTOR_INTERACTION","up",1.6845886,0.0244276019,0.0429429392,36,185,11459,60,62
"Tcon","KEGG","KEGG_BLADDER_CANCER","up",1.69273525,0.0244821279,0.043519694,34,185,11459,60,62
"Tcon","KEGG","KEGG_PROSTATE_CANCER","up",1.57006369,0.024773792,0.044510071,74,185,11459,60,62
"Tcon","KEGG","KEGG_MELANOMA","up",1.63875244,0.0276807709,0.0484796016,43,185,11459,60,62
"Tcon","Reactome","REACTOME_EUKARYOTIC_TRANSLATION_INITIATION","down",-3.64738368,5.7722622e-42,4.13402203e-41,118,1600,11459,287,283
"Tcon","Reactome","REACTOME_EUKARYOTIC_TRANSLATION_ELONGATION","down",-3.66494491,1.81300776e-40,1.2984535e-39,92,1600,11459,287,283
"Tcon","Reactome","REACTOME_SELENOAMINO_ACID_METABOLISM","down",-3.5704784,7.70740122e-38,3.31196665e-37,103,1600,11459,287,283
"Tcon","Reactome","REACTOME_SRP_DEPENDENT_COTRANSLATIONAL_PROTEIN_TARGETING_TO_MEMBRANE","down",-3.48255787,9.71102032e-35,3.97423507e-34,110,1600,11459,287,283
"Tcon","Reactome","REACTOME_RESPONSE_OF_EIF2AK4_GCN2_TO_AMINO_ACID_DEFICIENCY","down",-3.52587094,2.09086117e-34,9.35905397e-34,99,1600,11459,287,283
"Tcon","Reactome","REACTOME_INFLUENZA_VIRAL_RNA_TRANSCRIPTION_AND_REPLICATION","down",-3.41013534,8.26121811e-34,3.54994868e-33,133,1600,11459,287,283
"Tcon","Reactome","REACTOME_RRNA_PROCESSING","down",-3.18741824,5.56551458e-33,2.53651489e-32,196,1600,11459,287,283
"Tcon","Reactome","REACTOME_NONSENSE_MEDIATED_DECAY_NMD","down",-3.43142217,1.27934077e-32,6.1083191e-32,114,1600,11459,287,283
"Tcon","Reactome","REACTOME_CELLULAR_RESPONSE_TO_STARVATION","down",-3.1559598,4.46099994e-27,1.91694744e-26,147,1600,11459,287,283
"Tcon","Reactome","REACTOME_INFLUENZA_INFECTION","down",-3.15255607,2.85593432e-26,1.27836529e-25,154,1600,11459,287,283
"Tcon","Reactome","REACTOME_RIBOSOME_ASSOCIATED_QUALITY_CONTROL","down",-3.0763076,1.24086514e-23,5.14505955e-23,138,1600,11459,287,283
"Tcon","Reactome","REACTOME_TRANSLATION","down",-2.59901112,3.03345445e-23,1.30351329e-22,335,1600,11459,287,283
"Tcon","Reactome","REACTOME_REGULATION_OF_EXPRESSION_OF_SLITS_AND_ROBOS","down",-2.99317099,3.78950799e-22,1.68009416e-21,141,1600,11459,287,283
"Tcon","Reactome","REACTOME_ACTIVATION_OF_THE_MRNA_UPON_BINDING_OF_THE_CAP_BINDING_COMPLEX_AND_EIFS_AND_SUBSEQUENT_BINDING_TO_43S","down",-3.21274576,6.40506949e-21,2.79222738e-20,60,1600,11459,287,283
"Tcon","Reactome","REACTOME_SIGNALING_BY_INTERLEUKINS","up",2.40331489,1.24083927e-18,5.33204143e-18,366,1600,11459,287,283
"Tcon","Reactome","REACTOME_NEUTROPHIL_DEGRANULATION","up",2.33561079,2.8746003e-18,1.22000166e-17,386,1600,11459,287,283
"Tcon","Reactome","REACTOME_SARS_COV_1_MODULATES_HOST_TRANSLATION_MACHINERY","down",-3.12275346,3.41791647e-18,1.48620621e-17,37,1600,11459,287,283
"Tcon","Reactome","REACTOME_SIGNALING_BY_ROBO_RECEPTORS","down",-2.72793315,1.32953308e-17,5.91017567e-17,176,1600,11459,287,283
"Tcon","Reactome","REACTOME_METABOLISM_OF_AMINO_ACIDS_AND_DERIVATIVES","down",-2.52667652,4.81749681e-17,2.1851463e-16,261,1600,11459,287,283
"Tcon","Reactome","REACTOME_SARS_COV_2_MODULATES_HOST_TRANSLATION_MACHINERY","down",-2.80565319,8.86873771e-12,2.4429535e-11,51,1600,11459,287,283
"Tcon","Reactome","REACTOME_RIBOSOME_QUALITY_CONTROL_RQC_COMPLEX_EXTRACTS_AND_DEGRADES_NASCENT_PEPTIDE","down",-2.66773861,1.99154616e-11,5.25486488e-11,96,1600,11459,287,283
"Tcon","Reactome","REACTOME_MHC_CLASS_II_ANTIGEN_PRESENTATION","up",2.42659413,1.6981893e-09,2.9403168e-09,103,1600,11459,287,283
"Tcon","Reactome","REACTOME_GOLGI_TO_ER_RETROGRADE_TRANSPORT","up",2.34355519,5.38557118e-08,7.04069932e-08,111,1600,11459,287,283
"Tcon","Reactome","REACTOME_EXTRACELLULAR_MATRIX_ORGANIZATION","up",2.22324234,9.12434174e-08,1.12974535e-07,146,1600,11459,287,283
"Tcon","Reactome","REACTOME_INTERLEUKIN_10_SIGNALING","up",2.52504769,9.12434174e-08,1.14243698e-07,35,1600,11459,287,283
"Tcon","Reactome","REACTOME_RHO_GTPASE_CYCLE","up",1.85490318,5.02579126e-07,5.22819167e-07,378,1600,11459,287,283
"Tcon","Reactome","REACTOME_G_ALPHA_I_SIGNALLING_EVENTS","up",2.08741247,1.58893143e-06,1.47010844e-06,147,1600,11459,287,283
"Tcon","Reactome","REACTOME_PEPTIDE_LIGAND_BINDING_RECEPTORS","up",2.29342306,2.40659641e-06,2.183714e-06,68,1600,11459,287,283
"Tcon","Reactome","REACTOME_APOPTOSIS","up",2.10703778,3.43967804e-06,3.10484079e-06,144,1600,11459,287,283
"Tcon","Reactome","REACTOME_COPI_DEPENDENT_GOLGI_TO_ER_RETROGRADE_TRAFFIC","up",2.23443822,3.93096858e-06,3.57878461e-06,79,1600,11459,287,283
"Tcon","Reactome","REACTOME_PROGRAMMED_CELL_DEATH","up",2.02452865,4.47569918e-06,4.12317983e-06,171,1600,11459,287,283
"Tcon","Reactome","REACTOME_CELLULAR_RESPONSE_TO_CHEMICAL_STRESS","up",2.04381496,5.09297605e-06,4.72553948e-06,169,1600,11459,287,283
"Tcon","Reactome","REACTOME_DEGRADATION_OF_THE_EXTRACELLULAR_MATRIX","up",2.26268875,5.24562978e-06,4.95904791e-06,58,1600,11459,287,283
"Tcon","Reactome","REACTOME_INTERFERON_SIGNALING","up",1.89102691,7.23142068e-06,6.61984231e-06,240,1600,11459,287,283
"Tcon","Reactome","REACTOME_ANTIGEN_PROCESSING_CROSS_PRESENTATION","up",2.21387564,8.18497284e-06,7.65556467e-06,86,1600,11459,287,283
"Tcon","Reactome","REACTOME_INTERFERON_GAMMA_SIGNALING","up",2.19219163,8.28683414e-06,7.91323604e-06,83,1600,11459,287,283
"Tcon","Reactome","REACTOME_SARS_COV_1_HOST_INTERACTIONS","down",-2.16245558,1.79864513e-05,1.55251417e-05,91,1600,11459,287,283
"Tcon","Reactome","REACTOME_LEISHMANIA_INFECTION","up",1.99126202,2.26291092e-05,1.95509218e-05,135,1600,11459,287,283
"Tcon","Reactome","REACTOME_KEAP1_NFE2L2_PATHWAY","up",2.03995898,3.52056338e-05,3.00164701e-05,103,1600,11459,287,283
"Tcon","Reactome","REACTOME_RHO_GTPASE_EFFECTORS","up",1.87533814,3.52056338e-05,3.00164701e-05,229,1600,11459,287,283
"Tcon","Reactome","REACTOME_SIGNALING_BY_NTRKS","up",2.02036276,5.98457188e-05,4.87351934e-05,109,1600,11459,287,283
"Tcon","Reactome","REACTOME_CHEMOKINE_RECEPTORS_BIND_CHEMOKINES","up",2.26813522,8.6153551e-05,6.73113778e-05,33,1600,11459,287,283
"Tcon","Reactome","REACTOME_DIFFERENTIATION_OF_NAIVE_CD_T_CELLS_TO_T_HELPER_1_CELLS_TH1_CELLS","up",2.22394443,8.64836016e-05,6.84666941e-05,13,1600,11459,287,283
"Tcon","Reactome","REACTOME_CDC42_GTPASE_CYCLE","up",1.94524172,9.56099339e-05,7.62755478e-05,128,1600,11459,287,283
"Tcon","Reactome","REACTOME_REGULATION_OF_ORNITHINE_DECARBOXYLASE_ODC","up",2.23638931,9.94937185e-05,8.04871456e-05,36,1600,11459,287,283
"Tcon","Reactome","REACTOME_PHOSPHORYLATION_OF_CD3_AND_TCR_ZETA_CHAINS","up",2.27311797,0.000164368586,0.000125931661,20,1600,11459,287,283
"Tcon","Reactome","REACTOME_MITOTIC_G2_G2_M_PHASES","up",1.85797913,0.000189493769,0.000143109055,171,1600,11459,287,283
"Tcon","Reactome","REACTOME_REGULATION_OF_RUNX3_EXPRESSION_AND_ACTIVITY","up",2.14333864,0.000189493769,0.000144760606,43,1600,11459,287,283
"Tcon","Reactome","REACTOME_MUSCLE_CONTRACTION","up",2.02424008,0.000284358375,0.000212320037,96,1600,11459,287,283
"Tcon","Reactome","REACTOME_INTRA_GOLGI_AND_RETROGRADE_GOLGI_TO_ER_TRAFFIC","up",1.8346632,0.000284392995,0.000216749249,176,1600,11459,287,283
"Tcon","Reactome","REACTOME_C_TYPE_LECTIN_RECEPTORS_CLRS","up",1.97106589,0.000284392995,0.000218686613,107,1600,11459,287,283
"Tcon","Reactome","REACTOME_TNFR2_NON_CANONICAL_NF_KB_PATHWAY","up",1.98619585,0.000366252622,0.000278985868,77,1600,11459,287,283
"Tcon","Reactome","REACTOME_CLASS_A_1_RHODOPSIN_LIKE_RECEPTORS","up",1.92384448,0.000407833178,0.000310500647,115,1600,11459,287,283
"Tcon","Reactome","REACTOME_REGULATION_OF_T_CELL_ACTIVATION_BY_CD28_FAMILY","up",1.77883669,0.000407833178,0.000317355112,190,1600,11459,287,283
"Tcon","Reactome","REACTOME_RHOC_GTPASE_CYCLE","up",2.04312751,0.000407833178,0.000318112403,64,1600,11459,287,283
"Tcon","Reactome","REACTOME_SIGNALING_BY_HEDGEHOG","up",1.90064343,0.000423487746,0.000332379868,103,1600,11459,287,283
"Tcon","Reactome","REACTOME_INTERLEUKIN_4_AND_INTERLEUKIN_13_SIGNALING","up",1.98310301,0.000450153679,0.000355444545,83,1600,11459,287,283
"Tcon","Reactome","REACTOME_SIGNALING_BY_NOTCH4","up",2.0251658,0.000460708048,0.000375421136,64,1600,11459,287,283
"Tcon","Reactome","REACTOME_L1CAM_INTERACTIONS","up",2.02265241,0.000460708048,0.000375908513,69,1600,11459,287,283
"Tcon","Reactome","REACTOME_FCGAMMA_RECEPTOR_FCGR_DEPENDENT_PHAGOCYTOSIS","up",1.98289031,0.000460708048,0.000375908513,79,1600,11459,287,283
"Tcon","Reactome","REACTOME_SIGNALLING_TO_ERKS","up",2.11591999,0.000496434447,0.000406903356,30,1600,11459,287,283
"Tcon","Reactome","REACTOME_RAC2_GTPASE_CYCLE","up",1.98452493,0.000526716414,0.000433113298,76,1600,11459,287,283
"Tcon","Reactome","REACTOME_METABOLISM_OF_POLYAMINES","up",2.070778,0.000576984889,0.000473335455,43,1600,11459,287,283
"Tcon","Reactome","REACTOME_CELL_CYCLE_CHECKPOINTS","up",1.72014199,0.00058764214,0.000484445416,241,1600,11459,287,283
"Tcon","Reactome","REACTOME_GLYCOSAMINOGLYCAN_METABOLISM","up",1.94309272,0.000627357614,0.000518736577,91,1600,11459,287,283
"Tcon","Reactome","REACTOME_THE_ROLE_OF_GTSE1_IN_G2_M_PROGRESSION_AFTER_G2_CHECKPOINT","up",2.01677222,0.000633337931,0.000530795299,53,1600,11459,287,283
"Tcon","Reactome","REACTOME_PLATELET_ACTIVATION_SIGNALING_AND_AGGREGATION","up",1.78674899,0.00071258698,0.000595321248,185,1600,11459,287,283
"Tcon","Reactome","REACTOME_G_ALPHA_Q_SIGNALLING_EVENTS","up",1.88637774,0.00071258698,0.000601447494,102,1600,11459,287,283
"Tcon","Reactome","REACTOME_ER_TO_GOLGI_ANTEROGRADE_TRANSPORT","up",1.82771549,0.000736171895,0.000638470322,129,1600,11459,287,283
"Tcon","Reactome","REACTOME_RAC1_GTPASE_CYCLE","up",1.81982559,0.000736171895,0.000638470322,154,1600,11459,287,283
"Tcon","Reactome","REACTOME_TRANSPORT_TO_THE_GOLGI_AND_SUBSEQUENT_MODIFICATION","up",1.80495222,0.000736171895,0.000638470322,152,1600,11459,287,283
"Tcon","Reactome","REACTOME_ANTI_INFLAMMATORY_RESPONSE_FAVOURING_LEISHMANIA_PARASITE_INFECTION","up",1.99869273,0.000736171895,0.00064559646,61,1600,11459,287,283
"Tcon","Reactome","REACTOME_NUCLEAR_EVENTS_MEDIATED_BY_NFE2L2","up",1.9829282,0.000855865936,0.000740829726,78,1600,11459,287,283
"Tcon","Reactome","REACTOME_RRNA_MODIFICATION_IN_THE_NUCLEUS_AND_CYTOSOL","down",-2.01239199,0.000883485308,0.000773931305,55,1600,11459,287,283
"Tcon","Reactome","REACTOME_SARS_COV_1_INFECTION","down",-1.80751331,0.000910806597,0.000802139965,133,1600,11459,287,283
"Tcon","Reactome","REACTOME_CROSS_PRESENTATION_OF_SOLUBLE_EXOGENOUS_ANTIGENS_ENDOSOMES","up",2.06604537,0.000982341091,0.000854138517,37,1600,11459,287,283
"Tcon","Reactome","REACTOME_COPI_MEDIATED_ANTEROGRADE_TRANSPORT","up",1.9200055,0.00105394748,0.000918190347,81,1600,11459,287,283
"Tcon","Reactome","REACTOME_SARS_COV_2_HOST_INTERACTIONS","down",-1.70022832,0.00110794262,0.000971626105,174,1600,11459,287,283
"Tcon","Reactome","REACTOME_ASPARAGINE_N_LINKED_GLYCOSYLATION","up",1.65179997,0.00111778543,0.00098662983,266,1600,11459,287,283
"Tcon","Reactome","REACTOME_COPI_INDEPENDENT_GOLGI_TO_ER_RETROGRADE_TRAFFIC","up",2.03241297,0.00114805584,0.00101915835,40,1600,11459,287,283
"Tcon","Reactome","REACTOME_IMMUNOREGULATORY_INTERACTIONS_BETWEEN_A_LYMPHOID_AND_A_NON_LYMPHOID_CELL","up",1.87988279,0.00115371961,0.001031258,98,1600,11459,287,283
"Tcon","Reactome","REACTOME_INTRINSIC_PATHWAY_FOR_APOPTOSIS","up",1.96716582,0.00120359203,0.00108699673,53,1600,11459,287,283
"Tcon","Reactome","REACTOME_AMPK_INDUCED_ERAD_AND_LYSOSOME_MEDIATED_DEGRADATION_OF_PD_L1_CD274","up",1.99460248,0.00120359203,0.00108732216,51,1600,11459,287,283
"Tcon","Reactome","REACTOME_CO_INHIBITION_BY_PD_1","up",1.78641665,0.00133312314,0.00119523629,141,1600,11459,287,283
"Tcon","Reactome","REACTOME_SIGNALING_BY_VEGF","up",1.8411964,0.00147287383,0.00130703463,94,1600,11459,287,283
"Tcon","Reactome","REACTOME_RHOQ_GTPASE_CYCLE","up",2.0227041,0.00155050261,0.00138551947,54,1600,11459,287,283
"Tcon","Reactome","REACTOME_CLEC7A_DECTIN_1_SIGNALING","up",1.87329386,0.00155050261,0.0013895574,83,1600,11459,287,283
"Tcon","Reactome","REACTOME_G2_M_CHECKPOINTS","up",1.82594964,0.00155050261,0.00139599503,114,1600,11459,287,283
"Tcon","Reactome","REACTOME_PROTEASOME_ASSEMBLY","up",1.9996476,0.00165813649,0.00149491881,49,1600,11459,287,283
"Tcon","Reactome","REACTOME_GPCR_LIGAND_BINDING","up",1.73892899,0.00202122962,0.00177959468,155,1600,11459,287,283
"Tcon","Reactome","REACTOME_KINESINS","up",1.98811553,0.00202122962,0.00178980604,42,1600,11459,287,283
"Tcon","Reactome","REACTOME_TRANSCRIPTIONAL_REGULATION_BY_RUNX2","up",1.86553701,0.00210758317,0.00186900504,79,1600,11459,287,283
"Tcon","Reactome","REACTOME_MITOCHONDRIAL_TRANSLATION","down",-1.78050448,0.00226377789,0.00200547777,106,1600,11459,287,283
"Tcon","Reactome","REACTOME_SEMAPHORIN_INTERACTIONS","up",1.96394403,0.00229204682,0.00204376578,56,1600,11459,287,283
"Tcon","Reactome","REACTOME_ABC_TRANSPORTER_DISORDERS","up",1.95036218,0.00261274782,0.0023116469,51,1600,11459,287,283
"Tcon","Reactome","REACTOME_SARS_COV_2_TARGETS_HOST_INTRACELLULAR_SIGNALLING_AND_REGULATORY_PATHWAYS","up",2.01777269,0.00283905662,0.00252191859,12,1600,11459,287,283
"Tcon","Reactome","REACTOME_REGULATION_OF_ENDOGENOUS_RETROELEMENTS","down",-1.85267218,0.00308615278,0.00274163187,75,1600,11459,287,283
"Tcon","Reactome","REACTOME_REDUCTION_OF_CYTOSOLIC_CA_LEVELS","up",1.95044303,0.00319179244,0.00284805072,7,1600,11459,287,283
"Tcon","Reactome","REACTOME_HEDGEHOG_ON_STATE","up",1.93146831,0.00348011532,0.00310767121,56,1600,11459,287,283
"Tcon","Reactome","REACTOME_MAPK1_MAPK3_SIGNALING","up",1.65524266,0.00348123397,0.00313612108,196,1600,11459,287,283
"Tcon","Reactome","REACTOME_NUCLEAR_EVENTS_KINASE_AND_TRANSCRIPTION_FACTOR_ACTIVATION","up",1.95770459,0.00358527693,0.00326462846,52,1600,11459,287,283
"Tcon","Reactome","REACTOME_RECYCLING_PATHWAY_OF_L1","up",1.96645186,0.00358527693,0.00327322234,34,1600,11459,287,283
"Tcon","Reactome","REACTOME_METABOLISM_OF_STEROIDS","up",1.77916076,0.00358527693,0.00327727688,108,1600,11459,287,283
"Tcon","Reactome","REACTOME_INTERLEUKIN_1_FAMILY_SIGNALING","up",1.77198204,0.00377012303,0.00345402163,122,1600,11459,287,283
"Tcon","Reactome","REACTOME_HEDGEHOG_LIGAND_BIOGENESIS","up",1.94989931,0.003771139,0.00347961318,43,1600,11459,287,283
"Tcon","Reactome","REACTOME_SEPARATION_OF_SISTER_CHROMATIDS","up",1.68120265,0.00407262326,0.00372951457,158,1600,11459,287,283
"Tcon","Reactome","REACTOME_RESPONSE_TO_ELEVATED_PLATELET_CYTOSOLIC_CA2","up",1.83024129,0.00408465794,0.00378412053,92,1600,11459,287,283
"Tcon","Reactome","REACTOME_DEVELOPMENTAL_CELL_LINEAGES_OF_THE_EXOCRINE_PANCREAS","up",2.03017647,0.00408465794,0.00380829155,19,1600,11459,287,283
"Tcon","Reactome","REACTOME_GLUCONEOGENESIS","up",2.01782752,0.00408465794,0.00381876077,17,1600,11459,287,283
"Tcon","Reactome","REACTOME_SOMITOGENESIS","up",1.97932321,0.00424382788,0.00395894293,38,1600,11459,287,283
"Tcon","Reactome","REACTOME_RHOB_GTPASE_CYCLE","up",1.88997109,0.00424382788,0.00397538629,57,1600,11459,287,283
"Tcon","Reactome","REACTOME_CARDIAC_CONDUCTION","up",1.89277013,0.00424382788,0.00399310561,54,1600,11459,287,283
"Tcon","Reactome","REACTOME_ACTIVATION_OF_GENE_EXPRESSION_BY_SREBF_SREBP","up",1.9496976,0.00424382788,0.00403320511,42,1600,11459,287,283
"Tcon","Reactome","REACTOME_DEGRADATION_OF_DVL","up",1.94305242,0.00424382788,0.00404304456,40,1600,11459,287,283
"Tcon","Reactome","REACTOME_DISEASES_OF_SIGNAL_TRANSDUCTION_BY_GROWTH_FACTOR_RECEPTORS_AND_SECOND_MESSENGERS","up",1.51746114,0.00501812169,0.00461272705,369,1600,11459,287,283
"Tcon","Reactome","REACTOME_REGULATION_OF_ENDOGENOUS_RETROELEMENTS_BY_KRAB_ZFP_PROTEINS","down",-1.9216261,0.0051162549,0.00471750217,46,1600,11459,287,283
"Tcon","Reactome","REACTOME_FACTORS_INVOLVED_IN_MEGAKARYOCYTE_DEVELOPMENT_AND_PLATELET_PRODUCTION","up",1.77705578,0.005202109,0.00480360995,103,1600,11459,287,283
"Tcon","Reactome","REACTOME_THROMBIN_SIGNALLING_THROUGH_PROTEINASE_ACTIVATED_RECEPTORS_PARS","up",1.97796918,0.00542990057,0.00501650854,23,1600,11459,287,283
"Tcon","Reactome","REACTOME_SCF_SKP2_MEDIATED_DEGRADATION_OF_P27_P21","up",1.90723177,0.00542990057,0.00503011308,47,1600,11459,287,283
"Tcon","Reactome","REACTOME_SENSORY_PROCESSING_OF_SOUND","up",1.92271745,0.00543494314,0.00506157831,42,1600,11459,287,283
"Tcon","Reactome","REACTOME_COLLAGEN_FORMATION","up",1.92292888,0.00590370378,0.00545624721,35,1600,11459,287,283
"Tcon","Reactome","REACTOME_RHO_GTPASES_ACTIVATE_PKNS","up",1.93814096,0.00590370378,0.00549348052,29,1600,11459,287,283
"Tcon","Reactome","REACTOME_REGULATION_OF_CDH1_FUNCTION","up",1.86883039,0.00590370378,0.00551498981,55,1600,11459,287,283
"Tcon","Reactome","REACTOME_HH_MUTANTS_ABROGATE_LIGAND_SECRETION","up",1.90450053,0.00636544473,0.00592411621,41,1600,11459,287,283
"Tcon","Reactome","REACTOME_ASYMMETRIC_LOCALIZATION_OF_PCP_PROTEINS","up",1.89501234,0.00636544473,0.00592411621,42,1600,11459,287,283
"Tcon","Reactome","REACTOME_TGFBR3_PTM_REGULATION","up",1.93603177,0.00650459387,0.0060450269,10,1600,11459,287,283
"Tcon","Reactome","REACTOME_DOWNSTREAM_TCR_SIGNALING","up",1.79556997,0.00660719305,0.00613853536,79,1600,11459,287,283
"Tcon","Reactome","REACTOME_CASPASE_ACTIVATION_VIA_EXTRINSIC_APOPTOTIC_SIGNALLING_PATHWAY","up",1.9453679,0.00685770715,0.00633729566,23,1600,11459,287,283
"Tcon","Reactome","REACTOME_RAC3_GTPASE_CYCLE","up",1.77939402,0.00776374097,0.0070667779,79,1600,11459,287,283
"Tcon","Reactome","REACTOME_INTEGRATION_OF_ENERGY_METABOLISM","up",1.8312812,0.00802079073,0.00731033171,69,1600,11459,287,283
"Tcon","Reactome","REACTOME_METABOLISM_OF_CARBOHYDRATES_AND_CARBOHYDRATE_DERIVATIVES","up",1.57187626,0.00804692856,0.00736553526,221,1600,11459,287,283
"Tcon","Reactome","REACTOME_M_PHASE","up",1.50262928,0.00819795568,0.00751425783,315,1600,11459,287,283
"Tcon","Reactome","REACTOME_TRNA_PROCESSING","down",-1.68871174,0.00821996786,0.00755694625,104,1600,11459,287,283
"Tcon","Reactome","REACTOME_VIF_MEDIATED_DEGRADATION_OF_APOBEC3G","up",1.8704788,0.0083219551,0.00766459453,37,1600,11459,287,283
"Tcon","Reactome","REACTOME_MITOTIC_METAPHASE_AND_ANAPHASE","up",1.58177057,0.00859116828,0.00793678665,201,1600,11459,287,283
"Tcon","Reactome","REACTOME_TRANSCRIPTIONAL_REGULATION_BY_RUNX3","up",1.77936857,0.00859116828,0.00794512945,76,1600,11459,287,283
"Tcon","Reactome","REACTOME_DECTIN_1_MEDIATED_NONCANONICAL_NF_KB_SIGNALING","up",1.84483992,0.00864991886,0.00802183399,45,1600,11459,287,283
"Tcon","Reactome","REACTOME_REGULATION_OF_INSULIN_SECRETION","up",1.83919359,0.00875387563,0.00811612992,47,1600,11459,287,283
"Tcon","Reactome","REACTOME_SARS_COV_1_TARGETS_HOST_INTRACELLULAR_SIGNALLING_AND_REGULATORY_PATHWAYS","up",1.96992034,0.00877885463,0.00818205608,16,1600,11459,287,283
"Tcon","Reactome","REACTOME_COLLAGEN_DEGRADATION","up",1.92820057,0.00890889369,0.00835322005,25,1600,11459,287,283
"Tcon","Reactome","REACTOME_RHOA_GTPASE_CYCLE","up",1.69024402,0.00890889369,0.00835322005,120,1600,11459,287,283
"Tcon","Reactome","REACTOME_TCR_SIGNALING","up",1.72754624,0.00918412197,0.00856892271,99,1600,11459,287,283
"Tcon","Reactome","REACTOME_ROLE_OF_LAT2_NTAL_LAB_ON_CALCIUM_MOBILIZATION","up",1.938931,0.0095241053,0.00891316247,14,1600,11459,287,283
"Tcon","Reactome","REACTOME_REGULATION_OF_CHOLESTEROL_BIOSYNTHESIS_BY_SREBP_SREBF","up",1.81323466,0.0095241053,0.00891316247,55,1600,11459,287,283
"Tcon","Reactome","REACTOME_MODULATION_OF_HOST_RESPONSES_BY_IFN_STIMULATED_GENES","up",1.93617301,0.00961548297,0.00901210165,18,1600,11459,287,283
"Tcon","Reactome","REACTOME_HYALURONAN_DEGRADATION","up",1.90367854,0.00997965087,0.00935041197,10,1600,11459,287,283
"Tcon","Reactome","REACTOME_REGULATION_OF_RAS_BY_GAPS","up",1.81990212,0.0102964999,0.00963565335,51,1600,11459,287,283
"Tcon","Reactome","REACTOME_SIGNALLING_TO_RAS","up",1.93753724,0.0103062169,0.00977368657,17,1600,11459,287,283
"Tcon","Reactome","REACTOME_INTERLEUKIN_1_SIGNALING","up",1.72125914,0.0103062169,0.00978651496,97,1600,11459,287,283
"Tcon","Reactome","REACTOME_HSP90_CHAPERONE_CYCLE_FOR_STEROID_HORMONE_RECEPTORS_SHR_IN_THE_PRESENCE_OF_LIGAND","up",1.83448196,0.0103062169,0.00982217225,42,1600,11459,287,283
"Tcon","Reactome","REACTOME_RHO_GTPASES_ACTIVATE_IQGAPS","up",1.91326273,0.0103062169,0.00983348169,20,1600,11459,287,283
"Tcon","Reactome","REACTOME_CIRCADIAN_CLOCK","up",1.71153188,0.0103062169,0.00984157831,100,1600,11459,287,283
"Tcon","Reactome","REACTOME_UBIQUITIN_MEDIATED_DEGRADATION_OF_PHOSPHORYLATED_CDC25A","up",1.81935695,0.0112116368,0.0105908105,49,1600,11459,287,283
"Tcon","Reactome","REACTOME_INTRACELLULAR_SIGNALING_BY_SECOND_MESSENGERS","up",1.51839827,0.0113735833,0.0107583637,239,1600,11459,287,283
"Tcon","Reactome","REACTOME_G1_S_DNA_DAMAGE_CHECKPOINTS","up",1.78027665,0.0113929874,0.0108281237,63,1600,11459,287,283
"Tcon","Reactome","REACTOME_ION_HOMEOSTASIS","up",1.85589295,0.0116367505,0.0110648414,32,1600,11459,287,283
"Tcon","Reactome","REACTOME_SIGNALING_BY_THE_B_CELL_RECEPTOR_BCR","up",1.71993489,0.0117308896,0.0111688238,93,1600,11459,287,283
"Tcon","Reactome","REACTOME_SELECTIVE_AUTOPHAGY","up",1.7682069,0.0117890054,0.0112670258,70,1600,11459,287,283
"Tcon","Reactome","REACTOME_G_PROTEIN_BETA_GAMMA_SIGNALLING","up",1.8796668,0.0118741693,0.0114070463,27,1600,11459,287,283
"Tcon","Reactome","REACTOME_SIGNALING_BY_PTK6","up",1.81913863,0.0118741693,0.0114149417,42,1600,11459,287,283
"Tcon","Reactome","REACTOME_P38MAPK_EVENTS","up",1.91300336,0.0119150402,0.0114872731,13,1600,11459,287,283
"Tcon","Reactome","REACTOME_FC_EPSILON_RECEPTOR_FCERI_SIGNALING","up",1.67019889,0.0120049967,0.0115781232,114,1600,11459,287,283
"Tcon","Reactome","REACTOME_FBXL7_DOWN_REGULATES_AURKA_DURING_MITOTIC_ENTRY_AND_IN_EARLY_MITOSIS","up",1.82509424,0.0122559319,0.0117756368,39,1600,11459,287,283
"Tcon","Reactome","REACTOME_INTERLEUKIN_12_SIGNALING","up",1.80648966,0.012417165,0.0119154821,43,1600,11459,287,283
"Tcon","Reactome","REACTOME_MITOTIC_G1_PHASE_AND_G1_S_TRANSITION","up",1.62701951,0.0126940097,0.0121683754,135,1600,11459,287,283
"Tcon","Reactome","REACTOME_GLUCAGON_LIKE_PEPTIDE_1_GLP1_REGULATES_INSULIN_SECRETION","up",1.86615135,0.0128453056,0.012278074,25,1600,11459,287,283
"Tcon","Reactome","REACTOME_GASTRULATION","up",1.75491934,0.0133412626,0.0126941862,67,1600,11459,287,283
"Tcon","Reactome","REACTOME_SEMA4D_IN_SEMAPHORIN_SIGNALING","up",1.86409967,0.0137540809,0.0130464732,22,1600,11459,287,283
"Tcon","Reactome","REACTOME_REGULATION_OF_RUNX2_EXPRESSION_AND_ACTIVITY","up",1.78446035,0.0137540809,0.0130525732,51,1600,11459,287,283
"Tcon","Reactome","REACTOME_TRANSMISSION_ACROSS_CHEMICAL_SYNAPSES","up",1.62720434,0.0137540809,0.0130525732,131,1600,11459,287,283
"Tcon","Reactome","REACTOME_PCP_CE_PATHWAY","up",1.74543324,0.0138055106,0.0131794375,65,1600,11459,287,283
"Tcon","Reactome","REACTOME_PLATELET_CALCIUM_HOMEOSTASIS","up",1.9042831,0.0138055106,0.0131831121,17,1600,11459,287,283
"Tcon","Reactome","REACTOME_TRANSLOCATION_OF_SLC2A4_GLUT4_TO_THE_PLASMA_MEMBRANE","up",1.75693138,0.0139175045,0.0133585448,58,1600,11459,287,283
"Tcon","Reactome","REACTOME_DEADENYLATION_DEPENDENT_MRNA_DECAY","down",-1.76870868,0.0139175045,0.013392683,50,1600,11459,287,283
"Tcon","Reactome","REACTOME_HEDGEHOG_OFF_STATE","up",1.71078039,0.0141411285,0.0136771622,79,1600,11459,287,283
"Tcon","Reactome","REACTOME_MAPK_FAMILY_SIGNALING_CASCADES","up",1.51270203,0.0141411285,0.0136915602,228,1600,11459,287,283
"Tcon","Reactome","REACTOME_PRE_NOTCH_PROCESSING_IN_GOLGI","up",1.88989097,0.0141411285,0.0137049144,15,1600,11459,287,283
"Tcon","Reactome","REACTOME_DECTIN_2_FAMILY","up",1.88010254,0.0145007261,0.0139937358,12,1600,11459,287,283
"Tcon","Reactome","REACTOME_TOLL_LIKE_RECEPTOR_CASCADES","up",1.58425177,0.014658956,0.0141615858,154,1600,11459,287,283
"Tcon","Reactome","REACTOME_INTERLEUKIN_2_FAMILY_SIGNALING","up",1.80277769,0.0149979476,0.0144770884,41,1600,11459,287,283
"Tcon","Reactome","REACTOME_INTERFERON_ALPHA_BETA_SIGNALING","up",1.73784799,0.015091971,0.0145017555,63,1600,11459,287,283
"Tcon","Reactome","REACTOME_SCF_BETA_TRCP_MEDIATED_DEGRADATION_OF_EMI1","up",1.80056648,0.0153238672,0.014719283,40,1600,11459,287,283
"Tcon","Reactome","REACTOME_SPECIFICATION_OF_PRIMORDIAL_GERM_CELLS","up",1.83111487,0.0156497633,0.0149824264,8,1600,11459,287,283
"Tcon","Reactome","REACTOME_CELLULAR_RESPONSE_TO_HYPOXIA","up",1.75698114,0.0156618143,0.0150210364,53,1600,11459,287,283
"Tcon","Reactome","REACTOME_ORC1_REMOVAL_FROM_CHROMATIN","up",1.74180219,0.0160025966,0.0153417647,55,1600,11459,287,283
"Tcon","Reactome","REACTOME_NEGATIVE_REGULATION_OF_NOTCH4_SIGNALING","up",1.79265038,0.0161512273,0.015553813,41,1600,11459,287,283
"Tcon","Reactome","REACTOME_ACTIVATION_OF_APC_C_AND_APC_C_CDC20_MEDIATED_DEGRADATION_OF_MITOTIC_PROTEINS","up",1.73004383,0.0161512273,0.0155617729,61,1600,11459,287,283
"Tcon","Reactome","REACTOME_RUNX1_REGULATES_TRANSCRIPTION_OF_GENES_INVOLVED_IN_DIFFERENTIATION_OF_HSCS","up",1.7513726,0.0162587559,0.0157086245,50,1600,11459,287,283
"Tcon","Reactome","REACTOME_PTK6_REGULATES_RHO_GTPASES_RAS_GTPASE_AND_MAP_KINASES","up",1.87507492,0.0168106875,0.0162071595,13,1600,11459,287,283
"Tcon","Reactome","REACTOME_G_BETA_GAMMA_SIGNALLING_THROUGH_PI3KGAMMA","up",1.86529696,0.0168763167,0.0163598385,20,1600,11459,287,283
"Tcon","Reactome","REACTOME_INTERLEUKIN_12_FAMILY_SIGNALING","up",1.74921388,0.0168763167,0.016384258,51,1600,11459,287,283
"Tcon","Reactome","REACTOME_DEGRADATION_OF_CRY_AND_PER_PROTEINS","up",1.75345092,0.0181710541,0.0175468069,46,1600,11459,287,283
"Tcon","Reactome","REACTOME_REGULATION_OF_PD_L1_CD274_POST_TRANSLATIONAL_MODIFICATION","up",1.68633787,0.0182041182,0.0175946138,81,1600,11459,287,283
"Tcon","Reactome","REACTOME_RHO_GTPASES_ACTIVATE_FORMINS","up",1.60333662,0.0184593515,0.0178603706,122,1600,11459,287,283
"Tcon","Reactome","REACTOME_CELL_SURFACE_INTERACTIONS_AT_THE_VASCULAR_WALL","up",1.65832828,0.0202888837,0.0191969902,86,1600,11459,287,283
"Tcon","Reactome","REACTOME_OPIOID_SIGNALLING","up",1.69714338,0.0205567066,0.0194578654,64,1600,11459,287,283
"Tcon","Reactome","REACTOME_DOWNSTREAM_SIGNALING_EVENTS_OF_B_CELL_RECEPTOR_BCR","up",1.69183755,0.0213927315,0.0202335827,66,1600,11459,287,283
"Tcon","Reactome","REACTOME_ION_CHANNEL_TRANSPORT","up",1.6181968,0.0222887548,0.0208863133,106,1600,11459,287,283
"Tcon","Reactome","REACTOME_APC_C_MEDIATED_DEGRADATION_OF_CELL_CYCLE_PROTEINS","up",1.67899443,0.0226132019,0.0212673476,72,1600,11459,287,283
"Tcon","Reactome","REACTOME_GPVI_MEDIATED_ACTIVATION_CASCADE","up",1.79873133,0.0226132019,0.0213095954,28,1600,11459,287,283
"Tcon","Reactome","REACTOME_SWITCHING_OF_ORIGINS_TO_A_POST_REPLICATIVE_STATE","up",1.6675755,0.0229813503,0.0216508516,76,1600,11459,287,283
"Tcon","Reactome","REACTOME_FOXO_MEDIATED_TRANSCRIPTION","up",1.7107799,0.0233619113,0.0221237179,55,1600,11459,287,283
"Tcon","Reactome","REACTOME_P53_DEPENDENT_G1_DNA_DAMAGE_RESPONSE","up",1.71440887,0.0233619113,0.0221303214,49,1600,11459,287,283
"Tcon","Reactome","REACTOME_ERKS_ARE_INACTIVATED","up",1.84322709,0.0233619113,0.0221638169,13,1600,11459,287,283
"Tcon","Reactome","REACTOME_ERK_MAPK_TARGETS","up",1.81205423,0.0236264127,0.0224662759,22,1600,11459,287,283
"Tcon","Reactome","REACTOME_CDK_MEDIATED_PHOSPHORYLATION_AND_REMOVAL_OF_CDC6","up",1.69804421,0.0246840892,0.0233745689,57,1600,11459,287,283
"Tcon","Reactome","REACTOME_DEATH_RECEPTOR_SIGNALING","up",1.56026336,0.0251119026,0.0237730521,137,1600,11459,287,283
"Tcon","Reactome","REACTOME_AUTOPHAGY","up",1.56399427,0.0251683915,0.0238813124,133,1600,11459,287,283
"Tcon","Reactome","REACTOME_PLATELET_HOMEOSTASIS","up",1.69456224,0.025213731,0.0239775834,56,1600,11459,287,283
"Tcon","Reactome","REACTOME_GENE_AND_PROTEIN_EXPRESSION_BY_JAK_STAT_SIGNALING_AFTER_INTERLEUKIN_12_STIMULATION","up",1.75441973,0.0253986461,0.0241615465,35,1600,11459,287,283
"Tcon","Reactome","REACTOME_MYD88_INDEPENDENT_TLR4_CASCADE","up",1.59196336,0.0266274173,0.0251174603,108,1600,11459,287,283
"Tcon","Reactome","REACTOME_POST_CHAPERONIN_TUBULIN_FOLDING_PATHWAY","up",1.82984331,0.0268751238,0.0254168922,14,1600,11459,287,283
"Tcon","Reactome","REACTOME_REPRODUCTION","up",1.66055207,0.0268751238,0.0254168922,67,1600,11459,287,283
"Tcon","Reactome","REACTOME_RHOG_GTPASE_CYCLE","up",1.66924635,0.0273946826,0.025938483,64,1600,11459,287,283
"Tcon","Reactome","REACTOME_VEGFR2_MEDIATED_VASCULAR_PERMEABILITY","up",1.77608543,0.0273946826,0.025958411,26,1600,11459,287,283
"Tcon","Reactome","REACTOME_MRNA_EDITING","up",1.77345053,0.0273955312,0.0259999558,7,1600,11459,287,283
"Tcon","Reactome","REACTOME_CELLULAR_RESPONSES_TO_MECHANICAL_STIMULI","up",1.64119112,0.027518276,0.0261693659,77,1600,11459,287,283
"Tcon","Reactome","REACTOME_DNA_REPLICATION","up",1.562177,0.0279673526,0.0265864872,121,1600,11459,287,283
"Tcon","Reactome","REACTOME_SIGNAL_TRANSDUCTION_BY_L1","up",1.81135194,0.0279957371,0.0266767505,16,1600,11459,287,283
"Tcon","Reactome","REACTOME_HEPARAN_SULFATE_HEPARIN_HS_GAG_METABOLISM","up",1.77153286,0.0293630152,0.0278200444,24,1600,11459,287,283
"Tcon","Reactome","REACTOME_ROLE_OF_PHOSPHOLIPIDS_IN_PHAGOCYTOSIS","up",1.78868302,0.0294868516,0.0279132973,22,1600,11459,287,283
"Tcon","Reactome","REACTOME_REGULATION_OF_APOPTOSIS","up",1.72221954,0.0299651912,0.0283250557,38,1600,11459,287,283
"Tcon","Reactome","REACTOME_SYNTHESIS_OF_DNA","up",1.58175509,0.0307029486,0.0288782853,105,1600,11459,287,283
"Tcon","Reactome","REACTOME_MAPK_TARGETS_NUCLEAR_EVENTS_MEDIATED_BY_MAP_KINASES","up",1.74732,0.0310256754,0.029192522,31,1600,11459,287,283
"Tcon","Reactome","REACTOME_FORMATION_OF_PARAXIAL_MESODERM","up",1.68118963,0.0312372284,0.029528074,50,1600,11459,287,283
"Tcon","Reactome","REACTOME_INTEGRIN_CELL_SURFACE_INTERACTIONS","up",1.71009015,0.0312372284,0.0296146563,41,1600,11459,287,283
"Tcon","Reactome","REACTOME_CHONDROITIN_SULFATE_DERMATAN_SULFATE_METABOLISM","up",1.7602317,0.0312372284,0.0296238486,26,1600,11459,287,283
"Tcon","Reactome","REACTOME_RHO_GTPASES_ACTIVATE_CIT","up",1.80137779,0.0312372284,0.0296992589,17,1600,11459,287,283
"Tcon","Reactome","REACTOME_DNA_REPLICATION_PRE_INITIATION","up",1.60308802,0.0312372284,0.0296992589,88,1600,11459,287,283
"Tcon","Reactome","REACTOME_REGULATION_OF_ENDOGENOUS_RETROELEMENTS_BY_THE_HUMAN_SILENCING_HUB_HUSH_COMPLEX","down",-1.80728944,0.0312652662,0.029803891,9,1600,11459,287,283
"Tcon","Reactome","REACTOME_ABC_FAMILY_PROTEINS_MEDIATED_TRANSPORT","up",1.63356746,0.0313491803,0.0300375414,73,1600,11459,287,283
"Tcon","Reactome","REACTOME_RUNX2_REGULATES_GENES_INVOLVED_IN_CELL_MIGRATION","up",1.73498444,0.0313491803,0.0300567728,6,1600,11459,287,283
"Tcon","Reactome","REACTOME_RHOJ_GTPASE_CYCLE","up",1.67523188,0.0319831009,0.0305674342,49,1600,11459,287,283
"Tcon","Reactome","REACTOME_NUCLEOTIDE_BIOSYNTHESIS","down",-1.8132038,0.0329540489,0.0315848537,12,1600,11459,287,283
"Tcon","Reactome","REACTOME_HYALURONAN_METABOLISM","up",1.79498195,0.0329540489,0.0315848537,12,1600,11459,287,283
"Tcon","Reactome","REACTOME_RHO_GTPASES_ACTIVATE_ROCKS","up",1.79055833,0.0331639342,0.0318504587,17,1600,11459,287,283
"Tcon","Reactome","REACTOME_ANTIGEN_PROCESSING_UB_ATP_INDEPENDENT_PROTEASOMAL_DEGRADATION","up",1.79565849,0.0331639342,0.0319733012,18,1600,11459,287,283
"Tcon","Reactome","REACTOME_SARS_COV_2_INFECTION","down",-1.3951351,0.0331639342,0.0319733012,257,1600,11459,287,283
"Tcon","Reactome","REACTOME_SPOP_MEDIATED_PROTEASOMAL_DEGRADATION_OF_PD_L1_CD274","up",1.68456151,0.0338186762,0.0324660832,44,1600,11459,287,283
"Tcon","Reactome","REACTOME_ANCHORING_OF_THE_BASAL_BODY_TO_THE_PLASMA_MEMBRANE","up",1.58909225,0.0338812479,0.0326256487,90,1600,11459,287,283
"Tcon","Reactome","REACTOME_PROCESSING_OF_CAPPED_INTRON_CONTAINING_PRE_MRNA","down",-1.37379397,0.033913728,0.0327587795,280,1600,11459,287,283
"Tcon","Reactome","REACTOME_REGULATION_OF_PD_L1_CD274_EXPRESSION","up",1.53528155,0.033913728,0.0328485124,123,1600,11459,287,283
"Tcon","Reactome","REACTOME_FCGR3A_MEDIATED_IL10_SYNTHESIS","up",1.72821711,0.033913728,0.032899258,32,1600,11459,287,283
"Tcon","Reactome","REACTOME_MASTL_FACILITATES_MITOTIC_PROGRESSION","up",1.77081471,0.034335725,0.0332418801,10,1600,11459,287,283
"Tcon","Reactome","REACTOME_SLC_MEDIATED_TRANSMEMBRANE_TRANSPORT","up",1.53459398,0.0343581044,0.0333495339,125,1600,11459,287,283
"Tcon","Reactome","REACTOME_HS_GAG_DEGRADATION","up",1.79006659,0.0343581044,0.0333755284,13,1600,11459,287,283
"Tcon","Reactome","REACTOME_GENERATION_OF_SECOND_MESSENGER_MOLECULES","up",1.72829455,0.0343581044,0.0335481947,30,1600,11459,287,283
"Tcon","Reactome","REACTOME_MEIOSIS","up",1.66211868,0.0343581044,0.0335486396,48,1600,11459,287,283
"Tcon","Reactome","REACTOME_PROTEIN_METHYLATION","down",-1.80549321,0.0361095197,0.0348191738,13,1600,11459,287,283
"Tcon","Reactome","REACTOME_MET_PROMOTES_CELL_MOTILITY","up",1.73948911,0.0369212794,0.035577909,25,1600,11459,287,283
"Tcon","Reactome","REACTOME_ACTIVATION_OF_BH3_ONLY_PROTEINS","up",1.71801393,0.0370350942,0.0358451734,30,1600,11459,287,283
"Tcon","Reactome","REACTOME_REGULATION_OF_LOCALIZATION_OF_FOXO_TRANSCRIPTION_FACTORS","up",1.77454076,0.0370350942,0.0359181035,11,1600,11459,287,283
"Tcon","Reactome","REACTOME_BH3_ONLY_PROTEINS_ASSOCIATE_WITH_AND_INACTIVATE_ANTI_APOPTOTIC_BCL_2_MEMBERS","up",1.76221029,0.0370350942,0.0359312756,9,1600,11459,287,283
"Tcon","Reactome","REACTOME_SPHINGOLIPID_METABOLISM","up",1.60092585,0.0370350942,0.0359312756,76,1600,11459,287,283
"Tcon","Reactome","REACTOME_SIGNALING_BY_MET","up",1.62719168,0.0383705256,0.0370692144,60,1600,11459,287,283
"Tcon","Reactome","REACTOME_CLASS_I_MHC_MEDIATED_ANTIGEN_PROCESSING_PRESENTATION","up",1.37662884,0.0383705256,0.0370692144,326,1600,11459,287,283
"Tcon","Reactome","REACTOME_DEVELOPMENTAL_LINEAGE_OF_PANCREATIC_DUCTAL_CELLS","up",1.77392796,0.0388376124,0.0374460881,13,1600,11459,287,283
"Tcon","Reactome","REACTOME_TRANSCRIPTIONAL_REGULATION_BY_RUNX1","up",1.49120644,0.0405069893,0.0388194715,145,1600,11459,287,283
"Tcon","Reactome","REACTOME_G_ALPHA_12_13_SIGNALLING_EVENTS","up",1.61294636,0.0407682331,0.0390186559,65,1600,11459,287,283
"Tcon","Reactome","REACTOME_REGULATION_OF_PTEN_STABILITY_AND_ACTIVITY","up",1.63483158,0.0407682331,0.0390906371,52,1600,11459,287,283
"Tcon","Reactome","REACTOME_SIGNALING_BY_PDGF","up",1.66875178,0.0417611028,0.0399498031,40,1600,11459,287,283
"Tcon","Reactome","REACTOME_CHK1_CHK2_CDS1_MEDIATED_INACTIVATION_OF_CYCLIN_B_CDK1_COMPLEX","up",1.76674307,0.041763186,0.0400638609,14,1600,11459,287,283
"Tcon","Reactome","REACTOME_REGULATED_PROTEOLYSIS_OF_P75NTR","up",1.75227643,0.0420119269,0.0403943525,10,1600,11459,287,283
"Tcon","Reactome","REACTOME_NEGATIVE_REGULATION_OF_MAPK_PATHWAY","up",1.66307011,0.0421951829,0.0406533949,41,1600,11459,287,283
"Tcon","Reactome","REACTOME_APC_C_CDH1_MEDIATED_DEGRADATION_OF_CDC20_AND_OTHER_APC_C_CDH1_TARGETED_PROTEINS_IN_LATE_MITOSIS_EARLY_G1","up",1.62111372,0.0425236921,0.0409962581,59,1600,11459,287,283
"Tcon","Reactome","REACTOME_REPRESSION_OF_WNT_TARGET_GENES","down",-1.77566855,0.0428973833,0.0414390389,12,1600,11459,287,283
"Tcon","Reactome","REACTOME_ADHERENS_JUNCTIONS_INTERACTIONS","up",1.49603017,0.0438483377,0.0422193836,136,1600,11459,287,283
"Tcon","Reactome","REACTOME_NEURONAL_SYSTEM","up",1.44888919,0.0439002211,0.0423636582,181,1600,11459,287,283
"Tcon","Reactome","REACTOME_CILIUM_ASSEMBLY","up",1.45807717,0.0447591624,0.0429429392,166,1600,11459,287,283
"Tcon","Reactome","REACTOME_THE_ROLE_OF_NEF_IN_HIV_1_REPLICATION_AND_DISEASE_PATHOGENESIS","up",1.70511561,0.0447591624,0.0431885447,27,1600,11459,287,283
"Tcon","Reactome","REACTOME_TRIF_MEDIATED_PROGRAMMED_CELL_DEATH","up",1.74139831,0.0447591624,0.0432261739,9,1600,11459,287,283
"Tcon","Reactome","REACTOME_NEUROTRANSMITTER_RECEPTORS_AND_POSTSYNAPTIC_SIGNAL_TRANSMISSION","up",1.54482621,0.0447591624,0.0432501012,98,1600,11459,287,283
"Tcon","Reactome","REACTOME_FORMATION_OF_THE_BETA_CATENIN_TCF_TRANSACTIVATING_COMPLEX","down",-1.69601166,0.0451107403,0.0436901782,30,1600,11459,287,283
"Tcon","Reactome","REACTOME_MITOTIC_PROMETAPHASE","up",1.44728732,0.0451107403,0.0437151755,182,1600,11459,287,283
"Tcon","Reactome","REACTOME_MITOCHONDRIAL_TRANSLATION_ELONGATION","down",-1.53503753,0.0455104496,0.0442198035,83,1600,11459,287,283
"Tcon","Reactome","REACTOME_ZBP1_DAI_MEDIATED_INDUCTION_OF_TYPE_I_IFNS","up",1.74467184,0.0458507542,0.0445715866,19,1600,11459,287,283
"Tcon","Reactome","REACTOME_M_DECAY_DEGRADATION_OF_MATERNAL_MRNAS_BY_MATERNALLY_STORED_FACTORS","down",-1.72435954,0.0458507542,0.0446103637,25,1600,11459,287,283
"Tcon","Reactome","REACTOME_GSK3B_MEDIATED_PROTEASOMAL_DEGRADATION_OF_PD_L1_CD274","up",1.64817993,0.0467036958,0.0451955066,42,1600,11459,287,283
"Tcon","Reactome","REACTOME_RIP_MEDIATED_NFKB_ACTIVATION_VIA_ZBP1","up",1.7395953,0.0467036958,0.0452501797,17,1600,11459,287,283
"Tcon","Reactome","REACTOME_DEGRADATION_OF_AXIN","up",1.65064953,0.0468550694,0.0455010374,40,1600,11459,287,283
"Tcon","Reactome","REACTOME_PURINE_RIBONUCLEOSIDE_MONOPHOSPHATE_BIOSYNTHESIS","down",-1.75393112,0.0469961655,0.0457122113,9,1600,11459,287,283
"Tcon","Reactome","REACTOME_TRAFFICKING_AND_PROCESSING_OF_ENDOSOMAL_TLR","up",1.74190627,0.0471109038,0.0458664413,11,1600,11459,287,283
"Tcon","Reactome","REACTOME_SIGNALING_BY_NUCLEAR_RECEPTORS","up",1.43892304,0.0477588638,0.0464561367,183,1600,11459,287,283
"Tcon","Reactome","REACTOME_RAS_SIGNALING_DOWNSTREAM_OF_NF1_LOSS_OF_FUNCTION_VARIANTS","up",1.68461721,0.0509296085,0.048850646,6,1600,11459,287,283
"Tcon","Reactome","REACTOME_PKR_MEDIATED_SIGNALING","up",1.5881555,0.0509296085,0.048850646,60,1600,11459,287,283
"Tcon","Reactome","REACTOME_TRNA_MODIFICATION_IN_THE_NUCLEUS_AND_CYTOSOL","down",-1.63495127,0.0517527242,0.0494563433,40,1600,11459,287,283
"Tcon","Reactome","REACTOME_CROSS_PRESENTATION_OF_PARTICULATE_EXOGENOUS_ANTIGENS_PHAGOSOMES","up",1.70756573,0.052469011,0.0498372712,8,1600,11459,287,283
"Tcon","TF_Targets","NFKB1","up",2.40237431,1.95896643e-15,1.16915606e-15,289,600,11459,198,228
"Tcon","TF_Targets","STAT3","up",2.38779449,5.52956051e-15,6.21208175e-15,294,600,11459,198,228
"Tcon","TF_Targets","CREB1","up",2.25075431,1.71387e-12,2.33551178e-12,289,600,11459,198,228
"Tcon","TF_Targets","SPI1","up",2.32927718,1.71387e-12,2.78570728e-12,241,600,11459,198,228
"Tcon","TF_Targets","HIF1A","up",2.1998358,1.02042321e-11,1.91062574e-11,302,600,11459,198,228
"Tcon","TF_Targets","STAT1","up",2.26641684,1.2604497e-11,2.72518739e-11,237,600,11459,198,228
"Tcon","TF_Targets","CEBPB","up",2.13844402,2.00000686e-10,3.66270663e-10,274,600,11459,198,228
"Tcon","TF_Targets","SP3","up",2.10981103,3.72833223e-10,7.77419334e-10,271,600,11459,198,228
"Tcon","TF_Targets","EGR1","up",2.18485374,3.72833223e-10,8.01055482e-10,234,600,11459,198,228
"Tcon","TF_Targets","PPARG","up",2.18888912,5.80848933e-10,1.40972455e-09,232,600,11459,198,228
"Tcon","TF_Targets","FOS","up",2.24542661,5.80848933e-10,1.43559661e-09,201,600,11459,198,228
"Tcon","TF_Targets","ETS1","up",2.30109192,9.19440685e-10,2.36761142e-09,157,600,11459,198,228
"Tcon","TF_Targets","ATF3","up",2.49595794,3.24104145e-09,7.81243078e-09,78,600,11459,198,228
"Tcon","TF_Targets","TBX21","up",2.57623922,3.65113329e-09,9.38680625e-09,46,600,11459,198,228
"Tcon","TF_Targets","CEBPD","up",2.53087359,1.81494093e-08,4.29698516e-08,48,600,11459,198,228
"Tcon","TF_Targets","IRF1","up",2.26332041,2.23615794e-08,5.48322722e-08,124,600,11459,198,228
"Tcon","TF_Targets","RFXAP","up",2.46136932,2.99000677e-08,7.46746523e-08,16,600,11459,198,228
"Tcon","TF_Targets","CEBPG","up",2.28529342,3.75201698e-08,9.27935882e-08,107,600,11459,198,228
"Tcon","TF_Targets","NR3C1","up",2.16820592,5.8868539e-08,1.45316521e-07,170,600,11459,198,228
"Tcon","TF_Targets","IRF2","up",2.44005493,1.31277464e-07,3.11062394e-07,45,600,11459,198,228
"Tcon","TF_Targets","REL","up",2.30394561,2.29525978e-07,5.17162003e-07,86,600,11459,198,228
"Tcon","TF_Targets","STAT5A","up",2.16472434,2.60501039e-07,6.04712623e-07,138,600,11459,198,228
"Tcon","TF_Targets","RFXANK","up",2.44610132,2.77809652e-07,6.66836779e-07,18,600,11459,198,228
"Tcon","TF_Targets","STAT6","up",2.31399535,3.47200964e-07,8.62605473e-07,78,600,11459,198,228
"Tcon","TF_Targets","CEBPA","up",2.09954494,2.08984744e-06,4.12320279e-06,133,600,11459,198,228
"Tcon","TF_Targets","NFATC1","up",2.1837513,2.92598201e-06,5.69255855e-06,86,600,11459,198,228
"Tcon","TF_Targets","ATF1","up",2.26427571,2.92598201e-06,5.75214739e-06,61,600,11459,198,228
"Tcon","TF_Targets","IRF5","up",2.32055511,4.61886892e-06,8.98165654e-06,20,600,11459,198,228
"Tcon","TF_Targets","PPARA","up",1.93694383,7.68097717e-06,1.40400066e-05,162,600,11459,198,228
"Tcon","TF_Targets","JUNB","up",2.20903745,8.69679935e-06,1.61256673e-05,63,600,11459,198,228
"Tcon","TF_Targets","ETV4","up",2.27412809,9.95919173e-06,1.87780983e-05,43,600,11459,198,228
"Tcon","TF_Targets","TP63","up",1.97184623,1.0316903e-05,1.99529775e-05,152,600,11459,198,228
"Tcon","TF_Targets","FOXO1","up",1.91447925,1.21557797e-05,2.36454301e-05,172,600,11459,198,228
"Tcon","TF_Targets","DDIT3","up",2.10113084,1.24118505e-05,2.47225534e-05,74,600,11459,198,228
"Tcon","TF_Targets","FOXP3","up",2.23452339,1.71561678e-05,3.36098494e-05,41,600,11459,198,228
"Tcon","TF_Targets","DMTF1","up",2.24473106,1.71561678e-05,3.41900046e-05,14,600,11459,198,228
"Tcon","TF_Targets","IRF4","up",2.22420781,2.51733547e-05,4.90040148e-05,47,600,11459,198,228
"Tcon","TF_Targets","YY1","up",1.88849424,2.61015424e-05,5.1475126e-05,173,600,11459,198,228
"Tcon","TF_Targets","ID3","up",2.29433825,2.89175513e-05,5.87528759e-05,22,600,11459,198,228
"Tcon","TF_Targets","RFX5","up",2.27713845,2.89175513e-05,5.87528759e-05,23,600,11459,198,228
"Tcon","TF_Targets","SREBF2","up",2.18906603,3.90675329e-05,7.79589031e-05,48,600,11459,198,228
"Tcon","TF_Targets","KLF5","up",2.15327714,3.90675329e-05,7.89351138e-05,54,600,11459,198,228
"Tcon","TF_Targets","EGR2","up",2.1499425,4.10782243e-05,8.39169196e-05,54,600,11459,198,228
"Tcon","TF_Targets","MITF","up",2.12113332,4.12999372e-05,8.61177136e-05,71,600,11459,198,228
"Tcon","TF_Targets","YBX1","up",2.09456317,4.19532062e-05,9.05069093e-05,66,600,11459,198,228
"Tcon","TF_Targets","RUNX2","up",2.08612097,4.19532062e-05,9.05069093e-05,65,600,11459,198,228
"Tcon","TF_Targets","NR1H3","up",2.05492029,5.86884e-05,0.000123983923,81,600,11459,198,228
"Tcon","TF_Targets","ATF2","up",2.02143648,5.86884e-05,0.000125635985,86,600,11459,198,228
"Tcon","TF_Targets","HSF1","up",2.09594942,5.86884e-05,0.00012713352,71,600,11459,198,228
"Tcon","TF_Targets","NCOA1","up",2.07657089,6.15057649e-05,0.000133483818,55,600,11459,198,228
"Tcon","TF_Targets","CREM","up",2.12754066,6.27619837e-05,0.000137682688,59,600,11459,198,228
"Tcon","TF_Targets","IRF3","up",2.12425025,6.28325777e-05,0.000141342685,59,600,11459,198,228
"Tcon","TF_Targets","SREBF1","up",2.00021371,6.28325777e-05,0.000141963992,89,600,11459,198,228
"Tcon","TF_Targets","SMAD3","up",1.93925769,8.17536106e-05,0.000182496355,104,600,11459,198,228
"Tcon","TF_Targets","ESR2","up",1.90588954,9.07643823e-05,0.000205031535,127,600,11459,198,228
"Tcon","TF_Targets","SPDEF","up",2.14041971,9.58801391e-05,0.000216749249,11,600,11459,198,228
"Tcon","TF_Targets","MYCN","up",1.93494056,0.000115031643,0.000262947362,98,600,11459,198,228
"Tcon","TF_Targets","MYB","up",1.89510546,0.000115031643,0.000263811459,126,600,11459,198,228
"Tcon","TF_Targets","RBPJ","up",1.98037105,0.000126678097,0.000289547085,88,600,11459,198,228
"Tcon","TF_Targets","ZNF384","up",2.16065715,0.000129735724,0.00030012675,12,600,11459,198,228
"Tcon","TF_Targets","WT1","up",1.92443956,0.000143882784,0.000329318672,98,600,11459,198,228
"Tcon","TF_Targets","RUNX1","up",1.85324858,0.000152217968,0.000349303853,141,600,11459,198,228
"Tcon","TF_Targets","HR","up",2.06880385,0.0001547916,0.000358852561,59,600,11459,198,228
"Tcon","TF_Targets","IRF8","up",2.06382715,0.00022199345,0.000488291833,50,600,11459,198,228
"Tcon","TF_Targets","SSRP1","up",1.92699418,0.00022199345,0.000493872436,89,600,11459,198,228
"Tcon","TF_Targets","BMAL1","up",2.07325539,0.000250595559,0.000559067605,40,600,11459,198,228
"Tcon","TF_Targets","NFKBIB","up",2.10923679,0.000265932283,0.000593863608,13,600,11459,198,228
"Tcon","TF_Targets","CIITA","up",2.10210594,0.000382804039,0.000809382361,27,600,11459,198,228
"Tcon","TF_Targets","NFE2L2","up",1.77834816,0.000391151256,0.000828702987,144,600,11459,198,228
"Tcon","TF_Targets","KLF4","up",1.89824768,0.00041933717,0.000888438786,79,600,11459,198,228
"Tcon","TF_Targets","EP300","up",2.0331699,0.000430260123,0.000920228453,47,600,11459,198,228
"Tcon","TF_Targets","IRF9","up",2.09738325,0.00045569542,0.000979090091,17,600,11459,198,228
"Tcon","TF_Targets","ETS2","up",1.8906318,0.000494043858,0.00106264205,76,600,11459,198,228
"Tcon","TF_Targets","ARNT","up",2.0038851,0.000494043858,0.00106761568,46,600,11459,198,228
"Tcon","TF_Targets","STAT5B","up",1.89688665,0.00057821081,0.00122698475,72,600,11459,198,228
"Tcon","TF_Targets","SNAI1","up",1.88662543,0.000608553858,0.00130068201,65,600,11459,198,228
"Tcon","TF_Targets","TFAP2A","up",1.69040986,0.000608553858,0.00130645556,191,600,11459,198,228
"Tcon","TF_Targets","EOMES","up",2.09976239,0.000680982438,0.00144301438,15,600,11459,198,228
"Tcon","TF_Targets","PPARD","up",1.92649411,0.000749304951,0.00158781964,61,600,11459,198,228
"Tcon","TF_Targets","AHR","up",1.81070538,0.000764265451,0.00163085993,118,600,11459,198,228
"Tcon","TF_Targets","GFI1","up",1.97811516,0.000779993913,0.00166891187,39,600,11459,198,228
"Tcon","TF_Targets","NR2C2","up",1.95911577,0.00090014404,0.00188712527,43,600,11459,198,228
"Tcon","TF_Targets","CREB3","up",2.02910314,0.0011920373,0.0024539894,12,600,11459,198,228
"Tcon","TF_Targets","TBX2","up",2.04135209,0.00167775868,0.00332702242,15,600,11459,198,228
"Tcon","TF_Targets","SNAI2","up",2.00715991,0.0019033661,0.00372951457,33,600,11459,198,228
"Tcon","TF_Targets","SMAD4","up",1.86235331,0.00212499454,0.00408411298,74,600,11459,198,228
"Tcon","TF_Targets","NR1H4","up",1.84845379,0.00212499454,0.00410080755,68,600,11459,198,228
"Tcon","TF_Targets","SOX9","up",1.93031306,0.00217254864,0.00420996345,44,600,11459,198,228
"Tcon","TF_Targets","FOSL1","up",1.99645776,0.00220152966,0.0042766328,28,600,11459,198,228
"Tcon","TF_Targets","NR0B2","up",1.8458828,0.00238561813,0.0045930099,73,600,11459,198,228
"Tcon","TF_Targets","NCOA2","up",1.94782704,0.00254023237,0.00490584106,38,600,11459,198,228
"Tcon","TF_Targets","E2F1","up",1.56435944,0.00254023237,0.00490584106,259,600,11459,198,228
"Tcon","TF_Targets","NR4A2","up",1.96127278,0.00254023237,0.00492556881,35,600,11459,198,228
"Tcon","TF_Targets","FOXO3","up",1.67586392,0.00264266315,0.00514657017,146,600,11459,198,228
"Tcon","TF_Targets","GATA3","up",1.72090868,0.00264266315,0.00519523774,121,600,11459,198,228
"Tcon","TF_Targets","DNMT1","up",1.71842703,0.00264266315,0.00519867418,119,600,11459,198,228
"Tcon","TF_Targets","SIRT1","up",1.88653774,0.00285175534,0.00557865478,43,600,11459,198,228
"Tcon","TF_Targets","JUND","up",1.85391225,0.00285177729,0.00562433187,63,600,11459,198,228
"Tcon","TF_Targets","VDR","up",1.77958223,0.00316315556,0.00611522386,84,600,11459,198,228
"Tcon","TF_Targets","MSC","up",1.97826554,0.00340709261,0.00653967743,22,600,11459,198,228
"Tcon","TF_Targets","PHF20","up",1.88683588,0.00361802698,0.00700394266,7,600,11459,198,228
"Tcon","TF_Targets","HMGA2","up",1.97086099,0.00361802698,0.00703291792,26,600,11459,198,228
"Tcon","TF_Targets","TRERF1","up",1.96163206,0.00361802698,0.00703858509,13,600,11459,198,228
"Tcon","TF_Targets","TWIST2","up",1.95419016,0.0039955509,0.00764017657,25,600,11459,198,228
"Tcon","TF_Targets","ETV5","up",1.93922015,0.0039955509,0.00767701222,11,600,11459,198,228
"Tcon","TF_Targets","KLF6","up",1.88141851,0.00402694699,0.00778628982,40,600,11459,198,228
"Tcon","TF_Targets","BCL6","up",1.78945505,0.0041227216,0.00797809745,71,600,11459,198,228
"Tcon","TF_Targets","NR3C2","up",1.92072008,0.00419445493,0.00811612992,33,600,11459,198,228
"Tcon","TF_Targets","NFYA","up",1.78644053,0.00423922546,0.00824754519,69,600,11459,198,228
"Tcon","TF_Targets","BHLHE40","up",1.94213978,0.00430060098,0.00843854723,29,600,11459,198,228
"Tcon","TF_Targets","ELK1","up",1.85058101,0.00430060098,0.00843854723,44,600,11459,198,228
"Tcon","TF_Targets","CTNNB1","up",1.58584596,0.00430060098,0.00848658105,199,600,11459,198,228
"Tcon","TF_Targets","GLI1","up",1.70381274,0.00456027144,0.00892255213,102,600,11459,198,228
"Tcon","TF_Targets","STAT4","up",1.94049211,0.00471049219,0.00920934662,25,600,11459,198,228
"Tcon","TF_Targets","HDAC7","up",1.91550688,0.00485652199,0.00951509341,10,600,11459,198,228
"Tcon","TF_Targets","SMAD5","up",1.93258016,0.00520534946,0.0100627975,23,600,11459,198,228
"Tcon","TF_Targets","HDAC1","up",1.79548987,0.00532634517,0.0103403518,60,600,11459,198,228
"Tcon","TF_Targets","E2F2","up",1.83010656,0.00538752465,0.0105119857,45,600,11459,198,228
"Tcon","TF_Targets","HNF1B","up",1.91658026,0.00567039059,0.0109770921,14,600,11459,198,228
"Tcon","TF_Targets","HNF4A","up",1.62785559,0.00603796673,0.0115411277,134,600,11459,198,228
"Tcon","TF_Targets","CEBPZ","up",1.90556788,0.00626638887,0.011869662,12,600,11459,198,228
"Tcon","TF_Targets","EPAS1","up",1.75348795,0.00687231577,0.0127285158,63,600,11459,198,228
"Tcon","TF_Targets","RUNX3","up",1.77556904,0.00688245456,0.0128684478,60,600,11459,198,228
"Tcon","TF_Targets","NFIC","up",1.83641195,0.00688245456,0.0128845715,39,600,11459,198,228
"Tcon","TF_Targets","NFKB2","up",1.76790169,0.00688877756,0.0130525732,56,600,11459,198,228
"Tcon","TF_Targets","GATA1","up",1.69103184,0.00688877756,0.0130525732,85,600,11459,198,228
"Tcon","TF_Targets","DNMT3A","up",1.84501873,0.00688877756,0.0130531203,37,600,11459,198,228
"Tcon","TF_Targets","KLF13","up",1.86657604,0.00688877756,0.013095034,9,600,11459,198,228
"Tcon","TF_Targets","KLF10","up",1.90593906,0.00728471628,0.0137106541,20,600,11459,198,228
"Tcon","TF_Targets","JDP2","up",1.87905697,0.00731874666,0.0138275659,31,600,11459,198,228
"Tcon","TF_Targets","NR2F2","up",1.85663744,0.00782172075,0.0145017555,33,600,11459,198,228
"Tcon","TF_Targets","LRRFIP1","up",1.85225845,0.00798133063,0.0147946874,9,600,11459,198,228
"Tcon","TF_Targets","EGR3","up",1.88031289,0.00798220873,0.0148997761,23,600,11459,198,228
"Tcon","TF_Targets","USF2","up",1.70873704,0.00798220873,0.0149554244,75,600,11459,198,228
"Tcon","TF_Targets","MAFK","up",1.87803785,0.00798220873,0.0150002399,18,600,11459,198,228
"Tcon","TF_Targets","ARID1A","up",1.75505523,0.00929771276,0.0170789471,5,600,11459,198,228
"Tcon","TF_Targets","GATA6","up",1.7837965,0.00973668751,0.0177531477,40,600,11459,198,228
"Tcon","TF_Targets","NR1I2","up",1.54268614,0.0100737098,0.0183644897,162,600,11459,198,228
"Tcon","TF_Targets","KLF2","up",1.7548416,0.0100737098,0.0184302952,49,600,11459,198,228
"Tcon","TF_Targets","PGR","up",1.66323067,0.0101090088,0.0185639635,83,600,11459,198,228
"Tcon","TF_Targets","MYOD1","up",1.6504429,0.0104188596,0.0190731355,87,600,11459,198,228
"Tcon","TF_Targets","IRF6","up",1.82736654,0.0106062912,0.0194088211,8,600,11459,198,228
"Tcon","TF_Targets","EZH2","up",1.63037277,0.0109611178,0.0201044249,95,600,11459,198,228
"Tcon","TF_Targets","PROX1","up",1.84688478,0.0110321119,0.0203061429,18,600,11459,198,228
"Tcon","TF_Targets","FOXQ1","up",1.8452227,0.0110827682,0.0204606989,12,600,11459,198,228
"Tcon","TF_Targets","SMARCA4","up",1.81733787,0.0111377354,0.0206078159,9,600,11459,198,228
"Tcon","TF_Targets","E2F4","up",1.54273004,0.0117738778,0.0216467794,152,600,11459,198,228
"Tcon","TF_Targets","STAT2","up",1.80834268,0.011881881,0.0218935921,32,600,11459,198,228
"Tcon","TF_Targets","NFAT5","up",1.78829837,0.0126450858,0.023185251,34,600,11459,198,228
"Tcon","TF_Targets","FOXO4","up",1.82698299,0.0127749707,0.0235618642,22,600,11459,198,228
"Tcon","TF_Targets","EWSR1","up",1.74459548,0.0127749707,0.0236031483,42,600,11459,198,228
"Tcon","TF_Targets","NFATC2","up",1.65682312,0.013450543,0.0247496295,70,600,11459,198,228
"Tcon","TF_Targets","BCL3","up",1.82084883,0.013450543,0.0248141989,21,600,11459,198,228
"Tcon","TF_Targets","CDX2","up",1.78309883,0.013450543,0.024818052,32,600,11459,198,228
"Tcon","TF_Targets","KAT7","up",1.68351908,0.0134839526,0.0249942131,59,600,11459,198,228
"Tcon","TF_Targets","MAF","up",1.73828315,0.0135952363,0.0252209411,42,600,11459,198,228
"Tcon","TF_Targets","GATA4","up",1.67556599,0.0139647997,0.0258313329,61,600,11459,198,228
"Tcon","TF_Targets","FOSL2","up",1.80143738,0.0140253526,0.0259908915,24,600,11459,198,228
"Tcon","TF_Targets","ATF4","up",1.62224329,0.0141042469,0.0261697098,84,600,11459,198,228
"Tcon","TF_Targets","SMAD2","up",1.68787097,0.0146079335,0.0269865523,56,600,11459,198,228
"Tcon","TF_Targets","RELB","up",1.7234151,0.0152499147,0.028191589,42,600,11459,198,228
"Tcon","TF_Targets","HES1","up",1.68175088,0.0152499147,0.0282644941,56,600,11459,198,228
"Tcon","TF_Targets","DLX4","up",1.78126418,0.0152499147,0.0282748162,27,600,11459,198,228
"Tcon","TF_Targets","NOTCH1","up",1.72252475,0.0159911871,0.0293589821,41,600,11459,198,228
"Tcon","TF_Targets","NKX3-1","up",1.69062255,0.0161980353,0.0296592991,51,600,11459,198,228
"Tcon","TF_Targets","HMGA1","up",1.69905017,0.0164669231,0.0300896084,48,600,11459,198,228
"Tcon","TF_Targets","POU2F2","up",1.75445822,0.0191216822,0.0337742222,29,600,11459,198,228
"Tcon","TF_Targets","TWIST1","up",1.68925323,0.0191216822,0.0338794384,44,600,11459,198,228
"Tcon","TF_Targets","SMAD6","up",1.78319288,0.0191216822,0.0339415721,13,600,11459,198,228
"Tcon","TF_Targets","ZNF148","up",1.7720113,0.0191216822,0.0341933183,21,600,11459,198,228
"Tcon","TF_Targets","CUX1","up",1.59306087,0.0191216822,0.0341933183,79,600,11459,198,228
"Tcon","TF_Targets","HIVEP1","down",-1.7494275,0.0191216822,0.0342328592,6,600,11459,198,228
"Tcon","TF_Targets","FLI1","up",1.64430346,0.0191693778,0.0345037738,58,600,11459,198,228
"Tcon","TF_Targets","ZBTB14","down",-1.74845365,0.0191693778,0.0346498219,6,600,11459,198,228
"Tcon","TF_Targets","ZEB1","up",1.70676433,0.0191693778,0.0346688606,38,600,11459,198,228
"Tcon","TF_Targets","ELF4","up",1.7289138,0.0196766732,0.035577909,32,600,11459,198,228
"Tcon","TF_Targets","NFATC3","up",1.75034309,0.0199299468,0.0360169448,24,600,11459,198,228
"Tcon","TF_Targets","CLOCK","up",1.68157443,0.0199299468,0.0360190966,44,600,11459,198,228
"Tcon","TF_Targets","TP73","up",1.55129735,0.0201181786,0.0364859622,98,600,11459,198,228
"Tcon","TF_Targets","NEUROD1","up",1.74622594,0.0202951017,0.0369145351,24,600,11459,198,228
"Tcon","TF_Targets","GATA2","up",1.64076527,0.0203838573,0.0371362964,57,600,11459,198,228
"Tcon","TF_Targets","E2F3","up",1.62716157,0.0203838573,0.037308884,60,600,11459,198,228
"Tcon","TF_Targets","SP7","up",1.76947085,0.0203838573,0.0373971021,16,600,11459,198,228
"Tcon","TF_Targets","ZBTB7B","up",1.75754824,0.0204419383,0.0376406253,9,600,11459,198,228
"Tcon","TF_Targets","ZNF804A","up",1.68966302,0.0204419383,0.0377549848,5,600,11459,198,228
"Tcon","TF_Targets","PBRM1","up",1.73057143,0.0223587347,0.0405021467,7,600,11459,198,228
"Tcon","TF_Targets","IRF7","up",1.76307267,0.0223722683,0.0406823106,14,600,11459,198,228
"Tcon","TF_Targets","SPIB","up",1.7610668,0.0231505761,0.0420019377,14,600,11459,198,228
"Tcon","TF_Targets","HDAC4","up",1.74496077,0.0239322876,0.0429779235,16,600,11459,198,228
"Tcon","TF_Targets","MTA1","up",1.66372195,0.0253695902,0.0449874226,39,600,11459,198,228
"Tcon","TF_Targets","RARA","up",1.5110872,0.0253695902,0.0450987943,113,600,11459,198,228
"Tcon","TF_Targets","NR2E1","up",1.73126053,0.026183319,0.0461813799,9,600,11459,198,228
"Tcon","TF_Targets","NRG1","up",1.71057556,0.0266005749,0.0469918167,26,600,11459,198,228
"Tcon","TF_Targets","KLF15","up",1.74274402,0.0266005749,0.046999127,12,600,11459,198,228
"Tcon","TF_Targets","NR4A1","up",1.58009239,0.0271612654,0.0479264195,67,600,11459,198,228
"Tcon","TF_Targets","ZBTB7A","up",1.68923641,0.0273629622,0.0483374454,30,600,11459,198,228
"Tcon","TF_Targets","SMAD7","up",1.62903733,0.0281288195,0.0494563433,45,600,11459,198,228
"Tcon","TF_Targets","POU2F1","up",1.58456952,0.0281288195,0.0495232441,61,600,11459,198,228
"Tcon","WikiPathways","WP_CYTOPLASMIC_RIBOSOMAL_PROTEINS","down",-3.64097443,2.56657253e-38,1.1560674e-37,86,848,11459,184,190
"Tcon","WikiPathways","WP_OVERVIEW_OF_PROINFLAMMATORY_AND_PROFIBROTIC_MEDIATORS","up",2.64477342,9.07744895e-09,2.72585135e-09,49,848,11459,184,190
"Tcon","WikiPathways","WP_ALLOGRAFT_REJECTION","up",2.55192319,1.14460422e-08,4.88431719e-09,67,848,11459,184,190
"Tcon","WikiPathways","WP_NETWORK_MAP_OF_SARSCOV2_SIGNALING","up",2.19893456,1.28766937e-08,6.96009589e-09,190,848,11459,184,190
"Tcon","WikiPathways","WP_EBOLA_VIRUS_INFECTION_IN_HOST","up",2.34651023,3.03326731e-08,1.88020437e-08,112,848,11459,184,190
"Tcon","WikiPathways","WP_CELL_INTERACTIONS_IN_PANCREATIC_CANCER_MICROENVIRONMENT","up",2.55587756,1.36459299e-07,8.13516463e-08,24,848,11459,184,190
"Tcon","WikiPathways","WP_NUCLEAR_RECEPTORS_METAPATHWAY","up",2.06038974,8.7385371e-07,4.72334418e-07,196,848,11459,184,190
"Tcon","WikiPathways","WP_CYTOKINECYTOKINE_RECEPTOR_INTERACTION","up",2.14315632,1.66442319e-06,1.03874315e-06,137,848,11459,184,190
"Tcon","WikiPathways","WP_T_CELL_MODULATION_AND_DESMOPLASIA_IN_PANCREATIC_CANCER","up",2.44832525,1.66442319e-06,1.06063993e-06,42,848,11459,184,190
"Tcon","WikiPathways","WP_CHEMOKINE_SIGNALING","up",2.19147564,1.66442319e-06,1.13021626e-06,125,848,11459,184,190
"Tcon","WikiPathways","WP_ALZHEIMERS_DISEASE","up",2.00800055,2.37031365e-06,1.66193299e-06,196,848,11459,184,190
"Tcon","WikiPathways","WP_INTEGRATIVE_ANALYSIS_OF_TREGGLIAL_INTERACTIONS","up",2.27104446,3.13229874e-06,2.2879278e-06,86,848,11459,184,190
"Tcon","WikiPathways","WP_IL18_SIGNALING","up",1.97048784,3.79116261e-06,2.97115085e-06,207,848,11459,184,190
"Tcon","WikiPathways","WP_ALZHEIMERS_DISEASE_AND_MIRNA_EFFECTS","up",2.00514275,3.79116261e-06,3.10484079e-06,197,848,11459,184,190
"Tcon","WikiPathways","WP_VITAMIN_D_RECEPTOR_PATHWAY","up",2.17833054,6.99704882e-06,5.69255855e-06,100,848,11459,184,190
"Tcon","WikiPathways","WP_UTERINE_NATURAL_KILLER_CELLS_AND_PROGESTERONE_ESTROGEN_AND_CHORIONIC_GONADOTROPIN","up",2.34833827,6.99704882e-06,5.75214739e-06,37,848,11459,184,190
"Tcon","WikiPathways","WP_MIRTARGETED_GENES_IN_LYMPHOCYTES","up",1.76649675,1.09842797e-05,9.07667065e-06,367,848,11459,184,190
"Tcon","WikiPathways","WP_PANCREATIC_ADENOCARCINOMA_PATHWAY","up",2.17990025,1.41523981e-05,1.17091519e-05,81,848,11459,184,190
"Tcon","WikiPathways","WP_MIRTARGETED_GENES_IN_MUSCLE_CELL","up",1.84201388,1.41523981e-05,1.22342698e-05,293,848,11459,184,190
"Tcon","WikiPathways","WP_GENETIC_CAUSES_OF_PORTOSINUSOIDAL_VASCULAR_DISEASE","up",2.34989076,1.92037234e-05,1.66880624e-05,26,848,11459,184,190
"Tcon","WikiPathways","WP_SELECTIVE_EXPRESSION_OF_CHEMOKINE_RECEPTORS_DURING_TCELL_POLARIZATION","up",2.3154107,2.41423145e-05,2.14091333e-05,27,848,11459,184,190
"Tcon","WikiPathways","WP_CYTOKINES_AND_INFLAMMATORY_RESPONSE","up",2.30379546,4.3230648e-05,3.67324029e-05,17,848,11459,184,190
"Tcon","WikiPathways","WP_LUNG_FIBROSIS","up",2.23680314,5.57759759e-05,4.84220146e-05,37,848,11459,184,190
"Tcon","WikiPathways","WP_INTERACTIONS_BETWEEN_IMMUNE_CELLS_AND_MICRORNAS_IN_TUMOR_MICROENVIRONMENT","up",2.25469588,5.68232107e-05,5.07060945e-05,30,848,11459,184,190
"Tcon","WikiPathways","WP_CALCIUM_REGULATION_IN_CARDIAC_CELLS","up",2.10228051,5.68232107e-05,5.20223874e-05,91,848,11459,184,190
"Tcon","WikiPathways","WP_P53_TRANSCRIPTIONAL_GENE_NETWORK","up",2.06588259,8.02159468e-05,7.20789035e-05,77,848,11459,184,190
"Tcon","WikiPathways","WP_VEGFAVEGFR2_SIGNALING","up",1.6893103,8.66926338e-05,8.04871456e-05,364,848,11459,184,190
"Tcon","WikiPathways","WP_22Q112_DISTAL_CNV","down",-1.95947116,8.66926338e-05,8.20032575e-05,115,848,11459,184,190
"Tcon","WikiPathways","WP_PI3KAKT_SIGNALING","up",1.82944666,0.000104838543,9.89969343e-05,203,848,11459,184,190
"Tcon","WikiPathways","WP_MICROGLIA_PATHOGEN_PHAGOCYTOSIS_PATHWAY","up",2.20844192,0.000172801513,0.000154981988,39,848,11459,184,190
"Tcon","WikiPathways","WP_IMMUNE_INFILTRATION_IN_PANCREATIC_CANCER","up",2.22067637,0.000237608852,0.00021222783,24,848,11459,184,190
"Tcon","WikiPathways","WP_PROTEASOME_DEGRADATION","up",2.08081746,0.000330115009,0.000289547085,57,848,11459,184,190
"Tcon","WikiPathways","WP_MIRTARGETED_GENES_IN_LEUKOCYTES","up",1.9308685,0.000333827089,0.00030012675,123,848,11459,184,190
"Tcon","WikiPathways","WP_OREXIN_RECEPTOR_PATHWAY","up",1.9159529,0.000352142545,0.000319109934,124,848,11459,184,190
"Tcon","WikiPathways","WP_GLUCOCORTICOID_RECEPTOR_PATHWAY","up",2.09336534,0.00043920873,0.00039267586,52,848,11459,184,190
"Tcon","WikiPathways","WP_ACUTE_VIRAL_MYOCARDITIS","up",1.97707604,0.00045735779,0.000421609309,76,848,11459,184,190
"Tcon","WikiPathways","WP_MELANOMA","up",2.0484695,0.00045735779,0.000425036666,57,848,11459,184,190
"Tcon","WikiPathways","WP_REGULATION_OF_TOLLLIKE_RECEPTOR_SIGNALING","up",1.91609723,0.000481178326,0.000453378274,114,848,11459,184,190
"Tcon","WikiPathways","WP_INFLAMMATORY_BOWEL_DISEASE_SIGNALING","up",2.12444153,0.000482995656,0.000463645826,39,848,11459,184,190
"Tcon","WikiPathways","WP_ADIPOGENESIS","up",1.97684172,0.000496931081,0.000483965091,88,848,11459,184,190
"Tcon","WikiPathways","WP_MEASLES_VIRUS_INFECTION","up",1.91538484,0.000518596661,0.000511243883,111,848,11459,184,190
"Tcon","WikiPathways","WP_FIBRIN_COMPLEMENT_RECEPTOR_3_SIGNALING","up",2.10447941,0.000703148797,0.000674385542,34,848,11459,184,190
"Tcon","WikiPathways","WP_MYOMETRIAL_RELAXATION_AND_CONTRACTION_PATHWAYS","up",1.90195082,0.000703148797,0.00068782842,111,848,11459,184,190
"Tcon","WikiPathways","WP_INTERACTIONS_OF_NATURAL_KILLER_CELLS_IN_PANCREATIC_CANCER","up",2.11962505,0.000830682267,0.000814001227,25,848,11459,184,190
"Tcon","WikiPathways","WP_2Q112_COPY_NUMBER_VARIATION_SYNDROME","up",2.12813833,0.000830682267,0.000827062282,24,848,11459,184,190
"Tcon","WikiPathways","WP_FOCAL_ADHESION_PI3KAKTMTORSIGNALING","up",1.74320263,0.000830682267,0.000828811163,188,848,11459,184,190
"Tcon","WikiPathways","WP_CORI_CYCLE","up",2.12911549,0.000845233774,0.000871602167,12,848,11459,184,190
"Tcon","WikiPathways","WP_SARSCOV2_INNATE_IMMUNITY_EVASION_AND_CELLSPECIFIC_IMMUNE_RESPONSE","up",2.02968002,0.000845233774,0.000871602167,48,848,11459,184,190
"Tcon","WikiPathways","WP_TYPE_II_INTERFERON_SIGNALING","up",2.08675952,0.000885041089,0.000939717801,31,848,11459,184,190
"Tcon","WikiPathways","WP_TOLLLIKE_RECEPTOR_SIGNALING","up",1.92409204,0.000885041089,0.00094021503,74,848,11459,184,190
"Tcon","WikiPathways","WP_MIRNA_ROLE_IN_IMMUNE_RESPONSE_IN_SEPSIS","up",2.08105768,0.000931017924,0.00099785655,33,848,11459,184,190
"Tcon","WikiPathways","WP_EGFEGFR_SIGNALING","up",1.78586378,0.000972958767,0.00105180514,147,848,11459,184,190
"Tcon","WikiPathways","WP_PARKINUBIQUITIN_PROTEASOMAL_SYSTEM_PATHWAY","up",1.98617931,0.00103454415,0.00112475637,57,848,11459,184,190
"Tcon","WikiPathways","WP_IL1_AND_MEGAKARYOCYTES_IN_OBESITY","up",2.11558263,0.00103454415,0.00113690866,21,848,11459,184,190
"Tcon","WikiPathways","WP_PHOTODYNAMIC_THERAPYINDUCED_AP1_SURVIVAL_SIGNALING","up",2.04470687,0.00107553627,0.00119484755,46,848,11459,184,190
"Tcon","WikiPathways","WP_NSP1_FROM_SARSCOV2_INHIBITS_TRANSLATION_INITIATION_IN_THE_HOST_CELL","down",-2.11208161,0.00135731828,0.00145690581,16,848,11459,184,190
"Tcon","WikiPathways","WP_VITAMIN_DSENSITIVE_CALCIUM_SIGNALING_IN_DEPRESSION","up",2.08906807,0.00144312317,0.00156556381,21,848,11459,184,190
"Tcon","WikiPathways","WP_NONGENOMIC_ACTIONS_OF_125DIHYDROXYVITAMIN_D3","up",1.94031106,0.00149584983,0.00163283543,64,848,11459,184,190
"Tcon","WikiPathways","WP_BLOODBASED_NEUROINFLAMMATION_MARKERS","up",2.07108618,0.00157757971,0.00172294467,13,848,11459,184,190
"Tcon","WikiPathways","WP_SPINAL_CORD_INJURY","up",1.87888657,0.00164554301,0.00180537289,74,848,11459,184,190
"Tcon","WikiPathways","WP_MIRTARGETED_GENES_IN_SQUAMOUS_CELL","up",1.8045114,0.00168999785,0.00187237968,113,848,11459,184,190
"Tcon","WikiPathways","WP_EFFECT_OF_OMEGA3_PUFA_ON_HUNTINGTONS_DISEASE_PATHWAYS","up",1.88140183,0.00180008551,0.00200547777,88,848,11459,184,190
"Tcon","WikiPathways","WP_2Q37_COPY_NUMBER_VARIATION_SYNDROME","up",1.87968249,0.00185186545,0.00208259569,86,848,11459,184,190
"Tcon","WikiPathways","WP_HOSTPATHOGEN_INTERACTION_OF_HUMAN_CORONAVIRUSES_APOPTOSIS","up",2.05848203,0.00197543847,0.0022361503,21,848,11459,184,190
"Tcon","WikiPathways","WP_UROTENSINIIMEDIATED_SIGNALING","up",1.94488898,0.00201687885,0.00230665591,55,848,11459,184,190
"Tcon","WikiPathways","WP_CHOLESTEROL_BIOSYNTHESIS_PATHWAY","up",2.01681856,0.00360816364,0.00384811346,15,848,11459,184,190
"Tcon","WikiPathways","WP_AEROBIC_GLYCOLYSIS_AUGMENTED","up",1.99160105,0.00360816364,0.00388432804,11,848,11459,184,190
"Tcon","WikiPathways","WP_IL26_SIGNALING","up",1.97968473,0.00402341934,0.00424460151,35,848,11459,184,190
"Tcon","WikiPathways","WP_REGULATION_OF_ACTIN_CYTOSKELETON","up",1.79646956,0.00408341531,0.00431882819,99,848,11459,184,190
"Tcon","WikiPathways","WP_PROSTAGLANDIN_SIGNALING","up",1.981489,0.00466651992,0.00484002041,24,848,11459,184,190
"Tcon","WikiPathways","WP_TNFALPHA_SIGNALING","up",1.8113786,0.00501798331,0.00518356686,87,848,11459,184,190
"Tcon","WikiPathways","WP_CHOLESTEROL_METABOLISM_WITH_BLOCH_AND_KANDUTSCHRUSSELL_PATHWAYS","up",1.92284517,0.00501798331,0.00524070841,41,848,11459,184,190
"Tcon","WikiPathways","WP_GASTRIN_SIGNALING","up",1.78667648,0.00501798331,0.00528279002,97,848,11459,184,190
"Tcon","WikiPathways","WP_BURN_WOUND_HEALING","up",1.85118897,0.00565975032,0.00596451653,61,848,11459,184,190
"Tcon","WikiPathways","WP_CHOLESTEROL_SYNTHESIS_DISORDERS","up",1.98118413,0.00565975032,0.0059780534,17,848,11459,184,190
"Tcon","WikiPathways","WP_BDNF_SIGNALING_IN_NEURODEVELOPMENT","up",1.75280878,0.00565975032,0.00604392041,108,848,11459,184,190
"Tcon","WikiPathways","WP_TNFRELATED_WEAK_INDUCER_OF_APOPTOSIS_TWEAK_SIGNALING","up",1.91479103,0.00565975032,0.00608834774,39,848,11459,184,190
"Tcon","WikiPathways","WP_NUCLEOTIDEBINDING_OLIGOMERIZATION_DOMAIN_NOD_PATHWAY","up",1.94755123,0.00565975032,0.00611213481,34,848,11459,184,190
"Tcon","WikiPathways","WP_MET_IN_TYPE_1_PAPILLARY_RENAL_CELL_CARCINOMA","up",1.88048708,0.00620353143,0.00664235048,52,848,11459,184,190
"Tcon","WikiPathways","WP_TGFBETA_RECEPTOR_SIGNALING","up",1.88958464,0.00639574091,0.00690053529,43,848,11459,184,190
"Tcon","WikiPathways","WP_POSTCOVID_NEUROINFLAMMATION","up",1.96346695,0.00644966168,0.00702271172,15,848,11459,184,190
"Tcon","WikiPathways","WP_DEVELOPMENT_AND_HETEROGENEITY_OF_THE_ILC_FAMILY","up",1.95111477,0.00644966168,0.00704796435,24,848,11459,184,190
"Tcon","WikiPathways","WP_ARYL_HYDROCARBON_RECEPTOR_PATHWAY_WP2873","up",1.92932441,0.00688392935,0.00749597517,27,848,11459,184,190
"Tcon","WikiPathways","WP_TARGETED_THERAPY_IN_BREAST_CANCER","up",1.95416652,0.00706558823,0.00767701222,22,848,11459,184,190
"Tcon","WikiPathways","WP_APOPTOSISRELATED_NETWORK_DUE_TO_ALTERED_NOTCH3_IN_OVARIAN_CANCER","up",1.86496723,0.00718387183,0.00786598076,50,848,11459,184,190
"Tcon","WikiPathways","WP_MAPK_SIGNALING","up",1.60463189,0.00725704045,0.00797873195,180,848,11459,184,190
"Tcon","WikiPathways","WP_HIF1A_AND_PPARG_IN_HYPERTROPHIC_CARDIOMYOPATHY","up",1.87135593,0.00733800346,0.00810786304,7,848,11459,184,190
"Tcon","WikiPathways","WP_HEPATITIS_B_INFECTION","up",1.66746957,0.00735540546,0.00818205608,128,848,11459,184,190
"Tcon","WikiPathways","WP_CHROMOSOMAL_AND_MICROSATELLITE_INSTABILITY_IN_COLORECTAL_CANCER","up",1.79480176,0.00754271589,0.0084149175,67,848,11459,184,190
"Tcon","WikiPathways","WP_CHOLESTEROL_METABOLISM","up",1.85999103,0.00758990741,0.00850907562,51,848,11459,184,190
"Tcon","WikiPathways","WP_NANOMATERIAL_INDUCED_APOPTOSIS","up",1.95088788,0.00758990741,0.00856892271,20,848,11459,184,190
"Tcon","WikiPathways","WP_CAMKK2_PATHWAY","up",1.74852629,0.00773647522,0.00875950355,88,848,11459,184,190
"Tcon","WikiPathways","WP_ULCERATIVE_COLITIS_SIGNALING","up",1.9377289,0.00813632665,0.0092033965,18,848,11459,184,190
"Tcon","WikiPathways","WP_TARGETING_YAP_IN_PANCREATIC_DUCTAL_ADENOCARCINOMA_PDAC","up",1.93624637,0.00819818327,0.00940506949,16,848,11459,184,190
"Tcon","WikiPathways","WP_NONSMALL_CELL_LUNG_CANCER","up",1.80197623,0.00819818327,0.00940506949,63,848,11459,184,190
"Tcon","WikiPathways","WP_EBSTEINBARR_VIRUS_LMP1_SIGNALING","up",1.92874272,0.0086662224,0.00984432236,20,848,11459,184,190
"Tcon","WikiPathways","WP_2Q13_COPY_NUMBER_VARIATION_SYNDROME","up",1.84499899,0.00924454716,0.0105382506,44,848,11459,184,190
"Tcon","WikiPathways","WP_PTDINS45P2_IN_CYTOKINESIS_PATHWAY","up",1.89317871,0.00924454716,0.0105628022,10,848,11459,184,190
"Tcon","WikiPathways","WP_ENTEROCYTE_CHOLESTEROL_METABOLISM","up",1.89505106,0.00960362225,0.0109527486,29,848,11459,184,190
"Tcon","WikiPathways","WP_APOPTOSIS_MODULATION_AND_SIGNALING","up",1.74072107,0.0096519154,0.0110906513,78,848,11459,184,190
"Tcon","WikiPathways","WP_PEPTIDE_GPCRS","up",1.8967929,0.00984800481,0.0113232155,25,848,11459,184,190
"Tcon","WikiPathways","WP_CANCER_IMMUNOTHERAPY_BY_PD1_BLOCKADE","up",1.90702755,0.0107710468,0.0121683754,22,848,11459,184,190
"Tcon","WikiPathways","WP_TGFBETA_RECEPTOR_SIGNALING_IN_SKELETAL_DYSPLASIAS","up",1.82869,0.0107710468,0.0121683754,45,848,11459,184,190
"Tcon","WikiPathways","WP_TYROBP_CAUSAL_NETWORK_IN_MICROGLIA","up",1.7735556,0.0107731356,0.0121998517,59,848,11459,184,190
"Tcon","WikiPathways","WP_RESISTIN_AS_A_REGULATOR_OF_INFLAMMATION","up",1.8758576,0.0111773041,0.0126366951,27,848,11459,184,190
"Tcon","WikiPathways","WP_CYTOSOLIC_DNASENSING_PATHWAY","up",1.79006214,0.0113260972,0.0128551652,54,848,11459,184,190
"Tcon","WikiPathways","WP_CLEAR_CELL_RENAL_CELL_CARCINOMA_PATHWAYS","up",1.73915861,0.0121002161,0.0134892497,70,848,11459,184,190
"Tcon","WikiPathways","WP_SMALL_CELL_LUNG_CANCER","up",1.72047251,0.0121894046,0.0136525162,74,848,11459,184,190
"Tcon","WikiPathways","WP_SELENIUM_MICRONUTRIENT_NETWORK","up",1.81120448,0.0121958081,0.0137531316,45,848,11459,184,190
"Tcon","WikiPathways","WP_AGERAGE_PATHWAY","up",1.75201704,0.0121958081,0.0138172081,59,848,11459,184,190
"Tcon","WikiPathways","WP_13Q1212_COPY_NUMBER_VARIATION","up",1.8750166,0.0125230767,0.0141615858,22,848,11459,184,190
"Tcon","WikiPathways","WP_TRANSLATION_FACTORS","down",-1.78359813,0.0126362736,0.0143833691,50,848,11459,184,190
"Tcon","WikiPathways","WP_HEART_DEVELOPMENT","up",1.89136909,0.0126362736,0.0144987626,18,848,11459,184,190
"Tcon","WikiPathways","WP_TAR_SYNDROME","up",1.78465685,0.0126362736,0.0145017555,52,848,11459,184,190
"Tcon","WikiPathways","WP_NEURAL_CREST_CELL_MIGRATION_IN_CANCER","up",1.85113776,0.0130187266,0.0148429888,31,848,11459,184,190
"Tcon","WikiPathways","WP_PLEURAL_MESOTHELIOMA","up",1.47118343,0.013151621,0.0150147326,286,848,11459,184,190
"Tcon","WikiPathways","WP_EXERCISE_AND_HYPERTROPHY_IN_SKELETAL_MUSCLE","up",1.8849261,0.0133097965,0.0152485679,15,848,11459,184,190
"Tcon","WikiPathways","WP_IL19_SIGNALING","up",1.86631636,0.0135492967,0.0155541893,21,848,11459,184,190
"Tcon","WikiPathways","WP_TYPE_2_PAPILLARY_RENAL_CELL_CARCINOMA","up",1.84812509,0.0136255835,0.0157086245,27,848,11459,184,190
"Tcon","WikiPathways","WP_NETRINUNC5B_SIGNALING","up",1.83296783,0.0139725223,0.0161491346,33,848,11459,184,190
"Tcon","WikiPathways","WP_SENESCENCE_AND_AUTOPHAGY_IN_CANCER","up",1.6772884,0.0140486401,0.0163258735,84,848,11459,184,190
"Tcon","WikiPathways","WP_ARRHYTHMOGENIC_RIGHT_VENTRICULAR_CARDIOMYOPATHY","up",1.79447235,0.0158881553,0.0181209617,38,848,11459,184,190
"Tcon","WikiPathways","WP_G_PROTEIN_SIGNALING","up",1.69708304,0.0165908048,0.0188357256,68,848,11459,184,190
"Tcon","WikiPathways","WP_G13_SIGNALING","up",1.8161267,0.0167368097,0.0190731355,32,848,11459,184,190
"Tcon","WikiPathways","WP_DEGRADATION_PATHWAY_OF_SPHINGOLIPIDS_INCLUDING_DISEASES","up",1.85609489,0.0171122866,0.0194775812,14,848,11459,184,190
"Tcon","WikiPathways","WP_TRANSCRIPTION_FACTOR_REGULATION_IN_ADIPOGENESIS","up",1.84744719,0.0173782229,0.0202335827,17,848,11459,184,190
"Tcon","WikiPathways","WP_PROSURVIVAL_SIGNALING_OF_NEUROPROTECTIN_D1","up",1.84398998,0.0173782229,0.0202787589,15,848,11459,184,190
"Tcon","WikiPathways","WP_8P231_COPY_NUMBER_VARIATION_SYNDROME","up",1.78973847,0.0173782229,0.0203061429,36,848,11459,184,190
"Tcon","WikiPathways","WP_VITAMIN_B12_METABOLISM","up",1.81455228,0.0173782229,0.0204592413,29,848,11459,184,190
"Tcon","WikiPathways","WP_APOPTOSIS","up",1.66204368,0.0173782229,0.0204592413,81,848,11459,184,190
"Tcon","WikiPathways","WP_COVID19_ADVERSE_OUTCOME_PATHWAY","up",1.8223472,0.0173782229,0.0205195296,9,848,11459,184,190
"Tcon","WikiPathways","WP_DEREGULATING_CELLULAR_METABOLISM_THROUGH_NONGENOTOXIC_CARCINOGENS","down",-1.86460759,0.0173782229,0.0205828349,18,848,11459,184,190
"Tcon","WikiPathways","WP_GLYCOLYSIS_AND_GLUCONEOGENESIS","up",1.79944121,0.017626373,0.0209002889,34,848,11459,184,190
"Tcon","WikiPathways","WP_STEROL_REGULATORY_ELEMENTBINDING_PROTEINS_SREBP_SIGNALING","up",1.69706424,0.0185174274,0.0218865622,63,848,11459,184,190
"Tcon","WikiPathways","WP_SEROTONIN_TRANSPORTER_ACTIVITY","up",1.76220681,0.0191430517,0.0225738426,6,848,11459,184,190
"Tcon","WikiPathways","WP_HAIR_FOLLICLE_DEVELOPMENT_CYTODIFFERENTIATION_STAGE_3_OF_3","up",1.75652291,0.0213789148,0.0247103165,38,848,11459,184,190
"Tcon","WikiPathways","WP_ENDOMETRIAL_CANCER","up",1.7053614,0.0228525099,0.0259908915,53,848,11459,184,190
"Tcon","WikiPathways","WP_LEUKOCYTEINTRINSIC_HIPPO_PATHWAY_FUNCTIONS","up",1.79119972,0.0229099771,0.0261618484,26,848,11459,184,190
"Tcon","WikiPathways","WP_SEROTONIN_RECEPTOR_2_AND_ELKSRFGATA4_SIGNALING","up",1.80894363,0.0237782416,0.0269865523,15,848,11459,184,190
"Tcon","WikiPathways","WP_ARYL_HYDROCARBON_RECEPTOR_PATHWAY_WP2586","up",1.73734959,0.0244935768,0.027824465,40,848,11459,184,190
"Tcon","WikiPathways","WP_EXTRAFOLLICULAR_AND_FOLLICULAR_B_CELL_ACTIVATION_BY_SARSCOV2","up",1.66748075,0.024812368,0.028191589,62,848,11459,184,190
"Tcon","WikiPathways","WP_AFFECTED_PATHWAYS_IN_DUCHENNE_MUSCULAR_DYSTROPHY","up",1.71931147,0.0249856624,0.028585354,43,848,11459,184,190
"Tcon","WikiPathways","WP_IL3_SIGNALING","up",1.71504837,0.0249856624,0.0286195427,46,848,11459,184,190
"Tcon","WikiPathways","WP_HDAC6_INTERACTIONS_IN_THE_CENTRAL_NERVOUS_SYSTEM","up",1.59658331,0.0254674852,0.0290994496,93,848,11459,184,190
"Tcon","WikiPathways","WP_GLYCEROL_METABOLISM_INCLUDING_LINKED_IMDS","up",1.79204114,0.0264847983,0.0299964207,21,848,11459,184,190
"Tcon","WikiPathways","WP_INTEGRINMEDIATED_CELL_ADHESION","up",1.61676104,0.0276605386,0.0311480063,77,848,11459,184,190
"Tcon","WikiPathways","WP_HIPPOMERLIN_SIGNALING_DYSREGULATION","up",1.63193527,0.0281279582,0.0317463458,69,848,11459,184,190
"Tcon","WikiPathways","WP_ENVELOPE_PROTEINS_AND_THEIR_POTENTIAL_ROLES_IN_EDMD_PHYSIOPATHOLOGY","up",1.72147823,0.0282403908,0.0319733012,38,848,11459,184,190
"Tcon","WikiPathways","WP_INFLAMMATORY_RESPONSE_PATHWAY","up",1.77673771,0.0282404587,0.0321402988,22,848,11459,184,190
"Tcon","WikiPathways","WP_CONTROL_OF_IMMUNE_TOLERANCE_BY_VASOACTIVE_INTESTINAL_PEPTIDE","up",1.79853903,0.0282404587,0.0322489452,12,848,11459,184,190
"Tcon","WikiPathways","WP_ENDOCHONDRAL_OSSIFICATION","up",1.74692732,0.0284117708,0.0326563924,32,848,11459,184,190
"Tcon","WikiPathways","WP_ENDOCHONDRAL_OSSIFICATION_WITH_SKELETAL_DYSPLASIAS","up",1.74692732,0.0284117708,0.0326563924,32,848,11459,184,190
"Tcon","WikiPathways","WP_GLYCOSAMINOGLYCAN_DEGRADATION","up",1.79756416,0.0284829177,0.0328485124,14,848,11459,184,190
"Tcon","WikiPathways","WP_OSTEOPONTIN_SIGNALING","up",1.78146839,0.0290933576,0.0333755284,11,848,11459,184,190
"Tcon","WikiPathways","WP_BLADDER_CANCER","up",1.73339759,0.0293652274,0.0337562261,34,848,11459,184,190
"Tcon","WikiPathways","WP_PPAR_SIGNALING","up",1.73919479,0.0293789946,0.0338794384,31,848,11459,184,190
"Tcon","WikiPathways","WP_GLYCOSAMINOGLYCAN_SYNTHESIS_IN_FIBROBLASTS","up",1.74059364,0.0307673064,0.0352076371,29,848,11459,184,190
"Tcon","WikiPathways","WP_PARKINSONS_DISEASE_PATHWAY","up",1.73898031,0.0310578556,0.0356505698,29,848,11459,184,190
"Tcon","WikiPathways","WP_OMEGA9_FATTY_ACID_SYNTHESIS","up",1.77338076,0.0342106757,0.0382832161,12,848,11459,184,190
"Tcon","WikiPathways","WP_TCELL_ACTIVATION_SARSCOV2","up",1.57246707,0.0343968548,0.0388455532,84,848,11459,184,190
"Tcon","WikiPathways","WP_ANGIOGENESIS_OVERVIEW","up",1.66340972,0.0343968548,0.0389386506,48,848,11459,184,190
"Tcon","WikiPathways","WP_COMPLEMENT_AND_COAGULATION_CASCADES","up",1.71892888,0.0343968548,0.0390329764,31,848,11459,184,190
"Tcon","WikiPathways","WP_DENGUE2_INTERACTIONS_WITH_COMPLEMENT_AND_COAGULATION_CASCADES","up",1.71892888,0.0343968548,0.0390329764,31,848,11459,184,190
"Tcon","WikiPathways","WP_FOCAL_ADHESION","up",1.50445764,0.0343971574,0.0391920213,129,848,11459,184,190
"Tcon","WikiPathways","WP_BDNFTRKB_SIGNALING","up",1.72782468,0.0344410709,0.0394407811,27,848,11459,184,190
"Tcon","WikiPathways","WP_NRF2_PATHWAY","up",1.58339164,0.0346258196,0.0397876095,80,848,11459,184,190
"Tcon","WikiPathways","WP_GAMMAGLUTAMYL_CYCLE_FOR_THE_BIOSYNTHESIS_AND_DEGRADATION_OF_GLUTATHIONE","up",1.6783499,0.0349067708,0.0402518816,5,848,11459,184,190
"Tcon","WikiPathways","WP_EPITHELIAL_TO_MESENCHYMAL_TRANSITION_IN_COLORECTAL_CANCER","up",1.55351224,0.0352674279,0.0407239994,94,848,11459,184,190
"Tcon","WikiPathways","WP_SREBF_AND_MIR33_IN_CHOLESTEROL_AND_LIPID_HOMEOSTASIS","up",1.75978718,0.0353534939,0.0409962581,15,848,11459,184,190
"Tcon","WikiPathways","WP_INTRAFLAGELLAR_TRANSPORT_PROTEINS_BINDING_TO_DYNEIN","up",1.74395477,0.0354953084,0.0414390389,21,848,11459,184,190
"Tcon","WikiPathways","WP_FATTY_ACID_AND_LIPOPROTEIN_TRANSPORT_IN_HEPATOCYTES","up",1.38876291,0.0354953084,0.0415289386,281,848,11459,184,190
"Tcon","WikiPathways","WP_NOTCH_SIGNALING_WP268","up",1.68858891,0.036181724,0.0424801252,35,848,11459,184,190
"Tcon","WikiPathways","WP_NEURAL_CREST_CELL_MIGRATION_DURING_DEVELOPMENT","up",1.71837923,0.036181724,0.042572154,28,848,11459,184,190
"Tcon","WikiPathways","WP_RANKLRANK_SIGNALING","up",1.6386523,0.036181724,0.042572154,51,848,11459,184,190
"Tcon","WikiPathways","WP_HEPATITIS_C_AND_HEPATOCELLULAR_CARCINOMA","up",1.66631076,0.0385854761,0.0446407916,40,848,11459,184,190
"Tcon","WikiPathways","WP_PROSTAGLANDIN_SYNTHESIS_AND_REGULATION","up",1.70648575,0.0400560395,0.0458664413,28,848,11459,184,190
"Tcon","WikiPathways","WP_CILIARY_LANDSCAPE","up",1.43355723,0.0413298042,0.0470956784,187,848,11459,184,190
"Tcon","WikiPathways","WP_METABOLIC_REPROGRAMMING_IN_COLON_CANCER","up",1.65635332,0.0413298042,0.0472710168,40,848,11459,184,190
"Tcon","WikiPathways","WP_CLOCKCONTROLLED_AUTOPHAGY_IN_BONE_METABOLISM","up",1.61957525,0.0415530728,0.0476947004,52,848,11459,184,190
"Tcon","WikiPathways","WP_TARGET_OF_RAPAMYCIN_SIGNALING","up",1.68048435,0.0415530728,0.0479600741,33,848,11459,184,190
"Tcon","WikiPathways","WP_INTERFERON_SIGNALING_IN_TUBERCULOSIS","up",1.7138119,0.0415530728,0.0481027574,24,848,11459,184,190
"Tcon","WikiPathways","WP_MEVALONATE_PATHWAY","up",1.71256639,0.0415530728,0.0482502363,7,848,11459,184,190
"Tcon","WikiPathways","WP_17P133_YWHAE_COPY_NUMBER_VARIATION","up",1.72410118,0.0428129729,0.0494422679,18,848,11459,184,190
"Tcon","WikiPathways","WP_ANDROGEN_RECEPTOR_SIGNALING","up",1.55694995,0.0429133974,0.0496275835,79,848,11459,184,190
"Tcon","mouse_projection","KO_heat_up","up",2.65073453,1.13754876e-16,1.89394433e-14,143,3,11459,2,2
"Tcon","mouse_projection","WT_heat_up","up",2.68020613,1.13754876e-16,2.28687215e-14,130,3,11459,2,2
"Tcon","mouse_projection","Interaction_up","up",1.40300883,0.105341968,0.262644388,6,3,11459,2,2
"Tcon","sting_axes","ifn_only_up","up",2.33505364,3.11289056e-08,9.3870034e-07,71,2,11459,2,2
"Tcon","sting_axes","sting_specific_up","up",1.87446061,0.00227960686,0.0180900381,15,2,11459,2,2
"Treg","GO_BP","GOBP_CYTOPLASMIC_TRANSLATION","down",-3.10349888,4.76535556e-26,1.54767994e-26,158,5766,11236,694,663
"Treg","GO_BP","GOBP_NEGATIVE_REGULATION_OF_SYNCYTIUM_FORMATION_BY_PLASMA_MEMBRANE_FUSION","down",-3.01396292,6.01820334e-15,1.30305108e-15,47,5766,11236,694,663
"Treg","GO_BP","GOBP_REGULATION_OF_SYNCYTIUM_FORMATION_BY_PLASMA_MEMBRANE_FUSION","down",-2.73976865,1.93019071e-10,2.8933033e-11,60,5766,11236,694,663
"Treg","GO_BP","GOBP_VIRAL_LIFE_CYCLE","up",2.25179617,1.12568051e-09,2.08911784e-10,216,5766,11236,694,663
"Treg","GO_BP","GOBP_REGULATION_OF_LEUKOCYTE_PROLIFERATION","up",2.26219597,7.78195776e-09,1.57962765e-09,206,5766,11236,694,663
"Treg","GO_BP","GOBP_MYOBLAST_FUSION","down",-2.56675593,1.54131289e-08,3.89342832e-09,67,5766,11236,694,663
"Treg","GO_BP","GOBP_LEUKOCYTE_PROLIFERATION","up",2.10246344,1.54131289e-08,3.89342832e-09,261,5766,11236,694,663
"Treg","GO_BP","GOBP_REGULATION_OF_T_CELL_ACTIVATION","up",2.02553139,1.60264173e-08,4.3831736e-09,327,5766,11236,694,663
"Treg","GO_BP","GOBP_REGULATION_OF_VIRAL_PROCESS","up",2.40968014,1.63814885e-08,5.32033776e-09,108,5766,11236,694,663
"Treg","GO_BP","GOBP_LYMPHOCYTE_MEDIATED_IMMUNITY","up",2.15197676,1.63814885e-08,5.32033776e-09,233,5766,11236,694,663
"Treg","GO_BP","GOBP_ADAPTIVE_IMMUNE_RESPONSE_BASED_ON_SOMATIC_RECOMBINATION_OF_IMMUNE_RECEPTORS_BUILT_FROM_IMMUNOGLOBULIN_SUPERFAMILY_DOMAINS","up",2.09328659,1.73592096e-08,6.10000078e-09,266,5766,11236,694,663
"Treg","GO_BP","GOBP_POSITIVE_REGULATION_OF_LEUKOCYTE_PROLIFERATION","up",2.3377232,1.7755731e-08,6.59046938e-09,132,5766,11236,694,663
"Treg","GO_BP","GOBP_LEUKOCYTE_MEDIATED_IMMUNITY","up",2.04516349,1.77700187e-08,6.82062846e-09,299,5766,11236,694,663
"Treg","GO_BP","GOBP_REGULATION_OF_VIRAL_LIFE_CYCLE","up",2.4679977,1.97025934e-08,7.90459477e-09,87,5766,11236,694,663
"Treg","GO_BP","GOBP_NEGATIVE_REGULATION_OF_CELL_CELL_ADHESION","up",2.28475502,2.04602415e-08,8.66742347e-09,158,5766,11236,694,663
"Treg","GO_BP","GOBP_NEGATIVE_REGULATION_OF_CELL_ACTIVATION","up",2.23838796,3.13789248e-08,1.35882221e-08,172,5766,11236,694,663
"Treg","GO_BP","GOBP_TYPE_II_INTERFERON_PRODUCTION","up",2.42049735,5.1263224e-08,2.24295323e-08,104,5766,11236,694,663
"Treg","GO_BP","GOBP_REGULATION_OF_APOPTOTIC_SIGNALING_PATHWAY","up",2.01949933,5.1263224e-08,2.27608471e-08,285,5766,11236,694,663
"Treg","GO_BP","GOBP_LEUKOCYTE_CELL_CELL_ADHESION","up",1.96004154,5.34513415e-08,2.41343413e-08,354,5766,11236,694,663
"Treg","GO_BP","GOBP_REGULATION_OF_IMMUNE_EFFECTOR_PROCESS","up",2.01465781,5.9934498e-08,2.81427069e-08,285,5766,11236,694,663
"Treg","GO_BP","GOBP_RESPONSE_TO_VIRUS","up",1.96489598,6.55284349e-08,3.1690685e-08,336,5766,11236,694,663
"Treg","GO_BP","GOBP_POSITIVE_REGULATION_OF_CELL_ACTIVATION","up",1.99211325,7.02211382e-08,3.50049278e-08,305,5766,11236,694,663
"Treg","GO_BP","GOBP_NEGATIVE_REGULATION_OF_CELL_ADHESION","up",2.10275189,1.05102161e-07,5.32178793e-08,211,5766,11236,694,663
"Treg","GO_BP","GOBP_REGULATION_OF_VIRAL_GENOME_REPLICATION","up",2.44454359,1.78099078e-07,8.58693688e-08,66,5766,11236,694,663
"Treg","GO_BP","GOBP_VIRAL_GENOME_REPLICATION","up",2.32988655,1.97628592e-07,9.82428158e-08,92,5766,11236,694,663
"Treg","GO_BP","GOBP_POSITIVE_REGULATION_OF_CELL_ADHESION","up",1.90810897,2.60028268e-07,1.30439651e-07,345,5766,11236,694,663
"Treg","GO_BP","GOBP_NEGATIVE_REGULATION_OF_APOPTOTIC_SIGNALING_PATHWAY","up",2.15927175,2.65979856e-07,1.35866497e-07,170,5766,11236,694,663
"Treg","GO_BP","GOBP_NEGATIVE_REGULATION_OF_LEUKOCYTE_CELL_CELL_ADHESION","up",2.21369005,6.07965057e-07,2.78757641e-07,125,5766,11236,694,663
"Treg","GO_BP","GOBP_NEGATIVE_REGULATION_OF_LYMPHOCYTE_ACTIVATION","up",2.18835635,6.08058911e-07,2.8803193e-07,141,5766,11236,694,663
"Treg","GO_BP","GOBP_NEGATIVE_REGULATION_OF_IMMUNE_RESPONSE","up",2.10112763,6.08058911e-07,2.9377757e-07,173,5766,11236,694,663
"Treg","GO_BP","GOBP_NEGATIVE_REGULATION_OF_VIRAL_PROCESS","up",2.37464159,6.34614895e-07,3.19993748e-07,59,5766,11236,694,663
"Treg","GO_BP","GOBP_VIRAL_PROCESS","up",1.96003629,6.34614895e-07,3.20971223e-07,294,5766,11236,694,663
"Treg","GO_BP","GOBP_NEGATIVE_REGULATION_OF_VIRAL_GENOME_REPLICATION","up",2.44648943,6.46569498e-07,3.3262603e-07,40,5766,11236,694,663
"Treg","GO_BP","GOBP_CARBOHYDRATE_DERIVATIVE_CATABOLIC_PROCESS","up",2.08331899,8.43104968e-07,4.33019992e-07,189,5766,11236,694,663
"Treg","GO_BP","GOBP_SYNCYTIUM_FORMATION","down",-2.34271874,1.16276115e-06,5.78862056e-07,77,5766,11236,694,663
"Treg","GO_BP","GOBP_CELL_KILLING","up",2.16210856,1.27417053e-06,6.48168342e-07,152,5766,11236,694,663
"Treg","GO_BP","GOBP_NEGATIVE_REGULATION_OF_RESPONSE_TO_EXTERNAL_STIMULUS","up",1.91784644,1.27417053e-06,6.69158706e-07,277,5766,11236,694,663
"Treg","GO_BP","GOBP_POSITIVE_REGULATION_OF_CELL_DEVELOPMENT","up",1.91391867,1.27417053e-06,6.69158706e-07,307,5766,11236,694,663
"Treg","GO_BP","GOBP_POSITIVE_REGULATION_OF_TYPE_II_INTERFERON_PRODUCTION","up",2.31353376,1.41510401e-06,7.58242169e-07,73,5766,11236,694,663
"Treg","GO_BP","GOBP_MYOTUBE_DIFFERENTIATION","down",-2.21135313,1.41510401e-06,7.65039606e-07,112,5766,11236,694,663
"Treg","GO_BP","GOBP_CELL_SURFACE_RECEPTOR_SIGNALING_PATHWAY_VIA_JAK_STAT","up",2.20972359,1.41510401e-06,7.82551681e-07,106,5766,11236,694,663
"Treg","GO_BP","GOBP_PROTEIN_FOLDING","up",2.05827369,1.41510401e-06,7.82551681e-07,187,5766,11236,694,663
"Treg","GO_BP","GOBP_CELL_SURFACE_RECEPTOR_SIGNALING_PATHWAY_VIA_STAT","up",2.1911406,2.15672769e-06,1.18885436e-06,118,5766,11236,694,663
"Treg","GO_BP","GOBP_ANTIGEN_PROCESSING_AND_PRESENTATION","up",2.1893029,4.53361868e-06,2.45423025e-06,94,5766,11236,694,663
"Treg","GO_BP","GOBP_POSITIVE_REGULATION_OF_IMMUNE_EFFECTOR_PROCESS","up",2.03981392,4.53361868e-06,2.48470373e-06,188,5766,11236,694,663
"Treg","GO_BP","GOBP_ANTIGEN_PROCESSING_AND_PRESENTATION_OF_PEPTIDE_ANTIGEN","up",2.30752297,5.27326408e-06,2.86477488e-06,57,5766,11236,694,663
"Treg","GO_BP","GOBP_TAXIS","up",1.91628227,5.44295519e-06,2.96729297e-06,271,5766,11236,694,663
"Treg","GO_BP","GOBP_REGULATION_OF_ADAPTIVE_IMMUNE_RESPONSE","up",2.04317812,5.69896501e-06,3.08125909e-06,172,5766,11236,694,663
"Treg","GO_BP","GOBP_ANTIGEN_PROCESSING_AND_PRESENTATION_OF_EXOGENOUS_PEPTIDE_ANTIGEN","up",2.34323568,6.99385802e-06,3.71003049e-06,40,5766,11236,694,663
"Treg","GO_BP","GOBP_T_CELL_PROLIFERATION","up",2.02977788,8.37590289e-06,4.48401795e-06,172,5766,11236,694,663
"Treg","GO_BP","GOBP_CELL_ACTIVATION_INVOLVED_IN_IMMUNE_RESPONSE","up",1.89402985,8.86064659e-06,4.78580347e-06,255,5766,11236,694,663
"Treg","GO_BP","GOBP_POSITIVE_REGULATION_OF_CELL_CELL_ADHESION","up",1.88807045,1.04784247e-05,5.73574533e-06,256,5766,11236,694,663
"Treg","GO_BP","GOBP_RESPONSE_TO_MOLECULE_OF_BACTERIAL_ORIGIN","up",1.91416584,1.09405504e-05,5.97847379e-06,233,5766,11236,694,663
"Treg","GO_BP","GOBP_REGULATION_OF_NEUROINFLAMMATORY_RESPONSE","up",2.37312572,1.29160141e-05,7.11583705e-06,31,5766,11236,694,663
"Treg","GO_BP","GOBP_REGULATION_OF_ALPHA_BETA_T_CELL_ACTIVATION","up",2.12864682,1.36032214e-05,7.54927927e-06,103,5766,11236,694,663
"Treg","GO_BP","GOBP_REGULATION_OF_EXTRINSIC_APOPTOTIC_SIGNALING_PATHWAY","up",2.09389949,1.36032214e-05,7.61258708e-06,120,5766,11236,694,663
"Treg","GO_BP","GOBP_ORGANOPHOSPHATE_CATABOLIC_PROCESS","up",1.95377723,1.82412696e-05,1.01306431e-05,182,5766,11236,694,663
"Treg","GO_BP","GOBP_ANTIGEN_PROCESSING_AND_PRESENTATION_OF_EXOGENOUS_ANTIGEN","up",2.31351326,2.20411906e-05,1.23324331e-05,47,5766,11236,694,663
"Treg","GO_BP","GOBP_POSITIVE_REGULATION_OF_T_CELL_PROLIFERATION","up",2.15549526,2.39324989e-05,1.34879822e-05,85,5766,11236,694,663
"Treg","GO_BP","GOBP_RESPONSE_TO_OXIDATIVE_STRESS","up",1.77339286,2.44768143e-05,1.38923596e-05,321,5766,11236,694,663
"Treg","GO_BP","GOBP_REGULATION_OF_HEMOPOIESIS","up",1.77680672,2.63486771e-05,1.50578307e-05,335,5766,11236,694,663
"Treg","GO_BP","GOBP_T_CELL_MEDIATED_CYTOTOXICITY","up",2.30237525,2.67344906e-05,1.53808877e-05,44,5766,11236,694,663
"Treg","GO_BP","GOBP_VESICLE_ORGANIZATION","up",1.80651523,2.78114703e-05,1.60295742e-05,310,5766,11236,694,663
"Treg","GO_BP","GOBP_RESPONSE_TO_TYPE_I_INTERFERON","up",2.12774535,2.84906714e-05,1.65265153e-05,98,5766,11236,694,663
"Treg","GO_BP","GOBP_DEFENSE_RESPONSE_TO_VIRUS","up",1.85229035,2.97652187e-05,1.74544342e-05,258,5766,11236,694,663
"Treg","GO_BP","GOBP_NEGATIVE_REGULATION_OF_DEFENSE_RESPONSE","up",1.89197983,3.06243013e-05,1.81504536e-05,213,5766,11236,694,663
"Treg","GO_BP","GOBP_ESTABLISHMENT_OF_ORGANELLE_LOCALIZATION","up",1.79918789,3.1096233e-05,1.85385414e-05,310,5766,11236,694,663
"Treg","GO_BP","GOBP_NEGATIVE_REGULATION_OF_INTRINSIC_APOPTOTIC_SIGNALING_PATHWAY","up",2.13562546,3.3079035e-05,1.99239827e-05,85,5766,11236,694,663
"Treg","GO_BP","GOBP_REGULATION_OF_LEUKOCYTE_MEDIATED_IMMUNITY","up",1.90584328,3.33327114e-05,2.04036225e-05,194,5766,11236,694,663
"Treg","GO_BP","GOBP_REGULATION_OF_PROTEOLYSIS","up",1.76863815,3.33327114e-05,2.04810774e-05,315,5766,11236,694,663
"Treg","GO_BP","GOBP_MYELOID_LEUKOCYTE_ACTIVATION","up",1.93689002,3.54566537e-05,2.17062474e-05,183,5766,11236,694,663
"Treg","GO_BP","GOBP_T_HELPER_1_TYPE_IMMUNE_RESPONSE","up",2.24563985,3.58049413e-05,2.21302693e-05,56,5766,11236,694,663
"Treg","GO_BP","GOBP_NEGATIVE_REGULATION_OF_LYMPHOCYTE_DIFFERENTIATION","up",2.2303156,3.71965895e-05,2.30056887e-05,54,5766,11236,694,663
"Treg","GO_BP","GOBP_NUCLEOSIDE_TRIPHOSPHATE_METABOLIC_PROCESS","up",1.90774444,4.08863413e-05,2.52738114e-05,207,5766,11236,694,663
"Treg","GO_BP","GOBP_REGULATION_OF_PHOSPHORYLATION","up",1.78346343,4.10125929e-05,2.55063151e-05,311,5766,11236,694,663
"Treg","GO_BP","GOBP_CELL_CHEMOTAXIS","up",1.88906528,4.22166141e-05,2.63806649e-05,194,5766,11236,694,663
"Treg","GO_BP","GOBP_T_CELL_MEDIATED_IMMUNITY","up",2.07422807,4.45998149e-05,2.78836506e-05,108,5766,11236,694,663
"Treg","GO_BP","GOBP_REGULATION_OF_LEUKOCYTE_DIFFERENTIATION","up",1.80135677,4.57370392e-05,2.87579154e-05,274,5766,11236,694,663
"Treg","GO_BP","GOBP_PROTEIN_LOCALIZATION_TO_MEMBRANE","up",1.77036302,4.75408109e-05,2.99944528e-05,301,5766,11236,694,663
"Treg","GO_BP","GOBP_REGULATION_OF_PEPTIDYL_TYROSINE_PHOSPHORYLATION","up",2.2091899,5.08176892e-05,3.24687809e-05,58,5766,11236,694,663
"Treg","GO_BP","GOBP_NUCLEOSIDE_PHOSPHATE_CATABOLIC_PROCESS","up",1.99677993,5.08176892e-05,3.28933645e-05,139,5766,11236,694,663
"Treg","GO_BP","GOBP_POSITIVE_REGULATION_OF_LEUKOCYTE_CELL_CELL_ADHESION","up",1.84094073,5.08176892e-05,3.28933645e-05,234,5766,11236,694,663
"Treg","GO_BP","GOBP_T_CELL_ACTIVATION_INVOLVED_IN_IMMUNE_RESPONSE","up",2.01554517,5.08176892e-05,3.31419774e-05,121,5766,11236,694,663
"Treg","GO_BP","GOBP_ATP_METABOLIC_PROCESS","up",1.9396346,5.33339349e-05,3.466161e-05,166,5766,11236,694,663
"Treg","GO_BP","GOBP_REGULATION_OF_LYMPHOCYTE_MEDIATED_IMMUNITY","up",1.9699941,5.51340375e-05,3.59535765e-05,151,5766,11236,694,663
"Treg","GO_BP","GOBP_REGULATION_OF_MACROPHAGE_ACTIVATION","up",2.26634585,6.08395836e-05,3.95186473e-05,39,5766,11236,694,663
"Treg","GO_BP","GOBP_REGULATION_OF_INFLAMMATORY_RESPONSE","up",1.74902314,7.71619507e-05,4.9364378e-05,305,5766,11236,694,663
"Treg","GO_BP","GOBP_PLASMINOGEN_ACTIVATION","up",2.2708638,8.48872222e-05,5.39135988e-05,15,5766,11236,694,663
"Treg","GO_BP","GOBP_LYMPHOCYTE_ACTIVATION_INVOLVED_IN_IMMUNE_RESPONSE","up",1.87694869,8.75021865e-05,5.57926642e-05,191,5766,11236,694,663
"Treg","GO_BP","GOBP_ESTABLISHMENT_OF_PROTEIN_LOCALIZATION_TO_MEMBRANE","up",1.84025158,0.000100786635,6.3291575e-05,217,5766,11236,694,663
"Treg","GO_BP","GOBP_STRIATED_MUSCLE_CELL_DIFFERENTIATION","down",-1.8336908,0.000103526138,6.50997601e-05,192,5766,11236,694,663
"Treg","GO_BP","GOBP_POSITIVE_REGULATION_OF_HEMOPOIESIS","up",1.92878124,0.000106486324,6.74578229e-05,167,5766,11236,694,663
"Treg","GO_BP","GOBP_DNA_DEAMINATION","up",2.21218979,0.000107550946,6.86303064e-05,12,5766,11236,694,663
"Treg","GO_BP","GOBP_RIBOSE_PHOSPHATE_METABOLIC_PROCESS","up",1.78888758,0.000119853803,7.64953203e-05,267,5766,11236,694,663
"Treg","GO_BP","GOBP_NEGATIVE_REGULATION_OF_PHOSPHORUS_METABOLIC_PROCESS","up",1.96138342,0.000127149063,8.0610388e-05,124,5766,11236,694,663
"Treg","GO_BP","GOBP_ENDOPLASMIC_RETICULUM_TO_GOLGI_VESICLE_MEDIATED_TRANSPORT","up",1.94094319,0.000144725117,9.14661761e-05,122,5766,11236,694,663
"Treg","GO_BP","GOBP_NEGATIVE_REGULATION_OF_EXTRINSIC_APOPTOTIC_SIGNALING_PATHWAY","up",2.0871005,0.000155324572,9.81923836e-05,70,5766,11236,694,663
"Treg","GO_BP","GOBP_DNA_CYTOSINE_DEAMINATION","up",2.1174625,0.000175425426,0.00010912326,8,5766,11236,694,663
"Treg","GO_BP","GOBP_PEPTIDE_ANTIGEN_ASSEMBLY_WITH_MHC_CLASS_II_PROTEIN_COMPLEX","up",2.20769722,0.000182789633,0.000114120948,14,5766,11236,694,663
"Treg","GO_BP","GOBP_RIBONUCLEOTIDE_CATABOLIC_PROCESS","up",2.00530367,0.000200409175,0.00012521287,99,5766,11236,694,663
"Treg","GO_BP","GOBP_VESICLE_LOCALIZATION","up",1.85863887,0.000201010333,0.000125993227,171,5766,11236,694,663
"Treg","GO_BP","GOBP_GLYCOLYTIC_PROCESS_THROUGH_GLUCOSE_6_PHOSPHATE","up",2.23747367,0.000211195835,0.000132842038,20,5766,11236,694,663
"Treg","GO_BP","GOBP_MONOSACCHARIDE_METABOLIC_PROCESS","up",1.84827254,0.000231732577,0.000146085307,188,5766,11236,694,663
"Treg","GO_BP","GOBP_REGULATION_OF_TRANSMEMBRANE_TRANSPORT","up",1.77759859,0.000236384187,0.000148315428,233,5766,11236,694,663
"Treg","GO_BP","GOBP_TUMOR_NECROSIS_FACTOR_SUPERFAMILY_CYTOKINE_PRODUCTION","up",1.91951559,0.000236702412,0.000149480336,145,5766,11236,694,663
"Treg","GO_BP","GOBP_MYELOID_CELL_DIFFERENTIATION","up",1.69111518,0.000241291045,0.000152885593,342,5766,11236,694,663
"Treg","GO_BP","GOBP_ANTIGEN_PROCESSING_AND_PRESENTATION_OF_PEPTIDE_OR_POLYSACCHARIDE_ANTIGEN_VIA_MHC_CLASS_II","up",2.21463011,0.00024142956,0.000153944281,30,5766,11236,694,663
"Treg","GO_BP","GOBP_WOUND_HEALING","up",1.78875114,0.000264440466,0.000167126196,257,5766,11236,694,663
"Treg","GO_BP","GOBP_LEUKOCYTE_MEDIATED_CYTOTOXICITY","up",1.98813627,0.0002669778,0.000169782246,113,5766,11236,694,663
"Treg","GO_BP","GOBP_ALPHA_BETA_T_CELL_ACTIVATION","up",1.83901292,0.000277670856,0.000177670477,187,5766,11236,694,663
"Treg","GO_BP","GOBP_NEGATIVE_REGULATION_OF_CELL_DEVELOPMENT","up",1.8536583,0.000292895208,0.000186884223,166,5766,11236,694,663
"Treg","GO_BP","GOBP_PROTEIN_LOCALIZATION_TO_CELL_PERIPHERY","up",1.75850989,0.000298923133,0.000191319952,251,5766,11236,694,663
"Treg","GO_BP","GOBP_REGULATED_EXOCYTOSIS","up",1.88223694,0.00030346757,0.000195389723,146,5766,11236,694,663
"Treg","GO_BP","GOBP_REACTIVE_OXYGEN_SPECIES_METABOLIC_PROCESS","up",1.8622493,0.000311290853,0.000204438089,156,5766,11236,694,663
"Treg","GO_BP","GOBP_CD4_POSITIVE_ALPHA_BETA_T_CELL_ACTIVATION","up",1.90068834,0.000311290853,0.000205033648,123,5766,11236,694,663
"Treg","GO_BP","GOBP_NEGATIVE_REGULATION_OF_ALPHA_BETA_T_CELL_ACTIVATION","up",2.17895361,0.000311290853,0.000206279459,39,5766,11236,694,663
"Treg","GO_BP","GOBP_REGULATION_OF_CD4_POSITIVE_ALPHA_BETA_T_CELL_DIFFERENTIATION","up",2.12229111,0.000311290853,0.000206279459,53,5766,11236,694,663
"Treg","GO_BP","GOBP_LEUKOCYTE_CHEMOTAXIS","up",1.87921513,0.000311290853,0.000206279459,152,5766,11236,694,663
"Treg","GO_BP","GOBP_EXOCYTOSIS","up",1.75479851,0.00031327735,0.000208155372,247,5766,11236,694,663
"Treg","GO_BP","GOBP_NEGATIVE_REGULATION_OF_HEMOPOIESIS","up",1.99163909,0.000319952621,0.000212550117,92,5766,11236,694,663
"Treg","GO_BP","GOBP_NEGATIVE_REGULATION_OF_MOLECULAR_FUNCTION","up",1.79210879,0.000321185662,0.000213931803,200,5766,11236,694,663
"Treg","GO_BP","GOBP_ANTIGEN_PROCESSING_AND_PRESENTATION_OF_EXOGENOUS_PEPTIDE_ANTIGEN_VIA_MHC_CLASS_II","up",2.22634537,0.000343732266,0.000229544677,27,5766,11236,694,663
"Treg","GO_BP","GOBP_NEGATIVE_REGULATION_OF_IMMUNE_EFFECTOR_PROCESS","up",1.95704362,0.000377055951,0.000252443956,97,5766,11236,694,663
"Treg","GO_BP","GOBP_REGULATION_OF_PLASMINOGEN_ACTIVATION","up",2.17935301,0.000403454804,0.000271889975,13,5766,11236,694,663
"Treg","GO_BP","GOBP_NEGATIVE_REGULATION_OF_CATALYTIC_ACTIVITY","up",1.91775813,0.000403454804,0.000272229255,114,5766,11236,694,663
"Treg","GO_BP","GOBP_POSITIVE_REGULATION_OF_ADAPTIVE_IMMUNE_RESPONSE","up",1.95979789,0.000404407115,0.000274294977,102,5766,11236,694,663
"Treg","GO_BP","GOBP_STRIATED_MUSCLE_CONTRACTION","down",-1.91343401,0.000407702715,0.000277957113,131,5766,11236,694,663
"Treg","GO_BP","GOBP_POSITIVE_REGULATION_OF_PHOSPHORYLATION","up",1.81576119,0.000408403728,0.000279905726,170,5766,11236,694,663
"Treg","GO_BP","GOBP_CELLULAR_RESPONSE_TO_BIOTIC_STIMULUS","up",1.82394761,0.000408403728,0.000280501647,181,5766,11236,694,663
"Treg","GO_BP","GOBP_NEGATIVE_REGULATION_OF_INFLAMMATORY_RESPONSE","up",1.9004889,0.000412531559,0.000284997166,135,5766,11236,694,663
"Treg","GO_BP","GOBP_POSITIVE_REGULATION_OF_PROTEIN_LOCALIZATION","up",1.67173466,0.000412531559,0.000285117077,301,5766,11236,694,663
"Treg","GO_BP","GOBP_PURINE_CONTAINING_COMPOUND_CATABOLIC_PROCESS","up",1.93369179,0.00041596118,0.00028790064,117,5766,11236,694,663
"Treg","GO_BP","GOBP_CYTIDINE_TO_URIDINE_EDITING","up",2.08633247,0.00041596118,0.000289023199,8,5766,11236,694,663
"Treg","GO_BP","GOBP_POSITIVE_REGULATION_OF_PROTEIN_LOCALIZATION_TO_MEMBRANE","up",2.10049467,0.000458105124,0.000314399003,53,5766,11236,694,663
"Treg","GO_BP","GOBP_GRANULOCYTE_CHEMOTAXIS","up",2.05573145,0.000469893689,0.000322754049,74,5766,11236,694,663
"Treg","GO_BP","GOBP_PEPTIDE_ANTIGEN_ASSEMBLY_WITH_MHC_PROTEIN_COMPLEX","up",2.1907341,0.000479491039,0.00033007301,19,5766,11236,694,663
"Treg","GO_BP","GOBP_GLIOGENESIS","up",1.76049628,0.000479491039,0.000331627739,194,5766,11236,694,663
"Treg","GO_BP","GOBP_POSITIVE_REGULATION_OF_SECRETION","up",1.81828266,0.000490349457,0.00033810942,173,5766,11236,694,663
"Treg","GO_BP","GOBP_REGULATION_OF_CD4_POSITIVE_ALPHA_BETA_T_CELL_ACTIVATION","up",2.04651568,0.00054072241,0.000369854644,65,5766,11236,694,663
"Treg","GO_BP","GOBP_POSITIVE_REGULATION_OF_TUMOR_NECROSIS_FACTOR_SUPERFAMILY_CYTOKINE_PRODUCTION","up",1.97572321,0.000540779464,0.000371616349,95,5766,11236,694,663
"Treg","GO_BP","GOBP_GRANULOCYTE_MIGRATION","up",1.95437131,0.000547560233,0.00037706412,91,5766,11236,694,663
"Treg","GO_BP","GOBP_NEGATIVE_REGULATION_OF_SINGLE_STRANDED_VIRAL_RNA_REPLICATION_VIA_DOUBLE_STRANDED_DNA_INTERMEDIATE","up",2.06799299,0.000547838242,0.000378981308,9,5766,11236,694,663
"Treg","GO_BP","GOBP_ZYMOGEN_ACTIVATION","up",2.1663721,0.000553155155,0.000384393222,31,5766,11236,694,663
"Treg","GO_BP","GOBP_REGULATION_OF_NERVOUS_SYSTEM_DEVELOPMENT","up",1.73164761,0.000557658716,0.000388296104,240,5766,11236,694,663
"Treg","GO_BP","GOBP_GLYCOLYTIC_PROCESS_THROUGH_FRUCTOSE_6_PHOSPHATE","up",2.20786555,0.000566532889,0.000396231371,22,5766,11236,694,663
"Treg","GO_BP","GOBP_NUCLEOSIDE_DIPHOSPHATE_CATABOLIC_PROCESS","up",1.99621597,0.00059434057,0.000414443337,79,5766,11236,694,663
"Treg","GO_BP","GOBP_MUSCLE_CELL_DIFFERENTIATION","down",-1.66477913,0.000614873509,0.000430642513,253,5766,11236,694,663
"Treg","GO_BP","GOBP_HOMEOSTASIS_OF_NUMBER_OF_CELLS","up",1.67676776,0.000629072874,0.000443567109,289,5766,11236,694,663
"Treg","GO_BP","GOBP_REGULATION_OF_PRODUCTION_OF_MOLECULAR_MEDIATOR_OF_IMMUNE_RESPONSE","up",1.86708014,0.000629072874,0.000444408644,128,5766,11236,694,663
"Treg","GO_BP","GOBP_NEGATIVE_REGULATION_OF_CYTOKINE_PRODUCTION","up",1.72337184,0.000647274451,0.000455373593,226,5766,11236,694,663
"Treg","GO_BP","GOBP_REGULATION_OF_T_CELL_MEDIATED_IMMUNITY","up",1.99635343,0.000651874305,0.000458008393,86,5766,11236,694,663
"Treg","GO_BP","GOBP_INTERLEUKIN_2_MEDIATED_SIGNALING_PATHWAY","up",2.05723356,0.000666815341,0.000470258845,9,5766,11236,694,663
"Treg","GO_BP","GOBP_COGNITION","up",1.80142773,0.000684822906,0.000484980979,177,5766,11236,694,663
"Treg","GO_BP","GOBP_PROTEIN_TARGETING","up",1.68119416,0.000700905268,0.000497252265,253,5766,11236,694,663
"Treg","GO_BP","GOBP_POSITIVE_REGULATION_OF_MONOATOMIC_ION_TRANSPORT","up",1.98967343,0.000701624423,0.000499813097,82,5766,11236,694,663
"Treg","GO_BP","GOBP_B_CELL_MEDIATED_IMMUNITY","up",1.91814496,0.000703333405,0.00050189554,96,5766,11236,694,663
"Treg","GO_BP","GOBP_LEUKOCYTE_MIGRATION","up",1.70085376,0.000710241666,0.0005076906,258,5766,11236,694,663
"Treg","GO_BP","GOBP_MYELOID_LEUKOCYTE_DIFFERENTIATION","up",1.7848728,0.00074131848,0.000530799555,183,5766,11236,694,663
"Treg","GO_BP","GOBP_MACROPHAGE_ACTIVATION","up",1.97376691,0.000789047131,0.000563309963,81,5766,11236,694,663
"Treg","GO_BP","GOBP_GLUCOSE_CATABOLIC_PROCESS","up",2.16834688,0.000801413226,0.00057404424,21,5766,11236,694,663
"Treg","GO_BP","GOBP_REGULATION_OF_MONOATOMIC_ION_TRANSPORT","up",1.78150247,0.000801413226,0.00057404424,202,5766,11236,694,663
"Treg","GO_BP","GOBP_POSITIVE_REGULATION_OF_PROTEIN_LOCALIZATION_TO_PLASMA_MEMBRANE","up",2.0775996,0.000803445627,0.000578669086,45,5766,11236,694,663
"Treg","GO_BP","GOBP_REGULATION_OF_T_HELPER_1_TYPE_IMMUNE_RESPONSE","up",2.13937779,0.000803445627,0.00058091844,28,5766,11236,694,663
"Treg","GO_BP","GOBP_NEGATIVE_REGULATION_OF_PHOSPHORYLATION","up",1.94073222,0.000803445627,0.00058091844,93,5766,11236,694,663
"Treg","GO_BP","GOBP_INFLAMMATORY_RESPONSE_TO_ANTIGENIC_STIMULUS","up",2.01995904,0.000811442326,0.00058894531,58,5766,11236,694,663
"Treg","GO_BP","GOBP_NEGATIVE_REGULATION_OF_COAGULATION","up",2.11670023,0.000831894395,0.000606997501,23,5766,11236,694,663
"Treg","GO_BP","GOBP_CANONICAL_NF_KAPPAB_SIGNAL_TRANSDUCTION","up",1.68083067,0.000831894395,0.000606997501,281,5766,11236,694,663
"Treg","GO_BP","GOBP_REGULATION_OF_CELL_KILLING","up",1.97195914,0.000853567553,0.000623743824,82,5766,11236,694,663
"Treg","GO_BP","GOBP_POSITIVE_REGULATION_OF_PRODUCTION_OF_MOLECULAR_MEDIATOR_OF_IMMUNE_RESPONSE","up",1.91993031,0.000864163171,0.000633830611,98,5766,11236,694,663
"Treg","GO_BP","GOBP_REGULATION_OF_RECEPTOR_SIGNALING_PATHWAY_VIA_STAT","up",2.01247458,0.000887082216,0.000650146833,66,5766,11236,694,663
"Treg","GO_BP","GOBP_B_CELL_ACTIVATION","up",1.68191224,0.00089222545,0.000654865267,223,5766,11236,694,663
"Treg","GO_BP","GOBP_RESPONSE_TO_CHEMOKINE","up",2.00801995,0.000902300586,0.000664668936,58,5766,11236,694,663
"Treg","GO_BP","GOBP_PYRIDINE_CONTAINING_COMPOUND_CATABOLIC_PROCESS","up",1.98319603,0.000912257978,0.000674428669,77,5766,11236,694,663
"Treg","GO_BP","GOBP_REGULATION_OF_VASCULATURE_DEVELOPMENT","up",1.78381381,0.00092814131,0.000687123759,177,5766,11236,694,663
"Treg","GO_BP","GOBP_RESPONSE_TO_OXYGEN_LEVELS","up",1.69827134,0.000957258028,0.000709653463,224,5766,11236,694,663
"Treg","GO_BP","GOBP_REGULATION_OF_B_CELL_ACTIVATION","up",1.85832611,0.000973551597,0.000722714484,114,5766,11236,694,663
"Treg","GO_BP","GOBP_REGULATION_OF_CD4_POSITIVE_CD25_POSITIVE_ALPHA_BETA_REGULATORY_T_CELL_DIFFERENTIATION","up",2.00023638,0.00097961564,0.000728195664,7,5766,11236,694,663
"Treg","GO_BP","GOBP_GOLGI_VESICLE_TRANSPORT","up",1.67349808,0.000990939789,0.000736016383,271,5766,11236,694,663
"Treg","GO_BP","GOBP_REGULATION_OF_CHRONIC_INFLAMMATORY_RESPONSE","up",1.99783618,0.00103976335,0.000770023042,7,5766,11236,694,663
"Treg","GO_BP","GOBP_REGULATION_OF_RECEPTOR_SIGNALING_PATHWAY_VIA_JAK_STAT","up",1.99596836,0.00104983812,0.000781804063,58,5766,11236,694,663
"Treg","GO_BP","GOBP_REGULATION_OF_PROTEIN_LOCALIZATION_TO_PLASMA_MEMBRANE","up",1.94308121,0.00104983812,0.000782846952,84,5766,11236,694,663
"Treg","GO_BP","GOBP_INTRINSIC_APOPTOTIC_SIGNALING_PATHWAY","up",1.71168534,0.00105137375,0.000786660363,265,5766,11236,694,663
"Treg","GO_BP","GOBP_EXTRINSIC_APOPTOTIC_SIGNALING_PATHWAY","up",1.76384315,0.00110435956,0.000827280444,181,5766,11236,694,663
"Treg","GO_BP","GOBP_POSITIVE_REGULATION_OF_PHOSPHORUS_METABOLIC_PROCESS","up",1.75483308,0.00110435956,0.000828395086,198,5766,11236,694,663
"Treg","GO_BP","GOBP_REGULATION_OF_PROTEIN_CATABOLIC_PROCESS","up",1.61633127,0.00111885726,0.000842069606,316,5766,11236,694,663
"Treg","GO_BP","GOBP_PROTEIN_LOCALIZATION_TO_PLASMA_MEMBRANE","up",1.70367912,0.00112627258,0.000850456906,208,5766,11236,694,663
"Treg","GO_BP","GOBP_CALCIUM_ION_TRANSPORT","up",1.74843104,0.00113971446,0.000861643706,221,5766,11236,694,663
"Treg","GO_BP","GOBP_NEGATIVE_REGULATION_OF_TYPE_II_INTERFERON_PRODUCTION","up",2.14719927,0.00114029284,0.000864405193,27,5766,11236,694,663
"Treg","GO_BP","GOBP_NUCLEOSIDE_DIPHOSPHATE_METABOLIC_PROCESS","up",1.92813893,0.00114472176,0.000869274814,104,5766,11236,694,663
"Treg","GO_BP","GOBP_REGULATION_OF_T_HELPER_CELL_DIFFERENTIATION","up",2.04846722,0.00115068937,0.000876622326,40,5766,11236,694,663
"Treg","GO_BP","GOBP_REGULATION_OF_ALPHA_BETA_T_CELL_DIFFERENTIATION","up",1.97724922,0.00115755977,0.00088373152,68,5766,11236,694,663
"Treg","GO_BP","GOBP_POSITIVE_REGULATION_OF_LEUKOCYTE_MEDIATED_IMMUNITY","up",1.86675078,0.00115755977,0.00088567194,116,5766,11236,694,663
"Treg","GO_BP","GOBP_CARBOHYDRATE_CATABOLIC_PROCESS","up",1.84365159,0.00118139147,0.00090589395,130,5766,11236,694,663
"Treg","GO_BP","GOBP_REGULATION_OF_MICROGLIAL_CELL_ACTIVATION","up",2.12574339,0.00118139147,0.000909354358,15,5766,11236,694,663
"Treg","GO_BP","GOBP_LEARNING_OR_MEMORY","up",1.82363921,0.00118139147,0.000910581066,149,5766,11236,694,663
"Treg","GO_BP","GOBP_NEUROINFLAMMATORY_RESPONSE","up",1.98021026,0.00120290517,0.000928152535,65,5766,11236,694,663
"Treg","GO_BP","GOBP_NEGATIVE_REGULATION_OF_CD4_POSITIVE_ALPHA_BETA_T_CELL_ACTIVATION","up",2.10379476,0.00125248566,0.000963552842,28,5766,11236,694,663
"Treg","GO_BP","GOBP_POSITIVE_REGULATION_OF_ALPHA_BETA_T_CELL_ACTIVATION","up",1.95502422,0.00129100734,0.000986369459,64,5766,11236,694,663
"Treg","GO_BP","GOBP_RESPONSE_TO_TOXIC_SUBSTANCE","up",1.79633102,0.0013437231,0.00102776067,148,5766,11236,694,663
"Treg","GO_BP","GOBP_POSITIVE_REGULATION_OF_VASCULATURE_DEVELOPMENT","up",1.86450331,0.00138784608,0.00106469955,99,5766,11236,694,663
"Treg","GO_BP","GOBP_T_CELL_DIFFERENTIATION","up",1.63106156,0.00141261789,0.00108277184,283,5766,11236,694,663
"Treg","GO_BP","GOBP_BIOLOGICAL_PROCESS_INVOLVED_IN_INTERACTION_WITH_HOST","up",1.83986622,0.00143254602,0.00109493872,117,5766,11236,694,663
"Treg","GO_BP","GOBP_RESPONSE_TO_TYPE_II_INTERFERON","up",1.87936299,0.00151249887,0.00115281822,111,5766,11236,694,663
"Treg","GO_BP","GOBP_CLEARANCE_OF_FOREIGN_INTRACELLULAR_NUCLEIC_ACIDS","up",1.92497368,0.00154609148,0.00117992324,6,5766,11236,694,663
"Treg","GO_BP","GOBP_BIOLOGICAL_PROCESS_INVOLVED_IN_SYMBIOTIC_INTERACTION","up",1.81363186,0.00154609148,0.00117992324,136,5766,11236,694,663
"Treg","GO_BP","GOBP_DEFENSE_RESPONSE_TO_BACTERIUM","up",1.79966602,0.00154609148,0.00117992324,155,5766,11236,694,663
"Treg","GO_BP","GOBP_ALCOHOL_BIOSYNTHETIC_PROCESS","up",1.86178815,0.00155602521,0.00119100464,96,5766,11236,694,663
"Treg","GO_BP","GOBP_CHRONIC_INFLAMMATORY_RESPONSE","up",2.09116444,0.00165830172,0.00126343338,14,5766,11236,694,663
"Treg","GO_BP","GOBP_POSITIVE_REGULATION_OF_IMMUNOGLOBULIN_PRODUCTION","up",2.02616646,0.00169443057,0.0012923076,43,5766,11236,694,663
"Treg","GO_BP","GOBP_PROTEIN_TARGETING_TO_MEMBRANE","up",1.87359547,0.00171608861,0.00130909297,94,5766,11236,694,663
"Treg","GO_BP","GOBP_PROTEIN_LOCALIZATION_TO_EXTRACELLULAR_REGION","up",1.6932634,0.00171608861,0.00130909297,225,5766,11236,694,663
"Treg","GO_BP","GOBP_REGULATION_OF_ERBB_SIGNALING_PATHWAY","up",1.97972671,0.00171679733,0.00131340366,57,5766,11236,694,663
"Treg","GO_BP","GOBP_REGULATION_OF_LYMPHOCYTE_DIFFERENTIATION","up",1.69176279,0.0018264012,0.00139611086,194,5766,11236,694,663
"Treg","GO_BP","GOBP_POSITIVE_REGULATION_OF_MOLECULAR_FUNCTION","up",1.57673249,0.00184649837,0.00141287354,327,5766,11236,694,663
"Treg","GO_BP","GOBP_REGULATION_OF_COAGULATION","up",2.04222513,0.00185080541,0.00142157915,36,5766,11236,694,663
"Treg","GO_BP","GOBP_REGULATION_OF_RESPONSE_TO_CYTOKINE_STIMULUS","up",1.77456895,0.00185080541,0.00142157915,148,5766,11236,694,663
"Treg","GO_BP","GOBP_NEGATIVE_REGULATION_OF_BONE_MINERALIZATION","up",2.02244144,0.00186439591,0.0014334161,8,5766,11236,694,663
"Treg","GO_BP","GOBP_CELL_FATE_COMMITMENT","up",1.81089111,0.00204691572,0.0015639352,117,5766,11236,694,663
"Treg","GO_BP","GOBP_REGULATION_OF_PROTEIN_LOCALIZATION_TO_MEMBRANE","up",1.85133279,0.00206860049,0.00158256114,113,5766,11236,694,663
"Treg","GO_BP","GOBP_CELLULAR_RESPONSE_TO_MOLECULE_OF_BACTERIAL_ORIGIN","up",1.76510107,0.00206860049,0.00158361049,158,5766,11236,694,663
"Treg","GO_BP","GOBP_SINGLE_STRANDED_VIRAL_RNA_REPLICATION_VIA_DOUBLE_STRANDED_DNA_INTERMEDIATE","up",2.07568194,0.00207814745,0.00159246322,12,5766,11236,694,663
"Treg","GO_BP","GOBP_POSITIVE_REGULATION_OF_NEUROINFLAMMATORY_RESPONSE","up",2.08101856,0.00221813499,0.00170137065,15,5766,11236,694,663
"Treg","GO_BP","GOBP_PYRUVATE_METABOLIC_PROCESS","up",1.8640941,0.00233516188,0.00178968208,95,5766,11236,694,663
"Treg","GO_BP","GOBP_ACTIN_FILAMENT_ORGANIZATION","up",1.56728143,0.00234567199,0.00180261947,309,5766,11236,694,663
"Treg","GO_BP","GOBP_POSITIVE_REGULATION_OF_T_CELL_MEDIATED_IMMUNITY","up",1.96321478,0.00236328829,0.00181786429,55,5766,11236,694,663
"Treg","GO_BP","GOBP_REGULATION_OF_IMMUNOGLOBULIN_PRODUCTION","up",1.9138103,0.00243369671,0.00187877505,59,5766,11236,694,663
"Treg","GO_BP","GOBP_T_CELL_DIFFERENTIATION_INVOLVED_IN_IMMUNE_RESPONSE","up",1.8247426,0.00243369671,0.00187877505,97,5766,11236,694,663
"Treg","GO_BP","GOBP_NEUROTRANSMITTER_RECEPTOR_TRANSPORT","up",2.07292554,0.00243959916,0.00188833273,14,5766,11236,694,663
"Treg","GO_BP","GOBP_REGULATION_OF_SIGNALING_RECEPTOR_ACTIVITY","up",2.0118557,0.00259378128,0.00200947886,38,5766,11236,694,663
"Treg","GO_BP","GOBP_ERBB_SIGNALING_PATHWAY","up",1.8117386,0.00266602861,0.00206016375,97,5766,11236,694,663
"Treg","GO_BP","GOBP_VIRAL_RNA_GENOME_REPLICATION","up",2.09770267,0.00272835315,0.00211384687,22,5766,11236,694,663
"Treg","GO_BP","GOBP_LIPID_LOCALIZATION","up",1.62735051,0.00282436304,0.00217524158,258,5766,11236,694,663
"Treg","GO_BP","GOBP_NEGATIVE_REGULATION_OF_BIOMINERAL_TISSUE_DEVELOPMENT","up",2.06500431,0.00292175655,0.00224845929,14,5766,11236,694,663
"Treg","GO_BP","GOBP_OSSIFICATION","up",1.63944759,0.0030224051,0.00232800504,224,5766,11236,694,663
"Treg","GO_BP","GOBP_MONOSACCHARIDE_BIOSYNTHETIC_PROCESS","up",1.90998277,0.00303356866,0.00233868828,65,5766,11236,694,663
"Treg","GO_BP","GOBP_LYMPHOCYTE_CHEMOTAXIS","up",2.02820152,0.00307736627,0.00237854471,32,5766,11236,694,663
"Treg","GO_BP","GOBP_NEUTROPHIL_CHEMOTAXIS","up",1.94339971,0.00314282761,0.00242842487,55,5766,11236,694,663
"Treg","GO_BP","GOBP_POSITIVE_REGULATION_OF_MYELOID_CELL_DIFFERENTIATION","up",1.88373838,0.00314282761,0.00243019487,82,5766,11236,694,663
"Treg","GO_BP","GOBP_REGULATION_OF_T_CELL_MEDIATED_CYTOTOXICITY","up",2.01473749,0.00316981865,0.00245229616,35,5766,11236,694,663
"Treg","GO_BP","GOBP_GLIAL_CELL_DIFFERENTIATION","up",1.75243841,0.00317447873,0.00246208728,145,5766,11236,694,663
"Treg","GO_BP","GOBP_POSITIVE_REGULATION_OF_LEUKOCYTE_MIGRATION","up",1.8167967,0.00322263847,0.00250738722,101,5766,11236,694,663
"Treg","GO_BP","GOBP_POSITIVE_REGULATION_OF_NERVOUS_SYSTEM_DEVELOPMENT","up",1.7495579,0.00322263847,0.00251784553,149,5766,11236,694,663
"Treg","GO_BP","GOBP_EPITHELIAL_CELL_DEVELOPMENT","up",1.74955686,0.00322263847,0.00251815425,127,5766,11236,694,663
"Treg","GO_BP","GOBP_MYELOID_LEUKOCYTE_MIGRATION","up",1.7304066,0.00330632278,0.0025915224,142,5766,11236,694,663
"Treg","GO_BP","GOBP_BASE_CONVERSION_OR_SUBSTITUTION_EDITING","up",2.04940906,0.00330632278,0.00259624006,12,5766,11236,694,663
"Treg","GO_BP","GOBP_GLUCOSE_METABOLIC_PROCESS","up",1.76609426,0.00332654143,0.00261847145,141,5766,11236,694,663
"Treg","GO_BP","GOBP_POSITIVE_REGULATION_OF_PROTEIN_MODIFICATION_PROCESS","up",1.61724766,0.00337091679,0.00265981998,269,5766,11236,694,663
"Treg","GO_BP","GOBP_POSITIVE_REGULATION_OF_CANONICAL_NF_KAPPAB_SIGNAL_TRANSDUCTION","up",1.68938203,0.00340744983,0.00269070956,188,5766,11236,694,663
"Treg","GO_BP","GOBP_T_CELL_RECEPTOR_SIGNALING_PATHWAY","up",1.71500404,0.00347017188,0.00274232583,137,5766,11236,694,663
"Treg","GO_BP","GOBP_LYMPHOCYTE_DIFFERENTIATION","up",1.54771915,0.00352170462,0.00278968336,362,5766,11236,694,663
"Treg","GO_BP","GOBP_POSITIVE_REGULATION_OF_PROTEIN_LOCALIZATION_TO_CELL_PERIPHERY","up",1.93400232,0.00366430999,0.0029001105,54,5766,11236,694,663
"Treg","GO_BP","GOBP_CALCIUM_ION_HOMEOSTASIS","up",1.68806106,0.00368064673,0.00292339396,169,5766,11236,694,663
"Treg","GO_BP","GOBP_PROTEASOMAL_UBIQUITIN_INDEPENDENT_PROTEIN_CATABOLIC_PROCESS","up",2.06192315,0.00368064673,0.00292677987,18,5766,11236,694,663
"Treg","GO_BP","GOBP_MONONUCLEAR_CELL_MIGRATION","up",1.7012429,0.00376673124,0.00299747677,160,5766,11236,694,663
"Treg","GO_BP","GOBP_POSITIVE_REGULATION_OF_EXOCYTOSIS","up",1.90561881,0.00376673124,0.00300437307,58,5766,11236,694,663
"Treg","GO_BP","GOBP_NEGATIVE_REGULATION_OF_T_CELL_RECEPTOR_SIGNALING_PATHWAY","up",1.9671371,0.00382813238,0.00306040861,38,5766,11236,694,663
"Treg","GO_BP","GOBP_REGULATION_OF_INTRINSIC_APOPTOTIC_SIGNALING_PATHWAY","up",1.71282414,0.00384828443,0.00308359521,142,5766,11236,694,663
"Treg","GO_BP","GOBP_EXTERNAL_ENCAPSULATING_STRUCTURE_ORGANIZATION","up",1.73777765,0.00395631207,0.00317518988,127,5766,11236,694,663
"Treg","GO_BP","GOBP_REGULATION_OF_LEUKOCYTE_MIGRATION","up",1.73144953,0.00403468732,0.00323225928,152,5766,11236,694,663
"Treg","GO_BP","GOBP_COLLAGEN_METABOLIC_PROCESS","up",1.96249626,0.00420687755,0.00336718208,46,5766,11236,694,663
"Treg","GO_BP","GOBP_PRODUCTION_OF_MOLECULAR_MEDIATOR_OF_IMMUNE_RESPONSE","up",1.7076937,0.00427849357,0.00343225247,157,5766,11236,694,663
"Treg","GO_BP","GOBP_ALPHA_BETA_T_CELL_DIFFERENTIATION","up",1.74661217,0.0043236615,0.00348407432,132,5766,11236,694,663
"Treg","GO_BP","GOBP_CELLULAR_RESPIRATION","up",1.59868524,0.0043236615,0.00348407432,252,5766,11236,694,663
"Treg","GO_BP","GOBP_POSITIVE_REGULATION_OF_NEUROGENESIS","up",1.74367185,0.00453772471,0.00366365609,136,5766,11236,694,663
"Treg","GO_BP","GOBP_CALCIUM_MEDIATED_SIGNALING","up",1.69840364,0.0046486559,0.0037391711,147,5766,11236,694,663
"Treg","GO_BP","GOBP_NUCLEOSIDE_PHOSPHATE_BIOSYNTHETIC_PROCESS","up",1.60180419,0.00471979975,0.00379888752,237,5766,11236,694,663
"Treg","GO_BP","GOBP_MACROPHAGE_ACTIVATION_INVOLVED_IN_IMMUNE_RESPONSE","up",2.04669755,0.00475161243,0.00384131903,19,5766,11236,694,663
"Treg","GO_BP","GOBP_HOMEOSTASIS_OF_NUMBER_OF_CELLS_WITHIN_A_TISSUE","up",2.00759362,0.00475161243,0.00384131903,29,5766,11236,694,663
"Treg","GO_BP","GOBP_CELLULAR_RESPONSE_TO_NUTRIENT_LEVELS","up",1.64923725,0.00478420437,0.00386415376,191,5766,11236,694,663
"Treg","GO_BP","GOBP_RESPONSE_TO_TOPOLOGICALLY_INCORRECT_PROTEIN","up",1.69301349,0.00488374959,0.00394350161,144,5766,11236,694,663
"Treg","GO_BP","GOBP_REGULATION_OF_MONOATOMIC_ION_TRANSMEMBRANE_TRANSPORT","up",1.68672267,0.00488374959,0.00394350161,145,5766,11236,694,663
"Treg","GO_BP","GOBP_REGULATION_OF_PROTEIN_MATURATION","up",1.97779664,0.0049809094,0.00403063376,35,5766,11236,694,663
"Treg","GO_BP","GOBP_NEGATIVE_REGULATION_OF_TRANSPORT","up",1.58283523,0.00521728626,0.00421811594,248,5766,11236,694,663
"Treg","GO_BP","GOBP_INTERLEUKIN_8_PRODUCTION","up",1.87074254,0.00522576829,0.00423401497,56,5766,11236,694,663
"Treg","GO_BP","GOBP_NEGATIVE_REGULATION_OF_SECRETION","up",1.81138068,0.0053618339,0.00432728065,92,5766,11236,694,663
"Treg","GO_BP","GOBP_PROTEIN_PROCESSING","up",1.65449947,0.00546552977,0.00441371421,149,5766,11236,694,663
"Treg","GO_BP","GOBP_NEGATIVE_REGULATION_OF_RELEASE_OF_CYTOCHROME_C_FROM_MITOCHONDRIA","up",2.02872837,0.00552595678,0.00446527163,18,5766,11236,694,663
"Treg","GO_BP","GOBP_NEGATIVE_REGULATION_OF_NEURON_APOPTOTIC_PROCESS","up",1.78679627,0.00561193417,0.00453076916,103,5766,11236,694,663
"Treg","GO_BP","GOBP_MONOCYTE_CHEMOTACTIC_PROTEIN_1_PRODUCTION","up",1.99387609,0.00561484828,0.00454541199,11,5766,11236,694,663
"Treg","GO_BP","GOBP_DETOXIFICATION","up",1.81174521,0.00561484828,0.00454541199,95,5766,11236,694,663
"Treg","GO_BP","GOBP_ENDOTHELIAL_CELL_MIGRATION","up",1.72907369,0.00567212854,0.00460981068,141,5766,11236,694,663
"Treg","GO_BP","GOBP_MEMBRANE_LIPID_METABOLIC_PROCESS","up",1.68246689,0.00567212854,0.00460981068,146,5766,11236,694,663
"Treg","GO_BP","GOBP_ESTABLISHMENT_OF_PROTEIN_LOCALIZATION_TO_ORGANELLE","up",1.49717517,0.00567212854,0.00460981068,393,5766,11236,694,663
"Treg","GO_BP","GOBP_POSITIVE_REGULATION_OF_T_CELL_MEDIATED_CYTOTOXICITY","up",2.02447744,0.00567212854,0.00461628469,26,5766,11236,694,663
"Treg","GO_BP","GOBP_CYTOSKELETON_DEPENDENT_INTRACELLULAR_TRANSPORT","up",1.65607372,0.0058817479,0.00476867568,166,5766,11236,694,663
"Treg","GO_BP","GOBP_NEGATIVE_REGULATION_OF_NITRIC_OXIDE_BIOSYNTHETIC_PROCESS","up",1.9873284,0.005889701,0.0047848933,11,5766,11236,694,663
"Treg","GO_BP","GOBP_INTERLEUKIN_27_MEDIATED_SIGNALING_PATHWAY","up",1.95826961,0.00591108401,0.00481204172,9,5766,11236,694,663
"Treg","GO_BP","GOBP_IMMUNE_RESPONSE_TO_TUMOR_CELL","up",1.98506177,0.00591861747,0.00482793499,30,5766,11236,694,663
"Treg","GO_BP","GOBP_NATURAL_KILLER_CELL_ACTIVATION","up",1.86400221,0.0059253652,0.00484318252,78,5766,11236,694,663
"Treg","GO_BP","GOBP_HUMORAL_IMMUNE_RESPONSE","up",1.75524865,0.0060050615,0.00490395476,112,5766,11236,694,663
"Treg","GO_BP","GOBP_REGULATION_OF_PROTEIN_LOCALIZATION_TO_CELL_PERIPHERY","up",1.77388121,0.00614812908,0.00501635489,111,5766,11236,694,663
"Treg","GO_BP","GOBP_NEUTROPHIL_MIGRATION","up",1.832632,0.00618453202,0.00506615855,69,5766,11236,694,663
"Treg","GO_BP","GOBP_EXTRINSIC_APOPTOTIC_SIGNALING_PATHWAY_VIA_DEATH_DOMAIN_RECEPTORS","up",1.82492552,0.00618453202,0.00506615855,70,5766,11236,694,663
"Treg","GO_BP","GOBP_INTERLEUKIN_10_PRODUCTION","up",1.91097986,0.00630135814,0.00515273665,50,5766,11236,694,663
"Treg","GO_BP","GOBP_FATTY_ACID_METABOLIC_PROCESS","up",1.55812302,0.00630135814,0.00515273665,263,5766,11236,694,663
"Treg","GO_BP","GOBP_REGULATION_OF_WOUND_HEALING","up",1.83590845,0.00643397456,0.00527714999,67,5766,11236,694,663
"Treg","GO_BP","GOBP_SUBSTRATE_ADHESION_DEPENDENT_CELL_SPREADING","up",1.82519552,0.00643397456,0.00527714999,67,5766,11236,694,663
"Treg","GO_BP","GOBP_MEMBRANE_FUSION","up",1.69377936,0.00643397456,0.00527714999,130,5766,11236,694,663
"Treg","GO_BP","GOBP_NEGATIVE_REGULATION_OF_T_CELL_PROLIFERATION","up",1.86666944,0.00648922901,0.00532528718,57,5766,11236,694,663
"Treg","GO_BP","GOBP_AMINOGLYCAN_METABOLIC_PROCESS","up",1.91206336,0.00656633222,0.0053838341,47,5766,11236,694,663
"Treg","GO_BP","GOBP_MACROAUTOPHAGY","up",1.52818225,0.00657363574,0.00538513012,338,5766,11236,694,663
"Treg","GO_BP","GOBP_GLYCOSAMINOGLYCAN_METABOLIC_PROCESS","up",1.91513039,0.0066027421,0.00540922814,39,5766,11236,694,663
"Treg","GO_BP","GOBP_REGULATION_OF_BODY_FLUID_LEVELS","up",1.60453148,0.0066027421,0.00541466458,211,5766,11236,694,663
"Treg","GO_BP","GOBP_TISSUE_REMODELING","up",1.76399813,0.00673570553,0.00551893744,103,5766,11236,694,663
"Treg","GO_BP","GOBP_NEGATIVE_REGULATION_OF_PROTEIN_MODIFICATION_PROCESS","up",1.65040009,0.00676141561,0.00554289379,159,5766,11236,694,663
"Treg","GO_BP","GOBP_MITOCHONDRIAL_TRANSPORT","up",1.8092259,0.00686453088,0.00561489777,77,5766,11236,694,663
"Treg","GO_BP","GOBP_REGULATION_OF_MYELINATION","up",1.98862839,0.0069945475,0.00571641843,27,5766,11236,694,663
"Treg","GO_BP","GOBP_RESPONSE_TO_INTERLEUKIN_2","up",1.98680512,0.00702422619,0.00573677637,10,5766,11236,694,663
"Treg","GO_BP","GOBP_PEPTIDYL_TYROSINE_MODIFICATION","up",1.79007863,0.00702796076,0.00574972516,88,5766,11236,694,663
"Treg","GO_BP","GOBP_ESTABLISHMENT_OF_PROTEIN_LOCALIZATION_TO_ENDOPLASMIC_RETICULUM","up",1.90141301,0.00707534624,0.00579527968,42,5766,11236,694,663
"Treg","GO_BP","GOBP_REGULATION_OF_CALCIUM_ION_TRANSPORT","up",1.69669035,0.00707534624,0.00580574257,126,5766,11236,694,663
"Treg","GO_BP","GOBP_REGULATION_OF_LIPID_BIOSYNTHETIC_PROCESS","up",1.71057487,0.00707534624,0.00581075552,123,5766,11236,694,663
"Treg","GO_BP","GOBP_NUCLEOTIDE_BINDING_OLIGOMERIZATION_DOMAIN_CONTAINING_2_SIGNALING_PATHWAY","up",2.00270231,0.00707534624,0.00581601104,14,5766,11236,694,663
"Treg","GO_BP","GOBP_NEGATIVE_REGULATION_OF_RESPONSE_TO_BIOTIC_STIMULUS","up",1.76396286,0.00712490837,0.00586755556,106,5766,11236,694,663
"Treg","GO_BP","GOBP_CELLULAR_RESPONSE_TO_TOXIC_SUBSTANCE","up",1.78848896,0.00724666547,0.00597878483,85,5766,11236,694,663
"Treg","GO_BP","GOBP_POSITIVE_REGULATION_OF_B_CELL_ACTIVATION","up",1.8282186,0.00730216302,0.00603006322,72,5766,11236,694,663
"Treg","GO_BP","GOBP_NEGATIVE_REGULATION_OF_NEUROINFLAMMATORY_RESPONSE","up",2.01085612,0.00741846634,0.00612644992,13,5766,11236,694,663
"Treg","GO_BP","GOBP_REGULATION_OF_PROTEIN_TRANSPORT","up",1.5274575,0.00745267221,0.00616587073,291,5766,11236,694,663
"Treg","GO_BP","GOBP_POSITIVE_REGULATION_OF_PLASMINOGEN_ACTIVATION","up",1.88288053,0.00753373963,0.00624420451,6,5766,11236,694,663
"Treg","GO_BP","GOBP_POSITIVE_REGULATION_OF_ESTABLISHMENT_OF_PROTEIN_LOCALIZATION","up",1.57534296,0.00788653025,0.00647934744,227,5766,11236,694,663
"Treg","GO_BP","GOBP_FORMATION_OF_CYTOPLASMIC_TRANSLATION_INITIATION_COMPLEX","down",-1.96353809,0.00789912789,0.00650141184,15,5766,11236,694,663
"Treg","GO_BP","GOBP_RIBOSOMAL_SMALL_SUBUNIT_BIOGENESIS","down",-1.75522043,0.00790425308,0.00651732149,104,5766,11236,694,663
"Treg","GO_BP","GOBP_POSITIVE_REGULATION_OF_MONOCYTE_DIFFERENTIATION","up",1.93898377,0.00792831138,0.00654885451,8,5766,11236,694,663
"Treg","GO_BP","GOBP_GLIAL_CELL_ACTIVATION","up",1.87366766,0.00808173162,0.0066699886,41,5766,11236,694,663
"Treg","GO_BP","GOBP_SYMBIONT_ENTRY_INTO_HOST","up",1.76566814,0.00817666152,0.00674272199,90,5766,11236,694,663
"Treg","GO_BP","GOBP_ANTIGEN_PROCESSING_AND_PRESENTATION_OF_ENDOGENOUS_ANTIGEN","up",1.98320673,0.00825793066,0.00682139637,23,5766,11236,694,663
"Treg","GO_BP","GOBP_T_CELL_CHEMOTAXIS","up",1.98498385,0.00825793066,0.00685401266,20,5766,11236,694,663
"Treg","GO_BP","GOBP_REGULATION_OF_PROTEIN_SECRETION","up",1.64922271,0.00825793066,0.00685401266,154,5766,11236,694,663
"Treg","GO_BP","GOBP_REGULATION_OF_NEUROGENESIS","up",1.60044969,0.00825793066,0.00685401266,209,5766,11236,694,663
"Treg","GO_BP","GOBP_NEGATIVE_REGULATION_OF_REGULATORY_T_CELL_DIFFERENTIATION","up",1.99435991,0.00825793066,0.00685512376,18,5766,11236,694,663
"Treg","GO_BP","GOBP_MONOSACCHARIDE_CATABOLIC_PROCESS","up",1.89475886,0.00825793066,0.00685512376,40,5766,11236,694,663
"Treg","GO_BP","GOBP_PINOCYTOSIS","up",1.99023659,0.00828964521,0.00687700661,16,5766,11236,694,663
"Treg","GO_BP","GOBP_POSITIVE_REGULATION_OF_CD4_POSITIVE_ALPHA_BETA_T_CELL_DIFFERENTIATION","up",1.93789094,0.00828972155,0.00688763676,33,5766,11236,694,663
"Treg","GO_BP","GOBP_REGULATION_OF_EXTRINSIC_APOPTOTIC_SIGNALING_PATHWAY_VIA_DEATH_DOMAIN_RECEPTORS","up",1.91293515,0.00852486004,0.00705908272,36,5766,11236,694,663
"Treg","GO_BP","GOBP_REGULATION_OF_INTERLEUKIN_1_MEDIATED_SIGNALING_PATHWAY","up",1.95449544,0.0087155854,0.00722025016,11,5766,11236,694,663
"Treg","GO_BP","GOBP_EOSINOPHIL_CHEMOTAXIS","up",1.92784595,0.00875168827,0.00726258464,9,5766,11236,694,663
"Treg","GO_BP","GOBP_HYDROGEN_PEROXIDE_METABOLIC_PROCESS","up",1.95480193,0.00919744896,0.00762621769,29,5766,11236,694,663
"Treg","GO_BP","GOBP_EXTRACELLULAR_MATRIX_DISASSEMBLY","up",1.95705152,0.00921190184,0.0076288639,27,5766,11236,694,663
"Treg","GO_BP","GOBP_GLYCOSAMINOGLYCAN_CATABOLIC_PROCESS","up",1.95626967,0.00947240676,0.00784141138,14,5766,11236,694,663
"Treg","GO_BP","GOBP_POSITIVE_REGULATION_OF_MONOATOMIC_ION_TRANSMEMBRANE_TRANSPORT","up",1.8060758,0.0098565445,0.00814583449,58,5766,11236,694,663
"Treg","GO_BP","GOBP_POSITIVE_REGULATION_OF_PEPTIDYL_TYROSINE_PHOSPHORYLATION","up",1.89345588,0.0098565445,0.00814592763,37,5766,11236,694,663
"Treg","GO_BP","GOBP_FIBROBLAST_MIGRATION","up",1.8815306,0.0098565445,0.00814592763,38,5766,11236,694,663
"Treg","GO_BP","GOBP_NEGATIVE_REGULATION_OF_PEPTIDYL_TYROSINE_PHOSPHORYLATION","up",1.96898725,0.0098565445,0.0081535087,19,5766,11236,694,663
"Treg","GO_BP","GOBP_REGULATION_OF_NERVOUS_SYSTEM_PROCESS","up",1.82671053,0.010482569,0.00866447818,52,5766,11236,694,663
"Treg","GO_BP","GOBP_POSITIVE_REGULATION_OF_CALCIUM_ION_TRANSPORT","up",1.85996515,0.0104926819,0.0086873369,48,5766,11236,694,663
"Treg","GO_BP","GOBP_GLIAL_CELL_DEVELOPMENT","up",1.75253412,0.0106132051,0.00879094054,85,5766,11236,694,663
"Treg","GO_BP","GOBP_REGULATION_OF_PEPTIDASE_ACTIVITY","up",1.93618621,0.0106667779,0.00884970706,11,5766,11236,694,663
"Treg","GO_BP","GOBP_NEGATIVE_REGULATION_OF_LEUKOCYTE_PROLIFERATION","up",1.77263276,0.0106667779,0.00885375563,72,5766,11236,694,663
"Treg","GO_BP","GOBP_ORGANIC_ANION_TRANSPORT","up",1.55464411,0.010819743,0.00895332881,233,5766,11236,694,663
"Treg","GO_BP","GOBP_REGULATION_OF_B_CELL_PROLIFERATION","up",1.78094105,0.0109815085,0.00907848106,64,5766,11236,694,663
"Treg","GO_BP","GOBP_MONOCARBOXYLIC_ACID_TRANSPORT","up",1.74889719,0.0113204241,0.00937404122,84,5766,11236,694,663
"Treg","GO_BP","GOBP_EPIDERMIS_DEVELOPMENT","up",1.60026503,0.011895536,0.00979532323,168,5766,11236,694,663
"Treg","GO_BP","GOBP_MODIFICATION_OF_POSTSYNAPTIC_STRUCTURE","up",1.93955659,0.0119757317,0.00986999545,21,5766,11236,694,663
"Treg","GO_BP","GOBP_INTERLEUKIN_2_PRODUCTION","up",1.77160956,0.0119757317,0.00986999545,66,5766,11236,694,663
"Treg","GO_BP","GOBP_RESPONSE_TO_CADMIUM_ION","up",1.91597198,0.0119902213,0.0098980268,32,5766,11236,694,663
"Treg","GO_BP","GOBP_REGULATION_OF_NUCLEOTIDE_BINDING_OLIGOMERIZATION_DOMAIN_CONTAINING_2_SIGNALING_PATHWAY","up",1.8773336,0.0121608328,0.0100074363,7,5766,11236,694,663
"Treg","GO_BP","GOBP_CYTOKINE_PRODUCTION_INVOLVED_IN_IMMUNE_RESPONSE","up",1.74070669,0.0122547933,0.0100891502,83,5766,11236,694,663
"Treg","GO_BP","GOBP_CHOLESTEROL_BIOSYNTHETIC_PROCESS_VIA_DESMOSTEROL","up",1.94506784,0.0123421115,0.0102267695,19,5766,11236,694,663
"Treg","GO_BP","GOBP_SUBSTANTIA_NIGRA_DEVELOPMENT","up",1.91318898,0.0123421115,0.0102267695,32,5766,11236,694,663
"Treg","GO_BP","GOBP_POSITIVE_REGULATION_OF_FIBROBLAST_PROLIFERATION","up",1.91256643,0.0123421115,0.0102267695,32,5766,11236,694,663
"Treg","GO_BP","GOBP_NEGATIVE_REGULATION_OF_TUMOR_NECROSIS_FACTOR_SUPERFAMILY_CYTOKINE_PRODUCTION","up",1.83850838,0.0123421115,0.0102267695,46,5766,11236,694,663
"Treg","GO_BP","GOBP_ORGANIC_ACID_BIOSYNTHETIC_PROCESS","up",1.56704833,0.0123421115,0.0102267695,206,5766,11236,694,663
"Treg","GO_BP","GOBP_AMIDE_BIOSYNTHETIC_PROCESS","up",1.63994132,0.0123421115,0.0102349129,134,5766,11236,694,663
"Treg","GO_BP","GOBP_NEGATIVE_REGULATION_OF_INTRINSIC_APOPTOTIC_SIGNALING_PATHWAY_IN_RESPONSE_TO_DNA_DAMAGE","up",1.92839375,0.0124424023,0.0103196599,24,5766,11236,694,663
"Treg","GO_BP","GOBP_BIOMINERAL_TISSUE_DEVELOPMENT","up",1.73707893,0.0124639202,0.010344577,87,5766,11236,694,663
"Treg","GO_BP","GOBP_NEGATIVE_REGULATION_OF_OSSIFICATION","up",1.93071106,0.0124639202,0.0103606153,21,5766,11236,694,663
"Treg","GO_BP","GOBP_ESTABLISHMENT_OF_ENDOTHELIAL_BARRIER","up",1.852989,0.0125938961,0.0104606847,39,5766,11236,694,663
"Treg","GO_BP","GOBP_POSITIVE_REGULATION_OF_MONOCYTE_CHEMOTACTIC_PROTEIN_1_PRODUCTION","up",1.90044579,0.012595757,0.0104826589,9,5766,11236,694,663
"Treg","GO_BP","GOBP_REGULATION_OF_TRANSMEMBRANE_TRANSPORTER_ACTIVITY","up",1.8201569,0.012595757,0.010494867,51,5766,11236,694,663
"Treg","GO_BP","GOBP_POSITIVE_REGULATION_OF_CHEMOKINE_C_X_C_MOTIF_LIGAND_2_PRODUCTION","up",1.87285813,0.0126244321,0.0105350579,7,5766,11236,694,663
"Treg","GO_BP","GOBP_RESPONSE_TO_AUDITORY_STIMULUS","down",-1.91014927,0.0126819902,0.010599425,9,5766,11236,694,663
"Treg","GO_BP","GOBP_INTRINSIC_APOPTOTIC_SIGNALING_PATHWAY_IN_RESPONSE_TO_OXIDATIVE_STRESS","up",1.83341268,0.012796726,0.0107281713,46,5766,11236,694,663
"Treg","GO_BP","GOBP_POSITIVE_REGULATION_OF_APOPTOTIC_SIGNALING_PATHWAY","up",1.69550765,0.012796726,0.0107281713,105,5766,11236,694,663
"Treg","GO_BP","GOBP_POSITIVE_REGULATION_OF_INTERLEUKIN_8_PRODUCTION","up",1.85957073,0.0129515343,0.0108745224,38,5766,11236,694,663
"Treg","GO_BP","GOBP_POSITIVE_REGULATION_OF_MEMORY_T_CELL_DIFFERENTIATION","up",1.86876022,0.0130637213,0.0109853903,7,5766,11236,694,663
"Treg","GO_BP","GOBP_STEROID_BIOSYNTHETIC_PROCESS","up",1.69472593,0.0132609394,0.0111681176,100,5766,11236,694,663
"Treg","GO_BP","GOBP_ENDOTHELIUM_DEVELOPMENT","up",1.72372483,0.0134236428,0.0113242655,85,5766,11236,694,663
"Treg","GO_BP","GOBP_REGULATION_OF_ACTIN_FILAMENT_BASED_PROCESS","up",1.5240707,0.0134236428,0.0113392099,248,5766,11236,694,663
"Treg","GO_BP","GOBP_NEGATIVE_REGULATION_OF_PROTEIN_MATURATION","up",1.92538759,0.0135123404,0.0114050929,12,5766,11236,694,663
"Treg","GO_BP","GOBP_DNA_MODIFICATION","up",1.90232337,0.0135264635,0.0114510877,27,5766,11236,694,663
"Treg","GO_BP","GOBP_POSITIVE_REGULATION_OF_CELL_KILLING","up",1.80131661,0.0135264635,0.0114510877,52,5766,11236,694,663
"Treg","GO_BP","GOBP_NEGATIVE_REGULATION_OF_ANTIGEN_RECEPTOR_MEDIATED_SIGNALING_PATHWAY","up",1.82451411,0.0135705405,0.0115054361,47,5766,11236,694,663
"Treg","GO_BP","GOBP_CONNECTIVE_TISSUE_DEVELOPMENT","up",1.59080112,0.0136218593,0.0115660052,164,5766,11236,694,663
"Treg","GO_BP","GOBP_PLACENTA_DEVELOPMENT","up",1.69528043,0.0137291526,0.0116705084,102,5766,11236,694,663
"Treg","GO_BP","GOBP_FERROPTOSIS","up",1.91471056,0.014225993,0.0120325256,26,5766,11236,694,663
"Treg","GO_BP","GOBP_MUSCLE_CONTRACTION","down",-1.52742241,0.014274274,0.0120910902,207,5766,11236,694,663
"Treg","GO_BP","GOBP_POSITIVE_REGULATION_OF_MYELOID_LEUKOCYTE_DIFFERENTIATION","up",1.80167804,0.0144100826,0.0122239838,50,5766,11236,694,663
"Treg","GO_BP","GOBP_SYNAPTIC_VESICLE_MEMBRANE_ORGANIZATION","up",1.92786328,0.0146160066,0.0123750252,19,5766,11236,694,663
"Treg","GO_BP","GOBP_NEGATIVE_REGULATION_OF_WOUND_HEALING","up",1.87601329,0.0147144437,0.012462567,34,5766,11236,694,663
"Treg","GO_BP","GOBP_CALCIUM_ION_TRANSMEMBRANE_TRANSPORT","up",1.58440626,0.0150158112,0.0127220781,171,5766,11236,694,663
"Treg","GO_BP","GOBP_NEGATIVE_REGULATION_OF_ADAPTIVE_IMMUNE_RESPONSE","up",1.76273076,0.0150894374,0.0127993366,61,5766,11236,694,663
"Treg","GO_BP","GOBP_PYRIDINE_CONTAINING_COMPOUND_METABOLIC_PROCESS","up",1.64565773,0.0151442134,0.0128536767,127,5766,11236,694,663
"Treg","GO_BP","GOBP_RELAXATION_OF_MUSCLE","up",1.92468686,0.0151637347,0.0128887568,15,5766,11236,694,663
"Treg","GO_BP","GOBP_NEGATIVE_REGULATION_OF_INTERLEUKIN_1_PRODUCTION","up",1.90102929,0.0152008137,0.0129569953,28,5766,11236,694,663
"Treg","GO_BP","GOBP_NEGATIVE_REGULATION_OF_ERBB_SIGNALING_PATHWAY","up",1.89119754,0.0152008137,0.0129605876,27,5766,11236,694,663
"Treg","GO_BP","GOBP_NATURAL_KILLER_CELL_MEDIATED_IMMUNITY","up",1.73540602,0.0152008137,0.0129613588,72,5766,11236,694,663
"Treg","GO_BP","GOBP_RESPONSE_TO_TUMOR_CELL","up",1.82569926,0.0152363607,0.0129957563,43,5766,11236,694,663
"Treg","GO_BP","GOBP_GLUTATHIONE_METABOLIC_PROCESS","up",1.83609797,0.0153070003,0.0130929104,38,5766,11236,694,663
"Treg","GO_BP","GOBP_POSITIVE_REGULATION_OF_ALPHA_BETA_T_CELL_DIFFERENTIATION","up",1.80966113,0.0153070003,0.0130929104,48,5766,11236,694,663
"Treg","GO_BP","GOBP_NEGATIVE_REGULATION_OF_RESPONSE_TO_TUMOR_CELL","up",1.91268851,0.0154203305,0.0132114178,11,5766,11236,694,663
"Treg","GO_BP","GOBP_POSITIVE_REGULATION_OF_DEFENSE_RESPONSE_TO_VIRUS_BY_HOST","up",1.89585773,0.0154203305,0.0132123572,22,5766,11236,694,663
"Treg","GO_BP","GOBP_POSITIVE_REGULATION_OF_LYMPHOCYTE_DIFFERENTIATION","up",1.65147036,0.0155673568,0.0132986847,119,5766,11236,694,663
"Treg","GO_BP","GOBP_RESPONSE_TO_ENDOPLASMIC_RETICULUM_STRESS","up",1.52706894,0.0158295595,0.0135121091,234,5766,11236,694,663
"Treg","GO_BP","GOBP_POSITIVE_REGULATION_OF_LYMPHOCYTE_CHEMOTAXIS","up",1.91636945,0.0158435171,0.0135428611,15,5766,11236,694,663
"Treg","GO_BP","GOBP_REGULATION_OF_EXOCYTOSIS","up",1.6455106,0.0161544247,0.013797857,120,5766,11236,694,663
"Treg","GO_BP","GOBP_POSITIVE_REGULATION_OF_INTERLEUKIN_10_PRODUCTION","up",1.85033705,0.0165826827,0.01414178,36,5766,11236,694,663
"Treg","GO_BP","GOBP_ANTIGEN_PROCESSING_AND_PRESENTATION_OF_ENDOGENOUS_PEPTIDE_ANTIGEN","up",1.91804235,0.0165826827,0.014174055,18,5766,11236,694,663
"Treg","GO_BP","GOBP_FATTY_ACID_DERIVATIVE_BIOSYNTHETIC_PROCESS","up",1.87755448,0.0165826827,0.014174055,31,5766,11236,694,663
"Treg","GO_BP","GOBP_POSITIVE_REGULATION_OF_B_CELL_MEDIATED_IMMUNITY","up",1.87696471,0.0165826827,0.014174055,31,5766,11236,694,663
"Treg","GO_BP","GOBP_HYALURONAN_CATABOLIC_PROCESS","up",1.86754637,0.0165826827,0.014174055,9,5766,11236,694,663
"Treg","GO_BP","GOBP_NEGATIVE_REGULATION_OF_LEUKOCYTE_MEDIATED_IMMUNITY","up",1.75275584,0.0165826827,0.014174055,61,5766,11236,694,663
"Treg","GO_BP","GOBP_VASCULAR_PROCESS_IN_CIRCULATORY_SYSTEM","up",1.61647403,0.0166671299,0.0142744106,131,5766,11236,694,663
"Treg","GO_BP","GOBP_LONG_CHAIN_FATTY_ACYL_COA_METABOLIC_PROCESS","up",1.91635091,0.0166671299,0.0142793686,18,5766,11236,694,663
"Treg","GO_BP","GOBP_EOSINOPHIL_MIGRATION","up",1.90576193,0.0166671299,0.0142939123,12,5766,11236,694,663
"Treg","GO_BP","GOBP_MONOCYTE_DIFFERENTIATION","up",1.8660658,0.0166671299,0.0143085329,32,5766,11236,694,663
"Treg","GO_BP","GOBP_POSITIVE_REGULATION_OF_T_HELPER_1_TYPE_IMMUNE_RESPONSE","up",1.8979732,0.0167690808,0.0144154428,14,5766,11236,694,663
"Treg","GO_BP","GOBP_NEGATIVE_REGULATION_OF_OXIDATIVE_STRESS_INDUCED_NEURON_INTRINSIC_APOPTOTIC_SIGNALING_PATHWAY","up",1.88204747,0.0173241,0.014871419,10,5766,11236,694,663
"Treg","GO_BP","GOBP_REGULATION_OF_MYELOID_CELL_DIFFERENTIATION","up",1.58743464,0.0173241,0.0148852358,152,5766,11236,694,663
"Treg","GO_BP","GOBP_REGULATION_OF_T_CELL_ACTIVATION_VIA_T_CELL_RECEPTOR_CONTACT_WITH_ANTIGEN_BOUND_TO_MHC_MOLECULE_ON_ANTIGEN_PRESENTING_CELL","up",1.81437626,0.0177533914,0.0152103618,6,5766,11236,694,663
"Treg","GO_BP","GOBP_ENDOSOME_ORGANIZATION","up",1.69114974,0.0177876712,0.0152600902,92,5766,11236,694,663
"Treg","GO_BP","GOBP_NEUROTRANSMITTER_RECEPTOR_TRANSPORT_TO_PLASMA_MEMBRANE","up",1.89984401,0.0178714886,0.0153078086,11,5766,11236,694,663
"Treg","GO_BP","GOBP_ENDOTHELIAL_CELL_DEVELOPMENT","up",1.78213665,0.0181200632,0.0154893852,49,5766,11236,694,663
"Treg","GO_BP","GOBP_REGULATION_OF_MUSCLE_CONTRACTION","up",1.71042013,0.0182384201,0.0156112755,76,5766,11236,694,663
"Treg","GO_BP","GOBP_CD4_POSITIVE_CD25_POSITIVE_ALPHA_BETA_REGULATORY_T_CELL_DIFFERENTIATION","up",1.86214678,0.0184052196,0.0157226561,9,5766,11236,694,663
"Treg","GO_BP","GOBP_OLIGODENDROCYTE_DIFFERENTIATION","up",1.76015295,0.0187706084,0.0159933008,56,5766,11236,694,663
"Treg","GO_BP","GOBP_PROTEIN_CATABOLIC_PROCESS_IN_THE_VACUOLE","up",1.87442872,0.0188534994,0.0160638874,21,5766,11236,694,663
"Treg","GO_BP","GOBP_REGULATION_OF_SUBSTRATE_ADHESION_DEPENDENT_CELL_SPREADING","up",1.80186454,0.0188534994,0.0160733766,42,5766,11236,694,663
"Treg","GO_BP","GOBP_PROTEASOME_ASSEMBLY","up",1.9038744,0.0189205678,0.0161187862,13,5766,11236,694,663
"Treg","GO_BP","GOBP_BONE_MINERALIZATION","up",1.72527808,0.0197641445,0.01675697,66,5766,11236,694,663
"Treg","GO_BP","GOBP_TEMPERATURE_HOMEOSTASIS","up",1.62173764,0.0199140301,0.0168720718,120,5766,11236,694,663
"Treg","GO_BP","GOBP_POSITIVE_REGULATION_OF_DENDRITIC_CELL_DIFFERENTIATION","up",1.80905686,0.0199143432,0.0168944927,6,5766,11236,694,663
"Treg","GO_BP","GOBP_POSITIVE_REGULATION_OF_MONONUCLEAR_CELL_MIGRATION","up",1.70630672,0.0199721802,0.0169605959,72,5766,11236,694,663
"Treg","GO_BP","GOBP_REGULATION_OF_MONONUCLEAR_CELL_MIGRATION","up",1.65316983,0.0200182963,0.0170300229,103,5766,11236,694,663
"Treg","GO_BP","GOBP_MEMBRANE_BIOGENESIS","up",1.78539629,0.0200182963,0.0170320746,48,5766,11236,694,663
"Treg","GO_BP","GOBP_POSITIVE_REGULATION_OF_MAPK_CASCADE","up",1.49231926,0.0201877155,0.0171812274,259,5766,11236,694,663
"Treg","GO_BP","GOBP_PEPTIDE_BIOSYNTHETIC_PROCESS","up",1.88678527,0.0203172787,0.0172792,14,5766,11236,694,663
"Treg","GO_BP","GOBP_ANTIMICROBIAL_HUMORAL_RESPONSE","up",1.77918829,0.0204769815,0.0174820746,48,5766,11236,694,663
"Treg","GO_BP","GOBP_RESPONSE_TO_ACTIVITY","up",1.7757563,0.0204769815,0.0174820746,48,5766,11236,694,663
"Treg","GO_BP","GOBP_REGULATION_OF_REGULATED_SECRETORY_PATHWAY","up",1.69538085,0.0204769815,0.0174820746,80,5766,11236,694,663
"Treg","GO_BP","GOBP_T_HELPER_1_CELL_DIFFERENTIATION","up",1.83179884,0.0204769815,0.0174872692,34,5766,11236,694,663
"Treg","GO_BP","GOBP_RESPONSE_TO_NUTRIENT","up",1.6747228,0.0209272083,0.0178590152,95,5766,11236,694,663
"Treg","GO_BP","GOBP_MONOCARBOXYLIC_ACID_BIOSYNTHETIC_PROCESS","up",1.58480777,0.0216092042,0.0183605583,142,5766,11236,694,663
"Treg","GO_BP","GOBP_VESICLE_MEDIATED_TRANSPORT_IN_SYNAPSE","up",1.56484133,0.0216092042,0.0183605583,156,5766,11236,694,663
"Treg","GO_BP","GOBP_REGULATION_OF_INTRINSIC_APOPTOTIC_SIGNALING_PATHWAY_IN_RESPONSE_TO_DNA_DAMAGE","up",1.83106442,0.0220495849,0.0187217437,32,5766,11236,694,663
"Treg","GO_BP","GOBP_NEGATIVE_REGULATION_OF_OXIDATIVE_STRESS_INDUCED_INTRINSIC_APOPTOTIC_SIGNALING_PATHWAY","up",1.85604696,0.0221842413,0.0188415202,22,5766,11236,694,663
"Treg","GO_BP","GOBP_SYNAPTIC_VESICLE_MATURATION","up",1.86111186,0.0222980278,0.018962147,23,5766,11236,694,663
"Treg","GO_BP","GOBP_T_CELL_ACTIVATION_VIA_T_CELL_RECEPTOR_CONTACT_WITH_ANTIGEN_BOUND_TO_MHC_MOLECULE_ON_ANTIGEN_PRESENTING_CELL","up",1.88982594,0.02258338,0.0191990818,13,5766,11236,694,663
"Treg","GO_BP","GOBP_RIBOSE_PHOSPHATE_BIOSYNTHETIC_PROCESS","up",1.59904582,0.0226409676,0.0192647212,128,5766,11236,694,663
"Treg","GO_BP","GOBP_POSITIVE_REGULATION_OF_MACROPHAGE_ACTIVATION","up",1.88299988,0.0226462254,0.0192934021,18,5766,11236,694,663
"Treg","GO_BP","GOBP_STEROL_BIOSYNTHETIC_PROCESS","up",1.75430796,0.0231242145,0.0195918861,52,5766,11236,694,663
"Treg","GO_BP","GOBP_POSITIVE_REGULATION_OF_CD4_POSITIVE_ALPHA_BETA_T_CELL_ACTIVATION","up",1.79834059,0.0232914729,0.0197583572,39,5766,11236,694,663
"Treg","GO_BP","GOBP_REGULATION_OF_PROTEIN_TYROSINE_KINASE_ACTIVITY","up",1.87374001,0.0236238392,0.0200064278,19,5766,11236,694,663
"Treg","GO_BP","GOBP_NEGATIVE_REGULATION_OF_ALPHA_BETA_T_CELL_DIFFERENTIATION","up",1.85413743,0.0236238392,0.0200132699,23,5766,11236,694,663
"Treg","GO_BP","GOBP_REGULATION_OF_OXIDATIVE_STRESS_INDUCED_INTRINSIC_APOPTOTIC_SIGNALING_PATHWAY","up",1.82273635,0.0237005431,0.0201032806,30,5766,11236,694,663
"Treg","GO_BP","GOBP_GLYCOSPHINGOLIPID_METABOLIC_PROCESS","up",1.75154996,0.0238188951,0.0202205878,50,5766,11236,694,663
"Treg","GO_BP","GOBP_MEMBRANE_RAFT_ORGANIZATION","up",1.85092845,0.0238188951,0.0202344713,21,5766,11236,694,663
"Treg","GO_BP","GOBP_RESPONSE_TO_ESTRADIOL","up",1.72211192,0.0240397178,0.020408316,61,5766,11236,694,663
"Treg","GO_BP","GOBP_REGULATION_OF_NEURON_PROJECTION_DEVELOPMENT","up",1.48361609,0.0240498596,0.0204309847,255,5766,11236,694,663
"Treg","GO_BP","GOBP_CYTOPLASMIC_TRANSLATIONAL_INITIATION","down",-1.77181485,0.0242488375,0.0206479282,47,5766,11236,694,663
"Treg","GO_BP","GOBP_MEMORY","up",1.69663377,0.0242488375,0.0206479282,70,5766,11236,694,663
"Treg","GO_BP","GOBP_ESTABLISHMENT_OF_PROTEIN_LOCALIZATION_TO_MITOCHONDRION","up",1.61288533,0.0242488375,0.0206479282,117,5766,11236,694,663
"Treg","GO_BP","GOBP_EXOCYTIC_PROCESS","up",1.70589972,0.0243011852,0.0207177508,64,5766,11236,694,663
"Treg","GO_BP","GOBP_REGULATION_OF_MUSCLE_SYSTEM_PROCESS","up",1.60615228,0.0243132199,0.020753224,120,5766,11236,694,663
"Treg","GO_BP","GOBP_INTRACELLULAR_PH_REDUCTION","up",1.75367985,0.0244971264,0.0208960573,49,5766,11236,694,663
"Treg","GO_BP","GOBP_B_CELL_PROLIFERATION","up",1.67669037,0.024623636,0.0210737339,81,5766,11236,694,663
"Treg","GO_BP","GOBP_REGULATION_OF_AMPA_RECEPTOR_ACTIVITY","up",1.84058061,0.024623636,0.0210801109,22,5766,11236,694,663
"Treg","GO_BP","GOBP_REGULATION_OF_RESPONSE_TO_TUMOR_CELL","up",1.83743899,0.024623636,0.0210801109,26,5766,11236,694,663
"Treg","GO_BP","GOBP_PLASMA_MEMBRANE_REPAIR","up",1.84671179,0.0247144761,0.0211832566,23,5766,11236,694,663
"Treg","GO_BP","GOBP_VACUOLAR_ACIDIFICATION","up",1.81420863,0.025128176,0.0215636012,33,5766,11236,694,663
"Treg","GO_BP","GOBP_LYTIC_VACUOLE_ORGANIZATION","up",1.63655883,0.0251344107,0.0215946641,102,5766,11236,694,663
"Treg","GO_BP","GOBP_POSITIVE_REGULATION_OF_RECEPTOR_SIGNALING_PATHWAY_VIA_STAT","up",1.80730105,0.0254306362,0.0218546559,34,5766,11236,694,663
"Treg","GO_BP","GOBP_CELLULAR_COMPONENT_DISASSEMBLY","up",1.42884908,0.025465749,0.0219107801,344,5766,11236,694,663
"Treg","GO_BP","GOBP_T_CELL_SELECTION","up",1.69419612,0.0255271439,0.0219895672,70,5766,11236,694,663
"Treg","GO_BP","GOBP_NEGATIVE_REGULATION_OF_AMYLOID_BETA_CLEARANCE","up",1.8308125,0.0256166862,0.0220584413,8,5766,11236,694,663
"Treg","GO_BP","GOBP_REGULATION_OF_VESICLE_FUSION","up",1.8642716,0.0256166862,0.0220881661,17,5766,11236,694,663
"Treg","GO_BP","GOBP_REGULATION_OF_RELEASE_OF_CYTOCHROME_C_FROM_MITOCHONDRIA","up",1.78789365,0.0256166862,0.0220881661,38,5766,11236,694,663
"Treg","GO_BP","GOBP_POSITIVE_REGULATION_OF_INFLAMMATORY_RESPONSE","up",1.60205363,0.0256166862,0.0220881661,120,5766,11236,694,663
"Treg","GO_BP","GOBP_REGULATION_OF_TYROSINE_PHOSPHORYLATION_OF_STAT_PROTEIN","up",1.83078525,0.0258135511,0.0222575441,27,5766,11236,694,663
"Treg","GO_BP","GOBP_NEGATIVE_REGULATION_OF_KINASE_ACTIVITY","up",1.69941025,0.0258135511,0.0222686095,63,5766,11236,694,663
"Treg","GO_BP","GOBP_NEGATIVE_REGULATION_OF_ALPHA_BETA_T_CELL_PROLIFERATION","up",1.8638049,0.0258798321,0.0223828694,12,5766,11236,694,663
"Treg","GO_BP","GOBP_NEGATIVE_REGULATION_OF_PEPTIDASE_ACTIVITY","up",1.78954063,0.0258798321,0.0223828694,6,5766,11236,694,663
"Treg","GO_BP","GOBP_INTRINSIC_APOPTOTIC_SIGNALING_PATHWAY_IN_RESPONSE_TO_DNA_DAMAGE_BY_P53_CLASS_MEDIATOR","up",1.76133515,0.0258798321,0.0223828694,45,5766,11236,694,663
"Treg","GO_BP","GOBP_RESPONSE_TO_PEPTIDE_HORMONE","up",1.45578494,0.0259511418,0.022449765,292,5766,11236,694,663
"Treg","GO_BP","GOBP_MYELOID_DENDRITIC_CELL_ACTIVATION","up",1.82789411,0.0261221111,0.0226081208,27,5766,11236,694,663
"Treg","GO_BP","GOBP_RIBOSOME_BIOGENESIS","down",-1.40647207,0.0261221111,0.0226081208,295,5766,11236,694,663
"Treg","GO_BP","GOBP_POSITIVE_REGULATION_OF_GLIOGENESIS","up",1.78482623,0.0262170663,0.0226948021,38,5766,11236,694,663
"Treg","GO_BP","GOBP_CONNECTIVE_TISSUE_REPLACEMENT_INVOLVED_IN_INFLAMMATORY_RESPONSE_WOUND_HEALING","up",1.82600009,0.0263392349,0.0227857108,8,5766,11236,694,663
"Treg","GO_BP","GOBP_POSITIVE_REGULATION_OF_ASTROCYTE_DIFFERENTIATION","up",1.84269242,0.0266111315,0.0230262154,10,5766,11236,694,663
"Treg","GO_BP","GOBP_NEURAL_NUCLEUS_DEVELOPMENT","up",1.7753152,0.0267970773,0.0231654049,39,5766,11236,694,663
"Treg","GO_BP","GOBP_MACROPHAGE_MIGRATION","up",1.77443631,0.0267970773,0.0231654049,39,5766,11236,694,663
"Treg","GO_BP","GOBP_NEGATIVE_REGULATION_OF_CD4_POSITIVE_ALPHA_BETA_T_CELL_PROLIFERATION","up",1.80741796,0.0269157333,0.0232636139,7,5766,11236,694,663
"Treg","GO_BP","GOBP_REGULATION_OF_MODIFICATION_OF_POSTSYNAPTIC_STRUCTURE","up",1.82474459,0.0269944468,0.023337003,8,5766,11236,694,663
"Treg","GO_BP","GOBP_HETEROTYPIC_CELL_CELL_ADHESION","up",1.79981894,0.0271266837,0.0234696161,36,5766,11236,694,663
"Treg","GO_BP","GOBP_POSITIVE_REGULATION_OF_REGULATED_SECRETORY_PATHWAY","up",1.80481795,0.0271266837,0.0234751315,32,5766,11236,694,663
"Treg","GO_BP","GOBP_SENSORY_SYSTEM_DEVELOPMENT","up",1.50410773,0.0271266837,0.0234959964,201,5766,11236,694,663
"Treg","GO_BP","GOBP_RESPONSE_TO_STARVATION","up",1.53385402,0.0271266837,0.023514763,172,5766,11236,694,663
"Treg","GO_BP","GOBP_CELLULAR_OXIDANT_DETOXIFICATION","up",1.72265867,0.0271637809,0.023560127,56,5766,11236,694,663
"Treg","GO_BP","GOBP_POSITIVE_REGULATION_OF_NUCLEOTIDE_BINDING_DOMAIN_LEUCINE_RICH_REPEAT_CONTAINING_RECEPTOR_SIGNALING_PATHWAY","up",1.74925518,0.0275006123,0.0238189958,5,5766,11236,694,663
"Treg","GO_BP","GOBP_ENDOTHELIAL_CELL_DIFFERENTIATION","up",1.68617832,0.0275006123,0.0238334627,68,5766,11236,694,663
"Treg","GO_BP","GOBP_IMMUNOGLOBULIN_PRODUCTION_INVOLVED_IN_IMMUNOGLOBULIN_MEDIATED_IMMUNE_RESPONSE","up",1.73682233,0.0280806215,0.0243208108,49,5766,11236,694,663
"Treg","GO_BP","GOBP_POSITIVE_REGULATION_OF_GLIAL_CELL_DIFFERENTIATION","up",1.81850129,0.0280806215,0.0243252671,26,5766,11236,694,663
"Treg","GO_BP","GOBP_REGULATION_OF_PROTEIN_CONTAINING_COMPLEX_ASSEMBLY","up",1.43097338,0.0282466583,0.0244140601,323,5766,11236,694,663
"Treg","GO_BP","GOBP_CERAMIDE_METABOLIC_PROCESS","up",1.66919729,0.0283121254,0.0244933191,74,5766,11236,694,663
"Treg","GO_BP","GOBP_AXONAL_TRANSPORT","up",1.71170073,0.0283255224,0.0245319744,58,5766,11236,694,663
"Treg","GO_BP","GOBP_REGULATION_OF_RESPONSE_TO_WOUNDING","up",1.63811951,0.0284259589,0.0246451167,91,5766,11236,694,663
"Treg","GO_BP","GOBP_NEGATIVE_REGULATION_OF_ENDOPLASMIC_RETICULUM_STRESS_INDUCED_INTRINSIC_APOPTOTIC_SIGNALING_PATHWAY","up",1.85406179,0.0284259589,0.0247054179,16,5766,11236,694,663
"Treg","GO_BP","GOBP_REGULATION_OF_CHEMOTAXIS","up",1.58958081,0.0284259589,0.0247054179,120,5766,11236,694,663
"Treg","GO_BP","GOBP_HORMONE_TRANSPORT","up",1.53408233,0.0284259589,0.0247054179,164,5766,11236,694,663
"Treg","GO_BP","GOBP_NEGATIVE_REGULATION_OF_NATURAL_KILLER_CELL_MEDIATED_IMMUNITY","up",1.83825214,0.0286555075,0.0249057316,20,5766,11236,694,663
"Treg","GO_BP","GOBP_REGULATION_OF_ADENYLATE_CYCLASE_ACTIVITY","up",1.85525201,0.0286555075,0.0249207214,13,5766,11236,694,663
"Treg","GO_BP","GOBP_HOST_MEDIATED_SUPPRESSION_OF_SYMBIONT_INVASION","up",1.85187945,0.0286555075,0.0249207214,16,5766,11236,694,663
"Treg","GO_BP","GOBP_POSITIVE_REGULATION_OF_TRANSMEMBRANE_TRANSPORT","up",1.63612864,0.0287636059,0.0250199804,95,5766,11236,694,663
"Treg","GO_BP","GOBP_ALPHA_BETA_T_CELL_PROLIFERATION","up",1.76793106,0.0290766571,0.0253196119,39,5766,11236,694,663
"Treg","GO_BP","GOBP_RESPONSE_TO_CORTICOSTEROID","up",1.64311146,0.0291564577,0.025416453,85,5766,11236,694,663
"Treg","GO_BP","GOBP_REGULATORY_T_CELL_DIFFERENTIATION","up",1.72417268,0.0292081303,0.0254667048,52,5766,11236,694,663
"Treg","GO_BP","GOBP_LENS_FIBER_CELL_DIFFERENTIATION","up",1.8125964,0.0292305419,0.0255135671,25,5766,11236,694,663
"Treg","GO_BP","GOBP_CHONDROITIN_SULFATE_PROTEOGLYCAN_METABOLIC_PROCESS","up",1.80918779,0.0294159935,0.0256583764,28,5766,11236,694,663
"Treg","GO_BP","GOBP_REGULATION_OF_TOLERANCE_INDUCTION","up",1.83507213,0.0296856434,0.0258988189,19,5766,11236,694,663
"Treg","GO_BP","GOBP_LEUKOCYTE_HOMEOSTASIS","up",1.60937366,0.029976214,0.0261599241,105,5766,11236,694,663
"Treg","GO_BP","GOBP_CELLULAR_PIGMENTATION","up",1.72236062,0.029976214,0.0261678452,53,5766,11236,694,663
"Treg","GO_BP","GOBP_POSITIVE_REGULATION_OF_AXONOGENESIS","up",1.73017825,0.029976214,0.0261680814,48,5766,11236,694,663
"Treg","GO_BP","GOBP_NUCLEOTIDE_SUGAR_BIOSYNTHETIC_PROCESS","up",1.80735438,0.030122559,0.0262875391,25,5766,11236,694,663
"Treg","GO_BP","GOBP_GENERATION_OF_PRECURSOR_METABOLITES_AND_ENERGY","up",1.41038358,0.030122559,0.0263018635,355,5766,11236,694,663
"Treg","GO_BP","GOBP_NEGATIVE_REGULATION_OF_PLASMINOGEN_ACTIVATION","up",1.74238716,0.0305441835,0.0266797889,5,5766,11236,694,663
"Treg","GO_BP","GOBP_CELLULAR_RESPONSE_TO_RADIATION","up",1.55821627,0.0306849652,0.0268080445,134,5766,11236,694,663
"Treg","GO_BP","GOBP_NUCLEOTIDE_SUGAR_METABOLIC_PROCESS","up",1.77844698,0.0308162697,0.0269792431,36,5766,11236,694,663
"Treg","GO_BP","GOBP_LONG_CHAIN_FATTY_ACID_TRANSPORT","up",1.77032188,0.0308162697,0.0269792431,37,5766,11236,694,663
"Treg","GO_BP","GOBP_DISRUPTION_OF_ANATOMICAL_STRUCTURE_IN_ANOTHER_ORGANISM","up",1.72456499,0.0308911947,0.0270782222,49,5766,11236,694,663
"Treg","GO_BP","GOBP_SPHINGOLIPID_METABOLIC_PROCESS","up",1.60560362,0.0308911947,0.0270782222,106,5766,11236,694,663
"Treg","GO_BP","GOBP_MACROPINOCYTOSIS","up",1.81774732,0.0309421083,0.0271279873,9,5766,11236,694,663
"Treg","GO_BP","GOBP_REGULATION_OF_PLASMA_MEMBRANE_ORGANIZATION","up",1.83519762,0.0311643508,0.0273203158,15,5766,11236,694,663
"Treg","GO_BP","GOBP_DE_NOVO_PROTEIN_FOLDING","up",1.83273912,0.0311643508,0.0273203158,11,5766,11236,694,663
"Treg","GO_BP","GOBP_NEGATIVE_REGULATION_OF_SIGNAL_TRANSDUCTION_IN_ABSENCE_OF_LIGAND","up",1.81207844,0.0311643508,0.0273203158,22,5766,11236,694,663
"Treg","GO_BP","GOBP_CD8_POSITIVE_ALPHA_BETA_T_CELL_ACTIVATION","up",1.77542523,0.0311643508,0.0273203158,34,5766,11236,694,663
"Treg","GO_BP","GOBP_NEGATIVE_REGULATION_OF_T_CELL_MEDIATED_IMMUNITY","up",1.77982418,0.0314267062,0.0275786688,31,5766,11236,694,663
"Treg","GO_BP","GOBP_NEGATIVE_REGULATION_OF_PROTEOLYSIS","up",1.6212865,0.0315505551,0.0276924848,98,5766,11236,694,663
"Treg","GO_BP","GOBP_IMMUNOLOGICAL_MEMORY_PROCESS","up",1.83536405,0.0319398109,0.0280150651,18,5766,11236,694,663
"Treg","GO_BP","GOBP_REGULATION_OF_INFLAMMATORY_RESPONSE_TO_ANTIGENIC_STIMULUS","up",1.76526811,0.0319398109,0.0280210112,37,5766,11236,694,663
"Treg","GO_BP","GOBP_VESICLE_CARGO_LOADING","up",1.79763439,0.0319906328,0.0280942543,28,5766,11236,694,663
"Treg","GO_BP","GOBP_HYDROGEN_PEROXIDE_CATABOLIC_PROCESS","up",1.83319174,0.0319941183,0.0281544914,13,5766,11236,694,663
"Treg","GO_BP","GOBP_POSITIVE_REGULATION_OF_VIRAL_PROCESS","up",1.70680639,0.0319941183,0.0281544914,52,5766,11236,694,663
"Treg","GO_BP","GOBP_TRANSFORMING_GROWTH_FACTOR_BETA1_PRODUCTION","up",1.82307563,0.0322936946,0.0284468989,10,5766,11236,694,663
"Treg","GO_BP","GOBP_ANTIGEN_PROCESSING_AND_PRESENTATION_OF_PEPTIDE_ANTIGEN_VIA_MHC_CLASS_I","up",1.77756378,0.0323725486,0.0285213978,30,5766,11236,694,663
"Treg","GO_BP","GOBP_CELLULAR_RESPONSE_TO_PEPTIDE_HORMONE_STIMULUS","up",1.47290457,0.0327035326,0.0288180793,222,5766,11236,694,663
"Treg","GO_BP","GOBP_POSITIVE_REGULATION_OF_NERVOUS_SYSTEM_PROCESS","up",1.83101013,0.0329008079,0.0290210867,18,5766,11236,694,663
"Treg","GO_BP","GOBP_DETOXIFICATION_OF_COPPER_ION","up",1.81074596,0.0335567692,0.0295069626,9,5766,11236,694,663
"Treg","GO_BP","GOBP_TYPE_2_IMMUNE_RESPONSE","up",1.7600383,0.0337270016,0.0296864324,37,5766,11236,694,663
"Treg","GO_BP","GOBP_REGULATION_OF_KINASE_ACTIVITY","up",1.48325462,0.0337816356,0.0297397643,205,5766,11236,694,663
"Treg","GO_BP","GOBP_NEGATIVE_REGULATION_OF_CD4_POSITIVE_ALPHA_BETA_T_CELL_DIFFERENTIATION","up",1.80246202,0.0338306405,0.0298126767,21,5766,11236,694,663
"Treg","GO_BP","GOBP_LIPID_DROPLET_ORGANIZATION","up",1.78695271,0.0338822528,0.0298633474,28,5766,11236,694,663
"Treg","GO_BP","GOBP_POSITIVE_REGULATION_OF_OSTEOCLAST_DIFFERENTIATION","up",1.79768214,0.0340528905,0.0299943163,24,5766,11236,694,663
"Treg","GO_BP","GOBP_GRANULOCYTE_MACROPHAGE_COLONY_STIMULATING_FACTOR_PRODUCTION","up",1.78590811,0.0342608971,0.0301334213,7,5766,11236,694,663
"Treg","GO_BP","GOBP_CARTILAGE_DEVELOPMENT","up",1.60960602,0.0342927482,0.0301913892,98,5766,11236,694,663
"Treg","GO_BP","GOBP_OSTEOCLAST_DIFFERENTIATION","up",1.64025354,0.0345896476,0.0304881906,79,5766,11236,694,663
"Treg","GO_BP","GOBP_RESPONSE_TO_METAL_ION","up",1.4801033,0.0345896476,0.0304881906,207,5766,11236,694,663
"Treg","GO_BP","GOBP_ZYMOSTEROL_METABOLIC_PROCESS","up",1.8275127,0.0350509599,0.0308749802,14,5766,11236,694,663
"Treg","GO_BP","GOBP_POSITIVE_REGULATION_OF_MYELINATION","up",1.82724624,0.0358663036,0.0314818102,12,5766,11236,694,663
"Treg","GO_BP","GOBP_REGULATION_OF_CALCIUM_ION_DEPENDENT_EXOCYTOSIS","up",1.79940533,0.0358663036,0.0314818102,20,5766,11236,694,663
"Treg","GO_BP","GOBP_T_CELL_MEDIATED_IMMUNE_RESPONSE_TO_TUMOR_CELL","up",1.80385813,0.0358663036,0.0314840384,19,5766,11236,694,663
"Treg","GO_BP","GOBP_HYALURONAN_METABOLIC_PROCESS","up",1.81095041,0.0358663036,0.0314878462,17,5766,11236,694,663
"Treg","GO_BP","GOBP_REGULATION_OF_MITOCHONDRIAL_MEMBRANE_POTENTIAL","up",1.69397024,0.0358663036,0.0315007877,53,5766,11236,694,663
"Treg","GO_BP","GOBP_CELLULAR_RESPONSE_TO_CADMIUM_ION","up",1.81059824,0.0359341527,0.0315836832,17,5766,11236,694,663
"Treg","GO_BP","GOBP_IMMUNOGLOBULIN_PRODUCTION","up",1.61384101,0.0359426913,0.0316220213,88,5766,11236,694,663
"Treg","GO_BP","GOBP_CELLULAR_RESPONSE_TO_INSULIN_STIMULUS","up",1.5246627,0.0359545299,0.0316632308,154,5766,11236,694,663
"Treg","GO_BP","GOBP_VESICLE_FUSION_TO_PLASMA_MEMBRANE","up",1.82273706,0.0360554625,0.0317873641,14,5766,11236,694,663
"Treg","GO_BP","GOBP_REGULATION_OF_AUTOPHAGY","up",1.41709109,0.0360554625,0.0318137293,314,5766,11236,694,663
"Treg","GO_BP","GOBP_TRANSPOSITION","up",1.78776253,0.0360712836,0.0318650043,24,5766,11236,694,663
"Treg","GO_BP","GOBP_PLASMA_MEMBRANE_ORGANIZATION","up",1.59079982,0.0360712836,0.0318650043,104,5766,11236,694,663
"Treg","GO_BP","GOBP_ANTIGEN_RECEPTOR_MEDIATED_SIGNALING_PATHWAY","up",1.49912154,0.0361074292,0.0319505971,175,5766,11236,694,663
"Treg","GO_BP","GOBP_NEGATIVE_REGULATION_OF_ORGANELLE_ORGANIZATION","up",1.42758875,0.0361074292,0.0319569108,284,5766,11236,694,663
"Treg","GO_BP","GOBP_IMMUNE_RESPONSE_REGULATING_CELL_SURFACE_RECEPTOR_SIGNALING_PATHWAY","up",1.41974558,0.036248083,0.0320610398,300,5766,11236,694,663
"Treg","GO_BP","GOBP_POSITIVE_REGULATION_OF_TRANSPORTER_ACTIVITY","up",1.820619,0.036329989,0.0321438303,14,5766,11236,694,663
"Treg","GO_BP","GOBP_NEGATIVE_REGULATION_OF_CAMP_PKA_SIGNAL_TRANSDUCTION","up",1.81249235,0.036329989,0.0321438303,16,5766,11236,694,663
"Treg","GO_BP","GOBP_REGULATION_OF_NEUROTRANSMITTER_RECEPTOR_ACTIVITY","up",1.79459965,0.036534513,0.0323044076,23,5766,11236,694,663
"Treg","GO_BP","GOBP_POSITIVE_REGULATION_OF_RAS_PROTEIN_SIGNAL_TRANSDUCTION","up",1.80441054,0.0365913948,0.0324161867,17,5766,11236,694,663
"Treg","GO_BP","GOBP_CEREBELLAR_GRANULAR_LAYER_DEVELOPMENT","up",1.78058062,0.0365913948,0.0324161867,7,5766,11236,694,663
"Treg","GO_BP","GOBP_POSITIVE_REGULATION_OF_CATALYTIC_ACTIVITY","up",1.47376799,0.0367195637,0.0325271459,207,5766,11236,694,663
"Treg","GO_BP","GOBP_MIDBRAIN_DEVELOPMENT","up",1.68814839,0.0367195637,0.0325399508,52,5766,11236,694,663
"Treg","GO_BP","GOBP_LIPOSACCHARIDE_METABOLIC_PROCESS","up",1.61426127,0.036807312,0.0326639618,89,5766,11236,694,663
"Treg","GO_BP","GOBP_VACUOLAR_TRANSPORT","up",1.52169834,0.036807312,0.0326791525,152,5766,11236,694,663
"Treg","GO_BP","GOBP_RESPONSE_TO_TEMPERATURE_STIMULUS","up",1.55726927,0.0369288971,0.0327980614,120,5766,11236,694,663
"Treg","GO_BP","GOBP_IMMUNOLOGICAL_MEMORY_FORMATION_PROCESS","up",1.81792544,0.0370463249,0.0328806814,12,5766,11236,694,663
"Treg","GO_BP","GOBP_ALCOHOL_METABOLIC_PROCESS","up",1.46436458,0.0370463249,0.0328806814,217,5766,11236,694,663
"Treg","GO_BP","GOBP_ORGANIC_ACID_TRANSPORT","up",1.4946624,0.0374270506,0.0332187007,175,5766,11236,694,663
"Treg","GO_BP","GOBP_NEGATIVE_REGULATION_OF_GENE_SILENCING_BY_REGULATORY_NCRNA","up",1.81210887,0.0379965649,0.033739456,12,5766,11236,694,663
"Treg","GO_BP","GOBP_POSITIVE_REGULATION_OF_REGULATORY_T_CELL_DIFFERENTIATION","up",1.78725873,0.0379965649,0.033739456,21,5766,11236,694,663
"Treg","GO_BP","GOBP_PHAGOCYTOSIS","up",1.49708985,0.0384130287,0.0341144113,172,5766,11236,694,663
"Treg","GO_BP","GOBP_T_HELPER_1_CELL_CYTOKINE_PRODUCTION","up",1.77423516,0.0385080902,0.0342356143,7,5766,11236,694,663
"Treg","GO_BP","GOBP_CELLULAR_RESPONSE_TO_OXIDATIVE_STRESS","up",1.48018023,0.0385080902,0.0342356143,190,5766,11236,694,663
"Treg","GO_BP","GOBP_REGULATION_OF_FIBRINOLYSIS","up",1.75259416,0.0385723926,0.0342955591,6,5766,11236,694,663
"Treg","GO_BP","GOBP_REGULATION_OF_PODOSOME_ASSEMBLY","up",1.80659918,0.0385723926,0.0343029431,11,5766,11236,694,663
"Treg","GO_BP","GOBP_NEGATIVE_REGULATION_OF_CHONDROCYTE_DIFFERENTIATION","up",1.78713195,0.0387331962,0.0344244843,8,5766,11236,694,663
"Treg","GO_BP","GOBP_INTRINSIC_APOPTOTIC_SIGNALING_PATHWAY_IN_RESPONSE_TO_DNA_DAMAGE","up",1.58345036,0.0388911239,0.034569964,101,5766,11236,694,663
"Treg","GO_BP","GOBP_NECROPTOTIC_SIGNALING_PATHWAY","up",1.78660293,0.0389194662,0.0346585149,8,5766,11236,694,663
"Treg","GO_BP","GOBP_ALDITOL_CATABOLIC_PROCESS","up",1.72208034,0.0389194662,0.0346585149,5,5766,11236,694,663
"Treg","GO_BP","GOBP_REGULATION_OF_PROTEIN_TARGETING","up",1.65756069,0.0390306848,0.0347093393,62,5766,11236,694,663
"Treg","GO_BP","GOBP_SMALL_MOLECULE_CATABOLIC_PROCESS","up",1.43879898,0.0394106715,0.0349988651,253,5766,11236,694,663
"Treg","GO_BP","GOBP_POSITIVE_REGULATION_OF_CHEMOTAXIS","up",1.6008411,0.0396925218,0.0352543842,87,5766,11236,694,663
"Treg","GO_BP","GOBP_POSITIVE_REGULATION_OF_PROTEIN_MATURATION","up",1.80955846,0.0397441924,0.0353323778,14,5766,11236,694,663
"Treg","GO_BP","GOBP_NATURAL_KILLER_CELL_CHEMOTAXIS","up",1.76969219,0.0400646105,0.0355413449,7,5766,11236,694,663
"Treg","GO_BP","GOBP_REGULATION_OF_BIOMINERAL_TISSUE_DEVELOPMENT","up",1.68863594,0.0402329451,0.0356689702,49,5766,11236,694,663
"Treg","GO_BP","GOBP_RESPONSE_TO_VITAMIN_D","up",1.77585587,0.0402341496,0.0357023625,21,5766,11236,694,663
"Treg","GO_BP","GOBP_POSITIVE_REGULATION_OF_PODOSOME_ASSEMBLY","up",1.78821935,0.0407005419,0.0360127694,9,5766,11236,694,663
"Treg","GO_BP","GOBP_HYPOTHALAMUS_DEVELOPMENT","up",1.80720235,0.0408817957,0.0361786497,14,5766,11236,694,663
"Treg","GO_BP","GOBP_ATP_SYNTHESIS_COUPLED_ELECTRON_TRANSPORT","up",1.60297943,0.0410114916,0.0363262006,85,5766,11236,694,663
"Treg","GO_BP","GOBP_CELLULAR_RESPONSE_TO_TYPE_II_INTERFERON","up",1.61400326,0.0410584895,0.0363353752,79,5766,11236,694,663
"Treg","GO_BP","GOBP_CHAPERONE_MEDIATED_PROTEIN_COMPLEX_ASSEMBLY","up",1.77785202,0.0410932327,0.0363822566,20,5766,11236,694,663
"Treg","GO_BP","GOBP_NEGATIVE_REGULATION_OF_FERROPTOSIS","up",1.80192669,0.0413721051,0.0366729207,15,5766,11236,694,663
"Treg","GO_BP","GOBP_ENDOCRINE_PROCESS","up",1.73212619,0.0413721051,0.0366949155,37,5766,11236,694,663
"Treg","GO_BP","GOBP_REGULATION_OF_OSSIFICATION","up",1.64450757,0.0420352973,0.0372608084,63,5766,11236,694,663
"Treg","GO_BP","GOBP_POSITIVE_REGULATION_OF_LEUKOCYTE_CHEMOTAXIS","up",1.63906955,0.0421264631,0.0373749641,66,5766,11236,694,663
"Treg","GO_BP","GOBP_RESPONSE_TO_INSULIN","up",1.46993737,0.042312434,0.0375454448,190,5766,11236,694,663
"Treg","GO_BP","GOBP_POSITIVE_REGULATION_OF_APOPTOTIC_PROCESS_INVOLVED_IN_DEVELOPMENT","up",1.74613667,0.0423786753,0.0376376639,6,5766,11236,694,663
"Treg","GO_BP","GOBP_PALLIUM_DEVELOPMENT","up",1.55643006,0.0424935275,0.0377619069,112,5766,11236,694,663
"Treg","GO_BP","GOBP_POSITIVE_REGULATION_OF_EXTRINSIC_APOPTOTIC_SIGNALING_PATHWAY","up",1.70129152,0.0424935275,0.0377659972,44,5766,11236,694,663
"Treg","GO_BP","GOBP_ENDOPLASMIC_RETICULUM_CALCIUM_ION_HOMEOSTASIS","up",1.76863668,0.0424935275,0.0377839033,21,5766,11236,694,663
"Treg","GO_BP","GOBP_ACTIN_FILAMENT_BASED_MOVEMENT","up",1.65243656,0.0431716882,0.038397764,60,5766,11236,694,663
"Treg","GO_BP","GOBP_VESICLE_BUDDING_FROM_MEMBRANE","up",1.60736445,0.0431716882,0.038397764,79,5766,11236,694,663
"Treg","GO_BP","GOBP_MEMBRANE_RAFT_ASSEMBLY","up",1.7726034,0.0438289358,0.0389304028,8,5766,11236,694,663
"Treg","GO_BP","GOBP_PROTEIN_LOCALIZATION_TO_SYNAPSE","up",1.67302684,0.0440498965,0.0390691524,50,5766,11236,694,663
"Treg","GO_BP","GOBP_REGULATION_OF_DEFENSE_RESPONSE_TO_VIRUS","up",1.67283225,0.0440498965,0.0390691524,50,5766,11236,694,663
"Treg","GO_BP","GOBP_NEGATIVE_REGULATION_OF_LOCOMOTION","up",1.465477,0.0440498965,0.0391184692,195,5766,11236,694,663
"Treg","GO_BP","GOBP_REGULATION_OF_LYMPHOCYTE_CHEMOTAXIS","up",1.7829097,0.0440498965,0.0391202405,18,5766,11236,694,663
"Treg","GO_BP","GOBP_REGULATION_OF_HEART_CONTRACTION","up",1.59334734,0.044255783,0.0393086621,84,5766,11236,694,663
"Treg","GO_BP","GOBP_ENDOTHELIAL_CELL_CHEMOTAXIS","up",1.78676158,0.0443868721,0.0394594552,16,5766,11236,694,663
"Treg","GO_BP","GOBP_MULTIVESICULAR_BODY_SORTING_PATHWAY","up",1.69964094,0.0446482271,0.0397263066,43,5766,11236,694,663
"Treg","GO_BP","GOBP_REGULATION_OF_DEFENSE_RESPONSE_TO_VIRUS_BY_HOST","up",1.73676105,0.0448055638,0.0398718184,31,5766,11236,694,663
"Treg","GO_BP","GOBP_NEURON_CELLULAR_HOMEOSTASIS","up",1.74380884,0.0449307401,0.0400178338,29,5766,11236,694,663
"Treg","GO_BP","GOBP_REGULATION_OF_HORMONE_SECRETION","up",1.52519481,0.0455128771,0.0405012643,126,5766,11236,694,663
"Treg","GO_BP","GOBP_PROTEIN_EXIT_FROM_ENDOPLASMIC_RETICULUM","up",1.68220652,0.0455128771,0.0405622465,46,5766,11236,694,663
"Treg","GO_BP","GOBP_REGULATION_OF_LIPID_LOCALIZATION","up",1.57556076,0.0455128771,0.0405913099,95,5766,11236,694,663
"Treg","GO_BP","GOBP_ANTIGEN_PROCESSING_AND_PRESENTATION_OF_PEPTIDE_ANTIGEN_VIA_MHC_CLASS_IB","up",1.77929723,0.0455128771,0.0405931648,10,5766,11236,694,663
"Treg","GO_BP","GOBP_MACROPHAGE_CHEMOTAXIS","up",1.74377752,0.0455128771,0.0405931648,28,5766,11236,694,663
"Treg","GO_BP","GOBP_REGULATION_OF_ENDOTHELIAL_CELL_MIGRATION","up",1.56499685,0.0456451264,0.0407459712,100,5766,11236,694,663
"Treg","GO_BP","GOBP_ORGANELLE_MEMBRANE_FUSION","up",1.56133128,0.0458166925,0.0409340559,102,5766,11236,694,663
"Treg","GO_BP","GOBP_TYROSINE_PHOSPHORYLATION_OF_STAT_PROTEIN","up",1.73183009,0.0458181782,0.0409349015,31,5766,11236,694,663
"Treg","GO_BP","GOBP_POSITIVE_REGULATION_OF_ALPHA_BETA_T_CELL_PROLIFERATION","up",1.75729092,0.0458181782,0.0409460578,23,5766,11236,694,663
"Treg","GO_BP","GOBP_INFLAMMATORY_RESPONSE_TO_WOUNDING","up",1.75362978,0.0459734056,0.0412113495,24,5766,11236,694,663
"Treg","GO_BP","GOBP_RELEASE_OF_SEQUESTERED_CALCIUM_ION_INTO_CYTOSOL_BY_ENDOPLASMIC_RETICULUM","up",1.75058278,0.0459734056,0.0412113495,25,5766,11236,694,663
"Treg","GO_BP","GOBP_REGULATION_OF_HYDROLASE_ACTIVITY","up",1.55275292,0.0459734056,0.0412113495,107,5766,11236,694,663
"Treg","GO_BP","GOBP_NEURON_APOPTOTIC_PROCESS","up",1.4609132,0.0459734056,0.0412240525,194,5766,11236,694,663
"Treg","GO_BP","GOBP_REGULATION_OF_T_HELPER_17_CELL_DIFFERENTIATION","up",1.74798141,0.0469874132,0.0419880419,25,5766,11236,694,663
"Treg","GO_BP","GOBP_NEGATIVE_REGULATION_OF_RECEPTOR_SIGNALING_PATHWAY_VIA_STAT","up",1.75409747,0.047239885,0.0421889995,23,5766,11236,694,663
"Treg","GO_BP","GOBP_POSITIVE_REGULATION_OF_ERK1_AND_ERK2_CASCADE","up",1.56857158,0.0473733782,0.0422836038,96,5766,11236,694,663
"Treg","GO_BP","GOBP_PROTEIN_COMPLEX_OLIGOMERIZATION","up",1.46263904,0.0474283775,0.0423682941,185,5766,11236,694,663
"Treg","GO_BP","GOBP_MYELOID_CELL_ACTIVATION_INVOLVED_IN_IMMUNE_RESPONSE","up",1.60598359,0.0474317621,0.0423822119,74,5766,11236,694,663
"Treg","GO_BP","GOBP_GLYCOPROTEIN_METABOLIC_PROCESS","up",1.41479166,0.0474317621,0.0423822119,268,5766,11236,694,663
"Treg","GO_BP","GOBP_REGULATION_OF_MYELOID_LEUKOCYTE_DIFFERENTIATION","up",1.57483349,0.0476798036,0.0426092995,89,5766,11236,694,663
"Treg","GO_BP","GOBP_INTERLEUKIN_1_PRODUCTION","up",1.58929385,0.0480007018,0.0429015454,80,5766,11236,694,663
"Treg","GO_BP","GOBP_CELL_COMMUNICATION_BY_ELECTRICAL_COUPLING_INVOLVED_IN_CARDIAC_CONDUCTION","up",1.7861806,0.0481272254,0.0430504822,13,5766,11236,694,663
"Treg","GO_BP","GOBP_EPITHELIAL_CELL_PROLIFERATION","up",1.43493701,0.0483891479,0.0433214169,228,5766,11236,694,663
"Treg","GO_BP","GOBP_REGULATION_OF_NATURAL_KILLER_CELL_CHEMOTAXIS","up",1.70456775,0.0483891479,0.0433535869,5,5766,11236,694,663
"Treg","GO_BP","GOBP_CELLULAR_RESPONSE_TO_GLUCAGON_STIMULUS","up",1.76876343,0.0486688302,0.0435819947,9,5766,11236,694,663
"Treg","GO_BP","GOBP_CAMP_METABOLIC_PROCESS","up",1.78297378,0.0490087535,0.0439072903,12,5766,11236,694,663
"Treg","GO_BP","GOBP_MEMBRANE_DOCKING","up",1.61399776,0.0490087535,0.0439695626,68,5766,11236,694,663
"Treg","GO_BP","GOBP_CELLULAR_RESPONSE_TO_STARVATION","up",1.49635596,0.0490087535,0.0439695626,148,5766,11236,694,663
"Treg","GO_BP","GOBP_POSITIVE_REGULATION_OF_RESPONSE_TO_BIOTIC_STIMULUS","up",1.38426245,0.0490087535,0.0439695626,321,5766,11236,694,663
"Treg","GO_BP","GOBP_ASTRAL_MICROTUBULE_ORGANIZATION","up",1.78259455,0.0492279818,0.0441715652,13,5766,11236,694,663
"Treg","GO_BP","GOBP_REGULATION_OF_T_CELL_RECEPTOR_SIGNALING_PATHWAY","up",1.63965469,0.0493611987,0.0442964142,58,5766,11236,694,663
"Treg","GO_BP","GOBP_CD8_POSITIVE_ALPHA_BETA_T_CELL_HOMEOSTASIS","up",1.78062868,0.0495111971,0.044477879,13,5766,11236,694,663
"Treg","GO_BP","GOBP_DETOXIFICATION_OF_INORGANIC_COMPOUND","up",1.77614122,0.0495111971,0.044477879,15,5766,11236,694,663
"Treg","GO_BP","GOBP_NUCLEOSIDE_TRIPHOSPHATE_BIOSYNTHETIC_PROCESS","up",1.56161122,0.0495111971,0.044477879,96,5766,11236,694,663
"Treg","GO_BP","GOBP_AMYLOID_BETA_CLEARANCE_BY_TRANSCYTOSIS","up",1.74973714,0.0498326737,0.0447719411,7,5766,11236,694,663
"Treg","GO_BP","GOBP_CARBOHYDRATE_BIOSYNTHETIC_PROCESS","up",1.52082159,0.0502108916,0.0451483945,122,5766,11236,694,663
"Treg","GO_BP","GOBP_REGULATION_OF_APOPTOTIC_PROCESS_INVOLVED_IN_DEVELOPMENT","up",1.74855187,0.0507878123,0.0457146332,7,5766,11236,694,663
"Treg","GO_BP","GOBP_NEGATIVE_REGULATION_OF_RESPONSE_TO_ENDOPLASMIC_RETICULUM_STRESS","up",1.66992794,0.0507878123,0.0457146332,45,5766,11236,694,663
"Treg","GO_BP","GOBP_POSITIVE_REGULATION_OF_INTERLEUKIN_2_PRODUCTION","up",1.66963946,0.0507878123,0.0457146332,45,5766,11236,694,663
"Treg","GO_BP","GOBP_CELLULAR_RESPONSE_TO_CHEMICAL_STRESS","up",1.42162773,0.0509128425,0.0458641187,241,5766,11236,694,663
"Treg","GO_BP","GOBP_REGULATION_OF_RESPONSE_TO_REACTIVE_OXYGEN_SPECIES","down",-1.7456395,0.0511451532,0.046078588,8,5766,11236,694,663
"Treg","GO_BP","GOBP_CYCLIC_NUCLEOTIDE_METABOLIC_PROCESS","up",1.76058474,0.0511878129,0.0461697552,18,5766,11236,694,663
"Treg","GO_BP","GOBP_POSITIVE_REGULATION_OF_KINASE_ACTIVITY","up",1.54656284,0.0511878129,0.0461961228,101,5766,11236,694,663
"Treg","GO_BP","GOBP_REGULATION_OF_CELL_JUNCTION_ASSEMBLY","up",1.49148623,0.0511878129,0.0461961228,147,5766,11236,694,663
"Treg","GO_BP","GOBP_PEPTIDYL_AMINO_ACID_MODIFICATION","up",1.38538102,0.0512072666,0.0462505748,312,5766,11236,694,663
"Treg","GO_BP","GOBP_ANTIMICROBIAL_HUMORAL_IMMUNE_RESPONSE_MEDIATED_BY_ANTIMICROBIAL_PEPTIDE","up",1.69144369,0.0523976635,0.0472010203,37,5766,11236,694,663
"Treg","GO_BP","GOBP_NEGATIVE_REGULATION_OF_PROTEIN_TYROSINE_KINASE_ACTIVITY","up",1.77075005,0.0524052507,0.047245492,11,5766,11236,694,663
"Treg","GO_BP","GOBP_MEMBRANE_PROTEIN_PROTEOLYSIS","up",1.65399018,0.0527366864,0.0475495499,49,5766,11236,694,663
"Treg","GO_BP","GOBP_PROTEIN_LOCALIZATION_TO_CELL_JUNCTION","up",1.60366565,0.0528102426,0.0476536917,71,5766,11236,694,663
"Treg","GO_BP","GOBP_AMINOGLYCAN_CATABOLIC_PROCESS","up",1.75449395,0.0529351271,0.0478042403,17,5766,11236,694,663
"Treg","GO_BP","GOBP_POSITIVE_REGULATION_OF_SIGNAL_TRANSDUCTION_BY_P53_CLASS_MEDIATOR","down",-1.71005541,0.0529367109,0.047843478,30,5766,11236,694,663
"Treg","GO_BP","GOBP_RESPONSE_TO_THYROID_HORMONE","up",1.77268316,0.0530454397,0.0479795791,12,5766,11236,694,663
"Treg","GO_BP","GOBP_CELLULAR_RESPONSE_TO_INTERLEUKIN_1","up",1.61684004,0.0532794032,0.0481639943,63,5766,11236,694,663
"Treg","GO_BP","GOBP_REACTIVE_NITROGEN_SPECIES_METABOLIC_PROCESS","up",1.62732697,0.0533301422,0.0482472332,59,5766,11236,694,663
"Treg","GO_BP","GOBP_DETECTION_OF_STIMULUS_INVOLVED_IN_SENSORY_PERCEPTION_OF_PAIN","up",1.76687286,0.0533656134,0.0482994537,11,5766,11236,694,663
"Treg","GO_BP","GOBP_ESTABLISHMENT_OF_PIGMENT_GRANULE_LOCALIZATION","up",1.7398235,0.0533656134,0.0482994537,19,5766,11236,694,663
"Treg","GO_BP","GOBP_POSITIVE_REGULATION_OF_CELL_CELL_ADHESION_MEDIATED_BY_INTEGRIN","up",1.71894541,0.0533656134,0.0482994537,6,5766,11236,694,663
"Treg","GO_BP","GOBP_APOPTOTIC_MITOCHONDRIAL_CHANGES","up",1.56220506,0.0533656134,0.0482994537,91,5766,11236,694,663
"Treg","GO_BP","GOBP_POSITIVE_REGULATION_OF_GRANULOCYTE_CHEMOTAXIS","up",1.75328876,0.0534738874,0.0484352062,18,5766,11236,694,663
"Treg","GO_BP","GOBP_REGULATION_OF_GLIOGENESIS","up",1.63224846,0.0543367692,0.0491885799,55,5766,11236,694,663
"Treg","GO_BP","GOBP_REGULATION_OF_CALCIUM_ION_TRANSMEMBRANE_TRANSPORT","up",1.56201311,0.0545034357,0.0493445329,86,5766,11236,694,663
"Treg","GO_BP","GOBP_B_CELL_ACTIVATION_INVOLVED_IN_IMMUNE_RESPONSE","up",1.59923336,0.0545806885,0.0494528462,71,5766,11236,694,663
"Treg","GO_BP","GOBP_COLLAGEN_CATABOLIC_PROCESS","up",1.76791661,0.0546703576,0.049577444,13,5766,11236,694,663
"Treg","GO_BP","GOBP_REGULATION_OF_NATURAL_KILLER_CELL_ACTIVATION","up",1.6809981,0.0546703576,0.049577444,40,5766,11236,694,663
"Treg","GO_BP","GOBP_CHONDROITIN_SULFATE_PROTEOGLYCAN_BIOSYNTHETIC_PROCESS","up",1.73597237,0.0547895846,0.0497239251,22,5766,11236,694,663
"Treg","GO_BP","GOBP_NEGATIVE_REGULATION_OF_MITOCHONDRIAL_OUTER_MEMBRANE_PERMEABILIZATION_INVOLVED_IN_APOPTOTIC_SIGNALING_PATHWAY","up",1.75359664,0.0549197055,0.049846939,9,5766,11236,694,663
"Treg","GO_CC","GOCC_CYTOSOLIC_RIBOSOME","down",-3.13910317,2.52450722e-23,3.68190072e-23,110,856,11236,114,114
"Treg","GO_CC","GOCC_TRANSPORT_VESICLE","up",2.41863523,2.87667168e-17,7.25032985e-17,316,856,11236,114,114
"Treg","GO_CC","GOCC_CYTOSOLIC_LARGE_RIBOSOMAL_SUBUNIT","down",-3.07173418,2.87667168e-17,7.55193527e-17,52,856,11236,114,114
"Treg","GO_CC","GOCC_RIBOSOMAL_SUBUNIT","down",-2.57959596,4.00714099e-14,8.09206257e-14,170,856,11236,114,114
"Treg","GO_CC","GOCC_CYTOSOLIC_SMALL_RIBOSOMAL_SUBUNIT","down",-2.82432341,5.24762269e-12,9.56683031e-12,38,856,11236,114,114
"Treg","GO_CC","GOCC_COPII_COATED_ER_TO_GOLGI_TRANSPORT_VESICLE","up",2.63137573,1.05376079e-11,2.24300131e-11,80,856,11236,114,114
"Treg","GO_CC","GOCC_FICOLIN_1_RICH_GRANULE","up",2.37541662,1.18140094e-11,2.8566019e-11,160,856,11236,114,114
"Treg","GO_CC","GOCC_VESICLE_LUMEN","up",2.279744,1.66064053e-11,4.35956939e-11,235,856,11236,114,114
"Treg","GO_CC","GOCC_RIBOSOME","down",-2.26959814,6.40877346e-11,1.8465945e-10,212,856,11236,114,114
"Treg","GO_CC","GOCC_SECRETORY_GRANULE_MEMBRANE","up",2.22922764,2.18180105e-10,6.66015992e-10,219,856,11236,114,114
"Treg","GO_CC","GOCC_COATED_VESICLE","up",2.21317869,2.39637704e-10,7.86381204e-10,240,856,11236,114,114
"Treg","GO_CC","GOCC_LATE_ENDOSOME","up",2.16249764,4.25035519e-10,1.45541419e-09,255,856,11236,114,114
"Treg","GO_CC","GOCC_ENDOPLASMIC_RETICULUM_PROTEIN_CONTAINING_COMPLEX","up",2.37021645,1.4244831e-09,4.3831736e-09,115,856,11236,114,114
"Treg","GO_CC","GOCC_LATE_ENDOSOME_MEMBRANE","up",2.27128373,2.35264978e-09,6.65562049e-09,151,856,11236,114,114
"Treg","GO_CC","GOCC_TRANSPORT_VESICLE_MEMBRANE","up",2.27302238,2.35264978e-09,6.91371869e-09,167,856,11236,114,114
"Treg","GO_CC","GOCC_PIGMENT_GRANULE","up",2.45455567,3.1701994e-09,9.51144471e-09,93,856,11236,114,114
"Treg","GO_CC","GOCC_COATED_VESICLE_MEMBRANE","up",2.26630265,5.24464606e-09,1.60317234e-08,156,856,11236,114,114
"Treg","GO_CC","GOCC_EXOCYTIC_VESICLE","up",2.21612501,6.68962208e-09,2.07968932e-08,171,856,11236,114,114
"Treg","GO_CC","GOCC_ENDOPEPTIDASE_COMPLEX","up",2.38028062,3.2554407e-08,8.49831863e-08,95,856,11236,114,114
"Treg","GO_CC","GOCC_LUMENAL_SIDE_OF_ENDOPLASMIC_RETICULUM_MEMBRANE","up",2.4990368,6.16465309e-08,1.52675988e-07,30,856,11236,114,114
"Treg","GO_CC","GOCC_VACUOLAR_LUMEN","up",2.24592589,6.24525916e-08,1.60888109e-07,119,856,11236,114,114
"Treg","GO_CC","GOCC_CELL_LEADING_EDGE","up",1.94171717,9.32252897e-08,2.44499068e-07,304,856,11236,114,114
"Treg","GO_CC","GOCC_LARGE_RIBOSOMAL_SUBUNIT","down",-2.30806168,9.32252897e-08,2.46884993e-07,103,856,11236,114,114
"Treg","GO_CC","GOCC_EXTERNAL_SIDE_OF_PLASMA_MEMBRANE","up",2.02545023,3.41179674e-07,7.46396967e-07,218,856,11236,114,114
"Treg","GO_CC","GOCC_MEMBRANE_MICRODOMAIN","up",2.08274971,3.73299396e-07,8.22146085e-07,176,856,11236,114,114
"Treg","GO_CC","GOCC_SMALL_RIBOSOMAL_SUBUNIT","down",-2.33384682,6.98030181e-07,1.52707693e-06,70,856,11236,114,114
"Treg","GO_CC","GOCC_FICOLIN_1_RICH_GRANULE_LUMEN","up",2.20386889,1.27664632e-06,2.77577796e-06,118,856,11236,114,114
"Treg","GO_CC","GOCC_ENDOCYTIC_VESICLE","up",1.96193815,1.348843e-06,2.96729297e-06,250,856,11236,114,114
"Treg","GO_CC","GOCC_ER_TO_GOLGI_TRANSPORT_VESICLE_MEMBRANE","up",2.33694502,1.79251616e-06,3.76981874e-06,55,856,11236,114,114
"Treg","GO_CC","GOCC_PROTEASOME_COMPLEX","up",2.29074845,4.25816433e-06,8.46869414e-06,61,856,11236,114,114
"Treg","GO_CC","GOCC_AZUROPHIL_GRANULE","up",2.10874829,4.58751521e-06,9.38045923e-06,117,856,11236,114,114
"Treg","GO_CC","GOCC_LUMENAL_SIDE_OF_MEMBRANE","up",2.30052581,6.71590999e-06,1.376065e-05,38,856,11236,114,114
"Treg","GO_CC","GOCC_MHC_PROTEIN_COMPLEX","up",2.34417519,7.31897193e-06,1.51689563e-05,23,856,11236,114,114
"Treg","GO_CC","GOCC_PEPTIDASE_COMPLEX","up",2.04889019,7.45556203e-06,1.57693872e-05,129,856,11236,114,114
"Treg","GO_CC","GOCC_CLATHRIN_COATED_ENDOCYTIC_VESICLE","up",2.24592811,1.05534827e-05,2.15574881e-05,57,856,11236,114,114
"Treg","GO_CC","GOCC_ENDOPLASMIC_RETICULUM_GOLGI_INTERMEDIATE_COMPARTMENT_MEMBRANE","up",2.21989992,1.1641831e-05,2.38149556e-05,63,856,11236,114,114
"Treg","GO_CC","GOCC_LYSOSOMAL_LUMEN","up",2.21533511,1.16586483e-05,2.44061854e-05,64,856,11236,114,114
"Treg","GO_CC","GOCC_CLATHRIN_COATED_VESICLE_MEMBRANE","up",2.08724971,1.32240737e-05,2.7598719e-05,99,856,11236,114,114
"Treg","GO_CC","GOCC_IMMUNOLOGICAL_SYNAPSE","up",2.256115,1.63621206e-05,3.36389797e-05,43,856,11236,114,114
"Treg","GO_CC","GOCC_PROTEASOME_ACCESSORY_COMPLEX","up",2.29624149,1.9907382e-05,4.03563931e-05,24,856,11236,114,114
"Treg","GO_CC","GOCC_MHC_CLASS_II_PROTEIN_COMPLEX","up",2.28522406,2.01908718e-05,4.1793e-05,15,856,11236,114,114
"Treg","GO_CC","GOCC_TERTIARY_GRANULE","up",2.05092232,2.2187725e-05,4.65097798e-05,120,856,11236,114,114
"Treg","GO_CC","GOCC_ENDOCYTIC_VESICLE_MEMBRANE","up",1.96389749,2.42368362e-05,5.10738863e-05,136,856,11236,114,114
"Treg","GO_CC","GOCC_RUFFLE","up",1.95654364,2.91886571e-05,6.10795285e-05,149,856,11236,114,114
"Treg","GO_CC","GOCC_CLATHRIN_COATED_VESICLE","up",1.90403298,5.60098082e-05,0.00010847127,157,856,11236,114,114
"Treg","GO_CC","GOCC_FICOLIN_1_RICH_GRANULE_MEMBRANE","up",2.16913947,7.81103718e-05,0.00014738542,42,856,11236,114,114
"Treg","GO_CC","GOCC_ENDOPLASMIC_RETICULUM_GOLGI_INTERMEDIATE_COMPARTMENT","up",1.96362919,0.000118156821,0.000208269934,105,856,11236,114,114
"Treg","GO_CC","GOCC_CLATHRIN_COATED_ENDOCYTIC_VESICLE_MEMBRANE","up",2.14897215,0.000118597168,0.000212550117,46,856,11236,114,114
"Treg","GO_CC","GOCC_ENDOPLASMIC_RETICULUM_LUMEN","up",1.87577995,0.000180524675,0.000308803898,155,856,11236,114,114
"Treg","GO_CC","GOCC_CELL_SUBSTRATE_JUNCTION","up",1.62678425,0.000441939479,0.000643123276,320,856,11236,114,114
"Treg","GO_CC","GOCC_APICAL_PLASMA_MEMBRANE","up",1.74982825,0.000469740388,0.000687123759,186,856,11236,114,114
"Treg","GO_CC","GOCC_SMALL_SUBUNIT_PROCESSOME","down",-1.96462507,0.000507446768,0.000740092405,68,856,11236,114,114
"Treg","GO_CC","GOCC_PROTEASOME_STORAGE_GRANULE","up",2.10661421,0.000559465426,0.000817673901,18,856,11236,114,114
"Treg","GO_CC","GOCC_CELL_CORTEX","up",1.70669124,0.000804925935,0.00110356293,219,856,11236,114,114
"Treg","GO_CC","GOCC_PHAGOCYTIC_VESICLE","up",1.79976879,0.000897290764,0.00122224419,122,856,11236,114,114
"Treg","GO_CC","GOCC_CYTOLYTIC_GRANULE","up",2.12446573,0.000942063329,0.00130909297,15,856,11236,114,114
"Treg","GO_CC","GOCC_AZUROPHIL_GRANULE_LUMEN","up",1.95233937,0.000942063329,0.00130909297,65,856,11236,114,114
"Treg","GO_CC","GOCC_EARLY_ENDOSOME","up",1.5851512,0.00156188145,0.00205369272,324,856,11236,114,114
"Treg","GO_CC","GOCC_LAMELLIPODIUM","up",1.73753772,0.00260700105,0.00320981896,155,856,11236,114,114
"Treg","GO_CC","GOCC_PLATELET_ALPHA_GRANULE","up",1.90027495,0.00355574545,0.00423660934,54,856,11236,114,114
"Treg","GO_CC","GOCC_CAVEOLA","up",1.96974863,0.00356394704,0.00431063303,40,856,11236,114,114
"Treg","GO_CC","GOCC_CYTOPLASMIC_SIDE_OF_MEMBRANE","up",1.6796447,0.00358417124,0.00438628413,164,856,11236,114,114
"Treg","GO_CC","GOCC_ACTOMYOSIN","up",1.8597051,0.00360291196,0.00446527163,61,856,11236,114,114
"Treg","GO_CC","GOCC_LATERAL_PLASMA_MEMBRANE","up",1.92935475,0.00453630972,0.00538513012,44,856,11236,114,114
"Treg","GO_CC","GOCC_TERTIARY_GRANULE_MEMBRANE","up",1.92917146,0.00453630972,0.00539802468,55,856,11236,114,114
"Treg","GO_CC","GOCC_GOLGI_APPARATUS_SUBCOMPARTMENT","up",1.54441877,0.00473173914,0.00561538884,288,856,11236,114,114
"Treg","GO_CC","GOCC_SYNAPTIC_VESICLE_MEMBRANE","up",1.7977903,0.005306347,0.00624720379,75,856,11236,114,114
"Treg","GO_CC","GOCC_SARCOLEMMA","up",1.83296593,0.005306347,0.00631125464,64,856,11236,114,114
"Treg","GO_CC","GOCC_BLOOD_MICROPARTICLE","up",1.86874389,0.005306347,0.0063739897,52,856,11236,114,114
"Treg","GO_CC","GOCC_SPECIFIC_GRANULE","up",1.70994609,0.00532924668,0.00646000157,116,856,11236,114,114
"Treg","GO_CC","GOCC_OLIGOSACCHARYLTRANSFERASE_COMPLEX","up",1.96680162,0.00642543408,0.0076288639,13,856,11236,114,114
"Treg","GO_CC","GOCC_ENDOPLASMIC_RETICULUM_CHAPERONE_COMPLEX","up",1.94067681,0.00642543408,0.0076288639,10,856,11236,114,114
"Treg","GO_CC","GOCC_PLASMA_MEMBRANE_RAFT","up",1.80422777,0.00674084306,0.00814381413,60,856,11236,114,114
"Treg","GO_CC","GOCC_PRERIBOSOME","down",-1.69441641,0.00674084306,0.00814381413,98,856,11236,114,114
"Treg","GO_CC","GOCC_ATPASE_DEPENDENT_TRANSMEMBRANE_TRANSPORT_COMPLEX","up",1.89749457,0.00743983921,0.00894291035,41,856,11236,114,114
"Treg","GO_CC","GOCC_MITOCHONDRIAL_LARGE_RIBOSOMAL_SUBUNIT","up",1.83945336,0.00824285514,0.00985968807,49,856,11236,114,114
"Treg","GO_CC","GOCC_AXON_CYTOPLASM","up",1.82290464,0.0082535625,0.00998239335,54,856,11236,114,114
"Treg","GO_CC","GOCC_CORTICAL_CYTOSKELETON","up",1.76918923,0.0082535625,0.0100122473,71,856,11236,114,114
"Treg","GO_CC","GOCC_PROTEASOME_CORE_COMPLEX","up",1.90371708,0.0112685477,0.012960443,18,856,11236,114,114
"Treg","GO_CC","GOCC_PEPTIDASE_INHIBITOR_COMPLEX","up",1.86670378,0.0112685477,0.0132236836,8,856,11236,114,114
"Treg","GO_CC","GOCC_CONTRACTILE_MUSCLE_FIBER","up",1.63602155,0.0112685477,0.0132301121,133,856,11236,114,114
"Treg","GO_CC","GOCC_VOLTAGE_GATED_CALCIUM_CHANNEL_COMPLEX","up",1.90000973,0.0112685477,0.013255578,18,856,11236,114,114
"Treg","GO_CC","GOCC_PROTEASOME_REGULATORY_PARTICLE_BASE_SUBCOMPLEX","up",1.9120709,0.0118186153,0.0139971359,12,856,11236,114,114
"Treg","GO_CC","GOCC_DISTAL_AXON","up",1.59351361,0.0118186153,0.0140422232,154,856,11236,114,114
"Treg","GO_CC","GOCC_SARCOPLASM","up",1.80983325,0.0125778586,0.0148406278,49,856,11236,114,114
"Treg","GO_CC","GOCC_EUKARYOTIC_TRANSLATION_INITIATION_FACTOR_3_COMPLEX","down",-1.920475,0.0125778586,0.0149615611,16,856,11236,114,114
"Treg","GO_CC","GOCC_MITOCHONDRIAL_PROTEIN_CONTAINING_COMPLEX","up",1.57762472,0.0133802192,0.0157524718,167,856,11236,114,114
"Treg","GO_CC","GOCC_FLOTILLIN_COMPLEX","up",1.85340357,0.0134926809,0.0160179173,8,856,11236,114,114
"Treg","GO_CC","GOCC_MULTIVESICULAR_BODY","up",1.79692986,0.0142185433,0.0168122613,44,856,11236,114,114
"Treg","GO_CC","GOCC_COPI_COATED_VESICLE_MEMBRANE","up",1.89522378,0.0147065,0.0173735993,15,856,11236,114,114
"Treg","GO_CC","GOCC_ACTIN_FILAMENT_BUNDLE","up",1.74103509,0.014945862,0.0177460763,60,856,11236,114,114
"Treg","GO_CC","GOCC_PROTEASOME_REGULATORY_PARTICLE_LID_SUBCOMPLEX","up",1.81829828,0.0176895676,0.0203836394,7,856,11236,114,114
"Treg","GO_CC","GOCC_TRANS_GOLGI_NETWORK","up",1.51065467,0.0193931753,0.0221146205,206,856,11236,114,114
"Treg","GO_CC","GOCC_T_TUBULE","up",1.84866424,0.0193931753,0.0221559812,20,856,11236,114,114
"Treg","GO_CC","GOCC_MHC_CLASS_I_PEPTIDE_LOADING_COMPLEX","up",1.82276503,0.0195398824,0.0224157861,8,856,11236,114,114
"Treg","GO_CC","GOCC_AZUROPHIL_GRANULE_MEMBRANE","up",1.75990629,0.0197211084,0.0226948021,46,856,11236,114,114
"Treg","GO_CC","GOCC_MICROTUBULE","up",1.42646667,0.0216169938,0.0243787288,335,856,11236,114,114
"Treg","GO_CC","GOCC_ADHERENS_JUNCTION","up",1.60758434,0.0228952742,0.0255435105,111,856,11236,114,114
"Treg","GO_CC","GOCC_MICROTUBULE_ASSOCIATED_COMPLEX","up",1.59636191,0.0254243689,0.0277403272,111,856,11236,114,114
"Treg","GO_CC","GOCC_SPECIFIC_GRANULE_MEMBRANE","up",1.66203522,0.026758876,0.0291245032,72,856,11236,114,114
"Treg","GO_CC","GOCC_OLIGOSACCHARYLTRANSFERASE_COMPLEX_A","up",1.81425693,0.0268271744,0.0294176497,9,856,11236,114,114
"Treg","GO_CC","GOCC_SPERMATOPROTEASOME_COMPLEX","up",1.81950067,0.0271374053,0.0300242595,17,856,11236,114,114
"Treg","GO_CC","GOCC_PLATELET_ALPHA_GRANULE_LUMEN","up",1.75555792,0.0271374053,0.0300242595,40,856,11236,114,114
"Treg","GO_CC","GOCC_TRANS_GOLGI_NETWORK_MEMBRANE","up",1.6245267,0.0282293454,0.0312542467,86,856,11236,114,114
"Treg","GO_CC","GOCC_ORGANELLAR_RIBOSOME","up",1.62983929,0.0289692858,0.0318650043,80,856,11236,114,114
"Treg","GO_CC","GOCC_CELL_PROJECTION_MEMBRANE","up",1.47107999,0.0336296148,0.0355287517,200,856,11236,114,114
"Treg","GO_CC","GOCC_EUKARYOTIC_TRANSLATION_INITIATION_FACTOR_3_COMPLEX_EIF3M","down",-1.76146098,0.0341349884,0.0360741845,7,856,11236,114,114
"Treg","GO_CC","GOCC_NEURON_PROJECTION_CYTOPLASM","up",1.62229512,0.0389340813,0.0401410709,73,856,11236,114,114
"Treg","GO_CC","GOCC_SERINE_TYPE_PEPTIDASE_COMPLEX","up",1.78213703,0.0421256523,0.0426247351,15,856,11236,114,114
"Treg","GO_CC","GOCC_COPI_VESICLE_COAT","up",1.7776137,0.0433339523,0.0439388779,11,856,11236,114,114
"Treg","GO_CC","GOCC_SCHAFFER_COLLATERAL_CA1_SYNAPSE","up",1.64747858,0.0452203363,0.0457146332,55,856,11236,114,114
"Treg","GO_CC","GOCC_CYTOPLASMIC_SIDE_OF_PLASMA_MEMBRANE","up",1.52945113,0.0452217327,0.0459763927,116,856,11236,114,114
"Treg","GO_CC","GOCC_EUKARYOTIC_48S_PREINITIATION_COMPLEX","down",-1.77117909,0.0472504267,0.0481140685,17,856,11236,114,114
"Treg","GO_CC","GOCC_TRNA_METHYLTRANSFERASE_COMPLEX","up",1.7594019,0.0472504267,0.0481639943,13,856,11236,114,114
"Treg","GO_MF","GOMF_STRUCTURAL_CONSTITUENT_OF_RIBOSOME","down",-2.57258967,2.51432023e-13,8.09206257e-14,156,1375,11236,107,76
"Treg","GO_MF","GOMF_CYTOKINE_ACTIVITY","up",2.50732323,6.08887078e-09,1.95121717e-09,87,1375,11236,107,76
"Treg","GO_MF","GOMF_CYTOKINE_RECEPTOR_BINDING","up",2.21904036,4.71911325e-07,1.15688632e-07,148,1375,11236,107,76
"Treg","GO_MF","GOMF_ENZYME_INHIBITOR_ACTIVITY","up",1.90025023,4.85712183e-06,1.17337763e-06,266,1375,11236,107,76
"Treg","GO_MF","GOMF_MHC_CLASS_II_PROTEIN_COMPLEX_BINDING","up",2.4518329,4.85712183e-06,1.28865693e-06,25,1375,11236,107,76
"Treg","GO_MF","GOMF_MHC_PROTEIN_COMPLEX_BINDING","up",2.4106712,1.10713239e-05,3.10185714e-06,32,1375,11236,107,76
"Treg","GO_MF","GOMF_CCR_CHEMOKINE_RECEPTOR_BINDING","up",2.38703367,1.48659805e-05,4.6467525e-06,18,1375,11236,107,76
"Treg","GO_MF","GOMF_CHEMOKINE_RECEPTOR_BINDING","up",2.34367153,5.14009278e-05,1.5850177e-05,28,1375,11236,107,76
"Treg","GO_MF","GOMF_ENDOPEPTIDASE_REGULATOR_ACTIVITY","up",2.17410159,5.42972047e-05,1.83177666e-05,79,1375,11236,107,76
"Treg","GO_MF","GOMF_OXIDOREDUCTASE_ACTIVITY_ACTING_ON_A_SULFUR_GROUP_OF_DONORS","up",2.31085017,6.32993284e-05,2.26868023e-05,45,1375,11236,107,76
"Treg","GO_MF","GOMF_DISULFIDE_OXIDOREDUCTASE_ACTIVITY","up",2.2785817,9.71734348e-05,3.466161e-05,34,1375,11236,107,76
"Treg","GO_MF","GOMF_CARBOHYDRATE_BINDING","up",1.95989476,0.000100518633,3.85032053e-05,137,1375,11236,107,76
"Treg","GO_MF","GOMF_CYTIDINE_DEAMINASE_ACTIVITY","up",2.11530791,0.000129845589,5.27212788e-05,8,1375,11236,107,76
"Treg","GO_MF","GOMF_CADHERIN_BINDING","up",1.80937498,0.000129845589,5.48144397e-05,252,1375,11236,107,76
"Treg","GO_MF","GOMF_GROWTH_FACTOR_ACTIVITY","up",2.18440444,0.000181118509,7.65535136e-05,47,1375,11236,107,76
"Treg","GO_MF","GOMF_IMMUNE_RECEPTOR_ACTIVITY","up",1.99181479,0.000228520219,9.95938205e-05,109,1375,11236,107,76
"Treg","GO_MF","GOMF_PROTEASE_BINDING","up",2.00046273,0.00033545886,0.000146085307,91,1375,11236,107,76
"Treg","GO_MF","GOMF_PEPTIDASE_REGULATOR_ACTIVITY","up",1.96232115,0.000769871616,0.000303378593,102,1375,11236,107,76
"Treg","GO_MF","GOMF_PEPTIDASE_INHIBITOR_ACTIVITY","up",2.0523687,0.000769871616,0.000314399003,59,1375,11236,107,76
"Treg","GO_MF","GOMF_CYTOKINE_BINDING","up",1.96997968,0.00123279311,0.00050048856,87,1375,11236,107,76
"Treg","GO_MF","GOMF_PROTEIN_FOLDING_CHAPERONE","up",2.06932061,0.00123279311,0.00050358164,64,1375,11236,107,76
"Treg","GO_MF","GOMF_PROTEIN_DISULFIDE_REDUCTASE_ACTIVITY","up",2.14347883,0.00123279311,0.000530046475,27,1375,11236,107,76
"Treg","GO_MF","GOMF_GDP_BINDING","up",2.07462197,0.00123279311,0.000557031046,51,1375,11236,107,76
"Treg","GO_MF","GOMF_SERINE_TYPE_ENDOPEPTIDASE_INHIBITOR_ACTIVITY","up",2.136289,0.00123279311,0.000558370644,28,1375,11236,107,76
"Treg","GO_MF","GOMF_PEPTIDE_ANTIGEN_BINDING","up",2.12771942,0.00130537537,0.000600622344,29,1375,11236,107,76
"Treg","GO_MF","GOMF_MOLECULAR_SEQUESTERING_ACTIVITY","up",2.02199421,0.00180357252,0.000806719175,61,1375,11236,107,76
"Treg","GO_MF","GOMF_PEPTIDE_BINDING","up",1.84733205,0.00182850295,0.000854085887,140,1375,11236,107,76
"Treg","GO_MF","GOMF_ACTIN_BINDING","up",1.64737626,0.00182850295,0.000864405193,286,1375,11236,107,76
"Treg","GO_MF","GOMF_ANTIGEN_BINDING","up",2.04366619,0.00183685151,0.000888351826,47,1375,11236,107,76
"Treg","GO_MF","GOMF_CALCIUM_DEPENDENT_PROTEIN_BINDING","up",2.02437801,0.00227966476,0.00108939131,47,1375,11236,107,76
"Treg","GO_MF","GOMF_CYTOKINE_RECEPTOR_ACTIVITY","up",1.96818922,0.00275761458,0.00130572136,69,1375,11236,107,76
"Treg","GO_MF","GOMF_CCR1_CHEMOKINE_RECEPTOR_BINDING","up",1.87537315,0.0028990835,0.00139611086,5,1375,11236,107,76
"Treg","GO_MF","GOMF_CHEMOKINE_ACTIVITY","up",2.07208476,0.00433384357,0.00202194047,20,1375,11236,107,76
"Treg","GO_MF","GOMF_UNFOLDED_PROTEIN_BINDING","up",1.80641844,0.00602287034,0.002729801,94,1375,11236,107,76
"Treg","GO_MF","GOMF_G_PROTEIN_COUPLED_RECEPTOR_BINDING","up",1.79968457,0.00639503276,0.00294529127,116,1375,11236,107,76
"Treg","GO_MF","GOMF_CCR5_CHEMOKINE_RECEPTOR_BINDING","up",1.84673612,0.00800443883,0.00368271898,5,1375,11236,107,76
"Treg","GO_MF","GOMF_CADHERIN_BINDING_INVOLVED_IN_CELL_CELL_ADHESION","up",2.00179516,0.00835750444,0.00388753235,13,1375,11236,107,76
"Treg","GO_MF","GOMF_SERINE_HYDROLASE_ACTIVITY","up",1.86893218,0.00876616161,0.00414320796,76,1375,11236,107,76
"Treg","GO_MF","GOMF_INTERLEUKIN_1_BINDING","up",1.88932134,0.0105282089,0.00485568032,6,1375,11236,107,76
"Treg","GO_MF","GOMF_TRANSMEMBRANE_TRANSPORTER_BINDING","up",1.76208006,0.0105653644,0.00497615653,92,1375,11236,107,76
"Treg","GO_MF","GOMF_MONOSACCHARIDE_BINDING","up",1.94047138,0.0112315158,0.00538316808,44,1375,11236,107,76
"Treg","GO_MF","GOMF_PROTEIN_SERINE_THREONINE_KINASE_INHIBITOR_ACTIVITY","up",1.9341519,0.0112315158,0.00538513012,41,1375,11236,107,76
"Treg","GO_MF","GOMF_ATP_DEPENDENT_PROTEIN_FOLDING_CHAPERONE","up",1.94314506,0.012991475,0.00611104313,29,1375,11236,107,76
"Treg","GO_MF","GOMF_SIGNALING_RECEPTOR_INHIBITOR_ACTIVITY","up",1.968416,0.0137099122,0.00656115356,11,1375,11236,107,76
"Treg","GO_MF","GOMF_ANTIOXIDANT_ACTIVITY","up",1.91058487,0.0137099122,0.00659876803,46,1375,11236,107,76
"Treg","GO_MF","GOMF_UBIQUITIN_LIKE_PROTEIN_LIGASE_BINDING","up",1.55386764,0.0137754294,0.00674272199,265,1375,11236,107,76
"Treg","GO_MF","GOMF_G_PROTEIN_ACTIVITY","up",1.77107066,0.0151733961,0.007376708,80,1375,11236,107,76
"Treg","GO_MF","GOMF_CAMP_BINDING","up",1.93574248,0.0155838142,0.00766947631,10,1375,11236,107,76
"Treg","GO_MF","GOMF_CALCIUM_CHANNEL_REGULATOR_ACTIVITY","up",1.92315477,0.0158581343,0.00794713198,35,1375,11236,107,76
"Treg","GO_MF","GOMF_S100_PROTEIN_BINDING","up",1.93678312,0.0174815543,0.00881319207,11,1375,11236,107,76
"Treg","GO_MF","GOMF_CYCLIN_DEPENDENT_PROTEIN_SERINE_THREONINE_KINASE_INHIBITOR_ACTIVITY","up",1.93019681,0.0174815543,0.00895332881,12,1375,11236,107,76
"Treg","GO_MF","GOMF_CELL_CELL_ADHESION_MEDIATOR_ACTIVITY","up",1.92082948,0.0174815543,0.00902594296,31,1375,11236,107,76
"Treg","GO_MF","GOMF_POLYPEPTIDE_CONFORMATION_OR_ASSEMBLY_ISOMERASE_ACTIVITY","up",1.77761352,0.0184065765,0.00958152411,76,1375,11236,107,76
"Treg","GO_MF","GOMF_RNA_POLYMERASE_II_SPECIFIC_DNA_BINDING_TRANSCRIPTION_FACTOR_BINDING","up",1.51662603,0.0192578675,0.0102003962,269,1375,11236,107,76
"Treg","GO_MF","GOMF_DEAMINASE_ACTIVITY","up",1.92900466,0.0192578675,0.0102187202,21,1375,11236,107,76
"Treg","GO_MF","GOMF_PROTEIN_SEQUESTERING_ACTIVITY","up",1.84710466,0.0275378779,0.0136677368,40,1375,11236,107,76
"Treg","GO_MF","GOMF_EXOGENOUS_PROTEIN_BINDING","up",1.80198439,0.0278257756,0.0139971359,54,1375,11236,107,76
"Treg","GO_MF","GOMF_MISFOLDED_PROTEIN_BINDING","up",1.90058245,0.0302464414,0.0150947546,16,1375,11236,107,76
"Treg","GO_MF","GOMF_KINASE_INHIBITOR_ACTIVITY","up",1.72436513,0.0302464414,0.0152697511,76,1375,11236,107,76
"Treg","GO_MF","GOMF_TRANSPORTER_REGULATOR_ACTIVITY","up",1.66348756,0.0315807792,0.0160397899,98,1375,11236,107,76
"Treg","GO_MF","GOMF_CELL_ADHESION_MEDIATOR_ACTIVITY","up",1.79489423,0.0315807792,0.0161039406,45,1375,11236,107,76
"Treg","GO_MF","GOMF_INTRAMOLECULAR_OXIDOREDUCTASE_ACTIVITY","up",1.80884921,0.033208714,0.0169605959,42,1375,11236,107,76
"Treg","GO_MF","GOMF_RRNA_BINDING","down",-1.72339059,0.0343540612,0.0181014103,62,1375,11236,107,76
"Treg","GO_MF","GOMF_CALCIUM_DEPENDENT_PHOSPHOLIPID_BINDING","up",1.85744616,0.0343540612,0.0181692937,25,1375,11236,107,76
"Treg","GO_MF","GOMF_PHOSPHOLIPASE_INHIBITOR_ACTIVITY","up",1.83707347,0.0343540612,0.0181692937,7,1375,11236,107,76
"Treg","GO_MF","GOMF_ACTIN_FILAMENT_BINDING","up",1.58416621,0.0343540612,0.018272295,138,1375,11236,107,76
"Treg","GO_MF","GOMF_GLYCOSAMINOGLYCAN_BINDING","up",1.67673837,0.0363084405,0.0194287578,81,1375,11236,107,76
"Treg","GO_MF","GOMF_ENDOPEPTIDASE_ACTIVITY","up",1.53444724,0.0363084405,0.0195499587,190,1375,11236,107,76
"Treg","GO_MF","GOMF_BETA_CATENIN_BINDING","down",-1.72138725,0.0365320438,0.0198602483,61,1375,11236,107,76
"Treg","GO_MF","GOMF_TUMOR_NECROSIS_FACTOR_RECEPTOR_SUPERFAMILY_BINDING","up",1.80587538,0.0384923443,0.0207914833,38,1375,11236,107,76
"Treg","GO_MF","GOMF_TOXIC_SUBSTANCE_BINDING","down",-1.74207032,0.0409359163,0.0220881661,5,1375,11236,107,76
"Treg","GO_MF","GOMF_ISOMERASE_ACTIVITY","up",1.42463627,0.0423492151,0.0227340254,342,1375,11236,107,76
"Treg","GO_MF","GOMF_ACTIVE_MONOATOMIC_ION_TRANSMEMBRANE_TRANSPORTER_ACTIVITY","up",1.63448736,0.0425263212,0.0230620029,91,1375,11236,107,76
"Treg","GO_MF","GOMF_GROWTH_FACTOR_BINDING","up",1.68174816,0.0469137516,0.0248630997,71,1375,11236,107,76
"Treg","GO_MF","GOMF_GALACTOSYLTRANSFERASE_ACTIVITY","up",1.83449486,0.049164115,0.0259977094,17,1375,11236,107,76
"Treg","GO_MF","GOMF_COPPER_ION_BINDING","up",1.76568194,0.0494659936,0.0263018635,39,1375,11236,107,76
"Treg","GO_MF","GOMF_PHOSPHATE_ION_BINDING","up",1.76805831,0.0505747842,0.0270782222,6,1375,11236,107,76
"Treg","GO_MF","GOMF_GUANYL_NUCLEOTIDE_BINDING","up",1.4370013,0.0522361295,0.0279317644,267,1375,11236,107,76
"Treg","GO_MF","GOMF_TETRAPYRROLE_BINDING","up",1.6715462,0.0557893677,0.0297156301,66,1375,11236,107,76
"Treg","GO_MF","GOMF_LARGE_RIBOSOMAL_SUBUNIT_RRNA_BINDING","down",-1.78732016,0.0560920175,0.0300242595,7,1375,11236,107,76
"Treg","GO_MF","GOMF_CORECEPTOR_ACTIVITY","up",1.75065047,0.0569171518,0.0307136224,38,1375,11236,107,76
"Treg","GO_MF","GOMF_LYSOPHOSPHOLIPID_ACYLTRANSFERASE_ACTIVITY","up",1.81242235,0.0569171518,0.0312645213,19,1375,11236,107,76
"Treg","GO_MF","GOMF_STAT_FAMILY_PROTEIN_BINDING","up",1.78509232,0.0569171518,0.0312645213,7,1375,11236,107,76
"Treg","GO_MF","GOMF_MHC_CLASS_II_PROTEIN_BINDING","up",1.72497732,0.0569171518,0.0314818102,5,1375,11236,107,76
"Treg","GO_MF","GOMF_PROTEIN_PHOSPHATASE_BINDING","up",1.5588358,0.0606738995,0.0328988514,121,1375,11236,107,76
"Treg","GO_MF","GOMF_NITRIC_OXIDE_SYNTHASE_BINDING","up",1.75033625,0.0630149145,0.0342758569,6,1375,11236,107,76
"Treg","GO_MF","GOMF_TAP_BINDING","up",1.77198824,0.06358859,0.0349243936,7,1375,11236,107,76
"Treg","GO_MF","GOMF_HYDROLASE_ACTIVITY_ACTING_ON_CARBON_NITROGEN_BUT_NOT_PEPTIDE_BONDS_IN_CYCLIC_AMIDINES","up",1.78477465,0.06358859,0.0349326275,23,1375,11236,107,76
"Treg","GO_MF","GOMF_HEXOSYLTRANSFERASE_ACTIVITY","up",1.54830754,0.0641170157,0.03547051,120,1375,11236,107,76
"Treg","GO_MF","GOMF_KINASE_REGULATOR_ACTIVITY","up",1.44652389,0.0641170157,0.0357701626,229,1375,11236,107,76
"Treg","GO_MF","GOMF_ATPASE_BINDING","up",1.64836156,0.0641170157,0.0359296347,63,1375,11236,107,76
"Treg","GO_MF","GOMF_CALMODULIN_BINDING","up",1.55116024,0.0645229262,0.0363353752,119,1375,11236,107,76
"Treg","GO_MF","GOMF_NUCLEOSIDE_TRIPHOSPHATE_DIPHOSPHATASE_ACTIVITY","up",1.78312477,0.066177098,0.0374475739,9,1375,11236,107,76
"Treg","GO_MF","GOMF_NUCLEAR_RETINOIC_ACID_RECEPTOR_BINDING","up",1.78593203,0.0665080999,0.037814301,21,1375,11236,107,76
"Treg","GO_MF","GOMF_L_AMINO_ACID_N_ACETYLTRANSFERASE_ACTIVITY","up",1.70673897,0.0675301654,0.0389333988,5,1375,11236,107,76
"Treg","GO_MF","GOMF_DNA_BINDING_TRANSCRIPTION_FACTOR_BINDING","up",1.3745842,0.0675301654,0.0389528439,374,1375,11236,107,76
"Treg","GO_MF","GOMF_PHOSPHATASE_REGULATOR_ACTIVITY","up",1.57568451,0.0700701186,0.0403640918,91,1375,11236,107,76
"Treg","GO_MF","GOMF_MRNA_5_UTR_BINDING","down",-1.76168256,0.0779653138,0.0441772905,21,1375,11236,107,76
"Treg","GO_MF","GOMF_C4_DICARBOXYLATE_TRANSMEMBRANE_TRANSPORTER_ACTIVITY","up",1.7628381,0.0779653138,0.0444753318,9,1375,11236,107,76
"Treg","GO_MF","GOMF_MYOSIN_HEAVY_CHAIN_BINDING","up",1.72486044,0.0779653138,0.044477879,6,1375,11236,107,76
"Treg","GO_MF","GOMF_INTRAMOLECULAR_PHOSPHOTRANSFERASE_ACTIVITY","up",1.7606281,0.0779653138,0.0447719411,9,1375,11236,107,76
"Treg","GO_MF","GOMF_CARBOXYLIC_ESTER_HYDROLASE_ACTIVITY","up",1.57619288,0.0786590175,0.0455297462,83,1375,11236,107,76
"Treg","GO_MF","GOMF_DEATH_DOMAIN_BINDING","up",1.73993004,0.0793030035,0.0460964341,7,1375,11236,107,76
"Treg","GO_MF","GOMF_IRON_ION_BINDING","up",1.60012395,0.0794236127,0.0464284524,71,1375,11236,107,76
"Treg","GO_MF","GOMF_UBIQUITIN_LIGASE_INHIBITOR_ACTIVITY","down",-1.77569933,0.0800194858,0.047154812,13,1375,11236,107,76
"Treg","GO_MF","GOMF_SNARE_BINDING","up",1.59003673,0.0800194858,0.0474742157,75,1375,11236,107,76
"Treg","GO_MF","GOMF_CALCIUM_ION_TRANSMEMBRANE_TRANSPORTER_ACTIVITY","up",1.61846026,0.0846777352,0.0497241475,61,1375,11236,107,76
"Treg","Hallmark","HALLMARK_MTORC1_SIGNALING","up",2.55359919,2.28832175e-16,2.70648244e-15,188,50,11236,28,31
"Treg","Hallmark","HALLMARK_IL2_STAT5_SIGNALING","up",2.58912226,6.43095413e-16,1.37634668e-14,167,50,11236,28,31
"Treg","Hallmark","HALLMARK_INTERFERON_GAMMA_RESPONSE","up",2.54547707,8.55844113e-16,2.62261758e-14,178,50,11236,28,31
"Treg","Hallmark","HALLMARK_GLYCOLYSIS","up",2.34181021,9.70999419e-11,1.74562392e-09,145,50,11236,28,31
"Treg","Hallmark","HALLMARK_TNFA_SIGNALING_VIA_NFKB","up",2.28051953,1.18460846e-10,2.55966551e-09,175,50,11236,28,31
"Treg","Hallmark","HALLMARK_INFLAMMATORY_RESPONSE","up",2.32334991,1.96299989e-10,4.56336554e-09,141,50,11236,28,31
"Treg","Hallmark","HALLMARK_ALLOGRAFT_REJECTION","up",2.22896058,1.16212107e-09,2.28507867e-08,167,50,11236,28,31
"Treg","Hallmark","HALLMARK_INTERFERON_ALPHA_RESPONSE","up",2.35497011,2.16965278e-09,4.48335055e-08,91,50,11236,28,31
"Treg","Hallmark","HALLMARK_APOPTOSIS","up",2.26387251,2.37704738e-09,5.8061966e-08,136,50,11236,28,31
"Treg","Hallmark","HALLMARK_HYPOXIA","up",2.2562687,2.37704738e-09,5.8061966e-08,139,50,11236,28,31
"Treg","Hallmark","HALLMARK_CHOLESTEROL_HOMEOSTASIS","up",2.42398325,6.41075301e-09,1.50922558e-07,63,50,11236,28,31
"Treg","Hallmark","HALLMARK_EPITHELIAL_MESENCHYMAL_TRANSITION","up",2.28161078,1.17572373e-08,2.70073793e-07,90,50,11236,28,31
"Treg","Hallmark","HALLMARK_COAGULATION","up",2.30145772,1.84607683e-07,3.0994569e-06,66,50,11236,28,31
"Treg","Hallmark","HALLMARK_ADIPOGENESIS","up",2.03620395,4.54406592e-07,7.65051626e-06,157,50,11236,28,31
"Treg","Hallmark","HALLMARK_COMPLEMENT","up",2.03751958,4.54406592e-07,7.77519665e-06,146,50,11236,28,31
"Treg","Hallmark","HALLMARK_IL6_JAK_STAT3_SIGNALING","up",2.19081511,9.69990932e-07,1.62972981e-05,68,50,11236,28,31
"Treg","Hallmark","HALLMARK_XENOBIOTIC_METABOLISM","up",1.92579678,3.09223767e-05,0.000312515609,126,50,11236,28,31
"Treg","Hallmark","HALLMARK_OXIDATIVE_PHOSPHORYLATION","up",1.7933972,4.66687296e-05,0.000455373593,179,50,11236,28,31
"Treg","Hallmark","HALLMARK_PROTEIN_SECRETION","up",1.96073159,5.80181306e-05,0.000569468625,88,50,11236,28,31
"Treg","Hallmark","HALLMARK_ESTROGEN_RESPONSE_LATE","up",1.83969458,7.37694498e-05,0.000719196129,123,50,11236,28,31
"Treg","Hallmark","HALLMARK_REACTIVE_OXYGEN_SPECIES_PATHWAY","up",2.07571713,9.98020545e-05,0.000980925226,45,50,11236,28,31
"Treg","Hallmark","HALLMARK_FATTY_ACID_METABOLISM","up",1.82170251,9.98020545e-05,0.000980925226,123,50,11236,28,31
"Treg","Hallmark","HALLMARK_P53_PATHWAY","up",1.73077846,0.000156302663,0.00146351393,168,50,11236,28,31
"Treg","Hallmark","HALLMARK_UNFOLDED_PROTEIN_RESPONSE","up",1.71911964,0.00126785563,0.00845228731,103,50,11236,28,31
"Treg","Hallmark","HALLMARK_KRAS_SIGNALING_UP","up",1.67656381,0.00176387387,0.0113510233,123,50,11236,28,31
"Treg","Hallmark","HALLMARK_HEME_METABOLISM","up",1.60406305,0.00273570797,0.0162935532,146,50,11236,28,31
"Treg","Hallmark","HALLMARK_UV_RESPONSE_UP","up",1.62157305,0.00341000893,0.0199134019,117,50,11236,28,31
"Treg","Hallmark","HALLMARK_PEROXISOME","up",1.63179548,0.00544293833,0.0285213978,84,50,11236,28,31
"Treg","KEGG","KEGG_RIBOSOME","down",-3.345842,2.56680491e-28,3.11790487e-27,85,185,11236,37,41
"Treg","KEGG","KEGG_CYTOKINE_CYTOKINE_RECEPTOR_INTERACTION","up",2.32862043,5.1812534e-10,1.39859611e-09,149,185,11236,37,41
"Treg","KEGG","KEGG_LYSOSOME","up",2.34191883,4.47757621e-08,8.49831863e-08,108,185,11236,37,41
"Treg","KEGG","KEGG_TYPE_I_DIABETES_MELLITUS","up",2.50946524,6.19060336e-08,1.44610435e-07,35,185,11236,37,41
"Treg","KEGG","KEGG_GRAFT_VERSUS_HOST_DISEASE","up",2.51203802,8.74526954e-08,2.70073793e-07,31,185,11236,37,41
"Treg","KEGG","KEGG_ANTIGEN_PROCESSING_AND_PRESENTATION","up",2.413858,8.74526954e-08,2.70073793e-07,59,185,11236,37,41
"Treg","KEGG","KEGG_AUTOIMMUNE_THYROID_DISEASE","up",2.47925426,1.01189454e-07,3.3874241e-07,35,185,11236,37,41
"Treg","KEGG","KEGG_ALLOGRAFT_REJECTION","up",2.47620214,1.41719332e-07,5.28016027e-07,33,185,11236,37,41
"Treg","KEGG","KEGG_VIRAL_MYOCARDITIS","up",2.38215192,1.41719332e-07,5.69603565e-07,54,185,11236,37,41
"Treg","KEGG","KEGG_ASTHMA","up",2.39272826,8.54251016e-07,3.05194417e-06,21,185,11236,37,41
"Treg","KEGG","KEGG_PROTEASOME","up",2.34512903,2.18651171e-06,7.54927927e-06,41,185,11236,37,41
"Treg","KEGG","KEGG_CELL_ADHESION_MOLECULES_CAMS","up",2.11017032,4.57424423e-05,0.000108947977,77,185,11236,37,41
"Treg","KEGG","KEGG_SYSTEMIC_LUPUS_ERYTHEMATOSUS","up",2.1428994,0.000180478007,0.00036166911,36,185,11236,37,41
"Treg","KEGG","KEGG_HEMATOPOIETIC_CELL_LINEAGE","up",2.06433602,0.000218333856,0.000449509703,58,185,11236,37,41
"Treg","KEGG","KEGG_ENDOCYTOSIS","up",1.82561782,0.000225234981,0.000486244442,146,185,11236,37,41
"Treg","KEGG","KEGG_GLYCOLYSIS_GLUCONEOGENESIS","up",2.03308543,0.00128876362,0.00214815047,40,185,11236,37,41
"Treg","KEGG","KEGG_INTESTINAL_IMMUNE_NETWORK_FOR_IGA_PRODUCTION","up",1.97090334,0.00231726515,0.0037325585,37,185,11236,37,41
"Treg","KEGG","KEGG_JAK_STAT_SIGNALING_PATHWAY","up",1.80755065,0.00261467838,0.00431138945,97,185,11236,37,41
"Treg","KEGG","KEGG_LEISHMANIA_INFECTION","up",1.85896236,0.00342292136,0.00547083135,60,185,11236,37,41
"Treg","KEGG","KEGG_COMPLEMENT_AND_COAGULATION_CASCADES","up",1.95481679,0.00432930825,0.00682139637,23,185,11236,37,41
"Treg","KEGG","KEGG_AMINO_SUGAR_AND_NUCLEOTIDE_SUGAR_METABOLISM","up",1.87015284,0.00512992488,0.00814381413,38,185,11236,37,41
"Treg","KEGG","KEGG_ADIPOCYTOKINE_SIGNALING_PATHWAY","up",1.78378869,0.00881988842,0.0129957563,53,185,11236,37,41
"Treg","KEGG","KEGG_PRION_DISEASES","up",1.84967684,0.0117087753,0.0166051605,24,185,11236,37,41
"Treg","KEGG","KEGG_CARDIAC_MUSCLE_CONTRACTION","up",1.78317004,0.0120726746,0.017510102,44,185,11236,37,41
"Treg","KEGG","KEGG_CHEMOKINE_SIGNALING_PATHWAY","up",1.59312501,0.0129605763,0.0191990818,134,185,11236,37,41
"Treg","KEGG","KEGG_HYPERTROPHIC_CARDIOMYOPATHY_HCM","up",1.75762698,0.0166600012,0.023560127,43,185,11236,37,41
"Treg","KEGG","KEGG_TYROSINE_METABOLISM","up",1.85629644,0.0166600012,0.0242843383,15,185,11236,37,41
"Treg","KEGG","KEGG_INSULIN_SIGNALING_PATHWAY","up",1.60714046,0.0168015926,0.0249323874,105,185,11236,37,41
"Treg","KEGG","KEGG_FRUCTOSE_AND_MANNOSE_METABOLISM","up",1.77867178,0.0175023979,0.0273203158,27,185,11236,37,41
"Treg","KEGG","KEGG_CYTOSOLIC_DNA_SENSING_PATHWAY","up",1.75908998,0.0175023979,0.0273203158,36,185,11236,37,41
"Treg","KEGG","KEGG_RIBOFLAVIN_METABOLISM","up",1.83855573,0.0175023979,0.0276924848,12,185,11236,37,41
"Treg","KEGG","KEGG_ALZHEIMERS_DISEASE","up",1.56052853,0.0212194898,0.0324984985,119,185,11236,37,41
"Treg","KEGG","KEGG_GLUTATHIONE_METABOLISM","up",1.71713362,0.0212645088,0.0332187007,37,185,11236,37,41
"Treg","KEGG","KEGG_PPAR_SIGNALING_PATHWAY","up",1.70810215,0.0230830018,0.0359296347,40,185,11236,37,41
"Treg","KEGG","KEGG_STEROID_BIOSYNTHESIS","up",1.79740822,0.0257040019,0.0398248987,15,185,11236,37,41
"Treg","KEGG","KEGG_MAPK_SIGNALING_PATHWAY","up",1.46592218,0.0267076932,0.0417736784,183,185,11236,37,41
"Treg","KEGG","KEGG_GLYCOSAMINOGLYCAN_DEGRADATION","up",1.77438602,0.0275369223,0.0435781492,17,185,11236,37,41
"Treg","Reactome","REACTOME_EUKARYOTIC_TRANSLATION_ELONGATION","down",-3.3930906,4.76595775e-30,1.70325386e-29,92,1572,11236,249,264
"Treg","Reactome","REACTOME_EUKARYOTIC_TRANSLATION_INITIATION","down",-3.24608874,4.51811935e-28,2.15290878e-27,118,1572,11236,249,264
"Treg","Reactome","REACTOME_SELENOAMINO_ACID_METABOLISM","down",-3.29731897,6.37977947e-28,3.11790487e-27,100,1572,11236,249,264
"Treg","Reactome","REACTOME_RESPONSE_OF_EIF2AK4_GCN2_TO_AMINO_ACID_DEFICIENCY","down",-3.25604982,4.58888064e-26,1.87425165e-25,99,1572,11236,249,264
"Treg","Reactome","REACTOME_NONSENSE_MEDIATED_DECAY_NMD","down",-3.14830795,1.24503501e-24,5.56186918e-24,114,1572,11236,249,264
"Treg","Reactome","REACTOME_INFLUENZA_VIRAL_RNA_TRANSCRIPTION_AND_REPLICATION","down",-3.06429552,2.20144811e-23,9.44101944e-23,133,1572,11236,249,264
"Treg","Reactome","REACTOME_NEUTROPHIL_DEGRANULATION","up",2.39619328,1.00619335e-18,4.57663192e-18,374,1572,11236,249,264
"Treg","Reactome","REACTOME_SRP_DEPENDENT_COTRANSLATIONAL_PROTEIN_TARGETING_TO_MEMBRANE","down",-2.93444429,8.39521421e-18,4.00036586e-17,110,1572,11236,249,264
"Treg","Reactome","REACTOME_CELLULAR_RESPONSE_TO_STARVATION","down",-2.79505058,1.57791681e-17,7.25032985e-17,145,1572,11236,249,264
"Treg","Reactome","REACTOME_INFLUENZA_INFECTION","down",-2.7528849,3.88292726e-17,1.73459648e-16,154,1572,11236,249,264
"Treg","Reactome","REACTOME_SIGNALING_BY_INTERLEUKINS","up",2.3103238,1.76946013e-16,8.18358757e-16,362,1572,11236,249,264
"Treg","Reactome","REACTOME_RRNA_PROCESSING","down",-2.58215865,1.12278052e-15,4.81509995e-15,196,1572,11236,249,264
"Treg","Reactome","REACTOME_ACTIVATION_OF_THE_MRNA_UPON_BINDING_OF_THE_CAP_BINDING_COMPLEX_AND_EIFS_AND_SUBSEQUENT_BINDING_TO_43S","down",-2.84979576,1.46521383e-13,5.04242892e-13,60,1572,11236,249,264
"Treg","Reactome","REACTOME_SARS_COV_1_MODULATES_HOST_TRANSLATION_MACHINERY","down",-2.85589656,1.01649109e-12,3.39054526e-12,37,1572,11236,249,264
"Treg","Reactome","REACTOME_REGULATION_OF_EXPRESSION_OF_SLITS_AND_ROBOS","down",-2.5155187,2.25807236e-12,7.565512e-12,141,1572,11236,249,264
"Treg","Reactome","REACTOME_SIGNALING_BY_ROBO_RECEPTORS","down",-2.40234806,2.62962915e-12,9.01725682e-12,175,1572,11236,249,264
"Treg","Reactome","REACTOME_RIBOSOME_ASSOCIATED_QUALITY_CONTROL","down",-2.57010467,2.77362412e-12,9.56683031e-12,138,1572,11236,249,264
"Treg","Reactome","REACTOME_INTERLEUKIN_10_SIGNALING","up",2.6440277,6.62011651e-10,1.73820601e-09,34,1572,11236,249,264
"Treg","Reactome","REACTOME_CELLULAR_RESPONSE_TO_CHEMICAL_STRESS","up",2.29461207,1.82213841e-09,4.3831736e-09,168,1572,11236,249,264
"Treg","Reactome","REACTOME_REGULATION_OF_PD_L1_CD274_POST_TRANSLATIONAL_MODIFICATION","up",2.46788397,5.48408068e-09,1.10416676e-08,81,1572,11236,249,264
"Treg","Reactome","REACTOME_ASPARAGINE_N_LINKED_GLYCOSYLATION","up",2.09568669,8.01266971e-09,1.62526433e-08,262,1572,11236,249,264
"Treg","Reactome","REACTOME_CO_INHIBITION_BY_PD_1","up",2.24848722,1.71304465e-08,3.1690685e-08,141,1572,11236,249,264
"Treg","Reactome","REACTOME_GOLGI_TO_ER_RETROGRADE_TRANSPORT","up",2.31883491,3.1535489e-08,5.76028651e-08,108,1572,11236,249,264
"Treg","Reactome","REACTOME_SARS_COV_2_MODULATES_HOST_TRANSLATION_MACHINERY","down",-2.5385994,3.32689703e-08,6.13658623e-08,51,1572,11236,249,264
"Treg","Reactome","REACTOME_MHC_CLASS_II_ANTIGEN_PRESENTATION","up",2.35258023,3.51149258e-08,6.67518182e-08,101,1572,11236,249,264
"Treg","Reactome","REACTOME_PROGRAMMED_CELL_DEATH","up",2.16969197,5.2926506e-08,9.93506167e-08,169,1572,11236,249,264
"Treg","Reactome","REACTOME_TNFR2_NON_CANONICAL_NF_KB_PATHWAY","up",2.35304493,1.12863037e-07,1.99824247e-07,79,1572,11236,249,264
"Treg","Reactome","REACTOME_APOPTOSIS","up",2.19915293,1.13551957e-07,2.06594691e-07,142,1572,11236,249,264
"Treg","Reactome","REACTOME_METABOLISM_OF_AMINO_ACIDS_AND_DERIVATIVES","down",-1.98087527,1.34407923e-07,2.46549209e-07,260,1572,11236,249,264
"Treg","Reactome","REACTOME_KEAP1_NFE2L2_PATHWAY","up",2.27831854,2.60258658e-07,4.33019992e-07,102,1572,11236,249,264
"Treg","Reactome","REACTOME_PROTEASOME_ASSEMBLY","up",2.41343515,2.64972592e-07,4.62635363e-07,49,1572,11236,249,264
"Treg","Reactome","REACTOME_TRANSLATION","down",-1.85666036,2.64972592e-07,4.62635363e-07,335,1572,11236,249,264
"Treg","Reactome","REACTOME_ANTIGEN_PROCESSING_CROSS_PRESENTATION","up",2.30004911,2.66349559e-07,4.75938874e-07,85,1572,11236,249,264
"Treg","Reactome","REACTOME_AMPK_INDUCED_ERAD_AND_LYSOSOME_MEDIATED_DEGRADATION_OF_PD_L1_CD274","up",2.42149156,2.93453683e-07,5.28255347e-07,51,1572,11236,249,264
"Treg","Reactome","REACTOME_REGULATION_OF_ORNITHINE_DECARBOXYLASE_ODC","up",2.46569594,3.54630634e-07,6.4287183e-07,36,1572,11236,249,264
"Treg","Reactome","REACTOME_ER_TO_GOLGI_ANTEROGRADE_TRANSPORT","up",2.19781548,4.06896471e-07,7.3216603e-07,128,1572,11236,249,264
"Treg","Reactome","REACTOME_INTERFERON_SIGNALING","up",1.96998687,6.87795254e-07,1.18885436e-06,239,1572,11236,249,264
"Treg","Reactome","REACTOME_REGULATION_OF_T_CELL_ACTIVATION_BY_CD28_FAMILY","up",2.04141344,7.62359748e-07,1.33589107e-06,190,1572,11236,249,264
"Treg","Reactome","REACTOME_GLUCONEOGENESIS","up",2.38090779,1.55019527e-06,2.67451295e-06,17,1572,11236,249,264
"Treg","Reactome","REACTOME_ABC_TRANSPORTER_DISORDERS","up",2.33573113,1.60427839e-06,2.79675914e-06,52,1572,11236,249,264
"Treg","Reactome","REACTOME_VIF_MEDIATED_DEGRADATION_OF_APOBEC3G","up",2.36856043,1.65857836e-06,2.9279992e-06,37,1572,11236,249,264
"Treg","Reactome","REACTOME_METABOLISM_OF_POLYAMINES","up",2.39194802,1.67749505e-06,2.97977191e-06,43,1572,11236,249,264
"Treg","Reactome","REACTOME_THE_ROLE_OF_GTSE1_IN_G2_M_PROGRESSION_AFTER_G2_CHECKPOINT","up",2.37486383,1.91873167e-06,3.39972421e-06,53,1572,11236,249,264
"Treg","Reactome","REACTOME_NUCLEAR_EVENTS_MEDIATED_BY_NFE2L2","up",2.25659416,1.91873167e-06,3.40920285e-06,77,1572,11236,249,264
"Treg","Reactome","REACTOME_INTERLEUKIN_4_AND_INTERLEUKIN_13_SIGNALING","up",2.22986975,1.93356776e-06,3.49390503e-06,82,1572,11236,249,264
"Treg","Reactome","REACTOME_CROSS_PRESENTATION_OF_SOLUBLE_EXOGENOUS_ANTIGENS_ENDOSOMES","up",2.35830884,1.99704564e-06,3.66819133e-06,37,1572,11236,249,264
"Treg","Reactome","REACTOME_SPOP_MEDIATED_PROTEASOMAL_DEGRADATION_OF_PD_L1_CD274","up",2.35553859,3.12630281e-06,5.73574533e-06,44,1572,11236,249,264
"Treg","Reactome","REACTOME_REGULATION_OF_PD_L1_CD274_EXPRESSION","up",2.1104512,3.12630281e-06,5.73574533e-06,123,1572,11236,249,264
"Treg","Reactome","REACTOME_DEGRADATION_OF_DVL","up",2.31573142,6.6797404e-06,1.16390838e-05,40,1572,11236,249,264
"Treg","Reactome","REACTOME_METABOLISM_OF_CARBOHYDRATES_AND_CARBOHYDRATE_DERIVATIVES","up",1.91704767,7.48833176e-06,1.31831208e-05,206,1572,11236,249,264
"Treg","Reactome","REACTOME_TRANSPORT_TO_THE_GOLGI_AND_SUBSEQUENT_MODIFICATION","up",2.01061569,8.54026653e-06,1.50393977e-05,151,1572,11236,249,264
"Treg","Reactome","REACTOME_COPI_DEPENDENT_GOLGI_TO_ER_RETROGRADE_TRAFFIC","up",2.15654575,1.69536919e-05,2.64758469e-05,78,1572,11236,249,264
"Treg","Reactome","REACTOME_RIBOSOME_QUALITY_CONTROL_RQC_COMPLEX_EXTRACTS_AND_DEGRADES_NASCENT_PEPTIDE","down",-2.10436031,1.83712078e-05,2.87579154e-05,96,1572,11236,249,264
"Treg","Reactome","REACTOME_DECTIN_1_MEDIATED_NONCANONICAL_NF_KB_SIGNALING","up",2.24058685,1.89549413e-05,2.99944528e-05,46,1572,11236,249,264
"Treg","Reactome","REACTOME_NEGATIVE_REGULATION_OF_NOTCH4_SIGNALING","up",2.27654009,2.20576402e-05,3.466161e-05,41,1572,11236,249,264
"Treg","Reactome","REACTOME_HH_MUTANTS_ABROGATE_LIGAND_SECRETION","up",2.27502636,2.27457913e-05,3.59535765e-05,41,1572,11236,249,264
"Treg","Reactome","REACTOME_HEDGEHOG_OFF_STATE","up",2.09115466,2.73468362e-05,4.26874907e-05,80,1572,11236,249,264
"Treg","Reactome","REACTOME_CELL_JUNCTION_ORGANIZATION","up",1.94616644,2.78602884e-05,4.40830362e-05,162,1572,11236,249,264
"Treg","Reactome","REACTOME_SCF_SKP2_MEDIATED_DEGRADATION_OF_P27_P21","up",2.20127267,3.18358335e-05,5.04714507e-05,48,1572,11236,249,264
"Treg","Reactome","REACTOME_REGULATION_OF_HOMOTYPIC_CELL_CELL_ADHESION","up",1.97145839,3.19170879e-05,5.10738863e-05,130,1572,11236,249,264
"Treg","Reactome","REACTOME_SCF_BETA_TRCP_MEDIATED_DEGRADATION_OF_EMI1","up",2.24667882,3.59925548e-05,5.74829505e-05,40,1572,11236,249,264
"Treg","Reactome","REACTOME_AUF1_HNRNP_D0_BINDS_AND_DESTABILIZES_MRNA","up",2.24510001,3.61946082e-05,5.85388511e-05,40,1572,11236,249,264
"Treg","Reactome","REACTOME_INTRA_GOLGI_AND_RETROGRADE_GOLGI_TO_ER_TRAFFIC","up",1.88198813,3.87404598e-05,6.30424071e-05,171,1572,11236,249,264
"Treg","Reactome","REACTOME_COPI_MEDIATED_ANTEROGRADE_TRANSPORT","up",2.1057649,3.87404598e-05,6.3291575e-05,81,1572,11236,249,264
"Treg","Reactome","REACTOME_REGULATION_OF_RUNX3_EXPRESSION_AND_ACTIVITY","up",2.23636313,4.22728856e-05,6.8911163e-05,43,1572,11236,249,264
"Treg","Reactome","REACTOME_ACTIVATION_OF_APC_C_AND_APC_C_CDC20_MEDIATED_DEGRADATION_OF_MITOTIC_PROTEINS","up",2.11550929,4.60567035e-05,7.59678685e-05,62,1572,11236,249,264
"Treg","Reactome","REACTOME_HEDGEHOG_LIGAND_BIOGENESIS","up",2.22447946,4.75435766e-05,7.82407225e-05,43,1572,11236,249,264
"Treg","Reactome","REACTOME_HEDGEHOG_ON_STATE","up",2.15617069,5.06922416e-05,8.40895401e-05,57,1572,11236,249,264
"Treg","Reactome","REACTOME_GSK3B_MEDIATED_PROTEASOMAL_DEGRADATION_OF_PD_L1_CD274","up",2.19797465,5.19099751e-05,8.70786665e-05,42,1572,11236,249,264
"Treg","Reactome","REACTOME_DISEASES_OF_METABOLISM","up",1.88429836,5.25908524e-05,8.91960091e-05,163,1572,11236,249,264
"Treg","Reactome","REACTOME_SIGNALING_BY_NOTCH4","up",2.15192848,5.47532771e-05,9.35559054e-05,64,1572,11236,249,264
"Treg","Reactome","REACTOME_TRANSCRIPTIONAL_REGULATION_BY_RUNX2","up",2.0503978,5.51162447e-05,9.5182047e-05,80,1572,11236,249,264
"Treg","Reactome","REACTOME_FBXL7_DOWN_REGULATES_AURKA_DURING_MITOTIC_ENTRY_AND_IN_EARLY_MITOSIS","up",2.25108239,5.97627114e-05,0.000103769523,39,1572,11236,249,264
"Treg","Reactome","REACTOME_ADHERENS_JUNCTIONS_INTERACTIONS","up",1.97238663,5.97627114e-05,0.00010466808,133,1572,11236,249,264
"Treg","Reactome","REACTOME_ASYMMETRIC_LOCALIZATION_OF_PCP_PROTEINS","up",2.21670951,6.04886263e-05,0.000107553061,41,1572,11236,249,264
"Treg","Reactome","REACTOME_RESPONSE_TO_ELEVATED_PLATELET_CYTOSOLIC_CA2","up",2.03153765,6.04886263e-05,0.000108086865,88,1572,11236,249,264
"Treg","Reactome","REACTOME_UBIQUITIN_DEPENDENT_DEGRADATION_OF_CYCLIN_D","up",2.18436587,6.33062711e-05,0.000113121702,37,1572,11236,249,264
"Treg","Reactome","REACTOME_PCP_CE_PATHWAY","up",2.09838956,7.21907698e-05,0.000127768828,63,1572,11236,249,264
"Treg","Reactome","REACTOME_REGULATION_OF_MRNA_STABILITY_BY_PROTEINS_THAT_BIND_AU_RICH_ELEMENTS","up",2.11595169,7.67332913e-05,0.000136681849,72,1572,11236,249,264
"Treg","Reactome","REACTOME_TRANSCRIPTIONAL_REGULATION_BY_RUNX1","up",1.8859417,8.83537128e-05,0.000154028163,140,1572,11236,249,264
"Treg","Reactome","REACTOME_REGULATION_OF_CDH1_FUNCTION","up",2.12337137,0.000104614454,0.000179723969,55,1572,11236,249,264
"Treg","Reactome","REACTOME_REGULATION_OF_APOPTOSIS","up",2.19740958,0.0001073835,0.000186206097,38,1572,11236,249,264
"Treg","Reactome","REACTOME_RUNX1_REGULATES_TRANSCRIPTION_OF_GENES_INVOLVED_IN_DIFFERENTIATION_OF_HSCS","up",2.12208785,0.000127343177,0.000213931803,49,1572,11236,249,264
"Treg","Reactome","REACTOME_SIGNALING_BY_HEDGEHOG","up",1.97967901,0.000132469027,0.000224039434,104,1572,11236,249,264
"Treg","Reactome","REACTOME_MAPK1_MAPK3_SIGNALING","up",1.7885823,0.000142158348,0.000241925844,180,1572,11236,249,264
"Treg","Reactome","REACTOME_UBIQUITIN_MEDIATED_DEGRADATION_OF_PHOSPHORYLATED_CDC25A","up",2.11317474,0.000149961047,0.000256768447,49,1572,11236,249,264
"Treg","Reactome","REACTOME_INTERLEUKIN_12_FAMILY_SIGNALING","up",2.11200335,0.000163563708,0.000279424193,50,1572,11236,249,264
"Treg","Reactome","REACTOME_REGULATION_OF_RAS_BY_GAPS","up",2.0998316,0.000181813075,0.000304954963,49,1572,11236,249,264
"Treg","Reactome","REACTOME_APC_C_CDH1_MEDIATED_DEGRADATION_OF_CDC20_AND_OTHER_APC_C_CDH1_TARGETED_PROTEINS_IN_LATE_MITOSIS_EARLY_G1","up",2.04351489,0.000205439295,0.000336822415,59,1572,11236,249,264
"Treg","Reactome","REACTOME_DOWNSTREAM_TCR_SIGNALING","up",2.0094223,0.0002055655,0.00033820122,79,1572,11236,249,264
"Treg","Reactome","REACTOME_INTERFERON_GAMMA_SIGNALING","up",1.99397432,0.000209350209,0.000347366483,83,1572,11236,249,264
"Treg","Reactome","REACTOME_CELLULAR_RESPONSE_TO_HYPOXIA","up",2.08916407,0.000210193344,0.000351700856,54,1572,11236,249,264
"Treg","Reactome","REACTOME_CELL_CELL_COMMUNICATION","up",1.82281071,0.00021927818,0.000369011975,186,1572,11236,249,264
"Treg","Reactome","REACTOME_EXTRACELLULAR_MATRIX_ORGANIZATION","up",1.88323943,0.000247146683,0.000410946755,131,1572,11236,249,264
"Treg","Reactome","REACTOME_REGULATION_OF_PTEN_STABILITY_AND_ACTIVITY","up",2.07722588,0.000247146683,0.00041261857,52,1572,11236,249,264
"Treg","Reactome","REACTOME_DEGRADATION_OF_CRY_AND_PER_PROTEINS","up",2.08363071,0.000273969486,0.000455373593,46,1572,11236,249,264
"Treg","Reactome","REACTOME_SOMITOGENESIS","up",2.08357984,0.000273969486,0.000458008393,37,1572,11236,249,264
"Treg","Reactome","REACTOME_ORC1_REMOVAL_FROM_CHROMATIN","up",2.05444578,0.000273969486,0.000458008393,56,1572,11236,249,264
"Treg","Reactome","REACTOME_DISORDERS_OF_TRANSMEMBRANE_TRANSPORTERS","up",1.87159077,0.000338938218,0.000556464746,112,1572,11236,249,264
"Treg","Reactome","REACTOME_INTERFERON_ALPHA_BETA_SIGNALING","up",1.99727847,0.000350109547,0.000573953426,62,1572,11236,249,264
"Treg","Reactome","REACTOME_CDK_MEDIATED_PHOSPHORYLATION_AND_REMOVAL_OF_CDC6","up",2.03199709,0.000376113883,0.000607424638,58,1572,11236,249,264
"Treg","Reactome","REACTOME_REGULATION_OF_RUNX2_EXPRESSION_AND_ACTIVITY","up",2.05197153,0.000440377047,0.000699473635,51,1572,11236,249,264
"Treg","Reactome","REACTOME_DEGRADATION_OF_GLI1_BY_THE_PROTEASOME","up",2.0857353,0.000470236534,0.0007437227,43,1572,11236,249,264
"Treg","Reactome","REACTOME_CLEC7A_DECTIN_1_SIGNALING","up",1.94301348,0.000470236534,0.0007437227,83,1572,11236,249,264
"Treg","Reactome","REACTOME_ABC_FAMILY_PROTEINS_MEDIATED_TRANSPORT","up",1.98118785,0.000629336003,0.000948422226,70,1572,11236,249,264
"Treg","Reactome","REACTOME_DEGRADATION_OF_AXIN","up",2.06025928,0.000641802011,0.000972514585,40,1572,11236,249,264
"Treg","Reactome","REACTOME_HOST_INTERACTIONS_OF_HIV_FACTORS","up",1.84531093,0.000665649528,0.00100609289,111,1572,11236,249,264
"Treg","Reactome","REACTOME_RUNX1_AND_FOXP3_CONTROL_THE_DEVELOPMENT_OF_REGULATORY_T_LYMPHOCYTES_TREGS","up",2.01145907,0.000702040083,0.00106469955,8,1572,11236,249,264
"Treg","Reactome","REACTOME_PHOSPHORYLATION_OF_CD3_AND_TCR_ZETA_CHAINS","up",2.11805948,0.000706627715,0.00107945906,20,1572,11236,249,264
"Treg","Reactome","REACTOME_SARS_COV_1_HOST_INTERACTIONS","down",-1.8770378,0.000714732617,0.0010932824,90,1572,11236,249,264
"Treg","Reactome","REACTOME_GENE_AND_PROTEIN_EXPRESSION_BY_JAK_STAT_SIGNALING_AFTER_INTERLEUKIN_12_STIMULATION","up",2.03534489,0.000718417126,0.00110356293,34,1572,11236,249,264
"Treg","Reactome","REACTOME_C_TYPE_LECTIN_RECEPTORS_CLRS","up",1.85221355,0.00073923297,0.00114242785,105,1572,11236,249,264
"Treg","Reactome","REACTOME_DOWNSTREAM_SIGNALING_EVENTS_OF_B_CELL_RECEPTOR_BCR","up",1.98399665,0.000743993995,0.00115337719,66,1572,11236,249,264
"Treg","Reactome","REACTOME_DISEASES_OF_GLYCOSYLATION","up",1.94937096,0.00075751076,0.00117992324,76,1572,11236,249,264
"Treg","Reactome","REACTOME_DISSOLUTION_OF_FIBRIN_CLOT","up",2.0565488,0.000784527941,0.00121993499,9,1572,11236,249,264
"Treg","Reactome","REACTOME_INTERLEUKIN_1_SIGNALING","up",1.86115426,0.000784527941,0.00122498585,97,1572,11236,249,264
"Treg","Reactome","REACTOME_INTERLEUKIN_12_SIGNALING","up",2.0343379,0.000812815665,0.0012752928,42,1572,11236,249,264
"Treg","Reactome","REACTOME_PLATELET_ACTIVATION_SIGNALING_AND_AGGREGATION","up",1.78750718,0.000907457819,0.00140691786,174,1572,11236,249,264
"Treg","Reactome","REACTOME_FORMATION_OF_PARAXIAL_MESODERM","up",1.98534455,0.00092119842,0.00142720708,48,1572,11236,249,264
"Treg","Reactome","REACTOME_CIRCADIAN_CLOCK","up",1.83791438,0.000932419018,0.00145144291,98,1572,11236,249,264
"Treg","Reactome","REACTOME_COPII_MEDIATED_VESICLE_TRANSPORT","up",1.91439084,0.000938911518,0.00146835268,62,1572,11236,249,264
"Treg","Reactome","REACTOME_HSP90_CHAPERONE_CYCLE_FOR_STEROID_HORMONE_RECEPTORS_SHR_IN_THE_PRESENCE_OF_LIGAND","up",2.02400054,0.00100016686,0.00156579998,43,1572,11236,249,264
"Treg","Reactome","REACTOME_INTERLEUKIN_1_FAMILY_SIGNALING","up",1.7887189,0.00100342853,0.00158361049,124,1572,11236,249,264
"Treg","Reactome","REACTOME_COPI_INDEPENDENT_GOLGI_TO_ER_RETROGRADE_TRAFFIC","up",2.05049656,0.00100342853,0.00158527444,38,1572,11236,249,264
"Treg","Reactome","REACTOME_APC_C_MEDIATED_DEGRADATION_OF_CELL_CYCLE_PROTEINS","up",1.93017067,0.00107321985,0.00170137065,73,1572,11236,249,264
"Treg","Reactome","REACTOME_MUSCLE_CONTRACTION","up",1.87874478,0.00124593381,0.00195144744,87,1572,11236,249,264
"Treg","Reactome","REACTOME_GLUCOSE_METABOLISM","up",1.92246819,0.00128006022,0.00201380539,67,1572,11236,249,264
"Treg","Reactome","REACTOME_REPRESSION_OF_WNT_TARGET_GENES","down",-2.07748645,0.00141594787,0.00219938435,10,1572,11236,249,264
"Treg","Reactome","REACTOME_SWITCHING_OF_ORIGINS_TO_A_POST_REPLICATIVE_STATE","up",1.85284704,0.00158140625,0.00243019487,77,1572,11236,249,264
"Treg","Reactome","REACTOME_ACTIVATION_OF_NF_KAPPAB_IN_B_CELLS","up",1.95615795,0.00158755293,0.00245229616,52,1572,11236,249,264
"Treg","Reactome","REACTOME_TCR_SIGNALING","up",1.83354532,0.00173877942,0.00266461069,99,1572,11236,249,264
"Treg","Reactome","REACTOME_UCH_PROTEINASES","up",1.92399471,0.00188958349,0.0028894424,68,1572,11236,249,264
"Treg","Reactome","REACTOME_P53_DEPENDENT_G1_DNA_DAMAGE_RESPONSE","up",1.92941715,0.00219727806,0.00331029342,50,1572,11236,249,264
"Treg","Reactome","REACTOME_SEMAPHORIN_INTERACTIONS","up",1.92497444,0.0024404583,0.00366365609,50,1572,11236,249,264
"Treg","Reactome","REACTOME_HIV_INFECTION","up",1.64037014,0.00256484126,0.0038430748,207,1572,11236,249,264
"Treg","Reactome","REACTOME_NEDDYLATION","up",1.63947816,0.00256484126,0.00384754389,201,1572,11236,249,264
"Treg","Reactome","REACTOME_DISEASES_OF_SIGNAL_TRANSDUCTION_BY_GROWTH_FACTOR_RECEPTORS_AND_SECOND_MESSENGERS","up",1.53494821,0.00272523997,0.00406799739,353,1572,11236,249,264
"Treg","Reactome","REACTOME_DEGRADATION_OF_THE_EXTRACELLULAR_MATRIX","up",1.8908139,0.00283794396,0.00423660934,51,1572,11236,249,264
"Treg","Reactome","REACTOME_DENGUE_VIRUS_GENOME_TRANSLATION_AND_REPLICATION","up",1.80985603,0.00313132089,0.00460208747,78,1572,11236,249,264
"Treg","Reactome","REACTOME_SIGNALING_BY_THE_B_CELL_RECEPTOR_BCR","up",1.81413828,0.00326127547,0.00476867568,92,1572,11236,249,264
"Treg","Reactome","REACTOME_G1_S_DNA_DAMAGE_CHECKPOINTS","up",1.86718682,0.0033198794,0.00484899256,64,1572,11236,249,264
"Treg","Reactome","REACTOME_MATURATION_OF_DENV_PROTEINS","up",1.88946523,0.00335856488,0.00491890054,49,1572,11236,249,264
"Treg","Reactome","REACTOME_MAPK_FAMILY_SIGNALING_CASCADES","up",1.61163934,0.00345239559,0.00507324967,210,1572,11236,249,264
"Treg","Reactome","REACTOME_RHOC_GTPASE_CYCLE","up",1.87702862,0.00345239559,0.00507392551,61,1572,11236,249,264
"Treg","Reactome","REACTOME_CHEMOKINE_RECEPTORS_BIND_CHEMOKINES","up",1.93335932,0.00356006095,0.00524480312,35,1572,11236,249,264
"Treg","Reactome","REACTOME_SELECTIVE_AUTOPHAGY","up",1.83606707,0.00356006095,0.00526963289,70,1572,11236,249,264
"Treg","Reactome","REACTOME_DIFFERENTIATION_OF_NAIVE_CD_T_CELLS_TO_T_HELPER_1_CELLS_TH1_CELLS","up",1.99154937,0.00369039779,0.0054003917,13,1572,11236,249,264
"Treg","Reactome","REACTOME_GLYCOSAMINOGLYCAN_METABOLISM","up",1.7933964,0.00382636635,0.00559758408,82,1572,11236,249,264
"Treg","Reactome","REACTOME_G_ALPHA_I_SIGNALLING_EVENTS","up",1.69356854,0.00382636635,0.00559758408,137,1572,11236,249,264
"Treg","Reactome","REACTOME_RHO_GTPASE_EFFECTORS","up",1.58070176,0.00393282672,0.00573677637,229,1572,11236,249,264
"Treg","Reactome","REACTOME_SARS_COV_1_INFECTION","down",-1.6822175,0.00447888564,0.00640869434,132,1572,11236,249,264
"Treg","Reactome","REACTOME_TRANSCRIPTIONAL_REGULATION_BY_RUNX3","up",1.79688996,0.00447888564,0.00642801485,76,1572,11236,249,264
"Treg","Reactome","REACTOME_CELL_SURFACE_INTERACTIONS_AT_THE_VASCULAR_WALL","up",1.78079828,0.00479478308,0.00681856907,79,1572,11236,249,264
"Treg","Reactome","REACTOME_ANTIGEN_PROCESSING_UB_ATP_INDEPENDENT_PROTEASOMAL_DEGRADATION","up",2.01922777,0.00486341133,0.00687700661,18,1572,11236,249,264
"Treg","Reactome","REACTOME_TNFS_BIND_THEIR_PHYSIOLOGICAL_RECEPTORS","up",1.95603658,0.00491354531,0.00695222934,23,1572,11236,249,264
"Treg","Reactome","REACTOME_INTERLEUKIN_35_SIGNALLING","up",1.93976558,0.00541250424,0.00762621769,12,1572,11236,249,264
"Treg","Reactome","REACTOME_MITOTIC_METAPHASE_AND_ANAPHASE","up",1.58166251,0.00571313139,0.00800387942,201,1572,11236,249,264
"Treg","Reactome","REACTOME_SEPARATION_OF_SISTER_CHROMATIDS","up",1.63312454,0.00613799515,0.00855771459,158,1572,11236,249,264
"Treg","Reactome","REACTOME_LEISHMANIA_INFECTION","up",1.68429806,0.00623989957,0.00872254799,127,1572,11236,249,264
"Treg","Reactome","REACTOME_DENGUE_VIRUS_INFECTION","up",1.50055743,0.00639000227,0.00893360776,301,1572,11236,249,264
"Treg","Reactome","REACTOME_SIGNALING_BY_NTRKS","up",1.70019544,0.00691476337,0.00957549787,107,1572,11236,249,264
"Treg","Reactome","REACTOME_REGULATION_OF_CDH19_EXPRESSION_AND_FUNCTION","up",1.79854248,0.00711796033,0.00986999545,5,1572,11236,249,264
"Treg","Reactome","REACTOME_DNA_REPLICATION_PRE_INITIATION","up",1.72894908,0.00712848107,0.00989878367,87,1572,11236,249,264
"Treg","Reactome","REACTOME_SYNTHESIS_OF_DNA","up",1.68642989,0.00759652972,0.010366332,106,1572,11236,249,264
"Treg","Reactome","REACTOME_G2_M_CHECKPOINTS","up",1.67810812,0.00845139429,0.011404075,115,1572,11236,249,264
"Treg","Reactome","REACTOME_RESPONSE_TO_METAL_IONS","up",1.89204487,0.00867543149,0.0116705084,9,1572,11236,249,264
"Treg","Reactome","REACTOME_PEPTIDE_LIGAND_BINDING_RECEPTORS","up",1.74676016,0.00868192614,0.0117362957,70,1572,11236,249,264
"Treg","Reactome","REACTOME_BASIGIN_INTERACTIONS","up",1.92305349,0.00882949239,0.011966592,17,1572,11236,249,264
"Treg","Reactome","REACTOME_SIGNALING_BY_NOTCH","up",1.62997991,0.00934251464,0.0125951015,138,1572,11236,249,264
"Treg","Reactome","REACTOME_GENERATION_OF_SECOND_MESSENGER_MOLECULES","up",1.87888086,0.00984632663,0.0131474327,30,1572,11236,249,264
"Treg","Reactome","REACTOME_REGULATION_OF_INSULIN_SECRETION","up",1.82107792,0.0099423005,0.0132662052,44,1572,11236,249,264
"Treg","Reactome","REACTOME_CHOLESTEROL_BIOSYNTHESIS","up",1.87436782,0.0103442116,0.0137779096,25,1572,11236,249,264
"Treg","Reactome","REACTOME_STABILIZATION_OF_P53","up",1.82492433,0.0107063251,0.014174055,41,1572,11236,249,264
"Treg","Reactome","REACTOME_CARGO_CONCENTRATION_IN_THE_ER","up",1.86395607,0.0115248532,0.0150717375,26,1572,11236,249,264
"Treg","Reactome","REACTOME_COLLAGEN_FORMATION","up",1.84072854,0.0118078963,0.0153850367,34,1572,11236,249,264
"Treg","Reactome","REACTOME_PEPTIDE_HORMONE_METABOLISM","up",1.8292909,0.0119625036,0.0156783741,38,1572,11236,249,264
"Treg","Reactome","REACTOME_STAT3_NUCLEAR_EVENTS_DOWNSTREAM_OF_ALK_SIGNALING","up",1.88799029,0.0119625036,0.0156972932,11,1572,11236,249,264
"Treg","Reactome","REACTOME_MITOTIC_G2_G2_M_PHASES","up",1.56402668,0.0119625036,0.0157226561,172,1572,11236,249,264
"Treg","Reactome","REACTOME_METABOLISM_OF_STEROIDS","up",1.64485279,0.0147426306,0.0186294257,106,1572,11236,249,264
"Treg","Reactome","REACTOME_HYALURONAN_METABOLISM","up",1.87649268,0.0147426306,0.0186319753,12,1572,11236,249,264
"Treg","Reactome","REACTOME_DETOXIFICATION_OF_REACTIVE_OXYGEN_SPECIES","up",1.83339536,0.0155609272,0.0195260578,27,1572,11236,249,264
"Treg","Reactome","REACTOME_RHO_GTPASES_ACTIVATE_IQGAPS","up",1.85236638,0.0161675701,0.0201453506,21,1572,11236,249,264
"Treg","Reactome","REACTOME_AGGREPHAGY","up",1.82876946,0.0165930905,0.0206310732,29,1572,11236,249,264
"Treg","Reactome","REACTOME_HYALURONAN_DEGRADATION","up",1.84330027,0.0177281523,0.021851239,10,1572,11236,249,264
"Treg","Reactome","REACTOME_SMOOTH_MUSCLE_CONTRACTION","up",1.82521725,0.0178675992,0.0220395303,28,1572,11236,249,264
"Treg","Reactome","REACTOME_PROTEIN_FOLDING","up",1.67905279,0.0185046088,0.0225904125,73,1572,11236,249,264
"Treg","Reactome","REACTOME_SARS_COV_2_HOST_INTERACTIONS","down",-1.5001219,0.0190737375,0.0231342275,173,1572,11236,249,264
"Treg","Reactome","REACTOME_CARDIAC_CONDUCTION","up",1.73267705,0.0192171668,0.0233059408,50,1572,11236,249,264
"Treg","Reactome","REACTOME_AUTOPHAGY","up",1.57574991,0.0195139094,0.0235788963,133,1572,11236,249,264
"Treg","Reactome","REACTOME_PROTEIN_REPAIR","up",1.75150886,0.019519209,0.0236889012,5,1572,11236,249,264
"Treg","Reactome","REACTOME_DNA_REPLICATION","up",1.58959415,0.0197848651,0.0240303081,121,1572,11236,249,264
"Treg","Reactome","REACTOME_GLUCAGON_LIKE_PEPTIDE_1_GLP1_REGULATES_INSULIN_SECRETION","up",1.829653,0.0201384489,0.0244140601,23,1572,11236,249,264
"Treg","Reactome","REACTOME_GASTRULATION","up",1.68983413,0.0205291371,0.0248417589,63,1572,11236,249,264
"Treg","Reactome","REACTOME_RHO_GTPASES_ACTIVATE_RHOTEKIN_AND_RHOPHILINS","up",1.79755196,0.0205347118,0.0249116963,7,1572,11236,249,264
"Treg","Reactome","REACTOME_PD_L1_CD274_GLYCOSYLATION_AND_TRANSLOCATION_TO_PLASMA_MEMBRANE","up",1.82205156,0.021330023,0.0257174136,20,1572,11236,249,264
"Treg","Reactome","REACTOME_OAS_ANTIVIRAL_RESPONSE","up",1.81109283,0.0214441046,0.0259426668,8,1572,11236,249,264
"Treg","Reactome","REACTOME_SENSORY_PROCESSING_OF_SOUND","up",1.76995678,0.0216527585,0.0261930255,37,1572,11236,249,264
"Treg","Reactome","REACTOME_INTERLEUKIN_23_SIGNALING","up",1.80901205,0.0221571689,0.0268011102,8,1572,11236,249,264
"Treg","Reactome","REACTOME_ATTENUATION_PHASE","up",1.81342681,0.0225212074,0.0271700307,23,1572,11236,249,264
"Treg","Reactome","REACTOME_MODULATION_OF_HOST_RESPONSES_BY_IFN_STIMULATED_GENES","up",1.82940785,0.0225561047,0.0273203158,18,1572,11236,249,264
"Treg","Reactome","REACTOME_NUCLEOTIDE_CATABOLISM","up",1.80358514,0.0225561047,0.0273203158,26,1572,11236,249,264
"Treg","Reactome","REACTOME_BIOSYNTHESIS_OF_THE_N_GLYCAN_PRECURSOR_DOLICHOL_LIPID_LINKED_OLIGOSACCHARIDE_LLO_AND_TRANSFER_TO_A_NASCENT_PROTEIN","up",1.66607474,0.0237468385,0.028524096,69,1572,11236,249,264
"Treg","Reactome","REACTOME_FATTY_ACID_METABOLISM","up",1.56465682,0.0241946555,0.0291245032,120,1572,11236,249,264
"Treg","Reactome","REACTOME_SEMA4D_INDUCED_CELL_MIGRATION_AND_GROWTH_CONE_COLLAPSE","up",1.81508146,0.0249681969,0.0298902294,18,1572,11236,249,264
"Treg","Reactome","REACTOME_INTRINSIC_PATHWAY_FOR_APOPTOSIS","up",1.69750554,0.0258875217,0.0308639597,52,1572,11236,249,264
"Treg","Reactome","REACTOME_COLLAGEN_DEGRADATION","up",1.80144008,0.0259189961,0.031001773,20,1572,11236,249,264
"Treg","Reactome","REACTOME_REGULATION_OF_BETA_CELL_DEVELOPMENT","up",1.81517062,0.0262274313,0.0313644903,17,1572,11236,249,264
"Treg","Reactome","REACTOME_BETA_CATENIN_INDEPENDENT_WNT_SIGNALING","up",1.57881634,0.0263796022,0.0315007877,106,1572,11236,249,264
"Treg","Reactome","REACTOME_SPHINGOLIPID_METABOLISM","up",1.64650048,0.0267902497,0.0320351612,71,1572,11236,249,264
"Treg","Reactome","REACTOME_FORMATION_OF_THE_BETA_CATENIN_TCF_TRANSACTIVATING_COMPLEX","down",-1.77358165,0.0267902497,0.0320661007,29,1572,11236,249,264
"Treg","Reactome","REACTOME_RHO_GTPASES_ACTIVATE_PKNS","up",1.76489048,0.0267902497,0.0321438303,29,1572,11236,249,264
"Treg","Reactome","REACTOME_INCRETIN_SYNTHESIS_SECRETION_AND_INACTIVATION","up",1.79455913,0.0267902497,0.0322677349,8,1572,11236,249,264
"Treg","Reactome","REACTOME_SYNTHESIS_SECRETION_AND_INACTIVATION_OF_GLUCAGON_LIKE_PEPTIDE_1_GLP_1","up",1.79455913,0.0267902497,0.0322677349,8,1572,11236,249,264
"Treg","Reactome","REACTOME_KINESINS","up",1.72420646,0.0274300514,0.0328555458,41,1572,11236,249,264
"Treg","Reactome","REACTOME_METABOLISM_OF_NUCLEOTIDES","up",1.62350013,0.0279625135,0.0334663872,78,1572,11236,249,264
"Treg","Reactome","REACTOME_METABOLIC_DISORDERS_OF_BIOLOGICAL_OXIDATION_ENZYMES","up",1.80292855,0.028424176,0.0341056241,17,1572,11236,249,264
"Treg","Reactome","REACTOME_CASPASE_ACTIVATION_VIA_EXTRINSIC_APOPTOTIC_SIGNALLING_PATHWAY","up",1.78704417,0.028424176,0.0342021879,22,1572,11236,249,264
"Treg","Reactome","REACTOME_PHOSPHORYLATION_OF_CLOCK_ACETYLATION_OF_BMAL1_ARNTL_AT_TARGET_GENE_PROMOTERS","down",-1.79997777,0.0285832149,0.0343654278,10,1572,11236,249,264
"Treg","Reactome","REACTOME_SUMOYLATION_OF_IMMUNE_RESPONSE_PROTEINS","up",1.80670593,0.0288063087,0.0347093393,12,1572,11236,249,264
"Treg","Reactome","REACTOME_TP53_REGULATES_METABOLIC_GENES","up",1.63058039,0.0288063087,0.0347093393,73,1572,11236,249,264
"Treg","Reactome","REACTOME_FCERI_MEDIATED_NF_KB_ACTIVATION","up",1.64549366,0.0289120912,0.0349243936,65,1572,11236,249,264
"Treg","Reactome","REACTOME_RHO_GTPASES_ACTIVATE_ROCKS","up",1.79462938,0.02980073,0.0357420306,17,1572,11236,249,264
"Treg","Reactome","REACTOME_METALLOTHIONEINS_BIND_METALS","up",1.76105225,0.0299122801,0.0359296347,7,1572,11236,249,264
"Treg","Reactome","REACTOME_P38MAPK_EVENTS","up",1.80535339,0.0301337497,0.0363353752,13,1572,11236,249,264
"Treg","Reactome","REACTOME_SYNTHESIS_SECRETION_AND_DEACYLATION_OF_GHRELIN","up",1.78008052,0.0301337497,0.0363353752,8,1572,11236,249,264
"Treg","Reactome","REACTOME_BMAL1_CLOCK_NPAS2_ACTIVATES_CIRCADIAN_EXPRESSION","up",1.79254077,0.0307927392,0.0371202723,18,1572,11236,249,264
"Treg","Reactome","REACTOME_INTEGRATION_OF_ENERGY_METABOLISM","up",1.63463669,0.0312372749,0.0376541741,66,1572,11236,249,264
"Treg","Reactome","REACTOME_NOTCH3_INTRACELLULAR_DOMAIN_REGULATES_TRANSCRIPTION","up",1.78929627,0.0317320784,0.038397764,16,1572,11236,249,264
"Treg","Reactome","REACTOME_ACTIVATION_OF_THE_TFAP2_AP_2_FAMILY_OF_TRANSCRIPTION_FACTORS","down",-1.72094072,0.0317320784,0.038438442,6,1572,11236,249,264
"Treg","Reactome","REACTOME_CLASS_I_MHC_MEDIATED_ANTIGEN_PROCESSING_PRESENTATION","up",1.39159796,0.0317320784,0.0384703249,326,1572,11236,249,264
"Treg","Reactome","REACTOME_RUNX3_REGULATES_NOTCH_SIGNALING","up",1.79746911,0.0321460311,0.039011704,13,1572,11236,249,264
"Treg","Reactome","REACTOME_ION_HOMEOSTASIS","up",1.73778189,0.0321460311,0.0390691524,31,1572,11236,249,264
"Treg","Reactome","REACTOME_INTERLEUKIN_2_SIGNALING","up",1.79633513,0.032258222,0.039270772,11,1572,11236,249,264
"Treg","Reactome","REACTOME_CYTOPROTECTION_BY_HMOX1","up",1.6742067,0.0332725769,0.0404034965,50,1572,11236,249,264
"Treg","Reactome","REACTOME_BIOLOGICAL_OXIDATIONS","up",1.57333655,0.033677126,0.0409349015,93,1572,11236,249,264
"Treg","Reactome","REACTOME_MITOTIC_G1_PHASE_AND_G1_S_TRANSITION","up",1.51174799,0.033677126,0.0409349015,136,1572,11236,249,264
"Treg","Reactome","REACTOME_THE_CRY_PER_KINASE_COMPLEX_REPRESSES_TRANSACTIVATION_BY_THE_BMAL_CLOCK_ARNTL_CLOCK_COMPLEX","down",-1.78639198,0.0343545519,0.0417736784,12,1572,11236,249,264
"Treg","Reactome","REACTOME_REGULATION_OF_GENE_EXPRESSION_IN_LATE_STAGE_BRANCHING_MORPHOGENESIS_PANCREATIC_BUD_PRECURSOR_CELLS","up",1.78591782,0.0343545519,0.0417736784,12,1572,11236,249,264
"Treg","Reactome","REACTOME_PLATELET_CALCIUM_HOMEOSTASIS","up",1.77739993,0.0345081684,0.0420466099,17,1572,11236,249,264
"Treg","Reactome","REACTOME_CELLULAR_RESPONSES_TO_MECHANICAL_STIMULI","up",1.61077411,0.034611507,0.0422621587,72,1572,11236,249,264
"Treg","Reactome","REACTOME_CYCLIN_A_CDK2_ASSOCIATED_EVENTS_AT_S_PHASE_ENTRY","up",1.60976687,0.0346838014,0.0423822119,73,1572,11236,249,264
"Treg","Reactome","REACTOME_MITOCHONDRIAL_TRANSLATION_ELONGATION","up",1.58608297,0.0355658241,0.0433535869,83,1572,11236,249,264
"Treg","Reactome","REACTOME_SEMA4D_IN_SEMAPHORIN_SIGNALING","up",1.75703859,0.0357216806,0.0436312593,21,1572,11236,249,264
"Treg","Reactome","REACTOME_MAPK6_MAPK4_SIGNALING","up",1.61888478,0.0361196844,0.0441128131,65,1572,11236,249,264
"Treg","Reactome","REACTOME_NGF_STIMULATED_TRANSCRIPTION","up",1.71121491,0.0385499075,0.0464284524,31,1572,11236,249,264
"Treg","Reactome","REACTOME_SEMA3A_PAK_DEPENDENT_AXON_REPULSION","up",1.77782932,0.0387828786,0.0468674521,13,1572,11236,249,264
"Treg","Reactome","REACTOME_ACTIVATION_OF_GENE_EXPRESSION_BY_SREBF_SREBP","up",1.67219274,0.0402363276,0.0482994537,42,1572,11236,249,264
"Treg","Reactome","REACTOME_RHO_GTPASES_ACTIVATE_CIT","up",1.75912333,0.0407922549,0.0488570079,17,1572,11236,249,264
"Treg","Reactome","REACTOME_SIGNALING_BY_VEGF","up",1.5589637,0.0414008613,0.049577444,90,1572,11236,249,264
"Treg","TF_Targets","NFKB1","up",2.348397,3.08996445e-14,4.62225362e-14,280,592,11236,152,187
"Treg","TF_Targets","HIF1A","up",2.32893136,3.08996445e-14,4.88722418e-14,293,592,11236,152,187
"Treg","TF_Targets","STAT3","up",2.27936405,3.32763986e-13,6.76689699e-13,285,592,11236,152,187
"Treg","TF_Targets","CREB1","up",2.23843944,4.03834428e-12,9.01725682e-12,276,592,11236,152,187
"Treg","TF_Targets","EGR1","up",2.15830123,4.08863668e-09,6.25816283e-09,223,592,11236,152,187
"Treg","TF_Targets","FOS","up",2.1662981,1.41530494e-08,2.15762496e-08,195,592,11236,152,187
"Treg","TF_Targets","ATF3","up",2.47295677,1.41530494e-08,2.32141651e-08,72,592,11236,152,187
"Treg","TF_Targets","STAT1","up",2.08480409,3.1193748e-08,5.32178793e-08,226,592,11236,152,187
"Treg","TF_Targets","PPARG","up",2.08874629,7.90699e-08,1.32416941e-07,213,592,11236,152,187
"Treg","TF_Targets","REL","up",2.36956187,9.47195809e-08,1.66458523e-07,83,592,11236,152,187
"Treg","TF_Targets","CEBPB","up",2.00881635,1.3128314e-07,2.44722354e-07,258,592,11236,152,187
"Treg","TF_Targets","SP3","up",2.01193987,1.7474973e-07,3.20971223e-07,246,592,11236,152,187
"Treg","TF_Targets","SPI1","up",1.98055603,3.94687158e-07,6.85800863e-07,231,592,11236,152,187
"Treg","TF_Targets","ETS1","up",2.13797583,1.42965485e-06,2.40431948e-06,144,592,11236,152,187
"Treg","TF_Targets","IRF1","up",2.15810433,1.86734291e-06,3.08125909e-06,123,592,11236,152,187
"Treg","TF_Targets","CEBPA","up",2.03203007,1.5972418e-05,2.15574881e-05,132,592,11236,152,187
"Treg","TF_Targets","NR3C1","up",1.95389225,1.87422597e-05,2.56241161e-05,164,592,11236,152,187
"Treg","TF_Targets","NFKB2","up",2.17886111,2.75537359e-05,3.69149972e-05,57,592,11236,152,187
"Treg","TF_Targets","CEBPG","up",2.08334414,2.8211419e-05,3.95186473e-05,96,592,11236,152,187
"Treg","TF_Targets","HSF1","up",2.20889946,3.33069796e-05,4.78907174e-05,67,592,11236,152,187
"Treg","TF_Targets","ESR2","up",2.01203619,4.07098622e-05,5.90032938e-05,119,592,11236,152,187
"Treg","TF_Targets","TBX21","up",2.18739371,8.95059239e-05,0.000122619913,43,592,11236,152,187
"Treg","TF_Targets","STAT5A","up",1.92688713,8.95059239e-05,0.00012521287,138,592,11236,152,187
"Treg","TF_Targets","CEBPD","up",2.18090056,0.000100435366,0.000148205276,47,592,11236,152,187
"Treg","TF_Targets","KLF5","up",2.13693275,0.000100435366,0.000148315428,54,592,11236,152,187
"Treg","TF_Targets","RFXAP","up",2.23395447,0.000100435366,0.000152498887,16,592,11236,152,187
"Treg","TF_Targets","STAT5B","up",2.08399771,0.000100684388,0.000158548165,70,592,11236,152,187
"Treg","TF_Targets","NR1H3","up",2.06095666,0.000100684388,0.000165111225,76,592,11236,152,187
"Treg","TF_Targets","SREBF1","up",2.04334521,0.000100684388,0.000166921421,84,592,11236,152,187
"Treg","TF_Targets","JUNB","up",2.09618919,0.000179297088,0.000284997166,60,592,11236,152,187
"Treg","TF_Targets","PPARA","up",1.88052303,0.000179297088,0.000285117077,156,592,11236,152,187
"Treg","TF_Targets","ATF2","up",2.01371172,0.000191250321,0.000309934277,83,592,11236,152,187
"Treg","TF_Targets","PPARD","up",2.068814,0.000191250321,0.000314399003,61,592,11236,152,187
"Treg","TF_Targets","YY1","up",1.8687786,0.000197788889,0.000336225763,163,592,11236,152,187
"Treg","TF_Targets","CIITA","up",2.19530092,0.000197788889,0.000337761665,27,592,11236,152,187
"Treg","TF_Targets","STAT6","up",2.04301,0.000218894261,0.000375788796,80,592,11236,152,187
"Treg","TF_Targets","TCF3","up",2.03196679,0.00022241126,0.000388296104,73,592,11236,152,187
"Treg","TF_Targets","DDIT3","up",2.02434807,0.000232846416,0.00041261857,68,592,11236,152,187
"Treg","TF_Targets","SSRP1","up",1.97264152,0.000341269902,0.000575424168,87,592,11236,152,187
"Treg","TF_Targets","IRF5","up",2.15782521,0.000379455218,0.00064179152,20,592,11236,152,187
"Treg","TF_Targets","ID3","up",2.18294167,0.000379455218,0.000651832796,19,592,11236,152,187
"Treg","TF_Targets","NFKBIB","up",2.12067202,0.00040840406,0.00072382244,12,592,11236,152,187
"Treg","TF_Targets","FOXP3","up",2.13314184,0.00040840406,0.000731891721,38,592,11236,152,187
"Treg","TF_Targets","KLF4","up",1.95215241,0.00040840406,0.000731891721,74,592,11236,152,187
"Treg","TF_Targets","NEUROD1","up",2.14936038,0.000504937505,0.00088373152,22,592,11236,152,187
"Treg","TF_Targets","NFATC1","up",1.98564756,0.000517501339,0.000914602501,81,592,11236,152,187
"Treg","TF_Targets","NFE2L2","up",1.81151603,0.000558006286,0.000986369459,138,592,11236,152,187
"Treg","TF_Targets","RUNX1","up",1.84261778,0.000612251921,0.00108939131,133,592,11236,152,187
"Treg","TF_Targets","RFXANK","up",2.15829367,0.000659550272,0.00117506937,18,592,11236,152,187
"Treg","TF_Targets","SNAI1","up",2.00142924,0.000662713621,0.00119111036,60,592,11236,152,187
"Treg","TF_Targets","DNMT1","up",1.84101072,0.000801948703,0.00142157915,114,592,11236,152,187
"Treg","TF_Targets","PGR","up",1.92056157,0.000824226885,0.00146835268,77,592,11236,152,187
"Treg","TF_Targets","RXRA","up",1.96990612,0.000854576511,0.00154890172,53,592,11236,152,187
"Treg","TF_Targets","ETV4","up",2.05878353,0.000938097966,0.00170170208,38,592,11236,152,187
"Treg","TF_Targets","IRF3","up",1.9299602,0.00100801331,0.00184281981,59,592,11236,152,187
"Treg","TF_Targets","SIRT1","up",2.01417795,0.00115183018,0.00211481302,40,592,11236,152,187
"Treg","TF_Targets","ZEB1","up",2.05236022,0.00115183018,0.00215915118,36,592,11236,152,187
"Treg","TF_Targets","ATF1","up",1.94959252,0.00115183018,0.00216375884,58,592,11236,152,187
"Treg","TF_Targets","RFX5","up",2.08479765,0.00115358258,0.00219691573,22,592,11236,152,187
"Treg","TF_Targets","BCL11B","up",2.07158901,0.00119481801,0.00230226629,16,592,11236,152,187
"Treg","TF_Targets","MYB","up",1.8035806,0.00124498893,0.00241440997,125,592,11236,152,187
"Treg","TF_Targets","TFAP2A","up",1.70733971,0.00147719986,0.00282189116,180,592,11236,152,187
"Treg","TF_Targets","POU2F1","up",1.94247531,0.00165891739,0.00317518988,56,592,11236,152,187
"Treg","TF_Targets","CTNNB1","up",1.69675081,0.00165891739,0.00320874434,172,592,11236,152,187
"Treg","TF_Targets","NFATC2","up",1.93129996,0.0017011664,0.00332072643,66,592,11236,152,187
"Treg","TF_Targets","IRF2","up",1.9428793,0.00200754051,0.00391544878,43,592,11236,152,187
"Treg","TF_Targets","VDR","up",1.90110782,0.00200754051,0.00391544878,72,592,11236,152,187
"Treg","TF_Targets","SREBF2","up",1.93092886,0.0023501887,0.00452717068,46,592,11236,152,187
"Treg","TF_Targets","TRERF1","up",2.00363617,0.00246647346,0.00473621257,13,592,11236,152,187
"Treg","TF_Targets","HNF4A","up",1.7314514,0.00267715823,0.00507392551,122,592,11236,152,187
"Treg","TF_Targets","MSC","up",2.00425812,0.00281880601,0.00534249298,20,592,11236,152,187
"Treg","TF_Targets","NR3C2","up",1.98374975,0.00287770962,0.00545423975,30,592,11236,152,187
"Treg","TF_Targets","MYCN","up",1.82208831,0.00293974596,0.00559758408,90,592,11236,152,187
"Treg","TF_Targets","IRF4","up",1.9112305,0.00300862147,0.00575356986,47,592,11236,152,187
"Treg","TF_Targets","NFIC","up",1.94616557,0.00300862147,0.00579527968,40,592,11236,152,187
"Treg","TF_Targets","TP63","up",1.6711579,0.00357837055,0.00673845228,141,592,11236,152,187
"Treg","TF_Targets","HMGA1","up",1.90293283,0.00360114763,0.00682139637,44,592,11236,152,187
"Treg","TF_Targets","FOSL1","up",1.95111711,0.00365296804,0.00691908889,25,592,11236,152,187
"Treg","TF_Targets","HMGB2","up",1.92075741,0.00365296804,0.00701746707,8,592,11236,152,187
"Treg","TF_Targets","JUND","up",1.82498971,0.00365296804,0.00705908272,62,592,11236,152,187
"Treg","TF_Targets","ARNT","up",1.87452213,0.00394032275,0.0076288639,47,592,11236,152,187
"Treg","TF_Targets","NR2C2","up",1.89304602,0.00471735074,0.00895332881,40,592,11236,152,187
"Treg","TF_Targets","WT1","up",1.73302701,0.00494853053,0.00951481322,93,592,11236,152,187
"Treg","TF_Targets","STAT4","up",1.92149432,0.00494853053,0.00951680199,26,592,11236,152,187
"Treg","TF_Targets","GATA3","up",1.69869155,0.00547558089,0.0103196599,115,592,11236,152,187
"Treg","TF_Targets","SATB1","up",1.90001893,0.00629973545,0.0116705084,34,592,11236,152,187
"Treg","TF_Targets","SRF","up",1.79184604,0.00635629874,0.0118596072,61,592,11236,152,187
"Treg","TF_Targets","NFAT5","up",1.89130751,0.00652595323,0.0122353331,34,592,11236,152,187
"Treg","TF_Targets","CREB3","up",1.91976757,0.00658071688,0.012434139,10,592,11236,152,187
"Treg","TF_Targets","RUNX2","up",1.78530478,0.00673619449,0.0127993366,59,592,11236,152,187
"Treg","TF_Targets","NCOA1","up",1.80910606,0.00709394765,0.013367328,50,592,11236,152,187
"Treg","TF_Targets","HDAC1","up",1.79083355,0.00709394765,0.0134787717,54,592,11236,152,187
"Treg","TF_Targets","SPDEF","up",1.92018557,0.00787485695,0.0147090233,11,592,11236,152,187
"Treg","TF_Targets","FOXG1","up",1.86483858,0.00801773904,0.0150572683,8,592,11236,152,187
"Treg","TF_Targets","EGR4","up",1.9083355,0.00804674825,0.0152756596,10,592,11236,152,187
"Treg","TF_Targets","MYOD1","up",1.70812263,0.00804674825,0.0153078086,85,592,11236,152,187
"Treg","TF_Targets","RBPJ","up",1.70239573,0.00804674825,0.0154155415,87,592,11236,152,187
"Treg","TF_Targets","CTCFL","down",-1.79335119,0.00816301243,0.0157511864,6,592,11236,152,187
"Treg","TF_Targets","NFATC3","up",1.88464115,0.00816301243,0.015796339,22,592,11236,152,187
"Treg","TF_Targets","NRF1","up",1.74462512,0.00827718849,0.0161039406,66,592,11236,152,187
"Treg","TF_Targets","EGR3","up",1.87714115,0.00827718849,0.0162144262,24,592,11236,152,187
"Treg","TF_Targets","POU2F2","up",1.87407988,0.00827718849,0.016317798,25,592,11236,152,187
"Treg","TF_Targets","DNMT3A","up",1.8303691,0.00871019269,0.0171132278,38,592,11236,152,187
"Treg","TF_Targets","AHR","up",1.63616952,0.00905327192,0.0178999571,115,592,11236,152,187
"Treg","TF_Targets","IRF9","up",1.88535456,0.00905327192,0.0179350676,17,592,11236,152,187
"Treg","TF_Targets","GATA1","up",1.7014414,0.00905327192,0.0180335023,81,592,11236,152,187
"Treg","TF_Targets","JDP2","up",1.83922166,0.00958009775,0.019018143,30,592,11236,152,187
"Treg","TF_Targets","PBRM1","up",1.82036876,0.0097849057,0.0195260578,7,592,11236,152,187
"Treg","TF_Targets","MITF","up",1.71970554,0.0097849057,0.0195772924,68,592,11236,152,187
"Treg","TF_Targets","EOMES","up",1.86735589,0.00987414084,0.0198602483,14,592,11236,152,187
"Treg","TF_Targets","KLF6","up",1.80472143,0.0101102159,0.0203435505,39,592,11236,152,187
"Treg","TF_Targets","SMAD6","up",1.86932135,0.0110875596,0.0220066806,12,592,11236,152,187
"Treg","TF_Targets","ELK1","up",1.78599182,0.0111020585,0.0220881661,42,592,11236,152,187
"Treg","TF_Targets","SOX2","up",1.81638743,0.0111919787,0.0223600769,30,592,11236,152,187
"Treg","TF_Targets","FOXO3","up",1.57128063,0.0115088169,0.0228779024,139,592,11236,152,187
"Treg","TF_Targets","HOXA10","up",1.81005092,0.0115649828,0.023126275,29,592,11236,152,187
"Treg","TF_Targets","OLIG2","up",1.85594778,0.0115948841,0.0233672198,10,592,11236,152,187
"Treg","TF_Targets","LRRFIP1","up",1.82942185,0.0115948841,0.0233735343,8,592,11236,152,187
"Treg","TF_Targets","NKX3-1","up",1.76850015,0.0117672101,0.0238189958,46,592,11236,152,187
"Treg","TF_Targets","BCL3","up",1.841104,0.0117672101,0.0238651968,20,592,11236,152,187
"Treg","TF_Targets","BMAL1","up",1.79209485,0.0119137221,0.0243714039,37,592,11236,152,187
"Treg","TF_Targets","MAFK","up",1.84740531,0.0119137221,0.0244128722,18,592,11236,152,187
"Treg","TF_Targets","BCL6","up",1.68217245,0.0125277446,0.0254313951,70,592,11236,152,187
"Treg","TF_Targets","FOXO1","up",1.54060895,0.012555509,0.0256059106,157,592,11236,152,187
"Treg","TF_Targets","FOSL2","up",1.83344244,0.0127530855,0.0260829866,22,592,11236,152,187
"Treg","TF_Targets","YBX1","up",1.69199084,0.012790073,0.0262547367,64,592,11236,152,187
"Treg","TF_Targets","BHLHE40","up",1.81000489,0.0138673699,0.0280150651,26,592,11236,152,187
"Treg","TF_Targets","EZH2","up",1.62339616,0.0145363237,0.0292581801,92,592,11236,152,187
"Treg","TF_Targets","NCOR1","up",1.7033236,0.0148513453,0.0298782358,54,592,11236,152,187
"Treg","TF_Targets","HES1","up",1.69099815,0.0156169982,0.0312542467,55,592,11236,152,187
"Treg","TF_Targets","SMAD5","up",1.80777109,0.0156169982,0.0313644903,20,592,11236,152,187
"Treg","TF_Targets","PARK7","up",1.72103214,0.0164439704,0.0324901254,5,592,11236,152,187
"Treg","TF_Targets","GLI1","up",1.59867697,0.0166615303,0.0328806814,96,592,11236,152,187
"Treg","TF_Targets","EGR2","up",1.68690788,0.017394943,0.0342955591,54,592,11236,152,187
"Treg","TF_Targets","TBP","up",1.57731666,0.017394943,0.0344003936,108,592,11236,152,187
"Treg","TF_Targets","SOX9","up",1.72411414,0.017394943,0.034569964,44,592,11236,152,187
"Treg","TF_Targets","BRCA1","up",1.71088895,0.017394943,0.0347093393,47,592,11236,152,187
"Treg","TF_Targets","USF2","up",1.63873401,0.017910617,0.0355659868,70,592,11236,152,187
"Treg","TF_Targets","RORC","up",1.79366201,0.0188026018,0.0370460746,14,592,11236,152,187
"Treg","TF_Targets","HDAC7","up",1.78596766,0.0191311954,0.0377391898,9,592,11236,152,187
"Treg","TF_Targets","SNAI2","up",1.73537205,0.0208045838,0.0404034965,30,592,11236,152,187
"Treg","TF_Targets","CREM","up",1.65006105,0.021271727,0.0413858869,58,592,11236,152,187
"Treg","TF_Targets","HR","up",1.66036169,0.021271727,0.0413902239,54,592,11236,152,187
"Treg","TF_Targets","SMAD3","up",1.57143629,0.021271727,0.0416456695,97,592,11236,152,187
"Treg","TF_Targets","USF1","up",1.5262464,0.0213869071,0.0420466099,127,592,11236,152,187
"Treg","TF_Targets","CREBBP","up",1.75251369,0.0213869071,0.0422621587,26,592,11236,152,187
"Treg","TF_Targets","ETS2","up",1.61664315,0.0213869071,0.0423791934,70,592,11236,152,187
"Treg","TF_Targets","DMTF1","up",1.78009383,0.0214172498,0.0426069792,11,592,11236,152,187
"Treg","TF_Targets","SPIB","up",1.76725275,0.0242382067,0.0470777178,12,592,11236,152,187
"Treg","TF_Targets","POU4F1","up",1.75432839,0.0250517912,0.0482994537,17,592,11236,152,187
"Treg","TF_Targets","ZBTB7A","up",1.71609525,0.0250640009,0.0485678853,29,592,11236,152,187
"Treg","TF_Targets","HMGA2","up",1.73484465,0.0252933226,0.0492369669,24,592,11236,152,187
"Treg","WikiPathways","WP_CYTOPLASMIC_RIBOSOMAL_PROTEINS","down",-3.45931337,3.44257775e-33,4.63798605e-32,86,834,11236,106,106
"Treg","WikiPathways","WP_CYTOKINECYTOKINE_RECEPTOR_INTERACTION","up",2.34083785,2.64464968e-09,1.51616327e-09,140,834,11236,106,106
"Treg","WikiPathways","WP_ALLOGRAFT_REJECTION","up",2.54953493,1.04541444e-08,6.60199904e-09,65,834,11236,106,106
"Treg","WikiPathways","WP_PROTEASOME_DEGRADATION","up",2.52431787,2.310015e-08,1.65981318e-08,57,834,11236,106,106
"Treg","WikiPathways","WP_MIRTARGETED_GENES_IN_LYMPHOCYTES","up",1.89277924,4.54966192e-07,2.66499851e-07,355,834,11236,106,106
"Treg","WikiPathways","WP_MIRTARGETED_GENES_IN_MUSCLE_CELL","up",1.95241437,5.18619764e-07,3.3271735e-07,281,834,11236,106,106
"Treg","WikiPathways","WP_T_CELL_MODULATION_AND_DESMOPLASIA_IN_PANCREATIC_CANCER","up",2.43298552,6.80141552e-07,4.82271266e-07,43,834,11236,106,106
"Treg","WikiPathways","WP_INTEGRATIVE_ANALYSIS_OF_TREGGLIAL_INTERACTIONS","up",2.2852539,1.58577966e-06,1.13942895e-06,82,834,11236,106,106
"Treg","WikiPathways","WP_OVERVIEW_OF_PROINFLAMMATORY_AND_PROFIBROTIC_MEDIATORS","up",2.34678248,3.57331688e-06,2.67451295e-06,50,834,11236,106,106
"Treg","WikiPathways","WP_NETWORK_MAP_OF_SARSCOV2_SIGNALING","up",2.01939136,3.91675976e-06,3.08125909e-06,190,834,11236,106,106
"Treg","WikiPathways","WP_MIRTARGETED_GENES_IN_LEUKOCYTES","up",2.08291294,7.48605737e-06,5.90110941e-06,120,834,11236,106,106
"Treg","WikiPathways","WP_CELL_INTERACTIONS_IN_PANCREATIC_CANCER_MICROENVIRONMENT","up",2.37177328,7.53622174e-06,6.41249432e-06,24,834,11236,106,106
"Treg","WikiPathways","WP_MIRTARGETED_GENES_IN_SQUAMOUS_CELL","up",2.11567888,8.09791607e-06,7.38688053e-06,106,834,11236,106,106
"Treg","WikiPathways","WP_CYTOKINES_AND_INFLAMMATORY_RESPONSE","up",2.28904364,2.46639918e-05,2.08608606e-05,16,834,11236,106,106
"Treg","WikiPathways","WP_VEGFAVEGFR2_SIGNALING","up",1.75961687,2.5726239e-05,2.27027129e-05,346,834,11236,106,106
"Treg","WikiPathways","WP_NUCLEAR_RECEPTORS_METAPATHWAY","up",1.93433531,2.74360089e-05,2.52738114e-05,184,834,11236,106,106
"Treg","WikiPathways","WP_VITAMIN_D_RECEPTOR_PATHWAY","up",2.04146612,7.48548247e-05,6.19583087e-05,94,834,11236,106,106
"Treg","WikiPathways","WP_PARKINUBIQUITIN_PROTEASOMAL_SYSTEM_PATHWAY","up",2.15239455,7.48548247e-05,6.45998728e-05,56,834,11236,106,106
"Treg","WikiPathways","WP_COMPLEMENT_AND_COAGULATION_CASCADES","up",2.27422414,8.21529764e-05,7.65535136e-05,22,834,11236,106,106
"Treg","WikiPathways","WP_DENGUE2_INTERACTIONS_WITH_COMPLEMENT_AND_COAGULATION_CASCADES","up",2.27422414,8.21529764e-05,7.65535136e-05,22,834,11236,106,106
"Treg","WikiPathways","WP_ALZHEIMERS_DISEASE_AND_MIRNA_EFFECTS","up",1.79900553,0.000138525056,0.00012521287,188,834,11236,106,106
"Treg","WikiPathways","WP_INFLAMMATORY_BOWEL_DISEASE_SIGNALING","up",2.15260753,0.000173556975,0.000156355994,38,834,11236,106,106
"Treg","WikiPathways","WP_CORI_CYCLE","up",2.16134311,0.000192984235,0.000177973799,12,834,11236,106,106
"Treg","WikiPathways","WP_ALZHEIMERS_DISEASE","up",1.7998913,0.000197768856,0.000188077094,187,834,11236,106,106
"Treg","WikiPathways","WP_CHOLESTEROL_METABOLISM_WITH_BLOCH_AND_KANDUTSCHRUSSELL_PATHWAYS","up",2.16753113,0.000214482671,0.000207586283,40,834,11236,106,106
"Treg","WikiPathways","WP_CHOLESTEROL_SYNTHESIS_DISORDERS","up",2.13132947,0.00030371459,0.000286754851,17,834,11236,106,106
"Treg","WikiPathways","WP_ADIPOGENESIS","up",1.99716416,0.000330109762,0.000322275657,85,834,11236,106,106
"Treg","WikiPathways","WP_MEASLES_VIRUS_INFECTION","up",1.96076194,0.000330109762,0.000324287982,108,834,11236,106,106
"Treg","WikiPathways","WP_LUNG_FIBROSIS","up",2.10050558,0.00047105208,0.000446699419,34,834,11236,106,106
"Treg","WikiPathways","WP_EBOLA_VIRUS_INFECTION_IN_HOST","up",1.89299618,0.00112714062,0.000929231908,108,834,11236,106,106
"Treg","WikiPathways","WP_SELENIUM_MICRONUTRIENT_NETWORK","up",2.03834179,0.00112714062,0.00094717251,42,834,11236,106,106
"Treg","WikiPathways","WP_AEROBIC_GLYCOLYSIS_AUGMENTED","up",2.06348261,0.00113098409,0.000973227627,11,834,11236,106,106
"Treg","WikiPathways","WP_CILIARY_LANDSCAPE","up",1.70237776,0.00135160398,0.00115337719,185,834,11236,106,106
"Treg","WikiPathways","WP_GLYCEROL_METABOLISM_INCLUDING_LINKED_IMDS","up",2.07918301,0.00161206894,0.00136493177,21,834,11236,106,106
"Treg","WikiPathways","WP_PTF1A_RELATED_REGULATORY_PATHWAY","up",1.86747647,0.00208456947,0.00173665546,5,834,11236,106,106
"Treg","WikiPathways","WP_2Q13_COPY_NUMBER_VARIATION_SYNDROME","up",1.97896903,0.00213483223,0.00181786429,43,834,11236,106,106
"Treg","WikiPathways","WP_GLYCOLYSIS_AND_GLUCONEOGENESIS","up",2.0376324,0.00253698988,0.00216177392,33,834,11236,106,106
"Treg","WikiPathways","WP_IMMUNE_INFILTRATION_IN_PANCREATIC_CANCER","up",2.04608948,0.00271123341,0.00233868828,22,834,11236,106,106
"Treg","WikiPathways","WP_NRF2_PATHWAY","up",1.88129982,0.00272438987,0.00240178033,75,834,11236,106,106
"Treg","WikiPathways","WP_FOCAL_ADHESION_PI3KAKTMTORSIGNALING","up",1.6815696,0.00437363849,0.00368271898,178,834,11236,106,106
"Treg","WikiPathways","WP_INTERACTIONS_BETWEEN_IMMUNE_CELLS_AND_MICRORNAS_IN_TUMOR_MICROENVIRONMENT","up",2.0224667,0.00439372505,0.00377443056,27,834,11236,106,106
"Treg","WikiPathways","WP_FOXP3_IN_COVID19","up",2.00667303,0.00522138495,0.00451631743,13,834,11236,106,106
"Treg","WikiPathways","WP_PI3KAKT_SIGNALING","up",1.62700335,0.00522138495,0.00453159103,191,834,11236,106,106
"Treg","WikiPathways","WP_ULCERATIVE_COLITIS_SIGNALING","up",2.03574468,0.00522138495,0.00458543241,18,834,11236,106,106
"Treg","WikiPathways","WP_MYOMETRIAL_RELAXATION_AND_CONTRACTION_PATHWAYS","up",1.76350558,0.00526951783,0.00472575132,105,834,11236,106,106
"Treg","WikiPathways","WP_IL26_SIGNALING","up",1.97930515,0.00526951783,0.00476867568,36,834,11236,106,106
"Treg","WikiPathways","WP_OREXIN_RECEPTOR_PATHWAY","up",1.71627001,0.00561587301,0.00507392551,122,834,11236,106,106
"Treg","WikiPathways","WP_IL18_SIGNALING","up",1.61710164,0.00581261052,0.0053016604,197,834,11236,106,106
"Treg","WikiPathways","WP_SARSCOV2_INNATE_IMMUNITY_EVASION_AND_CELLSPECIFIC_IMMUNE_RESPONSE","up",1.9022487,0.00606129099,0.00552673101,49,834,11236,106,106
"Treg","WikiPathways","WP_SELECTIVE_EXPRESSION_OF_CHEMOKINE_RECEPTORS_DURING_TCELL_POLARIZATION","up",1.98470495,0.0061237588,0.00569803156,26,834,11236,106,106
"Treg","WikiPathways","WP_CALCIUM_REGULATION_IN_CARDIAC_CELLS","up",1.76685444,0.0061237588,0.00573677637,90,834,11236,106,106
"Treg","WikiPathways","WP_CHOLESTEROL_BIOSYNTHESIS_PATHWAY","up",1.97118287,0.00642113306,0.00603006322,15,834,11236,106,106
"Treg","WikiPathways","WP_UTERINE_NATURAL_KILLER_CELLS_AND_PROGESTERONE_ESTROGEN_AND_CHORIONIC_GONADOTROPIN","up",1.94267486,0.00656957631,0.00624624441,37,834,11236,106,106
"Treg","WikiPathways","WP_INFLAMMATORY_RESPONSE_PATHWAY","up",1.98342192,0.0066613326,0.00641030602,20,834,11236,106,106
"Treg","WikiPathways","WP_DEGRADATION_PATHWAY_OF_SPHINGOLIPIDS_INCLUDING_DISEASES","up",1.94831181,0.00723911832,0.00687700661,14,834,11236,106,106
"Treg","WikiPathways","WP_PRIMARY_FOCAL_SEGMENTAL_GLOMERULOSCLEROSIS_FSGS","up",1.910783,0.00750607506,0.0071956806,41,834,11236,106,106
"Treg","WikiPathways","WP_CAFFEINE_IN_BLOOD_VESSELS","up",1.96308584,0.0082925088,0.00796006272,17,834,11236,106,106
"Treg","WikiPathways","WP_ENTEROCYTE_CHOLESTEROL_METABOLISM","up",1.94427448,0.00954115146,0.00904788875,29,834,11236,106,106
"Treg","WikiPathways","WP_EXERCISE_AND_HYPERTROPHY_IN_SKELETAL_MUSCLE","up",1.94580696,0.00982891242,0.00951680199,16,834,11236,106,106
"Treg","WikiPathways","WP_P53_TRANSCRIPTIONAL_GENE_NETWORK","up",1.76026088,0.00982891242,0.00957247638,76,834,11236,106,106
"Treg","WikiPathways","WP_CYTOSOLIC_DNASENSING_PATHWAY","up",1.82800627,0.0100625813,0.00996099291,53,834,11236,106,106
"Treg","WikiPathways","WP_HDAC6_INTERACTIONS_IN_THE_CENTRAL_NERVOUS_SYSTEM","up",1.71086454,0.0100625813,0.00998239335,94,834,11236,106,106
"Treg","WikiPathways","WP_INTERACTIONS_OF_NATURAL_KILLER_CELLS_IN_PANCREATIC_CANCER","up",1.92527554,0.0103439936,0.010280556,25,834,11236,106,106
"Treg","WikiPathways","WP_CHOLESTEROL_BIOSYNTHESIS_PATHWAY_IN_HEPATOCYTES","up",1.76342515,0.0103951704,0.0104221859,70,834,11236,106,106
"Treg","WikiPathways","WP_HIPPOMERLIN_SIGNALING_DYSREGULATION","up",1.76424733,0.0118824178,0.011770952,62,834,11236,106,106
"Treg","WikiPathways","WP_AFFECTED_PATHWAYS_IN_DUCHENNE_MUSCULAR_DYSTROPHY","up",1.84404615,0.0122027491,0.0122353331,42,834,11236,106,106
"Treg","WikiPathways","WP_PSORIASIS_MECHANISM_AND_THERAPIES","up",1.91947629,0.0122027491,0.0123484746,12,834,11236,106,106
"Treg","WikiPathways","WP_MIRNA_ROLE_IN_IMMUNE_RESPONSE_IN_SEPSIS","up",1.89103709,0.0140005708,0.0139971359,31,834,11236,106,106
"Treg","WikiPathways","WP_INTRAFLAGELLAR_TRANSPORT_PROTEINS_BINDING_TO_DYNEIN","up",1.90898292,0.0140005708,0.0140486161,21,834,11236,106,106
"Treg","WikiPathways","WP_CHOLESTEROL_METABOLISM","up",1.81539099,0.0140005708,0.014174055,48,834,11236,106,106
"Treg","WikiPathways","WP_METABOLIC_REPROGRAMMING_IN_COLON_CANCER","up",1.83463549,0.0140005708,0.0142744106,40,834,11236,106,106
"Treg","WikiPathways","WP_SUDDEN_INFANT_DEATH_SYNDROME_SIDS_SUSCEPTIBILITY_PATHWAYS","up",1.70193479,0.0140757285,0.014463622,86,834,11236,106,106
"Treg","WikiPathways","WP_PHOTODYNAMIC_THERAPYINDUCED_HIF1_SURVIVAL_SIGNALING","up",1.88025131,0.0149896641,0.0153724056,28,834,11236,106,106
"Treg","WikiPathways","WP_NEPHROTIC_SYNDROME","up",1.88141463,0.0151641274,0.0156783741,29,834,11236,106,106
"Treg","WikiPathways","WP_METABOLIC_PATHWAYS_OF_FIBROBLASTS","up",1.88409254,0.0158876188,0.0163742867,25,834,11236,106,106
"Treg","WikiPathways","WP_RENIN_ANGIOTENSIN_SYSTEM_AND_BRADYKININ_PATHWAYS_IN_COVID19","up",1.88521338,0.0158876188,0.0165319082,11,834,11236,106,106
"Treg","WikiPathways","WP_METABOLIC_EPILEPTIC_DISORDERS","up",1.70972615,0.0159996064,0.0168122613,69,834,11236,106,106
"Treg","WikiPathways","WP_17P133_YWHAE_COPY_NUMBER_VARIATION","up",1.88299833,0.0162165315,0.0171951206,18,834,11236,106,106
"Treg","WikiPathways","WP_APOPTOSIS_MODULATION_AND_SIGNALING","up",1.7011475,0.0162165315,0.0172792,77,834,11236,106,106
"Treg","WikiPathways","WP_ZINC_HOMEOSTASIS","up",1.8681924,0.017843389,0.0188415202,25,834,11236,106,106
"Treg","WikiPathways","WP_EXTRAFOLLICULAR_AND_FOLLICULAR_B_CELL_ACTIVATION_BY_SARSCOV2","up",1.75437455,0.0181887654,0.0193081562,54,834,11236,106,106
"Treg","WikiPathways","WP_TAR_SYNDROME","up",1.76750807,0.0182910543,0.0195613107,49,834,11236,106,106
"Treg","WikiPathways","WP_ACUTE_VIRAL_MYOCARDITIS","up",1.69007015,0.0185583013,0.0199539396,72,834,11236,106,106
"Treg","WikiPathways","WP_OMEGA9_FATTY_ACID_SYNTHESIS","up",1.86403839,0.0189743561,0.0204309847,11,834,11236,106,106
"Treg","WikiPathways","WP_COVID19_ADVERSE_OUTCOME_PATHWAY","up",1.82289305,0.0191752129,0.0207548277,7,834,11236,106,106
"Treg","WikiPathways","WP_PATHOGENESIS_OF_SARSCOV2_MEDIATED_BY_NSP9NSP10_COMPLEX","up",1.86261409,0.021113133,0.0226002238,15,834,11236,106,106
"Treg","WikiPathways","WP_MELANOMA","up",1.72644157,0.021113133,0.0226410964,57,834,11236,106,106
"Treg","WikiPathways","WP_METABOLIC_REPROGRAMMING_IN_PANCREATIC_CANCER","up",1.77882234,0.0214224382,0.0231654049,39,834,11236,106,106
"Treg","WikiPathways","WP_PANCREATIC_ADENOCARCINOMA_PATHWAY","up",1.65729702,0.0214224382,0.0232246649,80,834,11236,106,106
"Treg","WikiPathways","WP_HOSTPATHOGEN_INTERACTION_OF_HUMAN_CORONAVIRUSES_APOPTOSIS","up",1.83903264,0.0230898452,0.0246451167,21,834,11236,106,106
"Treg","WikiPathways","WP_UDPDERIVED_SUGARS_SYNTHESIS_IN_FIBROBLASTS","up",1.83802342,0.0260299239,0.0271133704,10,834,11236,106,106
"Treg","WikiPathways","WP_CCL18_SIGNALING","up",1.80775873,0.028564567,0.0293085423,26,834,11236,106,106
"Treg","WikiPathways","WP_PI3KAKTMTOR_VITAMIN_D3_SIGNALING","up",1.82124409,0.0289249449,0.029828052,20,834,11236,106,106
"Treg","WikiPathways","WP_APOPTOSIS","up",1.62624412,0.0293139001,0.0303047739,79,834,11236,106,106
"Treg","WikiPathways","WP_OXIDATIVE_DAMAGE_RESPONSE","up",1.76353573,0.0302451932,0.0313189488,35,834,11236,106,106
"Treg","WikiPathways","WP_TH17_CELL_DIFFERENTIATION_PATHWAY","up",1.65860469,0.0311189499,0.0320351612,62,834,11236,106,106
"Treg","WikiPathways","WP_IL23_INHIBITORS_IN_INFLAMMATORY_BOWEL_DISEASE","up",1.8169193,0.031697652,0.0327980614,14,834,11236,106,106
"Treg","WikiPathways","WP_TNFRELATED_WEAK_INDUCER_OF_APOPTOSIS_TWEAK_SIGNALING","up",1.73213824,0.031697652,0.0327980614,39,834,11236,106,106
"Treg","WikiPathways","WP_NANOMATERIAL_INDUCED_APOPTOSIS","up",1.79689018,0.0342507986,0.0351976887,20,834,11236,106,106
"Treg","WikiPathways","WP_EXTRACELLULAR_VESICLES_IN_THE_CROSSTALK_OF_CARDIAC_CELLS","up",1.80961886,0.0342507986,0.03547051,12,834,11236,106,106
"Treg","WikiPathways","WP_MAPK_SIGNALING","up",1.48971755,0.0342507986,0.03547051,173,834,11236,106,106
"Treg","WikiPathways","WP_BLOODBASED_NEUROINFLAMMATION_MARKERS","up",1.80798968,0.0342507986,0.0356568211,11,834,11236,106,106
"Treg","WikiPathways","WP_22Q112_DISTAL_CNV","down",-1.52239114,0.0378349761,0.0386898032,113,834,11236,106,106
"Treg","WikiPathways","WP_TYPE_II_INTERFERON_SIGNALING","up",1.74664497,0.0379194593,0.039011704,31,834,11236,106,106
"Treg","WikiPathways","WP_NUCLEOTIDE_METABOLISM","up",1.76467209,0.049945196,0.0482994537,18,834,11236,106,106
"Treg","WikiPathways","WP_8P231_COPY_NUMBER_VARIATION_SYNDROME","up",1.70215648,0.049945196,0.0482994537,35,834,11236,106,106
"Treg","mouse_projection","KO_heat_up","up",2.56445948,8.58693771e-15,1.10899807e-12,132,3,11236,2,2
"Treg","mouse_projection","WT_heat_up","up",2.59163282,1.52104074e-14,3.67535781e-12,119,3,11236,2,2
"Treg","mouse_projection","Interaction_up","up",1.47131897,0.0683580264,0.235171704,6,3,11236,2,2
"Treg","sting_axes","ifn_only_up","up",2.31582852,4.81766202e-08,1.72392517e-06,60,2,11236,1,1
